Num_Acc,hrmn,lum,dep,com,agg,int,atm,col,adr,lat,long,heure,date
202400000428,07:15,Plein jour,91,91534,1,1,1,6.0,RN 118,48.72179,2.1686,07:15:00,2024-09-19
202400000429,14:00,Plein jour,95,95060,1,1,1,6.0,A115,49.04248195,2.18872193,14:00:00,2024-06-08
202400000430,09:10,Plein jour,78,78322,1,1,1,2.0,A86 EXT,48.78049,2.17614,09:10:00,2024-09-19
202400000431,00:20,Nuit sans éclairage,93,93066,1,1,1,4.0,A1,48.91936344,2.35754643,00:20:00,2024-06-08
202400000432,12:10,Plein jour,92,92063,1,1,1,7.0,A86,48.88731444,2.16647223,12:10:00,2024-09-18
202400000433,08:00,Plein jour,77,77249,1,1,1,3.0,RN104,48.754782,2.615097,08:00:00,2024-06-07
202400000434,09:18,Plein jour,92,92048,1,1,1,2.0,N118,48.78863647,2.22152707,09:18:00,2024-09-18
202400000435,13:00,Plein jour,974,97416,1,1,1,6.0,MOURGAPAMODELLY (IMPASSE),-21.30737,55.43012,13:00:00,2024-06-07
202400000436,15:50,Plein jour,93,93008,1,1,1,3.0,AUTOROUTE A86,48.91212,2.43808,15:50:00,2024-09-18
202400000437,13:55,Plein jour,974,97411,2,9,1,4.0,BOIS DE NEFLES (RUE DU),-20.88882,55.45698,13:55:00,2024-06-06
202400000438,09:00,Plein jour,93,93010,1,1,1,3.0,AUTOROUTE A3,48.91057775,2.47509637,09:00:00,2024-09-18
202400000439,01:50,Nuit sans éclairage,92,92036,1,1,1,4.0,AUTOROUTE A86,48.93851705,2.30001759,01:50:00,2024-09-18
202400000440,22:00,Nuit sans éclairage,95,95582,1,1,1,2.0,A15,48.97105157,2.24878136,22:00:00,2024-09-16
202400000441,15:30,Plein jour,75,75112,1,1,1,4.0,A4,48.818121,2.456369,15:30:00,2024-09-19
202400000442,07:25,Crépuscule,94,94042,1,1,1,3.0,A4,48.82743426,2.46915402,07:25:00,2024-09-19
202400000443,13:30,Plein jour,77,77517,1,1,1,3.0,A104.EXT,48.90805024,2.63854941,13:30:00,2024-09-18
202400000444,12:30,Plein jour,94,94018,1,1,1,2.0,A4,48.81766797,2.41481141,12:30:00,2024-09-18
202400000445,22:45,Nuit sans éclairage,94,94069,1,1,1,4.0,A4,48.81730019,2.42507684,22:45:00,2024-09-16
202400000446,09:40,Plein jour,74,74012,2,6,1,3.0,VALLEES (ROUTE DES),46.19146,6.25029,09:40:00,2024-07-18
202400000447,13:10,Plein jour,14,14117,2,6,1,3.0,50 Avenue de la Brèche Buhot,49.287625,-0.123127,13:10:00,2024-05-30
202400000448,09:15,Plein jour,14,14734,1,2,1,3.0,Route des Bois Feuilleux,49.136373,-0.590746,09:15:00,2024-07-18
202400000449,07:30,Plein jour,971,97113,1,1,2,1.0,SECTION TOMBEAU,16.22795,-61.47581,07:30:00,2024-05-01
202400000450,11:40,Plein jour,38,38421,2,1,1,2.0,AVENUE MARCEL CACHIN,45.16356,5.75136,11:40:00,2024-06-25
202400000451,22:11,,971,97113,2,1,1,6.0,GENERAL DE GAULLE (AVENUE),16.20592,-61.49305,22:11:00,2024-02-01
202400000452,23:25,Nuit sans éclairage,38,38317,1,1,1,2.0,A 480,45.13396771,5.69008373,23:25:00,2024-06-16
202400000453,12:05,Plein jour,13,13056,2,3,1,1.0,CANTO PERDRIX AVENUE DE,43.41831,5.05101,12:05:00,2024-02-18
202400000454,22:40,,2A,2A004,2,2,1,3.0,#Les Salines#,41.9339948,8.75053927,22:40:00,2024-05-01
202400000455,16:30,Plein jour,13,13056,2,6,1,3.0,ISTRES ROUTE D',43.42977,5.04702,16:30:00,2024-06-06
202400000456,11:20,Plein jour,13,13056,2,1,1,2.0,PORT DE BOUC ROUTE DE,43.41118,5.02338,11:20:00,2024-05-30
202400000457,18:20,Plein jour,95,95277,2,1,1,1.0,GONESSE A VILLEPINTE (CHEMIN DE),48.97913023,2.4853456,18:20:00,2024-05-01
202400000458,17:20,Plein jour,13,13056,2,9,1,3.0,MOULET AVENUE CHARLES,43.4093,5.02223,17:20:00,2024-05-26
202400000459,18:00,Plein jour,95,95582,2,6,1,3.0,BOULEAUX (ALLEE DES),48.96731998,2.27321886,18:00:00,2024-05-01
202400000460,18:45,Plein jour,75,75107,2,3,1,6.0,BOULEVARD DES INVALIDES,48.856135,2.31508,18:45:00,2024-07-09
202400000461,08:30,Plein jour,91,91457,2,1,1,7.0,DEVI DU CD 19,48.57691,2.28225,08:30:00,2024-05-01
202400000462,19:15,Plein jour,57,57289,1,1,1,7.0,N61,49.084317,7.029973,19:15:00,2024-07-20
202400000463,02:15,Nuit sans éclairage,84,84007,1,1,2,7.0,C.De GAULLE (Rocade),43.94429,4.83457,02:15:00,2024-05-02
202400000464,16:30,Plein jour,974,97411,2,1,1,3.0,CHAMP FLEURI,-20.88715,55.4654,16:30:00,2024-09-18
202400000465,13:10,Plein jour,974,97411,2,2,1,3.0,LABOURDONNAIS,-20.87663,55.44787,13:10:00,2024-09-18
202400000466,19:20,Plein jour,79,79191,2,5,8,3.0,Unknown,46.326932,-0.46408,19:20:00,2024-04-30
202400000467,06:30,Crépuscule,973,97302,2,3,1,7.0,RABAN (ROUTE DE),4.92606,-52.3136,06:30:00,2024-09-17
202400000468,11:28,Plein jour,77,77350,1,1,1,2.0,CD NUMERO 471,48.770657,2.707803,11:28:00,2024-05-01
202400000469,07:28,Plein jour,77,77215,1,1,1,2.0,DEPARTEMENTALE 1004,48.73415,2.7098,07:28:00,2024-05-01
202400000470,15:00,Plein jour,76,76131,2,1,2,7.0,Cote de la Maison Brulee,49.346106,0.93631,15:00:00,2024-05-01
202400000471,21:40,,73,73065,2,2,1,7.0,MACONNAIS (RUE DU),45.59019556,5.91822088,21:40:00,2024-05-01
202400000472,16:50,Plein jour,95,95219,2,1,1,6.0,D502,48.99733547,2.25417719,16:50:00,2024-09-18
202400000473,16:30,Plein jour,69,69266,2,4,1,6.0,9 Rue Frédéric Fays,45.76410448,4.90437074,16:30:00,2024-05-01
202400000474,12:35,Plein jour,95,95252,2,2,1,6.0,RHIN ET DANUBE (BOULEVARD),48.98860041,2.23036587,12:35:00,2024-09-17
202400000475,14:15,Plein jour,69,69264,2,1,1,3.0,Boulevard Antonin Lassalle,45.98112,4.7211,14:15:00,2024-05-01
202400000476,03:03,Nuit avec éclairage,95,95288,2,1,1,6.0,D301,48.9886907,2.3601351,03:03:00,2024-09-18
202400000477,20:10,Plein jour,62,62262,2,1,1,6.0,D166,50.52271555,2.74748079,20:10:00,2024-05-01
202400000478,21:00,,91,91027,2,9,1,1.0,RUE ROLAND GARROS,48.721297,2.405713,21:00:00,2024-09-18
202400000479,10:45,Plein jour,84,84007,2,2,1,6.0,RASPAIL (BOULEVARD),43.94471,4.79942,10:45:00,2024-09-18
202400000480,21:20,Crépuscule,59,59350,2,1,1,1.0,Rue Lavoisier (Lille),50.64566,3.00976,21:20:00,2024-05-01
202400000481,11:30,Plein jour,84,84007,2,1,1,6.0,SAINT ROCH (BOULEVARD),43.94259,4.80719,11:30:00,2024-09-16
202400000482,20:05,Plein jour,59,59143,1,1,1,1.0,OLLIVIER (RUE OMER ),50.66534,2.88459,20:05:00,2024-04-28
202400000483,11:50,Plein jour,82,82033,2,2,1,3.0,Chemin de Notre-Dame d’Alem,44.05626,1.09489,11:50:00,2024-09-18
202400000484,12:30,Plein jour,54,54395,2,3,1,6.0,Rue des Michottes,48.692955,6.178538,12:30:00,2024-05-01
202400000485,21:40,Nuit sans éclairage,81,81060,1,1,1,6.0,SAINT JEAN (AVENUE DE),44.05587614,2.18841302,21:40:00,2024-09-18
202400000486,09:33,Plein jour,51,51454,2,1,1,7.0,ARNOULD (BOULEVARD CHARLES),49.26881,4.01966,09:33:00,2024-05-01
202400000487,16:45,Plein jour,49,49007,2,2,3,3.0,BEDIER BOULEVARD,47.45306,-0.53874,16:45:00,2024-05-01
202400000488,16:50,Plein jour,72,72181,2,2,1,3.0,SANGNIER MARC (RUE),47.968916,0.205959,16:50:00,2024-09-17
202400000489,02:05,,45,45232,2,1,8,6.0,D15 PR 2 + 453,47.8461,1.8822,02:05:00,2024-05-01
202400000490,16:40,Plein jour,72,72181,2,2,1,3.0,MAC JEAN (AV) N° PAIRS 308 ET plus,47.97649,0.23426,16:40:00,2024-09-16
202400000491,18:30,Plein jour,42,42189,2,1,1,2.0,Boulevard Louis Braille,45.414973,4.305296,18:30:00,2024-04-25
202400000492,14:30,Plein jour,67,67482,2,3,1,3.0,MONTAGNE VERTE (RUE DE LA),48.5728,7.72477,14:30:00,2024-09-18
202400000493,11:50,Plein jour,64,64122,2,6,1,5.0,KLEBER (AVENUE),43.47563884,-1.5462774,11:50:00,2024-09-18
202400000494,18:16,Plein jour,64,64102,2,1,1,2.0,PAUL PRAS (AVENUE),43.48435,-1.47662,18:16:00,2024-09-17
202400000495,17:25,Plein jour,35,35238,2,2,1,3.0,DUPONT DES LOGES,48.10935,-1.67284,17:25:00,2024-05-01
202400000496,07:35,Plein jour,64,64024,2,1,1,6.0,PINANE (RUE DE),43.492,-1.51925,07:35:00,2024-09-17
202400000497,11:45,Plein jour,34,34301,2,1,1,3.0,VERDUN (BOULEVARD DE),43.41273,3.68484,11:45:00,2024-04-26
202400000498,11:50,Plein jour,61,61001,2,1,1,6.0,Voie Communale,48.430878,0.091223,11:50:00,2024-09-18
202400000499,00:01,,34,34172,2,1,1,1.0,LIBERTE (AVENUE DE LA,43.60875,3.85223,00:01:00,2024-05-01
202400000500,13:20,Plein jour,59,59650,2,1,1,6.0,MENDES FRANCE (BOULEVARD PIERRE),50.69826,3.22337,13:20:00,2024-09-18
202400000501,08:50,Plein jour,59,59183,2,9,1,3.0,QUATRE ECLUSES - PONT,51.02981,2.38206,08:50:00,2024-09-18
202400000502,00:25,,33,33063,2,2,2,3.0,Unknown,44.85130087,-0.57620689,00:25:00,2024-05-02
202400000503,07:10,Plein jour,57,57221,2,1,1,6.0,CD 952,49.3179,6.10566,07:10:00,2024-09-18
202400000504,21:25,Nuit sans éclairage,33,33529,1,1,2,7.0,Unknown,44.61844,-1.12571,21:25:00,2024-05-01
202400000505,13:45,Plein jour,56,56260,2,7,1,6.0,Rue Saint-Patern,47.659337,-2.7535718,13:45:00,2024-09-17
202400000506,09:20,Plein jour,31,31555,2,1,2,5.0,ECHANGEUR BORDELONGUE (A64/A620),43.56836,1.41692,09:20:00,2024-05-01
202400000507,08:35,Plein jour,56,56121,2,1,1,7.0,Rue Jean-François Le Gonidec,47.74343,-3.39508,08:35:00,2024-09-17
202400000508,22:05,Nuit sans éclairage,27,27375,1,1,2,6.0,EVREUX (ROUTE D'),49.198873,1.169262,22:05:00,2024-05-01
202400000509,15:59,Plein jour,56,56098,2,3,1,3.0,101 Rue Marcel Sembat,47.76776,-3.34501,15:59:00,2024-09-17
202400000510,09:09,Plein jour,56,56121,2,1,1,6.0,Boulevard Léon Blum,47.74543,-3.381,09:09:00,2024-09-17
202400000511,20:05,Plein jour,25,25056,2,4,1,1.0,GARE D'EAU AV.  DE LA (inf 17),47.23103,6.02446,20:05:00,2024-05-01
202400000512,08:50,Plein jour,54,54498,2,2,1,6.0,Route de Sarreguemines,48.71377911,6.2508291,08:50:00,2024-09-17
202400000513,15:47,Plein jour,54,54265,2,6,1,3.0,Rue Antoine de Saint-exupery,48.63687,6.18327,15:47:00,2024-09-12
202400000514,07:50,Plein jour,51,51454,2,3,1,3.0,BOULARD (RUE),49.248652,4.027237,07:50:00,2024-09-18
202400000515,14:28,Plein jour,19,19031,2,9,3,3.0,DE JOUVENEL (BOULEVARD HENRI),45.1595342,1.52335811,14:28:00,2024-05-01
202400000516,13:35,Plein jour,51,51454,2,1,1,6.0,VAILLANT COUTURIER (RUE PAUL)N°105A197 E,49.2696,4.0204,13:35:00,2024-09-17
202400000517,22:23,,17,17380,2,3,1,3.0,COURLAY (AVENUE DE),45.64320152,-1.08601879,22:23:00,2024-04-17
202400000518,03:15,,13,13208,2,2,1,3.0,TURCAT MERY ALLÉE (ALLEE),43.28096,5.38931,03:15:00,2024-05-01
202400000519,10:15,Plein jour,47,47001,2,2,1,3.0,DE GAULLE (AV. DU GENERAL),44.206,0.61181,10:15:00,2024-09-18
202400000520,01:02,,06,06088,2,9,3,6.0,Bretelle Sortie Tunnel André Liautaud - Risso,43.7067,7.28269,01:02:00,2024-05-02
202400000521,00:30,,75,75118,2,2,2,3.0,BOULEVARD NEY,48.8977,2.337561,00:30:00,2024-05-01
202400000522,20:35,,41,41018,2,1,1,7.0,MEDICIS (ROND POINT),47.58356,1.31849,20:35:00,2024-09-18
202400000523,06:50,Crépuscule,75,75116,2,2,1,6.0,RUE LECONTE DE LISLE,48.84828,2.267333,06:50:00,2024-05-01
202400000524,18:40,Plein jour,33,33063,2,2,1,3.0,Unknown,44.81902,-0.57685,18:40:00,2024-09-18
202400000525,10:30,Plein jour,33,33281,2,1,1,2.0,Unknown,44.83659,-0.64253,10:30:00,2024-09-18
202400000526,17:59,Plein jour,75,75111,2,2,1,3.0,RUE MORAND,48.868842,2.376306,17:59:00,2024-05-01
202400000527,17:30,Plein jour,29,29019,2,1,1,3.0,boulevard Montaigne,48.39979044,-4.48610793,17:30:00,2024-09-17
202400000528,22:10,Nuit sans éclairage,75,75107,2,7,3,3.0,PLACE DE LA RESISTANCE,48.86223,2.30195,22:10:00,2024-05-01
202400000529,21:10,,75,75115,2,2,2,6.0,RUE DE LA CROIX NIVERT,48.845955,2.298719,21:10:00,2024-04-30
202400000530,18:30,Plein jour,94,94028,2,1,1,3.0,Rue du Général Leclerc,48.78893,2.4668,18:30:00,2024-04-30
202400000531,04:43,,25,25462,2,3,1,3.0,BESANCON (DU 72TER A LA FIN),46.91617,6.34475,04:43:00,2024-09-18
202400000532,00:01,Nuit avec éclairage,93,93008,2,1,1,2.0,Rue de la Déviation,48.90472676,2.43656158,00:01:00,2024-04-22
202400000533,13:00,Plein jour,22,22187,1,1,1,2.0,RN12,48.54444,-2.77105,13:00:00,2024-09-18
202400000534,23:00,,92,92024,2,1,2,7.0,CAILLOUX (RUE DES),48.8968788,2.30699292,23:00:00,2024-04-30
202400000535,14:00,Plein jour,16,16089,2,3,1,3.0,Unknown,45.66894,-0.32035,14:00:00,2024-09-18
202400000536,13:45,Plein jour,13,13211,2,1,8,1.0,SAINT LOUP (BOULEVARD DE),43.28334,5.43366,13:45:00,2024-09-18
202400000537,07:45,Plein jour,37,37067,2,1,1,3.0,24 Rue du Vieux Chêne,47.25510728,0.45812649,07:45:00,2024-05-02
202400000538,07:10,Crépuscule,13,13213,2,9,1,2.0,ROSE (AVENUE DE LA),43.32658255,5.42228132,07:10:00,2024-09-18
202400000539,19:10,Plein jour,54,54020,1,4,1,3.0,d400,48.60447129,6.4038384,19:10:00,2024-05-01
202400000540,10:30,Plein jour,13,13001,2,9,1,3.0,BROSSOLETTE PIERRE (AV),43.51933,5.44272,10:30:00,2024-09-18
202400000541,09:00,Plein jour,83,83131,2,1,1,2.0,rd554 n°694,43.20606211,6.02919817,09:00:00,2024-10-13
202400000542,18:55,Plein jour,59,59238,2,1,1,1.0,Rue d'Hergnies,50.50234,3.492881,18:55:00,2024-05-01
202400000543,16:40,Plein jour,95,95660,2,1,1,2.0,D909,49.07558026,2.34779448,16:40:00,2024-10-24
202400000544,17:30,Plein jour,12,12089,2,6,1,6.0,GIRATOIRE DES SOUFFLANTES,44.555097,2.263151,17:30:00,2024-09-12
202400000545,07:30,Crépuscule,80,80016,2,1,1,6.0,Avenue de la République,50.003052,2.652318,07:30:00,2024-05-02
202400000546,09:10,Plein jour,56,56188,1,4,8,6.0,Le Roduic,47.900498,-3.1098032,09:10:00,2024-10-24
202400000547,08:10,Plein jour,11,11069,2,1,1,1.0,Unknown,43.19229,2.3365,08:10:00,2024-09-18
202400000548,20:45,Nuit sans éclairage,56,56185,1,1,3,6.0,Lieu Dit Kerousse,47.772243,-3.411687,20:45:00,2024-10-24
202400000549,18:10,Plein jour,64,64057,2,1,1,6.0,D946,43.46476,-0.620513,18:10:00,2024-04-30
202400000550,13:15,Plein jour,56,56094,1,2,1,3.0,Lieu Dit Kergamenan,47.751292,-3.291038,13:15:00,2024-10-22
202400000551,18:00,Plein jour,11,11069,2,1,1,5.0,Unknown,43.204926,2.33301,18:00:00,2024-09-17
202400000552,16:35,Plein jour,68,68315,2,9,2,3.0,25 Route d'Issenheim,47.89582,7.22895,16:35:00,2024-05-02
202400000553,17:10,Plein jour,68,68315,1,9,1,6.0,Rd 83,47.88073058,7.25173067,17:10:00,2024-05-01
202400000554,17:44,Plein jour,56,56090,1,1,1,1.0,Coët-Lorch,47.857424,-3.283983,17:44:00,2024-10-24
202400000555,08:50,Plein jour,06,06012,2,3,2,3.0,2015 Avenue Prince Rainier III,43.74461,7.42233,08:50:00,2024-09-18
202400000556,10:18,Plein jour,03,03073,1,1,1,3.0,A79,46.477015,3.322645,10:18:00,2024-04-30
202400000557,10:00,Plein jour,56,56101,1,1,5,2.0,Kerblayo,47.819141,-3.215811,10:00:00,2024-10-22
202400000558,15:35,Plein jour,06,06069,2,3,2,3.0,34 Avenue Auguste Renoir,43.679884,6.951338,15:35:00,2024-09-18
202400000559,01:00,Nuit sans éclairage,56,56026,1,1,1,7.0,Maneandol,47.987337,-3.21717,01:00:00,2024-05-02
202400000560,16:13,Plein jour,05,05061,1,1,1,6.0,Route du Col de Manse,44.61051,6.12788,16:13:00,2024-09-13
202400000561,17:05,Crépuscule,59,59094,1,1,1,1.0,180 Route de Coppenaxfort,50.949309,2.214389,17:05:00,2024-10-24
202400000562,18:15,Plein jour,78,78020,1,1,1,7.0,Route de Mantes,48.923514,1.73172,18:15:00,2024-10-25
202400000563,14:20,Plein jour,75,75119,2,3,1,6.0,RUE MANIN,48.880466,2.379591,14:20:00,2024-09-18
202400000564,17:40,Plein jour,2B,2B318,1,9,3,6.0,T10,42.436037,9.519136,17:40:00,2024-05-02
202400000565,07:00,Crépuscule,11,11254,1,1,3,5.0,D21,43.185943,2.118929,07:00:00,2024-10-22
202400000566,14:10,Plein jour,75,75119,2,3,1,6.0,RUE D HAUTPOUL,48.88323848,2.38790613,14:10:00,2024-09-18
202400000567,10:15,Plein jour,80,80116,1,4,1,3.0,D934,49.7521,2.659796,10:15:00,2024-05-02
202400000568,18:01,Plein jour,63,63160,1,1,1,7.0,D9,45.57554,3.315103,18:01:00,2024-10-24
202400000569,22:40,,75,75118,2,1,1,2.0,AVENUE DE LA PORTE DE LA CHAPELLE,48.89936,2.35873,22:40:00,2024-09-17
202400000570,23:40,,49,49223,2,2,1,3.0,Rue Arsène Monnier,47.401715,-0.525257,23:40:00,2024-04-30
202400000571,15:40,Plein jour,76,76711,2,1,1,7.0,Quai Francois 1er,50.061828,1.370904,15:40:00,2024-10-25
202400000572,19:10,Plein jour,75,75116,2,4,1,2.0,ALLEE DU BORD DE L EAU,48.874175,2.244882,19:10:00,2024-09-18
202400000573,13:45,Plein jour,22,22207,1,1,1,7.0,Keraveou,48.606791,-3.497155,13:45:00,2024-05-02
202400000574,17:15,Plein jour,61,61414,2,1,1,2.0,68bis Rue du Faubourg Saint-eloi,48.523877,0.538254,17:15:00,2024-10-24
202400000575,22:50,,89,89024,2,2,1,3.0,DENFERT ROCHEREAU (AVENUE),47.80179,3.56356,22:50:00,2024-08-10
202400000576,07:58,Plein jour,61,61283,1,1,1,6.0,D958,48.807026,-0.108479,07:58:00,2024-10-24
202400000577,13:00,Plein jour,22,22183,1,1,1,2.0,N164,48.169277,-2.628951,13:00:00,2024-04-29
202400000578,12:00,Plein jour,75,75116,2,4,1,1.0,ROUTE DES LACS A PASSY,48.858442,2.260764,12:00:00,2024-09-18
202400000579,11:00,Plein jour,86,86194,2,2,1,3.0,Avenue Rhin et Danube,46.56827,0.34377,11:00:00,2024-08-07
202400000580,07:30,Nuit sans éclairage,29,29185,1,1,1,6.0,Lieu Dit Goas Vian,48.66971639,-4.20180564,07:30:00,2024-05-02
202400000581,16:10,Plein jour,55,55502,2,1,1,1.0,24 Avenue Gambetta,49.492741,5.195739,16:10:00,2024-10-25
202400000582,10:30,Plein jour,75,75116,2,2,1,3.0,AVENUE MOZART,48.855579,2.270292,10:30:00,2024-09-18
202400000583,23:53,,85,85191,2,6,1,6.0,Rue roger salengro,46.666156,-1.445115,23:53:00,2024-08-13
202400000584,18:35,Crépuscule,31,31033,2,6,1,6.0,RUE FERDINAND BUISSON,43.350749,1.473938,18:35:00,2024-05-02
202400000585,15:30,Plein jour,12,12044,1,1,1,1.0,D51,43.807705,2.865356,15:30:00,2024-10-25
202400000586,08:16,Plein jour,75,75115,2,2,1,6.0,AVENUE EMILE ZOLA,48.846554,2.286138,08:16:00,2024-09-18
202400000587,09:56,Plein jour,54,54447,1,1,1,6.0,RD 992,48.54385875,6.74208641,09:56:00,2024-05-01
202400000588,13:50,Plein jour,42,42059,1,1,1,5.0,D12.2,45.643426,4.368063,13:50:00,2024-10-24
202400000589,20:15,Nuit sans éclairage,46,46234,1,1,1,7.0,D25,44.640975,1.315323,20:15:00,2024-10-24
202400000590,21:05,Crépuscule,84,84007,1,3,1,1.0,CHEMIN DE LA TRAILLE,43.9574,4.80304,21:05:00,2024-08-13
202400000591,16:15,Plein jour,75,75114,2,3,1,6.0,AVENUE DU MAINE,48.835021,2.324008,16:15:00,2024-09-17
202400000592,10:00,Plein jour,83,83062,2,9,9,6.0,GUES (BD LT DE VAISSEAI),43.11545487,5.98111398,10:00:00,2024-08-13
202400000593,15:30,Plein jour,46,46231,2,4,1,6.0,9 Rue du Docteur Rouma,44.502088,1.137562,15:30:00,2024-10-24
202400000594,18:20,Plein jour,82,82033,2,1,1,6.0,Rue Baptiste Marcet,44.0511,1.09813,18:20:00,2024-08-13
202400000595,12:35,Plein jour,25,25228,1,1,1,1.0,D61,47.51611,6.866611,12:35:00,2024-10-25
202400000596,18:10,Plein jour,82,82033,2,1,1,2.0,Rue de l’Usine,44.04958,1.10826,18:10:00,2024-08-13
202400000597,07:10,Plein jour,45,45193,1,1,2,1.0,D13 PR 7 + 383,47.794025,2.084248,07:10:00,2024-05-01
202400000598,19:50,Crépuscule,44,44067,1,3,1,3.0,Le Bout des Ponts,47.625285,-1.831069,19:50:00,2024-10-22
202400000599,12:25,Plein jour,78,78621,2,1,1,2.0,NATIONALE 10 (ROUTE),48.778351,2.004744,12:25:00,2024-08-13
202400000600,16:54,Plein jour,73,73241,1,1,1,7.0,D925,45.60459415,6.30907148,16:54:00,2024-05-01
202400000601,17:00,Plein jour,43,43203,1,1,2,7.0,Route d'Yssingeaux,45.16245338,4.04161,17:00:00,2024-04-28
202400000602,23:30,,78,78172,1,4,1,2.0,SEINE ET OISE (RUE DE),49.002786,2.080781,23:30:00,2024-08-13
202400000603,17:40,Plein jour,21,21640,1,1,2,1.0,D954,47.503142,4.263707,17:40:00,2024-05-02
202400000604,08:00,Plein jour,77,77373,2,1,1,1.0,RUE DES TILLEULS,48.80341,2.62178,08:00:00,2024-08-13
202400000605,22:15,Nuit sans éclairage,77,77131,1,1,1,7.0,D402 (DEVIATION),48.83048,3.08734,22:15:00,2024-08-12
202400000606,18:45,Plein jour,21,21562,1,1,1,1.0,D27J,47.556126,5.377915,18:45:00,2024-05-01
202400000607,20:30,Crépuscule,21,21534,1,1,1,7.0,D20a,47.030428,4.906726,20:30:00,2024-05-02
202400000608,12:50,Plein jour,76,76351,2,2,1,3.0,WINSTON CHURCHILL,49.49421,0.13845,12:50:00,2024-08-12
202400000609,02:00,Nuit sans éclairage,40,40175,1,1,1,6.0,D398,43.821744,-0.363831,02:00:00,2024-05-01
202400000610,19:50,Plein jour,27,27685,1,1,1,6.0,D830,48.921153,0.783484,19:50:00,2024-05-01
202400000611,13:15,Plein jour,69,69290,2,1,1,4.0,Avenue Pierre Cot,45.70814,4.89922,13:15:00,2024-08-13
202400000612,17:30,Plein jour,37,37045,1,1,1,6.0,La Cormeliere,47.024811,0.627809,17:30:00,2024-05-02
202400000613,22:15,,67,67482,2,1,1,1.0,BRUMATH (ROUTE DE),48.59689,7.74148,22:15:00,2024-08-13
202400000614,17:55,Plein jour,67,67462,2,6,1,6.0,LOHMUHLE (ALLEE DE LA),48.26430067,7.44174868,17:55:00,2024-08-12
202400000615,10:30,Plein jour,60,60030,1,1,1,6.0,A16,49.35432226,2.10784721,10:30:00,2024-02-26
202400000616,12:40,Plein jour,64,64445,2,1,2,2.0,JEAN MERMOZ,43.31521713,-0.37786558,12:40:00,2024-08-13
202400000617,07:50,Plein jour,987,98715,2,1,1,3.0,"Avenue Aratia Nelson Mandela,",-17.546202,-149.582007,07:50:00,2024-05-01
202400000618,15:45,Plein jour,64,64445,2,1,1,3.0,ALSACE LORRAINE D',43.3035,-0.36455,15:45:00,2024-08-12
202400000619,04:59,Crépuscule,67,67117,1,1,1,7.0,A4 PK 436.100,48.76430281,7.34295248,04:59:00,2024-05-02
202400000620,14:00,Plein jour,90,90034,1,1,3,2.0,A 36 PK 030.600,47.64624,6.910824,14:00:00,2024-05-02
202400000621,12:00,Plein jour,59,59512,2,2,8,3.0,ALGER  (RUE D'),50.707689,3.186766,12:00:00,2024-08-13
202400000622,14:30,Plein jour,59,59569,2,3,1,3.0,BARBUSSE (RUE HENRI),50.394437,3.140235,14:30:00,2024-08-12
202400000623,22:15,Nuit sans éclairage,976,97617,1,1,1,5.0,CCd1 - combani,-12.796401,45.130763,22:15:00,2024-05-01
202400000624,05:40,Nuit sans éclairage,77,77065,1,2,9,6.0,"Intersection Autoroute A6, échangeur de Cély, circulant vers la province et D372",48.456758,2.519951,05:40:00,2024-05-02
202400000625,08:40,Plein jour,59,59334,1,1,1,3.0,RD 643,50.39117,3.04705,08:40:00,2024-08-10
202400000626,19:15,Nuit sans éclairage,973,97305,1,9,1,6.0,Route Nationale 1,4.941946,-52.413529,19:15:00,2024-04-30
202400000627,07:50,Plein jour,54,54395,2,2,1,1.0,Rue Gambetta,48.69205,6.17993,07:50:00,2024-08-13
202400000628,02:08,Nuit sans éclairage,971,97117,1,1,1,6.0,Route de Devarieux,16.298196,-61.344556,02:08:00,2024-05-01
202400000629,17:50,Plein jour,2B,2B134,2,1,1,6.0,Place Pascal Paoli,42.63478,8.939062,17:50:00,2024-05-01
202400000630,13:35,Plein jour,50,50129,2,1,1,7.0,GAULLE (RUE DU GENERAL DE),49.658843,-1.6777,13:35:00,2024-08-10
202400000631,08:18,Plein jour,83,83138,1,1,1,1.0,Route de Bagnols En Foret,43.588205,6.730472,08:18:00,2024-04-30
202400000632,19:12,Plein jour,49,49007,2,1,1,5.0,LEKEU,47.47155,-0.52156,19:12:00,2024-08-13
202400000633,07:40,Plein jour,89,89257,2,3,1,2.0,Avenue Edouard Branly,47.964843,3.522778,07:40:00,2024-03-20
202400000634,16:51,Plein jour,49,49007,1,1,1,4.0,RD 323,47.4686,-0.587,16:51:00,2024-08-13
202400000635,16:20,Plein jour,71,71588,1,1,3,2.0,N79,46.465305,4.086705,16:20:00,2024-05-02
202400000636,06:00,Crépuscule,71,71176,1,1,1,6.0,Route des Sables,46.49265594,4.04164271,06:00:00,2024-05-01
202400000637,16:20,Plein jour,45,45302,2,1,1,1.0,D602 PR 0 + 400,47.936931,1.889001,16:20:00,2024-08-13
202400000638,19:15,Plein jour,01,01397,2,3,1,3.0,route de la douane,46.312501,6.118848,19:15:00,2024-04-29
202400000639,08:25,Plein jour,45,45234,2,2,2,3.0,90 Rue de Coulmiers,47.91191,1.89709,08:25:00,2024-08-13
202400000640,19:00,Plein jour,69,69191,2,3,2,3.0,Route de Lyon,45.80194883,4.82016217,19:00:00,2024-05-01