Num_Acc,hrmn,lum,dep,com,agg,int,atm,col,adr,lat,long,heure,date
202400000641,19:10,Plein jour,45,45234,2,1,1,6.0,68 Boulevard Alexandre Martin,47.90624,1.90757,19:10:00,2024-08-12
202400000642,11:00,Plein jour,86,86274,2,1,1,6.0,2 Route de Montreuil,47.068413,0.004333,11:00:00,2024-04-30
202400000643,19:00,Plein jour,45,45004,2,2,1,2.0,D2107 PR 1 + 630,47.979675,2.73309,19:00:00,2024-08-13
202400000644,15:30,Plein jour,86,86100,1,2,2,3.0,D3,46.55221,0.237878,15:30:00,2024-05-01
202400000645,10:47,Plein jour,42,42187,2,5,1,6.0,Avenue de Paris,46.04203,4.07302,10:47:00,2024-08-13
202400000646,12:55,Plein jour,86,86019,1,1,3,7.0,D910,46.738874,0.466129,12:55:00,2024-05-01
202400000647,15:15,Plein jour,40,40088,2,1,1,6.0,MANOIR (BOULEVARD YVES DU),43.71334,-1.04865,15:15:00,2024-08-05
202400000648,08:10,Plein jour,29,29124,2,2,1,3.0,Rue Frédéric Le Guyader,48.566218,-4.319526,08:10:00,2024-04-08
202400000649,15:35,Plein jour,40,40279,2,1,1,7.0,RESISTANCE (AVE DE LA),43.72454488,-1.05857313,15:35:00,2024-07-31
202400000650,16:10,Plein jour,37,37214,2,6,1,6.0,HUGO (RUE VICTOR),47.41003,0.66748,16:10:00,2024-08-13
202400000651,04:57,,69,69382,1,1,1,5.0,Route de Métropole 7,45.73468,4.8187,04:57:00,2024-05-01
202400000652,11:15,Plein jour,91,91161,1,1,1,7.0,AUTOROUTE A6,48.7053,2.30579,11:15:00,2024-05-01
202400000653,17:15,Plein jour,35,35238,2,1,1,5.0,PORTE DE LORIENT,48.10906402,-1.71774179,17:15:00,2024-08-13
202400000654,04:17,Nuit sans éclairage,77,77384,1,1,1,3.0,AUTOROUTE A5A,48.601274,2.600935,04:17:00,2024-05-01
202400000655,15:50,Plein jour,35,35238,2,3,1,3.0,MITTERAND (MAIL FRANCOIS),48.1102024,-1.68621629,15:50:00,2024-08-13
202400000656,13:40,Plein jour,93,93066,1,1,1,2.0,A1,48.91936344,2.35754643,13:40:00,2024-05-01
202400000657,12:50,Plein jour,74,74010,2,1,1,6.0,ILES (AVENUE DES)(SECTEUR 410) ,45.90932,6.11715,12:50:00,2024-02-26
202400000658,15:35,Plein jour,35,35238,2,1,1,3.0,SAINT-MALO (RUE DE),48.12871,-1.68767,15:35:00,2024-08-13
202400000659,06:50,,74,74010,2,1,1,3.0,CHARLES DE GAULLE (PLACE) ,45.91178,6.13149,06:50:00,2024-02-13
202400000660,06:06,,37,37261,2,6,2,7.0,ROND POINT EMMAUS,47.43021,0.7053,06:06:00,2024-02-19
202400000661,08:30,Plein jour,35,35051,2,6,2,2.0,PARIS (RUE DE),48.10980362,-1.609139,08:30:00,2024-08-13
202400000662,19:00,Nuit sans éclairage,987,98735,1,1,1,3.0,PIERRE LOTI (ALLEE QTIER T.MARAETEFAU),-17.5509414,-149.55215335,19:00:00,2024-04-19
202400000663,06:50,Plein jour,976,97611,2,1,1,7.0,mamoudzou centre-RP Passot quai colas (R,-12.777,45.232,06:50:00,2024-04-30
202400000664,07:35,Plein jour,35,35238,2,1,2,3.0,SAINT-HELIER,48.10601,-1.66645,07:35:00,2024-08-13
202400000665,03:00,Nuit sans éclairage,974,97411,1,9,1,6.0,VINH-SAN (BLD 1 DU PRINCE),-20.8855,55.43986,03:00:00,2024-05-01
202400000666,21:15,,34,34129,2,1,1,6.0,D21 E1,43.58292,3.92549,21:15:00,2024-08-13
202400000667,22:50,,974,97411,2,9,1,3.0,LATTRE DE TASSIGNY (AVENUE MARECHAL DE),-20.8895,55.47735,22:50:00,2024-04-30
202400000668,19:02,,973,97302,2,2,1,3.0,DE GAULLE (AVENUE),4.9388003,-52.33173788,19:02:00,2024-04-29
202400000669,19:00,Plein jour,34,34336,1,2,1,3.0,SALANCS (CHEMIN DES),43.30502,3.29484,19:00:00,2024-08-10
202400000670,19:17,Plein jour,69,69387,2,1,1,6.0,Rue Sébastien Gryphe,45.74776,4.83872,19:17:00,2024-04-30
202400000671,14:50,Plein jour,33,33009,2,2,1,3.0,Unknown,44.6564,-1.17634,14:50:00,2024-08-13
202400000672,14:35,Plein jour,69,69383,2,6,1,6.0,Cours Richard Vitton,45.75346,4.89183,14:35:00,2024-04-30
202400000673,16:10,Plein jour,972,97213,2,1,1,7.0,ROUTE NATIONALE 1,14.6197,-60.99459,16:10:00,2024-04-30
202400000674,19:45,Plein jour,31,31555,2,3,1,3.0,AV JULES JULIEN,43.57607592,1.4511314,19:45:00,2024-08-13
202400000675,07:20,Plein jour,972,97209,1,1,1,1.0,CANAL ALARIC (RUE DU),14.60589,-61.0561,07:20:00,2024-04-30
202400000676,20:55,Crépuscule,31,31555,2,8,1,3.0,RUE SAINT ROCH,43.578,1.44743,20:55:00,2024-08-12
202400000677,17:10,Plein jour,971,97113,1,1,1,6.0,SECTION TOMBEAU,16.22211,-61.47821,17:10:00,2024-04-30
202400000678,09:30,Plein jour,29,29019,2,1,1,6.0,rue Emile Rousse,48.385599,-4.528021,09:30:00,2024-08-12
202400000679,16:36,Crépuscule,971,97113,1,3,1,2.0,RN4 - SECTION RIVIERA,16.21779437,-61.49084061,16:36:00,2024-04-29
202400000680,16:40,Plein jour,2A,2A004,1,1,1,2.0,#RICANTO ROUTE ET PLAGE#,41.92852,8.76835,16:40:00,2024-04-30
202400000681,20:30,Plein jour,22,22113,1,1,1,3.0,MINIHY (CHEMIN DE),48.74412,-3.53568,20:30:00,2024-08-12
202400000682,15:30,Plein jour,95,95218,2,1,1,6.0,FERNAND CHATELAIN (AVENUE),49.022797,2.110499,15:30:00,2024-04-29
202400000683,12:25,Plein jour,95,95018,2,1,1,6.0,D909,48.949062,2.253406,12:25:00,2024-02-26
202400000684,10:32,Plein jour,13,13206,2,2,1,1.0,PIERRE PUGET (COURS),43.29029,5.37606,10:32:00,2024-08-13
202400000685,08:30,Plein jour,13,13209,2,1,1,1.0,GAYE (BOULEVARD DE LA),43.2595,5.41426,08:30:00,2024-08-13
202400000686,15:30,Plein jour,91,91570,2,5,1,3.0,ROSIERES (RUE),48.62579,2.31398,15:30:00,2024-04-29
202400000687,23:10,,88,88209,2,1,1,1.0,EPINAL (RUE D'),48.19572,6.43772,23:10:00,2024-04-26
202400000688,10:55,Plein jour,87,87085,2,1,1,7.0,DUSSOUBS (PLACE DENIS),45.83295,1.25582,10:55:00,2024-04-29
202400000689,09:20,Plein jour,13,13216,2,3,1,3.0,Rue le pelletier,43.36256052,5.31886038,09:20:00,2024-08-13
202400000690,23:07,,87,87085,2,1,2,7.0,MIDI (AVENUE DU),45.82651,1.25728,23:07:00,2024-04-28
202400000691,09:05,Plein jour,13,13047,2,6,1,6.0,EDOUARD GUIZONNIER BOULEVARD,43.51053,4.9883,09:05:00,2024-08-13
202400000692,22:07,,87,87085,2,2,2,5.0,RN520,45.82604,1.26802,22:07:00,2024-04-26
202400000693,17:25,Plein jour,13,13098,1,1,1,2.0,D.51,43.44513,5.02521,17:25:00,2024-08-12
202400000694,17:45,Plein jour,85,85191,2,6,1,3.0,Rond-point georges duval,46.673857,-1.40328,17:45:00,2024-04-30
202400000695,17:10,Plein jour,12,12084,1,1,1,1.0,BELAIR,44.0492,3.04611,17:10:00,2024-08-12
202400000696,10:50,Plein jour,83,83062,1,1,1,6.0,FABRI DE PEIRESC (AVENUE),43.13961,6.02832,10:50:00,2024-04-30
202400000697,18:10,Plein jour,10,10362,2,3,1,7.0,Avenue du General Gallieni,48.29334,4.05013,18:10:00,2024-08-12
202400000698,07:40,Plein jour,83,83137,2,3,1,3.0,Avenue des Moulins,43.14001051,5.91307342,07:40:00,2024-04-30
202400000699,05:15,Nuit sans éclairage,80,80131,1,1,1,1.0,RD935,49.84001,2.40457,05:15:00,2024-04-30
202400000700,10:15,Plein jour,75,75115,2,1,1,2.0,BD PERIPHERIQUE EXTERIEUR,48.831424,2.282854,10:15:00,2024-08-13
202400000701,12:53,Plein jour,77,77326,1,3,1,1.0,D346,48.58155,2.55377,12:53:00,2024-04-25
202400000702,10:15,Plein jour,75,75118,2,1,1,4.0,BD PERIPHERIQUE INTERIEUR,48.900841,2.341275,10:15:00,2024-08-12
202400000703,15:20,Plein jour,77,77251,1,1,1,6.0,COTE DE LA BIENVENUE,48.6107663,2.5422771,15:20:00,2024-04-29
202400000704,03:12,,75,75118,2,7,1,6.0,BOULEVARD ORNANO,48.895191,2.346586,03:12:00,2024-08-12
202400000705,13:33,Plein jour,77,77445,1,9,8,6.0,MENDES-FRANCE (AVENUE PIERRE),48.594283,2.568008,13:33:00,2024-04-29
202400000706,07:30,Plein jour,76,76351,2,1,1,3.0,COLBERT (QUAI),49.4912,0.126,07:30:00,2024-04-30
202400000707,15:15,Plein jour,75,75120,2,2,1,3.0,RUE DES PYRENEES,48.866664,2.397136,15:15:00,2024-08-12
202400000708,14:45,Plein jour,74,74012,2,1,1,6.0,AMOUREUX (RUE DES),46.19034,6.23366,14:45:00,2024-04-30
202400000709,17:16,Plein jour,71,71153,2,1,8,6.0,MITTERRAND (AVENUE FRANCOIS),46.80664,4.4305,17:16:00,2024-04-30
202400000710,19:30,Plein jour,75,75118,2,2,1,3.0,AVENUE DE LA PORTE DE CLIGNANCOURT,48.899423,2.344272,19:30:00,2024-08-13
202400000711,19:10,Plein jour,67,67482,2,1,1,1.0,ALPES (QUAI DES),48.57504,7.75966,19:10:00,2024-04-30
202400000712,17:20,Plein jour,75,75117,2,2,1,3.0,BOULEVARD GOUVION SAINT CYR,48.883121,2.287414,17:20:00,2024-08-13
202400000713,12:40,Plein jour,67,67482,2,3,1,3.0,FRERES EBERTS (RUE DES),48.55291,7.74386,12:40:00,2024-04-30
202400000714,08:45,Plein jour,75,75117,2,3,8,3.0,BOULEVARD DE L YSER,48.884521,2.287033,08:45:00,2024-08-13
202400000715,19:40,Plein jour,67,67447,2,1,1,3.0,BISCHWILLER (ROUTE DE),48.59925,7.74255,19:40:00,2024-04-29
202400000716,14:41,Plein jour,75,75113,2,1,1,6.0,BOULEVARD MASSENA,48.821355,2.368403,14:41:00,2024-08-13
202400000717,10:30,Plein jour,66,66136,2,1,2,6.0,MERCADER (BOULEVARD FELIX),42.69253,2.89178,10:30:00,2024-04-30
202400000718,13:20,Plein jour,75,75112,2,3,1,6.0,RUE DU FAUBOURG SAINT ANTOINE,48.851604,2.374859,13:20:00,2024-08-13
202400000719,20:15,Plein jour,94,94073,1,1,1,7.0,N186,48.75404,2.36972,20:15:00,2024-08-13
202400000720,09:40,Plein jour,59,59515,2,3,1,3.0,Charles Isbergues,50.327782,3.432859,09:40:00,2024-04-24
202400000721,16:25,Plein jour,59,59606,2,1,1,6.0,EISEN (BOULEVARD),50.363541,3.529803,16:25:00,2024-04-05
202400000722,12:01,Plein jour,94,94054,2,1,1,3.0,Allée des Bleuets,48.74000711,2.40006691,12:01:00,2024-08-13
202400000723,13:35,Plein jour,94,94077,2,1,1,6.0,Quai du Halage,48.72542,2.43685,13:35:00,2024-08-12
202400000724,19:30,Plein jour,59,59299,1,9,2,2.0,CD 700,50.64661,3.19581,19:30:00,2024-04-30
202400000725,22:35,,94,94079,2,1,1,6.0,Rue du Général de Gaulle,48.82672159,2.53855768,22:35:00,2024-08-12
202400000726,10:10,Plein jour,59,59350,2,1,1,6.0,Rue de la Halle,50.6448,3.06044,10:10:00,2024-04-30
202400000727,23:50,Nuit avec éclairage,56,56260,2,4,1,6.0,Boulevard du Colonel Rémy,47.6543,-2.78342,23:50:00,2024-04-30
202400000728,15:25,Plein jour,94,94071,2,3,1,3.0,Rue du Général Leclerc,48.77816,2.5118,15:25:00,2024-08-12
202400000729,17:17,Plein jour,56,56121,2,1,3,6.0,Place Alsace-Lorraine,47.75003,-3.36154,17:17:00,2024-04-30
202400000730,12:20,Plein jour,93,93066,2,1,1,3.0,Boulevard Carnot,48.938427,2.353008,12:20:00,2024-08-13
202400000731,15:00,Plein jour,56,56098,2,3,7,2.0,Avenue Ambroise Croizat,47.77525,-3.34617,15:00:00,2024-04-29
202400000732,12:00,Plein jour,93,93066,2,9,8,6.0,Avenue du Président Wilson / Rue du Landy,48.91527269,2.35787205,12:00:00,2024-08-13
202400000733,15:45,Plein jour,51,51454,2,2,1,3.0,BOUSSINESQ (RUE GEORGES),49.25228,4.049387,15:45:00,2024-04-30
202400000734,19:15,Plein jour,93,93053,2,1,1,3.0,Rue de Brément,48.88704,2.46801,19:15:00,2024-08-13
202400000735,17:43,Plein jour,51,51108,2,1,1,6.0,COMPERE (RUE GENERAL),48.95,4.37,17:43:00,2024-04-28
202400000736,15:06,Plein jour,93,93053,2,1,1,3.0,Rue de Paris,48.90094322,2.45557237,15:06:00,2024-08-13
202400000737,18:20,Plein jour,50,50129,2,3,1,3.0,MOULIN (RUE JEAN),49.63413,-1.59571,18:20:00,2024-04-29
202400000738,14:40,Plein jour,93,93048,2,1,8,1.0,Allée Eugénie Cotton,48.86584233,2.43018872,14:40:00,2024-08-13
202400000739,13:42,Plein jour,49,49007,2,2,1,2.0,RAMON BOULEVARD,47.48708,-0.54,13:42:00,2024-04-29
202400000740,01:00,,93,93046,2,2,1,3.0,Avenue Vauban / Boulevard Gutenberg,48.9129,2.5184,01:00:00,2024-08-13
202400000741,18:05,Plein jour,47,47001,2,1,1,2.0,LACOUR (BD EDOUARD),44.18911,0.63039,18:05:00,2024-04-30
202400000742,18:35,Plein jour,93,93029,2,1,1,3.0,Avenue Sully,48.93686549,2.44777525,18:35:00,2024-08-13
202400000743,19:00,Plein jour,93,93029,2,1,1,6.0,Rue Anatole France,48.92873856,2.4526416,19:00:00,2024-08-13
202400000744,20:30,Plein jour,44,44109,2,6,1,3.0,11 Boulevard Général de Gaulle,47.20679016,-1.53951645,20:30:00,2024-04-30
202400000745,20:00,Plein jour,37,37214,2,1,1,6.0,BOCAGE (RUE DU),47.40835,0.67738,20:00:00,2024-04-30
202400000746,18:15,Plein jour,93,93027,2,6,1,3.0,Avenue Jean Jaurès / Avenue Paul Vaillant-Couturier,48.9210191,2.41032074,18:15:00,2024-08-13
202400000747,08:45,Plein jour,37,37122,2,6,1,1.0,DOUZILLIERE (RUE DE LA),47.33551,0.65273,08:45:00,2024-04-30
202400000748,09:45,Plein jour,93,93008,2,1,7,6.0,PROSPERITE (RUE DE LA),48.91314,2.427653,09:45:00,2024-07-28
202400000749,21:40,,36,36044,2,1,1,3.0,Boulevard Le Corbusier,46.79428,1.70533,21:40:00,2024-04-30
202400000750,13:12,Plein jour,92,92078,2,8,1,3.0,VERDUN (AVENUE) (IMPAIRS 1 A 25),48.93512931,2.32879525,13:12:00,2024-08-13
202400000751,08:20,Plein jour,35,35238,1,1,1,6.0,PORTE DES LOGES,48.09033378,-1.6298309,08:20:00,2024-04-30
202400000752,18:30,Plein jour,92,92062,2,2,1,3.0,HUGO (RUE VICTOR),48.88345361,2.23571717,18:30:00,2024-07-02
202400000753,18:30,Plein jour,33,33065,2,3,1,5.0,Unknown,44.81494,-0.52767,18:30:00,2024-04-30
202400000754,18:20,Plein jour,92,92026,2,1,1,6.0,GAMBETTA,48.89377,2.24865,18:20:00,2024-08-13
202400000755,11:30,Plein jour,33,33063,2,1,1,3.0,Unknown,44.85897,-0.58949,11:30:00,2024-04-30
202400000756,06:20,Crépuscule,92,92025,2,3,1,3.0,PAUL BERT (RUE),48.92981,2.24604,06:20:00,2024-08-13
202400000757,11:50,Plein jour,33,33529,2,9,1,2.0,Unknown,44.6467311,-1.1577766,11:50:00,2024-04-30
202400000758,14:30,Plein jour,92,92025,2,1,1,3.0,CHARLES DE GAULLE (BD),48.91421662,2.22957454,14:30:00,2024-08-12
202400000759,17:46,Plein jour,31,31555,2,1,1,6.0,ALL DE BELLEFONTAINE,43.56463,1.4018,17:46:00,2024-04-30
202400000760,14:30,Plein jour,60,60533,2,1,7,3.0,Rue de Gournay,49.531455,2.732576,14:30:00,2024-08-12
202400000761,02:20,,31,31555,2,9,2,2.0,BD DE BONREPOS,43.61358,1.45082,02:20:00,2024-04-29
202400000762,09:00,Plein jour,34,34276,1,2,1,2.0,D1,43.776292,3.86281,09:00:00,2024-08-14
202400000763,16:40,Plein jour,02,02615,1,1,1,6.0,Unknown,49.908345,3.243295,16:40:00,2024-08-13
202400000764,11:20,Plein jour,27,27229,2,1,1,6.0,MENDES FRANCE (RUE PIERRE),49.0329,1.15522,11:20:00,2024-04-30
202400000765,16:10,Plein jour,25,25204,1,2,1,2.0,Grande rue,46.9313,6.36046,16:10:00,2024-04-30
202400000766,23:00,Nuit sans éclairage,06,06161,2,1,1,3.0,2520 route nationale 7,43.6272403,7.1326239,23:00:00,2024-08-13
202400000767,14:50,Plein jour,25,25462,2,3,1,6.0,SAINT ETIENNE FAUBOURG,46.90177,6.35986,14:50:00,2024-04-29
202400000768,13:00,Plein jour,974,97410,1,1,1,1.0,N 3 Pont Payet,-21.0957,55.67804,13:00:00,2024-08-10
202400000769,12:25,Plein jour,25,25056,2,1,1,6.0,STRASBOURG QUAI DE,47.24246,6.023424,12:25:00,2024-04-30
202400000770,13:50,Plein jour,62,62405,2,3,1,1.0,D43,50.290289,2.958989,13:50:00,2024-08-12
202400000771,11:20,Plein jour,19,19269,2,1,1,6.0,Rue Ignace Dumergue,45.53923,1.794382,11:20:00,2024-08-13
202400000772,14:21,Plein jour,25,25056,2,1,1,7.0,LAGRANGE  AVENUE LEO,47.24411,6.0048,14:21:00,2024-04-30
202400000773,11:15,Plein jour,76,76377,2,3,1,6.0,Route de Neufchatel,49.48855,1.140287,11:15:00,2024-08-14
202400000774,08:55,Plein jour,22,22278,2,6,1,2.0,71° RI (DU),48.51096,-2.75086,08:55:00,2024-04-30
202400000775,06:50,Crépuscule,82,82030,1,1,1,6.0,Route de Belleperche,44.005645,1.094357,06:50:00,2024-08-13
202400000776,02:05,,21,21231,2,3,1,3.0,MAYENCE (DE) (RUE),47.340875,5.062741,02:05:00,2024-02-27
202400000777,15:00,Plein jour,82,82195,1,1,1,1.0,514 Route de Bordeaux,44.063398,1.287889,15:00:00,2024-08-13
202400000778,17:10,Plein jour,69,69084,1,2,1,3.0,Route des Déduits,46.183396,4.705088,17:10:00,2024-07-09
202400000779,16:35,Plein jour,19,19031,2,6,1,3.0,CHAUMEIL (RUE PIERRE),45.15648,1.50431,16:35:00,2024-04-29
202400000780,11:50,Plein jour,32,32384,1,1,1,6.0,D930,43.734782,0.491665,11:50:00,2024-08-13
202400000781,14:30,Plein jour,17,17306,2,6,1,3.0,ROCHEFORT (DE)  (AVENUE),45.648913,-1.024503,14:30:00,2024-04-30
202400000782,12:00,Plein jour,12,12133,2,6,2,6.0,2 Avenue de Toulouse,44.292516,2.559385,12:00:00,2024-08-14
202400000783,09:25,Plein jour,17,17306,2,1,1,6.0,PONTAILLAC (DE) (AVENUE),45.628284,-1.052903,09:25:00,2024-04-30
202400000784,14:35,Plein jour,14,14366,2,1,1,7.0,84 Rue Henry Chéron,49.144935,0.223051,14:35:00,2024-04-30
202400000785,17:00,Plein jour,46,46073,1,1,1,1.0,D911,44.4024328,1.62032418,17:00:00,2024-08-13
202400000786,19:05,Plein jour,13,13211,2,3,1,3.0,SAINT MARCEL (BOULEVARD DE ),43.2839,5.4667,19:05:00,2024-04-30
202400000787,12:00,Plein jour,47,47185,1,1,2,7.0,Route de Tournon,44.452125,0.964576,12:00:00,2024-08-14
202400000788,20:15,Plein jour,13,13216,2,1,1,2.0,LA PELOUQUE (CHEMIN),43.36259,5.33607,20:15:00,2024-04-30
202400000789,14:59,Plein jour,47,47106,2,6,1,3.0,Avenue Léon Blum,44.493498,0.947791,14:59:00,2024-08-12
202400000790,16:00,Plein jour,13,13213,2,2,1,3.0,Rue louis leprince ringuet,43.34431386,5.44326097,16:00:00,2024-04-30
202400000791,07:06,Plein jour,13,13211,2,3,1,5.0,AUDIENCE (RUE DE L'),43.29607,5.48649,07:06:00,2024-04-30
202400000792,06:45,Crépuscule,86,86064,2,1,2,3.0,Rue de l'Arboretum,46.260795,0.430052,06:45:00,2024-08-13
202400000793,15:51,Plein jour,34,34293,1,1,1,6.0,RD 907,43.591115,2.700437,15:51:00,2024-08-13
202400000794,17:30,Plein jour,13,13047,2,3,1,3.0,FLORE AVENUE DE LA,43.50618,4.96915,17:30:00,2024-04-30
202400000795,13:25,Plein jour,13,13001,2,1,1,1.0,CLUB HIPPIQUE (AV),43.51423,5.43151,13:25:00,2024-04-30
202400000796,20:20,Plein jour,39,39128,2,6,1,3.0,29 Route d’Asnans,46.958791,5.405967,20:20:00,2024-08-10
202400000797,13:30,Plein jour,11,11069,2,1,1,7.0,21 Boulevard de Varsovie,43.2141,2.3471,13:30:00,2024-04-30
202400000798,15:15,Plein jour,38,38444,2,1,1,1.0,Montee des Egats,44.87511,5.82402,15:15:00,2024-08-14
202400000799,16:30,Plein jour,11,11069,2,2,2,3.0,34 Avenue du Général Leclerc,43.2101,2.36448,16:30:00,2024-04-29
202400000800,11:00,Plein jour,05,05046,1,1,1,6.0,Avenue du Lac,44.551734,6.483956,11:00:00,2024-08-13
202400000801,13:20,Plein jour,11,11069,1,4,3,3.0,ROCADE SUD RD 6161,43.20419,2.38646,13:20:00,2024-04-29
202400000802,15:45,Plein jour,64,64436,2,4,2,3.0,Gaharduko errepidea,43.239783,-1.296709,15:45:00,2024-08-14
202400000803,20:10,Plein jour,10,10333,2,6,1,7.0,CHARLES DE REFUGE (RUE),48.28,4.05,20:10:00,2024-04-19
202400000804,15:45,Plein jour,10,10423,2,1,7,1.0,Route Departementale 619,48.238199,4.383243,15:45:00,2024-08-13
202400000805,08:30,Plein jour,06,06069,2,1,1,3.0,77 Chemin des Basses Moulières,43.63297,6.91754,08:30:00,2024-04-29
202400000806,21:55,Nuit sans éclairage,07,07009,1,1,6,6.0,D86,45.2325,4.799738,21:55:00,2024-08-13
202400000807,19:10,Plein jour,02,02722,2,6,2,3.0,Unknown,49.37077,3.32327,19:10:00,2024-04-27
202400000808,21:00,Crépuscule,24,24520,1,1,1,6.0,D704,44.901712,1.197853,21:00:00,2024-08-13
202400000809,13:20,Plein jour,01,01053,2,2,8,3.0,JOLIOT CURIE ( BOULEVARD IRENE COTE IMPA,46.209665,5.230125,13:20:00,2024-04-30
202400000810,04:55,Nuit sans éclairage,04,04001,1,1,1,2.0,RN85,44.062079,6.168212,04:55:00,2024-08-10
202400000811,16:10,Plein jour,75,75112,2,1,1,3.0,ECHANGEUR BERCY,48.827646,2.393653,16:10:00,2024-04-30
202400000812,14:00,Plein jour,75,75116,2,1,1,3.0,BD PERIPHERIQUE EXTERIEUR,48.87388971,2.27520669,14:00:00,2024-04-30
202400000813,04:30,Nuit sans éclairage,17,17101,1,1,1,7.0,D221,45.957975,-0.350565,04:30:00,2024-08-14
202400000814,04:30,,75,75112,2,1,1,3.0,BD PERIPHERIQUE EXTERIEUR,48.827816,2.394984,04:30:00,2024-04-30
202400000815,01:50,,75,75105,2,3,1,3.0,RUE MONGE,48.841655,2.351981,01:50:00,2024-04-30
202400000816,13:50,Plein jour,48,48051,1,1,1,3.0,RN106 - PK 003,44.245875,3.947847,13:50:00,2024-08-13
202400000817,17:03,Plein jour,75,75120,2,3,1,6.0,AVENUE GAMBETTA,48.864976,2.397353,17:03:00,2024-04-30
202400000818,10:50,Plein jour,06,06152,1,1,1,6.0,447 Route d’Antibes,43.623798,7.004196,10:50:00,2024-08-14
202400000819,08:20,Plein jour,75,75120,2,2,2,3.0,BOULEVARD DAVOUT,48.853493,2.410592,08:20:00,2024-04-30
202400000820,01:00,Nuit sans éclairage,60,60533,1,1,1,2.0,A1,49.54042885,2.72695684,01:00:00,2024-08-14
202400000821,08:29,Plein jour,75,75120,2,2,8,3.0,BOULEVARD DE CHARONNE,48.848877,2.399418,08:29:00,2024-04-30
202400000822,12:45,Plein jour,974,97408,2,1,1,2.0,Rue Leconte de Lisle,-20.937137,55.332545,12:45:00,2024-08-13
202400000823,19:50,Plein jour,75,75115,2,2,1,1.0,AVENUE DE LA PORTE BRANCION,48.828493,2.30137,19:50:00,2024-04-30
202400000824,19:00,,971,97114,2,1,1,3.0,Rue de l'hermitage - D43,16.134029,-61.577822,19:00:00,2024-07-30
202400000825,10:55,Plein jour,75,75114,2,3,1,6.0,AVENUE DU GENERAL LECLERC,48.83308,2.33152,10:55:00,2024-04-29
202400000826,20:30,Plein jour,34,34145,1,2,1,1.0,D61,43.668873,4.143401,20:30:00,2024-08-11
202400000827,17:30,Plein jour,34,34145,2,1,1,3.0,Avenue du General de Gaulle,43.67983,4.144582,17:30:00,2024-06-27
202400000828,19:35,Plein jour,75,75112,2,3,1,3.0,BOULEVARD DIDEROT,48.84763,2.389053,19:35:00,2024-04-29
202400000829,16:00,Plein jour,83,83047,2,1,1,3.0,1003 Chemin des Banons,43.125378,6.059309,16:00:00,2024-08-14
202400000830,00:20,Nuit sans éclairage,54,54186,1,6,1,7.0,D83C,48.739875,6.223428,00:20:00,2024-08-14
202400000831,22:58,,75,75108,2,3,1,3.0,BOULEVARD HAUSSMANN,48.87376681,2.32704699,22:58:00,2024-04-29
202400000832,15:43,Plein jour,03,03200,1,1,1,6.0,RD 13 - PK 2+0000 - Route de Montilly,46.574302,3.304401,15:43:00,2024-08-14
202400000833,13:30,Plein jour,75,75103,2,2,1,6.0,RUE REAUMUR,48.865988,2.353776,13:30:00,2024-04-29
202400000834,18:19,Plein jour,63,63417,1,1,1,1.0,cd943,45.82810307,3.04668674,18:19:00,2024-08-13
202400000835,20:40,Crépuscule,94,94015,2,2,2,3.0,Boulevard Georges Méliès / Boulevard Pasteur,48.83249,2.5311,20:40:00,2024-04-27
202400000836,11:30,Plein jour,38,38545,2,1,1,2.0,D1075,45.048076,5.668302,11:30:00,2024-08-12
202400000837,20:20,Plein jour,94,94038,2,1,1,1.0,Rue Paul Hochart,48.77799877,2.36326084,20:20:00,2024-04-30
202400000838,15:20,Plein jour,07,07324,2,1,1,6.0,Quai Farconnet,45.068766,4.830594,15:20:00,2024-08-14
202400000839,18:15,Plein jour,94,94022,2,3,1,3.0,Avenue Léon Gourdault / Avenue du Général Leclerc,48.7624186,2.40664691,18:15:00,2024-04-30
202400000840,11:35,Plein jour,69,69028,2,1,1,1.0,139 Chemin du Devay,45.720934,4.703462,11:35:00,2024-08-12
202400000841,16:20,Plein jour,94,94069,2,5,1,3.0,Rue du Maréchal Leclerc / Rue du Val d'Osne,48.81809,2.42438,16:20:00,2024-04-30
202400000842,18:30,Plein jour,81,81251,1,1,2,6.0,Route de la Gare,43.548136,2.08384,18:30:00,2024-08-14
202400000843,08:30,Plein jour,79,79020,1,2,1,3.0,Unknown,46.431239,-0.309645,08:30:00,2024-07-30
202400000844,07:55,Plein jour,94,94017,2,2,1,3.0,Voie Sonia Delaunay / Rue Rose,48.8121767,2.53400919,07:55:00,2024-04-24
202400000845,22:13,Nuit sans éclairage,40,40184,1,1,1,6.0,Route de Lespecier,44.17931261,-1.28807112,22:13:00,2024-08-13
202400000846,11:20,Plein jour,33,33238,1,1,1,7.0,Unknown,44.728168,-0.621779,11:20:00,2024-08-11
202400000847,18:35,Plein jour,94,94002,2,2,1,6.0,Rue Charles de Gaulle / Quai Blanqui,48.8145143,2.4121753,18:35:00,2024-04-26
202400000848,12:40,Plein jour,33,33159,1,1,1,7.0,Unknown,45.218362,-0.580451,12:40:00,2024-08-13
202400000849,18:30,Plein jour,33,33449,2,2,1,3.0,Unknown,44.895898,-0.735655,18:30:00,2024-08-01
202400000850,16:45,Plein jour,49,49298,2,6,1,3.0,route nationale,47.454903,-0.66581,16:45:00,2024-07-22
202400000851,08:10,Plein jour,14,14488,2,3,1,2.0,153 Avenue du Grand Large,49.273342,-0.254064,08:10:00,2024-08-14