Num_Acc,hrmn,lum,dep,com,agg,int,atm,col,adr,lat,long,heure,date
202400000852,03:45,Nuit sans éclairage,56,56241,1,9,1,6.0,fontenego,47.341629,-3.216215,03:45:00,2024-08-14
202400000853,17:25,Plein jour,22,22178,1,1,1,1.0,D79 lieu dit la justice,48.685634,-2.999933,17:25:00,2024-08-09
202400000854,17:20,Plein jour,13,13214,1,1,1,2.0,A507 sens Marseille - Aubagne,43.33439187,5.38303265,17:20:00,2024-08-12
202400000855,11:10,Plein jour,69,69290,1,1,1,4.0,Autoroute 43 ,45.69805,4.97661,11:10:00,2024-08-12
202400000856,17:20,Plein jour,33,33318,1,1,1,6.0,Unknown,44.78506,-0.62953,17:20:00,2024-08-12
202400000857,08:05,Plein jour,33,33013,1,1,1,3.0,Unknown,44.8687,-0.498559,08:05:00,2024-08-08
202400000858,12:20,Plein jour,75,75113,1,1,1,6.0,A6B,48.81636547,2.35978336,12:20:00,2024-08-13
202400000859,20:30,Plein jour,91,91136,1,1,1,6.0,A10 PROVINCE / RD188 PARIS,48.71515,2.26842,20:30:00,2024-08-12
202400000860,12:54,Plein jour,93,93051,1,1,1,2.0,A4,48.83550949,2.5693073,12:54:00,2024-08-13
202400000861,11:30,Plein jour,77,77450,1,1,1,7.0,RN104,48.713981,2.599719,11:30:00,2024-08-13
202400000862,18:20,Plein jour,94,94069,1,1,1,4.0,A4,48.8168746,2.44756528,18:20:00,2024-08-12
202400000863,15:40,Plein jour,94,94074,1,1,1,6.0,N406,48.76893701,2.45045185,15:40:00,2024-08-12
202400000864,09:18,Plein jour,94,94081,1,1,1,6.0,A86,48.77525185,2.41208883,09:18:00,2024-08-12
202400000865,08:15,Plein jour,77,77146,1,1,1,6.0,A4.Y,48.83168,2.647564,08:15:00,2024-08-12
202400000866,14:45,Plein jour,35,35288,2,2,1,3.0,Unknown,48.646321,-1.988633,14:45:00,2024-04-03
202400000867,16:35,Plein jour,988,98818,2,2,1,3.0,RUE DE METZ/RUE DE MAUBEUGE,-22.27744,166.44986,16:35:00,2024-08-17
202400000868,11:45,Plein jour,974,97416,2,1,1,6.0,POUDRIERE(RUE DE LA),-21.3331,55.45728,11:45:00,2024-08-12
202400000869,00:05,,974,97416,2,2,1,3.0,BONS ENFANTS (RUE DES),-21.34019,55.47539,00:05:00,2024-08-11
202400000870,16:30,Plein jour,973,97302,2,1,1,6.0,LALLOUETTE,4.93976748,-52.33316392,16:30:00,2024-08-12
202400000871,09:20,Plein jour,973,97302,2,1,1,3.0,BADUEL (ROUTE DE),4.93084,-52.30567,09:20:00,2024-08-12
202400000872,08:50,Plein jour,973,97302,2,3,1,3.0,CABASSOU (ROUTE DE),4.91994339,-52.31957486,08:50:00,2024-08-12
202400000873,20:40,,972,97213,1,1,1,5.0,AUTOROUTE A1,14.61806,-61.0344,20:40:00,2024-08-06
202400000874,10:10,Plein jour,972,97209,2,1,1,2.0,GENERAL DE GAULLE (BLD DU),14.607735,-61.070452,10:10:00,2024-08-11
202400000875,03:30,,69,69381,2,1,1,6.0,Quai André Lassagne,45.77127,4.83826,03:30:00,2024-08-12
202400000876,15:15,Plein jour,2A,2A004,1,1,1,4.0,T21,41.92748,8.77694,15:15:00,2024-08-12
202400000877,13:58,Plein jour,91,91434,2,2,1,6.0,DOCTEUR ROUX (PAIRS DU 2 AU 14)  (AVENUE,48.65524,2.34726,13:58:00,2024-08-12
202400000878,20:05,Plein jour,89,89024,1,1,1,1.0,NEUVE (RUE),47.82331,3.60518,20:05:00,2024-08-09
202400000879,16:30,Plein jour,30,30351,2,6,1,6.0,GENERAL LECLERC AVENUE DU,43.9583,4.7763,16:30:00,2024-08-07
202400000880,12:00,Plein jour,84,84007,2,2,1,3.0,AULNES(Avenue des)-MONTFAVET,43.9432,4.8657,12:00:00,2024-08-07
202400000881,08:45,Plein jour,30,30351,2,3,1,3.0,PERI AVENUE GABRIEL,43.9554,4.7921,08:45:00,2024-08-07
202400000882,18:30,Plein jour,83,83061,1,1,1,1.0,N7,43.48452255,6.7772634,18:30:00,2024-08-11
202400000883,19:10,Plein jour,80,80021,2,1,1,6.0,GEORGES GUYNEMER (RUE),49.91123,2.30058,19:10:00,2024-08-11
202400000884,14:25,Plein jour,78,78551,2,1,1,3.0,ARMAGIS,48.89723,2.08535,14:25:00,2024-08-12
202400000885,20:30,Plein jour,77,77083,2,1,1,6.0,GARENNE (RUE DE LA),48.85176,2.59843,20:30:00,2024-08-04
202400000886,13:30,Plein jour,76,76322,2,1,7,6.0,Rue Antoine Laurent de Lavoisier (Parking),49.41938,1.04434,13:30:00,2024-08-12
202400000887,09:10,Plein jour,76,76351,2,2,1,6.0,Rue des Peupliers,49.506554,0.1482922,09:10:00,2024-07-26
202400000888,18:30,Plein jour,69,69290,2,6,1,2.0,Avenue C Cité Berliet,45.70418,4.90349,18:30:00,2024-08-12
202400000889,11:40,Plein jour,69,69290,2,3,1,3.0,Chemin du Lortaret,45.71251,4.95589,11:40:00,2024-08-12
202400000890,19:10,Plein jour,67,67482,2,3,1,3.0,CICERON (RUE),48.58251,7.70344,19:10:00,2024-08-12
202400000891,01:08,,67,67462,2,1,1,6.0,STRASBOURG (ROUTE DE),48.2632,7.44983,01:08:00,2024-08-11
202400000892,20:25,Plein jour,64,64483,2,1,1,6.0,SAINT PEE (VIEILLE ROUTE DE),43.38849,-1.64824,20:25:00,2024-08-12
202400000893,23:45,,64,64102,2,1,2,7.0,AVRIL (AVENUE DU 14),43.50351,-1.4675,23:45:00,2024-08-12
202400000894,11:20,Plein jour,64,64102,2,1,1,7.0,TOMBELOLI (RUE),43.49648,-1.46913,11:20:00,2024-08-12
202400000895,09:49,Plein jour,61,61001,2,2,1,6.0,D438,48.424803,0.09114,09:49:00,2024-08-12
202400000896,12:10,Plein jour,59,59599,2,2,1,3.0,COLBERT (RUE),50.734655,3.185379,12:10:00,2024-08-12
202400000897,01:30,,59,59512,2,2,1,3.0,VIVIER (RUE DU),50.69111,3.16023,01:30:00,2024-08-12
202400000898,02:07,Nuit avec éclairage,56,56036,1,1,1,6.0,Pendreff,47.77447,-3.36798,02:07:00,2024-08-11
202400000899,14:00,Plein jour,56,56162,2,6,7,3.0,Rue des Plages,47.73246,-3.43109,14:00:00,2024-08-11
202400000900,14:35,Plein jour,54,54395,2,1,1,3.0,Place de la Carriere,48.69652,6.1811,14:35:00,2024-08-11
202400000901,19:30,Plein jour,51,51454,2,1,1,6.0,EPERNAY (AVENUE D') COTE PAIR,49.246503,4.012355,19:30:00,2024-08-11
202400000902,17:10,Plein jour,51,51454,2,1,1,3.0,FOCH (BOULEVARD),49.25944,4.028602,17:10:00,2024-08-11
202400000903,17:50,Plein jour,51,51454,2,6,1,3.0,JACOB (RUE FREDERIC) LA NEUVILLETTE,49.2819,4.01174,17:50:00,2024-08-10
202400000904,16:00,Plein jour,35,35238,2,1,1,6.0,GERMAIN (GABRIEL),48.13241,-1.69933,16:00:00,2024-08-12
202400000905,11:25,Plein jour,33,33550,2,3,1,3.0,Unknown,44.792726,-0.567316,11:25:00,2024-08-07
202400000906,20:00,Plein jour,33,33529,2,1,1,3.0,Unknown,44.64102,-1.155926,20:00:00,2024-08-12
202400000907,22:20,Nuit avec éclairage,29,29039,2,1,1,3.0,avenue de la gare,47.875545,-3.919217,22:20:00,2024-08-11
202400000908,17:50,Plein jour,29,29019,2,1,1,4.0,rue de l'Harteloire,48.393901,-4.492897,17:50:00,2024-08-12
202400000909,00:08,,27,27375,2,1,1,6.0,AMOUREUX (AVENUE DES),49.21414,1.15836,00:08:00,2024-08-12
202400000910,10:15,Plein jour,26,26198,1,1,1,1.0,Chemin de Colas,44.52535437,4.77778673,10:15:00,2024-08-12
202400000911,20:00,Plein jour,22,22187,1,9,1,6.0,RUE DE LA CROIX LORMEL,48.53384,-2.74633,20:00:00,2024-08-12
202400000912,19:00,Plein jour,14,14220,2,1,1,3.0,71 Rue Désiré le Hoc,49.35961,0.07498,19:00:00,2024-08-12
202400000913,01:00,Nuit avec éclairage,14,14715,2,1,1,6.0,Rue Berthier,49.3643,0.08671,01:00:00,2024-08-11
202400000914,22:15,,13,13208,2,1,1,3.0,MENDES FRANCE (AVENUE),43.25594,5.37658,22:15:00,2024-08-12
202400000915,12:55,Plein jour,13,13213,2,1,1,1.0,OLIVES (AVENUE DES),43.32357,5.45035,12:55:00,2024-08-11
202400000916,03:14,,13,13207,2,9,1,1.0,Corniche John Fitzgérald Kennedy,43.28475,5.35001,03:14:00,2024-08-11
202400000917,16:00,Plein jour,13,13001,2,1,1,3.0,BELGES (AV DES),43.5247483,5.44378624,16:00:00,2024-08-07
202400000918,18:25,Plein jour,07,07316,2,1,1,7.0,RUISSEAU (CHEMIN DU),44.91739,4.86017,18:25:00,2024-08-10
202400000919,17:34,Plein jour,94,94028,1,1,1,2.0,Imp Louis Pasteur Vallery Radot,48.78707,2.44233,17:34:00,2024-07-08
202400000920,10:45,Plein jour,93,93066,2,3,8,3.0,PONT SAINT LAZARE (RUE),48.94368,2.34752,10:45:00,2024-07-10
202400000921,00:25,,93,93051,2,6,1,2.0,Place Neptune / Boulevard du Levant / Avenue du Pave Neuf,48.84029,2.55091,00:25:00,2024-07-10
202400000922,14:45,Plein jour,93,93029,2,1,1,3.0,Avenue Henri Barbusse,48.92034967,2.45241374,14:45:00,2024-07-10
202400000923,18:20,Plein jour,93,93008,2,1,1,2.0,Avenue Henri Barbusse,48.90591,2.42223,18:20:00,2024-07-09
202400000924,09:30,Plein jour,93,93005,2,1,1,6.0,QUATORZE JUILLET (AVENUE DU),48.9290988,2.49526504,09:30:00,2024-07-09
202400000925,15:38,Plein jour,92,92076,2,1,2,6.0,FOCH,48.84496427,2.15274007,15:38:00,2024-07-09
202400000926,23:00,,92,92050,2,1,1,7.0,PICASSO PABLO AVENUE,48.88843527,2.22535372,23:00:00,2024-07-09
202400000927,23:15,,92,92024,2,2,1,1.0,CLICHY (QUAI DE) DE (104 A 202),48.90850924,2.300116,23:15:00,2024-07-08
202400000928,20:10,Plein jour,92,92012,2,1,1,3.0,JEAN JAURES (BOULEVARD) 217/FIN - 210/FI,48.82981565,2.24567413,20:10:00,2024-07-10
202400000929,12:40,Plein jour,92,92012,2,1,1,3.0,DOME (RUE DU),48.83270401,2.25017416,12:40:00,2024-07-10
202400000930,07:10,Plein jour,92,92007,2,6,1,6.0,CROIZAT (ROND-POINT AMBROISE),48.7970381,2.29930446,07:10:00,2024-07-09
202400000931,20:00,Plein jour,92,92002,2,3,1,3.0,GENERAL DE GAULLE (AVENUE DU),48.76306769,2.3055777,20:00:00,2024-07-10
202400000932,16:45,Plein jour,60,60232,1,2,1,3.0,D 929,49.588069,2.507844,16:45:00,2024-07-11
202400000933,04:40,Nuit sans éclairage,60,60102,1,6,1,6.0,Rue du Corroy,49.302097,2.558849,04:40:00,2024-07-11
202400000934,20:30,Plein jour,63,63026,1,1,1,7.0,D213,45.660862,3.040069,20:30:00,2024-07-09
202400000935,16:00,Plein jour,51,51433,1,1,1,7.0,D58,48.73638,4.673996,16:00:00,2024-07-10
202400000936,22:30,Crépuscule,85,85290,1,1,1,7.0,D8,46.55294,-1.019787,22:30:00,2024-07-10
202400000937,17:08,Plein jour,12,12098,2,3,7,6.0,D22,44.553449,2.671826,17:08:00,2024-07-10
202400000938,05:45,Crépuscule,71,71170,1,1,1,6.0,autoroute A6 PK318.450 sens Lyon Paris,46.90028824,4.82249644,05:45:00,2024-07-11
202400000939,12:35,Plein jour,87,87085,2,1,2,7.0,ROUSSILLON (AVENUE DU),45.81982,1.22359,12:35:00,2024-02-11
202400000940,15:12,Plein jour,87,87085,2,1,5,7.0,FITZ JAMES (RUE),45.83245,1.25923,15:12:00,2024-02-07
202400000941,17:55,Crépuscule,85,85194,2,6,2,2.0,RUE SIMONE VEIL,46.49982,-1.75642,17:55:00,2024-02-10
202400000942,16:30,Plein jour,84,84007,2,3,1,6.0,SAINT ROCH (Boulevard),43.94282,4.80538,16:30:00,2024-02-11
202400000943,18:00,Nuit sans éclairage,84,84007,1,1,2,4.0,MARSEILLE (Route de ),43.89048,4.9115,18:00:00,2024-02-10
202400000944,02:21,Nuit sans éclairage,82,82033,1,1,6,6.0,Route de Montauban,44.0341,1.17375,02:21:00,2024-02-11
202400000945,11:30,Plein jour,76,76351,2,1,1,7.0,MARECHAL JOFFRE (RUE),49.49998568,0.12858241,11:30:00,2024-02-10
202400000946,20:55,,76,76351,2,1,1,2.0,ARISTIDE BRIAND,49.5004,0.1382,20:55:00,2024-02-11
202400000947,16:10,Plein jour,76,76351,1,1,1,2.0,RD 6015,49.5021,0.18879,16:10:00,2024-02-11
202400000948,11:15,Plein jour,76,76351,2,2,2,3.0,THIRE ET BONFAIT (AV.),49.50749,0.15405,11:15:00,2024-02-10
202400000949,19:30,,70,70513,2,3,2,3.0,Avenue des Rives du Lac,47.6285,6.1288,19:30:00,2024-02-12
202400000950,17:00,Plein jour,69,69266,2,2,1,3.0,Rue Jean Bertin,45.76049328,4.92047029,17:00:00,2024-02-12
202400000951,17:15,Plein jour,64,64122,2,1,1,2.0,Unknown,43.4771,-1.5448,17:15:00,2024-02-12
202400000952,19:09,,64,64102,2,1,1,2.0,CAMILLE (AVENUE DELVAILLE),43.50647,-1.48559,19:09:00,2024-02-11
202400000953,18:05,,61,61169,2,1,3,6.0,D424,48.750378,-0.563178,18:05:00,2024-02-08
202400000954,21:20,,59,59163,2,1,1,,SANGNIER (RUE MARC),50.68459,3.15023,21:20:00,2024-02-11
202400000955,18:30,,59,59574,2,1,2,6.0,WILSON(RUE),50.34812,3.28102,18:30:00,2024-02-10
202400000956,08:00,Plein jour,55,55029,2,1,1,6.0,MARECHALE ( RUE DE LA ),48.76971,5.1639,08:00:00,2024-02-07
202400000957,16:47,Plein jour,51,51454,2,1,1,4.0,CHAMPAGNE   (  AVENUE DE),49.226781,4.028438,16:47:00,2024-02-12
202400000958,07:36,,49,49007,2,6,2,3.0,PAPIN,47.4652,-0.55715,07:36:00,2024-02-12
202400000959,07:34,,45,45147,1,1,1,6.0,231 Rue des Fosses,47.939008,1.930319,07:34:00,2024-02-12
202400000960,18:00,,37,37261,2,1,1,2.0,WAGNER (BOULEVARD RICHARD),47.37414,0.70052,18:00:00,2024-02-12
202400000961,19:00,,34,34172,2,1,2,6.0,DEZEUZE (RUE FRANCOIS),43.60867,3.84566,19:00:00,2024-02-12
202400000962,09:30,Plein jour,33,33281,2,3,8,1.0,Unknown,44.83769,-0.6673,09:30:00,2024-02-12
202400000963,18:30,Crépuscule,33,33318,2,6,1,6.0,Unknown,44.789992,-0.634767,18:30:00,2024-02-11
202400000964,18:30,,25,25056,2,1,1,3.0,ILE DE FRANCE AVENUE DE L',47.221372,5.967335,18:30:00,2024-02-12
202400000965,03:19,Nuit sans éclairage,15,15014,1,1,3,6.0,RD 35,44.94274,2.44841,03:19:00,2024-02-11
202400000966,06:20,Nuit sans éclairage,14,14243,1,1,2,6.0,870 Chemin de la Butte,49.39776,0.21438,06:20:00,2024-02-11
202400000967,17:45,Plein jour,14,14118,2,1,2,7.0,81 Boulevard Leroy,49.17294,-0.34456,17:45:00,2024-02-11
202400000968,18:25,,13,13212,2,1,1,3.0,KADDOUZ (CHEMIN),43.319,5.43937,18:25:00,2024-02-12
202400000969,18:30,Crépuscule,13,13001,2,6,1,3.0,HUIT MAI (AV DU),43.52194,5.43262,18:30:00,2024-02-12
202400000970,19:30,Nuit sans éclairage,12,12145,1,1,2,1.0,CAVALERIE (COTE DE LA ),44.08831918,3.08824664,19:30:00,2024-02-11
202400000971,17:00,Plein jour,06,06083,2,1,1,2.0,31 Avenue de Verdun,43.774647,7.496236,17:00:00,2024-02-08
202400000972,21:15,,06,06069,2,9,1,3.0,Route de Draguignan,43.64108,6.90849,21:15:00,2024-02-12
202400000973,20:45,,75,75117,2,1,1,1.0,ECHANGEUR MAILLOT,48.881911,2.282727,20:45:00,2024-02-10
202400000974,19:00,,75,75117,2,3,1,6.0,RUE DE SAUSSURE,48.888757,2.308875,19:00:00,2024-02-12
202400000975,12:20,Plein jour,75,75117,2,4,1,7.0,AVENUE DE VILLIERS,48.884433,2.301261,12:20:00,2024-02-12
202400000976,20:00,,75,75115,2,1,1,7.0,RUE DE LA CONVENTION,48.842457,2.284918,20:00:00,2024-02-12
202400000977,08:55,Plein jour,75,75110,2,2,1,6.0,RUE DU FAUBOURG SAINT MARTIN,48.881092,2.365145,08:55:00,2024-02-12
202400000978,10:00,Plein jour,75,75104,2,1,1,3.0,RUE SAINT LOUIS EN L ILE,48.850719,2.359659,10:00:00,2024-02-12
202400000979,11:25,Plein jour,93,93046,2,1,1,1.0,Boulevard Robert Schuman,48.92748,2.54797,11:25:00,2024-02-12
202400000980,02:00,,93,93063,2,1,2,1.0,Rue des Noyers,48.877273,2.43711,02:00:00,2024-02-11
202400000981,18:40,,93,93079,2,3,1,6.0,Route de Saint-Leu / Avenue Jean-Baptiste Clément,48.952976,2.336926,18:40:00,2024-02-12
202400000982,19:05,,93,93014,2,3,1,3.0,Allée de Gagny / Allée Henri Barbusse,48.90649,2.54936,19:05:00,2024-02-12
202400000983,23:30,,93,93001,2,3,1,3.0,Avenue Jean Jaurès / Allée Charles Grosperrin,48.91517644,2.40446359,23:30:00,2024-02-11
202400000984,11:00,Plein jour,92,92051,2,2,1,3.0,"BINEAU (BOULEVARD, N°133 A 217 ET 134 A",48.89073993,2.27054375,11:00:00,2024-02-12
202400000985,11:30,Plein jour,92,92040,2,6,1,2.0,STALINGRAD (QUAI DE),48.8217764,2.25018203,11:30:00,2024-02-12
202400000986,11:08,Plein jour,92,92040,2,1,1,6.0,GALLIENI (BOULEVARD),48.82851626,2.26747146,11:08:00,2024-02-12
202400000987,19:55,,92,92035,2,1,1,2.0,Général de Gaulle  ( avenue du ),48.91008511,2.25493523,19:55:00,2024-02-12
202400000988,09:00,Plein jour,974,97411,2,2,1,3.0,RONTAUNAY (RUE),-20.87591,55.448132,09:00:00,2024-06-06
202400000989,14:09,Plein jour,92,92012,2,1,1,2.0,JEAN JAURES (BOULEVARD) 63/215 - 70/208,48.831,2.245,14:09:00,2024-02-12
202400000990,17:15,Plein jour,972,97227,1,1,1,3.0,RN5,14.497179,-60.976825,17:15:00,2024-02-12
202400000991,09:50,Plein jour,971,97101,1,1,1,5.0,Frédéric JALTON,16.27904,-61.49825,09:50:00,2024-06-07
202400000992,22:20,Nuit sans éclairage,22,22030,1,1,2,6.0,route départementale 767 pr 48+0000,48.704514,-3.379004,22:20:00,2024-01-17
202400000993,09:00,Plein jour,971,97113,2,1,1,3.0,RN4 - SECTION RIVIERA,16.21227,-61.47561,09:00:00,2024-06-06
202400000994,16:25,Plein jour,974,97410,2,1,1,3.0,Route Nationale 3,-21.072297,55.703076,16:25:00,2024-02-13
202400000995,09:45,Plein jour,971,97101,1,1,1,3.0,PERRIN (SECTEUR),16.29453,-61.50138,09:45:00,2024-06-06
202400000996,21:30,Nuit sans éclairage,62,62260,1,1,3,6.0,D939,50.38459698,2.25907946,21:30:00,2024-02-08
202400000997,16:50,Plein jour,2A,2A004,2,1,1,1.0,KENNEDY AV PRESIDENT,41.93116,8.73425,16:50:00,2024-06-07
202400000998,15:00,Plein jour,91,91103,2,4,1,2.0,VC LA FRANCILIENNE,48.62506,2.29744,15:00:00,2024-06-07
202400000999,17:15,Plein jour,83,83087,1,1,2,5.0,D560,43.385402,5.749004,17:15:00,2024-02-09
202400001000,00:15,Nuit sans éclairage,19,19241,1,1,2,6.0,D21,45.67457684,2.08711839,00:15:00,2024-02-13
202400001001,18:20,Plein jour,91,91425,1,1,1,3.0,RTE DES TEMPLIERS,48.64746,2.26493,18:20:00,2024-05-28
202400001002,18:50,Plein jour,91,91201,2,1,1,3.0, HENRI BARBUSSE (BOULEVARD),48.67384,2.41214,18:50:00,2024-06-07
202400001003,07:10,Nuit sans éclairage,79,79195,2,3,5,7.0,Unknown,46.942487,-0.591781,07:10:00,2024-02-13
202400001004,15:50,Plein jour,87,87085,2,2,1,6.0,GIFFARD (RUE HENRI),45.869262,1.268361,15:50:00,2024-06-06
202400001005,07:30,Crépuscule,60,60299,1,2,1,1.0,D34,49.63394323,2.21726364,07:30:00,2024-02-13
202400001006,13:33,Plein jour,87,87085,1,4,1,3.0,COUSSADES (chemin des),45.8778,1.15929,13:33:00,2024-06-06
202400001007,23:50,Nuit sans éclairage,64,64419,1,1,1,6.0,Route Departementale 817,43.27194745,-0.20792294,23:50:00,2024-02-11
202400001008,08:00,Plein jour,07,07092,1,1,1,7.0,Unknown,44.681333,4.558934,08:00:00,2024-02-12
202400001009,07:40,Crépuscule,53,53147,2,6,1,2.0,90 Rue du Terras,48.294358,-0.61237,07:40:00,2024-02-12
202400001010,23:25,,84,84007,2,4,1,1.0,C.De GAULLE (Rocade),43.92887,4.80266,23:25:00,2024-06-07
202400001011,14:00,Plein jour,04,04209,2,1,1,6.0,Avenue de la Libération,44.191489,5.945081,14:00:00,2024-02-13
202400001012,07:30,Crépuscule,85,85140,2,1,5,3.0,28 Rue de la baudrière,46.749072,-0.815664,07:30:00,2024-02-13
202400001013,09:35,Plein jour,81,81065,2,1,1,6.0,AUDENET  (RUE SOEUR),43.6122172,2.2529368,09:35:00,2024-06-07
202400001014,14:45,Plein jour,17,17008,1,2,2,3.0,D137,46.243635,-1.015828,14:45:00,2024-02-07
202400001015,08:47,Plein jour,81,81004,2,1,1,6.0,10 Boulevard Carnot,43.92274,2.146,08:47:00,2024-06-07
202400001016,10:00,Plein jour,973,97309,2,1,1,3.0,Route de Rémire,4.89879862,-52.27390677,10:00:00,2024-02-13
202400001017,21:45,Nuit sans éclairage,44,44094,1,1,1,2.0,Unknown,47.313428,-1.412129,21:45:00,2024-02-12
202400001018,06:30,Plein jour,80,80021,2,6,1,3.0,BEAUVILLE NORD (BOULEVARD DE),49.906724,2.318116,06:30:00,2024-06-07
202400001019,02:00,Nuit sans éclairage,974,97421,1,1,5,7.0,Chemin de Mare a Martin,-21.013178,55.480195,02:00:00,2024-02-09
202400001020,21:50,Nuit sans éclairage,78,78311,2,1,1,7.0,MATTEOTI (RUE),48.936645,2.183238,21:50:00,2024-06-07
202400001021,08:17,Plein jour,13,13040,1,3,1,2.0,D6,43.479748,5.550756,08:17:00,2024-02-12
202400001022,14:00,Plein jour,11,11190,2,1,1,6.0,1 Port la Fabrique,43.248454,2.660896,14:00:00,2024-02-12
202400001023,09:00,Plein jour,84,84036,1,1,1,1.0,1580 Route du Thor,43.925282,4.960255,09:00:00,2024-02-13
202400001024,15:10,Plein jour,78,78401,2,1,1,2.0,RHIN ET DANUBE (PONT),49.00351,1.90677,15:10:00,2024-06-07
202400001025,22:40,,06,06011,2,1,1,6.0,Boulevard du Maréchal Leclerc,43.705959,7.334849,22:40:00,2024-02-12
202400001026,14:15,Plein jour,78,78401,2,9,1,6.0,TESSANCOURT (RUE DE),49.007101,1.905499,14:15:00,2024-06-07
202400001027,14:40,Plein jour,68,68154,2,6,1,2.0,Rue des Vosges,47.779223,7.347472,14:40:00,2024-02-12
202400001028,15:45,Plein jour,77,77169,2,1,1,7.0,EUROPE (AVENUE DE L'),48.83003,2.6052,15:45:00,2024-06-07
202400001029,22:00,Nuit sans éclairage,57,57413,1,1,1,6.0,lieu dit les 4 vents,49.102568,6.640881,22:00:00,2024-02-12
202400001030,12:10,Plein jour,77,77288,2,1,1,6.0,GENERAL DE GAULLE  (RUE DU),48.54389,2.66106,12:10:00,2024-06-05
202400001031,13:25,Plein jour,07,07324,2,1,1,3.0,Avenue du 8 Mai 1945,45.055347,4.836385,13:25:00,2024-02-13
202400001032,14:05,Plein jour,65,65059,2,1,1,6.0,9 Allées Jean Jaurès,43.065275,0.152648,14:05:00,2024-02-13
202400001033,18:15,Crépuscule,86,86229,2,1,1,7.0,11 Rue des Grandes Caves,47.073032,-0.0299414,18:15:00,2024-02-12
202400001034,12:26,Plein jour,77,77487,2,3,1,3.0,BUCHER (DU),48.528959,2.697188,12:26:00,2024-06-05
202400001035,13:40,Plein jour,29,29046,2,6,1,3.0,rond point du carbon,48.094678,-4.347362,13:40:00,2024-02-11
202400001036,17:00,Plein jour,77,77243,2,1,1,6.0,Boulevard du General de Gaulle,48.87588,2.70141,17:00:00,2024-06-07
202400001037,18:25,,59,59611,1,1,1,2.0,162 Rue de Messines,50.692845,2.983051,18:25:00,2024-02-01
202400001038,01:05,Nuit sans éclairage,69,69288,1,1,1,6.0,Autoroute 43,45.67041685,5.04600959,01:05:00,2024-02-12
202400001039,21:00,Plein jour,76,76540,2,1,1,7.0,Rue Lafayette,49.43242,1.08922,21:00:00,2024-06-07
202400001040,10:10,Plein jour,59,59581,1,1,1,4.0,AUTOROUTE A25,50.69879,2.79834,10:10:00,2024-02-11
202400001041,15:30,Plein jour,76,76540,2,2,1,6.0,Quai du Havre (Quai haut),49.44097,1.0828,15:30:00,2024-06-07
202400001042,18:11,Crépuscule,92,92050,1,1,2,3.0,A86,48.91427665,2.21944304,18:11:00,2024-02-09
202400001043,16:00,Plein jour,76,76540,2,3,1,7.0,Rue Bourbaki,49.43717,1.06446,16:00:00,2024-06-06
202400001044,19:50,Nuit sans éclairage,78,78640,1,1,1,2.0,N118,48.781373,2.222972,19:50:00,2024-02-11
202400001045,14:00,Plein jour,72,72181,2,1,1,2.0,MARIETTE (RUE DE LA) N° IMP 1 A 85,47.99963,0.20671,14:00:00,2024-06-07
202400001046,18:30,Nuit sans éclairage,92,92036,1,1,2,6.0,A86,48.93914505,2.30230165,18:30:00,2024-02-10
202400001047,02:29,Nuit sans éclairage,95,95500,1,1,1,1.0,A15,49.03932051,2.08540438,02:29:00,2024-02-11
202400001048,09:00,Plein jour,72,72181,2,2,1,3.0,FERBER CAPITAINE (RUE DU),47.9684,0.20818,09:00:00,2024-06-07
202400001049,07:30,Crépuscule,93,93005,1,1,1,2.0,A3,48.96017102,2.47352704,07:30:00,2024-02-11
202400001050,09:25,Plein jour,71,71270,2,2,1,6.0,HUGO (RUE VICTOR),46.30483,4.82818,09:25:00,2024-06-07
202400001051,23:00,Nuit sans éclairage,95,95500,1,1,1,2.0,A15,49.03790652,2.08943382,23:00:00,2024-02-10
202400001052,13:18,Plein jour,69,69266,2,1,1,1.0,Rue Gabriel Péri,45.77087,4.86375,13:18:00,2024-06-07
202400001053,22:30,Nuit sans éclairage,93,93027,1,1,1,6.0,A16,48.92581889,2.39958903,22:30:00,2024-02-10
202400001054,20:40,Nuit sans éclairage,92,92036,1,1,1,3.0,AUTOROUTE A86,48.93788873,2.31490731,20:40:00,2024-02-10
202400001055,23:35,,67,67482,2,3,1,3.0,TURCKHEIM (QUAI DE),48.58141,7.73861,23:35:00,2024-06-07
202400001056,17:30,Plein jour,66,66136,2,1,1,3.0,Avenue Maréchal Leclerc,42.701,2.88931,17:30:00,2024-06-07
202400001057,16:00,Plein jour,95,95241,1,1,2,1.0,N104,49.04653407,2.43883155,16:00:00,2024-02-10
202400001058,15:30,Plein jour,66,66136,2,1,1,2.0,Boulevard Aristide Briand,42.69456,2.901421,15:30:00,2024-06-07
202400001059,12:35,Plein jour,94,94081,1,1,1,5.0,A86,48.77409978,2.4089616,12:35:00,2024-02-12
202400001060,13:50,Plein jour,66,66136,2,2,1,3.0,Boulevard John-Fitzgerald Kennedy,42.6906,2.9013,13:50:00,2024-06-07
202400001061,01:44,Nuit sans éclairage,94,94069,1,1,1,6.0,A4,48.8171458,2.42648721,01:44:00,2024-02-12
202400001062,12:55,Plein jour,66,66136,2,1,1,6.0,FLANDRES/DUNKERQUE (CARREFOUR),42.68667,2.90724,12:55:00,2024-06-07
202400001063,07:50,Plein jour,66,66136,2,1,1,7.0,Chemin de Saint-Roch,42.68829,2.90918,07:50:00,2024-06-07