Num_Acc,hrmn,lum,dep,com,agg,int,atm,col,adr,lat,long,heure,date
202400001064,09:40,Plein jour,973,97302,2,1,1,5.0,BADUEL (ROUTE DE),4.92743557,-52.29076579,09:40:00,2024-02-11
202400001065,17:35,Plein jour,65,65226,1,1,1,7.0,Route de Pau,43.24075,0.01495,17:35:00,2024-06-06
202400001066,10:30,Plein jour,973,97302,2,3,1,3.0,MERE THERESA (rue),4.91832297,-52.31276393,10:30:00,2024-02-09
202400001067,18:50,Plein jour,64,64445,1,3,1,2.0,CAMI SALIE DU,43.33123,-0.3584,18:50:00,2024-06-07
202400001068,21:05,,69,69386,2,3,1,3.0,Cours Vitton,45.77024,4.8607,21:05:00,2024-02-11
202400001069,17:05,Plein jour,64,64445,2,1,1,3.0,PRESIDENT KENNEDY DU,43.3112456,-0.36339775,17:05:00,2024-06-06
202400001070,00:30,,2A,2A004,2,1,1,6.0,NAPOLEON COURS APRES BEVERINI,41.932,8.74,00:30:00,2024-02-12
202400001071,15:20,Plein jour,95,95219,2,1,2,6.0,JEAN DE FLORETTE (ALLEE),48.98298072,2.2446388,15:20:00,2024-02-11
202400001072,18:15,Plein jour,63,63113,1,2,1,3.0,BEAULIEU (CHEMIN DE),45.77051396,3.14670324,18:15:00,2024-06-06
202400001073,01:40,Nuit sans éclairage,91,91685,1,3,1,6.0,CHASSE (ROUTE DE),48.66406,2.29554,01:40:00,2024-02-12
202400001074,13:00,Plein jour,63,63113,2,2,2,3.0,RAYNAUD (RUE),45.76945255,3.09090257,13:00:00,2024-06-06
202400001075,01:40,,91,91161,2,2,1,3.0,MASSY (ROUTE DE),48.71531,2.298277,01:40:00,2024-02-11
202400001076,18:40,Plein jour,81,81065,2,2,1,3.0,HENRI  IV (RUE),43.60763,2.24191,18:40:00,2024-02-11
202400001077,23:20,,62,62270,2,2,1,3.0,D941,50.46764,2.50291,23:20:00,2024-06-06
202400001078,04:15,Nuit sans éclairage,77,77350,1,1,1,7.0,D1004,48.76764,2.64684,04:15:00,2024-02-11
202400001079,18:25,Plein jour,59,59009,2,1,1,6.0,BOIS AVENUE DU,50.63014,3.14676,18:25:00,2024-06-07
202400001080,14:25,Plein jour,69,69266,2,2,2,2.0,Boulevard du 11 Novembre 1918,45.77929427,4.86246304,14:25:00,2024-02-11
202400001081,17:10,Plein jour,59,59350,2,1,1,3.0,Rue du Faubourg d'Arras,50.6083,3.0598,17:10:00,2024-06-07
202400001082,14:50,Plein jour,64,64249,2,3,1,3.0,GETARIA(AVENUE),43.42428,-1.60471,14:50:00,2024-02-11
202400001083,11:20,Plein jour,59,59328,2,1,1,3.0,Rue de Lille,50.65157,3.04072,11:20:00,2024-06-05
202400001084,13:03,Plein jour,63,63113,2,1,1,6.0,PRADELLE (RUE DE LA),45.77397,3.1003,13:03:00,2024-02-11
202400001085,19:15,Plein jour,54,54184,2,1,1,3.0,Avenue Foch,48.705135,6.229008,19:15:00,2024-06-07
202400001086,18:29,Plein jour,60,60057,2,9,2,6.0,Rue de la Madeleine,49.4289,2.08549,18:29:00,2024-02-10
202400001087,18:45,Plein jour,54,54300,2,3,1,3.0,Avenue du General de Gaulle,48.66087,6.22678,18:45:00,2024-06-05
202400001088,23:05,,59,59350,2,1,2,1.0,Rue Armand Carrel,50.61653,3.07416,23:05:00,2024-02-10
202400001089,20:30,,54,54521,2,1,3,6.0,Rue Paul Langevin,49.47304,5.90551,20:30:00,2024-02-11
202400001090,17:29,Plein jour,54,54261,2,3,1,6.0,Avenue du Luxembourg,49.52464,5.7933,17:29:00,2024-06-07
202400001091,13:05,Plein jour,54,54382,1,1,1,6.0,RD618,49.54661,5.79952,13:05:00,2024-02-11
202400001092,07:50,Plein jour,51,51454,2,3,1,3.0,FABIEN (RUE DU COLONNEL),49.24916,4.01658,07:50:00,2024-06-07
202400001093,12:00,Plein jour,54,54036,1,3,2,7.0,D139,49.292708,6.002459,12:00:00,2024-02-11
202400001094,12:38,Plein jour,54,54099,1,4,2,7.0,D138,49.24241769,6.0245204,12:38:00,2024-02-11
202400001095,22:35,Nuit sans éclairage,51,51474,2,1,1,3.0,HARANG (RUE MARGUERITE),49.26828,3.99559,22:35:00,2024-06-06
202400001096,06:05,,45,45338,2,6,2,6.0,47bis Avenue de la Libération,47.9893,2.69522,06:05:00,2024-02-11
202400001097,17:45,Plein jour,51,51454,2,1,1,3.0,CRAYERES (RUE DES),49.24471,4.05291,17:45:00,2024-06-06
202400001098,08:45,Plein jour,50,50218,1,1,1,4.0,AVRANCHES (ROUTE D'),48.82593,-1.55997,08:45:00,2024-06-07
202400001099,19:40,,37,37261,2,1,8,3.0,MARECHAL JUIN (BD),47.42169,0.70197,19:40:00,2024-02-11
202400001100,18:34,Plein jour,50,50532,2,1,1,3.0,MATHURIN (RUE CHARLES),48.81022,-1.57033,18:34:00,2024-06-06
202400001101,16:30,Plein jour,37,37233,2,2,1,3.0,BEAUFILS (RUE MAURICE),47.39129,0.73033,16:30:00,2024-02-11
202400001102,18:15,Plein jour,50,50129,2,5,1,6.0,ABBAYE (RUE DE L'),49.64542,-1.63814,18:15:00,2024-06-06
202400001103,18:00,Plein jour,34,34172,2,1,1,1.0,PEDRO DE LUNA (BOULEVARD),43.59421,3.87217,18:00:00,2024-02-11
202400001104,19:55,Plein jour,45,45234,2,1,1,6.0,D14 PR 8 + 268,47.847438,1.937443,19:55:00,2024-06-07
202400001105,18:50,Crépuscule,34,34172,2,1,1,6.0,LOUISVILLE (AVENUE DE),43.6277,3.81554,18:50:00,2024-02-11
202400001106,18:30,Plein jour,45,45286,2,1,7,3.0,121 Route de Sandillon,47.87971,1.93516,18:30:00,2024-06-07
202400001107,20:05,,25,25580,2,6,2,3.0,Avenue du 8 Mai,47.45448,6.82883,20:05:00,2024-02-10
202400001108,08:30,Plein jour,45,45147,2,1,1,6.0,23 Rue Gustave Roland,47.930193,1.912986,08:30:00,2024-06-07
202400001109,08:10,Plein jour,42,42218,2,6,3,6.0,Place Paul-Louis Courier,45.4093,4.3866,08:10:00,2024-05-15
202400001110,07:57,,25,25056,2,3,1,5.0,CHURCHILL BD WINSTON (inf 12),47.252546,6.014362,07:57:00,2024-02-11
202400001111,08:25,Crépuscule,22,22113,1,1,1,7.0,TREGUIER (ROUTE DE),48.74254,-3.41498,08:25:00,2024-02-11
202400001112,12:45,Plein jour,40,40192,2,3,1,3.0,DUCOM (AV ÉLOI),43.89072776,-0.48745575,12:45:00,2024-06-05
202400001113,18:10,Crépuscule,22,22113,1,1,1,7.0,R.D.767,48.71549,-3.3979,18:10:00,2024-02-10
202400001114,18:00,Plein jour,38,38179,2,2,2,1.0,RUE DE LA CONDAMINE,45.18524,5.77889,18:00:00,2024-06-07
202400001115,17:30,,13,13209,2,1,3,7.0,MICHELET (BOULEVARD),43.25926,5.39768,17:30:00,2024-02-09
202400001116,04:05,,37,37261,2,3,1,6.0,CHURCHILL (BOULEVARD WINSTON),47.3733161,0.68673402,04:05:00,2024-06-06
202400001117,10:45,Plein jour,05,05061,2,1,1,6.0,JEAN JAURES ( AVENUE ),44.553359,6.07283,10:45:00,2024-01-31
202400001118,09:15,Plein jour,35,35278,2,1,1,6.0,DE GAULLE (AVENUE GENERAL),48.15432,-1.68668,09:15:00,2024-06-07
202400001119,11:10,Plein jour,75,75117,2,1,8,2.0,PORTE DE CHAMPERRET,48.885277,2.287123,11:10:00,2024-02-09
202400001120,14:40,Plein jour,31,31582,1,1,1,6.0,D25,43.408939,1.71684,14:40:00,2024-10-24
202400001121,08:50,Plein jour,35,35238,2,2,1,3.0,SAINT-HELIER,48.10698,-1.67057,08:50:00,2024-06-07
202400001122,15:00,Plein jour,75,75119,2,3,1,6.0,AVENUE SECRETAN,48.880173,2.375637,15:00:00,2024-02-11
202400001123,10:45,Plein jour,75,75117,2,2,2,6.0,RUE JACQUES KELLNER,48.895848,2.326736,10:45:00,2024-02-10
202400001124,22:00,,34,34172,2,1,1,2.0,LIBERTE (AVENUE DE LA,43.61165,3.82703,22:00:00,2024-06-07
202400001125,15:50,Plein jour,03,03176,1,1,1,5.0,12 Route du Bourbonnais,46.367239,3.287224,15:50:00,2024-10-25
202400001126,11:15,Plein jour,34,34172,2,1,1,2.0,BRANDT (CARREFOUR WILLY),43.60969,3.82239,11:15:00,2024-06-07
202400001127,00:40,,75,75115,2,3,1,6.0,RUE DU COMMERCE,48.848543,2.297281,00:40:00,2024-02-11
202400001128,11:00,Plein jour,75,75115,2,3,2,6.0,RUE GRAMME,48.845569,2.294644,11:00:00,2024-02-10
202400001129,20:05,Plein jour,34,34172,2,2,1,3.0,MAURIN (AVENUE DE,43.59991,3.87528,20:05:00,2024-06-06
202400001130,14:30,Plein jour,58,58047,1,1,1,7.0,D945,47.225951,3.757657,14:30:00,2024-10-24
202400001131,16:25,Plein jour,75,75115,2,2,2,6.0,RUE SAINT CHARLES,48.845512,2.28456,16:25:00,2024-02-11
202400001132,19:25,Crépuscule,34,34003,2,1,1,2.0,D 912 VIAS (ROUTE DE),43.31441,3.45962,19:25:00,2024-06-07
202400001133,11:20,Plein jour,66,66016,2,9,1,6.0,Avenue de la Republique,42.48203,3.128911,11:20:00,2024-10-24
202400001134,12:30,Plein jour,75,75112,2,7,1,3.0,PLACE DU BATAILLON DU PACIFIQUE,48.840243,2.379225,12:30:00,2024-02-09
202400001135,23:40,,33,33063,2,6,1,1.0,Unknown,44.89648,-0.55085,23:40:00,2024-06-07
202400001136,16:20,Plein jour,72,72328,2,1,1,6.0,15 Rue du Bignon,48.032832,0.243063,16:20:00,2024-10-24
202400001137,12:30,Plein jour,33,33069,2,1,2,6.0,Unknown,44.870083,-0.611768,12:30:00,2024-06-07
202400001138,06:40,,75,75110,2,2,2,7.0,BOULEVARD DE MAGENTA,48.873793,2.358301,06:40:00,2024-02-11
202400001139,01:00,,33,33063,2,3,1,6.0,Unknown,44.83511,-0.56434,01:00:00,2024-06-06
202400001140,01:01,Nuit avec éclairage,75,75108,2,7,1,3.0,PLACE DE LA CONCORDE,48.865896,2.319917,01:01:00,2024-02-11
202400001141,22:45,,06,06108,2,1,1,6.0,654 Boulevard des Mimosas,43.580002,6.96012,22:45:00,2024-10-24
202400001142,19:00,Plein jour,29,29232,2,1,1,2.0,Rue de Benodet,47.966276,-4.084219,19:00:00,2024-06-07
202400001143,04:00,Nuit sans éclairage,50,50182,1,1,2,6.0,D2,49.179462,-1.483098,04:00:00,2024-10-25
202400001144,17:00,Plein jour,75,75107,2,2,2,6.0,QUAI BRANLY,48.860542,2.295624,17:00:00,2024-02-10
202400001145,10:30,Plein jour,29,29019,2,6,1,2.0,PEN AR CH'LEUZ,48.415183,-4.479709,10:30:00,2024-06-06
202400001146,10:14,Plein jour,09,09057,1,1,1,6.0,D618,42.899912,1.307786,10:14:00,2024-10-24
202400001147,08:00,Plein jour,94,94022,2,3,2,1.0,Boulevard de Stalingrad / Bretelle A86,48.77278,2.40011,08:00:00,2024-02-11
202400001148,22:15,,94,94069,2,4,2,7.0,Rue Paul Verlaine / Rue du Maréchal Leclerc,48.815844,2.458661,22:15:00,2024-02-10
202400001149,11:00,Plein jour,16,16044,1,2,1,3.0,La Croix du Charme,46.018862,0.273322,11:00:00,2024-10-21
202400001150,15:35,Plein jour,93,93030,2,3,2,2.0,Avenue du Général de Gaulle / Rue du Pdt Georges Pompidou,48.948242,2.414141,15:35:00,2024-02-11
202400001151,08:35,Plein jour,27,27229,2,6,1,3.0,DUGUESCLIN (RUE),49.01703,1.17098,08:35:00,2024-06-06
202400001152,19:00,Crépuscule,16,16303,1,1,1,1.0,départemental 5,45.463011,-0.108787,19:00:00,2024-10-24
202400001153,00:15,,93,93005,2,1,1,7.0,Allée Circulaire,48.92012317,2.49975845,00:15:00,2024-02-11
202400001154,07:00,Nuit avec éclairage,92,92025,2,1,2,3.0,PONT DE BEZONS,48.91938285,2.22231209,07:00:00,2024-02-11
202400001155,21:45,Crépuscule,22,22106,1,3,1,1.0,CHEMIN DES NOUETTES,48.5117,-2.7078,21:45:00,2024-06-07
202400001156,02:38,,92,92024,2,1,1,6.0,GENNEVILLIERS (PONT DE),48.91216698,2.31160605,02:38:00,2024-02-11
202400001157,18:10,Plein jour,21,21054,2,1,1,6.0,Route de Pommard,47.016832,4.823216,18:10:00,2024-06-05
202400001158,21:50,Nuit sans éclairage,07,07090,1,1,2,3.0,RD104 GAGNE,44.739921,4.655714,21:50:00,2024-10-24
202400001159,20:20,,92,92012,2,9,1,3.0,ANDRE MORIZET (AVENUE) - 49/FIN - 54/FIN,48.83935984,2.23134828,20:20:00,2024-02-11
202400001160,17:22,Plein jour,19,19031,2,1,1,6.0,POINCARE (AVENUE),45.15602,1.53526,17:22:00,2024-06-07
202400001161,07:33,,60,60223,2,6,1,6.0,Rue des Sablons,49.42608,2.646718,07:33:00,2024-02-12
202400001162,12:00,Plein jour,53,53097,2,6,1,3.0,Boulevard de Rochemado,48.156231,-0.396522,12:00:00,2024-10-23
202400001163,22:25,,17,17291,1,3,1,7.0,ONZE NOVEMBRE   RUE DU,46.173,-1.119,22:25:00,2024-06-07
202400001164,13:53,Plein jour,85,85039,1,1,1,6.0,Rue de la minée,47.007577,-1.21429,13:53:00,2024-10-25
202400001165,18:56,,91,91235,2,2,2,6.0,Rue de l'Ecoute S'Il Pleut,48.641184,2.363898,18:56:00,2024-02-12
202400001166,19:45,Plein jour,17,17274,2,9,1,3.0,GRANDE RUE   RUE,46.152,-1.104,19:45:00,2024-06-07
202400001167,02:15,Nuit sans éclairage,85,85108,1,1,1,6.0,D763,46.93213,-1.36058,02:15:00,2024-10-25
202400001168,17:20,Plein jour,71,71286,1,1,1,1.0,D980,46.593854,4.502002,17:20:00,2024-02-12
202400001169,00:20,,13,13001,2,3,1,3.0,MALACRIDA HENRI (AV),43.51442,5.46986,00:20:00,2024-06-07
202400001170,08:00,Plein jour,09,09225,2,3,8,3.0,RIJOLE AVENUE DE LA,43.12411,1.62092,08:00:00,2024-06-07
202400001171,21:15,Nuit sans éclairage,33,33284,1,1,1,4.0,Unknown,44.665471,-0.81706,21:15:00,2024-10-24
202400001172,01:15,,33,33081,2,2,3,1.0,D230,44.634956,-0.308545,01:15:00,2024-02-10
202400001173,07:05,Crépuscule,31,31022,2,1,6,6.0,65 Route de Fronton,43.664531,1.430449,07:05:00,2024-02-10
202400001174,20:10,Nuit sans éclairage,987,98715,1,1,1,6.0,"Route du mont MARAU, pk 5.5",-17.575671,-149.5917,20:10:00,2024-10-24
202400001175,17:35,Plein jour,06,06069,2,3,1,2.0,77 Avenue Sidi Brahim,43.6487,6.9364,17:35:00,2024-06-06
202400001176,19:30,Plein jour,974,97401,2,1,1,1.0,route départementale 11,-21.251052,55.341734,19:30:00,2024-02-12
202400001177,20:20,Plein jour,01,01451,1,9,1,2.0,PARIS (ROUTE DE),46.22835,5.20353,20:20:00,2024-06-07
202400001178,14:15,Plein jour,69,69027,2,1,1,6.0,163 Rue du Général de Gaulle,45.671997,4.753459,14:15:00,2024-10-22
202400001179,07:10,Plein jour,75,75119,2,1,1,3.0,PORTE DES LILAS,48.882114,2.401694,07:10:00,2024-06-06
202400001180,19:10,Nuit sans éclairage,40,40014,1,1,1,6.0,Autoroute A65 - PK 56.600 - sens vers PAU,44.061501,-0.312424,19:10:00,2024-02-11
202400001181,20:05,Nuit sans éclairage,17,17157,1,1,1,2.0,A10,45.89967,-0.593734,20:05:00,2024-10-23
202400001182,18:00,Nuit sans éclairage,21,21247,1,1,3,7.0,A6,47.482324,4.17601,18:00:00,2024-02-11
202400001183,07:41,Plein jour,974,97408,1,1,1,6.0,Chemin Departemental 41,-20.924754,55.367408,07:41:00,2024-10-21
202400001184,16:30,Plein jour,75,75119,2,3,1,3.0,RUE D AUBERVILLIERS,48.887326,2.367058,16:30:00,2024-06-07
202400001185,14:45,Plein jour,43,43191,1,1,1,2.0,a75 pk 52+800,45.361976,3.282681,14:45:00,2024-02-11
202400001186,15:50,Plein jour,75,75118,2,3,1,3.0,RUE DE LA CHAPELLE,48.893307,2.359676,15:50:00,2024-06-07
202400001187,13:30,Plein jour,37,37194,1,1,1,3.0,A10,47.4984739,0.8493939,13:30:00,2024-02-06
202400001188,18:10,Plein jour,13,13087,1,3,1,3.0,D7N,43.489257,5.637993,18:10:00,2024-06-21
202400001189,12:00,Plein jour,75,75116,2,3,1,3.0,BOULEVARD MURAT,48.83951,2.256549,12:00:00,2024-06-07
202400001190,09:30,Plein jour,61,61385,1,1,1,7.0,A28 PK203+920,48.79663,0.336477,09:30:00,2024-02-12
202400001191,01:20,Nuit avec éclairage,45,45155,2,1,1,6.0,13 Place du Château,47.685987,2.630161,01:20:00,2024-10-22
202400001192,16:45,Plein jour,75,75116,2,3,1,6.0,AVENUE RAYMOND POINCARE,48.870876,2.288,16:45:00,2024-06-04
202400001193,17:10,Plein jour,91,91376,1,1,1,7.0,Rue Panhard et Levassor,48.579051,2.290177,17:10:00,2024-10-25
202400001194,18:30,Plein jour,75,75114,2,1,1,6.0,RUE GEORGES DE PORTO RICHE,48.821872,2.328298,18:30:00,2024-06-06
202400001195,19:50,Nuit sans éclairage,56,56031,1,1,2,5.0,8 le poteau,47.863356,-3.015087,19:50:00,2024-02-10
202400001196,18:30,Plein jour,75,75112,2,1,1,2.0,BD PERIPHERIQUE EXTERIEUR,48.829525,2.401228,18:30:00,2024-05-31
202400001197,05:00,Nuit sans éclairage,84,84129,1,1,5,6.0,D183,44.026778,4.882227,05:00:00,2024-10-12
202400001198,18:25,Plein jour,75,75111,2,3,1,3.0,RUE SAINT MAUR,48.869102,2.374266,18:25:00,2024-06-07
202400001199,19:45,Nuit sans éclairage,81,81145,1,1,1,1.0,D999 - Route de MONTAUBAN,43.9124582,1.8344118,19:45:00,2024-02-11
202400001200,21:00,Crépuscule,83,83068,2,3,1,3.0,Route du Littoral,43.29155428,6.61025923,21:00:00,2024-07-29
202400001201,09:33,Plein jour,75,75110,2,1,1,1.0,PLACE DE LA REPUBLIQUE,48.868141,2.363726,09:33:00,2024-06-07
202400001202,09:55,Plein jour,42,42302,2,1,7,6.0,Rue de la Flache,45.489505,4.450386,09:55:00,2024-02-11
202400001203,09:00,Plein jour,06,06048,1,1,8,6.0,2557 Route Departementale 2204,43.798699,7.354708,09:00:00,2024-10-25
202400001204,18:50,Plein jour,75,75109,2,2,1,6.0,RUE CHORON,48.87758,2.340758,18:50:00,2024-06-06
202400001205,15:50,Plein jour,47,47174,1,2,2,3.0,D930,44.064045,0.371121,15:50:00,2024-02-10
202400001206,17:25,Plein jour,89,89257,2,3,7,3.0,81 Avenue Jean Jaures,47.963597,3.510515,17:25:00,2024-10-24
202400001207,19:00,Plein jour,75,75116,2,1,1,3.0,BOULEVARD SUCHET,48.849842,2.259854,19:00:00,2024-06-07
202400001208,13:05,Plein jour,75,75107,2,1,1,6.0,BOULEVARD DES INVALIDES,48.851081,2.314609,13:05:00,2024-06-07
202400001209,13:05,Plein jour,29,29026,1,1,1,3.0,RN 164,48.21705513,-4.04317276,13:05:00,2024-02-10
202400001210,11:50,Plein jour,68,68163,2,9,1,3.0,Rue du Moulin,47.658447,7.510153,11:50:00,2024-10-22
202400001211,10:00,Plein jour,75,75107,2,2,1,6.0,AVENUE DU MARECHAL GALLIENI,48.862836,2.313453,10:00:00,2024-06-07
202400001212,14:00,Plein jour,31,31136,2,1,1,3.0,Avenue de Toulouse,43.74887,1.431988,14:00:00,2024-02-09
202400001213,09:00,Plein jour,75,75107,2,3,1,7.0,QUAI D ORSAY,48.862296,2.306317,09:00:00,2024-06-07
202400001214,19:40,Nuit sans éclairage,03,03170,1,1,1,6.0,route départementale 73 03210,46.514726,3.091546,19:40:00,2024-01-26
202400001215,21:40,,57,57596,1,1,1,6.0,5 Rue du Hérapel,49.159647,6.857682,21:40:00,2024-10-24
202400001216,04:18,,75,75107,2,1,1,6.0,AVENUE DE LA BOURDONNAIS,48.859592,2.29712,04:18:00,2024-06-07
202400001217,14:45,Plein jour,58,58065,2,1,1,6.0,7 Rue du Docteur Duret,47.05416,3.658228,14:45:00,2024-02-12
202400001218,18:20,Nuit sans éclairage,72,72247,1,1,1,7.0,lieu dit le tertre,47.99099,0.12723,18:20:00,2024-02-12
202400001219,23:00,,94,94078,2,7,1,2.0,Place Hector Berlioz / Rue Jean-jacques Rousseau,48.746199,2.446868,23:00:00,2024-06-06
202400001220,14:20,Plein jour,07,07272,1,1,3,7.0,D1,44.50832,4.415216,14:20:00,2024-10-24
202400001221,07:30,Nuit sans éclairage,14,14311,1,2,1,5.0,D139,49.144057,-0.549724,07:30:00,2024-02-05
202400001222,20:30,Plein jour,94,94011,2,3,1,6.0,Mail de la Résistance / Rue Jean Macé,48.76598,2.48521,20:30:00,2024-06-06
202400001223,15:00,Plein jour,01,01185,2,2,3,6.0,Rue du Col de la Lèbe,45.950603,5.61153,15:00:00,2024-10-12
202400001224,12:15,Plein jour,50,50353,1,1,1,6.0,Boulevard de la Porte du Roy,48.631774,-1.50841,12:15:00,2024-02-12
202400001225,15:30,Plein jour,94,94073,2,3,7,6.0,Avenue René Panhard / Avenue Raymond Poincaré,48.763245,2.400465,15:30:00,2024-06-07
202400001226,02:00,Nuit sans éclairage,09,09285,1,1,1,6.0,D3,42.847511,1.192532,02:00:00,2024-02-12
202400001227,11:43,Plein jour,01,01385,1,3,1,3.0,D936,46.197745,5.169475,11:43:00,2024-10-23
202400001228,20:45,Nuit sans éclairage,43,43153,1,1,8,7.0,RN 88 ,45.32758608,4.239685,20:45:00,2024-02-11
202400001229,08:12,Plein jour,94,94077,2,2,1,3.0,Avenue Victor Hugo / Rue Serge Voyer,48.732428,2.416717,08:12:00,2024-06-07
202400001230,18:40,,40,40122,2,1,1,7.0,Rue de Bayonne,43.825464,-0.554965,18:40:00,2024-02-11
202400001231,07:50,Plein jour,33,33114,1,1,5,2.0,Unknown,45.109559,-0.379377,07:50:00,2024-10-23
202400001232,18:14,Nuit sans éclairage,87,87203,1,1,1,6.0,Route des Intendants,45.639028,1.41549,18:14:00,2024-02-08
202400001233,19:45,Plein jour,94,94018,2,1,7,3.0,Quai de Bercy,48.82588,2.39263,19:45:00,2024-06-07
202400001234,02:30,Nuit sans éclairage,14,14609,1,1,1,3.0,Route de Littry,49.267525,-0.736814,02:30:00,2024-10-24
202400001235,19:08,Plein jour,94,94011,2,1,1,6.0,Place des Libertés,48.76449,2.4861,19:08:00,2024-06-07
202400001236,04:47,Nuit sans éclairage,62,62876,1,1,1,6.0,D929,50.07941,2.796535,04:47:00,2024-10-25
202400001237,14:45,Plein jour,13,13091,1,1,1,1.0,RD7 N ZONE DE LA PILE,43.615052,5.318574,14:45:00,2024-02-12
202400001238,12:47,Plein jour,94,94002,2,2,1,3.0,Rue de Seine / Rue Véron,48.809964,2.414322,12:47:00,2024-06-07
202400001239,13:00,Plein jour,59,59645,1,1,1,7.0,D148,50.269292,3.242941,13:00:00,2024-10-25
202400001240,21:30,Nuit sans éclairage,971,97115,1,1,2,6.0,Chemin de Ravine Houel,16.253618,-61.665957,21:30:00,2024-02-10
202400001241,17:25,Plein jour,93,93071,2,3,1,3.0,Rue d'Aulnay / Avenue de la Garenne de Fontenay,48.939614,2.511302,17:25:00,2024-06-07
202400001242,04:21,,13,13215,1,1,1,2.0,A7-Sens Lyon vers Marseille,43.34676777,5.37260261,04:21:00,2024-10-20
202400001243,15:56,Plein jour,77,77382,2,2,2,6.0,Avenue du Marechal Foch,48.900478,2.871541,15:56:00,2024-02-10
202400001244,02:40,,93,93070,2,1,1,6.0,Rue des Bateliers,48.91248,2.32749,02:40:00,2024-06-07
202400001245,18:00,,77,77349,2,2,2,1.0,D13,49.0794,2.67622,18:00:00,2024-02-08
202400001246,18:50,Plein jour,33,33550,1,1,1,2.0,Unknown,44.770624,-0.554771,18:50:00,2024-10-23
202400001247,01:10,Nuit sans éclairage,93,93055,2,1,1,3.0,OURCQ (QUAI DE L'),48.89536937,2.41486788,01:10:00,2024-06-07
202400001248,17:25,Plein jour,13,13035,1,1,1,3.0,D17,43.693531,5.042934,17:25:00,2024-02-11
202400001249,08:10,Plein jour,93,93032,2,3,1,3.0,ARISTIDE BRIAND (RUE),48.87856505,2.53303528,08:10:00,2024-06-07
202400001250,17:30,Crépuscule,44,44047,2,1,1,6.0,62 Rue Alexandre Olivier,47.216864,-1.725234,17:30:00,2024-02-09
202400001251,17:58,Plein jour,59,59009,1,1,1,2.0,ROUTE NATIONALE 227,50.64539,3.14544,17:58:00,2024-10-23
202400001252,07:45,Crépuscule,27,27348,1,1,1,7.0,Rue de Paris,49.31217,1.158028,07:45:00,2024-02-12
202400001253,09:15,Plein jour,93,93032,2,2,1,3.0,Rue du Rond Point / Rue du Chanoine Monsanglant,48.87299,2.55608,09:15:00,2024-06-06
202400001254,18:07,Plein jour,59,59350,1,1,1,2.0,ROUTE NATIONALE 356,50.62213,3.08304,18:07:00,2024-10-23
202400001255,01:45,Nuit sans éclairage,60,60528,1,1,2,7.0,D153,49.24198622,1.87521601,01:45:00,2024-02-12
202400001256,14:50,Plein jour,93,93008,2,3,1,6.0,Rue Pierre Sémard / Rue de Carency,48.91105,2.44647,14:50:00,2024-06-07
202400001257,17:40,Plein jour,62,62637,1,1,2,2.0,A1,50.4652473,2.97548977,17:40:00,2024-10-21
202400001258,07:40,Crépuscule,59,59125,2,1,8,1.0,Pont de Cantigneul,50.15449,3.184699,07:40:00,2024-02-10
202400001259,07:10,Crépuscule,59,59491,1,1,1,7.0,AUTOROUTE A23,50.40626,3.44208,07:10:00,2024-10-22
202400001260,15:28,Plein jour,92,92051,2,2,1,3.0,"VICTOR HUGO (BOULEVARD, N° 9 A 49 ET 16",48.88744563,2.27856874,15:28:00,2024-06-07
202400001261,08:45,Plein jour,59,59578,2,1,1,1.0,63 Rue d'Aire,50.672739,2.479096,08:45:00,2024-02-12
202400001262,13:15,Plein jour,92,92050,2,1,1,6.0,STALINGRAD RUE DE,48.89415,2.19574,13:15:00,2024-06-06
202400001263,19:30,Nuit sans éclairage,62,62637,1,1,1,2.0,A1,50.46699873,2.97611872,19:30:00,2024-10-18
202400001264,16:05,Plein jour,13,13215,1,1,1,2.0,A7-Sens Marseille vers Lyon,43.36643455,5.36080529,16:05:00,2024-02-11
202400001265,16:50,Plein jour,92,92044,2,1,1,6.0,BINEAU (BOULEVARD),48.8865277,2.28471422,16:50:00,2024-06-07
202400001266,19:30,Nuit sans éclairage,91,91136,1,1,1,2.0,AUTOROUTE A10,48.71385218,2.27453396,19:30:00,2024-10-24
202400001267,08:00,Plein jour,13,13043,1,1,1,7.0,A55-Sens Martigues vers Marseille,43.39123,5.26418,08:00:00,2024-02-11
202400001268,20:54,Plein jour,92,92024,2,9,1,3.0,PIERRE CURIE (RUE),48.90210973,2.31427217,20:54:00,2024-06-07
202400001269,00:45,Nuit sans éclairage,13,13015,1,1,1,2.0,A51-Sens Aix en Provence vers Marseille,43.45328,5.39642,00:45:00,2024-02-11
202400001270,08:25,Plein jour,92,92024,2,6,1,6.0,TROIS PAVILLONS (RUE DES),48.91076484,2.31299043,08:25:00,2024-06-07
202400001271,08:55,Plein jour,91,91037,1,1,1,2.0,AUTOROUTE A6,48.53927939,2.49890007,08:55:00,2024-10-24
202400001272,07:45,Plein jour,92,92012,2,1,1,2.0,JEAN JAURES (BOULEVARD) 2/68 - COTE PAIR,48.8453118,2.23713273,07:45:00,2024-06-07
202400001273,18:20,Plein jour,92,92025,1,1,1,3.0,A86,48.92201331,2.22672771,18:20:00,2024-10-24