Num_Acc,hrmn,lum,dep,com,agg,int,atm,col,adr,lat,long,heure,date
202400001274,00:39,Nuit sans éclairage,13,13015,1,1,1,2.0,A51-Sens Aix en Provence vers Marseille,43.45328,5.39642,00:39:00,2024-02-11
202400001275,22:18,Nuit sans éclairage,13,13033,1,1,3,3.0,A55-Sens Marseille vers Martigues,43.37297691,5.18996026,22:18:00,2024-02-09
202400001276,17:30,Plein jour,92,92036,1,1,1,2.0,A86,48.93510157,2.26605905,17:30:00,2024-10-24
202400001277,18:30,Plein jour,50,50541,1,1,1,4.0,6 Les Pas,48.836906,-1.4853,18:30:00,2024-06-05
202400001278,04:14,Nuit sans éclairage,13,13085,1,1,3,3.0,A50-Sens Toulon vers Aubagne,43.255,5.5939,04:14:00,2024-02-10
202400001279,19:00,Nuit sans éclairage,78,78322,1,1,1,4.0,A86 EXT,48.781401,2.167502,19:00:00,2024-10-23
202400001280,12:00,Plein jour,47,47145,2,3,1,1.0,Chemin de MONSEIGNE,44.129103,0.662296,12:00:00,2024-06-08
202400001281,03:22,Nuit sans éclairage,13,13005,1,1,3,7.0,A52-Sens Toulon vers Pont de l'Etoile,43.324,5.59914,03:22:00,2024-02-10
202400001282,08:20,Plein jour,92,92025,1,1,5,3.0,A86,48.92201331,2.22672771,08:20:00,2024-10-23
202400001283,00:30,Nuit sans éclairage,35,35180,1,1,1,7.0,le Clos d'Ahaut,48.285467,-1.916374,00:30:00,2024-06-08
202400001284,21:15,Nuit sans éclairage,91,91103,1,1,1,7.0,RN 104,48.62457,2.301051,21:15:00,2024-02-11
202400001285,02:10,,91,91235,2,6,1,6.0,Rue Edouard Aubert,48.622889,2.367607,02:10:00,2024-06-08
202400001286,15:55,Plein jour,93,93005,1,1,1,4.0,AUTOROUTE A3,48.96120283,2.4736986,15:55:00,2024-10-23
202400001287,18:20,Nuit sans éclairage,91,91235,1,1,1,1.0,RN 104,48.62694,2.35422,18:20:00,2024-02-11
202400001288,20:26,Crépuscule,18,18070,1,3,7,1.0,La Sauloie,47.501629,2.563052,20:26:00,2024-06-06
202400001289,21:20,Nuit sans éclairage,91,91136,1,1,2,6.0,AUTOROUTE A10,48.7106,2.2874,21:20:00,2024-02-10
202400001290,09:50,Plein jour,93,93007,1,1,1,3.0,AUTOROUTE A1,48.94617059,2.44137667,09:50:00,2024-10-23
202400001291,07:55,Crépuscule,49,49092,1,1,1,1.0,D 84,47.207091,-0.636113,07:55:00,2024-06-07
202400001292,23:35,Nuit sans éclairage,91,91689,1,9,2,2.0,AUTOROUTE A6A,48.74858692,2.32746005,23:35:00,2024-02-10
202400001293,15:45,Plein jour,94,94073,1,1,1,3.0,A86,48.76675234,2.37881635,15:45:00,2024-10-24
202400001294,02:55,Nuit sans éclairage,974,97414,1,1,1,3.0,81c Îlet Furcy,-21.24263843,55.45336103,02:55:00,2024-06-08
202400001295,22:00,Nuit sans éclairage,91,91689,1,1,2,2.0,AUTOROUTE A6A,48.739122,2.319796,22:00:00,2024-02-10
202400001296,12:06,Plein jour,94,94073,1,1,1,2.0,A86,48.76035941,2.38284097,12:06:00,2024-10-24
202400001297,05:24,Crépuscule,14,14436,1,1,1,2.0,N13,49.25076393,-0.68216085,05:24:00,2024-06-08
202400001298,07:00,Nuit sans éclairage,94,94017,1,1,1,2.0,A4,48.82816654,2.50398825,07:00:00,2024-10-24
202400001299,17:10,Crépuscule,92,92036,1,1,3,2.0,A86,48.93602815,2.28853583,17:10:00,2024-02-10
202400001300,13:45,Plein jour,71,71443,1,2,8,3.0,D970,46.923795,4.943681,13:45:00,2024-06-06
202400001301,06:05,Nuit sans éclairage,77,77083,1,1,1,2.0,A4.W,48.83120762,2.60505058,06:05:00,2024-10-24
202400001302,02:35,Nuit avec éclairage,95,95500,1,1,1,4.0,A15,49.03923046,2.08563124,02:35:00,2024-02-11
202400001303,15:40,Plein jour,38,38429,1,1,1,7.0,D1075,44.867093,5.604594,15:40:00,2024-06-07
202400001304,05:05,Crépuscule,62,62081,1,1,1,6.0,D939,50.22377757,3.03638202,05:05:00,2024-06-08
202400001305,22:15,Nuit sans éclairage,77,77121,1,1,1,2.0,A4,48.83224646,2.66800241,22:15:00,2024-10-23
202400001306,22:10,,93,93007,1,1,8,5.0,A1,48.94353028,2.43541292,22:10:00,2024-02-10
202400001307,16:30,Plein jour,27,27552,1,1,1,7.0,A28 PK 229+500 direction ROUEN,49.006482,0.443658,16:30:00,2024-06-07
202400001308,22:25,Crépuscule,35,35238,2,1,1,6.0,Cours du Président John Fitzgerald Kennedy,48.12128,-1.707397,22:25:00,2024-06-25
202400001309,11:30,Plein jour,57,57163,1,1,1,7.0,D45,48.64302,7.253163,11:30:00,2024-06-08
202400001310,16:48,Plein jour,38,38544,2,1,1,6.0,Rue Pierre et Marie Curie,45.54217,4.86267,16:48:00,2024-05-31
202400001311,05:30,Nuit avec éclairage,94,94042,1,1,2,3.0,A4,48.82836797,2.47558356,05:30:00,2024-02-11
202400001312,18:00,Plein jour,56,56231,1,3,1,3.0,Lieu Dit Keravel,47.696484,-2.685857,18:00:00,2024-06-07
202400001313,04:44,Nuit sans éclairage,94,94044,1,1,2,6.0,N406,48.7580093,2.47075818,04:44:00,2024-02-11
202400001314,20:35,Plein jour,38,38544,2,1,2,6.0,DELORME(RUE),45.52312,4.87025,20:35:00,2024-05-03
202400001315,14:40,Plein jour,77,77242,1,2,1,3.0,route départementaler 209,48.487014,3.212407,14:40:00,2024-06-07
202400001316,02:50,Nuit sans éclairage,94,94079,1,1,8,4.0,A4,48.83572828,2.53991099,02:50:00,2024-02-11
202400001317,12:00,Plein jour,79,79329,1,1,1,7.0,Unknown,46.992504,-0.249306,12:00:00,2024-06-08
202400001318,02:15,Nuit sans éclairage,93,93051,1,1,2,2.0,A4,48.83617975,2.54134798,02:15:00,2024-02-11
202400001319,10:10,Plein jour,33,33335,1,1,1,3.0,Unknown,44.810671,-0.355031,10:10:00,2024-06-06
202400001320,12:37,Plein jour,71,71516,1,3,1,6.0,5 Rue du Mont,46.765873,5.226587,12:37:00,2024-06-08
202400001321,11:45,Plein jour,71,71248,2,1,1,3.0,2 Route de l’Arvoux,46.560937,4.929266,11:45:00,2024-06-08
202400001322,20:30,Plein jour,01,01160,2,3,1,3.0,Avenue Voltaire,46.25667,6.109698,20:30:00,2024-06-29
202400001323,10:20,Plein jour,61,61142,1,1,1,2.0,D955,48.363944,0.625743,10:20:00,2024-05-30
202400001324,23:20,Nuit sans éclairage,974,97416,1,1,1,1.0,RN1 (ROUTE NATIONALE),-21.29842,55.41974,23:20:00,2024-10-23
202400001325,17:55,Plein jour,61,61066,1,1,1,1.0,D651,48.505488,0.40085,17:55:00,2024-06-07
202400001326,06:25,Crépuscule,974,97416,2,6,1,6.0,RECHERCHANT(RUE ADRIEN),-21.28201,55.47421,06:25:00,2024-10-23
202400001327,19:00,Plein jour,44,44129,1,1,1,5.0,Unknown,47.42321,-2.089977,19:00:00,2024-06-07
202400001328,16:30,Plein jour,44,44014,1,1,1,7.0,Rue de la Roche,47.104803,-1.490048,16:30:00,2024-06-07
202400001329,20:50,,973,97302,2,1,1,7.0,MADELEINE (ROUTE DE LA),4.91243393,-52.3210727,20:50:00,2024-10-22
202400001330,17:00,Plein jour,44,44005,1,2,1,3.0,Unknown,47.132626,-1.859549,17:00:00,2024-06-07
202400001331,17:10,Plein jour,973,97302,2,1,1,2.0,MERE THERESA (rue),4.91872,-52.3128,17:10:00,2024-10-22
202400001332,09:24,Plein jour,29,29281,1,2,1,3.0,Ty Men,48.00614455,-3.82277366,09:24:00,2024-06-08
202400001333,21:10,,69,69388,2,2,1,3.0,Route de Vienne,45.7351121,4.85342731,21:10:00,2024-10-23
202400001334,22:45,Nuit sans éclairage,29,29056,1,1,1,6.0,Guerrus,48.43692819,-4.29357652,22:45:00,2024-06-07
202400001335,15:30,Plein jour,69,69387,2,1,2,6.0,Avenue Berthelot,45.74741774,4.83518702,15:30:00,2024-10-16
202400001336,16:45,Plein jour,29,29220,1,3,1,3.0,route de plomeur,47.85466589,-4.24316835,16:45:00,2024-06-07
202400001337,15:15,Plein jour,69,69382,2,1,1,6.0,48 Rue Ferrandière,45.7620771,4.83437192,15:15:00,2024-10-23
202400001338,07:30,Plein jour,31,31490,2,1,1,6.0,9 Chemin de la Plaine,43.746006,1.370732,07:30:00,2024-06-04
202400001339,07:15,Plein jour,971,97101,2,3,1,3.0,HIBISCUS (RESIDENCE),16.2519,-61.52663,07:15:00,2024-10-22
202400001340,14:10,Plein jour,91,91027,2,1,1,2.0,AV FRANCOIS MITTERRAND,48.71233,2.37132,14:10:00,2024-10-23
202400001341,06:15,Crépuscule,84,84025,1,1,1,7.0,1579 Route d?Apt,43.865821,5.159554,06:15:00,2024-06-06
202400001342,00:50,Nuit avec éclairage,03,03118,2,6,1,6.0,D2009,46.114925,3.201141,00:50:00,2024-06-08
202400001343,10:25,Plein jour,87,87050,2,3,1,3.0,GARE (AVENUE DE LA) RD125,45.88346,1.24335,10:25:00,2024-10-23
202400001344,13:30,Plein jour,15,15170,2,1,1,7.0,VC lieu dit Loucheyre,45.326437,2.679956,13:30:00,2024-06-07
202400001345,07:32,,87,87085,2,1,1,7.0,BASSE-DES-CARRIERS,45.82409,1.27192,07:32:00,2024-10-22
202400001346,07:45,Crépuscule,01,01373,2,1,1,6.0,17 Rue de la Vie de l'Orme,46.133354,5.55317,07:45:00,2024-06-08
202400001347,07:47,,87,87085,2,1,1,6.0,VALIN (AVENUE DU GENERAL MARTIAL),45.81124,1.27395,07:47:00,2024-10-22
202400001348,19:05,Plein jour,06,06125,1,1,1,6.0,D2202,44.145104,6.758314,19:05:00,2024-06-07
202400001349,19:15,Crépuscule,83,83129,2,9,1,6.0,JUIN MARECHAL (AV DU),43.0944388,5.84655046,19:15:00,2024-10-12
202400001350,11:10,Plein jour,83,83069,2,1,1,6.0,OLBIA  (VOIE),43.1164,6.1416,11:10:00,2024-10-22
202400001351,19:20,Plein jour,50,50419,2,2,1,3.0,D35,48.953536,-1.441623,19:20:00,2024-06-07
202400001352,10:10,Plein jour,43,43084,1,1,2,3.0,Les Ayeux,44.99542,3.886532,10:10:00,2024-06-08
202400001353,13:10,Plein jour,82,82033,1,1,1,2.0,Route de Toulouse,44.05939338,1.09855342,13:10:00,2024-10-23
202400001354,09:40,Plein jour,80,80021,1,1,2,6.0,Rue de la Dodane,49.89608,2.30365,09:40:00,2024-10-21
202400001355,19:20,Plein jour,10,10094,1,1,1,1.0,départementale 6,48.500341,4.576728,19:20:00,2024-06-07
202400001356,21:15,Nuit sans éclairage,07,07313,1,9,1,3.0,Rue Michel Gautier,45.312156,4.766833,21:15:00,2024-06-07
202400001357,20:20,,78,78440,2,3,1,3.0,ARISTIDE BRIAND (RUE),48.98386,1.911637,20:20:00,2024-10-23
202400001358,08:45,Crépuscule,78,78401,2,2,5,2.0,AULNES (AVENUE DES),49.01016,1.90393,08:45:00,2024-10-23
202400001359,14:40,Plein jour,24,24577,1,1,1,1.0,Route des Gabarres,44.82401449,1.16785601,14:40:00,2024-06-08
202400001360,07:38,Crépuscule,78,78401,2,3,5,3.0,AULNES (AVENUE DES),49.01393,1.90044,07:38:00,2024-10-23
202400001361,17:30,Plein jour,17,17041,1,1,1,1.0,D116,46.231153,-0.81316,17:30:00,2024-06-07
202400001362,15:30,Plein jour,77,77337,2,6,1,6.0,D10p,48.84378,2.6195,15:30:00,2024-10-23
202400001363,01:51,Nuit avec éclairage,87,87072,1,1,1,6.0,1493 route de la gare,45.662137,1.431897,01:51:00,2024-06-08
202400001364,21:00,,76,76561,2,1,1,3.0,Avenue Winston Churchill,49.296687,1.011099,21:00:00,2024-10-23
202400001365,08:33,Plein jour,30,30275,2,4,1,7.0,Unknown,44.121899,4.208504,08:33:00,2024-06-08
202400001366,10:10,Plein jour,76,76351,2,2,1,6.0,FREDERIC BELLANGER,49.49563,0.09433,10:10:00,2024-10-23
202400001367,07:00,Plein jour,973,97309,2,1,1,3.0,1741 Route de Montjoly,4.92333955,-52.28303897,07:00:00,2024-06-08
202400001368,16:35,Plein jour,69,69102,1,1,1,6.0,Autoroute 89,45.88305256,4.3968086,16:35:00,2024-06-08
202400001369,07:10,,76,76351,2,3,1,3.0,NICOLAS VALLARD (RUE),49.498753,0.159212,07:10:00,2024-10-23
202400001370,20:13,Plein jour,06,06088,1,1,1,6.0,A8 PR 193 24,43.718233,7.214026,20:13:00,2024-06-08
202400001371,00:15,Nuit sans éclairage,13,13032,1,1,1,3.0,Route de Rognes,43.573317,5.360977,00:15:00,2024-06-08
202400001372,12:35,Plein jour,72,72181,2,1,1,6.0,GENESLAY FELIX (AV) N° PAIRS 146 A 234,47.97696,0.20755,12:35:00,2024-10-22
202400001373,13:55,Plein jour,30,30347,1,1,1,6.0,A9 - PK 65+500,43.750901,4.254069,13:55:00,2024-06-06
202400001374,11:50,Plein jour,72,72181,2,3,1,3.0,RHIN ET DANUBE (AV) N° PAIRS 194 A 338,48.01909,0.18472,11:50:00,2024-10-22
202400001375,13:25,Plein jour,17,17465,1,1,1,7.0,Saint-Jean d'Angély (Embranchement d'autoroute),45.964866,-0.550368,13:25:00,2024-06-07
202400001376,11:30,Plein jour,62,62355,1,1,1,7.0,A1,50.336559,2.924809,11:30:00,2024-06-08
202400001377,21:49,,69,69256,2,3,1,3.0,Rue de la République,45.78622767,4.92596583,21:49:00,2024-10-23
202400001378,04:40,Crépuscule,77,77407,1,1,1,2.0,"Autoroute A6, PK 039+500 dans le sens de circulation Province vers Paris.",48.51810747,2.50515431,04:40:00,2024-06-08
202400001379,19:00,,69,69256,2,3,1,2.0,Avenue de Böhlen,45.76636,4.92976,19:00:00,2024-10-23
202400001380,18:40,Plein jour,77,77023,1,1,1,7.0,D97,49.01374618,2.8708878,18:40:00,2024-06-07
202400001381,23:10,Nuit sans éclairage,77,77420,1,1,1,6.0,N2,49.040059,2.68126,23:10:00,2024-06-07
202400001382,05:10,,67,67218,2,3,1,3.0,JEU DES ENFANTS (RUE DU),48.52343,7.7115,05:10:00,2024-10-23
202400001383,13:58,Plein jour,78,78531,1,1,1,6.0,D113,49.009614,1.614261,13:58:00,2024-06-08
202400001384,05:40,Crépuscule,84,84150,1,1,1,1.0,D976,44.339109,4.948316,05:40:00,2024-06-08
202400001385,07:30,Nuit sans éclairage,63,63308,2,3,2,3.0,GRAVENOIRE (ROUTE DE),45.75821439,3.06339651,07:30:00,2024-10-23
202400001386,20:19,Plein jour,84,84042,1,1,1,6.0,D27,43.755535,5.405638,20:19:00,2024-06-07
202400001387,14:30,Plein jour,62,62244,1,9,1,3.0,D943,50.91448827,1.92170247,14:30:00,2024-10-20
202400001388,17:25,Plein jour,13,13053,1,1,1,6.0,D23,43.730003,5.212798,17:25:00,2024-06-06
202400001389,17:05,Plein jour,987,98729,1,1,2,1.0,PK 7.800 District de Patae - Afareaitu,-17.545353,-149.779615,17:05:00,2024-11-30
202400001390,09:00,Plein jour,13,13041,2,1,1,1.0,Boulevard Paul Cezanne,43.451497,5.469722,09:00:00,2024-04-14
202400001391,15:30,Plein jour,47,47293,1,1,5,7.0,Route du Fleuve,44.15553022,0.70334548,15:30:00,2024-11-30
202400001392,13:00,Plein jour,59,59090,2,1,1,4.0,Avenue du Général De Gaulle,50.70853,3.1048,13:00:00,2024-10-23
202400001393,10:39,Plein jour,68,68063,2,1,1,6.0,Rue Gustave Eiffel,47.805801,7.182307,10:39:00,2024-06-07
202400001394,07:10,Crépuscule,11,11151,1,1,1,2.0,"A61, PK 333.500",43.191332,2.458019,07:10:00,2024-11-30
202400001395,18:20,Plein jour,68,68298,1,1,1,1.0,D48,48.201309,7.12575,18:20:00,2024-06-07
202400001396,00:24,Nuit sans éclairage,76,76320,1,1,1,1.0,4 La Hetrelle,49.895394,1.464508,00:24:00,2024-12-01
202400001397,15:42,Plein jour,58,58194,2,1,1,4.0,HENRI BOUQUILLARD,46.99612,3.12412,15:42:00,2024-10-23
202400001398,14:00,Plein jour,67,67345,2,3,2,4.0,Rue des Prés,48.784205,7.861351,14:00:00,2024-05-31
202400001399,00:04,Nuit sans éclairage,77,77382,1,1,1,2.0,A140,48.8885328,2.89537179,00:04:00,2024-11-30
202400001400,17:15,Plein jour,57,57463,2,1,1,3.0,PAUL CLAUDEL (RUE ),49.10162,6.19837,17:15:00,2024-10-23
202400001401,18:20,Nuit sans éclairage,972,97229,1,1,1,6.0,Fond Bernier,14.628829,-61.11616,18:20:00,2024-11-30
202400001402,09:20,Plein jour,38,38562,1,1,2,2.0,N85,45.08429,5.759073,09:20:00,2024-06-08
202400001403,06:55,Nuit sans éclairage,56,56098,1,1,1,7.0,Lann Sévelin,47.77839,-3.35218,06:55:00,2024-10-22
202400001404,19:20,Nuit sans éclairage,35,35226,1,1,1,1.0,Le Paillet,48.4273,-1.892674,19:20:00,2024-12-01
202400001405,12:05,Plein jour,69,69117,1,1,1,6.0,Route Départementale 306,45.843409,4.734625,12:05:00,2024-06-08
202400001406,01:00,Nuit avec éclairage,65,65370,1,1,1,7.0,Route départementale 935 - PK 60,43.092193,0.132147,01:00:00,2024-06-08
202400001407,11:45,Plein jour,26,26138,1,1,1,2.0,Aire de Pierrelatte (Aire de repos),44.405487,4.729067,11:45:00,2024-11-30
202400001408,05:45,Crépuscule,72,72244,1,1,1,7.0,D24,47.778848,-0.3184,05:45:00,2024-06-08
202400001409,19:25,,54,54528,2,5,1,3.0,Avenue Georges Clémenceau,48.6805,5.88318,19:25:00,2024-10-23
202400001410,19:20,,59,59088,2,1,1,1.0,300 Rue Jean-Baptiste Messean,50.639779,2.876975,19:20:00,2024-12-01
202400001411,16:15,Plein jour,54,54395,2,1,1,6.0,Avenue Maréchal de Lattre de Tassigny,48.68333,6.19043,16:15:00,2024-10-22
202400001412,20:45,,85,85196,2,1,1,1.0,RD11,46.834588,-1.191966,20:45:00,2024-11-30
202400001413,10:55,Plein jour,22,22273,1,4,1,1.0,Le Puits Merpault,48.570261,-2.48791,10:55:00,2024-06-08
202400001414,21:25,,51,51454,2,1,1,2.0,JAURES (AVENUE JEAN ) DU N° 61 A FIN,49.261801,4.051398,21:25:00,2024-10-22
202400001415,15:15,Plein jour,34,34169,2,1,1,1.0,ROUTE M112,43.663828,3.863486,15:15:00,2024-11-30
202400001416,15:32,Plein jour,51,51454,2,1,1,6.0,MULHOUSE (RUE),49.244863,4.016688,15:32:00,2024-10-22
202400001417,18:05,Nuit sans éclairage,57,57262,1,1,1,7.0,D674,48.968668,6.720543,18:05:00,2024-11-29
202400001418,12:00,Plein jour,60,60138,2,1,1,2.0,D1330,49.217182,2.599643,12:00:00,2024-06-08
202400001419,12:33,Plein jour,2B,2B242,1,1,1,3.0,RT10,42.405238,9.531133,12:33:00,2024-11-30
202400001420,20:57,Plein jour,60,60041,2,1,1,7.0,Rue de Bresles,49.385348,2.230783,20:57:00,2024-06-07
202400001421,20:55,Nuit sans éclairage,50,50129,2,1,1,6.0,BRETON (RUE DU),49.65471,-1.70401,20:55:00,2024-10-21
202400001422,11:15,Plein jour,33,33523,1,1,5,6.0,Unknown,44.753198,-0.250052,11:15:00,2024-11-30
202400001423,15:20,Plein jour,80,80458,1,1,1,1.0,chemin communale c201,49.952808,2.477202,15:20:00,2024-06-08
202400001424,02:45,Nuit sans éclairage,69,69214,1,1,9,6.0,Route Départementale 308,46.007932,4.32282,02:45:00,2024-12-01
202400001425,12:35,Plein jour,80,80383,1,1,1,6.0,A1,49.719453,2.776473,12:35:00,2024-06-08
202400001426,03:50,Nuit sans éclairage,71,71404,1,1,5,6.0,RN 80,46.7569424,4.71409701,03:50:00,2024-12-01
202400001427,22:10,,71,71190,2,1,5,6.0,22 Av du Mal de Lattre de Tassigny,46.974354,4.492547,22:10:00,2024-11-30
202400001428,19:30,,49,49246,2,1,1,4.0,A87,47.41467,-0.50669,19:30:00,2024-10-22
202400001429,12:15,Plein jour,59,59400,1,1,1,3.0,471 Route d'Estaires,50.642832,2.678941,12:15:00,2024-06-08
202400001430,00:12,Nuit sans éclairage,89,89246,1,1,5,1.0,D12,47.604832,4.030008,00:12:00,2024-12-01
202400001431,11:15,Plein jour,42,42218,2,1,1,3.0,Boulevard Alexandre de Fraissinette,45.41864115,4.41877887,11:15:00,2024-10-23
202400001432,17:45,Plein jour,13,13214,1,1,1,2.0,A7-Sens Marseille vers Lyon,43.32276,5.37829,17:45:00,2024-06-07
202400001433,10:55,Plein jour,63,63366,1,1,1,1.0,D999,45.48716688,3.36171214,10:55:00,2024-12-01
202400001434,13:30,Plein jour,57,57039,1,1,8,2.0,RN 431,49.03706956,6.11786052,13:30:00,2024-05-27
202400001435,13:40,Plein jour,63,63409,1,1,1,6.0,départementale 621,45.53138813,3.0392063,13:40:00,2024-11-30
202400001436,17:15,Plein jour,38,38185,2,1,1,2.0,RUE ALBERT REYNIER,45.1653,5.7088,17:15:00,2024-10-22
202400001437,20:45,Plein jour,33,33192,1,4,1,1.0,Unknown,44.78918,-0.60512,20:45:00,2024-06-07
202400001438,16:30,Plein jour,55,55253,2,1,1,6.0,25 Chemin du Roy,49.110995,5.001007,16:30:00,2024-12-01
202400001439,07:20,,37,37233,2,6,1,3.0,FARGES (AVENUE YVES),47.38488,0.73688,07:20:00,2024-10-23
202400001440,02:00,Nuit sans éclairage,22,22025,1,1,1,6.0,Lieu Dit les Mais,48.426936,-3.384373,02:00:00,2024-11-30
202400001441,08:00,Plein jour,62,62186,1,1,1,5.0,A21,50.43682105,2.74303627,08:00:00,2024-06-06
202400001442,09:10,Plein jour,34,34172,2,1,1,1.0,LIBERTE (AVENUE DE LA,43.60951,3.83731,09:10:00,2024-10-23
202400001443,21:48,Crépuscule,91,91216,1,1,1,3.0,AUTOROUTE A6,48.68456,2.32805,21:48:00,2024-06-07
202400001444,17:20,Plein jour,33,33063,2,1,7,5.0,Unknown,44.87106998,-0.566294,17:20:00,2024-10-23
202400001445,17:30,Plein jour,94,94043,1,1,1,5.0,A6B,48.80698476,2.34657371,17:30:00,2024-06-07
202400001446,18:25,Crépuscule,33,33281,2,2,1,3.0,Unknown,44.83772,-0.64086,18:25:00,2024-10-23
202400001447,18:45,Crépuscule,33,33039,2,9,1,6.0,Unknown,44.81236,-0.55082,18:45:00,2024-10-23
202400001448,17:50,Plein jour,33,33069,2,2,1,3.0,Unknown,44.85713498,-0.59108598,17:50:00,2024-10-23
202400001449,14:30,Plein jour,30,30189,2,3,2,2.0,BOISSY D ANGLAS (ALLEE),43.833,4.3678,14:30:00,2024-10-12
202400001450,18:00,Plein jour,29,29019,2,6,1,3.0,rue du Commandant Drogou,48.40445,-4.4967,18:00:00,2024-10-22
202400001451,16:35,Plein jour,27,27299,2,3,7,3.0,BRIAND (AVENUE ARISTIDE),49.04144,1.15906,16:35:00,2024-10-23
202400001452,09:55,Plein jour,27,27229,2,1,1,6.0,ARTOIS (RUE D'),49.03283,1.13957,09:55:00,2024-10-22
202400001453,06:40,Nuit sans éclairage,22,22360,1,1,1,5.0,RD 222,48.47607,-2.7457,06:40:00,2024-10-23
202400001454,11:55,Plein jour,21,21054,2,1,1,2.0,Route de Savigny,47.0393,4.840394,11:55:00,2024-10-23
202400001455,18:10,Plein jour,17,17415,1,1,1,6.0,VARZAY ROUTE DE,45.72564,-0.67895,18:10:00,2024-10-23
202400001456,12:30,Plein jour,11,11262,2,6,1,5.0,Unknown,43.19361,3.00947,12:30:00,2024-10-22
202400001457,14:20,Plein jour,10,10387,2,2,1,3.0,QUATORZE JUILLET (RUE DU),48.29442,4.07846,14:20:00,2024-10-23
202400001458,17:15,Plein jour,10,10387,2,1,1,6.0,BEAUSEJOUR (RUE DU),48.2866,4.0735,17:15:00,2024-10-22
202400001459,22:40,,75,75119,2,4,1,4.0,BD PERIPHERIQUE EXTERIEUR,48.89281,2.39561,22:40:00,2024-10-22
202400001460,16:45,Plein jour,75,75118,2,2,1,3.0,RUE BELLIARD,48.895563,2.328323,16:45:00,2024-10-23
202400001461,10:00,Plein jour,75,75118,2,4,1,3.0,RUE D AUBERVILLIERS,48.895741,2.371339,10:00:00,2024-10-23
202400001462,09:35,Plein jour,75,75117,2,2,1,3.0,AVENUE DE CLICHY,48.894051,2.314203,09:35:00,2024-10-23
202400001463,08:35,Plein jour,75,75117,2,2,1,6.0,RUE DES BATIGNOLLES,48.885021,2.320792,08:35:00,2024-10-23
202400001464,17:22,Plein jour,75,75116,2,1,1,2.0,QUAI LOUIS BLERIOT,48.84396,2.27138,17:22:00,2024-10-23
202400001465,10:00,Plein jour,75,75116,2,1,1,6.0,RUE DU GENERAL DELESTRAINT,48.842735,2.258716,10:00:00,2024-10-23
202400001466,12:17,Plein jour,75,75113,2,3,1,3.0,QUAI D AUSTERLITZ,48.841938,2.367903,12:17:00,2024-10-23
202400001467,19:00,Nuit sans éclairage,75,75112,2,1,1,6.0,BOULEVARD DIDEROT,48.847638,2.389341,19:00:00,2024-10-23
202400001468,16:15,Plein jour,75,75112,2,4,1,1.0,BOULEVARD DE LA BASTILLE,48.84668,2.36693,16:15:00,2024-10-23
202400001469,08:20,Plein jour,75,75109,2,2,8,3.0,BOULEVARD POISSONNIERE,48.871094,2.345774,08:20:00,2024-10-23
202400001470,22:50,,75,75109,2,2,1,6.0,RUE DES MATHURINS,48.873059,2.328317,22:50:00,2024-10-22
202400001471,20:10,,75,75108,2,1,1,6.0,AVENUE MONTAIGNE,48.867409,2.307032,20:10:00,2024-10-23
202400001472,21:40,,75,75104,2,2,1,6.0,RUE SAINT ANTOINE,48.853968,2.364865,21:40:00,2024-10-23
202400001473,15:50,Plein jour,75,75103,2,4,1,6.0,RUE DE TURBIGO,48.866887,2.361891,15:50:00,2024-10-23
202400001474,13:00,Plein jour,75,75104,2,1,1,7.0,QUAI DE L HOTEL DE VILLE,48.853867,2.367163,13:00:00,2024-10-23
202400001475,22:30,,94,94054,2,1,1,1.0,Route Charles Tillon,48.743119,2.386291,22:30:00,2024-10-22
202400001476,20:00,,94,94019,2,3,1,3.0,Route de la Libération,48.80073,2.54229,20:00:00,2024-10-22
202400001477,18:35,Nuit sans éclairage,93,93078,2,2,1,2.0,PETITS PONTS (ROUTE DES),48.96220615,2.55894184,18:35:00,2024-10-23
202400001478,03:30,Nuit sans éclairage,93,93073,1,1,2,6.0,CHAPIT RE ( RUE DU),48.99020628,2.54714967,03:30:00,2024-10-22
202400001479,15:20,Plein jour,93,93059,2,1,1,2.0,JEAN MERMOZ (BOULEVARD) DES N°1A57 ET N°,48.9632,2.35985,15:20:00,2024-10-23
202400001480,18:10,Plein jour,93,93079,2,1,1,6.0,SAINT LEU (ROUTE),48.95332828,2.3364453,18:10:00,2024-10-23
202400001481,21:25,,93,93027,2,6,1,3.0,BARBUSSE (AVENUE HENRI),48.92998248,2.38595467,21:25:00,2024-10-22
202400001482,14:15,Plein jour,93,93027,2,2,1,2.0,VAILLANT-COUTURIER (AVENUE PAUL),48.92484246,2.41491174,14:15:00,2024-10-22
202400001483,09:54,Plein jour,93,93030,2,2,1,6.0,DE GAULLE (AVENUE DU GENERAL),48.9494,2.4148,09:54:00,2024-10-22
202400001484,20:35,,93,93057,2,1,1,1.0,EUROPE ( PONT DE L'),48.91462887,2.50210492,20:35:00,2024-10-22
202400001485,16:30,Plein jour,93,93005,2,3,1,6.0,CHARLES FLOQUET (BOULEVARD),48.93709094,2.49870443,16:30:00,2024-10-23
202400001486,09:15,Plein jour,93,93078,2,1,1,6.0,DAMBEL (AVENUE EMILE),48.95401,2.54886,09:15:00,2024-10-23