Num_Acc,hrmn,lum,dep,com,agg,int,atm,col,adr,lat,long,heure,date
202400001487,10:35,Plein jour,93,93001,2,1,1,3.0,LEOPOLD RECHOSSIERE (RUE)  (RESTE),48.91347442,2.39381594,10:35:00,2024-10-23
202400001488,12:05,Plein jour,93,93001,2,2,1,1.0,CHARRON (RUE),48.91455632,2.38573556,12:05:00,2024-10-21
202400001489,16:00,Plein jour,92,92078,2,1,1,6.0,CHARLES DE GAULLE (BD) (15 AU 69),48.93690045,2.33074281,16:00:00,2024-10-22
202400001490,09:35,Plein jour,92,92075,2,1,1,3.0,MARCEL MARTINIE (AVENUE),48.82180289,2.29159042,09:35:00,2024-10-23
202400001491,16:15,Plein jour,92,92046,2,1,1,6.0,DE STALINGRAD,48.8148062,2.2866194,16:15:00,2024-10-22
202400001492,15:25,Plein jour,92,92072,2,1,1,6.0,CRISTALLERIE (AVENUE DE LA),48.8260927,2.22013235,15:25:00,2024-10-23
202400001493,08:25,Plein jour,92,92063,2,4,1,3.0,JUIN (AVENUE DU MARECHAL),48.88269552,2.18222156,08:25:00,2024-10-22
202400001494,14:29,Plein jour,92,92044,2,1,1,2.0,BINEAU (BOULEVARD),48.88658049,2.28414059,14:29:00,2024-10-23
202400001495,13:30,Plein jour,92,92040,2,1,1,6.0,BOURGAIN (AVENE),48.82164947,2.26603637,13:30:00,2024-10-23
202400001496,09:19,Plein jour,92,92040,2,1,1,3.0,JEANNE D'ARC,48.83147493,2.27955944,09:19:00,2024-10-23
202400001497,11:27,Plein jour,92,92026,2,1,1,2.0,PRÉSIDENT PAUL DOUMER (QUAI DU),48.89197416,2.25881159,11:27:00,2024-10-23
202400001498,17:30,Plein jour,92,92004,2,1,1,2.0,REDOUTE (AVENUE DE LA ),48.92856925,2.27884265,17:30:00,2024-10-22
202400001499,17:50,Plein jour,92,92002,2,1,1,1.0,ALPES (SQUARE DES),48.73742418,2.28749325,17:50:00,2024-10-23
202400001500,17:05,Plein jour,37,37022,2,3,1,3.0,5 Rue du Parc,47.196053,0.183595,17:05:00,2024-10-23
202400001501,20:00,,33,33243,2,2,1,3.0,Unknown,44.915655,-0.241246,20:00:00,2024-10-23
202400001502,17:30,Crépuscule,33,33015,1,6,1,1.0,Unknown,44.909861,-0.258189,17:30:00,2024-10-21
202400001503,20:10,Nuit sans éclairage,60,60281,1,1,1,6.0,D1017,49.505064,2.682209,20:10:00,2024-10-20
202400001504,17:40,Plein jour,60,60216,1,3,1,3.0,D101,49.46267603,2.47275209,17:40:00,2024-10-23
202400001505,11:50,Plein jour,31,31113,2,3,1,6.0,Rue des Ormes,43.514452,1.4996612,11:50:00,2024-10-23
202400001506,18:15,Nuit sans éclairage,972,97220,2,1,1,6.0,Quartier Lourdes,14.495833,-60.883741,18:15:00,2024-10-04
202400001507,18:30,Plein jour,59,59107,2,1,1,6.0,575 Boulevard Georges Pompidou,51.07874,2.514877,18:30:00,2024-10-23
202400001508,19:15,Nuit sans éclairage,68,68315,1,1,1,1.0,Route de Raedersheim,47.882672,7.256781,19:15:00,2024-10-23
202400001509,01:10,,77,77398,2,1,1,6.0,D31,48.875493,3.296073,01:10:00,2024-10-24
202400001510,10:45,Plein jour,35,35003,1,2,1,3.0,Rue du Gué,48.307015,-1.594622,10:45:00,2024-10-23
202400001511,13:10,Plein jour,59,59562,1,1,1,3.0,39 Rue Nationale,50.097483,3.980323,13:10:00,2024-10-24
202400001512,04:00,Nuit sans éclairage,56,56123,1,1,1,6.0,la ville auray,47.671846,-2.310101,04:00:00,2024-10-24
202400001513,14:30,Plein jour,59,59282,1,1,1,3.0,Route de Dunkerque,50.830879,2.478683,14:30:00,2024-10-23
202400001514,15:45,Plein jour,2B,2B238,1,1,1,1.0,RT50,42.265904,9.208753,15:45:00,2024-10-23
202400001515,15:50,Plein jour,82,82079,1,1,1,1.0,Chemin de Rabany,43.898712,1.356585,15:50:00,2024-10-23
202400001516,17:40,Plein jour,33,33505,1,3,8,7.0,Unknown,44.772125,-0.321897,17:40:00,2024-10-15
202400001517,22:20,Nuit avec éclairage,71,71244,1,1,1,6.0,D971,46.567742,5.041553,22:20:00,2024-10-23
202400001518,21:00,Nuit sans éclairage,71,71014,1,1,1,7.0,62 Route de Saint Denis,46.973382,4.334579,21:00:00,2024-10-23
202400001519,13:50,Plein jour,55,55102,1,3,1,1.0,D38,49.20958906,5.32092412,13:50:00,2024-10-24
202400001520,23:00,Nuit sans éclairage,42,42140,1,1,1,6.0,Route de Valinches,45.456308,4.060392,23:00:00,2024-10-23
202400001521,06:15,Nuit sans éclairage,34,34310,2,1,1,3.0,D19,43.419876,3.16121,06:15:00,2024-10-21
202400001522,18:20,,68,68135,1,2,1,1.0,D105,47.590949,7.54997,18:20:00,2024-10-22
202400001523,16:30,Plein jour,39,39017,1,1,1,6.0,Unknown,46.762931,5.567997,16:30:00,2024-10-24
202400001524,17:20,Plein jour,39,39411,1,1,1,3.0,pk 5 D471,46.687073,5.61322,17:20:00,2024-10-24
202400001525,16:35,Plein jour,44,44064,1,1,1,5.0,la Grande Metairie,47.090922,-1.319046,16:35:00,2024-10-22
202400001526,09:50,Crépuscule,44,44131,2,6,1,3.0,1 Boulevard de Linz,47.123293,-2.123762,09:50:00,2024-10-23
202400001527,20:35,Nuit sans éclairage,29,29190,1,9,1,6.0,D789,48.35404492,-4.72961005,20:35:00,2024-10-23
202400001528,16:00,Plein jour,15,15004,2,1,1,6.0, Route des Fontanilles,45.059758,3.062122,16:00:00,2024-10-23
202400001529,21:10,,01,01093,2,3,1,6.0,Avenue Pierre Marcault,46.117119,4.951063,21:10:00,2024-09-13
202400001530,08:00,Crépuscule,72,72134,1,1,5,6.0,Lieu Dit La Petite Clergerie,47.72287334,0.44342536,08:00:00,2024-10-24
202400001531,17:10,,06,06032,2,1,9,2.0,tunnel rainier III,43.730143,7.405858,17:10:00,2024-10-24
202400001532,14:40,Plein jour,60,60616,2,2,1,3.0,D915,49.351519,1.774904,14:40:00,2024-10-24
202400001533,17:35,Plein jour,64,64493,2,3,7,3.0,31 Avenue du Bois de la ville,43.32122,-1.041333,17:35:00,2024-10-23
202400001534,14:00,Plein jour,07,07151,1,1,2,2.0,D15 lieu dit la batterie - PR 39+700,45.021362,4.363439,14:00:00,2024-10-22
202400001535,19:50,,40,40046,2,3,1,3.0,888 Avenue Marechal Lyautey,44.389055,-1.157934,19:50:00,2024-10-23
202400001536,18:00,Plein jour,34,34172,2,1,1,2.0,TOULOUSE (AVENUE DE,43.59593,3.86257,18:00:00,2024-03-23
202400001537,10:10,Plein jour,34,34172,2,1,1,3.0,FONT FROIDE (RUE DE LA),43.64752,3.84304,10:10:00,2024-03-23
202400001538,14:30,Plein jour,34,34003,2,3,1,3.0,SAINT CHRIST (M7 A H11,43.30496,3.46551,14:30:00,2024-03-22
202400001539,18:10,Plein jour,33,33249,2,6,1,3.0,Unknown,44.86587,-0.51288,18:10:00,2024-03-22
202400001540,16:20,Plein jour,30,30007,2,1,1,3.0,Quai du 8 mai 1945,44.13585,4.079311,16:20:00,2024-03-23
202400001541,09:30,Plein jour,28,28404,1,1,1,3.0,RD 828A,48.72796,1.34472,09:30:00,2024-03-23
202400001542,00:50,,16,16102,2,6,1,3.0,RN 141,45.69427,-0.347592,00:50:00,2024-03-23
202400001543,16:25,Plein jour,13,13210,2,2,1,3.0,TIMONE (AVENUE DE LA),43.28692821,5.41247177,16:25:00,2024-03-22
202400001544,11:00,Plein jour,13,13005,2,9,1,3.0,BONNES NOUVELLES (CH.DES),43.29224,5.59097,11:00:00,2024-03-23
202400001545,08:15,Plein jour,13,13005,2,1,1,3.0,CAMP DE SARLIER ROUTE DE GEMENOS,43.29709,5.58547,08:15:00,2024-03-23
202400001546,12:35,Plein jour,11,11069,2,9,1,3.0,Unknown,43.20776,2.31069,12:35:00,2024-03-23
202400001547,21:00,,06,06088,2,1,1,3.0,Avenue Maréchal Lyautey,43.71822,7.28205,21:00:00,2024-03-23
202400001548,05:30,,06,06029,2,6,1,3.0,Avenue Michel Jourdan,43.554067,6.97296,05:30:00,2024-03-22
202400001549,13:20,Plein jour,75,75115,2,1,1,2.0,BD PERIPHERIQUE EXTERIEUR,48.830488,2.285177,13:20:00,2024-03-23
202400001550,23:30,,75,75114,2,4,3,6.0,RUE FRIANT,48.827009,2.324978,23:30:00,2024-03-22
202400001551,13:30,Plein jour,75,75118,2,1,1,6.0,RUE CUSTINE,48.887876,2.348686,13:30:00,2024-03-23
202400001552,14:45,Plein jour,75,75116,2,1,2,2.0,ALLEE DE LONGCHAMP,48.865497,2.244883,14:45:00,2024-03-23
202400001553,01:30,,75,75115,2,2,1,1.0,RUE DE VAUGIRARD,48.838318,2.298463,01:30:00,2024-03-23
202400001554,17:25,Plein jour,75,75114,2,2,1,3.0,AVENUE DE LA PORTE DE MONTROUGE,48.822666,2.32269,17:25:00,2024-03-22
202400001555,02:00,,75,75109,2,3,1,3.0,BOULEVARD HAUSSMANN,48.87342,2.329696,02:00:00,2024-03-23
202400001556,01:01,,75,75108,2,7,1,6.0,COURS ALBERT 1ER,48.864225,2.301985,01:01:00,2024-03-23
202400001557,05:30,Crépuscule,75,75107,2,2,1,1.0,PONT ALEXANDRE III,48.862837,2.31346,05:30:00,2024-03-23
202400001558,19:35,,94,94068,2,1,1,6.0,Place des Marronniers,48.804533,2.496556,19:35:00,2024-03-23
202400001559,07:00,Crépuscule,94,94068,2,1,1,6.0,Avenue de l’Alma,48.78553,2.49526,07:00:00,2024-03-23
202400001560,15:40,Plein jour,94,94076,2,3,1,3.0,Avenue de Fontainebleau / Rue Anatole France,48.80714404,2.36309119,15:40:00,2024-03-22
202400001561,05:00,,94,94017,2,1,2,6.0,Avenue Roger Salengro,48.81620273,2.50192434,05:00:00,2024-03-23
202400001562,10:55,Plein jour,59,59402,1,3,1,1.0,Rue du Bister,50.876904,2.245564,10:55:00,2024-07-10
202400001563,20:15,,93,93071,2,1,2,6.0,Avenue Berlioz,48.937062,2.535218,20:15:00,2024-03-23
202400001564,12:45,Plein jour,93,93071,2,1,1,6.0,Boulevard Stalingrad,48.933748,2.528095,12:45:00,2024-03-23
202400001565,11:40,Plein jour,79,79320,1,2,1,3.0,Unknown,46.467291,-0.459548,11:40:00,2024-07-07
202400001566,07:40,Plein jour,93,93072,2,3,1,3.0,Rue de Fontenay / Rue du Président Harding,48.969179,2.379249,07:40:00,2024-03-23
202400001567,19:10,Plein jour,2A,2A271,2,1,1,2.0,RT22,41.95282068,8.78693148,19:10:00,2024-07-10
202400001568,13:30,Plein jour,93,93010,2,5,1,3.0,Avenue de Rosny / Chemin des Carouges,48.88904,2.47146,13:30:00,2024-03-23
202400001569,09:35,Plein jour,65,65126,2,1,1,7.0,1 chemin de la chapelle,43.270737,0.429089,09:35:00,2024-07-10
202400001570,11:23,Plein jour,93,93063,2,1,1,3.0,Boulevard Edouard Branly,48.87393,2.44047,11:23:00,2024-03-23
202400001571,19:30,,93,93008,2,2,2,4.0,Avenue du Président Salvador Allende / Rue Bernard Birsinger,48.90188,2.44464,19:30:00,2024-03-23
202400001572,18:50,Plein jour,81,81070,1,3,1,3.0,Route de Giroussens,43.792895,1.758598,18:50:00,2024-07-10
202400001573,08:35,Plein jour,92,92075,2,1,8,2.0,MARY BESSEYRE (RUE),48.82172495,2.28945681,08:35:00,2024-03-23
202400001574,13:20,Plein jour,47,47052,2,2,7,3.0,Avenue d?Albret,44.312365,0.092086,13:20:00,2024-07-11
202400001575,21:00,,92,92072,2,1,1,2.0,EUROPE (AVENUE DE L'),48.82321577,2.21002239,21:00:00,2024-03-23
202400001576,17:10,Plein jour,68,68338,1,2,3,3.0,Route de Colmar,48.084308,7.288817,17:10:00,2024-07-11
202400001577,11:35,Plein jour,92,92020,2,2,1,3.0,TIMBAUD RUE JEAN-PIERRE N° PAIRS,48.80253,2.28616,11:35:00,2024-03-23
202400001578,23:15,,92,92040,2,3,2,3.0,FRERES VOISIN (BOULEVARD DES),48.8279361,2.27109271,23:15:00,2024-03-22
202400001579,12:00,Plein jour,39,39470,1,1,1,7.0,Unknown,46.509447,6.10953,12:00:00,2024-07-11
202400001580,16:22,Plein jour,92,92024,2,1,2,3.0,VICTOR HUGO (BD),48.89916849,2.31326169,16:22:00,2024-03-23
202400001581,01:45,,92,92023,2,9,9,3.0,PORTE DE TRIVAUX (RUE DE) N°57 A 197 ET,48.7868046,2.2452786,01:45:00,2024-03-23
202400001582,19:30,,92,92012,2,1,2,3.0,VICTOR HUGO (AVENUE) 49/FIN - 60/FIN,48.83644739,2.24525356,19:30:00,2024-03-23
202400001583,18:35,Plein jour,25,25154,1,1,8,1.0,Route Nationale,47.115818,5.90867,18:35:00,2024-07-10
202400001584,20:10,,92,92012,2,1,9,6.0,SILLY (RUE DE) 1/87 - 2/88,48.83569168,2.23271991,20:10:00,2024-03-23
202400001585,10:30,Plein jour,44,44069,2,1,2,6.0,3 avenue de la brière,47.330838,-2.423704,10:30:00,2024-07-09
202400001586,14:05,Plein jour,92,92012,2,1,2,3.0,ANDRE MORIZET (AVENUE) 1/47 - 2/52,48.83418332,2.24262536,14:05:00,2024-03-23
202400001587,09:55,Plein jour,35,35176,2,2,1,6.0,Rue de la Résistance,47.82104575,-1.82163566,09:55:00,2024-03-23
202400001588,23:40,Nuit sans éclairage,37,37058,1,1,2,6.0,1239 Rue des Gravets,47.250135,0.203419,23:40:00,2024-03-23
202400001589,18:30,Plein jour,44,44111,1,2,1,3.0,l'Arche du Fouan,47.40749167,-1.73246563,18:30:00,2024-07-06
202400001590,17:50,Plein jour,76,76287,1,1,4,6.0,A 151,49.561465,1.043444,17:50:00,2024-03-23
202400001591,18:10,Plein jour,38,38184,1,1,1,1.0,Communale 7,45.653708,5.082636,18:10:00,2024-07-10
202400001592,09:20,Plein jour,71,71273,1,1,1,6.0,D973,46.673676,3.805389,09:20:00,2024-03-24
202400001593,11:16,Plein jour,38,38529,1,1,1,1.0,Avenue du Golf,45.129243,5.823458,11:16:00,2024-07-10
202400001594,16:55,Plein jour,33,33098,1,1,1,1.0,Unknown,44.688915,-0.31575,16:55:00,2024-03-24
202400001595,19:00,Plein jour,76,76210,2,1,2,3.0,Route de Neufchatel,49.860877,1.202461,19:00:00,2024-03-23
202400001596,13:18,Plein jour,02,02634,2,1,1,6.0,56 Grande Rue,49.705652,4.153272,13:18:00,2024-07-11
202400001597,19:50,Nuit sans éclairage,31,31445,2,1,1,6.0,253 Route de Castres,43.584484,1.559743,19:50:00,2024-03-23
202400001598,15:00,Plein jour,50,50151,1,3,1,6.0,départementale 652,49.211304,-1.558551,15:00:00,2024-07-11
202400001599,16:10,Plein jour,51,51192,1,1,1,7.0,route departementale 3,49.058008,3.603215,16:10:00,2024-03-24
202400001600,15:15,Plein jour,974,97414,2,1,1,6.0,55 Rue Pente des Vacoas,-21.266821,55.438939,15:15:00,2024-03-24
202400001601,12:45,Plein jour,50,50021,1,4,1,1.0,Le Broc,49.406436,-1.250017,12:45:00,2024-07-11
202400001602,15:45,Plein jour,59,59309,1,5,1,3.0,Route de Killem,50.968941,2.571037,15:45:00,2024-03-23
202400001603,18:07,Plein jour,18,18092,2,1,1,7.0,13 Rue des Epinettes,47.072694,2.650602,18:07:00,2024-07-11
202400001604,03:50,Nuit sans éclairage,60,60380,2,1,2,6.0,Avenue du Grenier à Sel,49.138509,3.08644,03:50:00,2024-03-24
202400001605,18:00,Plein jour,36,36006,1,1,1,7.0,Unknown,46.56928581,1.49389386,18:00:00,2024-07-10
202400001606,13:23,Plein jour,63,63091,1,9,1,6.0, A75 - diff 18 bretelle sortie sens NORD/SUD,45.42506,3.272499,13:23:00,2024-03-22
202400001607,18:17,Plein jour,63,63411,1,2,1,3.0,Autoroute A75 échangeur N°9 sens NORD/SUD,45.596583,3.219721,18:17:00,2024-03-22
202400001608,17:45,Plein jour,04,04031,1,1,1,1.0,D907,43.928638,6.144844,17:45:00,2024-07-07
202400001609,20:00,,30,30202,2,3,1,1.0,Avenue André de Philip,44.258555,4.641391,20:00:00,2024-03-23
202400001610,05:50,Nuit sans éclairage,85,85288,1,2,1,3.0,D21,46.51698,-1.623314,05:50:00,2024-07-11
202400001611,18:40,Crépuscule,34,34270,2,4,1,3.0,Route de Sete,43.580869,3.848074,18:40:00,2024-03-22
202400001612,03:20,Nuit sans éclairage,85,85294,2,1,1,7.0,Rue des sables,46.351726,-1.451118,03:20:00,2024-07-11
202400001613,00:30,Nuit sans éclairage,57,57426,1,2,2,3.0,Route de Luttange,49.29235829,6.2779544,00:30:00,2024-03-24
202400001614,18:20,Plein jour,17,17091,1,1,1,3.0,Route de Villedoux,46.279921,-1.073291,18:20:00,2024-07-08
202400001615,10:45,Plein jour,57,57370,2,9,1,6.0,33 Rue de Thionville,49.393891,6.275865,10:45:00,2024-03-14
202400001616,19:41,Plein jour,48,48094,1,1,1,7.0,Route de la Canourgue,44.350004,3.229718,19:41:00,2024-07-10
202400001617,11:00,Plein jour,62,62524,2,1,1,1.0,VC,50.662405,1.826961,11:00:00,2024-03-24
202400001618,11:40,Plein jour,52,52017,1,1,1,7.0,départementale 3,47.957542,4.996183,11:40:00,2024-05-27
202400001619,16:45,Plein jour,51,51171,1,1,2,7.0,Rue de l'église (Gernicourt),49.393945,3.868137,16:45:00,2024-03-23
202400001620,23:05,Nuit sans éclairage,19,19229,1,1,1,6.0,lieu-dit les guierles,45.13477728,1.44506333,23:05:00,2024-03-23
202400001621,09:05,Plein jour,61,61081,1,1,1,7.0,D50 PR3+820,48.639473,0.209019,09:05:00,2024-03-24
202400001622,14:17,Plein jour,21,21581,1,1,2,6.0,A36 PK 179+800 sens BESANCON/BEAUNE,47.095296,5.353448,14:17:00,2024-07-10
202400001623,22:35,Nuit sans éclairage,13,13045,1,1,1,1.0,Route d'Arles,43.832638,4.74037,22:35:00,2024-03-23
202400001624,16:27,Plein jour,02,02806,1,1,1,6.0,D310,49.189585,3.4658,16:27:00,2024-03-22
202400001625,09:05,Plein jour,69,69206,1,1,1,2.0,Autoroute 6,46.03431101,4.72591573,09:05:00,2024-07-11
202400001626,16:00,Plein jour,26,26069,1,1,1,6.0,pk 41 D518,44.829418,5.391841,16:00:00,2024-03-24
202400001627,19:15,Crépuscule,13,13103,1,1,1,7.0,"Autoroute A54, échangeur 13, pk 063.960, direction NIMES",43.63871301,5.02529116,19:15:00,2024-07-10
202400001628,17:52,Plein jour,06,06105,2,7,1,3.0, Route de Grasse,43.662278,7.057056,17:52:00,2024-03-22
202400001629,15:24,Plein jour,60,60253,1,1,6,4.0,D11,49.602812,2.158728,15:24:00,2024-03-24
202400001630,15:55,Plein jour,987,98722,1,1,1,1.0,"RT2, PK 27+500, vers PAPEETE",-17.590941,-149.390652,15:55:00,2024-07-10
202400001631,23:00,Nuit sans éclairage,64,64082,1,2,1,3.0,D28,43.45847832,-1.01572305,23:00:00,2024-03-23
202400001632,13:55,Plein jour,988,98802,1,1,1,2.0,RT1 - PORT OUENGHI,-21.884956,166.069765,13:55:00,2024-04-10
202400001633,18:24,Crépuscule,43,43018,1,2,7,3.0,D589,44.98785279,3.73873712,18:24:00,2024-03-23
202400001634,10:00,Plein jour,974,97408,2,1,1,6.0,Avenue de la Palestine,-20.959626,55.322744,10:00:00,2024-07-11
202400001635,09:40,Plein jour,27,27001,1,3,1,3.0,D438,49.16912,0.694828,09:40:00,2024-02-20
202400001636,17:25,Plein jour,77,77089,1,2,1,3.0,D213,48.497907,2.941122,17:25:00,2024-07-11
202400001637,11:15,Plein jour,95,95199,2,1,1,6.0,45 JEAN JAURES (AVENUE),49.031938,2.337105,11:15:00,2024-07-11
202400001638,15:34,Plein jour,17,17317,1,1,1,1.0,D730,45.41908,-0.632738,15:34:00,2024-03-18
202400001639,15:40,Plein jour,73,73241,1,1,2,6.0,A430 Péage Sainte-Hélène-sur-Isère,45.620148,6.311906,15:40:00,2024-03-24
202400001640,05:55,,42,42279,2,2,2,3.0,Route de Saint-Étienne,45.512764,4.268285,05:55:00,2024-03-24
202400001641,16:40,Plein jour,78,78615,1,1,1,5.0,D30,48.848941,1.961387,16:40:00,2024-07-10
202400001642,00:08,Nuit sans éclairage,69,69050,1,1,1,3.0,Autoroute 89 ,45.86332228,4.63455372,00:08:00,2024-03-23
202400001643,20:55,Crépuscule,30,30211,2,1,1,1.0,Route de Beaucaire,43.826842,4.489038,20:55:00,2024-07-09
202400001644,16:45,Plein jour,34,34157,2,1,1,6.0,boulevard paul valery,43.423962,3.601885,16:45:00,2024-05-23
202400001645,18:35,Plein jour,13,13013,1,6,1,7.0,"A52,bretelle entrée, S2,Pk 07.479",43.416037,5.577686,18:35:00,2024-03-23
202400001646,03:55,Nuit sans éclairage,34,34090,1,3,1,7.0,3 Rue Antoine Blanchemain,43.664682,3.924319,03:55:00,2024-07-11
202400001647,10:00,Plein jour,976,97603,2,1,1,6.0,Hamouro,-12.880505,45.214105,10:00:00,2024-03-13
202400001648,15:25,Plein jour,987,98725,2,1,1,1.0,face tahiti menager,-17.50620271,-149.47538853,15:25:00,2024-03-23
202400001649,10:40,Plein jour,84,84147,1,1,1,3.0,D973 Y,43.702924,5.441558,10:40:00,2024-07-11
202400001650,20:50,,971,97128,1,1,1,3.0,Route de Maudette,16.231554,-61.417866,20:50:00,2024-03-23
202400001651,14:54,Plein jour,13,13059,1,6,1,2.0,d556,43.660203,5.494688,14:54:00,2024-07-11
202400001652,16:00,Plein jour,06,06058,2,6,1,6.0,Route Napoleon,43.730096,6.792895,16:00:00,2024-03-24
202400001653,04:17,Nuit sans éclairage,03,03298,1,1,2,6.0,N209 route de vichy,46.29675,3.425731,04:17:00,2024-03-24
202400001654,19:50,Plein jour,58,58117,1,1,1,3.0,D47,47.007548,3.09764,19:50:00,2024-07-11
202400001655,15:55,Plein jour,38,38097,2,1,1,1.0,Route de la Plaine,45.763766,5.185429,15:55:00,2024-03-24
202400001656,19:10,Nuit sans éclairage,26,26233,1,1,1,7.0,Route de Vaison,44.288273,5.104512,19:10:00,2024-03-23
202400001657,09:15,Plein jour,67,67529,2,7,1,6.0,01 rue du Ried,48.708975,7.800947,09:15:00,2024-05-13
202400001658,05:45,Crépuscule,01,01262,2,3,1,3.0,160 Faubourg de Lyon,45.849253,5.050873,05:45:00,2024-03-23
202400001659,18:10,Plein jour,03,03100,2,2,1,3.0,carrefour Grande Rue et Rue du port,46.533742,3.745968,18:10:00,2024-07-11
202400001660,17:20,Plein jour,01,01405,1,1,1,1.0,D1083 lieu-dit les tiards,46.139776,5.170569,17:20:00,2024-03-23
202400001661,20:45,Plein jour,63,63213,1,1,1,3.0,Chemin communal,45.819902,3.248949,20:45:00,2024-07-10
202400001662,14:20,Plein jour,69,69254,1,1,1,6.0,Route D'Amplepuis,45.950605,4.423692,14:20:00,2024-03-23
202400001663,15:52,Plein jour,86,86173,1,9,1,5.0,D759,46.99806,0.052392,15:52:00,2024-03-23
202400001664,22:50,Nuit sans éclairage,33,33067,2,1,2,6.0,Unknown,45.041478,-0.587717,22:50:00,2024-03-23
202400001665,10:45,Plein jour,22,22282,1,1,8,7.0,Rue du Guebriant,48.574531,-2.237059,10:45:00,2024-03-23
202400001666,18:00,Plein jour,60,60010,1,1,1,6.0,Unknown,49.2057,2.109678,18:00:00,2024-03-24
202400001667,09:10,Plein jour,07,07324,2,1,1,2.0,avenue de lyon,45.073962,4.817392,09:10:00,2024-07-11
202400001668,04:15,Nuit sans éclairage,69,69199,1,1,1,2.0,Autoroute 7 ,45.68663786,4.84650522,04:15:00,2024-03-23
202400001669,15:15,Plein jour,01,01202,2,1,1,3.0,8 Rue de l’Industrie,45.902347,5.345948,15:15:00,2024-07-10
202400001670,14:04,,92,92050,1,1,1,2.0,A14,48.89880161,2.21573659,14:04:00,2024-03-22
202400001671,13:10,Plein jour,81,81271,1,1,1,6.0,D38,43.768382,1.723276,13:10:00,2024-07-11
202400001672,10:45,Plein jour,93,93053,1,1,1,2.0,A3,48.89885,2.4694,10:45:00,2024-03-23
202400001673,17:55,Plein jour,95,95176,1,1,1,2.0,A15,48.98861374,2.20310397,17:55:00,2024-03-22
202400001674,18:40,Plein jour,17,17336,1,1,1,4.0,D137,45.783286,-0.711322,18:40:00,2024-07-10
202400001675,16:40,Plein jour,94,94002,2,3,1,3.0,Rue Etienne Dolet / Allee du 8 Mai 1945,48.79095,2.42573,16:40:00,2024-03-21
202400001676,19:30,Plein jour,33,33322,1,3,1,3.0,Unknown,44.967386,-0.644953,19:30:00,2024-07-03
202400001677,09:30,Plein jour,987,98735,2,1,1,2.0,PRINCE HINOI (AVENUE),-17.5321133,-149.5558071,09:30:00,2024-03-22
202400001678,07:55,Plein jour,987,98735,2,1,1,3.0,CLEMENCEAU (RUE QTIER MANUHOE),-17.53772,-149.5632,07:55:00,2024-03-22
202400001679,11:15,Plein jour,50,50444,1,1,1,1.0,D13,49.045667,-0.949234,11:15:00,2024-07-11
202400001680,18:00,Plein jour,974,97411,2,1,1,6.0,MACE (BOULEVARD GABRIEL),-20.87274,55.44848,18:00:00,2024-03-22
202400001681,14:10,Plein jour,14,14762,1,1,1,7.0,La Baziniere- Maisoncelles (Maisoncelles-la-Jourdan),48.810849,-0.870913,14:10:00,2024-07-10
202400001682,18:30,Crépuscule,69,69388,2,1,1,6.0,Boulevard des Etats-Unis,45.73853275,4.86053185,18:30:00,2024-03-22
202400001683,10:50,Plein jour,22,22070,2,1,2,6.0,Rue du Grand Trotrieux,48.560498,-3.15136,10:50:00,2024-07-09
202400001684,17:50,Plein jour,22,22162,2,1,1,6.0,Carrefour (Supermarché),48.77186,-3.038948,17:50:00,2024-07-10
202400001685,13:00,Plein jour,69,69387,2,3,1,3.0,Avenue Jean Jaurès,45.73429769,4.83540253,13:00:00,2024-03-22
202400001686,16:30,Plein jour,69,69149,2,2,1,3.0,Route de Brignais,45.72434,4.78074,16:30:00,2024-03-22
202400001687,07:10,Plein jour,76,76164,1,1,1,1.0,D490,49.531448,0.754151,07:10:00,2024-07-11
202400001688,12:15,Plein jour,69,69389,2,3,1,6.0,40 Rue Marietton,45.77555,4.80266,12:15:00,2024-03-22
202400001689,13:15,Plein jour,62,62128,2,1,1,6.0,D42,50.305993,2.951417,13:15:00,2024-07-09
202400001690,19:15,Nuit avec éclairage,971,97107,2,1,1,1.0,DUMANOIR ( ALLEE ),16.02565,-61.57394,19:15:00,2024-03-22
202400001691,03:00,Nuit sans éclairage,59,59614,2,1,1,7.0,ROUTE NATIONALE,50.151588,3.459961,03:00:00,2024-07-11
202400001692,13:04,Plein jour,2A,2A004,2,3,1,3.0,21 Avenue Marechal Juin,41.93443,8.75077,13:04:00,2024-03-22
202400001693,22:30,Nuit sans éclairage,59,59139,2,1,1,6.0,Rue de Saint-quentin,50.117383,3.410908,22:30:00,2024-07-10
202400001694,17:52,Plein jour,91,91228,1,1,1,3.0,RN 104,48.61433,2.42996,17:52:00,2024-07-10
202400001695,22:50,Nuit sans éclairage,95,95539,2,4,2,2.0,D301,49.00589546,2.35561954,22:50:00,2024-03-22
202400001696,17:30,Plein jour,91,91136,1,9,1,6.0,AUTOROUTE A126,48.715234,2.269018,17:30:00,2024-07-10