Num_Acc,hrmn,lum,dep,com,agg,int,atm,col,adr,lat,long,heure,date
202400001697,17:35,Plein jour,95,95252,2,6,1,1.0,ANDRE CITROEN (RUE),48.98916423,2.21186221,17:35:00,2024-03-22
202400001698,15:56,Plein jour,91,91064,1,1,1,7.0,RN 118,48.74969048,2.20813394,15:56:00,2024-07-10
202400001699,16:20,Plein jour,95,95582,2,3,1,6.0,D14,48.9736445,2.25305431,16:20:00,2024-03-22
202400001700,16:20,Plein jour,91,91687,1,1,1,3.0,AUTOROUTE A6,48.66561,2.36327,16:20:00,2024-07-10
202400001701,16:45,Plein jour,95,95210,2,9,1,6.0,D311,48.97168454,2.30837882,16:45:00,2024-03-19
202400001702,02:27,Nuit sans éclairage,91,91617,1,1,2,6.0,RN 104,48.63401,2.53522,02:27:00,2024-07-10
202400001703,19:40,Plein jour,95,95277,1,1,1,2.0,A1,48.98202531,2.50014325,19:40:00,2024-07-10
202400001704,08:00,Plein jour,91,91345,2,1,1,4.0,RUE PDT FRANCOIS MITTERRAND,48.7005,2.29629,08:00:00,2024-03-22
202400001705,10:35,Plein jour,91,91027,2,6,1,6.0,RUE EDOUARD VAILLANT,48.7124,2.40225,10:35:00,2024-03-22
202400001706,08:20,Plein jour,93,93066,1,1,1,5.0,AUTOROUTE A1,48.90751824,2.35850551,08:20:00,2024-07-10
202400001707,17:00,Plein jour,91,91174,2,1,1,6.0,RUE FERAY,48.60509,2.46987,17:00:00,2024-03-22
202400001708,10:36,Plein jour,87,87085,2,1,1,6.0,LA FONTAINE (RUE),45.84666,1.24978,10:36:00,2024-03-21
202400001709,18:45,Crépuscule,86,86194,2,1,1,1.0,Rue du Faubourg du Pont Neuf,46.572732,0.362387,18:45:00,2024-03-22
202400001710,17:30,Plein jour,84,84007,2,1,1,6.0,FOLCOAUD (COURS DES FRÈRES),43.93693,4.87136,17:30:00,2024-03-22
202400001711,07:30,Plein jour,93,93029,1,1,1,4.0,A86,48.91845143,2.42885396,07:30:00,2024-07-10
202400001712,10:15,Plein jour,30,30011,2,6,1,3.0,920 Avenue de la 2e Division Blindee,43.95821429,4.75889361,10:15:00,2024-03-21
202400001713,23:40,Nuit sans éclairage,95,95582,1,1,1,5.0,A115,48.97595969,2.24215631,23:40:00,2024-07-09
202400001714,14:40,Plein jour,82,82033,2,2,1,3.0,Rue de la République,44.0388,1.10872,14:40:00,2024-03-22
202400001715,19:05,Plein jour,93,93051,1,1,1,2.0,A4,48.83648222,2.54751096,19:05:00,2024-07-10
202400001716,10:10,Plein jour,80,80021,2,3,1,3.0,Rue de Cagny,49.88665,2.31682,10:10:00,2024-03-21
202400001717,04:30,Nuit sans éclairage,77,77373,1,1,1,2.0,RN104,48.787559,2.61757,04:30:00,2024-07-09
202400001718,08:30,Crépuscule,44,44109,2,1,1,3.0,1 Boulevard Gabriel Lauriol,47.23460496,-1.56343636,08:30:00,2024-07-01
202400001719,11:45,Plein jour,77,77188,2,1,1,7.0,D.39,48.486205,2.755065,11:45:00,2024-03-11
202400001720,10:28,Plein jour,45,45234,2,1,1,2.0,13 Avenue du Parc de l'Etuvée,47.917636,1.925722,10:28:00,2024-07-09
202400001721,18:05,Plein jour,77,77067,2,1,1,6.0,Rue de l'Industrie,48.58924,2.59912,18:05:00,2024-03-20
202400001722,15:20,Plein jour,77,77132,2,1,1,3.0,AV ROBERT SCHUMAN,48.868831,2.792513,15:20:00,2024-03-22
202400001723,19:35,,14,14752,2,1,2,1.0,20 Rue d’Aunay,49.076609,-0.659317,19:35:00,2024-03-04
202400001724,04:00,Nuit sans éclairage,77,77186,2,1,1,6.0,CASCADES (AVENUE DES),48.40051,2.70756,04:00:00,2024-03-22
202400001725,16:30,Plein jour,50,50099,2,1,1,6.0,boulevard de verdun,49.302125,-1.23799,16:30:00,2024-04-17
202400001726,00:40,,76,76296,2,2,1,3.0,LIBERATION (RUE DE LA ),49.5184,0.26399,00:40:00,2024-03-22
202400001727,18:35,Plein jour,74,74010,1,1,1,3.0,LIONEL TERRAY,45.89779,6.11464,18:35:00,2024-03-22
202400001728,17:35,,988,98818,2,6,1,2.0,RUE BERTHELOT,-22.26031,166.4447,17:35:00,2024-07-07
202400001729,00:50,,72,72181,2,1,2,6.0,RUBILLARD AV N° IMP 57 ET >,48.01283,0.17664,00:50:00,2024-03-23
202400001730,12:05,Plein jour,987,98736,2,1,1,3.0,AFARERII (RUE),-17.53381,-149.55306,12:05:00,2024-07-09
202400001731,16:45,Plein jour,72,72181,2,1,1,2.0,LEFAUCHEUX PIERRE (BD),47.97409,0.17337,16:45:00,2024-03-22
202400001732,08:10,Plein jour,72,72181,2,1,1,2.0,TABACS (PONT DES),47.99847,0.1883,08:10:00,2024-03-22
202400001733,06:55,Plein jour,976,97611,2,1,1,6.0,mamoudzou centre-Rassi Boina Kaïm (rue),-12.784,45.229,06:55:00,2024-07-09
202400001734,04:30,Nuit sans éclairage,974,97416,1,1,1,7.0,RN1 (ROUTE NATIONALE),-21.31292,55.43782,04:30:00,2024-07-09
202400001735,01:04,,72,72181,2,2,1,3.0,GAMBETTA (RUE) N° IMP 1 A 21,48.005351,0.193372,01:04:00,2024-03-22
202400001736,17:25,Crépuscule,974,97416,1,1,1,3.0,RN3 (2),-21.31967,55.48943,17:25:00,2024-07-09
202400001737,16:10,Plein jour,72,72181,2,1,1,2.0,BROSSOLETTE PIERRE (BD) N° IMP,47.978876,0.205052,16:10:00,2024-03-21
202400001738,14:00,Plein jour,69,69276,1,1,1,1.0,Avenue Albert Ramboz,45.67794,4.84704,14:00:00,2024-03-22
202400001739,17:00,Plein jour,974,97416,1,3,1,1.0,PERE MAITRE(RUE DU),-21.28437,55.46688,17:00:00,2024-07-09
202400001740,10:40,Plein jour,69,69271,1,1,1,3.0,3 Avenue des Frères Montgolfier,45.72749,4.96394,10:40:00,2024-03-22
202400001741,16:30,Plein jour,974,97411,1,1,1,2.0,LITTORAL (ROUTE 1 DU),-20.89596,55.37532,16:30:00,2024-07-09
202400001742,08:35,Plein jour,66,66136,2,1,1,6.0,Rue de SAINT-NAZAIRE,42.6834,2.90452,08:35:00,2024-03-22
202400001743,13:50,Plein jour,972,97209,1,1,1,3.0,AUTOROUTE (A1),14.6152,-61.04515,13:50:00,2024-07-08
202400001744,09:40,Plein jour,64,64125,1,1,1,1.0,AHETZE (ROUTE),43.43281,-1.57636,09:40:00,2024-03-22
202400001745,15:30,Plein jour,64,64024,2,1,1,3.0,BAYONNE (AVENUE DE),43.48155,-1.50947,15:30:00,2024-03-22
202400001746,12:25,Plein jour,971,97120,2,2,1,3.0,HANNE (BOULEVARD),16.24094,-61.53518,12:25:00,2024-07-09
202400001747,10:25,Plein jour,64,64102,2,1,1,7.0,AMADE  (ROND POINT),43.50221,-1.47832,10:25:00,2024-03-22
202400001748,16:00,Plein jour,971,97113,1,1,1,2.0,PETIT HAVRE (SECTEUR),16.21527,-61.42912,16:00:00,2024-07-08
202400001749,08:36,Plein jour,64,64024,2,1,5,3.0,LOUILLOT (RUE DE),43.48288,-1.52069,08:36:00,2024-03-22
202400001750,19:24,Plein jour,2A,2A004,2,1,1,6.0,HERMINIER GARE MARITIME QUAI,41.92,8.74,19:24:00,2024-07-09
202400001751,16:55,Plein jour,63,63245,1,1,1,1.0,ROCADE RD 446,45.90072899,3.08800191,16:55:00,2024-03-21
202400001752,15:16,Plein jour,63,63113,2,1,1,6.0,BONNEFONS (RUE JEAN),45.78166,3.07919,15:16:00,2024-03-22
202400001753,09:50,Plein jour,84,84007,2,1,1,6.0,CHANGE (PLACE DU),43.94863,4.8062,09:50:00,2024-07-08
202400001754,17:50,Plein jour,62,62244,2,1,2,6.0,Impasse Simone Veil,50.92535385,1.88259709,17:50:00,2024-03-22
202400001755,14:30,Plein jour,83,83069,2,1,1,3.0,DECUGIS (AVENUE ALFRED),43.11000137,6.1705184,14:30:00,2024-07-09
202400001756,07:40,Plein jour,62,62041,2,1,1,2.0,Rue Auguste Dumand,50.29567,2.75401,07:40:00,2024-03-22
202400001757,20:30,,59,59122,2,1,2,6.0,MICHELET (AVENUE),50.17327,3.24374,20:30:00,2024-03-22
202400001758,14:00,Plein jour,80,80674,2,1,1,2.0,Route de Corbie,49.90148,2.33196,14:00:00,2024-07-08
202400001759,11:55,Plein jour,58,58194,2,3,1,6.0,PREFECTURE,46.99357,3.16396,11:55:00,2024-03-22
202400001760,10:00,Plein jour,78,78383,2,3,1,6.0,FOREZ (AVENUE DU),48.760013,1.943723,10:00:00,2024-07-09
202400001761,16:58,Plein jour,57,57463,2,9,1,6.0,BOURBONNAIS (RUE DU ),49.11452,6.22362,16:58:00,2024-03-22
202400001762,17:55,Crépuscule,56,56121,2,1,3,4.0,Rue colonel Jean Muller,47.76258,-3.39167,17:55:00,2024-03-22
202400001763,14:00,Plein jour,56,56098,2,3,1,3.0,ZEDE (RUE  GUSTAVE ),47.77612,-3.35648,14:00:00,2024-03-21
202400001764,12:20,Plein jour,54,54395,2,1,1,3.0,Avenue du Maréchal Juin,48.67921886,6.17392749,12:20:00,2024-03-22
202400001765,16:30,Plein jour,77,77083,1,1,1,2.0,MARNE VPN (ROUTE DE LA),48.84826,2.60461,16:30:00,2024-07-08
202400001766,23:11,,54,54395,2,5,1,3.0,Boulevard Lobau,48.69171,6.19281,23:11:00,2024-03-21
202400001767,07:30,Plein jour,54,54575,1,1,1,6.0,RD17,49.47252,5.80278,07:30:00,2024-03-22
202400001768,15:20,Plein jour,54,54099,2,6,1,7.0,D906,49.25538,5.94782,15:20:00,2024-03-22
202400001769,16:20,Plein jour,77,77335,1,1,2,4.0,RN3 (ROUTE NATIONALE),48.95886,2.82574,16:20:00,2024-07-09
202400001770,16:00,Plein jour,52,52448,2,2,1,6.0,CARNOT (RUE DU PRESIDENT) PAIR,48.63895,4.94378,16:00:00,2024-03-20
202400001771,16:00,Plein jour,73,73065,2,1,7,2.0,REPUBLIQUE (RUE DE LA),45.56401,5.92588,16:00:00,2024-07-08
202400001772,16:45,Plein jour,50,50129,2,2,8,3.0,BECQUET DE HAUT (RUE),49.65192,-1.55527,16:45:00,2024-03-21
202400001773,16:40,Plein jour,72,72181,2,1,1,6.0,MINIMES (RUE DES),48.00331,0.19669,16:40:00,2024-07-08
202400001774,16:50,Plein jour,50,50129,2,1,1,2.0,SALINE (BOULEVARD DE LA),49.65403,-1.64937,16:50:00,2024-03-20
202400001775,20:40,Plein jour,72,72181,2,2,1,3.0,HOCHE (RUE) N° PAIRS 46 ET >,48.01088,0.18363,20:40:00,2024-07-08
202400001776,17:45,Plein jour,50,50129,2,3,1,3.0,FOEDRE (RUE DE LA),49.62792,-1.65619,17:45:00,2024-03-20
202400001777,17:00,Plein jour,49,49007,2,1,1,3.0,TOUSSAINT RUE ET IMPASSE,47.46946,-0.55609,17:00:00,2024-03-22
202400001778,20:05,Plein jour,72,72181,2,3,1,3.0,PAVOINE PIERRE (RUE),47.9778,0.20265,20:05:00,2024-07-07
202400001779,08:58,Plein jour,49,49007,2,6,1,3.0,RAMON BOULEVARD,47.48869,-0.54534,08:58:00,2024-03-22
202400001780,08:45,Plein jour,71,71306,2,3,1,1.0,DE LATTRE DE TASSIGNY (BLD DU MARECHAL),46.67193,4.38433,08:45:00,2024-07-09
202400001781,11:10,Plein jour,47,47031,2,3,1,3.0,JEAN JAURES (Avenue)  ,44.1777,0.63952,11:10:00,2024-03-22
202400001782,09:18,Plein jour,71,71076,2,1,1,6.0,REMPART SAINT PIERRE,46.78642164,4.85094935,09:18:00,2024-07-09
202400001783,17:37,Plein jour,45,45284,2,2,1,3.0,60 Rue d'Ambert,47.90846,1.93854,17:37:00,2024-03-22
202400001784,11:40,Plein jour,69,69282,2,2,1,3.0,Avenue du Dauphiné,45.76326,5.0074,11:40:00,2024-07-08
202400001785,11:40,Plein jour,45,45208,2,1,7,3.0,28bis Boulevard Paul Baudin,48.00122716,2.73432434,11:40:00,2024-03-22
202400001786,16:00,Plein jour,42,42316,2,4,1,2.0,Rue Charles de Gaulle,45.39528,4.26313,16:00:00,2024-03-22
202400001787,06:45,Plein jour,69,69264,2,2,1,3.0,Rue Rene Cassin,45.9892,4.72277,06:45:00,2024-07-09
202400001788,08:30,Plein jour,41,41295,2,1,1,2.0,SAND (RUE GEORGE),47.5814,1.37376,08:30:00,2024-03-22
202400001789,07:10,Plein jour,69,69013,2,9,1,3.0,Avenue de Joux,46.00793924,4.72701745,07:10:00,2024-07-03
202400001790,16:30,Plein jour,38,38151,2,9,1,1.0,JAURES (COURS J. 1 A 48-75),45.15138,5.70658,16:30:00,2024-03-21
202400001791,15:35,Plein jour,66,66136,2,3,1,6.0,Unknown,42.67909,2.90442,15:35:00,2024-07-08
202400001792,07:30,Plein jour,37,37195,2,6,1,3.0,PRIEURE (AVENUE DU),47.38283,0.65458,07:30:00,2024-03-21
202400001793,19:40,Nuit sans éclairage,36,36044,2,4,1,6.0,219 Rue Combanaire,46.80123025,1.71479121,19:40:00,2024-03-22
202400001794,16:25,Plein jour,64,64122,2,1,1,4.0,DASSAULT MARCEL (BD),43.45295,-1.55459,16:25:00,2024-07-09
202400001795,14:17,Plein jour,63,63113,2,1,1,7.0,PAULINES (AVENUE DES),45.77486,3.09491,14:17:00,2024-07-09
202400001796,21:55,,35,35238,2,3,2,3.0,MONNAIE ( DE LA),48.11024296,-1.68459324,21:55:00,2024-03-22
202400001797,11:50,Plein jour,62,62498,2,1,1,2.0,D58E1,50.42739304,2.81075102,11:50:00,2024-07-04
202400001798,15:45,Plein jour,35,35238,2,1,8,2.0,GROS MALHON (AVENUE),48.12886648,-1.68384168,15:45:00,2024-03-22
202400001799,11:30,Plein jour,62,62244,2,1,2,7.0,Rue du Vinfil,50.91213,1.87719,11:30:00,2024-07-09
202400001800,23:45,,60,60057,2,1,1,6.0,Rue d'Anjou,49.43484,2.102,23:45:00,2024-07-09
202400001801,19:55,,34,34172,2,2,1,3.0,ZUCCARELLI (PONT JEAN),43.60079,3.89753,19:55:00,2024-03-22
202400001802,00:01,,33,33063,2,1,1,7.0,Unknown,44.82218,-0.54177,00:01:00,2024-03-23
202400001803,13:10,Plein jour,59,59350,2,1,8,3.0,Avenue de Dunkerque (Lomme),50.64632,3.00925,13:10:00,2024-07-09
202400001804,10:45,Plein jour,59,59009,1,1,1,6.0,COLBERT RUE,50.6273,3.18529,10:45:00,2024-07-09
202400001805,23:50,Nuit sans éclairage,33,33249,2,1,1,3.0,Unknown,44.86703,-0.51293,23:50:00,2024-03-22
202400001806,13:30,Plein jour,57,57463,2,1,1,7.0,BORNY (ROUTE DE ),49.115089,6.191843,13:30:00,2024-07-09
202400001807,15:20,Plein jour,33,33063,2,1,1,3.0,Unknown,44.87419,-0.57208,15:20:00,2024-03-22
202400001808,11:10,Plein jour,33,33063,2,4,1,6.0,Unknown,44.84781,-0.576341,11:10:00,2024-03-22
202400001809,08:50,Plein jour,56,56260,1,1,2,2.0,Ménimur,47.6691,-2.76614,08:50:00,2024-07-09
202400001810,16:33,Plein jour,31,31555,2,1,1,6.0,RTE DE SEYSSES,43.56016,1.40427,16:33:00,2024-03-22
202400001811,09:00,Plein jour,56,56260,2,6,2,2.0,Giratoire des 3 Rois,47.68412,-2.76699,09:00:00,2024-07-09
202400001812,14:50,Plein jour,29,29019,2,2,1,3.0,rue du Onze Novembre 1918,48.377306,-4.543633,14:50:00,2024-03-20
202400001813,08:30,Plein jour,56,56121,2,6,3,3.0,Boulevard Léon Blum,47.74724,-3.37657,08:30:00,2024-07-08
202400001814,03:51,Nuit sans éclairage,26,26198,1,1,1,6.0,Route du Teil,44.55353673,4.71066713,03:51:00,2024-03-22
202400001815,01:30,,54,54184,2,3,1,6.0,Rue du Bas Château,48.70715262,6.2159282,01:30:00,2024-07-09
202400001816,17:38,Plein jour,25,25462,2,3,1,3.0,CHARDONNET (COMTE DE),46.91082,6.35211,17:38:00,2024-03-22
202400001817,16:35,Plein jour,25,25056,2,6,1,3.0,GRAY ROUTE DE,47.24413,5.98281,16:35:00,2024-03-22
202400001818,12:57,Plein jour,51,51454,2,3,1,3.0,POMMERY (BOULEVARD),49.24764,4.05121,12:57:00,2024-07-09
202400001819,10:42,Plein jour,21,21231,2,3,1,3.0,Boulevard Jeanne d'Arc,47.32025,5.06549,10:42:00,2024-03-22
202400001820,08:40,Plein jour,50,50599,2,6,2,3.0,MALRAUX (ROND POINT ANDRE),49.59926,-1.59745,08:40:00,2024-07-09
202400001821,16:35,Plein jour,18,18279,2,6,1,3.0,Boulevard de la Nation,47.21862,2.06175,16:35:00,2024-03-21
202400001822,14:40,Plein jour,13,13214,2,1,1,1.0,CLAUDE MONET (avenue),43.3245,5.39412,14:40:00,2024-03-22
202400001823,12:10,Plein jour,13,13210,2,1,1,3.0,ROMAIN ROLLAND (BOULEVARD),43.27508,5.41594,12:10:00,2024-03-22
202400001824,18:00,Plein jour,50,50129,2,2,3,2.0,BRETON (RUE DU),49.65725,-1.69499,18:00:00,2024-07-08
202400001825,09:30,Plein jour,13,13215,2,1,1,3.0,Min (avenue du),43.33923593,5.38120947,09:30:00,2024-03-22
202400001826,14:22,Plein jour,49,49007,2,2,1,3.0,BIRGE BOULEVARD,47.47444,-0.51958,14:22:00,2024-07-08
202400001827,05:15,,13,13210,2,1,1,1.0,L ARMEE D AFRIQUE (CHEMIN DE L'),43.28648616,5.4161893,05:15:00,2024-03-22
202400001828,08:00,Plein jour,13,13004,2,7,1,3.0,BD DES LICES,43.67517,4.63101,08:00:00,2024-03-22
202400001829,10:51,Plein jour,49,49007,2,1,1,6.0,BRISEPOTIERE,47.48105,-0.53373,10:51:00,2024-07-08
202400001830,23:20,Nuit sans éclairage,10,10357,2,9,1,6.0,GENERAL DE GAULLE (RUE DU),48.2967,4.1286,23:20:00,2024-03-22
202400001831,16:02,Plein jour,10,10387,2,2,1,3.0,CHARMILLES (MAIL DES),48.29664,4.08553,16:02:00,2024-03-22
202400001832,09:00,Plein jour,06,06029,2,7,1,6.0,Avenue Francis Tonner,43.54951,6.98111,09:00:00,2024-03-22
202400001833,22:55,Nuit sans éclairage,44,44162,1,1,2,6.0,Unknown,47.20094,-1.61949,22:55:00,2024-07-09
202400001834,03:30,,75,75119,2,1,1,2.0,BD PERIPHERIQUE INTERIEUR,48.88566,2.397454,03:30:00,2024-03-21
202400001835,20:20,Crépuscule,44,44109,2,6,2,3.0,10 Cours des 50 Otages,47.21608,-1.55661,20:20:00,2024-07-09
202400001836,20:15,,75,75105,2,3,1,6.0,BOULEVARD SAINT MARCEL,48.8376351,2.354382,20:15:00,2024-03-22
202400001837,05:20,,75,75120,2,2,1,1.0,RUE DES PYRENEES,48.865511,2.398008,05:20:00,2024-03-21
202400001838,22:28,Nuit sans éclairage,42,42184,2,9,2,6.0,Boulevard Ouest,46.0298,4.04483,22:28:00,2024-07-09
202400001839,20:45,,75,75117,2,3,1,6.0,BOULEVARD DES BATIGNOLLES,48.882604,2.322052,20:45:00,2024-03-22
202400001840,20:10,Plein jour,34,34172,2,1,1,3.0,FIGAIRASSE (RUE DE LA),43.60708,3.8557,20:10:00,2024-07-09
202400001841,02:05,,75,75117,2,3,1,7.0,BOULEVARD DES BATIGNOLLES,48.883348,2.325809,02:05:00,2024-03-22
202400001842,16:20,Plein jour,75,75116,2,3,1,4.0,RUE BOIS LE VENT,48.857585,2.276453,16:20:00,2024-03-22
202400001843,19:15,Plein jour,34,34172,2,3,1,3.0,SAINT LAZARE (AVENUE DE),43.61911,3.88654,19:15:00,2024-07-08
202400001844,10:45,Plein jour,75,75116,2,7,1,3.0,PLACE DU TROCADERO ET DU 11 NOVEMBRE,48.86250637,2.28680581,10:45:00,2024-03-22
202400001845,21:00,Plein jour,33,33281,2,6,8,1.0,Unknown,44.8372,-0.64663,21:00:00,2024-07-09
202400001846,18:45,Plein jour,75,75114,2,2,1,7.0,AVENUE DE LA PORTE DE CHATILLON,48.822614,2.314967,18:45:00,2024-03-21
202400001847,09:15,Plein jour,75,75114,2,3,1,3.0,BOULEVARD JOURDAN,48.821212,2.334297,09:15:00,2024-03-21
202400001848,15:30,Plein jour,33,33069,2,3,1,6.0,Unknown,44.86358,-0.58193,15:30:00,2024-07-08
202400001849,17:30,Plein jour,31,31565,1,1,1,2.0,D 8,43.09415676,0.68473041,17:30:00,2024-07-08
202400001850,09:06,Plein jour,29,29232,2,1,2,7.0,Rond-Point Philippe Lebon,47.99492618,-4.07245959,09:06:00,2024-07-09
202400001851,22:25,,29,29039,2,6,2,3.0,Rue de Quimper,47.88851,-3.91863,22:25:00,2024-07-09
202400001852,23:25,Nuit sans éclairage,25,25056,1,1,1,6.0,MALATE  CHEMIN DE LA,47.22617,6.04225,23:25:00,2024-07-09
202400001853,18:00,Plein jour,19,19031,2,1,1,3.0,ALVITRE (AVENUE ABBE),45.15346,1.50883,18:00:00,2024-07-09
202400001854,07:50,Plein jour,17,17306,2,1,1,3.0,LAMY (BD FRANCK),45.62776,-1.01538,07:50:00,2024-07-09
202400001855,04:25,Nuit sans éclairage,17,17380,2,1,1,7.0,PALMYRE (AVENUE DE LA),45.659,-1.127,04:25:00,2024-07-09
202400001856,01:55,,14,14327,1,1,1,6.0,568 Route d'Ouistreham (ancienne),49.21741,-0.31225,01:55:00,2024-07-07
202400001857,22:51,,13,13206,2,2,1,3.0,PARADIS (RUE),43.29224,5.37731,22:51:00,2024-07-08
202400001858,03:50,,13,13210,2,1,1,3.0,PONT DE VIVAUX (BOULEVARD),43.27956,5.41761,03:50:00,2024-07-09
202400001859,11:25,Plein jour,13,13203,2,3,1,6.0,CLOVIS HUGUES (RUE),43.31773,5.37413,11:25:00,2024-07-08
202400001860,10:04,Plein jour,13,13208,2,2,1,3.0,LIANDIER (RUE),43.27844,5.39231,10:04:00,2024-07-08
202400001861,22:05,Nuit sans éclairage,13,13098,1,1,1,1.0,D.5,43.4421,5.03025,22:05:00,2024-07-08
202400001862,19:35,Plein jour,13,13028,2,1,1,1.0,AVENUE DE LA GARE,43.1982,5.6327,19:35:00,2024-07-09
202400001863,04:10,Nuit sans éclairage,13,13001,1,1,1,7.0,BELLEC MAURICE (RTE DU COLONEL),43.57912,5.44919,04:10:00,2024-07-09
202400001864,18:55,Plein jour,11,11262,2,1,1,2.0,60 Avenue du General Leclerc,43.17473153,2.99270153,18:55:00,2024-07-09
202400001865,17:15,Plein jour,10,10387,2,1,7,6.0,Rue de la Marne,48.27965,4.06962,17:15:00,2024-07-08
202400001866,11:08,Plein jour,07,07102,2,6,1,3.0,REPUBLIQUE (AV. DE LA) [DU N° AU N°],44.93944,4.86538,11:08:00,2024-07-09
202400001867,16:20,Plein jour,06,06088,2,1,1,5.0,9 Boulevard Louis Braille,43.71743,7.2943,16:20:00,2024-07-09
202400001868,14:55,Plein jour,75,75114,2,1,1,7.0,BOULEVARD ROMAIN ROLLAND,48.820999,2.320122,14:55:00,2024-09-17
202400001869,08:30,Crépuscule,76,76165,2,3,1,1.0,FAURE. RUE FELIX,49.28701,1.02295,08:30:00,2024-12-03
202400001870,19:05,Plein jour,06,06069,2,1,1,7.0,17 Chemin de Canteperdrix,43.63948,6.90905,19:05:00,2024-07-09
202400001871,15:10,Plein jour,75,75113,2,5,1,7.0,RUE WATT,48.826264,2.378152,15:10:00,2024-09-18
202400001872,13:35,Plein jour,76,76575,2,2,1,3.0,Avenue Maryse Bastié,49.39149,1.06996,13:35:00,2024-09-18
202400001873,12:10,Plein jour,05,05023,1,1,1,1.0,GAP (ROUTE DE   RN94),44.87019,6.60501,12:10:00,2024-07-09
202400001874,23:00,Nuit sans éclairage,26,26340,1,3,4,7.0,Route de Buis,44.21585277,5.54326773,23:00:00,2024-12-22
202400001875,12:30,Plein jour,75,75111,2,3,1,3.0,BOULEVARD VOLTAIRE,48.852925,2.38858,12:30:00,2024-09-18
202400001876,11:30,Plein jour,60,60673,2,1,1,6.0,Rue Principale,49.614352,2.128559,11:30:00,2024-12-21
202400001877,08:55,Plein jour,75,75114,2,1,1,3.0,BOULEVARD PERIPHERIQUE INTERIEUR,48.825623,2.300965,08:55:00,2024-07-09
202400001878,05:22,,75,75108,2,3,1,6.0,PLACE SAINT AUGUSTIN,48.8748825,2.31985205,05:22:00,2024-09-18
202400001879,07:03,Nuit sans éclairage,88,88039,1,1,2,1.0,D166,48.309681,6.060894,07:03:00,2024-09-26
202400001880,20:50,,34,34146,2,8,1,6.0,132 avenue de la gare,43.68119,4.093924,20:50:00,2024-10-18
202400001881,13:45,Plein jour,94,94081,2,1,1,6.0,Avenue du Groupe Manouchian,48.794045,2.402132,13:45:00,2024-09-18
202400001882,18:15,Plein jour,75,75119,2,1,1,4.0,PORTE DES LILAS,48.889128,2.396297,18:15:00,2024-07-08
202400001883,10:00,Plein jour,59,59603,2,2,1,6.0,Unknown,50.328505,3.483334,10:00:00,2024-09-11
202400001884,12:30,Plein jour,94,94016,2,3,1,2.0,Avenue de l'Europe,48.78649,2.32448,12:30:00,2024-09-18
202400001885,01:10,,94,94022,2,1,1,7.0,Avenue Léon Gourdault,48.76413481,2.40593791,01:10:00,2024-09-18
202400001886,15:34,Plein jour,88,88366,2,1,1,6.0,Rue du Convers,48.359906,5.891017,15:34:00,2024-11-20
202400001887,13:46,Plein jour,75,75113,2,2,1,3.0,AVENUE DE LA PORTE DE CHOISY,48.817392,2.366803,13:46:00,2024-07-09
202400001888,04:20,,88,88487,2,3,1,1.0,Grande Rue,47.931429,6.492877,04:20:00,2024-10-28
202400001889,09:40,Plein jour,94,94068,2,3,1,6.0,Rue Kléber,48.79094566,2.51565302,09:40:00,2024-09-18
202400001890,21:25,,75,75119,2,1,1,6.0,PORTE DE LA VILLETTE,48.900223,2.382005,21:25:00,2024-07-08
202400001891,18:20,Plein jour,61,61168,2,1,1,6.0,Parking,48.575501,-0.369978,18:20:00,2024-06-14
202400001892,22:05,,93,93072,2,1,1,3.0,HENNEQUIN (RUE),48.95757,2.37895,22:05:00,2024-09-18
202400001893,19:30,Plein jour,75,75117,2,1,1,3.0,BOULEVARD DE COURCELLES,48.881158,2.315353,19:30:00,2024-07-09
202400001894,10:40,Plein jour,88,88058,1,1,7,3.0,Grande Rue,48.323447,5.959927,10:40:00,2024-08-01
202400001895,09:52,Plein jour,93,93070,2,9,1,6.0,ROSIERS(DES) : APRES 61,48.90394668,2.33918277,09:52:00,2024-09-18
202400001896,17:30,Nuit sans éclairage,28,28346,1,1,1,6.0,Rue de la Mare aux Boeufs,48.71238,1.092807,17:30:00,2024-12-11
202400001897,10:25,Plein jour,75,75117,2,1,1,6.0,RUE DESCOMBES,48.884487,2.293087,10:25:00,2024-07-09
202400001898,08:45,Plein jour,85,85194,2,1,1,6.0,RUE EDOUARD BELIN,46.51678387,-1.78264976,08:45:00,2024-11-08
202400001899,16:40,Plein jour,93,93064,2,1,1,6.0,ALSACE-LORRAINE (BOULEVARD),48.88469559,2.48312389,16:40:00,2024-09-18
202400001900,22:48,Nuit sans éclairage,75,75117,2,5,1,3.0,AVENUE DE LA GRANDE ARMEE,48.875718,2.288973,22:48:00,2024-07-08
202400001901,22:40,Nuit sans éclairage,35,35291,1,1,6,1.0,Lieu Dit Colombel,48.590976,-1.634935,22:40:00,2024-12-07
202400001902,22:05,,93,93077,2,3,1,3.0,GRANDE RUE,48.88264,2.52548,22:05:00,2024-09-17
202400001903,09:15,Plein jour,49,49331,2,3,1,3.0,Rue David d?Angers,47.685365,-0.865292,09:15:00,2024-12-21
202400001904,17:25,Plein jour,75,75116,2,2,1,3.0,AVENUE DE LA GRANDE ARMEE,48.874451,2.29295,17:25:00,2024-07-09
202400001905,19:00,Plein jour,93,93053,2,1,1,6.0,ROGER SALENGRO (BLD),48.88369335,2.45517879,19:00:00,2024-09-18
202400001906,06:00,Nuit sans éclairage,91,91359,2,1,2,6.0,Avenue du Général de Gaulle,48.39244,2.392018,06:00:00,2024-11-08
202400001907,09:50,Plein jour,75,75116,2,1,1,3.0,RUE CHARDON LAGACHE,48.844518,2.266235,09:50:00,2024-07-09