Num_Acc,hrmn,lum,dep,com,agg,int,atm,col,adr,lat,long,heure,date
202400001908,12:50,Plein jour,44,44109,2,6,1,3.0,29Bis Rue des Dervallières,47.22192894,-1.57846493,12:50:00,2024-11-26
202400001909,20:25,,93,93048,2,2,1,3.0,PARIS (RUE DE),48.85756361,2.43328183,20:25:00,2024-09-18
202400001910,16:55,Plein jour,75,75116,2,1,1,3.0,RUE SAINT DIDIER,48.867218,2.283148,16:55:00,2024-07-08
202400001911,15:17,Plein jour,44,44109,2,6,6,6.0,239 Route de Saint Joseph,47.25019048,-1.53006018,15:17:00,2024-11-21
202400001912,19:30,Plein jour,93,93079,2,2,1,3.0,HENRI BARBUSSE,48.96173,2.34302,19:30:00,2024-09-17
202400001913,09:45,Plein jour,75,75113,2,1,1,3.0,RUE DE L AMIRAL MOUCHEZ,48.819978,2.344251,09:45:00,2024-07-09
202400001914,14:05,Plein jour,75,75118,2,3,1,3.0,RUE DE LA CHAPELLE,48.89704,2.35979,14:05:00,2024-04-15
202400001915,13:55,Plein jour,75,75112,2,3,1,6.0,RUE AUDUBON,48.845401,2.369715,13:55:00,2024-07-08
202400001916,23:00,,92,92020,2,6,1,7.0,DE GAULLE CARREFOUR CHARLES,48.80071331,2.28379816,23:00:00,2024-09-17
202400001917,14:50,Plein jour,69,69270,1,6,2,2.0,Rue Tony Garnier,45.65097263,4.924031,14:50:00,2024-12-19
202400001918,08:50,Plein jour,75,75112,2,3,1,1.0,AVENUE DAUMESNIL,48.83536,2.40657,08:50:00,2024-07-08
202400001919,15:45,Plein jour,92,92024,2,1,1,6.0,VICTOR HUGO (BD),48.8977728,2.31102705,15:45:00,2024-09-18
202400001920,16:59,Plein jour,44,44109,1,1,1,2.0,Pont de Cheviré,47.19645918,-1.61416617,16:59:00,2024-08-16
202400001921,11:20,Plein jour,44,44190,2,1,1,3.0,28 Rue Maurice Daniel,47.20653594,-1.50654753,11:20:00,2024-05-11
202400001922,17:15,Plein jour,92,92023,2,1,1,3.0,PETIT CLAMART (ROND POINT DU),48.77700837,2.23025769,17:15:00,2024-09-18
202400001923,02:40,,75,75111,2,3,1,3.0,BOULEVARD VOLTAIRE,48.851628,2.390482,02:40:00,2024-06-28
202400001924,10:50,Plein jour,44,44143,2,6,1,3.0,180 Rue du Genétais,47.16136331,-1.5549613,10:50:00,2024-05-10
202400001925,09:15,Plein jour,92,92012,2,1,1,3.0,REINE (ROUTE DE LA) 1/37- 6/80,48.83897405,2.24815339,09:15:00,2024-09-18
202400001926,16:50,Plein jour,75,75110,2,2,1,6.0,RUE LA FAYETTE,48.881564,2.365828,16:50:00,2024-07-09
202400001927,00:45,,75,75110,2,2,1,3.0,RUE LOUIS BLANC,48.87964,2.368103,00:45:00,2024-07-09
202400001928,09:55,Plein jour,92,92004,2,1,1,3.0,GRESILLONS ( AVENUE DES  ),48.91680587,2.30621874,09:55:00,2024-09-18
202400001929,15:50,Plein jour,75,75109,2,2,1,6.0,RUE DU FAUBOURG MONTMARTRE,48.874049,2.34243,15:50:00,2024-07-09
202400001930,17:25,Plein jour,75,75108,2,3,8,6.0,AVENUE GEORGE V,48.867591,2.301239,17:25:00,2024-07-09
202400001931,23:15,,92,92002,2,2,1,3.0,PRESIDENT KENNEDY (50 A LA FIN),48.73465955,2.28538692,23:15:00,2024-09-17
202400001932,12:00,Plein jour,75,75101,2,1,1,7.0,QUAI FRANCOIS MITTERRAND,48.859412,2.336391,12:00:00,2024-07-09
202400001933,17:28,Plein jour,95,95580,2,1,1,7.0,D10,49.08787967,2.55616925,17:28:00,2024-09-17
202400001934,09:10,Plein jour,75,75101,2,3,1,7.0,RUE DE RIVOLI,48.865345,2.327302,09:10:00,2024-07-09
202400001935,19:40,,39,39333,2,1,1,6.0,2 Rue du Jura,46.430595,5.726058,19:40:00,2024-09-18
202400001936,08:15,Plein jour,75,75101,2,3,1,7.0,RUE DE RIVOLI,48.866346,2.327302,08:15:00,2024-07-09
202400001937,16:35,Plein jour,60,60337,2,2,7,3.0,Rue de Normandie,49.440101,2.737248,16:35:00,2024-09-18
202400001938,14:50,Plein jour,94,94081,2,1,1,6.0,Avenue Eugène Pelletan,48.794258,2.385139,14:50:00,2024-07-09
202400001939,14:10,Plein jour,94,94046,2,3,1,6.0,Rue Marc Sangnier,48.8056,2.44513,14:10:00,2024-07-09
202400001940,19:45,Plein jour,94,94016,2,1,1,6.0,76 Avenue du Président Wilson,48.788681,2.324532,19:45:00,2024-07-09
202400001941,15:00,Plein jour,22,22121,2,3,1,1.0,Rue Saint Yves,48.632561,-2.986473,15:00:00,2024-09-19
202400001942,13:35,Plein jour,93,93073,2,6,1,3.0,Avenue du Valquiou / Rue du Sausset,48.97956,2.54106,13:35:00,2024-07-09
202400001943,00:30,Nuit sans éclairage,11,11146,1,1,1,6.0,A61,43.17839822,2.48927204,00:30:00,2024-09-19
202400001944,17:08,Plein jour,93,93055,2,1,1,2.0,Avenue Aimé Césaire,48.91392,2.41033,17:08:00,2024-07-09
202400001945,17:50,Plein jour,93,93051,2,1,1,3.0,PAUL BELMONDO,48.834,2.554,17:50:00,2024-07-09
202400001946,19:30,Plein jour,93,93048,2,1,1,6.0,Boulevard de la Boissière,48.8777506,2.45941543,19:30:00,2024-07-09
202400001947,20:30,Nuit sans éclairage,31,31282,1,1,1,1.0,Chemin des Sports,43.671434,1.456617,20:30:00,2024-09-18
202400001948,08:00,Plein jour,58,58089,1,1,1,3.0,pk 24 D33,47.371026,3.214086,08:00:00,2024-09-19
202400001949,18:31,Plein jour,93,93032,2,5,1,4.0,Rue Vaillant Couturier / Rue Hippolyte Pina,48.87447952,2.55194619,18:31:00,2024-07-08
202400001950,15:05,Plein jour,93,93029,2,1,8,3.0,Rue Roger Salomon,48.93623,2.45602,15:05:00,2024-07-08
202400001951,08:00,Plein jour,62,62849,1,1,1,3.0,D303,50.40988357,1.65591154,08:00:00,2024-09-19
202400001952,17:00,Plein jour,30,30141,2,1,1,7.0,Chemin de la Garrigue,44.097974,4.68091,17:00:00,2024-09-11
202400001953,18:15,Plein jour,93,93007,2,1,1,3.0,"""PAUL VAILLANT COUTURIER (AVENUE """"DU 13",48.92504,2.46444,18:15:00,2024-07-09
202400001954,14:00,Plein jour,93,93001,2,1,1,6.0,Rue Danielle Casanova,48.91491,2.40315,14:00:00,2024-07-09
202400001955,10:20,Plein jour,78,78591,2,1,1,6.0,Rue Fernand Brean,48.891873,1.680847,10:20:00,2024-09-19
202400001956,08:40,Plein jour,92,92062,2,1,1,4.0,DE DION BOUTON (QUAI) DU 29 AU 65,48.88528916,2.25092384,08:40:00,2024-07-09
202400001957,13:20,Plein jour,80,80088,1,2,1,1.0,D87,49.92241,3.083618,13:20:00,2024-09-19
202400001958,15:10,Plein jour,92,92050,2,6,3,3.0,NERUDA PABLO RUE,48.89568713,2.21586943,15:10:00,2024-07-09
202400001959,14:15,Plein jour,33,33311,2,3,1,3.0,Unknown,44.686624,-0.365856,14:15:00,2024-09-16
202400001960,01:15,,92,92049,2,2,1,7.0,ARNOUX AVENUE MAURICE N°1 A 77,48.81968897,2.31286409,01:15:00,2024-07-08
202400001961,20:05,Plein jour,92,92012,2,4,1,2.0,GENERAL LECLERC (AVENUE DU) 1/33 - 2/58,48.83317436,2.2418915,20:05:00,2024-07-09
202400001962,17:40,Plein jour,92,92004,2,1,1,2.0,PONT DE CLICHY,48.91116336,2.29855925,17:40:00,2024-07-09
202400001963,11:15,Plein jour,71,71014,2,2,1,5.0,37 Avenue de la République,46.957435,4.299442,11:15:00,2024-09-19
202400001964,11:45,Plein jour,43,43040,1,4,1,3.0,D588,45.2874565,3.36361651,11:45:00,2024-07-09
202400001965,13:45,Plein jour,61,61153,1,2,1,3.0,Voie Communale,48.725421,-0.177884,13:45:00,2024-09-19
202400001966,17:40,Plein jour,68,68112,2,1,1,3.0,13 Route de Colmar,47.90504,7.220935,17:40:00,2024-07-09
202400001967,15:40,Plein jour,49,49373,1,1,1,1.0,D960,47.138884,-0.5691,15:40:00,2024-09-19
202400001968,10:40,Plein jour,29,29020,1,1,3,6.0,N165,48.06922822,-4.04781781,10:40:00,2024-07-09
202400001969,09:45,Plein jour,34,34300,2,6,1,6.0,D18,43.42337,3.311713,09:45:00,2024-09-17
202400001970,14:00,Plein jour,83,83070,2,1,1,6.0,60 Avenue du General Bouvet,43.13339,6.365536,14:00:00,2024-07-10
202400001971,20:38,Crépuscule,71,71336,1,1,1,6.0,Route de l’Abergement,46.727707,4.96232,20:38:00,2024-06-19
202400001972,17:20,Plein jour,29,29220,2,1,1,4.0,Rue des Déportés,47.857505,-4.224104,17:20:00,2024-09-18
202400001973,06:08,Crépuscule,66,66141,2,1,1,1.0,Avenue Jules Ferry,42.743762,2.915588,06:08:00,2024-07-10
202400001974,02:30,Nuit sans éclairage,83,83026,1,9,1,6.0,Route de Carcès,43.445753,6.200151,02:30:00,2024-07-07
202400001975,15:10,Plein jour,85,85089,1,1,1,3.0,rd160,46.73164,-1.28665,15:10:00,2024-09-19
202400001976,12:00,Plein jour,57,57556,1,1,1,7.0,D674,49.058612,6.936455,12:00:00,2024-07-07
202400001977,22:20,Nuit sans éclairage,95,95652,1,1,1,6.0,D922Z,49.12392284,2.38462113,22:20:00,2024-07-07
202400001978,11:25,Plein jour,26,26124,1,1,1,3.0,N7,44.82421112,4.86087084,11:25:00,2024-09-17
202400001979,08:30,Plein jour,51,51625,1,1,1,7.0,Pothieres,48.771859,3.411869,08:30:00,2024-07-10
202400001980,15:50,Plein jour,56,56234,2,1,1,7.0,Rue des Régatiers,47.512983,-3.126764,15:50:00,2024-07-10
202400001981,17:45,Plein jour,72,72272,1,3,1,3.0,Lieu Dit La Hauliere Rd13,47.902487,0.697932,17:45:00,2024-09-19
202400001982,17:35,Plein jour,77,77414,1,2,1,3.0,D204,48.615947,3.293447,17:35:00,2024-07-10
202400001983,13:20,Plein jour,2B,2B251,2,1,1,7.0,D45,42.011618,9.324646,13:20:00,2024-07-07
202400001984,15:00,Plein jour,14,14231,1,1,1,1.0,3086 Route de Beuvron,49.203902,-0.018389,15:00:00,2024-09-19
202400001985,07:30,Crépuscule,64,64145,2,3,1,1.0,Route de Pau,43.195591,-0.274068,07:30:00,2024-09-19
202400001986,18:00,Plein jour,73,73059,2,1,1,6.0,25 Chemin des combettes,45.72664921,5.89140138,18:00:00,2024-09-18
202400001987,10:50,Plein jour,40,40126,2,2,1,2.0,Route de Dax,43.701614,-0.929723,10:50:00,2024-09-19
202400001988,05:40,Nuit sans éclairage,04,04110,1,1,1,6.0,RN 85,44.03595,6.108887,05:40:00,2024-09-19
202400001989,12:45,Plein jour,85,85051,1,1,1,3.0,RD137,46.705587,-1.062691,12:45:00,2024-09-18
202400001990,08:10,Plein jour,30,30240,1,5,7,3.0,D120,44.0251,4.197571,08:10:00,2024-09-18
202400001991,13:15,Plein jour,69,69244,2,1,1,6.0,73 Avenue du 11 Novembre 1918,45.764593,4.75811,13:15:00,2024-09-19
202400001992,21:00,,987,98715,2,1,1,3.0,"RT1, face à la station TOTAL du marché de FAAA",-17.555812,-149.603492,21:00:00,2024-09-18
202400001993,16:50,Plein jour,06,06088,1,1,2,3.0,"A8, PK 194.200 sens ITALIE FRANCE",43.723607,7.228307,16:50:00,2024-09-18
202400001994,10:25,Plein jour,13,13032,1,2,1,5.0,Route de Pelissanne,43.592164,5.254211,10:25:00,2024-09-19
202400001995,14:45,Plein jour,971,97103,1,6,2,6.0,Jabrun,16.238494,-61.592105,14:45:00,2024-09-16
202400001996,15:15,Plein jour,971,97115,2,1,1,1.0,Route de Brefort,16.262501,-61.644652,15:15:00,2024-09-17
202400001997,15:00,Plein jour,971,97106,2,1,1,6.0,Rue Felicite Leandre,16.149632,-61.773296,15:00:00,2024-09-18
202400001998,17:40,Plein jour,45,45065,2,1,1,6.0,12 Rue des Iris,48.273761,2.293509,17:40:00,2024-09-18
202400001999,19:40,Plein jour,95,95625,2,1,1,7.0,D66,49.1036505,1.96251072,19:40:00,2024-09-18
202400002000,22:00,Nuit sans éclairage,84,84078,1,1,1,7.0,Chemin de l?Île Vieille,44.238558,4.694338,22:00:00,2024-09-18
202400002001,23:44,Nuit sans éclairage,25,25074,1,1,1,3.0,départementale 41,47.182982,6.70121,23:44:00,2024-11-30
202400002002,16:45,Plein jour,84,84026,1,2,1,3.0,Chemin du Pont de Pile,43.73021,5.367698,16:45:00,2024-09-19
202400002003,14:50,Plein jour,84,84054,1,1,1,1.0,D25,43.9072,5.023863,14:50:00,2024-09-19
202400002004,11:25,Plein jour,29,29195,1,1,1,3.0,D71,48.60922531,-4.53049868,11:25:00,2024-11-29
202400002005,16:25,Plein jour,57,57160,2,1,1,6.0,44 Rue de la Houve,49.208375,6.695486,16:25:00,2024-09-18
202400002006,19:15,Nuit sans éclairage,14,14121,1,1,1,6.0,Route de Cahagnolles,49.160126,-0.765367,19:15:00,2024-12-01
202400002007,23:30,Nuit sans éclairage,60,60516,1,1,9,1.0,Route du Fil,49.405659,1.794966,23:30:00,2024-11-29
202400002008,17:45,Plein jour,81,81099,2,1,1,1.0,15 Rue Denfert Rochereau,43.902171,1.894965,17:45:00,2024-09-19
202400002009,14:30,Plein jour,33,33051,2,6,1,1.0,Unknown,44.640292,-0.973481,14:30:00,2024-09-12
202400002010,15:00,Plein jour,16,16071,1,1,1,5.0,D948,45.920423,0.743852,15:00:00,2024-12-01
202400002011,07:45,Crépuscule,44,44026,1,1,1,3.0,Route de Paris,47.292788,-1.422815,07:45:00,2024-09-18
202400002012,14:00,Plein jour,04,04049,2,9,1,6.0,Avenue du General de Gaulle,44.093447,6.009468,14:00:00,2024-11-28
202400002013,23:10,Nuit sans éclairage,27,27226,2,3,1,3.0,Residence Marie Therese Lefebvre,49.307466,1.613204,23:10:00,2024-11-30
202400002014,00:00,Nuit sans éclairage,60,60341,1,1,1,5.0,N2,49.087801,2.732763,00:00:00,2024-09-19
202400002015,19:03,Nuit sans éclairage,17,17269,1,3,5,3.0,D730,45.233823,-0.245529,19:03:00,2024-11-30
202400002016,17:00,Plein jour,87,87146,1,1,1,1.0,D420,45.576787,1.481717,17:00:00,2024-12-01
202400002017,17:15,Plein jour,13,13212,1,1,1,3.0,A507 sens Marseille - Aubagne,43.31899096,5.42240764,17:15:00,2024-09-18
202400002018,00:45,Nuit sans éclairage,24,24225,2,1,5,6.0,57 Avenue de Bordeaux,44.840946,0.366066,00:45:00,2024-12-01
202400002019,07:30,Plein jour,972,97224,2,1,1,1.0,route départementale 8,14.652262,-61.032217,07:30:00,2024-12-01
202400002020,13:00,Plein jour,13,13215,1,1,1,4.0,A7-Sens Marseille vers Lyon,43.35196,5.36649,13:00:00,2024-09-18
202400002021,23:55,Nuit sans éclairage,2B,2B220,1,1,1,1.0,T20,42.44069,9.201319,23:55:00,2024-11-30
202400002022,18:00,,83,83138,1,1,1,7.0,Chemin des Crouïs,43.606818,6.712518,18:00:00,2024-11-30
202400002023,03:05,Nuit avec éclairage,33,33167,1,1,1,6.0,Unknown,44.81954,-0.51984,03:05:00,2024-09-16
202400002024,11:30,Plein jour,13,13030,1,1,1,2.0,D8n,43.26883595,5.72542727,11:30:00,2024-12-01
202400002025,18:35,Plein jour,91,91064,1,1,1,3.0,RN 118,48.74473,2.19155,18:35:00,2024-09-18
202400002026,00:01,Nuit sans éclairage,13,13004,1,1,1,1.0,D36,43.484376,4.708114,00:01:00,2024-11-02
202400002027,01:40,,92,92036,1,1,1,6.0,A86,48.93770079,2.29361057,01:40:00,2024-09-18
202400002028,04:15,Nuit avec éclairage,13,13066,1,1,1,2.0,"D907, BOMPAS",43.88609895,4.91631746,04:15:00,2024-12-01
202400002029,14:36,Plein jour,78,78007,1,1,8,4.0,A13 Y,48.90058,2.00531,14:36:00,2024-09-17
202400002030,06:00,Nuit sans éclairage,70,70310,1,6,8,6.0,N19,47.696527,6.466972,06:00:00,2024-11-30
202400002031,08:00,Crépuscule,21,21265,2,1,5,6.0,74 Route des Grands Crus,47.243515,4.972324,08:00:00,2024-12-01
202400002032,00:50,Nuit sans éclairage,08,08194,1,1,1,6.0,Unknown,49.7067006,4.90008152,00:50:00,2024-12-01
202400002033,09:33,Plein jour,92,92048,1,1,8,5.0,N118,48.78596965,2.22285882,09:33:00,2024-09-17
202400002034,04:15,Nuit avec éclairage,55,55351,1,1,5,6.0,RD 643,49.53224627,5.36108789,04:15:00,2024-12-01
202400002035,18:45,Plein jour,93,93066,1,1,1,6.0,AUTOROUTE A1,48.93302862,2.37638683,18:45:00,2024-09-17
202400002036,00:50,,44,44109,1,2,1,2.0,Route de Paris,47.260523,-1.499167,00:50:00,2024-11-30
202400002037,17:10,Plein jour,93,93066,1,1,1,2.0,AUTOROUTE A1,48.91936344,2.35754643,17:10:00,2024-09-17
202400002038,11:20,Plein jour,33,33067,2,6,1,6.0,Place de la Libération,45.039226,-0.558704,11:20:00,2024-11-29
202400002039,11:40,Plein jour,93,93027,1,1,1,2.0,AUTOROUTE A1,48.93857444,2.41556063,11:40:00,2024-09-17
202400002040,10:40,Plein jour,14,14325,1,1,1,2.0,Route d'Hermanville,49.284502,-0.331532,10:40:00,2024-11-30
202400002041,12:45,Plein jour,59,59285,1,1,8,7.0,D81,50.259937,3.397415,12:45:00,2024-12-01
202400002042,09:00,Plein jour,93,93001,2,1,1,6.0,Avenue Jean Jaurès,48.915974,2.405292,09:00:00,2024-04-25
202400002043,09:49,Plein jour,13,13214,2,1,1,2.0,A507 sens Aubagne- Marseille,43.33005,5.39559,09:49:00,2024-11-21
202400002044,08:00,Plein jour,93,93001,2,1,2,6.0,Avenue Jean Jaurès,48.912558,2.40169,08:00:00,2024-04-17
202400002045,15:10,Plein jour,13,13215,1,1,1,4.0,A7-Sens Lyon vers Marseille,43.36643455,5.36080529,15:10:00,2024-11-29
202400002046,18:45,Plein jour,93,93001,2,1,1,2.0,Rue du Moutier,48.914703,2.382673,18:45:00,2024-04-09
202400002047,14:20,Plein jour,93,93001,2,1,1,6.0,Avenue de la République,48.90853,2.38721,14:20:00,2024-03-03
202400002048,12:00,Plein jour,69,69266,1,1,1,4.0,Boulevard Périphérique Laurent Bonnevay,45.78244,4.89252,12:00:00,2024-11-03
202400002049,18:30,Nuit sans éclairage,67,67471,1,1,1,2.0,M35,48.63491,7.72491,18:30:00,2024-11-26
202400002050,18:00,Plein jour,93,93001,2,2,1,6.0,Avenue du Président Roosevelt / Rue des Noyers,48.917442,2.379452,18:00:00,2024-03-04
202400002051,22:15,Nuit avec éclairage,33,33013,1,1,1,4.0,Unknown,44.8686,-0.5026,22:15:00,2024-11-30
202400002052,17:10,Plein jour,93,93001,2,5,1,3.0,Boulevard Félix Faure / Avenue Victor Hugo,48.90882639,2.37781318,17:10:00,2024-03-06
202400002053,17:15,Crépuscule,33,33397,1,1,5,6.0,Unknown,44.907286,-0.491119,17:15:00,2024-11-30
202400002054,18:30,Crépuscule,93,93001,2,1,2,3.0,Boulevard Félix Faure,48.908,2.37866,18:30:00,2024-03-11
202400002055,19:24,Nuit avec éclairage,91,91589,1,1,1,4.0,AUTOROUTE A6,48.67746,2.33815,19:24:00,2024-11-30
202400002056,16:40,Plein jour,93,93001,2,1,1,5.0,Boulevard Félix Faure,48.907547,2.379135,16:40:00,2024-03-13
202400002057,11:19,Plein jour,91,91161,1,1,1,2.0,AUTOROUTE A126,48.711,2.2975,11:19:00,2024-11-29
202400002058,11:10,Plein jour,93,93001,2,7,1,6.0,Boulevard Edouard Vaillant / Rue Hélène Cochennec,48.91821,2.40198,11:10:00,2024-03-15
202400002059,02:05,,92,92050,1,1,1,2.0,A86,48.89604606,2.19506712,02:05:00,2024-11-30
202400002060,09:10,Plein jour,93,93001,2,2,1,6.0,Avenue Jean Jaurès / Avenue de la République,48.90382,2.39213,09:10:00,2024-03-16
202400002061,12:39,Plein jour,78,78455,1,1,1,3.0,A13,48.856834,2.055198,12:39:00,2024-11-29
202400002062,07:35,Nuit sans éclairage,95,95127,1,1,1,6.0,A15,49.04357,2.07574,07:35:00,2024-11-30
202400002063,14:40,Plein jour,93,93001,2,1,1,3.0,Avenue Jean Jaurès,48.91177,2.400836,14:40:00,2024-03-18
202400002064,14:40,Plein jour,93,93053,1,1,1,2.0,AUTOROUTE A3,48.89806947,2.46934982,14:40:00,2024-11-30
202400002065,13:30,Plein jour,93,93001,2,1,1,6.0,SAINT-DENIS (RUE DE),48.92205827,2.37346414,13:30:00,2024-03-22
202400002066,17:00,Plein jour,93,93001,2,9,1,6.0,Avenue de la République,48.90924,2.386603,17:00:00,2024-03-28
202400002067,17:45,Nuit sans éclairage,93,93027,1,1,1,3.0,AUTOROUTE A86,48.92309613,2.38217175,17:45:00,2024-11-29
202400002068,21:50,,93,93001,2,1,2,6.0,Avenue Jean Jaurès,48.91548,2.404906,21:50:00,2024-03-23
202400002069,22:00,Nuit sans éclairage,93,93010,1,1,1,2.0,AUTOROUTE A3,48.88936381,2.47384038,22:00:00,2024-11-29
202400002070,20:55,,93,93001,2,2,2,6.0,Avenue de la République / Rue Henri Barbusse,48.906022,2.389695,20:55:00,2024-02-10
202400002071,15:30,Plein jour,93,93007,1,1,1,5.0,AUTOROUTE A1,48.95491941,2.45727922,15:30:00,2024-11-29
202400002072,11:45,Plein jour,94,94073,1,1,1,2.0,A86,48.76022821,2.38292839,11:45:00,2024-11-29
202400002073,07:55,Plein jour,93,93001,2,2,1,3.0,Rue Achille Domart / Rue du Docteur Pesqué,48.913796,2.382935,07:55:00,2024-02-27
202400002074,15:13,Plein jour,93,93001,2,1,2,6.0,Rue de la Commune de Paris,48.911685,2.380752,15:13:00,2024-02-21
202400002075,08:40,Plein jour,13,13209,2,1,1,2.0,MAZARGUES (AVENUE DE),43.25850866,5.39425023,08:40:00,2024-07-03
202400002076,08:30,Plein jour,974,97411,1,1,1,7.0,VAUTHIER (RUE  MARCEL),-20.9105,55.50187,08:30:00,2024-11-29
202400002077,07:50,Crépuscule,93,93001,2,2,1,6.0,Rue du Commandant l'Herminier / Rue Paul Doumer,48.917237,2.38665,07:50:00,2024-02-06
202400002078,21:50,,988,98818,2,1,1,6.0,GALLIENI (RUE DU GENERAL),-22.27446,166.43917,21:50:00,2024-09-17
202400002079,18:05,,973,97302,2,1,1,1.0,BADUEL (ROUTE DE),4.936,-52.31362,18:05:00,2024-11-28
202400002080,17:20,Crépuscule,976,97611,1,1,2,1.0,vahibe-Departementale 3 ( route ),45.16376,-12.78954,17:20:00,2024-09-17
202400002081,13:55,Plein jour,973,97302,2,3,2,3.0,ZEPHIR (ROCADE),4.93803657,-52.30636221,13:55:00,2024-11-28
202400002082,15:15,Plein jour,974,97416,2,9,1,3.0,HUBERT DE LISLE(BOULEVARD),-21.34365,55.47388,15:15:00,2024-09-17
202400002083,07:30,Crépuscule,973,97302,2,3,2,3.0,MADELEINE (ROUTE DE LA),4.91369,-52.32081,07:30:00,2024-11-28
202400002084,08:15,Plein jour,974,97416,1,1,1,2.0,RN03,-21.31932,55.48942,08:15:00,2024-09-17
202400002085,13:00,Plein jour,69,69386,2,1,1,6.0,Avenue Thiers,45.7701075,4.8616788,13:00:00,2024-11-29
202400002086,11:45,Plein jour,974,97407,2,1,1,3.0,14 JUILLET 1789(AVENUE DU),-20.93251,55.29487,11:45:00,2024-09-17
202400002087,03:45,,972,97213,1,9,1,2.0,MAHAULT,14.63,-60.99106,03:45:00,2024-11-29
202400002088,16:55,Plein jour,972,97209,2,1,8,6.0,ABBE GREGOIRE (PLACE),14.61183,-61.07135,16:55:00,2024-11-26
202400002089,17:03,Plein jour,973,97302,2,1,1,3.0,BADUEL (ROUTE DE),4.92773,-52.29168,17:03:00,2024-09-17
202400002090,11:30,Plein jour,69,69387,2,1,1,6.0,4 Rue Marc Bloch,45.74802,4.84395,11:30:00,2024-09-16
202400002091,15:03,Plein jour,2B,2B120,1,1,1,4.0,11 - RT,42.65056,9.4407,15:03:00,2024-11-29
202400002092,12:20,Plein jour,971,97101,1,1,1,3.0,EDOUARD BOTINO (AVENUE),16.25693,-61.52086,12:20:00,2024-11-28
202400002093,11:15,Plein jour,69,69383,2,1,1,1.0,Cours Lafayette,45.76355,4.85205,11:15:00,2024-09-17
202400002094,02:07,,971,97101,1,1,1,6.0,BEAUSOLEIL,16.27818,-61.4816,02:07:00,2024-11-28
202400002095,18:20,Plein jour,69,69388,2,2,8,6.0,245 Avenue Berthelot,45.73964,4.8595,18:20:00,2024-09-17
202400002096,15:50,Plein jour,2A,2A004,2,3,1,3.0,#2 Avenue du Docteur Noel Franchini#,41.933876,8.753507,15:50:00,2024-11-29
202400002097,16:30,Plein jour,95,95539,2,9,1,6.0,RENE CASSIN (RUE),49.00677,2.35124,16:30:00,2024-11-29
202400002098,12:13,Plein jour,2A,2A004,2,1,1,3.0,#37 Route du Vittulo#,41.92917,8.72771,12:13:00,2024-09-17
202400002099,18:10,Plein jour,93,93006,2,2,8,6.0,Rue Raymond Lefebvre / Rue Auguste Blanqui,48.87220934,2.42632627,18:10:00,2024-04-30
202400002100,10:30,Plein jour,95,95607,2,1,1,3.0,LADY ASHBURTON (RUE),49.02511,2.22147,10:30:00,2024-11-29
202400002101,19:30,,91,91021,2,1,1,6.0,AV DE VERDUN,48.58083,2.24162,19:30:00,2024-11-29
202400002102,23:40,,95,95280,2,1,1,5.0,D47,49.01647898,2.46902793,23:40:00,2024-09-16
202400002103,17:30,Plein jour,93,93006,2,2,1,3.0,Avenue Gambetta / Rue Marie-Anne Colombier,48.87081,2.41733,17:30:00,2024-04-30
202400002104,11:40,Plein jour,91,91549,2,6,7,6.0,BRETIGNY (AVENUE DE),48.63687,2.33267,11:40:00,2024-11-29
202400002105,20:15,,95,95426,2,9,1,1.0,D909,49.0236271,2.29591473,20:15:00,2024-09-17
202400002106,08:25,Plein jour,93,93047,2,2,2,3.0,Boulevard Bargue / Rue Picasso,48.90234,2.56082,08:25:00,2024-04-30
202400002107,17:00,Plein jour,93,93057,2,1,1,7.0,Avenue du Président Wilson,48.906843,2.512263,17:00:00,2024-04-29
202400002108,15:50,Plein jour,91,91201,2,1,1,6.0,AV DE L EUROPE,48.68,2.43,15:50:00,2024-09-17
202400002109,18:50,Plein jour,93,93010,2,1,1,6.0,Rue Rabelais,48.91683,2.48393,18:50:00,2024-04-29
202400002110,13:32,Plein jour,91,91471,2,6,7,6.0,LOUIS SCOCARD (RUE),48.69631,2.18441,13:32:00,2024-11-28
202400002111,17:20,Plein jour,91,91434,2,4,1,6.0,JEAN RAYNAL (RUE),48.66176,2.34807,17:20:00,2024-09-17
202400002112,14:12,Plein jour,92,92064,2,1,1,3.0,GOUNOD,48.84338,2.21659,14:12:00,2024-04-30
202400002113,19:05,,91,91657,2,1,1,6.0,RUE PIERRE MARIN,48.7,2.41,19:05:00,2024-11-28
202400002114,08:30,Plein jour,91,91286,2,1,1,3.0,EMILE ALLIAUD (AVENUE),48.64872,2.37652,08:30:00,2024-09-17
202400002115,09:30,Plein jour,92,92051,1,1,2,3.0,"CHARLES DE GAULLE (AVENUE,N°118 A 192 +",48.88582927,2.25677061,09:30:00,2024-04-30
202400002116,19:08,,91,91201,2,1,1,6.0,AV DU GENERAL DE GAULLE,48.68502,2.40658,19:08:00,2024-11-28
202400002117,13:10,Plein jour,92,92049,2,9,1,2.0,BROSSOLETTE AVENUE PIERRE,48.818359,2.30881324,13:10:00,2024-04-29