Num_Acc,hrmn,lum,dep,com,agg,int,atm,col,adr,lat,long,heure,date
202400002118,18:45,Nuit sans éclairage,91,91174,2,9,1,6.0,AV STRATHKELVIN,48.6172,2.46513,18:45:00,2024-11-29
202400002119,19:10,Plein jour,87,87085,2,3,1,3.0,LILAS (BOULEVARD DES),45.85227486,1.24957681,19:10:00,2024-09-16
202400002120,07:48,Plein jour,92,92044,2,3,2,6.0,PDT WILSON(RUE)77A105 ET 76A108,48.89513848,2.28765213,07:48:00,2024-04-30
202400002121,14:15,Plein jour,91,91223,2,9,1,2.0,PARIS (AVENUE DE),48.43776,2.16487,14:15:00,2024-11-29
202400002122,16:00,Plein jour,80,80021,2,1,1,1.0,Rue d'Elbeuf,49.88597,2.2662,16:00:00,2024-09-11
202400002123,15:01,Plein jour,87,87085,2,2,1,3.0,GARIBALDI (AVENUE),45.83502,1.2606,15:01:00,2024-11-28
202400002124,19:00,Plein jour,92,92040,2,6,8,2.0,FRERES VOISIN (BOULEVARD DES),48.82796918,2.27373326,19:00:00,2024-04-30
202400002125,09:35,Plein jour,92,92036,2,9,2,3.0,GEORGE SAND (RUE) (IMPAIRS),48.92618412,2.28512701,09:35:00,2024-04-30
202400002126,18:34,Plein jour,78,78401,2,3,1,3.0,D 922,49.013285,1.925556,18:34:00,2024-09-16
202400002127,13:15,Plein jour,83,83137,2,3,1,3.0,GASQUET (AVE JOSEPH DE 1 A 1423,43.12464405,5.95698763,13:15:00,2024-11-28
202400002128,23:12,,92,92024,2,3,2,1.0,ANCIENNNE MAIRIE (RUE DE L'),48.90369806,2.30323613,23:12:00,2024-04-30
202400002129,17:50,Plein jour,78,78440,2,1,1,3.0,avenue de la République,48.98629,1.91505,17:50:00,2024-09-16
202400002130,06:29,,83,83126,2,1,1,1.0,JUIN (AV MARECHAL),43.10779,5.87746,06:29:00,2024-11-29
202400002131,17:14,Plein jour,92,92024,2,1,1,6.0,PIERRE BEREGOVOY (RUE),48.90473604,2.30036545,17:14:00,2024-04-30
202400002132,07:00,Crépuscule,78,78297,2,3,1,6.0,KESSEL (AVENUE JOSEPH),48.76555,2.05906,07:00:00,2024-09-17
202400002133,17:50,Crépuscule,81,81065,1,1,1,2.0,155 Route de Lavaur,43.61558,2.19282,17:50:00,2024-11-29
202400002134,06:24,Crépuscule,92,92002,2,2,2,3.0,DIVISION LECLERC (1 A 29 -2 A 34),48.75139683,2.3044458,06:24:00,2024-04-30
202400002135,05:20,,78,78208,2,1,1,6.0,PETITE VILLEDIEU (AVENUE),48.76856,1.96448,05:20:00,2024-09-17
202400002136,13:05,Plein jour,81,81004,2,1,1,6.0,TEMPORALITE (DE LA),43.92887,2.14283,13:05:00,2024-11-29
202400002137,18:35,,80,80021,2,1,1,7.0,Mail Albert 1er,49.88885,2.2968,18:35:00,2024-11-27
202400002138,21:30,,78,78498,2,1,1,1.0,VILLIERS RUE DE,48.92324,2.02709,21:30:00,2024-09-17
202400002139,19:00,Plein jour,37,37199,1,1,1,1.0,D58,47.06551692,0.50462879,19:00:00,2024-04-30
202400002140,17:05,Plein jour,77,77337,2,1,1,2.0,ARCHE GUEDON (COURS DE L'),48.85043,2.63163,17:05:00,2024-09-16
202400002141,13:05,Plein jour,71,71305,1,1,1,3.0,A6,46.485437,4.892929,13:05:00,2024-05-01
202400002142,11:20,Plein jour,78,78133,2,3,1,3.0,CLOS DE LA FAMILLE (DU),48.90658,2.04736,11:20:00,2024-11-28
202400002143,09:00,Plein jour,70,70550,2,6,1,3.0,Rue du Commandant Girardot,47.61765,6.153886,09:00:00,2024-09-17
202400002144,19:55,Crépuscule,86,86261,2,1,1,3.0,11bis Route des Bordes,46.581331,0.481733,19:55:00,2024-04-30
202400002145,16:50,Plein jour,67,67482,2,3,2,6.0,HOPITAL (ROUTE DE L ),48.57092,7.75086,16:50:00,2024-09-16
202400002146,15:30,Plein jour,78,78401,2,1,1,5.0,RHIN ET DANUBE (PONT),49.00291,1.90652,15:30:00,2024-11-29
202400002147,11:05,Plein jour,50,50592,2,1,8,6.0,Rue du Général de Gaulle,48.971008,-1.06054,11:05:00,2024-05-01
202400002148,16:15,Plein jour,66,66136,2,1,1,6.0,LECLERC (AVENUE DU GENERAL),42.701,2.88953,16:15:00,2024-09-17
202400002149,00:14,Nuit sans éclairage,77,77374,1,1,1,3.0,D471,48.79014,2.71446,00:14:00,2024-11-29
202400002150,18:20,Plein jour,19,19117,1,4,2,7.0,Route Des Moulins,45.09988074,1.47799588,18:20:00,2024-04-30
202400002151,09:30,Plein jour,64,64445,2,1,1,3.0,ALSACE LORRAINE D',43.30197,-0.35896,09:30:00,2024-09-17
202400002152,14:02,Plein jour,77,77053,2,1,1,3.0,RUE DE VILLEMENEUX,48.688187,2.603745,14:02:00,2024-11-28
202400002153,08:12,Crépuscule,77,77288,2,1,1,6.0,MEAUX (AVENUE DE),48.54662,2.66322,08:12:00,2024-11-28
202400002154,00:50,Nuit sans éclairage,56,56053,1,1,2,6.0,lieu dit le pont guillemet,47.747202,-2.56843,00:50:00,2024-05-01
202400002155,19:20,Plein jour,64,64102,2,1,1,3.0,LOUIS DE FOIX (AVENUE),43.50449,-1.4672,19:20:00,2024-09-16
202400002156,19:50,,76,76540,2,3,1,3.0,Rue du Contrat Social,49.44573,1.07932,19:50:00,2024-11-29
202400002157,12:30,Plein jour,76,76351,2,1,1,6.0,Avenue Jean Jaurès,49.50014345,0.16394466,12:30:00,2024-11-29
202400002158,11:45,Plein jour,64,64024,2,1,1,4.0,ROUTE DE PITOYS,43.46327,-1.52,11:45:00,2024-09-16
202400002159,14:05,Plein jour,72,72181,2,1,1,6.0,CHATEAUBRIAND RENE DE (RUE),48.00281,0.17055,14:05:00,2024-11-28
202400002160,15:40,Plein jour,76,76271,1,1,1,5.0,Route du Bolhard,49.568225,1.163449,15:40:00,2024-05-01
202400002161,17:40,Plein jour,63,63300,2,1,1,6.0,VIRLOGEUX (AVENUE),45.89051841,3.11711311,17:40:00,2024-09-13
202400002162,12:15,Plein jour,71,71306,2,1,1,7.0,MARECHAL LECLERC (AVENUE DU),46.68027,4.36908,12:15:00,2024-11-29
202400002163,09:36,Plein jour,63,63245,1,1,1,6.0,RD446,45.88453857,3.07999746,09:36:00,2024-09-17
202400002164,11:30,Plein jour,69,69256,2,2,1,6.0,Avenue Gabriel Péri,45.77641,4.91519,11:30:00,2024-11-27
202400002165,16:30,Plein jour,63,63014,2,1,1,3.0,COURNON (AVENUE DE),45.75268,3.13216,16:30:00,2024-09-17
202400002166,11:15,Plein jour,65,65247,2,1,1,7.0,Route d'Arrodets,43.090011,0.043929,11:15:00,2024-04-30
202400002167,23:05,,69,69271,2,1,2,6.0,Boulevard Charles de Gaulle,45.74386,4.93731,23:05:00,2024-11-28
202400002168,16:15,Plein jour,63,63113,2,1,1,6.0,JOUHAUX (BD LEON),45.79323122,3.11766565,16:15:00,2024-09-17
202400002169,19:05,,69,69290,2,1,2,6.0,Rue de l'Egalité,45.6969,4.94462,19:05:00,2024-11-28
202400002170,11:30,Plein jour,65,65395,1,8,1,3.0,D937,43.107061,-0.185909,11:30:00,2024-04-30
202400002171,00:35,Nuit sans éclairage,68,68224,1,1,5,6.0,VOIE RAPIDE NORD SUD,47.76543799,7.34615386,00:35:00,2024-11-29
202400002172,10:10,Plein jour,62,62215,2,1,1,2.0,route de meurchin,50.49683859,2.94851181,10:10:00,2024-09-17
202400002173,01:10,Nuit sans éclairage,63,63146,1,1,3,6.0,lieu dit La peyrouse,45.7166371,3.37562598,01:10:00,2024-04-30
202400002174,19:45,,67,67043,2,1,5,1.0,BISCHWILLER (ROUTE DE),48.61522,7.75274,19:45:00,2024-11-29
202400002175,18:30,Plein jour,12,12056,1,1,1,6.0,D570,44.286595,2.45788,18:30:00,2024-04-30
202400002176,16:15,Plein jour,59,59041,2,1,1,5.0,Chaussée Brunehaut,50.21434,3.8477,16:15:00,2024-09-16
202400002177,17:35,,67,67482,2,3,5,3.0,MOLIERE (AVENUE),48.597,7.703,17:35:00,2024-11-29
202400002178,20:15,Plein jour,47,47214,1,1,1,6.0,Barbé,44.31317807,0.25253638,20:15:00,2024-04-23
202400002179,13:30,Plein jour,59,59350,2,1,1,3.0,Place Barthelemy Dorez,50.617991,3.050062,13:30:00,2024-09-17
202400002180,07:15,Crépuscule,39,39539,1,1,8,6.0,Rue du Bois,46.946388,5.70758,07:15:00,2024-05-01
202400002181,11:45,Plein jour,67,67180,2,1,1,4.0,WEITBRUCH (ROUTE DE),48.80187,7.79145,11:45:00,2024-11-28
202400002182,08:25,Plein jour,59,59378,2,1,1,2.0,REPUBLIQUE AV DE LA (N°829-931),50.66157,3.09542,08:25:00,2024-09-17
202400002183,10:00,Plein jour,66,66136,2,2,7,6.0,Avenue Docteur Jean-Louis Torreilles,42.69413,2.87225,10:00:00,2024-11-29
202400002184,15:45,Plein jour,54,54395,2,2,8,3.0,Rue Saint Dizier,48.69076673,6.18250787,15:45:00,2024-09-16
202400002185,16:25,Plein jour,35,35099,1,3,1,5.0,Le Bois Gros Doigt,48.061952,-1.556416,16:25:00,2024-04-29
202400002186,09:50,Plein jour,54,54300,2,1,1,2.0,141 Rue Lucien Galtier,48.66461,6.2174,09:50:00,2024-09-16
202400002187,15:10,Plein jour,29,29217,1,1,1,6.0,RN165,47.88490155,-3.73622215,15:10:00,2024-04-24
202400002188,19:05,,64,64335,1,3,1,3.0,JEAN JAURES,43.31708,-0.42965,19:05:00,2024-11-29
202400002189,08:28,Plein jour,51,51454,2,3,1,3.0,HUGO (BOULEVARD VICTOR),49.24625,4.04449,08:28:00,2024-09-17
202400002190,16:20,Plein jour,64,64335,1,1,1,3.0,avenue de santona,43.32567,-0.40706,16:20:00,2024-11-29
202400002191,11:15,Plein jour,14,14102,1,2,1,3.0,121 Route Departementale 264,49.228034,0.211996,11:15:00,2024-04-26
202400002192,11:00,Plein jour,64,64445,2,1,1,6.0,PEBOUE,43.30835,-0.33772,11:00:00,2024-11-29
202400002193,16:30,Plein jour,51,51454,2,1,1,1.0,EPERNAY (AVENUE D') COTE PAIR,49.239845,4.013671,16:30:00,2024-09-16
202400002194,14:25,Plein jour,14,14480,1,6,1,2.0,Rue de la Mairie,49.331597,-1.073844,14:25:00,2024-04-30
202400002195,14:25,Plein jour,64,64102,1,1,1,4.0,SAINT BERNARD (CHEMIN DE),43.50132,-1.4821,14:25:00,2024-11-29
202400002196,12:45,Plein jour,50,50129,2,2,1,3.0,PLYMOUTH (AVENUE DE),49.63089,-1.62201,12:45:00,2024-09-13
202400002197,14:30,Plein jour,07,07126,1,1,2,1.0,route départementale 1 ROUTE D'AUBENAS,44.452814,4.41542,14:30:00,2024-05-01
202400002198,11:20,Plein jour,64,64140,1,1,1,7.0,GAULLE (AV CHARLES DE),43.52788,-1.4712,11:20:00,2024-11-29
202400002199,08:54,Plein jour,49,49328,2,2,8,3.0,PONT FOUCHARD (RUE DU),47.245252,-0.095192,08:54:00,2024-09-17
202400002200,22:20,Nuit sans éclairage,23,23255,1,1,1,6.0,les Vétisons,46.25127,2.243453,22:20:00,2024-04-30
202400002201,08:15,Plein jour,63,63212,1,3,2,3.0,RD446 / ANTONIN MARCONNET (RUE ),45.88177688,3.09597194,08:15:00,2024-11-29
202400002202,17:45,Plein jour,52,52550,1,1,1,6.0,D2,48.509298,4.940028,17:45:00,2024-05-01
202400002203,12:35,Plein jour,47,47001,2,1,1,3.0,SERRES (AVENUE MICHEL),44.18593,0.62493,12:35:00,2024-09-16
202400002204,15:40,Plein jour,60,60159,2,6,1,3.0,Rue de Noyon,49.42188,2.82144,15:40:00,2024-11-28
202400002205,10:15,Plein jour,24,24331,1,2,8,3.0,Route Henri de Navarre,44.79223276,0.40883303,10:15:00,2024-05-01
202400002206,15:20,Plein jour,45,45234,2,1,1,6.0,65 Rue Masse,47.9259,1.89061,15:20:00,2024-09-17
202400002207,08:45,Plein jour,59,59599,2,1,1,2.0,CHANZY (RUE),50.71878,3.15748,08:45:00,2024-11-29
202400002208,13:25,Plein jour,44,44109,2,1,1,6.0,44 Rue du Landreau,47.23184,-1.51734,13:25:00,2024-09-16
202400002209,07:00,,59,59512,2,3,5,6.0,COLMAR (BOULEVARD DE),50.69127,3.18968,07:00:00,2024-11-29
202400002210,21:25,Nuit sans éclairage,973,97307,1,2,1,2.0,RN1,4.89393,-52.354553,21:25:00,2024-04-30
202400002211,18:00,Plein jour,38,38185,2,2,1,3.0,BERRIAT (COURS)             1 A 55-72,45.18784,5.7216,18:00:00,2024-09-17
202400002212,19:55,Nuit sans éclairage,59,59008,1,1,1,2.0,FENDALI (RUE),50.344668,3.256916,19:55:00,2024-11-29
202400002213,21:35,,42,42005,2,2,1,1.0,Avenue Benoit Fourneyron,45.520489,4.278115,21:35:00,2024-04-30
202400002214,11:39,Plein jour,38,38053,2,1,1,6.0,Unknown,45.59684587,5.27416775,11:39:00,2024-09-17
202400002215,08:50,Plein jour,56,56098,2,3,1,6.0,Rue Jean-Marie Le Hen,47.76221,-3.35075,08:50:00,2024-11-29
202400002216,19:00,Nuit sans éclairage,987,98714,1,1,1,7.0,Commerce AA FAANUI,-16.486409,-151.756988,19:00:00,2024-04-30
202400002217,10:55,Plein jour,45,45144,1,1,9,7.0,D12 PR 4 + 170,47.818846,2.129567,10:55:00,2024-04-30
202400002218,08:20,Plein jour,37,37261,2,3,1,3.0,POUSSIN (RUE NICOLAS),47.3735,0.68445,08:20:00,2024-09-17
202400002219,13:30,Plein jour,54,54339,2,1,1,2.0,Rue du Colonel Driant,48.7070889,6.18949234,13:30:00,2024-11-29
202400002220,17:55,Plein jour,77,77095,1,1,2,1.0,D139,48.963626,2.767149,17:55:00,2024-04-30
202400002221,17:10,Plein jour,52,52121,2,1,1,6.0,LALOY (RUE),48.11057,5.13898,17:10:00,2024-11-06
202400002222,18:25,Plein jour,35,35115,2,2,1,1.0,BONABRY (RUE DE),48.35278,-1.19216,18:25:00,2024-09-17
202400002223,15:15,Plein jour,95,95355,1,9,1,2.0,D14,49.15350666,1.77687474,15:15:00,2024-05-01
202400002224,17:00,Plein jour,35,35115,2,1,1,6.0,BEFFROI (RUE DU),48.35428,-1.20447,17:00:00,2024-09-12
202400002225,15:35,Plein jour,51,51454,2,1,1,3.0,EPERNAY (AVENUE D') COTE PAIR,49.24458,4.01249,15:35:00,2024-11-29
202400002226,18:26,Plein jour,78,78147,1,1,1,6.0,Route departementale 52,49.004893,1.485913,18:26:00,2024-05-01
202400002227,19:45,,34,34172,2,1,3,1.0,MENDE (ROUTE DE),43.648648,3.864677,19:45:00,2024-09-17
202400002228,11:15,Plein jour,51,51454,2,2,1,6.0,VENISE (RUE),49.246575,4.03189,11:15:00,2024-11-29
202400002229,15:20,Plein jour,2A,2A247,2,2,1,6.0,#1 Voie Arena#,41.611367,9.286677,15:20:00,2024-04-30
202400002230,18:54,Plein jour,33,33550,2,2,1,3.0,Unknown,44.78036,-0.57207,18:54:00,2024-09-17
202400002231,18:15,Crépuscule,34,34056,1,1,1,6.0,D32,43.429239,3.435988,18:15:00,2024-04-30
202400002232,08:40,Crépuscule,33,33032,2,1,1,3.0,Unknown,44.89931,-0.52885,08:40:00,2024-09-17
202400002233,17:55,,49,49007,2,1,1,5.0,FAURE QUAI,47.48255,-0.54953,17:55:00,2024-11-29
202400002234,17:45,Plein jour,34,34058,2,1,8,5.0,M610,43.679481,4.004307,17:45:00,2024-04-30
202400002235,17:05,Plein jour,31,31555,2,1,1,2.0,TRENTIN (BD SILVIO) DU 2AU 110,43.62654562,1.43290848,17:05:00,2024-09-17
202400002236,17:45,Plein jour,49,49007,2,1,1,6.0,SAINT MICHEL BOULEVARD,47.47362,-0.54236,17:45:00,2024-11-29
202400002237,18:00,Plein jour,29,29232,2,1,1,1.0,Rue Pierre Corneille,47.994625,-4.131272,18:00:00,2024-09-17
202400002238,14:35,Plein jour,46,46042,1,1,1,4.0,DEPARTEMENTALE N°811 (ENTRE MERCUES ET C,44.4918,1.40618,14:35:00,2024-11-29
202400002239,18:05,Plein jour,83,83037,1,1,1,5.0,D5,43.368628,5.973634,18:05:00,2024-04-30
202400002240,08:12,,29,29019,2,3,1,2.0,rue de Bruxelles,48.375351,-4.52823,08:12:00,2024-09-17
202400002241,00:10,,44,44162,2,6,5,6.0,Boulevard Marcel Paul,47.22846,-1.63519,00:10:00,2024-11-30
202400002242,07:30,Plein jour,13,13093,1,1,1,7.0,D561,43.692884,5.388599,07:30:00,2024-04-30
202400002243,14:50,Plein jour,29,29019,2,6,1,6.0,rue Jean Sebastien Bach,48.39404,-4.52878,14:50:00,2024-09-16
202400002244,19:00,,43,43157,2,1,1,6.0,Route de Montredon,45.04954,3.89658,19:00:00,2024-11-28
202400002245,19:50,Plein jour,13,13041,2,1,1,1.0,Avenue Louise Michel,43.451131,5.469003,19:50:00,2024-04-27
202400002246,07:05,Crépuscule,27,27681,2,1,1,2.0,CHAMPOURGS (RUE DES),49.08819,1.48968,07:05:00,2024-09-17
202400002247,08:45,Plein jour,43,43157,1,1,8,2.0,RN88,45.02768,3.90327,08:45:00,2024-11-28
202400002248,01:30,Nuit sans éclairage,57,57620,1,1,1,1.0,D181a,49.205612,5.994608,01:30:00,2024-05-01
202400002249,18:20,Plein jour,85,85226,2,1,1,6.0,Route du Perrier,46.76813,-1.962588,18:20:00,2024-04-29
202400002250,16:55,Plein jour,27,27684,2,6,1,3.0,Route de Paris,49.01553,1.18744,16:55:00,2024-09-17
202400002251,18:50,Nuit sans éclairage,35,35051,1,1,1,4.0,EST (ROCADE),48.11213,-1.58486,18:50:00,2024-11-29
202400002252,20:45,Plein jour,60,60439,2,2,2,6.0,Rue de l'Abattoir,49.314665,2.322409,20:45:00,2024-04-30
202400002253,16:55,Plein jour,27,27229,2,1,1,2.0,DEPORTES (RUE DES),49.01922,1.15598,16:55:00,2024-09-17
202400002254,17:10,Crépuscule,35,35238,2,1,1,7.0,LE GUILLOUX (HENRI),48.11504,-1.69925,17:10:00,2024-11-29
202400002255,10:23,Plein jour,13,13071,1,1,1,3.0,A55-Sens Martigues vers Marseille,43.39330763,5.29952667,10:23:00,2024-04-29
202400002256,09:05,Plein jour,22,22360,2,6,1,3.0,ROND POINT DE BREZILLET,48.49354,-2.76148,09:05:00,2024-09-17
202400002257,16:55,Crépuscule,35,35238,2,1,1,5.0,LORIENT (DE),48.10533,-1.73429,16:55:00,2024-11-29
202400002258,00:45,,83,83137,1,1,1,6.0,A50,43.12535,5.9066,00:45:00,2024-04-29
202400002259,09:41,Plein jour,33,33550,1,1,1,6.0,Unknown,44.781369,-0.581327,09:41:00,2024-04-30
202400002260,15:15,Plein jour,35,35238,1,1,1,2.0,RN 136,48.12968262,-1.71067536,15:15:00,2024-11-29
202400002261,17:35,Plein jour,22,22113,2,9,1,3.0,MENDES FRANCE (BOULEVARD),48.73042119,-3.46910834,17:35:00,2024-09-17
202400002262,12:45,Plein jour,33,33013,1,1,1,4.0,Unknown,44.86884,-0.50454,12:45:00,2024-04-25
202400002263,12:20,Plein jour,35,35238,2,1,1,3.0,LE HO (JEAN),48.106,-1.72359,12:20:00,2024-11-29
202400002264,09:50,Plein jour,19,19031,2,3,1,3.0,KENNEDY (AVENUE JOHN),45.16743,1.55049,09:50:00,2024-09-17
202400002265,02:09,Nuit sans éclairage,34,34336,1,9,1,7.0,MEDITERRANEE (ROND POINT DE LA),43.32092,3.29226,02:09:00,2024-11-29
202400002266,07:54,Plein jour,19,19031,2,2,1,3.0,BRUNE (BOULEVARD),45.15297,1.53532,07:54:00,2024-09-17
202400002267,22:25,,62,62193,1,1,2,6.0,A16,50.9355107,1.86643744,22:25:00,2024-04-26
202400002268,20:00,,33,33039,2,3,1,3.0,Unknown,44.81063,-0.57389,20:00:00,2024-11-29
202400002269,17:30,Plein jour,17,17333,1,1,1,7.0,EXPRESS (voie),45.60302,-0.97343,17:30:00,2024-09-17
202400002270,13:00,Plein jour,33,33318,1,1,1,6.0,Unknown,44.76842,-0.71924,13:00:00,2024-11-29
202400002271,17:54,Plein jour,91,91228,1,1,1,5.0,AUTOROUTE A6,48.6315,2.40743,17:54:00,2024-04-30
202400002272,18:35,,33,33119,2,6,1,3.0,Unknown,44.85916,-0.53849,18:35:00,2024-11-28
202400002273,19:30,,13,13106,2,1,3,5.0,APT (ROUTE D'),43.40156448,5.36431208,19:30:00,2024-09-17
202400002274,08:25,Crépuscule,91,91589,1,1,2,3.0,AUTOROUTE A6,48.6746,2.3419,08:25:00,2024-04-30
202400002275,11:35,Plein jour,31,31555,2,1,1,3.0,BD DE SUISSE,43.61997,1.42392,11:35:00,2024-11-29
202400002276,17:10,Plein jour,13,13214,2,9,1,6.0,MORETTI (BOULEVARD),43.32478,5.38435,17:10:00,2024-09-17
202400002277,18:05,Plein jour,78,78646,1,1,1,3.0,RN12,48.792184,2.094137,18:05:00,2024-04-30
202400002278,17:45,,31,31555,2,1,2,6.0,GUESDE (ALL JULES) DU 1AU 3,43.593,1.44444,17:45:00,2024-11-20
202400002279,15:50,Plein jour,13,13213,2,1,1,3.0,PAUL LANGEVIN (RUE),43.33848,5.43263,15:50:00,2024-09-17
202400002280,12:00,Plein jour,95,95018,1,1,1,3.0,A15,48.9585871,2.27405291,12:00:00,2024-04-30
202400002281,15:40,Plein jour,31,31555,2,1,1,2.0,STRASBOURG (BD DE) DU 2AU 66,43.6063,1.44827,15:40:00,2024-11-27
202400002282,20:30,,13,13214,2,1,1,3.0,SAINTE MARTHE (chemin),43.33382,5.39024,20:30:00,2024-09-16
202400002283,07:10,Crépuscule,93,93010,1,1,1,2.0,A3,48.91421205,2.47719385,07:10:00,2024-04-30
202400002284,20:54,,29,29232,2,1,1,2.0,Avenue de la Liberation,47.98524215,-4.0738666,20:54:00,2024-11-29
202400002285,11:25,Plein jour,13,13213,2,1,1,3.0,ALPHONSE DAUDET (RUE),43.31939,5.40861,11:25:00,2024-09-17
202400002286,19:30,Plein jour,77,77372,1,1,1,3.0,A104,48.894163,2.665511,19:30:00,2024-04-30
202400002287,20:33,,25,25539,2,1,1,1.0,BERNE (RUE DE),47.45431,6.87536,20:33:00,2024-11-29
202400002288,08:45,Plein jour,13,13209,2,1,7,1.0,CHE DE LA COLLINE SAINT JOSEPH,43.25613,5.41156,08:45:00,2024-09-17
202400002289,15:25,Plein jour,94,94073,1,1,1,2.0,A86,48.75384198,2.38000556,15:25:00,2024-04-30
202400002290,15:55,Plein jour,13,13209,2,1,1,3.0,REDON (BOULEVARD DU),43.25101747,5.42207036,15:55:00,2024-09-16
202400002291,13:20,Plein jour,22,22113,2,2,3,1.0,PLACENN AR GUER (CHEMIN DE),48.748,-3.4589,13:20:00,2024-11-21
202400002292,02:45,Nuit sans éclairage,94,94046,1,1,1,6.0,A86,48.81309216,2.44867926,02:45:00,2024-04-30
202400002293,08:41,Plein jour,13,13207,2,2,1,3.0,PAUL CODACCIONI (RUE),43.28795,5.3606,08:41:00,2024-09-16
202400002294,11:25,Plein jour,17,17415,2,2,1,1.0,LORMONT RUE DE,45.74679,-0.61476,11:25:00,2024-11-29
202400002295,21:30,,10,10387,2,1,1,7.0,Boulevard Danton,48.30179,4.07528,21:30:00,2024-09-16
202400002296,18:00,Plein jour,77,77121,1,1,1,2.0,A4,48.83126,2.682357,18:00:00,2024-04-29
202400002297,10:15,Plein jour,17,17415,2,1,1,2.0,PORT D'ENVAUX ROUTE DE,45.76474,-0.64145,10:15:00,2024-11-29
202400002298,19:10,Plein jour,07,07281,2,1,1,6.0,REPUBLIQUE (RUE DE LA),44.9459,4.84369,19:10:00,2024-09-17
202400002299,21:00,,95,95218,2,1,1,6.0,ROGER SALENGRO (AVENUE),49.017676,2.112053,21:00:00,2024-02-27
202400002300,08:58,Plein jour,17,17306,1,1,7,2.0,EXPRESS (VOIE),45.63099,-1.00694,08:58:00,2024-11-29
202400002301,10:28,Plein jour,01,01344,2,1,1,2.0,TREVOUX (AVENUE DE),46.20164,5.20737,10:28:00,2024-09-17
202400002302,06:31,,17,17300,2,2,1,3.0,ORBIGNY   RUE ALCIDE D',46.16424,-1.14891,06:31:00,2024-11-29
202400002303,17:30,Plein jour,75,75117,2,1,1,2.0,ECHANGEUR MAILLOT,48.88016671,2.28125632,17:30:00,2024-09-17
202400002304,12:20,Plein jour,14,14366,2,1,1,3.0,37 Avenue du 6 Juin,49.14356,0.2195,12:20:00,2024-11-29
202400002305,13:13,Plein jour,75,75117,2,2,1,6.0,BOULEVARD DES BATIGNOLLES,48.883035,2.324023,13:13:00,2024-09-17
202400002306,09:10,Plein jour,14,14167,1,2,7,3.0,32 Rue Jean Monnet,49.19135,-0.29564,09:10:00,2024-11-29
202400002307,10:00,Plein jour,987,98736,1,1,1,4.0,CHARLES DE GAULLE (AV),-17.52682,-149.54505,10:00:00,2024-04-29
202400002308,09:20,Plein jour,75,75106,2,3,1,6.0,BOULEVARD SAINT MICHEL,48.852748,2.343847,09:20:00,2024-09-17
202400002309,17:25,,10,10333,2,6,1,3.0,LOMBARDS (AVENUE),48.2785,4.0666,17:25:00,2024-11-29
202400002310,01:39,,987,98736,2,1,1,3.0,ARIIPAEA POMARE (AV),-17.53385,-149.5473,01:39:00,2024-04-28
202400002311,01:20,,75,75119,2,2,1,3.0,RUE MANIN,48.883046,2.385452,01:20:00,2024-09-17
202400002312,14:00,Plein jour,10,10387,2,2,1,1.0,Rue de Preize,48.3141,4.0613,14:00:00,2024-11-29
202400002313,21:00,Nuit sans éclairage,75,75117,2,1,1,1.0,BOULEVARD DE COURCELLES,48.881155,2.314615,21:00:00,2024-09-17
202400002314,16:55,Plein jour,974,97416,2,1,1,3.0,LEBLOND 1 (RUE MARIUS ET ARY),-21.3359,55.46901,16:55:00,2024-04-29
202400002315,16:40,Plein jour,10,10357,2,1,1,4.0,ROCADE EST (RD 610),48.27902,4.12359,16:40:00,2024-11-28
202400002316,12:30,Plein jour,75,75117,2,2,1,6.0,BOULEVARD BERTHIER,48.887913,2.299768,12:30:00,2024-09-16
202400002317,07:30,Plein jour,974,97411,2,1,1,2.0,MACE (ROUTE GABRIEL),-20.9083004,55.50335276,07:30:00,2024-04-29
202400002318,14:30,Plein jour,10,10387,2,2,1,6.0,Boulevard Gambetta,48.29875,4.07051,14:30:00,2024-11-28
202400002319,17:45,Plein jour,75,75116,2,2,1,6.0,AVENUE DE VERSAILLES,48.840713,2.265009,17:45:00,2024-09-17
202400002320,05:15,Nuit sans éclairage,973,97302,2,9,1,7.0,MADELEINE (ROUTE DE LA),4.91713,-52.32148,05:15:00,2024-04-27
202400002321,04:45,,08,08480,2,9,5,6.0,Unknown,49.7427,4.73939,04:45:00,2024-11-29
202400002322,19:20,Plein jour,75,75114,2,1,1,2.0,RUE RAYMOND LOSSERAND,48.832123,2.314723,19:20:00,2024-09-16
202400002323,20:45,Nuit sans éclairage,973,97302,1,1,1,2.0,ROUTE NATIONALE 1,4.90199348,-52.32483387,20:45:00,2024-04-27
202400002324,14:35,Plein jour,06,06027,2,3,1,6.0,3 Rue Hélène Boucher,43.65881,7.14756,14:35:00,2024-11-29
202400002325,19:40,,05,05061,2,1,1,3.0,DESCENTE ( ROUTE DE LA ),44.57516,6.0831,19:40:00,2024-11-29
202400002326,19:30,,75,75109,2,2,1,3.0,RUE DU FAUBOURG MONTMARTRE,48.871579,2.343202,19:30:00,2024-09-17
202400002327,13:10,Plein jour,972,97213,1,1,1,4.0,ROUTE NATIONALE 1,14.6235,-60.9887,13:10:00,2024-04-29
202400002328,17:25,Plein jour,06,06069,2,3,1,1.0,167 Avenue Jean Maubert (ancienne route du Plan),43.642981,6.95709,17:25:00,2024-08-12
202400002329,10:00,Plein jour,75,75113,2,1,1,2.0,BOULEVARD PERIPHERIQUE INTERIEUR SUD,48.818397,2.369347,10:00:00,2024-11-29
202400002330,13:15,Plein jour,75,75108,2,7,8,6.0,RUE DU FAUBOURG SAINT HONORE,48.873216,2.310048,13:15:00,2024-09-17