Num_Acc,hrmn,lum,dep,com,agg,int,atm,col,adr,lat,long,heure,date
202400002331,17:00,Plein jour,75,75119,2,3,1,6.0,QUAI DE LA GIRONDE,48.895785,2.383595,17:00:00,2024-08-12
202400002332,09:30,Plein jour,971,97101,1,1,1,6.0,RN11,16.27670042,-61.52475178,09:30:00,2024-04-29
202400002333,17:35,,75,75116,2,1,1,5.0,BOULEVARD PERIPHERIQUE EXTERIEUR OUEST,48.861171,2.263891,17:35:00,2024-11-29
202400002334,08:45,Plein jour,75,75101,2,2,1,3.0,PLACE DES PYRAMIDES,48.863989,2.33227,08:45:00,2024-09-17
202400002335,17:10,Plein jour,75,75118,2,5,1,6.0,RUE POULET,48.88828695,2.35143453,17:10:00,2024-08-12
202400002336,07:00,Plein jour,971,97101,2,1,1,3.0,PATRICK SAINT ELOI ( AVENUE ),16.25444,-61.52275,07:00:00,2024-04-29
202400002337,18:16,Plein jour,75,75104,2,1,1,7.0,QUAI HENRI IV,48.849393,2.361812,18:16:00,2024-09-16
202400002338,18:00,,75,75105,2,2,1,6.0,RUE GEORGES DESPLAS,48.841413,2.354708,18:00:00,2024-11-29
202400002339,12:10,Plein jour,75,75118,2,7,7,3.0,PLACE ALBERT KAHN,48.89597,2.346018,12:10:00,2024-08-12
202400002340,09:10,Plein jour,971,97101,2,4,1,3.0,ACHILLE RENE BOISNEUF (RUE),16.27060686,-61.5054667,09:10:00,2024-04-28
202400002341,17:00,Plein jour,75,75103,2,3,1,2.0,RUE DE TURENNE,48.858818,2.364511,17:00:00,2024-09-16
202400002342,13:40,Plein jour,75,75108,2,2,1,3.0,RUE DE ROME,48.879507,2.321827,13:40:00,2024-08-12
202400002343,09:27,Plein jour,75,75105,2,4,1,4.0,RUE MONGE,48.839728,2.351178,09:27:00,2024-11-28
202400002344,01:55,Nuit avec éclairage,971,97113,2,1,1,7.0,RN4 - SECTION RIVIERA,16.2226,-61.52311,01:55:00,2024-04-28
202400002345,15:00,Plein jour,94,94052,2,9,1,3.0,Avenue de Joinville,48.833234,2.471343,15:00:00,2024-09-17
202400002346,19:05,,75,75119,2,7,1,6.0,PLACE DE LA PORTE DE PANTIN,48.889881,2.396623,19:05:00,2024-11-29
202400002347,08:11,Plein jour,88,88413,2,1,1,7.0,Avenue de l'egalité,48.29172,6.94021,08:11:00,2024-04-29
202400002348,19:00,Crépuscule,94,94043,2,1,1,6.0,53 Avenue de Fontainebleau,48.812616,2.361638,19:00:00,2024-09-17
202400002349,09:10,Plein jour,75,75108,2,2,1,3.0,AVENUE FRANKLIN D ROOSEVELT,48.871372,2.310067,09:10:00,2024-08-12
202400002350,12:05,Plein jour,75,75116,2,2,1,3.0,BOULEVARD SUCHET,48.853035,2.261873,12:05:00,2024-11-29
202400002351,18:50,Plein jour,94,94003,2,1,1,2.0,111 Rue des Martyrs du 8 Fevrier 1962,48.81089593,2.3382774,18:50:00,2024-09-16
202400002352,06:50,Crépuscule,87,87085,2,3,1,3.0,LECLERC (AVENUE DU GENERAL),45.84910259,1.26263022,06:50:00,2024-04-27
202400002353,09:55,Plein jour,75,75114,2,1,1,6.0,BOULEVARD JOURDAN,48.82174,2.332572,09:55:00,2024-11-29
202400002354,19:36,Plein jour,94,94065,1,1,1,2.0,N186B,48.75395,2.36858,19:36:00,2024-09-17
202400002355,12:50,Plein jour,77,77284,2,9,1,2.0,ALLENDE (AV.SALVADOR),48.952,2.90111,12:50:00,2024-04-29
202400002356,02:25,,75,75102,2,3,1,3.0,RUE MONTMARTRE,48.870192,2.342616,02:25:00,2024-08-12
202400002357,03:00,,75,75112,2,1,1,6.0,AVENUE DE SAINT MAURICE,48.834082,2.420351,03:00:00,2024-11-29
202400002358,15:30,Plein jour,94,94033,2,1,1,6.0,Avenue Charles Garcia,48.8558,2.4819,15:30:00,2024-09-17
202400002359,09:00,Plein jour,77,77181,2,1,1,7.0,JOSEPH PAXTON (avenue de),48.826964,2.715726,09:00:00,2024-04-29
202400002360,14:20,Plein jour,94,94046,2,3,1,3.0,Avenue du Général Leclerc,48.80442,2.4435,14:20:00,2024-08-12
202400002361,18:15,,75,75101,2,3,1,3.0,BOULEVARD DE LA MADELEINE,48.869574,2.325887,18:15:00,2024-11-29
202400002362,08:30,Plein jour,94,94028,2,6,1,3.0,Place du General Pierre Billotte,48.77738,2.4553,08:30:00,2024-09-16
202400002363,13:30,Plein jour,76,76447,2,3,2,3.0,Avenue Antoine de Saint-Exupéry,49.55036,0.17502,13:30:00,2024-04-27
202400002364,12:20,Plein jour,75,75109,2,2,1,6.0,RUE DE CHATEAUDUN,48.875749,2.342002,12:20:00,2024-11-29
202400002365,09:55,Plein jour,94,94079,2,1,1,2.0,Rue du Général de Gaulle,48.8266,2.5393,09:55:00,2024-08-12
202400002366,15:45,Plein jour,94,94054,2,1,1,6.0,Av des Martyrs de Chateaubriant,48.74495,2.40776,15:45:00,2024-09-17
202400002367,16:50,Plein jour,76,76351,2,3,1,3.0,GEORGES BRAQUE (RUE),49.49526,0.10341,16:50:00,2024-04-28
202400002368,12:15,Plein jour,75,75109,2,2,1,6.0,BOULEVARD POISSONNIERE,48.87148,2.343053,12:15:00,2024-11-29
202400002369,18:00,Plein jour,94,94069,2,1,1,3.0,Rue Paul Verlaine,48.81563891,2.45897037,18:00:00,2024-09-17
202400002370,14:40,Plein jour,93,93027,2,1,7,3.0,Avenue Paul Vaillant-Couturier,48.92607,2.41639,14:40:00,2024-08-12
202400002371,19:25,Plein jour,76,76351,2,1,2,6.0,DENIS PAPIN (PONT),49.495003,0.138009,19:25:00,2024-04-27
202400002372,20:30,,93,93059,2,1,1,6.0,EMILIE (AVENUE),48.96429612,2.35921699,20:30:00,2024-09-17
202400002373,20:30,,75,75108,2,4,1,3.0,AVENUE DE FRIEDLAND,48.8749,2.304535,20:30:00,2024-11-29
202400002374,12:10,Plein jour,93,93014,2,1,1,6.0,Allée de Gagny,48.90715559,2.54974902,12:10:00,2024-08-12
202400002375,15:10,Crépuscule,93,93072,2,1,1,3.0,STALINGRAD (AVENUE DE) COTE N°7 A 49,48.94826,2.37847,15:10:00,2024-09-17
202400002376,08:35,Plein jour,71,71270,2,3,3,6.0,JEANTON (RUE GABRIEL),46.30293242,4.82873663,08:35:00,2024-04-29
202400002377,06:05,,75,75108,2,5,1,6.0,RUE DE LA PEPINIERE,48.874858,2.319893,06:05:00,2024-11-29
202400002378,09:30,Plein jour,93,93001,2,1,1,3.0,Rue de la Nouvelle France,48.91330686,2.38709172,09:30:00,2024-08-12
202400002379,14:30,Plein jour,69,69092,2,1,8,6.0,Ancienne Route de Beaujeu,46.00552,4.71482,14:30:00,2024-04-29
202400002380,20:50,,75,75103,2,4,1,7.0,RUE DE TURENNE,48.862716,2.364631,20:50:00,2024-11-28
202400002381,08:15,Crépuscule,66,66136,2,2,3,6.0,Chemin de la Passio-Vella,42.68721,2.90052,08:15:00,2024-04-29
202400002382,19:20,Plein jour,92,92050,2,1,1,5.0,JOFFRE MARECHAL AVENUE DU,48.88572,2.19693,19:20:00,2024-07-01
202400002383,20:50,,94,94076,2,2,1,3.0,Avenue de l'Epi d'Or,48.78081783,2.35551971,20:50:00,2024-11-28
202400002384,01:30,,92,92050,2,1,1,7.0,MANSARD JULES BOULEVARD,48.899256,2.21005395,01:30:00,2024-08-12
202400002385,05:49,Plein jour,59,59041,2,2,1,1.0,CHS BRUNEHAUT,50.210371,3.849777,05:49:00,2024-04-29
202400002386,11:45,Plein jour,94,94034,2,4,7,6.0,Rue Roger Salengro,48.75615363,2.32167935,11:45:00,2024-11-29
202400002387,22:48,,92,92023,2,2,1,3.0,ETANGS (RUE DES),48.79666,2.27446,22:48:00,2024-08-01
202400002388,22:05,Nuit sans éclairage,59,59211,1,1,1,1.0,RD 621,50.38274,3.026575,22:05:00,2024-04-28
202400002389,12:30,Plein jour,93,93071,2,9,1,1.0,YOURI GAGARINE (AVENUE),48.94832267,2.52114773,12:30:00,2024-11-29
202400002390,10:25,Plein jour,57,57672,2,1,1,6.0,MANEGE (RUE DU),49.35915,6.16558,10:25:00,2024-04-29
202400002391,18:25,Plein jour,35,35165,1,3,1,3.0,D107,47.956946,-1.357895,18:25:00,2024-08-13
202400002392,11:00,Plein jour,2A,2A189,2,1,7,3.0,19 Résidence du Golfe Valinco B,41.69857203,8.84142593,11:00:00,2024-08-09
202400002393,13:52,Plein jour,93,93070,2,1,1,3.0,CAPITAINE-GLARNER (AV),48.90484535,2.32844853,13:52:00,2024-11-29
202400002394,12:10,Plein jour,56,56098,2,3,1,2.0,Rue Jean Jaurès,47.76414,-3.36052,12:10:00,2024-04-29
202400002395,03:30,Nuit sans éclairage,67,67273,1,1,1,7.0,D107,48.861517,7.254238,03:30:00,2024-08-13
202400002396,17:30,Plein jour,56,56121,2,1,1,6.0,YEQUEL (RUE  LOUIS ),47.75487,-3.36618,17:30:00,2024-04-28
202400002397,20:00,,93,93048,2,9,1,7.0,COLONEL FABIEN (AVENUE DU),48.876331,2.454458,20:00:00,2024-11-29
202400002398,10:41,Plein jour,56,56121,2,1,1,7.0,Promenade du Ter,47.734203,-3.396696,10:41:00,2024-04-26
202400002399,03:15,Nuit sans éclairage,84,84043,1,4,1,6.0,D942,44.008219,4.942045,03:15:00,2024-08-13
202400002400,12:03,Plein jour,93,93047,2,2,1,3.0,CHARMILLES    (AVENUE DES),48.88847096,2.54766378,12:03:00,2024-11-29
202400002401,08:00,Plein jour,50,50129,2,2,1,6.0,SENNECEY (RUE DE),49.63751,-1.60565,08:00:00,2024-04-28
202400002402,22:00,Nuit sans éclairage,27,27027,1,1,1,7.0,Rue de Jumelles,48.901275,1.231102,22:00:00,2024-08-12
202400002403,16:20,Plein jour,93,93031,2,1,1,6.0,FITZELIN (DE),48.9594058,2.30411442,16:20:00,2024-11-29
202400002404,21:30,Crépuscule,35,35308,2,1,1,6.0,rue françois-rené de chateaubriand,48.456641,-1.826509,21:30:00,2024-08-09
202400002405,19:00,Plein jour,50,50129,2,2,1,2.0,SALINE (BOULEVARD DE LA),49.64894,-1.64421,19:00:00,2024-04-28
202400002406,22:40,,93,93031,2,2,1,1.0,JEAN JAURES (AVENUE),48.95446739,2.31765175,22:40:00,2024-11-28
202400002407,12:10,Plein jour,49,49015,2,6,1,3.0,LANGEVIN RUE PAUL,47.51847,-0.60713,12:10:00,2024-04-29
202400002408,11:00,Plein jour,63,63329,1,1,1,7.0,D987,46.07657182,2.81226544,11:00:00,2024-08-11
202400002409,08:00,Plein jour,93,93029,2,1,1,3.0,CASTELNAU (AVENUE),48.92909002,2.45826211,08:00:00,2024-11-29
202400002410,11:00,Plein jour,42,42218,2,1,1,5.0,Cours Fauriel,45.42503,4.40693,11:00:00,2024-04-24
202400002411,22:15,Nuit sans éclairage,44,44195,1,1,1,7.0,Unknown,47.371644,-1.927317,22:15:00,2024-08-12
202400002412,19:10,,92,92063,2,2,1,6.0,REPUBLIQUE (AVENUE DE LA),48.88494376,2.16906108,19:10:00,2024-11-29
202400002413,18:15,Plein jour,38,38185,2,2,1,1.0,BERRIAT (COURS)             1 A 55-72,45.18788723,5.72170839,18:15:00,2024-04-29
202400002414,17:40,Plein jour,87,87020,1,1,1,3.0,D920,45.940646,1.317072,17:40:00,2024-08-07
202400002415,09:38,Plein jour,92,92051,2,1,1,6.0,"CHARLES DE GAULLE (AVENUE,N°118 A 192 +",48.88280752,2.26749882,09:38:00,2024-11-29
202400002416,23:25,,37,37214,2,2,1,1.0,DE GAULLE (BD CHARLES),47.41302,0.67221,23:25:00,2024-03-29
202400002417,18:19,Plein jour,47,47233,2,8,8,3.0,Passage à niveau 90,44.525701,0.109499,18:19:00,2024-08-12
202400002418,07:36,,92,92051,2,1,1,2.0,RICHARD WALLACE (BOULEVARD),48.87445041,2.253723,07:36:00,2024-11-29
202400002419,00:15,,92,92020,2,1,1,6.0,BROSSOLETTE RUE PIERRE N°3 A 13,48.80012587,2.28482589,00:15:00,2024-11-29
202400002420,11:30,Plein jour,37,37261,2,6,1,2.0,COMPAGNONS D'EMMAUS (AVENUE DES),47.43191,0.69788,11:30:00,2024-04-29
202400002421,12:45,Plein jour,2B,2B143,1,1,1,3.0,Chemin Diccepone - Bagheera,42.220811,9.538,12:45:00,2024-08-12
202400002422,23:06,,92,92049,2,1,1,7.0,BROSSOLETTE AVENUE PIERRE,48.82132107,2.31284603,23:06:00,2024-11-28
202400002423,14:45,Plein jour,35,35238,2,2,1,6.0,VANEAU,48.11084127,-1.69253352,14:45:00,2024-04-29
202400002424,19:20,Plein jour,62,62044,1,1,1,3.0,D901,50.47902591,1.76653685,19:20:00,2024-08-12
202400002425,15:00,Plein jour,92,92026,2,2,1,3.0,COURBEVOIE (PONT DE),48.89677006,2.26431817,15:00:00,2024-11-29
202400002426,07:51,Plein jour,57,57541,1,1,1,7.0,36 Route de Niederbronn,48.975217,7.573657,07:51:00,2024-08-11
202400002427,18:30,Plein jour,34,34172,2,3,1,3.0,LECLERC (AVENUE DU MARECHAL),43.597945,3.878425,18:30:00,2024-04-29
202400002428,14:50,Plein jour,92,92026,2,1,1,6.0,GAMBETTA,48.89343318,2.24679789,14:50:00,2024-11-29
202400002429,17:40,Plein jour,57,57311,1,1,1,1.0,D29,48.99256785,6.84186534,17:40:00,2024-08-12
202400002430,18:30,Plein jour,34,34172,2,1,1,3.0,JUSTICE DE CASTELNAU (AVENUE DE LA),43.62643,3.88363,18:30:00,2024-04-29
202400002431,18:05,Crépuscule,92,92025,2,3,1,6.0,VALMY (BD DE),48.92608596,2.25301199,18:05:00,2024-11-29
202400002432,07:30,Plein jour,19,19033,1,1,1,1.0,D979,45.59534958,1.94648128,07:30:00,2024-08-12
202400002433,14:40,Plein jour,34,34032,2,1,1,6.0,SOEURS GRISES (RUE DES),43.34552,3.21228,14:40:00,2024-04-26
202400002434,21:50,,33,33281,2,1,1,6.0,Unknown,44.83509,-0.63141,21:50:00,2024-04-29
202400002435,12:46,Plein jour,19,19023,1,9,1,3.0,Unknown,45.126469,1.733667,12:46:00,2024-08-12
202400002436,18:10,,92,92024,2,1,1,3.0,CASTERES (RUE),48.89914272,2.30321936,18:10:00,2024-11-29
202400002437,22:58,Nuit sans éclairage,56,56057,2,1,1,6.0,saint-fiacre,48.015072,-3.486255,22:58:00,2024-08-10
202400002438,18:30,Plein jour,33,33281,2,1,1,2.0,Unknown,44.831,-0.665,18:30:00,2024-04-29
202400002439,18:26,,92,92012,2,2,1,1.0,GALLIENI (RUE) 55/157 - 50/140,48.83732317,2.24578066,18:26:00,2024-11-29
202400002440,14:11,Plein jour,56,56258,2,1,1,6.0,1 Rue Mané Roularde,47.588903,-3.031612,14:11:00,2024-08-13
202400002441,12:10,Plein jour,30,30007,2,1,1,4.0,603 Quai de Bilina,44.13404,4.07672,12:10:00,2024-04-29
202400002442,12:45,Plein jour,47,47100,2,1,2,1.0,1 Chemin de Bellevue,44.216317,0.605498,12:45:00,2024-11-20
202400002443,05:45,Nuit sans éclairage,56,56137,1,3,1,3.0,Ker Guillerme,47.729059,-2.69392,05:45:00,2024-08-13
202400002444,05:20,,25,25462,2,1,3,6.0,CHENIER DE (ANDRE),46.893528,6.364845,05:20:00,2024-04-28
202400002445,21:45,Nuit sans éclairage,60,60646,1,1,1,6.0,D901,49.476253,2.069228,21:45:00,2024-11-27
202400002446,23:00,Nuit sans éclairage,76,76390,1,1,1,1.0,740 Route de Fecamp,49.70688634,0.30730247,23:00:00,2024-08-12
202400002447,21:50,,17,17300,2,9,1,3.0,MAIL   ALLEE DU,46.15593,-1.16324,21:50:00,2024-04-29
202400002448,03:00,Nuit sans éclairage,76,76263,1,1,1,6.0,Route de Nolleval,49.472503,1.509547,03:00:00,2024-08-13
202400002449,12:00,Plein jour,51,51217,2,6,1,6.0,rue du pont,49.07476,3.638231,12:00:00,2024-11-27
202400002450,11:30,Plein jour,13,13214,2,1,1,7.0,GIBBES (CHEMIN DE),43.32742,5.38469,11:30:00,2024-04-29
202400002451,13:05,Plein jour,11,11203,1,1,1,3.0,Unknown,43.238778,2.759821,13:05:00,2024-11-29
202400002452,22:30,Nuit sans éclairage,80,80443,1,2,1,3.0,Rue de Selincourt,49.867575,1.905205,22:30:00,2024-08-11
202400002453,15:50,Plein jour,13,13001,1,3,1,1.0,RD 543,43.51454,5.35104,15:50:00,2024-04-29
202400002454,19:15,Nuit sans éclairage,86,86117,1,1,1,1.0,D118,46.472796,0.896978,19:15:00,2024-11-24
202400002455,20:24,Plein jour,32,32012,1,8,1,3.0,rue de la gare,43.651506,0.788425,20:24:00,2024-08-12
202400002456,07:00,Crépuscule,10,10362,2,1,1,6.0,Rue Paul Doumer,48.2907,4.0547,07:00:00,2024-04-28
202400002457,14:20,Plein jour,07,07281,2,1,1,6.0,NARVIK (RUE DE),44.949,4.84601,14:20:00,2024-04-27
202400002458,10:50,Plein jour,89,89380,2,3,1,7.0,D103,48.075484,3.092571,10:50:00,2024-08-13
202400002459,18:50,Nuit sans éclairage,83,83049,1,1,1,5.0,D97,43.253392,6.10033,18:50:00,2024-11-30
202400002460,11:30,Plein jour,63,63430,2,1,1,7.0,Avenue Pierre Guérin,45.858471,3.551824,11:30:00,2024-08-13
202400002461,15:05,Plein jour,974,97413,1,1,2,6.0,chemin hubert delisle,-21.177865,55.327789,15:05:00,2024-11-30
202400002462,21:20,,75,75118,2,1,3,2.0,BD PERIPHERIQUE EXTERIEUR,48.901118,2.354841,21:20:00,2024-04-27
202400002463,18:50,Nuit sans éclairage,12,12122,1,1,1,6.0,Autoroute A 75 PK 230.365,44.028529,3.09646,18:50:00,2024-11-29
202400002464,17:20,Plein jour,75,75105,2,3,1,3.0,BOULEVARD SAINT MARCEL,48.850415,2.347345,17:20:00,2024-04-29
202400002465,19:30,,62,62344,2,1,1,6.0,D69,50.525814,2.349744,19:30:00,2024-11-29
202400002466,17:30,Plein jour,63,63047,1,1,1,6.0,RD 996,45.59121032,2.72618957,17:30:00,2024-08-13
202400002467,13:55,Plein jour,62,62683,2,1,8,7.0,D101,50.30737485,2.1291647,13:55:00,2024-11-21
202400002468,13:40,Plein jour,75,75117,2,3,1,3.0,AVENUE DES TERNES,48.878254,2.295664,13:40:00,2024-04-29
202400002469,14:20,Plein jour,49,49053,1,1,1,3.0,La Maison Blanche,47.171788,-0.222108,14:20:00,2024-08-12
202400002470,01:40,Nuit sans éclairage,56,56248,1,1,5,2.0,Motten Graetal,47.594813,-2.622324,01:40:00,2024-11-30
202400002471,12:52,Plein jour,75,75115,2,3,1,2.0,RUE DE LA CROIX NIVERT,48.846632,2.299624,12:52:00,2024-04-29
202400002472,15:45,Plein jour,12,12195,1,1,1,6.0,D999,43.873334,2.765744,15:45:00,2024-08-12
202400002473,17:10,Plein jour,12,12026,1,1,1,7.0,Chemin des Bourines,44.419498,2.816319,17:10:00,2024-08-12
202400002474,16:25,Plein jour,22,22055,2,3,1,7.0,Rue Pasteur Etables,48.629721,-2.834497,16:25:00,2024-08-12
202400002475,09:00,Plein jour,59,59262,2,1,9,7.0,D139,50.798151,2.650087,09:00:00,2024-11-29
202400002476,13:42,Plein jour,25,25050,1,1,1,5.0,D242,47.113773,6.618876,13:42:00,2024-08-13
202400002477,05:00,Nuit sans éclairage,67,67435,1,2,9,3.0,Route de Fénétrange,48.900526,7.074978,05:00:00,2024-11-29
202400002478,18:15,Plein jour,75,75111,2,2,1,2.0,BOULEVARD DE BELLEVILLE,48.867176,2.382791,18:15:00,2024-04-29
202400002479,09:25,Plein jour,25,25315,2,6,7,3.0,rue du magny,47.448281,6.583455,09:25:00,2024-08-01
202400002480,14:30,Plein jour,76,76463,1,1,1,1.0,D1a,49.413158,1.711421,14:30:00,2024-11-29
202400002481,09:35,Plein jour,75,75111,2,3,1,7.0,RUE DE LA ROQUETTE,48.859825,2.388746,09:35:00,2024-04-29
202400002482,10:15,Plein jour,44,44019,1,1,1,2.0,Route de Cordemais,47.306983,-1.900431,10:15:00,2024-08-13
202400002483,20:00,Nuit sans éclairage,82,82171,1,3,5,7.0,D14,44.015715,1.174926,20:00:00,2024-11-29
202400002484,01:15,Nuit sans éclairage,75,75108,2,3,1,3.0,AVENUE DE FRIEDLAND,48.874353,2.301023,01:15:00,2024-04-29
202400002485,09:30,Plein jour,44,44101,2,1,1,6.0,7 Rue de Verdun,47.186887,-1.67821,09:30:00,2024-08-12
202400002486,20:50,,75,75113,2,3,1,6.0,BOULEVARD DE PORT ROYAL,48.838261,2.342061,20:50:00,2024-04-28
202400002487,17:30,Crépuscule,61,61150,1,1,1,1.0,D932,48.727552,0.410259,17:30:00,2024-11-29
202400002488,21:20,Nuit sans éclairage,29,29158,1,1,3,2.0,Rue de Perinaguen,47.81604,-4.320494,21:20:00,2024-06-21
202400002489,10:00,Plein jour,03,03022,1,1,1,6.0,D987,46.197329,3.0498,10:00:00,2024-08-13
202400002490,16:30,Plein jour,94,94076,2,2,1,3.0,Avenue de Paris / Rue Dauphin,48.80582707,2.36362454,16:30:00,2024-04-29
202400002491,07:55,Crépuscule,49,49307,1,1,1,5.0,Route Départementale N°347 d'Angers à Saumur (Brain),47.465744,-0.425506,07:55:00,2024-11-29
202400002492,07:20,Crépuscule,26,26148,2,1,7,6.0,1105 Route de la Vallée,45.250967,5.01299,07:20:00,2024-08-13
202400002493,12:45,Plein jour,94,94016,2,1,1,3.0,61 Avenue Carnot,48.79928895,2.32499023,12:45:00,2024-04-29
202400002494,15:30,Plein jour,42,42181,2,8,1,3.0,Rue Jean Jaurès,45.98789,4.216057,15:30:00,2024-11-29
202400002495,18:40,Plein jour,58,58185,1,1,1,7.0,D121,47.15439,4.123532,18:40:00,2024-08-07
202400002496,10:40,Plein jour,94,94038,2,9,1,6.0,Avenue du Général de Gaulle,48.78414,2.34579,10:40:00,2024-04-29
202400002497,20:20,Crépuscule,66,66218,1,6,1,3.0,D68,42.450944,1.955314,20:20:00,2024-08-13
202400002498,00:02,Nuit sans éclairage,94,94073,1,1,1,6.0,N186B,48.753623,2.375589,00:02:00,2024-04-29
202400002499,06:55,Crépuscule,02,02089,1,1,5,1.0,Route de Reims,49.364433,3.381665,06:55:00,2024-11-29
202400002500,10:15,Plein jour,94,94002,2,2,8,1.0,Rue Charles de Gaulle / Rue Véron,48.81452,2.41397,10:15:00,2024-04-28
202400002501,07:10,Crépuscule,02,02782,1,4,1,3.0,Unknown,49.914038,3.193545,07:10:00,2024-11-29
202400002502,12:40,Plein jour,66,66063,1,1,1,5.0,D900,42.474297,2.84915,12:40:00,2024-08-13
202400002503,20:00,Plein jour,93,93077,2,2,1,6.0,Rue Robert Jumel / Rue Guilbert,48.88837,2.50539,20:00:00,2024-04-29
202400002504,18:15,Crépuscule,26,26326,1,3,1,3.0,D59,44.341626,4.790396,18:15:00,2024-11-21
202400002505,16:50,Plein jour,72,72310,1,9,1,3.0,D313 PK 2 +156,48.034859,0.202078,16:50:00,2024-08-10
202400002506,06:55,Plein jour,92,92078,2,1,1,3.0,JEAN JAURES (RUE) (N° IMPAIRS),48.93249955,2.32537687,06:55:00,2024-04-29
202400002507,22:00,Nuit sans éclairage,06,06163,1,1,1,6.0,route départementale 6204,44.030099,7.579697,22:00:00,2024-08-12
202400002508,19:05,Plein jour,92,92050,2,1,1,6.0,BOILEAU RUE,48.89051807,2.18184704,19:05:00,2024-04-29
202400002509,07:30,Crépuscule,09,09173,1,1,1,6.0,D11,43.051905,1.57355,07:30:00,2024-11-30
202400002510,12:40,Plein jour,14,14570,1,1,1,6.0,443 Route de la Petite Chapelle (Saint-Julien-de-Mailloc),49.077868,0.326698,12:40:00,2024-08-11
202400002511,05:40,Crépuscule,92,92044,2,2,1,2.0,ANA. FRANCE(RUE)1A75 ET 2A72,48.89061295,2.28639686,05:40:00,2024-04-28
202400002512,15:50,Plein jour,50,50096,1,1,1,1.0,La Boutronnerie,49.635807,-1.370716,15:50:00,2024-08-13
202400002513,10:30,Plein jour,92,92025,2,7,1,6.0,GABRIEL PERI (RUE),48.91457,2.22931,10:30:00,2024-04-29
202400002514,15:00,Plein jour,50,50491,1,1,1,1.0,Château de Rochefort,49.195205,-1.010817,15:00:00,2024-08-13
202400002515,08:50,Plein jour,92,92024,2,1,1,3.0,ANATOLE FRANCE (RUE),48.89804426,2.30450925,08:50:00,2024-04-25
202400002516,14:45,Plein jour,64,64147,1,1,1,3.0,D21,43.440425,-1.322474,14:45:00,2024-11-29
202400002517,20:40,Crépuscule,90,90028,1,1,1,6.0,D21,47.534617,7.091739,20:40:00,2024-08-12
202400002518,23:35,Nuit sans éclairage,64,64078,1,1,1,7.0,pk 16 D834,43.456853,-0.32737,23:35:00,2024-11-29
202400002519,03:30,Nuit sans éclairage,45,45069,1,1,1,6.0,D438 PR 0 + 110,48.059424,2.301232,03:30:00,2024-08-13
202400002520,16:56,Plein jour,92,92007,2,1,1,2.0,PETIT (AVENUE ALBERT) N° 39 A FIN,48.79590383,2.31757808,16:56:00,2024-04-29
202400002521,08:18,Plein jour,64,64518,2,1,1,6.0,Rue de la Castagnère,43.3077,-0.260775,08:18:00,2024-11-30
202400002522,17:15,Plein jour,16,16393,1,1,1,6.0,Unknown,45.74433,0.146213,17:15:00,2024-08-13
202400002523,15:00,Plein jour,24,24516,1,1,1,7.0,RD60 Route de Brive,44.975318,1.331213,15:00:00,2024-08-12
202400002524,20:30,Crépuscule,60,60004,1,2,1,3.0,D22,49.55865538,1.9417879,20:30:00,2024-04-15
202400002525,03:00,Nuit sans éclairage,53,53096,1,1,1,6.0,N12,48.3005845,-0.96698047,03:00:00,2024-11-29
202400002526,13:40,Plein jour,85,85029,1,1,1,6.0,RD 758_Route de beauvoir,46.96392,-2.00474,13:40:00,2024-08-13
202400002527,15:30,Crépuscule,53,53062,2,1,1,3.0,10 Route de Sablé (Château-Gontier),47.83144228,-0.6898427,15:30:00,2024-11-29
202400002528,08:10,Plein jour,60,60403,1,1,1,4.0,D901,49.507892,2.016721,08:10:00,2024-03-28
202400002529,12:25,Plein jour,27,27498,2,3,1,1.0,1 Rue Dupont de l?Eure,49.149956,0.830364,12:25:00,2024-08-12
202400002530,21:25,Nuit sans éclairage,85,85130,1,1,5,2.0,RD 948,46.774976,-1.675683,21:25:00,2024-11-29
202400002531,19:45,Crépuscule,33,33144,2,2,1,3.0,Unknown,44.389151,-0.220853,19:45:00,2024-04-28
202400002532,09:35,Plein jour,48,48079,1,1,7,6.0,D14,44.828696,3.437809,09:35:00,2024-08-13
202400002533,03:51,Nuit sans éclairage,48,48034,2,1,1,6.0,D998,44.416996,3.232,03:51:00,2024-08-09
202400002534,16:15,Plein jour,81,81297,2,1,1,6.0,7 Avenue de la Martelle,43.917541,2.07846,16:15:00,2024-04-30
202400002535,10:35,Plein jour,37,37281,1,3,2,1.0,D142,47.404591,0.819865,10:35:00,2024-11-28
202400002536,16:30,Plein jour,01,01288,1,9,1,7.0,Route de Chanvière,46.199156,5.933776,16:30:00,2024-04-30
202400002537,11:10,Plein jour,48,48094,1,1,1,3.0,Route Departementale 907 Bis (Les Vignes),44.303006,3.27104,11:10:00,2024-08-12
202400002538,12:40,Plein jour,30,30212,2,3,1,3.0,D6101,43.94163,4.57285,12:40:00,2024-11-29
202400002539,10:45,Plein jour,52,52365,1,1,1,7.0,Bricon,48.06509873,4.94803088,10:45:00,2024-08-13
202400002540,11:35,Plein jour,29,29189,1,1,2,2.0,RN165,48.38396312,-4.39024191,11:35:00,2024-04-10
202400002541,02:00,Nuit sans éclairage,41,41252,1,1,9,6.0,"A10, PK 141.500",47.692895,1.435432,02:00:00,2024-04-29