Num_Acc,hrmn,lum,dep,com,agg,int,atm,col,adr,lat,long,heure,date
202400002542,17:55,Plein jour,67,67176,1,1,1,1.0,D1062,48.894548,7.658212,17:55:00,2024-08-12
202400002543,09:52,Plein jour,65,65010,1,2,2,3.0,D817,43.197073,0.156523,09:52:00,2024-04-29
202400002544,18:00,Plein jour,30,30169,1,1,1,1.0,D135,43.772891,4.332132,18:00:00,2024-08-12
202400002545,10:14,Plein jour,69,69244,2,1,1,6.0,14 Avenue Général Leclerc,45.761034,4.774938,10:14:00,2024-08-13
202400002546,07:58,Plein jour,07,07031,1,1,1,7.0,RD252 route du bois de paiolive (Casteljau),44.393546,4.212549,07:58:00,2024-08-12
202400002547,15:30,Plein jour,51,51163,1,1,1,3.0,route départementale 243 PK 003+000,48.849771,3.839507,15:30:00,2024-04-29
202400002548,21:30,Nuit sans éclairage,28,28092,1,1,1,6.0,Autoroute A10 PK 052+000,48.334942,1.866388,21:30:00,2024-08-12
202400002549,15:50,Plein jour,79,79123,1,1,1,7.0,Unknown,46.786691,-0.650554,15:50:00,2024-04-30
202400002550,11:20,Plein jour,974,97417,2,1,1,1.0,21 Rue Leconte de Lisle,-21.360394,55.764429,11:20:00,2024-08-13
202400002551,16:35,Plein jour,2A,2A228,2,4,7,3.0,Intersection avec chemin de Cruciata - RD55,41.846302,8.782927,16:35:00,2024-04-29
202400002552,19:15,Nuit sans éclairage,973,97311,1,1,1,7.0,route du fleuve,5.360016,-54.085307,19:15:00,2024-08-11
202400002553,10:30,Plein jour,2A,2A130,1,1,1,1.0,T40,41.883333,8.954608,10:30:00,2024-04-29
202400002554,13:45,Plein jour,82,82018,1,2,1,3.0,D78 / chemin de saoulous,44.097895,1.510899,13:45:00,2024-03-05
202400002555,21:00,Nuit sans éclairage,81,81070,1,1,2,7.0,A68,43.788153,1.741796,21:00:00,2024-04-25
202400002556,19:59,Nuit sans éclairage,973,97312,1,1,1,1.0,N1,5.341397,-52.92935,19:59:00,2024-08-11
202400002557,02:30,Nuit sans éclairage,973,97305,1,1,1,2.0,Route Nationale PK 22.500,5.000167,-52.457131,02:30:00,2024-08-12
202400002558,17:00,Plein jour,89,89268,1,2,2,1.0,D84,47.955186,3.610897,17:00:00,2024-04-29
202400002559,02:50,Nuit sans éclairage,66,66037,2,1,1,6.0,D81a,42.695073,3.025247,02:50:00,2024-08-13
202400002560,21:40,Nuit sans éclairage,41,41232,1,1,1,6.0,Route de Marcilly,47.434242,2.026527,21:40:00,2024-04-29
202400002561,13:45,Plein jour,05,05178,1,1,1,6.0,D942,44.36278539,5.88094711,13:45:00,2024-08-13
202400002562,05:45,Crépuscule,68,68258,1,9,1,1.0,D2,47.826212,7.285228,05:45:00,2024-04-29
202400002563,14:45,Plein jour,68,68327,1,1,1,6.0,Chemin de la grotte,47.622494,7.410407,14:45:00,2024-06-09
202400002564,14:50,Plein jour,68,68165,1,1,1,7.0,D21biii,47.437009,7.345121,14:50:00,2024-04-30
202400002565,08:40,Plein jour,55,55410,1,1,1,1.0,Rue Haute,49.493539,5.320537,08:40:00,2024-08-13
202400002566,09:20,Plein jour,31,31493,1,1,2,2.0,D5,43.225881,0.747972,09:20:00,2024-04-30
202400002567,15:30,Plein jour,03,03173,2,1,7,2.0,Rue de la Broche,46.473849,3.958055,15:30:00,2024-08-09
202400002568,14:27,Plein jour,73,73116,1,1,1,7.0,D926 Route des arves,45.22637101,6.30915132,14:27:00,2024-07-14
202400002569,10:50,Plein jour,66,66149,2,3,3,6.0,Avenue Pau Casals,42.615458,2.418044,10:50:00,2024-04-30
202400002570,13:35,Plein jour,64,64273,1,1,1,7.0,CD 22,43.265597,-1.227797,13:35:00,2024-04-30
202400002571,06:28,Plein jour,38,38407,1,3,1,1.0,Route de Voreppe,45.314637,5.650837,06:28:00,2024-08-09
202400002572,12:15,Plein jour,21,21032,1,1,2,7.0,D33,46.991357,4.619349,12:15:00,2024-04-27
202400002573,14:10,Plein jour,24,24087,1,1,2,3.0,2069 Route de Beynac (Castels),44.856466,1.069928,14:10:00,2024-04-29
202400002574,10:35,Plein jour,31,31451,2,2,7,1.0,Rue Clémence Isaure,43.452872,1.993761,10:35:00,2024-08-09
202400002575,14:45,Plein jour,17,17093,2,1,1,6.0,8 Rue Marechal Foch,45.885255,-1.196013,14:45:00,2024-08-12
202400002576,09:50,Plein jour,85,85280,1,1,1,2.0,le lavre,46.851453,-1.921234,09:50:00,2024-04-30
202400002577,05:30,Nuit sans éclairage,17,17347,1,3,1,7.0,Rue de Fossemagne,45.927355,-0.516038,05:30:00,2024-04-30
202400002578,13:25,Plein jour,33,33494,1,1,1,1.0,Unknown,44.941003,-0.836012,13:25:00,2024-08-11
202400002579,13:00,Plein jour,30,30091,1,1,1,7.0,Route d'Aubais,43.764282,4.159579,13:00:00,2024-04-29
202400002580,18:09,Plein jour,62,62894,1,1,1,6.0,A16,50.77568812,1.65384039,18:09:00,2024-08-09
202400002581,07:30,Plein jour,52,52438,1,3,1,1.0,N19,47.806151,5.557478,07:30:00,2024-04-30
202400002582,18:40,Plein jour,62,62351,1,1,1,2.0,A21,50.4318049,2.89351717,18:40:00,2024-08-10
202400002583,16:10,Plein jour,08,08412,2,1,1,7.0,Rue de Fontenelle,49.317242,4.830498,16:10:00,2024-04-28
202400002584,11:15,Plein jour,78,78291,1,1,1,4.0,A13,48.969075,1.739338,11:15:00,2024-08-05
202400002585,12:05,Plein jour,973,97307,2,2,1,3.0,RN 2,4.854323,-52.332644,12:05:00,2024-04-30
202400002586,04:20,,92,92050,1,1,1,3.0,A14,48.89973557,2.21198323,04:20:00,2024-08-11
202400002587,14:15,Plein jour,31,31230,1,1,2,3.0,avenue de toulouse,43.720715,1.433491,14:15:00,2024-04-29
202400002588,16:40,Plein jour,95,95394,1,1,1,7.0,A115,49.05087297,2.18852857,16:40:00,2024-08-12
202400002589,17:18,Plein jour,01,01033,1,1,3,6.0,A 40 PK 104+180 direction Macon,46.160088,5.77889,17:18:00,2024-04-28
202400002590,13:10,Plein jour,93,93027,1,1,1,2.0,AUTOROUTE A1,48.93723664,2.410615,13:10:00,2024-08-12
202400002591,10:30,Plein jour,11,11262,1,1,3,3.0,Autoroute A61 PR 375+650,43.153665,2.961094,10:30:00,2024-04-29
202400002592,07:35,Plein jour,93,93013,1,1,1,2.0,AUTOROUTE A1,48.94022999,2.42355031,07:35:00,2024-08-12
202400002593,05:15,Nuit sans éclairage,987,98714,2,1,1,6.0,nunue,-16.388,-151.765,05:15:00,2024-04-28
202400002594,11:25,Plein jour,987,98722,1,1,1,1.0,RT2 PK 19.200  à PAPENOO,-17.516196,-149.409943,11:25:00,2024-04-28
202400002595,00:49,,93,93029,1,1,1,3.0,AUTOROUTE A86,48.92501602,2.42564723,00:49:00,2024-08-12
202400002596,19:50,,988,98814,2,3,1,3.0,Tribu de Hnassé,-20.91347,167.25971,19:50:00,2024-04-28
202400002597,20:40,Plein jour,93,93066,1,1,1,6.0,AUTOROUTE A86,48.92248535,2.35610341,20:40:00,2024-08-11
202400002598,12:40,Plein jour,94,94011,1,1,1,6.0,N406,48.76174912,2.49312615,12:40:00,2024-08-12
202400002599,15:05,Plein jour,14,14083,2,1,1,7.0,Route du Cimetière,49.21976705,0.0697057,15:05:00,2024-04-11
202400002600,08:24,Plein jour,78,78442,2,6,7,2.0,Place Mancest,48.814125,1.903167,08:24:00,2024-04-29
202400002601,23:03,Nuit sans éclairage,14,14106,1,1,9,1.0,D513,49.221774,-0.236576,23:03:00,2024-02-24
202400002602,09:00,Plein jour,83,83115,2,1,1,6.0,Avenue du 8 Mai 1945,43.311147,6.633044,09:00:00,2024-04-29
202400002603,01:00,Nuit sans éclairage,83,83042,1,1,1,6.0,N 98,43.250263,6.547047,01:00:00,2024-04-30
202400002604,06:30,Crépuscule,988,98818,2,3,1,3.0,RUE DU MONT TE/RUE MAXIMILIEN BERTHELIN,-22.25361,166.45674,06:30:00,2024-08-12
202400002605,14:30,Plein jour,67,67348,2,1,1,2.0,28 Route de Boersch,48.466413,7.471181,14:30:00,2024-04-27
202400002606,12:45,Plein jour,976,97611,2,6,1,3.0,kaweni-Grande Traverse (rue de la),-12.7758,45.22459,12:45:00,2024-08-11
202400002607,11:00,Plein jour,974,97416,1,1,1,6.0,ENTRE DEUX(route de l'),-21.2905,55.45091,11:00:00,2024-08-11
202400002608,09:40,Plein jour,69,69255,1,1,2,1.0,18 Rue de Lyon,45.735459,4.668208,09:40:00,2024-04-29
202400002609,03:40,,69,69383,2,1,1,3.0,Cours Richard Vitton,45.75312,4.8946,03:40:00,2024-08-11
202400002610,20:15,Crépuscule,22,22262,2,1,1,1.0,Rue des Forges,48.404851,-2.910347,20:15:00,2024-04-25
202400002611,09:50,Plein jour,22,22390,1,1,1,7.0,Lieu Dit Pan Bras,48.70756,-3.06444,09:50:00,2024-04-30
202400002612,06:00,Crépuscule,972,97213,1,1,1,6.0,CROIX RIVAIL,14.6091,-60.95389,06:00:00,2024-08-11
202400002613,09:35,Plein jour,62,62560,2,1,2,3.0,D191,50.81553961,1.70189065,09:35:00,2024-04-28
202400002614,23:16,,972,97213,1,9,1,3.0,ROUTE NATIONALE 1,14.616029,-61.009031,23:16:00,2024-08-10
202400002615,14:00,Plein jour,42,42237,1,1,1,2.0,A72,45.445226,4.427563,14:00:00,2024-04-29
202400002616,08:00,Plein jour,69,69202,2,3,1,3.0,Avenue de l'Aqueduc de Beaunant,45.72441527,4.78063807,08:00:00,2024-08-11
202400002617,16:50,Plein jour,91,91434,1,1,1,2.0,AUTOROUTE A6,48.668325,2.354361,16:50:00,2024-04-29
202400002618,02:00,,69,69381,2,3,1,3.0,Quai de la Pêcherie,45.76681,4.83007,02:00:00,2024-08-11
202400002619,18:13,Plein jour,92,92002,1,1,1,3.0,RN 385,48.76006049,2.2803335,18:13:00,2024-04-29
202400002620,20:05,Plein jour,91,91136,2,9,1,3.0,RTE NATIONALE 7,48.705611,2.27793,20:05:00,2024-08-11
202400002621,15:00,Plein jour,91,91692,1,1,1,3.0,RD 188 CHEVREUSE,48.692801,2.173193,15:00:00,2024-04-29
202400002622,01:07,,86,86194,2,9,1,2.0,Rue du Fbg de la Cueille Mirebalaise,46.596374,0.329437,01:07:00,2024-08-04
202400002623,11:35,Plein jour,94,94034,1,1,1,5.0,A86,48.75884006,2.32440976,11:35:00,2024-04-29
202400002624,07:45,Plein jour,94,94065,1,1,1,3.0,A106,48.76003747,2.34634112,07:45:00,2024-04-29
202400002625,23:00,Nuit sans éclairage,84,84087,1,2,1,3.0,ROUTE DE CHATEAUNEUF,44.11102,4.80672,23:00:00,2024-08-11
202400002626,17:35,Plein jour,78,78423,1,1,1,6.0,A12 W,48.785196,2.0349,17:35:00,2024-04-28
202400002627,10:20,Plein jour,83,83126,2,5,1,3.0,RD POINT DU 8 MAI,43.1077,5.8771,10:20:00,2024-08-11
202400002628,16:55,Plein jour,92,92048,1,1,1,4.0,N118,48.79379358,2.21880725,16:55:00,2024-04-28
202400002629,15:55,Plein jour,76,76212,2,3,7,7.0,Rue de la Table de Pierre,49.4419507,1.16497,15:55:00,2024-08-11
202400002630,20:38,Crépuscule,93,93053,1,1,1,7.0,A86,48.90199338,2.46851218,20:38:00,2024-04-29
202400002631,14:10,Plein jour,69,69259,2,4,1,3.0,16 Boulevard Ambroise Croizat,45.70308,4.88745,14:10:00,2024-08-11
202400002632,17:05,Plein jour,93,93064,1,1,1,3.0,A86,48.87190855,2.48124719,17:05:00,2024-04-29
202400002633,23:00,,67,67218,2,1,1,7.0,GENERAL LIBERMANN (RUE DU),48.51978,7.716187,23:00:00,2024-08-11
202400002634,20:03,Plein jour,67,67482,2,1,1,6.0,THUMENAU (RUE DE LA),48.57189,7.75548,20:03:00,2024-08-11
202400002635,08:05,Plein jour,93,93008,1,1,1,3.0,A86,48.90968596,2.44631612,08:05:00,2024-04-29
202400002636,20:35,Crépuscule,67,67482,2,1,1,6.0,MAIRE KUSS (RUE DU),48.58388,7.73734,20:35:00,2024-08-11
202400002637,21:45,Nuit sans éclairage,92,92078,1,1,1,4.0,AUTOROUTE A86,48.92915584,2.32918032,21:45:00,2024-04-28
202400002638,18:58,Plein jour,64,64024,2,1,1,3.0,SOURCES (PROMENADE DES),43.49472,-1.54485,18:58:00,2024-08-11
202400002639,13:00,Plein jour,94,94065,1,1,1,3.0,N186,48.75412388,2.35158219,13:00:00,2024-04-29
202400002640,12:15,Plein jour,59,59512,2,1,1,6.0,NATIONS UNIES (AVENUE DES),50.69426,3.17298,12:15:00,2024-08-11
202400002641,09:26,Plein jour,56,56260,2,3,1,3.0,Avenue de la Marne,47.65994,-2.78695,09:26:00,2024-08-11
202400002642,05:30,Nuit sans éclairage,54,54099,1,1,1,6.0,D906,49.27401,5.95872,05:30:00,2024-08-10
202400002643,23:49,Nuit sans éclairage,77,77296,1,1,1,5.0,A5b,48.6289,2.628842,23:49:00,2024-04-28
202400002644,22:40,Nuit sans éclairage,36,36159,2,3,1,3.0,Rue de Cantinier,46.79672989,1.72995508,22:40:00,2024-08-10
202400002645,23:25,,988,98818,2,1,1,6.0,RUE JACQUES IEKAWE,-22.24068,166.4705,23:25:00,2024-04-27
202400002646,21:15,Crépuscule,34,34108,2,1,1,6.0,LIBERATION (AVENUE DE LA),43.44921,3.75701,21:15:00,2024-07-18
202400002647,17:05,Plein jour,34,34172,2,1,1,7.0,JUVENAL (PONT),43.60619,3.89833,17:05:00,2024-08-11
202400002648,16:30,Plein jour,33,33529,2,1,1,2.0,Unknown,44.6118,-1.2027,16:30:00,2024-08-11
202400002649,15:00,Plein jour,29,29232,1,1,7,6.0,Route de Rosporden,47.98722753,-4.05001425,15:00:00,2024-08-10
202400002650,09:25,Plein jour,27,27229,1,1,1,6.0,ALLENDE (BOULEVARD DU PRESIDENT),49.00328,1.14961,09:25:00,2024-08-11
202400002651,23:50,Nuit sans éclairage,22,22113,1,6,1,7.0,BOUTIL (LIEU-DIT),48.72386,-3.43113,23:50:00,2024-08-11
202400002652,12:05,Plein jour,14,14117,2,2,1,3.0,58 Avenue de la Brèche Buhot,49.28592,-0.12257,12:05:00,2024-08-10
202400002653,14:00,Plein jour,13,13208,2,1,1,1.0,MENDES FRANCE (AVENUE),43.25842,5.37873,14:00:00,2024-08-11
202400002654,21:14,Nuit sans éclairage,12,12145,1,1,1,1.0,D911,44.12919327,3.04589868,21:14:00,2024-08-11
202400002655,22:00,,06,06104,2,1,1,6.0,2a Avenue Paul Doumer,43.760675,7.464452,22:00:00,2024-08-09
202400002656,11:55,Plein jour,75,75112,2,1,1,2.0,BD PERIPHERIQUE INTERIEUR,48.828471,2.397418,11:55:00,2024-08-09
202400002657,22:00,,75,75120,1,1,1,2.0,BD PERIPHERIQUE INTERIEUR,48.870536,2.413224,22:00:00,2024-08-10
202400002658,13:25,Plein jour,75,75117,2,2,1,6.0,RUE GUSTAVE CHARPENTIER,48.882602,2.282711,13:25:00,2024-08-11
202400002659,20:48,Crépuscule,75,75117,2,5,1,3.0,AVENUE DE WAGRAM,48.880945,2.30028,20:48:00,2024-08-10
202400002660,13:40,Plein jour,75,75116,2,7,1,2.0,PLACE VICTOR HUGO,48.86963202,2.28506881,13:40:00,2024-08-11
202400002661,02:45,,75,75113,2,1,1,7.0,RUE JEANNE D ARC,48.835501,2.360723,02:45:00,2024-08-11
202400002662,15:19,Plein jour,75,75110,2,3,1,1.0,RUE DU HUIT MAI 1945,48.876388,2.35751,15:19:00,2024-08-11
202400002663,04:05,,75,75110,2,2,1,3.0,BOULEVARD DE LA CHAPELLE,48.883618,2.349546,04:05:00,2024-08-11
202400002664,18:30,Plein jour,75,75104,2,2,1,2.0,BOULEVARD BOURDON,48.847484,2.365618,18:30:00,2024-08-11
202400002665,16:50,Plein jour,75,75101,2,3,1,6.0,RUE DE RIVOLI,48.86216,2.33716,16:50:00,2024-08-11
202400002666,21:30,,94,94044,2,1,1,3.0,Avenue Descartes,48.74068,2.48324,21:30:00,2024-08-10
202400002667,14:33,Plein jour,93,93070,2,9,1,6.0,Rue des Rosiers,48.904309,2.338727,14:33:00,2024-08-11
202400002668,19:05,Plein jour,93,93064,2,1,1,3.0,Rue Leon Blum / Centre commercial Westfield Rosny 2,48.88153,2.48012,19:05:00,2024-08-11
202400002669,17:40,Plein jour,92,92012,2,1,1,3.0,JEAN JAURES (BOULEVARD) 1/61 - COTE IMPA,48.84331808,2.23804379,17:40:00,2024-08-10
202400002670,17:40,Plein jour,31,31558,1,1,1,6.0,D2,43.471266,1.74011,17:40:00,2024-08-11
202400002671,17:24,Plein jour,974,97415,2,1,1,7.0,184 Rue Joseph Hubert,-21.058398,55.26599,17:24:00,2024-08-10
202400002672,16:10,Plein jour,54,54322,1,1,1,3.0,D618,49.471819,5.59674,16:10:00,2024-08-12
202400002673,10:51,Plein jour,22,22164,1,1,1,7.0,RN12 PR 100+000,48.568784,-3.28638,10:51:00,2024-08-12
202400002674,14:20,Plein jour,62,62086,1,2,1,3.0,N25,50.21814247,2.57834556,14:20:00,2024-08-11
202400002675,22:40,Nuit sans éclairage,95,95056,1,1,1,6.0,D85,49.10141709,2.36129769,22:40:00,2024-08-11
202400002676,19:57,Plein jour,62,62759,1,1,1,6.0,route du mont des anglais,50.667158,1.879874,19:57:00,2024-08-11
202400002677,18:45,Plein jour,19,19058,1,1,1,6.0,D1089 / Intersection D47E1,45.47733127,2.18012202,18:45:00,2024-08-11
202400002678,03:10,Nuit avec éclairage,19,19176,2,1,1,7.0,D1089,45.38049062,2.01336508,03:10:00,2024-08-11
202400002679,15:20,Plein jour,56,56251,1,1,1,6.0,La Madeleine,47.635682,-2.66504,15:20:00,2024-08-11
202400002680,13:00,Plein jour,2B,2B354,1,8,1,6.0,RT20,42.136462,9.146043,13:00:00,2024-08-11
202400002681,08:04,Plein jour,69,69108,1,8,1,3.0,Route des Allumeaux,46.17280004,4.74119143,08:04:00,2024-08-08
202400002682,13:35,Plein jour,11,11299,1,1,1,5.0,Unknown,43.138056,2.300627,13:35:00,2024-08-12
202400002683,09:15,Plein jour,61,61126,1,1,1,7.0,D251,48.519731,0.384473,09:15:00,2024-08-11
202400002684,11:05,Plein jour,55,55013,1,5,1,3.0,D66a,49.414121,5.663141,11:05:00,2024-08-09
202400002685,10:40,Plein jour,12,12052,2,6,1,3.0,Boulevard Francois Mitterrand,44.557183,2.071829,10:40:00,2024-08-12
202400002686,19:00,Plein jour,39,39074,2,1,1,6.0,22 Rue de la Fontaine,47.231432,5.5643,19:00:00,2024-08-09
202400002687,04:30,Nuit sans éclairage,44,44053,2,1,1,6.0,14 Rue du Vinet,47.47178,-2.059372,04:30:00,2024-08-11
202400002688,18:30,Plein jour,44,44217,1,1,1,7.0,Route des Randonneurs,47.310707,-1.708546,18:30:00,2024-08-11
202400002689,10:09,Plein jour,29,29173,1,6,1,3.0,Rond-Point de Kergaben,48.0116249,-4.19671764,10:09:00,2024-08-11
202400002690,18:38,Plein jour,15,15033,1,1,7,7.0,RD 65,45.0192,2.839698,18:38:00,2024-08-05
202400002691,17:30,Plein jour,15,15215,1,1,1,1.0,RD 35,44.978449,2.492346,17:30:00,2024-08-12
202400002692,09:20,Plein jour,70,70128,1,1,1,6.0,D32,47.757805,6.36662,09:20:00,2024-08-12
202400002693,22:00,,58,58079,2,6,1,6.0,Avenue de la République,47.459437,3.520855,22:00:00,2024-08-11
202400002694,23:57,Nuit sans éclairage,58,58152,1,1,1,6.0,RN7 PK84 Sens NEVERS-MOULINS,46.870873,3.152032,23:57:00,2024-08-06
202400002695,00:15,Nuit sans éclairage,72,72087,1,6,1,1.0,D1,47.936616,0.747585,00:15:00,2024-08-10
202400002696,12:22,Plein jour,72,72298,1,2,7,3.0,Vaudoire,47.922705,0.480427,12:22:00,2024-08-08
202400002697,03:00,Nuit sans éclairage,50,50568,1,1,1,6.0,1 Route de Montpinchon,49.004145,-1.415549,03:00:00,2024-08-12
202400002698,18:40,Plein jour,90,90093,2,9,1,7.0,27 Rue de Valdoie,47.682169,6.83988,18:40:00,2024-08-11
202400002699,04:55,Nuit sans éclairage,36,36105,1,1,1,6.0,Unknown,46.73653571,1.02521959,04:55:00,2024-08-12
202400002700,14:30,Plein jour,07,07128,2,1,1,7.0,610 Route de Saint Félicien,45.115169,4.543444,14:30:00,2024-08-12
202400002701,08:50,Plein jour,24,24564,1,2,8,3.0,D5,45.231715,0.263371,08:50:00,2024-08-12
202400002702,20:22,Crépuscule,24,24352,1,2,1,6.0,Route de l'Atlantique,45.25936917,0.29749274,20:22:00,2024-08-11
202400002703,03:48,Nuit sans éclairage,28,28052,1,1,1,6.0,D136,48.554924,1.512787,03:48:00,2024-08-10
202400002704,11:45,Plein jour,87,87064,1,3,7,2.0,Charnaillat,45.714533,1.768579,11:45:00,2024-08-11
202400002705,18:15,Plein jour,30,30002,1,1,1,7.0,D6110,43.969484,4.101001,18:15:00,2024-08-11
202400002706,09:20,Plein jour,52,52550,2,3,7,3.0,Rue du Général Defrance,48.499047,4.947109,09:20:00,2024-08-11
202400002707,12:43,Plein jour,10,10357,1,1,1,7.0,A26,48.28592,4.164642,12:43:00,2024-08-12
202400002708,19:40,Plein jour,18,18141,1,1,1,7.0,Unknown,47.140709,2.186644,19:40:00,2024-08-11
202400002709,07:34,Plein jour,18,18245,1,1,1,6.0,Unknown,46.59504474,2.51368843,07:34:00,2024-08-12
202400002710,06:10,Crépuscule,67,67067,1,1,1,6.0,Autoroute A4,48.695705,7.723002,06:10:00,2024-08-12
202400002711,07:50,Plein jour,13,13058,1,1,1,3.0,D5,43.747444,4.831259,07:50:00,2024-08-10
202400002712,18:20,,976,97616,2,1,1,6.0,Avenue charif tadjidine,-12.851072,45.104413,18:20:00,2024-08-11
202400002713,19:16,Plein jour,69,69264,1,1,1,6.0,Autoroute 6,45.986735,4.737039,19:16:00,2024-08-12
202400002714,04:00,Nuit sans éclairage,13,13001,1,1,1,2.0,A8,43.5252581,5.40539196,04:00:00,2024-08-08
202400002715,15:30,Plein jour,62,62427,1,1,1,2.0,A1,50.385671,2.980811,15:30:00,2024-08-09
202400002716,10:28,Plein jour,33,33005,1,6,1,3.0,Unknown,44.776854,-1.050873,10:28:00,2024-08-07
202400002717,07:15,Plein jour,987,98712,2,6,1,2.0,pk 7 - Rond point Tahiti Pearl Resort,-17.52471473,-149.51890826,07:15:00,2024-08-11
202400002718,14:40,Plein jour,987,98723,1,1,1,7.0,Tapeata,-9.770571,-138.965113,14:40:00,2024-08-11
202400002719,14:40,Plein jour,987,98722,1,1,1,7.0,pk 23 c/mont,-17.592,-149.391,14:40:00,2024-08-09
202400002720,18:57,Plein jour,44,44109,2,6,1,6.0,78 Route de Rennes,47.2540577,-1.57640525,18:57:00,2024-05-07
202400002721,14:00,Plein jour,44,44109,2,3,1,6.0,5 Rue de l'Hôtel de Ville,47.217749,-1.5553749,14:00:00,2024-04-30
202400002722,10:35,Plein jour,44,44190,2,3,1,6.0,Rue des Fromenteaux,47.19060411,-1.52172994,10:35:00,2024-04-30
202400002723,19:30,Plein jour,44,44162,2,1,1,6.0,Boulevard Winston Churchill,47.20757049,-1.6125674,19:30:00,2024-04-28
202400002724,18:25,Plein jour,44,44109,2,1,1,3.0,136 Boulevard des Anglais,47.22515141,-1.58382802,18:25:00,2024-04-23
202400002725,09:10,Plein jour,44,44109,2,6,1,3.0,30 Rue Charles Monselet,47.22088454,-1.57032858,09:10:00,2024-04-22
202400002726,14:30,Plein jour,88,88388,1,1,2,3.0,D51a,48.145152,6.390407,14:30:00,2024-12-19
202400002727,16:00,Plein jour,88,88487,1,1,1,5.0,D157,47.956026,6.452107,16:00:00,2024-11-03
202400002728,22:58,Nuit sans éclairage,13,13026,1,1,1,2.0,A55-Sens Martigues vers Marseille,43.37900472,5.16585354,22:58:00,2024-10-05
202400002729,08:20,Plein jour,91,91200,2,1,1,6.0,Rue de Rambouillet,48.536499,2.0024,08:20:00,2024-12-18
202400002730,04:06,,28,28149,1,1,1,6.0,D941,48.607622,0.914969,04:06:00,2024-12-25
202400002731,19:36,Nuit sans éclairage,28,28405,1,9,5,3.0,N12,48.748705,1.269135,19:36:00,2024-12-27
202400002732,21:00,,28,28214,1,1,2,7.0,Les Grands Pres,48.479127,1.017812,21:00:00,2024-11-25
202400002733,15:45,Plein jour,71,71508,1,1,1,1.0,Route des Pilloux,46.645552,5.122982,15:45:00,2024-09-28
202400002734,15:25,Plein jour,14,14308,1,1,8,6.0,1265 Route de Bavent,49.223483,-0.113908,15:25:00,2024-12-22
202400002735,23:45,Nuit sans éclairage,73,73179,1,1,2,1.0,D14,45.608232,5.859795,23:45:00,2024-10-30
202400002736,17:30,Crépuscule,28,28108,1,2,2,3.0,D927,48.133108,1.602684,17:30:00,2024-12-10
202400002737,00:15,Nuit sans éclairage,28,28252,1,1,2,6.0,D955,48.255111,0.991758,00:15:00,2024-10-27
202400002738,12:03,Plein jour,57,57463,1,1,1,7.0,RN 431,49.08899,6.22457,12:03:00,2024-12-14
202400002739,14:00,Plein jour,14,14555,1,1,1,2.0,A13,49.30813807,0.29950456,14:00:00,2024-12-16
202400002740,17:30,Plein jour,82,82170,1,3,1,3.0,Place de l’Église,44.14573213,1.00584286,17:30:00,2024-08-03
202400002741,13:37,Plein jour,55,55369,1,1,1,7.0,Unknown,48.81040576,5.227561,13:37:00,2024-04-22
202400002742,02:20,Nuit sans éclairage,987,98729,2,1,1,7.0,PK 25.500 Tiahura  RT91,-17.492805,-149.905014,02:20:00,2024-12-08
202400002743,19:30,,987,98738,1,1,1,1.0,Ech. Outumaoro,-17.578791,-149.613962,19:30:00,2024-11-29
202400002744,19:50,Nuit sans éclairage,74,74042,1,1,2,5.0,5159 Route de geneve,46.10346048,6.35891676,19:50:00,2024-12-22
202400002745,18:30,,74,74280,2,1,1,6.0,35 Avenue d'annecy,45.888966,6.312531,18:30:00,2024-12-21
202400002746,17:20,Crépuscule,74,74005,1,1,1,1.0,RD 903,46.338914,6.457719,17:20:00,2024-12-11
202400002747,16:15,Plein jour,13,13071,1,1,1,6.0,A7-Sens Lyon vers Marseille,43.40691417,5.32791407,16:15:00,2024-09-15
202400002748,17:20,Plein jour,84,84025,2,1,1,6.0,Grand Geas,43.889689,5.150442,17:20:00,2024-10-12
202400002749,19:30,Nuit sans éclairage,43,43137,1,1,1,1.0,D12,45.29162809,4.14783843,19:30:00,2024-11-29
202400002750,10:45,Plein jour,91,91122,2,1,1,6.0,PASSAGE DE VILLEVERT,48.69614,2.16239,10:45:00,2024-11-24
202400002751,02:00,Nuit sans éclairage,14,14316,1,1,5,6.0,Route des Hauts de Grangues,49.25843,-0.051981,02:00:00,2024-11-05
202400002752,18:30,Plein jour,14,14061,2,5,1,3.0,34 Route de la Bazinière (Le Bény-Bocage),48.931316,-0.840253,18:30:00,2024-07-11
202400002753,05:44,Nuit sans éclairage,10,10424,1,1,1,6.0,D2,48.475823,4.58986,05:44:00,2024-12-31
202400002754,23:50,,2B,2B033,2,3,1,3.0,ROUTE ROYALE,42.67644,9.44075,23:50:00,2024-11-29
202400002755,12:10,Plein jour,2B,2B313,2,6,1,3.0,Moriani Plage,42.372741,9.529717,12:10:00,2024-10-29