Num_Acc,hrmn,lum,dep,com,agg,int,atm,col,adr,lat,long,heure,date
202400002756,09:00,Plein jour,2B,2B303,1,1,8,6.0,Alistro,42.284088,9.550788,09:00:00,2024-10-26
202400002757,17:30,Crépuscule,2B,2B096,2,1,8,7.0,T20,42.281706,9.16397,17:30:00,2024-10-25
202400002758,18:36,Plein jour,2B,2B307,2,1,1,1.0,Suaglione,42.384558,9.530025,18:36:00,2024-10-22
202400002759,10:45,Plein jour,2B,2B029,1,1,2,5.0,RD 81,42.675999,9.371853,10:45:00,2024-10-22
202400002760,19:34,,2B,2B033,2,1,1,1.0,11 - RT,42.70617,9.45319,19:34:00,2024-10-11
202400002761,07:30,Crépuscule,2B,2B077,1,9,1,1.0,Corso,42.466921,9.491769,07:30:00,2024-10-11
202400002762,15:40,Plein jour,2B,2B298,2,9,1,6.0,route de la cathérale,42.680507,9.302561,15:40:00,2024-09-28
202400002763,12:30,Plein jour,2B,2B007,1,1,1,1.0,D84,42.286866,8.905363,12:30:00,2024-09-03
202400002764,12:35,Plein jour,60,60414,2,1,2,6.0,Rue Jean Jaurès,49.2568,2.43752,12:35:00,2024-12-21
202400002765,19:35,Crépuscule,2B,2B007,1,1,1,3.0,D84,42.306832,8.951583,19:35:00,2024-08-31
202400002766,09:00,Plein jour,2B,2B029,1,1,1,3.0,Col de Teghime (Col de montagne),42.677301,9.385344,09:00:00,2024-08-22
202400002767,14:15,Plein jour,84,84099,1,2,1,3.0,CHEMIN DU FOUR À CHAUX,43.867351,5.119953,14:15:00,2024-12-05
202400002768,17:50,Nuit sans éclairage,84,84088,1,1,1,1.0,Route de la Gasqui,44.003095,5.017576,17:50:00,2024-11-25
202400002769,11:15,Plein jour,84,84088,1,1,1,3.0,697 Route d'Avignon,43.990588,5.040981,11:15:00,2024-11-04
202400002770,23:10,,974,97411,2,1,1,2.0,MACE (ROUTE GABRIEL),-20.91633,55.4941,23:10:00,2024-11-29
202400002771,19:40,Nuit sans éclairage,26,26364,1,1,9,7.0,Route du Chateau,44.906435,5.38571,19:40:00,2024-12-13
202400002772,13:15,Plein jour,72,72181,2,9,1,3.0,JACQUELINE DE ROMILLY (RUE),48.02013,0.14427,13:15:00,2024-08-21
202400002773,05:50,Crépuscule,974,97416,1,1,1,7.0,RN1,-21.30455,55.42772,05:50:00,2024-02-10
202400002774,03:45,,987,98735,1,1,1,6.0,HITIAA PK 42.100 sur la RT2,-17.59191,-149.306924,03:45:00,2024-11-03
202400002775,16:30,Plein jour,987,98729,2,1,1,7.0,"PK 22 + 400, Haapiti district de Vaiane",-17.56061389,-149.87158701,16:30:00,2024-07-23
202400002776,19:38,,973,97302,2,3,1,1.0,MONTABO (ROUTE DE) 3,4.94392833,-52.30819881,19:38:00,2024-02-10
202400002777,16:50,Plein jour,987,98722,2,1,1,7.0,Faaripo 4 PK15.500,-17.602014,-149.303619,16:50:00,2024-08-22
202400002778,23:14,Nuit avec éclairage,973,97302,1,1,1,6.0,ROUTE NATIONALE 3,4.90473002,-52.31870234,23:14:00,2024-02-09
202400002779,06:20,Nuit sans éclairage,987,98729,1,1,1,1.0,Haapiti,-17.527654,-149.905647,06:20:00,2024-08-11
202400002780,14:40,Plein jour,987,98722,1,1,1,7.0,RT2 PK 32.300 à MAHAENA,-17.5701546,-149.31719542,14:40:00,2024-12-10
202400002781,17:55,,69,69387,2,2,2,3.0,Rue de Gerland,45.7299,4.83804,17:55:00,2024-02-10
202400002782,15:35,Plein jour,88,88068,2,1,7,1.0,519 Chemin de la Gayére,48.309003,6.808263,15:35:00,2024-12-31
202400002783,05:50,Nuit sans éclairage,972,97213,2,6,1,7.0,ROUTE NATIONALE 1,14.62592299,-60.97898742,05:50:00,2024-02-10
202400002784,15:55,Plein jour,88,88181,2,1,7,1.0,D23,48.18652,7.002518,15:55:00,2024-12-27
202400002785,01:10,,972,97213,1,1,1,3.0,ROUTE DEPARTEMENTALE 3,14.61653896,-60.98989992,01:10:00,2024-02-10
202400002786,11:25,Plein jour,88,88099,1,1,7,3.0,D157,48.214851,6.438965,11:25:00,2024-12-27
202400002787,15:30,Plein jour,88,88413,1,1,1,7.0,ROUTE D'HERBAVILLE,48.29201,6.92161,15:30:00,2024-12-24
202400002788,19:20,,88,88413,2,1,1,1.0,THIERS (RUE),48.28632,6.9495,19:20:00,2024-12-17
202400002789,10:30,Plein jour,972,97209,2,1,1,5.0,GENERAL DE GAULLE (BLD DU),14.6059,-61.0652,10:30:00,2024-02-10
202400002790,19:30,,88,88413,2,1,1,1.0,Rue du Petit SAINT-DIE,48.28235,6.94255,19:30:00,2024-12-13
202400002791,18:20,,972,97209,2,1,1,7.0,RD 41 (ROCADE),14.61531,-61.06186,18:20:00,2024-02-09
202400002792,08:10,Plein jour,88,88513,2,2,1,6.0,Chemin des Saules,48.346242,6.325456,08:10:00,2024-12-09
202400002793,18:26,,69,69034,2,1,2,6.0,122 Rue Pasteur,45.79471635,4.84693371,18:26:00,2024-02-10
202400002794,07:00,Nuit sans éclairage,88,88090,1,3,1,3.0,Rue 75 79e Divisions Americaines,48.376364,6.271434,07:00:00,2024-11-21
202400002795,14:55,Plein jour,971,97101,2,1,1,3.0,DOTHEMARE,16.27085,-61.51554,14:55:00,2024-02-09
202400002796,09:40,Plein jour,14,14726,2,1,2,7.0,2 Rue Joseph Requeut,48.852989,-0.675398,09:40:00,2024-05-21
202400002797,20:40,,95,95585,2,6,2,6.0,D316,48.9828919,2.37024765,20:40:00,2024-02-10
202400002798,17:00,Nuit sans éclairage,84,84035,1,1,6,2.0,Route de Gordes,43.850344,5.064654,17:00:00,2024-12-20
202400002799,19:40,,95,95582,2,2,2,6.0,D14,48.97219618,2.25619192,19:40:00,2024-02-10
202400002800,18:00,Nuit sans éclairage,84,84026,1,3,1,4.0,D943,43.716454,5.375517,18:00:00,2024-12-18
202400002801,18:10,,88,88160,2,1,2,3.0,RENAN (RUE ERNEST-),48.18696,6.46454,18:10:00,2024-02-10
202400002802,11:40,Plein jour,84,84116,2,1,1,6.0,Route de Nyons,44.25323,5.094867,11:40:00,2024-12-17
202400002803,05:00,,81,81004,2,1,2,6.0,AGRICULTEURS (DES),43.92429,2.17768,05:00:00,2024-02-10
202400002804,11:10,Plein jour,78,78551,2,1,2,6.0,LYAUTEY (DU MARECHAL),48.894757,2.097214,11:10:00,2024-02-10
202400002805,11:45,Plein jour,84,84086,1,2,1,3.0,Route du Four Neuf,43.835777,5.174668,11:45:00,2024-12-12
202400002806,17:04,Plein jour,78,78146,2,1,2,1.0,MAISONS (ROUTE DE),48.90432,2.15209,17:04:00,2024-02-09
202400002807,18:27,Nuit sans éclairage,84,84118,1,4,1,6.0,D943,43.919118,5.383108,18:27:00,2024-12-09
202400002808,16:50,Plein jour,77,77438,2,1,2,6.0,COURTILLIERE (AVENUE DE LA ),48.8681,2.6761,16:50:00,2024-02-09
202400002809,12:38,Plein jour,84,84092,1,3,1,3.0,Route departementale D907,43.976561,4.858055,12:38:00,2024-12-04
202400002810,19:30,Nuit sans éclairage,76,76319,1,1,2,3.0,D938,49.3418,1.01392,19:30:00,2024-02-10
202400002811,18:00,Nuit sans éclairage,84,84099,1,1,1,1.0,Route de Gordes,43.870596,5.131345,18:00:00,2024-11-25
202400002812,19:45,Crépuscule,71,71486,2,1,1,6.0,JEAN DIDIER (RUE),46.6545,4.3442,19:45:00,2024-02-10
202400002813,07:20,Crépuscule,84,84043,2,9,1,6.0,Route d'Avignon,44.000722,4.920529,07:20:00,2024-11-21
202400002814,13:45,Plein jour,69,69271,2,1,3,6.0,Avenue du Dauphiné,45.73270464,4.97081668,13:45:00,2024-02-10
202400002815,18:30,Nuit sans éclairage,66,66136,1,1,1,2.0,Unknown,42.6764,2.86731,18:30:00,2024-02-09
202400002816,18:15,Nuit sans éclairage,84,84150,1,1,1,1.0,D 20 Route de Richerenches,44.322727,4.939578,18:15:00,2024-11-19
202400002817,19:50,,62,62270,2,1,3,6.0,D841,50.47125405,2.5180943,19:50:00,2024-02-10
202400002818,14:30,Plein jour,84,84025,2,1,1,3.0,297 Route d?Apt,43.868132,5.147557,14:30:00,2024-11-10
202400002819,18:30,,59,59098,1,1,2,6.0,AUGER (RUE),50.76652,3.08635,18:30:00,2024-02-10
202400002820,13:00,Plein jour,84,84003,1,1,1,6.0,d22,43.904185,5.435679,13:00:00,2024-10-20
202400002821,15:15,Plein jour,59,59350,2,2,1,3.0,Rue de Wazemmes,50.6227,3.06413,15:15:00,2024-02-09
202400002822,14:10,Plein jour,84,84051,1,1,1,5.0,D 145,43.859798,5.260112,14:10:00,2024-09-29
202400002823,18:45,,54,54395,2,1,2,6.0,viaduc Louis Marin,48.700657,6.185324,18:45:00,2024-02-10
202400002824,09:30,Plein jour,84,84072,1,2,1,3.0,Route de Blauvac,44.044753,5.151646,09:30:00,2024-09-11
202400002825,14:07,Plein jour,51,51454,2,1,2,6.0,MAISON BLANCHE (RUE) DU N°1 AU 73 ET DU,49.238835,4.030635,14:07:00,2024-02-10
202400002826,02:50,,51,51454,2,1,1,6.0,JAURES (AVENUE JEAN ) DU N° 61 A FIN,49.25947,4.045,02:50:00,2024-02-10
202400002827,12:00,Plein jour,84,84030,2,9,1,1.0,225 Avenue de l?Europe,44.10709,5.10559,12:00:00,2024-08-28
202400002828,20:15,,51,51454,2,1,2,6.0,HENRI IV (RUE),49.25939,4.03111,20:15:00,2024-02-09
202400002829,16:50,Plein jour,84,84138,2,9,1,6.0,18 cours Victor Hugo,44.386366,4.989834,16:50:00,2024-07-23
202400002830,16:35,Plein jour,51,51454,2,1,1,6.0,LUNDY (BOULEVARD),49.259318,4.037006,16:35:00,2024-02-09
202400002831,07:50,Crépuscule,46,46042,1,1,2,1.0,VIEILLE ROUTE DE PARIS,44.49763,1.45139,07:50:00,2024-02-09
202400002832,16:49,Plein jour,28,28415,1,1,5,4.0,La Cote sous le Bois du Pr,48.684133,1.448586,16:49:00,2024-12-27
202400002833,18:45,,44,44143,2,9,2,6.0,121 Rue du Château d'Eau,47.16857,-1.54275,18:45:00,2024-02-10
202400002834,01:30,Nuit sans éclairage,33,33143,1,1,2,4.0,Unknown,44.9688,-0.43658,01:30:00,2024-12-25
202400002835,00:05,Nuit sans éclairage,14,14543,1,1,1,7.0,Route de Bayeux,49.19996318,-0.48401716,00:05:00,2024-12-12
202400002836,15:25,Plein jour,35,35055,2,6,1,3.0,LOGES (RUE DES),48.09003,-1.62339,15:25:00,2024-02-10
202400002837,18:40,Nuit sans éclairage,972,97213,1,1,1,3.0,ROUTE DEPARTEMENTALE 15,14.63213,-61.00837,18:40:00,2024-10-30
202400002838,18:40,,34,34172,2,3,8,1.0,LA BLOTTIERE (RUE),43.61116,3.87195,18:40:00,2024-02-10
202400002839,16:34,Plein jour,972,97213,1,1,1,2.0,ROUTE NATIONALE 1,14.61705,-61.00839,16:34:00,2024-10-23
202400002840,05:30,,34,34172,2,1,3,7.0,MONDIAL 98 (AVENUE DU),43.60296,3.90527,05:30:00,2024-02-10
202400002841,20:25,Nuit sans éclairage,972,97213,1,1,9,1.0,ROUTE NATIONALE 1,14.64255,-60.97628,20:25:00,2024-09-08
202400002842,19:15,,33,33063,2,1,2,3.0,Unknown,44.83849,-0.621579,19:15:00,2024-02-10
202400002843,20:58,,972,97213,2,2,1,3.0,HARDY DE SAINT-OMER (RUE),14.615573,-61.001052,20:58:00,2024-08-15
202400002844,11:00,Plein jour,33,33063,2,1,1,3.0,Unknown,44.84789,-0.54765,11:00:00,2024-02-10
202400002845,14:25,Plein jour,972,97213,1,1,1,2.0,AUTOROUTE A1,14.61818,-61.03456,14:25:00,2024-08-03
202400002846,20:25,Nuit sans éclairage,30,30243,1,1,2,7.0,753 montée des Cyprès,44.097962,4.080638,20:25:00,2024-02-09
202400002847,18:00,Crépuscule,972,97213,1,1,1,6.0,ROUTE DEPARTEMENTALE 3,14.66842,-60.99314,18:00:00,2024-07-16
202400002848,16:00,Plein jour,28,28404,2,9,2,6.0,NUISEMENT (CHEMIN DE),48.72011,1.37356,16:00:00,2024-02-10
202400002849,19:15,Plein jour,62,62133,2,1,1,6.0,Rue Danton,50.42256971,2.91693766,19:15:00,2024-09-20
202400002850,15:10,Plein jour,28,28134,1,1,1,4.0,RN 12 (DESCENTE ET PONT FERMAINCOURT),48.74658,1.38225,15:10:00,2024-02-09
202400002851,10:25,Plein jour,27,27351,2,1,2,6.0,FORET (RUE DE LA),49.236504,1.176557,10:25:00,2024-02-10
202400002852,17:43,Plein jour,49,49248,1,2,1,3.0,Le Tremblay,47.660618,-1.091509,17:43:00,2024-04-26
202400002853,15:00,Plein jour,14,14118,2,6,1,2.0,Rue d'Auge,49.17467,-0.35335,15:00:00,2024-02-10
202400002854,09:30,Plein jour,91,91552,1,1,1,5.0,RTE NATIONALE 20,48.60577,2.24987,09:30:00,2024-11-30
202400002855,23:27,,13,13203,2,1,1,1.0,BOUES (BOULEVARD),43.31184,5.38238,23:27:00,2024-02-10
202400002856,08:23,Plein jour,91,91333,2,7,8,6.0,RUE PIERRE CURIE,48.61562,2.26104,08:23:00,2024-11-21
202400002857,20:10,,13,13206,2,2,1,3.0,BAILLE (BOULEVARD),43.28832,5.39277,20:10:00,2024-02-10
202400002858,19:52,,91,91549,2,7,1,6.0,PRESIDENT FRANKLIN ROOSEVELT (PL.DU),48.65293,2.31434,19:52:00,2024-11-08
202400002859,18:00,,13,13209,2,1,2,3.0,EMILE ZOLA (RUE),43.24798,5.39959,18:00:00,2024-02-09
202400002860,07:00,,06,06088,2,1,3,6.0,Promenade des Anglais,43.68675,7.23753,07:00:00,2024-02-10
202400002861,07:40,Nuit sans éclairage,57,57416,1,1,1,4.0,Autoroute A31,48.990598,6.104783,07:40:00,2024-12-06
202400002862,22:35,,75,75116,2,1,1,5.0,PORTE MAILLOT,48.876323,2.278525,22:35:00,2024-02-09
202400002863,17:25,Nuit sans éclairage,57,57647,1,9,8,3.0,Autoroute A30,49.31833673,6.07588654,17:25:00,2024-12-04
202400002864,22:35,,75,75108,2,2,3,6.0,PLACE SAINT AUGUSTIN,48.875683,2.319586,22:35:00,2024-02-08
202400002865,19:00,Plein jour,2A,2A330,1,1,1,7.0,rt20,42.0668174,8.97887707,19:00:00,2024-08-26
202400002866,21:05,,75,75119,2,3,2,1.0,RUE DU MAROC,48.887329,2.36706,21:05:00,2024-02-10
202400002867,23:50,,72,72181,2,6,8,3.0,DEMORIEUX (BD) ENTRE HUISNE ET RD-POINT,47.99822,0.1886,23:50:00,2024-09-12
202400002868,18:40,,75,75119,2,3,2,7.0,AVENUE CORENTIN CARIOU,48.89513,2.382756,18:40:00,2024-02-10
202400002869,22:25,Nuit sans éclairage,59,59153,1,1,1,1.0,D935,50.445,3.59,22:25:00,2024-10-22
202400002870,22:20,Nuit sans éclairage,13,13215,1,1,1,7.0,A55-Sens Marseille vers Martigues,43.32627247,5.35990923,22:20:00,2024-12-30
202400002871,23:40,,75,75118,2,1,1,5.0,BOULEVARD DE ROCHECHOUART,48.8838,2.349032,23:40:00,2024-02-09
202400002872,14:55,Plein jour,73,73008,2,1,2,6.0,SIMOND ST AVENUE,45.70693204,5.91494598,14:55:00,2024-11-19
202400002873,19:30,,75,75117,2,2,1,6.0,BOULEVARD DE COURCELLES,48.878661,2.300855,19:30:00,2024-02-10
202400002874,08:00,Crépuscule,78,78158,2,1,2,6.0,Unknown,48.825552,2.122841,08:00:00,2024-12-17
202400002875,03:15,,75,75117,2,3,1,6.0,AVENUE DES TERNES,48.878347,2.2956,03:15:00,2024-02-10
202400002876,18:55,,22,22161,2,3,1,1.0,Rue Désiré le Bonniec,48.565025,-3.142562,18:55:00,2024-12-28
202400002877,19:15,,75,75115,2,2,2,6.0,AVENUE DE SUFFREN,48.849419,2.303786,19:15:00,2024-02-09
202400002878,07:10,,22,22176,2,6,1,3.0,rond point de bembridge,48.447522,-2.747526,07:10:00,2024-12-30
202400002879,17:55,Plein jour,75,75108,2,2,2,6.0,AVENUE FRANKLIN D ROOSEVELT,48.872565,2.310041,17:55:00,2024-02-10
202400002880,21:00,Nuit sans éclairage,22,22171,1,1,2,3.0,ldit le colombier,48.403402,-2.823985,21:00:00,2024-12-03
202400002881,01:55,,75,75108,2,2,1,3.0,RUE LA BOETIE,48.873693,2.31466,01:55:00,2024-02-10
202400002882,15:30,Plein jour,22,22045,1,3,8,3.0,Kerlabo,48.44501,-2.947973,15:30:00,2024-12-30
202400002883,19:00,,94,94003,2,1,2,2.0,65 Avenue Paul Vaillant-Couturier,48.79912,2.344954,19:00:00,2024-02-10
202400002884,14:50,Plein jour,94,94076,2,1,2,1.0,90 Rue de Chevilly,48.78264757,2.35518386,14:50:00,2024-02-10
202400002885,23:20,Nuit sans éclairage,71,71040,1,1,1,3.0,RN 70 (ROUTE EXPRESS),46.69173,4.37877,23:20:00,2024-11-08
202400002886,06:48,,93,93064,2,9,2,6.0,Avenue du Général de Gaulle / A86,48.881732,2.476351,06:48:00,2024-02-09
202400002887,11:34,Plein jour,39,39078,1,2,1,3.0,Unknown,47.105843,5.518076,11:34:00,2024-07-20
202400002888,03:15,,93,93006,2,2,1,3.0,Rue Robespierre / Rue Victor Hugo,48.85804347,2.42155999,03:15:00,2024-02-10
202400002889,16:25,Plein jour,43,43012,2,6,1,3.0,Avenue de Firminy,45.371176,4.20697,16:25:00,2024-11-08
202400002890,12:45,Plein jour,92,92046,2,1,2,6.0,PIERRE VALETTE (RUE),48.816601,2.30216861,12:45:00,2024-02-10
202400002891,19:40,Crépuscule,59,59360,2,8,1,6.0,rue Jules Ferry,50.613582,3.024681,19:40:00,2024-11-15
202400002892,16:30,Plein jour,92,92051,2,1,2,6.0,"CHARLES DE GAULLE (AVENUE,N°118 A 192 +",48.8827696,2.26755363,16:30:00,2024-02-10
202400002893,07:50,Plein jour,84,84087,2,1,1,1.0,FOCH (AVENUE MARECHAL),44.133,4.8,07:50:00,2024-12-12
202400002894,12:00,Plein jour,92,92050,2,7,2,6.0,FOCH MARECHAL PLACE DU,48.88827,2.19345,12:00:00,2024-02-10
202400002895,07:40,,60,60057,2,1,2,1.0,Avenue Président J.F. Kennedy,49.42382,2.10542,07:40:00,2024-12-30
202400002896,13:15,Plein jour,92,92049,2,3,2,3.0,DORMOY AVENUE MARX N°102 A FIN,48.81068967,2.30792373,13:15:00,2024-02-10
202400002897,02:23,Nuit sans éclairage,28,28417,1,1,2,6.0,D983,48.614569,1.54918,02:23:00,2024-11-15
202400002898,07:10,,92,92020,2,1,1,7.0,PAIX AVENUE DE LA N°1 A 55 ET 2 A 70,48.805552,2.28327702,07:10:00,2024-02-10
202400002899,20:20,,92,92012,2,1,2,3.0,GEORGES GORSE (QUAI),48.82488913,2.23508584,20:20:00,2024-02-10
202400002900,16:30,Plein jour,84,84031,2,3,1,3.0,COUBERTIN AVENUE PIERRE DE,44.03261,5.05803,16:30:00,2024-11-28
202400002901,18:32,Nuit sans éclairage,84,84080,1,1,1,6.0,PERNES ROUTE DE,44.02172,5.02353,18:32:00,2024-11-22
202400002902,17:40,Crépuscule,92,92004,2,2,2,3.0,MARNE   ( AVENUE DE LA ),48.90616456,2.28134823,17:40:00,2024-02-09
202400002903,08:45,Plein jour,51,51040,2,1,1,6.0,Avenue Michel,48.798182,4.665812,08:45:00,2024-02-11
202400002904,08:20,Plein jour,38,38544,2,1,1,6.0,BERTHELOT(AV),45.53836,4.87196,08:20:00,2024-12-30
202400002905,00:30,Nuit sans éclairage,2A,2A094,1,1,3,6.0,#D757 Corrano#,41.86625479,9.07409415,00:30:00,2024-02-11
202400002906,15:00,Plein jour,86,86162,1,1,8,6.0,Boué,46.925458,0.4503,15:00:00,2024-02-11
202400002907,12:00,Plein jour,38,38544,2,6,1,3.0,D41,45.51818,4.91808,12:00:00,2024-12-16
202400002908,20:05,Nuit sans éclairage,11,11069,1,1,1,2.0,A61,43.196323,2.2964,20:05:00,2024-02-10
202400002909,18:20,Nuit sans éclairage,38,38516,2,1,1,3.0,Avenue Maréchal Randon,45.201,5.74175,18:20:00,2024-11-15
202400002910,19:00,Nuit sans éclairage,68,68097,2,1,1,6.0,Route départementale 11,48.169348,7.194457,19:00:00,2024-02-09
202400002911,22:10,,972,97203,2,1,8,6.0,route national 1,14.865611,-61.11138,22:10:00,2024-02-10
202400002912,11:20,Plein jour,987,98724,2,1,1,2.0,"RT 111, district de Fitii  - Face boulagerie LICHON",-16.736619,-151.031628,11:20:00,2024-11-19
202400002913,13:15,Plein jour,62,62160,2,9,1,3.0,Boulevard de l’Europe,50.71388092,1.60310823,13:15:00,2024-12-26
202400002914,15:00,Plein jour,30,30209,1,6,1,1.0,Unknown,43.987772,4.747427,15:00:00,2024-02-11
202400002915,16:00,Plein jour,62,62758,2,3,1,6.0,Route de Saint Omer,50.72547196,1.62468821,16:00:00,2024-12-20
202400002916,05:45,Nuit sans éclairage,83,83131,1,1,1,1.0,Route Départementale 554,43.224849,6.021575,05:45:00,2024-02-11
202400002917,22:50,Nuit sans éclairage,62,62194,2,1,8,7.0,Rue de Wavrans,50.48799,2.49494,22:50:00,2024-12-14
202400002918,21:18,Nuit sans éclairage,62,62611,1,1,1,6.0,D5,50.237544,2.825654,21:18:00,2024-02-10
202400002919,12:00,Plein jour,56,56034,1,1,1,7.0,Route de Kerloquet,47.598878,-3.059864,12:00:00,2024-02-11
202400002920,18:30,Nuit avec éclairage,62,62555,2,1,1,6.0,D70,50.50390188,2.51024179,18:30:00,2024-11-15
202400002921,20:20,Nuit sans éclairage,80,80522,1,1,2,6.0,D211,49.876006,1.772272,20:20:00,2024-02-10
202400002922,01:00,Nuit sans éclairage,11,11254,1,1,2,6.0,route départementale 119,43.19163,2.10226,01:00:00,2024-02-11
202400002923,08:30,Plein jour,61,61028,1,1,2,6.0,D909,48.826927,-0.240669,08:30:00,2024-02-10
202400002924,12:10,Plein jour,25,25586,1,1,2,7.0,la Bégelle,47.463148,6.889318,12:10:00,2024-02-11
202400002925,19:35,Nuit sans éclairage,44,44067,1,1,1,6.0,21 la Belle Epine de Gascaigne,47.617237,-1.823934,19:35:00,2024-02-11
202400002926,17:50,,44,44132,1,1,1,3.0,Route de Guérande,47.279068,-2.30092477,17:50:00,2024-12-12
202400002927,20:35,Nuit sans éclairage,44,44146,1,1,1,7.0,Le Hypean,47.774633,-1.455646,20:35:00,2024-02-10
202400002928,23:30,Nuit sans éclairage,32,32446,2,1,3,7.0,D3,43.476747,0.273499,23:30:00,2024-12-21
202400002929,05:30,Nuit sans éclairage,29,29244,1,1,2,2.0,D32,48.53113232,-4.17850299,05:30:00,2024-02-07
202400002930,04:50,,31,31033,2,1,1,6.0,21 Boulevard Notre Dame,43.342058,1.486321,04:50:00,2024-02-11
202400002931,17:15,Plein jour,32,32319,2,1,1,1.0,Rue de Barbat,43.604767,0.043591,17:15:00,2024-11-06
202400002932,11:00,Plein jour,38,38439,1,1,2,6.0,d525,45.367871,6.044047,11:00:00,2024-02-10
202400002933,11:30,Plein jour,43,43154,1,1,1,1.0,N88,44.76337233,3.88501083,11:30:00,2024-12-31
202400002934,18:00,Crépuscule,02,02748,1,1,2,6.0,Route de Dormans,49.07803,3.628482,18:00:00,2024-02-10
202400002935,19:40,Plein jour,91,91521,2,3,1,3.0,Rue Edmond Bonté,48.65675,2.40976,19:40:00,2024-07-18
202400002936,07:40,Plein jour,72,72071,2,1,1,6.0,5 Chemin de Goulard,47.68462,0.417836,07:40:00,2024-02-11
202400002937,19:40,,62,62194,2,2,1,1.0,RUE DE CALONNE,50.49425789,2.47850516,19:40:00,2024-12-24
202400002938,02:00,Nuit sans éclairage,60,60026,1,2,1,3.0,RD 149,49.574803,2.11033,02:00:00,2024-02-11
202400002939,17:50,Plein jour,43,43218,1,1,1,1.0,PK 47+300 RN 88,45.064352,4.008958,17:50:00,2024-02-11
202400002940,19:40,Nuit sans éclairage,16,16137,1,1,1,6.0,cd 4,45.607718,0.475867,19:40:00,2024-02-11
202400002941,15:00,Plein jour,07,07313,1,1,3,6.0,D820,45.310451,4.755321,15:00:00,2024-02-11
202400002942,20:10,Nuit sans éclairage,17,17291,1,1,1,2.0,N11,46.172231,-1.120051,20:10:00,2024-10-14
202400002943,19:40,,08,08282,2,1,2,6.0,Unknown,49.866369,4.432801,19:40:00,2024-02-09
202400002944,21:50,Nuit avec éclairage,01,01274,1,1,2,6.0,"Autoroute A40, sens MACON/GENEVE, au PK 115+100",46.161013,5.652705,21:50:00,2024-02-08
202400002945,19:15,Nuit sans éclairage,32,32296,1,1,2,3.0,D931 PK65+584,43.755357,-0.045018,19:15:00,2024-10-26
202400002946,18:35,Nuit sans éclairage,42,42279,1,1,1,2.0,D498,45.514042,4.224088,18:35:00,2024-02-11
202400002947,14:46,Plein jour,13,13117,2,3,1,2.0,MOULIN ( AVENUE JEAN),43.45540945,5.24483446,14:46:00,2024-11-17
202400002948,16:30,Plein jour,976,97613,2,1,2,6.0,Rue de College - Chembenyoumba,-12.757635,45.079967,16:30:00,2024-02-09
202400002949,22:30,,75,75117,2,3,1,3.0,AVENUE DE LA PORTE DE CLICHY,48.89449,2.31341,22:30:00,2024-03-17
202400002950,07:15,Crépuscule,69,69268,1,1,1,1.0,Route Départementale 386,45.641168,4.754076,07:15:00,2024-02-11
202400002951,17:00,Plein jour,13,13114,1,1,1,2.0,Ancien Chemin d?Aix Bas,43.543252,5.324684,17:00:00,2024-02-11
202400002952,17:40,Nuit sans éclairage,38,38053,1,1,5,4.0,JOLIOT CURIE,45.58891,5.26149,17:40:00,2024-12-27
202400002953,13:55,Plein jour,62,62079,1,1,2,6.0,A1,50.09956294,2.87168957,13:55:00,2024-02-11
202400002954,15:50,Plein jour,74,74281,2,1,7,6.0,RONDE (CHEMIN DE),46.37052,6.48824,15:50:00,2024-11-26
202400002955,03:15,Nuit sans éclairage,977,97701,1,1,2,6.0,Route de St Jean,17.902976,-62.832098,03:15:00,2024-02-11
202400002956,14:50,Plein jour,74,74159,1,1,8,1.0,D1205,46.03896,6.61113,14:50:00,2024-12-28
202400002957,02:00,,74,74116,1,3,2,3.0,D1203,46.054778,6.284802,02:00:00,2024-12-15
202400002958,19:30,Nuit sans éclairage,34,34344,1,1,1,5.0,D62,43.567243,4.062501,19:30:00,2024-02-09
202400002959,17:20,Nuit sans éclairage,74,74282,2,1,1,1.0,2806 Route Impériale,45.985677,6.129405,17:20:00,2024-12-18
202400002960,06:00,Nuit sans éclairage,83,83068,1,1,3,1.0,Route Départementale N°558,43.27393532,6.51322065,06:00:00,2024-02-10
202400002961,15:07,Plein jour,06,06070,1,1,1,7.0,Route de Gentelly,43.802064,6.902009,15:07:00,2024-02-11
202400002962,12:05,Plein jour,74,74264,2,2,1,1.0,29 Avenue de la colombière,46.053942,6.558092,12:05:00,2024-12-03
202400002963,17:30,,74,74264,2,1,2,7.0,Avenue du mont blanc,46.057148,6.551639,17:30:00,2024-12-02
202400002964,11:38,Plein jour,13,13014,1,1,1,7.0,Voie Jean Pierre Lyon,43.520341,5.172023,11:38:00,2024-02-11
202400002965,14:45,Plein jour,57,57303,2,3,1,3.0,Route de maizières,49.216994,6.170669,14:45:00,2024-02-10
202400002966,20:15,Nuit sans éclairage,14,14227,1,1,1,5.0,Route de Lisieux,49.273433,-0.022155,20:15:00,2024-11-02
202400002967,23:45,Nuit sans éclairage,73,73307,1,1,1,7.0,Rue de la Chenalette,45.177522,6.487883,23:45:00,2024-02-10
202400002968,06:30,Crépuscule,42,42089,1,1,2,6.0,1400 Route des Everts,45.622768,3.977984,06:30:00,2024-02-11