Num_Acc,hrmn,lum,dep,com,agg,int,atm,col,adr,lat,long,heure,date
202400002969,18:30,,38,38344,2,1,2,6.0,35 Route de Valence,45.360561,4.801116,18:30:00,2024-02-10
202400002970,17:25,Plein jour,971,97107,2,1,1,7.0,USINE (RUE DE L'),16.05189504,-61.56557769,17:25:00,2024-12-29
202400002971,18:40,,33,33473,2,1,2,1.0,Unknown,45.13884,-0.443192,18:40:00,2024-02-08
202400002972,10:00,Plein jour,34,34108,2,6,1,3.0,ROND POINT SALVADOR ALLENDE,43.42325,3.72328,10:00:00,2024-11-29
202400002973,20:46,,78,78190,2,1,1,6.0,Unknown,48.87995,2.14112,20:46:00,2024-12-26
202400002974,23:00,Nuit sans éclairage,59,59535,1,9,1,3.0,Route du Mont Noir,50.769242,2.74128,23:00:00,2024-02-09
202400002975,21:10,Nuit avec éclairage,33,33281,1,1,1,6.0,Unknown,44.83079,-0.67517,21:10:00,2024-09-07
202400002976,06:47,Nuit sans éclairage,13,13071,1,1,3,6.0,A51-Sens Aix en Provence vers Marseille,43.41574,5.36488,06:47:00,2024-02-10
202400002977,19:30,,35,35281,2,2,1,3.0,rue des 25 Fusillés,48.090321,-1.69276,19:30:00,2024-12-06
202400002978,14:00,Plein jour,83,83137,1,1,2,6.0,A57,43.13258891,5.98224062,14:00:00,2024-02-09
202400002979,16:20,Plein jour,35,35178,1,1,1,7.0,Unknown,48.29428,-1.44561,16:20:00,2024-11-27
202400002980,18:02,Nuit sans éclairage,67,67365,1,1,1,4.0,M35,48.53622,7.71089,18:02:00,2024-02-06
202400002981,10:48,Plein jour,49,49015,2,2,2,3.0,Unknown,47.50338,-0.586086,10:48:00,2024-09-25
202400002982,04:40,,33,33487,1,1,3,1.0,Unknown,44.95052,-0.4629,04:40:00,2024-02-10
202400002983,17:30,Plein jour,972,97217,1,1,1,3.0,La Duprey,14.468633,-60.882046,17:30:00,2024-12-01
202400002984,00:45,Nuit avec éclairage,33,33550,1,1,3,6.0,Unknown,44.782443,-0.585315,00:45:00,2024-02-10
202400002985,12:30,Plein jour,61,61339,2,1,2,2.0,D909,48.763887,-0.244606,12:30:00,2024-10-25
202400002986,18:00,Crépuscule,91,91136,1,1,2,6.0,AUTOROUTE A10,48.71069,2.28706,18:00:00,2024-02-10
202400002987,12:55,Plein jour,972,97209,2,1,1,2.0,RD 41 (ROCADE),14.61063,-61.08305,12:55:00,2024-10-27
202400002988,14:25,Plein jour,972,97209,1,1,1,6.0,AUTOROUTE (A1),14.61457,-61.05056,14:25:00,2024-10-29
202400002989,14:30,Plein jour,78,78640,1,1,2,6.0,A86 INT,48.778086,2.213409,14:30:00,2024-02-10
202400002990,23:54,,972,97213,1,1,2,2.0,AUTOROUTE A1,14.60705,-61.00425,23:54:00,2024-10-27
202400002991,18:46,Nuit sans éclairage,972,97213,1,1,1,1.0,ROUTE DEPARTEMENTALE 3,14.62667,-60.98839,18:46:00,2024-10-26
202400002992,15:30,Plein jour,78,78321,1,1,3,6.0,RN12 INT,48.798756,1.915542,15:30:00,2024-02-10
202400002993,06:45,Plein jour,972,97213,1,1,1,2.0,ROUTE NATIONALE 5,14.59664,-60.99582,06:45:00,2024-10-18
202400002994,09:00,Plein jour,972,97209,2,1,1,5.0,REDOUTE (ROUTE DE LA),14.62,-61.06,09:00:00,2024-10-17
202400002995,14:35,Plein jour,972,97209,2,1,1,2.0,RD 41 (ROCADE),14.61216,-61.07713,14:35:00,2024-10-16
202400002996,17:45,Crépuscule,92,92036,1,1,2,2.0,AUTOROUTE A15,48.93788866,2.29766722,17:45:00,2024-02-10
202400002997,10:00,Plein jour,95,95241,1,1,2,6.0,N104,49.04663178,2.45596073,10:00:00,2024-02-10
202400002998,08:15,Plein jour,972,97213,1,2,1,3.0,ROUTE DEPARTEMENTALE 3,14.6215,-60.9882,08:15:00,2024-10-09
202400002999,05:00,Nuit sans éclairage,95,95277,1,1,1,2.0,A3,48.97696983,2.49221556,05:00:00,2024-02-10
202400003000,23:00,,988,98818,2,1,1,1.0,RUE ADOLPHE ET LOUISE LAPLAGNE,-22.25939,166.46691,23:00:00,2024-02-09
202400003001,19:10,Nuit sans éclairage,972,97213,1,1,1,4.0,ROUTE NATIONALE 5,14.59645,-60.99402,19:10:00,2024-10-08
202400003002,06:15,Crépuscule,974,97407,1,9,1,7.0,ROUTE DU SACRE COEUR,-20.9543,55.30865,06:15:00,2024-02-09
202400003003,06:40,Plein jour,972,97213,1,1,1,2.0,ROUTE NATIONALE 5,14.59572,-60.98576,06:40:00,2024-10-08
202400003004,12:40,Plein jour,973,97302,2,1,1,3.0,BADUEL (ROUTE DE),4.92828491,-52.29318649,12:40:00,2024-02-09
202400003005,02:05,,972,97213,1,1,1,2.0,ROUTE DEPARTEMENTALE 15,14.63138,-61.00831,02:05:00,2024-10-02
202400003006,10:30,Plein jour,973,97302,1,1,1,2.0,ROUTE NATIONALE 1,4.92854,-52.329,10:30:00,2024-02-09
202400003007,06:10,Plein jour,972,97213,1,9,3,6.0,ROUTE DEPARTEMENTALE 15,14.65179,-61.01113,06:10:00,2024-09-26
202400003008,18:20,,972,97209,1,1,1,2.0,RD 41 (ROCADE),14.61662,-61.06037,18:20:00,2024-09-18
202400003009,09:35,Plein jour,973,97302,1,4,1,2.0,ROUTE NATIONALE 1,4.90625327,-52.3217386,09:35:00,2024-02-09
202400003010,18:10,Nuit avec éclairage,972,97213,1,9,1,7.0,AUTOROUTE A1,14.59603,-60.99021,18:10:00,2024-09-15
202400003011,07:45,Plein jour,973,97302,2,1,1,6.0,BADUEL (ROUTE DE),4.93395,-52.31051,07:45:00,2024-02-09
202400003012,05:55,Plein jour,972,97213,1,1,1,3.0,ROUTE DEPARTEMENTALE 3,14.60277,-60.997749,05:55:00,2024-09-10
202400003013,10:50,Plein jour,69,69387,2,2,2,3.0,Avenue Tony Garnier,45.72673203,4.83084619,10:50:00,2024-02-09
202400003014,13:10,Plein jour,972,97209,1,4,1,6.0,RD 41,14.61617,-61.07192,13:10:00,2024-08-23
202400003015,01:00,Nuit avec éclairage,972,97213,1,1,1,7.0,ROUTE DEPARTEMENTALE 3,14.61390201,-60.99459915,01:00:00,2024-02-09
202400003016,10:15,Plein jour,972,97213,2,1,1,3.0,ROUTE DEPARTEMENTALE 13,14.6344,-61.01618,10:15:00,2024-08-18
202400003017,14:45,Plein jour,2B,2B037,2,1,1,2.0,TOUTES RUES,42.61988,9.43763,14:45:00,2024-02-09
202400003018,16:30,Plein jour,972,97213,1,1,1,3.0,AUTOROUTE A1,14.61795,-61.03171,16:30:00,2024-08-07
202400003019,10:35,Plein jour,2B,2B033,2,1,1,6.0,SAMPIERO CORSO - AV,42.67253,9.44354,10:35:00,2024-02-09
202400003020,12:45,Plein jour,972,97213,1,3,1,3.0,ROUTE DEPARTEMENTALE 15,14.63854,-61.0101,12:45:00,2024-07-30
202400003021,09:45,Plein jour,971,97120,1,1,1,3.0,GERTY ARCHIMEDE (RESIDENCE),16.25066,-61.54397,09:45:00,2024-02-08
202400003022,15:05,Plein jour,81,81002,1,6,1,3.0,N112,43.511153,2.334935,15:05:00,2024-10-25
202400003023,16:03,Plein jour,2A,2A004,2,9,2,3.0,ALATA ROUTE,41.93552,8.73621,16:03:00,2024-02-09
202400003024,17:15,Crépuscule,80,80160,1,1,7,5.0,A29 - PK 198 - Sens LONGUEAU - DURY,49.853141,2.355618,17:15:00,2024-10-28
202400003025,07:30,Nuit sans éclairage,95,95500,2,3,8,6.0,D915,49.04484,2.07671,07:30:00,2024-02-09
202400003026,23:45,Nuit sans éclairage,28,28229,1,3,2,2.0,D939,48.464026,1.428268,23:45:00,2024-12-28
202400003027,19:00,,91,91471,2,9,1,6.0,LOUISE WEISS (RUE),48.70608,2.1915,19:00:00,2024-02-09
202400003028,23:00,Nuit sans éclairage,28,28405,1,2,5,2.0,N12,48.748758,1.269103,23:00:00,2024-12-27
202400003029,05:20,,91,91434,2,2,1,3.0,COMPIEGNE (VOIE DE),48.661687,2.362774,05:20:00,2024-02-09
202400003030,11:50,Plein jour,38,38563,2,1,7,6.0,Avenue Docteur Valois,45.3579,5.59257,11:50:00,2024-12-12
202400003031,11:45,Plein jour,83,83137,2,4,1,3.0,LOUVOIS (BD),43.12937,5.93022,11:45:00,2024-02-08
202400003032,14:05,Plein jour,78,78640,2,1,1,6.0,EUROPE (AVENUE DE L'),48.784965,2.221869,14:05:00,2024-01-11
202400003033,18:45,,38,38563,2,1,1,1.0,Avenue de Paviot,45.35159,5.59025,18:45:00,2024-12-21
202400003034,13:30,Plein jour,24,24557,2,1,1,6.0,GRANDOU (AVENUE MICHEL),45.18844,0.75932,13:30:00,2024-11-06
202400003035,10:30,Plein jour,91,91286,1,1,1,3.0,AUTOROUTE A6,48.64819,2.38635,10:30:00,2024-06-07
202400003036,07:30,Nuit sans éclairage,84,84095,1,1,1,2.0,Jas de Puyvert,43.750226,5.332628,07:30:00,2024-12-06
202400003037,08:50,Plein jour,91,91589,1,1,1,2.0,AUTOROUTE A6,48.67662,2.34012,08:50:00,2024-06-07
202400003038,20:45,,72,72181,2,1,2,3.0,PADERBORN (AV) CONTRE ALLEE,48.0081,0.19957,20:45:00,2024-02-09
202400003039,23:40,,84,84087,1,1,1,3.0,FONTANELLE (CHEMIN),44.11041,4.84927,23:40:00,2024-11-29
202400003040,18:45,Plein jour,92,92036,1,1,1,2.0,A86,48.93684568,2.29256988,18:45:00,2024-06-06
202400003041,20:15,,72,72181,2,1,2,2.0,RUBILLARD AV N° PAIRS 2 A 116,48.01199,0.18473,20:15:00,2024-02-08
202400003042,16:40,Plein jour,74,74281,2,1,1,1.0,EVIAN (AVENUE D'),46.375,6.4838,16:40:00,2024-12-01
202400003043,04:00,,38,38563,1,6,9,6.0,rocade ouest,45.37871883,5.57182789,04:00:00,2024-11-23
202400003044,12:30,Plein jour,78,78242,1,1,1,2.0,A12 Y,48.804889,2.049999,12:30:00,2024-06-06
202400003045,12:35,Plein jour,71,71306,2,1,1,6.0,ALOUETTES (AVENUE DES),46.68035174,4.36440307,12:35:00,2024-02-09
202400003046,16:00,Plein jour,75,75118,2,1,3,3.0,BOULEVARD DE LA CHAPELLE,48.884539,2.362645,16:00:00,2024-11-19
202400003047,15:35,Plein jour,71,71270,2,6,3,3.0,Rond point des médaillers militaires,46.3238,4.82667,15:35:00,2024-02-09
202400003048,11:05,Plein jour,93,93053,1,1,1,2.0,A86,48.89937884,2.46926068,11:05:00,2024-06-07
202400003049,06:50,,93,93007,2,3,2,2.0,Avenue Descartes / Rue Edouard Renault,48.94994053,2.46395999,06:50:00,2024-12-25
202400003050,16:55,Plein jour,71,71076,2,1,1,3.0,LOUIS JACQUES THENARD (RUE),46.81223943,4.84923767,16:55:00,2024-02-08
202400003051,11:30,Plein jour,93,93027,1,1,1,2.0,A86,48.92521284,2.39306196,11:30:00,2024-06-07
202400003052,10:04,Plein jour,93,93007,2,1,1,6.0,CHARLES FLOQUET (AVENUE),48.94003,2.44117,10:04:00,2024-12-15
202400003053,11:30,Plein jour,93,93001,1,1,1,2.0,A86,48.9213055,2.37563789,11:30:00,2024-06-07
202400003054,19:50,Crépuscule,69,69276,1,6,2,2.0,Route Départementale 312,45.67886,4.85029,19:50:00,2024-02-09
202400003055,22:00,,93,93007,2,1,2,3.0,PASTEUR (AVENUE),48.94250417,2.4671874,22:00:00,2024-12-08
202400003056,18:20,Plein jour,93,93007,2,1,2,6.0,DANIEL CASANOVA (CITE),48.92120826,2.47359881,18:20:00,2024-10-08
202400003057,07:10,Plein jour,93,93066,1,1,1,5.0,A86,48.92279921,2.3485996,07:10:00,2024-06-07
202400003058,14:25,Plein jour,69,69029,2,1,1,3.0,Boulevard des Droits de l'Homme,45.72937,4.92919,14:25:00,2024-02-08
202400003059,13:45,Plein jour,93,93007,2,3,1,3.0,Avenue Paul Vaillant Couturier,48.9267,2.4714,13:45:00,2024-08-21
202400003060,18:15,Nuit sans éclairage,67,67267,2,3,2,6.0,MOLKENBRONN (RUE DU),48.56424,7.69485,18:15:00,2024-02-09
202400003061,02:50,Nuit avec éclairage,93,93048,1,1,1,2.0,A3,48.87018346,2.43076748,02:50:00,2024-06-07
202400003062,17:30,Plein jour,93,93007,2,3,1,3.0,Avenue de la République / Rue Richard Wagner,48.93554123,2.46850515,17:30:00,2024-07-19
202400003063,02:10,,93,93007,2,3,1,6.0,PASTEUR (AVENUE),48.93967,2.47178,02:10:00,2024-07-18
202400003064,16:30,Plein jour,67,67482,2,9,2,5.0,M35 (BRETELLE ECHANGEUR),48.595014,7.741957,16:30:00,2024-02-09
202400003065,07:15,Crépuscule,17,17224,1,2,1,3.0,RD 939 / RD 121,45.878096,-0.316806,07:15:00,2024-10-21
202400003066,19:30,,84,84031,2,6,1,3.0,EISENHOWER AVENUE DWIGHT,44.03437,5.05109,19:30:00,2024-02-16
202400003067,17:40,Plein jour,93,93007,2,1,1,3.0,Avenue de la Division Leclerc,48.94688,2.45945,17:40:00,2024-07-17
202400003068,09:00,Plein jour,974,97411,2,1,1,7.0,MONTHYON (RUE),-20.88694,55.45744,09:00:00,2024-06-06
202400003069,14:15,Plein jour,67,67482,2,8,1,3.0,VOSGES (AVENUE DES),48.58862,7.75477,14:15:00,2024-02-09
202400003070,15:30,Plein jour,87,87103,2,1,1,6.0,17 Rue du Collège,46.007511,1.168912,15:30:00,2024-10-23
202400003071,18:40,Plein jour,93,93007,2,2,1,3.0,Avenue du Capitaine Fonck / Avenue Marcel Alizard,48.94656,2.44614,18:40:00,2024-07-16
202400003072,15:00,Plein jour,65,65226,1,1,1,6.0,PAU (ROUTE DE),43.2393,0.01869,15:00:00,2024-02-09
202400003073,13:25,Plein jour,973,97302,2,6,1,3.0,BADUEL (ROND POINT DE),4.9331066,-52.30926919,13:25:00,2024-06-06
202400003074,07:36,Crépuscule,08,08491,1,1,5,6.0,RD5,49.742451,4.857486,07:36:00,2024-10-24
202400003075,18:45,Nuit sans éclairage,73,73010,1,1,1,6.0,Route de Droisette,45.756584,5.95856,18:45:00,2024-12-15
202400003076,08:10,Plein jour,64,64024,2,6,2,2.0,COMPAGNET (GIRATOIRE DE),43.46021,-1.49625,08:10:00,2024-02-09
202400003077,08:00,Plein jour,973,97302,2,3,1,3.0,ZEPHIR (ROCADE),4.93436506,-52.30881608,08:00:00,2024-06-06
202400003078,07:15,Crépuscule,08,08361,1,4,1,3.0,D988,49.851654,4.619601,07:15:00,2024-10-24
202400003079,07:47,Plein jour,63,63113,2,1,1,3.0,BUGHES (PLACE DES),45.78539,3.08589,07:47:00,2024-02-09
202400003080,04:45,Nuit sans éclairage,28,28398,1,1,2,2.0,"Autoroute A11, PK 100+000",48.237087,1.054054,04:45:00,2024-12-31
202400003081,18:30,Plein jour,69,69387,2,4,1,3.0,Rue Domer,45.74668,4.84413,18:30:00,2024-06-06
202400003082,19:25,Nuit sans éclairage,68,68066,1,1,1,3.0,A35 PK 066+200,48.070509,7.385216,19:25:00,2024-10-23
202400003083,18:48,,60,60175,2,1,5,6.0,Square Gerard de Nerval,49.25088,2.47387,18:48:00,2024-12-29
202400003084,11:45,Plein jour,59,59501,2,1,1,4.0,LANOY SUZANNE(RUE),50.377597,3.252069,11:45:00,2024-02-02
202400003085,15:10,Plein jour,69,69383,2,2,2,3.0,Rue Etienne Richerand,45.76129,4.86651,15:10:00,2024-06-06
202400003086,21:29,,57,57672,2,1,1,6.0,AMERIQUE (CHAUSSEE D'),49.37156,6.16456,21:29:00,2024-02-08
202400003087,17:05,Plein jour,972,97209,1,1,1,2.0,AUTOROUTE (A1),14.61627,-61.0436,17:05:00,2024-06-05
202400003088,07:35,Plein jour,987,98715,2,9,1,3.0,Voie d'insertion aéroport de TAHITI-FAA'A,-17.560226,-149.608056,07:35:00,2024-10-22
202400003089,10:45,Plein jour,57,57306,2,1,2,6.0,TOURNEUR (RUE) ,49.32851792,6.0632515,10:45:00,2024-02-08
202400003090,16:45,Plein jour,971,97105,1,1,1,6.0,SIDAMBAROM(AVENUE),15.99962,-61.7238,16:45:00,2024-06-06
202400003091,06:40,Crépuscule,987,98714,1,1,1,7.0,Tereva,-16.47666975,-151.75861359,06:40:00,2024-10-23
202400003092,08:19,Plein jour,2A,2A004,2,1,1,3.0,Unknown,41.93076,8.76306,08:19:00,2024-06-06
202400003093,12:30,Plein jour,56,56098,2,1,1,3.0,MITTERAND ( AV. FRANCOIS ),47.76663,-3.33559,12:30:00,2024-02-09
202400003094,14:30,Plein jour,95,95585,2,2,1,6.0,ALBERT CAMUS (BOULEVARD),48.97773126,2.37114519,14:30:00,2024-06-06
202400003095,17:05,Plein jour,91,91339,2,1,1,6.0,RUE DES ECOLES,48.63015,2.26756,17:05:00,2024-06-06
202400003096,19:30,,54,54395,2,1,2,6.0,Rue de Badonviller,48.68997,6.14331,19:30:00,2024-02-09
202400003097,13:27,Plein jour,971,97117,1,3,1,3.0,Boisvin,16.296518,-61.349545,13:27:00,2024-10-24
202400003098,08:00,Plein jour,91,91477,2,3,1,1.0,COSMONAUTES (AVENUE DES),48.71607,2.25988,08:00:00,2024-06-06
202400003099,09:00,Plein jour,54,54547,2,3,1,3.0,Avenue du Reclus,48.662838,6.162306,09:00:00,2024-02-09
202400003100,09:55,Plein jour,41,41155,1,1,1,3.0,D103,47.659917,1.541101,09:55:00,2024-10-24
202400003101,15:00,Plein jour,54,54395,2,1,2,6.0,Rue du Faubourg des Trois Maisons,48.70094,6.17761,15:00:00,2024-02-08
202400003102,18:40,Plein jour,87,87085,2,3,1,3.0,GAY-LUSSAC (COURS),45.8362,1.26395,18:40:00,2024-06-05
202400003103,10:40,Plein jour,51,51454,2,1,1,6.0,RUISSELET (RUE),49.24378,4.03503,10:40:00,2024-02-09
202400003104,19:40,,45,45042,2,2,2,3.0,39 Rue Nationale,47.813421,2.402422,19:40:00,2024-10-02
202400003105,18:35,,51,51454,2,6,2,6.0,COURCELLES (RUE DE) DU 223 A FIN ET 102,49.2645,4.01035,18:35:00,2024-02-08
202400003106,18:35,Crépuscule,77,77339,1,1,1,7.0,D410,48.361886,2.465932,18:35:00,2024-10-22
202400003107,10:30,Plein jour,84,84007,2,1,1,4.0,TARASCON ( Avenue de),43.92115,4.80923,10:30:00,2024-06-05
202400003108,21:01,,49,49007,2,6,1,3.0,ONZE NOVEMBRE 1918 AVENUE,47.47056,-0.54459,21:01:00,2024-02-09
202400003109,06:25,,78,78171,2,1,5,1.0,D983,48.744428,1.660609,06:25:00,2024-10-23
202400003110,19:00,Plein jour,83,83137,2,3,1,3.0,FERRIE (RUE GENERAL),43.12831338,5.89899918,19:00:00,2024-06-06
202400003111,16:05,Plein jour,30,30155,2,1,1,7.0,10 Rue du Fort,43.819507,4.473243,16:05:00,2024-10-23
202400003112,09:10,Plein jour,83,83153,2,1,1,6.0,MARIE FLICHE BERGIS (AV),43.07606963,5.90622497,09:10:00,2024-06-06
202400003113,08:30,Plein jour,49,49007,2,1,2,4.0,LIBERTE BOULEVARD,47.44877,-0.53535,08:30:00,2024-02-08
202400003114,21:45,Nuit sans éclairage,13,13094,1,1,1,1.0,D99,43.785926,4.745289,21:45:00,2024-10-23
202400003115,14:12,Plein jour,81,81004,2,1,1,6.0,TEYSSIER (AV DU COLONEL),43.92413,2.1544,14:12:00,2024-06-06
202400003116,07:15,,45,45284,2,3,1,3.0,72 Rue de Charbonnière,47.914931,1.958327,07:15:00,2024-02-09
202400003117,23:00,,79,79191,2,1,1,6.0,Unknown,46.33656,-0.42186,23:00:00,2024-06-06
202400003118,16:40,Plein jour,77,77085,2,1,1,1.0,Rue des Temps Modernes,48.86219772,2.75008057,16:40:00,2024-06-05
202400003119,19:00,,25,25284,2,3,1,3.0,Rue de la Libération,47.522533,6.818991,19:00:00,2024-10-24
202400003120,19:40,,44,44109,2,3,2,3.0,13 Rue de la Brasserie,47.20845,-1.57399,19:40:00,2024-02-09
202400003121,19:45,Crépuscule,72,72181,2,1,1,6.0,CUGNOT NICOLAS (BD),47.9913,0.22754,19:45:00,2024-06-06
202400003122,14:50,Plein jour,44,44109,2,1,1,6.0,Route de la Chapelle Sur Erdre,47.26417,-1.57407,14:50:00,2024-02-09
202400003123,00:58,Nuit sans éclairage,21,21699,1,1,1,6.0,D905,47.204923,5.329388,00:58:00,2024-10-24
202400003124,08:09,Plein jour,71,71270,2,6,1,1.0,RD POINT DES NEUFS CLES,46.30911,4.82039,08:09:00,2024-06-05
202400003125,16:40,Plein jour,43,43046,2,1,1,7.0,Route de l'Observatoire,45.06009,3.89737,16:40:00,2024-02-03
202400003126,21:10,Plein jour,69,69266,2,1,1,3.0,Rue Henri Legay,45.75796115,4.91658439,21:10:00,2024-06-06
202400003127,17:36,Plein jour,52,52416,1,1,1,3.0,D132a,48.043592,5.480155,17:36:00,2024-10-23
202400003128,19:20,Plein jour,69,69386,2,2,1,3.0,Rue Garibaldi,45.76856,4.85062,19:20:00,2024-06-06
202400003129,18:00,Plein jour,69,69275,2,1,1,2.0,43 Rue Sully,45.76792053,4.9751581,18:00:00,2024-06-06
202400003130,22:05,,37,37261,2,3,1,3.0,WAGNER (BOULEVARD RICHARD),47.37416,0.69866,22:05:00,2024-02-09
202400003131,10:10,Plein jour,68,68072,1,3,1,1.0,D201,47.700711,7.422836,10:10:00,2024-10-24
202400003132,09:30,Plein jour,69,69256,2,4,1,6.0,Avenue du 8 Mai 1945,45.78784125,4.91436534,09:30:00,2024-06-06
202400003133,08:25,Plein jour,69,69259,2,1,1,6.0,Avenue Marcel Paul,45.69967,4.88191,08:25:00,2024-06-06
202400003134,08:45,Plein jour,57,57433,2,6,1,6.0,D112F,49.20834607,6.1498586,08:45:00,2024-10-18
202400003135,03:25,,68,68224,2,1,1,7.0,Rue Jules Verne,47.729899,7.299031,03:25:00,2024-06-06
202400003136,13:30,Plein jour,35,35278,1,1,2,4.0,RD 137,48.17986,-1.719234,13:30:00,2024-02-09
202400003137,21:55,,67,67482,2,4,1,3.0,JEAN MERMOZ (RUE),48.54624,7.77159,21:55:00,2024-06-06
202400003138,18:00,Plein jour,42,42037,1,1,1,5.0,D8,45.661852,4.04519,18:00:00,2024-10-24
202400003139,18:35,Crépuscule,34,34301,2,1,1,3.0,BLANC CAMILLE (BOULEVARD),43.41014,3.67614,18:35:00,2024-02-07
202400003140,16:25,Plein jour,64,64269,2,6,1,3.0,TARBES DE,43.29925,-0.30719,16:25:00,2024-06-06
202400003141,07:45,Crépuscule,17,17146,1,1,1,1.0,Unknown,45.908876,-0.975004,07:45:00,2024-10-24
202400003142,16:50,Plein jour,64,64348,2,1,1,3.0,SALIE,43.33698,-0.39109,16:50:00,2024-06-06
202400003143,21:45,,34,34172,2,1,1,2.0,RIMBAUD (RUE PAUL),43.61869,3.8463,21:45:00,2024-02-09
202400003144,08:50,Plein jour,64,64284,2,3,1,3.0,GUINDALOS DE,43.2805,-0.38305,08:50:00,2024-06-06
202400003145,18:50,Plein jour,33,33382,2,1,1,3.0,Unknown,45.133814,-0.486606,18:50:00,2024-09-20
202400003146,08:10,Plein jour,64,64445,2,1,1,2.0,CONDORCET,43.3164,-0.36146,08:10:00,2024-06-05
202400003147,14:24,Plein jour,34,34172,2,1,1,3.0,ITALIE (PLACE D'),43.64201,3.81857,14:24:00,2024-02-09
202400003148,18:15,Plein jour,64,64024,2,1,1,3.0,rond point de bahinos,43.494182,-1.51869727,18:15:00,2024-06-06
202400003149,17:45,Plein jour,49,49301,1,1,7,3.0,La Petite Gaudinière (Tillières),47.133108,-1.189871,17:45:00,2024-10-23
202400003150,15:00,Plein jour,64,64024,2,1,1,2.0,BAB (BOULEVARD DU),43.49644,-1.51156,15:00:00,2024-06-06
202400003151,15:05,Plein jour,44,44172,2,1,1,6.0,34 Rue du Président Coty,47.249006,-1.488111,15:05:00,2024-10-23
202400003152,21:30,,33,33063,2,2,1,3.0,Unknown,44.83855,-0.60459,21:30:00,2024-02-09
202400003153,09:35,Plein jour,64,64024,2,1,1,2.0,ADOUR (AVENUE DE L'),43.52112,-1.5017,09:35:00,2024-06-06
202400003154,20:00,,31,31555,1,1,1,3.0,VA007553 A61,43.63774,1.47702,20:00:00,2024-02-09
202400003155,10:20,Plein jour,35,35015,1,1,5,1.0,RD 178,48.171767,-1.185987,10:20:00,2024-10-22
202400003156,08:20,Plein jour,64,64102,2,1,1,3.0,MOLINIE (AVENUE JEAN),43.49264,-1.48327,08:20:00,2024-06-06
202400003157,19:35,Nuit sans éclairage,30,30028,2,9,1,7.0,Unknown,44.15692,4.61499,19:35:00,2024-02-03
202400003158,18:07,Plein jour,64,64102,2,3,1,3.0,NAVARRE (AVENUE HENRI DE),43.50156,-1.44585,18:07:00,2024-06-05
202400003159,18:10,Plein jour,02,02443,1,1,1,6.0,Unknown,49.044043,3.265525,18:10:00,2024-10-24
202400003160,11:20,Plein jour,64,64102,2,9,1,3.0,FAIENCERIE(Rond Point de la),43.49374,-1.49147,11:20:00,2024-06-05
202400003161,17:55,Crépuscule,59,59139,2,6,1,1.0,Rue Stephenson,50.126817,3.4181,17:55:00,2024-10-22
202400003162,12:23,Plein jour,29,29019,1,4,2,5.0,chemin du Grand Kervao,48.42308814,-4.51076368,12:23:00,2024-02-08
202400003163,09:20,Plein jour,64,64102,2,6,1,3.0,RESPLANDY (AVENUE DU CAPITAINE),43.49128579,-1.46884739,09:20:00,2024-06-05
202400003164,17:10,Plein jour,29,29019,2,1,2,6.0,rue Victor Eusen,48.379603,-4.53465,17:10:00,2024-02-07
202400003165,20:50,Nuit sans éclairage,01,01275,1,1,1,2.0,A42 4.329 A 5.760   LYON/GEN,45.80942,4.93299,20:50:00,2024-10-19
202400003166,20:15,Plein jour,62,62194,2,6,1,3.0,D341,50.48322496,2.47414649,20:15:00,2024-06-05
202400003167,11:30,Plein jour,62,62193,2,6,1,6.0,Avenue Pierre de Coubertin,50.95338188,1.83854127,11:30:00,2024-06-06
202400003168,05:25,Nuit sans éclairage,57,57356,1,1,1,2.0,Autoroute A31,49.44840227,6.11968517,05:25:00,2024-10-22
202400003169,17:20,Plein jour,59,59512,2,3,1,3.0,Rue Turgot,50.70326,3.17378,17:20:00,2024-06-05
202400003170,09:00,Plein jour,78,78423,1,1,5,6.0,RN12,48.794328,2.049801,09:00:00,2024-10-23
202400003171,07:50,Plein jour,27,27375,2,6,1,2.0,THOREL (PLACE ERNEST),49.21547,1.16823,07:50:00,2024-02-09
202400003172,08:50,Plein jour,59,59378,1,6,1,3.0,STRATEGIQUE PAVE,50.68673,3.1025,08:50:00,2024-06-06
202400003173,05:30,Nuit avec éclairage,78,78402,1,1,1,6.0,A13,48.963881,1.778354,05:30:00,2024-10-22
202400003174,07:55,Crépuscule,27,27229,2,9,2,6.0,QUATORZE JUILLET (BOULEVARD),49.01007,1.16745,07:55:00,2024-02-08
202400003175,06:40,Crépuscule,59,59009,1,1,1,6.0,Boulevard du Breucq,50.64855,3.14922,06:40:00,2024-06-05
202400003176,15:40,Plein jour,59,59183,2,3,1,6.0,REPUBLIQUE,51.02864,2.35184,15:40:00,2024-06-05
202400003177,20:05,,25,25056,2,1,2,3.0,CASSOTTE  RUE DE LA,47.245999,6.029661,20:05:00,2024-02-09
202400003178,21:45,Nuit sans éclairage,93,93005,1,1,1,4.0,AUTOROUTE A3,48.96017102,2.47352704,21:45:00,2024-10-22
202400003179,18:32,Plein jour,56,56121,2,2,1,3.0,Cours Louis de Chazelles,47.75372,-3.36234,18:32:00,2024-06-05
202400003180,16:13,Plein jour,19,19275,2,3,1,1.0,CLERMONT (AVENUE) N° PAIRS,45.56956235,2.33116347,16:13:00,2024-02-05
202400003181,17:30,Plein jour,77,77146,1,1,1,3.0,A4.W,48.83151,2.64542,17:30:00,2024-10-23
202400003182,16:20,Plein jour,54,54025,2,1,1,2.0,Avenue de la Chartreuse,48.66199,6.2533,16:20:00,2024-06-05