Num_Acc,hrmn,lum,dep,com,agg,int,atm,col,adr,lat,long,heure,date
202400003183,16:45,Plein jour,14,14327,2,3,1,3.0,9 Rue Abbé Lucas,49.19522,-0.32785,16:45:00,2024-02-06
202400003184,12:00,Plein jour,54,54395,2,1,1,6.0,Avenue Raymond Pinchard,48.703251,6.1554,12:00:00,2024-06-05
202400003185,11:40,Plein jour,77,77169,1,1,1,2.0,RN104,48.82051241,2.61575004,11:40:00,2024-10-23
202400003186,15:00,Plein jour,13,13213,2,1,1,3.0,CHEMIN DU MERLAN A LA ROSE ,43.33094,5.4072,15:00:00,2024-02-08
202400003187,16:45,Plein jour,54,54273,2,1,3,1.0,Route de Tichemont,49.16635,5.8878,16:45:00,2024-05-17
202400003188,23:50,Nuit sans éclairage,94,94022,1,1,1,2.0,A86,48.77678786,2.4174609,23:50:00,2024-10-22
202400003189,19:29,,13,13001,2,1,2,1.0,ROI RENE (BD DU),43.52455,5.45352,19:29:00,2024-02-09
202400003190,18:25,Plein jour,51,51058,2,3,1,3.0,SACY (RUE),49.21977,3.99286,18:25:00,2024-06-05
202400003191,19:20,,12,12202,2,1,1,7.0,GINESTE (AVENUE DE LA),44.36256,2.56194,19:20:00,2024-02-08
202400003192,12:50,Plein jour,51,51454,2,1,1,2.0,GERUZEZ (RUE),49.263869,4.017853,12:50:00,2024-06-05
202400003193,10:03,Plein jour,10,10387,2,1,2,6.0,Avenue des Lombards,48.27802,4.0676,10:03:00,2024-02-08
202400003194,21:00,Nuit sans éclairage,77,77438,1,1,1,6.0,A104,48.86262798,2.66812122,21:00:00,2024-10-22
202400003195,11:10,Plein jour,51,51454,2,2,1,3.0,ALBERT 1ER (BOULEVARD),49.27077,4.0111,11:10:00,2024-06-05
202400003196,18:25,,06,06069,2,1,2,3.0,Chemin des Capucins,43.65341,6.92859,18:25:00,2024-02-09
202400003197,22:00,Crépuscule,35,35253,1,2,1,6.0,Unknown,48.256198,-1.411897,22:00:00,2024-06-08
202400003198,07:27,Plein jour,49,49007,2,1,1,3.0,LAC DE MAINE AVENUE,47.46467,-0.59369,07:27:00,2024-06-05
202400003199,05:00,Nuit sans éclairage,02,02738,1,9,2,2.0,Unknown,49.66396,3.26418,05:00:00,2024-02-08
202400003200,08:15,Plein jour,47,47001,2,1,2,6.0,PONT DE PIERRE,44.19492,0.61235,08:15:00,2024-06-06
202400003201,06:55,,75,75112,2,1,1,3.0,PORTE DE CHARENTON,48.830927,2.402991,06:55:00,2024-02-09
202400003202,16:30,Plein jour,42,42218,2,2,1,6.0,Rue Maître Simone Levaillant,45.463702,4.381772,16:30:00,2024-06-06
202400003203,07:05,,75,75119,2,1,1,6.0,AVENUE DE FLANDRE,48.894065,2.381031,07:05:00,2024-02-09
202400003204,18:27,Plein jour,35,35179,1,2,1,3.0,La Butte,48.506463,-1.887904,18:27:00,2024-06-02
202400003205,22:05,,75,75114,2,2,2,3.0,PLACE DENFERT ROCHEREAU,48.833688,2.331938,22:05:00,2024-02-08
202400003206,08:48,Plein jour,41,41018,2,9,1,6.0,BEGON (RUE MICHEL)  N° IMPAIRS,47.59353,1.31041,08:48:00,2024-06-05
202400003207,17:20,Plein jour,44,44162,2,1,1,2.0,Unknown,47.242,-1.623,17:20:00,2024-10-11
202400003208,13:36,Plein jour,75,75114,2,2,2,6.0,AVENUE DE L OBSERVATOIRE,48.839561,2.336721,13:36:00,2024-02-08
202400003209,15:37,Plein jour,40,40192,2,9,1,3.0,VIGNAU (AV DU),43.88435,-0.46108,15:37:00,2024-06-03
202400003210,08:50,Crépuscule,44,44109,2,6,1,6.0,Boulevard Emile Gabory,47.19886445,-1.5326805,08:50:00,2024-10-10
202400003211,22:40,,75,75113,2,2,2,3.0,RUE DE TOLBIAC,48.826173,2.357296,22:40:00,2024-02-08
202400003212,18:35,Plein jour,38,38053,2,1,1,3.0,SAINT MICHEL (BLD),45.58926,5.27621,18:35:00,2024-06-06
202400003213,16:50,Plein jour,34,34032,2,3,1,6.0,22 AOUT 1944 (AVENUE DU),43.34339,3.22335,16:50:00,2024-06-05
202400003214,15:45,Plein jour,75,75111,2,3,1,3.0,BOULEVARD VOLTAIRE,48.856672,2.382009,15:45:00,2024-02-09
202400003215,20:00,Plein jour,74,74298,2,3,1,3.0,LIVRON (ROUTE DU),46.1857,6.2515,20:00:00,2024-08-23
202400003216,17:00,Plein jour,31,31069,2,1,1,2.0,COSTES (AV DIEUDONNE),43.63041948,1.38028085,17:00:00,2024-06-06
202400003217,09:05,Plein jour,75,75101,2,2,8,3.0,RUE DE RIVOLI,48.858525,2.348231,09:05:00,2024-02-09
202400003218,23:36,,31,31555,2,9,1,3.0,BD DE STRASBOURG,43.60698,1.44738,23:36:00,2024-06-06
202400003219,18:00,Plein jour,29,29019,2,6,1,6.0,rue de la Villeneuve,48.409348,-4.465644,18:00:00,2024-06-06
202400003220,09:05,Plein jour,29,29019,2,2,1,6.0,boulevard Montaigne,48.40257,-4.481994,09:05:00,2024-06-13
202400003221,19:40,Plein jour,69,69275,2,2,1,5.0,Rue Emile Zola,45.76383,4.94561,19:40:00,2024-04-12
202400003222,09:45,Plein jour,28,28220,2,1,1,3.0,MARCEAU (RUE),48.42513,1.47997,09:45:00,2024-06-05
202400003223,12:15,Plein jour,23,23096,2,3,1,6.0,PASTEUR (AVENUE),46.170962,1.877834,12:15:00,2024-06-05
202400003224,15:10,Plein jour,974,97411,1,9,1,1.0,BEDIER (AVENUE JOSEPH),-20.8972,55.4863,15:10:00,2024-10-22
202400003225,09:49,Plein jour,973,97302,2,1,1,7.0,CABASSOU (ROUTE DE),4.9175,-52.31295,09:49:00,2024-10-22
202400003226,17:35,Plein jour,18,18033,1,1,1,2.0,Unknown,47.07688,2.43986,17:35:00,2024-06-05
202400003227,12:40,Plein jour,17,17415,2,1,1,2.0,NATIONAL 1 A 67 ET 2 A 44 COURS,45.74725,-0.6345,12:40:00,2024-06-06
202400003228,17:00,Plein jour,973,97302,2,3,1,3.0,SAINT ANTOINE (CHEMIN),4.93206,-52.29717,17:00:00,2024-10-21
202400003229,15:45,Plein jour,69,69383,2,1,1,6.0,Rue Rabelais,45.76281,4.84662,15:45:00,2024-10-22
202400003230,09:58,Plein jour,17,17300,2,1,1,4.0,COLIGNY   AVENUE,46.16191,-1.1656,09:58:00,2024-06-05
202400003231,06:20,Plein jour,972,97209,2,3,2,3.0,PAUL NARDAL (AVENUE),14.61339,-61.0731,06:20:00,2024-10-22
202400003232,20:45,Crépuscule,14,14327,2,2,1,1.0,29 Avenue de la Grande Cavée,49.20327,-0.32979,20:45:00,2024-06-05
202400003233,22:55,,95,95585,2,9,1,3.0,D125,48.97841653,2.38786722,22:55:00,2024-10-22
202400003234,09:30,Plein jour,95,95280,2,3,1,6.0,DIDEROT (AVENUE),49.02754,2.46368,09:30:00,2024-10-22
202400003235,00:05,,13,13203,2,3,1,3.0,PLOMBIERES (RUE DE),43.31896,5.37913,00:05:00,2024-06-07
202400003236,15:26,Plein jour,95,95572,1,9,8,3.0,FOND DE VAUX (AVENUE DU),49.060827,2.143969,15:26:00,2024-10-21
202400003237,00:40,,13,13208,2,2,1,3.0,PRADO (AVENUE DU),43.28022,5.38678,00:40:00,2024-06-07
202400003238,16:15,Plein jour,91,91570,2,1,1,6.0,RESIDENCE LES TILLEULS RUE RAIE TORTUE,48.63744,2.30502,16:15:00,2024-10-22
202400003239,19:10,Plein jour,13,13210,2,1,1,3.0,BONNEFOY (RUE),43.2807,5.4012,19:10:00,2024-06-06
202400003240,07:25,Nuit sans éclairage,91,91685,2,3,1,6.0,MOCQUET (RUE GUY),48.65554,2.30562,07:25:00,2024-10-22
202400003241,02:26,,13,13201,2,3,1,3.0,LÉON GAMBETTA (ALLEE),43.29911447,5.38264508,02:26:00,2024-06-06
202400003242,10:00,Plein jour,91,91027,2,1,1,3.0,AV FRANCOIS MITTERRAND,48.70833,2.37143,10:00:00,2024-10-22
202400003243,12:30,Plein jour,13,13216,2,6,1,3.0,LITTORAL (CHEMIN DU),43.34,5.34,12:30:00,2024-06-05
202400003244,07:10,,91,91589,2,1,1,6.0,AV JEAN ALLEMANE,48.68629,2.34151,07:10:00,2024-10-22
202400003245,17:45,Plein jour,13,13047,2,8,1,3.0,TARTUGUES CHEMIN DES,43.50857083,4.97778564,17:45:00,2024-06-05
202400003246,09:25,Plein jour,87,87085,2,3,2,7.0,MAUVENDIERE (RUE DE LA),45.83313,1.24849,09:25:00,2024-10-17
202400003247,11:50,Plein jour,12,12013,1,1,1,1.0,LYCEE (AVENUE),44.534781,2.231221,11:50:00,2024-05-18
202400003248,09:13,Plein jour,87,87085,2,3,1,3.0,RUBEN (AVENUE ERNEST),45.82354,1.25114,09:13:00,2024-10-21
202400003249,09:54,Plein jour,87,87085,2,1,1,6.0,VANTEAUX (BOULEVARD DE),45.82037,1.23758,09:54:00,2024-10-21
202400003250,16:52,Plein jour,11,11262,2,1,1,4.0,Unknown,43.151753,2.979366,16:52:00,2024-06-06
202400003251,16:15,Plein jour,87,87085,2,3,2,6.0,MONTMAILLER (RUE),45.83514,1.25221,16:15:00,2024-10-17
202400003252,14:10,Plein jour,10,10297,2,1,1,2.0,Avenue Jules Guesde,48.31454,4.09886,14:10:00,2024-06-06
202400003253,07:54,Crépuscule,87,87050,1,3,1,3.0,RD947,45.8987,1.2221,07:54:00,2024-10-21
202400003254,16:16,Plein jour,10,10387,2,1,1,6.0,Mail des Charmilles,48.29653,4.08547,16:16:00,2024-06-06
202400003255,09:40,Plein jour,84,84007,2,2,1,3.0,PIERRE SEMARD (AVENUE),43.93394,4.83138,09:40:00,2024-10-22
202400003256,16:44,Plein jour,10,10357,1,1,1,4.0,ROCADE EST (RD 610),48.2957,4.1378,16:44:00,2024-06-05
202400003257,06:52,,83,83137,2,1,1,6.0,JOFFRE (BD MARECHAL),43.12368,5.94985,06:52:00,2024-10-22
202400003258,18:55,Plein jour,09,09225,2,2,1,3.0,MARCHE AUX BOEUFS PLACE DU,43.1111,1.60903,18:55:00,2024-06-05
202400003259,15:35,Plein jour,81,81004,2,1,1,6.0,SAINT JUERY (AV DE) DU N° 1 AU N° 48,43.93432,2.1746,15:35:00,2024-10-21
202400003260,17:25,Plein jour,04,04112,2,1,1,6.0,CHAMP DE PRUNIERS (CH.),43.82757,5.79852,17:25:00,2024-06-05
202400003261,17:54,Plein jour,80,80021,1,1,1,3.0,Rue Victor Hugo,49.89273,2.30233,17:54:00,2024-10-21
202400003262,10:05,Plein jour,04,04112,1,1,1,1.0,D907,43.8323,5.76226,10:05:00,2024-06-02
202400003263,17:34,Plein jour,78,78423,2,1,1,6.0,PARC (AVENUE DU),48.77538,2.02991,17:34:00,2024-10-21
202400003264,12:10,Plein jour,75,75114,2,1,1,2.0,BD PERIPHERIQUE EXTERIEUR,48.81869,2.331751,12:10:00,2024-06-05
202400003265,18:20,Plein jour,78,78172,2,2,1,3.0,ANGLAIS (RUE DES),49.005367,2.095524,18:20:00,2024-10-22
202400003266,19:15,Plein jour,75,75119,2,1,1,6.0,RUE ANDRE DANJON,48.885821,2.38462,19:15:00,2024-06-06
202400003267,19:00,Plein jour,75,75118,2,1,1,6.0,AVENUE DE SAINT OUEN,48.896389,2.328586,19:00:00,2024-06-06
202400003268,01:15,Nuit avec éclairage,78,78672,1,1,2,6.0,DE VOISINS AVENUE DU PRESIDENT GILBERT,48.92744,2.01492,01:15:00,2024-10-22
202400003269,17:05,Plein jour,75,75118,2,7,1,6.0,RUE MARX DORMOY,48.88489,2.359348,17:05:00,2024-06-06
202400003270,08:27,Plein jour,77,77495,1,1,1,2.0,N 105,48.56176,2.64521,08:27:00,2024-10-21
202400003271,18:53,,77,77284,2,9,8,6.0,TRINITAIRES (RUE DES),48.95657,2.87393,18:53:00,2024-10-22
202400003272,16:05,Plein jour,75,75117,2,2,1,3.0,BOULEVARD PEREIRE,48.883677,2.295325,16:05:00,2024-06-05
202400003273,19:20,Plein jour,75,75116,2,1,1,3.0,ALLEE DES FORTIFICATIONS,48.851332,2.259015,19:20:00,2024-06-06
202400003274,17:30,Plein jour,69,69266,2,3,1,2.0,Avenue Paul Krüger,45.75474611,4.90198092,17:30:00,2024-10-22
202400003275,15:30,Plein jour,75,75116,2,1,1,1.0,RUE DE LA TOUR,48.859473,2.282524,15:30:00,2024-06-06
202400003276,07:35,,69,69115,2,6,1,2.0,Avenue Edouard Herriot,45.97888,4.7342,07:35:00,2024-10-22
202400003277,08:45,Plein jour,75,75116,2,1,1,3.0,ALLEE DE LA REINE MARGUERITE,48.853987,2.241871,08:45:00,2024-06-06
202400003278,08:00,Plein jour,69,69290,1,2,2,3.0,Boulevard de la Porte des Alpes,45.71504,4.92549,08:00:00,2024-10-22
202400003279,14:30,Plein jour,75,75115,2,1,1,3.0,BOULEVARD GARIBALDI,48.847488,2.303529,14:30:00,2024-06-06
202400003280,09:35,Plein jour,75,75111,2,2,1,6.0,AVENUE LEDRU ROLLIN,48.856597,2.379221,09:35:00,2024-06-06
202400003281,23:05,,69,69029,2,1,1,3.0,Boulevard de l'Université,45.72283066,4.92010074,23:05:00,2024-10-21
202400003282,08:50,Plein jour,75,75111,2,1,1,3.0,AVENUE PHILIPPE AUGUSTE,48.851342,2.394086,08:50:00,2024-06-05
202400003283,17:50,Plein jour,69,69029,2,2,1,3.0,Rue de Reims,45.73938,4.9114,17:50:00,2024-10-21
202400003284,22:35,,75,75110,2,2,1,1.0,RUE DE LANCRY,48.86981,2.36069,22:35:00,2024-06-05
202400003285,16:58,Plein jour,69,69290,2,3,1,2.0,Boulevard des Roses,45.68769927,4.9350019,16:58:00,2024-10-21
202400003286,19:00,Plein jour,75,75109,2,7,1,3.0,PLACE D ESTIENNE D ORVES,48.876534,2.330945,19:00:00,2024-06-06
202400003287,11:30,Plein jour,69,69290,2,3,7,3.0,Rue d'Alsace,45.71809842,4.90980729,11:30:00,2024-10-21
202400003288,09:30,Plein jour,75,75104,2,2,1,3.0,RUE DE RIVOLI,48.856164,2.35713,09:30:00,2024-06-06
202400003289,16:45,Plein jour,64,64348,2,1,1,3.0,EUROPE DE L',43.32014,-0.39253,16:45:00,2024-10-21
202400003290,17:50,Plein jour,75,75104,2,3,1,6.0,QUAI DE L HOTEL DE VILLE,48.855421,2.35294,17:50:00,2024-06-05
202400003291,12:15,Plein jour,62,62573,2,1,1,1.0,RD165,50.4902,2.89155,12:15:00,2024-10-22
202400003292,17:30,Plein jour,94,94081,2,2,1,3.0,Avenue Youri Gagarine / Rue Camille Groult,48.78605,2.39186,17:30:00,2024-06-05
202400003293,05:05,,59,59183,2,2,2,3.0,HUGO VICTOR - BOULEVARD,51.02653,2.38073,05:05:00,2024-10-22
202400003294,18:15,Plein jour,94,94068,2,2,1,3.0,Avenue Louis Blanc / Boulevard de la Marne,48.79331,2.49784,18:15:00,2024-06-04
202400003295,16:42,Plein jour,56,56098,2,2,1,3.0,Rue Emile Combes,47.77193,-3.33729,16:42:00,2024-10-21
202400003296,04:40,,94,94011,2,4,1,6.0,Rue Pierre Sémard / D60,48.76299,2.4798,04:40:00,2024-06-05
202400003297,09:05,Plein jour,54,54547,1,1,1,2.0,Rue Victor Basch,48.66203,6.16014,09:05:00,2024-10-21
202400003298,17:20,Plein jour,51,51454,2,1,1,6.0,BEAULIEU (RUE DU LIEUTENANT COLONNEL),49.24275,4.00091,17:20:00,2024-10-22
202400003299,19:20,Plein jour,94,94078,2,3,1,2.0,Avenue de Choisy / Rue Madeleine,48.74836001,2.43544956,19:20:00,2024-06-06
202400003300,18:30,Plein jour,49,49007,2,1,3,3.0,MAINE,47.478,-0.547,18:30:00,2024-10-21
202400003301,12:00,Plein jour,94,94017,2,1,1,3.0,Rue Roland Martin,48.81782,2.48851,12:00:00,2024-06-15
202400003302,17:00,Plein jour,42,42127,2,3,1,3.0,Rue Alfred de Musset,46.06066,4.05949,17:00:00,2024-10-21
202400003303,14:49,Plein jour,94,94017,2,3,1,3.0,Avenue Roger Salengro / Avenue Maxime Gorki,48.819425,2.48654,14:49:00,2024-06-05
202400003304,18:15,Crépuscule,41,41018,2,1,1,5.0,DUGAY-TROUIN (RUE)  N° IMPAIRS,47.59093,1.29919,18:15:00,2024-10-21
202400003305,16:10,Plein jour,93,93051,2,1,1,3.0,Avenue Aristide Briand,48.84720518,2.55289114,16:10:00,2024-06-06
202400003306,15:30,Plein jour,34,34172,2,1,1,5.0,CAMBRIDGE (RUE DE),43.62584,3.81819,15:30:00,2024-10-21
202400003307,22:03,,93,93051,2,2,1,3.0,Avenue Médéric / Chemin des Princes,48.8303,2.5852,22:03:00,2024-06-05
202400003308,14:30,Plein jour,34,34129,2,9,1,1.0,SORIECH (CHEMIN DE),43.58019,3.92195,14:30:00,2024-10-21
202400003309,08:45,Plein jour,93,93014,2,1,1,6.0,Allée Fernand Lindet,48.91117,2.54833,08:45:00,2024-06-06
202400003310,13:35,Plein jour,34,34172,2,6,1,3.0,PRES D'ARENES (ROND-POINT DES),43.58908,3.8907,13:35:00,2024-10-21
202400003311,01:15,,93,93010,2,3,1,1.0,Avenue Léon Blum / Rue Odette Pain,48.91356,2.47855,01:15:00,2024-06-06
202400003312,17:40,Plein jour,33,33281,2,5,3,3.0,Unknown,44.85117,-0.64468,17:40:00,2024-10-17
202400003313,12:05,Plein jour,93,93008,2,3,1,6.0,Rue des Marais / Rue des Bons Enfants,48.90589,2.43776,12:05:00,2024-06-05
202400003314,05:50,,31,31555,2,6,3,3.0,VA008493 LA CRABE A624 Sortie 2,43.61016,1.37256,05:50:00,2024-10-22
202400003315,11:45,Plein jour,92,92064,2,9,1,3.0,PLACE CLEMENCEAU,48.8415007,2.22170037,11:45:00,2024-06-05
202400003316,03:20,,92,92047,2,1,1,6.0,RAYMOND POINCARE,48.83830733,2.17364985,03:20:00,2024-06-05
202400003317,09:10,Plein jour,29,29019,2,3,2,3.0,rue Georges Melou,48.392994,-4.462158,09:10:00,2024-10-21
202400003318,09:10,Plein jour,92,92063,2,3,1,3.0,ZURICH (RUE DE),48.87056943,2.1842401,09:10:00,2024-06-06
202400003319,13:10,Plein jour,13,13117,2,4,1,6.0,ROUTE NATIONALE 113-L'ANJOLY,43.42366,5.26663,13:10:00,2024-10-22
202400003320,17:20,Plein jour,13,13039,1,9,1,2.0,ROUTE NATIONALE 568,43.47136,4.9072,17:20:00,2024-10-22
202400003321,10:30,Plein jour,92,92051,2,3,1,3.0,"CHARLES DE GAULLE (AVENUE, N° 18 A 116)",48.88140508,2.27127725,10:30:00,2024-06-06
202400003322,11:30,Plein jour,13,13203,2,1,1,3.0,NATIONAL (BOULEVARD),43.3091606,5.38026349,11:30:00,2024-10-21
202400003323,20:58,Crépuscule,92,92044,2,9,1,7.0,CHARLES PASQUA (QUAI) 32 A 58,48.90006491,2.28221226,20:58:00,2024-06-06
202400003324,07:25,,13,13063,2,1,1,6.0,C.D 10,43.58473398,4.99096066,07:25:00,2024-10-21
202400003325,18:20,Plein jour,92,92024,2,1,1,2.0,GENERAL ROGUET (RUE DU) DE (1 A 57)   (2,48.9048,2.31291,18:20:00,2024-06-06
202400003326,18:05,Plein jour,13,13001,2,1,1,3.0,MONNET JEAN (AV),43.53202,5.42233,18:05:00,2024-10-21
202400003327,23:42,,92,92002,2,3,1,6.0,BONE (RUE DE),48.74748427,2.30381548,23:42:00,2024-06-05
202400003328,20:50,Nuit sans éclairage,11,11262,2,1,1,2.0,Unknown,43.19296,2.98055,20:50:00,2024-10-21
202400003329,10:30,Plein jour,37,37210,1,1,1,1.0,D751,47.19529892,0.30690005,10:30:00,2024-06-06
202400003330,08:45,Plein jour,37,37072,2,1,1,7.0,60 Rue Paul Huet,47.166644,0.257162,08:45:00,2024-06-06
202400003331,11:40,Plein jour,11,11069,1,1,1,5.0,Unknown,43.22438,2.32808,11:40:00,2024-10-21
202400003332,16:40,Plein jour,10,10081,1,1,1,7.0,ROCADE OUEST (RD 610),48.3286,4.0537,16:40:00,2024-10-21
202400003333,12:30,Plein jour,80,80193,1,2,1,1.0,D14,49.705603,2.390074,12:30:00,2024-06-07
202400003334,16:30,Plein jour,10,10343,2,1,1,6.0,AUGUSTE TERRENOIRE (RUE),48.27927,4.09933,16:30:00,2024-10-21
202400003335,21:30,Crépuscule,26,26323,2,1,1,7.0,95 Rue Clair,45.05644,5.101402,21:30:00,2024-06-05
202400003336,18:03,Plein jour,40,40065,2,3,1,6.0,12 Av Mal de Lattre de Tassigny,43.644577,-1.434917,18:03:00,2024-06-05
202400003337,14:15,Plein jour,06,06030,2,6,1,3.0,24 Avenue Lacour,43.56904,7.018674,14:15:00,2024-10-22
202400003338,20:49,,974,97410,1,1,1,6.0,Route Nationale 2 Deviation,-21.039115,55.708746,20:49:00,2024-06-07
202400003339,07:45,Crépuscule,06,06029,2,1,1,1.0,Chemin de la Plaine de Laval,43.563,6.956,07:45:00,2024-10-22
202400003340,21:00,,84,84091,2,1,1,6.0,125 Route des Valbonnettes,44.185582,4.7576,21:00:00,2024-05-30
202400003341,02:30,Nuit sans éclairage,84,84102,1,1,1,6.0,Chemin de Sainte Croix,43.917414,5.329512,02:30:00,2024-06-07
202400003342,10:30,Plein jour,02,02738,2,2,1,6.0,1 Rue Jacquard,49.65567,3.29909,10:30:00,2024-10-21
202400003343,17:35,Plein jour,30,30217,2,1,1,1.0,D976,43.975717,4.686758,17:35:00,2024-06-02
202400003344,15:10,Plein jour,75,75116,2,1,1,4.0,BD PERIPHERIQUE INTERIEUR,48.848924,2.252872,15:10:00,2024-10-17
202400003345,18:30,Plein jour,91,91573,2,4,1,3.0,8 Rue Léon Appert,48.626754,2.517382,18:30:00,2024-06-06
202400003346,20:00,Plein jour,67,67355,2,1,1,7.0,5 Rue de Sarre-union,48.997117,7.128276,20:00:00,2024-06-06
202400003347,17:03,Plein jour,75,75118,2,1,1,2.0,BD PERIPHERIQUE EXTERIEUR,48.901208,2.353476,17:03:00,2024-10-22
202400003348,18:00,Plein jour,67,67165,1,1,1,7.0,D392,48.49855,7.160704,18:00:00,2024-06-07
202400003349,00:40,,75,75119,2,7,2,6.0,BOULEVARD DE LA VILLETTE,48.877748,2.370639,00:40:00,2024-10-22
202400003350,16:00,Plein jour,12,12223,1,1,1,1.0,D921 / La violette,44.74828,2.870634,16:00:00,2024-06-06
202400003351,17:40,Plein jour,75,75117,2,3,1,6.0,RUE GUSTAVE CHARPENTIER,48.879306,2.280698,17:40:00,2024-10-21
202400003352,16:30,Plein jour,25,25391,1,2,1,4.0,D41,47.162029,6.648059,16:30:00,2024-06-06
202400003353,13:25,Plein jour,75,75115,2,1,1,3.0,RUE BRANCION,48.833424,2.304086,13:25:00,2024-10-22
202400003354,13:25,Plein jour,25,25578,2,1,1,5.0,Grande Rue,47.147532,6.343912,13:25:00,2024-06-06
202400003355,20:50,Crépuscule,44,44048,1,1,1,7.0,130 La Pichaudiere,47.379061,-1.255,20:50:00,2024-06-04
202400003356,08:30,Plein jour,75,75115,2,7,1,3.0,PLACE BALARD,48.836778,2.278885,08:30:00,2024-10-22
202400003357,06:50,Plein jour,44,44158,2,1,1,3.0,3 Route de Cordemais,47.274145,-1.791662,06:50:00,2024-06-07
202400003358,23:30,Nuit sans éclairage,03,03258,1,1,1,7.0,Départementale 67,46.190794,3.407907,23:30:00,2024-06-06
202400003359,09:45,Plein jour,75,75112,2,3,1,2.0,RUE DE PICPUS,48.84059346,2.39934736,09:45:00,2024-10-22
202400003360,19:10,Plein jour,03,03128,1,1,2,7.0,Rue de Bellevue,46.404091,2.498242,19:10:00,2024-06-01
202400003361,16:10,Plein jour,75,75112,2,2,1,3.0,RUE DE CHARENTON,48.838937,2.389279,16:10:00,2024-10-21
202400003362,18:30,Crépuscule,75,75111,2,3,1,6.0,BOULEVARD RICHARD LENOIR,48.860239,2.371945,18:30:00,2024-10-22
202400003363,12:13,Plein jour,66,66150,1,1,1,7.0,D115,42.395905,2.491086,12:13:00,2024-06-05
202400003364,08:48,Plein jour,75,75110,2,3,1,2.0,RUE DU FAUBOURG SAINT DENIS,48.878057,2.356476,08:48:00,2024-10-22
202400003365,18:45,Plein jour,72,72364,1,2,1,6.0,Lieu Dit la Petite Guibourgere,47.675386,0.323067,18:45:00,2024-06-06
202400003366,12:55,Plein jour,75,75109,2,1,1,3.0,BOULEVARD DE ROCHECHOUART,48.883419,2.347995,12:55:00,2024-10-22
202400003367,15:50,Plein jour,14,14400,1,3,1,3.0,Rue Arcisse de Caumont,49.287448,-0.598449,15:50:00,2024-06-06
202400003368,08:50,Plein jour,50,50372,1,1,1,6.0,D900,49.319136,-1.537281,08:50:00,2024-06-07
202400003369,15:10,Plein jour,75,75108,1,3,1,7.0,AVENUE DE FRIEDLAND,48.874517,2.302189,15:10:00,2024-10-21
202400003370,01:01,Nuit avec éclairage,18,18003,2,6,1,7.0,Route de Bourges,47.19428,2.563798,01:01:00,2024-06-07
202400003371,17:31,Plein jour,75,75107,2,1,1,3.0,PONT DE LA CONCORDE,48.8632373,2.31942415,17:31:00,2024-10-22
202400003372,19:34,Plein jour,10,10232,1,1,1,6.0,D207,48.10136528,4.39595014,19:34:00,2024-06-07
202400003373,13:45,Plein jour,75,75107,2,3,1,6.0,QUAI D ORSAY,48.86110595,2.32418615,13:45:00,2024-10-22
202400003374,16:45,Plein jour,36,36103,1,1,1,7.0,Terre Neuve,47.10390487,1.39258121,16:45:00,2024-05-26
202400003375,20:25,Plein jour,16,16416,1,2,1,7.0,Unknown,45.82228,0.487883,20:25:00,2024-06-06
202400003376,12:15,Plein jour,75,75107,2,2,1,3.0,BOULEVARD SAINT GERMAIN,48.85444748,2.33044615,12:15:00,2024-10-22
202400003377,14:40,Plein jour,07,07216,1,1,1,3.0,D533,44.964411,4.626548,14:40:00,2024-06-07
202400003378,00:20,,75,75101,2,2,2,7.0,BOULEVARD DE SEBASTOPOL,48.863418,2.350937,00:20:00,2024-10-22
202400003379,16:20,Plein jour,07,07338,2,1,2,6.0,Allée de Prat,44.905929,4.6508,16:20:00,2024-06-07
202400003380,18:30,Plein jour,75,75101,2,2,1,7.0,RUE DU LOUVRE,48.863925,2.342345,18:30:00,2024-10-15
202400003381,19:00,Plein jour,37,37254,1,1,1,2.0,Montouvrin,47.183938,0.846419,19:00:00,2024-06-06
202400003382,19:05,Plein jour,75,75103,2,3,1,3.0,BOULEVARD BEAUMARCHAIS,48.857609,2.367999,19:05:00,2024-10-20
202400003383,10:55,Plein jour,48,48129,1,3,8,3.0,D34,44.72117,3.781013,10:55:00,2024-06-06
202400003384,19:06,,94,94074,2,1,1,1.0,Rue le Bois Cerdon,48.72773,2.47551,19:06:00,2024-10-21
202400003385,01:15,Nuit sans éclairage,24,24568,1,1,1,6.0,1 Chemin des Grands Champs,44.844087,0.093529,01:15:00,2024-06-07
202400003386,14:00,Plein jour,94,94068,2,2,1,6.0,Avenue Foch,48.79939,2.49907,14:00:00,2024-10-22
202400003387,00:15,,94,94043,2,1,2,3.0,Avenue de Fontainebleau,48.81299,2.36131,00:15:00,2024-10-22
202400003388,17:35,Plein jour,973,97309,2,2,1,1.0,Route du Mahury,4.885587,-52.275825,17:35:00,2024-06-06
202400003389,12:45,Plein jour,68,68278,1,1,1,6.0,A35 PK 103.800,47.74896566,7.42054687,12:45:00,2024-06-07
202400003390,08:50,Plein jour,94,94041,2,1,1,3.0,Boulevard du Colonel Fabien,48.81457253,2.40329146,08:50:00,2024-10-22
202400003391,00:10,,94,94028,2,1,2,6.0,Avenue de Verdun,48.79872194,2.4652116,00:10:00,2024-10-22
202400003392,10:25,Plein jour,38,38150,2,4,1,1.0,Chemin de Malvaisin,45.206215,5.849398,10:25:00,2024-06-06
202400003393,08:15,Plein jour,06,06088,1,1,1,4.0,Voie liaison boulevard de la Madeleine - chemin de la Costière,43.72245827,7.22431944,08:15:00,2024-06-07
202400003394,04:45,,94,94017,2,3,1,3.0,Rue Louis Talamoni,48.81271,2.5141,04:45:00,2024-10-21