Num_Acc,hrmn,lum,dep,com,agg,int,atm,col,adr,lat,long,heure,date
202400003395,09:00,Plein jour,93,93059,2,1,1,6.0,CLOS (SENTIER DU),48.96352553,2.35591761,09:00:00,2024-10-22
202400003396,10:15,Plein jour,971,97121,2,1,1,3.0,RN2,16.215633,-61.782711,10:15:00,2024-06-01
202400003397,20:42,,93,93066,2,5,1,3.0,"""LANDY RD 20, NR IMPAIRS 1 A 144""",48.91538,2.35779,20:42:00,2024-10-22
202400003398,18:20,Plein jour,33,33527,2,3,1,1.0,Unknown,44.63097,-1.032051,18:20:00,2024-06-04
202400003399,22:37,,93,93032,2,3,2,3.0,PAUL VAILLANT COUTURIER (RUE),48.87917972,2.54657857,22:37:00,2024-10-21
202400003400,08:20,Plein jour,91,91041,1,1,1,3.0,N20,48.564105,2.228959,08:20:00,2024-06-06
202400003401,19:53,Plein jour,91,91200,1,9,1,2.0,Route de Liphard,48.536465,2.015368,19:53:00,2024-06-06
202400003402,16:50,Plein jour,93,93079,2,3,1,3.0,SAINT LEU (ROUTE),48.95412052,2.3351785,16:50:00,2024-10-22
202400003403,08:44,Plein jour,66,66013,1,1,1,3.0,Unknown,42.576058,2.518637,08:44:00,2024-06-07
202400003404,22:00,,93,93029,2,1,2,6.0,JEAN JAURES (AVENUE) N°,48.91933,2.4524,22:00:00,2024-10-21
202400003405,12:00,Plein jour,93,93010,2,1,1,6.0,VILLEMOMBLE (RTE DE) DE 132 A 169,48.8919529,2.48925979,12:00:00,2024-10-22
202400003406,16:20,Plein jour,83,83030,1,1,1,1.0,D43,43.37592,6.088507,16:20:00,2024-06-06
202400003407,08:00,,92,92064,1,1,1,6.0,MARECHAL JUIN,48.83405461,2.22211428,08:00:00,2024-10-21
202400003408,15:00,Plein jour,52,52269,2,1,1,6.0,Avenue de la Gare de la Bonnelle (Pont),47.854624,5.3247,15:00:00,2024-06-06
202400003409,19:04,Plein jour,92,92051,2,2,1,3.0,"ROULE (AVENUE DU, N° 29 A 91 ET 30 A 86)",48.88186975,2.28017226,19:04:00,2024-10-22
202400003410,17:26,Plein jour,88,88474,1,1,1,2.0,D164,48.298926,5.732127,17:26:00,2024-06-07
202400003411,20:07,,92,92049,2,1,1,3.0,BARBUSSE RUE HENRI N°1A 3 ET2 A 10,48.81476351,2.30995148,20:07:00,2024-10-21
202400003412,11:55,Plein jour,57,57360,1,3,7,3.0,D31,49.15779243,6.96911162,11:55:00,2024-06-07
202400003413,16:50,Plein jour,84,84143,1,1,1,7.0,Route de l'Appié,43.99031,5.159352,16:50:00,2024-10-19
202400003414,17:40,Plein jour,73,73253,1,1,1,6.0,N90,45.50954148,6.56512028,17:40:00,2024-06-05
202400003415,14:00,Plein jour,95,95487,2,1,1,3.0,D78,49.14879827,2.28055644,14:00:00,2024-10-23
202400003416,08:32,Plein jour,01,01185,1,9,1,1.0,Route départementale 8,45.981296,5.575384,08:32:00,2024-06-07
202400003417,18:30,Plein jour,41,41055,1,1,7,2.0,D952,47.49843,1.228656,18:30:00,2024-10-22
202400003418,03:30,Nuit sans éclairage,69,69249,1,1,1,6.0,Route de Saint-Martin En Haut,45.67728953,4.63530961,03:30:00,2024-06-07
202400003419,11:40,Plein jour,21,21529,1,1,1,2.0,A6,47.409466,4.342078,11:40:00,2024-10-23
202400003420,17:25,Crépuscule,83,83073,1,1,1,7.0,Dn7,43.395787,6.291647,17:25:00,2024-10-23
202400003421,16:08,Plein jour,69,69273,2,1,1,3.0,32 Rue Colière,45.683796,4.93277,16:08:00,2024-06-04
202400003422,18:30,Plein jour,56,56165,2,6,1,3.0,giratoire henri thebault,47.943084,-2.39724,18:30:00,2024-10-22
202400003423,14:35,Plein jour,79,79049,1,1,1,2.0,Unknown,46.896515,-0.473678,14:35:00,2024-06-06
202400003424,22:45,,63,63178,2,1,2,6.0,Chemin du Bout du Monde,45.54346887,3.25531125,22:45:00,2024-10-22
202400003425,07:25,Crépuscule,17,17385,1,1,1,7.0,Route de Matha à Saint Pierre,45.932076,-1.303119,07:25:00,2024-06-07
202400003426,12:24,Plein jour,12,12021,1,1,1,5.0,D648,44.295235,2.107176,12:24:00,2024-10-23
202400003427,16:25,Plein jour,44,44103,1,1,1,3.0,32 Rue de la Chalandière,47.329956,-2.182272,16:25:00,2024-06-06
202400003428,12:20,Plein jour,22,22354,1,1,1,1.0,COZ PARCOU,48.571184,-3.244679,12:20:00,2024-10-22
202400003429,14:15,Plein jour,22,22161,1,6,1,6.0,rue saint loup,48.574804,-3.14349,14:15:00,2024-06-05
202400003430,10:30,Plein jour,39,39478,2,1,2,1.0,Route de Lyon,46.380744,5.832785,10:30:00,2024-10-22
202400003431,15:45,Plein jour,27,27315,1,1,1,1.0,D125,49.24761,1.521435,15:45:00,2024-06-07
202400003432,09:30,Crépuscule,29,29077,1,1,7,6.0,34 Route du Curnic,48.635921,-4.418321,09:30:00,2024-10-22
202400003433,17:30,Plein jour,76,76043,1,1,1,7.0,378 Rue d?Yvetot,49.599224,0.728391,17:30:00,2024-06-06
202400003434,05:30,Nuit sans éclairage,02,02382,1,3,1,1.0,Unknown,49.865036,3.211752,05:30:00,2024-10-19
202400003435,18:00,Plein jour,60,60589,1,1,1,4.0,D44,49.212383,2.432512,18:00:00,2024-06-06
202400003436,13:44,Plein jour,80,80461,1,3,1,5.0,D1,49.902718,2.390925,13:44:00,2024-06-07
202400003437,12:00,Plein jour,72,72316,1,1,2,3.0,D2,48.334871,0.378556,12:00:00,2024-10-20
202400003438,19:40,Plein jour,62,62471,2,4,1,6.0,D198,50.671829,2.2434,19:40:00,2024-06-06
202400003439,16:45,Plein jour,14,14336,1,1,1,7.0,2 Route Le Vesque,49.141526,-0.652943,16:45:00,2024-10-23
202400003440,10:45,Plein jour,50,50304,1,3,1,1.0,Le Mesnil-Aubert,48.944303,-1.38961,10:45:00,2024-10-23
202400003441,13:55,Plein jour,59,59401,1,3,1,6.0,not boone straete,50.772103,2.674377,13:55:00,2024-06-07
202400003442,15:55,Plein jour,60,60151,1,1,1,6.0,N31,49.434502,2.863489,15:55:00,2024-10-23
202400003443,19:05,Plein jour,83,83137,1,1,1,6.0,A50 TUNNEL TUBE NORD,43.12779581,5.92583657,19:05:00,2024-06-06
202400003444,01:15,,60,60104,2,4,5,6.0,Rue de Paris,49.627823,2.300338,01:15:00,2024-10-20
202400003445,19:30,,64,64495,2,3,2,3.0,D918,43.356249,-1.569197,19:30:00,2024-10-14
202400003446,12:15,Plein jour,36,36021,2,1,1,6.0,Unknown,46.98174801,1.97428093,12:15:00,2024-10-22
202400003447,17:10,Plein jour,33,33122,1,1,1,4.0,Unknown,44.75292,-0.69081,17:10:00,2024-06-06
202400003448,16:33,Plein jour,33,33039,1,1,1,3.0,Unknown,44.79145,-0.54019,16:33:00,2024-06-06
202400003449,18:15,Plein jour,36,36065,1,2,1,5.0,Unknown,47.0501791,2.02437086,18:15:00,2024-10-22
202400003450,15:00,Plein jour,24,24183,1,1,1,6.0,Chemin de la Rosière de Tursac,45.00415183,1.05330348,15:00:00,2024-10-15
202400003451,10:35,Plein jour,33,33550,1,1,1,4.0,Unknown,44.7779,-0.5645,10:35:00,2024-06-04
202400003452,03:08,Nuit sans éclairage,94,94065,1,1,1,6.0,A106,48.75032218,2.35570164,03:08:00,2024-06-06
202400003453,12:55,Plein jour,85,85028,2,2,2,3.0,RD24,46.390408,-0.688504,12:55:00,2024-10-19
202400003454,08:00,Crépuscule,27,27105,1,2,5,3.0,RD313,49.311012,0.849973,08:00:00,2024-10-23
202400003455,15:49,Plein jour,92,92047,1,1,1,4.0,A13,48.83595348,2.18276684,15:49:00,2024-06-05
202400003456,07:45,Crépuscule,30,30294,1,9,1,7.0,Route de Bagnols,44.130441,4.123752,07:45:00,2024-10-23
202400003457,08:00,Plein jour,06,06018,1,6,1,1.0,105 Route des Chappes,43.61539,7.080871,08:00:00,2024-10-23
202400003458,15:00,Plein jour,987,98715,2,1,7,3.0,"pk 4.3, au niveau de NEW FAI",-17.554293,-149.601549,15:00:00,2024-10-22
202400003459,18:00,Crépuscule,33,33468,1,1,1,1.0,Unknown,44.800132,0.032474,18:00:00,2024-10-22
202400003460,16:30,Plein jour,11,11202,1,1,1,7.0,Unknown,42.856596,3.032237,16:30:00,2024-10-22
202400003461,07:53,Plein jour,92,92048,1,9,1,4.0,N118,48.80367737,2.21401506,07:53:00,2024-06-05
202400003462,08:45,Plein jour,77,77344,1,1,5,1.0,Route départementale 41,49.057966,2.799095,08:45:00,2024-10-23
202400003463,12:00,Plein jour,93,93005,1,1,1,2.0,A3,48.95493345,2.47355044,12:00:00,2024-06-06
202400003464,02:50,Nuit sans éclairage,92,92078,1,1,1,6.0,AUTOROUTE A86,48.92764791,2.33254761,02:50:00,2024-06-06
202400003465,16:25,Plein jour,13,13105,2,2,1,3.0,Chemin Donne,43.745212,5.070931,16:25:00,2024-10-17
202400003466,16:20,Plein jour,17,17155,2,1,1,6.0,71 Rue Charles Hérve,45.731217,-1.09715,16:20:00,2024-10-23
202400003467,19:15,Crépuscule,33,33533,1,1,1,7.0,Unknown,44.564469,-0.277319,19:15:00,2024-10-21
202400003468,18:40,Plein jour,22,22326,1,1,1,6.0,L'Hotier,48.444045,-2.410394,18:40:00,2024-10-22
202400003469,13:21,Plein jour,60,60341,1,6,1,2.0,Avenue de la gare,49.097258,2.740354,13:21:00,2024-10-22
202400003470,18:28,Plein jour,13,13001,1,1,1,2.0,A51-Sens Marseille vers Aix en Provence,43.47648474,5.4078131,18:28:00,2024-10-22
202400003471,10:00,Plein jour,13,13081,1,1,1,2.0,A7-Sens Lyon vers Marseille,43.47811878,5.23904762,10:00:00,2024-10-22
202400003472,07:45,Nuit sans éclairage,33,33448,1,1,1,2.0,Unknown,44.715448,-0.518511,07:45:00,2024-10-21
202400003473,18:30,Crépuscule,59,59581,1,1,1,2.0,AUTOROUTE A25,50.69661,2.80243,18:30:00,2024-10-16
202400003474,14:20,Plein jour,91,91228,1,1,1,4.0,AUTOROUTE A6,48.62831,2.41236,14:20:00,2024-10-22
202400003475,19:57,Crépuscule,92,92025,1,1,1,2.0,A86,48.91903976,2.22360689,19:57:00,2024-10-21
202400003476,18:25,Crépuscule,93,93066,1,1,1,6.0,AUTOROUTE A1,48.93311271,2.3757853,18:25:00,2024-10-22
202400003477,11:00,Plein jour,93,93064,1,1,1,5.0,AUTOROUTE A103,48.88657,2.4827,11:00:00,2024-10-22
202400003478,19:45,Nuit sans éclairage,95,95582,1,1,1,2.0,A115,48.98269853,2.24130481,19:45:00,2024-10-21
202400003479,08:00,Crépuscule,94,94079,1,1,1,2.0,A4,48.8354459,2.53871181,08:00:00,2024-10-22
202400003480,06:40,,94,94052,1,1,2,2.0,A86,48.84229175,2.49300327,06:40:00,2024-10-22
202400003481,12:00,Plein jour,75,75106,2,4,8,6.0,RUE DAUPHINE,48.854181,2.338944,12:00:00,2024-04-04
202400003482,17:40,Plein jour,74,74118,1,1,1,3.0,A411,46.18191,6.22619,17:40:00,2024-06-13
202400003483,13:57,Plein jour,74,74243,1,1,1,1.0,D1206,46.142167,6.096323,13:57:00,2024-08-21
202400003484,11:15,Plein jour,74,74193,1,1,1,7.0,D215,46.11898557,6.18008047,11:15:00,2024-06-24
202400003485,11:55,Plein jour,74,74043,1,4,1,3.0,D35,46.261889,6.356669,11:55:00,2024-07-20
202400003486,12:30,Plein jour,74,74118,1,1,1,2.0,ZONE (ROUTE DE),46.17195472,6.2107689,12:30:00,2024-08-17
202400003487,09:10,Plein jour,74,74206,2,3,2,5.0,Route du lyaud,46.320089,6.498606,09:10:00,2024-07-21
202400003488,03:15,,74,74012,2,1,1,1.0,GARE (RUE DE LA),46.1942,6.23375,03:15:00,2024-08-04
202400003489,22:45,,74,74008,2,1,1,3.0,JEAN-JAURES (RUE),46.1944,6.22412,22:45:00,2024-08-09
202400003490,11:10,Plein jour,74,74275,1,9,1,7.0,D42,45.816734,6.244395,11:10:00,2024-08-10
202400003491,16:20,Plein jour,74,74080,1,1,1,7.0,D909,45.87984422,6.44777083,16:20:00,2024-08-20
202400003492,17:39,Plein jour,74,74058,1,1,1,7.0,D22,46.282124,6.82001,17:39:00,2024-07-24
202400003493,10:45,Plein jour,74,74043,1,1,1,2.0,Avenue des fully,46.272992,6.341976,10:45:00,2024-07-02
202400003494,20:00,Plein jour,74,74006,2,1,1,6.0,559 Route du chef lieu,46.000958,6.117885,20:00:00,2024-07-05
202400003495,16:55,Plein jour,74,74105,2,1,1,2.0,Avenue du bas chablais,46.310263,6.301625,16:55:00,2024-07-27
202400003496,16:40,Plein jour,74,74010,2,1,1,6.0,2 Rue de sansy (Annecy),45.888384,6.11548,16:40:00,2024-06-29
202400003497,22:45,Nuit sans éclairage,74,74312,1,1,1,7.0,A40,46.06998,6.47608,22:45:00,2024-07-21
202400003498,18:55,Plein jour,74,74043,2,6,1,6.0,Avenue louis armand,46.265953,6.36831,18:55:00,2024-06-24
202400003499,17:45,Plein jour,75,75112,2,1,1,3.0,QUAI DE BERCY,48.8329,2.3835,17:45:00,2024-03-22
202400003500,12:10,Plein jour,75,75111,2,7,1,2.0,PLACE DE LA BASTILLE,48.853517,2.369553,12:10:00,2024-03-22
202400003501,07:40,Plein jour,75,75111,2,7,1,6.0,BOULEVARD VOLTAIRE,48.857707,2.380376,07:40:00,2024-03-22
202400003502,18:44,Crépuscule,75,75110,2,4,1,6.0,RUE DU FAUBOURG SAINT MARTIN,48.87610242,2.36062843,18:44:00,2024-03-22
202400003503,13:17,Plein jour,75,75104,2,3,1,7.0,QUAI DE L HOTEL DE VILLE,48.854434,2.355021,13:17:00,2024-03-22
202400003504,13:40,Plein jour,94,94074,2,1,1,2.0,Avenue Henri Barbusse,48.76515514,2.44172913,13:40:00,2024-03-22
202400003505,19:45,,94,94068,2,2,1,3.0,Boulevard de la Marne / Avenue de Bonneuil,48.79169534,2.50363049,19:45:00,2024-03-21
202400003506,13:10,Plein jour,94,94068,2,1,1,3.0,Avenue Raspail,48.78624,2.48568,13:10:00,2024-03-21
202400003507,16:45,Plein jour,94,94076,2,2,1,6.0,Rue Jean Baptiste Clément / Boulevard Paul Vaillant Couturier,48.795777,2.367648,16:45:00,2024-03-22
202400003508,05:07,,94,94037,2,9,1,3.0,Rue Gabriel Péri / Rue Jacques Destrée,48.81570158,2.35612075,05:07:00,2024-03-21
202400003509,09:55,Plein jour,94,94033,2,1,1,6.0,Avenue du Val de Fontenay,48.85378702,2.48785615,09:55:00,2024-03-21
202400003510,09:00,Plein jour,93,93048,2,2,1,6.0,Rue Parmentier / Rue Etienne Marcel,48.85763,2.42771,09:00:00,2024-03-22
202400003511,18:20,Plein jour,93,93057,2,3,1,6.0,Avenue Aristide Briand / Rue Georges,48.90787,2.493859,18:20:00,2024-03-22
202400003512,08:00,Plein jour,93,93005,2,2,1,5.0,Rue Paul Cézanne / Rue Fernand de Magellan,48.952877,2.49448,08:00:00,2024-03-22
202400003513,00:10,,92,92046,2,1,1,6.0,CAMELINAT,48.81233672,2.29934514,00:10:00,2024-03-22
202400003514,22:10,,92,92050,2,1,2,6.0,REPUBLIQUE AVENUE DE LA,48.90964366,2.21753526,22:10:00,2024-03-22
202400003515,07:43,Plein jour,92,92050,2,3,1,3.0,GRANDS PRES RUE DES,48.91006358,2.2151168,07:43:00,2024-03-21
202400003516,08:10,Plein jour,92,92050,1,4,1,2.0,PREMIER MAI RUE DU,48.91867237,2.22263512,08:10:00,2024-03-21
202400003517,07:00,Crépuscule,92,92048,2,1,1,7.0,SORRIERES (RUE DES),48.81625395,2.24470791,07:00:00,2024-03-22
202400003518,18:20,Plein jour,92,92036,2,3,1,3.0,GRESILLONS (AVENUE DES) (103/139),48.91805388,2.30924816,18:20:00,2024-03-22
202400003519,17:50,Plein jour,92,92036,2,1,1,6.0,GABRIEL PERI (AVENUE) (147/177),48.92339175,2.29471993,17:50:00,2024-03-21
202400003520,00:10,,92,92036,2,3,1,3.0,SORTIE A 86,48.93818781,2.300492,00:10:00,2024-03-22
202400003521,14:30,Plein jour,92,92026,2,1,1,3.0,VERDUN (DE 01 A 61),48.89985074,2.26136148,14:30:00,2024-03-22
202400003522,13:05,Plein jour,92,92026,2,1,1,6.0,PRÉSIDENT PAUL DOUMER (QUAI DU),48.89117376,2.25759512,13:05:00,2024-03-22
202400003523,20:15,Crépuscule,92,92023,2,6,1,1.0,HENRI BARBUSSE (AVENUE),48.80538476,2.25922018,20:15:00,2024-03-21
202400003524,12:45,Plein jour,92,92019,2,3,1,6.0,DIVISION LECLERC (AVENUE DE LA),48.76552161,2.26034492,12:45:00,2024-03-22
202400003525,08:55,Plein jour,92,92012,2,1,1,3.0,ANDRE MORIZET (AVENUE) 1/47 - 2/52,48.83519313,2.24099225,08:55:00,2024-03-21
202400003526,10:24,Plein jour,92,92004,2,3,1,6.0,PIERRE DURAND,48.9097143,2.28987318,10:24:00,2024-03-21
202400003527,11:50,Plein jour,49,49092,2,6,1,3.0,Rue du Docteur Joseph Barbary (Chemillé),47.216788,-0.720634,11:50:00,2024-03-07
202400003528,19:50,Nuit sans éclairage,76,76041,1,1,2,3.0,A29 PK 068+200,49.643047,0.755737,19:50:00,2024-03-22
202400003529,15:40,Plein jour,972,97213,1,1,7,3.0,Pelletier,14.655107,-60.973156,15:40:00,2024-03-22
202400003530,12:30,Plein jour,63,63446,1,2,1,5.0,D2009 / D83,46.054184,3.207351,12:30:00,2024-03-23
202400003531,14:50,Plein jour,29,29053,1,1,8,6.0,N165,48.3035132,-4.18494774,14:50:00,2024-03-22
202400003532,20:55,Nuit sans éclairage,47,47233,1,1,1,1.0,Bordeneuve,44.5450732,0.0875468,20:55:00,2024-03-22
202400003533,14:34,Plein jour,62,62499,1,3,2,3.0,D901,50.37822474,1.72883892,14:34:00,2024-03-22
202400003534,14:05,Plein jour,56,56033,1,1,1,6.0,Lezalain,47.816587,-2.084924,14:05:00,2024-03-23
202400003535,21:40,,77,77159,2,1,1,7.0,24 Rue du Montpensier,48.479657,3.139536,21:40:00,2024-03-22
202400003536,17:30,Plein jour,76,76228,1,2,2,5.0,Route de la Voie Romaine,49.636495,0.82038,17:30:00,2024-03-22
202400003537,13:30,Plein jour,2B,2B319,1,1,1,6.0,RT10,42.414301,9.529921,13:30:00,2024-03-23
202400003538,20:40,Nuit sans éclairage,65,65284,1,1,1,4.0,Route de Juillan,43.186443,0.017257,20:40:00,2024-03-22
202400003539,14:50,Plein jour,63,63453,2,1,1,7.0,Avenue Jean Moulin,45.785067,3.290148,14:50:00,2024-03-23
202400003540,12:00,Plein jour,76,76711,2,3,1,3.0,Avenue Jules Massenet,50.056533,1.384202,12:00:00,2024-03-23
202400003541,19:45,Nuit sans éclairage,49,49008,1,1,1,2.0,D770,47.576652,-0.947286,19:45:00,2024-03-21
202400003542,14:00,Plein jour,42,42234,1,3,1,3.0,Route de Fontanès,45.527817,4.384103,14:00:00,2024-03-21
202400003543,21:15,Nuit sans éclairage,25,25240,1,1,1,1.0,D461,47.047588,6.639401,21:15:00,2024-03-22
202400003544,15:22,Plein jour,25,25529,2,1,1,3.0,1 Route de Clerval,47.309154,6.594538,15:22:00,2024-03-22
202400003545,08:20,Plein jour,38,38044,2,4,7,3.0,D520,45.491818,5.385447,08:20:00,2024-03-21
202400003546,11:20,Plein jour,02,02665,1,1,1,5.0,Unknown,49.254249,3.368125,11:20:00,2024-03-23
202400003547,00:30,Nuit sans éclairage,02,02261,2,1,2,3.0,Rue de Crécy,49.700132,3.682217,00:30:00,2024-03-23
202400003548,15:45,Plein jour,54,54076,2,9,1,2.0,Rue de la Gare,48.55946,6.39958,15:45:00,2024-03-22
202400003549,06:00,Nuit sans éclairage,72,72021,1,1,1,6.0,Lieu Dit Chambourdon,47.864533,-0.160729,06:00:00,2024-03-23
202400003550,05:45,Nuit sans éclairage,72,72143,1,1,1,1.0,D304,47.844515,0.481961,05:45:00,2024-03-22
202400003551,12:00,Plein jour,14,14578,1,1,1,3.0,D579,49.369698,0.210114,12:00:00,2024-03-23
202400003552,15:00,Plein jour,90,90007,1,1,1,1.0,RN 19,47.59181,6.798606,15:00:00,2024-03-23
202400003553,18:30,Plein jour,09,09189,1,1,1,1.0,Les Bordes d?En Haut,42.63004,1.825775,18:30:00,2024-03-23
202400003554,09:10,Plein jour,09,09328,1,1,1,1.0,RN 20,42.79072937,1.68438032,09:10:00,2024-03-23
202400003555,17:00,Plein jour,21,21614,1,2,1,3.0,D112,47.441573,5.21042,17:00:00,2024-03-22
202400003556,15:10,Plein jour,21,21196,1,1,1,1.0,RD974,46.933274,4.751863,15:10:00,2024-03-23
202400003557,17:50,Plein jour,85,85254,1,2,1,3.0,D960 bis,46.798546,-0.725119,17:50:00,2024-03-22
202400003558,07:50,Plein jour,52,52550,1,9,1,6.0,Rue de la Madeleine,48.508872,4.940329,07:50:00,2024-03-23
202400003559,18:20,Plein jour,52,52425,1,1,7,3.0,D 140 A,47.640587,5.224198,18:20:00,2024-03-22
202400003560,18:00,Crépuscule,18,18140,1,1,1,3.0,Unknown,47.139351,1.964064,18:00:00,2024-03-22
202400003561,01:40,Nuit sans éclairage,82,82051,1,1,1,6.0,Route de Moissac,44.177864,1.134768,01:40:00,2024-07-08
202400003562,17:55,Plein jour,82,82088,2,1,1,7.0,D922,44.151624,1.977308,17:55:00,2024-07-09
202400003563,20:45,Nuit sans éclairage,31,31161,1,1,1,2.0,"Autoroute A61, point kilomérique 250+980",43.48145269,1.55249411,20:45:00,2024-03-22
202400003564,21:00,Crépuscule,65,65119,1,1,1,6.0,D7,43.415912,0.035105,21:00:00,2024-07-09
202400003565,10:15,Plein jour,51,51507,1,1,4,7.0,autoroute A4,49.086403,4.970369,10:15:00,2024-03-23
202400003566,15:45,Plein jour,988,98827,1,1,1,7.0,Presqu'île de Muéo - Népoui,-21.319221,164.994028,15:45:00,2024-03-23
202400003567,21:35,Nuit sans éclairage,71,71173,1,2,2,3.0,5 Route de Quain,46.749014,5.177216,21:35:00,2024-07-09
202400003568,16:00,Plein jour,973,97306,1,1,1,1.0,CD 9 PK 30,5.598533,-53.70629,16:00:00,2024-03-22
202400003569,11:55,Plein jour,63,63430,1,1,1,6.0,D906,45.836256,3.506345,11:55:00,2024-07-09
202400003570,14:55,Plein jour,12,12177,1,4,1,1.0,D45,44.413383,2.88316,14:55:00,2024-07-10
202400003571,17:45,Plein jour,12,12224,2,1,1,7.0,Route des Plantiers,44.469745,2.9689,17:45:00,2024-07-09
202400003572,09:30,Plein jour,30,30010,1,1,1,1.0,Anduze,44.041592,3.984786,09:30:00,2024-03-23
202400003573,23:45,,12,12048,2,1,2,6.0,Route d'Entraygues Lieu-dit Banhars,44.671311,2.578979,23:45:00,2024-07-09
202400003574,15:10,Plein jour,34,34128,2,1,1,1.0,Rue du Chemin Neuf,43.91899,3.72649,15:10:00,2024-03-23
202400003575,18:35,Plein jour,68,68134,2,2,1,3.0,D1,48.016683,7.308472,18:35:00,2024-07-09
202400003576,18:25,Crépuscule,13,13084,1,4,1,1.0,D561,43.723994,5.315527,18:25:00,2024-03-23
202400003577,22:50,Nuit sans éclairage,39,39056,1,1,2,1.0,Unknown,46.752938,5.43953,22:50:00,2024-07-09
202400003578,08:00,Plein jour,67,67313,2,1,2,6.0,60 Rue du Marechal Foch,48.538566,7.45375,08:00:00,2024-03-18
202400003579,12:20,Plein jour,42,42051,1,9,1,7.0,Montée du Château d'Eau,45.484176,4.713811,12:20:00,2024-03-23
202400003580,21:56,,25,25240,1,2,1,1.0,D437,47.075697,6.617793,21:56:00,2024-07-09
202400003581,13:00,Plein jour,26,26085,1,2,1,3.0,Route Nationale 7,44.504525,4.743798,13:00:00,2024-03-21
202400003582,22:40,Nuit sans éclairage,44,44130,1,1,1,1.0,Unknown,47.10899,-1.545085,22:40:00,2024-07-08
202400003583,17:30,Plein jour,07,07324,1,1,1,6.0,197 Route de Lamastre,45.06516,4.793531,17:30:00,2024-03-23
202400003584,12:45,Plein jour,44,44223,2,1,1,6.0,3 Rue  Jean-Baptiste Legeay,47.055578,-1.512879,12:45:00,2024-07-10
202400003585,11:05,Plein jour,01,01043,2,1,1,3.0,Route Departementale 1084,45.833143,4.991854,11:05:00,2024-03-23
202400003586,05:30,Nuit sans éclairage,44,44119,1,1,1,6.0,1 le Grenit,46.984768,-1.783685,05:30:00,2024-07-10
202400003587,00:10,Nuit sans éclairage,85,85016,1,1,1,6.0,RD978,46.65826,-1.62316,00:10:00,2024-03-22
202400003588,17:00,Plein jour,60,60342,2,1,1,6.0,D262,49.311375,2.44916,17:00:00,2024-03-22
202400003589,12:20,Plein jour,35,35023,2,6,1,3.0,TOURNEBRIDE,48.208429,-1.941492,12:20:00,2024-07-10
202400003590,13:00,Plein jour,35,35117,1,1,3,2.0,D166,48.130062,-2.232177,13:00:00,2024-07-09
202400003591,06:25,Crépuscule,29,29220,1,1,1,7.0,Rue des Déportés,47.857505,-4.224104,06:25:00,2024-07-10
202400003592,23:00,,60,60057,2,2,1,3.0,Rue Pierre et Marie Curie,49.408493,2.112454,23:00:00,2024-03-22
202400003593,13:15,Plein jour,58,58245,1,1,1,1.0,Saint-Hilaire-Fontaine,46.807058,3.649285,13:15:00,2024-07-10
202400003594,15:50,Plein jour,59,59611,1,1,2,1.0,Rue de Lambersart,50.672258,3.003189,15:50:00,2024-03-22
202400003595,03:50,Nuit sans éclairage,59,59044,1,1,1,6.0,Rue de Tournai,50.607591,3.265085,03:50:00,2024-03-23
202400003596,15:35,Plein jour,66,66036,1,1,1,1.0,RD 66,42.52119506,2.20713615,15:35:00,2024-07-10
202400003597,16:47,Plein jour,13,13211,1,1,1,2.0,A50-Sens Aubagne vers Marseille,43.29060006,5.48826347,16:47:00,2024-03-22
202400003598,11:30,Plein jour,06,06120,1,9,1,7.0,route de la bonette,44.305701,6.90495,11:30:00,2024-07-10
202400003599,12:40,Plein jour,06,06073,1,1,1,6.0,M97,44.198436,7.125621,12:40:00,2024-07-07
202400003600,21:45,,33,33550,1,1,1,3.0,Unknown,44.771676,-0.555283,21:45:00,2024-03-22
202400003601,06:33,Crépuscule,90,90091,1,6,7,2.0,D83,47.689838,6.959903,06:33:00,2024-07-09
202400003602,17:20,Plein jour,33,33162,1,1,1,4.0,Unknown,44.87884,-0.62907,17:20:00,2024-03-20
202400003603,10:00,Plein jour,21,21071,1,1,1,7.0,D30h,47.458432,5.303285,10:00:00,2024-07-09
202400003604,20:45,Plein jour,40,40011,1,1,1,6.0,577 route d'amou,43.57563593,-0.78661859,20:45:00,2024-07-07
202400003605,04:35,Nuit avec éclairage,59,59359,1,1,1,5.0,AUTOROUTE A16,50.98405,2.22903,04:35:00,2024-03-21
202400003606,16:35,Plein jour,24,24520,2,1,1,6.0,31 Avenue de la Dordogne,44.87225631,1.20986044,16:35:00,2024-07-09
202400003607,15:00,Plein jour,91,91549,1,1,1,4.0,RN 104,48.62537,2.33599,15:00:00,2024-03-22
202400003608,08:20,Plein jour,85,85289,1,1,1,6.0,D128,46.6751617,-0.6553838,08:20:00,2024-07-10
202400003609,11:56,Plein jour,91,91136,1,1,1,4.0,AUTOROUTE A10,48.713539,2.286675,11:56:00,2024-03-22