Num_Acc,hrmn,lum,dep,com,agg,int,atm,col,adr,lat,long,heure,date
202400003610,18:10,Plein jour,85,85108,2,3,1,3.0,17 Rue georges clemenceau,46.906781,-1.377687,18:10:00,2024-06-14
202400003611,18:05,Plein jour,78,78073,1,1,1,2.0,RN12 EXT,48.79871,2.00248,18:05:00,2024-03-22
202400003612,13:00,Plein jour,92,92023,1,1,1,2.0,RN385,48.77619602,2.22827948,13:00:00,2024-03-22
202400003613,12:47,Plein jour,27,27448,1,1,1,1.0,N13  PK N° 011+328,49.011588,1.325682,12:47:00,2024-07-10
202400003614,13:30,Plein jour,987,98714,1,1,1,2.0,faanui,-16.482304,-151.749172,13:30:00,2024-07-09
202400003615,08:00,Plein jour,78,78640,1,1,1,4.0,A86 EXT,48.780232,2.185329,08:00:00,2024-03-21
202400003616,16:45,Plein jour,95,95582,1,1,1,3.0,A15,48.96713514,2.25481677,16:45:00,2024-03-22
202400003617,18:45,Plein jour,77,77094,1,1,1,7.0,N3,48.955834,2.785438,18:45:00,2024-07-09
202400003618,19:30,,93,93066,1,1,1,2.0,A1,48.91030991,2.35797606,19:30:00,2024-03-21
202400003619,19:30,Plein jour,78,78003,2,1,1,3.0,9 Rue des 3 Moulins,48.51033,1.838952,19:30:00,2024-07-06
202400003620,11:07,Plein jour,94,94052,1,1,1,5.0,A86,48.83730625,2.49415341,11:07:00,2024-03-22
202400003621,10:03,Plein jour,94,94074,1,1,1,2.0,N406,48.76556759,2.45886624,10:03:00,2024-03-22
202400003622,18:10,Plein jour,66,66037,2,1,1,3.0,Avenue Mediterranee,42.698393,3.023874,18:10:00,2024-07-09
202400003623,05:40,Nuit sans éclairage,75,75112,1,1,1,7.0,A4,48.82033,2.46061,05:40:00,2024-03-22
202400003624,11:10,Plein jour,33,33069,2,1,1,2.0,Avenue de l'Hippodrome,44.87451,-0.62719,11:10:00,2024-01-19
202400003625,19:30,Plein jour,06,06015,1,1,1,1.0,1735 Route des Escaillouns,43.827019,7.342097,19:30:00,2024-07-09
202400003626,18:32,Crépuscule,987,98735,2,6,1,2.0,POMARE (BVD BLOC MARINE),-17.53301,-149.569,18:32:00,2024-03-20
202400003627,14:30,Plein jour,04,04039,1,1,1,1.0,D952,43.838272,6.493886,14:30:00,2024-07-10
202400003628,16:40,Plein jour,974,97416,1,1,1,6.0,DE VILLIERS 5CHEMIN ADAM),-21.30333,55.42446,16:40:00,2024-03-21
202400003629,13:25,Plein jour,71,71024,1,1,1,6.0,"Lieu-dit ""l'Étang du Verne""",46.331783,4.022749,13:25:00,2024-07-08
202400003630,07:55,Plein jour,974,97416,1,1,1,4.0,RN3 (2),-21.31602,55.49148,07:55:00,2024-03-21
202400003631,18:00,Plein jour,69,69190,2,6,1,3.0,Rue Marcel Mérieux,45.76071,4.70588,18:00:00,2024-07-03
202400003632,11:40,Plein jour,973,97309,2,1,1,3.0,TIGRE (ROUTE DU),4.90563863,-52.30478704,11:40:00,2024-03-21
202400003633,17:50,Plein jour,973,97302,2,1,1,3.0,TIGRE (ROUTE DU),4.91016385,-52.30817199,17:50:00,2024-03-20
202400003634,15:00,Plein jour,973,97302,2,1,1,2.0,MADELEINE (ROUTE DE LA),4.91821,-52.32155,15:00:00,2024-03-20
202400003635,13:25,Plein jour,69,69207,1,1,1,3.0,12 Avenue Jacques Brel,45.88558773,4.80955297,13:25:00,2024-07-05
202400003636,13:10,Plein jour,65,65463,1,1,1,2.0,D918,42.878964,0.02444,13:10:00,2024-07-10
202400003637,12:15,Plein jour,973,97302,2,3,1,3.0,ZEPHIR (ROCADE),4.93795854,-52.30645001,12:15:00,2024-03-18
202400003638,00:06,Nuit sans éclairage,79,79048,1,6,2,7.0,Unknown,46.347505,-0.310283,00:06:00,2024-07-10
202400003639,09:15,Plein jour,69,69387,2,3,1,2.0,Avenue Debourg,45.73150189,4.82988314,09:15:00,2024-03-21
202400003640,17:31,Plein jour,69,69381,2,1,1,2.0,Quai Saint Vincent,45.76684,4.83002,17:31:00,2024-03-21
202400003641,15:00,Plein jour,17,17336,1,3,1,1.0,D137,45.776724,-0.698647,15:00:00,2024-07-09
202400003642,21:20,Nuit sans éclairage,971,97101,1,1,1,1.0,Rue Hubert FAROUIL,16.27386,-61.49951,21:20:00,2024-03-20
202400003643,01:35,Nuit sans éclairage,33,33168,1,1,1,6.0,Unknown,44.837803,0.031393,01:35:00,2024-07-07
202400003644,13:30,Plein jour,971,97120,2,1,1,6.0,FAIDHERBE (BOULEVARD),16.24114,-61.53586,13:30:00,2024-03-20
202400003645,10:15,Plein jour,85,85178,2,9,1,2.0,Rue du puy chabot,46.771515,-1.515309,10:15:00,2024-07-10
202400003646,23:30,,95,95219,2,3,1,2.0,MARECHAL FOCH (RUE DU),48.99257571,2.26060599,23:30:00,2024-03-21
202400003647,13:30,Plein jour,85,85240,2,1,1,3.0,17 Rue des vendéens,46.930587,-0.900638,13:30:00,2024-07-10
202400003648,07:16,Crépuscule,95,95127,1,1,1,3.0,N14,49.0556698,2.0486176,07:16:00,2024-03-21
202400003649,08:00,Plein jour,91,91589,2,3,1,6.0,AV JEAN JAURES,48.68217,2.35591,08:00:00,2024-03-21
202400003650,18:30,Plein jour,44,44037,1,2,1,3.0,Les Landes Bernard,47.126819,-1.450453,18:30:00,2024-07-08
202400003651,09:15,Plein jour,91,91432,2,6,7,3.0,AV FERDINAND DE LESSEPS,48.7014,2.33916,09:15:00,2024-03-20
202400003652,13:10,Plein jour,22,22262,2,1,2,6.0,Grand' Rue,48.403284,-2.910878,13:10:00,2024-07-09
202400003653,16:20,Plein jour,88,88209,2,1,9,3.0,ABBE HAUSTETE (RUE),48.19735,6.43712,16:20:00,2024-03-19
202400003654,10:00,Plein jour,76,76473,2,1,1,6.0,Rue du Petit Pont,49.496668,0.759628,10:00:00,2024-07-07
202400003655,14:00,Plein jour,86,86214,2,1,7,3.0,Avenue du Onze Novembre,46.563,0.345844,14:00:00,2024-03-21
202400003656,07:00,Plein jour,13,13106,1,1,1,2.0,A7-Sens Marseille vers Lyon,43.38849,5.35109,07:00:00,2024-07-08
202400003657,11:25,Plein jour,86,86027,2,2,1,1.0,Rue Nungesser,46.578765,0.314848,11:25:00,2024-03-20
202400003658,09:35,Plein jour,13,13026,1,1,1,2.0,A55-Sens Marseille vers Martigues,43.3786,5.1674,09:35:00,2024-07-08
202400003659,10:00,Plein jour,84,84007,2,2,1,3.0,FOLIE (Avenue de la),43.948,4.82222,10:00:00,2024-03-12
202400003660,22:15,Nuit sans éclairage,69,69297,1,1,1,2.0,Autoroute 7,45.62084413,4.81315864,22:15:00,2024-07-08
202400003661,13:55,Plein jour,78,78133,2,1,1,3.0,MANTES (ROUTE DE),48.91,2.03943,13:55:00,2024-03-21
202400003662,10:35,Plein jour,78,78172,2,1,1,6.0,AMBASSADEUR (RUE DE L'),49.007113,2.115597,10:35:00,2024-03-21
202400003663,23:50,Nuit sans éclairage,54,54557,1,1,1,2.0,Autoroute A 31,48.69236739,6.06554747,23:50:00,2024-07-06
202400003664,07:50,Plein jour,77,77243,2,9,1,3.0,SAINT DENIS  (RUE   ),48.879,2.70895,07:50:00,2024-03-21
202400003665,15:40,Plein jour,78,78238,1,1,1,6.0,A13,48.970526,1.884999,15:40:00,2024-07-08
202400003666,17:25,Plein jour,77,77181,2,3,1,3.0,ORANGERIE (ALLEE DE L'),48.82315,2.70712,17:25:00,2024-03-20
202400003667,14:15,Plein jour,95,95277,1,1,1,3.0,A3,48.97380183,2.48838243,14:15:00,2024-07-09
202400003668,22:35,Nuit sans éclairage,76,76382,1,1,5,5.0,RD 109,49.58905,0.53603,22:35:00,2024-03-21
202400003669,07:00,Plein jour,95,95582,1,1,1,3.0,A15,48.97562164,2.24024027,07:00:00,2024-07-09
202400003670,18:00,Plein jour,74,74010,2,1,1,6.0,GENEVE (AVENUE DE)(SECTEUR 410),45.91007,6.12377,18:00:00,2024-03-21
202400003671,17:30,Plein jour,93,93053,1,1,1,3.0,A86,48.88711502,2.47350081,17:30:00,2024-07-08
202400003672,20:40,,72,72181,2,7,1,6.0,ROOSEVELT FRANKLIN PL HAUT RUE NATIONALE,48.0013,0.19766,20:40:00,2024-03-20
202400003673,16:45,Plein jour,94,94018,1,1,1,3.0,A4,48.81991032,2.40340948,16:45:00,2024-07-09
202400003674,15:30,Plein jour,69,69276,1,1,1,3.0,Avenue Albert Ramboz,45.6780884,4.84665589,15:30:00,2024-03-20
202400003675,10:10,Plein jour,94,94074,1,1,1,4.0,N406,48.76541,2.45926,10:10:00,2024-07-09
202400003676,17:20,Plein jour,68,68066,2,3,1,1.0,BLEICH (RUE DE LA),48.07871,7.37084,17:20:00,2024-03-21
202400003677,19:30,,73,73008,2,6,2,3.0,D1201 - HOPITAUX CARREFOUR DES,45.69696,5.9075,19:30:00,2024-02-22
202400003678,19:05,,64,64445,2,1,1,3.0,MOHEDAN DU,43.31135581,-0.36963781,19:05:00,2024-02-18
202400003679,08:50,Plein jour,64,64122,2,1,1,6.0,DOMREMY(RD-PT),43.4837,-1.5439,08:50:00,2024-03-21
202400003680,05:00,Nuit sans éclairage,44,44162,1,1,8,3.0,Unknown,47.20116286,-1.61989696,05:00:00,2024-06-29
202400003681,19:00,Plein jour,82,82079,1,1,1,7.0,725 Route de Montauban,43.934924,1.360213,19:00:00,2024-04-14
202400003682,17:10,Plein jour,64,64024,2,1,1,3.0,ADOUR (AVENUE DE L'),43.5156275,-1.50125627,17:10:00,2024-03-21
202400003683,09:55,Nuit sans éclairage,82,82124,1,1,9,6.0,Route de Castelsarrasin,44.017777,1.304761,09:55:00,2024-04-10
202400003684,12:40,Plein jour,64,64102,2,1,1,2.0,GRENET (AVENUE HENRI),43.50315,-1.47526,12:40:00,2024-03-21
202400003685,22:25,Nuit sans éclairage,14,14175,2,1,2,6.0,Route de Juaye Mondaye,49.215137,-0.654491,22:25:00,2024-05-05
202400003686,13:24,Plein jour,63,63113,2,9,1,6.0,CLEMENTEL (BD ETIENNE),45.81119,3.1093,13:24:00,2024-03-20
202400003687,17:01,Plein jour,62,62573,2,1,1,6.0,D166,50.49532,2.89549,17:01:00,2024-03-20
202400003688,19:45,Plein jour,29,29039,2,1,1,6.0,Rue de Quimper,47.88375,-3.91932,19:45:00,2024-04-20
202400003689,17:15,Plein jour,62,62244,2,3,1,3.0,D127,50.9296,1.86988,17:15:00,2024-03-20
202400003690,20:15,Plein jour,29,29019,2,7,1,3.0,place des F.F.I.,48.416276,-4.492249,20:15:00,2024-04-27
202400003691,12:15,Plein jour,62,62178,2,1,1,3.0,Avenue de la Liberation,50.49754,2.58163,12:15:00,2024-03-21
202400003692,09:15,Plein jour,987,98736,1,1,1,3.0,HAMUTA VAL (RUE),-17.53991718,-149.54545856,09:15:00,2024-07-08
202400003693,08:15,Plein jour,60,60057,2,1,1,6.0,Avenue de l'Europe,49.44045,2.07667,08:15:00,2024-03-21
202400003694,09:26,Plein jour,973,97302,2,1,1,6.0,MONTABO (ROUTE DE) 3,4.93516,-52.29372,09:26:00,2024-07-08
202400003695,19:17,Plein jour,56,56260,2,1,1,6.0,DELESTRAINT(AVENUE DU GENERAL),47.65678,-2.7381,19:17:00,2024-03-20
202400003696,10:30,Plein jour,972,97213,2,1,1,2.0,AUTOROUTE A1,14.61834,-61.03115,10:30:00,2024-07-08
202400003697,13:50,Plein jour,972,97209,1,1,1,3.0,AUTOROUTE (A1),14.61853,-61.03932,13:50:00,2024-07-08
202400003698,17:48,Plein jour,56,56260,2,1,1,2.0,Boulevard de Pontivy,47.68173,-2.7687,17:48:00,2024-03-21
202400003699,12:20,Plein jour,56,56260,2,1,1,3.0,Rue de Normandie,47.64811,-2.78556,12:20:00,2024-03-21
202400003700,21:10,Nuit sans éclairage,971,97113,1,1,1,3.0,SECTION TOMBEAU,16.22491,-61.47735,21:10:00,2024-07-06
202400003701,00:11,Nuit sans éclairage,56,56121,2,6,1,7.0,Parking du Carrefour,47.76506,-3.39577,00:11:00,2024-03-21
202400003702,07:05,Plein jour,54,54357,2,2,1,3.0,Rue Gambetta,48.71293,6.1671,07:05:00,2024-03-21
202400003703,19:46,Crépuscule,2A,2A004,2,1,1,6.0,#BONAPARTE CHARLES  BD#,41.934,8.749,19:46:00,2024-07-08
202400003704,15:30,Plein jour,54,54395,2,2,1,6.0,Boulevard Insurection du Ghetto Varsovie,48.685719,6.181368,15:30:00,2024-03-20
202400003705,19:40,Plein jour,2A,2A004,1,1,1,1.0,1 Lotissement San Biaggio,41.94785,8.735038,19:40:00,2024-07-08
202400003706,07:36,Crépuscule,95,95491,2,9,1,6.0,PASTEUR (RUE),48.9993,2.23979,07:36:00,2024-07-07
202400003707,17:35,Plein jour,49,49328,2,2,1,6.0,BEAUREPAIRE (RUE),47.259514,-0.078753,17:35:00,2024-03-21
202400003708,12:15,Plein jour,49,49007,2,1,1,7.0,ONZE NOVEMBRE 1918 AVENUE,47.47084,-0.54531,12:15:00,2024-03-20
202400003709,15:10,Plein jour,91,91201,2,1,1,1.0,RUE ALPHONSE DAUDET,48.66052,2.428077,15:10:00,2024-07-08
202400003710,13:35,Plein jour,47,47201,1,1,1,3.0,CONDOM(ROUTE DE),44.1651784,0.59605551,13:35:00,2024-03-21
202400003711,08:05,Plein jour,83,83144,2,9,1,6.0,UNIVERSITE (AVE DE L'),43.13697582,6.00265503,08:05:00,2024-07-08
202400003712,08:45,Plein jour,45,45286,2,1,1,1.0,D951 PR 90 + 150,47.88922,1.92438,08:45:00,2024-03-21
202400003713,20:55,Plein jour,80,80021,2,2,1,1.0,ASSAS (RUE D'),49.87540172,2.31449425,20:55:00,2024-07-07
202400003714,07:43,Plein jour,45,45234,2,2,1,3.0,Allées Pierre Chevallier,47.90077,1.87667,07:43:00,2024-03-21
202400003715,11:00,Plein jour,44,44109,2,1,1,3.0,Pont Général Audibert,47.20835,-1.54925,11:00:00,2024-03-21
202400003716,00:01,Nuit sans éclairage,77,77186,1,6,1,1.0,D606 de l'obélisque à limite MORET,48.39704,2.6932,00:01:00,2024-07-07
202400003717,09:30,Plein jour,44,44109,2,2,1,3.0,32 Boulevard de Launay,47.21059,-1.57359,09:30:00,2024-03-21
202400003718,08:20,Plein jour,37,37261,2,1,1,6.0,CHURCHILL (BOULEVARD WINSTON),47.37365,0.6791,08:20:00,2024-03-21
202400003719,16:35,Plein jour,76,76341,1,1,1,4.0,RD 6015,49.50973,0.19851,16:35:00,2024-07-06
202400003720,19:57,,34,34301,2,3,1,6.0,VERDUN (BOULEVARD DE),43.4124,3.68595,19:57:00,2024-03-20
202400003721,08:30,Plein jour,76,76351,2,2,1,3.0,EMILE RENOUF,49.48938,0.10299,08:30:00,2024-07-08
202400003722,12:13,Plein jour,34,34172,2,1,1,6.0,MOULINS (AVENUE DES,43.62649,3.83852,12:13:00,2024-03-21
202400003723,19:05,Plein jour,76,76351,2,1,1,6.0,WINSTON CHURCHILL,49.49396,0.13634,19:05:00,2024-07-06
202400003724,08:45,Plein jour,34,34172,2,1,1,3.0,GREZES (RUE DES),43.61149,3.82843,08:45:00,2024-03-21
202400003725,09:45,Plein jour,34,34172,2,1,1,6.0,VENDEMIAIRE (RUE),43.60483,3.8983,09:45:00,2024-03-21
202400003726,09:40,Plein jour,73,73065,2,3,1,3.0,VERNIER (RUE DU DR),45.57659567,5.91944152,09:40:00,2024-07-04
202400003727,16:40,Plein jour,34,34172,2,1,8,3.0,Avenue de la Liberté,43.61226,3.82399,16:40:00,2024-03-20
202400003728,19:15,Plein jour,72,72181,2,9,1,3.0,LOUIS BLANC (QUAI),48.00661,0.192254,19:15:00,2024-07-07
202400003729,19:00,Plein jour,33,33063,2,3,1,3.0,Unknown,44.8298,-0.59616,19:00:00,2024-03-21
202400003730,07:50,Plein jour,71,71306,2,6,1,3.0,LUCY (RUE DE),46.6635,4.3407,07:50:00,2024-07-08
202400003731,16:15,Plein jour,33,33281,2,1,1,2.0,Unknown,44.84712,-0.71564,16:15:00,2024-03-21
202400003732,04:40,,31,31555,2,3,1,3.0,AV ETIENNE BILLIERES,43.59712694,1.42709747,04:40:00,2024-03-21
202400003733,18:55,Plein jour,69,69275,2,2,1,3.0,Avenue Jean Macé,45.76395,4.9564,18:55:00,2024-07-08
202400003734,14:00,Plein jour,29,29232,1,1,1,6.0,RN 165,48.03732559,-4.07945257,14:00:00,2024-03-21
202400003735,18:05,Plein jour,67,67482,2,1,1,7.0,PORTE DE L HOPITAL (RUE DE LA),48.57544,7.74999,18:05:00,2024-07-08
202400003736,16:37,Plein jour,29,29039,1,2,1,3.0,Rue de Kerambec,47.89426,-3.889813,16:37:00,2024-03-21
202400003737,17:55,Plein jour,67,67482,2,1,1,1.0,Quai Jean-Pierre Mayno,48.569248,7.734946,17:55:00,2024-07-08
202400003738,20:20,,29,29019,2,8,1,3.0,avenue 1ère D.F.L.,48.37579481,-4.55489169,20:20:00,2024-03-19
202400003739,20:45,Plein jour,59,59599,2,3,1,3.0,MAGENTA (RUE),50.70886,3.15973,20:45:00,2024-07-08
202400003740,18:20,Plein jour,59,59220,2,9,1,6.0,NOUVELLE RUE,50.603551,3.075061,18:20:00,2024-07-08
202400003741,07:40,Plein jour,27,27229,2,1,1,2.0,CHURCHILL (AVENUE WINSTON),49.01879,1.16429,07:40:00,2024-03-21
202400003742,08:00,Plein jour,18,18033,2,6,1,7.0,Avenue de Lattre de Tassigny,47.10183,2.41314,08:00:00,2024-03-21
202400003743,21:44,Plein jour,58,58194,2,3,1,3.0,LOUIS VICAT,46.9949,3.15292,21:44:00,2024-06-21
202400003744,14:00,Plein jour,56,56260,2,1,1,2.0,Rue de Bernus,47.65315,-2.76944,14:00:00,2024-07-08
202400003745,17:10,Plein jour,17,17300,2,4,1,6.0,GUITON   AVENUE JEAN (343-371),46.15948,-1.19971,17:10:00,2024-03-20
202400003746,17:30,Plein jour,13,13208,2,1,1,3.0,TURCAT MERY ALLÉE (ALLEE),43.28070579,5.38826335,17:30:00,2024-03-21
202400003747,06:50,Plein jour,54,54547,2,9,1,6.0,Route de Mirecourt,48.66731,6.19013,06:50:00,2024-07-07
202400003748,04:30,Crépuscule,13,13211,2,3,1,6.0,EMMANUEL ALLARD (RUE),43.29006473,5.44102057,04:30:00,2024-03-11
202400003749,11:30,Plein jour,50,50218,2,9,2,2.0,MATIGNON (AV DES),48.83797,-1.56667,11:30:00,2024-07-08
202400003750,12:50,Plein jour,50,50129,2,1,2,7.0,LOGES (CHEMIN DE LA),49.61707,-1.61726,12:50:00,2024-07-05
202400003751,16:25,Plein jour,13,13211,2,1,1,2.0,JEAN LOMBARD (AVENUE),43.289,5.43211,16:25:00,2024-03-20
202400003752,17:00,Plein jour,13,13028,2,1,1,1.0,Puits de brunet (Chemin),43.18648,5.60002,17:00:00,2024-03-21
202400003753,15:00,Plein jour,46,46042,1,1,1,7.0,Départementale 820,44.44703,1.41968,15:00:00,2024-05-14
202400003754,20:30,,13,13001,2,3,1,3.0,RD 10,43.53376,5.46293,20:30:00,2024-03-21
202400003755,20:25,Plein jour,45,45004,2,2,1,3.0,127 Rue du Marchais Rouge,47.98658,2.8023,20:25:00,2024-07-07
202400003756,07:50,Plein jour,11,11069,2,9,1,3.0,22bis Boulevard de Varsovie,43.21577,2.3484,07:50:00,2024-03-21
202400003757,18:35,Plein jour,45,45208,2,2,1,3.0,37 Rue Victor Méric,48.00135,2.7243,18:35:00,2024-07-06
202400003758,23:58,,42,42186,2,1,1,1.0,Rue Edouard Vaillant,45.521698,4.598732,23:58:00,2024-07-07
202400003759,01:04,,06,06088,2,1,1,7.0,Promenade des Anglais,43.69427,7.25771,01:04:00,2024-03-22
202400003760,17:55,Plein jour,41,41018,2,1,1,7.0,TUILERIES (LEVEE DES),47.594234,1.352366,17:55:00,2024-07-07
202400003761,13:52,Plein jour,37,37261,2,6,1,2.0,LOUIS XI (BOULEVARD),47.37361,0.67829,13:52:00,2024-07-08
202400003762,19:00,Crépuscule,01,01053,2,2,1,3.0,HERRIOT ( BOULEVARD EDOUARD COTE PAIR),46.21024,5.22151,19:00:00,2024-03-21
202400003763,13:08,Plein jour,37,37195,2,3,1,7.0,PROUDHON (AVENUE),47.3935,0.66283,13:08:00,2024-07-08
202400003764,18:20,Plein jour,75,75115,2,1,1,3.0,BD PERIPHERIQUE EXTERIEUR,48.834941,2.26804,18:20:00,2024-03-21
202400003765,16:40,Plein jour,75,75117,2,1,1,2.0,ECHANGEUR MAILLOT,48.88264301,2.28318608,16:40:00,2024-03-21
202400003766,10:05,Plein jour,35,35238,2,2,2,3.0,BRETAGNE (PLACE DE),48.10977616,-1.68421,10:05:00,2024-07-08
202400003767,08:55,Plein jour,75,75117,2,1,1,6.0,BD PERIPHERIQUE INTERIEUR,48.880137,2.281895,08:55:00,2024-03-21
202400003768,08:10,Plein jour,75,75117,2,1,1,2.0,BD PERIPHERIQUE INTERIEUR,48.879273,2.281529,08:10:00,2024-03-21
202400003769,00:01,,31,31555,2,3,1,3.0,AV DU GENERAL EISENHOWER,43.56218,1.390441,00:01:00,2024-07-09
202400003770,11:01,Plein jour,28,28220,1,9,1,3.0,ROUTE NATIONALE 123,48.41618,1.46373,11:01:00,2024-07-03
202400003771,14:00,Plein jour,75,75118,2,3,1,3.0,AVENUE DE LA PORTE D AUBERVILLIERS,48.90094,2.37013,14:00:00,2024-03-21
202400003772,08:00,Plein jour,26,26362,1,1,1,6.0,RN7,44.90231755,4.88389813,08:00:00,2024-07-07
202400003773,01:15,,75,75116,2,7,1,6.0,PLACE DE VARSOVIE,48.859982,2.290385,01:15:00,2024-03-21
202400003774,08:15,Plein jour,75,75114,2,4,1,7.0,RUE D ALESIA,48.82779,2.328965,08:15:00,2024-03-21
202400003775,22:00,Crépuscule,25,25056,2,4,1,3.0,VESOUL RUE DE (inf 52),47.25246,6.01674,22:00:00,2024-07-08
202400003776,22:16,,75,75113,2,4,1,6.0,RUE DE PATAY,48.827673,2.371311,22:16:00,2024-03-21
202400003777,04:50,Crépuscule,25,25056,2,2,1,3.0,BERTHELOT RUE,47.23554,5.9828,04:50:00,2024-07-08
202400003778,17:00,Plein jour,75,75113,2,4,1,3.0,RUE DE TOLBIAC,48.825731,2.347981,17:00:00,2024-03-21
202400003779,04:00,Nuit avec éclairage,14,14059,2,1,1,6.0,33 Avenue du Littoral,49.34857,0.05015,04:00:00,2024-07-08
202400003780,19:20,,75,75112,2,1,1,4.0,QUAI DE BERCY,48.828392,2.388366,19:20:00,2024-03-19
202400003781,11:45,Plein jour,13,13117,1,1,1,2.0,CD 9 ESTROUBLANS,43.42761,5.26172,11:45:00,2024-07-08
202400003782,17:25,Plein jour,75,75110,2,3,1,7.0,RUE DU FAUBOURG SAINT MARTIN,48.874908,2.358929,17:25:00,2024-03-21
202400003783,12:24,Plein jour,05,05023,2,1,1,6.0,BALPIN (CHEMIN),44.887131,6.639098,12:24:00,2024-07-08
202400003784,08:40,Plein jour,75,75109,2,4,1,3.0,BOULEVARD DES CAPUCINES,48.871,2.334132,08:40:00,2024-03-21
202400003785,12:20,Plein jour,75,75107,2,3,1,3.0,AVENUE FREDERIC LE PLAY,48.853858,2.304782,12:20:00,2024-03-21
202400003786,22:13,,75,75112,2,1,1,2.0,PORTE DOREE,48.828768,2.398716,22:13:00,2024-07-07
202400003787,07:49,Plein jour,75,75107,2,4,1,6.0,BOULEVARD RASPAIL,48.852217,2.326753,07:49:00,2024-03-21
202400003788,21:00,,75,75115,2,3,1,6.0,QUAI BRANLY,48.85746818,2.29106516,21:00:00,2024-07-07
202400003789,18:35,Plein jour,94,94081,2,3,1,6.0,Avenue Jean Jaurès / Rue Désiré Granet,48.793761,2.398867,18:35:00,2024-03-20
202400003790,09:43,Plein jour,75,75119,2,2,1,3.0,AVENUE DE FLANDRE,48.885776,2.370957,09:43:00,2024-07-08
202400003791,08:05,Plein jour,94,94046,2,3,1,3.0,Rue de Mulhouse / Rue Jean Jaurès,48.796183,2.433698,08:05:00,2024-03-21
202400003792,06:40,Crépuscule,75,75116,2,7,1,3.0,PLACE CLEMENT ADER,48.851292,2.278499,06:40:00,2024-07-08
202400003793,17:15,Plein jour,94,94011,2,6,1,2.0,Avenue Rhin et Danube / Avenue de Boissy,48.76844,2.48844,17:15:00,2024-03-20
202400003794,13:30,Plein jour,75,75115,2,1,1,3.0,BOULEVARD DE VAUGIRARD,48.846389,2.317443,13:30:00,2024-07-07
202400003795,07:30,Plein jour,94,94055,2,9,1,2.0,Route de Provins / Rue Lavoisier,48.7969,2.54843,07:30:00,2024-03-21
202400003796,17:09,Plein jour,93,93070,2,1,1,3.0,Rue du Docteur Bauer,48.90949417,2.33866525,17:09:00,2024-03-21
202400003797,01:17,,75,75114,2,2,1,3.0,BOULEVARD JOURDAN,48.82136316,2.33436137,01:17:00,2024-07-08
202400003798,12:23,Plein jour,75,75113,2,3,1,1.0,RUE DU CHEVALERET,48.827348,2.377273,12:23:00,2024-07-08
202400003799,08:11,Plein jour,93,93066,2,1,1,4.0,Avenue du Président Wilson,48.91394584,2.35753012,08:11:00,2024-03-21
202400003800,09:00,Plein jour,75,75120,2,1,1,6.0,BOULEVARD MORTIER,48.86996,2.40878,09:00:00,2024-07-07
202400003801,16:15,Plein jour,75,75108,2,2,1,6.0,AVENUE DES CHAMPS ELYSEES,48.870518,2.305245,16:15:00,2024-07-08
202400003802,10:40,Plein jour,75,75108,2,7,1,3.0,PLACE DES TERNES,48.87778,2.29827,10:40:00,2024-07-08
202400003803,12:30,Plein jour,93,93055,2,1,1,2.0,Rue Victor Hugo,48.89362,2.41026,12:30:00,2024-03-21
202400003804,09:50,Plein jour,75,75108,2,2,1,3.0,RUE DE COURCELLES,48.875031,2.309196,09:50:00,2024-07-08
202400003805,08:30,Plein jour,93,93007,2,2,1,3.0,Avenue de Bel-abbès / Avenue Edouard Lucy,48.928034,2.479687,08:30:00,2024-03-21
202400003806,09:40,Plein jour,75,75107,2,1,1,6.0,QUAI D ORSAY,48.86276205,2.31842905,09:40:00,2024-07-08
202400003807,09:40,Plein jour,75,75101,2,3,1,7.0,RUE DE RIVOLI,48.864659,2.329316,09:40:00,2024-07-08
202400003808,22:30,,93,93007,2,1,1,3.0,Avenue Descartes,48.950177,2.45573,22:30:00,2024-03-20
202400003809,18:46,Plein jour,92,92078,2,1,1,3.0,MARECHAL LECLERC (AVENUE) (N° IMPAIRS),48.93498,2.32497,18:46:00,2024-03-20
202400003810,17:50,Plein jour,75,75102,2,2,1,3.0,RUE DE RICHELIEU,48.8705395,2.33937174,17:50:00,2024-07-07
202400003811,11:00,Plein jour,92,92048,2,2,1,3.0,GENERAL DE GAULLE (AVENUE DU),48.78768725,2.22776055,11:00:00,2024-03-21
202400003812,14:15,Plein jour,94,94043,2,2,1,6.0,Avenue Charles Gide,48.807963,2.356931,14:15:00,2024-07-07
202400003813,08:05,Plein jour,94,94077,2,1,1,6.0,Rue Saint Martin,48.73720514,2.40842816,08:05:00,2024-07-08
202400003814,18:50,Plein jour,92,92036,2,3,1,6.0,GENEAL DE GAULLE (AVENUE) (1/41),48.93377586,2.31338149,18:50:00,2024-03-20
202400003815,12:22,Plein jour,94,94079,2,2,8,1.0,Rue P Doboeuf et Michel Lafon,48.83276,2.54427,12:22:00,2024-07-08
202400003816,19:35,,92,92025,2,2,1,6.0,EDGARD QUINET (BD),48.92566019,2.24720138,19:35:00,2024-03-19
202400003817,20:20,Plein jour,94,94018,2,3,1,6.0,Rue des Bordeaux,48.82172,2.40978,20:20:00,2024-07-08
202400003818,20:20,,92,92019,2,2,1,2.0,QUATRE CHEMINS (AVENUE DES),48.77644993,2.27827728,20:20:00,2024-03-20
202400003819,06:30,Crépuscule,93,93064,2,7,1,3.0,Boulevard Gabriel Péri / Rue Richard Gardebled,48.87742,2.48446,06:30:00,2024-07-08
202400003820,09:25,Plein jour,93,93055,2,2,1,3.0,Avenue Anatole France / Rue Pierre Brossolette,48.89309,2.42414,09:25:00,2024-07-08