Num_Acc,hrmn,lum,dep,com,agg,int,atm,col,adr,lat,long,heure,date
202400003821,16:32,Plein jour,92,92072,2,2,1,3.0,GRANDE RUE,48.82642047,2.21927834,16:32:00,2024-07-08
202400003822,06:12,Plein jour,92,92051,2,2,1,3.0,WINSTON CHURCHILL (PLACE),48.88341177,2.27350507,06:12:00,2024-07-08
202400003823,02:39,Nuit avec éclairage,92,92024,2,1,1,6.0,GUSTAVE EIFFEL (RUE),48.90409912,2.29499133,02:39:00,2024-07-07
202400003824,11:00,Plein jour,92,92004,2,1,1,6.0,MOURINOUX ( RUE DES ),48.93175066,2.27588511,11:00:00,2024-07-08
202400003825,18:20,Plein jour,34,34088,1,1,1,5.0,Route de Fabrègues,43.546402,3.738999,18:20:00,2024-07-07
202400003826,16:40,Plein jour,54,54192,1,1,1,2.0,D112,48.56264977,6.28679752,16:40:00,2024-07-08
202400003827,19:50,Plein jour,2A,2A348,2,1,1,6.0,1240 Promenade de la plage,42.11552,8.689238,19:50:00,2024-07-08
202400003828,13:50,Plein jour,24,24372,1,1,1,3.0,2 Route de Montanceix,45.14822336,0.54395199,13:50:00,2024-07-09
202400003829,19:10,Plein jour,43,43185,1,1,1,1.0,D656,45.38553119,3.31847704,19:10:00,2024-07-09
202400003830,13:30,Plein jour,974,97422,2,1,1,1.0,60 Rue Charles Baudelaire,-21.259257,55.502934,13:30:00,2024-07-08
202400003831,08:50,Plein jour,972,97207,1,9,1,3.0,Fond d'Or,14.601577,-60.953071,08:50:00,2024-07-09
202400003832,14:35,Plein jour,972,97208,1,1,1,2.0,N3,14.730664,-61.099885,14:35:00,2024-07-08
202400003833,16:16,Plein jour,88,88256,1,1,7,7.0,D50,48.154735,6.756978,16:16:00,2024-07-07
202400003834,05:25,Crépuscule,36,36018,1,1,1,3.0,Unknown,46.63269065,1.1026454,05:25:00,2024-07-09
202400003835,15:25,Plein jour,50,50546,1,1,1,6.0,Route du Manoir (La Mancellière-sur-Vire),49.058443,-1.097286,15:25:00,2024-07-09
202400003836,14:20,Plein jour,50,50363,1,1,1,6.0,Route du Carrefour Paris,48.995805,-1.168166,14:20:00,2024-07-09
202400003837,13:35,Plein jour,62,62211,2,1,3,1.0,Rue d'Agnières,50.353838,2.617672,13:35:00,2024-07-02
202400003838,17:40,Plein jour,34,34309,1,1,1,1.0,croisement D145 et rue du montferrier,43.679232,3.909438,17:40:00,2024-07-08
202400003839,16:30,Plein jour,57,57556,2,9,1,2.0,rue du lac,49.051067,6.911232,16:30:00,2024-07-09
202400003840,09:15,Plein jour,51,51380,2,1,1,3.0,la chaussée a chateauneuf,48.873033,3.524508,09:15:00,2024-07-09
202400003841,17:30,Plein jour,19,19252,1,2,1,6.0,la crouzade,45.42087787,2.45662196,17:30:00,2024-07-09
202400003842,16:00,Plein jour,56,56234,2,1,1,5.0,Le Fort Penthievre,47.542551,-3.134861,16:00:00,2024-06-03
202400003843,02:00,Nuit sans éclairage,56,56157,1,1,2,6.0,Kermarec,47.774817,-2.719604,02:00:00,2024-07-09
202400003844,16:25,Plein jour,2B,2B012,1,1,1,6.0,314,42.229502,9.275122,16:25:00,2024-07-08
202400003845,14:00,Plein jour,2B,2B319,1,9,1,4.0,Valle Longhe,42.420467,9.52866,14:00:00,2024-07-09
202400003846,22:48,Nuit sans éclairage,82,82076,1,1,1,7.0,Route de Molieres,44.12059,1.354043,22:48:00,2024-07-08
202400003847,17:30,Plein jour,63,63148,1,3,1,5.0,D224 / chemin de la Grenouillère,45.88860054,3.18241246,17:30:00,2024-07-09
202400003848,17:40,Plein jour,61,61181,2,1,1,5.0,Voie Communale,48.786587,0.300498,17:40:00,2024-07-08
202400003849,19:40,Plein jour,12,12186,1,1,1,6.0,rd999,43.877263,2.585049,19:40:00,2024-07-07
202400003850,16:56,Plein jour,47,47226,1,3,1,3.0,D668,44.625038,0.312638,16:56:00,2024-07-08
202400003851,12:10,Plein jour,34,34261,1,1,7,7.0,D4,43.74856,3.581543,12:10:00,2024-07-07
202400003852,07:10,Plein jour,25,25578,1,1,1,3.0,D50,47.146751,6.328661,07:10:00,2024-07-09
202400003853,17:30,Plein jour,44,44217,1,3,1,3.0,la Bosse Billy,47.30990219,-1.74800992,17:30:00,2024-07-02
202400003854,22:40,Nuit sans éclairage,31,31345,1,1,1,5.0,D820,43.384224,1.439359,22:40:00,2024-07-08
202400003855,12:30,Plein jour,72,72089,2,9,1,5.0,20 Grande Rue,48.123186,-0.016764,12:30:00,2024-07-08
202400003856,12:09,Plein jour,05,05056,2,1,1,7.0,Rue de la Charrière,44.645231,6.131524,12:09:00,2024-07-09
202400003857,11:37,Plein jour,64,64547,1,4,1,1.0,Chemin de Halage,43.426152,-1.460178,11:37:00,2024-07-04
202400003858,12:50,Plein jour,07,07334,1,1,1,7.0,d901,44.411129,4.160664,12:50:00,2024-07-09
202400003859,13:25,Plein jour,04,04075,1,1,1,1.0,Route de la Clue,44.20565,5.986969,13:25:00,2024-07-08
202400003860,00:45,Nuit sans éclairage,87,87072,1,1,1,6.0,D82a2,45.662872,1.437321,00:45:00,2024-07-09
202400003861,19:10,Plein jour,87,87154,1,1,1,7.0,Le Pont du Dérot,45.916426,0.917187,19:10:00,2024-06-27
202400003862,08:08,Plein jour,87,87017,1,1,1,6.0,RN 145 Pk 4+400,46.144102,1.100779,08:08:00,2024-07-09
202400003863,17:18,Plein jour,30,30004,2,1,1,1.0,Rue de la Gare,43.733348,4.184369,17:18:00,2024-07-08
202400003864,10:00,Plein jour,30,30073,1,1,1,3.0,D19a,43.954962,4.556703,10:00:00,2024-07-09
202400003865,10:30,Plein jour,30,30188,1,3,1,3.0,D936,44.0303,4.150912,10:30:00,2024-07-09
202400003866,23:55,Nuit sans éclairage,88,88408,1,6,1,6.0,ROND POINT DES MEIX,47.936457,6.639787,23:55:00,2024-07-07
202400003867,14:25,Plein jour,77,77333,1,1,1,2.0,A6 > PARIS,48.26188693,2.72336744,14:25:00,2024-07-09
202400003868,08:15,Plein jour,44,44020,1,1,1,3.0,Unknown,47.175095,-1.6118,08:15:00,2024-06-20
202400003869,08:00,Plein jour,37,37079,1,2,1,3.0,Rue de Beauregard,47.340782,1.036738,08:00:00,2024-07-09
202400003870,18:00,Plein jour,28,28372,1,1,1,1.0,D101,48.644366,1.589928,18:00:00,2024-07-05
202400003871,21:50,Nuit sans éclairage,2B,2B298,2,9,1,7.0,Route du pont de fer,42.673357,9.30189,21:50:00,2024-07-07
202400003872,09:15,Plein jour,66,66008,1,6,1,3.0,Unknown,42.550908,3.006349,09:15:00,2024-07-09
202400003873,19:55,Plein jour,66,66144,1,3,1,3.0,Unknown,42.62238364,2.86717415,19:55:00,2024-07-03
202400003874,22:00,,34,34090,2,3,1,3.0,route départementale 613,43.640609,3.938773,22:00:00,2024-07-03
202400003875,09:35,Plein jour,06,06091,1,1,1,1.0,D53,43.797329,7.404824,09:35:00,2024-07-09
202400003876,15:24,Plein jour,04,04171,1,1,1,3.0,RD 952,43.795152,6.386436,15:24:00,2024-07-06
202400003877,15:00,Plein jour,26,26002,1,1,1,3.0,Autoroute A7,45.241264,4.84261,15:00:00,2024-07-08
202400003878,20:00,Plein jour,70,70279,2,6,1,3.0,rue du chemin neuf,47.448678,5.580325,20:00:00,2024-07-04
202400003879,10:00,Plein jour,68,68329,1,1,1,1.0,Route de la Schlucht,48.05163374,7.10712063,10:00:00,2024-07-08
202400003880,18:50,Plein jour,42,42328,1,1,1,2.0,Route du Mongenet,45.573542,3.985591,18:50:00,2024-07-04
202400003881,08:35,Plein jour,38,38277,1,1,1,1.0,Départementale 529,45.002847,5.699694,08:35:00,2024-07-09
202400003882,03:05,Nuit sans éclairage,17,17409,1,1,1,7.0,Route du Stade,45.677476,-1.022823,03:05:00,2024-07-09
202400003883,19:00,Plein jour,33,33035,2,2,1,3.0,Unknown,45.056243,-0.600686,19:00:00,2024-06-30
202400003884,15:00,Plein jour,85,85083,1,1,1,1.0,RD96,46.987352,-2.273108,15:00:00,2024-07-09
202400003885,22:30,Nuit sans éclairage,44,44179,1,1,1,1.0,10 bellevue,47.330912,-1.4557,22:30:00,2024-07-06
202400003886,10:30,Plein jour,76,76489,1,1,2,1.0,Route du Hamelet,49.509885,0.312467,10:30:00,2024-07-09
202400003887,18:30,Plein jour,59,59254,2,1,1,2.0,Rue du Nord,50.29078,3.19729,18:30:00,2024-07-08
202400003888,16:55,Plein jour,33,33249,1,1,1,7.0,Unknown,44.88442,-0.5128,16:55:00,2024-07-08
202400003889,17:25,Plein jour,91,91340,1,1,1,2.0,AUTOROUTE A6,48.60188,2.43843,17:25:00,2024-07-08
202400003890,05:58,,93,93005,2,9,1,7.0,JACQUES DAGUERRE (AVENUE),48.95267,2.46773,05:58:00,2024-09-17
202400003891,19:00,Plein jour,93,93062,2,1,1,3.0,RESISTANCE (AVENUE DE LA),48.89564,2.51428,19:00:00,2024-09-17
202400003892,08:55,Plein jour,93,93051,2,6,1,2.0,RU DE NESLE (BOULEVARD),48.83785715,2.58171737,08:55:00,2024-09-17
202400003893,09:50,Plein jour,93,93053,2,2,1,3.0,ARISTIDE BRIAND (BOULEVARD),48.87868389,2.4578733,09:50:00,2024-09-17
202400003894,14:10,Plein jour,93,93027,2,5,1,3.0,PALMERS (PONT),48.92616,2.39678,14:10:00,2024-09-17
202400003895,03:30,,93,93010,2,1,1,6.0,ETOILE (AL. DE L'),48.89213381,2.48591942,03:30:00,2024-09-17
202400003896,17:25,Plein jour,93,93007,2,2,1,3.0,MASCOTTES (RUE DES),48.92019,2.47024,17:25:00,2024-09-17
202400003897,15:30,Plein jour,93,93027,2,1,1,3.0,VAILLANT-COUTURIER (AVENUE PAUL),48.92440968,2.41446672,15:30:00,2024-09-17
202400003898,18:30,Plein jour,92,92063,2,1,1,6.0,BONAPARTE (AVENUE NAPOLEON) NORD,48.87204601,2.16194652,18:30:00,2024-09-17
202400003899,22:20,,92,92040,2,6,1,2.0,FRERES VOISIN (BOULEVARD DES),48.82784922,2.27369159,22:20:00,2024-09-17
202400003900,20:15,,62,62534,2,6,1,3.0,D342,50.707809,2.118741,20:15:00,2024-09-17
202400003901,05:30,,95,95487,2,1,2,3.0,D4Z,49.15369081,2.27290881,05:30:00,2024-09-07
202400003902,15:25,Plein jour,84,84137,2,1,1,7.0,Avenue Ulysse Fabre,44.238692,5.063833,15:25:00,2024-09-17
202400003903,11:57,Plein jour,22,22093,1,1,1,4.0,RN12,48.464043,-2.543585,11:57:00,2024-09-07
202400003904,08:00,Plein jour,30,30141,1,3,1,3.0,N 580,44.12136,4.68499,08:00:00,2024-09-18
202400003905,20:55,Crépuscule,61,61497,1,1,1,6.0,Aire de la Dentelle,48.456705,0.127568,20:55:00,2024-09-17
202400003906,16:50,Plein jour,51,51530,2,3,1,3.0,22 rue du 11 novembre,49.150135,4.253696,16:50:00,2024-09-16
202400003907,19:15,Plein jour,51,51161,2,1,1,7.0,Rue du 8 Mai,49.042032,4.176886,19:15:00,2024-09-14
202400003908,16:15,Plein jour,76,76452,1,1,1,7.0,D44,49.55503865,1.09224379,16:15:00,2024-09-18
202400003909,11:00,Plein jour,82,82184,1,1,1,6.0,1280 Route de Nègrepelisse,44.039636,1.557639,11:00:00,2024-09-18
202400003910,07:45,Crépuscule,11,11437,1,1,1,1.0,Unknown,43.238098,2.243153,07:45:00,2024-09-18
202400003911,16:05,Plein jour,25,25326,1,1,1,7.0,D11,47.233485,5.78594,16:05:00,2024-09-18
202400003912,17:40,Plein jour,35,35306,1,3,1,3.0,D117,48.580199,-1.949934,17:40:00,2024-09-16
202400003913,12:25,Plein jour,29,29158,2,2,1,3.0,Rue du 19 Mars 1962,47.811753,-4.340135,12:25:00,2024-09-18
202400003914,18:00,Plein jour,38,38126,2,2,1,6.0,Chemin Charles Pajon,45.216082,5.754438,18:00:00,2024-09-17
202400003915,13:15,Plein jour,02,02693,1,1,1,7.0,D2,49.251,3.296692,13:15:00,2024-09-18
202400003916,07:15,Nuit sans éclairage,26,26357,1,1,1,7.0,Route d'Orange,44.266803,4.904897,07:15:00,2024-09-18
202400003917,12:00,Plein jour,72,72080,1,4,1,3.0,Lieu Dit la Justiere,48.146551,0.67137837,12:00:00,2024-09-18
202400003918,14:00,Plein jour,18,18138,1,1,1,3.0,Unknown,47.091696,2.288595,14:00:00,2024-09-17
202400003919,17:15,Plein jour,18,18242,1,1,1,7.0,Unknown,46.83671,2.949421,17:15:00,2024-09-16
202400003920,10:00,Plein jour,07,07346,2,3,1,3.0,1 Faubourg de la Madeleine,44.485455,4.681275,10:00:00,2024-09-18
202400003921,17:46,Plein jour,38,38249,1,3,1,1.0,D11 / A41s,45.223044,5.821469,17:46:00,2024-09-17
202400003922,14:45,Plein jour,17,17228,1,1,1,1.0,route centre europe atlantique,45.663074,-0.945827,14:45:00,2024-09-11
202400003923,12:55,Plein jour,973,97311,2,3,1,3.0,Avenue Gaston Monnerville - Chemin de fatima,5.49353458,-54.01196659,12:55:00,2024-09-18
202400003924,04:30,,91,91662,2,1,1,6.0,1 Route de Montflix,48.51309,2.119165,04:30:00,2024-09-15
202400003925,11:15,Plein jour,91,91180,1,1,1,6.0,D372,48.450044,2.505473,11:15:00,2024-09-16
202400003926,11:25,Plein jour,83,83016,1,1,1,3.0,Dn8,43.214219,5.811419,11:25:00,2024-09-17
202400003927,01:00,Nuit sans éclairage,49,49248,1,1,1,7.0,Rd 71,47.759637,-0.99422,01:00:00,2024-11-30
202400003928,19:00,Plein jour,13,13100,1,1,1,1.0,D99,43.794742,4.81626,19:00:00,2024-09-17
202400003929,16:00,Plein jour,71,71176,2,3,1,2.0,11 Rue des Blattiers,46.491088,4.002875,16:00:00,2024-09-17
202400003930,02:13,Nuit sans éclairage,06,06123,1,1,1,4.0,A8 PK 184.000 Nord,43.664294,7.180048,02:13:00,2024-11-30
202400003931,06:14,Nuit sans éclairage,71,71325,2,1,1,1.0,D979,46.492085,3.960196,06:14:00,2024-09-17
202400003932,11:00,Plein jour,42,42265,1,2,1,3.0,Route de Chuyer,45.444386,4.729233,11:00:00,2024-09-17
202400003933,21:00,Nuit sans éclairage,59,59488,1,1,1,5.0,A2 sens VALENCIENNES vers PARIS PK 031.400,50.193976,3.202922,21:00:00,2024-11-29
202400003934,12:45,Plein jour,42,42261,2,3,1,6.0,Route de Lyon,45.720866,4.35322,12:45:00,2024-09-18
202400003935,13:15,Plein jour,987,98722,2,1,1,1.0,pk 19,-17.592,-149.391,13:15:00,2024-11-28
202400003936,08:40,Plein jour,38,38507,1,1,1,3.0,rue de la chapelle,45.738916,5.183823,08:40:00,2024-09-16
202400003937,12:30,Plein jour,988,98802,1,1,1,7.0,Route menant à Bouraké,-21.869345,166.039124,12:30:00,2024-11-30
202400003938,10:00,Plein jour,01,01297,1,1,1,1.0,D22,45.879254,5.088558,10:00:00,2024-09-16
202400003939,19:15,Nuit sans éclairage,986,98613,1,6,1,1.0,Ahoa,-13.285063,-176.235681,19:15:00,2024-11-29
202400003940,12:00,Plein jour,45,45010,2,1,5,6.0,D921 PR 22 + 880,48.129041,2.252562,12:00:00,2024-11-30
202400003941,20:30,Plein jour,35,35206,2,3,1,2.0,D837,48.06259586,-1.69932157,20:30:00,2024-08-01
202400003942,14:45,Plein jour,77,77145,1,1,5,1.0,D1036,48.614598,2.748084,14:45:00,2024-11-30
202400003943,12:45,Plein jour,76,76495,2,1,1,2.0,Rue Pihet,49.570857,0.948305,12:45:00,2024-09-18
202400003944,23:55,Nuit sans éclairage,78,78305,1,1,9,7.0,D45 intersection chemin de Poissy,48.91472,1.881473,23:55:00,2024-11-28
202400003945,01:50,Nuit avec éclairage,66,66182,1,6,1,2.0,D81,42.73245,3.025966,01:50:00,2024-11-30
202400003946,17:40,Plein jour,02,02555,1,2,1,3.0,D11,48.937182,3.31697,17:40:00,2024-09-17
202400003947,13:05,Plein jour,34,34050,1,1,1,3.0,D106,43.629708,4.055114,13:05:00,2024-11-29
202400003948,04:47,Nuit sans éclairage,05,05151,1,1,1,6.0,Route Nationale de Prelles,44.860812,6.591089,04:47:00,2024-11-30
202400003949,12:00,Plein jour,59,59400,2,2,1,3.0,Place de la Libération,50.642917,2.639476,12:00:00,2024-09-16
202400003950,05:15,Nuit sans éclairage,13,13042,1,1,1,1.0,D8n,43.267019,5.651414,05:15:00,2024-11-30
202400003951,08:00,Plein jour,91,91286,1,1,1,2.0,AUTOROUTE A6,48.64365425,2.39086211,08:00:00,2024-09-17
202400003952,14:45,Plein jour,93,93063,1,1,1,2.0,AUTOROUTE A3,48.87725188,2.44440551,14:45:00,2024-09-16
202400003953,18:30,,38,38087,2,9,1,6.0,1799 Avenue Frédéric Mistral,45.57349,4.810826,18:30:00,2024-11-29
202400003954,13:00,Plein jour,93,93027,1,1,1,4.0,AUTOROUTE A1,48.93608477,2.40504069,13:00:00,2024-09-16
202400003955,07:05,Nuit sans éclairage,38,38215,1,2,5,6.0,Route des Moilles,45.57287,4.957382,07:05:00,2024-11-29
202400003956,12:40,Plein jour,38,38276,2,1,1,6.0,D 1085,45.564259,5.30343,12:40:00,2024-11-27
202400003957,06:30,Nuit sans éclairage,93,93064,1,1,1,2.0,AUTOROUTE A86,48.88186621,2.47323178,06:30:00,2024-09-16
202400003958,15:20,Plein jour,69,69009,1,1,1,1.0,Route de Lyon,45.925812,4.727694,15:20:00,2024-11-30
202400003959,07:25,Crépuscule,93,93005,1,1,1,2.0,AUTOROUTE A1,48.96248856,2.47096625,07:25:00,2024-09-15
202400003960,08:23,Crépuscule,35,35047,2,6,1,6.0,Rue du Champ Niguel,48.025886,-1.734378,08:23:00,2024-11-26
202400003961,18:40,Plein jour,93,93051,1,1,1,6.0,A4,48.83463546,2.5828148,18:40:00,2024-09-16
202400003962,19:00,Plein jour,55,55029,2,1,1,6.0,SCHUMAN ( RUE ROBERT ),48.7748,5.16837,19:00:00,2024-04-08
202400003963,07:42,Plein jour,60,60134,1,1,8,4.0,D1016,49.31597953,2.44268391,07:42:00,2024-11-18
202400003964,16:10,Plein jour,84,84088,1,1,1,1.0,318 Route de Patris,44.007486,5.022672,16:10:00,2024-05-31
202400003965,18:48,Nuit sans éclairage,13,13210,1,1,1,2.0,A50-Sens Aubagne vers Marseille,43.28489979,5.41754007,18:48:00,2024-11-29
202400003966,21:25,Crépuscule,57,57597,1,1,1,7.0,CD9,49.25818,6.0781,21:25:00,2024-07-17
202400003967,14:55,Plein jour,83,83137,2,1,1,2.0,A50 TUNNEL TUBE NORD,43.12018223,5.94855286,14:55:00,2024-11-28
202400003968,17:30,Plein jour,28,28085,2,3,1,3.0,COURTILLE (BOULEVARD DE LA),48.44203,1.49344,17:30:00,2024-07-17
202400003969,06:00,Crépuscule,69,69029,1,1,1,3.0,Route Départementale 383,45.73338106,4.90053351,06:00:00,2024-11-21
202400003970,20:15,,42,42005,1,1,1,2.0,A72,45.52856,4.28612,20:15:00,2024-11-28
202400003971,04:10,Nuit avec éclairage,75,75112,2,1,3,2.0,QUAI DE BERCY,48.833091,2.38334,04:10:00,2024-03-30
202400003972,18:40,Plein jour,57,57690,2,3,1,2.0,40 Rue du Wenheck,49.091792,6.710523,18:40:00,2024-07-19
202400003973,18:56,Nuit sans éclairage,33,33318,1,1,1,4.0,Unknown,44.788036,-0.632624,18:56:00,2024-11-29
202400003974,11:14,Plein jour,987,98735,2,1,1,2.0,CLEMENCEAU (RUE QTIER MAMAO),-17.536663,-149.560322,11:14:00,2024-09-16
202400003975,10:05,Plein jour,33,33550,1,1,1,4.0,Unknown,44.774007,-0.556285,10:05:00,2024-11-28
202400003976,10:45,Plein jour,987,98736,2,9,1,3.0,CHARLES DE GAULLE (AV),-17.53071,-149.55293,10:45:00,2024-09-16
202400003977,18:45,Nuit avec éclairage,33,33249,1,1,1,4.0,Unknown,44.8742,-0.50725,18:45:00,2024-11-27
202400003978,15:57,Plein jour,987,98736,1,6,1,3.0,ARIIPAEA POMARE (AV),-17.53425,-149.54863,15:57:00,2024-09-15
202400003979,15:43,Plein jour,78,78640,1,1,1,3.0,N118,48.782248,2.223115,15:43:00,2024-11-29
202400003980,13:28,Plein jour,976,97611,2,1,3,3.0,doujani-Mouhindi Hassani (rue ),-12.801835,45.210154,13:28:00,2024-09-16
202400003981,23:40,,92,92051,1,1,1,3.0,RN13,48.88162963,2.27055354,23:40:00,2024-11-23
202400003982,08:45,Plein jour,974,97416,2,9,1,3.0,HIPPOLYTE  PIOT (RUE),-21.29603,55.44986,08:45:00,2024-09-16
202400003983,14:00,Plein jour,95,95018,1,1,1,3.0,A15,48.96242661,2.26643738,14:00:00,2024-11-29
202400003984,06:50,Plein jour,974,97416,2,9,1,6.0,LIGNE PARADIS(ROUTE DE LA),-21.31167,55.47276,06:50:00,2024-09-16
202400003985,07:20,Nuit sans éclairage,95,95018,1,1,1,2.0,A15,48.96133067,2.2686043,07:20:00,2024-11-29
202400003986,17:00,Plein jour,974,97411,1,1,1,3.0,JAURES (BOULEVARD JEAN),-20.89624,55.47368,17:00:00,2024-09-15
202400003987,04:00,,93,93005,1,1,1,2.0,AUTOROUTE A3,48.9422986,2.47831903,04:00:00,2024-11-29
202400003988,20:30,Nuit sans éclairage,973,97302,2,1,1,6.0,FELIX EBOUE(ROCADE),4.92744278,-52.31825021,20:30:00,2024-09-15
202400003989,10:05,Plein jour,95,95256,1,1,1,3.0,N184,49.05753412,2.20816076,10:05:00,2024-11-28
202400003990,23:55,Nuit avec éclairage,973,97302,2,1,1,7.0,REPUBLIQUE (BD DE LA),4.93785,-52.32372,23:55:00,2024-09-14
202400003991,09:08,Plein jour,93,93005,1,1,1,2.0,AUTOROUTE A3,48.95088858,2.47455129,09:08:00,2024-11-28
202400003992,17:50,Plein jour,92,92036,1,1,1,3.0,AUTOROUTE A15,48.94651571,2.2827709,17:50:00,2024-11-27
202400003993,17:30,Plein jour,69,69383,2,2,8,3.0,Rue André Philip,45.75354,4.85196,17:30:00,2024-09-16
202400003994,10:30,Plein jour,93,93027,1,1,1,3.0,BDL,48.93280145,2.4032219,10:30:00,2024-11-27
202400003995,08:00,Plein jour,77,77121,1,1,1,2.0,A104,48.83662222,2.66498382,08:00:00,2024-11-29
202400003996,19:50,Nuit sans éclairage,972,97213,1,1,1,2.0,ROUTE NATIONALE 5,14.5959,-60.98834,19:50:00,2024-09-15
202400003997,08:50,Plein jour,69,69384,2,1,1,3.0,85 Boulevard de la Croix-Rousse,45.77384915,4.82402802,08:50:00,2024-09-14
202400003998,20:35,Plein jour,34,34301,2,6,1,3.0,AVENUE GILBERT MARTELLI,43.417395,3.723589,20:35:00,2024-07-24
202400003999,12:00,Plein jour,971,97101,1,1,1,2.0,ROUTE DE CHAZEAU,16.28423558,-61.44647956,12:00:00,2024-09-15
202400004000,18:30,,971,97113,1,1,1,3.0,SECTION BESSON,16.23744,-61.50104,18:30:00,2024-09-14
202400004001,12:10,Plein jour,2A,2A004,2,1,1,6.0,#226 Salario#,41.92794,8.70654,12:10:00,2024-09-16
202400004002,18:40,Plein jour,95,95582,2,3,1,3.0,D14,48.96756421,2.27183848,18:40:00,2024-09-15
202400004003,22:30,Nuit avec éclairage,34,34301,1,1,1,3.0,BALARUC (ROUTE DE),43.41622,3.70633,22:30:00,2024-07-26
202400004004,11:55,Plein jour,91,91027,2,1,1,3.0,AV DU 18 AVRIL,48.70119,2.38599,11:55:00,2024-09-16
202400004005,12:59,Plein jour,93,93029,2,1,1,3.0,Avenue Henri Barbusse,48.92037787,2.45247812,12:59:00,2024-06-28
202400004006,21:15,Crépuscule,93,93029,2,3,1,6.0,Avenue Jean Jaures / Avenue de la Saussaye,48.91711178,2.45675462,21:15:00,2024-06-21
202400004007,12:15,Plein jour,91,91326,2,2,1,6.0,MONTTESSUY (RUE DE),48.68895,2.38506,12:15:00,2024-09-16
202400004008,20:45,Crépuscule,93,93029,2,1,1,3.0,Avenue de la Concorde,48.9151281,2.46392818,20:45:00,2024-06-25
202400004009,08:20,Plein jour,93,93029,2,1,2,6.0,Rue Saint Stenay / Centre Commercial Avenir,48.91867512,2.42032584,08:20:00,2024-06-21
202400004010,16:40,Plein jour,93,93029,2,1,1,6.0,Rue Anatole France,48.93293,2.45554,16:40:00,2024-06-17
202400004011,07:00,Crépuscule,91,91027,2,2,1,3.0,AV FRANCOIS MITTERRAND,48.70875,2.3714,07:00:00,2024-09-16
202400004012,22:50,,93,93029,2,1,1,6.0,Rue Emmanuel Vinson,48.9267,2.42799,22:50:00,2024-06-16
202400004013,13:45,Plein jour,93,93029,2,9,1,1.0,Rue de la Republique,48.92527472,2.43598255,13:45:00,2024-06-08
202400004014,08:30,Plein jour,91,91433,1,1,1,2.0,R.D. 20,48.45855,2.17727,08:30:00,2024-09-16
202400004015,13:50,Plein jour,93,93029,2,1,1,6.0,Rue Sadi Carnot,48.92492882,2.44178423,13:50:00,2024-06-07
202400004016,07:19,Plein jour,88,88413,1,9,1,7.0,RUE DE L ANCIENNE FECULERIE,48.32009,6.91485,07:19:00,2024-09-07
202400004017,10:04,Plein jour,87,87085,2,1,1,6.0,PERRIN (RUE FRANCOIS),45.82377,1.22389,10:04:00,2024-09-16
202400004018,07:16,Plein jour,93,93029,2,3,1,2.0,Avenue Henri Barbusse / Rue Pegoud,48.9227507,2.45741308,07:16:00,2024-06-03
202400004019,16:46,Plein jour,87,87065,2,1,1,6.0,RD979,45.81832,1.29672,16:46:00,2024-09-13
202400004020,15:40,Plein jour,93,93029,2,3,3,3.0,Avenue Jean Jaures / Avenue Garibaldi,48.9207,2.44967,15:40:00,2024-06-01
202400004021,18:52,Plein jour,86,86158,2,1,7,6.0,Rue de Nanteuil,46.63412,0.33068,18:52:00,2024-09-13
202400004022,10:15,Plein jour,13,13099,1,3,1,1.0,Chemin Departemental 952,43.687907,5.700713,10:15:00,2024-07-07
202400004023,07:20,Plein jour,84,84080,2,6,1,6.0,PASTEUR BOULEVARD,44.03348,4.99546,07:20:00,2024-09-16
202400004024,15:50,Plein jour,988,98818,2,2,1,6.0,RUE SUZANNE ULM/RUE DES DAHLIAS,-22.23935,166.47614,15:50:00,2024-11-28
202400004025,10:45,Plein jour,84,84007,2,2,1,3.0,TARASCON (AVENUE DE),43.92859,4.80952,10:45:00,2024-09-16
202400004026,17:40,Plein jour,974,97416,1,1,1,2.0,ENTRE DEUX(route de l'),-21.29932,55.43668,17:40:00,2024-11-28
202400004027,18:05,Plein jour,83,83062,2,1,1,2.0,BARTOLINI (RUE JEAN),43.12442442,6.01591372,18:05:00,2024-09-16
202400004028,14:00,Plein jour,974,97409,2,3,1,5.0,DU LYCEE(RUE),-20.96452,55.65233,14:00:00,2024-11-28
202400004029,14:10,Plein jour,80,80674,1,1,1,6.0,ROCADE NORD EST RN 25,49.91160663,2.34365197,14:10:00,2024-09-15
202400004030,10:30,Plein jour,80,80674,1,1,1,7.0,ROCADE NORD RN 1,49.90671,2.34714,10:30:00,2024-09-15
202400004031,00:40,,974,97407,2,1,1,2.0,COMMUNE DE PARIS (AVENUE),-20.94311,55.29214,00:40:00,2024-11-29
202400004032,02:50,,80,80021,2,1,1,7.0,Rue Vanmarcke,49.8967,2.30059,02:50:00,2024-09-15
202400004033,01:00,Nuit sans éclairage,972,97209,1,1,1,6.0,Chateauboeuf  (Pont de),14.61764,-61.03967,01:00:00,2024-11-28