Num_Acc,hrmn,lum,dep,com,agg,int,atm,col,adr,lat,long,heure,date
202400004034,06:59,Crépuscule,77,77288,1,1,1,3.0,D605,48.55101,2.67226,06:59:00,2024-09-15
202400004035,08:25,Plein jour,69,69384,2,1,2,5.0,20 Montée de la Boucle,45.78159531,4.83911248,08:25:00,2024-11-28
202400004036,18:30,Plein jour,76,76447,1,6,1,7.0,RD 31,49.54423587,0.20101256,18:30:00,2024-09-14
202400004037,19:10,Plein jour,76,76351,2,2,1,3.0,DENIS CORDONNIER (RUE),49.522403,0.104706,19:10:00,2024-09-14
202400004038,09:40,Plein jour,72,72181,2,6,7,3.0,MAILLETS (RUE DES) IMP 161 ET plus,48.01755,0.2185,09:40:00,2024-09-15
202400004039,19:20,Nuit sans éclairage,2B,2B037,2,8,1,3.0,TOUTES RUES,42.06,9.43,19:20:00,2024-11-27
202400004040,15:00,Plein jour,971,97101,2,1,1,2.0,GRAND CAMP(SECTION),16.25388,-61.53873,15:00:00,2024-11-28
202400004041,15:45,Plein jour,69,69092,1,2,1,3.0,Route de Tarare,45.98124,4.69373,15:45:00,2024-09-16
202400004042,21:45,Nuit sans éclairage,64,64373,1,1,1,6.0,D802,43.27731,-0.36231,21:45:00,2024-09-16
202400004043,15:53,Plein jour,971,97113,2,2,1,3.0,GRAND BAIE ( RN4),16.21659,-61.50919,15:53:00,2024-11-27
202400004044,10:15,Plein jour,95,95585,2,6,1,6.0,D125,48.97854,2.38757,10:15:00,2024-11-28
202400004045,21:18,,64,64445,2,2,1,1.0,JEAN MERMOZ,43.31372653,-0.37759898,21:18:00,2024-09-16
202400004046,10:30,Plein jour,95,95277,1,1,1,2.0,D170,48.97799,2.45082,10:30:00,2024-11-28
202400004047,13:24,Plein jour,63,63075,2,1,1,2.0,ROYAT (AVENUE DE),45.77561,3.06639,13:24:00,2024-09-16
202400004048,13:30,Plein jour,95,95598,2,1,1,7.0,ANDILLY (RUE D'),48.9915,2.29922,13:30:00,2024-11-28
202400004049,13:10,Plein jour,62,62065,2,1,1,2.0,Rue Charles Helle,50.40398456,2.83560365,13:10:00,2024-09-11
202400004050,16:00,Plein jour,95,95488,2,1,7,6.0,D106,49.00257,2.18599,16:00:00,2024-11-28
202400004051,01:45,,62,62270,2,1,2,7.0,Rue Maurice Thorez,50.47218,2.51476,01:45:00,2024-09-12
202400004052,13:15,Plein jour,91,91589,2,3,1,3.0,RUE DE L EGLISE,48.67427,2.35283,13:15:00,2024-11-28
202400004053,17:45,Plein jour,62,62642,2,1,1,1.0,D941,50.4552,2.48054,17:45:00,2024-09-12
202400004054,11:37,Plein jour,60,60463,2,1,1,6.0,Rue Ronsard,49.27077,2.46547,11:37:00,2024-09-16
202400004055,12:15,Plein jour,60,60159,2,1,1,6.0,Avenue Royale,49.41635,2.83255,12:15:00,2024-09-15
202400004056,17:57,,91,91286,2,2,2,3.0,EMILE ALLIAUD (AVENUE),48.649108,2.379197,17:57:00,2024-11-27
202400004057,19:00,,91,91174,2,1,1,6.0,RUE LAMARTINE,48.60297,2.47764,19:00:00,2024-11-28
202400004058,09:14,Plein jour,59,59585,2,8,1,3.0,Rue Edouard Watrelot,50.57531265,3.04951854,09:14:00,2024-09-13
202400004059,17:45,Plein jour,974,97416,1,1,1,2.0,RN1 (ROUTE NATIONALE),-21.29944,55.42254,17:45:00,2024-04-28
202400004060,17:20,,91,91228,2,1,2,6.0,BD DES COQUIBUS,48.62496,2.45139,17:20:00,2024-11-27
202400004061,16:30,Plein jour,974,97416,1,1,1,6.0,CONCESSION CONDE(CHEMIN),-21.29832,55.49826,16:30:00,2024-04-28
202400004062,12:50,Plein jour,56,56260,2,9,1,3.0,Boulevard du Colonel Rémy,47.653436,-2.783634,12:50:00,2024-09-16
202400004063,22:35,Nuit sans éclairage,30,30011,1,1,1,7.0,ARAMON (ROUTE D'),43.93316,4.7451,22:35:00,2024-11-27
202400004064,06:05,Nuit sans éclairage,974,97411,2,1,1,6.0,DIGUE (ROUTE),-20.88885,55.4722,06:05:00,2024-04-28
202400004065,13:50,Plein jour,56,56083,2,1,1,6.0,Rue Gérard Philipe,47.80687,-3.2691235,13:50:00,2024-09-16
202400004066,09:30,Plein jour,84,84007,2,1,1,6.0,PINEDE (AVENUE DE LA) MTF,43.92475,4.87891,09:30:00,2024-11-27
202400004067,18:20,,974,97411,2,1,1,3.0,BRIDET,-20.89267153,55.48564535,18:20:00,2024-04-27
202400004068,17:11,Plein jour,56,56121,2,6,1,2.0,Place du Bourgneuf,47.7583402,-3.3901063,17:11:00,2024-09-14
202400004069,08:30,Plein jour,84,84007,2,1,1,2.0,EUROPE (PONT DE L'),43.94483,4.79405,08:30:00,2024-11-27
202400004070,16:20,Plein jour,51,51454,2,1,1,7.0,ARBALETE (RUE),49.25643,4.03247,16:20:00,2024-09-15
202400004071,17:50,Plein jour,972,97213,2,1,1,1.0,LEOPOLD BISSOL (RUE),14.61785,-60.99913,17:50:00,2024-04-28
202400004072,16:50,Crépuscule,83,83090,2,1,1,1.0,Boulevard de Léry prolongé,43.12266959,5.84747433,16:50:00,2024-11-27
202400004073,12:15,Plein jour,51,51172,2,1,1,7.0,ROUSSILLON (AVENUE),49.22208,4.04057,12:15:00,2024-09-15
202400004074,23:15,,95,95585,2,9,1,2.0,D316,48.98619759,2.37748439,23:15:00,2024-04-28
202400004075,17:50,Plein jour,51,51454,2,2,1,7.0,MONT D'ARENE (RUE),49.26226,4.02117,17:50:00,2024-09-14
202400004076,14:40,Plein jour,83,83137,2,6,1,3.0,MIRASOULEOU (AVE),43.13156,5.98181,14:40:00,2024-11-27
202400004077,04:00,,84,84080,2,6,1,6.0,VERDUN BOULEVARD DE,44.0362,4.99878,04:00:00,2024-04-28
202400004078,10:13,Plein jour,45,45338,2,4,1,7.0,D961 PR 6 + 120,47.990578,2.707126,10:13:00,2024-09-15
202400004079,19:10,,83,83126,2,3,1,6.0,COLLINES DE TAMARIS (LES),43.09821897,5.8979094,19:10:00,2024-11-28
202400004080,23:00,,83,83137,2,1,1,2.0,BRIAND (AVE ARISTIDE PROLONGEE),43.12199282,5.89453483,23:00:00,2024-04-28
202400004081,14:20,Plein jour,80,80021,2,1,1,3.0,Avenue de la Défense Passive,49.9079,2.31901,14:20:00,2024-11-27
202400004082,17:30,Plein jour,41,41018,2,1,1,1.0,WILSON (AVENUE DU PRESIDENT),47.58628,1.32977,17:30:00,2024-09-15
202400004083,18:30,Plein jour,83,83123,1,1,1,6.0,BANDOL (ROUTE)N° IMPAIRS,43.13861,5.77244,18:30:00,2024-04-28
202400004084,10:15,Plein jour,80,80021,2,1,1,7.0,Avenue Jules Vallès,49.916,2.24933,10:15:00,2024-11-27
202400004085,10:30,Plein jour,37,37261,2,1,1,6.0,PILAIN (ALLEE ROLAND),47.37535,0.66531,10:30:00,2024-09-15
202400004086,17:30,Nuit sans éclairage,78,78297,1,1,1,2.0,CD 91,48.7812,2.09763,17:30:00,2024-11-28
202400004087,18:30,Plein jour,81,81060,2,2,1,3.0,RODEZ  (AVENUE DE),44.05353,2.15964,18:30:00,2024-04-27
202400004088,01:40,,37,37233,1,1,1,1.0,DUCLOS (AVENUE JACQUES),47.3808,0.73226,01:40:00,2024-09-15
202400004089,19:55,,77,77083,2,1,1,6.0,AMPERE (AVENUE),48.84345,2.58339,19:55:00,2024-11-28
202400004090,18:10,,77,77374,2,1,2,6.0,RUE DE LA GARE,48.79429228,2.70133657,18:10:00,2024-11-27
202400004091,07:55,Plein jour,35,35238,2,1,1,3.0,QUINELEU (DE),48.10212,-1.66825,07:55:00,2024-09-16
202400004092,08:30,Plein jour,34,34172,2,1,1,6.0,EUROPE (AVENUE DE L'),43.63587,3.82248,08:30:00,2024-09-16
202400004093,08:00,Crépuscule,77,77330,2,1,2,6.0,Chemin de Crecy,48.92589142,2.88431857,08:00:00,2024-11-27
202400004094,17:30,Plein jour,77,77199,2,1,1,6.0,CABON (RUE),48.93819,2.93835,17:30:00,2024-04-28
202400004095,13:55,Plein jour,77,77276,2,6,2,1.0,TESSAN (RUE FRANCOIS DE),48.9426,2.87934,13:55:00,2024-11-27
202400004096,18:20,Plein jour,33,33318,2,3,1,6.0,Unknown,44.817851,-0.604277,18:20:00,2024-09-16
202400004097,09:55,Plein jour,77,77085,2,3,8,3.0,AV DE LA FERME BRIARDE,48.85507,2.75239,09:55:00,2024-04-28
202400004098,18:00,,77,77132,2,1,1,3.0,AV ROBERT SCHUMAN,48.870462,2.795751,18:00:00,2024-11-28
202400004099,17:45,Plein jour,33,33318,2,9,1,1.0,Unknown,44.80283,-0.64519,17:45:00,2024-09-16
202400004100,17:00,Plein jour,74,74012,2,2,1,3.0,ANNEXION (RUE DE L'),46.18623,6.23765,17:00:00,2024-04-27
202400004101,20:10,Nuit sans éclairage,76,76157,1,1,1,2.0,A150,49.46104,1.04182,20:10:00,2024-11-28
202400004102,20:40,Crépuscule,31,31555,2,1,1,7.0,MARNE (BD DE LA) DU 1AU 28,43.586991,1.460334,20:40:00,2024-09-08
202400004103,13:15,Plein jour,67,67482,2,3,1,7.0,JACQUES KABLE (RUE),48.5923,7.74405,13:15:00,2024-04-28
202400004104,18:10,,76,76351,2,2,1,3.0,LENINGRAD (BD DE),49.49861,0.15933,18:10:00,2024-11-27
202400004105,03:55,,31,31555,2,3,1,1.0,BD DE SUISSE,43.6217,1.425,03:55:00,2024-09-15
202400004106,18:25,Nuit avec éclairage,76,76351,2,1,1,6.0,FOURRIER,49.513789,0.17504,18:25:00,2024-11-26
202400004107,22:24,,31,31555,2,1,1,3.0,ETATS UNIS (AV DES) DU 1AU 281,43.64282568,1.42820254,22:24:00,2024-09-14
202400004108,14:10,Plein jour,67,67180,2,1,1,3.0,EXUPERY (RUE SAINT),48.79357,7.80761,14:10:00,2024-04-25
202400004109,16:00,Plein jour,76,76217,2,1,1,6.0,BASTILLE (DE LA),49.93052,1.09137,16:00:00,2024-11-28
202400004110,04:55,,64,64122,2,6,1,7.0,MILADY (AVENUE DE LA),43.46224,-1.5706,04:55:00,2024-04-28
202400004111,18:50,Plein jour,29,29232,2,1,1,3.0,Route de Pont l'Abbe,47.987955,-4.119778,18:50:00,2024-09-16
202400004112,16:00,Plein jour,76,76217,2,1,1,6.0,NATIONALE (PLACE),49.92629801,1.07870277,16:00:00,2024-11-23
202400004113,11:45,Plein jour,29,29039,2,2,1,6.0,Rue Courcy,47.873238,-3.921714,11:45:00,2024-09-16
202400004114,10:40,Plein jour,64,64125,2,9,1,6.0,GRANDE PLAGE (AVENUE DE LA),43.43931607,-1.59023345,10:40:00,2024-04-28
202400004115,09:30,Plein jour,26,26362,2,1,7,6.0,GAULLE BOULEVARD DU GENERAL DE,44.93034427,4.89344358,09:30:00,2024-09-16
202400004116,16:00,Plein jour,72,72181,2,2,1,3.0,GENESLAY FELIX (AV) N° IMP 1 A 151,47.97777,0.20813,16:00:00,2024-11-27
202400004117,01:45,,63,63164,2,1,1,6.0,SUND DU PUY (RUE DU),45.83725,3.14484,01:45:00,2024-04-28
202400004118,08:20,Crépuscule,72,72181,2,1,1,7.0,CHAMPION HENRI (RUE) N° PAIRS,47.98246,0.22885,08:20:00,2024-11-27
202400004119,20:57,,18,18033,2,2,1,3.0,199 Avenue du Général Charles de Gaulle,47.106333,2.411337,20:57:00,2024-09-15
202400004120,08:20,Nuit sans éclairage,72,72181,2,9,3,6.0,NEGRIER GENERAL (BD) N° IMP,48.0101,0.2069,08:20:00,2024-11-25
202400004121,11:15,Plein jour,62,62041,2,5,1,3.0,Rue Baudimont,50.29648419,2.76294708,11:15:00,2024-04-14
202400004122,14:15,Plein jour,69,69256,2,3,2,1.0,Rue du 19 Mars 1962,45.78159,4.93167,14:15:00,2024-11-28
202400004123,14:22,Plein jour,68,68066,2,2,1,5.0,Rue du Ladhof,48.09077,7.37063,14:22:00,2024-11-26
202400004124,16:40,,67,67447,2,1,1,6.0,SELESTAT (RUE DE),48.60931,7.73866,16:40:00,2024-11-28
202400004125,22:45,,60,60057,2,1,1,2.0,Avenue Salvador Allendé,49.44196,2.10319,22:45:00,2024-04-28
202400004126,02:00,Nuit sans éclairage,30,30032,1,1,1,1.0,FOURQUES ROUTE DE,43.75666,4.61437,02:00:00,2024-09-14
202400004127,07:15,Crépuscule,67,67482,2,1,1,6.0,BISCHWILLER (ROUTE DE),48.59714,7.74169,07:15:00,2024-11-28
202400004128,11:05,Plein jour,67,67482,2,1,1,6.0,HAUTE MONTEE (RUE DE LA),48.5843083,7.74596505,11:05:00,2024-11-27
202400004129,16:50,Plein jour,11,11262,2,1,1,2.0,63 Avenue de Bordeaux,43.18178,2.98475,16:50:00,2024-09-16
202400004130,19:35,Plein jour,59,59650,2,2,1,3.0,PHILIPPOT (RUE GEORGES),50.71104,3.20706,19:35:00,2024-04-28
202400004131,12:30,Plein jour,66,66136,2,1,1,6.0,SAINT-ASSISCLE (BOULEVARD DE),42.69725,2.87811,12:30:00,2024-11-28
202400004132,19:50,Plein jour,06,06069,2,1,1,2.0,2 Boulevard Marechal Leclerc,43.65017,6.9203,19:50:00,2024-09-16
202400004133,14:10,Plein jour,66,66136,2,1,1,6.0,Avenue Fernand de Chefdebien,42.68765375,2.88562238,14:10:00,2024-11-26
202400004134,19:00,Plein jour,59,59068,2,1,1,3.0,AULNOYE (RUE D'),50.204137,3.818665,19:00:00,2024-04-28
202400004135,16:45,Plein jour,06,06155,2,9,7,2.0,Avenue Clement Massier,43.56906,7.07035,16:45:00,2024-09-16
202400004136,00:30,Nuit sans éclairage,62,62628,2,2,1,6.0,Rue de Lorraine,50.42354,2.88446,00:30:00,2024-11-29
202400004137,10:45,Plein jour,75,75114,2,4,1,3.0,BD PERIPHERIQUE EXTERIEUR,48.82469724,2.30442792,10:45:00,2024-09-16
202400004138,17:40,,62,62065,2,1,1,6.0,Rue Paul Daumont,50.40684,2.82422,17:40:00,2024-11-27
202400004139,02:00,,59,59350,2,1,2,1.0,Rue de Cambrai,50.61553393,3.04829836,02:00:00,2024-04-28
202400004140,09:45,Plein jour,75,75116,2,1,1,7.0,ECHANGEUR MAILLOT,48.876926,2.276461,09:45:00,2024-09-16
202400004141,07:50,Plein jour,62,62563,2,1,1,6.0,D75,50.47690369,2.73149152,07:50:00,2024-11-28
202400004142,14:00,Plein jour,59,59273,2,9,1,3.0,ENROCHEMENTS (ROUTE DES),51.00706,2.13343,14:00:00,2024-04-26
202400004143,08:55,Plein jour,75,75117,2,3,1,7.0,RUE CARDINET,48.891092,2.318016,08:55:00,2024-09-16
202400004144,19:25,,62,62178,2,1,1,3.0,D841,50.49212161,2.56780243,19:25:00,2024-11-28
202400004145,08:50,Plein jour,54,54367,1,1,1,7.0,RN52,49.50251,5.79246,08:50:00,2024-04-28
202400004146,08:15,Plein jour,75,75115,2,2,1,3.0,Boulevard Garibaldi,48.845015,2.310692,08:15:00,2024-09-14
202400004147,19:20,Nuit sans éclairage,56,56098,1,1,8,2.0,Haut Locoyarne,47.78972,-3.29342,19:20:00,2024-11-28
202400004148,19:00,Plein jour,38,38185,2,1,2,2.0,Cours de la Libération et du Général de Gaulle,45.17972903,5.71612269,19:00:00,2024-04-28
202400004149,12:23,Plein jour,75,75114,2,3,1,6.0,AVENUE PAUL VAILLANT COUTURIER,48.81698,2.332154,12:23:00,2024-09-16
202400004150,15:40,Plein jour,54,54431,2,2,1,3.0,Rue Gambetta,48.90572,6.05992,15:40:00,2024-11-27
202400004151,17:49,Plein jour,34,34172,2,1,1,2.0,RECAMBALE (AVENUE DE LA),43.60083,3.84001,17:49:00,2024-04-26
202400004152,14:15,Plein jour,75,75109,2,5,1,6.0,RUE DE SEZE,48.86992,2.328003,14:15:00,2024-09-16
202400004153,14:35,Plein jour,54,54382,2,4,7,3.0,Route de Longwy,49.53513,5.76597,14:35:00,2024-11-28
202400004154,00:25,,34,34172,2,3,2,3.0,FLAHAULT (AVENUE CHARLES,43.61993,3.86532,00:25:00,2024-04-27
202400004155,13:15,Plein jour,75,75108,2,5,1,7.0,AVENUE FRANKLIN D ROOSEVELT,48.864917,2.310279,13:15:00,2024-09-16
202400004156,13:35,Plein jour,51,51454,1,1,1,2.0,RN 44 (de Cambrai à Chalons),49.22472,4.10859,13:35:00,2024-11-28
202400004157,09:40,Plein jour,75,75107,2,3,1,2.0,RUE DES SAINTS PERES,48.857613,2.332712,09:40:00,2024-09-16
202400004158,15:00,Plein jour,33,33318,2,1,1,7.0,Unknown,44.771577,-0.72631,15:00:00,2024-04-28
202400004159,16:50,,51,51454,2,1,2,1.0,GOULET (RUE MODESTE),49.27339,4.05753,16:50:00,2024-11-27
202400004160,10:00,Plein jour,75,75107,2,2,1,2.0,Quai d'Orsay,48.862677,2.310404,10:00:00,2024-09-16
202400004161,03:15,Nuit sans éclairage,31,31555,2,1,1,6.0,AV DE CASSELARDIT,43.61293,1.40218,03:15:00,2024-04-28
202400004162,14:53,Plein jour,51,51454,2,1,2,6.0,LUNDY (BOULEVARD),49.25814,4.03832,14:53:00,2024-11-27
202400004163,10:00,Plein jour,94,94068,2,3,9,2.0,Quai du Port au Fouarre,48.79915,2.47122,10:00:00,2024-09-13
202400004164,14:10,Plein jour,51,51172,2,1,2,6.0,ALSACE LORRAINE (BOULEVARD),49.21699,4.04683,14:10:00,2024-11-27
202400004165,13:00,Plein jour,22,22113,1,1,1,6.0,QUATRE VENTS (LIEU-DIT LES),48.71478,-3.39709,13:00:00,2024-04-26
202400004166,08:53,Crépuscule,49,49328,2,3,8,3.0,GAMBETTA (RUE),47.25912,-0.08265,08:53:00,2024-11-27
202400004167,16:41,Plein jour,47,47201,1,1,1,3.0,PYRENEES (AVENUE DES),44.17073,0.60848,16:41:00,2024-11-28
202400004168,10:46,Plein jour,94,94041,2,2,1,3.0,Rue Jean-Jacques Rousseau,48.82145,2.39032,10:46:00,2024-09-16
202400004169,11:20,Plein jour,13,13054,1,6,8,3.0,BRICARD (QRT ),43.3937,5.19342,11:20:00,2024-04-28
202400004170,13:30,Plein jour,44,44162,2,1,8,6.0,4 Rue de la Gironde,47.2103954,-1.613904,13:30:00,2024-11-28
202400004171,18:30,Plein jour,94,94021,2,1,1,2.0,Avenue du Général de Gaulle,48.772573,2.340739,18:30:00,2024-09-16
202400004172,06:00,,13,13208,2,1,2,6.0,RABATAU (BOULEVARD),43.276372,5.397606,06:00:00,2024-04-28
202400004173,11:20,Plein jour,94,94038,2,1,1,1.0,Avenue du Général Leclerc,48.77456,2.33014,11:20:00,2024-09-16
202400004174,19:57,Nuit sans éclairage,39,39150,1,1,8,6.0,Unknown,47.062108,5.44392,19:57:00,2024-11-27
202400004175,12:05,Plein jour,11,11262,2,6,1,3.0,Unknown,43.15788,2.985639,12:05:00,2024-04-22
202400004176,22:15,,94,94054,2,1,1,3.0,Voie des Saules,48.7463628,2.41376683,22:15:00,2024-09-15
202400004177,16:15,Plein jour,34,34172,2,1,7,6.0,RECH (RUE HIPPOLYTE),43.61895,3.86381,16:15:00,2024-11-28
202400004178,10:48,Plein jour,06,06088,2,1,8,6.0,Avenue Alfred Borriglione,43.719714,7.262357,10:48:00,2024-04-28
202400004179,17:45,Plein jour,94,94017,2,1,1,3.0,Avenue Roger Salengro,48.81990352,2.48386838,17:45:00,2024-09-16
202400004180,11:50,Plein jour,34,34172,2,1,1,3.0,TOULOUSE (AVENUE DE,43.59534,3.86172,11:50:00,2024-11-28
202400004181,22:05,Nuit sans éclairage,04,04070,1,1,1,1.0,RN 85 ( route ),44.07591,6.19012,22:05:00,2024-04-27
202400004182,10:50,Plein jour,34,34172,2,1,1,6.0,MAURIN (AVENUE DE,43.59554,3.87489,10:50:00,2024-11-28
202400004183,07:30,Plein jour,93,93071,2,3,1,3.0,BRETAGNE (RUE DE),48.92817,2.53811,07:30:00,2024-09-16
202400004184,14:00,Plein jour,93,93070,2,9,1,6.0,GODILLOT(RUE),48.90982067,2.34179417,14:00:00,2024-09-15
202400004185,08:40,Plein jour,34,34172,2,3,1,3.0,MAURIN (AVENUE DE,43.59166,3.87311,08:40:00,2024-11-28
202400004186,16:48,Plein jour,03,03321,1,4,1,3.0,RD 779,46.57769,3.37629,16:48:00,2024-04-28
202400004187,16:30,Plein jour,93,93039,2,3,1,3.0,GERAUX ARNOLD,48.938385,2.33838719,16:30:00,2024-09-16
202400004188,20:00,,33,33039,2,9,1,3.0,Unknown,44.81623,-0.55001,20:00:00,2024-11-28
202400004189,11:52,Plein jour,03,03190,2,9,1,6.0,Rue Henri Barbusse,46.55217,3.33528,11:52:00,2024-04-27
202400004190,14:40,Plein jour,93,93048,2,3,1,1.0,COLBERT (RUE),48.86331389,2.43648211,14:40:00,2024-09-16
202400004191,07:30,Crépuscule,32,32013,2,3,1,3.0,PREMIERE ARMEE FRANCAISE (AVENUE DE LA),43.64976,0.59812,07:30:00,2024-11-28
202400004192,19:51,Plein jour,01,01283,2,1,1,3.0,FRANCE (RUE A. DU 1-5 ET 143 AU158),46.26079,5.65868,19:51:00,2024-04-26
202400004193,18:50,Plein jour,93,93032,2,1,1,6.0,PEUPLIERS  (RUE DES),48.87139575,2.56890714,18:50:00,2024-09-15
202400004194,16:40,Plein jour,31,31483,2,1,1,6.0,LAVOISIER (RUE),43.10836,0.71632,16:40:00,2024-11-28
202400004195,16:15,Plein jour,75,75115,2,1,2,3.0,BD PERIPHERIQUE EXTERIEUR,48.825793,2.299593,16:15:00,2024-04-27
202400004196,12:15,Plein jour,30,30007,2,1,1,2.0,GIBERTINE (AVE DE LA),44.12364,4.09159,12:15:00,2024-11-28
202400004197,08:10,Plein jour,93,93079,2,3,1,5.0,JEAN ALLEMANE,48.96002788,2.35060073,08:10:00,2024-09-16
202400004198,15:30,Plein jour,29,29232,1,9,5,6.0,Rond-Point de Kernevez,48.00186361,-4.14317768,15:30:00,2024-11-28
202400004199,13:15,Plein jour,75,75115,2,1,1,4.0,BD PERIPHERIQUE INTERIEUR,48.826474,2.297076,13:15:00,2024-04-27
202400004200,21:10,,93,93010,2,1,1,6.0,CARNOT (AV.) DE 56 A 129,48.89744967,2.4803879,21:10:00,2024-09-15
202400004201,07:50,Plein jour,75,75117,2,1,1,2.0,BOULEVARD DU FORT DE VAUX,48.893406,2.303123,07:50:00,2024-04-28
202400004202,21:00,Nuit avec éclairage,75,75110,2,3,1,6.0,AVENUE PARMENTIER,48.871306,2.370315,21:00:00,2024-04-28
202400004203,20:15,,93,93005,2,2,1,3.0,CLERMONT TONNERRE (AVENUE DE),48.92268,2.49564,20:15:00,2024-09-16
202400004204,11:30,Plein jour,13,13204,2,1,1,1.0,ALEX. FLEMING (BOULEVARD),43.31499,5.40294,11:30:00,2024-11-28
202400004205,14:45,Plein jour,13,13028,2,1,1,3.0,REPUBLIQUE (BOULEVARD DE LA),43.17647879,5.60627592,14:45:00,2024-11-27
202400004206,12:50,Plein jour,93,93007,2,1,1,1.0,ALBERT EINSTEIN (AVENUE),48.94793,2.4671,12:50:00,2024-09-16
202400004207,15:00,Plein jour,75,75108,2,7,8,2.0,PLACE CHARLES DE GAULLE,48.87382326,2.29587972,15:00:00,2024-04-28
202400004208,22:25,Nuit sans éclairage,93,93007,2,1,1,6.0,"""PAUL VAILLANT COUTURIER (AVENUE """"DU 13",48.92615,2.46747,22:25:00,2024-09-15
202400004209,20:00,,11,11262,2,1,1,6.0,Boulevard Marechal Joffre,43.18359,2.9988,20:00:00,2024-11-28
202400004210,18:00,Plein jour,75,75101,2,3,1,7.0,QUAI DE LA MEGISSERIE,48.857217,2.347461,18:00:00,2024-04-28
202400004211,16:20,Plein jour,11,11069,2,1,1,7.0,Unknown,43.21229,2.35707,16:20:00,2024-11-28
202400004212,23:40,,92,92033,2,2,1,3.0,BUZENVAL,48.85182547,2.20544782,23:40:00,2024-09-15
202400004213,21:30,,94,94043,2,6,1,2.0,Avenue de Fontainebleau / Rue Edmond Michelet,48.8095,2.36245,21:30:00,2024-04-28
202400004214,19:40,,06,06069,2,1,1,3.0,229 Route de Cannes,43.63032,6.95892,19:40:00,2024-11-28
202400004215,08:30,Plein jour,92,92049,2,3,1,3.0,BARBES RUE,48.81706824,2.33142301,08:30:00,2024-09-16
202400004216,06:50,,06,06069,2,1,1,3.0,57 Route de Cannes,43.64353,6.94615,06:50:00,2024-11-28
202400004217,09:00,Plein jour,92,92049,2,1,8,3.0,BARBES RUE,48.81735715,2.32723027,09:00:00,2024-09-16
202400004218,01:00,,94,94073,2,2,2,2.0,Avenue de Versailles / Rue Gabriel Péri,48.75956,2.39677,01:00:00,2024-04-28
202400004219,14:00,Plein jour,94,94028,2,1,1,6.0,D1,48.7851,2.45794,14:00:00,2024-04-28
202400004220,08:50,Plein jour,03,03321,2,1,1,3.0,route de Lyon,46.54294,3.3432,08:50:00,2024-11-28
202400004221,08:30,Plein jour,92,92048,2,6,1,3.0,MORANE SAULNIER (AVENUE),48.78653,2.22355,08:30:00,2024-09-16
202400004222,06:25,Crépuscule,92,92036,2,1,1,6.0,LOUIS CALMEL (RUE) (2/16),48.9264,2.29243,06:25:00,2024-09-16
202400004223,14:21,Plein jour,03,03185,2,6,2,3.0,PRESIDENT AURIOL (AVENUE),46.33694,2.58728,14:21:00,2024-11-28
202400004224,12:30,Plein jour,94,94017,2,1,1,4.0,Rue Charles Floquet,48.81455,2.48095,12:30:00,2024-04-28
202400004225,18:50,Plein jour,92,92036,2,3,1,6.0,GENERAL DE GAULLE (AVENUE) (43/129),48.93375871,2.31337823,18:50:00,2024-09-14
202400004226,20:30,,75,75112,2,1,1,5.0,BD PERIPHERIQUE EXTERIEUR,48.836796,2.412611,20:30:00,2024-11-27
202400004227,16:47,Plein jour,92,92023,2,1,1,3.0,GENERAL DE GAULLE (AVENUE DU) N°2 A 132,48.79191325,2.26754934,16:47:00,2024-09-16
202400004228,10:00,Plein jour,92,92012,2,9,1,7.0,JEAN BAPTISTE CLEMENT (AVENUE) 49/FIN -,48.8422746,2.23047763,10:00:00,2024-09-16
202400004229,14:15,Plein jour,75,75116,2,1,2,4.0,BD PERIPHERIQUE EXTERIEUR,48.844085,2.254681,14:15:00,2024-11-27
202400004230,23:40,,92,92007,2,3,1,6.0,PARTICIPATION (RUE DE LA),48.79600331,2.31853209,23:40:00,2024-09-15
202400004231,17:30,Plein jour,93,93078,2,6,1,4.0,CLEMENCEAU (AVENUE GEORGES),48.96157,2.55496,17:30:00,2024-04-28
202400004232,11:20,Plein jour,65,65175,1,1,1,7.0,D925,42.918249,0.513139,11:20:00,2024-09-15
202400004233,16:15,Plein jour,75,75118,2,2,2,3.0,BOULEVARD BARBES,48.88556,2.349531,16:15:00,2024-11-27
202400004234,17:56,Plein jour,93,93072,2,3,1,3.0,Boulevard Maxime Gorki / Rue Salvador Allende,48.9467,2.38647,17:56:00,2024-04-28
202400004235,08:05,Crépuscule,33,33352,2,5,7,6.0,Unknown,44.58022,-0.034273,08:05:00,2024-09-16
202400004236,16:30,Crépuscule,75,75117,2,7,1,3.0,AVENUE DE LA PORTE DES TERNES,48.880928,2.283955,16:30:00,2024-11-27
202400004237,23:39,,92,92012,2,1,2,6.0,QUATRE SEPTEMBRE (QUAI DU),48.84133,2.22543,23:39:00,2024-04-27
202400004238,10:45,Plein jour,77,77478,1,1,1,6.0,A4 PK 54+0800,48.974316,3.068469,10:45:00,2024-09-17
202400004239,10:30,Plein jour,972,97227,2,1,1,1.0,N5,14.469817,-60.922349,10:30:00,2024-09-16
202400004240,08:20,Plein jour,75,75116,2,7,1,3.0,PLACE DU TROCADERO ET DU 11 NOVEMBRE,48.862747,2.287467,08:20:00,2024-11-28
202400004241,12:45,Plein jour,2A,2A249,2,6,1,3.0,D319a,41.673894,8.901707,12:45:00,2024-04-28
202400004242,08:48,Plein jour,29,29181,1,1,1,4.0,N12,48.48627491,-4.27639992,08:48:00,2024-09-17
202400004243,20:00,,75,75115,2,2,1,3.0,QUAI DE GRENELLE,48.849446,2.281634,20:00:00,2024-11-28
202400004244,12:35,Plein jour,22,22182,1,2,1,3.0,la Ville Richard,48.543363,-2.961277,12:35:00,2024-04-27