Num_Acc,hrmn,lum,dep,com,agg,int,atm,col,adr,lat,long,heure,date
202400004245,17:05,Crépuscule,75,75115,2,1,1,1.0,RUE DE LA CONVENTION,48.842349,2.285153,17:05:00,2024-11-28
202400004246,07:32,Plein jour,29,29095,1,1,1,2.0,PK 63+200,48.45800984,-4.36340456,07:32:00,2024-09-17
202400004247,17:05,Plein jour,974,97410,1,1,1,2.0,150 Chemin de Ceinture,-21.102427,55.716092,17:05:00,2024-09-17
202400004248,09:26,Plein jour,75,75113,2,2,1,3.0,BOULEVARD KELLERMANN,48.820991,2.350793,09:26:00,2024-11-28
202400004249,04:00,Nuit sans éclairage,67,67430,1,1,1,7.0,Saint-Pierre-Bois,48.34197079,7.3677871,04:00:00,2024-04-28
202400004250,14:50,Plein jour,84,84039,1,1,1,1.0,D907,44.105461,4.857159,14:50:00,2024-09-17
202400004251,18:00,,75,75113,2,1,2,6.0,BOULEVARD MASSENA,48.823232,2.374045,18:00:00,2024-11-27
202400004252,17:00,Plein jour,76,76534,1,1,1,1.0,Rue des Six Chemins,49.58950912,0.22966482,17:00:00,2024-04-29
202400004253,15:00,Plein jour,34,34270,2,1,1,6.0,35 Avenue Georges Clemenceau,43.579703,3.822894,15:00:00,2024-09-17
202400004254,19:25,Crépuscule,41,41223,1,1,1,7.0,A10,47.619442,1.235747,19:25:00,2024-04-28
202400004255,11:37,Plein jour,75,75109,2,2,1,6.0,RUE SAINT LAZARE,48.876257,2.331896,11:37:00,2024-11-28
202400004256,11:40,Plein jour,51,51227,1,1,1,1.0,RD977,48.89220273,4.29690427,11:40:00,2024-09-16
202400004257,17:34,Plein jour,974,97413,1,1,1,6.0,Chemin la Surprise,-21.156268,55.297188,17:34:00,2024-04-28
202400004258,15:00,Plein jour,80,80710,1,2,1,3.0,D928,50.005201,1.72509,15:00:00,2024-09-16
202400004259,09:15,Plein jour,974,97413,2,1,1,6.0,Chemin Dubuisson,-21.173587,55.295182,09:15:00,2024-04-26
202400004260,17:15,,75,75108,2,3,1,6.0,AVENUE DE FRIEDLAND,48.874077,2.298208,17:15:00,2024-11-27
202400004261,09:40,Plein jour,34,34107,1,1,1,7.0,D14,43.598544,2.846156,09:40:00,2024-09-14
202400004262,05:50,Nuit sans éclairage,34,34199,1,1,3,6.0,A75,43.444678,3.421061,05:50:00,2024-04-29
202400004263,08:33,Plein jour,25,25212,2,3,1,2.0,3 Rue de Châtillon,47.278712,5.993471,08:33:00,2024-09-17
202400004264,13:56,Plein jour,75,75107,2,3,1,7.0,RUE DE BEAUNE,48.859252,2.330234,13:56:00,2024-11-28
202400004265,17:40,Plein jour,58,58086,1,1,1,2.0,A77 au PK 105+800,47.373477,2.923307,17:40:00,2024-04-28
202400004266,20:00,Crépuscule,29,29241,1,1,1,1.0,Lieu Dit Kervatal,47.983976,-3.802058,20:00:00,2024-09-16
202400004267,11:33,Plein jour,57,57345,2,1,1,6.0,16a Route d'Elzange,49.350094,6.299028,11:33:00,2024-04-27
202400004268,19:45,,75,75104,2,3,8,6.0,RUE SAINT ANTOINE,48.855097,2.361679,19:45:00,2024-11-26
202400004269,11:50,Plein jour,15,15154,1,4,1,3.0,RD 157,44.942423,2.611645,11:50:00,2024-09-15
202400004270,15:35,Plein jour,51,51212,1,1,1,2.0,D12,48.77413574,4.29193284,15:35:00,2024-04-28
202400004271,10:35,Plein jour,94,94068,2,2,1,1.0,Rue Jules Ferry,48.7980267,2.48986486,10:35:00,2024-11-28
202400004272,16:30,Plein jour,01,01141,2,3,1,7.0,Route de l’Eglise,45.816762,5.677936,16:30:00,2024-09-15
202400004273,20:30,Nuit sans éclairage,2A,2A017,1,1,1,6.0,D381,42.00376225,8.71040494,20:30:00,2024-04-27
202400004274,12:30,Plein jour,94,94076,2,3,1,6.0,Rue Jean Jaurès,48.79258142,2.36652911,12:30:00,2024-11-28
202400004275,18:35,Plein jour,72,72115,1,1,1,7.0,Route de Marthe,47.660373,0.447274,18:35:00,2024-09-17
202400004276,13:00,Plein jour,94,94022,2,1,1,6.0,Avenue Jean Jaurès,48.7655,2.40901,13:00:00,2024-11-28
202400004277,15:30,Plein jour,06,06059,1,3,8,3.0,Chemin du Ret Supérieur,43.728751,7.371483,15:30:00,2024-09-17
202400004278,17:10,,94,94071,2,1,8,6.0,Avenue Winston Churchill,48.769894,2.522835,17:10:00,2024-11-28
202400004279,20:45,Crépuscule,80,80354,2,1,1,6.0,11 Rue Principale,49.984696,1.768166,20:45:00,2024-04-28
202400004280,10:30,Plein jour,50,50130,1,1,1,1.0,Route du Bourg Neuf,48.806482,-1.192263,10:30:00,2024-09-17
202400004281,10:40,Plein jour,33,33226,1,1,1,7.0,Unknown,44.700298,-0.354534,10:40:00,2024-04-29
202400004282,01:50,,93,93073,2,4,8,2.0,CHAPIT RE ( RUE DU),49.00718411,2.55828927,01:50:00,2024-11-28
202400004283,08:20,Plein jour,89,89088,1,1,1,6.0,Route départementale D 955,47.847403,3.323772,08:20:00,2024-04-29
202400004284,18:34,Plein jour,60,60277,2,1,1,1.0,Rue Jean Jaurès,49.423003,2.042494,18:34:00,2024-09-17
202400004285,17:15,,93,93072,2,1,1,6.0,JEAN DURAND (RUE) COTE N°1 AU 45,48.95578383,2.37808743,17:15:00,2024-11-28
202400004286,18:15,Plein jour,86,86086,1,3,1,3.0,Lieu Dit la Belle Indienne,46.823327,0.691835,18:15:00,2024-04-28
202400004287,00:10,,93,93050,2,1,1,6.0,VILLE BOIS MAREUIL (RUE),48.85656923,2.52418363,00:10:00,2024-11-24
202400004288,17:50,Plein jour,64,64368,1,2,1,3.0,70 Route de Saint-Palais,43.390136,-1.097316,17:50:00,2024-09-16
202400004289,21:45,Nuit sans éclairage,39,39223,1,1,2,1.0,Unknown,46.928143,5.65002,21:45:00,2024-04-28
202400004290,13:00,Plein jour,16,16009,2,3,1,6.0,Unknown,45.979052,0.56861,13:00:00,2024-09-17
202400004291,21:10,Nuit sans éclairage,04,04088,1,1,1,6.0,Ancienne Route de Dauphin,43.926753,5.791109,21:10:00,2024-09-16
202400004292,20:20,,93,93032,2,2,2,4.0,GEORGES POMPIDOU (AV DU),48.88272315,2.53509521,20:20:00,2024-11-27
202400004293,08:30,Plein jour,38,38130,2,3,8,6.0,Avenue du Marechal Joffre,45.393188,5.26663,08:30:00,2024-04-29
202400004294,08:00,Crépuscule,30,30062,1,3,7,6.0,D40,43.792194,4.205446,08:00:00,2024-09-13
202400004295,00:05,,38,38030,2,1,1,6.0,rue Louis Durand,45.341144,5.472028,00:05:00,2024-09-15
202400004296,19:10,,93,93029,2,3,1,3.0,BOIS DE GROSLAY (DES),48.91786,2.46664,19:10:00,2024-11-27
202400004297,15:50,Plein jour,02,02643,1,1,1,5.0,Unknown,49.397764,3.153205,15:50:00,2024-04-29
202400004298,12:40,Plein jour,93,93008,2,1,1,6.0,SEMARD (AVENUE PIERRE),48.9089,2.44578,12:40:00,2024-11-28
202400004299,08:10,Crépuscule,35,35353,1,1,1,6.0,RN12,48.12564489,-1.73514515,08:10:00,2024-09-15
202400004300,07:50,Crépuscule,93,93053,2,1,1,7.0,PARIS (RUE DE),48.90386,2.4691,07:50:00,2024-11-28
202400004301,16:00,Plein jour,42,42279,1,1,1,6.0,Les bruyas,45.480314,4.240642,16:00:00,2024-09-17
202400004302,11:15,Plein jour,02,02424,1,1,1,1.0,Route départemental 1,49.414224,3.343041,11:15:00,2024-04-29
202400004303,09:29,Plein jour,71,71187,1,1,1,6.0,Le Creusot TGV (Gare) Parking,46.76423,4.49856,09:29:00,2024-09-17
202400004304,11:35,Plein jour,93,93001,2,2,1,6.0,PAUL DOUMER (RUE),48.91743,2.3869,11:35:00,2024-11-28
202400004305,08:20,Crépuscule,14,14371,1,1,1,6.0,Route de Meulles,48.98641,0.319676,08:20:00,2024-04-29
202400004306,16:40,Plein jour,13,13103,1,1,1,2.0,Autoroute A7 - PK 231+000 - sens LYON /MARSEILLE,43.675073,5.095253,16:40:00,2024-09-16
202400004307,13:45,Plein jour,92,92078,2,1,1,6.0,ANCIENNES ECOLES (RUE),48.93429143,2.33183831,13:45:00,2024-11-28
202400004308,20:36,Nuit sans éclairage,50,50124,2,3,2,1.0,Route de la Mare de la Lande (La Mancellière),48.670139,-1.142567,20:36:00,2024-04-27
202400004309,01:35,Nuit sans éclairage,28,28092,1,1,1,2.0,A10,48.358423,1.877235,01:35:00,2024-09-17
202400004310,09:00,Plein jour,92,92050,2,1,1,6.0,REPUBLIQUE AVENUE DE LA,48.91230906,2.22395673,09:00:00,2024-11-28
202400004311,07:50,Plein jour,64,64106,1,2,2,3.0,CD 933,43.306818,-1.009701,07:50:00,2024-04-29
202400004312,18:45,,974,97420,2,1,2,6.0,140 Avenue Pierre Mendès France,-20.90912,55.609622,18:45:00,2024-08-11
202400004313,09:00,Plein jour,37,37027,2,2,1,1.0,Avenue du 11 Novembre,47.325036,1.005973,09:00:00,2024-09-16
202400004314,18:00,,92,92026,2,3,1,6.0,SAINT-DENIS BD (120 A 174 / DE 199 A 315,48.90217131,2.27370392,18:00:00,2024-11-27
202400004315,22:00,Nuit avec éclairage,16,16347,1,1,1,7.0,Unknown,45.279768,0.1276087,22:00:00,2024-04-28
202400004316,17:50,,92,92023,2,1,3,6.0,PORTE DE TRIVAUX (RUE DE) N°57 A 197 ET,48.7914095,2.26222873,17:50:00,2024-11-27
202400004317,16:00,Plein jour,58,58214,2,1,1,1.0,237 Rue du Manoir,47.07615,3.106459,16:00:00,2024-09-17
202400004318,14:00,Plein jour,973,97305,1,1,1,2.0,Route Nationale PK 13,4.924235,-52.389389,14:00:00,2024-08-11
202400004319,16:50,Plein jour,24,24082,1,1,1,5.0,D704a,44.86262,1.264603,16:50:00,2024-04-29
202400004320,13:45,Plein jour,92,92002,2,3,1,3.0,ABBAYE (RUE DE L'),48.75189518,2.29797408,13:45:00,2024-11-28
202400004321,19:30,Crépuscule,67,67313,2,1,1,2.0,45 Rue du Marechal Foch,48.538521,7.454948,19:30:00,2024-09-15
202400004322,06:45,Plein jour,971,97115,1,1,1,1.0,Route Nationale 2,16.27106,-61.654018,06:45:00,2024-08-11
202400004323,20:30,Nuit sans éclairage,35,35146,1,1,8,6.0,LE PRE DE PENABAT,48.24842898,-1.78889796,20:30:00,2024-11-28
202400004324,03:50,Nuit sans éclairage,67,67131,2,1,2,7.0,M468,48.486452,7.72945,03:50:00,2024-09-08
202400004325,02:30,Nuit sans éclairage,977,97701,2,1,1,7.0,Grand Fond,17.893001,-62.809761,02:30:00,2024-08-12
202400004326,18:30,Plein jour,24,24354,1,1,1,1.0,Avenue de la Double,45.140217,0.045748,18:30:00,2024-04-28
202400004327,03:00,Nuit sans éclairage,21,21599,1,1,1,1.0,A31,47.647484,5.178364,03:00:00,2024-11-14
202400004328,10:41,Plein jour,33,33165,1,6,1,1.0,Unknown,44.826192,-0.431814,10:41:00,2024-08-09
202400004329,19:10,Plein jour,24,24311,2,1,3,1.0,Avenue du Génèral de Gaulle,45.5222513,0.66052079,19:10:00,2024-04-27
202400004330,17:56,Crépuscule,73,73284,2,4,1,3.0,D915 Avenue des thermes,45.477021,6.527577,17:56:00,2024-09-16
202400004331,03:00,Nuit sans éclairage,71,71150,1,1,1,6.0,Aire de Crêches (Aire de repos),46.235139,4.794604,03:00:00,2024-11-29
202400004332,16:08,Plein jour,41,41220,1,1,1,5.0,D951,47.711787,1.602306,16:08:00,2024-08-07
202400004333,10:15,Plein jour,37,37050,2,2,1,5.0,avenue de la république,47.341055,0.722952,10:15:00,2024-04-29
202400004334,13:15,Plein jour,27,27230,2,2,1,3.0,44 Rue Octave Lenoir,48.864761,1.415402,13:15:00,2024-11-29
202400004335,01:55,Crépuscule,95,95370,1,1,1,7.0,D28,49.15204867,1.97881301,01:55:00,2024-08-12
202400004336,07:28,Crépuscule,11,11421,2,3,1,3.0,Unknown,43.214176,2.861348,07:28:00,2024-11-26
202400004337,08:00,Plein jour,34,34162,1,6,1,2.0,D613,43.465074,3.508736,08:00:00,2024-08-11
202400004338,19:27,Plein jour,08,08038,1,4,1,3.0,D26,49.46811,4.240594,19:27:00,2024-04-28
202400004339,14:30,Plein jour,63,63181,1,1,2,5.0,D2144,46.01711449,3.08748948,14:30:00,2024-11-28
202400004340,15:15,Plein jour,90,90015,1,1,2,6.0,"Autoroute A36, barreau 19-36M, PK 000.700",47.59161546,6.85644731,15:15:00,2024-04-28
202400004341,16:35,Plein jour,83,83150,2,1,1,6.0,Route de Gréoux,43.732949,5.828848,16:35:00,2024-08-11
202400004342,19:55,,23,23176,2,6,2,7.0,2 Avenue de la République,46.23868304,1.49371147,19:55:00,2024-11-28
202400004343,09:14,Plein jour,69,69235,1,1,3,1.0,2230 Route de Rive-de-Gier,45.531801,4.851456,09:14:00,2024-04-28
202400004344,05:30,Nuit sans éclairage,62,62009,1,1,5,7.0,D35,50.19156124,2.69419021,05:30:00,2024-11-29
202400004345,10:00,Plein jour,05,05065,1,6,1,3.0,intersection RN94 RD 902A,44.665845,6.614628,10:00:00,2024-08-10
202400004346,10:15,Plein jour,78,78569,1,1,1,2.0,"Autoroute A11, PK 025+800 direction Paris",48.546232,1.91288,10:15:00,2024-04-29
202400004347,17:42,,57,57097,2,1,1,6.0,Rue du General Newinger,49.179699,6.496718,17:42:00,2024-11-28
202400004348,15:30,Plein jour,37,37072,2,1,1,7.0,Rue du Grand Ballet,47.193897,0.23273,15:30:00,2024-04-24
202400004349,11:45,Plein jour,2B,2B050,1,1,1,6.0,Route de l?Aeroport,42.53807,8.790371,11:45:00,2024-11-29
202400004350,15:45,Plein jour,28,28007,2,9,1,7.0,10 Route de Boncourt,48.852447,1.445941,15:45:00,2024-04-18
202400004351,16:00,Plein jour,13,13027,1,2,1,3.0,D571,43.862474,4.849498,16:00:00,2024-02-24
202400004352,18:10,Plein jour,78,78128,1,1,8,1.0,D24,48.674505,1.955802,18:10:00,2024-04-28
202400004353,19:45,,71,71591,1,6,1,2.0,D906,46.449553,4.886421,19:45:00,2024-11-28
202400004354,21:50,Nuit sans éclairage,13,13099,1,1,1,6.0,D952,43.715686,5.783116,21:50:00,2024-04-28
202400004355,17:45,Plein jour,67,67229,1,4,1,3.0,carrefour D883  - D683,48.669822,7.421157,17:45:00,2024-08-11
202400004356,09:00,Plein jour,89,89186,1,1,1,6.0,Grande Rue,48.005551,3.797203,09:00:00,2024-11-29
202400004357,16:20,Plein jour,33,33029,1,1,3,6.0,Unknown,44.651709,-0.74258,16:20:00,2024-04-27
202400004358,12:05,Plein jour,63,63213,1,1,1,7.0,D1093,45.843659,3.274784,12:05:00,2024-08-12
202400004359,19:00,Plein jour,44,44215,1,1,1,1.0,Route des Sorinières,47.161795,-1.492145,19:00:00,2024-04-25
202400004360,15:43,Plein jour,63,63362,2,4,1,3.0,Place de la Halle,45.91877239,3.24817121,15:43:00,2024-11-27
202400004361,14:56,Plein jour,22,22379,2,1,1,7.0,Voie Communale Vieille Côte de Trestel,48.817461,-3.356205,14:56:00,2024-04-28
202400004362,16:45,Plein jour,87,87161,1,1,1,1.0,Lieu Dit Eycouveaux,45.861302,1.516607,16:45:00,2024-08-12
202400004363,17:45,Crépuscule,63,63087,1,1,2,6.0,RD 142,45.425594,3.083725,17:45:00,2024-11-28
202400004364,17:45,Plein jour,33,33104,1,1,1,3.0,Unknown,45.032975,-0.787577,17:45:00,2024-08-12
202400004365,20:01,Nuit sans éclairage,61,61474,1,1,1,3.0,D926,48.749058,0.016264,20:01:00,2024-11-29
202400004366,14:45,Plein jour,62,62474,2,1,1,3.0,D901,50.67725464,1.64613836,14:45:00,2024-04-29
202400004367,20:54,Nuit sans éclairage,12,12021,1,1,1,6.0,La Combe Haute (La Bastide-l'Évêque),44.312472,2.125629,20:54:00,2024-11-28
202400004368,10:10,Plein jour,33,33312,1,1,1,3.0,Unknown,44.966867,-0.553224,10:10:00,2024-08-12
202400004369,12:50,Plein jour,13,13071,1,1,1,2.0,A51-Sens Marseille vers Aix en Provence,43.41222988,5.36422948,12:50:00,2024-04-27
202400004370,09:55,Plein jour,31,31247,2,1,1,6.0,5 Place Jules Massenet,43.081129,0.671872,09:55:00,2024-11-28
202400004371,14:40,Plein jour,85,85003,1,1,1,3.0,la gouinière,46.740713,-1.566893,14:40:00,2024-08-10
202400004372,17:20,Nuit sans éclairage,38,38315,2,1,2,6.0,Avenue de la Bergerie,45.535543,5.660362,17:20:00,2024-11-28
202400004373,00:10,Nuit sans éclairage,69,69204,1,1,1,5.0,Autoroute 450 ,45.68716494,4.81057022,00:10:00,2024-04-27
202400004374,16:45,Plein jour,56,56007,2,2,1,3.0,Avenue Yves Kerroux,47.675358,-2.988399,16:45:00,2024-07-21
202400004375,11:00,Plein jour,06,06032,1,1,1,6.0,Route Moyenne Corniche,43.724836,7.393981,11:00:00,2024-11-29
202400004376,16:30,Plein jour,67,67152,1,1,1,4.0,M35,48.5273,7.6847,16:30:00,2024-04-23
202400004377,09:30,Plein jour,22,22242,1,1,1,6.0,D 89- la ville neuve,48.59945027,-2.384414,09:30:00,2024-08-12
202400004378,02:00,Nuit sans éclairage,64,64276,1,1,1,6.0,D918,43.105855,-0.649245,02:00:00,2024-11-25
202400004379,22:30,Nuit sans éclairage,94,94021,1,1,1,7.0,A6B,48.77137155,2.34509948,22:30:00,2024-04-28
202400004380,17:00,Plein jour,62,62627,1,1,7,7.0,Rue de Sailly,50.303897,3.017421,17:00:00,2024-08-09
202400004381,23:00,Nuit avec éclairage,53,53271,2,1,2,6.0,Rue de la Boorie,48.340843,-0.283556,23:00:00,2024-11-27
202400004382,00:20,,93,93066,1,1,1,2.0,A1,48.91224353,2.3578075,00:20:00,2024-04-28
202400004383,15:27,Plein jour,59,59618,2,1,1,1.0,Rue de Marpent,50.32427838,4.04697163,15:27:00,2024-08-10
202400004384,23:25,,04,04088,2,1,1,1.0,Avenue du Général de Gaulle,43.955441,5.775263,23:25:00,2024-11-28
202400004385,19:20,Plein jour,95,95572,1,1,2,6.0,A15,49.0328605,2.10794605,19:20:00,2024-04-27
202400004386,07:30,,27,27543,2,1,8,6.0,23 Route de Dreux,48.785788,1.363418,07:30:00,2024-11-26
202400004387,11:30,Plein jour,59,59158,2,1,7,1.0,D938,50.450038,3.198545,11:30:00,2024-08-12
202400004388,13:48,Plein jour,94,94028,1,1,1,2.0,A86,48.79983715,2.44627859,13:48:00,2024-04-28
202400004389,01:55,Nuit sans éclairage,59,59465,1,1,1,6.0,Rue du Corbeau,50.115209,3.570637,01:55:00,2024-08-10
202400004390,08:10,Plein jour,17,17057,1,3,1,3.0,D115,46.167622,-0.836354,08:10:00,2024-11-28
202400004391,20:00,Plein jour,77,77294,1,1,3,2.0,A104,48.970177,2.597213,20:00:00,2024-04-27
202400004392,21:38,Nuit sans éclairage,13,13117,1,1,1,7.0,A7-Sens Marseille vers Lyon,43.47635,5.23763,21:38:00,2024-05-05
202400004393,19:15,Plein jour,13,13085,1,1,1,7.0,A50-Sens Toulon vers Aubagne,43.2624,5.5896,19:15:00,2024-08-11
202400004394,12:00,Plein jour,93,93051,1,1,1,2.0,A4,48.83662815,2.54787956,12:00:00,2024-04-27
202400004395,16:55,Crépuscule,30,30224,1,1,1,5.0,D22,43.918538,4.241023,16:55:00,2024-11-28
202400004396,07:20,Plein jour,94,94046,1,1,1,6.0,A86 EXT,48.80856288,2.44905786,07:20:00,2024-04-27
202400004397,17:05,Crépuscule,66,66172,2,1,1,6.0,Avenue de la Mirande,42.714086,2.851709,17:05:00,2024-11-28
202400004398,06:50,Crépuscule,13,13212,2,1,1,2.0,A507 sens Aubagne- Marseille,43.30933966,5.42489187,06:50:00,2024-08-11
202400004399,04:30,Nuit sans éclairage,74,74282,1,1,1,1.0,A410 ,46.03678155,6.24024452,04:30:00,2024-02-24
202400004400,01:40,,13,13202,1,9,1,7.0,TVPCM-Sens Saint Victor vers Les Ports,43.2943,5.36396,01:40:00,2024-08-09
202400004401,10:15,Plein jour,13,13103,1,1,1,3.0,"A54, PK 72+700, direction NIMES",43.62643,5.118577,10:15:00,2024-11-23
202400004402,17:20,Plein jour,74,74236,2,9,1,6.0,Route de megève ,45.90501,6.700453,17:20:00,2024-02-20
202400004403,18:35,Nuit avec éclairage,971,97116,1,1,1,3.0,Route de l?Etoile,16.320453,-61.489127,18:35:00,2024-11-22
202400004404,11:50,Plein jour,971,97126,1,1,1,7.0,Lieu Dit Pelisson,15.939841,-61.270146,11:50:00,2024-11-28
202400004405,15:20,Plein jour,83,83144,1,1,1,4.0,A57,43.1392422,5.9973456,15:20:00,2024-08-10
202400004406,06:00,Nuit sans éclairage,74,74019,1,1,8,1.0,Voie des Aravis (Pont) ,45.937686,6.144552,06:00:00,2024-02-11
202400004407,18:15,,74,74225,2,1,2,6.0,Rue du Mont-Blanc ,45.859151,5.950277,18:15:00,2024-02-07
202400004408,11:45,Plein jour,69,69256,1,1,1,2.0,Rocade Est,45.7963116,4.94410421,11:45:00,2024-08-09
202400004409,05:20,Nuit sans éclairage,77,77420,1,1,1,2.0,N2,49.048192,2.694397,05:20:00,2024-11-24
202400004410,08:30,Plein jour,74,74070,1,1,1,7.0,RD 1005 ,46.29105138,6.27150226,08:30:00,2024-02-04
202400004411,18:09,Plein jour,77,77251,1,1,1,7.0,AUTOROUTE A5A,48.619458,2.553622,18:09:00,2024-08-11
202400004412,16:45,Crépuscule,77,77183,2,1,1,6.0,Rue Jean-jaurès,48.945441,3.125203,16:45:00,2024-11-29
202400004413,15:30,Plein jour,74,74311,1,1,1,6.0,Route des brasses ,46.161802,6.411515,15:30:00,2024-02-03
202400004414,16:30,Plein jour,94,94021,1,1,1,2.0,A106,48.76360182,2.34384403,16:30:00,2024-08-11
202400004415,17:35,Nuit sans éclairage,77,77440,2,1,3,1.0,D21p,48.949088,3.07351,17:35:00,2024-11-19
202400004416,18:00,Crépuscule,77,77217,1,1,1,3.0,D319,48.676939,2.665789,18:00:00,2024-11-28
202400004417,01:20,Nuit sans éclairage,74,74272,2,1,1,5.0,Route de Nonglard ,45.945506,6.039069,01:20:00,2024-01-28
202400004418,11:56,Plein jour,94,94076,1,1,1,4.0,A6B,48.79406378,2.34526514,11:56:00,2024-08-11
202400004419,16:15,Plein jour,66,66171,2,6,1,6.0,Rue Roland Dorgelès,42.622228,3.010141,16:15:00,2024-11-28
202400004420,05:00,Nuit sans éclairage,74,74211,1,1,1,6.0,480 Route de moussy ,46.100443,6.268966,05:00:00,2024-01-01
202400004421,19:10,,66,66171,1,1,1,6.0,Unknown,42.625497,3.023386,19:10:00,2024-11-28
202400004422,08:05,Plein jour,94,94034,1,1,1,2.0,A6A,48.75120273,2.32960518,08:05:00,2024-08-11
202400004423,08:59,Plein jour,987,98735,2,2,1,6.0,DESTREMEAU (RUE BLOC ECOLE MATERNELLE PA,-17.544686,-149.575624,08:59:00,2024-04-26
202400004424,05:45,Nuit sans éclairage,77,77251,1,1,1,2.0,RN 104,48.64509329,2.54658043,05:45:00,2024-08-09
202400004425,07:40,Crépuscule,34,34022,2,3,1,3.0,Rue du Colombier,43.657861,4.011472,07:40:00,2024-11-27
202400004426,18:40,Nuit avec éclairage,974,97407,2,1,1,3.0,ROMERO(AVENUE),-20.94769,55.29594,18:40:00,2024-04-27
202400004427,09:15,Plein jour,34,34327,1,1,1,2.0,RD68,43.66902,3.968328,09:15:00,2024-11-29
202400004428,15:50,Plein jour,92,92064,1,1,1,2.0,A13,48.83949368,2.20466483,15:50:00,2024-08-11
202400004429,22:13,,972,97213,1,1,1,2.0,ROUTE DEPARTEMENTALE 14,14.64615364,-61.02329688,22:13:00,2024-04-26
202400004430,08:45,Plein jour,92,92050,1,1,1,7.0,A14,48.90203098,2.19992423,08:45:00,2024-08-11
202400004431,18:20,,71,71176,2,2,3,6.0,15 Rue de la Faïencerie,46.486063,3.990282,18:20:00,2024-11-28
202400004432,10:00,Plein jour,972,97213,2,4,1,3.0,Unknown,14.62275,-61.01893,10:00:00,2024-04-27
202400004433,14:30,Plein jour,54,54305,2,3,1,6.0,Rue du Baron de Courcelles,48.748077,6.200883,14:30:00,2024-11-29
202400004434,10:40,Plein jour,972,97213,2,1,1,2.0,NELSON MANDELA,14.61081,-61.00189,10:40:00,2024-04-27
202400004435,19:45,Plein jour,92,92047,1,1,1,4.0,A13,48.83231571,2.15438418,19:45:00,2024-08-10
202400004436,08:40,Plein jour,971,97113,1,1,1,7.0,Section Port Blanc,16.23102,-61.46655,08:40:00,2024-04-27
202400004437,02:50,Nuit avec éclairage,971,97101,2,9,2,7.0,PERRIN (SECTEUR),16.29408,-61.51131,02:50:00,2024-04-27
202400004438,07:00,Plein jour,95,95018,1,1,1,2.0,A15,48.95863789,2.27437326,07:00:00,2024-08-11
202400004439,20:00,Plein jour,95,95582,2,1,1,6.0,A115,48.97702211,2.24108916,20:00:00,2024-08-10
202400004440,23:15,,971,97101,2,1,1,2.0,RN1-  HAUTEUR DE SORTIE LAURICISQUE,16.25324518,-61.54762298,23:15:00,2024-04-26
202400004441,17:05,Plein jour,74,74147,2,1,1,6.0,395 Route de marceau,45.778386,6.202988,17:05:00,2024-05-31
202400004442,11:40,Plein jour,91,91479,2,9,1,3.0,AV DE VERDUN,48.70576,2.36345,11:40:00,2024-04-27
202400004443,15:00,Plein jour,83,83126,2,2,1,3.0,STALINGRAD (BD),43.10604557,5.86717602,15:00:00,2024-04-27
202400004444,21:13,Nuit sans éclairage,74,74256,1,3,2,3.0,Avenue de geneve,45.973065,6.630152,21:13:00,2024-04-24
202400004445,07:55,Plein jour,83,83061,2,1,1,6.0,D8,43.43315,6.72198,07:55:00,2024-04-23
202400004446,03:38,,81,81004,2,1,1,6.0,THOMAS (AV ALBERT),43.93672,2.14682,03:38:00,2024-04-27
202400004447,19:50,Plein jour,74,74109,1,1,2,5.0,D1508,46.070581,5.855026,19:50:00,2024-05-07
202400004448,11:45,Plein jour,78,78350,2,1,1,6.0,GENERAL DE GAULLE (RUE DU),48.861022,2.122416,11:45:00,2024-03-28
202400004449,10:30,Plein jour,74,74104,1,1,1,3.0,Route d'Annecy,45.795106,6.213166,10:30:00,2024-05-28
202400004450,23:45,,78,78498,2,3,2,6.0,SAINT SEBASTIEN RUE,48.93901,2.0593,23:45:00,2024-04-27
202400004451,10:45,Plein jour,74,74063,2,1,1,6.0,265 Route du taude,46.275447,6.838539,10:45:00,2024-05-20
202400004452,18:58,Plein jour,77,77384,1,1,1,1.0,CHEMIN DES PLAINES,48.601389,2.607778,18:58:00,2024-04-27
202400004453,07:20,Crépuscule,77,77487,2,1,2,1.0,CLOS SAINT MARTIN  (DU),48.52264,2.69345,07:20:00,2024-04-27
202400004454,11:20,Plein jour,74,74256,1,3,1,3.0,1806 Route de megève,45.923297,6.634219,11:20:00,2024-05-26
202400004455,08:30,Plein jour,77,77433,1,1,1,7.0,D 15,48.758544,3.07075,08:30:00,2024-04-27
202400004456,22:00,Nuit sans éclairage,74,74112,2,1,1,3.0,Unknown,45.929722,6.120393,22:00:00,2024-05-25
202400004457,03:20,Nuit sans éclairage,76,76497,1,1,3,7.0,N138,49.37943406,1.05019856,03:20:00,2024-04-27