Num_Acc,hrmn,lum,dep,com,agg,int,atm,col,adr,lat,long,heure,date
202400004458,20:05,Crépuscule,74,74010,2,1,1,6.0,MARECHAL LECLERC (PROMENADE/RUE),45.91489,6.11794,20:05:00,2024-04-27
202400004459,07:30,Plein jour,74,74267,2,1,1,7.0,Unknown,45.846384,6.147465,07:30:00,2024-05-24
202400004460,06:30,Crépuscule,74,74065,1,1,2,7.0,RD 992,46.03473261,5.96896623,06:30:00,2024-05-27
202400004461,22:45,,71,71270,2,3,1,3.0,INTER  Quai Lamartine-Pont Saint-Laurent,46.30532,4.83584,22:45:00,2024-04-27
202400004462,04:01,Nuit avec éclairage,71,71445,2,1,1,6.0,LOUIS ALPHONSE POITEVIN (RUE),46.76841,4.86616,04:01:00,2024-04-27
202400004463,09:20,Plein jour,74,74236,2,1,1,6.0,Unknown,45.90686525,6.70419216,09:20:00,2024-05-21
202400004464,17:00,Plein jour,74,74291,1,1,8,1.0,D1508,46.038967,5.888543,17:00:00,2024-04-16
202400004465,11:30,Plein jour,69,69266,2,3,2,3.0,9 Rue Léon Blum,45.75954022,4.89191398,11:30:00,2024-04-26
202400004466,09:41,Plein jour,74,74002,1,3,1,3.0,D1201,45.820026,6.026226,09:41:00,2024-02-21
202400004467,11:50,Plein jour,66,66136,2,1,2,6.0,DELAGE Louis,42.73990246,2.89016604,11:50:00,2024-04-27
202400004468,10:15,Plein jour,35,35238,2,1,1,3.0,Rue Anatole Le Braz,48.118578,-1.662575,10:15:00,2024-01-17
202400004469,23:54,,64,64102,2,1,2,7.0,AQUITAINE (AVENUE DE L'),43.48643,-1.47064,23:54:00,2024-04-27
202400004470,18:40,Plein jour,64,64102,2,1,2,7.0,ARITXAGUE (BD D'),43.47119,-1.49153,18:40:00,2024-04-27
202400004471,15:30,Plein jour,84,84039,1,1,1,3.0,A7,44.0725975,4.88279972,15:30:00,2024-02-21
202400004472,04:35,Nuit sans éclairage,84,84087,1,1,1,6.0,Autoroute A7 pk 173.100,44.108188,4.851515,04:35:00,2024-02-21
202400004473,23:45,,63,63113,2,7,2,6.0,BLATIN (RUE),45.77716,3.08159,23:45:00,2024-04-27
202400004474,13:00,Plein jour,84,84071,2,1,1,6.0,157 Avenue du Tourail,43.86739,5.146687,13:00:00,2024-02-14
202400004475,19:15,Plein jour,63,63164,1,2,1,2.0,CEBAZAT (RTE DE) ,45.82382,3.13425,19:15:00,2024-04-27
202400004476,18:00,Nuit sans éclairage,84,84129,1,3,1,1.0,1951 Avenue d'Orange,44.024798,4.87264,18:00:00,2024-01-23
202400004477,17:45,Crépuscule,84,84129,2,1,2,3.0,Allée de la Traille,43.99134,4.869085,17:45:00,2024-01-17
202400004478,07:30,Nuit sans éclairage,84,84129,1,1,1,6.0,Chemin de la Lionne,44.024036,4.844563,07:30:00,2024-02-12
202400004479,21:40,,988,98818,2,3,1,4.0,AVENUE DU MARECHAL FOCH/Rue SUFFREN,-22.27879,166.44318,21:40:00,2024-08-10
202400004480,16:55,Plein jour,976,97611,2,7,1,7.0,m'tsapere-Nationale 2 (route),-12.79448,45.21684,16:55:00,2024-08-09
202400004481,15:50,Plein jour,62,62193,1,1,1,5.0,A216,50.94978,1.90548,15:50:00,2024-04-26
202400004482,10:20,Plein jour,976,97611,1,1,1,2.0,m'tsapere-Nationale 2 (route),-12.79302,45.21997,10:20:00,2024-08-06
202400004483,17:50,Plein jour,56,56260,2,3,2,6.0,Avenue Edgar Degas,47.67345,-2.76309,17:50:00,2024-04-27
202400004484,17:25,Plein jour,54,54547,2,9,1,3.0,Rue Raymond Poincaré,48.66906883,6.19506061,17:25:00,2024-04-26
202400004485,09:20,Plein jour,976,97611,2,7,1,3.0,mamoudzou centre-Mariage (place -mamoudz,-12.7775,45.23169,09:20:00,2024-08-09
202400004486,05:00,,974,97416,2,1,1,3.0,AERODROME (CHEMIN DE L'),-21.32352,55.44525,05:00:00,2024-08-10
202400004487,16:50,Plein jour,51,51454,2,1,1,4.0,POMMERY (BOULEVARD),49.246583,4.050909,16:50:00,2024-04-27
202400004488,23:50,,974,97411,2,1,2,2.0,JAURES (BLD 1 JEAN),-20.89013,55.46508,23:50:00,2024-08-10
202400004489,18:44,Plein jour,49,49267,1,1,1,3.0,A87N,47.46635,-0.51624,18:44:00,2024-04-27
202400004490,23:59,Nuit sans éclairage,49,49267,1,1,1,7.0,A87N,47.467,-0.5152,23:59:00,2024-04-27
202400004491,18:58,Crépuscule,974,97411,2,1,1,3.0,RIVIERE DES PLUIES (ROUTE DE LA),-20.90364,55.50342,18:58:00,2024-08-10
202400004492,14:50,Plein jour,49,49007,2,1,1,1.0,PETITES MUSSES,47.45557,-0.57113,14:50:00,2024-04-27
202400004493,17:00,Plein jour,973,97302,2,3,1,3.0,MONTABO (ROUTE DE) 3,4.94176436,-52.30414876,17:00:00,2024-08-07
202400004494,15:45,Plein jour,45,45234,2,2,8,3.0,D14 PR 8 + 570,47.84622,1.9409,15:45:00,2024-04-27
202400004495,16:10,Plein jour,973,97302,1,1,1,2.0,ROUTE NATIONALE 3,4.90578,-52.32086,16:10:00,2024-08-06
202400004496,20:30,Plein jour,38,38185,2,5,1,3.0,Cours de la Libération et du Général de Gaulle,45.15894,5.70941,20:30:00,2024-04-26
202400004497,12:20,Plein jour,973,97302,2,1,1,2.0,TROUBIRAN (CHEMIN DE),4.92160165,-52.30399811,12:20:00,2024-08-09
202400004498,19:00,Plein jour,37,37122,2,1,1,2.0,JEAN JAURES,47.34725,0.6525,19:00:00,2024-04-27
202400004499,00:51,Nuit sans éclairage,972,97213,1,1,2,6.0,AUTOROUTE A1,14.618164,-61.028896,00:51:00,2024-08-09
202400004500,21:05,,37,37261,2,1,1,2.0,PONT DU LAC ,47.36742,0.6982,21:05:00,2024-04-27
202400004501,14:00,Plein jour,69,69384,2,1,1,4.0,Cours d'Herbouville,45.77524,4.83926,14:00:00,2024-08-10
202400004502,16:30,Plein jour,33,33550,2,2,3,6.0,Unknown,44.78403,-0.566309,16:30:00,2024-04-27
202400004503,20:05,,971,97101,2,9,1,6.0,BOULEVARD DES HEROS,16.24972,-61.52357,20:05:00,2024-08-09
202400004504,11:40,Plein jour,33,33119,2,1,1,2.0,Unknown,44.85522864,-0.53160042,11:40:00,2024-04-27
202400004505,11:50,Plein jour,971,97103,1,1,1,2.0,AEROPORT SUD,16.27072,-61.5498,11:50:00,2024-08-09
202400004506,11:00,Plein jour,33,33063,2,6,8,3.0,Unknown,44.83034,-0.60285,11:00:00,2024-04-27
202400004507,09:30,Plein jour,971,97107,2,1,1,6.0,PAUL LACAVE ( AVENUE ),16.04552,-61.5629,09:30:00,2024-08-08
202400004508,16:15,Plein jour,29,29051,1,1,1,3.0,RN 165,47.99880102,-4.04937996,16:15:00,2024-04-26
202400004509,21:25,,28,28404,2,9,2,3.0,RD 828A,48.719188,1.348829,21:25:00,2024-04-26
202400004510,12:15,Plein jour,2A,2A004,2,1,1,2.0,ROUTE DU STILETTO,41.94653,8.76483,12:15:00,2024-08-10
202400004511,18:38,Plein jour,95,95585,2,1,1,2.0,D208,48.98474761,2.39917821,18:38:00,2024-08-10
202400004512,08:45,Plein jour,25,25056,2,3,1,1.0,BELFORT RUE DE BELFORT (sup 144)4,47.25986,6.0466,08:45:00,2024-04-27
202400004513,09:40,Plein jour,22,22360,2,6,1,7.0,RD700,48.49314,-2.76093,09:40:00,2024-04-27
202400004514,19:45,Plein jour,91,91201,2,4,1,3.0,RUE PIERRE BROSSOLETTE,48.68622,2.41812,19:45:00,2024-08-10
202400004515,19:11,Plein jour,21,21617,2,1,1,6.0,Avenue du Mail,47.33912,4.99729,19:11:00,2024-04-26
202400004516,08:10,Plein jour,91,91432,1,1,1,2.0,AUT DU SUD,48.69407179,2.3197782,08:10:00,2024-08-06
202400004517,18:49,Plein jour,19,19031,2,1,1,3.0,LAGRANGE (AVENUE LEO),45.15988863,1.54564369,18:49:00,2024-04-26
202400004518,06:55,Plein jour,83,83123,1,1,1,6.0,TOULON (ANCIEN CHEMIN DE),43.14231657,5.77822065,06:55:00,2024-08-06
202400004519,17:22,Plein jour,19,19031,2,3,2,3.0,CHAUMEIL (RUE PIERRE),45.15708656,1.50624365,17:22:00,2024-04-26
202400004520,19:10,Plein jour,80,80021,2,1,1,2.0,Rue de Paris,49.88832,2.28972,19:10:00,2024-08-10
202400004521,17:00,Plein jour,14,14118,2,2,8,3.0,19 Rue d'Authie,49.18393,-0.38639,17:00:00,2024-04-26
202400004522,17:25,Plein jour,80,80021,2,1,1,3.0,Place Alphonse Fiquet,49.8912,2.3067,17:25:00,2024-08-10
202400004523,12:30,Plein jour,13,13103,1,1,2,3.0,VIEILLE ROUTE DE PELISSANNE-RD 17,43.63562022,5.12702385,12:30:00,2024-04-26
202400004524,19:40,Plein jour,11,11069,2,2,2,3.0,92 Avenue Bunau Varilla,43.208,2.33684,19:40:00,2024-04-27
202400004525,06:20,Crépuscule,79,79259,1,3,5,3.0,Unknown,46.944544,-0.234,06:20:00,2024-08-10
202400004526,02:17,,06,06088,2,2,8,3.0,Promenade des Anglais,43.69497,7.26638,02:17:00,2024-04-27
202400004527,12:20,Plein jour,77,77475,2,1,1,6.0,VERDUN (AVENUE DE),48.95824,2.96264,12:20:00,2024-08-10
202400004528,19:30,Crépuscule,75,75118,2,1,1,2.0,PORTE DE SAINT OUEN,48.900701,2.334452,19:30:00,2024-04-26
202400004529,10:10,Plein jour,77,77058,2,1,1,3.0,GENERAL DE GAULLE  (AVENUE DU),48.83971,2.72705,10:10:00,2024-08-10
202400004530,19:45,Plein jour,75,75120,2,1,1,4.0,BD PERIPHERIQUE INTERIEUR,48.87611,2.4096,19:45:00,2024-04-26
202400004531,19:05,Plein jour,75,75112,2,1,1,3.0,BD PERIPHERIQUE INTERIEUR,48.833671,2.408099,19:05:00,2024-04-26
202400004532,17:00,Plein jour,76,76561,2,3,1,2.0,Rue Marcel Touchard,49.29844,1.03006,17:00:00,2024-08-09
202400004533,14:45,Plein jour,75,75105,2,2,2,6.0,AVENUE DE L OBSERVATOIRE,48.839669,2.336663,14:45:00,2024-04-27
202400004534,15:00,Plein jour,72,72181,2,2,1,1.0,CHAMPION HENRI (RUE) N° PAIRS,47.9822,0.2258,15:00:00,2024-08-10
202400004535,15:00,Plein jour,75,75119,2,2,3,7.0,BOULEVARD SERURIER,48.877257,2.406794,15:00:00,2024-04-27
202400004536,15:26,Plein jour,71,71076,2,1,1,6.0,CHARGEURS (RUE DES ),46.7842,4.85447,15:26:00,2024-07-12
202400004537,11:15,Plein jour,75,75119,2,1,1,6.0,RUE CLAVEL,48.875158,2.384248,11:15:00,2024-04-27
202400004538,15:45,Plein jour,75,75118,2,3,1,3.0,AVENUE DE SAINT OUEN,48.895875,2.328457,15:45:00,2024-04-26
202400004539,00:15,,69,69259,2,2,1,3.0,Avenue d'Oschatz,45.69526,4.88022,00:15:00,2024-08-11
202400004540,19:05,Plein jour,75,75115,2,5,2,2.0,PLACE CHARLES MICHELS,48.846778,2.2855633,19:05:00,2024-04-27
202400004541,02:45,,75,75111,2,7,2,6.0,PLACE DE LA BASTILLE,48.853484,2.36961,02:45:00,2024-04-27
202400004542,15:40,Plein jour,69,69259,2,3,1,6.0,Rue Max Barel,45.69892,4.89997,15:40:00,2024-08-10
202400004543,00:50,,75,75111,2,3,2,6.0,AVENUE PHILIPPE AUGUSTE,48.852999,2.393039,00:50:00,2024-04-27
202400004544,09:55,Plein jour,67,67447,2,3,7,3.0,ABATTOIR (RUE DE L ),48.60384,7.75601,09:55:00,2024-08-10
202400004545,14:55,Plein jour,75,75101,2,2,2,6.0,RUE ETIENNE MARCEL,48.864197,2.347607,14:55:00,2024-04-27
202400004546,13:25,Plein jour,65,65286,2,3,1,3.0,8 Avenue Jean Prat,43.10815,-0.0679,13:25:00,2024-08-10
202400004547,23:45,,94,94081,2,2,2,3.0,Avenue Rouget de Lisle / Rue Watteau,48.77812,2.3965,23:45:00,2024-04-26
202400004548,02:50,,94,94059,2,1,2,6.0,avenue maurice berteaux,48.80603173,2.57155645,02:50:00,2024-04-27
202400004549,11:25,Plein jour,64,64483,2,6,1,3.0,RD810,43.39717,-1.64472,11:25:00,2024-08-10
202400004550,16:00,Plein jour,94,94060,1,1,2,6.0,Chemin des Marmouzets,48.77143,2.58578,16:00:00,2024-04-27
202400004551,11:10,Plein jour,94,94071,2,3,1,3.0,Avenue du Piple / Rue Albert Dru,48.76275127,2.51944113,11:10:00,2024-04-27
202400004552,12:15,Plein jour,63,63014,2,1,1,2.0,PERRET (AVENUE NESTOR),45.74482,3.10844,12:15:00,2024-08-10
202400004553,15:30,Plein jour,93,93051,2,2,2,2.0,Boulevard du Mont d'Est / Rue Monge,48.84305,2.54541,15:30:00,2024-04-27
202400004554,11:20,Plein jour,93,93050,2,1,1,2.0,Rue Paul et Camille Thomoux,48.86233,2.52999,11:20:00,2024-04-27
202400004555,10:00,Plein jour,63,63113,2,2,1,6.0,Rue de Blanzat / rue de Chauffour,45.78319,3.08427,10:00:00,2024-08-10
202400004556,07:20,Plein jour,93,93050,2,1,1,6.0,Avenue Léon Blum,48.8676,2.53282,07:20:00,2024-04-27
202400004557,20:35,Plein jour,62,62270,1,9,1,3.0,D301,50.47455,2.5182,20:35:00,2024-08-10
202400004558,21:00,,93,93032,2,3,1,6.0,Avenue Jean Jaurès / Avenue Sainte Foy,48.88342,2.52896,21:00:00,2024-04-26
202400004559,20:45,Plein jour,59,59163,2,1,1,6.0,DEUX MOULINS (AVENUE),50.67928,3.15441,20:45:00,2024-08-10
202400004560,12:57,Plein jour,56,56121,2,1,1,6.0,Boulevard Yves Demaine,47.75223,-3.37858,12:57:00,2024-08-10
202400004561,20:00,Plein jour,92,92073,2,1,2,5.0,SELLIER (BOULEVARD HENRI),48.86681,2.22099,20:00:00,2024-04-27
202400004562,03:10,,54,54521,2,4,1,6.0,Chemin du Gronde,49.474978,5.906896,03:10:00,2024-08-10
202400004563,16:35,Plein jour,92,92050,2,1,2,4.0,PREMIER MAI RUE DU,48.9108,2.21578,16:35:00,2024-04-27
202400004564,17:08,Plein jour,50,50218,2,1,1,2.0,ARISTIDE BRIAND (AVENUE),48.8357,-1.58006,17:08:00,2024-08-10
202400004565,21:45,,92,92024,2,6,3,3.0,CLICHY (QUAI DE) DE (8 A 60),48.90343278,2.28968722,21:45:00,2024-04-27
202400004566,14:50,Plein jour,49,49007,2,2,1,4.0,FOCH BOULEVARD,47.47043,-0.54759,14:50:00,2024-08-10
202400004567,21:40,,92,92071,2,1,3,7.0,HOUDAN (RUE),48.77896407,2.29094803,21:40:00,2024-04-27
202400004568,12:30,Plein jour,49,49007,2,2,1,2.0,LETANDUERE,47.45711,-0.55406,12:30:00,2024-08-10
202400004569,10:37,Plein jour,45,45302,2,1,1,3.0,D2020 PR 22 + 115,47.96299,1.88872,10:37:00,2024-08-10
202400004570,22:20,Nuit sans éclairage,43,43089,2,1,1,7.0,Route de Langeac,45.05087871,3.84599521,22:20:00,2024-08-06
202400004571,10:55,Plein jour,43,43041,2,1,1,3.0,Route de Coubon,45.0481,3.91663,10:55:00,2024-08-10
202400004572,18:45,Plein jour,41,41269,2,1,1,7.0,VILLIERS (ROUTE DE),47.79978,1.03266,18:45:00,2024-08-10
202400004573,19:15,Plein jour,92,92004,2,2,2,3.0,REDOUTE ( AVENUE DE LA  ),48.92948109,2.28188869,19:15:00,2024-04-27
202400004574,21:05,Plein jour,37,37261,2,1,1,7.0,BREL (RUE JACQUES),47.43346,0.69906,21:05:00,2024-08-05
202400004575,01:00,Nuit sans éclairage,43,43110,1,1,3,6.0,Route de Brioude,45.30560627,3.40969621,01:00:00,2024-04-28
202400004576,00:25,,34,34301,2,1,1,2.0,BLANC CAMILLE (BOULEVARD),43.40728,3.66702,00:25:00,2024-03-09
202400004577,18:40,Plein jour,33,33069,2,1,1,6.0,Unknown,44.87022,-0.61234,18:40:00,2024-08-10
202400004578,16:50,Plein jour,30,30243,1,3,1,3.0,PORTAL JOSEPH (CHEMIN),44.09596,4.08,16:50:00,2024-08-09
202400004579,20:30,Crépuscule,95,95487,2,6,2,4.0,D4,49.15748954,2.26403154,20:30:00,2024-04-27
202400004580,22:45,Nuit avec éclairage,29,29019,2,3,1,3.0,rue de Kerbriant,48.393921,-4.43443,22:45:00,2024-08-10
202400004581,23:20,Nuit sans éclairage,36,36228,2,1,8,6.0,Unknown,47.1551217,1.56865782,23:20:00,2024-04-27
202400004582,13:50,Plein jour,26,26198,2,6,1,3.0,Chemin de Ravaly,44.54175156,4.75268126,13:50:00,2024-08-10
202400004583,04:45,,974,97422,2,1,1,1.0,136 Rue Marius et Ary Leblond,-21.283403,55.523802,04:45:00,2024-04-27
202400004584,11:45,Plein jour,22,22113,2,1,1,2.0,AEROPORT,48.75869,-3.47038,11:45:00,2024-08-10
202400004585,08:08,Plein jour,17,17306,2,9,1,6.0,GRANDE CONCHE (DE LA) (AV),45.62351,-1.01931,08:08:00,2024-08-10
202400004586,12:15,Plein jour,15,15014,2,6,1,3.0,RD 120,44.92227,2.42778,12:15:00,2024-08-10
202400004587,17:10,Plein jour,22,22354,1,1,1,7.0,N12 PR99+0200,48.571496,-3.263841,17:10:00,2024-04-27
202400004588,11:00,Plein jour,13,13005,2,1,1,2.0,NAPOLLON (ROUTE DE),43.31709754,5.58650259,11:00:00,2024-08-10
202400004589,10:30,Plein jour,13,13004,1,1,1,4.0,RTE N113 MARSEILLE A BORBEAUX,43.64903,4.68213,10:30:00,2024-08-09
202400004590,07:50,Plein jour,13,13001,2,5,1,3.0,GALICE (RTE),43.5284,5.42809,07:50:00,2024-08-10
202400004591,11:55,Plein jour,10,10387,2,3,1,6.0,JULES GUESDE (RUE),48.28591,4.08277,11:55:00,2024-08-10
202400004592,13:47,Plein jour,06,06088,2,2,1,6.0,31 Rue de Lépante,43.70641,7.26856,13:47:00,2024-08-10
202400004593,07:50,Plein jour,06,06104,1,1,1,3.0,CHEMINS (CARREFOUR DES 4),43.76026,7.45239,07:50:00,2024-08-10
202400004594,05:25,,06,06030,2,6,1,3.0,115 Boulevard Sadi Carnot,43.56764,7.01643,05:25:00,2024-08-10
202400004595,16:50,Plein jour,01,01053,2,2,1,3.0,BAD KREUZNACH  (AVENUE DE - N° PAIRS),46.22275,5.251,16:50:00,2024-08-09
202400004596,20:00,Crépuscule,75,75115,2,1,1,2.0,BD PERIPHERIQUE INTERIEUR,48.832469,2.280644,20:00:00,2024-08-10
202400004597,16:05,Plein jour,75,75119,2,1,1,6.0,BOULEVARD DE LA VILLETTE,48.884402,2.365952,16:05:00,2024-08-10
202400004598,12:50,Plein jour,75,75116,2,3,1,3.0,RUE DE LA TOUR,48.859684,2.282097,12:50:00,2024-08-10
202400004599,17:15,Plein jour,75,75104,2,3,1,3.0,BOULEVARD HENRI IV,48.851523,2.363707,17:15:00,2024-08-10
202400004600,15:07,Plein jour,75,75110,2,2,1,6.0,Rue la Fayette,48.88160017,2.36574322,15:07:00,2024-08-10
202400004601,15:12,Plein jour,75,75109,2,2,1,3.0,RUE DE PROVENCE,48.874144,2.337308,15:12:00,2024-08-10
202400004602,18:40,Plein jour,94,94081,2,3,1,3.0,Rue Eugene Henaff,48.79378,2.41353,18:40:00,2024-08-10
202400004603,16:30,Plein jour,94,94041,2,3,1,6.0,Avenue de Verdun,48.8158,2.36837,16:30:00,2024-08-10
202400004604,01:30,,93,93066,2,1,1,6.0,Avenue Romain Rolland,48.94112903,2.38653422,01:30:00,2024-08-10
202400004605,05:37,Crépuscule,93,93055,2,3,1,6.0,Avenue Édouard Vaillant / Avenue du Général Leclerc,48.89655219,2.40082784,05:37:00,2024-08-10
202400004606,22:20,,93,93048,2,2,1,3.0,Boulevard Aristide Briand / Rue Saint-Denis,48.87295034,2.45354221,22:20:00,2024-08-10
202400004607,08:20,Plein jour,93,93031,2,1,1,6.0,Avenue de la République,48.94941,2.33096,08:20:00,2024-08-10
202400004608,22:15,,93,93027,2,3,1,4.0,Avenue Paul Vaillant-Couturier / Rue Giuseppe Garibaldi,48.92305,2.41314,22:15:00,2024-08-10
202400004609,15:50,Plein jour,93,93008,2,6,1,3.0,Rue de Stalingrad / Avenue Louis Aragon,48.91307891,2.43654915,15:50:00,2024-08-10
202400004610,14:20,Plein jour,92,92064,2,1,3,3.0,MONT VALERIEN,48.85501448,2.21550548,14:20:00,2024-08-17
202400004611,11:45,Plein jour,60,60159,1,1,1,6.0,Avenue Marcelin Berthelot,49.39098,2.78813,11:45:00,2024-12-28
202400004612,21:15,Nuit sans éclairage,60,60352,1,6,8,7.0,D915,49.236823,1.808882,21:15:00,2024-12-12
202400004613,10:40,Plein jour,92,92063,1,6,1,3.0,HUGO (AVENUE VICTOR),48.8831,2.18026,10:40:00,2024-08-10
202400004614,16:00,Plein jour,92,92050,2,3,1,3.0,PREMIER MAI RUE DU,48.91008681,2.21508253,16:00:00,2024-08-10
202400004615,11:10,Plein jour,27,27681,2,2,1,3.0,MONTGOMERY (AVENUE DU MARECHAL),49.089,1.4755,11:10:00,2024-08-27
202400004616,23:40,Nuit sans éclairage,27,27165,2,1,1,1.0,Route de Breteuil,48.950225,0.946841,23:40:00,2024-08-20
202400004617,08:40,Plein jour,92,92040,2,2,1,3.0,GOUVERNEUR GAL EBOUE DU 02 AU 64,48.82523571,2.26774818,08:40:00,2024-08-10
202400004618,16:34,Plein jour,27,27518,1,1,1,6.0,Autoroute A131,49.457999,0.517548,16:34:00,2024-07-19
202400004619,00:30,,92,92060,2,9,1,3.0,ARISTIDE BRIAND (AVENUE) A PARTIR N°17,48.78023593,2.25799727,00:30:00,2024-08-10
202400004620,19:30,,38,38053,2,3,2,3.0,Rue Louis Legrand,45.58669,5.2744,19:30:00,2024-11-21
202400004621,05:15,Crépuscule,24,24135,1,1,1,1.0,Impasse des Tavernes,45.238548,0.788875,05:15:00,2024-08-11
202400004622,20:56,Nuit sans éclairage,38,38053,1,1,3,7.0,CD 522,45.62228,5.28111,20:56:00,2024-12-02
202400004623,18:30,Plein jour,63,63302,2,1,1,7.0,chemin du stade,45.71410048,3.13800216,18:30:00,2024-08-10
202400004624,10:00,Plein jour,24,24442,1,1,1,1.0,D6089,45.10328949,0.49125295,10:00:00,2024-08-11
202400004625,09:30,Plein jour,34,34301,2,6,1,3.0,MARTELLI GILBERT (AVENUE),43.40915,3.70505,09:30:00,2024-11-17
202400004626,12:25,Plein jour,28,28177,1,1,1,6.0,"A 11, PK 057.540",48.438241,1.524466,12:25:00,2024-08-11
202400004627,19:02,,93,93066,2,2,1,1.0,CARNOT (BOULEVARD),48.93854,2.35081,19:02:00,2024-12-30
202400004628,08:10,Crépuscule,94,94068,2,3,2,6.0,Boulevard du Général Giraud / Boulevard de Créteil,48.798832,2.473508,08:10:00,2024-02-08
202400004629,13:00,Plein jour,974,97412,2,1,1,2.0,Rue Charles Baudelaire,-21.381475,55.648654,13:00:00,2024-08-11
202400004630,13:55,Plein jour,93,93066,2,1,1,6.0,Allée Camelinat,48.94806925,2.35177696,13:55:00,2024-12-27
202400004631,08:15,Plein jour,94,94042,2,5,2,3.0,Pont de Joinville / Quai de la Marne,48.82018,2.46734,08:15:00,2024-02-09
202400004632,22:20,,93,93066,2,3,2,3.0,CITE DANIELLE CASANOVA,48.92505672,2.36771944,22:20:00,2024-12-22
202400004633,20:06,Crépuscule,63,63143,1,3,7,3.0,D984,46.045439,3.259458,20:06:00,2024-08-10
202400004634,14:30,Plein jour,94,94003,2,3,2,1.0,Rue du Colonel Fabien / Rue de la Citadelle,48.79890144,2.3410323,14:30:00,2024-02-08
202400004635,05:25,Nuit sans éclairage,46,46148,1,1,1,6.0,2116 Route de Vaylats,44.33734,1.574199,05:25:00,2024-08-11
202400004636,06:45,,93,93066,2,2,2,3.0,LIBERATION RD14 (BOULEVARD),48.92955449,2.34100615,06:45:00,2024-12-19
202400004637,11:55,Plein jour,26,26247,1,1,1,6.0,N7,45.16319607,4.82640622,11:55:00,2024-08-11
202400004638,19:20,,94,94021,2,2,1,5.0,Avenue du 11 novembre 1918 / Avenue de la République,48.76069,2.36455,19:20:00,2024-02-09
202400004639,11:30,Plein jour,93,93066,2,3,1,2.0,CROIZAT AMBROISE RD 29 BIS,48.93024731,2.35049907,11:30:00,2024-11-28
202400004640,16:15,Plein jour,79,79057,2,3,1,7.0,Unknown,46.154456,-0.230269,16:15:00,2024-08-11
202400004641,18:45,,94,94016,2,3,1,6.0,Av du Mal de Lattre de Tassigny / Rue des Saussaies,48.788471,2.332639,18:45:00,2024-02-09
202400004642,23:25,,93,93066,2,1,4,2.0,PORTE DE PARIS (PLACE),48.92872,2.35675,23:25:00,2024-11-21
202400004643,09:45,Plein jour,2A,2A269,1,9,1,5.0,Cala d'Oru,41.826595,9.404498,09:45:00,2024-08-07
202400004644,05:00,,94,94077,2,2,1,3.0,Rue Marcel Risser / Avenue Pasteur,48.737423,2.419237,05:00:00,2024-02-09
202400004645,13:20,Plein jour,93,93066,2,3,2,3.0,"""POULLAIN AUGUSTE, NR 1 A 51""",48.94075323,2.35660672,13:20:00,2024-11-19
202400004646,20:42,,94,94017,2,6,1,6.0,Avenue Maurice Thorez / Voie Sonia Delaunay,48.81143,2.536521,20:42:00,2024-02-09
202400004647,13:24,Plein jour,44,44154,2,1,3,3.0,Avenue Guy Lafontaine,47.242976,-2.157644,13:24:00,2024-09-25
202400004648,08:00,Crépuscule,94,94017,2,6,8,6.0,Avenue Maurice Thorez / Route de la Libération,48.80595,2.53377,08:00:00,2024-02-09
202400004649,09:10,Plein jour,69,69066,1,3,1,2.0,Route de Thizy,46.082775,4.31153,09:10:00,2024-08-10
202400004650,17:25,Plein jour,44,44054,1,2,1,3.0,Unknown,47.63514055,-1.30209446,17:25:00,2024-10-04
202400004651,20:45,,94,94071,2,2,1,2.0,Avenue Olivier d'Ormesson / Rue du Pont de Chennevières,48.7809,2.51221,20:45:00,2024-02-08
202400004652,10:50,Plein jour,71,71015,1,1,1,6.0,2 Route de Chalon,46.953397,4.378374,10:50:00,2024-08-11
202400004653,02:45,,25,25056,2,1,2,6.0,CLEMENCEAU AVENUE G.,47.23817,6.00814,02:45:00,2024-12-08
202400004654,16:04,Plein jour,93,93073,2,3,1,6.0,Avenue de la Station / Avenue la Fontaine,48.9565,2.57249,16:04:00,2024-02-09
202400004655,16:50,Crépuscule,61,61394,2,1,1,6.0,19 Avenue de la République,48.278401,0.604439,16:50:00,2024-12-10
202400004656,14:00,Plein jour,71,71009,1,1,1,1.0,20 Rue Andre Basdevant,47.077853,4.100554,14:00:00,2024-08-10
202400004657,02:30,Nuit sans éclairage,61,61230,1,1,1,6.0,RD918,48.556727,0.745085,02:30:00,2024-08-10
202400004658,20:00,Nuit avec éclairage,93,93059,2,1,1,2.0,Chemin Latéral,48.95349,2.35587,20:00:00,2024-02-09
202400004659,23:34,,74,74010,2,3,5,3.0,PONT NEUF,45.89642,6.11168,23:34:00,2024-12-28
202400004660,16:45,Plein jour,55,55527,1,1,1,7.0,RD38 PK005 +340,49.21117673,5.01168126,16:45:00,2024-08-11
202400004661,15:40,Plein jour,93,93071,2,3,2,1.0,Avenue Dumont d'Urville / Rue Charles Conrad,48.946792,2.523912,15:40:00,2024-02-09
202400004662,18:50,,24,24557,1,1,2,4.0,GRANDOU (AVENUE MICHEL),45.18906978,0.75374946,18:50:00,2024-12-05
202400004663,10:00,Plein jour,93,93066,2,2,2,3.0,Avenue Lénine / Rue Robert Desnos,48.939579,2.368991,10:00:00,2024-02-09
202400004664,06:00,Nuit avec éclairage,82,82186,2,6,2,2.0,Cours de Verdun,44.112614,0.882812,06:00:00,2024-08-07