Num_Acc,hrmn,lum,dep,com,agg,int,atm,col,adr,lat,long,heure,date
202400004665,10:30,Plein jour,49,49069,1,2,1,3.0,D 23,47.280001,-1.206758,10:30:00,2024-07-08
202400004666,12:55,Plein jour,32,32312,1,1,2,6.0,D626,43.616765,0.675745,12:55:00,2024-12-19
202400004667,16:50,Plein jour,93,93066,2,9,2,3.0,Avenue Romain Rolland,48.93912762,2.37981797,16:50:00,2024-02-08
202400004668,12:10,Plein jour,12,12238,1,1,1,6.0,La Glène,44.214156,3.011702,12:10:00,2024-08-11
202400004669,16:50,Plein jour,32,32312,1,1,2,6.0,route départementale 626 - PK 47+460,43.61908898,0.67109257,16:50:00,2024-12-09
202400004670,14:00,Plein jour,93,93053,2,3,1,3.0,Rue du Parc / Rue Mozart,48.8945,2.4436,14:00:00,2024-02-09
202400004671,14:30,Plein jour,91,91312,2,8,1,6.0,FRAISES (CHEMIN DES),48.73712,2.23155,14:30:00,2024-10-27
202400004672,05:15,Nuit avec éclairage,47,47210,1,8,1,3.0,le Pigeonnier,44.26086,0.350522,05:15:00,2024-08-10
202400004673,19:45,Crépuscule,22,22135,1,1,1,6.0,Lieu Dit Kermaria,48.575058,-3.377936,19:45:00,2024-08-10
202400004674,14:20,Plein jour,93,93050,2,2,1,6.0,Rue Paul et Camille Thomoux / Avenue du General de Gaulle,48.857175,2.531158,14:20:00,2024-02-09
202400004675,18:15,Nuit sans éclairage,84,84095,1,1,1,1.0,D139,43.742732,5.343218,18:15:00,2024-12-05
202400004676,18:00,Nuit avec éclairage,93,93048,2,3,2,6.0,Rue Hoche / Rue Désiré Préaux,48.86379488,2.43126154,18:00:00,2024-02-08
202400004677,13:55,Plein jour,28,28391,1,1,8,1.0,RD 2020,48.21884,1.950846,13:55:00,2024-12-09
202400004678,11:30,Plein jour,39,39350,1,3,1,3.0,Unknown,46.990772,5.644643,11:30:00,2024-08-09
202400004679,06:00,,28,28280,2,1,2,7.0,21 Rue Saint-hilaire,48.323663,0.815417,06:00:00,2024-12-05
202400004680,14:50,Plein jour,93,93005,2,2,8,6.0,Avenue du 14 Juillet / Avenue Dumont,48.92919,2.495266,14:50:00,2024-02-09
202400004681,03:20,Nuit sans éclairage,28,28140,2,9,1,6.0,29ter Rue Normande,48.613088,1.674273,03:20:00,2024-11-01
202400004682,21:45,,25,25527,1,1,1,2.0,D673,47.186194,5.8235,21:45:00,2024-08-10
202400004683,17:20,Plein jour,92,92046,2,2,1,3.0,JACQUES JEZEQUEL (AVENUE),48.81825268,2.29226956,17:20:00,2024-02-09
202400004684,18:00,Plein jour,28,28121,1,1,1,1.0,route départementale 154,48.113964,1.860638,18:00:00,2024-10-17
202400004685,18:50,Plein jour,29,29111,1,1,1,2.0,Trofagan,48.57706306,-4.23090582,18:50:00,2024-08-10
202400004686,14:00,Plein jour,92,92046,2,1,1,3.0,DE STALINGRAD,48.81494479,2.28251266,14:00:00,2024-02-09
202400004687,08:45,Plein jour,13,13001,1,1,1,3.0,LEDOUX CLAUDE NICOLAS (RUE),43.482298,5.385489,08:45:00,2024-11-28
202400004688,15:15,Plein jour,971,97117,1,1,1,1.0,1888 Route de Saint-françois,16.325138,-61.328398,15:15:00,2024-07-16
202400004689,20:10,Nuit sans éclairage,92,92077,2,3,2,3.0,SEVRES (RUE DE),48.82667262,2.19010279,20:10:00,2024-02-08
202400004690,14:40,Plein jour,92,92064,2,1,1,6.0,REPUBLIQUE,48.85080645,2.21330217,14:40:00,2024-02-09
202400004691,10:00,Plein jour,31,31487,1,9,7,6.0,1490 Route de Boulogne,43.16370581,0.68970601,10:00:00,2024-08-09
202400004692,10:30,Plein jour,24,24053,1,1,1,1.0,ATUR (ROUTE D'),45.11496,0.77374,10:30:00,2024-10-30
202400004693,00:50,,92,92033,2,1,2,6.0,SURESNES,48.84549043,2.18715513,00:50:00,2024-02-08
202400004694,12:50,Plein jour,84,84017,1,1,1,7.0,Route du Mont-ventoux,44.124317,5.260499,12:50:00,2024-08-09
202400004695,13:00,Plein jour,92,92050,2,1,1,3.0,FONTANOT RUE DES TROIS,48.89633875,2.21990275,13:00:00,2024-02-09
202400004696,22:15,,93,93008,2,2,1,6.0,Avenue du Président Salvador Allende / Boulevard Maurice Thorez,48.906683,2.445608,22:15:00,2024-04-16
202400004697,03:00,Nuit sans éclairage,26,26376,1,1,1,7.0,D570,44.439135,5.28804,03:00:00,2024-08-11
202400004698,07:05,,92,92040,2,9,1,3.0,CAMILLE DESMOULINS,48.8301908,2.2653113,07:05:00,2024-02-09
202400004699,05:25,Crépuscule,59,59400,2,1,1,6.0,101 Rue du General de Gaulle,50.637546,2.641222,05:25:00,2024-12-11
202400004700,17:45,Plein jour,66,66187,1,1,1,1.0,D117,42.80411244,2.43994117,17:45:00,2024-08-10
202400004701,18:50,,92,92025,2,3,1,3.0,E.VAILLANT > 116   95 (RUE),48.91671451,2.23779165,18:50:00,2024-02-09
202400004702,23:30,,972,97213,1,6,1,2.0,ROUTE NATIONALE 1,14.65673,-60.97276,23:30:00,2024-05-31
202400004703,08:50,Plein jour,92,92012,2,5,8,3.0,QUATRE SEPTEMBRE (QUAI DU),48.84122,2.22528,08:50:00,2024-02-09
202400004704,08:20,Plein jour,14,14318,2,3,1,6.0,5 Chemin de Banville,49.326982,-0.470486,08:20:00,2024-08-04
202400004705,08:35,Plein jour,972,97213,1,1,1,2.0,AUTOROUTE A1,14.61841,-61.02457,08:35:00,2024-05-31
202400004706,13:30,Plein jour,92,92002,2,9,1,6.0,GARENNES (RUE DES),48.73967804,2.28615296,13:30:00,2024-02-09
202400004707,18:37,Plein jour,90,90104,1,1,1,7.0,Rue de Chèvremont,47.610038,6.914171,18:37:00,2024-08-10
202400004708,09:00,Plein jour,972,97213,1,1,1,2.0,ROUTE DEPARTEMENTALE 14,14.621,-61.021,09:00:00,2024-05-24
202400004709,08:12,Plein jour,92,92002,2,1,1,3.0,GENERAL DE GAULLE (PLACE DU),48.76326706,2.30901074,08:12:00,2024-02-09
202400004710,10:25,Plein jour,64,64257,1,1,1,1.0,Route des Labasseres,43.150507,-0.327637,10:25:00,2024-08-11
202400004711,14:00,Plein jour,24,24164,2,6,2,7.0,Avenue André Audy,45.332644,1.048594,14:00:00,2024-02-09
202400004712,21:15,Nuit sans éclairage,972,97213,1,1,1,3.0,ROUTE DEPARTEMENTALE 3,14.602622,-60.997637,21:15:00,2024-05-19
202400004713,11:20,Plein jour,07,07023,1,1,1,7.0,Route de Chauzon,44.520129,4.34711,11:20:00,2024-08-10
202400004714,18:55,Plein jour,85,85012,2,6,1,7.0,RD38C,46.884872,-2.11799,18:55:00,2024-08-10
202400004715,13:30,Plein jour,972,97213,2,1,1,3.0,ROUTE DEPARTEMENTALE 15,14.6177,-61.00532,13:30:00,2024-05-07
202400004716,12:40,Plein jour,22,22237,1,6,7,3.0,Rond-point de la Millière,48.526304,-2.251312,12:40:00,2024-02-09
202400004717,10:20,Plein jour,972,97213,1,1,1,2.0,ROUTE NATIONALE 6,14.59652,-60.97785,10:20:00,2024-04-30
202400004718,09:39,Plein jour,85,85223,1,1,1,1.0,RD948,46.57729,-1.104579,09:39:00,2024-02-10
202400004719,14:45,Plein jour,27,27126,2,3,1,3.0,Route de la Haute Voie,49.328059,0.564165,14:45:00,2024-08-10
202400004720,09:20,Plein jour,37,37117,2,1,1,2.0,10 Rue des Maisons Rouges,47.4228093,0.29608566,09:20:00,2024-08-11
202400004721,07:20,Plein jour,972,97213,1,3,8,3.0,ROUTE DEPARTEMENTALE 14,14.6442,-61.02339,07:20:00,2024-04-29
202400004722,20:15,Nuit sans éclairage,85,85153,1,1,1,1.0,RD48,46.74999,-1.101036,20:15:00,2024-02-09
202400004723,19:20,Plein jour,30,30352,1,1,1,1.0,D6110,43.811955,4.094135,19:20:00,2024-08-09
202400004724,00:10,Nuit sans éclairage,51,51287,1,1,2,2.0,D951,49.082355,3.962352,00:10:00,2024-02-10
202400004725,08:50,Plein jour,972,97213,1,1,1,4.0,AUTOROUTE A1,14.61812,-61.02189,08:50:00,2024-04-25
202400004726,13:32,Plein jour,10,10363,1,9,1,6.0,Autoroute A5,48.2211,4.1284,13:32:00,2024-08-11
202400004727,15:10,Plein jour,78,78031,2,1,1,3.0,63 Route de Houdan,48.94627,1.695226,15:10:00,2024-02-09
202400004728,22:30,,972,97213,1,1,1,7.0,LONG BOIS (CHEMIN),14.64121965,-60.99302448,22:30:00,2024-04-24
202400004729,17:55,Crépuscule,61,61404,1,1,8,6.0,RD 932,48.56174,0.505607,17:55:00,2024-02-09
202400004730,05:03,Nuit sans éclairage,13,13069,2,1,1,3.0,Chemin de la Petite Brulière,43.632983,5.150402,05:03:00,2024-08-11
202400004731,07:40,Plein jour,972,97213,1,1,2,2.0,AUTOROUTE A1,14.618,-61.019,07:40:00,2024-04-13
202400004732,22:55,Nuit sans éclairage,42,42212,1,1,1,6.0,N7,45.966932,4.134958,22:55:00,2024-02-09
202400004733,16:50,Plein jour,01,01331,2,1,1,6.0,Unknown,46.106497,5.453652,16:50:00,2024-08-10
202400004734,07:55,Plein jour,972,97213,1,1,1,4.0,AUTOROUTE A1,14.61822,-61.02097,07:55:00,2024-04-12
202400004735,09:00,Plein jour,42,42013,2,1,2,5.0,Avenue des Farges,45.646433,4.289807,09:00:00,2024-02-10
202400004736,19:45,Crépuscule,38,38048,1,1,7,3.0,CD124,45.607185,5.110155,19:45:00,2024-08-10
202400004737,06:00,Nuit sans éclairage,47,47097,1,1,2,6.0,D930,44.24461175,0.38370895,06:00:00,2024-02-10
202400004738,20:35,,84,84054,2,1,1,2.0,675 Cours Fernande Peyre,43.925335,5.062519,20:35:00,2024-12-29
202400004739,23:10,,84,84031,2,1,2,6.0,VILLEMARIE AVENUE DE,44.0523,5.03726,23:10:00,2024-12-22
202400004740,14:45,Plein jour,35,35248,1,1,1,6.0,Le Racognet,48.54410854,-1.6087769,14:45:00,2024-02-09
202400004741,05:50,,84,84031,2,1,1,6.0,HERMITAGE CHEMIN DE L',44.0827,5.06741,05:50:00,2024-12-22
202400004742,08:25,Plein jour,63,63430,1,1,1,2.0,A89 - PK 429+010,45.86136984,3.50105353,08:25:00,2024-08-11
202400004743,08:45,Plein jour,29,29207,1,4,8,3.0,Cosquer .,48.54630262,-3.81693042,08:45:00,2024-02-10
202400004744,16:05,Plein jour,84,84026,1,1,1,6.0,D943,43.718512,5.377185,16:05:00,2024-12-19
202400004745,23:30,Nuit sans éclairage,36,36200,1,1,1,2.0,Unknown,46.61255235,1.52657926,23:30:00,2024-08-10
202400004746,09:50,Plein jour,84,84031,2,1,1,3.0,PEYRIERE CHEMIN DE,44.06731,5.07117,09:50:00,2024-12-16
202400004747,15:50,Plein jour,29,29037,1,3,1,2.0,Menez Veil Avel,47.87871391,-4.1383801,15:50:00,2024-02-09
202400004748,03:40,Nuit sans éclairage,58,58207,1,1,1,6.0,route de bizy,47.095107,3.185799,03:40:00,2024-02-10
202400004749,14:10,Plein jour,11,11379,1,1,1,2.0,"PK 208.800, sur A9",43.027114,2.952361,14:10:00,2024-08-10
202400004750,21:07,,49,49007,2,2,1,3.0,Rue Pierre Blandin,47.47799,-0.592,21:07:00,2024-12-16
202400004751,14:40,Plein jour,58,58021,2,1,2,6.0,Route de Chantenay,46.784829,3.229256,14:40:00,2024-02-10
202400004752,09:30,Plein jour,987,98733,2,1,1,6.0,pk 26.300 C/mer à hauteur de la serviture MAHATIA ROA,-17.731509,-149.579646,09:30:00,2024-08-10
202400004753,07:30,Nuit sans éclairage,80,80109,1,1,5,1.0,D928,50.262187,1.974385,07:30:00,2024-11-07
202400004754,17:00,Plein jour,66,66053,2,6,1,7.0,"D114, Rond Point de la Corniche",42.529413,3.076998,17:00:00,2024-02-04
202400004755,12:14,Plein jour,91,91593,1,1,1,6.0,Route du Tertre,48.540545,2.077146,12:14:00,2024-08-11
202400004756,23:17,,93,93008,2,3,1,1.0,Avenue Henri Barbusse / Rue Nelson Mandela,48.91193,2.43491,23:17:00,2024-06-22
202400004757,07:20,Plein jour,2B,2B093,1,1,1,6.0,Zone Artisanale,42.610851,8.89126,07:20:00,2024-08-11
202400004758,08:30,Plein jour,85,85194,2,9,1,6.0,Rue édouard belin,46.5167,-1.7835,08:30:00,2024-11-08
202400004759,17:30,Crépuscule,16,16253,1,1,1,1.0,route de chef boutonne,46.040956,0.035008,17:30:00,2024-02-09
202400004760,12:55,Plein jour,71,71176,2,1,1,2.0,76 Avenue du General de Gaulle,46.48418,3.98732,12:55:00,2024-08-11
202400004761,21:30,,93,93014,2,1,1,6.0,Allée Henri Barbusse,48.90616,2.55112,21:30:00,2024-03-07
202400004762,10:50,Plein jour,07,07230,1,3,1,3.0,Col d'Auriolles,44.68623,4.466929,10:50:00,2024-02-03
202400004763,12:35,Plein jour,88,88273,1,1,1,1.0,D46,48.217676,6.50569,12:35:00,2024-08-11
202400004764,21:14,,03,03310,2,2,1,3.0,avenue de la liberté,46.126073,3.43666,21:14:00,2024-12-15
202400004765,08:00,Plein jour,34,34153,1,1,1,7.0,departementale 17 E3,43.728569,3.800561,08:00:00,2024-02-06
202400004766,10:00,Plein jour,63,63150,2,1,1,7.0,5 Avenue de la Libération,45.89836,3.049403,10:00:00,2024-08-11
202400004767,10:00,Plein jour,03,03023,2,2,1,3.0,avenue de Russie,46.11637,3.409499,10:00:00,2024-11-23
202400004768,18:00,Plein jour,63,63284,2,2,1,2.0,avenue Roger Coulon,45.79822384,3.24042467,18:00:00,2024-08-09
202400004769,20:50,Nuit sans éclairage,21,21042,1,1,1,6.0,"Autoroute A36, PK 202+000",47.030585,5.090122,20:50:00,2024-02-09
202400004770,11:00,Plein jour,03,03095,2,1,1,3.0,avenue de Vichy,46.13456,3.44349,11:00:00,2024-11-12
202400004771,16:55,Plein jour,73,73006,2,6,1,3.0,D990 Avenue de la tarentaise,45.555046,6.644019,16:55:00,2024-08-10
202400004772,20:40,Nuit sans éclairage,03,03023,2,1,1,3.0,Avenue de Vichy,46.124728,3.401958,20:40:00,2024-10-20
202400004773,18:25,Plein jour,03,03310,2,1,2,6.0,Rue Marechal Foch,46.12354,3.42128,18:25:00,2024-09-27
202400004774,21:30,Nuit sans éclairage,77,77071,1,1,1,5.0,"A6, PK 85+300 vers Paris",48.19606,2.809174,21:30:00,2024-02-09
202400004775,16:33,Plein jour,07,07042,2,1,1,7.0,Rue du Dieu Mithra,44.368889,4.643442,16:33:00,2024-08-11
202400004776,12:00,Plein jour,75,75105,2,3,1,6.0,BOULEVARD SAINT MARCEL,48.837632,2.354382,12:00:00,2024-10-24
202400004777,10:59,Plein jour,01,01027,2,6,1,2.0,D84b,45.842008,5.111958,10:59:00,2024-08-09
202400004778,16:50,Crépuscule,77,77238,1,1,2,3.0,D402,48.868723,3.091729,16:50:00,2024-02-07
202400004779,17:30,Plein jour,03,03095,2,1,7,3.0,Rue des Peupliers,46.135368,3.434703,17:30:00,2024-04-05
202400004780,19:02,Plein jour,69,69160,1,1,1,6.0,Route de Claveisolles,46.136579,4.490833,19:02:00,2024-08-08
202400004781,07:50,Plein jour,83,83065,1,1,3,6.0,D559,43.226525,6.57216,07:50:00,2024-02-10
202400004782,06:30,Crépuscule,13,13018,1,6,2,7.0,D24,43.860215,4.962902,06:30:00,2024-02-09
202400004783,12:40,Plein jour,03,03095,2,6,1,2.0,Unknown,46.137542,3.447832,12:40:00,2024-03-25
202400004784,12:10,Plein jour,17,17058,2,2,1,3.0,D728,45.83315,-1.126882,12:10:00,2024-08-10
202400004785,18:15,,28,28404,2,9,1,6.0,CHAPPEY (AVE MARC),48.73109,1.33974,18:15:00,2024-12-28
202400004786,17:35,Crépuscule,01,01249,2,2,3,1.0,2215 Grande Rue,45.826743,4.968127,17:35:00,2024-02-09
202400004787,16:45,Plein jour,69,69171,1,1,2,6.0,Route Départementale 24E2,45.80710494,4.60290536,16:45:00,2024-02-10
202400004788,07:25,Nuit sans éclairage,28,28404,2,1,2,6.0,FRANKLIN (RUE BENJAMIN),48.72847,1.32186,07:25:00,2024-12-24
202400004789,21:40,,33,33300,1,2,1,5.0,Unknown,45.248714,-1.002795,21:40:00,2024-08-10
202400004790,11:10,Plein jour,85,85088,2,6,1,3.0,RD754,46.708695,-1.91772,11:10:00,2024-02-10
202400004791,19:00,,28,28134,2,9,2,6.0,Jean Hieaux,48.73233,1.35921,19:00:00,2024-12-19
202400004792,07:20,Plein jour,33,33439,2,6,1,6.0,Unknown,45.116071,-0.400701,07:20:00,2024-08-10
202400004793,09:45,Plein jour,29,29179,1,6,8,6.0,Rue Jacques Marquette,48.56162,-4.321484,09:45:00,2024-02-10
202400004794,11:25,Plein jour,28,28134,2,1,1,6.0,FERRY (BLD JULES),48.72471,1.36895,11:25:00,2024-12-15
202400004795,21:30,Nuit sans éclairage,29,29180,1,1,2,6.0,Kerloussouarn,48.42694,-4.11741226,21:30:00,2024-02-09
202400004796,20:22,Nuit sans éclairage,60,60176,1,1,9,6.0,Crépy-en-Valois,49.23375946,2.92538881,20:22:00,2024-11-22
202400004797,10:00,Plein jour,80,80784,1,1,8,1.0,RD1,49.932258,2.551613,10:00:00,2024-02-10
202400004798,07:25,Crépuscule,84,84089,2,1,1,6.0,"217 rue albert delsome, pertuis",43.684594,5.504826,07:25:00,2024-12-17
202400004799,23:30,Nuit sans éclairage,59,59430,1,1,2,1.0,D955,50.13973331,3.52137079,23:30:00,2024-02-09
202400004800,07:45,Plein jour,13,13001,1,1,1,2.0,A51-Sens Marseille vers Aix en Provence,43.49249,5.41253,07:45:00,2024-02-08
202400004801,19:59,Nuit sans éclairage,32,32013,1,1,5,5.0,AGEN (ROUTE D'),43.65683998,0.59712946,19:59:00,2024-12-27
202400004802,05:45,,83,83069,1,1,2,2.0,A570,43.11621422,6.11089349,05:45:00,2024-02-09
202400004803,17:25,Crépuscule,13,13118,1,1,1,7.0,A7 direction LYON,43.553462,5.237067,17:25:00,2024-11-30
202400004804,08:14,Plein jour,83,83137,1,1,1,3.0,A50,43.12460846,5.9037878,08:14:00,2024-02-08
202400004805,14:40,Plein jour,41,41161,2,8,1,1.0,Rue des Bruyères,47.534718,2.032964,14:40:00,2024-11-08
202400004806,10:50,Plein jour,59,59271,1,1,3,6.0,AUTOROUTE A16,51.00768,2.32408,10:50:00,2024-02-08
202400004807,10:20,Plein jour,91,91086,1,1,1,3.0,RN 104,48.624158,2.380509,10:20:00,2024-02-09
202400004808,06:27,Nuit sans éclairage,88,88475,1,1,4,1.0,D1,48.10405,5.721645,06:27:00,2024-11-23
202400004809,02:30,Nuit sans éclairage,88,88101,1,1,1,1.0,Route d'Epinal,48.148801,6.578118,02:30:00,2024-11-24
202400004810,00:25,,94,94043,1,1,2,3.0,A6B,48.80756706,2.34698475,00:25:00,2024-02-09
202400004811,14:30,Plein jour,88,88440,1,1,4,6.0,"A31 - PK 182+350 - sens ""vers NANCY""",48.267698,5.862064,14:30:00,2024-12-22
202400004812,00:57,,94,94037,1,1,2,6.0,A6A,48.81566207,2.33656078,00:57:00,2024-02-09
202400004813,10:40,Plein jour,88,88486,2,3,7,1.0,Rue d'Ouffet,48.005939,6.717732,10:40:00,2024-12-27
202400004814,19:10,Nuit sans éclairage,78,78043,1,1,1,3.0,A13Y,48.84975,2.070353,19:10:00,2024-02-09
202400004815,10:18,Plein jour,88,88181,2,1,1,1.0,4 Route de Guerreau,48.183252,7.00903,10:18:00,2024-12-21
202400004816,17:05,Plein jour,78,78007,1,1,1,4.0,A13W,48.895385,2.007125,17:05:00,2024-02-09
202400004817,18:45,Nuit sans éclairage,88,88101,1,1,3,1.0,D11,48.143948,6.604875,18:45:00,2024-12-21
202400004818,11:20,Plein jour,92,92051,1,1,1,6.0,RN13,48.88483447,2.26044686,11:20:00,2024-02-09
202400004819,05:50,Nuit sans éclairage,78,78140,1,1,1,6.0,A13,48.9611,1.930122,05:50:00,2024-02-09
202400004820,15:53,Plein jour,88,88047,1,1,2,5.0,D165,48.205828,6.169553,15:53:00,2024-12-21
202400004821,22:10,,92,92063,1,1,2,3.0,A86,48.89000239,2.17016741,22:10:00,2024-02-08
202400004822,18:55,Nuit sans éclairage,88,88372,2,1,1,2.0,Rue du Général Sarrail,48.393739,6.815767,18:55:00,2024-12-20
202400004823,08:20,Plein jour,92,92064,1,1,2,5.0,A13,48.83737301,2.1886429,08:20:00,2024-02-08
202400004824,09:04,Plein jour,88,88321,2,3,8,2.0,3 Rue Moulaune,48.353747,5.696293,09:04:00,2024-12-17
202400004825,07:30,Crépuscule,92,92025,1,1,2,2.0,A86,48.92210032,2.22649712,07:30:00,2024-02-08
202400004826,16:35,Crépuscule,88,88161,2,1,8,1.0,Route de Lerrain,48.129499,6.176301,16:35:00,2024-12-16
202400004827,19:55,Nuit avec éclairage,88,88415,2,6,1,1.0,Grande Rue,48.02136,6.61003,19:55:00,2024-12-15
202400004828,20:50,Nuit avec éclairage,92,92023,1,1,2,2.0,A86 INT,48.77706717,2.22483516,20:50:00,2024-02-07
202400004829,09:20,Plein jour,88,88268,1,1,2,1.0,N159,48.285972,7.068864,09:20:00,2024-12-07
202400004830,18:00,Nuit sans éclairage,84,84106,2,3,1,3.0,D 976,44.230648,4.880676,18:00:00,2024-11-14
202400004831,11:50,Plein jour,84,84137,2,1,1,6.0,20 rue du vercors,44.250975,5.061029,11:50:00,2024-12-30
202400004832,12:30,Plein jour,95,95241,1,1,2,2.0,N104,49.0457462,2.4509345,12:30:00,2024-02-08
202400004833,12:45,Plein jour,84,84019,2,1,1,6.0,Boulevard Leon Gambetta,44.279824,4.745933,12:45:00,2024-12-03
202400004834,18:30,Nuit avec éclairage,74,74105,2,1,5,3.0,ESSERTS (RUE DES),46.29836,6.30877,18:30:00,2024-12-28
202400004835,05:41,Nuit sans éclairage,74,74002,1,1,1,1.0,1160 route d'Aix les bains,45.819745,6.008137,05:41:00,2024-10-28
202400004836,20:00,Nuit sans éclairage,95,95572,1,1,2,5.0,A15,49.03172857,2.1168561,20:00:00,2024-02-07
202400004837,14:56,Plein jour,74,74099,2,2,1,1.0,106 Route de sallanches,45.868908,6.62843,14:56:00,2024-08-31
202400004838,07:00,Crépuscule,93,93051,1,1,1,5.0,A4,48.83558148,2.56793626,07:00:00,2024-02-09
202400004839,00:30,Nuit sans éclairage,77,77468,1,1,3,6.0,A104,48.849903,2.661418,00:30:00,2024-02-09
202400004840,21:55,Nuit avec éclairage,93,93005,2,1,2,2.0,ANDRE CITROEN (BOULEVARD),48.9588095,2.48577911,21:55:00,2024-02-26
202400004841,07:35,Plein jour,974,97416,2,1,1,2.0,LIGNE DES BAMBOUS(ROUTE),-21.29955,55.49075,07:35:00,2024-02-08
202400004842,23:50,Nuit sans éclairage,91,91179,1,1,3,3.0,AUTOROUTE A6,48.571682,2.46887,23:50:00,2024-11-18
202400004843,20:40,Nuit sans éclairage,44,44020,2,1,1,6.0,Unknown,47.1814122,-1.61159635,20:40:00,2024-12-27
202400004844,16:00,Crépuscule,974,97411,2,1,1,3.0,RIVIERE DES PLUIES (ROUTE DE LA),-20.90147,55.50059,16:00:00,2024-02-07
202400004845,17:15,Plein jour,84,84065,1,1,1,7.0,Chemin de Roque Hauturiere,43.741088,5.299391,17:15:00,2024-12-28
202400004846,18:05,Plein jour,974,97411,2,9,1,6.0,GAULLE (DU GENERAL DE),-20.88559,55.4541,18:05:00,2024-02-06
202400004847,12:25,Plein jour,84,84101,1,1,1,7.0,route de saint antoine,43.973214,5.09594,12:25:00,2024-12-26
202400004848,11:30,Plein jour,973,97302,2,3,1,3.0,ZEPHIR (ROCADE),4.93483,-52.30848,11:30:00,2024-02-08
202400004849,20:30,,84,84003,2,2,2,6.0,809 Avenue Victor Hugo,43.880507,5.384674,20:30:00,2024-12-13
202400004850,06:00,Crépuscule,973,97302,2,1,1,6.0,BADUEL (ROUTE DE),4.92903,-52.29692,06:00:00,2024-02-07
202400004851,01:00,,44,44109,2,1,1,6.0,Boulevard Salvador Allende,47.20707127,-1.57359362,01:00:00,2024-12-25
202400004852,07:00,Crépuscule,2B,2B033,2,1,1,1.0,TOUTES RUES,42.68065,9.44683,07:00:00,2024-02-08
202400004853,08:20,Plein jour,44,44109,2,1,1,6.0,7 Boulevard Albert Einstein,47.25962074,-1.55864686,08:20:00,2024-12-18
202400004854,03:50,Nuit sans éclairage,44,44190,1,1,1,6.0,Unknown,47.2113114,-1.48474935,03:50:00,2024-11-29
202400004855,21:00,Nuit avec éclairage,91,91552,1,1,2,6.0,RN 20,48.60416,2.24865,21:00:00,2024-02-07
202400004856,00:10,Nuit sans éclairage,44,44162,2,1,1,6.0,Boulevard Charles Gautier,47.225085,-1.620766,00:10:00,2024-11-25
202400004857,06:20,,91,91027,2,1,2,2.0,BOURBONNAIS (AVENUE DU),48.70594,2.4,06:20:00,2024-02-08
202400004858,07:55,Crépuscule,91,91228,2,3,2,3.0,LAC (AVENUE DU),48.621878,2.42521,07:55:00,2024-02-07
202400004859,18:08,Nuit sans éclairage,24,24037,1,1,1,5.0,D709 (Rte de Mussidan),44.89205957,0.45681953,18:08:00,2024-11-30
202400004860,14:30,Plein jour,91,91659,1,1,3,3.0,AUTOROUTE A6,48.577071,2.464155,14:30:00,2024-11-19
202400004861,11:50,Plein jour,84,84007,2,2,1,5.0,PIERRE SEMARD (avenue),43.93384,4.83156,11:50:00,2024-02-07
202400004862,15:15,Plein jour,91,91521,1,1,2,3.0,RN 104,48.6337,2.40079,15:15:00,2024-11-19
202400004863,04:40,,83,83069,2,6,1,1.0,BERNARD ( RUE MARIO ),43.11196,6.11637,04:40:00,2024-02-08
202400004864,06:10,Nuit sans éclairage,91,91617,1,1,2,6.0,RN 104,48.63804517,2.53555536,06:10:00,2024-11-19
202400004865,09:50,Plein jour,80,80674,2,9,2,3.0,Avenue de la Défense Passive,49.91158,2.33517,09:50:00,2024-02-07
202400004866,20:25,Nuit sans éclairage,91,91235,1,1,2,3.0,RN 104,48.62542994,2.35934615,20:25:00,2024-11-18
202400004867,19:00,Nuit sans éclairage,91,91064,1,1,1,2.0,RD 444,48.7468,2.21952,19:00:00,2024-11-17
202400004868,09:00,Plein jour,91,91377,1,1,1,2.0,AUTOROUTE A10,48.727497,2.303805,09:00:00,2024-10-18
202400004869,13:20,Plein jour,77,77243,1,1,1,6.0,D934,48.87051,2.71472,13:20:00,2024-02-08
202400004870,08:55,Plein jour,69,69387,2,1,1,6.0,Avenue Claude Bernard,45.78027,4.86378,08:55:00,2024-12-18
202400004871,11:30,Plein jour,34,34032,2,1,1,6.0,Unknown,43.336802,3.217523,11:30:00,2024-09-26
202400004872,08:45,Plein jour,76,76351,2,3,2,4.0,LOUIS BLERIOT,49.52257,0.08851,08:45:00,2024-02-08
202400004873,17:40,,84,84003,2,1,1,3.0,519 Avenue Victor Hugo,43.878469,5.386605,17:40:00,2024-11-17
202400004874,16:20,Plein jour,84,84003,2,1,2,7.0,435 Avenue Philippe de Girard,43.876057,5.387577,16:20:00,2024-10-14
202400004875,12:45,Plein jour,76,76351,2,2,2,3.0,GEORGE SAND,49.51839,0.11846,12:45:00,2024-02-07
202400004876,17:15,Plein jour,84,84118,1,1,1,7.0,D230,43.991827,5.389051,17:15:00,2024-08-31
202400004877,07:29,,74,74218,2,1,2,1.0,THONON (AVENUE DE),46.38287,6.51197,07:29:00,2024-02-08