Num_Acc,hrmn,lum,dep,com,agg,int,atm,col,adr,lat,long,heure,date
202400004878,10:45,Plein jour,91,91468,1,1,1,2.0,AUTOROUTE A6,48.57331697,2.46729963,10:45:00,2024-11-30
202400004879,08:55,Plein jour,73,73008,2,6,1,7.0,D991 Av Alsace Lorraine,45.69428703,5.90861499,08:55:00,2024-02-08
202400004880,21:49,Nuit sans éclairage,91,91174,1,1,1,6.0,RN 104,48.6241,2.4689,21:49:00,2024-11-28
202400004881,19:10,,71,71059,2,1,2,3.0,PASTEUR (RUE LOUIS),46.81376,4.4817,19:10:00,2024-02-07
202400004882,18:30,Nuit sans éclairage,91,91689,1,1,1,3.0,AUTOROUTE A6,48.7379,2.31772,18:30:00,2024-10-29
202400004883,09:00,Crépuscule,44,44143,2,1,1,3.0,32 Rue Augustin Mouillé,47.1776624,-1.5469629,09:00:00,2024-11-22
202400004884,06:20,,69,69266,2,2,1,2.0,Rue Antoine Bernoux,45.77106,4.88756,06:20:00,2024-02-08
202400004885,07:20,,44,44114,2,1,1,3.0,14 Route du Croisy,47.25485142,-1.62908193,07:20:00,2024-11-13
202400004886,14:00,Plein jour,69,69264,2,1,1,6.0,Rue Nationale,45.99274,4.71887,14:00:00,2024-02-08
202400004887,09:10,Crépuscule,44,44114,2,1,1,6.0,Chemin du Plessis Buron,47.28280016,-1.61768629,09:10:00,2024-10-23
202400004888,07:25,Nuit sans éclairage,91,91689,1,1,2,7.0,AUTOROUTE A6B,48.74768,2.32706,07:25:00,2024-11-25
202400004889,09:10,Plein jour,69,69092,2,3,2,3.0,Rue des Acacias,45.99275,4.70494,09:10:00,2024-02-08
202400004890,09:50,Plein jour,44,44114,2,6,1,7.0,333 Route de Vannes,47.24841592,-1.60960352,09:50:00,2024-10-06
202400004891,16:50,Plein jour,69,69290,2,1,1,3.0,Route de Grenoble,45.7083,4.98347,16:50:00,2024-02-08
202400004892,22:40,,44,44109,2,3,1,6.0,14 Rue Colonel Desgrées du Lou,47.21556475,-1.57491686,22:40:00,2024-09-01
202400004893,22:00,,67,67043,2,1,1,6.0,PERIGUEUX (AVENUE DE),48.61407,7.75204,22:00:00,2024-02-07
202400004894,08:05,Plein jour,44,44109,2,6,1,7.0,2 Rue du Moulin de la Garde,47.25959942,-1.51108819,08:05:00,2024-08-23
202400004895,09:00,Plein jour,67,67218,2,8,2,6.0,RHIN (ROUTE DU),48.52939,7.73272,09:00:00,2024-02-07
202400004896,11:10,Plein jour,44,44109,2,1,1,3.0,51 Allée des Généraux Patton et Wood ,47.21725237,-1.54426077,11:10:00,2024-08-07
202400004897,00:05,,44,44109,2,1,1,6.0,58 Rue des Renards,47.2573974,-1.56627778,00:05:00,2024-08-04
202400004898,17:20,Plein jour,66,66136,2,1,1,2.0,Unknown,42.69158103,2.87216842,17:20:00,2024-02-07
202400004899,09:05,Plein jour,44,44109,2,6,1,3.0,Rue du Bêle,47.2665294,-1.51371562,09:05:00,2024-08-02
202400004900,22:20,,44,44109,2,1,1,7.0,87 Quai de la Fosse,47.208314,-1.56911934,22:20:00,2024-07-27
202400004901,19:22,,63,63113,2,5,1,1.0,MOULIN (BD JEAN)/rue Pierre Estienne,45.77299,3.1209,19:22:00,2024-02-08
202400004902,07:50,,61,61001,2,1,2,6.0,D204,48.43909,0.08314,07:50:00,2024-02-08
202400004903,18:05,Plein jour,44,44114,2,1,1,3.0,180 Route de Vannes,47.2418828,-1.59460494,18:05:00,2024-07-02
202400004904,07:40,,61,61001,2,6,2,3.0,RD 438,48.43432,0.09356,07:40:00,2024-02-08
202400004905,14:15,Plein jour,74,74312,1,1,8,6.0,Route d'hermy,46.065043,6.50749,14:15:00,2024-12-27
202400004906,16:35,Plein jour,74,74168,1,1,1,1.0,D1508,46.010361,5.996808,16:35:00,2024-12-14
202400004907,11:40,Plein jour,59,59599,2,2,2,3.0,Rue de Roubaix,50.71172925,3.16617128,11:40:00,2024-02-08
202400004908,22:50,Nuit avec éclairage,74,74238,2,1,1,7.0,Route des grandes alpes,46.227513,6.659201,22:50:00,2024-12-26
202400004909,13:45,Plein jour,59,59272,2,9,8,6.0,GRAVELINES (RUE DE),50.99675,2.10654,13:45:00,2024-02-08
202400004910,11:15,Plein jour,74,74044,2,6,7,3.0,21 Chemin des bornants,46.145927,6.148208,11:15:00,2024-12-16
202400004911,12:59,Plein jour,57,57630,2,1,3,6.0,PHALSBOURG,48.73902,7.06724,12:59:00,2024-02-07
202400004912,17:25,Nuit sans éclairage,74,74016,1,1,1,2.0,Route d'annecy,46.134914,6.126449,17:25:00,2024-12-16
202400004913,14:35,Plein jour,56,56121,2,2,2,3.0,RUE LOUIS GUIGUEN,47.75572,-3.35483,14:35:00,2024-02-07
202400004914,16:45,Plein jour,74,74012,2,1,1,2.0,Avenue Henri Barbusse,46.192601,6.241289,16:45:00,2024-12-26
202400004915,18:02,,54,54439,2,3,1,2.0,Avenue Charles de Gaulle,48.70482,6.2564,18:02:00,2024-02-07
202400004916,00:10,Nuit sans éclairage,74,74159,2,1,9,6.0,D1205,46.027307,6.618361,00:10:00,2024-12-17
202400004917,14:25,Plein jour,74,74012,2,1,1,6.0,FLORISSANT (AVENUE),46.196754,6.240938,14:25:00,2024-12-25
202400004918,15:20,Plein jour,53,53034,1,9,1,5.0,CORBINIERE ( LIEU DIT LA ),48.067481,-0.663575,15:20:00,2024-02-08
202400004919,15:35,Plein jour,74,74081,2,9,1,6.0,Gare routière,46.061728,6.582516,15:35:00,2024-12-20
202400004920,07:50,,51,51454,2,1,2,4.0,CHAMPAGNE AVENUE DE,49.23175,4.03608,07:50:00,2024-02-08
202400004921,15:30,Plein jour,74,74275,1,1,4,7.0,Route de rovagny,45.833942,6.236769,15:30:00,2024-12-22
202400004922,07:55,Crépuscule,51,51454,2,3,2,7.0,ZOLA (RUE EMILE) COTE PAIR,49.26662,4.02755,07:55:00,2024-02-08
202400004923,01:10,Nuit sans éclairage,74,74081,1,1,8,1.0,D1205,46.050432,6.593294,01:10:00,2024-12-25
202400004924,08:00,Plein jour,51,51453,1,1,2,1.0,CD 1,48.99756696,4.30263175,08:00:00,2024-02-08
202400004925,15:15,Plein jour,74,74256,2,3,1,6.0,372 Avenue andré lasquin,45.942821,6.638135,15:15:00,2024-12-20
202400004926,19:40,Nuit sans éclairage,46,46042,2,1,2,1.0,ORMEAUX (COTE DES),44.4598333,1.43199945,19:40:00,2024-02-08
202400004927,06:28,Nuit sans éclairage,74,74080,2,1,3,7.0,D909,45.906812,6.420575,06:28:00,2024-12-22
202400004928,14:15,Plein jour,43,43157,2,1,1,6.0,32 Avenue Marechal Foch,45.0396,3.88816,14:15:00,2024-02-03
202400004929,13:20,Plein jour,37,37233,2,6,2,3.0,FARGES (AVENUE YVES),47.38493,0.73664,13:20:00,2024-02-08
202400004930,15:50,Plein jour,74,74169,2,1,2,1.0,Avenue des lechères,46.067749,6.533802,15:50:00,2024-12-16
202400004931,17:30,Nuit sans éclairage,74,74220,1,1,1,6.0,934 Route de l'eculaz,46.140066,6.282029,17:30:00,2024-12-16
202400004932,12:55,Plein jour,37,37261,2,3,2,7.0,STENDHAL (AVENUE),47.36841,0.71032,12:55:00,2024-02-08
202400004933,13:56,Plein jour,74,74035,1,1,1,1.0,Route de rumilly,45.812619,5.950942,13:56:00,2024-12-16
202400004934,11:50,Plein jour,37,37261,2,9,2,6.0,ROTONDE (ROND-POINT DE LA),47.38143,0.70671,11:50:00,2024-02-08
202400004935,12:15,Plein jour,37,37122,2,1,2,6.0,DOUZILLIERE (RUE DE LA),47.34037,0.65421,12:15:00,2024-02-07
202400004936,10:05,Plein jour,74,74223,1,1,4,1.0,Route du Fer à cheval,46.095972,6.619204,10:05:00,2024-12-14
202400004937,07:20,Nuit avec éclairage,35,35238,1,6,2,3.0,ALMA (DE L'),48.08143,-1.67459,07:20:00,2024-02-08
202400004938,00:24,,44,44109,2,3,1,3.0,15 Boulevard Joliot Curie,47.19537894,-1.5353357,00:24:00,2024-06-29
202400004939,08:00,,35,35238,2,1,2,3.0,CLEMENCEAU (BD GEORGES),48.09421484,-1.68125305,08:00:00,2024-02-08
202400004940,09:30,Plein jour,44,44143,2,1,1,6.0,1 Rue Victor Hugo,47.189045,-1.5518012,09:30:00,2024-06-28
202400004941,10:10,Plein jour,34,34172,2,6,1,2.0,SAINT MAUR (AVENUE DE),43.62141,3.89476,10:10:00,2024-02-07
202400004942,16:25,Plein jour,84,84035,1,1,6,1.0,AVIGNON-RD973 (ROUTE D'),43.85898,5.01142,16:25:00,2024-12-20
202400004943,10:00,Plein jour,2B,2B050,1,1,1,6.0,RT 30,42.551709,8.772857,10:00:00,2024-11-28
202400004944,17:50,Plein jour,32,32013,2,1,8,3.0,TAPIS VERT,43.6486,0.57966,17:50:00,2024-02-08
202400004945,21:19,,31,31069,2,1,2,6.0,PAILLE (CH DE LA),43.64694,1.37138,21:19:00,2024-02-08
202400004946,21:39,Nuit sans éclairage,91,91661,1,1,1,2.0,AUTOROUTE A10,48.6941,2.2311,21:39:00,2024-11-25
202400004947,15:00,Plein jour,31,31555,2,2,1,3.0,BD PIERRE ET MARIE CURIE,43.62613,1.43723,15:00:00,2024-02-08
202400004948,09:52,Plein jour,30,30189,2,3,1,6.0,BIR HAKEIM (AVENUE),43.8423,4.385,09:52:00,2024-12-30
202400004949,09:25,Plein jour,60,60138,1,1,1,4.0,D1330,49.213336,2.605562,09:25:00,2024-10-07
202400004950,15:25,Plein jour,19,19031,2,2,1,3.0,BUGEAUD (AVENUE MARECHAL),45.16147,1.54084,15:25:00,2024-02-07
202400004951,15:45,Plein jour,60,60286,2,1,7,6.0,Place Barbier,49.664739,1.94038,15:45:00,2024-10-01
202400004952,01:42,Nuit avec éclairage,18,18279,2,1,2,6.0,19 Rue du Docteur Pierre Roux,47.22405,2.07016,01:42:00,2024-02-08
202400004953,06:50,Crépuscule,55,55181,2,3,1,3.0,Rue Raymond Poincare,49.21289799,5.62403027,06:50:00,2024-10-30
202400004954,07:50,Nuit sans éclairage,14,14118,2,3,2,7.0,30 Place de la Liberté,49.161232,-0.341982,07:50:00,2024-02-08
202400004955,20:30,,13,13209,2,1,1,3.0,MICHELET (BOULEVARD),43.257215,5.402982,20:30:00,2024-02-08
202400004956,19:08,,14,14220,2,6,4,2.0,2 Rue Désiré le Hoc,49.35994,0.08093,19:08:00,2024-11-21
202400004957,20:00,,13,13210,2,1,1,6.0,CAPELETTE (AVENUE DE LA),43.286066,5.404582,20:00:00,2024-02-08
202400004958,07:25,Plein jour,13,13214,2,1,1,1.0,SAINTE MARTHE (chemin),43.33117,5.38937,07:25:00,2024-02-08
202400004959,07:15,Crépuscule,74,74007,1,3,1,1.0,Route de Bonneville,46.070186,6.321173,07:15:00,2024-12-13
202400004960,11:00,Plein jour,13,13214,2,1,1,6.0,SAINTE MARTHE (chemin),43.34433,5.38417,11:00:00,2024-02-03
202400004961,15:00,Plein jour,13,13028,2,1,1,3.0,Rond-Point Rovarch/Saint Jean,43.19200811,5.61710569,15:00:00,2024-02-08
202400004962,21:10,Nuit sans éclairage,74,74171,1,1,1,3.0,Route de geneve,46.314769,6.324509,21:10:00,2024-12-12
202400004963,11:10,Plein jour,13,13004,2,4,1,3.0,RUE DE L AMPHITHEATRE,43.67862,4.63057,11:10:00,2024-02-08
202400004964,08:30,Plein jour,74,74143,2,3,1,6.0,2150 Avenue des alpages,45.897938,6.823293,08:30:00,2024-12-12
202400004965,19:30,,13,13001,2,1,1,6.0,RD 17,43.52613,5.46499,19:30:00,2024-02-02
202400004966,15:35,Plein jour,74,74280,2,1,1,6.0,8 Avenue d'annecy,45.883716,6.320915,15:35:00,2024-12-09
202400004967,07:45,Crépuscule,11,11069,2,1,1,2.0,71 Rue Antoine Marty,43.21635,2.35433,07:45:00,2024-02-07
202400004968,12:10,Plein jour,32,32119,2,1,1,6.0,Boulevard d'Artagnan,43.862298,0.101143,12:10:00,2024-11-21
202400004969,18:30,,10,10387,2,1,2,7.0,Boulevard Gambetta,48.2977,4.067,18:30:00,2024-02-08
202400004970,18:30,,08,08409,2,7,3,6.0,MARNE (AVENUE DE LA),49.69881,4.92548,18:30:00,2024-02-08
202400004971,10:50,Plein jour,32,32043,1,9,1,5.0,D1,43.707355,0.252004,10:50:00,2024-11-29
202400004972,09:55,Plein jour,07,07281,2,1,1,3.0,BOUVAT (QUAI JULES),44.94486,4.84546,09:55:00,2024-02-07
202400004973,17:45,Crépuscule,32,32121,1,2,1,3.0,D634 - PR 8+450,43.556833,1.019926,17:45:00,2024-11-21
202400004974,14:14,Plein jour,06,06088,2,2,1,3.0,Boulevard Gambetta,43.702,7.25595,14:14:00,2024-02-08
202400004975,16:00,Plein jour,29,29158,2,1,6,1.0,Rue de l'Abbé Stéphan,47.80217,-4.36076,16:00:00,2024-11-21
202400004976,10:30,Plein jour,06,06069,2,1,1,3.0,Route de Cannes,43.6385,6.9506,10:30:00,2024-02-08
202400004977,15:40,Plein jour,13,13021,1,1,1,2.0,D9,43.333447,5.158171,15:40:00,2024-11-28
202400004978,18:15,,06,06029,2,1,1,1.0,Avenue Michel Jourdan,43.55504,6.97213,18:15:00,2024-02-08
202400004979,10:55,Plein jour,62,62473,1,1,1,7.0,rue du nocq picot,50.62962761,2.46963716,10:55:00,2024-12-16
202400004980,08:58,Plein jour,04,04070,2,1,1,1.0,NOEL (AV. DU COL.),44.08042,6.19985,08:58:00,2024-02-08
202400004981,22:40,,62,62108,2,3,1,3.0,Rue Alfred Lambert,50.40937,1.5659,22:40:00,2024-10-03
202400004982,08:10,Crépuscule,01,01053,2,6,2,3.0,MERCIER (AVENUE AMEDEE DU 45 AU FIN),46.2029,5.24491,08:10:00,2024-02-08
202400004983,19:30,,75,75113,2,1,2,2.0,QUAI D IVRY,48.826081,2.387937,19:30:00,2024-02-08
202400004984,19:40,Plein jour,44,44162,2,1,1,4.0,Boulevard Charles De Gaulle,47.21475771,-1.63805127,19:40:00,2024-05-07
202400004985,17:00,Plein jour,44,44109,2,2,1,3.0,Boulevard de la Beaujoire,47.258239,-1.5153618,17:00:00,2024-05-02
202400004986,23:00,,75,75118,2,1,2,5.0,BOULEVARD BARBES,48.891015,2.349614,23:00:00,2024-02-08
202400004987,15:55,Plein jour,44,44109,2,1,1,6.0,31 Rue du Corps de Garde ,47.2119863,-1.59707284,15:55:00,2024-04-30
202400004988,23:15,,64,64102,2,1,1,6.0,Unknown,43.48497157,-1.49491395,23:15:00,2024-01-19
202400004989,16:15,Plein jour,75,75117,2,3,2,3.0,AVENUE DE LA PORTE DE CLICHY,48.89639212,2.31032118,16:15:00,2024-02-08
202400004990,11:35,Plein jour,75,75114,2,1,2,6.0,BOULEVARD ARAGO,48.834475,2.334154,11:35:00,2024-02-07
202400004991,09:05,Plein jour,44,44109,2,1,1,3.0,69 Boulevard Joliot Curie,47.1941106,-1.53186828,09:05:00,2024-04-17
202400004992,16:30,Plein jour,75,75113,2,3,2,6.0,AVENUE D ITALIE,48.820438,2.359086,16:30:00,2024-02-08
202400004993,16:25,Plein jour,62,62108,2,1,1,6.0,Rue Gabriel Péri,50.40764,1.56763,16:25:00,2024-10-31
202400004994,05:45,Nuit sans éclairage,84,84142,1,1,1,6.0,D146,43.967268,4.982445,05:45:00,2024-12-07
202400004995,18:25,,75,75111,2,2,2,6.0,BOULEVARD DE BELLEVILLE,48.868933,2.380468,18:25:00,2024-02-08
202400004996,09:30,Plein jour,75,75108,2,1,2,7.0,COURS ALBERT 1ER,48.864256,2.302786,09:30:00,2024-02-08
202400004997,22:35,Nuit sans éclairage,84,84004,1,3,1,3.0,route de saint-véran,44.099806,5.061371,22:35:00,2024-10-18
202400004998,14:32,Plein jour,75,75107,2,1,2,6.0,BOULEVARD DES INVALIDES,48.85106,2.31463,14:32:00,2024-02-08
202400004999,10:40,Plein jour,75,75107,2,2,2,6.0,RUE DU BAC,48.851698,2.323534,10:40:00,2024-02-08
202400005000,07:00,Crépuscule,84,84122,1,1,1,1.0,2122 Route d'Orange,44.100052,4.938982,07:00:00,2024-08-31
202400005001,14:30,Plein jour,75,75107,2,1,2,6.0,BOULEVARD SAINT GERMAIN,48.860367,2.321353,14:30:00,2024-02-07
202400005002,19:55,,74,74012,2,1,2,6.0,FLORISSANT (AVENUE),46.1968,6.2411,19:55:00,2024-12-23
202400005003,18:00,Crépuscule,94,94078,2,3,2,3.0,Rue Pommier / Rue du Roi Albert 1er,48.735009,2.450049,18:00:00,2024-02-08
202400005004,23:20,,74,74010,2,6,1,3.0,CHARLES DE GAULLE (PLACE),45.91174,6.13142,23:20:00,2024-12-18
202400005005,16:15,Plein jour,94,94046,2,2,2,5.0,Rue Michelet / Rue Condorcet,48.81272178,2.45311725,16:15:00,2024-02-08
202400005006,13:10,Plein jour,74,74010,2,1,1,3.0,RHONE (AVENUE DU),45.9001,6.116,13:10:00,2024-12-13
202400005007,15:20,Plein jour,93,93078,2,1,2,6.0,Avenue du Maréchal de Lattre de Tassigny,48.95882,2.54439,15:20:00,2024-02-08
202400005008,07:50,Crépuscule,74,74012,2,3,9,3.0,EUROPE (AVENUE DE L'),46.177834,6.23762,07:50:00,2024-12-02
202400005009,19:40,,93,93059,2,1,8,6.0,Avenue Ledru Rollin,48.96338,2.37057,19:40:00,2024-02-08
202400005010,11:15,Plein jour,73,73181,2,3,1,6.0,Rue cardinale,45.48487329,6.53261393,11:15:00,2024-09-12
202400005011,18:20,,93,93005,2,6,2,1.0,Avenue Eugène Schueller / Rue Arthur Chevalier,48.930125,2.506772,18:20:00,2024-02-08
202400005012,15:35,Plein jour,73,73003,1,1,1,6.0,N90,45.49979112,6.51267037,15:35:00,2024-09-04
202400005013,09:05,Plein jour,93,93005,2,9,8,1.0,Rue des Arts,48.94307,2.503724,09:05:00,2024-02-08
202400005014,11:10,Plein jour,19,19146,2,9,1,2.0,Unknown,45.31679128,1.76988452,11:10:00,2024-10-21
202400005015,19:45,,93,93066,2,3,2,3.0,Avenue Jean Moulin / Rue Jacques Woog,48.93992,2.362758,19:45:00,2024-02-08
202400005016,16:05,Plein jour,50,50272,1,3,1,6.0,Rue du 30 Juillet 1944,48.939268,-1.529707,16:05:00,2024-11-15
202400005017,09:00,Plein jour,93,93066,2,1,2,3.0,Avenue du Président Wilson,48.92066572,2.35693485,09:00:00,2024-02-08
202400005018,18:35,Nuit sans éclairage,73,73106,1,1,1,1.0,D911,45.65831888,6.16281822,18:35:00,2024-10-31
202400005019,08:30,Plein jour,93,93064,2,3,2,6.0,Rue Lavoisier / Rue Missak Manouchian,48.86272206,2.49601007,08:30:00,2024-02-08
202400005020,12:00,Plein jour,64,64445,2,2,1,3.0,Unknown,43.32484248,-0.35755268,12:00:00,2024-01-19
202400005021,05:25,,93,93032,2,2,2,3.0,MONTFERMEIL   (ALLEE DE),48.89889,2.54647,05:25:00,2024-02-08
202400005022,16:55,Plein jour,84,84143,1,4,1,1.0,D4,43.994906,5.155174,16:55:00,2024-09-30
202400005023,11:10,Plein jour,93,93032,2,1,3,6.0,Avenue Jean Jaurès,48.88336106,2.52883762,11:10:00,2024-02-07
202400005024,08:30,Plein jour,84,84099,2,1,1,1.0,Avenue Jean Giono,43.850413,5.107902,08:30:00,2024-09-29
202400005025,08:27,Plein jour,93,93057,2,3,2,3.0,Avenue Aristide Briand / Rue des Ecoles,48.908395,2.49766,08:27:00,2024-02-08
202400005026,20:00,Nuit sans éclairage,84,84092,1,1,1,6.0,D28,43.95312,4.878391,20:00:00,2024-10-13
202400005027,13:14,Plein jour,63,63113,2,1,1,2.0,viaduc Saint-Jacques,45.7668,3.0893,13:14:00,2024-07-19
202400005028,19:10,,93,93005,2,3,2,6.0,Boulevard de l'Hôtel de Ville / Rue Rouget de L'isle,48.935083,2.497236,19:10:00,2024-02-08
202400005029,19:30,,44,44190,2,6,1,6.0,1 Avenue de Glinde,47.2089455,-1.48944176,19:30:00,2024-03-28
202400005030,01:30,Nuit sans éclairage,95,95488,1,1,1,6.0,A15,49.0129501,2.14951244,01:30:00,2024-06-05
202400005031,15:40,Plein jour,93,93001,2,1,2,2.0,Rue du Moutier,48.91513825,2.3795405,15:40:00,2024-02-08
202400005032,21:10,Crépuscule,09,09282,2,8,1,6.0,Unknown,43.236337,1.582714,21:10:00,2024-08-09
202400005033,21:15,Crépuscule,93,93010,1,1,1,3.0,A3,48.91163586,2.4760898,21:15:00,2024-06-04
202400005034,10:57,Plein jour,92,92078,1,1,2,6.0,MARC SANGNIER (AVENUE),48.92762,2.32632,10:57:00,2024-02-08
202400005035,14:10,Plein jour,44,44162,2,1,1,7.0,121 Boulevard François Mitterand,47.214922,-1.647641,14:10:00,2024-03-20
202400005036,22:26,Nuit avec éclairage,92,92073,2,1,2,7.0,SELLIER (BOULEVARD HENRI),48.86807466,2.22519207,22:26:00,2024-02-07
202400005037,13:55,Plein jour,77,77146,1,1,1,2.0,A4.Y,48.832229,2.655009,13:55:00,2024-06-06
202400005038,17:10,Plein jour,44,44143,2,1,1,6.0,Rue Ordronneau,47.193502,-1.5723612,17:10:00,2024-03-14
202400005039,19:26,,92,92072,2,3,2,6.0,VILLE D'AVRAY (RUE DE ),48.82590591,2.20113739,19:26:00,2024-02-07
202400005040,09:00,Plein jour,93,93051,1,1,1,2.0,A4,48.83494286,2.58003118,09:00:00,2024-06-06
202400005041,17:25,Plein jour,44,44109,2,1,1,2.0,53 Rue du Coprs de Garde,47.213358,-1.597772,17:25:00,2024-03-13
202400005042,14:30,Plein jour,88,88413,2,1,1,2.0,Rue d'ALSACE,48.27813,6.95842,14:30:00,2024-02-03
202400005043,13:25,Plein jour,92,92020,2,1,1,2.0,VANVES BOULEVARD N° IMPAIRS,48.80602919,2.28646874,13:25:00,2024-02-08
202400005044,16:00,Plein jour,92,92012,2,9,2,6.0,GALLIENI (RUE) 55/157 - 50/140,48.83699939,2.24334526,16:00:00,2024-02-07
202400005045,20:17,Plein jour,76,76255,1,4,1,1.0,Route d’Abbeville,50.06178393,1.42469072,20:17:00,2024-06-07
202400005046,08:50,Plein jour,44,44020,1,1,1,2.0,Unknown,47.17348509,-1.59311634,08:50:00,2024-05-27
202400005047,13:04,Plein jour,64,64102,2,8,1,6.0,Quai Resplandy,43.48340629,-1.45383347,13:04:00,2024-01-03
202400005048,08:15,Plein jour,974,97415,2,2,1,3.0,Rue Saint Louis,-20.997393,55.283423,08:15:00,2024-02-06
202400005049,13:25,Plein jour,974,97411,2,2,1,6.0,LORY LES HAUTS (RUE),-20.89185,55.48193,13:25:00,2024-01-25
202400005050,09:30,Plein jour,44,44047,2,1,1,3.0,20 Rue Jan Palach,47.234768,-1.664428,09:30:00,2024-03-11
202400005051,14:05,Plein jour,44,44109,2,1,1,6.0,Boulevard des Tirbunes,47.24453647,-1.56120422,14:05:00,2024-05-25
202400005052,06:45,Crépuscule,44,44190,1,1,1,7.0,Unknown,47.19120938,-1.49005904,06:45:00,2024-05-25
202400005053,13:30,Plein jour,06,06130,1,1,1,3.0,1916 Route de Cabris,43.668248,6.854759,13:30:00,2024-01-20
202400005054,17:33,Plein jour,44,44109,2,1,1,2.0,28 Boulevard des Anglais,47.22877954,-1.5766267,17:33:00,2024-05-24
202400005055,08:30,Plein jour,44,44162,2,6,1,3.0,Rond-Point du Chemin de la Botardière,47.23472202,-1.62608686,08:30:00,2024-05-23
202400005056,14:15,Plein jour,62,62332,1,2,2,3.0,D919,50.21893993,2.76034309,14:15:00,2024-02-08
202400005057,08:40,Plein jour,44,44109,2,3,1,3.0,71 Rue de Bel Air,47.2250246,-1.55911339,08:40:00,2024-05-21
202400005058,07:30,Nuit avec éclairage,30,30047,1,1,2,2.0,D6113,43.781494,4.450362,07:30:00,2024-02-09
202400005059,16:15,Plein jour,44,44114,2,6,8,3.0,Place de la France Libre,47.254,-1.615,16:15:00,2024-05-21
202400005060,10:00,Plein jour,57,57067,2,1,1,6.0,30 Grand Rue,49.310925,6.190689,10:00:00,2024-01-11
202400005061,14:30,Plein jour,44,44109,2,1,1,6.0,35 Rue Félix Faure,47.22905191,-1.56952557,14:30:00,2024-05-18
202400005062,08:35,Plein jour,19,19276,1,1,8,6.0,Unknown,45.41083362,1.57514692,08:35:00,2024-02-09
202400005063,11:30,Plein jour,44,44109,2,1,8,6.0,1bis Quai de Tourville,47.20941127,-1.55629939,11:30:00,2024-05-17
202400005064,11:00,Plein jour,76,76697,1,1,3,7.0,D915,49.805,1.187111,11:00:00,2024-02-07
202400005065,09:30,Plein jour,63,63287,1,3,2,3.0,Intersection D999/D727,45.52255,3.302523,09:30:00,2024-02-09
202400005066,18:50,,987,98736,2,2,1,5.0,ARIIPAEA POMARE (AV),-17.51667,-149.5333,18:50:00,2024-06-04
202400005067,08:15,Plein jour,972,97209,1,1,1,3.0,AUTOROUTE (A1),14.61457,-61.04794,08:15:00,2024-06-05
202400005068,08:05,Plein jour,42,42159,1,2,8,3.0,Route de Lyon,45.808401,3.781958,08:05:00,2024-02-09
202400005069,11:44,Plein jour,2B,2B033,2,1,1,2.0,FRANCOIS VITTORI,42.67982,9.43873,11:44:00,2024-06-05
202400005070,07:15,Nuit sans éclairage,35,35162,1,1,2,1.0,PK 5 RD177,48.470339,-1.130304,07:15:00,2024-02-08
202400005071,09:47,Plein jour,971,97120,2,9,1,6.0,HANNE (BOULEVARD),16.24055,-61.53315,09:47:00,2024-06-05
202400005072,17:15,Plein jour,29,29026,2,1,1,6.0,Quai Charles de Gaulle,48.198176,-4.087269,17:15:00,2024-02-09
202400005073,06:30,Plein jour,971,97105,2,3,1,3.0,FLAMBOYANTS (ALLEE DES),16.0060371,-61.73548758,06:30:00,2024-06-05
202400005074,19:00,Nuit sans éclairage,29,29177,1,3,1,1.0,Le Rheun,48.43263441,-4.69218158,19:00:00,2024-01-26
202400005075,22:45,Nuit sans éclairage,2A,2A004,2,1,1,6.0,SAINT ANTOINE RUE,41.92798723,8.7353754,22:45:00,2024-06-05
202400005076,11:16,Plein jour,2A,2A004,2,3,1,4.0,Cara,41.95857,8.78069,11:16:00,2024-06-05
202400005077,12:40,Plein jour,95,95598,2,1,1,2.0,D144,48.99380956,2.30629583,12:40:00,2024-06-05
202400005078,19:50,Plein jour,91,91657,2,2,1,3.0,AV PAUL VAILLANT COUTURIER,48.69662,2.43596,19:50:00,2024-06-03
202400005079,17:34,Plein jour,87,87085,2,1,1,6.0,BEAUBREUIL (AVENUE DE),45.87588,1.30242,17:34:00,2024-06-04
202400005080,16:27,Plein jour,87,87085,2,1,1,6.0,THOMAS (AVENUE ALBERT),45.83770732,1.23996377,16:27:00,2024-06-03
202400005081,22:10,Nuit sans éclairage,86,86194,2,1,1,3.0,D910,46.569773,0.30977,22:10:00,2024-06-02
202400005082,17:15,Plein jour,86,86194,2,1,1,5.0,Rue Georges Guynemer,46.57665,0.32438,17:15:00,2024-05-13
202400005083,19:10,Plein jour,85,85191,2,2,1,3.0,Rue charles bourseul,46.693687,-1.424947,19:10:00,2024-06-05
202400005084,18:40,Plein jour,84,84087,1,3,1,3.0,JONQUIERES (ROUTE DE),44.11816,4.87082,18:40:00,2024-06-05
202400005085,11:30,Plein jour,83,83137,2,2,1,6.0,FORT ROUGE (CHEMIN DU),43.14015,5.91325,11:30:00,2024-06-05
202400005086,17:05,Plein jour,80,80021,2,1,1,3.0,Rue de Cagny,49.87279,2.33182,17:05:00,2024-06-02
202400005087,21:35,Plein jour,78,78423,2,2,1,3.0,AUBISQUE (RUE DE L'),48.77178,2.04555,21:35:00,2024-06-05