Num_Acc,hrmn,lum,dep,com,agg,int,atm,col,adr,lat,long,heure,date
202400005088,09:00,Plein jour,74,74008,2,1,1,6.0,PAIX (RUE DE LA),46.19611,6.22008,09:00:00,2024-06-05
202400005089,16:15,Plein jour,73,73065,2,1,1,6.0,VERDUN (QUAI DE),45.57223,5.91686,16:15:00,2024-06-01
202400005090,13:40,Plein jour,73,73011,2,1,1,6.0,VIBERT (PLACE LEONTINE),45.66696941,6.39011031,13:40:00,2024-06-05
202400005091,18:25,Plein jour,72,72003,2,1,1,2.0,CROIX GEORGETTE (RTE DE LA),47.98368,0.15185,18:25:00,2024-06-04
202400005092,14:38,Plein jour,72,72181,2,8,1,3.0,JAURES JEAN (AV) N° IMP 35 A 179,47.99181,0.20526,14:38:00,2024-06-04
202400005093,07:35,Plein jour,69,69275,2,3,1,3.0,Avenue Jean Jaurès,45.76972,4.9493,07:35:00,2024-06-05
202400005094,22:05,Crépuscule,69,69290,2,1,1,6.0,Rue Garibaldi,45.6852876,4.94536743,22:05:00,2024-06-04
202400005095,07:30,Plein jour,69,69096,2,2,7,1.0,Avenue de la Liberté,45.61017,4.78369,07:30:00,2024-06-05
202400005096,16:30,Plein jour,67,67482,2,1,1,1.0,REMPART (RUE DU),48.586,7.73,16:30:00,2024-06-04
202400005097,07:00,Plein jour,66,66136,2,1,1,6.0,BARCAROLLES DES,42.68831,2.90793,07:00:00,2024-06-05
202400005098,09:00,Plein jour,64,64445,2,2,1,3.0,CAMOU,43.29988,-0.37948,09:00:00,2024-06-05
202400005099,18:25,Plein jour,64,64102,2,1,1,2.0,REDUIT (PLACE DU),43.49331145,-1.47304625,18:25:00,2024-06-04
202400005100,18:00,Plein jour,63,63113,2,3,1,1.0,RABELAIS (RUE FRANCOIS),45.79044705,3.11716139,18:00:00,2024-06-05
202400005101,13:44,Plein jour,63,63113,2,9,1,3.0,Carrefour des pistes (Clémentel-Jouhaux),45.80002,3.11237,13:44:00,2024-06-05
202400005102,18:53,Plein jour,62,62065,2,1,1,1.0,Rue Joseph Petit,50.40702,2.82009,18:53:00,2024-06-05
202400005103,09:30,Plein jour,59,59426,2,6,1,3.0,Route du Petit Menin,50.74252,3.14396,09:30:00,2024-06-05
202400005104,23:20,,59,59648,2,2,1,3.0,Rue Clémenceau,50.59696,3.05124,23:20:00,2024-06-05
202400005105,22:44,,57,57672,2,1,1,1.0,ROBERT SCHUMANN (BOULEVARD),49.35669,6.169153,22:44:00,2024-05-30
202400005106,08:30,Plein jour,51,51454,2,1,1,6.0,SAVOYE (RUE),49.26121,4.03866,08:30:00,2024-06-05
202400005107,19:17,Plein jour,49,49007,2,7,1,7.0,MADELEINE,47.46021,-0.53713,19:17:00,2024-06-04
202400005108,13:32,Plein jour,49,49353,2,1,1,7.0,DAUTEL BOULEVARD,47.44322,-0.48353,13:32:00,2024-06-04
202400005109,16:12,Plein jour,49,49007,2,1,1,4.0,POISSONNERIE,47.47319,-0.55636,16:12:00,2024-06-04
202400005110,09:56,Plein jour,49,49007,2,1,1,3.0,BRIOLLAY ROUTE,47.4936,-0.52816,09:56:00,2024-06-04
202400005111,23:00,,45,45234,2,1,1,1.0,220 Rue du Faubourg Bannier,47.920994,1.897986,23:00:00,2024-06-05
202400005112,18:52,Plein jour,74,74158,2,9,1,1.0,703 Route des voirons,46.255031,6.333495,18:52:00,2024-04-25
202400005113,13:00,Plein jour,43,43157,1,1,1,7.0,Viaduc de Taulhac,45.0177,3.89654,13:00:00,2024-06-05
202400005114,18:55,Nuit sans éclairage,13,13039,1,1,1,1.0,RN 544,43.45629,4.90901,18:55:00,2024-02-23
202400005115,13:20,Plein jour,36,36044,2,2,1,5.0,Avenue Charles de Gaulle 1890-1970,46.80808,1.69205,13:20:00,2024-06-05
202400005116,22:40,Nuit avec éclairage,974,97411,2,1,1,7.0,REYDELLET (ROUTE JULES),-20.93441,55.49232,22:40:00,2024-10-21
202400005117,07:00,Plein jour,973,97302,1,1,1,6.0,ROUTE NATIONALE 1,4.89917,-52.32650113,07:00:00,2024-10-20
202400005118,11:00,Plein jour,35,35238,2,6,1,2.0,SAINT-MALO (RUE DE),48.13242,-1.69135,11:00:00,2024-06-05
202400005119,03:50,,973,97302,2,1,1,6.0,MONTABO (ROUTE DE) 1,4.94451,-52.3103,03:50:00,2024-10-20
202400005120,14:30,Plein jour,33,33063,2,9,1,6.0,Unknown,44.85033299,-0.57459489,14:30:00,2024-06-05
202400005121,19:38,Nuit sans éclairage,69,69387,2,3,1,3.0,Avenue Félix Faure,45.75242,4.84922,19:38:00,2024-10-21
202400005122,08:30,Plein jour,33,33063,2,2,7,3.0,Rue de la Benatte,44.84547,-0.59356,08:30:00,2024-06-05
202400005123,19:30,Plein jour,33,33529,1,1,1,1.0,Unknown,44.53695,-1.23734,19:30:00,2024-06-05
202400005124,14:30,Plein jour,69,69387,2,2,1,3.0,Rue Saint Jérome,45.74655,4.84024,14:30:00,2024-10-21
202400005125,14:15,Plein jour,33,33009,2,6,1,3.0,Unknown,44.65555,-1.15268,14:15:00,2024-06-05
202400005126,14:05,Plein jour,69,69386,2,1,1,3.0,Boulevard Stalingrad,45.77201,4.85877,14:05:00,2024-10-21
202400005127,22:00,,31,31555,2,9,1,3.0,CHE DE LA GLACIERE,43.64287938,1.41603202,22:00:00,2024-06-05
202400005128,05:30,Crépuscule,31,31555,2,2,1,3.0,RUE JEAN PHILIPPE RAMEAU,43.61908,1.42567,05:30:00,2024-06-05
202400005129,10:50,Plein jour,69,69387,2,3,1,2.0,Rue Pasteur,45.75102,4.83849,10:50:00,2024-10-21
202400005130,14:55,Plein jour,27,27229,2,1,1,3.0,CHURCHILL (AVENUE WINSTON),49.02012,1.15905,14:55:00,2024-06-04
202400005131,06:40,Crépuscule,971,97105,2,1,3,1.0,CHARLES DE GAULLE (BD DU GENERAL),15.99299256,-61.73052013,06:40:00,2024-10-20
202400005132,08:35,Plein jour,27,27229,2,1,1,3.0,ALLENDE (RUE SALVADOR),49.00344,1.15154,08:35:00,2024-06-04
202400005133,13:10,Plein jour,95,95277,1,1,1,6.0,D902,48.98397537,2.47086575,13:10:00,2024-10-21
202400005134,08:20,Plein jour,22,22215,2,1,1,1.0,ST-HERVE (RUE DE),48.50527,-2.81119,08:20:00,2024-06-05
202400005135,08:35,Plein jour,91,91691,2,1,1,6.0,GENERAL LECLER(RUE),48.71485,2.47375,08:35:00,2024-10-21
202400005136,09:06,Plein jour,87,87085,2,3,1,3.0,TUILIERES (RUE DES),45.85111,1.25271,09:06:00,2024-10-18
202400005137,11:42,Plein jour,19,19031,2,2,1,3.0,LOMBARD (AVENUE JACQUES),45.16622,1.52059,11:42:00,2024-06-05
202400005138,06:33,,86,86194,2,1,2,6.0,Boulevard Pont Achard,46.57568,0.32952,06:33:00,2024-10-20
202400005139,06:10,Plein jour,17,17200,2,1,1,7.0,CLAVIER   AVENUE DU,46.18161,-1.16978,06:10:00,2024-06-05
202400005140,18:15,Crépuscule,84,84007,2,1,1,1.0,FOLIE (AVENUE DE LA),43.94639,4.83298,18:15:00,2024-10-21
202400005141,18:55,Plein jour,14,14333,2,1,1,3.0,avenue des hauts bords,49.40003,0.24099,18:55:00,2024-06-05
202400005142,13:30,Plein jour,84,84034,1,1,1,2.0,CAVAILLON (ROUTE DE) MFT,43.88903,4.92337,13:30:00,2024-10-21
202400005143,09:15,Plein jour,13,13215,2,3,1,1.0,ODDO (bd),43.32922,5.36552,09:15:00,2024-06-05
202400005144,11:00,Plein jour,83,83123,2,1,1,3.0,SAINT ROCH (CHEMIN),43.12139,5.80513,11:00:00,2024-10-03
202400005145,14:25,Plein jour,01,01344,2,1,1,3.0,TREVOUX (AVENUE DE),46.2008,5.19896,14:25:00,2024-06-05
202400005146,20:00,Plein jour,75,75113,2,1,1,6.0,PORTE D ITALIE,48.81803,2.352164,20:00:00,2024-06-05
202400005147,20:30,,81,81065,2,2,1,3.0,METZ (PT.DE),43.60219,2.24358,20:30:00,2024-10-21
202400005148,09:40,Plein jour,75,75119,2,1,1,4.0,BD PERIPHERIQUE EXTERIEUR,48.880749,2.405164,09:40:00,2024-06-04
202400005149,11:30,Plein jour,75,75118,2,1,1,2.0,BD PERIPHERIQUE EXTERIEUR,48.900942,2.357553,11:30:00,2024-06-03
202400005150,06:05,,78,78401,2,1,2,2.0,RHIN ET DANUBE (PONT),48.999554,1.90778,06:05:00,2024-10-21
202400005151,09:30,Plein jour,75,75120,2,1,1,3.0,BD PERIPHERIQUE EXTERIEUR,48.854377,2.414079,09:30:00,2024-06-03
202400005152,14:35,Plein jour,75,75120,2,3,1,2.0,AVENUE DE LA PORTE DE VINCENNES,48.846934,2.413866,14:35:00,2024-06-05
202400005153,16:10,Plein jour,77,77284,2,1,1,6.0,GAMBETTA (RUE),48.96261706,2.88530231,16:10:00,2024-10-21
202400005154,08:05,Plein jour,75,75120,2,9,1,3.0,AVENUE DE LA PORTE DE VINCENNES,48.846899,2.413904,08:05:00,2024-06-05
202400005155,07:50,Crépuscule,76,76575,2,6,2,6.0,Avenue de l'Université,49.385369,1.070711,07:50:00,2024-10-21
202400005156,11:45,Plein jour,75,75119,2,3,1,6.0,RUE DE KABYLIE,48.884312,2.367681,11:45:00,2024-06-05
202400005157,07:15,,76,76351,2,2,3,6.0,WINSTON CHURCHILL,49.49413,0.13873,07:15:00,2024-10-21
202400005158,11:23,Plein jour,75,75117,2,3,1,3.0,BOULEVARD BESSIERES,48.897397,2.323117,11:23:00,2024-06-05
202400005159,10:50,Plein jour,75,75117,2,2,1,3.0,RUE BROCHANT,48.888408,2.3172286,10:50:00,2024-06-05
202400005160,13:52,Plein jour,67,67365,2,1,1,6.0,FRERES (RUE DES),48.55609,7.70885,13:52:00,2024-10-20
202400005161,11:15,Plein jour,64,64024,2,1,1,6.0,BOIS BELIN (RUE DU),43.49277,-1.51851,11:15:00,2024-10-21
202400005162,09:40,Plein jour,75,75116,2,1,1,5.0,ALLEE DU BORD DE L EAU,48.869484,2.237746,09:40:00,2024-06-05
202400005163,07:15,,64,64102,2,1,1,6.0,ROND POINT DU GRAND BASQUE,43.49107,-1.45308,07:15:00,2024-10-21
202400005164,08:55,Crépuscule,75,75113,2,2,1,6.0,RUE DE TOLBIAC,48.825639,2.347166,08:55:00,2024-06-05
202400005165,18:00,Plein jour,75,75112,2,3,1,6.0,RUE DU FAUBOURG SAINT ANTOINE,48.851895,2.373698,18:00:00,2024-06-05
202400005166,15:30,Plein jour,59,59428,2,6,1,3.0,HUIT MAI 1945 (RUE DU),50.18655,3.22582,15:30:00,2024-10-21
202400005167,10:50,Plein jour,75,75110,2,2,1,6.0,RUE LA FAYETTE,48.881331,2.364691,10:50:00,2024-06-05
202400005168,14:00,Plein jour,56,56121,2,1,1,7.0,Rue général de Bollardière,47.75787,-3.39031,14:00:00,2024-10-19
202400005169,10:05,Plein jour,75,75109,2,3,1,6.0,RUE SAINT LAZARE,48.87574,2.328554,10:05:00,2024-06-05
202400005170,15:40,Plein jour,94,94052,2,2,1,3.0,Rue du Général Chanzy / Rue de l’Amiral Courbet,48.839293,2.475511,15:40:00,2024-06-03
202400005171,11:37,Plein jour,56,56083,2,1,1,7.0,Avenue de la République,47.79981,-3.28893,11:37:00,2024-10-18
202400005172,13:10,Plein jour,94,94054,2,1,1,2.0,Rue des Hautes Bornes,48.749983,2.410466,13:10:00,2024-06-05
202400005173,17:00,Plein jour,55,55545,2,1,1,7.0,REPUBLIQUE ( QUAI DE LA ),49.1606,5.38688,17:00:00,2024-10-19
202400005174,08:30,Plein jour,94,94017,2,1,1,2.0,Boulevard de Stalingrad,48.82674,2.49469,08:30:00,2024-06-04
202400005175,11:10,Plein jour,55,55545,2,1,1,7.0,METZ ( AVENUE DE ),49.14791,5.40275,11:10:00,2024-10-14
202400005176,17:39,Plein jour,93,93066,2,2,1,6.0,Boulevard Félix Faure / Rue Gabriel Péri,48.93853,2.35652,17:39:00,2024-06-05
202400005177,07:15,Plein jour,93,93064,2,1,1,1.0,Rue du 4e Zouave,48.872742,2.477397,07:15:00,2024-06-05
202400005178,13:15,Plein jour,54,54274,2,5,1,1.0,Rue Gabriel Fauré,48.67471,6.206,13:15:00,2024-10-20
202400005179,16:38,Plein jour,93,93053,2,1,8,1.0,Avenue de Rosny,48.89107,2.47104,16:38:00,2024-05-30
202400005180,11:28,Plein jour,92,92078,2,1,1,6.0,EDOUARD MANET (RUE),48.93353869,2.33115154,11:28:00,2024-06-04
202400005181,17:20,Plein jour,51,51454,2,1,1,3.0,DRUART (RUE EMILE),49.27365,4.00106,17:20:00,2024-10-20
202400005182,15:49,Plein jour,92,92046,2,1,1,6.0,Charles de gaulle,48.82112864,2.29699874,15:49:00,2024-06-05
202400005183,01:55,,51,51454,2,1,1,6.0,LANSON (RUE),49.24595,4.05978,01:55:00,2024-10-20
202400005184,07:30,Plein jour,92,92040,2,1,1,6.0,PIERRE BROSSOLETTE,48.81984886,2.26741827,07:30:00,2024-06-05
202400005185,15:12,Plein jour,50,50532,1,6,3,3.0,LANDE (ROUTE),48.80408,-1.54847,15:12:00,2024-10-21
202400005186,09:44,Plein jour,92,92036,2,1,1,3.0,LOUIS ROCHE (AVENUE) (46/148),48.9264,2.3155,09:44:00,2024-06-05
202400005187,12:18,Plein jour,92,92024,2,2,1,6.0,HENRI BARBUSSE (RUE) DE (73 A 139),48.90089315,2.30807626,12:18:00,2024-06-05
202400005188,19:30,,50,50129,2,6,8,5.0,ROND POINT DE CAPEL,49.65778,-1.667974,19:30:00,2024-10-19
202400005189,09:44,Plein jour,92,92012,2,9,1,1.0,PIERRE GRENIER (AVENUE),48.8330244,2.25369304,09:44:00,2024-06-05
202400005190,09:00,Plein jour,49,49246,2,1,8,3.0,HUGO VICTOR RUE,47.42959,-0.5279,09:00:00,2024-10-20
202400005191,09:25,Plein jour,92,92002,2,3,1,3.0,ARISTIDE BRIAND (AVENUE),48.7568056,2.30636314,09:25:00,2024-06-05
202400005192,07:30,Crépuscule,48,48095,2,1,5,1.0,RD 42,44.52891,3.47264,07:30:00,2024-10-20
202400005193,16:30,Plein jour,45,45232,2,3,1,1.0,108 Avenue du Loiret,47.871357,1.904108,16:30:00,2024-10-21
202400005194,06:30,Plein jour,974,97415,1,1,1,5.0,Route Nationale 1,-20.963243,55.303572,06:30:00,2024-06-02
202400005195,15:10,Plein jour,45,45075,2,1,1,3.0,10 Rue Montesquieu,47.892751,1.820497,15:10:00,2024-10-21
202400005196,16:20,Plein jour,62,62327,1,1,1,1.0,D94,50.51923364,2.29953135,16:20:00,2024-06-06
202400005197,12:45,Plein jour,37,37261,2,2,1,3.0,RENAULT (RUE DU GAL),47.37943,0.68158,12:45:00,2024-10-21
202400005198,18:15,Plein jour,43,43185,1,3,1,1.0,Route de Charbonnier Carrefour D14 et D76,45.416332,3.301166,18:15:00,2024-06-05
202400005199,07:45,Crépuscule,37,37214,2,1,1,6.0,HUGO (RUE VICTOR),47.41019,0.66812,07:45:00,2024-10-21
202400005200,16:23,Plein jour,76,76404,1,6,1,3.0,D925,49.578184,0.239886,16:23:00,2024-06-06
202400005201,20:40,,35,35238,2,3,8,6.0,SAINT-HELIER,48.10791,-1.67335,20:40:00,2024-10-21
202400005202,02:30,Nuit sans éclairage,971,97132,1,1,2,6.0,Axe RN1,15.998667,-61.639996,02:30:00,2024-06-05
202400005203,14:00,Plein jour,14,14061,1,1,1,6.0,Route de Caen,48.951789,-0.803638,14:00:00,2024-06-05
202400005204,10:45,Plein jour,35,35238,2,3,2,3.0,BREST (DE),48.11146,-1.6909,10:45:00,2024-10-21
202400005205,07:30,Plein jour,67,67472,1,1,1,1.0,D138,48.814533,7.958416,07:30:00,2024-06-06
202400005206,07:45,Crépuscule,35,35189,1,1,3,4.0,RD 137,48.15099,-1.70004,07:45:00,2024-10-21
202400005207,17:30,Plein jour,33,33522,2,3,1,3.0,Unknown,44.79403,-0.58985,17:30:00,2024-10-21
202400005208,16:50,Plein jour,34,34270,1,1,1,3.0,M132e2,43.588149,3.825249,16:50:00,2024-06-05
202400005209,10:35,Plein jour,33,33318,2,2,7,2.0,Unknown,44.79999,-0.67246,10:35:00,2024-10-21
202400005210,02:30,Nuit sans éclairage,33,33281,2,1,1,6.0,Unknown,44.838381,-0.617253,02:30:00,2024-10-21
202400005211,16:00,Plein jour,04,04033,1,1,1,1.0,d900,44.451601,6.371845,16:00:00,2024-06-05
202400005212,23:05,,31,31555,2,1,1,6.0,MINIMES (BD DES) DU 1AU 76,43.61553,1.44479,23:05:00,2024-10-21
202400005213,08:30,Plein jour,2B,2B319,2,9,1,3.0,Valle Longhe,42.420415,9.528633,08:30:00,2024-06-06
202400005214,14:00,Plein jour,65,65460,1,3,1,3.0,D935,43.401692,0.053392,14:00:00,2024-06-05
202400005215,13:50,Plein jour,31,31483,2,1,1,2.0,GAMBETTA (BOULEVARD),43.09725634,0.71131268,13:50:00,2024-10-21
202400005216,14:00,Plein jour,81,81201,1,1,1,2.0,Croix de Mille,44.078645,2.23516,14:00:00,2024-06-05
202400005217,17:35,Plein jour,89,89460,1,1,1,1.0,Route de Misy,48.353269,3.085688,17:35:00,2024-06-05
202400005218,20:10,Nuit sans éclairage,30,30243,2,1,1,4.0,MONTEE DES CYPRES,44.09612,4.07993,20:10:00,2024-10-21
202400005219,07:45,,17,17415,2,1,1,7.0,CHERMIGNAC RUE DE,45.7337,-0.64559,07:45:00,2024-10-21
202400005220,00:30,,13,13056,2,1,1,2.0,ZIEM (Avenue Félix),43.40198879,5.04732468,00:30:00,2024-10-22
202400005221,21:30,,13,13215,2,1,1,1.0,LYON (RUE DE),43.32726,5.36588,21:30:00,2024-10-21
202400005222,17:10,Plein jour,49,49002,1,2,1,3.0,Route de l'Automne,47.314301,0.002393,17:10:00,2024-06-05
202400005223,14:45,Plein jour,13,13211,2,3,1,3.0,RTE D' ALLAUCH,43.301,5.501,14:45:00,2024-10-21
202400005224,21:00,Plein jour,12,12257,1,4,1,3.0,loupiac,44.534084,2.023287,21:00:00,2024-06-05
202400005225,21:20,,13,13047,2,1,1,3.0,RADOLFZELL AVENUE DE,43.49872,4.9806,21:20:00,2024-10-21
202400005226,12:05,Plein jour,47,47208,1,1,1,2.0,D933,44.268486,0.05697,12:05:00,2024-06-04
202400005227,20:11,Plein jour,68,68267,1,1,1,7.0,D19,47.765147,7.232909,20:11:00,2024-06-05
202400005228,19:15,Crépuscule,10,10343,2,3,1,1.0,GARE (RUE DE LA),48.26816,4.09871,19:15:00,2024-10-20
202400005229,17:10,Plein jour,44,44163,2,1,1,1.0,11 Rue du Prieuré,47.40731,-1.097952,17:10:00,2024-06-05
202400005230,19:22,Crépuscule,05,05061,1,3,1,3.0,D994,44.55094,6.02928,19:22:00,2024-10-21
202400005231,11:00,Plein jour,29,29260,1,1,1,6.0,Rue de Pontavenec,48.42615026,-4.6042234,11:00:00,2024-05-10
202400005232,08:40,Plein jour,75,75117,2,3,1,3.0,RUE JACQUES IBERT,48.889293,2.291298,08:40:00,2024-10-21
202400005233,11:20,Plein jour,38,38224,2,1,1,1.0,50 Route du Lac,44.873883,5.723029,11:20:00,2024-06-04
202400005234,18:50,,75,75108,2,1,1,6.0,COURS ALBERT 1ER,48.864839,2.306724,18:50:00,2024-10-21
202400005235,09:35,Plein jour,02,02419,1,1,1,6.0,D774,49.973264,3.79635,09:35:00,2024-06-06
202400005236,12:18,Plein jour,75,75108,2,2,8,6.0,RUE DE PONTHIEU,48.869973,2.311816,12:18:00,2024-10-21
202400005237,17:00,Plein jour,02,02290,1,4,1,6.0,Unknown,49.008094,3.375174,17:00:00,2024-06-06
202400005238,07:50,Crépuscule,75,75107,2,4,1,3.0,QUAI D ORSAY,48.862565,2.319008,07:50:00,2024-10-21
202400005239,20:30,Plein jour,03,03062,1,1,1,7.0,3 Beaulieu,46.194923,3.176658,20:30:00,2024-06-05
202400005240,11:55,Plein jour,75,75101,2,2,1,7.0,BOULEVARD DE SEBASTOPOL,48.860089,2.349007,11:55:00,2024-10-21
202400005241,18:30,Crépuscule,15,15199,1,1,1,7.0,VC lieu dit la Branche,44.863808,3.057997,18:30:00,2024-06-05
202400005242,22:00,,94,94073,1,1,2,3.0,Rue des Alouettes,48.7532,2.37932,22:00:00,2024-10-21
202400005243,08:30,Plein jour,15,15019,1,4,1,7.0,RD 922,45.291901,2.391425,08:30:00,2024-06-06
202400005244,17:45,Plein jour,66,66004,1,1,1,6.0,départementale 32,42.58437,2.083883,17:45:00,2024-06-05
202400005245,18:00,Plein jour,94,94048,2,3,1,3.0,Rue des Orfevres,48.736007,2.550186,18:00:00,2024-10-21
202400005246,23:00,,06,06079,2,9,1,3.0,856 Avenue de Fréjus,43.533182,6.931225,23:00:00,2024-05-31
202400005247,16:05,Plein jour,93,93055,2,1,1,4.0,JEAN LOLIVE (AVENUE)(55/73.62/86),48.89118695,2.40215336,16:05:00,2024-10-21
202400005248,11:30,Plein jour,92,92078,2,2,1,6.0,GERARD PHILIPPE (SQUARE),48.93557826,2.32870817,11:30:00,2024-10-21
202400005249,10:25,Plein jour,14,14011,1,2,1,3.0,Route de Caen,49.13127,-0.723448,10:25:00,2024-06-04
202400005250,08:30,Plein jour,92,92062,2,9,1,3.0,GENERAL DE GAULLE (AV) DU 63 AU 107,48.88733417,2.2327289,08:30:00,2024-10-21
202400005251,18:10,Plein jour,14,14610,1,3,1,3.0,Rue de Caumont,49.177143,-0.512106,18:10:00,2024-06-05
202400005252,19:04,,92,92023,2,1,8,6.0,HENRI BARBUSSE (AVENUE),48.8164311,2.25336157,19:04:00,2024-10-21
202400005253,18:50,Plein jour,33,33243,2,1,1,6.0,Unknown,44.908808,-0.235217,18:50:00,2024-10-21
202400005254,08:50,Plein jour,47,47145,1,1,1,6.0,N21,44.140457,0.649416,08:50:00,2024-10-21
202400005255,13:25,Plein jour,60,60297,1,2,1,3.0,D151,49.64040188,2.002563,13:25:00,2024-06-05
202400005256,08:14,Plein jour,69,69273,2,1,2,2.0,1 Avenue du 24 Août 1944,45.685738,4.904886,08:14:00,2024-10-22
202400005257,14:35,Plein jour,16,16292,2,1,1,6.0,6 Boulevard des Grands Rocs,46.030928,0.203582,14:35:00,2024-06-05
202400005258,17:50,Plein jour,49,49343,1,2,8,3.0,D258,46.996946,-0.842541,17:50:00,2024-10-21
202400005259,15:18,Plein jour,16,16066,1,4,1,1.0,Unknown,45.329756,-0.071712,15:18:00,2024-06-05
202400005260,07:25,Crépuscule,10,10363,2,3,1,3.0,Route de Vaudes,48.186697,4.168984,07:25:00,2024-10-22
202400005261,11:05,Plein jour,07,07349,2,1,1,2.0,20 Avenue Léon Blum,44.807897,4.785219,11:05:00,2024-06-05
202400005262,21:00,Nuit sans éclairage,67,67445,1,1,1,7.0,D35,48.299383,7.422595,21:00:00,2024-10-21
202400005263,17:30,Plein jour,21,21345,1,1,1,1.0,D101k,47.56716,4.852827,17:30:00,2024-06-06
202400005264,17:05,Plein jour,24,24326,1,1,1,6.0,base de canoé,44.991186,1.066983,17:05:00,2024-06-06
202400005265,10:52,Nuit sans éclairage,42,42198,1,2,1,3.0,Route de la Gare,46.011911,3.950422,10:52:00,2024-10-20
202400005266,18:15,Plein jour,42,42157,2,1,1,3.0,Route de Roanne,46.130114,4.016289,18:15:00,2024-10-16
202400005267,09:15,Plein jour,85,85024,1,2,1,3.0,RD21A,46.946165,-1.896346,09:15:00,2024-06-06
202400005268,10:45,Plein jour,41,41252,1,1,1,6.0,A10 PK 137.900 vers Paris,47.695985,1.439633,10:45:00,2024-10-20
202400005269,09:15,Plein jour,85,85047,1,1,1,3.0,RD58,46.80887,-1.80533,09:15:00,2024-06-06
202400005270,17:30,Plein jour,85,85051,2,6,1,7.0,D949b,46.684975,-1.036829,17:30:00,2024-06-05
202400005271,21:15,,01,01033,2,1,1,1.0,Rue de l'Industrie,46.103036,5.817685,21:15:00,2024-10-21
202400005272,09:35,Plein jour,12,12270,1,1,1,2.0,Autoroute 75 - PK 199+040,44.261798,3.068147,09:35:00,2024-10-22
202400005273,18:00,Plein jour,28,28047,1,1,1,5.0,N 154,48.309916,1.684341,18:00:00,2024-06-04
202400005274,00:20,Nuit sans éclairage,28,28199,1,1,1,3.0,N254,48.207801,1.833558,00:20:00,2024-04-16
202400005275,11:30,Plein jour,30,30012,1,1,1,4.0,Départementale 2,43.913198,4.725537,11:30:00,2024-06-06
202400005276,09:40,Plein jour,80,80680,2,3,1,1.0,2 Rue d'Hangest Dolez,49.816991,2.707357,09:40:00,2024-10-22
202400005277,10:15,Plein jour,30,30266,2,1,1,3.0,route nationale,44.255113,4.291706,10:15:00,2024-06-06
202400005278,17:15,Plein jour,30,30173,1,1,1,7.0,Unknown,44.134569,4.171971,17:15:00,2024-06-05
202400005279,08:15,Plein jour,63,63040,1,6,1,7.0,D997,45.7334,3.344243,08:15:00,2024-10-22
202400005280,17:30,Plein jour,30,30284,1,1,1,1.0,Rocade Nord,44.146944,4.076212,17:30:00,2024-06-05
202400005281,10:45,Plein jour,61,61211,2,1,3,3.0,4 Rue des Rhodos,48.543528,-0.578214,10:45:00,2024-10-21
202400005282,12:20,Plein jour,68,68375,2,1,1,6.0,Rue des Pays-Bas,47.774803,7.228392,12:20:00,2024-06-05
202400005283,07:40,Crépuscule,49,49120,1,1,1,1.0,D751,47.372271,-0.617402,07:40:00,2024-10-22
202400005284,17:00,Crépuscule,41,41059,1,4,1,3.0,Rue des Carrières,47.41419,1.449704,17:00:00,2024-10-18
202400005285,17:10,Plein jour,38,38405,1,3,1,2.0,D520 intersection chemin des roux,45.371655,5.690199,17:10:00,2024-06-05
202400005286,12:15,Plein jour,44,44157,1,3,1,3.0,La Billonniere,46.923208,-1.709715,12:15:00,2024-10-21
202400005287,03:50,Nuit sans éclairage,67,67194,1,1,3,7.0,A35,48.723171,7.883211,03:50:00,2024-05-31
202400005288,07:00,Plein jour,976,97606,1,1,1,3.0,CCD5 - MALAMANI,-12.915979,45.159178,07:00:00,2024-06-04
202400005289,15:21,Plein jour,29,29105,2,6,1,2.0,Boulevard de la République,48.505122,-4.072199,15:21:00,2024-10-22
202400005290,16:15,Plein jour,987,98724,2,1,1,3.0,District de Fare,-16.710192,-151.035308,16:15:00,2024-06-05
202400005291,12:30,Plein jour,02,02589,1,2,1,3.0,D15,49.450545,3.539819,12:30:00,2024-10-22
202400005292,10:44,Plein jour,03,03208,1,1,1,6.0,Route du Donjon,46.422309,3.906541,10:44:00,2024-10-22
202400005293,07:51,Plein jour,973,97306,1,1,1,2.0,Avenue Eugene Lesperant CD9 PK31,5.598424,-53.70631,07:51:00,2024-06-06
202400005294,15:50,Plein jour,15,15204,1,2,1,5.0,RD 120,44.935177,2.330577,15:50:00,2024-10-21
202400005295,19:50,Nuit sans éclairage,971,97129,1,1,1,1.0,Route Nationale 2,16.287867,-61.670873,19:50:00,2024-06-05
202400005296,15:40,Plein jour,01,01338,1,1,1,6.0,D19,45.708903,5.561517,15:40:00,2024-10-19
202400005297,11:40,Plein jour,13,13025,2,1,1,1.0,D7n,43.490884,5.534534,11:40:00,2024-06-06
202400005298,17:25,Plein jour,70,70245,1,9,1,6.0,rn57,47.860426,6.381608,17:25:00,2024-10-21
202400005299,20:15,,06,06079,2,1,1,6.0,605 Avenue du Général De Gaulle,43.529983,6.947326,20:15:00,2024-10-21
202400005300,21:40,Crépuscule,91,91587,2,1,1,4.0,N20,48.691854,2.285941,21:40:00,2024-06-05
202400005301,10:30,Plein jour,05,05036,1,1,1,1.0,RN94,44.632452,6.561831,10:30:00,2024-10-22
202400005302,18:40,Plein jour,66,66129,1,1,1,3.0,D8,42.582079,2.915969,18:40:00,2024-06-06
202400005303,20:00,Plein jour,13,13062,2,1,1,1.0,Chemin des Vignes Basses,43.425066,5.498976,20:00:00,2024-06-05