Num_Acc,hrmn,lum,dep,com,agg,int,atm,col,adr,lat,long,heure,date
202400005304,23:25,Nuit sans éclairage,68,68204,1,1,1,6.0,lieu dit steinabruck,48.010249,7.0537,23:25:00,2024-06-05
202400005305,18:00,Plein jour,45,45146,1,1,1,3.0,D2020 PR 53 + 240,47.693097,1.954622,18:00:00,2024-10-20
202400005306,13:20,Plein jour,36,36014,1,1,1,7.0,Route de Buret,46.504965,1.541755,13:20:00,2024-10-22
202400005307,14:35,Plein jour,03,03190,2,1,1,5.0,118 Rue de Paris,46.577127,3.324314,14:35:00,2024-06-05
202400005308,18:30,Plein jour,44,44209,1,1,1,7.0,137 Rue de Nantes,47.296804,-1.611922,18:30:00,2024-06-05
202400005309,15:40,Plein jour,07,07255,1,3,1,1.0,d104,44.757819,4.710485,15:40:00,2024-10-19
202400005310,17:15,Plein jour,40,40211,1,1,1,6.0,D17,43.625724,-1.185333,17:15:00,2024-10-21
202400005311,19:00,Crépuscule,69,69140,1,2,7,3.0,Chemin du Chevronnet,45.902202,4.676507,19:00:00,2024-06-05
202400005312,18:30,Plein jour,85,85146,1,1,1,6.0,la gouraudière,46.974092,-1.287793,18:30:00,2024-10-22
202400005313,06:00,Crépuscule,973,97309,1,1,1,2.0,N 3 (rn3),4.89843,-52.294536,06:00:00,2024-10-22
202400005314,16:40,Plein jour,33,33357,1,1,1,4.0,Unknown,44.49072,-0.293224,16:40:00,2024-06-05
202400005315,19:20,Nuit sans éclairage,68,68253,1,1,8,3.0,A 36 PK 114.000,47.78434574,7.47661652,19:20:00,2024-10-22
202400005316,18:40,Plein jour,33,33330,2,1,1,1.0,Unknown,44.850005,-0.440032,18:40:00,2024-05-30
202400005317,16:00,Plein jour,36,36127,1,2,3,3.0,les sablons,46.59130064,2.00494051,16:00:00,2024-10-17
202400005318,16:55,Plein jour,34,34157,1,1,1,6.0,PK136.000,43.421632,3.537941,16:55:00,2024-10-21
202400005319,14:50,Plein jour,50,50041,1,2,1,3.0,D37,49.626204,-1.798689,14:50:00,2024-06-05
202400005320,08:10,Plein jour,14,14733,1,6,7,3.0,Rue de Vieux Pont,49.24848753,-0.62255949,08:10:00,2024-06-06
202400005321,07:40,Nuit sans éclairage,29,29234,1,2,3,3.0,la Croix Neuve,47.85200303,-3.51018454,07:40:00,2024-10-21
202400005322,18:45,Plein jour,22,22050,2,1,1,6.0,Rue General de Gaulle,48.450979,-2.041028,18:45:00,2024-06-05
202400005323,11:20,Plein jour,28,28007,2,1,1,6.0,2 Boulevard Ferdinand Moreau,48.857525,1.435798,11:20:00,2024-10-22
202400005324,07:20,Nuit sans éclairage,77,77352,1,1,1,6.0,Rue de Guignes,48.650618,2.771387,07:20:00,2024-10-22
202400005325,13:17,Plein jour,91,91129,2,1,1,6.0,Avenue Carnot,48.479939,2.320977,13:17:00,2024-10-21
202400005326,12:35,Plein jour,22,22176,1,3,1,3.0,Rue de la Rochette,48.449938,-2.706848,12:35:00,2024-05-29
202400005327,14:00,Plein jour,30,30130,1,1,1,7.0,belvedère des bouzèdes,44.359011,3.918288,14:00:00,2024-10-22
202400005328,18:18,Nuit sans éclairage,83,83107,2,1,1,6.0,Chemin des Hauts Petignons,43.441013,6.59489,18:18:00,2024-10-22
202400005329,21:00,Crépuscule,60,60010,1,1,1,3.0,D121,49.22378147,2.10478091,21:00:00,2024-06-05
202400005330,15:30,Plein jour,73,73307,1,1,1,6.0,D215A,45.17733218,6.49123078,15:30:00,2024-10-22
202400005331,07:15,Plein jour,80,80338,2,3,7,6.0,D523,49.896742,2.503123,07:15:00,2024-06-06
202400005332,07:40,Crépuscule,69,69176,1,1,2,1.0,Route de Brignais,45.67789683,4.70573859,07:40:00,2024-10-22
202400005333,15:50,Plein jour,62,62604,2,2,1,3.0,D119,50.615274,1.631212,15:50:00,2024-06-06
202400005334,19:52,Nuit sans éclairage,09,09099,1,1,1,1.0,RD117,42.985594,1.562719,19:52:00,2024-10-21
202400005335,16:50,Plein jour,59,59411,1,2,1,1.0,Pavé du Moulin,50.478507,3.124838,16:50:00,2024-06-06
202400005336,19:35,Plein jour,33,33122,1,1,1,3.0,Unknown,44.726442,-0.731102,19:35:00,2024-06-04
202400005337,15:40,Plein jour,33,33233,1,1,1,4.0,Unknown,45.159611,-0.348436,15:40:00,2024-09-24
202400005338,08:50,Plein jour,59,59343,1,1,2,6.0,AUTOROUTE A27,50.59944,3.13758,08:50:00,2024-06-01
202400005339,10:20,Plein jour,94,94021,1,1,1,3.0,A6A,48.76191441,2.34024905,10:20:00,2024-06-05
202400005340,07:00,,33,33449,2,2,1,5.0,Unknown,44.892506,-0.710187,07:00:00,2024-10-22
202400005341,17:30,Plein jour,78,78423,1,1,1,3.0,RN12,48.796786,2.025593,17:30:00,2024-06-05
202400005342,08:50,Crépuscule,85,85302,1,1,1,1.0,RD6,46.948918,-0.991779,08:50:00,2024-10-21
202400005343,07:40,Plein jour,92,92025,1,1,1,3.0,A86,48.92755851,2.23725934,07:40:00,2024-06-04
202400005344,18:00,Plein jour,94,94073,1,1,1,2.0,A86,48.7542676,2.38140831,18:00:00,2024-06-05
202400005345,13:00,Plein jour,13,13211,1,1,1,2.0,A50-Sens Marseille vers Aubagne,43.28631198,5.43087085,13:00:00,2024-10-21
202400005346,17:00,Plein jour,94,94028,1,1,1,2.0,A86,48.78988004,2.44029159,17:00:00,2024-06-05
202400005347,12:26,Plein jour,59,59090,1,1,2,5.0,AUTOROUTE A22,50.71472,3.12348,12:26:00,2024-10-18
202400005348,15:00,Plein jour,976,97611,1,1,1,6.0,kaweni-Pendu (Place),45.23097,12.75862,15:00:00,2024-06-03
202400005349,19:30,Nuit sans éclairage,91,91689,1,1,1,3.0,AUTOROUTE A6,48.72355,2.31218,19:30:00,2024-10-21
202400005350,00:01,,974,97411,1,1,2,6.0,KARTING (DU),-20.8952,55.5012,00:01:00,2024-06-05
202400005351,15:50,Plein jour,974,97411,1,1,1,2.0,LITTORAL (ROUTE 1 DU),-20.87469,55.43266,15:50:00,2024-06-04
202400005352,14:30,Plein jour,91,91340,1,1,1,5.0,AUTOROUTE A6,48.59932,2.44014,14:30:00,2024-10-21
202400005353,08:40,Plein jour,974,97411,2,1,1,3.0,GUADELOUPE (DE LA),-20.90171,55.49672,08:40:00,2024-06-04
202400005354,06:32,Nuit sans éclairage,92,92036,1,1,1,6.0,A86,48.93353738,2.2742432,06:32:00,2024-10-20
202400005355,09:45,Plein jour,974,97407,2,1,1,6.0,MONPELLIER (RUE),-20.93793,55.29574,09:45:00,2024-06-04
202400005356,06:15,Crépuscule,974,97407,2,6,1,3.0,ROND POINT ROSE DES VENTS,-20.94054,55.30808,06:15:00,2024-06-04
202400005357,09:45,Plein jour,93,93064,1,1,1,2.0,AUTOROUTE A103,48.88638237,2.48441756,09:45:00,2024-10-21
202400005358,20:35,Plein jour,69,69149,2,1,1,6.0,48 Boulevard de l'Europe ,45.7101,4.80662,20:35:00,2024-06-04
202400005359,19:20,Nuit sans éclairage,94,94069,1,1,1,2.0,A4,48.81661087,2.44867515,19:20:00,2024-10-21
202400005360,19:30,,69,69384,2,1,1,6.0,Tunnel de la Croix-Rousse,45.77443,4.81528,19:30:00,2024-06-04
202400005361,13:10,Plein jour,62,62108,2,3,1,3.0,Rue de l’Impératrice,50.40593,1.57262,13:10:00,2024-07-16
202400005362,13:50,Plein jour,69,69389,2,9,1,3.0,Avenue Ben Gourion,45.78681,4.78672,13:50:00,2024-06-04
202400005363,17:03,Crépuscule,44,44109,2,2,1,3.0,7 Rue du Général de Bollardière,47.20968802,-1.52945564,17:03:00,2024-10-07
202400005364,07:54,Plein jour,2B,2B033,2,1,1,4.0,SAMPIERO CORSO - AV,42.6285,9.44431,07:54:00,2024-06-04
202400005365,16:05,Plein jour,47,47001,2,1,1,3.0,BARBUSSE (AV. HENRI),44.20548,0.62836,16:05:00,2024-10-20
202400005366,16:20,Plein jour,971,97101,1,1,1,3.0,BESSON,16.2404,-61.51132,16:20:00,2024-06-04
202400005367,06:25,Plein jour,987,98736,1,6,1,3.0,CHARLES DE GAULLE (AV),-17.52819,-149.54866,06:25:00,2024-10-20
202400005368,18:05,Crépuscule,987,98736,2,1,1,1.0,PATER (RUE),-17.54138,-149.55227,18:05:00,2024-10-19
202400005369,18:05,Crépuscule,972,97209,2,1,2,3.0,RD 41 (ROCADE),14.61203,-61.07018,18:05:00,2024-10-19
202400005370,18:10,Crépuscule,95,95277,2,1,2,1.0,GONESSE A VILLEPINTE (CHEMIN DE),48.9810291,2.48035848,18:10:00,2024-10-19
202400005371,20:10,Nuit avec éclairage,95,95219,2,9,1,3.0,D502,48.99806727,2.25360571,20:10:00,2024-10-20
202400005372,18:20,Plein jour,91,91521,2,1,2,1.0,LIBERATION (AVENUE DE LA) N°28 A 84,48.65182,2.41387,18:20:00,2024-10-19
202400005373,18:05,Plein jour,86,86194,2,3,1,6.0,Avenue du 11 Novembre,46.569134,0.369485,18:05:00,2024-10-20
202400005374,18:13,Plein jour,84,84031,2,1,1,2.0,MISTRAL AVENUE FREDERIC,44.05077,5.04154,18:13:00,2024-10-19
202400005375,17:55,Plein jour,84,84031,2,1,1,3.0,FABRE AVENUE JEAN HENRI,44.05054,5.03534,17:55:00,2024-10-18
202400005376,07:15,,82,82121,2,1,1,3.0,avenue jean moulin,44.02802,1.36866,07:15:00,2024-10-20
202400005377,20:45,,82,82033,2,9,1,7.0,Chemin de l’Artel,44.06536864,1.09716314,20:45:00,2024-10-20
202400005378,17:50,Plein jour,77,77284,2,4,1,3.0,D603,48.95919,2.8727,17:50:00,2024-10-20
202400005379,09:25,Plein jour,76,76231,1,1,1,6.0,Rue Bourgtheroulde,49.28695808,0.98600367,09:25:00,2024-10-20
202400005380,06:00,Nuit sans éclairage,69,69013,2,1,1,6.0,Route Nationale 6,46.01866,4.72091,06:00:00,2024-10-20
202400005381,18:35,,67,67180,1,1,1,3.0,RHIN (ROUTE DU),48.7993,7.83681,18:35:00,2024-10-20
202400005382,20:00,Nuit sans éclairage,66,66136,1,1,1,1.0,AERODROME AVENUE DE L'(CD117),42.72729364,2.86004484,20:00:00,2024-10-20
202400005383,18:20,Plein jour,66,66136,2,1,1,4.0,ALDUY (Paul),42.67852,2.90488,18:20:00,2024-10-19
202400005384,17:02,Plein jour,63,63300,2,3,1,3.0,STADE (AVENUE DU) / rue du Torpilleur Sirocco,45.884,3.1237,17:02:00,2024-10-19
202400005385,19:07,Crépuscule,63,63019,1,1,1,6.0,HENRI POURRAT (AV),45.7982,3.1615,19:07:00,2024-10-20
202400005386,06:36,,63,63113,2,2,1,3.0,M771 Pochet Lagaye /  Bd Lafayette,45.76674,3.10726,06:36:00,2024-10-19
202400005387,02:00,,62,62563,2,1,2,6.0,D166,50.47033381,2.71699644,02:00:00,2024-10-20
202400005388,01:00,Nuit sans éclairage,60,60175,2,1,2,6.0,Rue de Gournay,49.25942012,2.46126473,01:00:00,2024-10-19
202400005389,16:20,Plein jour,59,59426,1,1,1,2.0,SCHUMAN (RUE ROBERT),50.7433,3.1509,16:20:00,2024-10-20
202400005390,22:05,,59,59650,2,9,2,3.0,CASTERMANT (RUE CHARLES),50.70323,3.19561,22:05:00,2024-10-20
202400005391,12:05,Plein jour,59,59041,2,6,1,7.0,Rue de Maubeuge,50.205849,3.851867,12:05:00,2024-10-19
202400005392,15:00,Plein jour,56,56260,2,1,8,2.0,Rue Jean Gougaud,47.6581,-2.76511,15:00:00,2024-10-20
202400005393,11:47,Plein jour,45,45004,1,1,1,6.0,D163 PR 5 + 910,47.98522,2.81831,11:47:00,2024-10-20
202400005394,02:50,,37,37233,2,1,5,1.0,JAURES (RUE JEAN),47.39122644,0.72555891,02:50:00,2024-10-20
202400005395,15:20,Plein jour,37,37208,2,5,2,3.0,LAC (AVENUE DU),47.36572,0.71535,15:20:00,2024-10-19
202400005396,04:50,,36,36044,2,1,1,6.0,Rue Porte Neuve,46.81094762,1.68825611,04:50:00,2024-10-19
202400005397,02:10,Nuit sans éclairage,35,35238,2,1,2,6.0,HOUX (DU),48.13259,-1.66739,02:10:00,2024-10-21
202400005398,18:20,Plein jour,35,35238,2,2,2,3.0,PATTON (AVENUE DU GENERAL SIR GEORGES),48.12836,-1.66411,18:20:00,2024-10-20
202400005399,11:15,Plein jour,33,33063,2,1,1,3.0,Unknown,44.858516,-0.624723,11:15:00,2024-10-20
202400005400,04:25,Nuit sans éclairage,33,33119,2,1,1,6.0,Unknown,44.85335,-0.50585,04:25:00,2024-10-20
202400005401,19:00,Crépuscule,31,31555,2,1,1,6.0,RUE MARIA MONBIOLA,43.57812,1.43946,19:00:00,2024-10-20
202400005402,00:01,,31,31557,2,1,1,2.0,TARBES (ROUTE DE),43.577524,1.3268021,00:01:00,2024-10-20
202400005403,09:00,Plein jour,31,31555,2,1,1,6.0,RUE LOUIS PLANA,43.613647,1.476349,09:00:00,2024-10-20
202400005404,09:24,Plein jour,31,31557,2,1,1,6.0,AURIOL (BD VINCENT),43.58796,1.35293,09:24:00,2024-10-20
202400005405,16:20,Plein jour,30,30007,2,6,1,1.0,BELGIQUE (PLACE DE),44.12863,4.07628,16:20:00,2024-10-19
202400005406,15:40,Plein jour,27,27701,2,9,1,5.0,RD6015,49.2474,1.18576,15:40:00,2024-10-20
202400005407,15:51,Plein jour,27,27229,2,1,1,7.0,FOCH (AVENUE DU MARECHAL),49.02389,1.12884,15:51:00,2024-10-20
202400005408,05:50,,26,26362,2,1,1,6.0,Avenue de Marseille,44.89870728,4.8817277,05:50:00,2024-10-20
202400005409,22:32,Nuit sans éclairage,22,22215,1,1,2,3.0,PONT NOIR (RUE DU),48.48657,-2.83375,22:32:00,2024-10-20
202400005410,09:53,Plein jour,19,19031,2,6,1,3.0,CHAUMEIL (RUE PIERRE),45.1565,1.50427,09:53:00,2024-10-20
202400005411,19:11,Plein jour,13,13071,1,1,1,3.0,PLAN DE CAMPAGNE (AVE. DE ),43.41396128,5.34479106,19:11:00,2024-10-20
202400005412,05:05,,13,13103,2,1,1,6.0,AVENUE DE LATTRE DE TASSIGNY-RD 17-,43.65634,5.08543,05:05:00,2024-10-20
202400005413,21:47,,13,13204,2,1,1,2.0,CHARTREUX (AVENUE DES),43.30971,5.40067,21:47:00,2024-10-20
202400005414,19:05,Crépuscule,13,13208,2,1,1,3.0,RABATAU (BOULEVARD),43.27342,5.39267,19:05:00,2024-10-20
202400005415,14:30,Plein jour,13,13206,2,8,1,3.0,ROME (RUE DE),43.29212,5.38003,14:30:00,2024-10-20
202400005416,20:00,,13,13212,2,1,1,6.0,SAINT JULIEN (AVENUE DE ),43.30582,5.4185,20:00:00,2024-10-19
202400005417,15:55,Plein jour,13,13209,2,1,1,3.0,Boulevard trollat,43.2731871,5.41427228,15:55:00,2024-10-19
202400005418,19:20,,13,13001,2,2,1,3.0,GALICE (RTE DE),43.529,5.436,19:20:00,2024-10-20
202400005419,15:45,Plein jour,07,07281,1,1,1,7.0,C.D.533,44.93488194,4.81564917,15:45:00,2024-10-20
202400005420,14:50,Plein jour,05,05061,1,6,1,2.0,EYSSAGNIERES ( ROUTE DES ),44.55734653,6.05499566,14:50:00,2024-10-04
202400005421,08:55,Plein jour,05,05061,2,6,8,3.0,Avenue de Veynes,44.55787,6.06875,08:55:00,2024-10-09
202400005422,19:20,Crépuscule,02,02408,2,2,1,6.0,31 Rue Eugène Leduc,49.56881,3.63195,19:20:00,2024-10-19
202400005423,17:30,Plein jour,75,75112,2,4,2,4.0,BD PERIPHERIQUE INTERIEUR,48.83584454,2.41193354,17:30:00,2024-10-20
202400005424,21:20,,75,75118,2,4,1,2.0,BD PERIPHERIQUE EXTERIEUR,48.900819,2.333069,21:20:00,2024-10-19
202400005425,16:30,Plein jour,75,75112,2,1,1,2.0,BD PERIPHERIQUE INTERIEUR,48.840464,2.413466,16:30:00,2024-10-19
202400005426,00:05,,75,75120,2,2,2,7.0,COURS DE VINCENNES,48.847178,2.411278,00:05:00,2024-10-20
202400005427,17:55,Plein jour,75,75119,2,3,8,6.0,AVENUE JEAN JAURES,48.885153,2.379431,17:55:00,2024-10-19
202400005428,17:30,Plein jour,75,75116,2,2,1,3.0,ALLEE DE LONGCHAMP,48.874942,2.271105,17:30:00,2024-10-20
202400005429,15:40,Plein jour,75,75115,2,1,1,3.0,BOULEVARD PASTEUR,48.844923,2.311768,15:40:00,2024-10-20
202400005430,02:45,,75,75115,2,4,1,3.0,BOULEVARD DU MONTPARNASSE,48.845012,2.319967,02:45:00,2024-10-20
202400005431,00:55,,75,75113,2,4,7,6.0,RUE DE TOLBIAC,48.82732973,2.36905852,00:55:00,2024-10-20
202400005432,00:42,,75,75110,2,3,1,6.0,RUE DU FAUBOURG POISSONNIERE,48.872445,2.34797,00:42:00,2024-10-20
202400005433,19:05,Crépuscule,47,47060,1,1,1,6.0,2386 Route de Saint Sixte,44.123091,0.763854,19:05:00,2024-03-19
202400005434,20:50,Nuit sans éclairage,08,08115,1,1,1,6.0,D977,49.62444308,4.85854101,20:50:00,2024-03-21
202400005435,08:30,Plein jour,73,73269,1,2,1,3.0,D921C / D41,45.680535,5.790278,08:30:00,2024-03-22
202400005436,14:30,Plein jour,43,43033,1,1,1,5.0,D20,45.314597,3.209848,14:30:00,2024-03-20
202400005437,21:12,,45,45247,2,3,1,3.0,D94 PR 3 + 999,48.010439,2.693158,21:12:00,2024-03-20
202400005438,11:15,Plein jour,18,18272,1,1,1,1.0,Unknown,47.273646,2.740048,11:15:00,2024-03-22
202400005439,14:00,Plein jour,84,84116,2,1,1,2.0,Route de Nyons,44.258343,5.097319,14:00:00,2024-03-22
202400005440,15:30,Plein jour,81,81238,2,3,1,2.0,89 Avenue de la Méditerranée,43.478471,2.486435,15:30:00,2024-03-22
202400005441,16:45,Plein jour,11,11203,2,1,1,3.0,Avenue Marechal Joffre,43.19883,2.758293,16:45:00,2024-03-18
202400005442,15:40,Plein jour,86,86198,1,1,1,7.0,Route de Chauvigny,46.542561,0.589593,15:40:00,2024-03-21
202400005443,01:40,Nuit sans éclairage,35,35063,1,1,5,2.0,A84 PK125.000,48.31780661,-1.33057533,01:40:00,2024-03-22
202400005444,09:37,Plein jour,06,06064,1,1,1,1.0,Route de la Manda,43.769048,7.180188,09:37:00,2024-03-21
202400005445,15:30,Plein jour,83,83116,1,3,1,1.0,Dn7,43.458659,5.835607,15:30:00,2024-03-21
202400005446,06:33,Crépuscule,95,95660,1,1,1,3.0,D909,49.07489794,2.3469528,06:33:00,2024-03-22
202400005447,09:15,Plein jour,51,51247,1,2,1,1.0,D343,48.868625,3.848546,09:15:00,2024-03-21
202400005448,08:00,Plein jour,51,51149,1,1,1,4.0,RN 44,48.9016,4.447703,08:00:00,2024-03-21
202400005449,16:30,Plein jour,76,76689,1,6,1,4.0,Route Departementale 926,49.70380204,0.50578013,16:30:00,2024-03-21
202400005450,18:00,Plein jour,80,80500,1,2,1,1.0,D48,50.016281,1.576163,18:00:00,2024-03-21
202400005451,01:30,Nuit sans éclairage,80,80622,1,1,1,7.0,D121,49.925274,2.142602,01:30:00,2024-03-22
202400005452,11:48,Plein jour,11,11094,1,1,1,6.0,Unknown,43.035207,2.415147,11:48:00,2024-03-21
202400005453,16:30,Plein jour,89,89418,1,1,1,6.0,Les Terres de Soulangy,47.850636,4.038935,16:30:00,2024-03-21
202400005454,07:00,Plein jour,63,63453,2,6,1,3.0,RD2089 Jacques Duclos/RDZAC du Gros chêne,45.786275,3.280626,07:00:00,2024-03-21
202400005455,09:35,Plein jour,61,61332,1,3,5,4.0,D924,48.703579,-0.346627,09:35:00,2024-03-21
202400005456,05:35,Nuit sans éclairage,61,61508,1,1,5,6.0,D16 PR55+940,48.935567,0.208375,05:35:00,2024-03-22
202400005457,15:25,Plein jour,46,46293,1,1,1,6.0,Chemin des Granges,44.883949,1.565241,15:25:00,2024-03-19
202400005458,07:30,Plein jour,25,25527,2,2,1,3.0,Rue du Creux du Loup,47.183595,5.812181,07:30:00,2024-03-22
202400005459,14:00,Plein jour,25,25612,1,1,1,6.0,RD 14,47.340335,6.081104,14:00:00,2024-03-21
202400005460,18:25,Crépuscule,31,31311,1,1,1,1.0,Route des Vins,43.81675787,1.52794257,18:25:00,2024-03-18
202400005461,18:00,Plein jour,84,84050,1,1,1,1.0,1729 D207,43.883078,5.189012,18:00:00,2024-03-21
202400005462,17:00,Plein jour,03,03304,2,3,1,1.0,RD 27 intersection rue de CHAMPOUX,46.166989,3.336244,17:00:00,2024-03-20
202400005463,15:50,Plein jour,15,15265,1,2,1,1.0,RD 922,45.330497,2.428008,15:50:00,2024-03-22
202400005464,13:00,Plein jour,58,58229,1,1,1,7.0,D20,47.422135,3.883356,13:00:00,2024-03-21
202400005465,05:20,Nuit sans éclairage,14,14161,1,1,1,1.0,426 Route de Dives,49.223259,0.11909,05:20:00,2024-03-22
202400005466,08:15,Crépuscule,14,14716,1,1,5,1.0,Route des Vallées,49.180311,-0.716273,08:15:00,2024-03-21
202400005467,12:30,Plein jour,43,43137,2,9,1,3.0,45 Avenue de la Libération,45.289813,4.170114,12:30:00,2024-03-20
202400005468,14:21,Plein jour,10,10323,2,1,1,3.0,Rue du Maréchal Lyautey,48.504258,3.735157,14:21:00,2024-03-22
202400005469,19:50,Nuit sans éclairage,36,36226,1,1,1,6.0,Les Loges des Bois,46.60362834,1.8650213,19:50:00,2024-03-22
202400005470,23:00,Nuit sans éclairage,07,07337,1,1,1,6.0,route de talentieux,45.233902,4.721079,23:00:00,2024-03-21
202400005471,13:16,Plein jour,04,04209,2,6,1,3.0,Avenue du Jabron,44.186201,5.939701,13:16:00,2024-03-01
202400005472,16:00,Plein jour,04,04022,1,1,1,6.0,RN85,43.9604642,6.34397569,16:00:00,2024-03-21
202400005473,16:28,Plein jour,27,27463,1,1,1,1.0,D438,49.126719,0.636263,16:28:00,2024-03-22
202400005474,17:15,Plein jour,87,87187,1,1,1,1.0,Route du Pont des Farges,45.559865,1.190547,17:15:00,2024-03-22
202400005475,10:15,Plein jour,08,08251,1,1,1,1.0,Unknown,49.748762,4.452027,10:15:00,2024-03-22
202400005476,17:15,Plein jour,35,35206,1,1,1,5.0,la Boisardière,48.04104664,-1.62531611,17:15:00,2024-03-21
202400005477,20:10,Nuit avec éclairage,69,69244,2,2,1,6.0,101 Avenue Charles de Gaulle,45.763062,4.780431,20:10:00,2024-03-21
202400005478,22:03,Nuit sans éclairage,01,01089,1,1,1,2.0,A42 PK 041+000 sens LYON/GENÈVE,45.967185,5.307679,22:03:00,2024-03-20
202400005479,08:00,Plein jour,42,42255,1,1,1,6.0,Route de Planchetorse,45.891726,3.863293,08:00:00,2024-03-21
202400005480,09:30,Plein jour,69,69097,1,1,1,1.0,Route départementale 28E2,45.50788916,4.72241892,09:30:00,2024-02-08
202400005481,06:30,Crépuscule,971,97115,1,1,1,1.0,Bréfort,16.264159,-61.644539,06:30:00,2024-03-17
202400005482,16:10,Plein jour,33,33085,1,1,1,1.0,Unknown,44.774834,-0.492454,16:10:00,2024-03-22
202400005483,17:35,Plein jour,77,77329,2,3,7,3.0,Rue des Arches,48.259209,2.81139,17:35:00,2024-03-21
202400005484,18:10,Plein jour,13,13027,1,6,1,3.0,rond point route d'avignon D34,43.894313,4.822494,18:10:00,2024-03-21
202400005485,15:20,Plein jour,42,42165,1,1,1,1.0,Route de Feurs,45.779919,4.324391,15:20:00,2024-03-22
202400005486,17:45,Crépuscule,42,42107,1,1,7,1.0,Route des Limites,45.543047,3.947219,17:45:00,2024-03-22
202400005487,17:00,Plein jour,38,38449,2,1,1,6.0,Boulevard de Tharabie,45.649801,5.100199,17:00:00,2024-03-21
202400005488,08:00,Plein jour,01,01027,1,3,1,3.0,D84c,45.834694,5.083569,08:00:00,2024-03-20
202400005489,14:45,Plein jour,64,64230,1,1,1,7.0,D24,43.227858,-0.434593,14:45:00,2024-03-21
202400005490,20:15,Nuit sans éclairage,33,33517,1,1,1,6.0,Unknown,45.056023,-0.707771,20:15:00,2024-03-22
202400005491,15:15,Plein jour,33,33256,2,1,1,7.0,Unknown,44.977292,-0.605149,15:15:00,2024-03-22
202400005492,13:15,Plein jour,22,22277,1,2,1,3.0,Les Bruyères,48.405681,-2.872689,13:15:00,2024-03-22
202400005493,01:35,Nuit sans éclairage,60,60134,1,1,1,7.0,Rue du Bout du Monde,49.311841,2.424127,01:35:00,2024-03-22
202400005494,12:00,Plein jour,59,59036,2,1,1,2.0,Rue de France,50.121257,3.933401,12:00:00,2024-03-22
202400005495,18:00,Plein jour,13,13028,1,1,1,3.0,A50,43.2078059,5.6161685,18:00:00,2024-03-21
202400005496,09:00,Plein jour,67,67124,1,1,1,3.0,M35,48.52181,7.63491,09:00:00,2024-03-20
202400005497,16:05,Plein jour,33,33090,1,1,1,3.0,Unknown,44.7707,-0.6609,16:05:00,2024-03-21
202400005498,06:50,Crépuscule,33,33162,1,1,1,6.0,Unknown,44.85906,-0.66149,06:50:00,2024-03-21
202400005499,10:30,Plein jour,59,59179,1,1,1,6.0,AUTOROUTE A2,50.29766095,3.36698567,10:30:00,2024-03-18
202400005500,17:30,Plein jour,91,91617,1,1,1,2.0,RN 104,48.631759,2.520932,17:30:00,2024-03-21
202400005501,17:00,Plein jour,92,92060,1,1,1,4.0,RN 385 Extèrieure,48.77324523,2.24198907,17:00:00,2024-03-21
202400005502,12:40,Plein jour,91,91228,1,1,1,2.0,RN 104,48.624808,2.417792,12:40:00,2024-03-21
202400005503,06:10,Crépuscule,91,91521,1,1,1,7.0,RN 104,48.62633,2.39777,06:10:00,2024-03-21
202400005504,16:45,Plein jour,92,92036,1,1,7,5.0,A86,48.935952,2.28705609,16:45:00,2024-03-21
202400005505,20:05,Nuit sans éclairage,95,95500,1,1,1,2.0,A15,49.03816574,2.08861975,20:05:00,2024-03-21
202400005506,08:15,Plein jour,95,95018,1,1,1,2.0,A15,48.959158,2.27298835,08:15:00,2024-03-21
202400005507,02:50,Nuit avec éclairage,93,93027,1,1,1,6.0,A16,48.92610771,2.40185402,02:50:00,2024-03-21
202400005508,08:00,Plein jour,93,93053,1,1,1,6.0,A3,48.89292727,2.47244859,08:00:00,2024-03-20
202400005509,09:00,Plein jour,93,93066,1,1,1,5.0,A1,48.92985457,2.36307976,09:00:00,2024-03-20
202400005510,18:30,Nuit sans éclairage,94,94004,1,1,1,6.0,34 Avenue du Général Leclerc,48.749097,2.508562,18:30:00,2024-03-21
202400005511,19:25,Crépuscule,94,94022,1,1,1,5.0,A86,48.77637562,2.42140187,19:25:00,2024-03-21
202400005512,09:30,Plein jour,94,94065,1,1,1,2.0,A86,48.75377346,2.36791259,09:30:00,2024-03-21
202400005513,14:00,Plein jour,75,75112,1,1,1,2.0,A4,48.825091,2.463879,14:00:00,2024-03-20
202400005514,08:00,Plein jour,77,77373,1,1,1,2.0,RN104,48.79060444,2.61841859,08:00:00,2024-03-20
202400005515,06:30,Crépuscule,94,94028,1,1,1,5.0,A86,48.77622723,2.42988971,06:30:00,2024-03-20
202400005516,13:20,Plein jour,44,44190,2,1,8,2.0,72 Route de Clisson,47.19097565,-1.52260338,13:20:00,2024-03-07
202400005517,00:20,,44,44109,2,3,8,2.0,Quai de la Fosse,47.20889932,-1.56721683,00:20:00,2024-03-06
202400005518,09:50,Plein jour,44,44109,2,6,8,3.0,13 Rue Gaëtan Rondeau,47.20678936,-1.53329691,09:50:00,2024-03-06