Num_Acc,hrmn,lum,dep,com,agg,int,atm,col,adr,lat,long,heure,date
202400005519,09:45,Plein jour,44,44190,2,1,8,3.0,162 Route de Clisson,47.1893146,-1.51375981,09:45:00,2024-03-01
202400005520,22:55,,14,14118,2,3,9,6.0,24 Rue du Blanc,49.17242193,-0.38114727,22:55:00,2024-01-19
202400005521,17:10,Plein jour,44,44162,2,1,1,6.0,Boulevard Charles De Gaulle,47.211,-1.629,17:10:00,2024-03-01
202400005522,06:35,,75,75120,2,3,1,2.0,RUE DU COMMANDANT L HERMINIER,48.847939,2.416146,06:35:00,2024-01-07
202400005523,09:50,Plein jour,974,97411,2,2,1,6.0,MANES (RUE EDOUARD),-20.8953,55.4966,09:50:00,2024-03-20
202400005524,07:25,Plein jour,974,97411,2,1,1,6.0,BOIS DE NEFLES (ROUTE DE),-20.899,55.47587,07:25:00,2024-03-20
202400005525,16:50,Plein jour,69,69383,2,2,1,6.0,57 Cours Eugénie,45.74442,4.88782,16:50:00,2024-03-20
202400005526,20:30,,69,69389,2,3,1,3.0,Rue Marietton,45.77497,4.80806,20:30:00,2024-03-20
202400005527,10:21,Plein jour,91,91345,1,1,1,5.0,AUTOROUTE A6,48.68856,2.32483,10:21:00,2024-07-08
202400005528,08:44,Plein jour,2B,2B037,2,1,1,4.0,TOUTES RUES,42.61,9.41,08:44:00,2024-03-20
202400005529,08:50,Plein jour,95,95219,2,6,1,6.0,PAUL ELUARD (RUE),48.98577128,2.25599483,08:50:00,2024-03-20
202400005530,17:50,Plein jour,78,78118,1,1,1,2.0,A13,48.98632,1.667273,17:50:00,2024-07-08
202400005531,20:40,Plein jour,78,78640,1,1,1,7.0,N118,48.781111,2.222771,20:40:00,2024-07-06
202400005532,20:10,,91,91103,2,1,1,3.0,RUE DU DOCTEUR BABIN,48.59957,2.29338,20:10:00,2024-03-20
202400005533,21:30,Plein jour,95,95256,1,1,1,6.0,N184,49.0544054,2.20094562,21:30:00,2024-07-08
202400005534,07:20,Plein jour,89,89024,1,2,1,3.0,DE LATTRE DE TASSIGNY (AVENUE),47.78934,3.5503,07:20:00,2024-03-18
202400005535,00:05,Nuit sans éclairage,95,95607,1,1,1,2.0,A115,49.01377761,2.2191127,00:05:00,2024-07-08
202400005536,09:21,Plein jour,87,87085,2,2,1,3.0,BORIE (BOULEVARD DE LA),45.8398,1.23481,09:21:00,2024-03-20
202400005537,21:05,Plein jour,92,92036,1,1,1,3.0,AUTOROUTE A15,48.94364712,2.28775617,21:05:00,2024-07-07
202400005538,16:37,Plein jour,87,87050,2,1,1,3.0,Avenue de Limoges,45.86466,1.23802,16:37:00,2024-03-19
202400005539,09:00,Plein jour,94,94004,1,1,1,3.0,N19,48.7502564,2.51474261,09:00:00,2024-07-08
202400005540,15:45,Plein jour,87,87065,2,1,1,2.0,VALIN (AVENUE MARTIAL),45.81551,1.3137,15:45:00,2024-03-19
202400005541,22:30,,93,93008,2,1,4,2.0,Rue de Paris,48.9,2.45,22:30:00,2024-01-08
202400005542,17:08,Plein jour,87,87085,2,7,1,3.0,DUSSOUBS (PLACE DENIS),45.83294,1.2558,17:08:00,2024-03-18
202400005543,01:20,Nuit sans éclairage,93,93027,1,1,1,6.0,A86,48.927509,2.40851641,01:20:00,2024-02-07
202400005544,11:46,Plein jour,87,87085,2,1,1,6.0,LOCARNO (AVENUE),45.83453,1.27028,11:46:00,2024-03-18
202400005545,17:45,Plein jour,85,85194,2,1,1,7.0,Boulevard de l'île vertime,46.50392,-1.78834,17:45:00,2024-03-20
202400005546,16:30,Plein jour,85,85194,2,1,1,1.0,Avenue de talmont,46.4833065,-1.7238342,16:30:00,2024-03-20
202400005547,23:00,Nuit sans éclairage,93,93029,1,1,1,7.0,AUTOROUTE A86,48.9191414,2.42853445,23:00:00,2024-02-06
202400005548,09:30,Plein jour,84,84080,1,6,1,6.0,BEAULIEU ALLEE DE,44.0191,4.96835,09:30:00,2024-03-20
202400005549,15:20,Plein jour,84,84007,2,3,8,7.0,TRILLADE (avenue de la ),43.94077,4.81678,15:20:00,2024-03-17
202400005550,20:30,,78,78440,2,2,1,3.0,LEON BLUM (AVENUE),48.98767,1.92236,20:30:00,2024-03-19
202400005551,18:35,Plein jour,78,78644,2,9,1,6.0,NOES  (AVENUE DES),48.75961,1.96445,18:35:00,2024-03-16
202400005552,09:00,Plein jour,77,77449,2,2,1,1.0,D344,48.85384,2.77373,09:00:00,2024-03-20
202400005553,17:45,Plein jour,93,93066,2,9,1,5.0,AUTOROUTE A1,48.91505893,2.35777974,17:45:00,2024-02-06
202400005554,11:30,Plein jour,76,76351,2,3,1,6.0,ROGER SALENGRO,49.50877,0.10897,11:30:00,2024-03-19
202400005555,17:45,Nuit sans éclairage,93,93053,1,1,2,7.0,AUTOROUTE A3,48.88402776,2.45995123,17:45:00,2024-02-06
202400005556,02:10,,974,97411,2,1,1,6.0,TOPAZES(ALLEE DES),-20.89214664,55.44452906,02:10:00,2024-07-08
202400005557,20:05,,69,69266,2,4,1,3.0,Cours Tolstoï,45.75962755,4.88997087,20:05:00,2024-03-20
202400005558,21:00,Nuit sans éclairage,973,97302,2,1,1,7.0,MONTABO (ROUTE DE) 1,4.94432,-52.31775,21:00:00,2024-07-07
202400005559,19:45,Crépuscule,69,69029,2,9,1,3.0,3 Rue Lionel Terray,45.73032,4.88967,19:45:00,2024-03-19
202400005560,22:48,,69,69386,2,2,1,3.0,Rue Notre-Dame,45.76521,4.8679,22:48:00,2024-07-07
202400005561,10:00,Plein jour,67,67482,2,3,1,3.0,PRESIDENT WILSON (BOULEVARD),48.58748,7.73868,10:00:00,2024-03-20
202400005562,05:50,Crépuscule,69,69259,2,2,1,2.0,Boulevard Ambroise Croizat,45.69708,4.88756,05:50:00,2024-07-07
202400005563,11:10,Plein jour,64,64122,2,1,1,6.0,Unknown,43.4807,-1.5587,11:10:00,2024-03-20
202400005564,06:15,,2B,2B033,2,1,1,1.0,TUNNEL,42.69457,9.45245,06:15:00,2024-07-07
202400005565,07:00,Crépuscule,64,64122,2,2,1,1.0,FRANCIS JAMMES (RUE),43.4624,-1.5512,07:00:00,2024-03-20
202400005566,17:30,Plein jour,95,95424,2,9,1,1.0,D122,48.985391,2.197203,17:30:00,2024-07-07
202400005567,05:20,Crépuscule,62,62498,2,4,1,3.0,D162E2,50.437,2.8421,05:20:00,2024-03-20
202400005568,13:30,Plein jour,91,91377,2,1,1,6.0,RUE GAMBETTA,48.73021,2.2764,13:30:00,2024-07-07
202400005569,17:25,Plein jour,54,54547,1,1,1,2.0,Route de Mirecourt,48.66371205,6.18920267,17:25:00,2024-03-19
202400005570,20:05,,51,51454,1,1,1,6.0,CHALONS (ROUTE DE) RN 44,49.23412,4.07849,20:05:00,2024-03-20
202400005571,14:20,Plein jour,51,51454,2,9,1,3.0,TAITTINGER (RUE PIERRE),49.23601,4.00618,14:20:00,2024-03-20
202400005572,21:10,Plein jour,88,88428,1,1,1,3.0,ROUTE D'HERBAVILLE,48.30639,6.90756,21:10:00,2024-07-07
202400005573,15:49,Plein jour,51,51454,2,1,1,2.0,CAPUCINS (RUE DES),49.24703,4.03435,15:49:00,2024-03-20
202400005574,18:00,Plein jour,86,86066,2,2,1,3.0,Avenue des Stades,46.81126,0.52739,18:00:00,2024-07-06
202400005575,14:40,Plein jour,49,49328,2,6,1,3.0,RENAULT (BOULEVARD LOUIS),47.25355,-0.08536,14:40:00,2024-03-20
202400005576,17:10,Plein jour,84,84031,2,1,1,2.0,SAINT ROCH AVENUE,44.07951,5.06689,17:10:00,2024-07-07
202400005577,15:30,Plein jour,49,49099,2,1,2,6.0,CLEMENCEAU (RUE GEORGES),47.06185,-0.87883,15:30:00,2024-02-21
202400005578,13:20,Plein jour,84,84080,1,3,1,5.0,SAINT GENS CHEMIN DE,44.03588,5.00704,13:20:00,2024-07-06
202400005579,14:05,Plein jour,49,49007,2,1,1,6.0,RABELAIS,47.46168,-0.54691,14:05:00,2024-03-19
202400005580,13:20,Plein jour,37,37261,2,1,1,3.0,GRAMMONT (AVENUE DE),47.38139985,0.69263488,13:20:00,2024-03-20
202400005581,18:30,Plein jour,35,35238,2,1,1,6.0,BELLANGERAIS (DE LA),48.12933174,-1.67310432,18:30:00,2024-03-20
202400005582,18:35,Plein jour,76,76114,2,3,1,3.0,MARECHAL FOCH (AVENUE DU) N°1/45  2/14,49.56271,0.47468,18:35:00,2024-07-06
202400005583,09:10,Plein jour,34,34032,1,3,1,3.0,FOCH MARECHAL FERDINAND (AVENUE DU),43.35174,3.22022,09:10:00,2024-03-20
202400005584,08:40,Plein jour,33,33318,2,1,1,7.0,Avenue du Pont de l'Orient,44.80798,-0.64942,08:40:00,2024-03-20
202400005585,05:14,,74,74010,2,6,2,3.0,FRANCE (AVENUE)(SECTEUR 310),45.9072,6.14084,05:14:00,2024-07-07
202400005586,11:40,Plein jour,33,33075,2,2,1,3.0,Unknown,44.879638,-0.626792,11:40:00,2024-03-17
202400005587,05:35,,73,73065,1,1,1,6.0,N201,45.58269405,5.91121852,05:35:00,2024-07-07
202400005588,21:15,Crépuscule,63,63308,1,1,1,1.0,GRAVENOIRE (PETIT CHEMIN DE),45.74908,3.0462,21:15:00,2024-07-07
202400005589,06:40,Crépuscule,33,33063,2,2,1,3.0,Unknown,44.85921,-0.5894,06:40:00,2024-03-20
202400005590,03:40,,62,62239,2,6,1,6.0,Avenue Charles de Gaulle,50.92943,1.79821,03:40:00,2024-07-07
202400005591,20:20,,31,31149,2,6,1,3.0,Rond Point fontaine lumineuse,43.60912246,1.35273993,20:20:00,2024-03-20
202400005592,16:30,Plein jour,60,60159,2,3,1,3.0,Rue Lavoisier,49.39684,2.79647,16:30:00,2024-07-23
202400005593,17:15,Plein jour,28,28134,2,6,1,3.0,TRAIT D'UNION (RUE DU),48.74207,1.38771,17:15:00,2024-03-20
202400005594,16:20,Plein jour,56,56206,1,9,1,3.0,Route de Rennes,47.66972,-2.72508,16:20:00,2024-07-07
202400005595,08:30,Plein jour,27,27299,2,1,1,7.0,BRIAND (AVENUE ARISTIDE),49.05692,1.16835,08:30:00,2024-03-19
202400005596,14:10,Plein jour,54,54254,1,1,1,7.0,RN52,49.48698,5.8139,14:10:00,2024-07-07
202400005597,14:20,Plein jour,25,25056,2,1,7,3.0,KENNEDY  BOULEVARD J.F.,47.24133,5.99247,14:20:00,2024-03-20
202400005598,23:10,Nuit sans éclairage,47,47201,1,1,1,3.0,RN21,44.17082,0.61138,23:10:00,2024-07-05
202400005599,18:39,Plein jour,25,25056,2,2,1,1.0,LAGRANGE  AVENUE LEO,47.245,6.003,18:39:00,2024-03-19
202400005600,11:55,Plein jour,45,45338,2,2,1,2.0,79 Rue Jean Mermoz,47.98111,2.71636,11:55:00,2024-07-07
202400005601,10:40,Plein jour,23,23096,2,3,1,3.0,MENDES FRANCE (AVENUE),46.16526,1.8731,10:40:00,2024-03-19
202400005602,08:15,Plein jour,37,37261,2,2,1,3.0,GIRAUDEAU (RUE),47.38729,0.67659,08:15:00,2024-07-07
202400005603,20:00,Plein jour,19,19031,2,1,1,3.0,POMPIDOU (AVENUE GEORGES),45.15769643,1.5448662,20:00:00,2024-03-20
202400005604,11:30,Plein jour,34,34301,2,1,1,3.0,BLANC CAMILLE (BOULEVARD),43.40484,3.66303,11:30:00,2024-07-07
202400005605,07:45,Plein jour,17,17415,2,6,1,3.0,DICONCHE,45.72443,-0.6403,07:45:00,2024-03-20
202400005606,10:42,Plein jour,34,34172,2,1,1,6.0,RABELAIS (BOULEVARD),43.60118,3.88166,10:42:00,2024-07-07
202400005607,09:55,Plein jour,17,17306,2,1,1,6.0,REGAZZONI (AVENUE CHARLES),45.636102,-1.037195,09:55:00,2024-03-20
202400005608,10:50,Plein jour,29,29039,1,3,8,7.0,Rue Parmentier,47.87446,-3.87913,10:50:00,2024-07-07
202400005609,23:25,,13,13208,2,1,1,1.0,BARRAL (BOULEVARD),43.263,5.393,23:25:00,2024-03-20
202400005610,18:00,Plein jour,13,13210,2,1,1,1.0,MARCEL ACHILLE (BOULEVARD),43.27,5.426,18:00:00,2024-03-20
202400005611,11:30,Plein jour,13,13209,2,1,1,3.0,GUSTAVE GANAY (BOULEVARD),43.26580651,5.39972215,11:30:00,2024-03-20
202400005612,20:10,Plein jour,13,13214,2,1,1,6.0,MORETTI (BOULEVARD),43.32555,5.3811,20:10:00,2024-07-07
202400005613,06:55,Plein jour,13,13209,2,1,1,2.0,MICHELET (BOULEVARD),43.27112546,5.39186613,06:55:00,2024-03-20
202400005614,08:30,Plein jour,12,12176,1,1,2,1.0,D888,44.37416,2.59661,08:30:00,2024-03-18
202400005615,12:15,Plein jour,07,07116,1,1,1,1.0,RN 102,44.63952,4.37219,12:15:00,2024-07-06
202400005616,13:40,Plein jour,09,09225,2,1,1,3.0,MILLIANE ESPLANADE DE,43.11869,1.61432,13:40:00,2024-03-20
202400005617,14:50,Plein jour,06,06088,2,2,1,6.0,Rue Vernier,43.707,7.25981,14:50:00,2024-07-07
202400005618,05:38,,06,06027,2,2,1,3.0,Avenue de Nice,43.6589521,7.1627534,05:38:00,2024-03-20
202400005619,13:20,Plein jour,06,06088,2,2,1,3.0,68 Boulevard Auguste Raynaud,43.716612,7.257327,13:20:00,2024-07-07
202400005620,13:10,Plein jour,06,06004,2,1,1,1.0,Chemin de Saint Claude,43.60109,7.09574,13:10:00,2024-03-19
202400005621,19:00,Plein jour,04,04070,2,1,1,6.0,BARLES (ROUTE DE),44.11961,6.23425,19:00:00,2024-07-07
202400005622,16:45,Plein jour,75,75119,2,3,1,3.0,AVENUE DE FLANDRE,48.885696,2.370844,16:45:00,2024-03-20
202400005623,00:29,,03,03185,2,7,1,1.0,REPUBLIQUE ( AV. DE LA ),46.34838,2.59485,00:29:00,2024-07-06
202400005624,19:00,Nuit sans éclairage,75,75116,2,1,1,2.0,ROUTE DES TRIBUNES,48.861638,2.230232,19:00:00,2024-03-20
202400005625,01:58,,75,75116,2,1,1,3.0,PORTE D AUTEUIL,48.846575,2.254875,01:58:00,2024-07-06
202400005626,17:30,Plein jour,75,75116,2,1,1,6.0,ROUTE DES TRIBUNES,48.861694,2.230258,17:30:00,2024-03-17
202400005627,05:50,Crépuscule,75,75118,2,1,1,4.0,BD PERIPHERIQUE INTERIEUR,48.900984,2.348038,05:50:00,2024-07-05
202400005628,19:15,Crépuscule,75,75115,2,3,1,6.0,RUE VASCO DE GAMA,48.835251,2.285466,19:15:00,2024-03-20
202400005629,18:00,Plein jour,75,75107,2,3,1,2.0,RUE DE SEVRES,48.849801,2.323321,18:00:00,2024-07-06
202400005630,18:59,Plein jour,75,75115,2,2,1,2.0,RUE FREMICOURT,48.847344,2.297769,18:59:00,2024-03-20
202400005631,17:30,Plein jour,75,75115,2,2,1,7.0,RUE DE SEVRES,48.846861,2.316711,17:30:00,2024-03-20
202400005632,16:37,Plein jour,75,75120,2,1,1,5.0,BD PERIPHERIQUE INTERIEUR,48.868742,2.413252,16:37:00,2024-07-06
202400005633,12:50,Plein jour,75,75106,2,5,1,1.0,RUE DU CHERCHE MIDI,48.852037,2.329806,12:50:00,2024-07-07
202400005634,09:40,Plein jour,75,75119,2,1,1,6.0,RUE DAVID D ANGERS,48.882243,2.39205,09:40:00,2024-07-07
202400005635,13:15,Plein jour,75,75115,2,3,1,3.0,AVENUE DE SUFFREN,48.851562,2.300269,13:15:00,2024-03-20
202400005636,23:40,,75,75116,2,1,1,6.0,AVENUE DE NEW YORK,48.860068,2.29068,23:40:00,2024-07-06
202400005637,16:50,Plein jour,75,75113,2,3,1,3.0,BOULEVARD DE L HOPITAL,48.833255,2.356825,16:50:00,2024-03-20
202400005638,19:00,Plein jour,75,75115,2,1,1,6.0,BOULEVARD DES FRERES VOISIN,48.827896,2.271613,19:00:00,2024-07-07
202400005639,18:20,Plein jour,75,75112,2,1,1,3.0,COURS DES MARECHAUX,48.842558,2.439242,18:20:00,2024-03-19
202400005640,23:45,,75,75115,2,2,1,3.0,RUE LINOIS,48.84917,2.281854,23:45:00,2024-07-05
202400005641,16:40,Plein jour,75,75110,2,1,7,7.0,RUE DU FAUBOURG SAINT MARTIN,48.876683,2.360946,16:40:00,2024-03-20
202400005642,12:40,Plein jour,75,75113,2,3,1,2.0,BOULEVARD DE L HOPITAL,48.835762,2.35859,12:40:00,2024-07-06
202400005643,09:38,Plein jour,75,75107,2,3,1,1.0,QUAI VOLTAIRE,48.85925,2.330207,09:38:00,2024-03-20
202400005644,14:53,Plein jour,75,75108,2,5,1,7.0,AVENUE DE FRIEDLAND,48.874842,2.305156,14:53:00,2024-07-07
202400005645,07:19,Crépuscule,75,75107,2,3,1,7.0,QUAI BRANLY,48.859055,2.293263,07:19:00,2024-03-20
202400005646,04:20,,75,75108,2,3,1,7.0,RUE FRANCOIS 1ER,48.868003,2.30468,04:20:00,2024-07-06
202400005647,19:10,Plein jour,75,75104,2,3,1,6.0,RUE BEAUBOURG,48.860885,2.353321,19:10:00,2024-03-20
202400005648,15:30,Plein jour,75,75101,2,3,1,3.0,AVENUE DE L OPERA,48.866556,2.334074,15:30:00,2024-07-07
202400005649,00:45,,75,75104,2,3,1,6.0,RUE DE RIVOLI,48.85522,2.361143,00:45:00,2024-03-20
202400005650,11:30,Plein jour,75,75101,2,1,1,1.0,RUE DE RIVOLI,48.864992,2.328388,11:30:00,2024-03-19
202400005651,16:30,Plein jour,94,94078,2,1,1,2.0,Rue Marc Seguin,48.746993,2.450619,16:30:00,2024-07-07
202400005652,09:05,Plein jour,75,75104,2,2,1,7.0,QUAI DE L HOTEL DE VILLE,48.85436083,2.35495037,09:05:00,2024-03-19
202400005653,03:05,,94,94076,2,1,1,6.0,Rue du Moulin de Saquet,48.79006,2.37402,03:05:00,2024-07-07
202400005654,18:20,Plein jour,94,94081,2,1,1,4.0,Avenue du Moulin de Saquet,48.78861,2.37632,18:20:00,2024-03-20
202400005655,11:00,Plein jour,94,94034,2,9,1,3.0,Rue de la Loge,48.753547,2.328037,11:00:00,2024-07-07
202400005656,22:00,,94,94073,2,3,1,3.0,Rue Henri Dunant / Avenue du Général de Gaulle,48.768626,2.368813,22:00:00,2024-03-20
202400005657,17:30,Plein jour,93,93073,1,1,1,6.0,CHAPIT RE ( RUE DU),48.98949045,2.52173717,17:30:00,2024-07-07
202400005658,14:02,Plein jour,94,94022,2,3,1,6.0,Boulevard des Alliés / Rue Louise Michel,48.76576,2.40483,14:02:00,2024-03-20
202400005659,02:45,,93,93072,2,3,1,3.0,Avenue de Stalingrad / Avenue Paul Vaillant-Couturier,48.94867,2.38056,02:45:00,2024-07-07
202400005660,06:40,Crépuscule,77,77291,1,1,1,2.0,CHAPIT RE ( RUE DU),49.00517,2.58922,06:40:00,2024-03-20
202400005661,18:55,Plein jour,93,93048,2,1,1,3.0,Boulevard Paul Vaillant Couturier,48.86718612,2.44564176,18:55:00,2024-07-07
202400005662,19:15,,93,93066,2,5,1,3.0,Avenue du Président Wilson / Rue du Landy,48.915427,2.357656,19:15:00,2024-03-20
202400005663,11:50,Plein jour,93,93064,2,1,1,4.0,Rue Lavoisier,48.862656,2.493578,11:50:00,2024-03-20
202400005664,05:00,Crépuscule,92,92051,2,1,1,7.0,"GENERAL LECLERC (BOULEVARD DU, N° 1 A 27",48.8892771,2.25936091,05:00:00,2024-07-07
202400005665,05:45,Crépuscule,92,92050,2,1,1,7.0,CLEMENCEAU GEORGES AVENUE N° PAIR,48.88563867,2.21943516,05:45:00,2024-07-07
202400005666,12:05,Plein jour,93,93053,2,5,1,1.0,Avenue Marceau / Boulevard Michelet,48.89049,2.4595,12:05:00,2024-03-19
202400005667,16:45,Plein jour,78,78356,1,1,1,7.0,D91,48.745436,2.020304,16:45:00,2024-07-07
202400005668,12:30,Plein jour,93,93071,2,1,1,3.0,Allée de Villenaut,48.92976274,2.51717949,12:30:00,2024-03-20
202400005669,12:30,Plein jour,92,92046,2,1,1,3.0,GABRIEL PERI,48.8192484,2.29763675,12:30:00,2024-03-20
202400005670,21:15,Plein jour,76,76543,1,2,1,3.0,D149 Intersection route de raffetot,49.610962,0.497644,21:15:00,2024-07-06
202400005671,17:00,Plein jour,49,49244,1,1,8,7.0,Le Calcaire (Montjean-sur-Loire),47.371417,-0.83429,17:00:00,2024-07-07
202400005672,19:38,,92,92073,2,9,1,4.0,PONT DE SURESNES,48.86689677,2.229406,19:38:00,2024-03-20
202400005673,19:15,Plein jour,08,08232,1,1,1,1.0,D129,49.737749,4.95625,19:15:00,2024-07-07
202400005674,12:29,Plein jour,92,92012,2,1,1,2.0,JEAN JAURES (BOULEVARD) 217/FIN - 210/FI,48.83573,2.24232,12:29:00,2024-03-20
202400005675,09:15,Plein jour,62,62745,1,3,2,7.0,Rue de Loison,50.470084,1.90792,09:15:00,2024-07-06
202400005676,17:15,Plein jour,51,51423,2,1,1,6.0,Route de Maurupt,48.755099,4.841988,17:15:00,2024-03-21
202400005677,05:35,Crépuscule,28,28085,1,1,1,6.0,A11 PK 056+500 vers PARIS,48.438027,1.524353,05:35:00,2024-07-08
202400005678,15:10,Plein jour,05,05174,1,3,1,3.0,route de Pont Saint Esprit,44.912692,6.671973,15:10:00,2024-03-21
202400005679,23:00,Nuit sans éclairage,71,71481,1,1,1,6.0,Autoroute A6 PK 401.300 sens PARIS LYON,46.19831,4.778141,23:00:00,2024-07-07
202400005680,18:10,Plein jour,76,76404,1,2,1,1.0,D31,49.55247514,0.24805496,18:10:00,2024-03-20
202400005681,17:00,Plein jour,67,67437,2,1,1,7.0,38 Rue de Dettwiller,48.740502,7.375194,17:00:00,2024-07-07
202400005682,18:00,Plein jour,22,22229,1,3,1,3.0,intersection Départementale 8 et départementale 790,48.296603,-3.223833,18:00:00,2024-07-07
202400005683,16:55,Plein jour,74,74112,2,1,1,5.0,Avenue du Centre,45.933778,6.084972,16:55:00,2024-03-20
202400005684,09:35,Plein jour,77,77242,2,1,1,6.0,D 412,48.486953,3.231697,09:35:00,2024-03-21
202400005685,13:35,Plein jour,83,83070,2,3,1,3.0,Avenue du Cap Nègre,43.151783,6.444195,13:35:00,2024-07-08
202400005686,15:35,Plein jour,41,41184,1,1,1,7.0,bellevue,47.690501,0.936649,15:35:00,2024-07-07
202400005687,16:45,Plein jour,79,79096,1,2,1,2.0,Unknown,46.846984,-0.699584,16:45:00,2024-03-21
202400005688,19:24,,2B,2B096,2,9,1,3.0,pk 1 T50,42.301393,9.166793,19:24:00,2024-03-21
202400005689,19:56,Plein jour,62,62773,1,1,8,7.0,D52,50.63626111,1.77467121,19:56:00,2024-07-08
202400005690,20:22,Nuit sans éclairage,82,82156,1,9,2,6.0,D15,43.993934,0.982418,20:22:00,2024-03-20
202400005691,14:14,Plein jour,56,56101,1,1,1,7.0,Le Faouët Bodery,47.868625,-3.067546,14:14:00,2024-07-06
202400005692,16:40,Plein jour,71,71367,1,1,1,5.0,RD 678,46.639301,5.28429,16:40:00,2024-03-20
202400005693,09:20,Plein jour,69,69248,1,1,1,6.0,1100 Route de la Montagne (Marnand),46.0392709,4.32703395,09:20:00,2024-07-08
202400005694,12:55,Plein jour,49,49215,1,2,1,3.0,D347,47.101849,-0.098405,12:55:00,2024-03-21
202400005695,17:00,Plein jour,12,12286,1,1,1,6.0,LE PONT DE LA BOURSE,43.909519,2.746968,17:00:00,2024-03-20
202400005696,21:24,Crépuscule,69,69066,2,3,1,3.0,Rue Georges Clémenceau,46.100372,4.322332,21:24:00,2024-06-18
202400005697,15:30,Plein jour,47,47306,1,1,1,6.0,route de castelmoron,44.3800579,0.50046685,15:30:00,2024-03-20
202400005698,18:26,Plein jour,71,71263,2,3,1,5.0,Rue de Gruay,46.635664,5.212516,18:26:00,2024-07-08
202400005699,17:00,Plein jour,68,68018,1,3,1,1.0,D103,47.659251,7.158097,17:00:00,2024-03-20
202400005700,19:55,Crépuscule,71,71162,2,3,1,3.0,Rue de la Côte,46.980094,4.347363,19:55:00,2024-07-08
202400005701,22:45,Nuit sans éclairage,71,71014,1,1,1,7.0,Route de Saint Denis,46.971691,4.329327,22:45:00,2024-07-06
202400005702,09:00,Plein jour,35,35327,1,1,1,2.0,N157,48.103262,-1.461343,09:00:00,2024-03-21
202400005703,09:45,Plein jour,89,89025,2,1,1,6.0,rue Carnot,47.492397,3.908306,09:45:00,2024-07-08
202400005704,19:50,Nuit sans éclairage,35,35023,1,1,1,1.0,D62,48.15609965,-1.96922824,19:50:00,2024-03-19
202400005705,16:45,Plein jour,89,89419,1,1,1,1.0,D965,47.7388,3.3332,16:45:00,2024-07-07
202400005706,19:40,Nuit avec éclairage,38,38144,1,4,1,5.0,D53,45.580496,5.063099,19:40:00,2024-03-18
202400005707,21:25,Crépuscule,76,76374,2,6,1,3.0,rue Jules Verne,50.015682,1.498134,21:25:00,2024-07-07
202400005708,16:20,Plein jour,03,03188,1,3,1,1.0,D987,46.288596,3.253638,16:20:00,2024-03-21
202400005709,03:52,Nuit sans éclairage,49,49002,1,3,1,6.0,Route du Gue de Louet,47.334037,0.027488,03:52:00,2024-07-07
202400005710,10:30,Plein jour,58,58082,1,1,1,7.0,D161,47.121169,3.931459,10:30:00,2024-03-19
202400005711,08:30,Crépuscule,29,29250,1,1,1,6.0,D769,48.22186042,-3.5874725,08:30:00,2024-07-07
202400005712,18:20,Plein jour,66,66015,2,1,1,7.0,Unknown,42.562462,2.878407,18:20:00,2024-03-19
202400005713,08:15,Plein jour,38,38029,2,1,1,6.0,97 Rue des Canuts,45.578892,5.526528,08:15:00,2024-06-25
202400005714,17:30,Plein jour,02,02185,1,1,1,7.0,D11,49.126606,3.180006,17:30:00,2024-07-07
202400005715,20:00,Plein jour,03,03089,1,1,1,6.0,Chemin des trois virons,46.216783,3.006542,20:00:00,2024-07-07
202400005716,12:15,Plein jour,06,06153,2,1,1,5.0,Saint-Dalmas,44.066493,7.202214,12:15:00,2024-03-21
202400005717,16:05,Plein jour,01,01147,2,1,1,7.0,Route de la Bresse,46.418911,5.293533,16:05:00,2024-07-07
202400005718,15:50,Plein jour,26,26112,1,1,1,3.0,1635 Route des Alpes,44.387891,5.2316,15:50:00,2024-07-08
202400005719,17:15,Plein jour,58,58039,2,1,1,3.0,Route Buissonniére,47.420734,3.605704,17:15:00,2024-07-06
202400005720,16:18,Plein jour,14,14578,1,3,1,3.0,Route de Trouville,49.355421,0.170822,16:18:00,2024-07-06
202400005721,12:35,Plein jour,05,05184,1,1,1,2.0,D1085,44.405964,5.960941,12:35:00,2024-07-08
202400005722,10:00,Plein jour,50,50615,2,1,2,1.0,Boulevard de Verdun,49.507652,-1.466197,10:00:00,2024-07-08
202400005723,16:00,Plein jour,16,16339,1,1,1,1.0,Unknown,45.82084,-0.115925,16:00:00,2024-07-07
202400005724,11:30,Plein jour,04,04166,2,9,1,6.0,Chemin de la Rouguière,43.815818,6.096929,11:30:00,2024-07-07
202400005725,17:22,Plein jour,37,37064,1,2,1,3.0,D366,46.875142,0.875572,17:22:00,2024-07-07
202400005726,12:10,Plein jour,48,48086,1,1,1,1.0,D906,44.633742,3.892722,12:10:00,2024-07-07
202400005727,12:20,Plein jour,34,34333,1,9,1,2.0,D612,43.491771,3.774512,12:20:00,2024-07-08
202400005728,12:33,Plein jour,82,82037,1,1,7,6.0,PK 398+200 - A20,44.14251985,1.50102192,12:33:00,2024-07-08
202400005729,16:00,Plein jour,91,91085,1,1,1,2.0,le Bas de Torfou,48.546968,2.215762,16:00:00,2024-07-01
202400005730,01:00,Nuit sans éclairage,31,31036,1,1,2,1.0,Route de Revel,43.531508,1.575744,01:00:00,2024-07-07
202400005731,00:15,Nuit sans éclairage,13,13087,1,1,1,1.0,lieu dit la bégude - D7N,43.489148,5.630997,00:15:00,2024-07-08