Num_Acc,hrmn,lum,dep,com,agg,int,atm,col,adr,lat,long,heure,date
202400005732,18:30,Plein jour,45,45119,1,1,1,1.0,D2152,48.154463,2.227757,18:30:00,2024-07-07
202400005733,07:55,Plein jour,45,45254,2,1,1,3.0,Allée de Vieux Cours,47.66741,2.608373,07:55:00,2024-06-25
202400005734,05:20,Crépuscule,77,77364,1,1,1,7.0,D27,49.007532,2.772344,05:20:00,2024-07-07
202400005735,12:35,Plein jour,2A,2A247,1,1,1,3.0,D368,41.640807,9.22374,12:35:00,2024-07-08
202400005736,01:08,,66,66037,2,9,1,6.0,Boulevard de la Cote Radieuse,42.678824,3.031215,01:08:00,2024-07-08
202400005737,19:15,Plein jour,83,83065,1,1,1,3.0,Route Departementale 98a,43.261601,6.596952,19:15:00,2024-07-08
202400005738,20:31,Plein jour,13,13119,2,1,1,3.0,Boulevard du Marechal Juin,43.255952,5.566238,20:31:00,2024-07-07
202400005739,08:50,Plein jour,57,57348,2,1,1,7.0,2 Rue de la Gare,49.105905,7.003328,08:50:00,2024-07-08
202400005740,19:15,Plein jour,73,73178,1,1,1,7.0,D61 Route de la Motte,45.72872778,6.13000004,19:15:00,2024-07-04
202400005741,16:46,Plein jour,69,69019,1,1,1,6.0,Route du Pizay,46.130051,4.72609,16:46:00,2024-07-07
202400005742,12:20,Plein jour,65,65123,1,1,2,6.0,1154 rte des 2 cols,43.003455,0.192539,12:20:00,2024-07-06
202400005743,09:30,Plein jour,17,17155,2,5,7,6.0,Rue Charles Hérve,45.732116,-1.098901,09:30:00,2024-07-08
202400005744,17:20,Plein jour,27,27279,2,2,1,3.0,Route de la Roche Guyon,49.084073,1.612061,17:20:00,2024-07-07
202400005745,11:30,Plein jour,62,62201,2,4,1,1.0,Rue de l’Eglise,50.5622314,1.61739564,11:30:00,2024-07-06
202400005746,00:01,Nuit sans éclairage,38,38442,1,1,1,6.0,447 Route du Col de Porte,45.335763,5.807278,00:01:00,2024-09-15
202400005747,07:03,Plein jour,59,59401,1,1,1,1.0,Route du Mont des Cats,50.774774,2.66274,07:03:00,2024-06-30
202400005748,17:05,Plein jour,26,26235,2,6,6,2.0,D59,44.360168,4.695625,17:05:00,2024-09-15
202400005749,00:31,Nuit sans éclairage,13,13005,1,1,1,2.0,A50-Sens Aubagne vers Marseille,43.28848507,5.54834252,00:31:00,2024-07-06
202400005750,03:45,Nuit sans éclairage,69,69152,1,1,1,2.0,Route de Métropole 7,45.71187,4.82428,03:45:00,2024-07-06
202400005751,12:10,Plein jour,69,69171,1,1,1,5.0,Route Départementale 389,45.82031579,4.60559912,12:10:00,2024-09-16
202400005752,04:35,Nuit sans éclairage,42,42218,1,1,1,6.0,RN88,45.43468702,4.43040383,04:35:00,2024-07-07
202400005753,16:40,Plein jour,19,19211,2,1,1,1.0,D1089,45.18169991,1.63784553,16:40:00,2024-09-15
202400005754,16:30,Plein jour,91,91521,1,1,1,4.0,AUTOROUTE A6,48.6414259,2.39297032,16:30:00,2024-07-07
202400005755,08:41,Crépuscule,72,72244,2,7,1,6.0,Place Saint Pierre,47.766359,-0.324762,08:41:00,2024-08-21
202400005756,13:05,Plein jour,91,91228,1,1,1,4.0,AUTOROUTE A6,48.62087,2.42492,13:05:00,2024-07-07
202400005757,15:20,Plein jour,72,72154,1,2,1,3.0,Avenue Charles de Gaulle,47.685586,-0.078444,15:20:00,2024-09-14
202400005758,09:45,Plein jour,77,77384,1,1,1,6.0,AUTOROUTE A5A,48.594397,2.637365,09:45:00,2024-07-07
202400005759,08:40,Plein jour,91,91363,1,1,1,7.0,RN 104,48.63401,2.21953,08:40:00,2024-07-07
202400005760,15:15,Plein jour,27,27436,1,1,1,2.0,D140,48.917381,1.00982,15:15:00,2024-09-16
202400005761,18:50,Plein jour,33,33281,1,1,1,2.0,Unknown,44.82002,-0.67366,18:50:00,2024-09-16
202400005762,02:50,Nuit sans éclairage,91,91347,1,1,1,3.0,RN 104,48.62216,2.28501,02:50:00,2024-07-07
202400005763,17:00,Plein jour,78,78158,1,1,1,2.0,A13,48.84007,2.11562,17:00:00,2024-07-06
202400005764,08:30,Plein jour,59,59560,1,1,1,6.0,AUTOROUTE A1,50.52478,3.04209,08:30:00,2024-09-13
202400005765,07:50,Crépuscule,59,59532,1,1,3,2.0,AUTOROUTE A16,50.9587,2.16269,07:50:00,2024-09-13
202400005766,18:10,Plein jour,93,93078,1,1,1,4.0,A104,48.96165006,2.5451386,18:10:00,2024-07-07
202400005767,23:20,Nuit sans éclairage,91,91235,1,1,1,3.0,RN 104,48.62594,2.35302,23:20:00,2024-09-15
202400005768,21:45,Plein jour,93,93053,1,1,1,5.0,A3,48.8833591,2.45795473,21:45:00,2024-07-06
202400005769,22:40,Nuit sans éclairage,95,95675,1,1,1,6.0,A1,49.05632608,2.54910176,22:40:00,2024-09-15
202400005770,11:10,Plein jour,93,93027,1,1,1,5.0,A86,48.92581369,2.39761993,11:10:00,2024-07-06
202400005771,21:15,Nuit sans éclairage,93,93066,1,1,1,2.0,AUTOROUTE A1,48.90515615,2.35842786,21:15:00,2024-09-15
202400005772,17:50,Plein jour,95,95306,1,1,1,7.0,A15,49.00273532,2.1701546,17:50:00,2024-07-05
202400005773,17:45,Plein jour,93,93078,1,1,1,2.0,AUTOROUTE A104,48.96300436,2.52239723,17:45:00,2024-09-15
202400005774,06:00,Crépuscule,77,77175,1,1,1,2.0,RN104,48.665522,2.612933,06:00:00,2024-07-07
202400005775,23:00,Nuit avec éclairage,93,93010,1,1,1,6.0,AUTOROUTE A3,48.89094081,2.47316485,23:00:00,2024-09-14
202400005776,21:20,Nuit sans éclairage,93,93078,1,1,1,2.0,AUTOROUTE A104,48.96569101,2.55693444,21:20:00,2024-09-14
202400005777,19:30,Plein jour,77,77294,1,1,1,4.0,A104,48.967294,2.603831,19:30:00,2024-07-06
202400005778,12:00,Plein jour,93,93064,1,1,1,2.0,AUTOROUTE A86,48.87923146,2.47630036,12:00:00,2024-09-14
202400005779,16:20,Plein jour,94,94028,1,1,1,3.0,A86,48.7849558,2.44038354,16:20:00,2024-07-06
202400005780,13:15,Plein jour,93,93027,1,1,1,6.0,AUTOROUTE A86,48.92479271,2.3919189,13:15:00,2024-09-13
202400005781,14:50,Plein jour,77,77141,1,1,1,3.0,A4,48.853363,2.837375,14:50:00,2024-07-06
202400005782,09:25,Plein jour,93,93008,2,1,8,3.0,Avenue Paul Vaillant-Couturier,48.90894648,2.44997758,09:25:00,2024-08-07
202400005783,14:00,Plein jour,93,93051,1,1,1,5.0,A4,48.8349731,2.57612997,14:00:00,2024-07-06
202400005784,14:18,Plein jour,93,93005,1,1,1,3.0,A3,48.96017102,2.47352704,14:18:00,2024-06-03
202400005785,20:40,,974,97407,2,9,1,3.0,VERDUN (BOULEVARD),-20.93942,55.29581,20:40:00,2024-07-03
202400005786,19:00,Plein jour,93,93027,2,2,8,1.0,Rue Pierre Curie / Boulevard Pasteur,48.92095,2.38327,19:00:00,2024-04-28
202400005787,12:10,Plein jour,93,93001,2,1,1,6.0,DANIELLE CASANOVA (RUE)  56 =>,48.918521,2.392694,12:10:00,2024-07-05
202400005788,18:15,Plein jour,93,93079,2,1,1,1.0,Route de Saint-Leu,48.95204,2.33827,18:15:00,2024-04-25
202400005789,23:06,,44,44114,2,3,8,7.0,2 Rue de la Brise,47.25231515,-1.57647103,23:06:00,2024-06-30
202400005790,02:55,,976,97611,2,1,1,7.0,convalescence/vetivers-Seize Villas ( ru,-12.78003,45.22394,02:55:00,2024-07-06
202400005791,14:40,Plein jour,93,93079,2,1,1,3.0,Rue Maurice Paillard,48.9549,2.34654,14:40:00,2024-04-21
202400005792,14:00,Plein jour,974,97416,2,1,1,6.0,HAVRE (RUE DU),-21.34017,55.4638,14:00:00,2024-07-05
202400005793,16:15,Plein jour,93,93079,2,3,1,3.0,Route de Saint-Leu / Rue des Berceaux,48.95001,2.34102,16:15:00,2024-04-20
202400005794,08:00,Plein jour,974,97416,1,1,1,3.0,RN02,-21.35362,55.51272,08:00:00,2024-07-05
202400005795,06:20,Plein jour,974,97411,2,1,1,7.0,JAURES (BOULEVARD JEAN),-20.88995,55.46192,06:20:00,2024-07-06
202400005796,18:20,Plein jour,93,93079,2,1,1,6.0,Avenue Jean Jaurès,48.96407,2.34926,18:20:00,2024-04-21
202400005797,19:00,,974,97407,2,1,1,3.0,CARPAYE(AVENUE),-20.94667,55.2987,19:00:00,2024-07-05
202400005798,14:50,Plein jour,93,93027,2,2,1,3.0,Rue Jean-Pierre Timbaud / Avenue Paul Vaillant-Couturier,48.924787,2.415044,14:50:00,2024-04-30
202400005799,23:26,,69,69386,2,2,1,3.0,Rue Tête d'Or,45.7695,4.85238,23:26:00,2024-07-06
202400005800,19:00,Plein jour,93,93007,2,2,2,3.0,Avenue du 8 Mai 1945 / Rue de l'Abbé Niort,48.940643,2.431195,19:00:00,2024-04-19
202400005801,18:40,Plein jour,69,69387,2,1,2,6.0,Rue Lortet,45.74282,4.83597,18:40:00,2024-07-06
202400005802,18:10,Plein jour,69,69383,2,2,1,3.0,Rue des Cuirassiers,45.75757,4.85643,18:10:00,2024-07-05
202400005803,09:15,Plein jour,93,93072,2,2,1,2.0,Rue Pierre de Geyter / Rue Léon Gonot,48.95525433,2.37925351,09:15:00,2024-04-19
202400005804,16:25,Plein jour,972,97209,1,1,1,7.0,RN9,14.60811,-61.04229,16:25:00,2024-07-06
202400005805,19:22,Plein jour,93,93031,2,1,1,3.0,Avenue Joffre,48.959891,2.298695,19:22:00,2024-04-18
202400005806,11:45,Plein jour,972,97213,1,1,1,2.0,AUTOROUTE (A1),14.61319,-61.00248,11:45:00,2024-07-06
202400005807,16:15,Plein jour,2A,2A004,2,1,1,6.0,CASALONGA SERGENT  RUE DU,41.92011,8.73475,16:15:00,2024-07-06
202400005808,21:25,,93,93013,2,1,1,3.0,Avenue de la Division Leclerc,48.93247,2.42305,21:25:00,2024-04-16
202400005809,20:20,Plein jour,95,95268,1,1,1,3.0,D84,48.96585166,2.40854766,20:20:00,2024-07-06
202400005810,18:45,Plein jour,91,91549,2,1,1,6.0,LA FAYETTE (RUE),48.6497,2.3292,18:45:00,2024-07-06
202400005811,16:25,Plein jour,93,93027,2,3,1,3.0,Rue du 17 Octobre 1961 / Rue Renoir,48.92734334,2.37678587,16:25:00,2024-04-16
202400005812,00:27,,91,91691,2,6,1,2.0,ROND POINT DU QUEBEC,48.70699,2.49601,00:27:00,2024-07-06
202400005813,10:05,Plein jour,93,93027,2,1,1,6.0,Avenue Roger Salengro,48.93201,2.38638,10:05:00,2024-04-16
202400005814,18:30,Plein jour,91,91589,2,2,1,6.0,RUE DES COQUELICOTS,48.6834,2.33744,18:30:00,2024-07-06
202400005815,20:00,Crépuscule,93,93027,2,9,1,6.0,Rue de la Convention / Boulevard Pasteur,48.92949,2.38592,20:00:00,2024-04-11
202400005816,12:20,Plein jour,93,93030,2,1,1,6.0,Avenue du 8 Mai 1945,48.95329975,2.44293451,12:20:00,2024-04-11
202400005817,19:15,Plein jour,84,84080,2,1,1,2.0,DAMPEINE BOULEVARD COMMANDANT,44.03382,4.99835,19:15:00,2024-07-05
202400005818,16:55,Plein jour,84,84080,1,1,1,7.0,BEDARRIDES ROUTE DE,44.03472,4.94806,16:55:00,2024-07-05
202400005819,11:40,Plein jour,93,93027,2,1,1,2.0,Rue de la Convention,48.9266,2.39521,11:40:00,2024-04-11
202400005820,10:09,Plein jour,83,83126,2,1,1,6.0,QUATRE SEPTEMBRE (BD DU),43.10224214,5.87550408,10:09:00,2024-07-06
202400005821,11:25,Plein jour,93,93013,2,1,1,3.0,Avenue de la Division Leclerc,48.93217,2.42317,11:25:00,2024-04-11
202400005822,14:35,Plein jour,81,81065,1,1,7,1.0,180 Chemin du Pioch de Gaïx,43.5835345,2.3088552,14:35:00,2024-07-05
202400005823,09:07,Plein jour,78,78551,2,1,2,6.0,MAREIL (RUE ET PLACE DE),48.893481,2.088311,09:07:00,2024-07-06
202400005824,15:00,Plein jour,93,93031,2,3,1,2.0,Avenue de Lattre de Tassigny / Avenue Salvador Allende,48.957322,2.309901,15:00:00,2024-04-05
202400005825,13:40,Plein jour,77,77058,2,1,1,2.0,KONRAD ADENAUER (RUE),48.83809,2.70994,13:40:00,2024-07-06
202400005826,05:00,,93,93066,2,2,3,3.0,Avenue du Président Wilson / Rue Francis de Pressensé,48.91816727,2.35789847,05:00:00,2024-04-04
202400005827,22:00,,93,93031,2,2,1,1.0,Rue de Marseille / Rue des Carrières,48.958143,2.293847,22:00:00,2024-04-01
202400005828,17:00,Plein jour,76,76540,2,3,1,2.0,Avenue du Mont Riboudet,49.44900315,1.06518285,17:00:00,2024-07-05
202400005829,03:15,,76,76165,2,6,1,6.0,Rue Emile Zola,49.27991,1.02396,03:15:00,2024-07-06
202400005830,09:18,Plein jour,93,93027,2,2,1,6.0,Boulevard Pasteur / Rue de Crèvecoeur,48.91973434,2.38269663,09:18:00,2024-03-29
202400005831,13:40,Plein jour,71,71306,2,3,3,6.0,DE LATTRE DE TASSIGNY (BLD DU MARECHAL),46.67196,4.38441,13:40:00,2024-07-06
202400005832,14:24,Plein jour,93,93013,2,3,1,2.0,Avenue de la Division Leclerc / Rue Normandie Niémen,48.94028189,2.43089944,14:24:00,2024-03-27
202400005833,11:15,Plein jour,69,69029,2,9,8,2.0,Boulevard de l'Université,45.72505,4.92474,11:15:00,2024-07-06
202400005834,13:28,Plein jour,93,93013,2,1,2,6.0,Avenue de la Division Leclerc,48.934,2.42523,13:28:00,2024-03-26
202400005835,06:30,Plein jour,68,68297,2,6,1,3.0,DE GAULLE ( AVE DU GLE )A PARTIR DES NR,47.6,7.55,06:30:00,2024-07-04
202400005836,22:00,,93,93027,2,2,2,2.0,Rue de la Convention / Avenue de la République,48.92809735,2.39010358,22:00:00,2024-03-23
202400005837,20:35,Plein jour,64,64483,2,6,1,3.0,ITHURRALDE ANDRE (AVENUE),43.39158,-1.65479,20:35:00,2024-07-05
202400005838,14:30,Plein jour,93,93031,2,1,1,6.0,Rue de Paris,48.95282,2.31352,14:30:00,2024-03-20
202400005839,11:15,Plein jour,64,64445,2,9,8,3.0,JEAN MERMOZ,43.32107,-0.37894,11:15:00,2024-07-06
202400005840,05:00,,93,93031,2,1,1,6.0,Rue de Paris,48.95634,2.30516,05:00:00,2024-03-20
202400005841,21:50,Crépuscule,64,64102,2,1,1,6.0,SAINT FORCET (RUE DE),43.48099,-1.47733,21:50:00,2024-07-06
202400005842,14:35,Plein jour,93,93027,2,3,1,3.0,Rue Rateau / Rue Voltaire,48.92491279,2.40540147,14:35:00,2024-03-14
202400005843,19:12,Plein jour,64,64102,2,1,1,3.0,JEAN JAURES (BOULEVARD),43.49331,-1.46195,19:12:00,2024-07-06
202400005844,09:05,Plein jour,93,93001,2,2,1,6.0,Rue de Saint-Denis / Rue Heurtault,48.91948425,2.37803042,09:05:00,2024-03-14
202400005845,19:10,,95,95210,2,1,1,6.0,ENGHIEN (AVENUE D'),48.962862,2.30442,19:10:00,2024-03-12
202400005846,00:35,Nuit sans éclairage,59,59152,2,2,1,3.0,LECLERC (AVENUE DU GENERAL),50.76201,3.00793,00:35:00,2024-07-06
202400005847,12:30,Plein jour,93,93027,2,1,1,6.0,Boulevard Pasteur,48.920511,2.382957,12:30:00,2024-03-12
202400005848,12:50,Plein jour,51,51172,2,1,1,6.0,BLANCS MONTS (RUE),49.21654,4.05784,12:50:00,2024-07-06
202400005849,09:45,Plein jour,93,93031,2,1,1,6.0,Avenue Joffre,48.96172,2.29522,09:45:00,2024-03-28
202400005850,11:10,Plein jour,51,51055,2,2,1,3.0,BUISSON SARAZIN (ALLEE),49.27554,4.05662,11:10:00,2024-07-05
202400005851,08:00,Crépuscule,93,93027,2,9,1,3.0,Avenue Roger Salengro,48.93793,2.38866,08:00:00,2024-03-11
202400005852,17:10,Plein jour,49,49007,2,2,1,3.0,AYRAULT,47.47723,-0.55332,17:10:00,2024-07-06
202400005853,22:35,Nuit sans éclairage,93,93027,2,2,1,5.0,Rue de la Convention / Avenue de la République,48.92798,2.39052,22:35:00,2024-03-10
202400005854,16:02,Plein jour,93,93027,2,9,1,3.0,Rue Suzanne Masson,48.92338,2.38534,16:02:00,2024-03-08
202400005855,15:05,Plein jour,93,93079,2,3,1,3.0,Route de Saint-Leu / Rue Jules Ferry,48.95533417,2.33339041,15:05:00,2024-03-08
202400005856,16:10,Plein jour,42,42218,2,3,1,3.0,Boulevard de la Palle,45.4293593,4.41096925,16:10:00,2024-07-01
202400005857,13:00,Plein jour,38,38185,2,1,8,2.0,MARECHAL FOCH (BOULEVARD),45.18119,5.7252,13:00:00,2024-07-06
202400005858,17:30,Plein jour,38,38053,2,6,1,6.0,Place du Champ de Mars,45.5905,5.27941,17:30:00,2024-06-26
202400005859,16:25,Plein jour,38,38053,1,1,1,2.0,D1006,45.60548,5.23069,16:25:00,2024-06-04
202400005860,11:20,Plein jour,92,92025,2,1,1,2.0,G.PERI 2 A 192   1 A 247 (RUE),48.92104608,2.24482559,11:20:00,2024-09-15
202400005861,14:50,Plein jour,38,38053,2,3,8,3.0,Boulevard F. et I. Joliot Curie,45.5887,5.26259,14:50:00,2024-07-06
202400005862,05:50,Crépuscule,50,50517,1,1,1,2.0,pierreville,49.420389,-1.243086,05:50:00,2024-06-06
202400005863,06:30,Plein jour,37,37261,2,3,1,3.0,HEURTELOUP (BOULEVARD),47.39129081,0.69535133,06:30:00,2024-07-06
202400005864,12:00,Plein jour,974,97416,1,1,1,3.0,CROIX DE JUBILE (CHEMIN DE LA),-21.3422,55.4872,12:00:00,2024-09-15
202400005865,15:05,Plein jour,35,35238,1,1,1,2.0,PORTE D'ANGERS,48.08446,-1.64092,15:05:00,2024-07-06
202400005866,11:15,Plein jour,974,97416,1,1,1,4.0,RN1 (ROUTE NATIONALE),-21.32783,55.45127,11:15:00,2024-09-14
202400005867,00:45,,34,34172,2,2,1,3.0,BAUDIN (RUE),43.60825,3.88242,00:45:00,2024-07-06
202400005868,17:00,Plein jour,34,34198,1,1,1,3.0,D66  VOIE RAPIDE,43.565344,3.957973,17:00:00,2024-07-05
202400005869,01:45,,31,31555,2,1,8,6.0,AV LOUIS BAZERQUES,43.57347,1.39461,01:45:00,2024-07-07
202400005870,20:00,,974,97411,2,5,8,3.0,LANCASTEL (BOULEVARD),-20.87496,55.45401,20:00:00,2024-09-15
202400005871,03:50,,27,27229,2,7,1,3.0,GRAND CARREFOUR (PLACE DU),49.027687,1.150395,03:50:00,2024-07-06
202400005872,12:20,Plein jour,974,97411,2,2,1,3.0,LATTRE DE TASSIGNY (AVENUE MARECHAL DE),-20.8882,55.4741,12:20:00,2024-09-15
202400005873,15:48,Plein jour,2A,2A004,2,1,1,3.0,ROUTE DU STILETTO,41.94792,8.77392,15:48:00,2024-09-14
202400005874,16:39,Plein jour,22,22278,2,1,1,6.0,GARE (DE LA),48.51028,-2.76258,16:39:00,2024-07-06
202400005875,02:31,Nuit sans éclairage,73,73040,1,1,9,6.0,D902,45.355561,7.029635,02:31:00,2024-11-29
202400005876,16:10,Plein jour,21,21054,2,1,1,3.0,Rue du Faubourg Saint-jean,47.02215,4.84602,16:10:00,2024-07-05
202400005877,06:15,Crépuscule,95,95450,1,1,1,6.0,HAUTIL (BOULEVARD DE L'),49.02486,2.06055,06:15:00,2024-09-15
202400005878,15:00,Plein jour,26,26347,1,1,8,6.0,Avenue des Lots,45.06902493,4.86572027,15:00:00,2024-11-28
202400005879,15:10,Plein jour,81,81011,1,1,1,4.0, 1595 Pesquieyras,43.738791,1.822434,15:10:00,2024-11-29
202400005880,18:00,,09,09306,2,6,1,6.0,RouteNationale 20,42.845391,1.600946,18:00:00,2024-11-29
202400005881,22:40,,91,91549,2,4,1,3.0,GABRIEL PERI (AVENUE),48.64589,2.32178,22:40:00,2024-09-14
202400005882,10:50,Plein jour,33,33051,2,9,1,4.0,Unknown,44.640437,-0.973792,10:50:00,2024-11-29
202400005883,17:30,,49,49023,2,6,2,3.0,"Rond point des petites places, beaupreau",47.210218,-0.997009,17:30:00,2024-11-28
202400005884,18:45,Nuit sans éclairage,35,35287,1,1,1,3.0,D503,48.61033217,-2.10199893,18:45:00,2024-11-29
202400005885,00:40,Nuit sans éclairage,76,76718,2,1,1,6.0,D34,49.607818,0.720774,00:40:00,2024-11-29
202400005886,18:40,Plein jour,77,77438,1,9,1,5.0,D934,48.86659,2.67716,18:40:00,2024-09-14
202400005887,19:45,,60,60589,2,1,1,6.0,Rue de la Liberte,49.243278,2.469676,19:45:00,2024-11-28
202400005888,18:00,Plein jour,69,69256,2,1,1,5.0,30 Avenue de Böhlen,45.76538,4.92372,18:00:00,2024-09-15
202400005889,14:10,Plein jour,13,13212,1,1,1,2.0,A507 sens Aubagne- Marseille,43.32094032,5.42272447,14:10:00,2024-11-28
202400005890,10:59,Plein jour,64,64102,2,1,1,6.0,LESPES (QUAI AMIRAL),43.49242,-1.47371,10:59:00,2024-09-15
202400005891,23:55,Nuit sans éclairage,13,13117,1,1,1,2.0,A7-Sens Marseille vers Lyon,43.46662,5.23426,23:55:00,2024-11-27
202400005892,18:30,Crépuscule,62,62573,2,1,1,1.0,D164,50.49505,2.8969,18:30:00,2024-09-15
202400005893,11:40,Plein jour,13,13005,1,1,1,3.0,A50-Sens Toulon vers Aubagne,43.27733491,5.58710982,11:40:00,2024-11-27
202400005894,01:40,Nuit sans éclairage,60,60057,2,1,1,7.0,Rue de Pontoise,49.40968505,2.09041178,01:40:00,2024-09-15
202400005895,17:00,Plein jour,59,59286,2,1,1,6.0,EGLISE CONTOUR DE L,50.60771,2.98703,17:00:00,2024-09-13
202400005896,17:40,,83,83137,1,1,1,5.0,A57,43.12213051,5.95580131,17:40:00,2024-11-27
202400005897,17:20,Crépuscule,69,69259,1,9,1,3.0,Route Départementale 301,45.68358948,4.8829859,17:20:00,2024-11-27
202400005898,13:10,Plein jour,58,58194,2,3,1,3.0,TROIS CARREAUX,46.99236,3.16279,13:10:00,2024-09-15
202400005899,20:15,Nuit avec éclairage,33,33397,1,1,1,2.0,Unknown,44.910162,-0.487822,20:15:00,2024-11-28
202400005900,19:15,Nuit sans éclairage,33,33063,1,1,1,2.0,Unknown,44.887061,-0.571016,19:15:00,2024-11-25
202400005901,16:50,Plein jour,51,51230,2,9,1,6.0,BOURGEOIS (PLACE LEON),49.04603,3.9547,16:50:00,2024-09-13
202400005902,08:40,Plein jour,94,94034,1,1,1,3.0,A6B,48.75573207,2.33422362,08:40:00,2024-11-28
202400005903,15:10,Plein jour,45,45147,2,3,1,3.0,D920 PR 1 + 833,47.92114,1.897927,15:10:00,2024-09-15
202400005904,18:29,,78,78321,1,1,8,4.0,RN12 INT,48.798152,1.913021,18:29:00,2024-11-27
202400005905,19:20,Nuit sans éclairage,78,78217,1,1,8,2.0,A13,48.96295,1.83534,19:20:00,2024-11-27
202400005906,17:30,,92,92050,1,1,3,2.0,A14,48.89847128,2.21701091,17:30:00,2024-11-27
202400005907,22:15,,33,33522,2,3,1,3.0,Unknown,44.7962,-0.59235,22:15:00,2024-09-15
202400005908,08:21,Plein jour,92,92072,1,1,2,2.0,N118,48.82128224,2.21946107,08:21:00,2024-11-27
202400005909,19:00,Nuit sans éclairage,93,93010,1,1,1,2.0,AUTOROUTE A3,48.90653393,2.47247712,19:00:00,2024-11-28
202400005910,12:40,Plein jour,33,33063,2,2,1,6.0,Unknown,44.86459,-0.56372,12:40:00,2024-09-15
202400005911,15:45,Plein jour,93,93010,1,9,1,3.0,AUTOROUTE A3,48.90059002,2.46986417,15:45:00,2024-11-28
202400005912,12:45,Plein jour,93,93013,1,1,1,2.0,AUTOROUTE A1,48.94131163,2.42816534,12:45:00,2024-11-28
202400005913,07:35,Plein jour,31,31555,2,1,1,3.0,FOULQUES (ALLEE DES),43.65354,1.42067,07:35:00,2024-09-15
202400005914,02:49,Nuit sans éclairage,31,31555,2,9,1,2.0,VA007342 LA CEPIERE  A620 Sortie 27,43.60073,1.3979,02:49:00,2024-09-15
202400005915,10:30,Plein jour,95,95018,1,1,1,4.0,A15,48.9585871,2.27405291,10:30:00,2024-11-28
202400005916,09:50,Plein jour,22,22113,2,9,1,7.0,SAINT MARC (RUE DE),48.7364,-3.4445,09:50:00,2024-09-15
202400005917,06:40,Crépuscule,93,93029,1,1,1,2.0,AUTOROUTE A86,48.91782322,2.42890514,06:40:00,2024-11-27
202400005918,14:20,Plein jour,22,22113,1,1,1,3.0,TREGASTEL (ROUTE DE),48.76186,-3.47132,14:20:00,2024-09-14
202400005919,08:15,Plein jour,94,94028,1,1,1,4.0,A86,48.776362,2.433254,08:15:00,2024-11-28
202400005920,05:00,,13,13102,2,1,1,3.0,RENE CAILLOUX,43.423,5.235,05:00:00,2024-09-15
202400005921,08:30,Plein jour,93,93063,2,3,1,6.0,Rue Normandie Niemen / Sente Giraud,48.88285955,2.42820382,08:30:00,2024-06-28
202400005922,19:35,Plein jour,13,13028,2,6,1,3.0,CD 141 ( CH PUITS DE BRUNET),43.18787,5.60225,19:35:00,2024-09-14
202400005923,16:25,Plein jour,13,13005,2,1,1,1.0,PLANQUE (CHEMIN DE LA),43.29,5.57,16:25:00,2024-09-15
202400005924,03:11,,93,93006,2,3,1,3.0,Rue Pierre Brossolette / Rue Lucien Sampaix,48.87036,2.42701,03:11:00,2024-06-23
202400005925,21:45,,06,06088,2,1,1,6.0,45 Boulevard de l'Ariane,43.7345305,7.2938939,21:45:00,2024-09-15
202400005926,16:00,Plein jour,06,06029,2,1,1,6.0,15 Avenue des Buissons Ardents,43.557257,6.961866,16:00:00,2024-09-14
202400005927,10:40,Plein jour,04,04112,2,2,1,3.0,BRET (BD. M.),43.83812,5.78036,10:40:00,2024-09-15
202400005928,16:40,Plein jour,03,03185,2,6,1,6.0,Rue Pierre Semard,46.33124,2.60047,16:40:00,2024-09-13
202400005929,21:30,,93,93063,2,3,2,3.0,Rue de la République / Rue Pierre Curie,48.87984,2.43527,21:30:00,2024-06-16
202400005930,19:10,Plein jour,75,75119,2,2,1,5.0,AVENUE RENE FONCK,48.878173,2.409375,19:10:00,2024-09-15
202400005931,03:30,,75,75118,2,1,1,2.0,RUE MARX DORMOY,48.888424,2.359884,03:30:00,2024-09-15
202400005932,14:10,Plein jour,75,75116,2,7,1,3.0,PLACE DE COLOMBIE,48.863201,2.268264,14:10:00,2024-09-10
202400005933,08:22,Plein jour,93,93063,2,1,1,3.0,Rue Marcel Ethis,48.87713,2.44275,08:22:00,2024-06-12
202400005934,18:35,Plein jour,75,75115,2,2,1,6.0,QUAI ANDRE CITROEN,48.8460621,2.27697551,18:35:00,2024-09-15
202400005935,13:00,Plein jour,75,75115,2,2,1,6.0,RUE DE LA CONVENTION,48.843104,2.28347,13:00:00,2024-09-13
202400005936,17:24,Plein jour,75,75111,2,1,1,3.0,BOULEVARD VOLTAIRE,48.864603,2.368709,17:24:00,2024-09-15
202400005937,15:10,Plein jour,93,93063,2,1,1,3.0,Rue Gabriel Husson,48.88281566,2.43640427,15:10:00,2024-06-10
202400005938,01:35,,75,75109,2,3,1,3.0,RUE BALLU,48.881514,2.331623,01:35:00,2024-09-15
202400005939,18:50,Plein jour,75,75107,2,7,1,3.0,PLACE DE LA RESISTANCE,48.862289,2.301941,18:50:00,2024-09-15
202400005940,18:30,Plein jour,93,93045,2,2,1,6.0,Rue de Paris / Avenue Waldeck Rousseau,48.881016,2.41999315,18:30:00,2024-06-05