Num_Acc,hrmn,lum,dep,com,agg,int,atm,col,adr,lat,long,heure,date
202400005941,10:24,Plein jour,75,75107,2,1,1,3.0,BOULEVARD DE LA TOUR MAUBOURG,48.854423,2.309588,10:24:00,2024-09-14
202400005942,14:25,Plein jour,974,97416,1,1,1,2.0,RN 01,-21.30589478,55.42926157,14:25:00,2024-11-27
202400005943,11:55,Plein jour,75,75104,2,2,1,7.0,RUE DE RIVOLI,48.855216,2.361145,11:55:00,2024-09-15
202400005944,09:15,Plein jour,33,33546,1,3,2,3.0,D670,44.854772,-0.150735,09:15:00,2024-03-24
202400005945,09:15,Plein jour,974,97411,1,7,1,3.0,BONNIER (ALLEE),-20.88058732,55.46000111,09:15:00,2024-11-27
202400005946,20:25,,973,97302,2,1,1,6.0,DE GAULLE (AVENUE),4.93955,-52.3287,20:25:00,2024-11-27
202400005947,03:20,Nuit sans éclairage,11,11106,1,1,1,6.0,D6009,43.244859,3.064499,03:20:00,2024-04-28
202400005948,21:30,,93,93005,2,6,1,4.0,JEAN MONET (CARREFOUR),48.9547636,2.51004525,21:30:00,2024-09-15
202400005949,06:45,Crépuscule,11,11261,1,1,1,6.0,D2113,43.179152,2.663616,06:45:00,2024-04-28
202400005950,22:45,,69,69387,2,2,1,3.0,Avenue Berthelot,45.74777,4.83368,22:45:00,2024-11-28
202400005951,19:50,Plein jour,93,93071,2,3,1,3.0,JEAN BAPTISTE (AVENUE),48.93374826,2.53238342,19:50:00,2024-09-15
202400005952,10:30,Plein jour,71,71522,1,2,3,3.0,Route de Cuisery,46.609341,4.987085,10:30:00,2024-04-28
202400005953,19:45,Plein jour,93,93066,2,1,1,2.0,"""GUESDE JULES (BOULEVARD), NR 7 A 53""",48.93599924,2.35001808,19:45:00,2024-09-15
202400005954,17:50,,69,69386,2,3,1,6.0,Rue Malesherbes,45.77285,4.84212,17:50:00,2024-11-27
202400005955,18:10,,69,69383,2,1,1,6.0,Avenue Félix Faure,45.75313146,4.85506445,18:10:00,2024-11-27
202400005956,12:38,Plein jour,89,89086,1,1,1,1.0,Les Grands Garniers,47.851615,3.042097,12:38:00,2024-04-28
202400005957,13:16,Plein jour,93,93053,2,3,1,7.0,ROSNY (AVENUE DE) N° 56 A 242,48.89674869,2.47060272,13:16:00,2024-09-15
202400005958,07:00,,69,69387,2,1,1,3.0,Rue de Gerland,45.73734196,4.83975003,07:00:00,2024-11-27
202400005959,19:40,Plein jour,93,93010,2,1,1,6.0,FERDINAND 5RUE CHARLES),48.89888519,2.48651505,19:40:00,2024-09-15
202400005960,00:40,Nuit sans éclairage,63,63430,1,1,8,6.0,Route de Sainte-agathe,45.843697,3.553144,00:40:00,2024-04-28
202400005961,12:30,Plein jour,92,92064,1,1,1,2.0,STADE PRE ST JEAN,48.83752319,2.20333971,12:30:00,2024-09-15
202400005962,18:30,Nuit sans éclairage,69,69034,2,3,1,1.0,Avenue Jean Monnet,45.79046,4.83978,18:30:00,2024-11-27
202400005963,06:00,Crépuscule,55,55171,1,1,1,6.0,D603,49.17805176,5.47487838,06:00:00,2024-04-28
202400005964,21:50,,92,92026,2,1,1,3.0,MISSION MARCHAND (COTE PAIR),48.89948436,2.2399627,21:50:00,2024-09-15
202400005965,15:15,Plein jour,69,69389,2,1,7,5.0,126 Avenue 25ème Régiment des Tirailleurs Sénégalais,45.78583,4.80376,15:15:00,2024-11-27
202400005966,18:20,Plein jour,92,92007,2,9,1,3.0,BRIAND (AVENUE ARISTIDE) N° 100 A 160,48.79677955,2.32198477,18:20:00,2024-09-15
202400005967,16:05,Plein jour,49,49003,1,1,1,6.0,D761,47.279796,-0.346742,16:05:00,2024-04-28
202400005968,07:55,Plein jour,69,69389,2,3,1,3.0,Rue Joannès Carret,45.79114,4.8152,07:55:00,2024-11-27
202400005969,19:45,Plein jour,92,92004,2,1,1,6.0,MARNE   ( AVENUE DE LA ),48.90879131,2.28512987,19:45:00,2024-09-14
202400005970,08:50,Plein jour,971,97101,1,1,1,6.0,RN11,16.27223,-61.54581,08:50:00,2024-11-26
202400005971,15:30,Plein jour,49,49307,1,1,2,7.0,Rue des Ruettes,47.42522,-0.377687,15:30:00,2024-04-27
202400005972,10:40,Plein jour,43,43040,1,1,1,1.0,Combe Franche,45.280934,3.39632,10:40:00,2024-09-15
202400005973,12:09,Plein jour,2A,2A004,2,1,1,6.0,1 Rue Jean Baptiste Marcaggi,41.92369,8.73918,12:09:00,2024-11-27
202400005974,09:15,Plein jour,34,34150,1,1,6,1.0,D51,43.346496,3.506634,09:15:00,2024-04-22
202400005975,08:15,Plein jour,91,91425,2,1,2,3.0,RUE DES BOURGUIGNONS,48.64657,2.27405,08:15:00,2024-11-27
202400005976,16:30,Plein jour,25,25240,1,1,3,6.0,D461,47.048981,6.64212,16:30:00,2024-04-28
202400005977,12:15,Plein jour,43,43040,2,3,1,5.0,Avenue Leon Blum,45.29090598,3.3852443,12:15:00,2024-09-14
202400005978,15:00,Plein jour,2A,2A357,1,1,1,6.0,D69,41.738336,9.058099,15:00:00,2024-09-15
202400005979,16:05,Plein jour,29,29010,2,1,1,7.0,Route du Parcou,48.51749,-4.115459,16:05:00,2024-04-27
202400005980,08:02,Crépuscule,87,87085,2,1,1,6.0,LANDOUGE (AVENUE DE),45.84119,1.20773,08:02:00,2024-11-26
202400005981,09:20,Plein jour,31,31113,2,1,1,6.0,16 Avenue de Toulouse,43.516019,1.498523,09:20:00,2024-09-13
202400005982,06:15,Crépuscule,29,29249,2,1,1,6.0,Penn ar Pont,48.18394723,-3.81033706,06:15:00,2024-04-28
202400005983,18:55,Plein jour,29,29024,2,9,1,6.0,2 Rue Charles le Goff,48.274298,-3.58125,18:55:00,2024-04-26
202400005984,03:25,Nuit sans éclairage,31,31152,1,1,2,6.0,D6,43.35040315,0.89173257,03:25:00,2024-04-25
202400005985,19:45,Crépuscule,13,13078,2,3,1,2.0,88 Avenue du Port,43.391631,4.800017,19:45:00,2024-09-15
202400005986,05:23,Nuit sans éclairage,31,31319,1,1,8,6.0,Lieu Dit Rouby,43.230688,1.476095,05:23:00,2024-04-28
202400005987,06:18,Crépuscule,26,26172,1,1,8,7.0,415 Route de Moras,45.312305,4.986733,06:18:00,2024-04-28
202400005988,07:00,,84,84035,2,1,1,5.0,EUROPE (BOULEVARD DE L'),43.84527,5.04406,07:00:00,2024-11-27
202400005989,18:00,Plein jour,83,83049,1,1,1,2.0,A57 PK 20,43.23788476,6.08417903,18:00:00,2024-09-16
202400005990,19:45,Nuit sans éclairage,51,51298,1,1,1,7.0,D23,49.023405,3.716726,19:45:00,2024-09-14
202400005991,02:00,Nuit sans éclairage,50,50364,1,1,3,6.0,Le Haut Bingard,49.133764,-1.503453,02:00:00,2024-04-28
202400005992,09:30,Plein jour,83,83062,2,1,7,4.0,PAIX (AVENUE DE LA),43.12558,6.00499,09:30:00,2024-11-27
202400005993,17:35,Plein jour,26,26005,1,1,6,7.0,A7,44.51501,4.781656,17:35:00,2024-09-14
202400005994,18:35,,83,83034,1,1,1,6.0,RUE DES 3 PINS,43.10074447,6.06019056,18:35:00,2024-11-26
202400005995,19:00,Nuit sans éclairage,974,97410,2,1,1,7.0,29 Route de Takamaka,-21.045934,55.661888,19:00:00,2024-09-13
202400005996,15:00,Plein jour,10,10323,2,1,1,6.0,Rue Aristide Briand,48.510056,3.728125,15:00:00,2024-04-28
202400005997,14:30,Plein jour,81,81163,2,1,1,6.0,TOURNIER (ALPHONSE),43.49459,2.37919,14:30:00,2024-11-27
202400005998,08:30,Plein jour,42,42036,1,1,1,1.0,Montée des Roches,45.53109146,4.5538249,08:30:00,2024-09-16
202400005999,05:45,Crépuscule,10,10233,1,1,6,6.0,D441,48.5148513,3.92118573,05:45:00,2024-04-28
202400006000,15:57,Plein jour,48,48005,1,1,1,2.0,A75 pk 150+400,44.594887,3.253605,15:57:00,2024-09-16
202400006001,19:00,Crépuscule,07,07007,1,1,3,7.0,533,44.95042852,4.71680679,19:00:00,2024-04-28
202400006002,09:35,Plein jour,78,78208,2,6,2,3.0,LOIRE (ALLEE DE LA),48.772163,1.952713,09:35:00,2024-11-27
202400006003,17:50,Plein jour,21,21592,1,1,1,7.0,D16,47.339404,4.756544,17:50:00,2024-09-14
202400006004,11:40,Plein jour,21,21336,1,1,8,6.0,D953,47.852806,4.358987,11:40:00,2024-04-28
202400006005,07:00,Crépuscule,40,40058,1,1,8,6.0,D626,44.08671606,-0.46650213,07:00:00,2024-04-27
202400006006,17:00,Plein jour,62,62302,1,1,1,7.0,Rue des Ecoles,50.58748,1.96586,17:00:00,2024-09-15
202400006007,18:30,,78,78498,2,2,2,6.0,MEISSONIER AV,48.92977,2.03704,18:30:00,2024-11-22
202400006008,22:28,Nuit sans éclairage,24,24014,1,1,2,6.0,Route du Sablou,45.08494302,1.18731914,22:28:00,2024-04-27
202400006009,13:15,Plein jour,30,30182,2,1,1,6.0,Rue Bellevue,43.851082,4.155691,13:15:00,2024-04-27
202400006010,08:40,Plein jour,77,77385,2,3,1,3.0,Carrefour D222 / D204,48.849375,3.231195,08:40:00,2024-09-13
202400006011,20:50,Nuit sans éclairage,88,88193,2,1,1,6.0,4 Rue de la Sauture,48.25332,7.085886,20:50:00,2024-04-27
202400006012,14:00,Plein jour,03,03100,1,1,1,6.0,A79 PK 70.5,46.513648,3.751874,14:00:00,2024-09-16
202400006013,23:30,,973,97309,2,1,2,6.0,Route de Rémire,4.892829,-52.273936,23:30:00,2024-04-27
202400006014,15:20,Plein jour,79,79308,1,1,1,2.0,Unknown,46.365429,-0.493907,15:20:00,2024-09-16
202400006015,08:06,Plein jour,77,77085,2,1,2,3.0,JONCHERE (AVENUE DE LA ),48.863238,2.742967,08:06:00,2024-11-27
202400006016,23:50,Nuit sans éclairage,44,44048,1,9,3,6.0,Unknown,47.359816,-1.322737,23:50:00,2024-04-27
202400006017,07:30,,77,77312,2,1,2,7.0,RTE DE MARLOTTE,48.3398611,2.72930311,07:30:00,2024-11-27
202400006018,16:35,Plein jour,79,79119,1,3,1,1.0,Unknown,46.550706,-0.479289,16:35:00,2024-09-13
202400006019,19:30,,987,98715,2,1,1,1.0,"RT1, face parc Outuaraea",-17.548841,-149.596946,19:30:00,2024-04-27
202400006020,18:35,Plein jour,06,06029,1,1,1,6.0,A8 160.900 NORD,43.557416,6.957945,18:35:00,2024-04-28
202400006021,15:30,Plein jour,76,76351,2,3,1,2.0,LOUIS BLANC,49.50717,0.13063,15:30:00,2024-11-26
202400006022,19:40,Plein jour,33,33130,1,1,1,7.0,Unknown,44.493077,-0.197754,19:40:00,2024-04-28
202400006023,07:50,Plein jour,2B,2B150,1,1,1,5.0,T30,42.567953,8.823824,07:50:00,2024-09-14
202400006024,19:45,,73,73065,2,2,1,3.0,D1 MOTTE SERVOLEX (AVENUE DE LA),45.58115,5.8898,19:45:00,2024-11-27
202400006025,06:20,Crépuscule,60,60531,1,1,1,7.0,PK 071+900,49.44493135,2.69697992,06:20:00,2024-04-28
202400006026,22:30,,974,97406,2,7,1,6.0,Rue des Gomenoles,-21.13543,55.620899,22:30:00,2024-04-27
202400006027,16:10,Plein jour,73,73065,2,6,1,3.0,CARTIER (AVENUE DU GENERAL),45.57678675,5.89785397,16:10:00,2024-11-27
202400006028,21:50,Nuit sans éclairage,80,80832,1,2,1,3.0,D941,50.167116,2.011952,21:50:00,2024-09-14
202400006029,01:20,Nuit sans éclairage,971,97118,1,1,2,1.0,Route de la Traversee,16.181829,-61.683233,01:20:00,2024-04-27
202400006030,09:15,Plein jour,81,81217,1,1,1,6.0,D964,43.991203,1.704614,09:15:00,2024-09-16
202400006031,21:15,,70,70550,2,6,1,2.0,LAC (AVENUE),47.625847,6.138793,21:15:00,2024-11-27
202400006032,22:15,Nuit sans éclairage,77,77171,2,1,2,2.0,D5d,48.894196,2.809355,22:15:00,2024-04-27
202400006033,18:30,Plein jour,11,11220,1,1,1,3.0,D610,43.203393,2.5203,18:30:00,2024-09-15
202400006034,17:46,,69,69259,2,1,1,3.0,Boulevard Irène Joliot Curie,45.71693,4.87756,17:46:00,2024-11-27
202400006035,03:15,Nuit sans éclairage,89,89125,1,1,1,1.0,N151,47.585037,3.515368,03:15:00,2024-09-16
202400006036,14:30,Plein jour,84,84132,1,2,1,3.0,Route de Fontaine de Vaucluse,43.900583,5.004535,14:30:00,2024-04-28
202400006037,13:57,Plein jour,71,71192,1,1,1,6.0,D297,46.84684187,4.1459179,13:57:00,2024-04-28
202400006038,07:00,,69,69091,2,3,1,3.0,Rue Pierre Sémard,45.58545899,4.76294741,07:00:00,2024-11-27
202400006039,09:30,Plein jour,49,49323,1,3,1,3.0,Senne,47.532227,-0.495808,09:30:00,2024-09-14
202400006040,04:10,Nuit sans éclairage,68,68294,1,4,2,7.0,43 La Goutte Saint Blaise,48.238937,7.226429,04:10:00,2024-04-28
202400006041,06:18,Crépuscule,49,49323,1,6,1,6.0,D323,47.508825,-0.471066,06:18:00,2024-09-08
202400006042,07:45,Plein jour,67,67043,2,3,1,3.0,BRUMATH (ROUTE DE),48.61477,7.73261,07:45:00,2024-11-27
202400006043,16:20,Plein jour,54,54368,1,1,8,2.0,D992,48.52083272,6.78034544,16:20:00,2024-04-27
202400006044,01:30,Nuit sans éclairage,25,25532,2,1,1,6.0,rue du La saone,47.229124,6.112465,01:30:00,2024-09-16
202400006045,17:40,,64,64445,2,1,1,7.0,LEON BERARD,43.3133,-0.3693,17:40:00,2024-11-27
202400006046,12:00,Plein jour,42,42129,1,1,2,1.0,945 Route de Saint-appolinard,45.356854,4.674935,12:00:00,2024-04-26
202400006047,07:55,Plein jour,44,44100,1,1,1,3.0,Unknown,47.113759,-1.349916,07:55:00,2024-09-16
202400006048,12:55,Plein jour,64,64102,2,1,1,3.0,LACHEPAILLET (ROND POINT DE),43.48492,-1.48998,12:55:00,2024-11-26
202400006049,03:00,Nuit sans éclairage,38,38442,1,1,2,7.0,D512,45.314827,5.783765,03:00:00,2024-04-28
202400006050,07:50,Crépuscule,63,63103,1,3,1,3.0,RD 227/ rue de la Croix de fer,45.90915,3.08503,07:50:00,2024-11-26
202400006051,14:40,Plein jour,44,44087,1,1,1,1.0,2532 Route de bouin,46.985997,-1.864799,14:40:00,2024-09-15
202400006052,16:10,Plein jour,07,07245,1,1,1,1.0,Route de Lyon,45.090831,4.81817,16:10:00,2024-04-27
202400006053,17:45,Plein jour,07,07245,1,1,1,2.0,Route de Saint Felicien,45.075824,4.779439,17:45:00,2024-04-27
202400006054,18:10,Plein jour,29,29216,1,2,1,2.0,Route de Kelenneg,47.973496,-4.150639,18:10:00,2024-08-31
202400006055,05:30,,59,59512,2,9,2,3.0,Boulevard du Général de Gaulle,50.68766944,3.17479124,05:30:00,2024-11-27
202400006056,15:40,Plein jour,69,69184,1,1,8,6.0,Route de Saint Symphorien sur Coise,45.604286,4.560412,15:40:00,2024-04-27
202400006057,17:05,Crépuscule,59,59350,2,1,2,3.0,Rue du Chemin Saint Martin,50.641,2.973,17:05:00,2024-11-27
202400006058,15:40,Plein jour,65,65059,1,1,1,6.0,"Chemin du Haut des Barrans, 2ème virage en épingle situé entre le numéro 3 et 5,",43.068903,0.161018,15:40:00,2024-04-28
202400006059,10:25,Plein jour,31,31587,1,1,1,4.0,Route de Villemur,43.785874,1.449165,10:25:00,2024-08-19
202400006060,08:20,Crépuscule,56,56121,2,6,1,7.0,Rond-point d'Écosse,47.73578,-3.36537,08:20:00,2024-11-26
202400006061,03:30,Nuit sans éclairage,09,09185,1,1,1,1.0,D624,43.24256439,1.66644439,03:30:00,2024-04-28
202400006062,12:00,Plein jour,84,84072,2,3,1,4.0,Route de Caromb,44.063382,5.128587,12:00:00,2024-09-15
202400006063,17:40,,51,51454,2,1,1,4.0,LAMBERT (BOULEVARD VICTOR),49.242256,4.045248,17:40:00,2024-11-26
202400006064,13:00,Plein jour,66,66184,1,1,6,7.0,D7,42.78599737,2.50289798,13:00:00,2024-09-15
202400006065,19:30,Plein jour,86,86274,1,2,1,2.0,D347,47.070743,-0.001459,19:30:00,2024-04-26
202400006066,14:00,Plein jour,72,72346,1,1,1,6.0,Les Hautes Fontenelles,47.87204236,0.01710474,14:00:00,2024-09-15
202400006067,15:30,Plein jour,51,51454,2,2,1,3.0,PAIX (BOULEVARD DE LA),49.25148,4.04218,15:30:00,2024-11-26
202400006068,12:00,Plein jour,14,14520,1,1,1,4.0,55 Route des Monceaux,49.134255,0.148423,12:00:00,2024-09-15
202400006069,01:30,Nuit sans éclairage,49,49099,1,6,1,7.0,ATLANTIQUE (AVENUE DE L'),47.03603,-0.90583,01:30:00,2024-11-28
202400006070,12:20,Plein jour,62,62128,2,2,1,3.0,Rue des Mésanges,50.3116093,2.93140179,12:20:00,2024-04-28
202400006071,16:50,Plein jour,49,49099,2,1,1,6.0,PORTE BARON (RUE DE LA),47.05539,-0.87177,16:50:00,2024-11-25
202400006072,20:07,Crépuscule,05,05046,1,1,1,7.0,D340,44.56041584,6.51233912,20:07:00,2024-09-15
202400006073,08:20,Plein jour,59,59044,1,1,6,6.0,50 Rue de Lille,50.609317,3.232861,08:20:00,2024-04-28
202400006074,20:40,,13,13202,1,1,1,7.0,Tunnel Joliette Marseille vers Aubagne,43.30399546,5.36676618,20:40:00,2024-04-26
202400006075,19:00,Plein jour,60,60199,1,2,1,3.0,intersection rd 11 / rd930,49.612848,2.170977,19:00:00,2024-09-15
202400006076,18:45,,49,49246,1,1,2,5.0,A87,47.42842482,-0.5049902,18:45:00,2024-11-26
202400006077,01:10,Nuit sans éclairage,33,33143,1,1,3,6.0,Unknown,44.959189,-0.44653,01:10:00,2024-04-27
202400006078,22:40,,45,45062,2,1,1,6.0,8 Route Nationale 20,47.989207,1.882229,22:40:00,2024-09-05
202400006079,15:15,Plein jour,49,49007,2,1,1,6.0,PALLACH,47.44759,-0.55822,15:15:00,2024-11-26
202400006080,18:25,Plein jour,91,91136,1,1,2,6.0,A10 PARIS / RD188 PARIS,48.71189,2.28483,18:25:00,2024-04-27
202400006081,10:25,Plein jour,45,45147,2,1,2,3.0,21 Rue Antonin Magne,47.939621,1.932435,10:25:00,2024-11-27
202400006082,10:36,Plein jour,64,64106,1,2,1,3.0,D242,43.3068,-1.009704,10:36:00,2024-09-16
202400006083,11:45,Plein jour,94,94065,1,1,1,3.0,A86,48.75508805,2.3449117,11:45:00,2024-04-27
202400006084,18:10,,42,42071,2,1,3,6.0,Rue Carnot,46.031381,4.0836,18:10:00,2024-11-25
202400006085,09:30,Plein jour,64,64297,1,1,1,1.0,D933,43.18349,-1.173257,09:30:00,2024-09-14
202400006086,13:45,Plein jour,78,78640,1,1,2,3.0,A86 EXT,48.777495,2.220985,13:45:00,2024-04-27
202400006087,10:10,Plein jour,40,40192,2,6,1,2.0,JUIN (V DU MARECHAL),43.90244948,-0.47979409,10:10:00,2024-11-26
202400006088,02:58,Nuit sans éclairage,18,18080,1,1,1,7.0,Unknown,46.922454,2.849354,02:58:00,2024-09-15
202400006089,20:00,Nuit sans éclairage,38,38516,2,1,1,6.0,AVENUE DE L'OBIOU,45.19757759,5.75282335,20:00:00,2024-11-27
202400006090,17:35,Plein jour,78,78466,1,1,1,2.0,A13,48.932748,1.974188,17:35:00,2024-04-26
202400006091,07:48,Plein jour,10,10323,2,1,1,6.0,Allée Montesquieu,48.516846,3.716034,07:48:00,2024-09-16
202400006092,11:55,Plein jour,37,37261,2,3,2,6.0,MARCEAU (RUE),47.39241,0.68544,11:55:00,2024-11-27
202400006093,20:00,Plein jour,78,78640,1,1,1,2.0,N118,48.779637,2.222552,20:00:00,2024-04-26
202400006094,17:50,Plein jour,16,16175,1,1,1,6.0,Unknown,45.55590906,-0.03879703,17:50:00,2024-09-15
202400006095,09:06,Plein jour,95,95572,1,1,1,6.0,N184,49.03331417,2.10991981,09:06:00,2024-04-27
202400006096,10:35,Plein jour,37,37261,2,6,1,6.0,PARCAY (RUE DE),47.41023367,0.72095391,10:35:00,2024-11-26
202400006097,12:15,Plein jour,07,07001,1,1,1,3.0,Route de Mande,44.891908,4.391119,12:15:00,2024-09-15
202400006098,10:00,Plein jour,93,93007,1,1,1,4.0,A1,48.95037545,2.44884564,10:00:00,2024-04-27
202400006099,18:15,,35,35238,2,1,8,1.0,COLOMBIER (BD DU),48.10249,-1.6799,18:15:00,2024-11-27
202400006100,16:15,Plein jour,53,53185,2,6,1,3.0,Rue Aristide Briand,48.4625,-0.192175,16:15:00,2024-09-15
202400006101,07:55,Plein jour,92,92036,1,1,1,6.0,AUTOROUTE A15,48.93788866,2.29766722,07:55:00,2024-04-27
202400006102,12:58,Plein jour,35,35238,2,1,2,2.0,Loriettes (Rue des),48.08407,-1.67855,12:58:00,2024-11-27
202400006103,07:19,Crépuscule,93,93027,1,1,2,6.0,A86,48.92484911,2.39194036,07:19:00,2024-04-27
202400006104,14:20,Plein jour,40,40164,1,1,1,2.0,109 Chemin de Baure,44.121976,-0.290762,14:20:00,2024-09-15
202400006105,12:20,Plein jour,33,33281,1,1,1,2.0,Unknown,44.81135,-0.70435,12:20:00,2024-11-27
202400006106,11:45,Plein jour,04,04031,1,1,1,6.0,D8,43.945056,6.122164,11:45:00,2024-09-16
202400006107,10:10,Plein jour,33,33318,2,1,1,6.0,Unknown,44.79824,-0.62132,10:10:00,2024-11-27
202400006108,19:05,Plein jour,95,95582,1,1,1,4.0,A15,48.97031508,2.24969695,19:05:00,2024-04-26
202400006109,13:30,Plein jour,85,85047,1,1,1,1.0,Route de nantes,46.861447,-1.864081,13:30:00,2024-09-14
202400006110,07:50,Crépuscule,33,33063,2,3,1,6.0,Unknown,44.866633,-0.623721,07:50:00,2024-11-27
202400006111,18:25,Plein jour,93,93066,1,1,1,2.0,A86,48.92257446,2.34654665,18:25:00,2024-04-26
202400006112,16:15,Plein jour,85,85287,1,1,1,1.0,RD114,46.698894,-0.862912,16:15:00,2024-09-15
202400006113,07:20,Crépuscule,33,33318,2,1,1,3.0,Unknown,44.79292,-0.70269,07:20:00,2024-11-27
202400006114,13:00,Plein jour,95,95219,1,1,1,3.0,A115,48.98928807,2.24393887,13:00:00,2024-04-26
202400006115,20:00,Nuit sans éclairage,27,27232,1,2,1,3.0,D 7,49.2969,1.553038,20:00:00,2024-09-14
202400006116,17:35,Nuit sans éclairage,31,31555,1,1,1,4.0,A624 (PURPAN),43.60576,1.39426,17:35:00,2024-11-27
202400006117,09:30,Plein jour,23,23031,2,1,1,6.0,D997,46.348711,2.214561,09:30:00,2024-09-12
202400006118,18:30,,30,30007,2,1,1,7.0,CASSIN (RUE RENE),44.10962,4.10296,18:30:00,2024-11-26
202400006119,19:50,,64,64140,2,2,3,3.0,DUVERT (RUE RENE),43.52268,-1.48932,19:50:00,2024-02-26
202400006120,15:55,Plein jour,48,48127,1,1,1,6.0,"D59, coteau des cheyrousses",44.640164,3.479072,15:55:00,2024-09-15
202400006121,18:40,,29,29019,2,1,1,4.0,D112,48.42255903,-4.47687371,18:40:00,2024-11-24
202400006122,07:54,Crépuscule,64,64102,2,6,2,3.0,VITAL BIRABEN (AVENUE),43.48136,-1.48256,07:54:00,2024-02-19
202400006123,08:05,Crépuscule,28,28085,2,1,8,6.0,FAUBOURG LA GRAPPE (RUE DU),48.44608,1.49897,08:05:00,2024-11-27
202400006124,13:22,Plein jour,19,19085,1,1,1,6.0,A89 PK 224.465 sens BORDEAUX-CLERMONT FERRAND,45.312661,1.853964,13:22:00,2024-09-15
202400006125,23:00,,987,98735,2,1,1,6.0,REINE POMARE IV (AVENUE),-17.54041333,-149.56980622,23:00:00,2024-04-24
202400006126,21:05,Nuit sans éclairage,26,26339,1,1,1,6.0,RN7 (secteur Nord),44.59086244,4.75167834,21:05:00,2024-11-27
202400006127,17:55,Plein jour,45,45061,1,1,1,6.0,A19 PR 58 + 247,48.058115,2.735692,17:55:00,2024-09-16
202400006128,07:51,Plein jour,976,97611,2,1,1,3.0,m'tsapere-Nationale 2 (route),-12.79172,45.22231,07:51:00,2024-04-26
202400006129,08:50,Plein jour,14,14271,2,1,2,3.0,24 Route d'Harcourt,49.15234,-0.3709,08:50:00,2024-11-25
202400006130,13:00,Plein jour,13,13208,2,9,1,6.0,MICHELET (BOULEVARD),43.27009,5.39268,13:00:00,2024-11-27
202400006131,17:45,Plein jour,06,06084,1,9,1,3.0,2905 Route de Pégomas,43.605882,6.935199,17:45:00,2024-09-16
202400006132,18:35,,974,97416,2,3,1,3.0,MAHATMA GANDHI(RUE),-21.33797,55.46083,18:35:00,2024-04-26
202400006133,08:15,Plein jour,67,67084,1,1,1,7.0,Bretelle d'insertion D210 vers A35,48.31581,7.481126,08:15:00,2024-09-16
202400006134,00:35,,13,13211,2,6,1,2.0,MIREILLE LAUZE (Bd),43.28932,5.43724,00:35:00,2024-11-27
202400006135,15:58,Plein jour,974,97416,2,1,1,6.0,GAGARINE (RUE YOURI),-21.32986568,55.47926438,15:58:00,2024-04-26
202400006136,07:14,Crépuscule,72,72198,1,1,1,2.0,A11 PK 174,48.04186167,0.14958111,07:14:00,2024-09-16
202400006137,22:55,Nuit sans éclairage,974,97411,1,1,1,7.0,SAINT-BERNARD (CHEMIN DE),-20.90346,55.4061,22:55:00,2024-04-25
202400006138,10:16,Plein jour,07,07281,2,1,1,5.0,GROSS-UMSTADT (AVENUE DE),44.9451,4.85551,10:16:00,2024-11-26
202400006139,00:21,,06,06088,1,4,1,6.0,pont des abattoirs,43.719,7.28442,00:21:00,2024-11-28
202400006140,18:35,Plein jour,57,57510,1,1,1,2.0,A4,49.129007,6.26313,18:35:00,2024-09-13
202400006141,14:00,Plein jour,974,97411,2,1,1,2.0,BRASSENS (AVENUE GEORGES),-20.90553,55.48507,14:00:00,2024-04-24
202400006142,15:10,Plein jour,06,06088,2,1,1,6.0,107 Avenue des Arènes de Cimiez,43.71744,7.27483,15:10:00,2024-11-27
202400006143,09:30,Plein jour,33,33234,1,6,2,2.0,Unknown,44.784712,-0.505489,09:30:00,2024-09-08
202400006144,21:30,Nuit sans éclairage,973,97302,2,1,1,2.0,ZEPHIR (ROCADE),4.93585,-52.3078,21:30:00,2024-04-25
202400006145,17:20,Plein jour,95,95170,2,1,1,7.0,MAISON BLANCHE (RUE DE LA),49.0373545,1.94591403,17:20:00,2024-09-15
202400006146,18:15,,06,06069,2,1,1,3.0,45 Avenue Frédéric Mistral,43.6475237,6.91862,18:15:00,2024-11-27
202400006147,05:50,,69,69387,2,2,2,3.0,Avenue Jean Jaurès,45.74733,4.84307,05:50:00,2024-04-26
202400006148,18:00,Plein jour,06,06077,1,1,1,1.0,771 Chemin des Mounts,43.869973,7.347944,18:00:00,2024-09-15
202400006149,08:10,Plein jour,01,01053,2,2,1,6.0,HERRIOT ( BOULEVARD EDOUARD COTE PAIR),46.20967,5.22753,08:10:00,2024-11-27
202400006150,16:00,Plein jour,972,97209,1,1,1,2.0,ADHEMAR MODOCK (BOULEVARD),14.60746,-61.07325,16:00:00,2024-04-26
202400006151,10:30,Plein jour,05,05007,1,1,1,3.0,RD 902 - PR 48+000,44.711793,6.74243,10:30:00,2024-09-16
202400006152,20:00,,04,04242,2,1,1,6.0,Chemin des Vignes,43.884957,5.861742,20:00:00,2024-09-15
202400006153,23:15,,971,97101,1,1,1,6.0,VIEUX BOURG,16.24882,-61.53118,23:15:00,2024-04-25
202400006154,19:05,,75,75120,2,3,2,6.0,RUE DE BAGNOLET,48.863745,2.407691,19:05:00,2024-11-27
202400006155,08:00,Plein jour,67,67411,1,1,1,7.0,Route communale,48.495987,7.406023,08:00:00,2024-09-14