Num_Acc,hrmn,lum,dep,com,agg,int,atm,col,adr,lat,long,heure,date
202400006156,11:17,Plein jour,57,57143,1,1,1,6.0,N52,49.259233,6.100389,11:17:00,2024-09-14
202400006157,20:15,,75,75120,2,1,1,3.0,RUE D AVRON,48.85214,2.402963,20:15:00,2024-11-26
202400006158,16:30,Plein jour,2A,2A004,2,1,1,6.0,KENNEDY AV PRESIDENT,41.93057,8.7372,16:30:00,2024-04-26
202400006159,15:45,Plein jour,95,95210,2,1,1,3.0,D15,48.96894874,2.29645719,15:45:00,2024-04-26
202400006160,15:10,Plein jour,75,75118,2,3,2,1.0,RUE MARX DORMOY,48.886104,2.359487,15:10:00,2024-11-27
202400006161,20:00,Crépuscule,95,95427,2,1,1,3.0,JULES FERRY (RUE),48.96263584,2.3387146,20:00:00,2024-04-25
202400006162,17:45,Plein jour,38,38412,2,3,1,5.0,D520,45.388588,5.724258,17:45:00,2024-09-15
202400006163,16:05,Plein jour,75,75117,2,2,1,6.0,AVENUE DE LA PORTE DE CLICHY,48.895217,2.311983,16:05:00,2024-11-27
202400006164,10:45,Plein jour,95,95555,2,1,1,7.0,VILLA PROSPER MERIMEE,48.964404,2.28683,10:45:00,2024-04-26
202400006165,23:55,,75,75117,2,1,1,6.0,RUE GUY MOQUET,48.89144,2.31991,23:55:00,2024-11-26
202400006166,10:25,Plein jour,91,91421,2,9,1,6.0,BOIS (RUE DES),48.705885,2.454006,10:25:00,2024-04-26
202400006167,18:30,Plein jour,69,69047,1,2,1,3.0,Montée du Chevronet,45.90213941,4.67639974,18:30:00,2024-09-16
202400006168,18:35,Plein jour,91,91027,2,1,1,6.0,RUE EDOUARD VAILLANT,48.7071,2.39614,18:35:00,2024-04-26
202400006169,08:25,Plein jour,75,75111,2,3,2,6.0,RUE DU CHEMIN VERT,48.858143,2.371945,08:25:00,2024-11-27
202400006170,13:45,Plein jour,50,50643,1,1,1,3.0,D650,49.577565,-1.708497,13:45:00,2024-09-16
202400006171,08:15,Plein jour,91,91027,2,1,1,3.0,RUE BERNARD LATHIERE,48.71362,2.3784,08:15:00,2024-04-26
202400006172,16:30,,75,75110,2,2,2,6.0,RUE DU FAUBOURG POISSONNIERE,48.875781,2.348248,16:30:00,2024-11-27
202400006173,12:25,Plein jour,14,14488,1,1,1,2.0,Rue de Ouistreham,49.276947,-0.281053,12:25:00,2024-09-16
202400006174,15:40,Plein jour,83,83137,2,1,1,3.0,THIERRY (AVE AUGUSTIN),43.11995,5.94907,15:40:00,2024-04-25
202400006175,07:10,,75,75109,2,3,1,3.0,RUE D AMSTERDAM,48.880439,2.327055,07:10:00,2024-11-27
202400006176,11:15,Plein jour,35,35363,1,1,1,6.0,les Tremblais,48.025216,-1.684492,11:15:00,2024-09-15
202400006177,00:35,Nuit sans éclairage,83,83062,1,1,1,2.0,DRAGUIGNAN (AVENUE DE),43.14410017,6.03842676,00:35:00,2024-04-25
202400006178,07:39,Crépuscule,60,60103,2,1,1,2.0,D931,49.411441,2.237166,07:39:00,2024-09-16
202400006179,18:45,,75,75108,2,3,2,2.0,RUE DE MONCEAU,48.874978,2.305939,18:45:00,2024-11-27
202400006180,15:52,Plein jour,83,83069,2,1,1,6.0,SERRES (BOULEVARD OLIVIER DE),43.12334678,6.1469132,15:52:00,2024-04-23
202400006181,12:59,Plein jour,75,75108,2,7,1,7.0,ROND POINT CHAMPS ELYSEES MARCEL DASSAUL,48.868982,2.310114,12:59:00,2024-11-27
202400006182,16:50,Plein jour,80,80021,2,1,1,3.0,Port d'Amont,49.89495,2.30829,16:50:00,2024-04-22
202400006183,08:30,Plein jour,75,75108,2,1,1,6.0,IMPASSE D ANTIN,48.867179,2.309245,08:30:00,2024-11-27
202400006184,19:15,Plein jour,78,78418,1,1,1,3.0,ONZE NOVEMBRE 1918 (RUE DU),48.91672,2.14979,19:15:00,2024-04-26
202400006185,22:40,,75,75107,2,3,1,3.0,QUAI VOLTAIRE,48.859396,2.32974,22:40:00,2024-11-26
202400006186,15:48,Plein jour,13,13211,1,1,1,3.0,A50-Sens Aubagne vers Marseille,43.2909,5.4811,15:48:00,2024-09-15
202400006187,19:15,Plein jour,78,78609,1,1,1,1.0,CD 28,49.01257,1.90811,19:15:00,2024-04-26
202400006188,20:15,,75,75101,2,1,1,1.0,RUE DE RIVOLI,48.862492,2.336065,20:15:00,2024-11-26
202400006189,20:27,Crépuscule,13,13212,1,1,1,2.0,A507 sens Aubagne- Marseille,43.2929,5.4242,20:27:00,2024-09-14
202400006190,09:40,Plein jour,78,78401,2,1,1,6.0,TESSANCOURT (RUE DE),49.0099,1.90618,09:40:00,2024-04-26
202400006191,15:50,Plein jour,75,75102,2,1,1,6.0,RUE BACHAUMONT,48.8661,2.345231,15:50:00,2024-11-26
202400006192,15:20,Plein jour,78,78382,2,9,8,6.0,PONTOISE (RUE DE),49.00206,2.05941,15:20:00,2024-04-26
202400006193,14:00,Plein jour,13,13211,1,1,1,2.0,A50-Sens Aubagne vers Marseille,43.2944,5.4683,14:00:00,2024-09-14
202400006194,15:20,Plein jour,75,75101,2,2,1,6.0,BOULEVARD DE SEBASTOPOL,48.861985,2.350165,15:20:00,2024-11-26
202400006195,07:00,,94,94081,2,3,1,3.0,Quai Jules Guesde,48.80448929,2.40861109,07:00:00,2024-11-27
202400006196,19:45,Plein jour,76,76108,2,3,1,6.0,Route de Neufchâtel,49.46467256,1.11449651,19:45:00,2024-04-26
202400006197,12:30,Plein jour,13,13033,1,1,1,2.0,A55-Sens Marseille vers Martigues,43.373156,5.18513,12:30:00,2024-09-14
202400006198,18:10,,94,94037,2,2,2,1.0,Rue Charles Frérot,48.81494,2.34887,18:10:00,2024-11-27
202400006199,16:55,Plein jour,83,83137,1,1,1,2.0,A50,43.12717959,5.91671394,16:55:00,2024-09-14
202400006200,12:40,Plein jour,72,72181,2,6,1,3.0,LECOUTEUX LIONEL (PL) A PARTIR DU N° 4,48.00558,0.20161,12:40:00,2024-04-26
202400006201,12:35,Plein jour,94,94041,2,1,2,3.0,Rue Amédée Huon,48.8048313,2.38744578,12:35:00,2024-11-27
202400006202,12:30,Plein jour,91,91689,1,1,1,2.0,AUTOROUTE A6,48.73001,2.3147,12:30:00,2024-09-15
202400006203,14:10,Plein jour,94,94073,2,1,1,1.0,2 Rue des Alouettes,48.752534,2.371701,14:10:00,2024-11-27
202400006204,20:45,,67,67482,2,3,1,3.0,VICTOIRE (BOULEVARD DE LA),48.58098188,7.7697587,20:45:00,2024-04-25
202400006205,07:05,Crépuscule,75,75113,1,1,1,2.0,A6B,48.816409,2.358981,07:05:00,2024-09-15
202400006206,19:15,,94,94022,2,9,2,1.0,1 Boulevard des Alliés,48.764532,2.405255,19:15:00,2024-11-27
202400006207,19:33,Plein jour,78,78158,1,1,1,6.0,A13,48.840989,2.104863,19:33:00,2024-09-15
202400006208,16:15,Plein jour,66,66136,2,1,1,2.0,Unknown,42.72770347,2.90000439,16:15:00,2024-04-26
202400006209,23:15,,93,93066,2,3,1,3.0,COLONEL FABIEN (AVENUE),48.9448,2.3535,23:15:00,2024-11-26
202400006210,17:30,Plein jour,66,66136,1,1,1,2.0,R D 900,42.67989836,2.86277533,17:30:00,2024-04-24
202400006211,16:20,Plein jour,78,78646,1,1,1,5.0,RN12,48.791383,2.102041,16:20:00,2024-09-15
202400006212,18:20,,92,92033,2,1,2,6.0,SURESNES,48.8469267,2.19578862,18:20:00,2024-11-27
202400006213,11:50,Plein jour,64,64260,2,9,1,3.0,EMPEREUR (BOULEVARD DE ),43.35556,-1.76767,11:50:00,2024-04-26
202400006214,15:30,Plein jour,78,78217,1,1,1,2.0,A13,48.965884,1.814129,15:30:00,2024-09-15
202400006215,18:30,Crépuscule,92,92064,2,2,2,6.0,ARMENGAUD,48.85052,2.21705,18:30:00,2024-11-27
202400006216,22:27,,64,64102,2,1,1,6.0,FORGUES FERNAND (AVENUE),43.4869,-1.48029,22:27:00,2024-04-24
202400006217,13:10,Plein jour,92,92012,1,1,1,7.0,A13,48.84842319,2.22997214,13:10:00,2024-09-15
202400006218,19:45,Plein jour,62,62771,2,1,1,6.0,Rue de Meurchin,50.41669,2.87899,19:45:00,2024-04-22
202400006219,15:57,Crépuscule,92,92064,2,2,2,3.0,REPUBLIQUE,48.85793621,2.21083884,15:57:00,2024-11-27
202400006220,06:35,Nuit sans éclairage,78,78431,1,1,1,5.0,A13,48.943571,1.950825,06:35:00,2024-09-15
202400006221,08:33,Plein jour,92,92063,2,3,2,3.0,HUGO (AVENUE VICTOR),48.88596187,2.17570268,08:33:00,2024-11-27
202400006222,23:35,,62,62178,2,2,8,3.0,D841,50.49066757,2.56485918,23:35:00,2024-04-26
202400006223,05:40,Nuit sans éclairage,78,78646,1,1,1,6.0,RN12,48.789835,2.119552,05:40:00,2024-09-15
202400006224,09:50,Plein jour,92,92050,2,1,2,5.0,BOULEVARD DE LA DEFENSE,48.90724565,2.21318342,09:50:00,2024-11-27
202400006225,18:30,Plein jour,57,57143,2,1,1,3.0,JOFFRE (RUE),49.25988,6.08995,18:30:00,2024-04-22
202400006226,16:05,Plein jour,74,74012,2,3,1,1.0,SALEVE (RUE DU),46.1928,6.2286,16:05:00,2024-07-04
202400006227,09:18,Plein jour,92,92050,2,1,2,6.0,REPUBLIQUE AVENUE DE LA,48.89737062,2.19760314,09:18:00,2024-11-27
202400006228,15:20,Plein jour,54,54482,2,1,1,6.0,Rue Jules Massenet,48.705,6.19824,15:20:00,2024-04-26
202400006229,16:00,Plein jour,74,74012,2,1,1,6.0,VOIRONS (RUE DES),46.19479,6.23396,16:00:00,2024-07-08
202400006230,17:05,Crépuscule,92,92050,2,2,1,3.0,BOUVETS BOULEVARD DES,48.89683,2.22407,17:05:00,2024-11-26
202400006231,18:43,Plein jour,51,51454,2,6,1,3.0,ROUSSEAU (PLACE MAX),49.26471,4.01008,18:43:00,2024-04-26
202400006232,07:40,Plein jour,74,74012,2,1,1,6.0,MARRONIERS (RUE DES),46.18892,6.23959,07:40:00,2024-07-08
202400006233,09:07,Plein jour,92,92040,2,1,2,6.0,RODIN (BOULEVARD),48.81944526,2.25971237,09:07:00,2024-11-27
202400006234,08:00,Plein jour,51,51454,2,6,1,3.0,VAL DE VESLE (BOULEVARD),49.22501,4.09663,08:00:00,2024-04-26
202400006235,15:00,Plein jour,974,97415,2,1,8,7.0,Chemin du Tour des Roches,-21.005967,55.299763,15:00:00,2024-11-25
202400006236,15:35,Plein jour,74,74010,2,2,1,2.0,CRETE (DE LA),45.91251,6.11255,15:35:00,2024-06-26
202400006237,07:15,Nuit sans éclairage,95,95487,2,6,1,3.0,GARE (AVENUE DE LA),49.14802966,2.28184819,07:15:00,2024-11-28
202400006238,18:05,Plein jour,51,51172,2,6,1,2.0,NIEPCE (AVENUE NICEPHORE),49.22055,4.06381,18:05:00,2024-04-25
202400006239,06:25,Plein jour,74,74010,2,1,1,6.0,SOMMEILLER,45.901,6.1225,06:25:00,2024-07-05
202400006240,15:00,Plein jour,31,31446,2,1,1,6.0,67 Avenue Tolosane,43.54653367,1.47396118,15:00:00,2024-11-27
202400006241,16:10,Plein jour,51,51454,2,3,1,6.0,FOULQUART (RUE),49.27819,4.01521,16:10:00,2024-04-24
202400006242,11:30,Plein jour,50,50502,1,9,1,6.0,VIEUX CANDOL,49.09877,-1.11946,11:30:00,2024-04-25
202400006243,09:00,Plein jour,74,74010,2,1,1,5.0,GERMAIN PERREARD (AVENUE),45.91094,6.11323,09:00:00,2024-06-18
202400006244,14:30,Plein jour,44,44193,1,1,1,2.0,10 le Jarrier,47.642803,-1.515437,14:30:00,2024-11-28
202400006245,00:40,,49,49007,1,2,1,3.0,BOISNET RUE,47.47438,-0.55235,00:40:00,2024-04-27
202400006246,03:40,Nuit sans éclairage,81,81101,1,6,1,7.0,N88,43.994729,2.170824,03:40:00,2024-11-28
202400006247,15:23,Plein jour,49,49007,2,2,1,3.0,BIRGE BOULEVARD,47.47444,-0.51963,15:23:00,2024-04-26
202400006248,20:10,Plein jour,49,49007,2,1,1,7.0,MOULIN BOULEVARD,47.49228,-0.55441,20:10:00,2024-04-25
202400006249,17:25,Plein jour,11,11397,2,3,1,5.0,Unknown,43.206818,2.436626,17:25:00,2024-11-27
202400006250,13:40,Plein jour,42,42044,2,3,1,2.0,Rue Honore d’Urfe,45.39497348,4.33567107,13:40:00,2024-04-26
202400006251,19:35,Plein jour,38,38169,2,8,1,3.0,AVENUE ARISTIDE BRIAND,45.19069,5.68934,19:35:00,2024-04-26
202400006252,15:40,Plein jour,89,89464,2,2,1,1.0,Unknown,48.089041,3.286731,15:40:00,2024-11-28
202400006253,10:10,Plein jour,61,61230,1,1,1,6.0,D8,48.526304,0.71322,10:10:00,2024-11-28
202400006254,19:40,Plein jour,37,37261,2,3,1,3.0,FROMENTEL (RUE),47.37668,0.67558,19:40:00,2024-04-26
202400006255,04:55,Nuit avec éclairage,86,86281,1,6,1,6.0,Les 4 Vents,46.685593,0.302116,04:55:00,2024-11-27
202400006256,12:00,Plein jour,33,33519,1,1,1,6.0,Unknown,44.894108,-0.673454,12:00:00,2024-08-11
202400006257,19:00,Nuit sans éclairage,31,31232,1,3,5,1.0,Avenue de Gascogne,43.779089,1.267505,19:00:00,2024-11-27
202400006258,12:50,Plein jour,37,37261,2,1,1,4.0,DE GAULLE (AVENUE DU GENERAL),47.38087,0.69884,12:50:00,2024-04-26
202400006259,08:45,Plein jour,14,14488,2,1,1,1.0,12 Rue Gambetta,49.277895,-0.259367,08:45:00,2024-08-10
202400006260,08:30,Plein jour,37,37214,1,1,1,7.0,RD 37,47.39512944,0.6470376,08:30:00,2024-04-26
202400006261,18:30,Nuit sans éclairage,15,15215,1,3,1,2.0,RD 17,44.977466,2.521513,18:30:00,2024-11-22
202400006262,14:40,Plein jour,80,80799,2,2,1,3.0,D1029,49.870532,2.511808,14:40:00,2024-07-29
202400006263,08:36,Plein jour,01,01163,1,1,1,7.0,Route de Montrevel,46.36581,5.169336,08:36:00,2024-11-27
202400006264,12:45,Plein jour,35,35281,1,6,1,3.0,DODIN (AVENUE ROGER),48.07430359,-1.712282,12:45:00,2024-04-26
202400006265,11:59,Plein jour,69,69034,1,1,1,3.0,Boulevard Périphérique Nord,45.79347606,4.87557607,11:59:00,2024-08-09
202400006266,13:55,Plein jour,35,35238,2,1,2,6.0,CHAMPION DE CICE,48.10255,-1.70405,13:55:00,2024-04-26
202400006267,21:25,Nuit sans éclairage,72,72125,1,1,2,1.0,D357,47.94930189,0.642322,21:25:00,2024-11-27
202400006268,15:30,Plein jour,91,91235,1,1,1,6.0,RN 445,48.627,2.3545,15:30:00,2024-08-10
202400006269,19:30,Plein jour,35,35238,2,3,1,2.0,MITTERAND (MAIL FRANCOIS),48.10839355,-1.69597417,19:30:00,2024-04-25
202400006270,13:10,Plein jour,07,07199,1,6,7,6.0,D104,44.49132,4.274256,13:10:00,2024-11-27
202400006271,12:10,Plein jour,91,91689,1,1,1,2.0,AUTOROUTE A10,48.7284,2.3053,12:10:00,2024-08-10
202400006272,14:10,Plein jour,34,34172,2,1,2,3.0,NIMES (AVENUE DE),43.61936,3.8879,14:10:00,2024-04-26
202400006273,22:00,Nuit sans éclairage,91,91521,1,1,2,2.0,AUTOROUTE A6,48.6362,2.39973,22:00:00,2024-08-09
202400006274,16:20,Plein jour,07,07327,1,3,1,2.0,D104,44.521325,4.330206,16:20:00,2024-11-27
202400006275,17:30,Plein jour,31,31555,2,1,1,7.0,ETATS UNIS (AV DES) DU 1AU 281,43.65814,1.4197,17:30:00,2024-04-26
202400006276,20:55,,30,30170,2,1,1,3.0,Plaine de Cavaillac,43.973646,3.587422,20:55:00,2024-11-27
202400006277,14:10,Plein jour,31,31555,2,1,1,6.0,BAYONNE (ROUTE DE ),43.60936,1.35442,14:10:00,2024-04-26
202400006278,18:37,,76,76684,1,1,1,6.0,RN.182 Bretelle de sortie Bolbec,49.47744232,0.45833489,18:37:00,2024-11-28
202400006279,19:25,Plein jour,92,92047,1,1,1,4.0,A13,48.83397544,2.16646875,19:25:00,2024-08-10
202400006280,15:40,Plein jour,31,31433,1,1,1,2.0,Autoroute  A64,43.534487,1.390661,15:40:00,2024-11-23
202400006281,17:08,Plein jour,27,27229,2,3,2,6.0,MEILET (RUE DU),49.02573,1.14651,17:08:00,2024-04-26
202400006282,17:30,Nuit sans éclairage,06,06152,1,1,1,6.0,2600 Route des Cretes,43.627506,7.049666,17:30:00,2024-11-27
202400006283,13:54,Plein jour,92,92064,1,1,1,2.0,A13,48.83954496,2.20338008,13:54:00,2024-08-10
202400006284,13:27,Plein jour,27,27229,2,6,1,3.0,ORLEANS (RUE D'),48.998639,1.154905,13:27:00,2024-04-26
202400006285,00:47,Nuit avec éclairage,26,26058,1,1,1,6.0,Montee du Long,44.96449,4.88715,00:47:00,2024-04-24
202400006286,12:15,Plein jour,78,78007,1,1,1,6.0,A13W,48.896701,2.00652,12:15:00,2024-08-10
202400006287,09:00,Plein jour,13,13040,1,1,1,2.0,D6,43.479448,5.556121,09:00:00,2024-11-28
202400006288,12:40,Plein jour,25,25547,2,1,1,1.0,AVENUE LECLERC,47.51414,6.82906,12:40:00,2024-04-23
202400006289,07:25,,78,78089,2,3,2,3.0,Avenue Aristide Briand,49.035838,1.57481,07:25:00,2024-11-25
202400006290,10:40,Plein jour,95,95604,1,1,1,4.0,A1,49.10819189,2.55180077,10:40:00,2024-08-10
202400006291,15:30,Plein jour,66,66180,2,9,1,6.0,Avenue Urbain Paret,42.773613,2.988091,15:30:00,2024-11-27
202400006292,19:45,Plein jour,22,22113,2,1,1,2.0,DE LA FAYETTE (BOULEVARD),48.73758,-3.44482,19:45:00,2024-04-26
202400006293,12:10,Plein jour,18,18279,2,1,1,3.0,46 Rue Jules Louis Breton,47.220805,2.078819,12:10:00,2024-04-25
202400006294,15:55,Plein jour,34,34166,1,3,1,6.0,D128 montblanc,43.357255,3.332098,15:55:00,2024-11-27
202400006295,07:55,Plein jour,93,93006,1,1,1,6.0,AUTOROUTE A3,48.86759911,2.42748043,07:55:00,2024-08-10
202400006296,19:50,,83,83065,1,1,1,7.0,Route Departementale 98a,43.264017,6.611875,19:50:00,2024-11-28
202400006297,16:40,Plein jour,14,14366,2,3,1,7.0,11 Place François Mitterrand,49.14613,0.225,16:40:00,2024-04-26
202400006298,12:50,Plein jour,987,98735,1,1,1,3.0,PIERRE LOTI (ALLEE),-17.53883,-149.55474,12:50:00,2024-08-09
202400006299,17:40,Plein jour,13,13056,2,3,1,2.0,FLEMING AVENUE DU ALEXANDER,43.41759,5.05848,17:40:00,2024-04-03
202400006300,11:00,Plein jour,13,13094,2,6,1,3.0,D99,43.786865,4.752614,11:00:00,2024-11-28
202400006301,20:10,Plein jour,13,13203,2,1,1,2.0,CHARPENTIER (BOULEVARD),43.31,5.37,20:10:00,2024-04-26
202400006302,18:00,Crépuscule,974,97409,1,9,1,3.0,CHEMIN AGENOR,-20.93395,55.65969,18:00:00,2024-08-09
202400006303,15:30,Plein jour,13,13005,2,1,8,3.0,DOUARD (AVENUE DU),43.286,5.597,15:30:00,2024-04-26
202400006304,11:00,Plein jour,974,97409,2,3,1,3.0,PENTE SASSY (chemin de la),-20.96675,55.65952,11:00:00,2024-08-09
202400006305,17:15,Crépuscule,50,50139,2,3,2,3.0,Rue du Focq,49.054105,-1.030177,17:15:00,2024-11-27
202400006306,19:05,Plein jour,09,09207,1,1,1,2.0,ROUTE NATIONALE 20,42.93137,1.62938,19:05:00,2024-04-26
202400006307,20:10,Nuit sans éclairage,974,97407,1,1,1,6.0,ROUTE NATIONALE N° 1,-20.95427,55.31368,20:10:00,2024-08-07
202400006308,13:15,Plein jour,59,59139,2,1,1,6.0,Rue Mal Delattre de Tassigny,50.117269,3.416169,13:15:00,2024-11-20
202400006309,04:55,,06,06088,2,2,1,2.0,20 Avenue Saint-Jean-Baptiste,43.70132,7.27781,04:55:00,2024-04-26
202400006310,02:04,,06,06088,2,1,1,6.0,118 Avenue des Arènes de Cimiez,43.714193,7.274951,02:04:00,2024-04-26
202400006311,22:27,Nuit sans éclairage,13,13043,1,1,1,6.0,A55 - Sens Marseille vers Martigues,43.39166,5.26445,22:27:00,2024-11-27
202400006312,18:20,Plein jour,973,97302,2,1,1,3.0,REPUBLIQUE (BD DE LA),4.93919116,-52.31861883,18:20:00,2024-08-09
202400006313,23:10,,33,33063,1,1,1,6.0,Unknown,44.880716,-0.541372,23:10:00,2024-11-25
202400006314,09:00,Plein jour,06,06069,2,6,1,3.0,36 Avenue Sidi Brahim,43.64989,6.93199,09:00:00,2024-04-26
202400006315,21:40,Nuit sans éclairage,33,33080,1,1,1,6.0,Unknown,44.733139,-0.531566,21:40:00,2024-11-25
202400006316,19:45,,973,97302,2,1,1,3.0,MONTABO (ROUTE DE) 1,4.94412,-52.3091,19:45:00,2024-08-09
202400006317,11:10,Plein jour,06,06027,2,1,2,3.0,Rue Jules Verne,43.661,7.144,11:10:00,2024-04-26
202400006318,07:30,Plein jour,973,97302,2,1,1,3.0,BADUEL (ROUTE DE),4.93543,-52.31284,07:30:00,2024-08-07
202400006319,22:30,,75,75117,2,1,1,3.0,BD PERIPHERIQUE EXTERIEUR,48.88826,2.29189,22:30:00,2024-04-24
202400006320,08:35,Plein jour,91,91661,1,1,2,5.0,AUTOROUTE A10,48.69588,2.23593,08:35:00,2024-11-27
202400006321,01:15,,69,69386,2,2,1,3.0,Cours Vitton,45.76932,4.85044,01:15:00,2024-08-10
202400006322,21:06,,75,75116,2,1,1,4.0,BD PERIPHERIQUE EXTERIEUR,48.874475,2.275778,21:06:00,2024-04-24
202400006323,10:30,Plein jour,75,75106,2,1,1,6.0,RUE DE RENNES,48.846151,2.326096,10:30:00,2024-04-26
202400006324,10:00,Plein jour,92,92025,1,1,2,4.0,A86,48.93542176,2.2605831,10:00:00,2024-11-27
202400006325,20:36,Plein jour,69,69383,2,1,1,3.0,Rue Maurice Flandin,45.76001,4.86299,20:36:00,2024-08-09
202400006326,20:00,Plein jour,75,75119,2,2,1,1.0,RUE PETIT,48.88567,2.386902,20:00:00,2024-04-26
202400006327,05:05,Crépuscule,69,69387,2,1,1,6.0,Avenue Leclerc,45.74471,4.83054,05:05:00,2024-08-09
202400006328,09:20,Plein jour,92,92036,1,1,1,2.0,A86,48.93568401,2.26177329,09:20:00,2024-11-26
202400006329,09:40,Plein jour,75,75118,2,2,1,6.0,BOULEVARD DE CLICHY,48.88467,2.329466,09:40:00,2024-04-26
202400006330,18:04,Plein jour,75,75116,2,1,1,6.0,AVENUE FOCH,48.872619,2.279392,18:04:00,2024-04-26
202400006331,21:25,Nuit sans éclairage,92,92025,1,1,2,6.0,A86,48.92973823,2.24175921,21:25:00,2024-11-25
202400006332,15:54,Plein jour,972,97213,1,1,1,5.0,ROUTE NATIONALE 5,14.59642,-60.9953,15:54:00,2024-08-09
202400006333,17:25,Plein jour,75,75116,2,1,1,3.0,ROUTE DE SURESNES,48.864013,2.23662,17:25:00,2024-04-23
202400006334,16:51,Plein jour,78,78007,1,1,1,4.0,A13 Y,48.898434,2.005777,16:51:00,2024-11-25
202400006335,16:50,Plein jour,972,97213,1,1,1,2.0,ROUTE DEPARTEMENTALE 14,14.6211,-61.01958,16:50:00,2024-08-09
202400006336,10:50,Plein jour,75,75115,2,1,1,1.0,AVENUE FELIX FAURE,48.84183,2.28974,10:50:00,2024-04-26
202400006337,01:55,Nuit sans éclairage,78,78423,1,1,2,6.0,RN12,48.79737,2.04092,01:55:00,2024-11-19
202400006338,19:45,Nuit sans éclairage,92,92023,1,1,2,2.0,A86 EXT ,48.7769763,2.22831062,19:45:00,2024-11-18
202400006339,15:17,Plein jour,75,75113,2,2,1,6.0,BOULEVARD AUGUSTE BLANQUI,48.831091,2.344245,15:17:00,2024-04-26
202400006340,23:15,Nuit sans éclairage,93,93006,1,1,1,7.0,AUTOROUTE A3,48.8667928,2.42555663,23:15:00,2024-11-26
202400006341,19:30,Nuit sans éclairage,972,97213,1,1,1,5.0,AUTOROUTE A1,14.617811,-61.018731,19:30:00,2024-08-08
202400006342,09:00,Plein jour,75,75113,2,1,1,3.0,AVENUE D IVRY,48.822257,2.367863,09:00:00,2024-04-26
202400006343,19:15,Nuit sans éclairage,93,93048,1,1,1,3.0,AUTOROUTE A3,48.87356555,2.43687765,19:15:00,2024-11-26
202400006344,15:50,Plein jour,972,97209,2,1,1,6.0,RN9,14.59872,-61.05315,15:50:00,2024-08-07
202400006345,21:15,,75,75117,2,5,1,3.0,RUE NOLLET,48.886372,2.32239,21:15:00,2024-04-26
202400006346,16:45,Plein jour,93,93027,1,1,1,5.0,AUTOROUTE A1,48.9344735,2.39765242,16:45:00,2024-11-26
202400006347,01:00,Nuit sans éclairage,971,97113,1,1,1,7.0,SECTION LEROUX,16.23718,-61.47279,01:00:00,2024-08-09
202400006348,05:10,,75,75108,2,2,1,1.0,RUE PASQUIER,48.874192,2.323939,05:10:00,2024-04-26
202400006349,11:35,Plein jour,93,93010,1,1,1,1.0,AUTOROUTE A3,48.91454975,2.47732254,11:35:00,2024-11-26
202400006350,08:46,Plein jour,75,75107,2,1,1,7.0,PONT D IENA,48.859857,2.291979,08:46:00,2024-04-26
202400006351,12:31,Plein jour,91,91570,2,1,7,6.0,RAIE TORTUE (RUE),48.63741,2.30496,12:31:00,2024-08-06
202400006352,23:20,,75,75107,2,3,1,7.0,QUAI D ORSAY,48.862288,2.306328,23:20:00,2024-04-25
202400006353,08:55,Plein jour,95,95572,1,1,1,3.0,A15,49.03324212,2.10687909,08:55:00,2024-11-26
202400006354,22:20,Nuit sans éclairage,75,75112,1,1,1,6.0,A4,48.81664,2.45189,22:20:00,2024-11-24
202400006355,23:10,,75,75101,2,2,2,2.0,RUE DU LOUVRE,48.865282,2.343077,23:10:00,2024-04-26
202400006356,16:00,Plein jour,91,91064,1,3,1,3.0,"GISY (ROUTE, JUSQU'A BUROSPACE)",48.76141,2.21557,16:00:00,2024-08-03
202400006357,02:40,,77,77288,2,1,1,7.0,rue de l'industrie,48.526164,2.655838,02:40:00,2024-11-10
202400006358,11:45,Plein jour,75,75104,2,3,1,6.0,RUE DE RIVOLI,48.85512,2.361707,11:45:00,2024-04-26
202400006359,16:45,Plein jour,91,91114,2,1,1,6.0,AV PIERRE PROST,48.700493,2.493658,16:45:00,2024-08-05
202400006360,18:30,Plein jour,76,76565,1,9,1,3.0,RD 915,49.89514,1.07785,18:30:00,2024-08-28
202400006361,09:45,Plein jour,94,94081,2,2,7,6.0,Rue du Bel Air / Rue du Gal Malleret Joinville,48.78113679,2.40316039,09:45:00,2024-04-26
202400006362,14:45,Plein jour,73,73107,2,1,1,6.0,D45,45.453004,5.882095,14:45:00,2024-08-31
202400006363,00:25,,91,91687,2,3,1,6.0,VICTOR SCHOELCHER (AVENUE),48.652,2.37,00:25:00,2024-08-10
202400006364,22:00,Nuit sans éclairage,73,73315,1,1,1,6.0,D925,45.50557996,6.16840939,22:00:00,2024-08-15
202400006365,07:25,Plein jour,94,94067,2,3,1,3.0,Avenue Gallieni / Avenue Quihou,48.84665,2.41647,07:25:00,2024-04-26
202400006366,23:11,Nuit avec éclairage,73,73213,1,1,1,6.0,D1006 Av de Chambery,45.56713183,5.96480401,23:11:00,2024-07-14
202400006367,06:00,Plein jour,91,91027,2,1,1,3.0,AV FRANCOIS MITTERRAND,48.70883,2.37135,06:00:00,2024-08-09
202400006368,19:40,Plein jour,94,94078,2,2,1,6.0,Avenue de Choisy,48.74861,2.43515,19:40:00,2024-04-26
202400006369,00:45,,94,94073,2,3,1,6.0,Rue des Alouettes / Rue du Courson,48.75015,2.37,00:45:00,2024-04-26
202400006370,19:30,Plein jour,73,73100,1,1,1,1.0,D916A,45.54689,5.678591,19:30:00,2024-06-29
202400006371,12:15,Plein jour,89,89024,2,1,1,3.0,SAINT-GEORGES (AVENUE DE) N° IMPAIRS,47.79708,3.54621,12:15:00,2024-08-08