Num_Acc,hrmn,lum,dep,com,agg,int,atm,col,adr,lat,long,heure,date
202400006372,16:45,Plein jour,94,94028,2,5,1,6.0,Rue de Paris / Rue Jean Jaurès,48.795375,2.458899,16:45:00,2024-04-24
202400006373,11:40,Plein jour,74,74031,1,2,2,2.0,D1201,46.094063,6.103989,11:40:00,2024-09-28
202400006374,17:05,Plein jour,87,87085,2,1,1,6.0,COMBES (RUE DES),45.83228,1.25855,17:05:00,2024-08-06
202400006375,13:30,Plein jour,94,94048,2,6,1,3.0,Avenue de Grosbois,48.72955911,2.5416044,13:30:00,2024-04-26
202400006376,13:45,Plein jour,93,93029,2,1,2,1.0,Rue Sacco Et Vanzetti,48.92431,2.45147,13:45:00,2024-05-29
202400006377,21:15,,84,84007,2,1,1,1.0,SAINT ROCH (BOULEVARD),43.94255,4.80552,21:15:00,2024-08-09
202400006378,18:00,Plein jour,93,93059,2,1,1,3.0,Avenue Élisée Reclus,48.951332,2.357931,18:00:00,2024-04-26
202400006379,13:29,Plein jour,93,93029,2,3,2,3.0,Avenue Henri Barbusse / Rue Pegoud,48.92277256,2.45747557,13:29:00,2024-05-29
202400006380,18:15,Plein jour,84,84007,2,1,1,7.0,PETUNIAS (RUE DES),43.941972,4.842392,18:15:00,2024-08-06
202400006381,01:20,,93,93001,2,9,1,6.0,Avenue Jean Jaurès,48.91798,2.40751,01:20:00,2024-04-26
202400006382,03:55,,93,93029,2,3,1,6.0,Avenue Jean Jaures / Rue de la Liberte,48.91778984,2.45533884,03:55:00,2024-05-28
202400006383,11:25,Plein jour,93,93066,2,3,1,6.0,Rue Gabriel Péri / Rue de la Barbacane,48.93017168,2.35649228,11:25:00,2024-04-26
202400006384,09:00,Plein jour,84,84007,2,1,1,2.0,C.De GAULLE (Rocade),43.93859,4.78379,09:00:00,2024-08-08
202400006385,21:15,Nuit sans éclairage,93,93015,2,3,1,3.0,Rue de la Dhuys,48.91553556,2.58970213,21:15:00,2024-04-24
202400006386,16:30,Plein jour,93,93029,2,3,1,6.0,Rue Sedov / Rue Henri Creuzillet,48.92172379,2.42015719,16:30:00,2024-05-27
202400006387,11:30,Plein jour,83,83137,2,2,1,6.0,GOURAUD (AVE GENERAL),43.13504,5.91642,11:30:00,2024-08-09
202400006388,18:45,Plein jour,93,93014,2,2,1,3.0,Allee du Chene Pointu / Allée de Gagny,48.9015,2.54705,18:45:00,2024-04-25
202400006389,18:50,Plein jour,93,93029,2,2,1,3.0,Rue Ambroise Thomas / Rue Jules Verne,48.9222772,2.42026538,18:50:00,2024-05-25
202400006390,08:40,Plein jour,83,83137,2,1,1,6.0,MOULINS (AVE DES DE 328 A FIN,43.14023,5.91312,08:40:00,2024-08-09
202400006391,13:50,Plein jour,92,92022,2,1,1,3.0,JOUY (RUE DE),48.79994272,2.18606266,13:50:00,2024-04-25
202400006392,06:50,Plein jour,83,83103,2,1,1,1.0,BARBOULENE (CHEMIN DE),43.18128,5.92326,06:50:00,2024-08-07
202400006393,18:55,Plein jour,93,93029,2,1,1,6.0,Rue Charles De Gaulle,48.9229,2.44585,18:55:00,2024-05-24
202400006394,21:45,Nuit sans éclairage,92,92050,2,6,2,3.0,CLEMENCEAU GEORGES AVENUE N° PAIR,48.88696774,2.20069805,21:45:00,2024-04-26
202400006395,09:45,Plein jour,93,93029,2,1,1,2.0,Boulevard Paul Vaillant Couturier,48.92278,2.44724,09:45:00,2024-05-24
202400006396,18:45,Plein jour,80,80021,2,6,1,3.0,Avenue du 14 Juillet 1789,49.875573,2.282224,18:45:00,2024-08-09
202400006397,09:35,Plein jour,92,92036,2,3,1,3.0,MARCEL PAUL (AVENUE) (1/103),48.94261369,2.30296755,09:35:00,2024-04-25
202400006398,12:45,Plein jour,93,93013,2,1,1,3.0,Rue de la Butte,48.92984,2.42213,12:45:00,2024-05-23
202400006399,15:30,Plein jour,92,92025,2,1,1,1.0,EDGARD QUINET (BD),48.92443261,2.24777913,15:30:00,2024-04-25
202400006400,19:10,Plein jour,92,92024,2,7,1,6.0,MARTRE (RUE) DE (59 A 109)   (58 A 120),48.90114775,2.30784237,19:10:00,2024-04-26
202400006401,09:32,Plein jour,93,93029,2,2,1,3.0,Avenue Henri Barbusse / Avenue Jean Jaures,48.91967696,2.45105267,09:32:00,2024-05-21
202400006402,18:15,Plein jour,78,78418,2,6,1,3.0,PABLO PICASSO (RUE),48.911953,2.146518,18:15:00,2024-08-06
202400006403,18:40,Plein jour,92,92024,2,2,1,3.0,CLICHY (QUAI DE) DE (8 A 60),48.90853151,2.30012494,18:40:00,2024-04-22
202400006404,20:40,Plein jour,93,93029,2,1,8,6.0,Rue Anatole France,48.92506764,2.44803786,20:40:00,2024-05-17
202400006405,06:00,,78,78297,2,1,1,6.0,JAURES (BOULEVARD JEAN),48.77297,2.07813,06:00:00,2024-08-09
202400006406,14:12,Plein jour,92,92019,2,1,1,2.0,SACLAY (RUE DE),48.76091,2.27991,14:12:00,2024-04-26
202400006407,09:10,Plein jour,13,13214,1,1,1,7.0,A507 sens Aubagne- Marseille,43.33003215,5.39614677,09:10:00,2024-07-30
202400006408,17:22,Plein jour,92,92012,2,1,1,3.0,ALPHONSE LE GALLO (QUAI) 1/34,48.83056,2.22789,17:22:00,2024-04-26
202400006409,13:50,Plein jour,54,54285,1,1,1,7.0,D23c,48.74994987,6.54718637,13:50:00,2024-04-27
202400006410,15:35,Plein jour,72,72181,1,6,1,2.0,TOURS (RTE) LIGNE DROITE DES HUNAUDIERES,47.9551,0.22762,15:35:00,2024-08-08
202400006411,12:30,Plein jour,13,13215,1,1,1,4.0,A7-Sens Marseille vers Lyon,43.35434,5.3643,12:30:00,2024-07-27
202400006412,08:05,Plein jour,57,57677,2,9,2,7.0,Grand Rue,49.245961,6.224511,08:05:00,2024-04-27
202400006413,20:40,Crépuscule,13,13056,1,1,1,7.0,A55-Sens Marseille vers Martigues,43.4098,5.03777,20:40:00,2024-07-25
202400006414,18:15,Plein jour,95,95487,2,1,2,6.0,D929Z,49.151289,2.29161,18:15:00,2024-04-27
202400006415,08:50,Plein jour,71,71270,2,9,1,3.0,PILLET (RUE CHARLES),46.29701,4.8163,08:50:00,2024-08-09
202400006416,01:39,Nuit sans éclairage,13,13005,1,1,1,7.0,A501-Sens Aubagne vers Pont de l'Etoile,43.29385952,5.55725008,01:39:00,2024-07-25
202400006417,01:10,Nuit sans éclairage,71,71556,1,1,1,6.0,autoroute A6 PK 392+400 sens Paris - Lyon,46.274743,4.787657,01:10:00,2024-04-27
202400006418,19:00,Plein jour,65,65340,2,1,1,6.0,27 Route de Bours,43.278588,0.106639,19:00:00,2024-04-26
202400006419,10:00,Plein jour,71,71153,2,2,1,3.0,HOCHE,46.79949,4.44487,10:00:00,2024-08-06
202400006420,15:20,Plein jour,13,13215,1,1,1,2.0,A7-Sens Marseille vers Lyon,43.3765,5.35604,15:20:00,2024-07-25
202400006421,07:30,Plein jour,62,62677,1,2,1,3.0,D928,50.34109504,2.02974549,07:30:00,2024-04-27
202400006422,15:40,Plein jour,59,59164,1,1,1,7.0,D43,50.158109,3.577552,15:40:00,2024-04-26
202400006423,05:45,Crépuscule,13,13071,1,1,1,2.0,A7-Sens Lyon vers Marseille,43.40401,5.34161,05:45:00,2024-07-19
202400006424,07:45,Plein jour,69,69266,2,9,1,3.0,Rue de la Poudrette,45.76208097,4.91994008,07:45:00,2024-08-09
202400006425,07:30,Crépuscule,11,11049,2,9,1,6.0,Unknown,43.237123,2.104708,07:30:00,2024-04-22
202400006426,15:39,Plein jour,63,63236,1,1,2,7.0,D130,45.58777867,2.77499324,15:39:00,2024-04-26
202400006427,01:25,Nuit sans éclairage,63,63076,1,1,1,7.0,Chambon-sur-Dolore,45.49463114,3.5974433,01:25:00,2024-04-27
202400006428,10:20,Plein jour,69,69029,2,1,1,6.0,Avenue Camille Rousset,45.73561988,4.91033778,10:20:00,2024-08-09
202400006429,11:40,Plein jour,12,12043,1,1,6,6.0,Route de Cassagnes,44.257218,2.557797,11:40:00,2024-04-27
202400006430,00:30,Nuit sans éclairage,34,34223,1,1,1,6.0,D909 PK10+500,43.43226,3.221312,00:30:00,2024-04-27
202400006431,10:15,Plein jour,31,31537,1,2,1,3.0,Route Departementale 817,43.112861,0.793886,10:15:00,2024-04-27
202400006432,17:15,Plein jour,69,69091,2,2,1,3.0,Rue Romain Rolland,45.60182,4.77054,17:15:00,2024-08-06
202400006433,15:43,Plein jour,02,02795,1,3,1,3.0,Unknown,49.415179,3.106899,15:43:00,2024-04-27
202400006434,00:30,,67,67482,2,1,1,2.0,JEAN MERMOZ (RUE),48.547366,7.770336,00:30:00,2024-08-10
202400006435,15:20,Plein jour,14,14174,1,1,2,1.0,Route de la Roche Baligot,48.869451,-0.589671,15:20:00,2024-04-27
202400006436,14:10,Plein jour,07,07317,2,1,6,7.0,Chemin de Chardenos,45.229909,4.771575,14:10:00,2024-04-27
202400006437,23:25,,66,66136,2,3,1,3.0,Cours Lazare Escarguel,42.69838,2.8873,23:25:00,2024-08-07
202400006438,18:00,Plein jour,24,24316,1,1,1,1.0,Route d'Aquitainne,45.206465,0.033479,18:00:00,2024-04-26
202400006439,00:01,Nuit sans éclairage,85,85020,2,1,1,1.0,D148,46.36816,-0.569239,00:01:00,2024-04-27
202400006440,08:40,Crépuscule,27,27467,2,1,1,6.0,Rue du Maquis Surcouf (Pont-Audemer),49.352375,0.518686,08:40:00,2024-04-25
202400006441,16:01,Plein jour,66,66136,2,1,1,6.0,Rue Paul Courty,42.69872,2.889,16:01:00,2024-08-07
202400006442,17:15,Plein jour,28,28264,1,1,3,6.0,Le Bignon,48.432621,1.037452,17:15:00,2024-04-27
202400006443,13:00,Plein jour,987,98734,1,1,1,3.0,"PK 40,800 COTE MER",-17.76224906,-149.50239301,13:00:00,2024-04-24
202400006444,20:00,Plein jour,66,66136,2,1,1,3.0,Avenue Julien Panchot,42.67758,2.8505,20:00:00,2024-08-06
202400006445,10:45,Plein jour,72,72328,1,1,3,2.0,A11,48.052784,0.262674,10:45:00,2024-04-27
202400006446,22:50,Nuit avec éclairage,973,97307,1,6,1,7.0,La Matourienne,4.838154,-52.318482,22:50:00,2024-04-26
202400006447,17:57,Plein jour,66,66136,2,1,1,6.0,Rue des Ménestrels,42.68951,2.89755,17:57:00,2024-08-04
202400006448,03:45,Nuit avec éclairage,34,34255,1,1,2,1.0,Saint-Gély-du-Fesc - CD 986,43.677898,3.820925,03:45:00,2024-04-26
202400006449,18:10,Plein jour,64,64260,2,6,1,3.0,CHEVREFEUILLES (RUE DES),43.37341942,-1.7697347,18:10:00,2024-08-09
202400006450,08:25,Plein jour,64,64237,1,1,1,6.0,VALLEE HEUREUSE,43.26469,-0.3652,08:25:00,2024-08-06
202400006451,12:40,Plein jour,64,64445,2,3,8,3.0,JEAN JACQUES DE MONAIX,43.30294,-0.35787,12:40:00,2024-08-07
202400006452,20:30,Plein jour,64,64122,2,9,1,6.0,IMPERATRICE (AVENUE DE L'),43.48749,-1.55414,20:30:00,2024-08-09
202400006453,20:10,Plein jour,64,64102,2,2,1,3.0,BOUFFLERS (ALLEES),43.49141,-1.46936,20:10:00,2024-08-09
202400006454,02:09,Nuit sans éclairage,64,64140,2,1,1,7.0,SAINT GOBAIN (QUAI),43.51193525,-1.48865551,02:09:00,2024-08-08
202400006455,14:40,Plein jour,64,64102,2,1,1,2.0,HENRI DE NAVARRE (AVENUE),43.50962,-1.44366,14:40:00,2024-08-08
202400006456,09:40,Plein jour,64,64024,2,6,1,3.0,BAHINOS (ROND POINT DE),43.49401,-1.51887,09:40:00,2024-08-08
202400006457,17:40,Plein jour,62,62525,2,1,7,6.0,avenue des frais fonds,50.73682,2.27374,17:40:00,2024-08-05
202400006458,04:50,,59,59599,2,2,1,3.0,PAPIN (CHAUSSEE DENIS),50.73292,3.18196,04:50:00,2024-08-09
202400006459,19:00,Plein jour,59,59599,2,8,1,6.0,LEFRANCOIS (RUE ALFRED),50.71641,3.16453,19:00:00,2024-08-08
202400006460,16:45,Plein jour,59,59560,1,1,1,2.0,TEMPLEMARS ROUTE DE,50.55938,3.04662,16:45:00,2024-08-06
202400006461,16:14,Plein jour,57,57221,2,1,1,3.0,NATIONALE (RUE),49.31639434,6.12492085,16:14:00,2024-08-05
202400006462,01:30,,56,56260,2,1,1,7.0,Rue Francis Decker,47.65735,-2.75496,01:30:00,2024-08-09
202400006463,21:55,Nuit avec éclairage,54,54395,2,1,1,3.0,Boulevard Lobau,48.68168634,6.19772136,21:55:00,2024-08-09
202400006464,13:40,Plein jour,54,54280,2,1,1,6.0,Rue de Franchepré,49.223465,6.011231,13:40:00,2024-08-09
202400006465,19:00,Plein jour,51,51454,2,1,1,2.0,ARNOULD (BOULEVARD CHARLES),49.268172,4.018485,19:00:00,2024-08-08
202400006466,13:50,Plein jour,50,50129,2,1,1,6.0,ASSELIN (RUE),49.6419,-1.63573,13:50:00,2024-08-08
202400006467,16:50,Plein jour,49,49007,2,6,1,3.0,DE LATTRE DE TASSIGNY,47.44838,-0.53788,16:50:00,2024-08-09
202400006468,15:25,Plein jour,48,48095,2,7,1,7.0,SOUBEYRAN (RUE DU),44.5169,3.49919,15:25:00,2024-08-07
202400006469,04:15,,47,47027,2,1,1,6.0,BORDEAUX (avenue de),44.40449,0.66942,04:15:00,2024-08-09
202400006470,17:32,Plein jour,36,36159,2,2,1,3.0,Allée de Corbilly,46.764926,1.709689,17:32:00,2024-08-05
202400006471,07:40,Nuit avec éclairage,64,64519,2,6,2,6.0,D716,43.36167,-0.385404,07:40:00,2024-02-09
202400006472,14:50,Plein jour,36,36005,2,1,1,7.0,27 Route de la Chatre,46.762629,1.804021,14:50:00,2024-02-08
202400006473,02:15,Nuit sans éclairage,35,35278,1,3,1,6.0,WOOD (AVENUE DU GENERAL J.S),48.14633624,-1.66863978,02:15:00,2024-08-09
202400006474,12:55,Plein jour,07,07013,1,1,2,6.0,rd221,45.189946,4.762262,12:55:00,2024-02-09
202400006475,14:05,Plein jour,40,40068,2,1,8,1.0,Route des Sources,43.750862,-0.866627,14:05:00,2024-02-08
202400006476,16:08,Plein jour,24,24261,1,1,2,1.0,Route des Carrières,44.98603135,0.91294885,16:08:00,2024-02-08
202400006477,18:00,Plein jour,34,34301,2,1,1,2.0,PIERRES BLANCHES (MONTEE DES),43.4024,3.66965,18:00:00,2024-08-05
202400006478,15:20,Plein jour,24,24156,1,1,1,7.0,Unknown,45.04056766,0.86860657,15:20:00,2024-01-28
202400006479,00:37,Nuit sans éclairage,28,28364,1,1,1,1.0,D111,48.169044,1.55091,00:37:00,2024-02-06
202400006480,13:00,Plein jour,68,68300,1,1,2,6.0,bretelle d'accès A35/A36,47.78298,7.402342,13:00:00,2024-02-09
202400006481,02:00,,34,34172,2,3,1,3.0,EUROPE (AVENUE DE L'),43.63443,3.82249,02:00:00,2024-08-06
202400006482,17:35,Crépuscule,91,91132,1,1,2,2.0,route nationale 20,48.507791,2.201257,17:35:00,2024-02-08
202400006483,20:15,,06,06088,1,1,1,6.0,A8,43.731645,7.277839,20:15:00,2024-02-08
202400006484,17:30,Crépuscule,51,51518,1,1,3,6.0,"A 26, PK 258+100, sens REIMS/CALAIS",49.28790423,3.98455545,17:30:00,2024-02-08
202400006485,02:00,,34,34172,1,1,1,2.0,A709 PK 11+400,43.584782,3.89048,02:00:00,2024-02-09
202400006486,16:02,Plein jour,45,45067,1,1,2,6.0,A10 PR 105 + 320,47.891296,1.762275,16:02:00,2024-02-07
202400006487,04:15,,34,34172,2,3,1,3.0,MONTELS-EGLISE (RUE DE),43.58045,3.88114,04:15:00,2024-08-09
202400006488,14:00,Plein jour,38,38035,1,1,1,6.0,RD518 - PR019+000,45.509956,5.08255,14:00:00,2024-02-02
202400006489,21:20,,60,60482,1,1,2,6.0,D118,49.137895,2.503638,21:20:00,2024-02-08
202400006490,02:58,Nuit sans éclairage,34,34032,2,1,1,7.0,ROUTE DEPARTEMENTALE 612 (RD612),43.35213,3.25086,02:58:00,2024-08-08
202400006491,09:15,Plein jour,13,13076,2,1,1,1.0,D99,43.807945,4.996263,09:15:00,2024-02-06
202400006492,10:45,Plein jour,13,13035,1,1,3,1.0,D17,43.69313,4.997121,10:45:00,2024-02-09
202400006493,00:10,,33,33063,2,1,1,6.0,Unknown,44.85606,-0.57127,00:10:00,2024-08-07
202400006494,11:00,Plein jour,13,13097,1,3,2,3.0,Route Nationale 568,43.584471,4.765255,11:00:00,2024-02-09
202400006495,17:30,Plein jour,33,33522,2,3,1,3.0,Unknown,44.7935,-0.58488,17:30:00,2024-08-09
202400006496,07:20,,71,71491,2,2,1,6.0,4 Rue du Centre,46.41081381,4.03630215,07:20:00,2024-02-09
202400006497,01:40,Nuit sans éclairage,73,73285,1,1,2,6.0,D902,45.61740341,6.81195305,01:40:00,2024-02-09
202400006498,05:50,Nuit sans éclairage,38,38484,1,1,2,1.0,Route de Villette,45.564041,4.908872,05:50:00,2024-02-09
202400006499,23:25,,01,01142,2,3,2,3.0,Rue de Genève,45.851391,5.062535,23:25:00,2024-02-08
202400006500,16:45,Plein jour,46,46174,1,1,1,1.0,N122,44.651498,2.106049,16:45:00,2024-02-08
202400006501,19:08,Plein jour,33,33009,2,6,1,6.0,Unknown,44.65891,-1.18421,19:08:00,2024-08-09
202400006502,13:10,Plein jour,56,56237,1,1,1,1.0,Le Meugoet Bihan,48.010769,-2.927384,13:10:00,2024-02-09
202400006503,13:15,Plein jour,59,59126,1,6,3,1.0,D643,50.304859,3.134051,13:15:00,2024-02-08
202400006504,13:50,Plein jour,31,31555,2,1,1,2.0,NARBONNE (ROUTE DE),43.56707,1.4582,13:50:00,2024-08-06
202400006505,20:40,Nuit sans éclairage,69,69286,1,1,1,3.0,Autoroute 46,45.80878,4.91826,20:40:00,2024-02-03
202400006506,13:40,Plein jour,31,31555,2,1,1,6.0,RD916,43.55373,1.49661,13:40:00,2024-08-08
202400006507,16:35,Plein jour,27,27229,2,1,1,6.0,VERNON (RUE DE),49.03004,1.16261,16:35:00,2024-08-09
202400006508,07:00,Nuit sans éclairage,33,33249,1,1,1,4.0,Unknown,44.880345,-0.525151,07:00:00,2024-02-07
202400006509,14:14,Plein jour,27,27229,2,2,1,3.0,JANIN (BOULEVARD JULES),49.02565,1.15571,14:14:00,2024-08-06
202400006510,16:10,Plein jour,91,91521,1,1,2,2.0,RN 104,48.63301258,2.40559816,16:10:00,2024-02-08
202400006511,14:56,Plein jour,22,22278,2,6,2,2.0,SEVIGNE (BD),48.51808,-2.7488,14:56:00,2024-08-06
202400006512,13:45,Plein jour,19,19031,2,1,1,6.0,Avenue Jacques et Bernadette Chirac,45.16739184,1.54992002,13:45:00,2024-08-09
202400006513,08:45,Plein jour,91,91064,1,1,2,4.0,RN 118,48.7509,2.2224,08:45:00,2024-02-08
202400006514,17:00,Plein jour,15,15014,2,6,1,3.0,RD 120,44.92227,2.42778,17:00:00,2024-08-06
202400006515,11:30,Plein jour,91,91103,1,1,2,6.0,RN 104,48.624882,2.304695,11:30:00,2024-02-08
202400006516,19:56,Plein jour,14,14557,2,1,1,2.0,105 Avenue Ox and Bucks,49.33862,0.09716,19:56:00,2024-08-09
202400006517,07:45,Plein jour,94,94021,1,1,2,3.0,A6A,48.76446314,2.34264629,07:45:00,2024-02-08
202400006518,14:09,Plein jour,14,14118,2,1,1,6.0,Place Maréchal Foch,49.17796,-0.35997,14:09:00,2024-08-01
202400006519,09:40,Plein jour,91,91286,1,1,2,3.0,AUTOROUTE A6,48.65494,2.37964,09:40:00,2024-02-08
202400006520,00:03,Nuit sans éclairage,91,91521,1,1,2,7.0,RN 104,48.62736,2.3993,00:03:00,2024-02-08
202400006521,22:10,,14,14118,2,2,1,1.0,2 Rue Léon Lecornu,49.18832,-0.35991,22:10:00,2024-08-07
202400006522,11:00,Plein jour,84,84031,2,1,1,6.0,SAINT LABRE CHEMIN DE,44.05443,5.05191,11:00:00,2024-11-27
202400006523,14:15,Plein jour,974,97411,2,1,1,6.0,MOUFIA (ROUTE DE),-20.90029,55.49201,14:15:00,2024-02-07
202400006524,04:30,Nuit sans éclairage,13,13039,1,1,1,7.0,ROUTE NATIONALE 568,43.46171,4.91928,04:30:00,2024-08-07
202400006525,09:09,Plein jour,44,44114,2,1,1,1.0,Rue Notre-Dame des Anges,47.2752045,-1.65239057,09:09:00,2024-03-04
202400006526,16:10,Plein jour,973,97302,2,3,1,3.0,BADUEL (ROUTE DE),4.92923625,-52.30232477,16:10:00,2024-02-07
202400006527,21:50,,13,13204,2,1,1,1.0,ALEX. FLEMING (BOULEVARD),43.31577,5.40109,21:50:00,2024-08-09
202400006528,01:30,Nuit sans éclairage,84,84062,1,1,1,7.0,D901,43.873086,5.111743,01:30:00,2024-11-11
202400006529,14:30,Plein jour,50,50626,1,1,1,6.0,La Croix au Gros,48.914314,-1.38807,14:30:00,2024-11-11
202400006530,14:55,Plein jour,69,69381,2,3,1,2.0,Quai Saint Vincent,45.76821,4.82732,14:55:00,2024-02-07
202400006531,14:00,Plein jour,13,13201,2,1,1,1.0,LIEUTAUD (COURS)      2 A 52,43.29354,5.38216,14:00:00,2024-08-09
202400006532,18:00,Nuit sans éclairage,50,50549,1,1,5,2.0,D924,48.836281,-1.434596,18:00:00,2024-11-01
202400006533,17:15,,95,95539,2,1,2,3.0,D125,48.99530558,2.34288396,17:15:00,2024-01-02
202400006534,20:15,Plein jour,11,11069,2,9,1,3.0,Unknown,43.22826,2.39605,20:15:00,2024-08-09
202400006535,08:37,Plein jour,17,17299,2,6,1,6.0,BEGON ROND POINT ET RUE,45.94340355,-0.96021374,08:37:00,2024-09-17
202400006536,14:20,Plein jour,11,11069,2,1,1,1.0,72 Allée d'Iéna,43.21532,2.34518,14:20:00,2024-08-09
202400006537,08:10,Crépuscule,95,95280,2,1,2,5.0,D47,49.01716877,2.46809713,08:10:00,2024-02-07
202400006538,15:14,Plein jour,35,35222,2,8,1,6.0,Rue de Normandie,48.533445,-1.559731,15:14:00,2024-08-18
202400006539,13:50,Plein jour,91,91333,2,9,1,3.0, 8 MAI 1945 (RUE DU),48.6229,2.26697,13:50:00,2024-02-06
202400006540,17:50,Plein jour,10,10387,2,1,1,3.0,Quai des Comtes de Champagne,48.30069,4.07554,17:50:00,2024-08-09
202400006541,08:15,Plein jour,44,44109,2,6,1,3.0,Rue Jeanne d'Arc,47.221,-1.556,08:15:00,2024-02-29
202400006542,14:00,Plein jour,44,44114,2,1,1,7.0,4 Rue Albert De Dion,47.25697389,-1.62350598,14:00:00,2024-02-29
202400006543,11:00,Plein jour,91,91122,2,3,2,1.0,DOCTEUR COLLE (RUE DU),48.69814,2.15797,11:00:00,2024-02-07
202400006544,15:40,Plein jour,09,09207,2,3,1,3.0,CAUSSOU (CH DE),42.938,1.632,15:40:00,2024-08-06
202400006545,13:00,Plein jour,44,44162,2,1,1,3.0,Place Océane,47.22531469,-1.62752107,13:00:00,2024-02-28
202400006546,11:00,Plein jour,08,08105,2,1,1,6.0,36 Rue de Warcq,49.76361,4.69961,11:00:00,2024-08-08
202400006547,09:20,Plein jour,91,91589,2,2,2,4.0, BELGES (BOULEVARD DES),48.700324,2.352773,09:20:00,2024-02-07
202400006548,09:55,Plein jour,44,44109,2,1,1,6.0,5 Boulevard du Général de Gaulle  ,47.2081133,-1.54043397,09:55:00,2024-02-06
202400006549,19:00,Plein jour,07,07102,2,2,1,3.0,LANGUEDOC (ALLEE DU),44.92767,4.8622,19:00:00,2024-08-09
202400006550,15:30,Plein jour,44,44109,2,1,1,6.0,53 Route de Rennes,47.25090382,-1.57670315,15:30:00,2024-01-24
202400006551,08:18,Plein jour,91,91027,2,3,2,6.0, JEAN PIERRE BENARD (AVENUE),48.710042,2.38549,08:18:00,2024-02-07
202400006552,08:35,Plein jour,06,06069,2,4,1,6.0,39 Boulevard Emmanuel Rouquier,43.64196,6.94263,08:35:00,2024-08-06
202400006553,20:15,Nuit sans éclairage,44,44162,1,1,1,2.0,Unknown,47.203134,-1.6223775,20:15:00,2024-01-23
202400006554,16:00,Plein jour,91,91223,2,1,1,2.0,COQUERIVE (AVENUE DE),48.4347,2.16914,16:00:00,2024-02-06
202400006555,00:10,,02,02408,2,9,1,6.0,1 Rue Eloi,49.57644,3.63252,00:10:00,2024-07-27
202400006556,07:35,Crépuscule,44,44109,2,1,1,2.0,Place de la Duchese Anne,47.21650319,-1.54698907,07:35:00,2024-01-23
202400006557,18:45,Plein jour,75,75119,2,1,1,2.0,BD PERIPHERIQUE EXTERIEUR,48.900355,2.382103,18:45:00,2024-08-09
202400006558,18:35,Crépuscule,44,44109,2,6,1,3.0,Route de Sainte Luce,47.24645498,-1.50123616,18:35:00,2024-01-23
202400006559,13:20,Plein jour,89,89024,2,1,1,3.0,HAUSSMANN (AVENUE),47.81038,3.57134,13:20:00,2024-02-06
202400006560,09:20,Plein jour,75,75115,2,1,1,2.0,BD PERIPHERIQUE INTERIEUR,48.826185,2.298358,09:20:00,2024-08-09
202400006561,17:40,,44,44109,2,6,1,3.0,100a Quai de la Fosse,47.2073899,-1.57211253,17:40:00,2024-01-19
202400006562,01:20,,87,87085,2,3,1,6.0,CITE (BOULEVARD),45.83025,1.26489,01:20:00,2024-02-06
202400006563,22:05,,75,75106,2,2,1,7.0,RUE DE VAUGIRARD,48.847818,2.329567,22:05:00,2024-08-08
202400006564,12:55,Plein jour,75,75117,2,7,1,6.0,PLACE DE LA PORTE MAILLOT,48.877797,2.282382,12:55:00,2024-08-09
202400006565,13:40,Plein jour,44,44109,2,6,1,3.0,29 Boulevard Lelasseur,47.2316217,-1.56860884,13:40:00,2024-01-18
202400006566,18:10,Nuit sans éclairage,44,44162,2,1,1,6.0,14 Impasse Jean Batiste Guitton,47.21030074,-1.6607258,18:10:00,2024-01-18
202400006567,20:40,,78,78650,2,9,2,6.0,JUSSIEU (RUE DE),48.8898,2.1429,20:40:00,2024-02-07
202400006568,02:10,,75,75115,2,1,1,6.0,RUE DE L ARRIVEE,48.843197,2.321974,02:10:00,2024-08-09
202400006569,12:50,Plein jour,44,44184,2,1,1,6.0,153 Boulevard du Docteur René Laënnec,47.2710032,-2.23855162,12:50:00,2024-01-05
202400006570,10:10,Plein jour,75,75114,2,1,1,7.0,RUE FROIDEVAUX,48.835749,2.328327,10:10:00,2024-08-09
202400006571,15:13,Plein jour,25,25558,2,1,1,7.0,Unknown,47.158759,6.113219,15:13:00,2024-12-18
202400006572,22:30,,44,44162,2,1,1,6.0,5 rue du Zambèze,47.2403368,-1.61203314,22:30:00,2024-01-05
202400006573,19:50,,77,77288,1,1,1,7.0,R.N 105 MELUN NORD,48.56005,2.64684,19:50:00,2024-02-06
202400006574,00:40,,44,44020,1,1,3,7.0,Pont de Cheviré,47.18188831,-1.61232233,00:40:00,2024-01-05
202400006575,02:13,,75,75113,2,2,1,3.0,RUE DE PATAY,48.825576,2.374615,02:13:00,2024-08-08
202400006576,13:20,Plein jour,44,44162,1,6,1,7.0,Rond-Point d'Armor,47.22548404,-1.62228789,13:20:00,2024-01-01
202400006577,12:45,Plein jour,77,77114,1,1,1,6.0,RN 4,48.73697077,2.70135931,12:45:00,2024-02-06
202400006578,02:30,,75,75112,2,1,1,3.0,RUE DE BERCY,48.841651,2.377356,02:30:00,2024-08-09
202400006579,02:30,Nuit sans éclairage,972,97213,1,1,1,6.0,AUTOROUTE A1,14.61461,-61.01274,02:30:00,2024-12-14
202400006580,19:46,,77,77132,2,1,2,3.0,BD DE L EUROPE,48.87498,2.8019,19:46:00,2024-02-07
202400006581,13:12,Plein jour,75,75111,2,2,1,6.0,RUE DE LA ROQUETTE,48.859343,2.386841,13:12:00,2024-08-09