Num_Acc,hrmn,lum,dep,com,agg,int,atm,col,adr,lat,long,heure,date
202400006582,06:30,Nuit sans éclairage,71,71040,1,1,1,7.0,MONTCENIS (ROUTE DE),46.7266,4.3743,06:30:00,2024-11-17
202400006583,08:44,Plein jour,75,75110,2,1,1,6.0,RUE ALBERT THOMAS,48.870135,2.362338,08:44:00,2024-08-09
202400006584,11:20,Plein jour,69,69091,2,1,1,6.0,Rue Jean Ligonnet,45.59457,4.76986,11:20:00,2024-11-26
202400006585,17:15,Plein jour,88,88383,2,1,1,1.0,faubourg d'alsace,48.010095,6.603337,17:15:00,2024-08-12
202400006586,18:20,,76,76540,2,2,2,6.0,Rue de Constantine,49.44897,1.06697,18:20:00,2024-02-07
202400006587,19:25,Plein jour,75,75108,2,2,1,6.0,AVENUE DES CHAMPS ELYSEES,48.870444,2.305129,19:25:00,2024-08-09
202400006588,17:40,Plein jour,71,71270,2,3,1,3.0,GAMBETTA (RUE),46.30236,4.83028,17:40:00,2024-02-06
202400006589,11:10,Plein jour,75,75115,2,1,1,3.0,RUE FREMICOURT,48.847501,2.298501,11:10:00,2024-08-09
202400006590,19:30,Nuit sans éclairage,88,88364,1,9,2,1.0,D14,48.339535,6.111896,19:30:00,2024-11-30
202400006591,07:55,Crépuscule,69,69276,2,1,1,1.0,Montée des Gorges,45.6678,4.85393,07:55:00,2024-02-07
202400006592,12:50,Plein jour,88,88447,2,1,1,1.0,21 Route de Morbieux,47.945188,6.770124,12:50:00,2024-11-25
202400006593,19:15,Plein jour,75,75104,2,2,2,3.0,RUE SAINT ANTOINE,48.853385,2.367124,19:15:00,2024-08-09
202400006594,14:45,Plein jour,88,88347,1,1,1,7.0,D6,48.157927,6.184992,14:45:00,2024-11-22
202400006595,13:25,Plein jour,69,69091,2,3,1,2.0,Avenue Anatole France,45.57213,4.79431,13:25:00,2024-02-07
202400006596,16:00,Plein jour,94,94046,2,1,1,3.0,Avenue du Général de Gaulle,48.813051,2.421721,16:00:00,2024-08-08
202400006597,23:50,Nuit sans éclairage,88,88358,1,1,2,1.0,Route nationale 57 - PK 45.900,48.107274,6.582055,23:50:00,2024-11-19
202400006598,17:45,Crépuscule,67,67365,2,3,1,3.0,LECLERC (RUE DU GENERAL),48.54859,7.70944,17:45:00,2024-02-06
202400006599,13:00,Plein jour,88,88350,1,2,8,3.0,D29,48.371509,5.927502,13:00:00,2024-11-13
202400006600,10:50,Plein jour,94,94041,2,2,1,6.0,Avenue Jean Jaurès,48.8117254,2.40300769,10:50:00,2024-08-09
202400006601,17:20,Crépuscule,67,67482,2,3,1,6.0,COLMAR (AVENUE DE),48.552859,7.743891,17:20:00,2024-02-06
202400006602,17:18,Plein jour,31,31555,2,8,1,3.0,305 route de Seysse,43.573689,1.4193551,17:18:00,2024-10-24
202400006603,11:40,Plein jour,66,66136,2,9,1,6.0,TORREILLES (AV DU DOCTEUR JEAN-LOUIS),42.69155,2.87242,11:40:00,2024-02-07
202400006604,17:20,Plein jour,95,95313,2,9,1,6.0,ParcZone ZAC du Pont des Rayons,49.125469,2.24609256,17:20:00,2024-10-11
202400006605,11:20,Plein jour,94,94073,2,2,1,3.0,rond point d'Espagne,48.754297,2.375102,11:20:00,2024-08-09
202400006606,09:55,Plein jour,66,66136,2,3,1,3.0,Unknown,42.6719,2.90494,09:55:00,2024-02-07
202400006607,05:40,Nuit avec éclairage,47,47157,2,8,1,6.0,Unknown,44.50734937,0.16007155,05:40:00,2024-10-26
202400006608,16:25,Plein jour,94,94022,2,1,1,6.0,133 Av du Mal de Lattre de Tassigny,48.752722,2.4057,16:25:00,2024-08-09
202400006609,08:00,,44,44109,2,1,1,7.0,78 Boulevard Gabriel Lauriol,47.23999346,-1.55994657,08:00:00,2024-12-05
202400006610,10:00,Plein jour,66,66136,2,1,1,6.0,Unknown,42.68669687,2.90735096,10:00:00,2024-02-07
202400006611,10:00,Plein jour,93,93066,2,2,1,3.0,Avenue du Président Wilson / Rue Danielle Casanova,48.92936,2.35666,10:00:00,2024-08-09
202400006612,05:47,,74,74012,2,1,1,3.0,VALLEES (ROUTE DES),46.19341,6.24299,05:47:00,2024-12-16
202400006613,05:15,Nuit sans éclairage,66,66136,1,1,1,2.0,Unknown,42.73,2.8813,05:15:00,2024-02-07
202400006614,20:03,,74,74012,2,1,1,6.0,SALEVE (RUE DU),46.19252,6.22888,20:03:00,2024-12-15
202400006615,04:30,,54,54395,2,1,1,7.0,Rue Marcel Brot,48.678837,6.20491,04:30:00,2024-02-07
202400006616,19:10,Plein jour,93,93006,2,9,1,3.0,Avenue de la République / Rue des Champeaux,48.86344588,2.41441137,19:10:00,2024-08-09
202400006617,02:10,,54,54495,2,1,1,7.0,Route de Bosserville,48.68358503,6.24491644,02:10:00,2024-02-07
202400006618,12:25,Plein jour,14,14228,2,1,1,6.0,40 Rue du Chemin du Bord,49.295926,-0.380477,12:25:00,2024-11-13
202400006619,08:55,Plein jour,93,93001,2,7,1,3.0,VICTOR HUGO (AVE)  N° 167 =>,48.911799,2.379563,08:55:00,2024-08-09
202400006620,22:00,,974,97415,1,1,1,6.0,N1a,-21.079775,55.230761,22:00:00,2024-11-09
202400006621,19:35,Plein jour,92,92063,2,1,1,6.0,SOLFERINO (BOULEVARD),48.87625,2.18563,19:35:00,2024-08-08
202400006622,12:20,Plein jour,54,54395,2,3,8,2.0,Boulevard lobau,48.67967,6.1986,12:20:00,2024-02-06
202400006623,14:30,Plein jour,2B,2B188,1,1,1,3.0,RD 82,42.60004,9.381037,14:30:00,2024-11-16
202400006624,08:44,Plein jour,92,92050,2,5,1,3.0,VAILLANT COUTURIER PAUL RUE,48.87867603,2.21073478,08:44:00,2024-08-09
202400006625,05:40,,51,51454,2,6,2,6.0,PAIX (BOULEVARD DE LA),49.257003,4.039361,05:40:00,2024-02-07
202400006626,16:30,Plein jour,03,03310,2,1,1,6.0,Avenue Poincaré,46.11255,3.44089,16:30:00,2024-04-06
202400006627,10:00,Plein jour,83,83054,1,1,1,3.0,Unknown,43.154745,6.041837,10:00:00,2024-12-26
202400006628,14:20,Plein jour,49,49007,2,1,1,3.0,ROI RENE BOULEVARD,47.46663,-0.55338,14:20:00,2024-02-06
202400006629,23:01,,92,92050,2,2,1,3.0,FAIDHERBE RUE,48.89730912,2.19757039,23:01:00,2024-08-08
202400006630,18:10,,23,23096,2,1,3,6.0,CASSIN (AVENUE RENE),46.18025,1.87405,18:10:00,2024-11-19
202400006631,08:30,Plein jour,49,49007,1,1,1,2.0,ATLANTIQUE  AVENUE DE L',47.46923,-0.60116,08:30:00,2024-02-06
202400006632,10:10,Plein jour,92,92050,2,2,1,3.0,JOILIOT CURIE F. ET IRENE AVENUE N°IMPAI,48.88881004,2.20320627,10:10:00,2024-08-08
202400006633,15:30,Plein jour,19,19019,2,3,8,6.0,Bd Saint Rodolphe de Turenne,44.979517,1.836924,15:30:00,2024-12-19
202400006634,08:19,Plein jour,13,13112,1,1,1,1.0,D55,43.524328,5.2458,08:19:00,2024-10-31
202400006635,22:54,,45,45234,2,2,2,3.0,6 Rue du Belneuf,47.91705,1.93966,22:54:00,2024-02-07
202400006636,12:30,Plein jour,92,92044,2,3,1,3.0,PDT WILSON(RUE)133A149 ET 132A144,48.89958338,2.28395802,12:30:00,2024-08-09
202400006637,19:30,,44,44190,2,6,2,2.0,Boulevard des Pas Enchantés,47.20479,-1.52354,19:30:00,2024-02-07
202400006638,17:00,Plein jour,92,92025,2,3,7,3.0,PROGRES (RUE DU),48.92925863,2.26401511,17:00:00,2024-08-09
202400006639,14:30,Plein jour,13,13071,1,1,1,4.0,A7-Sens Marseille vers Lyon,43.41018,5.285,14:30:00,2024-10-03
202400006640,16:30,Plein jour,92,92024,2,1,1,7.0,JEAN JAURES (BD) DE (1 A 45)   (2 A 54),48.89796294,2.30789289,16:30:00,2024-08-09
202400006641,13:58,Plein jour,14,14085,1,1,1,6.0,Route de Beuzeville,49.275995,0.34534,13:58:00,2024-11-17
202400006642,09:15,Plein jour,37,37122,2,1,2,3.0,CHANTEPIE (RUE DE),47.35041,0.65623,09:15:00,2024-02-07
202400006643,10:30,Plein jour,39,39063,1,1,1,1.0,Unknown,46.586662,5.830983,10:30:00,2024-08-09
202400006644,18:20,Crépuscule,30,30060,1,1,1,2.0,D442,43.772906,4.410238,18:20:00,2024-12-29
202400006645,12:07,Plein jour,63,63113,2,1,1,6.0,UNION SOVIETIQUE (AVENUE DE L'),45.77924,3.10041,12:07:00,2024-06-29
202400006646,20:20,,35,35238,2,1,1,3.0,TOUR D'AUVERGNE (BD DE LA),48.10755,-1.68455,20:20:00,2024-02-07
202400006647,17:40,Plein jour,83,83043,1,2,1,3.0,"CD14, PK17",43.234495,6.272947,17:40:00,2024-08-08
202400006648,21:06,Nuit sans éclairage,13,13056,1,1,2,1.0,A55-Sens Martigues vers Marseille,43.3948353,5.06680284,21:06:00,2024-09-08
202400006649,07:30,Plein jour,06,06149,2,1,1,6.0,Boulevard Anatole France,43.743739,7.310232,07:30:00,2024-08-05
202400006650,07:30,,35,35115,2,3,2,6.0,MITTERAND (AVENUE FRANCOIS),48.34997,-1.20177,07:30:00,2024-02-07
202400006651,18:10,Plein jour,13,13202,1,1,1,6.0,A55-Sens Marseille vers Martigues,43.330072,5.355104,18:10:00,2024-08-30
202400006652,10:40,Plein jour,13,13085,1,1,1,1.0,A50-Sens Toulon vers Aubagne,43.24096364,5.59318208,10:40:00,2024-08-07
202400006653,08:35,Plein jour,34,34032,2,1,1,7.0,VERDUN (BD DE),43.33665,3.21999,08:35:00,2024-02-02
202400006654,20:09,Plein jour,76,76487,1,1,1,3.0,D1,49.800277,1.315704,20:09:00,2024-08-10
202400006655,03:00,Nuit sans éclairage,13,13211,1,1,1,2.0,A50-Sens Aubagne vers Marseille,43.29297841,5.47637741,03:00:00,2024-07-29
202400006656,10:00,Plein jour,974,97412,2,1,1,6.0,149 Rue Raphaël Babet,-21.38078,55.614144,10:00:00,2024-08-09
202400006657,18:50,,33,33522,2,6,2,3.0,Rue Peydavant,44.8066,-0.58618,18:50:00,2024-02-07
202400006658,09:27,Plein jour,01,01443,2,3,1,6.0,Rue Gilbert Boullier,46.001473,5.029249,09:27:00,2024-12-24
202400006659,18:55,,33,33281,2,2,2,6.0,Unknown,44.835048,-0.627285,18:55:00,2024-02-07
202400006660,09:30,Plein jour,972,97233,1,1,1,1.0,La Croix,14.709806,-61.149516,09:30:00,2024-08-09
202400006661,23:55,Nuit sans éclairage,83,83096,1,3,1,2.0,Dn7,43.473742,5.76632,23:55:00,2024-05-31
202400006662,21:15,,28,28006,2,6,1,7.0,ZAC DES POLES O,48.451614,1.429456,21:15:00,2024-08-09
202400006663,19:45,Nuit sans éclairage,33,33529,2,2,2,3.0,Unknown,44.63350531,-1.13271708,19:45:00,2024-02-07
202400006664,06:20,Crépuscule,988,98805,2,2,1,3.0,Rue A. Schweitzer/Rue E. De Grestlan/Avenue Numa Joubert,-22.20769,166.468202,06:20:00,2024-02-19
202400006665,11:00,Plein jour,31,31555,2,2,1,3.0,CHAUBET (AV JEAN) DU 103AU 157,43.60507,1.47867,11:00:00,2024-02-07
202400006666,13:40,Plein jour,62,62804,2,2,1,3.0,D59,50.24036015,2.43155158,13:40:00,2024-08-09
202400006667,01:30,Nuit sans éclairage,38,38563,2,6,8,6.0,rocade ouest,45.37281,5.56978,01:30:00,2024-10-13
202400006668,18:55,Crépuscule,30,30007,2,1,1,3.0,pont neuf,44.12029,4.08473,18:55:00,2024-02-07
202400006669,20:30,Plein jour,57,57150,2,1,1,3.0,2 Route de Varize,49.152904,6.447131,20:30:00,2024-08-09
202400006670,14:35,Plein jour,974,97407,1,3,1,5.0,ROUTE DU SACRE COEUR,-20.95868,55.31939,14:35:00,2024-06-29
202400006671,14:00,Plein jour,19,19105,1,9,1,7.0,RD 14 - La Vianne,45.1265582,1.66779846,14:00:00,2024-08-07
202400006672,17:20,Nuit sans éclairage,27,27681,2,3,2,3.0,PARIS (AVENUE DE),49.08676,1.49605,17:20:00,2024-02-07
202400006673,20:09,Nuit sans éclairage,27,27375,1,1,2,6.0,NEUBOURG N°54 (CHEMIN DU),49.20581,1.14179,20:09:00,2024-02-07
202400006674,18:30,,91,91692,2,2,1,3.0,CANADA (AVENUE DU),48.68463,2.19051,18:30:00,2024-11-12
202400006675,17:43,Crépuscule,27,27229,2,1,1,6.0,HUGO (RUE VICTOR),49.02208,1.14419,17:43:00,2024-02-06
202400006676,11:35,Plein jour,73,73030,2,6,1,6.0,D9,45.57211648,5.97722501,11:35:00,2024-10-09
202400006677,15:45,Plein jour,65,65409,1,1,1,6.0,rd934,43.387242,0.138102,15:45:00,2024-08-10
202400006678,07:20,Crépuscule,78,78384,2,1,1,7.0,PIERRE CURIE (RUE),48.95095,1.99532,07:20:00,2024-12-27
202400006679,18:30,,27,27229,2,2,1,3.0,CANADA (RUE DU),49.0127,1.1365,18:30:00,2024-02-05
202400006680,20:05,Crépuscule,11,11288,2,1,1,6.0,D6113,43.254541,2.264643,20:05:00,2024-08-09
202400006681,08:40,Plein jour,13,13043,2,1,1,1.0,JULES RICAUD (AV ),43.39378,5.23139,08:40:00,2024-02-07
202400006682,02:10,Nuit sans éclairage,42,42330,1,1,8,5.0,A72,45.48004336,4.34660375,02:10:00,2024-11-17
202400006683,13:45,Plein jour,89,89307,1,2,7,3.0,RN 77,47.920318,3.713191,13:45:00,2024-08-10
202400006684,06:25,,13,13212,2,1,1,2.0,BOUSQUETIER (BOULEVARD DU),43.31788783,5.44348717,06:25:00,2024-02-07
202400006685,19:20,,24,24557,2,1,1,6.0,GRANDOU (AVENUE MICHEL),45.19066,0.73873,19:20:00,2024-10-29
202400006686,08:55,Plein jour,61,61151,1,1,1,6.0,D3,48.717667,0.564101,08:55:00,2024-08-10
202400006687,20:40,,92,92072,2,1,2,2.0,MANUFACTURE NATIONALE (PLACE DE LA),48.82872739,2.22421065,20:40:00,2024-02-09
202400006688,01:15,Nuit sans éclairage,34,34150,2,1,1,1.0,Avenue du Soleil,43.319995,3.541691,01:15:00,2024-08-10
202400006689,17:44,Plein jour,10,10265,2,1,1,4.0,GENERAL SARRAIL (RUE,48.3049,4.03513,17:44:00,2024-02-06
202400006690,18:00,,73,73228,1,3,1,7.0,D7 / Route de lelia,45.53408051,5.89322448,18:00:00,2024-10-29
202400006691,16:49,Plein jour,10,10325,2,1,1,6.0,VICTOR HUGO (RUE),48.2625,4.0713,16:49:00,2024-02-06
202400006692,14:10,Plein jour,39,39299,1,4,1,3.0,Unknown,46.955187,5.378097,14:10:00,2024-08-10
202400006693,12:15,Plein jour,10,10387,2,1,1,6.0,Rue Saint Loup,48.3067,4.0633,12:15:00,2024-02-06
202400006694,09:08,Plein jour,10,10387,2,1,1,7.0,Chaussee du Vouldy,48.2928,4.08545,09:08:00,2024-02-06
202400006695,07:50,Plein jour,13,13081,1,1,1,4.0,A7-Sens Lyon vers Marseille,43.4792,5.2396,07:50:00,2024-12-12
202400006696,19:20,Plein jour,25,25271,2,3,1,3.0,29 Avenue de Lattre de Tassigny,47.048063,6.488646,19:20:00,2024-08-09
202400006697,01:40,Nuit sans éclairage,08,08409,2,1,1,7.0,Unknown,49.694601,4.922113,01:40:00,2024-08-08
202400006698,16:15,Plein jour,44,44137,2,1,1,3.0,22 Chemin du Deffay,47.377145,-2.011321,16:15:00,2024-08-09
202400006699,17:35,,29,29237,1,8,1,6.0,Pont Christ,48.487085,-4.163561,17:35:00,2024-11-28
202400006700,08:02,Plein jour,06,06088,2,3,1,3.0,Boulevard de l'Ariane,43.73466,7.29667,08:02:00,2024-02-06
202400006701,08:30,Plein jour,01,01036,1,1,1,1.0,D8b,45.903529,5.634445,08:30:00,2024-07-31
202400006702,16:35,Plein jour,974,97411,1,1,1,1.0,SAINT-BERNARD (CHEMIN DE),-20.89847,55.40505,16:35:00,2024-11-16
202400006703,19:20,,06,06069,2,2,1,3.0,Boulevard Commandant Autran,43.66262,6.93377,19:20:00,2024-02-07
202400006704,19:00,Plein jour,26,26275,1,1,1,6.0,Route d'Orange,44.241326,4.82192,19:00:00,2024-08-03
202400006705,13:50,Plein jour,06,06069,2,1,1,6.0,142 Route de Pégomas,43.63408,6.93217,13:50:00,2024-02-07
202400006706,14:20,Plein jour,75,75117,2,3,2,2.0,BOULEVARD MALESHERBES,48.884667,2.307747,14:20:00,2024-11-18
202400006707,20:15,Plein jour,54,54546,1,1,1,7.0,Rue Charles de Gaulle,48.96342007,6.03317857,20:15:00,2024-08-09
202400006708,17:00,Plein jour,14,14740,1,1,1,7.0,Route de Saint Jean,49.006841,0.433005,17:00:00,2024-08-09
202400006709,16:00,Plein jour,978,97801,1,1,1,3.0,rn7,18.098636,-63.045226,16:00:00,2024-12-20
202400006710,19:30,,75,75106,2,1,2,2.0,BOULEVARD RASPAIL,48.848708,2.327744,19:30:00,2024-02-07
202400006711,07:39,Crépuscule,59,59586,2,1,2,3.0,rue haute,50.534565,3.170614,07:39:00,2024-12-09
202400006712,15:24,Plein jour,18,18158,1,1,1,5.0,Unknown,47.102279,2.529559,15:24:00,2024-08-10
202400006713,16:00,Plein jour,75,75106,2,4,1,6.0,RUE DE RENNES,48.845657,2.3256,16:00:00,2024-02-07
202400006714,12:25,Plein jour,14,14630,2,6,1,1.0,2 Chemin des Pointes,49.2667,-0.674055,12:25:00,2024-10-31
202400006715,14:40,Plein jour,10,10083,1,3,1,3.0,D671,48.1607,4.2369,14:40:00,2024-08-10
202400006716,09:00,Plein jour,75,75119,2,5,2,3.0,PLACE DE LA PORTE DE PANTIN,48.88949,2.39578,09:00:00,2024-02-07
202400006717,18:25,Nuit sans éclairage,28,28393,1,1,1,6.0,RN 154,48.620314,1.416614,18:25:00,2024-11-16
202400006718,14:50,Plein jour,07,07101,1,1,1,7.0,D111,44.419605,4.308894,14:50:00,2024-08-10
202400006719,11:20,Plein jour,75,75117,2,2,1,6.0,AVENUE DES TERNES,48.878347,2.295559,11:20:00,2024-02-07
202400006720,13:59,Plein jour,33,33429,1,1,3,1.0,Unknown,44.442789,-0.436438,13:59:00,2024-10-26
202400006721,21:15,Nuit sans éclairage,07,07030,1,1,1,6.0,D120,44.877806,4.532788,21:15:00,2024-08-08
202400006722,08:35,Plein jour,19,19031,2,1,1,2.0,ALSACE LORRAINE (AVENUE) A PARTIR DE N°,45.15202,1.54093,08:35:00,2024-12-03
202400006723,16:50,Plein jour,75,75115,2,3,2,3.0,RUE SAINT LAMBERT,48.837385,2.291957,16:50:00,2024-02-07
202400006724,23:25,Nuit sans éclairage,07,07303,1,1,1,6.0,Route des Plantas,44.804242,4.627798,23:25:00,2024-08-08
202400006725,12:45,Plein jour,75,75115,2,3,1,3.0,RUE DE L ABBE GROULT,48.838907,2.297601,12:45:00,2024-02-06
202400006726,18:51,Plein jour,62,62758,2,3,2,2.0,Rue de Marlborough,50.73456,1.62656,18:51:00,2024-09-08
202400006727,05:15,,85,85146,2,3,1,2.0,RD137,46.945768,-1.291915,05:15:00,2024-08-09
202400006728,00:01,,75,75114,2,7,1,3.0,PLACE VICTOR BASCH,48.828013,2.326933,00:01:00,2024-02-07
202400006729,07:30,Crépuscule,73,73255,1,1,2,7.0,Le fay - piste forestière,45.30312801,6.27912283,07:30:00,2024-10-06
202400006730,08:45,Plein jour,17,17423,1,4,1,3.0,D730,45.396431,-0.592103,08:45:00,2024-08-08
202400006731,13:25,Plein jour,75,75114,2,2,1,7.0,AVENUE DU GENERAL LECLERC,48.82959,2.328405,13:25:00,2024-02-06
202400006732,14:30,Plein jour,30,30061,1,1,1,1.0,Unknown,43.92853,4.256279,14:30:00,2024-08-10
202400006733,13:15,Plein jour,75,75113,2,2,2,7.0,RUE BAUDRICOURT,48.826627,2.363674,13:15:00,2024-02-07
202400006734,17:15,Crépuscule,33,33218,1,1,1,7.0,Unknown,45.087505,-0.199835,17:15:00,2024-12-01
202400006735,07:00,,75,75113,2,7,2,6.0,BOULEVARD DE L HOPITAL,48.843663,2.364768,07:00:00,2024-02-07
202400006736,08:40,Plein jour,52,52313,1,2,1,3.0,RD674,48.19522325,5.25794038,08:40:00,2024-08-10
202400006737,09:00,Plein jour,75,75115,2,3,9,4.0,PORTE BRANCION,48.827564,2.301087,09:00:00,2024-09-26
202400006738,21:45,,75,75113,2,1,1,3.0,BOULEVARD DE L HOPITAL,48.838327,2.360591,21:45:00,2024-02-06
202400006739,08:10,Plein jour,06,06088,1,1,1,3.0,A8 PK 185+500 SUD,43.668318,7.198062,08:10:00,2024-08-10
202400006740,15:00,Plein jour,91,91235,2,3,7,3.0,Av du Dr Louis Francois Fichez,48.637907,2.360848,15:00:00,2024-06-24
202400006741,13:40,Plein jour,75,75110,2,1,2,3.0,BOULEVARD DE STRASBOURG,48.873213,2.35646,13:40:00,2024-02-07
202400006742,01:20,Nuit sans éclairage,06,06149,1,1,1,6.0,"Autoroute A8 pk 206+150, chaussée Nord",43.74412709,7.35525511,01:20:00,2024-08-10
202400006743,11:00,Plein jour,57,57582,1,1,1,3.0,Autoroute A31,49.28504,6.17336,11:00:00,2024-11-28
202400006744,13:40,Plein jour,75,75107,2,3,2,7.0,QUAI BRANLY,48.85747,2.291071,13:40:00,2024-02-07
202400006745,10:00,Plein jour,971,97101,2,1,1,7.0,PATRICK SAINT ELOI ( AVENUE ),16.25774,-61.51984,10:00:00,2024-12-03
202400006746,15:30,Plein jour,73,73179,1,1,1,2.0,A43 - Tunnel de l'épine - PM 2950,45.578319,5.836744,15:30:00,2024-08-09
202400006747,14:40,Plein jour,75,75103,2,3,2,1.0,RUE DE TURBIGO,48.865635,2.356898,14:40:00,2024-02-07
202400006748,21:04,,34,34123,2,1,1,2.0,Allee de l?Europe,43.613722,3.807465,21:04:00,2024-12-25
202400006749,19:45,Nuit sans éclairage,44,44215,1,1,1,6.0,Unknown,47.173152,-1.51464345,19:45:00,2024-12-31
202400006750,08:00,Plein jour,988,98831,1,1,1,1.0,RT 1,-21.04753,164.70603,08:00:00,2024-08-10
202400006751,13:10,Plein jour,75,75103,2,2,8,6.0,RUE DE BRETAGNE,48.86288,2.362564,13:10:00,2024-02-07
202400006752,05:45,Nuit sans éclairage,973,97311,2,1,1,6.0,26 Boulevard du Général de Gaulle,5.499099,-54.032747,05:45:00,2024-08-09
202400006753,12:15,Plein jour,75,75101,2,1,8,2.0,BOULEVARD DE SEBASTOPOL,48.861738,2.350012,12:15:00,2024-02-06
202400006754,03:35,,44,44190,2,3,1,6.0,41 Rue des Violettes,47.1953798,-1.5044309,03:35:00,2024-12-29
202400006755,11:00,Plein jour,971,97106,2,1,1,6.0,Impasse Baltimore,16.114013,-61.7724,11:00:00,2024-08-09
202400006756,03:55,,94,94028,2,1,1,6.0,Rue Henri Matisse,48.78273,2.46209,03:55:00,2024-02-07
202400006757,23:50,,44,44162,2,3,1,7.0,Boulevard Marcel Paul,47.23946221,-1.6279162,23:50:00,2024-12-27
202400006758,10:10,Plein jour,94,94073,2,1,2,2.0,Av du Pdt Franklin Roosevelt,48.76620392,2.3999662,10:10:00,2024-02-07
202400006759,20:35,Plein jour,44,44020,1,1,1,7.0,Unknown,47.164173,-1.627865,20:35:00,2024-08-09
202400006760,16:20,Crépuscule,44,44114,2,1,1,3.0,3 Rue Louis Blériot,47.25391923,-1.61703592,16:20:00,2024-12-27
202400006761,19:50,,44,44109,2,1,1,7.0,30 Boulevard Jean Monnet,47.21057002,-1.5519546,19:50:00,2024-12-23
202400006762,05:50,,94,94002,2,3,2,6.0,Rue de Seine / Quai Blanqui,48.80945605,2.41039184,05:50:00,2024-02-07
202400006763,09:00,Crépuscule,44,44009,1,1,1,7.0,Unknown,47.2299943,-1.46945643,09:00:00,2024-12-22
202400006764,18:20,Plein jour,83,83047,2,3,1,2.0,Avenue des Faurys,43.151088,6.080532,18:20:00,2024-08-06
202400006765,15:40,Crépuscule,44,44109,1,1,1,6.0,Unknown,47.2666986,-1.5840007,15:40:00,2024-12-21
202400006766,19:51,Plein jour,71,71588,1,2,1,3.0,D979,46.465717,4.073386,19:51:00,2024-08-09
202400006767,13:00,Plein jour,93,93073,1,3,2,4.0,Rue du Chapitre / Rue du Trait d’Union,49.001363,2.536913,13:00:00,2024-02-07
202400006768,16:35,Plein jour,44,44109,2,1,1,3.0,62 rue de la Convention,47.21058383,-1.59203179,16:35:00,2024-12-17
202400006769,19:10,Crépuscule,93,93014,2,5,2,6.0,Chemin des Postes / Boulevard Gagarine,48.90816,2.53289,19:10:00,2024-02-07
202400006770,12:20,Plein jour,68,68063,2,1,1,2.0,Faubourg de Belfort,47.794775,7.17222,12:20:00,2024-08-09
202400006771,13:30,,44,44109,2,3,1,3.0,15d Boulevard Jean Moulin,47.20318938,-1.60391629,13:30:00,2024-11-08
202400006772,14:10,Plein jour,67,67408,2,1,1,1.0,Route d?Obersteigen,48.643961,7.390537,14:10:00,2024-08-10
202400006773,22:40,,93,93064,2,3,2,1.0,Rue du 8 Mai 1945 / Rue de la Fosse aux Bergers,48.88522,2.49536,22:40:00,2024-02-07
202400006774,17:14,,44,44109,2,1,1,3.0,Cours John Kennedy,47.21451208,-1.54982877,17:14:00,2024-11-04
202400006775,13:50,Plein jour,93,93051,2,1,1,6.0,Rue de Malnoue,48.84407,2.56531,13:50:00,2024-02-06
202400006776,16:20,Plein jour,73,73135,1,4,1,6.0,Route des contamines,45.302248,6.35322,16:20:00,2024-08-10
202400006777,20:45,,61,61001,2,6,8,3.0,D955,48.418334,0.097675,20:45:00,2024-03-05
202400006778,16:14,Plein jour,93,93031,2,2,2,6.0,Rue du Commandant Louis Bouchet / Avenue de la Marne,48.952777,2.327511,16:14:00,2024-02-07
202400006779,14:15,Plein jour,73,73123,1,1,1,3.0,D909 - 5414 Route du col des aravis,45.87163059,6.48082763,14:15:00,2024-07-31
202400006780,10:30,Plein jour,75,75107,2,4,2,7.0,BOULEVARD SAINT GERMAIN,48.859783,2.32204,10:30:00,2024-11-19
202400006781,15:15,Plein jour,38,38507,2,6,1,7.0,Chemin de Pan Perdu,45.755259,5.1903,15:15:00,2024-08-10
202400006782,16:10,Crépuscule,93,93046,2,1,2,6.0,LEON JOUHAUX RUE,48.9205709,2.53132725,16:10:00,2024-11-19
202400006783,07:45,Plein jour,93,93027,2,3,1,6.0,Avenue Victor Hugo / Boulevard Pasteur ,48.9243,2.38444,07:45:00,2024-02-05
202400006784,02:40,Nuit avec éclairage,38,38455,1,1,1,6.0,125 Route du Bugey,45.624172,5.283426,02:40:00,2024-08-10
202400006785,05:40,Nuit sans éclairage,49,49328,1,1,1,2.0,ROCADE N 347,47.282195,-0.06241,05:40:00,2024-08-25
202400006786,20:00,,93,93005,2,2,2,6.0,Route de Bondy / Rue d'Orléans,48.919839,2.487155,20:00:00,2024-02-07
202400006787,18:20,Plein jour,81,81046,1,2,1,3.0,Route de Prat-Viel,43.847334,2.021431,18:20:00,2024-08-10
202400006788,15:40,Plein jour,78,78646,1,1,3,6.0,Route de Saint Cyr,48.802847,2.110163,15:40:00,2024-11-19
202400006789,09:20,Plein jour,92,92050,2,3,1,4.0,NATIONAL (BOULEVARD),48.88772735,2.18565559,09:20:00,2024-02-06
202400006790,17:00,Crépuscule,84,84031,2,1,1,6.0,GAMBETTA BOULEVARD,44.05511,5.04447,17:00:00,2024-11-29
202400006791,19:00,Plein jour,09,09282,2,3,1,3.0,D927,43.250095,1.566882,19:00:00,2024-08-10