Num_Acc,hrmn,lum,dep,com,agg,int,atm,col,adr,lat,long,heure,date
202400006792,14:23,Plein jour,92,92051,2,1,2,3.0,MAURICE BARRES (BOULEVARD),48.87936,2.26707,14:23:00,2024-02-07
202400006793,04:30,,84,84080,1,1,1,7.0,AVIGNON BOULEVARD D',44.02901,4.97562,04:30:00,2024-11-28
202400006794,16:30,Plein jour,09,09146,1,1,1,1.0,D14,43.207803,1.497874,16:30:00,2024-08-09
202400006795,01:35,Nuit sans éclairage,44,44035,1,1,1,3.0,Unknown,47.27153753,-1.55654876,01:35:00,2024-09-21
202400006796,18:25,Nuit sans éclairage,92,92020,2,2,2,3.0,FAURE BLD FELIX N°1 A 35 ET 28 A 36,48.80180212,2.28376383,18:25:00,2024-02-07
202400006797,15:40,Plein jour,33,33326,2,1,1,7.0,Unknown,45.32892203,-0.57718928,15:40:00,2024-08-09
202400006798,20:45,,92,92040,2,1,2,6.0,ILES (BOULEVARD DES),48.82278508,2.24977267,20:45:00,2024-02-07
202400006799,13:15,Plein jour,42,42189,2,1,1,1.0,Boulevard Blaise Pascal,45.424355,4.316169,13:15:00,2024-11-23
202400006800,20:20,Crépuscule,14,14762,1,4,1,3.0,Route de Sourdeval,48.815488,-0.888701,20:20:00,2024-08-09
202400006801,23:00,,92,92062,2,1,1,6.0,PERRONET NORD ET SUD,48.89110856,2.23879248,23:00:00,2024-02-06
202400006802,17:45,Plein jour,61,61001,2,1,1,6.0,D438,48.426457,0.092451,17:45:00,2024-10-28
202400006803,10:00,Plein jour,29,29169,1,1,1,1.0,Route de Guengat,48.06617082,-4.20083827,10:00:00,2024-08-09
202400006804,21:50,,92,92060,2,1,1,6.0,REPUBLIQUE (AVENUE DE LA) (RD 60),48.77992816,2.27363849,21:50:00,2024-02-06
202400006805,20:00,Nuit sans éclairage,74,74265,1,1,8,6.0,Route du Bouchet-Mont-Charvin,45.793951,6.339583,20:00:00,2024-12-06
202400006806,16:20,Plein jour,74,74175,1,1,2,7.0,Rue du locum,46.40211337,6.75673467,16:20:00,2024-09-09
202400006807,21:56,,60,60628,1,1,1,6.0,N31,49.422759,2.151118,21:56:00,2024-08-09
202400006808,06:10,,92,92012,2,6,2,7.0,MARCEL SEMBAT (PLACE),48.83350323,2.24340963,06:10:00,2024-02-07
202400006809,14:00,Plein jour,74,74124,1,1,1,6.0,Route de saint-julien,46.128913,6.079409,14:00:00,2024-12-06
202400006810,12:44,Plein jour,92,92009,2,1,2,2.0,MOULIN BAILLY ( RUE ),48.90859548,2.25768583,12:44:00,2024-02-07
202400006811,15:10,Plein jour,74,74018,1,1,1,7.0,Unknown,46.10111897,6.31361532,15:10:00,2024-10-20
202400006812,15:55,Plein jour,80,80016,2,9,2,6.0,494 Chemin Croise de Bellevue,49.99665,2.659051,15:55:00,2024-02-08
202400006813,08:30,Plein jour,74,74297,1,1,1,7.0,1415 Route de Geneve,45.932129,5.931308,08:30:00,2024-12-04
202400006814,15:00,Plein jour,80,80338,2,3,1,3.0,Rue Gambetta,49.900958,2.50492,15:00:00,2024-08-10
202400006815,19:30,Nuit sans éclairage,62,62336,1,1,6,3.0,D159,50.56654518,2.27493219,19:30:00,2024-02-04
202400006816,01:50,Nuit sans éclairage,74,74116,1,4,1,1.0,Route Nationale 203,46.07349187,6.28863251,01:50:00,2024-09-21
202400006817,10:00,Plein jour,73,73085,2,6,1,6.0,D991 - 270 route d'AIX,45.81912,5.84809,10:00:00,2024-01-25
202400006818,12:00,Plein jour,40,40304,2,1,1,7.0,Avenue du Touring Club,43.659282,-1.428263,12:00:00,2024-02-06
202400006819,08:15,Plein jour,74,74067,2,1,1,1.0,146 Route de l'herbe,45.89672,6.078274,08:15:00,2024-10-29
202400006820,09:55,Plein jour,42,42237,1,1,1,6.0,N88,45.44046,4.45692,09:55:00,2024-08-08
202400006821,08:30,Plein jour,06,06161,2,1,1,2.0,Avenue des Plans,43.654675,7.12512,08:30:00,2024-02-08
202400006822,21:00,,74,74104,1,3,8,3.0,D1508,45.777854,6.232933,21:00:00,2024-12-06
202400006823,18:22,Plein jour,33,33487,1,1,1,2.0,Unknown,44.95343,-0.45714,18:22:00,2024-08-09
202400006824,12:30,Plein jour,74,74166,2,3,1,3.0,avenue de savoie,46.384145,6.526823,12:30:00,2024-10-30
202400006825,16:59,Plein jour,59,59346,1,1,2,3.0,AUTOROUTE A27,50.600947,3.132896,16:59:00,2024-08-08
202400006826,14:40,Plein jour,74,74180,1,1,1,6.0,42 route de parteyi,46.34024266,6.27919025,14:40:00,2024-11-30
202400006827,17:50,Crépuscule,06,06161,2,3,1,5.0,473 Boulevard des Italiens,43.640145,7.139724,17:50:00,2024-02-06
202400006828,20:48,Crépuscule,91,91086,1,1,1,1.0,RN 104,48.623,2.386,20:48:00,2024-08-09
202400006829,17:25,Plein jour,28,28161,1,1,1,6.0,Autoroute Oceane - A11- PK 096+200,48.24846,1.117929,17:25:00,2024-02-06
202400006830,00:05,Nuit avec éclairage,91,91689,1,1,1,3.0,AUTOROUTE A6B,48.74592,2.32423,00:05:00,2024-08-09
202400006831,23:17,Nuit sans éclairage,74,74005,2,3,1,3.0,Avenue du centenaire,46.342751,6.482048,23:17:00,2024-11-30
202400006832,14:20,Plein jour,71,71550,1,1,1,2.0,A6,46.50273167,4.90409787,14:20:00,2024-02-08
202400006833,01:35,Nuit sans éclairage,78,78418,1,1,1,2.0,A14,48.917772,2.120324,01:35:00,2024-08-08
202400006834,20:51,Nuit sans éclairage,74,74032,1,4,5,6.0,Route de la Chèvrerie,46.220914,6.553972,20:51:00,2024-11-02
202400006835,22:20,Nuit sans éclairage,972,97210,1,1,1,1.0,Route nationale 6,14.604214,-60.932499,22:20:00,2024-02-07
202400006836,23:55,Nuit sans éclairage,78,78073,1,1,1,3.0,N12Y,48.799205,1.995571,23:55:00,2024-08-07
202400006837,17:45,Crépuscule,74,74309,1,1,2,1.0,1618 Route de la gare,46.129675,6.028814,17:45:00,2024-11-28
202400006838,08:50,Plein jour,83,83048,2,1,1,3.0,260 Boulevard Georges Selliez,43.20552,6.570511,08:50:00,2024-02-08
202400006839,09:34,Plein jour,74,74282,1,1,3,7.0,Autoroute A410,46.026469,6.228991,09:34:00,2024-11-28
202400006840,15:20,Plein jour,94,94028,1,1,1,3.0,A86,48.79449381,2.44220497,15:20:00,2024-08-09
202400006841,15:50,Plein jour,82,82103,1,1,1,6.0,D928,43.837924,0.926478,15:50:00,2024-02-08
202400006842,22:20,Nuit sans éclairage,77,77059,1,1,1,2.0,A104,48.8455465,2.6626142,22:20:00,2024-08-08
202400006843,06:24,Nuit sans éclairage,74,74197,1,3,1,3.0,Route d'annecy,46.14335768,6.31477314,06:24:00,2024-11-27
202400006844,16:20,Crépuscule,74,74112,2,6,1,6.0,Route du pont de brogny,45.935218,6.123574,16:20:00,2024-11-26
202400006845,14:57,Plein jour,33,33251,1,2,1,3.0,Unknown,44.517591,-0.590468,14:57:00,2024-01-25
202400006846,00:55,Nuit sans éclairage,57,57283,1,1,1,7.0,CD 112 F,49.2424,6.14439,00:55:00,2024-06-01
202400006847,06:05,Nuit sans éclairage,74,74021,1,1,1,2.0,A40,46.16572,6.25088,06:05:00,2024-11-25
202400006848,18:05,,55,55463,2,1,2,6.0,Avenue de la 40e Division,48.89718862,5.53391118,18:05:00,2024-02-07
202400006849,02:40,Nuit sans éclairage,74,74313,1,1,4,7.0,D27,46.049795,6.149753,02:40:00,2024-11-23
202400006850,08:05,Crépuscule,49,49214,1,1,2,6.0,Route de Laval,47.523574,-0.615079,08:05:00,2024-02-08
202400006851,17:45,Crépuscule,74,74161,1,1,1,6.0,Route des creuses,45.876793,6.01892,17:45:00,2024-11-05
202400006852,07:40,Crépuscule,47,47095,1,1,1,6.0,D101,44.42214166,0.2979447,07:40:00,2024-02-08
202400006853,16:58,Crépuscule,74,74157,2,1,1,2.0,235 Route d'orcier,46.337495,6.519045,16:58:00,2024-11-15
202400006854,17:40,Plein jour,29,29220,2,1,2,2.0,Rue Pen Enez,47.876044,-4.222258,17:40:00,2024-02-08
202400006855,15:00,Plein jour,74,74010,2,1,1,6.0,20 Avenue de periaz,45.877307,6.089832,15:00:00,2024-10-30
202400006856,17:30,Plein jour,74,74249,1,1,1,6.0,RD 32,46.3551215,6.6383813,17:30:00,2024-10-06
202400006857,20:25,Nuit sans éclairage,01,01165,1,4,1,3.0,D27,46.079587,4.80478,20:25:00,2024-01-29
202400006858,15:55,Plein jour,74,74289,1,1,1,7.0,Route de geneve,45.89183,5.936576,15:55:00,2024-09-03
202400006859,20:30,Nuit sans éclairage,01,01426,1,1,1,6.0,RD 3,46.27829,5.349162,20:30:00,2024-02-03
202400006860,13:25,Plein jour,35,35238,1,1,1,6.0,Unknown,48.08112,-1.66493,13:25:00,2024-06-27
202400006861,14:03,Plein jour,85,85151,1,1,2,1.0,RD149,46.97793,-0.919104,14:03:00,2024-02-07
202400006862,21:05,Crépuscule,17,17299,2,1,1,7.0,PONTY AVENUE W.,45.943767,-0.959793,21:05:00,2024-08-01
202400006863,10:40,Plein jour,32,32256,1,1,2,7.0,Route de Montesquiou,43.526149,0.40452,10:40:00,2024-10-22
202400006864,19:10,,70,70511,2,7,8,6.0,D5,47.591462,5.728207,19:10:00,2024-02-06
202400006865,08:40,Crépuscule,32,32290,1,1,5,7.0,D270,43.985832,0.180003,08:40:00,2024-10-23
202400006866,20:10,Nuit sans éclairage,54,54523,1,1,3,6.0,RD 974 ,48.569338,5.955974,20:10:00,2024-02-07
202400006867,13:00,Plein jour,32,32249,1,1,1,5.0,CD928,43.712289,0.861386,13:00:00,2024-10-24
202400006868,19:30,Nuit sans éclairage,72,72039,1,3,2,3.0,impasse de la holière,48.20359,0.43146,19:30:00,2024-02-08
202400006869,09:15,Plein jour,78,78208,2,3,1,6.0,VILLEDIEU (AVENUE DE LA) 210,48.768689,1.949079,09:15:00,2024-12-02
202400006870,07:30,Nuit sans éclairage,14,14582,1,1,1,6.0,D579,49.098965,0.207539,07:30:00,2024-02-04
202400006871,07:45,Crépuscule,14,14543,2,1,2,1.0,178 Rue de la Sablonniere,49.196718,-0.459016,07:45:00,2024-02-08
202400006872,18:15,,28,28134,2,1,5,4.0,LIVRAINDIERES (RUE DES),48.74835,1.36066,18:15:00,2024-11-30
202400006873,12:35,Plein jour,05,05011,1,1,1,6.0,D942,44.54899947,6.2009802,12:35:00,2024-02-08
202400006874,13:30,Plein jour,28,28223,2,1,1,7.0,MONTDROUARD (COTE),48.72425,1.40076,13:30:00,2024-11-29
202400006875,09:00,Plein jour,05,05124,2,1,1,1.0,"Pont-Sarrazin-Bas, RN94",44.577924,6.126198,09:00:00,2024-02-08
202400006876,22:00,Nuit sans éclairage,28,28134,1,9,5,6.0,D 152 (MESNIL SUR L'ESTREE),48.763,1.3686,22:00:00,2024-11-27
202400006877,10:00,Plein jour,28,28134,2,1,3,3.0,MOULIN (AVENUE JEAN),48.73163,1.37651,10:00:00,2024-11-25
202400006878,14:55,Plein jour,24,24115,2,1,1,6.0,Rue d'Angoulême,45.246099,0.685844,14:55:00,2024-02-07
202400006879,05:10,,28,28007,2,1,1,6.0,Boulevard Charles de Gaulle,48.852486,1.438957,05:10:00,2024-11-19
202400006880,15:39,Plein jour,04,04209,2,7,7,6.0,Place de l?Horloge,44.197011,5.944578,15:39:00,2024-02-07
202400006881,13:30,Plein jour,28,28140,2,6,1,3.0,Route de Gallardon,48.603904,1.672776,13:30:00,2024-10-22
202400006882,05:50,,38,38544,2,3,1,1.0,FUTERIE(PLACE DE LA),45.52772,4.88029,05:50:00,2024-10-29
202400006883,14:14,Plein jour,37,37062,1,1,3,6.0,D749,47.532965,0.305858,14:14:00,2024-02-07
202400006884,18:00,Plein jour,38,38053,2,3,1,3.0,ZOLA (AV EMILE),45.58861,5.26919,18:00:00,2024-10-15
202400006885,18:45,,37,37050,2,1,2,6.0,Route de la Vigne,47.336747,0.687574,18:45:00,2024-02-07
202400006886,10:00,Plein jour,38,38053,2,3,1,6.0,Avenue Maréchal Leclerc,45.58996,5.28172,10:00:00,2024-10-12
202400006887,16:20,Plein jour,30,30313,1,1,1,6.0,D936,43.96378,4.23205,16:20:00,2024-02-08
202400006888,15:45,Plein jour,93,93001,2,2,9,3.0,Rue Henri Barbusse / Rue Paul Bert,48.90884102,2.3905966,15:45:00,2024-06-14
202400006889,12:45,Plein jour,987,98745,1,1,2,6.0,RT 143,-16.636056,-151.467489,12:45:00,2024-02-07
202400006890,11:50,Plein jour,92,92002,2,1,2,6.0,ARISTIDE BRIAND (AVENUE),48.75421768,2.30534032,11:50:00,2024-11-18
202400006891,18:00,Crépuscule,986,98611,2,1,1,7.0,"RT1, Poi roaume d'Alo ",-14.293121,-178.094387,18:00:00,2024-01-16
202400006892,17:25,Crépuscule,93,93047,2,1,1,7.0,PAUL DE KOCH  (RUE),48.900841,2.559601,17:25:00,2024-11-24
202400006893,22:00,,974,97415,2,1,1,2.0,Rue du Gen de Gaulle (st G),-21.050903,55.224003,22:00:00,2024-02-08
202400006894,00:15,Nuit sans éclairage,38,38337,1,1,1,1.0,D1085,45.34658541,5.49391508,00:15:00,2024-12-21
202400006895,11:10,Plein jour,971,97116,1,1,1,3.0,Route de Jeanne de Kermadec,16.302089,-61.443336,11:10:00,2024-02-01
202400006896,20:05,Nuit sans éclairage,84,84082,1,3,1,3.0,D942/D183,44.060006,5.185697,20:05:00,2024-12-31
202400006897,16:05,Plein jour,28,28015,1,1,1,3.0,RD 19.4,48.447636,1.777065,16:05:00,2024-02-06
202400006898,15:45,Plein jour,14,14685,2,1,1,6.0,3 Rue des Vieux Métiers,49.255461,-0.450786,15:45:00,2024-11-26
202400006899,20:10,,62,62621,2,3,1,6.0,D226,50.875059,2.023949,20:10:00,2024-10-07
202400006900,14:00,Plein jour,45,45283,2,1,2,1.0,D39 PR 23 + 786,47.902933,2.70342,14:00:00,2024-02-03
202400006901,00:15,Nuit sans éclairage,50,50523,1,9,1,6.0,Route des Iles,49.47099,-1.248933,00:15:00,2024-10-27
202400006902,11:35,Plein jour,77,77225,1,1,2,1.0,D21,48.883321,3.0065,11:35:00,2024-02-04
202400006903,08:30,Plein jour,91,91044,1,1,1,6.0,National 20 sens province paris,48.678232,2.283107,08:30:00,2024-12-27
202400006904,09:56,Plein jour,2A,2A041,1,1,1,6.0,#Piantarella#,41.378604,9.218345,09:56:00,2024-02-08
202400006905,17:00,Plein jour,83,83088,1,1,1,7.0,D5,43.309972,5.988386,17:00:00,2024-02-08
202400006906,07:45,Nuit sans éclairage,28,28134,1,1,1,2.0,D 912,48.7367034,1.36216205,07:45:00,2024-11-26
202400006907,17:30,Crépuscule,05,05118,1,1,1,6.0,Gorges de la Méouge (Chemin),44.269235,5.774646,17:30:00,2024-02-07
202400006908,08:00,Crépuscule,62,62160,2,1,1,3.0,Rue des Moulins,50.73244345,1.62248987,08:00:00,2024-10-17
202400006909,19:25,,57,57683,2,6,2,6.0,Rue des Abattoirs,49.30171259,6.15793577,19:25:00,2024-02-07
202400006910,16:30,Plein jour,62,62160,2,3,1,3.0,Rue d'Ambleteuse,50.73335,1.59986,16:30:00,2024-10-13
202400006911,07:00,Nuit sans éclairage,57,57145,1,3,2,3.0,route départementale 4,49.107028,6.282957,07:00:00,2024-02-07
202400006912,17:45,Plein jour,62,62688,2,9,1,3.0,D940,50.43323301,1.60781108,17:45:00,2024-07-30
202400006913,10:00,Plein jour,31,31248,2,1,1,2.0,D19,43.451949,1.398276,10:00:00,2024-02-08
202400006914,18:30,Plein jour,62,62688,2,6,1,2.0,Route de Merlimont,50.41859,1.63527,18:30:00,2024-07-26
202400006915,16:10,Plein jour,33,33114,1,1,1,2.0,Unknown,45.09764,-0.380874,16:10:00,2024-02-07
202400006916,08:30,Crépuscule,62,62757,1,9,1,7.0,D942,50.73561,2.19166,08:30:00,2024-05-19
202400006917,14:15,Plein jour,72,72154,2,1,2,6.0,Boulevard de la République,47.698101,-0.069952,14:15:00,2024-02-07
202400006918,07:37,Plein jour,2B,2B350,2,1,3,5.0,funtanone,42.522393,9.401061,07:37:00,2024-10-03
202400006919,16:35,Plein jour,22,22098,1,1,1,5.0,D768,48.428546,-2.563001,16:35:00,2024-02-06
202400006920,08:20,Plein jour,91,91441,1,1,1,2.0,"Autoroute A6, PK 040+700, dans le sens Paris vers Province",48.50792669,2.510565,08:20:00,2024-09-14
202400006921,05:50,Nuit sans éclairage,35,35076,1,2,5,3.0,la suplinais,48.05891085,-1.79912631,05:50:00,2024-02-02
202400006922,16:15,Plein jour,19,19272,2,1,1,6.0,République (Quai),45.26637,1.77069,16:15:00,2024-11-27
202400006923,09:51,Plein jour,13,13215,1,1,1,3.0,A7-Sens Marseille vers Lyon,43.3483,5.3708,09:51:00,2024-02-07
202400006924,14:25,Plein jour,64,64483,2,3,1,3.0,CHANTACO (AVENUE DE ),43.38308,-1.6508,14:25:00,2024-12-31
202400006925,14:30,Plein jour,60,60103,2,1,1,2.0,7 Rue du Petit Chantilly,49.41064,2.247358,14:30:00,2024-12-31
202400006926,23:50,,75,75116,2,1,2,7.0,ALLEE DE LA REINE MARGUERITE,48.853257,2.241548,23:50:00,2024-11-18
202400006927,19:03,Nuit avec éclairage,33,33162,1,1,1,4.0,Unknown,44.869379,-0.645472,19:03:00,2024-02-06
202400006928,22:24,Nuit sans éclairage,59,59564,1,1,1,2.0,AUTOROUTE A2,50.33995651,3.46684088,22:24:00,2024-02-06
202400006929,15:10,Plein jour,93,93077,2,5,1,1.0,Rue de Neuilly / Rue Berthomié,48.87545,2.52612,15:10:00,2024-06-15
202400006930,20:38,Nuit sans éclairage,59,59580,1,1,1,6.0,AUTOROUTE A25,50.82567,2.58525,20:38:00,2024-02-04
202400006931,20:20,Crépuscule,93,93032,2,1,2,6.0,Allée de Montfermeil,48.89904177,2.54383922,20:20:00,2024-06-14
202400006932,16:55,Plein jour,91,91689,1,1,2,3.0,AUTOROUTE A6,48.72477891,2.31259525,16:55:00,2024-02-07
202400006933,08:20,Plein jour,93,93046,2,3,1,2.0,Avenue du Consul General Nordling / Rue Léon Jouhaux,48.91784155,2.53467679,08:20:00,2024-06-10
202400006934,06:00,Plein jour,974,97410,1,1,1,1.0,Chemin du Cratere,-21.048262,55.669457,06:00:00,2024-12-30
202400006935,12:30,Plein jour,91,91471,1,1,2,5.0,RN 118,48.69794,2.19223,12:30:00,2024-02-07
202400006936,11:20,Plein jour,94,94038,1,1,2,3.0,A6B,48.77696046,2.34657501,11:20:00,2024-02-07
202400006937,17:15,Crépuscule,19,19255,1,3,1,3.0,Route des moédières,45.370441,1.725615,17:15:00,2024-12-23
202400006938,11:15,Plein jour,91,91521,1,1,2,7.0,RN 441,48.6343,2.40607,11:15:00,2024-02-07
202400006939,11:20,Plein jour,29,29233,1,3,1,1.0,Rue Rene Gasnier de Fresne,47.861197,-3.578984,11:20:00,2024-08-05
202400006940,07:50,Plein jour,2A,2A004,1,1,1,3.0,T40,41.93023016,8.80923271,07:50:00,2024-06-04
202400006941,22:45,,34,34113,2,1,1,6.0,31 Avenue de Béziers,43.497433,3.711941,22:45:00,2024-01-23
202400006942,13:29,Plein jour,91,91432,1,1,3,5.0,AUTOROUTE A6,48.69254,2.32131,13:29:00,2024-02-07
202400006943,11:15,Plein jour,2A,2A004,2,1,1,3.0,SARTENE ANCIENNE ROUTE,41.92822,8.79456,11:15:00,2024-06-03
202400006944,18:36,,74,74010,2,1,1,6.0,BROGNY (AVENUE DE) (SECTEUR 110),45.92562,6.12564,18:36:00,2024-11-26
202400006945,08:30,Plein jour,91,91689,1,1,3,5.0,AUTOROUTE A10,48.728574,2.305468,08:30:00,2024-02-07
202400006946,19:30,Plein jour,95,95277,2,9,1,3.0,LAMARTINE (RUE),48.98448,2.43567,19:30:00,2024-06-04
202400006947,22:30,Nuit sans éclairage,57,57022,1,1,9,6.0,D14,49.38631302,6.01883422,22:30:00,2024-11-22
202400006948,11:05,Plein jour,30,30189,2,1,1,1.0,ALLENDE SALVADOR (RUE),43.8294,4.3786,11:05:00,2024-12-16
202400006949,06:45,Plein jour,95,95427,2,3,1,3.0,POIRIERS (RUE DES),48.96741616,2.3388505,06:45:00,2024-06-04
202400006950,10:15,Crépuscule,78,78043,1,1,1,5.0,A12 W,48.836556,2.089423,10:15:00,2024-02-06
202400006951,18:21,Plein jour,91,91377,2,1,1,3.0,RUE DU LANGUEDOC,48.73569,2.29685,18:21:00,2024-06-04
202400006952,17:25,,30,30189,2,3,1,6.0,NOTRE DAME (RUE),43.83,4.36,17:25:00,2024-12-02
202400006953,15:15,Plein jour,93,93053,1,1,1,6.0,AUTOROUTE A3,48.89707199,2.46965129,15:15:00,2024-02-05
202400006954,11:10,Plein jour,91,91161,2,6,1,3.0,AV MAZARIN,48.70249,2.32058,11:10:00,2024-06-04
202400006955,21:10,Nuit sans éclairage,63,63414,1,1,2,2.0,Unknown,45.73345852,3.5606204,21:10:00,2024-11-19
202400006956,11:45,Plein jour,987,98735,2,4,1,6.0,DUMONT D'URVILLE (RUE QTIER VILLIERME),-17.54293032,-149.5681715,11:45:00,2024-02-06
202400006957,14:53,Plein jour,93,93005,2,1,1,7.0,Rue Isidore Nérat,48.93024664,2.49383801,14:53:00,2024-06-16
202400006958,07:45,Plein jour,91,91377,2,1,1,3.0,RUE AMPERE,48.71964,2.26415,07:45:00,2024-06-04
202400006959,03:40,Nuit sans éclairage,974,97411,1,1,1,6.0,MONTAGNE (ROUTE DE LA),-20.88829,55.44025,03:40:00,2024-02-07
202400006960,13:00,Plein jour,85,85191,2,9,1,1.0,RD160,46.68117,-1.39233,13:00:00,2024-06-04
202400006961,10:30,Plein jour,974,97411,2,9,1,3.0,DODU 1 (RUE JULIETTE),-20.87599,55.4506,10:30:00,2024-02-05
202400006962,18:25,Plein jour,84,84007,2,9,1,5.0,C.De GAULLE (Rocade),43.94383,4.796,18:25:00,2024-06-03
202400006963,14:33,Plein jour,84,84143,1,1,1,1.0,D4,43.998017,5.147696,14:33:00,2024-10-20
202400006964,07:00,Plein jour,974,97411,2,9,1,6.0,MALRAUX (AVENUE ANDRE),-20.88805,55.46476,07:00:00,2024-02-05
202400006965,07:15,Plein jour,83,83137,2,1,1,3.0,BRIAND (AVE ARISTIDE DE 1 A 1219,43.12477,5.89647,07:15:00,2024-06-03
202400006966,15:17,Plein jour,14,14047,2,1,1,3.0,30 Route de Vaux sur Aure,49.287081,-0.70386,15:17:00,2024-10-08
202400006967,19:20,,69,69386,2,6,1,3.0,Place René Deroudille,45.76606,4.85594,19:20:00,2024-02-06
202400006968,16:30,Crépuscule,73,73011,2,2,7,6.0,D990 - DE GAULLE (AV.),45.67131,6.3804,16:30:00,2024-10-29
202400006969,19:38,Plein jour,82,82033,2,3,1,3.0,Avenue du Maréchal Leclerc,44.05245,1.10102,19:38:00,2024-06-04
202400006970,19:15,,42,42187,2,2,1,3.0,Avenue de Paris,46.04574,4.07022,19:15:00,2024-10-11
202400006971,03:40,,77,77384,1,1,1,6.0,D.57,48.61437,2.61632,03:40:00,2024-06-04
202400006972,09:00,Plein jour,69,69383,2,9,1,6.0,Rue du Dauphiné,45.75257439,4.86792907,09:00:00,2024-02-06
202400006973,16:20,Plein jour,77,77122,2,1,1,6.0,RUE LOUISE MICHEL,48.66303,2.55762,16:20:00,2024-06-03
202400006974,16:00,Plein jour,30,30189,1,1,1,6.0,baillet claude,43.81049,4.36085,16:00:00,2024-11-14
202400006975,16:50,Plein jour,30,30189,2,1,1,6.0,GAMBETTA (BD),43.8398,4.3558,16:50:00,2024-11-13
202400006976,08:00,Plein jour,77,77449,2,1,1,3.0,CRS DU DANUBE,48.8567,2.77947,08:00:00,2024-06-04
202400006977,20:00,Plein jour,76,76319,2,1,1,6.0,Boulevard du Rouvray,49.35514,0.9944,20:00:00,2024-06-04
202400006978,04:25,,972,97213,1,4,1,2.0,AUTOROUTE A1,14.61465,-61.01286,04:25:00,2024-11-17
202400006979,12:35,Plein jour,76,76540,2,2,1,3.0,Rue Alsace Lorraine,49.4385,1.09997,12:35:00,2024-06-04
202400006980,15:20,Plein jour,972,97213,1,1,3,3.0,ROUTE DEPARTEMENTALE 3,14.62625,-61.03,15:20:00,2024-12-20
202400006981,19:40,Nuit sans éclairage,972,97213,1,1,1,5.0,ROUTE NATIONALE 5,14.59617,-60.99451,19:40:00,2024-02-05
202400006982,20:20,Nuit sans éclairage,972,97213,2,1,1,6.0,ROUTE NATIONALE 1,14.64017,-60.9769,20:20:00,2024-02-04
202400006983,00:05,Nuit sans éclairage,76,76351,1,1,1,6.0,RD 6382,49.52413,0.16989,00:05:00,2024-06-04
202400006984,17:55,,75,75107,2,7,2,7.0,ROND POINT DU BLEUET DE FRANCE,48.85844606,2.31335002,17:55:00,2024-11-19
202400006985,04:50,Crépuscule,72,72181,2,6,1,3.0,MUTUEL (BD),48.00559,0.21775,04:50:00,2024-06-04
202400006986,01:15,,972,97209,2,1,1,1.0,BISHOP (Avenue Maurice),14.60555965,-61.05954708,01:15:00,2024-02-04
202400006987,11:15,Plein jour,01,01447,1,3,1,3.0,Route de Simandre,46.200367,5.398605,11:15:00,2024-08-22
202400006988,15:00,Plein jour,72,72181,2,1,1,2.0,RUBILLARD AV N° PAIRS 118 ET >,48.01374,0.16971,15:00:00,2024-06-03
202400006989,18:15,,69,69381,2,1,8,2.0,Quai Saint Vincent,45.7683,4.82666,18:15:00,2024-02-06
202400006990,07:40,Plein jour,69,69029,2,1,1,6.0,Avenue Pierre Brossolette,45.7467,4.91789,07:40:00,2024-06-03
202400006991,12:45,Plein jour,50,50419,1,2,2,4.0,RUE DU MONT ST MICHEL,48.954509,-1.478283,12:45:00,2024-12-25
202400006992,19:52,Plein jour,67,67482,2,1,8,2.0,PARIS (PONT DE),48.585,7.742,19:52:00,2024-06-03
202400006993,16:35,Plein jour,67,67482,2,1,8,6.0,SCHULMEISTER (RUE),48.548,7.753,16:35:00,2024-06-03
202400006994,08:15,Plein jour,971,97125,1,2,1,3.0,RN5,16.270112,-61.279442,08:15:00,2024-07-24
202400006995,18:09,,19,19031,2,1,1,3.0,CHAUMEIL (RUE PIERRE),45.15628431,1.50343019,18:09:00,2024-11-27
202400006996,16:50,Plein jour,64,64122,2,2,1,3.0,MARNE (AVENUE DE LA),43.48204731,-1.5435335,16:50:00,2024-06-04
202400006997,19:29,Crépuscule,01,01283,2,1,1,3.0,PASCAL,46.26266,5.65386,19:29:00,2024-09-23
202400006998,13:35,Plein jour,2B,2B077,1,1,1,3.0,Lieu dit Corso,42.463803,9.496146,13:35:00,2024-09-30
202400006999,18:25,Plein jour,63,63113,2,2,1,3.0,Rue Rouvier / rue Verlaine,45.80647,3.11426,18:25:00,2024-06-04
202400007000,19:25,Plein jour,62,62083,1,1,1,6.0,D179E1,50.45931225,2.60968637,19:25:00,2024-06-04
202400007001,21:30,,62,62510,1,1,1,7.0,D58,50.42102926,2.76696405,21:30:00,2024-06-03
202400007002,17:00,Plein jour,2B,2B030,1,1,1,6.0,A Marina di Ghjottani,42.864877,9.344366,17:00:00,2024-09-15
202400007003,08:55,Plein jour,62,62108,2,1,1,3.0,Rue Alfred Lambert,50.40928436,1.56674731,08:55:00,2024-06-03
202400007004,15:35,Plein jour,50,50046,2,3,8,3.0,Le Bourg,49.142071,-0.943483,15:35:00,2024-10-10
202400007005,07:45,Plein jour,61,61001,2,1,1,6.0,VC,48.415576,0.098687,07:45:00,2024-06-04