Num_Acc,hrmn,lum,dep,com,agg,int,atm,col,adr,lat,long,heure,date
202400007006,21:15,Plein jour,60,60159,2,1,1,6.0,Rue du Docteur Guérin,49.39848,2.78903,21:15:00,2024-06-03
202400007007,17:30,Plein jour,85,85213,2,1,1,5.0,75 rue Georges clemenceau,46.600142,-1.327243,17:30:00,2024-06-18
202400007008,15:40,Plein jour,45,45063,1,1,1,6.0,D51 PR 25 + 760,47.636564,2.420511,15:40:00,2024-11-30
202400007009,08:20,Plein jour,59,59512,2,2,1,3.0,Boulevard de Strasbourg,50.6940727,3.18795244,08:20:00,2024-06-04
202400007010,19:00,Plein jour,59,59328,2,1,1,6.0,Avenue de Dunkerque (Lille),50.63639,3.02606,19:00:00,2024-06-04
202400007011,17:30,Plein jour,59,59588,2,1,1,1.0,FURNES - ROUTE NATIONALE,51.03694,2.41423,17:30:00,2024-05-28
202400007012,09:42,Plein jour,57,57463,2,1,1,3.0,CAMBOUT (RUE DU ),49.11457,6.18181,09:42:00,2024-06-04
202400007013,08:50,Plein jour,56,56260,1,1,1,4.0,Kerlann,47.66395,-2.78745,08:50:00,2024-06-03
202400007014,17:00,Plein jour,54,54578,2,1,1,2.0,Boulevard des Aiguillettes,48.67407,6.15166,17:00:00,2024-06-03
202400007015,13:15,Plein jour,54,54547,2,3,1,3.0,Avenue Jeanne d'Arc,48.65908,6.180315,13:15:00,2024-06-03
202400007016,13:15,Plein jour,54,54184,2,1,1,2.0,Rue Mère Térèsa,48.70178566,6.22401774,13:15:00,2024-06-03
202400007017,11:45,Plein jour,54,54395,2,1,1,6.0,Rue de Malzéville,48.70210551,6.17982298,11:45:00,2024-06-03
202400007018,14:50,Plein jour,49,49007,2,1,1,3.0,SAINT JACQUES,47.47372,-0.57049,14:50:00,2024-06-03
202400007019,12:00,Plein jour,49,49007,2,1,1,2.0,CHEF DE VILLE,47.47435,-0.56835,12:00:00,2024-06-03
202400007020,17:35,Plein jour,47,47001,1,1,1,6.0,VERONE (AVENUE DE),44.21644332,0.60844946,17:35:00,2024-06-03
202400007021,22:00,Crépuscule,44,44109,2,2,1,3.0,36 Rue Camille Flammarion,47.22545,-1.57371,22:00:00,2024-06-04
202400007022,17:15,Plein jour,34,34108,2,9,1,6.0,CARRIERES (AVENUE DES),43.45355,3.75393,17:15:00,2024-06-03
202400007023,19:20,Plein jour,34,34172,2,1,1,1.0,LUMIERE (RUE DES FRERES),43.61044,3.90432,19:20:00,2024-06-04
202400007024,18:00,Plein jour,33,33529,2,1,1,3.0,Unknown,44.6166,-1.13796,18:00:00,2024-06-04
202400007025,08:30,Plein jour,29,29039,1,2,1,3.0,rue de Penanguer,47.90854395,-3.91872392,08:30:00,2024-06-03
202400007026,10:20,Plein jour,28,28134,2,1,1,6.0,VIOLETTE (RUE MAURICE),48.73601,1.36638,10:20:00,2024-06-04
202400007027,18:30,Plein jour,27,27681,2,3,1,3.0,BONNARD (RUE PIERRE),49.097913,1.489301,18:30:00,2024-06-04
202400007028,11:55,Plein jour,27,27375,2,1,1,2.0,THOREL (PLACE ERNEST),49.21527,1.16895,11:55:00,2024-06-04
202400007029,21:05,Plein jour,25,25056,2,6,1,6.0,TORCOLS CHEMIN DES,47.261232,6.014293,21:05:00,2024-06-04
202400007030,18:35,Plein jour,14,14437,1,1,1,2.0,N814,49.17058,-0.30383,18:35:00,2024-06-03
202400007031,00:15,,13,13208,2,1,1,3.0,PRADO (AVENUE DU),43.271861,5.39034,00:15:00,2024-06-05
202400007032,01:00,,13,13210,2,1,1,3.0,ELIE WIESEL (BD),43.26610958,5.41966045,01:00:00,2024-06-04
202400007033,15:40,Plein jour,13,13047,1,4,1,3.0,D.5,43.59938,4.93607,15:40:00,2024-06-04
202400007034,08:45,Plein jour,13,13001,1,6,1,3.0,LEDOUX CLAUDE NICOLAS (RUE),43.47923279,5.39405645,08:45:00,2024-06-04
202400007035,13:25,Plein jour,11,11069,2,1,1,2.0,5 Rue Antoine Marty,43.21622,2.35973,13:25:00,2024-06-03
202400007036,11:15,Plein jour,07,07316,1,1,1,4.0,LYON (ROUTE DE),44.91106,4.85471,11:15:00,2024-06-04
202400007037,16:00,Plein jour,01,01344,1,1,1,2.0,BRESSE (AVENUE DE),46.21353,5.20445,16:00:00,2024-06-04
202400007038,16:05,Plein jour,75,75114,2,1,1,2.0,BD PERIPHERIQUE EXTERIEUR,48.824936,2.303477,16:05:00,2024-06-04
202400007039,12:35,Plein jour,75,75116,2,1,1,2.0,BD PERIPHERIQUE INTERIEUR,48.858742,2.261929,12:35:00,2024-06-03
202400007040,13:33,Plein jour,75,75104,2,2,1,3.0,PONT DE SULLY,48.85084,2.361452,13:33:00,2024-06-04
202400007041,11:20,Plein jour,75,75111,2,3,1,6.0,RUE DU FAUBOURG SAINT ANTOINE,48.850543,2.379401,11:20:00,2024-06-04
202400007042,09:45,Plein jour,75,75106,2,2,1,3.0,RUE SAINT SULPICE,48.851463,2.337056,09:45:00,2024-06-04
202400007043,09:15,Plein jour,75,75106,2,7,1,2.0,BOULEVARD SAINT MICHEL,48.847501,2.34077,09:15:00,2024-06-03
202400007044,14:40,Plein jour,75,75119,2,3,1,3.0,AVENUE SIMON BOLIVAR,48.874974,2.382622,14:40:00,2024-06-04
202400007045,18:00,Plein jour,75,75116,2,1,1,3.0,ALLEE DU BORD DE L EAU,48.873322,2.243882,18:00:00,2024-06-04
202400007046,16:30,Plein jour,75,75116,2,3,1,6.0,RUE LE NOTRE,48.858822,2.288958,16:30:00,2024-06-03
202400007047,02:40,Nuit sans éclairage,75,75112,2,7,1,1.0,AVENUE DES MINIMES,48.840676,2.434454,02:40:00,2024-06-04
202400007048,16:55,Plein jour,75,75112,2,1,1,5.0,QUAI DE BERCY,48.845029,2.371601,16:55:00,2024-06-03
202400007049,18:20,Plein jour,75,75110,2,2,1,3.0,RUE DU FAUBOURG SAINT MARTIN,48.871797,2.36718,18:20:00,2024-06-04
202400007050,15:40,Plein jour,75,75110,2,7,1,6.0,BOULEVARD SAINT DENIS,48.869964,2.362769,15:40:00,2024-06-04
202400007051,10:00,Plein jour,75,75108,2,1,1,2.0,RUE CAMBACERES,48.872709,2.318064,10:00:00,2024-06-04
202400007052,02:00,,75,75108,2,1,1,2.0,PLACE DE LA MADELEINE,48.870282,2.32543,02:00:00,2024-06-04
202400007053,16:40,Plein jour,94,94003,2,3,1,3.0,Avenue Aristide Briand / Rue Berthollet,48.80585,2.32579,16:40:00,2024-06-04
202400007054,21:40,Crépuscule,94,94041,2,1,1,1.0,Avenue de l’Industrie,48.810661,2.406532,21:40:00,2024-06-03
202400007055,19:05,Plein jour,94,94065,1,4,1,2.0,Boulevard Circulaire Sud Min / Rue de la Rochelle,48.754214,2.354404,19:05:00,2024-06-04
202400007056,21:20,Plein jour,93,93078,2,2,1,3.0,Boulevard Robert Ballanger / Chemin du Loup,48.962198,2.55913,21:20:00,2024-06-03
202400007057,23:00,,93,93066,2,2,1,2.0,Avenue du Stade de France / Rue de la Cokerie,48.921467,2.361466,23:00:00,2024-06-04
202400007058,16:45,Plein jour,93,93066,2,3,1,3.0,Rue du Docteur Delafontaine / Avenue du Docteur Lamaze,48.936272,2.372394,16:45:00,2024-06-04
202400007059,15:30,Plein jour,93,93055,2,1,1,3.0,Quai de l’Ourcq,48.89565151,2.4059844,15:30:00,2024-06-04
202400007060,06:45,Plein jour,93,93050,2,1,1,3.0,Avenue Paul Vaillant Couturier,48.87392911,2.55249739,06:45:00,2024-06-04
202400007061,18:40,Plein jour,93,93046,2,2,1,3.0,Boulevard de la République / Boulevard Marx Dormoy,48.90596,2.52356,18:40:00,2024-06-04
202400007062,18:50,Plein jour,93,93006,2,2,1,1.0,Avenue Pasteur / Rue Voltaire,48.876,2.42,18:50:00,2024-06-04
202400007063,17:30,Plein jour,93,93079,2,3,1,3.0,Route de Saint-Leu / Rue de l'Yser,48.95425,2.33493,17:30:00,2024-06-04
202400007064,16:35,Plein jour,75,75109,2,2,1,3.0,RUE LA FAYETTE,48.8743104,2.3381424,16:35:00,2024-10-20
202400007065,11:30,Plein jour,93,93010,2,3,1,6.0,Avenue Henri Barbusse  / Allee des Primeveres,48.9017,2.487401,11:30:00,2024-04-30
202400007066,18:42,,75,75107,2,7,2,6.0,Place du Général Gouraud,48.857685,2.300177,18:42:00,2024-10-19
202400007067,22:56,,93,93005,2,2,1,3.0,Avenue de Nonneville / Rue Arthur Chevalier,48.92685,2.5091,22:56:00,2024-06-04
202400007068,17:10,Plein jour,75,75101,2,3,1,1.0,RUE DES HALLES,48.859588,2.346789,17:10:00,2024-10-20
202400007069,09:45,Plein jour,93,93001,2,3,1,3.0,Boulevard Félix Faure / Rue du Tournant,48.911706,2.375081,09:45:00,2024-06-04
202400007070,17:45,Plein jour,92,92033,2,1,1,6.0,GRANDE RUE,48.84385236,2.19085346,17:45:00,2024-06-04
202400007071,16:45,Plein jour,75,75103,2,2,1,7.0,RUE DE TURBIGO,48.86492,2.3632,16:45:00,2024-10-19
202400007072,08:53,Plein jour,92,92064,2,1,1,4.0,DAILLY,48.84468128,2.22034335,08:53:00,2024-06-03
202400007073,21:02,Plein jour,92,92062,2,3,1,3.0,WALLACE (BD RICHARD) DU 17 AU 91 ET DU 3,48.87981005,2.23997712,21:02:00,2024-06-04
202400007074,16:48,Plein jour,75,75103,2,3,1,3.0,RUE SAINT MARTIN,48.869002,2.355569,16:48:00,2024-10-18
202400007075,14:30,Plein jour,92,92044,2,3,1,3.0,VIC. HUGO(RUE)115A149 ET 148A178,48.89926864,2.29346448,14:30:00,2024-06-04
202400007076,06:00,,94,94044,2,1,2,6.0,Avenue de Verdun,48.750184,2.482351,06:00:00,2024-10-20
202400007077,15:45,Plein jour,92,92026,2,2,1,2.0,MARECHAL JOFFRE (QUAI DU),48.90068759,2.27515988,15:45:00,2024-06-04
202400007078,12:40,Plein jour,94,94068,2,1,1,6.0,Rue Léon Bocquet,48.80055995,2.48406592,12:40:00,2024-10-19
202400007079,02:45,,92,92023,2,1,1,1.0,PETIT CLAMART (ROND POINT DU),48.77598907,2.22884631,02:45:00,2024-06-04
202400007080,10:00,Plein jour,92,92012,2,1,1,7.0,STALINGRAD (QUAI DE) 1/18 - 490  - 860 -,48.82357496,2.24347597,10:00:00,2024-06-04
202400007081,02:15,,93,93072,2,2,1,3.0,MARCEL CACHIN (AVENUE) COTE N°16 AU 50,48.95897704,2.3822279,02:15:00,2024-10-20
202400007082,13:50,Plein jour,92,92002,2,1,1,6.0,RAYMON ARON (AVENUE),48.76641,2.3102,13:50:00,2024-06-04
202400007083,08:35,Plein jour,06,06149,1,1,1,3.0,4006 Route de Laghet,43.748204,7.356248,08:35:00,2024-06-05
202400007084,16:00,Plein jour,22,22177,1,1,1,3.0,Le Nonen,48.63958,-2.970332,16:00:00,2024-06-02
202400007085,19:15,,93,93064,2,2,2,3.0,LECLERC (RUE DU GENERAL),48.86456806,2.4970153,19:15:00,2024-10-19
202400007086,07:42,Plein jour,69,69279,2,1,1,3.0,12 Boulevard Marcel Dassault,45.7786363,5.03654181,07:42:00,2024-06-05
202400007087,13:35,Plein jour,93,93045,2,1,1,3.0,LIBERTE BD DE LA,48.88002699,2.41863285,13:35:00,2024-10-20
202400007088,17:15,Plein jour,28,28196,2,2,7,3.0,Avenue du Général Leclerc,48.304457,1.248568,17:15:00,2024-06-03
202400007089,20:30,Plein jour,51,51217,1,1,1,7.0,départemantale 18,49.06376256,3.65369332,20:30:00,2024-06-02
202400007090,14:35,Plein jour,93,93010,2,9,1,1.0,LEBAS (AV. JEAN),48.91335,2.48148,14:35:00,2024-10-20
202400007091,14:15,Plein jour,54,54234,2,1,1,1.0,15 Rue des Usines,49.533547,5.689019,14:15:00,2024-06-03
202400007092,19:30,,93,93008,2,4,2,6.0,VAILLANT (AVENUE EDOUARD),48.90664,2.4692,19:30:00,2024-10-19
202400007093,22:41,,51,51388,2,3,1,3.0,D19,49.142183,4.37317,22:41:00,2024-05-23
202400007094,20:55,,92,92046,2,1,1,7.0,PIERRE BROSSOLETTE (AVENUE),48.81691296,2.30677888,20:55:00,2024-10-20
202400007095,16:30,Plein jour,83,83049,1,2,1,5.0,Route de Pierrefeu,43.244238,6.095468,16:30:00,2024-06-04
202400007096,18:12,,974,97413,2,1,2,6.0,10 Rue Adrien Lagourgue,-21.216761,55.308191,18:12:00,2024-06-04
202400007097,17:30,Plein jour,92,92076,1,1,2,7.0,REPUBLIQUE,48.83709213,2.14936182,17:30:00,2024-10-19
202400007098,07:45,Plein jour,50,50095,1,2,8,7.0,Rue du Bois,49.086094,-1.177801,07:45:00,2024-06-05
202400007099,20:35,Crépuscule,62,62664,1,1,1,1.0,D30,50.186763,2.582412,20:35:00,2024-06-05
202400007100,17:15,Plein jour,92,92050,2,1,1,2.0,LENINE VLADIMIR ILITCH AVENUE,48.88775333,2.18664497,17:15:00,2024-10-20
202400007101,01:50,Nuit sans éclairage,56,56243,1,1,1,6.0,23 Avenue Raymond Marcellin,47.642022,-2.734872,01:50:00,2024-06-01
202400007102,10:50,Plein jour,34,34249,2,1,1,7.0,Avenue du Bérange,43.734337,3.982775,10:50:00,2024-10-21
202400007103,12:25,Plein jour,79,79202,2,1,1,6.0,Unknown,46.645625,-0.243343,12:25:00,2024-06-05
202400007104,13:00,Plein jour,2B,2B125,1,1,1,3.0,D515,42.450418,9.359643,13:00:00,2024-06-05
202400007105,20:38,Nuit sans éclairage,60,60365,1,1,1,2.0,D930,49.59372989,2.02826947,20:38:00,2024-10-20
202400007106,17:45,Plein jour,80,80130,1,2,1,1.0,RD 211 - D97,49.890975,2.15037,17:45:00,2024-06-05
202400007107,12:25,Plein jour,33,33400,1,1,1,6.0,Unknown,44.71077903,0.0523138,12:25:00,2024-06-05
202400007108,22:55,Nuit sans éclairage,62,62812,1,1,5,6.0,D132,50.62529683,2.05296616,22:55:00,2024-10-19
202400007109,21:10,Crépuscule,71,71392,2,1,1,6.0,38 Grande Rue,46.656477,4.684006,21:10:00,2024-06-04
202400007110,12:25,Plein jour,06,06031,1,1,1,1.0,D2204B PR 11 + 808,43.772116,7.330284,12:25:00,2024-10-21
202400007111,14:50,Nuit sans éclairage,54,54582,1,1,1,7.0,D29c,49.478589,5.537544,14:50:00,2024-10-20
202400007112,11:10,Plein jour,63,63412,1,1,1,1.0,D57,45.408905,3.888624,11:10:00,2024-06-05
202400007113,15:30,Plein jour,55,55189,1,1,1,7.0,D913a,49.186752,5.460849,15:30:00,2024-06-05
202400007114,10:45,Plein jour,83,83070,2,6,1,2.0,Avenue du Marechal Juin,43.136314,6.356728,10:45:00,2024-10-20
202400007115,16:20,Plein jour,49,49026,2,1,1,1.0,Avenue des Roses,47.500935,-0.795028,16:20:00,2024-06-04
202400007116,05:54,Nuit sans éclairage,08,08402,1,1,2,6.0,A34,49.58320313,4.48714891,05:54:00,2024-10-20
202400007117,18:00,Plein jour,42,42062,1,9,1,5.0,Route de Chazelles sur Lyon,45.602959,4.383845,18:00:00,2024-06-04
202400007118,17:45,Plein jour,31,31033,2,9,1,1.0,Place Leonie Toulouse,43.351426,1.47694,17:45:00,2024-06-04
202400007119,23:20,Nuit sans éclairage,72,72293,1,1,1,6.0,D23,47.85290824,-0.0317502,23:20:00,2024-06-03
202400007120,21:30,Nuit sans éclairage,21,21223,1,1,1,5.0,M971,47.350614,4.988769,21:30:00,2024-10-20
202400007121,17:15,Plein jour,53,53240,1,1,1,3.0,Roche Poulain,47.81250808,-1.02572051,17:15:00,2024-05-25
202400007122,16:30,Plein jour,62,62192,2,1,2,6.0,Rue d’Arras,50.214073,2.993683,16:30:00,2024-10-21
202400007123,09:00,Plein jour,21,21379,1,1,1,7.0,D17D,47.136899,4.376249,09:00:00,2024-06-01
202400007124,22:20,Nuit sans éclairage,40,40227,1,1,1,6.0,D834,44.329865,-0.777712,22:20:00,2024-10-20
202400007125,07:20,Crépuscule,21,21579,1,4,1,1.0,départementale 19,47.615215,4.896566,07:20:00,2024-06-03
202400007126,21:15,Nuit sans éclairage,57,57465,1,2,2,1.0,Route départementale 918,49.317178,6.293557,21:15:00,2024-10-06
202400007127,16:30,Plein jour,24,24087,1,1,1,5.0,D703,44.856713,1.069515,16:30:00,2024-06-04
202400007128,19:30,Crépuscule,57,57426,1,2,8,3.0,D8,49.292417,6.278096,19:30:00,2024-10-10
202400007129,12:15,Plein jour,04,04204,1,9,1,6.0,D4085,43.915331,6.408956,12:15:00,2024-06-05
202400007130,11:55,Plein jour,37,37111,1,1,1,7.0,D764,47.198519,1.101079,11:55:00,2024-06-05
202400007131,17:00,Plein jour,37,37132,2,1,1,1.0,D760,47.128509,0.995427,17:00:00,2024-06-01
202400007132,08:55,Plein jour,59,59159,1,2,2,2.0,D300,50.968171,2.228937,08:55:00,2024-10-21
202400007133,23:35,Nuit sans éclairage,37,37099,1,1,1,6.0,RD 751,47.305513,0.564208,23:35:00,2024-05-23
202400007134,00:48,,82,82072,2,6,1,6.0,Avenue du Midi,44.113022,0.855649,00:48:00,2024-10-20
202400007135,19:02,Plein jour,08,08089,2,1,1,6.0,Unknown,49.426615,4.954792,19:02:00,2024-06-03
202400007136,20:10,,973,97309,2,1,1,6.0,Route de Rémire,4.913203,-52.273137,20:10:00,2024-06-04
202400007137,14:50,Plein jour,11,11436,1,1,1,6.0,Unknown,43.043614,2.839097,14:50:00,2024-10-20
202400007138,17:40,Plein jour,06,06018,1,1,1,3.0,231 Chemin de la Romaine,43.616209,7.110611,17:40:00,2024-05-31
202400007139,12:15,Plein jour,11,11436,1,1,1,6.0,route departementale 611A PK 2+300,43.041975,2.857577,12:15:00,2024-10-20
202400007140,06:30,Plein jour,95,95371,1,1,1,7.0,D9,49.0718,2.504615,06:30:00,2024-05-25
202400007141,12:40,Plein jour,61,61394,2,1,8,7.0,D7,48.282175,0.605433,12:40:00,2024-10-20
202400007142,16:40,Plein jour,55,55457,2,1,7,6.0,2 Rue de Lorraine,49.08526209,5.72163972,16:40:00,2024-10-21
202400007143,16:20,Plein jour,27,27022,2,1,1,6.0,"D316, Avenue de l'Europe",49.175114,1.351292,16:20:00,2024-06-03
202400007144,13:15,Plein jour,55,55001,2,1,1,7.0,Chemin du Granit,48.52136451,5.49615473,13:15:00,2024-10-21
202400007145,12:00,Plein jour,77,77065,1,1,1,6.0,Autoroute A6 point kilométrique 46+200 direction PARIS,48.459967,2.518144,12:00:00,2024-06-04
202400007146,17:50,Plein jour,11,11202,1,1,1,1.0,Unknown,42.912906,3.020961,17:50:00,2024-06-04
202400007147,15:50,Plein jour,47,47004,1,1,7,3.0,1537 route du sud,44.288001,0.355768,15:50:00,2024-10-21
202400007148,07:45,Plein jour,78,78128,1,3,1,3.0,D906,48.676494,1.987166,07:45:00,2024-06-04
202400007149,16:50,Plein jour,86,86032,1,1,7,1.0,D749,46.684155,0.573588,16:50:00,2024-10-21
202400007150,21:04,Crépuscule,67,67033,1,1,1,7.0,D421,48.747665,7.677394,21:04:00,2024-06-03
202400007151,18:35,Crépuscule,86,86076,2,1,1,7.0,Rue d'Italie,46.659113,0.28006,18:35:00,2024-10-20
202400007152,18:40,Plein jour,74,74102,1,4,1,1.0,D216,45.903456,6.211326,18:40:00,2024-06-04
202400007153,19:40,Plein jour,26,26170,2,3,1,6.0,Rue du Stade,44.896831,4.956988,19:40:00,2024-06-04
202400007154,17:35,Plein jour,25,25438,2,1,1,2.0,Route de Routelle,47.146413,5.856134,17:35:00,2024-10-21
202400007155,18:56,Plein jour,26,26064,1,2,1,3.0,D68,44.910466,5.055535,18:56:00,2024-06-04
202400007156,11:41,Plein jour,29,29300,1,1,1,6.0,N165,47.88123383,-3.6745833,11:41:00,2024-10-17
202400007157,07:15,Plein jour,40,40277,1,1,1,6.0,Route de Peyrehorade,43.66496468,-1.03909658,07:15:00,2024-06-04
202400007158,10:42,Plein jour,29,29150,2,1,1,2.0,16 Rue Louis le Guennec,47.80465124,-3.68343153,10:42:00,2024-10-17
202400007159,15:25,Plein jour,14,14322,1,6,1,3.0,D572,49.254235,-0.72366,15:25:00,2024-06-05
202400007160,17:30,Plein jour,29,29220,2,1,1,1.0,Chemin du Séquer Névéz,47.857766,-4.243078,17:30:00,2024-10-21
202400007161,07:40,Plein jour,22,22162,2,6,1,3.0,D786,48.767413,-3.039656,07:40:00,2024-06-05
202400007162,17:45,Plein jour,13,13212,1,1,1,2.0,A507 sens Marseille - Aubagne,43.29317,5.4249,17:45:00,2024-06-04
202400007163,08:15,Nuit sans éclairage,29,29167,1,1,3,5.0,Kermatheanou Bras,47.96861129,-4.28582668,08:15:00,2024-10-21
202400007164,17:46,Plein jour,13,13202,1,1,1,3.0,Tunnel Joliette Marseille vers Aubagne,43.2977,5.36331,17:46:00,2024-06-03
202400007165,19:10,Nuit sans éclairage,31,31033,2,1,1,7.0,Chemin de la Pachelle,43.3391,1.483288,19:10:00,2024-10-16
202400007166,18:12,Plein jour,31,31561,2,1,7,3.0,Rue du Lac d'Artouste,43.65366517,1.4895004,18:12:00,2024-08-27
202400007167,09:05,Plein jour,13,13071,1,1,1,5.0,A55 - Sens Marseille vers Martigues,43.38665562,5.30755579,09:05:00,2024-06-03
202400007168,12:00,Plein jour,03,03025,2,3,1,3.0,9 Rue Charles Louis Philippe,46.442206,3.361789,12:00:00,2024-10-20
202400007169,20:10,Plein jour,83,83090,1,1,1,6.0,A50,43.12671297,5.82361989,20:10:00,2024-06-04
202400007170,20:00,Nuit sans éclairage,58,58136,1,1,1,2.0,D958,47.077706,3.479249,20:00:00,2024-10-20
202400007171,03:55,Nuit sans éclairage,57,57039,1,6,1,7.0,RN 431,49.03750221,6.12084389,03:55:00,2024-06-04
202400007172,05:25,,54,54029,2,1,1,7.0,59 Rue Lucien Michel,49.373582,5.901042,05:25:00,2024-10-21
202400007173,17:30,Plein jour,78,78646,1,1,1,5.0,RN12,48.793133,2.074706,17:30:00,2024-06-04
202400007174,20:23,,60,60291,2,2,1,1.0,Rue Marcel Viseur,49.656197,3.051592,20:23:00,2024-10-20
202400007175,18:50,Plein jour,92,92048,1,1,1,2.0,N118,48.80447019,2.21374866,18:50:00,2024-06-03
202400007176,10:20,Plein jour,73,73162,1,1,1,6.0,Route du chateau,45.61994396,6.27525442,10:20:00,2024-10-19
202400007177,13:50,Plein jour,92,92025,1,1,1,2.0,A86,48.92332788,2.22863039,13:50:00,2024-06-03
202400007178,16:14,Plein jour,73,73128,1,1,7,1.0,D1201 - Route de l'Albanais,45.731168,5.921738,16:14:00,2024-10-20
202400007179,19:00,Plein jour,93,93053,1,1,1,2.0,A3,48.88380049,2.46676219,19:00:00,2024-06-04
202400007180,16:25,Plein jour,43,43047,1,1,7,1.0,RD 37 ,44.93824908,3.92680606,16:25:00,2024-10-21
202400007181,08:50,Plein jour,95,95491,1,1,1,4.0,A115,49.00479,2.24522,08:50:00,2024-06-04
202400007182,05:25,Nuit sans éclairage,10,10353,1,1,1,7.0,D619,48.4341,3.9127,05:25:00,2024-10-20
202400007183,12:15,Plein jour,93,93066,1,1,1,2.0,A86,48.9261806,2.33837893,12:15:00,2024-06-04
202400007184,15:15,Plein jour,21,21577,2,9,1,3.0,rue du canal,47.105989,5.254979,15:15:00,2024-10-20
202400007185,09:45,Plein jour,93,93010,1,1,1,2.0,A86,48.89182572,2.47324767,09:45:00,2024-06-04
202400007186,18:20,Plein jour,40,40313,1,1,1,3.0,Avenue du Général Leclerc,43.831698,-0.82435,18:20:00,2024-07-29
202400007187,14:30,Plein jour,95,95582,1,1,1,4.0,A15,48.96925218,2.25070233,14:30:00,2024-06-03
202400007188,07:25,Crépuscule,40,40233,1,1,1,1.0,D322,43.638451,-0.987461,07:25:00,2024-10-19
202400007189,09:00,Plein jour,94,94022,1,1,1,3.0,A86 INT,48.77662114,2.41804614,09:00:00,2024-06-04
202400007190,17:26,Plein jour,24,24252,1,3,1,3.0,RD 704,44.94698455,1.22229874,17:26:00,2024-10-21
202400007191,17:40,Plein jour,94,94028,1,1,1,3.0,A86,48.79983715,2.44627859,17:40:00,2024-06-03
202400007192,17:00,Plein jour,94,94017,1,1,1,2.0,A4,48.829277,2.48195396,17:00:00,2024-06-03
202400007193,12:25,Plein jour,28,28199,2,1,1,1.0,Rue du Maréchal Foch,48.199374,1.885378,12:25:00,2024-10-19
202400007194,14:50,Plein jour,44,44109,2,1,1,6.0,Rue du Poitou,47.22376086,-1.56476347,14:50:00,2024-05-16
202400007195,08:15,Plein jour,44,44109,2,1,1,6.0,5 Rue Jules Grandjouan,47.24749354,-1.51416315,08:15:00,2024-05-16
202400007196,17:45,Crépuscule,30,30089,1,1,1,4.0,D102,43.844417,4.591062,17:45:00,2024-10-21
202400007197,08:50,Plein jour,44,44020,1,1,8,3.0,Unknown,47.16678264,-1.5735279,08:50:00,2024-05-16
202400007198,06:40,Nuit sans éclairage,48,48072,1,1,1,6.0,D808,44.502459,3.353856,06:40:00,2024-10-21
202400007199,17:55,Plein jour,67,67140,1,9,8,6.0,A35 PK 215+000 sens LAUTERBOURG vers STRASBOURG,48.863838,8.058636,17:55:00,2024-09-23
202400007200,18:30,Plein jour,44,44109,2,2,8,3.0,30 Boulevard des Anglais,47.22866834,-1.57710955,18:30:00,2024-05-02
202400007201,10:15,Plein jour,44,44190,2,1,8,6.0,341 Route de Clisson,47.18780466,-1.48878567,10:15:00,2024-04-24
202400007202,12:50,Plein jour,44,44162,2,3,8,6.0,Aveneue de Cheverny,47.24006907,-1.59635584,12:50:00,2024-04-22
202400007203,08:35,Crépuscule,53,53008,1,1,2,5.0,les bruyères,48.337118,-0.541602,08:35:00,2024-10-21
202400007204,11:05,Plein jour,44,44162,2,1,8,6.0,4 Rue Félix Guyon,47.22585103,-1.61556499,11:05:00,2024-04-19
202400007205,16:30,Plein jour,44,44109,2,6,8,6.0,Rond-Point de Berlin,47.21626431,-1.53410743,16:30:00,2024-04-19
202400007206,10:30,Plein jour,34,34032,1,1,1,2.0,GARE DE PÉAGE DE BEZIERS CABRIALS,43.343312,3.289094,10:30:00,2024-10-20
202400007207,18:10,Plein jour,44,44109,2,2,1,3.0,Place Pirmil,47.19779163,-1.54250423,18:10:00,2024-04-18
202400007208,17:30,Plein jour,69,69007,2,1,1,1.0,Route de la Roche,45.492653,4.817612,17:30:00,2024-10-20
202400007209,06:25,Plein jour,44,44109,2,1,1,3.0,116 Boulevard Ernest Dalby,47.22119204,-1.53139004,06:25:00,2024-04-15
202400007210,11:00,Plein jour,988,98814,1,1,1,6.0,Tribu de Hmelek,-21.07626,167.31162,11:00:00,2024-10-15
202400007211,07:35,Plein jour,44,44109,2,1,8,6.0,Boulevard de Sarrebruck,47.21669182,-1.51842646,07:35:00,2024-04-15
202400007212,00:05,,44,44109,2,6,8,6.0,Boulevard Jean Philippot,47.212786,-1.55381662,00:05:00,2024-04-14
202400007213,09:30,Plein jour,973,97303,2,6,1,7.0,Rue Eugene Ronda Sylva,5.480197,-53.211602,09:30:00,2024-10-20
202400007214,09:27,Plein jour,44,44109,2,3,1,2.0,26 Boulevard des Poilus,47.22931147,-1.52759867,09:27:00,2024-04-14
202400007215,21:15,Nuit sans éclairage,77,77483,1,1,2,7.0,D405,49.011936,2.940323,21:15:00,2024-10-19