Num_Acc,hrmn,lum,dep,com,agg,int,atm,col,adr,lat,long,heure,date
202400007216,12:50,Plein jour,973,97302,2,1,1,2.0,NOVAPARC (RESIDENCE) RTE DE RABAN,4.92549574,-52.31274658,12:50:00,2024-06-03
202400007217,19:25,,973,97302,2,1,1,6.0,SPATULES (RUE DES) CITE EAU LISETTE,4.92874,-52.31949,19:25:00,2024-06-02
202400007218,20:10,Plein jour,69,69388,2,2,1,6.0,Avenue des Frères Lumière,45.74332,4.8743,20:10:00,2024-06-03
202400007219,18:11,Plein jour,78,78108,1,9,1,7.0,Chemin du Moulin,48.713491,1.818881,18:11:00,2024-08-12
202400007220,09:40,Plein jour,69,69382,2,1,8,2.0,22 Quai Docteur Gailleton,45.75414,4.83463,09:40:00,2024-06-03
202400007221,15:40,Plein jour,66,66215,1,1,1,6.0,D2,42.710609,2.496943,15:40:00,2024-10-20
202400007222,08:30,Plein jour,69,69034,2,1,1,6.0,Quai Clemenceau,45.81274,4.84751,08:30:00,2024-06-03
202400007223,20:50,Nuit sans éclairage,83,83023,1,1,3,6.0,"RN 7, zac nicopolis",43.394711,6.141744,20:50:00,2024-10-17
202400007224,02:45,,971,97101,1,1,1,7.0,BOULEVARD DES HEROS,16.2487,-61.52494,02:45:00,2024-06-01
202400007225,11:45,Plein jour,05,05181,1,1,1,6.0,D1091,45.03324064,6.38421163,11:45:00,2024-10-21
202400007226,04:00,Nuit sans éclairage,971,97101,1,1,3,6.0,PERRIN,16.28013,-61.51071,04:00:00,2024-06-02
202400007227,13:25,Plein jour,95,95582,2,9,1,3.0,D14,48.97715896,2.24346319,13:25:00,2024-06-03
202400007228,08:10,Plein jour,25,25505,1,2,1,3.0,D486,47.472603,6.33976,08:10:00,2024-10-21
202400007229,08:05,Plein jour,95,95203,2,1,1,3.0,D909,48.98345834,2.27216363,08:05:00,2024-06-03
202400007230,08:20,Plein jour,95,95288,2,1,1,6.0,MONTMORENCY (RUE DE),48.98796,2.33574,08:20:00,2024-06-03
202400007231,11:00,Plein jour,88,88513,1,2,1,3.0,D157,48.350716,6.318297,11:00:00,2024-10-18
202400007232,08:16,Plein jour,91,91549,2,6,1,3.0,ROND POINT CD 117,48.62353,2.34137,08:16:00,2024-06-03
202400007233,17:40,Plein jour,88,88090,1,1,1,7.0,N57,48.369094,6.277732,17:40:00,2024-10-20
202400007234,17:35,Plein jour,91,91201,2,3,1,2.0,AV DU GENERAL DE GAULLE,48.688051,2.392402,17:35:00,2024-06-02
202400007235,22:15,Nuit avec éclairage,64,64460,2,1,1,6.0,4 Rue des 3 Frères Carrey,43.194913,-0.581479,22:15:00,2024-10-20
202400007236,13:00,Plein jour,91,91027,2,1,1,3.0,AV FRANCOIS MITTERRAND,48.70876,2.37145,13:00:00,2024-06-03
202400007237,05:20,Nuit sans éclairage,60,60342,1,1,2,6.0,D1016,49.312352,2.447097,05:20:00,2024-10-21
202400007238,04:11,Nuit avec éclairage,87,87085,2,2,1,3.0,MONTMAILLER (RUE),45.83607,1.25061,04:11:00,2024-06-03
202400007239,13:00,Plein jour,13,13212,1,1,1,2.0,A507 sens Marseille - Aubagne,43.2949446,5.42444612,13:00:00,2024-10-20
202400007240,21:24,Crépuscule,87,87085,2,1,1,2.0,GUERIN (RUE CAMILLE),45.81687,1.22707,21:24:00,2024-06-02
202400007241,20:40,Crépuscule,87,87085,2,2,1,3.0,PORT DU NAVEIX (RUE DU),45.83229,1.27399,20:40:00,2024-05-31
202400007242,09:10,Plein jour,91,91689,1,1,1,2.0,AUTOROUTE A6B,48.74842,2.32783,09:10:00,2024-10-20
202400007243,18:45,Plein jour,84,84031,2,1,1,6.0,Boulevard du Nord,44.056858,5.047513,18:45:00,2024-06-02
202400007244,19:56,Nuit sans éclairage,93,93064,1,1,1,4.0,AUTOROUTE A86,48.87758173,2.47736938,19:56:00,2024-10-20
202400007245,01:50,Nuit sans éclairage,93,93078,1,1,2,6.0,AUTOROUTE A104,48.96361976,2.52140428,01:50:00,2024-10-20
202400007246,06:30,Crépuscule,84,84007,2,3,1,3.0,RHONE (Boulevard du ),43.9506,4.80237,06:30:00,2024-06-03
202400007247,01:30,Nuit sans éclairage,92,92078,1,1,2,6.0,AUTOROUTE A86,48.92830843,2.33162459,01:30:00,2024-10-20
202400007248,16:50,Plein jour,83,83137,2,1,1,3.0,D'ORVES (AVE ESTIENNE),43.12688,5.91583,16:50:00,2024-06-02
202400007249,10:40,Plein jour,83,83129,2,1,1,6.0,DE LATTRE DE TASSIGNY (AV),43.09353,5.84493,10:40:00,2024-06-01
202400007250,22:02,Nuit sans éclairage,77,77055,1,1,1,2.0,RN104,48.90035015,2.65378388,22:02:00,2024-10-20
202400007251,14:15,Plein jour,83,83129,2,1,1,3.0,DE LATTRE DE TASSIGNY (AV),43.09388,5.83944,14:15:00,2024-05-31
202400007252,21:40,Plein jour,80,80021,1,1,1,7.0,SAVEUSE (RUE DE),49.90353,2.24866,21:40:00,2024-06-02
202400007253,14:45,Plein jour,94,94017,1,1,1,2.0,A4,48.8268961,2.5128995,14:45:00,2024-10-20
202400007254,02:40,Nuit sans éclairage,77,77294,1,1,1,7.0,A104,48.95994344,2.62106698,02:40:00,2024-10-19
202400007255,17:50,Plein jour,78,78551,1,9,1,5.0,RD 308,48.942193,2.121973,17:50:00,2024-06-03
202400007256,17:45,Plein jour,73,73121,2,2,1,3.0,Rue de l'expansion,45.62753486,6.31610021,17:45:00,2024-05-31
202400007257,16:30,Plein jour,78,78440,2,9,1,3.0,PAUL RAOULT (AVENUE),48.98861,1.91345,16:30:00,2024-06-03
202400007258,16:15,Plein jour,84,84076,2,1,1,7.0,Route de Beaumont,43.706089,5.657165,16:15:00,2024-06-01
202400007259,09:20,Plein jour,50,50393,1,3,8,1.0,La Cavee,48.922161,-1.154267,09:20:00,2024-06-30
202400007260,23:10,,44,44109,2,1,1,6.0,Rue Léopold Cassegrain,47.21926604,-1.55860891,23:10:00,2024-10-10
202400007261,13:05,Plein jour,75,75113,2,3,1,6.0,RUE BARRAULT,48.827309,2.347028,13:05:00,2024-10-17
202400007262,09:50,Plein jour,44,44109,2,6,1,7.0,Boulevard des Nations-Unies,47.21070453,-1.55951649,09:50:00,2024-10-08
202400007263,07:45,Crépuscule,84,84007,2,1,5,2.0,JOSEPH VERNET (RUE),43.94577,4.80365,07:45:00,2024-10-15
202400007264,07:55,Plein jour,45,45338,2,1,8,6.0,43 Rue Jean Mermoz,47.98094,2.72192,07:55:00,2024-10-14
202400007265,07:15,Plein jour,74,74178,1,1,1,3.0,Route de mionnaz nord,45.940467,5.928712,07:15:00,2024-08-19
202400007266,08:15,Plein jour,74,74112,2,6,1,3.0,Rue de la Tuilerie,45.936312,6.086821,08:15:00,2024-08-12
202400007267,16:30,Plein jour,74,74010,1,2,1,3.0,Route des argos,45.937762,6.154452,16:30:00,2024-08-17
202400007268,14:20,Plein jour,74,74140,1,3,7,3.0,Route du Col de Terramont,46.244815,6.477556,14:20:00,2024-08-10
202400007269,16:15,Plein jour,69,69386,2,2,1,1.0,Boulevard Stalingrad,45.77088,4.85854,16:15:00,2024-10-18
202400007270,08:05,Plein jour,972,97209,2,1,1,6.0,AVE CAMILLE DARSIERES,14.5986,-61.05295,08:05:00,2024-10-19
202400007271,23:25,,69,69382,2,1,1,2.0,Quai Docteur Gailleton,45.75285,4.83338,23:25:00,2024-10-19
202400007272,15:20,Plein jour,69,69034,1,1,1,5.0,65b Rue Pasteur,45.79038,4.84188,15:20:00,2024-10-19
202400007273,06:19,,2B,2B033,2,3,8,3.0,PAOLI DU NR 21 AU 45 -BLD,42.70128,9.45041,06:19:00,2024-10-19
202400007274,07:00,Plein jour,971,97113,1,1,1,6.0,SECTION LABROUSSE,16.21862,-61.5126,07:00:00,2024-10-19
202400007275,02:20,,971,97101,1,1,1,6.0,RN11,16.25769,-61.51181,02:20:00,2024-10-19
202400007276,23:45,,2A,2A004,2,9,2,3.0,MACCHINI EUGENE AVENUE,41.91783,8.73707,23:45:00,2024-10-19
202400007277,20:00,,91,91549,2,1,2,6.0,CORBEIL (ROUTE DE),48.64217,2.33367,20:00:00,2024-10-19
202400007278,17:10,Plein jour,91,91027,2,2,1,3.0,AV PASTEUR,48.70582,2.36768,17:10:00,2024-10-18
202400007279,17:48,Plein jour,91,91228,2,3,2,1.0,CHEMIN DE FER (RUE DU),48.63545,2.45079,17:48:00,2024-10-18
202400007280,21:41,,90,90010,2,4,1,3.0,PREMIERE ARMEE FRANCAISE (AVENUE DE LA),47.65457,6.84495,21:41:00,2024-10-18
202400007281,17:30,Crépuscule,83,83137,2,3,7,1.0,PICOT (AVE DU COLONEL),43.12960562,5.96847296,17:30:00,2024-10-19
202400007282,14:30,Plein jour,83,83137,2,1,8,2.0,GOURAUD (AVE GENERAL),43.13667,5.91531,14:30:00,2024-10-18
202400007283,20:30,,76,76561,2,1,5,1.0,Rue Denfert Rochereau,49.30021613,1.01791897,20:30:00,2024-10-19
202400007284,12:00,Plein jour,73,73008,2,1,1,3.0,D913 CHARLES DE GAULLE,45.68804528,5.91119152,12:00:00,2024-10-18
202400007285,17:50,Plein jour,72,72181,2,1,1,5.0,CUGNOT NICOLAS (BD),47.98,0.222,17:50:00,2024-10-18
202400007286,19:35,,71,71076,2,1,1,6.0,BEAUNE (PLACE DE ),46.785,4.85468,19:35:00,2024-10-19
202400007287,16:45,Plein jour,70,70550,2,1,8,6.0,Rue Grosjean,47.6182,6.16099,16:45:00,2024-10-18
202400007288,13:40,Plein jour,69,69264,2,4,1,2.0,Rue de Thizy,45.9901,4.70714,13:40:00,2024-10-19
202400007289,12:40,Plein jour,67,67482,2,1,1,2.0,OSTWALD (RUE D ),48.56412,7.70784,12:40:00,2024-10-18
202400007290,12:00,Plein jour,66,66136,1,1,1,3.0,Unknown,42.67381,2.86267,12:00:00,2024-10-19
202400007291,01:00,,64,64445,2,6,2,6.0,avenue Jean Mermoz,43.30575,-0.37636,01:00:00,2024-10-19
202400007292,14:25,Plein jour,64,64445,1,1,2,7.0,EUROPE DE L',43.32258,-0.31423,14:25:00,2024-10-18
202400007293,18:10,Plein jour,61,61006,2,6,8,3.0,Intersection D916 / D926,48.74913,-0.01442,18:10:00,2024-10-14
202400007294,20:50,,59,59152,2,1,2,1.0,WERVICQ (RUE DE),50.76719,3.02963,20:50:00,2024-10-19
202400007295,19:30,,59,59378,2,1,3,6.0,BOUCHER HELENE RUE,50.6724,3.10345,19:30:00,2024-10-19
202400007296,18:10,Crépuscule,59,59009,2,1,2,1.0,PERRIN JEAN  AVENUE,50.613,3.142,18:10:00,2024-10-18
202400007297,16:38,Plein jour,58,58194,2,1,1,3.0,GRAND PRE DES BORDES,46.9921,3.12315,16:38:00,2024-10-18
202400007298,09:34,Plein jour,54,54395,2,3,1,3.0,Avenue de Strasbourg,48.67723,6.19915,09:34:00,2024-10-19
202400007299,06:00,,54,54395,2,1,2,6.0,Rue du Haut Bourgeois,48.69795,6.17707,06:00:00,2024-10-19
202400007300,13:28,Plein jour,51,51230,2,4,1,6.0,BERTHELOT (RUE MARCELLIN),49.046207,3.94833,13:28:00,2024-10-19
202400007301,22:26,Nuit sans éclairage,51,51230,2,6,2,6.0,LORRAINE,49.03911,3.9682,22:26:00,2024-10-18
202400007302,13:30,Plein jour,49,49328,2,6,3,3.0,ROND POINT  PONT FOUCHARD,47.25367,-0.08524,13:30:00,2024-10-19
202400007303,18:52,,45,45232,2,9,2,6.0,155 Rue d'Artois,47.843575,1.916157,18:52:00,2024-10-19
202400007304,10:01,Plein jour,44,44109,2,1,2,6.0,9 Rue Copernic,47.21465,-1.5659,10:01:00,2024-10-19
202400007305,22:14,,37,37261,2,1,8,1.0,PONT CHER (AVENUE DE),47.36562,0.67517,22:14:00,2024-10-19
202400007306,22:00,,37,37261,2,2,1,3.0,JAUJAS (RUE DU DOCTEUR),47.37719,0.70686,22:00:00,2024-10-19
202400007307,16:10,Plein jour,35,35238,2,2,7,3.0,NITSCH (CARREFOUR GEORGES),48.10178,-1.68439,16:10:00,2024-10-19
202400007308,16:00,Plein jour,33,33162,2,2,1,3.0,Unknown,44.88,-0.628,16:00:00,2024-10-18
202400007309,19:30,,31,31555,2,1,1,6.0,RUE DU FERETRA,43.58359,1.44413,19:30:00,2024-10-19
202400007310,17:30,Plein jour,31,31555,2,1,1,1.0,ALBI (RTE D) DU 1AU 243,43.628449,1.460232,17:30:00,2024-10-19
202400007311,09:02,Plein jour,29,29039,2,1,1,7.0,Rue Sarah Bernhardt,47.89067,-3.92254,09:02:00,2024-10-18
202400007312,01:20,Nuit sans éclairage,27,27299,2,1,2,6.0,BOIS DES COMMUNES (RUE DU),49.03759,1.17374,01:20:00,2024-10-20
202400007313,12:02,Plein jour,19,19031,2,3,8,1.0,POMPIDOU (AVENUE GEORGES),45.15787,1.55379,12:02:00,2024-10-19
202400007314,23:00,Nuit sans éclairage,17,17306,2,1,8,6.0,DUNANT HENRY,45.62005,-1.000766,23:00:00,2024-10-20
202400007315,17:30,Plein jour,14,14101,1,1,1,1.0,1bis Route de Verson,49.16249,-0.42718,17:30:00,2024-10-18
202400007316,21:35,,13,13206,2,9,1,3.0,DRAGON (RUE),43.28825649,5.3803382,21:35:00,2024-10-19
202400007317,14:30,Plein jour,13,13213,2,1,1,3.0,ALBERT EINSTEIN (RUE),43.33936,5.44057,14:30:00,2024-10-19
202400007318,07:25,Plein jour,13,13208,2,1,1,3.0,MAZARGUES (AVENUE DE),43.25842755,5.39427217,07:25:00,2024-10-19
202400007319,17:10,Plein jour,13,13001,2,9,1,3.0,LEDOUX CLAUDE NICOLAS (RUE),43.48074,5.38901,17:10:00,2024-10-18
202400007320,18:45,Plein jour,09,09225,2,1,1,1.0,PAIX AVENUE DE LA,43.11231,1.61945,18:45:00,2024-10-19
202400007321,17:50,Crépuscule,75,75119,2,1,1,2.0,BD PERIPHERIQUE INTERIEUR,48.88566,2.397454,17:50:00,2024-10-18
202400007322,15:40,Plein jour,75,75119,2,7,1,4.0,PLACE DU MAQUIS DU VERCORS,48.878056,2.409399,15:40:00,2024-10-19
202400007323,11:45,Plein jour,75,75112,2,1,2,6.0,RUE DU SERGENT BAUCHAT,48.8452,2.392389,11:45:00,2024-10-19
202400007324,15:20,Plein jour,75,75111,2,7,1,6.0,Place Léon Blum,48.857725,2.38031,15:20:00,2024-10-19
202400007325,00:10,,75,75111,2,2,1,2.0,RUE LEON FROT,48.857625,2.384619,00:10:00,2024-10-19
202400007326,00:48,,75,75111,2,4,1,2.0,AVENUE PARMENTIER,48.865314,2.374445,00:48:00,2024-10-19
202400007327,06:21,,75,75110,2,5,1,6.0,BOULEVARD DE MAGENTA,48.87651174,2.35584319,06:21:00,2024-10-19
202400007328,16:20,Plein jour,75,75109,2,5,1,7.0,BOULEVARD HAUSSMANN,48.872008,2.340047,16:20:00,2024-10-19
202400007329,09:40,Plein jour,75,75109,2,3,2,3.0,BOULEVARD DES ITALIENS,48.870979,2.334182,09:40:00,2024-10-18
202400007330,00:35,,94,94067,2,1,1,3.0,Avenue Victor Hugo,48.84374921,2.41706192,00:35:00,2024-10-19
202400007331,01:40,,94,94081,2,9,1,3.0,Avenue Rouget de Lisle,48.78262,2.39391,01:40:00,2024-10-19
202400007332,18:30,Crépuscule,94,94004,2,3,2,7.0,Allée des F.f.i.,48.75452,2.50601,18:30:00,2024-10-19
202400007333,21:30,,93,93078,2,6,2,2.0,DAMBEL (AVENUE EMILE),48.95214,2.55075,21:30:00,2024-10-19
202400007334,14:20,Plein jour,93,93005,2,1,1,3.0,JOHN F. KENNEDY (AVENUE),48.94748,2.51637,14:20:00,2024-10-19
202400007335,15:10,Plein jour,93,93048,2,1,2,3.0,VINCENNES (RUE DE),48.8554661,2.43647502,15:10:00,2024-10-19
202400007336,13:30,Plein jour,93,93048,2,1,2,3.0,ARISTIDE BRIAND (BOULEVARD),48.87349396,2.45404243,13:30:00,2024-10-19
202400007337,00:30,,93,93006,2,3,1,3.0,GAL LECLERC AV. DU,48.86722,2.41894,00:30:00,2024-10-19
202400007338,21:20,,93,93001,2,3,2,1.0,SAINT DENIS (RUE DE),48.92266917,2.37143627,21:20:00,2024-10-19
202400007339,09:45,Plein jour,92,92078,2,6,1,1.0,MARC SANGNIER (AVENUE),48.92572,2.32666,09:45:00,2024-10-19
202400007340,13:40,Plein jour,92,92040,2,3,8,3.0,AUGUSTE GERVAIS,48.82309969,2.27339409,13:40:00,2024-10-19
202400007341,11:10,Plein jour,92,92004,1,1,1,3.0,PONT DE GENNEVILLIERS,48.91449957,2.31002077,11:10:00,2024-10-18
202400007342,10:40,Plein jour,42,42162,1,3,1,2.0,763 Route de Lentigny,46.008517,3.983027,10:40:00,2024-10-19
202400007343,19:00,,57,57434,2,1,1,6.0,5 Grand Rue,48.722552,6.782556,19:00:00,2024-10-19
202400007344,09:25,Plein jour,14,14061,1,2,2,3.0,Route du Désert,48.904823,-0.833802,09:25:00,2024-10-19
202400007345,14:10,Plein jour,974,97413,1,9,1,6.0,N1a,-21.231689,55.296487,14:10:00,2024-10-20
202400007346,12:06,Plein jour,59,59562,1,1,1,3.0,Rue Nationale,50.09553,3.984912,12:06:00,2024-10-15
202400007347,11:25,Plein jour,81,81288,1,1,1,6.0,RD 85,43.453246,2.031677,11:25:00,2024-10-13
202400007348,13:19,Plein jour,81,81171,1,1,1,1.0,A68,43.837003,1.836948,13:19:00,2024-10-19
202400007349,19:30,Nuit sans éclairage,11,11327,1,1,1,1.0,Unknown,43.171093,2.294329,19:30:00,2024-10-19
202400007350,18:55,,71,71208,2,3,1,3.0,7 Rue du Pont,46.910101,5.157435,18:55:00,2024-10-20
202400007351,16:00,Plein jour,63,63211,1,1,1,7.0,RD 205 Le Barsac,45.45152481,3.70357095,16:00:00,2024-10-20
202400007352,00:05,Nuit sans éclairage,49,49323,1,1,2,6.0,RD 323 ,47.503265,-0.481725,00:05:00,2024-10-19
202400007353,12:04,Plein jour,12,12093,1,1,1,6.0,route de crozafon,44.674764,2.537622,12:04:00,2024-10-20
202400007354,05:45,Nuit sans éclairage,35,35302,1,1,2,6.0,Lieu Dit la Banquette,48.190932,-2.161496,05:45:00,2024-10-20
202400007355,05:00,Nuit avec éclairage,29,29249,2,1,3,6.0,Kervoazec,48.161269,-3.786013,05:00:00,2024-10-20
202400007356,11:50,Plein jour,29,29075,2,2,8,6.0,rue Commandant Charcot,48.433675,-4.396484,11:50:00,2024-10-10
202400007357,18:57,Crépuscule,38,38408,2,2,1,3.0,D36A,45.584121,4.998712,18:57:00,2024-10-20
202400007358,20:50,,38,38384,2,1,1,6.0,Route de l'Aéroport,45.343761,5.338143,20:50:00,2024-10-19
202400007359,16:12,Plein jour,01,01433,2,1,1,7.0,65 route du colombier,46.479028,5.10875,16:12:00,2024-10-19
202400007360,02:10,Nuit sans éclairage,01,01317,1,1,9,6.0,route des conches,46.208943,5.343615,02:10:00,2024-10-19
202400007361,20:25,Nuit avec éclairage,26,26165,2,1,1,6.0,117 Avenue joseph combier,44.76835953,4.84082937,20:25:00,2024-10-19
202400007362,15:50,Plein jour,58,58003,1,9,1,6.0,La Cremaine,47.204606,4.163845,15:50:00,2024-10-20
202400007363,12:20,Plein jour,50,50533,1,1,2,7.0,D24,49.219671,-1.426163,12:20:00,2024-10-20
202400007364,04:00,,60,60577,2,1,5,6.0,Unknown,49.44500774,1.81142399,04:00:00,2024-10-20
202400007365,18:15,Crépuscule,10,10220,2,2,1,3.0,3 Rue Georges Pompidou,48.501165,3.784393,18:15:00,2024-10-20
202400007366,02:00,Nuit sans éclairage,36,36003,1,1,1,7.0,Rue de la Petite Croix,46.79557125,1.92624539,02:00:00,2024-10-19
202400007367,23:00,Nuit avec éclairage,21,21317,2,2,1,3.0,D959,47.525517,5.110316,23:00:00,2024-10-19
202400007368,23:00,Nuit sans éclairage,24,24172,1,1,1,6.0,5 impasse de calimon,44.941299,1.025929,23:00:00,2024-10-19
202400007369,16:15,Plein jour,37,37099,1,1,3,1.0,D751,47.288763,0.524275,16:15:00,2024-10-19
202400007370,00:30,Nuit sans éclairage,52,52062,1,1,5,6.0,Cote de Cherrey,47.796871,5.315744,00:30:00,2024-10-19
202400007371,04:20,Nuit sans éclairage,60,60245,1,1,1,7.0,poirier d arras,49.632199,1.728361,04:20:00,2024-03-21
202400007372,17:00,Plein jour,64,64256,1,3,1,3.0,Zone Industrielle les Pignadas,43.420635,-1.314368,17:00:00,2024-03-21
202400007373,16:00,Plein jour,73,73010,1,1,1,1.0,D991B,45.78623,5.865626,16:00:00,2024-03-16
202400007374,18:15,Plein jour,40,40152,1,2,1,3.0,D41,43.979217,-1.089712,18:15:00,2024-03-20
202400007375,13:41,Plein jour,04,04209,1,1,1,5.0,Route de départementale 4085,44.214258,5.924737,13:41:00,2024-03-01
202400007376,15:30,Plein jour,87,87117,1,1,1,6.0,Unknown,45.78453429,1.7277208,15:30:00,2024-03-20
202400007377,12:00,Plein jour,52,52484,1,1,7,7.0,D427,48.43964072,5.19109719,12:00:00,2024-03-21
202400007378,13:45,Plein jour,08,08162,1,1,1,6.0,Unknown,49.735218,4.623254,13:45:00,2024-03-20
202400007379,15:37,Plein jour,88,88516,2,1,7,6.0,185 Rue Charles Garnier,48.20413,5.944365,15:37:00,2024-03-20
202400007380,13:50,Plein jour,04,04091,1,1,4,5.0,A51 PK 092.350,43.985505,5.912629,13:50:00,2024-03-10
202400007381,16:00,Plein jour,38,38193,2,3,1,3.0,Rue Lionel Terray,45.623266,5.213101,16:00:00,2024-03-06
202400007382,17:40,Plein jour,13,13051,2,3,1,3.0,D113,43.58594419,5.13030948,17:40:00,2024-03-21
202400007383,17:05,Plein jour,95,95042,2,6,1,3.0,D9,49.06548438,2.3001332,17:05:00,2024-03-21
202400007384,19:20,Plein jour,95,95353,2,1,1,3.0,N1,49.07981525,2.31761551,19:20:00,2024-03-20
202400007385,12:00,Plein jour,33,33122,1,1,1,2.0,Unknown,44.713348,-0.745697,12:00:00,2024-03-20
202400007386,13:05,Plein jour,36,36057,1,1,1,6.0,Coings,46.88632588,1.72632337,13:05:00,2024-02-21
202400007387,22:00,Nuit sans éclairage,36,36134,1,1,1,6.0,Unknown,46.41495896,1.46711564,22:00:00,2024-03-18
202400007388,13:00,Plein jour,13,13103,1,1,1,1.0,Base aérienne 701 Salon-de-Provence (Aérodrome),43.617747,5.106175,13:00:00,2024-03-18
202400007389,03:30,Nuit sans éclairage,988,98827,1,1,3,7.0,"RT1 - ""Col des papayers""",-21.32502,165.08812,03:30:00,2024-03-21
202400007390,15:59,Plein jour,37,37210,1,1,1,7.0,Chemin de la Bélasserie au Châtelier,47.217016,0.335577,15:59:00,2024-03-19
202400007391,07:50,Crépuscule,91,91179,2,1,1,6.0,1 Rue des Arrigaux,48.563264,2.483747,07:50:00,2024-03-14
202400007392,23:25,Nuit sans éclairage,66,66164,1,1,1,6.0,Unknown,42.799407,2.909639,23:25:00,2024-03-19
202400007393,13:50,Plein jour,84,84092,1,1,1,4.0,D907,43.960187,4.847685,13:50:00,2024-03-21
202400007394,15:40,Plein jour,70,70446,1,1,7,1.0,D70,47.483293,5.615301,15:40:00,2024-03-20
202400007395,15:15,Plein jour,63,63038,2,1,1,7.0,D978,45.510822,2.930582,15:15:00,2024-03-20
202400007396,09:15,Plein jour,38,38071,2,2,1,3.0,Rue Hector Berlioz,45.085847,5.731773,09:15:00,2024-03-06
202400007397,00:01,Nuit sans éclairage,33,33248,1,1,1,7.0,Unknown,45.076421,-0.828221,00:01:00,2024-03-20
202400007398,17:20,Plein jour,33,33274,2,9,1,6.0,Unknown,44.724875,-0.549284,17:20:00,2024-03-20
202400007399,20:55,Nuit sans éclairage,44,44073,1,1,1,6.0,3 Moulin de Bois Rivaud,47.447982,-1.649323,20:55:00,2024-03-20
202400007400,06:00,Crépuscule,14,14332,1,2,1,3.0,18 Rue Saint-Clair de Vaux,48.872308,-0.190587,06:00:00,2024-03-19
202400007401,17:30,Plein jour,59,59120,1,1,1,2.0,Rue de Bailleul,50.756122,2.625486,17:30:00,2024-03-20
202400007402,12:55,Plein jour,13,13216,1,1,1,2.0,A55-Sens Marseille vers Martigues,43.35557748,5.34706133,12:55:00,2024-03-20
202400007403,09:20,Plein jour,91,91477,1,1,1,7.0,AUTOROUTE A10,48.71891,2.25653,09:20:00,2024-03-20
202400007404,08:15,Plein jour,94,94076,1,1,1,5.0,A6B,48.78729395,2.34586985,08:15:00,2024-03-20
202400007405,16:25,Plein jour,92,92036,1,1,1,6.0,A86,48.93353738,2.2742432,16:25:00,2024-03-19
202400007406,11:30,Plein jour,93,93053,1,1,1,2.0,A3,48.89707199,2.46965129,11:30:00,2024-03-20
202400007407,18:30,Plein jour,95,95450,1,9,1,6.0,CARRIERE A PEPINS (CHEMIN DE LA),49.01817611,2.08089218,18:30:00,2024-03-18
202400007408,11:43,Plein jour,988,98818,2,1,1,2.0,RUE ARMAND OHLEN,-22.25036,166.4637,11:43:00,2024-03-20
202400007409,12:53,Plein jour,987,98735,1,1,1,2.0,PRINCE HINOI (AVENUE),-17.53346,-149.5599,12:53:00,2024-03-18
202400007410,16:10,Plein jour,974,97411,2,1,1,7.0,MONTHYON (RUE),-20.88751,55.46348,16:10:00,2024-03-19
202400007411,14:40,Plein jour,973,97309,2,1,1,6.0,TIGRE (ROUTE DU),4.91362,-52.30847,14:40:00,2024-03-19
202400007412,05:40,Crépuscule,972,97213,1,1,1,6.0,ROUTE DEPARTEMENTALE 3,14.6355,-60.99171,05:40:00,2024-03-19
202400007413,08:35,Plein jour,69,69152,2,1,1,6.0,Place de la Paix,45.70384,4.82571,08:35:00,2024-03-19
202400007414,17:10,Plein jour,69,69389,2,2,1,3.0,Rue de Saint-Cyr,45.78389,4.80817,17:10:00,2024-03-18
202400007415,10:42,Plein jour,2A,2A004,2,1,1,6.0,1 Bd Dominique Pugliesi Conti,41.9132,8.72625,10:42:00,2024-03-19
202400007416,10:26,Plein jour,2A,2A004,1,1,1,4.0,T20,41.94235,8.80899,10:26:00,2024-03-19
202400007417,09:38,Plein jour,2A,2A004,2,1,1,6.0,16 Avenue Marechal Juin,41.94183,8.74989,09:38:00,2024-03-19
202400007418,16:05,Plein jour,91,91477,2,1,1,6.0,LEON BOURGEOIS (RUE),48.70654,2.23882,16:05:00,2024-03-19
202400007419,13:18,Plein jour,91,91471,2,1,1,1.0,FOCH (AVENUE DU MARECHAL),48.7,2.18819,13:18:00,2024-03-19
202400007420,08:30,Plein jour,91,91174,2,2,1,6.0,BD HENRI DUNANT,48.600491,2.480605,08:30:00,2024-03-19
202400007421,16:55,Plein jour,86,86066,2,6,1,3.0,Rue des 3 Pigeons,46.8113,0.54482,16:55:00,2024-03-18
202400007422,22:45,,84,84007,2,1,1,3.0,C.De GAULLE (Rocade),43.92,4.8,22:45:00,2024-03-18
202400007423,15:00,Plein jour,83,83137,2,3,1,3.0,HERRIOT (AVE EDOUARD),43.12854895,5.89061661,15:00:00,2024-03-19
202400007424,07:40,Plein jour,83,83123,2,1,1,3.0,SOLEIL (CORNICHE) N° PAIRS,43.12225783,5.80043596,07:40:00,2024-03-15
202400007425,12:25,Plein jour,83,83118,2,1,1,6.0,PLACE SADI CARNOT,43.42515,6.76889,12:25:00,2024-02-12
202400007426,19:00,Plein jour,81,81065,2,1,1,6.0,Boulevard Henri Sizaire,43.6015,2.2393,19:00:00,2024-03-19
202400007427,19:05,Plein jour,80,80021,2,1,1,6.0,Rue Léo Lagrange,49.91057,2.31229,19:05:00,2024-03-19
202400007428,10:25,Plein jour,80,80021,2,1,1,2.0,Rue Saint-Fuscien,49.89759,2.29526,10:25:00,2024-03-19
202400007429,02:42,Nuit sans éclairage,80,80021,2,1,1,7.0,Place Parmentier,49.89568,2.30539,02:42:00,2024-03-16