Num_Acc,hrmn,lum,dep,com,agg,int,atm,col,adr,lat,long,heure,date
202400007430,03:10,Nuit sans éclairage,78,78674,1,1,1,6.0,VERSAILLES (AVENUE DE),48.818633,2.021941,03:10:00,2024-03-17
202400007431,10:51,Plein jour,78,78498,1,1,1,3.0,RD 30,48.942224,2.06006,10:51:00,2024-03-19
202400007432,18:50,,76,76540,2,2,1,6.0,Boulevard de l'Europe,49.42828,1.08099,18:50:00,2024-03-19
202400007433,09:00,Plein jour,76,76540,2,4,1,3.0,Rue Saint Maur,49.45348,1.08529,09:00:00,2024-03-19
202400007434,12:00,Plein jour,76,76447,2,3,1,1.0,MELAY  ( RTE DU ),49.56502,0.20278,12:00:00,2024-03-15
202400007435,15:30,Plein jour,74,74010,2,3,1,3.0,JEAN JAURES,45.9032,6.1277,15:30:00,2024-03-19
202400007436,13:25,Plein jour,71,71270,2,1,1,1.0,MERMOZ (RUE JEAN),46.29378,4.80853,13:25:00,2024-03-19
202400007437,20:05,,69,69266,2,1,1,3.0,332 Rue Francis de Pressensé,45.76651,4.89794,20:05:00,2024-03-19
202400007438,18:45,Plein jour,69,69290,2,1,1,3.0,10 Avenue Pierre Mendès France,45.69601,4.95717,18:45:00,2024-03-18
202400007439,08:55,Plein jour,67,67482,2,1,1,3.0,ROMAINS (ROUTE DES),48.57801,7.70253,08:55:00,2024-03-19
202400007440,16:30,Plein jour,67,67267,2,1,1,6.0,MOLKENBRONN (RUE DU),48.56429,7.69501,16:30:00,2024-03-18
202400007441,10:40,Plein jour,64,64445,2,3,1,3.0,AVIATION DE L',43.30597714,-0.32802075,10:40:00,2024-03-19
202400007442,08:36,Plein jour,64,64102,2,1,1,7.0,PONT SAINT ESPRIT,43.4931,-1.47291,08:36:00,2024-03-19
202400007443,14:47,Plein jour,62,62895,2,3,1,3.0,Rue Joseph Bodart,50.49235,2.84604,14:47:00,2024-03-19
202400007444,15:25,Plein jour,62,62244,2,2,1,1.0,Rue de l’Abbe Dupuy,50.92464,1.88487,15:25:00,2024-03-19
202400007445,16:40,Plein jour,59,59009,1,2,1,3.0,BREUCQ BOULEVARD DU,50.64264439,3.14488517,16:40:00,2024-03-19
202400007446,17:15,Plein jour,59,59009,2,1,7,6.0,MONS BOULEVARD DE,50.6466,3.12807,17:15:00,2024-03-18
202400007447,07:30,Plein jour,59,59220,2,1,1,6.0,CARNOT RUE,50.603036,3.067202,07:30:00,2024-03-18
202400007448,06:00,,58,58194,2,1,1,6.0,HENRI BOUQUILLARD,46.99615,3.12423,06:00:00,2024-03-16
202400007449,10:10,Plein jour,56,56260,2,1,1,3.0,PLUMEY (RUE MONSEIGNEUR YVES),47.65653,-2.78238,10:10:00,2024-03-19
202400007450,08:00,Crépuscule,56,56121,2,1,8,7.0,RUE LOUIS GUIGUEN,47.75568,-3.35456,08:00:00,2024-03-18
202400007451,01:00,,55,55545,2,1,1,7.0,PIERRE DEMATHIEU,49.1622,5.37096,01:00:00,2024-03-17
202400007452,10:40,Plein jour,55,55545,2,1,1,7.0,METZ ( AVENUE DE ),49.15064051,5.39776593,10:40:00,2024-03-04
202400007453,19:20,,54,54300,2,1,2,1.0,Route d’Art sur Meurthe,48.65967,6.23217,19:20:00,2024-03-18
202400007454,18:25,Plein jour,54,54395,2,2,2,3.0,AvenueCharles Etienne Collignon,48.68811787,6.19997442,18:25:00,2024-03-18
202400007455,16:40,Plein jour,54,54395,2,3,1,6.0,Avenue Général Leclerc,48.6836,6.18548,16:40:00,2024-03-18
202400007456,09:00,Plein jour,54,54498,1,1,2,1.0,M 674,48.7227,6.27315,09:00:00,2024-03-18
202400007457,18:00,Crépuscule,54,54323,2,3,1,3.0,Rue Albert Thomas,49.52762,5.75861,18:00:00,2024-03-19
202400007458,17:25,Plein jour,54,54227,1,1,1,3.0,TICHEMONT,49.176762,5.905299,17:25:00,2024-03-19
202400007459,17:45,Plein jour,50,50129,2,1,1,6.0,COUBERTIN (RUE PIERRE DE),49.64236,-1.63888,17:45:00,2024-03-16
202400007460,01:08,Nuit sans éclairage,49,49099,1,1,1,6.0,RD160 ,47.03139091,-0.9106614,01:08:00,2024-01-27
202400007461,17:36,Plein jour,17,17306,1,4,1,3.0,PAPIN DENIS,45.632697,-0.990235,17:36:00,2024-07-05
202400007462,18:08,Plein jour,49,49246,1,1,1,4.0,A87,47.4111,-0.50785,18:08:00,2024-03-18
202400007463,08:08,Plein jour,13,13056,2,1,1,6.0,TURCAN FRANCIS,43.41191,5.04385,08:08:00,2024-07-06
202400007464,19:13,Crépuscule,49,49007,2,1,1,3.0,ALLONNEAU(AUGUSTE) BOULEVARD,47.481,-0.527,19:13:00,2024-03-18
202400007465,20:30,Plein jour,13,13203,2,1,1,6.0,FÉLIX PYAT (RUE),43.3178,5.37271,20:30:00,2024-07-06
202400007466,16:10,Plein jour,49,49007,2,1,1,5.0,RD 323,47.46903,-0.60527,16:10:00,2024-03-18
202400007467,01:15,,13,13206,2,1,1,3.0,LIEUTAUD (COURS),43.29142621,5.38303236,01:15:00,2024-07-06
202400007468,16:30,Plein jour,13,13215,2,1,1,1.0,LEDRU ROLLI (BOULEVARD),43.34019805,5.3567217,16:30:00,2024-07-05
202400007469,16:50,Plein jour,46,46224,2,3,1,3.0,PILLAT (AVENUE CHARLES),44.4693,1.41298,16:50:00,2024-01-28
202400007470,20:00,Plein jour,13,13063,2,1,1,3.0,ESPAGNE BOULEVARD D',43.59542,4.99518,20:00:00,2024-07-05
202400007471,12:00,Plein jour,44,44109,2,1,1,6.0,147 Boulevard des Belges,47.2351,-1.54594,12:00:00,2024-03-19
202400007472,01:50,,10,10387,2,3,1,6.0,Avenue Pierre Brossolette,48.2906,4.0758,01:50:00,2024-07-06
202400007473,09:00,Plein jour,43,43140,2,1,1,6.0,RN 88,45.05646,3.91497,09:00:00,2024-03-18
202400007474,17:50,Plein jour,42,42095,2,1,1,6.0,Rue de l'Ouest,45.38397,4.28367,17:50:00,2024-03-18
202400007475,16:50,Plein jour,06,06029,2,9,1,3.0,56 Boulevard Carnot,43.55941,7.01699,16:50:00,2024-07-05
202400007476,20:43,Plein jour,02,02691,2,1,1,6.0,2 Rue Charles Linne,49.84908,3.26863,20:43:00,2024-07-06
202400007477,17:55,Plein jour,41,41018,2,1,1,4.0,CURIE (RUE PIERRE ET MARIE),47.59675,1.31592,17:55:00,2024-03-19
202400007478,11:15,Plein jour,01,01053,2,1,2,6.0,MAGINOT ( AVENUE ) DE 1A 41,46.20844,5.22756,11:15:00,2024-07-06
202400007479,17:16,Plein jour,40,40192,2,3,7,3.0,AURIOL (AV DU PRESIDENT VINCENT),43.89307794,-0.47238281,17:16:00,2024-03-18
202400007480,18:30,Plein jour,40,40088,1,1,1,7.0,GRAVIERES (CHEMIN DES),43.68505,-1.03512,18:30:00,2024-03-18
202400007481,12:30,Plein jour,75,75119,2,1,1,3.0,BD PERIPHERIQUE INTERIEUR,48.900495,2.373846,12:30:00,2024-07-06
202400007482,20:20,Crépuscule,40,40279,2,3,1,6.0,LIBERTE (AVE DE LA),43.72095889,-1.05221309,20:20:00,2024-02-22
202400007483,07:45,Plein jour,75,75120,2,1,1,6.0,BD PERIPHERIQUE INTERIEUR,48.848316,2.414768,07:45:00,2024-07-06
202400007484,07:45,Plein jour,37,37261,2,1,1,3.0,STENDHAL (AVENUE),47.36815,0.70619,07:45:00,2024-03-19
202400007485,15:30,Plein jour,75,75120,2,2,1,3.0,RUE HAXO,48.871724,2.404361,15:30:00,2024-07-06
202400007486,01:50,,35,35115,2,1,1,7.0,PRES (RUE DES),48.35457864,-1.19708852,01:50:00,2024-02-16
202400007487,17:20,Plein jour,75,75116,2,3,1,6.0,RUE POUSSIN,48.848811,2.264758,17:20:00,2024-07-05
202400007488,21:15,,33,33063,2,2,1,3.0,Unknown,44.81953,-0.57223,21:15:00,2024-03-19
202400007489,00:05,,75,75110,2,2,1,3.0,BOULEVARD DE MAGENTA,48.878511,2.35405,00:05:00,2024-07-06
202400007490,18:01,Plein jour,75,75109,2,3,1,3.0,RUE LA FAYETTE,48.87651,2.346152,18:01:00,2024-07-06
202400007491,13:27,Plein jour,75,75109,2,2,1,6.0,RUE DE ROCHECHOUART,48.878767,2.345346,13:27:00,2024-07-06
202400007492,18:20,Plein jour,33,33063,2,3,1,3.0,Unknown,44.86419,-0.57371,18:20:00,2024-03-19
202400007493,00:51,,75,75115,2,3,1,3.0,QUAI BRANLY,48.85529,2.289694,00:51:00,2024-07-06
202400007494,18:20,Plein jour,33,33249,2,1,1,3.0,Unknown,44.88114,-0.5171,18:20:00,2024-03-19
202400007495,19:20,Plein jour,75,75101,2,2,1,7.0,BOULEVARD DE SEBASTOPOL,48.8612408,2.34958693,19:20:00,2024-07-06
202400007496,21:20,Crépuscule,94,94041,2,1,1,2.0,Avenue de l’Industrie,48.80937,2.40749,21:20:00,2024-07-06
202400007497,02:00,Nuit sans éclairage,94,94033,2,6,1,6.0,Boulevard du 25 Aout 1944,48.8443,2.4788,02:00:00,2024-07-06
202400007498,08:44,Plein jour,94,94054,2,8,1,2.0,Voie des Saules,48.74703,2.41664,08:44:00,2024-07-05
202400007499,08:45,Plein jour,31,31555,2,1,1,3.0,AV DE LARRIEU,43.54876455,1.41635388,08:45:00,2024-03-19
202400007500,18:30,Plein jour,93,93027,2,1,1,3.0,Avenue Paul Vaillant-Couturier,48.92597678,2.41618886,18:30:00,2024-07-06
202400007501,16:30,Plein jour,25,25056,2,3,1,6.0,LAVOISIER RUE,47.23455,5.98411,16:30:00,2024-03-19
202400007502,08:18,Plein jour,22,22113,2,1,1,2.0,R.D.767,48.74336,-3.44373,08:18:00,2024-03-18
202400007503,15:35,Plein jour,93,93047,2,2,1,3.0,GENERAL LECLERC  (RUE DU),48.90139,2.57042,15:35:00,2024-07-06
202400007504,00:29,,92,92051,2,1,1,3.0,"HOTEL DE VILLE (RUE DE L', N° 1 A 19)",48.88300366,2.26790079,00:29:00,2024-07-06
202400007505,23:30,Nuit sans éclairage,16,16102,2,6,1,2.0,SALLE VERTE (QUAI DE LA),45.69439,-0.3338,23:30:00,2024-03-19
202400007506,16:50,Plein jour,92,92049,2,2,1,3.0,JAURES AVENUE JEAN N°53 A FIN,48.81358843,2.30682921,16:50:00,2024-07-06
202400007507,18:33,Plein jour,92,92044,2,1,1,7.0,LORRAINE (RUE DE),48.89266,2.29596,18:33:00,2024-07-06
202400007508,16:30,Plein jour,14,14118,2,6,1,2.0,48 Rue Pierre Gringoire,49.17068,-0.3398,16:30:00,2024-03-19
202400007509,16:20,Plein jour,92,92035,2,3,1,6.0,Pierre Joigneaux ( rue ),48.91117523,2.25465891,16:20:00,2024-07-06
202400007510,20:20,Nuit sans éclairage,13,13117,1,1,1,2.0,CD 9 ESTROUBLANS,43.42689062,5.24996116,20:20:00,2024-03-19
202400007511,19:20,Plein jour,92,92012,2,9,1,3.0,ANCIENS COMBATTANT (ROND - POINT DES),48.84809,2.24175,19:20:00,2024-07-06
202400007512,15:40,Plein jour,92,92012,2,1,1,3.0,HEINRICH (RUE),48.82700371,2.2435627,15:40:00,2024-07-06
202400007513,15:35,Plein jour,13,13207,2,1,1,3.0,Corniche John Fitzgérald Kennedy,43.27322,5.36308,15:35:00,2024-03-18
202400007514,16:02,Plein jour,06,06088,2,1,1,6.0,Voie Romaine,43.72349,7.28304,16:02:00,2024-03-19
202400007515,10:50,Plein jour,976,97617,2,1,1,1.0,D1,-12.789642,45.130886,10:50:00,2024-07-06
202400007516,17:50,Plein jour,06,06069,1,1,1,3.0,Route de Plascassier,43.65011,6.96019,17:50:00,2024-03-18
202400007517,05:13,Crépuscule,40,40291,1,1,1,2.0,A63,43.67129283,-1.31883429,05:13:00,2024-07-06
202400007518,11:00,Plein jour,06,06029,1,1,1,2.0,Chemin de la Plaine de Laval,43.556124,6.9572068,11:00:00,2024-03-19
202400007519,09:45,Plein jour,59,59616,2,1,1,1.0,Rue Jean Jaurès,50.466379,3.547538,09:45:00,2024-06-28
202400007520,00:30,,06,06114,2,1,1,6.0,910 Route de la Colle,43.749878,7.29147,00:30:00,2024-07-07
202400007521,18:00,Crépuscule,75,75113,2,1,1,3.0,BD PERIPHERIQUE EXTERIEUR,48.820674,2.376784,18:00:00,2024-03-19
202400007522,14:30,Plein jour,40,40065,2,1,1,6.0,13 Rue Jean Rameau,43.649928,-1.442071,14:30:00,2024-07-07
202400007523,12:55,Plein jour,75,75115,2,1,1,2.0,BD PERIPHERIQUE EXTERIEUR,48.828966,2.288562,12:55:00,2024-03-18
202400007524,04:15,Nuit sans éclairage,81,81139,1,2,1,6.0,la mandouille,43.668574,2.111424,04:15:00,2024-07-07
202400007525,15:05,Plein jour,75,75116,2,1,1,7.0,BD PERIPHERIQUE EXTERIEUR ,48.83502965,2.25995797,15:05:00,2024-03-19
202400007526,10:50,Plein jour,68,68227,1,2,1,3.0,Roue départementale 4,48.097368,7.491866,10:50:00,2024-07-07
202400007527,14:38,Plein jour,75,75120,2,2,1,6.0,RUE DE BAGNOLET,48.856576,2.394488,14:38:00,2024-03-18
202400007528,18:30,,974,97401,1,1,1,2.0,153 Route du Tévelave,-21.210739,55.356921,18:30:00,2024-07-07
202400007529,16:10,Plein jour,75,75106,2,4,1,6.0,BOULEVARD RASPAIL,48.845226,2.328474,16:10:00,2024-03-19
202400007530,00:30,,972,97225,2,1,2,6.0,Allée Pécoul au 129,14.75445,-61.169477,00:30:00,2024-07-06
202400007531,20:20,,75,75120,2,7,1,6.0,PLACE GAMBETTA,48.864625,2.398762,20:20:00,2024-03-19
202400007532,19:35,Plein jour,11,11067,1,1,1,6.0,rte departementale 6113,43.211213,2.832499,19:35:00,2024-07-07
202400007533,14:20,Plein jour,75,75118,2,3,1,3.0,RUE JOSEPH DE MAISTRE,48.888728,2.331849,14:20:00,2024-03-19
202400007534,17:40,Plein jour,01,01109,1,1,1,3.0,D884,46.152754,5.909743,17:40:00,2024-07-07
202400007535,00:50,,971,97109,2,1,2,6.0,Rue Charles Borromée,15.991313,-61.715296,00:50:00,2024-07-07
202400007536,13:10,Plein jour,75,75118,2,3,1,3.0,RUE CAILLIE,48.885751,2.364993,13:10:00,2024-03-19
202400007537,20:30,Plein jour,42,42036,1,1,2,6.0,Rue de la Fontaine Disparue,45.535604,4.550518,20:30:00,2024-07-06
202400007538,09:00,Plein jour,51,51238,1,1,1,7.0,D18,48.911148,3.837233,09:00:00,2024-07-07
202400007539,20:50,,75,75117,2,3,1,7.0,AVENUE DE LA GRANDE ARMEE,48.87683979,2.2854833,20:50:00,2024-03-19
202400007540,16:40,Plein jour,77,77026,1,1,1,7.0,D403,48.618995,3.385185,16:40:00,2024-07-07
202400007541,16:35,Plein jour,75,75117,2,1,1,6.0,BOULEVARD GOUVION SAINT CYR,48.885179,2.290666,16:35:00,2024-03-19
202400007542,08:25,Plein jour,75,75117,2,1,1,6.0,BOULEVARD DE REIMS,48.888194,2.295542,08:25:00,2024-03-19
202400007543,11:00,Plein jour,75,75114,2,1,1,7.0,AVENUE LUCIEN DESCAVES,48.817619,2.33246,11:00:00,2024-03-19
202400007544,09:45,Plein jour,80,80762,1,2,1,3.0,D6,49.942466,3.043535,09:45:00,2024-07-07
202400007545,15:40,Plein jour,63,63168,1,1,1,7.0,chemin de la cartade,45.74534542,3.39508653,15:40:00,2024-07-07
202400007546,15:35,Plein jour,75,75113,2,3,1,6.0,BOULEVARD KELLERMANN,48.820808,2.350882,15:35:00,2024-03-19
202400007547,05:30,Nuit sans éclairage,61,61061,1,1,2,6.0,RD918,48.444447,0.894677,05:30:00,2024-07-06
202400007548,19:45,,75,75108,2,2,1,6.0,BOULEVARD MALESHERBES,48.877782,2.316293,19:45:00,2024-03-19
202400007549,07:30,Plein jour,49,49018,1,1,2,7.0,Avenue de Chandelais,47.530767,-0.083068,07:30:00,2024-07-06
202400007550,08:50,Plein jour,75,75108,2,1,1,4.0,VOIE GEORGES POMPIDOU,48.864577,2.303843,08:50:00,2024-03-19
202400007551,18:20,Plein jour,12,12066,2,1,1,6.0,route du vallon,44.415069,2.419422,18:20:00,2024-07-07
202400007552,17:15,Plein jour,39,39177,2,1,1,6.0,6 Route de Champagnole,46.688363,5.661819,17:15:00,2024-07-07
202400007553,10:45,Plein jour,75,75106,2,3,1,6.0,RUE BONAPARTE,48.850256,2.332643,10:45:00,2024-03-19
202400007554,16:15,Plein jour,44,44072,1,1,1,1.0,411 Route de la Roche Bernard,47.489412,-2.29743,16:15:00,2024-07-07
202400007555,17:26,Plein jour,75,75104,2,2,1,6.0,RUE DE LA CITE,48.85564466,2.34831816,17:26:00,2024-03-19
202400007556,17:00,Plein jour,44,44072,1,1,1,3.0,172 route de la roche bernard,47.468979,-2.308347,17:00:00,2024-07-06
202400007557,17:13,Plein jour,75,75104,2,2,1,6.0,RUE DE LA CITE,48.855637,2.348355,17:13:00,2024-03-19
202400007558,01:10,Nuit avec éclairage,35,35302,2,1,1,6.0,Rue de la Fontaine,48.17838724,-2.18167394,01:10:00,2024-07-06
202400007559,18:45,Plein jour,94,94078,2,3,1,5.0,Place Pierre Semard / Rue de Verdun,48.73059,2.44685,18:45:00,2024-03-18
202400007560,11:00,Plein jour,29,29162,2,1,1,3.0,Rue des Ardoisiers,48.19217445,-3.98473867,11:00:00,2024-07-07
202400007561,22:05,Plein jour,29,29048,1,1,1,7.0,Route des Trois Croix,48.11200276,-4.0108693,22:05:00,2024-07-06
202400007562,08:30,Plein jour,94,94003,2,1,1,6.0,Rue de la Citadelle,48.79831876,2.33629324,08:30:00,2024-03-19
202400007563,11:55,Plein jour,31,31574,1,1,1,6.0,Vernet,43.438396,1.415112,11:55:00,2024-07-06
202400007564,20:25,Nuit sans éclairage,94,94028,2,9,1,6.0,Avenue du Marechal Lyautey,48.79026,2.44932,20:25:00,2024-03-18
202400007565,14:45,Plein jour,38,38417,1,1,1,6.0,route départementale 1090,45.393221,5.975318,14:45:00,2024-07-07
202400007566,15:30,Plein jour,94,94054,2,3,1,2.0,Route Charles Tillon / impasse du clos pantin,48.7419,2.386237,15:30:00,2024-03-19
202400007567,14:45,Plein jour,01,01216,1,1,3,6.0,D19,45.731655,5.524042,14:45:00,2024-07-06
202400007568,11:40,Plein jour,94,94054,2,2,1,2.0,Rue Paul Vaillant Couturier / Avenue de la Paix,48.74784,2.39857,11:40:00,2024-03-19
202400007569,08:45,Plein jour,26,26063,2,3,7,6.0,Avenue Boissy d’Anglas,44.27512,5.272257,08:45:00,2024-07-04
202400007570,19:15,Crépuscule,93,93070,2,2,1,3.0,Rue du Docteur Bauer / Avenue Michelet,48.90531214,2.34411973,19:15:00,2024-03-18
202400007571,18:45,Crépuscule,93,93064,2,1,1,3.0,Boulevard de la Boissière,48.87558,2.46853,18:45:00,2024-03-19
202400007572,02:37,Nuit sans éclairage,72,72100,1,1,1,7.0,D8,47.793683,0.005364,02:37:00,2024-07-07
202400007573,12:20,Plein jour,93,93064,2,1,1,3.0,Rue Leon Blum,48.881549,2.481654,12:20:00,2024-03-19
202400007574,13:50,Plein jour,06,06119,1,1,1,1.0,Col de la Bonette (Col de montagne),44.288899,6.899457,13:50:00,2024-07-07
202400007575,17:10,Plein jour,93,93055,2,2,1,6.0,Rue Jules Auffret / Avenue du 8 Mai 1945,48.89077,2.409885,17:10:00,2024-03-19
202400007576,01:00,Nuit sans éclairage,45,45098,1,1,1,1.0,D951 PR 103 + 396,47.837814,1.780766,01:00:00,2024-07-02
202400007577,14:00,Plein jour,93,93051,2,3,1,6.0,Boulevard George Méliès / Promenade Marco Polo,48.83970667,2.54049987,14:00:00,2024-03-19
202400007578,15:40,Plein jour,64,64010,1,1,2,1.0,D933,43.329205,-1.01836,15:40:00,2024-07-06
202400007579,23:00,Nuit sans éclairage,93,93048,2,2,1,3.0,Boulevard Aristide Briand / Rue Saint-Denis,48.87309,2.45369,23:00:00,2024-03-19
202400007580,10:20,Plein jour,93,93032,2,2,1,3.0,Rue Paul Vaillant Couturier / Rue de la Mare,48.87621,2.5497,10:20:00,2024-03-19
202400007581,08:15,Plein jour,73,73100,2,6,1,3.0,D36 / D38,45.543321,5.703133,08:15:00,2024-07-07
202400007582,20:16,,93,93010,2,1,1,3.0,Avenue de Rosny,48.90184,2.47079,20:16:00,2024-03-19
202400007583,02:45,Nuit sans éclairage,36,36194,1,1,1,6.0,Unknown,46.929898,1.376917,02:45:00,2024-07-07
202400007584,08:30,Plein jour,93,93007,2,3,1,6.0,Avenue Henri Barbusse,48.93746,2.45916,08:30:00,2024-03-18
202400007585,20:45,Crépuscule,53,53211,1,1,1,6.0,chemin de la grande hairie,48.329256,-0.856239,20:45:00,2024-07-05
202400007586,14:46,Plein jour,92,92064,2,1,1,4.0,REPUBLIQUE,48.84658104,2.21411777,14:46:00,2024-03-19
202400007587,18:10,Plein jour,85,85029,1,1,1,7.0,la brocherie,46.97226,-2.02164,18:10:00,2024-07-06
202400007588,15:35,Plein jour,17,17024,1,1,1,7.0,D950,46.007127,-0.383384,15:35:00,2024-07-06
202400007589,11:30,Plein jour,92,92064,2,1,1,6.0,GOUNOD,48.84273391,2.21102679,11:30:00,2024-03-19
202400007590,15:00,Plein jour,52,52194,1,1,8,7.0,RD8,48.588857,5.043218,15:00:00,2024-07-07
202400007591,17:35,Plein jour,92,92020,2,1,1,6.0,TIMBAUD RUE JEAN-PIERRE N° IMPAIRS,48.80087019,2.28046775,17:35:00,2024-03-18
202400007592,19:10,,92,92036,2,9,1,6.0,GENERAL DE GAULLE (AVENUE) (43/129),48.93381909,2.31377614,19:10:00,2024-03-18
202400007593,16:00,Plein jour,973,97309,2,3,1,1.0,Route de Suzini,4.92240647,-52.29055032,16:00:00,2024-07-06
202400007594,09:05,Plein jour,72,72339,1,1,1,6.0,"A11, PK 188+850",47.957399,0.018196,09:05:00,2024-07-06
202400007595,08:35,Plein jour,92,92012,2,1,1,6.0,ALPHONSE LE GALLO (QUAI) 35/FIN,48.83727327,2.22422147,08:35:00,2024-03-19
202400007596,16:18,Plein jour,89,89378,1,1,1,6.0,Autoroute A6 sens Paris-Lyon PK208+600,47.520566,3.988461,16:18:00,2024-07-06
202400007597,07:23,Plein jour,92,92004,2,1,1,6.0,ARGENTEUIL AV D',48.91517926,2.2828685,07:23:00,2024-03-19
202400007598,20:15,Nuit sans éclairage,24,24521,2,3,1,3.0,N21,45.237328,0.872158,20:15:00,2024-03-19
202400007599,13:45,Plein jour,34,34270,1,1,1,3.0,A709,43.560818,3.828065,13:45:00,2024-06-06
202400007600,18:05,Crépuscule,974,97417,2,1,1,7.0,26 Rue Leconte de Lisle,-21.361183,55.762267,18:05:00,2024-07-07
202400007601,22:00,,973,97312,2,3,3,1.0,avenue élie castor,5.373699,-52.951489,22:00:00,2024-07-05
202400007602,18:00,Plein jour,29,29233,2,1,1,7.0,Rue de l’Enfer,47.867916,-3.548913,18:00:00,2024-07-06
202400007603,17:45,Plein jour,12,12053,1,2,1,2.0,D24,44.432945,1.944323,17:45:00,2024-03-19
202400007604,05:40,Crépuscule,91,91654,1,6,1,3.0,D90,48.473718,2.425189,05:40:00,2024-07-06
202400007605,19:35,Nuit sans éclairage,83,83085,1,1,2,1.0,2040 Route de Callas,43.506554,6.566512,19:35:00,2024-03-10
202400007606,00:38,Nuit sans éclairage,91,91226,2,1,1,7.0,Route de Saudreville,48.492215,2.16524,00:38:00,2024-07-06
202400007607,17:45,Plein jour,11,11041,1,1,1,3.0,Unknown,43.306865,2.87123,17:45:00,2024-03-20
202400007608,21:45,,66,66175,1,6,3,6.0,rond point souvenir français,42.543101,2.91444,21:45:00,2024-07-06
202400007609,10:15,Plein jour,83,83070,2,1,1,6.0,Boulevard de Lattre de Tassigny,43.137389,6.368396,10:15:00,2024-03-20
202400007610,11:55,Plein jour,84,84068,1,1,1,1.0,Route départementale 943,43.78465,5.346029,11:55:00,2024-07-07
202400007611,17:50,Plein jour,24,24553,1,3,1,2.0,D710 intersection avec rue du chaufournier,45.239663,0.532687,17:50:00,2024-03-19
202400007612,15:15,Plein jour,06,06057,2,1,1,1.0,24 Route de la Grave,43.8331287,7.3622711,15:15:00,2024-07-06
202400007613,13:05,Plein jour,59,59159,2,1,1,1.0,Rue du Schelfvliet,50.978139,2.218139,13:05:00,2024-03-20
202400007614,07:00,Plein jour,54,54364,1,1,1,7.0,D331,48.60189947,6.12020016,07:00:00,2024-07-07
202400007615,21:10,Nuit sans éclairage,80,80620,2,1,1,6.0,D917,49.937815,2.948617,21:10:00,2024-03-20
202400007616,14:45,Plein jour,42,42147,2,4,1,1.0,Rue de la République,45.606315,4.071658,14:45:00,2024-07-07
202400007617,16:45,Plein jour,80,80215,2,1,7,1.0,Devant le 2 route d'Abbeville,50.140788,2.00184,16:45:00,2024-03-19
202400007618,09:40,Plein jour,82,82079,1,1,1,1.0,1975 Route de campsas,43.907178,1.334834,09:40:00,2024-03-19
202400007619,23:40,Nuit sans éclairage,07,07042,1,1,3,1.0,rd 86 - route de saint marcel,44.351243,4.638805,23:40:00,2024-07-06
202400007620,17:10,Plein jour,42,42149,2,1,1,6.0,Route de Saint Etienne,45.633317,4.240229,17:10:00,2024-03-11
202400007621,07:07,Plein jour,01,01249,2,1,1,6.0,Quai du Rhone,45.822149,4.957366,07:07:00,2024-07-07
202400007622,10:15,Plein jour,46,46131,2,2,1,3.0,Intersection D13 D 38,44.627034,1.820887,10:15:00,2024-03-20
202400007623,11:05,Plein jour,60,60116,2,1,1,1.0,Rue Herminie,49.320795,2.329504,11:05:00,2024-07-07
202400007624,18:30,Crépuscule,68,68258,1,9,1,2.0,rue de cernay,47.826367,7.285373,18:30:00,2024-03-19
202400007625,01:00,Nuit sans éclairage,29,29207,1,6,1,6.0,Carrefour de la Vieille Roche.,48.56315678,-3.82994767,01:00:00,2024-03-18
202400007626,02:45,Nuit sans éclairage,80,80541,1,1,1,1.0,D930,49.635925,2.524967,02:45:00,2024-07-07
202400007627,15:20,Plein jour,15,15261,2,3,1,2.0,RD 678,45.226335,2.354969,15:20:00,2024-03-20
202400007628,13:15,Plein jour,80,80002,1,1,1,2.0,A1,49.842798,2.831039,13:15:00,2024-07-07
202400007629,13:35,Plein jour,70,70363,2,6,1,3.0,D58,47.639846,6.076437,13:35:00,2024-03-18
202400007630,17:10,Plein jour,06,06090,2,1,1,1.0,1140 Route de la Fenerie,43.58387,6.923707,17:10:00,2024-03-20
202400007631,19:00,Plein jour,62,62865,2,3,1,6.0,D50,50.33221,2.97685093,19:00:00,2024-07-06
202400007632,06:30,Plein jour,10,10055,2,1,1,6.0,10 Rue des Tilleuls,48.132089,4.361863,06:30:00,2024-03-17
202400007633,01:00,Nuit sans éclairage,59,59379,1,1,1,3.0,D132,50.287653,3.230581,01:00:00,2024-07-07
202400007634,01:00,Nuit sans éclairage,24,24197,1,1,1,6.0,Route du Chardonnay,44.896301,0.439319,01:00:00,2024-03-18
202400007635,22:35,Nuit sans éclairage,13,13106,1,1,1,3.0,A7-Sens Marseille vers Lyon,43.38449,5.35104,22:35:00,2024-07-05
202400007636,17:00,Plein jour,27,27129,1,9,1,2.0,Route d?Orbec,49.074224,0.523674,17:00:00,2024-03-19
202400007637,04:47,Nuit sans éclairage,13,13215,1,1,1,2.0,A7-Sens Marseille vers Lyon,43.37361297,5.36106253,04:47:00,2024-07-02
202400007638,07:50,Plein jour,37,37085,1,1,1,1.0,D83,47.25146327,0.89492244,07:50:00,2024-03-20