Num_Acc,hrmn,lum,dep,com,agg,int,atm,col,adr,lat,long,heure,date
202400007639,14:10,Plein jour,13,13212,1,1,1,7.0,A507 sens Marseille - Aubagne,43.31208482,5.42426348,14:10:00,2024-07-05
202400007640,17:30,Plein jour,24,24168,1,9,1,3.0,N21,44.700264,0.565023,17:30:00,2024-03-19
202400007641,18:15,Plein jour,91,91617,1,1,1,2.0,RN 104,48.63814582,2.53519714,18:15:00,2024-07-05
202400007642,08:00,Plein jour,06,06030,1,1,1,4.0,A8 PK 161.500 SUD,43.5681807,6.9737209,08:00:00,2024-03-20
202400007643,15:20,Plein jour,91,91617,1,1,1,2.0,RN6 PROVINCE / RN104 INT,48.6374,2.53534,15:20:00,2024-07-05
202400007644,07:17,Crépuscule,92,92050,1,1,1,6.0,A86,48.90337154,2.20555861,07:17:00,2024-07-06
202400007645,14:55,Plein jour,86,86123,1,1,1,2.0,A10,46.493489,0.084353,14:55:00,2024-03-18
202400007646,02:00,Nuit sans éclairage,93,93064,1,1,1,2.0,A86,48.87120979,2.4819423,02:00:00,2024-07-05
202400007647,15:30,Plein jour,987,98722,1,1,2,1.0,PK 25.500 C/MONT TIAREI,-17.592,-149.391,15:30:00,2024-03-19
202400007648,11:20,Plein jour,971,97128,1,1,1,2.0,D115,16.285056,-61.345596,11:20:00,2024-03-19
202400007649,20:15,Plein jour,95,95500,1,1,1,5.0,A15,49.03909404,2.08598414,20:15:00,2024-07-05
202400007650,03:00,Nuit sans éclairage,2B,2B313,1,1,1,7.0,Départementale 34 - route de San Nicolao,42.377346,9.516048,03:00:00,2024-03-20
202400007651,20:30,Plein jour,93,93048,1,1,1,2.0,A86,48.86636948,2.48142569,20:30:00,2024-07-05
202400007652,18:50,Crépuscule,34,34017,1,1,1,6.0,D613,43.473648,3.471379,18:50:00,2024-03-19
202400007653,18:00,Plein jour,95,95572,1,1,1,3.0,N184,49.04618222,2.13069058,18:00:00,2024-07-05
202400007654,06:25,Plein jour,94,94028,1,1,1,6.0,A86,48.80301088,2.44831306,06:25:00,2024-07-06
202400007655,18:30,Plein jour,01,01249,1,1,1,1.0,645 Route de Rillieux,45.828899,4.938736,18:30:00,2024-03-20
202400007656,07:00,Plein jour,93,93051,1,1,1,6.0,A4,48.83620546,2.5559632,07:00:00,2024-07-05
202400007657,02:00,,09,09331,2,6,1,6.0,D820,43.184542,1.609926,02:00:00,2024-03-17
202400007658,13:00,Plein jour,988,98818,2,2,8,6.0,RUE DE VERDUN,-22.27265,166.4401,13:00:00,2024-07-05
202400007659,19:40,,33,33438,2,2,1,3.0,Unknown,44.572383,-0.239473,19:40:00,2024-03-19
202400007660,15:45,Plein jour,974,97411,2,1,1,2.0,RN2/043,-20.89072,55.50106,15:45:00,2024-07-03
202400007661,19:10,Crépuscule,35,35072,1,3,1,3.0,Lieu Dit les Fagueries,48.229644,-1.199269,19:10:00,2024-03-19
202400007662,13:00,Plein jour,974,97407,2,9,1,6.0,MONDON (AVENUE),-20.93442,55.30809,13:00:00,2024-07-05
202400007663,08:00,Plein jour,76,76343,1,1,1,3.0,D 129,49.636189,1.652112,08:00:00,2024-03-20
202400007664,08:50,Plein jour,69,69387,2,2,1,3.0,Cours Gambetta,45.75044386,4.85694222,08:50:00,2024-07-05
202400007665,07:45,Plein jour,972,97213,1,1,1,4.0,AUTOROUTE (A1),14.61796,-61.03306,07:45:00,2024-07-05
202400007666,19:15,Crépuscule,60,60575,1,1,1,5.0,Rd 1001,49.27669396,2.20442137,19:15:00,2024-03-19
202400007667,19:30,,80,80479,2,1,1,6.0,105 rue de normandie,49.773307,1.853026,19:30:00,2024-03-19
202400007668,11:45,Plein jour,69,69202,2,2,1,2.0,Rue Commandant Charcot,45.74957044,4.79567261,11:45:00,2024-07-02
202400007669,17:24,Plein jour,13,13210,2,9,1,6.0,A50-Sens Marseille vers Aubagne,43.28257,5.39438,17:24:00,2024-03-18
202400007670,15:00,Plein jour,971,97120,2,3,1,7.0,CIMETIERE (RUE DU),16.24539,-61.53809,15:00:00,2024-07-05
202400007671,21:22,Nuit sans éclairage,13,13071,1,1,1,6.0,A7-Sens Lyon vers Marseille,43.40466068,5.31696557,21:22:00,2024-03-17
202400007672,06:30,Plein jour,971,97101,1,1,1,6.0,RN11,16.2756,-61.52022,06:30:00,2024-07-05
202400007673,15:50,Plein jour,33,33122,1,1,1,2.0,Unknown,44.74278,-0.70731,15:50:00,2024-03-19
202400007674,12:30,Plein jour,971,97101,1,1,1,2.0,CARAQUE,16.24102,-61.49571,12:30:00,2024-07-04
202400007675,07:05,Plein jour,59,59478,1,1,2,4.0,AUTOROUTE A25,50.93141,2.46993,07:05:00,2024-03-15
202400007676,17:00,Plein jour,971,97120,2,3,1,2.0,PAUL LACAVE,16.24246,-61.53312,17:00:00,2024-06-28
202400007677,14:00,Plein jour,2A,2A004,2,1,1,6.0,NAPOLEON III AVENUE PAIR,41.92648,8.73464,14:00:00,2024-07-05
202400007678,14:00,Plein jour,95,95563,2,2,1,3.0,PASTEUR (RUE),49.02063,2.24325,14:00:00,2024-07-05
202400007679,10:00,Plein jour,91,91103,2,4,1,3.0,RUE EDOUARD DANAUX,48.60274,2.28715,10:00:00,2024-07-05
202400007680,11:35,Plein jour,91,91201,2,1,1,6.0,RUE EUGENE DELACROIX,48.6791,2.42485,11:35:00,2024-07-04
202400007681,00:55,,91,91687,2,9,1,2.0,VICTOR SCHOELCHER (AVENUE),48.64806,2.36675,00:55:00,2024-07-06
202400007682,00:05,,91,91027,2,1,1,2.0,AV FRANCOIS MITTERRAND,48.705801,2.367766,00:05:00,2024-07-06
202400007683,22:00,,91,91027,2,2,1,3.0,AV FRANCOIS MITTERRAND,48.71615,2.37102,22:00:00,2024-07-03
202400007684,18:30,Plein jour,91,91228,1,2,1,2.0,AV PAUL DELOUVRIER,48.62221,2.41666,18:30:00,2024-07-04
202400007685,17:55,Plein jour,89,89024,2,9,1,3.0,MARECHAL JUIN (AVENUE),47.79288,3.5875,17:55:00,2024-07-03
202400007686,20:01,Plein jour,87,87085,1,1,1,6.0,RD941 (OUEST),45.83491,1.21536,20:01:00,2024-07-04
202400007687,15:04,Plein jour,87,87038,1,3,1,3.0,RN520 (COUZEIX),45.90184,1.22867,15:04:00,2024-07-04
202400007688,20:25,Plein jour,85,85194,2,1,1,2.0,Rue de la pironnière,46.4801,-1.75269,20:25:00,2024-07-02
202400007689,14:05,Plein jour,84,84031,2,1,1,2.0,MISTRAL AVENUE FREDERIC,44.04917,5.03661,14:05:00,2024-07-05
202400007690,00:55,,84,84007,2,3,1,6.0,SAINT LAZARE (Boulevard),43.95168,4.81939,00:55:00,2024-07-06
202400007691,16:15,Plein jour,84,84007,2,3,1,3.0,PRIEURE (RUE DU),43.93415,4.8699,16:15:00,2024-07-05
202400007692,13:06,Plein jour,84,84007,2,1,1,6.0,CARDINAL BERTRAND (Cours)-MONTFAVET,43.92669,4.87715,13:06:00,2024-07-04
202400007693,21:30,Plein jour,80,80379,2,1,1,7.0,D1029,49.868153,2.379651,21:30:00,2024-07-05
202400007694,14:45,Plein jour,80,80021,2,1,1,7.0,Rue des Prémontrés,49.89459,2.28239,14:45:00,2024-07-05
202400007695,12:40,Plein jour,80,80021,2,1,1,7.0,Rue Georges Beauvais,49.87436,2.2879,12:40:00,2024-07-05
202400007696,22:50,,78,78621,1,6,1,4.0,DREUX (ROUTE DE),48.77955,2.00815,22:50:00,2024-07-05
202400007697,20:40,Plein jour,77,77350,2,3,1,6.0,AV DU GENERAL LECLERC,48.77185,2.67545,20:40:00,2024-07-05
202400007698,20:20,Plein jour,76,76216,2,1,1,6.0,Route de Dieppe,49.46965,1.05032,20:20:00,2024-07-05
202400007699,14:40,Plein jour,69,69029,2,1,1,6.0,Boulevard Pinel,45.73371978,4.88908678,14:40:00,2024-07-04
202400007700,17:45,Plein jour,67,67482,2,3,1,3.0,FORET NOIRE (AVENUE DE LA),48.58306,7.7723,17:45:00,2024-07-05
202400007701,14:35,Plein jour,67,67043,2,2,1,3.0,BISCHWILLER (ROUTE DE),48.61407,7.75219,14:35:00,2024-07-05
202400007702,19:30,Plein jour,65,65440,2,5,1,3.0,CRONSTADT (RUE DE),43.22852533,0.07507991,19:30:00,2024-07-03
202400007703,18:30,Plein jour,64,64129,2,1,1,6.0,TONKIN DU,43.31491,-0.38451,18:30:00,2024-07-05
202400007704,18:30,Plein jour,64,64129,2,6,1,3.0,PIEDMONT DU,43.30523,-0.40124,18:30:00,2024-07-05
202400007705,13:15,Plein jour,64,64445,2,4,1,3.0,LEON SAY,43.29411,-0.36345,13:15:00,2024-07-05
202400007706,18:00,Plein jour,64,64269,1,1,1,4.0,BEARN DU,43.30249,-0.30821,18:00:00,2024-07-04
202400007707,15:10,Plein jour,64,64122,2,1,1,3.0,IMPERATRICE (AVENUE DE L'),43.48912,-1.55283,15:10:00,2024-07-04
202400007708,17:41,Plein jour,64,64024,2,3,7,3.0,BIARRITZ (AVENUE DE),43.48016,-1.52241,17:41:00,2024-07-05
202400007709,00:45,,63,63113,2,3,1,3.0,BARBUSSE (RUE HENRI),45.78269,3.08657,00:45:00,2024-07-06
202400007710,09:45,Plein jour,62,62758,2,1,3,6.0,Route de Saint Omer,50.72513639,1.62834334,09:45:00,2024-07-05
202400007711,17:50,Plein jour,59,59291,2,2,1,6.0,MARECHAL LECLERC (AVENUE DU),50.24405,3.91277,17:50:00,2024-07-05
202400007712,00:01,,59,59350,2,1,1,3.0,Pont de Fives ,50.63337,3.08174,00:01:00,2024-07-06
202400007713,19:30,Plein jour,59,59350,2,3,8,1.0,Rue Ernest Loyer,50.64696,2.97911,19:30:00,2024-07-05
202400007714,12:20,Plein jour,56,56162,2,1,1,6.0,Route du Courégant,47.70431,-3.45874,12:20:00,2024-07-04
202400007715,13:25,Plein jour,54,54395,2,1,1,2.0,Boulevard Lobau,48.681352,6.197971,13:25:00,2024-07-05
202400007716,08:45,Plein jour,54,54304,2,2,1,2.0,Avenue de la Résistance,48.694214,6.131817,08:45:00,2024-07-05
202400007717,16:10,Plein jour,51,51454,2,1,1,2.0,GARNIER (RUE FRANCIS),49.28815,4.02345,16:10:00,2024-07-04
202400007718,14:05,Plein jour,49,49007,2,3,1,3.0,MOULIN BOULEVARD,47.49162,-0.55744,14:05:00,2024-07-05
202400007719,13:20,Plein jour,49,49007,2,1,1,2.0,COUBERTIN BOULEVARD,47.46325,-0.55242,13:20:00,2024-07-05
202400007720,14:45,Plein jour,45,45234,2,2,1,3.0,52 Rue Maurice Dubois,47.922274,1.892385,14:45:00,2024-07-05
202400007721,20:35,Plein jour,41,41018,2,1,1,1.0,VILLOISEAU (RUE DE),47.59874,1.29409,20:35:00,2024-07-05
202400007722,09:42,Plein jour,41,41018,2,1,1,6.0,BOURG SAINT JEAN (RUE DU),47.58898,1.33908,09:42:00,2024-07-05
202400007723,00:01,,38,38185,2,2,1,1.0,LESDIGUIERES (RUE)      8 A GAMBETTA,45.18613041,5.72467893,00:01:00,2024-07-06
202400007724,20:45,Plein jour,37,37233,2,3,1,1.0,GRAND COUR (RUE DE LA),47.38917,0.71524,20:45:00,2024-07-05
202400007725,18:25,Plein jour,37,37233,2,1,1,2.0,DUCLOS (AVENUE JACQUES),47.3796,0.72367,18:25:00,2024-07-05
202400007726,17:45,Plein jour,37,37261,2,9,1,3.0,BERANGER (BOULEVARD),47.39001,0.68629,17:45:00,2024-07-05
202400007727,15:15,Plein jour,36,36044,2,1,1,3.0,Rue Victor Hugo,46.810928,1.691971,15:15:00,2024-07-05
202400007728,15:20,Plein jour,35,35051,2,1,1,3.0,BRAY (RUE DE),48.10777,-1.61503,15:20:00,2024-07-05
202400007729,15:15,Plein jour,35,35051,1,1,1,4.0,EST (ROCADE),48.09933,-1.61425,15:15:00,2024-07-05
202400007730,12:20,Plein jour,35,35051,1,1,1,3.0,PORTE DE LA RIGOURDIERE,48.13333,-1.57434,12:20:00,2024-07-05
202400007731,20:00,Plein jour,33,33281,2,1,1,2.0,Unknown,44.840388,-0.628845,20:00:00,2024-07-05
202400007732,01:26,Nuit sans éclairage,29,29019,1,1,1,2.0,route du Vieux Saint-Marc,48.39488177,-4.43824344,01:26:00,2024-07-06
202400007733,13:40,Plein jour,22,22278,2,2,1,6.0,FERRY (JULES),48.50157,-2.76935,13:40:00,2024-07-05
202400007734,15:55,Plein jour,22,22113,2,1,1,4.0,RESISTANCE (AVENUE DE LA),48.73004464,-3.46497685,15:55:00,2024-07-02
202400007735,23:30,,16,16358,2,3,1,1.0,Unknown,45.66223,0.13448,23:30:00,2024-07-04
202400007736,11:50,Plein jour,15,15014,1,1,2,7.0, RN 122,44.90077,2.41659,11:50:00,2024-07-04
202400007737,16:45,Plein jour,14,14118,2,9,1,3.0,1 Rue Claude Bloch,49.21075,-0.359159,16:45:00,2024-05-06
202400007738,00:50,,13,13077,2,1,1,6.0,SEMARD PIERRE (bld),43.4067,4.99059,00:50:00,2024-06-27
202400007739,18:00,Plein jour,13,13214,2,9,1,1.0,ROLAND DORGELES (BOULEVARD),43.34845,5.377,18:00:00,2024-07-05
202400007740,02:30,,13,13208,2,1,1,3.0,HAMBOURG (BOULEVARD),43.251,5.3892,02:30:00,2024-07-05
202400007741,20:29,Plein jour,13,13207,2,1,1,3.0,CHARLES LIVON (BOULEVARD),43.29217,5.35973,20:29:00,2024-07-04
202400007742,10:30,Plein jour,12,12145,1,4,1,3.0,D911,44.13844393,3.02589785,10:30:00,2024-07-05
202400007743,18:45,Plein jour,06,06069,2,9,1,5.0,5 Boulevard Marcel Pagnol,43.64526,6.94174,18:45:00,2024-07-05
202400007744,16:15,Plein jour,06,06069,1,1,1,3.0,193 Route d’Auribeau,43.62526,6.91523,16:15:00,2024-07-05
202400007745,18:30,Plein jour,06,06027,2,1,1,3.0,98 Avenue de Nice,43.659165,7.165466,18:30:00,2024-07-05
202400007746,11:15,Plein jour,04,04112,2,1,1,6.0,CLEMENCEAU (BD. G.),43.83757,5.77827,11:15:00,2024-07-05
202400007747,22:40,,03,03185,2,1,1,2.0,Rue Florane,46.33297,2.61467,22:40:00,2024-07-05
202400007748,12:00,Plein jour,75,75117,2,1,1,7.0,BD PERIPHERIQUE INTERIEUR,48.899685,2.31964,12:00:00,2024-07-05
202400007749,08:40,Plein jour,75,75118,2,1,1,5.0,PORTE DE CLIGNANCOURT,48.900701,2.334452,08:40:00,2024-07-04
202400007750,00:15,,75,75113,2,1,1,2.0,QUAI D IVRY,48.826215,2.38778,00:15:00,2024-07-04
202400007751,15:20,Plein jour,75,75120,2,7,1,1.0,PORTE DE MONTREUIL,48.853618,2.414285,15:20:00,2024-07-05
202400007752,17:00,Plein jour,75,75120,2,2,1,1.0,RUE DE LAGNY,48.848935,2.406539,17:00:00,2024-07-04
202400007753,01:10,,75,75116,2,2,1,3.0,ROUTE DE LA MUETTE A NEUILLY,48.872502,2.264386,01:10:00,2024-07-05
202400007754,13:15,Plein jour,75,75114,2,3,1,6.0,RUE DU GENERAL HUMBERT,48.826868,2.306747,13:15:00,2024-07-05
202400007755,12:35,Plein jour,84,84065,1,1,1,6.0,Chemin de Puget,43.754508,5.284864,12:35:00,2024-07-14
202400007756,04:45,Nuit sans éclairage,84,84087,1,3,1,3.0,CHAMPLAIN (CHEMIN DE),44.16831,4.84191,04:45:00,2024-06-17
202400007757,15:28,Plein jour,987,98735,2,3,1,1.0,CLEMENCEAU (RUE),-17.53545,-149.557789,15:28:00,2024-09-13
202400007758,22:15,,974,97416,2,1,1,2.0,LEBLOND 1 (RUE MARIUS ET ARY),-21.33696,55.4721,22:15:00,2024-09-14
202400007759,14:35,Plein jour,974,97416,1,1,1,2.0,RN 03,-21.33076,55.46838,14:35:00,2024-09-14
202400007760,09:25,Plein jour,973,97302,2,6,1,3.0,GIRATOIRE MARINGOUINS,4.90749,-52.32207,09:25:00,2024-09-14
202400007761,03:50,,69,69386,2,2,1,1.0,Rue Duquesne,45.7725433,4.84305024,03:50:00,2024-09-14
202400007762,02:08,,69,69382,2,1,1,6.0,Quai Jean Moulin,45.76481855,4.83814716,02:08:00,2024-09-14
202400007763,17:20,Plein jour,95,95572,2,1,2,6.0,D14,49.03828936,2.11796045,17:20:00,2024-09-13
202400007764,15:05,Plein jour,91,91326,2,1,1,4.0,COUR DE FRANCE (AVENUE DE LA),48.69305,2.37074,15:05:00,2024-09-14
202400007765,21:25,Nuit sans éclairage,89,89387,1,1,1,1.0,D606,48.19628,3.31336,21:25:00,2024-09-01
202400007766,11:30,Plein jour,84,84035,2,6,6,3.0,BELLEVUE (CARREFOUR),43.83745,5.04362,11:30:00,2024-09-14
202400007767,12:50,Plein jour,83,83137,2,1,1,6.0,REBOUL (RUE LEON),43.11821,5.93736,12:50:00,2024-09-13
202400007768,13:10,Plein jour,80,80164,1,1,1,2.0,CORBIE (ROUTE),49.90323,2.36364,13:10:00,2024-09-14
202400007769,19:23,Plein jour,79,79191,2,2,1,5.0,Unknown,46.31353,-0.46576,19:23:00,2024-09-13
202400007770,16:10,Plein jour,78,78172,2,1,1,6.0,PASTEUR (RUE),48.99438,2.09615,16:10:00,2024-09-14
202400007771,10:05,Plein jour,72,72181,2,9,1,6.0,SISLEY ALFRED (RUE),47.97614,0.21694,10:05:00,2024-09-13
202400007772,10:00,Plein jour,71,71040,2,2,1,3.0,BIZOTS (ROUTE DES),46.71229,4.39498,10:00:00,2024-09-14
202400007773,19:45,Crépuscule,69,69266,2,3,1,6.0,Route de Genas,45.75421,4.88941,19:45:00,2024-09-14
202400007774,18:34,Plein jour,69,69266,2,3,1,6.0,73 Cours Tolstoï,45.7625,4.87831,18:34:00,2024-09-14
202400007775,16:50,Plein jour,69,69264,2,9,1,6.0,Avenue Saint-Exupery,45.99087,4.71074,16:50:00,2024-09-13
202400007776,03:45,,67,67447,2,1,1,7.0,CRONENBOURG (RUE DE),48.60534,7.73655,03:45:00,2024-09-14
202400007777,19:10,Plein jour,64,64445,2,2,1,2.0,ALSACE LORRAINE D',43.30483,-0.37041,19:10:00,2024-09-14
202400007778,13:15,Plein jour,64,64348,2,1,1,2.0,EUROPE DE L',43.32285,-0.3897,13:15:00,2024-09-14
202400007779,19:50,Crépuscule,64,64125,1,1,1,4.0,RUE BAZTER,43.44678,-1.5447,19:50:00,2024-09-14
202400007780,17:55,Plein jour,64,64122,2,1,1,2.0,EDITH CAVELL (AVENUE),43.49119693,-1.54495239,17:55:00,2024-09-13
202400007781,18:54,Plein jour,64,64102,2,1,1,2.0,SAINTE CROIX (AVENUE DE),43.49995,-1.4545,18:54:00,2024-09-14
202400007782,08:20,Plein jour,13,13212,1,1,1,2.0,A507 sens Aubagne- Marseille,43.2957,5.4248,08:20:00,2024-07-18
202400007783,19:30,Plein jour,13,13071,1,1,1,7.0,A55-Sens Martigues vers Marseille,43.38920178,5.30380036,19:30:00,2024-07-09
202400007784,09:00,Plein jour,64,64102,2,1,1,3.0,PAUL PRAS (AVENUE),43.48512,-1.47623,09:00:00,2024-09-14
202400007785,08:25,Plein jour,13,13070,2,1,1,3.0,A50-Sens Aubagne vers Marseille,43.28582,5.51205,08:25:00,2024-07-04
202400007786,19:10,Plein jour,62,62133,2,1,1,3.0,D46,50.41258292,2.91069468,19:10:00,2024-09-11
202400007787,10:15,Plein jour,13,13026,1,1,1,2.0,A55-Sens Martigues vers Marseille,43.375,5.176,10:15:00,2024-07-08
202400007788,16:30,Plein jour,13,13211,1,1,1,3.0,A50-Sens Aubagne vers Marseille,43.28771,5.5024,16:30:00,2024-07-02
202400007789,13:25,Plein jour,58,58194,2,3,1,1.0,FRANCIS GARNIER,46.99417,3.17472,13:25:00,2024-09-13
202400007790,17:46,Plein jour,987,98735,2,1,1,3.0,MOTU UTA,-17.5319,-149.57084,17:46:00,2024-11-25
202400007791,16:50,Plein jour,974,97411,2,1,1,3.0,GIBERT DES MOLIERES (RUE),-20.88889,55.44561,16:50:00,2024-11-26
202400007792,21:00,Nuit sans éclairage,49,49267,1,3,1,3.0,RD 347,47.4707,-0.45279,21:00:00,2024-09-14
202400007793,10:25,Plein jour,44,44162,2,9,7,6.0,Boulevard du Val de Chézine,47.24533,-1.60993,10:25:00,2024-09-14
202400007794,15:20,Plein jour,973,97302,1,1,1,2.0,ROUTE NATIONALE 1,4.8987,-52.32671,15:20:00,2024-11-26
202400007795,17:15,Plein jour,37,37261,2,2,1,6.0,EUROPE (AVENUE DE L'),47.42289829,0.68571594,17:15:00,2024-09-14
202400007796,07:56,Plein jour,973,97302,2,1,2,3.0,MADELEINE (ROUTE DE LA),4.91379202,-52.32081932,07:56:00,2024-11-26
202400007797,15:50,Plein jour,37,37261,2,1,1,2.0,BERT (QUAI PAUL),47.40157,0.68688,15:50:00,2024-09-14
202400007798,07:20,Plein jour,973,97302,2,1,1,3.0,FELIX EBOUE(ROCADE),4.93052,-52.31396,07:20:00,2024-11-26
202400007799,18:20,Crépuscule,973,97302,2,1,1,1.0,JACARANDAS (CITE),4.93413774,-52.31682944,18:20:00,2024-11-25
202400007800,10:00,Plein jour,35,35238,2,1,1,2.0,NANTES (RUE DE),48.09335075,-1.6908887,10:00:00,2024-09-14
202400007801,17:37,Plein jour,973,97302,2,6,1,2.0,BADUEL (ROUTE DE),4.92967,-52.30332,17:37:00,2024-11-25
202400007802,06:00,Crépuscule,976,97612,1,1,1,1.0,RN 1,-12.702385,45.060478,06:00:00,2024-04-27
202400007803,16:45,Plein jour,35,35238,2,6,1,3.0,ROUTE DE SAINT-MALO,48.13236074,-1.69094503,16:45:00,2024-09-13
202400007804,00:01,,83,83116,1,1,2,6.0,sortie n°34 Autoroute A8,43.449492,5.877208,00:01:00,2024-04-27
202400007805,19:15,Plein jour,34,34172,2,1,1,3.0,PALAVAS (AVENUE DE),43.5969,3.88696,19:15:00,2024-09-14
202400007806,09:40,Plein jour,973,97302,2,1,1,4.0,BADUEL (ROUTE DE),4.9289,-52.29521,09:40:00,2024-11-25
202400007807,07:00,Plein jour,987,98733,1,1,1,3.0,"PK 25.400, RT1,",-17.721525,-149.581014,07:00:00,2024-04-25
202400007808,20:10,,69,69387,2,1,1,6.0,Boulevard Chambaud de la Bruyère,45.72329,4.84243,20:10:00,2024-11-26
202400007809,13:15,Plein jour,30,30007,2,3,1,3.0,VERNE (RUE JULES),44.133,4.093,13:15:00,2024-09-14
202400007810,18:19,Nuit sans éclairage,988,98833,1,1,2,7.0,"RPN3, tribu de Koh",-21.53421,165.82857,18:19:00,2024-04-27
202400007811,22:00,,69,69388,2,2,1,3.0,Rue Louis Jouvet,45.74572,4.86071,22:00:00,2024-11-26
202400007812,21:30,Nuit sans éclairage,29,29232,1,1,1,2.0,RN 165,48.01282623,-4.07362863,21:30:00,2024-09-09
202400007813,23:45,Nuit sans éclairage,27,27681,1,1,1,7.0,QUEUE D'HAYE (RUE DE LA ),49.10352,1.51018,23:45:00,2024-09-13
202400007814,17:45,Plein jour,95,95446,2,1,1,3.0,D151,49.130254,2.170363,17:45:00,2024-04-26
202400007815,15:31,Plein jour,69,69387,2,3,1,1.0,Avenue Jean Jaurès,45.73429,4.83539,15:31:00,2024-11-26
202400007816,17:35,Plein jour,22,22360,1,1,1,2.0,RD700,48.469648,-2.774916,17:35:00,2024-09-13
202400007817,08:00,Plein jour,69,69383,2,1,8,3.0,Boulevard Marius Vivier-Merle,45.75396,4.85937,08:00:00,2024-11-26
202400007818,10:02,Plein jour,91,91207,2,1,1,6.0,Rue de la Fausse Clairette,48.581721,2.230756,10:02:00,2024-04-15
202400007819,03:50,Nuit avec éclairage,22,22187,1,6,1,6.0,RD786,48.54828,-2.79342,03:50:00,2024-09-14
202400007820,18:40,Nuit sans éclairage,972,97213,1,1,1,2.0,ROUTE NATIONALE 6,14.59437,-60.98199,18:40:00,2024-11-26
202400007821,20:08,Plein jour,19,19031,2,6,1,3.0,CHAUMEIL (RUE PIERRE),45.15645,1.50424,20:08:00,2024-09-14
202400007822,04:30,,91,91661,1,1,2,2.0,Rue de la Prairie,48.702896,2.257104,04:30:00,2024-04-27
202400007823,09:31,Plein jour,972,97213,1,1,2,2.0,AUTOROUTE A1,14.6183,-61.0261,09:31:00,2024-11-26
202400007824,10:25,Plein jour,14,14366,2,3,1,2.0,74 Rue du Général Leclerc,49.15294,0.22361,10:25:00,2024-09-14
202400007825,15:55,Plein jour,78,78276,1,1,2,1.0,rue du temple,49.069368,1.590528,15:55:00,2024-04-27
202400007826,06:00,Crépuscule,2B,2B289,1,1,1,6.0,RT20 92+108,42.354564,9.171739,06:00:00,2024-04-27
202400007827,11:30,Plein jour,972,97209,1,1,1,4.0,Bretelle sortie A1,14.61452,-61.04977,11:30:00,2024-11-26
202400007828,19:20,Plein jour,14,14271,1,1,1,4.0,N814,49.13636,-0.37519,19:20:00,2024-09-13
202400007829,16:15,Plein jour,972,97209,2,9,2,2.0,MARNE (BOULEVARD DE LA),14.60515,-61.08791,16:15:00,2024-11-25
202400007830,14:57,Plein jour,83,83023,2,6,1,3.0,Brignoles (Embranchement d'autoroute),43.41570236,6.06171656,14:57:00,2024-04-27
202400007831,00:40,,13,13208,2,1,1,1.0,MADRAGUE DE MONTREDON (AVE DE LA) ,43.23584,5.36145,00:40:00,2024-09-15
202400007832,12:55,Plein jour,69,69034,2,1,1,3.0,Rue Pasteur,45.79183,4.84374,12:55:00,2024-11-26
202400007833,09:50,Plein jour,38,38344,2,1,1,4.0,Route de Sablons,45.36493044,4.79771689,09:50:00,2024-04-27
202400007834,15:00,Plein jour,13,13202,2,1,1,5.0,CARGO RHIN FIDELI (RUE),43.32703,5.35591,15:00:00,2024-09-14
202400007835,11:20,Plein jour,95,95219,2,1,1,3.0,D192,48.99191,2.25794,11:20:00,2024-11-26
202400007836,09:35,Plein jour,31,31505,1,1,1,6.0,D86,43.166696,1.082438,09:35:00,2024-04-26
202400007837,19:20,Plein jour,17,17228,1,1,1,7.0,"D140, rue du colonel Beltrame",45.62921,-0.963943,19:20:00,2024-04-26
202400007838,01:30,,13,13216,2,4,1,1.0,ROGER CHIEUSSE (BOULEVARD),43.36299635,5.31640711,01:30:00,2024-09-14
202400007839,10:15,Plein jour,95,95218,2,1,1,4.0,N184,49.01538761,2.09129307,10:15:00,2024-11-26
202400007840,04:24,Nuit sans éclairage,72,72264,2,1,1,2.0,Rue du Clos du Bois,47.826136,-0.316093,04:24:00,2024-04-26
202400007841,19:45,Plein jour,13,13001,2,1,1,3.0,ROI RENE (BD DU),43.52414,5.45151,19:45:00,2024-09-14
202400007842,15:30,Plein jour,49,49301,2,1,2,2.0,Rue de la Vendée (St Macaire-en-Mauges),47.122281,-0.993104,15:30:00,2024-04-24
202400007843,13:20,Plein jour,91,91228,2,2,1,3.0,MARECHAL LECLERC (BD),48.63152,2.44119,13:20:00,2024-11-26
202400007844,11:00,Plein jour,06,06027,2,1,1,5.0,12 Avenue de Cannes,43.65473,7.14988,11:00:00,2024-09-14
202400007845,12:40,Plein jour,91,91174,2,1,2,6.0,BD HENRI DUNANT,48.59916,2.47994,12:40:00,2024-11-25
202400007846,09:50,Plein jour,44,44215,2,6,1,3.0,Boulevard Auguste Priou,47.180124,-1.4987,09:50:00,2024-04-24
202400007847,17:15,Nuit sans éclairage,88,88383,2,1,3,6.0,Rue Jules Ferry,48.01427,6.59982,17:15:00,2024-11-25
202400007848,08:45,Plein jour,04,04112,2,1,1,2.0,MAJORAL ARNAUD (AV.),43.8304,5.7834,08:45:00,2024-09-13
202400007849,08:10,Plein jour,50,50294,1,1,1,1.0,D900,49.588424,-1.653603,08:10:00,2024-04-27
202400007850,16:45,Plein jour,86,86157,1,1,1,1.0,RN 147,46.52433,0.44578,16:45:00,2024-11-26
202400007851,23:15,Nuit sans éclairage,60,60446,1,1,2,2.0,N2,49.1339199,2.79801376,23:15:00,2024-04-26