Num_Acc,hrmn,lum,dep,com,agg,int,atm,col,adr,lat,long,heure,date
202400007852,15:15,Plein jour,03,03185,2,6,1,3.0,Avenue des Guineberts,46.33701,2.587418,15:15:00,2024-09-13
202400007853,12:20,Plein jour,86,86157,2,1,6,6.0,RN 147,46.551947,0.401079,12:20:00,2024-11-21
202400007854,02:10,Nuit sans éclairage,02,02282,1,1,1,1.0,Route Departementale 1044,49.555716,3.708787,02:10:00,2024-04-27
202400007855,12:20,Plein jour,75,75120,2,1,1,3.0,BOULEVARD PERIPHERIQUE INTERIEUR NORD  ,48.866049,2.413204,12:20:00,2024-09-13
202400007856,10:40,Plein jour,59,59034,1,1,1,1.0,CD 549,50.537463,3.087024,10:40:00,2024-04-27
202400007857,10:10,Plein jour,84,84031,1,1,1,6.0,LEGUE CHEMIN DE LA,44.04235,5.07562,10:10:00,2024-11-12
202400007858,23:25,,75,75105,2,3,1,3.0,QUAI DE MONTEBELLO,48.851762,2.349562,23:25:00,2024-09-13
202400007859,08:30,Plein jour,83,83090,1,1,1,2.0,A50,43.12608109,5.88263494,08:30:00,2024-04-25
202400007860,14:40,Plein jour,83,83137,2,1,1,6.0,BARTOLINI (RUE JEAN),43.12022,5.94302,14:40:00,2024-11-26
202400007861,09:30,Plein jour,75,75118,2,2,1,3.0,BOULEVARD BARBES,48.888341,2.349575,09:30:00,2024-09-14
202400007862,16:10,Plein jour,42,42218,1,1,1,6.0,N88,45.42303,4.41292,16:10:00,2024-04-25
202400007863,17:56,,83,83061,2,1,1,6.0,AVENUE ANDRE LEOTARD,43.43643,6.76381,17:56:00,2024-11-26
202400007864,09:00,Plein jour,75,75110,2,3,1,3.0,BOULEVARD DE MAGENTA,48.876516,2.355854,09:00:00,2024-09-14
202400007865,13:00,Plein jour,83,83141,1,1,1,1.0,LE VIGNARET (308 ROUTE DE LA MOTTE),43.50235424,6.48853024,13:00:00,2024-11-25
202400007866,14:35,Plein jour,33,33096,1,1,2,4.0,Unknown,44.89033,-0.50277,14:35:00,2024-04-26
202400007867,12:20,Plein jour,75,75116,2,1,1,7.0,BOULEVARD SUCHET,48.85631,2.264013,12:20:00,2024-08-23
202400007868,19:50,Plein jour,33,33013,1,1,1,2.0,Unknown,44.86433,-0.50361,19:50:00,2024-04-24
202400007869,16:25,Plein jour,80,80261,1,1,2,5.0,D210,49.86099,2.265,16:25:00,2024-11-25
202400007870,08:00,Plein jour,75,75114,2,4,1,6.0,RUE DAREAU,48.83142,2.337996,08:00:00,2024-09-14
202400007871,11:20,Plein jour,80,80164,1,1,6,3.0,D1,49.90199,2.35941,11:20:00,2024-11-24
202400007872,08:30,Plein jour,93,93053,1,1,1,5.0,A3,48.88394634,2.46838028,08:30:00,2024-04-26
202400007873,04:40,,75,75109,2,1,1,6.0,BOULEVARD HAUSSMANN,48.87349,2.329094,04:40:00,2024-09-14
202400007874,10:45,Plein jour,95,95218,2,1,8,6.0,D48E,49.01308751,2.09083781,10:45:00,2024-11-12
202400007875,12:05,Plein jour,95,95572,1,1,1,4.0,N184,49.03785208,2.12338183,12:05:00,2024-04-26
202400007876,12:45,Plein jour,94,94081,2,1,1,6.0,Rue Désiré Granet,48.794657,2.397751,12:45:00,2024-09-14
202400007877,07:38,Plein jour,93,93066,1,1,1,5.0,A1,48.91623043,2.35752085,07:38:00,2024-04-26
202400007878,14:20,Plein jour,94,94068,2,2,1,3.0,Rue Jean Mermoz,48.80725,2.516777,14:20:00,2024-09-14
202400007879,20:00,Nuit sans éclairage,77,77114,1,1,1,4.0,D471,48.73807871,2.70157404,20:00:00,2024-11-26
202400007880,01:20,Nuit sans éclairage,95,95582,1,1,1,6.0,A15,48.97282083,2.24738326,01:20:00,2024-04-26
202400007881,21:45,,94,94071,2,1,2,1.0,Rue de la Cité Verte,48.77386,2.525268,21:45:00,2024-09-13
202400007882,11:45,Plein jour,76,76319,1,1,1,3.0,Boulevard Maritime,49.35979,0.9932,11:45:00,2024-11-26
202400007883,07:00,Plein jour,987,98735,2,1,1,3.0,BRUAT (AVENUE),-17.54274,-149.5709,07:00:00,2024-04-25
202400007884,21:45,,93,93070,2,2,1,3.0,VICTOR-HUGO (BD),48.90482,2.32227,21:45:00,2024-09-14
202400007885,09:35,Plein jour,76,76497,2,1,1,2.0,N338 - Sud 3,49.38924,1.04433,09:35:00,2024-11-26
202400007886,23:50,,69,69383,2,2,1,3.0,Rue Trarieux,45.74547,4.88584,23:50:00,2024-04-25
202400007887,07:50,Plein jour,72,72181,1,1,5,2.0,PATTON GENERAL RTE ST-AUBIN A AV RUBILLA,48.02838,0.17789,07:50:00,2024-11-26
202400007888,13:30,Plein jour,93,93014,2,1,1,2.0,GAGNY (ALLEE DE),48.90294,2.54758,13:30:00,2024-09-14
202400007889,16:05,Plein jour,69,69386,2,2,1,3.0,Boulevard des Belges,45.77238,4.8537,16:05:00,2024-04-25
202400007890,13:29,Plein jour,72,72181,2,6,1,3.0,EINSTEIN ALBERT (RUE),48.02574,0.17588,13:29:00,2024-11-25
202400007891,11:55,Plein jour,972,97209,2,1,1,2.0,BOUILLE (RUE),14.60469,-61.06455,11:55:00,2024-04-25
202400007892,17:30,Plein jour,71,71076,2,1,1,6.0,SAINT COSME (GRANDE RUE),46.77857,4.84841,17:30:00,2024-11-25
202400007893,12:20,Plein jour,67,67482,2,1,1,3.0,RATHSAMHAUSEN (RUE DE),48.56603,7.76005,12:20:00,2024-11-26
202400007894,18:10,Crépuscule,972,97209,2,1,1,2.0,RD 41 (ROCADE),14.61,-61.077,18:10:00,2024-04-24
202400007895,00:30,,93,93046,2,3,1,6.0,AMEDEE DUNOIS RUE,48.92396,2.54085,00:30:00,2024-09-14
202400007896,08:25,Plein jour,67,67482,2,1,1,3.0,FAUBOURG DE SAVERNE (RUE DU),48.586,7.739,08:25:00,2024-11-26
202400007897,23:55,Nuit sans éclairage,93,93046,2,1,1,6.0,VAUJOURS CHEMIN DE,48.92548,2.55243,23:55:00,2024-09-13
202400007898,01:30,,69,69384,2,1,2,3.0,93 Grande Rue de la Croix-Rousse,45.78145104,4.83268842,01:30:00,2024-04-26
202400007899,17:55,,64,64024,2,3,8,1.0,HARDOY (RUE DE),43.4934,-1.50882,17:55:00,2024-11-25
202400007900,14:25,Plein jour,69,69034,2,1,1,6.0,75 Rue Pasteur,45.79182,4.84373,14:25:00,2024-04-25
202400007901,19:05,Plein jour,93,93079,2,1,1,3.0,MAROC (AV),48.95589402,2.33546155,19:05:00,2024-09-14
202400007902,06:51,Plein jour,971,97113,1,1,1,7.0,RN4-ROND POINT SAINT FELIX,16.20769653,-61.46064699,06:51:00,2024-04-24
202400007903,16:55,Plein jour,64,64102,2,1,8,2.0,URSUYA (AVENUE DE L'),43.4782,-1.49299,16:55:00,2024-11-25
202400007904,09:00,Plein jour,93,93027,2,1,1,2.0,JAURES (AVENUE JEAN),48.92474572,2.40114212,09:00:00,2024-09-14
202400007905,22:40,,971,97101,1,1,1,6.0,RN11,16.27095703,-61.51412487,22:40:00,2024-04-23
202400007906,09:20,Plein jour,64,64024,2,1,3,3.0,SAINT PEE (ROUTE DE),43.45822,-1.4984,09:20:00,2024-11-25
202400007907,20:25,,971,97101,2,1,1,6.0,CHAUVEL,16.23951817,-61.51970923,20:25:00,2024-04-23
202400007908,22:05,,93,93027,2,2,1,3.0,VAILLANT-COUTURIER (AVENUE PAUL),48.925,2.415,22:05:00,2024-09-13
202400007909,17:30,,63,63300,2,1,2,6.0,STADE (AVENUE DU),45.88347227,3.12445968,17:30:00,2024-11-25
202400007910,13:45,Plein jour,91,91122,2,9,1,1.0,CHARTRES (ROUTE DE),48.69311,2.16172,13:45:00,2024-04-25
202400007911,17:15,,63,63032,2,1,2,6.0,RIVAUX (AVENUE DES),45.75105,3.09647,17:15:00,2024-11-25
202400007912,13:20,Plein jour,93,93008,2,9,1,3.0,BARBUSSE (AVENUE HENRI) A30,48.90493575,2.42027998,13:20:00,2024-09-14
202400007913,18:00,Plein jour,91,91223,2,9,1,7.0,SAINT MICHEL (BOULEVARD),48.45009,2.17206,18:00:00,2024-04-24
202400007914,07:10,,59,59527,2,1,2,6.0,Rue du Général Leclerc,50.66334,3.05009,07:10:00,2024-11-26
202400007915,20:00,Crépuscule,93,93001,2,1,1,3.0,JEAN JAURES (AVE)  215 =>,48.91534942,2.40458322,20:00:00,2024-09-13
202400007916,13:41,Plein jour,87,87085,2,1,1,6.0,BAUDIN ( AVENUE) (VC),45.82681,1.26029,13:41:00,2024-04-23
202400007917,11:00,Plein jour,92,92073,2,1,1,6.0,JAURES (AVENUE JEAN),48.86367931,2.20897995,11:00:00,2024-09-14
202400007918,08:00,Plein jour,85,85194,2,6,1,3.0,Avenue du commandant belmont,46.48893,-1.7504,08:00:00,2024-04-22
202400007919,19:00,,59,59009,2,5,8,3.0,OUEST BOULEVARD DE L,50.6465,3.12475,19:00:00,2024-11-25
202400007920,13:00,Plein jour,92,92050,2,1,1,6.0,JOFFRE MARECHAL AVENUE DU,48.88555519,2.19632864,13:00:00,2024-09-14
202400007921,12:20,Plein jour,84,84087,2,1,1,3.0,MISTRAL (AVENUE FREDERIC),44.137,4.818,12:20:00,2024-04-24
202400007922,00:30,,92,92050,2,1,1,6.0,BOULEVARD DE LA DEFENSE,48.89601241,2.23345712,00:30:00,2024-09-14
202400007923,08:00,Crépuscule,59,59183,2,1,3,6.0,MAGASIN GENERAL,51.03447,2.36599,08:00:00,2024-11-26
202400007924,15:55,Plein jour,83,83126,2,2,1,1.0,BARTOLINI (AV JEAN),43.11385609,5.86614937,15:55:00,2024-04-25
202400007925,19:20,Plein jour,92,92035,2,1,1,3.0,Général de Gaulle  ( avenue du ),48.90999389,2.2549738,19:20:00,2024-09-14
202400007926,11:15,Plein jour,59,59183,2,1,2,3.0,REPUBLIQUE,51.032252,2.375758,11:15:00,2024-11-26
202400007927,15:25,Plein jour,83,83129,2,1,1,3.0,LOMBARD (CHEMIN DE),43.09389,5.85131,15:25:00,2024-04-25
202400007928,18:52,Plein jour,92,92026,2,1,1,6.0,ALBERT GLEIZES (AVENUE),48.8922069,2.2438687,18:52:00,2024-09-14
202400007929,17:45,Nuit sans éclairage,56,56121,2,1,2,2.0,D465 Desserte Portuaire,47.76048,-3.38289,17:45:00,2024-11-25
202400007930,19:00,Plein jour,92,92012,2,1,1,7.0,SILLY (RUE DE) 1/87 - 2/88,48.83343229,2.23335961,19:00:00,2024-09-14
202400007931,20:35,Plein jour,81,81065,2,1,1,5.0,ALBERT 1° (AV),43.59925,2.23216,20:35:00,2024-04-25
202400007932,11:25,Plein jour,54,54395,2,1,1,6.0,Rue Charles de Foucauld,48.700985,6.186047,11:25:00,2024-11-26
202400007933,04:00,,09,09141,2,1,1,7.0,Route de Luchon,42.936538,0.963503,04:00:00,2024-09-15
202400007934,20:40,Crépuscule,78,78418,2,1,1,1.0,PAUL DOUMER (AVENUE),48.90753,2.156,20:40:00,2024-04-25
202400007935,15:30,Plein jour,60,60374,2,1,1,6.0,8 Rue du Général Leclerc,49.54461055,2.50851989,15:30:00,2024-09-15
202400007936,08:04,Plein jour,54,54395,2,2,6,3.0,Rue Gabriel Mouilleron,48.68402,6.17163,08:04:00,2024-11-25
202400007937,13:40,Plein jour,78,78498,2,1,1,7.0,RD 30,48.93782,2.0545,13:40:00,2024-04-25
202400007938,20:44,,80,80016,2,9,1,3.0,Avenue du Général Faidherbe,50.00571636,2.66053677,20:44:00,2024-09-14
202400007939,14:50,Plein jour,51,51454,2,6,1,3.0,Rond-point de l'Ordre National du Mérite,49.24234,4.0245,14:50:00,2024-11-26
202400007940,11:35,Plein jour,71,71286,1,1,1,7.0,D980,46.598259,4.493165,11:35:00,2024-09-14
202400007941,14:11,Plein jour,51,51506,2,1,2,1.0,GRAND MAU (RUE DU),48.94951,4.3897,14:11:00,2024-11-25
202400007942,18:24,Plein jour,77,77418,1,1,1,1.0,D 49,48.53871,3.201348,18:24:00,2024-04-25
202400007943,10:10,Plein jour,49,49092,2,1,7,6.0,6 Avenue du Général de Gaulle (Chemillé),47.217491,-0.726486,10:10:00,2024-09-15
202400007944,08:00,Crépuscule,49,49328,2,3,1,3.0,RENAULT (BOULEVARD LOUIS),47.253013,-0.08402,08:00:00,2024-11-26
202400007945,14:40,Plein jour,77,77284,2,2,1,2.0,TESSAN (RUE FRANCOIS DE),48.950509,2.879808,14:40:00,2024-04-24
202400007946,11:35,Plein jour,68,68295,1,3,1,3.0,D45,48.027408,7.402047,11:35:00,2024-09-15
202400007947,18:22,Crépuscule,49,49007,2,1,2,6.0,Avenue Marie Talet,47.47678,-0.54824,18:22:00,2024-11-25
202400007948,11:57,Plein jour,77,77243,2,1,1,6.0,SAINT DENIS  (RUE   ),48.87855,2.7053,11:57:00,2024-04-24
202400007949,21:00,Nuit sans éclairage,22,22093,1,1,1,6.0,N 12 LA PETITE CHAPELLE,48.45455,-2.492947,21:00:00,2024-09-14
202400007950,10:27,Plein jour,49,49007,2,8,2,3.0,JEAN XXIII AVENUE,47.4470012,-0.56126565,10:27:00,2024-11-25
202400007951,13:00,Plein jour,971,97132,2,1,1,6.0,Chemin de la Coulisse,15.975522,-61.635302,13:00:00,2024-09-13
202400007952,17:25,Plein jour,76,76341,1,1,1,4.0,RD 6015,49.50763675,0.19560814,17:25:00,2024-04-24
202400007953,16:30,Plein jour,46,46042,2,1,1,6.0,BASTIE (AVENUE MARYSE),44.45665688,1.42583656,16:30:00,2024-11-26
202400007954,07:00,Plein jour,76,76414,2,1,1,6.0,RD 485,49.91227,1.10579,07:00:00,2024-04-25
202400007955,06:00,Nuit sans éclairage,50,50487,1,1,1,3.0,A84,48.50153448,-1.34459406,06:00:00,2024-09-15
202400007956,13:32,Plein jour,45,45232,2,6,1,3.0,1215 Rue Marcel Belot,47.856922,1.902964,13:32:00,2024-11-26
202400007957,19:20,Plein jour,74,74012,2,1,1,6.0,VALLEES (ROUTE DES),46.192441,6.245795,19:20:00,2024-04-25
202400007958,09:30,Plein jour,45,45235,2,7,8,6.0,106 Rue Nationale,47.94087,1.82083,09:30:00,2024-11-26
202400007959,15:25,Plein jour,71,71270,2,1,1,6.0,GAMBETTA (RUE),46.30245,4.83001,15:25:00,2024-04-24
202400007960,13:50,Plein jour,35,35251,1,2,1,3.0,D175,48.247297,-1.619335,13:50:00,2024-09-14
202400007961,18:30,,44,44109,2,1,1,6.0,25 Boulevard Emile Romanet,47.2102,-1.60341,18:30:00,2024-11-26
202400007962,00:05,Nuit sans éclairage,57,57674,1,1,1,6.0,D74,48.911867,6.407175,00:05:00,2024-09-15
202400007963,22:10,,69,69266,2,6,1,3.0,Rue Gabriel Péri,45.77228,4.86591,22:10:00,2024-04-25
202400007964,17:25,,43,43157,2,2,6,3.0,Rue des Tanneries,45.03986,3.88684,17:25:00,2024-11-25
202400007965,21:45,,69,69256,2,3,1,3.0,Avenue de Böhlen,45.76464318,4.91927819,21:45:00,2024-04-25
202400007966,15:45,Plein jour,19,19276,1,1,1,1.0,D920,45.40162224,1.57260901,15:45:00,2024-08-13
202400007967,20:00,,40,40088,2,1,1,6.0,CARNOT (BOULEVARD),43.71226,-1.06136,20:00:00,2024-11-22
202400007968,06:15,,69,69259,2,2,1,3.0,Rue Abbé Glasberg,45.69235,4.87294,06:15:00,2024-04-25
202400007969,14:20,Plein jour,56,56185,1,1,1,1.0,Kerigeard,47.778473,-3.455672,14:20:00,2024-09-14
202400007970,11:40,Plein jour,65,65440,2,1,1,3.0,Boulevard du President Kennedy,43.21945,0.08584,11:40:00,2024-04-25
202400007971,16:30,Plein jour,40,40279,2,1,1,4.0,LIBERTE (AVE DE LA),43.72284,-1.05154,16:30:00,2024-11-20
202400007972,02:40,,64,64189,2,1,2,7.0,RAVEL MAURICE (QUA)I,43.38452,-1.6664,02:40:00,2024-04-26
202400007973,11:12,Plein jour,38,38544,2,1,1,6.0,BERTHELOT(AV),45.53845,4.87156,11:12:00,2024-11-15
202400007974,09:12,Plein jour,64,64024,2,6,3,3.0,COMPAGNET (GIRATOIRE DE),43.46017,-1.49635,09:12:00,2024-04-25
202400007975,20:05,,35,35238,2,1,1,6.0,ESPAGNE (D'),48.08663691,-1.67212587,20:05:00,2024-11-26
202400007976,09:00,Plein jour,63,63113,2,1,1,3.0,PRE COMTAL (RUE DE),45.80159,3.13051,09:00:00,2024-04-25
202400007977,15:45,Plein jour,56,56126,1,1,1,1.0,Le Pont,47.526138,-2.309242,15:45:00,2024-09-15
202400007978,14:30,Plein jour,62,62498,2,1,1,3.0,Rue Robert Schuman,50.44253007,2.82549477,14:30:00,2024-04-24
202400007979,08:15,Plein jour,35,35238,1,1,1,2.0,PORTE DE NANTES,48.08051,-1.67652,08:15:00,2024-11-26
202400007980,17:36,Plein jour,76,76554,1,1,1,7.0,D93,49.4855054,1.34767056,17:36:00,2024-09-15
202400007981,17:30,Plein jour,62,62274,2,1,1,1.0,D161,50.44022,2.99506,17:30:00,2024-04-24
202400007982,08:40,Plein jour,62,62510,2,9,1,6.0,D58E4,50.42087,2.77734,08:40:00,2024-04-19
202400007983,10:10,Plein jour,81,81136,1,1,1,7.0,D964,44.0183573,1.677528,10:10:00,2024-09-15
202400007984,15:50,Plein jour,34,34032,2,1,1,6.0,MOULIN JEAN (AV),43.34798,3.22197,15:50:00,2024-11-25
202400007985,07:45,Plein jour,62,62624,2,1,7,3.0,Avenue de la République,50.41451,2.98408,07:45:00,2024-04-23
202400007986,18:20,Plein jour,81,81217,1,1,1,7.0,Route de Monclar,43.980726,1.7064,18:20:00,2024-09-14
202400007987,12:10,Plein jour,33,33063,2,1,1,2.0,Unknown,44.86078,-0.61384,12:10:00,2024-11-26
202400007988,16:50,Plein jour,61,61006,1,1,1,2.0,D240,48.723199,0.003407,16:50:00,2024-04-11
202400007989,18:30,Plein jour,39,39500,1,1,1,6.0,Unknown,46.958259,5.886011,18:30:00,2024-09-15
202400007990,15:12,Plein jour,33,33281,2,9,8,3.0,Unknown,44.8331,-0.6974,15:12:00,2024-11-06
202400007991,07:30,Plein jour,59,59512,2,2,1,3.0,MULHOUSE (BOULEVARD DE),50.68457,3.1926,07:30:00,2024-04-25
202400007992,18:45,,31,31555,2,7,1,6.0,PL JEANNE D ARC,43.60867,1.44612,18:45:00,2024-11-26
202400007993,19:29,Crépuscule,59,59271,2,1,1,3.0,RD 601,51.0232,2.30761,19:29:00,2024-04-25
202400007994,14:15,Plein jour,44,44096,1,2,1,3.0,la Poibeliere,47.446371,-1.205556,14:15:00,2024-09-14
202400007995,17:50,Plein jour,59,59024,2,1,1,3.0,DOUAI (RUE DE),50.33417142,3.22447839,17:50:00,2024-04-24
202400007996,17:30,Plein jour,30,30189,2,1,1,7.0,JOLIOT CURIE (AVENUE),43.8109,4.3086,17:30:00,2024-10-23
202400007997,15:00,Plein jour,38,38134,1,1,1,6.0,D37,45.441375,5.045085,15:00:00,2024-09-14
202400007998,11:35,Plein jour,56,56260,2,1,1,2.0,Avenue Victor Hugo,47.66354,-2.75585,11:35:00,2024-04-25
202400007999,17:00,Crépuscule,30,30007,2,3,1,3.0,FERREOL (QUAI),44.12388,4.07101,17:00:00,2024-11-26
202400008000,00:40,Nuit sans éclairage,38,38134,1,1,1,7.0,D538,45.450016,4.994659,00:40:00,2024-09-15
202400008001,08:10,Plein jour,56,56098,2,2,7,3.0,Avenue Commune de Paris,47.77189,-3.33873,08:10:00,2024-04-24
202400008002,12:10,Plein jour,29,29019,2,1,1,1.0,chemin du Vern,48.3931,-4.5402,12:10:00,2024-11-25
202400008003,08:20,Plein jour,54,54025,2,3,1,3.0,Avenue de la Chartreuse,48.66189,6.24706,08:20:00,2024-04-25
202400008004,08:35,Crépuscule,29,29019,2,6,2,2.0,boulevard de l'Europe,48.41277,-4.507577,08:35:00,2024-11-25
202400008005,17:40,Plein jour,54,54304,2,1,3,6.0,Rue de la Mortagne,48.69958,6.13367,17:40:00,2024-04-24
202400008006,17:39,Plein jour,38,38175,1,1,1,5.0,D10a,45.272341,5.914763,17:39:00,2024-09-15
202400008007,13:55,Plein jour,28,28220,2,6,1,3.0,LIBERTE (RUE DE LA),48.42755,1.46837,13:55:00,2024-11-20
202400008008,09:38,Plein jour,54,54328,2,9,1,6.0,Avenue du Bon Curé,48.61694,6.17427,09:38:00,2024-04-24
202400008009,18:04,,27,27681,2,1,1,6.0,ILE DE FRANCE (AVENUE DE L'),49.0764,1.50979,18:04:00,2024-11-26
202400008010,18:00,Plein jour,02,02422,2,1,1,1.0,Unknown,49.930403,3.622346,18:00:00,2024-09-15
202400008011,11:15,Plein jour,02,02649,2,1,1,4.0,Rue Jean de la Fontaine,49.152201,3.387389,11:15:00,2024-09-15
202400008012,16:35,Plein jour,53,53130,2,1,1,3.0,VOLNEY ( BOULEVARD ),48.05631,-0.79705,16:35:00,2024-04-25
202400008013,11:45,Plein jour,02,02305,1,1,1,6.0,Unknown,49.131605,3.521612,11:45:00,2024-09-14
202400008014,17:20,Nuit sans éclairage,25,25056,1,1,1,2.0,RN 1057 (ROUTE DE GRAY-CH.EPITAPHE),47.26532,6.00499,17:20:00,2024-11-26
202400008015,19:50,Plein jour,50,50129,2,1,1,2.0,ROUGES TERRES (LES),49.6089,-1.59988,19:50:00,2024-04-24
202400008016,16:45,Plein jour,03,03043,1,1,1,1.0,Route du Pain Benit,46.230812,3.283796,16:45:00,2024-09-14
202400008017,17:20,Crépuscule,17,17306,2,1,1,6.0,HEDDE (AVENUE DANIEL),45.63498,-1.029,17:20:00,2024-11-26
202400008018,11:35,Plein jour,43,43157,2,9,1,3.0,7 Avenue Marechal Foch,45.04072,3.88833,11:35:00,2024-04-25
202400008019,15:20,Plein jour,01,01391,1,1,1,7.0,Route Principale,46.365558,5.372282,15:20:00,2024-09-15
202400008020,09:35,Plein jour,41,41269,2,1,1,6.0,FATON (RUE DU DOCTEUR),47.79459,1.0725,09:35:00,2024-04-25
202400008021,18:30,,14,14118,2,1,1,2.0,Avenue de la Côte de Nacre,49.20799,-0.36202,18:30:00,2024-11-26
202400008022,13:50,Plein jour,37,37208,2,3,2,2.0,BEAUGAILLARD (AVENUE),47.36185,0.72034,13:50:00,2024-04-25
202400008023,12:00,Plein jour,58,58223,1,1,1,7.0,Conseuille,47.015697,3.507171,12:00:00,2024-09-15
202400008024,20:15,,14,14118,2,3,2,2.0,Avenue de la Côte de Nacre,49.2057,-0.36164,20:15:00,2024-11-25
202400008025,16:55,Plein jour,06,06016,1,1,1,6.0,1160 Route des Launes,44.094374,6.97377,16:55:00,2024-09-14
202400008026,08:00,Plein jour,37,37122,1,1,1,2.0,RD 37,47.33652,0.6699,08:00:00,2024-04-25
202400008027,17:30,Plein jour,05,05139,1,1,1,6.0,Lieu dit les baraques ,44.710588,5.891397,17:30:00,2024-09-14
202400008028,11:00,Plein jour,35,35278,2,1,1,3.0,CHESNAIS BEAUREGARD (RUE DU),48.13741763,-1.68747559,11:00:00,2024-04-25
202400008029,18:35,Plein jour,09,09235,1,1,8,6.0,D117e,43.034656,0.996899,18:35:00,2024-09-14
202400008030,08:15,Plein jour,14,14383,1,1,2,4.0,D405,49.15936,-0.40849,08:15:00,2024-11-25
202400008031,14:00,Plein jour,34,34172,2,2,1,3.0,MULLER (RUE MARIE),43.604526,3.887694,14:00:00,2024-04-25
202400008032,14:00,Plein jour,45,45130,2,3,1,3.0,D951 PR 110 + 245,47.794386,1.722021,14:00:00,2024-09-14
202400008033,22:50,,34,34003,2,1,1,3.0,MALET (P2 A Q2,43.288,3.443,22:50:00,2024-04-24
202400008034,17:15,Crépuscule,13,13117,2,1,1,3.0,CASILE ( BOULEVARD ALFRED),43.44528,5.24478,17:15:00,2024-11-26
202400008035,15:40,Plein jour,33,33063,2,2,1,6.0,Unknown,44.8323,-0.56702,15:40:00,2024-04-25
202400008036,07:00,Plein jour,10,10063,1,1,5,1.0,D396,48.375594,4.536088,07:00:00,2024-09-15
202400008037,19:20,Plein jour,33,33063,2,1,2,6.0,Unknown,44.83728,-0.57376,19:20:00,2024-04-24
202400008038,09:45,Plein jour,13,13117,2,1,1,1.0,ZI ESTROUBLANS RN 113,43.44076,5.24688,09:45:00,2024-11-26
202400008039,10:54,Plein jour,07,07092,1,1,1,7.0,D7,44.699654,4.565978,10:54:00,2024-09-15
202400008040,15:25,Plein jour,31,31555,1,1,1,4.0,29 PURPAN  (PERIPH OUEST A620),43.603301,1.400573,15:25:00,2024-04-25
202400008041,23:40,,13,13208,2,1,1,3.0,PRADO (AVENUE DU),43.2638,5.3778,23:40:00,2024-11-26
202400008042,14:30,Plein jour,21,21647,1,3,1,3.0,D973,46.979067,5.151365,14:30:00,2024-09-14
202400008043,08:40,Plein jour,31,31555,1,1,1,3.0,ECHANGEUR L'UNION  (A61/A62),43.6346725,1.47779118,08:40:00,2024-04-25
202400008044,15:23,Plein jour,13,13204,2,1,1,2.0,ALEX. FLEMING (BOULEVARD),43.31597,5.401,15:23:00,2024-11-26
202400008045,01:27,,31,31555,1,1,2,6.0,16 SOUPETARD (PERIPH EST A61),43.60424,1.48573,01:27:00,2024-04-25
202400008046,16:00,Plein jour,04,04121,1,1,1,1.0,D17,44.009681,6.198499,16:00:00,2024-09-15
202400008047,04:40,,13,13204,2,1,1,3.0,FRANÇOISE DUPARC (BOULEVARD),43.30646,5.4009,04:40:00,2024-11-17
202400008048,18:30,Plein jour,30,30189,1,1,1,7.0,Route d'Avignon,43.8581,4.4176,18:30:00,2024-04-21
202400008049,11:00,Plein jour,85,85162,1,1,1,7.0,RD148,46.3918,-0.6392,11:00:00,2024-09-15
202400008050,16:45,Plein jour,30,30243,2,1,1,2.0,MOULIN (AVENUE J.),44.0611,4.09016,16:45:00,2024-04-24
202400008051,16:35,Plein jour,13,13028,2,1,1,2.0,CD 559 (CHEMIN DEPARTEMENTAL°,43.18623231,5.65857706,16:35:00,2024-11-25
202400008052,09:25,Plein jour,13,13005,2,2,1,7.0,SALENGRO (AVENUE ROGER),43.29563,5.56837,09:25:00,2024-11-26
202400008053,00:10,,28,28085,2,2,1,3.0,PERRIN (AVENUE JEAN),48.44765,1.52622,00:10:00,2024-04-25
202400008054,20:25,Nuit sans éclairage,67,67152,1,6,1,6.0,M400,48.522428,7.666349,20:25:00,2024-09-10
202400008055,08:00,Plein jour,13,13005,2,1,8,3.0,GOUMS (AVENUE DES),43.29193629,5.56157875,08:00:00,2024-11-26
202400008056,17:20,Plein jour,27,27375,2,1,1,6.0,ANCIENS COMBATTANTS AFN (RUE DES),49.21615,1.17418,17:20:00,2024-04-24
202400008057,16:45,Plein jour,11,11069,2,1,1,6.0,Boulevard Jules Guesde,43.20818,2.32863,16:45:00,2024-11-24
202400008058,17:40,Plein jour,27,27229,2,1,1,6.0,ROCHETTE (RUE DE LA),49.02656,1.13941,17:40:00,2024-04-25
202400008059,08:25,Plein jour,07,07070,2,8,7,3.0,GRAYS (RUE DES),44.96132,4.85079,08:25:00,2024-11-26
202400008060,18:45,Plein jour,25,25462,2,3,1,3.0,BAUMONT,46.89937,6.35025,18:45:00,2024-04-24
202400008061,17:55,,04,04112,2,1,1,2.0,DEPARTEMENTALE 4096,43.813,5.784,17:55:00,2024-11-26
202400008062,17:15,Plein jour,25,25462,2,2,1,3.0,LIBERATION DE LA (DU 0 AU 18),46.917263,6.343205,17:15:00,2024-04-24
202400008063,20:00,,04,04070,2,1,1,1.0,POMPIDOU (AV.G.),44.0866,6.21558,20:00:00,2024-11-26
202400008064,14:30,Plein jour,01,01289,1,1,1,1.0,DOMBES (AVENUE DE LA),46.16991,5.1908,14:30:00,2024-11-26
202400008065,13:35,Plein jour,25,25056,2,3,1,3.0,MORRE ROUTE DE,47.2274,6.03887,13:35:00,2024-04-25
202400008066,17:15,Plein jour,25,25056,2,1,2,6.0,avenue de la paix,47.246207,6.022023,17:15:00,2024-04-24
202400008067,16:30,Plein jour,75,75120,2,7,1,2.0,AVENUE DE LA PORTE DE VINCENNES,48.847022,2.41147,16:30:00,2024-11-26
202400008068,19:34,Plein jour,22,22278,2,1,1,6.0,SAINTE-BARBE,48.512,-2.762,19:34:00,2024-04-24