Num_Acc,hrmn,lum,dep,com,agg,int,atm,col,adr,lat,long,heure,date
202400008069,08:53,Plein jour,75,75119,2,3,1,6.0,RUE DU MAROC,48.887327,2.367062,08:53:00,2024-11-26
202400008070,16:20,Plein jour,22,22113,2,1,1,4.0,PLACENN AR GUER (RUE DE),48.73621,-3.4378,16:20:00,2024-04-24
202400008071,04:20,Nuit sans éclairage,18,18248,1,1,3,7.0,Unknown,46.942396,2.417572,04:20:00,2024-09-05
202400008072,19:20,,75,75117,2,3,1,3.0,RUE CLAUDE POUILLET,48.883309,2.315688,19:20:00,2024-11-26
202400008073,13:30,Plein jour,36,36122,1,1,1,7.0,Unknown,47.09127299,1.85390432,13:30:00,2024-09-14
202400008074,15:50,Plein jour,19,19031,2,2,1,3.0,TURGOT (AVENUE),45.16557563,1.52894497,15:50:00,2024-04-24
202400008075,12:40,Plein jour,75,75116,2,1,1,6.0,RUE DE LA POMPE,48.86314,2.276514,12:40:00,2024-11-26
202400008076,16:30,Crépuscule,75,75113,2,1,1,6.0,BOULEVARD AUGUSTE BLANQUI,48.83126,2.342476,16:30:00,2024-11-26
202400008077,20:23,,75,75112,2,3,1,3.0,BOULEVARD DE BERCY,48.839886,2.382325,20:23:00,2024-11-25
202400008078,09:55,Plein jour,19,19031,2,2,1,1.0,TURGOT (AVENUE),45.16538339,1.52056109,09:55:00,2024-04-24
202400008079,15:24,Plein jour,77,77238,1,2,1,3.0,D402,48.868752,3.091772,15:24:00,2024-09-15
202400008080,10:25,Plein jour,75,75112,2,1,3,7.0,AVENUE DU DOCTEUR ARNOLD NETTER,48.842611,2.40522,10:25:00,2024-11-25
202400008081,04:35,Nuit sans éclairage,13,13103,2,6,1,6.0,RUE DU BACHAGA BOUALEM,43.63361,5.07661,04:35:00,2024-04-25
202400008082,14:03,Plein jour,75,75110,2,1,1,3.0,RUE DU FAUBOURG SAINT MARTIN,48.879859,2.3636,14:03:00,2024-11-26
202400008083,10:22,Plein jour,13,13026,1,9,1,6.0,RN 568,43.39275,5.18238,10:22:00,2024-04-04
202400008084,08:30,Plein jour,75,75109,2,2,1,3.0,RUE DE LA VICTOIRE,48.875152,2.337136,08:30:00,2024-11-26
202400008085,19:00,Plein jour,13,13209,2,6,1,3.0,LANCIER (CHEMIN DU),43.24575,5.395,19:00:00,2024-04-25
202400008086,18:59,,75,75108,2,2,1,2.0,AVENUE GEORGE V,48.870967,2.300903,18:59:00,2024-11-26
202400008087,19:35,Plein jour,30,30206,1,1,1,4.0,Route d'Uzes,43.911986,4.405658,19:35:00,2024-09-14
202400008088,17:30,Plein jour,13,13203,2,1,1,2.0,STRASBOURG (BOULEVARD),43.30783602,5.37632383,17:30:00,2024-04-25
202400008089,10:15,Plein jour,83,83053,1,1,1,7.0,"RD 462, PK 2",43.175561,5.844281,10:15:00,2024-09-15
202400008090,08:40,Plein jour,75,75107,2,3,8,3.0,QUAI BRANLY,48.857474,2.291053,08:40:00,2024-11-26
202400008091,12:30,Plein jour,13,13212,2,1,1,6.0,FAIENCIERS (TRAVERSE DES),43.29488,5.43366,12:30:00,2024-04-24
202400008092,17:00,,75,75103,2,1,2,7.0,PLACE DE LA REPUBLIQUE,48.866779,2.364051,17:00:00,2024-11-25
202400008093,09:25,Plein jour,13,13214,2,1,1,3.0,AYGALADES (AVENUE DES),43.34125559,5.3652491,09:25:00,2024-04-25
202400008094,12:45,Plein jour,13,13042,1,3,1,2.0,D8n,43.271761,5.644172,12:45:00,2024-09-15
202400008095,12:35,Plein jour,94,94041,2,1,1,3.0,Avenue de la République,48.80229,2.39755,12:35:00,2024-11-26
202400008096,07:52,Plein jour,13,13208,2,1,1,2.0,MENDES FRANCE (AVENUE),43.26148,5.37493,07:52:00,2024-04-24
202400008097,17:10,Crépuscule,94,94052,2,2,1,3.0,Boulevard de Strasbourg,48.84128522,2.48281708,17:10:00,2024-11-26
202400008098,17:45,Plein jour,25,25032,1,3,1,2.0,D50,47.380735,6.377703,17:45:00,2024-09-15
202400008099,09:45,Plein jour,94,94076,2,9,2,3.0,Boulevard Maxime Gorki,48.78678,2.367384,09:45:00,2024-11-26
202400008100,11:45,Plein jour,68,68111,1,1,1,3.0,Route de Hattstatt,48.004388,7.282847,11:45:00,2024-09-15
202400008101,10:20,Plein jour,13,13005,1,3,1,3.0,BAUME (CHEMIN DE LA),43.32351,5.58997,10:20:00,2024-04-25
202400008102,19:49,,94,94073,1,1,1,2.0,N186B,48.75384031,2.37234253,19:49:00,2024-11-26
202400008103,09:25,Plein jour,11,11069,2,1,1,6.0,Unknown,43.21655,2.34849,09:25:00,2024-04-25
202400008104,19:00,Plein jour,55,55122,2,1,1,7.0,Rue de Saint-mihiel,48.766201,5.582131,19:00:00,2024-09-15
202400008105,11:45,Plein jour,03,03191,1,1,1,6.0,Le Priolet,46.417378,2.913163,11:45:00,2024-09-15
202400008106,05:20,,94,94065,1,1,2,3.0,Rue de Concarneau,48.755139,2.354012,05:20:00,2024-11-26
202400008107,13:00,Plein jour,05,05023,2,4,1,3.0,SAVOIE (AVENUE DE),44.90935,6.62639,13:00:00,2024-04-20
202400008108,18:15,,94,94033,2,1,1,6.0,Boulevard Galliéni,48.84826,2.47814,18:15:00,2024-11-26
202400008109,17:30,Plein jour,17,17089,1,1,1,3.0,D131,45.759844,-0.556397,17:30:00,2024-09-14
202400008110,10:15,Plein jour,75,75118,2,1,1,4.0,BD PERIPHERIQUE EXTERIEUR,48.900967,2.339902,10:15:00,2024-04-25
202400008111,09:25,Plein jour,75,75119,2,1,1,2.0,BD PERIPHERIQUE EXTERIEUR,48.900581,2.386129,09:25:00,2024-04-25
202400008112,19:30,,94,94022,2,3,8,1.0,Boulevard de Stalingrad,48.77288,2.40006,19:30:00,2024-11-26
202400008113,16:45,Plein jour,33,33051,2,6,1,4.0,Unknown,44.644132,-0.978416,16:45:00,2024-09-14
202400008114,07:20,,94,94017,2,3,2,6.0,Rue Marcel Paul,48.81263,2.52734,07:20:00,2024-11-26
202400008115,08:50,Plein jour,75,75120,2,1,1,5.0,BD PERIPHERIQUE INTERIEUR,48.851873,2.414958,08:50:00,2024-04-25
202400008116,13:00,Plein jour,22,22012,1,1,1,6.0,Le Tertre Even,48.589574,-2.4414,13:00:00,2024-09-10
202400008117,21:55,,75,75113,2,1,1,6.0,BD PERIPHERIQUE EXTERIEUR,48.81612,2.359911,21:55:00,2024-04-24
202400008118,09:45,Plein jour,94,94004,2,3,8,6.0,Rue de Paris,48.751194,2.510237,09:45:00,2024-11-26
202400008119,06:30,Nuit sans éclairage,35,35221,1,5,1,6.0,La Richardiere,47.863144,-1.747674,06:30:00,2024-09-15
202400008120,19:58,,94,94071,2,1,2,6.0,Rue de la Cité Verte,48.77468,2.52531,19:58:00,2024-11-25
202400008121,10:00,Plein jour,75,75106,2,7,1,3.0,BOULEVARD SAINT MICHEL,48.847496,2.340778,10:00:00,2024-04-25
202400008122,15:40,Plein jour,76,76055,1,1,1,2.0,D131,49.639966,0.73455,15:40:00,2024-09-14
202400008123,12:50,Plein jour,93,93072,2,1,1,6.0,FRANCOIS BEGUE (AVENUE),48.95204819,2.38423233,12:50:00,2024-11-26
202400008124,21:30,,13,13214,1,1,1,6.0,A507 sens Marseille - Aubagne,43.329957,5.40314938,21:30:00,2024-09-13
202400008125,17:30,Plein jour,75,75106,2,3,1,6.0,RUE DE L ABBE GREGOIRE,48.84808288,2.32496095,17:30:00,2024-04-24
202400008126,22:40,,93,93070,2,2,2,2.0,MICHELET (AVE) : DU 1 AU 103,48.90734952,2.34413266,22:40:00,2024-11-25
202400008127,09:20,Plein jour,75,75119,2,4,1,6.0,RUE DE CAMBRAI,48.89588,2.381573,09:20:00,2024-04-25
202400008128,10:00,Plein jour,94,94043,1,1,1,4.0,A6B,48.81528168,2.35618039,10:00:00,2024-09-14
202400008129,22:45,,93,93053,2,1,2,3.0,PARIS (RUE DE),48.9018817,2.46019936,22:45:00,2024-11-26
202400008130,17:00,Plein jour,13,13077,1,1,1,2.0,D 50,43.42438,5.00489,17:00:00,2024-03-15
202400008131,10:30,Plein jour,78,78640,1,1,1,2.0,A86 EXT,48.778727,2.204274,10:30:00,2024-09-14
202400008132,18:30,Plein jour,75,75118,2,3,1,3.0,BOULEVARD ORNANO,48.894734,2.346929,18:30:00,2024-04-25
202400008133,09:05,Plein jour,75,75116,2,1,1,6.0,AVENUE DE L HIPPODROME,48.863231,2.237529,09:05:00,2024-04-25
202400008134,18:35,,93,93032,2,1,1,1.0,JEAN JAURES (AVENUE),48.88323348,2.52805352,18:35:00,2024-11-12
202400008135,18:25,Plein jour,78,78321,1,1,1,2.0,RN12 INT,48.79655,1.907749,18:25:00,2024-09-13
202400008136,16:00,Plein jour,32,32036,1,3,1,3.0,D3,43.581102,0.089318,16:00:00,2024-03-23
202400008137,22:11,,93,93031,2,1,1,6.0,DIX HUIT JUIN 1940 (AVENUE DU),48.95428,2.30795,22:11:00,2024-11-26
202400008138,14:37,Plein jour,75,75115,2,1,1,3.0,BOULEVARD DE VAUGIRARD,48.841578,2.319017,14:37:00,2024-04-25
202400008139,20:00,Nuit sans éclairage,93,93053,1,1,1,2.0,AUTOROUTE A3,48.89707199,2.46965129,20:00:00,2024-09-14
202400008140,16:15,Plein jour,93,93031,2,1,1,6.0,PARIS (RUE DE),48.95280786,2.3136072,16:15:00,2024-11-26
202400008141,10:40,Plein jour,974,97416,1,1,7,2.0,RN1,-21.3065,55.43008,10:40:00,2024-08-08
202400008142,12:41,Plein jour,75,75114,2,3,1,3.0,BOULEVARD DU MONTPARNASSE,48.84133,2.33107,12:41:00,2024-04-24
202400008143,16:30,Plein jour,92,92078,1,1,1,4.0,AUTOROUTE A86,48.92946154,2.32797319,16:30:00,2024-09-14
202400008144,16:50,Crépuscule,93,93027,2,1,2,3.0,FRANCE (RUE ANATOLE),48.92196,2.40287,16:50:00,2024-11-25
202400008145,08:50,Plein jour,974,97416,1,1,1,3.0,RN2 (2),-21.3595,55.53611,08:50:00,2024-08-07
202400008146,10:45,Plein jour,75,75114,2,3,1,7.0,AVENUE DU MAINE,48.83159,2.32552,10:45:00,2024-04-25
202400008147,14:04,Plein jour,93,93001,2,1,1,6.0,VICTOR HUGO (AVE)  N° 167 =>,48.91190754,2.37959419,14:04:00,2024-11-26
202400008148,01:00,Nuit sans éclairage,93,93039,1,1,1,2.0,AUTOROUTE A86,48.92667897,2.33583977,01:00:00,2024-09-14
202400008149,09:18,Plein jour,974,97411,2,1,1,3.0,SCHOELCHER (RUE VICTOR),-20.89594,55.49908,09:18:00,2024-08-08
202400008150,10:30,Plein jour,75,75113,2,3,1,6.0,RUE DE TOLBIAC,48.826782,2.365057,10:30:00,2024-04-25
202400008151,15:05,Plein jour,75,75112,2,1,1,6.0,AVENUE DES TERROIRS DE FRANCE,48.831601,2.388054,15:05:00,2024-04-25
202400008152,21:10,,92,92078,2,2,1,4.0,VERDUN (AVENUE) (PAIRS 92 ET PLUS),48.93489,2.32498,21:10:00,2024-11-16
202400008153,07:12,Crépuscule,95,95678,1,1,1,2.0,N184,49.07320761,2.232809,07:12:00,2024-09-13
202400008154,11:25,Plein jour,974,97407,2,1,1,3.0,MASCAREIGNES(BOULEVARD),-20.94081,55.30744,11:25:00,2024-08-08
202400008155,18:50,,92,92075,2,1,1,3.0,JEAN BLEUZEN (RUE),48.82361136,2.29700491,18:50:00,2024-11-26
202400008156,12:00,Plein jour,75,75112,2,1,1,2.0,BOULEVARD PONIATOWSKI,48.830213,2.393094,12:00:00,2024-04-25
202400008157,23:00,Nuit sans éclairage,94,94079,1,1,1,2.0,A4,48.83511153,2.53838213,23:00:00,2024-09-14
202400008158,16:15,Plein jour,974,97407,2,1,1,2.0,RUE VERLAINE,-20.93454,55.31878,16:15:00,2024-08-07
202400008159,08:30,Plein jour,75,75109,2,3,1,6.0,RUE HALEVY,48.87219417,2.33285737,08:30:00,2024-04-25
202400008160,12:30,Plein jour,92,92063,2,3,1,2.0,REGNAULT (RUE HENRI),48.85912316,2.18472853,12:30:00,2024-11-26
202400008161,19:40,Plein jour,94,94018,1,1,1,5.0,A4,48.82253799,2.39690691,19:40:00,2024-09-14
202400008162,18:40,,92,92051,2,1,1,7.0,GENERAL GOURAUD (PLACE),48.88628801,2.2615613,18:40:00,2024-11-26
202400008163,10:59,Plein jour,973,97302,2,2,1,3.0,SAINT ANTOINE (CHEMIN),4.93214841,-52.2971929,10:59:00,2024-08-07
202400008164,08:00,Plein jour,94,94068,2,3,1,3.0,Avenue Raspail / Rue Bayon,48.78604059,2.48883111,08:00:00,2024-04-25
202400008165,14:00,Plein jour,92,92050,2,1,1,2.0,LENINE VLADIMIR ILITCH AVENUE,48.888,2.19568,14:00:00,2024-11-25
202400008166,01:40,Nuit sans éclairage,77,77249,1,1,2,7.0,RN104,48.73993577,2.61273317,01:40:00,2024-09-14
202400008167,15:40,Plein jour,973,97302,2,1,1,3.0,MADELEINE (ROUTE DE LA),4.91802,-52.32155,15:40:00,2024-08-08
202400008168,20:00,Crépuscule,94,94073,2,3,1,3.0,Rue du Bas Marin / Rue des Alouettes,48.754133,2.386385,20:00:00,2024-04-25
202400008169,09:00,Plein jour,92,92020,2,4,1,3.0,VANVES BOULEVARD DE N° PAIRS,48.81029021,2.2822047,09:00:00,2024-11-26
202400008170,23:35,,77,77083,1,1,1,2.0,A4.W,48.834092,2.589246,23:35:00,2024-09-13
202400008171,09:35,Plein jour,94,94073,1,3,1,3.0,Rue du Bas Marin / Rue des Alouettes,48.7545,2.3861,09:35:00,2024-04-25
202400008172,13:10,Plein jour,973,97302,2,1,1,7.0,TIGRE (ROUTE DU),4.91757089,-52.31306791,13:10:00,2024-08-06
202400008173,16:30,Plein jour,92,92048,2,4,1,3.0,COLONEL MORAINE (ROUTE DU),48.79622741,2.21782207,16:30:00,2024-11-25
202400008174,23:20,Nuit sans éclairage,77,77122,1,1,1,6.0,RN104,48.652723,2.614184,23:20:00,2024-09-13
202400008175,12:33,Plein jour,973,97302,2,1,1,3.0,SOURCE DE BADUEL (CHEMIN DE LA),4.92925228,-52.30871111,12:33:00,2024-08-06
202400008176,09:15,Plein jour,93,93073,2,6,1,6.0,Avenue Henri Barbusse / Avenue Salvador Allende,48.96101,2.57088,09:15:00,2024-04-25
202400008177,18:04,,92,92040,2,1,1,3.0,LASSERRE,48.8213664,2.27319762,18:04:00,2024-11-26
202400008178,07:41,Plein jour,987,98735,2,1,1,7.0,DUMONT D'URVILLE (RUE BLOC SOCREDO),-17.542814,-149.568054,07:41:00,2024-09-13
202400008179,09:30,Plein jour,93,93078,2,6,1,2.0,Avenue Georges Clémenceau / Boulevard Robert Ballanger,48.96205588,2.55487919,09:30:00,2024-04-24
202400008180,11:12,Plein jour,973,97302,2,1,1,1.0,VOLTAIRE(AVENUE),4.94222915,-52.32300586,11:12:00,2024-08-08
202400008181,12:00,Plein jour,92,92012,2,2,1,6.0,YVES KERMEN (RUE) 51/FIN - 40/FIN,48.82846518,2.23869771,12:00:00,2024-11-26
202400008182,07:15,Plein jour,976,97611,2,1,1,1.0,m'tsapere-Foundi Ousseni ( rue ),-12.79103,45.22253,07:15:00,2024-09-13
202400008183,17:50,Plein jour,93,93066,2,1,1,6.0,Rue Robert Desnos,48.93992,2.36964,17:50:00,2024-04-25
202400008184,16:20,Plein jour,80,80016,2,3,7,3.0,Avenue du Général Leclerc,50.000826,2.641104,16:20:00,2024-11-26
202400008185,11:40,Plein jour,69,69387,2,3,1,3.0,Rue Montesquieu,45.75285,4.84224,11:40:00,2024-08-08
202400008186,21:20,,974,97416,2,3,1,3.0,DONAT(RUE LUC),-21.3371,55.45905,21:20:00,2024-09-13
202400008187,08:39,Plein jour,93,93066,2,3,1,3.0,Boulevard Ornano / Rue de Tunis,48.915698,2.344196,08:39:00,2024-04-25
202400008188,07:15,Crépuscule,54,54345,1,2,1,5.0,D112,48.59846191,6.25985742,07:15:00,2024-11-27
202400008189,11:25,Plein jour,69,69383,2,4,1,1.0,Cours Gambetta,45.75191,4.85288,11:25:00,2024-08-08
202400008190,17:45,Plein jour,93,93053,2,1,1,3.0,Avenue de Gagny,48.886563,2.473079,17:45:00,2024-04-25
202400008191,13:15,Plein jour,974,97411,2,3,1,3.0,PROVIDENCE (BOULEVARD DE LA),-20.89271,55.45556,13:15:00,2024-09-13
202400008192,09:30,Plein jour,68,68112,2,2,1,6.0,Rue Jean-baptiste Weckerlin,47.912926,7.204789,09:30:00,2024-11-27
202400008193,18:13,Plein jour,87,87085,2,3,1,7.0,GAY-LUSSAC (COURS),45.83685022,1.26617789,18:13:00,2024-08-07
202400008194,19:45,Nuit sans éclairage,973,97302,2,1,1,7.0,CABASSOU (ROUTE DE),4.91927,-52.3175,19:45:00,2024-09-13
202400008195,07:45,Plein jour,93,93050,2,2,1,3.0,Rue Gaston Navailles / Rue Paul et Camille Thomoux,48.868831,2.528782,07:45:00,2024-04-25
202400008196,11:18,Plein jour,87,87085,2,3,1,7.0,BRIAND (RUE ARISTIDE),45.83984,1.2707,11:18:00,2024-08-07
202400008197,09:00,Plein jour,33,33138,1,3,7,1.0,Unknown,45.037035,-0.11939,09:00:00,2024-11-13
202400008198,17:30,Plein jour,973,97302,2,2,1,3.0,CABASSOU (ROUTE DE),4.91927,-52.31755,17:30:00,2024-09-12
202400008199,12:43,Plein jour,87,87085,1,1,1,6.0,AUTOROUTE A20,45.84647053,1.27693499,12:43:00,2024-08-05
202400008200,09:45,Plein jour,93,93048,2,2,1,3.0,Avenue Gabriel Péri / Avenue du Président Wilson,48.85738583,2.44006991,09:45:00,2024-04-25
202400008201,17:30,Nuit sans éclairage,10,10003,1,2,1,3.0,D660,48.251655,3.719336,17:30:00,2024-11-26
202400008202,17:47,Plein jour,973,97302,2,1,1,6.0,FLAMBOYANTS (RUE DES),4.92321217,-52.32064238,17:47:00,2024-09-12
202400008203,14:15,Plein jour,86,86066,1,1,1,1.0,Route de la Roche Posay,46.82352,0.59763,14:15:00,2024-08-07
202400008204,18:00,Plein jour,93,93010,2,2,1,1.0,Avenue Galliéni / Chemin du Pont,48.90714,2.48879,18:00:00,2024-04-25
202400008205,14:20,Plein jour,10,10352,1,1,2,1.0,RD677,48.35407218,4.10362959,14:20:00,2024-11-27
202400008206,19:00,Plein jour,69,69388,2,1,1,6.0,Boulevard des Etats-Unis,45.73678,4.86246,19:00:00,2024-09-13
202400008207,15:00,Plein jour,92,92026,2,1,1,3.0,EUROPE ( AVENUE DE L' ),48.90590716,2.25766075,15:00:00,2024-04-25
202400008208,15:00,Plein jour,84,84007,2,6,1,2.0,MORIERES (Route de ),43.95016,4.86077,15:00:00,2024-08-08
202400008209,16:40,Plein jour,69,69386,2,1,1,3.0,Cours Lafayette,45.7637163,4.86162891,16:40:00,2024-09-13
202400008210,18:05,,01,01419,2,1,1,5.0,67 Avenue du Mont Blanc,46.236099,6.008969,18:05:00,2024-11-26
202400008211,17:50,Plein jour,92,92023,2,3,2,3.0,PORTE DE TRIVAUX (RUE DE LA) N°1 A 55 ET,48.79164,2.26338,17:50:00,2024-04-02
202400008212,11:30,Plein jour,30,30011,2,3,1,3.0,DE GAULLE AVENUE CHARLES,43.96095,4.75323,11:30:00,2024-08-08
202400008213,17:50,,60,60176,2,6,2,6.0,Avenue de Levallois Perret,49.225207,2.879636,17:50:00,2024-11-27
202400008214,16:10,Plein jour,69,69387,2,3,1,6.0,Boulevard des Tchécoslovaques,45.74085,4.85621,16:10:00,2024-09-13
202400008215,09:15,Plein jour,92,92004,2,1,1,3.0,HENRI BERGSON,48.9173922,2.3097893,09:15:00,2024-04-25
202400008216,05:20,Crépuscule,83,83126,2,2,1,6.0,QUATRE SEPTEMBRE (BD DU),43.10291512,5.87405361,05:20:00,2024-08-05
202400008217,12:47,Plein jour,92,92004,2,2,1,3.0,DOCTEUR DERVAUX  ( QUAI DU ),48.9112,2.29852,12:47:00,2024-04-23
202400008218,13:50,Plein jour,30,30356,1,6,1,2.0,Unknown,43.83153,4.44033,13:50:00,2024-11-27
202400008219,08:45,Plein jour,69,69383,2,3,1,1.0,Avenue Félix Faure,45.75463,4.86745,08:45:00,2024-09-13
202400008220,07:45,Crépuscule,95,95205,1,1,1,3.0,D316,49.02523949,2.38699929,07:45:00,2024-04-23
202400008221,11:05,Plein jour,82,82033,2,1,1,6.0,Promenade du Château,44.03822,1.10569,11:05:00,2024-08-08
202400008222,17:50,Plein jour,972,97213,1,1,2,6.0,ROUTE DEPARTEMENTALE 3,14.63868,-60.99175,17:50:00,2024-09-13
202400008223,16:25,Plein jour,19,19150,1,1,1,1.0,D38,45.075987,1.602277,16:25:00,2024-11-26
202400008224,06:17,Plein jour,80,80021,2,1,1,6.0,Rue Haleine Ridoux,49.88478,2.33475,06:17:00,2024-08-07
202400008225,15:20,Plein jour,17,17407,2,2,1,3.0,1 Grande Rue,46.171508,-1.00386,15:20:00,2024-04-25
202400008226,11:00,Plein jour,56,56234,2,6,3,7.0,Avenue de Bretagne,47.523222,-3.133689,11:00:00,2024-11-27
202400008227,13:44,Plein jour,80,80021,2,1,1,3.0,JULES FERRY (CHAUSSEE),49.88354,2.32522,13:44:00,2024-08-07
202400008228,22:40,,972,97213,1,1,1,2.0,ROUTE NATIONALE 5,14.59274,-60.983784,22:40:00,2024-09-12
202400008229,09:20,Plein jour,11,11148,1,1,1,6.0,Unknown,43.171158,2.69931,09:20:00,2024-04-25
202400008230,13:40,Plein jour,2B,2B123,1,1,1,1.0,Strada di Cotticione,42.032827,9.382678,13:40:00,2024-11-27
202400008231,00:40,,69,69381,2,1,1,2.0,42 Quai Saint Vincent,45.76842,4.82686,00:40:00,2024-09-14
202400008232,08:05,Plein jour,974,97404,1,9,1,1.0,Rue Louis Fontaine,-21.254121,55.384557,08:05:00,2024-04-26
202400008233,17:50,Plein jour,78,78208,1,6,1,2.0,CD 912,48.789535,1.973824,17:50:00,2024-08-08
202400008234,15:45,Plein jour,33,33036,2,6,1,1.0,Unknown,44.43155898,-0.21647688,15:45:00,2024-11-27
202400008235,11:52,Plein jour,2B,2B033,2,1,8,3.0,SAMPIERO CORSO - AV,9.4446,42.6772,11:52:00,2024-09-13
202400008236,22:20,Nuit sans éclairage,35,35197,1,1,1,6.0,La Saudrais,48.231713,-1.62205,22:20:00,2024-04-25
202400008237,09:25,Plein jour,78,78423,2,2,1,3.0,GOUJON (RUE JEAN),48.76589,2.01832,09:25:00,2024-08-08
202400008238,14:22,Plein jour,63,63286,1,1,1,1.0,D2144,46.069963,2.993549,14:22:00,2024-11-27
202400008239,18:45,Plein jour,62,62524,1,1,1,6.0,D52,50.65003757,1.82066834,18:45:00,2024-04-25
202400008240,10:05,Plein jour,971,97101,2,1,1,3.0,DE MARIE GALANTE - RAIZET (RUE),16.25491,-61.53255,10:05:00,2024-09-13
202400008241,08:20,Plein jour,56,56158,1,6,1,7.0,Giratoire Kroashent-tro Kerluern,47.675488,-2.799604,08:20:00,2024-04-25
202400008242,15:16,Plein jour,77,77373,2,1,1,6.0,AV DU GENERAL DE GAULLE,48.80299,2.61381,15:16:00,2024-08-07
202400008243,19:15,,61,61287,2,1,1,6.0,2 Impasse Jean-baptiste Corot,48.815211,-0.570366,19:15:00,2024-11-25
202400008244,13:08,Plein jour,971,97113,1,3,1,3.0,RN4 - SECTION RIVIERA,16.21893,-61.50271,13:08:00,2024-09-11
202400008245,04:45,Nuit sans éclairage,2B,2B150,1,9,1,3.0,RT 30,42.599424,8.839552,04:45:00,2024-04-26
202400008246,06:38,Plein jour,77,77373,2,1,1,3.0,AV DE LA REPUBLIQUE,48.80625,2.61666,06:38:00,2024-08-08
202400008247,11:33,Plein jour,61,61474,1,1,1,1.0,Voie Communale,48.767546,0.198612,11:33:00,2024-11-26
202400008248,06:55,Plein jour,971,97101,2,1,1,6.0,BESSON,16.2394,-61.52094,06:55:00,2024-09-13
202400008249,17:30,Plein jour,77,77237,1,1,1,6.0,D10,48.81011,2.75672,17:30:00,2024-08-07
202400008250,07:55,Plein jour,61,61474,1,3,1,3.0,D926,48.760079,0.098085,07:55:00,2024-04-26
202400008251,18:50,Nuit avec éclairage,971,97101,1,1,1,6.0,BOULEVARD DES HEROS,16.24822,-61.52662,18:50:00,2024-09-12
202400008252,07:30,Nuit sans éclairage,49,49125,1,1,2,5.0,RD960,47.181706,-0.256081,07:30:00,2024-11-27
202400008253,17:25,Plein jour,12,12056,2,1,1,6.0,294 Avenue du Centre,44.277109,2.434384,17:25:00,2024-04-26
202400008254,18:00,Plein jour,76,76351,2,2,1,3.0,NARCISSE DEROUVOIS,49.50461,0.10825,18:00:00,2024-08-07
202400008255,22:00,Nuit sans éclairage,46,46307,1,1,1,6.0,D811,44.505152,1.049774,22:00:00,2024-04-23
202400008256,12:18,Plein jour,971,97101,1,3,1,3.0,ROUTE DE CHAZEAU,16.28262,-61.48573,12:18:00,2024-09-11
202400008257,07:15,Crépuscule,49,49018,1,1,5,3.0,Avenue de paris,47.551702,-0.104606,07:15:00,2024-11-26
202400008258,18:00,Plein jour,76,76351,2,3,1,3.0,BOIS AU COQ (AVENUE),49.51805,0.11771,18:00:00,2024-08-05
202400008259,18:19,Plein jour,95,95585,2,1,1,6.0,PAUL VALERY (AVENUE),48.97913,2.38156,18:19:00,2024-09-13
202400008260,17:30,Plein jour,41,41043,1,2,1,3.0,D976,47.283245,1.49453,17:30:00,2024-04-22
202400008261,17:30,,49,49218,2,2,2,3.0,Avenue du Petit Montrevault (St Pierre-Montlimart),47.266238,-1.025137,17:30:00,2024-11-25
202400008262,08:15,Plein jour,41,41063,2,1,1,6.0,7 Route de Saint-aignan,47.247729,1.43965,08:15:00,2024-04-25
202400008263,14:35,Plein jour,76,76026,2,1,1,1.0,CHAUSSEE (RUE DE LA),49.88063,1.13067,14:35:00,2024-08-08
202400008264,13:44,Plein jour,68,68062,1,1,1,4.0,D680,47.637085,7.217031,13:44:00,2024-04-25
202400008265,21:57,,91,91103,1,1,1,4.0,DEVI DU CD 19,48.60412,2.32046,21:57:00,2024-09-13
202400008266,21:45,,74,74118,1,1,1,6.0,DEPORTES (ROUTE DES ),46.18234,6.23013,21:45:00,2024-08-08
202400008267,02:00,Nuit avec éclairage,39,39286,2,3,5,6.0,4 Rue Gérard Millet,46.375552,5.765634,02:00:00,2024-04-25
202400008268,18:30,Plein jour,91,91377,2,9,1,6.0, PALAISEAU (ROUTE DE),48.72903,2.24496,18:30:00,2024-09-13
202400008269,13:45,Plein jour,68,68200,2,1,1,1.0,12 Rue du Moulin,47.620945,7.106394,13:45:00,2024-11-27
202400008270,00:01,Nuit sans éclairage,73,73065,1,3,1,7.0,D10 LANDIERS (AVENUE DES),45.58553,5.90803,00:01:00,2024-08-08
202400008271,19:10,Plein jour,39,39154,2,3,1,3.0,61 Grande Rue,46.574404,5.748666,19:10:00,2024-04-26
202400008272,23:37,,91,91201,2,3,8,3.0,BD HENRI BARBUSSE,48.69027,2.41118,23:37:00,2024-09-13
202400008273,17:46,Plein jour,72,72181,2,2,1,3.0,RUBILLARD AV N° PAIRS 2 A 116,48.012419,0.180451,17:46:00,2024-08-07
202400008274,14:55,Plein jour,84,84051,1,1,8,7.0,D900 - La mayette,43.858281,5.264254,14:55:00,2024-04-26
202400008275,07:40,Crépuscule,68,68338,1,1,1,4.0,D417,48.076201,7.288678,07:40:00,2024-11-27
202400008276,19:00,Crépuscule,03,03018,1,6,2,7.0,D2009,46.265282,3.289311,19:00:00,2024-04-25
202400008277,08:30,Plein jour,91,91027,2,2,1,3.0,AV FRANCOIS MITTERRAND,48.71613,2.37087,08:30:00,2024-09-13
202400008278,21:00,Nuit sans éclairage,44,44187,1,4,1,1.0,Hucheloup,47.1943321,-2.05140084,21:00:00,2024-11-25
202400008279,08:49,Plein jour,69,69029,2,2,1,5.0,Boulevard Pinel,45.72622,4.88703,08:49:00,2024-08-08