Num_Acc,hrmn,lum,dep,com,agg,int,atm,col,adr,lat,long,heure,date
202400008280,16:15,Plein jour,21,21250,1,1,1,5.0,Rd 996,47.747902,4.790377,16:15:00,2024-04-25
202400008281,16:30,Plein jour,31,31232,1,1,1,6.0,D17,43.7391971,1.262248,16:30:00,2024-11-27
202400008282,22:15,Nuit sans éclairage,86,86194,2,1,2,3.0,Avenue de la Libération,46.56997,0.323558,22:15:00,2024-09-12
202400008283,20:30,Crépuscule,67,67482,2,3,1,3.0,COLMAR (AVENUE DE),48.554529,7.745031,20:30:00,2024-08-08
202400008284,16:07,Plein jour,40,40127,1,1,1,4.0,Route départementale 934,43.798265,-0.290279,16:07:00,2024-04-26
202400008285,09:30,Plein jour,17,17158,2,6,1,7.0,D115,46.22857,-0.878692,09:30:00,2024-04-26
202400008286,05:50,Crépuscule,67,67482,2,1,8,6.0,KAMPMANN (RUE),48.53451,7.77135,05:50:00,2024-08-08
202400008287,13:30,Plein jour,86,86194,2,6,1,3.0,Rue de la Gibauderie,46.559745,0.37641,13:30:00,2024-09-12
202400008288,11:50,Plein jour,03,03254,1,2,1,3.0,D987,46.294813,3.27046,11:50:00,2024-11-26
202400008289,16:55,Crépuscule,15,15187,1,1,1,7.0,RD 721,45.032186,3.066301,16:55:00,2024-11-26
202400008290,10:30,Plein jour,83,83009,2,9,1,6.0,LIBERATION (AVENUE DE LA),43.13797271,5.76177961,10:30:00,2024-09-10
202400008291,04:15,,67,67267,2,3,1,3.0,MOLKENBRONN (RUE DU),48.56477,7.69769,04:15:00,2024-08-07
202400008292,11:25,Plein jour,30,30311,1,2,3,4.0,D8,43.950509,3.999855,11:25:00,2024-04-26
202400008293,01:17,Nuit sans éclairage,70,70312,1,1,5,6.0,route nationale 19,47.599486,6.723075,01:17:00,2024-11-27
202400008294,08:30,Plein jour,83,83034,2,1,6,3.0,CD559,43.10885547,6.04665667,08:30:00,2024-09-13
202400008295,17:18,Plein jour,64,64122,2,3,1,3.0,LAHOUZE (AVENUE),43.48039,-1.54549,17:18:00,2024-08-08
202400008296,22:30,,56,56178,1,1,1,2.0,Kerbertin,48.061826,-2.943392,22:30:00,2024-04-25
202400008297,22:00,Nuit sans éclairage,24,24567,1,1,5,2.0,Les teinchoux,45.358358,0.870752,22:00:00,2024-11-26
202400008298,14:30,Plein jour,77,77146,2,2,1,1.0,COURCERIN (BOULEVARD DE),48.82483412,2.63134696,14:30:00,2024-09-13
202400008299,15:40,Plein jour,53,53210,1,1,1,6.0,RD105 PR019.000,47.785105,-0.460439,15:40:00,2024-04-14
202400008300,12:55,Plein jour,64,64125,2,1,1,1.0,PARLEMENTIA (RUE),43.42986,-1.60194,12:55:00,2024-08-07
202400008301,14:00,Plein jour,24,24253,1,1,1,6.0,rue de la laiterie,45.45664028,0.46755236,14:00:00,2024-11-27
202400008302,12:20,Plein jour,77,77487,2,1,1,3.0,SAINT JUST (AVENUE),48.53416955,2.68443044,12:20:00,2024-09-12
202400008303,07:05,,85,85146,2,1,2,6.0,RD 763,46.97789,-1.31067,07:05:00,2024-11-27
202400008304,12:14,Plein jour,13,13051,1,3,8,3.0,Route Departementale 10,43.546903,5.165071,12:14:00,2024-04-26
202400008305,19:25,Plein jour,62,62525,2,1,1,3.0,Rue Pierre Corneille,50.73965,2.27368,19:25:00,2024-08-02
202400008306,15:05,Plein jour,06,06018,1,1,2,6.0,2000 Route des Lucioles,43.616532,7.068373,15:05:00,2024-04-26
202400008307,16:50,Plein jour,76,76351,2,3,1,6.0,FERDINAND DE LESSEPS,49.51465,0.1051,16:50:00,2024-09-12
202400008308,17:30,,27,27467,2,2,3,3.0,Rue du 8 Mai 1945,49.349185,0.530613,17:30:00,2024-11-18
202400008309,20:20,Plein jour,62,62498,2,3,1,6.0,Rue Emile Zola,50.43526102,2.83605132,20:20:00,2024-08-07
202400008310,17:15,Plein jour,72,72003,2,3,1,2.0,DELIBES LEO (RUE),47.97147,0.16166,17:15:00,2024-09-13
202400008311,17:10,Nuit sans éclairage,27,27488,1,2,8,3.0,D42,49.413265,1.313779,17:10:00,2024-11-15
202400008312,11:20,Plein jour,42,42166,1,3,1,1.0,Route Bleue,45.99325,4.106269,11:20:00,2024-04-26
202400008313,11:10,Plein jour,62,62193,2,2,1,3.0,Rue du 11 Novembre,50.9489311,1.84846562,11:10:00,2024-08-07
202400008314,09:30,Plein jour,72,72003,2,3,1,6.0,CHAPPE CLAUDE (RUE),47.96845,0.15432,09:30:00,2024-09-12
202400008315,11:50,Plein jour,62,62193,1,1,1,3.0,D304,50.934,1.838,11:50:00,2024-08-07
202400008316,17:30,Nuit sans éclairage,17,17241,2,4,1,1.0,Rue de la Vieille Tour,45.214447,-0.182562,17:30:00,2024-11-26
202400008317,00:31,Nuit sans éclairage,91,91666,1,3,1,3.0,Route de Montlhéry/Rue de Fretay,48.666225,2.208509,00:31:00,2024-04-26
202400008318,08:20,Plein jour,69,69282,2,1,1,6.0,Allée des Terrasses,45.77856,5.01865,08:20:00,2024-09-13
202400008319,15:15,Plein jour,62,62188,1,1,1,3.0,D916,50.54248676,2.4584498,15:15:00,2024-08-04
202400008320,12:45,Plein jour,51,51183,1,1,8,6.0,Autoroute A26,49.32323548,3.9829974,12:45:00,2024-04-26
202400008321,08:20,Crépuscule,37,37281,2,3,1,1.0,Rue de la Croix Buisée,47.41198413,0.80735385,08:20:00,2024-11-26
202400008322,11:45,Plein jour,69,69264,2,1,1,3.0,Boulevard Jean Jaures,45.98879,4.71503,11:45:00,2024-09-13
202400008323,03:44,Nuit sans éclairage,30,30004,1,1,2,2.0,A9,43.73238918,4.19218816,03:44:00,2024-04-26
202400008324,10:10,Plein jour,62,62041,2,6,1,3.0,Boulevard de la Liberté,50.2972,2.76955,10:10:00,2024-08-04
202400008325,11:30,Plein jour,69,69199,2,1,2,3.0,Avenue Jean Jaurès,45.71424539,4.85492706,11:30:00,2024-09-12
202400008326,21:15,,987,98738,2,3,1,1.0,PK 15,-17.638869,-149.609091,21:15:00,2024-11-25
202400008327,01:06,Nuit sans éclairage,30,30169,1,1,1,2.0,A9,43.78696607,4.29790461,01:06:00,2024-04-26
202400008328,12:45,Plein jour,73,73065,1,1,1,6.0,A41 voie d'insertion 13.14 direction ANNECY,45.60704166,5.88963479,12:45:00,2024-11-27
202400008329,07:37,Plein jour,66,66136,2,3,1,6.0,BIOT JEAN BAPTISTE,42.73515,2.89754,07:37:00,2024-09-13
202400008330,03:55,Nuit sans éclairage,972,97230,1,1,1,3.0,Route Rn 1,14.730435,-60.965281,03:55:00,2024-04-26
202400008331,06:45,Plein jour,59,59599,2,2,1,6.0,PAPIN (CHAUSSEE DENIS),50.730497,3.139982,06:45:00,2024-08-08
202400008332,19:40,Nuit sans éclairage,971,97116,1,1,1,2.0,N5,16.314682,-61.48417,19:40:00,2024-11-26
202400008333,16:20,Plein jour,972,97224,2,9,1,6.0,Passage piéton - RN4 - Rond point école édoudar marceau,14.672772,-61.033773,16:20:00,2024-04-25
202400008334,12:35,Plein jour,64,64483,1,1,1,3.0,route d'Ahetze,43.4047,-1.6025,12:35:00,2024-09-13
202400008335,10:10,Plein jour,57,57672,2,1,1,6.0,ALBERT 1ER (AVENUE) - IMPAIR,49.360807,6.170663,10:10:00,2024-08-06
202400008336,07:00,Crépuscule,33,33527,2,8,1,3.0,Unknown,44.634135,-1.028574,07:00:00,2024-04-23
202400008337,20:23,,64,64445,2,9,1,6.0,CONDORCET,43.31654,-0.36092,20:23:00,2024-09-13
202400008338,05:35,Nuit sans éclairage,77,77091,1,1,1,6.0,D1036,48.740342,2.85696,05:35:00,2024-11-27
202400008339,07:51,Plein jour,56,56260,2,1,1,3.0,Rue de Sainte-Anne,47.65959,-2.77375,07:51:00,2024-08-07
202400008340,01:00,Nuit avec éclairage,28,28039,2,1,1,6.0,31 Rue Emile Milochau,48.43258,1.704467,01:00:00,2024-04-26
202400008341,00:31,Nuit sans éclairage,56,56162,1,1,1,6.0,Keréven,47.7223,-3.45666,00:31:00,2024-08-08
202400008342,15:45,Plein jour,64,64445,2,2,1,3.0,BENGHOZI AUDREY,43.31917,-0.3675,15:45:00,2024-09-13
202400008343,06:15,Crépuscule,45,45028,2,3,1,3.0,D917 PR 0 + 336,47.780091,1.624295,06:15:00,2024-04-22
202400008344,11:35,Plein jour,34,34113,2,3,1,6.0,Avenue de Montpellier,43.501422,3.715278,11:35:00,2024-11-26
202400008345,08:35,Crépuscule,64,64284,2,9,1,6.0,18 JUIN 1940 DU,43.27935,-0.38927,08:35:00,2024-09-13
202400008346,20:35,Plein jour,56,56121,2,3,1,3.0,Rue Maurice Thorez,47.73999,-3.3933,20:35:00,2024-08-06
202400008347,15:50,Plein jour,45,45028,2,1,1,6.0,HOPITAL DE BEAUGENCY,47.78096,1.623627,15:50:00,2024-04-05
202400008348,13:00,Plein jour,13,13014,1,1,1,6.0,D21b,43.510433,5.129355,13:00:00,2024-04-25
202400008349,18:00,,34,34213,2,3,1,6.0,Place de la Mairie,43.487315,3.667288,18:00:00,2024-11-13
202400008350,17:53,Plein jour,56,56121,2,1,1,3.0,Rue Jude Blankaert,47.762407,-3.39352,17:53:00,2024-08-06
202400008351,08:15,Plein jour,63,63300,1,3,1,2.0,ROCADE RD 446,45.90169925,3.09239485,08:15:00,2024-09-12
202400008352,15:45,Plein jour,13,13086,1,1,8,1.0,Route de Saint Vincent,43.356842,5.609722,15:45:00,2024-04-26
202400008353,15:35,Plein jour,68,68154,2,1,1,1.0,Avenue des Rives de l'Ill,47.775171,7.356436,15:35:00,2024-11-26
202400008354,15:39,Plein jour,56,56098,1,1,1,2.0,le Mané,47.766047,-3.305152,15:39:00,2024-08-06
202400008355,18:40,Plein jour,88,88178,1,1,1,7.0,D460,48.175931,6.393421,18:40:00,2024-04-25
202400008356,21:10,,62,62548,1,6,1,7.0,D940,50.94858141,1.96786603,21:10:00,2024-09-13
202400008357,16:15,Plein jour,67,67550,1,1,1,2.0,D28,48.939301,7.733645,16:15:00,2024-10-28
202400008358,09:55,Plein jour,51,51172,2,7,1,3.0,LANGUEDOC (AVENUE),49.21957,4.04138,09:55:00,2024-08-07
202400008359,17:40,Plein jour,73,73303,1,1,1,6.0,D1212,45.752163,6.445155,17:40:00,2024-04-26
202400008360,12:55,Plein jour,59,59350,2,1,1,2.0,Rue Armand Carrel,50.61626,3.0743,12:55:00,2024-09-13
202400008361,14:40,Plein jour,51,51506,2,1,1,6.0,PATURES (RUE DES),48.94887,4.3857,14:40:00,2024-08-08
202400008362,06:50,Crépuscule,01,01376,2,6,5,3.0,Porte de la Dombes,45.820899,4.990081,06:50:00,2024-11-27
202400008363,02:35,,59,59378,2,1,1,6.0,PERI GABRIEL RUE,50.671,3.081,02:35:00,2024-09-13
202400008364,18:46,Plein jour,50,50218,2,1,1,6.0,COURAYE (RUE),48.8376877,-1.59008,18:46:00,2024-08-08
202400008365,15:45,Plein jour,35,35334,2,6,1,3.0,Rue Nationale,48.159881,-1.58672,15:45:00,2024-11-12
202400008366,20:15,Crépuscule,33,33553,1,3,7,3.0,Unknown,45.024916,-0.426279,20:15:00,2024-04-25
202400008367,10:00,Plein jour,59,59043,2,3,1,3.0,LILLE (RUE DE),50.737608,2.738075,10:00:00,2024-09-13
202400008368,16:30,Crépuscule,27,27422,1,1,1,7.0,route du mesnil d'andé,49.214787,1.263041,16:30:00,2024-11-27
202400008369,16:00,Plein jour,33,33380,1,2,1,1.0,Unknown,45.29089,-0.568797,16:00:00,2024-04-25
202400008370,15:20,Plein jour,49,49353,2,6,1,3.0,BOUTTON AVENUE,47.44077,-0.49863,15:20:00,2024-08-06
202400008371,09:20,Plein jour,13,13043,1,1,1,2.0,A55-Sens Martigues vers Marseille,43.3819,5.2271,09:20:00,2024-11-26
202400008372,16:50,Plein jour,45,45234,2,1,1,6.0,18 Quai de la Madeleine,47.897794,1.884131,16:50:00,2024-08-08
202400008373,17:30,Plein jour,50,50139,1,9,2,3.0,N174,49.053852,-1.00482,17:30:00,2024-04-26
202400008374,04:55,Nuit sans éclairage,13,13056,1,1,1,6.0,A55-Sens Martigues vers Marseille,43.41192771,5.02527795,04:55:00,2024-11-25
202400008375,18:44,Plein jour,45,45208,2,3,1,3.0,42 Avenue Adolphe Cochery,48.00331,2.74129,18:44:00,2024-08-08
202400008376,04:15,Nuit sans éclairage,83,83027,1,1,1,6.0,A50,43.17283847,5.77007432,04:15:00,2024-11-26
202400008377,01:40,,43,43157,2,1,1,7.0,Place du Breuil,45.04204468,3.88239831,01:40:00,2024-08-09
202400008378,01:00,Nuit sans éclairage,60,60352,1,6,1,7.0,D915,49.236543,1.809182,01:00:00,2024-04-26
202400008379,22:50,,69,69389,2,1,1,4.0,Route de Métropole 6,45.76182642,4.80653338,22:50:00,2024-11-16
202400008380,15:50,Plein jour,13,13202,2,1,1,2.0,A55-Sens Martigues vers Marseille,43.31336,5.36671,15:50:00,2024-04-21
202400008381,09:20,Plein jour,43,43046,1,1,1,1.0,Boulevard de la Petite-Mer,45.06464501,3.90715152,09:20:00,2024-08-08
202400008382,07:05,Crépuscule,67,67482,1,1,1,2.0,Bretelle sortie autoroute,48.57146,7.72903,07:05:00,2024-11-25
202400008383,09:30,Plein jour,42,42095,2,2,1,6.0,19 MARS 1962 (RUE DU),45.38883,4.28583,09:30:00,2024-08-08
202400008384,13:05,Plein jour,33,33550,1,1,1,2.0,Unknown,44.778617,-0.556497,13:05:00,2024-11-26
202400008385,08:45,Plein jour,69,69029,1,1,1,2.0,Autoroute 43 ,45.728,4.9058,08:45:00,2024-04-24
202400008386,08:30,Plein jour,38,38185,2,1,1,6.0,GARE (PLACE DE LA),45.19058789,5.71571499,08:30:00,2024-08-08
202400008387,20:10,Plein jour,91,91645,1,1,1,2.0,RN 385 Extèrieure,48.75968,2.26918,20:10:00,2024-04-25
202400008388,15:32,Plein jour,91,91471,1,1,1,7.0,RN 118,48.691405,2.19236,15:32:00,2024-04-25
202400008389,14:00,Plein jour,75,75114,1,1,1,2.0,A6A,48.81792411,2.33413771,14:00:00,2024-04-25
202400008390,00:15,Nuit avec éclairage,35,35238,2,5,1,3.0,FREVILLE (AVENUE HENRI),48.08367,-1.675,00:15:00,2024-08-07
202400008391,17:30,Nuit sans éclairage,91,91659,1,1,1,5.0,AUTOROUTE A6,48.57715,2.46422,17:30:00,2024-11-26
202400008392,11:45,Plein jour,77,77251,1,1,1,7.0,A5A PARIS / RN104 INT,48.62522769,2.54038761,11:45:00,2024-11-26
202400008393,20:15,Plein jour,35,35281,2,1,1,2.0,MERMOZ (BOULEVARD JEAN),48.09137,-1.70408,20:15:00,2024-08-08
202400008394,10:20,Plein jour,91,91589,1,1,1,2.0,AUTOROUTE A6,48.6781,2.3365,10:20:00,2024-11-26
202400008395,12:50,Plein jour,35,35051,2,1,1,3.0,FONTAINE (RUE DE LA),48.1092,-1.609,12:50:00,2024-08-08
202400008396,09:45,Plein jour,78,78640,1,1,1,7.0,A86 INT,48.77785,2.21612,09:45:00,2024-11-26
202400008397,13:30,Plein jour,35,35115,2,1,1,7.0,PORTE ST LEONARD (RUE),48.35082,-1.20413,13:30:00,2024-08-07
202400008398,02:58,,34,34172,2,1,1,7.0,FABRE DE MORLHON (BOULEVARD JACQUES),43.59167,3.87894,02:58:00,2024-08-08
202400008399,19:13,Plein jour,34,34129,2,6,1,3.0,BRET (ROND-POINT PAUL-LOUIS),43.576213,3.873608,19:13:00,2024-08-07
202400008400,18:30,Nuit sans éclairage,95,95424,1,1,2,3.0,A15,48.99145143,2.19160719,18:30:00,2024-11-26
202400008401,00:10,Nuit sans éclairage,33,33065,1,1,1,6.0,Unknown,44.80686,-0.5178,00:10:00,2024-08-08
202400008402,02:16,,33,33529,2,1,1,6.0,Unknown,44.61694,-1.20169,02:16:00,2024-08-08
202400008403,13:05,Plein jour,971,97113,1,1,1,1.0,SECTION TOMBEAU,16.21985,-61.4786,13:05:00,2024-02-06
202400008404,10:00,Plein jour,2A,2A004,2,1,1,6.0,#3 Route d’Alata#,41.93510154,8.7364161,10:00:00,2024-02-06
202400008405,14:05,Plein jour,26,26058,2,1,1,3.0,Avenue de Lyon,44.9553,4.89038,14:05:00,2024-08-07
202400008406,23:40,Nuit sans éclairage,89,89024,1,1,1,3.0,D606,47.78324,3.6146,23:40:00,2024-01-26
202400008407,11:36,Plein jour,25,25462,2,1,1,3.0,ROCADE G.POMPIDOU (DU 25 A LA FIN),46.900027,6.336218,11:36:00,2024-08-06
202400008408,16:35,Plein jour,84,84031,2,9,1,3.0,JAURES AVENUE JEAN,44.05337,5.05035,16:35:00,2024-02-06
202400008409,19:55,Plein jour,25,25388,2,1,1,3.0,BLUM (AVENUE LEON),47.49808,6.80209,19:55:00,2024-08-08
202400008410,14:49,Plein jour,25,25056,2,1,1,6.0,MAZAGRAN CHEMIN DE,47.22967,6.02471,14:49:00,2024-08-08
202400008411,13:15,Plein jour,83,83090,2,1,1,6.0,GORGES (ROUTE DES),43.14874,5.84682,13:15:00,2024-02-05
202400008412,12:05,Plein jour,25,25056,2,3,7,3.0,OBSERVATOIRE AVENUE DE L',47.245905,6.000887,12:05:00,2024-08-08
202400008413,14:50,Plein jour,83,83126,1,6,1,2.0,ECHANGEUR D'OLLIOULES,43.12071688,5.85264873,14:50:00,2024-01-27
202400008414,02:03,,18,18279,2,1,1,6.0,10 Route de Tours,47.232826,2.039638,02:03:00,2024-08-07
202400008415,18:50,,80,80021,2,1,8,7.0,Boulevard Châteaudun,49.8852412,2.28046,18:50:00,2024-02-04
202400008416,12:45,Plein jour,14,14715,2,1,1,7.0,Boulevard Fernand Moureaux,49.36418,0.08261,12:45:00,2024-08-07
202400008417,18:25,,80,80021,2,3,2,6.0,Rue Oscar Dassonville,49.9002,2.31587,18:25:00,2024-02-03
202400008418,16:45,Plein jour,14,14341,1,1,1,2.0,N814,49.14662,-0.35879,16:45:00,2024-07-11
202400008419,14:20,Plein jour,13,13071,1,1,1,5.0,CD 6,43.40832,5.31667,14:20:00,2024-08-07
202400008420,23:00,,76,76540,2,3,1,3.0,Quai du Havre (Quai Haut),49.4396761,1.0861311,23:00:00,2024-02-06
202400008421,06:50,,76,76351,2,1,1,6.0,GRAND HAMEAU (Avenue du ),49.52063,0.11342,06:50:00,2024-02-06
202400008422,15:15,Plein jour,13,13071,2,1,1,2.0,ROUTE NATIONALE 368 (PLAN DES PENNES),43.40757,5.29619,15:15:00,2024-08-07
202400008423,20:00,,13,13203,2,9,1,1.0,STRASBOURG (BOULEVARD),43.3,5.4,20:00:00,2024-08-08
202400008424,11:40,Plein jour,76,76026,1,3,1,2.0,RD 915,49.8622885,1.11093585,11:40:00,2024-02-06
202400008425,15:10,Plein jour,13,13208,2,1,7,1.0,Rue du commandant rolland,43.27202298,5.38277678,15:10:00,2024-08-07
202400008426,08:15,Plein jour,74,74012,2,9,1,1.0,ROMAGNY (RUE DE),46.19662,6.24694,08:15:00,2024-02-06
202400008427,10:00,Plein jour,12,12202,2,4,1,5.0,LAYOULE (COTE DE),44.3551152,2.57942855,10:00:00,2024-07-18
202400008428,09:00,Plein jour,72,72181,2,6,1,3.0,LYAUTEY MARECHAL (AV) N° IMP,48.01757,0.21884,09:00:00,2024-02-06
202400008429,17:10,Plein jour,12,12013,1,1,1,6.0,MAS DE L'HORT (LE)  LIEU-DIT,44.514895,2.23831,17:10:00,2024-08-05
202400008430,20:10,Plein jour,08,08480,1,1,1,7.0,Unknown,49.73337658,4.73073798,20:10:00,2024-08-08
202400008431,08:09,Plein jour,72,72181,2,1,1,6.0,CHENE VERT (RUE DU),48.00813,0.18966,08:09:00,2024-02-05
202400008432,21:15,,06,06088,2,1,1,3.0,93 Promenade des Anglais,43.691489,7.24785202,21:15:00,2024-08-08
202400008433,07:55,Plein jour,71,71076,2,3,1,3.0,HERRIOT (AVENUE EDOUARD),46.79172,4.86793,07:55:00,2024-02-06
202400008434,10:15,Plein jour,06,06083,2,1,1,6.0,14 Prom Mal Leclerc de Hauteclocque,43.77757,7.49419,10:15:00,2024-08-08
202400008435,20:30,Plein jour,06,06069,2,1,1,6.0,12 Avenue Chiris,43.65801,6.92697,20:30:00,2024-07-24
202400008436,11:05,Plein jour,69,69264,2,2,1,3.0,Boulevard Gambetta,45.99444,4.71492,11:05:00,2024-02-06
202400008437,08:30,Plein jour,69,69013,1,1,5,7.0,Route de Longsard,46.01666066,4.70710539,08:30:00,2024-02-06
202400008438,18:40,Plein jour,05,05061,2,3,1,2.0,Route des Eyssagnières,44.55113,6.05511,18:40:00,2024-08-08
202400008439,14:30,Plein jour,69,69264,2,6,1,7.0,Rue Loyson de Chastelus,45.98893,4.72714,14:30:00,2024-02-05
202400008440,00:10,,75,75116,2,1,1,6.0,BD PERIPHERIQUE INTERIEUR,48.839637,2.254165,00:10:00,2024-08-08
202400008441,18:45,Plein jour,75,75118,2,1,1,2.0,BD PERIPHERIQUE EXTERIEUR,48.900887,2.362974,18:45:00,2024-08-07
202400008442,18:00,Crépuscule,69,69290,1,1,1,4.0,Chemin de Grande Vigne,45.69048152,4.99027669,18:00:00,2024-02-05
202400008443,17:00,Plein jour,75,75120,2,1,1,2.0,BD PERIPHERIQUE INTERIEUR,48.866049,2.413204,17:00:00,2024-08-07
202400008444,16:25,Plein jour,65,65047,2,1,1,3.0,JAURES (AVE JEAN),43.24161,0.09518,16:25:00,2024-02-06
202400008445,21:00,,75,75114,2,1,1,3.0,BD PERIPHERIQUE INTERIEUR,48.816851,2.33621,21:00:00,2024-08-07
202400008446,14:15,Plein jour,64,64483,2,1,1,2.0,LAYATS (AVENUE DE),43.39864,-1.64004,14:15:00,2024-02-06
202400008447,19:06,,64,64102,2,1,1,7.0,HENRI DE NAVARRE (AVENUE),43.50432,-1.44644,19:06:00,2024-02-05
202400008448,13:10,Plein jour,75,75113,2,1,1,3.0,BD PERIPHERIQUE EXTERIEUR,48.822313,2.380221,13:10:00,2024-08-07
202400008449,13:52,Plein jour,63,63113,2,1,1,6.0,FONTAINE DU BAC (RUE DE LA),45.76697,3.11793,13:52:00,2024-02-06
202400008450,10:46,Plein jour,75,75108,2,3,1,3.0,RUE PIERRE CHARRON,48.868712,2.301733,10:46:00,2024-08-07
202400008451,16:55,Plein jour,60,60159,2,1,1,6.0,Rue Rouget de Lisle,49.40411,2.81086,16:55:00,2024-02-05
202400008452,08:50,Plein jour,75,75105,2,3,1,3.0,RUE DU SOMMERARD,48.850282,2.344563,08:50:00,2024-08-08
202400008453,18:20,,59,59599,2,1,1,6.0,Rue des Poutrains,50.725036,3.152477,18:20:00,2024-02-06
202400008454,19:00,Plein jour,75,75120,2,3,1,1.0,AVENUE GAMBETTA,48.863997,2.391631,19:00:00,2024-08-08
202400008455,20:15,,59,59457,2,3,1,3.0,Rue Édouard Agache,50.66539,2.96878,20:15:00,2024-02-06
202400008456,20:20,Crépuscule,75,75119,2,3,1,6.0,RUE COMPANS,48.879198,2.392479,20:20:00,2024-08-08
202400008457,05:20,Crépuscule,75,75119,2,2,1,1.0,RUE GOUBET,48.886089,2.389887,05:20:00,2024-08-05
202400008458,10:00,Plein jour,59,59368,2,3,1,1.0,Rue du Ballon,50.64652,3.08115,10:00:00,2024-02-06
202400008459,16:15,Plein jour,75,75117,2,3,1,2.0,BOULEVARD DU BOIS LE PRETRE,48.898974,2.321744,16:15:00,2024-08-08
202400008460,12:05,Plein jour,57,57463,2,2,1,6.0,CLAUDE BERNARD (RUE ),49.11215,6.21616,12:05:00,2024-02-06
202400008461,19:40,Plein jour,75,75115,2,3,1,2.0,RUE DE LA CONVENTION,48.836476,2.299195,19:40:00,2024-08-08
202400008462,01:30,Nuit sans éclairage,69,69142,1,1,1,2.0,Route de Métropole 7 ,45.72634,4.81689,01:30:00,2024-11-10
202400008463,19:00,,51,51454,2,2,1,3.0,CHAMPAGNE   (  AVENUE DE),49.23402,4.03973,19:00:00,2024-02-06
202400008464,13:30,Plein jour,75,75114,2,3,1,3.0,AVENUE DU GENERAL LECLERC,48.824678,2.326082,13:30:00,2024-08-08
202400008465,16:40,Plein jour,976,97610,2,1,1,3.0,12 Route Nationale,-12.737261,45.154624,16:40:00,2024-11-07
202400008466,08:30,Plein jour,51,51172,1,1,1,5.0,VERTE (VOIE),49.21779,4.05785,08:30:00,2024-02-06
202400008467,10:10,Plein jour,75,75113,2,3,1,6.0,QUAI DE LA GARE,48.83734123,2.37388104,10:10:00,2024-08-08
202400008468,19:15,Plein jour,38,38544,2,9,1,6.0,ANATOLE FRANCE(QUAI),45.52,4.87,19:15:00,2024-04-23
202400008469,21:00,Nuit avec éclairage,49,49307,1,1,2,7.0,BEAUFORT ROUTE,47.47424,-0.33571,21:00:00,2024-02-05
202400008470,05:40,,75,75113,2,1,1,3.0,BOULEVARD DU GENERAL JEAN SIMON,48.82549,2.38128,05:40:00,2024-08-07
202400008471,07:20,,49,49007,2,1,8,6.0,CHATEAU D'ORGEMONT RUE ET SQU,47.44534,-0.54119,07:20:00,2024-02-05
202400008472,18:50,Nuit sans éclairage,69,69299,1,1,1,6.0,Route Départementale 29,45.71343,5.07077,18:50:00,2024-12-17
202400008473,18:40,Plein jour,75,75112,2,2,1,1.0,AVENUE DU GENERAL MICHEL BIZOT,48.836222,2.402894,18:40:00,2024-08-07
202400008474,18:32,,47,47001,2,1,1,3.0,CARTOU (RUE DE),44.18735,0.61802,18:32:00,2024-02-06
202400008475,08:30,Plein jour,75,75112,2,1,2,6.0,BOULEVARD PONIATOWSKI,48.832383,2.399101,08:30:00,2024-08-07
202400008476,20:50,Nuit sans éclairage,45,45004,1,1,8,3.0,D2007 PR 21 + 750,47.97574,2.73978,20:50:00,2024-02-06
202400008477,10:15,Plein jour,62,62771,2,1,1,1.0,Rue Edouard Vaillant,50.41978,2.86586,10:15:00,2024-09-30
202400008478,23:15,,75,75110,2,2,1,3.0,AVENUE CLAUDE VELLEFAUX,48.875185,2.370351,23:15:00,2024-08-08
202400008479,19:55,Nuit sans éclairage,972,97213,1,1,1,6.0,AUTOROUTE A1,14.61799,-61.03087,19:55:00,2024-04-23
202400008480,05:15,,44,44109,2,3,1,3.0,9 Rue Charles Perron,47.22470845,-1.60139258,05:15:00,2024-02-06
202400008481,00:30,,75,75109,2,2,1,3.0,BOULEVARD HAUSSMANN,48.872515,2.337609,00:30:00,2024-08-08
202400008482,19:20,,73,73008,2,9,1,6.0,ALLEE PROMENADE DES BORDS DU LAC,45.69966,5.88956,19:20:00,2024-10-17
202400008483,15:25,Plein jour,75,75114,2,3,7,6.0,AVENUE DU GENERAL LECLERC,48.829,2.328,15:25:00,2024-08-08
202400008484,18:32,,42,42187,2,1,1,3.0,Rue Pierre Dépierre,46.03227995,4.07669834,18:32:00,2024-02-05
202400008485,12:01,Plein jour,73,73008,2,3,2,6.0,D913 - GAULLE GENERAL DE AVENUE,45.68809,5.91044,12:01:00,2024-10-08
202400008486,19:50,Plein jour,75,75104,2,2,1,2.0,BOULEVARD MORLAND,48.8477,2.3654,19:50:00,2024-08-08
202400008487,07:15,,36,36202,2,1,8,6.0,Unknown,46.77584,1.64786,07:15:00,2024-02-06
202400008488,15:12,Plein jour,94,94067,2,1,1,3.0,Avenue Sainte-marie,48.83541017,2.41537401,15:12:00,2024-11-17
202400008489,17:10,Plein jour,94,94073,2,3,9,6.0,Avenue Raymond Poincaré,48.76584001,2.39809546,17:10:00,2024-08-08
202400008490,16:00,Plein jour,34,34032,2,3,1,3.0,MARNE (AV DE LA),43.33947,3.21559,16:00:00,2024-02-04
202400008491,23:20,,83,83123,2,1,1,2.0,TOULON (ANCIEN CHEMIN DE),43.13967,5.7823,23:20:00,2024-12-05