Num_Acc,hrmn,lum,dep,com,agg,int,atm,col,adr,lat,long,heure,date
202400008492,17:45,Plein jour,93,93073,2,2,1,3.0,Avenue de la Somme / Rue de Bordeaux,48.94176237,2.58642912,17:45:00,2024-08-08
202400008493,09:00,Plein jour,33,33063,2,4,5,3.0,Unknown,44.859,-0.5895,09:00:00,2024-02-06
202400008494,15:00,Plein jour,93,93078,2,2,1,3.0,Avenue Philippe de Girard / Avenue du Vert Galant,48.95544689,2.54366934,15:00:00,2024-08-08
202400008495,10:59,Plein jour,37,37276,1,2,5,3.0,D766,47.58226154,0.86151767,10:59:00,2024-12-28
202400008496,20:30,,33,33063,2,1,1,2.0,Unknown,44.8434,-0.55501,20:30:00,2024-02-05
202400008497,00:10,,93,93046,2,1,1,6.0,JEAN MOULIN BOULEVARD,48.912673,2.514442,00:10:00,2024-08-08
202400008498,01:21,,77,77373,2,9,1,6.0,PARIS (ROUTE DE ),48.77703,2.59521,01:21:00,2024-11-17
202400008499,06:00,,33,33063,2,3,1,6.0,Boulevard Jean-Jacques Bosc,44.814506,-0.553563,06:00:00,2024-02-05
202400008500,12:00,Plein jour,13,13210,2,2,1,2.0,CATHERINE BLUM (BOULEVARD),43.26945797,5.42120778,12:00:00,2024-11-09
202400008501,07:10,Plein jour,93,93053,2,1,1,3.0,Avenue de Rosny,48.89174655,2.47099471,07:10:00,2024-08-08
202400008502,20:35,,33,33009,2,3,1,3.0,Unknown,44.65681,-1.17034,20:35:00,2024-02-06
202400008503,09:43,Plein jour,92,92078,1,1,1,2.0,GALLIENI (BD) (1 A 79 ET 22 A 102),48.93064617,2.3321414,09:43:00,2024-08-08
202400008504,17:20,,94,94077,2,3,2,3.0,Route de Choisy,48.74092479,2.40833616,17:20:00,2024-11-18
202400008505,11:20,Plein jour,31,31555,1,1,1,2.0,38 LE CHAPITRE (A64),43.55283,1.40854,11:20:00,2024-02-06
202400008506,08:55,Plein jour,92,92050,2,2,1,3.0,DIDEROT RUE,48.88670322,2.2096429,08:55:00,2024-08-07
202400008507,05:30,,93,93073,2,1,2,1.0,PETITS PONTS (ROUTE DES),48.96236817,2.55958378,05:30:00,2024-11-19
202400008508,14:15,Plein jour,92,92002,2,1,1,7.0,DIVISION LECLERC (1 A 29 -2 A 34),48.75241,2.30472,14:15:00,2024-08-08
202400008509,18:45,,30,30189,2,3,1,1.0,Avenue Pierre Mendès France,43.82172998,4.38412428,18:45:00,2024-01-23
202400008510,12:10,Plein jour,30,30007,2,1,1,2.0,82-318 rue Jean Perrin,44.14576,4.09991,12:10:00,2024-02-06
202400008511,15:45,Plein jour,93,93032,2,3,3,5.0,Avenue de la Passerelle / Rue Paul Vaillant Couturier,48.86627802,2.56220541,15:45:00,2024-05-29
202400008512,21:35,Nuit sans éclairage,51,51649,2,3,1,3.0,Rue Aristide Briand,48.725174,4.584737,21:35:00,2024-08-08
202400008513,07:50,Plein jour,30,30243,2,3,1,3.0,Route de Montèze,44.06853,4.09698,07:50:00,2024-02-05
202400008514,11:25,Plein jour,51,51295,2,2,1,3.0,Intersection D14/D602,48.702401,4.539708,11:25:00,2024-07-29
202400008515,10:15,Plein jour,93,93032,2,3,1,2.0,Rue de Franceville / Avenue des Chèvrefeuilles,48.88951,2.54524,10:15:00,2024-05-23
202400008516,23:45,,987,98745,2,1,1,7.0,Tiva,-16.635026,-151.491199,23:45:00,2024-12-31
202400008517,18:00,Crépuscule,29,29232,2,1,1,4.0,LOUIS LE GUENNEC,47.97980774,-4.09718378,18:00:00,2024-02-06
202400008518,18:10,Plein jour,85,85223,1,1,1,5.0,RD 948,46.58001,-1.1094,18:10:00,2024-08-08
202400008519,15:30,Plein jour,63,63001,2,7,1,2.0,Place Saint Joseph,46.021564,3.202267,15:30:00,2024-08-01
202400008520,07:20,Plein jour,18,18127,1,1,1,7.0,Unknown,46.75121,2.20125,07:20:00,2024-07-23
202400008521,15:00,Plein jour,59,59553,2,6,1,1.0,Rue Marx Dormoy,50.600809,2.962975,15:00:00,2024-08-08
202400008522,15:55,Plein jour,26,26198,2,1,1,3.0,Route de Marseille,44.53435,4.74597,15:55:00,2024-02-06
202400008523,17:55,,74,74010,2,1,2,6.0,PRELEVET (AVENUE DE),45.9013,6.132,17:55:00,2024-11-19
202400008524,04:30,Nuit avec éclairage,85,85082,2,1,1,3.0,RD79,46.876416,-0.901614,04:30:00,2024-08-09
202400008525,14:40,Plein jour,23,23096,2,1,1,6.0,BERRY (AVENUE DU),46.17688,1.87566,14:40:00,2024-02-05
202400008526,23:20,Nuit sans éclairage,85,85064,2,1,1,6.0,RD13,46.832747,-1.307353,23:20:00,2024-08-08
202400008527,09:38,Plein jour,75,75106,2,2,2,7.0,BOULEVARD SAINT GERMAIN,48.852839,2.337007,09:38:00,2024-11-19
202400008528,08:56,Plein jour,37,37123,1,1,1,6.0,"Autoroute A85, pk 79.800 sens ANGER-VIERZON",47.344842,0.409455,08:56:00,2024-08-09
202400008529,17:20,Crépuscule,22,22278,2,1,3,2.0,RIBOT (THEODULE),48.51849,-2.78269,17:20:00,2024-01-04
202400008530,14:00,Plein jour,75,75106,2,3,1,7.0,BOULEVARD SAINT GERMAIN,48.854075,2.331518,14:00:00,2024-11-18
202400008531,15:50,Plein jour,62,62630,1,1,1,1.0,D75,50.30136854,2.54155951,15:50:00,2024-08-02
202400008532,18:40,Nuit sans éclairage,17,17415,2,1,1,7.0,PRAIRIE CHEMIN DE LA,45.73386621,-0.62666671,18:40:00,2024-02-06
202400008533,19:45,Plein jour,62,62007,1,3,1,7.0,D62,50.344071,2.650328,19:45:00,2024-08-07
202400008534,18:10,,93,93051,2,1,2,4.0,PAVE NEUF (AVENUE),48.84034,2.55286,18:10:00,2024-11-18
202400008535,07:45,Crépuscule,13,13103,2,1,8,3.0,BOULEVARD FOCH-MARECHAL,43.63962,5.09401,07:45:00,2024-02-06
202400008536,19:30,Plein jour,30,30034,2,1,1,7.0,Unknown,43.752726,4.493006,19:30:00,2024-08-07
202400008537,19:05,,93,93050,2,1,2,6.0,PAUL ET CAMILLE THOMOUX (RUE) COTE PAIR,48.86176214,2.53021896,19:05:00,2024-11-18
202400008538,18:00,Crépuscule,13,13056,2,3,1,1.0,GAULLE AVENUE CHARLES DE,43.39843,5.07106,18:00:00,2024-01-31
202400008539,11:20,Plein jour,56,56195,2,1,1,6.0,Rue du Calvaire,47.519762,-2.298385,11:20:00,2024-08-09
202400008540,16:25,Plein jour,27,27340,1,1,1,2.0,A13,49.364426,0.825477,16:25:00,2024-07-05
202400008541,15:30,Plein jour,56,56087,2,1,1,7.0,Rue du Vieux Moulin,47.592511,-2.845373,15:30:00,2024-08-08
202400008542,16:12,Plein jour,13,13214,2,1,1,3.0,MAISON BLANCHE (TRAVERSE),43.32951,5.37484,16:12:00,2024-02-06
202400008543,19:55,,971,97113,2,3,1,7.0,Chemin de la BOUAYE,16.21799,-61.49073,19:55:00,2024-11-03
202400008544,07:45,Plein jour,2B,2B309,2,3,1,3.0,Route de Figarella,42.743301,9.457882,07:45:00,2024-08-09
202400008545,15:50,Plein jour,13,13211,2,3,1,3.0,SAINT MARCEL (BOULEVARD DE ),43.28764669,5.46479916,15:50:00,2024-02-06
202400008546,18:00,Plein jour,80,80620,2,1,1,2.0,Rue Saint-sauveur,49.930688,2.937264,18:00:00,2024-08-09
202400008547,08:35,Plein jour,13,13214,2,1,1,3.0,MARCHE D'IN (AVENUE),43.33919956,5.37816195,08:35:00,2024-02-06
202400008548,19:45,,82,82124,2,2,1,7.0,Route de Verlhaguet,44.003508,1.298565,19:45:00,2024-02-12
202400008549,17:45,Crépuscule,13,13047,1,1,1,7.0,CD16 (LE DELA),43.55217688,5.01167536,17:45:00,2024-02-06
202400008550,09:20,Plein jour,82,82125,1,1,1,6.0,D928,43.95325353,1.18758872,09:20:00,2024-08-09
202400008551,11:50,Plein jour,35,35319,1,4,1,3.0,Les Coudraies,48.02831053,-1.94182545,11:50:00,2024-12-26
202400008552,16:45,Plein jour,71,71428,1,1,1,6.0,2 Grand Route du Botoret,46.204074,4.315811,16:45:00,2024-08-08
202400008553,20:20,,06,06004,2,1,1,1.0,Avenue Philippe Rochat,43.590183,7.110092,20:20:00,2024-02-06
202400008554,06:25,Nuit sans éclairage,38,38455,1,1,1,7.0,Chemin des Marques,45.635515,5.29173,06:25:00,2024-12-29
202400008555,03:50,Nuit sans éclairage,89,89446,1,1,1,6.0,D951,47.455509,3.713379,03:50:00,2024-08-09
202400008556,06:30,,06,06004,2,1,1,1.0,Chemin des Eucalyptus,43.579669,7.089601,06:30:00,2024-02-06
202400008557,16:38,Plein jour,61,61463,1,2,1,3.0,Voie Communale,48.595167,-0.384009,16:38:00,2024-08-08
202400008558,15:20,Plein jour,75,75119,2,1,1,3.0,AVENUE DE FLANDRE,48.886182,2.37145,15:20:00,2024-02-06
202400008559,15:55,Plein jour,28,28092,1,1,1,5.0,Autoroute A10 - PK 049.600 - Direction Paris,48.338184,1.867493,15:55:00,2024-10-24
202400008560,18:00,Nuit sans éclairage,76,76070,1,1,1,6.0,D98,49.72756152,1.24074274,18:00:00,2024-11-24
202400008561,11:46,Plein jour,49,49347,1,2,1,1.0,D68,47.626363,-0.450976,11:46:00,2024-08-09
202400008562,15:55,Plein jour,75,75118,2,3,1,6.0,RUE MARX DORMOY,48.889061,2.359897,15:55:00,2024-02-06
202400008563,01:15,Nuit avec éclairage,63,63124,2,6,1,6.0,Giratoire Robert Huguet /RM52/Bd Joliot Curie,45.7464,3.21183,01:15:00,2024-08-24
202400008564,10:40,Plein jour,12,12270,1,1,7,6.0,D888,44.347426,2.955102,10:40:00,2024-08-09
202400008565,16:00,Plein jour,75,75115,2,3,1,6.0,BOULEVARD DE VAUGIRARD,48.84157,2.318329,16:00:00,2024-02-06
202400008566,06:20,Crépuscule,42,42323,2,8,1,6.0,Avenue Henri Planchet,45.565979,4.292994,06:20:00,2024-08-08
202400008567,13:00,Plein jour,34,34301,2,1,1,1.0,VERDUN (BOULEVARD DE),43.41206,3.68149,13:00:00,2024-10-02
202400008568,10:50,Plein jour,75,75115,2,3,1,6.0,RUE SAINT CHARLES,48.841379,2.280969,10:50:00,2024-02-06
202400008569,17:20,Plein jour,42,42139,1,1,1,1.0,D10,45.265146,4.371378,17:20:00,2024-08-08
202400008570,17:00,Crépuscule,74,74010,2,6,1,1.0,CHEMIN DU PERIMETRE,45.921133,6.133285,17:00:00,2024-11-22
202400008571,09:55,Plein jour,75,75114,2,3,8,6.0,RUE DU FAUBOURG SAINT JACQUES,48.83585955,2.33773604,09:55:00,2024-02-05
202400008572,17:10,Plein jour,47,47310,1,1,1,1.0,D911,44.37482339,0.34710627,17:10:00,2024-08-09
202400008573,19:15,Nuit sans éclairage,74,74275,2,1,3,1.0,199 Route de bluffy,45.853158,6.214925,19:15:00,2024-11-19
202400008574,07:00,Crépuscule,75,75114,2,2,1,6.0,RUE FROIDEVAUX,48.837541,2.322937,07:00:00,2024-02-05
202400008575,06:25,,74,74309,2,1,2,6.0,D1206,46.118006,6.037288,06:25:00,2024-11-20
202400008576,10:00,Plein jour,34,34237,2,1,7,6.0,Avenue de Pezenas,43.502286,3.31623,10:00:00,2024-08-05
202400008577,09:30,Plein jour,75,75112,2,2,1,3.0,AVENUE DES CANADIENS,48.81723087,2.45876983,09:30:00,2024-02-06
202400008578,18:30,Plein jour,22,22264,1,1,1,3.0,Le Rumain Hengoat,48.746936,-3.208973,18:30:00,2024-08-07
202400008579,17:58,Nuit sans éclairage,74,74262,1,3,1,4.0,Pont de Bellecombe,46.133631,6.31256,17:58:00,2024-11-13
202400008580,22:48,,94,94041,2,1,1,1.0,47 Quai Jean Compagnon,48.81909823,2.39880413,22:48:00,2024-02-05
202400008581,16:45,Plein jour,25,25403,1,1,1,1.0,D48,47.026128,6.619692,16:45:00,2024-08-09
202400008582,08:05,Crépuscule,74,74012,2,1,3,6.0,DE GAULLE (AVENUE CHARLES),46.18595,6.24768,08:05:00,2024-11-19
202400008583,17:40,,94,94073,2,1,2,3.0,107 Avenue du Général de Gaulle,48.76844,2.370512,17:40:00,2024-02-06
202400008584,11:20,Plein jour,25,25418,1,1,1,1.0,18 Route d?Osse,47.251322,6.191861,11:20:00,2024-08-08
202400008585,12:55,Plein jour,74,74008,2,3,1,3.0,MOULIN (RUE JEAN),46.19494,6.21792,12:55:00,2024-11-20
202400008586,08:40,Plein jour,94,94077,2,2,1,3.0,Avenue Pasteur / Rue Marcel Risser,48.73741956,2.41921708,08:40:00,2024-02-06
202400008587,14:00,Plein jour,29,29185,2,1,2,6.0,Lieu Dit Poulfoen,48.686526,-4.167092,14:00:00,2024-08-08
202400008588,08:45,Plein jour,93,93078,2,6,1,2.0,Boulevard Robert Ballanger / Avenue Georges Clémenceau,48.96159,2.55597,08:45:00,2024-02-06
202400008589,07:15,Nuit sans éclairage,74,74165,1,2,1,3.0,Route de bloye,45.825971,5.974953,07:15:00,2024-11-20
202400008590,11:35,Plein jour,02,02666,1,1,1,1.0,d946,49.698643,4.129786,11:35:00,2024-08-09
202400008591,18:35,Nuit sans éclairage,74,74256,2,1,1,6.0,164 Rue des trois lacs,45.932502,6.63497,18:35:00,2024-11-15
202400008592,15:30,Plein jour,93,93055,2,2,1,3.0,Avenue Édouard Vaillant / Rue Magenta,48.90036,2.3953,15:30:00,2024-02-06
202400008593,19:00,Crépuscule,15,15168,1,1,1,7.0,RD 4,45.007717,3.205218,19:00:00,2024-08-08
202400008594,23:00,,93,93013,2,3,1,3.0,Avenue de la Division Leclerc / Rue Camille Dramart,48.93525685,2.42638738,23:00:00,2024-02-04
202400008595,17:09,Crépuscule,74,74081,2,3,1,3.0,Avenue de la république,46.061498,6.56351,17:09:00,2024-11-14
202400008596,20:15,Crépuscule,01,01196,1,3,1,6.0,Route des Forays,46.355288,5.092308,20:15:00,2024-08-08
202400008597,15:00,Plein jour,93,93001,2,1,1,3.0,Rue Léopold Réchossière,48.913594,2.393313,15:00:00,2024-02-06
202400008598,18:40,Plein jour,06,06090,2,1,1,7.0,75 Boulevard de la Mourachonne,43.593866,6.93004,18:40:00,2024-08-09
202400008599,05:30,Nuit sans éclairage,74,74220,1,6,5,6.0,D2,46.120994,6.269653,05:30:00,2024-11-10
202400008600,20:50,Nuit avec éclairage,92,92078,2,3,1,3.0,VIEUX CHEMIN DE ST DENIS (AVENUE),48.92975428,2.32603133,20:50:00,2024-02-06
202400008601,19:00,Plein jour,14,14371,1,1,1,5.0,Route de la Côte Fleurie,49.04558478,0.15374621,19:00:00,2024-08-07
202400008602,16:45,Plein jour,74,74267,2,1,1,7.0,Route d'albertville,45.848766,6.145898,16:45:00,2024-11-07
202400008603,22:32,,92,92075,2,1,1,6.0,PAIX (AVENUE DE LA),48.81645647,2.27528143,22:32:00,2024-02-05
202400008604,13:14,Plein jour,92,92048,2,1,1,7.0,PAVE DES GARDES (ROUTE DU),48.81136,2.21056,13:14:00,2024-02-06
202400008605,00:15,Nuit sans éclairage,14,14486,1,1,1,6.0,D91A,48.990761,-0.227065,00:15:00,2024-08-07
202400008606,00:25,,92,92012,2,1,1,2.0,GENERAL LECLERC (AVENUE DU) 35/FIN - 60/,48.83102102,2.23486644,00:25:00,2024-02-06
202400008607,16:26,Plein jour,74,74148,1,1,1,1.0,D110,45.796614,6.106381,16:26:00,2024-11-01
202400008608,21:40,Nuit sans éclairage,14,14370,2,1,1,7.0,250 Rue des Aunais,49.233812,-0.892431,21:40:00,2024-08-08
202400008609,17:25,,94,94076,2,3,2,6.0,Avenue de la Division Leclerc,48.78536,2.37061,17:25:00,2024-11-18
202400008610,14:00,Plein jour,60,60009,1,1,1,5.0,D927,49.384664,2.100534,14:00:00,2024-08-08
202400008611,08:01,Plein jour,92,92002,2,3,1,3.0,LEON JOUHAUX (AVENUE),48.73617008,2.30239114,08:01:00,2024-02-06
202400008612,16:00,Plein jour,64,64405,2,1,1,6.0,31 Rue du Bourg Mayou,43.346834,-0.26195,16:00:00,2024-08-09
202400008613,05:50,Nuit sans éclairage,57,57433,1,6,9,7.0,D112f,49.220288,6.147838,05:50:00,2024-11-01
202400008614,18:28,Crépuscule,71,71047,2,2,1,3.0,10 Rue des Prébendes,46.622622,3.775951,18:28:00,2024-02-06
202400008615,11:50,Plein jour,43,43111,1,1,1,6.0,Le Cros du Pouget,44.87145,3.881543,11:50:00,2024-08-07
202400008616,15:40,Plein jour,10,10328,1,1,7,1.0,D960,48.35431,4.265013,15:40:00,2024-08-08
202400008617,04:55,Nuit sans éclairage,28,28161,1,1,1,2.0,A11 - PK 94+400 (vers LE MANS),48.257302,1.132195,04:55:00,2024-02-07
202400008618,10:50,Plein jour,13,13026,2,6,1,6.0,RN 568,43.38985,5.16211,10:50:00,2024-11-25
202400008619,16:50,Plein jour,16,16295,1,1,1,7.0,Unknown,45.81822,0.144732,16:50:00,2024-08-09
202400008620,12:50,Plein jour,51,51217,1,1,2,6.0,D18,49.072488,3.648791,12:50:00,2024-02-07
202400008621,14:15,Plein jour,88,88484,1,1,2,6.0,D39,48.115354,6.34542,14:15:00,2024-11-18
202400008622,18:35,Plein jour,07,07009,2,1,1,2.0,rd82,45.241647,4.793521,18:35:00,2024-08-09
202400008623,04:51,Nuit sans éclairage,25,25020,1,1,2,5.0,Autoroute A36 PK051.600 en direction de BELFORT,47.491944,6.814825,04:51:00,2024-02-07
202400008624,19:32,,88,88160,2,2,1,6.0,ALSACE (RUE D'),48.17293,6.44512,19:32:00,2024-11-12
202400008625,17:30,Plein jour,21,21399,1,2,1,3.0,D981,47.21485,4.561609,17:30:00,2024-08-08
202400008626,15:45,Plein jour,62,62752,2,3,1,3.0,D143,50.46190804,1.64956353,15:45:00,2024-02-04
202400008627,13:05,Plein jour,88,88349,2,1,4,1.0,1705 Rue de Gérardmer,48.158206,7.009031,13:05:00,2024-11-22
202400008628,21:45,Nuit sans éclairage,85,85096,1,1,1,7.0,le Péault,46.877854,-1.789742,21:45:00,2024-08-08
202400008629,11:25,Plein jour,68,68315,2,1,1,6.0,Place de l'Eglise,47.886877,7.230156,11:25:00,2024-01-24
202400008630,19:50,Nuit sans éclairage,44,44129,1,1,1,7.0,Unknown,47.418564,-2.043629,19:50:00,2024-02-05
202400008631,06:55,Crépuscule,88,88165,2,1,1,3.0,64 Rue du Vivier,48.351837,6.864614,06:55:00,2024-11-13
202400008632,12:20,Plein jour,37,37084,1,1,1,6.0,D766,47.55300362,0.33986306,12:20:00,2024-08-09
202400008633,11:20,Plein jour,50,50137,1,1,2,1.0,D999 PK PR 038+900,48.865978,-1.202005,11:20:00,2024-02-07
202400008634,14:40,Plein jour,88,88521,1,1,1,3.0,D46,48.323886,6.630614,14:40:00,2024-11-12
202400008635,15:15,Plein jour,37,37279,1,1,1,3.0,route du lude,47.56176446,0.29711723,15:15:00,2024-08-09
202400008636,05:20,Nuit sans éclairage,51,51227,1,1,6,6.0,RD 2,48.90871105,4.36617191,05:20:00,2024-02-07
202400008637,11:35,Plein jour,62,62160,2,1,1,7.0,Rue d'Outreau,50.71301,1.59887,11:35:00,2024-08-02
202400008638,17:32,Plein jour,30,30248,2,2,1,2.0,Route de Saint-chaptes,43.99706,4.268494,17:32:00,2024-08-09
202400008639,06:45,Nuit sans éclairage,59,59533,2,2,1,3.0,D942,50.191376,3.405349,06:45:00,2024-02-06
202400008640,10:30,Plein jour,62,62160,2,1,1,6.0,Rue Edmond Rostand,50.72527387,1.60334176,10:30:00,2024-08-01
202400008641,08:20,Plein jour,18,18140,1,1,1,2.0,Unknown,47.168156,1.994963,08:20:00,2024-08-09
202400008642,17:10,Plein jour,79,79062,2,1,1,7.0,Unknown,46.817808,-0.6668,17:10:00,2024-02-06
202400008643,17:25,Plein jour,62,62160,2,3,1,1.0,Boulevard Chanzy,50.72016,1.60159,17:25:00,2024-07-19
202400008644,15:05,Plein jour,06,06085,1,1,1,3.0,A8 PR 163 + 0,43.577919,6.983668,15:05:00,2024-08-08
202400008645,16:45,Plein jour,32,32107,1,1,1,1.0,4662 Route d?Auch,43.906632,0.37388,16:45:00,2024-02-06
202400008646,16:15,Plein jour,59,59129,1,1,1,3.0,Huquinville,50.510206,3.194629,16:15:00,2024-09-28
202400008647,22:20,Nuit sans éclairage,49,49125,2,2,1,6.0,Rue du parc,47.187268,-0.27122,22:20:00,2024-02-06
202400008648,17:30,Plein jour,06,06029,1,1,1,2.0,A8,43.559356,6.96471,17:30:00,2024-08-08
202400008649,10:05,Plein jour,73,73008,2,6,1,3.0,D1201 Bd Jean Charcot,45.69429265,5.89993894,10:05:00,2024-07-20
202400008650,11:00,Plein jour,49,49228,1,2,1,3.0,Noyant-Villages,47.488039,0.075215,11:00:00,2024-02-06
202400008651,15:18,Plein jour,21,21173,1,9,7,3.0,A31 PK 003.200,47.043165,4.888701,15:18:00,2024-08-09
202400008652,09:55,Plein jour,46,46264,1,1,1,1.0,D12,44.57293663,1.38379823,09:55:00,2024-02-07
202400008653,17:10,Plein jour,30,30189,1,1,1,2.0,A9 - PK 56,43.807453,4.336402,17:10:00,2024-08-02
202400008654,13:26,Plein jour,44,44067,1,1,1,3.0,11 le Pont Esnault,47.637963,-1.850392,13:26:00,2024-02-06
202400008655,16:20,Plein jour,11,11202,1,1,7,6.0,D327,42.921455,3.015683,16:20:00,2024-07-24
202400008656,03:16,Nuit sans éclairage,17,17291,1,1,1,2.0,N11,46.1761,-1.10627,03:16:00,2024-11-17
202400008657,12:30,Plein jour,31,31118,1,1,1,3.0,Route de Fronton,43.806953,1.404104,12:30:00,2024-02-07
202400008658,20:35,Nuit sans éclairage,988,98808,1,1,1,1.0,Houaïlou,-21.27895,165.62299,20:35:00,2024-08-08
202400008659,22:55,,13,13208,2,1,1,7.0,SCHLOESING (BOULEVARD),43.2748,5.3999,22:55:00,2024-11-17
202400008660,22:00,Nuit sans éclairage,38,38141,1,1,1,7.0,Route des Rôles,45.511787,5.229219,22:00:00,2024-02-05
202400008661,17:30,Plein jour,978,97801,2,1,1,3.0,R DE FRIAR'S BAY,18.084843,-63.076286,17:30:00,2024-03-04
202400008662,14:45,Plein jour,06,06038,2,1,1,1.0,Route de Nice,43.678912,6.973747,14:45:00,2024-02-07
202400008663,00:12,,13,13208,2,1,1,2.0,HAMBOURG (BOULEVARD),43.25109,5.38801,00:12:00,2024-07-05
202400008664,05:10,,977,97701,1,6,1,3.0,rond point de la Tourmente,17.904099,-62.848041,05:10:00,2024-08-09
202400008665,07:27,,21,21603,2,1,1,6.0,13 Avenue du Général Mazillier,47.492281,4.340342,07:27:00,2024-02-06
202400008666,01:00,Nuit sans éclairage,977,97701,1,1,1,1.0,TOINY,17.898238,-62.798603,01:00:00,2024-08-08
202400008667,08:40,Plein jour,40,40273,2,1,1,7.0,Rue Ambroise 2,43.529175,-1.414195,08:40:00,2024-02-07
202400008668,12:45,Plein jour,75,75119,2,3,1,2.0,RUE DES BOIS,48.878268,2.398366,12:45:00,2024-11-19
202400008669,15:30,Plein jour,40,40044,1,1,1,1.0,d817,43.554116,-1.303468,15:30:00,2024-02-06
202400008670,00:45,Nuit sans éclairage,972,97224,2,1,3,1.0,D47 Bois du Parc,14.670084,-61.035082,00:45:00,2024-08-09
202400008671,19:20,,75,75109,2,7,2,6.0,PLACE DE L OPERA,48.871215,2.332411,19:20:00,2024-11-19
202400008672,14:03,Plein jour,29,29147,2,1,7,6.0,Chemin de Keriouant,47.90339736,-3.58940433,14:03:00,2024-08-07
202400008673,08:50,Plein jour,30,30075,1,1,1,5.0,Route de Sauve,43.856223,4.24568,08:50:00,2024-02-02
202400008674,08:05,Crépuscule,75,75109,2,3,2,3.0,BOULEVARD DE CLICHY,48.883851,2.328654,08:05:00,2024-11-19
202400008675,15:50,Plein jour,77,77027,2,1,1,6.0,D43,48.13749922,2.47747553,15:50:00,2024-08-08
202400008676,09:00,Plein jour,75,75109,2,7,2,3.0,RUE DE DOUAI,48.883451,2.329891,09:00:00,2024-11-18
202400008677,06:00,Nuit sans éclairage,80,80318,1,1,1,6.0,Autoroute A16 - PK 147+675,50.02641678,2.09877491,06:00:00,2024-01-21
202400008678,19:24,Plein jour,95,95690,1,1,1,7.0,D205,49.07885625,1.81480396,19:24:00,2024-08-07
202400008679,15:47,Plein jour,75,75102,2,7,2,3.0,PLACE DE L OPERA,48.870447,2.332192,15:47:00,2024-11-18
202400008680,08:45,Plein jour,78,78206,1,1,1,3.0,D113,48.951754,1.912828,08:45:00,2024-08-09
202400008681,19:25,,94,94060,1,1,1,2.0,Cuvette de Champlain,48.784176,2.565832,19:25:00,2024-11-17
202400008682,18:55,,93,93047,2,1,2,2.0,JEAN JAURES (AVENUE),48.89848233,2.55250774,18:55:00,2024-11-19
202400008683,14:40,Plein jour,34,34333,1,9,1,3.0,D114,43.496347,3.792461,14:40:00,2024-02-06
202400008684,18:40,Plein jour,66,66180,1,9,1,2.0,Unknown,42.78725455,3.00913811,18:40:00,2024-08-08
202400008685,14:30,Plein jour,973,97309,2,1,1,1.0,Route des Plages,4.89527,-52.25946,14:30:00,2024-02-07
202400008686,23:55,Nuit sans éclairage,59,59459,1,1,3,2.0,AUTOROUTE A23,50.37386,3.47617,23:55:00,2024-11-16
202400008687,11:00,Plein jour,06,06085,1,1,1,3.0,160 Chemin des Colles,43.6061487,7.000606,11:00:00,2024-02-07
202400008688,12:45,Plein jour,13,13014,1,1,1,3.0,D113,43.518649,5.200288,12:45:00,2024-08-05
202400008689,18:00,,25,25462,2,7,1,3.0,MARECHAL DE LATTRE DE TASSIGNY (PLACE),46.90536,6.35641,18:00:00,2024-11-16
202400008690,01:50,Nuit sans éclairage,13,13062,1,1,1,7.0,Route de Gardanne,43.420583,5.516013,01:50:00,2024-08-09
202400008691,07:45,Plein jour,06,06085,2,1,1,3.0,2146 Avenue Marechal Juin,43.58233,6.997916,07:45:00,2024-02-06
202400008692,00:01,,93,93029,2,2,1,2.0,AUGUSTE BLANQUI,48.91926,2.46038,00:01:00,2024-12-20
202400008693,19:45,Nuit sans éclairage,971,97125,1,1,1,7.0,RN5,16.268918,-61.278037,19:45:00,2024-02-06
202400008694,11:30,Plein jour,63,63284,2,1,1,6.0,60 avenue de lyon,45.788157,3.267493,11:30:00,2024-08-08
202400008695,19:10,,977,97701,2,9,1,3.0,Rue de la République,17.897891,-62.849109,19:10:00,2024-02-06
202400008696,13:55,Plein jour,38,38003,1,1,1,1.0,Route de Bouge,45.327832,4.863167,13:55:00,2024-08-09
202400008697,12:10,Plein jour,85,85008,1,1,3,2.0,"A87, sortie 32",46.624684,-1.439665,12:10:00,2024-12-22
202400008698,23:10,Nuit avec éclairage,09,09039,1,1,1,1.0,D625,43.063407,1.881002,23:10:00,2024-08-08
202400008699,16:30,Plein jour,37,37056,1,2,1,5.0,D16,47.31549988,0.40770733,16:30:00,2024-02-06
202400008700,16:20,Plein jour,48,48009,1,2,1,3.0,D809,44.731878,3.29121,16:20:00,2024-12-20
202400008701,05:50,Nuit sans éclairage,31,31433,2,1,1,2.0,Route d'Espagne,43.52173197,1.39404725,05:50:00,2024-08-09
202400008702,06:45,Crépuscule,34,34327,2,1,1,3.0,1 Avenue de Montpellier,43.653854,3.966756,06:45:00,2024-02-05
202400008703,07:33,Plein jour,13,13041,2,6,1,3.0,avenue de nice,43.462356,5.482674,07:33:00,2024-11-14