Num_Acc,hrmn,lum,dep,com,agg,int,atm,col,adr,lat,long,heure,date
202400008704,20:10,Plein jour,40,40314,2,1,1,6.0,Route des Tucs,43.674402,-1.112108,20:10:00,2024-08-09
202400008705,16:20,Plein jour,30,30176,1,1,1,7.0,D113,43.923515,3.580545,16:20:00,2024-10-23
202400008706,18:20,Nuit sans éclairage,13,13066,1,4,1,3.0,D7n,43.863959,4.913249,18:20:00,2024-02-06
202400008707,06:45,Plein jour,33,33104,1,1,1,1.0,Unknown,45.032402,-0.786606,06:45:00,2024-08-09
202400008708,19:10,Nuit avec éclairage,93,93066,2,6,1,6.0,Unknown,48.93594873,2.34286378,19:10:00,2024-12-09
202400008709,17:00,Plein jour,69,69116,2,3,1,1.0,513 Rue Sans Souci,45.805477,4.774139,17:00:00,2024-01-25
202400008710,11:35,Plein jour,85,85003,1,1,1,4.0,RD948,46.73059,-1.58166,11:35:00,2024-08-08
202400008711,17:30,,93,93062,2,6,2,6.0,THIERS (ROND POINT),48.89928,2.51734,17:30:00,2024-11-18
202400008712,14:15,Plein jour,18,18264,1,1,1,7.0,Unknown,47.430845,2.65955,14:15:00,2024-12-20
202400008713,09:10,Plein jour,50,50099,2,1,2,2.0,8 Route de Saint-côme,49.306869,-1.252519,09:10:00,2024-08-09
202400008714,07:55,Plein jour,22,22093,1,2,1,7.0,La Suette Maroué,48.448006,-2.553731,07:55:00,2024-08-08
202400008715,13:45,Plein jour,21,21337,2,3,1,3.0,D976,47.276791,5.384052,13:45:00,2024-12-18
202400008716,15:00,Plein jour,33,33114,1,1,1,4.0,Unknown,45.102672,-0.380718,15:00:00,2024-02-01
202400008717,15:20,Plein jour,02,02684,2,3,1,6.0,64 Avenue de Sougland,49.914777,4.114104,15:20:00,2024-08-09
202400008718,17:45,,33,33449,2,3,3,6.0,Unknown,44.892632,-0.716068,17:45:00,2024-12-20
202400008719,15:10,Plein jour,33,33114,1,1,1,6.0,Unknown,45.103486,-0.380638,15:10:00,2024-02-01
202400008720,15:50,Plein jour,62,62893,2,1,2,6.0,D242,50.77771,1.61421,15:50:00,2024-07-15
202400008721,08:00,Plein jour,62,62206,1,1,2,6.0,A16,50.43465557,1.69332427,08:00:00,2024-02-07
202400008722,17:50,Crépuscule,13,13214,2,1,1,3.0,A507 sens Marseille - Aubagne,43.33813,5.37761,17:50:00,2024-02-06
202400008723,01:00,,62,62893,2,2,1,3.0,D233E1,50.76528,1.60842,01:00:00,2024-07-11
202400008724,07:31,Plein jour,13,13202,1,1,1,2.0,TVPCM-Sens Saint Victor vers Les Ports,43.29495034,5.36321621,07:31:00,2024-02-05
202400008725,19:55,Plein jour,62,62643,2,2,1,3.0,Rue Auguste Comte,50.7053,1.59097,19:55:00,2024-07-02
202400008726,21:43,Nuit sans éclairage,13,13106,1,1,1,4.0,A7-Sens Lyon vers Marseille,43.395,5.3505,21:43:00,2024-02-05
202400008727,23:15,,62,62160,2,1,1,7.0,Rue de Boston,50.72732,1.60392,23:15:00,2024-06-27
202400008728,14:00,Plein jour,13,13071,1,1,1,3.0,A7-Sens Marseille vers Lyon,43.40358,5.30885,14:00:00,2024-02-05
202400008729,17:25,Plein jour,84,84144,1,4,1,1.0,D 190,43.895357,5.548804,17:25:00,2024-09-14
202400008730,13:00,Plein jour,13,13215,2,1,1,2.0,A7-Sens Lyon vers Marseille,43.36765,5.36087,13:00:00,2024-02-05
202400008731,10:00,Plein jour,84,84087,1,2,1,3.0,ROUTE DE CHATEAUNEUF,44.133,4.8,10:00:00,2024-09-14
202400008732,13:00,Plein jour,13,13117,1,1,1,4.0,A7-Sens Marseille vers Lyon,43.432,5.25804,13:00:00,2024-02-05
202400008733,00:15,Nuit sans éclairage,84,84022,1,1,1,6.0,Route de Villedieu,44.284721,5.016879,00:15:00,2024-10-24
202400008734,16:40,Plein jour,84,84087,2,3,8,6.0,RAMAS (CHEMIN),44.13432,4.83701,16:40:00,2024-10-16
202400008735,06:50,Nuit sans éclairage,69,69297,1,1,5,5.0,Autoroute 7 ,45.58987088,4.79785427,06:50:00,2024-02-06
202400008736,19:14,Nuit sans éclairage,91,91645,1,1,1,7.0,AUTOROUTE A86,48.76007978,2.25655746,19:14:00,2024-02-06
202400008737,10:45,Plein jour,84,84137,2,9,1,6.0,Avenue des Choralies,44.242816,5.079632,10:45:00,2024-10-11
202400008738,16:18,Plein jour,91,91661,1,1,1,3.0,AUTOROUTE A10,48.7085,2.2512,16:18:00,2024-02-06
202400008739,18:15,Plein jour,84,84040,1,9,1,6.0,Route de Malaucene,44.22321,5.093182,18:15:00,2024-10-07
202400008740,09:40,Plein jour,84,84137,2,6,7,6.0,avenue François miterrand,44.250975,5.061029,09:40:00,2024-10-05
202400008741,09:05,Plein jour,91,91161,1,1,1,4.0,AUTOROUTE A6,48.6987,2.31324,09:05:00,2024-02-06
202400008742,13:47,Plein jour,84,84034,1,1,1,6.0,D6,43.905105,4.948059,13:47:00,2024-10-04
202400008743,08:50,Plein jour,91,91086,1,1,1,2.0,RN 104,48.623884,2.375942,08:50:00,2024-02-06
202400008744,10:10,Plein jour,75,75120,2,1,2,2.0,BD PERIPHERIQUE EXTERIEUR,48.866962,2.413435,10:10:00,2024-11-19
202400008745,23:42,Nuit sans éclairage,94,94034,1,1,1,2.0,A6A,48.75628517,2.33422052,23:42:00,2024-02-05
202400008746,16:00,Plein jour,2B,2B301,1,1,6,7.0,RD 81,42.662273,9.133415,16:00:00,2024-09-28
202400008747,07:40,Crépuscule,91,91064,1,1,1,3.0,N118,48.7432426,2.18899644,07:40:00,2024-02-06
202400008748,15:20,Plein jour,2B,2B314,1,1,1,3.0,RD81,42.663157,9.155474,15:20:00,2024-09-15
202400008749,19:45,,92,92051,1,1,1,6.0,RN13,48.88062384,2.27330471,19:45:00,2024-02-05
202400008750,11:00,Plein jour,2B,2B298,2,1,1,1.0,36 rue principale,42.681225,9.303285,11:00:00,2024-09-15
202400008751,18:05,,78,78431,1,1,2,2.0,A13,48.943056,1.951105,18:05:00,2024-02-05
202400008752,14:15,Plein jour,2B,2B314,1,1,1,6.0,Informations,42.657507,9.231404,14:15:00,2024-09-12
202400008753,17:40,Nuit sans éclairage,94,94028,1,1,2,2.0,A86,48.79162094,2.44097743,17:40:00,2024-02-06
202400008754,00:10,,84,84003,2,1,1,1.0,Rue Saint-Lazare,43.880194,5.39153,00:10:00,2024-07-28
202400008755,00:15,,93,93048,2,1,8,6.0,Avenue Pasteur,48.86516905,2.43774676,00:15:00,2024-01-18
202400008756,07:30,Nuit avec éclairage,94,94017,1,1,8,5.0,A4,48.83044403,2.49190676,07:30:00,2024-02-06
202400008757,08:00,Plein jour,01,01249,2,1,1,5.0,Pont,45.860025,4.911034,08:00:00,2024-12-20
202400008758,21:10,,988,98818,2,3,1,3.0,VOIE DE DEGAGEMENT EST/Rue De Charleroi,-22.27903,166.46262,21:10:00,2024-02-04
202400008759,09:30,Plein jour,69,69003,2,6,7,1.0,Quai de Villevert,45.876867,4.835406,09:30:00,2024-10-27
202400008760,16:45,Plein jour,974,97409,1,1,1,4.0,RN2 SENS STE SUZANNE ST BENOIT,-20.94191,55.64613,16:45:00,2024-02-05
202400008761,16:00,Plein jour,973,97302,1,1,1,2.0,ROUTE NATIONALE 3,4.90599,-52.32147,16:00:00,2024-02-05
202400008762,19:40,,75,75107,2,2,2,3.0,AVENUE BOSQUET,48.856219,2.304837,19:40:00,2024-11-18
202400008763,14:15,Plein jour,972,97213,1,1,1,2.0,AUTOROUTE (A1),14.61787,-61.01859,14:15:00,2024-02-05
202400008764,11:40,Plein jour,75,75107,2,3,2,3.0,RUE DE L UNIVERSITE,48.856802,2.33036,11:40:00,2024-11-18
202400008765,21:10,Nuit sans éclairage,971,97101,2,1,1,4.0,PATRICK SAINT ELOI ( AVENUE ),16.25801,-61.51983,21:10:00,2024-02-03
202400008766,17:40,,94,94041,2,3,2,6.0,Rue Ernest Renan,48.81198,2.39735,17:40:00,2024-11-18
202400008767,19:17,,971,97105,2,1,1,6.0,CHARLES DE GAULLE (BD DU GENERAL),15.99432,-61.73092,19:17:00,2024-02-05
202400008768,18:15,Nuit sans éclairage,34,34024,1,3,1,1.0,RD2,43.473189,3.692018,18:15:00,2024-12-04
202400008769,13:30,Plein jour,95,95585,2,1,1,6.0,BAUVES (RUE DES),48.99396,2.38192,13:30:00,2024-02-05
202400008770,15:00,Plein jour,95,95197,2,1,1,6.0,D928,48.96056068,2.32640785,15:00:00,2024-11-17
202400008771,09:19,Plein jour,77,77449,2,1,1,6.0,RD 345,48.84172,2.7765,09:19:00,2024-11-16
202400008772,07:58,Crépuscule,87,87085,1,3,5,1.0,RN520,45.861726,1.163514,07:58:00,2024-02-04
202400008773,17:15,Plein jour,32,32013,2,7,1,7.0,MASSENA (RUE),43.64929,0.59106,17:15:00,2024-11-16
202400008774,15:58,Plein jour,87,87050,1,1,1,6.0,DE NIEUL (CHEMIN),45.90566,1.20427,15:58:00,2024-02-02
202400008775,11:40,Plein jour,13,13056,2,3,7,6.0,DOUMER QUAI PAUL,43.4068,5.05109,11:40:00,2024-10-25
202400008776,09:04,Plein jour,87,87085,2,3,1,3.0,PETINIAUD DUBOS (RUE),45.83782,1.26357,09:04:00,2024-02-02
202400008777,17:00,Plein jour,74,74116,1,1,1,2.0,A410,46.06677226,6.28947571,17:00:00,2024-10-28
202400008778,19:37,,74,74012,2,1,1,7.0,ETREMBIERES (ROUTE D'),46.18755,6.23224,19:37:00,2024-11-12
202400008779,13:00,Plein jour,74,74010,1,1,1,7.0,D16,45.90776,6.200345,13:00:00,2024-10-31
202400008780,04:50,,86,86194,2,2,1,3.0,Avenue du Plateau des Glières,46.60168,0.324247,04:50:00,2024-02-04
202400008781,10:00,Plein jour,83,83126,2,3,1,3.0,RENOIR (AV AUGUSTE),43.0841656,5.86469972,10:00:00,2024-02-01
202400008782,14:55,Plein jour,74,74035,1,2,1,1.0,D910,45.81416,5.950985,14:55:00,2024-11-02
202400008783,16:10,Plein jour,80,80001,2,1,1,6.0,69 Rue Saint Vulfran,50.10448,1.82931,16:10:00,2024-02-05
202400008784,12:40,Plein jour,74,74056,1,1,1,1.0,Route des montets,45.991793,6.926735,12:40:00,2024-10-31
202400008785,10:50,Plein jour,74,74027,1,1,1,7.0,D909,45.89858,6.286175,10:50:00,2024-11-05
202400008786,18:15,,74,74010,2,6,1,3.0,Avenue des trois fontaines (Seynod),45.890068,6.114621,18:15:00,2024-10-31
202400008787,08:37,Plein jour,74,74225,2,1,1,1.0,Avenue de l'Arcalod,45.844575,5.955116,08:37:00,2024-10-31
202400008788,19:35,,77,77288,2,1,1,3.0,HIPPOLYTE ROSSIGNOL  (QUAI),48.53598498,2.64965235,19:35:00,2024-02-05
202400008789,18:36,,74,74211,2,2,1,3.0,1963 Route de la roche-sur-foron,46.1101,6.275355,18:36:00,2024-10-27
202400008790,11:40,Plein jour,77,77059,1,1,1,3.0,GUERMANTES  (RUE DE  ),48.84973,2.6776,11:40:00,2024-02-05
202400008791,09:40,Plein jour,43,43157,2,9,8,7.0,Rue Louis Pascal,45.05003,3.8994,09:40:00,2024-10-17
202400008792,04:45,Nuit sans éclairage,43,43211,1,1,2,7.0,Route de Pont Lignon,45.24781321,4.14056706,04:45:00,2024-10-17
202400008793,20:45,Nuit sans éclairage,43,43162,1,1,6,6.0,D103,45.18202624,4.050055,20:45:00,2024-10-12
202400008794,12:40,Plein jour,76,76322,2,3,1,6.0,Avenue des Canadiens,49.40922,1.07056,12:40:00,2024-02-05
202400008795,15:45,Plein jour,43,43157,1,6,1,6.0,D373,45.04984758,3.90353692,15:45:00,2024-10-11
202400008796,01:40,,76,76351,2,2,2,1.0,AMIRAL COURBET,49.48396,0.13107,01:40:00,2024-02-04
202400008797,16:20,Plein jour,2B,2B033,2,1,1,4.0,11 - RT,42.66855,9.44326,16:20:00,2024-09-30
202400008798,18:20,,69,69256,2,1,1,1.0,10 Rue du 19 Mars 1962,45.78319427,4.93186129,18:20:00,2024-02-05
202400008799,16:14,Plein jour,2B,2B037,1,1,1,6.0,TOUTES RUES,42.63021,9.43828,16:14:00,2024-09-27
202400008800,11:05,Plein jour,69,69264,2,1,1,6.0,Route de Frans,45.9852,4.73867,11:05:00,2024-02-05
202400008801,09:30,Plein jour,50,50395,1,1,2,1.0,RD 26,49.609076,-1.330376,09:30:00,2024-10-25
202400008802,17:25,Crépuscule,69,69276,2,9,1,3.0,Route de Vénissieux,45.68227,4.86848,17:25:00,2024-02-04
202400008803,20:45,Nuit avec éclairage,972,97213,2,1,1,6.0,ROUTE NATIONALE 5,14.59612,-60.98875,20:45:00,2024-08-30
202400008804,02:00,,69,69199,2,1,1,3.0,Rue Emile Zola,45.71179,4.85977,02:00:00,2024-02-04
202400008805,11:40,Plein jour,67,67043,2,1,1,6.0,BISCHWILLER (ROUTE DE),48.61143,7.75118,11:40:00,2024-02-03
202400008806,19:30,,77,77018,2,1,1,3.0,BD DE L EUROPE,48.85225,2.79496,19:30:00,2024-12-27
202400008807,09:10,Plein jour,64,64102,2,1,1,6.0,CHALIBARDON (RUE),43.49018,-1.45311,09:10:00,2024-02-05
202400008808,00:43,,974,97415,2,1,1,6.0,Chemin Champ de Merle,-21.048152,55.264637,00:43:00,2024-12-25
202400008809,19:17,,64,64102,2,1,1,2.0,LABOURD (PONT DU),43.486,-1.475,19:17:00,2024-02-04
202400008810,15:20,Plein jour,26,26301,2,6,1,3.0,Route de Valence,45.114723,4.963524,15:20:00,2024-12-18
202400008811,20:40,Nuit avec éclairage,63,63113,2,1,1,6.0,MARCHADIER (RUE ROBERT),45.79476,3.10915,20:40:00,2024-02-05
202400008812,18:00,Plein jour,85,85284,1,2,1,3.0,RD32,46.7911475,-1.8820309,18:00:00,2024-05-18
202400008813,13:59,Plein jour,63,63113,2,2,1,3.0,DORMOY (AVENUE MARX),45.7701,3.08126,13:59:00,2024-02-05
202400008814,14:10,Plein jour,27,27103,2,1,1,6.0,Rue de Rouen,49.35602,0.820262,14:10:00,2024-12-24
202400008815,18:45,Plein jour,91,91103,2,6,1,6.0,RUE ALBERT CAMUS,48.60911,2.31284,18:45:00,2024-08-21
202400008816,22:50,,62,62667,2,2,2,3.0,Rue Carnot,50.71269987,1.58643258,22:50:00,2024-01-31
202400008817,02:00,,91,91174,2,9,1,6.0,AVENUE SERGE DASSAULT,48.6155,2.456,02:00:00,2024-08-09
202400008818,18:40,Plein jour,59,59350,2,1,1,3.0,Rue des Postes,50.622484,3.053397,18:40:00,2024-02-05
202400008819,06:35,,59,59350,2,2,8,3.0,Rue Colbert,50.63503,3.04015,06:35:00,2024-02-05
202400008820,00:15,Nuit sans éclairage,50,50003,2,1,1,6.0,Route de Saint Malo de la Lande,49.050311,-1.576083,00:15:00,2024-10-18
202400008821,16:30,Plein jour,52,52121,2,1,2,7.0,ALPHANDERY (RUE) IMPAIR,48.09901,5.13493,16:30:00,2024-02-03
202400008822,05:50,Nuit sans éclairage,50,50209,1,1,2,6.0,Route du Vast,49.615993,-1.43908,05:50:00,2024-10-16
202400008823,19:54,,51,51573,2,1,1,3.0,VINGT NEUF AOUT 44 (AVENUE DU),49.2485,3.9946,19:54:00,2024-02-05
202400008824,16:24,Plein jour,57,57194,1,1,1,5.0,Autoroute A31,49.41922267,6.11029908,16:24:00,2024-06-24
202400008825,21:00,,51,51454,2,1,2,1.0,LABERTE (RUE ADOLPHE),49.28346,4.02262,21:00:00,2024-02-04
202400008826,17:40,,93,93010,2,7,8,3.0,CARROUGES (CHEMIN DES),48.88914,2.47125,17:40:00,2024-12-24
202400008827,16:37,Plein jour,49,49007,2,1,1,3.0,DE LATTRE DE TASSIGNY,47.44859,-0.53858,16:37:00,2024-02-02
202400008828,19:30,Nuit sans éclairage,60,60288,1,1,5,6.0,D150,49.56152,1.885357,19:30:00,2024-12-29
202400008829,18:00,,37,37261,2,1,8,2.0,FOUCAULD (RUE CHARLES DE),47.36153,0.70943,18:00:00,2024-02-05
202400008830,09:30,Plein jour,988,98812,1,9,1,2.0,Lieu dit Karembe,-20.617763,164.333518,09:30:00,2024-12-27
202400008831,23:30,Nuit sans éclairage,11,11145,1,1,6,6.0,Unknown,43.198896,3.170832,23:30:00,2024-12-19
202400008832,18:10,Crépuscule,37,37261,2,2,8,3.0,PREUILLY (BOULEVARD),47.39341,0.67186,18:10:00,2024-02-04
202400008833,07:45,Crépuscule,34,34129,2,1,1,6.0,FIGUIERES (AVENUE DE),43.58999,3.93416,07:45:00,2024-02-05
202400008834,11:30,Plein jour,42,42149,1,1,1,1.0,D115,45.650517,4.222344,11:30:00,2024-12-27
202400008835,00:46,Nuit sans éclairage,94,94073,1,1,2,6.0,A86,48.75525081,2.38268699,00:46:00,2024-11-19
202400008836,16:20,Plein jour,31,31555,2,3,1,3.0,SEJOURNE (AV PAUL) DU 1AU 16,43.6059257,1.42815426,16:20:00,2024-02-05
202400008837,12:15,Plein jour,31,31555,2,1,1,6.0,PL JEANNE D ARC,43.60889,1.44634,12:15:00,2024-02-05
202400008838,22:10,Nuit sans éclairage,91,91228,2,2,2,3.0,BD CHAMPS ELYSEES 198,48.63113,2.42494,22:10:00,2024-05-30
202400008839,16:30,Plein jour,91,91228,2,1,1,6.0,RUE DU BOIS BRIARD,48.62453,2.41963,16:30:00,2024-05-03
202400008840,14:15,Plein jour,29,29232,2,1,1,3.0,Avenue de la France Libre,48.003833,-4.098403,14:15:00,2024-02-05
202400008841,08:50,Plein jour,91,91136,2,9,2,1.0,Route de Villebon,48.709916,2.264669,08:50:00,2024-04-28
202400008842,16:05,Plein jour,29,29019,2,7,1,3.0,avenue Victor Le Gorgeu,48.39973,-4.497347,16:05:00,2024-02-05
202400008843,14:15,Plein jour,25,25462,2,1,1,3.0,DOUBS DE (DU 0 AU 24),46.90883,6.35537,14:15:00,2024-02-05
202400008844,19:50,Plein jour,91,91648,1,1,1,5.0,D26,48.563232,2.35822,19:50:00,2024-04-24
202400008845,07:15,,25,25462,2,2,1,6.0,GARE (DE LA),46.90332,6.3555,07:15:00,2024-02-05
202400008846,23:15,Nuit sans éclairage,38,38053,2,1,1,2.0,BOIS MARTEL,45.58257,5.29475,23:15:00,2024-08-31
202400008847,16:50,Plein jour,15,15014,2,1,7,2.0,Parking Avenue georges Pompidou,44.9138,2.45528,16:50:00,2024-02-03
202400008848,08:50,Plein jour,38,38053,2,6,1,2.0,ALPES,45.58566,5.26897,08:50:00,2024-08-27
202400008849,15:10,Plein jour,13,13215,2,1,1,3.0,CAP PINEDE (Avenue),43.32810767,5.36327977,15:10:00,2024-02-05
202400008850,03:11,,74,74002,2,1,1,1.0,Route d'annecy,45.82019,6.033248,03:11:00,2024-10-26
202400008851,09:15,Plein jour,13,13203,2,1,1,6.0,MATHIEU STILATTI (RUE),43.30922065,5.37656959,09:15:00,2024-02-05
202400008852,15:56,Plein jour,74,74280,1,1,1,3.0,D909,45.895642,6.301013,15:56:00,2024-10-25
202400008853,16:20,Plein jour,13,13005,2,6,1,6.0,CANIERS (AVENUE DES),43.29606,5.59547,16:20:00,2024-02-05
202400008854,21:45,,74,74243,1,1,1,7.0,A40,46.13280075,6.09864861,21:45:00,2024-10-25
202400008855,04:52,,10,10387,2,6,1,3.0,Boulevard Georges Pompidou,48.29073,4.08782,04:52:00,2024-02-05
202400008856,12:15,Plein jour,74,74010,2,1,1,1.0,Rue du champ de la taillée,45.887783,6.102632,12:15:00,2024-10-24
202400008857,08:45,Plein jour,74,74108,2,1,1,6.0,590 Rte d?Annecy,45.827599,6.200355,08:45:00,2024-10-24
202400008858,20:50,,06,06088,2,2,1,3.0,Avenue Georges Clemenceau,43.70222,7.26577,20:50:00,2024-02-05
202400008859,10:20,Plein jour,74,74056,2,1,1,6.0,42 Route des bossons,45.909025,6.843416,10:20:00,2024-10-24
202400008860,12:50,Plein jour,05,05061,1,1,1,7.0,RN85,44.58130585,6.08129203,12:50:00,2024-02-05
202400008861,19:40,Nuit sans éclairage,74,74250,1,1,1,4.0,A40,46.07521,6.38019,19:40:00,2024-10-21
202400008862,16:25,Plein jour,05,05061,2,6,1,3.0,EMILE DIDIER ( AV ),44.5655,6.09248,16:25:00,2024-01-23
202400008863,07:07,Crépuscule,74,74118,1,1,2,4.0,A40,46.17723,6.23563,07:07:00,2024-10-17
202400008864,19:15,,75,75106,2,2,1,6.0,BOULEVARD SAINT MICHEL,48.85276,2.343818,19:15:00,2024-02-05
202400008865,16:20,Plein jour,74,74185,1,3,1,3.0,808 Route du saleve,46.163912,6.236671,16:20:00,2024-10-21
202400008866,14:55,Plein jour,75,75112,2,1,1,2.0,AVENUE DE SAINT MAURICE,48.829235,2.41994,14:55:00,2024-02-05
202400008867,17:30,Plein jour,74,74010,1,1,1,1.0,Avenue d'aix-les-bains,45.867403,6.072543,17:30:00,2024-10-14
202400008868,09:30,Plein jour,75,75111,2,3,1,3.0,AVENUE PARMENTIER,48.859155,2.379477,09:30:00,2024-02-05
202400008869,20:30,Nuit sans éclairage,74,74295,1,1,8,1.0,RD 902,46.314183,6.6101,20:30:00,2024-10-13
202400008870,08:15,Plein jour,75,75110,2,4,1,6.0,BOULEVARD DE MAGENTA,48.87329666,2.35873595,08:15:00,2024-02-05
202400008871,03:20,Nuit avec éclairage,74,74262,1,1,5,2.0,A40,46.1321,6.32121,03:20:00,2024-10-12
202400008872,06:56,,75,75107,2,2,1,3.0,AVENUE DU MARECHAL GALLIENI,48.861051,2.313239,06:56:00,2024-02-05
202400008873,01:30,,94,94067,2,3,1,2.0,Avenue de Paris / Avenue Gambetta,48.845987,2.422832,01:30:00,2024-02-05
202400008874,01:00,Nuit sans éclairage,74,74282,1,1,1,1.0,D1203,46.03705215,6.24124098,01:00:00,2024-10-05
202400008875,17:06,Plein jour,94,94046,2,1,1,6.0,Rue du Gué aux Aurochs,48.814959,2.424102,17:06:00,2024-02-05
202400008876,16:00,Plein jour,74,74173,2,1,2,6.0,360 Rue des allobroges,45.858138,6.61296,16:00:00,2024-09-01
202400008877,14:40,Plein jour,94,94019,2,1,1,3.0,Rue Molière,48.803738,2.539396,14:40:00,2024-02-04
202400008878,19:10,,68,68166,2,5,2,3.0,INDUSTRIE (RUE DE L'),47.78857909,7.31005431,19:10:00,2024-12-04
202400008879,07:00,Crépuscule,93,93078,2,1,2,3.0,Rue de Paris,48.963346,2.534763,07:00:00,2024-02-04
202400008880,13:55,Plein jour,46,46042,2,1,1,6.0,JACOBINS (RUE DES),44.44921,1.44561,13:55:00,2024-12-05
202400008881,17:00,Plein jour,93,93064,2,2,1,3.0,Rue du Bel Air / Rue des 2 communes,48.87073286,2.50115561,17:00:00,2024-02-05
202400008882,08:50,Plein jour,93,93013,2,3,1,3.0,Rue Edouard Vaillant / Rue Castelnau,48.93686,2.43165,08:50:00,2024-02-05
202400008883,09:30,Plein jour,94,94046,2,2,1,3.0,Rue de Normandie / Rue Gabriel Péri,48.81146,2.43749,09:30:00,2024-01-13
202400008884,11:30,Plein jour,38,38175,2,1,1,6.0,Rue Joliot Curie,45.272236,5.921057,11:30:00,2024-12-20
202400008885,10:42,Plein jour,93,93027,2,2,2,3.0,Avenue Jean Jaurès / Rue Corneille,48.9244,2.40165,10:42:00,2024-02-03
202400008886,17:00,Plein jour,34,34077,2,3,1,3.0,M21,43.651754,3.897539,17:00:00,2024-11-28
202400008887,06:10,,93,93008,2,1,2,7.0,Avenue Paul Vaillant - Couturier,48.908499,2.451632,06:10:00,2024-02-04
202400008888,16:40,Plein jour,972,97213,1,1,1,4.0,ROUTE DEPARTEMENTALE 15,14.61987,-61.00579,16:40:00,2024-06-15
202400008889,07:55,Plein jour,92,92012,2,9,1,3.0,ROBERT SCHUMAN (AVENUE),48.8441,2.24976,07:55:00,2024-02-05
202400008890,21:30,Nuit sans éclairage,972,97213,1,1,1,3.0,ROUTE DEPARTEMENTALE 3,14.59928,-60.99885,21:30:00,2024-06-15
202400008891,10:35,Plein jour,972,97213,2,6,1,2.0,ROUTE NATIONALE 1,14.62375,-60.9879,10:35:00,2024-06-20
202400008892,03:29,,972,97213,1,1,1,1.0,ROUTE DEPARTEMENTALE 15,14.64805,-61.01054,03:29:00,2024-06-23
202400008893,07:55,Plein jour,972,97213,1,1,1,1.0,ROUTE DEPARTEMENTALE 3 BIS,14.65561,-60.98609,07:55:00,2024-06-11
202400008894,02:20,,972,97213,2,6,1,6.0,ROUTE DEPARTEMENTALE 15,14.6222,-61.006552,02:20:00,2024-06-07
202400008895,08:00,Plein jour,59,59305,1,1,1,2.0,AUTOROUTE A25,50.88778,2.51287,08:00:00,2024-06-08
202400008896,16:15,Plein jour,43,43040,2,1,1,6.0,rue gustave eiffel,45.315122,3.374943,16:15:00,2024-09-20
202400008897,17:50,Nuit sans éclairage,02,02359,1,1,5,6.0,Unknown,49.812486,3.288656,17:50:00,2024-12-28
202400008898,16:15,Plein jour,73,73151,1,3,7,1.0,D201 Route des Marches,45.50261981,6.03810489,16:15:00,2024-10-27
202400008899,14:05,Plein jour,73,73213,1,1,1,6.0,Autoroute A43 - PK 096.600,45.55539705,5.95339887,14:05:00,2024-10-26
202400008900,10:25,Plein jour,84,84089,1,2,1,4.0,Route de la Bonde,43.706546,5.504943,10:25:00,2024-06-22
202400008901,17:30,Plein jour,84,84086,1,9,1,4.0,D900,43.86235,5.177414,17:30:00,2024-09-27
202400008902,17:00,Plein jour,19,19058,1,1,8,6.0,D47,45.484526,2.153374,17:00:00,2024-10-25
202400008903,04:00,Nuit sans éclairage,19,19274,2,1,5,2.0,avenue du griffolet,45.163801,1.481577,04:00:00,2024-11-06
202400008904,16:35,Plein jour,19,19106,1,3,1,7.0,Barrierot,45.305074,2.14073,16:35:00,2024-10-24
202400008905,17:35,Plein jour,19,19228,2,9,1,3.0,18 Le Bourg,45.32462105,2.20503151,17:35:00,2024-08-05
202400008906,18:30,,42,42218,2,1,8,5.0,Rue de la Montat,45.441,4.40359,18:30:00,2024-11-11
202400008907,16:00,Plein jour,68,68149,1,6,1,2.0,ALSACE ( AVENUE ),47.60045598,7.58401206,16:00:00,2024-11-29
202400008908,21:10,Plein jour,33,33281,1,3,1,6.0,Unknown,44.84662,-0.72067,21:10:00,2024-08-22
202400008909,13:00,Plein jour,27,27082,1,1,1,1.0,D830,49.002266,1.051083,13:00:00,2024-08-28
202400008910,12:30,Plein jour,77,77111,2,1,1,2.0,D344,48.85562,2.77036,12:30:00,2024-12-16
202400008911,11:50,Plein jour,45,45075,2,1,1,3.0,1 Rue d'Aquitaine,47.90032,1.8534,11:50:00,2024-12-09
202400008912,17:45,Plein jour,28,28033,2,2,1,7.0,Rue Saint-exupéry,48.506412,1.057917,17:45:00,2024-09-13
202400008913,21:00,Crépuscule,84,84031,2,1,1,2.0,OLIVIERS ALLEE DES,44.05333,5.06498,21:00:00,2024-08-22
202400008914,15:45,Plein jour,84,84015,1,1,1,3.0,D974,44.179865,5.247002,15:45:00,2024-07-11
202400008915,16:15,Plein jour,78,78621,2,1,1,2.0,TEISSERENC DE BORD (RUE),48.774415,2.006524,16:15:00,2024-06-03
202400008916,05:25,,77,77216,2,3,8,2.0,RUE WILSON,48.313,2.68321,05:25:00,2024-06-02
202400008917,11:39,Plein jour,77,77186,1,6,1,3.0,RD606. de la rochette à l'obélisque,48.408264,2.686843,11:39:00,2024-06-03
202400008918,13:00,Plein jour,76,76575,2,3,1,3.0,Rue Ernest Renan,49.39859,1.06705,13:00:00,2024-06-02
202400008919,21:50,Crépuscule,76,76351,2,2,1,7.0,LIEUTENANT CLERIVET,49.507134,0.175,21:50:00,2024-06-02
202400008920,02:30,Nuit avec éclairage,76,76341,2,1,1,7.0,ORCHER,49.5051,0.20481,02:30:00,2024-06-03