Num_Acc,hrmn,lum,dep,com,agg,int,atm,col,adr,lat,long,heure,date
202400008921,03:05,,76,76351,2,6,1,7.0,FRISSARD (QUAI),49.4914,0.1325,03:05:00,2024-06-01
202400008922,11:25,Plein jour,74,74012,2,1,1,2.0,DE GAULLE (AVENUE CHARLES),46.18462,6.24694,11:25:00,2024-06-03
202400008923,17:35,Plein jour,73,73065,2,2,1,3.0,MONTMELIAN (FAUBOURG),45.56743,5.93758,17:35:00,2024-05-10
202400008924,14:40,Plein jour,72,72181,1,9,1,3.0,LATTRE DE TASSIGNY MARECHAL DE (BD),48.02966,0.18386,14:40:00,2024-06-01
202400008925,08:15,Plein jour,71,71540,2,9,1,2.0,CENTRE A CENTRE (ROUTE),46.76649,4.44725,08:15:00,2024-06-03
202400008926,10:10,Plein jour,64,64445,2,2,1,1.0,CHAMPETIER DE RIBES,43.30328,-0.37844,10:10:00,2024-06-03
202400008927,08:50,Plein jour,64,64445,2,1,7,6.0,MARGUERITE LABORDE,43.30021,-0.36763,08:50:00,2024-06-03
202400008928,11:10,Plein jour,64,64445,2,1,1,6.0,PAIX,43.3184911,-0.34581453,11:10:00,2024-06-02
202400008929,00:39,,64,64122,2,1,1,6.0,CHAPELET (RUE),43.46431108,-1.54262692,00:39:00,2024-05-18
202400008930,13:10,Plein jour,64,64122,2,3,1,3.0,MAYOL DE SENILLOSA (BD),43.48657,-1.54325,13:10:00,2024-06-02
202400008931,20:55,Plein jour,62,62065,2,1,1,7.0,Rue des Atrebates,50.39036,2.831093,20:55:00,2024-05-11
202400008932,18:25,Plein jour,62,62193,2,1,1,2.0,Avenue Antoine de Saint Exupéry,50.94701,1.92077,18:25:00,2024-06-03
202400008933,08:20,Plein jour,59,59599,2,1,1,6.0,Place de la Victoire,50.71687258,3.15854565,08:20:00,2024-06-03
202400008934,17:50,Plein jour,59,59350,2,1,1,5.0,Rue Maurice Berteaux,50.62301,3.09871,17:50:00,2024-05-25
202400008935,12:40,Plein jour,51,51454,2,1,1,3.0,EUROPE (AVENUE DE L'),49.25194,4.06337,12:40:00,2024-06-03
202400008936,14:30,Plein jour,51,51454,2,3,1,2.0,WITRY (ROUTE DE),49.26836,4.06885,14:30:00,2024-06-03
202400008937,12:15,Plein jour,51,51454,2,3,1,3.0,BREBANT (AVENUE) DU 1 A 86,49.25908,4.00964,12:15:00,2024-06-03
202400008938,09:20,Plein jour,51,51058,2,1,2,6.0,RUE LOUIS RENAULT,49.22564,4.00517,09:20:00,2024-06-02
202400008939,12:35,Plein jour,50,50147,1,1,1,1.0,ROCADE NORD,49.0570515,-1.4615149,12:35:00,2024-06-02
202400008940,13:38,Plein jour,46,46042,1,1,2,3.0,Départementale 820,44.47374,1.4326,13:38:00,2024-06-01
202400008941,01:30,Nuit sans éclairage,45,45068,1,1,1,6.0,D2007 PR 15 + 972,48.025955,2.740759,01:30:00,2024-06-04
202400008942,16:40,Plein jour,44,44109,2,6,1,6.0,65 Boulevard Lelasseur,47.22964973,-1.57215761,16:40:00,2024-06-03
202400008943,12:30,Plein jour,43,43089,2,1,1,7.0,22 Avenue de la Mairie,45.04625,3.86578,12:30:00,2024-06-03
202400008944,23:23,,42,42218,2,2,1,3.0,Boulevard Fredo Krumnow,45.4416,4.3789,23:23:00,2024-05-11
202400008945,08:00,Plein jour,37,37122,2,1,1,3.0,LAVOISIER (RUE),47.34671,0.65846,08:00:00,2024-06-03
202400008946,10:25,Plein jour,35,35238,2,6,7,3.0,FORCES FRANCAISES DE L'ONU (ROND POINT),48.0895,-1.68262,10:25:00,2024-06-03
202400008947,13:45,Plein jour,34,34032,1,2,1,2.0,RD.11,43.33444,3.1646,13:45:00,2024-06-02
202400008948,13:50,Plein jour,33,33281,2,1,1,2.0,Unknown,44.82997,-0.65995,13:50:00,2024-06-03
202400008949,12:05,Plein jour,33,33318,2,1,1,2.0,Unknown,44.7854,-0.6824,12:05:00,2024-06-03
202400008950,13:45,Plein jour,33,33529,2,1,1,6.0,Unknown,44.6393,-1.1546,13:45:00,2024-06-03
202400008951,23:35,Nuit sans éclairage,31,31555,2,1,1,3.0,RTE DE SAINT SIMON,43.5803847,1.39474131,23:35:00,2024-06-03
202400008952,18:00,Plein jour,31,31069,2,1,1,2.0,BRASSENS (AV GEORGES),43.647975,1.375703,18:00:00,2024-06-03
202400008953,07:20,Plein jour,31,31555,2,1,1,3.0,RTE D ESPAGNE,43.56361316,1.42506081,07:20:00,2024-06-03
202400008954,10:20,Plein jour,30,30007,2,1,1,1.0,MAS D'HOURS (QUAI DU),44.10712,4.09641,10:20:00,2024-06-03
202400008955,10:25,Plein jour,28,28134,2,1,1,6.0,VIEUX PRE (PLACE DU),48.73253,1.36489,10:25:00,2024-06-03
202400008956,16:30,Plein jour,27,27229,2,2,1,3.0,BUZOT (RUE),49.02754,1.1553,16:30:00,2024-06-03
202400008957,15:25,Plein jour,27,27229,2,1,1,3.0,DUCY (RUE HENRI),49.02272,1.14867,15:25:00,2024-06-03
202400008958,12:22,Plein jour,17,17300,2,3,1,6.0,LECLERC   AVENUE DU GENERAL,46.16267,-1.16073,12:22:00,2024-06-03
202400008959,18:20,Plein jour,16,16358,2,6,1,3.0,Unknown,45.67307,0.12567,18:20:00,2024-06-03
202400008960,17:20,Plein jour,15,15012,2,1,1,2.0,RD 320,44.90201,2.45782,17:20:00,2024-06-01
202400008961,13:05,Plein jour,13,13117,1,3,1,3.0,LONDRES (AVENUE DE),43.42723,5.23544,13:05:00,2024-06-03
202400008962,11:40,Plein jour,13,13205,2,2,1,3.0,SAINTE CECILE (RUE),43.28713461,5.39175693,11:40:00,2024-06-03
202400008963,12:00,Plein jour,13,13208,2,1,1,3.0,PRADO (AVENUE DU),43.26875575,5.38547695,12:00:00,2024-06-03
202400008964,18:50,Plein jour,13,13047,2,6,1,3.0,FELIX GOUIN AVENUE,43.49909,4.98624,18:50:00,2024-06-03
202400008965,17:30,Plein jour,07,07281,2,1,1,3.0,REPUBLIQUE (RUE DE LA),44.94542,4.84292,17:30:00,2024-06-03
202400008966,07:26,Plein jour,06,06088,2,1,1,6.0,40 Avenue du Ray,43.72477,7.2570451,07:26:00,2024-06-03
202400008967,09:20,Plein jour,03,03185,2,2,1,3.0,GUESDE ( AVENUE JULES ),46.33842,2.57445,09:20:00,2024-06-03
202400008968,10:10,Plein jour,01,01053,2,3,1,3.0,VICAIRE (RUE GABRIEL),46.20791,5.22428,10:10:00,2024-06-03
202400008969,22:00,,75,75116,2,1,1,7.0,BD PERIPHERIQUE EXTERIEUR,48.87705,2.279356,22:00:00,2024-06-02
202400008970,10:10,Plein jour,75,75120,2,3,1,6.0,RUE DE MENILMONTANT,48.868673,2.389643,10:10:00,2024-06-03
202400008971,08:50,Plein jour,75,75120,2,3,1,6.0,RUE D AVRON,48.851572,2.399522,08:50:00,2024-06-03
202400008972,22:17,,75,75114,2,2,2,3.0,AVENUE DE LA PORTE DE CHATILLON,48.822661,2.314846,22:17:00,2024-06-01
202400008973,10:12,Plein jour,75,75120,2,5,2,6.0,RUE DES PYRENEES,48.856275,2.404894,10:12:00,2024-06-01
202400008974,15:25,Plein jour,75,75110,2,4,1,6.0,RUE LA FAYETTE,48.882406,2.369134,15:25:00,2024-06-03
202400008975,12:55,Plein jour,75,75109,2,3,1,1.0,RUE DE CLICHY,48.878989,2.329588,12:55:00,2024-06-03
202400008976,15:02,Plein jour,75,75107,2,3,1,6.0,AVENUE DE LA BOURDONNAIS,48.859907,2.296742,15:02:00,2024-06-03
202400008977,08:45,Plein jour,75,75115,2,1,1,3.0,RUE GASTON BOISSIER,48.829341,2.294969,08:45:00,2024-06-03
202400008978,19:15,Plein jour,75,75101,2,2,1,2.0,RUE CAMBON,48.867444,2.326212,19:15:00,2024-06-03
202400008979,02:50,,94,94067,2,2,1,3.0,Avenue de Paris / Avenue Aubert,48.84591,2.42369,02:50:00,2024-06-02
202400008980,07:30,Plein jour,94,94068,2,2,1,3.0,Avenue François Adam / Rue du Docteur Roux,48.79246,2.49153,07:30:00,2024-06-03
202400008981,14:25,Plein jour,94,94041,2,2,1,6.0,Rue Pierre et Marie Curie / Avenue de Verdun,48.81308,2.37082,14:25:00,2024-06-03
202400008982,21:17,Plein jour,94,94076,2,1,1,6.0,Rue Marcel Grosménil,48.796529,2.354644,21:17:00,2024-06-02
202400008983,15:30,Plein jour,94,94019,2,6,1,6.0,Rue Rabelais / Route du Plessis,48.8047203,2.55413774,15:30:00,2024-06-03
202400008984,15:15,Plein jour,52,52093,1,1,1,6.0,D17,47.79781344,5.41897894,15:15:00,2024-10-20
202400008985,11:10,Plein jour,94,94075,2,3,1,5.0,Avenue du Mal de Lattre de Tassigny / Route de la Grange,48.73429828,2.52032161,11:10:00,2024-06-03
202400008986,20:14,Nuit sans éclairage,88,88116,1,1,2,7.0,Route du Menil,47.938319,6.82664,20:14:00,2024-10-16
202400008987,09:00,Plein jour,93,93062,2,2,1,3.0,Allée des Coteaux / Avenue Thiers,48.89701,2.52304,09:00:00,2024-06-03
202400008988,21:40,,93,93057,2,2,1,3.0,Allée du Colonel Fabien / Allée de l'Enclos Fleury,48.912472,2.505736,21:40:00,2024-06-02
202400008989,03:30,Nuit sans éclairage,95,95678,1,1,2,6.0,N184,49.07329,2.241898,03:30:00,2024-10-20
202400008990,20:19,Plein jour,93,93001,2,3,1,3.0,Rue des Postes / Rue des Quatre Chemins,48.903563,2.389723,20:19:00,2024-06-02
202400008991,10:15,Plein jour,973,97309,2,1,1,6.0,Route de Montjoly,4.925293,-52.286167,10:15:00,2024-10-20
202400008992,18:40,Plein jour,92,92046,2,1,1,6.0,JULES GUESDE (RUE),48.81402,2.28707,18:40:00,2024-06-03
202400008993,15:30,Plein jour,92,92064,2,9,1,2.0,GEORGES CLEMENCEAU,48.84144351,2.22123814,15:30:00,2024-06-03
202400008994,05:30,Plein jour,987,98715,2,1,1,3.0,RT 1 PK 6.100,-17.564586,-149.612178,05:30:00,2024-10-19
202400008995,21:20,Plein jour,92,92050,2,2,1,3.0,NATIONAL (BOULEVARD),48.89012471,2.18063687,21:20:00,2024-06-03
202400008996,02:30,,92,92051,2,1,1,6.0,SAINTE FOY (AVENUE),48.88698365,2.26478049,02:30:00,2024-06-03
202400008997,21:45,Nuit sans éclairage,69,69027,2,3,1,6.0,Route Départementale 342,45.680302,4.768238,21:45:00,2024-10-19
202400008998,18:30,Plein jour,92,92050,2,3,1,3.0,SAINT CLOUD RUE DE,48.88574,2.20106,18:30:00,2024-06-03
202400008999,11:01,Plein jour,92,92023,2,1,1,6.0,NORMANDIE (RUE DE),48.78430712,2.24109507,11:01:00,2024-06-03
202400009000,11:45,Plein jour,72,72175,1,3,1,7.0,D 13,47.707231,0.093609,11:45:00,2024-10-19
202400009001,14:50,Plein jour,92,92007,2,1,1,6.0,HUGO (AVENUE VICTOR),48.80540431,2.32367098,14:50:00,2024-06-03
202400009002,09:00,Plein jour,971,97125,2,1,1,2.0,Chemin militaire,16.262326,-61.28545,09:00:00,2024-10-16
202400009003,18:40,Plein jour,50,50027,1,2,8,3.0,La Chauviniere,48.692968,-1.441306,18:40:00,2024-06-04
202400009004,05:30,Crépuscule,06,06054,1,1,1,6.0,Ligne de Nice à Breil-sur-Roya (Pont),43.764508,7.323745,05:30:00,2024-06-04
202400009005,15:00,Plein jour,33,33199,2,1,1,1.0,Unknown,44.62439,-1.065897,15:00:00,2024-10-20
202400009006,15:34,Plein jour,95,95480,2,1,1,6.0,D4,49.10975927,2.2063714,15:34:00,2024-06-04
202400009007,01:30,Nuit sans éclairage,91,91671,2,1,2,6.0,D191,48.457729,2.26173,01:30:00,2024-10-19
202400009008,13:40,Plein jour,95,95052,2,9,1,6.0,D78,49.14441853,2.28575268,13:40:00,2024-06-04
202400009009,14:30,Plein jour,66,66171,2,1,1,3.0,Boulevard Aristide Maillol,42.62901,3.033702,14:30:00,2024-10-20
202400009010,13:30,Plein jour,49,49188,1,1,1,7.0,La Croix des Landes,47.574702,-0.322874,13:30:00,2024-06-03
202400009011,22:00,Nuit sans éclairage,66,66037,1,1,1,6.0,RD 617,42.706533,2.988957,22:00:00,2024-10-19
202400009012,10:45,Plein jour,63,63349,1,1,5,3.0,lafont,45.94562,2.869905,10:45:00,2024-06-03
202400009013,07:10,Nuit sans éclairage,34,34067,1,1,2,6.0,D 4,43.915153,3.702039,07:10:00,2024-10-19
202400009014,15:20,Plein jour,62,62166,1,1,1,3.0,D916,50.45563669,2.39007065,15:20:00,2024-06-03
202400009015,07:15,Plein jour,83,83018,1,1,1,6.0,D13 PK 2.400,43.33514587,6.17702355,07:15:00,2024-06-04
202400009016,16:21,Plein jour,05,05038,1,1,2,6.0,D902,44.71925446,6.76142514,16:21:00,2024-10-19
202400009017,12:00,Plein jour,04,04197,2,1,1,6.0,rd 4096,43.789243,5.771792,12:00:00,2024-10-20
202400009018,14:30,Plein jour,30,30047,1,3,1,2.0,D6113,43.795098,4.422442,14:30:00,2024-06-03
202400009019,09:00,Plein jour,03,03187,1,1,1,6.0,Route de Gayette,46.347935,3.452625,09:00:00,2024-10-20
202400009020,09:45,Plein jour,56,56158,1,6,1,3.0,giratoire Kroashent-tro Flumir,47.699838,-2.796106,09:45:00,2024-06-04
202400009021,10:15,Plein jour,77,77239,1,2,1,3.0,D231,48.655636,3.14945,10:15:00,2024-06-03
202400009022,23:50,Nuit avec éclairage,61,61211,2,1,1,6.0,D827,48.542423,-0.578665,23:50:00,2024-05-15
202400009023,14:05,Plein jour,01,01396,1,1,1,5.0,D122,45.872277,5.385801,14:05:00,2024-10-20
202400009024,20:00,Plein jour,55,55010,1,1,1,6.0,Chemin de Chancenay,48.64269,5.021476,20:00:00,2024-06-04
202400009025,18:10,Plein jour,49,49167,1,1,1,1.0,Route des Coteaux,47.403534,-0.500146,18:10:00,2024-06-03
202400009026,15:25,Plein jour,17,17308,2,2,1,4.0,Avenue de Villeneuve,45.871377,-0.960083,15:25:00,2024-10-19
202400009027,20:28,Crépuscule,25,25620,1,1,2,1.0,D437,47.008648,6.480476,20:28:00,2024-06-03
202400009028,12:50,Plein jour,25,25482,1,1,1,6.0,D67,47.26792,5.836685,12:50:00,2024-06-04
202400009029,23:30,Nuit sans éclairage,40,40244,1,1,2,6.0,D824,43.703444,-1.17794,23:30:00,2024-10-18
202400009030,06:30,Nuit sans éclairage,24,24382,1,1,1,6.0,Route de Sarlat,44.841276,0.667167,06:30:00,2024-10-20
202400009031,15:50,Plein jour,44,44092,2,1,1,4.0,1 Rue de la Grotte,47.671984,-1.912522,15:50:00,2024-06-02
202400009032,16:45,Plein jour,07,07010,1,3,7,3.0,Avenue Ferdinand Janvier,45.26298899,4.6672073,16:45:00,2024-06-03
202400009033,22:50,,40,40267,2,1,1,6.0,37 Allées Gaston Phoebus,43.977769,-0.233114,22:50:00,2024-06-02
202400009034,21:00,Nuit sans éclairage,50,50294,1,1,1,6.0,D352,49.602436,-1.638293,21:00:00,2024-10-19
202400009035,12:20,Plein jour,24,24291,1,1,1,3.0,124 Route de Sarlat,45.064098,1.17656,12:20:00,2024-06-03
202400009036,04:26,Nuit sans éclairage,80,80105,1,2,1,3.0,D930,49.743487,2.884748,04:26:00,2024-10-20
202400009037,17:00,Plein jour,30,30268,1,1,1,3.0,970 Route Departementale 59,44.231732,4.145746,17:00:00,2024-06-04
202400009038,10:30,Plein jour,08,08449,1,1,1,6.0,Unknown,49.711549,4.553919,10:30:00,2024-06-02
202400009039,19:00,Plein jour,69,69273,1,1,1,5.0,Route Départementale 301,45.67908096,4.89697312,19:00:00,2024-09-27
202400009040,08:36,Plein jour,06,06088,1,1,1,7.0,A8 PK 193.050,43.71822,7.213978,08:36:00,2024-06-04
202400009041,11:45,Plein jour,974,97417,2,1,1,4.0,16b ravine ango,-21.352875,55.785482,11:45:00,2024-06-03
202400009042,13:15,Plein jour,974,97408,1,1,1,3.0,N1,-20.909974,55.356417,13:15:00,2024-06-04
202400009043,17:13,Plein jour,92,92064,1,1,1,2.0,A13,48.84146307,2.22135306,17:13:00,2024-10-18
202400009044,13:18,Plein jour,92,92036,1,1,8,2.0,A86,48.9348887,2.26784952,13:18:00,2024-10-18
202400009045,18:25,Plein jour,78,78590,1,1,1,3.0,D149,48.681979,1.982646,18:25:00,2024-06-03
202400009046,12:35,Plein jour,13,13081,1,1,1,1.0,D21,43.492884,5.221295,12:35:00,2024-06-03
202400009047,11:02,Plein jour,40,40294,1,1,1,6.0,Route de Saint Pandelon,43.657859,-1.012448,11:02:00,2024-05-28
202400009048,22:45,,95,95277,1,1,1,2.0,D170 ,48.97768924,2.46264476,22:45:00,2024-10-18
202400009049,12:00,Plein jour,33,33219,1,2,1,2.0,Unknown,44.97613,-0.393507,12:00:00,2024-06-03
202400009050,17:20,Plein jour,33,33535,1,1,1,3.0,Unknown,44.827303,-0.459902,17:20:00,2024-06-03
202400009051,15:20,Plein jour,77,77363,1,1,8,3.0,A104.INT,48.91014515,2.63702434,15:20:00,2024-10-18
202400009052,10:30,Plein jour,50,50599,2,1,1,6.0,48 Les Amonteux,49.588923,-1.600955,10:30:00,2024-06-02
202400009053,20:00,,69,69382,2,1,1,3.0,4 Quai Jules Courmont,45.76223512,4.83812304,20:00:00,2024-10-18
202400009054,06:35,Crépuscule,14,14646,1,2,1,3.0,D247,48.92991,-0.205031,06:35:00,2024-06-03
202400009055,12:05,Plein jour,69,69034,2,2,1,3.0,Avenue Général de Gaulle,45.81246,4.85967,12:05:00,2024-10-18
202400009056,19:27,Plein jour,22,22299,1,2,1,3.0,Le Bois du Rocher,48.482038,-1.961544,19:27:00,2024-06-03
202400009057,12:15,Plein jour,22,22162,2,1,1,2.0,Rue de Penvern,48.767165,-3.057386,12:15:00,2024-06-03
202400009058,19:41,,2B,2B033,2,6,1,3.0,AV DE LA LIBERATION,42.678,9.443,19:41:00,2024-10-18
202400009059,15:25,Plein jour,67,67482,1,1,1,2.0,M35,48.57972,7.72459,15:25:00,2024-05-31
202400009060,12:25,Plein jour,971,97113,1,1,2,7.0,Pont de BLANCHARD,16.22268,-61.52449,12:25:00,2024-10-08
202400009061,23:17,Nuit sans éclairage,33,33122,1,1,1,2.0,Unknown,44.724648,-0.733285,23:17:00,2024-06-03
202400009062,06:25,Plein jour,59,59343,1,1,1,6.0,AUTOROUTE A1,50.59078,3.09776,06:25:00,2024-05-31
202400009063,07:47,Plein jour,971,97101,1,3,1,3.0,ROUTE DE BOISVINS,16.2652478,-61.48090839,07:47:00,2024-10-16
202400009064,20:05,Plein jour,94,94038,1,1,1,3.0,A6A,48.78216297,2.34689144,20:05:00,2024-06-03
202400009065,11:37,Plein jour,2A,2A004,2,1,1,3.0,#Residence des Fleurs#,41.9404,8.7507,11:37:00,2024-10-18
202400009066,07:30,Plein jour,94,94034,1,1,1,2.0,A86,48.75582579,2.33773375,07:30:00,2024-06-03
202400009067,10:50,Plein jour,91,91689,1,3,8,3.0,RTE DE MONTJEAN,48.74059,2.336316,10:50:00,2024-10-18
202400009068,08:00,Plein jour,92,92036,1,1,1,3.0,A86,48.93368348,2.27544143,08:00:00,2024-06-03
202400009069,06:00,Crépuscule,92,92064,1,1,1,3.0,A13,48.83812303,2.19111804,06:00:00,2024-06-03
202400009070,11:05,Plein jour,91,91657,2,1,8,3.0,AV HENRI BARBUSSE,48.69977,2.41852,11:05:00,2024-10-18
202400009071,17:52,Plein jour,78,78362,1,1,1,7.0,A13,48.975703,1.724171,17:52:00,2024-06-01
202400009072,06:45,Nuit sans éclairage,91,91691,2,1,2,1.0,GERMAINE(RUE),48.699408,2.487446,06:45:00,2024-10-18
202400009073,22:45,Nuit sans éclairage,78,78208,1,1,2,7.0,RN12 INT,48.799994,1.981554,22:45:00,2024-05-31
202400009074,22:43,,88,88413,2,1,1,2.0,Rue des 4 Fréres MOUGEOTTE,48.28345,6.95658,22:43:00,2024-10-17
202400009075,03:40,Nuit avec éclairage,95,95582,1,1,2,6.0,A15,48.96404017,2.26342765,03:40:00,2024-06-02
202400009076,20:33,,86,86194,2,2,1,3.0,Boulevard Bajon,46.581078,0.352835,20:33:00,2024-10-18
202400009077,09:18,Plein jour,44,44114,2,1,8,5.0,Unknown,47.26462193,-1.59395143,09:18:00,2024-04-11
202400009078,12:48,Plein jour,44,44109,2,1,1,6.0,Boulevard Bâtonnier Cholet,47.2001127,-1.61258385,12:48:00,2024-04-11
202400009079,08:00,Plein jour,84,84007,2,1,8,2.0,EUROPE (PONT DE L'),43.94457,4.79491,08:00:00,2024-10-18
202400009080,23:39,,44,44143,2,6,1,7.0,74 Rue de la Chaussée,47.17877297,-1.52816013,23:39:00,2024-04-09
202400009081,18:00,Plein jour,81,81065,1,1,8,6.0,LAUTREC RD 83 (RTE DE),43.63891,2.19522,18:00:00,2024-10-18
202400009082,14:31,Plein jour,44,44109,2,3,8,3.0,36 Rue de Gigant,47.21448563,-1.57215642,14:31:00,2024-04-09
202400009083,18:40,Crépuscule,80,80021,1,1,1,7.0,Chaussée Saint-Pierre,49.90207,2.30013,18:40:00,2024-10-18
202400009084,07:35,Plein jour,44,44109,2,6,1,3.0,Route de Vannes,47.23778995,-1.58612259,07:35:00,2024-04-09
202400009085,08:40,Plein jour,44,44143,2,1,1,7.0,68 Rue Camille Claudel,47.1658427,-1.55186933,08:40:00,2024-04-09
202400009086,09:49,Plein jour,44,44109,2,1,8,6.0,55 boulevard paul chabas,47.22189203,-1.58995661,09:49:00,2024-04-08
202400009087,23:10,Nuit sans éclairage,78,78217,2,9,3,6.0,ROUTE DE SEPTEUIL,48.929067,1.790255,23:10:00,2024-09-08
202400009088,07:08,Crépuscule,44,44162,2,6,1,3.0,Rond-Point des Moulinets,47.215,-1.639,07:08:00,2024-04-05
202400009089,10:45,Plein jour,62,62193,2,1,1,6.0,Boulevard du Général de Gaulle,50.96072,1.83441,10:45:00,2024-05-26
202400009090,20:15,,78,78297,2,1,8,7.0,WRIGHT (RUE FRANCK-LLOYD),48.76651,2.07563,20:15:00,2024-10-18
202400009091,13:20,Plein jour,974,97416,2,1,1,2.0,PRESIDENT MITTERAND(AVENUE),-21.34291,55.48138,13:20:00,2024-06-02
202400009092,17:50,Plein jour,78,78644,2,1,8,2.0,NOES  (AVENUE DES),48.75798,1.95756,17:50:00,2024-10-18
202400009093,20:10,Plein jour,69,69388,2,2,1,3.0,Rue Saint Gervais,45.74178,4.8621,20:10:00,2024-06-02
202400009094,14:20,Plein jour,69,69034,2,1,1,3.0,53 Quai Clemenceau,45.79627,4.83335,14:20:00,2024-05-27
202400009095,05:40,,69,69382,2,2,1,3.0,Quai Perrache,45.73406,4.81799,05:40:00,2024-06-02
202400009096,17:30,Plein jour,77,77269,1,2,1,3.0,D408,48.542457,2.70406577,17:30:00,2024-10-17
202400009097,15:42,Plein jour,2A,2A004,2,3,1,3.0,SAMPIERO BD,41.92489,8.73887,15:42:00,2024-06-02
202400009098,14:00,Plein jour,95,95574,2,1,1,3.0,D192P,49.016552,2.263418,14:00:00,2024-06-02
202400009099,16:30,Plein jour,77,77251,2,1,1,6.0,BD VICTOR SCHOELCHER,48.63039,2.55579,16:30:00,2024-10-17
202400009100,17:45,Plein jour,84,84080,1,1,1,1.0,BEAUREGARD CHEMIN DE,44.0106,4.96636,17:45:00,2024-06-01
202400009101,05:45,Nuit sans éclairage,77,77186,1,1,2,6.0,RD152,48.3537,2.61582,05:45:00,2024-10-18
202400009102,19:30,Plein jour,83,83126,2,6,1,3.0,RENOIR (AV AUGUSTE),43.084,5.866,19:30:00,2024-06-02
202400009103,11:16,Plein jour,79,79329,2,2,1,3.0,Unknown,46.98377,-0.21432,11:16:00,2024-06-02
202400009104,20:30,Plein jour,76,76026,2,6,1,1.0,ROUTE DE SAINT NICOLAS,49.88270437,1.14191526,20:30:00,2024-06-02
202400009105,11:30,Plein jour,73,73065,2,6,1,3.0,D991 / PIOCHET (RUE DU),45.58592,5.92301,11:30:00,2024-06-02
202400009106,05:20,,74,74012,2,9,2,6.0,ZOLA (RUE EMILE),46.19,6.23,05:20:00,2024-10-18
202400009107,13:20,Plein jour,69,69266,2,2,2,3.0,Rue Jules Kumer,45.76615,4.89063,13:20:00,2024-06-02
202400009108,16:20,Plein jour,69,69091,2,9,1,3.0,Rue de la Paix,45.58457,4.74968,16:20:00,2024-06-01
202400009109,02:15,,66,66136,2,1,1,6.0,Avenue Maréchal Joffre,42.70786317,2.89128721,02:15:00,2024-06-02
202400009110,18:15,Crépuscule,72,72181,2,3,2,3.0,ROSTOV SUR LE DON (RUE) N° PAIRS,48.00659,0.19714,18:15:00,2024-10-17
202400009111,10:00,Plein jour,65,65286,2,1,1,6.0,Rue du Docteur Bouriot,43.0916926,-0.04520971,10:00:00,2024-06-01
202400009112,16:25,Plein jour,64,64445,2,1,1,2.0,ESPALUNGUE D',43.29601,-0.37595,16:25:00,2024-06-02
202400009113,19:45,,71,71270,2,1,2,7.0,FONTAINE (RUE DE LA),46.32094455,4.82320577,19:45:00,2024-10-17
202400009114,18:20,Plein jour,71,71445,1,6,8,3.0,ORLANS (ROND POINT DES),46.77739655,4.87793301,18:20:00,2024-10-18
202400009115,19:55,Plein jour,62,62178,2,1,1,2.0,D488,50.48666218,2.56028972,19:55:00,2024-06-02
202400009116,10:30,Plein jour,60,60057,2,9,1,3.0,Rue du Faubourg Saint-André,49.43089,2.09062,10:30:00,2024-06-02
202400009117,20:15,Plein jour,59,59650,2,1,1,6.0,Rue Vallon,50.70426,3.22566,20:15:00,2024-06-02
202400009118,19:54,,64,64102,2,1,1,1.0,BERNEDE (RUE),43.49233,-1.47447,19:54:00,2024-10-18
202400009119,15:59,Plein jour,57,57487,1,9,1,1.0,RD157B,49.09831,6.11799,15:59:00,2024-06-02
202400009120,18:58,Plein jour,56,56260,2,1,1,6.0,Parking Bilaire Rue de Strasbourg,47.669928,-2.748194,18:58:00,2024-06-02
202400009121,15:25,Plein jour,64,64102,2,6,3,3.0,JUPITER (GIRATOIRE),43.47873,-1.4557,15:25:00,2024-10-17
202400009122,12:10,Plein jour,44,44162,2,6,1,6.0,45 Boulevard Marcel Paul,47.24602,-1.61698,12:10:00,2024-06-02
202400009123,19:57,Nuit sans éclairage,63,63113,2,1,2,1.0,POMPIDOU (BD GEORGES),45.8098,3.1317,19:57:00,2024-10-18
202400009124,02:20,,35,35238,2,2,1,3.0,SERGENT MAGINOT (AVENUE),48.10982,-1.66558,02:20:00,2024-06-02
202400009125,20:50,,62,62193,2,1,1,3.0,Avenue Louis Blériot,50.95159892,1.87533867,20:50:00,2024-10-18
202400009126,01:26,Nuit sans éclairage,33,33529,1,1,1,1.0,Unknown,44.643,-1.1541,01:26:00,2024-06-02
202400009127,14:00,Plein jour,59,59599,2,7,1,6.0,HASSEBROUCQ (PLACE VICTOR),50.72343,3.16051,14:00:00,2024-10-18
202400009128,04:45,Nuit avec éclairage,31,31555,2,9,1,6.0,BD DES MINIMES,43.6162223,1.43987954,04:45:00,2024-06-02
202400009129,12:20,Plein jour,59,59328,2,1,2,5.0,HIPPODROME AV DE L N°237 AU389,50.65416,3.01938,12:20:00,2024-10-18
202400009130,19:10,Plein jour,25,25056,2,7,2,3.0,CASSOTTE  RUE DE LA,47.24555,6.02885,19:10:00,2024-06-02
202400009131,22:05,,58,58194,2,1,3,1.0,MARZY,46.98821,3.12312,22:05:00,2024-10-17
202400009132,16:30,Plein jour,22,22113,1,1,1,2.0,TREGASTEL (ROUTE DE),48.77117,-3.48499,16:30:00,2024-05-31
202400009133,17:00,Plein jour,18,18279,2,1,8,1.0,92 Route de Tours,47.23875,2.02757,17:00:00,2024-06-01