Num_Acc,hrmn,lum,dep,com,agg,int,atm,col,adr,lat,long,heure,date
202400009134,14:05,Plein jour,57,57757,2,3,1,3.0,GUYNEMER (RUE),49.3585788,6.19824573,14:05:00,2024-10-15
202400009135,17:10,Plein jour,56,56121,2,6,1,3.0,Boulevard Eugène Cosmao-Dumanoir,47.75262,-3.37742,17:10:00,2024-10-17
202400009136,13:30,Plein jour,13,13054,2,3,1,3.0,D9 (BRETELLE),43.40741,5.20795,13:30:00,2024-06-02
202400009137,08:00,Crépuscule,56,56121,2,6,8,3.0,Rond-point des Asturies,47.7412247,-3.358292,08:00:00,2024-10-17
202400009138,18:35,Plein jour,13,13215,2,1,1,3.0,SAINT ANTOINE (AVENUE DE),43.3789,5.35698,18:35:00,2024-06-02
202400009139,17:50,Plein jour,11,11069,1,1,1,6.0,Unknown,43.21356,2.27621,17:50:00,2024-06-02
202400009140,16:45,Plein jour,54,54547,2,1,1,2.0,Boulevard de l'Europe,48.65771,6.17793,16:45:00,2024-10-17
202400009141,18:16,Plein jour,10,10297,2,1,1,3.0,Rue Roger Salengro,48.31361,4.09802,18:16:00,2024-06-02
202400009142,19:50,,51,51454,2,1,2,2.0,HENROT (BOULEVARD HENRI),49.24289,4.03489,19:50:00,2024-10-18
202400009143,19:35,Plein jour,75,75118,2,1,1,4.0,BD PERIPHERIQUE INTERIEUR,48.900984,2.348038,19:35:00,2024-06-02
202400009144,11:47,Plein jour,51,51454,2,6,8,3.0,NEUFCHATEL (RUE DE) DU N° 123 A FIN (IMP,49.28711,4.0277,11:47:00,2024-10-18
202400009145,13:45,Plein jour,75,75120,2,3,1,3.0,PLACE DE LA PORTE DE MONTREUIL,48.854217,2.414651,13:45:00,2024-06-02
202400009146,17:15,Plein jour,51,51454,2,1,1,2.0,CHAMPAGNE   (  AVENUE DE),49.21469,4.01662,17:15:00,2024-10-16
202400009147,03:00,,75,75120,2,2,1,2.0,RUE DES PYRENEES,48.867543,2.396397,03:00:00,2024-06-02
202400009148,17:32,Plein jour,49,49007,2,1,1,5.0,LAC DE MAINE AVENUE,47.46356,-0.59453,17:32:00,2024-10-18
202400009149,06:15,Crépuscule,75,75119,2,2,8,3.0,PLACE AUGUSTE BARON,48.899769,2.387923,06:15:00,2024-06-02
202400009150,19:50,,46,46042,2,9,3,6.0,GAMBETTA (BOULEVARD LEON) N° PAIR,44.44553,1.44138,19:50:00,2024-10-17
202400009151,21:11,Plein jour,75,75118,2,2,1,3.0,RUE DU MONT CENIS,48.891827,2.343926,21:11:00,2024-06-02
202400009152,08:20,Crépuscule,44,44143,2,1,8,6.0,123 Rue Jean Fraix,47.18625,-1.54212,08:20:00,2024-10-18
202400009153,20:15,Plein jour,75,75117,2,2,1,6.0,AVENUE DE LA PORTE DE CLICHY,48.895128,2.311907,20:15:00,2024-06-02
202400009154,06:50,Plein jour,75,75115,2,2,1,3.0,RUE DE LA CROIX NIVERT,48.842899,2.295072,06:50:00,2024-06-02
202400009155,00:10,Nuit sans éclairage,42,42184,2,9,1,1.0,Rue Pasteur,46.04305,4.0446,00:10:00,2024-10-19
202400009156,18:00,Plein jour,75,75110,2,2,1,1.0,BOULEVARD DE STRASBOURG,48.873873,2.35838,18:00:00,2024-06-02
202400009157,06:30,Crépuscule,75,75107,2,1,1,6.0,AVENUE DE VILLARS,48.852677,2.313175,06:30:00,2024-06-02
202400009158,05:10,Nuit sans éclairage,37,37233,1,1,1,6.0,LOIRE (LEVEE DE LA),47.40071,0.74308,05:10:00,2024-10-18
202400009159,00:01,,75,75107,2,1,8,7.0,AVENUE DE BRETEUIL,48.848044,2.311323,00:01:00,2024-06-02
202400009160,16:08,Plein jour,94,94081,2,1,2,2.0,Avenue Rouget de Lisle,48.78026916,2.39570671,16:08:00,2024-06-02
202400009161,20:50,,35,35238,2,6,1,3.0,ROUTE DE SAINT-MALO,48.132439,-1.690244,20:50:00,2024-10-18
202400009162,18:20,Plein jour,94,94002,2,1,1,2.0,139 Rue Paul Vaillant Couturier,48.807759,2.417918,18:20:00,2024-06-02
202400009163,16:20,Plein jour,35,35238,2,6,1,1.0,DREZEN (YOUENN),48.13104,-1.63457,16:20:00,2024-10-18
202400009164,19:00,Plein jour,93,93066,2,9,1,3.0,Rue Danielle Casanova / Avenue Paul Vaillant-Couturier,48.929719,2.361693,19:00:00,2024-06-02
202400009165,18:55,Plein jour,34,34172,2,1,1,3.0,GARRATS (AVENUE DES),43.610792,3.83896,18:55:00,2024-10-18
202400009166,13:00,Plein jour,93,93031,2,9,2,3.0,Avenue du 18 Juin 1940,48.95237545,2.30722278,13:00:00,2024-06-02
202400009167,20:25,Nuit sans éclairage,33,33039,1,1,1,3.0,Unknown,44.81445,-0.53532,20:25:00,2024-10-18
202400009168,19:30,Plein jour,93,93001,2,1,1,3.0,Avenue Victor Hugo,48.91098795,2.37924724,19:30:00,2024-06-01
202400009169,13:57,Plein jour,33,33063,2,9,1,6.0,Unknown,44.84109,-0.56947,13:57:00,2024-10-18
202400009170,20:57,Plein jour,92,92078,2,9,1,3.0,VERDUN (AVENUE) (PAIRS 92 ET PLUS),48.93482378,2.32081014,20:57:00,2024-06-02
202400009171,15:25,Plein jour,31,31069,2,1,3,6.0,BUCHES (RUE DES),43.635897,1.394317,15:25:00,2024-10-18
202400009172,12:35,Plein jour,92,92073,2,1,1,6.0,CARNOT (RUE),48.87609,2.22905,12:35:00,2024-06-02
202400009173,18:00,Crépuscule,29,29232,2,1,1,3.0,Rond-Point de Becharles,48.015835,-4.08739,18:00:00,2024-10-17
202400009174,23:30,Nuit sans éclairage,26,26362,1,1,2,7.0,L.A.C.R.A. (RN532),44.9032062,4.90734816,23:30:00,2024-10-18
202400009175,19:28,Plein jour,92,92049,2,1,3,3.0,BRIAND AVENUE ARISTIDE AUTRES N°,48.81085607,2.3264755,19:28:00,2024-06-01
202400009176,07:45,Crépuscule,25,25462,1,1,2,1.0,GRANGES DES,46.89219,6.33913,07:45:00,2024-10-18
202400009177,17:02,Plein jour,92,92026,2,1,1,1.0,SAINT DENIS BD (120 A 174 / 199 A 315),48.89906,2.26644,17:02:00,2024-06-02
202400009178,08:13,Crépuscule,19,19031,2,1,2,6.0,HERRIOT (AVENUE EDOUARD),45.15522,1.53307,08:13:00,2024-10-18
202400009179,21:45,Plein jour,92,92012,2,1,1,2.0,GENERAL LECLERC (AVENUE DU) 35/FIN - 60/,48.82988,2.23076,21:45:00,2024-06-02
202400009180,16:41,Plein jour,17,17300,2,1,1,1.0,LECLERC   AVENUE DU GENERAL,46.16239,-1.15866,16:41:00,2024-10-18
202400009181,20:03,Plein jour,92,92012,2,1,1,3.0,VIEUX PONT DE SEVRES (RUE DU) 100/170 -,48.83282407,2.24577427,20:03:00,2024-06-02
202400009182,07:55,Crépuscule,15,15014,2,3,1,6.0,Avenue de Tronquières,44.905042,2.427423,07:55:00,2024-10-17
202400009183,11:55,Plein jour,95,95116,1,1,1,6.0,D924,49.16071612,2.32922354,11:55:00,2024-06-03
202400009184,10:50,Plein jour,14,14220,2,2,1,6.0,89 Avenue de la République,49.35691,0.0724,10:50:00,2024-10-18
202400009185,14:30,Plein jour,31,31282,1,1,1,1.0,Chemin des Sports,43.666614,1.467662,14:30:00,2024-06-02
202400009186,19:25,,14,14118,2,1,3,3.0,88 Rue Chemin Vert,49.193688,-0.394243,19:25:00,2024-10-16
202400009187,00:01,Nuit sans éclairage,972,97227,1,1,2,6.0,RN5,14.497636,-60.977125,00:01:00,2024-06-02
202400009188,17:35,Plein jour,13,13028,2,1,1,3.0,DULAC (AVENUE GUILLAUME),43.20072,5.62097,17:35:00,2024-10-10
202400009189,15:50,Plein jour,13,13005,2,9,1,3.0,AVELANEDE (CHEMIN DE L'),43.28761,5.58717,15:50:00,2024-10-18
202400009190,12:20,Plein jour,83,83152,2,1,1,6.0,RD559 - Avenue du général Bouvet,43.16001,6.464715,12:20:00,2024-06-03
202400009191,08:05,Plein jour,10,10387,2,2,1,3.0,Avenue des Lombards,48.26891,4.08448,08:05:00,2024-10-18
202400009192,17:30,Plein jour,62,62307,1,1,1,1.0,D940,50.92322458,1.71684891,17:30:00,2024-06-03
202400009193,08:16,Plein jour,10,10387,2,3,8,7.0,ETIENNE PEDRON (RUE),48.3107,4.0745,08:16:00,2024-10-17
202400009194,19:55,Plein jour,22,22341,1,2,1,6.0,La Lande du Moulin Oury,48.399263,-2.379034,19:55:00,2024-06-03
202400009195,15:14,Plein jour,75,75118,2,3,2,3.0,RUE MARX DORMOY,48.890197,2.35988,15:14:00,2024-10-17
202400009196,17:15,Plein jour,23,23216,1,1,8,6.0,LE MAS SOUBROT,45.830706,1.812841,17:15:00,2024-06-02
202400009197,14:25,Plein jour,75,75106,2,5,8,6.0,RUE DE L ANCIENNE COMEDIE,48.85365089,2.33842868,14:25:00,2024-10-17
202400009198,18:25,Plein jour,75,75119,2,4,8,6.0,AVENUE SIMON BOLIVAR,48.880986,2.37386,18:25:00,2024-10-18
202400009199,00:10,,75,75119,2,2,8,6.0,BOULEVARD D INDOCHINE,48.883635,2.396969,00:10:00,2024-10-18
202400009200,12:25,Plein jour,35,35024,2,1,1,7.0,Rue d'Helsinki,48.176901,-1.659382,12:25:00,2024-05-31
202400009201,13:00,Plein jour,75,75118,2,1,1,3.0,RUE LOUIS PASTEUR VALERY RADOT,48.900348,2.332228,13:00:00,2024-10-18
202400009202,18:35,Crépuscule,75,75117,2,2,1,3.0,RUE BOURSAULT,48.884483,2.319509,18:35:00,2024-10-18
202400009203,18:45,Plein jour,75,75116,2,7,1,3.0,Place de la Porte d'Auteuil,48.847493,2.258437,18:45:00,2024-10-18
202400009204,11:00,Plein jour,75,75115,2,3,2,6.0,AVENUE EMILE ZOLA,48.846926,2.294319,11:00:00,2024-10-17
202400009205,14:15,Plein jour,75,75110,2,4,1,6.0,RUE DE NANCY,48.87201,2.36982,14:15:00,2024-10-18
202400009206,09:40,Plein jour,75,75108,2,3,2,2.0,AVENUE DES CHAMPS ELYSEES,48.870518,2.305263,09:40:00,2024-10-18
202400009207,03:20,,75,75109,2,2,3,2.0,BOULEVARD HAUSSMANN,48.873754,2.327068,03:20:00,2024-10-18
202400009208,01:30,,75,75108,2,3,2,7.0,AVENUE DES CHAMPS ELYSEES,48.871486,2.302457,01:30:00,2024-10-18
202400009209,15:10,Plein jour,75,75104,2,3,2,6.0,RUE DE LOBAU,48.855264,2.352807,15:10:00,2024-10-18
202400009210,09:05,Crépuscule,75,75101,2,7,2,7.0,PLACE VENDOME,48.867917,2.329872,09:05:00,2024-10-18
202400009211,01:15,,75,75102,2,3,2,3.0,BOULEVARD DE BONNE NOUVELLE,48.870414,2.34909,01:15:00,2024-10-18
202400009212,18:35,,75,75101,2,1,2,6.0,RUE DE MONTPENSIER,48.864545,2.33635,18:35:00,2024-10-17
202400009213,06:30,Nuit sans éclairage,94,94028,2,1,2,2.0,Rue de l’Echat,48.79965,2.44845,06:30:00,2024-10-18
202400009214,08:00,Plein jour,94,94018,2,1,2,3.0,Quai des Carrieres,48.81833,2.41244,08:00:00,2024-10-18
202400009215,16:00,Plein jour,94,94071,2,3,2,1.0,Rue du Général Leclerc,48.776316,2.511184,16:00:00,2024-10-18
202400009216,20:00,Crépuscule,93,93066,2,1,3,3.0,LANDY(RUE):N° 1 AU 43,48.9153,2.35095,20:00:00,2024-10-17
202400009217,08:00,Plein jour,93,93066,2,1,2,1.0,LAMAZE DOCTEUR,48.93693,2.37201,08:00:00,2024-10-18
202400009218,19:40,,93,93048,2,2,1,3.0,RESISTANCE (AVENUE DE LA),48.86397133,2.43614674,19:40:00,2024-10-18
202400009219,14:20,Plein jour,93,93046,2,9,1,6.0,JEAN MOULIN BOULEVARD,48.91387,2.51552,14:20:00,2024-10-18
202400009220,09:03,Plein jour,92,92073,2,3,1,6.0,FOUILLEUSE (AVENUE DE),48.86141423,2.19981283,09:03:00,2024-10-15
202400009221,10:35,Plein jour,92,92064,2,1,2,7.0,CALVAIRE,48.85052147,2.21762225,10:35:00,2024-10-18
202400009222,10:35,Plein jour,92,92063,2,3,8,2.0,ZURICH (RUE DE),48.87056229,2.18423657,10:35:00,2024-10-21
202400009223,08:10,Plein jour,92,92050,2,1,2,3.0,BOUVETS BOULEVARD DES,48.89648381,2.22528934,08:10:00,2024-10-18
202400009224,12:25,Plein jour,92,92036,2,1,2,3.0,JEAN JAURES (RUE) (35/+),48.93008445,2.29508087,12:25:00,2024-10-18
202400009225,10:30,Plein jour,92,92036,2,1,1,3.0,LUCIEN LANTERNIER (AVENUE) (36/70),48.93206596,2.29012191,10:30:00,2024-10-18
202400009226,08:00,Crépuscule,92,92036,2,1,2,2.0,MARCEL PAUL (AVENUE) (2/50),48.93356,2.30277,08:00:00,2024-10-18
202400009227,16:15,Plein jour,92,92025,2,2,3,3.0,GABRIEL PERI (RUE),48.91453152,2.2291781,16:15:00,2024-10-17
202400009228,18:50,,92,92007,2,1,1,3.0,FRANCE (ALLEE ANATOLE),48.80160608,2.31273808,18:50:00,2024-10-18
202400009229,15:00,Plein jour,39,39364,1,1,8,6.0,Unknown,46.756725,5.857902,15:00:00,2024-10-18
202400009230,12:25,Plein jour,21,21473,1,1,2,3.0,A31,47.243738,5.073635,12:25:00,2024-10-18
202400009231,00:30,Nuit sans éclairage,974,97422,1,1,1,6.0,Rue Charles Baudelaire,-21.253217,55.498858,00:30:00,2024-10-19
202400009232,01:30,,974,97404,2,1,1,6.0,103 Avenue Raymond Barre,-21.26461,55.364972,01:30:00,2024-10-19
202400009233,18:50,Crépuscule,27,27306,1,1,1,6.0,Nationale 1013,49.002379,1.184721,18:50:00,2024-10-18
202400009234,12:46,Plein jour,80,80736,1,1,8,6.0,Route de Paris,50.01846,1.898736,12:46:00,2024-10-18
202400009235,14:22,Plein jour,12,12165,1,1,1,1.0,D904,44.504904,2.580644,14:22:00,2024-10-19
202400009236,15:30,Plein jour,46,46080,1,3,1,3.0,D811,44.520479,1.351664,15:30:00,2024-10-15
202400009237,19:40,Nuit sans éclairage,25,25390,1,1,5,1.0,D437,46.997114,6.471688,19:40:00,2024-10-18
202400009238,22:00,Nuit sans éclairage,44,44169,1,1,1,2.0,Unknown,47.23182,-1.40345,22:00:00,2024-10-17
202400009239,18:45,Crépuscule,44,44128,1,1,1,2.0,Béguenette,47.542548,-1.903438,18:45:00,2024-10-18
202400009240,03:00,Nuit sans éclairage,15,15262,1,1,8,6.0,RD 921,45.018154,3.056602,03:00:00,2024-10-18
202400009241,02:15,Nuit sans éclairage,01,01036,1,1,1,6.0,D8,45.889695,5.661864,02:15:00,2024-10-19
202400009242,17:45,Plein jour,70,70296,1,1,1,1.0,Rue Charles Vincent,47.42861,6.219506,17:45:00,2024-10-18
202400009243,14:30,Plein jour,26,26056,1,3,1,2.0,Route de Crest,44.591105,5.131903,14:30:00,2024-10-19
202400009244,19:45,Nuit sans éclairage,58,58266,2,1,1,6.0,Route de Prémery,47.207594,3.496007,19:45:00,2024-10-19
202400009245,17:15,Plein jour,14,14326,1,1,1,2.0,Route de Cormeilles,49.154624,0.267971,17:15:00,2024-10-18
202400009246,10:30,Plein jour,64,64489,1,1,3,1.0,D14,43.331234,-1.180955,10:30:00,2024-10-18
202400009247,16:20,Plein jour,87,87154,2,3,8,3.0,Avenue Corot,45.894395,0.90023,16:20:00,2024-10-18
202400009248,09:05,Plein jour,13,13091,2,1,7,7.0,34 Avenue Paul Lafargue,43.620163,5.306203,09:05:00,2024-10-19
202400009249,14:45,Plein jour,13,13016,1,1,1,2.0,"A52, pk 11, sens nord",43.39333312,5.58601706,14:45:00,2024-10-18
202400009250,00:49,Nuit sans éclairage,06,06123,1,1,1,2.0,Bretelle Entrée N°49 Saint-Laurent-du-Var - A8 (Direction Vintimille),43.667949,7.196791,00:49:00,2024-10-19
202400009251,16:00,Plein jour,95,95370,1,1,2,1.0,D28,49.15211771,1.97873701,16:00:00,2024-10-19
202400009252,08:36,Plein jour,91,91200,2,2,1,1.0,Avenue d'Orléans,48.523686,2.005246,08:36:00,2024-10-05
202400009253,01:45,Nuit sans éclairage,13,13004,1,1,1,7.0,Route nationale 113,43.642023,4.711246,01:45:00,2024-10-19
202400009254,12:00,Plein jour,38,38468,1,1,1,3.0,N7,45.333248,4.80566,12:00:00,2024-10-19
202400009255,22:25,Nuit avec éclairage,86,86137,2,1,1,6.0,Place du Portail Chaussee,47.012339,0.083644,22:25:00,2024-10-13
202400009256,04:20,Nuit sans éclairage,33,33483,1,1,3,6.0,Unknown,44.913619,-0.408366,04:20:00,2024-10-19
202400009257,15:40,Plein jour,72,72378,1,1,1,7.0,D134,47.80391,-0.29765,15:40:00,2024-10-18
202400009258,15:00,Plein jour,29,29144,1,1,7,3.0,D764,48.44302622,-4.1834118,15:00:00,2024-10-19
202400009259,13:55,Plein jour,22,22300,1,1,1,1.0,D700,48.266684,-2.788982,13:55:00,2024-10-19
202400009260,11:10,Plein jour,60,60010,1,1,2,5.0,D105,49.204322,2.156045,11:10:00,2024-10-19
202400009261,14:15,Plein jour,13,13215,1,1,1,3.0,A7-Sens Lyon vers Marseille,43.39071033,5.35120523,14:15:00,2024-10-17
202400009262,05:30,Nuit sans éclairage,69,69297,1,1,1,6.0,Autoroute 7,45.61529872,4.80999736,05:30:00,2024-10-18
202400009263,00:47,Nuit sans éclairage,57,57474,1,1,1,1.0,Autoroute A31,49.26082,6.1774,00:47:00,2024-10-17
202400009264,19:45,,33,33075,1,1,1,4.0,Unknown,44.889922,-0.611644,19:45:00,2024-10-18
202400009265,14:10,Plein jour,92,92063,1,1,1,6.0,A86,48.88653915,2.16571926,14:10:00,2024-10-18
202400009266,13:40,Plein jour,78,78291,1,1,1,2.0,A13,48.970201,1.734753,13:40:00,2024-10-18
202400009267,08:36,Crépuscule,78,78362,1,1,2,3.0,A13,48.975689,1.724078,08:36:00,2024-10-18
202400009268,18:13,Plein jour,78,78007,1,1,3,6.0,A13W,48.902051,2.005076,18:13:00,2024-10-17
202400009269,15:30,Plein jour,78,78165,1,1,3,6.0,RN12 INT,48.799359,1.994224,15:30:00,2024-10-17
202400009270,11:30,Plein jour,92,92047,1,1,2,7.0,A13,48.83459228,2.17162733,11:30:00,2024-10-17
202400009271,15:01,Plein jour,78,78423,1,1,1,2.0,RN12,48.79661,2.026604,15:01:00,2024-10-16
202400009272,01:00,Nuit sans éclairage,95,95042,1,1,3,6.0,N104,49.05896463,2.30346921,01:00:00,2024-10-18
202400009273,02:30,Nuit sans éclairage,93,93063,1,1,3,2.0,AUTOROUTE A3,48.8792756,2.44906039,02:30:00,2024-10-18
202400009274,17:45,Plein jour,94,94046,1,1,1,3.0,A86,48.80959275,2.44911608,17:45:00,2024-10-18
202400009275,16:25,Plein jour,94,94017,1,1,1,2.0,A4,48.82871666,2.47812084,16:25:00,2024-10-18
202400009276,08:20,Plein jour,77,77258,1,1,2,6.0,A4.W,48.83237602,2.65440781,08:20:00,2024-10-18
202400009277,03:10,Nuit sans éclairage,94,94073,1,1,2,2.0,A86,48.77079111,2.38643311,03:10:00,2024-10-17
202400009278,22:25,Nuit sans éclairage,32,32107,1,1,1,5.0,Tauzin,43.972804,0.405958,22:25:00,2024-05-10
202400009279,10:55,Plein jour,29,29023,1,1,1,7.0,créach herou,48.652531,-3.938706,10:55:00,2024-08-19
202400009280,18:45,,974,97416,2,1,1,2.0,RN3 (2),-21.31433,55.49361,18:45:00,2024-10-16
202400009281,01:10,,974,97411,2,1,1,6.0,RAMBAUD (LEOPOLD),-20.88528,55.46828,01:10:00,2024-10-18
202400009282,18:31,Nuit sans éclairage,974,97411,2,6,1,3.0,JAURES (BLD 2 JEAN),-20.90067,55.48763,18:31:00,2024-10-17
202400009283,06:00,Crépuscule,974,97411,1,1,1,6.0,QUATRE VOIES GILLOT (ROUTE A),-20.89426,55.50234,06:00:00,2024-10-17
202400009284,13:20,Plein jour,974,97407,1,1,1,3.0,OWENS JAMES,-20.93012,55.31123,13:20:00,2024-10-17
202400009285,03:10,,974,97407,1,1,1,6.0,BOUVET (AVENUE),-20.9511,55.29889,03:10:00,2024-10-17
202400009286,08:20,Plein jour,973,97302,1,6,1,3.0,MARINGOUINS (ROND-POINT),4.90816,-52.32249,08:20:00,2024-10-17
202400009287,08:05,Plein jour,69,69386,2,1,3,6.0,Cours Vitton,45.77026,4.86087,08:05:00,2024-10-17
202400009288,11:40,Plein jour,69,69386,2,1,1,1.0,Avenue de Grande-Bretagne,45.77345,4.84143,11:40:00,2024-10-16
202400009289,09:50,Plein jour,69,69389,2,2,3,6.0,Rue de Bourgogne,45.77864,4.80253,09:50:00,2024-10-17
202400009290,05:55,,95,95088,2,1,8,5.0,D317,48.96056093,2.44895395,05:55:00,2024-10-17
202400009291,19:40,Nuit sans éclairage,95,95388,1,1,3,5.0,C2,49.02363,1.97213,19:40:00,2024-10-17
202400009292,17:10,Plein jour,91,91514,2,1,2,6.0,RUE COMBS LA VILLE,48.67174,2.54034,17:10:00,2024-10-17
202400009293,08:10,Plein jour,91,91657,2,1,8,1.0,RUE DU CHEMIN VERT,48.6923,2.4312,08:10:00,2024-10-17
202400009294,17:35,Plein jour,87,87075,2,3,1,1.0,ARAGON (AVENUE LOUIS),45.80994,1.22005,17:35:00,2024-10-16
202400009295,20:45,,81,81065,2,3,1,3.0,136 Rue Ernest Barthe,43.60242,2.2563,20:45:00,2024-10-16
202400009296,04:50,,78,78440,2,1,1,2.0,PAUL RAOULT (AVENUE),48.98202,1.91238,04:50:00,2024-10-17
202400009297,15:00,Plein jour,78,78123,2,1,2,2.0,REINE BLANCHE RUE,48.93908,2.03411,15:00:00,2024-10-17
202400009298,09:00,Plein jour,91,91339,1,1,1,7.0,RN 104,48.63101776,2.24926829,09:00:00,2024-03-19
202400009299,00:08,Nuit sans éclairage,91,91161,1,1,1,2.0,AUTOROUTE A6,48.69795,2.31443,00:08:00,2024-03-19
202400009300,12:19,Plein jour,92,92036,1,1,1,2.0,A86,48.93484397,2.26726483,12:19:00,2024-03-18
202400009301,09:20,Plein jour,92,92062,1,1,1,3.0,RN1014 W,48.89074658,2.24044138,09:20:00,2024-03-18
202400009302,17:40,Plein jour,93,93006,1,1,1,3.0,A3,48.86611228,2.41541368,17:40:00,2024-03-19
202400009303,18:05,Plein jour,93,93008,1,1,1,3.0,A86,48.90667489,2.45703757,18:05:00,2024-03-19
202400009304,07:55,Plein jour,95,95018,1,1,1,3.0,A15,48.95621389,2.27718895,07:55:00,2024-03-19
202400009305,17:45,Plein jour,95,95527,1,1,1,5.0,A1,48.9971614,2.5186402,17:45:00,2024-03-18
202400009306,15:45,Plein jour,95,95527,1,1,1,2.0,A1,49.00052596,2.52228228,15:45:00,2024-03-18
202400009307,13:50,Plein jour,95,95277,1,1,1,2.0,A3,48.97380183,2.48838243,13:50:00,2024-03-18
202400009308,08:40,Plein jour,93,93008,1,1,1,3.0,A86,48.91273457,2.43680722,08:40:00,2024-03-18
202400009309,07:00,Plein jour,987,98735,1,2,1,1.0,POMARE V (AVENUE),-17.52992,-149.56072,07:00:00,2024-03-18
202400009310,11:15,Plein jour,976,97611,2,1,1,3.0,kaweni-SPPM ( rue de la ),-12.77561,45.22379,11:15:00,2024-03-18
202400009311,10:15,Plein jour,974,97411,2,3,1,7.0,MAIRIE (ROUTE DE LA),-20.89189,55.46733,10:15:00,2024-03-18
202400009312,07:30,Plein jour,974,97409,2,3,1,6.0,CAMBUSTON (rue de),-20.93326,55.65392,07:30:00,2024-03-18
202400009313,19:10,Crépuscule,974,97407,2,1,1,7.0,COMPAGNIE DES INDES (BD DE LA) ,-20.94485,55.31648,19:10:00,2024-03-18
202400009314,07:50,Plein jour,973,97302,1,1,1,1.0,GALMOT (AVENUE),4.92230429,-52.32743025,07:50:00,2024-03-18
202400009315,10:30,Plein jour,69,69388,2,3,8,3.0,Route de Vienne,45.73615317,4.85302167,10:30:00,2024-03-18
202400009316,07:40,Plein jour,972,97213,1,1,1,3.0,ROUTE DEPARTEMENTALE 3,14.62671,-60.98902,07:40:00,2024-03-18
202400009317,17:00,Plein jour,972,97213,1,1,1,6.0,DEPARTEMENTALE 28,14.63255,-60.96157,17:00:00,2024-03-17
202400009318,17:20,Crépuscule,971,97113,1,9,2,4.0,Section Port Blanc,16.21834552,-61.47745103,17:20:00,2024-03-11
202400009319,19:20,Crépuscule,2A,2A004,2,1,1,6.0,ROUTE DU STILETTO,41.94644847,8.76735538,19:20:00,2024-03-18
202400009320,15:30,Plein jour,95,95607,2,1,1,6.0,D409,49.028898,2.205443,15:30:00,2024-03-18
202400009321,08:00,Plein jour,91,91457,2,1,7,2.0,RUE DU PEUPLE LA LANCE,48.580823,2.25297,08:00:00,2024-03-18
202400009322,21:29,,87,87085,2,3,1,6.0,LECLERC (AVENUE DU GENERAL),45.8467,1.26101,21:29:00,2024-03-17
202400009323,09:35,Plein jour,86,86194,2,2,2,1.0,Rocade Ouest,46.601592,0.324338,09:35:00,2024-03-18
202400009324,09:00,Plein jour,84,84007,2,1,1,2.0,AMANDIER (Avenue de l'),43.93514,4.85236,09:00:00,2024-03-17
202400009325,20:20,,76,76540,2,1,1,6.0,Route de Darnetal,49.44189,1.117,20:20:00,2024-03-18
202400009326,23:00,,76,76351,2,1,2,6.0,BOIS AU COQ (AVENUE),49.52302,0.11345,23:00:00,2024-03-15
202400009327,14:23,Plein jour,72,72181,2,9,2,2.0,LEFAUCHEUX PIERRE (BD),47.96274,0.17701,14:23:00,2024-03-17
202400009328,13:38,Plein jour,72,72181,2,7,2,2.0,REMBRANDT (ALLEE),47.97301,0.21199,13:38:00,2024-03-17
202400009329,08:45,Plein jour,72,72181,2,2,2,5.0,ESTIENNE D'ORVES (BD D'),47.98406,0.18609,08:45:00,2024-03-17
202400009330,07:26,Crépuscule,68,68271,2,3,1,1.0,Rue de la Paix,47.746838,7.367849,07:26:00,2024-02-29
202400009331,21:15,,64,64132,2,3,1,3.0,ALFRED NOBEL,43.31002,-0.3259,21:15:00,2024-03-16
202400009332,08:50,Plein jour,64,64140,2,1,1,2.0,BRAMARIE (RUE RAOUL),43.51739,-1.48643,08:50:00,2024-03-18
202400009333,12:30,Plein jour,60,60159,2,3,1,3.0,Rue Saint-Lazare,49.40815249,2.83579607,12:30:00,2024-03-18
202400009334,07:25,Nuit avec éclairage,59,59421,2,9,2,6.0,ROOSEVELT (RUE FRANKLIN),50.700484,3.136419,07:25:00,2024-03-18
202400009335,21:30,,59,59368,2,8,1,6.0,Avenue de la République,50.64784,3.07765,21:30:00,2024-03-18
202400009336,09:00,Plein jour,59,59343,2,2,1,3.0,SCHWEITZER RUE DU DOCTEUR,50.59128,3.10411,09:00:00,2024-03-18
202400009337,17:12,Plein jour,56,56121,2,6,1,6.0,MULLER ( DU COLONEL JEAN ),47.76343,-3.39496,17:12:00,2024-03-16
202400009338,18:08,Plein jour,50,50165,2,1,1,3.0,Route de Coutances,48.8502501,-1.5731926,18:08:00,2024-03-16
202400009339,07:55,Plein jour,47,47201,2,3,2,3.0,GASCOGNE (AVENUE DE),44.16398,0.61171,07:55:00,2024-03-18
202400009340,17:00,Plein jour,44,44109,2,6,1,6.0,Chemin des Bateliers,47.21821,-1.51545,17:00:00,2024-03-18
202400009341,15:15,Plein jour,44,44109,2,2,1,5.0,12 Avenue Carnot,47.21393,-1.54524,15:15:00,2024-03-18
202400009342,06:35,Nuit avec éclairage,44,44162,2,6,8,3.0,51 Avenue de la Bouvardière,47.23828,-1.5957,06:35:00,2024-03-18
202400009343,12:30,Plein jour,37,37261,2,2,1,4.0,EIFFEL (AVENUE GUSTAVE),47.43559,0.69848,12:30:00,2024-03-18
202400009344,08:40,Plein jour,37,37050,1,1,8,4.0,PERIPHERIQUE N585,47.33083421,0.6785481,08:40:00,2024-03-18
202400009345,20:40,Crépuscule,37,37261,2,6,1,3.0,PAVILLON (RUE DU),47.41452,0.69109,20:40:00,2024-03-17