Num_Acc,hrmn,lum,dep,com,agg,int,atm,col,adr,lat,long,heure,date
202400009346,18:10,Plein jour,35,35055,2,1,1,3.0,FREBARDIERE (RUE DE LA),48.09827,-1.62454,18:10:00,2024-03-14
202400009347,04:50,Nuit sans éclairage,35,35238,1,1,1,6.0,PORTE DE BEAUREGARD,48.12844,-1.71184,04:50:00,2024-03-17
202400009348,19:40,,34,34032,2,2,1,3.0,LIBERTE (BD DE LA),43.34028,3.22309,19:40:00,2024-03-17
202400009349,18:40,Plein jour,33,33550,2,4,1,1.0,Rue Jean-Baptiste Lebas,44.76267,-0.57081,18:40:00,2024-03-18
202400009350,22:50,,31,31555,2,1,1,3.0,ALL DE BELLEFONTAINE,43.56584,1.39602,22:50:00,2024-03-18
202400009351,15:15,Plein jour,30,30007,2,5,1,7.0,Rue Jean de la Fontaine,44.13414,4.08899,15:15:00,2024-03-18
202400009352,19:20,Nuit sans éclairage,28,28332,1,1,1,7.0,D 929,48.72340585,1.40260756,19:20:00,2024-03-18
202400009353,13:10,Plein jour,25,25056,2,2,1,5.0,CHURCHILL BD WINSTON,47.251,6.00911,13:10:00,2024-03-18
202400009354,19:25,Plein jour,22,22360,2,6,1,2.0,ARMOR (RUE D'),48.48507,-2.73995,19:25:00,2024-03-18
202400009355,17:15,Plein jour,22,22113,2,1,1,3.0,CORDIERS (RUE DES),48.7311,-3.44668,17:15:00,2024-03-14
202400009356,19:40,,19,19031,2,9,1,3.0,DE JOUVENEL (BOULEVARD HENRI),45.15738007,1.52373219,19:40:00,2024-03-17
202400009357,18:55,Crépuscule,17,17306,2,3,1,6.0,PELLETAN  EUGENE,45.625013,-1.030126,18:55:00,2024-03-18
202400009358,09:30,Plein jour,15,15014,2,1,1,6.0,Rue de l Egalité,44.933764,2.438764,09:30:00,2024-03-17
202400009359,08:50,Plein jour,13,13028,2,1,1,4.0,CD 559 (CHEMIN DEPARTEMENTAL°,43.18901343,5.63306123,08:50:00,2024-03-18
202400009360,17:15,Plein jour,13,13004,2,1,1,6.0,AV DE HONGRIE,43.6899697,4.6340424,17:15:00,2024-03-18
202400009361,05:35,,10,10333,2,1,1,6.0,Avenue de l'Ile Germaine,48.2836,4.0524,05:35:00,2024-03-17
202400009362,19:11,Plein jour,75,75114,2,1,1,6.0,AVENUE DU GENERAL LECLERC,48.828458,2.327415,19:11:00,2024-07-03
202400009363,16:19,Plein jour,10,10387,2,3,1,3.0,ETIENNE PEDRON (RUE),48.31721,4.07397,16:19:00,2024-03-13
202400009364,15:20,Plein jour,75,75113,2,1,1,6.0,RUE DE PATAY,48.825951,2.374036,15:20:00,2024-07-05
202400009365,07:35,Plein jour,06,06069,2,1,1,7.0,Boulevard Bellevue,43.66577,6.93096,07:35:00,2024-03-18
202400009366,18:40,Plein jour,75,75112,2,7,1,3.0,PLACE DE LA NATION,48.847326,2.395738,18:40:00,2024-06-24
202400009367,08:00,Plein jour,06,06069,2,3,1,3.0,Avenue Antoine de Saint Exupéry,43.66221,6.93418,08:00:00,2024-03-18
202400009368,19:45,Plein jour,75,75110,2,1,1,3.0,QUAI DE JEMMAPES,48.870575,2.366281,19:45:00,2024-07-05
202400009369,01:30,,06,06029,2,1,1,7.0,Chemin des Gourguettes,43.573822,6.959418,01:30:00,2024-03-19
202400009370,15:30,Plein jour,75,75110,2,6,1,6.0,RUE LA FAYETTE,48.879388,2.367372,15:30:00,2024-07-05
202400009371,07:35,Crépuscule,06,06029,2,1,1,5.0,Boulevard Vallombrosa,43.5534663,7.0077262,07:35:00,2024-03-18
202400009372,02:45,,75,75110,2,2,1,6.0,RUE LOUIS BLANC,48.880061,2.367107,02:45:00,2024-07-05
202400009373,12:50,Plein jour,75,75108,2,1,1,7.0,RUE DE COURCELLES,48.878876,2.303531,12:50:00,2024-07-05
202400009374,10:30,Plein jour,75,75119,2,1,1,2.0,BD PERIPHERIQUE EXTERIEUR,48.90071,2.3712,10:30:00,2024-03-18
202400009375,10:35,Plein jour,75,75108,2,1,1,6.0,AVENUE DES CHAMPS ELYSEES,48.870982,2.304035,10:35:00,2024-07-05
202400009376,01:20,,75,75114,2,1,1,2.0,BD PERIPHERIQUE EXTERIEUR,48.819703,2.326987,01:20:00,2024-03-17
202400009377,18:55,Plein jour,75,75107,2,1,1,7.0,QUAI BRANLY,48.86135041,2.29707599,18:55:00,2024-07-05
202400009378,09:15,Plein jour,75,75120,2,3,1,3.0,RUE SAINT FARGEAU,48.871649,2.402343,09:15:00,2024-03-18
202400009379,16:30,Plein jour,75,75101,2,3,1,3.0,RUE SAINT HONORE,48.862518,2.33813,16:30:00,2024-07-05
202400009380,10:50,Plein jour,75,75115,2,3,2,3.0,RUE DE LA FEDERATION,48.855127,2.289451,10:50:00,2024-03-17
202400009381,13:00,Plein jour,75,75101,2,3,1,3.0,BOULEVARD DE LA MADELEINE,48.869693,2.326615,13:00:00,2024-07-05
202400009382,09:30,Plein jour,75,75103,2,1,1,7.0,RUE MICHEL LE COMTE,48.862336,2.356063,09:30:00,2024-07-05
202400009383,14:05,Plein jour,75,75110,2,3,1,6.0,RUE DU FAUBOURG POISSONNIERE,48.877435,2.349115,14:05:00,2024-03-18
202400009384,23:50,,75,75101,2,1,1,2.0,BOULEVARD DE SEBASTOPOL,48.859705,2.348885,23:50:00,2024-07-04
202400009385,21:10,Crépuscule,75,75101,2,2,1,3.0,AVENUE DE L OPERA,48.86634275,2.33418167,21:10:00,2024-07-03
202400009386,07:45,Plein jour,75,75109,2,3,1,6.0,RUE SAINT LAZARE,48.875712,2.327805,07:45:00,2024-03-18
202400009387,19:40,Plein jour,94,94081,2,1,1,2.0,4 Rue des Pépinières,48.774131,2.368954,19:40:00,2024-07-05
202400009388,03:30,,75,75102,2,1,9,3.0,BOULEVARD DES CAPUCINES,48.870466,2.331142,03:30:00,2024-03-17
202400009389,20:25,Plein jour,94,94081,2,2,1,3.0,Avenue Youri Gagarine,48.789419,2.388928,20:25:00,2024-07-04
202400009390,15:45,Plein jour,75,75108,2,3,1,3.0,AVENUE DES CHAMPS ELYSEES,48.872062,2.300438,15:45:00,2024-03-18
202400009391,13:18,Plein jour,94,94081,2,3,1,6.0,Rue Antoine Marie Colin,48.79014059,2.39162399,13:18:00,2024-07-04
202400009392,04:35,,94,94022,2,2,2,4.0,Avenue de Newburn / Rue du Four,48.754895,2.411555,04:35:00,2024-03-18
202400009393,16:50,Plein jour,94,94078,2,1,1,6.0,Rue Emile Zola,48.73557,2.44694,16:50:00,2024-07-05
202400009394,08:25,Plein jour,94,94068,2,2,1,3.0,Rue de Beaujeu,48.7965,2.47598,08:25:00,2024-07-05
202400009395,18:05,Plein jour,94,94022,2,2,1,3.0,Avenue de Newburn / Rue du Four,48.7549,2.41149,18:05:00,2024-03-18
202400009396,18:23,Plein jour,94,94052,2,1,1,2.0,Boulevard de Strasbourg,48.84183,2.48364,18:23:00,2024-07-05
202400009397,14:08,Plein jour,93,93078,2,1,1,4.0,Boulevard Robert Ballanger,48.958402,2.54769,14:08:00,2024-03-18
202400009398,10:30,Plein jour,94,94041,2,1,1,2.0,Pont Nelson Mandela,48.81938,2.3997,10:30:00,2024-07-05
202400009399,08:30,Plein jour,93,93059,2,3,1,3.0,Avenue Lénine / Rue Séverine,48.96086,2.35888,08:30:00,2024-03-18
202400009400,13:20,Plein jour,94,94021,2,1,1,6.0,30 Av du Pdt Franklin Roosevelt,48.77187917,2.35875821,13:20:00,2024-07-05
202400009401,17:30,Plein jour,93,93064,2,3,1,6.0,Avenue du Président John Kennedy / Rue du 11 Novembre,48.8803972,2.49361418,17:30:00,2024-03-18
202400009402,10:00,Plein jour,94,94060,2,1,8,4.0,30 Rue du Général de Gaulle,48.780096,2.577047,10:00:00,2024-07-03
202400009403,06:20,Crépuscule,93,93050,2,3,1,3.0,Rue Paul et Camille Thomoux / Rue du 19 Mars 1962,48.86264,2.53023,06:20:00,2024-03-18
202400009404,21:45,Plein jour,93,93073,1,1,1,1.0,CHAPIT RE ( RUE DU),48.99012,2.56982,21:45:00,2024-07-04
202400009405,16:00,Plein jour,93,93066,2,2,1,3.0,MOULIN JEAN (AVENUE) NR 2 A 8 ET 1 A 11,48.942041,2.365449,16:00:00,2024-07-05
202400009406,09:20,Plein jour,93,93006,2,2,1,3.0,Rue Louise Michel / Avenue Raspail,48.87485,2.43126,09:20:00,2024-03-18
202400009407,18:45,Plein jour,93,93064,2,9,1,6.0,LECLERC (RUE DU GENERAL),48.867685,2.493184,18:45:00,2024-07-05
202400009408,10:55,Plein jour,93,93010,2,1,1,3.0,Avenue Galliéni,48.906712,2.485734,10:55:00,2024-03-18
202400009409,06:15,Plein jour,93,93053,2,9,1,3.0,Rue de Paris,48.90047868,2.45266914,06:15:00,2024-07-05
202400009410,14:10,Plein jour,93,93005,2,3,1,6.0,Allée Jean-Marie Rous / Avenue de Savigny,48.949278,2.512437,14:10:00,2024-03-18
202400009411,08:35,Plein jour,93,93051,2,1,1,3.0,NOISERAIE (ALLEE),48.83956839,2.57622242,08:35:00,2024-07-05
202400009412,08:45,Plein jour,93,93005,2,6,1,6.0,Rue du Docteur Fleming / Rue Calmette et Guerin,48.952356,2.517659,08:45:00,2024-03-18
202400009413,13:45,Plein jour,93,93048,2,3,1,6.0,Avenue du President Salvador Allende / Rue Jules Verne,48.87141074,2.45877238,13:45:00,2024-07-04
202400009414,18:59,Crépuscule,92,92072,2,9,1,3.0,GRANDE RUE,48.8264,2.21927,18:59:00,2024-03-18
202400009415,18:30,Plein jour,93,93063,2,2,1,3.0,Avenue Pierre Kérautret / Passage Voltaire / Boulevard Roger Salengro ,48.87962171,2.44862836,18:30:00,2024-07-04
202400009416,18:30,Plein jour,92,92022,2,1,1,3.0,LIBERATION (BOULEVARD DE LA),48.80279057,2.18652606,18:30:00,2024-03-17
202400009417,12:23,Plein jour,92,92064,2,1,2,7.0,DIX-HUI JUIN,48.84864675,2.22240204,12:23:00,2024-03-17
202400009418,14:56,Plein jour,93,93031,2,3,1,3.0,Rue d'Estrées / Avenue de la République,48.94811599,2.33821705,14:56:00,2024-07-05
202400009419,16:30,Plein jour,93,93005,2,2,1,3.0,RAINCY (AVENUE DU),48.9245,2.50575,16:30:00,2024-07-05
202400009420,07:30,Plein jour,92,92012,2,9,1,4.0,GEORGES GORSE (QUAI),48.82482862,2.2352407,07:30:00,2024-03-18
202400009421,16:00,Plein jour,93,93001,2,9,1,2.0,PAUL ELUARD (ALLEE),48.918412,2.402256,16:00:00,2024-07-05
202400009422,16:45,Plein jour,92,92004,2,9,1,2.0,DOCTEUR DERVAUX  ( QUAI DU ),48.90400919,2.28549922,16:45:00,2024-03-17
202400009423,09:00,Plein jour,92,92046,2,1,1,3.0,PIERRE BROSSOLETTE (AVENUE),48.81735938,2.3073957,09:00:00,2024-07-05
202400009424,17:25,Plein jour,60,60587,1,3,1,3.0,D1017,49.352071,2.609623,17:25:00,2024-03-14
202400009425,14:00,Plein jour,92,92064,2,1,1,2.0,CARNOT,48.84991285,2.22384113,14:00:00,2024-07-05
202400009426,18:49,Plein jour,92,92051,2,1,1,3.0,"ROULE (AVENUE DU, N° 29 A 91 ET 30 A 86)",48.8823638,2.27804607,18:49:00,2024-07-05
202400009427,00:45,,974,97415,2,2,1,1.0,Avenue du Stade,-20.984772,55.28897,00:45:00,2024-03-16
202400009428,17:00,Plein jour,92,92044,2,3,1,6.0,GABRIEL PERI(RUE) 25A49 ET 38A46,48.89259138,2.28724551,17:00:00,2024-07-05
202400009429,05:28,Crépuscule,976,97610,1,1,1,1.0,ZI 3 VALLÉES - LONGONI,-12.729935,45.180287,05:28:00,2024-03-19
202400009430,17:40,Plein jour,24,24442,1,1,1,6.0,364 Route de Guillassou,45.109343,0.508584,17:40:00,2024-03-19
202400009431,08:40,Plein jour,92,92044,2,3,1,3.0,ANDRE MALRAUX (SQUARE)157DANTON,48.89804235,2.27656013,08:40:00,2024-05-02
202400009432,11:16,Plein jour,92,92035,2,1,1,3.0,République ( boulevard de la ),48.90556584,2.25481832,11:16:00,2024-07-04
202400009433,20:20,,40,40065,2,2,1,5.0,19 Rue des Marsouins,43.65282,-1.444351,20:20:00,2024-03-17
202400009434,13:00,Plein jour,92,92025,2,7,7,3.0,GABRIEL PERI (RUE),48.91849892,2.23959891,13:00:00,2024-07-04
202400009435,13:12,Plein jour,71,71383,1,1,1,6.0,Station service TOTAL - autoroute 6 - aire de MACON LA SALLE - sens LYON PARIS,46.419553,4.866608,13:12:00,2024-03-17
202400009436,02:58,Nuit sans éclairage,17,17414,1,6,1,7.0,D105,46.210539,-1.135513,02:58:00,2024-03-17
202400009437,08:50,Plein jour,92,92012,2,1,1,3.0,REPUBLIQUE (BOULEVARD DE LA) 79/FIN - 76,48.83339,2.24456,08:50:00,2024-07-05
202400009438,09:24,Plein jour,14,14738,1,1,1,2.0,A84,49.163999,-0.438209,09:24:00,2024-03-18
202400009439,23:00,Nuit sans éclairage,92,92004,2,2,1,3.0,DOCTEUR DERVAUX  ( QUAI DU ),48.91114526,2.29880655,23:00:00,2024-07-05
202400009440,17:25,Plein jour,63,63388,1,1,1,6.0,D987,45.99975572,2.76370796,17:25:00,2024-07-05
202400009441,18:30,Crépuscule,65,65069,1,1,1,3.0,D142,43.072975,0.396173,18:30:00,2024-03-18
202400009442,11:15,Plein jour,12,12172,1,1,1,2.0,Route de la Planque,44.600491,2.667347,11:15:00,2024-07-05
202400009443,12:30,Plein jour,85,85065,1,1,1,1.0,la chausseloire,46.897878,-1.22431,12:30:00,2024-07-06
202400009444,13:45,Plein jour,63,63130,1,3,1,1.0, RD502 / lieu-dit les monts,46.182248,2.767562,13:45:00,2024-03-19
202400009445,22:00,Crépuscule,62,62767,2,1,1,1.0,Rue de Bethune,50.383059,2.337549,22:00:00,2024-07-05
202400009446,20:30,Crépuscule,47,47069,2,1,1,6.0,2492 route d'Agen,44.222441,0.566588,20:30:00,2024-03-17
202400009447,17:50,Plein jour,41,41149,2,1,1,6.0,50 Rue du Général Leclerc,47.752954,0.869081,17:50:00,2024-07-05
202400009448,18:14,Plein jour,68,68258,1,1,1,3.0,D429,47.84136651,7.28859918,18:14:00,2024-03-19
202400009449,16:00,Plein jour,66,66141,2,6,1,3.0,Rue du Néoulous,42.737147,2.915787,16:00:00,2024-07-05
202400009450,08:30,Plein jour,44,44063,2,6,7,3.0,14 Avenue  Xavier Rineau,47.084749,-1.262741,08:30:00,2024-03-19
202400009451,02:00,Nuit sans éclairage,62,62819,2,1,1,6.0,D943E1,50.775255,2.198344,02:00:00,2024-07-04
202400009452,16:55,Plein jour,44,44154,1,1,1,6.0,Unknown,47.228409,-2.154275,16:55:00,2024-03-19
202400009453,14:00,Plein jour,62,62273,2,1,6,3.0,D127,50.61153,1.829717,14:00:00,2024-07-06
202400009454,19:15,Nuit sans éclairage,35,35331,1,6,1,3.0,D62 D35,48.105532,-1.918665,19:15:00,2024-03-05
202400009455,16:50,Plein jour,51,51115,2,1,7,1.0,l entree des verriats,49.194444,4.01149,16:50:00,2024-07-04
202400009456,07:30,Crépuscule,29,29210,1,1,1,1.0,Pen Ar C’hoas,48.57258455,-4.00446296,07:30:00,2024-03-19
202400009457,19:00,Plein jour,56,56164,1,1,1,1.0,Penhouët,47.660076,-2.812747,19:00:00,2024-07-05
202400009458,16:40,Plein jour,29,29110,1,1,1,7.0,Douar Ar Zant,48.07936659,-3.91234085,16:40:00,2024-03-19
202400009459,05:30,Nuit sans éclairage,2B,2B185,1,1,1,6.0,strada pasquale paoli,42.629874,9.350486,05:30:00,2024-07-06
202400009460,10:20,Plein jour,31,31100,1,1,1,3.0,D11,43.317161,1.619797,10:20:00,2024-03-18
202400009461,16:56,Plein jour,38,38012,2,1,1,6.0,D40,45.61265571,5.61498214,16:56:00,2024-03-18
202400009462,20:15,Crépuscule,65,65035,2,2,1,1.0,RUE DE LA MONTJOIE,43.398702,0.074941,20:15:00,2024-07-05
202400009463,17:10,Plein jour,84,84051,1,6,1,3.0,Rond pont de la mayette D900,43.859359,5.266453,17:10:00,2024-03-19
202400009464,18:40,Plein jour,64,64235,1,1,1,1.0,CD 14,43.337965,-1.065175,18:40:00,2024-03-18
202400009465,17:42,Plein jour,71,71263,1,3,2,2.0,D678,46.633596,5.256663,17:42:00,2024-07-06
202400009466,12:19,Plein jour,43,43018,1,1,1,2.0,Route de Loudes,45.013743,3.799043,12:19:00,2024-03-19
202400009467,17:55,Plein jour,07,07330,1,1,1,7.0,Route de Bourg Saint Andéol,44.40605998,4.41761705,17:55:00,2024-03-17
202400009468,17:00,Plein jour,71,71305,1,2,3,5.0,D906,46.464752,4.893814,17:00:00,2024-07-06
202400009469,18:45,,88,88304,2,2,3,3.0,3 Rue de l’Abbe Germini,48.303647,6.134368,18:45:00,2024-03-15
202400009470,10:15,Plein jour,978,97801,2,1,1,6.0,rue de coralita - Oyster Pond,18.065087,-63.012042,10:15:00,2024-03-19
202400009471,18:20,Plein jour,89,89300,1,1,1,3.0,Santigny,47.558693,4.119192,18:20:00,2024-06-28
202400009472,17:25,Crépuscule,06,06018,1,1,1,3.0,Route des Lucioles,43.616295,7.06555,17:25:00,2024-03-19
202400009473,18:50,Plein jour,76,76711,2,1,1,3.0,Quai Albert Cauet,50.063496,1.381681,18:50:00,2024-07-06
202400009474,07:35,Plein jour,987,98745,2,3,1,3.0,sortie OUEST Patio,-16.62,-151.496,07:35:00,2024-03-18
202400009475,19:00,Plein jour,47,47310,2,4,1,3.0,D911,44.381501,0.328774,19:00:00,2024-07-06
202400009476,17:54,Plein jour,06,06088,1,1,1,2.0,"autoroute A8, PK 195+500, chaussée nord, tunnel de pessicart",43.732174,7.237812,17:54:00,2024-03-18
202400009477,09:20,Plein jour,39,39286,1,1,2,1.0,Unknown,46.381089,5.798679,09:20:00,2024-07-06
202400009478,07:30,Plein jour,987,98733,2,1,1,3.0,PK 23.800 RT1 face au n°522,-17.696,-149.548,07:30:00,2024-03-18
202400009479,22:30,Crépuscule,44,44129,2,1,1,6.0,48 Route de la Brière-le Calvaire,47.44297,-2.128338,22:30:00,2024-06-24
202400009480,21:30,,973,97357,2,4,1,1.0,le bourg,4.27215795,-54.38014278,21:30:00,2024-03-18
202400009481,11:30,Plein jour,84,84019,2,3,1,6.0,Rue Honore Daumier,44.273979,4.744163,11:30:00,2024-03-18
202400009482,21:00,Plein jour,44,44212,1,1,1,1.0,bonne-fontaine,47.16125525,-1.29055023,21:00:00,2024-07-05
202400009483,21:20,Crépuscule,44,44146,1,1,1,6.0,6 La Minière,47.79968643,-1.46260285,21:20:00,2024-07-05
202400009484,19:45,,55,55351,1,1,1,7.0,Rue Albert 1er,49.522102,5.383751,19:45:00,2024-03-18
202400009485,18:15,Plein jour,46,46102,2,1,1,6.0,37 Rue du Faubourg du Pin,44.60808,2.040206,18:15:00,2024-03-18
202400009486,17:20,Plein jour,31,31182,2,1,7,3.0,173 Route de Paris,43.699132,1.398155,17:20:00,2024-07-05
202400009487,01:10,Nuit avec éclairage,38,38174,2,2,1,6.0,Route de Lyon,45.390309,5.362288,01:10:00,2024-07-06
202400009488,17:00,Plein jour,33,33256,1,1,1,1.0,Unknown,44.9944297,-0.59354603,17:00:00,2024-03-15
202400009489,15:40,Plein jour,03,03254,1,1,1,3.0,D46,46.316999,3.331776,15:40:00,2024-07-05
202400009490,17:30,Plein jour,35,35105,1,1,1,1.0,Villepelee,48.1031,-1.099636,17:30:00,2024-03-18
202400009491,12:30,Plein jour,60,60141,2,1,1,6.0,Avenue du Maréchal Joffre,49.189575,2.462755,12:30:00,2024-03-18
202400009492,19:00,Plein jour,70,70578,1,2,1,2.0,D15,47.325611,5.888726,19:00:00,2024-07-05
202400009493,08:20,Plein jour,13,13215,1,1,1,3.0,A7-Sens Marseille vers Lyon,43.37,5.36,08:20:00,2024-03-14
202400009494,09:30,Plein jour,72,72039,1,2,1,3.0,D301,48.173752,0.414219,09:30:00,2024-07-05
202400009495,08:15,Plein jour,83,83129,1,1,1,4.0,A50,43.12046952,5.84538608,08:15:00,2024-03-18
202400009496,17:25,Plein jour,72,72319,1,9,1,3.0,Rue Poche,48.131575,0.091678,17:25:00,2024-06-25
202400009497,13:55,Plein jour,09,09228,1,1,1,1.0,"ROUTE NATIONALE 20, PK74+800",42.739968,1.786394,13:55:00,2024-07-03
202400009498,15:00,Plein jour,57,57672,1,1,1,4.0,Autoroute A31,49.34837,6.16012,15:00:00,2024-03-16
202400009499,11:43,Plein jour,59,59507,1,1,8,7.0,AUTOROUTE A1,50.61266,3.0876,11:43:00,2024-03-15
202400009500,18:20,Plein jour,45,45276,2,1,1,5.0,D951 PR 15 + 842,47.625496,2.732528,18:20:00,2024-07-05
202400009501,13:05,Plein jour,95,95154,1,1,2,6.0,A1,49.03391905,2.5402584,13:05:00,2024-03-15
202400009502,15:00,Plein jour,988,98818,2,3,1,3.0,ROUTE DE LA BAIE DES DAMES,-22.23993,166.44752,15:00:00,2024-03-16
202400009503,21:00,Crépuscule,73,73110,1,2,1,6.0,D66 Route de la plaine,45.627856,6.434416,21:00:00,2024-07-05
202400009504,10:42,Plein jour,988,98818,2,1,8,6.0,IMPASSE BALARD,-22.24441,166.4495,10:42:00,2024-03-16
202400009505,15:00,Plein jour,18,18169,1,1,1,3.0,Unknown,46.726369,2.435143,15:00:00,2024-07-05
202400009506,18:00,Plein jour,974,97409,2,1,1,2.0,EMILE THOMAS (rue),-20.93703,55.64868,18:00:00,2024-03-17
202400009507,17:45,Plein jour,10,10087,2,1,1,3.0,Rue de Galiche,47.956633,4.066755,17:45:00,2024-07-05
202400009508,21:45,Crépuscule,36,36001,1,1,1,6.0,La Bouzanne,46.44821802,1.80390917,21:45:00,2024-07-05
202400009509,11:35,Plein jour,69,69388,2,3,8,3.0,Route de Vienne,45.7358,4.85314,11:35:00,2024-03-17
202400009510,20:50,,972,97213,1,9,1,6.0,ROUTE DEPARTEMENTALE 3,14.64561552,-60.99070887,20:50:00,2024-03-16
202400009511,14:40,Plein jour,07,07291,1,1,1,1.0,RD 290,44.34682008,4.5012995,14:40:00,2024-07-06
202400009512,16:30,Plein jour,972,97209,1,1,1,2.0,REDOUTE (ROUTE DE LA),14.62217,-61.06046,16:30:00,2024-03-17
202400009513,20:05,Plein jour,07,07110,2,4,1,7.0,La Grand Font,44.4808,4.23928,20:05:00,2024-07-05
202400009514,12:25,Plein jour,972,97209,2,1,1,2.0,ABBE LAVIGNE (AVENUE),14.61349,-61.07211,12:25:00,2024-03-17
202400009515,18:15,Plein jour,07,07260,2,3,1,3.0,D 22 B,44.712437,4.712405,18:15:00,2024-07-05
202400009516,05:20,,972,97209,1,1,2,6.0,RD 41 (ROCADE),14.61135,-61.08008,05:20:00,2024-03-16
202400009517,10:40,Plein jour,53,53245,1,2,1,2.0,N12,48.305852,-0.998946,10:40:00,2024-07-06
202400009518,17:00,Crépuscule,69,69142,2,1,2,3.0,30 Quai Pierre Sémard,45.71906,4.81832,17:00:00,2024-03-17
202400009519,19:10,,69,69034,2,1,2,7.0,90 Avenue Général de Gaulle,45.81055,4.85793,19:10:00,2024-03-17
202400009520,18:15,Plein jour,21,21089,1,1,1,7.0,D12 A,47.103035,5.12171,18:15:00,2024-07-05
202400009521,19:15,Crépuscule,21,21616,1,1,1,6.0,D18,46.955294,4.816668,19:15:00,2024-07-06
202400009522,15:00,Plein jour,76,76476,2,1,1,1.0,DUFY  RAOUL (RUE),49.48211,0.58491,15:00:00,2024-03-16
202400009523,15:40,Plein jour,70,70513,1,1,1,7.0,Route de Pusey,47.64547,6.10032,15:40:00,2024-03-16
202400009524,20:15,Plein jour,40,40218,2,2,1,3.0,Intersection D36 - D37,43.94885,0.011347,20:15:00,2024-07-05
202400009525,00:30,Nuit sans éclairage,04,04167,1,1,1,6.0,D900a,44.167707,6.247519,00:30:00,2024-07-06
202400009526,16:55,Plein jour,69,69256,2,3,8,1.0,Avenue Georges Dimitrov,45.77716,4.9248,16:55:00,2024-03-17
202400009527,08:40,Plein jour,85,85295,1,1,1,6.0,RD93,47.003267,-1.27315,08:40:00,2024-07-06
202400009528,16:52,Plein jour,64,64373,2,1,1,1.0,YSER DE L',43.28661,-0.35971,16:52:00,2024-03-17
202400009529,00:05,Nuit sans éclairage,68,68066,1,1,1,1.0,autoute A 35,48.09461826,7.38249484,00:05:00,2024-07-06
202400009530,23:00,Nuit sans éclairage,62,62126,2,1,1,6.0,D937,50.52293819,2.67037426,23:00:00,2024-03-16
202400009531,08:15,Plein jour,10,10380,1,1,1,7.0,A26,48.528242,4.181082,08:15:00,2024-07-06
202400009532,15:00,Plein jour,62,62108,2,1,1,3.0,Rue de l’Impératrice,50.40816,1.59094,15:00:00,2024-03-16
202400009533,10:15,Plein jour,06,06085,2,1,1,3.0,1110 Avenue Saint Martin,43.611355,6.977879,10:15:00,2024-07-06
202400009534,05:55,Nuit avec éclairage,61,61169,2,2,2,3.0,D462,48.746476,-0.569703,05:55:00,2024-03-16
202400009535,19:00,Plein jour,69,69039,2,3,1,3.0,Rue Louis Bréchard,45.980458,4.507656,19:00:00,2024-07-05
202400009536,20:50,,60,60175,2,1,2,6.0,Rue Henri Bergson,49.25309,2.48698,20:50:00,2024-03-15
202400009537,17:40,Plein jour,13,13001,1,1,1,2.0,"A8, pk 20.000, sens nord",43.51195759,5.45536187,17:40:00,2024-07-05
202400009538,22:20,Nuit avec éclairage,59,59512,2,2,1,3.0,Avenue Alfred Motte,50.67375,3.19329,22:20:00,2024-03-17
202400009539,09:40,Plein jour,17,17146,1,3,1,2.0,D238e1,45.90549,-0.947759,09:40:00,2024-07-05
202400009540,22:05,,59,59512,2,3,2,6.0,Rue de l'Alma,50.69785,3.16671,22:05:00,2024-03-17
202400009541,15:25,Plein jour,59,59244,1,1,1,2.0,Autoroute A2,50.15371105,3.14976832,15:25:00,2024-07-06
202400009542,16:51,Plein jour,56,56260,2,1,1,7.0,Liziec,47.66733,-2.72519,16:51:00,2024-03-17
202400009543,07:45,Crépuscule,42,42170,1,1,1,6.0,Route du Gros Chêne,46.01835,4.1256,07:45:00,2024-03-17
202400009544,17:00,Plein jour,13,13051,1,1,1,2.0,"Autoroute A7, pk 244.000 sens 2",43.57665915,5.2114392,17:00:00,2024-07-03
202400009545,08:40,Plein jour,987,98748,1,1,1,2.0,PK 4.800 TOAHOTU,-17.772882,-149.309349,08:40:00,2024-07-05
202400009546,15:30,Plein jour,38,38185,2,9,1,2.0,AVENUE MARIE REYNOARD,45.16852,5.73049,15:30:00,2024-03-16
202400009547,18:00,Plein jour,971,97115,1,1,1,6.0,Route de Routa,16.257887,-61.636713,18:00:00,2024-07-05
202400009548,05:17,,38,38053,1,1,1,6.0,GRENOBLE (ROUTE DE),45.58419,5.28876,05:17:00,2024-03-16
202400009549,20:30,Crépuscule,36,36044,2,1,2,6.0,Rue Pierre Gaultier,46.80768727,1.69784367,20:30:00,2024-03-02
202400009550,00:45,Nuit sans éclairage,77,77257,1,1,1,3.0,D401,49.032768,3.004503,00:45:00,2024-07-06
202400009551,23:25,Nuit sans éclairage,95,95535,1,1,1,6.0,D28,49.06665389,1.96151718,23:25:00,2024-07-04
202400009552,23:45,Nuit sans éclairage,36,36063,1,9,8,3.0,Unknown,46.83926,1.67546,23:45:00,2024-03-16
202400009553,19:00,Plein jour,34,34090,2,1,7,6.0,Rn 113,43.642287,3.942619,19:00:00,2024-07-05