Num_Acc,hrmn,lum,dep,com,agg,int,atm,col,adr,lat,long,heure,date
202400009554,17:25,Plein jour,34,34172,2,1,1,7.0,STRASBOURG (BOULEVARD DE),43.603695,3.88984,17:25:00,2024-03-17
202400009555,13:05,Plein jour,83,83065,2,3,1,3.0,Route Departementale 98a,43.264113,6.621966,13:05:00,2024-07-06
202400009556,03:10,,28,28404,2,9,2,7.0,DUPONT (RUE ARMAND),48.720499,1.359234,03:10:00,2024-03-17
202400009557,16:42,Plein jour,13,13081,1,1,1,3.0,N Rd 113,43.496892,5.215019,16:42:00,2024-07-05
202400009558,13:50,Plein jour,58,58160,2,1,2,3.0,Route de Tazieres,46.999672,3.090768,13:50:00,2024-07-06
202400009559,10:40,Plein jour,25,25462,2,6,1,3.0,ROCADE G.POMPIDOU (DU 25 A LA FIN),46.90236,6.34631,10:40:00,2024-03-17
202400009560,02:30,Nuit sans éclairage,73,73290,1,1,1,6.0,D1006,45.215135,6.967006,02:30:00,2024-07-02
202400009561,03:50,,25,25056,2,1,1,6.0,MAZAGRAN CHEMIN DE,47.229793,6.02413,03:50:00,2024-03-17
202400009562,19:50,Crépuscule,38,38087,2,1,1,2.0,D4,45.58707,4.78611,19:50:00,2024-07-05
202400009563,19:35,,22,22113,2,1,1,6.0,TREBEURDEN (ROUTE DE),48.748,-3.48412,19:35:00,2024-03-17
202400009564,14:50,Plein jour,07,07322,1,1,3,6.0,1165 la Teyre,44.675859,4.247247,14:50:00,2024-06-20
202400009565,16:08,Plein jour,14,14118,2,1,2,3.0,16 Avenue de Verdun,49.178629,-0.3590276,16:08:00,2024-03-15
202400009566,16:32,Plein jour,01,01043,2,2,2,3.0,Route de Genève,45.835232,4.999514,16:32:00,2024-07-06
202400009567,18:30,Crépuscule,13,13117,2,3,1,3.0,BARRE (ALLEE DE LA),43.43553,5.26386,18:30:00,2024-03-17
202400009568,17:20,Plein jour,01,01160,2,1,1,6.0,27 Avenue du Jura,46.258211,6.113055,17:20:00,2024-07-04
202400009569,18:50,Crépuscule,81,81219,1,1,1,3.0,lieu dit en roussel,43.5787806,1.9984578,18:50:00,2024-07-05
202400009570,22:30,Nuit avec éclairage,13,13208,2,1,1,4.0,MENDES FRANCE (AVENUE),43.25521944,5.37628953,22:30:00,2024-03-17
202400009571,18:50,Plein jour,31,31263,1,1,1,1.0,Route de Saverdun,43.402682,1.397544,18:50:00,2024-06-30
202400009572,17:45,Plein jour,17,17452,1,1,1,7.0,D25,45.720533,-1.229546,17:45:00,2024-07-06
202400009573,13:45,Plein jour,13,13213,2,4,1,3.0,ALPHONSE DAUDET (RUE),43.3201407,5.40945768,13:45:00,2024-03-17
202400009574,16:21,Plein jour,16,16078,1,1,1,6.0,Unknown,45.741272,0.1882696,16:21:00,2024-07-06
202400009575,11:30,Plein jour,85,85113,2,1,1,7.0,Quai de la chapelle,46.728022,-2.349089,11:30:00,2024-07-03
202400009576,19:40,Plein jour,53,53119,1,1,1,7.0,D112,48.0365,-0.777196,19:40:00,2024-07-05
202400009577,00:30,,13,13201,2,2,1,3.0,FLAMMARION (BOULEVARD)     1 A 65,43.30349,5.38597,00:30:00,2024-03-17
202400009578,16:20,Plein jour,22,22178,1,1,1,3.0,pk 7 D21,48.695932,-3.025006,16:20:00,2024-07-06
202400009579,14:20,Plein jour,06,06004,2,2,1,3.0,POINCARE BD RAYMOND,43.5722091,7.1044154,14:20:00,2024-03-17
202400009580,13:35,Plein jour,22,22162,1,1,2,1.0,D786,48.76278,-3.016798,13:35:00,2024-07-06
202400009581,14:10,Plein jour,75,75112,2,1,2,3.0,PORTE DOREE,48.831344,2.404078,14:10:00,2024-03-17
202400009582,13:35,Plein jour,75,75117,2,1,1,7.0,ECHANGEUR MAILLOT,48.88260497,2.28311026,13:35:00,2024-03-16
202400009583,11:05,Plein jour,60,60575,2,1,1,6.0,93 Route Nationale 1,49.29002,2.20053,11:05:00,2024-07-06
202400009584,20:13,Plein jour,60,60542,1,1,7,1.0,D513,49.412202,2.188725,20:13:00,2024-07-06
202400009585,22:00,Crépuscule,80,80212,2,1,1,6.0,Boulevard Blais Mousseron,49.911675,2.50263,22:00:00,2024-07-05
202400009586,13:20,Plein jour,75,75113,2,1,1,3.0,BD PERIPHERIQUE EXTERIEUR,48.825237,2.385529,13:20:00,2024-03-15
202400009587,19:40,Plein jour,80,80307,1,1,1,2.0,A1,49.943508,2.852379,19:40:00,2024-07-05
202400009588,19:35,,75,75115,2,2,1,6.0,RUE DE VAUGIRARD,48.842869,2.312388,19:35:00,2024-03-17
202400009589,18:20,Plein jour,13,13215,1,1,1,2.0,A7-Sens Marseille vers Lyon,43.34667,5.37269,18:20:00,2024-07-04
202400009590,21:10,,94,94018,2,1,1,3.0,Quai de Bercy,48.82588,2.39263,21:10:00,2024-03-16
202400009591,18:42,Plein jour,13,13033,1,1,1,3.0,A55-Sens Martigues vers Marseille,43.37409,5.19657,18:42:00,2024-06-30
202400009592,23:15,,93,93039,2,1,1,1.0,Avenue Jean Jaurès,48.934693,2.339023,23:15:00,2024-03-16
202400009593,03:20,Nuit sans éclairage,13,13056,1,1,1,2.0,A55-Sens Marseille vers Martigues,43.39834,5.04607,03:20:00,2024-07-05
202400009594,00:01,,13,13210,1,1,1,6.0,Tunnel Prado Carénage,43.28259,5.39401,00:01:00,2024-07-03
202400009595,15:35,Plein jour,83,83144,2,1,1,4.0,A57,43.13525855,5.99079429,15:35:00,2024-07-04
202400009596,03:55,Nuit sans éclairage,33,33039,1,1,1,2.0,Unknown,44.78868,-0.54106,03:55:00,2024-07-05
202400009597,12:40,Plein jour,93,93046,2,2,2,6.0,Allée Carnot / Avenue Firmin Didot,48.91042,2.52458,12:40:00,2024-03-17
202400009598,06:30,Plein jour,91,91689,1,1,1,3.0,AUTOROUTE A6B,48.74173508,2.32163161,06:30:00,2024-07-05
202400009599,18:35,Plein jour,92,92024,2,2,1,3.0,MARTRE (RUE) DE (1 A 41),48.90088757,2.30804157,18:35:00,2024-03-17
202400009600,17:30,Plein jour,78,78640,1,1,1,3.0,A86 EXT,48.778045,2.213659,17:30:00,2024-07-04
202400009601,14:10,Plein jour,92,92012,2,3,1,6.0,MARCEL DASSAULT (RUE) - COTE IMPAIR - 26,48.83499664,2.25167871,14:10:00,2024-03-16
202400009602,07:55,Plein jour,78,78423,1,1,1,2.0,N12W,48.797964,2.008509,07:55:00,2024-07-04
202400009603,15:50,Plein jour,92,92002,2,1,1,4.0,RAYMON ARON (AVENUE),48.76693,2.31031,15:50:00,2024-03-16
202400009604,16:25,Plein jour,78,78646,1,1,8,2.0,RN12,48.793376,2.080828,16:25:00,2024-07-03
202400009605,15:30,Plein jour,93,93008,1,1,1,2.0,A86,48.90624472,2.45978415,15:30:00,2024-07-05
202400009606,17:00,Plein jour,60,60149,1,1,1,7.0,D155,49.327779,2.686522,17:00:00,2024-03-17
202400009607,15:15,Plein jour,93,93007,1,1,1,2.0,A3,48.93347428,2.48088336,15:15:00,2024-07-05
202400009608,17:15,Plein jour,59,59511,1,1,1,3.0,RD 953,50.446492,3.348126,17:15:00,2024-03-18
202400009609,14:00,Plein jour,95,95563,1,1,1,6.0,A115,49.01010159,2.23152626,14:00:00,2024-07-05
202400009610,15:15,Plein jour,80,80155,1,1,1,3.0,D12,50.11482,2.012853,15:15:00,2024-03-16
202400009611,12:00,Plein jour,95,95306,1,1,1,7.0,A15,48.99605104,2.1811692,12:00:00,2024-07-05
202400009612,12:00,Plein jour,82,82097,1,1,1,6.0,D3,43.9312706,0.93438312,12:00:00,2024-03-17
202400009613,10:00,Plein jour,82,82044,2,1,1,6.0,12 Rue Jean Jaures,43.945011,1.367267,10:00:00,2024-02-07
202400009614,05:00,Nuit sans éclairage,41,41080,1,9,2,6.0,Route de l?Audronniere,47.332814,1.165277,05:00:00,2024-03-17
202400009615,07:25,Plein jour,976,97611,2,7,1,3.0,kaweni-SPPM ( rue de la ),-12.771,45.224,07:25:00,2024-07-03
202400009616,15:30,Plein jour,22,22025,2,6,1,7.0,ZA de Kerguiniou,48.407933,-3.405625,15:30:00,2024-03-15
202400009617,06:50,Plein jour,976,97611,2,1,1,2.0,kaweni-Centrale EDM (rue de la ),-12.75932,45.2299,06:50:00,2024-07-03
202400009618,17:40,,974,97416,2,1,1,3.0,HUBERT DE LISLE(BOULEVARD),-21.34367,55.46963,17:40:00,2024-07-04
202400009619,17:45,Crépuscule,31,31280,1,1,1,1.0,D40,43.260019,1.321235,17:45:00,2024-03-18
202400009620,11:30,Plein jour,974,97411,2,1,1,2.0,JAURES (BOULEVARD JEAN),-20.8978,55.476,11:30:00,2024-07-04
202400009621,19:15,Nuit sans éclairage,973,97302,1,1,1,2.0,GIRATOIRE MARINGOUINS,4.90716,-52.32267,19:15:00,2024-07-04
202400009622,18:33,Crépuscule,973,97302,2,1,3,3.0,MANDELA  (BOULEVARD),4.93687,-52.326,18:33:00,2024-06-27
202400009623,17:01,Plein jour,973,97302,2,1,1,3.0,MONTABO (ROUTE DE) 2,4.9442,-52.30948,17:01:00,2024-07-04
202400009624,23:30,,973,97302,2,1,1,3.0,MONTABO (ROUTE DE) 1,4.9422,-52.3048,23:30:00,2024-07-03
202400009625,01:55,,973,97302,2,1,1,7.0,rd24,4.90425,-52.3177,01:55:00,2024-07-03
202400009626,01:00,,69,69388,2,2,1,3.0,Rue des Serpollières,45.732407,4.86400338,01:00:00,2024-07-04
202400009627,20:15,Nuit sans éclairage,972,97213,2,6,1,3.0,ROUTE NATIONALE 1,14.6185,-61.00457,20:15:00,2024-07-03
202400009628,13:00,Plein jour,972,97209,2,1,1,3.0,MORNE PICHEVIN (AVENUE),14.6044,-61.0594,13:00:00,2024-07-03
202400009629,10:15,Plein jour,69,69149,2,2,1,3.0,Boulevard de l'Europe,45.69769,4.82468,10:15:00,2024-07-03
202400009630,15:50,Plein jour,2B,2B120,2,1,1,2.0,LAGUNE (Route de la) D107,42.3812,9.274,15:50:00,2024-07-04
202400009631,22:15,Nuit avec éclairage,971,97101,1,1,1,6.0,PATRICK SAINT ELOI ( AVENUE ),16.25078,-61.52779,22:15:00,2024-07-02
202400009632,13:05,Plein jour,2A,2A004,2,6,1,3.0,ROUTE DU STILETTO,41.94617,8.77221,13:05:00,2024-07-04
202400009633,21:00,Plein jour,95,95288,2,2,1,3.0,CARRIERES (RUE DES),48.99076997,2.3502481,21:00:00,2024-07-04
202400009634,13:20,Plein jour,95,95555,2,1,1,3.0,D14,48.96323737,2.29105766,13:20:00,2024-07-04
202400009635,19:35,Plein jour,91,91549,2,1,1,2.0,CORBEIL (ROUTE DE),48.64639,2.3352,19:35:00,2024-07-03
202400009636,17:50,Plein jour,91,91421,2,1,8,2.0,CHARLES DE GAULLE (AVENUE),48.695393,2.453022,17:50:00,2024-07-03
202400009637,22:05,Nuit sans éclairage,88,88463,1,1,1,7.0,RD 31,48.24098,6.89396,22:05:00,2024-07-04
202400009638,19:30,Plein jour,87,87085,1,1,1,6.0,AUTOROUTE A20,45.8796055,1.28845306,19:30:00,2024-07-03
202400009639,16:55,Plein jour,84,84007,2,1,1,1.0,DOCTEUR PONS (Route touristique),43.953476,4.82043,16:55:00,2024-07-03
202400009640,15:05,Plein jour,83,83137,2,1,1,6.0,ORTOLAN (AVE DE 512 A  FIN,43.13078,5.9607,15:05:00,2024-07-04
202400009641,07:10,Plein jour,83,83061,1,4,1,3.0,CD8,43.42417,6.71266,07:10:00,2024-07-04
202400009642,23:17,Nuit sans éclairage,83,83061,2,1,1,1.0,AVENUE DE LA CORNICHE D'AZUR,43.37283,6.7145,23:17:00,2024-06-29
202400009643,10:35,Plein jour,81,81163,2,2,2,3.0,REPUBLIQUE,43.49172923,2.37282978,10:35:00,2024-07-03
202400009644,21:15,Crépuscule,81,81004,1,1,1,2.0,ROCADE RN88 SUD,43.91621,2.16209,21:15:00,2024-07-04
202400009645,12:50,Plein jour,79,79329,2,2,1,3.0,Unknown,46.98483,-0.21863,12:50:00,2024-07-04
202400009646,18:45,Plein jour,77,77014,2,1,1,4.0,BEZOUT (RUE),48.41871,2.73701,18:45:00,2024-06-21
202400009647,18:25,Plein jour,76,76216,2,1,1,3.0,Route de Dieppe,49.46001774,1.05481155,18:25:00,2024-07-04
202400009648,03:25,,76,76540,2,2,2,6.0,Rue Jeanne d'Arc,49.43995,1.0892,03:25:00,2024-07-04
202400009649,11:22,Plein jour,74,74012,2,1,1,6.0,REPUBLIQUE (RUE DE LA),46.1989,6.24,11:22:00,2024-07-03
202400009650,19:00,Plein jour,74,74305,1,9,1,3.0,VOIRONS (RUE DES),46.20038,6.27546,19:00:00,2024-07-03
202400009651,15:15,Plein jour,72,72181,2,1,1,3.0,SAVORGNAN DE BRAZZA (AV) N° IMP,48.01308,0.222721,15:15:00,2024-07-03
202400009652,07:15,Plein jour,71,71499,2,1,1,1.0,JEAN ZAY (RUE),46.6527,4.3078,07:15:00,2024-07-04
202400009653,10:45,Plein jour,69,69266,2,2,8,3.0,Boulevard de la Bataille de Stalingrad,45.77923607,4.85954242,10:45:00,2024-07-03
202400009654,18:40,Plein jour,69,69264,2,1,1,2.0,239 Avenue Theodore Braun,45.98214,4.74163,18:40:00,2024-07-04
202400009655,00:24,,68,68297,2,9,1,3.0,SEVILLE ( RUE DE ),47.60546,7.54291,00:24:00,2024-07-04
202400009656,17:10,Plein jour,65,65286,2,1,1,3.0,SAINT-JOSEPH (AVENUE),43.09975,-0.03992,17:10:00,2024-07-03
202400009657,16:30,Plein jour,64,64545,2,3,1,6.0,BERNARD DE CORAL (RUE),43.36252,-1.69804,16:30:00,2024-07-03
202400009658,14:25,Plein jour,64,64132,2,1,8,3.0,GEORGES CLEMENCEAU,43.28924,-0.35448,14:25:00,2024-07-04
202400009659,10:20,Plein jour,64,64132,2,6,1,3.0,COMMANDANT RENE MOUCHOTTE DU,43.30548,-0.32899,10:20:00,2024-07-04
202400009660,09:05,Plein jour,63,63113,1,3,1,3.0,SAINT JEAN (BD),45.78298046,3.1184274,09:05:00,2024-07-04
202400009661,09:55,Plein jour,62,62250,2,1,1,6.0,D919,50.44789,2.94404,09:55:00,2024-07-03
202400009662,15:55,Plein jour,62,62193,2,2,1,3.0,Boulevard Victor Hugo,50.94505,1.86774,15:55:00,2024-07-04
202400009663,10:40,Plein jour,62,62457,2,1,1,7.0,D341,50.45874852,2.52241802,10:40:00,2024-07-04
202400009664,19:50,Plein jour,59,59431,1,2,1,3.0,HOUCKE (AVENUE JULES),50.68331,2.84068,19:50:00,2024-06-28
202400009665,18:00,Plein jour,56,56260,2,1,1,4.0,Ménimur,47.668918,-2.767171,18:00:00,2024-07-04
202400009666,17:00,Plein jour,56,56260,2,9,1,3.0,Avenue de la Marne,47.66011,-2.78794,17:00:00,2024-07-03
202400009667,15:17,Plein jour,56,56260,2,1,2,7.0,Rue Winston Churchill,47.639,-2.768,15:17:00,2024-07-03
202400009668,10:30,Plein jour,51,51454,2,1,1,3.0,VASNIER (BOULEVARD HENRI) COTE IMPAIR,49.24408,4.04971,10:30:00,2024-07-04
202400009669,04:20,,51,51454,2,2,2,3.0,LAON (AVENUE) DU N° 51 A 217 ET DU N° 62,49.26999,4.02221,04:20:00,2024-07-04
202400009670,18:07,Plein jour,51,51454,2,1,1,4.0,CHAMPAGNE  (  AVENUE),49.23766,4.04455,18:07:00,2024-07-03
202400009671,16:55,Plein jour,50,50218,2,1,1,3.0,VILLEDIEU (ROUTE DE),48.83767,-1.53946,16:55:00,2024-07-03
202400009672,11:15,Plein jour,50,50129,2,7,1,3.0,JAURES (PLACE JEAN),49.63385,-1.62239,11:15:00,2024-07-03
202400009673,09:15,Plein jour,49,49099,2,2,1,3.0,FLECHE (RUE DE LA),47.07375,-0.86762,09:15:00,2024-06-12
202400009674,14:35,Plein jour,47,47031,2,1,1,1.0,Avenue de Bigorre,44.1845,0.63234,14:35:00,2024-07-04
202400009675,17:10,Plein jour,47,47001,2,1,1,2.0,BRU (AV. DU DR JEAN),44.19407,0.62427,17:10:00,2024-07-03
202400009676,17:40,Plein jour,45,45302,2,1,1,6.0,D2060 PR 98 + 824,47.945141,1.895244,17:40:00,2024-07-04
202400009677,21:46,Crépuscule,45,45338,1,9,1,6.0,D2060 PR 28 + 2734,47.9811,2.7085,21:46:00,2024-07-03
202400009678,02:28,Nuit sans éclairage,45,45338,2,1,1,6.0,Rue de l'Etang Collier,47.982756,2.706569,02:28:00,2024-07-03
202400009679,21:00,Plein jour,44,44162,2,6,1,6.0,25 Place Pierre Mendès France,47.20862263,-1.61206752,21:00:00,2024-07-04
202400009680,17:00,Crépuscule,95,95572,1,1,1,3.0,N184,49.04477365,2.12970186,17:00:00,2024-11-26
202400009681,14:50,Plein jour,93,93048,1,1,2,2.0,AUTOROUTE A3,48.87128596,2.43253383,14:50:00,2024-11-25
202400009682,08:35,Plein jour,93,93053,1,1,2,3.0,AUTOROUTE A86,48.89906682,2.46975562,08:35:00,2024-11-25
202400009683,07:25,,95,95018,1,1,2,3.0,A15,48.95083853,2.27990658,07:25:00,2024-11-25
202400009684,18:30,Nuit sans éclairage,95,95218,1,1,1,4.0,A15,49.03585049,2.09574401,18:30:00,2024-11-23
202400009685,18:15,Nuit sans éclairage,94,94028,1,1,1,2.0,A86,48.79871719,2.44499982,18:15:00,2024-11-26
202400009686,11:37,Plein jour,82,82033,1,3,8,6.0,Chemin de Peyrat,44.03414427,1.17438868,11:37:00,2024-09-23
202400009687,16:50,Plein jour,84,84125,1,1,1,6.0,D40,44.182439,5.372038,16:50:00,2024-09-15
202400009688,04:15,Nuit avec éclairage,84,84081,1,1,6,6.0,PK 195 - AIRE DE MORIERES LES AVIGNON - A7,43.92453989,4.91334991,04:15:00,2024-09-15
202400009689,10:00,Plein jour,84,84007,1,1,1,2.0,MARSEILLE (Route de ),43.9088,4.88647,10:00:00,2024-09-14
202400009690,17:40,Plein jour,84,84089,2,1,1,7.0,Route de la Bastidonne,43.696657,5.519621,17:40:00,2024-09-13
202400009691,19:30,Plein jour,84,84007,2,1,1,1.0,BAIGNE PIEDS (CHEMIN DE),43.92368,4.79971,19:30:00,2024-09-12
202400009692,18:30,Plein jour,93,93029,2,6,1,6.0,Rue de Stalingrad / Rue Raymond Barker,48.91501,2.43139,18:30:00,2024-04-30
202400009693,11:00,Plein jour,74,74010,1,1,2,1.0,Avenue d'aix-les-bains,45.838061,6.059464,11:00:00,2024-09-09
202400009694,18:00,Plein jour,93,93029,2,6,2,2.0,Rue Diderot / Rue de la Station,48.91725547,2.42966661,18:00:00,2024-04-27
202400009695,16:18,Plein jour,93,93029,2,2,1,3.0,Rue Sadi Carnot / Rue Anatole France,48.923464,2.445785,16:18:00,2024-04-23
202400009696,17:22,Plein jour,93,93029,2,1,1,2.0,Rue Charles De Gaulle,48.922975,2.445841,17:22:00,2024-03-19
202400009697,06:15,,93,93027,2,3,2,3.0,Rue de Stalingrad / Rue Maurice Lachâtre,48.91941,2.4136,06:15:00,2024-03-13
202400009698,08:55,Plein jour,93,93029,2,1,1,3.0,Rue Victor Bize,48.91774747,2.43018869,08:55:00,2024-03-07
202400009699,08:25,Plein jour,93,93029,2,1,2,6.0,Rue Lucien Delaquerriere,48.91744203,2.44792879,08:25:00,2024-03-05
202400009700,08:10,Plein jour,93,93029,2,2,1,3.0,Rue Faidherbes / Rue Victor Bize / Rue Ducouedic,48.91773458,2.43112273,08:10:00,2024-03-04
202400009701,15:00,Plein jour,93,93029,2,1,1,3.0,Avenue Henri Barbusse,48.92351,2.46052,15:00:00,2024-03-29
202400009702,12:10,Plein jour,93,93029,2,3,8,3.0,Avenue Henri Barbusse /Rue Gabriel Puech,48.91862,2.44886,12:10:00,2024-02-21
202400009703,22:22,Nuit sans éclairage,56,56098,2,8,1,3.0,19 Rue Marcel Sembat,47.75952,-3.34634,22:22:00,2024-09-12
202400009704,14:40,Plein jour,93,93029,2,2,8,6.0,Avenue Henri Barbusse / Avenue Jean Jaures,48.91983911,2.45138884,14:40:00,2024-02-11
202400009705,15:10,Plein jour,54,54547,2,3,1,3.0,Rue Aristide Briand,48.67176835,6.18084624,15:10:00,2024-09-13
202400009706,17:08,Plein jour,93,93029,2,1,3,1.0,Rue Marcelin Berthelot,48.91955035,2.4460955,17:08:00,2024-02-10
202400009707,13:45,Plein jour,54,54323,2,1,7,6.0,Avenue de la République,49.51828,5.76339,13:45:00,2024-09-13
202400009708,22:45,,93,93029,2,1,1,6.0,Boulevard Paul Vaillant Couturier,48.9231,2.44664,22:45:00,2024-02-09
202400009709,23:00,Nuit sans éclairage,51,51454,2,4,2,3.0,AULAN (RUE JEAN),49.22527,4.026,23:00:00,2024-09-12
202400009710,12:45,Plein jour,93,93029,2,2,1,3.0,Rue des Travailleurs / Avenue de la Concorde,48.9162,2.46504,12:45:00,2024-02-02
202400009711,18:17,Plein jour,51,51108,2,1,1,6.0,ZOLA (BD EMILE),48.96042,4.37296,18:17:00,2024-09-12
202400009712,18:00,,93,93029,2,1,1,6.0,Rue Anatole France,48.93202,2.45542,18:00:00,2024-01-24
202400009713,11:10,Plein jour,50,50147,2,1,1,6.0,SAINT NICOLAS,49.04995,-1.44406,11:10:00,2024-09-13
202400009714,11:30,Plein jour,93,93029,2,2,1,6.0,Rue du 8 Mai 1945,48.91756635,2.45016289,11:30:00,2024-01-16
202400009715,00:25,,49,49007,2,1,1,6.0,SAUMUROISE IMPASSE ET RUE,47.45812,-0.53395,00:25:00,2024-09-14
202400009716,13:40,Plein jour,93,93029,2,6,2,6.0,REPIQUET (ROND-POINT),48.91491968,2.43158072,13:40:00,2024-01-02
202400009717,12:35,Plein jour,49,49007,2,1,1,3.0,ARENES,47.46777,-0.54829,12:35:00,2024-09-13
202400009718,19:35,,93,93029,2,1,2,3.0,HENRI BARBUSSE (AVE) N°2-124,48.91552544,2.44231127,19:35:00,2024-01-06
202400009719,14:15,Plein jour,45,45147,2,3,1,3.0,Rue Marcellin Berthelot,47.93528,1.91752,14:15:00,2024-09-13
202400009720,19:56,Plein jour,44,44162,2,6,1,3.0,63 Boulevard Charles Gautier,47.22324,-1.61242,19:56:00,2024-09-13
202400009721,05:10,Crépuscule,988,98818,2,1,1,1.0,AVENUE JAMES COOK,-22.26808,166.42998,05:10:00,2024-11-16
202400009722,04:15,Nuit avec éclairage,42,42184,2,1,1,6.0,Rue Pierre Semard,46.05324,4.05451,04:15:00,2024-09-13
202400009723,17:05,Plein jour,78,78117,1,1,1,2.0,RN12,48.78739755,2.14639485,17:05:00,2024-04-25
202400009724,17:13,Plein jour,987,98735,2,3,1,3.0,PRINCE HINOI (AVENUE),-17.534,-149.56,17:13:00,2024-11-12
202400009725,12:50,Plein jour,37,37261,2,1,1,7.0,CHEVALLIER (RUE AUGUSTE),47.37476,0.67891,12:50:00,2024-09-13
202400009726,09:20,Plein jour,37,37261,2,6,1,2.0,DANEMARK (AVENUE DU),47.43206,0.69702,09:20:00,2024-09-13
202400009727,07:35,Plein jour,92,92063,1,1,1,2.0,A86,48.87144806,2.15681022,07:35:00,2024-04-24
202400009728,08:25,Plein jour,974,97416,2,3,1,3.0,PRESIDENT MITTERAND(AVENUE),-21.34331,55.48213,08:25:00,2024-11-25
202400009729,07:50,Plein jour,93,93005,1,1,1,2.0,A3,48.93850214,2.47965223,07:50:00,2024-04-25
202400009730,21:10,,974,97411,2,3,2,3.0,NOTRE DAME DE LA TRINITE (BOULEVARD),-20.89268,55.46392,21:10:00,2024-11-25
202400009731,21:25,,35,35238,2,2,1,3.0,DESGREES (BD PAUL HUTIN),48.09527,-1.63761,21:25:00,2024-09-13
202400009732,17:20,Plein jour,93,93066,1,1,1,2.0,A1,48.90752236,2.35821845,17:20:00,2024-04-24
202400009733,20:15,,974,97411,2,2,2,3.0,GUYON (FELIX),-20.87985,55.45451,20:15:00,2024-11-24
202400009734,17:45,Plein jour,35,35115,1,1,1,4.0,RN12,48.33918,-1.21285,17:45:00,2024-09-13
202400009735,14:30,Plein jour,94,94044,1,1,1,2.0,N406,48.75735007,2.47768368,14:30:00,2024-04-25
202400009736,01:07,,974,97411,1,1,1,6.0,VINH-SAN (BLD 1 DU PRINCE),-20.88735,55.44095,01:07:00,2024-11-24
202400009737,20:25,,34,34172,2,1,1,2.0,MERMOZ (AVENUE JEAN),43.6137,3.8862,20:25:00,2024-09-13
202400009738,09:00,Plein jour,94,94081,1,1,1,7.0,A86,48.77482657,2.41105832,09:00:00,2024-04-25
202400009739,09:18,Plein jour,973,97302,2,1,1,3.0,BADUEL (ROUTE DE),4.93266,-52.30823,09:18:00,2024-11-25
202400009740,14:20,Plein jour,34,34172,2,1,1,3.0,CARTIER (AVENUE JACQUES),43.60686,3.89313,14:20:00,2024-09-13
202400009741,23:13,,973,97302,2,3,1,3.0,14 ET 22 JUIN 1962 ,4.93389474,-52.32710284,23:13:00,2024-11-24
202400009742,21:30,,33,33318,2,1,1,1.0,Unknown,44.81188,-0.6211,21:30:00,2024-09-13
202400009743,18:45,,62,62033,1,2,2,2.0,D917,50.45304,2.87632,18:45:00,2024-02-18
202400009744,20:30,,33,33522,2,3,1,1.0,Unknown,44.79622,-0.59236,20:30:00,2024-09-13
202400009745,19:40,,69,69152,2,2,8,3.0,Boulevard de l'Europe,45.69765,4.82477,19:40:00,2024-11-25
202400009746,18:00,,974,97411,2,1,1,1.0,DOMENJOD (ROUTE DE),-20.90808,55.50394,18:00:00,2024-04-24
202400009747,05:30,Nuit sans éclairage,971,97113,1,1,1,6.0,PETIT HAVRE (SECTEUR),16.21374,-61.42463,05:30:00,2024-11-23
202400009748,02:10,Nuit avec éclairage,974,97411,2,1,1,6.0,RIVIERE DES PLUIES (ROUTE DE LA),-20.90229,55.5031,02:10:00,2024-04-24
202400009749,12:30,Plein jour,33,33281,2,3,1,3.0,Unknown,44.83205,-0.62675,12:30:00,2024-09-13
202400009750,21:05,,95,95427,2,1,2,1.0,D311,48.97700752,2.34837999,21:05:00,2024-11-25
202400009751,12:00,Plein jour,33,33281,2,4,1,3.0,Unknown,44.838495,-0.618851,12:00:00,2024-09-13
202400009752,22:50,,69,69388,2,3,1,3.0,Rue Paul Cazeneuve,45.73188,4.86051,22:50:00,2024-04-24
202400009753,08:15,Crépuscule,95,95288,2,1,3,6.0,D311,48.9852119,2.35666741,08:15:00,2024-11-25
202400009754,08:25,Plein jour,33,33281,2,6,1,6.0,Unknown,44.82374,-0.65033,08:25:00,2024-09-13
202400009755,10:35,Plein jour,69,69388,2,8,1,6.0,67 Boulevard des Etats-Unis,45.73409,4.86402,10:35:00,2024-04-24
202400009756,08:00,Crépuscule,91,91477,2,1,2,6.0,EMILE BAUDOT (RUE),48.72101,2.26127,08:00:00,2024-11-25
202400009757,08:10,Crépuscule,33,33318,2,2,1,1.0,Unknown,44.80078,-0.60851,08:10:00,2024-09-13
202400009758,17:08,Plein jour,972,97213,1,1,1,3.0,BASSE GONDEAU (CHEMIN RURAL N°4 DE) ,14.62891,-61.02826,17:08:00,2024-04-24
202400009759,14:35,Plein jour,91,91201,2,3,1,6.0,BD HENRI BARBUSSE,48.690287,2.411121,14:35:00,2024-11-24
202400009760,04:30,,33,33063,2,1,2,6.0,Unknown,44.87481,-0.55063,04:30:00,2024-09-13
202400009761,08:55,Plein jour,972,97209,2,4,1,5.0,MOUTTE (ROUTE DE),14.6248,-61.05089,08:55:00,2024-04-22
202400009762,16:30,Plein jour,91,91691,2,1,1,6.0,PARC,48.72072,2.51169,16:30:00,2024-11-23
202400009763,18:24,,87,87085,2,1,1,6.0,FOURNIER (PLACE),45.83138,1.26099,18:24:00,2024-11-22
202400009764,17:50,Plein jour,31,31555,2,1,1,6.0,CHE D AUDIBERT,43.63671834,1.44244641,17:50:00,2024-09-13
202400009765,11:45,Plein jour,69,69034,2,6,1,2.0,Avenue Général Leclerc,45.80368,4.86082,11:45:00,2024-04-24