Num_Acc,hrmn,lum,dep,com,agg,int,atm,col,adr,lat,long,heure,date
202400009766,05:20,Nuit sans éclairage,87,87085,2,1,1,6.0,NEXON (RUE DE),45.80378,1.25453,05:20:00,2024-11-24
202400009767,21:50,,2A,2A004,2,1,1,1.0,PIETRI NICOLAS AVENUE,41.91766155,8.7245661,21:50:00,2024-04-24
202400009768,04:20,Nuit sans éclairage,31,31555,2,1,1,5.0,VA007440 LES MINIMES A620 Sortie 31,43.62112,1.41807,04:20:00,2024-09-13
202400009769,10:13,Plein jour,87,87085,2,2,1,3.0,FOUGERAS (RUE DE),45.86874,1.29646,10:13:00,2024-11-22
202400009770,17:00,Plein jour,88,88160,1,3,1,3.0,7EME ARMEE (RUE DE LA),48.15007,6.45521,17:00:00,2024-04-23
202400009771,07:00,,28,28134,2,1,1,1.0,KENNEDY (AVENUE DU PRESIDENT),48.73016,1.37963,07:00:00,2024-09-13
202400009772,16:32,Plein jour,87,87085,2,1,1,2.0,REFORME (RUE DE LA),45.83522,1.26221,16:32:00,2024-04-22
202400009773,20:25,Nuit avec éclairage,26,26362,1,1,1,2.0,L.A.C.R.A. (RN532),44.9532988,4.93509293,20:25:00,2024-09-13
202400009774,10:15,Plein jour,85,85194,2,1,1,6.0,Rue des Ajoncs,46.51366,-1.77569,10:15:00,2024-04-24
202400009775,16:15,Plein jour,17,17306,2,1,1,3.0,BOUCHET LOUIS (AVENUE),45.62727,-0.99741,16:15:00,2024-09-13
202400009776,07:30,Crépuscule,84,84031,2,7,1,3.0,MONT VENTOUX AVENUE DU,44.05588,5.05225,07:30:00,2024-11-25
202400009777,13:55,Plein jour,85,85194,2,3,1,6.0,GUYNEMER (RUE GEORGES),46.49542,-1.77747,13:55:00,2024-04-19
202400009778,11:35,Plein jour,83,83069,2,1,8,7.0,CLOTIS (AVENUE JOSEPH),43.11995,6.12909,11:35:00,2024-11-21
202400009779,09:55,Plein jour,85,85191,2,2,1,3.0,RD88,46.66381,-1.4111,09:55:00,2024-04-24
202400009780,15:20,Plein jour,17,17306,2,6,1,3.0,CHEVREUILS (DES),45.64303,-1.04779,15:20:00,2024-09-13
202400009781,18:20,Nuit sans éclairage,78,78621,2,3,2,3.0,CHARTRES (ROUTE DE),48.773149,1.992242,18:20:00,2024-11-25
202400009782,22:15,,84,84007,2,2,1,3.0,LIBERTE ( Rue de la),43.943408,4.81901,22:15:00,2024-04-24
202400009783,16:25,Plein jour,14,14118,2,3,1,3.0,17 Avenue du 6 Juin,49.182247,-0.357259,16:25:00,2024-09-13
202400009784,15:50,Plein jour,13,13102,2,1,1,1.0,RENE CAILLOUX (BD ),43.42244,5.23344,15:50:00,2024-09-11
202400009785,07:20,Plein jour,83,83103,1,1,1,3.0,DE GAULLE (ROUTE GENERAL),43.16873241,5.92073143,07:20:00,2024-04-24
202400009786,20:35,,77,77373,2,2,1,6.0,CHE D 21,48.78158,2.61832,20:35:00,2024-11-24
202400009787,15:10,Plein jour,13,13201,2,1,1,6.0,HOTEL DES POSTES (PLACE DE L'),43.29886,5.37413,15:10:00,2024-09-12
202400009788,20:00,Nuit sans éclairage,77,77495,1,9,8,6.0,D.346,48.5541149,2.62785827,20:00:00,2024-11-25
202400009789,18:40,Plein jour,83,83126,2,9,7,3.0,GHIBAUDO (CHEMIN JEAN ),43.0918,5.87821,18:40:00,2024-04-24
202400009790,18:05,Plein jour,83,83050,2,1,1,6.0,AZEMAR(RUE DES ALLEES D'),43.53598646,6.46058485,18:05:00,2024-04-21
202400009791,05:00,,76,76351,2,3,1,3.0,FLEURUS (DE),49.49154,0.1383,05:00:00,2024-11-24
202400009792,11:20,Plein jour,11,11069,1,1,1,5.0,Unknown,43.225708,2.330236,11:20:00,2024-09-13
202400009793,13:20,Plein jour,82,82033,1,1,1,6.0,Route de Saint-Aignan,44.032329,1.099121,13:20:00,2024-04-23
202400009794,18:35,,74,74010,2,3,1,3.0,ST-BERNARD DE MENTHON(BOULEVARD/PASSAGE),45.90443,6.13426,18:35:00,2024-11-25
202400009795,15:42,Plein jour,10,10387,2,2,1,6.0,Avenue Pierre Brossolette,48.2866,4.0774,15:42:00,2024-09-13
202400009796,18:20,,67,67482,2,1,6,6.0,OBERHAUSBERGEN (ROUTE D ),48.59727,7.70461,18:20:00,2024-11-25
202400009797,19:14,Plein jour,10,10387,2,3,1,1.0,Boulevard Gambetta,48.29929,4.07182,19:14:00,2024-09-12
202400009798,08:10,Plein jour,77,77269,2,1,1,4.0,NANGIS - D408 (ROUTE),48.5417833,2.68518801,08:10:00,2024-04-22
202400009799,07:25,Nuit avec éclairage,62,62510,2,9,2,6.0,Rue Jules Ferry,50.42907,2.74951,07:25:00,2024-11-25
202400009800,11:20,Plein jour,59,59599,2,2,2,6.0,GRAMME (CHAUSSEE),50.737999,3.162314,11:20:00,2024-11-25
202400009801,13:00,Plein jour,09,09122,2,1,1,4.0,LECLERC (AVENUE DU GENERAL),42.975112,1.60821,13:00:00,2024-09-13
202400009802,20:15,,59,59650,2,2,1,3.0,DELECOURT (RUE ALFRED),50.70841,3.18628,20:15:00,2024-11-25
202400009803,07:55,Plein jour,07,07102,2,1,1,3.0,DUNANT (RUE HENRI),44.93912,4.87387,07:55:00,2024-09-12
202400009804,06:50,Plein jour,72,72181,2,2,1,3.0,HEUZE OLIVIER AV N° PAIRS 200 ET >,47.99278415,0.17406464,06:50:00,2024-04-24
202400009805,08:40,Plein jour,06,06069,2,1,1,6.0,46 Avenue Victoria,43.663697,6.931736,08:40:00,2024-09-13
202400009806,16:12,Plein jour,72,72181,2,9,1,2.0,JAURES JEAN (AV) N° PAIRS 60 ET >,47.98951,0.20581,16:12:00,2024-04-23
202400009807,09:05,Plein jour,75,75119,2,1,1,7.0,BOULEVARD PERIPHERIQUE EXTERIEUR NORD  ,48.900581,2.386129,09:05:00,2024-09-13
202400009808,07:20,Nuit sans éclairage,59,59560,1,1,2,2.0,BOUVRY ROGER RUE,50.53843,3.01842,07:20:00,2024-11-25
202400009809,19:13,Plein jour,71,71076,2,3,1,3.0,BLERIOT (RUE LOUIS),46.80148,4.8591,19:13:00,2024-04-24
202400009810,18:45,Plein jour,75,75115,2,1,2,3.0,BOULEVARD PERIPHERIQUE EXTERIEUR SUD,48.828966,2.288562,18:45:00,2024-09-12
202400009811,10:10,Plein jour,58,58194,2,1,1,6.0,PAUL VAILLANT COUTURIER,46.99303,3.1571,10:10:00,2024-11-22
202400009812,14:02,Plein jour,71,71076,2,1,2,3.0,CASSIN (RUE RENE),46.77445,4.8647,14:02:00,2024-04-24
202400009813,17:40,Plein jour,75,75117,2,1,1,2.0,BOULEVARD PERIPHERIQUE EXTERIEUR NORD  ,48.899447,2.318284,17:40:00,2024-09-12
202400009814,08:20,Plein jour,56,56260,2,6,1,3.0,Rue François-René de Chateaubriand,47.66292,-2.76217,08:20:00,2024-11-25
202400009815,17:00,Plein jour,66,66136,2,1,1,6.0,Chemin de Château-Roussillon (VC 210),42.70385,2.9431,17:00:00,2024-04-24
202400009816,04:15,Nuit sans éclairage,56,56098,2,1,1,6.0,Rue Marie Le Franc,47.77624,-3.35807,04:15:00,2024-11-23
202400009817,14:50,Plein jour,75,75117,2,2,1,3.0,BOULEVARD BESSIERES,48.894467,2.313443,14:50:00,2024-09-13
202400009818,07:45,Plein jour,64,64335,2,1,1,2.0,EUROPE DE L',43.32926,-0.44607,07:45:00,2024-04-24
202400009819,18:47,,47,47001,2,2,2,6.0,BRU (AVENUE DU DOCTEUR JEAN),44.19413,0.62824,18:47:00,2024-11-25
202400009820,03:30,,64,64024,2,1,1,7.0,LOUILLOT (RUE DE),43.4815,-1.52083,03:30:00,2024-04-24
202400009821,08:50,Plein jour,75,75116,2,2,1,3.0,RUE CLAUDE TERRASSE,48.839559,2.263321,08:50:00,2024-09-12
202400009822,22:10,,44,44109,2,6,8,2.0,Boulevard Jean Philippot,47.21285,-1.55367,22:10:00,2024-11-25
202400009823,14:45,Plein jour,63,63113,2,1,1,6.0,RASSAT (RUE DU),45.76919,3.11889,14:45:00,2024-04-24
202400009824,10:20,Plein jour,75,75114,2,2,1,6.0,RUE ALPHONSE DAUDET,48.826139,2.328918,10:20:00,2024-09-12
202400009825,01:00,Nuit avec éclairage,62,62570,2,1,1,6.0,Rue Charles Lecocq,50.4024,2.87876,01:00:00,2024-04-14
202400009826,08:25,Plein jour,38,38169,2,2,1,3.0,BOULEVARD JOLIOT-CURIE,45.19993,5.69123,08:25:00,2024-11-25
202400009827,21:19,,75,75113,2,2,1,3.0,RUE NEUVE TOLBIAC,48.832232,2.379769,21:19:00,2024-09-13
202400009828,18:30,Plein jour,56,56260,1,1,2,4.0,Liziec,47.667003,-2.729657,18:30:00,2024-04-24
202400009829,08:35,Crépuscule,37,37122,2,3,3,2.0,BRETONNIERES (BOULEVARD DES),47.34372998,0.62750727,08:35:00,2024-11-25
202400009830,12:30,Plein jour,75,75113,2,2,1,3.0,RUE DU CHEVALERET,48.832634,2.371002,12:30:00,2024-09-13
202400009831,12:15,Plein jour,56,56121,2,1,1,3.0,Rue Jean Le Coutaller,47.74805,-3.37012,12:15:00,2024-04-23
202400009832,18:15,Nuit sans éclairage,36,36202,1,1,8,4.0,Unknown,46.77048773,1.66333437,18:15:00,2024-11-25
202400009833,15:20,Plein jour,51,51454,2,2,1,6.0,PONSARDIN (RUE),49.24682,4.0439,15:20:00,2024-04-23
202400009834,08:35,Plein jour,75,75112,2,3,1,2.0,RUE MOUSSET ROBERT,48.842934,2.405255,08:35:00,2024-09-12
202400009835,19:20,,35,35238,2,3,1,3.0,NANTAISE,48.11027404,-1.68510586,19:20:00,2024-11-25
202400009836,20:00,Crépuscule,49,49007,2,1,1,3.0,JONCHERES SQUARE,47.44879,-0.56287,20:00:00,2024-04-23
202400009837,10:41,Plein jour,75,75108,2,1,1,6.0,RUE DE ROME,48.876122,2.323639,10:41:00,2024-09-13
202400009838,19:15,,31,31555,1,1,2,4.0,VA001490 A621,43.62449,1.41615,19:15:00,2024-11-25
202400009839,11:10,Plein jour,45,45208,2,2,1,3.0,53 Rue de la Pontonnerie,48.00156579,2.72276683,11:10:00,2024-04-23
202400009840,03:10,,75,75107,2,3,1,2.0,AVENUE RAPP,48.859839,2.300669,03:10:00,2024-09-13
202400009841,14:50,Plein jour,22,22278,2,1,1,3.0,DOUVENANT (DE),48.5016,-2.73703,14:50:00,2024-11-24
202400009842,15:20,Plein jour,42,42044,2,2,1,6.0,Rue de la République,45.39572,4.31793,15:20:00,2024-04-24
202400009843,16:20,Plein jour,75,75101,2,2,1,6.0,PONT AU CHANGE,48.85723759,2.34709918,16:20:00,2024-09-13
202400009844,07:25,Nuit sans éclairage,17,17415,2,1,1,6.0,ALLENDE AVENUE DU PRESIDENT SALVADOR,45.735077,-0.644958,07:25:00,2024-11-25
202400009845,19:35,Crépuscule,37,37261,2,6,8,3.0,CHAUTEMPS (AVENUE CAMILLE),47.3747,0.7163,19:35:00,2024-04-24
202400009846,10:20,Plein jour,75,75104,2,2,1,3.0,QUAI HENRI IV,48.85082534,2.36144632,10:20:00,2024-09-13
202400009847,08:45,Plein jour,35,35238,2,1,1,3.0,LORIENT (DE),48.10821,-1.70017,08:45:00,2024-04-24
202400009848,10:10,Plein jour,75,75102,2,2,1,3.0,RUE DE LA PAIX,48.868311,2.330316,10:10:00,2024-09-13
202400009849,16:50,Plein jour,34,34301,2,1,1,6.0,CLERVILLE CHEVALIER DE (BOULEVARD),43.40723,3.67837,16:50:00,2024-04-24
202400009850,14:10,Plein jour,13,13039,1,1,2,5.0,RN 568,43.47019,4.94536,14:10:00,2024-11-16
202400009851,08:15,Plein jour,94,94067,2,2,7,3.0,Rue Fays,48.84749141,2.41863003,08:15:00,2024-09-13
202400009852,20:30,Plein jour,34,34198,2,1,1,3.0,FOIRE (ROUTE DE LA),43.573,3.945,20:30:00,2024-04-24
202400009853,20:30,,13,13214,2,1,1,3.0,PLOMBIERES (BOULEVARD DES),43.31646,5.38337,20:30:00,2024-11-25
202400009854,09:00,Plein jour,94,94044,2,1,1,6.0,13 Rue Roger Salengro,48.751431,2.49006,09:00:00,2024-09-13
202400009855,17:10,Plein jour,34,34172,2,1,1,1.0,PEYRE (RUE ARNAULT),43.6408,3.81865,17:10:00,2024-04-21
202400009856,17:10,Plein jour,94,94058,2,1,8,3.0,Rue de Tannebourg,48.8372,2.496,17:10:00,2024-09-13
202400009857,08:30,Plein jour,13,13203,2,4,8,3.0,STRASBOURG (BOULEVARD),43.30713,5.3752,08:30:00,2024-11-25
202400009858,09:36,Plein jour,34,34172,2,3,1,3.0,TOULOUSE (AVENUE DE,43.59737,3.86428,09:36:00,2024-04-24
202400009859,12:10,Plein jour,94,94058,2,2,1,5.0,Avenue du Général de Gaulle,48.8390143,2.50867546,12:10:00,2024-09-13
202400009860,09:30,Plein jour,75,75117,2,2,2,3.0,RUE DE ROME,48.883269,2.319153,09:30:00,2024-11-25
202400009861,22:00,,33,33281,2,1,1,2.0,Unknown,44.82645,-0.62403,22:00:00,2024-04-24
202400009862,09:30,Plein jour,75,75116,2,1,2,6.0,AVENUE VICTOR HUGO,48.872052,2.290906,09:30:00,2024-11-25
202400009863,20:45,Nuit sans éclairage,94,94028,1,1,2,6.0,D1,48.79159315,2.44820479,20:45:00,2024-09-12
202400009864,17:30,,75,75116,2,1,1,6.0,AVENUE HENRI MARTIN,48.864366,2.273838,17:30:00,2024-11-24
202400009865,19:25,Plein jour,94,94060,2,1,1,3.0,Rue du Four,48.78424102,2.5786314,19:25:00,2024-09-13
202400009866,20:05,Plein jour,31,31555,2,3,2,3.0,RUE RAYMOND LIZOP,43.56753,1.39741,20:05:00,2024-04-24
202400009867,14:15,Plein jour,75,75116,2,1,1,6.0,ROUTE DE LA MUETTE A NEUILLY,48.878021,2.259604,14:15:00,2024-11-24
202400009868,08:00,Plein jour,31,31555,2,1,1,3.0,RTE DE LAUNAGUET,43.64957,1.43878,08:00:00,2024-04-24
202400009869,20:45,Nuit sans éclairage,75,75115,2,3,1,2.0,AVENUE DE LOWENDAL,48.848609,2.302371,20:45:00,2024-11-25
202400009870,09:00,Plein jour,93,93064,2,1,1,2.0,MAUNOURY (RUE DU MARECHAL),48.87141691,2.48316217,09:00:00,2024-09-13
202400009871,09:05,Plein jour,27,27229,2,1,1,6.0,TILLEULS (ALLEE DES),49.020002,1.146163,09:05:00,2024-04-24
202400009872,15:10,Plein jour,75,75114,2,3,8,3.0,AVENUE DU MAINE,48.837539,2.32305,15:10:00,2024-11-25
202400009873,16:05,Plein jour,25,25056,1,1,1,6.0,RN 1057 (BD CHURCHIL-ROUTE DE GRAY),47.26526,6.00534,16:05:00,2024-04-24
202400009874,17:00,Crépuscule,75,75114,2,2,1,6.0,RUE VERCINGETORIX,48.83276,2.311552,17:00:00,2024-11-23
202400009875,17:20,Plein jour,93,93077,2,1,2,2.0,ROSNY (AVENUE DE),48.88201385,2.49681973,17:20:00,2024-09-13
202400009876,17:30,Plein jour,13,13056,2,1,1,1.0,QUATORZE JUILLET,43.40871,5.05626,17:30:00,2024-03-23
202400009877,08:20,Plein jour,75,75111,2,2,3,3.0,BOULEVARD VOLTAIRE,48.858727,2.378598,08:20:00,2024-11-25
202400009878,16:00,Plein jour,93,93046,2,2,1,3.0,PACHOT LAINE RUE,48.92401,2.5391,16:00:00,2024-09-13
202400009879,11:05,Plein jour,13,13212,2,1,1,3.0,TREVARESSE (TRAV DE LA) ,43.29657,5.41325,11:05:00,2024-04-24
202400009880,09:00,Plein jour,75,75110,2,1,2,7.0,RUE DES RECOLLETS,48.874469,2.36173,09:00:00,2024-11-25
202400009881,07:15,Crépuscule,93,93055,2,1,1,6.0,JEAN NICOT,48.89160764,2.41490562,07:15:00,2024-09-13
202400009882,08:45,Plein jour,93,93051,2,1,1,6.0,SOUCHET (BOULEVARD),48.84840612,2.54270554,08:45:00,2024-09-13
202400009883,18:35,,75,75108,2,7,8,3.0,PLACE CHARLES DE GAULLE,48.873488,2.296101,18:35:00,2024-11-25
202400009884,11:15,Plein jour,13,13213,2,1,1,7.0,PAUL LANGEVIN (RUE),43.34357644,5.4313996,11:15:00,2024-04-24
202400009885,16:00,Plein jour,93,93063,2,6,1,6.0,DOUMER PAUL AV.,48.88329815,2.42448263,16:00:00,2024-09-13
202400009886,13:00,Plein jour,75,75108,2,3,3,3.0,RUE DU GENERAL FOY,48.877886,2.318158,13:00:00,2024-11-25
202400009887,21:05,Plein jour,11,11262,2,2,6,3.0,Unknown,43.18278,2.97927,21:05:00,2024-04-23
202400009888,01:00,,93,93014,2,9,1,6.0,FOSSE MAUSSOIN (ALLEE DE LA),48.9066094,2.53207602,01:00:00,2024-09-13
202400009889,11:40,Plein jour,75,75108,2,4,3,3.0,RUE DE MONCEAU,48.875038,2.306055,11:40:00,2024-11-25
202400009890,07:00,,75,75103,2,2,2,7.0,RUE DE TURBIGO,48.86445,2.351657,07:00:00,2024-11-25
202400009891,15:00,Plein jour,93,93008,1,1,1,5.0,PLACE SAINT JUSTE,48.90566293,2.46954069,15:00:00,2024-09-13
202400009892,09:40,Plein jour,11,11069,1,1,1,4.0,Unknown,43.22056,2.37983,09:40:00,2024-04-22
202400009893,16:10,Plein jour,94,94042,2,2,2,3.0,Place de Verdun,48.82004,2.47345,16:10:00,2024-11-25
202400009894,04:50,,93,93008,2,8,1,3.0,VAILLANT COUTURIER (AVENUE PAUL),48.90845287,2.4514367,04:50:00,2024-09-13
202400009895,16:10,Crépuscule,94,94034,2,1,2,6.0,Avenue de la Rèpublique,48.75576,2.32212,16:10:00,2024-11-25
202400009896,19:50,Plein jour,04,04112,2,1,1,2.0,SAINT LAZARE (AV.),43.83333,5.78333,19:50:00,2024-04-21
202400009897,18:00,Plein jour,93,93005,2,2,1,2.0,PIMODAN (RUE DE),48.92588065,2.49079227,18:00:00,2024-09-13
202400009898,08:50,Plein jour,94,94022,2,9,2,3.0,Avenue Victor Hugo,48.766868,2.414539,08:50:00,2024-11-25
202400009899,15:35,Plein jour,75,75120,2,7,1,6.0,RUE BELGRAND,48.864904,2.398858,15:35:00,2024-04-24
202400009900,21:50,,93,93071,2,1,1,3.0,JOHN F. KENNEDY (AVENUE),48.93866365,2.51308863,21:50:00,2024-09-12
202400009901,00:10,,94,94019,2,1,1,6.0,Rue du Général de Gaulle,48.79289,2.52935,00:10:00,2024-11-24
202400009902,12:48,Plein jour,75,75119,2,3,1,7.0,RUE DE MOUZAIA,48.880051,2.398437,12:48:00,2024-04-24
202400009903,17:30,Plein jour,92,92073,2,1,8,2.0,SELLIER (BOULEVARD HENRI),48.86527224,2.2194303,17:30:00,2024-09-10
202400009904,08:35,Plein jour,93,93078,2,1,2,6.0,PEPINIERE (AVENUE DE LA),48.95547,2.53292,08:35:00,2024-11-25
202400009905,10:00,Plein jour,92,92050,2,1,1,1.0,ONZE NOVEMBRE RUE DU,48.90781509,2.21369751,10:00:00,2024-09-13
202400009906,14:00,Plein jour,75,75116,2,3,1,3.0,BOULEVARD DE BEAUSEJOUR,48.856589,2.266333,14:00:00,2024-04-24
202400009907,07:45,Crépuscule,92,92050,2,9,1,3.0,LE CORBUSIER ALLEE,48.89435248,2.223351,07:45:00,2024-09-13
202400009908,14:38,Plein jour,93,93051,2,2,2,3.0,ARISTIDE BRIAND (AVENUE),48.84778247,2.55276918,14:38:00,2024-11-25
202400009909,14:50,Plein jour,75,75115,2,3,2,6.0,RUE DE LA CONVENTION,48.839076,2.292344,14:50:00,2024-04-24
202400009910,19:30,,93,93074,2,3,1,2.0,MEAUX RUE DE,48.93505,2.56965,19:30:00,2024-11-25
202400009911,01:45,,92,92044,2,2,1,3.0,ARISTIDE BRIAND(RUE)51A83  54A96,48.89172,2.28679,01:45:00,2024-09-13
202400009912,18:00,Plein jour,75,75114,2,3,8,3.0,RUE FROIDEVAUX,48.835363,2.329262,18:00:00,2024-04-24
202400009913,08:20,Plein jour,93,93057,2,4,2,6.0,BARBUSSE ( AL. HENRI),48.89956698,2.49898911,08:20:00,2024-11-25
202400009914,09:30,Plein jour,92,92026,2,1,1,6.0,GAULTIER,48.89787184,2.24041298,09:30:00,2024-09-13
202400009915,17:48,,93,93005,2,1,2,6.0,GEORGES BRAQUE (BOULEVARD),48.95888667,2.47695006,17:48:00,2024-11-18
202400009916,18:05,Plein jour,92,92023,2,6,1,1.0,ANEMOMETRE (CARREFOUR DE L'),48.80030195,2.24897772,18:05:00,2024-09-13
202400009917,08:23,Plein jour,75,75113,2,3,1,3.0,RUE NEUVE TOLBIAC,48.831838,2.379118,08:23:00,2024-04-24
202400009918,16:40,Crépuscule,92,92064,2,3,2,6.0,BEARN,48.84889077,2.22087823,16:40:00,2024-11-18
202400009919,16:55,Plein jour,92,92012,2,1,1,3.0,JEAN JAURES (BOULEVARD) 217/FIN - 210/FI,48.83535,2.24252,16:55:00,2024-09-13
202400009920,12:55,Plein jour,75,75111,2,3,1,3.0,RUE DE LA ROQUETTE,48.854771,2.372767,12:55:00,2024-04-24
202400009921,20:13,,92,92051,2,3,1,3.0,RICHARD WALLACE (BOULEVARD),48.87589241,2.2478722,20:13:00,2024-11-25
202400009922,12:12,Plein jour,92,92012,2,1,1,6.0,JEAN JAURES (BOULEVARD) 2/68 - COTE PAIR,48.83573,2.24232,12:12:00,2024-09-13
202400009923,19:30,Crépuscule,75,75117,2,3,1,7.0,BOULEVARD DES BATIGNOLLES,48.882581,2.32206,19:30:00,2024-04-17
202400009924,11:29,Plein jour,92,92020,2,9,3,6.0,VANVES BOULEVARD DE N° PAIRS,48.80414,2.28847,11:29:00,2024-11-25
202400009925,08:27,Plein jour,92,92004,2,1,1,3.0,ARGENTEUIL AV D',48.91986892,2.27985229,08:27:00,2024-09-13
202400009926,08:55,Plein jour,92,92040,2,1,2,6.0,RODIN (BOULEVARD),48.81887541,2.25817144,08:55:00,2024-11-25
202400009927,06:50,Plein jour,94,94078,2,4,1,3.0,Avenue du 8 Mai 1945 / Rue Gervais,48.72560904,2.44472153,06:50:00,2024-04-24
202400009928,07:55,Plein jour,92,92009,2,1,1,3.0,ADOLPHE GUYOT ( RUE ),48.91974324,2.27538298,07:55:00,2024-09-13
202400009929,14:00,Plein jour,92,92025,2,2,1,6.0,FRANKENTHAL (RUE DE),48.92471752,2.24010676,14:00:00,2024-11-24
202400009930,12:30,Plein jour,94,94042,2,2,1,3.0,Avenue du President Kennedy / Boulevard de l'Europe,48.81491509,2.46328229,12:30:00,2024-04-29
202400009931,17:00,Plein jour,34,34202,1,1,1,1.0,M5,43.585365,3.785563,17:00:00,2024-07-31
202400009932,05:50,Crépuscule,92,92023,2,9,2,7.0,GENERAL EISENHOWER (AVENUE),48.77702958,2.22972035,05:50:00,2024-11-25
202400009933,09:45,Plein jour,94,94058,2,1,1,6.0,Avenue Pierre Brossolette,48.834861,2.504757,09:45:00,2024-04-03
202400009934,12:10,Plein jour,92,92071,2,9,2,2.0,HOUDAN (RUE),48.7789,2.28866,12:10:00,2024-11-25
202400009935,18:55,Crépuscule,01,01089,1,4,1,1.0,D5,45.968665,5.318064,18:55:00,2024-09-14
202400009936,07:39,,92,92071,2,7,2,6.0,GENERAL DE GAULLE (PLACE),48.77817867,2.29068215,07:39:00,2024-11-25
202400009937,06:40,Plein jour,94,94038,2,6,1,3.0,Avenue du 8 Mai 1945 / Rue de Bicêtre,48.77118,2.34986,06:40:00,2024-04-24
202400009938,10:36,Plein jour,40,40304,2,1,7,3.0,Boulevard Notre - Dame,43.656707,-1.442031,10:36:00,2024-09-13
202400009939,18:00,Plein jour,94,94071,2,1,1,6.0,Rue Lamartine,48.778836,2.51933,18:00:00,2024-04-24
202400009940,12:49,Plein jour,02,02017,1,1,1,2.0,Autoroute A26,49.703286,3.436111,12:49:00,2024-11-26
202400009941,16:20,Plein jour,93,93073,2,1,1,6.0,Rue Leon Tolstoi,48.94554087,2.56750301,16:20:00,2024-04-24
202400009942,21:20,Nuit sans éclairage,95,95504,1,1,2,6.0,DOMAINE DES VANNEAUX,49.1209935,2.26356626,21:20:00,2024-11-24
202400009943,19:45,,972,97204,2,1,2,1.0,Godinot,14.709109,-61.166589,19:45:00,2024-09-13
202400009944,01:50,Nuit sans éclairage,81,81096,1,1,1,6.0,d999,43.893215,2.423408,01:50:00,2024-11-26
202400009945,12:10,Plein jour,93,93066,2,1,1,3.0,Rue Max Jacob,48.943745,2.352868,12:10:00,2024-04-24
202400009946,04:00,Nuit sans éclairage,11,11353,1,1,1,6.0,Route départementale 1118,43.252134,2.930598,04:00:00,2024-09-14
202400009947,06:00,Plein jour,974,97405,1,2,1,3.0,Rue Maxime Payet,-21.370135,55.580778,06:00:00,2024-10-31
202400009948,20:10,Crépuscule,93,93033,2,2,1,3.0,Boulevard de la Résistance / Rue des Pres de Noisy,48.85816,2.57152,20:10:00,2024-04-23
202400009949,17:35,,83,83004,2,4,1,3.0,Avenue de la Gare,43.456174,6.483082,17:35:00,2024-11-24
202400009950,22:15,,88,88349,2,3,1,3.0,Rue de Gérardmer,48.17098,7.013998,22:15:00,2024-08-16
202400009951,23:22,,93,93046,2,1,1,2.0,Avenue du Maréchal Leclerc,48.92043,2.53984,23:22:00,2024-04-23
202400009952,11:05,Plein jour,30,30151,1,3,6,3.0,Départementale D406,44.150119,4.368696,11:05:00,2024-09-14
202400009953,10:10,Plein jour,22,22020,1,1,1,2.0,Nationale 12 - PR 11+800,48.325384,-2.257776,10:10:00,2024-11-24
202400009954,22:05,,92,92064,2,3,1,3.0,CALVAIRE,48.84852,2.21845,22:05:00,2024-04-23
202400009955,12:03,Plein jour,18,18279,1,1,2,2.0,Unknown,47.24393,2.062597,12:03:00,2024-11-25
202400009956,17:00,Plein jour,56,56032,1,2,1,7.0,La Motte,47.961972,-2.265185,17:00:00,2024-09-14
202400009957,19:45,Crépuscule,92,92040,2,1,1,2.0,GALLIENI (BOULEVARD),48.83047983,2.26728127,19:45:00,2024-04-24
202400009958,12:25,Plein jour,62,62285,1,1,1,1.0,D36E2,50.161843,2.880251,12:25:00,2024-11-26
202400009959,09:55,Plein jour,56,56034,2,9,1,3.0,Avenue du Rahic,47.584045,-3.075094,09:55:00,2024-09-14
202400009960,05:00,,92,92036,2,1,1,6.0,GENERAL DE GAULLE (AVENUE) (PAIRS),48.93358799,2.31097471,05:00:00,2024-04-23
202400009961,16:50,,51,51492,2,2,2,2.0,50 Rue Marx Dormoy,48.547428,3.767227,16:50:00,2024-11-25
202400009962,03:50,Nuit sans éclairage,56,56067,1,1,1,6.0,Moulin de Kerbervet,47.785826,-2.896646,03:50:00,2024-09-14
202400009963,20:10,Plein jour,92,92036,2,1,1,6.0,LUCIEN LANTERNIER (AVENUE) (1/17),48.93291481,2.29321253,20:10:00,2024-04-23
202400009964,06:15,Nuit sans éclairage,19,19025,1,1,2,7.0,D 7,45.410201,1.309948,06:15:00,2024-12-26
202400009965,19:20,Plein jour,92,92025,2,1,1,6.0,ILE MARANTE(PARC LAGRAVERE) (PARC),48.92605925,2.23261679,19:20:00,2024-04-22
202400009966,08:45,Plein jour,79,79170,1,1,1,7.0,Unknown,46.182497,-0.632368,08:45:00,2024-11-26
202400009967,17:29,Plein jour,76,76400,1,1,1,2.0,D27,49.830668,0.913923,17:29:00,2024-09-14
202400009968,02:20,Nuit avec éclairage,80,80253,2,1,2,6.0,Rue de Routequeue,50.153957,2.348413,02:20:00,2024-11-24
202400009969,19:50,Plein jour,92,92012,2,1,1,2.0,PONT DE SEVRES (ROND POINT DU),48.82886912,2.22995692,19:50:00,2024-04-23
202400009970,17:30,Plein jour,31,31541,2,1,1,1.0,Route de Toulouse,43.677432,1.364086,17:30:00,2024-09-13
202400009971,01:25,Nuit sans éclairage,80,80199,1,1,1,1.0,D938,49.948672,2.902708,01:25:00,2024-09-14
202400009972,12:30,Plein jour,66,66024,1,1,1,4.0,A9 PK 270+500 sens Espagne - France,42.53459411,2.83176899,12:30:00,2024-04-25
202400009973,11:23,Plein jour,81,81063,1,1,1,7.0,D600,43.95736,2.110813,11:23:00,2024-11-25
202400009974,09:50,Plein jour,34,34114,2,1,1,7.0,Boulevard Pasteur,43.655034,3.554447,09:50:00,2024-11-23