Num_Acc,hrmn,lum,dep,com,agg,int,atm,col,adr,lat,long,heure,date
202400009975,19:55,,974,97422,2,1,1,1.0,86 Chemin Isautier,-21.264923,55.516839,19:55:00,2024-04-24
202400009976,18:25,Plein jour,76,76711,2,3,1,3.0,RUE LUCIEN LAVACRY,50.057387,1.386369,18:25:00,2024-09-14
202400009977,00:01,Nuit sans éclairage,34,34021,1,1,1,7.0,D612,43.443292,2.916312,00:01:00,2024-11-24
202400009978,22:05,Nuit sans éclairage,61,61007,1,1,1,7.0,RD20,48.816359,-0.537815,22:05:00,2024-09-13
202400009979,16:30,Plein jour,974,97401,2,1,1,3.0,Avenue du Général de Gaulle,-21.23836535,55.3318921,16:30:00,2024-04-24
202400009980,12:30,Plein jour,55,55200,1,1,1,7.0,D115,49.173504,5.305495,12:30:00,2024-09-14
202400009981,15:15,Plein jour,62,62155,1,1,1,7.0,D225,50.774868,2.032743,15:15:00,2024-04-20
202400009982,11:05,Plein jour,39,39462,1,1,1,1.0,Unknown,47.134206,5.569048,11:05:00,2024-11-26
202400009983,19:50,Plein jour,91,91666,1,1,1,7.0,D59,48.6863,2.227605,19:50:00,2024-04-24
202400009984,16:46,Plein jour,46,46144,1,1,1,7.0,pont de louysse,44.84244,1.54967162,16:46:00,2024-08-29
202400009985,10:55,Plein jour,44,44087,2,1,1,3.0,Rue de la vieille cohue,46.991611,-1.819085,10:55:00,2024-11-22
202400009986,00:17,Nuit sans éclairage,34,34313,1,1,1,6.0,RD 32,43.563119,3.484769,00:17:00,2024-09-14
202400009987,15:34,Plein jour,971,97109,2,1,1,5.0,Avenue du General de Gaulle,15.996944,-61.694273,15:34:00,2024-04-23
202400009988,22:45,,25,25453,2,1,1,6.0,8 Rue des Tilleuls,47.216362,6.545528,22:45:00,2024-09-13
202400009989,19:20,Nuit sans éclairage,35,35010,1,1,8,6.0,Lieu Dit la Croix de Launay,48.561862,-1.706357,19:20:00,2024-11-22
202400009990,09:40,Plein jour,06,06062,2,1,1,6.0,10 Avenue Theophile Bottone,44.002782,7.55368,09:40:00,2024-09-14
202400009991,18:00,Nuit sans éclairage,01,01338,1,2,1,3.0,route départemental,45.66798,5.609878,18:00:00,2024-11-24
202400009992,17:55,Plein jour,62,62171,1,1,1,1.0,D70,50.46372842,2.31539139,17:55:00,2024-04-24
202400009993,11:00,Plein jour,14,14570,1,2,1,3.0,2282 Route d'Orbec (La Chapelle-Yvon),49.069543,0.330105,11:00:00,2024-09-14
202400009994,17:40,Nuit sans éclairage,70,70292,1,1,4,4.0,D3,47.81252,5.917597,17:40:00,2024-11-21
202400009995,16:20,Plein jour,67,67420,1,1,1,5.0,Russ,48.49259,7.248911,16:20:00,2024-04-25
202400009996,00:05,Nuit sans éclairage,81,81101,1,1,2,6.0,N88,43.9917933,2.1744777,00:05:00,2024-04-25
202400009997,17:38,,45,45098,2,3,2,3.0,597 Route d'Orléans,47.83022,1.768665,17:38:00,2024-11-18
202400009998,18:40,Plein jour,89,89013,2,9,1,6.0,Route d’Auxerre,47.876289,3.53126,18:40:00,2024-04-24
202400009999,09:50,Plein jour,18,18114,1,1,1,7.0,Route du Fond Romain,46.748132,2.262186,09:50:00,2024-10-27
202400010000,21:00,,63,63178,2,9,1,3.0,Avenue Marie Curie / parking GIFI,45.551173,3.256432,21:00:00,2024-04-24
202400010001,02:25,Nuit sans éclairage,43,43190,1,1,2,7.0,7 Route des 3 Fontaines,45.035339,3.993954,02:25:00,2024-09-14
202400010002,09:00,Plein jour,43,43223,1,1,6,6.0,D23,45.2546318,4.34232667,09:00:00,2024-11-25
202400010003,16:01,Plein jour,61,61432,1,1,1,6.0,D666,48.746791,0.669095,16:01:00,2024-04-25
202400010004,22:30,,10,10064,2,1,1,7.0,Rue henri barbusse,48.391619,4.529902,22:30:00,2024-09-13
202400010005,16:20,Plein jour,55,55106,1,1,1,1.0,pk 27 D38,49.21017012,5.2514981,16:20:00,2024-04-25
202400010006,17:55,Nuit sans éclairage,21,21037,1,2,2,5.0,D973,46.98733,4.736577,17:55:00,2024-11-25
202400010007,11:45,Plein jour,10,10034,1,3,1,3.0,D671,48.0884,4.3803,11:45:00,2024-09-14
202400010008,21:50,Nuit sans éclairage,68,68060,1,1,1,2.0,RD83,47.744251,7.150737,21:50:00,2024-04-24
202400010009,12:15,Plein jour,40,40284,2,1,1,6.0,115 Avenue Nationale,43.659633,-1.307834,12:15:00,2024-11-26
202400010010,14:30,Plein jour,40,40217,1,1,1,1.0,Chemin Forrestier,44.344952,-1.05031,14:30:00,2024-09-14
202400010011,15:38,Plein jour,17,17340,1,1,1,7.0,D 911,46.070112,-0.789406,15:38:00,2024-11-26
202400010012,13:18,Plein jour,85,85050,1,1,1,7.0,la briandière,46.516306,-1.329453,13:18:00,2024-09-13
202400010013,07:12,Crépuscule,39,39470,1,3,1,4.0,Unknown,46.466847,6.073589,07:12:00,2024-04-25
202400010014,11:20,Plein jour,34,34337,1,9,1,3.0,Unknown,43.538955,3.877391,11:20:00,2024-09-14
202400010015,16:15,Plein jour,37,37050,2,1,1,1.0,1 Rue Jean Perrin,47.34129689,0.72329718,16:15:00,2024-11-22
202400010016,20:45,Crépuscule,44,44085,1,1,1,7.0,La Treslais,47.680844,-1.406089,20:45:00,2024-04-24
202400010017,16:05,Plein jour,14,14543,1,1,1,6.0,Rue de Neuf Mer,49.229229,-0.482637,16:05:00,2024-04-24
202400010018,12:15,Plein jour,973,97309,2,1,1,3.0,Route de Rémire,4.897206,-52.274054,12:15:00,2024-09-14
202400010019,19:08,Nuit sans éclairage,42,42279,1,1,1,6.0,Route de Bonson,45.512121,4.234886,19:08:00,2024-11-26
202400010020,19:50,Crépuscule,50,50238,1,9,1,7.0,Hameau Carpentier,49.569703,-1.80856,19:50:00,2024-04-24
202400010021,17:10,Plein jour,30,30060,1,1,1,7.0,Aire de repos,43.785433,4.40003,17:10:00,2024-09-14
202400010022,08:00,Plein jour,73,73128,2,6,1,6.0,D1201,45.7262839,5.92046589,08:00:00,2024-04-25
202400010023,08:00,Crépuscule,17,17308,2,1,3,6.0,Avenue de Villeneuve,45.871313,-0.959995,08:00:00,2024-11-25
202400010024,23:20,Nuit sans éclairage,91,91180,1,1,1,7.0,D372,48.447963,2.496128,23:20:00,2024-09-13
202400010025,22:55,,10,10033,2,1,1,6.0,11 Route d'Arrentières,48.240609,4.717029,22:55:00,2024-04-24
202400010026,18:45,Nuit sans éclairage,40,40224,1,1,3,1.0,A 641 - PK 4.600,43.545282,-1.123738,18:45:00,2024-11-25
202400010027,08:15,Plein jour,53,53137,1,6,1,7.0,route des laurencières,48.071376,-0.894071,08:15:00,2024-04-24
202400010028,19:25,Crépuscule,66,66065,1,1,1,1.0,D11,42.61897307,2.97723055,19:25:00,2024-09-13
202400010029,07:15,Nuit sans éclairage,25,25110,1,1,1,1.0,RD 471,46.906272,6.260372,07:15:00,2024-11-26
202400010030,23:25,Nuit sans éclairage,21,21459,1,1,1,6.0,D959,47.441441,5.290153,23:25:00,2024-04-23
202400010031,19:00,Plein jour,85,85047,2,1,1,6.0,36 Chemin de la solitude,46.844464,-1.861469,19:00:00,2024-04-25
202400010032,16:00,Plein jour,13,13030,1,1,6,1.0,d8n,43.265886,5.748408,16:00:00,2024-09-13
202400010033,07:10,Plein jour,85,85102,1,1,1,1.0,RD 81,46.85358,-1.629078,07:10:00,2024-04-25
202400010034,07:35,Nuit sans éclairage,77,77065,1,1,1,2.0,N37 PR 1+100,48.471556,2.52265,07:35:00,2024-11-26
202400010035,17:00,Plein jour,85,85047,2,1,1,6.0,64 Rue des sables,46.837048,-1.874033,17:00:00,2024-04-24
202400010036,13:30,Plein jour,13,13004,1,1,1,1.0,d570,43.620171,4.499588,13:30:00,2024-08-23
202400010037,18:15,,988,98805,2,1,2,6.0,Parking du supermarché Auchan,-22.21194,166.47945,18:15:00,2024-04-24
202400010038,13:30,Plein jour,974,97406,2,1,2,1.0,impasse des marjolaines,-21.141287,55.62662,13:30:00,2024-11-25
202400010039,13:00,Plein jour,49,49007,2,2,1,1.0,Boulevard Victor Beaussier,47.473174,-0.599914,13:00:00,2024-04-01
202400010040,12:18,Plein jour,66,66175,1,1,1,6.0,Route du Boulou,42.542975,2.912257,12:18:00,2024-11-26
202400010041,10:40,Plein jour,42,42228,1,1,1,1.0,D5,45.53502,4.085307,10:40:00,2024-09-14
202400010042,11:41,Plein jour,11,11170,2,6,1,3.0,2 Avenue des Cormorans,43.09839,3.10809,11:41:00,2024-04-24
202400010043,20:30,Nuit sans éclairage,06,06031,1,1,1,6.0,D2204b,43.765117,7.322028,20:30:00,2024-11-25
202400010044,06:49,Crépuscule,62,62487,2,1,2,1.0,D231,50.84064621,1.77556718,06:49:00,2024-08-09
202400010045,18:40,Plein jour,38,38076,1,1,1,1.0,Chemin des Fontaines,45.590074,5.473101,18:40:00,2024-09-13
202400010046,20:15,,71,71372,2,1,2,1.0,D466b,46.185212,4.753953,20:15:00,2024-11-25
202400010047,15:30,Plein jour,33,33005,2,9,1,3.0,Unknown,44.744491,-1.094966,15:30:00,2024-04-24
202400010048,15:10,Plein jour,13,13211,1,1,1,3.0,A507 sens Aubagne- Marseille,43.29332,5.47488,15:10:00,2024-08-08
202400010049,17:00,Plein jour,69,69039,1,1,1,6.0,260 Route de la Blancherie,45.97847928,4.50744152,17:00:00,2024-09-13
202400010050,18:00,,57,57160,2,1,2,6.0,Rue de la Gare,49.199632,6.690588,18:00:00,2024-11-25
202400010051,20:05,Plein jour,83,83137,1,1,1,2.0,A50 TUNNEL TUBE SUD,43.12541571,5.93689702,20:05:00,2024-08-06
202400010052,11:00,Plein jour,69,69269,2,1,1,3.0,Route de la Rivière,45.708884,4.583691,11:00:00,2024-09-14
202400010053,12:13,Plein jour,78,78564,1,1,1,4.0,"A10, PK 29+500, Direction Province",48.5149,1.90787,12:13:00,2024-04-24
202400010054,16:30,Plein jour,92,92025,1,1,1,2.0,A86,48.92444761,2.23134581,16:30:00,2024-08-08
202400010055,11:18,Plein jour,85,85113,2,2,1,3.0,24 Rue de ker pierre borny,46.725775,-2.357356,11:18:00,2024-09-12
202400010056,07:15,Nuit sans éclairage,38,38494,1,4,5,1.0,D517,45.689595,5.383185,07:15:00,2024-11-26
202400010057,02:00,Nuit sans éclairage,93,93064,1,1,1,6.0,AUTOROUTE A103,48.88665911,2.48118004,02:00:00,2024-08-08
202400010058,12:30,Plein jour,974,97415,1,1,1,5.0,Route Nationale 1a,-21.022031,55.232375,12:30:00,2024-04-25
202400010059,07:00,Nuit sans éclairage,44,44047,2,1,1,3.0,Route de Saint Etienne de Montluc,47.242575,-1.670016,07:00:00,2024-11-26
202400010060,05:00,Nuit sans éclairage,77,77058,1,1,1,6.0,A4,48.83005655,2.70502617,05:00:00,2024-08-07
202400010061,18:15,Plein jour,14,14228,2,6,1,3.0,1 Rue Jean Perrin,49.288271,-0.378615,18:15:00,2024-09-13
202400010062,10:00,Plein jour,22,22067,1,1,8,6.0,Kerbost,48.538347,-3.168654,10:00:00,2024-09-14
202400010063,08:30,Plein jour,91,91326,2,2,1,6.0,GENERAL DE GAULLE (AVENUE DU),48.69167,2.37849,08:30:00,2024-05-06
202400010064,16:20,Plein jour,60,60157,2,3,1,3.0,Rue de Paris,49.371608,2.416177,16:20:00,2024-11-26
202400010065,17:20,Plein jour,973,97305,1,3,1,3.0,Route Nationale 1,5.061572,-52.561794,17:20:00,2024-04-24
202400010066,17:10,Plein jour,35,35228,2,1,1,6.0,29 Rue de Dinard,48.580764,-2.058829,17:10:00,2024-09-14
202400010067,13:10,Plein jour,91,91479,2,1,1,6.0,AV JEAN JAURES,48.70992,2.3636,13:10:00,2024-05-09
202400010068,08:30,Plein jour,13,13104,1,1,1,7.0,D9,43.341862,5.131044,08:30:00,2024-04-25
202400010069,22:45,Nuit sans éclairage,59,59610,1,1,6,7.0,D88,50.276608,3.436792,22:45:00,2024-11-23
202400010070,08:05,Plein jour,91,91103,2,1,1,6.0,AV CHARLES DE GAULLE,48.60533,2.31429,08:05:00,2024-04-12
202400010071,07:55,Plein jour,66,66037,2,3,1,3.0,Avenue de l?Esparrou,42.695166,3.025247,07:55:00,2024-04-25
202400010072,13:20,Plein jour,59,59019,2,1,3,2.0,Rue de la Libération,50.29232,3.535652,13:20:00,2024-11-25
202400010073,15:30,Plein jour,59,59497,1,1,2,1.0,Route de Cassel,50.73847425,2.35938072,15:30:00,2024-09-13
202400010074,16:20,Plein jour,44,44109,2,2,1,3.0,18 Boulevard Gabriel Guist'Hau,47.21619587,-1.56573393,16:20:00,2024-07-25
202400010075,19:26,Nuit sans éclairage,83,83090,1,1,1,7.0,A50,43.1258,5.8800524,19:26:00,2024-11-25
202400010076,18:00,Plein jour,13,13117,1,1,1,2.0,A7-Sens Lyon vers Marseille,43.42153273,5.26887776,18:00:00,2024-08-25
202400010077,18:10,Plein jour,75,75118,2,1,1,2.0,BD PERIPHERIQUE EXTERIEUR,48.900654,2.369798,18:10:00,2024-08-07
202400010078,17:05,Plein jour,83,83071,1,3,1,1.0,Ancien Chemin de Hyeres,43.126249,6.198628,17:05:00,2024-04-24
202400010079,11:23,Plein jour,33,33013,1,1,3,2.0,Unknown,44.866,-0.50392,11:23:00,2024-11-25
202400010080,18:10,Plein jour,83,83137,1,1,1,3.0,A50,43.12529939,5.90724511,18:10:00,2024-09-12
202400010081,09:15,Crépuscule,05,05053,2,1,1,6.0,D 1075,44.344031,5.774399,09:15:00,2024-04-24
202400010082,21:25,,75,75120,2,1,1,2.0,BD PERIPHERIQUE INTERIEUR,48.864257,2.413279,21:25:00,2024-08-05
202400010083,05:50,Nuit sans éclairage,33,33281,1,1,1,6.0,Unknown,44.8511,-0.66719,05:50:00,2024-11-24
202400010084,06:00,Nuit sans éclairage,69,69259,1,1,2,6.0,Route Départementale 301,45.6866255,4.87290859,06:00:00,2024-09-08
202400010085,12:55,Plein jour,73,73285,2,1,1,1.0,Rue des glières,45.622745,6.791438,12:55:00,2024-04-24
202400010086,18:00,Nuit sans éclairage,33,33550,1,1,1,2.0,Unknown,44.781304,-0.58146,18:00:00,2024-11-18
202400010087,19:40,Plein jour,75,75116,2,1,1,4.0,BD PERIPHERIQUE EXTERIEUR,48.857807,2.259546,19:40:00,2024-08-05
202400010088,07:25,Plein jour,33,33550,1,1,1,2.0,Unknown,44.77433,-0.55632,07:25:00,2024-09-13
202400010089,16:40,Plein jour,73,73064,2,4,1,1.0,D5 Route Royale,45.543746,5.983802,16:40:00,2024-04-25
202400010090,07:45,Plein jour,33,33096,1,1,1,2.0,Unknown,44.9009795,-0.49427748,07:45:00,2024-09-13
202400010091,15:15,Crépuscule,07,07245,2,1,1,1.0,128 Route du Grand Pont,45.067438,4.782507,15:15:00,2024-04-25
202400010092,13:55,Plein jour,75,75119,2,3,1,3.0,AVENUE JEAN JAURES,48.886954,2.38642,13:55:00,2024-08-07
202400010093,06:35,Nuit sans éclairage,59,59581,1,1,1,6.0,AUTOROUTE A25,50.69411374,2.80816349,06:35:00,2024-11-24
202400010094,07:48,Plein jour,72,72244,1,1,1,1.0,D134,47.738876,-0.322455,07:48:00,2024-04-25
202400010095,14:50,Plein jour,75,75115,2,1,1,1.0,BOULEVARD VICTOR,48.834866,2.282517,14:50:00,2024-08-07
202400010096,17:30,Plein jour,62,62351,1,1,1,2.0,A21,50.43262923,2.9182223,17:30:00,2024-09-11
202400010097,06:45,Plein jour,75,75115,2,2,2,3.0,BOULEVARD LEFEBVRE,48.828632,2.301417,06:45:00,2024-08-07
202400010098,11:25,Plein jour,91,91659,1,1,2,6.0,AUTOROUTE A6,48.578002,2.46352375,11:25:00,2024-11-25
202400010099,22:15,Nuit sans éclairage,59,59160,1,1,1,2.0,AUTOROUTE A2,50.42719046,3.64352421,22:15:00,2024-09-08
202400010100,14:10,Plein jour,14,14040,1,1,1,5.0,Route du Molay-Littry,49.26523219,-0.75483732,14:10:00,2024-04-25
202400010101,20:00,Plein jour,75,75114,2,1,1,6.0,RUE VERCINGETORIX,48.837632,2.322448,20:00:00,2024-08-05
202400010102,18:40,Plein jour,94,94065,1,1,1,2.0,A106,48.74810007,2.35808257,18:40:00,2024-09-13
202400010103,10:55,Plein jour,94,94003,1,1,3,3.0,A6B,48.8019795,2.34359623,10:55:00,2024-11-25
202400010104,13:30,Plein jour,91,91339,1,1,1,7.0,RN 104,48.63066,2.24974,13:30:00,2024-09-13
202400010105,18:20,,92,92036,1,1,1,7.0,A86,48.93540166,2.26544968,18:20:00,2024-11-25
202400010106,10:40,Plein jour,27,27165,2,3,1,3.0,Rue Eugène Pottier,48.953832,0.949523,10:40:00,2024-04-24
202400010107,01:35,,75,75113,2,4,1,2.0,RUE DE L ESPERANCE,48.827571,2.349019,01:35:00,2024-08-07
202400010108,19:21,Plein jour,78,78640,1,1,1,2.0,N118,48.780355,2.222657,19:21:00,2024-09-11
202400010109,13:10,Plein jour,33,33550,1,1,1,2.0,Unknown,44.77901,-0.55286,13:10:00,2024-04-23
202400010110,09:06,Plein jour,75,75108,2,1,1,3.0,AVENUE PIERRE 1ER DE SERBIE,48.868017,2.300327,09:06:00,2024-08-07
202400010111,10:20,Plein jour,95,95582,1,1,1,6.0,A15,48.97279909,2.24708506,10:20:00,2024-09-13
202400010112,17:51,Nuit sans éclairage,92,92025,1,1,1,4.0,A86,48.93400494,2.25573622,17:51:00,2024-11-24
202400010113,07:15,Crépuscule,93,93010,1,1,1,6.0,AUTOROUTE A3,48.91857885,2.47854047,07:15:00,2024-09-13
202400010114,13:03,Plein jour,75,75108,2,1,1,6.0,RUE SAINT LAZARE,48.875414,2.325405,13:03:00,2024-08-04
202400010115,18:15,Plein jour,91,91689,1,1,1,3.0,AUTOROUTE A6A,48.749295,2.328403,18:15:00,2024-04-24
202400010116,16:55,Plein jour,93,93010,1,1,1,3.0,AUTOROUTE A3,48.90299746,2.47090403,16:55:00,2024-09-12
202400010117,16:25,Crépuscule,92,92047,1,1,1,4.0,A13,48.83251548,2.15568071,16:25:00,2024-11-24
202400010118,11:20,Plein jour,91,91174,1,1,1,2.0,RN 104,48.62157,2.4628,11:20:00,2024-04-24
202400010119,23:07,,75,75108,2,2,1,3.0,PONT DES INVALIDES,48.864607,2.310368,23:07:00,2024-08-06
202400010120,06:20,Crépuscule,95,95018,1,1,1,3.0,A15,48.9496723,2.2802208,06:20:00,2024-09-12
202400010121,09:10,Plein jour,94,94034,1,1,1,4.0,A6A,48.75418164,2.33255408,09:10:00,2024-04-24
202400010122,16:24,Plein jour,78,78362,1,1,8,6.0,A13,48.9723,1.73104,16:24:00,2024-11-23
202400010123,16:45,Plein jour,95,95500,1,1,1,2.0,A15,49.04180063,2.08026946,16:45:00,2024-09-11
202400010124,05:54,Nuit sans éclairage,42,42110,1,1,1,6.0,A47,45.49422,4.5431,05:54:00,2024-07-07
202400010125,19:58,Crépuscule,94,94068,2,1,1,3.0,Boulevard de Champigny,48.80823,2.50923,19:58:00,2024-08-04
202400010126,06:50,Plein jour,94,94037,1,1,1,3.0,A6A,48.81567897,2.33682579,06:50:00,2024-04-24
202400010127,18:25,Plein jour,92,92063,1,1,1,7.0,A86,48.87275388,2.15724373,18:25:00,2024-04-23
202400010128,13:40,Plein jour,84,84081,2,3,1,3.0,Rue Henri Manguin,43.953251,4.896137,13:40:00,2024-08-18
202400010129,18:23,Plein jour,92,92078,1,1,1,2.0,AUTOROUTE A86,48.92769932,2.33288884,18:23:00,2024-09-11
202400010130,18:15,Plein jour,93,93073,2,1,1,2.0,Avenue des Nations,48.97752941,2.51692838,18:15:00,2024-08-07
202400010131,15:40,Plein jour,93,93053,1,1,1,2.0,A86,48.90248612,2.46764973,15:40:00,2024-04-24
202400010132,18:20,Crépuscule,74,74081,1,2,3,6.0,Avenue des glières,46.073845,6.565388,18:20:00,2024-09-26
202400010133,13:00,Plein jour,93,93013,1,1,1,3.0,AUTOROUTE A1,48.94159134,2.42933219,13:00:00,2024-09-11
202400010134,08:15,Plein jour,93,93006,1,1,1,5.0,A3,48.86966029,2.42972435,08:15:00,2024-04-24
202400010135,07:30,Plein jour,95,95582,1,1,2,3.0,A15,48.97580684,2.23902181,07:30:00,2024-09-11
202400010136,18:00,Plein jour,74,74158,1,1,2,4.0,D1206,46.2621,6.319282,18:00:00,2024-09-24
202400010137,07:30,Plein jour,93,93055,2,5,1,4.0,Avenue du Général Leclerc / Rue Delizy,48.89864,2.40711,07:30:00,2024-08-07
202400010138,16:50,Plein jour,74,74267,2,3,3,3.0,4054 Route d'albertville,45.847277,6.146641,16:50:00,2024-09-26
202400010139,17:30,Plein jour,93,93005,2,1,1,2.0,Boulevard Georges Braque,48.95811063,2.47794508,17:30:00,2024-08-07
202400010140,22:30,Nuit sans éclairage,93,93010,1,9,1,5.0,A3,48.91077692,2.47549241,22:30:00,2024-04-23
202400010141,10:20,Plein jour,74,74094,2,9,3,6.0,Rue du clos des mésanges,46.185456,6.290137,10:20:00,2024-09-26
202400010142,22:25,Nuit sans éclairage,77,77373,1,9,1,7.0,RN104,48.778375,2.614813,22:25:00,2024-04-24
202400010143,14:00,Plein jour,93,93005,2,1,1,3.0,Rue Paul Cézanne,48.95300163,2.49575702,14:00:00,2024-08-07
202400010144,06:30,Nuit sans éclairage,92,92036,1,1,2,2.0,AUTOROUTE A15,48.94355783,2.28738079,06:30:00,2024-09-11
202400010145,08:00,Plein jour,94,94018,1,1,8,3.0,A4,48.82253799,2.39690691,08:00:00,2024-04-24
202400010146,20:45,Nuit sans éclairage,74,74112,1,1,2,3.0,D3508,45.922972,6.084757,20:45:00,2024-09-22
202400010147,19:30,Crépuscule,74,74021,1,1,1,7.0,route nationale,46.166115,6.273108,19:30:00,2024-09-17
202400010148,01:50,Nuit sans éclairage,92,92036,1,1,3,6.0,AUTOROUTE A15,48.93775248,2.29462802,01:50:00,2024-09-11
202400010149,05:55,Crépuscule,77,77083,1,1,1,4.0,A4.W,48.83322,2.59434,05:55:00,2024-04-24
202400010150,11:20,Plein jour,92,92012,2,2,1,3.0,CHATEAU (RUE DU) 1/125 - 2/136,48.84451065,2.25143981,11:20:00,2024-08-07
202400010151,07:48,Plein jour,987,98735,2,1,2,7.0,POILUS TAHITIENS (BLOC HOTEL DE POLICE),-17.543726,-149.570879,07:48:00,2024-09-12
202400010152,18:40,Nuit sans éclairage,19,19275,1,9,1,3.0,PONTY (ROUTE DE),45.54234,2.29784,18:40:00,2024-01-20
202400010153,15:30,Plein jour,01,01443,2,1,1,2.0,78 Rue du Commerce,46.002247,5.028141,15:30:00,2024-08-08
202400010154,11:05,Plein jour,74,74166,1,1,1,1.0,route de thonon,46.381288,6.512886,11:05:00,2024-09-15
202400010155,07:40,Plein jour,13,13005,2,1,1,3.0,EOURES (ROUTE D'),43.30844945,5.54246657,07:40:00,2024-02-19
202400010156,08:55,Plein jour,22,22094,2,1,7,4.0,Rue Nationale,48.606887,-2.150263,08:55:00,2024-08-04
202400010157,10:30,Plein jour,74,74280,2,3,1,3.0,D909,45.89898,6.289276,10:30:00,2024-09-03
202400010158,08:00,Plein jour,974,97412,1,1,1,1.0,Route de Grand Galet,-21.316443,55.641139,08:00:00,2024-08-07
202400010159,22:35,Nuit sans éclairage,974,97411,1,1,1,2.0,LITTORAL (ROUTE 1 DU),-20.87422,55.41892,22:35:00,2024-09-12
202400010160,14:30,Plein jour,74,74272,1,3,1,1.0,route de clermont,45.9431112,6.027935,14:30:00,2024-06-27
202400010161,11:30,Plein jour,988,98818,2,1,2,4.0,RUE JACQUES IEKAWE,-22.24725,166.46161,11:30:00,2024-04-23
202400010162,07:00,Nuit sans éclairage,35,35098,1,1,1,6.0,RN137 dir RENNES PK008.800,47.783728,-1.698096,07:00:00,2024-08-08
202400010163,18:35,,976,97611,2,1,1,6.0,cavani-Cavani Massimoni rue de,-12.78399,45.21897,18:35:00,2024-04-23
202400010164,16:40,Plein jour,973,97302,1,1,1,4.0,ROUTE NATIONALE 3,4.90553,-52.32033,16:40:00,2024-09-11
202400010165,15:06,Plein jour,01,01033,1,1,1,5.0,Route de Lyon,46.121574,5.81887,15:06:00,2024-08-07
202400010166,12:20,Plein jour,973,97302,2,1,1,7.0,ZEPHIR (ROCADE),4.94011,-52.3051,12:20:00,2024-09-11
202400010167,12:35,Plein jour,976,97611,2,1,1,5.0,tsoundzou-KOUALE ( rue de ),-12.8113,45.20281,12:35:00,2024-04-23
202400010168,08:05,Plein jour,74,74020,1,4,2,3.0,D26,46.346335,6.523755,08:05:00,2024-08-07
202400010169,07:15,Plein jour,974,97411,2,1,1,6.0,FOURCADE (GEORGES),-20.89589,55.41324,07:15:00,2024-04-23
202400010170,18:30,Plein jour,59,59260,2,1,7,7.0,4 Rue Nationale (Ghyvelde),51.061528,2.522152,18:30:00,2024-08-07
202400010171,12:10,Plein jour,974,97416,2,1,1,3.0,DELISLES (ROUTE HUBERT) CD3,-21.34359,55.47768,12:10:00,2024-11-24
202400010172,19:00,Nuit sans éclairage,974,97413,2,1,1,6.0,Rue du Musee,-21.198166,55.293251,19:00:00,2024-08-08
202400010173,05:35,,974,97411,2,2,1,3.0,MONTAGNE (ROUTE DE LA),-20.87952,55.44383,05:35:00,2024-04-23
202400010174,05:00,Crépuscule,974,97411,2,3,1,6.0,MACE (BOULEVARD GABRIEL),-20.87247,55.44971,05:00:00,2024-11-24
202400010175,07:25,Plein jour,973,97302,2,1,1,3.0,NEGRES MARONS (RUE DES) CITE BONHOMME,4.92220577,-52.31940445,07:25:00,2024-09-11
202400010176,10:30,Plein jour,65,65149,2,1,1,7.0,Route des 4 Villages,43.220392,0.240321,10:30:00,2024-08-08
202400010177,18:10,Plein jour,973,97302,2,6,2,3.0,MADELEINE (ROUTE DE LA),4.92437,-52.32425,18:10:00,2024-04-22
202400010178,19:05,,2B,2B120,2,1,1,1.0,11 - RT,42.65312,9.44083,19:05:00,2024-11-24
202400010179,00:30,Nuit sans éclairage,50,50251,1,1,1,7.0,N13,49.498047,-1.43819,00:30:00,2024-08-03
202400010180,18:45,Plein jour,69,69387,2,3,1,3.0,Avenue Jean Jaurès,45.73417,4.83541,18:45:00,2024-04-23
202400010181,13:15,Plein jour,2A,2A004,2,1,1,2.0,#Boulevard Louis Campi#,41.94333,8.75362,13:15:00,2024-11-24
202400010182,17:15,Plein jour,62,62767,2,1,1,6.0,Rue des Carmes,50.381789,2.336187,17:15:00,2024-08-02
202400010183,12:00,Plein jour,69,69388,2,2,1,1.0,Avenue des Frères Lumière,45.74338,4.87425,12:00:00,2024-04-23
202400010184,04:46,,95,95268,2,1,1,7.0,ANDRE LE NOTRE (RUE),48.97183919,2.39801466,04:46:00,2024-11-24
202400010185,21:05,Crépuscule,83,83116,1,1,1,7.0,D70,43.477724,5.865058,21:05:00,2024-08-03
202400010186,16:50,Plein jour,972,97209,2,1,1,2.0,AUTOROUTE (A1),14.61475,-61.04816,16:50:00,2024-04-22
202400010187,22:25,,69,69386,2,1,1,1.0,Avenue de Grande-Bretagne,45.77330661,4.84137118,22:25:00,2024-09-12
202400010188,19:30,Plein jour,56,56017,1,1,1,7.0,Kerjulien,47.888266,-2.81561,19:30:00,2024-06-28