Num_Acc,hrmn,lum,dep,com,agg,int,atm,col,adr,lat,long,heure,date
202400010189,18:20,,83,83137,2,5,1,3.0,MICHELETC (BD JULES),43.11462878,5.94523197,18:20:00,2024-11-23
202400010190,17:45,Plein jour,69,69389,2,4,8,3.0,Rue Pierre Termier,45.80388,4.83873,17:45:00,2024-04-23
202400010191,15:45,Plein jour,56,56240,1,1,1,6.0,60 Route de Saint Martin,47.541304,-2.783447,15:45:00,2024-08-08
202400010192,17:00,Plein jour,83,83129,2,1,1,2.0,DE GAULLE (PROMENADE CHARLES),43.11503,5.80933,17:00:00,2024-11-22
202400010193,22:20,Nuit sans éclairage,56,56240,1,1,1,6.0,Belle-croix,47.541346,-2.69282,22:20:00,2024-08-06
202400010194,10:56,Plein jour,2B,2B033,2,1,8,6.0,TOUTES RUES,42.69728,9.45088,10:56:00,2024-04-22
202400010195,06:50,Plein jour,971,97101,1,1,1,6.0,GRAND CAMP(SECTION),16.24911,-61.5347,06:50:00,2024-04-23
202400010196,17:57,,78,78423,2,2,8,3.0,PAS DU LAC (AVENUE DU),48.78686,2.03937,17:57:00,2024-11-24
202400010197,18:05,Plein jour,82,82119,1,1,1,6.0,Route de Montpezat,44.218647,1.505299,18:05:00,2024-08-07
202400010198,12:14,Plein jour,972,97213,2,1,1,6.0,SCHOELCHER (RUE),14.61477,-61.00216,12:14:00,2024-09-12
202400010199,17:20,Plein jour,971,97105,2,1,1,2.0,GASTON FEUILLARD(AVENUE),16.0018,-61.72565,17:20:00,2024-04-23
202400010200,12:45,Plein jour,65,65235,1,1,1,6.0,N21,43.1985374,0.00659079,12:45:00,2024-08-07
202400010201,07:40,Plein jour,971,97105,2,9,1,6.0,COURS NOLIVOS ( RUE DU),15.99621,-61.73131,07:40:00,2024-04-23
202400010202,09:50,Plein jour,81,81084,2,1,1,2.0,9 Rue de la Fontaine,43.501457,2.213509,09:50:00,2024-08-05
202400010203,17:40,Plein jour,95,95252,2,1,1,6.0,D14,48.98626799,2.22226585,17:40:00,2024-04-23
202400010204,13:00,Plein jour,77,77373,2,1,1,1.0,Rue des Petites Friches,48.774742,2.601351,13:00:00,2024-11-24
202400010205,15:00,Plein jour,71,71469,1,1,1,1.0,route de la montagne,46.283659,4.529876,15:00:00,2024-08-08
202400010206,18:55,Plein jour,95,95219,2,6,1,3.0,D140,48.98218179,2.24602735,18:55:00,2024-04-23
202400010207,14:10,Plein jour,76,76216,2,1,1,3.0,Route de Dieppe,49.45947,1.0552,14:10:00,2024-11-24
202400010208,16:15,Plein jour,972,97209,2,1,1,2.0,PROFESSEUR RAYMOND GARCIN (RUE DU),14.62233,-61.07812,16:15:00,2024-09-11
202400010209,17:15,Plein jour,63,63236,1,1,1,7.0,col de la crois saint robert,45.563767,2.830868,17:15:00,2024-08-07
202400010210,16:00,Plein jour,95,95252,2,2,1,3.0,ORME SAINT-EDME (RUE DE L'),48.98620496,2.23679265,16:00:00,2024-04-23
202400010211,16:00,Plein jour,64,64189,2,1,6,2.0,BENOIT PIERRE (BOULEVARD),43.38826068,-1.67316198,16:00:00,2024-11-24
202400010212,07:35,Crépuscule,91,91687,2,1,1,3.0,GENERAL DE GAULLE (AVENUE DU),48.67573,2.3857,07:35:00,2024-04-23
202400010213,19:20,,64,64445,2,2,1,6.0,CARREROT,43.29826,-0.36246,19:20:00,2024-11-24
202400010214,17:00,Plein jour,42,42150,1,1,1,6.0,Route de Boën,45.725821,4.041896,17:00:00,2024-08-07
202400010215,16:50,Plein jour,84,84007,2,3,1,6.0,REINE JEANNE( Avenue de la ),43.93144,4.81712,16:50:00,2024-04-23
202400010216,09:45,Plein jour,64,64373,2,1,1,2.0,GENERAL DE GAULLE DU,43.27644,-0.35142,09:45:00,2024-11-24
202400010217,17:50,Plein jour,46,46038,1,1,1,2.0,Avenue Charles de Gaulle,44.922595,1.827856,17:50:00,2024-08-07
202400010218,08:40,Plein jour,82,82121,2,3,1,2.0,avenue chamier,44.01276,1.34599,08:40:00,2024-04-22
202400010219,19:00,,62,62570,2,1,1,1.0,Rue Camille Desmoulins,50.39794761,2.88216752,19:00:00,2024-11-24
202400010220,22:34,Nuit sans éclairage,44,44088,1,1,1,7.0,le Pâtis,47.112174,-1.403203,22:34:00,2024-08-03
202400010221,08:05,Plein jour,69,69382,2,1,1,3.0,42 Quai Docteur Gailleton,45.75036413,4.83175278,08:05:00,2024-09-12
202400010222,17:50,Plein jour,78,78545,1,1,1,6.0,CD 7,48.81476,2.07838,17:50:00,2024-04-10
202400010223,11:20,Plein jour,59,59152,1,1,6,2.0,LYS ( BOULEVARD DE LA ),50.766063,3.03018,11:20:00,2024-11-24
202400010224,14:50,Plein jour,50,50165,2,1,1,1.0,MOULIN (RUE DU),48.84755,-1.57789,14:50:00,2024-11-22
202400010225,14:35,Plein jour,78,78029,2,9,1,3.0,PIERRE LEFAUCHEUX,48.976285,1.851325,14:35:00,2024-04-23
202400010226,12:40,Plein jour,2A,2A004,2,1,2,6.0,20 Avenue du Docteur Noel Franchini,41.93854,8.75461,12:40:00,2024-09-12
202400010227,00:45,Nuit sans éclairage,44,44131,2,1,1,6.0,42 Rue du Général de Gaulle,47.114167,-2.09443,00:45:00,2024-08-08
202400010228,19:30,Plein jour,95,95428,2,9,1,6.0,D144,48.98106685,2.32042492,19:30:00,2024-09-11
202400010229,16:35,Plein jour,49,49007,2,1,1,6.0,BASSE CHAINE PONT,47.471,-0.5648,16:35:00,2024-11-24
202400010230,17:00,Plein jour,95,95288,1,1,1,6.0,ParcREPUBLIQUE (AVENUE DE LA),48.984676,2.358835,17:00:00,2024-09-11
202400010231,06:35,Crépuscule,49,49007,2,1,1,1.0,PASTEUR AVENUE,47.475,-0.5354,06:35:00,2024-11-24
202400010232,17:55,Plein jour,38,38479,1,1,1,2.0,D518,45.441555,5.203443,17:55:00,2024-08-06
202400010233,17:50,Plein jour,76,76540,2,3,1,2.0,Quai Cavelier de la Salle,49.4381,1.08296,17:50:00,2024-04-23
202400010234,16:10,Plein jour,91,91549,2,1,1,6.0,BRETIGNY (AVENUE DE),48.63641,2.33234,16:10:00,2024-09-12
202400010235,23:45,Nuit sans éclairage,70,70111,1,1,1,6.0,RD 100,47.643768,6.286143,23:45:00,2024-08-07
202400010236,16:10,Plein jour,76,76157,1,1,1,7.0,Cote de Canteleu,49.44163,1.03053,16:10:00,2024-04-23
202400010237,08:25,Plein jour,91,91339,1,1,1,2.0,RTE NATIONALE 20,48.62316,2.26067,08:25:00,2024-09-12
202400010238,20:40,,34,34172,2,2,2,1.0,CROIX CAPITAINE (AVENUE DE LA),43.60284,3.863664,20:40:00,2024-11-24
202400010239,09:00,Plein jour,76,76681,2,2,7,3.0,Rue Francisco Ferrer,49.41753,1.09545,09:00:00,2024-04-23
202400010240,18:10,Plein jour,91,91477,2,1,8,6.0,CROIX MARTRE (RUE DE LA),48.71984,2.25965,18:10:00,2024-09-12
202400010241,17:19,Plein jour,26,26191,1,4,1,2.0,Route de Dieulefit,44.547711,4.821244,17:19:00,2024-08-07
202400010242,02:00,,76,76351,2,1,2,6.0,LAMBLARDIE (QUAI),49.48964489,0.11393234,02:00:00,2024-04-23
202400010243,06:40,,92,92012,2,1,1,1.0,MARCEL SEMBAT (PLACE),48.83374158,2.24331433,06:40:00,2024-02-05
202400010244,21:28,,34,34172,2,1,2,2.0,TOULOUSE (AVENUE DE,43.591275,3.857481,21:28:00,2024-11-24
202400010245,14:46,Plein jour,91,91377,2,1,1,3.0,RUE DU PEROU,48.71946,2.2994,14:46:00,2024-09-12
202400010246,12:50,Plein jour,37,37226,1,1,1,7.0,Les Roberdieres,47.093559,0.62356,12:50:00,2024-02-04
202400010247,01:15,Nuit sans éclairage,72,72360,1,4,1,1.0,intersection D245 - C6,48.029212,0.117052,01:15:00,2024-08-08
202400010248,13:30,Plein jour,73,73031,2,4,1,3.0,MONTS DESSUS (CHEMIN DES),45.57672104,5.93208209,13:30:00,2024-04-23
202400010249,08:05,Plein jour,91,91174,2,1,1,3.0,RUE DE LA PECHERIE,48.61369,2.48551,08:05:00,2024-09-12
202400010250,16:40,Plein jour,37,37077,2,1,1,6.0,50 Chemin de Racault,47.3552,0.451265,16:40:00,2024-02-05
202400010251,01:20,Nuit sans éclairage,34,34198,1,1,2,6.0,D62  VOIE RAPIDE,43.55184,3.97014,01:20:00,2024-11-24
202400010252,18:36,Plein jour,64,64427,2,4,1,3.0,Route d?Orthez,43.41426,-0.852138,18:36:00,2024-08-07
202400010253,19:30,Nuit avec éclairage,49,49092,2,1,1,6.0,Rue Nationale (Chemillé),47.225477,-0.72469,19:30:00,2024-02-05
202400010254,07:50,Plein jour,70,70550,2,3,8,3.0,Rue André Maginot,47.6194,6.14806,07:50:00,2024-04-22
202400010255,15:53,Plein jour,64,64403,1,1,1,7.0,D936,43.371599,-0.844638,15:53:00,2024-08-03
202400010256,22:59,,87,87085,2,2,1,3.0,SAINT MARTIAL (QUAI),45.82603,1.26793,22:59:00,2024-09-11
202400010257,13:30,Plein jour,66,66136,2,1,1,3.0,JOTGLARS (DES),42.6948,2.88982,13:30:00,2024-04-23
202400010258,17:14,Plein jour,34,34088,1,1,1,2.0,Avenue de la Gare du Midi,43.550197,3.730792,17:14:00,2024-02-05
202400010259,17:19,Plein jour,87,87085,2,1,2,6.0,AUTOROUTE A20,45.83895,1.28109,17:19:00,2024-09-11
202400010260,08:50,Plein jour,18,18103,2,2,1,3.0,Chemin de Saint Phalier,47.139552,1.842983,08:50:00,2024-08-08
202400010261,18:22,Plein jour,64,64445,2,1,1,7.0,RICHELIEU,43.30262,-0.35669,18:22:00,2024-04-23
202400010262,07:40,Plein jour,81,81065,2,1,8,6.0,SIZAIRE (BD.HENRI),43.6022,2.24312,07:40:00,2024-09-11
202400010263,00:45,Nuit sans éclairage,16,16103,1,1,1,7.0,Unknown,45.522849,0.390937,00:45:00,2024-08-08
202400010264,21:45,,69,69046,2,2,1,2.0,Route du Bas Privas,45.649105,4.793464,21:45:00,2024-01-31
202400010265,11:30,Plein jour,64,64284,1,1,1,7.0,LAS HIES DE,43.24992552,-0.42699963,11:30:00,2024-04-22
202400010266,16:15,Plein jour,81,81004,2,6,1,6.0,LUDE (BD ET ALLEE DU),43.9221277,2.148946,16:15:00,2024-09-12
202400010267,11:40,Plein jour,51,51443,1,1,1,7.0,D48,48.584688,3.638738,11:40:00,2024-01-20
202400010268,21:45,Crépuscule,53,53111,1,1,1,3.0,la Raverie,48.35858,-0.611233,21:45:00,2024-08-06
202400010269,17:50,Plein jour,63,63075,2,1,1,6.0,THERMES (AVENUE DES),45.77233002,3.06384444,17:50:00,2024-04-23
202400010270,16:45,Plein jour,71,71522,1,1,1,6.0,1737 Route de Cuisery,46.61028953,4.98708901,16:45:00,2024-02-05
202400010271,08:00,Plein jour,77,77079,1,6,7,3.0,AV DES ACACIAS,48.40965,2.7974,08:00:00,2024-09-12
202400010272,20:10,Plein jour,62,62160,2,1,2,2.0,Boulevard de l’Europe,50.7156,1.60183,20:10:00,2024-04-23
202400010273,07:45,Plein jour,85,85095,1,1,1,1.0,la briardiere,46.91726,-1.767267,07:45:00,2024-08-08
202400010274,10:30,Plein jour,86,86263,1,3,8,1.0,D741,46.532098,0.35344,10:30:00,2024-02-06
202400010275,11:35,Plein jour,62,62643,2,1,1,6.0,D119,50.7045657,1.59655305,11:35:00,2024-04-22
202400010276,17:20,Plein jour,87,87126,1,2,1,2.0,Route de Lascaux,45.861657,0.818825,17:20:00,2024-08-07
202400010277,17:50,Crépuscule,34,34076,1,3,1,3.0,Rabieux,43.662738,3.447969,17:50:00,2024-02-06
202400010278,14:10,Plein jour,76,76447,2,2,1,7.0,PRESIDENT WILSON,49.53972,0.17848,14:10:00,2024-09-11
202400010279,11:00,Plein jour,52,52300,1,1,1,7.0,départementale 2,48.520515,5.030676,11:00:00,2024-08-05
202400010280,16:25,Plein jour,76,76414,2,1,1,6.0,LOUIS BLERIOT (RUE ),49.92374,1.11959,16:25:00,2024-09-12
202400010281,18:40,Nuit sans éclairage,44,44171,2,1,1,1.0,29 Rue de Pornic,47.136323,-1.737401,18:40:00,2024-02-05
202400010282,14:10,Plein jour,59,59122,2,3,7,6.0,SAINT LADRE (RUE),50.16201,3.24829,14:10:00,2024-04-22
202400010283,16:00,Plein jour,52,52265,1,1,1,1.0,N67,48.568827,5.034957,16:00:00,2024-08-08
202400010284,17:10,Plein jour,72,72181,2,1,1,2.0,ARCHE (RUE DE L'),48.00239,0.21103,17:10:00,2024-09-11
202400010285,17:44,Plein jour,02,02461,2,2,1,6.0,1 Avenue de la Gare,49.591578,3.137168,17:44:00,2024-02-06
202400010286,15:50,Plein jour,66,66136,2,1,1,6.0,Avenue Maréchal Leclerc,42.70094214,2.88944453,15:50:00,2024-09-12
202400010287,14:40,Plein jour,57,57672,2,6,1,3.0,Route des Romains,49.35325,6.13433,14:40:00,2024-04-21
202400010288,13:00,Plein jour,66,66136,2,2,1,6.0,Avenue Jean Mermoz,42.69606134,2.90564507,13:00:00,2024-09-11
202400010289,15:50,Plein jour,56,56083,2,1,1,6.0,VAILLANT ( AV. EDOUARD ),47.82019,-3.25238,15:50:00,2024-04-22
202400010290,15:00,Plein jour,84,84051,1,2,1,6.0,Chemin de la Bounotte,43.864801,5.242663,15:00:00,2024-02-05
202400010291,21:30,,64,64129,2,1,1,7.0,LALANNE,43.30729,-0.39034,21:30:00,2024-09-12
202400010292,18:20,Nuit avec éclairage,60,60006,1,6,1,6.0,D200,49.32446934,2.60275126,18:20:00,2024-02-06
202400010293,14:30,Plein jour,56,56121,2,6,1,3.0,Rond-point de Kervaric,47.74789,-3.38913,14:30:00,2024-04-22
202400010294,16:25,Plein jour,06,06018,1,1,1,6.0,2004 Route des Lucioles,43.616473,7.068168,16:25:00,2024-08-08
202400010295,17:13,Plein jour,63,63245,2,1,3,2.0,LAGRANGE LEO (AVENUE),45.89164846,3.09215248,17:13:00,2024-09-11
202400010296,17:30,Plein jour,54,54300,2,3,1,3.0,Rue Gustave Flaubert,48.65694962,6.21699974,17:30:00,2024-04-22
202400010297,14:29,Plein jour,06,06079,1,1,7,3.0,A8 PR 157 + 235,43.54462214,6.94008045,14:29:00,2024-08-08
202400010298,17:20,Crépuscule,64,64147,1,1,1,3.0,D936,43.466742,-1.288962,17:20:00,2024-02-05
202400010299,08:15,Plein jour,51,51454,2,7,1,3.0,FRANCHET D'ESPEREY (BOULEVARD),49.24175,4.01732,08:15:00,2024-04-23
202400010300,16:45,Plein jour,63,63113,2,1,2,3.0,SABLON (COURS),45.77326,3.09001,16:45:00,2024-09-11
202400010301,09:37,Plein jour,18,18165,1,1,1,1.0,Unknown,47.326869,2.253796,09:37:00,2024-02-06
202400010302,17:15,Plein jour,07,07134,2,1,1,3.0,210 Route de Rosieres,44.506353,4.288351,17:15:00,2024-08-07
202400010303,14:25,Plein jour,45,45232,2,1,1,3.0,Rue de la Bergeresse,47.84623,1.91634,14:25:00,2024-04-23
202400010304,18:50,Plein jour,62,62498,2,1,1,6.0,Avenue du 4 Septembre,50.43227,2.82946,18:50:00,2024-09-11
202400010305,07:45,Plein jour,62,62193,2,9,1,3.0,D119,50.93982475,1.87786031,07:45:00,2024-09-12
202400010306,07:00,Nuit sans éclairage,40,40333,1,1,5,3.0,D38,43.966118,-0.72396,07:00:00,2024-02-04
202400010307,16:51,Plein jour,37,37261,2,1,1,6.0,BERGEONNERIE (RUE DE LA),47.35971,0.69144,16:51:00,2024-04-23
202400010308,00:48,Nuit sans éclairage,37,37173,1,1,1,6.0,D 775,47.17115319,1.31794685,00:48:00,2024-08-08
202400010309,22:15,Nuit sans éclairage,27,27384,1,1,1,6.0,Rue du Lion,49.361918,0.339863,22:15:00,2024-02-05
202400010310,08:20,Plein jour,37,37261,2,1,1,3.0,EIFFEL (AVENUE GUSTAVE),47.43573,0.69832,08:20:00,2024-04-22
202400010311,11:50,Plein jour,62,62041,2,3,1,6.0,Rue de l’Abbe Pierre,50.29545983,2.77116841,11:50:00,2024-09-12
202400010312,12:05,Plein jour,34,34301,2,1,1,6.0,QUILLES (CHEMIN DES),43.39413,3.66493,12:05:00,2024-04-22
202400010313,09:00,Plein jour,59,59599,2,1,1,6.0,FROISSART (RUE JEAN),50.72446,3.14605,09:00:00,2024-09-12
202400010314,17:45,Plein jour,30,30352,2,1,1,5.0,Avenue du Mas de Guiraud,43.791156,4.095497,17:45:00,2024-02-04
202400010315,04:05,Nuit sans éclairage,30,30123,1,1,1,7.0,Autoroute A9 - PK 74+900 sens Montpellier vers Nîmes,43.723777,4.154559,04:05:00,2024-08-07
202400010316,13:20,Plein jour,59,59068,1,9,1,6.0,LOUIS DUBOC (RUE),50.21209,3.81792,13:20:00,2024-09-11
202400010317,08:00,Plein jour,34,34172,2,1,1,3.0,SABATIER D'ESPEYRAN (AVENUE FREDERIC),43.62624,3.86609,08:00:00,2024-04-23
202400010318,11:35,Plein jour,987,98738,2,1,2,2.0,Pk 10 mairie de Punaauia,-17.593405,-149.611752,11:35:00,2024-02-05
202400010319,08:30,Plein jour,73,73257,1,1,1,3.0,D96,45.457083,6.519871,08:30:00,2024-08-07
202400010320,20:50,,34,34032,2,9,1,1.0,SAINT SAENS CAMILLE (AV),43.34183,3.21842,20:50:00,2024-04-19
202400010321,19:50,Plein jour,59,59350,2,3,1,3.0,N° 2/74B Boulevard Montebello,50.62391,3.04325,19:50:00,2024-09-12
202400010322,15:50,Plein jour,65,65417,1,1,1,4.0,A64,43.216108,0.105443,15:50:00,2024-01-31
202400010323,20:00,Crépuscule,59,59350,2,1,1,6.0,Boulevard Vauban,50.6373,3.05167,20:00:00,2024-09-12
202400010324,07:30,Plein jour,31,31555,2,1,1,3.0,ETATS UNIS (AV DES) DU 1AU 281,43.63104,1.43222,07:30:00,2024-04-17
202400010325,17:25,Plein jour,69,69252,1,1,1,3.0,Route de la Cote,45.54296217,4.66705517,17:25:00,2024-08-08
202400010326,06:50,Nuit sans éclairage,53,53146,1,1,1,7.0,D12,48.211988,-0.70404,06:50:00,2024-02-05
202400010327,04:35,Nuit sans éclairage,31,31555,1,1,1,6.0,VA007440 LES MINIMES A620 Sortie 31,43.62455,1.41798,04:35:00,2024-04-23
202400010328,12:55,Plein jour,57,57463,2,1,1,6.0,LAFAYETTE (RUE ),49.10832,6.17357,12:55:00,2024-09-12
202400010329,23:15,Nuit sans éclairage,988,98811,1,1,8,6.0,RT1 avenue LAPITA,-21.0584,164.852504,23:15:00,2024-02-02
202400010330,16:30,Plein jour,973,97357,1,1,1,6.0,Gaan Siton,4.280782,-54.387721,16:30:00,2024-08-07
202400010331,18:05,Plein jour,29,29232,2,1,1,2.0,Avenue de la Gare,47.994005,-4.09217,18:05:00,2024-04-23
202400010332,07:50,Plein jour,34,34183,1,1,1,1.0,d162,43.297269,3.131211,07:50:00,2024-02-05
202400010333,14:44,Plein jour,56,56260,2,2,1,3.0,Boulevard de la Paix,47.66129,-2.75529,14:44:00,2024-09-12
202400010334,15:00,Plein jour,971,97129,2,1,2,6.0,Route de Belle Riviere,16.27464065,-61.67202115,15:00:00,2024-08-07
202400010335,09:30,Plein jour,27,27562,2,1,1,6.0,PRES (RUE DES),49.10513,1.45648,09:30:00,2024-04-23
202400010336,14:20,Plein jour,56,56121,2,9,1,3.0,Boulevard Léon Blum,47.74516,-3.38122,14:20:00,2024-09-11
202400010337,17:49,Plein jour,27,27229,2,1,1,7.0,BRIAND (AVENUE ARISTIDE),49.018559,1.126614,17:49:00,2024-04-23
202400010338,15:50,Plein jour,34,34344,2,2,1,4.0,Avenue de Melgueil,43.563535,4.085911,15:50:00,2024-02-05
202400010339,14:45,Plein jour,78,78389,2,1,1,3.0,Avenue de l?Arbre a la Quenee,48.801539,1.819526,14:45:00,2024-04-26
202400010340,12:20,Plein jour,83,83127,1,1,1,1.0,"PK 0007.250, chemin départemental 2",43.285484,5.892666,12:20:00,2024-02-06
202400010341,21:00,Crépuscule,84,84063,1,1,1,6.0,N86,44.263058,4.669919,21:00:00,2024-08-07
202400010342,20:30,Nuit avec éclairage,51,51454,2,3,1,3.0,JEANNE D'ARC (RUE'),49.255423,4.024596,20:30:00,2024-09-12
202400010343,15:15,Plein jour,27,27229,2,3,1,3.0,VERNON (RUE DE),49.03075,1.16051,15:15:00,2024-04-23
202400010344,09:52,Plein jour,88,88418,1,1,8,3.0,D48,48.272318,6.665311,09:52:00,2024-02-06
202400010345,11:50,Plein jour,83,83094,1,1,1,6.0,Route du Plan,43.333786,6.564996,11:50:00,2024-08-04
202400010346,17:50,Plein jour,51,51055,2,1,1,2.0,NEUFCHATEL (RUE DE) DU N°40 A FIN (PAIR),49.2849,4.02766,17:50:00,2024-09-10
202400010347,12:20,Plein jour,69,69241,2,1,1,7.0,Route du Batard,45.636202,4.727157,12:20:00,2024-08-07
202400010348,23:15,,25,25056,2,3,1,3.0,BELFORT RUE DE (inf144),47.2542,6.03875,23:15:00,2024-04-23
202400010349,15:15,Plein jour,73,73232,1,1,1,1.0,D902,45.55819796,6.89756528,15:15:00,2024-02-04
202400010350,00:30,Nuit sans éclairage,26,26179,1,6,1,6.0,Route du Dauphiné,45.04926496,4.86635864,00:30:00,2024-02-03
202400010351,18:40,Plein jour,49,49378,1,1,1,3.0,FAUTRAGES (CHEMIN DES),47.3057,-0.0678,18:40:00,2024-09-08
202400010352,07:35,Plein jour,46,46055,2,1,1,1.0,le port - D840,44.57564425,2.07029608,07:35:00,2024-08-08
202400010353,02:20,Nuit sans éclairage,09,09157,2,2,1,3.0,Quatre Chemins,42.9712,1.866662,02:20:00,2024-02-04
202400010354,16:23,Plein jour,49,49246,2,1,1,1.0,CHAUVIN AVENUE,47.433209,-0.530775,16:23:00,2024-09-11
202400010355,18:30,Plein jour,33,33256,2,3,1,3.0,Unknown,44.967656,-0.612783,18:30:00,2024-08-07
202400010356,22:46,,49,49007,2,1,1,7.0,RAMON BOULEVARD,47.4884,-0.54471,22:46:00,2024-09-10
202400010357,12:50,Plein jour,40,40125,1,2,1,3.0,Route de Dax,43.650223,-1.098027,12:50:00,2024-02-06
202400010358,16:35,Plein jour,22,22186,2,1,1,6.0,Rue du Pont Neuf,48.578066,-2.563462,16:35:00,2024-08-07
202400010359,15:00,Plein jour,47,47001,2,3,1,3.0,DE GAULLE (AV. DU GENERAL),44.20903,0.61147,15:00:00,2024-09-12
202400010360,17:10,Plein jour,60,60559,1,1,1,6.0,D9,49.42550908,2.30158854,17:10:00,2024-08-07
202400010361,18:25,Crépuscule,33,33227,2,1,1,1.0,Unknown,44.538748,-0.247211,18:25:00,2024-02-03
202400010362,17:55,Plein jour,85,85054,1,1,1,6.0,RD 42,46.682611,-1.70397,17:55:00,2024-02-06
202400010363,15:05,Plein jour,80,80039,1,1,1,4.0,Route Departementale 940,50.084105,1.445861,15:05:00,2024-08-07
202400010364,12:55,Plein jour,47,47201,2,6,1,4.0,PYRENEES (AVENUE DES),44.16974,0.60922,12:55:00,2024-09-11
202400010365,18:55,Plein jour,13,13215,1,1,1,3.0,A7-Sens Marseille vers Lyon,43.369,5.361,18:55:00,2024-06-14
202400010366,08:15,,44,44198,2,1,1,3.0,13 Avenue du Sud,47.135764,-1.520678,08:15:00,2024-02-06
202400010367,12:33,Plein jour,59,59569,1,1,1,7.0,AUTOROUTE A21,50.381045,3.139265,12:33:00,2024-08-05
202400010368,16:30,Plein jour,45,45234,2,3,1,3.0,MORIN (RUE JEAN BAPTISTE),47.91229,1.90895,16:30:00,2024-09-11
202400010369,10:10,Plein jour,02,02720,2,1,1,3.0,5 Rue du Mal de Lattre de Tassigny,49.572819,3.891378,10:10:00,2024-02-06
202400010370,13:50,Plein jour,80,80799,1,6,1,7.0,D23,49.856634,2.523894,13:50:00,2024-01-30
202400010371,02:00,Nuit avec éclairage,44,44009,1,1,2,2.0,Boulevard Charles de Gaulle,47.21481,-1.480197,02:00:00,2024-09-13
202400010372,04:50,,59,59378,1,1,1,4.0,AUTOROUTE A22,50.68703708,3.11105475,04:50:00,2024-07-19
202400010373,01:20,,13,13210,2,1,1,6.0,S10CD-Sens Aubagne vers Marseille,43.28344682,5.40009299,01:20:00,2024-02-05
202400010374,19:00,Plein jour,44,44190,2,1,2,3.0,9 Rue Marie Curie,47.18828,-1.48361,19:00:00,2024-09-12
202400010375,18:52,Plein jour,91,91471,1,1,1,2.0,RN 118,48.69486,2.1931,18:52:00,2024-08-07
202400010376,13:35,Plein jour,59,59284,1,1,1,4.0,AUTOROUTE A23,50.41573,3.41461,13:35:00,2024-02-02
202400010377,17:45,Plein jour,43,43059,1,4,1,7.0,Route de Brioude,45.33021111,3.66501036,17:45:00,2024-05-18
202400010378,18:00,Plein jour,43,43041,2,1,1,6.0,Rue de la République,45.04598879,3.928107,18:00:00,2024-09-12
202400010379,17:31,Plein jour,92,92002,1,1,1,3.0,AUTOROUTE A86,48.76254211,2.30281958,17:31:00,2024-02-05
202400010380,18:40,Plein jour,43,43157,1,1,3,7.0,RN88,45.04947,3.90292,18:40:00,2024-09-11
202400010381,15:30,Plein jour,43,43080,1,1,1,5.0,Route de Retournac,45.32433981,3.85421337,15:30:00,2024-05-28
202400010382,10:30,Plein jour,91,91617,1,1,2,2.0,RN6 PROVINCE / RN104 INT,48.63626,2.53573,10:30:00,2024-02-05
202400010383,22:50,Nuit sans éclairage,61,61221,2,1,5,6.0,D43 PR10+830,48.747483,-0.466695,22:50:00,2024-05-19
202400010384,16:24,Plein jour,44,44026,2,1,1,6.0,198 Chemin de la Manguais,47.26420045,-1.50664426,16:24:00,2024-07-24
202400010385,10:50,Plein jour,93,93027,1,1,2,5.0,AUTOROUTE A86,48.92221493,2.37893164,10:50:00,2024-02-03
202400010386,19:20,,88,88160,2,1,5,3.0,SAINT-MICHEL (RUE),48.17785,6.45779,19:20:00,2024-10-31
202400010387,19:40,Plein jour,44,44212,1,1,1,7.0,La Grande Pièce,47.175446,-1.239905,19:40:00,2024-07-05
202400010388,10:45,Plein jour,95,95424,1,1,2,6.0,A15,48.98972671,2.19836417,10:45:00,2024-02-03
202400010389,19:43,Plein jour,74,74012,2,1,1,3.0,INDUSTRIE (RUE DE L'),46.19811,6.26361,19:43:00,2024-06-06
202400010390,21:15,,88,88413,2,1,1,3.0,Résistance ( Quai de la ),48.28567,6.96283,21:15:00,2024-10-21
202400010391,06:30,Crépuscule,92,92036,1,1,1,6.0,AUTOROUTE A86,48.93838168,2.31330853,06:30:00,2024-02-03
202400010392,15:20,Plein jour,95,95256,1,1,1,6.0,A115,49.04631824,2.18534422,15:20:00,2024-02-02
202400010393,17:00,Plein jour,987,98735,1,1,1,2.0,FARE UTE,-17.53041,-149.57254,17:00:00,2024-08-05
202400010394,09:50,Plein jour,57,57160,2,1,1,6.0,Rue de Saint Etienne,49.188996,6.695598,09:50:00,2024-10-16
202400010395,19:15,Nuit sans éclairage,77,77294,1,1,1,3.0,A104,48.965623,2.607644,19:15:00,2024-02-05
202400010396,05:55,Nuit sans éclairage,974,97416,1,3,1,6.0,PARADIS (LIGNE) (2),-21.30978,55.47006,05:55:00,2024-08-06
202400010397,02:20,,971,97105,2,1,1,6.0,BD GERTY ARCHIMEDE,15.98989,-61.72752,02:20:00,2024-12-14
202400010398,20:00,Plein jour,69,69276,2,1,1,6.0,2 Rue de la Begude,45.6745,4.8599,20:00:00,2024-08-05
202400010399,18:08,,73,73008,2,3,1,6.0,TRESSERVE AVENUE DE,45.68546221,5.90716392,18:08:00,2024-12-31
202400010400,07:45,Plein jour,94,94028,1,1,1,4.0,A86,48.776362,2.433254,07:45:00,2024-02-05