Num_Acc,hrmn,lum,dep,com,agg,int,atm,col,adr,lat,long,heure,date
202400010401,11:45,Plein jour,69,69290,2,2,1,5.0,Rue du Dauphiné,45.71188,4.92024,11:45:00,2024-08-05
202400010402,23:40,,27,27229,2,3,1,3.0,BUFFARDIERE (BOULEVARD DE LA),49.02196,1.14102,23:40:00,2024-12-20
202400010403,14:50,Plein jour,75,75118,2,4,1,6.0,BOULEVARD NEY,48.898718,2.360546,14:50:00,2024-02-04
202400010404,09:40,Plein jour,69,69259,2,1,1,6.0,Avenue Viviani,45.7235,4.8744,09:40:00,2024-08-05
202400010405,19:30,,93,93064,2,1,1,1.0,BOISSIERE (RUELLE),48.87961609,2.46588547,19:30:00,2024-12-22
202400010406,23:13,,67,67482,2,3,1,7.0,ILL (RUE DE L ),48.611871,7.778499,23:13:00,2024-08-05
202400010407,03:25,,28,28404,1,1,9,1.0,LIBERTE (AVENUE DE LA),48.734839,1.327099,03:25:00,2024-10-26
202400010408,10:35,Plein jour,976,97611,2,1,1,5.0,kaweni-Pendu (Place),-12.7594,45.22981,10:35:00,2024-02-04
202400010409,17:38,Plein jour,59,59163,2,2,1,3.0,HOLDEN CROTHERS(RUE),50.673233,3.147508,17:38:00,2024-08-05
202400010410,20:00,Nuit sans éclairage,73,73316,1,1,1,6.0,D925,45.482803,6.141779,20:00:00,2024-09-29
202400010411,13:45,Plein jour,37,37261,2,9,1,6.0,ALOUETTE (AVENUE),47.36234794,0.69574079,13:45:00,2024-08-06
202400010412,13:00,Plein jour,974,97416,1,1,1,2.0,LIGNE PARADIS(ROUTE DE LA),-21.30464,55.46211,13:00:00,2024-02-04
202400010413,06:45,Crépuscule,73,73330,1,4,2,1.0,D1504,45.703347,5.787193,06:45:00,2024-09-28
202400010414,09:30,Plein jour,974,97416,1,1,1,7.0,RN1 (ROUTE NATIONALE),-21.3122,55.43688,09:30:00,2024-02-04
202400010415,00:30,,37,37261,2,3,1,3.0,GANCE (BOULEVARD ABEL),47.40902,0.7209,00:30:00,2024-08-06
202400010416,16:25,Plein jour,37,37208,2,2,1,3.0,ORMEAU (RUE DE L'),47.35598,0.74387,16:25:00,2024-08-05
202400010417,19:40,Plein jour,73,73098,1,1,1,3.0,D913,45.64214736,5.993931,19:40:00,2024-08-08
202400010418,18:10,Plein jour,974,97407,1,3,1,3.0,OWENS JAMES,-20.93687313,55.32449019,18:10:00,2024-02-04
202400010419,01:10,,974,97407,2,1,1,6.0,LAUDE E(RUE),-20.93752,55.29957,01:10:00,2024-02-04
202400010420,14:40,Plein jour,37,37233,2,6,1,2.0,RABATERIE ( RUE DE LA ),47.39204138,0.72546422,14:40:00,2024-08-05
202400010421,06:05,,38,38421,2,2,2,3.0,AVENUE GABRIEL PÉRI,45.18579,5.76149,06:05:00,2024-09-27
202400010422,12:23,Plein jour,973,97302,2,1,1,1.0,SAINT ANTOINE (CHEMIN),4.93529875,-52.29521424,12:23:00,2024-02-04
202400010423,07:55,Plein jour,37,37214,2,6,7,6.0,PORTILLON (QUAI),47.40056604,0.67885047,07:55:00,2024-08-05
202400010424,19:43,Plein jour,38,38151,2,3,1,3.0,COURS JEAN JAURÈS,45.15426,5.70751,19:43:00,2024-09-06
202400010425,16:45,Plein jour,973,97302,2,1,1,7.0,MONTABO (ROUTE DE) 1,4.94213,-52.30459,16:45:00,2024-02-03
202400010426,17:35,Plein jour,34,34172,2,2,1,3.0,VAL DE MONTFERRAND (AVENUE DU),43.63466,3.87314,17:35:00,2024-08-05
202400010427,13:20,Plein jour,38,38544,2,1,1,1.0,Avenue Jean de la Fontaine,45.51474,4.91565,13:20:00,2024-09-06
202400010428,06:25,Crépuscule,973,97302,2,1,1,2.0,14 ET 22 JUIN 1962,4.93587,-52.32758,06:25:00,2024-02-03
202400010429,02:40,,13,13204,2,1,1,2.0,ALEX. FLEMING (BOULEVARD),43.31401,5.40532,02:40:00,2024-08-06
202400010430,05:05,Crépuscule,972,97209,2,1,1,6.0,PROFESSEUR RAYMOND GARCIN (RUE DU),14.61528,-61.07857,05:05:00,2024-02-04
202400010431,17:25,Plein jour,38,38544,1,1,1,3.0,D 41,45.51995,4.89503,17:25:00,2024-09-02
202400010432,22:40,Nuit sans éclairage,13,13047,1,1,1,1.0,D.5,43.55773,4.96532,22:40:00,2024-08-05
202400010433,06:00,Crépuscule,972,97209,2,1,1,6.0,ENTRAIDE (ROUTE DE L'),14.6266,-61.05598,06:00:00,2024-02-04
202400010434,16:20,Plein jour,74,74012,2,1,1,6.0,RESISTANCE (RUE DE LA),46.19704,6.26314,16:20:00,2024-11-08
202400010435,09:15,Plein jour,75,75114,2,1,1,3.0,BD PERIPHERIQUE EXTERIEUR,48.819133,2.329596,09:15:00,2024-08-06
202400010436,15:25,Plein jour,972,97209,2,9,1,7.0,DOROTHY (ROUTE DE),14.61139,-61.04269,15:25:00,2024-02-03
202400010437,11:30,Plein jour,69,69385,2,1,1,6.0,58 Rue des Aqueducs,45.76002754,4.78803711,11:30:00,2024-02-04
202400010438,15:05,Plein jour,75,75120,2,1,1,2.0,BOULEVARD PERIPHERIQUE INTERIEUR,48.855447,2.413826,15:05:00,2024-08-05
202400010439,19:17,,74,74010,2,2,1,6.0,BARATTES (AVENUE DES),45.9072,6.1409,19:17:00,2024-10-29
202400010440,06:30,Crépuscule,971,97101,1,1,1,6.0,ROUTE DE BOISVINS,16.26678,-61.47689,06:30:00,2024-02-04
202400010441,11:25,Plein jour,75,75120,2,1,1,5.0, Bd Périphérique Intérieur ,48.852713,2.414464,11:25:00,2024-08-05
202400010442,19:15,,74,74010,2,6,1,6.0,RHONE (AVENUE DU),45.89859,6.11837,19:15:00,2024-10-18
202400010443,13:45,Plein jour,95,95539,1,1,2,2.0,D301,49.00004731,2.35971177,13:45:00,2024-02-04
202400010444,23:40,,75,75114,2,4,1,2.0,PORTE D ORLEANS,48.81930986,2.32870996,23:40:00,2024-08-04
202400010445,16:15,Plein jour,74,74010,2,2,2,3.0,REPUBLIQUE (AVENUE DE LA),45.90705,6.10918,16:15:00,2024-10-07
202400010446,20:45,,95,95280,2,6,2,3.0,D47,49.01254666,2.47038134,20:45:00,2024-02-03
202400010447,23:00,Nuit sans éclairage,75,75120,2,1,1,6.0,BD PERIPHERIQUE INTERIEUR ,48.871428,2.413002,23:00:00,2024-08-05
202400010448,19:08,,972,97213,1,9,1,3.0,AUTOROUTE A1,14.61855,-61.02084,19:08:00,2024-12-21
202400010449,18:25,Nuit sans éclairage,971,97113,1,1,1,7.0,SECTION LEROUX,16.25022038,-61.47397757,18:25:00,2024-10-14
202400010450,19:10,,91,91687,2,9,1,3.0,VICTOR SCHOELCHER (PLACE),48.64813,2.36671,19:10:00,2024-02-04
202400010451,08:25,Plein jour,52,52045,2,6,1,6.0,BAR LE DUC (ROUTE DE),48.66026,4.9733,08:25:00,2024-12-19
202400010452,06:15,Nuit sans éclairage,91,91223,1,1,2,7.0,N 20,48.40706,2.12422,06:15:00,2024-02-04
202400010453,17:00,Crépuscule,52,52448,2,9,1,2.0,REPUBLIQUE (AVE DE LA) N° 1 A 49,48.63725,4.94574,17:00:00,2024-11-28
202400010454,17:00,Plein jour,84,84007,2,3,1,6.0,C.De GAULLE (Rocade),43.92949,4.81893,17:00:00,2024-02-04
202400010455,19:00,Nuit sans éclairage,69,69199,1,1,1,2.0,Route Départementale 383,45.71612,4.84301,19:00:00,2024-12-10
202400010456,14:10,Plein jour,83,83123,1,9,1,6.0,ROUTE DE BANDOL,43.1375,5.7754,14:10:00,2024-02-03
202400010457,15:28,Plein jour,75,75120,2,1,1,4.0,Bd Périphérique Intérieur,48.853568,2.41404,15:28:00,2024-08-05
202400010458,06:30,Plein jour,987,98735,2,2,8,7.0,CHARLES DE GAULLE (AVE)-PIRAE,-17.53102,-149.55326,06:30:00,2024-07-13
202400010459,10:23,Plein jour,78,78586,2,2,2,3.0,SCHUMAN (ROBERT)  (CARREFOUR),48.94904,2.19864,10:23:00,2024-02-03
202400010460,09:55,Plein jour,75,75117,2,1,1,4.0,Bd Périphérique Extérieur,48.890245,2.298465,09:55:00,2024-08-05
202400010461,13:20,Plein jour,42,42305,2,1,1,5.0,Rue Jean Rostand,45.47218,4.43947,13:20:00,2024-10-29
202400010462,21:40,Plein jour,75,75120,2,3,1,3.0,RUE HARPIGNIES,48.858755,2.409823,21:40:00,2024-08-06
202400010463,17:00,Plein jour,75,75120,2,2,1,3.0,BOULEVARD DAVOUT,48.853473,2.410811,17:00:00,2024-08-06
202400010464,16:18,Plein jour,19,19272,2,3,1,6.0,Charles de Gaulle (Av),45.26871037,1.76982182,16:18:00,2024-12-19
202400010465,12:05,Plein jour,77,77058,2,6,2,3.0,D35,48.83443,2.70544,12:05:00,2024-02-04
202400010466,17:00,Plein jour,75,75117,2,2,1,2.0,BOULEVARD DE COURCELLES,48.880846,2.312479,17:00:00,2024-08-05
202400010467,11:50,Plein jour,92,92051,2,1,1,6.0,CHATEAU (RUE DU),48.88665107,2.26217933,11:50:00,2024-12-29
202400010468,11:53,Plein jour,76,76451,2,1,1,6.0,Rue Francois Perroux,49.472,1.09397,11:53:00,2024-02-04
202400010469,21:15,,75,75115,2,1,1,6.0,BOULEVARD DE GRENELLE,48.853337,2.289738,21:15:00,2024-08-06
202400010470,06:20,Nuit sans éclairage,71,71445,1,9,1,1.0,ORLANS (ROND POINT DES),46.77763,4.87776,06:20:00,2024-02-04
202400010471,16:55,Crépuscule,91,91027,2,1,1,4.0,RUE BERNARD LATHIERE,48.7163,2.39294,16:55:00,2024-01-05
202400010472,15:35,Plein jour,75,75107,2,2,1,3.0,RUE DU BAC,48.859521,2.329281,15:35:00,2024-08-06
202400010473,07:20,Nuit sans éclairage,64,64483,2,3,1,3.0,Unknown,43.413,-1.615,07:20:00,2024-02-04
202400010474,14:00,Plein jour,26,26065,2,2,1,1.0,route du parquet,44.719833,4.956599,14:00:00,2024-08-29
202400010475,18:20,,62,62204,2,1,8,6.0,D137,50.400117,1.88334,18:20:00,2024-12-09
202400010476,09:50,Plein jour,62,62826,2,3,1,3.0,Avenue de l'Atlantique,50.5168,1.5838,09:50:00,2024-02-04
202400010477,18:00,,54,54136,2,1,2,3.0,rue Paul Filiot,49.16389,5.84162,18:00:00,2024-02-02
202400010478,20:10,Nuit sans éclairage,971,97111,2,1,1,1.0,RN 2 grande anse,16.324485,-61.784406,20:10:00,2024-12-31
202400010479,15:59,Plein jour,43,43205,2,1,1,6.0,Route de Jonzieux,45.31776422,4.32738651,15:59:00,2024-09-18
202400010480,10:00,Plein jour,38,38563,2,3,1,2.0,Montée du Verdin,45.39279,5.57094,10:00:00,2024-02-03
202400010481,12:45,Plein jour,24,24086,1,1,1,6.0,Combe Longue,44.79379738,1.14012122,12:45:00,2024-10-30
202400010482,13:50,Plein jour,37,37195,2,1,1,6.0,MAIRIE (RUE DE LA),47.38967,0.66196,13:50:00,2024-02-04
202400010483,18:13,Nuit sans éclairage,24,24014,1,1,1,6.0,Route du Port d'Aubas,45.088051,1.188862,18:13:00,2024-10-28
202400010484,03:20,,34,34172,2,3,1,3.0,LIBERTE (AVENUE DE LA,43.611234,3.82864,03:20:00,2024-02-04
202400010485,17:50,Crépuscule,24,24547,2,1,1,3.0,Avenue des Jardins,45.128497,1.318595,17:50:00,2024-10-27
202400010486,16:30,Plein jour,29,29051,1,1,1,7.0,D15,48.00799601,-4.02877155,16:30:00,2024-02-04
202400010487,23:22,,24,24374,2,2,2,3.0,D19,44.793044,0.596995,23:22:00,2024-10-26
202400010488,07:35,Nuit sans éclairage,28,28134,1,9,2,1.0,RN 12 (CARREFOUR DELISLE),48.74596,1.36307,07:35:00,2024-02-04
202400010489,16:45,Plein jour,03,03310,2,1,1,7.0,Allée des Ailes,46.140535,3.415133,16:45:00,2024-03-14
202400010490,18:35,,27,27681,2,1,1,7.0,INDUSTRIE (RUE DE L'),49.09645,1.47035,18:35:00,2024-02-03
202400010491,20:30,Plein jour,03,03310,2,4,1,3.0,Unknown,46.128504,3.435518,20:30:00,2024-05-02
202400010492,20:20,Nuit sans éclairage,70,70285,1,1,1,1.0,D483,47.58422,6.74419,20:20:00,2024-02-04
202400010493,19:10,Plein jour,03,03310,2,4,1,3.0,Avenue de Gramont,46.129391,3.431648,19:10:00,2024-05-08
202400010494,19:30,Crépuscule,17,17291,2,1,1,1.0,SAINT-VINCENT   RUE,46.18819,-1.11518,19:30:00,2024-02-04
202400010495,00:50,Nuit sans éclairage,09,09207,1,1,1,6.0,ROUTE NATIONALE 20,42.934313,1.626931,00:50:00,2024-09-29
202400010496,03:35,,13,13211,2,1,1,1.0,RTE D' ALLAUCH,43.30787192,5.50118806,03:35:00,2024-02-04
202400010497,18:25,Plein jour,09,09225,2,1,1,3.0,LIBERATION BOULEVARD DE LA,43.11523,1.60673,18:25:00,2024-09-02
202400010498,23:40,,13,13215,2,3,1,1.0,HENRI BARNIER (BOULEVARD),43.36541,5.34296,23:40:00,2024-02-03
202400010499,15:45,Plein jour,88,88424,2,1,1,1.0,Alsace ( Rue d ' ),48.267,6.984,15:45:00,2024-10-10
202400010500,11:00,Plein jour,13,13005,2,1,1,3.0,NATIONALE 8,43.2857,5.5548,11:00:00,2024-02-04
202400010501,17:08,Plein jour,42,42218,2,1,1,6.0,Cours Fauriel,45.42694,4.40237,17:08:00,2024-12-30
202400010502,19:20,Nuit sans éclairage,09,09225,1,1,1,2.0,ROUTE NATIONALE 20 (VOIE RAPIDE),43.09745,1.63308,19:20:00,2024-02-04
202400010503,14:31,Plein jour,05,05061,2,9,7,6.0,Rue du Forest d'Entrais,44.56581,6.08693,14:31:00,2024-12-26
202400010504,17:00,Plein jour,09,09265,1,1,1,7.0,ROUTE NATIONALE 20,43.09458505,1.63356453,17:00:00,2024-02-04
202400010505,16:55,Plein jour,64,64485,2,6,1,3.0,Avenue du Jai-alai,43.165733,-1.233797,16:55:00,2024-12-30
202400010506,16:00,Plein jour,85,85213,1,1,1,7.0,le guy bureau,46.550735,-1.390984,16:00:00,2024-11-16
202400010507,18:25,Nuit avec éclairage,01,01053,2,2,1,1.0,HERRIOT ( BOULEVARD EDOUARD COTE PAIR),46.21027,5.22133,18:25:00,2024-02-04
202400010508,15:45,Plein jour,971,97104,2,3,1,3.0,Allée des Pères Blancs,16.011741,-61.739935,15:45:00,2024-12-20
202400010509,08:30,Plein jour,75,75120,2,4,2,7.0,BD PERIPHERIQUE INTERIEUR,48.86314315,2.41344631,08:30:00,2024-02-03
202400010510,03:10,,67,67130,2,1,1,7.0,51 Rue du Général de Gaulle,48.417869,7.664943,03:10:00,2024-12-31
202400010511,18:00,,75,75120,2,1,1,2.0,PORTE DE MONTREUIL,48.850935,2.415435,18:00:00,2024-02-02
202400010512,11:50,Plein jour,83,83061,2,4,1,1.0,D8,43.42544,6.71446,11:50:00,2024-12-16
202400010513,23:17,,75,75119,2,2,1,6.0,RUE DES CHAUFOURNIERS,48.878282,2.37296,23:17:00,2024-02-03
202400010514,22:05,Nuit sans éclairage,78,78362,1,1,1,1.0,RD983,48.98107,1.72083,22:05:00,2024-12-31
202400010515,20:17,,75,75119,2,2,1,3.0,RUE DE CRIMEE,48.885977,2.382145,20:17:00,2024-02-04
202400010516,13:30,Plein jour,51,51108,2,1,1,1.0,FRATERNITE (RUE DE LA),48.97783,4.36064,13:30:00,2024-12-20
202400010517,14:49,Plein jour,75,75119,2,2,1,6.0,AVENUE DE FLANDRE,48.894431,2.381489,14:49:00,2024-02-04
202400010518,11:35,Plein jour,49,49099,2,1,1,7.0,VALLIERE (RUE DE LA ),47.07262,-0.84979,11:35:00,2024-12-24
202400010519,12:10,Plein jour,75,75117,2,4,1,3.0,RUE DE PONT A MOUSSON,48.89813,2.324016,12:10:00,2024-02-04
202400010520,10:10,Plein jour,05,05061,2,1,1,2.0,Avenue d'Embrun,44.57563,6.11315,10:10:00,2024-12-30
202400010521,23:55,,78,78575,2,1,8,6.0,51 Route de Milon,48.709632,2.063136,23:55:00,2024-12-31
202400010522,09:30,Plein jour,75,75115,2,1,1,3.0,AVENUE DE LA PORTE DE LA PLAINE,48.830227,2.292294,09:30:00,2024-02-04
202400010523,14:45,Plein jour,89,89402,1,1,1,6.0,D61,48.018334,3.824213,14:45:00,2024-12-31
202400010524,17:45,Crépuscule,75,75107,2,1,2,6.0,PORT DE LA BOURDONNAIS,48.861202,2.295235,17:45:00,2024-02-03
202400010525,02:10,,75,75102,2,2,1,7.0,BOULEVARD DE SEBASTOPOL,48.8634,2.35096,02:10:00,2024-02-04
202400010526,23:00,Nuit sans éclairage,988,98814,1,1,1,6.0,Kirinata (Tribu),-20.814542,167.246665,23:00:00,2024-12-30
202400010527,17:15,Plein jour,75,75110,2,1,1,6.0,RUE DU FAUBOURG SAINT MARTIN,48.876645,2.360887,17:15:00,2024-08-06
202400010528,10:40,Plein jour,94,94046,2,3,2,3.0,Rue Jean Jaurès / Boulevard Gallieni,48.79739291,2.43329197,10:40:00,2024-02-04
202400010529,18:30,Nuit sans éclairage,91,91338,1,1,5,2.0,D 838,48.6351,2.063429,18:30:00,2024-12-31
202400010530,15:16,Plein jour,75,75107,2,1,1,3.0,AVENUE DE LA MOTTE PICQUET,48.855369,2.307226,15:16:00,2024-08-06
202400010531,19:00,,93,93059,2,1,1,3.0,Rue Ernest Fabre,48.948007,2.359492,19:00:00,2024-02-04
202400010532,15:15,Plein jour,73,73248,2,9,7,6.0,Rue bonrieux,45.276072,6.343467,15:15:00,2024-12-31
202400010533,11:30,Plein jour,75,75107,2,3,1,2.0,BOULEVARD DES INVALIDES,48.84798,2.316165,11:30:00,2024-08-06
202400010534,15:20,Plein jour,59,59240,2,1,1,6.0,31 Rue du Moulin,50.177811,3.960507,15:20:00,2024-12-29
202400010535,13:57,Plein jour,93,93053,2,3,1,3.0,Rue Poniatowski / Rue Denfert Rochereau,48.88986,2.461873,13:57:00,2024-02-04
202400010536,15:50,Crépuscule,95,95678,1,1,1,3.0,N184,49.07315956,2.23044139,15:50:00,2024-12-31
202400010537,08:10,Plein jour,75,75101,2,2,1,1.0,BOULEVARD DE SEBASTOPOL,48.859538,2.348784,08:10:00,2024-08-06
202400010538,18:35,,93,93010,2,3,1,1.0,Rue Auguste Polissard / Villa Thorel,48.904445,2.480389,18:35:00,2024-02-04
202400010539,17:20,Nuit sans éclairage,93,93007,1,1,2,3.0,AUTOROUTE A1,48.95491941,2.45727922,17:20:00,2024-12-24
202400010540,20:10,Plein jour,75,75104,2,2,1,3.0,RUE DU RENARD,48.857535,2.35143,20:10:00,2024-08-05
202400010541,02:00,,93,93005,2,3,2,3.0,Avenue Suzanne Lenglen / Rue Calmette et Guérin,48.951294,2.513778,02:00:00,2024-02-04
202400010542,18:50,Crépuscule,57,57050,1,1,8,3.0,D955,48.699565,6.956331,18:50:00,2024-10-02
202400010543,11:50,Plein jour,94,94076,2,1,1,3.0,117 Boulevard Maxime Gorki,48.792203,2.36959,11:50:00,2024-08-06
202400010544,09:10,Plein jour,71,71381,1,1,1,1.0,D980,46.5329167,4.56987032,09:10:00,2024-02-05
202400010545,12:30,Plein jour,973,97302,2,1,2,3.0,MONTABO (ROUTE DE) 3,4.93765,-52.29835,12:30:00,2024-12-31
202400010546,07:35,Crépuscule,49,49220,1,3,1,3.0,D75,47.718139,-0.391313,07:35:00,2024-02-05
202400010547,22:07,,94,94037,2,2,1,3.0,Avenue Raspail,48.81423,2.34985,22:07:00,2024-08-04
202400010548,14:10,Plein jour,81,81144,1,2,1,3.0,BARRICADE ( CH DE LA ),43.95518,2.1839,14:10:00,2024-12-28
202400010549,08:00,Crépuscule,36,36135,1,1,1,6.0,Unknown,47.02202609,1.60812695,08:00:00,2024-02-05
202400010550,18:55,Crépuscule,94,94033,2,3,7,3.0,Rue Pierre Curie,48.86011,2.47823,18:55:00,2024-08-06
202400010551,19:00,,51,51454,2,1,1,6.0,DOR (RUE FRANCOIS),49.246525,4.009622,19:00:00,2024-12-29
202400010552,22:55,Nuit sans éclairage,76,76148,1,1,2,6.0,rd1,49.779103,1.352327,22:55:00,2024-02-03
202400010553,12:44,Plein jour,19,19031,2,1,1,7.0,COURTELINE (RUE),45.15332768,1.54903114,12:44:00,2024-12-31
202400010554,00:01,Nuit sans éclairage,974,97405,2,1,3,6.0,Chemin Fortune Grosset,-21.336124,55.556952,00:01:00,2024-01-29
202400010555,19:12,Plein jour,94,94028,2,3,1,3.0,Rue Jean Jaguin,48.78417,2.47141,19:12:00,2024-08-06
202400010556,18:00,,02,02243,2,1,2,6.0,Unknown,49.400628,3.364872,18:00:00,2024-12-31
202400010557,09:55,Plein jour,40,40156,1,1,5,1.0,D43,44.317723,-0.848855,09:55:00,2024-02-05
202400010558,03:20,Nuit sans éclairage,79,79020,1,2,1,7.0,Unknown,46.442045,-0.303562,03:20:00,2024-02-02
202400010559,01:30,,93,93062,2,6,3,6.0,Allée de Clichy / Allée du Plateau,48.90037,2.52903,01:30:00,2024-01-02
202400010560,18:10,Plein jour,93,93062,2,2,1,4.0,Boulevard du Midi / Allée de la Fontaine,48.89246676,2.51922727,18:10:00,2024-08-06
202400010561,14:45,Plein jour,19,19256,1,1,1,7.0,L?Arbre du Renard,45.37271,2.32275,14:45:00,2024-02-03
202400010562,08:00,Crépuscule,35,35029,1,1,1,1.0,Lieu Dit Barbee,48.474182,-1.790334,08:00:00,2024-12-31
202400010563,17:15,Plein jour,93,93027,2,1,1,3.0,Boulevard Pasteur,48.9223,2.38355,17:15:00,2024-08-06
202400010564,07:35,Crépuscule,79,79002,1,1,1,1.0,Unknown,46.702138,-0.31405,07:35:00,2024-02-01
202400010565,11:30,Plein jour,12,12096,2,1,7,6.0,D920 - place de la Résistance,44.520798,2.761683,11:30:00,2024-12-31
202400010566,10:30,Plein jour,29,29178,1,1,8,7.0,Avenue de Portsall,48.54748491,-4.68929559,10:30:00,2024-12-28
202400010567,16:45,Plein jour,2A,2A362,2,2,1,3.0,feu tricolore de Sainte-Lucie de Porto-Vecchio,41.699773,9.347544,16:45:00,2024-02-04
202400010568,13:25,Plein jour,93,93057,2,4,1,3.0,QUATORZE-JUILLET (AV. DU),48.90969,2.49093,13:25:00,2024-08-06
202400010569,11:45,Plein jour,71,71204,1,1,1,6.0,D906,46.829891,4.82604,11:45:00,2024-02-02
202400010570,17:05,Crépuscule,29,29117,2,3,1,3.0,Avenue du Général de Gaulle,48.578609,-4.522419,17:05:00,2024-12-31
202400010571,19:45,Plein jour,92,92040,2,3,1,3.0,PONCEAU (DU),48.82069797,2.24692851,19:45:00,2024-08-06
202400010572,07:58,Crépuscule,63,63455,1,1,1,2.0,A75 - PK 014.250,45.65531065,3.16364705,07:58:00,2024-12-19
202400010573,10:54,Plein jour,71,71056,2,3,1,3.0,1065 route du bourg,46.643336,5.179783,10:54:00,2024-02-03
202400010574,09:20,Plein jour,09,09160,2,1,1,6.0,Rue René Cassin,42.937842,1.849673,09:20:00,2024-12-20
202400010575,12:25,Plein jour,92,92025,2,2,1,3.0,PAUL BERT (RUE),48.92737859,2.2470063,12:25:00,2024-08-05
202400010576,14:45,Plein jour,84,84089,2,6,1,3.0,départementale 973,43.687761,5.483725,14:45:00,2024-08-10
202400010577,08:17,Plein jour,71,71390,1,3,1,3.0,Rue des Ecoles,46.704983,4.295633,08:17:00,2024-02-05
202400010578,19:45,Nuit sans éclairage,82,82033,1,1,5,6.0,AERODROME D72 (ROUTE DE L'),44.08191,1.15778,19:45:00,2024-12-30
202400010579,00:17,Nuit sans éclairage,35,35136,1,1,2,6.0,Route departementale D92 PK50,47.928723,-1.500642,00:17:00,2024-07-25
202400010580,00:30,Nuit sans éclairage,63,63055,2,1,8,1.0,25 Avenue des Combrailles,45.839272,2.816432,00:30:00,2024-02-05
202400010581,15:00,Plein jour,94,94002,2,1,1,3.0,Chemin de Villeneuve St Georges,48.78142747,2.42893589,15:00:00,2024-12-31
202400010582,10:30,Plein jour,61,61385,1,1,2,6.0,Voie Communale,48.813674,0.30274,10:30:00,2024-02-04
202400010583,15:45,Plein jour,23,23090,1,1,1,7.0,Route de Pigerolles,45.784053,1.996996,15:45:00,2024-12-30
202400010584,19:00,Nuit sans éclairage,86,86293,1,1,1,3.0,D27,46.433888,0.240262,19:00:00,2024-02-04
202400010585,15:40,Plein jour,11,11397,2,1,2,1.0,Unknown,43.201962,2.432163,15:40:00,2024-12-31
202400010586,08:55,Plein jour,06,06060,1,1,1,3.0,M114 PR 3 + 252,43.751358,7.275519,08:55:00,2024-08-07
202400010587,08:30,Plein jour,68,68082,2,6,1,3.0,D20,47.860967,7.345745,08:30:00,2024-02-05
202400010588,12:05,Plein jour,01,01095,1,1,1,1.0,D42,46.271447,5.42771,12:05:00,2024-12-31
202400010589,17:30,Crépuscule,31,31574,2,1,1,6.0,Avenue des Pyrénées,43.428922,1.432356,17:30:00,2024-02-05
202400010590,13:49,Plein jour,04,04079,1,1,1,6.0,Route du plan,44.05664,6.016018,13:49:00,2024-12-27
202400010591,17:50,Crépuscule,38,38311,2,1,1,6.0,675 Chemin de la Grande Bissera,45.406872,5.097313,17:50:00,2024-02-04
202400010592,22:10,,06,06149,2,1,1,1.0,3091 Route de Laghet,43.74777,7.346166,22:10:00,2024-08-06
202400010593,01:30,Nuit sans éclairage,85,85076,2,6,1,6.0,RD763,47.0684631,-1.262426,01:30:00,2024-11-10
202400010594,19:45,Plein jour,22,22372,2,1,1,7.0,Rue des Bergeons,48.51922,-2.848667,19:45:00,2024-08-07
202400010595,09:05,Plein jour,02,02295,2,1,1,6.0,5 Rue du Général de Gaulle,49.902329,3.914071,09:05:00,2024-02-03
202400010596,20:15,Plein jour,42,42069,2,3,1,7.0,Rue Victor Hugo,45.991643,4.065204,20:15:00,2024-08-06
202400010597,15:00,Plein jour,15,15088,1,1,1,6.0,chemin de la carrière,44.929088,2.257746,15:00:00,2024-02-04
202400010598,20:00,Nuit sans éclairage,13,13050,1,1,1,1.0,D7N,43.650035,5.273759,20:00:00,2024-12-31
202400010599,17:00,Plein jour,974,97412,2,1,1,1.0,Rue Paul Demange,-21.377738,55.622084,17:00:00,2024-08-03
202400010600,20:30,Nuit sans éclairage,971,97111,1,1,1,7.0,Allee Courbaril - RN2,16.299787,-61.799989,20:30:00,2024-12-31
202400010601,18:30,Nuit sans éclairage,72,72161,1,4,1,1.0,Intersection D304 et D64 Bis C,47.740045,0.571804,18:30:00,2024-02-04
202400010602,05:30,Nuit sans éclairage,12,12197,1,1,8,6.0,Avenue de Trebas,44.024329,2.535009,05:30:00,2024-08-07
202400010603,15:45,Crépuscule,67,67122,1,1,9,7.0,D143,48.648392,7.295887,15:45:00,2024-12-28
202400010604,07:50,Crépuscule,16,16147,1,4,5,1.0,41 route du peyrat,45.494101,0.299386,07:50:00,2024-02-05
202400010605,16:50,Plein jour,35,35272,1,3,1,3.0,D178,48.00573,-1.201179,16:50:00,2024-08-05
202400010606,21:15,Nuit sans éclairage,69,69283,1,1,2,2.0,Autoroute 46,45.67348,4.94724,21:15:00,2024-12-14
202400010607,18:01,Nuit sans éclairage,04,04124,1,1,1,6.0,D11,43.74932,6.067779,18:01:00,2024-02-03
202400010608,04:00,Nuit sans éclairage,2B,2B009,1,1,1,3.0,D43A,42.116195,9.488025,04:00:00,2024-08-07
202400010609,01:50,Nuit sans éclairage,01,01320,1,1,1,6.0,A40,46.30511706,4.89702702,01:50:00,2024-02-04
202400010610,22:45,Nuit sans éclairage,69,69290,1,1,2,2.0,Autoroute 43,45.70511423,4.96148853,22:45:00,2024-12-14
202400010611,20:30,Plein jour,34,34270,2,1,1,3.0,3 rue saint exupéry,43.56123,3.849345,20:30:00,2024-08-07