Num_Acc,hrmn,lum,dep,com,agg,int,atm,col,adr,lat,long,heure,date
202400010612,10:05,Plein jour,34,34270,2,9,1,6.0,Avenue de Librilla,43.57483,3.830414,10:05:00,2024-08-06
202400010613,11:20,Plein jour,69,69244,2,4,1,2.0,Avenue Victor Hugo,45.769181,4.78747,11:20:00,2024-02-03
202400010614,16:40,Plein jour,19,19241,1,1,1,7.0,RD 36,45.686317,2.10183,16:40:00,2024-08-01
202400010615,18:00,Nuit sans éclairage,42,42218,1,1,1,2.0,RN88,45.41036567,4.39486108,18:00:00,2024-12-29
202400010616,15:50,Plein jour,76,76036,2,2,1,7.0,Impasse des Mottes,49.832248,1.038573,15:50:00,2024-08-06
202400010617,15:00,Plein jour,17,17482,1,2,1,3.0,D115,46.150108,-0.809678,15:00:00,2024-02-04
202400010618,11:15,Plein jour,2B,2B286,2,3,1,1.0,Suale,42.48487,9.479903,11:15:00,2024-08-06
202400010619,20:15,,974,97407,2,3,1,6.0,JACQUES DUCLOS (RUE) - RIVIERE DES GAL  ,-20.95987,55.31486,20:15:00,2024-12-31
202400010620,00:55,Nuit sans éclairage,2B,2B346,1,1,1,6.0,Route de Torra,42.510901,9.452282,00:55:00,2024-08-07
202400010621,10:50,Plein jour,69,69248,1,1,1,7.0,Route de Mardore,46.07215,4.3354,10:50:00,2024-07-28
202400010622,15:30,Plein jour,974,97407,2,1,1,6.0,PERI GABRIEL(RUE),-20.93746,55.307,15:30:00,2024-12-31
202400010623,20:15,Nuit sans éclairage,69,69235,1,1,1,1.0,2441 Route Departementale 386,45.538114,4.844965,20:15:00,2024-01-31
202400010624,15:00,Plein jour,63,63319,1,1,1,7.0,D996,45.545372,3.934479,15:00:00,2024-08-07
202400010625,16:40,Plein jour,971,97101,2,1,1,6.0,Rue Hubert FAROUIL,16.27374,-61.49929,16:40:00,2024-12-31
202400010626,14:20,Plein jour,78,78349,1,1,1,7.0,A10,48.565138,1.976217,14:20:00,2024-02-05
202400010627,11:55,Plein jour,971,97101,1,1,1,6.0,PATRICK SAINT ELOI ( AVENUE ),16.26085,-61.51695,11:55:00,2024-12-30
202400010628,08:24,Plein jour,91,91661,1,1,1,6.0,Autoroute A 10,48.69811396,2.24217316,08:24:00,2024-02-04
202400010629,19:16,Plein jour,12,12208,1,1,1,1.0,d999,43.955765,2.859299,19:16:00,2024-08-06
202400010630,07:50,Plein jour,974,97418,2,1,1,6.0,60 Route de l'Espérance,-20.93111,55.520289,07:50:00,2024-02-05
202400010631,11:50,Plein jour,2A,2A004,2,9,1,2.0,#ROUTE DU STILETTO#,41.94583,8.76217,11:50:00,2024-12-31
202400010632,14:00,Plein jour,46,46112,2,1,1,1.0,D820,44.558712,1.475161,14:00:00,2024-08-06
202400010633,22:00,Nuit sans éclairage,973,97304,1,1,1,2.0,RN1 croisemnt route des PK,5.137664,-52.716737,22:00:00,2024-02-04
202400010634,18:30,,95,95210,2,1,8,6.0,ENGHIEN (AVENUE D'),48.964118,2.303107,18:30:00,2024-12-28
202400010635,07:30,Plein jour,86,86139,1,1,1,1.0,Route de Saint Germier,46.440341,0.105454,07:30:00,2024-08-07
202400010636,10:50,Plein jour,971,97107,1,3,1,6.0,Rue Fonds Chauds,16.037394,-61.58435,10:50:00,2024-02-04
202400010637,19:15,Plein jour,29,29153,2,1,1,2.0,Rue de l’Atlantique,47.82536783,-3.79560252,19:15:00,2024-08-04
202400010638,05:50,Crépuscule,971,97114,1,1,1,6.0,Route nationale 1 - rond-point,16.133086,-61.580531,05:50:00,2024-01-19
202400010639,08:01,,87,87050,2,3,1,3.0,LIMOGES (AVENUE DE),45.86358,1.23798,08:01:00,2024-12-31
202400010640,11:05,Plein jour,971,97111,2,1,7,7.0,La Coque,16.28587,-61.795371,11:05:00,2024-02-04
202400010641,11:30,Plein jour,29,29031,2,3,1,3.0,Boulevard des Plages,47.76961782,-3.56056711,11:30:00,2024-08-04
202400010642,20:00,Nuit sans éclairage,66,66208,1,1,1,2.0,Unknown,42.628428,2.94546247,20:00:00,2024-02-04
202400010643,19:58,,87,87085,2,3,5,4.0,LECLERC (AVENUE DU GENERAL),45.84213,1.25868,19:58:00,2024-12-30
202400010644,11:00,Plein jour,29,29163,1,3,1,2.0,Toul Yen,48.55322426,-3.83671669,11:00:00,2024-07-31
202400010645,20:35,,84,84007,2,1,1,7.0,PIERRE SEMARD (AVENUE),43.94311,4.8157,20:35:00,2024-12-30
202400010646,08:40,Plein jour,03,03254,2,1,1,6.0,Rue des Fossés,46.305661,3.288895,08:40:00,2024-08-07
202400010647,11:45,Plein jour,83,83071,1,1,1,3.0,D98,43.128066,6.209346,11:45:00,2024-02-05
202400010648,13:00,Plein jour,82,82033,1,1,8,7.0,Route des Fourrières,44.04253,1.13509,13:00:00,2024-12-31
202400010649,20:00,Nuit sans éclairage,06,06143,1,1,1,6.0,Route departementale 6202,43.942902,7.046283,20:00:00,2024-02-04
202400010650,17:15,Plein jour,03,03287,1,4,1,1.0,boucherolles,46.398316,3.178911,17:15:00,2024-08-06
202400010651,19:27,,80,80021,2,2,2,7.0,Rue Lucien Fournier,49.89428,2.28069,19:27:00,2024-12-30
202400010652,19:50,Nuit sans éclairage,70,70310,2,1,2,1.0,D64,47.679107,6.517972,19:50:00,2024-02-04
202400010653,08:00,Plein jour,01,01263,2,2,7,3.0,Avenue de Thiollet,46.07690487,4.76960599,08:00:00,2024-08-07
202400010654,17:35,Plein jour,70,70193,1,1,7,7.0,D227,47.323669,5.753703,17:35:00,2024-08-03
202400010655,01:55,,78,78502,2,1,1,6.0,VERSAILLES (ROUTE DE),48.87844,2.10828,01:55:00,2024-12-31
202400010656,10:00,Plein jour,67,67137,2,1,1,3.0,106 Rue du Général de Gaulle,48.489607,7.699359,10:00:00,2024-02-04
202400010657,09:50,Plein jour,58,58264,1,1,1,6.0,D978A,46.790658,3.150673,09:50:00,2024-08-07
202400010658,20:05,Nuit sans éclairage,63,63470,1,1,5,1.0,"D986, pied de la descente dite des chataigniers",45.86448423,3.04028189,20:05:00,2024-02-04
202400010659,13:15,Plein jour,06,06038,2,1,1,6.0,15 Route de Nice,43.680621,6.970686,13:15:00,2024-08-07
202400010660,23:20,Nuit sans éclairage,38,38148,1,1,1,1.0,Route du Michoud,45.618387,5.489465,23:20:00,2024-02-04
202400010661,19:05,,78,78172,2,3,1,6.0,CLEMENT (RUE DESIRE),49.00453,2.11538,19:05:00,2024-12-31
202400010662,11:45,Plein jour,06,06079,2,4,1,3.0,Avenue de Cannes,43.544712,6.938328,11:45:00,2024-08-02
202400010663,18:34,Nuit sans éclairage,38,38155,1,1,1,6.0,D102,45.403271,5.750978,18:34:00,2024-02-04
202400010664,13:40,Plein jour,09,09280,1,1,1,3.0,Lieu Dit Eychervidal,42.890166,1.485032,13:40:00,2024-02-04
202400010665,19:05,Plein jour,50,50410,1,3,1,1.0,16 Route de la Cote,48.616055,-1.488712,19:05:00,2024-08-07
202400010666,09:55,Plein jour,77,77018,2,1,8,6.0,PL DE L EUROPE,48.85016,2.81966,09:55:00,2024-12-31
202400010667,07:15,,09,09336,2,1,1,5.0,Rue du Tailleur,42.919832,1.831176,07:15:00,2024-02-04
202400010668,18:00,Crépuscule,09,09223,1,7,1,6.0,place de l'allée,42.867859,1.208015,18:00:00,2024-08-06
202400010669,19:10,,77,77131,2,1,2,2.0,MARNE (BOULEVARD DE LA),48.80492409,3.0920052,19:10:00,2024-12-30
202400010670,15:30,Plein jour,44,44047,1,1,1,1.0,45 Route de la Montagne,47.239123,-1.697763,15:30:00,2024-01-19
202400010671,09:05,Plein jour,76,76231,2,3,1,6.0,Rue de Rouen,49.29263,0.99621,09:05:00,2024-12-31
202400010672,19:20,Plein jour,60,60591,2,3,7,3.0,Route de Beauvais D 931,49.419656,1.98844,19:20:00,2024-08-05
202400010673,19:05,Nuit sans éclairage,62,62887,1,1,1,2.0,A16,50.593747,1.644114,19:05:00,2024-02-04
202400010674,19:50,,73,73065,2,3,1,6.0,MACHE (FAUBOURG),45.56543,5.91617,19:50:00,2024-12-31
202400010675,20:20,Plein jour,64,64391,1,1,1,1.0,Départementale 2 point repère 49+920,43.268253,-0.818058,20:20:00,2024-08-06
202400010676,19:15,,59,59035,2,9,2,1.0,Route de Landrecies,50.119162,3.927873,19:15:00,2024-02-04
202400010677,15:15,Plein jour,64,64488,1,1,1,1.0,d943,43.382283,-0.219727,15:15:00,2024-08-04
202400010678,17:50,,72,72181,2,2,1,1.0,CUGNOT NICOLAS (BD),47.98628,0.22504,17:50:00,2024-12-31
202400010679,13:45,Plein jour,16,16175,1,1,1,7.0,Unknown,45.467585,0.001528,13:45:00,2024-08-03
202400010680,12:20,Plein jour,13,13215,1,1,1,4.0,A7-Sens Marseille vers Lyon,43.366583,5.360759,12:20:00,2024-02-03
202400010681,07:30,,71,71270,2,3,5,6.0,PRUDHON (RUE),46.3026,4.8198,07:30:00,2024-12-31
202400010682,12:30,Plein jour,37,37028,1,1,1,7.0,Le Ruisseau,46.830141,0.98289,12:30:00,2024-08-06
202400010683,01:22,Nuit sans éclairage,13,13085,1,1,1,2.0,A50-Sens Aubagne vers Toulon,43.26139808,5.590988,01:22:00,2024-02-03
202400010684,19:05,Plein jour,30,30315,1,1,1,7.0,N100,43.950501,4.673309,19:05:00,2024-08-06
202400010685,07:35,Crépuscule,52,52298,1,1,8,6.0,D7,47.70739119,5.41299583,07:35:00,2024-08-01
202400010686,18:25,,69,69029,2,1,5,4.0,Route de Genas,45.74739,4.92296,18:25:00,2024-12-31
202400010687,19:10,Nuit sans éclairage,42,42307,1,1,1,2.0,A47,45.553965,4.682986,19:10:00,2024-02-03
202400010688,17:50,Plein jour,978,97801,2,1,1,6.0,N7,18.100002,-63.05661,17:50:00,2024-08-05
202400010689,14:56,Plein jour,69,69290,2,1,1,6.0,Rue Henri Maréchal,45.69400212,4.94108781,14:56:00,2024-12-31
202400010690,17:30,Plein jour,91,91340,1,1,1,2.0,AUTOROUTE A6,48.60533508,2.43611693,17:30:00,2024-02-04
202400010691,09:29,Plein jour,68,68376,2,1,7,6.0,SOULTZ(ROUTE DE),47.79629,7.31439,09:29:00,2024-12-31
202400010692,09:30,Plein jour,67,67389,1,1,1,3.0,M37,48.659309,7.757531,09:30:00,2024-08-06
202400010693,14:00,Plein jour,91,91689,1,1,1,6.0,AUTOROUTE A6,48.73019,2.3147,14:00:00,2024-02-04
202400010694,15:07,Plein jour,38,38464,1,1,1,7.0,A48 - PK 046+700 - Nord/sud,45.53844928,5.39242029,15:07:00,2024-08-07
202400010695,17:05,Plein jour,64,64024,2,3,1,3.0,EUGENE BERNAIN (AVENUE),43.48337,-1.51114,17:05:00,2024-12-30
202400010696,07:45,Crépuscule,91,91235,1,1,2,7.0,RN 104,48.62572,2.35308,07:45:00,2024-02-04
202400010697,14:50,Plein jour,95,95675,1,1,1,6.0,A1,49.06056057,2.55149228,14:50:00,2024-02-04
202400010698,09:35,Plein jour,62,62765,2,9,1,6.0,Rue de Wissocq,50.75043613,2.25420168,09:35:00,2024-12-26
202400010699,00:35,Nuit sans éclairage,93,93064,1,1,1,6.0,A86,48.87687,2.47754,00:35:00,2024-02-04
202400010700,11:43,Plein jour,30,30189,1,1,1,4.0,A9,43.827996,4.391802,11:43:00,2024-08-07
202400010701,09:15,Plein jour,62,62617,2,1,1,7.0,Rue Léon Blum,50.4761299,2.68872178,09:15:00,2024-12-31
202400010702,16:30,Plein jour,62,62895,2,1,1,6.0,Rue des Freres Buisine,50.49137797,2.8472507,16:30:00,2024-12-22
202400010703,14:30,Plein jour,93,93006,1,1,1,5.0,A3,48.86690246,2.42530059,14:30:00,2024-02-03
202400010704,07:50,Plein jour,17,17286,2,3,1,1.0,rouet départementale 101,46.245898,-1.494838,07:50:00,2024-08-05
202400010705,22:05,,61,61001,2,6,1,6.0,144 Avenue Rhin et Danube,48.418455,0.097284,22:05:00,2024-12-31
202400010706,18:15,Nuit avec éclairage,94,94028,1,1,2,3.0,A86,48.79815808,2.4447798,18:15:00,2024-02-03
202400010707,13:30,Plein jour,987,98735,1,1,1,7.0,PK 23.500,-17.51665944,-149.40830112,13:30:00,2024-08-03
202400010708,19:40,,59,59599,2,1,1,2.0,Avenue de la Marne,50.70981864,3.15312034,19:40:00,2024-12-31
202400010709,13:10,Plein jour,94,94069,1,1,1,5.0,A4,48.81719761,2.42988825,13:10:00,2024-02-02
202400010710,22:35,Nuit sans éclairage,13,13040,1,1,1,2.0,195 Route Departementale 6,43.479579,5.555443,22:35:00,2024-06-18
202400010711,11:50,Plein jour,59,59508,2,1,1,3.0,Boulevard d'Halluin,50.736192,3.132532,11:50:00,2024-12-31
202400010712,06:20,,75,75104,2,1,1,7.0,BOULEVARD BOURDON,48.850012,2.366914,06:20:00,2024-02-03
202400010713,22:15,,2B,2B168,1,1,1,3.0,Residence les Jardins de Monticello,42.620128,8.952286,22:15:00,2024-08-06
202400010714,14:30,Plein jour,974,97416,1,1,1,7.0,MAURICE THOREZ(CHEMIN),-21.27572,55.47019,14:30:00,2024-02-03
202400010715,02:00,,59,59512,2,2,2,6.0,Avenue Jean Jaurès,50.66984,3.15479,02:00:00,2024-12-31
202400010716,15:04,Plein jour,56,56121,2,6,1,3.0,Place de la Convention,47.75496,-3.39157,15:04:00,2024-12-30
202400010717,19:00,Plein jour,55,55049,1,2,1,3.0,D146,48.769626,5.061307,19:00:00,2024-08-06
202400010718,23:20,,972,97209,2,6,1,3.0,BISHOP (Avenue Maurice),14.60391,-61.06126,23:20:00,2024-02-02
202400010719,19:00,Plein jour,73,73249,1,1,1,7.0,D1006,45.52739029,5.99271441,19:00:00,2024-08-05
202400010720,20:35,,54,54395,2,1,1,3.0,Rue de la Hache,48.68805,6.18253,20:35:00,2024-12-31
202400010721,20:30,,95,95019,2,1,2,1.0,D208,48.98597798,2.41097431,20:30:00,2024-02-03
202400010722,15:44,Plein jour,42,42046,1,1,1,2.0,D8,45.635647,4.05477,15:44:00,2024-08-06
202400010723,17:39,,54,54547,2,2,1,6.0,Rue de Malines,48.66379413,6.17324352,17:39:00,2024-12-30
202400010724,13:00,Plein jour,95,95203,2,2,1,3.0,D928,48.99464963,2.27790842,13:00:00,2024-02-02
202400010725,08:20,Plein jour,54,54395,2,2,1,3.0,Rue Saint Dizier,48.68686603,6.18537918,08:20:00,2024-12-30
202400010726,21:20,Crépuscule,81,81219,1,2,1,3.0,Route Nationale 126,43.567422,1.94899,21:20:00,2024-08-06
202400010727,19:15,,95,95203,2,4,2,6.0,MARGENCY (ROUTE DE),48.995239,2.283453,19:15:00,2024-02-02
202400010728,12:15,Plein jour,65,65059,1,1,1,7.0,"RD 29, route de Lesponne, PR 007.500, lieu-dit LESPONNE",42.980281,0.10922,12:15:00,2024-07-29
202400010729,19:40,,51,51172,2,1,1,6.0,SALENGRO (RUE ROGER),49.22261,4.05314,19:40:00,2024-12-31
202400010730,13:15,Plein jour,31,31458,2,6,1,2.0,Allée de Fraixinet,43.511133,1.368104,13:15:00,2024-08-05
202400010731,14:25,Plein jour,51,51454,2,1,1,3.0,LAON (AVENUE) DU N° 51 A 217 ET DU N° 62,49.26776,4.02441,14:25:00,2024-12-31
202400010732,11:00,Plein jour,95,95555,2,3,1,3.0,D109,48.96435471,2.28265436,11:00:00,2024-02-02
202400010733,07:00,Nuit sans éclairage,51,51453,1,1,1,2.0,RN 44,49.000358,4.338144,07:00:00,2024-12-20
202400010734,10:45,Plein jour,87,87156,2,2,1,1.0,Chemin de Bellevue,45.874417,1.4053,10:45:00,2024-08-07
202400010735,12:10,Plein jour,91,91471,2,2,2,3.0,MONTJAY (AVENUE DE),48.68575,2.1838,12:10:00,2024-02-03
202400010736,14:00,Plein jour,49,49015,1,1,1,6.0,D775,47.49787,-0.62231,14:00:00,2024-12-31
202400010737,19:25,,91,91174,2,9,1,6.0, GENERAL DE GAULLE (AVENUE DU),48.61893,2.46225,19:25:00,2024-02-03
202400010738,18:00,Plein jour,40,40314,1,3,1,3.0,D6,43.675609,-1.098617,18:00:00,2024-08-06
202400010739,01:50,Nuit avec éclairage,45,45004,2,6,2,6.0,D93 PR 0 + 1,47.97546,2.74108,01:50:00,2024-12-31
202400010740,23:20,,84,84007,1,3,1,6.0,PIERRE SEMARD (avenue),43.933171,4.83313,23:20:00,2024-02-03
202400010741,01:45,,41,41018,2,1,8,6.0,BESNARD (QUAI ULYSSE),47.57325,1.31286,01:45:00,2024-12-31
202400010742,08:30,Plein jour,40,40114,1,1,1,5.0,D947,43.7868252,-1.07354011,08:30:00,2024-08-06
202400010743,14:25,Plein jour,84,84007,2,3,1,6.0,QUAI DE LA LIGNE (Boulevard du),43.95352,4.81165,14:25:00,2024-02-03
202400010744,10:00,Plein jour,37,37122,2,3,8,3.0,CHANTEPIE (RUE DE),47.35307,0.65945,10:00:00,2024-12-31
202400010745,10:00,Plein jour,33,33530,1,1,1,7.0,Unknown,45.110076,-0.535963,10:00:00,2024-08-06
202400010746,18:21,Nuit sans éclairage,80,80131,1,1,8,2.0,D934,49.84868355,2.41173506,18:21:00,2024-02-02
202400010747,15:29,Plein jour,33,33063,2,3,1,6.0,Unknown,44.85937,-0.55607,15:29:00,2024-12-31
202400010748,14:00,Plein jour,61,61203,1,1,8,6.0,Voie Communale,48.394758,0.016789,14:00:00,2024-08-03
202400010749,18:15,,33,33063,2,1,1,1.0,Unknown,44.82277,-0.60263,18:15:00,2024-12-30
202400010750,18:45,,76,76575,1,3,2,4.0,Boulevard Lénine,49.39362,1.1117,18:45:00,2024-02-03
202400010751,05:15,Nuit sans éclairage,56,56009,1,1,1,2.0,Route de l'Aérodrome,47.326007,-3.196265,05:15:00,2024-08-05
202400010752,19:15,Nuit sans éclairage,31,31555,2,1,5,1.0,AV DU GENERAL DE MONSABERT,43.56923,1.37349,19:15:00,2024-12-31
202400010753,05:45,,76,76540,2,1,2,1.0,Quai du Havre,49.43961044,1.08536661,05:45:00,2024-02-03
202400010754,13:50,Plein jour,26,26362,2,1,1,3.0,Avenue Georges Clemenceau,44.93658,4.89904,13:50:00,2024-12-31
202400010755,12:10,Plein jour,69,69266,2,1,1,5.0,217 Avenue Roger Salengro,45.78263,4.88953,12:10:00,2024-02-03
202400010756,12:42,Plein jour,19,19272,2,9,1,3.0,Lucien Sampeix (Av),45.25414,1.76368,12:42:00,2024-12-31
202400010757,09:30,Plein jour,69,69029,2,6,1,3.0,Avenue Camille Rousset,45.73481984,4.90545377,09:30:00,2024-02-03
202400010758,12:30,Plein jour,17,17300,2,1,8,6.0,MAUBEC   QUAI,46.15903,-1.14787,12:30:00,2024-12-31
202400010759,17:30,Crépuscule,67,67482,2,3,1,1.0,BECQUEREL (RUE),48.60556,7.71525,17:30:00,2024-02-03
202400010760,17:05,Crépuscule,15,15014,2,1,1,2.0,Chemin du Bousquet,44.90086,2.43931,17:05:00,2024-12-31
202400010761,14:00,Plein jour,64,64445,2,3,1,3.0,14 JUILLET DU,43.29267,-0.37804,14:00:00,2024-02-03
202400010762,07:30,,13,13211,2,1,1,3.0,PARETTE (PLACE DE LA),43.29431,5.42667,07:30:00,2024-12-31
202400010763,09:45,Plein jour,63,63063,2,9,1,6.0,GRILLON (RUE DU),45.8288503,3.09820622,09:45:00,2024-02-03
202400010764,15:00,Plein jour,13,13028,2,3,1,2.0,RIPERT (AVENUE EMILE),43.18707,5.61508,15:00:00,2024-12-30
202400010765,01:01,Nuit sans éclairage,62,62457,2,1,2,6.0,Avenue des Aeronautes,50.46379,2.54922,01:01:00,2024-02-03
202400010766,19:05,,62,62178,2,9,2,7.0,D841,50.49004042,2.56353115,19:05:00,2024-01-25
202400010767,14:20,Plein jour,12,12013,2,4,9,6.0,MYOSOTIS (AVENUE),44.53931,2.26583,14:20:00,2024-12-30
202400010768,08:10,Plein jour,59,59009,2,1,1,6.0,Avenue du Pont de Bois,50.62636,3.12943,08:10:00,2024-02-02
202400010769,17:30,Nuit sans éclairage,10,10362,2,1,1,2.0,D660,48.29859,4.01311,17:30:00,2024-12-30
202400010770,02:25,,56,56260,2,1,1,6.0,BECEL(AVENUE JEAN-MARIE),47.65608,-2.77357,02:25:00,2024-02-03
202400010771,11:14,Plein jour,10,10333,2,6,1,3.0,ROCADE OUEST (RD 610),48.27,4.0498,11:14:00,2024-12-30
202400010772,16:10,Plein jour,56,56260,2,1,1,7.0,Avenue du Président Wilson,47.66621,-2.75641,16:10:00,2024-01-30
202400010773,08:50,Crépuscule,10,10325,2,1,2,7.0,ROCADE OUEST (RD 610),48.26765,4.06217,08:50:00,2024-12-30
202400010774,10:50,Plein jour,49,49007,2,1,1,2.0,SAINT MICHEL BOULEVARD,47.47346,-0.54159,10:50:00,2024-02-03
202400010775,15:30,Plein jour,07,07281,2,1,1,2.0,MULETS (CHEMIN 1  DES),44.944,4.85599,15:30:00,2024-12-30
202400010776,14:55,Plein jour,45,45075,2,2,1,3.0,8 Rue de la Bredauche,47.88818,1.84171,14:55:00,2024-02-03
202400010777,16:00,Plein jour,06,06029,2,1,1,3.0,20 Rue Jean Jaurès,43.55368,7.02079,16:00:00,2024-12-31
202400010778,07:25,Crépuscule,06,06004,2,1,1,3.0,820 Route de Nice,43.6071382,7.123995,07:25:00,2024-12-31
202400010779,18:20,,44,44184,2,2,1,5.0,37 Boulevard de la Libération,47.28275,-2.20934,18:20:00,2024-02-03
202400010780,14:35,Plein jour,05,05061,2,3,1,1.0,Avenue d'Embrun,44.57250804,6.10815972,14:35:00,2024-12-30
202400010781,19:00,,42,42186,2,4,8,4.0,Avenue Charles de Gaulle,45.5249,4.6032,19:00:00,2024-02-03
202400010782,17:35,,05,05023,2,3,1,3.0,SERRE PAIX (RUE DU),44.90391416,6.62821054,17:35:00,2024-12-30
202400010783,22:15,,38,38185,2,1,1,1.0,TEISSEIRE (AVENUE),45.16989554,5.74136496,22:15:00,2024-02-03
202400010784,10:43,Plein jour,75,75114,2,1,1,2.0,BD PERIPHERIQUE INTERIEUR,48.824101,2.307761,10:43:00,2024-12-31
202400010785,08:05,,37,37261,2,2,2,3.0,SEBASTOPOL (RUE),47.38879,0.68466,08:05:00,2024-02-03
202400010786,01:40,,35,35238,2,1,1,6.0,VERN (DE),48.09518561,-1.6504346,01:40:00,2024-02-04
202400010787,11:05,Plein jour,75,75115,2,1,2,2.0,RUE D ALLERAY,48.836504,2.305522,11:05:00,2024-12-31
202400010788,13:55,Plein jour,75,75114,2,3,1,6.0,AVENUE DU GENERAL LECLERC,48.830798,2.329377,13:55:00,2024-12-30
202400010789,21:05,,35,35238,2,2,1,3.0,MANIEZ (AVENUE JULES),48.09871,-1.69449,21:05:00,2024-02-03
202400010790,19:40,Crépuscule,35,35238,1,1,1,2.0,ROCADE 1-2,48.11678,-1.7192,19:40:00,2024-02-03
202400010791,14:47,Plein jour,75,75108,2,2,2,3.0,RUE DE LISBONNE,48.877635,2.312555,14:47:00,2024-12-30
202400010792,23:15,,34,34172,2,7,1,3.0,MERMOZ (CARREFOUR),43.61033,3.89041,23:15:00,2024-02-03
202400010793,20:50,,94,94081,2,2,8,6.0,Avenue Lucien Français,48.78507531,2.38843102,20:50:00,2024-12-30
202400010794,19:00,Nuit avec éclairage,34,34172,2,1,1,2.0,MENDES FRANCE (AVENUE PRESIDENT PIERRE,43.60801,3.92996,19:00:00,2024-02-03
202400010795,20:25,,94,94046,2,3,1,3.0,Avenue du Général Leclerc,48.81007,2.43294,20:25:00,2024-12-31
202400010796,01:50,Nuit avec éclairage,34,34172,2,1,1,2.0,FABRE DE MORLHON (BOULEVARD JACQUES),43.59185,3.87838,01:50:00,2024-02-03
202400010797,16:05,Plein jour,94,94028,2,3,8,2.0,Rue Neuve,48.799889,2.452241,16:05:00,2024-12-31
202400010798,16:30,Plein jour,93,93048,2,1,1,6.0,CONVENTION (RUE DE LA),48.8630496,2.44246495,16:30:00,2024-12-31
202400010799,14:40,Plein jour,93,93005,2,3,1,2.0,Avenue Raoul Dufy / Rue Henri Matisse,48.95802048,2.5048392,14:40:00,2024-12-31
202400010800,21:40,,92,92063,2,1,1,2.0,BONAPARTE (AVENUE NAPOLEON) NORD,48.87235548,2.16284104,21:40:00,2024-12-22
202400010801,09:15,Plein jour,92,92062,2,3,1,3.0,PRESSENCE (RUE FRANCIS DE),48.87568675,2.23704368,09:15:00,2024-12-31
202400010802,10:40,Plein jour,92,92048,2,6,1,3.0,VAUGIRARD (ROUTE DE),48.82005381,2.24266134,10:40:00,2024-12-31
202400010803,12:58,Plein jour,92,92040,2,1,1,3.0,VICTOR CRESSON (AVENUE) DU 29 AU 77,48.82138553,2.26220906,12:58:00,2024-12-31
202400010804,18:30,,92,92025,2,1,1,6.0,GABRIEL PERI (RUE),48.91823553,2.2389464,18:30:00,2024-12-30
202400010805,12:30,Plein jour,92,92024,2,1,1,3.0,GENERAL ROGUET (RUE DU) DE (1 A 57)   (2,48.9091624,2.31293052,12:30:00,2024-12-31
202400010806,12:40,Plein jour,92,92023,2,1,1,2.0,GENERAL EISENHOWER (AVENUE),48.77679,2.23236,12:40:00,2024-12-31
202400010807,19:40,,974,97414,1,1,1,6.0,route nationale 1,-21.284446,55.393238,19:40:00,2024-12-31
202400010808,20:10,Nuit sans éclairage,51,51254,1,1,5,7.0,C2 La forestière,48.625307,3.679487,20:10:00,2024-12-31
202400010809,15:00,Plein jour,69,69006,1,1,9,7.0,Route de Joasson,45.97277,4.340436,15:00:00,2024-12-31
202400010810,23:00,Nuit sans éclairage,12,12206,1,1,1,6.0,D994,44.435408,2.261161,23:00:00,2024-12-31
202400010811,18:25,Nuit sans éclairage,12,12063,1,1,1,1.0,D809,44.017632,3.14312,18:25:00,2024-12-31
202400010812,13:00,Plein jour,06,06152,2,1,1,1.0,630 Route des Dolines,43.621716,7.038728,13:00:00,2024-12-31
202400010813,19:00,,68,68117,2,1,1,2.0,Rue du Muhlele,48.042458,7.176726,19:00:00,2024-12-31
202400010814,16:20,Plein jour,63,63213,1,3,5,1.0,D6,45.825383,3.223962,16:20:00,2024-12-31
202400010815,04:35,Nuit sans éclairage,54,54304,1,1,1,2.0,A33,48.68072304,6.1190629,04:35:00,2024-12-30
202400010816,02:35,Nuit sans éclairage,62,62186,1,1,2,7.0,A21,50.43489627,2.71511855,02:35:00,2024-12-28
202400010817,02:49,Nuit sans éclairage,59,59426,1,1,1,7.0,AUTOROUTE A22,50.76301,3.16121,02:49:00,2024-12-27
202400010818,22:00,Nuit sans éclairage,92,92036,1,1,1,2.0,AUTOROUTE A86,48.93340854,2.32131327,22:00:00,2024-12-30
202400010819,10:00,Plein jour,95,95277,1,1,1,6.0,A104,48.97522,2.49115,10:00:00,2024-12-30
202400010820,23:05,Nuit sans éclairage,77,77294,1,1,1,2.0,A104,48.96454041,2.61065613,23:05:00,2024-12-30
202400010821,10:55,Plein jour,77,77337,1,1,2,2.0,RN104,48.82814833,2.61805928,10:55:00,2024-12-30
202400010822,13:50,Plein jour,974,97411,2,3,1,3.0,MAYOTTE (RUE DE),-20.90376,55.49444,13:50:00,2024-12-30
202400010823,06:25,Plein jour,974,97411,2,1,1,6.0,JAURES (BLD 2 JEAN),-20.90004,55.48231,06:25:00,2024-12-30
202400010824,21:50,,974,97409,2,9,1,3.0,canal moreau (chemin),-20.97226,55.66748,21:50:00,2024-12-30
202400010825,14:30,Plein jour,973,97302,2,1,3,7.0,TIGRE (ROUTE DU),4.91013,-52.30831,14:30:00,2024-12-30