Num_Acc,hrmn,lum,dep,com,agg,int,atm,col,adr,lat,long,heure,date
202400010826,19:15,,972,97209,2,9,1,3.0,MARTIN LUTHER KING (RUE),14.6064,-61.07551,19:15:00,2024-12-28
202400010827,00:35,,69,69142,1,1,1,2.0,Route de Métropole 7,45.73022,4.81532,00:35:00,2024-12-30
202400010828,17:47,,2A,2A004,2,1,1,6.0,5 Boulevard Albert 1er,41.91326,8.72733,17:47:00,2024-12-30
202400010829,12:55,Plein jour,91,91657,2,1,1,6.0,AV HENRI BARBUSSE,48.702779,2.429065,12:55:00,2024-12-29
202400010830,00:50,,91,91657,2,1,1,6.0,RUE PIERRE SEMARD,48.69626,2.43379,00:50:00,2024-12-29
202400010831,19:20,,91,91687,2,3,1,1.0,GRIBELETTE (AVENUE DE LA),48.64743,2.36392,19:20:00,2024-12-30
202400010832,14:31,Plein jour,87,87065,2,3,1,3.0,TOULOUSE (RUE DE),45.79829,1.29561,14:31:00,2024-12-28
202400010833,18:07,,78,78238,2,1,1,6.0,RENAULT (ROUTE DE),48.96639,1.86552,18:07:00,2024-12-30
202400010834,08:00,Plein jour,2A,2A006,1,1,1,1.0,3725 La Tuscia,41.972533,8.77961,08:00:00,2024-06-01
202400010835,17:30,Plein jour,65,65017,1,9,1,3.0,D173,42.748935,0.191016,17:30:00,2024-06-02
202400010836,11:00,Plein jour,63,63381,1,1,5,6.0,D943,45.860428,2.967231,11:00:00,2024-06-03
202400010837,11:20,Plein jour,42,42092,1,1,5,1.0,Route des Brossettes,45.50137815,4.38618749,11:20:00,2024-06-03
202400010838,16:10,Plein jour,41,41241,1,2,1,3.0,Route du Sous-préfet,47.435096,1.907943,16:10:00,2024-06-03
202400010839,06:20,Crépuscule,41,41002,1,1,2,7.0,D976,47.334257,1.235576,06:20:00,2024-06-02
202400010840,20:10,Crépuscule,39,39367,1,1,3,1.0,Unknown,46.559556,6.008065,20:10:00,2024-06-02
202400010841,16:45,Plein jour,25,25459,2,1,2,7.0,2 Rue de la Charrière Blanche,46.837151,6.281359,16:45:00,2024-06-02
202400010842,05:40,Nuit sans éclairage,31,31517,2,1,3,6.0,departementale 4,43.32618711,1.32233977,05:40:00,2024-02-16
202400010843,18:45,Crépuscule,15,15069,1,1,2,3.0,RN 122,45.171434,3.041303,18:45:00,2024-06-02
202400010844,16:10,Plein jour,15,15192,1,1,1,6.0,RD 317 ,45.051097,2.707019,16:10:00,2024-06-03
202400010845,17:25,Plein jour,26,26086,1,1,1,3.0,Route de Die,44.68694,5.462683,17:25:00,2024-06-02
202400010846,17:00,Plein jour,58,58095,2,1,1,6.0,14 Impasse de la Condamine,46.826978,3.450112,17:00:00,2024-06-02
202400010847,04:00,Nuit sans éclairage,58,58046,1,1,1,6.0,Route de Fours,46.844661,3.656277,04:00:00,2024-06-03
202400010848,14:00,Plein jour,06,06089,1,1,1,6.0,5 Route de Chateauneuf,43.6703899,6.9836245,14:00:00,2024-06-03
202400010849,20:45,Plein jour,14,14165,1,1,1,6.0,D208,49.340713,-0.868177,20:45:00,2024-06-02
202400010850,00:10,Nuit avec éclairage,14,14480,2,3,1,2.0,2 Rue de Saint-Clément,49.327071,-1.083183,00:10:00,2024-06-02
202400010851,16:45,Plein jour,50,50350,1,1,1,1.0,La Vionniere,49.034851,-1.325548,16:45:00,2024-06-03
202400010852,10:30,Plein jour,50,50084,1,1,1,2.0,Route départementale 971,49.04502,-1.466042,10:30:00,2024-06-02
202400010853,16:30,Plein jour,50,50412,1,1,1,7.0,Hameau Bosqueville,49.353728,-1.697774,16:30:00,2024-06-02
202400010854,08:05,Crépuscule,60,60509,2,6,1,6.0,Rue Voltaire,49.307841,2.606777,08:05:00,2024-06-03
202400010855,12:30,Plein jour,18,18075,1,1,1,7.0,Unknown,47.017771,3.033772,12:30:00,2024-06-03
202400010856,08:00,Plein jour,16,16280,2,6,1,2.0,Unknown,45.75238,0.352947,08:00:00,2024-06-03
202400010857,17:31,Plein jour,07,07172,1,1,1,3.0,D820,45.280526,4.723983,17:31:00,2024-06-03
202400010858,12:00,Plein jour,40,40243,1,1,1,3.0,644 Avenue de Saint Vincent de Paul,43.931574,-0.933001,12:00:00,2024-06-02
202400010859,03:00,Nuit sans éclairage,40,40265,1,1,1,6.0,D35,43.994158,-0.127813,03:00:00,2024-06-02
202400010860,16:25,Plein jour,30,30036,1,2,1,3.0,N113,43.773976,4.284647,16:25:00,2024-06-03
202400010861,12:50,Plein jour,31,31091,1,9,1,6.0,A 62 péage Saint Jory,43.71880526,1.40122542,12:50:00,2024-06-03
202400010862,11:30,Plein jour,987,98738,2,3,1,3.0,RT1 PK 12+300 SENS PAEA/PAPEETE,-17.618,-149.549,11:30:00,2024-06-02
202400010863,10:00,Plein jour,01,01331,1,1,2,6.0,A40 132+180,46.11458,5.473613,10:00:00,2024-06-02
202400010864,18:25,Plein jour,69,69244,2,1,2,3.0,40 Route de Paris,45.76603,4.765298,18:25:00,2024-06-02
202400010865,08:36,Plein jour,13,13025,1,1,1,2.0,"A8, PK 028.200, sens Nice-Lyon",43.48574166,5.53350136,08:36:00,2024-06-03
202400010866,03:25,Nuit sans éclairage,27,27701,1,1,1,6.0,A13,49.240059,1.195686,03:25:00,2024-06-03
202400010867,13:35,Plein jour,13,13103,1,1,1,1.0,A54-PK 072.000 - SENS EST OUEST,43.626788,5.121136,13:35:00,2024-06-03
202400010868,16:05,Plein jour,972,97224,2,1,2,1.0,Chemin Seailles Cark,14.675819,-61.042035,16:05:00,2024-06-02
202400010869,00:30,Nuit sans éclairage,34,34209,1,1,1,7.0,D37 - PK43+100,43.293278,3.360336,00:30:00,2024-06-03
202400010870,14:00,Plein jour,38,38320,2,1,2,6.0,737 RUE Chamboud,45.82793,5.426254,14:00:00,2024-06-02
202400010871,10:40,Plein jour,07,07235,1,4,2,1.0,pk FS D116,44.82396586,4.19426372,10:40:00,2024-06-02
202400010872,15:55,Plein jour,86,86104,1,1,8,6.0,D35,46.119918,0.323331,15:55:00,2024-06-02
202400010873,10:45,Plein jour,85,85071,1,6,1,3.0,RD32,46.751753,-1.86997,10:45:00,2024-05-30
202400010874,16:25,Plein jour,14,14609,1,3,1,5.0,Route de Littry,49.267847,-0.738482,16:25:00,2024-06-03
202400010875,19:25,Plein jour,76,76728,2,1,8,1.0,D43,49.485266,1.011783,19:25:00,2024-06-01
202400010876,19:20,Plein jour,60,60282,2,1,1,1.0,48 Rue de Lamorlaye,49.179875,2.418555,19:20:00,2024-06-03
202400010877,17:15,Plein jour,80,80442,1,1,1,1.0,D930,49.740883,3.022777,17:15:00,2024-06-03
202400010878,12:10,Plein jour,59,59252,1,2,1,3.0,Chemin de la Quennerie,50.716203,2.93969,12:10:00,2024-06-03
202400010879,12:55,Plein jour,13,13071,1,1,1,4.0,A7-Sens Marseille vers Lyon,43.41309,5.28116,12:55:00,2024-05-31
202400010880,01:50,Nuit sans éclairage,13,13106,1,1,1,2.0,A7-Sens Lyon vers Marseille,43.38298612,5.35139202,01:50:00,2024-06-02
202400010881,16:05,Plein jour,77,77291,1,1,1,1.0,D212,49.01485,2.58875,16:05:00,2024-10-16
202400010882,17:50,Plein jour,67,67152,1,1,1,3.0,Route Nationale 83,48.5284,7.69418,17:50:00,2024-05-28
202400010883,21:10,Nuit sans éclairage,77,77374,1,1,2,7.0,D21,48.79604,2.7167,21:10:00,2024-10-17
202400010884,21:00,Crépuscule,92,92072,1,1,2,7.0,N118,48.82490955,2.22113968,21:00:00,2024-06-01
202400010885,16:34,Plein jour,93,93007,1,1,1,3.0,A3,48.92635915,2.48128763,16:34:00,2024-06-02
202400010886,20:00,,77,77284,2,1,1,3.0,D603,48.9568,2.91699,20:00:00,2024-10-17
202400010887,14:40,Plein jour,95,95306,1,1,1,4.0,A15,49.00640579,2.16383247,14:40:00,2024-06-02
202400010888,14:15,Plein jour,95,95488,1,1,1,6.0,A15,49.02486562,2.13226004,14:15:00,2024-06-02
202400010889,09:00,Plein jour,77,77276,1,3,1,3.0,D436A,48.92709,2.87936,09:00:00,2024-10-17
202400010890,21:50,Nuit avec éclairage,93,93063,1,1,1,3.0,A3,48.87844318,2.44713993,21:50:00,2024-06-01
202400010891,09:30,Plein jour,77,77335,1,1,1,3.0,N3,48.95898335,2.8299577,09:30:00,2024-10-17
202400010892,02:00,,94,94052,1,1,1,2.0,A86,48.8433103,2.49314406,02:00:00,2024-06-02
202400010893,21:45,Nuit sans éclairage,77,77468,1,9,2,6.0,A4,48.83244993,2.66426256,21:45:00,2024-06-01
202400010894,07:57,Plein jour,77,77131,2,4,1,3.0,D934,48.79997,3.08762,07:57:00,2024-10-17
202400010895,05:04,Plein jour,44,44109,2,1,1,6.0,10 Rue Recteur Schmitt,47.25070057,-1.55115587,05:04:00,2024-04-04
202400010896,17:45,Plein jour,44,44109,2,7,8,7.0,Place Emile Zola,47.2136184,-1.58704101,17:45:00,2024-04-04
202400010897,08:00,Crépuscule,76,76451,2,2,2,6.0,Place des Coquets,49.4626,1.08175,08:00:00,2024-10-17
202400010898,16:34,Plein jour,44,44109,2,2,8,2.0,46 Rue de Strasbourg,47.21966092,-1.55428762,16:34:00,2024-04-03
202400010899,14:11,Plein jour,44,44162,2,1,8,6.0,Boulevard Charles Gauthier,47.22183149,-1.60659249,14:11:00,2024-04-01
202400010900,14:10,Plein jour,76,76351,2,1,1,7.0,GOBELINS (DES),49.49767,0.10418,14:10:00,2024-10-17
202400010901,13:57,Plein jour,44,44109,2,1,8,3.0,159 Boulevard Jules Verne,47.2434338,-1.52714968,13:57:00,2024-04-01
202400010902,14:20,Plein jour,76,76351,2,3,1,6.0,GLYCINES (DES),49.50656,0.15721,14:20:00,2024-10-16
202400010903,01:45,Nuit avec éclairage,29,29019,2,6,2,6.0,avenue Salaun Penquer,48.3829,-4.48771,01:45:00,2024-03-31
202400010904,08:00,Plein jour,76,76351,2,2,1,3.0,MARYSE BASTIE,49.52425,0.09687,08:00:00,2024-10-15
202400010905,18:01,Crépuscule,84,84031,2,3,1,3.0,LUNEL ARMAND,44.05191,5.05572,18:01:00,2024-01-29
202400010906,08:10,Crépuscule,74,74118,2,1,3,6.0,18 AOUT (RUE DU),46.16626,6.189,08:10:00,2024-10-17
202400010907,10:00,Plein jour,84,84031,2,1,1,6.0,NAQUET BOULEVARD ALFRED,44.05241,5.04151,10:00:00,2024-01-26
202400010908,19:30,Crépuscule,84,84031,2,1,1,2.0,SAINT ROCH AVENUE,44.06396,5.04902,19:30:00,2024-01-16
202400010909,15:55,Plein jour,62,62139,1,1,7,3.0,D210,50.70856125,2.25376654,15:55:00,2024-02-17
202400010910,17:50,Plein jour,71,71306,2,2,1,1.0,CLUNY (RUE DE),46.67416,4.37239,17:50:00,2024-10-17
202400010911,18:37,Crépuscule,62,62040,2,1,1,6.0,D210,50.73350437,2.2975827,18:37:00,2024-02-22
202400010912,04:20,,71,71306,2,1,1,6.0,MAUGRAND (BLD DE LA),46.67746,4.35879,04:20:00,2024-10-17
202400010913,17:00,Crépuscule,62,62765,2,3,1,1.0,rue de Thérouanne,50.74638,2.26164,17:00:00,2024-02-05
202400010914,08:30,Plein jour,69,69266,2,2,3,6.0,Avenue Auguste Blanqui,45.76182,4.88476,08:30:00,2024-10-17
202400010915,18:05,Crépuscule,74,74082,2,9,8,5.0,Route d'annecy,46.141374,6.13625,18:05:00,2024-03-05
202400010916,10:20,Plein jour,69,69264,2,9,2,6.0,Avenue Theodore Braun,45.97792,4.73891,10:20:00,2024-10-16
202400010917,16:12,Plein jour,69,69276,2,1,1,6.0,51 Route de Vienne,45.67156,4.86,16:12:00,2024-10-16
202400010918,14:25,Plein jour,974,97411,2,7,1,3.0,LATTRE DE TASSIGNY (AVENUE MARECHAL DE),-20.88638,55.4698,14:25:00,2024-06-01
202400010919,10:50,Plein jour,68,68066,2,6,1,3.0,Avenue de l'Europe,48.0783,7.33303,10:50:00,2024-10-17
202400010920,19:10,Nuit sans éclairage,973,97302,2,3,1,3.0,MERE THERESA (rue),4.92210218,-52.312592,19:10:00,2024-06-01
202400010921,18:20,Crépuscule,67,67043,2,2,1,3.0,TROIS MAIRES (RUE DES),48.62997,7.77649,18:20:00,2024-10-17
202400010922,12:00,Plein jour,69,69388,2,1,1,3.0,Avenue Jean Mermoz,45.7331861,4.87964138,12:00:00,2024-06-01
202400010923,13:55,Plein jour,67,67267,2,1,1,2.0,MARECHAL FOCH (RUE DU),48.55955,7.69054,13:55:00,2024-10-17
202400010924,04:05,,69,69386,2,3,1,3.0,Rue Garibaldi,45.76569,4.85117,04:05:00,2024-06-01
202400010925,17:45,Plein jour,66,66136,2,3,1,3.0,JUIN (AVENUE DU MARECHAL),42.68764,2.89976,17:45:00,2024-10-16
202400010926,17:00,Plein jour,69,69383,2,1,1,3.0,Avenue Lacassagne,45.75274,4.86965,17:00:00,2024-05-31
202400010927,16:45,Plein jour,66,66136,2,1,1,6.0,KOENING Bd,42.68636,2.90639,16:45:00,2024-10-16
202400010928,02:30,,2B,2B033,1,3,1,2.0,11 - RT,42.66867,9.44368,02:30:00,2024-06-01
202400010929,12:40,Plein jour,64,64260,2,3,1,6.0,PELLOT (RUE),43.35904,-1.77169,12:40:00,2024-10-16
202400010930,11:30,Plein jour,971,97113,2,1,1,1.0,RN4 - SECTION RIVIERA,16.20991,-61.4723,11:30:00,2024-06-01
202400010931,18:30,Plein jour,64,64102,2,1,1,3.0,HENRI DE NAVARRE (AVENUE),43.49771,-1.44937,18:30:00,2024-10-16
202400010932,18:58,Plein jour,2A,2A004,2,1,1,6.0,#55 Cours Napoléon#,41.9245,8.73798,18:58:00,2024-06-01
202400010933,17:43,Plein jour,2A,2A004,2,3,1,3.0,SAMPIERO BD,41.92421,8.73907,17:43:00,2024-05-31
202400010934,08:30,Plein jour,60,60159,2,3,1,3.0,Boulevard des États-Unis,49.40691,2.8301,08:30:00,2024-10-11
202400010935,20:00,Plein jour,95,95277,2,3,1,3.0,SAINT NICOLAS (RUE),48.98551664,2.44697928,20:00:00,2024-06-01
202400010936,15:00,Plein jour,95,95203,2,1,2,3.0,RASPAIL (RUE),48.99398,2.26849,15:00:00,2024-06-01
202400010937,13:30,Plein jour,59,59599,2,1,2,1.0,CANAL (RUE DU),50.70481,3.15871,13:30:00,2024-10-17
202400010938,01:07,,84,84007,2,3,1,3.0,RHONE (Boulevard du ),43.95109,4.80266,01:07:00,2024-06-02
202400010939,17:00,Plein jour,59,59220,2,9,1,3.0,CARNOT RUE,50.60831,3.06559,17:00:00,2024-09-15
202400010940,22:45,,83,83137,1,1,1,1.0,PICOT (AVE DU COLONEL),43.13469674,5.97737896,22:45:00,2024-06-01
202400010941,05:45,,59,59431,1,1,2,6.0,MEUNIERS (RUE DES),50.71,2.81027,05:45:00,2024-10-17
202400010942,14:10,Plein jour,82,82033,1,3,1,3.0,Chemin du Riou-Tord,44.073337,1.138684,14:10:00,2024-06-01
202400010943,08:20,Crépuscule,56,56260,2,1,8,6.0,Avenue de Verdun,47.65867,-2.74793,08:20:00,2024-10-17
202400010944,21:05,Crépuscule,78,78440,2,1,1,3.0,PAUL RAOULT (AVENUE),48.986,1.91215,21:05:00,2024-06-01
202400010945,18:35,,54,54357,2,6,1,3.0,Rue Lafayette,48.71077,6.17263,18:35:00,2024-10-16
202400010946,22:20,,78,78168,2,9,2,6.0,Route nationale 10,48.74898,1.92582,22:20:00,2024-06-01
202400010947,11:00,Plein jour,54,54395,2,6,1,6.0,Rue Saint Nicolas,48.68715,6.18854,11:00:00,2024-10-16
202400010948,16:05,Plein jour,77,77284,2,1,2,2.0,Boulevard Charcot,48.9468,2.90479,16:05:00,2024-06-01
202400010949,21:10,,51,51454,2,9,1,3.0,Rond-point Marguerite Boutigny,49.2268,4.02493,21:10:00,2024-10-16
202400010950,19:46,Plein jour,69,69259,2,2,1,1.0,Rue des Martyrs de la Résistance,45.69245,4.873,19:46:00,2024-06-01
202400010951,13:25,Plein jour,51,51454,2,2,1,3.0,SALENGRO (RUE ROGER),49.27346,4.02397,13:25:00,2024-10-16
202400010952,17:20,Plein jour,67,67482,2,3,2,3.0,SAINT JEAN (QUAI),48.58455,7.74075,17:20:00,2024-06-01
202400010953,16:30,Plein jour,64,64445,2,1,1,3.0,OLOF PALME,43.33957,-0.37765,16:30:00,2024-06-01
202400010954,16:15,Plein jour,50,50129,2,3,3,3.0,FERRY (RUE JULES),49.61291,-1.65095,16:15:00,2024-10-16
202400010955,00:10,Nuit sans éclairage,64,64102,2,2,1,2.0,BAB (Boulevard),43.49814525,-1.49078655,00:10:00,2024-06-01
202400010956,12:25,Plein jour,62,62826,2,3,2,3.0,Avenue de Picardie,50.51232276,1.61593705,12:25:00,2024-05-31
202400010957,12:40,Plein jour,50,50129,2,3,1,2.0,NORMANDIE (AVENUE DE),49.62679,-1.63452,12:40:00,2024-10-14
202400010958,00:20,Nuit sans éclairage,62,62510,1,1,2,3.0,D58,50.43418,2.75229,00:20:00,2024-06-01
202400010959,13:40,Plein jour,49,49246,1,1,2,2.0,ROUTE DE POUILLE,47.4338,-0.53628,13:40:00,2024-10-16
202400010960,18:09,Plein jour,54,54431,2,1,1,2.0,Avenue Camille Cavallier,48.894965,6.052139,18:09:00,2024-05-27
202400010961,13:00,Plein jour,54,54525,1,1,1,1.0,D26C,49.467237,5.889585,13:00:00,2024-05-31
202400010962,10:53,Plein jour,49,49007,2,2,1,6.0,RENNES,47.47657,-0.54967,10:53:00,2024-10-16
202400010963,11:50,Plein jour,54,54099,1,1,1,2.0,D146,49.262,5.931,11:50:00,2024-06-01
202400010964,19:06,,48,48095,2,1,2,7.0,FOCH (AVENUE),44.51788,3.4955,19:06:00,2024-10-17
202400010965,10:50,Plein jour,51,51474,2,1,1,6.0,SORBON (RUE),49.266976,3.990732,10:50:00,2024-06-01
202400010966,14:00,Plein jour,50,50147,1,9,1,4.0,ROCADE NORD,49.06926,-1.43076,14:00:00,2024-05-29
202400010967,12:45,Plein jour,47,47001,2,1,3,2.0,CUVIER (AV. GEORGES),44.1963,0.633,12:45:00,2024-10-17
202400010968,18:00,Plein jour,45,45338,1,1,2,1.0,D961 PR 0 + 3383,47.989,2.696,18:00:00,2024-06-01
202400010969,20:00,,44,44184,2,3,1,3.0,11 Avenue François Mitterrand,47.2704,-2.2248,20:00:00,2024-10-17
202400010970,18:44,,38,38185,2,3,3,1.0,COURS BERRIAT,45.18886,5.70582,18:44:00,2024-10-17
202400010971,18:45,Plein jour,45,45208,2,3,2,5.0,97 Rue André Coquillet,47.988914,2.732408,18:45:00,2024-05-31
202400010972,18:43,Plein jour,45,45208,1,2,2,3.0,14 Avenue Louis-Maurice Chautemps,48.005417,2.744353,18:43:00,2024-05-31
202400010973,17:00,Plein jour,38,38053,2,3,1,3.0,Boulevard Vincent Scotto,45.60378,5.26673,17:00:00,2024-10-16
202400010974,18:15,Plein jour,45,45004,1,9,2,6.0,D2060 PR 28 + 335,47.97026,2.73386,18:15:00,2024-05-31
202400010975,11:00,Plein jour,43,43157,2,1,1,6.0,Allee des Portes Occitanes,45.02485,3.88281,11:00:00,2024-06-01
202400010976,18:21,Plein jour,37,37261,2,2,1,3.0,CHEVALLIER (RUE AUGUSTE),47.37975693,0.67981571,18:21:00,2024-09-18
202400010977,06:10,,37,37261,2,2,2,3.0,MIRABEAU (PONT),47.39756,0.6994,06:10:00,2024-10-17
202400010978,22:54,Nuit avec éclairage,42,42044,2,1,1,1.0,Boulevard d’Auvergne,45.39452,4.3231,22:54:00,2024-06-01
202400010979,08:00,Plein jour,37,37233,2,6,1,3.0,ARC EN CIEL ( ROND POINT DE L'),47.39218,0.72532,08:00:00,2024-10-16
202400010980,12:25,Plein jour,38,38185,2,9,8,6.0,GENERAL FERRIE (RUE),45.1773,5.72435,12:25:00,2024-06-01
202400010981,09:20,Plein jour,34,34108,2,6,1,3.0,DE GAULE GENERAL (AVENUE DU),43.44682,3.75386,09:20:00,2024-05-13
202400010982,06:55,,37,37233,2,6,8,3.0,GRANDS MORTIERS (RUE DES),47.38225,0.7306,06:55:00,2024-10-16
202400010983,16:45,Plein jour,34,34301,2,1,1,3.0,DURAND GENERAL (QUAI),43.40128,3.69696,16:45:00,2024-05-05
202400010984,14:20,Plein jour,34,34172,2,1,1,6.0,ORIENT (BOULEVARD D'),43.60368,3.88969,14:20:00,2024-10-16
202400010985,23:18,,31,31555,2,1,1,6.0,RTE D AGDE,43.6249186,1.47498697,23:18:00,2024-06-01
202400010986,15:25,Plein jour,31,31555,2,1,1,6.0,RUE LOUISE WEISS,43.64034,1.45338,15:25:00,2024-06-01
202400010987,12:18,Plein jour,34,34032,2,2,1,7.0,VERDIER PIERRE (AV),43.34479,3.23404,12:18:00,2024-10-16
202400010988,09:54,Plein jour,31,31555,2,1,1,6.0,Rue de la Verge d'Or,43.610576,1.439942,09:54:00,2024-06-01
202400010989,08:10,Crépuscule,33,33200,2,1,3,3.0,Unknown,44.87968,-0.68425,08:10:00,2024-10-17
202400010990,23:15,,28,28085,2,1,1,3.0,D823,48.45497,1.53008,23:15:00,2024-06-01
202400010991,01:10,,31,31555,2,1,1,7.0,AV JEAN ZAY,43.64787529,1.43679231,01:10:00,2024-10-17
202400010992,10:30,Plein jour,26,26362,1,1,1,7.0,Avenue Docteur Paul Santy,44.91523,4.90806,10:30:00,2024-06-01
202400010993,17:40,Plein jour,17,17415,1,1,1,7.0,Route Nationale 150,45.71421,-0.67058,17:40:00,2024-06-01
202400010994,18:35,Plein jour,29,29019,2,2,2,3.0,rue Camille Pelletan,48.402056,-4.494537,18:35:00,2024-10-16
202400010995,05:50,,17,17415,2,1,1,2.0,APOTRES DE LA LIBERTE COURS DES,45.74071,-0.64162,05:50:00,2024-06-01
202400010996,08:30,Plein jour,29,29019,2,1,2,6.0,place de Strasbourg,48.402741,-4.466468,08:30:00,2024-10-16
202400010997,22:30,,13,13210,2,1,1,2.0,CAPELETTE (AVENUE DE LA),43.27911,5.41349,22:30:00,2024-06-01
202400010998,19:30,Plein jour,13,13208,2,2,1,3.0,VOLUBILIS (bd des),43.2479,5.38378,19:30:00,2024-06-01
202400010999,08:45,Plein jour,19,19031,2,1,3,6.0,ROLLAND (RUE ROMAIN) A PARTIR DE N° 88 ,45.15975,1.51383,08:45:00,2024-10-17
202400011000,13:52,Plein jour,13,13211,2,1,1,3.0,SAINT LOUP (BOULEVARD DE),43.28424,5.436,13:52:00,2024-06-01
202400011001,15:50,Plein jour,14,14437,1,1,1,2.0,N814,49.1817,-0.32502,15:50:00,2024-10-14
202400011002,02:20,,13,13211,2,1,1,3.0,CARTONNERIE (BOULEVARD DE LA ),43.29204,5.45978,02:20:00,2024-06-01
202400011003,12:12,Plein jour,11,11262,2,6,1,6.0,Unknown,43.1813,3.0295,12:12:00,2024-06-01
202400011004,17:10,Plein jour,13,13212,2,9,1,1.0,AIGUILLETTE (RUE DE L'),43.31,5.42,17:10:00,2024-10-17
202400011005,10:39,Plein jour,11,11262,2,9,1,6.0,Unknown,43.174942,3.026972,10:39:00,2024-06-01
202400011006,13:54,Plein jour,13,13210,2,1,1,2.0,TOULON (AVENUE DE),43.28405,5.39578,13:54:00,2024-10-17
202400011007,17:55,Plein jour,11,11069,1,2,1,3.0,ROCADE SUD RD 6161,43.20414,2.38642,17:55:00,2024-05-31
202400011008,17:50,Plein jour,13,13214,2,1,1,3.0,PLOMBIERES (BOULEVARD DES),43.31704737,5.38180578,17:50:00,2024-10-16
202400011009,13:49,Plein jour,01,01053,2,2,8,3.0,ALSACE LORRAINE (AVENUE ),46.20196,5.22095,13:49:00,2024-06-01
202400011010,15:57,Plein jour,10,10387,2,1,1,3.0,CHARMILLES (MAIL DES),48.2953,4.0844,15:57:00,2024-10-16
202400011011,18:15,Crépuscule,75,75118,2,1,2,3.0,BD PERIPHERIQUE INTERIEUR,48.900758,2.337189,18:15:00,2024-06-01
202400011012,14:50,Plein jour,75,75105,2,2,2,3.0,QUAI DE LA TOURNELLE,48.851126,2.351305,14:50:00,2024-06-01
202400011013,07:35,Crépuscule,03,03310,2,2,1,3.0,Boulevard Denière,46.1273,3.43421,07:35:00,2024-10-17
202400011014,12:00,Plein jour,75,75117,2,3,1,6.0,BOULEVARD DE COURCELLES,48.879034,2.302358,12:00:00,2024-06-01
202400011015,16:40,Plein jour,03,03190,2,1,1,6.0,Rue Edmond Bourges,46.5609,3.3184,16:40:00,2024-10-16
202400011016,15:45,Plein jour,75,75115,2,1,2,3.0,RUE DE LA CONVENTION,48.842626,2.284582,15:45:00,2024-06-01
202400011017,08:10,Plein jour,75,75113,2,1,1,2.0,BD PERIPHERIQUE INTERIEUR,48.817522,2.349559,08:10:00,2024-10-17
202400011018,02:51,,75,75115,2,2,1,3.0,RUE DE VAUGIRARD,48.84286,2.31238,02:51:00,2024-06-01
202400011019,09:23,Plein jour,75,75112,2,1,1,3.0,BD PERIPHERIQUE EXTERIEUR,48.82759547,2.39349067,09:23:00,2024-10-17
202400011020,17:15,Plein jour,75,75114,2,5,1,3.0,RUE LIARD,48.82136,2.342568,17:15:00,2024-05-31
202400011021,18:25,Crépuscule,75,75114,2,1,1,3.0,BD PERIPHERIQUE INTERIEUR,48.820099,2.325741,18:25:00,2024-10-16
202400011022,12:45,Plein jour,75,75113,2,1,2,6.0,AVENUE D IVRY,48.822036,2.36832,12:45:00,2024-06-01
202400011023,12:50,Plein jour,75,75106,2,1,2,6.0,BOULEVARD DU MONTPARNASSE,48.843576,2.325046,12:50:00,2024-10-17
202400011024,15:25,Plein jour,75,75120,2,2,1,3.0,RUE DES FRERES FLAVIEN,48.876801,2.411995,15:25:00,2024-10-16
202400011025,15:00,Plein jour,75,75112,2,2,2,6.0,AVENUE DU DOCTEUR ARNOLD NETTER,48.847151,2.406263,15:00:00,2024-06-01
202400011026,13:10,Plein jour,75,75120,2,3,1,6.0,RUE DE BELLEVILLE,48.873474,2.383092,13:10:00,2024-10-16
202400011027,14:38,Plein jour,75,75109,2,2,2,2.0,BOULEVARD DE LA MADELEINE,48.869919,2.328023,14:38:00,2024-06-01
202400011028,16:20,Plein jour,75,75119,2,1,2,7.0,RUE D AUBERVILLIERS,48.896733,2.370741,16:20:00,2024-10-17
202400011029,18:00,Plein jour,75,75108,2,2,8,1.0,BOULEVARD HAUSSMANN,48.875124,2.314903,18:00:00,2024-06-01
202400011030,04:50,,75,75119,2,3,1,3.0,RUE SIGMUND FREUD,48.884688,2.398909,04:50:00,2024-10-17
202400011031,22:20,,94,94081,2,3,9,3.0,Avenue Anatole France / Rue Pasteur,48.80448982,2.40515694,22:20:00,2024-05-31
202400011032,16:28,Plein jour,75,75119,2,1,1,2.0,BOULEVARD SERURIER,48.878485,2.403208,16:28:00,2024-10-16
202400011033,17:10,Crépuscule,75,75118,2,3,3,3.0,AVENUE DE LA PORTE DE CLIGNANCOURT,48.89809137,2.34426963,17:10:00,2024-10-17
202400011034,04:20,,94,94046,2,2,2,1.0,Rue de Joinville / Rue Condorcet,48.81049,2.45269,04:20:00,2024-06-01
202400011035,16:10,Plein jour,75,75116,2,7,2,3.0,PLACE DE LA PORTE MAILLOT,48.877388,2.279159,16:10:00,2024-10-17
202400011036,13:30,Plein jour,94,94011,2,1,2,6.0,Avenue Rodolphe Hottinguer,48.76092,2.4932,13:30:00,2024-06-01
202400011037,07:35,Plein jour,75,75116,2,1,1,5.0,AVENUE DE L HIPPODROME,48.860935,2.240225,07:35:00,2024-10-17
202400011038,15:10,Plein jour,94,94075,2,1,2,3.0,37 Route de la Grange,48.733363,2.515797,15:10:00,2024-06-01
202400011039,08:50,Crépuscule,94,94071,2,1,2,3.0,Rue Royale,48.756731,2.542604,08:50:00,2024-06-01
202400011040,20:00,,75,75115,2,3,2,3.0,RUE PEGOUD,48.834568,2.266949,20:00:00,2024-10-17