Num_Acc,hrmn,lum,dep,com,agg,int,atm,col,adr,lat,long,heure,date
202400011041,12:15,Plein jour,75,75115,2,1,1,3.0,RUE LABROUSTE,48.835832,2.309636,12:15:00,2024-10-16
202400011042,13:10,Plein jour,93,93071,2,2,2,3.0,Avenue Hoche / Avenue Ernest Pivot,48.930562,2.529702,13:10:00,2024-06-01
202400011043,19:40,Plein jour,93,93047,2,1,1,2.0,Avenue des Rosiers,48.89487303,2.54829025,19:40:00,2024-05-31
202400011044,18:30,Crépuscule,75,75112,2,3,1,3.0,BOULEVARD PONIATOWSKI,48.82923,2.39021,18:30:00,2024-10-16
202400011045,23:00,,92,92062,2,3,2,7.0,GENERAL DE GAULLE (AVENUE DU),48.88544025,2.2279349,23:00:00,2024-06-01
202400011046,12:21,Plein jour,75,75111,2,4,8,3.0,BOULEVARD VOLTAIRE,48.852941,2.388507,12:21:00,2024-10-17
202400011047,18:40,Crépuscule,92,92026,2,1,2,2.0,DES BATISSEURS (VOIE),48.88776039,2.25187942,18:40:00,2024-06-01
202400011048,09:12,Plein jour,75,75110,2,3,1,6.0,RUE DE DUNKERQUE,48.87949307,2.35718036,09:12:00,2024-10-17
202400011049,02:30,Nuit sans éclairage,33,33243,1,1,1,6.0,Unknown,44.914333,-0.216663,02:30:00,2024-06-02
202400011050,18:50,,75,75108,2,2,2,3.0,AVENUE DE FRIEDLAND,48.874178,2.298991,18:50:00,2024-10-17
202400011051,06:15,Crépuscule,39,39208,1,1,3,6.0,Unknown,46.638458,5.942629,06:15:00,2024-06-02
202400011052,16:30,Plein jour,75,75107,2,3,3,6.0,RUE DE SEVRES,48.848468,2.320563,16:30:00,2024-10-17
202400011053,01:00,,75,75101,2,3,2,3.0,BOULEVARD DE SEBASTOPOL,48.860571,2.349353,01:00:00,2024-10-17
202400011054,22:10,,08,08067,2,1,1,2.0,55 route nationale,49.62335499,5.18304437,22:10:00,2024-05-31
202400011055,05:24,Nuit sans éclairage,94,94078,2,1,1,6.0,Rue de Paris,48.75365318,2.44452788,05:24:00,2024-10-17
202400011056,16:00,Plein jour,71,71214,1,1,2,7.0,Chemin reliant GENOUILLY et MAIZERAY via la RD 236,46.652801,4.587506,16:00:00,2024-06-02
202400011057,20:00,,94,94073,2,3,2,3.0,Av du Pdt Franklin Roosevelt,48.76562,2.39656,20:00:00,2024-10-17
202400011058,10:52,Plein jour,33,33002,1,2,1,3.0,Unknown,44.522306,-0.046524,10:52:00,2024-06-01
202400011059,10:30,Plein jour,94,94065,2,3,1,3.0,Rue Auguste Perret,48.750152,2.354545,10:30:00,2024-10-17
202400011060,03:45,Nuit sans éclairage,49,49092,1,1,1,6.0,Unknown,47.192002,-0.706601,03:45:00,2024-06-02
202400011061,10:16,Plein jour,94,94022,2,1,2,6.0,Avenue Victor Hugo,48.76773,2.41715,10:16:00,2024-10-17
202400011062,19:30,Crépuscule,68,68043,2,3,2,1.0,Rue de Soultz,47.860133,7.260205,19:30:00,2024-06-01
202400011063,09:25,Plein jour,92,92064,2,1,2,2.0,MONT VALERIEN,48.85525357,2.2155081,09:25:00,2024-10-17
202400011064,02:45,Nuit sans éclairage,60,60527,2,1,2,6.0,Rue des Marronniers,49.086333,2.906592,02:45:00,2024-06-02
202400011065,16:05,Plein jour,92,92051,2,2,2,6.0,CHATEAU (BOULEVARD DU),48.88819571,2.26462696,16:05:00,2024-10-17
202400011066,19:00,Nuit sans éclairage,974,97413,2,1,1,1.0,Rue du Musee,-21.205708,55.296389,19:00:00,2024-05-31
202400011067,20:17,,92,92044,2,2,2,3.0,VOLTAIRE(RUE)83A91 ET 64A70,48.89136281,2.28274494,20:17:00,2024-10-17
202400011068,14:30,Plein jour,62,62289,2,3,1,3.0,D138,50.45607156,1.76067434,14:30:00,2024-06-01
202400011069,09:00,Plein jour,92,92040,2,1,8,7.0,CAMILLE DESMOULINS,48.8297062,2.26459359,09:00:00,2024-10-17
202400011070,17:15,Plein jour,62,62524,2,1,1,3.0,D341,50.66552094,1.82888618,17:15:00,2024-06-02
202400011071,18:55,,92,92024,2,1,3,7.0,JEAN JAURES (BD) DE (1 A 45)   (2 A 54),48.89689599,2.30926216,18:55:00,2024-10-17
202400011072,21:40,,92,92012,2,1,2,7.0,GENERAL LECLERC (AVENUE DU) 35/FIN - 60/,48.82901432,2.2294338,21:40:00,2024-10-17
202400011073,12:50,Plein jour,59,59074,2,1,8,3.0,Rue Gambetta,50.086466,3.443983,12:50:00,2024-05-29
202400011074,18:50,Plein jour,74,74225,2,1,1,6.0,Rue Joseph Béard,45.87048,5.94384,18:50:00,2024-06-01
202400011075,10:10,Plein jour,92,92012,2,1,2,1.0,JEAN BAPTISTE CLEMENT (AVENUE) 1/47 - 2/,48.84677961,2.23915704,10:10:00,2024-10-17
202400011076,13:35,Plein jour,71,71073,2,1,1,1.0,Rue du 8 Mai 1945,46.91408,4.75398,13:35:00,2024-05-30
202400011077,06:20,,92,92002,2,9,8,3.0,LEON JOUHAUX (AVENUE),48.73474962,2.3097302,06:20:00,2024-10-17
202400011078,21:20,,37,37271,2,2,2,1.0,54 Rue de la Galandiére,47.231393,0.497856,21:20:00,2024-10-17
202400011079,08:50,Plein jour,71,71543,2,3,1,3.0,4 Av du Mal de Lattre de Tassigny,46.55715,4.91522,08:50:00,2024-05-31
202400011080,13:42,Plein jour,61,61037,1,1,2,7.0,D7,48.425783,0.487679,13:42:00,2024-05-28
202400011081,14:10,Plein jour,35,35239,2,1,1,1.0,Lieu Dit La Chambre,47.911215,-1.38888,14:10:00,2024-10-16
202400011082,16:30,Plein jour,49,49244,1,1,1,6.0,Marigne (St Florent-le-Vieil),47.327523,-0.969873,16:30:00,2024-10-17
202400011083,04:38,Crépuscule,55,55348,1,1,8,7.0,VOIE COMMUNALE N°4 DE MONTIERS SUR SAULX À COUVERTPUIS,48.572199,5.29202,04:38:00,2024-06-02
202400011084,03:30,Nuit sans éclairage,12,12208,2,1,1,7.0,Chemin de Julhac,43.95912696,2.89654613,03:30:00,2024-06-02
202400011085,09:00,Plein jour,34,34148,2,3,2,3.0,65 Avenue de Cazouls,43.367665,3.155671,09:00:00,2024-10-18
202400011086,15:45,Plein jour,39,39397,2,1,2,3.0,4 Route des Lacs,46.523862,5.620655,15:45:00,2024-06-02
202400011087,19:14,Nuit sans éclairage,2A,2A276,1,1,1,1.0,D155,41.729766,8.805188,19:14:00,2024-10-14
202400011088,11:05,Plein jour,26,26338,1,1,2,7.0,Route de la Batie Rolland,44.596375,4.819836,11:05:00,2024-10-17
202400011089,14:10,Plein jour,44,44069,1,1,1,4.0,Route de Herbignac,47.35083,-2.422303,14:10:00,2024-06-01
202400011090,09:20,Plein jour,76,76503,1,1,1,6.0,A151,49.526827,1.009076,09:20:00,2024-10-16
202400011091,06:03,Crépuscule,44,44130,1,9,1,5.0,Unknown,47.120256,-1.53152,06:03:00,2024-06-01
202400011092,19:35,Nuit sans éclairage,31,31163,1,1,3,5.0,Montauriol,43.582738,1.592438,19:35:00,2024-10-17
202400011093,11:51,Plein jour,29,29212,2,2,1,2.0,rue des Myosotis,48.372879,-4.589624,11:51:00,2024-05-31
202400011094,14:51,Plein jour,21,21599,1,1,1,2.0,A31,47.621589,5.179008,14:51:00,2024-10-18
202400011095,18:42,Plein jour,29,29061,2,1,1,3.0,route de l'Echangeur,48.429386,-4.467863,18:42:00,2024-05-31
202400011096,11:45,Plein jour,67,67426,2,3,7,2.0,Route du Hohwald,48.351789,7.288753,11:45:00,2024-10-12
202400011097,18:25,Crépuscule,46,46227,1,1,3,6.0,D911,44.385219,1.856539,18:25:00,2024-10-17
202400011098,19:50,Plein jour,02,02141,1,4,2,3.0,30 Rue du General Debeney,49.977901,3.904352,19:50:00,2024-06-01
202400011099,15:42,Plein jour,01,01354,1,3,1,2.0,D35,46.248139,6.041485,15:42:00,2024-10-18
202400011100,22:00,Nuit sans éclairage,02,02060,2,1,2,1.0,11 Rue de l'Eglise,49.83756,3.103504,22:00:00,2024-06-01
202400011101,20:40,Nuit sans éclairage,19,19072,1,1,2,3.0,Unknown,45.21049,1.516081,20:40:00,2024-10-16
202400011102,17:45,Plein jour,03,03108,1,1,5,6.0,D998,46.184139,2.941611,17:45:00,2024-06-02
202400011103,19:20,Crépuscule,56,56039,1,1,1,1.0,Le Marglas,47.861492,-2.92747,19:20:00,2024-10-17
202400011104,22:50,Nuit sans éclairage,01,01420,2,3,1,6.0,D7,46.171116,4.798933,22:50:00,2024-05-31
202400011105,09:40,Plein jour,56,56010,2,6,2,3.0,Rue du Marechal Leclerc,47.882089,-3.017536,09:40:00,2024-10-16
202400011106,15:00,Plein jour,07,07197,1,1,2,1.0,D578,45.230955,4.674549,15:00:00,2024-06-02
202400011107,07:45,Plein jour,27,27037,1,2,1,3.0,D31,49.08161,0.829597,07:45:00,2024-06-02
202400011108,17:10,Plein jour,69,69214,2,3,1,5.0,Route du Pont Mondet,45.980894,4.32591,17:10:00,2024-10-18
202400011109,02:20,Nuit sans éclairage,38,38310,1,1,1,6.0,A49,45.24005,5.496278,02:20:00,2024-06-02
202400011110,19:55,Nuit sans éclairage,12,12077,1,1,2,1.0,D65,43.938721,3.200508,19:55:00,2024-10-15
202400011111,18:40,Plein jour,13,13029,1,1,1,3.0,Route départementale 70 A,43.559854,5.075405,18:40:00,2024-06-02
202400011112,19:53,Nuit sans éclairage,34,34332,1,1,2,6.0,D612a,43.316972,3.428317,19:53:00,2024-10-17
202400011113,07:48,Crépuscule,22,22248,2,1,1,3.0,22 Hent Don,48.622812,-3.08704,07:48:00,2024-10-07
202400011114,13:40,Plein jour,21,21054,1,1,2,5.0,A6,47.03736,4.857094,13:40:00,2024-06-01
202400011115,00:45,Nuit sans éclairage,39,39470,1,1,2,6.0,Unknown,46.489447,6.040731,00:45:00,2024-10-18
202400011116,05:45,Crépuscule,974,97403,2,1,1,1.0,D26,-21.258189,55.464478,05:45:00,2024-06-02
202400011117,08:52,Plein jour,39,39191,1,3,3,1.0,rd 1083 pk 56+150  sens POLIGNY LONS LE SAUNIER,46.832027,5.606461,08:52:00,2024-10-18
202400011118,17:00,Plein jour,06,06128,1,1,1,1.0,Route de Vence,43.711882,7.115954,17:00:00,2024-06-02
202400011119,15:00,Plein jour,44,44003,2,6,2,3.0,186 Boulevard de Bad Bruckenau,47.373474,-1.183734,15:00:00,2024-10-15
202400011120,19:30,Nuit sans éclairage,29,29054,1,1,1,7.0,Unknown,48.408088,-3.899186,19:30:00,2024-10-17
202400011121,02:05,Nuit sans éclairage,03,03298,1,6,3,1.0,N7,46.304497,3.425551,02:05:00,2024-06-01
202400011122,10:35,Plein jour,29,29072,2,1,1,3.0,Rue de la Liberté,47.797154,-4.290542,10:35:00,2024-10-18
202400011123,07:55,Crépuscule,02,02468,1,1,5,7.0,Rue de la Ferme de la Tombelle,49.724722,3.784388,07:55:00,2024-10-18
202400011124,10:00,Plein jour,07,07087,1,3,1,3.0,Route de l'Echelette,44.651982,4.267561,10:00:00,2024-06-01
202400011125,11:00,Plein jour,15,15135,1,1,2,6.0,RD 120,44.993424,2.151818,11:00:00,2024-10-18
202400011126,06:25,Crépuscule,33,33433,2,1,1,6.0,Unknown,44.919081,-0.435848,06:25:00,2024-06-01
202400011127,07:15,Crépuscule,70,70044,1,1,1,6.0,"D 100, les gressoux",47.690519,6.13499,07:15:00,2024-10-18
202400011128,23:45,,14,14663,2,1,1,7.0,23 Rue Saint-Sulpice,49.285573,-0.68156,23:45:00,2024-06-01
202400011129,19:04,Crépuscule,66,66149,1,1,8,7.0,chemin de los masos,42.618834,2.445617,19:04:00,2024-10-17
202400011130,11:30,Plein jour,29,29255,1,1,1,7.0,Pouloupry,48.5541262,-4.25386694,11:30:00,2024-06-01
202400011131,18:50,Plein jour,50,50523,2,1,7,4.0,29 Rue de Baudienville,49.430916,-1.300989,18:50:00,2024-10-17
202400011132,08:00,Crépuscule,50,50453,1,1,5,6.0,Rue des Rosiers,48.844961,-1.199224,08:00:00,2024-10-18
202400011133,23:35,Nuit sans éclairage,59,59419,2,1,1,6.0,41 Route de Saint Amand,50.520034,3.287246,23:35:00,2024-06-01
202400011134,22:44,Nuit sans éclairage,45,45203,1,1,3,6.0,D3 PR 0 + 654,47.852133,1.720777,22:44:00,2024-10-17
202400011135,03:50,Nuit sans éclairage,91,91103,1,1,2,2.0,RN 104,48.62437,2.3001,03:50:00,2024-06-01
202400011136,10:30,Plein jour,40,40224,2,1,3,6.0,rue gambetta,43.544219,-1.105392,10:30:00,2024-10-17
202400011137,03:50,Nuit sans éclairage,91,91103,1,1,2,2.0,RN 104,48.62437,2.3001,03:50:00,2024-06-01
202400011138,15:50,Plein jour,17,17166,1,1,1,7.0,D205,46.115773,-0.872405,15:50:00,2024-10-18
202400011139,19:20,Plein jour,92,92036,1,1,1,2.0,A86,48.93513721,2.26665421,19:20:00,2024-06-01
202400011140,19:08,Plein jour,92,92063,1,1,8,6.0,A86,48.891392,2.17589725,19:08:00,2024-05-31
202400011141,18:00,Nuit sans éclairage,87,87090,1,2,3,3.0,La Croix de l?Arret,46.318118,1.322265,18:00:00,2024-10-17
202400011142,17:36,Plein jour,92,92019,1,1,8,3.0,A86 INT,48.77621518,2.23316898,17:36:00,2024-05-31
202400011143,13:30,Plein jour,87,87116,1,6,2,3.0,RN 147,46.138348,1.056211,13:30:00,2024-10-18
202400011144,17:35,Plein jour,93,93078,1,1,2,3.0,A104,48.96361976,2.52140428,17:35:00,2024-06-01
202400011145,07:20,Nuit sans éclairage,30,30146,1,1,8,4.0,D6110,43.972037,4.101035,07:20:00,2024-10-18
202400011146,04:50,Nuit sans éclairage,95,95018,1,1,2,2.0,A15,48.94970996,2.28053232,04:50:00,2024-06-01
202400011147,11:15,Plein jour,987,98734,1,1,1,3.0,PK34.200,-17.76101616,-149.50947046,11:15:00,2024-10-17
202400011148,01:30,Nuit sans éclairage,93,93064,1,1,2,6.0,A103,48.88670628,2.47783272,01:30:00,2024-06-01
202400011149,17:20,Plein jour,19,19180,1,1,3,6.0,Unknown,45.51284304,2.22786231,17:20:00,2024-10-17
202400011150,00:25,Nuit sans éclairage,95,95582,1,1,3,6.0,A15,48.96669962,2.25550739,00:25:00,2024-06-01
202400011151,09:29,Plein jour,49,49030,1,1,8,7.0,A85 PK 30.300,47.355455,-0.078621,09:29:00,2024-10-17
202400011152,13:20,Plein jour,78,78043,2,2,1,1.0,Grille de maintenon,48.838739,2.086684,13:20:00,2024-10-16
202400011153,17:18,Plein jour,971,97103,1,1,1,3.0,Burger King (Restauration rapide),16.254488,-61.556327,17:18:00,2024-10-17
202400011154,00:23,Nuit sans éclairage,77,77520,1,1,3,2.0,Autoroute A6 PK 066+800 vers PARIS,48.311743,2.642684,00:23:00,2024-10-18
202400011155,18:30,Crépuscule,71,71052,1,2,1,3.0,948 Ancienne Nationale 6,46.603252,4.894471,18:30:00,2024-10-18
202400011156,14:07,Plein jour,88,88131,1,1,1,1.0,rue de la croisette,48.16817,6.658093,14:07:00,2024-10-18
202400011157,15:35,Plein jour,81,81140,1,1,2,6.0,Avenue Pierre Fabre,43.677401,1.881473,15:35:00,2024-10-18
202400011158,17:00,Plein jour,31,31429,1,1,8,1.0,38 Avenue du Lauragais,43.49232,1.52379,17:00:00,2024-10-16
202400011159,07:15,Nuit sans éclairage,17,17100,1,2,8,3.0,D233e2,45.732599,-0.452006,07:15:00,2024-10-17
202400011160,17:40,Plein jour,50,50041,1,1,1,1.0,D64,49.594822,-1.768847,17:40:00,2024-10-17
202400011161,17:45,Plein jour,29,29057,1,1,1,3.0,Route de Quimper,47.92878228,-3.97912496,17:45:00,2024-10-17
202400011162,00:05,Nuit avec éclairage,22,22245,1,1,2,7.0,D767,48.653187,-3.332189,00:05:00,2024-10-17
202400011163,10:15,Plein jour,35,35244,1,2,1,3.0,"Le Poteau, intersection RD 175 / RD 18",48.390875,-1.487655,10:15:00,2024-10-17
202400011164,18:50,Crépuscule,27,27020,2,2,2,1.0,Rue de Bérengeville,48.996723,1.074911,18:50:00,2024-10-07
202400011165,15:33,Plein jour,76,76057,2,2,1,6.0,Rue du Général Giraud,49.54532,0.952678,15:33:00,2024-10-18
202400011166,09:05,Plein jour,59,59117,2,1,1,1.0,Route Nationale,50.285312,3.154814,09:05:00,2024-10-17
202400011167,18:00,Plein jour,13,13071,1,1,2,2.0,A7-Sens Lyon vers Marseille,43.41269032,5.2816386,18:00:00,2024-10-17
202400011168,13:15,Plein jour,59,59350,1,1,1,2.0,AUTOROUTE A25,50.616292,3.066547,13:15:00,2024-10-15
202400011169,00:51,Nuit sans éclairage,92,92048,1,1,2,3.0,N118,48.81130205,2.21297347,00:51:00,2024-10-17
202400011170,20:13,Nuit avec éclairage,92,92036,1,1,1,2.0,A86,48.93540166,2.26544968,20:13:00,2024-10-16
202400011171,08:10,Plein jour,92,92062,1,1,1,2.0,A14,48.89288335,2.2338962,08:10:00,2024-10-16
202400011172,11:50,Plein jour,95,95582,1,1,1,2.0,A15,48.9633556,2.26447223,11:50:00,2024-10-16
202400011173,10:00,Plein jour,95,95018,1,1,1,2.0,A15,48.96078636,2.26969648,10:00:00,2024-10-16
202400011174,19:45,Nuit sans éclairage,95,95018,1,1,2,6.0,A15,48.95528809,2.27796417,19:45:00,2024-10-15
202400011175,08:10,Crépuscule,94,94052,1,1,2,3.0,A86,48.83826565,2.49372861,08:10:00,2024-10-17
202400011176,21:50,Nuit sans éclairage,77,77468,1,1,3,4.0,A4.Y,48.83251521,2.65929855,21:50:00,2024-10-16
202400011177,18:49,Plein jour,94,94074,1,1,1,2.0,N406,48.76842391,2.45091344,18:49:00,2024-10-16
202400011178,08:50,Plein jour,94,94004,1,1,1,5.0,N19,48.75424597,2.50970006,08:50:00,2024-10-16
202400011179,11:40,Plein jour,93,93073,2,2,1,3.0,RAPERIE (RUE DE LA),48.97667,2.55848,11:40:00,2024-10-17
202400011180,14:45,Plein jour,93,93053,2,7,2,3.0,PARIS (RUE DE),48.90159019,2.45920944,14:45:00,2024-10-17
202400011181,17:45,Plein jour,93,93051,2,1,8,3.0,MEDERIC (AVENUE),48.82943,2.56527,17:45:00,2024-10-17
202400011182,13:25,Plein jour,93,93048,2,2,8,3.0,JEANNE D'ARC (BOULEVARD),48.85284,2.44478,13:25:00,2024-10-17
202400011183,01:40,,93,93006,2,4,3,3.0,CARNOT RUE SADI,48.87242252,2.42152738,01:40:00,2024-10-17
202400011184,16:45,Plein jour,93,93047,2,1,3,6.0,VICTOR HUGO  (AVENUE),48.90159959,2.56144524,16:45:00,2024-10-17
202400011185,13:00,Plein jour,38,38289,1,1,1,6.0,D44c,45.126275,6.043124,13:00:00,2024-08-10
202400011186,18:20,Plein jour,38,38179,2,1,1,2.0,COMBE (AVENUE DE LA ),45.17338,5.78986,18:20:00,2024-07-30
202400011187,06:20,Crépuscule,38,38151,2,1,1,3.0,AVENUE VICTOR HUGO,45.15318,5.71132,06:20:00,2024-07-16
202400011188,19:25,Plein jour,38,38185,1,1,1,6.0,RUE ALFRED DE MUSSET,45.1646,5.72487,19:25:00,2024-07-10
202400011189,17:00,Plein jour,38,38185,2,7,1,7.0,RUE FÉLIX POULAT,45.19029174,5.72661817,17:00:00,2024-07-05
202400011190,13:54,Plein jour,38,38185,2,2,1,3.0,BOULEVARD AGUTTE SEMBAT,45.1872,5.72759,13:54:00,2024-06-30
202400011191,07:40,Plein jour,38,38421,2,9,1,6.0,AVENUE JEAN JAURÈS,45.17848,5.77434,07:40:00,2024-06-26
202400011192,19:45,Plein jour,74,74286,2,1,1,7.0,2335 Porte de la vallée d'abondance,46.316451,6.675214,19:45:00,2024-08-07
202400011193,10:30,Plein jour,74,74276,1,1,1,5.0,Route du praz de lys,46.143537,6.614993,10:30:00,2024-07-18
202400011194,19:15,Plein jour,74,74249,1,1,1,3.0,Route du gavot,46.365706,6.618383,19:15:00,2024-07-20
202400011195,11:45,Plein jour,74,74280,1,3,1,3.0,Route des aravis,45.89926,6.348993,11:45:00,2024-08-06
202400011196,09:40,Plein jour,74,74311,2,2,1,1.0,23 Route de cornillon,46.151309,6.4117,09:40:00,2024-07-30
202400011197,16:15,Plein jour,74,74196,1,1,1,7.0,119,46.016452,6.561104,16:15:00,2024-07-29
202400011198,09:25,Plein jour,74,74257,1,3,1,3.0,Route de Frangy,46.009367,5.978994,09:25:00,2024-07-28
202400011199,22:30,Nuit sans éclairage,74,74236,1,1,1,7.0,1482 Route des contamines,45.863226,6.727064,22:30:00,2024-08-03
202400011200,16:52,Plein jour,74,74026,1,1,1,1.0,Route de choisy,45.979958,6.050554,16:52:00,2024-08-03
202400011201,16:40,Plein jour,74,74002,1,2,1,1.0,Route d'annecy,45.820463,6.033812,16:40:00,2024-08-06
202400011202,11:10,Plein jour,74,74127,1,1,1,1.0,Route des grandes alpes,46.352289,6.530331,11:10:00,2024-08-06
202400011203,07:19,Crépuscule,74,74123,1,1,1,6.0,831 Route des grottes,45.730573,6.301861,07:19:00,2024-08-04
202400011204,22:30,,74,74275,2,1,1,3.0,14 Route de l'égalité,45.84271,6.213467,22:30:00,2024-08-01
202400011205,16:40,Plein jour,74,74173,2,1,1,6.0,Unknown,45.84366684,6.59055519,16:40:00,2024-08-02
202400011206,17:40,Plein jour,74,74256,2,1,1,7.0,278 Avenue de geneve,45.939041,6.630348,17:40:00,2024-07-22
202400011207,12:20,Plein jour,74,74308,2,1,1,3.0,Route de Vers les Granges,46.356377,6.608223,12:20:00,2024-06-08
202400011208,21:30,Crépuscule,74,74073,1,1,2,6.0,D32,46.347653,6.632888,21:30:00,2024-06-02
202400011209,18:42,Plein jour,84,84031,1,1,1,2.0,MIRABEAU AVENUE,44.06908,5.04286,18:42:00,2024-06-20
202400011210,20:50,,44,44162,2,1,1,7.0,155 Boulevard Salvador Allende,47.21998346,-1.62557686,20:50:00,2024-10-07
202400011211,06:25,Crépuscule,974,97416,2,2,1,3.0,FOUR A CHAUX(RUE DU),-21.341686,55.472435,06:25:00,2024-10-16
202400011212,15:45,Plein jour,974,97411,2,1,1,6.0,TORTUE (RUELLE),-20.88013,55.44624,15:45:00,2024-10-16
202400011213,08:45,Plein jour,974,97411,2,1,1,6.0,JAURES (BLD 1 JEAN),-20.8906,55.46565,08:45:00,2024-10-16
202400011214,07:20,Plein jour,974,97411,2,1,1,6.0,BOIS DE NEFLES (ROUTE DE),-20.91264,55.47457,07:20:00,2024-10-16
202400011215,12:38,Plein jour,973,97302,2,1,1,6.0,MONTABO (ROUTE DE) 2,4.94468,-52.31436,12:38:00,2024-10-16
202400011216,09:50,Plein jour,973,97302,2,1,1,5.0,BADUEL (ROUTE DE),4.93167141,-52.30722213,09:50:00,2024-10-16
202400011217,09:52,Plein jour,973,97302,1,1,1,2.0,ROUTE NATIONALE 1,4.90533,-52.32331,09:52:00,2024-10-16
202400011218,20:45,Nuit sans éclairage,38,38218,1,1,1,7.0,Route du Pilat,45.336442,5.154777,20:45:00,2024-03-17
202400011219,10:15,Plein jour,72,72054,1,1,2,1.0,Route de Saint-calais,48.00714174,0.34229803,10:15:00,2024-03-18
202400011220,21:40,,06,06059,1,1,1,5.0,M6098,43.714651,7.348711,21:40:00,2024-03-17
202400011221,18:15,Plein jour,14,14123,2,1,1,7.0,2 Rue des Lys,49.233257,-0.442114,18:15:00,2024-03-17
202400011222,13:30,Plein jour,50,50087,1,1,1,1.0,Route du Mont Fanu,49.560386,-1.611128,13:30:00,2024-03-18
202400011223,17:30,Crépuscule,45,45103,1,1,1,7.0,D31 PR 14 + 594,48.096971,2.584984,17:30:00,2024-02-27
202400011224,12:30,Plein jour,07,07078,2,6,8,2.0,D121,45.254483,4.687868,12:30:00,2024-03-18
202400011225,10:40,Plein jour,40,40110,2,1,1,6.0,place de l'hotel de ville,43.63993724,-0.37827403,10:40:00,2024-03-15
202400011226,19:27,Crépuscule,27,27658,1,1,1,3.0,D840,49.11324,0.913045,19:27:00,2024-03-18
202400011227,14:10,Plein jour,17,17043,1,2,1,3.0,D119e1,46.0613,-0.594887,14:10:00,2024-03-15
202400011228,08:15,Plein jour,23,23008,2,1,1,6.0,Avenue de la République,45.954611,2.166898,08:15:00,2024-03-18
202400011229,17:10,Plein jour,87,87089,1,1,2,7.0,D942,46.214615,1.120005,17:10:00,2024-03-17
202400011230,07:45,Plein jour,37,37234,1,1,1,1.0,D31,47.19256029,1.02492481,07:45:00,2024-03-18
202400011231,20:30,,30,30133,2,6,1,7.0,Avenue Jean Lasserre,43.522216,4.138107,20:30:00,2024-03-15
202400011232,01:15,Nuit sans éclairage,973,97307,1,1,1,1.0,larivot,4.905571,-52.366505,01:15:00,2024-03-18
202400011233,11:15,Plein jour,31,31187,2,1,1,6.0,Route de Tarbes,43.537172,1.231327,11:15:00,2024-03-18
202400011234,17:55,Plein jour,30,30347,1,1,1,1.0,D56,43.727156,4.259123,17:55:00,2024-03-17
202400011235,21:20,,978,97801,2,3,1,1.0,route nationale 7,18.087683,-63.066089,21:20:00,2024-03-17
202400011236,22:55,Nuit sans éclairage,69,69244,2,1,1,3.0,Boulevard du Valvert,45.764834,4.772527,22:55:00,2024-03-15
202400011237,07:20,Crépuscule,06,06018,2,3,1,3.0,Route de Valbonne,43.630113,7.093357,07:20:00,2024-03-18
202400011238,19:30,,987,98715,2,2,1,3.0,Quartier Bel Air,-17.57348559,-149.6154803,19:30:00,2024-03-16
202400011239,10:55,Plein jour,38,38466,1,3,2,2.0,D1090,45.375052,5.962942,10:55:00,2024-03-18
202400011240,05:50,Crépuscule,13,13032,1,1,1,7.0,D17,43.561891,5.38152,05:50:00,2024-03-17
202400011241,08:00,Crépuscule,62,62323,1,1,1,6.0, A1,50.29487792,2.88465076,08:00:00,2024-03-12
202400011242,14:50,Plein jour,987,98714,1,1,1,3.0,Anau,-16.51098,-151.722366,14:50:00,2024-03-17
202400011243,01:00,Nuit avec éclairage,987,98754,1,1,1,1.0,PK 40 fetuna,-16.83594963,-151.42303705,01:00:00,2024-03-17
202400011244,18:30,Crépuscule,971,97117,2,1,1,3.0,departementale 114,16.324289,-61.354061,18:30:00,2024-03-15
202400011245,15:25,Plein jour,13,13087,1,1,1,3.0,D7N,43.489529,5.641726,15:25:00,2024-03-13
202400011246,21:00,,37,37281,2,1,8,1.0,les tuileries,47.40528716,0.80128446,21:00:00,2024-03-17
202400011247,19:53,,71,71342,2,1,2,6.0,Rue de Bourgogne,46.461741,4.105282,19:53:00,2024-03-17
202400011248,13:40,Plein jour,73,73179,2,3,1,1.0,Rue de leya,45.59920993,5.87743789,13:40:00,2024-03-18
202400011249,11:37,Plein jour,38,38012,1,1,1,6.0,Route des Moulins,45.585159,5.596204,11:37:00,2024-03-18
202400011250,17:00,Plein jour,26,26377,1,1,1,7.0,D94,44.309401,5.039291,17:00:00,2024-03-18
202400011251,20:00,Nuit sans éclairage,60,60282,1,1,1,2.0,D44,49.209026,2.450981,20:00:00,2024-03-17
202400011252,14:35,Plein jour,13,13005,1,1,1,2.0,A50 - Sens Aubagne vers Marseille,43.25649,5.52635,14:35:00,2024-03-17
202400011253,20:23,Nuit sans éclairage,42,42330,1,1,1,2.0,A72,45.47275,4.36298,20:23:00,2024-03-17