Num_Acc,hrmn,lum,dep,com,agg,int,atm,col,adr,lat,long,heure,date
202400011254,14:40,Plein jour,91,91136,1,1,1,6.0,AUTOROUTE A10,48.7108,2.28851,14:40:00,2024-03-17
202400011255,08:05,Plein jour,91,91179,1,1,2,2.0,AUTOROUTE A6,48.56372792,2.47804387,08:05:00,2024-03-17
202400011256,19:00,Nuit sans éclairage,95,95682,1,1,1,6.0,N104,49.06773722,2.38036219,19:00:00,2024-03-17
202400011257,16:50,Plein jour,93,93064,1,1,8,2.0,A86,48.87077944,2.48219132,16:50:00,2024-03-17
202400011258,13:40,Plein jour,95,95582,1,1,2,6.0,A15,48.97507308,2.24260437,13:40:00,2024-03-17
202400011259,02:52,Nuit sans éclairage,93,93053,1,1,1,6.0,A86,48.90248612,2.46764973,02:52:00,2024-03-17
202400011260,22:20,Nuit sans éclairage,93,93007,1,1,1,5.0,A1,48.95037545,2.44884564,22:20:00,2024-03-16
202400011261,16:30,Plein jour,95,95018,1,1,1,2.0,A15,48.96242661,2.26643738,16:30:00,2024-03-16
202400011262,17:50,Crépuscule,77,77122,1,1,1,6.0,RN104,48.65879,2.61264,17:50:00,2024-03-17
202400011263,02:15,Nuit sans éclairage,94,94018,1,1,1,6.0,A4,48.81803121,2.41100013,02:15:00,2024-03-17
202400011264,19:10,Nuit sans éclairage,92,92025,2,1,1,3.0,G.PERI 2 A 192   1 A 247 (RUE),48.91882598,2.24044766,19:10:00,2024-03-16
202400011265,20:30,,44,44109,2,2,1,1.0,138 Route de Vertou,47.18633987,-1.52761213,20:30:00,2024-03-15
202400011266,13:30,Plein jour,974,97416,1,1,1,3.0,PAVE(RUE),-21.3433,55.48,13:30:00,2024-03-16
202400011267,10:20,Plein jour,974,97411,1,1,1,2.0,RAMBAUD (LEOPOLD),-20.88565,55.47202,10:20:00,2024-03-16
202400011268,16:20,Plein jour,44,44109,2,3,1,3.0,11 Boulevard Général de Gaulle,47.20703,-1.53945,16:20:00,2024-07-04
202400011269,12:10,Plein jour,974,97411,2,3,1,6.0,PARIS (RUE DE),-20.88398,55.45049,12:10:00,2024-03-16
202400011270,16:25,Plein jour,69,69385,2,1,1,1.0,Rue de Bélissen,45.75028,4.77297,16:25:00,2024-03-16
202400011271,00:15,,43,43002,2,6,1,1.0,Avenue de Bonneville,45.04961672,3.88756701,00:15:00,2024-07-04
202400011272,22:40,Nuit sans éclairage,41,41269,2,1,1,6.0,QUATRE HUYES (RUE DES),47.79681,1.05529,22:40:00,2024-07-03
202400011273,20:58,,2B,2B120,2,1,1,2.0,11 - RT,9.44085,42.6516,20:58:00,2024-03-16
202400011274,12:00,Plein jour,38,38053,2,1,1,6.0,BERLIOZ (HECTOR),45.58675,5.27514,12:00:00,2024-07-04
202400011275,06:45,Plein jour,37,37233,2,6,1,7.0,MOULIN (PONT JEAN),47.38232221,0.73052073,06:45:00,2024-07-04
202400011276,13:39,Plein jour,2B,2B120,1,1,1,2.0,11 - RT,42.65176,9.44097,13:39:00,2024-03-16
202400011277,10:40,Plein jour,36,36044,2,1,1,2.0,Boulevard de Cluis,46.80824,1.70375,10:40:00,2024-07-04
202400011278,19:00,Crépuscule,95,95428,2,1,1,1.0,RACINE (RUE),49.007578,2.317675,19:00:00,2024-03-16
202400011279,14:45,Plein jour,34,34129,2,1,1,6.0,RAYMOND DUGRAND (AVENUE),43.591257,3.908206,14:45:00,2024-07-04
202400011280,15:00,Plein jour,91,91477,2,3,1,1.0,SACLAY (ROUTE DE),48.71879,2.22534,15:00:00,2024-03-16
202400011281,00:44,Nuit sans éclairage,91,91027,2,1,2,1.0,DENFERT ROCHEREAU (RUE),48.71456,2.40544,00:44:00,2024-03-16
202400011282,21:00,Crépuscule,34,34172,2,3,1,4.0,MOULINS (AVENUE DES,43.63679,3.84483,21:00:00,2024-06-30
202400011283,21:48,,91,91589,2,4,1,1.0,BD ARISTIDE BRIAND,48.68676,2.3529,21:48:00,2024-03-16
202400011284,08:40,Plein jour,83,83069,2,1,1,6.0,LOUBES (ROUTE DES),43.1162,6.0913,08:40:00,2024-03-15
202400011285,16:20,Plein jour,34,34003,2,1,1,2.0,GRACE DE MONACO (RUE),43.30885,3.4769,16:20:00,2024-07-04
202400011286,13:55,Plein jour,78,78418,2,6,1,3.0,PABLO PICASSO (RUE),48.91199,2.1464,13:55:00,2024-03-16
202400011287,13:45,Plein jour,33,33063,2,1,1,3.0,Unknown,44.84235,-0.57967,13:45:00,2024-07-04
202400011288,19:30,,77,77373,2,1,1,3.0,RUE DES PRES SAINT MARTIN,48.794023,2.611357,19:30:00,2024-03-16
202400011289,19:45,Plein jour,33,33281,2,6,1,6.0,Unknown,44.81388,-0.71342,19:45:00,2024-07-03
202400011290,20:15,Plein jour,33,33200,2,1,1,7.0,Unknown,44.881,-0.672,20:15:00,2024-07-03
202400011291,13:17,Plein jour,77,77288,2,1,1,6.0,SAINT LIESNE (RUE),48.539599,2.664325,13:17:00,2024-03-14
202400011292,08:20,Plein jour,31,31555,2,1,1,3.0,AV DES ETATS UNIS,43.64787,1.42205,08:20:00,2024-07-04
202400011293,19:51,,77,77449,2,1,1,6.0,CRS DU DANUBE,48.854,2.77643,19:51:00,2024-03-16
202400011294,12:00,Plein jour,29,29232,2,1,1,2.0,Avenue de la Liberation,47.992784,-4.084227,12:00:00,2024-06-29
202400011295,18:05,Plein jour,77,77449,2,1,1,1.0,RTE DE PROVINS,48.84385,2.77754,18:05:00,2024-03-15
202400011296,15:25,Plein jour,29,29254,2,1,1,6.0,Allée Saint François,48.59577021,-3.84153207,15:25:00,2024-07-03
202400011297,23:58,,77,77186,2,1,1,2.0,D607,48.349889,2.696,23:58:00,2024-03-16
202400011298,07:35,Plein jour,28,28134,1,1,1,2.0,RN 12 (LES CHATELETS),48.74646,1.38678,07:35:00,2024-07-04
202400011299,19:40,,69,69256,2,2,2,3.0,Rue Emile Zola,45.7778,4.91842,19:40:00,2024-03-15
202400011300,08:20,Plein jour,26,26362,2,9,1,3.0,Avenue de Provence,44.91405,4.87797,08:20:00,2024-07-04
202400011301,14:00,Plein jour,65,65440,2,3,1,3.0,Rue du Portail d’Avant,43.23330316,0.08218414,14:00:00,2024-03-16
202400011302,14:30,Plein jour,64,64284,2,1,1,6.0,ROMAIN TRESARIEU,43.28776,-0.38611,14:30:00,2024-03-16
202400011303,17:15,Plein jour,25,25462,2,1,1,2.0,BESANCON (DU 72TER A LA FIN),46.91705,6.34415,17:15:00,2024-07-04
202400011304,11:20,Plein jour,64,64102,2,1,1,2.0,PONTOTS (GIRATOIRE LES),43.48819,-1.49156,11:20:00,2024-03-16
202400011305,10:25,Plein jour,22,22113,2,1,1,7.0,GUINGAMP (ROUTE DE),48.72506,-3.43923,10:25:00,2024-07-04
202400011306,19:59,Nuit sans éclairage,63,63063,1,2,1,3.0,rue des Mauvaises M2-Bd Jean Moulin,45.83375,3.08674,19:59:00,2024-03-16
202400011307,18:20,Plein jour,19,19031,2,5,1,3.0,LOMBARD (AVENUE JACQUES),45.1662,1.5205,18:20:00,2024-07-03
202400011308,10:55,Plein jour,59,59598,2,1,1,1.0,Rue des Déportés,50.660594,3.235638,10:55:00,2024-03-16
202400011309,16:45,Plein jour,17,17306,2,1,1,2.0,ROCHEFORT (DE)  (AVENUE),45.64879,-1.0243,16:45:00,2024-07-04
202400011310,17:53,Plein jour,14,14327,1,1,3,7.0,Route de Colombelles,49.207453,-0.31675,17:53:00,2024-05-05
202400011311,11:30,Plein jour,54,54528,2,1,1,1.0,Boulevard Aristide Briand,48.677332,5.897184,11:30:00,2024-03-16
202400011312,10:30,Plein jour,54,54547,2,3,1,6.0,Avenue Jeanne d'Arc,48.66064,6.1861,10:30:00,2024-03-16
202400011313,13:05,Plein jour,49,49007,2,1,1,6.0,ROI RENE BOULEVARD,47.46852,-0.55846,13:05:00,2024-03-16
202400011314,15:38,Plein jour,13,13212,2,3,1,3.0,BOISERAIE (RUE),43.29571,5.42277,15:38:00,2024-07-03
202400011315,17:35,Plein jour,45,45232,2,3,1,1.0,D14 PR 5 + 275,47.85795,1.90517,17:35:00,2024-03-15
202400011316,10:40,Plein jour,44,44114,2,1,1,6.0,23 Avenue de la Paquelais,47.24650467,-1.60086214,10:40:00,2024-03-16
202400011317,07:45,Plein jour,13,13028,2,3,1,3.0,TRAMONTANE (AVENUE DE LA ),43.2048,5.60353,07:45:00,2024-07-04
202400011318,21:23,,38,38053,2,1,1,7.0,ITALIE (AVE),45.58456,5.27863,21:23:00,2024-03-16
202400011319,15:35,Plein jour,10,10333,2,6,1,3.0,CHARLES BALTET (RUE),48.2821,4.05964,15:35:00,2024-07-03
202400011320,21:57,,38,38053,2,1,1,2.0,GENEVIEVE DE GAULLE (RUE),45.59696,5.23316,21:57:00,2024-03-15
202400011321,16:45,Plein jour,06,06088,2,1,1,6.0,147 Boulevard de l'Ariane,43.73684,7.30624,16:45:00,2024-07-04
202400011322,21:27,,35,35238,2,2,1,2.0,DE LATTRE DE TASSIGNY (BD MARECHAL),48.11253,-1.68733,21:27:00,2024-03-16
202400011323,17:35,Plein jour,06,06069,1,1,1,3.0,251 Route de Pégomas,43.625388,6.927414,17:35:00,2024-07-04
202400011324,21:50,,33,33063,2,9,1,3.0,Unknown,44.83502,-0.57206,21:50:00,2024-03-16
202400011325,08:00,Plein jour,06,06027,2,3,1,5.0,147 Avenue de Nice,43.66025,7.17413,08:00:00,2024-07-04
202400011326,11:09,Plein jour,27,27229,2,3,1,6.0,RABAIS (RUE DU),49.03466,1.15543,11:09:00,2024-03-16
202400011327,08:50,Plein jour,75,75117,2,1,1,2.0,PORTE DE SAINT OUEN,48.900501,2.324889,08:50:00,2024-07-04
202400011328,15:45,Plein jour,25,25462,1,1,1,3.0,VOIE COMMUNALE DE L'AVIATION,46.89981,6.32258,15:45:00,2024-03-15
202400011329,09:20,Plein jour,75,75112,2,1,1,3.0,ECHANGEUR BERCY,48.830276,2.402037,09:20:00,2024-07-04
202400011330,10:15,Plein jour,22,22278,2,3,1,1.0,ETABLETTE (DE L'),48.49985,-2.74427,10:15:00,2024-03-16
202400011331,09:55,Plein jour,75,75115,2,1,1,2.0,PORTE DE SEVRES,48.83058,2.285285,09:55:00,2024-07-03
202400011332,22:10,,13,13203,2,3,1,3.0,LOUBON (RUE),43.31282,5.38454,22:10:00,2024-03-16
202400011333,08:00,Plein jour,75,75116,2,1,1,3.0,PORTE DAUPHINE,48.871993,2.27402,08:00:00,2024-07-03
202400011334,04:45,,13,13211,2,1,1,1.0,VALBARELLE (BOULEVARD DE LA ),43.28685517,5.44545891,04:45:00,2024-03-16
202400011335,16:30,Plein jour,13,13047,2,1,1,7.0,RAYMOND FILIPPI AVENUE,43.49072,4.98569,16:30:00,2024-03-16
202400011336,09:20,Plein jour,75,75120,2,2,1,6.0,RUE PELLEPORT,48.870782,2.399224,09:20:00,2024-07-04
202400011337,21:20,,13,13001,2,1,1,3.0,MOURET HENRI (AV),43.52096,5.43563,21:20:00,2024-03-16
202400011338,16:30,Plein jour,75,75117,2,3,1,3.0,BOULEVARD D AURELLE DE PALADINES,48.883564,2.281924,16:30:00,2024-07-04
202400011339,12:00,Plein jour,13,13001,2,9,1,3.0,EUROPE (AV ),43.52409898,5.43298745,12:00:00,2024-03-16
202400011340,10:33,Plein jour,10,10333,1,6,8,6.0,D610,48.26858,4.0525,10:33:00,2024-03-16
202400011341,13:00,Plein jour,75,75116,2,7,1,3.0,PLACE D IENA,48.864582,2.293704,13:00:00,2024-07-04
202400011342,04:06,,06,06088,2,1,1,6.0,Promenade des Anglais,43.68709,7.23837,04:06:00,2024-03-16
202400011343,09:00,Plein jour,75,75116,2,2,1,6.0,RUE SPONTINI,48.86762,2.27702,09:00:00,2024-07-04
202400011344,12:25,Plein jour,75,75118,2,3,1,6.0,AVENUE DE LA PORTE DE MONTMARTRE,48.900509,2.33531,12:25:00,2024-03-16
202400011345,23:55,,75,75115,2,2,1,3.0,RUE PLUMET,48.839219,2.308286,23:55:00,2024-07-03
202400011346,23:10,,75,75118,2,2,2,3.0,RUE DU MONT CENIS,48.891225,2.343636,23:10:00,2024-03-15
202400011347,13:30,Plein jour,75,75114,2,1,1,2.0,RUE BOYER BARRET,48.833036,2.317556,13:30:00,2024-07-04
202400011348,18:45,Plein jour,75,75117,2,3,1,6.0,BOULEVARD GOUVION SAINT CYR,48.878186,2.284139,18:45:00,2024-03-16
202400011349,20:35,Plein jour,75,75114,2,1,1,6.0,BOULEVARD ARAGO,48.834511,2.334877,20:35:00,2024-07-03
202400011350,11:15,Plein jour,75,75117,2,6,1,2.0,PLACE DE VERDUN,48.879049,2.280481,11:15:00,2024-03-16
202400011351,16:40,Plein jour,75,75113,2,1,1,6.0,AVENUE D ITALIE,48.830341,2.355985,16:40:00,2024-07-04
202400011352,08:05,Plein jour,75,75112,2,3,1,2.0,RUE DE CHARENTON,48.84205,2.38645,08:05:00,2024-07-04
202400011353,03:50,,75,75116,2,2,2,3.0,BOULEVARD SUCHET,48.857364,2.26472,03:50:00,2024-03-16
202400011354,19:00,Plein jour,75,75110,2,1,1,6.0,BOULEVARD DE MAGENTA,48.882787,2.350263,19:00:00,2024-07-04
202400011355,01:30,,75,75116,2,2,1,3.0,RUE GALILEE,48.867842,2.291879,01:30:00,2024-03-16
202400011356,09:25,Plein jour,75,75110,2,3,1,6.0,RUE DU FAUBOURG SAINT MARTIN,48.877839,2.361594,09:25:00,2024-07-04
202400011357,09:45,Plein jour,75,75114,2,3,1,7.0,RUE JULIA BARTET,48.825467,2.302315,09:45:00,2024-03-15
202400011358,16:15,Plein jour,75,75108,2,7,1,3.0,PLACE DE L ALMA,48.86473123,2.30134338,16:15:00,2024-07-04
202400011359,02:30,,75,75112,2,3,1,2.0,RUE DE CHARENTON,48.846463,2.378847,02:30:00,2024-03-16
202400011360,23:30,,75,75109,2,1,1,7.0,RUE NOTRE DAME DE LORETTE,48.879611,2.336092,23:30:00,2024-03-15
202400011361,15:41,Plein jour,75,75108,2,3,1,6.0,AVENUE WINSTON CHURCHILL,48.866098,2.313825,15:41:00,2024-03-16
202400011362,22:20,,75,75107,2,1,1,3.0,PONT D IENA,48.85975755,2.29228556,22:20:00,2024-07-03
202400011363,18:00,Plein jour,75,75107,2,1,1,1.0,QUAI BRANLY,48.862185,2.300522,18:00:00,2024-03-16
202400011364,09:10,Plein jour,75,75104,2,3,1,6.0,RUE SAINT ANTOINE,48.854292,2.363712,09:10:00,2024-07-04
202400011365,14:30,Plein jour,75,75102,2,3,1,7.0,RUE DE LA BANQUE,48.86605,2.339915,14:30:00,2024-03-16
202400011366,08:03,Plein jour,94,94081,2,3,1,3.0,Route de Fontainebleau,48.77405628,2.36785343,08:03:00,2024-07-04
202400011367,19:00,Crépuscule,94,94016,2,1,1,3.0,Avenue Pasteur,48.78722,2.32145,19:00:00,2024-03-16
202400011368,12:20,Plein jour,94,94078,2,1,1,2.0,Rue de Paris,48.73182,2.4468,12:20:00,2024-07-04
202400011369,17:20,Plein jour,94,94022,2,9,1,3.0,Avenue de Lugo / Quai Jules Guesde,48.77347,2.40947,17:20:00,2024-03-16
202400011370,22:15,,94,94004,2,3,2,6.0,Rue de Brévannes / Rue Louise Chenu,48.74903215,2.50732242,22:15:00,2024-03-15
202400011371,06:38,Plein jour,94,94068,2,9,1,3.0,Avenue du Bac,48.79571,2.50863,06:38:00,2024-07-04
202400011372,09:45,Plein jour,95,95527,2,4,1,3.0,NOYER AU CHAT (ROUTE DU),49.00463577,2.54807711,09:45:00,2024-03-16
202400011373,08:50,Plein jour,94,94018,2,1,1,1.0,Avenue de la Liberte,48.82606,2.40705,08:50:00,2024-07-04
202400011374,06:00,Nuit sans éclairage,77,77291,1,1,2,2.0,CHAPIT RE ( RUE DU),49.0049295,2.58935165,06:00:00,2024-03-16
202400011375,11:25,Plein jour,93,93078,2,2,8,3.0,Avenue Georges Clémenceau / Avenue Charles de Gaulle,48.95812,2.5583,11:25:00,2024-07-03
202400011376,12:19,Plein jour,93,93014,2,9,1,3.0,Allée Maurice Audin / Chemin des Postes,48.90821,2.53426,12:19:00,2024-03-16
202400011377,20:25,Plein jour,93,93072,2,3,1,6.0,Avenue de Stalingrad / Rue Pasteur,48.9588,2.39783,20:25:00,2024-07-03
202400011378,11:15,Plein jour,92,92026,2,3,1,2.0,MARECHAL JOFFRE (QUAI DU),48.89980784,2.27265644,11:15:00,2024-03-16
202400011379,11:00,Plein jour,93,93070,2,1,1,2.0,DOCTEUR BAUER(RUE DU) :N° 1 AU 73,48.91155282,2.33666539,11:00:00,2024-07-04
202400011380,18:15,Plein jour,92,92025,2,9,1,1.0,GABRIEL PERI (RUE),48.91824147,2.23893706,18:15:00,2024-03-15
202400011381,13:10,Plein jour,93,93039,2,9,1,6.0,MECHIN,48.935778,2.339279,13:10:00,2024-07-04
202400011382,05:21,,92,92024,2,1,1,2.0,CLICHY (QUAI DE) DE (104 A 202),48.91010201,2.30344605,05:21:00,2024-03-16
202400011383,17:52,Plein jour,93,93074,2,5,1,3.0,ROBERT SCHUMANN BOULEVARD,48.93344,2.56097,17:52:00,2024-07-04
202400011384,02:26,Nuit avec éclairage,76,76279,2,9,9,6.0,2034 Voie Romaine,49.615006,0.592645,02:26:00,2024-03-17
202400011385,21:30,Crépuscule,93,93029,2,1,1,6.0,Rue d'Alsace Lorraine,48.9299,2.44161,21:30:00,2024-07-04
202400011386,15:45,Plein jour,37,37153,1,1,1,2.0,141 Lieu Dit la Coulonniere,47.47928661,0.76255068,15:45:00,2024-03-15
202400011387,13:30,Plein jour,2A,2A203,1,1,1,7.0,RD81,42.296461,8.677053,13:30:00,2024-03-16
202400011388,15:10,Plein jour,95,95452,2,8,1,7.0,D78,49.13253935,2.28162232,15:10:00,2024-03-15
202400011389,15:25,Plein jour,93,93014,2,5,1,6.0,MONTFERMEIL (ALLEE DE),48.897072,2.531647,15:25:00,2024-07-04
202400011390,09:50,Plein jour,31,31547,1,2,1,3.0,Intersection D12-D50,43.504278,1.248187,09:50:00,2024-03-16
202400011391,08:45,Plein jour,92,92078,2,2,1,3.0,GALLIENI (BD) (1 A 79 ET 22 A 102),48.9280493,2.33124179,08:45:00,2024-07-04
202400011392,12:12,Plein jour,92,92073,2,3,1,1.0,JAURES (AVENUE JEAN),48.86220208,2.21126965,12:12:00,2024-07-04
202400011393,14:45,Plein jour,972,97225,1,1,1,1.0,Route Nationale N°2,14.758968,-61.162434,14:45:00,2024-03-16
202400011394,16:05,Plein jour,23,23101,1,1,1,3.0,Le Breuil,46.289453,1.925477,16:05:00,2024-03-16
202400011395,08:00,Plein jour,92,92063,2,2,7,6.0,DANTON (RUE),48.87867295,2.18652114,08:00:00,2024-07-04
202400011396,09:30,Plein jour,21,21177,1,1,1,6.0,A6 - PK246+200,47.3676,4.408505,09:30:00,2024-03-17
202400011397,23:17,,92,92050,1,1,1,4.0,PREMIER MAI RUE DU,48.9154506,2.21998358,23:17:00,2024-07-02
202400011398,19:20,Nuit sans éclairage,71,71333,1,1,8,1.0,Route de Saint-germain-du-bois,46.7744812,4.9622231,19:20:00,2024-03-16
202400011399,13:30,Plein jour,92,92050,2,9,1,3.0,GUILLERAIES AVENUE DES,48.8943463,2.18481839,13:30:00,2024-07-02
202400011400,07:00,Crépuscule,76,76615,1,1,2,6.0,route de la garenne,49.596595,0.201659,07:00:00,2024-03-17
202400011401,13:15,Plein jour,92,92049,2,1,1,6.0,BROSSOLETTE AVENUE PIERRE,48.82194,2.31372,13:15:00,2024-07-04
202400011402,12:30,Plein jour,79,79213,2,6,1,3.0,Unknown,46.63593,-0.24598,12:30:00,2024-03-17
202400011403,11:45,Plein jour,92,92024,2,1,1,3.0,PIERRE BEREGOVOY (RUE),48.90284273,2.29689693,11:45:00,2024-07-04
202400011404,15:10,Plein jour,2B,2B043,1,1,1,6.0,RD 80,42.781165,9.480064,15:10:00,2024-03-16
202400011405,16:40,Plein jour,974,97415,1,1,1,3.0,N1,-21.009162,55.277196,16:40:00,2024-07-03
202400011406,02:00,Nuit sans éclairage,65,65075,1,1,1,6.0,D929,42.856077,0.342636,02:00:00,2024-03-17
202400011407,11:30,Plein jour,974,97415,2,1,2,7.0,Chemin Ligne Chereau,-21.02671,55.291491,11:30:00,2024-07-04
202400011408,15:10,Plein jour,65,65448,1,1,1,7.0,D 39,43.283774,0.36242,15:10:00,2024-03-16
202400011409,13:15,Plein jour,69,69018,1,1,1,1.0,Rue des Écharmeaux,46.16366917,4.56964926,13:15:00,2024-03-16
202400011410,22:15,Nuit sans éclairage,12,12140,1,1,1,6.0,D911,44.385511,1.897974,22:15:00,2024-07-03
202400011411,15:40,Plein jour,81,81309,1,4,1,3.0,Route du Dolmen,44.0900965,1.8059017,15:40:00,2024-03-17
202400011412,15:35,Plein jour,47,47015,1,1,1,1.0,518 route de l'ourtiguet,44.055048,0.647067,15:35:00,2024-07-05
202400011413,14:15,Plein jour,11,11129,2,9,1,6.0,137 Avenue de Carcassonne,42.936326,2.231201,14:15:00,2024-03-17
202400011414,11:40,Plein jour,11,11263,1,1,1,3.0,route départementale 117,42.887481,2.127657,11:40:00,2024-03-14
202400011415,18:58,Plein jour,01,01244,1,6,1,5.0,D1084,45.905836,5.21536,18:58:00,2024-06-12
202400011416,18:25,Plein jour,71,71248,1,1,1,6.0,D975,46.558147,4.9269294,18:25:00,2024-03-16
202400011417,19:00,Plein jour,26,26140,1,1,1,1.0,Les Fayolles,45.103085,5.096583,19:00:00,2024-07-04
202400011418,20:10,Nuit sans éclairage,63,63036,1,1,1,7.0,D717,45.514317,3.205304,20:10:00,2024-03-16
202400011419,11:50,Plein jour,63,63178,2,1,1,7.0,13 Boulevard du Mont Mouchet,45.536511,3.247358,11:50:00,2024-03-16
202400011420,11:55,Plein jour,52,52114,1,1,1,7.0,D6,48.051693,4.900932,11:55:00,2024-07-05
202400011421,16:05,Plein jour,55,55463,1,1,2,7.0,D119,48.891143,5.614631,16:05:00,2024-03-17
202400011422,15:50,Plein jour,95,95452,1,1,1,6.0,D85,49.12282922,2.30447378,15:50:00,2024-07-05
202400011423,20:55,Nuit sans éclairage,12,12056,1,1,1,6.0,Route Nationale RN 88,44.289514,2.462225,20:55:00,2024-03-16
202400011424,07:30,Plein jour,95,95487,2,6,1,6.0,D4,49.15748852,2.26370736,07:30:00,2024-07-05
202400011425,21:15,Nuit avec éclairage,47,47252,2,1,1,6.0,Av Gaston Carrere,44.399364,0.603229,21:15:00,2024-03-16
202400011426,13:00,Plein jour,84,84069,1,1,1,6.0,CD 974,44.157332,5.147223,13:00:00,2024-06-24
202400011427,12:30,Plein jour,01,01304,2,1,1,4.0,Rue Philibert-le-beau,46.056779,5.341067,12:30:00,2024-03-17
202400011428,03:15,Nuit sans éclairage,31,31228,2,1,1,6.0,1549 Avenue des Platanes,43.685276,1.595485,03:15:00,2024-07-04
202400011429,05:00,Crépuscule,01,01196,1,1,1,6.0,Route de Foissiat,46.351327,5.138673,05:00:00,2024-03-17
202400011430,09:00,Plein jour,13,13078,1,1,1,3.0,Départemental 35,43.427875,4.763409,09:00:00,2024-06-24
202400011431,10:30,Plein jour,66,66003,2,2,7,6.0,Quai Georges Bosch,42.47478,2.664523,10:30:00,2024-03-16
202400011432,00:26,Nuit sans éclairage,83,83073,1,1,1,6.0,autoroute A8 sens aix6 Nice pk 093.500,43.40345965,6.3011387,00:26:00,2024-07-05
202400011433,08:00,Plein jour,974,97412,2,1,1,6.0,Rue Paul Demange,-21.378508,55.620909,08:00:00,2024-07-05
202400011434,18:35,Crépuscule,18,18065,1,1,1,7.0,Unknown,46.820517,2.129695,18:35:00,2024-03-16
202400011435,19:30,Nuit sans éclairage,972,97221,1,1,1,7.0,1426f Habitation Ferral,14.541263,-60.951864,19:30:00,2024-07-03
202400011436,09:55,Plein jour,07,07056,1,3,1,1.0,les Rotisses,45.338591,4.731084,09:55:00,2024-03-17
202400011437,01:20,Nuit sans éclairage,35,35085,1,1,1,6.0,les fresches,48.42421,-1.755506,01:20:00,2024-07-05
202400011438,03:00,Nuit sans éclairage,21,21445,1,1,1,6.0,D26,47.319494,4.320481,03:00:00,2024-03-16
202400011439,12:50,Plein jour,46,46091,1,1,1,1.0,D22,44.36729,1.628863,12:50:00,2024-07-03
202400011440,18:40,Crépuscule,27,27039,2,1,1,1.0,142 Rue du Village,49.377972,0.856199,18:40:00,2024-03-16
202400011441,14:20,Plein jour,27,27192,2,2,1,3.0,Rue du Loup Pendu,49.161011,0.932591,14:20:00,2024-03-16
202400011442,17:20,Plein jour,14,14061,2,2,1,3.0,4 Route de Beaumesnil,48.91625547,-0.90971392,17:20:00,2024-07-04
202400011443,20:40,,27,27011,2,1,2,1.0,Rue de la République,49.204158,0.934675,20:40:00,2024-03-16
202400011444,21:30,,30,30341,2,2,1,3.0,Rue des Capitaines,43.691692,4.274932,21:30:00,2024-03-15
202400011445,15:11,Plein jour,974,97410,1,1,1,5.0,Route Nationale 2,-21.01334644,55.69054811,15:11:00,2024-07-05
202400011446,01:20,Nuit avec éclairage,26,26325,2,6,1,3.0,Avenue de Lyon,45.29790408,4.81155038,01:20:00,2024-06-30
202400011447,05:50,Nuit sans éclairage,21,21423,1,1,1,2.0,"A6, PK 307+700, sens PARIS / LYON",46.992154,4.854762,05:50:00,2024-03-16
202400011448,22:40,Nuit sans éclairage,65,65301,1,1,1,7.0,D632,43.297702,0.206326,22:40:00,2024-07-04
202400011449,07:00,Plein jour,973,97311,2,1,1,6.0,Rue Joseph Symphorien,5.494572,-54.030767,07:00:00,2024-03-17
202400011450,18:20,Plein jour,72,72155,2,1,1,6.0,place saint martin,47.878158,0.227095,18:20:00,2024-07-04
202400011451,04:29,Nuit sans éclairage,977,97701,1,1,1,6.0,route de Lorient D209 après lieu dit coupe gorge,17.92,-62.85,04:29:00,2024-03-17
202400011452,21:45,Nuit sans éclairage,37,37253,1,1,1,6.0,D58,47.28595982,0.98894861,21:45:00,2024-03-16
202400011453,20:50,Plein jour,62,62279,2,6,1,7.0,D939,50.30279244,2.72572746,20:50:00,2024-06-28
202400011454,15:30,Plein jour,66,66037,1,1,1,3.0,CHEMIN DES TERRES ROUSSES,42.70716816,2.980944,15:30:00,2024-03-16
202400011455,15:50,Plein jour,83,83018,1,1,1,1.0,route départementale 15,43.339685,6.157869,15:50:00,2024-07-05
202400011456,06:27,Nuit sans éclairage,34,34157,1,1,1,2.0,Route de Marseillan,43.427244,3.558821,06:27:00,2024-03-16
202400011457,18:15,Plein jour,59,59454,1,3,1,3.0,Route de Saint Omer,50.789604,2.481341,18:15:00,2024-07-04
202400011458,11:15,Plein jour,05,05166,1,1,1,2.0,"""Les chambons""",44.436687,5.713089,11:15:00,2024-03-16
202400011459,12:40,Plein jour,67,67463,1,1,1,7.0,D752,48.9135,8.107948,12:40:00,2024-07-04
202400011460,19:50,Plein jour,11,11422,1,1,1,7.0,D201,43.234143,2.416928,19:50:00,2024-07-05
202400011461,14:25,Plein jour,13,13097,1,1,1,7.0,N568,43.56134,4.797419,14:25:00,2024-03-17
202400011462,04:45,Nuit sans éclairage,89,89439,1,1,1,6.0,D43,47.965384,3.677239,04:45:00,2024-07-05
202400011463,10:55,Plein jour,70,70279,1,3,1,1.0,D67,47.424842,5.6132841,10:55:00,2024-03-16
202400011464,15:10,Plein jour,61,61214,2,1,1,1.0,Voie Communale,48.760697,0.638526,15:10:00,2024-07-04
202400011465,12:45,Plein jour,34,34224,1,3,1,3.0,Intersection D909 et D33,43.451751,3.209038,12:45:00,2024-06-26