Num_Acc,hrmn,lum,dep,com,agg,int,atm,col,adr,lat,long,heure,date
202400011466,18:30,Nuit sans éclairage,68,68063,1,1,1,7.0,D83,47.783043,7.16801,18:30:00,2024-03-17
202400011467,05:10,Crépuscule,68,68349,1,3,1,1.0,D105,47.596455,7.564795,05:10:00,2024-06-27
202400011468,11:00,Plein jour,68,68012,2,3,2,3.0,40 Route de Thann,47.776471,7.13379,11:00:00,2024-03-17
202400011469,10:30,Plein jour,39,39392,1,1,1,7.0,VC entre Brans et Offlanges,47.218147,5.557135,10:30:00,2024-06-23
202400011470,03:30,Nuit sans éclairage,57,57159,1,1,2,1.0,D19,49.056897,6.568762,03:30:00,2024-03-16
202400011471,10:25,Plein jour,44,44099,2,2,1,3.0,Unknown,47.619723,-1.378387,10:25:00,2024-07-05
202400011472,14:50,Plein jour,42,42094,2,1,1,4.0,Route de Boen,45.7399,4.191864,14:50:00,2024-03-16
202400011473,11:00,Plein jour,31,31232,1,3,1,6.0,3878 Route de Larra,43.74889,1.249609,11:00:00,2024-07-05
202400011474,07:15,Plein jour,13,13202,1,1,1,1.0,TVPCM-Sens Saint Victor vers Les Ports,43.29955,5.37102,07:15:00,2024-03-16
202400011475,21:45,Crépuscule,84,84017,1,1,1,6.0,D19 route de la madeleine,44.120195,5.233366,21:45:00,2024-07-04
202400011476,23:30,,33,33143,1,1,1,6.0,Unknown,44.97772,-0.43184,23:30:00,2024-03-15
202400011477,18:45,Plein jour,03,03144,1,1,1,7.0,D15,46.394098,3.763845,18:45:00,2024-07-04
202400011478,14:50,Plein jour,91,91286,1,1,1,2.0,AUTOROUTE A6,48.65415,2.38058,14:50:00,2024-03-16
202400011479,17:35,Plein jour,03,03099,1,1,1,3.0,Le puy de laraud,46.391992,3.040617,17:35:00,2024-07-04
202400011480,18:05,Plein jour,01,01124,2,1,1,7.0,D996,46.451886,5.233848,18:05:00,2024-07-04
202400011481,06:37,Crépuscule,91,91161,1,1,8,3.0,AUTOROUTE A6,48.698583,2.313499,06:37:00,2024-03-16
202400011482,13:05,Plein jour,26,26114,2,1,1,3.0,Route de Nyons,44.517952,5.079889,13:05:00,2024-06-28
202400011483,15:45,Plein jour,78,78423,1,1,1,2.0,A12 W,48.784131,2.034302,15:45:00,2024-03-16
202400011484,16:30,Plein jour,72,72126,1,2,1,3.0,Intersection D21 / C3,48.02942,-0.098711,16:30:00,2024-06-01
202400011485,02:20,Nuit sans éclairage,95,95241,1,1,2,2.0,N104,49.04733495,2.43640924,02:20:00,2024-03-16
202400011486,00:40,Nuit sans éclairage,93,93027,1,1,2,6.0,A16,48.92644303,2.40293928,00:40:00,2024-03-16
202400011487,06:50,Plein jour,90,90081,1,2,1,1.0,D463,47.524707,7.109324,06:50:00,2024-07-05
202400011488,07:50,Plein jour,09,09140,1,1,1,6.0,Route de l?Aude,42.742348,1.835167,07:50:00,2024-07-05
202400011489,16:30,Plein jour,92,92078,1,1,1,4.0,AUTOROUTE A86,48.93631371,2.31904047,16:30:00,2024-03-15
202400011490,07:30,Plein jour,93,93078,1,1,1,6.0,A104,48.95809287,2.53061231,07:30:00,2024-03-15
202400011491,11:25,Plein jour,45,45233,1,1,1,1.0,5 Rue de la Vallée de Foussereau,48.201287,2.415045,11:25:00,2024-07-05
202400011492,13:30,Plein jour,64,64065,2,1,1,4.0,D918,43.35383969,-1.62069261,13:30:00,2024-07-04
202400011493,14:40,Plein jour,10,10126,1,1,1,7.0,D619,48.268155,4.611747,14:40:00,2024-07-05
202400011494,15:30,Plein jour,77,77373,1,1,1,4.0,RN104,48.77496007,2.61237869,15:30:00,2024-03-16
202400011495,17:45,Plein jour,40,40044,1,1,1,1.0,Rd 817,43.548375,-1.325683,17:45:00,2024-07-03
202400011496,20:15,Nuit sans éclairage,974,97416,1,1,1,6.0,BADAMIER(CHEMIN),-21.32159,55.45795,20:15:00,2024-03-15
202400011497,08:30,Plein jour,85,85265,1,1,7,7.0,D15 PK 10+700,46.401838,-0.72293,08:30:00,2024-07-05
202400011498,17:25,Plein jour,85,85039,1,1,1,3.0,6 rue beauregard,46.99232,-1.15247,17:25:00,2024-07-04
202400011499,13:54,Plein jour,973,97302,2,1,1,3.0,MONTABO (ROUTE DE) 2,4.93907,-52.30055,13:54:00,2024-03-15
202400011500,15:09,Plein jour,87,87126,2,1,1,6.0,7 Rue Charles de Gaulle,45.820626,0.825726,15:09:00,2024-07-05
202400011501,19:30,,69,69383,2,1,1,3.0,Avenue Lacassagne,45.75275906,4.86970556,19:30:00,2024-03-15
202400011502,18:15,Plein jour,37,37084,1,3,1,3.0,Les Maisons Neuves,47.574,0.35601,18:15:00,2024-07-04
202400011503,18:50,,69,69383,2,1,1,3.0,Rue du Dauphiné,45.75473,4.87468,18:50:00,2024-03-15
202400011504,18:50,Plein jour,48,48016,1,1,1,1.0,D986,44.472134,3.45431,18:50:00,2024-07-05
202400011505,13:20,Plein jour,69,69388,2,1,1,3.0,Rue Professeur Joseph Nicolas,45.73416,4.88252,13:20:00,2024-03-15
202400011506,08:55,Plein jour,987,98734,1,1,1,3.0,"PK 38,300 CÔTÉ MONTAGNE",-17.75500818,-149.52140808,08:55:00,2024-07-05
202400011507,09:30,Plein jour,972,97213,1,1,1,1.0,CHEMIN DU BAC,14.59405,-60.98238,09:30:00,2024-03-15
202400011508,09:45,Plein jour,06,06084,2,3,1,1.0,210 Route de Pégomas,43.618022,6.969564,09:45:00,2024-07-03
202400011509,17:57,Plein jour,33,33122,2,9,1,3.0,Unknown,44.734676,-0.776446,17:57:00,2024-07-04
202400011510,21:25,Nuit sans éclairage,972,97209,2,1,1,1.0,VICTOR LAMON (AVENUE),14.60205883,-61.05694781,21:25:00,2024-03-14
202400011511,17:45,Plein jour,06,06085,2,1,1,3.0,99a Avenue de Pibonson,43.59843,6.984826,17:45:00,2024-07-05
202400011512,11:10,Plein jour,69,69384,2,1,1,3.0,88 Boulevard de la Croix-Rousse,45.77387,4.82545,11:10:00,2024-03-15
202400011513,03:30,,987,98735,1,1,1,1.0,RDO,-17.569882,-149.605894,03:30:00,2024-07-05
202400011514,15:45,Plein jour,69,69149,2,1,1,6.0,1 Rue du 8 Mai 1945,45.70047,4.82644,15:45:00,2024-03-13
202400011515,03:47,,06,06155,1,1,1,4.0,PV Nord PK 171.48,43.60451,7.066306,03:47:00,2024-07-05
202400011516,18:25,,971,97101,2,3,1,3.0,BOISSARD,16.24249,-61.53012,18:25:00,2024-03-15
202400011517,08:00,Crépuscule,36,36243,1,1,1,3.0,Intersection D64-D17,47.00577993,1.34072601,08:00:00,2024-07-05
202400011518,08:00,Plein jour,971,97101,1,1,1,2.0,RN11,16.26374,-61.51124,08:00:00,2024-03-14
202400011519,07:05,Plein jour,17,17434,1,1,1,3.0,D911bis,46.094662,-0.751362,07:05:00,2024-07-05
202400011520,08:10,Plein jour,971,97120,2,1,3,7.0,CHEMIN NEUF,16.23468,-61.53214,08:10:00,2024-03-09
202400011521,12:30,Plein jour,988,98821,1,1,2,1.0,RT1 - Tontouta,-22.0022,166.21631,12:30:00,2024-07-05
202400011522,21:25,,95,95582,2,1,3,6.0,D14,48.9715164,2.2581476,21:25:00,2024-03-15
202400011523,07:10,Plein jour,976,97608,2,1,1,3.0,Boulevard des Crabes,-12.783925,45.258334,07:10:00,2024-06-21
202400011524,12:30,Plein jour,95,95203,2,1,1,6.0,REPUBLIQUE (BOULEVARD DE LA),48.98512939,2.28112757,12:30:00,2024-03-14
202400011525,14:45,Plein jour,974,97423,2,1,1,3.0,N1a,-21.122891,55.263513,14:45:00,2024-07-05
202400011526,19:50,,95,95598,2,1,2,6.0,DESCARTES (AVENUE),48.98112064,2.29389757,19:50:00,2024-03-15
202400011527,10:00,Plein jour,974,97418,1,1,7,7.0,D51,-20.920477,55.569985,10:00:00,2024-07-05
202400011528,14:45,Plein jour,973,97311,2,1,1,1.0,Avenue Gaston Monnerville,5.492986,-54.01823,14:45:00,2024-07-05
202400011529,20:15,,91,91201,2,4,1,4.0,AV DU GENERAL DE GAULLE,48.68644,2.40442,20:15:00,2024-03-14
202400011530,19:00,Nuit sans éclairage,971,97115,1,6,1,2.0,Jaula,16.27504917,-61.65933967,19:00:00,2024-07-03
202400011531,18:10,Plein jour,88,88160,2,2,1,3.0,OLIMA (RUE D'),48.17648,6.4339,18:10:00,2024-03-14
202400011532,18:45,Crépuscule,971,97107,2,1,1,5.0,RN1 Section Sainte Marie Four à Chaux,16.105185,-61.565205,18:45:00,2024-06-30
202400011533,18:47,Crépuscule,88,88160,2,1,1,3.0,POISSOMPRE (FG DE),48.1816,6.4689,18:47:00,2024-03-14
202400011534,19:09,Plein jour,77,77183,2,2,1,3.0,Boulevard de Turenne,48.948094,3.129671,19:09:00,2024-07-03
202400011535,15:05,Plein jour,85,85191,2,1,1,7.0,D160,46.670375,-1.4591716,15:05:00,2024-02-27
202400011536,15:28,Plein jour,84,84031,2,3,1,3.0,KENNEDY AVENUE JOHN .F.,44.03985,5.03223,15:28:00,2024-03-15
202400011537,07:10,Plein jour,2B,2B047,2,3,7,3.0,PK 57.200,42.333312,9.007078,07:10:00,2024-07-05
202400011538,19:20,Plein jour,84,84007,2,1,1,3.0,JARDINS NEUFS (CHE DES),43.95544,4.82894,19:20:00,2024-03-14
202400011539,06:15,Crépuscule,11,11099,1,1,1,1.0,Route départementale 118,43.291709,2.35616,06:15:00,2024-07-05
202400011540,08:10,Plein jour,83,83137,2,1,1,6.0,FUSILIERS MARINS (AVE DES),43.12587789,5.90581492,08:10:00,2024-03-15
202400011541,21:30,Crépuscule,04,04096,1,1,1,7.0,D900,44.43459,6.743953,21:30:00,2024-07-03
202400011542,08:20,Plein jour,80,80021,2,1,1,3.0,Rue d'Abbeville,49.90931,2.26054,08:20:00,2024-03-15
202400011543,20:35,Plein jour,13,13100,2,1,1,3.0,Chemin de Bigau,43.785162,4.847638,20:35:00,2024-07-04
202400011544,11:50,Plein jour,13,13100,2,4,1,2.0,Avenue du General Koenig,43.793278,4.824039,11:50:00,2024-07-04
202400011545,11:00,Plein jour,26,26271,1,3,1,2.0,Avenue du Vercors,45.01526154,4.85550642,11:00:00,2024-07-04
202400011546,15:40,Plein jour,78,78643,2,1,1,5.0,EUROPE BD DE L',48.97338,1.98753,15:40:00,2024-03-15
202400011547,22:30,Nuit sans éclairage,26,26179,2,3,1,5.0,Route de Tain,45.10253702,4.8837018,22:30:00,2024-07-04
202400011548,12:00,Plein jour,76,76108,2,1,2,3.0,Chemin de Clères,49.4578713,1.09428227,12:00:00,2024-03-15
202400011549,15:50,Plein jour,74,74010,2,1,1,6.0,FRANCE (AVENUE)(SECTEUR 320),45.9092,6.139,15:50:00,2024-03-14
202400011550,08:05,Plein jour,01,01262,2,3,1,3.0,intersection chemin de la pierre / RD1084,45.849235,5.05087,08:05:00,2024-07-03
202400011551,13:20,Plein jour,74,74010,2,2,1,3.0,ROCADE (BOULEVARD DE LA),45.9114,6.12159,13:20:00,2024-03-14
202400011552,13:30,Plein jour,33,33019,2,1,1,6.0,Unknown,44.680498,-1.011869,13:30:00,2024-06-28
202400011553,20:30,Plein jour,02,02555,2,1,1,3.0,Rue du Crochet,48.967006,3.33009,20:30:00,2024-07-04
202400011554,17:00,Plein jour,80,80561,1,1,1,7.0,D26,49.646403,2.542176,17:00:00,2024-07-04
202400011555,15:18,Plein jour,59,59387,1,1,9,2.0,rue François Mitterand D 49,50.29254,3.276431,15:18:00,2024-07-04
202400011556,15:20,Plein jour,13,13215,1,1,1,2.0,A7-Sens Marseille vers Lyon,43.35267,5.36576,15:20:00,2024-07-04
202400011557,12:04,Plein jour,13,13211,1,1,1,4.0,A50-Sens Marseille vers Aubagne,43.29297841,5.47637741,12:04:00,2024-06-29
202400011558,19:30,Plein jour,13,13071,1,1,1,5.0,A55 - Sens Marseille vers Martigues,43.37210124,5.32036195,19:30:00,2024-07-03
202400011559,12:50,Plein jour,83,83137,2,1,1,6.0,A50 ENTRÉE TUNNEL TUBE SUD,43.12699683,5.91543203,12:50:00,2024-07-04
202400011560,15:55,Plein jour,57,57474,1,9,1,2.0,Autoroute A31,49.26649611,6.1761978,15:55:00,2024-07-04
202400011561,17:00,Plein jour,54,54232,1,1,1,1.0,A31,48.68341479,5.9476161,17:00:00,2024-06-28
202400011562,12:10,Plein jour,33,33143,1,1,1,4.0,Unknown,44.95917204,-0.44626143,12:10:00,2024-07-04
202400011563,11:15,Plein jour,33,33318,1,1,3,2.0,Unknown,44.78806,-0.63254,11:15:00,2024-07-04
202400011564,13:20,Plein jour,33,33075,1,1,1,1.0,Unknown,44.89017,-0.61271,13:20:00,2024-07-02
202400011565,18:09,Plein jour,91,91064,1,1,1,4.0,RN 118,48.74906,2.21208,18:09:00,2024-07-04
202400011566,09:45,Plein jour,91,91377,1,1,1,6.0,AUTOROUTE A10,48.72559,2.3007,09:45:00,2024-07-04
202400011567,08:40,Plein jour,92,92048,1,1,1,3.0,N118,48.80093966,2.21554546,08:40:00,2024-07-04
202400011568,05:50,Crépuscule,92,92036,1,1,1,6.0,A86,48.93800765,2.29989311,05:50:00,2024-07-03
202400011569,16:35,Plein jour,93,93063,1,1,1,3.0,A3,48.87402843,2.43782792,16:35:00,2024-07-04
202400011570,14:50,Plein jour,93,93066,1,1,1,2.0,A1,48.91936344,2.35754643,14:50:00,2024-07-04
202400011571,09:40,Plein jour,93,93010,1,1,1,5.0,A3,48.9033736,2.47126769,09:40:00,2024-07-04
202400011572,21:00,Plein jour,93,93053,2,9,1,3.0,AUTOROUTE A3,48.88398177,2.46266324,21:00:00,2024-07-03
202400011573,14:05,Plein jour,93,93078,1,1,1,3.0,A104,48.96839101,2.50823077,14:05:00,2024-07-03
202400011574,08:55,Plein jour,93,93063,1,1,1,2.0,A3,48.87528738,2.44004158,08:55:00,2024-07-03
202400011575,17:45,Plein jour,94,94073,1,1,1,2.0,A86,48.77111483,2.39012767,17:45:00,2024-07-04
202400011576,17:25,Plein jour,77,77363,1,1,1,2.0,A104,48.914799,2.634244,17:25:00,2024-07-04
202400011577,17:15,Plein jour,94,94079,1,1,1,2.0,A4,48.83343374,2.53492004,17:15:00,2024-07-04
202400011578,18:29,Plein jour,45,45234,2,3,1,6.0,14 Rue du Gros Raisin,47.89019,1.88696,18:29:00,2024-04-08
202400011579,00:10,Nuit sans éclairage,974,97404,1,1,2,7.0,D17,-21.258401,55.34351,00:10:00,2024-04-29
202400011580,08:42,Plein jour,44,44143,2,6,1,3.0,Rue du Vert Praud,47.1616846,-1.54988272,08:42:00,2024-06-12
202400011581,17:04,Plein jour,44,44184,2,3,1,3.0,272 Rue de Trignac,47.30196223,-2.18372249,17:04:00,2024-06-07
202400011582,15:02,Plein jour,49,49099,2,1,1,6.0,EUROPE (AVENUE DE L'),47.05024,-0.88486,15:02:00,2024-04-13
202400011583,19:55,Plein jour,2A,2A004,2,1,1,1.0,#ROSSINI PASCAL BD#,41.91723,8.73559,19:55:00,2024-07-03
202400011584,09:13,Plein jour,91,91421,2,1,1,3.0,SAINT HUBERT (RUE),48.69785,2.47032,09:13:00,2024-07-03
202400011585,10:30,Plein jour,91,91228,2,1,1,6.0,RUE DU BONHOMME EN PIERRE,48.62937,2.45325,10:30:00,2024-07-03
202400011586,11:40,Plein jour,84,84007,2,2,1,6.0,PUY Guillaume ( Rue),43.94709,4.81435,11:40:00,2024-06-30
202400011587,20:05,Plein jour,84,84007,2,6,1,3.0,C.De GAULLE (Rocade),43.92961,4.82027,20:05:00,2024-07-02
202400011588,13:30,Plein jour,83,83137,2,2,1,6.0,FARON (BD DU),43.13563,5.92659,13:30:00,2024-07-03
202400011589,17:25,Plein jour,76,76351,2,1,1,6.0,MULHOUSE (DE),49.48875,0.14008,17:25:00,2024-07-02
202400011590,03:40,Nuit sans éclairage,73,73065,1,4,1,6.0,N201,45.60545457,5.88998181,03:40:00,2024-07-03
202400011591,07:00,Plein jour,69,69092,1,4,2,7.0,Route de Montmelas,46.00293,4.6799,07:00:00,2024-07-03
202400011592,04:00,,69,69290,2,1,1,1.0,Rue Pierre Sémard,45.68893,4.92385,04:00:00,2024-07-02
202400011593,13:00,Plein jour,69,69029,1,3,1,5.0,Boulevard de l'Université,45.7252,4.92473,13:00:00,2024-07-01
202400011594,15:25,Plein jour,64,64445,2,1,1,6.0,PASTEUR ALPHONSE CADIER DU,43.30798,-0.36052,15:25:00,2024-07-03
202400011595,08:30,Plein jour,64,64348,2,6,1,3.0,MARCEL DASSAULT,43.30096,-0.41031,08:30:00,2024-07-03
202400011596,08:35,Plein jour,63,63014,2,6,1,2.0,Giratoire NOELLET / Mont Mouchet,45.75165681,3.10879558,08:35:00,2024-07-03
202400011597,19:00,Plein jour,62,62400,1,1,2,1.0,Rue de Rebreuve,50.47216,2.58643,19:00:00,2024-07-03
202400011598,09:00,Plein jour,60,60159,2,6,1,6.0,Rond-point Guy Deniélou,49.40154,2.79706,09:00:00,2024-07-03
202400011599,00:40,Nuit sans éclairage,59,59512,2,2,1,3.0,Boulevard de la Laine,50.70776,3.18672,00:40:00,2024-07-03
202400011600,20:40,Crépuscule,59,59410,2,9,1,6.0,COTY RENE AVENUE,50.64202,3.11208,20:40:00,2024-07-03
202400011601,12:50,Plein jour,59,59350,2,3,8,1.0,Rue de Douai,50.619017,3.073304,12:50:00,2024-07-03
202400011602,06:50,Plein jour,59,59247,2,1,1,6.0,PRINCIPALE RUE,50.63505,3.18837,06:50:00,2024-06-29
202400011603,09:45,Plein jour,57,57227,2,2,1,3.0,SPICHEREN(AVENUE DE),49.186647,6.905035,09:45:00,2024-07-02
202400011604,07:15,Crépuscule,56,56098,1,1,1,6.0,Rue Denis Papin,47.78109,-3.33511,07:15:00,2024-07-03
202400011605,18:05,,33,33032,2,1,1,1.0,Unknown,44.90725,-0.53092,18:05:00,2024-11-24
202400011606,19:20,,33,33063,2,3,1,2.0,Unknown,44.84972,-0.59652,19:20:00,2024-11-24
202400011607,18:45,Nuit sans éclairage,33,33281,2,3,1,6.0,Unknown,44.84212,-0.66068,18:45:00,2024-11-24
202400011608,06:05,,32,32013,2,1,8,6.0,ARAGO (RUE),43.651,0.58392,06:05:00,2024-11-24
202400011609,18:10,Nuit sans éclairage,31,31555,2,3,1,3.0,RUE FONTENAY,43.62094,1.46135,18:10:00,2024-11-24
202400011610,18:00,,27,27562,2,1,8,4.0,DE GAULLE (BOULEVARD),49.09804,1.45675,18:00:00,2024-11-23
202400011611,12:46,Plein jour,22,22113,2,1,3,3.0,PALAIS DE JUSTICE (ALLEE DU),48.728,-3.4583,12:46:00,2024-11-23
202400011612,18:30,Nuit sans éclairage,13,13071,2,1,1,3.0,CD 6,43.41354,5.34273,18:30:00,2024-11-24
202400011613,18:30,,13,13211,2,1,1,3.0,CAMOINS (AVENUE DES),43.30606593,5.51072601,18:30:00,2024-11-24
202400011614,15:30,Plein jour,13,13210,2,1,1,3.0,(RUE) NEGRESKO,43.26972222,5.3904368,15:30:00,2024-11-22
202400011615,02:45,,11,11262,2,2,1,3.0,Unknown,43.190277,3.0061199,02:45:00,2024-11-23
202400011616,15:15,Plein jour,11,11262,2,2,1,3.0,23 Boulevard Gambetta,43.183492,3.008171,15:15:00,2024-11-23
202400011617,17:32,,06,06083,2,6,1,6.0,1 Porte de France,43.77901,7.507523,17:32:00,2024-11-23
202400011618,09:20,Plein jour,75,75116,2,1,1,3.0,BD PERIPHERIQUE EXTERIEUR,48.836323,2.256396,09:20:00,2024-11-23
202400011619,10:35,Plein jour,75,75116,2,1,2,3.0,BD PERIPHERIQUE EXTERIEUR,48.866593,2.268615,10:35:00,2024-11-19
202400011620,19:25,,75,75120,2,1,1,2.0,RUE DES PYRENEES,48.870611,2.393719,19:25:00,2024-11-24
202400011621,21:10,,75,75113,2,3,1,1.0,PLACE D ITALIE,48.831811,2.356795,21:10:00,2024-11-24
202400011622,17:25,,75,75110,2,7,1,6.0,PLACE FRANZ LISZT,48.877921,2.351762,17:25:00,2024-11-24
202400011623,12:43,Plein jour,75,75108,2,5,1,6.0,RUE DE LA NEVA,48.877205,2.30032,12:43:00,2024-11-23
202400011624,23:45,,75,75108,2,7,1,3.0,VOIE GEORGES POMPIDOU,48.864503,2.320408,23:45:00,2024-11-23
202400011625,03:50,,75,75101,2,3,1,3.0,RUE DU LOUVRE,48.863849,2.342358,03:50:00,2024-11-24
202400011626,02:00,,75,75102,2,3,1,7.0,BOULEVARD DE BONNE NOUVELLE,48.869708,2.351908,02:00:00,2024-11-24
202400011627,16:20,Crépuscule,94,94046,2,1,1,6.0,Avenue Gambetta,48.81008022,2.43800488,16:20:00,2024-11-24
202400011628,23:50,,94,94041,2,1,1,6.0,Rue Robespierre,48.807711,2.386905,23:50:00,2024-11-22
202400011629,13:05,Plein jour,93,93073,2,2,1,3.0,PETITS PONTS (ROUTE DES),48.96546,2.56928,13:05:00,2024-11-24
202400011630,06:40,Nuit sans éclairage,93,93073,1,1,1,6.0,CHAPIT RE ( RUE DU),49.01189,2.56179,06:40:00,2024-11-24
202400011631,22:50,,93,93064,2,9,1,3.0,OFFENBACH (RUE JACQUES),48.88335577,2.48101473,22:50:00,2024-11-23
202400011632,15:15,Plein jour,93,93066,2,2,1,3.0,WILSON (AVENUE DU PRESIDENT),48.91816,2.35774,15:15:00,2024-11-24
202400011633,17:25,Crépuscule,93,93047,2,2,1,3.0,PAUL DE KOCH  (RUE),48.89936777,2.55951347,17:25:00,2024-11-24
202400011634,19:10,,93,93007,2,1,8,6.0,"""REPUBLIQUE (AVENUE DE LA """"COTE IMPAIRS",48.93568923,2.46802236,19:10:00,2024-11-24
202400011635,00:20,,92,92075,2,3,1,3.0,MARY BESSEYRE (RUE),48.82195167,2.28924282,00:20:00,2024-11-24
202400011636,17:35,,92,92051,2,1,1,6.0,"CHARLES DE GAULLE (AVENUE, N° 18 A 116)",48.88266906,2.26790875,17:35:00,2024-11-24
202400011637,16:40,Plein jour,92,92025,2,9,8,3.0,CHARLES DE GAULLE (BD),48.91459435,2.2290684,16:40:00,2024-11-22
202400011638,20:10,,92,92002,2,1,1,7.0,DIVISION LECLERC (31 A 51 -36 A 56 BIS),48.75065667,2.3045142,20:10:00,2024-11-24
202400011639,11:30,Plein jour,47,47100,1,1,3,7.0,N1021,44.23958877,0.60429024,11:30:00,2024-11-25
202400011640,23:35,Nuit sans éclairage,95,95313,1,1,1,6.0,A16,49.12570879,2.25342372,23:35:00,2024-11-24
202400011641,07:23,Crépuscule,37,37153,1,1,1,6.0,Lieu Dit le Haut Pertuis,47.51484282,0.81112862,07:23:00,2024-11-24
202400011642,19:15,Nuit sans éclairage,54,54345,1,1,6,7.0,D115,48.61059227,6.27426624,19:15:00,2024-11-24
202400011643,12:35,Plein jour,33,33327,2,1,1,7.0,Unknown,44.657149,-0.360051,12:35:00,2024-11-24
202400011644,17:00,Plein jour,85,85188,1,1,1,1.0,RD 137,46.626084,-1.040654,17:00:00,2024-11-25
202400011645,05:50,Nuit sans éclairage,27,27306,1,1,4,6.0,RD 52,48.972066,1.199967,05:50:00,2024-11-23
202400011646,07:50,Crépuscule,83,83049,1,1,1,3.0,D43,43.24952801,6.07807875,07:50:00,2024-11-25
202400011647,16:55,Crépuscule,95,95352,2,9,1,2.0,D316,49.10985227,2.42901336,16:55:00,2024-11-25
202400011648,15:30,Plein jour,76,76692,1,2,1,3.0,D5,49.693983,0.638473,15:30:00,2024-11-22
202400011649,18:30,Nuit sans éclairage,2A,2A181,1,1,1,1.0,#U Gigliu#,41.942,8.918935,18:30:00,2024-11-24
202400011650,16:45,Nuit sans éclairage,2B,2B319,1,1,1,3.0,Penticchie,42.428169,9.525425,16:45:00,2024-11-25
202400011651,18:30,Nuit sans éclairage,82,82185,1,1,1,7.0,D47,44.37453,0.900804,18:30:00,2024-11-24
202400011652,06:00,Nuit sans éclairage,82,82051,1,1,2,6.0,Route de Moissac,44.169154,1.117601,06:00:00,2024-11-24
202400011653,17:30,Plein jour,82,82131,1,2,1,3.0,Route de Paris,44.25382,1.491939,17:30:00,2024-11-23
202400011654,03:10,Nuit sans éclairage,71,71161,1,1,1,6.0,rd 60 aire des bottères,46.59912,3.97765,03:10:00,2024-11-24
202400011655,07:30,Crépuscule,89,89042,1,1,1,7.0,D957,47.609418,4.197393,07:30:00,2024-11-25
202400011656,10:40,Plein jour,35,35227,1,6,1,3.0,Rue de Rennes,48.175863,-1.925429,10:40:00,2024-11-24
202400011657,16:00,Plein jour,03,03157,1,1,6,4.0,D907,46.204979,3.499726,16:00:00,2024-11-24
202400011658,13:45,Plein jour,03,03213,1,3,1,5.0,D2144,46.449833,2.607729,13:45:00,2024-11-24
202400011659,15:30,Plein jour,01,01363,2,2,1,3.0,Chemin de la Passe,46.035139,5.384524,15:30:00,2024-11-24
202400011660,10:40,Plein jour,14,14005,1,1,1,1.0,Route des Renardières,49.082422,-0.166308,10:40:00,2024-11-24
202400011661,17:00,Crépuscule,64,64436,1,1,2,1.0,D918,43.229688,-1.300914,17:00:00,2024-11-25
202400011662,09:50,Plein jour,22,22113,2,1,1,6.0,MARZIN (AVENUE PIERRE),48.75327,-3.45835,09:50:00,2024-04-23
202400011663,17:50,,18,18136,2,1,1,7.0,10 Rue du Stade,46.697276,2.372827,17:50:00,2024-11-24
202400011664,16:15,Crépuscule,43,43079,1,1,6,7.0,RN102,45.19946258,3.50441309,16:15:00,2024-11-23
202400011665,15:30,Plein jour,18,18279,1,1,1,5.0,Unknown,47.27124,2.11229,15:30:00,2024-04-17
202400011666,18:00,Nuit sans éclairage,04,04116,1,2,1,3.0,D4,44.000162,5.938904,18:00:00,2024-11-23
202400011667,17:45,Crépuscule,17,17471,1,1,1,6.0,D222E1,46.060606,-0.294775,17:45:00,2024-11-24
202400011668,13:30,Plein jour,17,17338,1,1,1,2.0,D 911,46.135047,-0.727887,13:30:00,2024-11-22
202400011669,15:20,Plein jour,15,15012,1,1,1,6.0,RD 920,44.8918,2.44641,15:20:00,2024-04-21
202400011670,17:20,Crépuscule,17,17260,1,2,1,3.0,D910bis,45.244271,-0.202485,17:20:00,2024-11-24
202400011671,11:00,Plein jour,13,13205,2,8,1,3.0,CHAVE (BOULEVARD),43.29561,5.39788,11:00:00,2024-04-23
202400011672,05:30,Nuit sans éclairage,87,87205,1,1,6,6.0,D57,45.716563,1.288919,05:30:00,2024-11-24
202400011673,07:50,Plein jour,13,13206,2,1,1,6.0,VINCENT DELPUECH (BOULEVARD),43.28305,5.3902,07:50:00,2024-04-22
202400011674,04:05,Nuit sans éclairage,30,30276,1,1,1,7.0,D58,43.587281,4.223459,04:05:00,2024-11-24
202400011675,12:20,Plein jour,13,13028,2,1,1,3.0,ANTIOPE (VOIE ),43.20674,5.60189,12:20:00,2024-04-23
202400011676,23:25,,22,22211,2,3,1,6.0,Rue Yves le Cudennec,48.704113,-3.450691,23:25:00,2024-11-23
202400011677,20:47,Nuit avec éclairage,69,69244,2,9,8,7.0,13 Avenue Victor Hugo,45.772376,4.791225,20:47:00,2024-11-21
202400011678,20:35,Nuit sans éclairage,67,67248,1,1,1,2.0,Autoroute A35,48.478846,7.54617,20:35:00,2024-11-15
202400011679,18:30,Plein jour,13,13001,2,1,1,3.0,ANCIEN CHEMIN D'AVIGNON (CH),43.57142515,5.39627344,18:30:00,2024-04-23
202400011680,21:10,Nuit sans éclairage,57,57073,2,4,1,3.0,Bretelle d'accès A.4 et A.320,49.13927,6.801878,21:10:00,2024-11-23
202400011681,02:57,Nuit sans éclairage,27,27554,1,1,1,6.0,La Chapelle-Longueville,49.092433,1.366174,02:57:00,2024-11-25