Num_Acc,hrmn,lum,dep,com,agg,int,atm,col,adr,lat,long,heure,date
202400011682,17:30,Plein jour,06,06069,2,1,2,5.0,Chemin de l’Orme,43.64876,6.94476,17:30:00,2024-04-22
202400011683,16:30,Plein jour,34,34123,2,3,1,3.0,Avenue de l'Europe,43.616708,3.79744,16:30:00,2024-11-23
202400011684,16:30,Plein jour,03,03185,2,1,1,6.0,Avenue Albert Thomas,46.358278,2.584551,16:30:00,2024-04-16
202400011685,03:00,,987,98714,1,1,1,7.0,RT 101 COLLÈGE/LYCÉE amanahune,-16.525324,-151.737649,03:00:00,2024-11-24
202400011686,20:10,Plein jour,02,02738,2,1,1,6.0,16 Chaussée Brunehaut (Vouël),49.664222,3.278942,20:10:00,2024-04-23
202400011687,21:30,,987,98733,2,1,1,1.0,RT1 PK 27 MARAA,-17.69726824,-149.58363712,21:30:00,2024-11-23
202400011688,19:00,Plein jour,75,75113,2,4,1,3.0,BD PERIPHERIQUE INTERIEUR,48.82594268,2.38696754,19:00:00,2024-04-23
202400011689,07:30,Plein jour,976,97615,2,1,1,6.0,Rue Vitta Lemengo,-12.794282,45.281266,07:30:00,2024-11-21
202400011690,18:30,Plein jour,75,75117,2,1,1,2.0,PORTE DE CHAMPERRET,48.889591,2.297417,18:30:00,2024-04-22
202400011691,07:30,Plein jour,974,97418,2,1,3,1.0,Route Tabur,-20.914183,55.541446,07:30:00,2024-11-23
202400011692,17:20,Plein jour,75,75115,2,1,1,3.0,BD PERIPHERIQUE EXTERIEUR,48.835195,2.272085,17:20:00,2024-04-22
202400011693,16:43,Crépuscule,91,91338,2,5,2,3.0,D988,48.644582,2.067511,16:43:00,2024-11-24
202400011694,19:50,Plein jour,75,75112,2,1,1,4.0,BD PERIPHERIQUE INTERIEUR,48.844941,2.414035,19:50:00,2024-04-21
202400011695,06:55,,84,84132,2,1,1,1.0,1083 toute l'isle sur la sorgue,43.922,5.014347,06:55:00,2024-11-25
202400011696,18:55,Plein jour,75,75119,2,1,1,6.0,AVENUE MATHURIN MOREAU,48.878776,2.37739,18:55:00,2024-04-23
202400011697,09:11,Plein jour,41,41018,2,1,2,6.0,CHATEAUDUN (AVENUE DE),47.57958,1.3458,09:11:00,2024-09-11
202400011698,19:30,,38,38537,2,1,1,6.0,Rue Saint-cyr-girier,45.632736,5.147341,19:30:00,2024-11-09
202400011699,09:40,Plein jour,75,75117,2,2,1,6.0,RUE RENNEQUIN,48.880495,2.299629,09:40:00,2024-04-23
202400011700,21:40,,07,07324,2,1,6,2.0,AVENUE MARECHAL FOCH,45.070649,4.827236,21:40:00,2024-11-24
202400011701,05:00,,37,37261,2,3,8,3.0,MAGINOT (AV. ANDRE),47.41445,0.68757,05:00:00,2024-09-12
202400011702,15:20,Plein jour,75,75115,2,3,1,3.0,RUE BRANCION,48.831253,2.302517,15:20:00,2024-04-22
202400011703,09:45,Plein jour,69,69242,1,1,2,1.0,Route de Dracé,46.13653645,4.76174144,09:45:00,2024-11-21
202400011704,14:30,Plein jour,37,37261,2,2,1,3.0,GRAMMONT (AVENUE DE),47.38402,0.69156,14:30:00,2024-09-12
202400011705,15:40,Plein jour,75,75114,2,3,1,6.0,RUE D ALESIA,48.832233,2.312915,15:40:00,2024-04-23
202400011706,18:30,,17,17021,2,4,1,7.0,Avenue de l'Etrade,45.754615,-1.13885,18:30:00,2024-11-24
202400011707,12:35,Plein jour,33,33012,1,1,2,6.0,Unknown,44.984653,-0.680401,12:35:00,2024-11-19
202400011708,10:45,Plein jour,35,35238,2,1,1,6.0,NANTES (RUE DE),48.09256,-1.69142,10:45:00,2024-09-12
202400011709,08:30,Plein jour,75,75114,2,3,1,6.0,RUE LIANCOURT,48.835021,2.324061,08:30:00,2024-04-22
202400011710,07:50,Nuit sans éclairage,60,60009,2,1,3,6.0,Rue Pierre Debourge,49.40193868,2.11646891,07:50:00,2024-11-25
202400011711,16:10,Plein jour,75,75113,2,1,1,3.0,BOULEVARD DE L HOPITAL,48.834982,2.358101,16:10:00,2024-04-23
202400011712,18:00,Plein jour,35,35238,2,3,1,3.0,VOLTAIRE (BD),48.1052079,-1.70405567,18:00:00,2024-09-11
202400011713,15:30,Plein jour,59,59256,1,1,1,7.0,M145,50.568193,3.12428,15:30:00,2024-11-22
202400011714,19:50,Plein jour,75,75111,2,2,1,3.0,AVENUE PARMENTIER,48.865249,2.374549,19:50:00,2024-04-23
202400011715,12:00,Plein jour,59,59011,2,1,7,6.0,49 Rue Jean-Baptiste Lebas,50.531083,2.929399,12:00:00,2024-11-24
202400011716,12:45,Plein jour,34,34198,2,2,1,3.0,D21E,43.57789,3.9358,12:45:00,2024-09-12
202400011717,13:00,Plein jour,75,75111,2,4,1,6.0,AVENUE LEDRU ROLLIN,48.854466,2.378058,13:00:00,2024-04-23
202400011718,19:50,Plein jour,29,29039,1,1,1,7.0,Zone Artisanale de Coat Conq,47.92667151,-3.89387002,19:50:00,2024-09-11
202400011719,07:54,Crépuscule,13,13106,1,1,2,6.0,A51-Sens Marseille vers Aix en Provence,43.3954,5.35153,07:54:00,2024-11-24
202400011720,03:10,Nuit sans éclairage,13,13019,1,1,1,7.0,A51-Sens Aix en Provence vers Marseille,43.4251958,5.37669759,03:10:00,2024-11-24
202400011721,12:57,Plein jour,75,75108,2,7,1,3.0,PLACE DE LA CONCORDE,48.865836,2.319874,12:57:00,2024-04-23
202400011722,20:30,Nuit sans éclairage,27,27299,1,1,1,6.0,NETREVILLE (RUE DE),49.042639,1.172425,20:30:00,2024-09-11
202400011723,15:45,Plein jour,13,13106,1,1,1,2.0,A7-Sens Lyon vers Marseille,43.39066,5.35107,15:45:00,2024-11-19
202400011724,14:30,Plein jour,94,94068,2,2,1,6.0,Avenue Balzac / Avenue du Bac,48.79357,2.51451,14:30:00,2024-04-23
202400011725,10:47,Plein jour,26,26198,2,1,1,2.0,Avenue d’Aygu,44.55386293,4.74881887,10:47:00,2024-09-12
202400011726,09:35,Plein jour,94,94073,2,6,1,6.0,Avenue du Général de Gaulle / Avenue de Fontainebleau,48.76865,2.36841,09:35:00,2024-04-23
202400011727,18:45,,83,83137,1,1,1,4.0,A50,43.12476769,5.90137449,18:45:00,2024-11-23
202400011728,18:43,Plein jour,16,16102,2,3,1,3.0,Unknown,45.687695,-0.311694,18:43:00,2024-09-12
202400011729,18:30,Plein jour,94,94079,2,3,1,3.0,Rue Jean Jaurès / Allée du Château,48.82673,2.53738,18:30:00,2024-04-23
202400011730,20:35,,16,16015,2,1,2,6.0,Unknown,45.65599,0.14524,20:35:00,2024-09-12
202400011731,07:50,Crépuscule,94,94017,2,6,7,6.0,Rue de Bernau / Rue du Tunnel,48.816969,2.520256,07:50:00,2024-04-23
202400011732,16:25,Plein jour,83,83137,1,1,1,4.0,A57,43.12324819,5.95888522,16:25:00,2024-11-22
202400011733,18:15,Plein jour,15,15014,2,1,1,3.0,Avenue du Général Leclerc,44.91211,2.44235,18:15:00,2024-09-12
202400011734,20:20,Nuit sans éclairage,69,69287,1,1,6,2.0,Autoroute 43  ,45.68779,4.99471,20:20:00,2024-11-24
202400011735,21:56,Nuit sans éclairage,93,93071,2,3,1,6.0,Rue Gabriel Péri /Rue du Pont Blanc,48.94228,2.53271,21:56:00,2024-04-22
202400011736,16:30,Plein jour,13,13216,2,2,1,3.0,REDONNE (RUE DE LA),43.36205,5.31637,16:30:00,2024-09-12
202400011737,09:15,Plein jour,93,93006,1,1,2,3.0,AUTOROUTE A3,48.86627623,2.41437177,09:15:00,2024-11-18
202400011738,20:55,,93,93062,2,2,1,3.0,Avenue de Livry / Boulevard du Nord,48.90275,2.52047,20:55:00,2024-04-23
202400011739,14:30,Plein jour,13,13005,1,1,1,3.0,SAINT JEAN DE GARGUIER (CHEMIN),43.30614,5.60406,14:30:00,2024-09-12
202400011740,20:45,Nuit sans éclairage,77,77058,1,1,2,2.0,A4,48.82957827,2.74332614,20:45:00,2024-11-19
202400011741,08:40,Plein jour,93,93055,2,3,1,3.0,Rue Jules Auffret / Avenue Édouard Vaillant,48.884906,2.411148,08:40:00,2024-04-23
202400011742,22:00,Nuit sans éclairage,30,30010,1,1,1,7.0,route d'ales rd 910,44.053128,3.991728,22:00:00,2024-09-17
202400011743,05:00,,93,93046,2,1,1,6.0,Avenue Aristide Briand,48.913489,2.524559,05:00:00,2024-04-23
202400011744,21:30,,74,74012,2,1,1,6.0,DE GAULLE (AVENUE CHARLES),46.183,6.2468,21:30:00,2024-09-23
202400011745,16:20,Plein jour,13,13001,2,2,1,1.0,EUROPE (AV),43.5238,5.4352,16:20:00,2024-09-12
202400011746,17:00,Plein jour,92,92064,2,1,1,7.0,MARECHAL JUIN,48.83664,2.22192,17:00:00,2024-04-23
202400011747,09:45,Plein jour,84,84089,2,6,1,3.0,Rue Joseph Cugnot,43.681761,5.501697,09:45:00,2024-08-02
202400011748,19:50,Plein jour,11,11262,2,2,7,3.0,THERMES (RUE DES,43.18848,3.00521,19:50:00,2024-08-22
202400011749,09:15,Plein jour,92,92047,2,3,1,3.0,G ET X. SCHLUMBERGER,48.83055112,2.17856991,09:15:00,2024-04-23
202400011750,18:38,Plein jour,10,10362,2,3,2,3.0,LOUIS BLANC (RUE),48.2965,4.05107,18:38:00,2024-09-11
202400011751,00:34,Nuit sans éclairage,88,88086,2,8,1,1.0,Rue du Coq de Bruyères,48.198098,6.729068,00:34:00,2024-07-23
202400011752,13:40,Plein jour,92,92044,2,1,1,2.0,ANA. FRANCE(RUE)1A75 ET 2A72,48.89205,2.28509,13:40:00,2024-04-23
202400011753,07:45,Plein jour,06,06088,2,3,1,6.0,16 Avenue Saint-Jean-Baptiste,43.7017709,7.2781209,07:45:00,2024-09-12
202400011754,09:55,Plein jour,974,97416,1,1,1,1.0,RN 01,-21.33223,55.45818,09:55:00,2024-11-23
202400011755,09:00,Plein jour,92,92044,2,1,1,3.0,VIC. HUGO(RUE)091A113 ET 112A146,48.89886192,2.29385144,09:00:00,2024-04-23
202400011756,10:01,Plein jour,06,06104,2,1,1,1.0,30 Avenue de France,43.7533176,7.4444458,10:01:00,2024-09-07
202400011757,22:20,Nuit sans éclairage,974,97407,1,1,1,6.0,ROUTE NATIONALE N° 1,-20.94757,55.32264,22:20:00,2024-11-23
202400011758,08:48,Plein jour,92,92044,2,2,1,6.0,ED.VAILLANT(RUE)133+ ET 110+,48.89866937,2.28680348,08:48:00,2024-04-22
202400011759,10:00,Plein jour,973,97302,2,1,1,3.0,MONTABO (ROUTE DE) 3,4.93583053,-52.29567254,10:00:00,2024-11-23
202400011760,05:56,,01,01283,2,2,2,3.0,VANDEL,46.258576,5.657986,05:56:00,2024-09-12
202400011761,17:30,,69,69387,2,3,1,3.0,Rue de Gerland,45.73015,4.8381,17:30:00,2024-11-23
202400011762,17:50,Plein jour,92,92036,2,1,1,1.0,CABOEUFS (RUE DES) (103/291),48.92392563,2.30982685,17:50:00,2024-04-22
202400011763,17:53,Plein jour,01,01289,1,2,3,3.0,LENT ( ROUTE DE ),46.16491,5.22067,17:53:00,2024-09-11
202400011764,17:30,Crépuscule,972,97213,1,1,2,6.0,ROUTE NATIONALE 1,14.6167,-61.0082,17:30:00,2024-11-23
202400011765,09:00,Plein jour,92,92024,2,9,1,3.0,REPUBLIQUE (PLACE DE LA),48.90323878,2.31266109,09:00:00,2024-04-23
202400011766,17:40,Plein jour,75,75115,2,1,3,3.0,BOULEVARD PERIPHERIQUE EXTERIEUR SUD,48.83468,2.274681,17:40:00,2024-09-12
202400011767,11:05,Plein jour,972,97213,2,1,1,2.0,AUTOROUTE A1,14.60342,-61.00189,11:05:00,2024-11-23
202400011768,18:35,Plein jour,92,92004,2,1,1,2.0,AULAGNIER ( QUAI ),48.91451314,2.31139668,18:35:00,2024-04-23
202400011769,17:25,Plein jour,75,75112,2,1,1,3.0,BOULEVARD PERIPHERIQUE INTERIEUR NORD  ,48.841357,2.413552,17:25:00,2024-09-12
202400011770,05:50,,974,97415,2,6,1,6.0,41 Rue des Cardinaux,-21.026162,55.26556,05:50:00,2024-04-13
202400011771,06:00,Crépuscule,972,97213,2,1,2,2.0,AUTOROUTE A1,14.59719,-60.99829,06:00:00,2024-11-23
202400011772,20:30,Crépuscule,31,31423,1,1,1,6.0,Vieille Route de Rieumes,43.41086721,1.08015239,20:30:00,2024-04-23
202400011773,00:45,,75,75116,2,1,1,6.0,BOULEVARD PERIPHERIQUE INTERIEUR OUEST,48.844967,2.255002,00:45:00,2024-09-12
202400011774,17:50,Crépuscule,972,97209,2,6,1,1.0,BRETELLE SORTIE ROCADE,14.61684,-61.05794,17:50:00,2024-11-22
202400011775,23:15,,972,97207,2,3,1,2.0,Avenue Marc André,14.572499,-60.981749,23:15:00,2024-04-22
202400011776,07:20,Plein jour,75,75105,2,2,1,3.0,RUE SOUFFLOT,48.847095,2.341949,07:20:00,2024-09-12
202400011777,17:25,,69,69385,2,2,1,3.0,6 Avenue Général Eisenhower,45.75617484,4.7821662,17:25:00,2024-11-22
202400011778,16:40,Plein jour,71,71566,2,3,1,3.0,21 Avenue Valéry Giscard d'Estaing,46.891643,5.024174,16:40:00,2024-04-23
202400011779,12:30,Plein jour,75,75117,2,5,1,3.0,AVENUE NIEL,48.881265,2.295548,12:30:00,2024-09-12
202400011780,09:28,Crépuscule,91,91272,2,1,1,6.0,avenue des sciences,48.711842,2.165127,09:28:00,2024-04-23
202400011781,22:40,,2B,2B120,2,1,1,2.0,11 - RT,42.65311,9.44098,22:40:00,2024-11-23
202400011782,08:10,Plein jour,971,97107,2,1,1,6.0,DUMANOIR ( ALLEE ),16.03997,-61.5664,08:10:00,2024-11-20
202400011783,16:40,Plein jour,75,75117,2,3,1,5.0,AVENUE DE LA PORTE D ASNIERES,48.891817,2.301573,16:40:00,2024-09-11
202400011784,13:45,Plein jour,77,77444,1,1,1,6.0,D1004,48.69249,3.39572,13:45:00,2024-04-24
202400011785,18:35,,95,95268,2,1,1,1.0,D125,48.97669294,2.39191948,18:35:00,2024-11-22
202400011786,03:33,Nuit sans éclairage,55,55008,1,3,4,1.0,D618,49.271865,5.661231,03:33:00,2024-01-21
202400011787,16:15,Plein jour,75,75117,2,1,1,7.0,AVENUE DE CLICHY,48.890701,2.320004,16:15:00,2024-09-11
202400011788,09:20,Plein jour,46,46127,2,4,1,6.0,8 Boulevard du Docteur Cabanes,44.73589896,1.3826859,09:20:00,2024-04-23
202400011789,13:50,Plein jour,75,75116,2,1,1,3.0,AVENUE D IENA,48.871559,2.295426,13:50:00,2024-09-12
202400011790,04:30,,84,84035,2,1,1,6.0,JAUFFRET (AVENUE ALPHONSE),43.83315,5.02773,04:30:00,2024-11-23
202400011791,11:10,Plein jour,29,29217,1,1,1,7.0,Lieu Dit Miniou,47.88712081,-3.76714163,11:10:00,2024-04-22
202400011792,19:30,Crépuscule,70,70119,1,1,1,7.0,Rue Courbey,47.343272,5.904819,19:30:00,2024-04-23
202400011793,23:08,,84,84007,1,6,2,6.0,PIERRE BEREGOVOY (AVENUE) MFT,43.92456,4.86179,23:08:00,2024-11-23
202400011794,17:00,Plein jour,75,75116,2,7,1,3.0,PLACE DE LA PORTE D AUTEUIL,48.848116,2.259012,17:00:00,2024-09-11
202400011795,21:15,,14,14287,2,3,1,6.0,11 Rue Albert 1er,49.136936,-0.249363,21:15:00,2024-04-23
202400011796,15:25,Plein jour,82,82121,2,1,1,1.0,boulevard hubert gouze,44.00755,1.36028,15:25:00,2024-11-23
202400011797,20:10,,75,75114,2,7,1,3.0,AVENUE DENFERT ROCHEREAU,48.83455,2.332628,20:10:00,2024-09-11
202400011798,00:40,Nuit sans éclairage,78,78551,1,1,1,7.0,POISSY (DE),48.94159,2.11382,00:40:00,2024-11-24
202400011799,15:00,Plein jour,73,73121,1,6,1,3.0,D69,45.624297,6.322345,15:00:00,2024-03-26
202400011800,18:40,Plein jour,75,75113,2,1,2,1.0,QUAI D AUSTERLITZ,48.84025,2.37017,18:40:00,2024-09-12
202400011801,18:50,Plein jour,53,53271,1,1,1,1.0,Les Pontceaux,48.363449,-0.279593,18:50:00,2024-04-23
202400011802,06:30,Nuit avec éclairage,78,78126,1,1,1,6.0,VERSAILLES (ROUTE DE),48.84849,2.1089,06:30:00,2024-11-23
202400011803,06:20,Crépuscule,75,75113,2,2,1,2.0,RUE DE LA GLACIERE,48.834176,2.344844,06:20:00,2024-09-12
202400011804,15:50,Plein jour,27,27284,2,5,1,6.0,Rue Guynemer,49.287999,1.790948,15:50:00,2024-04-02
202400011805,21:28,,74,74010,2,1,1,2.0,GENEVE (AVENUE DE)(SECTEUR 410),45.90841,6.12361,21:28:00,2024-11-23
202400011806,08:30,Plein jour,31,31395,1,1,1,2.0,Bretelle d'accés 34   A64 Pk 273+000,43.46733107,1.31501198,08:30:00,2024-04-23
202400011807,13:55,Plein jour,75,75113,2,1,1,3.0,AVENUE D ITALIE,48.823767,2.357912,13:55:00,2024-09-11
202400011808,16:11,Plein jour,971,97103,2,1,1,1.0,Rue Henri Becquerel,16.242437,-61.57102,16:11:00,2024-04-23
202400011809,19:15,,71,71306,2,6,1,1.0,ROGER SALENGRO (AVENUE),46.66613,4.35813,19:15:00,2024-11-23
202400011810,01:15,,75,75112,2,2,2,2.0,AVENUE DU TRONE,48.848098,2.399126,01:15:00,2024-09-11
202400011811,08:38,Plein jour,34,34240,1,2,1,3.0,D112,43.638957,3.99341,08:38:00,2024-04-24
202400011812,16:00,Plein jour,71,71486,2,2,1,2.0,RENE CASSIN (RUE),46.6431,4.3706,16:00:00,2024-11-23
202400011813,18:15,Plein jour,75,75111,2,1,2,6.0,AVENUE PARMENTIER,48.859897,2.37893,18:15:00,2024-09-12
202400011814,18:20,,69,69259,2,1,1,6.0,Rue Albert Camus,45.69573403,4.87374648,18:20:00,2024-11-23
202400011815,08:30,Plein jour,04,04245,2,9,1,3.0,Avenue des Farigoules,43.872982,5.843343,08:30:00,2024-04-24
202400011816,15:50,Plein jour,64,64129,2,2,1,7.0,CLAVERIE,43.30197963,-0.39238304,15:50:00,2024-11-23
202400011817,12:35,Plein jour,94,94078,2,9,1,3.0,129 Avenue Anatole France,48.748496,2.453186,12:35:00,2024-09-12
202400011818,20:30,Nuit sans éclairage,74,74128,1,4,1,3.0,Route de thonon,46.152048,6.320668,20:30:00,2024-02-23
202400011819,20:16,,63,63300,2,9,9,3.0,CLERMONT (AVENUE DE),45.88385317,3.11557889,20:16:00,2024-11-22
202400011820,13:30,Plein jour,40,40184,2,7,1,7.0,Avenue Maurice Martin,44.213472,-1.292052,13:30:00,2024-04-14
202400011821,18:00,Plein jour,94,94068,2,3,1,3.0,Rue Delerue,48.79569,2.492229,18:00:00,2024-09-11
202400011822,14:40,Plein jour,62,62119,2,9,7,3.0,Rue Mannessier,50.52089,2.65392,14:40:00,2024-11-22
202400011823,22:00,Nuit avec éclairage,94,94073,1,1,2,7.0,FONTAINEBLEAU - CAR BELLE EPINE (AV DE),48.763073,2.368711,22:00:00,2024-09-12
202400011824,19:00,Plein jour,80,80561,2,2,1,3.0,Avenue Maurice Leconte,49.645003,2.565401,19:00:00,2024-04-24
202400011825,14:00,Plein jour,59,59299,1,2,1,3.0,CD 700,50.64852,3.19658,14:00:00,2024-11-23
202400011826,16:10,Plein jour,94,94022,2,9,1,3.0,92 Boulevard de Stalingrad,48.772837,2.400086,16:10:00,2024-09-12
202400011827,18:25,,59,59017,2,1,1,6.0,Rue Albert de Mun,50.68077,2.88842,18:25:00,2024-11-23
202400011828,22:50,,59,59400,2,2,2,7.0,D946,50.642579,2.639578,22:50:00,2024-04-23
202400011829,19:00,,13,13214,1,1,1,2.0,A507 sens Marseille - Aubagne,43.33009926,5.3992846,19:00:00,2024-04-23
202400011830,14:15,Plein jour,54,54184,2,1,1,2.0,Avenue de Saulxures,48.70786,6.24429,14:15:00,2024-11-23
202400011831,04:40,,94,94075,2,3,1,1.0,Rue Paul Doumer,48.70601,2.53036,04:40:00,2024-09-12
202400011832,02:10,Nuit sans éclairage,13,13088,1,1,1,7.0,A55-Sens Martigues vers Marseille,43.3797,5.2212,02:10:00,2024-04-23
202400011833,17:52,,54,54578,2,2,1,3.0,Avenue Paul Muller,48.67009,6.15794,17:52:00,2024-11-22
202400011834,07:45,Plein jour,94,94002,2,3,1,3.0,Rue de Verdun / Rue Emile Eudes,48.796216,2.427486,07:45:00,2024-08-20
202400011835,11:53,Plein jour,47,47001,2,1,1,6.0,DURRENS (RUE DE),44.2012,0.63463,11:53:00,2024-11-23
202400011836,16:15,Plein jour,13,13212,1,1,1,3.0,A507 sens Aubagne- Marseille,43.30321587,5.42537928,16:15:00,2024-04-22
202400011837,15:30,Plein jour,45,45286,2,1,1,6.0,D951 PR 90 + 908,47.89315,1.91619,15:30:00,2024-11-23
202400011838,10:25,Plein jour,94,94002,2,1,8,6.0,Rue Micolon,48.80458,2.41263,10:25:00,2024-09-11
202400011839,09:15,Plein jour,67,67152,1,1,1,4.0,M35,48.52615,7.67334,09:15:00,2024-04-23
202400011840,06:25,,45,45234,2,6,1,6.0,22 Avenue des Droits de l'Homme,47.9187,1.92519,06:25:00,2024-11-23
202400011841,13:50,Plein jour,93,93053,2,9,1,6.0,GALLIENI (AVENUE),48.90036,2.46528,13:50:00,2024-09-12
202400011842,19:27,Plein jour,78,78208,1,1,1,6.0,RN12 EXT,48.8,1.96925,19:27:00,2024-04-23
202400011843,15:00,Plein jour,37,37214,2,1,1,2.0,MURIER (RUE DU),47.42375744,0.66255963,15:00:00,2024-11-23
202400011844,09:45,Plein jour,78,78646,1,1,1,2.0,RN12,48.79243,2.08947,09:45:00,2024-04-23
202400011845,15:15,Plein jour,93,93057,2,1,1,2.0,CHANZY AVENUE DE,48.90936,2.51859,15:15:00,2024-09-12
202400011846,20:27,,33,33119,2,3,8,2.0,Unknown,44.85577,-0.53469,20:27:00,2024-11-23
202400011847,17:00,Plein jour,78,78029,1,1,1,2.0,A13Y,48.965495,1.849495,17:00:00,2024-04-22
202400011848,17:05,Plein jour,93,93061,2,1,1,3.0,JAURES AVENUE JEAN,48.88414478,2.40803003,17:05:00,2024-09-11
202400011849,18:40,Crépuscule,33,33550,2,6,1,1.0,Unknown,44.78263,-0.57666,18:40:00,2024-11-23
202400011850,16:00,Plein jour,93,93007,1,1,1,4.0,A1,48.94405205,2.43712529,16:00:00,2024-04-23
202400011851,14:10,Plein jour,93,93027,2,3,2,3.0,PRESOV (AVENUE DE),48.92944,2.37626,14:10:00,2024-09-12
202400011852,14:50,Plein jour,33,33063,2,2,1,3.0,Unknown,44.84577,-0.58406,14:50:00,2024-11-23
202400011853,13:05,Plein jour,93,93053,1,1,1,3.0,A3,48.88416228,2.46099709,13:05:00,2024-04-23
202400011854,10:20,Plein jour,93,93013,2,3,1,3.0,LECLERC (AVENU DE LA DIVISION),48.93495,2.42594,10:20:00,2024-09-12
202400011855,13:45,Plein jour,93,93005,1,1,1,3.0,A3,48.95091347,2.47454259,13:45:00,2024-04-23
202400011856,15:42,Plein jour,31,31555,1,1,1,4.0,18 MONTAUDRAN (PERIPH EST A61),43.575328,1.496524,15:42:00,2024-11-23
202400011857,06:20,Crépuscule,93,93013,2,3,1,3.0,KENNEDY (AVENUE JOHN FITZGERALD),48.93895,2.42417,06:20:00,2024-09-12
202400011858,14:00,Plein jour,93,93010,2,9,2,6.0,GALLIENI (AV.) DE 1 A 109,48.90611,2.48048,14:00:00,2024-09-12
202400011859,09:00,Plein jour,93,93063,1,1,1,4.0,A3,48.87528738,2.44004158,09:00:00,2024-04-23
202400011860,17:00,Crépuscule,28,28134,2,2,4,3.0,PAS DE LOUP (RUE JULES),48.75044,1.35313,17:00:00,2024-11-22
202400011861,12:40,Plein jour,93,93001,2,1,1,1.0,JEAN JAURES (AVE)  => 53,48.90345402,2.39169142,12:40:00,2024-09-12
202400011862,07:05,Plein jour,93,93027,1,1,1,5.0,A86,48.92786049,2.40957519,07:05:00,2024-04-22
202400011863,01:00,Nuit sans éclairage,27,27234,1,1,1,6.0,Chemin du Coudray,49.02299,1.19333,01:00:00,2024-11-23
202400011864,19:45,Plein jour,92,92064,2,3,2,7.0,REPUBLIQUE,48.84939747,2.21377149,19:45:00,2024-09-12
202400011865,16:50,Plein jour,94,94028,1,1,1,3.0,A86,48.79510362,2.44232708,16:50:00,2024-04-23
202400011866,16:45,Plein jour,15,15014,2,1,1,7.0,Rue Henri Delmont,44.93378,2.44861,16:45:00,2024-11-22
202400011867,13:50,Plein jour,92,92048,2,1,2,1.0,JEANNE BRACONNIER (RUE),48.78905883,2.21175201,13:50:00,2024-09-12
202400011868,15:02,Plein jour,94,94017,1,1,1,6.0,A86,48.83052214,2.48890382,15:02:00,2024-04-23
202400011869,13:50,Plein jour,13,13209,1,1,8,7.0,COL DE LA GINESTE D559,43.23878,5.47969,13:50:00,2024-11-23
202400011870,08:30,Plein jour,92,92023,2,1,1,3.0,GENERAL DE GAULLE (AV DU) N°130 A 340 ET,48.78423949,2.24872202,08:30:00,2024-09-12
202400011871,01:50,,13,13207,2,1,1,5.0,Corniche John Fitzgérald Kennedy,43.27673359,5.3577185,01:50:00,2024-11-23
202400011872,14:00,Plein jour,95,95277,2,1,3,6.0,D170,48.97859212,2.45406032,14:00:00,2024-02-18
202400011873,18:15,Plein jour,92,92019,2,1,1,2.0,QUATRE CHEMINS (AVENUE DES),48.77858,2.2797,18:15:00,2024-09-12
202400011874,11:15,Plein jour,91,91326,2,1,2,6.0,CHATILLON (RUE DE),48.68433,2.38178,11:15:00,2024-02-18
202400011875,17:30,Nuit sans éclairage,13,13047,1,1,1,5.0,RN 1569 LA TRANSHUMANCE,43.57478982,4.98397376,17:30:00,2024-11-22
202400011876,09:20,Plein jour,92,92012,2,1,1,3.0,ALPHONSE LE GALLO (QUAI) 1/34,48.835087,2.22570844,09:20:00,2024-09-12
202400011877,09:00,Crépuscule,12,12013,2,1,1,6.0,MOULIN JEAN,44.52684,2.24758,09:00:00,2024-11-22
202400011878,08:30,Plein jour,59,59508,1,3,1,3.0,Rue des Champs,50.74355,3.14049,08:30:00,2024-02-19
202400011879,17:22,Crépuscule,11,11262,2,1,8,6.0,Avenue Pierre Semard,43.18948,3.00744,17:22:00,2024-11-22
202400011880,13:30,Plein jour,92,92009,2,2,2,2.0,BOURGUIGNONS ( RUE 33 A FIN ),48.91273852,2.27229416,13:30:00,2024-09-12
202400011881,16:00,Plein jour,52,52121,2,2,1,2.0,IVREA (AVENUE D'),48.09908,5.15317,16:00:00,2024-02-19
202400011882,12:45,Plein jour,07,07070,2,3,1,5.0,COLONNEL ROUSSET (AVENUE DU),44.95897,4.84765,12:45:00,2024-11-23
202400011883,09:00,Plein jour,92,92002,2,3,1,3.0,ABBAYE (RUE DE L'),48.75152911,2.29719222,09:00:00,2024-09-12
202400011884,09:10,Plein jour,45,45234,2,1,2,2.0,24 Boulevard Marie Stuart,47.91179,1.92189,09:10:00,2024-02-22
202400011885,03:05,,987,98735,1,1,1,6.0,PIERRE LOTI (ALLEE QTIER GARNIER),-17.53685,-149.55508,03:05:00,2024-04-21
202400011886,16:05,Plein jour,47,47282,1,1,2,3.0,3150 Route de Condom,44.089562,0.531768,16:05:00,2024-08-17
202400011887,19:10,,03,03190,2,1,1,2.0,LYON (ROUTE DE),46.54984,3.3389,19:10:00,2024-11-23
202400011888,23:00,,69,69383,2,2,1,6.0,Avenue Félix Faure,45.75449,4.86606,23:00:00,2024-04-22
202400011889,17:40,Plein jour,24,24236,1,1,1,3.0,Route du Val de l'Isle,45.16963333,0.5637145,17:40:00,2024-09-08
202400011890,16:17,Plein jour,75,75113,2,1,1,3.0,QUAI D AUSTERLITZ,48.843022,2.366395,16:17:00,2024-11-23
202400011891,18:05,Plein jour,69,69383,2,1,1,6.0,Rue Duguesclin,45.76278,4.84846,18:05:00,2024-04-22
202400011892,19:20,,75,75106,2,3,1,6.0,RUE DE SEVRES,48.847398,2.31823,19:20:00,2024-11-23