Num_Acc,hrmn,lum,dep,com,agg,int,atm,col,adr,lat,long,heure,date
202400011893,16:05,Plein jour,17,17172,1,3,1,3.0,Route de Saintes,45.58329,-0.674956,16:05:00,2024-09-12
202400011894,15:40,Plein jour,69,69383,2,3,2,3.0,Route de Genas,45.75452244,4.88131939,15:40:00,2024-04-22
202400011895,21:50,,75,75111,2,3,1,2.0,BOULEVARD VOLTAIRE,48.862118,2.372967,21:50:00,2024-11-23
202400011896,13:20,Plein jour,972,97204,1,1,2,3.0,Point de vue de l'Anse Marigot,14.680525,-61.168817,13:20:00,2024-09-09
202400011897,07:00,Plein jour,972,97225,2,1,3,6.0,Rue de la Vieille Halle,14.748641,-61.177706,07:00:00,2024-09-09
202400011898,12:30,Plein jour,69,69386,2,2,1,6.0,Rue Garibaldi,45.76375257,4.8514007,12:30:00,2024-04-22
202400011899,01:10,,75,75109,2,2,1,3.0,RUE DE DUNKERQUE,48.882351,2.345728,01:10:00,2024-11-23
202400011900,14:59,Plein jour,75,75108,2,7,8,2.0,PLACE DE L'ALMA,48.864739,2.301321,14:59:00,2024-11-23
202400011901,22:50,Nuit sans éclairage,974,97414,1,1,1,5.0,N1,-21.287361,55.399759,22:50:00,2024-09-12
202400011902,16:27,Plein jour,2B,2B033,2,1,8,6.0,MAGDELENA - RUE SANTA,42.69728,9.45088,16:27:00,2024-04-22
202400011903,18:53,,94,94046,2,2,8,6.0,Avenue du Professeur Cadiot,48.8043754,2.43250769,18:53:00,2024-11-22
202400011904,10:12,Plein jour,2B,2B033,2,1,8,2.0,11 - RT,42.69728,9.45088,10:12:00,2024-04-22
202400011905,18:50,Plein jour,38,38239,2,2,3,3.0,D1085,45.329482,5.56914,18:50:00,2024-09-11
202400011906,12:45,Plein jour,971,97113,1,1,1,1.0,SECTION LEROUX,16.24428,-61.46237,12:45:00,2024-03-16
202400011907,17:20,,93,93077,2,2,1,3.0,GUITLEVITCH (RUE SIMON),48.87802,2.52491,17:20:00,2024-11-23
202400011908,20:45,Nuit sans éclairage,42,42271,1,1,1,2.0,Route de la Croix de Montvieux,45.449252,4.603985,20:45:00,2024-09-13
202400011909,10:10,Plein jour,93,93062,2,1,1,6.0,PLATEAU (ALLEE DU),48.90138,2.52888,10:10:00,2024-11-23
202400011910,11:55,Plein jour,2A,2A004,2,3,1,3.0,T20,41.93706,8.80359,11:55:00,2024-04-22
202400011911,11:20,Plein jour,14,14475,1,1,1,2.0,A84,49.131935,-0.564964,11:20:00,2024-09-12
202400011912,17:35,Plein jour,95,95060,2,9,1,6.0,ISLE (CHEMIN DE L'),49.04459,2.20983,17:35:00,2024-04-22
202400011913,15:30,Plein jour,93,93055,2,3,1,3.0,COURTILLIERES(AVENUE DES),48.91404999,2.41136299,15:30:00,2024-11-23
202400011914,11:25,Plein jour,93,93006,2,3,1,6.0,FERRY JULES RUE,48.86206682,2.41650224,11:25:00,2024-11-23
202400011915,18:25,Plein jour,95,95210,2,1,1,2.0,CEINTURE (AVENUE DE),48.97507405,2.29827225,18:25:00,2024-04-22
202400011916,07:20,Crépuscule,44,44187,1,1,1,5.0,Unknown,47.264062,-2.036687,07:20:00,2024-09-12
202400011917,15:30,Plein jour,93,93001,2,1,1,3.0,ANDRE KARMAN (RUE)  => 136/143,48.91015696,2.38499776,15:30:00,2024-11-23
202400011918,14:45,Plein jour,88,88087,2,3,1,3.0,LECLERC (RUE GENERAL-),48.16781,6.43482,14:45:00,2024-04-20
202400011919,15:00,Plein jour,57,57540,2,1,2,6.0,2 Rue de Bitche,48.767065,7.263939,15:00:00,2024-09-13
202400011920,01:05,Nuit sans éclairage,92,92022,2,1,4,3.0,PAVE DES GARDES (RUE DU),48.8077732,2.19168127,01:05:00,2024-11-22
202400011921,05:40,Nuit sans éclairage,86,86133,2,1,1,6.0,Avenue du Noyer du Roy,46.52609,0.33195,05:40:00,2024-04-21
202400011922,16:30,Plein jour,59,59624,2,1,1,6.0,41 Rue de Cambrai,50.029861,3.294436,16:30:00,2024-09-12
202400011923,08:43,Nuit sans éclairage,56,56061,1,1,1,6.0,Navetterie,47.759666,-2.146153,08:43:00,2024-09-12
202400011924,13:00,Plein jour,84,84007,2,1,1,3.0,TARASCON ( Avenue de),43.917635,4.809399,13:00:00,2024-04-22
202400011925,17:40,,92,92064,2,1,1,7.0,DAILLY,48.84294686,2.22092181,17:40:00,2024-11-23
202400011926,17:28,Plein jour,80,80021,2,1,1,6.0,Place Vogel,49.8978,2.29547,17:28:00,2024-04-21
202400011927,11:00,Plein jour,82,82112,2,1,1,6.0,Boulevard Camille Delthil,44.102252,1.086389,11:00:00,2024-09-13
202400011928,12:12,Plein jour,92,92026,2,1,1,3.0,EUROPE ( ROND POINT DE L' ),48.90521424,2.25592956,12:12:00,2024-11-23
202400011929,13:25,Plein jour,78,78640,2,9,1,6.0,MORANE-SAULNIER (AVENUE),48.7812,2.2086,13:25:00,2024-04-18
202400011930,11:50,Plein jour,92,92025,2,9,1,3.0,KLEBER (AV),48.93356402,2.25220489,11:50:00,2024-11-23
202400011931,13:00,Plein jour,11,11040,1,2,6,1.0,Unknown,43.15498,2.862926,13:00:00,2024-09-13
202400011932,15:00,Plein jour,77,77284,2,1,1,6.0,APPEL DU 18 JUIN 1940 (AV.DE L'),48.95154,2.90801,15:00:00,2024-04-22
202400011933,11:25,Plein jour,80,80693,2,1,2,3.0,Rue de Moreuil,49.907302,2.609871,11:25:00,2024-11-22
202400011934,01:05,,76,76351,2,1,1,6.0,HERMANN DU PASQUIER (CHAUSSEE),49.47824,0.14024,01:05:00,2024-04-21
202400011935,15:15,Plein jour,11,11255,2,1,1,1.0,RD6113,43.184844,2.931343,15:15:00,2024-09-11
202400011936,23:40,Nuit sans éclairage,95,95395,1,1,1,1.0,D316,49.0420831,2.39655562,23:40:00,2024-11-23
202400011937,04:45,,72,72181,2,1,1,6.0,COURTILLE (RUE DE LA),48.00993,0.17904,04:45:00,2024-04-21
202400011938,07:30,Crépuscule,63,63276,2,2,1,6.0,3 Route de Thiers,45.838594,3.498982,07:30:00,2024-09-13
202400011939,17:57,,85,85233,2,1,2,3.0,RD137,46.521744,-1.084262,17:57:00,2024-11-23
202400011940,07:30,Plein jour,69,69029,2,3,1,2.0,Avenue Ferdinand Buisson,45.74186572,4.9165368,07:30:00,2024-04-22
202400011941,17:30,Plein jour,63,63034,1,1,1,7.0,D2089,45.7960786,3.3040239,17:30:00,2024-09-10
202400011942,11:45,Plein jour,14,14061,1,1,6,6.0,1 le Val la Mer,48.935494,-0.919386,11:45:00,2024-11-24
202400011943,18:10,Nuit sans éclairage,30,30299,1,1,2,7.0,Chemin de St Quentin la Poterie,44.026897,4.459529,18:10:00,2024-11-23
202400011944,13:00,Plein jour,12,12037,1,1,1,7.0,Lieu-dit La Caze,44.022501,2.681174,13:00:00,2024-09-12
202400011945,11:15,Plein jour,69,69091,2,1,8,3.0,Avenue Anatole France,45.56973,4.79716,11:15:00,2024-04-22
202400011946,10:49,Plein jour,22,22251,2,1,1,6.0,12 Rue Allenou,48.570686,-2.817795,10:49:00,2024-09-11
202400011947,18:50,Nuit sans éclairage,76,76755,2,1,8,6.0,Route du Hameau Joyeux,49.690995,0.53435,18:50:00,2024-11-22
202400011948,10:45,Plein jour,67,67482,2,3,1,3.0,FEDERATION (ROUTE DE LA),48.56362,7.74196,10:45:00,2024-04-22
202400011949,21:00,Nuit sans éclairage,44,44069,1,1,1,1.0,Route des Marais,47.316923,-2.453427,21:00:00,2024-09-12
202400011950,17:45,Crépuscule,82,82097,1,3,1,3.0,Chemin les Mérits,43.9726,0.950425,17:45:00,2024-11-23
202400011951,05:10,,67,67482,2,4,2,3.0,SAINT NICOLAS (QUAI),48.57858,7.7488,05:10:00,2024-04-21
202400011952,17:20,Plein jour,29,29135,2,6,1,3.0,Rue du Général de Gaulle,47.83479378,-4.18918343,17:20:00,2024-09-12
202400011953,22:22,,65,65258,2,1,1,3.0,rue alsace lorraine,43.124374,0.384967,22:22:00,2024-11-23
202400011954,06:08,,64,64102,2,1,1,6.0,SOULT (AVENUE MARECHAL),43.48488,-1.49552,06:08:00,2024-04-21
202400011955,17:19,Crépuscule,65,65002,1,1,1,4.0,N21,43.14343626,-0.02598798,17:19:00,2024-11-22
202400011956,20:10,Crépuscule,59,59334,1,1,2,6.0,RD 643,50.391651,3.046693,20:10:00,2024-04-20
202400011957,17:00,Nuit sans éclairage,89,89315,1,1,1,6.0,Préhy,47.759023,3.758585,17:00:00,2024-11-24
202400011958,09:20,Plein jour,70,70236,1,1,1,3.0,D434,47.732454,6.101918,09:20:00,2024-09-13
202400011959,11:30,Plein jour,61,61145,2,1,1,7.0,12 Rue de la Gare,48.590645,-0.655982,11:30:00,2024-11-24
202400011960,09:40,Plein jour,72,72344,1,6,1,3.0,Lieu-dit champfleury,47.93903663,0.15681803,09:40:00,2024-09-12
202400011961,14:15,Plein jour,54,54096,1,1,1,6.0,Lieu dit Thiery,49.443138,5.869548,14:15:00,2024-04-22
202400011962,14:50,Plein jour,61,61123,1,2,1,3.0,D916,48.823541,0.020602,14:50:00,2024-11-23
202400011963,14:18,Plein jour,14,14540,2,1,1,7.0,152 Route de Lisieux,49.16952,0.242456,14:18:00,2024-09-13
202400011964,17:45,Nuit sans éclairage,55,55566,1,1,1,7.0,Unknown,49.02318,5.414414,17:45:00,2024-11-24
202400011965,16:25,Plein jour,50,50429,1,1,1,7.0,Route départementale 49,49.000915,-1.546776,16:25:00,2024-09-12
202400011966,22:54,Nuit sans éclairage,55,55204,1,1,1,2.0,D964,49.039556,5.434542,22:54:00,2024-11-22
202400011967,10:45,Plein jour,60,60670,1,1,1,6.0,D120,49.290531,2.529999,10:45:00,2024-09-13
202400011968,11:15,Plein jour,49,49261,2,1,1,3.0,Route de Saumur,47.339714,-0.225756,11:15:00,2024-11-24
202400011969,11:40,Plein jour,16,16421,2,1,1,7.0,Unknown,45.66434756,0.45439571,11:40:00,2024-09-13
202400011970,18:25,Plein jour,51,51108,2,2,2,3.0,GROUPE LIBERATION NORD (RUE),48.93872,4.38272,18:25:00,2024-04-22
202400011971,17:55,Crépuscule,47,47004,1,1,1,6.0,RD642,44.295849,0.331221,17:55:00,2024-11-23
202400011972,18:00,Plein jour,53,53180,1,1,1,7.0,chemin de la touche éperon,47.818383,-0.939529,18:00:00,2024-09-12
202400011973,08:10,Plein jour,22,22079,1,1,4,1.0,D28,48.400955,-2.722775,08:10:00,2024-11-21
202400011974,09:45,Plein jour,49,49353,2,6,1,3.0,BAHONNEAU BOULEVARD,47.44953,-0.48591,09:45:00,2024-04-22
202400011975,09:15,Plein jour,40,40185,1,1,1,6.0,Route de Sensacq,43.597295,-0.348164,09:15:00,2024-09-13
202400011976,06:30,Nuit sans éclairage,29,29076,1,3,2,6.0,D67,48.43643309,-4.57760786,06:30:00,2024-11-23
202400011977,10:20,Plein jour,45,45234,2,1,1,2.0,D2020 PR 36 + 6934,47.88515,1.8973,10:20:00,2024-04-22
202400011978,19:05,Nuit sans éclairage,31,31145,1,1,9,6.0,Lieu Dit Barrau,43.330536,1.52895,19:05:00,2024-11-23
202400011979,16:20,Plein jour,04,04024,1,1,1,7.0,D900,44.197682,6.370461,16:20:00,2024-09-12
202400011980,15:35,Plein jour,44,44184,2,6,1,3.0,22 Boulevard Albert 1er,47.26708,-2.22148,15:35:00,2024-04-22
202400011981,12:27,Plein jour,50,50487,2,3,6,6.0,16 Rue de Rennes,48.49593,-1.420686,12:27:00,2024-11-23
202400011982,12:15,Plein jour,17,17353,2,1,1,3.0,Rue du Bois Mache,45.988762,-1.029829,12:15:00,2024-09-12
202400011983,04:50,Nuit sans éclairage,60,60021,1,1,1,7.0,D130,49.574775,3.115826,04:50:00,2024-11-24
202400011984,08:00,Plein jour,34,34108,2,1,1,1.0,BALARUC (ROUTE DE),43.436641,3.700805,08:00:00,2024-04-22
202400011985,18:35,Plein jour,30,30348,2,9,1,3.0,Unknown,44.050148,4.135207,18:35:00,2024-09-12
202400011986,16:13,Plein jour,18,18281,2,1,1,1.0,61 Rue de la République,47.197207,2.175293,16:13:00,2024-11-23
202400011987,05:38,Nuit sans éclairage,10,10031,1,1,8,6.0,D40,48.545934,3.553786,05:38:00,2024-11-24
202400011988,05:30,Nuit sans éclairage,13,13118,1,2,1,1.0,Carrefour RD10 / entrée A8,43.55036,5.236479,05:30:00,2024-09-13
202400011989,03:00,Nuit sans éclairage,34,34129,1,1,1,2.0,PALAVAS D986 (ROUTE DE),43.55177,3.89346,03:00:00,2024-04-21
202400011990,11:45,Plein jour,24,24547,1,1,1,7.0,Route du Château,45.11816,1.317812,11:45:00,2024-11-24
202400011991,16:40,Plein jour,68,68267,1,1,1,2.0,autoroute A36 point kilométrique 004+620,47.741113,7.235119,16:40:00,2024-09-10
202400011992,08:15,Plein jour,33,33075,2,2,1,3.0,Unknown,44.879648,-0.6268,08:15:00,2024-04-22
202400011993,19:50,,85,85084,2,6,1,3.0,avenue de la promenade,46.775057,-1.232046,19:50:00,2024-11-23
202400011994,01:10,Nuit sans éclairage,08,08255,2,1,1,6.0,Unknown,49.616786,5.227164,01:10:00,2024-11-15
202400011995,18:00,Plein jour,30,30169,1,9,1,6.0,A9 PK 58+400 sens 2,43.796879,4.307247,18:00:00,2024-09-12
202400011996,08:20,Plein jour,77,77474,1,1,1,2.0,N3,48.957228,2.794368,08:20:00,2024-09-13
202400011997,12:03,Plein jour,38,38229,2,1,1,1.0,25 Avenue des 7 Laux,45.217751,5.785747,12:03:00,2024-11-22
202400011998,06:45,Plein jour,13,13047,2,4,6,2.0,RASSUEN ROUTE DE,43.49572,4.97388,06:45:00,2024-04-22
202400011999,07:00,Plein jour,987,98729,2,1,1,7.0,Maharepa,-17.485049,-149.816705,07:00:00,2024-11-23
202400012000,00:40,Nuit sans éclairage,66,66065,1,1,1,5.0,D914,42.59519651,2.98107147,00:40:00,2024-09-13
202400012001,15:00,Plein jour,988,98814,1,3,2,6.0,Tribu de Hmelek,-21.038194,167.272579,15:00:00,2024-11-24
202400012002,07:45,Plein jour,83,83047,2,3,7,3.0,750 Chemin de Terrimas,43.122146,6.063541,07:45:00,2024-09-13
202400012003,04:20,,75,75116,2,1,1,5.0,BD PERIPHERIQUE EXTERIEUR,48.844085,2.254681,04:20:00,2024-04-21
202400012004,15:40,Plein jour,971,97117,2,3,1,3.0,Boulevard Rougé,16.33023,-61.344711,15:40:00,2024-11-23
202400012005,10:22,Plein jour,21,21540,1,1,6,6.0,M700,47.328207,5.104308,10:22:00,2024-11-24
202400012006,09:10,Plein jour,13,13105,1,1,1,3.0,D7n,43.740747,5.103214,09:10:00,2024-09-12
202400012007,11:05,Plein jour,75,75106,2,3,1,3.0,BOULEVARD SAINT MICHEL,48.848303,2.341566,11:05:00,2024-04-22
202400012008,11:10,Plein jour,21,21183,1,1,1,6.0,D116,47.240871,5.286076,11:10:00,2024-09-12
202400012009,15:45,Plein jour,18,18207,2,2,1,3.0,Avenue Gabriel Dordain,46.9938,2.248265,15:45:00,2024-11-22
202400012010,18:20,Plein jour,75,75106,2,3,1,3.0,RUE DE CONDE,48.85153,2.338265,18:20:00,2024-04-06
202400012011,15:20,Plein jour,55,55122,2,3,1,6.0,21 Place Charles de Gaulle,48.761879,5.592953,15:20:00,2024-09-13
202400012012,17:15,Crépuscule,34,34327,1,2,2,3.0,M65,43.658989,3.980924,17:15:00,2024-11-23
202400012013,18:30,Plein jour,75,75111,2,3,1,3.0,RUE DU FAUBOURG SAINT ANTOINE,48.849318,2.390099,18:30:00,2024-04-22
202400012014,15:10,Plein jour,42,42046,2,4,1,3.0,Chemin de la Ville,45.641929,4.046128,15:10:00,2024-09-12
202400012015,21:25,Nuit sans éclairage,84,84067,1,1,1,3.0,Route de Carpentras,44.068605,5.021146,21:25:00,2024-11-23
202400012016,19:30,Crépuscule,40,40114,1,1,1,7.0,2475 Route de Herm,43.81242,-1.073045,19:30:00,2024-09-12
202400012017,23:58,Nuit sans éclairage,69,69001,1,1,6,6.0,Route Départementale 38,45.84744276,4.39913853,23:58:00,2024-11-23
202400012018,18:15,Plein jour,75,75103,2,3,1,2.0,RUE REAUMUR,48.865319,2.356589,18:15:00,2024-04-22
202400012019,13:20,Plein jour,85,85226,1,3,1,3.0,RD2038,46.733897,-1.950465,13:20:00,2024-09-12
202400012020,18:20,Plein jour,94,94068,2,3,1,6.0,Rue Lafayette / Avenue Pierre Semard,48.80668,2.51038,18:20:00,2024-04-20
202400012021,09:35,Plein jour,50,50025,2,2,1,3.0,Avenue du Rocher,48.678625,-1.341432,09:35:00,2024-09-13
202400012022,02:50,Nuit sans éclairage,35,35019,2,1,6,6.0,4bis Rue du Châtelet,48.42576004,-1.5737926,02:50:00,2024-11-24
202400012023,09:30,Plein jour,94,94043,2,2,1,6.0,Rue Gabriel Péri / Rue de la Convention,48.812441,2.353247,09:30:00,2024-04-22
202400012024,14:30,Plein jour,60,60139,2,6,1,1.0,Rue François Truffaut,49.157001,2.255185,14:30:00,2024-11-15
202400012025,08:00,Crépuscule,35,35012,1,1,1,1.0,D53 LA GERBAUDIÈRE,47.854674,-1.641351,08:00:00,2024-09-12
202400012026,15:00,Plein jour,94,94048,2,2,8,2.0,N19 / Rue du Vallon,48.72747,2.53925,15:00:00,2024-04-21
202400012027,17:15,Plein jour,27,27213,1,2,1,3.0,croisement des quatre chemins,49.205044,1.508528,17:15:00,2024-04-17
202400012028,09:00,Plein jour,93,93073,2,3,1,3.0,Avenue de la Paix / Rue Lenine,48.95118,2.56744,09:00:00,2024-04-22
202400012029,18:05,Plein jour,62,62060,2,1,1,6.0,D120,50.23710612,2.11807458,18:05:00,2024-09-12
202400012030,14:25,Plein jour,93,93071,2,1,2,3.0,Boulevard Westinghouse,48.92704,2.51988,14:25:00,2024-04-22
202400012031,08:20,Plein jour,13,13207,1,1,1,2.0,Tunnel Prado Carénage,43.2826,5.3935,08:20:00,2024-09-12
202400012032,23:20,,93,93064,2,1,1,6.0,Rue du Général Leclerc,48.867633,2.493249,23:20:00,2024-04-21
202400012033,17:20,Plein jour,93,93045,2,3,1,1.0,Rue de Paris / Rue du Garde-chasse,48.880406,2.418144,17:20:00,2024-04-21
202400012034,00:42,Nuit sans éclairage,13,13056,1,1,2,2.0,A55-Sens Marseille vers Martigues,43.39796194,5.07484271,00:42:00,2024-09-12
202400012035,18:40,Plein jour,92,92064,2,1,1,6.0,CALVAIRE,48.84750265,2.21855307,18:40:00,2024-04-22
202400012036,11:20,Plein jour,13,13071,1,1,1,2.0,A51-Sens Marseille vers Aix en Provence,43.4116,5.36455,11:20:00,2024-09-07
202400012037,13:15,Plein jour,92,92064,2,1,1,3.0,REPUBLIQUE,48.84663235,2.21410418,13:15:00,2024-04-22
202400012038,10:22,Plein jour,92,92063,2,1,1,3.0,CORIOLIS (RUE DU MARQUIS DE),48.85777877,2.186405,10:22:00,2024-04-22
202400012039,14:35,Plein jour,67,67482,2,1,1,5.0,M350,48.5987,7.75261,14:35:00,2024-09-08
202400012040,14:07,Plein jour,92,92049,2,1,1,3.0,PERIER RUE N°35 A 88 ET 26B A 90,48.81453435,2.31463715,14:07:00,2024-04-22
202400012041,19:45,Plein jour,92,92026,2,9,9,3.0,PRESIDENT KRUGER,48.89852455,2.25583005,19:45:00,2024-04-20
202400012042,17:50,Plein jour,33,33550,1,1,1,4.0,Unknown,44.778777,-0.557189,17:50:00,2024-09-12
202400012043,20:40,Plein jour,92,92026,2,1,1,3.0,GEORGES CLEMENCEAU,48.9029565,2.2714051,20:40:00,2024-04-16
202400012044,04:00,Nuit sans éclairage,59,59343,1,1,1,6.0,AUTOROUTE A22,50.60042,3.11445,04:00:00,2024-09-12
202400012045,17:15,Plein jour,91,91434,1,1,2,2.0,AUTOROUTE A6,48.668,2.3556,17:15:00,2024-09-12
202400012046,22:45,,92,92024,2,1,1,3.0,FOURNIER (RUE),48.90440106,2.29909873,22:45:00,2024-04-09
202400012047,07:14,Crépuscule,94,94038,1,1,1,4.0,A6A,48.77730361,2.34638358,07:14:00,2024-09-12
202400012048,17:10,Plein jour,92,92014,2,1,1,6.0,BIEVRE (RUE DE LA),48.78117691,2.31901431,17:10:00,2024-04-22
202400012049,21:30,Nuit sans éclairage,92,92048,1,1,1,2.0,N118,48.79123833,2.22009228,21:30:00,2024-09-11
202400012050,11:55,Plein jour,33,33478,2,7,1,6.0,Unknown,45.014508,-0.001131,11:55:00,2024-04-21
202400012051,18:30,Plein jour,76,76054,1,1,1,6.0,D149,49.909547,1.381209,18:30:00,2024-04-23
202400012052,14:20,Plein jour,93,93066,1,1,1,7.0,AUTOROUTE A86,48.92418411,2.34161019,14:20:00,2024-09-11
202400012053,17:10,Plein jour,91,91666,1,1,1,1.0,D35,48.667597,2.199336,17:10:00,2024-04-23
202400012054,14:30,Plein jour,77,77517,1,1,1,2.0,A104.INT,48.906665,2.639833,14:30:00,2024-09-12
202400012055,09:30,Plein jour,83,83091,2,3,1,3.0,Av des Anciens Combattants d?Afn,43.222511,6.14176,09:30:00,2024-04-23
202400012056,11:11,Plein jour,94,94052,1,1,1,3.0,A86,48.83441554,2.49343043,11:11:00,2024-09-12
202400012057,18:00,Plein jour,79,79307,2,3,1,5.0,Unknown,46.134322,0.122195,18:00:00,2024-03-23
202400012058,09:00,Plein jour,77,77384,1,1,1,2.0,A5B,48.60121398,2.63442069,09:00:00,2024-09-12
202400012059,17:00,Plein jour,95,95026,1,1,1,6.0,GOURDEAUX (RUE DES),49.130745,2.360795,17:00:00,2024-04-22
202400012060,18:31,Plein jour,14,14047,2,6,1,6.0,7 Boulevard du 6 Juin,49.27878,-0.71851,18:31:00,2024-06-19
202400012061,16:50,Plein jour,65,65258,2,1,1,2.0,Rue des Résistants,43.111272,0.385042,16:50:00,2024-04-23
202400012062,11:15,Plein jour,65,65330,2,1,1,6.0,D935,43.429564,0.0474,11:15:00,2024-04-23
202400012063,07:00,Crépuscule,44,44109,2,9,2,6.0,27 Boulevard Henry Orrion,47.23334,-1.55967,07:00:00,2024-09-11
202400012064,18:08,Plein jour,71,71479,1,1,2,6.0,chemin du brosset,46.834758,4.439099,18:08:00,2024-04-01
202400012065,19:00,,92,92023,2,1,1,2.0,PAIX (AVENUE DE LA),48.81530925,2.27722174,19:00:00,2024-04-16
202400012066,12:30,Plein jour,63,63378,2,1,1,7.0,Route de Pre Monsieur,45.6679076,3.23892206,12:30:00,2024-04-22
202400012067,14:15,Plein jour,63,63368,1,1,1,6.0,Chemin de Larmat,45.68888815,3.29217555,14:15:00,2024-04-23
202400012068,11:15,Plein jour,974,97416,1,1,1,4.0,RN3 (ANCIENNE ROUTE),-21.31447,55.44019,11:15:00,2024-09-11
202400012069,16:55,Plein jour,47,47280,2,1,1,1.0,26 Avenue Georges Robert,44.399705,0.8047,16:55:00,2024-04-22
202400012070,16:00,Plein jour,31,31579,1,1,1,4.0,D45,43.738174,1.496029,16:00:00,2024-04-22
202400012071,07:50,Plein jour,974,97416,1,1,1,2.0,RN3 (ANCIENNE ROUTE),-21.33112,55.4674,07:50:00,2024-09-11
202400012072,11:30,Plein jour,50,50412,2,1,1,6.0,15 Rue Aubert,49.333905,-1.698653,11:30:00,2024-04-23
202400012073,17:33,Plein jour,60,60577,1,1,1,6.0,12 Route Nationale,49.454701,1.788099,17:33:00,2024-04-21
202400012074,15:40,Plein jour,53,53027,1,1,1,7.0,D24,47.89997,-0.41696,15:40:00,2024-04-21
202400012075,19:40,,974,97411,2,4,1,2.0,FRANCISCEAS (CHEMIN DES),-20.91032,55.47757,19:40:00,2024-09-11
202400012076,17:55,Plein jour,53,53247,1,5,1,3.0,La Cocherie,48.120583,-1.019854,17:55:00,2024-04-22
202400012077,11:15,Plein jour,974,97411,2,2,1,3.0,LABOURDONNAIS,-20.87627,55.44923,11:15:00,2024-09-11
202400012078,05:25,,21,21638,2,6,1,6.0,D974,47.514954,5.175397,05:25:00,2024-04-21
202400012079,18:35,Nuit sans éclairage,974,97407,1,1,1,2.0,ROUTE NATIONALE N° 1,-20.95898,55.30843,18:35:00,2024-09-11
202400012080,01:05,,69,69388,2,1,1,6.0,Rue Laennec,45.73569,4.88875,01:05:00,2024-09-11
202400012081,16:15,Plein jour,87,87032,1,1,1,3.0,chareilles,45.641048,0.984596,16:15:00,2024-04-23
202400012082,16:34,Plein jour,30,30050,1,1,1,7.0,D27,43.927657,4.049073,16:34:00,2024-04-21
202400012083,07:25,Crépuscule,95,95323,2,2,1,6.0,OISE (BOULEVARD DE L'),49.0210292,2.02187955,07:25:00,2024-09-10
202400012084,19:30,,973,97309,2,3,1,3.0,Route de Rémire,4.89889483,-52.27388665,19:30:00,2024-04-12
202400012085,20:00,Plein jour,91,91103,1,9,1,3.0,AV DE LA MAISON NEUVE,48.58814,2.30422,20:00:00,2024-09-11
202400012086,16:40,Plein jour,33,33284,1,1,1,4.0,Unknown,44.657176,-0.828781,16:40:00,2024-04-19
202400012087,17:20,Plein jour,34,34022,1,1,1,2.0,"A9, PK 90, direction MONTPELLIER",43.65699057,3.99655722,17:20:00,2024-04-22
202400012088,13:30,Plein jour,89,89387,2,1,1,3.0,Avenue Henri Delanne,48.1758,3.28984,13:30:00,2024-08-24
202400012089,11:50,Plein jour,30,30189,1,1,1,2.0,Autorouter A54 - PK 01+000,43.807945,4.353096,11:50:00,2024-04-22
202400012090,13:20,Plein jour,87,87050,1,1,2,6.0,LIMOGES (AVENUE DE),45.85668,1.24586,13:20:00,2024-09-11
202400012091,14:15,Plein jour,988,98830,1,9,1,7.0,Paola (Tribu) lieu dit Tyeme,-20.75913,165.11664,14:15:00,2024-04-21
202400012092,15:30,Plein jour,77,77089,1,3,1,3.0,RD 213 PK13+900,48.497867,2.97516,15:30:00,2024-04-22
202400012093,08:20,Plein jour,77,77508,1,6,1,1.0,RD231 PK 42+795,48.81602,2.841897,08:20:00,2024-04-22
202400012094,17:45,Plein jour,81,81004,2,1,1,6.0,LATTRE DE TASSIGNY (AV DE),43.9317308,2.1658619,17:45:00,2024-09-10
202400012095,14:10,Plein jour,34,34157,1,3,1,5.0,D613,43.45355,3.549051,14:10:00,2024-04-23
202400012096,17:46,Plein jour,84,84067,1,1,1,6.0,Chemin du Canal de Carpentras,44.07007,5.028332,17:46:00,2024-04-17
202400012097,11:25,Plein jour,80,80021,2,1,2,3.0,ALSACE LORRAINE (BOULEVARD D'),49.89264,2.3077,11:25:00,2024-09-09
202400012098,16:30,Plein jour,83,83068,1,6,2,2.0,D559,43.28131,6.582586,16:30:00,2024-04-22
202400012099,14:55,Plein jour,13,13059,2,1,1,1.0,D96,43.642776,5.538021,14:55:00,2024-04-22
202400012100,19:00,Crépuscule,67,67463,1,1,1,7.0,D468,48.890102,8.09171,19:00:00,2024-04-22
202400012101,17:10,Plein jour,78,78551,2,1,1,6.0,LOGES (AVENUE DES),48.903115,2.093477,17:10:00,2024-09-11
202400012102,18:00,Plein jour,07,07326,2,1,8,6.0,camping municipal,44.767886,4.165433,18:00:00,2024-04-22
202400012103,23:50,Nuit sans éclairage,50,50041,1,2,1,6.0,D22,49.644096,-1.771545,23:50:00,2024-04-22
202400012104,14:45,Plein jour,27,27008,1,1,1,6.0,Route du Manoir,49.313499,1.190295,14:45:00,2024-04-23
202400012105,19:15,Plein jour,78,78005,1,4,1,3.0,RD30,48.978916,2.0831,19:15:00,2024-09-11