Num_Acc,hrmn,lum,dep,com,agg,int,atm,col,adr,lat,long,heure,date
202400012106,16:45,Plein jour,77,77495,2,1,1,6.0,PASTEUR (RUE),48.56591,2.61655,16:45:00,2024-09-10
202400012107,13:50,Plein jour,33,33063,2,2,1,3.0,Unknown,44.842498,-0.591253,13:50:00,2024-02-03
202400012108,10:45,Plein jour,76,76567,1,2,1,3.0,départemantale 929,49.752977,1.544759,10:45:00,2024-04-22
202400012109,17:25,Crépuscule,31,31555,2,9,8,3.0,RUE DU POUSET,43.56873877,1.45153876,17:25:00,2024-02-03
202400012110,08:45,Plein jour,59,59212,2,1,1,6.0,Rue du College,50.645038,2.721069,08:45:00,2024-04-19
202400012111,14:30,Plein jour,77,77143,1,1,1,3.0,D405,48.98871,2.88191,14:30:00,2024-09-11
202400012112,13:00,Plein jour,59,59350,1,1,1,3.0,ROUTE NATIONALE 356,50.62713,3.08346,13:00:00,2024-04-20
202400012113,12:50,Plein jour,77,77284,2,1,1,6.0,VIEUX MOULINS (RUE DES),48.95923,2.87714,12:50:00,2024-09-11
202400012114,02:35,,59,59350,1,1,1,7.0,AUTOROUTE A25,50.62237,3.02409,02:35:00,2024-04-20
202400012115,10:15,Plein jour,77,77143,1,1,8,7.0,RD 38,48.98132,2.87457,10:15:00,2024-09-11
202400012116,15:40,Plein jour,19,19272,2,3,1,3.0,Raymond Poincaré (Av),45.27094,1.76944,15:40:00,2024-02-02
202400012117,09:20,Plein jour,92,92025,1,1,1,2.0,A86,48.9216638,2.22632534,09:20:00,2024-04-22
202400012118,13:57,Plein jour,16,16102,2,1,1,6.0,MONNET (PLACE JEAN),45.693034,-0.326813,13:57:00,2024-02-03
202400012119,00:15,,69,69256,2,3,2,3.0,Avenue de Böhlen,45.76643,4.92986,00:15:00,2024-09-12
202400012120,08:20,Plein jour,95,95042,1,1,1,2.0,N104,49.06219202,2.32376321,08:20:00,2024-04-22
202400012121,19:06,,14,14118,2,1,1,7.0,62 Rue Armand Marie,49.16378,-0.35881,19:06:00,2024-02-03
202400012122,12:30,Plein jour,69,69256,2,1,1,6.0,Place Gilbert Boissier,45.78601,4.92663,12:30:00,2024-09-11
202400012123,10:00,Plein jour,93,93053,1,1,1,3.0,A86,48.89937884,2.46926068,10:00:00,2024-04-22
202400012124,13:55,Plein jour,69,69264,2,2,1,6.0,90 Boulevard Etienne Bernand,45.98584,4.715,13:55:00,2024-09-11
202400012125,08:00,Plein jour,93,93007,1,1,1,2.0,A3,48.93333787,2.48068994,08:00:00,2024-04-22
202400012126,07:15,Plein jour,13,13203,2,3,1,3.0,GÉNÉRAL LECLERC (RUE),43.30445,5.37509,07:15:00,2024-02-03
202400012127,22:00,,64,64445,2,9,1,2.0,CATHERINE DE BOURBON,43.31901,-0.36026,22:00:00,2024-09-07
202400012128,22:20,Nuit avec éclairage,93,93064,1,1,1,2.0,A86,48.88401889,2.47154067,22:20:00,2024-04-21
202400012129,15:45,Plein jour,13,13028,2,1,1,1.0,DULAC (AVENUE GUILLAUME),43.193,5.6097,15:45:00,2024-02-03
202400012130,12:25,Plein jour,09,09225,2,7,1,6.0,CHARLES DE GAULLE RUE,43.11592,1.61017,12:25:00,2024-02-03
202400012131,09:50,Plein jour,62,62133,2,1,1,7.0,Rue des Fusillés,50.41662,2.91233,09:50:00,2024-09-11
202400012132,04:40,Nuit sans éclairage,95,95604,1,1,1,3.0,A1,49.12303,2.55701,04:40:00,2024-04-21
202400012133,11:40,Plein jour,75,75117,2,1,1,4.0,PORTE DE CLICHY,48.89781,2.31361,11:40:00,2024-02-03
202400012134,17:22,Plein jour,13,13212,1,1,1,4.0,A507 sens Marseille - Aubagne,43.29932,5.42532,17:22:00,2024-08-05
202400012135,17:35,Plein jour,62,62270,2,9,1,4.0,D941,50.46711722,2.5014782,17:35:00,2024-09-04
202400012136,09:05,Plein jour,75,75118,2,1,1,6.0,BOULEVARD NEY,48.898564,2.356844,09:05:00,2024-02-03
202400012137,19:30,Nuit sans éclairage,974,97411,1,1,2,4.0,LITTORAL (ROUTE 1 DU),-20.88372,55.39155,19:30:00,2024-04-21
202400012138,11:40,Plein jour,83,83137,1,1,1,2.0,Unknown,43.12212803,5.95605755,11:40:00,2024-07-25
202400012139,14:30,Plein jour,59,59196,2,1,1,6.0,ZONE COMMERCIALE,50.63614,2.96553,14:30:00,2024-09-05
202400012140,16:30,Plein jour,974,97411,1,1,1,1.0,RN2/111,-20.88571,55.49733,16:30:00,2024-04-21
202400012141,18:10,,75,75105,2,3,8,6.0,RUE SAINT JACQUES,48.84491,2.342364,18:10:00,2024-02-03
202400012142,09:09,Plein jour,33,33281,1,1,1,7.0,Unknown,44.85621,-0.6629,09:09:00,2024-08-06
202400012143,13:10,Plein jour,973,97302,1,1,2,6.0,LEBLOND (ROND POINT),4.92112758,-52.33042628,13:10:00,2024-04-21
202400012144,13:50,Plein jour,75,75115,2,2,8,7.0,BOULEVARD GENERAL MARTIAL VALIN,48.838742,2.269875,13:50:00,2024-02-03
202400012145,16:50,Plein jour,56,56098,2,3,8,7.0,Rue de la République,47.75693,-3.34498,16:50:00,2024-09-10
202400012146,23:00,Nuit sans éclairage,92,92072,1,1,1,7.0,N118,48.82499763,2.221007,23:00:00,2024-08-05
202400012147,05:58,Nuit avec éclairage,973,97309,2,1,2,7.0,TIGRE (ROUTE DU),4.90929,-52.30778,05:58:00,2024-04-21
202400012148,21:15,,75,75112,2,1,1,2.0,QUAI DE BERCY,48.83275,2.38329,21:15:00,2024-02-02
202400012149,12:15,Plein jour,56,56121,2,9,1,3.0,13 Rue François Toullec,47.73237,-3.37976,12:15:00,2024-09-10
202400012150,13:26,Plein jour,971,97101,1,1,1,3.0,GRAND CAMP(SECTION),16.25315,-61.54237,13:26:00,2024-04-21
202400012151,18:45,Plein jour,95,95527,1,1,1,2.0,A1,48.99881679,2.52018602,18:45:00,2024-08-05
202400012152,14:30,Plein jour,75,75110,2,3,8,3.0,RUE SAINT MAUR,48.871774,2.371955,14:30:00,2024-02-03
202400012153,10:30,Plein jour,53,53130,2,9,1,6.0,KELLERMANN ( BOULEVARD ),48.062397,-0.749692,10:30:00,2024-09-11
202400012154,21:25,,971,97101,1,9,3,7.0,BOZON,16.25467,-61.47575,21:25:00,2024-04-20
202400012155,18:40,Plein jour,77,77146,1,1,1,3.0,RN104,48.81497228,2.62559359,18:40:00,2024-08-06
202400012156,21:00,,51,51454,2,1,1,6.0,ELUS (RUE DES),49.25589,4.03261,21:00:00,2024-09-11
202400012157,22:00,,94,94067,2,5,2,6.0,Avenue Gallieni / Avenue Foch,48.84655033,2.41748169,22:00:00,2024-02-03
202400012158,11:30,Plein jour,971,97120,1,1,1,6.0,HANNE (BOULEVARD),16.24067,-61.53356,11:30:00,2024-04-20
202400012159,19:35,Crépuscule,34,34172,2,1,1,7.0,Rue Auguste Broussonnet,43.616896,3.869148,19:35:00,2024-05-19
202400012160,22:10,,94,94080,2,3,2,6.0,Avenue de Paris / Avenue du Petit Parc,48.845384,2.428812,22:10:00,2024-02-02
202400012161,13:15,Plein jour,51,51454,2,2,1,3.0,ALBERT 1ER (BOULEVARD),49.270828,4.011111,13:15:00,2024-09-11
202400012162,04:20,Nuit sans éclairage,95,95203,2,6,1,6.0,D928,48.99347445,2.28194296,04:20:00,2024-04-21
202400012163,00:25,,94,94052,2,1,2,6.0,Boulevard de Strasbourg,48.84163105,2.48331956,00:25:00,2024-02-03
202400012164,07:10,Crépuscule,51,51454,2,1,2,6.0,PAIX (BOULEVARD DE LA),49.25699,4.03938,07:10:00,2024-09-11
202400012165,16:22,Plein jour,973,97302,2,1,1,1.0,CHARLERY (GUSTAVE),4.93958149,-52.31805503,16:22:00,2024-08-05
202400012166,14:15,Plein jour,972,97209,1,9,1,6.0,SOLEIL COU COUPE (RUE),14.60186,-61.04256,14:15:00,2024-08-05
202400012167,00:33,,51,51506,2,6,1,2.0,SIMON (AVE JACQUES),48.9447,4.39091,00:33:00,2024-09-07
202400012168,17:30,Plein jour,95,95476,1,1,1,4.0,N14,49.05696942,2.04149734,17:30:00,2024-04-16
202400012169,21:00,,94,94060,2,5,1,2.0,Avenue du Maréchal Mortier / Rue Pierre de Coubertin,48.79111,2.57754,21:00:00,2024-02-02
202400012170,19:19,Plein jour,49,49007,2,1,1,3.0,CHALOUERE,47.47939,-0.54203,19:19:00,2024-09-11
202400012171,18:45,Nuit sans éclairage,972,97209,2,1,2,1.0,CLUNY (ROUTE DE),14.61512,-61.08164,18:45:00,2024-08-04
202400012172,15:20,Plein jour,93,93047,2,2,1,3.0,Rue du Général de Gaulle / Avenue Daniel Perdrige,48.89934799,2.55949366,15:20:00,2024-02-02
202400012173,15:15,Plein jour,49,49267,2,1,1,3.0,GATS,47.47408,-0.51516,15:15:00,2024-09-10
202400012174,17:20,Plein jour,91,91692,1,3,1,4.0,RD35,48.67533,2.18971,17:20:00,2024-04-21
202400012175,15:00,Plein jour,69,69389,2,2,1,3.0,Rue Laporte,45.77871,4.80492,15:00:00,2024-08-05
202400012176,16:35,Plein jour,93,93071,2,1,1,2.0,Avenue John Fitzgerald Kennedy,48.94396,2.51262,16:35:00,2024-02-03
202400012177,17:50,Plein jour,41,41212,1,1,1,2.0,RD 956,47.56754,1.37119,17:50:00,2024-09-10
202400012178,17:14,Plein jour,971,97101,2,1,1,6.0,PROVIDENCE,16.26363,-61.51282,17:14:00,2024-08-05
202400012179,12:15,Plein jour,91,91174,2,2,1,1.0,AVENUE SERGE DASSAULT,48.61301,2.46411,12:15:00,2024-04-21
202400012180,20:24,,92,92050,2,2,1,3.0,PROVINCES FRANCAISES BD DES,48.90084037,2.21494925,20:24:00,2024-02-02
202400012181,07:00,Crépuscule,37,37208,2,6,3,3.0,GRANGES GALANT (RUE DES),47.3671,0.72053,07:00:00,2024-09-11
202400012182,02:30,Nuit sans éclairage,971,97101,1,1,1,6.0,Marin BONINE,16.2748,-61.48602,02:30:00,2024-08-04
202400012183,10:10,Plein jour,91,91223,2,1,1,6.0,CHARPENTIER (AVENUE THEODORE),48.428981,2.15261,10:10:00,2024-04-21
202400012184,23:30,,92,92049,2,1,1,6.0,GINOUX AV. HENRI N°1 A 95 ET 2 A 104,48.81722257,2.32173157,23:30:00,2024-02-03
202400012185,01:55,Nuit avec éclairage,971,97101,1,1,1,6.0,PROVIDENCE,16.26442,-61.51189,01:55:00,2024-08-04
202400012186,09:00,Plein jour,83,83090,2,1,1,7.0,MONNET (AVE JEAN),43.12666,5.86441,09:00:00,2024-04-21
202400012187,15:40,Plein jour,35,35238,2,1,1,2.0,MITTERAND (MAIL FRANCOIS),48.10835,-1.69599,15:40:00,2024-09-11
202400012188,18:40,Nuit sans éclairage,971,97101,1,1,1,6.0,ROUTE DE COMA,16.27296,-61.46711,18:40:00,2024-08-03
202400012189,15:10,Plein jour,92,92048,2,2,8,3.0,COLONEL MORAINE (ROUTE DU),48.79648761,2.21765417,15:10:00,2024-02-03
202400012190,09:55,Plein jour,35,35238,2,1,1,6.0,CHATEAU (AVENUE FRANCOIS),48.11101,-1.64899,09:55:00,2024-09-11
202400012191,15:15,Plein jour,78,78551,2,9,1,6.0,PENDANTS D'HENNEMONT (AVENUE DES),48.892804,2.058059,15:15:00,2024-04-20
202400012192,02:10,,92,92026,2,9,2,6.0,HÔTEL DE VILLE (PLACE,48.89463,2.25687,02:10:00,2024-02-03
202400012193,23:10,,95,95268,1,9,1,2.0,MORILLONS (AVENUE DES),48.963347,2.398668,23:10:00,2024-07-31
202400012194,16:10,Plein jour,78,78423,2,4,8,6.0,BLES D'OR (RUE DES),48.778977,2.035852,16:10:00,2024-04-21
202400012195,12:45,Plein jour,92,92024,2,1,1,6.0,GENERAL LECLERC (BD DU) (9 A 59)   (4 A,48.90146489,2.31505644,12:45:00,2024-02-03
202400012196,19:18,Crépuscule,31,31555,1,1,2,4.0,VA008493 LA CRABE A624 Sortie 2,43.61153,1.38004,19:18:00,2024-09-11
202400012197,15:12,Plein jour,91,91377,2,4,1,3.0,AV DES MARTYRS DE SOWETO,48.73451,2.27028,15:12:00,2024-08-03
202400012198,19:55,,92,92007,2,3,1,1.0,SUISSES (VOIE DES),48.80158,2.30032,19:55:00,2024-02-03
202400012199,08:00,Plein jour,29,29019,2,6,1,3.0,rue Beaumanoir,48.386669,-4.515066,08:00:00,2024-09-10
202400012200,11:20,Plein jour,89,89287,2,1,1,2.0,JULES FERRY (RUE),48.18304,3.24303,11:20:00,2024-08-02
202400012201,21:15,Nuit sans éclairage,50,50541,1,1,1,7.0,Route de Villedieu,48.837182,-1.508946,21:15:00,2024-01-12
202400012202,14:20,Plein jour,87,87085,2,1,1,6.0,LECLERC (AVENUE DU GENERAL),45.85,1.26311,14:20:00,2024-08-02
202400012203,17:35,Plein jour,28,28134,2,8,1,3.0,SAINT THIBAULT (RUE),48.733497,1.353779,17:35:00,2024-09-11
202400012204,16:35,Plein jour,22,22311,1,1,1,3.0,D19,48.559227,-2.240524,16:35:00,2024-02-03
202400012205,11:55,Plein jour,25,25056,2,8,2,3.0,ALLENDE  BOULEVARD SALVADOR,47.21988,5.97327,11:55:00,2024-09-11
202400012206,12:50,Plein jour,77,77441,2,1,1,3.0,VALVINS (AVENUE DE),48.42918933,2.74332443,12:50:00,2024-04-21
202400012207,16:20,Plein jour,49,49092,1,1,1,1.0,D961,47.299322,-0.739635,16:20:00,2024-02-03
202400012208,09:00,Plein jour,84,84007,2,3,1,3.0,QUAI SAINT LAZARE (Bd du),43.95329,4.81384,09:00:00,2024-08-04
202400012209,23:55,Nuit sans éclairage,22,22360,1,1,1,6.0,ROND POINT DE BREZILLET,48.49335,-2.76294,23:55:00,2024-09-11
202400012210,20:45,Nuit sans éclairage,31,31575,1,1,1,6.0,Chemin des Etroits - PR 26,43.525977,1.427799,20:45:00,2024-02-03
202400012211,19:20,Plein jour,83,83137,2,1,1,6.0,MISSIESSY (HLM / CITE),43.12672,5.9082,19:20:00,2024-08-05
202400012212,01:00,Nuit sans éclairage,974,97412,2,9,1,6.0,Sentier des Ritournelles,-21.368035,55.622913,01:00:00,2024-02-04
202400012213,17:45,Plein jour,22,22215,2,1,1,3.0,FREHEL RUE DE),48.4913,-2.79576,17:45:00,2024-09-10
202400012214,18:30,Nuit sans éclairage,78,78172,2,1,1,2.0,RN 184,49.013311,2.08974,18:30:00,2024-12-11
202400012215,15:45,Plein jour,62,62261,2,1,1,3.0,D144,50.48619453,1.61743587,15:45:00,2024-02-03
202400012216,14:20,Plein jour,83,83062,2,3,1,1.0,FABRI DE PEIRESC (AVENUE),43.14112,6.03005,14:20:00,2024-08-05
202400012217,21:20,,77,77379,2,9,9,6.0,JEAN JAURES (AVENUE),48.55614306,3.3031261,21:20:00,2024-12-16
202400012218,18:20,Plein jour,14,14118,2,3,1,6.0,7 Rue Daniel Huet,49.17823,-0.36219,18:20:00,2024-09-10
202400012219,20:15,Nuit sans éclairage,44,44149,1,1,1,3.0,Unknown,47.485882,-1.629463,20:15:00,2024-02-03
202400012220,10:45,Plein jour,83,83062,2,9,1,3.0,L'HERMINIER (AVENUE JEAN),43.12861,6.01916,10:45:00,2024-08-05
202400012221,12:10,Plein jour,13,13103,2,9,1,6.0,BOULEVARD DU ROY RENE,43.63709,5.09544,12:10:00,2024-09-11
202400012222,20:45,,77,77449,2,2,2,3.0,RUE EMILE CLOUD,48.85100929,2.78678465,20:45:00,2024-12-30
202400012223,06:10,Plein jour,83,83034,1,1,1,1.0,RUE DES 3 PINS,43.10328,6.05564,06:10:00,2024-08-04
202400012224,13:30,Plein jour,30,30315,1,4,1,7.0,Chemin du Pont de la Grave,43.952278,4.712078,13:30:00,2024-02-04
202400012225,09:30,Plein jour,13,13207,2,1,1,3.0,CORDERIE (BOULEVARD DE LA),43.29029,5.36889,09:30:00,2024-09-10
202400012226,14:45,Plein jour,83,83118,2,1,1,1.0,BOULEVARD DU CERCERON,43.43586762,6.79438984,14:45:00,2024-08-01
202400012227,19:30,,76,76351,2,1,1,6.0,Rue Florimond Laurent,49.515104,0.112419,19:30:00,2024-12-27
202400012228,17:55,Plein jour,10,10333,2,2,2,3.0,PAIX (RUE DE LA ),48.27723,4.0587,17:55:00,2024-09-09
202400012229,17:05,Plein jour,56,56036,1,1,1,5.0,Lieu-Dit Kergohal,47.816083,-3.335482,17:05:00,2024-02-03
202400012230,21:00,Plein jour,82,82033,2,1,1,7.0,Route des Barthes,44.06481258,1.13472381,21:00:00,2024-08-05
202400012231,06:40,Crépuscule,72,72181,2,1,1,2.0,MESSIAEN OLIVIER (AV) PAIRS,48.01579,0.15282,06:40:00,2024-12-30
202400012232,19:10,Plein jour,03,03101,1,2,2,3.0,CD943,46.398811,2.535443,19:10:00,2024-09-11
202400012233,13:10,Plein jour,76,76488,1,2,8,3.0,d925/d271,49.784312,0.609677,13:10:00,2024-02-03
202400012234,19:50,,71,71306,2,4,1,6.0,PAUL BERT (RUE),46.67299387,4.36098486,19:50:00,2024-12-30
202400012235,19:30,Plein jour,82,82033,2,2,1,3.0,Rue de la République,44.03882,1.10871,19:30:00,2024-08-05
202400012236,11:10,Plein jour,2A,2A362,2,1,1,6.0,T10 - sainte lucie de porto vecchio,41.698039,9.344156,11:10:00,2024-02-04
202400012237,08:00,Plein jour,02,02304,2,1,1,6.0,25 Rue du Bourget,49.663298,3.363656,08:00:00,2024-09-04
202400012238,10:50,Plein jour,67,67482,2,1,8,6.0,FAUBOURG DE PIERRE (PONT DU),48.586905,7.74654,10:50:00,2024-12-30
202400012239,07:30,Plein jour,82,82033,1,1,1,2.0,Route de Lafrançaise,44.04870784,1.1192075,07:30:00,2024-08-05
202400012240,11:25,Plein jour,81,81073,1,1,1,3.0,le truel,43.944948,2.305289,11:25:00,2024-01-30
202400012241,12:01,Plein jour,66,66136,2,3,1,3.0,DESNOYE (BOULEVARD DR. JOSEPH),42.7094,2.88559,12:01:00,2024-12-28
202400012242,21:10,Plein jour,81,81065,2,1,1,2.0,DE GAULLE RD 612 (AV. CHARLES),43.60213,2.25035,21:10:00,2024-08-05
202400012243,14:30,Plein jour,64,64335,1,1,1,7.0,D817,43.34277,-0.4126,14:30:00,2024-12-30
202400012244,17:25,Crépuscule,71,71014,2,2,1,3.0,28 Rue Saint-Pancrace,46.946177,4.303535,17:25:00,2024-02-03
202400012245,17:55,Plein jour,75,75117,2,1,1,5.0,BD PERIPHERIQUE EXTERIEUR,48.879379,2.281345,17:55:00,2024-09-11
202400012246,01:15,,81,81257,2,6,1,1.0,133 Avenue Jean Jaurès,43.94464,2.19858,01:15:00,2024-08-06
202400012247,12:25,Plein jour,64,64445,2,1,1,6.0,EMILE GUICHENNE,43.29869,-0.36892,12:25:00,2024-12-29
202400012248,08:45,Plein jour,89,89189,1,2,8,3.0,D23,48.285595,3.261086,08:45:00,2024-02-03
202400012249,22:50,Nuit sans éclairage,63,63196,1,1,5,6.0,D43 8+285,45.96064609,3.41817833,22:50:00,2024-02-03
202400012250,18:15,Plein jour,80,80021,2,8,1,7.0,Rue Robert le Coq,49.90082,2.2698,18:15:00,2024-08-03
202400012251,04:00,,64,64024,2,1,1,1.0,LAZARET (RUE DU),43.52263,-1.5011,04:00:00,2024-12-30
202400012252,10:35,Plein jour,75,75116,2,1,1,2.0,BOULEVARD PERIPHERIQUE INTERIEUR OUEST,48.874364,2.275955,10:35:00,2024-09-11
202400012253,08:45,Plein jour,61,61066,1,1,5,6.0,N12 PK 37+740,48.510655,0.405507,08:45:00,2024-02-01
202400012254,14:41,Plein jour,80,80001,2,1,1,3.0,AMIENS (d'),50.102852,1.853049,14:41:00,2024-08-05
202400012255,15:50,Plein jour,49,49183,1,1,1,7.0,d6,47.493327,-0.970273,15:50:00,2024-01-18
202400012256,08:30,Plein jour,75,75120,2,1,1,3.0,BOULEVARD PERIPHERIQUE INTERIEUR NORD  ,48.863502,2.413408,08:30:00,2024-09-11
202400012257,13:00,Plein jour,42,42128,1,1,5,6.0,N7,45.918811,4.322305,13:00:00,2024-02-04
202400012258,06:45,,62,62041,2,1,8,6.0,Rue des 3 Visages,50.29228,2.77694,06:45:00,2024-12-30
202400012259,16:00,Plein jour,78,78551,1,1,1,2.0,ROUTE NATIONALE 13,48.88878,2.08592,16:00:00,2024-08-04
202400012260,21:10,Nuit sans éclairage,49,49099,1,1,1,7.0,RUISSEAUX (RUE DES),47.01712,-0.90038,21:10:00,2024-12-23
202400012261,05:15,,75,75120,2,1,2,6.0,BOULEVARD PERIPHERIQUE INTERIEUR NORD  ,48.86489591,2.41262019,05:15:00,2024-09-11
202400012262,09:45,Plein jour,42,42092,1,1,1,1.0,Route des Brossettes,45.498549,4.38369,09:45:00,2024-02-04
202400012263,15:00,Plein jour,49,49007,2,1,1,6.0,CHURCHILL AVENUE ET SQUARE,47.452371,-0.555925,15:00:00,2024-12-30
202400012264,07:40,Plein jour,77,77475,2,2,1,2.0,D'ORMAGNE (RUE D'),48.957751,2.947171,07:40:00,2024-08-05
202400012265,07:00,,47,47252,2,1,5,1.0,All Saint Martin,44.401959,0.588176,07:00:00,2024-02-04
202400012266,04:15,,75,75114,2,3,2,7.0,BOULEVARD PERIPHERIQUE INTERIEUR SUD,48.820927,2.321828,04:15:00,2024-09-11
202400012267,19:40,Plein jour,76,76351,2,1,1,7.0,AMBROISE CROIZAT,49.51983,0.07264,19:40:00,2024-08-02
202400012268,17:30,Crépuscule,47,47119,1,1,1,7.0,D154,44.19658567,-0.02590143,17:30:00,2024-02-02
202400012269,11:48,Plein jour,49,49007,2,2,1,3.0,SHAKESPEARE,47.46009,-0.61446,11:48:00,2024-12-30
202400012270,21:30,Nuit sans éclairage,34,34252,1,1,1,6.0,D922,43.659668,3.092378,21:30:00,2024-02-02
202400012271,18:15,Plein jour,75,75115,2,1,1,3.0,BOULEVARD PERIPHERIQUE EXTERIEUR SUD,48.828966,2.288562,18:15:00,2024-09-10
202400012272,15:10,Plein jour,76,76351,2,3,2,7.0,STRASBOURG (BD),49.492,0.118,15:10:00,2024-08-03
202400012273,13:10,Plein jour,42,42218,1,1,1,6.0,Rue du Parc,45.39851002,4.45122004,13:10:00,2024-12-17
202400012274,12:20,Plein jour,15,15144,1,1,7,2.0,RN 122 ,44.865709,2.294013,12:20:00,2024-02-04
202400012275,16:34,Plein jour,40,40192,2,2,1,6.0,SAINT MÉDARD (BD),43.89479478,-0.48521161,16:34:00,2024-12-18
202400012276,17:55,Plein jour,75,75117,2,2,8,6.0,RUE LA CONDAMINE,48.884466,2.319517,17:55:00,2024-09-09
202400012277,01:30,,33,33063,2,6,1,6.0,Unknown,44.85536239,-0.61433449,01:30:00,2024-12-31
202400012278,13:30,Plein jour,01,01457,1,3,8,3.0,Route de Macon,46.2286,4.989837,13:30:00,2024-02-03
202400012279,20:20,Plein jour,71,71059,1,4,1,7.0,CREUSOT (RUE DU),46.78622,4.48463,20:20:00,2024-08-05
202400012280,04:29,Nuit sans éclairage,90,90007,1,1,2,1.0,N19,47.599508,6.812578,04:29:00,2024-02-04
202400012281,09:52,Plein jour,75,75101,2,2,1,6.0,RUE ETIENNE MARCEL,48.864197,2.347609,09:52:00,2024-09-09
202400012282,11:30,Plein jour,33,33281,2,1,5,1.0,Unknown,44.827037,-0.686623,11:30:00,2024-12-30
202400012283,02:00,,69,69266,2,2,1,6.0,Rue Louis Becker,45.76529,4.8716,02:00:00,2024-08-05
202400012284,15:19,Plein jour,64,64051,1,1,1,2.0,pk 37 D11,43.423347,-1.102409,15:19:00,2024-02-03
202400012285,20:30,,33,33529,2,1,1,1.0,Unknown,44.62511,-1.13788,20:30:00,2024-12-30
202400012286,08:25,Plein jour,75,75105,2,1,2,3.0,BOULEVARD SAINT GERMAIN,48.849577,2.351019,08:25:00,2024-09-11
202400012287,10:10,Plein jour,67,67482,2,3,1,7.0,RHIN (AVENUE DU),48.5716,7.7704,10:10:00,2024-08-05
202400012288,15:45,Plein jour,18,18054,1,1,1,1.0,Le Rio Mort,46.87807,2.780241,15:45:00,2024-02-04
202400012289,18:35,Plein jour,64,64132,2,1,1,1.0,LARRIBAU,43.30756,-0.32739,18:35:00,2024-08-05
202400012290,18:20,,30,30007,2,6,1,3.0,TALABOT (BOULEVARD),44.12536,4.09158,18:20:00,2024-12-30
202400012291,17:45,Plein jour,75,75120,2,3,8,6.0,BOULEVARD DAVOUT,48.858699,2.409835,17:45:00,2024-09-10
202400012292,20:38,Plein jour,64,64024,2,1,1,7.0,BITACHON (RUE DE),43.4916,-1.517,20:38:00,2024-08-05
202400012293,12:05,Plein jour,07,07230,1,3,7,1.0,104,44.6860586,4.46693979,12:05:00,2024-02-04
202400012294,20:20,Nuit sans éclairage,22,22113,1,1,1,6.0,R.D.767,48.7168,-3.406,20:20:00,2024-12-30
202400012295,09:30,Plein jour,75,75119,2,3,1,3.0,RUE DE CRIMEE,48.884171,2.384207,09:30:00,2024-09-11
202400012296,15:35,Plein jour,14,14118,2,1,8,1.0,Boulevard Yves Guillou,49.17285,-0.37619,15:35:00,2024-12-29
202400012297,10:38,Plein jour,64,64024,2,1,1,2.0,ESPAGNE (AVENUE D'),43.47597,-1.52805,10:38:00,2024-08-05
202400012298,04:39,Nuit sans éclairage,87,87205,1,1,5,3.0,La Gratade (Restaurant),45.77180372,1.28945589,04:39:00,2024-02-04
202400012299,03:10,Nuit sans éclairage,08,08367,2,1,2,6.0,Unknown,49.91458252,4.52998012,03:10:00,2024-02-04
202400012300,10:40,Plein jour,64,64102,2,1,1,3.0,SAINT LEON (ROND POINT),43.48783,-1.48206,10:40:00,2024-08-05
202400012301,18:50,Crépuscule,13,13071,2,1,1,5.0,DARTY (MAGASIN) C/C BARNEOUD,43.41738,5.35871,18:50:00,2024-12-30
202400012302,09:45,Plein jour,75,75117,2,2,1,3.0,AVENUE DES TERNES,48.880098,2.287886,09:45:00,2024-09-11
202400012303,21:15,Plein jour,62,62842,1,1,1,7.0,Rue Calmette,50.46856,2.83629,21:15:00,2024-07-22
202400012304,17:45,,67,67152,2,9,1,6.0,M84,48.520875,7.69294,17:45:00,2024-02-03
202400012305,18:10,,13,13208,2,1,1,1.0,COMMANDANT ROLLAND,43.26891,5.37964,18:10:00,2024-12-30
202400012306,15:10,Plein jour,61,61006,2,1,1,3.0,4bis Avenue de la Forêt Normande,48.739791,-0.022909,15:10:00,2024-07-22
202400012307,20:25,,973,97309,2,3,1,3.0,Route de Montjoly,4.924341,-52.28451,20:25:00,2024-02-03
202400012308,08:00,Crépuscule,75,75117,2,2,8,3.0,AVENUE DE VILLIERS,48.881946,2.313545,08:00:00,2024-09-11
202400012309,09:45,Plein jour,60,60159,2,3,1,6.0,Avenue du Vermandois,49.43349,2.84545,09:45:00,2024-08-04
202400012310,13:45,Plein jour,95,95371,1,1,8,5.0,D9,49.07176149,2.50472739,13:45:00,2024-02-04
202400012311,15:15,Plein jour,13,13207,2,1,1,6.0,CHARLES LIVON (BOULEVARD),43.292,5.358,15:15:00,2024-12-30
202400012312,09:15,Plein jour,75,75116,2,2,1,3.0,ROUTE DE LA MUETTE A NEUILLY,48.86451479,2.26649344,09:15:00,2024-09-11
202400012313,07:30,Plein jour,988,98807,1,1,2,7.0,Lindéralique (Tribu),-20.69886,164.98199,07:30:00,2024-02-04
202400012314,14:30,Plein jour,13,13206,2,1,1,1.0,PRADO (AVENUE DU),43.28442,5.38507,14:30:00,2024-12-30
202400012315,15:15,Plein jour,60,60057,2,1,1,1.0,Avenue de Flandres Dunkerque 40,49.433742,2.09749389,15:15:00,2024-08-05
202400012316,16:40,Plein jour,75,75115,2,1,1,6.0,RUE D ORADOUR SUR GLANE,48.83168961,2.28136629,16:40:00,2024-09-11
202400012317,02:40,,13,13210,2,1,1,1.0,ROMAIN ROLLAND (BOULEVARD),43.27435717,5.41485767,02:40:00,2024-12-30