Num_Acc,hrmn,lum,dep,com,agg,int,atm,col,adr,lat,long,heure,date
202400012318,18:30,Plein jour,59,59421,2,1,1,3.0,ROUBAIX (RUE DE),50.69798,3.13976,18:30:00,2024-08-01
202400012319,15:10,Plein jour,75,75115,2,3,1,6.0,RUE DE LA CONVENTION,48.83835,2.293961,15:10:00,2024-09-11
202400012320,15:54,Plein jour,75,75116,2,3,1,1.0,AVENUE DE VERSAILLES,48.841502,2.266544,15:54:00,2024-12-28
202400012321,02:15,Nuit sans éclairage,974,97420,1,1,1,5.0,Route Nationale 2,-20.915246,55.615025,02:15:00,2024-02-04
202400012322,13:00,Plein jour,59,59599,2,1,1,3.0,CANAL (RUE DU),50.70502,3.15707,13:00:00,2024-08-05
202400012323,13:00,Plein jour,75,75115,2,3,1,7.0,RUE OLIVIER DE SERRES,48.834939,2.296106,13:00:00,2024-09-11
202400012324,02:20,Nuit sans éclairage,971,97119,1,1,1,6.0,Clugny,16.391543,-61.481981,02:20:00,2024-02-04
202400012325,14:05,Plein jour,75,75111,2,1,8,3.0,AVENUE DE LA REPUBLIQUE,48.863402,2.384509,14:05:00,2024-12-30
202400012326,22:20,Crépuscule,59,59299,2,1,1,6.0,GALILEE (RUE DE),50.66843,3.20211,22:20:00,2024-08-05
202400012327,19:30,,94,94028,2,9,1,6.0,Avenue de Verdun,48.79737,2.46396,19:30:00,2024-12-30
202400012328,19:00,Nuit sans éclairage,77,77358,1,2,2,1.0,D38,48.991243,2.877544,19:00:00,2024-02-02
202400012329,17:28,Plein jour,56,56121,2,6,1,2.0,Boulevard Léon Blum,47.74851,-3.37427,17:28:00,2024-08-03
202400012330,06:20,Nuit sans éclairage,77,77277,1,1,1,6.0,RD143 - PK004+150,48.730804,2.897515,06:20:00,2024-01-22
202400012331,01:20,,94,94043,2,1,2,3.0,Rue du Général Leclerc,48.8133,2.35897,01:20:00,2024-12-29
202400012332,10:30,Plein jour,94,94021,2,1,8,6.0,Av du Pdt Franklin Roosevelt,48.77082884,2.36242039,10:30:00,2024-12-30
202400012333,09:25,Plein jour,75,75115,2,1,1,4.0,BOULEVARD PASTEUR,48.841918,2.313649,09:25:00,2024-09-10
202400012334,15:00,Plein jour,21,21133,1,4,1,6.0,Route des Grands Crus,47.193012,4.960067,15:00:00,2024-02-02
202400012335,15:22,Plein jour,56,56121,2,3,1,3.0,Rue Jules Guesde,47.754504,-3.36266,15:22:00,2024-08-02
202400012336,10:30,Plein jour,92,92076,2,9,2,4.0,JARDY,48.83306766,2.15341017,10:30:00,2024-12-30
202400012337,19:55,,75,75114,2,2,1,6.0,BOULEVARD DE PORT ROYAL,48.838816,2.339664,19:55:00,2024-09-10
202400012338,19:00,,92,92040,2,9,1,3.0,STALINGRAD (QUAI DE),48.82053652,2.24644706,19:00:00,2024-12-30
202400012339,22:30,,54,54526,2,6,1,3.0,rue de la fraternité,48.69330193,6.21206045,22:30:00,2024-08-05
202400012340,18:35,Nuit sans éclairage,31,31193,1,1,5,3.0,Route de Lavelanet,43.267968,1.085597,18:35:00,2024-02-03
202400012341,09:47,Plein jour,75,75113,2,2,8,4.0,AVENUE D ITALIE,48.822214,2.358617,09:47:00,2024-09-11
202400012342,18:30,Nuit sans éclairage,12,12140,1,1,5,1.0,route de marroule,44.392932,1.876527,18:30:00,2024-12-30
202400012343,03:38,Nuit sans éclairage,17,17228,2,1,1,7.0,Route de Saujon,45.646928,-0.959394,03:38:00,2024-02-04
202400012344,12:00,Plein jour,54,54526,2,2,1,3.0,rue de la Fraternité,48.69294,6.21151,12:00:00,2024-08-05
202400012345,11:15,Plein jour,75,75112,2,1,1,1.0,RUE DU FAUBOURG SAINT ANTOINE,48.852599,2.37149,11:15:00,2024-09-10
202400012346,16:45,Plein jour,24,24068,2,6,7,6.0,Rue de la République,44.843919,0.90855,16:45:00,2024-02-02
202400012347,12:00,Plein jour,68,68162,2,1,1,6.0,Sentier des Capucines,48.136584,7.26611,12:00:00,2024-12-30
202400012348,19:45,Plein jour,51,51454,2,1,1,7.0,COURCELLES (RUE DE) DU 1 AU 97 ET 2 A 22,49.25782,4.02176,19:45:00,2024-08-05
202400012349,18:45,Nuit sans éclairage,972,97214,1,1,1,1.0,N1,14.842921,-61.081291,18:45:00,2024-12-30
202400012350,16:45,Plein jour,33,33256,2,1,1,1.0,Unknown,44.97013169,-0.61172032,16:45:00,2024-02-03
202400012351,08:57,Plein jour,75,75107,2,3,1,5.0,QUAI VOLTAIRE,48.859249,2.330206,08:57:00,2024-09-11
202400012352,20:00,Nuit sans éclairage,56,56031,1,1,1,6.0,Rue du Vieux Presbytère,47.85349,-2.986806,20:00:00,2024-12-30
202400012353,20:15,,75,75101,2,1,8,6.0,QUAI FRANCOIS MITTERRAND,48.86052693,2.33137071,20:15:00,2024-09-10
202400012354,13:10,Plein jour,51,51454,2,1,1,3.0,JAURES (AVENUE JEAN) DU N° 74 A FIN (PAI,49.259084,4.044105,13:10:00,2024-08-04
202400012355,20:25,Nuit sans éclairage,79,79157,1,1,6,7.0,Unknown,47.007713,-0.17252,20:25:00,2024-12-07
202400012356,09:30,Plein jour,85,85097,1,1,1,4.0,RD 6,46.93537,-1.084105,09:30:00,2024-02-04
202400012357,13:50,Plein jour,82,82042,1,1,1,7.0,7197 route de la valée,44.226366,1.201115,13:50:00,2024-12-20
202400012358,17:35,Plein jour,49,49099,2,6,1,3.0,CORMIER (BOULEVARD DU),47.03102,-0.91504,17:35:00,2024-08-04
202400012359,00:50,Nuit avec éclairage,85,85302,1,1,1,7.0,D6,46.950345,-1.00251,00:50:00,2024-02-04
202400012360,08:10,Crépuscule,82,82062,2,1,5,6.0,105 route departementale 813,43.906079,1.227778,08:10:00,2024-12-29
202400012361,18:00,Plein jour,49,49007,2,1,1,3.0,ONZE NOVEMBRE 1918 AVENUE,47.47131,-0.54681,18:00:00,2024-08-05
202400012362,07:50,Crépuscule,72,72025,2,9,9,3.0,Voie Romaine,47.67369113,-0.16520619,07:50:00,2024-01-29
202400012363,21:15,Nuit sans éclairage,49,49259,1,1,1,7.0,RD 106,47.37153,-0.648301,21:15:00,2024-12-30
202400012364,21:09,Crépuscule,49,49007,2,1,1,7.0,BEDIER BOULEVARD,47.45136,-0.54756,21:09:00,2024-08-03
202400012365,14:15,Plein jour,68,68074,1,1,5,7.0,D7b,47.483743,7.254158,14:15:00,2024-12-31
202400012366,21:15,Nuit sans éclairage,22,22067,2,1,1,3.0,rue saint jean,48.565873,-3.174791,21:15:00,2024-02-03
202400012367,06:38,Crépuscule,49,49007,2,1,1,7.0,RUE MONTESQUIEU,47.47246,-0.58398,06:38:00,2024-08-03
202400012368,05:00,Nuit sans éclairage,02,02095,1,1,5,6.0,Route de Guise,49.972961,3.49229,05:00:00,2024-12-31
202400012369,16:30,Plein jour,27,27439,2,9,1,2.0,Normanville,49.05981027,1.17444576,16:30:00,2024-02-03
202400012370,17:20,Plein jour,47,47323,2,9,1,6.0,ROL TANGUY,44.41008,0.73547,17:20:00,2024-08-03
202400012371,13:23,Plein jour,84,84017,1,1,1,5.0,D974,44.120195,5.233366,13:23:00,2024-12-31
202400012372,22:07,Nuit sans éclairage,60,60528,1,1,2,6.0,D6,49.24523,1.870129,22:07:00,2024-02-03
202400012373,18:00,Plein jour,45,45234,2,1,1,3.0,11 Boulevard de Verdun,47.90699,1.90401,18:00:00,2024-08-05
202400012374,07:10,Crépuscule,15,15045,1,1,1,6.0,RD 11,44.854661,2.99926,07:10:00,2024-12-31
202400012375,02:45,Nuit sans éclairage,80,80561,2,9,2,6.0,Avenue du Chemin Vert,49.65048,2.578279,02:45:00,2024-02-04
202400012376,16:20,Plein jour,45,45208,2,1,1,1.0,6 Avenue du Docteur Robert Szigeti,47.996302,2.726498,16:20:00,2024-08-03
202400012377,20:00,Nuit sans éclairage,13,13211,1,1,1,3.0,A50-Sens Aubagne vers Marseille,43.32373198,5.42258838,20:00:00,2024-02-02
202400012378,10:00,Plein jour,15,15187,2,3,1,3.0,ZAC  Montplain est,45.038081,3.067364,10:00:00,2024-12-30
202400012379,10:30,Plein jour,13,13210,1,1,1,2.0,A50-Sens Marseille vers Aubagne,43.32436,5.42258,10:30:00,2024-02-02
202400012380,23:30,,38,38185,2,2,1,1.0,RUE LÉON JOUHAUX,45.16825709,5.74394524,23:30:00,2024-08-05
202400012381,21:45,Nuit sans éclairage,50,50388,1,1,2,3.0,Rue des Forges,49.001597,-1.459091,21:45:00,2024-12-09
202400012382,04:50,Nuit sans éclairage,13,13215,1,1,1,3.0,A7-Sens Lyon vers Marseille,43.39529563,5.3513243,04:50:00,2024-02-03
202400012383,10:08,Plein jour,37,37233,2,2,7,6.0,CURIE (RUE PIERRE),47.38960949,0.7203545,10:08:00,2024-08-05
202400012384,02:44,Nuit sans éclairage,83,83035,1,1,1,6.0,A50,43.19037073,5.76537435,02:44:00,2024-02-03
202400012385,08:40,Plein jour,37,37261,2,1,1,6.0,HEURTELOUP (BOULEVARD),47.39066,0.69333,08:40:00,2024-08-05
202400012386,10:00,Plein jour,73,73159,1,1,5,1.0,D923,45.46373763,6.0459888,10:00:00,2024-12-30
202400012387,18:30,Plein jour,35,35288,2,1,1,6.0,KENNEDY JOHN (AVENUE),48.66368115,-1.98835534,18:30:00,2024-07-31
202400012388,16:14,Plein jour,92,92019,1,1,1,2.0,RN 385 Extèrieure,48.75991009,2.27202522,16:14:00,2024-02-03
202400012389,10:10,Plein jour,91,91617,1,1,2,6.0,RN 104,48.63536,2.5357,10:10:00,2024-02-03
202400012390,19:00,,73,73171,2,6,1,6.0,246 Avenue de savoie,45.50148528,6.0511449,19:00:00,2024-12-04
202400012391,11:45,Plein jour,95,95394,1,1,2,6.0,A115,49.05017557,2.18406622,11:45:00,2024-02-03
202400012392,08:15,Plein jour,53,53125,1,4,8,1.0,La Bouvetiere,48.459896,-1.00835,08:15:00,2024-12-19
202400012393,13:55,Plein jour,35,35238,1,1,1,4.0,PORTE DE LORIENT,48.1079415,-1.71746011,13:55:00,2024-08-05
202400012394,02:30,Nuit sans éclairage,95,95241,1,1,1,6.0,N104,49.04756591,2.43582836,02:30:00,2024-02-03
202400012395,18:00,Nuit avec éclairage,94,94069,1,1,1,3.0,A4,48.81738599,2.43672252,18:00:00,2024-02-02
202400012396,07:24,Nuit sans éclairage,24,24197,1,1,5,1.0,Route départementale 709,44.907221,0.448916,07:24:00,2024-12-30
202400012397,23:20,,33,33063,2,1,1,2.0,105 Rue Lucien Faure,44.86701,-0.56235,23:20:00,2024-08-05
202400012398,10:45,Plein jour,988,98818,2,1,8,6.0,RUE GEORGES CLEMENCEAU,-22.2665,166.4413,10:45:00,2024-02-02
202400012399,13:45,Plein jour,04,04209,2,1,1,7.0,Route de Gap (Pont),44.201647,5.939521,13:45:00,2024-12-31
202400012400,15:15,Plein jour,33,33063,2,1,1,2.0,Unknown,44.83183293,-0.5571565,15:15:00,2024-08-05
202400012401,16:50,Plein jour,974,97411,2,2,1,6.0,WAGNER (AVENUE RICHARD),-20.89837,55.48586,16:50:00,2024-01-31
202400012402,17:45,Nuit sans éclairage,72,72386,1,9,2,2.0,"Autoroute A11, PK 161+700",48.050876,0.30678,17:45:00,2024-12-30
202400012403,17:10,Plein jour,28,28220,2,1,1,3.0,PERRIN (RUE JEAN),48.4168408,1.4597942,17:10:00,2024-08-05
202400012404,01:30,,80,80799,1,6,1,7.0,aire de repos de VILLERS BRETONNEUX,49.854711,2.519195,01:30:00,2024-12-31
202400012405,20:20,,974,97409,2,2,1,1.0,ROCADE SUD(RUE),-20.969,55.65554,20:20:00,2024-02-02
202400012406,13:30,Plein jour,974,97407,2,2,1,3.0,LABOUDONNAIS M (RUE),-20.93894,55.29225,13:30:00,2024-02-02
202400012407,10:00,Plein jour,988,98805,2,2,1,3.0,RUE FRANCIS CORNAILLE/AVENUE DES PARACHUTISTES CALEDONIENS,-22.193793,166.449711,10:00:00,2024-12-29
202400012408,12:30,Plein jour,973,97302,2,1,1,6.0,JADFARD (RENE),4.93522794,-52.32852727,12:30:00,2024-02-02
202400012409,10:30,Plein jour,25,25056,2,3,1,1.0,EPITAPHE CHEMIN DE L',47.25169,5.99118,10:30:00,2024-08-05
202400012410,17:45,Crépuscule,13,13051,2,2,1,3.0,Rue de l?Abbe Dureau,43.592941,5.128046,17:45:00,2024-12-30
202400012411,10:39,Plein jour,973,97302,2,1,1,3.0,MONTABO (ROUTE DE) 1,4.94437103,-52.3096472,10:39:00,2024-02-02
202400012412,17:58,Plein jour,14,14366,2,3,1,1.0,105 Rue Roger Aini,49.14366,0.24311,17:58:00,2024-08-05
202400012413,08:00,Crépuscule,69,69388,2,2,1,6.0,Rue Ludovic Arrachart,45.73056,4.86447,08:00:00,2024-02-02
202400012414,15:40,Plein jour,14,14366,2,1,1,7.0,157 Rue Nicolas Dulong,49.145656,0.269179,15:40:00,2024-08-02
202400012415,08:37,Plein jour,972,97209,2,1,1,2.0,AUTOROUTE (A1),14.61445,-61.04943,08:37:00,2024-02-02
202400012416,17:45,Plein jour,14,14487,1,1,1,6.0,Route de Coquainvilliers,49.173858,0.212454,17:45:00,2024-08-04
202400012417,15:25,Plein jour,33,33205,1,1,8,4.0,Unknown,44.596992,-0.361615,15:25:00,2024-12-30
202400012418,14:15,Plein jour,69,69382,2,3,1,3.0,3 Place Bellecour,45.75881503,4.8309047,14:15:00,2024-02-02
202400012419,19:30,Plein jour,13,13117,2,1,1,1.0,RHIN DANUBE ( AVENUE ),43.42472036,5.27183135,19:30:00,2024-08-05
202400012420,15:00,Plein jour,11,11170,2,3,1,3.0,Unknown,43.107888,3.094556,15:00:00,2024-12-28
202400012421,09:00,Plein jour,69,69385,2,1,1,6.0,40 Quai Fulchiron,45.75231,4.82219,09:00:00,2024-02-02
202400012422,06:26,Plein jour,988,98808,2,3,1,7.0,Gondé,-21.300012,165.46338,06:26:00,2024-12-30
202400012423,22:25,,13,13201,2,2,1,3.0,ROME (RUE DE)        2 A 64,43.29433,5.37901,22:25:00,2024-08-05
202400012424,19:38,,69,69381,2,3,1,3.0,3 Quai Jean Moulin,45.76778,4.83788,19:38:00,2024-02-01
202400012425,20:30,Nuit sans éclairage,986,98613,1,1,1,1.0,Ha'atofo,-13.327949,-176.191907,20:30:00,2024-04-27
202400012426,09:20,Plein jour,2B,2B120,1,1,1,5.0,11 - RT,42.64991,9.44063,09:20:00,2024-02-02
202400012427,04:30,,13,13215,2,6,1,3.0,BOURRELY (CHEMIN DES),43.38065,5.36263,04:30:00,2024-08-05
202400012428,09:05,Crépuscule,2B,2B033,2,1,7,6.0,TOUTES RUES,42.704746,9.441647,09:05:00,2024-02-02
202400012429,19:18,Plein jour,13,13005,2,9,1,3.0,CD 2 (CAMP MAJOR),43.28851,5.54781,19:18:00,2024-08-05
202400012430,07:05,,2A,2A004,2,1,1,6.0,FREDIANI RUE LOUIS,41.92495,8.73825,07:05:00,2024-02-02
202400012431,15:40,Plein jour,29,29234,1,3,1,2.0,Ty Brabant,47.87925689,-3.4983566,15:40:00,2024-12-31
202400012432,20:05,,95,95428,2,3,1,1.0,D144,48.9884748,2.32777164,20:05:00,2024-01-30
202400012433,16:40,Plein jour,12,12146,1,1,1,1.0,MILLAU (AVENUE DE),44.32657,2.58371,16:40:00,2024-07-15
202400012434,19:56,Nuit sans éclairage,2B,2B355,1,1,1,1.0,T20,42.514701,9.393375,19:56:00,2024-12-30
202400012435,06:30,,91,91161,2,3,8,6.0, LONGJUMEAU (ROUTE DE),48.710328,2.297611,06:30:00,2024-02-02
202400012436,21:10,Crépuscule,10,10387,2,1,1,3.0,Rue des Sénardes,48.29169,4.09308,21:10:00,2024-08-05
202400012437,11:20,Plein jour,66,66037,2,2,1,3.0,Avenue Edouard Herriot,42.688973,3.031862,11:20:00,2024-12-31
202400012438,15:05,Plein jour,11,11178,1,1,7,6.0,D6113,43.343376,1.861775,15:05:00,2024-12-29
202400012439,20:02,,69,69204,2,1,5,1.0,Route de Vourles,45.679931,4.789293,20:02:00,2024-12-30
202400012440,15:42,Plein jour,91,91228,2,1,1,6.0,L'EUROPE (BOULEVARD DE),48.6306,2.43085,15:42:00,2024-02-02
202400012441,17:54,Nuit sans éclairage,44,44052,1,1,1,3.0,Saint Lucien,47.343897,-2.097101,17:54:00,2024-12-30
202400012442,17:35,Crépuscule,29,29042,2,6,1,7.0,Tal ar Groas - Route de Crozon (Arrêt de bus),48.24829018,-4.41871701,17:35:00,2024-12-29
202400012443,08:05,Crépuscule,87,87085,2,3,1,3.0,CHABEAUDIE  (CHEMIN DE LA),45.84319349,1.21863842,08:05:00,2024-01-31
202400012444,07:45,Plein jour,06,06088,2,1,1,6.0,26 Boulevard de Cimiez,43.710335,7.270961,07:45:00,2024-08-05
202400012445,18:50,Nuit sans éclairage,60,60222,1,2,5,3.0,D938,49.468976,2.261961,18:50:00,2024-12-30
202400012446,12:45,Plein jour,30,30011,1,1,1,5.0,R.N. 100,43.95413,4.75673,12:45:00,2024-02-02
202400012447,09:50,Plein jour,05,05023,2,3,1,3.0,Avenue du Dauphiné,44.90443093,6.62793428,09:50:00,2024-08-04
202400012448,19:50,Nuit sans éclairage,57,57206,1,9,2,2.0,Autoroute A30,49.31035838,6.11302575,19:50:00,2024-12-30
202400012449,13:10,Plein jour,83,83137,2,1,1,6.0,15EME CORPS (AVE DU),43.1285282,5.9144606,13:10:00,2024-02-02
202400012450,19:25,Plein jour,75,75114,2,1,1,2.0,PORTE DE CHATILLON,48.824004,2.307669,19:25:00,2024-08-04
202400012451,18:38,Plein jour,75,75120,2,1,1,2.0,BD PERIPHERIQUE INTERIEUR,48.867845,2.413241,18:38:00,2024-08-02
202400012452,20:40,,83,83061,2,2,1,3.0,AVENUE DE PROVENCE,43.42765489,6.74572703,20:40:00,2024-02-02
202400012453,16:10,Plein jour,78,78350,2,1,1,1.0,CONTI (QUAI),48.876313,2.117144,16:10:00,2024-02-02
202400012454,10:55,Plein jour,75,75117,2,3,1,3.0,RUE GUSTAVE CHARPENTIER,48.880618,2.281036,10:55:00,2024-08-05
202400012455,17:35,Crépuscule,92,92025,1,1,1,4.0,A86,48.93400494,2.25573622,17:35:00,2024-12-28
202400012456,18:25,,78,78372,2,1,1,3.0,PRESIDENT J.F KENNEDY (AVENUE DU),48.881089,2.097457,18:25:00,2024-02-01
202400012457,21:55,Nuit sans éclairage,972,97213,1,1,1,3.0,ROUTE DEPARTEMENTALE 15,14.6222,-61.006552,21:55:00,2024-07-13
202400012458,19:50,Plein jour,75,75116,2,5,1,6.0,AVENUE VICTOR HUGO,48.867854,2.281071,19:50:00,2024-08-04
202400012459,17:50,Crépuscule,77,77083,2,6,1,7.0,ALBERT EINSTEIN (BOULEVARD),48.83785,2.58515,17:50:00,2024-02-01
202400012460,16:00,Plein jour,91,91174,2,3,2,3.0,RUE DE L AVENIR,48.58074,2.47636,16:00:00,2024-06-10
202400012461,16:20,Plein jour,75,75110,2,3,1,6.0,QUAI DE VALMY,48.879264,2.366744,16:20:00,2024-08-05
202400012462,08:20,Crépuscule,77,77373,1,1,1,2.0,DEPARTEMENTALE 1004,48.790864,2.61848,08:20:00,2024-01-16
202400012463,10:35,Plein jour,03,03310,2,2,1,6.0,avenue de Gramont,46.130559,3.433182,10:35:00,2024-07-01
202400012464,06:50,,75,75108,2,3,1,2.0,RUE PIERRE CHARRON,48.868698,2.301741,06:50:00,2024-08-05
202400012465,20:00,Nuit avec éclairage,76,76486,2,1,1,6.0,Rue de Rouen,49.3023,0.99227,20:00:00,2024-02-02
202400012466,02:40,Nuit sans éclairage,03,03001,2,1,5,3.0,Unknown,46.10081,3.42894,02:40:00,2024-02-03
202400012467,09:10,Plein jour,75,75103,2,3,1,6.0,RUE REAUMUR,48.864977,2.358276,09:10:00,2024-08-05
202400012468,19:00,,03,03310,2,1,1,6.0,avenue des Célestins,46.120688,3.42651,19:00:00,2024-01-08
202400012469,08:00,Crépuscule,76,76231,1,1,8,3.0,Rue Bourgtheroulde,49.28776,0.97436,08:00:00,2024-02-02
202400012470,17:30,Plein jour,974,97411,2,1,1,6.0,LECONTE DE LISLE (AVENUE),-20.89564,55.49056,17:30:00,2024-12-28
202400012471,03:45,,75,75101,2,3,1,2.0,RUE DE RIVOLI,48.862752,2.335272,03:45:00,2024-08-04
202400012472,19:30,,76,76351,2,6,2,7.0,SEIZIEME PORT (AVENUE DU),49.45842,0.18599,19:30:00,2024-02-01
202400012473,10:50,Plein jour,973,97302,2,1,2,6.0,14 ET 22 JUIN 1962,4.93453,-52.3271,10:50:00,2024-12-29
202400012474,19:40,Plein jour,94,94073,1,9,1,6.0,Rdpt d'Espagne,48.754257,2.374202,19:40:00,2024-08-05
202400012475,08:15,Crépuscule,76,76351,2,1,2,6.0,FRISSARD (QUAI),49.49001,0.12614,08:15:00,2024-02-01
202400012476,02:30,,69,69387,2,1,5,2.0,Quai Claude Bernard,45.75360659,4.83835893,02:30:00,2024-12-29
202400012477,15:25,Plein jour,94,94073,2,2,1,3.0,Avenue de Pourtour,48.754295,2.375111,15:25:00,2024-08-05
202400012478,21:10,,74,74012,2,3,1,1.0,BROUAZ (RUE DU),46.18451,6.22874,21:10:00,2024-02-02
202400012479,11:15,Plein jour,972,97209,1,1,1,7.0,RD 41 (ROCADE),14.61594,-61.05729,11:15:00,2024-12-29
202400012480,08:35,Plein jour,94,94033,2,1,1,1.0,Avenue de Stalingrad,48.85244,2.44963,08:35:00,2024-08-05
202400012481,16:45,Crépuscule,69,69149,2,3,5,3.0,Rue Fleury,45.71437,4.80969,16:45:00,2024-12-29
202400012482,11:05,Plein jour,73,73008,2,1,1,2.0,VERDUN AVENUE DE,45.69078,5.91052,11:05:00,2024-01-25
202400012483,13:40,Plein jour,94,94017,2,3,1,3.0,Rue Louis Talamoni,48.81281,2.51404,13:40:00,2024-08-05
202400012484,10:26,Plein jour,72,72181,2,9,1,6.0,MADRID (ALLEE DE),48.02012,0.2097,10:26:00,2024-02-02
202400012485,07:15,,95,95252,2,2,1,2.0,D508,48.98445,2.24067,07:15:00,2024-12-29
202400012486,01:40,Nuit avec éclairage,95,95527,1,4,1,3.0,COMMUNE (ROUTE DE LA),49.00800456,2.52519786,01:40:00,2024-08-05
202400012487,19:30,,72,72181,2,6,1,2.0,BOUTTIE GEORGES (PL) DE N° 7 A 14,48.01126,0.18929,19:30:00,2024-02-01
202400012488,17:30,,91,91027,2,1,2,4.0,AV FRANCOIS MITTERRAND,48.70943714,2.37144828,17:30:00,2024-12-29
202400012489,22:30,,93,93055,2,2,1,6.0,Rue Delizy / Rue Victor Hugo,48.89392502,2.40965152,22:30:00,2024-08-04
202400012490,13:55,Plein jour,72,72181,2,9,1,3.0,ANATOLE FRANCE (BD ),48.00111,0.18891,13:55:00,2024-02-01
202400012491,10:15,Plein jour,83,83062,2,1,1,6.0,DE LATTRE DE TASSIGNY (AVENUE),43.11340163,5.99004579,10:15:00,2024-12-29
202400012492,11:40,Plein jour,93,93050,2,1,1,6.0,MARECHAL FOCH (AVENUE) COTE PAIR,48.855046,2.524506,11:40:00,2024-08-05
202400012493,09:15,Plein jour,78,78586,2,1,1,6.0,DIJOU,48.9384,2.15096,09:15:00,2024-12-29
202400012494,20:30,Plein jour,93,93046,2,1,1,6.0,POSTES CHEMIN DES,48.90818,2.532755,20:30:00,2024-08-05
202400012495,05:15,,76,76108,2,1,2,6.0,Route de Neufchâtel,49.47224,1.12244,05:15:00,2024-12-29
202400012496,17:45,Crépuscule,72,72181,2,3,1,2.0,LAIGNE RUE DE N° PAIRS 260 ET >,47.96036,0.20813,17:45:00,2024-01-31
202400012497,21:25,Plein jour,93,93014,2,1,2,6.0,BELLEVUE (ALLEE DE),48.91481,2.54883,21:25:00,2024-08-03
202400012498,18:00,,76,76217,2,1,1,2.0,AVENUE JEAN JAURES,49.91017,1.06672,18:00:00,2024-12-29
202400012499,15:10,Plein jour,71,71445,1,1,1,2.0,RD673,46.78219,4.88608,15:10:00,2024-02-02
202400012500,09:30,Plein jour,93,93057,2,2,1,3.0,Avenue Jean Jaurès / Avenue du Président Wilson,48.90281,2.50844,09:30:00,2024-08-05
202400012501,23:50,,69,69259,2,1,1,7.0,Allée des Savoies,45.71706,4.85774,23:50:00,2024-12-29
202400012502,13:45,Plein jour,70,70550,2,2,7,6.0,Rue Jean Jaurès,47.615822,6.153006,13:45:00,2024-01-29
202400012503,19:50,,69,69029,2,9,1,3.0,Rue Jean Voillot,45.73269179,4.90158753,19:50:00,2024-12-29
202400012504,22:20,,93,93005,2,1,1,3.0,Route de Bondy,48.92516052,2.49069431,22:20:00,2024-08-05
202400012505,21:30,,66,66136,2,1,1,6.0,Rue de Torremila,42.72137,2.87722,21:30:00,2024-12-29
202400012506,17:40,Plein jour,93,93001,2,1,1,6.0,Avenue de la République,48.91087261,2.38499737,17:40:00,2024-08-05
202400012507,22:48,,69,69256,2,2,1,1.0,Rue Jean Foucaud,45.77404,4.92103,22:48:00,2024-02-02
202400012508,17:58,Crépuscule,64,64483,2,1,1,3.0,LAHANCHIPIA (AVENUE),43.40201,-1.62728,17:58:00,2024-12-28
202400012509,21:15,Crépuscule,92,92035,2,2,2,3.0,Verdun 1916 ( avenue de ),48.90672261,2.23879266,21:15:00,2024-08-03
202400012510,14:15,Plein jour,62,62427,2,1,1,3.0,Chemin de Noyelles,50.40145241,2.97701669,14:15:00,2024-12-23
202400012511,16:20,Plein jour,69,69199,2,3,1,3.0,Rue Mathieu Dussurgey,45.71227,4.86251,16:20:00,2024-02-02
202400012512,15:50,Plein jour,56,56260,2,3,1,2.0,Boulevard des Îles,47.65507,-2.77496,15:50:00,2024-12-29
202400012513,09:51,Plein jour,92,92024,2,2,1,3.0,HENRI BARBUSSE (RUE) DE (1 A 73)   (2 A,48.90003,2.30622,09:51:00,2024-08-05
202400012514,21:20,,64,64122,2,6,1,2.0,SEEGER ALAN (RUE),43.45835,-1.54749,21:20:00,2024-02-02
202400012515,02:20,Nuit avec éclairage,64,64024,2,1,2,2.0,BIARRITZ (AVENUE DE),43.48044,-1.52768,02:20:00,2024-02-03
202400012516,18:15,Plein jour,35,35151,1,4,1,6.0,Les Landriaux,47.844631,-1.954365,18:15:00,2024-08-04
202400012517,17:00,Plein jour,56,56260,2,1,1,3.0,Rue Ferdinand Le Dressay,47.65342,-2.75767,17:00:00,2024-12-28
202400012518,10:00,Plein jour,54,54323,2,3,1,6.0,Avenue Hippolyte d’Huart,49.51615,5.77763,10:00:00,2024-12-29
202400012519,17:22,Plein jour,64,64024,2,3,8,2.0,HAUSQUETTE (RUE DE),43.49875,-1.50695,17:22:00,2024-02-01
202400012520,15:25,Plein jour,39,39300,2,1,7,6.0,Route de Besançon,46.686178,5.562276,15:25:00,2024-12-28
202400012521,08:40,Plein jour,37,37082,1,2,1,3.0,La Parfaiterie,47.356251,0.273805,08:40:00,2024-07-18
202400012522,02:30,,62,62563,2,6,1,6.0,D943,50.47018348,2.75176596,02:30:00,2024-02-02
202400012523,05:00,Nuit sans éclairage,29,29232,1,1,1,6.0,RN 165,48.03918399,-4.07541312,05:00:00,2024-12-29
202400012524,09:35,Plein jour,86,86128,2,2,1,3.0,Rue Charles de Gaulle,46.810543,0.320353,09:35:00,2024-08-05
202400012525,17:17,Plein jour,19,19031,2,1,1,1.0,FERRY (BOULEVARD JULES),45.15862167,1.53600001,17:17:00,2024-12-28
202400012526,08:10,Plein jour,59,59560,2,1,1,6.0,Boulevard Joseph Hentges,50.553078,3.031806,08:10:00,2024-02-02
202400012527,02:45,Nuit sans éclairage,22,22368,2,1,1,6.0,Rue Marcel Lesné,48.558086,-2.06257,02:45:00,2024-08-06
202400012528,11:45,Plein jour,13,13056,2,2,1,3.0,DROITS DE L'HOMME AVENUE DES,43.42887,5.039,11:45:00,2024-12-28