Num_Acc,hrmn,lum,dep,com,agg,int,atm,col,adr,lat,long,heure,date
202400012529,15:10,Plein jour,68,68112,2,2,1,6.0,Rue de l'Ancien Hôpital,47.908885,7.211087,15:10:00,2024-08-05
202400012530,07:25,,59,59350,2,2,1,3.0,Rue du Docteur Calmette,50.62913,3.07547,07:25:00,2024-02-02
202400012531,19:00,,08,08409,2,3,2,5.0,31 Rue Jean Jaurés,49.69737,4.93144,19:00:00,2024-12-28
202400012532,00:45,,04,04070,2,1,1,6.0,CUZIN (AV. F.),44.08638,6.2308,00:45:00,2024-12-30
202400012533,00:30,,59,59350,2,2,1,3.0,Rue du Faubourg de Béthune,50.61792662,3.02988614,00:30:00,2024-02-02
202400012534,13:50,Plein jour,13,13078,1,3,1,3.0,route d'arles,43.430702,4.760503,13:50:00,2024-08-03
202400012535,06:30,,04,04070,2,7,1,6.0,GASSEND (R. J-C),44.08574,6.21796,06:30:00,2024-11-13
202400012536,15:20,Plein jour,57,57751,2,1,1,6.0,Avenue des Deux Fontaines,49.1489136,6.17156982,15:20:00,2024-02-02
202400012537,17:30,Plein jour,83,83054,1,1,7,2.0,A57 PK 9,43.154354,6.041021,17:30:00,2024-07-25
202400012538,08:00,Crépuscule,56,56083,2,1,2,6.0,ALLENDE ( AV. PRES. SALVADOR ),47.81348,-3.2477,08:00:00,2024-02-02
202400012539,20:00,,75,75119,2,2,1,3.0,BOULEVARD DE LA VILLETTE,48.882377,2.370433,20:00:00,2024-12-29
202400012540,19:20,Nuit sans éclairage,972,97203,1,1,1,1.0,N3,14.833094,-61.101151,19:20:00,2024-08-05
202400012541,18:00,Plein jour,56,56121,2,1,1,6.0,COUEDIC (RUE  DU ),47.74998,-3.3634,18:00:00,2024-02-01
202400012542,10:50,Plein jour,75,75115,2,2,1,6.0,RUE LECOURBE,48.840475,2.295722,10:50:00,2024-12-29
202400012543,16:00,Plein jour,35,35172,1,5,1,1.0,Tournebride,48.415014,-1.839094,16:00:00,2024-08-05
202400012544,08:10,Crépuscule,56,56083,1,1,2,2.0,Pont de Locoyarn,47.78886,-3.28816,08:10:00,2024-02-02
202400012545,18:15,,75,75109,2,2,1,3.0,RUE DU FAUBOURG MONTMARTRE,48.875855,2.340359,18:15:00,2024-12-28
202400012546,17:11,Plein jour,54,54528,2,1,7,1.0,Avenue du Colonel Péchot,48.679499,5.888414,17:11:00,2024-01-29
202400012547,06:50,,75,75117,2,3,1,6.0,PLACE DU MARECHAL JUIN,48.884861,2.29791,06:50:00,2024-12-29
202400012548,04:10,Nuit sans éclairage,35,35235,1,4,1,6.0,D463,47.905515,-1.188178,04:10:00,2024-08-04
202400012549,16:10,Plein jour,67,67391,1,1,1,7.0,D218,48.672649,7.31153,16:10:00,2024-08-04
202400012550,11:40,Plein jour,75,75104,2,2,1,6.0,RUE DE RIVOLI,48.858037,2.349778,11:40:00,2024-12-29
202400012551,09:20,Plein jour,54,54395,2,2,1,3.0,Rue de Nabecor,48.6795766,6.18975788,09:20:00,2024-02-02
202400012552,16:50,Plein jour,22,22018,2,2,1,1.0,intersection RD15/RD20,48.66011,-3.221101,16:50:00,2024-08-06
202400012553,13:10,Plein jour,52,52121,2,1,1,2.0,LAVOISIER (RUE),48.09344,5.13577,13:10:00,2024-01-30
202400012554,06:00,Nuit sans éclairage,94,94060,2,3,8,3.0,Rue du Général de Gaulle,48.78088,2.57346,06:00:00,2024-12-29
202400012555,16:55,Plein jour,79,79307,2,1,1,1.0,Unknown,46.133978,0.115093,16:55:00,2024-08-04
202400012556,17:45,,93,93050,2,1,1,2.0,MARX DORMOY (RUE),48.85445,2.53224,17:45:00,2024-12-29
202400012557,17:00,Crépuscule,51,51454,2,1,1,2.0,BOULEVARD DES TONDEURS,49.2738,4.0584,17:00:00,2024-02-02
202400012558,14:15,Plein jour,44,44195,1,1,1,6.0,Unknown,47.37659,-1.945058,14:15:00,2024-08-05
202400012559,19:10,,93,93047,2,2,2,3.0,Avenue Gabriel Péri / Avenue des Coquelicots,48.8902,2.55205,19:10:00,2024-12-29
202400012560,12:20,Plein jour,51,51454,2,1,2,2.0,CLEMENCEAU (AVENUE GEORGES),49.25101,4.05055,12:20:00,2024-02-01
202400012561,04:40,Nuit sans éclairage,87,87143,1,1,1,6.0,D28,45.916499,1.121765,04:40:00,2024-08-04
202400012562,10:50,Plein jour,51,51212,1,1,1,7.0,D79,48.75940403,4.28194486,10:50:00,2024-08-06
202400012563,18:20,Crépuscule,92,92064,2,1,2,4.0,MARECHAL JUIN,48.84030961,2.22120032,18:20:00,2024-12-29
202400012564,12:20,Plein jour,51,51454,2,2,1,3.0,SAINT BRICE (RUE),49.25861,4.01848,12:20:00,2024-02-01
202400012565,12:40,Plein jour,59,59663,1,1,1,3.0,Route de Cassel,50.87123001,2.47012552,12:40:00,2024-08-05
202400012566,18:55,,92,92044,2,1,2,7.0,VILLIERS(RUE DE)  2A52,48.88754919,2.28249852,18:55:00,2024-12-29
202400012567,20:50,Nuit sans éclairage,38,38563,1,1,1,1.0,D1076,45.38952,5.57309,20:50:00,2024-02-02
202400012568,11:30,Plein jour,67,67199,1,1,1,3.0,RD 323,48.957767,6.994895,11:30:00,2024-08-04
202400012569,08:30,Plein jour,38,38185,2,1,1,1.0,CHEMIN DE HALAGE,45.1887,5.74458,08:30:00,2024-02-02
202400012570,19:15,Plein jour,76,76336,1,4,1,7.0,rue bricoté,49.82727,0.764902,19:15:00,2024-08-05
202400012571,01:35,,92,92024,2,1,2,2.0,CLICHY (QUAI DE) DE (104 A 202),48.91064,2.30548,01:35:00,2024-12-29
202400012572,05:45,Nuit sans éclairage,38,38053,1,6,1,1.0,BOURG EN BRESSE,45.60721,5.25272,05:45:00,2024-02-02
202400012573,10:55,Plein jour,76,76655,2,2,1,6.0,Avenue Foch,49.862838,0.713489,10:55:00,2024-08-06
202400012574,17:08,,92,92007,2,1,2,3.0,VERDUN (RUE DE) N° IMPAIRS,48.80202095,2.3182252,17:08:00,2024-12-29
202400012575,22:30,Nuit sans éclairage,01,01290,1,1,5,6.0,rd 4,45.907928,5.159706,22:30:00,2024-12-29
202400012576,22:00,Nuit sans éclairage,79,79351,2,5,1,6.0,Unknown,46.410752,-0.538609,22:00:00,2024-08-04
202400012577,18:30,Crépuscule,37,37233,2,6,1,3.0,REPUBLIQUE (AVENUE DE LA),47.38985,0.72443,18:30:00,2024-02-02
202400012578,22:50,,80,80228,2,1,1,7.0,28 Route de la Maye,50.24447878,1.6189009,22:50:00,2024-08-04
202400012579,16:50,Plein jour,76,76652,1,1,1,1.0,D22,49.811833,1.258707,16:50:00,2024-12-29
202400012580,01:45,Nuit sans éclairage,35,35278,1,1,1,6.0,RD 137,48.15458,-1.702,01:45:00,2024-02-02
202400012581,21:00,Nuit avec éclairage,01,01033,1,1,2,6.0,D101f,46.110651,5.805041,21:00:00,2024-12-19
202400012582,22:30,,35,35238,2,1,1,6.0,BOURGOGNE (DE),48.11925,-1.7075,22:30:00,2024-02-01
202400012583,07:30,Plein jour,82,82093,2,3,1,1.0,D928,43.929708,1.08299,07:30:00,2024-08-04
202400012584,20:35,,56,56053,2,2,1,3.0,Rue Rochefort,47.7328604,-2.58919045,20:35:00,2024-12-29
202400012585,11:00,Plein jour,35,35115,2,1,5,6.0,BOURDON (RUE LOUIS),48.35977404,-1.18982188,11:00:00,2024-02-02
202400012586,19:30,,80,80533,2,1,2,6.0,Rue Roger Salengro,50.067302,1.386729,19:30:00,2024-12-07
202400012587,10:29,Plein jour,63,63276,1,1,7,3.0,route de pont-astier,45.85929966,3.47635606,10:29:00,2024-08-06
202400012588,10:45,Plein jour,71,71157,1,1,1,7.0,D11,46.504596,5.333776,10:45:00,2024-12-28
202400012589,20:15,,34,34129,2,2,1,3.0,FIGUIERES (AVENUE DE),43.58285,3.92536,20:15:00,2024-02-02
202400012590,15:15,Plein jour,89,89485,1,1,1,6.0,D606,47.5648,3.7806,15:15:00,2024-12-30
202400012591,19:00,Plein jour,63,63022,1,1,1,2.0,D710,45.43462286,3.30247417,19:00:00,2024-08-05
202400012592,00:11,Nuit sans éclairage,33,33281,2,1,1,3.0,Unknown,44.82779,-0.6746,00:11:00,2024-02-03
202400012593,15:10,Plein jour,63,63267,1,1,1,6.0,Route des Sarraix,45.900118,3.631282,15:10:00,2024-12-30
202400012594,11:15,Plein jour,12,12258,1,1,1,6.0,le moulin de bouscal,44.2285257,2.19692409,11:15:00,2024-08-06
202400012595,00:35,Nuit sans éclairage,47,47019,1,1,5,6.0,1710 Route du Lac,44.268499,0.723893,00:35:00,2024-12-29
202400012596,22:22,,33,33063,2,2,1,3.0,Unknown,44.836216,-0.5808431,22:22:00,2024-02-02
202400012597,19:10,Plein jour,12,12088,1,3,1,6.0,D921,44.647615,2.850241,19:10:00,2024-08-04
202400012598,21:00,,29,29232,2,1,2,6.0,Plasenn Alexandre Massé,47.997081,-4.100565,21:00:00,2024-02-02
202400012599,18:00,Plein jour,68,68273,1,1,1,6.0,D9BIS5,47.529648,7.288431,18:00:00,2024-08-05
202400012600,15:30,Plein jour,29,29232,2,1,1,5.0,Rue Guy Autret,47.99498,-4.07919,15:30:00,2024-02-02
202400012601,11:20,Plein jour,01,01304,2,1,7,4.0,Rue Gabriel Vicaire,46.041753,5.336722,11:20:00,2024-12-27
202400012602,16:00,Plein jour,25,25357,1,1,1,7.0,chemin du train,46.958384,6.406199,16:00:00,2024-08-05
202400012603,23:00,Nuit avec éclairage,26,26042,2,4,1,6.0,Rue des Ecoles,44.853975,4.90797,23:00:00,2024-12-29
202400012604,06:35,Crépuscule,29,29220,1,1,1,6.0,D785,47.88804805,-4.20969292,06:35:00,2024-08-03
202400012605,02:10,,29,29019,2,2,2,3.0,boulevard de l'Europe,48.413064,-4.48669,02:10:00,2024-02-02
202400012606,23:45,Nuit sans éclairage,02,02141,1,1,1,3.0,Unknown,49.96063378,3.9119258,23:45:00,2024-08-05
202400012607,09:45,Plein jour,40,40046,1,1,5,1.0,D46 PK9,44.41885425,-1.07374191,09:45:00,2024-12-30
202400012608,13:15,Plein jour,29,29019,2,3,1,3.0,rue Marcellin Duval,48.415314,-4.486747,13:15:00,2024-02-01
202400012609,05:00,Crépuscule,84,84030,1,1,1,6.0,D974,44.082807,5.109715,05:00:00,2024-08-06
202400012610,17:45,Nuit sans éclairage,24,24211,1,1,1,1.0,route des moulins,45.017729,0.421364,17:45:00,2024-12-29
202400012611,08:35,Crépuscule,29,29019,2,2,2,3.0,rue Mozart,48.396604,-4.529505,08:35:00,2024-02-01
202400012612,15:30,Plein jour,03,03018,1,1,1,1.0,Route de Gannat,46.256752,3.287884,15:30:00,2024-08-06
202400012613,17:00,Plein jour,06,06030,1,1,1,2.0,A8 PK 161.700 Chaussée Nord,43.570241,6.974387,17:00:00,2024-12-29
202400012614,12:40,Plein jour,28,28085,2,1,8,7.0,LECLERC (RUE DU MARECHAL),48.44,1.475,12:40:00,2024-01-30
202400012615,19:55,Nuit sans éclairage,91,91017,1,1,1,6.0,A10,48.592839,2.044133,19:55:00,2024-12-29
202400012616,21:30,Nuit sans éclairage,01,01124,1,1,1,1.0,Route de Bourg,46.418452,5.237442,21:30:00,2024-08-05
202400012617,01:30,,28,28085,2,1,5,6.0,COURTILLE (BOULEVARD DE LA),48.44221,1.49353,01:30:00,2024-02-02
202400012618,22:15,,978,97801,2,1,2,1.0,VOI 8 RUE DE HOLLANDE,18.070493,-63.082155,22:15:00,2024-12-29
202400012619,09:30,Plein jour,70,70398,1,1,7,1.0,route des gouvets,47.803773,6.316805,09:30:00,2024-08-06
202400012620,08:21,Plein jour,27,27229,2,1,2,2.0,COCHEREL (RUE DE),49.01955,1.18307,08:21:00,2024-02-01
202400012621,15:00,Plein jour,73,73176,1,1,1,3.0,D1090 - Route du Col du Petit Saint Bernard,45.621121,6.858323,15:00:00,2024-12-29
202400012622,09:35,Plein jour,58,58083,2,1,1,6.0,Avenue Saint-jean,47.254772,3.680291,09:35:00,2024-08-06
202400012623,18:50,,26,26362,2,1,1,3.0,Avenue Sadi Carnot,44.935023,4.8973918,18:50:00,2024-02-02
202400012624,18:30,Nuit sans éclairage,73,73054,1,1,1,1.0,D119 - Route des Arcs,45.603627,6.772782,18:30:00,2024-12-29
202400012625,10:15,Plein jour,26,26252,2,1,1,6.0,Route des Mernes,44.86306822,4.90387201,10:15:00,2024-02-02
202400012626,18:30,,01,01043,2,1,1,7.0,Chemin des Malettes,45.826646,4.998887,18:30:00,2024-12-28
202400012627,10:45,Plein jour,66,66063,1,1,1,3.0,D900,42.48682513,2.8372407,10:45:00,2024-08-06
202400012628,18:00,Crépuscule,19,19031,2,2,1,3.0,Avenue Ribot,45.16479,1.51526,18:00:00,2024-02-01
202400012629,17:20,Plein jour,72,72165,2,9,1,1.0,Rue de la Martinière,48.082623,0.41666,17:20:00,2024-08-05
202400012630,16:40,Plein jour,17,17219,1,1,8,4.0,D728,45.825233,-1.090398,16:40:00,2024-12-30
202400012631,03:20,Nuit sans éclairage,17,17274,1,1,1,7.0,D108,46.15763,-1.07504,03:20:00,2024-02-02
202400012632,14:50,Plein jour,56,56146,1,1,8,7.0,Le Stumo,48.143078,-3.005163,14:50:00,2024-12-29
202400012633,17:00,Plein jour,14,14078,1,2,1,3.0,Route de Longuemare,49.277309,-0.849279,17:00:00,2024-08-04
202400012634,14:30,Plein jour,13,13203,1,1,1,3.0,A557-Liaison A7 Marseille-A55 Marseille,43.317,5.364,14:30:00,2024-12-29
202400012635,12:30,Plein jour,05,05142,1,1,1,6.0,Route Napoléon,44.777235,6.010498,12:30:00,2024-08-05
202400012636,15:20,Plein jour,16,16015,2,1,1,3.0,BASSEAU (RUE DE N° 1 A 237),45.651028,0.1428008,15:20:00,2024-02-02
202400012637,13:35,Plein jour,13,13015,1,1,1,2.0,A515CD-Gardanne vers A51-Marseille,43.4283,5.39939,13:35:00,2024-12-27
202400012638,22:15,Nuit sans éclairage,14,14059,1,1,1,7.0,37 Chemin des Enclos,49.33162,0.05184,22:15:00,2024-02-01
202400012639,19:30,Plein jour,45,45272,1,1,1,2.0,D2020 PR 46 + 565,47.799783,1.931291,19:30:00,2024-08-05
202400012640,16:10,Plein jour,14,14366,2,1,1,7.0,1 Rue du Carmel,49.14335,0.22906,16:10:00,2024-02-01
202400012641,05:25,Nuit sans éclairage,69,69276,1,1,5,1.0,Autoroute 7,45.67701,4.84794,05:25:00,2024-12-29
202400012642,10:00,Plein jour,64,64326,1,1,1,2.0,ROUTE DE LA PLAINE,43.293794,-0.727801,10:00:00,2024-08-05
202400012643,18:40,Crépuscule,13,13075,2,1,1,3.0,L'ENJOLRAS (AVE DE),43.33836709,5.45330282,18:40:00,2024-02-02
202400012644,14:40,Plein jour,43,43152,1,3,1,3.0,D13,45.08382809,3.85720618,14:40:00,2024-08-06
202400012645,16:11,Plein jour,33,33366,1,1,1,4.0,Unknown,45.008868,-0.428398,16:11:00,2024-12-28
202400012646,20:05,,13,13208,2,1,1,3.0,PARADIS (RUE),43.28146482,5.38184881,20:05:00,2024-02-02
202400012647,09:30,Plein jour,36,36007,1,2,1,3.0,Unknown,46.94510703,1.44047313,09:30:00,2024-08-06
202400012648,14:40,Plein jour,91,91687,1,1,1,2.0,AUTOROUTE A6,48.662092,2.36889,14:40:00,2024-12-29
202400012649,10:25,Plein jour,07,07041,1,1,1,7.0,Route de Vidalon,45.26288,4.686014,10:25:00,2024-08-05
202400012650,18:15,,13,13211,2,1,1,3.0,CARTONNERIE (BOULEVARD DE LA ),43.29253,5.45975,18:15:00,2024-02-02
202400012651,07:37,,94,94043,1,1,1,6.0,A6B,48.81594025,2.35678126,07:37:00,2024-12-29
202400012652,14:00,Plein jour,24,24388,1,1,1,7.0,Route du Château de Labatut,44.85667354,0.91483507,14:00:00,2024-08-05
202400012653,14:30,Plein jour,13,13213,1,6,1,2.0,OLIVES (AVENUE DES),43.32985,5.42946,14:30:00,2024-02-02
202400012654,15:45,Crépuscule,93,93048,1,1,1,4.0,AUTOROUTE A3,48.8708613,2.43145626,15:45:00,2024-12-29
202400012655,19:45,Plein jour,24,24082,1,1,1,1.0,D704a,44.86589198,1.26778364,19:45:00,2024-08-04
202400012656,15:00,Plein jour,24,24479,1,1,7,7.0,Route de Miallet,45.50730934,0.79238892,15:00:00,2024-07-31
202400012657,23:10,,13,13005,2,1,1,2.0,SALENGRO (AVENUE ROGER),43.29865,5.56913,23:10:00,2024-02-01
202400012658,18:30,Nuit sans éclairage,77,77294,1,1,1,2.0,A104,48.96164633,2.61726537,18:30:00,2024-12-29
202400012659,07:25,Plein jour,37,37098,1,1,1,6.0,D91,47.057248,0.627626,07:25:00,2024-08-06
202400012660,01:00,Nuit sans éclairage,13,13001,2,1,1,6.0,R.N 7,43.56319,5.40747,01:00:00,2024-02-03
202400012661,08:30,Plein jour,48,48104,1,1,1,7.0,D900,44.653452,3.075914,08:30:00,2024-08-06
202400012662,07:40,Plein jour,28,28027,1,1,2,1.0,D9,48.146933,0.963235,07:40:00,2024-09-25
202400012663,08:30,Plein jour,13,13001,2,1,1,3.0,JAURES JEAN (BD),43.5320325,5.44493038,08:30:00,2024-02-02
202400012664,19:20,Crépuscule,28,28309,1,1,1,7.0,Le Hasard,48.37347,1.59615,19:20:00,2024-09-18
202400012665,10:30,Plein jour,08,08070,2,2,1,1.0,1 Rue d?Avancon,49.486695,4.173694,10:30:00,2024-08-06
202400012666,07:40,Plein jour,13,13001,2,2,1,3.0,REPUBLIQUE (BD DE LA),43.52900183,5.43939629,07:40:00,2024-02-02
202400012667,19:50,Nuit sans éclairage,28,28191,2,1,1,6.0,39 Rue de la Billardiere,48.602053,1.650195,19:50:00,2024-09-13
202400012668,08:53,Plein jour,06,06152,2,1,1,2.0,23 Route de Nice,43.642588,7.010247,08:53:00,2024-08-06
202400012669,15:35,Plein jour,12,12202,2,2,1,3.0,EUROPE (AVENUE DE L'),44.35408,2.56387,15:35:00,2024-01-26
202400012670,16:50,Plein jour,13,13001,1,1,1,1.0,"autoroute A8, pk 18+400, sens sud",43.517918,5.430036,16:50:00,2024-08-06
202400012671,22:55,,74,74012,2,3,1,1.0,ARVE (QUAI D'),46.18539047,6.22581005,22:55:00,2024-10-25
202400012672,22:45,,74,74081,2,6,1,6.0,25 Grande rue,46.061008,6.580125,22:45:00,2024-10-20
202400012673,03:15,Nuit avec éclairage,12,12202,2,2,9,3.0,LAROMIGUIERE (BOULEVARD),44.34825,2.57283,03:15:00,2024-01-21
202400012674,13:00,Plein jour,12,12202,2,1,1,6.0,BELLE ISLE (BOULEVARD),44.35328,2.57683,13:00:00,2024-01-17
202400012675,22:10,Nuit sans éclairage,74,74010,1,1,2,7.0,Chemin du purgatoire,45.854977,6.093577,22:10:00,2024-10-17
202400012676,05:00,Nuit sans éclairage,13,13032,1,1,1,2.0,"Autoroute A8, pk 011+750, sens sud/nord",43.53585657,5.35589912,05:00:00,2024-08-04
202400012677,17:11,Plein jour,11,11069,1,1,1,4.0,Unknown,43.2187,2.38147,17:11:00,2024-02-02
202400012678,22:15,,74,74010,2,1,1,6.0,243 Route des creuses (Seynod),45.889195,6.079776,22:15:00,2024-10-04
202400012679,12:15,Plein jour,74,74185,1,1,1,6.0,Route des bornes,46.149142,6.218959,12:15:00,2024-08-28
202400012680,17:50,Plein jour,971,97118,1,1,1,1.0,404 Chemin de Bel Air Desrozieres,16.20361,-61.645076,17:50:00,2024-07-31
202400012681,17:26,Crépuscule,11,11069,2,9,1,3.0,22 Boulevard Barbès,43.21034,2.34971,17:26:00,2024-02-01
202400012682,21:40,Nuit sans éclairage,28,28317,1,2,1,7.0,d.24,48.431411,1.744058,21:40:00,2024-08-05
202400012683,07:00,Nuit sans éclairage,33,33029,1,1,1,2.0,Unknown,44.682843,-0.786746,07:00:00,2024-09-30
202400012684,20:59,,10,10362,2,3,1,1.0,Rue Chanteloup,48.2951,4.0444,20:59:00,2024-01-24
202400012685,09:50,Plein jour,13,13208,2,1,1,3.0,PICON JACQUES RUE,43.26778715,5.39155298,09:50:00,2024-07-02
202400012686,13:05,Plein jour,77,77031,2,1,1,1.0,D201A,48.683502,2.950054,13:05:00,2024-08-06
202400012687,18:35,,10,10265,2,1,1,6.0,LAMARTINE (RUE),48.2996,4.0491,18:35:00,2024-02-01
202400012688,09:50,Plein jour,84,84031,2,1,1,3.0,NOTRE DAME DE SANTE AVENUE,44.06024,5.04876,09:50:00,2024-08-17
202400012689,12:14,Plein jour,10,10060,1,1,1,3.0,ROCADE OUEST,48.2609,4.093,12:14:00,2024-02-01
202400012690,18:20,Plein jour,34,34022,2,3,1,6.0,N113,43.659509,4.017783,18:20:00,2024-08-05
202400012691,09:47,Plein jour,84,84031,1,1,1,2.0,D942,44.04632,5.02397,09:47:00,2024-08-15
202400012692,08:20,Plein jour,07,07070,1,1,1,5.0,ROUTE DEPARTEMENTALE 86,44.97802,4.85108,08:20:00,2024-02-02
202400012693,16:50,Plein jour,05,05136,1,1,1,3.0,RN94,44.69217028,6.61212902,16:50:00,2024-08-06
202400012694,20:45,Plein jour,84,84031,2,1,1,3.0,DURAND BOULEVARD ALBIN,44.05453,5.04506,20:45:00,2024-08-11
202400012695,10:40,Plein jour,07,07316,2,1,1,1.0,MONTGOLFIERS (AVENENUE DES FRERES),44.89281,4.85059,10:40:00,2024-02-02
202400012696,09:50,Plein jour,04,04019,2,2,1,3.0,Avenue Ernest Pellotier,44.387627,6.639857,09:50:00,2024-08-06
202400012697,07:49,Plein jour,84,84080,2,1,7,3.0,ROULIERS CHEMIN DES,44.03035,4.96907,07:49:00,2024-08-19
202400012698,07:50,Crépuscule,13,13059,1,6,1,3.0,Départementale 556,43.647605,5.491437,07:50:00,2024-08-05
202400012699,15:40,Plein jour,06,06088,2,1,1,2.0,Promenade des Anglais,43.67869,7.22965,15:40:00,2024-02-02
202400012700,16:40,Plein jour,84,84031,1,6,1,7.0,D942,44.06083,5.03913,16:40:00,2024-08-03
202400012701,21:40,Nuit sans éclairage,84,84031,2,1,2,6.0,ROUTE DE BEDOIN,44.07368,5.08738,21:40:00,2024-08-02
202400012702,05:20,Crépuscule,67,67519,1,1,1,7.0,M223,48.668998,7.827407,05:20:00,2024-08-05
202400012703,13:50,Plein jour,06,06069,2,9,1,3.0,Avenue Mathias Duval,43.65053,6.92212,13:50:00,2024-02-02
202400012704,10:24,Plein jour,84,84080,2,1,1,6.0,TREWEY BOULEVARD,44.03354,4.99792,10:24:00,2024-08-01
202400012705,09:35,Plein jour,69,69255,2,4,7,6.0,Rue du Dronaud,45.731981,4.658394,09:35:00,2024-08-04
202400012706,04:40,Nuit sans éclairage,84,84031,1,6,1,7.0,SAINT ROCH AVENUE,44.073524,5.058488,04:40:00,2024-07-23
202400012707,10:45,Plein jour,06,06069,2,1,1,2.0,Boulevard Fragonard,43.65763,6.92206,10:45:00,2024-02-02
202400012708,15:10,Plein jour,09,09157,1,1,1,1.0,Avenue Pierre Sémard,42.964104,1.873692,15:10:00,2024-08-05
202400012709,15:51,Plein jour,84,84089,2,6,1,3.0,Route d?Aix,43.681894,5.500755,15:51:00,2024-07-20
202400012710,02:50,,06,06029,2,1,1,6.0,44 Boulevard Carnot,43.55776,7.01712,02:50:00,2024-02-02
202400012711,15:03,Plein jour,84,84056,1,1,1,6.0,Route de Violès,44.136453,4.937448,15:03:00,2024-03-13
202400012712,07:05,Crépuscule,06,06004,2,3,1,6.0,Chemin de Saint Claude,43.5949074,7.1071558,07:05:00,2024-02-02
202400012713,20:55,Nuit sans éclairage,19,19151,1,1,2,7.0,Unknown,45.08336845,1.51425862,20:55:00,2024-10-26
202400012714,21:10,Plein jour,72,72244,1,3,7,3.0,1134 route de sable,47.777708,-0.319537,21:10:00,2024-08-05
202400012715,23:20,,974,97407,2,6,1,3.0,VERGES(AVENUE),-20.9397,55.30329,23:20:00,2024-12-28
202400012716,15:50,Plein jour,2B,2B037,2,6,1,3.0,TOUTES RUES,42.3742,9.2614,15:50:00,2024-12-28
202400012717,14:00,Plein jour,50,50616,1,3,8,3.0,D456,48.671679,-1.369922,14:00:00,2024-08-06
202400012718,14:20,Plein jour,2A,2A004,2,9,1,3.0,MARECHAL JUIN AVENUE,41.93761,8.75097,14:20:00,2024-12-28
202400012719,11:00,Plein jour,29,29046,2,3,1,7.0,Route de Quimper,48.0789582,-4.32238353,11:00:00,2024-07-31
202400012720,11:06,Plein jour,2A,2A004,2,3,1,3.0,#Rue Achille Peretti#,41.93768,8.74238,11:06:00,2024-12-28
202400012721,22:45,Nuit sans éclairage,22,22168,2,2,1,3.0,Route de Pleumeur-bodou,48.801016,-3.473375,22:45:00,2024-08-04
202400012722,23:40,Nuit avec éclairage,22,22162,2,3,1,6.0,Rue Gilles le Guen,48.782542,-3.038476,23:40:00,2024-08-05
202400012723,14:22,Plein jour,91,91286,2,6,8,6.0,ROUTE NATIONALE 7,48.66927,2.39354,14:22:00,2024-12-28
202400012724,00:30,Nuit sans éclairage,27,27114,2,1,1,6.0,rue guy de maupassant,48.962751,1.430948,00:30:00,2024-08-06
202400012725,19:02,,91,91228,2,9,1,3.0,BD DE L EUROPE,48.63084,2.43412,19:02:00,2024-12-28
202400012726,17:05,Plein jour,59,59659,2,1,1,6.0,Rue Camille Desmoulins,50.016302,4.009504,17:05:00,2024-08-06
202400012727,18:40,Plein jour,91,91692,1,1,1,6.0,AUTOROUTE A10,48.6729,2.1972,18:40:00,2024-08-05
202400012728,19:45,Nuit sans éclairage,77,77459,1,1,5,1.0,D619,48.54223486,3.34411431,19:45:00,2024-12-27
202400012729,20:45,Plein jour,92,92050,1,1,1,7.0,A86,48.89224922,2.18406703,20:45:00,2024-08-04
202400012730,06:00,,68,68066,2,6,5,7.0,LADHOF (RUE DU),48.09542,7.375,06:00:00,2024-12-28
202400012731,20:40,Crépuscule,95,95277,1,1,1,2.0,A3,48.97316958,2.48646812,20:40:00,2024-08-04
202400012732,19:30,Nuit avec éclairage,66,66136,2,2,1,3.0,WILSON (BOULEVARD THOMAS,42.70149274,2.89408743,19:30:00,2024-12-28
202400012733,13:24,Plein jour,64,64024,2,9,1,3.0,MONTBRUN (AVENUE DE),43.5018,-1.5205,13:24:00,2024-12-28
202400012734,02:53,Nuit sans éclairage,77,77495,1,1,1,2.0,A5B,48.57525736,2.63912291,02:53:00,2024-08-03
202400012735,09:30,Crépuscule,64,64102,2,1,1,6.0,LORRAINE (BOULEVARD D'ALSACE),43.49069,-1.46252,09:30:00,2024-12-28
202400012736,12:15,Plein jour,63,63113,2,1,1,6.0,BLANZAT (RUE DE),45.78635476,3.08466911,12:15:00,2024-12-28
202400012737,13:15,Plein jour,14,14475,1,1,1,2.0,2871 Route de Bretagne (Noyers-Bocage),49.115414,-0.578113,13:15:00,2024-02-28
202400012738,05:40,Nuit sans éclairage,54,54149,1,1,9,6.0,RN52,49.43543604,5.90932488,05:40:00,2024-12-28
202400012739,00:50,,34,34301,2,9,1,6.0,CLERVILLE CHEVALIER DE (BOULEVARD),43.406,3.684,00:50:00,2024-08-03
202400012740,17:35,,51,51454,2,3,1,6.0,VASNIER (BOULEVARD HENRI) COTE IMPAIR,49.24726,4.04498,17:35:00,2024-12-27
202400012741,03:50,,95,95323,2,1,1,6.0,GIROLLES (RUE DES),49.01317,2.03225,03:50:00,2024-04-29
202400012742,16:20,Plein jour,46,46042,2,1,1,6.0,CAVAIGNAC (QUAI EUGENE),44.44252,1.44166,16:20:00,2024-12-28
202400012743,20:00,Nuit sans éclairage,988,98818,2,1,1,6.0,Sur parking Hyprocal,-22.22845,166.44446,20:00:00,2024-08-04