Num_Acc,hrmn,lum,dep,com,agg,int,atm,col,adr,lat,long,heure,date
202400012744,07:50,,35,35115,2,6,1,3.0,CARNOT (PLACE DU PRESIDENT),48.3533,-1.198678,07:50:00,2024-12-28
202400012745,11:50,Plein jour,974,97411,2,1,1,6.0,PROVIDENCE (BOULEVARD DE LA),-20.89134,55.45499,11:50:00,2024-08-04
202400012746,16:10,Plein jour,33,33529,2,1,1,7.0,Unknown,44.641303,-1.134789,16:10:00,2024-12-28
202400012747,00:01,,2A,2A004,1,6,1,7.0,T21,41.92706,8.77917,00:01:00,2024-08-04
202400012748,18:00,,29,29039,2,6,1,3.0,Rue de la Villeneuve,47.89436187,-3.91378747,18:00:00,2024-12-28
202400012749,15:50,Plein jour,95,95277,1,1,1,4.0,D170,48.97762705,2.46379338,15:50:00,2024-08-04
202400012750,03:30,Nuit sans éclairage,26,26252,1,9,5,7.0,RN7,44.87073,4.86289,03:30:00,2024-12-28
202400012751,17:28,Plein jour,91,91552,2,1,1,6.0,RTE DE CORBEIL,48.5955,2.26764,17:28:00,2024-08-04
202400012752,13:45,Plein jour,90,90010,2,1,1,6.0,FRANCE BOULEVARD ANATOLE ),47.63736,6.83837,13:45:00,2024-08-04
202400012753,17:25,Nuit sans éclairage,14,14271,1,1,1,4.0,N814,49.1368,-0.37125,17:25:00,2024-12-27
202400012754,20:10,Plein jour,83,83090,2,1,1,2.0,RESISTANCE (AVE DE LA),43.13084601,5.84424931,20:10:00,2024-08-04
202400012755,19:00,,13,13103,2,1,1,6.0,BOULEVARD JOLY - VICTOR,43.63895321,5.09533962,19:00:00,2024-12-28
202400012756,19:55,Plein jour,83,83126,2,3,1,1.0,POMPIDOU (CORNICHE GEORGES),43.08879075,5.89894177,19:55:00,2024-08-03
202400012757,18:08,,13,13203,2,2,1,3.0,CHANTERAC (RUE DE),43.31271,5.36975,18:08:00,2024-12-28
202400012758,07:45,Nuit sans éclairage,13,13213,2,1,1,1.0,ALBERT EINSTEIN (RUE),43.4926,5.37348,07:45:00,2024-12-28
202400012759,16:10,Plein jour,82,82121,2,6,1,6.0,avenue du 10e dragon,44.02386672,1.3419275,16:10:00,2024-08-04
202400012760,18:45,Nuit sans éclairage,13,13001,2,6,1,7.0,RD 543,43.48788,5.3523,18:45:00,2024-12-28
202400012761,04:15,Nuit sans éclairage,82,82121,1,1,1,1.0,A20,44.0117767,1.38623833,04:15:00,2024-08-04
202400012762,19:40,,07,07102,2,6,1,6.0,REPUBLIQUE (AV.DE LA) [DU N° AU N°],44.93821,4.86883,19:40:00,2024-12-28
202400012763,17:55,,75,75119,2,1,1,6.0,BOULEVARD MACDONALD,48.898578,2.385088,17:55:00,2024-12-27
202400012764,14:20,Plein jour,75,75111,2,2,1,6.0,AVENUE PARMENTIER,48.866687,2.373595,14:20:00,2024-12-28
202400012765,14:10,Plein jour,94,94069,1,1,2,2.0,A4,48.81725883,2.42989898,14:10:00,2024-06-01
202400012766,06:45,Crépuscule,77,77373,1,1,2,7.0,RN104,48.80238,2.62687,06:45:00,2024-05-31
202400012767,13:42,Plein jour,987,98735,2,9,1,3.0,POMARE (BVD BLOC DU FOYER DES J.FILLES),-17.54042919,-149.56982714,13:42:00,2024-05-31
202400012768,12:35,Plein jour,976,97611,2,1,1,6.0,tsoundzou-Maternelle,-12.8144,45.20091,12:35:00,2024-05-31
202400012769,08:00,Plein jour,974,97416,2,3,1,3.0,CHATEAU D'EAU (CHEMIN DU),-21.32606,55.47458,08:00:00,2024-05-31
202400012770,14:20,Plein jour,974,97407,2,1,1,3.0,ROMERO(AVENUE),-20.94571,55.29749,14:20:00,2024-05-31
202400012771,13:00,Plein jour,973,97302,2,1,1,2.0,TROUBIRAN (CHEMIN DE),4.92319952,-52.30385399,13:00:00,2024-05-31
202400012772,11:30,Plein jour,973,97302,2,1,1,3.0,REPUBLIQUE (BD DE LA),4.93761,-52.32471,11:30:00,2024-05-31
202400012773,07:47,Plein jour,973,97302,2,3,1,3.0,MONTABO (ROUTE DE) 1,4.92978,-52.29038,07:47:00,2024-05-30
202400012774,12:35,Plein jour,973,97302,2,3,1,1.0,MADELEINE (ROUTE DE LA),4.91065253,-52.32147771,12:35:00,2024-05-29
202400012775,20:55,Crépuscule,69,69387,2,2,1,3.0,Pont de l'Université,45.75199,4.83688,20:55:00,2024-05-31
202400012776,21:25,,972,97213,1,1,1,2.0,ROUTE NATIONALE 5,14.59611,-60.98865,21:25:00,2024-04-30
202400012777,10:25,Plein jour,972,97209,2,9,1,3.0,BOUILLE (RUE),14.60456,-61.06538,10:25:00,2024-05-31
202400012778,18:40,Plein jour,2B,2B033,2,1,1,7.0,FAVALE - COURS,42.69322,9.45018,18:40:00,2024-05-31
202400012779,13:40,Plein jour,91,91692,2,1,2,6.0,BERRY (AVENUE DU),48.6827,2.16638,13:40:00,2024-05-31
202400012780,05:15,Crépuscule,91,91687,2,3,2,3.0,GENERAL DE GAULLE (AVENUE DU),48.6824,2.3776,05:15:00,2024-05-31
202400012781,16:00,Plein jour,91,91433,2,1,3,3.0,PONTS (RUE DES),48.45,2.2,16:00:00,2024-05-31
202400012782,05:11,,87,87085,2,3,1,3.0,ALLENDE (QUAI SALVADOR),45.81742,1.25276,05:11:00,2024-05-31
202400012783,23:10,Nuit sans éclairage,85,85194,1,1,1,7.0,RD 949,46.51405949,-1.73504055,23:10:00,2024-05-31
202400012784,20:00,Plein jour,30,30011,2,1,1,3.0,Unknown,43.96126,4.74891,20:00:00,2024-05-30
202400012785,16:35,Plein jour,83,83144,1,6,1,3.0,Rond point de l'Université,43.13815,6.01757,16:35:00,2024-05-29
202400012786,17:15,Plein jour,83,83126,2,2,1,3.0,JUIN (AV MARECHAL),43.10761,5.87704,17:15:00,2024-05-29
202400012787,14:47,Plein jour,83,83061,1,1,1,6.0,D7,43.50163079,6.79395747,14:47:00,2024-05-31
202400012788,18:20,Plein jour,81,81163,2,6,1,3.0,RICHARDE,43.4991669,2.38647723,18:20:00,2024-05-29
202400012789,16:00,Plein jour,80,80001,2,3,2,2.0,MENCHECOURT (de),50.118166,1.819112,16:00:00,2024-05-31
202400012790,20:00,Plein jour,78,78311,2,1,2,6.0,BLAISE PASCAL (RUE),48.926893,2.189615,20:00:00,2024-05-31
202400012791,13:10,Plein jour,77,77468,2,1,2,6.0,LAGNY (ROUTE DE),48.85934,2.65019,13:10:00,2024-05-22
202400012792,12:20,Plein jour,77,77014,2,2,8,6.0,FRANKLIN ROOSEVELT (AVENUE),48.41548,2.72035,12:20:00,2024-05-31
202400012793,20:45,Plein jour,69,69029,2,3,2,3.0,Rue Lionel Terray,45.72569,4.911,20:45:00,2024-05-30
202400012794,08:50,Plein jour,69,69259,1,1,1,2.0,Rue des Frères Louis et Emile Bertrand,45.71821988,4.87158256,08:50:00,2024-05-30
202400012795,17:45,Plein jour,66,66136,2,1,1,2.0,Avenue de l'Ancien-Champs-de-Mars,42.70481,2.89103,17:45:00,2024-05-31
202400012796,19:48,Plein jour,64,64445,2,2,1,1.0,LUCIEN FAVRE,43.31901278,-0.36412463,19:48:00,2024-05-31
202400012797,18:10,Plein jour,63,63103,1,3,1,3.0,RD227 / rue de St-Hubert,45.9194985,3.05324154,18:10:00,2024-05-28
202400012798,15:30,Plein jour,63,63113,2,1,1,7.0,MONTLOSIER (RUE),45.78133,3.08806,15:30:00,2024-05-31
202400012799,13:57,Plein jour,63,63113,2,1,1,2.0,VERNE (RUE JULES),45.78603,3.13615,13:57:00,2024-05-31
202400012800,11:00,Plein jour,63,63113,2,1,1,6.0,BLANZAT (RUE DE),45.78525,3.08471,11:00:00,2024-05-31
202400012801,13:05,Plein jour,59,59350,2,3,2,,Avenue de Dunkerque (Lomme),50.64207,3.01734,13:05:00,2024-05-31
202400012802,20:05,Plein jour,59,59378,2,1,1,2.0,Avenue du Maréchal Foch,50.67166,3.09731,20:05:00,2024-05-30
202400012803,16:45,Plein jour,57,57672,2,1,1,6.0,ALLIES (PONT DES),49.3585,6.17022,16:45:00,2024-05-30
202400012804,12:30,Plein jour,56,56260,2,6,1,3.0,Rue Robert Schuman,47.64999,-2.77055,12:30:00,2024-05-31
202400012805,12:30,Plein jour,56,56098,2,2,1,3.0,CHARCOT (RUE  COMMANDANT ),47.75826,-3.3277377,12:30:00,2024-05-31
202400012806,14:30,Plein jour,54,54339,2,1,1,1.0,rue Antoine de Saint Exupéry,48.713676,6.193644,14:30:00,2024-05-30
202400012807,13:20,Plein jour,54,54395,2,2,1,3.0,Rue Jeannot,48.688932,6.188552,13:20:00,2024-05-30
202400012808,12:35,Plein jour,49,49007,2,1,1,6.0,TOURAINE RUE ET SQUARE,47.48458,-0.52885,12:35:00,2024-05-31
202400012809,18:39,Plein jour,49,49007,2,2,1,5.0,VOLNEY,47.46,-0.53721,18:39:00,2024-05-30
202400012810,12:46,Plein jour,45,45169,2,3,1,3.0,Route d'Orleans,47.91513,1.84463,12:46:00,2024-05-31
202400012811,00:21,,42,42187,2,3,2,6.0,Rue Albert Thomas,46.05165,4.07396,00:21:00,2024-06-01
202400012812,21:22,,42,42187,2,3,1,6.0,Quai du Canal,46.04492506,4.08706382,21:22:00,2024-05-31
202400012813,19:45,Plein jour,41,41226,1,6,2,3.0,PARIS (ROUTE DE),47.82431,1.07693,19:45:00,2024-05-30
202400012814,06:00,Nuit sans éclairage,37,37233,2,1,1,6.0,LOIRE (LEVEE DE LA),47.40202,0.74973,06:00:00,2024-05-31
202400012815,12:00,Plein jour,35,35238,2,3,1,3.0,MABILAIS (DE LA),48.10635,-1.69513,12:00:00,2024-05-31
202400012816,12:00,Plein jour,34,34172,2,1,1,6.0,LOUISVILLE (AVENUE DE),43.62548,3.81565,12:00:00,2024-05-31
202400012817,07:24,Plein jour,33,33167,2,3,1,5.0,Unknown,44.82634,-0.52665,07:24:00,2024-05-31
202400012818,21:14,Plein jour,31,31555,2,1,1,6.0,AV DU CHATEAU D EAU,43.60084,1.42787,21:14:00,2024-05-31
202400012819,12:33,Plein jour,31,31555,2,1,1,3.0,AV DE MURET,43.58643591,1.42929286,12:33:00,2024-05-31
202400012820,20:23,Plein jour,29,29019,2,2,1,3.0,rue Massillon,48.398239,-4.477598,20:23:00,2024-05-31
202400012821,21:50,Nuit sans éclairage,28,28223,1,1,2,3.0,D 152,48.72125,1.41305,21:50:00,2024-05-31
202400012822,13:50,Plein jour,27,27528,2,2,2,3.0,NOTRE DAME (RUE),49.25784,1.20824,13:50:00,2024-05-31
202400012823,20:25,Plein jour,27,27229,2,6,2,3.0,MOULIN (RUE JEAN),49.01144,1.15239,20:25:00,2024-05-31
202400012824,13:17,Plein jour,27,27229,2,1,3,3.0,LAVOISIER (RUE),49.00033,1.14767,13:17:00,2024-05-30
202400012825,12:55,Plein jour,25,25056,2,1,3,1.0,RIVOTTE  FAUBOURG,47.23137,6.03578,12:55:00,2024-05-31
202400012826,08:30,Plein jour,15,15012,1,9,2,7.0,RD 990,44.90167,2.49661,08:30:00,2024-05-30
202400012827,15:15,Plein jour,14,14574,1,1,1,7.0,1570 Route de Dives,49.161053,0.190994,15:15:00,2024-05-30
202400012828,14:06,Plein jour,14,14574,1,1,1,5.0,1993 Route de Dives,49.163758,0.188123,14:06:00,2024-05-30
202400012829,22:39,,13,13203,2,3,1,3.0,PLOMBIERES (BOULEVARD DES),43.31887,5.37899,22:39:00,2024-05-31
202400012830,20:00,Plein jour,13,13203,2,1,1,1.0,CASSIN (RUE),43.31535,5.37318,20:00:00,2024-05-31
202400012831,11:05,Plein jour,13,13207,2,2,1,3.0,CÉSAR ALEMAN (RUE),43.29024,5.35749,11:05:00,2024-05-31
202400012832,10:30,Plein jour,13,13001,2,1,1,2.0,JUVENAL MAX (AV),43.52564307,5.43864151,10:30:00,2024-05-31
202400012833,14:13,Plein jour,10,10333,2,6,1,3.0,Rue Charles Baltet,48.282,4.0594,14:13:00,2024-05-31
202400012834,18:19,Plein jour,10,10387,2,2,8,6.0,MARECHAL FOCH (RUE DU),48.29688,4.0755,18:19:00,2024-05-30
202400012835,13:39,Plein jour,10,10387,2,1,1,6.0,CHAILLOUET RUE),48.3055,4.0858,13:39:00,2024-05-30
202400012836,07:36,Plein jour,10,10343,2,9,1,3.0,MICHEL BAROIN (RUE),48.2767,4.0933,07:36:00,2024-05-30
202400012837,17:50,Plein jour,02,02304,2,3,1,2.0,1 rue des bigors,49.66358,3.36948,17:50:00,2024-05-27
202400012838,10:15,Plein jour,01,01289,2,1,1,6.0,BELLEVUE ( CHEMIN DE) PAIR,46.18174,5.20551,10:15:00,2024-05-23
202400012839,17:30,Plein jour,75,75118,2,2,1,6.0,RUE DES POISSONNIERS,48.888279,2.351485,17:30:00,2024-05-31
202400012840,16:30,Plein jour,75,75118,2,3,2,6.0,RUE DE L EVANGILE,48.894361,2.366009,16:30:00,2024-05-31
202400012841,10:40,Plein jour,75,75118,2,2,8,6.0,RUE DE LA CHAPELLE,48.890868,2.360007,10:40:00,2024-05-31
202400012842,18:50,Plein jour,75,75108,2,4,2,7.0,VOIE GEORGES POMPIDOU,48.864871,2.31808,18:50:00,2024-05-31
202400012843,08:00,Plein jour,75,75101,2,3,1,1.0,BOULEVARD DE SEBASTOPOL,48.858521,2.348221,08:00:00,2024-05-31
202400012844,20:27,Plein jour,75,75104,2,1,8,6.0,QUAI DE L HOTEL DE VILLE,48.854683,2.354369,20:27:00,2024-05-30
202400012845,16:22,Plein jour,75,75101,2,7,1,3.0,AVENUE DE L OPERA,48.863936,2.335199,16:22:00,2024-05-30
202400012846,14:40,Plein jour,75,75103,2,2,2,2.0,BOULEVARD SAINT MARTIN,48.868978,2.355754,14:40:00,2024-05-30
202400012847,09:15,Plein jour,94,94080,2,1,2,3.0,Rue de Montreuil,48.84797306,2.43469208,09:15:00,2024-05-31
202400012848,20:00,Plein jour,94,94078,2,1,1,6.0,Avenue du President John Fitzgerald Kennedy,48.73717294,2.46940062,20:00:00,2024-05-30
202400012849,09:00,Plein jour,94,94073,2,4,2,4.0,rue de Thiais / Bretelle D7,48.75939,2.370286,09:00:00,2024-05-30
202400012850,07:00,Crépuscule,94,94033,2,3,2,6.0,Sentier de la Prairie / Rue des Alouettes,48.85632857,2.4963668,07:00:00,2024-05-31
202400012851,17:47,Plein jour,94,94022,2,3,1,2.0,Boulevard de Stalingrad / Avenue de la République,48.773851,2.39949,17:47:00,2024-05-30
202400012852,18:00,Plein jour,92,92063,2,6,2,2.0,FOUILLEUSE (AVENUE DE),48.86211282,2.19637996,18:00:00,2024-05-31
202400012853,12:09,Plein jour,92,92063,2,1,2,3.0,HOPITAL STELL (BOULEVARD DE L'),48.88096494,2.18451476,12:09:00,2024-05-29
202400012854,23:45,Nuit avec éclairage,92,92050,1,6,1,6.0,CHEMIN ACCES USINE EDF,48.90780377,2.21064967,23:45:00,2024-05-30
202400012855,15:00,Plein jour,92,92050,2,3,2,2.0,OMBRAIES RUE DES,48.88349,2.19801,15:00:00,2024-05-30
202400012856,09:15,Plein jour,92,92025,2,1,1,3.0,RENOUILLERS  (RUE DES),48.92413178,2.23791897,09:15:00,2024-05-30
202400012857,07:50,Plein jour,92,92024,2,2,1,6.0,ALSACE (RUE D') DE (1 A 25)   (2 A 36),48.900722,2.31419876,07:50:00,2024-05-31
202400012858,20:55,Plein jour,92,92023,1,9,3,2.0,GENERAL DE GAULLE (AV DU) N°130 A 340 ET,48.7844637,2.24926472,20:55:00,2024-05-31
202400012859,10:00,Plein jour,92,92004,2,1,1,2.0,DOCTEUR DERVAUX  ( QUAI DU ),48.90410651,2.28599507,10:00:00,2024-05-31
202400012860,21:45,,974,97415,2,6,1,2.0,Rue de la Croix,-20.991794,55.287586,21:45:00,2024-05-31
202400012861,19:45,Plein jour,08,08403,2,2,1,2.0,279 Rue de Perthes,49.494135,4.365188,19:45:00,2024-05-31
202400012862,20:30,Plein jour,91,91390,2,9,1,2.0,Rue de la Gare,48.317326,2.093668,20:30:00,2024-05-27
202400012863,16:17,Plein jour,45,45187,1,1,1,1.0,D88 PR 11 + 627,47.873785,2.463512,16:17:00,2024-05-24
202400012864,01:20,Nuit sans éclairage,63,63116,1,1,2,1.0,d2144 pr 13+200,46.00226749,3.0938783,01:20:00,2024-06-01
202400012865,19:49,Plein jour,01,01354,1,6,1,3.0,Route de Meyrin,46.236828,6.044192,19:49:00,2024-05-31
202400012866,18:15,Plein jour,83,83140,2,1,1,1.0,D205,43.415234,5.917339,18:15:00,2024-05-30
202400012867,17:45,Plein jour,04,04126,1,1,1,7.0,D900,44.40581,6.334058,17:45:00,2024-05-31
202400012868,09:15,Plein jour,2B,2B346,2,7,1,6.0,Village,42.493579,9.438254,09:15:00,2024-04-06
202400012869,19:00,Plein jour,82,82195,1,1,1,7.0,1519 Route de Bordeaux,44.072029,1.285406,19:00:00,2024-05-31
202400012870,11:50,Plein jour,33,33394,2,1,1,6.0,Unknown,44.892689,-0.157397,11:50:00,2024-05-31
202400012871,13:20,Plein jour,32,32181,1,1,1,3.0,N21,43.419154,0.239178,13:20:00,2024-06-01
202400012872,20:56,Crépuscule,11,11206,2,1,1,6.0,63 Avenue de Catalogne,43.04537,2.222891,20:56:00,2024-05-31
202400012873,17:00,Plein jour,71,71093,1,1,1,6.0,3a Route de Mervans,46.8202529,5.23647498,17:00:00,2024-06-01
202400012874,05:45,Crépuscule,61,61063,1,1,1,5.0,D924,48.711861,-0.394076,05:45:00,2024-05-12
202400012875,07:30,Crépuscule,12,12088,1,1,2,6.0,lieu-dit Miegevie,44.66781512,2.84938931,07:30:00,2024-05-31
202400012876,05:45,Crépuscule,34,34229,1,1,2,7.0,RD908,43.508931,2.794819,05:45:00,2024-05-31
202400012877,10:40,Plein jour,34,34187,1,3,1,2.0,"RD908, PR18+580",43.557474,2.923329,10:40:00,2024-05-30
202400012878,04:45,Crépuscule,68,68062,1,1,1,7.0,D419,47.62926055,7.21076314,04:45:00,2024-06-01
202400012879,19:30,Plein jour,39,39520,2,1,1,1.0,49 route Nationale,46.993661,5.553792,19:30:00,2024-05-31
202400012880,07:40,Plein jour,973,97302,2,3,1,3.0,HAMEAU DES ENCENS (RUE DU) Cité St Marti,4.91917385,-52.29721999,07:40:00,2024-10-16
202400012881,15:00,Plein jour,25,25321,1,1,1,3.0,D461,47.058776,6.677096,15:00:00,2024-05-29
202400012882,17:30,Plein jour,25,25203,1,1,8,6.0,D31,47.179168,6.484645,17:30:00,2024-05-31
202400012883,15:00,Plein jour,29,29174,1,3,1,3.0,Lieu Dit Creac H Calvic,47.92149509,-4.25456645,15:00:00,2024-06-01
202400012884,13:00,Plein jour,972,97213,1,1,1,7.0,Z I CALIFORNIE,14.61823,-61.0331,13:00:00,2024-10-16
202400012885,16:15,Plein jour,31,31037,2,2,1,3.0,Chemin du Rivet,43.369283,1.78221,16:15:00,2024-05-30
202400012886,17:45,Plein jour,02,02315,1,1,2,3.0,Rue du Petit Détroit,49.700684,3.196118,17:45:00,2024-06-01
202400012887,09:15,Plein jour,69,69202,2,3,1,3.0,Rue Commandant Charcot,45.74957115,4.79566752,09:15:00,2024-10-16
202400012888,10:20,Plein jour,03,03236,2,6,2,2.0,Rue de Vichy,46.202,3.433388,10:20:00,2024-05-31
202400012889,13:00,Plein jour,58,58287,1,1,3,7.0,Départementale 973,46.764505,3.943722,13:00:00,2024-06-01
202400012890,01:00,,10,10187,2,1,1,6.0,Grande Rue,48.074337,4.464245,01:00:00,2024-06-01
202400012891,00:01,Nuit sans éclairage,24,24394,1,1,1,6.0,L?Echanleuil,45.43848,0.40953,00:01:00,2024-06-01
202400012892,14:00,Plein jour,95,95219,2,6,1,3.0,GENERAL DECAEN (RUE DU),48.98069181,2.2507342,14:00:00,2024-10-16
202400012893,09:15,Plein jour,04,04094,1,1,1,1.0,D4,43.75042,5.803957,09:15:00,2024-05-31
202400012894,23:15,Nuit sans éclairage,85,85145,1,1,1,6.0,guinefolle,46.708,-0.95372,23:15:00,2024-05-28
202400012895,15:05,Plein jour,85,85008,1,1,1,7.0,D4 PK 29 - 600,46.6042,-1.502449,15:05:00,2024-06-01
202400012896,10:43,Plein jour,91,91326,2,2,1,3.0,REPUBLIQUE (AVENUE DE LA),48.690749,2.380192,10:43:00,2024-10-16
202400012897,17:15,Plein jour,27,27383,1,2,2,2.0,D926,48.744112,0.842814,17:15:00,2024-05-31
202400012898,07:56,Plein jour,28,28232,1,1,2,6.0,48 Rue Louis Houde - D15,48.524144,0.970254,07:56:00,2024-06-01
202400012899,14:10,Plein jour,87,87085,2,1,1,7.0,CORGNAC (CHEMIN ET IMPASSE DE),45.84357,1.23581,14:10:00,2024-10-15
202400012900,18:50,Plein jour,28,28130,1,1,1,6.0,La Pelletiere,48.546025,1.104239,18:50:00,2024-06-01
202400012901,19:00,Plein jour,87,87059,1,1,1,6.0,D675,46.196824,1.068538,19:00:00,2024-05-31
202400012902,02:17,Nuit sans éclairage,87,87003,1,1,2,6.0,8 La Gare,46.268227,1.365539,02:17:00,2024-06-01
202400012903,16:15,Plein jour,52,52114,2,6,2,3.0,Rue Saint-jacques,48.034378,4.914359,16:15:00,2024-05-31
202400012904,20:10,Crépuscule,01,01228,1,1,2,6.0,A 40 PK 127+600 direction Macon,46.131731,5.520008,20:10:00,2024-05-31
202400012905,08:00,Plein jour,973,97309,2,9,1,1.0,2316 Route de Rémire,4.907137,-52.272858,08:00:00,2024-06-01
202400012906,15:20,Plein jour,53,53108,1,1,1,6.0,barrière de péage la gravelle,48.083028,-1.027544,15:20:00,2024-05-31
202400012907,02:00,,84,84007,2,3,3,3.0,QUAI DE LA LIGNE (BOULEVARD DU),43.95325,4.813858,02:00:00,2024-10-13
202400012908,21:00,Crépuscule,45,45051,2,2,8,3.0,D952 PR 35 + 621,47.831553,2.367157,21:00:00,2024-05-31
202400012909,15:19,Plein jour,78,78120,1,1,2,3.0,149,48.635718,1.996594,15:19:00,2024-05-31
202400012910,19:40,Crépuscule,30,30258,2,1,1,7.0,Rue de l'Occitan,43.673566,4.414224,19:40:00,2024-06-01
202400012911,13:30,Plein jour,83,83137,2,1,2,4.0,15EME CORPS (AVE DU),43.12824,5.91664,13:30:00,2024-10-16
202400012912,02:45,Nuit sans éclairage,11,11281,1,1,1,6.0,Route départementale 33 l'Hazard,43.259104,2.061642,02:45:00,2024-06-01
202400012913,14:10,Plein jour,84,84003,2,1,1,6.0,Quai de la Liberté,43.87676,5.393646,14:10:00,2024-06-01
202400012914,16:49,Plein jour,13,13007,1,1,1,3.0,Route de la Sainte Baume,43.342939,5.656618,16:49:00,2024-05-29
202400012915,09:20,Plein jour,83,83137,2,1,8,2.0,BRIAND (AVE ARISTIDE PROLONGEE),43.12012275,5.88788867,09:20:00,2024-10-16
202400012916,17:30,Plein jour,13,13030,1,1,1,1.0,D8n,43.268589,5.736076,17:30:00,2024-05-31
202400012917,14:00,Plein jour,88,88091,1,1,8,7.0,Pont Bresson,48.189493,6.579837,14:00:00,2024-05-31
202400012918,04:19,Nuit sans éclairage,73,73211,1,1,1,7.0,D925 - Pont de la louie,45.7186923,6.49567947,04:19:00,2024-06-01
202400012919,03:00,Nuit sans éclairage,38,38467,1,1,1,7.0,1191 Route du Bugey,45.668622,5.33545,03:00:00,2024-06-01
202400012920,12:30,Plein jour,81,81060,2,1,1,1.0,14 Rue de la Salle,44.05765,2.1641,12:30:00,2024-10-16
202400012921,21:00,Crépuscule,85,85092,2,4,1,3.0,Rue du port,46.463936,-0.801369,21:00:00,2024-05-31
202400012922,15:45,Plein jour,14,14325,2,4,2,3.0,288 Route de Caen,49.27818332,-0.31743503,15:45:00,2024-05-31
202400012923,17:50,Plein jour,22,22214,1,1,1,3.0,Route de Saint Brieuc,48.746805,-2.98068,17:50:00,2024-05-31
202400012924,17:45,Plein jour,59,59534,1,1,1,6.0,Route d'Avesnes,50.133303,3.912989,17:45:00,2024-05-31
202400012925,09:45,Plein jour,77,77404,2,3,1,3.0,GENERAL LECLERC (AVENUE DU),48.52913,3.25384,09:45:00,2024-10-16
202400012926,12:44,Plein jour,13,13106,1,1,1,4.0,A7-Sens Marseille vers Lyon,43.388,5.351,12:44:00,2024-05-31
202400012927,14:30,Plein jour,13,13043,1,1,1,2.0,A55-Sens Martigues vers Marseille,43.39127,5.26385,14:30:00,2024-05-27
202400012928,16:25,Plein jour,77,77447,1,1,1,6.0,D82,48.55263108,2.55904638,16:25:00,2024-10-15
202400012929,15:30,Plein jour,13,13211,1,1,1,2.0,A50-Sens Marseille vers Aubagne,43.29412401,5.45835278,15:30:00,2024-04-30
202400012930,12:45,Plein jour,13,13005,1,1,1,3.0,Sens Aubagne vers Marseille,43.28992464,5.55419007,12:45:00,2024-05-29
202400012931,09:00,Plein jour,77,77284,2,1,1,3.0,PALAIS DE JUSTICE (RUE DU),48.96067595,2.88334185,09:00:00,2024-10-16
202400012932,20:52,Nuit sans éclairage,13,13056,1,1,1,2.0,A55-Sens Martigues vers Marseille,43.39965809,5.09574943,20:52:00,2024-05-26
202400012933,15:52,Plein jour,67,67482,1,1,1,4.0,M351,48.5869,7.71593,15:52:00,2024-05-31
202400012934,18:25,Plein jour,76,76498,2,3,1,3.0,Rue des Patis,49.42814,1.048454,18:25:00,2024-10-16
202400012935,21:25,Plein jour,33,33550,1,1,1,7.0,Unknown,44.778338,-0.556803,21:25:00,2024-05-31
202400012936,11:30,Plein jour,76,76575,1,2,1,6.0,Boulevard Lénine,49.381199,1.109877,11:30:00,2024-10-16
202400012937,12:55,Plein jour,33,33096,1,1,1,2.0,Unknown,44.90322,-0.4933,12:55:00,2024-05-31
202400012938,19:50,Plein jour,92,92078,1,1,2,4.0,AUTOROUTE A86,48.92875327,2.33034474,19:50:00,2024-05-31
202400012939,19:10,Nuit sans éclairage,93,93053,1,1,2,2.0,A3,48.8837557,2.45953658,19:10:00,2024-05-30
202400012940,23:30,,74,74010,2,1,8,5.0,GENEVE (AVENUE DE)(SECTEUR 410),45.91607,6.12383,23:30:00,2024-10-16
202400012941,23:12,Nuit sans éclairage,77,77018,1,1,1,6.0,A4,48.83581269,2.8081959,23:12:00,2024-05-31
202400012942,11:20,Plein jour,73,73087,2,1,1,3.0,D14 BORDEAUX HENRY (AVENUE),45.56329107,5.89348419,11:20:00,2024-10-13
202400012943,13:30,Plein jour,974,97411,2,3,1,3.0,GAULLE (DU GENERAL DE),-20.88513,55.46264,13:30:00,2024-05-30
202400012944,07:30,Plein jour,974,97411,2,1,1,3.0,JAURES (BLD 2 JEAN),-20.89035,55.45945,07:30:00,2024-05-30
202400012945,19:10,,69,69264,2,1,8,6.0,Avenue Theodore Braun,45.97824622,4.73862433,19:10:00,2024-10-16
202400012946,17:20,Crépuscule,974,97407,2,3,1,3.0,PASTEUR(AVENUE),-20.946021,55.292992,17:20:00,2024-05-30
202400012947,12:02,Plein jour,69,69387,2,1,2,1.0,Rue de Créqui,45.75131,4.84857,12:02:00,2024-05-30
202400012948,19:00,Plein jour,69,69389,2,4,8,3.0,111 Rue Marietton,45.7747,4.79393,19:00:00,2024-05-30
202400012949,16:45,Plein jour,2A,2A004,2,1,1,3.0,18 Avenue du Docteur Noel Franchini,41.9384918,8.75451162,16:45:00,2024-05-30
202400012950,13:38,Plein jour,69,69259,2,2,1,3.0,Rue Pierre Stoppa,45.72122,4.89075,13:38:00,2024-10-15
202400012951,19:15,Plein jour,95,95051,2,9,1,3.0,D106,49.01100563,2.20169211,19:15:00,2024-05-30
202400012952,15:05,Plein jour,91,91201,2,1,3,4.0,BD HENRI BARBUSSE,48.67941,2.41,15:05:00,2024-05-29
202400012953,22:06,,64,64445,2,2,1,1.0,TOURASSE,43.30931,-0.34413,22:06:00,2024-10-15