Num_Acc,hrmn,lum,dep,com,agg,int,atm,col,adr,lat,long,heure,date
202400012954,14:40,Crépuscule,91,91286,2,6,3,6.0,CORBEIL (ROUTE DE),48.65397,2.39375,14:40:00,2024-05-30
202400012955,15:00,Plein jour,83,83144,2,6,1,6.0,AUTOROUTE EST (ECHANG LA BIGUE-LA FARLED,43.14151,6.00089,15:00:00,2024-05-30
202400012956,17:15,Plein jour,64,64102,2,1,8,1.0,MAI 1945 (AVENUE DU 8),43.46911,-1.48998,17:15:00,2024-10-15
202400012957,18:15,Plein jour,83,83123,2,1,1,3.0,HUIDE (CHEMIN DE) N° IMPAIRS,43.12776,5.79911,18:15:00,2024-05-30
202400012958,17:12,Plein jour,81,81144,1,6,1,3.0,HERMET ( ROND POINT DE ),43.96481,2.1833,17:12:00,2024-05-29
202400012959,14:15,Plein jour,80,80021,2,1,1,3.0,Boulevard Saint-Quentin,49.879018,2.302757,14:15:00,2024-05-29
202400012960,20:21,,63,63113,2,2,1,3.0,rue d'Aline / rue de la Cerisière,45.7942,3.1109,20:21:00,2024-10-16
202400012961,08:35,Plein jour,63,63075,2,1,1,6.0,ROYAT (AVENUE DE),45.76849835,3.05682242,08:35:00,2024-10-16
202400012962,09:20,Plein jour,78,78168,2,5,2,5.0,Route nationale 10,48.74687,1.92121,09:20:00,2024-05-29
202400012963,23:00,Nuit sans éclairage,77,77462,1,1,1,2.0,ROUTE NATIONALE 2,49.00942,2.65065,23:00:00,2024-05-30
202400012964,16:00,Plein jour,77,77169,2,1,1,3.0,TOLENTINO (RUE DE),48.8321,2.5873,16:00:00,2024-05-30
202400012965,09:34,Plein jour,77,77079,2,1,1,6.0,PL DE L'EUROPE,48.40606,2.79941,09:34:00,2024-05-30
202400012966,09:25,Plein jour,59,59410,2,1,1,3.0,DE GAULLE RUE DU GENERAL,50.64631,3.10837,09:25:00,2024-10-16
202400012967,12:27,Plein jour,77,77335,1,1,1,3.0,RD129 (ROUTE DEPARTEMENTALE),48.96985,2.829798,12:27:00,2024-05-30
202400012968,15:20,Plein jour,56,56098,1,4,1,3.0,Rue Jean-Marie Tjibaou,47.77854,-3.34952,15:20:00,2024-10-15
202400012969,06:20,Plein jour,77,77369,1,1,1,6.0,D405A,48.98711,2.9119,06:20:00,2024-05-30
202400012970,08:20,Plein jour,71,71306,2,2,1,2.0,ANATOLE FRANCE (RUE),46.68713755,4.34689254,08:20:00,2024-05-30
202400012971,17:50,Plein jour,54,54526,2,2,1,6.0,Rue Cécile Brunschvicg,48.680603,6.225972,17:50:00,2024-10-15
202400012972,18:25,Plein jour,69,69266,2,1,1,6.0,Rue des Mûriers,45.76256,4.88125,18:25:00,2024-05-30
202400012973,23:45,,69,69115,2,1,1,7.0,Route d’Anse,45.97802,4.71748,23:45:00,2024-05-24
202400012974,09:40,Plein jour,54,54357,2,6,1,1.0,Rue Lafayette,48.71049,6.17251,09:40:00,2024-10-15
202400012975,17:40,Plein jour,69,69264,2,1,1,3.0,Impasse Albert de Mun,45.98408,4.73536,17:40:00,2024-05-29
202400012976,09:30,Plein jour,51,51230,2,1,1,6.0,HUGUES PLOMB (PLACE),49.04388,3.95392,09:30:00,2024-10-11
202400012977,11:45,Plein jour,50,50218,2,1,1,6.0,MATIGNON (AV DES),48.83795,-1.56537,11:45:00,2024-10-15
202400012978,07:30,Plein jour,69,69029,2,4,8,3.0,Route de Genas,45.74592688,4.9270055,07:30:00,2024-05-29
202400012979,19:25,,49,49007,2,2,3,3.0,CHAUVAT BOULEVARD,47.45304,-0.56549,19:25:00,2024-10-16
202400012980,09:58,Plein jour,69,69271,1,8,1,3.0,Boulevard de l'Europe,45.73833,4.94319,09:58:00,2024-05-29
202400012981,08:30,Plein jour,69,69259,2,8,1,6.0,Boulevard Ambroise Croizat,45.70467,4.88755,08:30:00,2024-05-28
202400012982,13:10,Plein jour,45,45147,2,1,1,4.0,123 Rue André Dessaux,47.935484,1.895933,13:10:00,2024-10-16
202400012983,12:00,Plein jour,64,64445,2,1,2,2.0,UNIVERSITE DE L',43.31153,-0.36535,12:00:00,2024-05-30
202400012984,06:50,,45,45234,1,9,1,1.0,73 Boulevard Marie Stuart,47.91086,1.93158,06:50:00,2024-10-16
202400012985,11:20,Plein jour,64,64445,2,1,2,6.0,RONSARD,43.31866,-0.35981,11:20:00,2024-05-30
202400012986,21:00,Plein jour,64,64122,2,1,1,6.0,DE LATTRE DE TASSIGNY MAL (AV),43.48026,-1.53941,21:00:00,2024-05-30
202400012987,07:30,Plein jour,64,64102,2,1,2,7.0,ARITXAGUE (BD D'),43.47907,-1.49233,07:30:00,2024-05-30
202400012988,12:30,Plein jour,45,45004,2,6,2,2.0,Rue de l'Europe,47.97798,2.72925,12:30:00,2024-10-15
202400012989,18:25,Plein jour,63,63300,2,1,2,6.0,LIBERATION (AVENUE DE LA),45.88798,3.11395,18:25:00,2024-05-30
202400012990,12:30,Plein jour,38,38151,2,1,2,2.0,COURS JEAN JAURÈS,45.14689474,5.70502236,12:30:00,2024-10-16
202400012991,08:55,Plein jour,38,38151,1,9,2,3.0,RN87,45.15177064,5.72130277,08:55:00,2024-10-16
202400012992,16:00,Plein jour,61,61001,2,3,1,4.0,D438,48.41781,0.08953,16:00:00,2024-05-30
202400012993,08:15,Plein jour,35,35238,2,1,1,3.0,TOUR D'AUVERGNE (BD DE LA),48.10425981,-1.68434411,08:15:00,2024-10-16
202400012994,07:14,Plein jour,59,59650,2,2,1,6.0,Boulevard Pierre Mauroy,50.7112195,3.20675039,07:14:00,2024-05-30
202400012995,19:30,,34,34301,2,3,8,3.0,CLERVILLE CHEVALIER DE (BOULEVARD),43.4074,3.68066,19:30:00,2024-10-15
202400012996,21:45,,34,34172,2,9,2,3.0,JUSTICE DE CASTELNAU (AVENUE DE LA),43.62613,3.87723,21:45:00,2024-10-16
202400012997,08:15,Plein jour,34,34172,2,1,2,4.0,LODEVE (ROUTE DE),43.61557,3.81886,08:15:00,2024-10-16
202400012998,20:35,,33,33063,2,1,1,6.0,Unknown,44.8612,-0.55474,20:35:00,2024-10-16
202400012999,07:55,Crépuscule,33,33281,2,2,1,6.0,Unknown,44.8543,-0.65772,07:55:00,2024-10-16
202400013000,16:15,Plein jour,32,32013,2,3,1,3.0,PIERRE DE MONTESQUIOU (AVENUE),43.63381,0.58834,16:15:00,2024-10-16
202400013001,17:45,Plein jour,27,27229,2,1,1,6.0,JAURES (RUE JEAN),49.02016,1.15182,17:45:00,2024-10-16
202400013002,11:10,Plein jour,27,27229,2,9,1,2.0,VAL ITON (RUE DU),49.03243,1.14111,11:10:00,2024-10-16
202400013003,01:10,Nuit sans éclairage,27,27299,1,1,1,6.0,RN 154,49.048862,1.180549,01:10:00,2024-10-16
202400013004,11:00,Plein jour,25,25204,1,1,1,3.0,Grande rue,46.9248,6.33876,11:00:00,2024-10-16
202400013005,20:25,Crépuscule,19,19031,2,3,2,2.0,COMTE (RUE ERNEST),45.155625,1.480408,20:25:00,2024-10-16
202400013006,16:55,Plein jour,14,14181,2,3,1,3.0,1 Rue des Étercelets,49.15878357,-0.33795297,16:55:00,2024-10-14
202400013007,00:10,,13,13208,2,3,2,3.0,PARADIS (RUE),43.27395,5.38504,00:10:00,2024-10-16
202400013008,16:25,Plein jour,11,11069,2,1,1,3.0,120 Av du Pdt Franklin Roosevelt,43.22323,2.33598,16:25:00,2024-10-15
202400013009,06:55,,07,07281,2,1,2,3.0,AVENUE DU 8 MAI,44.94601,4.84886,06:55:00,2024-10-16
202400013010,09:10,Plein jour,04,04070,2,3,2,3.0,ST BENOIT (AV.),44.10268,6.22961,09:10:00,2024-10-16
202400013011,23:15,,03,03185,2,1,1,6.0,Avenue John Fitzgerald Kennedy,46.3263,2.6088,23:15:00,2024-10-15
202400013012,07:15,Nuit sans éclairage,75,75112,2,1,1,3.0,BD PERIPHERIQUE INTERIEUR,48.827765,2.393486,07:15:00,2024-10-16
202400013013,04:35,,75,75116,2,1,1,2.0,BD PERIPHERIQUE EXTERIEUR,48.841427,2.254148,04:35:00,2024-10-16
202400013014,07:04,,75,75106,2,3,1,1.0,RUE DE VAUGIRARD,48.849187,2.338428,07:04:00,2024-10-15
202400013015,12:46,Plein jour,75,75119,2,2,1,6.0,BOULEVARD DE LA COMMANDERIE,48.901677,2.385472,12:46:00,2024-10-16
202400013016,12:55,Plein jour,75,75119,2,1,1,6.0,RUE DE L OURCQ,48.891519,2.38065,12:55:00,2024-10-16
202400013017,12:55,Plein jour,75,75119,2,2,1,3.0,RUE CURIAL,48.893794,2.373328,12:55:00,2024-10-16
202400013018,08:20,Plein jour,75,75119,2,1,1,6.0,RUE COMPANS,48.878819,2.392592,08:20:00,2024-10-16
202400013019,13:10,Plein jour,75,75118,2,2,1,6.0,BOULEVARD BARBES,48.891565,2.349606,13:10:00,2024-10-16
202400013020,15:55,Plein jour,75,75115,2,1,1,6.0,RUE LEBLANC,48.839718,2.273818,15:55:00,2024-10-16
202400013021,12:05,Plein jour,75,75114,2,3,1,3.0,RUE DE RIDDER,48.832094,2.310473,12:05:00,2024-10-16
202400013022,17:55,Plein jour,75,75112,2,2,1,3.0,RUE DE CHARENTON,48.837378,2.391825,17:55:00,2024-10-15
202400013023,08:51,Plein jour,75,75110,2,2,1,6.0,BOULEVARD DE MAGENTA,48.873829,2.358316,08:51:00,2024-10-16
202400013024,09:20,Plein jour,75,75110,2,3,1,6.0,BOULEVARD DE LA VILLETTE,48.875279,2.373166,09:20:00,2024-10-16
202400013025,08:18,Plein jour,75,75110,2,4,1,2.0,BOULEVARD DE MAGENTA,48.873289,2.358747,08:18:00,2024-10-16
202400013026,21:10,,75,75108,2,3,2,3.0,Rue Saint-Lazare,48.875353,2.324985,21:10:00,2024-10-16
202400013027,18:30,Crépuscule,94,94068,2,1,8,1.0,Rue Chevalier,48.78994456,2.50409069,18:30:00,2024-10-15
202400013028,20:35,,94,94016,2,3,1,3.0,Avenue Cousin de Méricourt,48.79922,2.33297,20:35:00,2024-10-16
202400013029,18:19,Plein jour,94,94011,2,1,1,4.0,Route de la Pompadour,48.76515,2.47929,18:19:00,2024-10-16
202400013030,18:40,Plein jour,94,94073,2,3,1,3.0,Av du Mal de Lattre de Tassigny,48.75575167,2.40481308,18:40:00,2024-10-14
202400013031,16:30,Plein jour,94,94017,2,2,1,1.0,Avenue Marx Dormoy,48.80630607,2.53005803,16:30:00,2024-10-16
202400013032,18:20,Plein jour,93,93073,2,1,1,3.0,RESISTANCE (RUE DE LA),48.95258,2.56346,18:20:00,2024-10-16
202400013033,11:50,Plein jour,93,93051,2,1,1,1.0,GEORGES CLEMENCEAU (AVENUE),48.84503374,2.55624,11:50:00,2024-10-16
202400013034,07:35,Crépuscule,93,93051,2,1,1,6.0,NEUILLY (ROUTE),48.84887084,2.53790455,07:35:00,2024-10-16
202400013035,09:00,Plein jour,93,93045,2,2,1,6.0,BRUYERES RUE DES,48.87897899,2.41301179,09:00:00,2024-10-16
202400013036,15:58,Plein jour,93,93057,2,2,1,3.0,ROME (AV.),48.915299,2.500049,15:58:00,2024-10-16
202400013037,18:36,Plein jour,93,93001,2,1,1,3.0,HAIE COQ (RUE DE LA ) => 91/92,48.90750695,2.37294144,18:36:00,2024-10-15
202400013038,08:20,Plein jour,92,92051,2,1,1,6.0,"JEAN MERMOZ (BOULEVARD, N° 5 A 15)",48.8858077,2.26916447,08:20:00,2024-10-16
202400013039,13:45,Plein jour,92,92044,2,1,1,6.0,VILLIERS(RUE DE)  88A140,48.89612585,2.27339633,13:45:00,2024-10-16
202400013040,14:45,Plein jour,92,92040,2,2,1,6.0,GOUVERNEUR GAL EBOUE DU 09 AU 65 BIS,48.82524112,2.26777643,14:45:00,2024-10-16
202400013041,15:30,Plein jour,92,92026,2,1,1,2.0,VERDUN (DE 62 A FIN),48.90113294,2.26003647,15:30:00,2024-10-16
202400013042,09:58,Plein jour,92,92007,2,6,1,2.0,FORTIN (AVENUE JEAN-BAPTISTE),48.79695918,2.29941487,09:58:00,2024-10-16
202400013043,14:15,Plein jour,80,80213,2,4,7,3.0,Rue de Dommartin,49.804944,2.383969,14:15:00,2024-10-16
202400013044,07:45,,65,65362,2,3,2,1.0,15 Avenue Jean Moulin,42.964258,-0.074254,07:45:00,2024-10-17
202400013045,18:40,Crépuscule,65,65344,1,1,1,2.0,D936,43.192161,-0.015557,18:40:00,2024-10-16
202400013046,09:00,Plein jour,32,32254,1,2,2,3.0,N21,43.540266,0.454624,09:00:00,2024-10-17
202400013047,14:30,Plein jour,63,63262,1,1,1,2.0,D 978,45.70038482,3.16055417,14:30:00,2024-10-16
202400013048,18:35,Nuit sans éclairage,49,49329,1,1,2,7.0,D106,47.378737,-0.65315,18:35:00,2024-10-16
202400013049,17:55,Plein jour,46,46132,1,3,1,1.0,lieu dit Vernique,44.745617,1.801988,17:55:00,2024-10-16
202400013050,15:17,Plein jour,68,68062,1,3,1,3.0,D419,47.628599,7.221574,15:17:00,2024-10-16
202400013051,20:50,Nuit sans éclairage,25,25157,1,1,2,6.0,D67b,46.87492,6.400223,20:50:00,2024-10-16
202400013052,22:50,Nuit sans éclairage,31,31136,1,6,1,6.0,Avenue de Villemur,43.751317,1.432916,22:50:00,2024-10-16
202400013053,16:10,Plein jour,03,03168,1,1,1,7.0,Lieu-dit Jovinière,46.608111,2.660102,16:10:00,2024-10-16
202400013054,07:45,Crépuscule,01,01265,2,1,3,2.0,88 Avenue de Bresse,46.173943,5.566426,07:45:00,2024-10-17
202400013055,13:30,Plein jour,06,06059,1,1,1,6.0,Avenue de Verdun,43.729701,7.35805,13:30:00,2024-10-17
202400013056,10:50,Plein jour,06,06059,1,1,1,6.0,904 Avenue Raymond Poincaré,43.720518,7.36853,10:50:00,2024-10-17
202400013057,01:30,Nuit sans éclairage,10,10148,1,1,2,6.0,18 Rue des Borderets,48.4618,3.5882,01:30:00,2024-10-17
202400013058,15:00,Plein jour,10,10437,2,1,2,1.0,Rue Roger Dossot,48.140263,4.302191,15:00:00,2024-10-17
202400013059,11:43,Plein jour,16,16253,1,1,2,6.0,Tourteron,46.041773,0.015763,11:43:00,2024-10-17
202400013060,07:50,Crépuscule,40,40273,2,1,3,6.0,D817,43.526767,-1.393767,07:50:00,2024-10-17
202400013061,06:30,Nuit sans éclairage,04,04157,1,1,2,1.0,D8,43.894259,6.071963,06:30:00,2024-10-17
202400013062,14:20,Plein jour,87,87082,1,1,1,1.0,Route de la Vallade,45.598114,1.094261,14:20:00,2024-10-15
202400013063,12:50,Plein jour,87,87037,1,1,2,6.0,lartimache,45.652681,0.829178,12:50:00,2024-10-17
202400013064,16:40,Plein jour,37,37177,1,1,2,6.0,La Rousseliere,47.18419825,1.2722071,16:40:00,2024-10-16
202400013065,17:20,Plein jour,24,24293,1,9,1,1.0,Route de la Lénotte,44.785071,1.005045,17:20:00,2024-10-14
202400013066,16:36,Plein jour,01,01451,1,1,1,6.0,"PK142+800, A39",46.264578,5.242485,16:36:00,2024-10-16
202400013067,16:35,Plein jour,987,98715,1,9,1,3.0,Teroma,-17.576629,-149.599306,16:35:00,2024-10-16
202400013068,00:01,,974,97418,2,1,1,6.0,134 Rue Jean XXIII,-20.949517,55.516818,00:01:00,2024-10-17
202400013069,16:00,Plein jour,45,45335,1,3,1,3.0,D921 PR 64 + 171,47.805589,2.088926,16:00:00,2024-10-16
202400013070,07:20,,2B,2B168,2,1,1,6.0,Monticello,42.631038,8.952463,07:20:00,2024-10-16
202400013071,08:40,Plein jour,34,34213,1,3,1,3.0,D2e5,43.471071,3.681192,08:40:00,2024-10-16
202400013072,22:00,Nuit sans éclairage,69,69163,2,1,2,6.0,Chemin de la Halte,45.905968,4.780625,22:00:00,2024-10-13
202400013073,16:47,Plein jour,31,31263,2,1,8,2.0,Route de la Fontanasse,43.414938,1.396025,16:47:00,2024-10-14
202400013074,18:50,Plein jour,40,40257,1,1,2,6.0,route départementale 87,44.240065,-1.207337,18:50:00,2024-10-16
202400013075,08:00,Crépuscule,22,22162,2,6,1,3.0,Rue Bécot,48.778457,-3.057042,08:00:00,2024-10-17
202400013076,17:00,Plein jour,22,22162,2,2,2,3.0,Rue Guillaume Thos,48.78237,-3.05163,17:00:00,2024-10-16
202400013077,13:00,Plein jour,27,27136,1,1,2,6.0,D70,49.003952,1.443243,13:00:00,2024-10-17
202400013078,10:25,Plein jour,60,60042,1,2,1,3.0,Allee des Fresnes,49.33734469,2.45492671,10:25:00,2024-10-16
202400013079,10:40,Plein jour,69,69277,1,1,1,2.0,Rocade Est,45.72878,4.97727,10:40:00,2024-10-13
202400013080,07:00,Crépuscule,33,33063,1,1,1,2.0,Unknown,44.883749,-0.556952,07:00:00,2024-10-16
202400013081,18:50,Nuit sans éclairage,91,91228,1,1,1,3.0,RN 104,48.62648,2.41504,18:50:00,2024-10-16
202400013082,17:10,Plein jour,91,91174,1,1,1,3.0,RN 104,48.62308,2.46639,17:10:00,2024-10-16
202400013083,10:35,Plein jour,91,91174,1,1,1,3.0,RN 104,48.61045039,2.44425416,10:35:00,2024-10-16
202400013084,18:20,Plein jour,75,75116,1,1,1,3.0,A13Y,48.84821542,2.24778235,18:20:00,2024-10-15
202400013085,20:16,Nuit sans éclairage,78,78640,1,1,1,4.0,N118,48.784195,2.223028,20:16:00,2024-10-15
202400013086,10:45,Plein jour,78,78646,1,1,1,6.0,RN12 INT,48.78501,2.1555,10:45:00,2024-10-15
202400013087,09:50,Plein jour,92,92036,1,1,1,3.0,A86,48.93459097,2.26845903,09:50:00,2024-10-15
202400013088,09:00,Plein jour,78,78140,1,1,1,3.0,A13,48.960934,1.930043,09:00:00,2024-10-15
202400013089,08:05,Plein jour,92,92050,1,1,1,3.0,A14,48.89493716,2.22826373,08:05:00,2024-10-15
202400013090,04:00,Nuit sans éclairage,95,95018,1,1,1,6.0,A15,48.96295185,2.26532238,04:00:00,2024-10-15
202400013091,13:00,Plein jour,93,93039,2,3,1,3.0,Avenue du Pont d’Épinay / Quai de la Marine,48.95054,2.30681,13:00:00,2024-04-25
202400013092,21:00,Plein jour,93,93066,2,3,2,3.0,Boulevard Marcel Sembat / Boulevard Marcel Sembat,48.929914,2.355873,21:00:00,2024-05-31
202400013093,09:50,Plein jour,93,93066,2,1,8,1.0,Rue Henri Delaunay,48.92613,2.36125,09:50:00,2024-05-31
202400013094,07:30,Plein jour,93,93066,2,1,2,3.0,Chemin du Fort de la Briche,48.945072,2.341541,07:30:00,2024-05-31
202400013095,05:41,Crépuscule,93,93066,2,1,1,1.0,Rue Ambroise Croizat,48.932433,2.348833,05:41:00,2024-05-31
202400013096,22:16,Nuit avec éclairage,93,93066,2,9,2,6.0,Place Jean Poulmarc'h / Boulevard de la Libération,48.933034,2.342454,22:16:00,2024-05-30
202400013097,07:45,Plein jour,93,93066,2,1,8,5.0,Avenue des Arts et Métiers,48.91483,2.36175,07:45:00,2024-05-27
202400013098,17:05,Plein jour,93,93066,2,3,1,3.0,Rue Henri Delaunay / Avenue Jules Rimet,48.926177,2.362408,17:05:00,2024-05-25
202400013099,17:15,Plein jour,93,93066,2,1,1,3.0,BRICHE NR 2 A 38,48.94605,2.34303,17:15:00,2024-05-24
202400013100,18:38,Plein jour,93,93066,2,2,1,6.0,Place de la Résistance / Rue Gabriel Péri,48.93253097,2.35545722,18:38:00,2024-05-18
202400013101,16:50,Plein jour,93,93066,2,1,1,3.0,Rue Ambroise Croizat,48.93310558,2.34825611,16:50:00,2024-05-18
202400013102,09:30,Plein jour,93,93066,1,9,1,4.0,STADE DE FRANCE (AVENUE DU),48.92162039,2.36151695,09:30:00,2024-05-17
202400013103,12:00,Plein jour,93,93066,2,2,2,3.0,Cours du Rû de Montfort / Avenue Leroy des Barres,48.928466,2.368839,12:00:00,2024-05-14
202400013104,16:30,Plein jour,93,93008,2,6,1,2.0,Avenue Jean Jaures / Avenue du Président Salvador Allende,48.90018199,2.44131982,16:30:00,2024-03-28
202400013105,18:00,Crépuscule,93,93008,2,6,1,3.0,Avenue Paul Vaillant Couturier / Avenue Louis Aragon,48.91264,2.43688,18:00:00,2024-01-28
202400013106,19:35,Plein jour,91,91691,2,6,1,3.0,MARECHAL JUINI(RUE),48.71061,2.48829,19:35:00,2024-08-06
202400013107,15:00,Plein jour,987,98736,2,1,1,6.0,ANTHONY BAMBRIDGE (RUE),-17.53932,-149.5449,15:00:00,2024-10-14
202400013108,11:41,Plein jour,987,98735,1,2,1,3.0,C U SACREE,-17.5352,-149.5556,11:41:00,2024-10-14
202400013109,08:10,Plein jour,976,97611,2,9,1,2.0,m'tsapere-Nationale 2 (route),-12.79226,45.22091,08:10:00,2024-10-15
202400013110,07:50,Plein jour,973,97302,2,3,1,3.0,MONTABO (ROUTE DE) 2,4.93777,-52.29867,07:50:00,2024-10-15
202400013111,11:48,Plein jour,973,97302,2,6,1,3.0,CHARLERY (GUSTAVE),4.93932,-52.3183,11:48:00,2024-10-14
202400013112,12:10,Plein jour,69,69388,2,2,1,3.0,Rue Rochambeau,45.73109,4.86844,12:10:00,2024-10-15
202400013113,08:40,Plein jour,69,69383,2,1,8,1.0,Quai Victor Augagneur,45.76244,4.84129,08:40:00,2024-10-15
202400013114,16:00,Plein jour,972,97209,2,9,1,1.0,SALVADOR ALLENDE (AVENUE),14.61036,-61.048126,16:00:00,2024-10-15
202400013115,15:35,Plein jour,972,97209,2,3,1,3.0,LIBERTE (RUE DE LA),14.60308,-61.06866,15:35:00,2024-10-15
202400013116,23:00,,972,97209,1,1,1,1.0,AUTOROUTE (A1),14.61747,-61.04083,23:00:00,2024-10-10
202400013117,18:40,Crépuscule,69,69149,1,6,1,3.0,Route Départementale 15,45.69347,4.82782,18:40:00,2024-10-15
202400013118,15:35,Plein jour,2B,2B033,2,1,1,6.0,VEZZANI - RUE CESAR,42.6922,9.44991,15:35:00,2024-10-15
202400013119,05:30,Crépuscule,971,97101,1,1,1,2.0,RN1-  HAUTEUR DE SORTIE LAURICISQUE,16.25305,-61.54578,05:30:00,2024-10-13
202400013120,12:10,Plein jour,2A,2A004,2,1,1,2.0,SEBASTIANU COSTA BD,41.94157397,8.74776453,12:10:00,2024-10-15
202400013121,17:30,Plein jour,95,95268,2,1,1,3.0,D84A,48.95867534,2.41102932,17:30:00,2024-10-15
202400013122,18:00,Plein jour,91,91687,2,1,1,6.0,JEAN CHARCOT (AVENUE),48.65841,2.36642,18:00:00,2024-10-15
202400013123,13:15,Plein jour,91,91479,2,2,1,3.0,AV G PERI,48.70724,2.36151,13:15:00,2024-10-15
202400013124,13:01,Plein jour,87,87085,2,1,1,7.0,PORT DU NAVEIX (RUE DU),45.83759,1.28285,13:01:00,2024-10-12
202400013125,07:00,,85,85191,2,1,3,6.0,Boulevard louis blanc,46.6745,-1.4351,07:00:00,2024-10-15
202400013126,15:30,Plein jour,84,84035,2,1,2,6.0,MERIMEE (AVENUE PROSPER),43.851224,5.033296,15:30:00,2024-10-14
202400013127,17:10,Plein jour,84,84007,2,1,1,5.0,EUROPE (PONT DE L'),43.943894,4.796227,17:10:00,2024-10-15
202400013128,08:00,Plein jour,83,83069,1,3,1,3.0,SALINS ( ROUTE DES VIEUX),43.12447,6.1888,08:00:00,2024-10-14
202400013129,11:50,Plein jour,78,78029,2,1,1,1.0,CD 113,48.95986,1.84256,11:50:00,2024-10-15
202400013130,12:45,Plein jour,72,72181,2,9,1,6.0,FAROUX CHARLES (RUE) N° PAIRS,47.97185,0.21852,12:45:00,2024-10-14
202400013131,08:40,Plein jour,71,71499,2,1,2,3.0,CARNOT (RUE),46.64869,4.28701,08:40:00,2024-10-15
202400013132,08:50,Plein jour,71,71270,1,1,2,3.0,Route Départementale 906,46.3533,4.8471,08:50:00,2024-10-15
202400013133,14:30,Plein jour,69,69266,2,3,1,3.0,Route de Genas,45.74937,4.91388,14:30:00,2024-10-15
202400013134,06:20,,69,69259,2,1,2,2.0,Boulevard de Jodino,45.69578477,4.88779502,06:20:00,2024-10-14
202400013135,01:58,,69,69259,2,1,1,6.0,Boulevard Irène Joliot Curie,45.71071121,4.88264546,01:58:00,2024-10-14
202400013136,17:30,Plein jour,71,71153,2,2,1,3.0,REPUBLIQUE (AVENUE DE LA),46.79697,4.4482,17:30:00,2024-03-13
202400013137,20:50,,67,67482,2,3,1,3.0,RHIN (AVENUE DU),48.56935,7.77812,20:50:00,2024-10-15
202400013138,19:10,,69,69286,2,3,2,3.0,17 Avenue de l'Europe,45.81477027,4.89512667,19:10:00,2024-03-15
202400013139,13:55,Plein jour,69,69115,2,1,2,6.0,Route de Riottier,45.97828967,4.73713832,13:55:00,2024-03-15
202400013140,17:02,Plein jour,63,63300,2,2,1,3.0,RD2029/RD83/Bd Clémentel faubourg Bardon,45.89094,3.110318,17:02:00,2024-10-15
202400013141,20:20,,69,69259,2,2,1,1.0,Avenue Pierre Sémard,45.70614,4.87793,20:20:00,2024-03-14
202400013142,20:00,,63,63113,2,2,1,3.0,Bonnabaud / Eugène Gilbert,45.77372,3.08003,20:00:00,2024-10-15
202400013143,12:00,Plein jour,69,69259,2,8,1,6.0,28 Avenue Jean Cagne,45.69572,4.87222,12:00:00,2024-03-14
202400013144,09:35,Plein jour,63,63113,2,1,1,3.0,THEVENOT (RUE THIBAUD),45.78818772,3.08992624,09:35:00,2024-10-15
202400013145,10:20,Plein jour,68,68066,2,1,1,3.0,Avenue d'Alsace,48.06946,7.3651,10:20:00,2024-03-13
202400013146,08:55,Plein jour,64,64132,2,1,1,3.0,ALBERT 1ER,43.28272,-0.34072,08:55:00,2024-03-15
202400013147,08:54,Plein jour,63,63032,2,3,1,4.0,HOTEL DE VILLE (RUE DE L'),45.75348,3.0866,08:54:00,2024-10-15
202400013148,23:40,,64,64122,2,1,1,7.0,ELISABETH II (ESPLANADE),43.49348,-1.55344,23:40:00,2024-03-15
202400013149,21:15,,62,62193,2,6,1,7.0,Avenue Pierre de Coubertin,50.95211,1.83295,21:15:00,2024-10-13
202400013150,17:20,Plein jour,63,63300,2,3,1,3.0,av de Chatel-Guyon / allée des Tilleuls,45.89520414,3.10887605,17:20:00,2024-03-14
202400013151,16:40,Plein jour,59,59033,2,6,1,6.0,PARMENTIER (RUE),50.2027,3.83584,16:40:00,2024-10-15
202400013152,09:20,Crépuscule,59,59043,2,1,5,3.0,LILLE (ROUTE DE),50.71959,2.80488,09:20:00,2024-10-15
202400013153,20:46,,63,63113,2,9,1,3.0,Rue André Moinier / rue St-Herem,45.78038,3.08377,20:46:00,2024-03-15
202400013154,07:35,,56,56260,2,9,1,3.0,Rue de Bilaire,47.66998,-2.74529,07:35:00,2024-10-15
202400013155,18:30,Crépuscule,63,63113,2,1,1,3.0,CLOS NOTRE DAME (RUE DU),45.7824,3.07424,18:30:00,2024-03-15
202400013156,20:00,,56,56121,2,2,1,3.0,Rue de Belgique,47.76115,-3.38626,20:00:00,2024-10-14
202400013157,08:30,Plein jour,62,62330,2,1,1,2.0,D72,50.55001974,2.76112116,08:30:00,2024-03-06
202400013158,18:25,Plein jour,56,56121,2,1,1,6.0,Rue Jean Le Coutaller,47.74773,-3.36958,18:25:00,2024-10-14
202400013159,13:19,Plein jour,62,62753,2,1,2,1.0,D260,50.29394685,2.79087427,13:19:00,2024-03-15
202400013160,19:24,,54,54580,2,2,1,6.0,Rue du Marechal Foch,49.46902,5.92992,19:24:00,2024-10-15
202400013161,15:15,Plein jour,59,59122,2,1,1,6.0,PICARDIE (PLACE DE),50.17852,3.24404,15:15:00,2024-03-13
202400013162,19:50,,50,50129,2,3,1,3.0,DELAVILLE ( AVENUE),49.63569,-1.62333,19:50:00,2024-10-12
202400013163,17:00,Plein jour,58,58194,2,1,1,6.0,MARIENNES,46.995,3.15074,17:00:00,2024-03-13