Num_Acc,hrmn,lum,dep,com,agg,int,atm,col,adr,lat,long,heure,date
202400013164,16:45,Plein jour,58,58194,2,3,1,3.0,TREIZIEME DE LIGNE,46.99231,3.14581,16:45:00,2024-03-14
202400013165,13:43,Plein jour,56,56260,2,1,1,7.0,Boulevard des Îles,47.65254,-2.78538,13:43:00,2024-03-15
202400013166,13:10,Plein jour,56,56121,2,1,1,6.0,BELGIQUE (RUE  DE ),47.76169,-3.38839,13:10:00,2024-03-14
202400013167,19:05,,54,54395,2,2,1,3.0,Boulevard Albert 1er,48.69633,6.16727,19:05:00,2024-03-14
202400013168,08:30,Plein jour,54,54547,2,1,8,6.0,Avenue de la Forêt de Haye,48.65216,6.13717,08:30:00,2024-03-14
202400013169,15:40,Plein jour,51,51454,2,2,2,3.0,EPERNAY (AVENUE D') COTE PAIR,49.23193,4.01416,15:40:00,2024-03-15
202400013170,18:45,Plein jour,49,49007,2,1,1,3.0,GANDHI,47.46827,-0.52041,18:45:00,2024-03-12
202400013171,20:05,,44,44162,2,1,1,6.0,Boulevard Marcel Paul,47.22905,-1.63019,20:05:00,2024-03-12
202400013172,19:22,,38,38185,2,2,1,1.0,GAMBETTA (BOULEVARD),45.1912,5.72133,19:22:00,2024-03-15
202400013173,07:20,Plein jour,38,38185,2,3,1,3.0,EAUX CLAIRES (RUE DES),45.17777028,5.71015745,07:20:00,2024-03-15
202400013174,18:25,Plein jour,36,36202,2,1,1,3.0,Route de Niherne,46.80437381,1.62784701,18:25:00,2024-03-14
202400013175,18:00,Crépuscule,34,34172,2,1,1,6.0,JEANBRAU (AVENUE DU PROFESSEUR EMILE),43.63639,3.86429,18:00:00,2024-03-15
202400013176,09:30,Plein jour,34,34032,1,1,1,6.0,VOIE COMMUNALE NR.13,43.32785,3.17621,09:30:00,2024-03-15
202400013177,18:20,Plein jour,33,33281,2,1,1,6.0,Unknown,44.832481,-0.64551,18:20:00,2024-03-15
202400013178,16:57,Plein jour,31,31555,2,1,1,6.0,RUE JULES AMILHAU,43.58206053,1.41487867,16:57:00,2024-03-13
202400013179,08:42,Plein jour,27,27681,2,1,1,2.0,JAURES (BOULEVARD JAURES),49.095,1.467,08:42:00,2024-03-15
202400013180,16:45,Plein jour,27,27229,2,1,1,3.0,BOUIN (RUE JEAN),49.021548,1.127385,16:45:00,2024-03-14
202400013181,11:03,Plein jour,27,27229,2,1,1,7.0,NOBEL (RUE ALFRED),49.022178,1.184281,11:03:00,2024-03-14
202400013182,23:25,,22,22278,2,6,1,3.0,MONGE,48.50248,-2.73783,23:25:00,2024-03-15
202400013183,11:10,Plein jour,15,15014,2,1,1,6.0,Boulevard Jean Jaures,44.933377,2.450215,11:10:00,2024-03-14
202400013184,06:50,Crépuscule,15,15014,2,1,1,3.0,RN 122,44.91241,2.4395,06:50:00,2024-03-14
202400013185,18:35,Plein jour,14,14271,2,9,1,3.0,4 Rue Serge Rouzière,49.14832,-0.3763,18:35:00,2024-03-14
202400013186,09:00,Plein jour,14,14327,2,3,1,2.0,6 Avenue de Dubna,49.21398,-0.35249,09:00:00,2024-03-14
202400013187,14:54,Plein jour,14,14125,1,1,8,6.0,D7,49.23262,-0.3725,14:54:00,2024-02-11
202400013188,17:20,Plein jour,13,13063,2,9,1,3.0,NORD AVENUE DU,43.59915,5.00603,17:20:00,2024-03-15
202400013189,15:00,Plein jour,13,13028,2,6,1,3.0,ROVARCH (AVENUE PIERRE),43.19218,5.60446,15:00:00,2024-03-15
202400013190,12:45,Plein jour,13,13005,2,1,1,3.0,BON CIVET (CHEMIN DU),43.2782,5.55315,12:45:00,2024-03-15
202400013191,12:00,Plein jour,13,13005,2,3,1,3.0,DIX NEUF MARS 1962 (AVENUE DU),43.28816,5.57182,12:00:00,2024-03-12
202400013192,15:54,Plein jour,06,06088,2,2,1,6.0,Rue Verdi,43.69959,7.25927,15:54:00,2024-03-15
202400013193,18:50,Crépuscule,06,06069,2,1,1,6.0,89 Avenue Pierre Sémard,43.654966,6.927344,18:50:00,2024-03-15
202400013194,11:45,Plein jour,06,06027,2,3,1,6.0,Avenue Général Leclerc,43.6578,7.16408,11:45:00,2024-03-15
202400013195,07:50,Plein jour,06,06027,2,1,1,6.0,Rue du Chevalier Martin,43.66438,7.14998,07:50:00,2024-03-15
202400013196,01:30,Nuit sans éclairage,06,06004,1,1,1,6.0,1971 Route de Nice,43.61708,7.1293,01:30:00,2024-03-15
202400013197,20:10,,01,01053,2,1,8,7.0,LYON (AVENUE DE - N° PAIRS),46.19427,5.21416,20:10:00,2024-03-15
202400013198,18:20,Plein jour,75,75120,2,2,1,2.0,RUE DES AMANDIERS,48.867311,2.389019,18:20:00,2024-03-15
202400013199,15:28,Plein jour,75,75120,2,2,1,6.0,BOULEVARD DE BELLEVILLE,48.872117,2.377058,15:28:00,2024-03-15
202400013200,14:00,Plein jour,75,75119,2,1,1,3.0,AVENUE SIMON BOLIVAR,48.874187,2.383876,14:00:00,2024-03-15
202400013201,13:10,Plein jour,75,75118,2,1,8,6.0,RUE FIRMIN GEMIER,48.895119,2.330498,13:10:00,2024-03-15
202400013202,20:30,,75,75117,2,3,2,7.0,BOULEVARD GOUVION SAINT CYR,48.878186,2.284162,20:30:00,2024-03-15
202400013203,12:04,Plein jour,75,75115,2,2,1,6.0,RUE DE VAUGIRARD,48.838307,2.298476,12:04:00,2024-03-15
202400013204,10:35,Plein jour,75,75115,2,3,2,7.0,BOULEVARD VICTOR,48.834443,2.284041,10:35:00,2024-03-15
202400013205,10:00,Plein jour,75,75114,2,3,1,3.0,AVENUE DU GENERAL LECLERC,48.826872,2.326502,10:00:00,2024-03-15
202400013206,17:00,Plein jour,75,75114,2,2,1,6.0,BOULEVARD BRUNE,48.826189,2.3128,17:00:00,2024-03-14
202400013207,17:15,Plein jour,75,75113,2,2,1,6.0,BOULEVARD SAINT MARCEL,48.838456,2.35708,17:15:00,2024-03-15
202400013208,15:20,Plein jour,75,75112,2,1,1,6.0,AVENUE LEDRU ROLLIN,48.849078,2.373349,15:20:00,2024-03-14
202400013209,16:00,Plein jour,75,75111,2,2,1,6.0,RUE JEAN PIERRE TIMBAUD,48.868416,2.379566,16:00:00,2024-03-15
202400013210,12:00,Plein jour,75,75111,2,2,1,2.0,Boulevard de Belleville,48.87191795,2.37690389,12:00:00,2024-03-15
202400013211,00:20,,75,75109,2,2,1,4.0,BOULEVARD HAUSSMANN,48.872972,2.333267,00:20:00,2024-03-15
202400013212,05:02,,75,75108,2,2,1,6.0,AVENUE WINSTON CHURCHILL,48.864999,2.313697,05:02:00,2024-03-15
202400013213,21:00,,75,75101,2,3,2,6.0,RUE DE L AMIRAL DE COLIGNY,48.86037,2.340694,21:00:00,2024-03-15
202400013214,01:05,,75,75101,2,2,1,3.0,BOULEVARD DE SEBASTOPOL,48.863417,2.350951,01:05:00,2024-03-15
202400013215,13:50,Plein jour,94,94074,2,1,1,3.0,Rue Sacco et Vanzetti,48.73815373,2.46271983,13:50:00,2024-03-15
202400013216,00:10,,94,94074,2,3,1,1.0,Avenue Salvador Allende / Rue Alfred Kastler,48.75180908,2.45719045,00:10:00,2024-03-15
202400013217,17:35,Plein jour,54,54547,2,1,1,6.0,Rue de Lisbonne,48.66228,6.17093,17:35:00,2024-07-02
202400013218,17:16,Plein jour,49,49007,2,1,1,7.0,Boulevard du Bon Pasteur,47.4709,-0.57213,17:16:00,2024-07-01
202400013219,15:50,Plein jour,94,94065,2,4,1,2.0,N186B / Bretelle N186,48.75386,2.36522,15:50:00,2024-03-15
202400013220,09:55,Plein jour,45,45232,2,3,1,3.0,1991 Rue Marcel Belot,47.85094,1.90787,09:55:00,2024-07-03
202400013221,11:30,Plein jour,94,94033,2,1,8,2.0,Avenue de la République,48.85321,2.46894,11:30:00,2024-03-15
202400013222,09:25,Plein jour,41,41018,2,1,1,6.0,DUGAY-TROUIN (RUE)  N° IMPAIRS,47.59303,1.30019,09:25:00,2024-06-26
202400013223,08:45,Plein jour,94,94028,2,1,2,6.0,Avenue François Mitterrand,48.769551,2.464661,08:45:00,2024-03-13
202400013224,15:35,Plein jour,39,39198,2,3,1,3.0,Avenue Jean Jaures,47.093926,5.497779,15:35:00,2024-07-03
202400013225,15:10,Plein jour,94,94022,2,2,1,2.0,Avenue Léon Gourdault / Avenue Jean Jaurès,48.76426747,2.40577412,15:10:00,2024-03-15
202400013226,13:30,Plein jour,93,93073,2,2,1,3.0,Rue du Sonnet / Rue des Terres Noires,49.00247,2.53334,13:30:00,2024-03-14
202400013227,14:00,Plein jour,37,37261,2,6,1,3.0,DANEMARK (AVENUE DU),47.43214,0.69711,14:00:00,2024-07-03
202400013228,11:40,Plein jour,37,37214,2,9,1,6.0,DE GAULLE (BD CHARLES),47.42595,0.65499,11:40:00,2024-07-03
202400013229,07:00,Plein jour,93,93066,2,1,1,3.0,Rue Ambroise Croizat,48.938896,2.344958,07:00:00,2024-03-15
202400013230,18:00,Crépuscule,93,93053,2,3,1,3.0,Rue Anatole France / Avenue Hoche,48.8865,2.44732,18:00:00,2024-03-15
202400013231,18:30,Plein jour,36,36044,2,1,1,4.0,MONTAIGNE,46.79723423,1.70647502,18:30:00,2024-07-03
202400013232,07:45,Plein jour,93,93033,2,1,1,1.0,Avenue de Champs,48.85986,2.5808,07:45:00,2024-03-15
202400013233,22:15,,35,35238,2,3,1,1.0,MOTTE BRULON (DE LA),48.12933,-1.67407,22:15:00,2024-07-03
202400013234,19:10,,93,93046,2,3,1,1.0,Rue Eugène Massé / Rue Charles Hiver,48.924536,2.544844,19:10:00,2024-03-15
202400013235,19:20,Plein jour,35,35055,2,1,1,6.0,LOGES (RUE DES),48.08464,-1.62755,19:20:00,2024-07-03
202400013236,21:15,,93,93010,2,9,2,6.0,Route de Villemomble,48.88982158,2.4936258,21:15:00,2024-03-15
202400013237,16:43,Plein jour,34,34108,1,1,1,2.0,RD 612,43.46458,3.7667,16:43:00,2024-07-03
202400013238,19:10,Plein jour,34,34172,2,3,1,6.0,MARES (AVENUE HENRI),43.62004,3.85117,19:10:00,2024-07-03
202400013239,19:45,,93,93001,2,5,2,3.0,Boulevard Anatole France / Avenue du Président Roosevelt,48.91504389,2.38124728,19:45:00,2024-03-15
202400013240,01:40,Nuit avec éclairage,33,33063,2,1,1,6.0,Avenue de la République,44.83994,-0.60301,01:40:00,2024-07-04
202400013241,18:45,Crépuscule,92,92051,2,1,1,2.0,"CHEZY (RUE DE , N°14 A 100)",48.88897388,2.27248585,18:45:00,2024-03-15
202400013242,10:35,Plein jour,33,33550,2,3,1,1.0,Allée des Pins,44.76812,-0.58312,10:35:00,2024-07-03
202400013243,10:30,Plein jour,92,92050,2,1,1,3.0,SAINT CLOUD RUE DE,48.8833,2.20125,10:30:00,2024-03-15
202400013244,10:20,Plein jour,29,29232,2,4,1,3.0,Allée de Meilh Stang Vihan,48.01357,-4.10767,10:20:00,2024-06-29
202400013245,12:55,Plein jour,92,92035,2,7,3,2.0,Belgique ( Place de ),48.90671532,2.23851693,12:55:00,2024-03-15
202400013246,18:30,Plein jour,25,25056,2,1,1,6.0,DIJON RUE DE,47.223417,5.973104,18:30:00,2024-07-03
202400013247,10:20,Plein jour,34,34276,1,1,1,6.0,D26,43.761599,3.883463,10:20:00,2024-03-16
202400013248,15:20,Plein jour,17,17299,2,6,1,3.0,WILSON AVENUE,45.944593,-0.961582,15:20:00,2024-07-03
202400013249,18:10,Plein jour,31,31044,2,3,1,3.0,7 Rue Georges Bernanos,43.60472153,1.49535969,18:10:00,2024-03-12
202400013250,17:25,Plein jour,67,67202,2,6,1,3.0,Rue des 4 Vents,48.761789,7.564487,17:25:00,2024-03-16
202400013251,20:00,Plein jour,13,13117,2,1,1,1.0,MONNET (AVENUE JEAN),43.42219,5.28647,20:00:00,2024-07-03
202400013252,00:30,Nuit sans éclairage,974,97410,2,1,1,6.0,Chemin Grand Fond,-21.028305,55.686108,00:30:00,2024-03-15
202400013253,23:40,Nuit sans éclairage,13,13056,1,9,1,6.0,CD 49,43.34595,5.06174,23:40:00,2024-07-02
202400013254,13:50,Plein jour,83,83049,1,1,1,5.0,D43,43.24915009,6.07277009,13:50:00,2024-03-16
202400013255,23:45,Nuit sans éclairage,13,13216,2,4,1,1.0,CHASSAIGNON (IMPASSE),43.35358,5.3444,23:45:00,2024-07-03
202400013256,13:20,Plein jour,72,72231,2,1,2,3.0,Avenue Abel Tirand,47.937877,0.363927,13:20:00,2024-03-15
202400013257,15:19,Plein jour,13,13207,2,1,1,1.0,Corniche John Fitzgérald Kennedy,43.28084,5.3527,15:19:00,2024-07-02
202400013258,15:55,Plein jour,15,15259,1,1,1,6.0, A 75 ,45.110895,3.136272,15:55:00,2024-03-15
202400013259,12:40,Plein jour,11,11069,2,1,1,6.0,Unknown,43.23478,2.36694,12:40:00,2024-07-03
202400013260,04:45,Nuit sans éclairage,36,36026,1,1,8,2.0,Unknown,46.92964415,1.74599093,04:45:00,2024-03-16
202400013261,17:10,Plein jour,06,06069,2,1,1,1.0,115 Avenue Auguste Renoir,43.68173,6.960225,17:10:00,2024-07-03
202400013262,13:55,Plein jour,71,71023,1,2,1,3.0,Route de Cuisery,46.671335,4.977794,13:55:00,2024-03-16
202400013263,18:25,Plein jour,06,06069,2,3,1,1.0,104 Avenue Pierre Sémard,43.65615,6.928943,18:25:00,2024-07-03
202400013264,06:45,Crépuscule,80,80024,1,1,1,1.0,D191,49.92747,2.245905,06:45:00,2024-03-16
202400013265,07:00,Plein jour,06,06027,2,1,1,6.0,13 Avenue Auguste Renoir,43.6635,7.14986,07:00:00,2024-07-03
202400013266,01:00,Nuit sans éclairage,12,12243,2,3,1,6.0,Avenue de la Liberte,44.012058,2.964544,01:00:00,2024-03-16
202400013267,19:40,Plein jour,75,75120,2,1,1,3.0,PORTE DE BAGNOLET,48.867845,2.413241,19:40:00,2024-07-03
202400013268,08:25,Plein jour,75,75117,2,1,1,7.0,PORTE DE SAINT OUEN,48.899447,2.318284,08:25:00,2024-07-03
202400013269,15:50,Plein jour,39,39013,1,1,1,1.0,Unknown,46.891808,5.730578,15:50:00,2024-03-16
202400013270,10:46,Plein jour,75,75117,2,1,1,2.0,BOULEVARD PERIPHERIQUE INTERIEUR OUEST,48.89261,2.302462,10:46:00,2024-07-03
202400013271,17:00,Plein jour,31,31502,1,1,1,1.0,D5,43.194758,0.730054,17:00:00,2024-03-15
202400013272,00:15,,75,75106,2,5,1,2.0,PLACE DU QUEBEC,48.853764,2.333346,00:15:00,2024-07-03
202400013273,16:15,Plein jour,31,31104,1,2,1,7.0,D10,43.347535,1.248032,16:15:00,2024-03-15
202400013274,13:28,Plein jour,75,75117,2,2,1,3.0,PLACE GENERAL CATROUX,48.88264,2.31038,13:28:00,2024-07-03
202400013275,13:50,Plein jour,38,38516,2,2,1,3.0,Avenue de Verdun,45.200497,5.759129,13:50:00,2024-03-14
202400013276,23:30,,75,75117,2,2,1,7.0,RUE JACQUES IBERT,48.888021,2.288715,23:30:00,2024-07-01
202400013277,16:30,Plein jour,03,03107,1,1,1,6.0,Route du Mercurol,46.117633,3.064048,16:30:00,2024-03-15
202400013278,21:00,Nuit sans éclairage,15,15169,1,1,1,1.0,RD 22,45.342622,2.480692,21:00:00,2024-03-12
202400013279,20:50,Plein jour,75,75116,2,2,1,3.0,RUE DE LA POMPE,48.866552,2.280101,20:50:00,2024-07-02
202400013280,10:00,Plein jour,58,58024,1,1,1,7.0,D958,47.137381,3.606198,10:00:00,2024-03-16
202400013281,18:00,Plein jour,75,75113,2,2,1,6.0,BOULEVARD KELLERMANN,48.820987,2.350642,18:00:00,2024-07-03
202400013282,13:40,Plein jour,54,54045,1,3,1,3.0,RD1,48.568547,6.357361,13:40:00,2024-03-12
202400013283,11:00,Plein jour,75,75113,2,1,1,3.0,BOULEVARD DU GENERAL JEAN SIMON,48.825341,2.381069,11:00:00,2024-07-03
202400013284,17:45,Plein jour,72,72115,2,1,1,7.0,Rue de la Bouvaterie,47.663191,0.470363,17:45:00,2024-03-16
202400013285,16:30,Plein jour,07,07129,1,1,1,7.0,D533,44.985584,4.60042,16:30:00,2024-03-16
202400013286,13:00,Plein jour,75,75109,2,7,1,3.0,PLACE DE CLICHY,48.883393,2.327515,13:00:00,2024-07-03
202400013287,18:00,Plein jour,17,17403,1,1,1,7.0,Route d?Allas Bocage,45.419581,-0.462901,18:00:00,2024-03-15
202400013288,11:00,Plein jour,48,48092,2,1,1,6.0,Avenue Théophile Roussel,44.555169,3.291132,11:00:00,2024-03-16
202400013289,00:45,,94,94046,2,1,1,2.0,Rue Jean Jaurès,48.79732,2.43337,00:45:00,2024-07-03
202400013290,00:30,Nuit sans éclairage,08,08408,1,1,2,6.0,1 D88,49.87463955,4.64612063,00:30:00,2024-03-16
202400013291,17:20,Plein jour,94,94054,2,1,1,6.0,Allée des Violettes,48.74175,2.40159,17:20:00,2024-07-03
202400013292,02:30,Nuit sans éclairage,973,97307,1,1,2,1.0,RN 2 PK 8,4.843761,-52.337537,02:30:00,2024-03-16
202400013293,12:30,Plein jour,93,93072,2,1,1,3.0,Avenue de Stalingrad,48.95077838,2.38718826,12:30:00,2024-07-03
202400013294,13:40,Plein jour,13,13051,2,1,1,1.0,Route de Saint Jean,43.61473,5.134687,13:40:00,2024-03-16
202400013295,11:20,Plein jour,93,93064,2,9,1,1.0,GALOIS (RUE EVARISTE),48.863043,2.486959,11:20:00,2024-07-03
202400013296,01:03,Nuit sans éclairage,06,06088,1,1,1,6.0,autoroute A8,43.732034,7.278442,01:03:00,2024-03-16
202400013297,12:25,Plein jour,93,93051,2,1,1,3.0,MARECHAL FOCH (BOULEVARD),48.8458,2.52943,12:25:00,2024-07-03
202400013298,16:45,Plein jour,974,97417,2,3,1,1.0,Route Nationale 2,-21.357874,55.770437,16:45:00,2024-03-16
202400013299,00:20,,93,93010,2,1,1,3.0,Chemin du Pont,48.90843187,2.48982942,00:20:00,2024-07-03
202400013300,20:20,Plein jour,973,97306,1,1,1,7.0,CD 9 PK23,5.598424,-53.70631,20:20:00,2024-03-15
202400013301,09:00,Plein jour,92,92075,2,1,1,3.0,LYCEE (BOULEVARD DU),48.82348937,2.28345931,09:00:00,2024-07-03
202400013302,12:20,Plein jour,33,33199,2,1,1,3.0,Unknown,44.643052,-1.058893,12:20:00,2024-02-01
202400013303,20:10,Plein jour,92,92025,2,3,1,3.0,KLEBER (AV),48.93099577,2.24390137,20:10:00,2024-07-03
202400013304,09:30,Plein jour,92,92025,2,1,8,3.0,PRESIDENT SALVADOR ALLENDE (RUE DU),48.92218214,2.23552966,09:30:00,2024-07-02
202400013305,08:10,Plein jour,77,77317,2,1,1,5.0,16 avenue de la gare,48.603479,2.882021,08:10:00,2024-03-14
202400013306,18:45,Plein jour,92,92024,2,3,1,2.0,JEAN JAURES (BD) DE 47 A 109)   (56 A 14,48.90411591,2.3028903,18:45:00,2024-07-03
202400013307,16:10,Plein jour,21,21716,2,1,1,6.0,31 Rue du Vieux Château,47.174915,4.963436,16:10:00,2024-03-15
202400013308,19:49,Plein jour,92,92023,2,3,1,3.0,CECILE DINANT (RUE),48.81233867,2.26931494,19:49:00,2024-07-03
202400013309,10:10,Plein jour,10,10300,2,2,1,3.0,D148,48.4428,4.3572,10:10:00,2024-03-16
202400013310,00:01,,92,92012,2,1,1,3.0,AGUESSEAU (RUE D') 91/FIN - 84/FIN,48.83822294,2.2377423,00:01:00,2024-07-03
202400013311,01:35,,92,92014,2,3,1,3.0,GENERAL LECLERC (AV.) (1 A 55BIS - 2 A 4,48.78317297,2.31685889,01:35:00,2024-07-03
202400013312,19:35,Crépuscule,88,88348,1,2,1,3.0,D48,48.263927,6.664324,19:35:00,2024-02-28
202400013313,01:00,Nuit avec éclairage,974,97415,2,1,1,7.0,165 Chemin des Combavas,-20.990274,55.326429,01:00:00,2024-07-03
202400013314,12:00,Plein jour,81,81099,2,1,1,1.0,23 AVENUE JEAN ROSTAND,43.91667,1.907768,12:00:00,2024-03-16
202400013315,14:00,Plein jour,28,28012,1,1,1,2.0,D927,48.084093,1.125224,14:00:00,2024-07-04
202400013316,10:50,Plein jour,47,47157,2,3,1,6.0,Rue de la République,44.497508,0.165798,10:50:00,2024-03-16
202400013317,06:00,Crépuscule,974,97412,2,1,2,7.0,Chemin Francois Cordonin,-21.349207,55.604183,06:00:00,2024-07-04
202400013318,10:20,Plein jour,972,97222,1,1,3,6.0,D1,14.691428,-60.954294,10:20:00,2024-07-03
202400013319,14:45,Plein jour,76,76533,1,1,1,7.0,parc logistique du pont de normandie,49.470669,0.262985,14:45:00,2024-03-16
202400013320,11:55,Plein jour,83,83004,1,1,1,5.0,Dn7,43.44192873,6.45858675,11:55:00,2024-07-03
202400013321,17:15,Plein jour,12,12113,1,1,1,1.0,D38,44.250214,2.336783,17:15:00,2024-07-03
202400013322,16:50,Plein jour,91,91458,2,4,1,6.0,4 Rue du Bois-Clair,48.660809,2.242387,16:50:00,2024-07-04
202400013323,20:39,Nuit sans éclairage,974,97414,2,1,1,6.0,N1c,-21.282656,55.397047,20:39:00,2024-07-04
202400013324,14:00,Plein jour,50,50601,1,9,1,3.0,"A84, PR 217+900",48.980749,-0.948569,14:00:00,2024-07-04
202400013325,09:20,Plein jour,62,62181,1,1,1,7.0,Rue Principale,50.16311071,2.69577813,09:20:00,2024-07-04
202400013326,16:40,Plein jour,69,69100,2,1,1,7.0,Route de Brignais,45.672798,4.79624,16:40:00,2024-07-04
202400013327,13:15,Plein jour,51,51440,1,6,1,3.0,Route de Vouziers,49.300638,4.32658,13:15:00,2024-07-04
202400013328,01:40,Nuit sans éclairage,83,83137,1,1,1,6.0,A50,43.12647341,5.89419007,01:40:00,2024-03-15
202400013329,16:30,Plein jour,51,51282,2,4,1,2.0,Rue des Sablons,49.250494,3.907324,16:30:00,2024-07-03
202400013330,13:25,Plein jour,69,69012,1,1,2,7.0,296 Route de Chenelette,46.17391864,4.5450037,13:25:00,2024-07-03
202400013331,19:50,Crépuscule,33,33397,1,1,1,6.0,AUTOROUTE A 10,44.90541,-0.49215,19:50:00,2024-03-15
202400013332,19:40,Plein jour,63,63040,1,1,1,7.0,Chemin de la Gourguerie,45.721559,3.319008,19:40:00,2024-07-04
202400013333,18:00,Plein jour,42,42026,1,1,1,1.0,Route de Melay,46.19025115,4.07603592,18:00:00,2024-07-04
202400013334,11:00,Plein jour,34,34012,2,3,1,1.0,Chemin de Font Mejeanne,43.70038,3.682979,11:00:00,2024-07-01
202400013335,14:50,Plein jour,33,33063,1,1,1,6.0,Unknown,44.882682,-0.551695,14:50:00,2024-03-15
202400013336,18:25,Plein jour,39,39269,1,3,8,5.0,Unknown,46.362374,5.706939,18:25:00,2024-07-03
202400013337,23:30,Nuit sans éclairage,25,25278,1,1,1,6.0,D492 PR 48+100,47.222537,6.296437,23:30:00,2024-07-03
202400013338,09:00,Plein jour,33,33550,1,1,1,2.0,Unknown,44.7849,-0.54212,09:00:00,2024-03-14
202400013339,19:08,Plein jour,38,38473,1,2,1,3.0,Chemin de Viriville,45.355082,5.232078,19:08:00,2024-07-03
202400013340,17:30,Plein jour,01,01420,2,1,1,3.0,Avenue du Port,46.166642,4.793423,17:30:00,2024-06-30
202400013341,14:30,Plein jour,01,01093,1,1,1,1.0,Route de Saint Trivier,46.108964,4.941825,14:30:00,2024-07-04
202400013342,04:35,Nuit sans éclairage,78,78158,1,1,1,6.0,A13,48.84139,2.10646,04:35:00,2024-03-15
202400013343,15:10,Plein jour,01,01072,1,1,1,3.0,RD979,46.184234,5.305058,15:10:00,2024-06-29
202400013344,16:19,Plein jour,70,70075,1,1,1,7.0,D12,47.340697,5.699206,16:19:00,2024-07-04
202400013345,19:30,Nuit sans éclairage,92,92064,1,1,1,2.0,A13,48.83709107,2.18731042,19:30:00,2024-03-14
202400013346,13:35,Plein jour,66,66003,2,6,1,3.0,Avenue Beausoleil,42.481312,2.678191,13:35:00,2024-07-04
202400013347,17:30,Plein jour,06,06074,1,1,1,6.0,Route du Val de Lantousca,43.95809601,7.29930985,17:30:00,2024-07-01
202400013348,04:30,Nuit sans éclairage,06,06119,1,1,1,7.0,M2205 PK 67+360,44.327056,6.859524,04:30:00,2024-07-04
202400013349,19:15,Nuit sans éclairage,93,93005,1,1,3,3.0,A104,48.97262523,2.49400692,19:15:00,2024-03-15
202400013350,17:55,Plein jour,06,06032,1,1,1,7.0,12 Route Moyenne Corniche,43.727935,7.407769,17:55:00,2024-07-04
202400013351,11:45,Plein jour,06,06150,2,9,1,3.0,46 Route de Menton,43.750398,7.406286,11:45:00,2024-07-04
202400013352,13:00,Plein jour,93,93027,1,1,1,3.0,A1,48.93750528,2.41176005,13:00:00,2024-03-15
202400013353,17:15,Plein jour,14,14229,2,1,1,3.0,3 Rue Emile Nicol,49.231533,-0.047066,17:15:00,2024-07-03
202400013354,20:30,Nuit sans éclairage,95,95572,1,1,1,6.0,N184,49.04851178,2.13475699,20:30:00,2024-03-14
202400013355,21:45,Crépuscule,64,64453,2,1,1,7.0,38 Chemin de l?Aumette,43.179164,-0.10849,21:45:00,2024-07-03
202400013356,14:00,Plein jour,95,95582,1,1,1,3.0,A15,48.96616526,2.25770962,14:00:00,2024-03-14
202400013357,18:20,Plein jour,43,43221,1,1,1,3.0,Rd 589,44.98484083,3.71234963,18:20:00,2024-07-03
202400013358,08:50,Plein jour,93,93053,1,1,1,5.0,A3,48.88722551,2.47394088,08:50:00,2024-03-14
202400013359,16:45,Plein jour,16,16281,2,1,1,6.0,Unknown,45.73437,0.371754,16:45:00,2024-07-03
202400013360,07:49,Plein jour,85,85213,1,1,1,7.0,106 la greffelière,46.574902,-1.343694,07:49:00,2024-07-03
202400013361,18:00,Plein jour,93,93001,1,1,1,7.0,A86,48.92145,2.37534,18:00:00,2024-03-13
202400013362,14:34,Plein jour,988,98818,2,1,1,6.0,N°2 RUE DES GAIACS,-22.27274,166.45077,14:34:00,2024-03-14
202400013363,18:00,Plein jour,37,37266,2,1,1,6.0,D17,47.29108174,0.73466787,18:00:00,2024-07-02
202400013364,14:46,Plein jour,987,98735,2,7,1,3.0,REMPARTS (RUE BLOC KIKIRIRI),-17.534228,-149.567319,14:46:00,2024-03-13
202400013365,16:00,Plein jour,30,30100,2,1,1,3.0,route neuve,44.001239,4.202244,16:00:00,2024-07-03
202400013366,07:10,Plein jour,976,97611,2,1,1,3.0,passamanty-Vahibé ( route ),-12.801,45.208,07:10:00,2024-03-14
202400013367,05:20,Crépuscule,52,52212,1,9,1,3.0,Route de Saint-Urbain,48.40086263,5.15895188,05:20:00,2024-07-04
202400013368,03:45,,974,97411,2,9,2,3.0,DESBASSYNS (CHEMIN),-20.89097,55.48016,03:45:00,2024-03-15
202400013369,11:24,Plein jour,31,31588,2,3,1,3.0,Chemin de Cote Goubard,43.530876,1.369506,11:24:00,2024-07-04
202400013370,18:10,Plein jour,13,13044,1,1,1,2.0,N569,43.6202286,5.0150945,18:10:00,2024-07-03
202400013371,16:50,Plein jour,974,97411,2,1,1,4.0,JAURES (BLD 1 JEAN),-20.88966,55.45208,16:50:00,2024-03-14
202400013372,17:48,Crépuscule,973,97302,2,1,1,6.0,FELIX EBOUE(ROCADE),4.92953,-52.3152,17:48:00,2024-03-13
202400013373,19:38,Plein jour,66,66108,2,3,1,3.0,41 Avenue du 8 Mai 1945,42.693898,2.696709,19:38:00,2024-07-03
202400013374,15:05,Plein jour,973,97302,2,1,1,6.0,MOLE,4.93607727,-52.33240306,15:05:00,2024-03-13
202400013375,08:50,Plein jour,13,13065,1,1,7,2.0,D17,43.692685,4.918549,08:50:00,2024-07-04