Num_Acc,hrmn,lum,dep,com,agg,int,atm,col,adr,lat,long,heure,date
202400013376,13:00,Plein jour,973,97302,2,1,2,3.0,HOMAT(CITE),4.92682,-52.31935,13:00:00,2024-03-13
202400013377,07:50,Plein jour,987,98747,2,1,1,1.0,RT1 face magasin NATURELAND TARAVAO,-17.756,-148.736,07:50:00,2024-07-02
202400013378,13:30,Plein jour,69,69383,2,2,1,3.0,Rue Voltaire,45.75785,4.84879,13:30:00,2024-03-14
202400013379,11:30,Plein jour,974,97420,2,1,1,6.0,74 Avenue Pierre Mendès France,-20.904963,55.605599,11:30:00,2024-07-03
202400013380,09:40,Plein jour,69,69386,2,2,1,3.0,Rue Vauban,45.76625986,4.85944733,09:40:00,2024-03-08
202400013381,12:25,Plein jour,974,97408,1,1,1,2.0,N1,-20.909613,55.357039,12:25:00,2024-07-03
202400013382,08:06,Plein jour,2B,2B033,1,1,1,2.0,SAMPIERO CORSO - AV,42.67372,9.44384,08:06:00,2024-03-14
202400013383,18:15,Plein jour,971,97117,1,1,2,1.0,Rue Sainte Marguerite,16.376469,-61.413381,18:15:00,2024-07-03
202400013384,09:00,Plein jour,45,45198,1,1,1,1.0,D2152 PR 14 + 638,48.20453,2.288407,09:00:00,2024-07-04
202400013385,19:40,,95,95203,2,2,1,1.0,D928,48.99407959,2.27972093,19:40:00,2024-03-13
202400013386,12:10,Plein jour,91,91471,2,1,1,6.0,GUY MOQUET (RUE),48.70045,2.19227,12:10:00,2024-03-14
202400013387,15:00,Plein jour,77,77437,1,1,1,5.0,N330,49.026276,2.815847,15:00:00,2024-07-01
202400013388,23:50,,91,91589,2,1,2,6.0,BD ARISTIDE BRIAND,48.69069,2.3615,23:50:00,2024-03-14
202400013389,23:30,,2A,2A247,2,1,1,1.0,#82 Avenue de Bastia#,41.604163,9.27711,23:30:00,2024-07-03
202400013390,00:55,,91,91027,2,1,8,6.0,FRANCOIS MITTERRAND (AVENUE),48.71362,2.37123,00:55:00,2024-02-25
202400013391,11:40,Plein jour,30,30128,1,1,1,3.0,route de nimes,43.739065,4.343312,11:40:00,2024-07-04
202400013392,21:20,,91,91228,2,2,1,1.0,AV DE L ORME A MARTIN,48.63111,2.41523,21:20:00,2024-02-23
202400013393,17:50,Plein jour,11,11099,1,3,1,3.0,Unknown,43.25982483,2.39579137,17:50:00,2024-07-03
202400013394,16:40,Plein jour,84,84087,2,3,1,2.0,POURTOULES (COURS),44.135,4.811,16:40:00,2024-03-13
202400013395,00:55,,84,84007,2,6,1,6.0,AERODROME  (ROUTE DE L')-MONTFAVET,43.91594,4.88913,00:55:00,2024-03-14
202400013396,12:20,Plein jour,26,26124,1,1,1,3.0,A7 PK078.900 sens nord-sud,44.833721,4.861847,12:20:00,2024-07-04
202400013397,05:20,Nuit sans éclairage,84,84007,2,2,1,3.0,CHARLES DE GAULLE,43.92962,4.82095,05:20:00,2024-03-13
202400013398,16:40,Plein jour,83,83069,1,1,1,6.0,LOUBES (ROUTE DES),43.1134572,6.10164133,16:40:00,2024-03-14
202400013399,11:40,Plein jour,26,26362,1,1,1,2.0,A7 PK71.500 sens sud-nord,44.926777,4.880558,11:40:00,2024-07-04
202400013400,20:35,Nuit sans éclairage,78,78551,1,9,1,1.0,LOGES (AVENUE DES),48.94854,2.07401,20:35:00,2024-03-14
202400013401,05:20,Plein jour,21,21295,1,1,1,1.0,D931,47.230454,5.000914,05:20:00,2024-07-04
202400013402,18:00,Plein jour,77,77438,2,9,1,6.0,SAINT GERMAIN DES NOYERS  (AVENUE),48.85473,2.66664,18:00:00,2024-03-13
202400013403,07:35,Plein jour,55,55553,1,1,3,6.0,D958,48.78937698,5.632535,07:35:00,2024-07-04
202400013404,22:40,,38,38349,2,4,1,6.0,Route des Alpes,45.319519,4.769834,22:40:00,2024-07-03
202400013405,13:50,Plein jour,76,76351,2,3,1,6.0,ESTIENNE D'ORVES (D'),49.516007,0.097179,13:50:00,2024-03-14
202400013406,14:20,Plein jour,76,76351,2,2,1,3.0,PIERRE FARCIS,49.515432,0.105289,14:20:00,2024-03-13
202400013407,15:06,Plein jour,81,81283,2,2,1,3.0,Route de Lincarque,43.936133,1.953941,15:06:00,2024-07-03
202400013408,20:35,,76,76351,2,8,1,3.0,RAYMOND GUENOT,49.49342,0.10363,20:35:00,2024-03-13
202400013409,10:35,Plein jour,65,65059,2,1,1,3.0,Avenue Maquis de Payolle,43.058333,0.155311,10:35:00,2024-07-04
202400013410,17:30,Plein jour,69,69266,2,1,1,3.0,Cours Emile Zola,45.77043,4.87477,17:30:00,2024-03-14
202400013411,19:15,Plein jour,31,31478,1,2,8,1.0,route de revel,43.448884,1.916234,19:15:00,2024-07-01
202400013412,17:15,Plein jour,69,69290,2,1,1,7.0,Chemin de Saint Bonnet de Mure,45.68957,4.98279,17:15:00,2024-03-13
202400013413,15:00,Plein jour,16,16061,1,2,1,3.0,Unknown,45.7250768,0.25843083,15:00:00,2024-07-04
202400013414,15:30,Plein jour,69,69290,2,1,1,2.0,Autoroute 43 ,45.71963478,4.93390517,15:30:00,2024-03-13
202400013415,04:00,,29,29042,1,1,1,6.0,Tal ar Groas - Route de Crozon (Arrêt de bus),48.24816493,-4.41964801,04:00:00,2024-07-04
202400013416,16:20,Plein jour,67,67482,2,1,1,6.0,VIENNE (ROUTE DE),48.57303,7.75566,16:20:00,2024-03-14
202400013417,03:30,Nuit sans éclairage,35,35228,1,1,1,7.0,D266,48.58669169,-2.06926136,03:30:00,2024-07-04
202400013418,09:45,Plein jour,67,67043,1,1,1,3.0,TRIAGE (RUE DU),48.62025,7.7203,09:45:00,2024-03-14
202400013419,09:30,Plein jour,59,59025,2,6,1,3.0,Rue de Verdun,50.59419641,2.82858253,09:30:00,2024-06-26
202400013420,19:10,,67,67482,2,3,8,3.0,KOENIGSHOFFEN (RUE DE),48.58073,7.72774,19:10:00,2024-03-13
202400013421,08:55,Plein jour,13,13212,2,1,1,4.0,A507 sens Marseille - Aubagne,43.29737,5.42476,08:55:00,2024-07-03
202400013422,07:30,Plein jour,66,66136,1,1,1,4.0,Avenue de la SALANQUE,42.72763,2.9044,07:30:00,2024-03-14
202400013423,13:20,Plein jour,69,69007,1,9,1,6.0,Autoroute 7  ,45.50620909,4.84125726,13:20:00,2024-07-03
202400013424,18:40,Crépuscule,64,64102,2,1,7,6.0,SOULT (AVENUE MARECHAL),43.48583,-1.49106,18:40:00,2024-03-13
202400013425,15:15,Plein jour,78,78362,1,1,1,2.0,A13,48.973384,1.729487,15:15:00,2024-07-03
202400013426,20:20,Plein jour,92,92036,1,1,1,2.0,A86,48.93704302,2.29351401,20:20:00,2024-07-02
202400013427,17:30,Plein jour,64,64024,2,1,1,3.0,BARTHES (CHEMIN DES),43.49142,-1.49606,17:30:00,2024-03-13
202400013428,17:35,Plein jour,92,92025,1,1,1,3.0,A86,48.93367421,2.25327642,17:35:00,2024-07-01
202400013429,07:20,Plein jour,64,64140,2,3,1,1.0,DOUANE (QUAI DE LA),43.52248,-1.48994,07:20:00,2024-03-13
202400013430,16:30,Plein jour,93,93007,1,1,1,3.0,AUTOROUTE A3,48.93230265,2.48082971,16:30:00,2024-07-03
202400013431,13:55,Plein jour,63,63014,2,1,1,2.0,LANDAIS (AVENUE DES),45.76406,3.11277,13:55:00,2024-03-14
202400013432,07:00,Plein jour,95,95351,1,1,1,2.0,N104,49.038495,2.48439157,07:00:00,2024-07-03
202400013433,20:25,Plein jour,95,95252,1,1,1,3.0,A15,48.97788631,2.23221621,20:25:00,2024-07-02
202400013434,18:20,Plein jour,62,62186,2,3,1,1.0,D58,50.43936722,2.71912458,18:20:00,2024-03-14
202400013435,18:50,Plein jour,95,95582,1,1,1,2.0,A15,48.97011903,2.249862,18:50:00,2024-07-02
202400013436,09:15,Plein jour,59,59599,2,1,1,7.0,Rue de Roubaix,50.709647,3.167533,09:15:00,2024-03-14
202400013437,19:40,Plein jour,93,93066,1,1,1,2.0,AUTOROUTE A86,48.92651876,2.33646316,19:40:00,2024-07-02
202400013438,07:25,Plein jour,59,59220,2,2,1,6.0,Rue Anatole France,50.60601,3.06465,07:25:00,2024-03-14
202400013439,03:30,Nuit avec éclairage,94,94004,1,1,1,2.0,Avenue du Général Leclerc,48.74381089,2.51253033,03:30:00,2024-07-03
202400013440,14:15,Plein jour,91,91692,2,1,1,3.0,CANADA (AVENUE DU),48.687501,2.196691,14:15:00,2024-01-16
202400013441,15:00,Plein jour,56,56121,2,3,1,3.0,Boulevard de Normandie,47.75953,-3.36743,15:00:00,2024-03-13
202400013442,23:30,,54,54395,2,3,1,1.0,Rue des Tiercelins,48.69019,6.18759,23:30:00,2024-03-13
202400013443,07:45,Plein jour,14,14654,1,1,1,7.0,Route de Crèvecœur,49.047011,-0.014613,07:45:00,2024-03-29
202400013444,18:00,Crépuscule,54,54451,1,1,1,7.0,Rue de Boismont,49.507136,5.752529,18:00:00,2024-03-14
202400013445,22:00,Nuit sans éclairage,49,49099,2,1,1,7.0,TOURAINE (BOULEVARD DE),47.07168,-0.8547,22:00:00,2024-03-23
202400013446,20:00,,50,50129,2,3,1,3.0,ABBAYE (RUE DE L'),49.64335,-1.62882,20:00:00,2024-03-12
202400013447,19:15,,49,49267,2,1,1,6.0,CHENE VERT,47.47101,-0.51539,19:15:00,2024-03-12
202400013448,23:00,Nuit sans éclairage,49,49099,2,3,1,6.0,RICHARD (BOULEVARD GUSTAVE),47.06225,-0.8805,23:00:00,2024-02-24
202400013449,17:01,Plein jour,49,49007,2,1,1,3.0,PASTEUR AVENUE,47.472,-0.541,17:01:00,2024-03-12
202400013450,19:20,Plein jour,16,16271,2,1,1,1.0,Unknown,45.613,0.181,19:20:00,2024-04-20
202400013451,08:30,Plein jour,45,45285,2,1,1,6.0,90 Rue Croix Baudu,47.9214,1.88362,08:30:00,2024-03-14
202400013452,17:00,Plein jour,976,97611,2,1,1,6.0,mamoudzou centre-Haladi Selemani ( rue ),-12.77956,45.22752,17:00:00,2024-06-26
202400013453,22:00,,41,41226,2,2,1,3.0,Route de Paris,47.80653943,1.07209301,22:00:00,2024-03-14
202400013454,18:35,,974,97416,2,3,1,6.0,LEBLOND 1 (RUE MARIUS ET ARY),-21.33492,55.46408,18:35:00,2024-07-02
202400013455,19:50,,38,38151,2,6,1,1.0,AVENUE DE KIMBERLEY,45.14808,5.73466,19:50:00,2024-03-13
202400013456,09:40,Plein jour,974,97416,2,9,1,3.0,LEBLOND 1 (RUE MARIUS ET ARY),-21.33,55.47,09:40:00,2024-07-02
202400013457,19:50,,37,37261,2,7,1,6.0,HEURTELOUP (BOULEVARD),47.39053,0.69181,19:50:00,2024-03-13
202400013458,22:45,,974,97409,2,1,1,6.0,MASCAREIGNES (Avenue des),-20.94204,55.64733,22:45:00,2024-07-02
202400013459,09:35,Plein jour,37,37261,2,1,1,2.0,POMPIDOU (AVENUE GEORGES),47.38358,0.7111,09:35:00,2024-03-14
202400013460,18:50,Crépuscule,974,97407,2,1,1,6.0,MONPELLIER (RUE),-20.93851,55.29623,18:50:00,2024-07-02
202400013461,11:45,Plein jour,69,69387,2,1,1,3.0,Avenue Leclerc,45.74089,4.82747,11:45:00,2024-07-01
202400013462,09:30,Plein jour,35,35281,1,1,1,4.0,RD 177,48.06314,-1.71868,09:30:00,2024-03-13
202400013463,12:15,Plein jour,972,97209,1,1,3,2.0,RN9,14.6118,-61.04257,12:15:00,2024-07-01
202400013464,14:30,Plein jour,34,34301,2,2,1,6.0,RHIN ET DANUBE (QUAI),43.4064,3.69987,14:30:00,2024-03-13
202400013465,17:44,Plein jour,2B,2B037,1,1,1,4.0,TOUTES RUES,42.61,9.41667,17:44:00,2024-07-02
202400013466,12:03,Plein jour,2B,2B033,2,1,1,3.0,TOUTES RUES,9.4443,42.6772,12:03:00,2024-07-01
202400013467,21:30,,34,34172,2,1,1,3.0,LAVERUNE (ROUTE DE,43.601666,3.852174,21:30:00,2024-03-14
202400013468,17:50,Plein jour,971,97113,1,1,2,2.0,RN4 - SECTION RIVIERA,16.21365,-61.47771,17:50:00,2024-07-01
202400013469,20:15,,33,33063,2,2,1,3.0,Unknown,44.83698,-0.60679,20:15:00,2024-03-14
202400013470,12:00,Plein jour,91,91552,2,2,1,1.0,RTE DE CORBEIL,48.59357,2.26312,12:00:00,2024-07-02
202400013471,19:50,Nuit avec éclairage,33,33063,2,1,1,6.0,Unknown,44.85153,-0.58974,19:50:00,2024-03-14
202400013472,08:55,Plein jour,33,33162,2,9,1,6.0,Unknown,44.87962,-0.62683,08:55:00,2024-03-14
202400013473,17:30,Plein jour,91,91549,2,3,1,3.0,GEORGES PITARD (AVENUE),48.64605,2.314219,17:30:00,2024-07-01
202400013474,21:00,,31,31555,2,1,1,6.0,AGDE (RTE D) DU 1AU 67,43.62535351,1.47548586,21:00:00,2024-03-14
202400013475,17:20,Plein jour,91,91469,1,1,1,5.0,ARTONOU (ROUTE D') CD49,48.4028,2.14089,17:20:00,2024-07-01
202400013476,15:55,Plein jour,31,31555,2,1,1,4.0,12 LES IZARDS (PERIPH EST A62),43.6488398,1.4353736,15:55:00,2024-03-14
202400013477,17:10,Plein jour,30,30007,2,6,1,7.0,Quai de Grabieux,44.145344,4.08794,17:10:00,2024-03-13
202400013478,06:20,Crépuscule,87,87085,2,1,1,2.0,HUGO (BOULEVARD VICTOR),45.8324,1.25668,06:20:00,2024-06-30
202400013479,19:30,Crépuscule,29,29019,2,6,1,3.0,avenue Victor Le Gorgeu,48.402043,-4.502468,19:30:00,2024-03-13
202400013480,17:20,Plein jour,84,84031,2,4,1,1.0,EISENHOWER AVENUE DWIGHT,44.03745,5.05046,17:20:00,2024-07-01
202400013481,09:20,Plein jour,29,29019,2,3,8,3.0,rue Marengo,48.396948,-4.483113,09:20:00,2024-03-13
202400013482,18:10,Plein jour,83,83098,2,3,1,3.0,PREMIERE (D.F.L),43.1066,6.0218,18:10:00,2024-07-02
202400013483,16:46,Plein jour,25,25056,2,3,1,3.0,BELFORT RUE DE BELFORT (sup 144)4,47.2599,6.046577,16:46:00,2024-03-14
202400013484,16:55,Plein jour,80,80674,2,1,1,3.0,THUILLIER DELAMBRE (RUE),49.90218,2.32476,16:55:00,2024-07-01
202400013485,07:55,Plein jour,25,25056,2,6,1,6.0,LAFAYETTE RUE,47.21405,5.96795,07:55:00,2024-03-14
202400013486,11:10,Plein jour,80,80021,2,1,1,7.0,DIJON (RUE),49.88748,2.3053,11:10:00,2024-07-01
202400013487,18:51,Plein jour,22,22360,1,6,2,3.0,ARMOR (RUE D'),48.48383,-2.73488,18:51:00,2024-02-21
202400013488,00:45,Nuit sans éclairage,78,78168,2,1,1,6.0,Route nationale 10,48.739457,1.910234,00:45:00,2024-07-03
202400013489,08:45,Plein jour,76,76366,2,3,1,1.0,Rue du Général de Gaulle,49.5069,1.039955,08:45:00,2024-07-02
202400013490,19:00,Plein jour,76,76351,2,3,1,6.0,LESUEUR (RUE),49.49227,0.12329,19:00:00,2024-07-01
202400013491,16:00,Plein jour,74,74012,2,1,1,6.0,GIFFRE (AVENUE DU),46.1947,6.24014,16:00:00,2024-07-01
202400013492,18:20,Plein jour,73,73065,2,3,1,5.0,GRANDE CHARTREUSE (AVENUE DE LA),45.56027037,5.92505523,18:20:00,2024-07-02
202400013493,12:30,Plein jour,72,72181,2,2,1,5.0,CUGNOT NICOLAS (BD),47.9862,0.2254,12:30:00,2024-07-02
202400013494,00:40,Nuit sans éclairage,72,72181,2,9,1,6.0,EVENTAIL RUE DE L' N° IMP 1 A 61,48.0003942,0.217976,00:40:00,2024-07-02
202400013495,21:08,Plein jour,72,72181,2,2,1,2.0,JAURES JEAN (AV) N° IMP 35 A 179,47.98959,0.20693,21:08:00,2024-07-01
202400013496,11:44,Plein jour,71,71306,2,1,1,3.0,JEAN BOUVERI (RUE),46.67262,4.36607,11:44:00,2024-07-01
202400013497,07:35,Plein jour,71,71076,2,3,1,3.0,BOUCICAUT (AVENUE),46.78887891,4.83595043,07:35:00,2024-07-02
202400013498,10:30,Plein jour,69,69276,2,1,1,6.0,Rue du 11 Novembre 1918,45.67028357,4.85017257,10:30:00,2024-07-01
202400013499,18:00,Plein jour,67,67482,2,3,8,3.0,SCHIRMECK (ROUTE DE),48.56406,7.70508,18:00:00,2024-06-30
202400013500,19:00,Plein jour,64,64445,2,2,1,3.0,SAINT-LOUIS DE GONZAGUE,43.29586,-0.36599,19:00:00,2024-07-02
202400013501,17:05,Plein jour,64,64132,2,1,2,4.0,D802,43.29285,-0.32907,17:05:00,2024-07-01
202400013502,16:15,Plein jour,64,64132,2,3,1,7.0,YSER DE L',43.28696,-0.35463,16:15:00,2024-07-01
202400013503,16:08,Plein jour,63,63014,2,3,1,5.0,MONT MOUCHET (AVENUE DU),45.74972,3.10573,16:08:00,2024-07-02
202400013504,11:10,Plein jour,59,59193,1,1,1,1.0,D.952,50.58162,3.01197,11:10:00,2024-07-02
202400013505,17:20,Plein jour,59,59220,2,1,1,3.0,CARNOT RUE,50.60661,3.0659,17:20:00,2024-07-01
202400013506,13:29,Plein jour,59,59350,2,9,1,6.0,Rue Desaix,50.62080329,3.07721325,13:29:00,2024-03-06
202400013507,16:45,Plein jour,57,57631,2,3,1,3.0,MONTAGNE (RUE DE LA),49.10901,7.06354,16:45:00,2024-07-01
202400013508,11:43,Plein jour,56,56162,2,6,1,6.0,Kerscouët,47.70978,-3.43858,11:43:00,2024-07-01
202400013509,12:20,Plein jour,54,54395,2,3,1,3.0,Quai Claude le Lorrain,48.692242,6.172626,12:20:00,2024-07-02
202400013510,09:45,Plein jour,54,54274,2,1,2,2.0,Rue Forges du Nord et de l’Est,48.673094,6.206388,09:45:00,2024-07-01
202400013511,14:45,Plein jour,54,54575,1,1,1,1.0,Route d’Hussigny,49.47215,5.84044,14:45:00,2024-07-01
202400013512,17:40,Plein jour,51,51573,2,1,8,1.0,COUTURIER (RUE PAUL VAILLANT),49.24775,4.00628,17:40:00,2024-07-02
202400013513,06:00,Plein jour,51,51058,2,7,1,3.0,SALMON (RUE PIERRE),49.21708,3.99229,06:00:00,2024-07-02
202400013514,17:18,Plein jour,50,50165,2,1,1,2.0,COUTANCES (ROUTE DE),48.84452,-1.58522,17:18:00,2024-07-02
202400013515,08:00,Plein jour,50,50129,2,1,1,3.0,Quai Lawton COLLINS,49.63938,-1.61908,08:00:00,2024-07-01
202400013516,14:25,Plein jour,49,49007,2,1,1,3.0,PROUDHON,47.46491,-0.60244,14:25:00,2024-07-01
202400013517,08:00,Plein jour,49,49007,2,1,1,3.0,PORTET BOULEVARD,47.45014,-0.55994,08:00:00,2024-07-01
202400013518,15:00,Plein jour,49,49267,2,1,1,3.0,ANGERS ROUTE,47.47063,-0.51804,15:00:00,2024-06-28
202400013519,14:30,Plein jour,45,45208,2,1,1,3.0,66 Avenue de Lattre de Tassigny,47.99771,2.72142,14:30:00,2024-07-02
202400013520,10:55,Plein jour,40,40088,2,1,1,6.0,BOUVET (PLACE CAMILLE),43.70859,-1.05585,10:55:00,2024-06-15
202400013521,21:20,Plein jour,37,37208,2,1,1,6.0,DE GAULLE (AV. DU GAL),47.35489476,0.72224271,21:20:00,2024-07-02
202400013522,18:00,Plein jour,35,35238,2,1,1,3.0,SAINT-MALO (RUE DE),48.12875,-1.68782,18:00:00,2024-07-02
202400013523,09:00,Plein jour,35,35206,1,1,2,5.0,Unknown,48.0793895,-1.68848008,09:00:00,2024-07-02
202400013524,13:15,Plein jour,34,34301,1,1,1,5.0,AGDE (ROUTE DE),43.363716,3.60924,13:15:00,2024-07-02
202400013525,13:10,Plein jour,34,34301,2,9,1,3.0,FOOTBALL (RUE DU),43.41379,3.67198,13:10:00,2024-07-02
202400013526,18:15,,13,13214,1,1,1,5.0,A7-Sens Marseille vers Lyon,43.32477293,5.37850846,18:15:00,2024-11-22
202400013527,19:15,Nuit sans éclairage,13,13106,1,1,2,2.0,A7-Sens Lyon vers Marseille,43.38642,5.35077,19:15:00,2024-11-19
202400013528,22:35,,34,34108,1,6,1,3.0,LA PEYRADE (ROND-POINT),43.41766,3.724718,22:35:00,2024-07-01
202400013529,20:00,Crépuscule,34,34032,2,7,1,6.0,GARIBALDI (PLACE),43.34501,3.21552,20:00:00,2024-06-30
202400013530,17:35,Nuit sans éclairage,83,83062,1,1,1,4.0,A570,43.14229207,6.0352296,17:35:00,2024-11-22
202400013531,14:10,Plein jour,33,33318,2,1,1,1.0,Unknown,44.80154,-0.6168,14:10:00,2024-07-02
202400013532,18:31,,33,33039,1,1,1,4.0,Unknown,44.798635,-0.536739,18:31:00,2024-11-23
202400013533,17:10,Plein jour,33,33550,1,2,1,3.0,Unknown,44.746683,-0.563832,17:10:00,2024-07-01
202400013534,12:45,Plein jour,91,91064,1,1,1,4.0,RN 118,48.76529,2.22999,12:45:00,2024-11-23
202400013535,11:05,Plein jour,94,94034,1,1,2,2.0,A86,48.75814463,2.32679159,11:05:00,2024-11-23
202400013536,18:00,Plein jour,26,26362,1,3,1,3.0,Route de Montelier,44.93900266,4.96459723,18:00:00,2024-07-02
202400013537,01:50,Nuit sans éclairage,92,92064,1,1,1,2.0,A13,48.83887386,2.1936047,01:50:00,2024-11-23
202400013538,01:00,Nuit sans éclairage,95,95527,1,1,1,6.0,A1,49.01367,2.53019,01:00:00,2024-11-23
202400013539,01:00,Nuit sans éclairage,92,92078,1,1,1,6.0,AUTOROUTE A86,48.92768258,2.33292863,01:00:00,2024-11-23
202400013540,15:20,Plein jour,13,13202,2,1,1,3.0,CAMILLE PELLETAN (AVENUE),43.30329,5.37373,15:20:00,2024-07-02
202400013541,20:55,Nuit sans éclairage,94,94028,1,1,2,2.0,A86,48.79088233,2.44053125,20:55:00,2024-11-22
202400013542,16:00,Plein jour,13,13103,2,6,1,3.0,JACQUES MINET BOULEVARD,43.62886,5.12053,16:00:00,2024-07-01
202400013543,09:15,Plein jour,13,13028,2,1,1,3.0,CAPORAL CHEF ALAIN DERUY (AVENUE DU),43.19027,5.604,09:15:00,2024-07-02
202400013544,10:50,Plein jour,974,97416,1,3,1,3.0,BADAMIER(CHEMIN),-21.33036,55.4569,10:50:00,2024-11-22
202400013545,16:00,Plein jour,13,13005,2,3,1,3.0,CD 2 (CAMP MAJOR),43.2944,5.55732,16:00:00,2024-07-02
202400013546,11:30,Plein jour,974,97411,1,1,1,2.0,QUATRE VOIES GILLOT (ROUTE A),-20.89636,55.50457,11:30:00,2024-11-22
202400013547,07:40,Plein jour,974,97407,2,3,2,3.0,BELLEAU REMI(RUELLE),-20.94112,55.29701,07:40:00,2024-11-22
202400013548,12:15,Plein jour,13,13001,2,1,1,2.0,BROSSOLETTE PIERRE (AV),43.51749984,5.44290478,12:15:00,2024-07-02
202400013549,19:23,Nuit sans éclairage,973,97302,1,1,1,6.0,ROUTE NATIONALE 1,4.90472057,-52.3186208,19:23:00,2024-11-21
202400013550,15:15,Plein jour,12,12202,2,6,1,3.0,GIRATOIRE SAINT LOUIS ( AVENUE DE VABRES,44.36511086,2.57408515,15:15:00,2024-06-24
202400013551,17:21,Plein jour,973,97302,2,6,1,3.0,BADUEL (ROUTE DE),4.92699,-52.29,17:21:00,2024-11-21
202400013552,01:10,Nuit sans éclairage,07,07019,1,1,1,6.0,RN 102,44.59842,4.42013,01:10:00,2024-06-28
202400013553,07:40,Plein jour,973,97302,1,1,1,3.0,ROUTE NATIONALE 1,4.90553387,-52.32324922,07:40:00,2024-11-21
202400013554,20:25,,69,69388,2,3,1,3.0,Rue Jean Sarrazin,45.73055,4.86449,20:25:00,2024-11-22
202400013555,21:00,,69,69387,2,2,1,3.0,Rue Sébastien Gryphe,45.748,4.83906,21:00:00,2024-11-22
202400013556,19:24,,69,69387,2,3,1,3.0,Rue de Marseille,45.74567,4.83597,19:24:00,2024-11-22
202400013557,18:50,,69,69388,2,1,1,6.0,Rue Maryse Bastié,45.73592698,4.87397275,18:50:00,2024-11-22
202400013558,17:22,Crépuscule,972,97213,1,1,1,6.0,BASSE GONDEAU (CHEMIN RURAL N°3 DE),14.6333,-61.0271,17:22:00,2024-11-22
202400013559,06:50,Plein jour,972,97213,2,1,2,3.0,BASSE GONDEAU (CHEMIN RURAL N°4 DE),14.64242,-61.03138,06:50:00,2024-11-22
202400013560,15:00,Plein jour,971,97113,1,9,1,7.0,SECTION GRANDE RAVINE,16.2152,-61.47918,15:00:00,2024-11-22
202400013561,16:55,,95,95563,2,9,1,6.0,JEANNE D'ARC (RUE),49.02,2.2403,16:55:00,2024-11-22
202400013562,14:57,Plein jour,91,91691,2,3,1,6.0,RENE COTY(RUE),48.71845,2.48854,14:57:00,2024-11-22
202400013563,18:45,,91,91228,2,2,1,6.0,ORME A MARTIN (AVENUE DE L'),48.63065,2.41281,18:45:00,2024-11-22
202400013564,16:40,Plein jour,87,87085,2,1,6,6.0,GAUGUIN (RUE),45.85478,1.27238,16:40:00,2024-11-21
202400013565,08:30,,87,87085,2,1,1,4.0,Unknown,45.8376251,1.23158991,08:30:00,2024-11-21
202400013566,19:20,,84,84031,2,3,1,6.0,MISTRAL AVENUE FREDERIC,44.04999,5.03854,19:20:00,2024-11-22
202400013567,16:15,,84,84007,2,1,1,1.0,CABRIERE (AVENUE DE LA),43.92911,4.81265,16:15:00,2024-11-22
202400013568,19:30,Nuit avec éclairage,83,83123,1,1,1,2.0,ROUTE DE BANDOL,43.12417335,5.79066983,19:30:00,2024-11-21
202400013569,19:55,,79,79191,2,3,9,1.0,Unknown,46.31261,-0.44159,19:55:00,2024-11-22
202400013570,09:40,Plein jour,74,74010,2,1,8,2.0,FIER (BOULEVARD DU)),45.92204,6.121,09:40:00,2024-11-22
202400013571,14:45,Plein jour,72,72181,2,1,1,6.0,BARTHOLDI FRED AUGUSTE (AV) IMPAI,48.01749,0.15284,14:45:00,2024-11-22
202400013572,22:00,,72,72181,1,1,1,3.0,PATTON GENERAL RTE BAUGE A CHEMIN RONDE,48.02816217,0.17520189,22:00:00,2024-11-21
202400013573,11:20,Plein jour,69,69264,2,1,1,3.0,384 Boulevard Louis Blanc,45.98767,4.72134,11:20:00,2024-11-22
202400013574,06:50,,69,69264,2,1,8,2.0,Route de Frans,45.9857,4.72268,06:50:00,2024-11-22
202400013575,23:30,,69,69199,2,1,1,3.0,Boulevard Yves Farge,45.69005749,4.86163994,23:30:00,2024-11-22
202400013576,01:45,Nuit avec éclairage,69,69290,1,1,2,6.0,Rue Jules Verne,45.70005,4.97023,01:45:00,2024-11-22
202400013577,17:50,,67,67482,2,1,8,6.0,THUMENAU (RUE DE LA),48.57196,7.75486,17:50:00,2024-11-22
202400013578,19:10,,67,67180,2,3,1,5.0,FOULON (RUE DU),48.805424,7.779457,19:10:00,2024-11-22
202400013579,09:30,Plein jour,64,64483,2,1,3,6.0,SALLAGOITY GARRA (RUE),43.38846,-1.65873,09:30:00,2024-11-22
202400013580,23:05,,64,64445,2,1,1,3.0,FAGET DE BAURE,43.29865337,-0.37255079,23:05:00,2024-11-22
202400013581,20:00,,64,64445,2,9,1,6.0,BAYARD,43.29723,-0.37587,20:00:00,2024-11-22
202400013582,08:55,Plein jour,64,64445,2,1,2,7.0,GENERAL POEYMIRAU DU,43.29526,-0.35693,08:55:00,2024-11-22
202400013583,14:05,Plein jour,64,64445,2,3,1,6.0,MARCELIN BERTHELOT,43.30628,-0.36421,14:05:00,2024-11-21
202400013584,13:50,Plein jour,64,64122,1,1,2,3.0,MARCEL DASSAULT (BD),43.45211,-1.55578,13:50:00,2024-11-22
202400013585,20:10,Nuit avec éclairage,64,64102,2,1,1,4.0,LOUIS DE FOIX (AVENUE),43.5117,-1.4685,20:10:00,2024-11-22
202400013586,14:30,Plein jour,59,59599,2,1,1,2.0,DUNKERQUE (RUE DE),50.717516,3.145477,14:30:00,2024-11-22
202400013587,15:00,Plein jour,56,56098,2,2,1,3.0,Rue Gérard Philipe,47.76672,-3.35906,15:00:00,2024-11-22
202400013588,07:20,,54,54395,2,2,1,6.0,Rue Henri Bazin,48.69647943,6.19299531,07:20:00,2024-11-22