Num_Acc,hrmn,lum,dep,com,agg,int,atm,col,adr,lat,long,heure,date
202400013589,10:40,Plein jour,54,54395,2,3,1,3.0,avenue Raymond Pinchard,48.7032,6.154819,10:40:00,2024-11-21
202400013590,18:00,,54,54395,2,3,1,3.0,Avenue de Strasbourg,48.6800925,6.19540393,18:00:00,2024-11-20
202400013591,10:15,Plein jour,51,51454,2,1,4,7.0,GILBERT (RUE),49.264,4.01847,10:15:00,2024-11-22
202400013592,17:55,Nuit sans éclairage,51,51058,2,1,1,6.0,LOUIS VICTOR DE BROGLIE,49.21612,3.99754,17:55:00,2024-11-21
202400013593,08:20,,50,50129,2,1,8,1.0,SALINE (BOULEVARD DE LA),49.65187,-1.64694,08:20:00,2024-11-21
202400013594,17:45,,50,50129,2,6,3,2.0,EST (BOULEVARD DE L'),49.63658,-1.59591,17:45:00,2024-11-18
202400013595,15:55,Plein jour,49,49099,2,3,1,6.0,THIBAULT CARTE (RUE),47.06153,-0.8745,15:55:00,2024-11-21
202400013596,10:22,Plein jour,49,49353,2,1,1,6.0,CAMUS,47.45,-0.50717,10:22:00,2024-11-22
202400013597,22:00,,49,49007,2,1,1,6.0,MONTAIGNE AVENUE,47.4671,-0.52567,22:00:00,2024-11-21
202400013598,08:06,,49,49246,2,6,4,6.0,PYRAMIDE ROUTE,47.44760341,-0.5097384,08:06:00,2024-11-21
202400013599,08:20,,49,49007,2,2,4,3.0,VAUBAN AVENUE,47.46001,-0.5585,08:20:00,2024-11-21
202400013600,16:20,Plein jour,49,49007,2,1,1,2.0,BARANGE BOULEVARD,47.45684,-0.57209,16:20:00,2024-11-20
202400013601,19:30,,38,38563,2,1,2,3.0,SAND (RUE G.),45.36522,5.584676,19:30:00,2024-11-22
202400013602,18:10,,38,38185,2,2,1,3.0,BOULEVARD GAMBETTA,45.1861,5.7247,18:10:00,2024-11-22
202400013603,05:45,,37,37233,2,6,9,7.0,DUCLOS (AVENUE JACQUES),47.38013,0.72666,05:45:00,2024-11-22
202400013604,01:00,Nuit sans éclairage,35,35238,1,1,1,2.0,ROCADE 13-14,48.14202063,-1.66279701,01:00:00,2024-11-23
202400013605,14:30,Plein jour,35,35278,1,1,1,2.0,GUE MARY (RUE DU),48.15608,-1.6999,14:30:00,2024-11-22
202400013606,12:00,Plein jour,76,76217,2,1,1,2.0,CHANZY (GENERAL),49.91008,1.08536,12:00:00,2024-04-19
202400013607,08:20,Crépuscule,35,35238,2,1,1,3.0,SEVIGNE (BD DE),48.11646,-1.67329,08:20:00,2024-11-22
202400013608,17:25,,34,34172,2,1,1,3.0,NIMES (AVENUE DE),43.62068,3.89042,17:25:00,2024-11-22
202400013609,17:35,Plein jour,71,71270,2,2,1,2.0,SANCE (RUE DE),46.32039779,4.83200625,17:35:00,2024-04-19
202400013610,10:05,Plein jour,34,34172,2,2,1,3.0,SOULAS (AVENUE DU PERE,43.62071,3.85786,10:05:00,2024-11-22
202400013611,08:20,Plein jour,66,66136,1,1,1,4.0,Départementale  617,42.71202,2.92432,08:20:00,2024-04-21
202400013612,11:33,Plein jour,65,65286,2,1,1,3.0,Avenue Alexandre Marqui,43.10582,-0.04106,11:33:00,2024-04-19
202400013613,20:30,Nuit sans éclairage,33,33063,2,1,8,4.0,Unknown,44.88788,-0.55488,20:30:00,2024-11-22
202400013614,16:20,Plein jour,63,63113,2,1,1,6.0,MONTLOSIER (RUE),45.78132,3.09005,16:20:00,2024-04-21
202400013615,20:55,,33,33063,2,2,1,3.0,Unknown,44.82817685,-0.56869,20:55:00,2024-11-22
202400013616,17:45,Plein jour,60,60463,1,1,1,6.0,Chemin de la Cavee des Granges,49.28261,2.45024,17:45:00,2024-04-20
202400013617,18:15,,33,33063,2,3,1,3.0,Unknown,44.81784,-0.57733,18:15:00,2024-11-22
202400013618,13:30,Plein jour,59,59512,2,2,1,1.0,LUXEMBOURG (RUE DU),50.691044,3.156239,13:30:00,2024-04-21
202400013619,01:45,,33,33063,2,2,2,2.0,Unknown,44.82792,-0.59334,01:45:00,2024-11-22
202400013620,11:35,Plein jour,59,59350,2,2,1,3.0,Avenue de Dunkerque (Lille),50.63793,3.02347,11:35:00,2024-04-20
202400013621,00:01,,33,33063,2,6,1,6.0,Unknown,44.896369,-0.550665,00:01:00,2024-11-18
202400013622,02:00,Nuit sans éclairage,59,59122,2,1,1,6.0,ARRAS (RUE D'),50.17783,3.21561,02:00:00,2024-04-21
202400013623,00:16,Nuit sans éclairage,30,30331,1,1,1,6.0,Unknown,44.11445,4.58131,00:16:00,2024-11-14
202400013624,13:50,Plein jour,56,56260,2,1,1,6.0,HERRIOT(AVENUE EDOUARD),47.6538,-2.7354,13:50:00,2024-04-21
202400013625,12:35,Plein jour,29,29019,2,6,1,2.0,Pen ar Ch'leuz,48.42257538,-4.47700816,12:35:00,2024-11-22
202400013626,19:10,Crépuscule,54,54099,1,1,1,7.0,D138,49.253698,5.988912,19:10:00,2024-04-21
202400013627,17:08,Crépuscule,27,27229,2,1,9,2.0,SAINT ANDRE (ROUTE DE),49.01461,1.16304,17:08:00,2024-11-21
202400013628,17:49,Plein jour,45,45208,2,1,1,3.0,12 Allée de la Résidence de la Roseraie,47.99522,2.74227,17:49:00,2024-04-21
202400013629,21:44,,44,44109,2,6,1,6.0,Rue Gaston Michel,47.20986,-1.5615,21:44:00,2024-04-21
202400013630,04:50,,43,43157,2,2,8,3.0,Boulevard de Cluny,45.04830092,3.89296972,04:50:00,2024-04-21
202400013631,22:45,,26,26362,2,3,1,3.0,Rue des Alpes,44.92713,4.89981,22:45:00,2024-11-22
202400013632,20:35,Crépuscule,37,37122,2,3,1,6.0,JAURES (BOULEVARD JEAN),47.34807,0.65835,20:35:00,2024-04-21
202400013633,01:05,,34,34172,2,1,1,2.0,CARDONILLE (RUE DE LA),43.63576,3.84645,01:05:00,2024-04-22
202400013634,14:43,Plein jour,34,34003,2,1,1,2.0,ROCHELONGUE (G14 A O16,43.2909,3.4809,14:43:00,2024-04-21
202400013635,07:53,,22,22278,2,1,2,6.0,CLEMENCEAU (BD),48.50836,-2.76026,07:53:00,2024-11-22
202400013636,01:50,,33,33063,2,4,1,6.0,Unknown,44.83349921,-0.57422608,01:50:00,2024-04-22
202400013637,17:20,Plein jour,33,33063,2,3,1,6.0,RUE JULES GUESDE,44.82952,-0.56454,17:20:00,2024-04-21
202400013638,07:50,Plein jour,15,15014,1,1,1,6.0,RD 117,44.92418049,2.47152637,07:50:00,2024-11-22
202400013639,02:25,,33,33063,2,1,1,6.0,Rue Capdeville,44.84413326,-0.58802654,02:25:00,2024-04-21
202400013640,13:45,Plein jour,33,33318,2,9,1,3.0,Unknown,44.78501,-0.66242,13:45:00,2024-04-19
202400013641,07:35,Nuit sans éclairage,14,14366,2,1,4,3.0,Route de Paris,49.14669,0.25898,07:35:00,2024-11-21
202400013642,17:12,Plein jour,31,31555,2,1,1,3.0,PAS LOUIS PERGAUD,43.56495,1.39467,17:12:00,2024-04-21
202400013643,19:20,,13,13054,2,1,1,1.0,MARECHAL JUIN (AV DU ),43.41997801,5.22569179,19:20:00,2024-11-22
202400013644,17:50,Plein jour,22,22113,2,1,1,7.0,MORLAIX (ROUTE DE),48.72182,-3.4818,17:50:00,2024-04-19
202400013645,22:00,,17,17415,2,1,1,7.0,DUFAURE AVENUE JULES,45.74762143,-0.61252282,22:00:00,2024-04-21
202400013646,11:50,Plein jour,13,13202,2,3,1,3.0,CAMILLE PELLETAN (AVENUE),43.30326,5.37394,11:50:00,2024-11-22
202400013647,05:05,,17,17300,2,1,1,7.0,DOCTEUR DANIEL PLANET,46.14754,-1.15064,05:05:00,2024-04-21
202400013648,07:19,Crépuscule,13,13213,2,6,1,1.0,ROTONDE (PLACE DE LA),43.32958,5.41986,07:19:00,2024-11-22
202400013649,02:30,,13,13211,2,1,8,1.0,POMME (BOULEVARD DE LA ),43.29129,5.4434,02:30:00,2024-11-22
202400013650,19:15,Plein jour,13,13117,2,3,1,1.0,MARSEILLE ( AVENUE DE ),43.45026,5.25257,19:15:00,2024-04-21
202400013651,01:30,,13,13206,2,1,1,2.0,PRADO (AVENUE DU),43.26619,5.38229,01:30:00,2024-11-22
202400013652,18:45,Plein jour,13,13210,2,1,1,3.0,ROMAIN ROLLAND (BOULEVARD),43.27001,5.40626,18:45:00,2024-04-21
202400013653,07:10,Nuit sans éclairage,11,11262,2,2,8,7.0,Unknown,43.19022,3.00615,07:10:00,2024-11-22
202400013654,15:35,Plein jour,13,13028,1,1,1,1.0,CD 559,43.1828403,5.66886493,15:35:00,2024-04-20
202400013655,18:25,,11,11069,2,2,2,6.0,Rue du Manège,43.20811,2.354428,18:25:00,2024-11-21
202400013656,12:00,Plein jour,13,13005,2,6,1,3.0,SALENGRO (AVENUE ROGER),43.30383561,5.57223327,12:00:00,2024-04-21
202400013657,18:00,,11,11069,2,1,2,3.0,72 Boulevard Paul Langevin,43.224224,2.336018,18:00:00,2024-11-21
202400013658,16:30,Plein jour,13,13004,2,2,1,3.0,RUE MIRABEAU,43.67539,4.63968,16:30:00,2024-04-21
202400013659,17:40,,10,10333,2,3,4,3.0,Avenue d'Echenilly,48.28036,4.04532,17:40:00,2024-11-22
202400013660,23:30,,06,06088,2,1,2,6.0,2 Avenue Saint-Jean-Baptiste,43.70284,7.27886,23:30:00,2024-04-21
202400013661,12:25,Plein jour,07,07186,2,1,1,1.0,BOURRET (RUE DU DOCTEUR),44.7313,4.59033,12:25:00,2024-11-22
202400013662,21:30,,06,06104,2,1,2,1.0,18 Avenue Francois de Monleon,43.76049,7.4829,21:30:00,2024-04-21
202400013663,09:25,Plein jour,06,06159,1,9,1,3.0,145 Avenue Bella Vista,43.71047,7.31944,09:25:00,2024-11-22
202400013664,16:20,Plein jour,06,06104,2,4,1,3.0,77 Avenue Gabriel Hanotaux,43.764625,7.456425,16:20:00,2024-04-21
202400013665,15:00,Plein jour,06,06088,2,7,1,3.0,16 Rue du Congrès,43.69723,7.2629,15:00:00,2024-11-21
202400013666,14:40,Plein jour,06,06104,2,1,1,6.0,17 Avenue de France,43.75311,7.44017,14:40:00,2024-11-22
202400013667,12:05,Plein jour,06,06069,2,1,1,3.0,57 Avenue Georges Pompidou,43.647697,6.937209,12:05:00,2024-04-21
202400013668,14:00,Plein jour,06,06029,2,1,1,3.0,95 Avenue Docteur Raymond Picaud,43.55028,6.98777,14:00:00,2024-11-18
202400013669,15:00,Plein jour,75,75113,2,1,1,3.0,BD PERIPHERIQUE INTERIEUR,48.816114,2.362523,15:00:00,2024-11-20
202400013670,23:30,,75,75112,2,1,1,4.0,BD PERIPHERIQUE INTERIEUR,48.842254,2.413632,23:30:00,2024-04-20
202400013671,15:45,Plein jour,75,75120,2,9,1,6.0,BD PERIPHERIQUE EXTERIEUR,48.848263,2.414947,15:45:00,2024-04-21
202400013672,15:30,Plein jour,75,75113,2,1,2,2.0,BD PERIPHERIQUE INTERIEUR,48.819197,2.371793,15:30:00,2024-11-18
202400013673,03:57,,75,75120,2,2,8,6.0,RUE DES ORTEAUX,48.85616,2.405005,03:57:00,2024-04-21
202400013674,20:36,,75,75120,2,3,1,3.0,BOULEVARD DAVOUT,48.847939,2.411334,20:36:00,2024-11-22
202400013675,08:30,Crépuscule,75,75119,2,5,1,3.0,RUE DE L INSPECTEUR ALLES,48.880076,2.398363,08:30:00,2024-04-21
202400013676,00:30,,75,75117,2,2,8,6.0,RUE POUCHET,48.891558,2.318476,00:30:00,2024-11-22
202400013677,15:15,Plein jour,75,75117,2,4,1,2.0,BOULEVARD BESSIERES,48.894991,2.315536,15:15:00,2024-04-20
202400013678,17:25,Plein jour,75,75113,2,5,1,1.0,RUE DE TOLBIAC,48.825844,2.350466,17:25:00,2024-04-21
202400013679,10:15,Plein jour,75,75116,2,3,8,5.0,RUE DU DOCTEUR BLANCHE,48.85299,2.264819,10:15:00,2024-11-22
202400013680,17:50,Plein jour,75,75113,2,1,2,3.0,AVENUE D ITALIE,48.823914,2.357956,17:50:00,2024-04-21
202400013681,09:28,Plein jour,75,75114,2,1,1,6.0,AVENUE JEAN MOULIN,48.827363,2.325702,09:28:00,2024-11-22
202400013682,17:40,Plein jour,75,75113,2,3,1,3.0,BOULEVARD VINCENT AURIOL,48.834003,2.364695,17:40:00,2024-04-21
202400013683,20:00,,75,75113,2,1,1,6.0,AVENUE DE LA PORTE D IVRY,48.820023,2.372091,20:00:00,2024-11-22
202400013684,05:50,,75,75111,2,2,1,1.0,AVENUE PARMENTIER,48.86811,2.372473,05:50:00,2024-04-21
202400013685,22:10,Nuit sans éclairage,75,75111,2,2,1,3.0,AVENUE DE LA REPUBLIQUE,48.866351,2.368848,22:10:00,2024-11-22
202400013686,18:50,Plein jour,75,75116,2,5,1,6.0,BOULEVARD EMILE AUGIER,48.858307,2.272636,18:50:00,2024-04-21
202400013687,12:15,Plein jour,75,75108,2,4,1,6.0,RUE DE CONSTANTINOPLE,48.880135,2.319936,12:15:00,2024-11-22
202400013688,06:40,Crépuscule,94,94078,2,3,1,3.0,Rue de Paris / Rue de l'Orme Sainte Marie,48.73907,2.44674,06:40:00,2024-04-21
202400013689,18:23,,75,75107,2,1,1,3.0,QUAI ANATOLE FRANCE,48.862094,2.320815,18:23:00,2024-11-22
202400013690,10:23,Plein jour,93,93005,2,1,1,6.0,Rue Jules Vallès,48.93295,2.5043,10:23:00,2024-04-21
202400013691,09:40,Plein jour,75,75102,2,7,8,7.0,PLACE DES VICTOIRES,48.865926,2.341364,09:40:00,2024-11-22
202400013692,18:48,Plein jour,93,93048,2,2,8,3.0,Place Jean Jaures / Avenue Walwein,48.86234627,2.4437352,18:48:00,2024-04-21
202400013693,17:15,,75,75101,2,1,4,6.0,RUE DE L AMIRAL DE COLIGNY,48.860634,2.340694,17:15:00,2024-11-21
202400013694,15:10,Plein jour,93,93047,2,1,2,2.0,Boulevard Bargue,48.901063,2.558142,15:10:00,2024-04-21
202400013695,14:40,Plein jour,75,75102,2,3,4,6.0,RUE FEYDEAU,48.869888,2.339034,14:40:00,2024-11-21
202400013696,19:50,Plein jour,92,92051,2,1,1,3.0,GENERAL KOENIG (BOULEVARD DU),48.88005,2.25084,19:50:00,2024-04-21
202400013697,12:45,Plein jour,92,92026,2,9,1,3.0,TROIS FRÈRES LEBOEUF (PLACE DES),48.89748517,2.2384149,12:45:00,2024-04-21
202400013698,18:15,,94,94078,2,1,1,2.0,Avenue Anatole France,48.74669418,2.45276635,18:15:00,2024-11-22
202400013699,17:25,Plein jour,92,92036,2,1,1,7.0,BAS ( RUE DES ),48.91434,2.29699,17:25:00,2024-04-21
202400013700,10:50,Plein jour,974,97415,1,1,1,6.0,Chemin du Tour des Roches,-21.002604,55.300209,10:50:00,2024-04-21
202400013701,02:30,,94,94068,2,1,4,6.0,Avenue Raymond Poincaré,48.80100157,2.51866239,02:30:00,2024-11-22
202400013702,22:55,,94,94068,2,1,4,7.0,Boulevard Rabelais,48.80535729,2.48316114,22:55:00,2024-11-21
202400013703,16:30,Plein jour,94,94041,2,1,1,3.0,Avenue Georges Gosnat,48.81345736,2.38877769,16:30:00,2024-11-22
202400013704,14:45,Plein jour,94,94041,2,1,2,6.0,Avenue de Verdun,48.812953,2.37056,14:45:00,2024-11-22
202400013705,21:35,Nuit sans éclairage,86,86272,1,1,1,6.0,D14,46.82728,0.472325,21:35:00,2024-04-18
202400013706,08:35,Plein jour,94,94037,2,1,4,3.0,Avenue Paul Vaillant-couturier,48.8168871,2.33279758,08:35:00,2024-11-22
202400013707,18:10,Plein jour,68,68177,1,2,1,3.0,D430,47.935545,7.17948,18:10:00,2024-04-22
202400013708,08:25,Plein jour,95,95487,2,9,1,1.0,D78,49.15508098,2.26818411,08:25:00,2024-04-22
202400013709,13:15,Plein jour,94,94028,2,6,2,3.0,Rue Sully,48.76701,2.47229,13:15:00,2024-11-22
202400013710,14:45,Plein jour,11,11148,1,3,1,3.0,D6113,43.18049,2.679334,14:45:00,2024-04-20
202400013711,10:20,Plein jour,95,95527,1,2,4,3.0,NOYER AU CHAT (ROUTE DU),49.01146507,2.54251814,10:20:00,2024-11-22
202400013712,18:10,Plein jour,11,11203,1,1,1,6.0,Unknown,43.232369,2.772202,18:10:00,2024-04-21
202400013713,23:15,,93,93064,2,1,4,5.0,PERI (BOULEVARD GABRIEL) 39 / 44 - FIN,48.87736083,2.48509884,23:15:00,2024-11-21
202400013714,19:30,,971,97109,2,1,1,1.0,Rue Ferdinand Vignal,15.989343,-61.679714,19:30:00,2024-04-21
202400013715,16:10,Plein jour,84,84127,2,1,1,6.0,Chemin de la Grande Garrigue,44.179703,4.857813,16:10:00,2024-04-21
202400013716,09:13,Plein jour,93,93047,2,1,4,6.0,PERVENCHES (AVENUE DES),48.8870822,2.55399501,09:13:00,2024-11-22
202400013717,20:45,Crépuscule,12,12270,1,1,1,3.0,Autoroute A75,44.293699,3.09719,20:45:00,2024-04-21
202400013718,14:10,Plein jour,93,93057,2,1,1,2.0,HUGO (AV. VICTOR),48.90990416,2.51396842,14:10:00,2024-11-22
202400013719,04:30,Nuit sans éclairage,83,83140,1,1,1,1.0,Dn7,43.406108,5.93781,04:30:00,2024-04-22
202400013720,09:30,Plein jour,94,94041,2,1,1,3.0,Boulevard Paul Vaillant Couturier,48.81935054,2.3964707,09:30:00,2024-09-11
202400013721,02:00,,93,93008,2,1,4,3.0,PARIS (RUE DE),48.8972799,2.43511713,02:00:00,2024-11-22
202400013722,19:44,Crépuscule,51,51035,2,1,1,1.0,Rue du Puits Saint Christophe,48.802963,3.92015,19:44:00,2024-04-21
202400013723,22:50,,93,93008,2,1,4,2.0,PARIS (RUE DE),48.89956,2.44727,22:50:00,2024-11-21
202400013724,00:40,Nuit sans éclairage,32,32334,1,1,1,7.0,RN 124 PK 005+800 SENS TOULOUSE AUCH,43.581743,1.137085,00:40:00,2024-04-22
202400013725,17:23,Plein jour,94,94028,1,1,1,5.0,Rue du Général Leclerc,48.78335,2.47242,17:23:00,2024-09-10
202400013726,19:10,Plein jour,94,94022,2,1,1,6.0,Rue Jean Jaures,48.76553,2.40903,19:10:00,2024-09-11
202400013727,14:20,Plein jour,92,92040,2,3,1,3.0,PAIX (AVENUE DE LA),48.8166136,2.27504924,14:20:00,2024-11-22
202400013728,16:12,Plein jour,71,71294,2,4,1,3.0,22 Rue du Clos l'Evêque (Bourgneuf-Val-d'Or),46.840486,4.736127,16:12:00,2024-04-21
202400013729,11:30,Plein jour,92,92051,2,9,1,6.0,"CHARLES DE GAULLE (AVENUE, N° 18 A 116)",48.87988809,2.27668628,11:30:00,2024-11-22
202400013730,18:20,Plein jour,11,11262,1,1,1,6.0,Unknown,43.145301,2.905599,18:20:00,2024-04-22
202400013731,01:40,,94,94060,2,3,8,3.0,Rue du Général de Gaulle,48.77931061,2.58274426,01:40:00,2024-09-11
202400013732,22:10,Nuit sans éclairage,93,93064,2,1,1,6.0,BERTHAUDS (RUE DES) 24 - 25 / FIN,48.87503,2.48708,22:10:00,2024-09-11
202400013733,09:30,Plein jour,92,92051,2,1,2,6.0,"ARGENSON (BOULEVARD, N° 17 AU 43)",48.88659372,2.26767629,09:30:00,2024-11-22
202400013734,23:10,Nuit avec éclairage,61,61257,2,1,1,2.0,D976,48.50408,-0.386399,23:10:00,2024-04-21
202400013735,18:46,,92,92051,2,1,8,6.0,GENERAL KOENIG (BOULEVARD DU),48.88484,2.25503,18:46:00,2024-11-20
202400013736,12:45,Plein jour,49,49369,1,1,9,6.0,D207,47.415019,0.078348,12:45:00,2024-04-21
202400013737,19:10,Plein jour,93,93048,2,1,1,3.0,RESISTANCE (AVENUE DE LA),48.86052693,2.43718922,19:10:00,2024-09-11
202400013738,00:15,Nuit sans éclairage,34,34277,1,1,1,6.0,D25,43.851705,3.540634,00:15:00,2024-04-21
202400013739,19:20,,92,92051,2,1,2,6.0,"CHARLES DE GAULLE (AVENUE, N°27 A 129)",48.87854565,2.27911368,19:20:00,2024-11-18
202400013740,12:44,Plein jour,93,93027,2,1,1,3.0,VAILLANT-COUTURIER (AVENUE PAUL),48.92231127,2.41221428,12:44:00,2024-09-11
202400013741,13:13,Plein jour,92,92050,2,1,9,6.0,NATIONAL BOULEVARD,48.89043386,2.18005747,13:13:00,2024-11-22
202400013742,07:25,Plein jour,29,29251,1,2,1,3.0,Ker Ar Rhun,48.68453744,-3.7778119,07:25:00,2024-04-22
202400013743,08:40,Plein jour,93,93007,2,2,1,6.0,"""PAUL VAILLANT COUTURIER (AVENUE """"DU 13",48.92446,2.46353,08:40:00,2024-09-11
202400013744,13:15,Plein jour,29,29197,2,3,1,3.0,Rue du Général de Gaulle,48.01521528,-4.49296205,13:15:00,2024-04-22
202400013745,10:30,Plein jour,92,92064,2,1,1,6.0,REPUBLIQUE,48.84442389,2.2091838,10:30:00,2024-09-11
202400013746,09:55,Plein jour,92,92050,2,3,2,3.0,METZ RUE DE,48.9100124,2.22801916,09:55:00,2024-11-22
202400013747,12:20,Plein jour,92,92012,2,1,1,6.0,ABONDANCES (RUE DES),48.8417,2.22913,12:20:00,2024-09-11
202400013748,18:50,Plein jour,70,70386,1,1,1,1.0,nationale 19,47.702322,5.942643,18:50:00,2024-04-22
202400013749,17:26,,92,92050,2,1,2,1.0,CLEMENCEAU GEORGES AVENUE N° PAIR,48.88616926,2.21285731,17:26:00,2024-11-18
202400013750,13:20,Plein jour,92,92012,2,1,1,7.0,JEAN JAURES (BOULEVARD) 63/215 - 70/208,48.82553,2.24807,13:20:00,2024-09-11
202400013751,19:01,Crépuscule,54,54102,1,1,1,1.0,D908,48.71351783,5.85794449,19:01:00,2024-04-20
202400013752,11:30,Plein jour,92,92044,2,2,1,6.0,J. GUESDES(RUE)103A139ET122A148,48.8989395,2.28771374,11:30:00,2024-11-22
202400013753,12:45,Plein jour,92,92004,2,1,1,3.0,DOCTEUR DERVAUX  ( QUAI DU ),48.91105,2.29853,12:45:00,2024-09-11
202400013754,08:00,Crépuscule,06,06042,2,1,8,6.0,4431 Route de la Tinée,43.998354,7.137331,08:00:00,2024-04-22
202400013755,10:50,Plein jour,05,05098,2,1,1,6.0,Chemin de Pralalegre,44.490777,6.550727,10:50:00,2024-04-22
202400013756,15:15,Plein jour,92,92025,2,1,1,2.0,GABRIEL PERI (RUE),48.91845772,2.23956864,15:15:00,2024-11-22
202400013757,09:50,Plein jour,71,71235,2,3,1,3.0,Chemin de Franclieu,46.3236093,4.79571495,09:50:00,2024-09-11
202400013758,07:10,Crépuscule,64,64137,1,6,1,3.0,Route de Lagos,43.19834,-0.24303,07:10:00,2024-04-22
202400013759,08:00,Plein jour,92,92024,2,1,1,6.0,EUROPE (ALLEES DE),48.91054892,2.30759844,08:00:00,2024-11-22
202400013760,18:20,Plein jour,24,24019,1,1,2,1.0,Route des Rebières,45.163279,1.085853,18:20:00,2024-09-11
202400013761,02:10,,92,92024,2,1,4,7.0,GENNEVILLIERS (PONT DE),48.91275,2.31118,02:10:00,2024-11-22
202400013762,16:15,Plein jour,16,16073,2,3,1,3.0,Unknown,45.269726,0.034477,16:15:00,2024-04-20
202400013763,06:00,Nuit sans éclairage,53,53148,1,1,1,7.0,D230,47.79865764,-0.88345604,06:00:00,2024-04-21
202400013764,11:20,Plein jour,92,92002,2,5,1,6.0,ARMAND GUILLEBAUD (AVENUE),48.74598059,2.31419072,11:20:00,2024-11-22
202400013765,17:55,Plein jour,40,40271,1,1,1,3.0,Route de Bayonne,43.563702,-1.203797,17:55:00,2024-04-21
202400013766,09:20,Plein jour,84,84088,1,9,1,4.0,ZA Prato 2 (Zone industrielle),44.026223,5.052225,09:20:00,2024-09-06
202400013767,10:00,Plein jour,92,92002,2,1,4,2.0,ADOLPHE PAJEAUD (RUE),48.74014903,2.27950126,10:00:00,2024-11-22
202400013768,11:15,Plein jour,24,24434,1,1,1,6.0,RD2 - PK 17+700,45.348617,0.489272,11:15:00,2024-04-22
202400013769,17:40,Plein jour,972,97210,1,1,1,2.0,NATIONALE 6,14.601213,-60.934532,17:40:00,2024-09-11
202400013770,18:54,Plein jour,28,28401,1,1,1,1.0,L?Hetre Frelon,48.454638,0.97715,18:54:00,2024-04-22
202400013771,16:00,Plein jour,83,83004,1,1,1,7.0,Dn7,43.460364,6.525407,16:00:00,2024-09-12
202400013772,05:50,Nuit sans éclairage,09,09167,1,1,3,2.0,D919,43.306779,1.329893,05:50:00,2024-11-22
202400013773,11:30,Plein jour,30,30004,1,2,1,3.0,Unknown,43.71242,4.19827,11:30:00,2024-04-20
202400013774,06:50,Crépuscule,51,51326,1,1,1,2.0,PK 12+200 D 21,49.11309456,4.35779839,06:50:00,2024-09-10
202400013775,23:40,Nuit sans éclairage,41,41104,2,1,9,6.0,306 Route de Chambord,47.593709,1.460178,23:40:00,2024-11-22
202400013776,14:35,Plein jour,68,68203,1,1,1,7.0,D47,47.906842,7.297722,14:35:00,2024-09-07
202400013777,11:55,Plein jour,30,30322,1,1,1,6.0,departementale 39,44.070415,3.832727,11:55:00,2024-04-21
202400013778,20:20,,06,06161,1,1,1,6.0,D6007 PR 30 + 655,43.6462,7.13635,20:20:00,2024-11-22
202400013779,17:35,Plein jour,44,44113,1,1,1,6.0,Unknown,47.57869,-1.629474,17:35:00,2024-09-12
202400013780,21:47,Nuit sans éclairage,30,30061,1,1,6,5.0,N106,43.925632,4.254413,21:47:00,2024-04-20
202400013781,00:20,Nuit sans éclairage,83,83116,1,1,1,1.0,Dn7,43.45633,5.846239,00:20:00,2024-09-12
202400013782,08:00,Plein jour,83,83031,1,1,1,4.0,A57,43.392929,6.354869,08:00:00,2024-11-19
202400013783,17:25,Plein jour,83,83116,1,1,1,1.0,1461 Route de Rougiers,43.42376,5.852591,17:25:00,2024-09-11
202400013784,12:15,Plein jour,973,97307,1,6,3,3.0,La Matourienne (Pont),4.834522,-52.325239,12:15:00,2024-04-22
202400013785,23:45,Nuit sans éclairage,71,71195,1,1,1,2.0,Autoroute A6 PK 363.000 sens LYON-PARIS,46.513752,4.911801,23:45:00,2024-11-22
202400013786,23:20,Nuit sans éclairage,62,62297,1,1,1,1.0,D300,50.83494219,2.2004149,23:20:00,2024-09-11
202400013787,03:30,Nuit sans éclairage,73,73252,1,1,1,2.0,A 43  -PK 144.400,45.4463941,6.28517479,03:30:00,2024-04-21
202400013788,07:05,Crépuscule,95,95352,1,1,1,1.0,D316,49.1034873,2.42381735,07:05:00,2024-09-12
202400013789,06:55,Crépuscule,01,01237,2,2,1,1.0,Grande rue intersection rue du commerce,46.208702,5.610114,06:55:00,2024-04-22
202400013790,12:55,Plein jour,01,01446,2,2,7,3.0,D70,46.022904,4.898422,12:55:00,2024-11-23
202400013791,16:40,Plein jour,51,51140,1,6,1,3.0,Route départementale 980,49.183625,3.851505,16:40:00,2024-09-11
202400013792,22:00,Nuit sans éclairage,33,33130,1,1,1,6.0,Unknown,44.499015,-0.198784,22:00:00,2024-04-21
202400013793,07:15,Nuit sans éclairage,29,29142,1,1,2,7.0,RN165,48.16883246,-4.04750897,07:15:00,2024-11-23
202400013794,07:20,Plein jour,62,62817,2,1,1,2.0,D939,50.2786123,2.8200032,07:20:00,2024-04-22
202400013795,18:45,Plein jour,59,59037,2,1,1,6.0,route nationale,50.189309,3.382591,18:45:00,2024-09-11
202400013796,15:40,Plein jour,971,97128,2,1,1,3.0,Chateaubrun,16.249014,-61.339454,15:40:00,2024-03-26
202400013797,21:50,,62,62580,2,1,8,6.0,D77,50.402082,2.43997934,21:50:00,2024-11-22
202400013798,14:00,Plein jour,56,56061,2,3,1,3.0,1 Avenue des Erables,47.76117,-2.136557,14:00:00,2024-08-10
202400013799,11:15,Plein jour,66,66115,1,1,1,6.0,Avenue de la Mer,42.540269,2.8784,11:15:00,2024-02-19
202400013800,11:50,Plein jour,83,83073,2,1,1,1.0,Route des Mayons,43.381768,6.312997,11:50:00,2024-11-23