Num_Acc,hrmn,lum,dep,com,agg,int,atm,col,adr,lat,long,heure,date
202400013801,20:00,Crépuscule,11,11379,1,1,1,1.0,route départementale 6009,43.054276,2.94631,20:00:00,2024-04-21
202400013802,17:30,Plein jour,2B,2B318,1,1,1,2.0,T10,42.435664,9.519492,17:30:00,2024-09-12
202400013803,21:45,Nuit sans éclairage,33,33140,2,1,1,6.0,Unknown,44.778271,-0.340608,21:45:00,2024-09-10
202400013804,09:00,Crépuscule,56,56166,1,9,1,1.0,Route de Quimperlé,47.914156,-3.348708,09:00:00,2024-11-22
202400013805,16:40,Plein jour,83,83063,1,1,1,3.0,1332 Route du Luc,43.325568,6.474198,16:40:00,2024-04-21
202400013806,14:45,Plein jour,11,11005,1,1,1,1.0,Unknown,43.167447,2.232349,14:45:00,2024-09-11
202400013807,04:00,Nuit sans éclairage,55,55171,1,1,8,6.0,D603 PK041.700,49.176906,5.469491,04:00:00,2024-11-23
202400013808,07:55,Plein jour,83,83068,1,1,1,3.0,D61,43.26905,6.547809,07:55:00,2024-04-12
202400013809,21:26,Nuit sans éclairage,63,63223,1,1,2,6.0,pk 34 D2144,46.10390955,2.91665871,21:26:00,2024-09-11
202400013810,14:15,Plein jour,12,12162,1,1,1,3.0,4168 Route de Baraqueville,44.304871,2.443648,14:15:00,2024-11-22
202400013811,16:10,Plein jour,06,06099,1,1,3,1.0,Route Departementale 6202,43.951932,6.877165,16:10:00,2024-04-22
202400013812,05:25,Nuit sans éclairage,61,61274,1,3,2,3.0,Intersection D37 / D613,48.510037,0.951154,05:25:00,2024-09-11
202400013813,10:00,Plein jour,29,29212,1,6,2,7.0,D789,48.36271957,-4.60064747,10:00:00,2024-11-19
202400013814,06:00,Crépuscule,26,26072,1,1,8,6.0,Autoroute A7 PK 050.500,45.112073,4.887886,06:00:00,2024-04-22
202400013815,09:15,Plein jour,03,03254,2,1,1,2.0,Route de Saulcet,46.312575,3.283858,09:15:00,2024-11-23
202400013816,19:13,Plein jour,49,49048,1,1,2,5.0,Route de Tiercé,47.593383,-0.490769,19:13:00,2024-09-08
202400013817,14:45,Plein jour,38,38019,1,1,1,3.0,"Autoroute A7 (S/N), PK 012+100",45.4212555,4.82791492,14:45:00,2024-04-21
202400013818,13:45,Plein jour,70,70245,1,1,4,6.0,Chemin des Moliéres,47.858706,6.392723,13:45:00,2024-11-22
202400013819,09:10,Plein jour,89,89055,2,1,1,1.0,Route de Joigny,47.989993,3.612351,09:10:00,2024-04-22
202400013820,03:00,Nuit sans éclairage,50,50543,1,1,1,6.0,Rue Montgomery,48.63237,-1.294971,03:00:00,2024-11-23
202400013821,18:40,Plein jour,68,68062,2,3,8,2.0,Route de Carspach,47.619055,7.223484,18:40:00,2024-09-10
202400013822,18:00,,53,53110,2,3,1,6.0,5 Rue de la Libération,47.873958,-0.522521,18:00:00,2024-11-22
202400013823,07:10,Plein jour,38,38110,1,1,1,1.0,Route des Dauphines,45.584728,4.891899,07:10:00,2024-04-16
202400013824,10:00,Plein jour,03,03138,1,1,1,3.0,Route de Paris,46.2472,3.6116,10:00:00,2024-09-12
202400013825,17:25,Plein jour,81,81038,2,2,1,3.0,1 Chemin de Labouyssière,43.8854443,1.9038268,17:25:00,2024-04-22
202400013826,06:45,Nuit sans éclairage,17,17394,2,1,1,7.0,19 Route de Surgères,46.115053,-0.682802,06:45:00,2024-11-23
202400013827,16:20,Plein jour,50,50580,1,1,1,3.0,le Moulin de Beauchamp,49.520793,-1.750624,16:20:00,2024-09-11
202400013828,16:05,Plein jour,40,40283,1,1,1,6.0,D824  sortie BUGLOSE,43.748855,-1.005507,16:05:00,2024-04-21
202400013829,01:37,Nuit sans éclairage,17,17309,1,1,1,7.0,Route du Petit Brandy,45.184651,-0.010229,01:37:00,2024-11-23
202400013830,18:20,Plein jour,36,36088,2,1,3,2.0,Boulevard de Stalingrad,46.949479,1.988075,18:20:00,2024-09-11
202400013831,22:13,Nuit sans éclairage,60,60138,1,1,1,1.0,D1330,49.216695,2.600425,22:13:00,2024-04-21
202400013832,12:20,Plein jour,16,16287,1,1,8,6.0,Unknown,45.608484,0.079774,12:20:00,2024-09-11
202400013833,08:35,Crépuscule,31,31587,2,3,1,1.0,1011 Route de Castelnau,43.768587,1.39713,08:35:00,2024-11-23
202400013834,08:30,Plein jour,62,62128,2,1,1,2.0,D42,50.313736,2.935501,08:30:00,2024-04-22
202400013835,01:20,Nuit sans éclairage,40,40152,1,2,1,7.0,D140,43.944795,-1.084248,01:20:00,2024-09-12
202400013836,19:30,Plein jour,13,13213,2,1,1,3.0,A507 sens Marseille - Aubagne,43.32494,5.42419,19:30:00,2024-04-21
202400013837,16:20,Plein jour,35,35206,2,3,1,6.0,1 Rue Nicolas Appert,48.041553,-1.670029,16:20:00,2024-11-22
202400013838,11:00,Plein jour,24,24547,2,2,1,6.0,Rue de la République,45.12536458,1.30501628,11:00:00,2024-09-12
202400013839,02:10,Nuit sans éclairage,06,06027,1,1,1,6.0,"A8, PK 183.173 chaussée nord",43.660491,7.160372,02:10:00,2024-11-23
202400013840,20:20,Crépuscule,85,85264,1,1,1,6.0,RD938 ter,46.713768,-0.682675,20:20:00,2024-09-12
202400013841,20:00,Plein jour,13,13117,1,1,6,2.0,A7-Sens Lyon vers Marseille,43.45417014,5.23712977,20:00:00,2024-04-20
202400013842,14:00,Plein jour,87,87127,1,1,1,1.0,D704,45.586969,1.219354,14:00:00,2024-09-12
202400013843,19:45,Plein jour,13,13211,2,1,1,4.0,A50-Sens Aubagne vers Marseille,43.28848,5.44278,19:45:00,2024-04-20
202400013844,18:15,Nuit sans éclairage,62,62019,1,1,1,5.0,A26,50.422413,2.720423,18:15:00,2024-11-22
202400013845,21:20,Nuit sans éclairage,37,37218,1,1,1,6.0,D59 PR 039+100 SENS SAINT-FLOVIER/CHATILLON SUR INDRE,46.970077,1.044624,21:20:00,2024-09-11
202400013846,15:00,Plein jour,83,83144,1,1,1,2.0,A57,43.13933231,5.99724126,15:00:00,2024-04-20
202400013847,16:45,Plein jour,48,48127,1,2,1,3.0,D50,44.612193,3.422284,16:45:00,2024-09-09
202400013848,20:00,,69,69029,2,1,1,2.0,Autoroute 43,45.72527,4.92226,20:00:00,2024-01-03
202400013849,17:25,Crépuscule,31,31254,1,1,1,2.0,D916,43.548781,1.499505,17:25:00,2024-11-22
202400013850,16:45,Plein jour,91,91179,1,1,1,7.0,AUTOROUTE A6,48.56718,2.47302,16:45:00,2024-04-21
202400013851,13:30,Plein jour,988,98805,2,6,1,3.0,Avenue Paul Emile Victor,-22.220865,166.471324,13:30:00,2024-09-11
202400013852,16:50,Plein jour,91,91174,1,1,1,2.0,RN 104,48.61021,2.44332,16:50:00,2024-04-21
202400013853,12:35,Plein jour,13,13114,1,1,1,2.0,D10,43.544955,5.343797,12:35:00,2024-11-23
202400013854,06:35,Nuit sans éclairage,35,35210,1,1,1,6.0,la Croix Huet,48.122473,-1.7856,06:35:00,2024-09-10
202400013855,12:30,Plein jour,91,91434,1,1,1,7.0,AUTOROUTE A6,48.668346,2.354154,12:30:00,2024-04-21
202400013856,21:55,Nuit sans éclairage,987,98750,1,1,1,7.0,Puohine pk 48,-16.82750492,-151.40346765,21:55:00,2024-11-22
202400013857,04:30,Nuit sans éclairage,91,91689,1,1,1,7.0,AUTOROUTE A6,48.7328,2.31572,04:30:00,2024-04-20
202400013858,15:55,Plein jour,39,39014,1,4,2,5.0,Unknown,47.138592,5.508957,15:55:00,2024-09-11
202400013859,17:40,Plein jour,78,78217,1,1,1,6.0,A13,48.963104,1.837474,17:40:00,2024-04-21
202400013860,05:15,Crépuscule,66,66037,2,6,1,6.0,Rond Point de l'Esparrou,42.69839534,3.02304804,05:15:00,2024-11-23
202400013861,16:15,Plein jour,92,92036,1,1,1,3.0,A86,48.93605164,2.2885251,16:15:00,2024-04-19
202400013862,14:19,Plein jour,34,34031,1,1,6,2.0,A9 pk 148.000,43.37671293,3.42130871,14:19:00,2024-09-11
202400013863,14:45,Plein jour,11,11322,1,3,1,3.0,Unknown,43.001038,2.965375,14:45:00,2024-11-22
202400013864,15:00,Plein jour,77,77520,1,1,1,6.0,A6 PK65+500,48.313191,2.635989,15:00:00,2024-09-12
202400013865,14:35,Plein jour,93,93053,1,1,1,2.0,A103,48.88700598,2.47505141,14:35:00,2024-04-21
202400013866,16:50,Crépuscule,34,34209,1,1,1,7.0,D37e17,43.317135,3.360293,16:50:00,2024-11-01
202400013867,08:00,Plein jour,973,97312,1,1,1,2.0,N1,5.409717,-53.02812,08:00:00,2024-09-09
202400013868,14:20,Plein jour,94,94073,1,1,1,5.0,A86,48.77079111,2.38643311,14:20:00,2024-04-21
202400013869,22:40,,13,13020,2,6,1,1.0,route du stade,43.3965,5.549871,22:40:00,2024-11-22
202400013870,13:55,Plein jour,971,97108,1,3,1,3.0,D203,15.880359,-61.233931,13:55:00,2024-09-12
202400013871,18:40,Nuit sans éclairage,74,74056,2,1,2,6.0,route blanche,45.919065,6.874233,18:40:00,2024-01-18
202400013872,13:12,Plein jour,74,74104,1,1,1,1.0,Piste Cyclable ,45.813292,6.208123,13:12:00,2024-02-18
202400013873,08:30,Plein jour,45,45297,2,1,8,3.0,12 rue de Paris,47.77419,2.372453,08:30:00,2024-09-12
202400013874,15:10,Crépuscule,67,67028,2,6,1,6.0,Rue de l'Europe,48.374839,7.588892,15:10:00,2024-11-20
202400013875,21:44,,74,74293,1,1,1,7.0,Route des Voirons ,46.270251,6.282206,21:44:00,2024-02-01
202400013876,11:48,Plein jour,77,77437,2,9,1,6.0,Carrefour Market (Supermarché),49.035519,2.800714,11:48:00,2024-09-07
202400013877,09:25,Plein jour,74,74256,2,1,1,6.0,rue St Eloi,45.935852,6.629503,09:25:00,2024-02-17
202400013878,11:10,Plein jour,67,67028,2,6,1,6.0,Rue de Strasbourg,48.372259,7.593296,11:10:00,2024-11-20
202400013879,19:00,Plein jour,83,83138,1,6,1,3.0,D562,43.609989,6.731988,19:00:00,2024-09-11
202400013880,16:00,Plein jour,74,74010,2,9,2,6.0,40 Avenue de champ fleuri,45.887596,6.099881,16:00:00,2024-02-09
202400013881,23:53,Nuit sans éclairage,74,74104,2,1,1,6.0,2191 Route d'annecy ,45.796938,6.212878,23:53:00,2024-02-17
202400013882,12:15,Plein jour,23,23067,1,1,7,6.0,Route de Crocq,45.71237262,2.28107929,12:15:00,2024-11-14
202400013883,13:17,Plein jour,74,74165,1,4,1,1.0,Route de saint félix ,45.827883,5.974744,13:17:00,2024-01-16
202400013884,17:30,Nuit sans éclairage,74,74282,1,9,4,6.0,Route des Glières (aviernoz),45.97885061,6.22369326,17:30:00,2024-01-09
202400013885,02:05,,10,10006,2,2,1,3.0,rue de troyes,48.535072,4.142897,02:05:00,2024-09-10
202400013886,08:00,Crépuscule,86,86054,1,1,7,6.0,D1,46.224337,0.327252,08:00:00,2024-11-22
202400013887,11:30,Plein jour,69,69067,1,1,1,2.0,Route de Malval,45.748151,4.578123,11:30:00,2024-09-11
202400013888,23:06,,59,59350,2,1,8,3.0,Rue de Turenne,50.62843,3.03752,23:06:00,2024-02-19
202400013889,00:20,,60,60439,2,1,1,6.0,586 Rue de l'Abattoir,49.311365,2.323231,00:20:00,2024-11-22
202400013890,12:00,Plein jour,974,97416,1,1,1,1.0,RN3 (ANCIENNE ROUTE),-21.30358162,55.49908841,12:00:00,2024-04-20
202400013891,18:25,Plein jour,81,81099,1,4,2,1.0,Route de Sénouillac,43.927597,1.915743,18:25:00,2024-09-11
202400013892,16:35,Plein jour,974,97416,2,1,1,2.0,BOISSY(CHEMIN),-21.34754,55.50171,16:35:00,2024-04-19
202400013893,06:00,Crépuscule,974,97411,1,9,1,1.0,MONTAGNE (ROUTE DE LA),-20.88691,55.43791,06:00:00,2024-04-20
202400013894,20:15,Nuit sans éclairage,13,13216,1,1,1,4.0,A55-Sens Marseille vers Martigues,43.34451,5.34686,20:15:00,2024-11-21
202400013895,16:55,Plein jour,974,97411,2,1,1,3.0,CAMELIAS (RUE DES),-20.8933,55.46252,16:55:00,2024-04-19
202400013896,17:38,Plein jour,35,35001,1,2,1,3.0,D92,48.132141,-1.520019,17:38:00,2024-09-11
202400013897,09:45,Plein jour,973,97302,2,1,1,1.0,MERE THERESA (rue),4.92187,-52.31203,09:45:00,2024-04-20
202400013898,18:45,,13,13214,1,1,1,2.0,A507 sens Aubagne- Marseille,43.33475,5.38259,18:45:00,2024-11-21
202400013899,07:00,Crépuscule,54,54232,1,1,2,6.0,Autoroute A 31,48.68058136,5.93929052,07:00:00,2024-09-10
202400013900,13:45,Plein jour,33,33122,1,1,1,4.0,Unknown,44.743335,-0.706281,13:45:00,2024-09-11
202400013901,01:32,,973,97302,2,2,1,3.0,PREVOT (ERNEST),4.93303,-52.3328,01:32:00,2024-04-20
202400013902,16:30,Plein jour,13,13070,1,1,1,4.0,A50-Sens Aubagne vers Marseille,43.28578,5.51291,16:30:00,2024-11-21
202400013903,00:41,,973,97302,2,9,1,7.0,BADUEL (ROUTE DE),4.92894141,-52.30020046,00:41:00,2024-04-20
202400013904,15:15,Plein jour,91,91235,1,1,1,4.0,RN 104,48.6241,2.371,15:15:00,2024-09-11
202400013905,07:23,Plein jour,13,13212,2,1,1,2.0,A507 sens Aubagne- Marseille,43.29655,5.42453,07:23:00,2024-11-21
202400013906,19:00,Plein jour,69,69383,2,1,1,6.0,Boulevard Marius Vivier-Merle,45.7606,4.8581,19:00:00,2024-04-20
202400013907,10:24,Plein jour,92,92025,1,1,8,4.0,A86,48.92961983,2.24118814,10:24:00,2024-09-11
202400013908,09:45,Plein jour,92,92036,1,1,2,2.0,A86,48.93396369,2.27854997,09:45:00,2024-09-11
202400013909,18:01,Nuit sans éclairage,13,13211,1,1,1,2.0,A507 sens Aubagne- Marseille,43.29057634,5.48838204,18:01:00,2024-11-16
202400013910,12:55,Plein jour,69,69386,2,2,1,3.0,Rue Bossuet,45.76784,4.85069,12:55:00,2024-04-20
202400013911,16:50,Plein jour,93,93008,1,1,1,3.0,AUTOROUTE A86,48.91200351,2.43837476,16:50:00,2024-09-10
202400013912,03:19,Nuit sans éclairage,59,59462,1,1,1,2.0,AUTOROUTE A1,50.5102145,3.0285714,03:19:00,2024-11-21
202400013913,07:15,Crépuscule,69,69381,2,9,1,6.0,Quai André Lassagne,45.77232182,4.83834132,07:15:00,2024-04-20
202400013914,14:15,Plein jour,95,95219,1,1,1,3.0,A115,48.99650497,2.24646002,14:15:00,2024-09-09
202400013915,23:00,,94,94028,1,9,1,2.0,A86,48.780132,2.441081,23:00:00,2024-09-10
202400013916,12:00,Plein jour,972,97213,2,1,1,2.0,ROUTE NATIONALE 1,14.64817,-60.97438,12:00:00,2024-04-20
202400013917,13:30,Plein jour,42,42218,2,1,1,6.0,Place Sadi-carnot,45.44820809,4.38600258,13:30:00,2024-04-28
202400013918,07:00,Nuit sans éclairage,91,91570,1,1,4,4.0,RN 104,48.62527,2.30697,07:00:00,2024-11-22
202400013919,19:40,,972,97209,2,1,1,1.0,DOCTEUR JUVENAL LINVAL  (AVENUE DU),14.61095,-61.07618,19:40:00,2024-04-19
202400013920,10:10,Plein jour,42,42218,2,2,1,3.0,Boulevard Fauriat,45.442077,4.408362,10:10:00,2024-03-19
202400013921,07:45,Plein jour,971,97101,1,1,1,7.0,BEAUSOLEIL,16.28374,-61.47856,07:45:00,2024-04-20
202400013922,08:55,Plein jour,91,91477,2,1,1,6.0,GEORGE SAND (RUE),48.70511,2.24232,08:55:00,2024-04-20
202400013923,22:10,,84,84007,2,6,1,1.0,C.De GAULLE (Rocade),43.92876,4.81178,22:10:00,2024-04-19
202400013924,21:30,,42,42218,2,2,1,3.0,Rue de la Mulatière,45.433934,4.392508,21:30:00,2024-03-17
202400013925,16:20,Plein jour,83,83103,2,1,1,1.0,BARBOULENE (CHEMIN DE),43.17948443,5.92270052,16:20:00,2024-04-20
202400013926,09:55,Plein jour,42,42176,1,1,1,2.0,Unknown,46.05079285,3.95741701,09:55:00,2024-02-29
202400013927,10:15,Plein jour,83,83062,1,1,1,1.0,ASTOURET (CHEMIN D'),43.11517231,6.04573846,10:15:00,2024-04-20
202400013928,12:40,Plein jour,83,83129,2,5,1,6.0,CAP NEGRE (ALLEE ET CHE),43.10321373,5.81284475,12:40:00,2024-04-16
202400013929,13:30,Plein jour,974,97416,1,1,1,6.0,YOURI GAGARINE(RUE),-21.32767,55.47715,13:30:00,2024-09-10
202400013930,16:40,Plein jour,80,80021,2,1,1,3.0,Rue Cagnard,49.90346,2.2869,16:40:00,2024-04-20
202400013931,07:20,Plein jour,974,97416,2,1,1,7.0,DIAGONALE(CHEMIN),-21.29583,55.47184,07:20:00,2024-09-10
202400013932,23:23,Nuit sans éclairage,94,94021,1,1,4,5.0,A6B,48.76988941,2.34441754,23:23:00,2024-11-21
202400013933,11:45,Plein jour,78,78481,2,1,1,6.0,SARTROUVILLE (ROUTE DE),48.904417,2.115301,11:45:00,2024-04-20
202400013934,23:23,Nuit sans éclairage,94,94021,1,1,4,3.0,A6B,48.77043046,2.34474022,23:23:00,2024-11-21
202400013935,22:01,,75,75107,2,1,1,6.0,PONT ALEXANDRE III,48.86349139,2.31350183,22:01:00,2024-12-27
202400013936,00:40,,75,75107,2,3,1,7.0,RUE DE SEVRES,48.846113,2.314249,00:40:00,2024-12-28
202400013937,20:00,Plein jour,77,77464,2,1,1,7.0,RAYMOND POINCARE  (RUE   ),48.88237,2.70555,20:00:00,2024-04-20
202400013938,18:50,Nuit sans éclairage,92,92072,1,1,1,3.0,N118,48.82499763,2.221007,18:50:00,2024-11-22
202400013939,07:45,Plein jour,974,97411,1,1,1,4.0,LITTORAL (ROUTE 1 DU),-20.88313,55.39251,07:45:00,2024-09-09
202400013940,21:15,,75,75102,2,2,1,2.0,RUE REAUMUR,48.868143,2.343605,21:15:00,2024-12-28
202400013941,13:55,Plein jour,77,77132,2,1,1,2.0,D344,48.87441,2.802,13:55:00,2024-04-20
202400013942,16:15,Plein jour,974,97409,1,1,1,1.0,BRAS MOUSSELINE (chemin du),-20.96521,55.61556,16:15:00,2024-09-09
202400013943,17:35,Crépuscule,78,78423,1,1,4,6.0,A12 Y,48.79822,2.0432,17:35:00,2024-11-21
202400013944,12:30,Plein jour,94,94068,2,2,8,3.0,Avenue de l’Alma,48.78599895,2.49520352,12:30:00,2024-12-28
202400013945,18:30,Plein jour,76,76681,2,7,1,3.0,Place Charles de Gaulle,49.41111,1.09312,18:30:00,2024-04-20
202400013946,04:49,Nuit sans éclairage,92,92025,1,1,1,5.0,A86,48.93209062,2.2474493,04:49:00,2024-11-21
202400013947,19:00,,973,97302,1,1,1,3.0,ROUTE NATIONALE 1,4.90281,-52.32435,19:00:00,2024-09-09
202400013948,20:00,Crépuscule,73,73008,2,2,1,2.0,GRAND PORT (JUSQU'A L'HOPITAL) AVENUE DU,45.70464602,5.89091372,20:00:00,2024-04-20
202400013949,17:05,Nuit sans éclairage,92,92050,1,1,2,3.0,A86,48.90384699,2.20688403,17:05:00,2024-11-20
202400013950,18:30,,94,94041,2,1,1,1.0,Avenue Jean Jaurès,48.81111,2.40321,18:30:00,2024-12-28
202400013951,01:00,,75,75120,2,1,1,6.0,ECHANGEUR BAGNOLET,48.86339493,2.4139148,01:00:00,2024-02-01
202400013952,16:30,Plein jour,973,97302,2,1,1,6.0,MADELEINE (ROUTE DE LA),4.92106,-52.32208,16:30:00,2024-09-09
202400013953,16:20,Plein jour,72,72181,2,3,1,3.0,LAIGNE RUE DE N° IMP 229 A 385,47.96607,0.20956,16:20:00,2024-04-19
202400013954,23:30,Nuit sans éclairage,95,95582,1,1,4,6.0,A15,48.9657215,2.25905663,23:30:00,2024-11-21
202400013955,23:00,,94,94078,2,1,1,2.0,Avenue Carnot,48.73303,2.4487,23:00:00,2024-12-27
202400013956,18:45,,75,75119,2,2,1,6.0,RUE DE CRIMEE,48.885863,2.382267,18:45:00,2024-02-02
202400013957,14:00,Plein jour,72,72181,2,1,1,4.0,GAULLE GENERAL DE (AV DU),48.00409,0.20171,14:00:00,2024-04-19
202400013958,19:55,Nuit sans éclairage,93,93072,2,1,8,1.0,JEAN PIERRE TIMBAUD,48.95994,2.37636,19:55:00,2024-12-28
202400013959,17:05,Plein jour,972,97213,1,1,1,4.0,AUTOROUTE A1,14.61819,-61.02885,17:05:00,2024-09-10
202400013960,23:40,Nuit sans éclairage,95,95394,1,1,4,4.0,A115,49.04710157,2.18446331,23:40:00,2024-11-21
202400013961,15:55,Plein jour,75,75117,2,3,1,2.0,AVENUE DE WAGRAM,48.885912,2.303863,15:55:00,2024-02-02
202400013962,17:30,Plein jour,69,69256,2,1,1,1.0,12 Rue du Canal,45.77187,4.90349,17:30:00,2024-04-20
202400013963,17:20,,92,92064,2,1,1,2.0,GENERAL LECLERC,48.84101677,2.2071821,17:20:00,2024-12-28
202400013964,12:05,Plein jour,75,75117,2,2,1,6.0,RUE SAINT FERDINAND,48.879072,2.290959,12:05:00,2024-02-02
202400013965,00:05,Nuit sans éclairage,95,95582,1,1,4,7.0,A15,48.96556782,2.25950631,00:05:00,2024-11-22
202400013966,17:15,Plein jour,69,69092,2,6,1,7.0,Chemin des Rousses,45.99499979,4.7072409,17:15:00,2024-04-16
202400013967,09:45,Plein jour,972,97213,1,1,1,3.0,Z I LA JAMBETTE,14.61682,-61.03243,09:45:00,2024-09-10
202400013968,19:10,,92,92036,2,1,1,3.0,MARCEL CACHIN (RUE),48.92703789,2.28880048,19:10:00,2024-12-28
202400013969,18:30,Crépuscule,75,75116,2,2,1,1.0,PLACE DE LA PORTE DE PASSY,48.857687,2.263572,18:30:00,2024-01-31
202400013970,11:30,Plein jour,93,93010,1,1,1,3.0,AUTOROUTE A3,48.90207598,2.47041227,11:30:00,2024-11-20
202400013971,02:15,,92,92060,2,1,5,6.0,RESISTANCE (AVENUE DE LA) (RD 75),48.78319,2.27456,02:15:00,2024-12-28
202400013972,18:55,Plein jour,67,67482,2,1,9,3.0,SALLUSTE (RUE),48.58314,7.69725,18:55:00,2024-04-20
202400013973,10:15,Plein jour,972,97209,2,1,1,2.0,Bretelle sortie A1,14.61841,-61.03746,10:15:00,2024-09-10
202400013974,02:45,,92,92023,2,7,5,6.0,GEORGES POMPIDOU (PLACE),48.78486,2.23778,02:45:00,2024-12-28
202400013975,17:20,Crépuscule,93,93005,1,1,2,3.0,AUTOROUTE A3,48.94886832,2.47513461,17:20:00,2024-11-19
202400013976,12:35,Plein jour,75,75114,2,3,1,3.0,AVENUE DU MAINE,48.829712,2.326095,12:35:00,2024-02-02
202400013977,23:18,,64,64102,2,3,1,3.0,BASQUES (PLACE DES),43.49452,-1.47778,23:18:00,2024-04-20
202400013978,05:08,Nuit sans éclairage,972,97209,2,1,3,7.0,LOUIS DOMERGUE (AVENUE),14.61,-61.05085,05:08:00,2024-09-09
202400013979,19:42,,92,92032,2,3,1,3.0,LANGEVIN PAUL (AVENUE),48.783228,2.28668332,19:42:00,2024-12-28
202400013980,14:50,Plein jour,95,95527,1,1,2,2.0,A1,48.98623911,2.50657336,14:50:00,2024-11-19
202400013981,11:05,Plein jour,75,75114,2,2,1,6.0,RUE DES PLANTES,48.826179,2.3196,11:05:00,2024-01-31
202400013982,14:30,Plein jour,971,97101,2,2,1,2.0,JEAN  IGNACE (RUE) ,16.25039,-61.51986,14:30:00,2024-09-10
202400013983,22:53,,92,92002,2,1,1,7.0,ADOLPHE PAJEAUD (RUE),48.74262138,2.28665672,22:53:00,2024-12-28
202400013984,08:00,Plein jour,75,75056,1,1,2,6.0,AUTOROUTE A3,48.86634267,2.41388619,08:00:00,2024-11-19
202400013985,17:58,Plein jour,63,63113,2,5,1,3.0,LAFAYETTE / Bingen,45.76679,3.10702,17:58:00,2024-04-20
202400013986,11:30,Plein jour,2A,2A065,1,1,1,7.0,RD 81,42.12253,8.647431,11:30:00,2024-12-28
202400013987,14:31,Plein jour,75,75110,2,2,1,3.0,RUE DU FAUBOURG SAINT MARTIN,48.871759,2.357192,14:31:00,2024-02-02
202400013988,22:25,Nuit avec éclairage,59,59279,2,1,2,6.0,LILLE (RUE DE),50.77945,3.12506,22:25:00,2024-04-20
202400013989,07:20,Plein jour,971,97113,1,1,1,2.0,RN4 - SECTION RIVIERA,16.2176,-61.49372,07:20:00,2024-09-10
202400013990,08:40,Plein jour,95,95252,1,1,2,5.0,A15,48.9773115,2.23313127,08:40:00,2024-11-18
202400013991,10:00,Plein jour,2A,2A212,1,1,1,6.0,Piana,42.21205,8.656465,10:00:00,2024-12-29
202400013992,10:30,Plein jour,75,75107,2,1,1,6.0,AVENUE DE LA BOURDONNAIS,48.855124,2.304106,10:30:00,2024-02-02
202400013993,17:15,Plein jour,59,59350,2,1,1,6.0,Boulevard Victor Hugo,50.6198,3.0545,17:15:00,2024-04-19
202400013994,06:45,,74,74078,1,1,5,6.0,La croix rouge,45.980644,5.915644,06:45:00,2024-11-21
202400013995,11:10,Plein jour,2A,2A004,2,9,1,3.0,#CAMPI LOUIS BD#,41.94484,8.75761,11:10:00,2024-08-07
202400013996,13:45,Plein jour,94,94081,2,3,1,3.0,Avenue du Moulin de Saquet / Rue Puccini,48.791545,2.382753,13:45:00,2024-02-02
202400013997,10:40,Plein jour,56,56083,2,2,1,3.0,Avenue Salvador Allende,47.81063,-3.25234,10:40:00,2024-04-20
202400013998,22:20,,14,14366,2,6,1,2.0,2 Avenue du 6 Juin,49.14425,0.22107,22:20:00,2024-05-22
202400013999,15:30,Plein jour,95,95585,2,1,8,6.0,D125,48.98398735,2.38777608,15:30:00,2024-09-10
202400014000,09:30,Plein jour,94,94068,2,3,2,2.0,Boulevard Maurice Berteaux / Rue Henri Barbusse,48.81165646,2.46886633,09:30:00,2024-02-01
202400014001,16:45,Plein jour,52,52384,1,1,5,2.0,A31,47.80275453,5.22479758,16:45:00,2024-12-29
202400014002,08:30,Plein jour,95,95585,2,1,1,6.0,D125,48.984142,2.387309,08:30:00,2024-09-10
202400014003,17:45,Plein jour,54,54263,2,3,1,1.0,rue Jean Moulin,49.22452,6.00055,17:45:00,2024-04-19
202400014004,07:00,Plein jour,974,97412,2,1,1,1.0,N1002,-21.373522,55.604462,07:00:00,2024-09-21
202400014005,13:30,Plein jour,67,67117,1,1,8,7.0,D1004,48.767404,7.314588,13:30:00,2024-12-29
202400014006,21:10,,94,94058,2,1,1,3.0,Avenue de Bry,48.83537498,2.4964455,21:10:00,2024-02-02
202400014007,10:20,Plein jour,95,95277,2,1,1,3.0,MARECHAL FOCH (AVENUE DU),49.00031,2.41955,10:20:00,2024-09-10
202400014008,17:27,Plein jour,51,51525,2,2,1,3.0,SOGNY (RTE DE),48.919202,4.398828,17:27:00,2024-04-20
202400014009,17:00,Plein jour,94,94052,2,3,1,3.0,Boulevard de Strasbourg / Rue du Général Faidherbe,48.83705277,2.47655853,17:00:00,2024-02-02
202400014010,08:07,Plein jour,95,95219,2,9,1,6.0,D502,48.99745564,2.2540791,08:07:00,2024-09-10
202400014011,15:30,Plein jour,19,19072,1,1,1,5.0,"Autoroute A20,PK265+780 SENS 1",45.2167899,1.51364705,15:30:00,2024-12-29
202400014012,06:25,Nuit sans éclairage,49,49246,1,1,1,2.0,A87,47.43486,-0.50861,06:25:00,2024-04-20
202400014013,16:05,Plein jour,94,94015,2,1,1,6.0,Avenue Georges Clémenceau,48.844579,2.533153,16:05:00,2024-02-02