Num_Acc,hrmn,lum,dep,com,agg,int,atm,col,adr,lat,long,heure,date
202400014014,16:30,Plein jour,971,97132,1,1,1,1.0,Sapotille,15.989013,-61.635457,16:30:00,2024-12-28
202400014015,17:52,Plein jour,45,45004,2,1,8,7.0,53 Rue Francis Prieur,47.972937,2.74916,17:52:00,2024-04-16
202400014016,17:50,Plein jour,91,91552,1,1,1,4.0,RTE NATIONALE 20,48.603276,2.248128,17:50:00,2024-09-10
202400014017,16:08,Crépuscule,67,67105,2,1,7,6.0,Rue de Weyer,48.863346,7.184179,16:08:00,2024-12-28
202400014018,14:50,Plein jour,94,94028,2,1,2,2.0,Rue Maurice Demenitroux,48.788799,2.454848,14:50:00,2024-02-01
202400014019,17:00,Plein jour,43,43041,2,9,1,3.0,Route de Coubon,45.04839432,3.91584843,17:00:00,2024-04-19
202400014020,00:30,Nuit sans éclairage,80,80341,1,1,1,7.0,D141,49.913091,2.102916,00:30:00,2024-12-29
202400014021,11:40,Plein jour,91,91549,2,3,1,6.0,LIBERTE (AVENUE DE LA),48.63977,2.34892,11:40:00,2024-09-10
202400014022,05:10,,94,94022,2,1,1,6.0,Avenue Jean Jaurès,48.765178,2.407966,05:10:00,2024-02-02
202400014023,17:40,Nuit sans éclairage,11,11290,1,1,1,6.0,D625,43.16385,1.822265,17:40:00,2024-12-28
202400014024,17:10,Plein jour,37,37261,2,1,1,3.0,ENTRAIGUES (RUE D'),47.38666,0.68007,17:10:00,2024-04-19
202400014025,06:20,Nuit sans éclairage,42,42177,1,1,5,6.0,Rue de Roanne,46.123218,4.107808,06:20:00,2024-12-29
202400014026,13:30,Plein jour,83,83137,2,1,1,1.0,15EME CORPS (AVE DU),43.12858,5.91307,13:30:00,2024-09-10
202400014027,21:40,,94,94019,2,3,1,3.0,Route du Plessis / Avenue d'Autun,48.79940303,2.5453898,21:40:00,2024-01-31
202400014028,14:40,Plein jour,83,83069,2,1,1,6.0,FERRARI (RUE SOLDAT),43.11894,6.13372,14:40:00,2024-09-09
202400014029,18:15,Plein jour,34,34108,2,1,7,2.0,FRANCE ANATOLE (RUE),43.44854,3.75277,18:15:00,2024-04-20
202400014030,14:45,Plein jour,86,86244,2,1,1,1.0,16 Rue du Four,46.359801,0.053204,14:45:00,2024-12-28
202400014031,13:50,Plein jour,93,93078,2,6,1,3.0,Avenue Vauban / Avenue Georges Clémenceau,48.96483,2.55297,13:50:00,2024-02-02
202400014032,08:40,Plein jour,80,80021,2,1,1,6.0,Rue de Cottenchy,49.88434,2.31221,08:40:00,2024-09-09
202400014033,10:30,Plein jour,34,34317,2,1,1,6.0,29 Route de Saint Maurice,43.790783,3.459433,10:30:00,2024-12-20
202400014034,19:50,Plein jour,80,80021,2,1,1,7.0,Rue Lescouvé,49.88855,2.26752,19:50:00,2024-09-08
202400014035,04:45,,34,34172,2,1,1,6.0,MAS SAINT PIERRE (RUE DU),43.58193,3.88022,04:45:00,2024-04-20
202400014036,16:55,Nuit sans éclairage,44,44021,1,1,2,6.0,La Glemerie,47.063165,-1.916063,16:55:00,2024-12-28
202400014037,12:15,Plein jour,93,93073,1,2,1,3.0,Rue du Sonnet / Rue des Terres Noires,49.00259,2.53331,12:15:00,2024-02-02
202400014038,08:38,Plein jour,13,13083,1,1,1,1.0,N1007,43.915329,4.785845,08:38:00,2024-12-27
202400014039,17:30,Plein jour,80,80021,2,3,1,3.0,Rue Saint-Honoré,49.88620743,2.28673071,17:30:00,2024-09-08
202400014040,08:40,Plein jour,93,93077,2,6,1,6.0,Avenue de la République / Rue Pasteur,48.886691,2.51232,08:40:00,2024-02-02
202400014041,19:05,Plein jour,33,33522,2,6,1,1.0,Unknown,44.8125,-0.59079,19:05:00,2024-04-20
202400014042,17:45,Nuit sans éclairage,02,02359,1,1,5,6.0,Unknown,49.809739,3.286795,17:45:00,2024-12-28
202400014043,21:25,,93,93006,2,3,2,6.0,Avenue Pasteur / Avenue de la Dhuys,48.876207,2.422337,21:25:00,2024-02-02
202400014044,19:20,Plein jour,78,78168,2,2,1,3.0,Route nationale 10,48.74679,1.92113,19:20:00,2024-09-09
202400014045,01:30,Nuit sans éclairage,33,33529,1,1,1,1.0,Unknown,44.62675,-1.15815,01:30:00,2024-04-20
202400014046,02:00,Nuit sans éclairage,01,01163,1,1,5,6.0,Route de Jayat,46.366931,5.160348,02:00:00,2024-12-29
202400014047,09:10,Plein jour,93,93010,2,3,1,6.0,Rue Jean Jaurés / Rue des Droits de l'Homme,48.90051371,2.47653466,09:10:00,2024-02-02
202400014048,15:30,Plein jour,31,31555,2,1,1,6.0,BD DE STRASBOURG,43.606176,1.446056,15:30:00,2024-04-20
202400014049,14:50,Plein jour,16,16281,2,1,1,6.0,9 Rue des Tanneurs,45.740734,0.383021,14:50:00,2024-12-28
202400014050,21:35,Nuit sans éclairage,85,85018,1,1,8,7.0,les sartières,46.91257,-2.092,21:35:00,2024-12-28
202400014051,16:20,Plein jour,93,93008,2,1,1,1.0,ROLLAND (RUE ROMAIN),48.9141,2.42592,16:20:00,2024-02-02
202400014052,08:50,Plein jour,77,77058,2,9,1,3.0,LA HAYE (BOULEVARD DE),48.83399,2.72287,08:50:00,2024-09-10
202400014053,01:35,Nuit sans éclairage,31,31555,2,1,1,5.0,VA008482 A624,43.606,1.393,01:35:00,2024-04-20
202400014054,10:20,Plein jour,30,30062,1,1,1,6.0,Unknown,43.776533,4.183069,10:20:00,2024-12-29
202400014055,17:45,Plein jour,31,31555,2,1,1,6.0,RUE EDMOND ROSTAND,43.644358,1.453,17:45:00,2024-04-19
202400014056,08:50,Crépuscule,24,24293,1,1,8,3.0,D710,44.797684,1.004718,08:50:00,2024-12-29
202400014057,08:20,Plein jour,93,93008,2,2,8,4.0,Rue de la Déviation / Avenue Jean Jaurès,48.90390869,2.43970782,08:20:00,2024-02-02
202400014058,20:01,Plein jour,27,27229,2,1,1,3.0,MENDES FRANCE (RUE PIERRE),49.03142,1.15208,20:01:00,2024-04-20
202400014059,15:00,Plein jour,35,35352,1,6,1,6.0,Rond-point de la Croix Rouge,48.049239,-1.608569,15:00:00,2024-12-27
202400014060,15:20,Plein jour,76,76540,2,2,2,2.0,Route de Lyons la Foret,49.43650185,1.13434083,15:20:00,2024-09-10
202400014061,17:40,,06,06084,1,2,1,1.0,Route de Valbonne,43.64094094,6.98453665,17:40:00,2024-12-28
202400014062,18:40,,92,92073,2,1,1,3.0,DUCLAUX (RUE EMILE),48.87942186,2.23514771,18:40:00,2024-02-02
202400014063,23:05,,13,13209,2,6,1,1.0,AVIATEUR LE BRIX (RUE),43.2626,5.40472,23:05:00,2024-04-20
202400014064,17:10,Plein jour,74,74012,2,1,1,3.0,THONON (ROUTE DE),46.19556,6.26143,17:10:00,2024-09-10
202400014065,01:24,,92,92051,2,1,1,2.0,"CHARLES DE GAULLE (AVENUE, N° 18 A 116)",48.87900933,2.27950859,01:24:00,2024-02-02
202400014066,02:50,,13,13063,2,6,1,1.0,HUIT MAI 1945 AVENUE DU,43.59816,5.00582,02:50:00,2024-04-20
202400014067,13:30,Plein jour,92,92044,2,1,1,6.0,VILLIERS(RUE DE)  2A52,48.88830909,2.28166357,13:30:00,2024-02-02
202400014068,08:30,Plein jour,74,74305,2,1,1,3.0,MONTREAL (RUE DE),46.20385,6.27856,08:30:00,2024-09-10
202400014069,21:33,Nuit sans éclairage,72,72022,1,1,1,5.0,Pk 215+000 - Autoroute A11,47.77451766,-0.21424301,21:33:00,2024-12-28
202400014070,03:55,Nuit sans éclairage,11,11069,2,1,1,6.0,Unknown,43.2321,2.35269,03:55:00,2024-04-20
202400014071,19:45,Plein jour,92,92026,2,1,1,6.0,CHARRAS,48.89507,2.24978,19:45:00,2024-02-02
202400014072,12:00,Plein jour,66,66172,2,1,1,1.0,Avenue Gilbert Brutus,42.70955947,2.85039693,12:00:00,2024-12-29
202400014073,07:45,Plein jour,73,73087,2,6,1,3.0,D14 LABIAZ (ROUTE DE),45.571965,5.89046,07:45:00,2024-09-10
202400014074,16:33,Plein jour,92,92014,2,1,1,3.0,MONTROUGE (AVENUE DE) ,48.7863957,2.31169179,16:33:00,2024-02-02
202400014075,18:55,Plein jour,11,11069,2,1,1,1.0,2 Allée des Pins,43.21444,2.29035,18:55:00,2024-04-19
202400014076,10:30,Plein jour,83,83001,1,1,1,6.0,"A8, PK 147.200 SUD",43.541502,6.836565,10:30:00,2024-12-29
202400014077,09:30,Plein jour,72,72181,2,1,1,6.0,MAILLETS (RUE DES) IMP 37 A 159,48.01549,0.21298,09:30:00,2024-09-09
202400014078,20:30,,92,92004,2,6,8,6.0,VOLTAIRE ( BD ),48.91254069,2.29603636,20:30:00,2024-02-01
202400014079,02:40,,06,06088,2,1,1,6.0,223 Promenade des Anglais,43.68418,7.23501,02:40:00,2024-04-20
202400014080,11:10,Plein jour,67,67482,2,1,8,6.0,BOECKLIN (RUE),48.60279,7.78286,11:10:00,2024-09-09
202400014081,20:09,,38,38475,2,2,5,2.0,"RD75, Le  Chaffard",45.668145,5.143063,20:09:00,2024-12-28
202400014082,18:15,Nuit sans éclairage,76,76543,1,2,8,3.0,D149,49.610969,0.497649,18:15:00,2024-02-02
202400014083,16:20,Plein jour,06,06069,1,1,1,3.0,63 Avenue Jean Maubert (ancienne route du Plan),43.64994,6.94967,16:20:00,2024-04-19
202400014084,18:35,Plein jour,65,65100,1,2,1,1.0,Avenue Saint Exupery,43.26313388,0.02712449,18:35:00,2024-09-10
202400014085,11:10,Plein jour,73,73073,2,2,8,3.0,D921 route du canal,45.810323,5.795052,11:10:00,2024-02-03
202400014086,14:56,Plein jour,03,03098,2,1,1,2.0,Avenue du 4 Septembre,46.35843,2.61718,14:56:00,2024-04-20
202400014087,19:37,,60,60142,2,3,1,6.0,644 Rue de Paris,49.125539,2.533502,19:37:00,2024-12-28
202400014088,21:15,,64,64483,1,1,1,2.0,RD810,43.41311,-1.61577,21:15:00,2024-09-10
202400014089,14:30,Plein jour,43,43096,2,4,1,3.0,Avenue Henri Veysseyre,45.288429,3.41855,14:30:00,2024-02-03
202400014090,12:45,Plein jour,971,97125,2,1,1,6.0,Route de l?Anse a l?Eau,16.304926,-61.272538,12:45:00,2024-12-29
202400014091,09:05,Plein jour,64,64102,2,9,2,7.0,PONT MAYOU,43.49232099,-1.47408307,09:05:00,2024-09-09
202400014092,07:52,Plein jour,01,01053,2,3,1,3.0,ALSACE LORRAINE (AVENUE ),46.2041,5.2242,07:52:00,2024-04-02
202400014093,12:10,Plein jour,45,45227,1,3,1,1.0,D953 PR 0 + 823,47.717691,2.579529,12:10:00,2024-12-29
202400014094,01:20,Plein jour,75,75119,2,1,1,2.0,BD PERIPHERIQUE INTERIEUR,48.882044,2.401477,01:20:00,2024-04-20
202400014095,18:57,Plein jour,63,63113,2,1,1,1.0,VIVIANI (RUE),45.80732,3.11931,18:57:00,2024-09-10
202400014096,13:55,Plein jour,62,62393,1,1,1,1.0,D229,50.92049278,2.00112306,13:55:00,2024-02-02
202400014097,19:10,Nuit sans éclairage,77,77099,1,1,5,6.0,D7,48.137626,2.698388,19:10:00,2024-12-28
202400014098,20:58,Nuit avec éclairage,75,75120,2,1,1,3.0,BD PERIPHERIQUE EXTERIEUR,48.859012,2.41433,20:58:00,2024-04-19
202400014099,07:15,Crépuscule,11,11111,1,1,1,7.0,Unknown,43.209375,2.818615,07:15:00,2024-02-03
202400014100,08:00,Plein jour,59,59032,2,1,1,2.0,LIBERATION (AVENUE DE LA),50.33589,3.52384,08:00:00,2024-09-08
202400014101,15:10,Plein jour,77,77470,1,1,5,6.0,D1004,48.736822,2.763539,15:10:00,2024-12-28
202400014102,18:50,Plein jour,75,75118,2,1,1,6.0,RUE SIMART,48.890037,2.349006,18:50:00,2024-04-20
202400014103,07:50,Plein jour,59,59599,2,1,1,3.0,Rue Robert Schuman,50.743925,3.178403,07:50:00,2024-09-10
202400014104,18:35,Crépuscule,67,67437,2,3,1,3.0,31 Rue Saint Nicolas,48.73453,7.371413,18:35:00,2024-02-02
202400014105,20:50,,2A,2A247,2,6,1,3.0,#Avenue de Bastia#,41.60285334,9.2766881,20:50:00,2024-12-28
202400014106,09:05,Plein jour,59,59009,2,1,1,6.0,8 MAI 1945 RUE DU PETITS N° JUSQUE 60,50.625,3.1529,09:05:00,2024-09-10
202400014107,22:36,,66,66008,2,1,1,6.0,21 Rue Arthur Rimbaud,42.546216,3.028976,22:36:00,2024-12-28
202400014108,22:10,,75,75111,2,2,1,3.0,BOULEVARD VOLTAIRE,48.865168,2.367665,22:10:00,2024-04-20
202400014109,06:55,Plein jour,971,97132,1,1,1,5.0,Axe RN1,15.995573,-61.638193,06:55:00,2024-01-20
202400014110,06:00,Crépuscule,75,75111,2,1,1,6.0,AVENUE PHILIPPE AUGUSTE,48.856412,2.390968,06:00:00,2024-04-20
202400014111,15:15,Plein jour,59,59350,2,9,1,3.0,Place Augustin Laurent,50.63146,3.07157,15:15:00,2024-08-31
202400014112,18:50,Nuit sans éclairage,66,66164,1,1,1,4.0,Départementale 900,42.775692,2.90237,18:50:00,2024-12-28
202400014113,14:55,Plein jour,59,59278,1,6,1,3.0,M207,50.61138,2.951959,14:55:00,2024-02-02
202400014114,16:25,Crépuscule,75,75108,2,2,1,3.0,BOULEVARD MALESHERBES,48.873495,2.320994,16:25:00,2024-04-19
202400014115,23:50,Nuit sans éclairage,66,66108,1,1,1,6.0,D612,42.714567,2.681533,23:50:00,2024-12-28
202400014116,21:50,,94,94041,2,8,1,6.0,Avenue de Verdun,48.8146,2.36916,21:50:00,2024-04-20
202400014117,16:05,Plein jour,54,54528,1,4,1,4.0,RD960,48.64006,5.86461,16:05:00,2024-09-09
202400014118,21:35,,66,66208,1,1,1,6.0,Unknown,42.63768287,2.93711543,21:35:00,2024-12-28
202400014119,20:52,Nuit sans éclairage,60,60358,1,3,1,3.0,D25,49.204259,2.932942,20:52:00,2024-02-02
202400014120,15:20,Plein jour,94,94021,2,3,1,3.0,Av du Pdt Franklin Roosevelt / Allée du Président Kennedy,48.77169,2.35973,15:20:00,2024-04-19
202400014121,14:00,Plein jour,54,54395,2,1,1,2.0,Rue Marcel Brot,48.68307936,6.20295167,14:00:00,2024-09-09
202400014122,14:10,Plein jour,95,95149,1,1,2,3.0,D316,49.12893713,2.43133628,14:10:00,2024-02-03
202400014123,18:30,Plein jour,93,93031,2,1,1,6.0,Unknown,48.95837402,2.28994846,18:30:00,2024-04-19
202400014124,13:49,Plein jour,65,65427,2,1,1,7.0,D924,42.968284,0.610828,13:49:00,2024-12-28
202400014125,18:00,Plein jour,65,65185,1,1,1,1.0,Route des Pyrénées,43.271979,-0.114927,18:00:00,2024-02-02
202400014126,18:53,Plein jour,93,93031,2,1,1,6.0,Rue de Brest,48.958325,2.289717,18:53:00,2024-04-19
202400014127,00:50,Nuit sans éclairage,17,17232,1,1,1,7.0,D127,45.653202,-0.805242,00:50:00,2024-12-28
202400014128,10:45,Plein jour,51,51454,2,1,1,6.0,JUIN (AVENUE DU MARECHAL),49.2258,4.01676,10:45:00,2024-09-10
202400014129,08:45,Plein jour,11,11262,1,1,1,1.0,Unknown,43.212964,3.031969,08:45:00,2024-02-03
202400014130,13:33,Plein jour,13,13213,1,1,1,3.0,A507 sens Aubagne- Marseille,43.33001,5.40668,13:33:00,2024-12-13
202400014131,13:00,Plein jour,50,50129,2,1,1,6.0,DOLET (RUE ETIENNE),49.62648,-1.64595,13:00:00,2024-09-09
202400014132,00:30,Nuit sans éclairage,93,93048,2,2,2,3.0,Avenue Pasteur / A3,48.870449,2.431744,00:30:00,2024-04-20
202400014133,03:30,Nuit sans éclairage,63,63003,2,1,5,7.0,Avenue du Docteur Eugène Chassaing,45.54044564,3.74859095,03:30:00,2024-02-03
202400014134,13:00,Plein jour,83,83137,1,9,1,2.0,A57,43.12242456,5.9565804,13:00:00,2024-12-28
202400014135,21:35,,49,49367,2,1,1,7.0,25 Rue Pasteur,47.600903,-0.832809,21:35:00,2024-02-02
202400014136,13:30,Plein jour,49,49015,2,1,1,7.0,RTE NATIONALE,47.51461,-0.60085,13:30:00,2024-09-08
202400014137,01:00,,93,93010,2,3,2,2.0,Chemin des Carouges / Rue Marcel Dassault,48.88911,2.47791,01:00:00,2024-04-20
202400014138,19:05,Plein jour,33,33550,1,1,1,3.0,Unknown,44.787131,-0.541225,19:05:00,2024-12-28
202400014139,20:30,Crépuscule,44,44190,2,9,8,3.0,241 Route de Clisson,47.18873,-1.50284,20:30:00,2024-09-10
202400014140,20:45,Nuit sans éclairage,86,86147,1,4,1,4.0,D742,46.415583,0.231314,20:45:00,2024-02-02
202400014141,11:15,Plein jour,92,92046,2,1,1,2.0,BROSSOLETTE AVENUE PIERRE,48.81308616,2.30184513,11:15:00,2024-04-20
202400014142,17:13,Nuit sans éclairage,91,91174,1,1,1,7.0,RN 104,48.622453,2.464523,17:13:00,2024-12-28
202400014143,15:26,Plein jour,92,92035,2,1,1,3.0,National ( boulevard ),48.90573028,2.2390008,15:26:00,2024-04-20
202400014144,09:00,Plein jour,43,43157,2,1,1,3.0,Boulevard du President Bertrand,45.03717,3.8878,09:00:00,2024-09-10
202400014145,14:00,Plein jour,94,94038,1,1,1,3.0,A6B,48.7772797,2.34594496,14:00:00,2024-12-28
202400014146,22:55,Nuit sans éclairage,39,39462,1,1,1,1.0,Unknown,47.126297,5.556242,22:55:00,2024-01-30
202400014147,23:39,Nuit sans éclairage,77,77251,1,1,5,7.0,AUTOROUTE A5A,48.62094138,2.54771357,23:39:00,2024-12-27
202400014148,14:44,Plein jour,40,40088,2,9,1,6.0,SAINT-VINCENT DE PAUL (AVENUE),43.71910884,-1.05276436,14:44:00,2024-09-07
202400014149,03:25,Nuit sans éclairage,01,01113,1,2,5,7.0,D26,46.164681,5.077084,03:25:00,2024-02-03
202400014150,17:10,Nuit sans éclairage,93,93066,1,1,1,3.0,AUTOROUTE A1,48.92985457,2.36307976,17:10:00,2024-12-28
202400014151,19:20,Plein jour,38,38179,2,1,1,3.0,RUE DE LA LIBÉRATION,45.18538,5.80198,19:20:00,2024-09-10
202400014152,16:46,Plein jour,72,72115,1,3,1,3.0,D338,47.682529,0.443847,16:46:00,2024-02-02
202400014153,04:45,Nuit sans éclairage,77,77249,1,1,5,6.0,RN104,48.75479227,2.61509983,04:45:00,2024-12-28
202400014154,06:00,Nuit sans éclairage,50,50389,1,1,2,6.0,la guillardiere,49.0187502,-1.364033,06:00:00,2024-02-03
202400014155,16:03,Plein jour,38,38185,2,1,1,6.0,RUE GEORGE SAND,45.17277,5.72625,16:03:00,2024-09-10
202400014156,21:30,Nuit sans éclairage,77,77514,1,1,1,6.0,RN104,48.94034169,2.62839637,21:30:00,2024-12-26
202400014157,17:00,Plein jour,38,38169,2,9,1,2.0,RUE JEAN PAIN,45.19766,5.69461,17:00:00,2024-09-06
202400014158,14:00,Plein jour,974,97411,2,3,1,3.0,CAMELIAS (RUE DES),-20.89743,55.46525,14:00:00,2024-12-27
202400014159,09:15,Plein jour,73,73128,2,1,1,1.0,Route des Gorges du Sierroz,45.724357,5.921524,09:15:00,2024-02-03
202400014160,14:35,Plein jour,972,97213,1,9,1,7.0,ROUTE NATIONALE 1,14.6235,-60.98907,14:35:00,2024-12-27
202400014161,12:30,Plein jour,37,37261,2,2,1,3.0,STRAUSS (RUE JOHANN),47.36834,0.71037,12:30:00,2024-09-10
202400014162,13:25,Plein jour,43,43257,1,2,1,3.0,Saint Remy,45.041474,3.754787,13:25:00,2024-02-02
202400014163,16:40,Plein jour,972,97209,1,1,1,3.0,AUTOROUTE (A1),14.61831,-61.03654,16:40:00,2024-12-26
202400014164,14:55,Plein jour,37,37261,2,3,1,3.0,PREUILLY (BOULEVARD),47.39357,0.67338,14:55:00,2024-09-09
202400014165,21:15,Nuit sans éclairage,85,85090,1,2,1,3.0,RD 43,46.8251209,-0.805738,21:15:00,2024-02-02
202400014166,03:26,,2B,2B033,2,9,1,2.0,11 - RT,42.66635,9.4427,03:26:00,2024-12-27
202400014167,12:25,Plein jour,37,37261,2,3,1,4.0,POMPIDOU (AVENUE GEORGES),47.38344,0.71109,12:25:00,2024-09-09
202400014168,18:17,,27,27284,2,2,2,6.0,Rue du Preslay,49.277671,1.773439,18:17:00,2024-02-02
202400014169,01:00,,971,97113,1,9,1,3.0,RN4-ROND POINT SAINT FELIX,16.20768623,-61.46112442,01:00:00,2024-12-27
202400014170,01:50,Nuit sans éclairage,17,17473,1,1,1,7.0,départementale 133 PK 4,46.000778,-0.301437,01:50:00,2024-02-03
202400014171,08:50,Plein jour,33,33065,2,3,1,1.0,Unknown,44.8221,-0.495,08:50:00,2024-09-10
202400014172,08:20,Crépuscule,95,95680,2,1,1,6.0,JEAN BULLANT (RUE),49.0036563,2.39635706,08:20:00,2024-12-27
202400014173,18:50,,30,30029,2,3,1,7.0,Impasse du Pradet,44.305727,4.343843,18:50:00,2024-02-03
202400014174,07:45,Plein jour,33,33063,2,1,1,3.0,Unknown,44.87051,-0.56485,07:45:00,2024-09-10
202400014175,08:20,Plein jour,95,95426,2,1,1,4.0,D909,49.02534755,2.29855466,08:20:00,2024-12-27
202400014176,03:20,Nuit sans éclairage,30,30152,1,1,1,7.0,2150 Route de Saint Ambroix,44.242801,4.177337,03:20:00,2024-02-03
202400014177,17:37,Nuit sans éclairage,95,95424,2,9,1,6.0,ParcCONFLANS (RUE DE),48.99021087,2.20088124,17:37:00,2024-12-26
202400014178,08:41,Plein jour,33,33167,2,6,2,3.0,Unknown,44.84334,-0.50392,08:41:00,2024-09-09
202400014179,22:50,Nuit sans éclairage,08,08024,1,1,2,6.0,RD137,49.48636,4.106312,22:50:00,2024-02-02
202400014180,23:55,,95,95210,2,1,1,2.0,GENERAL DE GAULLE (RUE DU),48.96928379,2.30529428,23:55:00,2024-12-26
202400014181,12:45,Plein jour,978,97801,2,1,1,6.0,RN7 - grand case,18.099523,-63.06029,12:45:00,2024-02-02
202400014182,17:10,Plein jour,29,29232,2,1,1,6.0,Avenue Pierre Mendes-France,47.97521,-4.128169,17:10:00,2024-09-10
202400014183,23:50,,95,95306,2,1,5,6.0,GROS CHÊNE (AVENUE DU),49.02349195,2.12413609,23:50:00,2024-12-27
202400014184,10:10,Plein jour,987,98715,1,1,1,6.0,Route de St Hilaire,-17.569345,-149.599628,10:10:00,2024-02-02
202400014185,08:20,Plein jour,29,29232,2,1,1,3.0,Pont de Poulguinan,47.98145316,-4.12027375,08:20:00,2024-09-10
202400014186,14:10,Plein jour,91,91228,2,6,1,6.0,D 446,48.61375,2.42548,14:10:00,2024-12-27
202400014187,10:30,Plein jour,09,09160,2,1,1,7.0,Av du Onze Novembre 1918,42.9339325,1.84930533,10:30:00,2024-02-02
202400014188,08:20,Plein jour,28,28209,2,1,1,2.0,PAIX (AVENUE DE LA ),48.46526,1.48044,08:20:00,2024-09-10
202400014189,00:55,Nuit sans éclairage,90,90039,1,1,9,7.0,R.D.16,47.64451,6.80629,00:55:00,2024-12-28
202400014190,16:20,Plein jour,27,27701,1,1,1,1.0,RD6015,49.234921,1.203872,16:20:00,2024-09-10
202400014191,15:05,Plein jour,85,85035,1,1,1,1.0,RD 38,46.638578,-1.8741985,15:05:00,2024-02-02
202400014192,22:06,,87,87085,2,2,1,3.0,BORIE (BOULEVARD DE LA),45.83451,1.22591,22:06:00,2024-12-26
202400014193,14:25,Plein jour,85,85178,1,1,1,6.0,sainte-anne,46.779209,-1.483755,14:25:00,2024-02-03
202400014194,17:30,Plein jour,25,25056,2,1,8,6.0,LUMIERE  RUE FRERES,47.25139,6.01668,17:30:00,2024-09-10
202400014195,17:50,,85,85194,2,9,1,6.0,RD949,46.5135,-1.78019,17:50:00,2024-12-26
202400014196,15:45,Plein jour,25,25056,2,1,1,6.0,OBSERVATOIRE AVENUE DE L',47.2472,5.99328,15:45:00,2024-09-10
202400014197,08:50,Plein jour,83,83123,2,1,1,6.0,BUGE (CHEMIN DE LA)N° PAIRS,43.12066,5.80778,08:50:00,2024-12-14
202400014198,13:50,Plein jour,72,72244,1,1,1,1.0,D134,47.790335,-0.305023,13:50:00,2024-01-15
202400014199,10:05,Plein jour,22,22215,2,1,1,6.0,COUBERTIN (RUE PIERRE DE),48.50024,-2.76376,10:05:00,2024-09-10
202400014200,12:00,Plein jour,78,78208,2,2,1,6.0,DOUANIER ROUSSEAU (SQUARE DU),48.770268,1.97037,12:00:00,2024-12-27
202400014201,09:45,Plein jour,14,14530,1,1,8,4.0,D513,49.214696,-0.277812,09:45:00,2024-02-03
202400014202,15:31,Plein jour,19,19031,2,6,1,7.0,DIX HUIT JUIN 1940 (AVENUE DU),45.15801,1.49411,15:31:00,2024-09-09
202400014203,19:40,,72,72181,2,1,1,2.0,POITEVIN ALPHONSE (RUE),48.00192,0.20977,19:40:00,2024-12-27
202400014204,14:15,Plein jour,27,27275,2,1,1,7.0,D6015,49.157622,1.346909,14:15:00,2024-02-03
202400014205,17:45,,71,71270,2,1,1,6.0,LYON (ROUTE DE),46.29034,4.81321,17:45:00,2024-12-25
202400014206,09:10,Plein jour,17,17415,2,3,1,5.0,BOISNARDERIE RUE DE LA,45.74198,-0.66246,09:10:00,2024-09-10
202400014207,12:30,Plein jour,13,13001,1,1,1,2.0,A51-Sens Marseille vers Aix en Provence,43.51023127,5.41669198,12:30:00,2024-02-02
202400014208,07:30,,69,69091,2,9,1,3.0,Rue Edouard Idoux,45.59333,4.7641,07:30:00,2024-12-26
202400014209,07:30,Plein jour,15,15014,2,2,2,3.0,RN 122,44.913307,2.433119,07:30:00,2024-09-09
202400014210,20:42,Nuit sans éclairage,13,13005,1,9,1,1.0,A502-Sens Aubagne vers Toulon par R.N.,43.28373262,5.58423456,20:42:00,2024-01-28
202400014211,19:20,Plein jour,13,13103,2,3,1,3.0,AVENUE DE LATTRE DE TASSIGNY-RD 17-,43.64756,5.09277,19:20:00,2024-09-10
202400014212,21:45,Nuit sans éclairage,67,67218,1,3,5,5.0,ALFRED KASTLER (ROUTE),48.538195,7.745514,21:45:00,2024-12-27
202400014213,12:31,Plein jour,13,13071,1,1,1,2.0,A55-Sens Martigues vers Marseille,43.39602793,5.29855233,12:31:00,2024-01-31
202400014214,15:30,Plein jour,13,13023,1,1,1,7.0,A50,43.20984681,5.62428124,15:30:00,2024-02-02
202400014215,11:15,Plein jour,67,67482,2,8,1,3.0,FOUDAY (RUE DE),48.57479,7.73014,11:15:00,2024-12-26
202400014216,08:45,Plein jour,13,13063,2,3,1,3.0,MAZEL  BOULEVARD,43.58413,5.00328,08:45:00,2024-09-10
202400014217,08:00,Plein jour,69,69286,1,1,1,3.0,Autoroute 46,45.844414,4.91350348,08:00:00,2024-01-29
202400014218,17:10,Plein jour,66,66136,2,3,1,3.0,RUBENS (PAUL),42.69602,2.9146,17:10:00,2024-12-27
202400014219,09:20,Plein jour,13,13047,1,1,1,3.0,CD16 (LE DELA),43.54607,5.01021,09:20:00,2024-09-10
202400014220,21:53,,64,64129,2,1,5,7.0,JEAN MERMOZ,43.31259159,-0.37751891,21:53:00,2024-12-27
202400014221,12:10,Plein jour,33,33039,1,1,1,2.0,Pont François Mitterrand,44.806331,-0.529557,12:10:00,2024-02-01
202400014222,15:30,Plein jour,07,07186,2,1,1,5.0,TEMPLE (COURS DU),44.73419,4.59403,15:30:00,2024-09-10
202400014223,07:46,Nuit sans éclairage,33,33550,1,1,1,3.0,Unknown,44.777981,-0.55731,07:46:00,2024-02-01
202400014224,08:55,Plein jour,64,64445,1,6,1,3.0,BACHAGA BOUALAN,43.31642,-0.37474,08:55:00,2024-12-26
202400014225,18:35,Plein jour,07,07281,1,9,1,7.0,Avenue du Puy en Velay,44.92801,4.79918,18:35:00,2024-09-10