Num_Acc,hrmn,lum,dep,com,agg,int,atm,col,adr,lat,long,heure,date
202400014226,15:51,Plein jour,64,64122,2,9,1,3.0,MACHELON (RUE DE),43.47574,-1.53503,15:51:00,2024-12-27
202400014227,20:40,Nuit avec éclairage,33,33550,1,1,1,6.0,ROCADE A 630,44.783992,-0.589787,20:40:00,2024-01-31
202400014228,19:35,,62,62186,2,1,1,2.0,D166,50.45507,2.72111,19:35:00,2024-12-26
202400014229,14:09,Plein jour,06,06088,2,4,1,3.0,1 Avenue de Brancolar,43.7160296,7.2632265,14:09:00,2024-09-10
202400014230,09:10,Plein jour,59,59554,1,1,1,7.0,AUTOROUTE A23,50.45043154,3.33978643,09:10:00,2024-01-27
202400014231,09:30,Plein jour,59,59152,2,9,5,6.0,Rue du Château,50.76559,3.00811,09:30:00,2024-12-27
202400014232,14:25,Plein jour,92,92063,1,1,1,6.0,A86,48.88961195,2.16890822,14:25:00,2024-02-01
202400014233,13:05,Plein jour,02,02722,2,1,1,6.0,1 Rue François Mauriac,49.37356,3.31044,13:05:00,2024-08-24
202400014234,11:30,Plein jour,59,59378,2,2,1,3.0,Boulevard Clémenceau,50.66222,3.09635,11:30:00,2024-12-27
202400014235,18:05,,93,93008,1,1,1,2.0,AUTOROUTE A86,48.90892746,2.44905923,18:05:00,2024-02-02
202400014236,15:45,Plein jour,75,75112,2,1,1,2.0,BOULEVARD PERIPHERIQUE INTERIEUR NORD  ,48.843158,2.413707,15:45:00,2024-09-10
202400014237,18:20,,59,59271,2,2,1,3.0,MOULIN,51.02231,2.30433,18:20:00,2024-12-26
202400014238,06:50,Nuit sans éclairage,93,93005,1,1,1,3.0,AUTOROUTE A104,48.9721357,2.4946119,06:50:00,2024-02-02
202400014239,10:45,Plein jour,75,75118,2,1,1,5.0,BOULEVARD PERIPHERIQUE EXTERIEUR NORD  ,48.901076,2.345273,10:45:00,2024-09-10
202400014240,22:20,,58,58194,2,3,1,3.0,CHEMIN DE FER,46.98652,3.15154,22:20:00,2024-12-26
202400014241,05:20,,95,95018,1,1,1,3.0,A15,48.9585871,2.27405291,05:20:00,2024-02-02
202400014242,06:40,,56,56260,2,1,1,6.0,Rue Eugène Delacroix,47.67414,-2.76566,06:40:00,2024-12-27
202400014243,15:35,Plein jour,75,75106,2,1,8,5.0,RUE DE VAUGIRARD,48.846653,2.325479,15:35:00,2024-09-10
202400014244,13:10,Plein jour,974,97411,2,1,1,1.0,GRIMAUD (EMILE),-20.88898,55.48325,13:10:00,2024-01-29
202400014245,12:00,Plein jour,55,55505,2,1,1,7.0,LIBERATION ( DE LA ),49.17165126,5.35388114,12:00:00,2024-12-10
202400014246,08:20,Plein jour,973,97302,2,1,1,3.0,UNIVERSITE CHICAGO (RUE DE),4.93829436,-52.30099171,08:20:00,2024-02-01
202400014247,12:00,Plein jour,55,55545,2,1,1,7.0,FRERES BOULHAUT ( DES ),49.16321,5.38628,12:00:00,2024-11-20
202400014248,16:35,Plein jour,75,75118,2,2,1,3.0,BOULEVARD BARBES,48.890504,2.349608,16:35:00,2024-09-10
202400014249,13:25,Plein jour,973,97302,1,1,1,2.0,ROUTE NATIONALE 1,4.902,-52.32489,13:25:00,2024-01-31
202400014250,17:50,Nuit sans éclairage,54,54431,2,2,1,6.0,Rue de Verdun,48.89836526,6.04474828,17:50:00,2024-12-24
202400014251,07:25,Plein jour,75,75117,2,2,1,6.0,AVENUE MAC MAHON,48.875241,2.294797,07:25:00,2024-09-10
202400014252,22:10,Nuit sans éclairage,78,78168,2,1,1,6.0,LEVIS ST NOM (ROUTE DE),48.74664,1.9282,22:10:00,2024-08-04
202400014253,19:45,,69,69388,2,3,1,3.0,Rue Marius Berliet,45.74064599,4.86283259,19:45:00,2024-02-01
202400014254,09:20,Plein jour,75,75116,2,1,1,7.0,BOULEVARD PERIPHERIQUE EXTERIEUR OUEST,48.841427,2.254148,09:20:00,2024-09-10
202400014255,20:10,,54,54304,2,1,1,1.0,Avenue de la Résistance,48.69452,6.12925,20:10:00,2024-12-26
202400014256,18:25,Plein jour,69,69387,2,1,1,6.0,61 Rue Félix Brun,45.73587,4.83148,18:25:00,2024-02-01
202400014257,13:50,Plein jour,75,75116,2,3,1,6.0,AVENUE MOZART,48.853967,2.268982,13:50:00,2024-09-10
202400014258,22:50,,77,77373,2,1,1,6.0,CHE D 21,48.77988,2.61348,22:50:00,2024-08-04
202400014259,09:30,Plein jour,75,75114,2,1,1,7.0,AVENUE DAVID WEILL,48.820591,2.333985,09:30:00,2024-09-10
202400014260,10:50,Plein jour,69,69386,2,2,1,3.0,Boulevard des Brotteaux,45.76899157,4.85701546,10:50:00,2024-02-01
202400014261,00:20,Nuit sans éclairage,54,54451,1,1,1,4.0,RN52,49.50823,5.7522,00:20:00,2024-12-27
202400014262,14:30,Plein jour,76,76410,2,3,1,3.0,Route de Dieppe,49.47654,1.0478,14:30:00,2024-08-04
202400014263,07:50,Plein jour,972,97213,2,9,1,6.0,NELSON MANDELA,14.61253,-60.99877,07:50:00,2024-01-31
202400014264,12:45,Plein jour,75,75114,2,2,1,3.0,RUE DIDOT,48.832444,2.320547,12:45:00,2024-09-09
202400014265,21:10,,51,51454,2,3,1,1.0,JAURES (AVENUE JEAN ) DU N° 61 A FIN,49.26499,4.06025,21:10:00,2024-12-27
202400014266,17:45,Plein jour,66,66136,2,2,1,3.0,Rue Pierre Renaudel,42.6896069,2.8844288,17:45:00,2024-08-03
202400014267,19:25,,69,69389,2,1,1,3.0,19 Quai Arloing,45.7724302,4.81089167,19:25:00,2024-02-01
202400014268,08:40,Plein jour,75,75114,2,3,2,6.0,PLACE SAINT JACQUES,48.833257,2.336455,08:40:00,2024-09-09
202400014269,19:00,,51,51454,2,1,1,6.0,WILSON (BOULEVARD DU PRESIDENT) COTE IMP,49.23854,4.02291,19:00:00,2024-12-26
202400014270,14:13,Plein jour,2B,2B033,2,1,1,6.0,AV DE LA LIBERATION,42.67872,9.44301,14:13:00,2024-02-01
202400014271,08:20,Plein jour,61,61006,2,1,7,6.0,2 Boulevard du Général de Gaulle,48.742585,-0.019947,08:20:00,2024-07-11
202400014272,18:00,Plein jour,75,75111,2,1,1,3.0,RUE ALEXANDRE DUMAS,48.852959,2.389665,18:00:00,2024-09-10
202400014273,18:30,Crépuscule,49,49007,2,1,1,6.0,JEAN XXIII PLACE,47.44822,-0.56348,18:30:00,2024-12-26
202400014274,22:00,,95,95585,2,1,1,2.0,D125,48.98397154,2.38780476,22:00:00,2024-01-20
202400014275,20:30,Plein jour,59,59650,2,1,1,3.0,BRIFFAUT (RUE HENRI),50.70429,3.2026,20:30:00,2024-08-04
202400014276,22:50,,75,75110,2,1,1,3.0,BOULEVARD DE LA VILLETTE,48.87561,2.372794,22:50:00,2024-09-09
202400014277,16:10,Plein jour,47,47323,2,2,7,6.0,FRATERNITE(RUE DE LA ),44.4057969,0.7068105,16:10:00,2024-12-27
202400014278,08:30,Plein jour,95,95197,2,1,2,6.0,D928,48.96643031,2.31826255,08:30:00,2024-02-01
202400014279,18:10,,44,44190,2,1,1,6.0,52 Boulevard des Pas Enchantés,47.20808,-1.51506,18:10:00,2024-12-26
202400014280,10:25,Plein jour,75,75114,2,7,1,6.0,BOULEVARD DU MONTPARNASSE,48.843544,2.324672,10:25:00,2024-09-10
202400014281,20:00,Plein jour,59,59386,2,1,1,3.0,MENIN RUE DE,50.68128,3.08397,20:00:00,2024-08-04
202400014282,06:45,,91,91552,2,9,1,4.0,RN 20,48.601,2.24702,06:45:00,2024-01-31
202400014283,10:55,Plein jour,75,75104,2,3,1,6.0,RUE DU TEMPLE,48.859931,2.354418,10:55:00,2024-09-10
202400014284,13:25,Plein jour,59,59368,2,2,1,6.0,FOUBERT AVENUE,50.64482,3.07606,13:25:00,2024-08-04
202400014285,07:10,Plein jour,94,94044,2,1,1,2.0,Avenue Jean Monnet,48.75887,2.481,07:10:00,2024-09-10
202400014286,10:30,Plein jour,91,91434,2,3,2,3.0,PROGRES (RUE DU),48.656114,2.353404,10:30:00,2024-02-01
202400014287,18:39,,42,42187,1,1,1,5.0,N7 ,46.04804952,4.08793128,18:39:00,2024-12-27
202400014288,09:50,Plein jour,94,94068,2,1,1,3.0,Avenue Foch,48.80336,2.48923,09:50:00,2024-09-10
202400014289,12:35,Plein jour,37,37261,2,9,8,6.0,MERIMEE (SQUARE PROSPER),47.39636,0.68848,12:35:00,2024-12-27
202400014290,09:25,Plein jour,47,47031,2,3,1,3.0,Avenue de Bigorre,44.18525,0.63195,09:25:00,2024-08-03
202400014291,17:10,Plein jour,91,91027,2,3,1,3.0,JEAN MOULIN (RUE),48.70955,2.38011,17:10:00,2024-01-31
202400014292,10:25,Plein jour,94,94021,2,9,1,6.0,Av. de Bretagne,48.76239,2.356,10:25:00,2024-09-10
202400014293,12:45,Plein jour,34,34301,2,3,1,2.0,BLANC CAMILLE (BOULEVARD),43.4071,3.6671,12:45:00,2024-12-27
202400014294,09:52,Plein jour,33,33529,2,3,1,3.0,Unknown,44.63594,-1.14266,09:52:00,2024-08-04
202400014295,16:25,Plein jour,91,91223,2,3,8,1.0,SAINT JACQUES (RUE),48.43169,2.15146,16:25:00,2024-02-01
202400014296,10:15,Plein jour,94,94011,2,1,1,2.0,Avenue du Docteur Emile Roux,48.76985,2.47663,10:15:00,2024-09-09
202400014297,20:03,Crépuscule,31,31555,2,1,1,6.0,DEMOISELLES (ALL DES) DU 2AU 80,43.58796,1.45956,20:03:00,2024-08-04
202400014298,06:50,,33,33167,2,3,8,3.0,Unknown,44.83594888,-0.53029458,06:50:00,2024-12-27
202400014299,12:24,Plein jour,87,87085,2,3,1,3.0,avenue de Landouge,45.8387737,1.21316314,12:24:00,2024-01-31
202400014300,18:05,,33,33063,2,7,1,3.0,Unknown,44.83368,-0.58478,18:05:00,2024-12-25
202400014301,22:00,,84,84007,2,1,1,3.0,OULLE (Boulevard de l'),43.94996,4.80189,22:00:00,2024-02-01
202400014302,18:55,Plein jour,29,29051,2,2,1,5.0,Avenue du Rouillen,48.000216,-4.054708,18:55:00,2024-08-04
202400014303,22:45,,93,93051,2,3,1,3.0,STATION,48.82659846,2.56753922,22:45:00,2024-09-09
202400014304,19:40,,31,31557,2,1,1,7.0,FERRET (CH DE),43.58739048,1.3172704,19:40:00,2024-12-27
202400014305,05:15,,29,29232,2,1,1,7.0,Rue de Benodet,47.9852,-4.1062,05:15:00,2024-08-04
202400014306,02:40,Nuit sans éclairage,93,93047,2,1,1,6.0,ROSIERS  (AVENUE DES),48.89510369,2.54831851,02:40:00,2024-09-10
202400014307,07:40,Crépuscule,83,83062,2,1,1,1.0,RN 98,43.13726,6.0267,07:40:00,2024-02-01
202400014308,15:00,Plein jour,31,31555,2,2,1,3.0,RTE D ALBI,43.645152,1.4694061,15:00:00,2024-12-27
202400014309,17:00,Plein jour,30,30007,2,1,1,7.0,Avenue Olivier de Serres,44.10597,4.08844,17:00:00,2024-12-25
202400014310,19:30,Plein jour,27,27229,2,6,1,3.0,MENDES FRANCE (RUE PIERRE),49.03275,1.1556,19:30:00,2024-08-04
202400014311,17:38,Plein jour,93,93048,2,1,1,6.0,GENERAL DE GAULE (PLACE DU),48.86846,2.43348,17:38:00,2024-09-10
202400014312,18:35,,83,83069,2,3,1,3.0,AVENUE RITONDALE LEOPOLD,43.11343,6.12969,18:35:00,2024-02-01
202400014313,06:00,Plein jour,13,13214,2,1,1,7.0,SAINTE MARTHE (AVENUE DE),43.34402104,5.3845185,06:00:00,2024-08-04
202400014314,08:55,Plein jour,93,93048,2,1,1,3.0,ARISTIDE BRIAND (BOULEVARD),48.87252694,2.45325253,08:55:00,2024-09-10
202400014315,20:15,,80,80021,2,1,1,6.0,Boulevard de Pont Noyelles,49.88348,2.31982,20:15:00,2024-01-31
202400014316,14:30,Plein jour,27,27229,2,2,2,2.0,SAINT ANDRE (ROUTE DE),49.01181,1.16531,14:30:00,2024-12-26
202400014317,17:20,Plein jour,80,80001,2,1,1,6.0,Petite Rue Notre - Dame,50.10443,1.82853,17:20:00,2024-02-01
202400014318,15:50,Plein jour,13,13214,1,2,1,2.0,BUREL (BOULEVARD),43.31805,5.39038,15:50:00,2024-08-04
202400014319,07:30,Plein jour,93,93048,2,3,1,3.0,PARIS (RUE DE),48.85778818,2.43480742,07:30:00,2024-09-10
202400014320,04:30,Nuit sans éclairage,78,78486,1,1,1,6.0,RN 10,48.680675,1.841366,04:30:00,2024-02-01
202400014321,15:00,Plein jour,25,25462,2,3,9,3.0,VUILLECIN (RUE DE),46.91817,6.34375,15:00:00,2024-12-27
202400014322,05:50,Crépuscule,93,93048,2,1,1,1.0,PAUL SIGNAC (AVENUE),48.86875,2.45146,05:50:00,2024-09-09
202400014323,08:30,Plein jour,13,13208,2,1,1,2.0,POMPIDOU (PROMENADE),43.26469653,5.37351857,08:30:00,2024-08-03
202400014324,09:15,Plein jour,76,76429,2,4,2,6.0,Rue Leon Gambetta,49.41607,1.14038,09:15:00,2024-02-01
202400014325,07:45,Plein jour,13,13005,2,6,1,3.0,GEMENOS (ROUTE DE CD2),43.29776452,5.58854878,07:45:00,2024-08-04
202400014326,09:45,Plein jour,17,17415,1,1,1,1.0,route nationale 141,45.73019,-0.6267,09:45:00,2024-12-27
202400014327,18:24,Plein jour,93,93046,2,2,1,6.0,JEAN JAURES BOULEVARD,48.92160629,2.52527475,18:24:00,2024-09-10
202400014328,18:30,Plein jour,07,07102,2,1,1,7.0,LYON (AVENUE DE),44.93578,4.85611,18:30:00,2024-08-04
202400014329,15:00,Plein jour,76,76351,2,4,1,2.0,GENERAL FERRIE (AVENUE),49.50363,0.17928,15:00:00,2024-01-31
202400014330,10:20,Plein jour,93,93008,2,1,1,2.0,DIVISION LECLERC (AVENUE DE LA) A20,48.91027,2.41512,10:20:00,2024-09-10
202400014331,08:55,Crépuscule,17,17333,2,1,1,3.0,JAURES (AVENUE),45.6127,-0.9985,08:55:00,2024-12-27
202400014332,11:10,Plein jour,04,04112,2,6,1,2.0,ARBAUD (PL. DAMASSE),43.82255,5.79154,11:10:00,2024-08-04
202400014333,18:20,,76,76351,2,1,1,1.0,SALVADOR ALLENDE (RUE),49.5045986,0.14107105,18:20:00,2024-01-31
202400014334,18:06,Crépuscule,93,93005,2,1,1,6.0,MARECHAL JUIN (AVENUE DU),48.93683,2.50453,18:06:00,2024-09-10
202400014335,19:00,Plein jour,04,04112,2,6,1,3.0,SAINT JOSEPH(BOULEVARD),43.8225,5.79606,19:00:00,2024-08-02
202400014336,09:00,Plein jour,13,13211,2,3,1,3.0,JEAN LOMBARD (AVENUE),43.28932239,5.4363909,09:00:00,2024-12-27
202400014337,16:20,Plein jour,93,93001,2,1,1,6.0,Pont de Stains,48.90740641,2.37670841,16:20:00,2024-09-03
202400014338,08:25,Plein jour,04,04112,1,1,1,1.0,FOUCAULT(CHEMIN LEON),43.84571,5.83349,08:25:00,2024-08-02
202400014339,08:30,Plein jour,71,71076,2,2,1,3.0,Avenue de Paris,46.80652,4.84449,08:30:00,2024-02-01
202400014340,17:30,,13,13203,2,1,1,1.0,ROGER SALENGRO (AVENUE),43.3108,5.37314,17:30:00,2024-12-24
202400014341,09:00,Plein jour,92,92078,2,2,1,3.0,VERDUN (AVENUE) (PAIRS 92 ET PLUS),48.93486613,2.32482612,09:00:00,2024-09-10
202400014342,16:30,Plein jour,75,75116,2,1,1,2.0,BD PERIPHERIQUE INTERIEUR ,48.8657,2.268245,16:30:00,2024-08-03
202400014343,13:00,Plein jour,69,69266,2,3,8,6.0,Rue Jean Jaurès,45.75768,4.8829,13:00:00,2024-02-01
202400014344,10:10,Plein jour,12,12176,2,6,1,3.0,SAINT MARC (GIRATOIRE),44.373544,2.59123,10:10:00,2024-12-12
202400014345,09:05,Plein jour,92,92051,2,1,1,6.0,MADRID (AVENUE DE),48.8832082,2.25979641,09:05:00,2024-09-10
202400014346,13:30,Plein jour,75,75116,2,1,1,3.0,BD PERIPHERIQUE EXTERIEUR,48.848112,2.253383,13:30:00,2024-07-30
202400014347,18:58,Nuit sans éclairage,65,65433,1,1,1,1.0,PIC DU MIDI (BOULEVARD DU),43.20059,0.0966,18:58:00,2024-02-01
202400014348,12:30,Plein jour,92,92050,2,1,1,6.0,JOLIOT CURIE F. ET IRENE AVENUE  N°PAIRS,48.89107888,2.2073704,12:30:00,2024-09-10
202400014349,13:00,Crépuscule,75,75113,2,2,1,2.0,BOULEVARD AUGUSTE BLANQUI,48.831893,2.341108,13:00:00,2024-08-03
202400014350,09:45,Plein jour,92,92050,2,1,1,3.0,PREMIER MAI RUE DU,48.91804366,2.2221297,09:45:00,2024-09-10
202400014351,18:00,Crépuscule,64,64445,2,6,1,3.0,TOURASSE,43.30801,-0.33935,18:00:00,2024-02-01
202400014352,18:15,,10,10387,2,1,1,6.0,QUATORZE JUILLET (RUE DU),48.29413,4.0777,18:15:00,2024-12-26
202400014353,17:55,Plein jour,92,92071,2,1,1,3.0,HOUDAN (RUE),48.77902599,2.28277355,17:55:00,2024-09-10
202400014354,13:45,Plein jour,64,64445,2,2,1,3.0,PAIX,43.31633,-0.33966,13:45:00,2024-02-01
202400014355,15:30,Plein jour,75,75111,2,2,1,3.0,BOULEVARD DES FILLES DU CALVAIRE,48.862466,2.366884,15:30:00,2024-08-04
202400014356,07:55,Plein jour,92,92014,2,1,1,7.0,GENERAL LECLERC (AV.) (57 A 135 - 50 A 1,48.78111,2.31603,07:55:00,2024-09-10
202400014357,15:20,Plein jour,06,06088,1,2,1,3.0,Traverse de la Digue des Français,43.67676,7.20128,15:20:00,2024-12-27
202400014358,10:10,Plein jour,64,64445,2,6,1,3.0,PEYROULET,43.30384,-0.35614,10:10:00,2024-01-30
202400014359,17:00,Plein jour,14,14455,1,1,3,7.0,D23,49.000312,-0.360191,17:00:00,2024-09-07
202400014360,15:00,Plein jour,06,06088,2,9,1,6.0,Parking Leclerc Boulevard Mercantour,43.708705,7.189915,15:00:00,2024-12-27
202400014361,21:10,Crépuscule,93,93072,2,1,1,7.0,"""STALINGRAD (AVENUE), NR 88 A 114 BIS""",48.947281,2.373384,21:10:00,2024-08-04
202400014362,20:30,Nuit sans éclairage,64,64125,2,9,8,1.0,FAMILISTERE (RUE),43.44758,-1.57474,20:30:00,2024-02-01
202400014363,14:00,Plein jour,11,11203,2,1,1,2.0,6 Boulevard Gallieni,43.203189,2.762246,14:00:00,2024-09-10
202400014364,10:29,Plein jour,06,06088,2,9,1,3.0,161 Avenue Sainte-Marguerite,43.6804,7.20855,10:29:00,2024-12-27
202400014365,16:50,Plein jour,63,63113,2,9,1,6.0,MONTLOSIER (RUE),45.78074456,3.08531553,16:50:00,2024-02-01
202400014366,08:25,Plein jour,06,06064,2,1,1,1.0,460 Route de la Baronne,43.764485,7.195165,08:25:00,2024-09-11
202400014367,22:00,Nuit sans éclairage,06,06104,2,1,1,1.0,56 Avenue Jean Jaurès,43.7561,7.4491,22:00:00,2024-12-27
202400014368,02:25,,93,93046,2,2,1,3.0,JULES GUESDES AVENUE,48.911707,2.509556,02:25:00,2024-08-04
202400014369,02:50,Nuit sans éclairage,62,62510,2,1,2,3.0,Rue Jean Caron,50.41119,2.77333,02:50:00,2024-02-01
202400014370,14:50,Plein jour,05,05061,2,1,1,6.0,Avenue de Veynes,44.55759,6.06813,14:50:00,2024-12-27
202400014371,10:30,Plein jour,93,93005,2,7,1,3.0,COUDRAY (ROND-POINT DU),48.93873207,2.48906851,10:30:00,2024-08-04
202400014372,08:00,Plein jour,60,60159,1,6,1,3.0,Avenue de la Faisanderie,49.40099,2.82901,08:00:00,2024-01-31
202400014373,16:30,Plein jour,44,44087,1,1,1,5.0,Unknown,46.970165,-1.81283,16:30:00,2024-09-10
202400014374,14:40,Plein jour,75,75116,2,1,1,4.0,BD PERIPHERIQUE EXTERIEUR,48.876429,2.278361,14:40:00,2024-12-27
202400014375,16:00,Plein jour,59,59650,2,9,1,1.0,EUROZONE (ROND POINT DE L'),50.6993,3.23113,16:00:00,2024-02-01
202400014376,06:40,Plein jour,92,92025,2,1,1,2.0,VALMY (BD DE),48.93384329,2.25576532,06:40:00,2024-08-04
202400014377,22:15,Nuit avec éclairage,79,79032,2,5,1,7.0,Unknown,46.469936,-0.511476,22:15:00,2024-09-08
202400014378,11:00,Plein jour,75,75118,2,1,1,3.0,BOULEVARD PERIPHERIQUE INTERIEUR NORD  ,48.900744,2.361604,11:00:00,2024-12-26
202400014379,12:00,Plein jour,75,75119,2,1,1,7.0,AVENUE RENE FONCK,48.879011,2.408813,12:00:00,2024-12-27
202400014380,03:55,Nuit sans éclairage,76,76258,1,1,1,6.0,D926 PK-PR 5+500,49.648389,0.609548,03:55:00,2024-08-04
202400014381,21:13,Nuit avec éclairage,59,59024,2,1,1,2.0,DOUAI (RUE DE),50.33362,3.23395,21:13:00,2024-01-31
202400014382,17:20,Plein jour,2A,2A004,1,1,2,3.0,Caldaniccia,41.941648,8.807988,17:20:00,2024-09-10
202400014383,12:50,Plein jour,75,75106,2,3,1,6.0,RUE DES QUATRE VENTS,48.851747,2.337399,12:50:00,2024-12-27
202400014384,04:00,,2A,2A271,2,1,1,7.0,T22,41.95327747,8.78965259,04:00:00,2024-09-11
202400014385,01:33,Nuit sans éclairage,35,35250,1,2,1,6.0,Vegon,48.014918,-1.577096,01:33:00,2024-08-05
202400014386,00:05,Nuit avec éclairage,57,57757,2,1,1,1.0,Route d'Illange,49.34791288,6.17645144,00:05:00,2024-02-01
202400014387,23:45,,75,75110,2,3,1,3.0,RUE DU FAUBOURG SAINT MARTIN,48.876129,2.360629,23:45:00,2024-12-26
202400014388,12:30,Plein jour,09,09109,1,1,1,7.0,D14,43.202172,1.46139,12:30:00,2024-08-04
202400014389,18:40,Plein jour,55,55166,1,3,1,3.0,Dugny-sur-Meuse,49.119431,5.38594,18:40:00,2024-09-10
202400014390,10:55,Plein jour,54,54431,2,2,2,6.0,Rue Gambetta,48.90572,6.05996,10:55:00,2024-02-01
202400014391,11:00,Plein jour,12,12284,1,1,1,7.0,lieu dit reynes,44.068424,2.728944,11:00:00,2024-09-10
202400014392,16:00,Plein jour,94,94078,2,1,1,5.0,Avenue de Valenton,48.735417,2.45398,16:00:00,2024-12-27
202400014393,19:00,,54,54028,2,1,1,6.0,Rue Dante Pederzoli,49.20489,5.98579,19:00:00,2024-02-01
202400014394,14:35,Plein jour,974,97422,2,6,1,3.0,Rue Jules Bertaut,-21.276993,55.521603,14:35:00,2024-08-04
202400014395,15:07,Plein jour,94,94076,2,1,1,2.0,Avenue Paul Vaillant-couturier,48.794546,2.36109,15:07:00,2024-12-27
202400014396,16:50,Plein jour,01,01079,1,1,2,5.0,D54,45.947056,5.686216,16:50:00,2024-09-11
202400014397,13:35,Plein jour,54,54099,1,1,1,6.0,RD138,49.24939361,6.01675272,13:35:00,2024-02-01
202400014398,17:25,Plein jour,972,97227,1,1,1,1.0,N5,14.468508,-60.923368,17:25:00,2024-08-04
202400014399,15:40,Plein jour,94,94028,2,1,1,6.0,Route de Choisy,48.78986,2.45247,15:40:00,2024-12-27
202400014400,18:15,Plein jour,22,22004,1,1,1,6.0,Kerwennou Izelan,48.614924,-3.276951,18:15:00,2024-09-10
202400014401,01:13,,94,94004,2,1,9,6.0,Rue de Marolles,48.75043614,2.537164,01:13:00,2024-12-27
202400014402,16:45,Plein jour,63,63408,1,3,1,6.0,RD523/ rue de Salacrut,45.982851,2.791096,16:45:00,2024-08-04
202400014403,18:51,,47,47001,2,3,1,3.0,DE GAULLE (AV. DU GENERAL),44.2026,0.61183,18:51:00,2024-02-01
202400014404,15:00,Plein jour,93,93072,2,1,1,3.0,STALINGRAD (AVENUE) DES N°2 AU N°100,48.94921519,2.38401187,15:00:00,2024-12-27
202400014405,09:15,Plein jour,44,44072,1,1,1,5.0,Unknown,47.456953,-2.313958,09:15:00,2024-09-11
202400014406,16:55,Plein jour,44,44184,2,9,1,3.0,2 Boulevard Paul Leferme,47.27981,-2.20241,16:55:00,2024-01-31
202400014407,21:35,Nuit sans éclairage,59,59478,1,2,3,3.0,rd 110,50.956582,2.465309,21:35:00,2024-08-03
202400014408,14:20,Plein jour,93,93029,2,1,7,2.0,COLONEL FABIEN (DU),48.93599554,2.45339305,14:20:00,2024-12-27
202400014409,19:00,,44,44109,2,6,2,3.0,15 Rue de la Petite Baratte,47.24996732,-1.52359045,19:00:00,2024-02-01
202400014410,17:15,Plein jour,02,02755,1,1,8,6.0,N2,49.49021419,3.54857653,17:15:00,2024-09-10
202400014411,18:20,,93,93001,2,1,1,6.0,PRESIDENT ROOSEVELT (AVENUE DU),48.9177896,2.37926135,18:20:00,2024-12-27
202400014412,23:15,Nuit sans éclairage,34,34184,1,1,1,2.0,Autoroute A75 PK 307+700 sens 1,43.512736,3.443313,23:15:00,2024-08-03
202400014413,11:25,Plein jour,43,43157,2,1,1,2.0,Allee des Portes Occitanes,45.02657882,3.88182865,11:25:00,2024-02-01
202400014414,12:00,Plein jour,01,01266,2,1,1,6.0,15 Avenue de Macon,46.335799,5.1256,12:00:00,2024-09-10
202400014415,18:00,,92,92072,2,1,1,2.0,GRANDE RUE,48.8247,2.21356,18:00:00,2024-12-27
202400014416,16:20,Plein jour,56,56058,1,1,7,7.0,1 rue du four,47.4694365,-2.334431,16:20:00,2024-08-04
202400014417,16:55,Plein jour,06,06151,1,1,1,6.0,M6202  PR 88 + 950,43.882784,7.190573,16:55:00,2024-09-10
202400014418,13:53,Plein jour,92,92051,2,1,1,6.0,WINSTON CHURCHILL (PLACE),48.88370442,2.27257535,13:53:00,2024-12-27
202400014419,06:25,Nuit sans éclairage,38,38563,2,2,2,3.0,VERDIN (MONTEE DU),45.39634,5.56991,06:25:00,2024-02-01
202400014420,14:30,Plein jour,77,77134,1,1,1,7.0,D204,48.643777,3.289102,14:30:00,2024-08-04
202400014421,13:55,Plein jour,05,05140,1,1,1,7.0,Saint-Étienne-le-Laus,44.51464,6.157338,13:55:00,2024-09-11
202400014422,11:30,Plein jour,92,92026,2,3,1,2.0,SAINT GUILLAUME (RUE ET VILLA),48.9022762,2.28156611,11:30:00,2024-12-27
202400014423,17:50,,38,38544,2,9,1,6.0,ST LOUIS(PLACE),45.52825,4.87391,17:50:00,2024-02-01
202400014424,22:20,Nuit sans éclairage,76,76646,1,9,1,1.0,chemin communal,49.834412,0.66345,22:20:00,2024-08-04
202400014425,18:10,,92,92002,2,1,1,6.0,LEON BLUM (AVENUE),48.76006794,2.30148397,18:10:00,2024-12-27
202400014426,16:24,Plein jour,37,37261,2,1,1,6.0,BUFFON (RUE),47.392718,0.6910049,16:24:00,2024-01-31
202400014427,12:05,Plein jour,05,05170,1,1,1,4.0,Avenue Napoleon,44.45394,6.043768,12:05:00,2024-09-10
202400014428,08:55,Plein jour,37,37208,2,1,1,2.0,LAC (AVENUE DU),47.36765,0.72232,08:55:00,2024-02-01
202400014429,19:10,Plein jour,82,82080,2,3,1,1.0,777 Chemin de Lavilledieu,44.078771,1.200651,19:10:00,2024-08-05
202400014430,11:55,Plein jour,14,14409,1,1,1,3.0,Route d'Escanneville,49.277605,-0.184718,11:55:00,2024-12-27
202400014431,07:30,Plein jour,65,65050,1,1,1,7.0,D618,42.847146,0.409423,07:30:00,2024-08-05
202400014432,17:00,Plein jour,35,35238,2,1,1,3.0,PATTON (AVENUE DU GENERAL SIR GEORGES),48.13727,-1.65864,17:00:00,2024-02-01
202400014433,07:20,Crépuscule,60,60296,2,1,1,6.0,Rue de Villers sur Auchy,49.497095,1.806058,07:20:00,2024-09-02
202400014434,10:45,Plein jour,65,65362,1,1,1,3.0,RD 920 PR 1+44,42.958264,-0.078573,10:45:00,2024-08-04
202400014435,15:30,Plein jour,47,47230,1,1,1,1.0,Brandal,44.49874912,0.85016671,15:30:00,2024-12-27
202400014436,17:05,Plein jour,35,35238,2,6,1,3.0,CARREL (BD ALEXIS),48.11861,-1.65565,17:05:00,2024-02-01