Num_Acc,hrmn,lum,dep,com,agg,int,atm,col,adr,lat,long,heure,date
202400014437,18:20,,31,31467,2,1,1,6.0,11 Rue du Rempart,43.70109,1.40426,18:20:00,2024-12-27
202400014438,19:00,Plein jour,81,81291,1,3,1,6.0,D90,44.005449,2.123612,19:00:00,2024-08-03
202400014439,11:40,Plein jour,35,35238,2,6,1,6.0,ALSACE (D'),48.12163,-1.7039,11:40:00,2024-02-01
202400014440,13:30,Plein jour,38,38383,1,1,1,6.0,Route de la Chartreuse,45.375783,5.657771,13:30:00,2024-12-27
202400014441,19:15,,34,34108,2,1,5,1.0,MAL JUIN (AVENUE DU),43.427904,3.728153,19:15:00,2024-01-31
202400014442,18:43,Plein jour,89,89388,1,2,1,3.0,Lieu Dit les Grilots,47.931483,3.269648,18:43:00,2024-08-04
202400014443,20:20,,34,34003,2,1,1,6.0,DE GAULLE (E14 A F15,43.31252,3.47436,20:20:00,2024-01-30
202400014444,23:25,Nuit sans éclairage,55,55489,1,4,1,7.0,D115,49.14584,5.272638,23:25:00,2024-08-04
202400014445,21:00,,85,85109,2,1,1,6.0,Rue Ampère,46.859956,-1.02432,21:00:00,2024-12-27
202400014446,21:00,,33,33550,2,1,1,2.0,Unknown,44.77843,-0.56606,21:00:00,2024-01-31
202400014447,18:40,Plein jour,22,22119,2,1,1,3.0,Rue de Maudez,48.620648,-3.538531,18:40:00,2024-08-04
202400014448,15:00,Plein jour,56,56057,1,2,1,3.0,Stéroulin,48.027949,-3.477404,15:00:00,2024-12-27
202400014449,14:35,Plein jour,31,31555,2,6,1,4.0,Rd Pt Firmin Pons,43.5699,1.37461,14:35:00,2024-02-01
202400014450,17:25,Plein jour,22,22203,1,1,1,1.0,D44,48.333052,-2.804883,17:25:00,2024-08-05
202400014451,17:30,Crépuscule,56,56075,1,1,1,1.0,Le Beneac,47.887284,-2.121193,17:30:00,2024-12-28
202400014452,07:50,Crépuscule,31,31483,2,4,1,3.0,MONDON ( RUE ET IMPASSE),43.11241,0.74697,07:50:00,2024-02-01
202400014453,15:55,Plein jour,76,76500,2,1,1,6.0,Route de Nesle,49.898947,1.661242,15:55:00,2024-12-27
202400014454,12:35,Plein jour,44,44154,1,1,1,4.0,Unknown,47.268179,-2.1617,12:35:00,2024-08-05
202400014455,08:40,Plein jour,38,38408,1,1,1,6.0,1860 route de valencin,45.600069,5.00747,08:40:00,2024-07-28
202400014456,14:40,Plein jour,79,79012,1,3,2,3.0,Unknown,46.474591,-0.58574,14:40:00,2024-12-24
202400014457,21:25,,29,29232,2,3,1,3.0,Rue Amiral Ronarc'h,47.99496559,-4.1080936,21:25:00,2024-02-01
202400014458,17:00,Plein jour,38,38333,1,1,1,7.0,rd 531 PK 25+900,45.068247,5.515351,17:00:00,2024-08-04
202400014459,14:30,Plein jour,69,69248,1,1,1,3.0,Route Départementale 308,46.0334579,4.29266036,14:30:00,2024-12-23
202400014460,18:30,,29,29232,2,1,2,1.0,SAINT ALOR RUE,47.98306,-4.067647,18:30:00,2024-01-31
202400014461,21:45,Nuit sans éclairage,63,63011,1,1,1,7.0,D2144,46.21715282,2.74152959,21:45:00,2024-12-27
202400014462,11:20,Plein jour,84,84072,1,1,1,3.0,d 70 la venue de caromb,44.062588,5.128866,11:20:00,2024-08-05
202400014463,20:30,Nuit sans éclairage,29,29151,1,9,8,3.0,route de plougasnou ploujean,48.60484753,-3.82056077,20:30:00,2024-02-01
202400014464,07:50,Plein jour,03,03260,1,1,1,6.0,D22,46.433421,2.987745,07:50:00,2024-08-02
202400014465,18:01,Nuit sans éclairage,61,61491,1,1,5,1.0,Lieu Dit Chateauroux,48.593831,0.695028,18:01:00,2024-12-27
202400014466,12:41,Plein jour,26,26198,2,1,1,6.0,Avenue John Fitzgerald Kennedy,44.55357,4.7447,12:41:00,2024-01-31
202400014467,11:00,Plein jour,15,15196,2,6,1,3.0,RD 32,44.858462,2.307917,11:00:00,2024-08-05
202400014468,13:15,Plein jour,61,61092,1,1,8,1.0,D926,48.75495,0.720886,13:15:00,2024-12-26
202400014469,19:35,,25,25462,2,9,2,3.0,SALINS DE (DU 64 A LA FIN),46.90997,6.33418,19:35:00,2024-02-01
202400014470,15:07,Plein jour,49,49090,1,1,1,6.0,La Glardière,47.63882931,-0.54445566,15:07:00,2024-12-28
202400014471,16:35,Plein jour,50,50619,1,1,1,6.0,LIEU DIT LE FRONDEAUX,49.613866,-1.361543,16:35:00,2024-08-05
202400014472,18:12,,25,25462,2,1,2,6.0,BESANCON (RUE DE),46.914397,6.345797,18:12:00,2024-02-01
202400014473,08:40,Plein jour,50,50353,1,1,1,6.0,passerelle,48.619211,-1.510899,08:40:00,2024-08-05
202400014474,12:12,Plein jour,25,25058,2,1,1,3.0,25 Route de Lyon,47.206997,5.999218,12:12:00,2024-12-27
202400014475,17:10,Plein jour,45,45067,1,1,1,3.0,4 haute levee,47.902749,1.758891,17:10:00,2024-07-28
202400014476,17:58,,25,25056,2,3,2,6.0,DOLE RUE DE (entre 82 et 185),47.22856,5.986536,17:58:00,2024-02-01
202400014477,11:20,Plein jour,44,44089,1,1,1,6.0,la Hioterie,47.345733,-1.866968,11:20:00,2024-12-21
202400014478,11:50,Plein jour,10,10011,1,1,1,7.0,Unknown,48.260027,4.722276,11:50:00,2024-08-04
202400014479,23:22,Nuit sans éclairage,44,44108,1,1,1,6.0,25 Rue  Saint Martin,47.1356,-1.279506,23:22:00,2024-12-27
202400014480,14:00,Plein jour,22,22113,2,6,1,3.0,PARK NEVEZ (AVENUE DE),48.72584,-3.44098,14:00:00,2024-02-01
202400014481,13:45,Plein jour,10,10238,2,1,1,3.0,Rue du Lac,48.257745,4.340265,13:45:00,2024-08-04
202400014482,19:40,Nuit sans éclairage,29,29117,1,1,2,3.0,D13,48.58529984,-4.50765831,19:40:00,2024-12-23
202400014483,17:25,Plein jour,19,19031,2,3,1,6.0,Unknown,45.15725,1.523,17:25:00,2024-01-31
202400014484,07:00,Crépuscule,07,07112,1,1,1,6.0,Cuze,44.778172,4.30325,07:00:00,2024-08-04
202400014485,12:40,Plein jour,38,38006,1,1,1,6.0,ROUTE DES GENTIANES,45.391398,6.112497,12:40:00,2024-12-28
202400014486,23:00,Nuit sans éclairage,07,07296,1,1,1,6.0,158 Route de Lachapelle,44.570975,4.383686,23:00:00,2024-08-02
202400014487,18:15,Plein jour,19,19031,2,3,1,3.0,VERLHAC (BOULEVARD DOCTEUR),45.16779,1.53285,18:15:00,2024-01-29
202400014488,11:30,Plein jour,53,53245,1,1,1,4.0,Route de Luitré,48.27913658,-1.04782724,11:30:00,2024-08-04
202400014489,19:30,,19,19031,2,1,1,2.0,ALVITRE (AVENUE ABBE),45.15179943,1.50266433,19:30:00,2024-01-25
202400014490,11:15,Plein jour,01,01229,1,2,5,5.0,Route d'Etrez,46.333358,5.162716,11:15:00,2024-12-28
202400014491,18:00,Plein jour,24,24301,1,1,1,7.0,ROUTE DU PERIGORD NOIR,45.03559465,1.37513638,18:00:00,2024-08-04
202400014492,22:15,,18,18279,1,6,9,7.0,Unknown,47.245482,2.076336,22:15:00,2024-02-01
202400014493,16:40,Plein jour,27,27260,1,1,1,1.0,D6178,49.393833,0.414791,16:40:00,2024-08-05
202400014494,14:20,Plein jour,70,70477,2,6,1,7.0,Grande Rue,47.56199,6.629825,14:20:00,2024-12-28
202400014495,05:10,Nuit sans éclairage,37,37266,1,1,1,6.0,Route de Ballan,47.304738,0.694274,05:10:00,2024-08-05
202400014496,02:25,Nuit sans éclairage,72,72011,1,1,1,6.0,lieu dit le bas rance,48.30504342,0.0045481,02:25:00,2024-12-27
202400014497,11:30,Plein jour,30,30172,1,1,1,7.0,D39,43.994173,3.85118,11:30:00,2024-08-05
202400014498,12:50,Plein jour,15,15014,2,1,1,3.0,57 Rue de l'Egalite,44.93292,2.44016,12:50:00,2024-02-01
202400014499,04:15,,14,14714,1,1,1,6.0,61 Route de Bayeux Saint-Lô,49.216563,-0.795355,04:15:00,2024-12-24
202400014500,09:30,Plein jour,976,97602,1,1,1,2.0,Route Nationale 1,-12.715179,45.126364,09:30:00,2024-08-05
202400014501,23:00,Nuit sans éclairage,10,10238,1,1,5,1.0,RD619,48.241881,4.340962,23:00:00,2024-12-27
202400014502,17:25,Plein jour,15,15014,2,1,1,2.0,RN 122,44.91328,2.44433,17:25:00,2024-01-31
202400014503,16:56,Plein jour,45,45169,1,1,1,3.0,autoroute A10 point kilométrique 097+710,47.910252,1.84942,16:56:00,2024-08-05
202400014504,19:00,,14,14333,2,2,1,3.0,23 Avenue de la Brigade Piron,49.40033,0.24079,19:00:00,2024-01-31
202400014505,11:15,Plein jour,21,21561,1,1,9,5.0,D971,47.424799,4.847342,11:15:00,2024-12-28
202400014506,22:23,Crépuscule,60,60612,1,1,1,2.0,Autoroute A1 PK 042+200,49.20439424,2.61012411,22:23:00,2024-08-05
202400014507,07:00,Plein jour,988,98805,1,1,1,3.0,Route des bassins,-22.173081,166.415679,07:00:00,2024-12-28
202400014508,07:30,Crépuscule,13,13117,2,2,1,3.0,DE LATTRE DE TASSIGNY ( AVENUE ),43.4233,5.28373,07:30:00,2024-02-01
202400014509,05:10,Crépuscule,987,98723,1,1,1,7.0,Punaei,-9.727,-138.981,05:10:00,2024-08-03
202400014510,19:00,,13,13203,2,9,1,3.0,ROGER SALENGRO (AVENUE),43.30986,5.37356,19:00:00,2024-02-01
202400014511,15:50,Plein jour,01,01151,1,1,5,4.0,"PK 147+000, A40",46.073489,5.3144,15:50:00,2024-12-28
202400014512,09:35,Plein jour,988,98829,1,1,1,1.0,RPS4 à hauteur de la tribu de KOUERGOA,-21.73355,166.103282,09:35:00,2024-08-03
202400014513,17:40,,13,13206,2,3,1,3.0,LAFON (RUE),43.2913,5.3811,17:40:00,2024-01-30
202400014514,11:51,Plein jour,37,37003,1,3,1,6.0,Boulevard Saint-denis-hors,47.39325262,1.00387001,11:51:00,2024-08-04
202400014515,22:49,Nuit sans éclairage,13,13001,1,1,1,2.0,"A8, PK 020.500, S2 ( Nice vers Lyon )",43.512176,5.456536,22:49:00,2024-12-19
202400014516,14:45,Plein jour,77,77365,1,1,1,1.0,RD 231 pk 24,48.717668,3.038492,14:45:00,2024-08-04
202400014517,19:00,Nuit sans éclairage,02,02297,1,1,1,2.0,Unknown,49.075272,3.354263,19:00:00,2024-12-27
202400014518,13:15,Plein jour,13,13047,1,1,1,2.0,R.N 569,43.53688,4.97477,13:15:00,2024-01-31
202400014519,23:48,Nuit sans éclairage,66,66208,1,1,1,6.0,D914,42.63537421,2.93922901,23:48:00,2024-08-04
202400014520,21:40,,976,97613,2,1,1,6.0,Rue Fangalatorou,-12.75639,45.082483,21:40:00,2024-12-27
202400014521,07:35,Crépuscule,13,13005,2,1,1,6.0,BLANCARD (PROMENADE PIERRE),43.29715,5.56839,07:35:00,2024-02-01
202400014522,20:40,Plein jour,30,30010,1,1,1,6.0,Route de Generargues,44.062856,3.98157,20:40:00,2024-08-04
202400014523,12:10,Plein jour,51,51562,1,1,7,2.0,A4,49.205051,4.089146,12:10:00,2024-12-27
202400014524,11:10,Plein jour,34,34344,2,9,1,3.0,Avenue de Melgueil,43.562862,4.086348,11:10:00,2024-08-02
202400014525,15:25,Plein jour,11,11069,2,3,1,3.0,2 Rue de l’Alaric,43.22789,2.3854,15:25:00,2024-01-30
202400014526,13:50,Plein jour,83,83065,2,1,1,1.0,Route du Littoral,43.26382,6.611675,13:50:00,2024-08-05
202400014527,20:35,Nuit sans éclairage,38,38401,1,1,1,4.0,A43,45.560564,5.418599,20:35:00,2024-12-27
202400014528,10:20,Plein jour,10,10387,2,2,1,2.0,Mail des Charmilles,48.29668,4.08531,10:20:00,2024-01-28
202400014529,09:05,Plein jour,71,71481,1,2,1,3.0,D906,46.19795,4.763619,09:05:00,2024-08-05
202400014530,12:50,Plein jour,988,98822,1,1,3,6.0,Ina (Tribu),-20.938054,165.360117,12:50:00,2024-12-14
202400014531,19:35,Plein jour,38,38376,1,1,1,6.0,Route de Berland,45.436063,5.779452,19:35:00,2024-08-04
202400014532,13:45,Plein jour,02,02408,2,1,1,6.0,Unknown,49.550929,3.619382,13:45:00,2024-01-27
202400014533,15:50,Plein jour,974,97414,2,1,1,1.0,rue ancienne route de cilaos,-21.239887,55.455076,15:50:00,2024-12-27
202400014534,17:40,Plein jour,81,81142,1,1,1,1.0,986 Route de Lescout,43.523049,2.083781,17:40:00,2024-08-05
202400014535,17:10,Crépuscule,75,75115,2,1,8,3.0,PORTE DE SEVRES,48.828461,2.289694,17:10:00,2024-02-01
202400014536,01:00,,977,97701,2,1,1,1.0,RTE DE LORIENT,17.906526,-62.828099,01:00:00,2024-12-28
202400014537,00:50,Nuit sans éclairage,46,46055,1,4,1,7.0,Empare,44.583453,2.091511,00:50:00,2024-08-04
202400014538,19:40,Nuit sans éclairage,77,77277,1,1,2,6.0,D436,48.714723,2.869256,19:40:00,2024-12-27
202400014539,23:00,,33,33324,2,1,1,2.0,Unknown,44.829675,0.218951,23:00:00,2024-07-03
202400014540,08:25,Plein jour,75,75120,2,1,2,6.0,ECHANGEUR BAGNOLET,48.86295203,2.41407484,08:25:00,2024-02-01
202400014541,12:50,Plein jour,78,78346,1,3,1,3.0,D11,48.9278,1.570272,12:50:00,2024-12-19
202400014542,11:09,Plein jour,85,85092,1,1,1,5.0,D148 pk 23,46.454038,-0.828219,11:09:00,2024-08-04
202400014543,18:15,,66,66225,2,1,1,1.0,D61,42.530876,2.904221,18:15:00,2024-12-28
202400014544,08:05,Plein jour,75,75113,2,1,2,2.0,PORTE D IVRY,48.819992,2.374139,08:05:00,2024-02-01
202400014545,12:21,Plein jour,75,75118,2,3,1,6.0,RUE DES ABBESSES,48.884166,2.338704,12:21:00,2024-01-31
202400014546,20:55,Plein jour,14,14658,2,1,1,1.0,18 Rue de la Gare,48.842619,-1.051093,20:55:00,2024-08-04
202400014547,10:00,Plein jour,66,66176,2,3,1,1.0,Avenue Paul Riquet,42.78476,2.96707,10:00:00,2024-10-30
202400014548,17:30,Plein jour,29,29124,1,1,1,7.0,D110,48.57762151,-4.31447517,17:30:00,2024-08-04
202400014549,11:50,Plein jour,75,75106,2,1,1,6.0,RUE DE VAUGIRARD,48.848036,2.330322,11:50:00,2024-02-01
202400014550,08:15,Plein jour,25,25626,2,1,5,6.0,Route de Plenise,47.344501,6.412518,08:15:00,2024-12-28
202400014551,15:00,Plein jour,76,76057,1,6,1,3.0,rond point simone veill - rd 6015,49.535417,0.962452,15:00:00,2024-08-02
202400014552,14:50,Plein jour,68,68154,2,6,1,6.0,Rue de Sausheim,47.77432,7.361615,14:50:00,2024-12-28
202400014553,11:40,Plein jour,75,75106,2,2,1,2.0,RUE DU VIEUX COLOMBIER,48.851588,2.331142,11:40:00,2024-01-31
202400014554,20:25,Plein jour,13,13215,1,1,1,3.0,A7-Sens Lyon vers Marseille,43.34906,5.37009,20:25:00,2024-08-04
202400014555,14:25,Plein jour,55,55255,2,2,1,5.0,D905,49.433599,5.379586,14:25:00,2024-12-28
202400014556,09:00,Plein jour,75,75120,2,1,2,5.0,AVENUE GAMBETTA,48.864018,2.391956,09:00:00,2024-02-01
202400014557,14:25,Plein jour,13,13211,1,1,1,4.0,A50-Sens Marseille vers Aubagne,43.2937699,5.45719727,14:25:00,2024-08-04
202400014558,21:25,,75,75118,2,2,1,6.0,RUE MARCADET,48.89122,2.343644,21:25:00,2024-01-31
202400014559,07:30,Plein jour,13,13214,1,1,1,3.0,A507 sens Marseille - Aubagne,43.33077644,5.38780715,07:30:00,2024-08-04
202400014560,15:34,Crépuscule,01,01211,2,1,7,2.0,Route de Seillon,46.124785,5.206771,15:34:00,2024-12-27
202400014561,02:35,,13,13215,1,1,1,7.0,A7-Sens Lyon vers Marseille,43.38181453,5.3519974,02:35:00,2024-08-04
202400014562,18:00,,75,75117,2,2,1,6.0,RUE DE LA JONQUIERE,48.893464,2.32536,18:00:00,2024-02-01
202400014563,14:30,Plein jour,79,79270,2,1,2,1.0,Unknown,46.409277,-0.206975,14:30:00,2024-12-22
202400014564,05:00,Nuit sans éclairage,83,83137,1,1,1,6.0,A57,43.12289546,5.95772266,05:00:00,2024-08-04
202400014565,18:30,,75,75116,2,1,1,3.0,AVENUE DU PRESIDENT KENNEDY,48.857237,2.287019,18:30:00,2024-02-01
202400014566,05:20,Nuit sans éclairage,01,01275,1,1,1,6.0,A42   4.353 A 5.760   GEN/LYON,45.807919,4.929066,05:20:00,2024-08-04
202400014567,10:45,Plein jour,33,33227,2,1,1,6.0,Unknown,44.545616,-0.256993,10:45:00,2024-12-23
202400014568,17:50,Plein jour,75,75115,2,3,1,6.0,BOULEVARD DE GRENELLE,48.852227,2.291236,17:50:00,2024-02-01
202400014569,18:55,Plein jour,33,33550,1,1,1,6.0,Unknown,44.779429,-0.549881,18:55:00,2024-08-04
202400014570,14:10,Plein jour,60,60450,1,1,5,1.0,D929,49.228374,2.295542,14:10:00,2024-12-28
202400014571,17:10,,75,75115,2,1,1,6.0,BOULEVARD PASTEUR,48.845037,2.311755,17:10:00,2024-02-01
202400014572,15:50,Plein jour,91,91589,1,1,1,4.0,AUTOROUTE A6,48.67592356,2.34025016,15:50:00,2024-08-04
202400014573,18:15,,75,75113,2,1,1,3.0,BOULEVARD DU GENERAL JEAN SIMON,48.824856,2.379483,18:15:00,2024-02-01
202400014574,14:50,Plein jour,91,91553,1,1,1,6.0,RN 104,48.63097,2.48932,14:50:00,2024-08-04
202400014575,17:20,Crépuscule,83,83137,1,1,1,2.0,A57,43.122139,5.95594954,17:20:00,2024-12-26
202400014576,18:00,Plein jour,93,93064,1,1,1,3.0,AUTOROUTE A86,48.88427014,2.46958851,18:00:00,2024-08-04
202400014577,10:48,Plein jour,75,75110,2,4,2,6.0,BOULEVARD DE LA VILLETTE,48.874391,2.374144,10:48:00,2024-02-01
202400014578,12:10,Plein jour,83,83137,1,1,1,4.0,A57,43.12994235,5.97837713,12:10:00,2024-12-25
202400014579,16:20,Plein jour,93,93066,1,1,1,2.0,AUTOROUTE A1,48.92290239,2.35725128,16:20:00,2024-08-04
202400014580,03:53,,94,94081,2,1,1,2.0,118 Rue Gabriel Péri,48.79086062,2.40223078,03:53:00,2024-02-01
202400014581,22:00,Nuit sans éclairage,59,59256,1,1,1,1.0,AUTOROUTE A23,50.56488,3.16302,22:00:00,2024-12-25
202400014582,20:05,Plein jour,80,80569,1,1,1,7.0,Morcourt vallée de la Somme,49.893793,2.65113,20:05:00,2024-05-30
202400014583,07:35,Nuit sans éclairage,91,91521,1,1,1,7.0,RN 441,48.63558,2.40168,07:35:00,2024-12-27
202400014584,09:15,Plein jour,94,94022,2,8,2,6.0,9 Avenue Léon Gourdault,48.763665,2.406007,09:15:00,2024-02-01
202400014585,08:28,Plein jour,74,74133,2,1,1,3.0,GENOT (RUE DU LIEUTENANT Y.),46.18328,6.1978,08:28:00,2024-06-03
202400014586,08:50,Plein jour,93,93066,1,1,1,2.0,AUTOROUTE A1,48.92985457,2.36307976,08:50:00,2024-12-27
202400014587,17:30,Plein jour,88,88487,2,1,1,7.0,D20,47.92612,6.468158,17:30:00,2024-04-06
202400014588,18:20,,94,94079,2,3,1,2.0,Rue du Général de Gaulle / Rue des Courts Sillons,48.82731231,2.54589647,18:20:00,2024-01-30
202400014589,10:00,Plein jour,92,92036,1,1,8,7.0,CABOEUFS (RUE DES) (134/282,48.92398,2.30967,10:00:00,2024-08-02
202400014590,01:40,Nuit sans éclairage,95,95277,1,4,1,6.0,A104,48.97330726,2.4896663,01:40:00,2024-12-27
202400014591,19:35,,94,94017,2,3,1,6.0,Rue Albert Thomas / Rue Albert Vinçon,48.81434353,2.51165052,19:35:00,2024-02-01
202400014592,17:30,Plein jour,44,44109,2,1,1,4.0,Boulevard Sarrebruck,47.2146967,-1.52491641,17:30:00,2024-07-22
202400014593,16:35,Plein jour,93,93078,2,9,1,6.0,Avenue Georges Clémenceau,48.95998,2.55661,16:35:00,2024-02-01
202400014594,17:30,,988,98818,2,3,1,1.0,RUE AUGUSTE BENEBIGRUE TARAGNAT,-22.27103,166.45242,17:30:00,2024-08-03
202400014595,17:05,Plein jour,50,50046,1,3,2,5.0,RD 572,49.152871,-0.940028,17:05:00,2024-10-10
202400014596,23:12,Nuit sans éclairage,974,97411,1,9,1,7.0,MONTAGNE (ROUTE DE LA),-20.88585,55.43899,23:12:00,2024-12-26
202400014597,03:07,Nuit avec éclairage,93,93005,2,1,8,6.0,Avenue Raoul Dufy,48.96061,2.50129,03:07:00,2024-01-26
202400014598,07:10,Plein jour,974,97416,2,2,1,3.0,PIOR (RUE HYPOLITTE),-21.2987,55.45371,07:10:00,2024-08-02
202400014599,20:20,,974,97411,2,1,1,1.0,LECONTE DE LISLE (AVENUE),-20.89542,55.48924,20:20:00,2024-12-26
202400014600,08:10,Plein jour,974,97411,2,1,1,6.0,SAINT-FRANCOIS (BOULEVARD),-20.90215,55.46307,08:10:00,2024-08-03
202400014601,20:10,,93,93064,2,2,1,5.0,Avenue de la République / Rue Marie Louise,48.867808,2.484873,20:10:00,2024-01-31
202400014602,13:20,Plein jour,973,97302,1,2,1,3.0,CABASSOU (ROUTE DE),4.91924475,-52.31760103,13:20:00,2024-08-03
202400014603,18:50,,93,93064,2,2,1,3.0,Rue du Rhin / Rue de Strasbourg,48.866898,2.497661,18:50:00,2024-02-01
202400014604,02:10,Nuit sans éclairage,973,97302,2,6,1,7.0,CRIQUE FOUILLEE (ROND POINT),4.89696722,-52.32850188,02:10:00,2024-08-03
202400014605,08:25,Plein jour,93,93064,2,2,2,6.0,Rue Richard Gardebled / Rue Hussenet,48.875093,2.48395,08:25:00,2024-02-01
202400014606,06:50,Plein jour,972,97213,2,6,1,2.0,ROUTE DEPARTEMENTALE 14,14.61777,-61.03153,06:50:00,2024-08-03
202400014607,09:51,Plein jour,93,93046,2,2,2,3.0,Rue Pachot Lainé / Avenue César Collavéri,48.92409,2.53909,09:51:00,2024-02-01
202400014608,23:55,,2B,2B033,2,9,1,3.0,TOUTES RUES,42.7047,9.45422,23:55:00,2024-08-03
202400014609,08:19,Crépuscule,93,93014,2,1,2,7.0,Chemin des Postes,48.90858,2.53479,08:19:00,2024-02-01
202400014610,23:40,,2A,2A004,2,1,1,2.0,PIETRI FRANCOIS RUE,41.93524,8.74675,23:40:00,2024-08-03
202400014611,15:20,Plein jour,92,92078,2,3,8,3.0,MARC SANGNIER (AVENUE),48.92973,2.32598,15:20:00,2024-02-01
202400014612,00:55,,83,83137,2,6,1,3.0,BIR-HAKEIM (ROND POINT),43.12124,5.9413,00:55:00,2024-08-03
202400014613,13:50,Plein jour,92,92063,2,1,1,6.0,BONAPARTE (AVENUE NAPOLEON) NORD,48.87133576,2.16072661,13:50:00,2024-01-31
202400014614,15:50,Plein jour,80,80261,2,1,1,3.0,Unknown,49.871102,2.279993,15:50:00,2024-08-03
202400014615,18:38,,92,92050,2,3,1,6.0,PICASSO PABLO AVENUE,48.89081588,2.21581239,18:38:00,2024-02-01
202400014616,20:13,,92,92048,2,1,1,6.0,REPUBLIQUE (RUE DE LA) N° 1 A 45,48.80723737,2.23597705,20:13:00,2024-02-01
202400014617,18:25,Plein jour,71,71306,2,1,1,6.0,ALOUETTES (AVENUE DES),46.67947,4.36698,18:25:00,2024-08-03
202400014618,18:30,,92,92026,2,2,1,6.0,REFLETS (PLACE),48.89055793,2.24838978,18:30:00,2024-02-01
202400014619,21:50,,69,69266,2,1,1,6.0,Cours Emile Zola,45.76703,4.89227,21:50:00,2024-08-03
202400014620,09:25,Plein jour,68,68166,2,1,1,6.0,Rue d'Illzach,47.79056,7.343226,09:25:00,2024-08-01
202400014621,23:40,,92,92024,2,3,1,3.0,JEAN JAURES (BD) DE 47 A 109)   (56 A 14,48.90089344,2.30552334,23:40:00,2024-01-31
202400014622,03:55,,67,67482,2,3,8,3.0,PARIS (QUAI DE),48.58501,7.74301,03:55:00,2024-08-03
202400014623,16:25,Plein jour,92,92012,2,1,1,6.0,JEAN JAURES (BOULEVARD) 1/61 - COTE IMPA,48.84302929,2.23821938,16:25:00,2024-02-01
202400014624,22:32,,92,92002,2,1,1,6.0,DIVISION LECLERC (53 A 217 - 58 A 186),48.74477755,2.30332267,22:32:00,2024-01-31
202400014625,09:15,Plein jour,60,60223,2,2,2,3.0,142 Avenue de Flandres,49.43083118,2.64025731,09:15:00,2024-02-01
202400014626,22:10,,63,63113,2,2,1,3.0,Rue de Blanzat / rue de Champfleuri,45.78794,3.08378,22:10:00,2024-08-03
202400014627,09:30,Plein jour,71,71139,1,1,5,7.0,D983,46.63899203,4.55726384,09:30:00,2024-02-02
202400014628,07:05,Plein jour,63,63063,1,1,1,6.0,Unknown,45.833,3.114,07:05:00,2024-08-03
202400014629,00:05,,61,61001,2,1,1,6.0,D438,48.42201,0.08954,00:05:00,2024-08-03
202400014630,19:00,Crépuscule,59,59360,2,1,2,6.0,POTIE GEORGES RUE,50.61359,3.00215,19:00:00,2024-08-03
202400014631,21:15,Crépuscule,59,59588,1,1,2,1.0,FURNES - ROUTE,51.04415,2.44332,21:15:00,2024-08-03
202400014632,17:45,Plein jour,54,54547,2,2,1,1.0,Avenue Jeanne d'Arc,48.6581424,6.17767963,17:45:00,2024-08-03
202400014633,14:55,Plein jour,54,54395,2,2,1,3.0,Rue Saint Léon,48.69001188,6.17183912,14:55:00,2024-08-03
202400014634,14:26,Plein jour,51,51055,2,6,1,3.0,CHAILLOT (RUE),49.28643,4.02759,14:26:00,2024-08-03
202400014635,02:43,Nuit avec éclairage,49,49007,2,1,1,6.0,RAMON BOULEVARD,47.48565,-0.53339,02:43:00,2024-08-03
202400014636,16:50,Plein jour,47,47201,2,6,1,3.0,MARNE (AV. DE LA),44.19459664,0.60329138,16:50:00,2024-08-02
202400014637,15:00,Plein jour,44,44162,2,1,1,6.0,131 Boulevard Marcel Paul,47.21425,-1.64799,15:00:00,2024-08-03
202400014638,20:25,Plein jour,44,44055,2,1,8,6.0,38 Esplanade François André,47.28145,-2.40087,20:25:00,2024-08-03
202400014639,01:24,Nuit sans éclairage,38,38516,1,3,1,4.0,Avenue de Verdun,45.19239,5.7464,01:24:00,2024-08-04
202400014640,17:20,Plein jour,38,38151,2,9,1,6.0,RUE DE NORMANDIE,45.15826,5.7222,17:20:00,2024-08-03
202400014641,13:50,Plein jour,35,35238,2,1,1,6.0,SAINT-HELIER,48.10625,-1.66752,13:50:00,2024-08-03
202400014642,00:35,,34,34172,2,6,1,3.0,PRES D'ARENES (ROND-POINT DES),43.58878,3.89008,00:35:00,2024-08-04
202400014643,23:15,,34,34172,2,1,1,1.0,MONTELS-EGLISE (RUE DE),43.581795,3.884766,23:15:00,2024-08-03
202400014644,11:46,Plein jour,34,34172,2,1,1,2.0,FLAHAULT (AVENUE CHARLES,43.6277,3.85844,11:46:00,2024-08-03
202400014645,18:45,Plein jour,33,33063,2,2,1,3.0,Rue Blanqui,44.87844,-0.54778,18:45:00,2024-08-03
202400014646,02:00,Nuit avec éclairage,33,33119,2,1,1,5.0,Unknown,44.84336,-0.53198,02:00:00,2024-08-03
202400014647,23:40,,33,33032,2,1,1,6.0,Unknown,44.90548,-0.52971,23:40:00,2024-08-02
202400014648,01:08,Nuit sans éclairage,33,33075,2,1,1,4.0,Unknown,44.88848077,-0.58833316,01:08:00,2024-08-03
202400014649,06:35,Crépuscule,31,31483,2,6,1,6.0,DREYFUS RENE ( AVENUE),43.11171667,0.6958589,06:35:00,2024-08-03