Num_Acc,hrmn,lum,dep,com,agg,int,atm,col,adr,lat,long,heure,date
202400014650,00:40,,28,28085,2,9,1,7.0,PEGUY (BOULEVARD CHARLES),48.44893,1.48333,00:40:00,2024-08-03
202400014651,19:30,Plein jour,25,25056,2,2,1,3.0,CHOPARD RUE ALEXIS,47.246193,6.034091,19:30:00,2024-08-03
202400014652,17:40,Plein jour,14,14366,2,9,2,1.0,337 Rue Augustin Fresnel,49.14495,0.26713,17:40:00,2024-08-03
202400014653,00:20,,13,13209,2,1,1,3.0,RAYMOND TEISSERE (RUE),43.27238582,5.39959033,00:20:00,2024-08-04
202400014654,05:00,Nuit sans éclairage,13,13047,1,1,1,1.0,RD 569,43.56436,4.98425,05:00:00,2024-08-03
202400014655,11:50,Plein jour,11,11069,2,3,1,2.0,Unknown,43.199163,2.32703,11:50:00,2024-08-03
202400014656,13:55,Plein jour,07,07019,1,1,1,1.0,COTE DE VILLE RN 102,44.59238,4.42251,13:55:00,2024-08-03
202400014657,19:30,Plein jour,06,06088,2,1,1,6.0,Route de Turin,43.720606,7.287684,19:30:00,2024-08-03
202400014658,14:40,Plein jour,05,05061,2,1,1,6.0,EMBRUN ( AVENUE D'),44.56923,6.10268,14:40:00,2024-07-25
202400014659,17:20,Plein jour,05,05023,2,1,1,6.0,Rue Joseph Sylvestre,44.886173,6.634247,17:20:00,2024-08-02
202400014660,18:20,Plein jour,75,75120,2,1,1,2.0,BD PERIPHERIQUE INTERIEUR,48.85993,2.413982,18:20:00,2024-08-03
202400014661,22:30,,75,75112,2,1,1,3.0,BD PERIPHERIQUE INTERIEUR,48.83687,2.412401,22:30:00,2024-08-02
202400014662,00:15,,75,75119,2,4,1,6.0,BOULEVARD DE LA VILLETTE,48.882431,2.370456,00:15:00,2024-08-03
202400014663,16:20,Plein jour,75,75118,2,2,1,1.0,Rue de la Chapelle,48.898517,2.359368,16:20:00,2024-08-03
202400014664,19:00,Plein jour,75,75115,2,1,1,6.0,PONT DU GARIGLIANO,48.839137,2.268794,19:00:00,2024-08-03
202400014665,03:44,,75,75113,2,2,1,6.0,AVENUE D ITALIE,48.826154,2.357317,03:44:00,2024-08-03
202400014666,06:55,Plein jour,75,75112,1,2,1,3.0,QUAI DE LA RAPEE,48.843414,2.370737,06:55:00,2024-08-03
202400014667,16:04,Plein jour,75,75107,2,2,1,3.0,AVENUE BOSQUET,48.858847,2.303552,16:04:00,2024-08-03
202400014668,01:20,,75,75107,2,7,1,7.0,QUAI D ORSAY,48.862828,2.311698,01:20:00,2024-08-03
202400014669,13:00,Plein jour,94,94018,2,2,1,3.0,Rue Camille Mouquet,48.823763,2.407491,13:00:00,2024-08-03
202400014670,22:26,Nuit sans éclairage,94,94070,1,1,1,5.0,Route de Mandres,48.71426,2.56154,22:26:00,2024-08-02
202400014671,14:15,Plein jour,93,93055,2,3,1,2.0,Rue Cartier Bresson / Rue Honoré,48.90324401,2.39591736,14:15:00,2024-08-03
202400014672,18:30,Plein jour,93,93032,2,9,1,5.0,Avenue Jean Jaurès / Rue Vaillant Couturier / Rue de Paris,48.86560701,2.56419393,18:30:00,2024-08-03
202400014673,06:20,Plein jour,93,93051,2,1,1,3.0,Boulevard Paul Pambrun,48.8497,2.55888,06:20:00,2024-08-03
202400014674,12:20,Plein jour,93,93047,2,4,1,3.0,BARGUE  (BOULEVARD),48.903,2.56219,12:20:00,2024-08-03
202400014675,21:20,Plein jour,93,93010,2,1,1,6.0,GALLIENI (AV.) CONFORAMA 53,48.90567099,2.47752434,21:20:00,2024-08-02
202400014676,22:50,,92,92040,2,3,1,3.0,JEAN-PIERRE TIMBAUD,48.82088775,2.24996209,22:50:00,2024-08-03
202400014677,12:00,Plein jour,92,92025,2,1,1,6.0,AUDRA (AV),48.92790713,2.24960354,12:00:00,2024-08-03
202400014678,16:50,Plein jour,92,92025,2,3,1,3.0,STALINGRAD (AV DE),48.93345082,2.26436734,16:50:00,2024-08-02
202400014679,20:00,Plein jour,92,92024,2,1,2,6.0,FOURNIER (RUE),48.90510652,2.29840529,20:00:00,2024-08-03
202400014680,09:30,Plein jour,92,92023,2,9,1,6.0,STENDHAL (AVENUE),48.78689113,2.23703469,09:30:00,2024-08-03
202400014681,03:30,,92,92004,2,9,2,1.0,PONT D'ASNIERES,48.90536745,2.28823328,03:30:00,2024-08-03
202400014682,16:27,Plein jour,92,92004,2,1,1,3.0,EMILE ZOLA ( RUE ),48.9235748,2.2850672,16:27:00,2024-08-03
202400014683,17:50,Plein jour,76,76622,1,1,1,6.0,D28 Route de Triquerville,49.48181122,0.6117475,17:50:00,2024-08-04
202400014684,15:30,Plein jour,50,50493,1,1,1,1.0,D924,48.836588,-1.45659,15:30:00,2024-08-02
202400014685,09:35,Plein jour,71,71446,1,2,1,3.0,route de montceau,46.577592,4.533985,09:35:00,2024-08-03
202400014686,10:45,Plein jour,974,97413,2,3,1,1.0,5 Rue des Pitayas,-21.177424,55.289463,10:45:00,2024-08-04
202400014687,19:10,Plein jour,59,59220,2,2,1,6.0,Rue Roger Salengro,50.60292617,3.06910605,19:10:00,2024-05-30
202400014688,20:50,Plein jour,59,59507,2,3,1,1.0,Rue de Lesquin,50.59758,3.09682,20:50:00,2024-05-29
202400014689,10:15,Plein jour,14,14738,1,1,1,4.0,A84,49.163228,-0.444002,10:15:00,2024-08-03
202400014690,13:25,Plein jour,57,57672,1,1,1,2.0,METZ (ROUTE DE),49.335636,6.157031,13:25:00,2024-05-28
202400014691,18:00,Plein jour,62,62436,1,1,1,7.0,D23,50.35700735,2.33686687,18:00:00,2024-08-03
202400014692,15:31,Plein jour,57,57480,2,1,1,2.0,MARC SEGUIN (RUE ),49.09578,6.15678,15:31:00,2024-05-30
202400014693,18:00,Plein jour,19,19136,1,3,1,7.0,D36,45.5762973,2.13613871,18:00:00,2024-08-03
202400014694,04:05,Nuit sans éclairage,57,57463,2,1,1,6.0,CHARRIERE (RUE DE LA ),49.13002776,6.21852994,04:05:00,2024-05-12
202400014695,14:30,Plein jour,56,56028,1,1,1,7.0,Croix du vau moulin,47.626536,-2.284035,14:30:00,2024-08-04
202400014696,12:10,Plein jour,56,56260,1,9,1,3.0,Liziec,47.66881,-2.72406,12:10:00,2024-05-30
202400014697,11:49,Plein jour,79,79129,2,1,1,1.0,Unknown,46.321062,-0.292143,11:49:00,2024-08-04
202400014698,11:40,Plein jour,56,56121,2,3,1,3.0,Rue Paul Guieysse,47.75767,-3.37277,11:40:00,2024-05-30
202400014699,12:00,Plein jour,81,81084,1,1,1,1.0,D60,43.495077,2.2057967,12:00:00,2024-08-04
202400014700,11:40,Plein jour,54,54395,2,2,1,3.0,Boulevard Jean Moulin,48.67700392,6.20786011,11:40:00,2024-05-29
202400014701,16:03,Plein jour,71,71290,1,1,1,6.0,Route de Clermain,46.388467,4.615266,16:03:00,2024-08-02
202400014702,07:55,Plein jour,52,52448,2,1,1,3.0,SARRAIL (AVENUE DU GENERAL),48.64422,4.95271,07:55:00,2024-05-27
202400014703,17:38,Plein jour,51,51108,2,1,1,6.0,AUGUSTINS (RUE DES),48.95359,4.36389,17:38:00,2024-05-30
202400014704,15:30,Plein jour,89,89208,1,1,1,7.0,Route Départementale 944,47.594414,3.864613,15:30:00,2024-08-03
202400014705,23:45,,63,63233,2,2,1,1.0,11 Rue des Fossés,46.181,2.806674,23:45:00,2024-08-03
202400014706,14:50,Plein jour,49,49015,2,6,1,3.0,MENDES FRANCE AVENUE PIERRE,47.50208,-0.58495,14:50:00,2024-05-29
202400014707,07:22,Plein jour,49,49007,2,1,8,6.0,RABELAIS,47.45989,-0.54585,07:22:00,2024-05-29
202400014708,10:00,Plein jour,22,22047,2,9,1,1.0,Route de Pontivy,48.310797,-3.048695,10:00:00,2024-08-04
202400014709,18:05,Plein jour,44,44109,2,1,1,3.0,19 Allée Henri Chrétien,47.23104802,-1.58730447,18:05:00,2024-05-30
202400014710,04:22,Nuit sans éclairage,39,39286,1,1,1,6.0,Unknown,46.40402,5.768455,04:22:00,2024-08-04
202400014711,17:00,Plein jour,44,44109,2,1,2,6.0,Route de Paris,47.2601,-1.49939,17:00:00,2024-05-29
202400014712,17:05,Plein jour,39,39171,1,9,1,3.0,Unknown,46.662706,5.43819,17:05:00,2024-08-04
202400014713,13:10,Plein jour,42,42218,2,1,1,6.0,Boulevard de la Palle,45.4275,4.4176,13:10:00,2024-05-03
202400014714,00:47,Nuit sans éclairage,25,25186,1,1,1,6.0,D1 / Rue de Besançon,47.330563,5.946908,00:47:00,2024-08-04
202400014715,00:45,Nuit sans éclairage,29,29081,1,1,1,6.0,Meilh Coat Guinec,48.364066,-3.773498,00:45:00,2024-08-04
202400014716,19:25,Plein jour,42,42218,2,2,1,3.0,Rue de la Montat,45.44326,4.41328,19:25:00,2024-05-24
202400014717,14:00,Plein jour,01,01305,2,6,1,7.0,Rue Mal de Lattre de Tassigny,46.429354,4.938623,14:00:00,2024-08-04
202400014718,09:40,Plein jour,42,42218,2,1,1,3.0,Rue Alexandre Pourcel,45.4236,4.3948,09:40:00,2024-04-13
202400014719,01:00,Nuit sans éclairage,26,26001,1,1,1,7.0,D93,44.700165,5.396487,01:00:00,2024-08-04
202400014720,11:13,Plein jour,42,42218,2,1,1,3.0,Boulevard Antonio Vivaldi,45.47262,4.39612,11:13:00,2024-05-24
202400014721,08:22,Plein jour,72,72363,1,3,1,3.0,D29,48.094122,0.541372,08:22:00,2024-08-04
202400014722,19:10,Plein jour,43,43264,1,1,1,7.0,Route de Condros,45.1927402,3.37779079,19:10:00,2024-08-03
202400014723,20:30,Plein jour,42,42218,2,2,2,5.0,Rue Montyon,45.4642,4.3819,20:30:00,2024-05-01
202400014724,12:20,Plein jour,37,37122,2,1,1,2.0,VERDUN (RUE DE),47.3438,0.66406,12:20:00,2024-05-30
202400014725,17:00,Plein jour,35,35238,2,3,8,6.0,PARIS (RUE DE),48.11217296,-1.6711919,17:00:00,2024-05-30
202400014726,14:30,Plein jour,34,34301,2,1,8,6.0,GUYNEMER GEORGES (AVENUE),43.41241,3.66131,14:30:00,2024-05-30
202400014727,02:15,,33,33063,2,1,1,6.0,Unknown,44.83188,-0.55828,02:15:00,2024-05-31
202400014728,09:45,Plein jour,33,33200,2,3,8,3.0,Unknown,44.88862,-0.67416,09:45:00,2024-05-30
202400014729,08:45,Plein jour,33,33281,2,2,8,3.0,Unknown,44.838553,-0.618853,08:45:00,2024-05-30
202400014730,13:05,Plein jour,33,33063,2,2,1,3.0,Unknown,44.83338,-0.59891,13:05:00,2024-05-29
202400014731,08:50,Plein jour,33,33063,2,9,8,6.0,Unknown,44.84864,-0.5755,08:50:00,2024-05-29
202400014732,16:56,Plein jour,33,33529,2,1,1,3.0,Unknown,44.62407,-1.135215,16:56:00,2024-05-30
202400014733,07:40,Plein jour,33,33009,2,3,2,3.0,Unknown,44.65675,-1.16517,07:40:00,2024-05-30
202400014734,11:50,Plein jour,30,30007,2,1,8,3.0,Unknown,44.142808,4.103843,11:50:00,2024-05-30
202400014735,18:00,Plein jour,26,26362,2,3,1,3.0,ALTHEAS ALLEE DES,44.91182,4.88839,18:00:00,2024-05-30
202400014736,19:10,Plein jour,19,19031,2,1,1,3.0,TEINCHURIER (AVENUE DU),45.14756,1.4828,19:10:00,2024-05-24
202400014737,11:30,Plein jour,19,19031,2,2,1,3.0,CIPAN (RUE PAUL),45.16072,1.54368,11:30:00,2024-05-30
202400014738,08:00,Plein jour,17,17306,2,1,1,3.0,FRONT DE MER (PROMENADE DE),45.62394,-1.0268,08:00:00,2024-05-30
202400014739,06:30,Plein jour,13,13106,2,1,1,3.0,NELSON MANDELA (AVENUE),43.4088,5.36724,06:30:00,2024-05-30
202400014740,18:00,Plein jour,13,13215,2,1,1,3.0,MADRAGUE VILLE (chemin de la),43.3,5.4,18:00:00,2024-05-30
202400014741,08:30,Plein jour,13,13212,2,1,1,2.0,VAUDRAN (ALLEE DES),43.306,5.47,08:30:00,2024-05-30
202400014742,18:30,Plein jour,13,13201,2,1,1,6.0,BIR HAKEIM (RUE),43.29687,5.37638,18:30:00,2024-05-22
202400014743,17:50,Plein jour,13,13004,2,2,1,3.0,AV STALINGRAD,43.69422566,4.63979382,17:50:00,2024-05-30
202400014744,07:45,Plein jour,13,13001,2,1,1,2.0,EUROPE (AV ),43.48559,5.34824,07:45:00,2024-05-30
202400014745,07:30,Plein jour,11,11069,2,2,1,3.0,34 Avenue du Général Leclerc,43.21017,2.36449,07:30:00,2024-05-27
202400014746,07:25,Plein jour,10,10362,2,2,2,3.0,SAVIPOL (ZI),48.29301,4.00918,07:25:00,2024-05-29
202400014747,17:25,Plein jour,06,06069,2,3,1,2.0,152 Chemin de Saint Marc,43.63073,6.9587,17:25:00,2024-05-30
202400014748,19:00,Plein jour,06,06027,2,1,1,3.0,Promenade de la Plage,43.656365,7.176989,19:00:00,2024-05-30
202400014749,18:00,Plein jour,01,01053,2,1,1,2.0,DE GAULLE ( BD GAL) PAIR,46.1978,5.2393,18:00:00,2024-05-30
202400014750,17:00,Plein jour,01,01451,2,3,1,3.0,HERRIOT ( BOULEVARD EDOUARD COTE PAIR),46.213017,5.218254,17:00:00,2024-05-29
202400014751,18:14,Plein jour,75,75116,2,1,1,2.0,BD PERIPHERIQUE EXTERIEUR,48.857246,2.258489,18:14:00,2024-05-30
202400014752,08:45,Plein jour,75,75114,2,1,2,2.0,BD PERIPHERIQUE EXTERIEUR,48.824292,2.30637,08:45:00,2024-05-30
202400014753,23:45,,75,75120,2,1,2,6.0,BD PERIPHERIQUE INTERIEUR,48.868742,2.413252,23:45:00,2024-05-29
202400014754,16:25,Plein jour,75,75118,2,2,2,3.0,PLACE DE LA CHAPELLE,48.884562,2.359419,16:25:00,2024-05-29
202400014755,13:50,Plein jour,75,75105,2,3,1,6.0,BOULEVARD SAINT MICHEL,48.852735,2.343859,13:50:00,2024-05-27
202400014756,12:40,Plein jour,75,75117,2,3,2,7.0,RUE GUSTAVE CHARPENTIER,48.879318,2.280702,12:40:00,2024-05-30
202400014757,15:50,Plein jour,75,75116,2,3,8,3.0,BOULEVARD SUCHET,48.859456,2.266024,15:50:00,2024-05-30
202400014758,10:30,Plein jour,75,75116,2,2,8,6.0,BOULEVARD MURAT,48.845368,2.25757,10:30:00,2024-05-29
202400014759,00:50,,75,75116,2,2,8,3.0,ROUTE DE SURESNES,48.866356,2.231625,00:50:00,2024-05-30
202400014760,01:27,,75,75115,2,2,1,1.0,QUAI BRANLY,48.846188,2.295173,01:27:00,2024-05-30
202400014761,20:15,Plein jour,75,75114,2,3,3,3.0,RUE DE LA TOMBE ISSOIRE,48.824387,2.331095,20:15:00,2024-05-29
202400014762,16:00,Plein jour,75,75112,2,3,2,2.0,AVENUE DU TREMBLAY,48.835806,2.453089,16:00:00,2024-05-29
202400014763,23:20,,75,75110,2,3,2,4.0,RUE DU FAUBOURG SAINT MARTIN,48.882557,2.366944,23:20:00,2024-05-29
202400014764,17:40,Plein jour,75,75107,2,1,2,2.0,AVENUE DE VILLARS,48.852648,2.313606,17:40:00,2024-05-29
202400014765,16:30,Plein jour,75,75101,2,1,1,6.0,QUAI FRANCOIS MITTERRAND,48.859598,2.335296,16:30:00,2024-05-30
202400014766,16:45,Plein jour,75,75102,2,3,2,1.0,RUE DU CAIRE,48.867022,2.352912,16:45:00,2024-05-29
202400014767,10:10,Plein jour,75,75102,2,3,2,7.0,BOULEVARD DE SEBASTOPOL,48.867064,2.352956,10:10:00,2024-05-29
202400014768,07:00,Plein jour,94,94080,2,1,1,3.0,Avenue de Paris,48.84613529,2.42190117,07:00:00,2024-05-30
202400014769,16:00,Plein jour,94,94074,2,3,2,6.0,Rue du Colonel Fabien / Rue des Ecoles,48.744657,2.470029,16:00:00,2024-05-30
202400014770,11:45,Plein jour,94,94042,2,1,2,6.0,Avenue du President Kennedy,48.81601457,2.46500708,11:45:00,2024-05-30
202400014771,13:00,Plein jour,94,94041,2,1,2,4.0,107 Avenue Maurice Thorez,48.81623576,2.37696826,13:00:00,2024-05-30
202400014772,16:20,Plein jour,94,94028,1,1,2,2.0,D19,48.79886,2.44592,16:20:00,2024-05-29
202400014773,09:10,Plein jour,94,94028,2,6,3,2.0,Carrefour de Pompadour / Avenue de la Pompadour,48.77413,2.4397,09:10:00,2024-05-29
202400014774,17:00,Plein jour,94,94018,2,3,1,6.0,Rue de Paris / Avenue Anatole France,48.82237,2.41236,17:00:00,2024-05-30
202400014775,16:30,Plein jour,94,94071,2,1,2,2.0,Rue de Noiseau,48.77339904,2.53015692,16:30:00,2024-05-29
202400014776,16:30,Plein jour,93,93050,2,3,2,7.0,Avenue Paul Vaillant Couturier / Rue de la Pointe ,48.86936426,2.55557656,16:30:00,2024-05-29
202400014777,16:50,Plein jour,93,93074,2,1,1,6.0,Allée Jules Ferry,48.932305,2.566849,16:50:00,2024-05-30
202400014778,16:35,Plein jour,93,93013,2,2,1,3.0,Avenue de la Division Leclerc / Rue Anizan Cavillon,48.935,2.426,16:35:00,2024-05-30
202400014779,10:07,Plein jour,93,93013,2,2,2,6.0,Avenue Jean Jaurès / Avenue de la Division Leclerc,48.93321953,2.4240607,10:07:00,2024-05-28
202400014780,09:23,Plein jour,93,93027,2,1,2,6.0,Rue de la Convention,48.92706,2.39336,09:23:00,2024-05-29
202400014781,16:30,Plein jour,93,93001,2,5,1,2.0,Avenue Victor Hugo / Rue du Goulet,48.90887,2.37814,16:30:00,2024-05-30
202400014782,08:30,Plein jour,92,92046,2,1,2,7.0,DE STALINGRAD,48.81441,2.27964,08:30:00,2024-05-30
202400014783,09:02,Plein jour,92,92062,2,1,2,3.0,DE DION BOUTON (QUAI) DU 29 AU 65,48.88247962,2.24756062,09:02:00,2024-05-30
202400014784,20:52,Plein jour,92,92020,2,1,2,3.0,LIBERTE BOULEVARD DE LA N° IMPAIRS,48.79911581,2.29427952,20:52:00,2024-05-30
202400014785,06:45,Crépuscule,92,92048,1,6,8,7.0,TRIVAUX (AVENUE DE) N° 9,48.79748965,2.23235214,06:45:00,2024-05-30
202400014786,09:40,Plein jour,92,92025,2,2,1,3.0,CHARLES DE GAULLE (BD),48.90893416,2.23660201,09:40:00,2024-05-30
202400014787,20:45,Crépuscule,92,92024,2,3,1,2.0,LEON BLUM (RUE),48.90830204,2.30433244,20:45:00,2024-05-30
202400014788,16:35,Plein jour,17,17262,1,2,1,3.0,Croisement D125 et D728,45.745942,-0.710582,16:35:00,2024-05-31
202400014789,02:30,Nuit sans éclairage,01,01143,2,1,3,6.0,Chemin des Ecoliers,46.372813,6.156936,02:30:00,2024-05-30
202400014790,14:13,Plein jour,01,01360,2,1,1,6.0,313 Rue du Bourg,46.209496,5.957835,14:13:00,2024-05-20
202400014791,16:17,Plein jour,36,36129,1,1,3,6.0,Unknown,46.625723,1.917382,16:17:00,2024-05-30
202400014792,15:40,Plein jour,34,34270,2,4,1,3.0,D132,43.575168,3.853787,15:40:00,2024-05-31
202400014793,07:58,Crépuscule,59,59331,1,1,2,7.0,Route de Prisches,50.112625,3.709946,07:58:00,2024-05-30
202400014794,17:00,Plein jour,56,56169,1,1,1,1.0,Lieu Dit Kerfourcher,47.714674,-3.240414,17:00:00,2024-05-30
202400014795,07:50,Plein jour,82,82044,1,1,1,5.0,D21,43.931899,1.382089,07:50:00,2024-05-31
202400014796,18:15,Plein jour,71,71092,1,1,1,1.0,D12,46.577345,5.175607,18:15:00,2024-05-31
202400014797,10:30,Plein jour,71,71380,1,1,1,3.0,Route de Saint Germain du Bois,46.6851718,5.3784262,10:30:00,2024-01-22
202400014798,14:15,Plein jour,89,89345,2,3,1,3.0,41 Grande Rue,48.000217,3.728099,14:15:00,2024-05-31
202400014799,06:20,Plein jour,42,42289,1,1,1,6.0,Route de Neulise,45.923534,4.201087,06:20:00,2024-05-31
202400014800,15:00,Plein jour,34,34178,1,3,1,3.0,D19,43.429892,3.151939,15:00:00,2024-05-29
202400014801,18:25,Plein jour,22,22229,1,3,8,3.0,D790,48.285681,-3.244601,18:25:00,2024-05-27
202400014802,18:00,Plein jour,44,44049,2,2,1,3.0,9 Rue Emmanuel Provost,47.287082,-2.508633,18:00:00,2024-05-30
202400014803,14:10,Plein jour,38,38422,1,1,1,3.0,Route de Chamrousse,45.154155,5.879949,14:10:00,2024-05-29
202400014804,22:00,Nuit sans éclairage,72,72356,2,1,1,6.0,Rue Tire Oiseau,47.753697,0.445542,22:00:00,2024-05-30
202400014805,20:30,Crépuscule,73,73067,1,1,3,6.0,D1006,45.3638134,6.28736245,20:30:00,2024-05-30
202400014806,03:30,Nuit sans éclairage,10,10139,1,1,2,1.0,D400,48.425758,4.655017,03:30:00,2024-05-31
202400014807,12:30,Plein jour,07,07201,1,1,1,5.0,62 Chemin de la Grand-terre,44.429106,4.332036,12:30:00,2024-05-31
202400014808,13:45,Plein jour,37,37050,2,1,3,7.0,Rue Philippe Maupas,47.336503,0.693233,13:45:00,2024-05-30
202400014809,18:45,Plein jour,30,30269,1,1,1,7.0,rd 260,44.127921,3.864655,18:45:00,2024-05-30
202400014810,16:54,Plein jour,52,52376,1,1,1,6.0,Route Départementale 151,48.476222,5.285969,16:54:00,2024-05-31
202400014811,16:45,Plein jour,973,97307,1,1,2,3.0,ROUTE RN2,4.83422,-52.339511,16:45:00,2024-05-30
202400014812,08:35,Plein jour,17,17337,2,1,1,6.0,637 Route Nationale,45.973225,-1.350927,08:35:00,2024-05-31
202400014813,10:00,Plein jour,17,17324,1,2,1,3.0,rd137,45.398695,-0.563082,10:00:00,2024-05-31
202400014814,07:00,Plein jour,971,97103,2,1,1,3.0,chemin de trioncelle,16.265612,-61.583433,07:00:00,2024-05-30
202400014815,08:40,Plein jour,971,97117,1,2,1,3.0,section gardel,16.303726,-61.324868,08:40:00,2024-05-30
202400014816,10:30,Plein jour,971,97117,2,1,1,3.0,Rocade Sergent,16.325591,-61.351953,10:30:00,2024-05-29
202400014817,16:20,Plein jour,977,97701,2,1,1,1.0,GRAND FOND,17.89295,-62.809739,16:20:00,2024-05-30
202400014818,14:30,Plein jour,77,77508,1,1,2,1.0,D231 PK 42+800,48.82064,2.841704,14:30:00,2024-05-31
202400014819,17:25,Plein jour,2B,2B148,2,1,1,3.0,T205,42.546232,9.442239,17:25:00,2024-05-29
202400014820,19:40,Plein jour,83,83112,2,1,7,6.0,Avenue du Littoral,43.18320472,5.69163442,19:40:00,2024-05-30
202400014821,17:30,Plein jour,83,83099,1,1,1,1.0,821 Chemin des Vernèdes,43.455491,6.703489,17:30:00,2024-05-29
202400014822,16:25,Plein jour,13,13041,1,3,1,3.0,d60,43.448767,5.446773,16:25:00,2024-05-30
202400014823,00:01,Nuit sans éclairage,68,68226,2,1,1,6.0,Rue du Tilleul,48.042635,7.137583,00:01:00,2024-05-09
202400014824,12:45,Plein jour,42,42299,1,2,1,5.0,Boulevard Pierre de Coubertin,45.612593,4.078897,12:45:00,2024-05-31
202400014825,22:45,,38,38474,2,1,2,7.0,Rue Pierre de Coubertin,45.212967,5.670718,22:45:00,2024-05-29
202400014826,16:15,Plein jour,81,81131,2,3,1,3.0,Rue de la Carrieuroulette,43.897374,1.993128,16:15:00,2024-05-31
202400014827,15:30,Plein jour,33,33449,2,3,1,1.0,Unknown,44.893496,-0.763233,15:30:00,2024-05-31
202400014828,05:55,Crépuscule,85,85211,1,1,1,6.0,RD12,46.60179,-1.54854,05:55:00,2024-05-31
202400014829,05:00,Nuit sans éclairage,85,85177,1,1,1,6.0,RD938T,46.387744,-0.87468,05:00:00,2024-05-30
202400014830,16:17,Plein jour,85,85003,1,1,1,7.0,RD948,46.74317,-1.621528,16:17:00,2024-05-30
202400014831,20:25,Crépuscule,49,49301,1,1,1,3.0,Rd 753- TORFOU,47.053977,-1.049345,20:25:00,2024-05-30
202400014832,14:20,Plein jour,29,29198,1,1,1,6.0,Lieu-Dit Kerdives,48.61764789,-4.33169104,14:20:00,2024-05-30
202400014833,12:15,Plein jour,22,22093,2,3,2,6.0,Rue des Augustins,48.469244,-2.517167,12:15:00,2024-05-29
202400014834,07:41,Plein jour,76,76222,2,3,1,6.0,Avenue du Président Coty,49.47865759,0.86975321,07:41:00,2024-05-31
202400014835,05:05,,13,13215,2,9,1,6.0,A55-Sens Martigues vers Marseille,43.33188505,5.35414144,05:05:00,2024-05-29
202400014836,17:30,Plein jour,13,13117,1,1,1,2.0,A7-Sens Lyon vers Marseille,43.42468796,5.26516861,17:30:00,2024-05-30
202400014837,09:05,Plein jour,13,13001,2,1,1,2.0,A51-Sens Aix en Provence vers Marseille,43.52735,5.42701,09:05:00,2024-05-29
202400014838,08:40,Plein jour,13,13212,1,1,1,2.0,A50-Sens Marseille vers Aubagne,43.29325,5.42496,08:40:00,2024-05-30
202400014839,08:15,Plein jour,13,13216,1,1,1,3.0,A55-Sens Marseille vers Martigues,43.35147,5.34803,08:15:00,2024-05-29
202400014840,07:50,Plein jour,33,33397,1,1,2,4.0,Unknown,44.9019,-0.49364,07:50:00,2024-05-30
202400014841,07:20,Plein jour,33,33249,1,1,2,2.0,Unknown,44.87161,-0.50571,07:20:00,2024-05-30
202400014842,16:27,Plein jour,33,33318,1,1,1,3.0,Unknown,44.787692,-0.637787,16:27:00,2024-05-28
202400014843,12:39,Plein jour,59,59183,1,1,1,5.0,AUTOROUTE A16,51.01009,2.33078,12:39:00,2024-05-26
202400014844,05:00,Nuit sans éclairage,92,92072,1,1,2,6.0,N118,48.8211533,2.21942397,05:00:00,2024-05-30
202400014845,18:20,Plein jour,92,92047,1,1,2,4.0,A13,48.83459228,2.17162733,18:20:00,2024-05-29
202400014846,13:15,Plein jour,92,92050,1,1,2,2.0,A14,48.89847128,2.21701091,13:15:00,2024-02-29
202400014847,18:15,Plein jour,93,93005,1,1,1,5.0,A3,48.96906921,2.48125604,18:15:00,2024-05-30
202400014848,17:35,Plein jour,93,93078,1,1,1,2.0,A104,48.96742731,2.51064901,17:35:00,2024-05-30
202400014849,05:00,,92,92078,1,1,1,6.0,AUTOROUTE A86,48.92830843,2.33162459,05:00:00,2024-05-30
202400014850,19:00,Plein jour,95,95256,1,1,2,2.0,N184,49.0550617,2.20194139,19:00:00,2024-05-29
202400014851,20:45,Crépuscule,95,95218,1,1,2,6.0,A15,49.03512876,2.09846616,20:45:00,2024-05-29
202400014852,21:35,Crépuscule,93,93078,1,1,3,6.0,A104,48.9584243,2.53351004,21:35:00,2024-05-29
202400014853,09:45,Plein jour,94,94018,1,1,1,3.0,A4,48.82392287,2.39473975,09:45:00,2024-05-30
202400014854,06:55,Plein jour,94,94017,1,1,2,4.0,A4,48.82750405,2.50777674,06:55:00,2024-05-30
202400014855,09:49,Plein jour,94,94022,1,1,2,2.0,A86,48.77659469,2.41691046,09:49:00,2024-05-29
202400014856,11:54,Plein jour,44,44109,2,1,8,3.0,Place du Port Cormmuneau,47.21967516,-1.5544093,11:54:00,2024-03-30
202400014857,11:03,Plein jour,44,44109,2,1,1,6.0,2 Place Saint Similien,47.22026743,-1.55858954,11:03:00,2024-03-28
202400014858,10:55,Plein jour,44,44114,2,2,8,3.0,Avenue de la Paquelais,47.24821981,-1.60445164,10:55:00,2024-03-27
202400014859,13:58,Plein jour,44,44109,2,1,1,3.0,85 Route de Paris,47.2539307,-1.5143716,13:58:00,2024-03-17
202400014860,13:40,Plein jour,44,44109,2,2,8,3.0,Boulevard de Seatle,47.21970712,-1.51626213,13:40:00,2024-03-15