Num_Acc,hrmn,lum,dep,com,agg,int,atm,col,adr,lat,long,heure,date
202400014861,09:00,Plein jour,44,44109,2,2,1,3.0,9 Rue de Richebourg,47.21835,-1.54351,09:00:00,2024-01-31
202400014862,09:21,Plein jour,32,32115,1,1,5,1.0,1483 Route de Noulens,43.775608,0.182303,09:21:00,2024-01-26
202400014863,13:30,Plein jour,987,98735,1,1,1,3.0,POMARE V (AVENUE),-17.53088,-149.56354,13:30:00,2024-05-28
202400014864,07:30,Plein jour,974,97411,2,1,1,6.0,JAURES (BLD 1 JEAN),-20.90098,55.49246,07:30:00,2024-05-29
202400014865,11:25,Plein jour,974,97411,2,1,1,3.0,GAULLE (DU GENERAL DE),-20.88554,55.46393,11:25:00,2024-05-27
202400014866,17:05,Plein jour,973,97302,2,1,1,2.0,BADUEL (ROUTE DE),4.93131,-52.30633,17:05:00,2024-05-29
202400014867,10:45,Plein jour,973,97302,1,6,1,3.0,CRIQUE FOUILLEE (ROND POINT),4.89713,-52.32839,10:45:00,2024-05-29
202400014868,13:00,Plein jour,973,97302,2,1,1,7.0,ESTREES (AVENUE D'),4.94076,-52.32371,13:00:00,2024-05-28
202400014869,07:10,Plein jour,973,97302,2,1,2,6.0,CABASSOU (ROUTE DE),4.92072,-52.32162,07:10:00,2024-05-29
202400014870,14:00,Plein jour,972,97209,2,1,1,2.0,RD 41 (ROCADE),14.61642,-61.07154,14:00:00,2024-05-29
202400014871,05:55,Plein jour,972,97209,2,1,1,3.0,CHATEAUBOEUF (ROUTE DE),14.62135,-61.04301,05:55:00,2024-05-28
202400014872,18:12,Plein jour,69,69389,2,1,1,6.0,Place Abbé Pierre,45.78647706,4.79528861,18:12:00,2024-05-29
202400014873,09:20,Plein jour,69,69389,2,1,1,3.0,55 Rue Pierre Audry,45.76438,4.80669,09:20:00,2024-05-29
202400014874,16:20,Plein jour,95,95427,2,1,2,6.0,D311,48.97508813,2.33772218,16:20:00,2024-05-28
202400014875,09:10,Plein jour,91,91645,2,2,2,6.0,POMPIDOU (AVENUE GEORGES),48.74522,2.28307,09:10:00,2024-05-29
202400014876,14:10,Plein jour,91,91589,2,1,2,6.0,ROBERT LEUTHREAU (AVENUE),48.697095,2.349584,14:10:00,2024-05-29
202400014877,21:50,,49,49007,2,1,1,1.0,MOULIN PONT ET PLACE,47.48951,-0.54665,21:50:00,2024-10-14
202400014878,18:09,Plein jour,87,87085,2,1,1,6.0,NEXON (RUE DE),45.81839,1.26387,18:09:00,2024-05-28
202400014879,07:55,Crépuscule,45,45234,2,1,1,1.0,80 Quai du Châtelet,47.89789,1.90564,07:55:00,2024-10-15
202400014880,13:00,Plein jour,83,83069,2,9,1,3.0,RIQUIER (AVENUE OLBIUS),43.11327,6.129,13:00:00,2024-05-29
202400014881,15:25,Plein jour,82,82033,2,1,1,6.0,Route de Moissac,44.05868097,1.09879115,15:25:00,2024-05-27
202400014882,07:50,Crépuscule,37,37208,2,6,8,6.0,LAC (AVENUE DU),47.36609,0.7174,07:50:00,2024-10-15
202400014883,19:15,Plein jour,69,69266,2,2,1,3.0,Rue du Nord,45.76379,4.88181,19:15:00,2024-05-29
202400014884,07:30,,37,37122,2,6,8,3.0,JAURES (BOULEVARD JEAN),47.34892,0.66502,07:30:00,2024-10-15
202400014885,17:15,Plein jour,69,69290,2,1,1,3.0,Rue du Grisard,45.69689,4.95845,17:15:00,2024-05-28
202400014886,19:25,Crépuscule,35,35238,1,1,1,6.0,RN136,48.08068,-1.67307,19:25:00,2024-10-15
202400014887,17:00,Plein jour,69,69029,2,1,1,7.0,4 Avenue Maréchal de Lattre de Tassigny,45.73122,4.91759,17:00:00,2024-05-28
202400014888,17:20,Plein jour,35,35238,2,1,1,3.0,SOUVESTRE (SQUARE EMILE),48.1033,-1.67903,17:20:00,2024-10-15
202400014889,06:46,Crépuscule,68,68166,2,1,1,1.0,GUEBWILLER (RUE DE),47.78893,7.31552,06:46:00,2024-05-11
202400014890,07:05,Plein jour,67,67482,2,1,1,3.0,NEUHOF (ROUTE),48.554735,7.766402,07:05:00,2024-05-28
202400014891,13:15,Plein jour,35,35238,2,6,1,3.0,VALLES (JULES),48.10385,-1.71187,13:15:00,2024-10-15
202400014892,12:05,Plein jour,64,64445,2,1,1,6.0,HAUTERIVE,43.32283,-0.34671,12:05:00,2024-05-28
202400014893,13:10,Plein jour,35,35115,2,3,2,3.0,FEUTERIES (RUE DES),48.3526,-1.19621,13:10:00,2024-10-15
202400014894,09:05,Plein jour,64,64122,2,1,1,1.0,RD 810,43.4727,-1.5351,09:05:00,2024-05-29
202400014895,19:13,Plein jour,64,64102,2,9,1,6.0,RESPLANDY (AVENUE DU CAPITAINE),43.49032,-1.46744,19:13:00,2024-05-28
202400014896,18:42,Plein jour,64,64024,2,1,1,2.0,GIROUETTE (ROUTE DES),43.47161,-1.50172,18:42:00,2024-05-28
202400014897,19:50,,33,33063,2,3,1,3.0,Unknown,44.82333,-0.57069,19:50:00,2024-10-15
202400014898,17:39,Plein jour,64,64024,2,9,1,3.0,ADOUR (AVENUE DE L'),43.51255577,-1.50017828,17:39:00,2024-05-28
202400014899,09:00,Plein jour,33,33009,2,4,2,7.0,Unknown,44.6565388,-1.16414502,09:00:00,2024-10-15
202400014900,18:52,Plein jour,64,64024,2,1,1,2.0,BAB (Boulevard),43.49382058,-1.52372807,18:52:00,2024-05-28
202400014901,16:10,Plein jour,31,31555,2,3,1,2.0,AV JEAN ZAY,43.65024,1.42861,16:10:00,2024-10-15
202400014902,16:30,Plein jour,64,64102,2,1,1,3.0,SAINT BERNARD (CHEMIN DE),43.50797,-1.48771,16:30:00,2024-05-28
202400014903,01:40,,63,63075,2,1,1,6.0,THERMALE (AVENUE),45.77134465,3.05741251,01:40:00,2024-05-30
202400014904,16:04,Plein jour,19,19272,2,1,1,6.0,Henri de Bournazel (Av),45.2675,1.76886,16:04:00,2024-10-14
202400014905,14:45,Plein jour,62,62570,2,2,1,3.0,Rue Jules Mousseron,50.40381748,2.88301992,14:45:00,2024-05-24
202400014906,19:00,Plein jour,60,60684,2,1,3,1.0,Avenue F et I Joliot Curie,49.2802309,2.4978188,19:00:00,2024-05-29
202400014907,07:25,,15,15014,2,1,1,6.0,Avenue de la République,44.92785,2.44188,07:25:00,2024-10-15
202400014908,22:00,,59,59512,2,2,1,3.0,Rue de Beaurewaert,50.68853796,3.18564679,22:00:00,2024-05-29
202400014909,11:10,Plein jour,14,14699,2,2,1,3.0,1 Rue de Saint-andreasberg,49.340165,0.103051,11:10:00,2024-10-15
202400014910,23:00,,59,59009,2,1,1,2.0,Avenue de Flandre,50.66331,3.13754,23:00:00,2024-05-29
202400014911,22:05,,13,13206,2,2,2,2.0,PARADIS (RUE),43.28800575,5.37909434,22:05:00,2024-10-15
202400014912,11:20,Plein jour,13,13212,2,3,1,3.0,CHARLES KADDOUZ (RUE),43.31783113,5.43887647,11:20:00,2024-10-15
202400014913,09:20,Plein jour,13,13215,2,1,1,5.0,PIERRE DRAMARD (BOULEVARD),43.37749049,5.36122243,09:20:00,2024-10-14
202400014914,12:20,Plein jour,13,13005,2,1,1,6.0,BARTHELEMY (RUE DU DR),43.29595,5.5675,12:20:00,2024-10-15
202400014915,18:50,Crépuscule,11,11069,2,1,2,6.0,60 Avenue Bunau Varilla,43.21,2.34,18:50:00,2024-10-15
202400014916,09:30,Plein jour,59,59350,2,1,1,6.0,Rue Saint-Sauveur,50.6309,3.07203,09:30:00,2024-05-28
202400014917,09:56,Plein jour,10,10297,2,1,1,1.0,Rue Danton,48.32832,4.10919,09:56:00,2024-10-15
202400014918,08:50,Plein jour,57,57480,2,1,1,6.0,MARTYRS DE LA RESISTANCE (RUE DES ),49.09999,6.15501,08:50:00,2024-05-28
202400014919,10:40,Plein jour,07,07281,1,9,2,7.0,C.D. 533 (VERS LE PUY),44.93678502,4.78754461,10:40:00,2024-10-14
202400014920,16:39,Plein jour,06,06088,2,1,1,6.0,38 Boulevard Général Louis Delfino,43.70484,7.2865,16:39:00,2024-10-14
202400014921,08:18,Plein jour,56,56260,2,1,2,5.0,Route de Rennes,47.67124,-2.72235,08:18:00,2024-05-29
202400014922,15:40,Plein jour,75,75117,2,1,1,3.0,BD PERIPHERIQUE EXTERIEUR ,48.893337,2.303411,15:40:00,2024-10-14
202400014923,22:39,,75,75105,2,2,1,3.0,BOULEVARD SAINT GERMAIN,48.84932876,2.35601762,22:39:00,2024-10-14
202400014924,16:30,Plein jour,75,75117,2,2,1,3.0,AVENUE DES TERNES,48.878714,2.294225,16:30:00,2024-10-15
202400014925,21:20,,75,75115,2,2,1,3.0,BOULEVARD PASTEUR,48.842845,2.31239,21:20:00,2024-10-14
202400014926,22:20,,75,75114,2,2,3,6.0,PLACE DU VINGT CINQ AOUT 1944,48.823231,2.325529,22:20:00,2024-10-09
202400014927,19:45,,75,75105,2,2,2,6.0,BOULEVARD SAINT MARCEL,48.850298,2.342568,19:45:00,2024-10-15
202400014928,12:45,Plein jour,75,75111,2,3,1,2.0,RUE DE LA ROQUETTE,48.86651213,2.37657863,12:45:00,2024-10-14
202400014929,17:01,Plein jour,75,75110,2,2,1,3.0,BOULEVARD DE MAGENTA,48.874941,2.357322,17:01:00,2024-10-15
202400014930,10:05,Plein jour,75,75109,2,3,1,6.0,RUE DES MARTYRS,48.879415,2.339977,10:05:00,2024-10-15
202400014931,14:07,Plein jour,75,75107,2,3,8,3.0,AVENUE DU MARECHAL GALLIENI,48.862826,2.313435,14:07:00,2024-10-14
202400014932,12:05,Plein jour,94,94068,2,5,1,3.0,Rue Danton,48.79263,2.49742,12:05:00,2024-10-14
202400014933,07:55,Plein jour,94,94033,2,1,1,2.0,Avenue de Lattre de Tassigny,48.85509,2.49289,07:55:00,2024-10-15
202400014934,15:35,Plein jour,94,94046,2,1,1,1.0,13 Avenue du Général de Gaulle,48.811698,2.422659,15:35:00,2024-10-15
202400014935,07:30,Crépuscule,94,94043,2,1,1,3.0,Boulevard du Général de Gaulle,48.81589,2.35923,07:30:00,2024-10-15
202400014936,19:13,,94,94041,2,2,2,1.0,Quai Jean Compagnon,48.81944649,2.39793777,19:13:00,2024-10-15
202400014937,09:15,Plein jour,94,94041,2,9,1,3.0,Quai Marcel Boyer,48.80785,2.38683,09:15:00,2024-10-15
202400014938,16:40,Plein jour,94,94017,2,3,1,3.0,Avenue Marx Dormoy,48.80629347,2.53003845,16:40:00,2024-10-14
202400014939,07:40,Crépuscule,93,93066,2,3,1,3.0,GUYNEMER,48.94554027,2.36374793,07:40:00,2024-10-15
202400014940,13:53,Plein jour,93,93074,2,1,1,3.0,MEAUX RUE DE,48.93526,2.57079,13:53:00,2024-10-15
202400014941,12:25,Plein jour,93,93047,2,9,8,6.0,GROUES  (CHEMIN DES),48.89736694,2.57476343,12:25:00,2024-10-15
202400014942,18:45,Plein jour,93,93005,2,6,1,3.0,CLEMENT ADER (RUE),48.9433,2.48219,18:45:00,2024-10-15
202400014943,08:50,Plein jour,92,92020,2,1,1,6.0,DIVISION LECLERC AVENUE DE LA,48.79685403,2.28052084,08:50:00,2024-10-15
202400014944,17:55,Plein jour,92,92040,2,1,1,3.0,GUYNEMER,48.83068,2.27818,17:55:00,2024-10-15
202400014945,22:30,,92,92024,2,3,1,3.0,VICTOR HUGO (BD),48.89887867,2.31278211,22:30:00,2024-10-15
202400014946,08:30,Plein jour,974,97415,1,1,1,5.0,D2,-20.970757,55.308995,08:30:00,2024-10-16
202400014947,19:40,Nuit sans éclairage,35,35120,1,1,1,6.0,la Cornillère,48.213686,-1.771143,19:40:00,2024-10-15
202400014948,16:40,Plein jour,01,01045,1,2,1,3.0,D2,45.963173,5.040447,16:40:00,2024-10-15
202400014949,10:25,Plein jour,62,62057,2,9,1,3.0,Rue Virginie Plachier,50.873344,2.067876,10:25:00,2024-10-16
202400014950,11:35,Plein jour,27,27306,1,1,8,1.0,route de saint-andré,48.999064,1.178525,11:35:00,2024-10-14
202400014951,12:12,Plein jour,01,01033,1,1,1,1.0,RD 1084 - PR 88+960,46.162344,5.777081,12:12:00,2024-10-15
202400014952,07:00,Crépuscule,42,42032,1,1,1,7.0,Route du Val Fleury,45.527193,4.530637,07:00:00,2024-10-16
202400014953,02:10,Nuit sans éclairage,83,83057,1,9,3,6.0,Route de Nice,43.379959,6.241071,02:10:00,2024-10-16
202400014954,07:45,Crépuscule,56,56083,1,1,1,2.0,Haut-Locoyarne,47.788248,-3.278915,07:45:00,2024-10-15
202400014955,17:20,Plein jour,56,56240,1,1,1,1.0,Monciot,47.547154,-2.69636,17:20:00,2024-10-15
202400014956,23:51,Nuit sans éclairage,56,56147,1,1,2,7.0,Moulin de Bourigan,47.531828,-2.293401,23:51:00,2024-10-15
202400014957,22:30,Nuit avec éclairage,69,69065,1,1,1,2.0,Route Départementale 306,46.17013449,4.74653454,22:30:00,2024-10-14
202400014958,11:00,Plein jour,63,63397,1,1,1,6.0,D82,45.62572233,2.68888048,11:00:00,2024-10-16
202400014959,15:55,Plein jour,61,61098,1,1,1,6.0,D438,48.580553,0.169022,15:55:00,2024-10-13
202400014960,18:00,Plein jour,42,42052,2,1,1,7.0,Rue du Camping,46.158239,4.179681,18:00:00,2024-10-11
202400014961,16:45,Plein jour,25,25212,2,3,1,6.0,Rue de Châtillon,47.283298,5.992806,16:45:00,2024-10-16
202400014962,14:45,Plein jour,29,29007,1,1,2,6.0,D42,48.41195028,-3.70381528,14:45:00,2024-10-13
202400014963,14:30,Plein jour,01,01348,1,3,1,3.0,Rue du Bas Mizeriat,46.189522,4.823787,14:30:00,2024-10-14
202400014964,08:20,Plein jour,01,01096,1,2,1,3.0,CD 936,46.177877,5.073079,08:20:00,2024-10-16
202400014965,03:20,Nuit sans éclairage,14,14431,1,1,1,6.0,Route de Mézidon,49.076391,-0.039686,03:20:00,2024-10-16
202400014966,14:15,Plein jour,14,14277,1,6,1,3.0,Route des Cinq Fermes,49.08302001,-0.34327447,14:15:00,2024-10-15
202400014967,09:00,Plein jour,60,60044,2,4,1,6.0,Route de Mouy,49.304507,2.329971,09:00:00,2024-10-16
202400014968,12:50,Plein jour,28,28264,1,1,1,6.0,D941,48.418806,1.051641,12:50:00,2024-10-16
202400014969,07:35,Crépuscule,37,37132,2,1,8,1.0,48 rue Saint Jacques,47.13366837,0.99899197,07:35:00,2024-10-14
202400014970,10:00,Plein jour,30,30284,1,6,3,2.0,N106,44.145847,4.068375,10:00:00,2024-10-16
202400014971,06:05,Crépuscule,973,97307,2,1,1,1.0,Route de l'Est (Pont),4.879659,-52.33685,06:05:00,2024-10-13
202400014972,08:45,Plein jour,72,72223,1,1,1,2.0,A11,47.883154,-0.114927,08:45:00,2024-10-16
202400014973,09:00,Plein jour,17,17382,1,1,1,2.0,route nationale 11 pk000.030,46.198726,-0.704327,09:00:00,2024-10-16
202400014974,11:40,Plein jour,974,97403,2,1,1,6.0,3 Rue Hubert Delisle,-21.249666,55.470915,11:40:00,2024-10-16
202400014975,11:45,Plein jour,33,33527,2,6,1,3.0,Unknown,44.62603,-1.03368,11:45:00,2024-10-11
202400014976,18:45,Crépuscule,95,95199,2,6,2,6.0,D370,49.03389802,2.34219342,18:45:00,2024-10-07
202400014977,08:00,Plein jour,91,91587,2,3,1,3.0,Rue de Lunezy,48.674146,2.277535,08:00:00,2024-10-15
202400014978,16:00,Plein jour,2B,2B303,1,1,1,3.0,Lieu dit Dispensa,42.294064,9.546819,16:00:00,2024-10-15
202400014979,16:45,Plein jour,2B,2B042,2,1,1,6.0,Route des Marines de Borgo,42.587707,9.504805,16:45:00,2024-10-15
202400014980,15:45,Plein jour,34,34294,1,1,1,6.0,34,43.706446,4.118993,15:45:00,2024-10-15
202400014981,17:30,Plein jour,84,84132,1,2,1,3.0,810 Route de Fontaine de Vaucluse,43.900679,5.004755,17:30:00,2024-10-15
202400014982,20:00,,05,05177,2,1,1,7.0,Allée Aicardi,44.569844,6.684327,20:00:00,2024-10-15
202400014983,08:50,Plein jour,68,68185,2,3,5,7.0,45 Grand'Rue,48.271262,7.285634,08:50:00,2024-10-16
202400014984,08:35,Plein jour,73,73069,1,3,1,3.0,D925 / D25,45.54201119,6.20645821,08:35:00,2024-10-16
202400014985,13:57,Plein jour,42,42328,1,1,2,7.0,Route de la Bruyère,45.566117,3.968598,13:57:00,2024-10-16
202400014986,15:05,Plein jour,42,42256,1,1,1,2.0,Route de Sury,45.510103,4.178061,15:05:00,2024-10-15
202400014987,10:07,Plein jour,46,46102,2,9,1,6.0,8 Quai Albert Bessieres,44.607116,2.033262,10:07:00,2024-10-16
202400014988,17:15,Plein jour,31,31420,1,1,1,4.0,D820 - PK,43.500005,1.387367,17:15:00,2024-10-16
202400014989,16:30,Plein jour,85,85011,1,1,1,6.0,RD38,46.937656,-2.16774,16:30:00,2024-10-15
202400014990,20:26,,76,76057,2,3,1,6.0,Rue Ambroise Paré,49.527827,0.950103,20:26:00,2024-10-15
202400014991,16:10,Plein jour,59,59449,2,1,1,6.0,restaurant scolaire rue fleuris durez,50.471081,3.244572,16:10:00,2024-10-15
202400014992,15:52,Plein jour,59,59595,1,1,1,1.0,D630,50.22218219,3.31019573,15:52:00,2024-10-15
202400014993,02:05,Nuit sans éclairage,13,13216,1,1,8,6.0,A55-Sens Marseille vers Martigues,43.36485284,5.33920548,02:05:00,2024-10-15
202400014994,06:30,Nuit sans éclairage,83,83047,1,1,2,4.0,A570,43.12626484,6.08235697,06:30:00,2024-10-14
202400014995,15:25,Plein jour,57,57764,1,1,8,4.0,Autoroute A.31,49.464231,6.12135,15:25:00,2024-10-14
202400014996,18:05,Plein jour,67,67365,1,1,2,4.0,M35,48.541484,7.722012,18:05:00,2024-10-10
202400014997,08:25,Plein jour,78,78297,1,1,1,3.0,RN12,48.7922,2.05441,08:25:00,2024-10-14
202400014998,12:30,Plein jour,77,77373,1,1,1,2.0,RN104,48.78141669,2.61606542,12:30:00,2024-10-14
202400014999,23:35,Nuit sans éclairage,94,94028,1,1,1,2.0,A86,48.78360149,2.44040787,23:35:00,2024-10-13
202400015000,03:58,Nuit sans éclairage,91,91377,1,1,3,3.0,AUTOROUTE A10,48.72215,2.29626,03:58:00,2024-07-27
202400015001,14:45,Plein jour,91,91692,2,6,1,6.0,R.N 446,48.67386,2.195,14:45:00,2024-07-26
202400015002,07:20,Plein jour,38,38151,2,2,1,3.0,RUE DE LA PAIX,45.14466938,5.71054906,07:20:00,2024-07-14
202400015003,18:25,Plein jour,38,38151,2,9,1,3.0,AVENUE VICTOR HUGO,45.15277,5.71098,18:25:00,2024-07-07
202400015004,06:20,Plein jour,66,66207,1,1,1,7.0,Unknown,42.60157,2.77314,06:20:00,2024-06-16
202400015005,19:27,Plein jour,43,43185,2,9,1,6.0,Place Francois Mitterrand,45.405442,3.319291,19:27:00,2024-07-13
202400015006,17:42,Plein jour,43,43157,2,1,1,6.0,Boulevard Saint Louis,45.04287,3.88047,17:42:00,2024-07-20
202400015007,11:20,Plein jour,43,43041,2,1,1,6.0,Avenue Charles Dupuy,45.05268,3.9111,11:20:00,2024-07-20
202400015008,19:50,Plein jour,43,43038,1,4,7,1.0,Laroche Trandon,45.32924283,3.31653845,19:50:00,2024-07-18
202400015009,18:00,Plein jour,43,43061,1,4,1,4.0,D156,45.0779,3.963844,18:00:00,2024-07-16
202400015010,13:00,Plein jour,43,43102,1,3,1,3.0,Route de Montfaucon,45.161256,4.174271,13:00:00,2024-07-10
202400015011,18:25,,974,97409,2,6,2,6.0,CAMBUSTON (rue de),-20.9327,55.6485,18:25:00,2024-06-07
202400015012,13:00,Plein jour,972,97209,2,1,1,3.0,COLIBRI (RUE),14.60767,-61.05921,13:00:00,2024-10-14
202400015013,22:50,,972,97209,1,1,2,7.0,AUTOROUTE (A1),14.61621,-61.04361,22:50:00,2024-10-13
202400015014,01:25,,69,69034,2,1,1,1.0,Avenue Général Leclerc,45.80368,4.86133,01:25:00,2024-10-14
202400015015,22:22,,95,95219,2,6,1,3.0,18 JUIN (RUE DU),48.99265,2.24857,22:22:00,2024-10-13
202400015016,16:45,Plein jour,91,91201,2,3,1,3.0,BD HENRI BARBUSSE,48.690272,2.411089,16:45:00,2024-10-13
202400015017,19:30,Plein jour,84,84007,2,1,1,2.0,SAINT LAZARE (PLACE),43.95065,4.81993,19:30:00,2024-10-14
202400015018,05:25,,83,83123,2,1,8,1.0,BANDOL (ROUTE)N° IMPAIRS,43.13508659,5.77894096,05:25:00,2024-10-13
202400015019,11:50,Plein jour,82,82033,2,1,1,2.0,Route de Lafrançaise,44.07249,1.16881,11:50:00,2024-10-14
202400015020,11:23,Plein jour,82,82033,2,1,1,2.0,Chemin de Saint-Jean des Vignes,44.05155,1.10626,11:23:00,2024-10-13
202400015021,19:15,Crépuscule,77,77288,2,2,1,3.0,PAUL VALERY (RUE),48.5435,2.67566,19:15:00,2024-10-14
202400015022,22:25,Nuit sans éclairage,77,77059,1,1,1,6.0,D217B,48.84936,2.68456,22:25:00,2024-10-14
202400015023,19:15,,76,76540,2,6,5,7.0,Boulevard de l'Europe,49.42615795,1.08710146,19:15:00,2024-10-14
202400015024,08:00,Plein jour,76,76351,2,2,1,3.0,JULES LECESNE (RUE),49.4934956,0.11667361,08:00:00,2024-10-11
202400015025,08:00,Plein jour,72,72181,2,1,1,3.0,CHAMPION HENRI (RUE) N° IMP,47.98241,0.22807,08:00:00,2024-10-14
202400015026,21:45,Nuit avec éclairage,71,71445,2,1,1,3.0,VILLENEUVE (RUE DE LA),46.77265,4.89298,21:45:00,2024-10-14
202400015027,20:10,Nuit sans éclairage,67,67482,2,1,8,2.0,DOLLER (RUE DE LA),48.613282,7.77298,20:10:00,2024-10-13
202400015028,13:40,Plein jour,66,66136,2,1,1,1.0,Rue des Coquelicots,42.70471,2.90198,13:40:00,2024-10-14
202400015029,17:00,Plein jour,63,63300,1,3,1,4.0,ROCADE RD 446,45.87615622,3.0997324,17:00:00,2024-10-14
202400015030,14:30,Plein jour,63,63113,2,1,1,3.0,LIMOUSIN (AVENUE DU),45.789598,3.06114882,14:30:00,2024-10-14
202400015031,14:25,Plein jour,59,59350,2,3,2,3.0,Rue d'Iéna,50.623097,3.050564,14:25:00,2024-10-14
202400015032,12:05,Plein jour,54,54395,2,1,1,3.0,Rue de Verdun,48.69674,6.1682,12:05:00,2024-10-13
202400015033,16:20,Plein jour,51,51454,2,1,1,6.0,BROSSOLETTE (RUE PIERRE),49.263449,4.019792,16:20:00,2024-10-13
202400015034,11:00,Plein jour,51,51454,2,1,1,6.0,KENNEDY (AVENUE DU PRESIDENT),49.23513,4.00785,11:00:00,2024-10-13
202400015035,11:32,Plein jour,51,51230,2,3,1,2.0,REIMS (RUE DE),49.046,3.964,11:32:00,2024-10-14
202400015036,12:55,Plein jour,49,49099,2,4,1,3.0,LORRAINE (RUE DE),47.05434,-0.85768,12:55:00,2024-10-11
202400015037,16:05,Plein jour,41,41018,2,1,1,3.0,SAINT-JEAN (QUAI),47.58964,1.34087,16:05:00,2024-10-14
202400015038,08:00,Plein jour,40,40063,2,9,8,6.0,MONTFORT (ROUTE DE),43.71183,-0.97654,08:00:00,2024-10-10
202400015039,19:00,Plein jour,37,37261,2,1,1,6.0,PORTILLON (QUAI DE),47.40136,0.68634,19:00:00,2024-10-14
202400015040,00:15,,35,35238,2,1,1,6.0,METZ (BD DE),48.11689,-1.6589,00:15:00,2024-10-15
202400015041,17:10,Plein jour,34,34198,2,1,1,6.0,EXPANSION (ALLEE DE L' ),43.576609,3.934748,17:10:00,2024-10-09
202400015042,02:30,Nuit sans éclairage,34,34336,1,6,1,7.0,MEDITERRANEE (ROND POINT DE LA),43.32114,3.29233,02:30:00,2024-10-13
202400015043,18:30,Plein jour,33,33063,2,1,1,6.0,Unknown,44.82012,-0.54972,18:30:00,2024-10-14
202400015044,19:31,,31,31555,2,3,1,3.0,AV JEAN CHAUBET,43.6051,1.47899,19:31:00,2024-10-14
202400015045,19:10,,31,31555,2,1,1,1.0,RUE LOUIS BONIN,43.62807423,1.41050398,19:10:00,2024-10-14
202400015046,21:25,Nuit sans éclairage,29,29039,1,1,1,6.0,RD 122,47.88124077,-3.88389283,21:25:00,2024-10-13
202400015047,14:30,Plein jour,29,29019,2,3,1,3.0,rue du Tromeur,48.42923657,-4.50051218,14:30:00,2024-10-12
202400015048,15:44,Plein jour,14,14118,2,3,1,3.0,75 Rue Docteur Calmette,49.19363,-0.34795,15:44:00,2024-10-09
202400015049,07:00,Crépuscule,13,13071,2,1,2,5.0,MITTERRAND (AVENUE FRANCOIS),43.38358,5.34483,07:00:00,2024-10-14
202400015050,12:30,Plein jour,13,13213,2,1,1,3.0,ROSE (AVENUE DE LA),43.32539,5.41949,12:30:00,2024-10-14
202400015051,06:10,Nuit sans éclairage,13,13210,2,1,1,3.0,JEAN EUGENE CABASSUD (BOULEVARD),43.28515662,5.41321272,06:10:00,2024-10-14
202400015052,17:45,Plein jour,07,07316,2,1,1,2.0,MONTGOLFIERS (AVENENUE DES FRERES),44.89327,4.85094,17:45:00,2024-10-13
202400015053,06:14,Nuit sans éclairage,01,01289,1,1,9,6.0,BOULEAUX ( CHEMIN DES ) IMPAIR,46.17761,5.23294,06:14:00,2024-10-14
202400015054,10:40,Plein jour,75,75116,2,1,1,3.0,BD PERIPHERIQUE INTERIEUR ,48.8619346,2.2646,10:40:00,2024-10-14
202400015055,15:00,Plein jour,75,75106,2,2,1,7.0,BOULEVARD DU MONTPARNASSE,48.843081,2.326404,15:00:00,2024-10-04
202400015056,04:56,,75,75107,2,2,1,2.0,BOULEVARD DE LA TOUR MAUBOURG,48.862505,2.310436,04:56:00,2024-10-13
202400015057,04:56,,75,75107,2,2,1,1.0,BOULEVARD DE LA TOUR MAUBOURG,48.862505,2.310436,04:56:00,2024-10-13
202400015058,12:40,Plein jour,75,75117,2,1,1,2.0,BOULEVARD PERSHING,48.879533,2.282594,12:40:00,2024-10-14
202400015059,17:00,Plein jour,75,75117,2,1,1,4.0,AVENUE MAC MAHON,48.877555,2.294359,17:00:00,2024-10-10
202400015060,09:40,Plein jour,75,75115,2,3,1,3.0,RUE DE DANTZIG,48.82994443,2.29566336,09:40:00,2024-10-14
202400015061,13:00,Plein jour,75,75107,2,2,1,6.0,PONT D IENA,48.85911,2.293181,13:00:00,2024-10-10
202400015062,19:50,,75,75112,2,1,1,3.0,RUE DE PICPUS,48.844443,2.396071,19:50:00,2024-10-13
202400015063,09:10,Plein jour,75,75110,2,3,1,6.0,RUE DE LANCRY,48.86986,2.360713,09:10:00,2024-10-14
202400015064,06:03,,75,75109,2,3,1,3.0,RUE LA FAYETTE,48.87721012,2.34901249,06:03:00,2024-10-14
202400015065,11:00,Plein jour,75,75108,2,1,1,3.0,RUE LA BOETIE,48.873554,2.313745,11:00:00,2024-10-14
202400015066,21:00,,75,75107,2,3,1,7.0,RUE OUDINOT,48.850129,2.317733,21:00:00,2024-10-14
202400015067,11:35,Plein jour,75,75114,2,3,1,6.0,RUE D ALESIA,48.82781102,2.3289738,11:35:00,2024-10-14
202400015068,09:50,Plein jour,75,75104,2,3,1,7.0,RUE DE RIVOLI,48.855911,2.357962,09:50:00,2024-10-14
202400015069,19:40,,94,94081,2,1,1,6.0,Rue Léon Geffroy,48.78528,2.40775,19:40:00,2024-10-14
202400015070,19:00,Plein jour,94,94081,2,1,1,5.0,13 Quai Jules Guesde,48.7781,2.41398,19:00:00,2024-10-13
202400015071,11:13,Plein jour,94,94068,2,1,1,4.0,Avenue Foch,48.80514,2.48469,11:13:00,2024-10-13
202400015072,16:40,Plein jour,94,94028,2,1,1,6.0,Route de Choisy,48.7839,2.44766,16:40:00,2024-10-13
202400015073,20:35,,94,94069,2,1,1,3.0,Avenue Saint Maurice du Valais,48.81571,2.46158,20:35:00,2024-10-14