Num_Acc,hrmn,lum,dep,com,agg,int,atm,col,adr,lat,long,heure,date
202400015074,18:00,Crépuscule,93,93051,2,1,8,6.0,AUGUSTE RODIN (ALLEE),48.83229462,2.55420685,18:00:00,2024-10-14
202400015075,01:10,,93,93048,2,1,9,6.0,GUSTAVE COURBET (ALLEE DU),48.86328427,2.48068367,01:10:00,2024-10-13
202400015076,14:30,Plein jour,93,93047,2,2,1,3.0,MYOSOTIS   (AVENUE DES),48.89248036,2.54781434,14:30:00,2024-10-14
202400015077,16:50,Plein jour,93,93005,2,2,1,3.0,JACQUES DUCLOS [CD44] (RUE),48.94927406,2.48886827,16:50:00,2024-10-14
202400015078,10:20,Plein jour,92,92050,2,1,1,6.0,THOREZ MAURICE RUE,48.89270698,2.19586133,10:20:00,2024-10-13
202400015079,12:30,Plein jour,92,92040,2,2,1,3.0,AUGUSTE GERVAIS,48.82310072,2.27339376,12:30:00,2024-10-12
202400015080,15:45,Plein jour,92,92040,2,1,1,3.0,ROUGET DE L'ISLE,48.82947,2.26186,15:45:00,2024-10-13
202400015081,10:52,Plein jour,92,92026,2,1,1,6.0,ARMAND SILVESTRE (DE 95 A FIN),48.90398774,2.27250651,10:52:00,2024-10-10
202400015082,09:31,Plein jour,92,92026,2,1,1,3.0,PAIX,48.90297161,2.26660654,09:31:00,2024-10-14
202400015083,12:30,Plein jour,13,13209,2,6,1,3.0,LUMINY (AVENUE DE),43.2413625,5.43844704,12:30:00,2024-03-14
202400015084,16:00,Plein jour,39,39106,1,1,1,3.0,Unknown,46.455274,5.714296,16:00:00,2024-10-15
202400015085,08:00,Plein jour,13,13214,2,1,1,3.0,CAPITAINE GEZE (BOULEVARD),43.3299,5.36986,08:00:00,2024-03-14
202400015086,17:55,Plein jour,13,13214,2,1,1,2.0,MORETTI (BOULEVARD),43.32523859,5.38158983,17:55:00,2024-03-13
202400015087,18:18,Plein jour,13,13005,2,1,1,2.0,RN 8,43.28191,5.60384,18:18:00,2024-03-14
202400015088,08:00,Plein jour,81,81080,1,2,1,3.0,D922,44.02273,1.940297,08:00:00,2024-10-15
202400015089,19:40,,13,13005,2,1,1,1.0,SOULAT (SQUARE MARCEL),43.29547,5.56836,19:40:00,2024-03-13
202400015090,09:25,Plein jour,66,66144,1,1,1,2.0,A9 Pk 257 sens France-Espagne,42.64717342,2.861247,09:25:00,2024-10-15
202400015091,18:00,Crépuscule,06,06104,2,1,1,3.0,155 Avenue de Verdun,43.76229,7.47849,18:00:00,2024-03-14
202400015092,00:45,,06,06030,2,1,1,6.0,Avenue du Campon,43.57124,7.014117,00:45:00,2024-03-14
202400015093,07:45,Plein jour,33,33205,1,9,1,3.0,Unknown,44.592114,-0.380761,07:45:00,2024-10-10
202400015094,18:17,Plein jour,03,03185,2,1,1,1.0,Route de Villebret,46.32454,2.60982,18:17:00,2024-03-13
202400015095,18:15,Nuit sans éclairage,972,97212,1,1,1,6.0,Dumaine,14.721071,-61.019901,18:15:00,2024-10-14
202400015096,00:35,,75,75114,2,1,1,2.0,ECHANGEUR ORLEANS,48.81933812,2.32815206,00:35:00,2024-03-14
202400015097,10:20,Plein jour,63,63206,1,1,1,1.0,D227,45.95690394,2.95681824,10:20:00,2024-10-15
202400015098,12:30,Plein jour,75,75105,2,1,1,6.0,PONT DE SULLY,48.84989,2.35823,12:30:00,2024-03-14
202400015099,08:47,Plein jour,75,75106,2,2,1,3.0,BOULEVARD RASPAIL,48.851586,2.326813,08:47:00,2024-03-14
202400015100,09:00,Plein jour,12,12011,1,4,1,3.0,Route du Rueillou,44.204472,2.675455,09:00:00,2024-10-15
202400015101,19:30,Plein jour,75,75119,2,1,1,1.0,AVENUE JEAN JAURES,48.883937,2.374658,19:30:00,2024-03-14
202400015102,16:35,Plein jour,75,75117,2,1,1,3.0,AVENUE DE LA PORTE D ASNIERES,48.890782,2.302939,16:35:00,2024-03-14
202400015103,01:45,Nuit sans éclairage,21,21652,1,1,5,6.0,A6,47.214178,4.605718,01:45:00,2024-10-15
202400015104,11:11,Plein jour,75,75117,2,1,1,3.0,RUE DE COURCELLES,48.888747,2.293538,11:11:00,2024-03-14
202400015105,14:20,Plein jour,62,62804,1,1,2,7.0,D59,50.238861,2.453127,14:20:00,2024-10-12
202400015106,08:00,Plein jour,75,75117,2,2,7,1.0,RUE DE LA JONQUIERE,48.894826,2.31845,08:00:00,2024-03-14
202400015107,17:10,Plein jour,83,83092,1,1,8,3.0,D97,43.30901801,6.25401657,17:10:00,2024-10-15
202400015108,15:50,Plein jour,75,75116,2,1,1,7.0,ROUTE DE LA SEINE A LA BUTTE MORTEMART,48.852061,2.231975,15:50:00,2024-03-14
202400015109,20:26,,75,75113,2,2,1,6.0,AVENUE DE FRANCE,48.83137,2.37576,20:26:00,2024-03-14
202400015110,18:40,Plein jour,75,75111,2,7,1,6.0,PLACE DE LA NATION,48.848853,2.397352,18:40:00,2024-03-14
202400015111,18:00,Plein jour,75,75111,2,3,1,7.0,RUE DE CHARONNE,48.855561,2.390141,18:00:00,2024-03-14
202400015112,16:25,Plein jour,75,75111,2,1,1,6.0,BOULEVARD VOLTAIRE,48.854712,2.385434,16:25:00,2024-03-14
202400015113,13:00,Plein jour,75,75111,2,1,1,6.0,BOULEVARD VOLTAIRE,48.855445,2.384211,13:00:00,2024-03-14
202400015114,09:00,Plein jour,75,75111,2,1,1,3.0,BOULEVARD DE BELLEVILLE,48.867488,2.382404,09:00:00,2024-03-14
202400015115,12:25,Plein jour,75,75108,2,1,1,3.0,AVENUE DE WAGRAM,48.87643,2.29719,12:25:00,2024-03-14
202400015116,11:30,Plein jour,75,75108,2,3,1,2.0,RUE DE ROME,48.880887,2.321084,11:30:00,2024-03-14
202400015117,13:46,Plein jour,75,75108,2,1,1,3.0,AVENUE DES CHAMPS ELYSEES,48.866212,2.318805,13:46:00,2024-03-13
202400015118,07:08,Plein jour,75,75107,2,2,1,3.0,RUE DE GRENELLE,48.854344,2.326115,07:08:00,2024-03-14
202400015119,05:50,,75,75107,2,2,1,6.0,BOULEVARD SAINT GERMAIN,48.856062,2.325904,05:50:00,2024-03-13
202400015120,17:30,Plein jour,75,75103,2,2,1,3.0,BOULEVARD DE SEBASTOPOL,48.869313,2.354299,17:30:00,2024-03-14
202400015121,13:20,Plein jour,75,75101,2,1,1,6.0,QUAI DES TUILERIES,48.863173,2.323486,13:20:00,2024-03-14
202400015122,15:40,Plein jour,75,75117,2,1,1,4.0,BD PERIPHERIQUE INTERIEUR,48.883981,2.285279,15:40:00,2024-07-02
202400015123,22:40,,94,94041,2,3,1,6.0,Rue de la Baignade / Quai Jules Guesde ,48.808426,2.407518,22:40:00,2024-03-13
202400015124,14:05,Plein jour,75,75118,2,1,1,4.0,BD PERIPHERIQUE INTERIEUR,48.900984,2.348038,14:05:00,2024-07-01
202400015125,23:40,,94,94078,2,3,1,3.0,Avenue du 8 Mai 1945 / Pont de Villeneuve le Roi,48.7276,2.44544,23:40:00,2024-03-13
202400015126,05:00,,75,75106,2,2,1,3.0,BOULEVARD SAINT GERMAIN,48.853171,2.335848,05:00:00,2024-07-01
202400015127,13:00,Plein jour,94,94068,2,1,1,2.0,Quai Winston Churchill,48.79336,2.52185,13:00:00,2024-03-14
202400015128,14:52,Plein jour,75,75106,2,3,1,6.0,BOULEVARD DU MONTPARNASSE,48.842694,2.327751,14:52:00,2024-07-02
202400015129,16:30,Plein jour,94,94055,2,6,8,6.0,Avenue du Moulin à Vent / Rue d'Amboile,48.78670614,2.53047545,16:30:00,2024-03-13
202400015130,23:50,Nuit sans éclairage,75,75120,2,7,1,3.0,AVENUE DE LA PORTE DE MONTREUIL,48.853405,2.413749,23:50:00,2024-07-01
202400015131,12:45,Plein jour,94,94018,2,1,1,6.0,Rue Jean Pigeon,48.82179986,2.40905848,12:45:00,2024-03-14
202400015132,16:00,Plein jour,75,75119,2,1,1,6.0,RUE DE TANGER,48.888546,2.370858,16:00:00,2024-07-02
202400015133,17:54,Plein jour,93,93078,2,6,1,6.0,Avenue des Acacias / Avenue Pasteur,48.95053,2.54701,17:54:00,2024-03-14
202400015134,11:00,Plein jour,75,75119,2,2,1,6.0,AVENUE CORENTIN CARIOU,48.896082,2.384104,11:00:00,2024-07-02
202400015135,08:10,Plein jour,93,93078,1,1,1,1.0,Avenue du Sausset,48.96315,2.51959,08:10:00,2024-03-14
202400015136,16:30,Plein jour,75,75118,2,4,1,6.0,RUE DE SUEZ,48.887245,2.351078,16:30:00,2024-07-02
202400015137,16:50,Plein jour,75,75117,2,4,1,3.0,BOULEVARD DE DOUAUMONT,48.896168,2.31023,16:50:00,2024-07-02
202400015138,19:20,,93,93001,2,2,1,1.0,Avenue du Président Roosevelt / Rue des Noyers,48.917775,2.379246,19:20:00,2024-03-13
202400015139,17:10,Plein jour,75,75115,2,2,1,2.0,RUE DE LA CROIX NIVERT,48.837365,2.289455,17:10:00,2024-07-02
202400015140,20:00,,93,93066,2,9,1,3.0,Voie sur Berge / Boulevard de la Libération,48.934554,2.342543,20:00:00,2024-03-14
202400015141,16:45,Plein jour,75,75113,2,2,1,6.0,BOULEVARD VINCENT AURIOL,48.831397,2.358165,16:45:00,2024-07-01
202400015142,14:42,Plein jour,93,93008,2,1,1,3.0,Avenue de la Division Leclerc,48.9077,2.42269,14:42:00,2024-03-14
202400015143,09:10,Plein jour,75,75112,2,2,1,2.0,RUE DE PICPUS,48.845549,2.39523,09:10:00,2024-07-02
202400015144,12:30,Plein jour,93,93005,2,1,1,3.0,Rue Clément Ader,48.943852,2.480521,12:30:00,2024-03-14
202400015145,13:40,Plein jour,75,75110,2,3,1,2.0,BOULEVARD DE BONNE NOUVELLE,48.870372,2.349544,13:40:00,2024-07-02
202400015146,07:30,Plein jour,93,93005,2,6,1,1.0,Avenue de la Croix Blanche / Rue de Lorraine,48.928361,2.502673,07:30:00,2024-03-14
202400015147,16:26,Plein jour,75,75108,2,1,1,3.0,AVENUE DES CHAMPS ELYSEES,48.86855,2.311518,16:26:00,2024-07-02
202400015148,08:59,Plein jour,75,75108,2,7,1,3.0,PLACE FRANCOIS 1ER,48.866125,2.307999,08:59:00,2024-07-02
202400015149,14:30,Plein jour,92,92020,2,1,1,2.0,PARIS AVENUE DE N°84 A FIN,48.81077046,2.29937553,14:30:00,2024-03-13
202400015150,12:30,Plein jour,92,92048,2,1,1,6.0,LOUVOIS (AVENUE),48.80656139,2.23877549,12:30:00,2024-03-14
202400015151,18:40,Plein jour,75,75107,2,1,1,2.0,QUAI BRANLY,48.862146,2.299995,18:40:00,2024-07-02
202400015152,09:15,Plein jour,75,75114,2,1,8,7.0,AVENUE PIERRE MASSE,48.817221,2.334311,09:15:00,2024-07-02
202400015153,14:05,Plein jour,92,92044,2,2,1,3.0,MARIUS AUFAN(RUE) 1A67 ET 2A78,48.88837084,2.28685096,14:05:00,2024-03-13
202400015154,09:15,Plein jour,75,75107,2,2,1,3.0,QUAI D ORSAY,48.862287,2.305439,09:15:00,2024-07-02
202400015155,10:05,Plein jour,92,92026,2,1,1,3.0,VERDUN (DE 62 A FIN),48.900654,2.26048699,10:05:00,2024-03-14
202400015156,17:30,Plein jour,92,92025,2,1,2,6.0,CHARLES DE GAULLE (BD),48.91425211,2.22954765,17:30:00,2024-03-12
202400015157,14:00,Plein jour,75,75102,2,2,1,3.0,BOULEVARD DE SEBASTOPOL,48.866239,2.352539,14:00:00,2024-07-02
202400015158,11:15,Plein jour,92,92002,2,1,1,6.0,PROVIDENCE (AVENUE DE LA),48.75636644,2.30396605,11:15:00,2024-03-14
202400015159,14:20,Plein jour,75,75101,2,3,1,7.0,QUAI DE L HORLOGE,48.856923,2.343475,14:20:00,2024-07-01
202400015160,18:25,Plein jour,94,94038,2,1,1,2.0,Avenue Larroumes,48.7758443,2.32536873,18:25:00,2024-07-02
202400015161,00:20,,92,92014,2,2,1,3.0,HUIT MAI 1945 (RUE DU),48.78309886,2.31519324,00:20:00,2024-03-14
202400015162,16:40,Plein jour,94,94038,2,1,1,6.0,Rue Roger Salengro,48.76851,2.32447,16:40:00,2024-07-02
202400015163,18:30,Plein jour,35,35328,1,3,8,3.0,Noyal Lourme,47.807785,-2.052725,18:30:00,2024-03-14
202400015164,20:20,Plein jour,94,94028,2,9,1,7.0,Avenue du Maréchal Foch,48.78097,2.43607,20:20:00,2024-07-01
202400015165,07:15,Crépuscule,62,62295,1,1,2,6.0,Chemin de la Gonze,50.60445819,2.28361881,07:15:00,2024-03-15
202400015166,19:30,Plein jour,94,94028,2,5,1,3.0,Rue René Arcos / Rue du Jeu de Paume,48.77766289,2.46049279,19:30:00,2024-06-30
202400015167,17:30,Plein jour,26,26379,2,1,1,6.0,Route de Saint Bardoux,45.050938,4.983404,17:30:00,2024-03-13
202400015168,12:00,Plein jour,94,94079,2,1,1,2.0,Rue du Général Galliéni,48.82342,2.54124,12:00:00,2024-07-01
202400015169,09:10,Plein jour,42,42069,2,1,1,3.0,156 rue Victor Hugo,46.0008,4.065644,09:10:00,2024-03-13
202400015170,09:04,Plein jour,94,94079,2,1,1,6.0,Rue Robert Schumann,48.82282,2.54237,09:04:00,2024-07-01
202400015171,13:30,Plein jour,972,97225,2,2,1,3.0,Rue Percee,14.741086,-61.175008,13:30:00,2024-03-14
202400015172,19:25,Plein jour,94,94018,2,1,2,3.0,Rue de Paris,48.82845,2.40278,19:25:00,2024-07-02
202400015173,11:54,Plein jour,28,28022,1,1,6,3.0,D939,48.470389,1.415777,11:54:00,2024-03-15
202400015174,11:45,Plein jour,93,93055,2,9,1,3.0,Avenue du Général Leclerc,48.89971,2.40935,11:45:00,2024-07-02
202400015175,13:10,Plein jour,67,67532,1,6,1,3.0,D41,48.677495,7.503791,13:10:00,2024-03-15
202400015176,17:00,Plein jour,93,93050,2,1,1,3.0,Rue Paul et Camille Thomoux,48.865794,2.529183,17:00:00,2024-07-02
202400015177,13:25,Plein jour,01,01354,2,3,1,6.0,Rue de la Faucille,46.261809,6.029949,13:25:00,2024-03-15
202400015178,14:48,Plein jour,93,93048,2,2,1,3.0,Boulevard Aristide Briand / Rue Saint-Denis,48.87307,2.45366,14:48:00,2024-07-01
202400015179,11:05,Plein jour,06,06130,2,1,1,3.0,Avenue du 6 Juin 1944,43.688311,6.859442,11:05:00,2024-03-13
202400015180,16:50,Plein jour,62,62752,1,1,1,6.0,D139,50.48569649,1.66301617,16:50:00,2024-03-14
202400015181,11:50,Plein jour,93,93048,2,1,1,2.0,Avenue de la Résistance,48.86361,2.43632,11:50:00,2024-07-01
202400015182,16:15,Plein jour,59,59260,1,1,1,3.0,D947,51.00931804,2.54813759,16:15:00,2024-03-13
202400015183,18:55,Plein jour,93,93079,2,1,2,2.0,SAINT LEU (ROUTE DE) 1 à 157,48.953578,2.335919,18:55:00,2024-07-02
202400015184,15:20,Plein jour,68,68029,1,1,1,2.0,rd 83,47.92328076,7.26839228,15:20:00,2024-03-15
202400015185,13:40,Plein jour,93,93029,2,1,1,6.0,Rue de la Democratie,48.91634861,2.44236678,13:40:00,2024-07-02
202400015186,15:30,Plein jour,974,97413,1,1,1,3.0,Chemin Pierre Roger,-21.2123,55.322117,15:30:00,2024-03-10
202400015187,18:30,Plein jour,93,93027,2,2,1,3.0,Avenue Marcel Cachin / Rue Chabrol,48.92913,2.39675,18:30:00,2024-07-01
202400015188,19:30,,65,65346,2,1,1,1.0,Cami Dera Bigorra,43.166605,0.177796,19:30:00,2024-03-12
202400015189,13:40,Plein jour,93,93008,2,9,1,3.0,STAINS (RTE DE),48.90493444,2.47010773,13:40:00,2024-07-02
202400015190,16:30,Plein jour,58,58214,1,1,1,3.0,A77,47.08708747,3.10591258,16:30:00,2024-03-14
202400015191,20:30,Plein jour,93,93057,2,1,1,2.0,Impasse Pierre Simon Girard,48.91644352,2.50490644,20:30:00,2024-07-01
202400015192,13:20,Plein jour,89,89461,1,1,8,7.0,D660,48.235759,3.578183,13:20:00,2024-02-23
202400015193,18:00,Plein jour,51,51368,2,1,1,7.0,Rue de l?Eglise,49.169952,4.715576,18:00:00,2024-03-14
202400015194,18:47,Plein jour,92,92078,2,1,1,3.0,VERDUN (AVENUE) (PAIRS 2 A 38),48.93565532,2.33610141,18:47:00,2024-07-02
202400015195,07:50,Plein jour,51,51197,1,1,8,1.0,D66,49.077183,4.653654,07:50:00,2024-03-15
202400015196,22:20,Plein jour,92,92063,2,1,1,1.0,FILLIETTE (RUE NICOLAS-PHILIBERT),48.87098433,2.18737632,22:20:00,2024-06-25
202400015197,06:30,Crépuscule,51,51161,1,1,1,6.0,RD37 - PK33,49.041117,4.176521,06:30:00,2024-03-15
202400015198,21:40,Plein jour,92,92062,2,1,1,7.0,DE DION BOUTON (QUAI) DU 1 AU 28,48.87983474,2.24415046,21:40:00,2024-07-02
202400015199,23:00,,92,92049,2,1,1,6.0,GINOUX AV. HENRI N°1 A 95 ET 2 A 104,48.81679,2.32146,23:00:00,2024-07-02
202400015200,18:25,Plein jour,76,76549,1,1,1,1.0,D149,49.761038,0.932491,18:25:00,2024-03-14
202400015201,13:20,Plein jour,92,92020,2,1,1,7.0,DIVISION LECLERC AVENUE DE LA,48.79897765,2.28439057,13:20:00,2024-07-02
202400015202,15:00,Plein jour,32,32296,2,1,1,6.0,rue nationale,43.758918,-0.033109,15:00:00,2024-03-14
202400015203,18:53,Plein jour,92,92048,2,1,1,5.0,REPUBLIQUE (RUE DE LA) N° 47 A 85,48.80597,2.23575,18:53:00,2024-07-02
202400015204,14:44,Plein jour,32,32268,1,1,1,5.0,RN124,43.60465,0.994735,14:44:00,2024-03-13
202400015205,23:50,,92,92044,2,1,1,6.0,P.V.COUTURIER(RUE)65A79 ET50A58,48.89686,2.28843,23:50:00,2024-07-02
202400015206,09:30,Plein jour,92,92024,2,1,1,7.0,VILLENEUVE (RUE) DE (1 A 45)   (2 A 44),48.90336,2.30552,09:30:00,2024-07-02
202400015207,10:50,Plein jour,71,71230,2,2,1,3.0,42 Rue du 8 Mai,46.595778,4.052217,10:50:00,2024-03-15
202400015208,10:00,Plein jour,89,89025,2,1,1,6.0,Rue de Paris,47.490449,3.907855,10:00:00,2024-03-13
202400015209,09:05,Plein jour,92,92012,2,1,1,6.0,POINT DU JOUR (QUAI DU),48.83319366,2.26048297,09:05:00,2024-07-02
202400015210,18:15,Nuit sans éclairage,49,49368,1,2,1,3.0,Bois de Boulogne,47.39844,0.019682,18:15:00,2024-01-31
202400015211,15:36,Plein jour,92,92007,2,2,1,6.0,PASTEUR (AVENUE LOUIS) N° 1 A 39 ET 2 A,48.79587403,2.3171331,15:36:00,2024-07-02
202400015212,16:00,Plein jour,49,49228,1,2,1,3.0,route de la quelouze (Noyant),47.500953,0.148391,16:00:00,2024-03-14
202400015213,14:06,Plein jour,92,92004,2,3,1,2.0,MARNE   ( AVENUE DE LA ),48.90734635,2.28305376,14:06:00,2024-07-02
202400015214,17:30,Plein jour,974,97415,1,1,1,6.0,Chemin Bras Canot,-21.073678,55.308974,17:30:00,2024-07-02
202400015215,17:25,Plein jour,41,41164,1,1,1,4.0,D976,47.271717,1.407065,17:25:00,2024-03-14
202400015216,18:41,Nuit sans éclairage,68,68050,1,2,1,3.0,D32,47.652262,7.046832,18:41:00,2024-03-13
202400015217,18:10,Plein jour,54,54462,1,1,8,1.0,Route de Saint Nicolas,48.612468,6.331277,18:10:00,2024-07-02
202400015218,22:15,Nuit sans éclairage,22,22347,1,9,1,6.0,Kerédern,48.777347,-3.194908,22:15:00,2024-03-14
202400015219,00:20,Nuit sans éclairage,66,66136,1,1,1,2.0,A9,42.66652264,2.86158442,00:20:00,2024-07-03
202400015220,10:10,Plein jour,39,39434,2,1,1,6.0,15 Rue de Verdun,46.832329,5.7063,10:10:00,2024-03-15
202400015221,19:42,Nuit sans éclairage,25,25617,1,1,1,6.0,18 Rue de la Barbèche,47.342836,6.73949,19:42:00,2024-03-14
202400015222,08:32,Plein jour,22,22014,1,1,1,2.0,la Haute Lande,48.496886,-2.249064,08:32:00,2024-07-01
202400015223,15:30,Plein jour,35,35095,2,3,1,6.0,43 Rue de Dinan,48.543761,-1.759841,15:30:00,2024-03-15
202400015224,13:30,Plein jour,36,36013,1,1,1,1.0,Unknown,47.041217,1.582707,13:30:00,2024-06-30
202400015225,12:30,Plein jour,31,31132,1,1,1,6.0,D125,42.867501,0.608561,12:30:00,2024-03-13
202400015226,19:10,Plein jour,31,31445,2,1,1,6.0,34 Route de Castres,43.585487,1.52782,19:10:00,2024-07-02
202400015227,08:05,Plein jour,38,38134,1,1,1,1.0,D538,45.425523,5.012721,08:05:00,2024-03-14
202400015228,07:20,Plein jour,59,59278,2,1,7,6.0,Rue du Général De Gaulle,50.61147722,2.96977669,07:20:00,2024-06-28
202400015229,22:30,Nuit sans éclairage,38,38453,1,1,1,6.0,3467 Route de Valence,45.092592,5.301476,22:30:00,2024-03-14
202400015230,06:55,Plein jour,34,34270,2,1,1,3.0,100 Route de Lattes,43.575525,3.845901,06:55:00,2024-07-02
202400015231,16:25,Plein jour,38,38222,1,1,1,7.0,Route de Chirens,45.436599,5.58072,16:25:00,2024-03-15
202400015232,19:45,Crépuscule,51,51507,2,1,1,6.0,28 Avenue Kellermann,49.087933,4.885624,19:45:00,2024-07-02
202400015233,02:50,Nuit sans éclairage,82,82192,1,1,1,6.0,D999,43.924149,1.51533,02:50:00,2024-06-23
202400015234,17:50,Plein jour,38,38065,1,3,1,3.0,D51b,45.427823,5.401497,17:50:00,2024-03-14
202400015235,14:50,Plein jour,82,82039,1,1,1,3.0,D820,44.095464,1.453551,14:50:00,2024-07-02
202400015236,18:15,Plein jour,66,66106,2,6,1,3.0,Route de Céret,42.491223,2.799183,18:15:00,2024-03-13
202400015237,19:50,Plein jour,33,33540,2,1,1,7.0,Unknown,45.378437,-1.153031,19:50:00,2024-06-28
202400015238,14:10,Plein jour,54,54386,1,1,1,7.0,Route de Rozelieures,48.46750567,6.44311666,14:10:00,2024-03-14
202400015239,13:00,Plein jour,10,10179,1,1,1,6.0,D34,48.12,4.0462,13:00:00,2024-02-03
202400015240,08:40,Plein jour,61,61168,2,1,2,6.0,VC15,48.600884,-0.342872,08:40:00,2024-07-02
202400015241,11:48,Plein jour,07,07313,2,1,2,2.0,305 Avenue Helvetia,45.322095,4.760755,11:48:00,2024-03-15
202400015242,08:48,Plein jour,55,55398,1,1,1,6.0,D36 PK 9,48.659548,5.71877,08:48:00,2024-07-03
202400015243,20:00,,40,40134,2,3,1,1.0,Rue des Hauts-fourneaux,44.211695,-0.920121,20:00:00,2024-03-15
202400015244,07:50,Plein jour,12,12068,1,1,1,1.0,D911 PK73,44.321018,2.336003,07:50:00,2024-07-03
202400015245,11:30,Plein jour,42,42280,1,1,8,6.0,Route de malconnière,45.27824,4.431428,11:30:00,2024-07-02
202400015246,09:18,Plein jour,85,85051,2,6,1,6.0,RD 949 Ter,46.6816001,-1.0493433,09:18:00,2024-01-26
202400015247,22:39,,46,46251,2,1,1,6.0,659 Avenue Anatole de Monzie,44.861014,1.879805,22:39:00,2024-07-02
202400015248,07:20,Crépuscule,27,27261,1,2,5,3.0,Rue du Levant,49.218943,0.960982,07:20:00,2024-03-14
202400015249,16:50,Plein jour,41,41242,2,2,1,3.0,Rue de l'Echardon,47.279291,1.559463,16:50:00,2024-06-28
202400015250,16:50,Plein jour,17,17443,1,1,1,1.0,D110,46.080941,-1.008854,16:50:00,2024-03-13
202400015251,18:00,Plein jour,37,37151,2,1,1,6.0,D76,47.43613668,0.63971986,18:00:00,2024-03-14
202400015252,18:10,Plein jour,34,34203,2,2,1,3.0,Chemin du Parc,43.40387,3.512616,18:10:00,2024-06-23
202400015253,12:10,Plein jour,39,39471,1,1,1,6.0,VC de Bard à Le Gravier,46.720167,5.485911,12:10:00,2024-07-03
202400015254,17:35,Plein jour,88,88037,1,1,1,1.0,5 Contrexard,47.994016,6.736446,17:35:00,2024-03-14
202400015255,08:36,Plein jour,13,13037,2,9,7,3.0,76 Avenue du Général de Gaulle,43.55041305,5.21897963,08:36:00,2024-03-14
202400015256,12:15,Plein jour,44,44154,2,1,1,3.0,75 Avenue du 11 Novembre 1918,47.223955,-2.157113,12:15:00,2024-06-30
202400015257,14:55,Plein jour,29,29272,1,1,8,5.0,N165,47.96429153,-3.96996103,14:55:00,2024-07-03
202400015258,18:40,Plein jour,33,33122,2,9,1,7.0,Unknown,44.735973,-0.774198,18:40:00,2024-03-14
202400015259,14:35,Plein jour,17,17038,1,1,1,2.0,route nationale 10,45.212943,-0.293884,14:35:00,2024-03-13
202400015260,00:30,Nuit sans éclairage,38,38394,1,1,1,6.0,Route de Romans,45.09091,5.223055,00:30:00,2024-07-03
202400015261,00:30,Nuit sans éclairage,38,38052,2,1,1,6.0,rd 1091 les sables,45.099349,6.009626,00:30:00,2024-03-14
202400015262,00:02,Nuit sans éclairage,02,02124,2,1,1,6.0,D132,49.749496,3.378044,00:02:00,2024-07-03
202400015263,14:40,Plein jour,78,78506,1,1,1,6.0,A11,48.517598,1.790629,14:40:00,2024-03-10
202400015264,14:15,Plein jour,84,84017,1,1,6,7.0,Départementale 974,44.119573,5.248246,14:15:00,2024-06-29
202400015265,12:30,Plein jour,988,98807,1,3,8,3.0,Lindéralique (Tribu),-20.683642,164.966256,12:30:00,2024-03-14
202400015266,02:01,Nuit sans éclairage,06,06148,1,1,1,2.0,2222 Route de Vence,43.722924,7.076198,02:01:00,2024-07-03
202400015267,08:20,Plein jour,976,97615,2,1,1,6.0,10-12 rue des jardins,-12.796145,45.275044,08:20:00,2024-03-13
202400015268,09:30,Plein jour,60,60291,2,1,1,1.0,21 Rue de la Garenne,49.65163,3.069472,09:30:00,2024-07-03
202400015269,16:20,Plein jour,13,13025,1,1,1,6.0,"d46, route de beaurecueil",43.495725,5.567644,16:20:00,2024-03-13
202400015270,19:15,Plein jour,36,36076,1,1,1,6.0,Unknown,46.68853073,0.97166136,19:15:00,2024-06-26
202400015271,09:30,Plein jour,45,45155,1,1,1,7.0,Chemin exploitation agricole situé à côté du point D940 PR 23 + 50,47.730304,2.66846,09:30:00,2024-03-14
202400015272,17:40,Plein jour,07,07313,1,1,1,1.0,RD 820,45.309966,4.753204,17:40:00,2024-07-02
202400015273,14:30,Plein jour,30,30257,2,1,1,3.0,Unknown,43.876226,4.469837,14:30:00,2024-03-14
202400015274,16:45,Plein jour,71,71024,2,1,1,6.0,D472,46.303215,4.025143,16:45:00,2024-03-15
202400015275,17:00,Plein jour,17,17177,1,2,1,3.0,D131,45.930535,-0.251446,17:00:00,2024-07-02
202400015276,17:15,Plein jour,67,67205,2,1,1,3.0,27 Rue de la Republique,48.69914,7.78538,17:15:00,2024-03-14
202400015277,23:00,Nuit sans éclairage,87,87089,1,1,1,6.0,D942 pr 15,46.210665,1.179228,23:00:00,2024-06-28
202400015278,00:07,Nuit sans éclairage,38,38565,1,1,1,6.0,3917 Avenue du 11 Novembre,45.265626,5.655186,00:07:00,2024-03-14
202400015279,05:30,Nuit sans éclairage,987,98738,2,1,1,1.0,"RT1, PK 14,8, en face du centre commercial AUCHAN TAMANU",-17.618,-149.549,05:30:00,2024-07-03
202400015280,18:30,Crépuscule,26,26331,1,2,1,3.0,Route de Saint Nazaire,45.052135,5.292342,18:30:00,2024-03-14
202400015281,18:25,Plein jour,13,13051,1,3,1,3.0,D15,43.599903,5.131527,18:25:00,2024-07-02