Num_Acc,hrmn,lum,dep,com,agg,int,atm,col,adr,lat,long,heure,date
202400015282,16:09,Plein jour,69,69241,1,3,1,4.0,Route Départementale 342,45.620742,4.713253,16:09:00,2024-03-13
202400015283,18:00,Plein jour,78,78466,1,1,1,3.0,Rue de Vernouillet,48.9373,1.97601,18:00:00,2024-07-02
202400015284,23:25,Nuit sans éclairage,81,81219,1,1,1,2.0,N126,43.567516,1.95017,23:25:00,2024-03-14
202400015285,08:40,Plein jour,17,17385,1,1,1,1.0,route départementale 734,45.927744,-1.285089,08:40:00,2024-07-03
202400015286,16:39,Plein jour,51,51437,1,1,3,7.0,Autroute-A4-PK:122.00-METZ/PARIS,49.22731249,3.8248349,16:39:00,2024-07-02
202400015287,12:40,Plein jour,81,81038,1,3,1,3.0,Route de Lavaur,43.892952,1.893361,12:40:00,2024-03-15
202400015288,13:00,Plein jour,971,97125,1,1,1,2.0,1147 Desbonnes,16.277033,-61.285214,13:00:00,2024-07-02
202400015289,14:00,Plein jour,40,40257,1,1,1,3.0,1240 Route de Saint-paul,44.26,-1.183851,14:00:00,2024-03-14
202400015290,00:01,Nuit avec éclairage,77,77382,2,1,1,7.0,74 Rue Carnot,48.897294,2.877737,00:01:00,2024-07-03
202400015291,17:35,Plein jour,95,95308,1,6,1,2.0,D927,49.105174,2.129202,17:35:00,2024-07-02
202400015292,17:40,Plein jour,40,40202,2,1,1,1.0,35 Route de Sort,43.692027,-0.998573,17:40:00,2024-03-14
202400015293,23:00,Nuit sans éclairage,66,66210,2,3,1,3.0,Avenue des Sports,42.636311,2.754336,23:00:00,2024-07-02
202400015294,13:30,Plein jour,14,14762,2,1,1,3.0,28 Rue André Halbout,48.840126,-0.88821,13:30:00,2024-03-07
202400015295,14:00,Plein jour,30,30345,1,1,1,1.0,la tavernole,44.284398,3.997436,14:00:00,2024-07-03
202400015296,13:25,Plein jour,22,22118,2,1,1,2.0,Viaduc,48.45469,-2.037774,13:25:00,2024-03-14
202400015297,17:40,Plein jour,05,05181,1,1,1,3.0,Rd 1091,45.032971,6.396575,17:40:00,2024-07-02
202400015298,08:30,Plein jour,60,60700,1,1,1,2.0,d1011,49.38265962,2.14785719,08:30:00,2024-03-14
202400015299,12:10,Plein jour,04,04193,1,1,1,5.0,RD902 Point routier 2+285,44.530719,6.709857,12:10:00,2024-07-02
202400015300,22:40,,89,89257,2,1,2,6.0,6 Rue Georges Pompidou,47.97101,3.505136,22:40:00,2024-07-02
202400015301,10:50,Plein jour,71,71342,2,3,1,3.0,35 Quai de l'Industrie,46.45325538,4.1048332,10:50:00,2024-07-03
202400015302,16:25,Plein jour,59,59256,1,1,1,7.0,M655,50.58092036,3.13848495,16:25:00,2024-03-14
202400015303,19:15,Plein jour,21,21639,2,9,1,1.0,Avenue de la Gare,47.193551,5.374627,19:15:00,2024-06-27
202400015304,17:00,Plein jour,38,38494,1,2,1,3.0,Route de Bourgoin,45.69503,5.380425,17:00:00,2024-07-02
202400015305,14:50,Plein jour,13,13005,1,1,1,3.0,A50-Sens Aubagne vers Marseille,43.28848507,5.54834252,14:50:00,2024-03-13
202400015306,10:25,Plein jour,69,69171,1,3,1,3.0,Route Départementale 389,45.798192,4.588519,10:25:00,2024-07-01
202400015307,17:15,Plein jour,13,13005,1,1,1,2.0,A50-Sens Marseille vers Aubagne,43.2866,5.536432,17:15:00,2024-03-13
202400015308,07:20,Plein jour,81,81038,2,3,1,3.0,279 Route de Graulhet,43.878048,1.911525,07:20:00,2024-07-01
202400015309,15:53,Plein jour,33,33096,1,1,1,4.0,Unknown,44.90173872,-0.49394021,15:53:00,2024-03-14
202400015310,20:02,Plein jour,65,65059,1,3,1,6.0,Route de la Plaine,43.080784,0.149099,20:02:00,2024-07-02
202400015311,18:42,Crépuscule,91,91692,1,1,1,3.0,RN 118,48.680073,2.191169,18:42:00,2024-03-14
202400015312,18:46,Plein jour,31,31287,2,6,1,1.0,1 Rue du Nord,43.396541,1.261131,18:46:00,2024-06-28
202400015313,09:05,Plein jour,91,91589,1,1,1,5.0,AUTOROUTE A6,48.67400718,2.34272718,09:05:00,2024-03-14
202400015314,17:57,Plein jour,62,62444,1,1,1,6.0,Rue de l'Eglise,50.876489,1.703503,17:57:00,2024-06-23
202400015315,08:00,Plein jour,13,13005,1,1,1,2.0,A50-Sens Marseille vers Aubagne,43.28877777,5.54788239,08:00:00,2024-07-02
202400015316,08:45,Plein jour,91,91477,1,1,1,5.0,AUTOROUTE A126,48.7188,2.25919,08:45:00,2024-03-14
202400015317,19:30,Plein jour,13,13070,1,1,1,2.0,A50-Sens Aubagne vers Marseille,43.28584555,5.51204403,19:30:00,2024-06-27
202400015318,16:25,Plein jour,92,92036,1,1,1,3.0,A86,48.93554103,2.28513973,16:25:00,2024-03-14
202400015319,01:10,Nuit sans éclairage,13,13215,1,1,1,2.0,A7-Sens Lyon vers Marseille,43.36183,5.36044,01:10:00,2024-07-01
202400015320,15:00,Plein jour,92,92064,1,1,1,7.0,A13,48.83971299,2.19936868,15:00:00,2024-03-14
202400015321,13:35,Plein jour,92,92063,1,1,1,6.0,A86 DUPLEX,48.86286475,2.16034716,13:35:00,2024-03-14
202400015322,12:55,Plein jour,62,62624,1,1,1,4.0,A21,50.42606,3.00438,12:55:00,2024-06-28
202400015323,06:50,Plein jour,92,92050,1,1,1,7.0,A86,48.90454939,2.20759606,06:50:00,2024-03-14
202400015324,18:00,Plein jour,59,59090,1,1,1,2.0,AUTOROUTE A22,50.71897907,3.12385535,18:00:00,2024-06-28
202400015325,19:15,Plein jour,77,77384,1,1,1,7.0,AUTOROUTE A5A,48.601494,2.600398,19:15:00,2024-07-02
202400015326,22:20,Nuit sans éclairage,93,93010,1,1,1,3.0,A3,48.90435356,2.4716561,22:20:00,2024-03-13
202400015327,10:00,Plein jour,78,78362,1,1,1,2.0,A13,48.975948,1.722832,10:00:00,2024-07-02
202400015328,18:00,Plein jour,93,93053,1,1,1,4.0,A3,48.89769795,2.46976275,18:00:00,2024-03-13
202400015329,17:30,Plein jour,93,93010,1,1,1,5.0,A3,48.90396716,2.47131617,17:30:00,2024-07-02
202400015330,11:40,Plein jour,93,93064,1,1,1,2.0,A86,48.87334812,2.47976661,11:40:00,2024-03-13
202400015331,15:10,Plein jour,93,93063,1,1,1,6.0,A3,48.87356555,2.43687765,15:10:00,2024-07-02
202400015332,08:00,Plein jour,92,92036,1,1,1,2.0,AUTOROUTE A15,48.94067835,2.29263081,08:00:00,2024-07-02
202400015333,05:40,Nuit sans éclairage,95,95582,1,1,1,3.0,D170,48.96257178,2.26331788,05:40:00,2024-03-13
202400015334,18:30,Plein jour,93,93006,1,1,1,3.0,A3,48.86885597,2.42913736,18:30:00,2024-07-01
202400015335,23:30,Nuit sans éclairage,95,95042,1,1,1,2.0,N104,49.05688567,2.28750144,23:30:00,2024-03-12
202400015336,21:50,Nuit sans éclairage,95,95527,1,1,1,6.0,A3,48.98219333,2.5019667,21:50:00,2024-03-11
202400015337,19:00,Plein jour,93,93010,1,1,1,4.0,A3,48.90337187,2.47129404,19:00:00,2024-07-01
202400015338,16:30,Plein jour,93,93051,1,1,1,2.0,A4,48.83454247,2.58415688,16:30:00,2024-07-02
202400015339,19:15,Nuit sans éclairage,95,95018,1,1,2,4.0,A15,48.9603364,2.27113018,19:15:00,2024-03-11
202400015340,09:20,Plein jour,93,93051,1,1,1,3.0,A4,48.83618469,2.55322258,09:20:00,2024-03-14
202400015341,01:35,Nuit sans éclairage,94,94022,1,1,1,2.0,A86,48.77655361,2.41915812,01:35:00,2024-07-02
202400015342,15:40,Plein jour,94,94069,1,1,1,7.0,A4,48.81744251,2.42067218,15:40:00,2024-07-01
202400015343,07:15,Plein jour,94,94042,1,1,1,3.0,A4,48.82814739,2.47294564,07:15:00,2024-03-13
202400015344,20:20,,974,97411,2,1,1,7.0,SAINT-FRANCOIS (BOULEVARD),-20.89918,55.46029,20:20:00,2024-03-13
202400015345,09:50,Plein jour,94,94052,1,1,1,2.0,A86,48.8433103,2.49314406,09:50:00,2024-07-01
202400015346,12:45,Plein jour,972,97213,1,1,1,6.0,ROUTE NATIONALE 6,14.59406,-60.98378,12:45:00,2024-03-13
202400015347,07:10,Plein jour,76,76681,2,2,1,6.0,Rue du 4 Septembre,49.4237,1.09232,07:10:00,2024-06-25
202400015348,07:45,Plein jour,972,97209,1,3,1,3.0,RAVINE VILAINE (CHEMIN DEPARTEMENTAL DE),14.63083,-61.05989,07:45:00,2024-03-12
202400015349,10:40,Plein jour,95,95607,2,1,1,6.0,MARECHAL FOCH (RUE DU),49.02613427,2.22191647,10:40:00,2024-01-24
202400015350,05:50,,69,69152,2,1,1,7.0,14 Boulevard de l'Europe,45.70900465,4.82123599,05:50:00,2024-03-13
202400015351,10:00,Plein jour,44,44109,2,1,1,6.0,1 Rue Président Edouard Herriot,47.21782923,-1.55938736,10:00:00,2024-06-25
202400015352,20:20,,74,74010,2,9,2,3.0,PRELEVET (AVENUE DE),45.894,6.102,20:20:00,2024-04-17
202400015353,23:45,,95,95607,2,6,8,2.0,D407,49.00541888,2.2099383,23:45:00,2024-03-13
202400015354,02:00,,987,98735,2,2,1,3.0,PRINCE HINOI (AVENUE),-17.535986,-149.566467,02:00:00,2024-06-30
202400015355,09:10,Plein jour,91,91425,2,1,1,2.0,RUE DES BOURGUIGNONS,48.64664,2.27423,09:10:00,2024-03-13
202400015356,12:00,Plein jour,974,97411,2,2,1,6.0,LECLERC (DU MARECHAL),-20.8804,55.45739,12:00:00,2024-07-01
202400015357,09:30,Plein jour,973,97302,2,1,1,7.0,LEBLOND (ROND POINT),4.92162285,-52.32972407,09:30:00,2024-07-01
202400015358,19:45,,91,91122,2,1,1,3.0,HACQUINIERE (RUE DE LA),48.69605,2.155,19:45:00,2024-03-13
202400015359,02:35,,973,97302,2,1,1,7.0,FELIX EBOUE(ROCADE),4.93246,-52.31081,02:35:00,2024-07-01
202400015360,18:30,Crépuscule,91,91377,2,1,8,3.0,AV DU NOYER LAMBERT,48.73125,2.29116,18:30:00,2024-03-12
202400015361,18:45,Plein jour,69,69383,2,1,1,3.0,Rue Feuillat,45.75369,4.8768,18:45:00,2024-07-01
202400015362,11:31,Plein jour,91,91174,2,1,8,2.0,AV DU 8 MAI 1945,48.61102,2.45421,11:31:00,2024-03-13
202400015363,22:20,,69,69385,2,2,1,6.0,Avenue du Point du Jour,45.75639,4.79754,22:20:00,2024-07-01
202400015364,07:30,Plein jour,91,91174,2,3,1,3.0,AV DU 8 MAI 1945,48.610938,2.453245,07:30:00,2024-03-13
202400015365,17:45,Plein jour,69,69034,2,1,1,3.0,Montée de la Boucle,45.78288,4.83653,17:45:00,2024-07-01
202400015366,13:30,Plein jour,88,88160,2,6,2,6.0,CARPENTIER (VOIE PIERRE-),48.17633,6.4514,13:30:00,2024-03-13
202400015367,09:30,Plein jour,69,69034,2,1,1,3.0,111 Quai Clemenceau,45.81121,4.84585,09:30:00,2024-07-01
202400015368,13:58,Plein jour,87,87085,2,3,1,6.0,FOUCAUD (AVENUE),45.82645,1.25175,13:58:00,2024-03-12
202400015369,16:10,Plein jour,971,97101,1,1,1,4.0,RN1-  HAUTEUR DE SORTIE LAURICISQUE,16.25353,-61.53509,16:10:00,2024-06-29
202400015370,07:30,Plein jour,971,97113,1,1,1,3.0,RN4 - SECTION RIVIERA,16.21766,-61.49139,07:30:00,2024-06-30
202400015371,09:45,Plein jour,83,83137,2,3,1,3.0,FOCH (AVE DU MARECHAL),43.12737575,5.91959485,09:45:00,2024-03-13
202400015372,06:30,Plein jour,971,97113,1,1,1,3.0,Morne Salines,16.21177,-61.44075,06:30:00,2024-06-30
202400015373,09:15,Plein jour,83,83069,2,1,1,1.0,ST LAZARE (CHEMIN),43.1148495,6.17569327,09:15:00,2024-03-12
202400015374,18:40,Crépuscule,77,77513,2,3,1,3.0,CHAUSSEE DE PARIS (RUE DE LA),48.955088,2.870267,18:40:00,2024-03-13
202400015375,22:50,,971,97101,1,9,1,3.0,ROUTE DE BOISVINS,16.2567,-61.45977,22:50:00,2024-06-29
202400015376,11:15,Plein jour,77,77186,1,1,8,6.0,d301 de chantoiseau /grand veneur,48.406999,2.638321,11:15:00,2024-03-13
202400015377,09:10,Plein jour,76,76351,2,2,1,3.0,EMILE ZOLA,49.48864,0.10595,09:10:00,2024-03-13
202400015378,09:10,Plein jour,91,91477,2,1,1,6.0,BECQUEREL (AVENUE HENRI),48.712155,2.2151413,09:10:00,2024-07-01
202400015379,14:50,Plein jour,72,72181,2,6,8,6.0,WILBUR WRIGHT (RUE),48.00791,0.19819,14:50:00,2024-03-12
202400015380,19:20,Plein jour,87,87085,2,1,1,3.0,BRIAND (RUE ARISTIDE),45.85844826,1.28620505,19:20:00,2024-06-28
202400015381,15:20,Plein jour,69,69290,2,9,2,3.0,44 Chemin de Genas,45.71464,4.95959,15:20:00,2024-03-11
202400015382,17:12,Plein jour,87,87114,2,3,1,3.0,LIBERATION (AVENUE DE LA),45.82676,1.2915,17:12:00,2024-06-29
202400015383,15:20,Plein jour,68,68166,2,1,1,7.0,NOYER (RUE DU),47.79144,7.33229,15:20:00,2024-03-09
202400015384,13:40,Plein jour,67,67482,2,8,8,6.0,RACINE (AVENUE),48.5916,7.7066,13:40:00,2024-03-12
202400015385,08:35,Plein jour,83,83123,2,1,1,3.0,GARE (ROUTE),43.12240883,5.82230404,08:35:00,2024-06-28
202400015386,17:50,Plein jour,80,80021,2,1,1,6.0,Allée Eugène Varlin,49.917,2.248,17:50:00,2024-06-27
202400015387,14:00,Plein jour,64,64445,2,2,1,3.0,JEAN JAURES,43.304897,-0.358171,14:00:00,2024-03-13
202400015388,16:00,Plein jour,80,80021,2,1,1,6.0,Rue de l'Abbé Hénocque,49.90983,2.29387,16:00:00,2024-06-30
202400015389,08:35,Plein jour,64,64445,2,1,1,6.0,ORLEANS D',43.29903,-0.37294,08:35:00,2024-03-12
202400015390,21:55,Crépuscule,78,78643,2,3,1,1.0,EUROPE BD DE L',48.975781,1.985272,21:55:00,2024-07-01
202400015391,13:45,Plein jour,64,64284,2,1,3,2.0,Unknown,43.293795,-0.38682,13:45:00,2024-03-11
202400015392,07:15,Plein jour,76,76681,1,1,1,2.0,Boulevard Industriel,49.42058,1.10705,07:15:00,2024-07-01
202400015393,12:40,Plein jour,63,63113,2,3,1,6.0,Clémenceau/Malfreyt,45.77382,3.08496,12:40:00,2024-03-13
202400015394,10:55,Plein jour,63,63113,2,1,1,3.0,JULIEN (AVENUE),45.77412106,3.07696715,10:55:00,2024-03-13
202400015395,18:00,Plein jour,76,76351,2,1,1,6.0,MONT GAILLARD (ALLEE DU),49.52373562,0.11454034,18:00:00,2024-06-28
202400015396,08:41,Plein jour,49,49007,2,1,1,2.0,LEBASQUE,47.45852,-0.53002,08:41:00,2024-03-12
202400015397,19:45,,49,49007,2,1,1,6.0,CAMUS,47.47893,-0.57629,19:45:00,2024-03-12
202400015398,15:25,Plein jour,76,76351,2,3,1,6.0,Rue Aristide Briand,49.5001,0.13196,15:25:00,2024-06-28
202400015399,08:00,Plein jour,45,45285,2,1,1,6.0,Avenue Pierre Mendès France,47.90576,1.86924,08:00:00,2024-03-13
202400015400,19:45,Plein jour,72,72181,2,1,1,1.0,CORDELET LOUIS ( AV),48.01286,0.18797,19:45:00,2024-06-30
202400015401,17:20,Plein jour,71,71153,2,3,1,3.0,ALBERT 1ER (RUE),46.78926,4.43201,17:20:00,2024-06-27
202400015402,21:35,,45,45068,2,3,1,3.0,76 Avenue du Général Leclerc,48.02105012,2.73721334,21:35:00,2024-03-13
202400015403,21:00,Plein jour,69,69266,2,1,1,2.0,Cours Tolstoï,45.76280341,4.87778795,21:00:00,2024-07-01
202400015404,17:50,Plein jour,44,44109,2,2,1,1.0,14 Rue Romain Rolland,47.20549,-1.60668,17:50:00,2024-03-13
202400015405,10:10,Plein jour,69,69286,2,1,1,6.0,Rue du Capitaine Julien,45.82295675,4.88995922,10:10:00,2024-06-27
202400015406,13:00,Plein jour,43,43041,2,1,1,3.0,54 Avenue Charles Dupuy,45.0493,3.91934,13:00:00,2024-03-13
202400015407,19:40,Nuit sans éclairage,42,42127,2,1,1,2.0,Rue des Glycines,46.08357,4.07188,19:40:00,2024-03-13
202400015408,21:00,Crépuscule,69,69290,2,5,1,3.0,Boulevard de la Porte des Alpes,45.71693,4.9283,21:00:00,2024-07-01
202400015409,14:20,Plein jour,38,38318,2,1,1,6.0,LOUIS LEYDIER(RUE),45.52887,4.91599,14:20:00,2024-03-10
202400015410,13:35,Plein jour,64,64445,2,3,8,3.0,SARAGOSSE DE,43.30855,-0.36314,13:35:00,2024-06-30
202400015411,08:00,Plein jour,35,35281,2,1,2,6.0,FUSILLES (RUE DES 25),48.09053,-1.69491,08:00:00,2024-03-12
202400015412,21:05,Plein jour,60,60175,2,1,1,7.0,Rue Henri Bergson,49.2539,2.48727,21:05:00,2024-06-29
202400015413,18:10,Plein jour,33,33069,2,1,1,3.0,Unknown,44.86888,-0.58964,18:10:00,2024-03-13
202400015414,03:35,,59,59350,2,1,1,6.0,Rue de La Louvière,50.647909,3.085966,03:35:00,2024-06-22
202400015415,10:30,Plein jour,33,33069,2,2,1,3.0,Unknown,44.85707,-0.59115,10:30:00,2024-03-13
202400015416,11:20,Plein jour,57,57508,2,1,1,6.0,FOCH (RUE),49.33929,6.04802,11:20:00,2024-06-30
202400015417,14:20,Plein jour,31,31555,1,9,1,4.0,980.3 PLAISANCE (ROCADE ARC EN CIEL),43.6061,1.3684,14:20:00,2024-03-13
202400015418,12:30,Plein jour,57,57672,2,1,1,5.0,REPUBLIQUE (PLACE DE LA),49.355829,6.163625,12:30:00,2024-06-29
202400015419,08:46,Plein jour,31,31069,2,1,1,3.0,VELASQUEZ (RUE),43.61747798,1.38842136,08:46:00,2024-03-13
202400015420,14:59,Plein jour,56,56098,2,8,1,6.0,Avenue Pablo Néruda,47.772895,-3.334056,14:59:00,2024-07-01
202400015421,17:50,Plein jour,31,31555,2,3,1,3.0,ETATS UNIS (AV DES) DU 1AU 281,43.63498,1.43092,17:50:00,2024-03-07
202400015422,20:30,Plein jour,52,52534,2,9,1,1.0,SAINT DIZIER (ROUTE DE),48.66492,4.90518,20:30:00,2024-06-22
202400015423,13:30,Plein jour,29,29232,2,1,1,3.0,Avenue Pierre Mendes-France,47.973255,-4.131993,13:30:00,2024-03-13
202400015424,11:47,Plein jour,51,51055,2,1,1,3.0,PRIMEVERES (ALLEE),49.282728,4.052554,11:47:00,2024-06-30
202400015425,08:20,Plein jour,27,27681,1,4,1,3.0,DE LATTRE DE TASSIGNY (AVENUE DU MAL),49.076899,1.463932,08:20:00,2024-03-13
202400015426,14:20,Plein jour,50,50129,2,1,1,4.0,PAIX (RUE DE LA),49.64829,-1.64902,14:20:00,2024-06-28
202400015427,17:00,Plein jour,18,18213,2,3,1,7.0,Route de la Charité,47.09659,2.44797,17:00:00,2024-03-13
202400015428,10:30,Plein jour,49,49099,2,4,1,6.0,LORRAINE (RUE DE),47.06095,-0.87114,10:30:00,2024-07-01
202400015429,19:54,,14,14333,2,1,1,7.0,Avenue du Canteloup,49.40488,0.2431,19:54:00,2024-03-12
202400015430,23:20,,13,13208,2,1,1,1.0,ANDRE ZENATTI (AVENUE),43.24623,5.38873,23:20:00,2024-03-13
202400015431,10:40,Plein jour,45,45234,2,9,1,2.0,20bis Rue de la Tour Neuve,47.899482,1.913555,10:40:00,2024-07-01
202400015432,17:00,Plein jour,13,13005,2,3,1,3.0,PAGNOL (AVENUE MARCEL),43.29645,5.56941,17:00:00,2024-03-13
202400015433,15:55,Plein jour,40,40192,1,1,1,5.0,ROCADE EST (RD 932 E),43.87666458,-0.46553135,15:55:00,2024-06-29
202400015434,16:00,Plein jour,11,11069,2,1,1,3.0,11 Rue du Moulin de la Seigne,43.22587,2.35069,16:00:00,2024-03-13
202400015435,23:20,,38,38185,2,1,1,6.0,REYNOARD (AV. M.),45.16162,5.72881,23:20:00,2024-06-29
202400015436,21:45,,10,10387,2,1,1,7.0,NOES (RUE DES),48.2982,4.0566,21:45:00,2024-03-10
202400015437,18:10,Crépuscule,07,07019,1,1,4,1.0,D 104 (DEVIATION ST PRIVAS),44.60807,4.40343,18:10:00,2024-03-10
202400015438,06:00,Crépuscule,34,34129,1,1,1,2.0,PALAVAS D986 (ROUTE DE),43.58568,3.89543,06:00:00,2024-07-01
202400015439,13:30,Plein jour,06,06088,2,1,1,6.0,Promenade des Anglais,43.66659,7.21343,13:30:00,2024-03-13
202400015440,01:45,,34,34172,2,1,1,1.0,FAUBOURG FIGUEROLLES (RUE DU),43.60548,3.86105,01:45:00,2024-06-30
202400015441,10:22,Plein jour,06,06088,2,1,1,6.0,Rue Gioffrédo,43.70203,7.27629,10:22:00,2024-03-13
202400015442,07:50,Plein jour,75,75112,2,1,1,3.0,BD PERIPHERIQUE EXTERIEUR,48.828999,2.400134,07:50:00,2024-03-13
202400015443,20:20,Plein jour,33,33063,1,3,8,3.0,Unknown,44.866326,-0.536905,20:20:00,2024-07-01
202400015444,16:40,Plein jour,75,75117,2,1,2,2.0,BD PERIPHERIQUE INTERIEUR,48.883981,2.285279,16:40:00,2024-03-11
202400015445,22:05,,33,33063,2,3,1,3.0,Unknown,44.86582,-0.5611,22:05:00,2024-06-30
202400015446,10:53,Plein jour,75,75108,2,2,1,3.0,AVENUE HOCHE,48.874586,2.29697,10:53:00,2024-03-13
202400015447,15:35,Plein jour,33,33069,2,3,1,3.0,Unknown,44.869749,-0.614476,15:35:00,2024-06-30
202400015448,18:59,Plein jour,75,75107,2,2,8,3.0,AVENUE DE LA MOTTE PICQUET,48.857268,2.309945,18:59:00,2024-03-12
202400015449,17:27,Plein jour,30,30189,2,1,1,5.0,ALLENDE SALVADOR (RUE),43.8252,4.3712,17:27:00,2024-06-28
202400015450,18:00,Plein jour,75,75105,2,2,1,3.0,PONT SAINT MICHEL,48.853819,2.344354,18:00:00,2024-03-12
202400015451,05:20,Plein jour,28,28404,2,4,1,6.0,CRECY (ROUTE DE),48.721383,1.32383,05:20:00,2024-06-29
202400015452,16:30,Plein jour,75,75118,2,2,1,6.0,RUE DES POISSONNIERS,48.894225,2.352867,16:30:00,2024-03-13
202400015453,15:35,Plein jour,27,27229,2,1,1,6.0,YSER (RUE DE L'),49.03421,1.13213,15:35:00,2024-07-01
202400015454,13:20,Plein jour,75,75118,2,1,1,2.0,AVENUE DE LA PORTE DE CLIGNANCOURT,48.89887,2.344199,13:20:00,2024-03-13
202400015455,22:55,,27,27229,2,1,1,1.0,DUPONT DE L'EURE (PLACE),49.029599,1.152701,22:55:00,2024-06-30
202400015456,17:10,Plein jour,75,75115,2,2,2,3.0,QUAI D ISSY LES MOULINEAUX,48.83439,2.265179,17:10:00,2024-03-12
202400015457,21:10,Plein jour,26,26362,2,1,1,3.0,Boulevard Winston Churchill,44.9351,4.91855,21:10:00,2024-07-01
202400015458,10:06,Plein jour,14,14333,2,9,1,2.0,1 Rue du Calvados,49.42008,0.25999,10:06:00,2024-07-01
202400015459,20:00,Plein jour,13,13106,2,1,1,1.0,ROUGIERE (CHEMIN DE LA),43.39141382,5.37337906,20:00:00,2024-07-01
202400015460,11:40,Plein jour,13,13106,2,9,1,1.0,DIDIER TRAMONI (BOULEVARD),43.39873,5.36597,11:40:00,2024-07-01
202400015461,18:50,Plein jour,13,13213,2,4,1,6.0,ALBERT EINSTEIN (RUE),43.33726,5.43589,18:50:00,2024-07-01
202400015462,06:53,Plein jour,13,13203,2,1,1,3.0,GIBRALTAR (TRAVERSE),43.31,5.39,06:53:00,2024-07-01
202400015463,20:20,Plein jour,13,13047,1,1,1,3.0,TRANSHUMANCE ROND POINT DE LA,43.52735722,4.96144321,20:20:00,2024-07-01
202400015464,02:30,Nuit sans éclairage,11,11262,1,9,1,6.0,Chemin des Vallons,43.19959,2.96422,02:30:00,2024-06-22
202400015465,08:35,Plein jour,02,02243,2,6,1,2.0,29 Avenue du Général Patton,49.40023,3.35477,08:35:00,2024-06-28
202400015466,05:20,Plein jour,75,75115,2,1,1,2.0,BD PERIPHERIQUE INTERIEUR,48.826761,2.295778,05:20:00,2024-06-30
202400015467,18:31,Plein jour,75,75105,2,2,1,3.0,BOULEVARD SAINT GERMAIN,48.851388,2.343189,18:31:00,2024-07-01
202400015468,14:25,Plein jour,75,75105,2,3,1,1.0,BOULEVARD SAINT MICHEL,48.846286,2.34025,14:25:00,2024-07-01
202400015469,09:25,Plein jour,75,75105,2,3,1,3.0,RUE GAY LUSSAC,48.843098,2.342658,09:25:00,2024-07-01
202400015470,22:45,,75,75119,2,1,1,3.0,AVENUE JEAN JAURES,48.888248,2.391309,22:45:00,2024-07-01
202400015471,19:40,Plein jour,75,75119,2,1,1,6.0,RUE MANIN,48.882859,2.384275,19:40:00,2024-07-01
202400015472,17:40,Plein jour,75,75119,2,1,1,7.0,AVENUE JEAN JAURES,48.883843,2.373999,17:40:00,2024-07-01
202400015473,22:30,,75,75117,2,1,1,7.0,AVENUE DE LA GRANDE ARMEE,48.877132,2.284673,22:30:00,2024-07-01
202400015474,19:50,Nuit sans éclairage,57,57041,1,1,3,2.0,Autoroute A30,49.41024302,5.92116786,19:50:00,2024-08-24
202400015475,05:27,Plein jour,987,98735,2,1,1,2.0,PRINCE HINOI (AVENUE),-17.53395298,-149.56100821,05:27:00,2024-11-18
202400015476,14:20,Plein jour,75,75114,2,1,1,3.0,BOULEVARD JOURDAN,48.820543,2.337411,14:20:00,2024-07-01
202400015477,23:40,Nuit sans éclairage,974,97416,1,1,3,2.0,RN1 (ROUTE NATIONALE),-21.31137,55.43562,23:40:00,2024-11-21
202400015478,19:15,Plein jour,75,75111,2,2,1,3.0,AVENUE PARMENTIER,48.86505,2.374701,19:15:00,2024-07-01
202400015479,13:45,Plein jour,974,97416,1,1,3,6.0,RN3 (1),-21.30458,55.49823,13:45:00,2024-11-21
202400015480,11:35,Plein jour,75,75111,2,3,1,3.0,RUE DE LA ROQUETTE,48.858702,2.384702,11:35:00,2024-07-01
202400015481,19:16,,974,97411,2,1,1,3.0,JAURES (BOULEVARD JEAN),-20.88976,55.46299,19:16:00,2024-11-21
202400015482,13:00,Plein jour,75,75104,2,3,8,3.0,QUAI DE L HOTEL DE VILLE,48.855398,2.352841,13:00:00,2024-07-01
202400015483,17:55,Plein jour,974,97411,2,6,1,2.0,JAURES (BOULEVARD JEAN),-20.90246,55.50269,17:55:00,2024-11-21
202400015484,21:35,,75,75101,2,2,1,1.0,RUE DU LOUVRE,48.861701,2.341245,21:35:00,2024-06-30
202400015485,12:10,Plein jour,972,97213,1,1,2,3.0,Z I LES MANGLES,14.61328,-61.01097,12:10:00,2024-11-21
202400015486,14:52,Plein jour,69,69385,2,3,2,3.0,Pont Bonaparte,45.75963,4.82792,14:52:00,2024-11-21
202400015487,21:19,Crépuscule,94,94078,2,2,1,5.0,Avenue Carnot,48.73304,2.45081,21:19:00,2024-07-01
202400015488,12:45,Plein jour,69,69384,2,3,1,6.0,Rue Henri Chevalier,45.78289871,4.82919537,12:45:00,2024-11-20
202400015489,08:00,Plein jour,971,97101,2,1,1,7.0,BOULEVARD DES HEROS,16.24966,-61.52343,08:00:00,2024-11-21
202400015490,05:25,,2A,2A004,2,1,6,6.0,#GEORGES POMPIDOU AVENUE#,41.92995,8.75703,05:25:00,2024-11-21
202400015491,09:55,Plein jour,95,95607,2,7,1,6.0,D106,49.02706,2.22344,09:55:00,2024-11-20
202400015492,17:30,,91,91514,2,1,4,1.0,RUE COMBS LA VILLE,48.67,2.54,17:30:00,2024-11-21
202400015493,07:20,Nuit avec éclairage,91,91114,2,1,9,6.0,RUE TALMA,48.69231,2.50072,07:20:00,2024-11-20
202400015494,12:10,Plein jour,87,87085,2,1,3,6.0,LATTRE-DE-TASSIGNY (AVENUE DU MARECHAL),45.82528,1.2725,12:10:00,2024-11-21