Num_Acc,hrmn,lum,dep,com,agg,int,atm,col,adr,lat,long,heure,date
202400015495,08:30,Plein jour,87,87085,2,1,2,4.0,Unknown,45.81926915,1.25060678,08:30:00,2024-11-21
202400015496,13:00,Plein jour,84,84007,2,3,1,2.0,AERODROME  (ROUTE DE L') MFT,43.9167,4.88534,13:00:00,2024-11-20
202400015497,08:55,Plein jour,83,83069,2,1,1,6.0,GALLIENI (RUE MARECHAL),43.11989,6.12625,08:55:00,2024-11-21
202400015498,02:30,Nuit sans éclairage,80,80725,1,1,9,7.0,GOLF (AVENUE DU),49.86128,2.25539,02:30:00,2024-11-21
202400015499,21:30,Nuit sans éclairage,77,77462,1,1,4,6.0,ROUTE NATIONALE 2,49.00451378,2.6439178,21:30:00,2024-11-21
202400015500,23:50,,77,77307,2,2,1,1.0,D934,48.87798,2.74474,23:50:00,2024-11-20
202400015501,18:30,,77,77464,2,1,1,6.0,GARE (RUE DE  LA),48.88191,2.70479,18:30:00,2024-11-20
202400015502,11:00,Plein jour,76,76305,2,3,1,3.0,CAMP DOLENT (AVENUE),49.50709,0.2199,11:00:00,2024-11-20
202400015503,11:40,Plein jour,72,72181,2,1,4,2.0,PATTON GENERAL RTE BAUGE A CHEMIN RONDE,48.00674977,0.17201543,11:40:00,2024-11-21
202400015504,15:00,Plein jour,69,69092,2,1,2,6.0,Avenue du Beaujolais,45.99859,4.70641,15:00:00,2024-11-21
202400015505,10:30,Plein jour,69,69290,2,2,3,3.0,Route de Lyon,45.71123,4.90201,10:30:00,2024-11-20
202400015506,18:18,,68,68224,2,1,4,6.0,STALINGRAD (RUE DE),47.74874,7.34687,18:18:00,2024-11-21
202400015507,19:15,,66,66136,2,1,1,6.0,PALALDA (DE),42.68401,2.90238,19:15:00,2024-11-21
202400015508,08:22,Plein jour,66,66136,1,9,1,3.0,PALAIS-DES-EXPO (AVENUE DU),42.70626011,2.89805174,08:22:00,2024-11-21
202400015509,07:40,Crépuscule,66,66136,2,3,2,3.0,Bd KOENING,42.68723,2.90182,07:40:00,2024-11-21
202400015510,18:35,,64,64269,2,1,2,6.0,PEYREBLANQUE DE,43.29723,-0.30434,18:35:00,2024-11-20
202400015511,18:36,,64,64024,2,9,3,4.0,BAB (BOULEVARD DU),43.4937,-1.52238,18:36:00,2024-11-20
202400015512,20:05,Nuit sans éclairage,63,63113,1,1,6,6.0,BEAULIEU (CHEMIN DE),45.7682,3.14728,20:05:00,2024-11-21
202400015513,10:40,Plein jour,63,63075,2,1,2,6.0,BERTHELOT (BOULEVARD),45.7802941,3.07125807,10:40:00,2024-11-21
202400015514,12:10,Plein jour,61,61006,2,1,1,1.0,D158,48.747493,-0.026314,12:10:00,2024-11-20
202400015515,11:19,Plein jour,59,59339,1,1,1,6.0,Avenue de l'Europe,50.68227,3.21962,11:19:00,2024-11-21
202400015516,15:00,Plein jour,59,59560,2,1,1,6.0,Boulevard Joseph Hentges,50.55372,3.03202,15:00:00,2024-11-20
202400015517,17:55,,58,58194,2,6,1,3.0,GEORGES POMPIDOU (ROND POINT),47.00101,3.15595,17:55:00,2024-11-20
202400015518,10:38,Plein jour,57,57491,2,1,7,6.0,THOREZ (AVENUE MAURICE),49.25285,6.0444,10:38:00,2024-11-20
202400015519,18:00,Nuit sans éclairage,56,56162,1,1,1,5.0,Kervéhennec,47.752064,-3.419684,18:00:00,2024-11-17
202400015520,18:20,,49,49328,2,6,1,2.0,RESISTANCE (PLACE DE LA),47.26708,-0.06992,18:20:00,2024-11-19
202400015521,18:50,Crépuscule,49,49007,2,2,2,1.0,CHATEAU D'ORGEMONT RUE ET SQU,47.4517,-0.5446,18:50:00,2024-11-20
202400015522,13:50,Plein jour,47,47001,2,1,2,2.0,GAMBETTA (COURS),44.19879,0.61228,13:50:00,2024-11-20
202400015523,17:40,,46,46042,1,3,3,3.0,départementale 27,44.43633,1.40917,17:40:00,2024-11-20
202400015524,12:50,Plein jour,45,45169,2,6,2,3.0,Avenue Georges Pompidou,47.90093,1.85574,12:50:00,2024-11-21
202400015525,18:25,,45,45208,2,1,4,6.0,D943 PR 0 + 20,48.00746,2.74095,18:25:00,2024-11-21
202400015526,18:55,Nuit sans éclairage,44,44172,2,1,1,4.0,Unknown,47.23893,-1.48499,18:55:00,2024-11-17
202400015527,17:16,Crépuscule,42,42270,2,1,2,1.0,Route des Gorges,45.39086,4.22826,17:16:00,2024-11-20
202400015528,17:39,Nuit sans éclairage,38,38151,2,9,8,6.0,AVENUE DE LA RÉPUBLIQUE,45.14317,5.72837,17:39:00,2024-11-21
202400015529,09:20,Plein jour,37,37261,2,2,4,6.0,GRAMMONT (AVENUE DE),47.37603,0.69453,09:20:00,2024-11-21
202400015530,10:10,Plein jour,37,37261,2,6,4,7.0,GANCE (BOULEVARD ABEL),47.42497823,0.71191674,10:10:00,2024-11-21
202400015531,08:20,Crépuscule,37,37261,2,1,4,6.0,FUYE( RUE DE LE ),47.38693,0.70325,08:20:00,2024-11-21
202400015532,16:07,Plein jour,35,35238,2,2,1,6.0,LORIENT (DE),48.10883,-1.71017,16:07:00,2024-11-20
202400015533,13:00,Plein jour,34,34172,2,3,2,1.0,ANGLADA (RUE DU PROFESSEUR JOSEPH),43.63215,3.85592,13:00:00,2024-11-21
202400015534,16:10,Plein jour,34,34172,2,1,1,1.0,FIGAIRASSE (RUE DE LA),43.60507,3.85523,16:10:00,2024-11-20
202400015535,15:25,Plein jour,32,32013,2,9,8,6.0,HUIT MAI,43.65963,0.5921,15:25:00,2024-11-21
202400015536,16:40,Plein jour,31,31149,2,1,1,3.0,ALLEE ARISTIDE MAILLOL,43.59626,1.35277,16:40:00,2024-11-21
202400015537,21:38,,29,29232,2,1,1,2.0,Rue Aristide Briand,47.994658,-4.096346,21:38:00,2024-11-20
202400015538,08:23,Nuit avec éclairage,29,29232,2,1,3,6.0,Chemin des Justices,47.99173,-4.11886,08:23:00,2024-11-21
202400015539,05:40,,29,29019,2,1,6,3.0,chemin de Kereseis,48.39224862,-4.54652351,05:40:00,2024-11-21
202400015540,20:10,,29,29019,2,1,1,6.0,530 avenue de Tallinn,48.389743,-4.52537,20:10:00,2024-11-20
202400015541,11:30,Plein jour,27,27681,2,3,4,6.0,ANCIENNE HALLE (PLACE DE L'),49.09139,1.48486,11:30:00,2024-11-21
202400015542,10:00,Plein jour,15,15014,2,1,3,3.0,RD 120,44.91607,2.42967,10:00:00,2024-11-21
202400015543,17:45,,13,13202,2,1,2,3.0,LAZARET (QUAI DU),43.30752,5.36692,17:45:00,2024-11-21
202400015544,16:30,Plein jour,10,10333,2,6,1,6.0,Rue Ober Ramstadt,48.28102,4.05204,16:30:00,2024-11-20
202400015545,11:30,Plein jour,10,10387,2,2,1,6.0,JULES GUESDE (RUE),48.28872,4.08039,11:30:00,2024-11-20
202400015546,08:34,Plein jour,10,10321,2,1,7,6.0,GENERAL LECLERC (RUE DU),48.29018,4.01903,08:34:00,2024-11-20
202400015547,07:10,Crépuscule,07,07281,1,9,1,3.0,GRAND BOIS (CH. DU [PL. DE LA COMMUNE)],44.95926,4.81777,07:10:00,2024-11-21
202400015548,08:25,Plein jour,06,06069,2,1,1,6.0,11 Boulevard Carnot,43.655868,6.922225,08:25:00,2024-11-21
202400015549,19:20,,75,75105,2,2,4,6.0,RUE MONGE,48.848063,2.35052,19:20:00,2024-11-21
202400015550,10:28,Plein jour,75,75119,2,1,4,6.0,RUE DU PRE SAINT GERVAIS,48.878155,2.396515,10:28:00,2024-11-21
202400015551,17:40,Nuit avec éclairage,75,75116,2,1,4,6.0,AVENUE RAPHAEL,48.860311,2.268086,17:40:00,2024-11-21
202400015552,11:30,Plein jour,75,75116,2,2,4,6.0,BOULEVARD EXELMANS,48.840867,2.265297,11:30:00,2024-11-21
202400015553,04:20,,75,75117,2,7,1,2.0,PLACE DU MARECHAL JUIN,48.884859,2.297907,04:20:00,2024-11-21
202400015554,18:00,,75,75115,2,3,2,6.0,RUE SAINT CHARLES,48.842867,2.282221,18:00:00,2024-11-20
202400015555,11:10,Plein jour,75,75113,2,3,4,6.0,AVENUE D ITALIE,48.825797,2.357389,11:10:00,2024-11-21
202400015556,00:40,,75,75112,2,1,1,1.0,BOULEVARD PONIATOWSKI,48.829844,2.391135,00:40:00,2024-11-21
202400015557,09:10,Plein jour,75,75109,2,2,1,3.0,PLACE DU HAVRE,48.875543,2.32666,09:10:00,2024-11-21
202400015558,16:30,,75,75109,2,3,1,3.0,BOULEVARD DE LA MADELEINE,48.869779,2.326517,16:30:00,2024-11-20
202400015559,21:47,,75,75103,2,2,8,6.0,RUE SAINT MARTIN,48.868636,2.355424,21:47:00,2024-11-21
202400015560,01:05,,75,75102,2,4,1,7.0,RUE MONTMARTRE,48.869141,2.343164,01:05:00,2024-11-21
202400015561,17:50,,94,94080,2,1,4,6.0,Boulevard de la Libération,48.84815875,2.44566889,17:50:00,2024-11-21
202400015562,14:00,Plein jour,94,94046,2,2,1,3.0,Avenue Georges Clemenceau,48.81207,2.44359,14:00:00,2024-11-20
202400015563,09:45,Plein jour,94,94033,2,1,4,6.0,34 Rue Roger Salengro,48.8501646,2.48896015,09:45:00,2024-11-21
202400015564,08:55,Plein jour,94,94079,2,1,1,1.0,Boulevard Jean Monnet,48.833239,2.535646,08:55:00,2024-11-20
202400015565,15:00,Plein jour,77,77291,1,1,4,2.0,CHAPIT RE ( RUE DU),49.0042,2.57757,15:00:00,2024-11-21
202400015566,19:45,,93,93062,2,1,9,2.0,RESISTANCE (AVENUE DE LA),48.89147,2.51245,19:45:00,2024-11-21
202400015567,09:45,Plein jour,93,93062,2,1,4,2.0,MIDI (BOULEVARD DU),48.89267452,2.51982461,09:45:00,2024-11-21
202400015568,17:45,,93,93064,2,1,4,6.0,ANCIENS COMBATTANTS D'AFN (RUE DES),48.8635,2.49206,17:45:00,2024-11-21
202400015569,10:10,Plein jour,93,93008,2,1,4,3.0,BARBUSSE (AVENUE HENRI) A30,48.91061676,2.43215561,10:10:00,2024-11-21
202400015570,09:30,Plein jour,93,93005,2,1,1,6.0,JACQUES DUCLOS [CD44] (RUE),48.94669302,2.49275406,09:30:00,2024-11-21
202400015571,00:50,,92,92046,2,3,1,3.0,PIERRE BROSSOLETTE (AVENUE),48.81626655,2.30584905,00:50:00,2024-11-21
202400015572,06:25,,92,92062,2,2,1,3.0,JAURES (RUE JEAN) DU 114 AU 2,48.88477062,2.24787846,06:25:00,2024-11-21
202400015573,10:50,Crépuscule,92,92040,2,1,4,2.0,ARISTIDE BRIAND,48.82138317,2.25349344,10:50:00,2024-11-21
202400015574,08:10,Crépuscule,92,92025,2,2,8,6.0,GABRIEL PERI (RUE),48.92256565,2.24788114,08:10:00,2024-11-21
202400015575,19:45,,92,92023,2,3,2,3.0,PORTE DE TRIVAUX (RUE DE) N°57 A 197 ET,48.78847,2.24982,19:45:00,2024-11-20
202400015576,12:12,Plein jour,92,92012,2,2,4,3.0,GALLIENI (RUE) 159/FIN,48.83615762,2.23662525,12:12:00,2024-11-21
202400015577,14:40,Plein jour,92,92014,2,3,4,3.0,GENERAL LECLERC (AV.) (57 A 135 - 50 A 1,48.78002431,2.31557216,14:40:00,2024-11-21
202400015578,18:45,Nuit sans éclairage,26,26077,1,1,1,3.0,Route des Dauphins,45.164626,5.037714,18:45:00,2024-11-20
202400015579,17:10,Crépuscule,83,83136,1,1,1,6.0,Route de Lorgues,43.45779,6.310551,17:10:00,2024-11-18
202400015580,18:45,,06,06149,2,3,1,3.0,2 Boulevard Général de Gaulle,43.735042,7.305672,18:45:00,2024-11-20
202400015581,16:10,Plein jour,02,02776,1,1,1,7.0,A26,50.005039,3.176406,16:10:00,2024-11-21
202400015582,21:40,Nuit sans éclairage,972,97221,2,6,1,3.0,RD 7 Giratoire sens Rivière-Salée/ Les Trois Ilets,14.524381,-60.983015,21:40:00,2024-11-21
202400015583,15:10,Plein jour,63,63035,1,1,3,7.0,D 122,45.97156487,3.1368545,15:10:00,2024-11-21
202400015584,19:45,Nuit sans éclairage,38,38194,1,1,8,2.0,D519,45.341378,5.446987,19:45:00,2024-11-21
202400015585,01:10,Nuit sans éclairage,06,06025,1,1,1,6.0,2000 Route de Sainte-Marguerite,43.826423,7.164652,01:10:00,2024-11-21
202400015586,13:35,Plein jour,79,79136,1,1,5,7.0,Unknown,46.177022,-0.043216,13:35:00,2024-11-19
202400015587,12:50,Plein jour,21,21478,1,1,4,5.0,D10,47.368841,4.840786,12:50:00,2024-11-21
202400015588,20:35,Nuit sans éclairage,77,77240,1,1,8,1.0,D934,48.7847,3.274741,20:35:00,2024-11-21
202400015589,18:00,Nuit sans éclairage,51,51569,1,1,1,1.0,Thillois,49.25004,3.944371,18:00:00,2024-11-21
202400015590,18:35,Nuit sans éclairage,51,51303,2,8,1,7.0,D37,49.012196,4.186987,18:35:00,2024-11-22
202400015591,18:55,Nuit sans éclairage,56,56117,2,1,1,6.0,Place Anne de Bretagne,47.883355,-2.832348,18:55:00,2024-11-22
202400015592,13:20,Plein jour,76,76240,1,1,4,6.0,Route du Havre,49.701364,0.364158,13:20:00,2024-11-21
202400015593,19:14,,82,82037,2,4,6,6.0,Avenue de Molières,44.164161,1.536246,19:14:00,2024-11-21
202400015594,19:15,,33,33138,1,3,1,4.0,Unknown,45.059445,-0.103705,19:15:00,2024-11-14
202400015595,18:35,,11,11397,2,1,2,6.0,Unknown,43.20611,2.433523,18:35:00,2024-11-21
202400015596,07:35,Crépuscule,49,49003,2,1,1,6.0,Route de Doué,47.260405,-0.341087,07:35:00,2024-11-22
202400015597,17:50,Nuit sans éclairage,68,68374,1,1,4,3.0,Route départementale 17 PK 25+500,48.05614,7.226987,17:50:00,2024-11-21
202400015598,17:45,,44,44069,2,6,3,3.0,Route de Saint-André-des-Eaux,47.325091,-2.410507,17:45:00,2024-11-19
202400015599,08:10,Crépuscule,44,44058,1,1,2,6.0,La Fromiere,47.789445,-1.348475,08:10:00,2024-11-21
202400015600,16:10,Crépuscule,29,29072,2,3,7,3.0,Avenue de la République,47.80608457,-4.27934788,16:10:00,2024-11-21
202400015601,08:35,Plein jour,01,01134,1,6,8,6.0,D933,46.288044,4.871734,08:35:00,2024-11-21
202400015602,13:50,Plein jour,06,06079,2,1,1,6.0,1216 Avenue du Général Garbay,43.565593,6.940134,13:50:00,2024-11-21
202400015603,23:40,Nuit sans éclairage,90,90009,1,1,1,6.0,RD 57 PK 2+900,47.476144,6.937137,23:40:00,2024-11-20
202400015604,12:20,Plein jour,60,60068,2,1,1,6.0,62 Rue Albert Bocque,49.299732,2.800806,12:20:00,2024-11-22
202400015605,17:00,Plein jour,73,73184,1,1,1,2.0,D921 route du lac,45.57380908,5.79349772,17:00:00,2024-01-28
202400015606,20:15,Nuit sans éclairage,36,36016,1,1,6,6.0,Unknown,46.52726028,1.13355961,20:15:00,2024-11-21
202400015607,16:30,Plein jour,53,53162,1,1,4,1.0,Les Maillardieres,48.25843649,-0.62367766,16:30:00,2024-11-21
202400015608,00:01,,92,92012,2,1,1,2.0,DENFERT ROCHEREAU (RUE),48.84392426,2.2459352,00:01:00,2024-04-20
202400015609,07:50,,85,85084,2,1,8,6.0,Rue de l'industrie,46.802703,-1.128266,07:50:00,2024-11-22
202400015610,13:30,Plein jour,92,92007,2,1,1,6.0,PASTEUR (AVENUE LOUIS) N° 1 A 39 ET 2 A,48.80037551,2.31813437,13:30:00,2024-04-20
202400015611,19:15,Nuit sans éclairage,87,87057,1,1,6,6.0,D61,46.227056,1.227078,19:15:00,2024-11-21
202400015612,14:50,Plein jour,92,92004,2,1,1,3.0,COLOMBES ( RUE DE 31 A ),48.91312479,2.28288768,14:50:00,2024-04-20
202400015613,17:50,Crépuscule,30,30249,1,1,1,6.0,D40a,43.802019,4.217328,17:50:00,2024-11-21
202400015614,15:05,Plein jour,34,34322,1,3,1,5.0,pk 0 D17e5,43.798959,3.876913,15:05:00,2024-04-20
202400015615,19:41,Nuit sans éclairage,10,10003,1,1,4,6.0,Autoroute A5,48.266798,3.738956,19:41:00,2024-11-21
202400015616,15:48,Plein jour,22,22209,2,1,1,7.0,3 rue de la Paténais,48.576139,-2.148991,15:48:00,2024-04-21
202400015617,09:05,Plein jour,36,36228,1,4,1,3.0,Unknown,47.15377985,1.56633496,09:05:00,2024-04-18
202400015618,12:15,Plein jour,76,76305,1,1,4,3.0,A131 PK.031.400,49.49526003,0.2455935,12:15:00,2024-11-22
202400015619,02:00,Nuit sans éclairage,988,98810,1,1,1,7.0,Ouéholle (Tribu),-20.584931,164.525221,02:00:00,2024-04-20
202400015620,16:15,Plein jour,28,28196,1,1,1,6.0,Autoroute A11,48.289275,1.265273,16:15:00,2024-04-21
202400015621,08:30,Plein jour,06,06084,1,6,1,3.0,654 Route de la Roquette,43.612279,6.968223,08:30:00,2024-11-22
202400015622,05:00,Nuit sans éclairage,974,97422,1,1,1,6.0,Rue Charles Baudelaire,-21.249127,55.497769,05:00:00,2024-04-21
202400015623,19:45,Nuit sans éclairage,69,69102,1,9,8,3.0,Autoroute 89,45.86573531,4.38871284,19:45:00,2024-11-22
202400015624,04:45,Nuit avec éclairage,974,97412,2,1,1,6.0,Rue Charles Baudelaire,-21.381855,55.646465,04:45:00,2024-04-21
202400015625,10:15,Plein jour,987,98715,2,9,1,3.0,PK 4.500,-17.584,-149.56,10:15:00,2024-11-19
202400015626,11:10,Plein jour,64,64396,1,3,1,3.0,induslacq,43.40138909,-0.63676178,11:10:00,2024-04-21
202400015627,16:40,Plein jour,86,86236,1,1,1,7.0,D2,46.671493,0.816104,16:40:00,2024-04-20
202400015628,06:00,Nuit sans éclairage,06,06155,1,1,1,5.0,A8 - PK 169.900 chaussée sud,43.599414,7.053909,06:00:00,2024-11-22
202400015629,20:00,Plein jour,86,86165,2,6,1,6.0,Route de Lussac,46.419874,0.859559,20:00:00,2024-04-20
202400015630,18:25,Nuit sans éclairage,21,21347,1,1,8,4.0,A6,46.996873,4.857855,18:25:00,2024-11-21
202400015631,17:10,Plein jour,71,71303,1,2,7,5.0,D23,46.670761,5.270863,17:10:00,2024-04-21
202400015632,16:20,Plein jour,62,62390,2,1,1,3.0,D940,50.3887496,1.60861562,16:20:00,2024-04-20
202400015633,03:40,Nuit sans éclairage,45,45169,1,1,4,3.0,A10 PR 102 + 280,47.898916,1.800934,03:40:00,2024-11-22
202400015634,00:05,Nuit sans éclairage,45,45062,1,1,4,4.0,A10 PR 89 + 225,47.985893,1.858116,00:05:00,2024-11-22
202400015635,12:30,Plein jour,44,44217,1,1,1,4.0,Unknown,47.289928,-1.739402,12:30:00,2024-04-20
202400015636,20:05,,971,97103,1,1,1,3.0,N Rn 1 à Morne Bernard,16.253324,-61.576781,20:05:00,2024-11-21
202400015637,17:30,Plein jour,32,32123,1,1,1,1.0,D253,43.625902,0.923967,17:30:00,2024-04-20
202400015638,19:45,Nuit sans éclairage,60,60631,1,1,8,6.0,Unknown,49.15262535,2.58632755,19:45:00,2024-11-22
202400015639,12:40,Plein jour,11,11436,1,1,1,6.0,D611a,43.042077,2.857797,12:40:00,2024-04-21
202400015640,03:45,Nuit sans éclairage,62,62829,1,1,2,2.0,A1,50.05901311,2.87356482,03:45:00,2024-11-17
202400015641,18:30,Plein jour,11,11116,1,1,1,6.0,Chemin d'Aubian,43.272856,3.029801,18:30:00,2024-04-20
202400015642,18:30,Nuit sans éclairage,987,98724,1,1,1,7.0,District de Maroe - Huahine Iti,-16.766782,-151.000214,18:30:00,2024-11-21
202400015643,17:40,Plein jour,71,71064,1,2,1,1.0,D972,46.582492,5.271058,17:40:00,2024-04-11
202400015644,23:40,Nuit sans éclairage,89,89446,2,1,1,7.0,Route de Clamecy,47.464007,3.740829,23:40:00,2024-04-20
202400015645,12:05,Plein jour,55,55184,1,4,4,6.0,D36,48.72864312,5.66338778,12:05:00,2024-11-22
202400015646,01:19,Nuit sans éclairage,55,55502,2,1,1,7.0,Avenue du 18e B.C.P. (Pont),49.489204,5.18265,01:19:00,2024-04-20
202400015647,17:19,,54,54432,2,3,1,6.0,2 rue de lorraine,48.60200945,6.10289991,17:19:00,2024-11-22
202400015648,22:20,Nuit sans éclairage,41,41185,1,1,1,7.0,915 Route de Selles,47.34107,1.718199,22:20:00,2024-03-24
202400015649,11:34,Plein jour,73,73329,1,1,8,1.0,D1504 Route du Bourget,45.623528,5.876336,11:34:00,2024-11-21
202400015650,20:15,Plein jour,86,86293,1,1,1,7.0,D4,46.399881,0.274407,20:15:00,2024-04-20
202400015651,11:35,Plein jour,27,27279,2,9,4,6.0,Route de Fourges,49.096618,1.609776,11:35:00,2024-11-21
202400015652,15:10,Plein jour,34,34228,1,1,1,7.0,D907 PK 41+900,43.437675,2.74155,15:10:00,2024-04-20
202400015653,15:25,Plein jour,02,02495,2,1,4,7.0,Rue Neuve,49.967019,4.034439,15:25:00,2024-11-22
202400015654,09:15,Plein jour,39,39013,1,1,2,6.0,Unknown,46.889366,5.729553,09:15:00,2024-04-21
202400015655,08:35,Plein jour,59,59412,2,1,2,7.0,1 Rue de Solesmes,50.12174993,3.54055408,08:35:00,2024-11-18
202400015656,15:25,Plein jour,59,59523,2,1,1,6.0,Rue du President de Gaulle,50.587481,3.16233,15:25:00,2024-11-22
202400015657,05:15,Nuit sans éclairage,39,39327,1,1,8,6.0,Unknown,46.670368,5.50894,05:15:00,2024-04-21
202400015658,18:15,Nuit sans éclairage,83,83090,1,1,8,2.0,A50,43.12616,5.88301,18:15:00,2024-11-21
202400015659,07:40,Plein jour,25,25524,1,1,2,1.0,D257,47.447057,6.652844,07:40:00,2024-04-21
202400015660,12:40,Plein jour,78,78423,1,1,1,2.0,A12 Y,48.79823,2.04327,12:40:00,2024-11-20
202400015661,07:42,Plein jour,38,38511,2,1,1,6.0,Rue de la Priola,45.358267,5.951961,07:42:00,2024-04-19
202400015662,06:49,,78,78118,1,1,1,4.0,A13,48.98298,1.68517,06:49:00,2024-11-20
202400015663,12:20,Plein jour,03,03052,1,3,1,2.0,RD39,46.339043,2.709994,12:20:00,2024-04-19
202400015664,07:35,Plein jour,78,78490,1,1,8,3.0,RN12 EXT,48.800441,1.954982,07:35:00,2024-11-20
202400015665,16:20,Plein jour,01,01243,1,1,1,6.0,Route Departementale 933,46.054799,4.768195,16:20:00,2024-04-20
202400015666,17:50,Nuit sans éclairage,93,93064,1,1,4,2.0,AUTOROUTE A86,48.8791675,2.47634149,17:50:00,2024-11-21
202400015667,23:50,Nuit sans éclairage,64,64221,2,2,1,1.0,Chemin de la Croix,43.32004,-0.924297,23:50:00,2024-04-20
202400015668,09:55,Plein jour,93,93066,1,1,1,3.0,AUTOROUTE A1,48.92253435,2.35702102,09:55:00,2024-11-21
202400015669,05:40,Nuit sans éclairage,93,93078,1,1,1,6.0,AUTOROUTE A104,48.96300436,2.52239723,05:40:00,2024-11-20
202400015670,05:30,,21,21713,2,1,8,6.0,10 Route de Dijon,47.295357,5.395957,05:30:00,2024-04-20
202400015671,17:00,Plein jour,85,85026,1,2,1,2.0,RD12,46.567471,-1.47886,17:00:00,2024-04-20
202400015672,07:05,Nuit sans éclairage,93,93078,1,1,1,5.0,AUTOROUTE A104,48.96742731,2.51064901,07:05:00,2024-11-20
202400015673,15:43,Plein jour,17,17022,1,1,1,3.0,D120,45.90636,-0.503097,15:43:00,2024-04-16
202400015674,08:30,Plein jour,95,95018,1,1,2,2.0,A15,48.95676,2.27648,08:30:00,2024-11-19
202400015675,17:15,Nuit sans éclairage,93,93007,1,1,2,2.0,AUTOROUTE A1,48.94359133,2.43603045,17:15:00,2024-11-18
202400015676,11:45,Plein jour,08,08419,1,1,1,1.0,Unknown,49.736477,4.384081,11:45:00,2024-04-21
202400015677,08:30,Plein jour,95,95582,1,1,2,3.0,D170,48.96462384,2.26965306,08:30:00,2024-11-18
202400015678,08:50,Plein jour,974,97413,1,1,1,1.0,rue du général de gaulle,-21.151135,55.277721,08:50:00,2024-04-21
202400015679,09:53,Plein jour,95,95277,1,1,2,4.0,A1,48.98076493,2.49856141,09:53:00,2024-11-18
202400015680,23:44,Nuit sans éclairage,34,34159,1,9,1,1.0,D612,43.52009,3.809745,23:44:00,2024-04-20
202400015681,17:40,Plein jour,35,35275,1,1,1,5.0,la Pierre Blanche,48.138746,-1.871409,17:40:00,2024-04-18
202400015682,18:40,Nuit sans éclairage,77,77146,1,1,1,4.0,A4.Y,48.8324637,2.65688229,18:40:00,2024-11-20
202400015683,04:10,Nuit sans éclairage,45,45154,1,1,8,7.0,A10 PR 86 + 6,48.013642,1.84437,04:10:00,2024-04-20
202400015684,12:00,Plein jour,34,34172,2,1,1,7.0,Unknown,43.620617,3.833622,12:00:00,2024-08-09
202400015685,02:10,,78,78537,1,1,1,6.0,"Barrière de Péage de Saint-Arnoult-en-Yvelines, PK 24+170, Direction Paris",48.553184,1.930394,02:10:00,2024-04-21
202400015686,08:40,Plein jour,14,14118,2,3,1,3.0,5 Boulevard Jean Moulin,49.19247,-0.37489,08:40:00,2024-07-22
202400015687,14:10,Plein jour,34,34213,1,1,1,2.0,D2,43.496936,3.691947,14:10:00,2024-04-20
202400015688,08:20,Plein jour,84,84133,2,1,1,3.0,428 Boulevard de Saint Roch,43.721626,5.542173,08:20:00,2024-06-25
202400015689,14:15,Plein jour,83,83023,2,6,1,3.0,Ave Jean Moulin - giratoire de l'Europe,43.40972,6.062669,14:15:00,2024-04-20
202400015690,11:50,Plein jour,84,84080,1,3,1,3.0,GRANDREAU CHEMIN DE,44.00765,4.98313,11:50:00,2024-07-31
202400015691,13:30,Plein jour,84,84081,2,6,1,3.0,Avenue Aristide Briand,43.939702,4.903078,13:30:00,2024-07-18
202400015692,12:50,Plein jour,13,13041,1,1,1,1.0,D7,43.47083,5.453081,12:50:00,2024-04-14
202400015693,04:30,Nuit sans éclairage,26,26058,1,1,1,7.0,Autoroute A7 PK 65.050 N/S,44.979432,4.883337,04:30:00,2024-04-21
202400015694,12:10,Plein jour,84,84031,2,2,1,3.0,PETRARQUE AVENUE,44.05431,5.0422,12:10:00,2024-07-18
202400015695,22:10,Nuit sans éclairage,35,35292,1,1,1,6.0,Le Rocher Hue,48.359821,-1.427128,22:10:00,2024-04-20
202400015696,09:00,Plein jour,60,60469,1,1,1,7.0,D46,49.279691,2.223723,09:00:00,2024-04-21
202400015697,15:25,Plein jour,84,84142,1,4,1,3.0,D938 - route de carpentras,43.974271,5.039007,15:25:00,2024-07-02
202400015698,15:55,Plein jour,74,74010,2,1,7,3.0,GREVES (CHEMIN DES),45.90852,6.10406,15:55:00,2024-09-18
202400015699,00:53,Nuit sans éclairage,74,74281,2,1,1,6.0,FONTAINE (PLACE DE LA),46.37973,6.48545,00:53:00,2024-08-31
202400015700,22:05,,74,74119,2,1,1,7.0,GARE (AVENUE DE LA),46.39847,6.57969,22:05:00,2024-08-26
202400015701,22:25,Nuit sans éclairage,74,74281,1,1,1,7.0,DRANSE (AVENUE DE LA),46.36562,6.5053,22:25:00,2024-08-24
202400015702,11:55,Plein jour,91,91161,1,1,1,4.0,AUTOROUTE A6,48.698792,2.313203,11:55:00,2024-04-20
202400015703,19:15,Plein jour,57,57058,2,1,1,6.0,63 rue saint blaise,49.174848,6.936843,19:15:00,2024-09-01
202400015704,10:20,Plein jour,91,91617,1,1,1,2.0,RN 104,48.63123,2.509,10:20:00,2024-04-20
202400015705,11:50,Plein jour,73,73285,1,1,1,6.0,D1090,45.64214202,6.84552044,11:50:00,2024-06-19
202400015706,00:20,Nuit sans éclairage,93,93078,1,1,2,6.0,A104,48.9661631,2.51563055,00:20:00,2024-04-20