Num_Acc,hrmn,lum,dep,com,agg,int,atm,col,adr,lat,long,heure,date
202400015707,21:45,,94,94052,1,1,1,6.0,A86,48.83118478,2.4908147,21:45:00,2024-04-19
202400015708,14:20,Plein jour,974,97416,2,9,1,3.0,DELISLES (ROUTE HUBERT) CD3,-21.34345,55.46819,14:20:00,2024-11-20
202400015709,07:40,Crépuscule,72,72181,1,9,2,2.0,LEFAUCHEUX PIERRE (BD),47.96284,0.17701,07:40:00,2024-02-19
202400015710,07:15,Plein jour,974,97411,1,1,1,7.0,VINH-SAN (BLD 2 DU PRINCE),-20.88074,55.43879,07:15:00,2024-11-20
202400015711,07:20,Crépuscule,72,72181,2,1,2,3.0,BONNETABLE (RTE) N° IMP,48.01793,0.21959,07:20:00,2024-02-19
202400015712,00:30,,974,97407,2,1,1,6.0,AXE MIXTE (ROND-POINT),-20.95332,55.29431,00:30:00,2024-11-21
202400015713,18:10,Plein jour,974,97407,1,1,1,7.0,ROUTE NATIONALE N° 1,-20.9579,55.30922,18:10:00,2024-11-20
202400015714,08:08,Plein jour,54,54257,2,3,1,3.0,Rue Léon Songeur,48.653113,6.207318,08:08:00,2024-02-19
202400015715,18:40,Crépuscule,973,97302,2,1,1,3.0,BADUEL (ROUTE DE),4.92889,-52.30023,18:40:00,2024-11-20
202400015716,21:01,,49,49353,2,1,1,3.0,JEAN JAURES RUE,47.44438,-0.50029,21:01:00,2024-02-19
202400015717,10:19,Plein jour,973,97302,2,3,1,3.0,BADUEL (ROUTE DE),4.93148595,-52.30668747,10:19:00,2024-11-20
202400015718,18:13,Plein jour,49,49007,2,1,1,3.0,CHAMPS VERTS,47.45539,-0.55175,18:13:00,2024-02-19
202400015719,07:25,Plein jour,973,97302,2,1,1,3.0,MONNERVILLE (AVENUE GASTON),4.93713,-52.3331,07:25:00,2024-11-20
202400015720,08:30,Plein jour,29,29019,2,1,1,6.0,avenue Victor Le Gorgeu,48.400287,-4.498505,08:30:00,2024-02-19
202400015721,13:00,Plein jour,06,06069,2,1,1,6.0,Boulevard Victor Hugo,43.654294,6.918784,13:00:00,2024-02-19
202400015722,07:45,Plein jour,973,97302,2,3,1,6.0,LALLOUETTE(RUE),4.94058839,-52.32973498,07:45:00,2024-11-20
202400015723,17:05,Plein jour,973,97302,2,1,1,3.0,RABAN (ROUTE DE),4.92340261,-52.31251931,17:05:00,2024-11-19
202400015724,13:00,Plein jour,973,97302,2,1,1,2.0,MONTABO (ROUTE DE) 1,4.94422,-52.30927,13:00:00,2024-11-19
202400015725,16:20,Plein jour,06,06069,2,1,1,6.0,Cours Honoré Cresp,43.65667,6.92014,16:20:00,2024-02-18
202400015726,08:40,Plein jour,973,97302,2,1,1,7.0,LALLOUETTE,4.94008601,-52.33181906,08:40:00,2024-11-19
202400015727,08:00,Plein jour,973,97302,2,1,1,3.0,BADUEL (ROUTE DE),4.93526401,-52.31248882,08:00:00,2024-11-19
202400015728,10:15,Plein jour,972,97213,1,1,8,2.0,ROUTE DEPARTEMENTALE 15,14.635822,-61.008573,10:15:00,2024-11-20
202400015729,06:00,,06,06069,2,1,1,6.0,Route de Cannes,43.63523,6.95167,06:00:00,2024-02-18
202400015730,18:10,,972,97209,1,1,1,3.0,AUTOROUTE (A1),14.616,-61.042,18:10:00,2024-11-19
202400015731,18:20,,95,95219,2,1,2,6.0,D508,48.98179112,2.24658125,18:20:00,2024-11-20
202400015732,09:45,Plein jour,95,95598,2,4,1,3.0,D928,48.98217055,2.30078638,09:45:00,2024-11-20
202400015733,18:40,Nuit sans éclairage,75,75116,2,1,1,1.0,ROUTE DES TRIBUNES,48.86276,2.231057,18:40:00,2024-02-15
202400015734,14:30,Plein jour,95,95428,2,3,2,3.0,D311,48.97541322,2.3171494,14:30:00,2024-11-19
202400015735,18:00,,95,95500,2,1,2,6.0,D915Z,49.05315109,2.09471068,18:00:00,2024-11-18
202400015736,10:15,Plein jour,988,98818,2,6,8,2.0,RUE ANDRE DE BECHADE/RUE JACQUES IEKAWE,-22.24526,166.46803,10:15:00,2024-04-19
202400015737,08:00,Plein jour,987,98735,1,1,1,3.0,CHEF VAIRAATOA PROL.(QTIER ECOLE TAUNOA),-17.5298,-149.555,08:00:00,2024-04-19
202400015738,13:55,Plein jour,974,97411,2,1,1,2.0,LECLERC (DU MARECHAL),-20.8805,55.45743,13:55:00,2024-04-19
202400015739,21:25,Nuit sans éclairage,974,97409,1,1,3,5.0,RN2 SENS ST BENOIT ST DENIS,-20.94217753,55.64726615,21:25:00,2024-04-19
202400015740,21:20,,973,97302,2,1,2,2.0,MADELEINE (ROUTE DE LA),4.91792,-52.32141,21:20:00,2024-04-08
202400015741,17:18,Plein jour,973,97302,2,1,1,6.0,RABAN (ROUTE DE),4.92352,-52.31252,17:18:00,2024-04-08
202400015742,10:45,Plein jour,973,97302,2,2,1,3.0,MADELEINE (ROUTE DE LA),4.914461,-52.3209098,10:45:00,2024-04-19
202400015743,19:40,Plein jour,69,69388,2,2,1,5.0,Boulevard des Etats-Unis,45.73115331,4.86637055,19:40:00,2024-04-19
202400015744,10:35,Plein jour,69,69383,2,1,8,3.0,Cours Albert Thomas,45.7443083,4.87489293,10:35:00,2024-02-17
202400015745,04:05,,972,97213,1,1,1,6.0,ROUTE DEPARTEMENTALE 3,14.67516,-60.99025,04:05:00,2024-04-18
202400015746,14:10,Plein jour,972,97209,2,1,1,6.0,CORIDON (AVENUE DE),14.62291,-61.05905,14:10:00,2024-04-18
202400015747,22:00,,972,97209,2,1,1,3.0,OSMAN NADEAU (CHEMIN),14.63087,-61.06124,22:00:00,2024-04-17
202400015748,21:15,,69,69034,2,1,1,3.0,23 Montée des Forts,45.79432,4.83166,21:15:00,2024-04-19
202400015749,14:20,Plein jour,2B,2B033,1,1,1,6.0,CARDO - RT INFERIEURE DE,42.4132,9.255,14:20:00,2024-04-19
202400015750,22:02,,91,91425,2,1,1,1.0,RUE DE MARCOUSSIS,48.63896,2.25581,22:02:00,2024-04-18
202400015751,04:30,,91,91433,1,6,1,7.0,RN20,48.45827,2.17647,04:30:00,2024-04-19
202400015752,12:12,Plein jour,87,87085,2,3,1,7.0,HUGO (BOULEVARD VICTOR),45.83231,1.25522,12:12:00,2024-04-18
202400015753,18:25,Plein jour,87,87085,2,2,1,3.0,BEL AIR (BOULEVARD DE),45.81859,1.25205,18:25:00,2024-04-16
202400015754,16:02,Plein jour,87,87085,2,1,1,3.0,BEL AIR (BOULEVARD DE),45.82154,1.2418,16:02:00,2024-04-16
202400015755,13:35,Plein jour,87,87085,1,1,1,6.0,MAS-LOGE (rue du),45.83216,1.1976,13:35:00,2024-04-16
202400015756,09:15,Plein jour,83,83137,2,2,1,3.0,STRASBOURG (BD DE ),43.12517935,5.93103486,09:15:00,2024-04-17
202400015757,23:25,,83,83118,2,1,6,6.0,QUAI ALBERT 1ER,43.42251,6.76591,23:25:00,2024-04-15
202400015758,13:29,Plein jour,82,82033,1,4,1,3.0,LAFRANCAISE D45 (ROUTE DE) ,44.07342,1.1744,13:29:00,2024-04-19
202400015759,17:00,Plein jour,81,81065,2,1,1,6.0,HIPPOLYTE (LDT ST),43.59769,2.26886,17:00:00,2024-04-19
202400015760,18:00,Crépuscule,78,78646,2,4,1,7.0,REMONT (RUE),48.79042,2.15455,18:00:00,2024-01-22
202400015761,12:50,Plein jour,78,78650,2,1,1,6.0,CARNOT (BOULEVARD),48.891642,2.147609,12:50:00,2024-04-19
202400015762,15:30,Plein jour,78,78440,2,1,2,6.0,BOUAFLE (ROUTE DE),48.973105,1.910399,15:30:00,2024-04-19
202400015763,13:20,Plein jour,77,77058,2,1,1,3.0,RUE JACQUES CARTIER,48.83510386,2.71018392,13:20:00,2024-04-19
202400015764,18:40,Plein jour,76,76540,2,2,1,3.0,Rue Jean Lecanuet,49.44532,1.0887,18:40:00,2024-04-19
202400015765,00:45,,76,76351,2,2,1,3.0,VERDUN (RUE DE),49.50221,0.18453,00:45:00,2024-04-19
202400015766,11:40,Plein jour,76,76565,2,6,1,3.0,RD 915,49.89523339,1.07758284,11:40:00,2024-04-19
202400015767,16:15,Plein jour,72,72181,2,6,7,6.0,DURAND GEORGES (AV) N° IMP 143 AU 197,47.97838,0.21288,16:15:00,2024-04-18
202400015768,21:32,,71,71076,2,2,1,3.0,AVENUE Pierre MENDES FRANCE,46.77492,4.83682,21:32:00,2024-04-19
202400015769,17:10,Plein jour,69,69266,2,1,1,6.0,289 Route de Genas,45.74947172,4.91361603,17:10:00,2024-04-19
202400015770,21:44,Nuit sans éclairage,69,69290,2,2,1,1.0,Route de Grenoble,45.70736,4.98659,21:44:00,2024-04-19
202400015771,18:15,Plein jour,69,69290,2,3,1,6.0,Rue Jean Gabin,45.70797504,4.91916726,18:15:00,2024-04-18
202400015772,16:15,Plein jour,67,67482,2,3,1,3.0,PEAGE (RUE DU),48.57723,7.78559,16:15:00,2024-04-18
202400015773,00:30,Nuit sans éclairage,67,67180,1,9,1,7.0,RD 1340,48.79203,7.74835,00:30:00,2024-04-19
202400015774,17:30,Plein jour,66,66136,2,1,1,6.0,EISENSTAEDT (ALFRED DE),42.70097,2.9376,17:30:00,2024-04-19
202400015775,10:50,Plein jour,66,66136,2,3,1,6.0,JOFFRE (AVENUE DU MARECHAL CD 88),42.70952,2.89062,10:50:00,2024-04-19
202400015776,00:44,Nuit avec éclairage,65,65226,1,1,1,4.0,Route de Pau,43.24039754,0.01823524,00:44:00,2024-04-19
202400015777,16:10,Plein jour,64,64122,2,1,1,2.0,REINE VICTORIA (AVENUE DE LA),43.485205,-1.55259,16:10:00,2024-04-18
202400015778,09:50,Plein jour,63,63075,2,1,1,2.0,VOLTAIRE (RUE),45.7791,3.06679,09:50:00,2024-04-19
202400015779,07:10,Plein jour,62,62250,2,1,1,3.0,Rue Casimir Beugnet,50.45139663,2.9399415,07:10:00,2024-02-13
202400015780,20:15,Crépuscule,62,62193,2,6,7,3.0,D940,50.94589,1.83828,20:15:00,2024-04-19
202400015781,13:30,Plein jour,62,62099,2,1,8,6.0,Rue Pierre Curie,50.26257,2.78516,13:30:00,2024-04-19
202400015782,17:45,Plein jour,60,60159,1,1,1,6.0,D 14,49.39634,2.89563,17:45:00,2024-04-18
202400015783,08:00,Plein jour,974,97411,1,9,1,6.0,TOPAZES(ALLEE DES),-20.90195,55.4437,08:00:00,2024-12-26
202400015784,08:15,Crépuscule,59,59350,2,7,8,6.0,Rue de Béthune,50.63477,3.06441,08:15:00,2024-04-19
202400015785,19:00,Nuit sans éclairage,973,97302,2,1,2,6.0,BADUEL (ROUTE DE),4.9368,-52.31479,19:00:00,2024-12-26
202400015786,17:45,Plein jour,58,58194,2,1,1,2.0,MARZY,46.98749,3.13946,17:45:00,2024-04-17
202400015787,15:00,Plein jour,69,69383,2,1,1,3.0,Avenue Lacassagne,45.7481,4.88028,15:00:00,2024-12-26
202400015788,12:10,Plein jour,56,56098,1,1,1,6.0,Kerpont,47.783642,-3.338889,12:10:00,2024-04-18
202400015789,16:40,Crépuscule,69,69202,2,1,1,3.0,Avenue de Limburg,45.72843,4.78022,16:40:00,2024-12-25
202400015790,16:55,Plein jour,54,54526,2,1,3,4.0,boulevard du millenaire,48.681655,6.215925,16:55:00,2024-04-19
202400015791,18:30,,91,91514,2,9,2,3.0,RUE DE LA MARNIERE,48.68295,2.53696,18:30:00,2024-12-25
202400015792,06:30,,54,54304,2,1,1,6.0,parking centre commercial,48.70046,6.135154,06:30:00,2024-04-19
202400015793,11:45,Plein jour,16,16292,2,6,1,2.0,Boulevard du Général Pinoteau,46.029683,0.197142,11:45:00,2024-08-31
202400015794,15:28,Plein jour,87,87085,2,1,1,7.0,TURGOT (RUE),45.83169,1.25785,15:28:00,2024-12-25
202400015795,17:55,Plein jour,54,54482,2,1,1,6.0,Rue Jules Ferry,48.70385,6.21005,17:55:00,2024-04-18
202400015796,13:24,Plein jour,16,16206,2,6,9,7.0,Unknown,45.876729,0.164537,13:24:00,2024-09-11
202400015797,12:30,Plein jour,86,86214,2,2,2,3.0,Route de Gencay,46.564859,0.356738,12:30:00,2024-12-25
202400015798,17:35,Plein jour,54,54395,2,2,1,6.0,Boulevard Recteur Senn,48.68417,6.18837,17:35:00,2024-04-18
202400015799,11:30,Plein jour,83,83137,2,1,1,2.0,CARNOT (AVE LAZARE),43.12650434,5.92554402,11:30:00,2024-12-26
202400015800,15:00,Plein jour,54,54395,2,2,1,3.0,Rue Saint Dizier,48.68684761,6.18539929,15:00:00,2024-04-18
202400015801,10:10,Plein jour,52,52227,1,1,3,1.0,D16,48.183768,5.619593,10:10:00,2024-09-11
202400015802,10:10,Plein jour,82,82121,1,1,1,3.0,SAINT-ANTONIN RD 958 (ROUTE DE),44.03583,1.40189,10:10:00,2024-12-26
202400015803,15:30,Plein jour,54,54395,2,2,1,6.0,Rue des Carmes,48.69047,6.18129,15:30:00,2024-04-18
202400015804,18:20,Crépuscule,82,82033,1,1,1,6.0,MONTAUBAN D 958 (ROUTE DE),44.03418843,1.17758739,18:20:00,2024-12-26
202400015805,23:17,Nuit sans éclairage,62,62360,1,6,1,6.0,D304,50.90261762,1.81716371,23:17:00,2024-09-02
202400015806,21:00,,81,81004,2,1,1,7.0,JAURES (PL JEAN),43.924476,2.147791,21:00:00,2024-12-26
202400015807,10:45,Plein jour,54,54280,2,2,2,3.0,avenue Saint-Maurice,49.22681,6.01257,10:45:00,2024-04-19
202400015808,16:35,Plein jour,81,81004,2,1,1,6.0,LANNES (BD DU MARECHAL),43.942735,2.15897,16:35:00,2024-12-26
202400015809,12:20,Plein jour,78,78481,2,2,1,1.0,SARTROUVILLE (ROUTE DE),48.90393,2.11506,12:20:00,2024-12-26
202400015810,11:25,Plein jour,50,50218,2,1,1,2.0,Route de Villedieu,48.83757,-1.54352,11:25:00,2024-04-19
202400015811,15:00,Plein jour,31,31033,1,1,1,3.0,D820 pr 54+700,43.375265,1.445915,15:00:00,2024-09-10
202400015812,03:10,Nuit sans éclairage,72,72363,1,1,1,6.0,pk 143 A11,48.101544,0.539999,03:10:00,2024-09-10
202400015813,15:30,Plein jour,76,76351,2,2,2,6.0,GEORGE V (QUAI),49.49078,0.11653,15:30:00,2024-12-24
202400015814,18:15,Plein jour,49,49328,1,1,1,6.0,ROCADE N 347,47.2886,-0.04523,18:15:00,2024-04-18
202400015815,23:15,,72,72181,2,2,1,3.0,NEGRIER GENERAL (BD) N° PAIRS,48.00802,0.20766,23:15:00,2024-12-26
202400015816,18:15,Plein jour,49,49007,2,2,1,3.0,PASTEUR,47.47985,-0.52668,18:15:00,2024-04-18
202400015817,19:20,,69,69266,2,1,1,6.0,Place Wilson,45.77368,4.86719,19:20:00,2024-12-26
202400015818,10:05,Plein jour,47,47323,1,1,1,7.0,GOURIE,44.4141,0.75214,10:05:00,2024-04-19
202400015819,13:15,Plein jour,66,66136,1,1,1,6.0,FRANCE LIBRE (BOULEVARD DE LA),42.70803661,2.91120529,13:15:00,2024-12-25
202400015820,13:45,Plein jour,43,43041,2,9,1,3.0,Cote de Tireboeuf,45.04967794,3.91029036,13:45:00,2024-04-19
202400015821,12:15,Plein jour,66,66136,2,9,1,6.0,JARDINS SAINT-JACQUES (CHEMIN DES)(CR18),42.70285,2.90968,12:15:00,2024-12-25
202400015822,09:15,Crépuscule,62,62193,2,1,2,2.0,Boulevard des Justes,50.93553,1.89076,09:15:00,2024-12-26
202400015823,17:15,Plein jour,39,39150,2,1,1,3.0,12b Route Nationale,47.066511,5.459103,17:15:00,2024-04-18
202400015824,13:20,Plein jour,84,84087,1,1,1,5.0,A7,44.145446,4.775834,13:20:00,2024-09-06
202400015825,18:39,Plein jour,38,38421,2,1,1,2.0,Avenue Ambroise Croizat,45.18314,5.75687,18:39:00,2024-04-19
202400015826,19:33,,62,62178,2,2,1,3.0,Rue Alfred Leroy,50.47747,2.54417,19:33:00,2024-12-25
202400015827,23:40,,77,77001,1,1,1,6.0,A6 PK 58+000 direction LYON,48.361708,2.57379,23:40:00,2024-09-10
202400015828,10:10,Plein jour,37,37261,2,3,1,3.0,HEURTELOUP (BOULEVARD),47.39173,0.6987,10:10:00,2024-04-17
202400015829,14:45,Plein jour,33,33165,2,1,1,3.0,Unknown,44.824978,-0.438797,14:45:00,2024-09-10
202400015830,22:15,,62,62516,2,2,2,3.0,D188,50.5474,2.49148,22:15:00,2024-12-20
202400015831,08:40,Plein jour,37,37261,2,3,1,3.0,STENDHAL (AVENUE),47.3673,0.70015,08:40:00,2024-04-18
202400015832,11:55,Plein jour,56,56260,1,1,1,3.0,Liziec,47.666132,-2.726396,11:55:00,2024-12-26
202400015833,22:55,Nuit sans éclairage,77,77508,1,1,8,2.0,D1036,48.792722,2.869459,22:55:00,2024-09-07
202400015834,17:05,Crépuscule,49,49328,2,1,1,2.0,WEYGAND (BOULEVARD DU GENERAL),47.2634,-0.09042,17:05:00,2024-12-12
202400015835,10:00,Plein jour,37,37261,2,1,1,3.0,LOIRE (QUAI DE LA),47.39926437,0.67413622,10:00:00,2024-04-12
202400015836,04:00,Nuit sans éclairage,11,11076,1,1,1,6.0,CD 6113,43.298381,1.992195,04:00:00,2024-09-09
202400015837,18:40,,49,49328,2,6,1,3.0,DE GAULLE (AVENUE DU GENERAL),47.264445,-0.07326,18:40:00,2024-12-06
202400015838,21:30,Nuit sans éclairage,35,35238,2,2,1,3.0,VERDUN (BD DE),48.11872,-1.68897,21:30:00,2024-04-19
202400015839,10:45,Plein jour,49,49328,2,1,1,3.0,AMY (RUE ROBERT),47.2469,-0.07713,10:45:00,2024-12-02
202400015840,16:17,Plein jour,34,34057,2,9,1,3.0,10 Avenue de la Moutte,43.634149,3.906013,16:17:00,2024-09-10
202400015841,21:00,Nuit sans éclairage,47,47027,1,1,1,6.0,FAVOLS (lieu-dit),44.41557,0.65932,21:00:00,2024-12-26
202400015842,19:30,Plein jour,34,34172,2,3,1,3.0,FRIMAIRE (RUE),43.60317,3.89839,19:30:00,2024-04-19
202400015843,19:00,,40,40192,2,1,1,2.0,HOUGA (AV DU),43.87616,-0.47239,19:00:00,2024-12-23
202400015844,20:54,,84,84003,2,2,1,3.0,Boulevard National,43.873767,5.397173,20:54:00,2024-09-10
202400015845,16:45,Plein jour,33,33318,2,3,1,3.0,Unknown,44.79993,-0.67244,16:45:00,2024-12-25
202400015846,16:40,Plein jour,15,15014,2,1,1,7.0,Rue du Docteur Chibret,44.935704,2.452797,16:40:00,2024-12-26
202400015847,09:40,Plein jour,33,33063,2,2,1,3.0,Unknown,44.85368,-0.59331,09:40:00,2024-04-19
202400015848,18:00,Plein jour,83,83042,1,1,1,6.0,D 98,43.256174,6.560168,18:00:00,2024-09-10
202400015849,13:25,Plein jour,14,14118,2,2,1,5.0,4 Boulevard Henri Becquerel,49.21102,-0.36311,13:25:00,2024-12-26
202400015850,14:45,Plein jour,31,31555,2,1,1,3.0,AV DU GENERAL EISENHOWER,43.55033,1.41714,14:45:00,2024-04-19
202400015851,09:30,Plein jour,69,69243,2,2,2,6.0,38 Rue de la République,45.895551,4.432307,09:30:00,2024-09-09
202400015852,17:45,Plein jour,13,13108,1,2,1,3.0,CAYADES (ROUTE DES),43.80514,4.71275,17:45:00,2024-12-24
202400015853,18:22,Plein jour,31,31555,1,1,1,4.0,ECHANGEUR BORDELONGUE (A64/A620),43.56843,1.419615,18:22:00,2024-04-18
202400015854,17:15,Plein jour,30,30032,1,3,1,3.0,saint gilles route de D38,43.79347,4.58858,17:15:00,2024-12-17
202400015855,11:30,Plein jour,17,17385,1,3,8,3.0,92 Route des Châteliers,45.924043,-1.33338,11:30:00,2024-09-09
202400015856,18:20,Plein jour,29,29019,2,3,1,3.0,RUE GUSTAVE ZEDE,48.421056,-4.463846,18:20:00,2024-04-19
202400015857,20:00,Nuit sans éclairage,13,13039,2,1,1,7.0,ROUTE NATIONALE 569,43.46271,4.92329,20:00:00,2024-12-26
202400015858,16:00,Plein jour,33,33240,2,2,1,2.0,Unknown,45.300698,-0.940967,16:00:00,2024-09-04
202400015859,05:35,,29,29019,2,3,1,4.0,boulevard Léon Blum,48.403536,-4.484338,05:35:00,2024-04-17
202400015860,12:00,Plein jour,13,13208,2,1,1,5.0,PARADIS (RUE),43.27507,5.38477,12:00:00,2024-12-26
202400015861,11:52,Plein jour,13,13208,2,9,1,6.0,PRADO (contre allée),43.2791,5.38715,11:52:00,2024-12-26
202400015862,15:20,Plein jour,27,27681,2,1,1,2.0,DEVOS (BOULEVARD JULIEN),49.086368,1.474449,15:20:00,2024-02-17
202400015863,08:30,Plein jour,33,33422,2,6,1,3.0,Unknown,44.809559,-0.775389,08:30:00,2024-08-26
202400015864,17:10,Plein jour,25,25056,2,3,2,3.0,BATAILLE RUE FREDERIC,47.24967,6.02458,17:10:00,2024-04-19
202400015865,18:20,,11,11069,2,1,1,3.0,Avenue Claude Bernard,43.22877,2.34607,18:20:00,2024-12-26
202400015866,21:30,,18,18279,2,1,1,6.0,12 Rue Raspail,47.22255,2.07857,21:30:00,2024-04-19
202400015867,16:00,Crépuscule,06,06029,2,1,7,6.0,90 Boulevard du Midi Louise Moreau,43.54013,6.95864,16:00:00,2024-12-25
202400015868,13:30,Plein jour,27,27242,1,2,2,3.0,D830,48.928435,0.801358,13:30:00,2024-09-09
202400015869,20:50,Plein jour,14,14118,2,3,8,3.0,50 Avenue Sainte-Thérèse,49.167025,-0.336443,20:50:00,2024-04-17
202400015870,17:00,Crépuscule,06,06027,2,1,1,6.0,3 Promenade de la Plage,43.65177,7.15356,17:00:00,2024-12-25
202400015871,23:15,Nuit sans éclairage,59,59652,1,1,1,7.0,D148,50.279983,3.294021,23:15:00,2024-09-07
202400015872,10:00,Plein jour,75,75116,2,1,2,2.0,BD PERIPHERIQUE INTERIEUR,48.875126,2.276671,10:00:00,2024-12-25
202400015873,17:00,Plein jour,30,30032,1,2,1,3.0,saint gilles route de D38,43.80154,4.61458,17:00:00,2024-04-17
202400015874,08:15,Plein jour,13,13210,1,1,1,2.0,A50-Sens Aubagne vers Marseille,43.28458,5.40579,08:15:00,2024-09-09
202400015875,10:00,Plein jour,75,75120,2,1,2,6.0,BD PERIPHERIQUE INTERIEUR,48.862608,2.413553,10:00:00,2024-12-25
202400015876,00:30,,13,13201,2,2,1,6.0,CANEBIERE    30 A 68,43.29646,5.37777,00:30:00,2024-04-20
202400015877,18:10,Plein jour,91,91363,1,1,1,3.0,RN 104,48.667149,2.1914,18:10:00,2024-09-10
202400015878,12:35,Plein jour,75,75112,2,1,1,4.0,BOULEVARD PERIPHERIQUE EXTERIEUR SUD,48.828074,2.396298,12:35:00,2024-12-26
202400015879,12:20,Plein jour,13,13001,2,3,1,3.0,COQ D'ARGENT (BD DU),43.52146,5.42041,12:20:00,2024-04-19
202400015880,06:24,,75,75116,2,1,1,6.0,BD PERIPHERIQUE EXTERIEUR,48.843213,2.254373,06:24:00,2024-12-23
202400015881,18:47,Plein jour,92,92019,1,1,1,4.0,RN 385 Extèrieure,48.77230954,2.24280014,18:47:00,2024-09-10
202400015882,11:46,Plein jour,11,11262,2,6,1,3.0,Unknown,43.18568,2.98271,11:46:00,2024-04-07
202400015883,16:50,,75,75116,2,3,1,6.0,PONT DE GRENELLE,48.85116,2.278782,16:50:00,2024-12-25
202400015884,16:05,Plein jour,06,06069,2,1,1,6.0,28 Route de Cannes,43.64445,6.94334,16:05:00,2024-04-16
202400015885,13:45,Plein jour,75,75112,2,1,1,2.0,RUE ROBERT ETLIN,48.828334,2.388435,13:45:00,2024-12-26
202400015886,08:35,Plein jour,78,78466,1,1,7,4.0,A13,48.928354,1.989032,08:35:00,2024-09-10
202400015887,18:00,Plein jour,75,75116,2,1,1,2.0,BD PERIPHERIQUE EXTERIEUR,48.85464,2.254711,18:00:00,2024-04-18
202400015888,02:08,,75,75112,2,3,1,3.0,RUE DE CHARENTON,48.84774,2.377121,02:08:00,2024-12-26
202400015889,00:21,,75,75112,2,3,1,7.0,BOULEVARD PONIATOWSKI,48.834256,2.404762,00:21:00,2024-04-18
202400015890,20:03,Crépuscule,92,92036,1,1,1,4.0,RN315 Y,48.91826484,2.30736786,20:03:00,2024-09-09
202400015891,15:05,Plein jour,75,75105,2,7,2,3.0,BOULEVARD SAINT MICHEL,48.847297,2.340756,15:05:00,2024-04-19
202400015892,20:40,,75,75111,2,2,1,4.0,BOULEVARD VOLTAIRE,48.850366,2.392662,20:40:00,2024-12-26
202400015893,08:40,Plein jour,78,78158,1,1,2,3.0,A13,48.83477,2.13215,08:40:00,2024-09-09
202400015894,08:57,Plein jour,75,75119,2,1,1,3.0,PLACE DE LA PORTE DE PANTIN,48.890475,2.395948,08:57:00,2024-04-19
202400015895,16:25,Plein jour,95,95151,1,1,1,6.0,N104,49.06452185,2.26275423,16:25:00,2024-09-10
202400015896,11:55,Plein jour,75,75111,2,2,1,3.0,RUE SAINT SEBASTIEN,48.86212,2.372836,11:55:00,2024-12-26
202400015897,18:30,Crépuscule,75,75108,2,1,1,3.0,RUE DE ROME,48.876271,2.323595,18:30:00,2024-12-26
202400015898,15:20,Plein jour,75,75116,2,3,1,2.0,AVENUE DE MALAKOFF,48.875116,2.284039,15:20:00,2024-04-18
202400015899,11:50,Plein jour,92,92036,1,1,1,4.0,RN 315 ,48.93551602,2.30140548,11:50:00,2024-09-10
202400015900,22:30,,06,06161,2,2,1,3.0,Carrefour D2/D6007,43.647085,7.1365,22:30:00,2024-02-01
202400015901,09:00,Plein jour,75,75114,2,3,1,7.0,BOULEVARD SAINT JACQUES,48.83165,2.340878,09:00:00,2024-04-19
202400015902,00:45,,75,75116,2,7,1,2.0,PLACE CHARLES DE GAULLE,48.874042,2.294207,00:45:00,2024-12-26
202400015903,14:55,Plein jour,75,75114,2,3,1,7.0,RUE D ALESIA,48.83145,2.31564,14:55:00,2024-04-18
202400015904,08:10,Plein jour,93,93005,1,1,1,2.0,AUTOROUTE A3,48.94503017,2.47686505,08:10:00,2024-09-09
202400015905,07:35,Crépuscule,31,31445,2,9,1,3.0,Route de Castres,43.586404,1.543587,07:35:00,2024-02-02
202400015906,07:45,,94,94078,2,2,2,3.0,Rue Voltaire,48.738781,2.449601,07:45:00,2024-12-26
202400015907,20:30,Nuit sans éclairage,972,97223,1,1,1,7.0,d6,14.565905,-60.923971,20:30:00,2024-01-28
202400015908,03:30,Nuit sans éclairage,95,95241,1,1,9,6.0,N104,49.04537416,2.47585733,03:30:00,2024-09-09
202400015909,17:10,Plein jour,75,75113,2,3,2,2.0,RUE DE L AMIRAL MOUCHEZ,48.822141,2.342091,17:10:00,2024-04-19
202400015910,05:00,Nuit avec éclairage,92,92036,1,1,1,6.0,AUTOROUTE A15,48.93904803,2.29437724,05:00:00,2024-09-09
202400015911,12:50,Plein jour,94,94068,2,2,8,3.0,Avenue du Général Leclerc,48.80762011,2.50584465,12:50:00,2024-12-25
202400015912,01:50,Nuit sans éclairage,92,92078,1,1,8,6.0,AUTOROUTE A86,48.92830843,2.33162459,01:50:00,2024-09-09
202400015913,14:30,Plein jour,63,63171,1,2,1,3.0,lieu-dit les quatres routes,46.067306,2.775325,14:30:00,2024-02-02
202400015914,21:34,,75,75108,2,2,9,3.0,RUE LA BOETIE,48.87392,2.315891,21:34:00,2024-04-19
202400015915,12:00,Plein jour,94,94058,2,1,1,6.0,Avenue Ledru-rollin,48.84085,2.4979,12:00:00,2024-12-26
202400015916,11:30,Plein jour,77,77059,1,1,1,2.0,A104,48.846714,2.662296,11:30:00,2024-09-10
202400015917,18:30,Plein jour,75,75103,2,3,3,2.0,BOULEVARD DES FILLES DU CALVAIRE,48.861393,2.367077,18:30:00,2024-04-19
202400015918,16:00,Plein jour,94,94076,2,1,1,3.0,Rue Marcel Grosménil,48.79530733,2.35441196,16:00:00,2024-12-26
202400015919,22:45,Nuit sans éclairage,77,77169,1,1,1,6.0,RN104,48.815734,2.623688,22:45:00,2024-09-09