Num_Acc,hrmn,lum,dep,com,agg,int,atm,col,adr,lat,long,heure,date
202400015920,22:40,,94,94041,2,1,1,3.0,Boulevard Paul Vaillant Couturier,48.81761,2.39863,22:40:00,2024-12-26
202400015921,16:10,Plein jour,75,75104,2,1,1,5.0,BOULEVARD BOURDON,48.850025,2.366865,16:10:00,2024-04-18
202400015922,18:30,,94,94079,2,3,1,6.0,Avenue André Rouy,48.82039,2.55671,18:30:00,2024-12-26
202400015923,18:50,Plein jour,93,93051,1,1,2,5.0,A4,48.83548969,2.56663434,18:50:00,2024-09-09
202400015924,10:51,Plein jour,94,94067,2,5,7,3.0,Place du General Leclerc / Avenue Gallieni,48.846444,2.417752,10:51:00,2024-04-17
202400015925,00:45,,94,94002,2,1,2,6.0,Chemin de Villeneuve St Georges,48.77663,2.4282,00:45:00,2024-12-26
202400015926,18:00,Plein jour,94,94028,1,1,2,3.0,A86,48.79983715,2.44627859,18:00:00,2024-09-09
202400015927,18:45,Plein jour,94,94074,2,1,2,6.0,Rue Vasco de Gama,48.767195,2.448234,18:45:00,2024-04-19
202400015928,18:00,,93,93071,2,4,1,6.0,WESTINGHOUSE (BOULEVARD),48.92762624,2.51935333,18:00:00,2024-12-26
202400015929,17:20,Plein jour,94,94078,2,3,8,6.0,Avenue Anatole France / Rue Jules Verne,48.741384,2.45229,17:20:00,2024-04-19
202400015930,15:50,Plein jour,94,94017,1,1,2,3.0,A4,48.82676199,2.51252339,15:50:00,2024-09-09
202400015931,04:20,Nuit sans éclairage,94,94073,1,1,2,6.0,A86,48.76210053,2.38167667,04:20:00,2024-09-09
202400015932,20:25,,93,93078,2,2,1,3.0,Boulevard Robert Ballanger / Avenue Nollet,48.95550513,2.53888285,20:25:00,2024-12-26
202400015933,19:50,Plein jour,94,94028,2,2,1,3.0,Avenue des Compagnons de la Libération / Rue Jean Moulin,48.77757,2.4577,19:50:00,2024-04-18
202400015934,06:40,Crépuscule,21,21567,1,1,5,3.0,"lieu dit BarrivesRD 906, PR 050.500 sens LACANCHE/ARNAY LE DUC,",47.127467,4.493299,06:40:00,2024-02-02
202400015935,02:00,Nuit sans éclairage,94,94073,1,1,2,6.0,A86,48.768846,2.37919993,02:00:00,2024-09-09
202400015936,05:09,,94,94022,2,1,1,2.0,Pont de l'Appel du 18 Juin 1940,48.76616,2.41132,05:09:00,2024-04-19
202400015937,00:01,Nuit sans éclairage,42,42284,1,1,2,6.0,Route Nationale 7,46.096589,3.989657,00:01:00,2024-02-02
202400015938,13:15,Plein jour,93,93046,2,2,1,3.0,CESAR COLLAVERI AVENUE,48.92314,2.5356,13:15:00,2024-12-26
202400015939,22:10,Nuit sans éclairage,974,97414,1,1,3,7.0,Rue Evariste de Parny,-21.253842,55.435343,22:10:00,2024-01-28
202400015940,07:16,Nuit sans éclairage,93,93015,1,1,2,6.0,Route Stratégique,48.92584,2.58324,07:16:00,2024-12-26
202400015941,21:25,Nuit sans éclairage,94,94019,2,1,2,1.0,Rue de Champigny,48.7909,2.5228,21:25:00,2024-04-19
202400015942,16:20,Plein jour,42,42189,1,1,1,4.0,M201,45.431756,4.34701,16:20:00,2024-02-26
202400015943,17:15,Plein jour,26,26010,2,1,1,3.0,10 Rue de l'Europe,45.273485,4.887632,17:15:00,2024-02-01
202400015944,10:00,Plein jour,93,93001,2,1,1,7.0,DOCTEUR PESQUE (RUE DU),48.9139932,2.3829512,10:00:00,2024-12-26
202400015945,13:46,Plein jour,44,44109,2,6,1,3.0,Route de Saint Joseph,47.25531377,-1.52999753,13:46:00,2024-09-05
202400015946,17:50,Plein jour,94,94059,2,6,2,2.0,avenue alphonsine / avenue de la maréchale,48.80659,2.58795,17:50:00,2024-04-19
202400015947,12:30,Plein jour,63,63241,1,9,1,2.0,Autoroute A75 PK18+800 sens SUD/NORD,45.62171742,3.19750467,12:30:00,2024-01-31
202400015948,18:50,,92,92078,2,9,1,3.0,MOULIN CAGE (QUAI),48.92556,2.33042,18:50:00,2024-12-26
202400015949,12:00,Plein jour,62,62198,2,1,1,1.0,D75,50.37916,2.613835,12:00:00,2024-02-02
202400015950,06:10,,42,42218,2,2,1,1.0,Boulevard Robert Maurice,45.427636,4.383745,06:10:00,2024-01-05
202400015951,12:27,Plein jour,92,92024,2,1,1,2.0,GENERAL ROGUET (RUE DU) DE (1 A 57)   (2,48.91024,2.31287,12:27:00,2024-12-26
202400015952,21:30,,94,94017,2,2,2,3.0,Rue Louis Talamoni / Rue Albert Thomas,48.81342,2.51126,21:30:00,2024-04-19
202400015953,05:45,Nuit sans éclairage,79,79066,1,6,1,7.0,Unknown,46.468355,-0.368042,05:45:00,2024-02-02
202400015954,14:57,Plein jour,38,38487,2,1,1,3.0,BON ACCUEIL(MONTEE),45.5469,4.86491,14:57:00,2024-05-19
202400015955,19:00,,92,92023,2,3,1,6.0,PORTE DE TRIVAUX (RUE DE) N°57 A 197 ET,48.78676195,2.24521413,19:00:00,2024-12-26
202400015956,08:50,Plein jour,2B,2B319,1,1,1,5.0,T10,42.425555,9.527496,08:50:00,2024-02-02
202400015957,04:45,Nuit sans éclairage,38,38317,1,1,1,2.0,A 480,45.12978,5.69096,04:45:00,2024-05-13
202400015958,17:50,,92,92023,2,1,1,6.0,JEAN BAPTISTE CLEMENT (AVENUE),48.79201058,2.26398155,17:50:00,2024-12-25
202400015959,12:44,Plein jour,33,33424,1,1,1,7.0,les Trois Lagunes,45.106981,-0.886658,12:44:00,2024-02-02
202400015960,12:35,Plein jour,94,94002,2,3,1,4.0,Quai Blanqui / Rue du Confluent,48.8116,2.41074,12:35:00,2024-04-18
202400015961,08:30,Crépuscule,44,44162,2,1,1,6.0,82 Rue de la Gare,47.20708898,-1.65979657,08:30:00,2024-09-05
202400015962,08:15,Crépuscule,47,47164,1,1,5,1.0,Route d'Issigeac,44.673299,0.704488,08:15:00,2024-12-24
202400015963,11:50,Plein jour,71,71340,1,1,1,1.0,RN 70,46.54645293,4.17617562,11:50:00,2024-02-02
202400015964,08:40,Plein jour,93,93078,2,2,1,1.0,Centre Commercial Beau Sevran,48.95145,2.52713,08:40:00,2024-04-19
202400015965,18:30,Plein jour,66,66136,2,1,1,3.0,Rue Madame Marie de Sévigné,42.69126,2.90775,18:30:00,2024-06-29
202400015966,16:30,Plein jour,71,71316,1,1,1,6.0,route de vicelaire,46.320793,4.412041,16:30:00,2024-01-29
202400015967,18:20,,83,83058,2,6,1,2.0,D557,43.53505208,6.39882687,18:20:00,2024-12-23
202400015968,21:25,,93,93072,2,1,9,1.0,Avenue du Colonel Rol-Tanguy,48.957316,2.377668,21:25:00,2024-04-19
202400015969,20:30,,63,63295,2,1,1,1.0,59 rue du commerce,46.01575806,3.35461468,20:30:00,2024-02-02
202400015970,08:50,Plein jour,66,66136,2,3,1,3.0,PALMAROLE (COURS FRANCOIS),42.70307,2.8973,08:50:00,2024-06-28
202400015971,10:50,Plein jour,84,84142,1,2,1,2.0,D31,43.97089,5.020269,10:50:00,2024-12-23
202400015972,13:50,Plein jour,61,61474,1,1,2,7.0,Voie Communale,48.782987,0.049754,13:50:00,2024-02-01
202400015973,09:45,Plein jour,93,93072,2,3,8,3.0,Boulevard Maxime Gorki / Rue Salvador Allende,48.946734,2.386531,09:45:00,2024-04-18
202400015974,07:00,Crépuscule,44,44109,2,6,1,6.0,6 Route de Paris,47.25010396,-1.51937661,07:00:00,2024-09-04
202400015975,18:10,Nuit sans éclairage,46,46311,1,1,5,1.0,prentegarde,44.89109887,2.02870117,18:10:00,2024-02-01
202400015976,07:30,Crépuscule,42,42032,1,1,1,6.0,Route du Val Fleury,45.526521,4.535556,07:30:00,2024-12-18
202400015977,13:00,Plein jour,93,93005,2,1,1,6.0,Avenue de Savigny,48.948933,2.51286,13:00:00,2024-04-19
202400015978,18:30,Plein jour,44,44143,2,1,1,6.0,23 Rue de la Gabardière,47.17334896,-1.52506222,18:30:00,2024-09-03
202400015979,19:05,Crépuscule,68,68240,2,1,1,2.0,Rue du Chemin de Fer (Oberdorf),47.56827,7.29441,19:05:00,2024-02-01
202400015980,19:47,Plein jour,93,93070,2,5,2,3.0,Avenue Gabriel Péri / Rue Kléber,48.906639,2.332028,19:47:00,2024-04-19
202400015981,01:30,Nuit sans éclairage,25,25233,1,1,1,6.0,D461,47.152544,6.299661,01:30:00,2024-02-02
202400015982,09:05,Plein jour,44,44162,2,6,1,3.0,Boulevard du Zenith,47.23295644,-1.62833461,09:05:00,2024-09-03
202400015983,10:30,Plein jour,83,83116,2,1,1,2.0,Route d?Esparron,43.458651,5.862453,10:30:00,2024-12-18
202400015984,17:45,Crépuscule,29,29192,1,1,7,6.0,Kerveuleugan,48.685699,-4.031287,17:45:00,2024-01-26
202400015985,20:20,,83,83116,2,1,1,6.0,27 Rue Marceau,43.453227,5.862108,20:20:00,2024-12-21
202400015986,19:30,Plein jour,93,93057,2,3,1,3.0,Allee d’Athenes / Avenue du Quatorze Juillet,48.91127,2.49131,19:30:00,2024-04-18
202400015987,09:00,Plein jour,44,44114,1,1,1,2.0,Unknown,47.26250396,-1.61006184,09:00:00,2024-09-03
202400015988,20:50,,38,38431,2,1,1,7.0,Chemin de la Baratiere,45.257365,5.844818,20:50:00,2024-01-26
202400015989,17:11,Plein jour,92,92048,2,2,1,6.0,PAVE DES GARDES (ROUTE DU),48.81220084,2.21463472,17:11:00,2024-04-18
202400015990,16:15,Plein jour,01,01348,1,1,1,7.0,chemin de la passerelle de vannans,46.162304,4.833218,16:15:00,2024-01-30
202400015991,15:04,Plein jour,93,93066,2,1,2,6.0,ARNOUVILLE,48.94068873,2.37297885,15:04:00,2024-09-07
202400015992,09:00,Plein jour,19,19259,1,1,1,5.0,D1120,45.04714218,1.98906041,09:00:00,2024-12-23
202400015993,08:55,Plein jour,92,92022,2,1,8,6.0,STALINGRAD (RUE DE),48.81036,2.19248,08:55:00,2024-04-18
202400015994,08:10,Plein jour,66,66149,1,1,1,6.0,Route départementale 66,42.622978,2.44029,08:10:00,2024-02-02
202400015995,15:30,Plein jour,81,81065,2,1,1,6.0,DE LAS CASES (RUE COMTE DE),43.62837,2.2631187,15:30:00,2024-09-06
202400015996,09:35,Plein jour,65,65161,1,1,8,1.0,N21,43.334828,0.130752,09:35:00,2024-12-23
202400015997,19:00,Plein jour,92,92025,2,2,3,3.0,CHARLES DE GAULLE (BD),48.90894366,2.23660426,19:00:00,2024-04-19
202400015998,10:44,Plein jour,54,54368,1,2,1,3.0,D992,48.534425,6.762815,10:44:00,2024-02-02
202400015999,09:20,Plein jour,44,44109,2,6,1,3.0,18 Boulevard Michelet,47.23311311,-1.55645031,09:20:00,2024-09-02
202400016000,18:56,Nuit sans éclairage,33,33144,1,1,5,6.0,Unknown,44.379177,-0.161684,18:56:00,2024-12-25
202400016001,08:18,Plein jour,92,92024,2,3,1,2.0,MADAME DE SANZILLON (RUE),48.90368255,2.31884909,08:18:00,2024-04-19
202400016002,17:34,Plein jour,50,50550,1,1,1,1.0,D433,49.14525,-1.365867,17:34:00,2024-02-01
202400016003,09:45,Plein jour,14,14036,1,1,1,7.0,A13,49.170331,-0.216105,09:45:00,2024-05-30
202400016004,12:50,Plein jour,61,61091,1,2,1,3.0,RD21,48.621805,-0.576505,12:50:00,2024-12-27
202400016005,13:40,Plein jour,92,92012,2,2,1,3.0,GALLIENI (RUE) 142/FIN,48.8361678,2.23662955,13:40:00,2024-04-19
202400016006,08:20,Plein jour,92,92007,2,1,1,6.0,BRIAND (AVENUE ARISTIDE) N° 2 A 98,48.8068498,2.32592118,08:20:00,2024-04-19
202400016007,12:30,Plein jour,50,50433,1,2,1,3.0,Route du Cap,49.627128,-1.260381,12:30:00,2024-02-02
202400016008,08:30,Plein jour,57,57647,2,3,1,3.0,FAMECK (RUE DE),49.31983,6.08549,08:30:00,2024-07-11
202400016009,18:25,Nuit sans éclairage,68,68060,1,1,5,6.0,D483,47.742303,7.148194,18:25:00,2024-12-26
202400016010,08:20,Plein jour,974,97416,1,1,1,3.0,RN3 (3),-21.29526,55.5094,08:20:00,2024-09-09
202400016011,16:30,Plein jour,60,60368,2,3,1,3.0,Rue du Martellois,49.472715,2.865726,16:30:00,2024-02-01
202400016012,19:50,Plein jour,72,72243,1,9,1,6.0,lieu dit la croix jouis,47.76269108,0.19827935,19:50:00,2024-04-19
202400016013,14:00,Plein jour,39,39013,2,1,1,6.0,22 Route de Besançon,46.910363,5.770364,14:00:00,2024-12-27
202400016014,23:05,Nuit sans éclairage,31,31455,1,1,1,7.0,D627,43.27210623,1.19942415,23:05:00,2024-12-26
202400016015,15:50,Plein jour,64,64472,1,1,1,1.0,20 Route de Montardon,43.371441,-0.316124,15:50:00,2024-02-02
202400016016,18:05,Crépuscule,974,97411,2,6,1,3.0,JAURES (BOULEVARD JEAN),-20.90108,55.49678,18:05:00,2024-09-09
202400016017,16:35,Plein jour,59,59594,1,1,8,2.0,D169,50.48832,3.433861,16:35:00,2024-04-20
202400016018,12:50,Plein jour,10,10107,1,1,1,1.0,N77,48.0719,3.8177,12:50:00,2024-02-02
202400016019,20:00,,974,97407,2,1,1,2.0,CARPAYE(AVENUE),-20.94713,55.29891,20:00:00,2024-09-07
202400016020,11:58,Plein jour,14,14162,1,3,1,1.0,Le Campoint,48.907883,-0.485684,11:58:00,2024-04-20
202400016021,07:45,Crépuscule,16,16120,1,1,8,1.0,D104,45.601969,0.26026,07:45:00,2024-02-02
202400016022,04:08,Nuit avec éclairage,973,97302,2,6,1,3.0,CHARLERY (GUSTAVE),4.93931658,-52.31831646,04:08:00,2024-09-09
202400016023,00:40,Nuit sans éclairage,06,06108,2,1,1,1.0,462 Chemin du Pont Neuf,43.5849566,6.9567182,00:40:00,2024-12-27
202400016024,19:45,Plein jour,86,86262,1,1,1,1.0,Lieu-dit la Chambue,46.407121,0.795843,19:45:00,2024-04-19
202400016025,16:40,Plein jour,07,07172,1,1,1,1.0,D267,45.27069034,4.74167659,16:40:00,2024-02-01
202400016026,20:17,,973,97302,2,6,1,7.0,MADELEINE (ROUTE DE LA),4.90775,-52.32218,20:17:00,2024-09-08
202400016027,08:00,Crépuscule,24,24520,2,3,1,6.0,AVENUE THIERS,44.88024684,1.21678144,08:00:00,2024-01-25
202400016028,18:45,Nuit sans éclairage,14,14762,1,4,5,7.0,Route de Tesson,48.863021,-0.833309,18:45:00,2024-12-26
202400016029,17:10,Plein jour,974,97422,1,1,9,3.0,Chemin Forestier du Volcan,-21.2063624,55.59572437,17:10:00,2024-04-20
202400016030,11:20,Plein jour,973,97302,2,2,1,3.0,MOLE,4.93557907,-52.33227172,11:20:00,2024-09-08
202400016031,13:15,Plein jour,04,04049,2,1,1,6.0,Avenue du General de Gaulle,44.095817,6.010318,13:15:00,2024-02-02
202400016032,16:10,Plein jour,90,90053,2,1,1,6.0,32 Rue General Leclerc,47.538539,6.971716,16:10:00,2024-12-27
202400016033,09:30,Plein jour,67,67073,2,2,2,3.0,Route Romaine,48.270613,7.407622,09:30:00,2024-04-20
202400016034,18:25,Plein jour,69,69388,2,3,9,6.0,Rue Professeur Beauvisage,45.72882,4.86578,18:25:00,2024-09-09
202400016035,18:38,,85,85108,2,1,1,3.0,5 Rue de grasla,46.907048,-1.369624,18:38:00,2024-02-01
202400016036,14:05,Plein jour,60,60509,2,1,1,1.0,Avenue d’Auvelais,49.31357058,2.60417497,14:05:00,2024-12-26
202400016037,11:00,Plein jour,972,97209,2,1,1,6.0,REDOUTE (ROUTE DE LA),14.62477,-61.06205,11:00:00,2024-08-27
202400016038,15:00,Plein jour,27,27049,2,1,1,1.0,Rue de l'Ecole,48.945613,0.66168,15:00:00,2024-02-01
202400016039,07:39,Crépuscule,60,60541,2,1,5,6.0,D100,49.301994,2.689002,07:39:00,2024-12-20
202400016040,09:10,Plein jour,974,97404,1,1,1,4.0,N1a,-21.258268,55.331936,09:10:00,2024-04-20
202400016041,22:00,Nuit sans éclairage,972,97209,1,1,3,7.0,RD 41 (ROCADE),14.61622,-61.05558,22:00:00,2024-09-08
202400016042,17:55,Crépuscule,971,97120,2,1,1,6.0,FREBAULT,16.24038,-61.53541,17:55:00,2024-09-09
202400016043,14:00,Plein jour,60,60277,2,1,7,1.0,Rue des Mésanges,49.430239,2.041526,14:00:00,2024-12-20
202400016044,16:09,Plein jour,28,28189,1,2,1,3.0,N154,48.22338847,1.80129901,16:09:00,2024-01-31
202400016045,19:00,Plein jour,34,34123,1,1,1,5.0,N109,43.62898542,3.77462268,19:00:00,2024-04-19
202400016046,05:20,Crépuscule,971,97101,1,1,3,6.0,PATRICK SAINT ELOI ( AVENUE ),16.25736,-61.52018,05:20:00,2024-09-08
202400016047,21:10,Nuit sans éclairage,10,10368,1,1,1,7.0,D619,48.412931,3.93155,21:10:00,2024-12-26
202400016048,00:30,Nuit sans éclairage,34,34123,1,1,1,6.0,N109 - Pk 007+100,43.621103,3.790498,00:30:00,2024-03-16
202400016049,19:15,,17,17434,2,3,2,1.0,Avenue de Saint Pierre,46.104906,-0.752869,19:15:00,2024-02-01
202400016050,21:30,,95,95252,2,9,1,3.0,CHEMIN NEUF (RUE DU),48.97907096,2.23264217,21:30:00,2024-09-09
202400016051,19:00,Nuit sans éclairage,16,16360,1,1,5,6.0,D24,45.455867,-0.130543,19:00:00,2024-12-26
202400016052,06:00,Nuit sans éclairage,37,37167,1,1,1,6.0,Autoroute A28 PK 033.580,47.547219,0.609076,06:00:00,2024-04-19
202400016053,09:15,Plein jour,53,53147,2,1,1,6.0,250 Boulevard Jean Monnet,48.290196,-0.619191,09:15:00,2024-12-27
202400016054,17:04,Plein jour,19,19004,1,1,1,6.0,25 lieu-dit lachaud,45.12547931,1.81262034,17:04:00,2024-04-20
202400016055,17:15,Plein jour,08,08184,1,1,1,6.0,D8043,49.594359,5.252107,17:15:00,2024-02-01
202400016056,09:07,Plein jour,91,91477,2,2,3,3.0,GRANDE CEINTURE (BOULEVARD),48.72116,2.2514,09:07:00,2024-09-05
202400016057,00:35,Nuit sans éclairage,18,18279,1,1,5,6.0,Unknown,47.241716,2.043736,00:35:00,2024-02-02
202400016058,17:20,Plein jour,85,85202,1,1,1,1.0,l'ecole des chaffauds,46.71336,-1.10234,17:20:00,2024-12-23
202400016059,16:35,Plein jour,89,89464,1,3,8,3.0,D606,48.090951,3.296456,16:35:00,2024-04-19
202400016060,00:10,Nuit sans éclairage,91,91114,1,1,2,2.0,RTE NATIONALE 6,48.67749,2.4974,00:10:00,2024-09-09
202400016061,10:55,Plein jour,69,69044,2,1,7,6.0,122 Route de Paris,45.772994,4.752654,10:55:00,2024-12-26
202400016062,08:55,Crépuscule,33,33527,1,1,1,2.0,Unknown,44.613201,-1.041813,08:55:00,2024-01-30
202400016063,12:20,Plein jour,63,63064,1,1,1,1.0,D95,45.8602699,2.47718621,12:20:00,2024-04-19
202400016064,17:14,Plein jour,87,87085,2,1,2,7.0,PLATON (RUE),45.83673,1.24305,17:14:00,2024-09-08
202400016065,03:08,Nuit sans éclairage,17,17463,1,1,5,4.0,D137,45.970899,-0.985551,03:08:00,2024-12-27
202400016066,07:15,Plein jour,974,97418,1,1,2,5.0,RN2 run market,-20.898939,55.521652,07:15:00,2024-02-01
202400016067,15:07,Plein jour,87,87048,1,1,2,7.0,RD 11,45.78309,1.22638,15:07:00,2024-09-08
202400016068,18:15,Plein jour,63,63397,2,2,1,6.0,rue du sancy / rue Simone Veil,45.606675,2.687675,18:15:00,2024-04-19
202400016069,05:40,Nuit sans éclairage,38,38332,1,1,1,1.0,D45,45.322401,5.490954,05:40:00,2024-12-27
202400016070,12:05,Plein jour,87,87085,2,2,1,3.0,ALLENDE (QUAI SALVADOR),45.82121,1.26295,12:05:00,2024-09-08
202400016071,20:15,,971,97121,1,1,1,5.0,"RD 23, le rocher noir",16.187449,-61.775002,20:15:00,2024-01-28
202400016072,16:45,Plein jour,61,61491,1,1,1,5.0,Nationale12,48.615806,0.715752,16:45:00,2024-04-18
202400016073,00:10,Nuit sans éclairage,27,27554,1,1,5,2.0,Autoroute A.13,49.082647,1.381662,00:10:00,2024-12-27
202400016074,14:15,Plein jour,61,61369,1,1,1,6.0,D260,48.639701,-0.626263,14:15:00,2024-04-20
202400016075,17:38,Plein jour,87,87085,2,1,2,6.0,COOPERATEURS (RUE DES),45.83639,1.25393,17:38:00,2024-09-06
202400016076,00:01,Nuit sans éclairage,34,34145,2,1,1,6.0,Avenue du Marechal Leclerc,43.694029,4.130583,00:01:00,2024-02-02
202400016077,13:00,Plein jour,42,42221,2,1,1,6.0,Route de St Étienne Le Molard,45.767119,4.12734,13:00:00,2024-04-19
202400016078,19:30,,987,98754,1,1,1,1.0,RT PK 30.300 C/Mer,-16.900979,-151.467819,19:30:00,2024-12-25
202400016079,01:10,,85,85194,2,6,1,6.0,RD160,46.51496,-1.75879,01:10:00,2024-09-08
202400016080,12:05,Plein jour,13,13067,2,1,1,3.0,Avenue de la Victoire,43.791815,5.030365,12:05:00,2024-01-31
202400016081,11:08,Plein jour,973,97304,1,1,1,7.0,RN1,5.125717,-52.731156,11:08:00,2024-12-27
202400016082,16:00,Plein jour,46,46138,1,1,1,6.0,D802,44.67917287,1.63177848,16:00:00,2024-04-20
202400016083,09:29,Crépuscule,77,77142,2,3,7,6.0,2 Rue du Marché,48.857173,2.909168,09:29:00,2024-12-27
202400016084,08:10,Crépuscule,52,52449,2,1,5,3.0,Route de Dijon,47.833836,5.330011,08:10:00,2024-02-02
202400016085,14:45,Plein jour,83,83137,2,9,1,1.0,BRIAND (AVE ARISTIDE PROLONGEE),43.11996,5.88774,14:45:00,2024-09-09
202400016086,18:30,Plein jour,47,47065,2,7,1,3.0,Place Viçoze,44.360721,0.378339,18:30:00,2024-04-17
202400016087,08:45,Plein jour,83,83144,2,1,1,6.0,LUMIERE (AVE DES FRERES),43.134,5.99686,08:45:00,2024-09-09
202400016088,08:48,Plein jour,86,86293,1,1,1,6.0,N10,46.4171537,0.248251,08:48:00,2024-04-17
202400016089,16:10,Plein jour,78,78346,2,1,1,7.0,39 Rue de Mantes,48.922487,1.594697,16:10:00,2024-12-27
202400016090,18:30,Nuit sans éclairage,67,67033,1,9,2,4.0,pk 3 D1340e04,48.761486,7.698774,18:30:00,2024-02-01
202400016091,08:30,Plein jour,83,83123,2,1,1,6.0,BANDOL (ROUTE)N° PAIRS,43.13861,5.77244,08:30:00,2024-08-30
202400016092,19:30,Plein jour,44,44021,1,2,1,3.0,Unknown,47.063749,-1.935611,19:30:00,2024-04-19
202400016093,16:50,Plein jour,73,73157,2,1,1,6.0,Rue jules ferry,45.2004493,6.67164311,16:50:00,2024-02-01
202400016094,21:09,Nuit sans éclairage,2B,2B140,1,1,1,1.0,rt20,42.495968,9.297175,21:09:00,2024-12-25
202400016095,09:00,Plein jour,81,81018,2,1,2,7.0,BILLOUX ( AVENUE ANDRE ),43.95353,2.22127,09:00:00,2024-09-09
202400016096,18:20,Nuit sans éclairage,42,42174,1,1,1,6.0,Route de Villedieu,45.737773,4.160213,18:20:00,2024-02-02
202400016097,12:00,Plein jour,29,29020,2,1,1,6.0,1t Rue Général de Gaulle,48.09728337,-4.00135569,12:00:00,2024-04-20
202400016098,19:10,Crépuscule,80,80021,1,1,2,7.0,SAVEUSE (RUE DE),49.9012,2.23819,19:10:00,2024-09-08
202400016099,16:50,Nuit sans éclairage,2B,2B199,1,1,1,1.0,RT 30 OSTRICONI,42.652963,9.043379,16:50:00,2024-12-25
202400016100,16:45,Plein jour,38,38562,2,1,1,6.0,Avenue Maurice Thorez,45.081854,5.768884,16:45:00,2024-02-01
202400016101,20:00,Plein jour,78,78440,2,1,1,3.0,LOUIS BLERIOT (RUE),48.97696,1.92057,20:00:00,2024-09-09
202400016102,15:35,Plein jour,34,34033,2,2,1,3.0,D610,43.759076,4.077856,15:35:00,2024-12-27
202400016103,17:15,Plein jour,26,26084,1,3,1,5.0,Route de Châteauneuf,45.001643,4.992836,17:15:00,2024-01-31
202400016104,15:05,Plein jour,78,78440,2,1,1,6.0,GUSTAVE RAVANNE (RUE),48.97958,1.90766,15:05:00,2024-09-09
202400016105,07:50,Crépuscule,34,34058,1,1,1,3.0,D68 PK2+317,43.669307,3.969938,07:50:00,2024-12-27
202400016106,07:45,Crépuscule,31,31135,2,3,1,1.0,Rue Jeanne Penent,43.204832,1.082341,07:45:00,2024-02-02
202400016107,16:30,Plein jour,78,78208,2,1,2,3.0,PRAGUE (RUE DE),48.79472,1.968,16:30:00,2024-09-09
202400016108,14:45,Plein jour,83,83042,2,1,6,6.0,59 Rue Marceau,43.245528,6.533223,14:45:00,2024-12-23
202400016109,13:40,Plein jour,16,16232,1,1,1,6.0,2 Route des Grottes,45.661706,0.310847,13:40:00,2024-02-01
202400016110,10:00,Plein jour,57,57159,2,1,1,6.0,Route de BOULAY,49.050045,6.57757,10:00:00,2024-12-27
202400016111,18:35,,14,14530,1,6,1,3.0,Rue de la Libération,49.239178,-0.26336,18:35:00,2024-02-02
202400016112,16:30,Plein jour,73,73150,1,1,1,3.0,D224 Route de Belle Plagne,45.51587137,6.68580617,16:30:00,2024-12-27
202400016113,13:50,Plein jour,77,77083,2,1,1,6.0,GENERAL DE  GAULLE (AVENUE DU),48.85088442,2.59099356,13:50:00,2024-09-09
202400016114,16:20,Plein jour,73,73050,1,1,1,5.0,D1504 route du tunnel,45.68276305,5.85111988,16:20:00,2024-12-27
202400016115,20:30,,77,77389,1,9,8,4.0,GENERAL LECLERC(AVENUE DU),48.5178,2.65518,20:30:00,2024-09-09
202400016116,20:50,Nuit sans éclairage,83,83027,1,1,1,5.0,A50,43.20283306,5.73623121,20:50:00,2024-01-31
202400016117,18:00,,07,07042,2,1,1,3.0,Avenue du Maréchal Leclerc,44.377812,4.642931,18:00:00,2024-12-26
202400016118,02:28,Nuit sans éclairage,91,91553,1,9,1,6.0,RN 104,48.62839,2.48105,02:28:00,2024-02-01
202400016119,05:00,,77,77284,2,1,1,6.0,GARE,48.95766,2.87417,05:00:00,2024-09-09
202400016120,05:40,,92,92051,1,1,2,6.0,N13,48.87869029,2.27936715,05:40:00,2024-02-01
202400016121,17:00,Crépuscule,69,69094,2,1,1,6.0,Route de Bordeaux,45.745848,4.703012,17:00:00,2024-12-27
202400016122,10:40,Plein jour,76,76351,2,1,2,1.0,RENE COTY,49.49784054,0.11489511,10:40:00,2024-09-07
202400016123,18:55,Nuit sans éclairage,78,78165,1,1,1,4.0,RN12 INT,48.799321,1.99278,18:55:00,2024-01-31
202400016124,23:40,,76,76351,2,1,1,6.0,JEAN JAURES (AVENUE),49.49981945,0.15871167,23:40:00,2024-09-08
202400016125,13:40,Plein jour,69,69298,2,2,2,5.0,Route de Givors,45.649225,4.990231,13:40:00,2024-12-23
202400016126,07:15,,78,78362,1,1,1,4.0,A13,48.976377,1.719695,07:15:00,2024-01-31
202400016127,14:28,Plein jour,44,44215,2,1,1,6.0,6 Rue du Onze Novembre 1918,47.169535,-1.47507,14:28:00,2024-12-26
202400016128,10:05,Plein jour,76,76351,2,3,2,3.0,LAMBLARDIE (QUAI),49.48979,0.10987,10:05:00,2024-09-07
202400016129,18:50,Nuit sans éclairage,95,95572,1,1,1,2.0,N184,49.0461075,2.13048003,18:50:00,2024-02-01
202400016130,02:45,Nuit sans éclairage,44,44026,1,1,2,7.0,Route de Paris,47.295778,-1.409705,02:45:00,2024-12-26