Num_Acc,hrmn,lum,dep,com,agg,int,atm,col,adr,lat,long,heure,date
202400016131,01:25,,76,76351,2,6,1,6.0,ILE (QUAI DE L'),49.48692,0.11456,01:25:00,2024-09-08
202400016132,16:40,Plein jour,93,93010,1,1,1,2.0,AUTOROUTE A3,48.90748049,2.47291995,16:40:00,2024-02-01
202400016133,16:15,Plein jour,80,80545,1,3,1,3.0,D934,49.794719,2.557722,16:15:00,2024-12-26
202400016134,16:00,Plein jour,69,69007,1,1,3,6.0,Autoroute 7,45.50134,4.83903,16:00:00,2024-12-22
202400016135,09:40,Plein jour,95,95241,1,1,2,3.0,N104,49.04547071,2.4463809,09:40:00,2024-02-01
202400016136,17:45,Plein jour,72,72181,2,9,3,6.0,MAC JEAN (AV) N° PAIRS 308 ET plus,47.97428,0.2425,17:45:00,2024-09-07
202400016137,13:13,Plein jour,69,69259,1,1,1,6.0,RD383   11.750 A 14.250,45.71767316,4.86115975,13:13:00,2024-12-25
202400016138,19:30,,95,95527,1,1,1,4.0,A1,49.01298285,2.53018495,19:30:00,2024-01-31
202400016139,13:00,Plein jour,69,69276,1,1,1,1.0,Route Départementale 312                                     ,45.67883,4.85052,13:00:00,2024-09-08
202400016140,02:05,,67,67482,2,9,2,7.0,CERF BERR (RUE),48.58945,7.69137,02:05:00,2024-09-08
202400016141,18:00,Crépuscule,94,94081,1,1,2,5.0,A86,48.77414959,2.40719183,18:00:00,2024-02-01
202400016142,12:05,Plein jour,33,33550,1,1,1,2.0,Unknown,44.782038,-0.583975,12:05:00,2024-12-26
202400016143,15:10,Plein jour,66,66136,2,1,1,6.0,Avenue René Cassin,42.68125891,2.89425641,15:10:00,2024-09-09
202400016144,16:15,Plein jour,94,94069,1,1,1,2.0,A4,48.81739541,2.43812799,16:15:00,2024-01-31
202400016145,19:30,Crépuscule,64,64445,2,1,2,2.0,BIZANOS DE,43.29264,-0.3601,19:30:00,2024-09-09
202400016146,13:55,Plein jour,91,91064,1,1,1,6.0,RN 118,48.743768,2.19001,13:55:00,2024-12-26
202400016147,18:00,Plein jour,974,97411,2,1,1,1.0,CHAPELLE (RUE DE LA),-20.91126,55.48583,18:00:00,2024-01-31
202400016148,11:20,Plein jour,64,64445,2,1,1,2.0,JEAN MERMOZ,43.30948,-0.37678,11:20:00,2024-09-09
202400016149,12:15,Plein jour,974,97407,2,9,1,3.0,SOURCE DENISE (RUE DE LA)-RIV DES GALET ,-20.9612,55.3155,12:15:00,2024-01-28
202400016150,03:11,Nuit sans éclairage,91,91617,1,1,2,6.0,RN6 PROVINCE / RN 104 EXT,48.64163,2.53415,03:11:00,2024-12-26
202400016151,22:20,Nuit avec éclairage,973,97302,2,6,1,7.0,LEBLOND (ROND POINT),4.92086,-52.3294,22:20:00,2024-01-30
202400016152,07:15,Crépuscule,64,64445,2,2,1,5.0,EDOUARD 7,43.29831,-0.35835,07:15:00,2024-09-09
202400016153,13:30,Plein jour,69,69388,2,3,1,3.0,Rue Marius Berliet,45.746,4.85928,13:30:00,2024-01-31
202400016154,22:10,,64,64102,2,1,2,6.0,CEINTURE CENTRE COMMERCIAL BAB2,43.48766,-1.49654,22:10:00,2024-09-09
202400016155,22:07,Nuit sans éclairage,91,91235,1,1,1,4.0,RN 104,48.62583,2.35606,22:07:00,2024-12-25
202400016156,12:30,Plein jour,69,69142,2,1,1,3.0,Quai de la Libération,45.72789,4.81615,12:30:00,2024-01-31
202400016157,18:00,Plein jour,64,64102,2,1,2,2.0,RESPLANDY (AVENUE DU CAPITAINE),43.48706,-1.46277,18:00:00,2024-09-09
202400016158,13:45,Plein jour,69,69389,2,2,1,6.0,Rue Sergent Michel Berthet,45.77222,4.80543,13:45:00,2024-01-31
202400016159,16:55,Plein jour,93,93064,1,1,1,2.0,AUTOROUTE A86,48.87263328,2.48072602,16:55:00,2024-12-26
202400016160,21:30,,63,63300,2,2,1,3.0,RD2029/RD83/Bd Clémentel faubourg Bardo,45.89096,3.11027,21:30:00,2024-09-08
202400016161,19:40,,2A,2A004,2,9,1,2.0,#Boulevard Louis Campi#,41.94523,8.75846,19:40:00,2024-01-31
202400016162,16:30,Plein jour,60,60057,2,1,1,6.0,Rue de Bretagne,49.42547938,2.08417827,16:30:00,2024-09-07
202400016163,14:00,Plein jour,2A,2A004,2,6,1,6.0,16 Avenue Marechal Juin,41.94178,8.74988,14:00:00,2024-01-31
202400016164,17:30,Nuit sans éclairage,93,93078,1,1,1,4.0,AUTOROUTE A104,48.96165006,2.5451386,17:30:00,2024-12-26
202400016165,09:35,Plein jour,59,59350,2,1,8,7.0,Rue de Luxembourg,50.63895,3.07797,09:35:00,2024-09-09
202400016166,13:35,Plein jour,95,95203,2,2,1,3.0,MARCELLIN BERTHELOT (RUE),48.99904,2.27749,13:35:00,2024-01-31
202400016167,11:30,Plein jour,93,93008,1,1,1,2.0,AUTOROUTE A86,48.90626353,2.4595964,11:30:00,2024-12-26
202400016168,23:09,,56,56098,2,1,2,3.0,73 Rue Jean Jaurès,47.76488,-3.35923,23:09:00,2024-09-08
202400016169,10:35,Plein jour,95,95288,2,1,1,6.0,D311,48.9848664,2.36324286,10:35:00,2024-01-31
202400016170,15:40,Plein jour,51,51454,2,1,1,3.0,FOURIAUX (RUE MARIE-CLEMENCE),49.263663,4.02449,15:40:00,2024-09-09
202400016171,09:10,Plein jour,91,91689,1,1,1,3.0,RD 118,48.71457,2.3235,09:10:00,2024-01-31
202400016172,12:10,Plein jour,93,93064,1,1,1,2.0,AUTOROUTE A86,48.87685867,2.47759134,12:10:00,2024-12-26
202400016173,07:50,Plein jour,51,51454,2,1,1,6.0,BONAPARTE (AVENUE DU GENERAL),49.23163,4.00684,07:50:00,2024-09-09
202400016174,18:57,,87,87085,2,2,1,6.0,TARRADE (AVENUE ADRIEN),45.83891,1.25522,18:57:00,2024-01-29
202400016175,22:00,Nuit sans éclairage,34,34301,2,1,1,6.0,RD2 Route de Balaruc,43.412,3.69,22:00:00,2024-09-06
202400016176,03:03,,51,51454,2,2,1,3.0,LAON (AVENUE) DU N° 2 A 60 (PAIR),49.26323,4.02829,03:03:00,2024-09-08
202400016177,11:00,Plein jour,83,83069,2,6,1,2.0,LECLERC (AVENUE MARECHAL),43.11988,6.11428,11:00:00,2024-01-31
202400016178,21:50,Nuit sans éclairage,34,34108,1,1,1,1.0,RD 612,43.44459,3.76344,21:50:00,2024-09-01
202400016179,17:50,Plein jour,82,82121,2,1,1,3.0,VOLTAIRE (RUE),44.03493,1.37166,17:50:00,2024-01-31
202400016180,11:20,Plein jour,49,49246,2,1,1,2.0,GRANDES MAISONS CHEMIN,47.43689,-0.51439,11:20:00,2024-09-08
202400016181,10:00,Plein jour,59,59527,2,1,1,6.0,Rue Sainte-Hélène,50.658357,3.05709,10:00:00,2024-12-24
202400016182,11:50,Plein jour,81,81004,2,1,1,6.0,FLANDRES DUNKERQUE (AV),43.9284285,2.1634438,11:50:00,2024-01-31
202400016183,06:30,,49,49007,2,1,1,6.0,MILLOT BOULEVARD JACQUES,47.4547,-0.53455,06:30:00,2024-09-08
202400016184,07:55,Plein jour,974,97413,2,1,1,6.0,3 Chemin de la Découverte,-21.207039,55.333993,07:55:00,2024-09-30
202400016185,16:03,Plein jour,77,77373,2,2,1,3.0,AV CHARLES ROUXEL,48.79318876,2.60432553,16:03:00,2024-01-13
202400016186,11:15,Plein jour,13,13072,1,1,1,3.0,D6,43.461871,5.621299,11:15:00,2024-08-03
202400016187,02:12,Nuit sans éclairage,45,45234,2,9,1,3.0,1 Quai de Prague,47.894767,1.904134,02:12:00,2024-09-08
202400016188,15:30,Plein jour,07,07313,2,1,1,3.0,Quai Jules Roche,45.315608,4.768007,15:30:00,2024-08-03
202400016189,08:20,Nuit sans éclairage,77,77350,1,1,1,5.0,N4,48.761379,2.662985,08:20:00,2024-01-13
202400016190,18:20,Crépuscule,987,98735,2,6,8,3.0,DUMONT D'URVILLE (RUE),-17.54335443,-149.56847906,18:20:00,2024-12-24
202400016191,01:30,,42,42218,2,6,1,3.0,Cours Fauriel,45.42111,4.41086,01:30:00,2024-08-31
202400016192,14:15,Plein jour,07,07308,1,1,1,3.0,D221,45.190929,4.774675,14:15:00,2024-08-03
202400016193,16:20,Plein jour,77,77284,2,1,1,2.0,FOCH (AVENUE DU ML.),48.953,2.886,16:20:00,2024-01-31
202400016194,20:10,,974,97411,2,3,1,6.0,BOIS DE NEFLES (ROUTE DE),-20.89792,55.47676,20:10:00,2024-12-25
202400016195,07:45,Plein jour,53,53271,2,1,1,6.0,Rue Jules Doitteau,48.344245,-0.278413,07:45:00,2024-08-02
202400016196,13:50,Plein jour,35,35238,2,1,1,6.0,PROVENCE (SQUARE DE),48.11705548,-1.70581862,13:50:00,2024-09-09
202400016197,08:05,Crépuscule,77,77335,1,1,1,3.0,RN3 (ROUTE NATIONALE),48.95821,2.84223,08:05:00,2024-01-31
202400016198,05:00,Crépuscule,973,97302,2,1,2,7.0,HEDER (place),4.93944235,-52.33460462,05:00:00,2024-12-25
202400016199,15:57,Plein jour,40,40285,1,1,1,1.0,D57,43.910477,-0.737586,15:57:00,2024-08-03
202400016200,09:15,Plein jour,35,35238,2,1,1,3.0,LESAGE,48.11712082,-1.67696536,09:15:00,2024-09-09
202400016201,15:00,Plein jour,77,77372,1,1,1,1.0,D 934,48.88119,2.66228,15:00:00,2024-01-31
202400016202,18:20,,69,69388,2,3,1,6.0,Rue Ludovic Arrachart,45.73326,4.86236,18:20:00,2024-12-25
202400016203,15:14,Plein jour,24,24376,1,1,8,1.0,D5,45.170893,0.094698,15:14:00,2024-08-04
202400016204,00:45,,34,34172,2,2,1,3.0,MAURIN (AVENUE DE,43.59968286,3.87562037,00:45:00,2024-09-10
202400016205,17:29,Plein jour,71,71475,2,2,7,3.0,BUXY (ROUTE DE ),46.760986,4.83399,17:29:00,2024-01-30
202400016206,16:37,Plein jour,85,85084,1,1,1,7.0,les vrignolettes,46.774098,-1.160581,16:37:00,2024-08-03
202400016207,22:00,Nuit avec éclairage,91,91228,2,6,1,3.0,TRAITE DE ROME (ROND-POINT DU),48.62549,2.40635,22:00:00,2024-12-25
202400016208,08:05,Plein jour,34,34172,2,5,1,3.0,LIBERTE (AVENUE DE LA,43.61121,3.82861,08:05:00,2024-09-09
202400016209,13:50,Plein jour,87,87195,1,1,1,7.0,D675,46.299518,1.097099,13:50:00,2024-08-03
202400016210,09:00,Plein jour,34,34172,2,1,1,3.0,RECAMBALE (AVENUE DE LA),43.602064,3.839562,09:00:00,2024-09-09
202400016211,15:45,Plein jour,30,30339,1,1,1,7.0,D986,44.0861,3.581246,15:45:00,2024-08-03
202400016212,08:55,Plein jour,68,68297,2,1,2,6.0,BALE ( AVE DE)WIRU JUSQUE RUE MULHOUSENR,47.58426,7.56541,08:55:00,2024-01-17
202400016213,17:00,Plein jour,30,30193,1,1,1,7.0,DFCI B78,43.882295,4.205231,17:00:00,2024-08-04
202400016214,18:05,,67,67482,2,1,2,3.0,MONTAGNE VERTE (RUE DE LA),48.5707,7.72575,18:05:00,2024-01-30
202400016215,13:00,Plein jour,33,33281,2,1,1,2.0,Unknown,44.82552,-0.63465,13:00:00,2024-09-09
202400016216,18:55,,69,69290,2,1,1,1.0,Boulevard des Roses,45.68524,4.9463,18:55:00,2024-12-25
202400016217,05:15,Nuit sans éclairage,52,52044,1,1,1,6.0,departementale 134,48.28902439,5.23531325,05:15:00,2024-08-04
202400016218,09:45,Plein jour,30,30189,1,1,1,1.0,ALES (ROUTE),43.8965,4.2889,09:45:00,2024-09-02
202400016219,16:20,Plein jour,64,64445,2,6,1,3.0,ALSACE LORRAINE D',43.30465,-0.36822,16:20:00,2024-01-31
202400016220,01:45,Nuit sans éclairage,13,13050,1,1,1,1.0,RD7n - PK37+500,43.669591,5.244775,01:45:00,2024-08-04
202400016221,09:15,Plein jour,67,67462,2,1,1,3.0,THIERS (BOULEVARD),48.257754,7.458726,09:15:00,2024-12-24
202400016222,05:10,,64,64445,1,3,1,3.0,LARRIBAU,43.31712,-0.32003,05:10:00,2024-01-31
202400016223,19:00,Plein jour,22,22187,2,2,1,3.0,RUE DE LA CROIX LORMEL,48.5343,-2.7556,19:00:00,2024-09-09
202400016224,15:20,Plein jour,62,62498,2,2,1,3.0,Route de Lille,50.43495,2.83746,15:20:00,2024-12-22
202400016225,22:30,Nuit sans éclairage,77,77480,1,1,1,3.0,Autoroute A5 PK 28+000 direction PARIS,48.435123,2.9154,22:30:00,2024-08-03
202400016226,19:00,Plein jour,19,19031,1,1,1,7.0,CHANLAT (LIEU-DIT),45.13153394,1.51691605,19:00:00,2024-09-08
202400016227,08:30,Plein jour,63,63063,2,2,1,6.0,Joseph Prugnard / Jules Ferry,45.82732391,3.10121834,08:30:00,2024-01-31
202400016228,00:15,,61,61001,2,1,8,6.0,23 Boulevard de Strasbourg,48.436543,0.089349,00:15:00,2024-12-26
202400016229,19:00,,976,97608,2,1,1,3.0,Boulevard des Crabes,-12.788654,45.265576,19:00:00,2024-08-04
202400016230,22:30,,13,13212,2,1,1,3.0,SAINT JULIEN (AVENUE DE ),43.30753,5.42538,22:30:00,2024-09-09
202400016231,11:50,Plein jour,971,97112,1,1,1,6.0,Lieu Dit Saint Marc,15.911397,-61.271031,11:50:00,2024-08-03
202400016232,08:25,Plein jour,63,63113,2,3,1,2.0,BREZET (AVENUE)/inra,45.77899,3.14491,08:25:00,2024-01-31
202400016233,17:30,Plein jour,13,13028,2,2,1,3.0,CAMUSSO (AVENUE MARCEL ),43.17876,5.59575,17:30:00,2024-09-05
202400016234,08:00,Crépuscule,59,59350,2,1,2,3.0,Boulevard de Belfort,50.61892,3.07634,08:00:00,2024-12-20
202400016235,03:00,Nuit sans éclairage,34,34127,2,6,1,6.0,D24,43.649728,4.082311,03:00:00,2024-08-04
202400016236,19:55,Crépuscule,75,75113,2,1,1,2.0,BOULEVARD PERIPHERIQUE EXTERIEUR SUD,48.826491,2.389146,19:55:00,2024-09-09
202400016237,21:30,Plein jour,83,83068,2,1,1,7.0,Route du Littoral,43.2677438,6.57410538,21:30:00,2024-08-03
202400016238,18:10,,57,57672,2,1,1,6.0,GENERAL DE CASTELNAU (RUE DU),49.35372776,6.16191387,18:10:00,2024-01-30
202400016239,09:50,Plein jour,59,59360,2,2,1,6.0,REPUBLIQUE BOULEVARD DE LA,50.61212001,3.01163313,09:50:00,2024-12-21
202400016240,16:50,Plein jour,05,05103,1,1,1,7.0,d 1085 - PR 077.800,44.257771,5.90646,16:50:00,2024-08-04
202400016241,19:15,Plein jour,75,75117,2,1,8,2.0,BOULEVARD PERIPHERIQUE INTERIEUR OUEST,48.889591,2.297417,19:15:00,2024-09-07
202400016242,07:45,,54,54395,2,9,1,1.0,Place Paul Painleve,48.68256,6.16604,07:45:00,2024-01-30
202400016243,05:25,Crépuscule,13,13052,2,6,1,7.0,RD5,43.834627,4.786423,05:25:00,2024-05-13
202400016244,20:20,Crépuscule,75,75120,2,1,1,5.0,BOULEVARD PERIPHERIQUE INTERIEUR NORD  ,48.873965,2.411229,20:20:00,2024-09-07
202400016245,20:45,,44,44162,2,1,1,6.0,1 Rue du Chêne Lasse,47.22925641,-1.63982213,20:45:00,2024-01-31
202400016246,02:45,Nuit sans éclairage,89,89055,2,4,1,6.0,D84,47.982874,3.614877,02:45:00,2024-08-04
202400016247,00:54,,01,01053,2,1,1,2.0,PROVIDENCE ( CHEMIN DE LA),46.197758,5.240194,00:54:00,2024-12-25
202400016248,15:56,Plein jour,75,75119,2,2,1,2.0,BOULEVARD D INDOCHINE,48.886223,2.396744,15:56:00,2024-09-09
202400016249,16:30,Plein jour,75,75118,2,3,1,6.0,BOULEVARD NEY,48.898694,2.35867,16:30:00,2024-12-25
202400016250,16:00,Plein jour,38,38421,2,3,1,3.0,AVENUE DU DOYEN LOUIS WEIL,45.18725,5.75808,16:00:00,2024-01-31
202400016251,05:30,Crépuscule,21,21416,1,1,1,3.0,"D70, PK 058.500",47.404775,5.34616,05:30:00,2024-08-04
202400016252,20:55,,37,37233,2,1,1,6.0,COLOMBIER (RUE DU),47.38463,0.74994,20:55:00,2024-01-31
202400016253,03:30,,75,75116,2,1,2,6.0,AVENUE DE LA PORTE D AUTEUIL,48.84799,2.252005,03:30:00,2024-12-25
202400016254,03:07,,75,75119,2,2,1,3.0,PLACE DE LA BATAILLE DE STALINGRAD,48.882788,2.370278,03:07:00,2024-09-08
202400016255,18:12,Plein jour,68,68001,1,6,1,7.0,D415,48.009133,7.534765,18:12:00,2024-08-04
202400016256,16:10,Plein jour,37,37261,2,1,1,7.0,TRANCHEE (AVENUE DE LA),47.40401036,0.68331903,16:10:00,2024-01-31
202400016257,13:05,Plein jour,75,75116,2,3,1,6.0,QUAI SAINT EXUPERY,48.836395,2.263779,13:05:00,2024-09-09
202400016258,02:40,,75,75116,2,1,2,3.0,ALLEE DE LONGCHAMP,48.864845,2.243158,02:40:00,2024-12-25
202400016259,21:12,Crépuscule,57,57254,1,1,1,1.0,D12 PK 6+900,49.055808,5.983574,21:12:00,2024-08-03
202400016260,08:20,,36,36159,2,2,5,1.0,Rue de la Charbonnière,46.76352,1.71566,08:20:00,2024-01-31
202400016261,06:42,Crépuscule,75,75114,2,2,2,3.0,BOULEVARD ROMAIN ROLLAND,48.822316,2.314197,06:42:00,2024-09-09
202400016262,03:10,Nuit sans éclairage,03,03242,1,6,1,6.0,Route Nationale 7,46.356057,3.374504,03:10:00,2024-08-04
202400016263,22:25,,75,75115,2,2,2,3.0,RUE DE LA CONVENTION,48.843447,2.282793,22:25:00,2024-12-24
202400016264,16:45,Crépuscule,35,35238,2,6,1,3.0,ROUTE DE ST MALO,48.13255885,-1.6907385,16:45:00,2024-01-31
202400016265,14:50,Plein jour,38,38148,2,1,1,6.0,36 Route du Pré Veyret,45.617317,5.500406,14:50:00,2024-08-03
202400016266,18:55,Plein jour,75,75114,2,2,1,3.0,AVENUE DU MAINE,48.83752525,2.3229593,18:55:00,2024-09-07
202400016267,23:45,Nuit sans éclairage,38,38203,1,1,1,6.0,N85,45.0414926,5.76363717,23:45:00,2024-08-03
202400016268,23:25,,75,75112,2,1,2,1.0,RUE DE DIJON,48.83571,2.386089,23:25:00,2024-12-24
202400016269,19:20,Plein jour,75,75111,2,1,8,3.0,RUE DE LA ROQUETTE,48.855055,2.373407,19:20:00,2024-09-09
202400016270,21:45,,34,34032,2,2,1,3.0,BELIN EDOUARD (RUE),43.35275,3.21859,21:45:00,2024-01-29
202400016271,17:20,Plein jour,26,26362,1,3,1,3.0,Route du Guimandet,44.94070381,4.97704268,17:20:00,2024-08-03
202400016272,20:52,,75,75110,2,2,2,6.0,BOULEVARD DE LA VILLETTE,48.884275,2.364645,20:52:00,2024-12-24
202400016273,18:15,Plein jour,75,75108,2,2,8,3.0,RUE DE CONSTANTINOPLE,48.879866,2.320687,18:15:00,2024-09-09
202400016274,08:41,Plein jour,33,33522,2,1,1,3.0,Unknown,44.81878,-0.60151,08:41:00,2024-01-29
202400016275,17:40,Plein jour,69,69037,1,1,1,5.0,Route du Stade François Chavant,46.024577,4.508214,17:40:00,2024-08-02
202400016276,07:40,Plein jour,31,31069,2,9,1,3.0,POTEZ (ALL HENRI),43.625942,1.378402,07:40:00,2024-01-31
202400016277,20:50,,93,93073,2,3,2,3.0,CHAPIT RE ( RUE DU),49.00804569,2.55750242,20:50:00,2024-12-25
202400016278,10:30,Plein jour,75,75101,2,2,8,3.0,BOULEVARD DE SEBASTOPOL,48.860572,2.349375,10:30:00,2024-09-09
202400016279,18:15,Nuit avec éclairage,30,30243,1,1,1,7.0,MOULIN (AVENUE J.),44.05918,4.09147,18:15:00,2024-01-31
202400016280,14:00,Plein jour,94,94068,2,2,1,3.0,Avenue Foch,48.799418,2.499052,14:00:00,2024-09-09
202400016281,14:09,Plein jour,81,81140,1,1,1,2.0,Route Pierre Fabre,43.681281,1.870852,14:09:00,2024-08-03
202400016282,22:49,,92,92077,2,1,2,2.0,SEVRES (RUE DE),48.82619,2.19344,22:49:00,2024-12-24
202400016283,11:00,Plein jour,29,29019,2,6,1,6.0,rue du Huit Mai 1945,48.409207,-4.468661,11:00:00,2024-01-30
202400016284,06:15,Crépuscule,31,31291,1,1,1,1.0,Route de Saint-lys,43.57837,1.217047,06:15:00,2024-07-17
202400016285,12:30,Plein jour,92,92063,2,9,2,3.0,GALLIENI (RUE),48.87028118,2.20340788,12:30:00,2024-12-25
202400016286,22:48,,94,94041,2,2,3,3.0,Rue Pierre et Marie Curie,48.81525,2.37557,22:48:00,2024-09-08
202400016287,07:55,,28,28134,2,1,1,6.0,SANGNIER (RUE MARC),48.74132,1.35296,07:55:00,2024-01-31
202400016288,12:30,Plein jour,60,60318,1,1,1,2.0,D200,49.325937,2.652442,12:30:00,2024-12-26
202400016289,08:00,Plein jour,94,94077,2,2,2,6.0,Avenue Paul Painlevé,48.740692,2.425005,08:00:00,2024-09-09
202400016290,05:50,Nuit avec éclairage,17,17336,2,3,1,3.0,Route Nationale 137 Rulon,45.786694,-0.717883,05:50:00,2024-08-04
202400016291,12:50,Plein jour,27,27306,2,1,1,1.0,QUATORZE JUILLET (BOULEVARD),49.01336,1.17643,12:50:00,2024-01-30
202400016292,22:20,Nuit sans éclairage,34,34225,1,1,1,6.0,départementale 612,43.374953,3.025231,22:20:00,2024-12-25
202400016293,09:50,Plein jour,93,93031,2,2,8,3.0,ALLENDE (AVENUE SALVADOR),48.95725643,2.30986232,09:50:00,2024-09-09
202400016294,12:20,Plein jour,14,14325,2,1,1,2.0,455 Grande Rue,49.283685,-0.315224,12:20:00,2024-08-04
202400016295,15:45,Plein jour,25,25056,2,1,7,6.0,STRASBOURG QUAI DE,47.2405,6.02083,15:45:00,2024-01-31
202400016296,01:15,Nuit sans éclairage,27,27161,1,6,1,6.0,D613,49.065277,1.028509,01:15:00,2024-08-03
202400016297,11:45,Plein jour,93,93062,2,9,2,3.0,NOTRE-DAME DES ANGES (ALLEE)  1 - 33,48.89650121,2.53021431,11:45:00,2024-09-09
202400016298,05:30,,17,17415,2,9,1,6.0,CORMIER RUE DU,45.748979,-0.613256,05:30:00,2024-01-29
202400016299,01:30,Nuit sans éclairage,60,60028,1,1,1,6.0,D1330,49.222958,2.547857,01:30:00,2024-08-04
202400016300,06:00,,93,93073,2,1,1,6.0,CHAPIT RE ( RUE DU),49.01088623,2.56716998,06:00:00,2024-09-09
202400016301,08:15,Plein jour,974,97422,1,1,1,7.0,Nationale 3,-21.171906,55.585349,08:15:00,2024-12-26
202400016302,19:23,Plein jour,62,62148,2,1,1,6.0,D919,50.379353,2.905047,19:23:00,2024-08-03
202400016303,00:02,,13,13208,2,1,1,1.0,pointe rouge (ave),43.24883,5.37507,00:02:00,2024-02-01
202400016304,21:00,,93,93032,2,3,1,3.0,PAUL VAILLANT COUTURIER (RUE),48.876921,2.54907846,21:00:00,2024-09-06
202400016305,08:05,Nuit sans éclairage,76,76584,1,1,5,5.0,A28,49.74746385,1.47726582,08:05:00,2024-12-26
202400016306,12:40,Plein jour,13,13209,2,1,1,3.0,MAZARGUES (AVENUE DE),43.25524,5.39415,12:40:00,2024-01-31
202400016307,12:15,Plein jour,93,93010,2,1,2,6.0,AULNAY (ROUTE) COTE PAIRE DE 2 A FIN,48.90639892,2.48029518,12:15:00,2024-09-09
202400016308,04:45,Nuit sans éclairage,62,62856,1,1,2,6.0,Rue de Guestreville,50.36978,2.526662,04:45:00,2024-12-20
202400016309,17:32,Plein jour,13,13106,1,1,1,2.0,A51-Sens Aix en Provence vers Marseille,43.40243132,5.35596718,17:32:00,2024-08-02
202400016310,08:05,Crépuscule,13,13005,2,1,1,2.0,GEMENOS (ROUTE DE CD2),43.28753,5.53021,08:05:00,2024-01-31
202400016311,21:10,Nuit sans éclairage,77,77065,1,1,2,1.0,D372,48.451891,2.509432,21:10:00,2024-12-25
202400016312,12:20,Plein jour,69,69199,1,1,1,3.0,Boulevard Périphérique Laurent Bonnevay,45.71559,4.84368,12:20:00,2024-08-02
202400016313,05:25,Nuit sans éclairage,13,13005,2,1,1,7.0,AUMONE (TRAVERSE DE L'),43.28934,5.53039,05:25:00,2024-01-31
202400016314,13:00,Plein jour,92,92073,2,3,2,3.0,VERDUN (RUE DE),48.87322823,2.2295269,13:00:00,2024-09-09
202400016315,12:20,Plein jour,79,79174,2,1,1,3.0,Unknown,46.221773,-0.142731,12:20:00,2024-12-26
202400016316,14:00,Plein jour,04,04112,2,1,1,1.0,VOLTA (CHEMIN ALESSANDRO),43.81486,5.79749,14:00:00,2024-01-31
202400016317,23:45,Nuit avec éclairage,69,69272,1,1,1,6.0,Autoroute 46,45.59731453,4.85240432,23:45:00,2024-08-02
202400016318,19:00,,75,75119,2,4,1,7.0,ECHANGEUR PRE SAINT GERVAIS,48.88227808,2.40105897,19:00:00,2024-01-31
202400016319,18:25,Nuit sans éclairage,80,80294,1,1,2,6.0,D1017,49.888787,2.913898,18:25:00,2024-12-25
202400016320,08:55,Plein jour,92,92036,2,2,1,2.0,GRESILLONS (QUAI DES),48.92117296,2.32501692,08:55:00,2024-09-09
202400016321,17:50,Plein jour,91,91161,1,1,1,7.0,AUTOROUTE A6,48.71384,2.30903,17:50:00,2024-08-03
202400016322,17:57,,80,80354,2,2,1,6.0,28 Rue Principale,49.983397,1.767298,17:57:00,2024-12-26
202400016323,17:20,Plein jour,91,91659,1,1,1,7.0,AUTOROUTE A6,48.58273001,2.45713949,17:20:00,2024-08-03
202400016324,09:08,Plein jour,75,75108,2,7,1,3.0,PLACE DU CANADA,48.865083,2.310341,09:08:00,2024-01-30
202400016325,21:05,,92,92035,2,2,2,3.0,Verdun 1916 ( avenue de ),48.90491346,2.23366204,21:05:00,2024-09-08
202400016326,18:00,Nuit sans éclairage,32,32132,1,1,9,1.0,239 route de jegun,43.820966,0.636778,18:00:00,2024-12-25
202400016327,13:40,Plein jour,92,92002,1,1,1,2.0,AUTOROUTE A86,48.76034112,2.28180753,13:40:00,2024-08-03
202400016328,10:00,Plein jour,92,92012,2,1,2,7.0,PONT DE BILLANCOURT (PLACE DU),48.82537,2.24836,10:00:00,2024-09-09
202400016329,02:00,,75,75111,2,3,1,3.0,BOULEVARD DES FILLES DU CALVAIRE,48.861375,2.36715,02:00:00,2024-01-31
202400016330,14:54,Plein jour,78,78640,1,1,1,4.0,A86 EXT,48.778333,2.209563,14:54:00,2024-08-03
202400016331,06:05,Nuit sans éclairage,49,49323,1,1,2,3.0,Route Départementale N°323 de Nantes à Paris (Saint-Sylvain-d'Anjou),47.520041,-0.449034,06:05:00,2024-12-26
202400016332,18:20,Plein jour,92,92002,2,1,8,3.0,DIVISION LECLERC (1 A 29 -2 A 34),48.75199127,2.30460137,18:20:00,2024-09-09
202400016333,07:15,Plein jour,78,78545,1,9,8,7.0,A12 Y,48.817278,2.064141,07:15:00,2024-08-03
202400016334,20:38,,75,75117,2,2,1,6.0,BOULEVARD BESSIERES,48.897614,2.324157,20:38:00,2024-01-29
202400016335,08:44,Crépuscule,12,12270,2,1,7,6.0,Avenue du Général de Gaulle,44.32244,3.064295,08:44:00,2024-12-26
202400016336,04:05,Nuit sans éclairage,01,01235,1,1,2,1.0,D1083,46.047373,5.070465,04:05:00,2024-09-09
202400016337,13:50,Plein jour,92,92025,1,1,1,2.0,A86,48.92912436,2.24069854,13:50:00,2024-08-02
202400016338,18:00,Nuit sans éclairage,41,41059,1,1,2,1.0,rd 956,47.422745,1.448597,18:00:00,2024-12-25
202400016339,08:30,Crépuscule,75,75115,2,1,1,2.0,BOULEVARD PASTEUR,48.844637,2.311741,08:30:00,2024-01-30
202400016340,12:10,Plein jour,73,73245,1,1,2,3.0,D1504 Route du tunnel,45.693448,5.830312,12:10:00,2024-09-09
202400016341,13:15,Plein jour,34,34139,1,1,1,1.0,D909,43.417774,3.227084,13:15:00,2024-12-26