Num_Acc,hrmn,lum,dep,com,agg,int,atm,col,adr,lat,long,heure,date
202400016342,18:30,,75,75112,2,1,1,6.0,BOULEVARD DE PICPUS,48.84265412,2.40120426,18:30:00,2024-01-31
202400016343,01:10,Nuit sans éclairage,78,78571,1,1,1,2.0,A13,48.867328,2.033363,01:10:00,2024-08-02
202400016344,11:40,Plein jour,43,43080,2,7,1,3.0,Rue Saint-roch,45.3283,3.845741,11:40:00,2024-09-10
202400016345,08:05,Crépuscule,75,75109,2,3,1,7.0,RUE LA FAYETTE,48.875102,2.340984,08:05:00,2024-01-31
202400016346,07:10,Plein jour,93,93001,1,1,1,2.0,AUTOROUTE A86,48.92107051,2.37460256,07:10:00,2024-08-03
202400016347,07:45,Crépuscule,68,68155,2,1,1,7.0,18 Route d'Eguisheim,48.091596,7.307448,07:45:00,2024-12-25
202400016348,08:30,Plein jour,57,57479,1,1,1,1.0,D956,49.416365,6.381219,08:30:00,2024-09-10
202400016349,23:25,,75,75109,2,3,1,6.0,BOULEVARD HAUSSMANN,48.87378833,2.32702902,23:25:00,2024-01-30
202400016350,00:30,Nuit sans éclairage,95,95527,1,1,1,2.0,A3,48.98653821,2.50540597,00:30:00,2024-08-03
202400016351,12:19,Plein jour,39,39285,1,1,1,1.0,Unknown,47.147382,5.643706,12:19:00,2024-12-26
202400016352,15:35,Plein jour,75,75102,2,3,1,6.0,BOULEVARD DE BONNE NOUVELLE,48.87005492,2.35095084,15:35:00,2024-01-31
202400016353,18:30,,44,44052,1,1,2,1.0,39 Route de Crossac,47.373673,-2.125865,18:30:00,2024-12-19
202400016354,21:45,,93,93066,2,9,1,4.0,AUTOROUTE A1,48.91623043,2.35752085,21:45:00,2024-08-02
202400016355,16:35,Plein jour,972,97214,1,1,1,3.0,N1,14.843971,-61.083268,16:35:00,2024-09-07
202400016356,13:10,Plein jour,75,75102,2,3,1,3.0,BOULEVARD DE BONNE NOUVELLE,48.870421,2.349103,13:10:00,2024-01-31
202400016357,09:10,Plein jour,972,97227,1,1,3,3.0,Quartier Bellay,14.492826,-60.92435,09:10:00,2024-09-07
202400016358,19:00,Nuit sans éclairage,29,29196,1,1,5,1.0,Traon Ivern,48.52017111,-4.59276722,19:00:00,2024-12-24
202400016359,12:30,Plein jour,94,94033,1,1,1,5.0,A86,48.85116637,2.49060216,12:30:00,2024-08-03
202400016360,17:50,Nuit sans éclairage,31,31399,2,1,2,7.0,Route de Mauzac,43.370334,1.278644,17:50:00,2024-12-25
202400016361,11:30,Plein jour,21,21214,1,1,3,6.0,"Autoroute A6, PK 278+100",47.175231,4.688407,11:30:00,2024-09-09
202400016362,08:10,Plein jour,94,94078,2,3,1,3.0,Rue de Paris / Av de l’Appel du 18 Juin 1940,48.755039,2.444396,08:10:00,2024-01-31
202400016363,14:50,Plein jour,14,14326,1,1,2,6.0,3747 Route de Cormeilles,49.170637,0.296516,14:50:00,2024-12-24
202400016364,21:45,,988,98818,2,4,2,6.0,AVENUE DU GENERAL DE GAULLE/RUE DE SEBASTOPOL,-22.28005,166.44387,21:45:00,2024-08-02
202400016365,17:45,Plein jour,83,83036,2,1,1,3.0,Avenue de Saint-raphaël,43.184965,6.544869,17:45:00,2024-09-10
202400016366,00:05,,94,94077,2,1,1,7.0,Pont de Villeneuve-Le-Roi,48.7284,2.44129,00:05:00,2024-01-31
202400016367,11:45,Plein jour,60,60471,1,2,8,6.0,D932,49.60150085,3.01150274,11:45:00,2024-12-25
202400016368,15:00,Plein jour,973,97302,2,3,1,3.0,ESTREES (AVENUE D'),4.94073,-52.32368,15:00:00,2024-08-02
202400016369,13:20,Plein jour,62,62506,2,1,2,6.0,D191,50.78145674,1.94297232,13:20:00,2024-09-10
202400016370,18:40,,94,94068,2,3,1,2.0,Avenue Foch / Rue de la Réunion,48.80194446,2.49294645,18:40:00,2024-01-30
202400016371,12:15,Plein jour,64,64443,1,1,1,7.0,Route de Pardies,43.353612,-0.582619,12:15:00,2024-12-26
202400016372,08:55,Plein jour,06,06064,2,1,1,1.0,1326 Chemin de Provence,43.757294,7.182865,08:55:00,2024-09-10
202400016373,20:00,Plein jour,69,69387,2,1,1,6.0,Route de Vienne,45.74370377,4.8502166,20:00:00,2024-08-02
202400016374,17:18,Crépuscule,43,43112,2,1,2,7.0,Avenue de la Margeride,45.09017154,3.49542395,17:18:00,2024-12-23
202400016375,09:45,Plein jour,94,94042,2,1,1,2.0,Avenue du Général Galliéni,48.8202,2.46832,09:45:00,2024-01-31
202400016376,11:10,Plein jour,14,14389,1,1,2,4.0,A84,49.063885,-0.684242,11:10:00,2024-09-05
202400016377,09:30,Plein jour,69,69383,2,1,1,6.0,Rue de l'Est,45.75277,4.87846,09:30:00,2024-08-02
202400016378,18:30,,21,21425,2,4,2,6.0,Route de Dijon,47.625029,4.342177,18:30:00,2024-12-19
202400016379,19:30,,94,94016,2,2,1,6.0,Rue d'Alsace / Avenue Paul Vaillant-Couturier,48.79016,2.32267,19:30:00,2024-01-31
202400016380,15:14,Plein jour,972,97209,2,1,1,6.0,RD 41 (ROCADE),14.61436,-61.05029,15:14:00,2024-08-02
202400016381,03:45,,14,14061,1,1,1,6.0,A84,49.028664,-0.828567,03:45:00,2024-09-10
202400016382,18:30,Nuit sans éclairage,24,24490,1,3,1,3.0,Route Beausoleil (Festalemps),45.239859,0.243632,18:30:00,2024-12-24
202400016383,16:56,Plein jour,12,12145,1,1,1,2.0,A75 PK 213+880,44.149095,3.017185,16:56:00,2024-09-10
202400016384,14:09,Plein jour,972,97209,2,3,1,3.0,RELIGIEUSES (ROUTE DES),14.61567,-61.05828,14:09:00,2024-08-02
202400016385,22:00,Nuit sans éclairage,85,85210,1,1,2,6.0,RD978,46.821084,-1.615414,22:00:00,2024-12-24
202400016386,19:00,Plein jour,69,69081,2,1,3,7.0,06 Chemin Jean-Marie Vianney,45.78729,4.78309,19:00:00,2024-08-02
202400016387,02:30,,94,94081,2,2,1,3.0,Avenue de la Commune de Paris / Rue de la Petite Saussaie / Avenue Lucien Français,48.78504,2.38842,02:30:00,2024-01-31
202400016388,03:05,Nuit sans éclairage,35,35024,1,1,1,7.0,D175,48.180231,-1.624893,03:05:00,2024-09-10
202400016389,21:18,Nuit sans éclairage,08,08264,1,1,1,6.0,D980,49.362526,4.51861,21:18:00,2024-12-25
202400016390,12:39,Plein jour,2B,2B033,2,1,1,3.0,TOUTES RUES,42.7026,9.4521,12:39:00,2024-08-02
202400016391,19:50,Nuit sans éclairage,08,08185,1,1,2,6.0,D988,49.981254,4.668159,19:50:00,2024-12-25
202400016392,17:20,,94,94073,2,3,1,3.0,Avenue de Versailles / Avenue Georges Halgoult,48.7603,2.39952,17:20:00,2024-01-04
202400016393,15:05,Plein jour,76,76361,1,1,2,3.0,605 Route d'Etretat,49.615538,0.156652,15:05:00,2024-09-09
202400016394,21:00,,971,97101,2,1,1,5.0,ROUTE DE CHAZEAU,16.28952,-61.48063,21:00:00,2024-08-01
202400016395,21:00,Nuit sans éclairage,2B,2B273,1,1,1,6.0,D506,42.428283,9.416817,21:00:00,2024-09-10
202400016396,13:30,Plein jour,93,93064,2,7,1,6.0,Place Carnot,48.873413,2.482507,13:30:00,2024-01-31
202400016397,18:20,Plein jour,971,97101,1,9,1,6.0,Pont de BLANCHARD,16.22599,-61.52413,18:20:00,2024-08-01
202400016398,16:05,Plein jour,65,65169,2,1,1,6.0,8 route du lac,42.937323,-0.178399,16:05:00,2024-09-09
202400016399,17:55,,92,92078,2,2,1,3.0,BONGARDE (RUE),48.92492818,2.32543766,17:55:00,2024-01-31
202400016400,19:15,Crépuscule,2A,2A004,2,1,1,6.0,MARECHAL LYAUTEY AVENUE PAIR,41.93846,8.7452,19:15:00,2024-08-02
202400016401,16:20,Plein jour,987,98715,2,1,1,3.0,PK 4 en face de la mairie de Faaa,-17.553132,-149.599771,16:20:00,2024-12-25
202400016402,18:40,Plein jour,47,47252,1,1,1,6.0,D911l,44.394071,0.576535,18:40:00,2024-09-09
202400016403,00:06,Nuit sans éclairage,49,49223,1,1,2,6.0,A87,47.38299704,-0.55739838,00:06:00,2024-12-26
202400016404,11:08,Plein jour,2A,2A004,2,1,1,3.0,PRINCE IMPERIAL COURS,41.93402,8.75031,11:08:00,2024-08-02
202400016405,08:30,Plein jour,92,92078,2,2,1,2.0,GALLIENI (BD) (1 A 79 ET 22 A 102),48.92493558,2.32543766,08:30:00,2024-01-31
202400016406,01:40,Nuit sans éclairage,91,91228,2,1,1,7.0,RN7,48.61934,2.45231,01:40:00,2024-08-03
202400016407,10:30,Plein jour,41,41186,1,3,1,3.0,D36,47.856931,1.042773,10:30:00,2024-09-10
202400016408,10:40,Plein jour,92,92062,2,1,1,6.0,FUSILLES DE LA RESISTANCES (RUE DES) N°1,48.88351193,2.22474396,10:40:00,2024-01-31
202400016409,02:50,Nuit sans éclairage,91,91223,1,1,1,7.0,R.D.20,48.40908,2.12566,02:50:00,2024-08-02
202400016410,01:30,,29,29189,2,1,1,6.0,rue du Père Gwenaël,48.381616,-4.362349,01:30:00,2024-08-31
202400016411,09:23,Plein jour,87,87085,2,3,1,3.0,DUTREIX (RUE ARMAND),45.83165,1.23566,09:23:00,2024-08-02
202400016412,14:50,Plein jour,14,14198,1,1,6,2.0,A13,49.248997,0.012796,14:50:00,2024-12-22
202400016413,20:39,,92,92024,2,2,1,6.0,FOURNIER (RUE),48.90423539,2.29930159,20:39:00,2024-01-31
202400016414,10:52,Plein jour,25,25367,2,2,1,3.0,43 Rue de Beaulieu,47.444608,6.816585,10:52:00,2024-09-08
202400016415,15:08,Plein jour,87,87075,1,1,1,1.0,RN 21,45.78443,1.1911,15:08:00,2024-08-01
202400016416,17:30,Plein jour,44,44175,2,1,2,6.0,201 Le Cruttier,47.355668,-2.340023,17:30:00,2024-09-08
202400016417,17:00,Plein jour,84,84007,2,1,1,3.0,PIERRE SEMARD (avenue),43.93628,4.82795,17:00:00,2024-07-30
202400016418,11:33,Plein jour,69,69013,1,1,1,4.0,Autoroute 6,46.01120004,4.72966685,11:33:00,2024-12-26
202400016419,19:40,Nuit avec éclairage,92,92004,2,1,1,6.0,NORMANDIE  ( RUE DE ),48.90621651,2.2848748,19:40:00,2024-01-31
202400016420,09:15,Plein jour,972,97230,1,1,1,1.0,Route de la Caravelle (rd2),14.756686,-60.929993,09:15:00,2024-12-26
202400016421,12:20,Plein jour,44,44131,1,1,1,4.0,Route Bleue,47.124286,-2.104214,12:20:00,2024-09-09
202400016422,15:20,Plein jour,84,84007,2,3,1,3.0,JEAN BOCCACE (AVENUE),43.948,4.829,15:20:00,2024-08-01
202400016423,14:30,Plein jour,95,95487,1,1,1,3.0,D301,49.14847383,2.24858165,14:30:00,2024-02-01
202400016424,01:38,,29,29163,2,2,2,6.0,79 Rue de la République,48.503704,-3.874787,01:38:00,2024-09-08
202400016425,15:15,Plein jour,83,83126,2,2,1,3.0,CORSE RESISTANTE (BD DE LA),43.0988314,5.89795853,15:15:00,2024-07-30
202400016426,17:38,Nuit sans éclairage,45,45324,1,3,1,6.0,D951 PR 61 + 651,47.794297,2.21454,17:38:00,2024-12-25
202400016427,02:10,Nuit sans éclairage,972,97221,1,1,1,6.0,route nationale 8,14.540863,-60.951462,02:10:00,2024-02-01
202400016428,17:35,Plein jour,15,15187,2,6,1,3.0,24 Avenue Léon Bélard,45.041313,3.086142,17:35:00,2024-09-10
202400016429,17:00,Crépuscule,77,77315,2,1,1,7.0,2 Avenue du Marechal Foch,48.885168,2.835025,17:00:00,2024-12-26
202400016430,14:30,Plein jour,972,97227,1,1,1,3.0,ROUTE NATIONALE 5,14.468664,-60.936098,14:30:00,2024-01-31
202400016431,09:15,Plein jour,26,26278,1,1,1,7.0,route du poët,44.26975,5.336319,09:15:00,2024-08-07
202400016432,20:00,Plein jour,80,80379,1,1,1,5.0,D1029,49.868057,2.376679,20:00:00,2024-08-02
202400016433,23:30,Nuit sans éclairage,13,13089,1,1,1,6.0,D29,43.833962,4.950695,23:30:00,2024-12-25
202400016434,12:40,Plein jour,80,80724,2,1,1,3.0,Rue Roger Salengro,49.85992,2.23174,12:40:00,2024-08-02
202400016435,18:55,Nuit sans éclairage,69,69260,2,3,1,1.0,152 Rue de la Fée des Eaux,45.650896,4.799883,18:55:00,2024-01-29
202400016436,05:30,Nuit avec éclairage,18,18101,2,3,5,7.0,9 Route de Sancoins,46.91588,2.896185,05:30:00,2024-09-08
202400016437,09:50,Plein jour,13,13105,1,3,1,3.0,D569,43.746646,5.045815,09:50:00,2024-12-23
202400016438,17:45,Nuit sans éclairage,62,62452,1,1,1,7.0,D77,50.687976,2.273741,17:45:00,2024-01-31
202400016439,08:27,Plein jour,36,36003,1,1,1,6.0,Unknown,46.77139975,1.95659053,08:27:00,2024-09-10
202400016440,11:35,Plein jour,80,80021,2,1,1,3.0,LOUIS BLANC (AVENUE),49.902,2.272,11:35:00,2024-07-31
202400016441,04:45,Nuit sans éclairage,33,33227,1,9,2,6.0,Route Nationale 524,44.528279,-0.240873,04:45:00,2024-12-24
202400016442,22:50,Nuit sans éclairage,78,78586,1,1,1,7.0,RD 1021,48.923383,2.1604,22:50:00,2024-08-02
202400016443,22:42,,29,29103,2,1,2,6.0,22 quai de Léon,48.449834,-4.251146,22:42:00,2024-12-21
202400016444,07:48,Plein jour,07,07294,1,1,1,1.0,D255,44.277332,4.239457,07:48:00,2024-09-09
202400016445,15:40,Plein jour,57,57235,1,1,8,1.0,D918,49.29161566,6.47988877,15:40:00,2024-01-31
202400016446,16:24,Plein jour,22,22343,2,4,5,6.0,114 Rue des Plages,48.769898,-3.5762,16:24:00,2024-12-25
202400016447,10:25,Plein jour,53,53097,1,1,8,2.0,route départementale 07,48.127451,-0.379276,10:25:00,2024-09-10
202400016448,13:20,Plein jour,78,78621,2,2,1,2.0,HENNEQUIN (AVENUE ROGER),48.7641,1.9859,13:20:00,2024-08-02
202400016449,07:45,Nuit sans éclairage,56,56096,1,2,8,3.0,Kergano,47.73972,-3.07078,07:45:00,2024-02-01
202400016450,19:24,Nuit sans éclairage,60,60047,2,1,2,1.0,D330a,49.17302,2.725275,19:24:00,2024-12-24
202400016451,17:55,Plein jour,04,04097,1,1,1,6.0,D900,44.178492,6.356009,17:55:00,2024-09-06
202400016452,04:57,Nuit sans éclairage,77,77067,1,1,2,2.0,RD 306,48.590739,2.599876,04:57:00,2024-08-02
202400016453,18:25,Nuit sans éclairage,76,76685,1,3,1,5.0,9 route de sassetot,49.763696,0.519179,18:25:00,2024-01-25
202400016454,11:55,Plein jour,17,17218,2,1,1,3.0,D114,46.300947,-0.981817,11:55:00,2024-09-09
202400016455,23:40,,72,72181,2,2,1,3.0,PASTEUR (RUE),48.00407,0.19268,23:40:00,2024-08-02
202400016456,11:40,Plein jour,47,47310,2,2,1,6.0,cours de verdun,44.392146,0.305756,11:40:00,2024-01-30
202400016457,13:45,Plein jour,72,72181,2,1,7,1.0,PREMARTINE DE SAVORGNAN A LIMITE CIRCO,48.01053,0.22525,13:45:00,2024-08-01
202400016458,13:10,Plein jour,37,37050,2,2,1,1.0,72 Avenue de la République,47.34314672,0.71704298,13:10:00,2024-09-03
202400016459,05:47,Nuit sans éclairage,47,47140,1,1,5,6.0,D13,44.3031002,0.58290434,05:47:00,2024-02-01
202400016460,12:05,Plein jour,71,71306,2,2,1,3.0,ALOUETTES (AVENUE DES),46.6823,4.36206,12:05:00,2024-08-02
202400016461,07:00,,68,68004,2,1,1,3.0,Av du 8e Regiment de Hussards,47.624349,7.231083,07:00:00,2024-01-26
202400016462,16:40,Plein jour,30,30021,1,1,1,7.0,D120,44.004819,4.312209,16:40:00,2024-09-10
202400016463,18:20,Plein jour,71,71105,2,1,7,3.0,DAVAYE (ROUTE DE),46.30246,4.79512,18:20:00,2024-08-01
202400016464,18:15,,25,25578,2,4,3,6.0,Av du Gal Pierre Marie Burnez,47.15247081,6.33746982,18:15:00,2024-02-01
202400016465,21:55,Nuit sans éclairage,13,13080,1,2,1,3.0,D561,43.65593,5.469145,21:55:00,2024-09-09
202400016466,17:57,Plein jour,71,71270,2,1,1,7.0,LUMIERE (RUE DES FRERES),46.28840119,4.81694162,17:57:00,2024-07-31
202400016467,15:30,Plein jour,38,38229,2,1,1,6.0,27 Avenue du Vercors,45.206397,5.773072,15:30:00,2024-01-27
202400016468,13:30,Plein jour,71,71076,2,2,1,3.0,SENTIERS (RUE ),46.79742887,4.85503167,13:30:00,2024-08-02
202400016469,08:25,Plein jour,91,91579,1,1,1,3.0,Route départementale 31,48.550425,2.346187,08:25:00,2024-09-10
202400016470,16:35,Plein jour,38,38386,1,3,1,3.0,D28,45.451453,5.65702,16:35:00,2024-01-31
202400016471,13:00,Plein jour,71,71118,2,9,1,3.0,PONT DE PIERRE (RUE DU),46.79247,4.82858,13:00:00,2024-08-02
202400016472,17:50,Plein jour,66,66213,2,9,1,3.0,Boulevard de Clairfont,42.663228,2.8334,17:50:00,2024-09-10
202400016473,18:10,Plein jour,69,69290,2,1,1,6.0,Route de Grenoble,45.71487,4.96425,18:10:00,2024-07-19
202400016474,15:40,Plein jour,01,01352,1,2,1,3.0,route de béréziat,46.387557,5.018703,15:40:00,2024-01-31
202400016475,12:05,Plein jour,27,27701,1,1,1,2.0,A13,49.237131,1.199875,12:05:00,2024-09-10
202400016476,14:08,Plein jour,67,67482,2,1,1,6.0,LOUISE MICHEL (RUE),48.58406,7.70863,14:08:00,2024-08-02
202400016477,05:50,Nuit sans éclairage,26,26166,2,1,1,3.0,boulevard frederic mistral,44.760516,4.836597,05:50:00,2024-02-01
202400016478,17:30,Plein jour,45,45121,1,1,2,6.0,D93 PR 24 + 659,47.791169,2.849273,17:30:00,2024-09-09
202400016479,13:10,Plein jour,67,67482,2,1,3,7.0,BISCHWILLER (ROUTE DE),48.596891,7.741726,13:10:00,2024-08-02
202400016480,15:45,Plein jour,83,83102,1,1,1,7.0,RD9 PK10+000,43.681188,6.158116,15:45:00,2024-01-21
202400016481,14:20,Plein jour,95,95012,1,1,1,6.0,D37,49.10599259,1.6415464,14:20:00,2024-09-07
202400016482,16:20,Plein jour,64,64411,1,1,1,7.0,D918,43.206451,-0.973905,16:20:00,2024-01-31
202400016483,11:50,Plein jour,66,66136,2,1,1,2.0,Boulevard de la France Libre,42.70572,2.90241,11:50:00,2024-08-02
202400016484,21:00,Nuit sans éclairage,34,34154,1,9,2,6.0,Intersection D66/D189,43.595789,3.940331,21:00:00,2024-09-04
202400016485,16:57,Plein jour,16,16251,1,1,1,6.0,D127,45.367373,-0.135741,16:57:00,2024-01-31
202400016486,11:50,Plein jour,64,64348,2,1,1,2.0,EUROPE DE L',43.32183,-0.39084,11:50:00,2024-08-01
202400016487,18:15,Plein jour,62,62774,2,9,1,7.0,RD940,50.95094302,1.77119724,18:15:00,2024-08-02
202400016488,03:25,Nuit sans éclairage,13,13085,1,3,1,2.0,D1,43.248731,5.602325,03:25:00,2024-09-06
202400016489,20:00,Nuit sans éclairage,85,85096,1,1,1,6.0,RD 90,46.920292,-1.792467,20:00:00,2024-01-31
202400016490,00:15,Nuit sans éclairage,67,67282,2,1,1,7.0,Rue du Moulin,48.61907,7.483819,00:15:00,2024-08-23
202400016491,16:45,Plein jour,62,62894,1,1,1,1.0,D96E1,50.74307767,1.61195773,16:45:00,2024-08-01
202400016492,08:00,Crépuscule,85,85025,1,1,1,2.0,D62,46.971261,-1.2060338,08:00:00,2024-01-31
202400016493,23:10,,59,59392,2,7,1,6.0,VERTE (PLACE),50.2771,3.97403,23:10:00,2024-06-27
202400016494,08:25,Plein jour,42,42261,2,1,1,3.0,Route de Lyon,45.721297,4.350441,08:25:00,2024-09-10
202400016495,19:09,Plein jour,56,56164,2,9,1,3.0,Rue du Docteur Léonce Franco,47.66254,-2.7965,19:09:00,2024-08-02
202400016496,16:20,Plein jour,27,27032,1,2,7,3.0,CD33,48.879139,1.124361,16:20:00,2024-01-31
202400016497,09:10,Plein jour,42,42328,1,4,1,3.0,Route de Drutel,45.569442,4.017493,09:10:00,2024-09-10
202400016498,00:25,Nuit sans éclairage,50,50502,2,1,1,3.0,POTERNE,49.11571,-1.09797,00:25:00,2024-08-03
202400016499,17:30,Plein jour,28,28401,1,2,7,3.0,D920,48.470595,0.971695,17:30:00,2024-01-31
202400016500,17:50,Plein jour,69,69228,2,1,2,1.0,Route de Saint-Didier,45.58475,4.626143,17:50:00,2024-09-08
202400016501,13:00,Plein jour,23,23113,1,1,2,7.0,Fougerolle,46.001582,2.369614,13:00:00,2024-02-01
202400016502,11:20,Plein jour,50,50147,2,3,1,3.0,ECLUSE CHETTE,49.053191,-1.4443393,11:20:00,2024-08-02
202400016503,18:50,Plein jour,49,49007,2,1,1,6.0,DUVERNAY RICHARD,47.47982,-0.52674,18:50:00,2024-08-02
202400016504,10:35,Plein jour,30,30310,1,1,1,3.0,D907,44.126319,3.763289,10:35:00,2024-02-01
202400016505,12:00,Plein jour,30,30227,1,1,1,1.0,Route d'Uzès Prolongée,44.243785,4.196692,12:00:00,2024-02-01
202400016506,09:15,Plein jour,33,33498,1,1,1,3.0,A63,44.601041,-0.847235,09:15:00,2024-01-31
202400016507,11:40,Plein jour,35,35238,2,2,1,3.0,LORIENT (DE),48.10713985,-1.72382087,11:40:00,2024-08-02
202400016508,17:23,Crépuscule,57,57144,1,1,7,4.0,a320 pk 2+450,49.151805,6.837326,17:23:00,2024-02-01
202400016509,22:50,,35,35238,2,5,1,3.0,FREVILLE (AVENUE HENRI),48.0867,-1.6743,22:50:00,2024-08-01
202400016510,16:30,Plein jour,14,14016,1,1,1,7.0,A13,49.249601,0.063702,16:30:00,2024-01-31
202400016511,12:00,Plein jour,35,35238,2,6,1,3.0,BIGNON (DU),48.09707,-1.62981,12:00:00,2024-08-01
202400016512,09:50,Plein jour,34,34108,2,1,1,3.0,MOULIN JEAN (AVENUE),43.44785,3.74543,09:50:00,2024-08-02
202400016513,20:25,Nuit sans éclairage,13,13032,1,1,1,1.0,d18,43.557412,5.362444,20:25:00,2024-01-31
202400016514,10:10,Plein jour,34,34301,2,1,1,6.0,BLANC CAMILLE (BOULEVARD),43.4092,3.67276,10:10:00,2024-08-02
202400016515,14:20,Plein jour,971,97128,1,1,1,7.0,Surgy,16.256476,-61.349416,14:20:00,2024-01-31
202400016516,12:00,Plein jour,971,97118,1,1,1,2.0,nationale 1,16.233217,-61.590385,12:00:00,2024-02-01
202400016517,21:45,,34,34172,2,1,2,2.0,RIMBAUD (RUE PAUL),43.61804,3.84387,21:45:00,2024-08-02
202400016518,21:30,Nuit sans éclairage,77,77005,1,1,1,6.0,D418,48.936442,2.705019,21:30:00,2024-01-31
202400016519,01:26,Nuit sans éclairage,66,66190,1,6,1,6.0,Unknown,42.80946486,2.91250885,01:26:00,2024-02-01
202400016520,00:27,,34,34172,2,2,1,1.0,JUSTICE DE CASTELNAU (AVENUE DE LA),43.63741,3.82261,00:27:00,2024-08-01
202400016521,00:30,,33,33063,2,1,1,3.0,Unknown,44.85038,-0.57475,00:30:00,2024-08-03
202400016522,10:10,Plein jour,34,34154,1,3,5,3.0,D172,43.603982,3.998321,10:10:00,2024-01-31
202400016523,10:00,Plein jour,33,33119,2,1,1,3.0,Unknown,44.85517,-0.53427,10:00:00,2024-08-01
202400016524,09:55,Plein jour,32,32013,2,1,8,1.0,DUGOMMIER (RUE),43.65487,0.58601,09:55:00,2024-08-01
202400016525,05:50,Nuit sans éclairage,67,67125,1,2,1,3.0,D1422,48.345846,7.460275,05:50:00,2024-02-01
202400016526,03:30,,30,30007,2,1,1,6.0,SPORTS (CHEMIN DES),44.11617,4.09139,03:30:00,2024-08-02
202400016527,19:00,Plein jour,29,29254,1,9,1,2.0,Unknown,48.57851064,-3.86133046,19:00:00,2024-08-02
202400016528,05:40,Nuit sans éclairage,57,57620,1,3,2,3.0,D181 a,49.195952,5.988986,05:40:00,2024-02-01
202400016529,10:10,Plein jour,29,29039,2,1,1,6.0,Rue de Lanriec,47.869792,-3.894878,10:10:00,2024-08-01
202400016530,10:00,Plein jour,73,73215,1,1,1,2.0,"D207 - ""au jay""",45.454475,6.124642,10:00:00,2024-02-01
202400016531,17:30,Plein jour,29,29019,2,1,1,2.0,D112,48.42257538,-4.47700816,17:30:00,2024-08-01
202400016532,11:25,Plein jour,69,69074,1,1,1,6.0,170 Route de Rivolet,45.99448,4.677509,11:25:00,2024-02-01
202400016533,01:30,Nuit sans éclairage,29,29094,1,1,1,7.0,Route de Kergoff,48.58115979,-4.33900517,01:30:00,2024-01-29
202400016534,09:55,Plein jour,22,22077,1,1,1,3.0,D768,48.531059,-2.410256,09:55:00,2024-01-31
202400016535,12:25,Plein jour,27,27229,2,3,1,1.0,MARNIERE RIGA (RUE DE LA),49.013558,1.165483,12:25:00,2024-08-01
202400016536,22:45,Crépuscule,19,19031,2,1,1,7.0,DUMYRAT (RUE),45.15453637,1.52853218,22:45:00,2024-08-02
202400016537,07:30,Crépuscule,57,57588,1,1,2,1.0,D62,49.474106,6.218927,07:30:00,2024-02-01
202400016538,11:50,Plein jour,15,15014,2,6,1,3.0,Chemin de Conthe,44.91612,2.42972,11:50:00,2024-08-01
202400016539,12:20,Plein jour,80,80759,1,1,1,2.0,D1017,49.638858,2.746582,12:20:00,2024-02-01
202400016540,03:00,Nuit sans éclairage,15,15014,2,1,1,6.0,Rue Jean Moulin,44.91797,2.42989,03:00:00,2024-07-31
202400016541,10:39,Plein jour,62,62014,2,1,1,6.0,Rue de Saint-omer,50.640659,2.397259,10:39:00,2024-02-01
202400016542,08:10,Plein jour,14,14574,1,1,1,1.0,2110 Route de Dives,49.165048,0.187746,08:10:00,2024-08-02
202400016543,10:30,Plein jour,59,59012,1,1,1,1.0,Rue d'Hirson,49.974906,4.088598,10:30:00,2024-01-29
202400016544,09:05,Plein jour,33,33366,1,1,1,3.0,Unknown,44.981279,-0.429295,09:05:00,2024-01-31
202400016545,07:20,Plein jour,13,13108,1,2,1,3.0,CAYADES (ROUTE DES),43.80515,4.71272,07:20:00,2024-08-02
202400016546,19:00,Nuit sans éclairage,93,93064,1,1,1,2.0,AUTOROUTE A86,48.86369651,2.48274872,19:00:00,2024-01-31
202400016547,20:00,Plein jour,13,13205,2,1,1,2.0,JEAN MOULIN (BOULEVARD),43.28894867,5.40007532,20:00:00,2024-08-02
202400016548,16:10,Plein jour,95,95351,1,1,1,7.0,N104,49.02761049,2.5188229,16:10:00,2024-01-31
202400016549,13:15,Plein jour,92,92078,1,1,1,7.0,AUTOROUTE A86,48.92748315,2.33288455,13:15:00,2024-01-31
202400016550,19:00,Crépuscule,94,94017,1,1,1,5.0,A4,48.8296743,2.49827109,19:00:00,2024-01-31
202400016551,08:00,Plein jour,13,13213,2,1,1,3.0,POILUS (AVENUE DES),43.31939165,5.45913885,08:00:00,2024-08-02
202400016552,07:00,Plein jour,987,98735,2,9,1,3.0,REINE POMARE IV (AVENUE),-17.541,-149.571,07:00:00,2024-01-29
202400016553,00:10,Nuit avec éclairage,13,13005,2,9,1,6.0,BOYER (AVENUE ANTIDE),43.29472,5.56407,00:10:00,2024-08-02
202400016554,12:35,Plein jour,974,97407,2,1,1,3.0,ROUTE DU SACRE COEUR,-20.9537,55.30705,12:35:00,2024-01-30
202400016555,10:10,Plein jour,11,11069,2,3,1,3.0,Unknown,43.228408,2.359552,10:10:00,2024-08-02