Num_Acc,hrmn,lum,dep,com,agg,int,atm,col,adr,lat,long,heure,date
202400016556,23:10,Nuit avec éclairage,69,69387,2,2,1,3.0,Avenue Berthelot,45.74508,4.84212,23:10:00,2024-01-30
202400016557,08:35,Plein jour,972,97209,1,1,2,7.0,RELIGIEUSES (ROUTE DES),14.60893,-61.059,08:35:00,2024-01-29
202400016558,22:17,,06,06088,2,9,1,3.0,77 Boulevard François Grosso,43.69978,7.2512,22:17:00,2024-07-12
202400016559,10:00,Plein jour,69,69034,2,1,1,6.0,1 Place Maréchal Foch,45.79778,4.85132,10:00:00,2024-01-30
202400016560,19:53,Nuit sans éclairage,2B,2B033,2,9,1,6.0,TOUTES RUES,42.70206,9.45156,19:53:00,2024-01-30
202400016561,20:45,Plein jour,02,02408,2,1,1,6.0,40 Rampe Saint-Marcel,49.56608,3.61917,20:45:00,2024-07-13
202400016562,19:30,Nuit sans éclairage,971,97101,1,1,1,2.0,CHAUVEL,16.23503,-61.52348,19:30:00,2024-01-30
202400016563,08:40,Plein jour,971,97101,2,2,1,3.0,CHAUVEL,16.23682965,-61.51248872,08:40:00,2024-01-29
202400016564,18:40,Plein jour,75,75116,2,1,1,4.0,BD PERIPHERIQUE INTERIEUR,48.876942,2.27952,18:40:00,2024-08-02
202400016565,17:50,Plein jour,75,75115,2,1,1,2.0,BD PERIPHERIQUE EXTERIEUR,48.829979,2.286309,17:50:00,2024-08-02
202400016566,14:30,Plein jour,75,75116,2,1,1,2.0,BD PERIPHERIQUE INTERIEUR,48.859377,2.262867,14:30:00,2024-08-02
202400016567,17:19,Plein jour,75,75110,2,3,1,3.0,RUE DU FAUBOURG SAINT MARTIN,48.875813,2.360294,17:19:00,2024-08-02
202400016568,11:20,Plein jour,75,75112,2,1,1,4.0,BD PERIPHERIQUE EXTERIEUR ,48.833099,2.407166,11:20:00,2024-08-02
202400016569,20:10,Plein jour,75,75118,2,2,1,3.0,AVENUE DE LA PORTE DE SAINT OUEN,48.897711,2.32903,20:10:00,2024-08-01
202400016570,21:36,,75,75103,2,2,1,4.0,BOULEVARD SAINT DENIS,48.869296,2.35429,21:36:00,2024-07-30
202400016571,17:05,Plein jour,75,75119,2,1,1,3.0,AVENUE DE FLANDRE,48.884881,2.36989,17:05:00,2024-08-02
202400016572,15:10,Plein jour,75,75119,2,7,1,2.0,PLACE SKANDERBEG,48.901142,2.371589,15:10:00,2024-08-02
202400016573,05:15,,75,75114,2,1,1,6.0,BOULEVARD BRUNE,48.824321,2.32095,05:15:00,2024-08-02
202400016574,09:44,Plein jour,75,75113,2,3,1,6.0,AVENUE DE CHOISY,48.829789,2.357156,09:44:00,2024-08-02
202400016575,09:15,Plein jour,75,75113,2,3,1,3.0,BOULEVARD MASSENA,48.822725,2.373089,09:15:00,2024-08-02
202400016576,06:05,Crépuscule,94,94080,2,2,1,1.0,Avenue de la République,48.84858,2.43245,06:05:00,2024-08-02
202400016577,03:04,,94,94080,2,1,2,6.0,Avenue de Paris,48.84618,2.42199,03:04:00,2024-08-02
202400016578,17:51,Plein jour,94,94080,2,1,1,2.0,Avenue des Minimes,48.84153648,2.42839801,17:51:00,2024-08-01
202400016579,19:30,Plein jour,94,94055,2,1,1,3.0,Avenue du Général de Gaulle,48.7865571,2.5380327,19:30:00,2024-08-02
202400016580,17:20,Plein jour,94,94079,2,3,1,3.0,Route de Champigny,48.825562,2.535193,17:20:00,2024-08-01
202400016581,20:40,Plein jour,93,93078,2,2,1,3.0,PEUPLIERS (AVENUE DES),48.950769,2.544073,20:40:00,2024-08-01
202400016582,15:30,Plein jour,93,93066,2,3,1,3.0,Avenue du Colonel Fabien / Cité Auguste Delaune,48.945068,2.352701,15:30:00,2024-08-02
202400016583,14:30,Plein jour,93,93066,2,1,1,4.0,Quai de Seine,48.93785,2.34221,14:30:00,2024-08-02
202400016584,14:10,Plein jour,92,92046,2,2,1,3.0,GABRIEL PERI,48.81918906,2.29778168,14:10:00,2024-08-02
202400016585,00:40,,92,92072,2,4,1,6.0,GRANDE RUE,48.82791915,2.22498849,00:40:00,2024-08-02
202400016586,19:00,Plein jour,92,92050,2,1,1,2.0,PLACE NELSON MANDELA,48.89751,2.21883,19:00:00,2024-08-01
202400016587,20:38,Plein jour,92,92049,2,9,1,6.0,ARNOUX AVENUE MAURICE N°1 A 77,48.82080393,2.31370747,20:38:00,2024-08-02
202400016588,08:56,Plein jour,92,92020,2,3,1,1.0,GIDE ANDRE RUE,48.80930229,2.30096617,08:56:00,2024-08-02
202400016589,20:20,Plein jour,92,92035,2,1,1,7.0,FAUVELLES ( RUE DES ),48.9015611,2.23625846,20:20:00,2024-08-01
202400016590,09:10,Plein jour,92,92025,2,4,1,6.0,FELIX FAURE (RUE),48.91453852,2.2590377,09:10:00,2024-08-02
202400016591,17:30,Plein jour,92,92024,2,6,1,7.0,TROIS PAVILLONS (RUE DES),48.91082454,2.31293178,17:30:00,2024-08-01
202400016592,19:40,,974,97415,1,1,1,6.0,Chemin Baillif,-21.045969,55.313099,19:40:00,2024-08-02
202400016593,19:15,Plein jour,63,63123,2,7,1,3.0,46 place du Coudert,45.64691218,3.03531338,19:15:00,2024-07-23
202400016594,15:30,Plein jour,40,40036,2,3,1,1.0,633 route de bayonne,43.630453,-1.366414,15:30:00,2024-08-03
202400016595,19:45,Plein jour,17,17131,1,1,1,1.0,Rue des Demoiselles,45.576937,-0.821743,19:45:00,2024-08-02
202400016596,13:20,Plein jour,18,18259,1,1,1,6.0,Unknown,47.482133,2.715833,13:20:00,2024-08-03
202400016597,17:10,Nuit sans éclairage,974,97422,2,9,1,1.0,Rue Jean de Fos du Rau,-21.223771,55.552374,17:10:00,2024-07-30
202400016598,08:25,Plein jour,51,51217,2,1,1,6.0,Rue du Docteur Moret,49.081934,3.651838,08:25:00,2024-08-03
202400016599,13:15,Plein jour,972,97214,2,1,1,7.0,Le Lorrain,14.83466,-61.071281,13:15:00,2024-08-02
202400016600,12:00,Plein jour,972,97231,1,1,1,2.0,Route départementale 7,14.529037,-61.015599,12:00:00,2024-08-01
202400016601,06:50,Crépuscule,26,26337,1,1,1,3.0,A7,44.72843244,4.78774309,06:50:00,2024-08-02
202400016602,11:50,Plein jour,86,86254,2,3,1,3.0,D5,46.3793,0.87327,11:50:00,2024-08-02
202400016603,19:15,Plein jour,87,87146,1,1,1,5.0,Autoroute A20 PK 220+458,45.56818543,1.49639536,19:15:00,2024-08-02
202400016604,11:15,Plein jour,38,38030,1,1,1,1.0,D1085,45.346066,5.477884,11:15:00,2024-08-03
202400016605,11:40,Plein jour,60,60069,1,1,1,1.0,Route départemental 332,49.138014,2.949094,11:40:00,2024-08-03
202400016606,17:00,Plein jour,71,71054,1,1,1,1.0,D5,46.913291,5.012086,17:00:00,2024-08-02
202400016607,15:04,Plein jour,51,51454,2,1,1,1.0,Boulevard des Tondeurs - Reims,49.283847,3.990793,15:04:00,2024-08-03
202400016608,21:40,Nuit sans éclairage,59,59571,1,1,8,6.0,D98,50.141782,3.546151,21:40:00,2024-08-02
202400016609,07:25,Plein jour,19,19080,2,3,1,1.0,Unknown,45.662514,2.452722,07:25:00,2024-08-03
202400016610,02:50,Nuit sans éclairage,19,19192,2,1,1,6.0,Route d'Argentat 29 trespeuch,45.12340505,1.90046891,02:50:00,2024-08-02
202400016611,10:15,Plein jour,56,56179,2,1,1,6.0,Rue François Mauriac,47.831783,-3.40131,10:15:00,2024-08-02
202400016612,11:45,Plein jour,56,56194,2,1,1,3.0,14 Rue des Trinitaires,47.59843,-2.104113,11:45:00,2024-07-08
202400016613,00:45,Nuit sans éclairage,81,81171,1,1,1,6.0,d14 pk 19+750,43.84679391,1.82952476,00:45:00,2024-08-03
202400016614,09:30,Plein jour,81,81208,1,1,1,6.0,La bécède,43.841925,1.868277,09:30:00,2024-08-03
202400016615,21:15,Crépuscule,71,71183,1,3,1,6.0,D225,46.889718,4.563763,21:15:00,2024-08-02
202400016616,11:45,Plein jour,89,89378,1,1,1,3.0,D86,47.529611,3.943888,11:45:00,2024-08-03
202400016617,08:45,Plein jour,42,42156,2,1,7,6.0,D282,45.90848432,4.17864472,08:45:00,2024-08-03
202400016618,20:20,Crépuscule,42,42286,2,1,1,6.0,RD 22,45.36532783,4.37777795,20:20:00,2024-08-03
202400016619,17:20,Plein jour,68,68307,1,1,1,7.0,D466,47.81618934,6.86691127,17:20:00,2024-08-03
202400016620,18:20,Plein jour,22,22182,1,1,1,6.0,Tremargat,48.589925,-2.910145,18:20:00,2024-08-02
202400016621,12:45,Plein jour,44,44131,1,1,1,1.0,Route Bleue,47.105003,-2.050838,12:45:00,2024-08-02
202400016622,23:10,Nuit sans éclairage,29,29031,1,4,1,6.0,Route de la forêt,47.81508753,-3.56291579,23:10:00,2024-07-18
202400016623,17:25,Plein jour,29,29024,2,6,2,3.0,Boulevard Jean Moulin,48.27261786,-3.56723411,17:25:00,2024-08-03
202400016624,21:10,Crépuscule,29,29117,1,3,1,6.0,Toulran,48.56063,-4.495291,21:10:00,2024-08-02
202400016625,17:15,Plein jour,56,56098,1,1,2,3.0,Lann Sévelin,47.77928,-3.34737,17:15:00,2024-05-28
202400016626,08:40,Plein jour,29,29003,1,4,1,7.0,Pont Quillioc,48.01978,-4.59199,08:40:00,2024-07-18
202400016627,09:10,Plein jour,54,54395,2,1,1,6.0,Boulevard Charlemagne,48.68293,6.16215,09:10:00,2024-05-29
202400016628,19:50,Plein jour,02,02305,1,1,1,3.0,D3,49.140948,3.521912,19:50:00,2024-08-02
202400016629,19:35,Plein jour,54,54395,2,6,8,3.0,Avenue Raymond Pinchard,48.70121,6.147951,19:35:00,2024-05-28
202400016630,10:45,Plein jour,01,01108,2,1,1,6.0,Route de Franche Comte,46.388871,5.34726,10:45:00,2024-08-02
202400016631,17:15,Plein jour,54,54395,2,2,1,3.0,Rue de Château Salins,48.6973,6.19569,17:15:00,2024-05-28
202400016632,17:00,Plein jour,01,01124,1,3,1,3.0,Route de Bourg,46.414797,5.238376,17:00:00,2024-08-02
202400016633,11:34,Plein jour,54,54099,2,1,2,2.0,Cote des Corbeaux,49.244987,5.945291,11:34:00,2024-05-29
202400016634,12:10,Plein jour,53,53201,2,1,2,6.0,LATTRE DE TASSIGNY ( AVENUE DE ),48.0793,-0.82754,12:10:00,2024-05-29
202400016635,20:30,Crépuscule,66,66149,2,6,1,3.0,Route d'Eus,42.623874,2.426895,20:30:00,2024-08-02
202400016636,17:30,Plein jour,72,72195,1,9,1,6.0,Saint Leger,47.839086,-0.012199,17:30:00,2024-08-02
202400016637,16:30,Plein jour,51,51454,2,2,8,3.0,FABIEN (RUE DU COLONNEL),49.24917,4.01659,16:30:00,2024-05-28
202400016638,14:50,Plein jour,06,06151,1,1,1,2.0,Route M 6202 PK 86+187,43.903342,7.195058,14:50:00,2024-08-03
202400016639,08:10,Plein jour,45,45169,2,2,2,3.0,2 Avenue de l'Europe,47.91655,1.82716,08:10:00,2024-05-29
202400016640,10:05,Plein jour,50,50543,1,2,1,3.0,Rue de la Croix-du-chesnot,48.657719,-1.288201,10:05:00,2024-08-03
202400016641,13:10,Plein jour,44,44184,2,1,8,6.0,33 Rue Léonard de Vinci,47.26651,-2.2316,13:10:00,2024-05-29
202400016642,09:45,Plein jour,09,09329,1,1,1,2.0,Avenue de Labouiche,42.988718,1.59872,09:45:00,2024-07-31
202400016643,02:00,,44,44109,2,1,1,3.0,2 Rue Louis Blanc,47.20741,-1.55506,02:00:00,2024-05-30
202400016644,07:15,Plein jour,43,43026,1,1,1,7.0,RD906,45.21675707,3.81780051,07:15:00,2024-08-02
202400016645,21:20,Crépuscule,44,44020,1,1,2,7.0,Unknown,47.18225,-1.61302,21:20:00,2024-05-29
202400016646,21:23,Plein jour,21,21501,2,3,1,3.0,Rue de Dijon,47.25496073,4.5640254,21:23:00,2024-07-31
202400016647,18:06,Plein jour,42,42218,2,7,1,6.0,Place Bellevue,45.4156,4.3943,18:06:00,2024-04-14
202400016648,19:30,Plein jour,85,85001,2,2,7,3.0,Route de la pointe d'arçay,46.329928,-1.320511,19:30:00,2024-08-01
202400016649,18:20,Plein jour,42,42218,2,2,1,3.0,Cours Victor Hugo,45.4327,4.3882,18:20:00,2024-04-13
202400016650,18:30,Plein jour,85,85131,1,1,1,6.0,RD 50,46.467809,-1.19757,18:30:00,2024-08-02
202400016651,08:00,Plein jour,37,37122,2,2,1,3.0,RD 86 DE MONTS à TOURS,47.30606127,0.64998172,08:00:00,2024-05-29
202400016652,19:30,Plein jour,85,85042,1,1,1,7.0,la pironnerie,46.3687,-0.98014,19:30:00,2024-08-02
202400016653,10:25,Plein jour,37,37254,1,1,1,6.0,Belle Vue,47.19566671,0.79994828,10:25:00,2024-08-03
202400016654,14:25,Plein jour,29,29232,2,2,2,6.0,Rue du Parc,47.9945,-4.10447,14:25:00,2024-05-29
202400016655,13:55,Plein jour,27,27681,1,1,2,4.0,EVREUX (ROUTE D'),49.07838,1.44612,13:55:00,2024-05-29
202400016656,20:10,Crépuscule,27,27375,2,6,2,7.0,CANAL(ROND POINT DU),49.2199,1.17923,20:10:00,2024-05-29
202400016657,12:40,Plein jour,70,70285,2,2,2,6.0,Avenue Leon Jouhaux,47.57992,6.76513,12:40:00,2024-05-29
202400016658,13:05,Plein jour,22,22106,2,4,1,3.0,LANDES (RUE DES),48.50036,-2.73595,13:05:00,2024-05-29
202400016659,12:33,Plein jour,19,19031,2,1,1,2.0,POMPIDOU (AVENUE GEORGES),45.15782,1.54881,12:33:00,2024-05-28
202400016660,19:23,Plein jour,17,17306,2,1,2,7.0,CENDRILLES (DES),45.64894,-1.03742,19:23:00,2024-05-29
202400016661,14:40,Plein jour,17,17333,2,1,2,3.0,COTE DE BEAUTE (BOULEVARD),45.60096,-0.99777,14:40:00,2024-05-29
202400016662,13:40,Plein jour,14,14333,1,1,2,3.0,Route de Trouville,49.41549,0.18953,13:40:00,2024-05-29
202400016663,22:50,Nuit sans éclairage,14,14118,1,1,8,1.0,D405,49.16608,-0.38688,22:50:00,2024-05-28
202400016664,20:55,Plein jour,13,13213,2,1,1,2.0,OLIVES (AVENUE DES),43.32869,5.43226,20:55:00,2024-05-27
202400016665,07:07,Plein jour,13,13075,2,1,1,3.0,L'ENJOLRAS (AVE DE),43.337,5.452,07:07:00,2024-05-29
202400016666,13:25,Plein jour,07,07102,2,9,1,7.0,REPUBLIQUE (AV. DE LA) [DU N° AU N°],44.93258,4.88085,13:25:00,2024-05-29
202400016667,16:20,Plein jour,06,06069,2,1,1,6.0,Place-martelly,43.660972,6.923774,16:20:00,2024-05-29
202400016668,10:20,Plein jour,06,06004,2,3,1,6.0,30 Avenue de Nice,43.593034,7.120518,10:20:00,2024-05-28
202400016669,08:40,Plein jour,75,75119,2,4,2,7.0,RUE DAVID D ANGERS,48.882738,2.389996,08:40:00,2024-05-29
202400016670,12:00,Plein jour,75,75118,2,2,2,3.0,RUE DU DEPARTEMENT,48.886776,2.361018,12:00:00,2024-05-29
202400016671,16:40,Plein jour,75,75117,2,2,2,3.0,AVENUE DE WAGRAM,48.875152,2.295931,16:40:00,2024-05-29
202400016672,08:30,Plein jour,75,75116,2,2,2,3.0,AVENUE FOCH,48.872133,2.284151,08:30:00,2024-05-29
202400016673,20:30,Plein jour,75,75115,2,3,2,6.0,PLACE DU GENERAL BEURET,48.841839,2.303275,20:30:00,2024-05-29
202400016674,13:50,Plein jour,75,75115,2,2,2,7.0,RUE PAUL BARRUEL,48.838655,2.305268,13:50:00,2024-05-29
202400016675,09:40,Plein jour,75,75113,2,3,2,3.0,RUE NATIONALE,48.82619,2.36701,09:40:00,2024-05-29
202400016676,09:20,Crépuscule,75,75114,2,3,2,7.0,BOULEVARD BRUNE,48.823839,2.323247,09:20:00,2024-05-29
202400016677,08:30,Plein jour,75,75110,2,4,2,6.0,BOULEVARD DE LA VILLETTE,48.88151,2.370015,08:30:00,2024-05-29
202400016678,15:40,Plein jour,75,75108,2,3,2,7.0,BOULEVARD HAUSSMANN,48.87522103,2.31436265,15:40:00,2024-05-29
202400016679,14:50,Plein jour,75,75107,2,3,2,6.0,QUAI VOLTAIRE,48.859253,2.330217,14:50:00,2024-05-29
202400016680,08:15,Plein jour,75,75113,2,3,2,2.0,BOULEVARD VINCENT AURIOL,48.832715,2.362204,08:15:00,2024-05-29
202400016681,08:15,Plein jour,75,75107,2,2,2,3.0,RUE SAINT DOMINIQUE,48.858155,2.322788,08:15:00,2024-05-29
202400016682,12:35,Plein jour,75,75101,2,2,2,3.0,RUE SAINT HONORE,48.867455,2.326214,12:35:00,2024-05-29
202400016683,14:00,Plein jour,94,94058,2,2,2,1.0,Rue du Maréchal Lyautey / Rue du bois,48.85504688,2.49777858,14:00:00,2024-05-29
202400016684,12:15,Plein jour,93,93064,2,1,3,3.0,Boulevard Gabriel Péri,48.877407,2.4787,12:15:00,2024-05-29
202400016685,22:30,,93,93064,2,1,1,3.0,Rue de Lisbonne,48.881407,2.470241,22:30:00,2024-05-28
202400016686,09:30,Plein jour,93,93077,2,2,2,3.0,Boulevard André / Avenue des Roses,48.88131,2.52229,09:30:00,2024-05-29
202400016687,14:20,Plein jour,93,93046,2,1,2,2.0,Avenue Aristide Briand,48.91543,2.52928,14:20:00,2024-05-29
202400016688,09:39,Plein jour,93,93074,2,1,2,6.0,Rue de Meaux,48.93484,2.56768,09:39:00,2024-05-29
202400016689,19:00,Plein jour,93,93010,2,2,3,3.0,Avenue de Verdun / Rue Jules Auffret,48.90421,2.49133,19:00:00,2024-05-29
202400016690,20:15,Plein jour,92,92064,2,1,2,6.0,MONT VALERIEN,48.858447,2.21418679,20:15:00,2024-05-29
202400016691,16:05,Plein jour,92,92064,2,9,2,3.0,DAILLY,48.84458187,2.22039053,16:05:00,2024-05-29
202400016692,09:20,Plein jour,92,92064,2,1,2,7.0,GEORGES CLEMENCEAU,48.84145163,2.22129965,09:20:00,2024-05-29
202400016693,12:00,Plein jour,92,92063,2,1,2,7.0,CASANOVA (RUE DANIELLE),48.87735495,2.17593098,12:00:00,2024-05-29
202400016694,14:30,Plein jour,92,92051,2,9,2,2.0,BOIS DE BOULOGNE (RUE DU),48.88108112,2.25820506,14:30:00,2024-05-29
202400016695,13:00,Plein jour,92,92051,2,1,2,3.0,"BINEAU (BOULEVARD, N°133 A 217 ET 134 A",48.89333874,2.2677083,13:00:00,2024-05-29
202400016696,19:55,Plein jour,92,92050,2,2,1,3.0,SURESNES RUE DE,48.88394053,2.21507925,19:55:00,2024-05-28
202400016697,09:05,Plein jour,92,92020,2,1,2,3.0,EXUPERY AVENUE SAINT,48.80843174,2.29834253,09:05:00,2024-05-29
202400016698,15:20,Plein jour,92,92026,2,1,2,3.0,COLOMBES,48.8972277,2.25646672,15:20:00,2024-05-29
202400016699,15:30,Plein jour,92,92012,2,4,2,3.0,BILLANCOURT (RUE DE) 1/61 - 2/104,48.83712788,2.23647282,15:30:00,2024-05-29
202400016700,14:00,Plein jour,92,92012,2,1,2,7.0,JEAN BAPTISTE CLEMENT (AVENUE) 1/47 - 2/,48.84713069,2.24000144,14:00:00,2024-05-29
202400016701,09:50,Plein jour,92,92012,2,1,2,7.0,GENERAL LECLERC (AVENUE DU) 35/FIN - 60/,48.83200306,2.23804736,09:50:00,2024-05-29
202400016702,23:04,,92,92012,2,1,2,6.0,ALPHONSE LE GALLO (QUAI) 35/FIN,48.83517154,2.22561496,23:04:00,2024-05-28
202400016703,22:00,,54,54350,2,1,3,7.0,Rue de Blâmont,48.58635584,6.60211265,22:00:00,2024-05-29
202400016704,17:55,Plein jour,24,24448,2,9,1,3.0,18 Avenue de la Résistance,45.328485,1.041625,17:55:00,2024-05-26
202400016705,09:30,Plein jour,60,60440,1,1,1,6.0,D73,49.497971,2.631397,09:30:00,2024-05-30
202400016706,05:50,Crépuscule,45,45293,2,1,1,6.0,164 Route d’Orléans,47.994637,2.616819,05:50:00,2024-05-26
202400016707,14:04,Plein jour,86,86070,1,2,2,3.0,Rue de la Caronnière,46.562833,0.654652,14:04:00,2024-05-29
202400016708,06:30,Crépuscule,83,83019,1,1,1,1.0,Avenue Lou Mistraou,43.15155,6.3141,06:30:00,2024-05-30
202400016709,14:45,Plein jour,65,65146,2,2,1,3.0,Rue des Pyrénées,43.29477,0.115399,14:45:00,2024-05-29
202400016710,10:18,Plein jour,47,47121,1,3,8,2.0,D 933- Route des veyries,44.348491,0.107345,10:18:00,2024-05-30
202400016711,08:15,Plein jour,89,89471,1,2,1,5.0,D660,48.176095,3.412298,08:15:00,2024-05-24
202400016712,17:30,Plein jour,56,56248,2,1,2,3.0,39b Rue Général Henri de Virel,47.584896,-2.628862,17:30:00,2024-05-29
202400016713,08:48,Plein jour,56,56002,1,9,1,5.0,Sainte-Julitte,47.589121,-2.549928,08:48:00,2024-05-30
202400016714,17:50,Plein jour,2B,2B207,1,1,1,6.0,village (sortie),42.465659,9.457281,17:50:00,2024-05-30
202400016715,17:15,Plein jour,71,71313,1,1,1,6.0,La Siarre,46.956795,4.247299,17:15:00,2024-05-30
202400016716,18:05,Plein jour,63,63154,1,2,1,3.0,D997 / D81,45.74786583,3.32412773,18:05:00,2024-05-30
202400016717,15:40,Plein jour,12,12209,2,1,1,6.0,10 route du nayrac,44.686715,2.660451,15:40:00,2024-05-29
202400016718,13:51,Plein jour,25,25228,2,6,1,2.0,705 Rue du Breuil,47.510799,6.859455,13:51:00,2024-05-18
202400016719,18:15,Plein jour,25,25258,1,1,1,7.0,Chemin de la Dinde,47.219218,5.922532,18:15:00,2024-05-24
202400016720,17:50,Plein jour,44,44223,1,2,8,3.0,Avenue de la Vendée,47.047113,-1.508732,17:50:00,2024-05-29
202400016721,13:40,Plein jour,44,44131,1,1,2,1.0,Unknown,47.111648,-2.00508,13:40:00,2024-05-29
202400016722,06:55,Plein jour,38,38311,2,1,3,6.0,1106 Route de Pisieu,45.387028,5.105974,06:55:00,2024-05-30
202400016723,20:00,Plein jour,38,38361,1,1,1,6.0,D119,44.875457,5.734305,20:00:00,2024-05-29
202400016724,18:25,Plein jour,15,15087,1,1,3,1.0,RD 41,44.756021,2.455761,18:25:00,2024-05-29
202400016725,11:37,Plein jour,72,72068,2,7,1,6.0,14 Place de la République,47.72799,0.575415,11:37:00,2024-05-30
202400016726,21:45,Nuit sans éclairage,50,50628,1,2,2,6.0,D911,48.720181,-1.223211,21:45:00,2024-05-28
202400016727,14:52,Plein jour,64,64291,1,3,1,5.0,chemin d arancou,43.450442,-1.029689,14:52:00,2024-05-29
202400016728,10:50,Plein jour,07,07346,1,3,1,3.0,D86 route de Chateauneuf,44.45327809,4.68575451,10:50:00,2024-05-29
202400016729,09:45,Plein jour,40,40195,1,1,1,1.0,Route du Marsan,43.754667,-0.448176,09:45:00,2024-05-28
202400016730,14:08,Plein jour,17,17253,1,1,1,1.0,D911,45.990701,-0.897188,14:08:00,2024-05-30
202400016731,17:10,Plein jour,30,30102,1,1,1,7.0,D225,43.911173,4.286556,17:10:00,2024-05-30
202400016732,14:15,Plein jour,09,09239,1,3,5,3.0,Col des Hares,42.683185,2.124631,14:15:00,2024-05-30
202400016733,08:00,Plein jour,973,97311,2,3,3,2.0,Rue Joseph Symphorien,5.498593,-54.029008,08:00:00,2024-05-28
202400016734,19:46,Crépuscule,34,34111,2,1,1,6.0,Avenue du Mont Aigoual,43.930844,3.705134,19:46:00,2024-05-26
202400016735,20:10,Plein jour,67,67336,1,1,1,7.0,Nordhouse,48.443985,7.699201,20:10:00,2024-05-28
202400016736,17:05,Plein jour,55,55122,2,1,1,6.0,2 Rue du Docteur Edmond Morelle,48.75808999,5.59082576,17:05:00,2024-05-30
202400016737,14:55,Plein jour,63,63150,2,1,1,6.0,Parking Leclerc Volvic,45.888866,3.069504,14:55:00,2024-05-30
202400016738,18:45,Plein jour,01,01160,2,2,1,3.0,Route de Prévessin,46.255457,6.102144,18:45:00,2024-05-10
202400016739,12:00,Plein jour,01,01160,1,1,1,6.0,Route de Meyrin,46.245301,6.094714,12:00:00,2024-04-30
202400016740,07:50,Plein jour,33,33449,2,1,1,6.0,Unknown,44.895455,-0.725196,07:50:00,2024-05-30
202400016741,20:00,Plein jour,14,14658,1,2,8,3.0,1 Route de la Pichardière,48.819069,-0.966255,20:00:00,2024-05-29
202400016742,16:50,Plein jour,14,14488,2,1,1,6.0,119 Avenue du Grand Large,49.269569,-0.256408,16:50:00,2024-05-27
202400016743,21:29,Crépuscule,14,14060,1,1,1,7.0,D515,49.247946,-0.282168,21:29:00,2024-05-27
202400016744,12:00,Plein jour,27,27031,1,3,1,3.0,Route de Sacquenville,49.049134,1.116426,12:00:00,2024-05-12
202400016745,17:30,Crépuscule,80,80034,1,9,3,5.0,D937,49.839609,2.99239,17:30:00,2024-05-30
202400016746,13:30,Plein jour,83,83144,1,1,1,2.0,A57,43.14318523,6.01072219,13:30:00,2024-05-29
202400016747,13:50,Plein jour,59,59234,1,1,1,7.0,AUTOROUTE A21,50.3993,3.0869,13:50:00,2024-05-26
202400016748,00:44,Nuit sans éclairage,59,59196,1,1,3,7.0,ROUTE METROPOLITAINE 652,50.63243,2.96303,00:44:00,2024-05-27
202400016749,14:58,Plein jour,59,59328,1,1,3,7.0,ROUTE METROPOLITAINE 652,50.66592,3.02719,14:58:00,2024-05-26
202400016750,02:50,Nuit sans éclairage,62,62907,1,1,1,6.0,A1,50.49133,2.99219,02:50:00,2024-05-25
202400016751,18:50,Plein jour,94,94043,1,1,2,3.0,A6B,48.813539,2.3546078,18:50:00,2024-05-29
202400016752,09:32,Plein jour,94,94076,1,1,8,3.0,A6B,48.7908173,2.34457243,09:32:00,2024-05-29
202400016753,10:20,Plein jour,92,92047,1,1,2,3.0,A13,48.83397544,2.16646875,10:20:00,2024-05-29
202400016754,08:00,Plein jour,78,78640,1,1,2,3.0,N118,48.781293,2.223001,08:00:00,2024-05-29
202400016755,09:20,Plein jour,92,92025,1,1,1,3.0,A86,48.93500468,2.25929339,09:20:00,2024-05-29
202400016756,08:30,Plein jour,92,92036,1,1,1,3.0,A86,48.93403705,2.27764322,08:30:00,2024-05-28
202400016757,11:15,Plein jour,95,95572,1,1,2,5.0,N184,49.03491224,2.11480807,11:15:00,2024-05-29
202400016758,07:55,Plein jour,95,95018,1,1,2,6.0,A15,48.96022959,2.27078238,07:55:00,2024-05-29
202400016759,18:05,Plein jour,93,93005,1,1,1,3.0,A1,48.96072159,2.46789896,18:05:00,2024-05-26
202400016760,08:55,Plein jour,77,77517,1,1,2,2.0,A104.INT,48.90843855,2.63820456,08:55:00,2024-05-29
202400016761,00:25,Nuit sans éclairage,77,77258,1,1,1,4.0,A4.W,48.8324637,2.65688229,00:25:00,2024-05-29
202400016762,11:15,Plein jour,06,06029,2,1,1,3.0,Boulevard du Midi Louise Moreau,43.54925,6.9972,11:15:00,2024-05-27
202400016763,02:00,Nuit avec éclairage,35,35288,2,1,1,6.0,rue des Hauts Sablons,48.635792,-2.021987,02:00:00,2024-03-01
202400016764,18:00,Crépuscule,74,74007,1,1,1,6.0,Route de Bonneville,46.071011,6.325252,18:00:00,2024-03-19
202400016765,16:35,Plein jour,74,74042,2,1,1,7.0,61 Rue des grèbes huppes,46.072661,6.419175,16:35:00,2024-03-17
202400016766,08:03,Plein jour,74,74105,2,5,1,3.0,Avenue de geneve,46.30575,6.301268,08:03:00,2024-03-15