Num_Acc,hrmn,lum,dep,com,agg,int,atm,col,adr,lat,long,heure,date
202400016767,20:00,Nuit sans éclairage,74,74042,1,1,2,6.0,D186,46.05652153,6.44012475,20:00:00,2024-03-10
202400016768,18:50,Nuit sans éclairage,74,74260,1,4,1,1.0,Route de frangy,46.06254196,5.96245384,18:50:00,2024-02-17
202400016769,11:25,Plein jour,987,98735,1,9,1,3.0,CHESSE ( RUE),-17.5336,-149.55881,11:25:00,2024-05-27
202400016770,18:15,Nuit sans éclairage,974,97416,1,1,2,4.0,RN2 (2),-21.34998,55.50395,18:15:00,2024-05-28
202400016771,12:20,Plein jour,974,97411,2,3,1,1.0,BEDIER (RUE AMEDEE),-20.88433,55.45788,12:20:00,2024-05-27
202400016772,15:50,Plein jour,974,97409,2,1,1,6.0,DU LYCEE(RUE),-20.96557,55.65177,15:50:00,2024-05-28
202400016773,07:43,Plein jour,974,97407,1,1,7,3.0,COMPAGNIE DES INDES (BD DE LA) ,-20.94503658,55.32189703,07:43:00,2024-05-27
202400016774,09:40,Plein jour,973,97302,2,1,3,7.0,MONTABO (ROUTE DE) 1,4.94435981,-52.31769919,09:40:00,2024-05-28
202400016775,07:00,Plein jour,973,97302,2,1,3,2.0,MADELEINE (ROUTE DE LA),4.91527,-52.32112,07:00:00,2024-05-28
202400016776,19:20,Plein jour,69,69383,2,1,1,6.0,Rue Moncey,45.75999,4.84828,19:20:00,2024-05-28
202400016777,07:50,Plein jour,972,97209,2,1,1,6.0,GENERAL DE GAULLE (BLD DU),14.60805,-61.07251,07:50:00,2024-05-27
202400016778,18:30,Crépuscule,971,97101,1,4,1,6.0,PAGES,16.25427,-61.50037,18:30:00,2024-05-28
202400016779,19:20,,971,97113,1,1,1,6.0,RN4 - SECTION RIVIERA,16.21781326,-61.48640692,19:20:00,2024-05-26
202400016780,05:30,Crépuscule,91,91477,1,1,1,1.0,SACLAY (ROUTE DE),48.71914,2.21182,05:30:00,2024-05-28
202400016781,12:50,Plein jour,91,91691,2,6,2,3.0,MARCEAU BAILLIOTI(RUE),48.707091,2.496189,12:50:00,2024-05-28
202400016782,08:10,Plein jour,91,91421,1,9,1,3.0,NATIONALE 6 (REVEIL MATIN),48.71942,2.44315,08:10:00,2024-05-28
202400016783,06:50,Plein jour,91,91433,1,1,1,6.0,RD 191,48.449881,2.2322465,06:50:00,2024-05-28
202400016784,14:35,Plein jour,33,33348,2,1,1,3.0,Unknown,45.348835,-0.988019,14:35:00,2024-10-14
202400016785,17:25,Plein jour,90,90010,2,6,1,3.0,ALTKIRCH (AVENUE),47.63025,6.86441,17:25:00,2024-05-28
202400016786,18:05,Crépuscule,71,71201,1,1,1,6.0,route départementale 983,46.682833,4.622304,18:05:00,2024-10-13
202400016787,18:20,Plein jour,68,68135,2,1,8,6.0,3 Rue du Forgeron,47.576989,7.522073,18:20:00,2024-10-13
202400016788,19:00,Plein jour,87,87085,2,2,1,7.0,AINE (PLACE D'),45.83056,1.25462,19:00:00,2024-05-27
202400016789,15:09,Plein jour,87,87085,2,2,1,3.0,DUMAS (AVENUE GEORGES),45.82604,1.268,15:09:00,2024-05-24
202400016790,14:00,Plein jour,31,31033,2,1,1,6.0,Avenue d'Hermannsburg,43.355703,1.463279,14:00:00,2024-10-14
202400016791,20:30,Plein jour,84,84087,1,1,7,7.0,CAMARET (ROUTE DE),44.144282,4.825114,20:30:00,2024-05-28
202400016792,18:35,Plein jour,31,31592,1,1,7,3.0,Route de Larra,43.728755,1.20531,18:35:00,2024-10-13
202400016793,20:00,,84,84007,2,1,1,6.0,PIERRE SEMARD (avenue),43.94302,4.81581,20:00:00,2024-05-23
202400016794,05:10,,31,31561,2,2,1,3.0,Rue de Biarritz,43.651607,1.483567,05:10:00,2024-10-13
202400016795,11:15,Plein jour,78,78401,2,3,2,3.0,GAMBETTA (RUE),49.00546,1.91405,11:15:00,2024-05-28
202400016796,20:10,,31,31581,2,1,1,6.0,Route de Bouloc,43.825332,1.430476,20:10:00,2024-10-13
202400016797,16:05,Plein jour,78,78208,2,2,2,3.0,DASSAULT (AVENUE MARCEL),48.79197,1.96556,16:05:00,2024-05-28
202400016798,07:25,Crépuscule,38,38303,2,1,1,3.0,1057 Route de Savoie,45.287871,5.938395,07:25:00,2024-10-15
202400016799,13:45,Plein jour,77,77284,2,1,2,7.0,MARRONNIERS (RUE DES),48.95672,2.8885,13:45:00,2024-05-28
202400016800,19:50,Nuit sans éclairage,72,72296,1,1,1,1.0,l'orée du bois,48.09901036,0.65927222,19:50:00,2024-10-14
202400016801,13:50,Plein jour,76,76351,2,2,1,6.0,INGOUVILLE (RUE),49.49746,0.10942,13:50:00,2024-05-27
202400016802,14:55,Plein jour,14,14431,1,1,1,3.0,D232,49.067786,-0.121204,14:55:00,2024-10-13
202400016803,15:00,Plein jour,50,50138,1,1,2,6.0,Biévredant,49.445912,-1.495063,15:00:00,2024-10-15
202400016804,08:30,Plein jour,72,72181,2,6,2,3.0,CHANZY (RUE)  N° PAIRS 2 A 50,48.00408,0.20252,08:30:00,2024-05-28
202400016805,06:45,Nuit sans éclairage,50,50585,1,1,5,2.0,D650,49.452329,-1.791211,06:45:00,2024-10-15
202400016806,17:29,Plein jour,71,71270,2,1,1,6.0,NORMANDIE (RUE DE),46.32112,4.82913,17:29:00,2024-05-28
202400016807,19:45,Crépuscule,60,60513,1,1,8,1.0,Route Départementale 92,49.201848,2.369066,19:45:00,2024-10-14
202400016808,13:55,Plein jour,69,69266,2,2,1,3.0,204 Cours Emile Zola,45.76864,4.88444,13:55:00,2024-05-28
202400016809,10:00,Plein jour,69,69259,2,1,1,3.0,Avenue Francis de Pressensé,45.71461745,4.87258335,10:00:00,2024-05-26
202400016810,17:30,Plein jour,64,64490,1,1,2,1.0,d918,43.211627,-1.283169,17:30:00,2024-10-15
202400016811,16:30,Plein jour,67,67482,2,1,1,7.0,JEAN JAURES (AVENUE),48.5675,7.7704,16:30:00,2024-05-28
202400016812,13:30,Plein jour,43,43244,1,3,1,2.0,La Combe,45.14730133,4.29380844,13:30:00,2024-10-11
202400016813,22:20,,64,64445,2,1,1,6.0,EUROPE DE L',43.32917107,-0.35271585,22:20:00,2024-05-28
202400016814,20:50,Nuit sans éclairage,27,27463,1,1,2,6.0,D438,49.124935,0.63401,20:50:00,2024-10-10
202400016815,21:15,Nuit sans éclairage,27,27481,1,1,2,6.0,D926 PK 4+200,48.740894,0.884249,21:15:00,2024-10-10
202400016816,09:55,Plein jour,63,63113,2,2,1,2.0,CLEMENTEL (BD ETIENNE)/ Solayer,45.80948307,3.10943663,09:55:00,2024-05-28
202400016817,19:20,Plein jour,62,62624,2,1,1,2.0,D160E1,50.4178105,2.98721302,19:20:00,2024-05-25
202400016818,17:50,Plein jour,17,17053,1,3,1,3.0,D118 rue de la prée,45.886902,-0.808525,17:50:00,2024-10-15
202400016819,05:35,Nuit sans éclairage,68,68242,1,1,1,6.0,A35,47.97584876,7.37324683,05:35:00,2024-10-15
202400016820,13:40,Plein jour,62,62193,2,3,2,3.0,Avenue Georges Guynemer,50.95137024,1.89256847,13:40:00,2024-05-28
202400016821,16:50,Plein jour,18,18140,1,1,1,7.0,Unknown,47.161443,1.986752,16:50:00,2024-10-15
202400016822,09:00,Plein jour,60,60057,2,6,2,3.0,Avenue Président J.F. Kennedy,49.42391,2.10521,09:00:00,2024-05-28
202400016823,14:40,Plein jour,59,59527,2,2,2,1.0,DE LATTRE TASSIGNY.AV °1A205,50.66161,3.03516,14:40:00,2024-05-28
202400016824,08:30,Plein jour,95,95061,1,1,1,3.0,D44,49.05883903,2.25201551,08:30:00,2024-10-15
202400016825,20:45,Crépuscule,56,56121,2,2,1,3.0,Rue de Kerjulaude,47.7438407,-3.3810829,20:45:00,2024-05-26
202400016826,00:10,Nuit sans éclairage,01,01213,1,1,1,2.0,A 42 PK 038+000,45.942914,5.294037,00:10:00,2024-10-12
202400016827,09:47,Plein jour,56,56098,2,1,1,2.0,Lann Sévelin,47.778623,-3.348612,09:47:00,2024-05-27
202400016828,13:45,Plein jour,987,98715,2,1,1,3.0,PK 6,-17.564277,-149.611892,13:45:00,2024-10-14
202400016829,14:45,Plein jour,54,54395,2,2,1,3.0,Rue Saint Dizier,48.686764,6.185462,14:45:00,2024-05-27
202400016830,09:45,Plein jour,13,13109,1,1,1,2.0,A8 PK 023.sens LYON - NICE,43.51270691,5.4864048,09:45:00,2024-10-15
202400016831,08:40,Plein jour,54,54025,1,2,1,1.0,Avenue Sainte Marguerite,48.66322,6.2376,08:40:00,2024-05-27
202400016832,17:40,Plein jour,62,62019,1,1,2,2.0,A26,50.4238743,2.71886946,17:40:00,2024-10-14
202400016833,18:00,Plein jour,54,54099,1,9,1,7.0,D138,49.24930957,5.96143484,18:00:00,2024-05-27
202400016834,08:52,Plein jour,49,49007,1,1,1,3.0,A87N,47.45222,-0.51485,08:52:00,2024-05-27
202400016835,18:35,,971,97118,1,1,1,2.0,Colin RN1,16.198809,-61.605814,18:35:00,2024-10-12
202400016836,17:35,Plein jour,978,97801,2,1,1,6.0,R LADY FISH,18.059895,-63.098782,17:35:00,2024-10-12
202400016837,18:50,Plein jour,44,44109,2,1,1,1.0,19 Chaussée de la Madeleine,47.2108,-1.5515,18:50:00,2024-05-28
202400016838,08:10,Plein jour,44,44109,2,6,1,2.0,127 Rue du Corps de Garde,47.2172329,-1.60121441,08:10:00,2024-05-28
202400016839,07:00,Crépuscule,77,77196,1,1,1,2.0,N3,48.947505,2.728729,07:00:00,2024-10-15
202400016840,10:12,Plein jour,37,37122,2,1,1,6.0,BRIAND (RUE ARISTIDE),47.35189,0.66184,10:12:00,2024-05-28
202400016841,08:20,Crépuscule,77,77238,1,1,1,2.0,route de la ferte sous jouarre,48.934031,3.124001,08:20:00,2024-10-15
202400016842,07:40,Plein jour,35,35238,2,2,2,3.0,NANTES (RUE DE),48.09032,-1.69275,07:40:00,2024-05-28
202400016843,11:45,Plein jour,78,78346,1,1,1,1.0,D115,48.9049,1.588726,11:45:00,2024-10-14
202400016844,08:35,Plein jour,34,34003,2,1,1,1.0,MARCELLIN ALBERT (H15 A H16,43.30765,3.47747,08:35:00,2024-05-27
202400016845,18:00,Plein jour,84,84054,2,1,2,6.0,Route de Carpentras,43.930524,5.06238,18:00:00,2024-10-14
202400016846,19:30,Plein jour,33,33162,2,1,1,6.0,Unknown,44.87453,-0.62853,19:30:00,2024-05-28
202400016847,21:38,Nuit sans éclairage,83,83106,1,1,1,1.0,D81,43.319894,6.06617,21:38:00,2024-10-14
202400016848,22:45,,33,33063,2,1,1,6.0,Unknown,44.86495,-0.57473,22:45:00,2024-05-28
202400016849,16:35,Plein jour,83,83023,2,1,1,6.0,691 Avenue Frédéric Mistral,43.400671,6.058134,16:35:00,2024-10-15
202400016850,18:20,Plein jour,33,33063,2,1,1,1.0,Unknown,44.88581,-0.54972,18:20:00,2024-05-28
202400016851,17:00,Crépuscule,06,06077,1,1,1,7.0,Route de Luceram,43.875627,7.352054,17:00:00,2024-10-11
202400016852,18:15,Plein jour,33,33063,2,1,1,6.0,Unknown,44.87404,-0.57446,18:15:00,2024-05-28
202400016853,14:10,Plein jour,06,06048,1,1,1,5.0,1045 Avenue Charles Alunni,43.801487,7.322916,14:10:00,2024-10-15
202400016854,14:00,Plein jour,33,33529,2,3,1,3.0,Unknown,44.610443,-1.138156,14:00:00,2024-05-28
202400016855,16:30,Plein jour,13,13042,2,1,1,2.0,189 Avenue du 2e Cuirassier,43.298602,5.621704,16:30:00,2024-10-13
202400016856,11:30,Plein jour,31,31555,2,1,1,6.0,RUE ACHILLE VIADIEU,43.590765,1.444481,11:30:00,2024-04-30
202400016857,17:15,Plein jour,69,69228,1,1,1,1.0,Route de Riverie,45.616514,4.626285,17:15:00,2024-10-13
202400016858,17:30,Plein jour,29,29232,1,1,1,2.0,CNO,48.03087886,-4.09411698,17:30:00,2024-05-27
202400016859,18:25,Plein jour,85,85298,1,1,2,1.0,RD32,46.58715,-1.76173,18:25:00,2024-09-21
202400016860,08:55,Plein jour,29,29019,2,3,1,3.0,rue Dupuy de Lome,48.390789,-4.509312,08:55:00,2024-05-28
202400016861,14:15,Plein jour,49,49138,1,1,1,3.0,D347,47.416317,-0.16951,14:15:00,2024-10-14
202400016862,15:00,Plein jour,29,29042,2,6,1,7.0,boulevard de Sligo,48.24818032,-4.47132673,15:00:00,2024-10-11
202400016863,07:15,Plein jour,26,26252,1,2,1,3.0,Avenue du Port,44.87885309,4.86670732,07:15:00,2024-05-28
202400016864,18:30,Plein jour,25,25056,2,4,1,2.0,RN 1057 (ROUTE DE GRAY-CH.EPITAPHE),47.225175,5.978907,18:30:00,2024-05-28
202400016865,17:10,Plein jour,35,35047,1,2,1,1.0,102 les Garennes,48.004871,-1.741788,17:10:00,2024-10-10
202400016866,21:50,,25,25056,2,1,1,3.0,PAIX  AVENUE DE LA,47.2462,6.02219,21:50:00,2024-05-28
202400016867,19:42,Plein jour,33,33122,1,1,1,6.0,Unknown,44.746773,-0.700903,19:42:00,2024-10-14
202400016868,05:45,Plein jour,13,13103,1,6,1,7.0,AVENUE DE ALABOUVETTE-RN 113,43.64074,5.03703,05:45:00,2024-05-28
202400016869,11:35,Plein jour,13,13213,2,2,1,3.0,ESCADRILLE NORMANDIE NIEMEN,43.32705,5.40976,11:35:00,2024-05-28
202400016870,08:35,Plein jour,33,33448,1,1,1,2.0,Unknown,44.722962,-0.524302,08:35:00,2024-10-14
202400016871,09:25,Plein jour,10,10387,2,2,1,6.0,Rue d'Alsace - Lorraine,48.28592,4.08277,09:25:00,2024-05-27
202400016872,06:45,Nuit sans éclairage,33,33487,1,9,1,4.0,Unknown,44.95103901,-0.46154046,06:45:00,2024-10-14
202400016873,12:25,Plein jour,09,09225,1,9,1,6.0,CASTELLANE LIEU DIT,43.12114,1.65263,12:25:00,2024-05-28
202400016874,06:57,,33,33065,1,1,1,3.0,Unknown,44.81231,-0.52163,06:57:00,2024-10-14
202400016875,13:35,Plein jour,03,03190,2,9,1,3.0,Rue des Bouvreuils,46.54787,3.33768,13:35:00,2024-05-28
202400016876,21:10,,33,33249,1,1,1,2.0,Unknown,44.87885,-0.52789,21:10:00,2024-10-11
202400016877,08:25,Plein jour,91,91340,1,1,1,3.0,AUTOROUTE A6,48.59977,2.4398,08:25:00,2024-10-14
202400016878,14:00,Plein jour,75,75119,2,3,2,4.0,RUE DE CRIMEE,48.887168,2.3810807,14:00:00,2024-05-28
202400016879,14:20,Plein jour,78,78640,1,1,1,5.0,N118,48.777524,2.222174,14:20:00,2024-10-13
202400016880,09:15,Plein jour,75,75119,2,2,8,3.0,RUE DE BELLEVILLE,48.875487,2.397965,09:15:00,2024-05-28
202400016881,13:55,Plein jour,78,78498,1,1,1,6.0,A13,48.912883,2.005553,13:55:00,2024-10-13
202400016882,14:25,Plein jour,75,75117,2,3,2,3.0,BOULEVARD BESSIERES,48.895362,2.316385,14:25:00,2024-05-28
202400016883,08:00,Crépuscule,78,78206,1,1,1,2.0,A13,48.96874,1.917356,08:00:00,2024-10-13
202400016884,11:50,Plein jour,75,75116,2,2,2,3.0,AVENUE RAYMOND POINCARE,48.872192,2.28471,11:50:00,2024-05-28
202400016885,04:09,Nuit sans éclairage,78,78043,1,1,1,5.0,A12 W,48.826853,2.076967,04:09:00,2024-10-12
202400016886,08:30,Plein jour,75,75116,2,3,8,2.0,RUE DE PASSY,48.858309,2.283142,08:30:00,2024-05-28
202400016887,14:30,Plein jour,95,95582,1,1,1,6.0,A15,48.97011903,2.249862,14:30:00,2024-10-14
202400016888,09:25,Plein jour,95,95060,1,1,1,2.0,A115,49.03632652,2.19483097,09:25:00,2024-10-14
202400016889,15:00,Plein jour,75,75115,2,2,8,7.0,RUE DE LA CROIX NIVERT,48.837357,2.289465,15:00:00,2024-05-28
202400016890,13:55,Plein jour,93,93010,1,1,1,2.0,AUTOROUTE A3,48.90625339,2.47214056,13:55:00,2024-10-14
202400016891,09:40,Plein jour,93,93073,1,1,1,2.0,AUTOROUTE A104,48.96676604,2.56065607,09:40:00,2024-10-14
202400016892,20:50,Nuit sans éclairage,95,95582,1,1,2,2.0,A15,48.9685214,2.2516783,20:50:00,2024-10-10
202400016893,16:00,Plein jour,84,84042,2,1,1,6.0,Boulevard du Sud,43.771734,5.440323,16:00:00,2024-06-24
202400016894,07:30,Plein jour,80,80642,1,3,1,3.0,D933,50.146436,2.140853,07:30:00,2024-05-23
202400016895,19:39,Crépuscule,80,80159,1,1,1,7.0,Autoroute A29 - PK 209+225,49.858543,2.466731,19:39:00,2024-04-29
202400016896,18:00,Plein jour,32,32227,1,1,1,2.0,D931,43.813256,0.080767,18:00:00,2024-05-20
202400016897,18:30,Plein jour,41,41151,2,1,1,6.0,107 Rue de Tours,47.342585,1.16917,18:30:00,2024-07-20
202400016898,23:10,Nuit sans éclairage,24,24301,1,1,1,6.0,D63,45.014362,1.441784,23:10:00,2024-07-26
202400016899,13:50,Plein jour,57,57620,1,3,1,1.0,D181a,49.19663524,5.98965137,13:50:00,2024-07-25
202400016900,19:25,,69,69152,2,1,1,6.0,145 Boulevard de l'Europe,45.69603,4.82601,19:25:00,2024-10-13
202400016901,07:30,Plein jour,69,69034,2,2,1,3.0,Avenue Jean Monnet,45.79162249,4.8375483,07:30:00,2024-10-11
202400016902,12:30,Plein jour,95,95268,2,1,1,6.0,JACQUES ANQUETIL (RUE),48.96186716,2.39848942,12:30:00,2024-10-13
202400016903,17:00,Plein jour,95,95572,2,1,2,6.0,PONT VERT (RUE DU),49.03376848,2.12709278,17:00:00,2024-10-12
202400016904,15:00,Plein jour,95,95323,2,2,1,6.0,OISE (BOULEVARD DE L'),49.01329,2.02772,15:00:00,2024-10-11
202400016905,11:50,Plein jour,91,91347,2,1,8,1.0,RUE DE LORMOY,48.64133,2.29153,11:50:00,2024-10-12
202400016906,06:20,,91,91174,2,6,1,3.0,RUE DE LA PAPETERIE,48.59716,2.46586,06:20:00,2024-10-13
202400016907,01:35,Nuit avec éclairage,84,84007,1,1,3,1.0,129 (RN) MFT,43.88997,4.91563,01:35:00,2024-10-13
202400016908,15:40,Plein jour,83,83137,1,1,8,1.0,CD 46 DE 1930 A FIN (VALETTE),43.15287,5.96389,15:40:00,2024-10-12
202400016909,16:05,Plein jour,81,81257,2,2,1,3.0,TEQUI ( AVENUE GERMAIN ),43.94877,2.21067,16:05:00,2024-10-12
202400016910,20:55,Nuit avec éclairage,78,78168,1,6,1,3.0,MESNIL ST DENIS (RUE DU),48.74803,1.92631,20:55:00,2024-10-13
202400016911,12:00,Plein jour,77,77058,1,6,1,3.0,RD10,48.85006,2.73431,12:00:00,2024-10-13
202400016912,10:45,Plein jour,76,76114,2,1,1,6.0,DESGENETAIS LEON (PLACE),49.5689,0.47183,10:45:00,2024-09-23
202400016913,12:00,Plein jour,73,73011,2,2,2,6.0,COTY (RUE PRESIDENT),45.67698021,6.38928456,12:00:00,2024-10-08
202400016914,15:40,Plein jour,71,71076,2,1,1,2.0,KENNEDY (AVENUE JOHN FITZGERALD),46.79627,4.86284,15:40:00,2024-10-13
202400016915,17:30,Plein jour,69,69091,1,1,1,5.0,Route de Mornant,45.58906446,4.73539773,17:30:00,2024-10-13
202400016916,15:40,Plein jour,64,64445,2,2,1,3.0,JEAN MERMOZ,43.31581,-0.37802,15:40:00,2024-10-13
202400016917,10:40,Plein jour,64,64445,2,1,1,7.0,NORMAN PRINCE,43.30713,-0.34093,10:40:00,2024-10-13
202400016918,05:30,,60,60382,1,1,1,1.0,RD 935,49.44330548,2.79531884,05:30:00,2024-10-12
202400016919,03:56,,44,44143,2,1,1,1.0,5 Avenue Louise Michel,47.18801,-1.54783,03:56:00,2024-10-13
202400016920,08:50,Plein jour,35,35051,1,1,1,2.0,PORTE DE NORMANDIE,48.14753,-1.61535,08:50:00,2024-10-13
202400016921,15:34,Plein jour,22,22278,2,3,1,3.0,PARIS (DE),48.50204,-2.73712,15:34:00,2024-10-13
202400016922,16:05,Plein jour,17,17415,2,1,1,6.0,MARINE RUE DE LA,45.74935,-0.63392,16:05:00,2024-10-13
202400016923,15:55,Plein jour,14,14243,2,4,1,7.0,6 Chemin du Clos Videcoq,49.39326,0.20585,15:55:00,2024-10-08
202400016924,17:30,Plein jour,13,13103,1,1,1,3.0,AURELIENNE -ANCIENNE VOIE,43.62704,5.06965,17:30:00,2024-10-13
202400016925,21:44,Nuit avec éclairage,13,13077,2,1,1,4.0,THOREZ MAURICE (avenue),43.40693106,4.98087403,21:44:00,2024-09-05
202400016926,16:54,Plein jour,13,13204,2,1,1,1.0,SAKAKINI (BOULEVARD),43.29632,5.40015,16:54:00,2024-10-13
202400016927,10:15,Plein jour,13,13211,2,1,1,3.0,JEAN LOMBARD (AVENUE),43.28897216,5.43202328,10:15:00,2024-10-12
202400016928,13:55,Plein jour,13,13047,1,1,1,1.0,R.N 569,43.57908,4.98447,13:55:00,2024-10-13
202400016929,04:05,Nuit sans éclairage,08,08409,2,1,1,6.0,Unknown,49.70238825,4.96306971,04:05:00,2024-10-12
202400016930,01:15,,07,07019,2,1,2,5.0,JEAN MATHON(BOULEVARD),44.6199,4.3871,01:15:00,2024-10-13
202400016931,12:25,Plein jour,03,03101,1,2,1,3.0,RICROS,46.37881,2.51914,12:25:00,2024-10-13
202400016932,22:54,,01,01031,2,9,2,6.0,PRES ( RUE DES ),46.232514,5.623356,22:54:00,2024-10-12
202400016933,12:11,Plein jour,75,75112,2,1,1,2.0,BD PERIPHERIQUE EXTERIEUR,48.832542,2.406109,12:11:00,2024-10-11
202400016934,00:05,,75,75110,2,2,1,6.0,BOULEVARD DE MAGENTA,48.877367,2.355112,00:05:00,2024-10-11
202400016935,21:45,,75,75120,2,2,1,4.0,RUE DES PYRENEES,48.871659,2.392303,21:45:00,2024-10-10
202400016936,21:20,,75,75118,2,1,1,6.0,AVENUE DE LA PORTE DE MONTMARTRE,48.898519,2.336771,21:20:00,2024-10-13
202400016937,02:25,,75,75116,2,3,1,6.0,AVENUE DE NEW YORK,48.858829,2.288978,02:25:00,2024-10-13
202400016938,05:30,,75,75115,2,2,1,3.0,RUE DE VAUGIRARD,48.840397,2.30425,05:30:00,2024-10-13
202400016939,11:20,Plein jour,75,75113,2,2,1,7.0,AVENUE DE LA PORTE D ITALIE,48.819118,2.359522,11:20:00,2024-10-13
202400016940,14:30,Plein jour,75,75110,2,3,1,3.0,RUE PIERRE CHAUSSON,48.87093,2.360804,14:30:00,2024-10-13
202400016941,22:20,,94,94074,2,1,1,6.0,Rue Louise Michel,48.7445,2.46541,22:20:00,2024-10-12
202400016942,20:00,,94,94002,2,5,1,3.0,Boulevard Carnot,48.7959,2.42663,20:00:00,2024-10-13
202400016943,12:45,Plein jour,94,94041,2,2,1,3.0,Quai Jean Compagnon,48.81896,2.39923,12:45:00,2024-10-13
202400016944,05:10,,93,93073,2,9,2,2.0,CHAPIT RE ( RUE DU),49.00349559,2.55870581,05:10:00,2024-10-13
202400016945,10:15,Plein jour,93,93066,2,1,1,1.0,WILSON (AVENUE DU PRESIDENT),48.91440561,2.35744389,10:15:00,2024-10-13
202400016946,19:30,,93,93055,2,1,1,6.0,JEAN JAURES (AVENUE) (2/74),48.90391237,2.39243306,19:30:00,2024-10-13
202400016947,11:25,Plein jour,93,93053,2,1,1,6.0,ANATOLE FRANCE (RUE),48.88617613,2.44575763,11:25:00,2024-10-13
202400016948,19:20,,92,92062,2,1,1,6.0,REPUBLIQUE (RUE DE LA) N° 100 A 14,48.88479475,2.23964015,19:20:00,2024-10-11
202400016949,15:15,Plein jour,92,92050,2,2,1,3.0,JOLIOT CURIE F. ET IRENE AVENUE  N°PAIRS,48.88932487,2.20413432,15:15:00,2024-10-13
202400016950,20:10,,92,92012,2,2,1,3.0,PIERRE LEFAUCHEUX (AVENUE),48.82732935,2.23450921,20:10:00,2024-10-13
202400016951,07:49,Plein jour,78,78356,1,3,1,3.0,D195,48.74217,2.055951,07:49:00,2024-10-14
202400016952,16:12,Plein jour,71,71360,1,2,1,3.0,D17,46.322119,4.767327,16:12:00,2024-10-13
202400016953,17:30,Plein jour,974,97415,1,1,1,2.0,Route Nationale 1,-20.993496,55.28758,17:30:00,2024-10-08
202400016954,08:15,Plein jour,11,11413,1,1,1,1.0,Unknown,43.341113,2.289169,08:15:00,2024-10-14
202400016955,12:10,Plein jour,09,09224,1,1,1,1.0,D919,43.08359,1.433136,12:10:00,2024-10-13
202400016956,00:45,Nuit sans éclairage,22,22190,1,1,1,7.0,D2,48.526468,-2.091651,00:45:00,2024-10-13
202400016957,07:55,Plein jour,40,40036,2,1,1,6.0,Route de Dax,43.642147,-1.341941,07:55:00,2024-10-14
202400016958,02:45,,40,40304,2,1,1,6.0,1060 Avenue du Golf,43.656975,-1.416971,02:45:00,2024-10-06
202400016959,12:55,Plein jour,49,49188,1,4,1,1.0,La Braudiere,47.587591,-0.288692,12:55:00,2024-10-14
202400016960,18:05,Crépuscule,83,83004,1,3,1,6.0,chemin du collombier,43.46036512,6.47487316,18:05:00,2024-10-10
202400016961,10:40,Plein jour,59,59016,1,1,3,1.0,D3,50.970066,2.372477,10:40:00,2024-10-14
202400016962,10:00,Plein jour,79,79007,1,1,1,7.0,Unknown,46.584048,-0.416236,10:00:00,2024-10-13
202400016963,01:18,Nuit avec éclairage,79,79179,1,6,1,7.0,Unknown,46.705907,-0.598642,01:18:00,2024-10-12
202400016964,22:30,Nuit sans éclairage,79,79061,1,1,1,7.0,Unknown,46.255812,-0.225123,22:30:00,2024-10-12
202400016965,20:45,,80,80597,1,6,1,3.0,Rue Henri Barbusse,50.073351,1.589606,20:45:00,2024-09-15
202400016966,14:50,Plein jour,82,82115,1,1,1,6.0,Route de Vaissac,44.002107,1.58775,14:50:00,2024-10-13
202400016967,21:40,Nuit sans éclairage,11,11269,1,1,1,4.0,Unknown,43.295402,2.967355,21:40:00,2024-10-10
202400016968,18:55,Crépuscule,41,41106,2,2,1,3.0,Intersection Rue des Genêts et Rue de la Campagnarde,47.604172,2.036985,18:55:00,2024-10-14
202400016969,17:10,Plein jour,68,68258,2,1,1,7.0,Allée Robert Schuman,47.844184,7.280824,17:10:00,2024-10-14
202400016970,16:05,Plein jour,22,22196,1,1,1,6.0,Zone Artisanale Kerantour Sud,48.77944,-3.14636,16:05:00,2024-10-02
202400016971,13:25,Plein jour,44,44064,1,1,1,7.0,la Grande Metairie,47.089834,-1.322522,13:25:00,2024-10-12
202400016972,08:00,Crépuscule,44,44096,1,1,5,3.0,91 la loirière,47.446865,-1.180944,08:00:00,2024-10-11
202400016973,06:40,,29,29212,1,1,1,1.0,D789,48.36688436,-4.57966692,06:40:00,2024-10-06
202400016974,12:20,Plein jour,31,31145,2,1,1,7.0,Avenue de la Gare,43.306289,1.528148,12:20:00,2024-10-13
202400016975,19:36,Nuit sans éclairage,50,50487,1,1,1,1.0,La Daltiere,48.500361,-1.391205,19:36:00,2024-10-13
202400016976,14:45,Plein jour,16,16167,2,3,2,3.0,46 Route de Luchac,45.685936,-0.185973,14:45:00,2024-10-12
202400016977,16:20,Plein jour,04,04084,1,1,7,6.0,d 907,43.952946,6.180443,16:20:00,2024-10-13
202400016978,04:20,Nuit sans éclairage,85,85204,1,1,1,7.0,Chemin de la merandoire,46.815157,-1.794956,04:20:00,2024-10-13
202400016979,12:05,Plein jour,27,27170,2,1,1,6.0,Rue de l’Abbaye,49.247656,0.37729,12:05:00,2024-10-11
202400016980,12:10,Plein jour,17,17098,1,1,1,1.0,D139,45.528043,-0.7687,12:10:00,2024-10-14
202400016981,14:00,Plein jour,87,87019,1,1,1,6.0,Le Roseau,45.764724,1.312051,14:00:00,2024-10-13