Num_Acc,hrmn,lum,dep,com,agg,int,atm,col,adr,lat,long,heure,date
202400016982,16:00,Plein jour,987,98734,2,1,1,6.0,pk 35.900,-17.76096166,-149.51045036,16:00:00,2024-10-13
202400016983,08:30,Plein jour,973,97307,1,1,1,3.0,RN 2 PK 3,4.859668,-52.33391,08:30:00,2024-10-09
202400016984,16:00,Plein jour,42,42011,1,9,1,2.0,A89,45.835318,4.161555,16:00:00,2024-10-11
202400016985,15:41,Plein jour,01,01062,1,1,3,2.0,A42 PK 19+600 sens LYON GENÈVE,45.856573,5.110939,15:41:00,2024-10-12
202400016986,04:10,Nuit sans éclairage,82,82049,1,1,1,1.0,A 62 PK 145.5,44.07016683,0.82001761,04:10:00,2024-10-13
202400016987,15:25,Plein jour,36,36101,2,3,1,3.0,Lothiers,46.70032139,1.58727049,15:25:00,2024-09-30
202400016988,16:00,Plein jour,14,14712,1,1,1,2.0,A13,49.191689,-0.188484,16:00:00,2024-10-11
202400016989,16:15,Plein jour,73,73065,1,1,1,3.0,A43 Bretelle autoroute 13.10,45.602978,5.892406,16:15:00,2024-10-08
202400016990,22:50,Nuit sans éclairage,77,77333,1,1,1,1.0,Autoroute A6 PK 70+900 vers PARIS,48.285349,2.695255,22:50:00,2024-10-13
202400016991,23:20,Nuit sans éclairage,60,60505,1,1,9,1.0,RD 1017,49.171351,2.560287,23:20:00,2024-10-12
202400016992,00:30,Nuit sans éclairage,977,97701,2,1,1,6.0,Pointe Milou,17.912593,-62.814256,00:30:00,2024-10-13
202400016993,18:30,Crépuscule,971,97104,2,1,1,6.0,Avenue du Père Labat,16.018926,-61.74697,18:30:00,2024-10-12
202400016994,16:10,Plein jour,78,78380,2,2,1,3.0,9 Rue du Clos Noyon,48.909939,1.846127,16:10:00,2024-10-13
202400016995,16:25,Plein jour,83,83071,1,1,1,2.0,Avenue du General de Gaulle,43.134728,6.237182,16:25:00,2024-10-13
202400016996,19:35,Crépuscule,83,83104,1,1,1,1.0,D561,43.612294,5.702248,19:35:00,2024-10-13
202400016997,18:15,Crépuscule,13,13096,1,1,2,3.0,Chemin Haut,43.467824,4.415855,18:15:00,2024-10-14
202400016998,17:40,Crépuscule,13,13027,1,6,2,2.0,Route d'avignon,43.894367,4.822236,17:40:00,2024-10-14
202400016999,22:30,,03,03298,2,1,3,7.0,Rue des Brémonts,46.318192,3.398053,22:30:00,2024-10-12
202400017000,13:40,Plein jour,73,73075,1,1,1,1.0,D925 B,45.44378572,6.08640609,13:40:00,2024-10-14
202400017001,20:44,Nuit sans éclairage,69,69140,2,1,1,7.0,Route de Saint-Pierre,45.891502,4.690497,20:44:00,2024-10-13
202400017002,11:00,Plein jour,33,33504,1,2,1,3.0,Unknown,44.526925,-0.325534,11:00:00,2024-10-13
202400017003,21:25,Nuit sans éclairage,49,49301,1,1,1,6.0,Rue d'Anjou (St Germain-sur-Moine),47.117767,-1.109426,21:25:00,2024-10-13
202400017004,08:00,Crépuscule,44,44047,1,9,2,3.0,Route de Saint Etienne de Montluc,47.24251,-1.670029,08:00:00,2024-10-14
202400017005,11:20,Plein jour,50,50505,1,1,1,2.0,45 Les Brousses,48.676163,-1.310082,11:20:00,2024-10-13
202400017006,11:30,Plein jour,35,35047,2,1,1,6.0,Avenue Alphonse Legault,48.024886,-1.74527,11:30:00,2024-10-04
202400017007,19:00,Plein jour,13,13212,2,1,1,2.0,A507 sens Marseille - Aubagne,43.2907277,5.42449977,19:00:00,2024-10-13
202400017008,06:00,Nuit sans éclairage,13,13026,1,1,1,3.0,A55-Sens Marseille vers Martigues,43.37958366,5.16307982,06:00:00,2024-10-12
202400017009,14:45,Plein jour,83,83126,1,1,1,3.0,A50,43.11971718,5.86322838,14:45:00,2024-10-13
202400017010,18:10,Plein jour,67,67152,1,9,1,7.0,Autoroute A.35,48.52468,7.65725,18:10:00,2024-10-12
202400017011,21:15,Nuit sans éclairage,91,91286,1,1,1,6.0,AUTOROUTE A6,48.6494,2.38475,21:15:00,2024-10-12
202400017012,01:52,Nuit sans éclairage,91,91689,1,1,1,5.0,AUTOROUTE A6B,48.74569,2.32537,01:52:00,2024-10-13
202400017013,23:51,Nuit sans éclairage,91,91553,1,1,1,4.0,RN 104,48.63045,2.48649,23:51:00,2024-10-12
202400017014,17:35,Plein jour,95,95277,1,1,2,4.0,A1,48.96695166,2.47769618,17:35:00,2024-10-12
202400017015,14:40,Plein jour,93,93078,1,1,2,7.0,AUTOROUTE A104,48.96300436,2.52239723,14:40:00,2024-10-12
202400017016,20:00,Nuit sans éclairage,95,95061,1,1,1,2.0,N104,49.06849224,2.25222096,20:00:00,2024-10-11
202400017017,13:50,Plein jour,93,93010,1,1,2,3.0,AUTOROUTE A3,48.90059002,2.46986417,13:50:00,2024-10-12
202400017018,12:49,Plein jour,93,93005,1,1,2,5.0,AUTOROUTE A1,48.96577048,2.47591738,12:49:00,2024-10-12
202400017019,05:20,Nuit sans éclairage,95,95500,1,1,1,4.0,A15,49.03753486,2.09060913,05:20:00,2024-10-12
202400017020,04:00,Nuit sans éclairage,93,93053,1,1,1,6.0,AUTOROUTE A3,48.89707199,2.46965129,04:00:00,2024-10-12
202400017021,02:00,Nuit sans éclairage,93,93005,1,1,1,5.0,AUTOROUTE A3,48.95384453,2.47352068,02:00:00,2024-10-12
202400017022,21:00,Nuit sans éclairage,93,93010,1,1,1,2.0,AUTOROUTE A3,48.91555081,2.47765535,21:00:00,2024-10-11
202400017023,05:45,Nuit sans éclairage,77,77141,1,1,1,2.0,A4,48.85105714,2.83579486,05:45:00,2024-10-13
202400017024,20:10,Nuit sans éclairage,77,77169,1,1,2,2.0,RN104,48.8035342,2.62736421,20:10:00,2024-10-12
202400017025,13:45,Plein jour,94,94028,1,1,2,4.0,A86,48.79983715,2.44627859,13:45:00,2024-10-12
202400017026,13:15,Plein jour,94,94018,1,1,3,2.0,A4,48.82392287,2.39473975,13:15:00,2024-10-12
202400017027,16:43,Plein jour,44,44009,1,1,1,2.0,Unknown,47.23039832,-1.46985985,16:43:00,2024-10-06
202400017028,08:00,Crépuscule,44,44109,2,1,1,6.0,Rue Tournefort,47.22128782,-1.55177151,08:00:00,2024-10-03
202400017029,15:55,Plein jour,44,44109,2,6,1,3.0,74 Rue du Port Boyer,47.24121497,-1.53782643,15:55:00,2024-09-24
202400017030,17:35,Plein jour,14,14366,2,1,1,6.0,Avenue Jean XXIII,49.144482,0.261539,17:35:00,2024-10-11
202400017031,12:50,Plein jour,92,92026,2,9,1,3.0,ANDRE PROTHIN (AVENUE),48.89202353,2.24439383,12:50:00,2024-10-11
202400017032,16:15,Plein jour,75,75114,2,3,2,3.0,RUE D ALESIA,48.827795,2.329148,16:15:00,2024-03-11
202400017033,13:20,Plein jour,75,75113,2,2,8,6.0,BOULEVARD VINCENT AURIOL,48.833836,2.365158,13:20:00,2024-03-13
202400017034,15:39,Plein jour,75,75101,2,3,1,3.0,PLACE VENDOME,48.867208,2.328774,15:39:00,2024-03-13
202400017035,11:15,Plein jour,75,75103,2,3,8,6.0,BOULEVARD DE SEBASTOPOL,48.864168,2.351379,11:15:00,2024-03-13
202400017036,00:20,,75,75101,2,2,2,7.0,BOULEVARD DE SEBASTOPOL,48.860069,2.349089,00:20:00,2024-03-13
202400017037,08:55,Plein jour,75,75101,2,2,8,7.0,RUE DE RIVOLI,48.859103,2.346459,08:55:00,2024-03-12
202400017038,11:00,Plein jour,94,94058,2,3,1,1.0,Quai de l'Artois / Allée Guy Môquet,48.830063,2.509568,11:00:00,2024-03-03
202400017039,17:30,Plein jour,94,94003,2,1,1,6.0,14 Avenue Vladimir Ilitch Lenine,48.809569,2.330582,17:30:00,2024-03-13
202400017040,21:50,,94,94028,2,2,1,3.0,Rue Pasteur Vallery Radot / Avenue des Petites Haies,48.78816,2.44095,21:50:00,2024-03-10
202400017041,20:58,,94,94015,2,6,1,3.0,Boulevard Jean Monnet / Centre Commercial Les Armoiries,48.82922,2.52973,20:58:00,2024-03-13
202400017042,07:55,Crépuscule,93,93051,2,1,1,6.0,Avenue Emile Cossonneau,48.84942,2.56209,07:55:00,2024-03-13
202400017043,21:45,,93,93033,2,5,2,6.0,Avenue Aristide Briand / Rue des Muriers,48.85656,2.57744,21:45:00,2024-03-13
202400017044,06:40,Crépuscule,93,93049,2,2,2,3.0,Rue Poulet Langlet / Rue Gaston,48.861904,2.500249,06:40:00,2024-03-13
202400017045,11:45,Plein jour,93,93006,2,2,1,7.0,Rue Lenine / Rue Sadi Carnot,48.86996361,2.42026448,11:45:00,2024-03-13
202400017046,00:01,,93,93006,2,2,1,6.0,Avenue de la République / Avenue Galliéni,48.86224351,2.41616106,00:01:00,2024-03-12
202400017047,12:15,Plein jour,93,93047,2,1,1,6.0,Rue du Lavoir,48.899711,2.57741,12:15:00,2024-03-13
202400017048,20:38,,92,92064,2,1,1,3.0,MARCEL DASSAULT,48.85515,2.22288,20:38:00,2024-03-13
202400017049,12:10,Plein jour,92,92044,2,1,8,7.0,ARISTIDE BRIAND(RUE)51A83  54A96,48.89239,2.28829,12:10:00,2024-03-13
202400017050,11:40,Plein jour,94,94003,2,2,1,3.0,Avenue Aristide Briand,48.805731,2.325703,11:40:00,2024-07-01
202400017051,12:55,Plein jour,92,92025,2,3,2,6.0,E.D'ORVES > 330   281 (RUE),48.90998071,2.23339251,12:55:00,2024-03-12
202400017052,06:15,Crépuscule,94,94076,2,1,1,3.0,138 Avenue de Paris,48.797573,2.366179,06:15:00,2024-07-01
202400017053,12:15,Plein jour,92,92060,2,1,2,6.0,PIERRE BROSSOLETTE (AVENUE),48.77721,2.25953,12:15:00,2024-03-12
202400017054,19:29,,92,92012,2,6,2,6.0,ANDRE MORIZET (AVENUE) 1/47 - 2/52,48.83375947,2.24327302,19:29:00,2024-03-12
202400017055,23:50,,94,94043,2,3,1,3.0,Rue des Chalets / Rue Voltaire,48.81614,2.36435,23:50:00,2024-06-30
202400017056,12:15,Plein jour,12,12140,1,1,1,6.0,D911,44.38474,1.899594,12:15:00,2024-03-12
202400017057,00:05,,94,94073,2,3,1,3.0,Avenue du Général de Gaulle,48.766512,2.386446,00:05:00,2024-07-01
202400017058,10:40,Plein jour,08,08239,2,1,1,6.0,10 Avenue de Quimper,49.394807,4.382773,10:40:00,2024-03-14
202400017059,18:39,Plein jour,94,94028,2,9,1,1.0,Avenue du Chemin-de-mesly,48.78414718,2.45959961,18:39:00,2024-07-01
202400017060,18:55,Plein jour,94,94011,2,2,1,3.0,Rue Jean Catelas,48.76242182,2.47948927,18:55:00,2024-07-01
202400017061,05:40,Nuit sans éclairage,87,87120,1,1,2,1.0,A 20,45.560518,1.500578,05:40:00,2024-03-12
202400017062,10:00,Plein jour,94,94060,2,1,1,6.0,Route de Villiers,48.79339713,2.57938258,10:00:00,2024-07-01
202400017063,08:30,Plein jour,06,06095,1,4,1,1.0,Boulevard des 5 Communes,43.65007,6.884823,08:30:00,2024-03-14
202400017064,20:17,Plein jour,93,93005,2,2,1,1.0,Rue Eugène Delacroix / Boulevard Marc Chagall,48.9529,2.499005,20:17:00,2024-06-30
202400017065,15:00,Plein jour,34,34270,2,2,1,6.0,Avenue de Librilla,43.572618,3.834459,15:00:00,2024-03-13
202400017066,00:01,,93,93078,2,2,1,3.0,Avenue Montcalm / Avenue Jules Ferry,48.9525484,2.53500427,00:01:00,2024-07-01
202400017067,15:40,Plein jour,51,51248,2,1,1,1.0,Rue Jean Jaurés,48.755899,3.991629,15:40:00,2024-03-02
202400017068,19:05,Plein jour,93,93047,2,3,1,3.0,Rue du Génèral Leclerc / Chemin de la Côte du Change,48.89679,2.57571,19:05:00,2024-06-30
202400017069,16:25,Plein jour,93,93008,2,1,1,6.0,Rue de la Comete,48.91104313,2.42812729,16:25:00,2024-07-01
202400017070,08:15,Plein jour,31,31541,2,1,1,3.0,Route de Toulouse,43.67577933,1.3650298,08:15:00,2024-03-13
202400017071,21:40,Plein jour,92,92063,2,2,1,3.0,JONCHERE (CHEMIN DE LA),48.8694984,2.1573827,21:40:00,2024-06-25
202400017072,11:30,Plein jour,55,55488,2,1,1,1.0,15 Grand Rue,48.734289,5.245805,11:30:00,2024-03-14
202400017073,13:20,Plein jour,92,92049,2,2,1,7.0,REPUBLIQUE AVENUE DE LA N°1 A 79,48.81532817,2.31762725,13:20:00,2024-06-30
202400017074,16:40,Plein jour,72,72103,1,1,7,6.0,D63,47.826071,0.571407,16:40:00,2024-03-13
202400017075,08:45,Plein jour,14,14100,2,1,1,6.0,30 Rue Camille Blaisot,49.043594,-0.32138,08:45:00,2024-03-14
202400017076,22:17,,92,92035,2,2,1,3.0,National ( boulevard ),48.90462415,2.23941565,22:17:00,2024-06-30
202400017077,18:00,Plein jour,27,27304,2,2,1,3.0,D146,49.220479,1.680366,18:00:00,2024-03-13
202400017078,14:00,Plein jour,92,92035,2,1,1,3.0,République ( boulevard de la ),48.906679,2.24605715,14:00:00,2024-06-30
202400017079,09:15,Plein jour,92,92026,2,1,1,3.0,BEZONS  (DE 01 A 22),48.8946405,2.25073434,09:15:00,2024-07-01
202400017080,18:42,Crépuscule,80,80131,1,1,1,6.0,A29 PK 198.250 SENS NEUFCHATEL/SAINT QUENTIN,49.854147,2.358837,18:42:00,2024-03-13
202400017081,18:49,,67,67326,2,1,1,7.0,3a Rue de Mundolsheim,48.62367475,7.69952506,18:49:00,2024-02-10
202400017082,15:29,Plein jour,40,40168,1,1,1,2.0,A63,43.815269,-1.193819,15:29:00,2024-07-02
202400017083,08:35,Plein jour,69,69385,2,1,1,3.0,163 Rue Joliot Curie,45.754533,4.779927,08:35:00,2024-03-14
202400017084,19:00,Plein jour,60,60643,2,1,1,6.0,Rue Saint-antoine,49.558945,2.584166,19:00:00,2024-07-01
202400017085,22:05,Nuit sans éclairage,83,83096,1,1,1,3.0,A8,43.47213227,5.80838656,22:05:00,2024-03-13
202400017086,17:35,Plein jour,60,60040,1,3,1,3.0,D101,49.416184,2.611189,17:35:00,2024-07-01
202400017087,20:40,,27,27213,2,3,1,1.0,Route de Gasny,49.119999,1.639211,20:40:00,2024-03-13
202400017088,19:50,Plein jour,39,39487,1,1,1,1.0,Unknown,46.571426,5.989807,19:50:00,2024-06-30
202400017089,17:55,Plein jour,42,42330,1,1,3,2.0,A72,45.478527,4.351734,17:55:00,2024-03-09
202400017090,13:55,Plein jour,25,25212,1,1,1,2.0,A36,47.280767,5.995792,13:55:00,2024-07-02
202400017091,08:30,Plein jour,17,17245,1,3,1,7.0,"D110, route du silo",46.138594,-1.009047,08:30:00,2024-07-01
202400017092,14:39,Plein jour,33,33013,1,1,1,5.0,Unknown,44.86467,-0.5038,14:39:00,2024-03-13
202400017093,15:30,Plein jour,16,16186,1,1,1,7.0,Unknown,45.57901,-0.18992,15:30:00,2024-07-01
202400017094,10:45,Plein jour,59,59479,1,1,1,7.0,AUTOROUTE A2,50.40127,3.61722,10:45:00,2024-03-08
202400017095,05:30,Crépuscule,68,68029,2,1,1,3.0,28 Rue de Bergholtz-zell,47.921599,7.243536,05:30:00,2024-06-28
202400017096,08:30,Plein jour,92,92060,1,1,1,2.0,RN385,48.77452416,2.2403496,08:30:00,2024-03-13
202400017097,07:20,Plein jour,68,68023,2,1,1,7.0,43 Rue de Hoen,48.160122,7.33092,07:20:00,2024-07-02
202400017098,10:20,Plein jour,67,67202,1,1,1,6.0,cd 25 schaffhouse sur zorn -PR 10,48.73967561,7.56336436,10:20:00,2024-07-02
202400017099,23:28,,92,92050,1,1,2,7.0,A14,48.90302962,2.19912449,23:28:00,2024-03-12
202400017100,12:25,Plein jour,83,83036,2,1,1,6.0,Boulevard de l'Eau Blanche,43.19008829,6.528422,12:25:00,2024-07-02
202400017101,20:33,,92,92012,1,1,2,2.0,A13,48.84817148,2.22577108,20:33:00,2024-03-12
202400017102,21:30,Nuit sans éclairage,95,95277,1,1,1,6.0,A3,48.98124593,2.49850875,21:30:00,2024-03-11
202400017103,18:20,Plein jour,14,14347,1,2,1,5.0,Route de Caumont,49.03717,-0.729546,18:20:00,2024-06-28
202400017104,18:15,Nuit sans éclairage,93,93066,1,1,2,2.0,A86,48.92279781,2.35128419,18:15:00,2024-03-11
202400017105,16:55,Plein jour,50,50487,1,1,1,6.0,A84,48.528429,-1.343948,16:55:00,2024-07-02
202400017106,17:28,Plein jour,14,14061,1,1,1,2.0,A84,49.022476,-0.837466,17:28:00,2024-07-02
202400017107,17:20,Plein jour,94,94058,1,1,1,5.0,A86,48.84340048,2.49314717,17:20:00,2024-03-13
202400017108,19:20,,74,74010,2,2,1,3.0,FRANCE (AVENUE)(SECTEUR 310),45.90846,6.1396,19:20:00,2024-01-11
202400017109,07:15,Plein jour,27,27148,1,1,8,2.0,A 28  PK 223.990,48.974429,0.434818,07:15:00,2024-07-02
202400017110,13:15,Plein jour,74,74010,2,1,1,1.0,CREUSES (ROUTE DES)     (SECTEUR 630),45.8925,6.0943,13:15:00,2024-01-11
202400017111,11:40,Plein jour,79,79161,1,2,1,1.0,Unknown,46.936807,-0.243899,11:40:00,2024-07-02
202400017112,14:20,Plein jour,974,97411,2,1,1,6.0,BOIS ROUGE (CHEMIN DE),-20.92533,55.4903,14:20:00,2024-03-12
202400017113,07:40,Plein jour,974,97411,1,9,1,6.0,JAURES (BLD 1 JEAN),-20.89527,55.4729,07:40:00,2024-03-12
202400017114,13:15,Plein jour,82,82042,1,3,1,3.0,D81,44.169738,1.203636,13:15:00,2024-07-02
202400017115,17:35,Plein jour,65,65460,2,6,1,2.0,D935,43.387289,0.067388,17:35:00,2024-06-30
202400017116,13:22,Plein jour,973,97302,2,3,1,2.0,CABASSOU (ROUTE DE),4.9175039,-52.31285244,13:22:00,2024-03-12
202400017117,07:50,Plein jour,973,97302,2,3,1,3.0,MONTABO (ROUTE DE) 1,4.94286389,-52.30615899,07:50:00,2024-03-11
202400017118,01:25,Nuit sans éclairage,32,32160,1,1,1,1.0,Au Choulon,43.601714,1.029732,01:25:00,2024-06-28
202400017119,18:10,Crépuscule,42,42048,2,1,1,1.0,Route de Saint Hilaire,46.151327,4.172198,18:10:00,2024-05-17
202400017120,00:00,,69,69387,2,2,1,1.0,Rue de l'Université,45.7491,4.84213,00:00:00,2024-03-13
202400017121,14:50,Plein jour,69,69387,2,2,1,3.0,Rue du Repos,45.74639,4.85008,14:50:00,2024-03-12
202400017122,07:35,Crépuscule,29,29146,1,3,1,3.0,Route de la Trinite,47.91853531,-3.81582005,07:35:00,2024-06-10
202400017123,08:20,Plein jour,69,69034,2,2,8,3.0,Chemin des Bruyères,45.80221,4.86209,08:20:00,2024-03-12
202400017124,06:00,Crépuscule,03,03126,1,6,5,6.0,d906,46.073402,3.436081,06:00:00,2024-06-29
202400017125,18:10,Plein jour,971,97113,1,1,1,2.0,SECTEUR DAMPIERRE,16.21118,-61.4738,18:10:00,2024-03-11
202400017126,15:25,Plein jour,03,03110,1,9,8,1.0,59 Route de Vichy,46.127043,3.36062,15:25:00,2024-06-30
202400017127,16:40,Plein jour,70,70282,1,1,1,6.0,D12 PK 22 + 750,47.395749,5.793529,16:40:00,2024-07-01
202400017128,11:59,Plein jour,2A,2A004,2,1,1,6.0,MARECHAL LYAUTEY AVENUE PAIR,41.93515,8.7443,11:59:00,2024-03-12
202400017129,18:45,Plein jour,58,58280,2,1,1,3.0,Route du Bourg,46.857976,3.389781,18:45:00,2024-07-01
202400017130,17:40,Crépuscule,2A,2A004,2,1,2,2.0,CLAIRIERE RCE LA BD LOUIS CAMPI,41.94346,8.75419,17:40:00,2024-03-11
202400017131,10:30,Plein jour,66,66137,2,1,1,6.0,avenue de france,42.46184,2.863805,10:30:00,2024-06-30
202400017132,19:30,,95,95680,2,6,1,6.0,D370,48.99861665,2.41546271,19:30:00,2024-03-12
202400017133,07:00,Plein jour,54,54072,1,1,1,6.0,D40,48.837775,6.09297,07:00:00,2024-07-02
202400017134,14:55,Plein jour,95,95203,2,1,2,6.0,D928,48.99514287,2.27527506,14:55:00,2024-03-12
202400017135,09:05,Plein jour,72,72139,1,1,8,1.0,PK 84+200,48.3085908,0.09513411,09:05:00,2024-07-02
202400017136,10:15,Plein jour,95,95598,2,1,1,3.0,HENRI SESTRE (PLACE),48.98803454,2.30160087,10:15:00,2024-03-11
202400017137,07:32,Plein jour,72,72071,1,4,1,6.0,105 Route de Nogent (Montabon),47.677272,0.407342,07:32:00,2024-06-25
202400017138,08:25,Plein jour,91,91570,2,1,1,6.0,SAINT SAENS (RUE),48.63226,2.32585,08:25:00,2024-03-12
202400017139,09:20,Plein jour,06,06108,2,3,1,3.0, Boulevard des Mimosas,43.580974,6.958031,09:20:00,2024-06-14
202400017140,17:15,Plein jour,91,91471,2,1,2,3.0,BLEUETS (AVENUE DES),48.6822,2.1854,17:15:00,2024-03-12
202400017141,15:04,Plein jour,90,90087,2,1,3,1.0,au niveau de l'intersection de la D83 et de la D22,47.670821,6.922857,15:04:00,2024-07-01
202400017142,16:30,Plein jour,91,91122,2,1,1,3.0,PASSAGE DE VILLEVERT,48.69601,2.16223,16:30:00,2024-03-11
202400017143,07:45,Plein jour,36,36006,2,1,1,6.0,Rue Chapelle Notre Dame,46.586754,1.51526,07:45:00,2024-07-02
202400017144,18:50,,91,91345,2,2,2,6.0,RUE MAURICE,48.693168,2.292827,18:50:00,2024-03-11
202400017145,13:20,Plein jour,16,16181,1,1,1,1.0,Unknown,46.08832,0.674876,13:20:00,2024-07-02
202400017146,17:00,Plein jour,91,91114,2,1,2,6.0,RUE MARCEAU,48.6938,2.48968,17:00:00,2024-03-12
202400017147,08:00,Plein jour,17,17197,2,1,1,3.0,15 Avenue du 19 Mars 1962,45.436549,-0.448546,08:00:00,2024-07-01
202400017148,16:40,Plein jour,91,91201,2,9,2,6.0,AV DE L EUROPE,48.6821,2.4303,16:40:00,2024-03-11
202400017149,17:14,Crépuscule,91,91228,2,1,2,6.0,MONTESPAN (RUE),48.63259,2.43395,17:14:00,2024-03-12
202400017150,07:45,Plein jour,37,37211,1,3,1,3.0,L?Orset,47.2426942,0.80945796,07:45:00,2024-07-01
202400017151,09:30,Plein jour,91,91228,2,1,8,6.0,BD DE L YERRES,48.619322,2.428118,09:30:00,2024-03-12
202400017152,10:20,Plein jour,37,37282,1,6,1,3.0,25 La Revaudiere,46.803239,0.835111,10:20:00,2024-06-25
202400017153,19:12,Nuit sans éclairage,91,91223,2,9,1,2.0,COQUERIVE (AVENUE DE),48.43384,2.16763,19:12:00,2024-03-12
202400017154,14:51,Plein jour,37,37273,1,2,1,3.0,RD 140 - Le bois de plantes,47.38225199,0.76184499,14:51:00,2024-06-25
202400017155,16:40,Plein jour,89,89387,2,2,1,3.0,RENE BINET (RUE),48.1937,3.29307,16:40:00,2024-03-07
202400017156,18:00,Plein jour,87,87085,2,3,1,3.0,LECLERC (AVENUE DU GENERAL),45.84572,1.26051,18:00:00,2024-03-11
202400017157,17:44,Plein jour,30,30344,1,3,1,5.0,Unknown,43.736903,4.210875,17:44:00,2024-07-01
202400017158,17:00,Plein jour,87,87085,2,2,1,6.0,GARIBALDI (AVENUE),45.83519,1.26051,17:00:00,2024-03-11
202400017159,08:45,Plein jour,53,53140,1,9,1,2.0,A81 PK 244+400 SENS PARIS-PROVINCE,48.106174,-0.739823,08:45:00,2024-07-01
202400017160,14:53,Plein jour,87,87085,2,6,1,3.0,TOULOUSE (RUE DE),45.81265,1.28119,14:53:00,2024-03-07
202400017161,09:15,Plein jour,90,90011,1,1,1,3.0,A36,47.579298,6.857647,09:15:00,2024-07-02
202400017162,13:04,Plein jour,84,84007,2,2,1,3.0,OULLE (Boulevard de l'),43.94804,4.82222,13:04:00,2024-03-12
202400017163,00:15,,06,06088,1,1,1,2.0,Bretelle Sortie N°50 A8 - Route de Grenoble (Provenance Cannes) sud,43.66975,7.20127,00:15:00,2024-07-02
202400017164,05:50,,83,83118,2,1,1,1.0,AVENUE THEODORE  RIVIERE,43.44008626,6.77568251,05:50:00,2024-03-12
202400017165,08:30,Plein jour,13,13087,1,1,1,2.0,a8 - point kilométrique 36+600,43.47255,5.635021,08:30:00,2024-07-02
202400017166,12:34,Plein jour,974,97418,1,1,1,3.0,Rue du Général Ailleret,-20.927971,55.57364,12:34:00,2024-07-01
202400017167,16:00,Plein jour,83,83050,2,2,1,1.0,VIGNERONS(AVENUE DES),43.53235,6.46325,16:00:00,2024-03-11
202400017168,21:05,Plein jour,78,78329,1,3,1,3.0,205,49.051362,1.819372,21:05:00,2024-06-23
202400017169,20:20,,78,78440,2,3,2,6.0,PAUL RAOULT (AVENUE),48.97976,1.91306,20:20:00,2024-03-12
202400017170,11:15,Plein jour,04,04039,1,1,1,1.0,D952,43.838118,6.494057,11:15:00,2024-06-30
202400017171,07:58,Plein jour,13,13059,1,1,1,1.0,Départementale 556,43.621973,5.490847,07:58:00,2024-07-02
202400017172,00:35,Nuit sans éclairage,77,77373,1,1,2,7.0,DEPARTEMENTALE 1004,48.770136,2.633722,00:35:00,2024-03-13
202400017173,20:12,Plein jour,21,21517,1,1,1,7.0,Route de Gerland,47.11864,4.970205,20:12:00,2024-07-01
202400017174,06:50,,77,77083,2,6,8,3.0,NEWTON (BOULEVARD),48.842695,2.583806,06:50:00,2024-03-12
202400017175,18:30,Crépuscule,77,77407,2,1,2,6.0,D607,48.53284,2.53771,18:30:00,2024-02-18
202400017176,18:00,Plein jour,51,51198,1,1,1,7.0,D386,49.263968,3.724923,18:00:00,2024-06-23
202400017177,01:30,,76,76540,2,2,1,6.0,Boulevard des Belges,49.4429,1.08444,01:30:00,2024-03-12
202400017178,08:25,Plein jour,44,44209,1,9,1,3.0,Rue  notre dame,47.338645,-1.635938,08:25:00,2024-07-01
202400017179,21:50,Nuit sans éclairage,76,76296,2,1,1,7.0,LIBERATION (RUE DE LA ),49.518345,0.262105,21:50:00,2024-03-08
202400017180,11:00,Plein jour,38,38377,2,1,1,1.0,Avenue de Savoie,45.5681775,5.45570567,11:00:00,2024-07-02
202400017181,17:23,Plein jour,38,38415,1,1,1,7.0,D18,45.635005,5.245671,17:23:00,2024-06-30
202400017182,15:33,Plein jour,73,73008,2,1,1,4.0,D1201 LATTRE DE TASSIGNY AVENUE DE L',45.69501,5.90492,15:33:00,2024-03-11
202400017183,17:20,Plein jour,72,72181,2,9,1,6.0,ISAAC (RUE) N° PAIRS 2 A 124,48.01416,0.2208,17:20:00,2024-03-11
202400017184,16:10,Plein jour,69,69121,1,1,1,3.0,Route de Fleurieux,45.85361086,4.6698803,16:10:00,2024-06-29
202400017185,12:05,Plein jour,72,72181,2,9,1,3.0,ANATOLE FRANCE (BD ),48.00121,0.18699,12:05:00,2024-03-11
202400017186,16:23,Plein jour,68,68224,2,1,1,3.0,Rue Marc Seguin,47.7457,7.2983,16:23:00,2024-03-11
202400017187,04:40,,69,69010,2,2,1,3.0,2 Route de Paris,45.83714127,4.61715271,04:40:00,2024-05-19
202400017188,18:15,Plein jour,66,66136,2,3,1,3.0,Unknown,42.69003,2.91161,18:15:00,2024-03-11
202400017189,19:50,Crépuscule,64,64421,1,1,2,1.0,N134,43.164567,-0.507946,19:50:00,2024-07-01
202400017190,16:25,Plein jour,64,64445,2,1,1,2.0,CONDORCET,43.31323,-0.36252,16:25:00,2024-03-12
202400017191,17:07,Plein jour,33,33075,1,1,1,4.0,Unknown,44.890045,-0.613629,17:07:00,2024-07-01