Num_Acc,hrmn,lum,dep,com,agg,int,atm,col,adr,lat,long,heure,date
202400017192,18:30,Plein jour,64,64102,2,1,1,3.0,SOULT (AVENUE MARECHAL),43.48584,-1.49153,18:30:00,2024-03-11
202400017193,19:30,Plein jour,59,59009,1,1,1,7.0,AUTOROUTE A22,50.64951293,3.13961244,19:30:00,2024-06-27
202400017194,18:10,Plein jour,91,91136,1,1,1,3.0,AUTOROUTE A10,48.715199,2.268896,18:10:00,2024-07-01
202400017195,19:07,,63,63113,2,2,1,3.0,Av Julien / rue Beaumarchais,45.77425,3.0777,19:07:00,2024-03-12
202400017196,21:05,,62,62193,2,1,1,1.0,D304,50.9382154,1.83672969,21:05:00,2024-03-11
202400017197,12:33,Plein jour,62,62774,1,1,2,7.0,D940,50.924499,1.718889,12:33:00,2024-02-04
202400017198,15:50,Plein jour,94,94034,1,1,1,3.0,A86,48.75642,2.34164,15:50:00,2024-07-01
202400017199,08:43,Plein jour,56,56260,2,6,1,2.0,Giratoire de Kergrain,47.66549,-2.79489,08:43:00,2024-03-11
202400017200,07:40,Plein jour,91,91659,1,1,1,5.0,AUTOROUTE A6,48.59136968,2.44548656,07:40:00,2024-07-01
202400017201,14:35,Plein jour,56,56121,2,3,1,3.0,LARMOR (RUE  DE ),47.74133,-3.37557,14:35:00,2024-03-10
202400017202,06:20,Crépuscule,91,91434,1,1,1,3.0,AUTOROUTE A6,48.668494,2.352973,06:20:00,2024-07-01
202400017203,02:55,Nuit sans éclairage,91,91347,1,1,1,3.0,RN 104,48.622986,2.292168,02:55:00,2024-07-01
202400017204,08:55,Plein jour,51,51454,2,3,1,3.0,CARNOT (RUE),49.254706,4.032194,08:55:00,2024-03-12
202400017205,21:15,,50,50129,2,1,1,7.0,LUCET (RUE),49.62234,-1.61273,21:15:00,2024-03-11
202400017206,17:30,Plein jour,92,92050,1,1,1,4.0,A86,48.89347708,2.1888457,17:30:00,2024-07-01
202400017207,12:30,Plein jour,47,47031,2,1,1,1.0,Avenue de Bigorre,44.18093,0.63374,12:30:00,2024-03-12
202400017208,08:30,Plein jour,92,92048,1,1,1,2.0,N118,48.79551552,2.21784844,08:30:00,2024-07-01
202400017209,17:00,Plein jour,45,45147,2,3,1,3.0,23 Rue des Fosses,47.92507,1.92212,17:00:00,2024-03-11
202400017210,21:20,Plein jour,92,92036,1,1,1,4.0,RN315 W,48.92811662,2.30271471,21:20:00,2024-06-30
202400017211,11:50,Plein jour,38,38151,2,1,8,6.0,RUE DU BERRY,45.15576,5.72113,11:50:00,2024-03-12
202400017212,15:05,Plein jour,78,78640,1,1,1,2.0,A86 INT,48.77809,2.2127,15:05:00,2024-06-30
202400017213,15:15,Plein jour,37,37122,2,1,1,4.0,DOUZILLIERE (RUE DE LA),47.33827,0.65342,15:15:00,2024-03-11
202400017214,08:19,Plein jour,35,35115,2,6,7,6.0,FERRY (RUE JULES),48.35066,-1.19649,08:19:00,2024-03-11
202400017215,07:35,Plein jour,92,92064,1,1,1,4.0,A13,48.83921391,2.21834502,07:35:00,2024-06-30
202400017216,16:20,Plein jour,31,31555,2,1,8,6.0,CHE DE LESTANG,43.5629,1.39515,16:20:00,2024-03-12
202400017217,17:35,Plein jour,29,29019,2,3,2,2.0,EUROPE (DE 37 A 47),48.412892,-4.502246,17:35:00,2024-03-12
202400017218,00:45,Nuit sans éclairage,93,93027,1,1,9,2.0,A86,48.92568108,2.39637584,00:45:00,2024-07-01
202400017219,20:05,,19,19031,2,1,1,6.0,PAINLEVE (BOULEVARD PAUL),45.16793,1.53888,20:05:00,2024-03-11
202400017220,22:00,Nuit sans éclairage,95,95582,1,1,1,6.0,A15,48.96346787,2.26421667,22:00:00,2024-06-30
202400017221,08:10,Plein jour,13,13117,2,1,1,3.0,ROUTE NATIONALE 113 - CADESTEAUX,43.47618,5.22776,08:10:00,2024-03-12
202400017222,01:20,Nuit sans éclairage,77,77237,1,1,1,5.0,A4,48.8317403,2.77165291,01:20:00,2024-06-29
202400017223,20:55,,13,13210,2,2,1,3.0,PONT DE VIVAUX (BOULEVARD),43.2816,5.42683,20:55:00,2024-03-12
202400017224,19:20,Crépuscule,13,13203,2,1,1,3.0,PARIS (BOULEVARD DE),43.30893427,5.37074023,19:20:00,2024-03-11
202400017225,15:30,Plein jour,973,97306,1,1,1,1.0,Route Nationale N 1,5.410347,-53.710399,15:30:00,2024-01-07
202400017226,15:57,Plein jour,13,13208,2,1,1,6.0,MENDES FRANCE (AVENUE),43.25597462,5.37655688,15:57:00,2024-03-12
202400017227,14:35,Plein jour,44,44109,2,1,1,6.0,Boulevard Adolphe Billault,47.20171277,-1.54590832,14:35:00,2024-06-25
202400017228,14:30,Plein jour,13,13202,2,2,1,2.0,LAZARET (QUAI DU),43.30629,5.36588,14:30:00,2024-03-12
202400017229,10:20,Plein jour,13,13209,2,3,1,3.0,MARÉCHAL DE LATTRE (AVENUE),43.24590218,5.42103052,10:20:00,2024-03-12
202400017230,16:00,Plein jour,44,44162,2,3,1,1.0,2a Rue de l'Ecole,47.21810661,-1.60792887,16:00:00,2024-06-22
202400017231,16:00,Plein jour,13,13005,1,9,1,3.0,EOURES (ROUTE D'),43.30697,5.55525,16:00:00,2024-03-12
202400017232,13:00,Plein jour,44,44109,2,1,1,3.0,17 Rue Félix Lemoine,47.23623546,-1.54634643,13:00:00,2024-05-24
202400017233,00:53,,13,13001,2,1,1,1.0,GAMBETTA (COURS),43.52022,5.46042,00:53:00,2024-03-13
202400017234,13:25,Plein jour,44,44143,2,1,1,3.0,70 Rue Ernest Sauvestre,47.16392697,-1.54242349,13:25:00,2024-05-21
202400017235,17:30,Plein jour,11,11069,2,1,2,2.0,50 Avenue du Général Leclerc,43.2098,2.36555,17:30:00,2024-03-11
202400017236,11:19,Plein jour,09,09225,2,6,1,6.0,MIREPOIX ROUTE DE,43.104998,1.620066,11:19:00,2024-03-12
202400017237,11:28,Plein jour,987,98735,2,9,1,6.0,BERNARDINO (RUE),-17.53319,-149.5661,11:28:00,2024-06-30
202400017238,08:15,Plein jour,06,06029,2,1,1,2.0,Avenue Maréchal Juin,43.54795,7.04206,08:15:00,2024-03-12
202400017239,00:45,,974,97411,2,1,1,7.0,JAURES (BOULEVARD JEAN),-20.88986,55.46319,00:45:00,2024-07-01
202400017240,07:55,Plein jour,06,06030,2,9,1,6.0,Chemin de l'Aubarede,43.5711734,6.982607,07:55:00,2024-03-12
202400017241,23:30,,2A,2A004,2,3,1,3.0,#2 Avenue du Docteur Noel Franchini#,41.933923,8.753129,23:30:00,2024-06-30
202400017242,19:00,Plein jour,95,95428,2,1,1,6.0,PASCAL (RUE),49.00775,2.31638,19:00:00,2024-06-30
202400017243,09:00,Plein jour,06,06027,2,1,1,4.0,2 Avenue de Nice,43.65538,7.15224,09:00:00,2024-03-12
202400017244,12:10,Plein jour,95,95598,2,1,1,6.0,D144,48.99272976,2.31088334,12:10:00,2024-06-29
202400017245,06:15,Crépuscule,04,04112,2,1,2,6.0,REPASSE (AVENUE DE LA),43.83067,5.77172,06:15:00,2024-03-11
202400017246,17:00,Plein jour,95,95127,2,1,1,6.0,D14,49.05249484,2.04119471,17:00:00,2024-06-30
202400017247,16:00,Plein jour,75,75118,2,2,2,6.0,RUE ANDRE MESSAGER,48.894869,2.343226,16:00:00,2024-03-12
202400017248,09:30,Plein jour,91,91161,2,1,1,1.0,RUE PIERRE MENDES FRANCE,48.69529,2.31157,09:30:00,2024-06-30
202400017249,13:30,Plein jour,75,75115,2,3,2,6.0,AVENUE DE SUFFREN,48.852798,2.298329,13:30:00,2024-03-12
202400017250,15:50,Plein jour,91,91421,2,1,1,2.0,JEAN JAURES (AVENUE),48.71763,2.4453,15:50:00,2024-06-30
202400017251,12:00,Plein jour,83,83126,2,3,1,3.0,AV DE LA 1ERE ARMEE FRANCAISE,43.1114,5.88162,12:00:00,2024-06-30
202400017252,20:00,,75,75112,2,3,2,3.0,AVENUE DAUMESNIL,48.847256,2.375275,20:00:00,2024-03-11
202400017253,11:25,Plein jour,83,83069,2,2,1,3.0,MINVIEILLE (RUE),43.10966594,6.12360433,11:25:00,2024-06-30
202400017254,14:30,Plein jour,75,75109,2,2,2,1.0,RUE DE DOUAI,48.882783,2.332071,14:30:00,2024-03-12
202400017255,09:35,Plein jour,75,75103,2,4,8,7.0,RUE DU TEMPLE,48.866842,2.361917,09:35:00,2024-03-12
202400017256,18:30,Plein jour,78,78146,2,1,1,6.0,AUGUSTE RENOIR (RUE),48.90273,2.15867,18:30:00,2024-06-30
202400017257,17:00,Plein jour,94,94078,2,3,2,2.0,Avenue du 8 Mai 1945 /  Pont de Villeneuve le Roi,48.7278,2.44561,17:00:00,2024-03-11
202400017258,02:42,,78,78208,2,9,1,6.0,GOLDA MEIR (ALLEE),48.76934,1.96615,02:42:00,2024-06-30
202400017259,10:30,Plein jour,76,76484,1,1,1,7.0,D18E,49.3387414,1.07226348,10:30:00,2024-06-30
202400017260,21:15,,94,94068,2,1,2,3.0,Boulevard de Créteil,48.79788076,2.49993762,21:15:00,2024-03-09
202400017261,07:00,Crépuscule,76,76640,2,6,1,6.0,Route de Pont de l'Arche (Parking Leclerc),49.29045,1.0397,07:00:00,2024-06-30
202400017262,07:10,Plein jour,69,69266,2,1,1,6.0,Rue du Canal,45.78665,4.89419,07:10:00,2024-06-30
202400017263,16:45,Plein jour,93,93071,2,2,2,3.0,Avenue Hoche / Avenue Ernest Pivot,48.930558,2.529692,16:45:00,2024-03-11
202400017264,14:38,Plein jour,63,63113,2,1,8,6.0,NAUDIN (RUE),45.78534,3.06857,14:38:00,2024-06-30
202400017265,12:00,Plein jour,93,93008,2,1,2,6.0,Avenue de la Division Leclerc,48.910619,2.41433,12:00:00,2024-03-12
202400017266,22:20,,62,62065,1,9,1,6.0,N17,50.39937188,2.8245928,22:20:00,2024-06-30
202400017267,04:15,,59,59512,2,2,1,3.0,Avenue de l'Union,50.7071,3.16921,04:15:00,2024-06-30
202400017268,20:20,,93,93077,2,3,2,6.0,Rue de Villemomble / Rue Aristide Briand,48.874009,2.52952,20:20:00,2024-03-12
202400017269,15:50,Plein jour,56,56260,2,1,8,6.0,Parking du supermarché Carrefour,47.6436,-2.7416,15:50:00,2024-06-30
202400017270,14:42,Plein jour,46,46095,1,1,1,7.0,DEPARTEMENTALE N° 811,44.51835,1.35382,14:42:00,2024-06-28
202400017271,07:20,Plein jour,45,45284,2,1,2,2.0,102 Avenue Charles Péguy,47.90577,1.9506,07:20:00,2024-06-30
202400017272,20:05,,93,93046,2,6,2,6.0,Allée Jean Coulon / Allée de l'Est,48.92934,2.5546,20:05:00,2024-03-12
202400017273,16:30,Plein jour,37,37261,2,1,1,6.0,MONTJOYEUX (AVENUE),47.36246,0.70187,16:30:00,2024-06-29
202400017274,14:10,Plein jour,29,29232,2,1,1,3.0,Avenue de Ti Pont,48.01654,-4.09806,14:10:00,2024-06-30
202400017275,17:50,,91,91471,2,1,2,6.0,RUE LOUIS WEISS,48.70588,2.19188,17:50:00,2024-11-18
202400017276,03:38,Nuit sans éclairage,29,29232,1,1,1,7.0,RN 165,48.03938806,-4.07526401,03:38:00,2024-06-30
202400017277,02:00,Nuit sans éclairage,93,93010,2,3,1,2.0,Avenue Galliéni / Allée Georges Sand,48.906121,2.482873,02:00:00,2024-03-12
202400017278,17:40,,91,91479,2,9,2,6.0,AV DU GENERAL DE GAULLE,48.71,2.36,17:40:00,2024-11-19
202400017279,08:10,Plein jour,92,92077,2,1,1,3.0,ST CLOUD (RUE DE),48.82854905,2.19203174,08:10:00,2024-03-12
202400017280,00:39,,87,87085,2,1,2,6.0,LATTRE-DE-TASSIGNY (AVENUE DU MARECHAL),45.82538,1.27142,00:39:00,2024-11-20
202400017281,16:30,Plein jour,18,18279,2,3,1,7.0,25 Avenue de Verdun,47.22522,2.07321,16:30:00,2024-06-30
202400017282,17:50,Crépuscule,92,92076,2,9,2,3.0,REPUBLIQUE,48.83751772,2.15461707,17:50:00,2024-03-12
202400017283,19:15,Plein jour,14,14117,2,1,1,7.0,90 Avenue Charles de Gaulle,49.285496,-0.139127,19:15:00,2024-06-30
202400017284,10:05,Plein jour,92,92064,2,1,2,2.0,CARNOT,48.84909778,2.22394252,10:05:00,2024-03-12
202400017285,10:55,Plein jour,84,84007,2,1,1,6.0,RÉPUBLIQUE (RUE DE LA),43.94557,4.80545,10:55:00,2024-11-19
202400017286,01:45,Nuit sans éclairage,13,13071,1,1,1,1.0,ROUTE NATIONALE 113 - MONTEE DE L'ASSASS,43.41000972,5.32442526,01:45:00,2024-06-30
202400017287,11:55,Plein jour,92,92040,2,2,2,1.0,PAUL-VAILLANT COUTURIER (PLACE),48.82693461,2.27925682,11:55:00,2024-03-12
202400017288,01:40,,13,13202,2,1,1,3.0,PORT (QUAI DU),43.296,5.36891,01:40:00,2024-06-30
202400017289,13:45,Plein jour,83,83144,1,6,6,3.0,NEEL (Rue Louis),43.14022,6.01016,13:45:00,2024-11-20
202400017290,19:50,Crépuscule,92,92004,2,1,2,3.0,AULAGNIER ( QUAI ),48.91222128,2.30225301,19:50:00,2024-03-12
202400017291,21:10,Plein jour,06,06029,1,1,1,6.0,21 chemin de la Bastide Rouge,43.55389,6.9568,21:10:00,2024-06-29
202400017292,19:00,,83,83118,2,2,1,3.0,ROUTE DE LA CORNICHE,43.41493,6.80929,19:00:00,2024-11-14
202400017293,08:20,Plein jour,92,92002,2,9,1,3.0,RAYMON ARON (AVENUE),48.77063452,2.31190431,08:20:00,2024-03-12
202400017294,10:20,Plein jour,05,05023,2,9,1,3.0,DE LATTRE DE TASSIGNY (RUE),44.883543,6.623299,10:20:00,2024-06-30
202400017295,19:20,,81,81004,2,1,2,6.0,STRASBOURG (BD DE),43.9332,2.1466,19:20:00,2024-11-20
202400017296,03:45,Nuit sans éclairage,974,97415,2,3,1,6.0,Rue Cendragon,-21.034227,55.268867,03:45:00,2024-03-13
202400017297,22:10,Crépuscule,03,03101,2,1,1,6.0,Avenue des Martyrs,46.339433,2.567825,22:10:00,2024-06-30
202400017298,14:08,Plein jour,80,80021,2,1,2,6.0,ALPHONSE FIQUET (PLACE),49.89086,2.30645,14:08:00,2024-11-19
202400017299,16:10,Plein jour,79,79191,2,1,2,7.0,Unknown,46.30224,-0.46584,16:10:00,2024-11-19
202400017300,11:28,Plein jour,35,35233,1,3,1,1.0,D795,48.3568966,-1.77318357,11:28:00,2024-03-05
202400017301,17:40,Plein jour,75,75114,2,9,1,2.0,BD PERIPHERIQUE INTERIEUR,48.82495502,2.30390221,17:40:00,2024-06-30
202400017302,18:00,,79,79081,2,1,1,7.0,Unknown,46.36042,-0.37437,18:00:00,2024-11-17
202400017303,17:45,Plein jour,06,06149,1,1,1,6.0,5396 Route de Laghet,43.749223,7.374777,17:45:00,2024-03-11
202400017304,22:00,,75,75116,2,1,2,2.0,BD PERIPHERIQUE EXTERIEUR,48.875228,2.276512,22:00:00,2024-06-29
202400017305,09:30,Plein jour,78,78638,2,1,1,3.0,PONTOISE (ROUTE DE),49.00895,1.96086,09:30:00,2024-11-20
202400017306,17:44,Plein jour,28,28088,2,1,1,3.0,Place du 18 Octobre,48.070132,1.328584,17:44:00,2024-03-13
202400017307,15:15,Plein jour,75,75117,2,2,1,3.0,AVENUE DE LA PORTE DES TERNES,48.88132,2.28236,15:15:00,2024-06-30
202400017308,09:35,Plein jour,77,77152,2,1,1,6.0,THIBAULT(RUE DES FRERES),48.52873,2.64511,09:35:00,2024-11-20
202400017309,14:55,Plein jour,69,69285,1,1,1,1.0,Route Départementale 332,45.758233,5.082675,14:55:00,2024-03-12
202400017310,06:15,Nuit sans éclairage,75,75116,2,1,1,3.0,ALLEE DE LA REINE MARGUERITE,48.850195,2.241929,06:15:00,2024-06-30
202400017311,20:14,Nuit sans éclairage,77,77288,2,1,2,6.0,MARECHAL JOFFRE (QUAI),48.53501,2.65764,20:14:00,2024-11-18
202400017312,12:50,Plein jour,75,75115,2,1,1,7.0,BOULEVARD VICTOR,48.83487,2.282528,12:50:00,2024-06-30
202400017313,20:15,,63,63473,2,1,1,1.0,D15,45.93106084,3.09107502,20:15:00,2024-03-12
202400017314,20:00,Nuit sans éclairage,74,74281,1,1,2,2.0,RD 1005,46.35455,6.46965,20:00:00,2024-11-20
202400017315,14:15,Plein jour,75,75112,2,2,1,1.0,RUE PROUDHON,48.837332,2.391246,14:15:00,2024-06-30
202400017316,21:45,Nuit sans éclairage,28,28158,1,6,1,6.0,N123,48.418692,1.445861,21:45:00,2024-03-12
202400017317,04:20,Nuit sans éclairage,74,74010,1,1,1,6.0,ROCADE (BOULEVARD DE LA),45.89943,6.10704,04:20:00,2024-11-17
202400017318,12:00,Plein jour,75,75112,2,1,1,4.0,ROUTE DAUPHINE,48.829391,2.439736,12:00:00,2024-06-30
202400017319,17:50,Nuit sans éclairage,73,73011,2,4,2,6.0,PONT ALBERTIN (CHEMIN DU),45.65962,6.38649,17:50:00,2024-11-20
202400017320,15:33,Plein jour,28,28158,1,4,8,1.0,D921,48.407835,1.417161,15:33:00,2024-03-12
202400017321,15:55,Plein jour,75,75110,2,7,1,3.0,BOULEVARD SAINT MARTIN,48.867936,2.362293,15:55:00,2024-06-30
202400017322,07:05,,67,67218,2,3,1,6.0,GOUNOD (RUE),48.52255,7.71815,07:05:00,2024-11-20
202400017323,23:30,Nuit sans éclairage,974,97410,2,1,1,6.0,Chemin Departemental 54 Cratere,-21.049734,55.69048,23:30:00,2024-03-12
202400017324,12:27,Plein jour,75,75108,2,3,1,3.0,AVENUE MONTAIGNE,48.865243,2.302995,12:27:00,2024-06-30
202400017325,10:10,Plein jour,64,64445,2,1,3,2.0,ALFRED NOBEL,43.3170288,-0.31160831,10:10:00,2024-11-20
202400017326,18:35,Crépuscule,75,75101,2,1,1,6.0,JARDIN DES TUILERIES,48.86247,2.330554,18:35:00,2024-06-28
202400017327,07:49,Plein jour,62,62397,2,2,1,1.0,D231,50.862991,1.88007,07:49:00,2024-03-12
202400017328,21:50,,64,64024,2,3,1,3.0,ESPAGNE (AVENUE D'),43.48004,-1.51655,21:50:00,2024-11-19
202400017329,01:25,,94,94078,2,1,2,2.0,Rue de Paris,48.73828,2.44679,01:25:00,2024-06-30
202400017330,18:52,Plein jour,60,60358,2,3,1,3.0,Rue du Valois,49.19812285,2.91220415,18:52:00,2024-03-13
202400017331,09:55,Plein jour,59,59152,2,1,1,6.0,WERVICQ (RUE DE),50.7676,3.03325,09:55:00,2024-11-20
202400017332,23:30,,94,94071,2,1,2,6.0,Avenue Winston Churchill,48.767753,2.52462,23:30:00,2024-06-29
202400017333,09:30,Plein jour,83,83132,2,1,1,2.0,190 Chemin de Maraval,43.172191,6.05431,09:30:00,2024-03-13
202400017334,09:50,Plein jour,59,59368,2,2,7,6.0,Rue du Pré Catelan,50.65536509,3.0605438,09:50:00,2024-11-20
202400017335,18:20,Plein jour,93,93064,2,1,1,6.0,Rue Leon Blum,48.88041,2.4783,18:20:00,2024-06-30
202400017336,17:00,Plein jour,56,56098,2,1,1,3.0,Avenue Ambroise Croizat,47.77692,-3.34503,17:00:00,2024-11-16
202400017337,17:30,Plein jour,83,83116,1,1,1,1.0,Dn7,43.440881,5.871511,17:30:00,2024-03-13
202400017338,02:30,,93,93050,2,3,2,3.0,Avenue Paul Vaillant Couturier / Avenue Pascal,48.870295,2.554856,02:30:00,2024-06-30
202400017339,10:30,Plein jour,57,57171,1,1,8,6.0,D155m,48.881328,6.396073,10:30:00,2024-03-12
202400017340,14:00,Plein jour,55,55545,2,1,1,7.0,GROUZEAU ( DU ),49.15825,5.38875,14:00:00,2024-10-30
202400017341,12:50,Plein jour,77,77137,1,1,1,7.0,D204,48.723511,3.293318,12:50:00,2024-03-13
202400017342,08:07,Plein jour,93,93046,2,2,8,3.0,Avenue du Maréchal Leclerc / Allée Joseph Noize,48.92014,2.53921,08:07:00,2024-06-30
202400017343,18:40,,54,54547,2,6,3,3.0,Avenue de Bourgogne,48.64866,6.14519,18:40:00,2024-11-19
202400017344,09:35,Plein jour,65,65418,2,2,7,3.0,Route de Mansan,43.354384,0.193366,09:35:00,2024-03-13
202400017345,19:17,Plein jour,92,92050,2,1,1,6.0,POINCARE RAYMOND RUE,48.88892568,2.18867826,19:17:00,2024-06-30
202400017346,15:23,Plein jour,51,51454,2,1,1,2.0,JAURES (AVENUE JEAN ) DU N° 61 A FIN,49.263277,4.055527,15:23:00,2024-11-20
202400017347,17:10,Plein jour,71,71029,1,1,1,6.0,D73,46.853482,5.355712,17:10:00,2024-03-13
202400017348,20:25,,50,50147,2,4,1,3.0,ALSACE LORRAINE (BOULEVARD),49.04941,-1.44745,20:25:00,2024-11-17
202400017349,09:30,Plein jour,92,92024,2,1,1,4.0,MARTRE (RUE) DE (111 A 119)   (122 A 144,48.90820725,2.3003819,09:30:00,2024-06-30
202400017350,08:30,Plein jour,49,49007,2,1,1,6.0,MORTIERS,47.45146,-0.53242,08:30:00,2024-11-20
202400017351,15:50,Plein jour,71,71305,1,3,1,1.0,D410,46.477713,4.861579,15:50:00,2024-03-12
202400017352,21:35,Plein jour,92,92012,2,1,1,7.0,GALLIENI (RUE) 55/157 - 50/140,48.83755609,2.24780524,21:35:00,2024-06-30
202400017353,08:27,Plein jour,49,49007,2,3,1,6.0,SAUMUROISE IMPASSE ET RUE,47.45939,-0.53606,08:27:00,2024-11-20
202400017354,11:45,Plein jour,92,92012,2,2,1,3.0,BELLEVUE (RUE DE) 1/71BIS - 2/72,48.84052343,2.23022801,11:45:00,2024-06-30
202400017355,09:47,Plein jour,45,45234,2,1,1,6.0,9 Avenue des Droits de l'Homme,47.91591,1.92389,09:47:00,2024-11-20
202400017356,14:45,Plein jour,63,63040,2,9,1,6.0,Rue de la Libération /sortie parking Auchan,45.725311,3.33935,14:45:00,2024-03-13
202400017357,19:30,,44,44109,2,1,2,6.0,Rue du Général de Bollardière,47.20869,-1.53035,19:30:00,2024-11-19
202400017358,12:30,Plein jour,61,61287,1,1,1,6.0,D962,48.811512,-0.562765,12:30:00,2024-03-08
202400017359,12:45,Plein jour,92,92004,2,1,1,3.0,VOLTAIRE ( BD 16 A FIN ),48.91550148,2.29259169,12:45:00,2024-06-30
202400017360,10:00,Plein jour,38,38185,2,9,2,3.0,ALFRED DE MUSSET (RUE ),45.16456,5.724,10:00:00,2024-11-20
202400017361,14:20,Plein jour,34,34276,2,3,1,3.0,D1,43.773898,3.874317,14:20:00,2024-07-01
202400017362,20:05,Nuit sans éclairage,61,61007,1,2,2,3.0,Voie Communale,48.773849,-0.428485,20:05:00,2024-03-12
202400017363,12:55,Plein jour,38,38185,2,2,2,6.0,AVENUE PAUL COCAT,45.17073,5.74046,12:55:00,2024-11-20
202400017364,20:25,Nuit sans éclairage,974,97415,1,1,1,1.0,Rue Gabriel Guisthau,-21.015546,55.270927,20:25:00,2024-07-01
202400017365,16:45,Plein jour,35,35055,2,6,8,3.0,RD 463,48.08829,-1.625,16:45:00,2024-11-20
202400017366,09:55,Plein jour,55,55216,1,3,1,1.0,D618,49.296251,5.655183,09:55:00,2024-03-02
202400017367,12:15,Plein jour,49,49192,1,1,2,1.0,D196,47.01719,-0.738595,12:15:00,2024-06-29
202400017368,10:15,Plein jour,35,35278,2,6,1,3.0,CERISAIE (RUE DE LA),48.14027,-1.6868,10:15:00,2024-11-20
202400017369,19:30,Nuit sans éclairage,49,49373,1,1,1,2.0,D960,47.150204,-0.476916,19:30:00,2024-03-12
202400017370,10:35,Plein jour,28,28161,1,1,1,6.0,Autoroute Oceane - A11,48.250712,1.121764,10:35:00,2024-07-01
202400017371,18:00,,34,34172,2,1,1,6.0,MARES (AVENUE HENRI),43.62013,3.85378,18:00:00,2024-11-20
202400017372,20:00,Nuit sans éclairage,41,41042,1,1,1,3.0,D4,47.239618,1.388226,20:00:00,2024-03-12
202400017373,13:25,Plein jour,67,67073,1,2,1,1.0,Vieux Chemin de Châtenois (Pont),48.26720744,7.41998792,13:25:00,2024-06-26
202400017374,07:45,Plein jour,34,34172,2,1,1,5.0,LIBERTE (AVENUE DE LA,43.6091,3.85664,07:45:00,2024-11-20
202400017375,17:45,Plein jour,39,39448,1,1,8,2.0,Unknown,47.003789,5.511234,17:45:00,2024-03-12
202400017376,16:45,Plein jour,974,97405,1,2,1,3.0,Rue Maxime Payet,-21.370095,55.5808,16:45:00,2024-04-25
202400017377,00:10,,33,33249,2,2,1,3.0,Unknown,44.87015,-0.51228,00:10:00,2024-11-21
202400017378,23:15,,11,11148,2,1,1,6.0,1 Avenue de Carcassonne,43.169733,2.685893,23:15:00,2024-06-30
202400017379,13:30,Plein jour,25,25318,1,1,2,2.0,N57,46.75396,6.380555,13:30:00,2024-03-13
202400017380,18:45,,33,33063,2,3,2,3.0,Unknown,44.8666,-0.62365,18:45:00,2024-11-20
202400017381,16:37,Plein jour,54,54067,1,1,1,7.0,Route de Cutry,49.438162,5.697613,16:37:00,2024-06-29
202400017382,14:10,Plein jour,29,29105,1,1,1,6.0,RN 12,48.51824155,-4.05241367,14:10:00,2024-06-29
202400017383,13:20,Plein jour,22,22337,1,1,1,6.0,nationale 12 PR15+900,48.352343,-2.296175,13:20:00,2024-06-30
202400017384,23:50,Nuit avec éclairage,31,31555,2,1,2,4.0,24 EMPALOT  (PERIPH OUEST A620),43.56923318,1.42273396,23:50:00,2024-11-20
202400017385,16:15,Plein jour,35,35299,2,1,2,1.0,Rue de la Baie,48.63695,-1.900603,16:15:00,2024-03-12
202400017386,19:30,,31,31555,2,6,2,3.0,AV DE REYNERIE,43.56742,1.40185,19:30:00,2024-11-20
202400017387,17:00,Plein jour,974,97414,1,1,1,3.0,Rue Bon Accueil,-21.210679,55.400577,17:00:00,2024-06-30
202400017388,07:10,Crépuscule,29,29146,1,1,1,6.0,Route de Pont-Aven,47.89771935,-3.81066223,07:10:00,2024-03-13
202400017389,00:40,Nuit sans éclairage,29,29232,1,1,1,3.0,Route de Concarneau,47.95705363,-4.04524417,00:40:00,2024-11-17
202400017390,19:00,Nuit sans éclairage,974,97413,2,1,1,1.0,Rue du Musee,-21.16103469,55.28741652,19:00:00,2024-05-31
202400017391,17:25,Plein jour,26,26165,1,1,1,2.0,Route nationale 7,44.779832,4.848238,17:25:00,2024-03-12
202400017392,22:37,Nuit sans éclairage,24,24462,1,1,1,6.0,A89,45.002906,0.35941365,22:37:00,2024-06-30
202400017393,18:05,,29,29039,2,2,1,6.0,Boulevard Bougainville,47.871829,-3.925329,18:05:00,2024-11-20
202400017394,22:50,Nuit sans éclairage,05,05170,1,3,1,2.0,avenue de l'aérodrome,44.44711012,6.03220086,22:50:00,2024-03-12
202400017395,22:45,Nuit sans éclairage,56,56102,1,1,1,7.0,LA Ville david,47.996613,-2.554707,22:45:00,2024-06-30
202400017396,17:20,Nuit avec éclairage,29,29019,2,1,2,6.0,avenue de la Libération,48.397443,-4.517761,17:20:00,2024-11-19
202400017397,08:05,Plein jour,28,28134,2,1,8,6.0,REVEILLON (RUE DU),48.74833,1.38783,08:05:00,2024-11-19
202400017398,08:35,Plein jour,56,56078,1,1,1,7.0,Kerlan,47.808125,-3.502525,08:35:00,2024-06-26
202400017399,10:40,Plein jour,64,64119,1,2,1,3.0,R,43.213129,-0.244478,10:40:00,2024-03-13
202400017400,04:40,Nuit sans éclairage,16,16377,1,1,1,6.0,"Lieu dit ""Le lac noir""",45.86537,0.361212,04:40:00,2024-03-13
202400017401,17:50,,28,28134,2,6,1,3.0,ROND POINT DES CORALINES NORD,48.74596,1.3459,17:50:00,2024-11-17
202400017402,08:10,Plein jour,56,56179,1,1,8,3.0,Bivière,47.814848,-3.407489,08:10:00,2024-07-01
202400017403,14:45,Plein jour,07,07215,1,1,1,6.0,Impasse de Sarny,44.891744,4.490908,14:45:00,2024-03-13