Num_Acc,hrmn,lum,dep,com,agg,int,atm,col,adr,lat,long,heure,date
202400017404,19:20,Crépuscule,53,53002,2,1,1,6.0,8 Rue de Marigny,48.230199,-0.767991,19:20:00,2024-03-12
202400017405,19:18,,13,13201,2,2,1,3.0,CONSOLAT (RUE)   2 A 64,43.30046,5.38828,19:18:00,2024-11-20
202400017406,11:05,Plein jour,11,11397,1,1,1,2.0,rd 610,43.20466,2.466334,11:05:00,2024-07-01
202400017407,12:15,Plein jour,13,13005,2,1,1,3.0,DOUARD (AVENUE DU),43.28625379,5.59862942,12:15:00,2024-11-20
202400017408,05:00,Crépuscule,71,71558,1,1,1,6.0,D996,46.54139,5.24466,05:00:00,2024-07-01
202400017409,10:10,Plein jour,28,28350,1,2,8,3.0,Départementale 923,48.450927,1.29386,10:10:00,2024-03-10
202400017410,12:40,Plein jour,06,06083,2,1,1,1.0,Route de Castellar,43.7853,7.50464,12:40:00,2024-11-20
202400017411,16:15,Plein jour,49,49138,1,1,1,7.0,A85,47.424661,-0.143251,16:15:00,2024-03-13
202400017412,13:20,Plein jour,06,06029,2,1,1,6.0,ParcPANTIERO,43.5510698,7.0132718,13:20:00,2024-11-20
202400017413,21:15,Plein jour,71,71014,2,1,1,6.0,7 Rue Mermoz,46.951595,4.290993,21:15:00,2024-06-30
202400017414,07:30,Plein jour,01,01077,1,1,1,3.0,A40 PK 133+200 en direction de GENEVE,46.111535,5.4648,07:30:00,2024-03-08
202400017415,19:35,,05,05061,2,1,1,5.0,Avenue Bernard Givaudan,44.53955,6.06379,19:35:00,2024-11-15
202400017416,18:35,Plein jour,89,89002,1,2,1,3.0,D956,47.717493,3.909899,18:35:00,2024-06-12
202400017417,08:37,Plein jour,49,49007,2,1,1,6.0,D323,47.467963,-0.565882,08:37:00,2024-03-13
202400017418,02:05,Nuit sans éclairage,51,51097,1,1,2,6.0,Autoroute A4 Pk 187+530 sens Paris / Strasbourg,49.030257,4.546752,02:05:00,2024-03-13
202400017419,13:25,,75,75116,2,1,1,2.0,BD PERIPHERIQUE INTERIEUR,48.845853,2.255072,13:25:00,2024-11-20
202400017420,09:20,Plein jour,89,89034,1,1,2,1.0,D965,47.8128,3.705,09:20:00,2024-07-01
202400017421,08:00,Crépuscule,49,49178,1,1,1,7.0,D923,47.6292051,-0.96204487,08:00:00,2024-06-16
202400017422,00:15,,75,75106,2,2,2,3.0,BOULEVARD SAINT GERMAIN,48.852109,2.340361,00:15:00,2024-11-20
202400017423,15:00,Plein jour,69,69086,1,3,1,5.0,Route de France,45.833699,4.669656,15:00:00,2024-03-05
202400017424,17:45,Plein jour,49,49362,2,1,1,2.0,17 Route de Saumur,47.231743,-0.072709,17:45:00,2024-06-29
202400017425,18:00,,75,75116,2,2,1,6.0,ROUTE DE SURESNES,48.86511,2.234498,18:00:00,2024-11-20
202400017426,18:00,Crépuscule,974,97417,2,1,7,6.0,Chemin Paul Hoareau,-21.359714,55.720543,18:00:00,2024-03-12
202400017427,21:00,Crépuscule,34,34150,2,1,1,1.0,Avenue du Soleil,43.32035,3.539711,21:00:00,2024-06-28
202400017428,08:30,Plein jour,75,75116,2,3,8,3.0,AVENUE DES PORTUGAIS,48.870981,2.294197,08:30:00,2024-11-20
202400017429,11:00,Plein jour,33,33199,2,1,1,6.0,Unknown,44.636198,-1.081601,11:00:00,2024-03-06
202400017430,15:08,Plein jour,44,44090,1,1,1,1.0,Unknown,46.999375,-1.735947,15:08:00,2024-06-28
202400017431,12:45,Plein jour,75,75115,2,3,1,3.0,BOULEVARD DE GRENELLE,48.85033,2.29487,12:45:00,2024-11-20
202400017432,13:34,Plein jour,91,91359,1,1,1,1.0,D837,48.395773,2.406006,13:34:00,2024-03-13
202400017433,20:45,Plein jour,44,44087,1,1,1,1.0,l’hermitiere,47.030355,-1.81886,20:45:00,2024-06-30
202400017434,13:50,Plein jour,34,34154,2,1,1,1.0,Rue des Flamants Roses,43.621526,4.002435,13:50:00,2024-03-06
202400017435,17:45,Plein jour,44,44048,1,3,1,3.0,la guillardière,47.39613414,-1.24819279,17:45:00,2024-06-29
202400017436,08:48,Plein jour,84,84122,2,9,1,6.0,D 950,44.086579,4.97009,08:48:00,2024-03-13
202400017437,12:45,Plein jour,75,75107,2,3,1,1.0,AVENUE DU MARECHAL GALLIENI,48.861105,2.313226,12:45:00,2024-11-20
202400017438,09:50,Plein jour,35,35297,1,1,1,6.0,N164 pk11,48.177829,-2.193607,09:50:00,2024-06-28
202400017439,14:05,Plein jour,83,83115,1,1,1,6.0,ROUTE DEPARTEMENTALE 25,43.35534,6.602435,14:05:00,2024-03-13
202400017440,19:00,,94,94081,2,1,3,6.0,91 Avenue Paul Vaillant Couturier,48.795849,2.397975,19:00:00,2024-11-18
202400017441,09:45,Plein jour,38,38272,1,1,1,3.0,R.D. 71C,45.225881,5.316267,09:45:00,2024-06-29
202400017442,20:25,Nuit sans éclairage,83,83113,1,1,1,6.0,D69,43.69707743,5.90173872,20:25:00,2024-03-12
202400017443,07:40,Nuit sans éclairage,94,94046,2,3,2,6.0,Avenue du Général Leclerc,48.8049,2.442523,07:40:00,2024-11-20
202400017444,22:17,,94,94041,2,1,1,3.0,Avenue Danielle Casanova,48.81257,2.38628,22:17:00,2024-11-17
202400017445,16:55,Plein jour,25,25350,1,1,1,1.0,D460,47.482728,6.686983,16:55:00,2024-03-13
202400017446,16:30,Plein jour,38,38001,2,3,1,3.0,Route de Bourg,45.51056664,5.59776563,16:30:00,2024-06-30
202400017447,06:35,,94,94073,2,1,2,6.0,Avenue de Versailles,48.75697995,2.38852698,06:35:00,2024-11-20
202400017448,16:45,Plein jour,38,38287,1,9,1,1.0,D17,45.443663,5.501189,16:45:00,2024-07-01
202400017449,07:30,Crépuscule,42,42094,2,2,2,3.0,Rue Louis Blanc,45.736373,4.235884,07:30:00,2024-03-12
202400017450,19:20,,94,94033,2,1,3,3.0,Avenue de Lattre de Tassigny,48.85703,2.49171,19:20:00,2024-11-19
202400017451,14:55,Plein jour,38,38269,2,3,1,6.0,rue du breuil,44.906438,5.787775,14:55:00,2024-06-29
202400017452,20:00,Nuit sans éclairage,42,42113,1,1,2,6.0,Route de Panissières,45.746466,4.301265,20:00:00,2024-03-12
202400017453,20:22,,94,94028,2,9,2,3.0,Rue de Paris,48.794553,2.459705,20:22:00,2024-11-18
202400017454,13:50,Plein jour,94,94073,2,1,1,6.0,Boulevard de Stalingrad,48.76863,2.4026,13:50:00,2024-11-20
202400017455,12:15,Plein jour,94,94002,2,1,1,6.0,Rue Paul Vaillant Couturier,48.80502,2.41931,12:15:00,2024-11-20
202400017456,12:25,Plein jour,26,26057,1,2,1,3.0,Route de Besayes,45.00494581,5.06291628,12:25:00,2024-03-11
202400017457,15:00,Plein jour,03,03149,1,3,1,1.0,D46,46.315413,3.258884,15:00:00,2024-06-29
202400017458,16:20,Plein jour,95,95527,1,1,1,2.0,ARPENTEUR (ROUTE DE L'),49.00709905,2.5114274,16:20:00,2024-11-20
202400017459,20:10,Nuit sans éclairage,50,50531,2,2,1,3.0,Intersection D160/D103,48.681267,-1.2525,20:10:00,2024-03-13
202400017460,18:55,Nuit sans éclairage,93,93053,2,1,3,6.0,LEO LAGRANGE (RUE),48.89305111,2.44635042,18:55:00,2024-11-19
202400017461,14:05,Plein jour,03,03258,2,1,1,6.0,24 Rue de Charpigny,46.181405,3.38888,14:05:00,2024-07-01
202400017462,20:57,Nuit sans éclairage,60,60134,1,1,2,6.0,Voie d'insertion de la D1016 via la D137,49.319015,2.440539,20:57:00,2024-03-11
202400017463,17:00,Plein jour,15,15021,1,1,1,7.0,RD 51,44.765201,2.259396,17:00:00,2024-06-30
202400017464,08:25,Plein jour,93,93051,2,1,1,2.0,NEUILLY (AV DE),48.84598914,2.54070371,08:25:00,2024-11-20
202400017465,08:15,Plein jour,02,02676,1,1,2,1.0,d18,49.505147,3.855515,08:15:00,2024-03-13
202400017466,12:10,Plein jour,26,26113,2,1,1,7.0,4 Chemin de Fond Giraude,44.753336,5.367564,12:10:00,2024-07-01
202400017467,18:55,,93,93029,2,1,1,3.0,HENRI BARBUSSE (AVE) N°2-124,48.92050729,2.4527706,18:55:00,2024-11-20
202400017468,19:00,Plein jour,72,72143,2,1,1,6.0,La Florière,47.869483,0.467547,19:00:00,2024-06-28
202400017469,18:33,,93,93027,2,3,2,6.0,HUGO (AVENUE VICTOR),48.92428,2.38446,18:33:00,2024-11-19
202400017470,13:50,Plein jour,72,72224,1,1,1,6.0,Lieu Dit Le Champ De La Croix,48.025137,0.486757,13:50:00,2024-06-28
202400017471,08:45,Plein jour,14,14138,1,1,1,6.0,3 Route de la Couronne,49.248822,-1.03287,08:45:00,2024-06-29
202400017472,09:15,Plein jour,92,92046,2,1,8,3.0,PIERRE BROSSOLETTE (AVENUE),48.82009,2.31101,09:15:00,2024-11-20
202400017473,18:00,,92,92064,2,3,2,6.0,CARNOT,48.84358756,2.22274829,18:00:00,2024-11-20
202400017474,13:00,Plein jour,45,45204,1,3,1,6.0,D15 PR 9 + 380,47.797768,1.825472,13:00:00,2024-05-12
202400017475,18:15,,92,92020,1,3,3,6.0,CHATEAUBRIAND RUE DE,48.79963221,2.28038996,18:15:00,2024-11-19
202400017476,07:35,Crépuscule,10,10114,1,1,2,3.0,D619,48.51167435,3.61709028,07:35:00,2024-06-30
202400017477,17:22,Plein jour,16,16335,1,1,1,6.0,Saint-Martin-du-Clocher,46.06654392,0.13790309,17:22:00,2024-06-29
202400017478,10:15,Plein jour,92,92036,2,1,1,2.0,FOSSE BLANC (RUE DU) (1/145),48.92542216,2.30751559,10:15:00,2024-11-20
202400017479,19:05,Plein jour,53,53013,1,1,1,7.0,Les Douaires,48.327546,-0.217334,19:05:00,2024-06-26
202400017480,08:00,Plein jour,92,92012,2,1,1,6.0,QUATRE SEPTEMBRE (QUAI DU),48.84306072,2.22588211,08:00:00,2024-11-20
202400017481,17:00,Plein jour,40,40284,2,1,1,6.0,45 Avenue Nationale,43.660564,-1.304636,17:00:00,2024-06-28
202400017482,13:17,Plein jour,92,92009,2,1,1,3.0,MOULIN BAILLY ( RUE ),48.90686621,2.25809192,13:17:00,2024-11-20
202400017483,18:00,Nuit sans éclairage,91,91648,1,9,1,1.0,Vert-le-Grand,48.571546,2.365435,18:00:00,2024-11-14
202400017484,14:50,Plein jour,24,24356,1,1,1,1.0,D32,45.02505712,0.97968138,14:50:00,2024-06-29
202400017485,14:45,Plein jour,84,84094,1,1,1,1.0,D71,44.27212,5.1322,14:45:00,2024-11-20
202400017486,16:45,Plein jour,24,24355,2,1,1,3.0,D703,44.82537,1.183495,16:45:00,2024-06-30
202400017487,09:05,Plein jour,22,22223,1,1,2,2.0,RD767 PR36+0400,48.567322,-3.2073,09:05:00,2024-11-20
202400017488,21:45,Crépuscule,08,08264,1,1,1,6.0,Unknown,49.355283,4.504732,21:45:00,2024-06-30
202400017489,23:00,Nuit avec éclairage,69,69050,1,1,6,6.0,Autoroute 89,45.8544274,4.65040804,23:00:00,2024-06-29
202400017490,19:10,,34,34217,2,1,8,1.0,D17,43.683019,3.863904,19:10:00,2024-11-01
202400017491,17:15,Nuit sans éclairage,79,79061,2,1,2,7.0,Unknown,46.230723,-0.23052,17:15:00,2024-11-19
202400017492,09:10,Plein jour,49,49018,2,6,1,6.0,Chemin de Rancan (Baugé),47.537686,-0.10132,09:10:00,2024-11-20
202400017493,00:10,Nuit sans éclairage,51,51617,1,1,1,6.0,Autoroute A4 PK 174+100,49.034492,4.357796,00:10:00,2024-07-01
202400017494,08:30,Plein jour,12,12165,1,1,2,1.0,Les Boutets,44.501977,2.550405,08:30:00,2024-11-21
202400017495,01:30,Nuit sans éclairage,986,98613,1,1,1,6.0,"RT 1, TEPA",-13.324733,-176.191156,01:30:00,2024-06-15
202400017496,13:50,Plein jour,12,12032,1,4,5,1.0,D911,44.302814,2.398506,13:50:00,2024-11-19
202400017497,14:40,Plein jour,974,97419,2,1,1,3.0,Route Nationale 2,-21.139458,55.809002,14:40:00,2024-06-30
202400017498,06:50,Nuit sans éclairage,46,46279,1,1,2,6.0,D653,44.74188488,1.97245538,06:50:00,2024-11-20
202400017499,08:30,Plein jour,68,68099,2,3,1,1.0,Rue d’Illfurth,47.689753,7.271469,08:30:00,2024-11-20
202400017500,16:50,Crépuscule,22,22046,1,1,8,2.0,La Motte aux Agneaux,48.301245,-2.554375,16:50:00,2024-11-18
202400017501,12:30,Plein jour,44,44036,2,1,1,7.0,Route de Juigne les Moutiers,47.715454,-1.363329,12:30:00,2024-11-20
202400017502,18:30,,29,29259,2,9,1,6.0,Rue Pen Ar Pont,48.67837136,-3.98892529,18:30:00,2024-11-20
202400017503,07:45,Crépuscule,29,29204,2,1,1,6.0,Rue de Kerjean,48.50780943,-4.21843193,07:45:00,2024-11-20
202400017504,21:50,Nuit sans éclairage,29,29054,1,3,1,6.0,Croas An Herry,48.38181691,-3.84502784,21:50:00,2024-11-20
202400017505,19:45,Nuit sans éclairage,31,31142,1,1,3,1.0,RD125 route de Bagneres,42.856132,0.60589,19:45:00,2024-11-20
202400017506,11:00,Plein jour,38,38384,1,2,2,3.0,D130,45.338406,5.332865,11:00:00,2024-11-21
202400017507,12:50,Plein jour,02,02215,2,6,1,3.0,2 Rue Marc Lavetti,49.462668,3.823864,12:50:00,2024-11-20
202400017508,12:00,Plein jour,01,01098,1,1,1,3.0,D83,45.793635,5.683013,12:00:00,2024-11-20
202400017509,06:45,Nuit sans éclairage,01,01134,1,1,1,3.0,284 route de macon,46.289642,4.908416,06:45:00,2024-11-21
202400017510,20:25,Nuit sans éclairage,70,70405,1,2,1,3.0,RN 57 PK 61+300,47.493849,6.107218,20:25:00,2024-11-20
202400017511,09:30,Plein jour,54,54152,2,4,1,1.0,Rue du Mal de Lattre de Tassigny,48.557875,6.384661,09:30:00,2024-11-20
202400017512,14:20,Plein jour,06,06059,2,1,1,7.0,527 Route de la Turbie,43.730232,7.372545,14:20:00,2024-11-21
202400017513,15:40,Plein jour,50,50452,1,1,4,2.0,Le Bas Cerisier,48.565493,-1.10176,15:40:00,2024-11-21
202400017514,20:50,Nuit sans éclairage,73,73007,1,1,3,6.0,D102 Route du Fort,45.560225,6.253093,20:50:00,2024-11-19
202400017515,17:45,Nuit sans éclairage,53,53121,1,1,1,6.0,La Ligne,48.400545,-0.321071,17:45:00,2024-11-20
202400017516,18:25,Nuit avec éclairage,85,85026,2,1,8,3.0,Route du guy bertin,46.544973,-1.400421,18:25:00,2024-11-20
202400017517,17:15,Plein jour,37,37101,1,2,1,3.0,D29,47.674548,0.633409,17:15:00,2024-07-20
202400017518,18:20,Nuit sans éclairage,37,37018,1,1,2,6.0,Route du Vau,47.339383,0.599045,18:20:00,2024-11-21
202400017519,19:45,Nuit sans éclairage,30,30004,1,6,1,3.0,n113,43.705546,4.191842,19:45:00,2024-11-21
202400017520,13:10,Plein jour,08,08385,1,1,1,4.0,Unknown,49.7562726,4.78485574,13:10:00,2024-11-20
202400017521,13:00,Plein jour,69,69244,2,2,1,6.0,Avenue Charles de Gaulle,45.758231,4.774752,13:00:00,2024-11-20
202400017522,10:15,Plein jour,82,82037,1,1,2,1.0,A20,44.1502985,1.51107008,10:15:00,2024-11-20
202400017523,13:50,Plein jour,45,45344,1,1,4,6.0,A10 PR 122 + 221,47.786821,1.599605,13:50:00,2024-11-21
202400017524,16:45,Plein jour,84,84078,1,1,2,2.0,A7,44.249203,4.710163,16:45:00,2024-11-21
202400017525,10:45,Plein jour,971,97119,1,1,1,1.0,Chemin de Sainte Elise,16.389552,-61.464037,10:45:00,2024-11-20
202400017526,17:10,Plein jour,971,97117,1,1,1,6.0,Route de l'Ecluse,16.312631,-61.379717,17:10:00,2024-11-18
202400017527,17:55,Nuit sans éclairage,971,97118,1,1,1,6.0,Arnouville RN 1,16.238631,-61.588722,17:55:00,2024-11-20
202400017528,09:45,Plein jour,971,97134,1,1,1,6.0,Route nationale 2,16.036572,-61.751417,09:45:00,2024-11-15
202400017529,17:00,Crépuscule,29,29234,1,1,8,6.0,Kergamp,47.83501365,-3.50164552,17:00:00,2024-11-20
202400017530,07:00,Nuit sans éclairage,91,91461,1,6,1,2.0,D116d,48.591994,2.207565,07:00:00,2024-10-02
202400017531,10:25,Plein jour,21,21464,2,1,7,6.0,6 Rue Caumont Bréon,47.140796,4.948638,10:25:00,2024-11-20
202400017532,17:56,,42,42005,2,1,1,3.0,13 Rue des Bullieux,45.528505,4.271885,17:56:00,2024-11-02
202400017533,19:55,,38,38344,2,1,1,3.0,Avenue Gabriel Péri,45.366029,4.800171,19:55:00,2024-11-19
202400017534,17:30,Nuit sans éclairage,38,38377,1,1,2,7.0,Avenue de Savoie,45.572156,5.468551,17:30:00,2024-11-21
202400017535,10:50,Plein jour,38,38317,2,2,1,6.0,Avenue du Maréchal Juin,45.123053,5.697784,10:50:00,2024-11-20
202400017536,08:50,Plein jour,85,85129,2,1,3,6.0,RD937,46.846233,-1.494048,08:50:00,2024-11-21
202400017537,22:45,Nuit sans éclairage,49,49301,1,1,2,7.0,"RN 249, PK4+150",47.133301,-1.150314,22:45:00,2024-11-19
202400017538,19:15,,56,56007,2,1,1,6.0,Rue Abbé Philippe le Gall,47.67051,-2.991012,19:15:00,2024-11-20
202400017539,13:40,Plein jour,22,22136,1,1,1,1.0,La Tourelle,48.184533,-2.720009,13:40:00,2024-11-20
202400017540,07:54,Crépuscule,60,60612,1,1,1,1.0,Avenue de Creil,49.208684,2.566429,07:54:00,2024-11-21
202400017541,19:05,Nuit sans éclairage,54,54304,1,1,5,2.0,A33,48.67868287,6.11987829,19:05:00,2024-11-07
202400017542,09:45,Plein jour,33,33013,1,1,2,6.0,Unknown,44.86157,-0.50351,09:45:00,2024-11-20
202400017543,08:40,Plein jour,94,94034,1,1,2,2.0,A86,48.76061147,2.31935953,08:40:00,2024-11-20
202400017544,07:50,Crépuscule,92,92050,1,1,8,2.0,A86,48.90648919,2.21082598,07:50:00,2024-11-19
202400017545,22:45,Nuit sans éclairage,94,94044,1,1,4,5.0,N406,48.7580093,2.47075818,22:45:00,2024-11-21
202400017546,18:45,Crépuscule,77,77468,1,1,2,3.0,A4,48.83238556,2.66551763,18:45:00,2024-11-20
202400017547,11:04,Plein jour,24,24193,1,4,1,1.0,Route Madame de Sévigné,44.815667,0.365703,11:04:00,2024-09-17
202400017548,02:50,,73,73227,1,1,1,1.0,D91A - 850 Route de la choulière,45.42851536,6.63375333,02:50:00,2024-07-14
202400017549,19:50,,59,59122,2,1,1,6.0,MACE (RUE JEAN),50.17648,3.24905,19:50:00,2024-11-16
202400017550,08:50,Plein jour,57,57581,1,1,1,1.0,RD 656-Rue Nationale,49.02649,6.964973,08:50:00,2024-08-16
202400017551,16:54,Plein jour,974,97416,1,1,1,3.0,DELISLES (ROUTE HUBERT) CD3,-21.31698,55.54656,16:54:00,2024-11-19
202400017552,14:15,Plein jour,974,97416,2,1,1,5.0,LORION (RUE LUC),-21.3362,55.47042,14:15:00,2024-02-27
202400017553,12:30,Plein jour,974,97409,1,1,1,6.0,CHAMP BORNE (ROUTE DE),-20.935,55.669,12:30:00,2024-11-19
202400017554,10:30,Plein jour,69,69386,2,1,1,6.0,Rue Duguesclin,45.76937,4.84721,10:30:00,2024-11-19
202400017555,18:00,Plein jour,972,97209,2,1,1,2.0,RD 41 (ROCADE),14.61574,-61.07523,18:00:00,2024-11-19
202400017556,16:20,Plein jour,69,69202,2,1,8,2.0,Rue Commandant Charcot,45.74938,4.79503,16:20:00,2024-11-19
202400017557,11:54,Plein jour,2B,2B120,2,1,1,1.0,11 - RT,42.64577,9.44007,11:54:00,2024-11-18
202400017558,18:15,,95,95585,2,2,8,1.0,D125,48.98046584,2.38813048,18:15:00,2024-11-14
202400017559,17:09,,91,91570,2,1,2,2.0,MONTLHERY (RUE),48.6341,2.2993,17:09:00,2024-11-18
202400017560,05:40,,91,91286,2,2,1,3.0,PLESSIS (CHEMIN DU),48.65193,2.38492,05:40:00,2024-11-19
202400017561,18:00,,91,91174,2,3,3,6.0,RUE HENRI MATISSE,48.61508,2.46262,18:00:00,2024-11-19
202400017562,16:57,Crépuscule,90,90010,2,2,1,6.0,JOFFRE (BOULEVARD MARECHAL),47.6415,6.85584,16:57:00,2024-11-18
202400017563,16:59,Plein jour,87,87085,2,3,1,6.0,GONDINET (RUE),45.82876,1.25644,16:59:00,2024-11-18
202400017564,18:10,Nuit sans éclairage,85,85194,2,1,3,6.0,quai amiral de la gravière,46.50408,-1.7907,18:10:00,2024-11-19
202400017565,10:20,Plein jour,83,83137,2,1,1,6.0,GOURAUD (AVE GENERAL),43.13314539,5.91764022,10:20:00,2024-11-18
202400017566,13:00,Plein jour,80,80674,2,1,2,1.0,DEFENSE PASSIVE (AVENUE DE LA),49.9129,2.3407,13:00:00,2024-11-18
202400017567,18:05,,78,78297,2,3,2,6.0,RUE DES GRAVIERS,48.7753,2.06219,18:05:00,2024-11-18
202400017568,17:50,Nuit sans éclairage,77,77258,1,1,2,4.0,N104,48.83259,2.6211,17:50:00,2024-11-18
202400017569,18:04,Nuit sans éclairage,77,77143,1,1,3,5.0,D405,48.98933,2.87902,18:04:00,2024-11-19
202400017570,08:05,Crépuscule,76,76451,2,2,2,6.0,Avenue du Mont aux Malades,49.46596,1.07117,08:05:00,2024-11-19
202400017571,14:00,Plein jour,76,76351,2,1,2,6.0,IRENE JOLIOT CURIE (RUE),49.50794,0.10018,14:00:00,2024-11-18
202400017572,16:15,,76,76341,2,6,3,3.0,JEHAN DE GROUCHY,49.50469,0.19589,16:15:00,2024-11-18
202400017573,11:45,Plein jour,76,76351,2,3,2,6.0,HOTEL DE VILLE (PLACE DE),49.49318,0.1092,11:45:00,2024-11-18
202400017574,19:10,,70,70388,2,3,3,6.0,Avenue du Vernois,47.61275,6.13499,19:10:00,2024-11-19
202400017575,18:16,,70,70261,2,9,3,6.0,RN 57,47.630132,6.175434,18:16:00,2024-11-19
202400017576,18:40,,69,69266,2,1,1,3.0,Impasse Frédéric Fays,45.76343733,4.90457969,18:40:00,2024-11-19
202400017577,18:35,Crépuscule,69,69266,2,1,1,3.0,Cours Emile Zola,45.76366,4.91117,18:35:00,2024-11-19
202400017578,07:00,Crépuscule,69,69029,2,3,2,3.0,Avenue Franklin Roosevelt,45.73356,4.90858,07:00:00,2024-11-19
202400017579,11:00,Plein jour,69,69290,2,9,1,5.0,23 Rue Colette,45.6896,4.94348,11:00:00,2024-11-18
202400017580,17:15,,67,67482,2,1,1,3.0,DANTE (AVENUE),48.59145,7.70325,17:15:00,2024-11-18
202400017581,14:15,Plein jour,67,67482,2,1,1,6.0,SCHIRMECK (ROUTE DE),48.561996,7.697584,14:15:00,2024-11-18
202400017582,18:05,,66,66136,2,4,1,3.0,GRANDE BRETAGNE (AVENUE DE),42.69965,2.8843,18:05:00,2024-11-18
202400017583,18:10,,64,64335,2,1,1,2.0,BIE GRANDE,43.33502,-0.43626,18:10:00,2024-11-19
202400017584,17:44,,64,64102,2,6,1,2.0,FAIENCERIE(Rond Point de la),43.49376,-1.4916,17:44:00,2024-11-18
202400017585,18:15,,63,63014,2,2,1,2.0,Av Roussillon M2009/ rue Jean Moulin M21,45.75228,3.13169,18:15:00,2024-11-19
202400017586,01:30,Nuit sans éclairage,62,62139,2,1,2,6.0,RD211E2,50.72242,2.28047,01:30:00,2024-11-09
202400017587,17:30,Nuit sans éclairage,62,62427,2,1,1,1.0,D919,50.42534829,2.95009545,17:30:00,2024-11-19
202400017588,07:45,Crépuscule,62,62048,2,9,3,6.0,Rue Florent Evrard,50.50471,2.47601,07:45:00,2024-11-18
202400017589,07:45,Nuit sans éclairage,59,59599,2,1,2,6.0,GUERRE (RUE FIN DE LA),50.729257,3.144756,07:45:00,2024-11-19
202400017590,02:17,Nuit sans éclairage,59,59350,2,1,9,3.0,Rue du Faubourg d'Arras,50.60525,3.0576,02:17:00,2024-11-12
202400017591,16:46,Plein jour,56,56260,2,1,3,6.0,Rue Guillaume Le Bartz,47.64623,-2.78009,16:46:00,2024-11-19
202400017592,07:55,Nuit sans éclairage,56,56260,1,1,2,4.0,Kerblay,47.66418,-2.71935,07:55:00,2024-11-19
202400017593,17:50,Crépuscule,56,56121,2,1,1,7.0,Rue de Belgique,47.76016,-3.38306,17:50:00,2024-11-17
202400017594,14:15,Plein jour,54,54304,2,3,2,6.0,Avenue Paul Déroulède,48.68458,6.15404,14:15:00,2024-11-18
202400017595,08:10,Crépuscule,54,54578,2,1,1,3.0,Boulevard d'Haussonville,48.67599,6.16283,08:10:00,2024-11-18
202400017596,09:55,Plein jour,54,54547,2,3,1,3.0,Rue de Belgique,48.66631,6.17036,09:55:00,2024-11-18
202400017597,09:50,Plein jour,54,54469,1,1,6,1.0,D135,49.17539,5.99843,09:50:00,2024-11-19
202400017598,16:50,,51,51454,2,1,3,6.0,SCHUMAN (AVENUE ROBERT),49.231803,4.012323,16:50:00,2024-11-19
202400017599,05:00,,51,51454,2,3,2,6.0,Avenue d'Épernay,49.229242,4.014263,05:00:00,2024-11-19
202400017600,17:30,Crépuscule,49,49267,1,1,2,5.0,RD 347,47.47313,-0.48976,17:30:00,2024-11-18
202400017601,18:16,Plein jour,38,38479,1,1,1,7.0,1203 Route de Beaurepaire (Semons),45.429075,5.190201,18:16:00,2024-04-18
202400017602,23:45,Nuit sans éclairage,07,07261,1,1,1,6.0,D120,44.823694,4.737333,23:45:00,2024-04-19
202400017603,17:40,Plein jour,85,85025,1,1,1,7.0,D72,46.954996,-1.173765,17:40:00,2024-04-20
202400017604,17:50,Plein jour,37,37213,1,2,1,5.0,D938,47.61714832,0.50580025,17:50:00,2024-04-11
202400017605,16:10,Plein jour,30,30271,1,1,1,1.0,Route d'Auzon,44.205235,4.206401,16:10:00,2024-04-20
202400017606,09:00,Plein jour,60,60299,1,9,8,7.0,A16,49.607156,2.204862,09:00:00,2024-04-20
202400017607,22:53,,67,67212,2,1,8,6.0,Rue Joseph Graff,48.55883,7.653603,22:53:00,2024-04-19
202400017608,20:10,Plein jour,13,13059,1,1,1,3.0,A51 PK035.600,43.661313,5.503137,20:10:00,2024-04-20
202400017609,15:35,Plein jour,39,39150,1,1,2,6.0,Unknown,47.068246,5.438911,15:35:00,2024-04-17
202400017610,06:25,Crépuscule,83,83097,1,1,1,2.0,autoroute A8 point kilométrique 46.500 sens Ouest-Est,43.47893859,5.75277229,06:25:00,2024-04-20
202400017611,13:23,Plein jour,17,17044,1,1,1,1.0,D137,45.678638,-0.606383,13:23:00,2024-04-19
202400017612,10:20,Plein jour,988,98821,1,1,1,7.0,LA TAMOA,-22.07795,166.297066,10:20:00,2024-04-20
202400017613,17:45,Plein jour,978,97801,2,2,1,3.0,R JEAN-LUC HAMLET,18.066979,-63.071158,17:45:00,2024-04-19
202400017614,14:10,Plein jour,978,97801,2,1,1,6.0,R LOW TOWN,18.060344,-63.086554,14:10:00,2024-04-19
202400017615,14:30,Plein jour,45,45089,2,2,1,1.0,D8 PR 2 + 70,47.908158,2.033962,14:30:00,2024-04-17
202400017616,15:40,Plein jour,2A,2A247,1,1,1,3.0,Route de l’Ospedale,41.65991,9.197227,15:40:00,2024-04-19
202400017617,22:00,Nuit sans éclairage,2A,2A247,1,1,1,6.0,Route de Piccovagia,41.597216,9.324903,22:00:00,2024-04-19