Num_Acc,hrmn,lum,dep,com,agg,int,atm,col,adr,lat,long,heure,date
202400017618,02:15,Nuit sans éclairage,66,66208,1,1,1,2.0,Unknown,42.636095,2.938809,02:15:00,2024-04-20
202400017619,18:51,Plein jour,66,66037,2,3,1,3.0,Unknown,42.70576604,3.01558614,18:51:00,2024-04-19
202400017620,19:50,Crépuscule,30,30258,2,3,1,3.0,Avenue de Verdun,43.673288,4.421696,19:50:00,2024-04-19
202400017621,16:00,Plein jour,83,83138,1,1,1,6.0,Tassi,43.614481,6.719835,16:00:00,2024-04-19
202400017622,12:15,Plein jour,71,71235,1,1,1,6.0,Hurigny,46.34182985,4.7922473,12:15:00,2024-04-20
202400017623,20:50,,67,67345,1,6,1,2.0,D29,48.784014,7.859661,20:50:00,2024-03-28
202400017624,16:35,Plein jour,01,01397,1,1,1,2.0,Route de Versonnex,46.309081,6.101269,16:35:00,2024-04-05
202400017625,16:55,Plein jour,27,27568,1,1,1,7.0,D830,48.945842,0.878305,16:55:00,2024-04-15
202400017626,10:04,Plein jour,13,13106,1,1,1,2.0,A7-Sens Marseille vers Lyon,43.38841,5.35113,10:04:00,2024-04-19
202400017627,02:28,Nuit sans éclairage,13,13215,1,1,1,2.0,A7-Sens Marseille vers Lyon,43.36971,5.36038,02:28:00,2024-04-18
202400017628,09:00,Plein jour,13,13023,1,9,1,2.0,A50,43.20934943,5.62114634,09:00:00,2024-04-19
202400017629,14:40,Plein jour,83,83144,1,1,1,3.0,A57,43.13314076,5.98358989,14:40:00,2024-04-17
202400017630,17:10,Plein jour,92,92050,1,1,1,4.0,A86,48.89347708,2.1888457,17:10:00,2024-04-19
202400017631,12:55,Plein jour,92,92025,1,1,1,2.0,A86,48.92210032,2.22649712,12:55:00,2024-04-19
202400017632,20:45,Plein jour,92,92078,1,1,2,6.0,AUTOROUTE A86,48.92784897,2.33249531,20:45:00,2024-04-19
202400017633,14:00,Plein jour,93,93006,1,1,2,5.0,A3,48.86611228,2.41541368,14:00:00,2024-04-19
202400017634,15:40,Plein jour,93,93066,1,1,1,5.0,A1,48.90752236,2.35821845,15:40:00,2024-04-19
202400017635,20:30,Nuit sans éclairage,94,94033,1,1,2,3.0,A86,48.85493533,2.48858118,20:30:00,2024-04-19
202400017636,03:10,Nuit sans éclairage,94,94044,1,1,1,6.0,N406,48.75738975,2.47653199,03:10:00,2024-04-19
202400017637,02:50,,83,83090,2,1,1,1.0,RESISTANCE (AVE DE LA),43.1313554,5.84444366,02:50:00,2024-02-18
202400017638,02:40,,76,76447,1,1,1,7.0,RD 489,49.53595993,0.19959927,02:40:00,2024-02-18
202400017639,20:30,,67,67482,2,3,1,3.0,PLAINE DES BOUCHERS (RUE DE LA),48.562738,7.738495,20:30:00,2024-02-17
202400017640,19:25,,67,67482,2,1,1,1.0,ALTENHEIM (ROUTE D ),48.54164,7.766862,19:25:00,2024-02-17
202400017641,16:30,Plein jour,64,64260,2,3,1,3.0,MER (BOULEVARD DE LA),43.37421,-1.7688,16:30:00,2024-02-18
202400017642,17:38,Plein jour,973,97302,2,1,2,6.0,MARAN (RENE) CITE THEMIRE,4.93504043,-52.32105061,17:38:00,2024-04-18
202400017643,15:42,Plein jour,973,97302,2,1,2,3.0,RABAN (ROUTE DE),4.92394777,-52.31247962,15:42:00,2024-04-18
202400017644,08:45,Plein jour,973,97302,2,1,2,5.0,COLOMB (CHRISTOPHE),4.93883549,-52.32871503,08:45:00,2024-04-18
202400017645,20:40,Nuit sans éclairage,973,97302,2,1,2,3.0,ZEPHIR (ROCADE),4.93456,-52.30867,20:40:00,2024-04-17
202400017646,16:45,Plein jour,69,69383,2,2,2,2.0,Cours Gambetta,45.75435,4.8458,16:45:00,2024-04-18
202400017647,13:30,Plein jour,69,69388,2,1,1,4.0,Rue Marius Berliet,45.74119509,4.86206965,13:30:00,2024-04-18
202400017648,18:10,,972,97213,1,3,1,3.0,ROUTE DEPARTEMENTALE 14,14.63441,-61.01818,18:10:00,2024-04-18
202400017649,11:10,Plein jour,972,97213,1,1,1,6.0,ROUTE DEPARTEMENTALE 3,14.61863,-60.99503,11:10:00,2024-04-18
202400017650,16:20,Plein jour,972,97209,2,6,1,3.0,MARNE (BOULEVARD DE LA),14.6031,-61.07881,16:20:00,2024-04-17
202400017651,07:30,Plein jour,2A,2A004,2,1,1,6.0,AVENUE DU DOCTEUR NOEL FRANCHINI,41.944,8.7579,07:30:00,2024-04-18
202400017652,21:15,,91,91286,2,1,1,6.0,MIROIR (RUE DU),48.65291,2.37283,21:15:00,2024-04-18
202400017653,12:10,Plein jour,59,59139,2,7,2,6.0,Place Eugène Fiévet,50.123367,3.408358,12:10:00,2024-12-25
202400017654,14:20,Plein jour,91,91223,2,1,1,1.0,PRISON (RUE DE LA),48.43332,2.16176,14:20:00,2024-04-18
202400017655,14:50,Plein jour,59,59106,2,1,1,1.0,Rue de lille,50.579531,3.182817,14:50:00,2024-12-26
202400017656,18:05,Plein jour,88,88160,2,1,1,6.0,QUATRE VENTS (RUE DES),48.13311,6.43616,18:05:00,2024-04-18
202400017657,11:48,Plein jour,88,88209,2,1,8,2.0,HOTEL DE VILLE (RUE DE L'),48.19773,6.44028,11:48:00,2024-04-17
202400017658,17:20,Plein jour,87,87085,2,1,1,7.0,LOUYAT (AVENUE DE),45.85321,1.25896,17:20:00,2024-04-14
202400017659,00:20,,13,13212,1,1,1,2.0,A507 sens Aubagne- Marseille,43.29974682,5.42508985,00:20:00,2024-12-25
202400017660,19:15,Plein jour,87,87065,1,1,1,7.0,MONTAUBAN (RUE DE),45.80069,1.27966,19:15:00,2024-04-12
202400017661,23:30,Nuit sans éclairage,13,13117,1,1,1,3.0,A7-Sens Lyon vers Marseille,43.46038,5.23486,23:30:00,2024-12-24
202400017662,12:00,Plein jour,95,95572,1,1,1,6.0,N184,49.03265884,2.11006407,12:00:00,2024-12-25
202400017663,17:40,Plein jour,83,83137,2,1,6,6.0,FOCH (AVE DU MARECHAL),43.12786151,5.91771593,17:40:00,2024-04-17
202400017664,05:40,Nuit avec éclairage,93,93053,1,1,2,2.0,AUTOROUTE A3,48.8967295,2.47015172,05:40:00,2024-12-25
202400017665,18:30,Nuit sans éclairage,93,93066,1,1,2,2.0,AUTOROUTE A86,48.92215853,2.35753834,18:30:00,2024-12-24
202400017666,07:30,Plein jour,83,83144,2,6,1,3.0,LECLERC (BD MARECHAL),43.13632,5.98734,07:30:00,2024-04-17
202400017667,13:28,Plein jour,44,44109,2,1,1,6.0,23 Rue de Chambellan,47.23848276,-1.5033403,13:28:00,2024-12-16
202400017668,17:25,Plein jour,81,81163,1,1,1,7.0,RD 118,43.47213,2.36763,17:25:00,2024-04-17
202400017669,16:45,Crépuscule,44,44109,2,2,1,3.0,Route de Paris,47.2602934,-1.4989901,16:45:00,2024-12-12
202400017670,17:15,Plein jour,80,80021,2,1,1,2.0,Boulevard Châteaudun,49.88446,2.2817,17:15:00,2024-04-17
202400017671,07:50,Crépuscule,44,44109,2,6,1,3.0,13 Place de la République,47.20545643,-1.55421671,07:50:00,2024-12-11
202400017672,12:05,Plein jour,80,80021,1,1,1,3.0,Rue de Saveuse,49.90124,2.23826,12:05:00,2024-04-17
202400017673,18:15,Nuit sans éclairage,44,44215,1,1,1,4.0,Unknown,47.18002558,-1.5034348,18:15:00,2024-12-10
202400017674,11:26,Plein jour,77,77040,1,1,1,1.0,MELUN ( ROUTE ),48.51879,2.5747,11:26:00,2024-04-17
202400017675,21:50,,44,44190,2,1,1,3.0,411 Route de Clisson,47.1871483,-1.4793123,21:50:00,2024-12-05
202400017676,18:05,Crépuscule,74,74298,1,1,1,3.0,BONNEVILLE (ROUTE DE ),46.17115,6.25306,18:05:00,2024-10-24
202400017677,14:10,Plein jour,77,77251,2,1,1,6.0,D. 50,48.60876,2.5556,14:10:00,2024-04-17
202400017678,09:40,Plein jour,976,97611,1,1,1,1.0,m'tsapere-Nationale 2 (route),-12.79999,45.21578,09:40:00,2024-12-24
202400017679,14:15,Plein jour,76,76366,2,2,1,3.0,Rue de la République,49.509049,1.035835,14:15:00,2024-04-17
202400017680,06:05,,72,72181,2,1,1,7.0,GOUGEARD (RUE) N° IMP,48.00558,0.20162,06:05:00,2024-04-18
202400017681,16:35,Plein jour,973,97302,2,2,1,3.0,PREVOT (ERNEST),4.9330234,-52.3328197,16:35:00,2024-12-24
202400017682,12:15,Plein jour,69,69259,2,1,8,3.0,Rue du Clos Verger,45.72016,4.89324,12:15:00,2024-04-18
202400017683,09:05,Plein jour,69,69386,2,2,1,6.0,Rue Vendôme,45.76734,4.84527,09:05:00,2024-12-24
202400017684,09:45,Plein jour,972,97209,1,1,1,6.0,PARADISIERS (AVENUE DES),14.61833,-61.03693,09:45:00,2024-12-24
202400017685,19:05,Plein jour,69,69259,2,8,8,3.0,Rue Gambetta,45.69645,4.88378,19:05:00,2024-04-17
202400017686,13:25,Plein jour,972,97209,1,1,1,3.0,AUTOROUTE (A1),14.6192,-61.03887,13:25:00,2024-12-24
202400017687,17:15,Plein jour,69,69091,2,1,2,5.0,Rue de la Paix,45.58489,4.7504,17:15:00,2024-04-17
202400017688,05:15,,69,69382,1,1,1,6.0,30 Cours de Verdun Perrache,45.74851937,4.82820615,05:15:00,2024-12-24
202400017689,16:36,Plein jour,2A,2A004,2,1,8,3.0,#105b Cours Napoléon#,41.931065,8.739621,16:36:00,2024-12-23
202400017690,22:15,,67,67482,2,5,1,3.0,SEBASTOPOL (RUE DE),48.5858,7.74337,22:15:00,2024-04-17
202400017691,17:00,Crépuscule,91,91457,2,1,2,3.0,RTE DE LA FERTE ALAIS,48.582398,2.256024,17:00:00,2024-12-24
202400017692,15:10,Plein jour,62,62737,2,1,1,6.0,D937,50.46239268,2.67712589,15:10:00,2024-04-17
202400017693,16:10,Plein jour,91,91201,2,1,2,5.0,RUE EUGENE DELACROIX,48.68113096,2.42799273,16:10:00,2024-12-24
202400017694,08:35,Plein jour,62,62498,2,9,1,3.0,Rue de Londres,50.44558,2.83854,08:35:00,2024-04-13
202400017695,17:20,,91,91687,2,1,2,5.0,MARMONT (AVENUE),48.666814,2.376848,17:20:00,2024-12-23
202400017696,19:45,Plein jour,62,62160,2,3,1,3.0,Rue de la Paix,50.7297,1.61201,19:45:00,2024-04-18
202400017697,17:30,,89,89387,2,1,2,6.0,MAIL (BOULEVARD DU),48.19925,3.28721,17:30:00,2024-11-26
202400017698,11:20,Plein jour,83,83144,2,1,1,6.0,VALERY (AVE PAUL),43.12986,5.99057,11:20:00,2024-12-24
202400017699,20:00,,80,80021,2,6,2,2.0,Rue d'Abbeville,49.90792,2.26442,20:00:00,2024-12-24
202400017700,08:30,Plein jour,59,59508,2,1,1,6.0,Boulevard d'Halluin,50.74391,3.132169,08:30:00,2024-04-18
202400017701,07:45,Nuit sans éclairage,77,77350,1,1,2,1.0,D471,48.77896,2.70942,07:45:00,2024-12-24
202400017702,15:00,Plein jour,59,59636,2,1,1,3.0,YPRES RUE D,50.67874,3.04803,15:00:00,2024-04-12
202400017703,18:20,,77,77058,2,1,2,6.0,GENERAL DE GAULLE  (AVENUE DU),48.8419,2.73819,18:20:00,2024-12-23
202400017704,15:50,Plein jour,76,76451,2,2,2,1.0,Rue du Tronquet,49.47155,1.07652,15:50:00,2024-12-24
202400017705,17:00,Plein jour,59,59183,1,9,1,6.0,RD601,51.00434,2.26415,17:00:00,2024-04-18
202400017706,16:30,Plein jour,76,76486,2,1,1,2.0,Rue Pierre et Thomas Corneille,49.30392183,0.9924345,16:30:00,2024-12-23
202400017707,10:00,Plein jour,59,59017,2,3,1,6.0,DEPORTES (RUE DES),50.685301,2.89034,10:00:00,2024-04-18
202400017708,18:10,,76,76447,2,1,2,6.0,MARECHAL FOCH,49.52337,0.19302,18:10:00,2024-12-21
202400017709,03:20,,76,76351,2,1,1,6.0,ANDREI SAKHAROV (RUE),49.504753,0.16611,03:20:00,2024-12-21
202400017710,08:15,Plein jour,56,56260,2,6,1,2.0,Giratoire de la Gare,47.66415,-2.75553,08:15:00,2024-04-18
202400017711,20:20,,72,72181,2,6,1,1.0,BOLLEE (AV) N° IMP 201 A 255,47.99755,0.21556,20:20:00,2024-12-24
202400017712,17:13,Plein jour,56,56036,1,1,1,2.0,La Montagne du Salut,47.791376,-3.317171,17:13:00,2024-04-17
202400017713,20:00,,72,72181,2,2,1,3.0,DURAND GEORGES (AV) N° IMP 199 AU N° 311,47.97133,0.21709,20:00:00,2024-12-23
202400017714,17:55,Plein jour,56,56121,2,1,1,3.0,BELGIQUE (RUE  DE ),47.760126,-3.382963,17:55:00,2024-04-17
202400017715,14:30,Plein jour,69,69115,2,6,1,6.0,Avenue Edouard Herriot,45.97903524,4.73107056,14:30:00,2024-12-23
202400017716,14:15,Plein jour,50,50002,2,1,1,1.0,COUTANCES (route de),49.106259,-1.1444736,14:15:00,2024-04-13
202400017717,16:10,Plein jour,69,69029,2,1,1,6.0,Rue du 35ème Régiment d'Aviation,45.73406,4.93125,16:10:00,2024-12-24
202400017718,16:40,Plein jour,50,50129,1,1,1,6.0,CD 901,49.65158,-1.71,16:40:00,2024-04-16
202400017719,03:55,,67,67482,2,1,9,6.0,COLMAR (AVENUE DE),48.56306,7.75228,03:55:00,2024-12-24
202400017720,23:35,Nuit sans éclairage,971,97101,1,9,1,3.0,LE RAIZET(SECTEUR),16.252,-61.53075,23:35:00,2024-01-28
202400017721,08:00,Plein jour,49,49099,2,3,1,3.0,LORRAINE (RUE DE),47.053002,-0.855061,08:00:00,2024-04-18
202400017722,11:01,Plein jour,2A,2A004,2,3,1,3.0,ALBERT 1ER BD,41.91296,8.72566,11:01:00,2024-01-30
202400017723,12:50,Plein jour,67,67482,2,3,1,3.0,VOSGES (AVENUE DES),48.5892852,7.7526,12:50:00,2024-12-23
202400017724,16:10,Plein jour,49,49099,2,1,1,6.0,BOIS LAVAU (BOULEVARD DES),47.07512,-0.89222,16:10:00,2024-04-04
202400017725,18:15,Nuit sans éclairage,64,64445,2,1,1,3.0,GENERAL LECLERC DU,43.3038,-0.34614,18:15:00,2024-12-23
202400017726,17:35,Plein jour,49,49015,1,6,1,7.0,Avenue de la Boissière,47.49054585,-0.58272868,17:35:00,2024-04-17
202400017727,14:58,Plein jour,91,91174,2,3,1,3.0,PAPETERIE (RUE),48.59719,2.46597,14:58:00,2024-01-29
202400017728,17:20,,63,63224,2,1,3,6.0,RD 2009,45.87572,3.12231,17:20:00,2024-12-22
202400017729,08:35,Plein jour,49,49007,2,1,1,5.0,RAMON BOULEVARD,47.48833,-0.54389,08:35:00,2024-04-16
202400017730,20:25,,91,91589,2,2,1,3.0,ARISTIDE BRIAND (BOULEVARD),48.69305,2.36484,20:25:00,2024-01-29
202400017731,09:45,Plein jour,59,59350,2,5,8,3.0,Avenue de Dunkerque (Lille),50.63031062,3.0350317,09:45:00,2024-12-24
202400017732,07:45,Plein jour,45,45285,2,3,9,3.0,D2152 PR 74 + 1878,47.8969,1.86531,07:45:00,2024-04-18
202400017733,19:35,,83,83098,2,1,1,5.0,GANZIN (AVENUE DE),43.1078,6.03066,19:35:00,2024-01-29
202400017734,14:25,Plein jour,57,57631,2,1,1,6.0,MONTAGNE (RUE DE LA),49.10166,7.053426,14:25:00,2024-12-24
202400017735,17:30,Plein jour,45,45234,2,2,1,3.0,26 Rue de Patay,47.90896,1.90094,17:30:00,2024-04-17
202400017736,11:20,Plein jour,83,83137,2,3,1,3.0,STRASBOURG (BD DE ),43.1247,5.93295,11:20:00,2024-01-29
202400017737,17:00,Plein jour,44,44109,2,9,1,6.0,71 Boulevard de la Liberté,47.20257,-1.58872,17:00:00,2024-04-18
202400017738,16:11,Plein jour,56,56098,2,1,1,6.0,Rue Jean Jaurès,47.76703,-3.35552,16:11:00,2024-12-23
202400017739,16:45,Crépuscule,82,82033,1,2,1,3.0,COURTINALS VC 11 (CHEMIN DES) ,44.02526,1.16494,16:45:00,2024-01-29
202400017740,20:15,,54,54184,2,9,2,6.0,Av du 69e Regiment d’Infanterie,48.71239,6.24744,20:15:00,2024-12-24
202400017741,21:00,,54,54304,2,2,2,2.0,Rue de la Sapinière,48.69328,6.12817,21:00:00,2024-12-23
202400017742,07:30,Plein jour,41,41018,2,2,1,3.0,CABOCHON (RUE DE),47.57977,1.30945,07:30:00,2024-04-16
202400017743,18:48,Plein jour,38,38421,2,1,1,6.0,RUE GÉRARD PHILIPE,45.18327,5.75577,18:48:00,2024-04-18
202400017744,15:10,Plein jour,54,54482,2,3,1,3.0,Rue Louis Barthou,48.69654,6.20824,15:10:00,2024-12-23
202400017745,19:00,,77,77268,2,1,1,2.0,RUE DU PRE DE BRAY,48.86100743,2.80916986,19:00:00,2024-01-30
202400017746,15:25,Plein jour,38,38151,2,2,1,3.0,Avenue du 8 mai 1945,45.147798,5.71767,15:25:00,2024-04-17
202400017747,17:50,,51,51108,2,1,1,3.0,CARNOT (RUE),48.95208,4.36808,17:50:00,2024-12-23
202400017748,08:00,Nuit sans éclairage,77,77186,1,1,1,3.0,RD606. de la rochette à l'obélisque,48.48469,2.66552,08:00:00,2024-01-30
202400017749,11:45,Plein jour,37,37122,2,9,1,6.0,MONTAIGNE (JARDIN),47.35041,0.6613,11:45:00,2024-04-17
202400017750,01:00,Nuit sans éclairage,77,77186,1,1,1,6.0,RD148 carrefour DIANE à SORQUES,48.35481,2.76266,01:00:00,2024-01-30
202400017751,12:20,Plein jour,35,35238,2,2,1,3.0,CLEMENCEAU (BD GEORGES),48.09428232,-1.68179601,12:20:00,2024-04-18
202400017752,18:30,Nuit sans éclairage,50,50129,2,1,2,4.0,AXE NORD SUD,49.61673968,-1.58255321,18:30:00,2024-12-23
202400017753,04:20,Nuit sans éclairage,76,76447,1,4,1,1.0,RAOUL DUFY,49.55677,0.16576,04:20:00,2024-01-30
202400017754,10:30,Plein jour,42,42218,2,1,2,6.0,Rue Albert Poylo,45.45593,4.38409,10:30:00,2024-12-23
202400017755,14:15,Plein jour,32,32307,1,1,1,5.0,23 Route d?Auch,43.616682,0.5829,14:15:00,2024-09-09
202400017756,08:45,Plein jour,33,33281,2,2,1,3.0,Unknown,44.84958,-0.65602,08:45:00,2024-04-18
202400017757,00:40,,76,76351,2,1,1,6.0,REPUBLIQUE (COURS DE LA),49.50013,0.12999,00:40:00,2024-01-30
202400017758,17:25,Crépuscule,35,35051,1,6,1,2.0,ALLIES (BOULEVARD DES),48.1024,-1.61023,17:25:00,2024-12-23
202400017759,15:40,Plein jour,33,33529,2,6,1,2.0,Unknown,44.63708,-1.12896,15:40:00,2024-04-18
202400017760,12:40,Plein jour,69,69256,2,9,1,6.0,Rue de la République,45.78499826,4.93128299,12:40:00,2024-01-30
202400017761,10:25,Plein jour,35,35115,2,6,1,6.0,CARNOT (PLACE DU PRESIDENT),48.35344,-1.19875,10:25:00,2024-12-23
202400017762,07:45,Plein jour,66,66136,2,3,1,3.0,Avenue Victor DALBIEZ,42.69209886,2.88719684,07:45:00,2024-01-30
202400017763,14:50,Plein jour,30,30007,2,1,1,2.0,CROUPILLAC (AVE DE),44.13261,4.10574,14:50:00,2024-04-18
202400017764,22:45,Nuit sans éclairage,31,31555,1,1,1,2.0,980.3 PLAISANCE (ROCADE ARC EN CIEL),43.5711,1.37259,22:45:00,2024-12-23
202400017765,07:50,Plein jour,62,62133,2,1,1,3.0,Avenue de la République,50.41987409,2.90835536,07:50:00,2024-01-29
202400017766,16:47,Plein jour,33,33550,1,1,1,4.0,Unknown,44.78616,-0.54155,16:47:00,2024-09-09
202400017767,09:00,Plein jour,29,29232,2,1,1,7.0,Rond-Point d' Ergue-Armel,47.98358546,-4.07442542,09:00:00,2024-12-23
202400017768,13:15,Plein jour,29,29019,2,2,1,1.0,rue de l'Eau blanche,48.41565,-4.462251,13:15:00,2024-04-17
202400017769,18:45,,62,62193,2,1,1,6.0,D940,50.95245152,1.83180196,18:45:00,2024-01-30
202400017770,03:15,,26,26252,1,1,1,7.0,RN 7,44.87362236,4.8655057,03:15:00,2024-12-24
202400017771,09:20,Plein jour,33,33090,1,1,2,4.0,Unknown,44.767031,-0.668673,09:20:00,2024-09-09
202400017772,16:28,Plein jour,22,22187,1,2,1,3.0,PONT A L'ANGLAIS (Rue du),48.53298,-2.7542,16:28:00,2024-04-18
202400017773,09:45,Plein jour,25,25388,2,3,1,6.0,BESANCON (FAUBOURG DE),47.5092,6.78749,09:45:00,2024-12-24
202400017774,15:25,Plein jour,62,62178,1,1,1,3.0,D188,50.49514,2.53834,15:25:00,2024-01-30
202400017775,10:28,Plein jour,22,22215,1,1,2,6.0,CARPONT (RUE DU),48.499,-2.77806,10:28:00,2024-12-24
202400017776,19:15,Nuit sans éclairage,62,62457,1,1,1,2.0,D301,50.45125778,2.55144739,19:15:00,2024-01-29
202400017777,08:50,Plein jour,22,22187,1,1,1,4.0,RN12,48.54245651,-2.76694748,08:50:00,2024-04-18
202400017778,10:45,Plein jour,94,94034,1,1,2,5.0,A86,48.76061147,2.31935953,10:45:00,2024-09-09
202400017779,16:10,Plein jour,19,19031,2,1,8,3.0,ALVITRE (AVENUE ABBE),45.15353,1.50911,16:10:00,2024-12-24
202400017780,16:54,Plein jour,22,22113,2,1,1,2.0,RESISTANCE (AVENUE DE LA),48.74061,-3.46468,16:54:00,2024-04-18
202400017781,07:00,,60,60175,2,2,1,3.0,Rue de la République,49.26137,2.47422,07:00:00,2024-01-30
202400017782,08:26,Plein jour,91,91339,1,1,2,3.0,RN 104,48.6254,2.26244,08:26:00,2024-09-09
202400017783,17:35,,14,14366,2,3,1,3.0,155 Rue Roger Aini,49.14482,0.25661,17:35:00,2024-12-23
202400017784,19:10,Plein jour,14,14220,2,1,1,6.0,5 Avenue Strassburger,49.35179,0.0753,19:10:00,2024-04-18
202400017785,05:50,Nuit sans éclairage,91,91521,1,1,2,6.0,RN 104,48.63530039,2.40133882,05:50:00,2024-09-09
202400017786,16:00,Plein jour,59,59410,2,2,8,3.0,BECQUEREL RUE DU,50.63552,3.10092,16:00:00,2024-01-30
202400017787,14:20,Plein jour,14,14333,2,9,8,7.0,Place Pierre Berthelot,49.41992,0.2361,14:20:00,2024-12-23
202400017788,09:30,Plein jour,13,13213,2,1,1,4.0,BARA (BOULEVARD),43.3502,5.44295,09:30:00,2024-04-18
202400017789,01:30,Nuit sans éclairage,91,91692,1,1,2,1.0,AUTOROUTE A10,48.67432,2.19882,01:30:00,2024-09-09
202400017790,15:50,Plein jour,54,54167,2,1,1,3.0,Avenue du Général Leclerc,48.67287362,5.91675997,15:50:00,2024-01-26
202400017791,18:50,,14,14118,2,3,2,4.0,3 Rue Général Moulin,49.185365,-0.396522,18:50:00,2024-12-24
202400017792,21:40,,13,13213,2,1,1,1.0,MARATHON (RUE DE),43.32956,5.4071,21:40:00,2024-04-17
202400017793,12:20,Plein jour,93,93029,1,1,1,5.0,AUTOROUTE A86,48.92256332,2.42727135,12:20:00,2024-09-07
202400017794,16:30,Plein jour,54,54526,2,3,1,6.0,Rue Camélinat,48.68802939,6.20742962,16:30:00,2024-01-29
202400017795,22:30,,14,14118,2,1,6,6.0,49 Avenue de Tourville,49.18454,-0.34927,22:30:00,2024-12-21
202400017796,09:00,Plein jour,13,13206,2,1,1,3.0,BRETEUIL (RUE),43.2899,5.376,09:00:00,2024-04-17
202400017797,01:40,Nuit sans éclairage,93,93048,1,1,1,4.0,AUTOROUTE A86,48.86354514,2.4825764,01:40:00,2024-09-08
202400017798,18:50,,13,13212,2,1,1,3.0,CAILLOLS (AVENUE DES),43.30379,5.42698,18:50:00,2024-12-23
202400017799,20:30,,13,13202,2,1,1,2.0,BASSINS DE RADOUB (BOULEVARD DES),43.32531,5.35963,20:30:00,2024-04-16
202400017800,14:10,Plein jour,54,54547,2,6,1,2.0,Rue de Gembloux,48.66428595,6.17431104,14:10:00,2024-01-29
202400017801,10:55,Plein jour,13,13201,2,1,1,1.0,Cours lieutaud,43.2939185,5.38214991,10:55:00,2024-12-24
202400017802,13:35,Plein jour,93,93027,1,1,1,3.0,AUTOROUTE A86,48.9236742,2.38525629,13:35:00,2024-09-07
202400017803,17:00,Plein jour,13,13028,2,6,1,3.0,ROVARCH (AVENUE PIERRE),43.19229187,5.60894914,17:00:00,2024-04-17
202400017804,17:00,Crépuscule,52,52125,2,1,2,1.0,R.D. 162,48.10986,5.1601,17:00:00,2024-01-26
202400017805,10:44,Plein jour,10,10387,2,1,8,3.0,ANATOLE FRANCE (RUE),48.28007,4.06979,10:44:00,2024-12-24
202400017806,17:05,Plein jour,93,93007,1,1,2,4.0,AUTOROUTE A1,48.94841681,2.44555052,17:05:00,2024-09-06
202400017807,19:40,Nuit sans éclairage,49,49328,1,1,1,6.0,VIEUX VIVY (ROUTE DU),47.28967,-0.06963,19:40:00,2024-01-25
202400017808,12:00,Plein jour,13,13004,2,3,1,6.0,AV MARECHAL JUIN,43.66872,4.63447,12:00:00,2024-04-09
202400017809,02:18,Nuit sans éclairage,10,10357,1,6,1,6.0,D610,48.2957,4.1378,02:18:00,2024-12-24
202400017810,09:15,Plein jour,94,94073,1,1,2,3.0,A86,48.76210053,2.38167667,09:15:00,2024-09-09
202400017811,15:59,Plein jour,49,49007,2,3,1,3.0,BON PASTEUR BOULEVARD,47.47012,-0.56948,15:59:00,2024-01-30
202400017812,14:25,Plein jour,10,10357,1,1,8,2.0,ROCADE EST (RD 610),48.2956,4.1375,14:25:00,2024-12-23
202400017813,17:45,Plein jour,11,11069,2,1,1,2.0,48 Bd Louis Joseph Gay Lussac,43.20906,2.32487,17:45:00,2024-04-16
202400017814,14:00,Plein jour,70,70482,2,1,1,6.0,Avenue des Patis,47.664573,5.968679,14:00:00,2024-09-07
202400017815,07:55,Crépuscule,07,07102,2,1,2,6.0,REPUBLIQUE (AV. DE LA) [DU N° AU N°],44.9331,4.87969,07:55:00,2024-12-23
202400017816,20:55,Crépuscule,10,10387,2,1,1,6.0,JEAN BERTHELIN (RUE),48.2724,4.0803,20:55:00,2024-04-18
202400017817,07:15,,49,49007,2,6,1,3.0,AMBROISE PARE,47.47614,-0.57297,07:15:00,2024-01-30
202400017818,15:00,Plein jour,972,97208,1,1,2,6.0,BALATA (ROUTE DE),14.70819,-61.09364,15:00:00,2024-09-08
202400017819,08:15,Plein jour,06,06029,2,3,1,6.0,8 Rue des Suisses,43.551778,7.009551,08:15:00,2024-04-18
202400017820,08:25,Crépuscule,49,49246,2,1,1,1.0,SORGES ROUTE,47.43497,-0.49931,08:25:00,2024-01-29
202400017821,17:00,Plein jour,972,97209,1,1,2,7.0,BALATA (ROUTE DE),14.66262,-61.08592,17:00:00,2024-09-08
202400017822,08:30,Plein jour,75,75119,2,1,1,3.0,BD PERIPHERIQUE EXTERIEUR,48.900425,2.390207,08:30:00,2024-04-17
202400017823,18:35,Crépuscule,972,97213,1,1,1,2.0,AUTOROUTE (A1),14.6147,-61.01282,18:35:00,2024-09-07
202400017824,10:15,Plein jour,75,75120,2,3,1,3.0,BOULEVARD DE BELLEVILLE,48.869583,2.380053,10:15:00,2024-04-18
202400017825,15:40,Plein jour,69,69149,2,1,1,6.0,80 Rue Dubois Crance,45.71153,4.81957,15:40:00,2024-09-08
202400017826,11:32,Plein jour,75,75117,2,3,1,6.0,BOULEVARD BESSIERES,48.897655,2.324677,11:32:00,2024-04-18
202400017827,14:55,Plein jour,06,06029,2,2,1,4.0,1 Avenue Reine Astrid,43.53963,7.03579,14:55:00,2024-12-23
202400017828,08:30,Plein jour,971,97101,1,1,3,2.0,RN1 ROCADE DE CHAUVEL,16.24073,-61.52258,08:30:00,2024-09-08
202400017829,08:15,Plein jour,75,75117,2,2,8,6.0,RUE CARDINET,48.888626,2.315686,08:15:00,2024-04-18
202400017830,20:00,,42,42218,2,1,1,2.0,EVRARD FLORENT A PARTIR Nø 114-89,45.42443392,4.3753843,20:00:00,2024-01-20
202400017831,19:44,,03,03310,2,2,1,3.0,Rue de Beauséjour,46.1367,3.42291,19:44:00,2024-12-23