Num_Acc,hrmn,lum,dep,com,agg,int,atm,col,adr,lat,long,heure,date
202400017832,14:15,Plein jour,95,95268,2,1,1,6.0,D125E,48.97299005,2.39767934,14:15:00,2024-09-08
202400017833,22:30,,75,75116,2,3,1,6.0,SQUARE ALBONI,48.857773,2.285541,22:30:00,2024-04-17
202400017834,16:00,Plein jour,42,42275,2,1,2,6.0,Place Massenet,45.46633127,4.3791794,16:00:00,2024-01-15
202400017835,17:40,,75,75120,2,1,1,2.0,BD PERIPHERIQUE INTERIEUR,48.85724,2.414025,17:40:00,2024-12-23
202400017836,19:30,Plein jour,75,75116,2,1,1,3.0,AVENUE DE LA GRANDE ARMEE,48.875467,2.289446,19:30:00,2024-04-17
202400017837,09:13,Plein jour,84,84092,2,2,2,3.0,LYON (ROUTE DE ),43.95471,4.83812,09:13:00,2024-09-08
202400017838,08:55,Plein jour,75,75115,2,1,1,6.0,AVENUE DE LA PORTE DE LA PLAINE,48.830445,2.292285,08:55:00,2024-04-18
202400017839,20:00,,75,75120,2,3,1,6.0,RUE DES PYRENEES,48.873375,2.390083,20:00:00,2024-12-24
202400017840,10:30,Plein jour,83,83137,2,1,2,3.0,BROSSET (BD GENERAL),43.12828,5.90529,10:30:00,2024-09-08
202400017841,18:00,Plein jour,75,75112,2,3,1,6.0,AVENUE DAUMESNIL,48.840314,2.392487,18:00:00,2024-04-18
202400017842,15:13,Plein jour,38,38169,2,3,1,3.0,Boulevard Joliot Curie,45.19704,5.69376,15:13:00,2024-01-30
202400017843,02:00,Nuit sans éclairage,83,83069,2,1,1,6.0,PIERREFEU (ROUTE DE) RD 12,43.15085599,6.14664584,02:00:00,2024-09-08
202400017844,17:33,,75,75118,2,2,2,6.0,RUE D AUBERVILLIERS,48.898714,2.370291,17:33:00,2024-12-24
202400017845,09:20,Plein jour,75,75110,2,2,1,6.0,RUE DE LANCRY,48.872556,2.363267,09:20:00,2024-04-18
202400017846,02:45,,83,83050,2,6,1,6.0,JUIN( AVENUE DU MARECHAL),43.53265316,6.47091047,02:45:00,2024-09-08
202400017847,19:10,,38,38053,2,9,1,2.0,Avenue d’Italie,45.58457,5.27825,19:10:00,2024-01-30
202400017848,09:30,Plein jour,75,75115,2,5,1,6.0,RUE LECOURBE,48.842642,2.302675,09:30:00,2024-12-24
202400017849,16:40,Plein jour,75,75108,2,3,1,3.0,RUE SAINT LAZARE,48.875382,2.324906,16:40:00,2024-04-18
202400017850,07:29,Plein jour,81,81065,2,1,1,2.0,180 Avenue Charles De Gaulle,43.59669,2.26199,07:29:00,2024-09-08
202400017851,17:30,,37,37261,2,9,1,2.0,AUBERDIERE (RUE DE L'),47.36573,0.69858,17:30:00,2024-01-29
202400017852,17:45,,75,75113,2,7,2,2.0,PLACE D ITALIE,48.830962,2.355809,17:45:00,2024-12-24
202400017853,10:00,Plein jour,75,75108,2,7,1,3.0,PLACE DE LA MADELEINE,48.86924,2.32447,10:00:00,2024-04-18
202400017854,12:05,Plein jour,35,35055,1,3,1,3.0,GRESILLON (ALLEE DU),48.07634368,-1.58679716,12:05:00,2024-01-30
202400017855,17:25,Plein jour,78,78643,2,6,1,6.0,EUROPE BD DE L',48.976183,1.982536,17:25:00,2024-09-08
202400017856,12:15,Plein jour,75,75109,2,2,1,3.0,RUE AUBER,48.873269,2.328905,12:15:00,2024-12-23
202400017857,11:15,Plein jour,35,35051,2,6,1,4.0,ALLIES (BOULEVARD DES),48.10248,-1.61031,11:15:00,2024-01-30
202400017858,21:43,,75,75107,2,2,1,3.0,QUAI VOLTAIRE,48.859522,2.329281,21:43:00,2024-04-17
202400017859,12:40,Plein jour,33,33529,2,1,1,6.0,Unknown,44.609739,-1.1247997,12:40:00,2024-01-30
202400017860,03:30,Nuit sans éclairage,71,71499,2,1,1,6.0,SAINT EUGENE (RUE ),46.67875042,4.25903678,03:30:00,2024-09-08
202400017861,10:50,Plein jour,75,75101,2,4,7,6.0,AVENUE DE L OPERA,48.867252,2.333612,10:50:00,2024-12-23
202400017862,13:30,Plein jour,75,75103,2,3,1,6.0,RUE DU TEMPLE,48.863372,2.358259,13:30:00,2024-04-18
202400017863,08:10,,29,29019,2,6,1,3.0,route du Vieux Saint-Marc,48.386962,-4.47101,08:10:00,2024-01-29
202400017864,23:40,,69,69282,2,4,1,6.0,Rue de la République,45.76172,5.02263,23:40:00,2024-09-08
202400017865,16:19,Crépuscule,75,75101,2,3,8,6.0,RUE DE RIVOLI,48.86247,2.336277,16:19:00,2024-12-22
202400017866,19:30,,26,26198,2,1,1,6.0,Boulevard du Président Vincent Auriol,44.54834,4.77395,19:30:00,2024-01-30
202400017867,17:38,Plein jour,64,64122,2,1,8,6.0,"""FOCH (AV, DU MARECHAL)""",43.47922,-1.5586,17:38:00,2024-09-08
202400017868,18:00,Plein jour,75,75101,2,2,1,3.0,PONT AU CHANGE,48.856218,2.346495,18:00:00,2024-04-17
202400017869,00:35,,13,13211,2,9,1,1.0,MIREILLE LAUZE (Bd),43.287314,5.43243,00:35:00,2024-01-31
202400017870,22:00,,94,94041,2,3,2,1.0,Rue François Mitterrand,48.8244,2.38702,22:00:00,2024-12-24
202400017871,00:40,Nuit avec éclairage,47,47031,2,1,1,2.0,RD813,44.1925732,0.64762686,00:40:00,2024-09-08
202400017872,00:58,,94,94068,2,2,1,3.0,Boulevard de Créteil / Avenue Barbès,48.79799,2.4917,00:58:00,2024-04-17
202400017873,19:10,,13,13212,2,1,1,3.0,24 AVRIL 15 (AVENUE DU),43.307894,5.426839,19:10:00,2024-01-30
202400017874,19:45,,94,94028,2,1,2,4.0,Rue Juliette Savar,48.77990433,2.46559145,19:45:00,2024-12-24
202400017875,14:40,Plein jour,45,45068,2,1,2,6.0,12 Rue Marcel Paul,48.012,2.72237,14:40:00,2024-09-07
202400017876,06:45,Crépuscule,94,94041,2,1,1,3.0,123 Avenue Maurice Thorez,48.815463,2.377787,06:45:00,2024-04-18
202400017877,15:30,Plein jour,13,13215,2,1,1,3.0,SAINT ANTOINE (AVENUE DE),43.37,5.35,15:30:00,2024-01-30
202400017878,02:55,,44,44143,2,9,2,6.0,125 Rue Aristide Briand,47.17797,-1.54408,02:55:00,2024-09-08
202400017879,13:00,Plein jour,94,94017,2,2,1,3.0,Rue Alexandre Fourny,48.81882337,2.52030936,13:00:00,2024-12-23
202400017880,14:00,Plein jour,94,94041,2,1,2,3.0,Boulevard Paul Vaillant Couturier,48.81545605,2.40104949,14:00:00,2024-04-17
202400017881,16:30,Plein jour,13,13206,2,1,1,5.0,LODI (RUE DE),43.28951,5.38717,16:30:00,2024-01-16
202400017882,01:50,,44,44109,2,6,2,6.0,PLACE DU GARIGLIANo,47.19829883,-1.60563565,01:50:00,2024-09-08
202400017883,13:00,Plein jour,93,93064,2,1,2,3.0,Rue Richard Gardebled,48.87559836,2.48410451,13:00:00,2024-12-24
202400017884,15:45,Plein jour,13,13001,2,1,1,3.0,BENOIT FERNAND (AV),43.547,5.44,15:45:00,2024-01-29
202400017885,14:10,Plein jour,94,94034,2,1,1,2.0,Avenue de Stalingrad,48.76322,2.33378,14:10:00,2024-04-18
202400017886,17:05,Plein jour,43,43002,2,1,1,2.0,34 Route de Roderie,45.05079,3.893,17:05:00,2024-09-07
202400017887,19:05,,93,93077,2,9,1,7.0,Allee du Plateau,48.87966,2.50419,19:05:00,2024-12-23
202400017888,13:30,Plein jour,07,07316,1,1,1,5.0,Route de Lyon,44.90501,4.85346,13:30:00,2024-01-30
202400017889,15:40,Plein jour,93,93051,2,3,1,3.0,Rue de Verdun / Rue du 26 Aout 1944,48.8481416,2.53193092,15:40:00,2024-04-18
202400017890,20:50,,38,38185,2,2,2,3.0,Rue des Alliés,45.17052713,5.72761193,20:50:00,2024-09-08
202400017891,05:47,,93,93045,2,2,2,1.0,Boulevard Eugène Decros / Rue de la Rochefoucauld,48.88125,2.41391,05:47:00,2024-12-24
202400017892,13:07,Plein jour,06,06088,2,1,1,6.0,Rue de Roquebillière,43.7119263,7.288439,13:07:00,2024-01-30
202400017893,12:30,Plein jour,37,37195,2,1,1,6.0,LOUIS XI (RUE),47.38524,0.66555,12:30:00,2024-09-08
202400017894,16:45,Plein jour,37,37261,2,1,1,6.0,ALOUETTE (AVENUE),47.36274,0.69622,16:45:00,2024-09-07
202400017895,09:00,Plein jour,93,93030,2,2,2,6.0,DE GAULLE (AVENUE DU GENERAL),48.94975,2.41508,09:00:00,2024-12-24
202400017896,16:10,Plein jour,06,06069,2,9,1,2.0,Chemin de l’Orme,43.65259,6.94536,16:10:00,2024-01-30
202400017897,13:05,Plein jour,93,93046,2,2,1,3.0,Avenue Jean Jacques Rousseau / Avenue Emile Zola,48.92944,2.54109,13:05:00,2024-04-17
202400017898,12:00,Plein jour,34,34129,2,1,1,3.0,BRET (ROND POINT L),43.57612,3.875,12:00:00,2024-09-08
202400017899,14:40,Plein jour,06,06069,2,1,1,2.0,Avenue Antoine de Saint Exupéry,43.6604,6.9305,14:40:00,2024-01-30
202400017900,02:00,,93,93027,2,3,1,3.0,FRANKLIN (RUE),48.91977072,2.41297781,02:00:00,2024-12-23
202400017901,10:05,Plein jour,93,93045,2,1,1,6.0,Rue de Paris,48.88082498,2.4195521,10:05:00,2024-04-17
202400017902,17:30,Plein jour,29,29232,2,1,3,7.0,Boulevard de Poulguinan,47.98559,-4.11124,17:30:00,2024-09-08
202400017903,13:39,Plein jour,06,06030,2,3,1,6.0,Rue Sevigne,43.56774,7.0157,13:39:00,2024-01-30
202400017904,15:50,Plein jour,93,93057,2,1,1,7.0,Avenue Aristide Briand,48.908701,2.499744,15:50:00,2024-04-18
202400017905,16:05,Crépuscule,92,92026,2,2,2,4.0,PRÉSIDENT PAUL DOUMER (QUAI DU),48.89669218,2.26437673,16:05:00,2024-12-24
202400017906,12:10,Plein jour,05,05023,2,1,1,6.0,FINE (RUE ORONCE),44.88913,6.63318,12:10:00,2024-01-29
202400017907,16:13,Plein jour,93,93008,2,3,1,6.0,Rue de Stalingrad / Rue du Colonel Rol Tanguy,48.91814,2.41621,16:13:00,2024-04-18
202400017908,12:34,Plein jour,27,27229,2,2,1,3.0,CITES UNIES (BOULEVARD DES),49.0064,1.14487,12:34:00,2024-09-08
202400017909,17:10,Crépuscule,75,75115,2,1,1,3.0,PORTE DE SEVRES,48.830954,2.284024,17:10:00,2024-01-30
202400017910,23:17,,92,92024,2,2,2,1.0,JEAN JAURES (BD) DE (1 A 45)   (2 A 54),48.89784363,2.30800644,23:17:00,2024-12-23
202400017911,11:00,Plein jour,93,93007,2,2,1,3.0,Rue Martyrs de la Deportation / Rue Gilbert Dru,48.947326,2.438931,11:00:00,2024-04-17
202400017912,16:40,Plein jour,75,75118,2,1,1,4.0,BD PERIPHERIQUE EXTERIEUR,48.901076,2.345273,16:40:00,2024-01-30
202400017913,07:00,,92,92002,2,1,2,3.0,RAYMON ARON (AVENUE),48.77125642,2.31210619,07:00:00,2024-12-24
202400017914,10:04,Plein jour,25,25462,2,1,1,3.0,LAVAUX DES (DU 26 A LA FIN),46.90568,6.36607,10:04:00,2024-09-08
202400017915,17:35,Plein jour,92,92078,2,3,1,6.0,REDOUTE (AVENUE),48.94592249,2.31931812,17:35:00,2024-04-18
202400017916,16:17,Plein jour,31,31184,1,1,8,6.0,Route de Lasbordes,43.598351,1.535285,16:17:00,2024-12-24
202400017917,16:35,Plein jour,75,75114,2,1,1,4.0,PORTE DE CHATILLON,48.822561,2.314169,16:35:00,2024-01-29
202400017918,07:10,Plein jour,92,92062,1,1,1,3.0,GENERAL DE GAULLE (AV) DU 63 AU 107,48.88594873,2.22915781,07:10:00,2024-04-18
202400017919,17:50,Plein jour,23,23096,2,6,1,2.0,GANE (ROND POINT DE LA),46.17456,1.87199,17:50:00,2024-09-08
202400017920,11:45,Plein jour,87,87202,1,1,1,6.0,3 Rue François 1er,45.89068678,1.09366261,11:45:00,2024-12-25
202400017921,18:40,Plein jour,92,92025,2,1,1,6.0,CHARLES DE GAULLE (BD),48.9148869,2.22868004,18:40:00,2024-04-18
202400017922,19:45,,75,75105,2,3,1,6.0,BOULEVARD SAINT MARCEL,48.838474,2.357042,19:45:00,2024-01-27
202400017923,12:45,Plein jour,13,13043,2,1,2,2.0,ROVE (AV DU ),43.38427,5.21903,12:45:00,2024-09-08
202400017924,22:10,Nuit sans éclairage,05,05106,1,1,1,6.0,N94,44.531805,6.327009,22:10:00,2024-12-24
202400017925,16:30,Plein jour,75,75116,2,1,1,6.0,AVENUE DE LA GRANDE ARMEE,48.87547471,2.28901586,16:30:00,2024-01-30
202400017926,09:15,Plein jour,92,92024,2,1,8,2.0,MARTRE DE (4 A 54),48.8997426,2.30906904,09:15:00,2024-04-18
202400017927,15:40,Plein jour,13,13213,2,1,8,7.0,JEAN PAUL SARTRE (AVENUE),43.32218773,5.41806352,15:40:00,2024-09-08
202400017928,15:40,Plein jour,07,07330,2,1,1,1.0,Chemin des Loubières,44.424848,4.368234,15:40:00,2024-12-25
202400017929,18:40,,75,75111,2,3,1,1.0,RUE LOUIS BONNET,48.87025198,2.37648332,18:40:00,2024-01-30
202400017930,18:30,Plein jour,92,92012,2,2,1,1.0,REPUBLIQUE (BOULEVARD DE LA) 5/77BIS - 6,48.83106651,2.25724402,18:30:00,2024-04-18
202400017931,00:30,,13,13209,2,1,1,1.0,LÉON LACHAMP (ROUTE),43.249,5.4408,00:30:00,2024-09-08
202400017932,20:30,Nuit sans éclairage,24,24485,1,1,2,6.0,Route du Val de Côle,45.37203264,0.79777658,20:30:00,2024-12-24
202400017933,17:30,Crépuscule,75,75111,2,3,1,6.0,RUE DE LA ROQUETTE,48.857966,2.381609,17:30:00,2024-01-30
202400017934,04:41,Nuit sans éclairage,30,30341,1,1,1,7.0,D179,43.594317,4.342604,04:41:00,2024-12-25
202400017935,00:20,Nuit sans éclairage,10,10060,2,6,1,6.0,GENERAL LECLERC (RUE DU),48.25496,4.09637,00:20:00,2024-09-09
202400017936,20:05,Crépuscule,92,92002,2,1,1,2.0,ARISTIDE BRIAND (AVENUE),48.7550488,2.30568552,20:05:00,2024-04-17
202400017937,10:43,Plein jour,75,75103,2,3,1,2.0,RUE DEBELLEYME,48.860845,2.363058,10:43:00,2024-01-30
202400017938,08:40,Plein jour,17,17010,1,1,1,1.0,D202,46.108499,-1.084986,08:40:00,2024-04-19
202400017939,09:08,Plein jour,10,10357,2,6,7,6.0,HENRI BARBUSSE (RUE),48.30052,4.10853,09:08:00,2024-09-08
202400017940,18:00,,31,31506,2,2,1,2.0,Avenue de la Marqueille,43.56031489,1.53055161,18:00:00,2024-12-25
202400017941,18:35,Plein jour,22,22302,2,1,1,6.0,Rue de la Manchette,48.593488,-2.186896,18:35:00,2024-04-18
202400017942,19:25,,75,75101,2,2,1,1.0,BOULEVARD DE SEBASTOPOL,48.859531,2.348789,19:25:00,2024-01-29
202400017943,17:25,Plein jour,08,08105,2,1,1,1.0,Unknown,49.75625,4.71974,17:25:00,2024-09-07
202400017944,15:30,Plein jour,31,31547,1,9,1,3.0,3000 Route de Saint Lys,43.502505,1.266743,15:30:00,2024-04-18
202400017945,01:05,,94,94041,2,1,1,7.0,Boulevard Paul Vaillant Couturier,48.81738087,2.39874297,01:05:00,2024-01-30
202400017946,03:05,Nuit sans éclairage,30,30169,1,1,1,5.0,A9,43.80059383,4.31178948,03:05:00,2024-12-25
202400017947,07:50,Plein jour,06,06088,2,2,1,3.0,52 Boulevard Risso,43.7026362,7.2800611,07:50:00,2024-09-08
202400017948,01:20,,971,97118,2,1,1,6.0,Chemin de Fontarabie,16.218739,-61.63358,01:20:00,2024-12-25
202400017949,01:18,Nuit sans éclairage,35,35206,1,1,1,2.0,RN 137 Point ilométrique 40,48.06301532,-1.67847544,01:18:00,2024-04-19
202400017950,03:20,,94,94034,2,3,1,3.0,Rue des Anémones / Boulevard Pasteur,48.75586841,2.31405035,03:20:00,2024-01-30
202400017951,05:40,,33,33199,2,1,2,6.0,Unknown,44.637346,-1.101838,05:40:00,2024-12-24
202400017952,01:45,,06,06088,2,2,1,3.0,77 Boulevard Paul Montel,43.67783,7.20527,01:45:00,2024-09-08
202400017953,16:51,Plein jour,59,59201,1,1,8,2.0,Route de Fournes,50.613698,2.92822,16:51:00,2024-04-18
202400017954,14:30,Plein jour,94,94070,2,1,1,4.0,Route de Paris,48.719716,2.566964,14:30:00,2024-01-30
202400017955,20:17,Nuit sans éclairage,21,21406,1,1,1,6.0,D9,47.30868,4.722437,20:17:00,2024-04-18
202400017956,13:55,Plein jour,06,06069,2,1,2,6.0,2 Place du Patti,43.66072,6.92422,13:55:00,2024-09-08
202400017957,15:40,Plein jour,93,93064,2,1,1,6.0,Rue Jules Ferry,48.87396,2.47894,15:40:00,2024-01-30
202400017958,17:13,Plein jour,19,19196,1,1,1,7.0,Route D'Objat,45.28911932,1.38656704,17:13:00,2024-04-18
202400017959,08:54,Plein jour,04,04070,2,1,1,7.0,GAMBETTA (BD),44.0907543,6.2311163,08:54:00,2024-09-20
202400017960,07:00,Crépuscule,19,19285,1,1,1,7.0,D7,45.38356324,1.46333184,07:00:00,2024-04-19
202400017961,08:25,Plein jour,93,93062,2,9,1,3.0,Allée Gambetta / Allée du Jardin Anglais,48.895334,2.510938,08:25:00,2024-01-30
202400017962,19:10,Nuit sans éclairage,77,77095,1,1,2,5.0,D54,48.984104,2.763748,19:10:00,2024-12-24
202400017963,08:20,Plein jour,59,59580,2,1,1,6.0,30 Lotissement le Noordmeulen,50.810721,2.573219,08:20:00,2024-04-19
202400017964,06:20,,81,81081,2,1,1,6.0,D85,43.495445,2.151325,06:20:00,2024-04-19
202400017965,17:45,Crépuscule,93,93048,2,1,1,6.0,Rue Lenain de Tillemont,48.85873,2.46184,17:45:00,2024-01-29
202400017966,12:00,Plein jour,66,66217,2,7,1,3.0,avenue canterana,42.611212,2.808037,12:00:00,2024-12-25
202400017967,14:00,Plein jour,75,75120,2,4,1,5.0,BOULEVARD PERIPHERIQUE INTERIEUR NORD  ,48.86872228,2.41323978,14:00:00,2024-09-08
202400017968,14:45,Plein jour,93,93048,2,1,1,3.0,Rue de la Fédération,48.854071,2.438133,14:45:00,2024-01-29
202400017969,18:00,Plein jour,71,71543,2,2,1,2.0,Quai du Nord,46.563984,4.912112,18:00:00,2024-04-12
202400017970,09:30,Plein jour,04,04242,1,1,1,2.0,D4096,43.89766,5.878903,09:30:00,2024-12-24
202400017971,23:00,,75,75115,2,1,1,2.0,BOULEVARD PERIPHERIQUE INTERIEUR SUD,48.833408,2.278343,23:00:00,2024-09-07
202400017972,08:30,Plein jour,93,93047,2,1,8,6.0,Avenue Victor Hugo,48.9022,2.56094,08:30:00,2024-01-30
202400017973,16:00,Plein jour,63,63047,2,3,1,7.0,Boulevard des Vernières,45.590674,2.749398,16:00:00,2024-04-19
202400017974,10:58,Plein jour,69,69287,2,3,1,6.0,15 Rue du 11 Novembre 1918,45.690852,5.033423,10:58:00,2024-12-24
202400017975,14:20,Plein jour,75,75115,2,1,1,2.0,BOULEVARD PERIPHERIQUE EXTERIEUR SUD,48.831897,2.28169,14:20:00,2024-09-06
202400017976,16:05,Plein jour,27,27397,1,1,1,7.0,rue du fond du val,49.036066,1.364413,16:05:00,2024-12-23
202400017977,07:33,Crépuscule,93,93010,2,3,1,6.0,Rue Jules Guesde / Rue Jean Jaures,48.903528,2.47799,07:33:00,2024-01-30
202400017978,22:30,Nuit sans éclairage,49,49160,1,2,1,3.0,D22,47.412627,-0.949472,22:30:00,2024-04-17
202400017979,14:15,Plein jour,42,42264,1,1,1,6.0,D6,45.590768,4.339503,14:15:00,2024-04-18
202400017980,17:15,Plein jour,93,93005,2,5,1,6.0,Avenue Anatole France / Rue Sadi Carnot,48.93735,2.494677,17:15:00,2024-01-30
202400017981,15:50,Plein jour,75,75120,2,5,1,2.0,RUE DES PYRENEES,48.856196,2.404932,15:50:00,2024-09-08
202400017982,11:55,Plein jour,76,76116,1,2,1,3.0,D6014,49.387386,1.221125,11:55:00,2024-12-25
202400017983,17:30,Crépuscule,92,92022,2,1,1,7.0,ETANG SAINT-DENIS (ROUTE DE L'),48.81102528,2.19534051,17:30:00,2024-01-27
202400017984,18:45,Plein jour,86,86002,1,2,1,3.0,D18,46.758534,0.160439,18:45:00,2024-04-18
202400017985,10:55,Plein jour,92,92050,2,1,8,2.0,SOUFFLOT J-GERMAIN BOULEVARD,48.89797,2.21403,10:55:00,2024-01-30
202400017986,11:00,Plein jour,60,60211,1,1,1,1.0,D915,49.320489,1.774635,11:00:00,2024-12-25
202400017987,00:45,,75,75116,2,1,1,4.0,AVENUE RAYMOND POINCARE,48.87119,2.284952,00:45:00,2024-09-08
202400017988,16:38,Plein jour,34,34150,2,3,1,7.0,1 Rue Montgolfier,43.35795,3.5282,16:38:00,2024-03-15
202400017989,13:50,Plein jour,92,92040,2,3,1,3.0,GENERAL DE GAULLE (AVE DU) 32 A 62,48.82164784,2.28169477,13:50:00,2024-01-30
202400017990,15:50,Plein jour,75,75116,2,1,1,3.0,AVENUE KLEBER,48.865658,2.289158,15:50:00,2024-09-06
202400017991,21:40,Nuit sans éclairage,44,44217,1,1,1,1.0,Lieu Dit Tournebride,47.278538,-1.720047,21:40:00,2024-04-05
202400017992,12:10,Plein jour,13,13005,1,1,1,2.0,A50-Sens Aubagne vers Marseille,43.2850032,5.52417765,12:10:00,2024-12-23
202400017993,19:20,,92,92026,2,1,1,3.0,CIRCULAIRE (BOULEVARD),48.89089,2.24766,19:20:00,2024-01-30
202400017994,03:20,,75,75115,2,2,1,3.0,QUAI ANDRE CITROEN,48.849409,2.281514,03:20:00,2024-09-08
202400017995,20:45,,13,13214,1,1,1,3.0,A7-Sens Lyon vers Marseille,43.33542674,5.37708055,20:45:00,2024-12-23
202400017996,17:15,Plein jour,35,35039,2,2,1,3.0,Rue de Rennes,48.105651,-1.485568,17:15:00,2024-04-19
202400017997,16:50,Plein jour,92,92024,2,1,1,2.0,CLICHY (QUAI DE) DE (8 A 60),48.90775829,2.29861844,16:50:00,2024-01-30
202400017998,12:30,Plein jour,34,34069,1,1,8,6.0,D14,43.380692,3.122134,12:30:00,2024-01-30
202400017999,23:30,,75,75115,2,1,1,3.0,RUE DES BERGERS,48.844715,2.282723,23:30:00,2024-09-07
202400018000,17:05,Plein jour,58,58079,2,1,1,6.0,Le Foulon,47.451374,3.501543,17:05:00,2024-04-19
202400018001,18:48,Nuit sans éclairage,13,13071,1,1,1,4.0,A7-Sens Lyon vers Marseille,43.40498387,5.3398132,18:48:00,2024-12-13
202400018002,07:20,Crépuscule,51,51423,1,1,1,3.0,D61,48.759683,4.841151,07:20:00,2024-01-31
202400018003,08:50,Plein jour,72,72247,1,1,7,1.0,rd309 pk49+500,47.97953822,0.11534762,08:50:00,2024-04-19
202400018004,13:00,Plein jour,33,33087,2,1,1,6.0,Le Bourg Nord,44.627546,-0.063225,13:00:00,2024-01-30
202400018005,12:30,Plein jour,57,57356,1,1,8,2.0,Autoroute A31,49.43664,6.11701,12:30:00,2024-12-21
202400018006,17:40,Plein jour,75,75101,2,3,8,3.0,QUAI FRANCOIS MITTERRAND,48.858989,2.339873,17:40:00,2024-09-08
202400018007,17:00,Plein jour,36,36103,1,1,1,7.0,Unknown,47.131739,1.452148,17:00:00,2024-01-17
202400018008,08:25,Plein jour,14,14740,1,1,1,6.0,Route de Livarot,49.00373,0.366079,08:25:00,2024-04-19
202400018009,17:09,Plein jour,972,97231,1,3,1,1.0,Sarcelle,14.530031,-61.020979,17:09:00,2024-01-30
202400018010,07:05,Plein jour,75,75104,2,4,1,5.0,BOULEVARD BEAUMARCHAIS,48.854039,2.368977,07:05:00,2024-09-08
202400018011,11:06,Plein jour,64,64238,1,2,1,3.0,Route de Ponson Dessus,43.248338,-0.082757,11:06:00,2024-04-14
202400018012,23:11,Nuit sans éclairage,59,59447,1,1,1,5.0,AUTOROUTE A2,50.37174,3.60272,23:11:00,2024-12-23
202400018013,16:10,Plein jour,72,72008,1,1,1,1.0,D140,47.92206389,0.2181401,16:10:00,2024-01-31
202400018014,20:50,Nuit sans éclairage,92,92002,1,1,1,2.0,AUTOROUTE A10,48.73281,2.3121,20:50:00,2024-12-24
202400018015,23:00,,94,94016,2,2,1,3.0,Avenue Aristide Briand,48.79615,2.321928,23:00:00,2024-09-08
202400018016,08:50,Plein jour,82,82185,1,1,1,7.0,D47,44.367628,0.915674,08:50:00,2024-01-29
202400018017,09:20,Plein jour,43,43244,2,1,1,6.0,1 Place de l'Hotel-de-ville,45.114645,4.290475,09:20:00,2024-04-13
202400018018,04:10,Nuit sans éclairage,63,63195,1,1,1,6.0,D20,45.80826149,3.38821148,04:10:00,2024-01-31
202400018019,19:55,Nuit sans éclairage,91,91228,1,1,1,2.0,AUTOROUTE A6,48.6241,2.41917,19:55:00,2024-12-24
202400018020,07:55,Crépuscule,95,95527,1,1,1,3.0,NOYER AU CHAT (ROUTE DU),49.00052653,2.52678752,07:55:00,2024-09-08
202400018021,02:20,Nuit sans éclairage,42,42173,1,4,1,6.0,Route du Chatelard,45.81736,4.107964,02:20:00,2024-01-30
202400018022,20:50,Nuit sans éclairage,07,07191,1,6,1,6.0,D86,44.585645,4.701553,20:50:00,2024-04-18
202400018023,08:00,Crépuscule,93,93001,2,1,2,3.0,VICTOR HUGO (AVE)  N° 122 =>,48.91149091,2.37952454,08:00:00,2024-09-07
202400018024,09:40,Plein jour,29,29241,2,1,5,6.0,Rue Alsace-lorraine,47.957708,-3.82777,09:40:00,2024-01-30
202400018025,15:10,Plein jour,92,92019,1,1,2,2.0,AUTOROUTE A86,48.75977884,2.27329195,15:10:00,2024-12-24
202400018026,20:45,,92,92036,2,3,2,6.0,LUCIEN LANTERNIER (AVENUE) (1/17),48.93318258,2.29414199,20:45:00,2024-09-08
202400018027,15:00,Plein jour,38,38538,1,6,7,3.0,D165,45.230237,5.863523,15:00:00,2024-01-31
202400018028,14:40,Plein jour,78,78640,1,1,1,2.0,N118,48.772079,2.227448,14:40:00,2024-12-24
202400018029,09:00,Plein jour,04,04088,2,3,1,3.0,Boulevard Latourette,43.957968,5.779463,09:00:00,2024-04-18
202400018030,09:45,Plein jour,15,15243,1,1,8,6.0,RD 678,45.239111,2.499046,09:45:00,2024-01-31
202400018031,08:19,Plein jour,92,92036,1,1,2,6.0,A86,48.935952,2.28705609,08:19:00,2024-12-24
202400018032,12:00,Plein jour,39,39097,2,1,1,6.0,Rue du Cimetière,46.74717,5.911264,12:00:00,2024-09-08
202400018033,16:00,Plein jour,85,85029,1,1,1,6.0,RD59,46.9775,-1.98351,16:00:00,2024-04-19
202400018034,21:20,Nuit sans éclairage,78,78640,1,1,2,2.0,A86 INT,48.780302,2.183726,21:20:00,2024-12-24
202400018035,12:25,Plein jour,70,70149,1,1,1,1.0,d16,47.636,6.724459,12:25:00,2024-01-31
202400018036,14:30,Plein jour,57,57028,1,3,1,1.0,D1,49.19861502,6.20873882,14:30:00,2024-08-29
202400018037,22:45,Nuit sans éclairage,85,85089,1,2,1,1.0,la cantière,46.72354,-1.29886,22:45:00,2024-04-18
202400018038,06:10,Nuit sans éclairage,70,70525,1,1,1,6.0,Rue du Muguet,47.655417,5.838092,06:10:00,2024-01-31
202400018039,17:07,Plein jour,78,78158,1,1,1,2.0,A13,48.841059,2.106997,17:07:00,2024-12-23
202400018040,08:01,Plein jour,83,83107,1,1,7,7.0,A8,43.46602503,6.65061135,08:01:00,2024-09-09
202400018041,10:05,Plein jour,54,54405,1,1,9,6.0,RD 78,48.582302,5.942642,10:05:00,2024-01-30
202400018042,17:20,,95,95500,1,1,2,3.0,A15,49.03653414,2.09411837,17:20:00,2024-12-24