Num_Acc,hrmn,lum,dep,com,agg,int,atm,col,adr,lat,long,heure,date
202400018043,18:15,Plein jour,37,37203,1,3,1,3.0,Rue de Parçay,47.416799,0.734252,18:15:00,2024-04-18
202400018044,21:45,Nuit sans éclairage,972,97218,1,1,1,6.0,chemin du petit reduit,14.760286,-61.158389,21:45:00,2024-09-07
202400018045,10:00,Plein jour,72,72352,1,1,1,1.0,Route de Marolles,48.206622,0.40378,10:00:00,2024-01-30
202400018046,15:55,Crépuscule,95,95365,1,1,2,3.0,N104,49.05773707,2.42088314,15:55:00,2024-12-24
202400018047,10:16,Plein jour,63,63289,1,1,1,7.0,D204,45.76589058,2.72669334,10:16:00,2024-09-08
202400018048,19:30,Plein jour,61,61497,1,9,1,3.0,A28,48.45370467,0.13114403,19:30:00,2024-04-18
202400018049,16:10,Plein jour,64,64040,1,1,1,7.0,D132,42.985296,-0.74339,16:10:00,2024-01-28
202400018050,09:05,Plein jour,93,93005,1,1,2,2.0,AUTOROUTE A3,48.95384453,2.47352068,09:05:00,2024-12-24
202400018051,13:45,Plein jour,73,73188,1,1,1,2.0,D69,45.619917,6.326725,13:45:00,2024-01-23
202400018052,15:00,Plein jour,42,42041,1,1,1,2.0,A72,45.705823,4.164588,15:00:00,2024-04-19
202400018053,15:45,Plein jour,12,12131,1,3,1,3.0,D988,44.410179,2.636772,15:45:00,2024-09-06
202400018054,22:30,Nuit sans éclairage,93,93053,1,1,1,2.0,AUTOROUTE A3,48.89709475,2.46970636,22:30:00,2024-12-23
202400018055,06:55,,37,37154,2,1,2,1.0,48 Rue Nationale,47.286609,0.713233,06:55:00,2024-01-21
202400018056,09:00,Plein jour,973,97309,2,1,1,3.0,Route de Montjoly (rd1),4.92533,-52.286012,09:00:00,2024-04-19
202400018057,19:30,Nuit sans éclairage,974,97413,1,1,1,1.0,départementale 13 - ravine des poux,-21.175303,55.308223,19:30:00,2024-09-08
202400018058,09:00,Plein jour,987,98734,1,1,1,3.0,PK 30+500 PAPEMATO,-17.712,-149.508,09:00:00,2024-01-30
202400018059,12:20,Plein jour,69,69244,2,1,1,3.0,134 Rue Joliot Curie,45.754267,4.77752,12:20:00,2024-04-18
202400018060,19:45,Nuit sans éclairage,77,77294,1,1,5,6.0,A104,48.97036674,2.57047531,19:45:00,2024-12-24
202400018061,18:30,Plein jour,50,50467,1,1,8,6.0,N13,49.477291,-1.375641,18:30:00,2024-09-08
202400018062,11:20,Plein jour,34,34032,1,1,1,3.0,A75,43.35584516,3.2739546,11:20:00,2024-01-31
202400018063,15:00,Plein jour,86,86062,1,1,1,2.0,A10,46.660394,0.355597,15:00:00,2024-04-18
202400018064,02:20,,75,75107,2,7,1,6.0,AVENUE DE VILLARS,48.853235,2.313259,02:20:00,2024-06-20
202400018065,13:55,Plein jour,987,98729,2,1,1,6.0,PK 6.2 C/MER - MAHAREPA,-17.577,-150.202,13:55:00,2024-01-30
202400018066,00:30,Nuit sans éclairage,50,50025,1,9,1,6.0,RN 175 PK 40+000,48.700606,-1.346265,00:30:00,2024-09-09
202400018067,12:00,Plein jour,34,34114,1,1,1,6.0,"a750, pk 28",43.643591,3.564677,12:00:00,2024-09-07
202400018068,09:50,Plein jour,93,93027,2,2,1,1.0,Boulevard Pasteur / Rue de l'Union,48.92804942,2.38527775,09:50:00,2024-06-29
202400018069,19:20,,973,97312,2,2,1,1.0,13 Rue d'Inkermann,5.37816627,-52.95679656,19:20:00,2024-01-30
202400018070,15:39,Plein jour,45,45008,1,1,1,2.0,A10,48.080581,1.851234,15:39:00,2024-04-18
202400018071,23:00,,93,93027,2,1,1,6.0,Rue Honoré de Balzac,48.92527,2.3798,23:00:00,2024-06-26
202400018072,18:30,,971,97117,2,3,1,6.0,Boulevard Rougé,16.33081324,-61.34539783,18:30:00,2024-01-28
202400018073,03:23,Nuit sans éclairage,59,59047,1,1,2,6.0,A26 pk 143+400,50.05964931,3.17853496,03:23:00,2024-04-16
202400018074,18:10,Plein jour,87,87122,1,1,8,1.0,autoroute A 20 pK 154+900 SENS NORD/SUD,46.053313,1.358528,18:10:00,2024-09-08
202400018075,10:15,Plein jour,93,93027,2,3,2,3.0,Rue de Valmy / Rue Jollois,48.92252,2.38164,10:15:00,2024-06-21
202400018076,07:00,Crépuscule,77,77231,1,1,1,6.0,D17,49.000071,3.00724,07:00:00,2024-04-19
202400018077,15:55,Plein jour,77,77183,2,2,1,3.0,Rue du Four Blanc,48.942104,3.138593,15:55:00,2024-01-31
202400018078,09:45,Plein jour,2B,2B148,2,9,1,6.0,parking du commerce,42.52591,9.442601,09:45:00,2024-01-31
202400018079,18:30,Plein jour,93,93027,2,3,1,2.0,Rue Raspail / Rue Rosa Parks,48.92445434,2.39581078,18:30:00,2024-06-14
202400018080,13:45,Plein jour,30,30254,1,3,1,3.0,Unknown,44.06982,4.70746,13:45:00,2024-09-07
202400018081,14:30,Plein jour,21,21464,2,2,1,6.0,Rue Thurot,47.13641,4.950038,14:30:00,2024-04-18
202400018082,20:15,Nuit sans éclairage,66,66227,1,1,1,1.0,D39,42.63709881,2.91524738,20:15:00,2024-01-30
202400018083,01:00,,93,93027,2,3,1,2.0,Avenue Paul Vaillant-Couturier / A86,48.92827498,2.41874099,01:00:00,2024-06-05
202400018084,12:05,Plein jour,62,62749,2,1,1,6.0,D340,50.35986846,2.07077888,12:05:00,2024-09-07
202400018085,06:07,Crépuscule,21,21390,2,1,1,6.0,Route des Grands Crus,47.273977,4.991146,06:07:00,2024-04-19
202400018086,07:25,Crépuscule,84,84074,2,1,1,2.0,RD973,43.753249,5.19244,07:25:00,2024-01-31
202400018087,10:30,Plein jour,68,68063,2,1,1,7.0,8 Rue de la 4e Dmm,47.800278,7.173477,10:30:00,2024-04-17
202400018088,00:10,,988,98818,2,3,1,6.0,RUE ISAAC NEWTON/RUE GUTENBERG,-22.22793,166.4445,00:10:00,2024-12-24
202400018089,18:40,Nuit sans éclairage,83,83008,1,1,1,6.0,Route du Muy,43.520205,6.64999,18:40:00,2024-01-31
202400018090,10:13,Plein jour,57,57465,1,3,8,3.0,2 Route Nationale,49.318311,6.285816,10:13:00,2024-09-09
202400018091,14:20,Plein jour,976,97611,2,1,1,6.0,kaweni-Kaweni sud  (Z I),-12.77076,45.22549,14:20:00,2024-12-23
202400018092,13:20,Plein jour,07,07130,1,1,4,2.0,Route nationale 102,44.751983,3.985677,13:20:00,2024-04-18
202400018093,14:00,Plein jour,70,70528,1,1,1,1.0,D.474 - PR 4+910,47.42961147,5.65798,14:00:00,2024-01-31
202400018094,13:00,Plein jour,19,19067,1,1,2,7.0,D153,44.997279,1.779613,13:00:00,2024-09-08
202400018095,07:15,Plein jour,974,97411,2,9,1,6.0,LECONTE DE LISLE (AVENUE),-20.89615,55.49157,07:15:00,2024-12-23
202400018096,14:50,Plein jour,67,67368,1,1,7,7.0,RD303,48.449279,7.424794,14:50:00,2024-01-27
202400018097,08:25,Plein jour,53,53119,1,3,7,7.0,1 L'Egretais,47.996506,-0.749849,08:25:00,2024-04-18
202400018098,19:30,Plein jour,56,56112,1,1,1,7.0,La Ville Stephant,47.867603,-2.49925,19:30:00,2024-09-06
202400018099,22:00,,972,97209,2,1,1,7.0,RAVINE VILAINE (CHEMIN DEPARTEMENTAL DE),14.62995,-61.05994,22:00:00,2024-12-22
202400018100,17:30,Crépuscule,07,07138,1,1,1,7.0,N102,44.583399,4.450091,17:30:00,2024-01-30
202400018101,20:48,Crépuscule,44,44110,1,1,1,2.0,Bois de bout,47.415965,-1.526928,20:48:00,2024-04-09
202400018102,04:40,Nuit sans éclairage,56,56166,1,1,1,6.0,Rue du Petit Bois,47.935509,-3.378564,04:40:00,2024-09-07
202400018103,10:20,Plein jour,65,65042,1,1,1,1.0,30 Rue des Fréres Ferrère,43.044115,0.165353,10:20:00,2024-01-30
202400018104,06:45,Crépuscule,14,14698,1,1,1,6.0,Route du Hamet,49.206765,-0.221443,06:45:00,2024-04-18
202400018105,16:30,Plein jour,972,97209,2,1,1,4.0,BISHOP (Avenue Maurice),14.61386,-61.05173,16:30:00,2024-12-21
202400018106,04:43,Nuit sans éclairage,79,79179,1,1,1,7.0,Unknown,46.702016,-0.569814,04:43:00,2024-09-08
202400018107,08:55,Plein jour,86,86137,1,1,1,1.0,Rue des Guitais,47.037957,0.055354,08:55:00,2024-01-30
202400018108,12:35,Plein jour,35,35360,2,1,1,6.0,Allée verte,48.118225,-1.208378,12:35:00,2024-04-17
202400018109,23:10,Nuit sans éclairage,971,97101,1,9,1,7.0,BOZON,16.25456,-61.47839,23:10:00,2024-12-22
202400018110,18:45,Nuit sans éclairage,47,47024,1,1,1,3.0,Rue des Pommiers,44.526619,0.145606,18:45:00,2024-01-25
202400018111,13:50,Plein jour,27,27410,1,1,2,1.0,N13,49.013526,1.260338,13:50:00,2024-04-19
202400018112,08:05,Crépuscule,91,91027,2,1,1,3.0,AV FRANCOIS MITTERRAND,48.71156,2.37132,08:05:00,2024-12-23
202400018113,11:45,Plein jour,80,80606,1,1,1,6.0,D29,49.941499,1.781073,11:45:00,2024-09-07
202400018114,12:40,Plein jour,88,88160,2,2,1,3.0,BOULAY-DE-LA-MEURTHE (RUE),48.17,6.44,12:40:00,2024-12-18
202400018115,07:30,Plein jour,82,82186,1,1,8,6.0,D116,44.104077,0.884097,07:30:00,2024-09-07
202400018116,10:20,Plein jour,22,22225,2,2,1,6.0,Rue de l'Argoat,48.538247,-3.137305,10:20:00,2024-01-31
202400018117,18:26,,87,87085,2,3,1,6.0,BUGEAUD (COURS),45.83462,1.26409,18:26:00,2024-12-21
202400018118,11:30,Plein jour,71,71379,1,1,2,1.0,Route de Cuiseaux,46.56683,5.30039,11:30:00,2024-09-09
202400018119,08:15,Crépuscule,76,76758,2,1,1,6.0,3 Rue des Victoires,49.616952,0.752671,08:15:00,2024-01-31
202400018120,12:20,Plein jour,13,13001,1,1,1,2.0,A51-Sens Marseille vers Aix en Provence,43.49031207,5.40723114,12:20:00,2024-04-17
202400018121,15:35,Plein jour,87,87085,1,1,1,6.0,RD39,45.90616,1.27838,15:35:00,2024-12-21
202400018122,12:10,Plein jour,60,60446,1,1,1,6.0,Route Nationale 2,49.1360768,2.79865945,12:10:00,2024-01-30
202400018123,10:30,Plein jour,13,13071,1,1,6,2.0,A7-Sens Lyon vers Marseille,43.40498387,5.3398132,10:30:00,2024-04-17
202400018124,17:33,Plein jour,89,89151,1,2,3,3.0,D660,48.1157,3.1501,17:33:00,2024-09-07
202400018125,18:15,,87,87085,2,1,2,2.0,RUBEN (AVENUE ERNEST),45.82025,1.25342,18:15:00,2024-12-19
202400018126,18:25,Nuit sans éclairage,80,80034,1,1,1,2.0,autoroute A29 PK 246+200,49.837927,2.991929,18:25:00,2024-01-31
202400018127,02:03,Nuit sans éclairage,77,77118,1,1,3,6.0,ROUTE NATIONALE 3,48.94518,2.67691,02:03:00,2024-12-22
202400018128,05:30,Nuit sans éclairage,62,62793,2,1,1,6.0,D75,50.41377997,2.6431802,05:30:00,2024-01-31
202400018129,03:25,Nuit sans éclairage,13,13215,1,1,1,5.0,A7-Sens Lyon vers Marseille,43.40395738,5.30381162,03:25:00,2024-04-14
202400018130,08:30,Plein jour,63,63008,1,1,1,7.0,Route de Saint Thomas,45.88236728,3.71326001,08:30:00,2024-07-18
202400018131,20:40,Crépuscule,42,42097,1,1,1,6.0,A72,45.50792,4.30246,20:40:00,2024-04-04
202400018132,22:40,,76,76540,2,2,2,3.0,Pont Guillaume le Conquérant,49.43903,1.08,22:40:00,2024-12-23
202400018133,08:40,Plein jour,83,83123,1,1,1,4.0,A50,43.146,5.782,08:40:00,2024-01-30
202400018134,17:50,Plein jour,92,92050,1,1,1,2.0,A14,48.89944094,2.21322959,17:50:00,2024-04-18
202400018135,17:45,Plein jour,93,93027,1,1,2,2.0,A1,48.93507158,2.40041265,17:45:00,2024-04-18
202400018136,08:56,Plein jour,69,69385,1,1,1,3.0,Route de métropole 6,45.75333964,4.81858834,08:56:00,2024-01-30
202400018137,10:43,Plein jour,49,49183,1,2,1,1.0,Unknown,47.508719,-1.030886,10:43:00,2024-09-07
202400018138,08:50,Plein jour,76,76341,1,1,1,6.0,RD 6382,49.52432,0.18291,08:50:00,2024-12-22
202400018139,12:05,Plein jour,76,76217,2,1,1,6.0,Rue Louis de Bures,49.91722,1.08759,12:05:00,2024-12-23
202400018140,09:50,Plein jour,12,12188,1,1,2,6.0,RD 911,44.274529,2.74954,09:50:00,2024-09-09
202400018141,14:50,Plein jour,94,94073,1,1,1,4.0,A86,48.76210053,2.38167667,14:50:00,2024-04-18
202400018142,08:48,Plein jour,54,54115,1,1,2,4.0,Autoroute A 31,48.693625,6.081245,08:48:00,2024-03-15
202400018143,21:14,Crépuscule,31,31022,1,1,1,2.0,A62 PK 222.180 sens Bordeaux Toulouse,43.67754375,1.41514944,21:14:00,2024-08-02
202400018144,10:00,Plein jour,42,42260,2,1,1,3.0,20 Route de Boen,45.833064,3.92338,10:00:00,2024-09-08
202400018145,07:40,,76,76114,2,1,1,3.0,JOFFRE (AVENUE DU MARECHAL),49.57026,0.48428,07:40:00,2024-12-18
202400018146,19:10,Plein jour,77,77363,1,1,1,4.0,A104,48.923079,2.629869,19:10:00,2024-04-17
202400018147,10:10,Plein jour,988,98805,1,1,1,6.0,VE2,-22.201759,166.452892,10:10:00,2024-07-31
202400018148,09:20,Plein jour,42,42047,1,1,1,7.0,Route de Saint-Marcel,45.86626,3.836546,09:20:00,2024-09-08
202400018149,09:10,Plein jour,91,91468,1,1,1,2.0,AUTOROUTE A6,48.57340837,2.46739216,09:10:00,2024-01-30
202400018150,19:20,Plein jour,67,67067,1,9,2,7.0,"aire de repos Brumath EST, Autoroute A4, sens Strasbourg vers Paris",48.71965,7.695912,19:20:00,2024-08-02
202400018151,18:50,,67,67482,2,1,8,6.0,GENERAL KOENIG (QUAI DU),48.57528,7.75868,18:50:00,2024-12-22
202400018152,22:46,,92,92050,1,1,1,7.0,A14,48.89464646,2.22977686,22:46:00,2024-01-28
202400018153,03:00,Nuit sans éclairage,46,46322,1,1,1,1.0,D12,44.417429,1.323295,03:00:00,2024-09-08
202400018154,18:00,Nuit sans éclairage,66,66136,1,3,1,3.0,Rue Etienne Lenoir,42.69072935,2.85021722,18:00:00,2024-12-21
202400018155,02:50,,68,68338,2,6,2,7.0,Route de Colmar,48.08462191,7.28775994,02:50:00,2024-09-09
202400018156,13:00,Plein jour,93,93008,1,1,1,2.0,AUTOROUTE A86,48.91273457,2.43680722,13:00:00,2024-01-30
202400018157,10:20,Plein jour,34,34095,1,1,1,5.0,"Autoroute A9, P.K 112.800 dans le sens Nord / sud",43.526149,3.767023,10:20:00,2024-08-02
202400018158,14:00,Plein jour,65,65286,2,1,1,6.0,ABADIE (Avenue François),43.11051832,-0.03790498,14:00:00,2024-12-17
202400018159,05:20,Nuit sans éclairage,60,60432,1,1,1,6.0,RD922,49.113799,2.615218,05:20:00,2024-08-03
202400018160,16:25,Plein jour,64,64445,2,1,2,2.0,LOUIS BARTHOU,43.29444,-0.36993,16:25:00,2024-12-23
202400018161,21:25,Nuit sans éclairage,39,39510,1,1,1,2.0,Unknown,46.361,5.896452,21:25:00,2024-09-05
202400018162,11:40,Plein jour,64,64102,2,1,2,3.0,MAUBEC (RUE),43.50034257,-1.46692961,11:40:00,2024-12-22
202400018163,11:15,Plein jour,975,97502,2,1,1,1.0,boulevard Louis Heron de Villefosse,46.775347,-56.181207,11:15:00,2024-08-03
202400018164,19:35,Nuit avec éclairage,93,93007,1,1,1,2.0,A3,48.94214437,2.47816648,19:35:00,2024-01-29
202400018165,01:30,Nuit avec éclairage,39,39412,2,1,2,6.0,9 Route de Chaussin,46.99051,5.367725,01:30:00,2024-09-08
202400018166,18:20,,59,59426,2,1,1,6.0,PETIT MENIN (RUE DU),50.75,3.15,18:20:00,2024-12-23
202400018167,11:50,Plein jour,988,98803,1,1,1,6.0,RT3 à hauteur de la tribu d'Azareu,-21.464576,165.487924,11:50:00,2024-08-03
202400018168,21:00,,59,59343,2,1,1,1.0,CURIE PIERRE RUE    N°PAIR,50.59113,3.11393,21:00:00,2024-12-23
202400018169,18:30,Nuit sans éclairage,93,93005,1,1,1,2.0,A3,48.96489011,2.47555973,18:30:00,2024-01-29
202400018170,00:48,Nuit sans éclairage,25,25405,1,1,3,6.0,D204,46.830222,6.344165,00:48:00,2024-09-08
202400018171,05:00,Nuit sans éclairage,973,97305,1,1,1,1.0,Route Nationale 1 - PK 23+100,4.998264,-52.454782,05:00:00,2024-08-03
202400018172,18:40,Nuit sans éclairage,59,59560,1,1,1,2.0,Route de Martinsart,50.54233733,3.04553889,18:40:00,2024-12-23
202400018173,23:00,Nuit sans éclairage,974,97416,1,1,2,6.0,RN3 (1),-21.307,55.499,23:00:00,2024-01-29
202400018174,18:35,Crépuscule,971,97129,1,1,1,6.0,Morne Rouge,16.303263,-61.658798,18:35:00,2024-08-02
202400018175,15:10,Plein jour,44,44003,2,1,8,6.0,Boulevard de l'Atlantique,47.37214,-1.195133,15:10:00,2024-09-08
202400018176,16:13,Plein jour,56,56260,2,6,1,6.0,Rue Jeanne d'Arc,47.65518,-2.76451,16:13:00,2024-12-23
202400018177,11:00,Plein jour,29,29111,1,1,3,7.0,Trefalegan Didreux,48.58596238,-4.18943893,11:00:00,2024-09-08
202400018178,06:10,Nuit avec éclairage,56,56260,2,1,1,6.0,Rue Marcelin Berthelot,47.66619,-2.78614,06:10:00,2024-11-30
202400018179,17:25,Plein jour,974,97411,2,6,1,3.0,JAURES (BOULEVARD JEAN),-20.89956,55.47965,17:25:00,2024-01-29
202400018180,09:00,Plein jour,45,45340,1,1,8,3.0,D55 PR 1 + 0,47.661673,2.349422,09:00:00,2024-08-03
202400018181,16:10,Plein jour,29,29259,1,1,2,1.0,Lieu Dit Kernormand,48.66627668,-4.01132482,16:10:00,2024-09-08
202400018182,21:37,,56,56121,2,6,1,3.0,Rue colonel Jean Muller,47.76593,-3.40062,21:37:00,2024-12-22
202400018183,13:50,Plein jour,45,45155,2,1,1,2.0,D941 PR 0 + 933,47.681396,2.630319,13:50:00,2024-02-27
202400018184,17:55,Plein jour,973,97302,2,1,2,7.0,VOLTAIRE(AVENUE),4.9425793,-52.3215428,17:55:00,2024-01-29
202400018185,11:50,Plein jour,29,29235,2,1,2,7.0,boulevard Charles de Gaulle,48.401885,-4.403067,11:50:00,2024-09-07
202400018186,19:15,,56,56121,2,1,2,6.0,Boulevard Eugène Cosmao-Dumanoir,47.75331,-3.37293,19:15:00,2024-12-20
202400018187,15:45,Plein jour,973,97302,2,1,3,6.0,REPUBLIQUE (BD DE LA),4.93751272,-52.32449323,15:45:00,2024-01-29
202400018188,20:30,Nuit sans éclairage,38,38538,2,1,3,6.0,Route de Chambéry,45.224944,5.872418,20:30:00,2024-09-08
202400018189,16:42,Crépuscule,54,54395,2,2,1,1.0,Rue de Tomblaine,48.68673,6.20108,16:42:00,2024-12-22
202400018190,10:16,Plein jour,973,97302,1,6,1,3.0,MARINGOUINS (ROND-POINT),4.90782,-52.32221,10:16:00,2024-01-27
202400018191,14:15,Plein jour,01,01335,1,1,1,6.0,D26,46.106632,5.074278,14:15:00,2024-09-04
202400018192,18:00,Plein jour,11,11188,2,1,1,1.0,Unknown,42.970052,2.993708,18:00:00,2024-08-01
202400018193,18:00,,54,54116,2,3,2,6.0,rue nationale,48.59149,6.52749,18:00:00,2024-12-21
202400018194,10:50,Plein jour,973,97302,2,1,2,6.0,MERE THERESA (rue),4.9262994,-52.3137483,10:50:00,2024-01-29
202400018195,08:14,Plein jour,26,26324,2,9,7,6.0,Avenue Louis Girard,44.346018,4.767444,08:14:00,2024-09-09
202400018196,06:20,,50,50129,2,1,1,6.0,ATLANTIQUE (BOULEVARD DE L'),49.62035,-1.64694,06:20:00,2024-12-22
202400018197,08:10,Plein jour,973,97302,2,2,3,3.0,FELIX EBOUE(ROCADE),4.93105919,-52.31322527,08:10:00,2024-01-29
202400018198,03:05,Nuit sans éclairage,84,84019,1,1,1,1.0,N86,44.271997,4.701462,03:05:00,2024-08-03
202400018199,17:30,Plein jour,66,66137,1,1,1,6.0,D900,42.471867,2.853645,17:30:00,2024-09-08
202400018200,20:30,,972,97209,1,1,1,2.0,AUTOROUTE (A1),14.6179,-61.03977,20:30:00,2024-01-28
202400018201,00:49,,42,42187,2,2,1,3.0,Boulevard Ouest,46.05065,4.06678,00:49:00,2024-11-16
202400018202,15:40,Plein jour,06,06119,1,1,1,7.0,Col des Fourches (Col de montagne),44.331746,6.866568,15:40:00,2024-09-07
202400018203,17:30,Crépuscule,972,97209,1,1,1,6.0,BALATA (ROUTE DE),14.64962,-61.08119,17:30:00,2024-01-28
202400018204,07:00,Plein jour,06,06048,2,6,1,3.0,Avenue Charles Alunni,43.805451,7.318853,07:00:00,2024-08-02
202400018205,22:50,,40,40088,2,1,1,6.0,FOCH (COURS DU MARECHAL),43.71024483,-1.05570859,22:50:00,2024-12-12
202400018206,13:00,Plein jour,69,69034,2,1,1,3.0,29 Route de Strasbourg,45.79203,4.8672,13:00:00,2024-01-29
202400018207,20:30,Plein jour,13,13004,1,1,1,7.0,d35,43.505143,4.752153,20:30:00,2024-08-01
202400018208,15:40,Plein jour,14,14355,1,2,1,3.0,Route de Caen,49.281097,-0.52324,15:40:00,2024-08-29
202400018209,22:05,,971,97101,1,1,1,1.0,ROUTE DE BOISVINS,16.2651,-61.4875,22:05:00,2024-01-28
202400018210,17:45,Plein jour,71,71299,1,1,1,6.0,N79,46.354022,4.702167,17:45:00,2024-08-02
202400018211,14:20,Plein jour,37,37261,2,1,8,3.0,LOUIS XI (BOULEVARD),47.37364,0.67838,14:20:00,2024-12-23
202400018212,18:50,,971,97120,2,3,1,1.0,CHANZY (BOULEVARD),16.24581,-61.5427,18:50:00,2024-01-27
202400018213,14:20,Plein jour,14,14535,2,6,8,7.0,36 Grande Rue,49.30139593,-0.46290156,14:20:00,2024-09-07
202400018214,18:45,Nuit sans éclairage,35,35150,1,4,2,3.0,PILAIS (LA) LIEUX-DITS,48.3549503,-1.23026758,18:45:00,2024-12-23
202400018215,16:15,Plein jour,67,67156,1,1,1,6.0,STRASSBURGERWEG,48.680155,7.760746,16:15:00,2024-07-31
202400018216,09:00,Plein jour,91,91421,2,7,1,2.0,RN 6 (PARTIE FORET),48.683181,2.490249,09:00:00,2024-01-29
202400018217,10:30,Plein jour,34,34198,2,1,1,6.0,PAGNOL (AVENUE MARCEL),43.56133,3.95081,10:30:00,2024-12-23
202400018218,16:00,Plein jour,57,57415,1,1,1,7.0,D51,49.145651,6.128908,16:00:00,2024-08-02
202400018219,14:55,Plein jour,33,33009,2,1,1,6.0,Unknown,44.661249,-1.172563,14:55:00,2024-12-23
202400018220,19:10,Crépuscule,90,90041,2,3,1,1.0,Grande Rue,47.709679,6.925442,19:10:00,2024-09-07
202400018221,16:20,Plein jour,89,89387,2,2,1,3.0,PIERRE DE COUBERTIN (AVENUE),48.19544,3.30164,16:20:00,2024-01-29
202400018222,14:40,Plein jour,09,09005,1,1,1,7.0,D618,42.908601,1.290668,14:40:00,2024-09-07
202400018223,19:40,,31,31555,2,2,1,3.0,RUE DE L ORIENT,43.61041,1.44828,19:40:00,2024-12-23
202400018224,16:45,Plein jour,63,63038,1,1,1,1.0,D149,45.5005981,2.84811037,16:45:00,2024-08-03
202400018225,20:40,Nuit sans éclairage,87,87085,1,1,1,3.0,AUTOROUTE A20,45.89742,1.2922,20:40:00,2024-01-25
202400018226,18:55,Plein jour,60,60129,2,1,1,6.0,798 Route de Bailly,49.515471,3.00997,18:55:00,2024-09-08
202400018227,12:55,Plein jour,31,31555,2,1,1,6.0,RUE MAURICE FONVIEILLE,43.6041,1.44797,12:55:00,2024-12-23
202400018228,13:15,Plein jour,38,38295,1,1,1,7.0,D52c,45.829232,5.338508,13:15:00,2024-08-03
202400018229,09:30,Plein jour,86,86194,2,1,7,6.0,Avenue John Kennedy,46.588843,0.361264,09:30:00,2024-01-29
202400018230,08:35,Crépuscule,45,45204,1,1,8,1.0,Rue du Trembleau,47.822615,1.835435,08:35:00,2024-09-09
202400018231,10:40,Plein jour,27,27229,2,2,1,3.0,VERDUN (RUE DE),49.02403,1.14794,10:40:00,2024-12-23
202400018232,18:30,Plein jour,38,38138,1,1,1,1.0,D52i,45.735503,5.266352,18:30:00,2024-07-30
202400018233,07:30,Crépuscule,86,86194,2,1,1,3.0,Boulevard Chasseigne,46.590479,0.343293,07:30:00,2024-01-28
202400018234,14:40,Plein jour,25,25462,2,1,4,6.0,BERNARDINES,46.90577,6.35433,14:40:00,2024-12-23
202400018235,20:10,Plein jour,64,64375,1,1,1,1.0,D245,43.321447,-1.153607,20:10:00,2024-09-07
202400018236,23:45,,84,84007,2,3,1,1.0,MONTFAVET (Route),43.94091,4.82712,23:45:00,2024-01-29
202400018237,02:30,Nuit sans éclairage,81,81020,1,1,1,7.0,Route de Marssac,43.867982,2.036033,02:30:00,2024-08-03
202400018238,19:30,Crépuscule,18,18173,1,1,1,7.0,Unknown,46.922688,2.655934,19:30:00,2024-09-07
202400018239,20:45,Nuit sans éclairage,25,25056,1,1,1,3.0,RN 1057 (CH. EPITAPHE-CH. MONTBOUCONS),47.26999,6.00095,20:45:00,2024-12-23
202400018240,18:10,Plein jour,43,43078,1,1,3,7.0,Route du Viaduc,45.00448793,3.91236861,18:10:00,2024-09-08
202400018241,07:19,Nuit sans éclairage,14,14327,2,1,1,1.0,Avenue du Haut Crépon,49.21135,-0.33959,07:19:00,2024-12-23
202400018242,19:10,Nuit sans éclairage,84,84092,1,3,1,1.0,SAINT SATURNIN (ROUTE DE)-MONTFAVET,43.95294,4.88125,19:10:00,2024-01-28
202400018243,18:50,Plein jour,09,09047,1,1,1,3.0,Lieu Dit Laborie,42.910706,1.955502,18:50:00,2024-08-01
202400018244,09:44,Plein jour,08,08480,2,1,1,6.0,BUISSON F.,49.74235,4.74665,09:44:00,2024-12-23
202400018245,17:55,Plein jour,16,16384,1,2,1,3.0,Unknown,45.361305,-0.197845,17:55:00,2024-09-09
202400018246,08:55,Plein jour,83,83137,2,1,1,3.0,ARMAND (PONT LOUIS),43.12961,5.92646,08:55:00,2024-01-28
202400018247,17:10,Crépuscule,02,02722,2,2,2,3.0,21 Avenue de Laon,49.38772,3.33542,17:10:00,2024-12-20
202400018248,16:40,Plein jour,07,07010,1,9,1,1.0,"Lieu-dit Le Chatelard, Hameau de Toissieu",45.244537,4.653025,16:40:00,2024-09-07
202400018249,10:30,Plein jour,17,17351,1,3,1,3.0,D728,45.816762,-1.080351,10:30:00,2024-08-03
202400018250,08:04,Crépuscule,81,81004,2,9,1,3.0,LANNES (BD DU MARECHAL),43.9429812,2.1504474,08:04:00,2024-01-29
202400018251,16:15,Plein jour,35,35166,1,1,1,6.0,lieu-dit La Fontenelle,48.149087,-1.34781,16:15:00,2024-08-03
202400018252,14:20,Plein jour,80,80001,1,1,1,1.0,CHEMIN DEPARTEMENTAL 901,50.1013,1.83928,14:20:00,2024-01-28
202400018253,09:20,Crépuscule,75,75116,2,1,1,5.0,BD PERIPHERIQUE EXTERIEUR ,48.864239,2.266641,09:20:00,2024-12-23
202400018254,00:25,,07,07349,1,3,2,1.0,D86,44.78732,4.771449,00:25:00,2024-09-03
202400018255,19:00,Plein jour,13,13019,1,1,1,3.0,A51-Sens Aix en Provence vers Marseille,43.42208,5.37097,19:00:00,2024-08-01