Num_Acc,hrmn,lum,dep,com,agg,int,atm,col,adr,lat,long,heure,date
202400018256,06:35,,75,75119,2,1,2,2.0,BD PERIPHERIQUE INTERIEUR ,48.890899,2.395809,06:35:00,2024-12-22
202400018257,18:20,Nuit sans éclairage,78,78642,2,6,1,2.0,CLEMENCEAU BD GEORGES,48.97759,1.97778,18:20:00,2024-01-29
202400018258,07:50,Crépuscule,21,21250,1,2,2,1.0,D29,47.742364,4.75726,07:50:00,2024-09-09
202400018259,19:43,,75,75105,2,2,1,6.0,RUE MONGE,48.849931,2.34907,19:43:00,2024-12-23
202400018260,10:00,Plein jour,76,76351,2,3,1,3.0,ACACIAS (DES),49.506989,0.135928,10:00:00,2024-01-29
202400018261,11:20,Plein jour,13,13070,1,1,1,4.0,A50-Sens Aubagne vers Marseille,43.28499911,5.51803038,11:20:00,2024-08-02
202400018262,13:50,Plein jour,75,75106,2,3,1,6.0,RUE D ASSAS,48.850383,2.327706,13:50:00,2024-12-23
202400018263,14:20,Plein jour,24,24388,1,1,2,3.0,Route du Mouscard,44.87361,0.896248,14:20:00,2024-09-07
202400018264,07:15,,76,76351,2,1,1,6.0,AMIRAL MOUCHEZ (BD),49.48755,0.14636,07:15:00,2024-01-28
202400018265,23:00,,75,75120,2,3,8,6.0,RUE DES PYRENEES,48.873407,2.390091,23:00:00,2024-12-22
202400018266,18:13,Plein jour,13,13106,1,1,1,4.0,A7-Sens Lyon vers Marseille,43.39959526,5.34924076,18:13:00,2024-07-31
202400018267,01:00,Nuit sans éclairage,27,27367,2,3,2,6.0,Rue de l'Ancienne Gare,49.230973,0.499095,01:00:00,2024-09-08
202400018268,20:20,,76,76351,2,2,1,3.0,CONCORDE (DE LA),49.50591,0.15907,20:20:00,2024-01-28
202400018269,10:12,Plein jour,75,75119,2,2,1,6.0,AVENUE MATHURIN MOREAU,48.878264,2.372848,10:12:00,2024-12-23
202400018270,20:35,,76,76305,2,1,1,7.0,SEINE ( RUE DE LA ),49.50552,0.22175,20:35:00,2024-01-26
202400018271,19:40,Crépuscule,27,27690,1,2,1,3.0,intersection Départementale 6,49.247925,1.611257,19:40:00,2024-09-04
202400018272,20:05,,75,75117,2,7,2,2.0,PLACE DE LA PORTE MAILLOT,48.87798,2.28223,20:05:00,2024-12-23
202400018273,21:30,Nuit sans éclairage,69,69266,1,1,2,3.0,Autoroute 42,45.78215,4.89164,21:30:00,2024-08-02
202400018274,18:00,,69,69266,2,9,1,3.0,2 Impasse Poncet,45.75217591,4.9035068,18:00:00,2024-01-29
202400018275,03:15,Nuit sans éclairage,01,01275,1,9,1,7.0,A42  4.020 A 4.353   GEN/LYON,45.807356,4.926836,03:15:00,2024-07-30
202400018276,15:15,Plein jour,75,75116,2,1,1,5.0,ROUTE DE SEVRES A NEUILLY,48.85997,2.23704,15:15:00,2024-12-23
202400018277,07:05,Nuit sans éclairage,69,69282,1,1,1,1.0,Chemin de Chassieu à Meyzieu,45.75683,4.98824,07:05:00,2024-01-29
202400018278,16:00,Plein jour,17,17111,1,2,1,3.0,D2,45.451928,-0.489514,16:00:00,2024-08-08
202400018279,15:20,Plein jour,75,75113,2,3,1,6.0,BOULEVARD MASSENA,48.8192,2.362076,15:20:00,2024-12-23
202400018280,07:30,,69,69264,2,1,1,1.0,Rue Monplaisir,45.98964,4.72278,07:30:00,2024-01-29
202400018281,17:30,Plein jour,23,23164,1,1,3,3.0,D996,46.041153,2.496498,17:30:00,2024-09-07
202400018282,21:30,,75,75111,2,2,2,3.0,AVENUE LEDRU ROLLIN,48.851275,2.376073,21:30:00,2024-12-22
202400018283,16:20,Plein jour,59,59580,1,1,1,6.0,AUTOROUTE A25,50.83015,2.58141,16:20:00,2024-07-30
202400018284,17:00,Plein jour,64,64445,2,1,1,2.0,JEAN MERMOZ,43.30928,-0.37685,17:00:00,2024-01-29
202400018285,00:15,,75,75104,2,3,2,7.0,RUE DES HOSPITALIERES SAINT GERVAIS,48.857678,2.35845,00:15:00,2024-12-22
202400018286,16:40,Plein jour,94,94021,1,1,1,2.0,A6B,48.76388095,2.34165844,16:40:00,2024-08-02
202400018287,17:15,Plein jour,87,87205,1,1,1,5.0,Chemin de la Vigne,45.7642,1.296043,17:15:00,2024-09-08
202400018288,17:10,Crépuscule,94,94068,2,1,8,6.0,Avenue de Marinville,48.807405,2.47983,17:10:00,2024-12-20
202400018289,17:00,Plein jour,64,64102,2,2,1,3.0,SOULT (AVENUE MARECHAL),43.48409,-1.49932,17:00:00,2024-01-28
202400018290,08:55,Plein jour,94,94033,2,1,1,2.0,Avenue de la République,48.85321,2.46899,08:55:00,2024-12-16
202400018291,12:45,Plein jour,63,63113,2,3,1,3.0,SOUS LES VIGNES (RUE) / rue Gilbert Roddier,45.80378919,3.10859978,12:45:00,2024-01-29
202400018292,11:55,Plein jour,91,91136,1,1,1,4.0,AUTOROUTE A126,48.71314,2.28178,11:55:00,2024-08-02
202400018293,17:59,Plein jour,30,30210,2,1,8,6.0,Avenue de l'Aigoual,43.916026,3.994024,17:59:00,2024-09-07
202400018294,09:10,Plein jour,91,91645,1,1,1,7.0,RN 385 INT,48.75992,2.2642,09:10:00,2024-08-02
202400018295,13:20,Plein jour,93,93031,2,1,1,2.0,JOFFRE (AVENUE),48.96039123,2.29804535,13:20:00,2024-12-23
202400018296,22:20,,62,62774,2,1,1,2.0,D243E3,50.94334,1.74752,22:20:00,2024-01-07
202400018297,16:20,Plein jour,39,39017,1,1,1,3.0,Unknown,46.780865,5.525458,16:20:00,2024-09-08
202400018298,18:40,,61,61001,2,1,1,6.0,Voie Communale,48.42774,0.07735,18:40:00,2024-01-29
202400018299,10:10,Plein jour,91,91689,1,1,1,3.0,AUTOROUTE A6,48.73107,2.31508,10:10:00,2024-08-02
202400018300,09:55,Plein jour,05,05162,1,1,3,6.0,A51,44.43807,6.02922,09:55:00,2024-09-08
202400018301,14:00,Plein jour,93,93031,2,3,7,2.0,NANCY (RUE DE),48.95673964,2.29980433,14:00:00,2024-12-23
202400018302,08:30,Crépuscule,57,57463,2,2,8,6.0,PANGE (RUE DE ),49.11016,6.21983,08:30:00,2024-01-29
202400018303,09:20,Plein jour,91,91174,1,1,1,3.0,RN 104,48.61977,2.45913,09:20:00,2024-08-02
202400018304,16:45,Plein jour,978,97801,2,1,1,1.0,Route nationale 7 - Grand Case,18.097346,-63.065869,16:45:00,2024-09-07
202400018305,21:15,,93,93029,2,3,1,3.0,MARCEAU (AVENUE) N° 29-FIN,48.92919086,2.43354893,21:15:00,2024-12-23
202400018306,22:46,,56,56121,2,1,1,7.0,LAENNEC ( BD ),47.75853,-3.35773,22:46:00,2024-01-26
202400018307,00:09,Nuit sans éclairage,92,92050,1,1,2,7.0,A86,48.8924468,2.18503472,00:09:00,2024-08-02
202400018308,11:35,Plein jour,93,93010,2,9,1,3.0,Avenue Galliéni / Avenue de Verdun,48.90710793,2.48942102,11:35:00,2024-12-23
202400018309,01:45,Nuit sans éclairage,93,93001,1,1,1,2.0,AUTOROUTE A86,48.92164859,2.37702727,01:45:00,2024-08-02
202400018310,09:30,Plein jour,54,54578,2,3,1,2.0,Boulevard des Aiguillettes,48.6723859,6.15463704,09:30:00,2024-01-29
202400018311,02:20,Nuit sans éclairage,49,49110,1,1,1,5.0,"Autoroute A11, PK 246+400",47.52804439,-0.34696903,02:20:00,2024-09-09
202400018312,21:23,Crépuscule,94,94073,1,1,1,6.0,A86,48.76803575,2.37853024,21:23:00,2024-08-01
202400018313,11:00,Plein jour,51,51108,2,3,7,6.0,VERLAINE (AVE PAUL),48.94017,4.38981,11:00:00,2024-01-27
202400018314,20:00,Crépuscule,92,92078,2,3,1,3.0,VERDUN (AVENUE) (IMPAIRS 27 AU 73),48.93515,2.3288,20:00:00,2024-10-03
202400018315,06:35,Nuit sans éclairage,06,06085,1,1,1,5.0,A8 PK 164.450 direction Marseille,43.58576038,6.99715837,06:35:00,2024-09-09
202400018316,14:00,Plein jour,974,97416,1,1,1,2.0,RN1 (ROUTE NATIONALE),-21.31417271,55.43934238,14:00:00,2024-08-01
202400018317,10:17,Plein jour,67,67202,1,1,1,7.0,"A4, PK 452.300",48.76807,7.550805,10:17:00,2024-08-29
202400018318,16:25,Plein jour,50,50129,2,3,1,3.0,ARAGO (RUE),49.64722,-1.66886,16:25:00,2024-01-28
202400018319,23:10,,92,92078,2,3,2,3.0,VERDUN (AVENUE) (IMPAIRS 1 A 25),48.93551094,2.33388506,23:10:00,2024-12-22
202400018320,18:22,Nuit sans éclairage,49,49353,1,1,1,5.0,ANDARD ROUTE,47.4473,-0.44957,18:22:00,2024-01-29
202400018321,07:25,Plein jour,973,97302,2,3,1,3.0,MONTABO (ROUTE DE) 2,4.94174,-52.30405,07:25:00,2024-08-01
202400018322,12:30,Plein jour,92,92026,2,2,1,2.0,MISSION MARCHAND (COTE PAIR),48.89779602,2.24022567,12:30:00,2024-12-23
202400018323,05:50,Nuit sans éclairage,11,11370,1,1,1,5.0,autouroute A9 PK 181+100 vers Beziers,43.221784,3.09528,05:50:00,2024-09-08
202400018324,17:05,Crépuscule,46,46042,2,1,1,3.0,Avenue de la Beyne,44.4265,1.4418,17:05:00,2024-01-24
202400018325,07:30,,92,92025,2,1,1,3.0,GABRIEL PERI (RUE),48.92065177,2.24406593,07:30:00,2024-12-23
202400018326,23:45,Nuit sans éclairage,38,38530,1,1,2,7.0,A43 pk 028+300,45.615238,5.197569,23:45:00,2024-09-07
202400018327,02:10,Nuit sans éclairage,973,97302,2,1,1,7.0,REPUBLIQUE (BD DE LA),4.93762202,-52.32429242,02:10:00,2024-08-01
202400018328,00:40,Nuit avec éclairage,45,45234,2,1,1,6.0,Rue de la Barrière Saint-Marc,47.92084,1.92047,00:40:00,2024-01-30
202400018329,01:00,Nuit sans éclairage,13,13105,1,1,1,2.0,A7  sens sud nord PK 218+800,43.74422,5.086665,01:00:00,2024-09-09
202400018330,07:20,Plein jour,972,97213,2,1,1,3.0,ROUTE DEPARTEMENTALE 3,14.63325,-60.99082,07:20:00,2024-08-01
202400018331,18:17,Crépuscule,41,41018,2,1,1,6.0,BOURG NEUF (RUE DU),47.58868,1.331,18:17:00,2024-01-29
202400018332,18:15,,92,92024,2,1,2,5.0,GENNEVILLIERS (PONT DE),48.91250943,2.31136143,18:15:00,2024-12-20
202400018333,20:20,Nuit sans éclairage,33,33229,1,1,1,6.0,Unknown,44.734472,-0.996902,20:20:00,2024-09-07
202400018334,14:15,Plein jour,972,97209,1,2,1,3.0,CHATEAUBOEUF (ROUTE DE),14.62042,-61.04344,14:15:00,2024-08-01
202400018335,16:20,Plein jour,92,92019,2,1,1,2.0,VERDUN (RUE DE),48.76531111,2.2712481,16:20:00,2024-12-23
202400018336,18:23,Crépuscule,38,38185,2,2,1,3.0,RUE DU VILLAGE,45.16401,5.72863,18:23:00,2024-01-29
202400018337,23:00,Nuit sans éclairage,988,98833,1,1,1,7.0,Méa Mébara (Tribu),-21.45927,165.8049,23:00:00,2024-09-08
202400018338,21:10,Plein jour,69,69034,2,1,1,6.0,Montée des Soldats,45.79549721,4.85834931,21:10:00,2024-07-31
202400018339,15:00,Plein jour,38,38332,1,1,2,6.0,Route de Maubec,45.342083,5.488529,15:00:00,2024-12-23
202400018340,01:35,,37,37261,2,1,1,3.0,WAGNER (BOULEVARD RICHARD),47.37708,0.71437,01:35:00,2024-01-28
202400018341,14:30,Plein jour,972,97230,1,1,1,6.0,RN1,14.712214,-60.947342,14:30:00,2024-09-06
202400018342,03:08,,69,69384,2,1,1,2.0,Avenue de Birmingham,45.77453367,4.81332883,03:08:00,2024-07-31
202400018343,12:55,Plein jour,35,35278,1,1,1,2.0,RD 29,48.15798316,-1.69770151,12:55:00,2024-01-29
202400018344,17:50,Plein jour,77,77328,2,4,1,6.0,23 rue du clos corbin,48.315981,2.420275,17:50:00,2024-09-08
202400018345,18:15,Crépuscule,971,97113,1,9,1,6.0,ROUTE DE PERINET-RD 119,16.20751,-61.48103,18:15:00,2024-07-31
202400018346,13:35,Plein jour,35,35238,2,6,1,2.0,LANGEVIN (PAUL),48.09212,-1.65823,13:35:00,2024-01-29
202400018347,16:30,Plein jour,91,91405,1,1,2,1.0,D372 PK18+200,48.425968,2.468791,16:30:00,2024-09-08
202400018348,15:30,Plein jour,2A,2A004,2,1,1,3.0,14 Lot Artisanal Stiletto,41.94819,8.76529,15:30:00,2024-08-01
202400018349,17:03,Plein jour,31,31555,2,1,1,3.0,ALBI (RTE D) DU 1AU 243,43.63387,1.46339,17:03:00,2024-01-26
202400018350,13:02,Plein jour,78,78048,1,1,1,2.0,N12,48.795264,1.669985,13:02:00,2024-09-06
202400018351,00:22,,91,91521,2,9,2,2.0,BONTE (RUE),48.65862,2.41255,00:22:00,2024-08-02
202400018352,16:30,Plein jour,13,13107,1,1,1,3.0,Route de Mimet,43.428859,5.458333,16:30:00,2024-08-29
202400018353,18:15,Plein jour,84,84007,2,1,1,3.0,FOLIE (Avenue de la),43.9462,4.83429,18:15:00,2024-08-01
202400018354,10:52,Plein jour,14,14366,2,4,1,3.0,10 Rue Fournet,49.14071,0.227253,10:52:00,2024-01-29
202400018355,19:50,Crépuscule,71,71297,1,1,1,6.0,D61,46.868715,4.274046,19:50:00,2024-09-08
202400018356,10:10,Plein jour,77,77464,2,1,1,7.0,CLAYE  (RUE DE  ),48.89042,2.70606,10:10:00,2024-08-01
202400018357,03:30,,13,13026,1,1,1,6.0,RN 568 CLM,43.3922934,5.17970375,03:30:00,2024-01-27
202400018358,14:00,Plein jour,21,21294,1,1,3,3.0,D35,47.086546,5.016503,14:00:00,2024-09-05
202400018359,18:45,,13,13203,2,1,1,2.0,CHARLES NEDELEC (BOULEVARD),43.30262,5.37779,18:45:00,2024-01-29
202400018360,15:35,Plein jour,67,67288,2,1,1,7.0,30 rue de Lembach,48.961835,7.867107,15:35:00,2024-09-07
202400018361,18:40,,13,13206,2,1,1,2.0,ARMENY (RUE D'),43.29099,5.38006,18:40:00,2024-01-29
202400018362,22:13,,73,73065,2,3,1,1.0,GAMBETTA LEON (BOULEVARD),45.57311221,5.91414937,22:13:00,2024-07-23
202400018363,00:50,Nuit sans éclairage,67,67432,1,1,1,1.0,D244,48.972555,8.086753,00:50:00,2024-09-08
202400018364,09:00,Plein jour,13,13214,2,3,1,3.0,PLOMBIERES (BOULEVARD DES),43.31894897,5.37920361,09:00:00,2024-01-29
202400018365,22:25,,73,73029,2,3,1,1.0,CHALLES (ROUTE DE),45.57051,5.94877,22:25:00,2024-07-26
202400018366,06:40,Crépuscule,55,55122,1,1,8,2.0,Rue d'Euville,48.756868,5.609894,06:40:00,2024-09-09
202400018367,18:50,Plein jour,73,73065,1,1,1,6.0,DUCRETET EUGENE (RUE),45.59321,5.89684,18:50:00,2024-08-01
202400018368,11:00,Plein jour,57,57160,2,1,1,6.0,Square de la Bisten,49.206457,6.69592,11:00:00,2024-09-08
202400018369,22:20,,10,10387,2,2,1,3.0,Rue Kleber,48.30334,4.08536,22:20:00,2024-01-28
202400018370,10:30,Plein jour,63,63213,1,6,1,7.0,D1093,45.812359,3.240224,10:30:00,2024-09-06
202400018371,11:40,Plein jour,73,73065,1,2,1,3.0,DUCRETET EUGENE (RUE),45.59399092,5.89759308,11:40:00,2024-08-01
202400018372,04:20,,06,06104,1,1,1,3.0,Avenue de la Côte d'Azur,43.76227,7.462426,04:20:00,2024-01-28
202400018373,12:05,Plein jour,38,38215,1,1,8,1.0,Route de Fourgeon,45.602539,4.975058,12:05:00,2024-09-09
202400018374,11:10,Plein jour,73,73011,2,6,7,3.0,CHASSEURS ALPINS (AV.)C. VILLE VERS AV.J,45.66506,6.38988,11:10:00,2024-07-26
202400018375,10:45,Plein jour,01,01053,2,4,1,6.0,JASSERON (AVENUE DE - N° PAIRS),46.2107,5.23951,10:45:00,2024-01-29
202400018376,18:10,Crépuscule,07,07018,1,1,3,1.0,Col de la Chavade (Col de montagne),44.697173,4.02146,18:10:00,2024-09-08
202400018377,01:15,,72,72181,2,2,1,6.0,LAIGNE RUE DE N° IMP 115 A 155,47.9779,0.2116,01:15:00,2024-08-01
202400018378,20:20,,75,75116,2,2,1,6.0,AVENUE FOCH,48.873593,2.292791,20:20:00,2024-01-29
202400018379,18:39,Plein jour,69,69116,2,1,1,6.0,Route Départementale 306,45.810523,4.778449,18:39:00,2024-09-07
202400018380,07:55,Plein jour,69,69259,2,4,1,3.0,Route de Vienne,45.71735,4.85476,07:55:00,2024-07-31
202400018381,15:20,Plein jour,75,75115,2,2,1,2.0,BOULEVARD PASTEUR,48.842096,2.312996,15:20:00,2024-01-29
202400018382,21:45,,69,69250,2,1,1,6.0,137 Avenue du Casino,45.792982,4.727747,21:45:00,2024-09-06
202400018383,07:05,,75,75112,2,2,1,3.0,AVENUE DE GRAVELLE,48.82411,2.42286,07:05:00,2024-01-26
202400018384,18:45,Plein jour,67,67482,2,1,1,2.0,FAUBOURG DE PIERRE (RUE DU),48.59044,7.74469,18:45:00,2024-07-31
202400018385,16:30,Plein jour,33,33273,1,1,1,1.0,Unknown,44.834113,-0.814447,16:30:00,2024-09-08
202400018386,15:00,Plein jour,49,49021,1,1,1,6.0,Route de Brion,47.440258,-0.201568,15:00:00,2024-09-08
202400018387,15:55,Plein jour,67,67482,2,1,1,3.0,ZURICH (RUE DE),48.58109,7.75637,15:55:00,2024-07-31
202400018388,16:20,Plein jour,75,75101,2,2,1,3.0,RUE DE RIVOLI,48.859633,2.344813,16:20:00,2024-01-28
202400018389,17:04,Plein jour,64,64260,2,3,1,3.0,CHOURIENIA (RUE),43.35524,-1.76809,17:04:00,2024-07-31
202400018390,20:05,Crépuscule,44,44026,1,1,3,4.0,Route de Paris,47.296637,-1.407151,20:05:00,2024-09-05
202400018391,02:26,,94,94081,2,1,1,6.0,Rue des Blancs Murs,48.79823,2.38788,02:26:00,2024-01-27
202400018392,06:20,Crépuscule,35,35012,1,3,5,3.0,La Filouzais,47.828391,-1.708041,06:20:00,2024-09-04
202400018393,13:10,Plein jour,94,94028,2,3,1,2.0,Rue Jean Jaurès / Avenue des Petites Haies,48.78783,2.43584,13:10:00,2024-01-27
202400018394,16:00,Plein jour,62,62498,2,3,1,3.0,Place Roger Salengro,50.4229566,2.80624187,16:00:00,2024-07-31
202400018395,15:00,Plein jour,62,62193,2,1,1,3.0,Boulevard de l'Egalité,50.94572,1.87116,15:00:00,2024-07-31
202400018396,18:30,Plein jour,76,76164,1,1,3,1.0,Rives-en-Seine,49.545588,0.752971,18:30:00,2024-09-08
202400018397,07:35,Crépuscule,94,94003,2,3,1,3.0,Avenue Pierre Ronsard / Avenue François Vincent Raspail,48.806536,2.34039,07:35:00,2024-01-29
202400018398,10:10,Plein jour,60,60446,1,1,2,6.0,N2,49.133539,2.797804,10:10:00,2024-09-09
202400018399,16:10,Plein jour,61,61006,2,9,1,3.0,Voie Communale,48.744029,-0.019338,16:10:00,2024-08-01
202400018400,07:20,,94,94021,2,1,1,6.0,Rue du Père Mazurié,48.77058,2.35269,07:20:00,2024-01-29
202400018401,11:45,Plein jour,80,80182,1,1,1,1.0,Route Blanche,50.214866,1.556497,11:45:00,2024-09-07
202400018402,16:00,Plein jour,59,59599,2,3,1,3.0,BRUN PAIN (RUE DU),50.72558,3.14355,16:00:00,2024-08-01
202400018403,19:00,,93,93066,2,6,1,3.0,Rue du Général Joinville / Avenue Paul Vaillant Couturier,48.935534,2.367791,19:00:00,2024-01-29
202400018404,11:15,Plein jour,59,59350,2,1,1,3.0,Rue du Faubourg d'Arras,50.60385,3.05669,11:15:00,2024-08-01
202400018405,19:50,Plein jour,59,59638,1,1,1,7.0,D93,50.576669,3.270632,19:50:00,2024-09-07
202400018406,08:40,Plein jour,93,93032,2,3,1,3.0,Avenue Centrale / Rue Vaillant Couturier,48.86727434,2.55873486,08:40:00,2024-01-29
202400018407,18:40,Plein jour,13,13216,1,1,8,7.0,A55-Sens Martigues vers Marseille,43.36393,5.34013,18:40:00,2024-09-08
202400018408,15:00,Plein jour,13,13085,1,1,8,3.0,Sens Toulon vers Aubagne,43.2665,5.5873,15:00:00,2024-09-08
202400018409,20:00,Plein jour,59,59271,2,3,1,3.0,ALGUES - ALLEE,51.019036,2.305316,20:00:00,2024-07-31
202400018410,16:43,Plein jour,93,93031,2,3,1,3.0,Avenue de la République / Rue Gounod,48.94807,2.33874,16:43:00,2024-01-29
202400018411,15:30,Plein jour,13,13085,1,1,2,2.0,A50-Sens Toulon vers Aubagne,43.2589,5.5921,15:30:00,2024-09-08
202400018412,17:38,Plein jour,56,56260,2,6,1,3.0,Giratoire de Coët Digo,47.682081,-2.765272,17:38:00,2024-08-01
202400018413,15:40,Plein jour,13,13071,1,1,8,2.0,A51-Sens Marseille vers Aix en Provence,43.40935357,5.36357453,15:40:00,2024-09-08
202400018414,03:03,,93,93008,2,3,1,7.0,Avenue de l'Hôtel de Ville / Avenue Karl Marx,48.90523392,2.44428635,03:03:00,2024-01-29
202400018415,13:35,Plein jour,54,54304,2,1,1,6.0,Rue de la Moselotte,48.69796,6.125,13:35:00,2024-07-31
202400018416,21:07,Nuit sans éclairage,13,13026,1,1,1,2.0,A55-Sens Martigues vers Marseille,43.40028669,5.10074129,21:07:00,2024-09-07
202400018417,21:00,Plein jour,50,50129,1,9,1,3.0,CD 901,49.64933,-1.71657,21:00:00,2024-07-31
202400018418,07:30,,93,93007,2,2,1,6.0,Avenue Aristide Briand / Avenue Vladimir Ilitch Lenine,48.94542079,2.45137542,07:30:00,2024-01-29
202400018419,22:40,,47,47001,2,1,1,3.0,9EME DE LIGNE (COURS DU),44.19652,0.61234,22:40:00,2024-08-01
202400018420,18:00,Plein jour,83,83069,1,1,1,3.0,RN98,43.11357706,6.11951425,18:00:00,2024-09-06
202400018421,16:50,Plein jour,92,92024,2,3,1,3.0,VICTOR HUGO (BD),48.90032,2.31509,16:50:00,2024-01-29
202400018422,14:40,Plein jour,42,42275,1,1,1,6.0,Route de l'Etrat,45.47723,4.38223,14:40:00,2024-07-31
202400018423,06:15,Nuit sans éclairage,69,69259,1,1,8,5.0,Route Départementale 301,45.6868,4.87233,06:15:00,2024-09-08
202400018424,00:37,,38,38185,2,2,1,3.0,JOSEPH REY (RUE),45.18592,5.71695,00:37:00,2024-08-02
202400018425,17:00,Plein jour,92,92019,2,3,1,3.0,DIVISION LECLERC (AVENUE DE LA),48.76617045,2.25565571,17:00:00,2024-01-29
202400018426,17:40,Plein jour,33,33122,1,1,8,4.0,Unknown,44.7354,-0.71877,17:40:00,2024-09-08
202400018427,09:20,Plein jour,38,38185,2,6,1,2.0,EDMOND ESMONIN (AVENUE),45.16081,5.72045,09:20:00,2024-08-01
202400018428,08:30,Plein jour,92,92012,2,1,1,1.0,GEORGES GORSE (QUAI),48.82414,2.23698,08:30:00,2024-01-29
202400018429,12:00,Plein jour,91,91340,1,1,1,2.0,RN 104,48.611,2.432,12:00:00,2024-09-08
202400018430,19:45,Plein jour,37,37261,2,3,1,3.0,FOURNIER (RUE DU DOCTEUR),47.38678723,0.70840207,19:45:00,2024-08-01
202400018431,09:20,Plein jour,72,72051,2,1,2,6.0,21 Rue Nationale,47.832828,0.080155,09:20:00,2024-01-30
202400018432,13:45,Plein jour,37,37261,2,2,1,3.0,CHEVALLIER (RUE AUGUSTE),47.37974,0.67984,13:45:00,2024-08-01
202400018433,12:30,Plein jour,78,78043,1,1,1,2.0,A13W,48.841694,2.094726,12:30:00,2024-09-08
202400018434,02:40,Nuit sans éclairage,40,40152,1,1,1,2.0,A63 pk 113.00,43.95458,-1.068077,02:40:00,2024-01-30
202400018435,15:45,Plein jour,37,37261,2,6,1,3.0,AUBERDIERE (RUE DE L'),47.36604,0.69816,15:45:00,2024-07-31
202400018436,01:47,,34,34301,2,1,1,6.0,CAYENNE (ROUTE DE),43.41344,3.70273,01:47:00,2024-07-29
202400018437,16:00,Plein jour,78,78158,1,1,1,4.0,A13,48.835163,2.131117,16:00:00,2024-09-07
202400018438,12:50,Plein jour,22,22106,2,1,1,2.0,POSTE (RUE DE LA),48.49363,-2.71617,12:50:00,2024-07-31
202400018439,19:32,Plein jour,92,92025,1,1,1,2.0,A86,48.92865065,2.23945697,19:32:00,2024-09-06
202400018440,18:19,Plein jour,19,19031,2,1,1,2.0,RIBOT (AVENUE),45.16474303,1.51388633,18:19:00,2024-07-31
202400018441,23:50,Nuit sans éclairage,94,94079,1,1,1,3.0,A4,48.83592061,2.53990748,23:50:00,2024-09-07
202400018442,19:00,Plein jour,18,18279,2,1,1,1.0,67 Route de Tours,47.23573,2.03465,19:00:00,2024-07-31
202400018443,20:25,,973,97302,2,2,1,3.0,BARTHELEMY (RENE),4.93462356,-52.3307029,20:25:00,2024-09-07
202400018444,17:15,Plein jour,973,97302,2,1,1,7.0,CABASSOU (ROUTE DE),4.91998,-52.3197,17:15:00,2024-09-07
202400018445,17:47,Plein jour,17,17333,1,1,1,2.0,EXPRESS (voie),45.61584,-0.98739,17:47:00,2024-08-01
202400018446,02:30,,69,69383,2,2,2,3.0,Rue des Rancy,45.75613,4.85491,02:30:00,2024-09-08
202400018447,12:40,Plein jour,17,17306,2,2,1,3.0,ANSALDI,45.63475,-1.02325,12:40:00,2024-08-01
202400018448,14:55,Plein jour,971,97113,1,1,1,5.0,SECTION MARE-GAILLARD,16.21763,-61.43712,14:55:00,2024-09-06
202400018449,10:30,Plein jour,14,14117,2,2,1,3.0,52 Avenue Guillaume le Conquérant,49.2837,-0.13381,10:30:00,2024-07-31
202400018450,17:20,Plein jour,91,91657,2,1,1,3.0,AV HENRI BARBUSSE,48.70027,2.42024,17:20:00,2024-09-06
202400018451,16:45,Plein jour,13,13213,2,1,1,3.0,OLIVES (AVENUE DES),43.32626209,5.43912037,16:45:00,2024-08-01
202400018452,08:05,Plein jour,91,91421,2,4,1,3.0,MAINVILLE (RUE DE),48.702923,2.454054,08:05:00,2024-09-06
202400018453,21:00,Plein jour,13,13208,2,1,1,3.0,PRADO (AVENUE DU),43.26683,5.38251,21:00:00,2024-07-31
202400018454,17:00,Plein jour,13,13202,2,1,1,2.0,SAINTE BARBE (RUE),43.2991,5.37382,17:00:00,2024-07-31
202400018455,22:30,Nuit sans éclairage,77,77373,1,1,1,2.0,DEPARTEMENTALE 1004,48.77023,2.63324,22:30:00,2024-09-07
202400018456,19:45,Plein jour,77,77276,1,1,1,6.0,RD 360,48.91663,2.88007,19:45:00,2024-09-07
202400018457,12:45,Plein jour,11,11069,2,3,1,3.0,58 Route Minervoise,43.2193,2.3545,12:45:00,2024-08-01
202400018458,22:59,,08,08409,2,1,3,6.0,GOULDEN (PLACE),49.70196,4.94418,22:59:00,2024-07-26
202400018459,11:25,Plein jour,74,74298,2,2,1,3.0,TANINGES (ROUTE DE ),46.18521,6.2773,11:25:00,2024-09-07
202400018460,18:17,Plein jour,07,07102,2,1,1,3.0,REPUBLIQUE (AV. DE LA) [DU N° AU N°],44.93379,4.87856,18:17:00,2024-07-31
202400018461,07:30,Crépuscule,72,72181,2,9,1,3.0,CLOS MARGOT (RUE),48.01181,0.20905,07:30:00,2024-09-07
202400018462,09:30,Plein jour,07,07116,2,3,1,3.0,NATIONALE (ROUTE),44.64336,4.36893,09:30:00,2024-07-31
202400018463,21:20,,71,71153,2,6,1,3.0,CHANZY (RUE DE),46.79432562,4.44852144,21:20:00,2024-09-07
202400018464,09:30,Plein jour,06,06029,2,3,1,1.0,20 Rue Henri Paschke,43.55507,7.01282,09:30:00,2024-08-01
202400018465,07:25,Plein jour,06,06123,1,1,1,6.0,4530 Route de Saint-Jeannet,43.704752,7.171238,07:25:00,2024-07-31