Num_Acc,hrmn,lum,dep,com,agg,int,atm,col,adr,lat,long,heure,date
202400018466,13:50,Plein jour,05,05023,2,1,1,6.0,Rue de la Soie,44.894159,6.634781,13:50:00,2024-08-01
202400018467,12:40,Plein jour,69,69266,2,2,1,3.0,Rue d'Inkermann,45.76809,4.86578,12:40:00,2024-09-07
202400018468,08:20,Plein jour,03,03185,2,1,1,6.0,THOMAS ( AVENUE ALBERT ),46.35515,2.58776,08:20:00,2024-08-01
202400018469,16:30,Plein jour,69,69092,2,1,1,1.0,Rue de Tarare,45.98466738,4.7015129,16:30:00,2024-09-06
202400018470,04:36,,01,01283,2,1,8,6.0,DUNANT (HENRI),46.25062,5.65959,04:36:00,2024-08-01
202400018471,22:33,,68,68224,2,8,2,1.0,STOESSEL (BOULEVARD CHARLES),47.74042198,7.32085991,22:33:00,2024-09-07
202400018472,18:30,Plein jour,75,75116,2,1,1,4.0,BD PERIPHERIQUE EXTERIEUR,48.843221,2.254364,18:30:00,2024-08-01
202400018473,17:45,Plein jour,67,67482,2,1,1,1.0,LA FONTAINE (BOULEVARD),48.59139,7.70646,17:45:00,2024-09-07
202400018474,18:40,Plein jour,75,75116,2,1,1,2.0,BOULEVAR PERIPHERIQUE EXTERIEUR,48.858333,2.260662,18:40:00,2024-07-31
202400018475,17:15,Plein jour,67,67482,2,1,1,1.0,SCHIRMECK (ROUTE DE),48.5617,7.6959,17:15:00,2024-09-07
202400018476,04:48,,75,75120,2,2,2,1.0,RUE VITRUVE,48.858128,2.404664,04:48:00,2024-07-31
202400018477,17:10,Plein jour,67,67482,2,1,1,3.0,PIERRE CORNEILLE (AVENUE),48.59302,7.69691,17:10:00,2024-09-06
202400018478,16:45,Plein jour,75,75119,2,2,1,3.0,AVENUE CORENTIN CARIOU,48.897648,2.385482,16:45:00,2024-08-01
202400018479,23:10,Nuit sans éclairage,64,64284,2,1,1,7.0,VALLEES DES,43.29207,-0.38608,23:10:00,2024-09-07
202400018480,11:55,Plein jour,75,75119,2,1,1,2.0,RUE DE MEAUX,48.879472,2.37176,11:55:00,2024-08-01
202400018481,19:10,Plein jour,64,64348,1,3,1,7.0,CHARLES LEVEQUE,43.32537,-0.38376,19:10:00,2024-09-07
202400018482,21:45,,75,75117,2,3,1,7.0,RUE DE LA JONQUIERE,48.89539,2.316429,21:45:00,2024-07-31
202400018483,19:33,Plein jour,64,64102,2,3,1,3.0,HABAS (CHEMIN DU MOULIN DE),43.50547,-1.46143,19:33:00,2024-09-07
202400018484,08:03,Plein jour,75,75116,2,5,1,6.0,CHAUSSEE LA MUETTE,48.858262,2.272611,08:03:00,2024-08-01
202400018485,15:00,Plein jour,75,75116,2,1,1,2.0,BD PERIPHERIQUE EXTERIEUR,48.866259,2.268517,15:00:00,2024-07-31
202400018486,16:30,Plein jour,64,64102,2,1,1,2.0,SOULT (AVENUE MARECHAL),43.48506,-1.49452,16:30:00,2024-09-06
202400018487,23:40,Nuit sans éclairage,63,63113,2,1,8,6.0,bretelle Bingen / Oradou,45.76975,3.11232,23:40:00,2024-09-07
202400018488,18:05,Plein jour,75,75113,2,1,1,2.0,BOULEVARD KELLERMANN,48.819229,2.358175,18:05:00,2024-08-01
202400018489,13:15,Plein jour,75,75112,2,1,1,3.0,AVENUE DE GRAVELLE,48.82358,2.42927,13:15:00,2024-08-01
202400018490,15:00,Plein jour,63,63113,2,2,1,4.0,FRANCE (RUE ANATOLE),45.77882,3.11202,15:00:00,2024-09-07
202400018491,05:55,Crépuscule,75,75112,2,2,1,3.0,Avenue de Gravelle,48.831828,2.397672,05:55:00,2024-08-01
202400018492,21:58,,75,75112,2,1,1,6.0,COURS DE VINCENNES,48.847018,2.407765,21:58:00,2024-07-31
202400018493,08:30,Plein jour,58,58194,2,6,2,3.0,MARECHAL KOENING,46.99288,3.16788,08:30:00,2024-09-07
202400018494,00:15,,75,75111,2,3,1,2.0,BOULEVARD DE MENILMONTANT,48.860959,2.388176,00:15:00,2024-08-01
202400018495,11:15,Plein jour,75,75110,2,3,1,6.0,RUE DU FAUBOURG SAINT MARTIN,48.875764,2.36027,11:15:00,2024-08-01
202400018496,06:25,Crépuscule,75,75107,2,1,3,7.0,BOULEVARD DES INVALIDES,48.847447,2.316245,06:25:00,2024-08-01
202400018497,02:30,,75,75101,2,3,1,2.0,QUAI DE LA MEGISSERIE,48.857701,2.345439,02:30:00,2024-08-01
202400018498,18:45,Plein jour,94,94052,2,1,1,4.0,N486,48.831237,2.493011,18:45:00,2024-08-01
202400018499,16:45,Plein jour,94,94042,2,1,1,3.0,Quai du Barrage,48.81709,2.47102,16:45:00,2024-07-31
202400018500,06:30,Crépuscule,94,94046,2,1,2,6.0,Rue Louis Pergaud,48.80235556,2.44537666,06:30:00,2024-08-01
202400018501,23:45,,94,94018,1,1,3,7.0,Ile Martinet,48.818498,2.408094,23:45:00,2024-08-01
202400018502,18:15,Plein jour,94,94071,2,6,1,3.0,Avenue Gabriel Péri,48.762,2.53046,18:15:00,2024-07-31
202400018503,16:50,Plein jour,93,93073,2,2,1,3.0,Rue du Sonnet / Rue des Terres Noires,49.00244571,2.53328472,16:50:00,2024-07-31
202400018504,13:40,Plein jour,93,93029,2,3,1,3.0,Avenue Marceau / Rue Eugene Sue,48.92834547,2.43613243,13:40:00,2024-08-01
202400018505,12:00,Plein jour,93,93013,1,1,1,3.0,LINDBERGH (CARREFOUR),48.94125,2.42562,12:00:00,2024-08-01
202400018506,09:15,Plein jour,93,93010,2,1,1,6.0,Rue Jules Auffret,48.90262467,2.490384,09:15:00,2024-08-01
202400018507,08:45,Plein jour,92,92044,2,2,1,3.0,J. GUESDE(RUE)25A57 ET 30A64,48.89307504,2.29272366,08:45:00,2024-08-01
202400018508,00:42,,92,92036,2,1,1,6.0,GRESILLONS (AVENUE DES) (141/215),48.91972061,2.31382191,00:42:00,2024-08-01
202400018509,19:15,Plein jour,92,92004,2,1,1,6.0,HOTEL DE VILLE   ( PLACE ),48.91064,2.28916,19:15:00,2024-08-01
202400018510,12:43,Plein jour,24,24462,2,2,1,2.0,Rue des Mauries,45.036061,0.352018,12:43:00,2024-08-02
202400018511,10:05,Plein jour,06,06161,2,6,1,7.0,Avenue des Plans,43.65678,7.119924,10:05:00,2024-07-31
202400018512,06:25,Crépuscule,28,28219,1,1,1,6.0,A11 PK 101+500,48.234178,1.042821,06:25:00,2024-08-02
202400018513,16:00,Plein jour,974,97422,1,1,1,7.0,Route Forestière 5,-21.204438,55.618511,16:00:00,2024-08-01
202400018514,17:25,Plein jour,974,97405,1,1,1,2.0,Rue Augustin Mézino,-21.365115,55.549997,17:25:00,2024-08-01
202400018515,19:45,Nuit sans éclairage,972,97218,2,1,2,2.0,Rue André Aliker,14.77065,-61.140364,19:45:00,2024-08-01
202400018516,18:27,Plein jour,83,83086,1,1,1,2.0,2195 Route d?Aix En Provence,43.4643604,6.53579736,18:27:00,2024-08-02
202400018517,22:30,Nuit sans éclairage,14,14027,1,1,1,6.0,Route de Longvillers,49.034281,-0.636392,22:30:00,2024-08-01
202400018518,16:00,Plein jour,87,87203,1,1,1,4.0,Autoroute A20 PK205+780,45.66727177,1.38725905,16:00:00,2024-08-02
202400018519,09:19,Plein jour,76,76312,2,1,1,7.0,16 Boulevard de Verdun,49.48512,1.729499,09:19:00,2024-08-02
202400018520,21:40,Nuit sans éclairage,79,79130,1,3,1,2.0,Unknown,46.274671,-0.525649,21:40:00,2024-08-01
202400018521,14:05,Plein jour,2A,2A323,1,1,1,3.0,#Tavaco#,42.012514,8.870616,14:05:00,2024-08-02
202400018522,10:15,Plein jour,33,33236,2,1,1,7.0,Unknown,44.684506,-1.237952,10:15:00,2024-07-31
202400018523,18:00,Plein jour,71,71064,1,1,1,6.0,Rue des Ruachons,46.597094,5.243273,18:00:00,2024-07-31
202400018524,14:45,Plein jour,71,71391,1,1,1,6.0, 27 Route de la Vallée des Vaux,46.819908,4.611082,14:45:00,2024-08-02
202400018525,15:10,Plein jour,75,75113,2,2,2,2.0,RUE DE PATAY,48.82767,2.371366,15:10:00,2024-05-28
202400018526,16:50,Plein jour,63,63195,2,1,2,2.0,Rue de la République,45.826033,3.383961,16:50:00,2024-08-02
202400018527,12:40,Plein jour,75,75112,2,2,1,3.0,RUE DE CHARENTON,48.837303,2.391216,12:40:00,2024-05-27
202400018528,13:20,Plein jour,61,61402,1,2,1,3.0,5 Route de Paris,48.708599,-0.326006,13:20:00,2024-08-02
202400018529,08:40,Plein jour,75,75112,2,3,1,6.0,AVENUE DAUMESNIL,48.836624,2.404112,08:40:00,2024-05-27
202400018530,16:25,Plein jour,61,61015,2,3,1,6.0,D8,48.611471,0.229704,16:25:00,2024-07-22
202400018531,15:10,Plein jour,75,75111,2,3,2,3.0,BOULEVARD DE CHARONNE,48.85296089,2.39696413,15:10:00,2024-05-28
202400018532,13:20,Plein jour,75,75110,2,4,2,7.0,BOULEVARD DE MAGENTA,48.876504,2.355778,13:20:00,2024-05-28
202400018533,16:45,Plein jour,75,75110,2,3,8,3.0,RUE D ABBEVILLE,48.878602,2.350523,16:45:00,2024-05-27
202400018534,16:55,Plein jour,35,35339,1,2,1,3.0,Le Haut de la Lande,48.467488,-1.614277,16:55:00,2024-08-01
202400018535,21:22,Crépuscule,29,29024,2,1,1,6.0,Route de Kerniguez,48.277178,-3.583249,21:22:00,2024-07-28
202400018536,19:00,Plein jour,75,75108,2,2,1,1.0,RUE DE LISBONNE,48.877753,2.315611,19:00:00,2024-05-28
202400018537,09:45,Plein jour,31,31071,1,2,1,3.0,rte de labastide,43.342424,1.135862,09:45:00,2024-07-29
202400018538,08:39,Plein jour,75,75116,2,3,1,2.0,PONT D IENA,48.860334,2.291229,08:39:00,2024-05-28
202400018539,16:30,Plein jour,03,03202,1,1,1,1.0,D136,46.494611,3.14827,16:30:00,2024-08-02
202400018540,10:00,Plein jour,75,75104,2,2,2,6.0,BOULEVARD BOURDON,48.847474,2.365586,10:00:00,2024-05-28
202400018541,11:15,Plein jour,01,01305,2,7,1,6.0,Place Legrand,46.429065,4.938499,11:15:00,2024-08-02
202400018542,16:55,Plein jour,70,70096,1,1,9,1.0,D683,47.590869,6.795409,16:55:00,2024-08-02
202400018543,10:25,Plein jour,94,94078,2,3,2,3.0,Avenue du 8 Mai 1945 / Pont de Villeneuve le Roi,48.72773,2.44571,10:25:00,2024-05-28
202400018544,16:40,Plein jour,94,94068,2,3,2,2.0,Boulevard Rabelais / Rue de la Varenne,48.80682692,2.47759134,16:40:00,2024-05-28
202400018545,15:42,Plein jour,06,06129,1,1,1,6.0,M2205,44.087246,7.106674,15:42:00,2024-08-01
202400018546,15:30,Plein jour,64,64443,1,6,1,7.0,D2,43.364857,-0.577201,15:30:00,2024-07-30
202400018547,16:30,Plein jour,94,94015,2,3,2,1.0,Rue du Four / Grande Rue Charles de Gaulle,48.834497,2.520051,16:30:00,2024-05-28
202400018548,12:30,Plein jour,43,43142,1,1,1,3.0,Chemin d’Aulagny,45.165284,4.311694,12:30:00,2024-07-26
202400018549,22:40,,94,94076,2,3,1,3.0,Boulevard Maxime Gorki / Rue Guynemer,48.7927448,2.3692541,22:40:00,2024-05-27
202400018550,11:20,Plein jour,94,94041,2,3,2,6.0,Avenue Georges Gosnat / Rue Gabriel Péri,48.81172,2.38491,11:20:00,2024-05-28
202400018551,15:20,Plein jour,07,07101,1,3,1,2.0,D111,44.420157,4.310149,15:20:00,2024-08-01
202400018552,09:15,Plein jour,94,94069,2,2,2,6.0,Avenue Saint Maurice du Valais / Av du Pdt J Fitzgerald Kennedy,48.815,2.46313,09:15:00,2024-05-28
202400018553,19:30,Plein jour,07,07334,2,3,7,3.0,145 avenue du général de gaulle (Les Vans),44.405575,4.126935,19:30:00,2024-07-12
202400018554,17:05,Plein jour,40,40228,1,1,1,3.0,Avenue Jean Barbé,43.626197,-0.836366,17:05:00,2024-07-31
202400018555,14:48,Plein jour,95,95527,1,1,2,5.0,A1,48.9949373,2.51593486,14:48:00,2024-05-28
202400018556,17:20,Plein jour,27,27033,1,2,1,3.0,D142,49.08853,1.037647,17:20:00,2024-07-24
202400018557,09:25,Plein jour,23,23100,2,1,1,3.0,D990,46.17536437,2.08836842,09:25:00,2024-08-02
202400018558,21:00,Plein jour,93,93077,2,2,1,6.0,Grande Rue / Rue de la Montagne Savart,48.88254,2.51838,21:00:00,2024-05-28
202400018559,18:50,Plein jour,37,37132,1,6,1,7.0,D764,47.14025092,1.00858086,18:50:00,2024-08-01
202400018560,05:50,Crépuscule,93,93050,2,2,1,3.0,Rue Paul et Camille Thomoux / Rue Louis Vannini,48.86650625,2.52887249,05:50:00,2024-05-28
202400018561,13:10,Plein jour,30,30284,1,1,1,4.0,Avenue de Ladrecht,44.159795,4.059775,13:10:00,2024-08-02
202400018562,08:30,Plein jour,93,93010,2,1,1,6.0,Avenue Suzanne Buisson,48.91425,2.480704,08:30:00,2024-05-28
202400018563,17:00,Plein jour,30,30228,1,1,1,1.0,D979,43.925266,4.394033,17:00:00,2024-08-02
202400018564,19:00,Plein jour,92,92073,2,1,1,3.0,ROUSSEAU (RUE JEAN-JACQUES),48.86443209,2.22054309,19:00:00,2024-05-28
202400018565,11:00,Plein jour,48,48146,1,1,1,7.0,départementale 986,44.332843,3.388156,11:00:00,2024-08-01
202400018566,14:10,Plein jour,92,92072,2,1,2,2.0,GRANDE RUE,48.82374,2.20894,14:10:00,2024-05-28
202400018567,20:30,Plein jour,92,92062,1,1,1,6.0,CIRCULAIRE (boulevard),48.89398933,2.23619807,20:30:00,2024-05-28
202400018568,10:00,Plein jour,35,35210,1,6,1,3.0,D29,48.147667,-1.756058,10:00:00,2024-08-01
202400018569,22:30,,92,92051,2,1,1,7.0,CHATEAU (RUE DU),48.88833392,2.26496923,22:30:00,2024-05-27
202400018570,00:20,,92,92050,2,6,1,7.0,BOULE PLACE DE LA,48.88736227,2.20035893,00:20:00,2024-05-28
202400018571,17:23,Plein jour,44,44158,1,1,1,1.0,Unknown,47.279855,-1.727139,17:23:00,2024-08-01
202400018572,20:40,Plein jour,92,92050,2,2,1,6.0,THOREZ MAURICE RUE,48.89413522,2.19582313,20:40:00,2024-05-27
202400018573,10:10,Plein jour,971,97115,1,1,2,1.0,"Nationale 02, La Boucan",16.278918,-61.667311,10:10:00,2024-08-02
202400018574,16:30,Plein jour,92,92050,2,9,2,3.0,LONGUES RAIES RUE DES,48.89423985,2.22983873,16:30:00,2024-05-27
202400018575,11:00,Plein jour,92,92048,2,1,3,7.0,COLONEL MORAINE (ROUTE DU),48.7909417,2.22057366,11:00:00,2024-05-28
202400018576,15:00,Plein jour,33,33535,1,6,1,7.0,Unknown,44.834798,-0.479697,15:00:00,2024-08-01
202400018577,18:30,Plein jour,92,92044,2,1,1,3.0,VIC. HUGO(RUE)091A113 ET 112A146,48.89692259,2.29560748,18:30:00,2024-05-27
202400018578,14:43,Plein jour,44,44020,2,6,1,3.0,Rue de la Croix Jeannette,47.17268968,-1.62177551,14:43:00,2024-08-01
202400018579,00:50,,45,45024,1,1,2,7.0,D2152 PR 81 + 480,47.803933,1.661769,00:50:00,2024-07-12
202400018580,01:20,,92,92036,2,3,1,3.0,PRINCIPALE DU PORT (ROUTE) (2>S/SA15),48.93798385,2.27864557,01:20:00,2024-05-28
202400018581,09:30,Plein jour,92,92025,2,1,1,1.0,MONTS CLAIRS (AV VILLA RUE),48.91879852,2.25611127,09:30:00,2024-05-28
202400018582,18:45,Plein jour,34,34004,1,2,7,1.0,D176,43.347402,2.858741,18:45:00,2024-08-01
202400018583,16:45,Plein jour,92,92024,2,2,8,3.0,GENERAL LECLERC (BD DU) (9 A 59)   (4 A,48.90081651,2.31599987,16:45:00,2024-05-28
202400018584,19:30,Plein jour,84,84064,1,1,1,7.0,D204,44.316571,4.707545,19:30:00,2024-07-05
202400018585,09:00,Plein jour,92,92024,2,1,1,3.0,JEAN JAURES (BD) DE (1 A 45)   (2 A 54),48.89711,2.30898,09:00:00,2024-05-28
202400018586,10:33,Plein jour,83,83146,2,1,2,1.0,Route de Saint Julien,43.64526484,5.92860519,10:33:00,2024-07-21
202400018587,18:50,Plein jour,05,05178,1,1,1,7.0,Impasse du Roussi,44.380695,5.911299,18:50:00,2024-08-01
202400018588,17:55,Plein jour,92,92024,2,3,1,3.0,MARTRE (RUE) DE (59 A 109)   (58 A 120),48.90211267,2.3070277,17:55:00,2024-05-27
202400018589,20:30,Crépuscule,21,21194,1,1,7,1.0,D974,47.0839,4.898921,20:30:00,2024-08-01
202400018590,17:40,Plein jour,92,92012,2,2,2,6.0,GALLIENI (RUE) 159/FIN,48.83507126,2.22803736,17:40:00,2024-05-28
202400018591,21:45,,68,68154,2,9,2,3.0,Rue de Sausheim,47.765364,7.359874,21:45:00,2024-08-01
202400018592,08:00,Plein jour,86,86092,2,6,1,3.0,Route de Descartes,46.928104,0.603545,08:00:00,2024-05-27
202400018593,20:00,Nuit sans éclairage,973,97353,2,1,1,7.0,Route de Sophie,3.646826,-54.027974,20:00:00,2024-05-28
202400018594,16:30,Plein jour,67,67081,2,1,1,6.0,32 Rue Principale,48.58453,7.506482,16:30:00,2024-07-31
202400018595,16:31,Plein jour,16,16090,1,1,2,1.0,Unknown,45.58695894,-0.01127064,16:31:00,2024-05-29
202400018596,14:30,Plein jour,73,73094,1,1,7,1.0,D71A Route des saisies,45.79619259,6.52833939,14:30:00,2024-08-01
202400018597,16:50,Plein jour,65,65301,1,1,1,6.0,2 Rue de l’Arros,43.296839,0.204685,16:50:00,2024-05-28
202400018598,22:50,Nuit sans éclairage,38,38085,1,1,1,7.0,Départementale 24A,45.73999,5.16542,22:50:00,2024-07-28
202400018599,12:45,Plein jour,03,03025,1,1,1,1.0,A 79 au PR 36+000,46.482272,3.332971,12:45:00,2024-05-29
202400018600,20:55,Crépuscule,44,44052,1,6,1,7.0,Les Prauds,47.318912,-2.048972,20:55:00,2024-08-01
202400018601,14:30,Plein jour,19,19113,2,3,1,7.0,D108,45.42043933,2.3299906,14:30:00,2024-05-27
202400018602,06:04,Crépuscule,44,44026,1,1,1,3.0,Route de Paris,47.28083,-1.456933,06:04:00,2024-07-30
202400018603,16:45,Plein jour,82,82112,1,1,1,6.0,Route de Laujol,44.145585,1.104684,16:45:00,2024-05-28
202400018604,17:10,Plein jour,65,65129,2,3,1,5.0,Route de Toulouse,43.294793,0.512318,17:10:00,2024-05-28
202400018605,21:34,Crépuscule,22,22282,1,1,3,6.0,D19,48.597873,-2.248324,21:34:00,2024-07-25
202400018606,21:20,,11,11255,2,9,1,1.0,Unknown,43.188802,2.928184,21:20:00,2024-05-28
202400018607,09:15,Plein jour,63,63210,1,1,2,1.0,lieu dit arbalesse,45.928513,3.354408,09:15:00,2024-05-29
202400018608,09:00,Plein jour,59,59249,2,6,2,3.0,Place Alfred Derigny,50.016854,4.039965,09:00:00,2024-08-01
202400018609,18:16,Plein jour,49,49218,1,2,8,3.0,D134,47.279688,-1.032683,18:16:00,2024-05-28
202400018610,20:18,Plein jour,13,13213,1,1,1,3.0,A507 sens Aubagne- Marseille,43.32972,5.41298,20:18:00,2024-07-31
202400018611,12:15,Plein jour,68,68062,2,3,2,3.0,1 Route de Hirtzbach,47.61238275,7.21697962,12:15:00,2024-05-29
202400018612,06:30,Plein jour,69,69382,2,1,8,6.0,Route de Métropole 7  ,45.74718,4.82958,06:30:00,2024-07-17
202400018613,15:05,Plein jour,22,22055,2,1,1,6.0,Quai Jean Bart,48.601506,-2.821823,15:05:00,2024-05-28
202400018614,18:00,Plein jour,39,39101,2,3,1,3.0,57 Rue de Damparis,47.101903,5.433781,18:00:00,2024-05-28
202400018615,09:50,Plein jour,31,31468,1,1,1,6.0,D36,43.261937,0.853844,09:50:00,2024-05-28
202400018616,17:00,Plein jour,01,01049,1,1,2,4.0,A432N 9.900 A 11.118,45.83952,5.01817,17:00:00,2024-07-12
202400018617,04:00,,33,33143,1,1,1,6.0,Unknown,44.95657126,-0.45088238,04:00:00,2024-08-01
202400018618,14:45,Plein jour,84,84017,1,2,1,3.0,Départementale 974,44.121206,5.213281,14:45:00,2024-05-28
202400018619,15:10,Plein jour,59,59009,1,4,1,2.0,ROUTE NATIONALE 227,50.62862,3.13851,15:10:00,2024-07-29
202400018620,10:40,Plein jour,84,84020,1,1,1,5.0,D900,43.865738,5.309047,10:40:00,2024-05-29
202400018621,16:45,Plein jour,91,91645,1,1,1,2.0,AUTOROUTE A86,48.76010143,2.25844743,16:45:00,2024-08-01
202400018622,10:45,Plein jour,66,66137,2,1,1,6.0,avenue de france,42.464464,2.863124,10:45:00,2024-05-29
202400018623,20:30,Plein jour,05,05045,1,2,1,3.0,route nationale 94,44.534787,6.466763,20:30:00,2024-05-28
202400018624,07:35,Plein jour,92,92002,1,1,2,4.0,AUTOROUTE A86,48.76346833,2.30949283,07:35:00,2024-08-01
202400018625,18:00,Plein jour,64,64216,1,2,1,3.0,D940,43.247493,-0.166115,18:00:00,2024-05-28
202400018626,12:40,Plein jour,92,92051,1,1,7,2.0,RN13,48.88384066,2.26309334,12:40:00,2024-08-01
202400018627,18:20,Plein jour,36,36088,1,1,2,6.0,Unknown,46.96449305,1.99130416,18:20:00,2024-05-29
202400018628,16:50,Plein jour,92,92050,1,1,1,6.0,A86,48.90222912,2.20338204,16:50:00,2024-07-31
202400018629,17:35,Plein jour,07,07198,1,1,3,1.0,D86,44.77925831,4.76321416,17:35:00,2024-05-27
202400018630,18:25,Plein jour,93,93027,1,1,1,3.0,BDL,48.93399243,2.38993411,18:25:00,2024-08-01
202400018631,02:00,Nuit sans éclairage,24,24291,2,1,1,6.0,Avenue du Chambon,45.072481,1.169486,02:00:00,2024-05-27
202400018632,07:36,Crépuscule,37,37045,1,1,8,6.0,Le Grignon,47.00372043,0.64335734,07:36:00,2024-05-29
202400018633,15:10,Plein jour,93,93051,1,1,1,2.0,A4,48.83494286,2.58003118,15:10:00,2024-07-31
202400018634,14:30,Plein jour,19,19085,1,1,8,6.0,Unknown,45.30580847,1.82465649,14:30:00,2024-05-29
202400018635,22:36,Nuit sans éclairage,77,77058,1,1,1,5.0,A4,48.82869,2.727936,22:36:00,2024-07-28
202400018636,08:00,Plein jour,06,06088,1,1,1,3.0,93 Avenue Joseph Raybaud,43.733391,7.284011,08:00:00,2024-05-29
202400018637,02:00,Nuit sans éclairage,32,32119,2,1,1,6.0,43 avenue des fleurs,43.850881,0.104241,02:00:00,2024-03-18
202400018638,15:20,Plein jour,11,11145,1,1,1,6.0,D1118 PR27,43.195978,3.171701,15:20:00,2024-05-27
202400018639,15:15,Plein jour,976,97611,2,1,1,6.0,mgombani-Mahabou (rue de ),45.23233,-12.78381,15:15:00,2024-07-31
202400018640,00:50,Nuit sans éclairage,987,98722,1,1,1,1.0,PK 36 C/montagne - RT 2 -,-17.56136486,-149.32625771,00:50:00,2024-05-28
202400018641,00:55,,13,13007,2,1,1,1.0,D560,43.371583,5.666137,00:55:00,2024-04-20
202400018642,10:45,Plein jour,13,13027,2,1,1,1.0,D571,43.889078,4.841366,10:45:00,2024-05-29
202400018643,16:35,Plein jour,13,13059,1,1,1,2.0,D96,43.630643,5.512514,16:35:00,2024-05-28
202400018644,11:55,Plein jour,57,57654,1,1,1,3.0,D603,49.11599,6.363168,11:55:00,2024-05-28
202400018645,12:00,Plein jour,42,42005,2,1,1,3.0,Rue des Bullieux,45.52874668,4.27190758,12:00:00,2024-05-29
202400018646,01:50,Nuit sans éclairage,22,22162,2,6,1,6.0,Rue Raymond Pellier,48.767363,-3.039844,01:50:00,2024-05-29
202400018647,09:30,Plein jour,76,76276,2,2,2,6.0,rue de la république,49.612809,1.545618,09:30:00,2024-05-29
202400018648,22:12,Nuit sans éclairage,13,13216,1,1,1,6.0,A55-Sens Marseille vers Martigues,43.34756713,5.34483846,22:12:00,2024-05-27
202400018649,18:00,Plein jour,01,01275,1,1,1,5.0,A46N 25.180 A 25.680,45.80724,4.92122,18:00:00,2024-05-23
202400018650,15:00,Plein jour,54,54150,1,1,1,6.0,Autoroute A 31,48.79257868,6.11936331,15:00:00,2024-05-27
202400018651,12:30,Plein jour,33,33162,1,1,1,7.0,Unknown,44.876769,-0.632533,12:30:00,2024-05-27
202400018652,18:20,Plein jour,95,95500,1,1,1,4.0,A15,49.03692211,2.0927061,18:20:00,2024-05-28
202400018653,07:40,Plein jour,95,95277,1,1,1,4.0,D170,48.97345195,2.49067783,07:40:00,2024-05-28
202400018654,17:40,Plein jour,95,95351,1,1,3,2.0,N104,49.03028809,2.49648562,17:40:00,2024-05-27
202400018655,13:15,Plein jour,94,94052,1,1,2,4.0,A86,48.84320967,2.49265332,13:15:00,2024-05-28
202400018656,15:20,Plein jour,88,88383,2,1,3,6.0,rue des etats unis,48.016377,6.58298,15:20:00,2024-02-22
202400018657,18:35,,88,88383,2,1,1,2.0,Boulevard Thiers,48.01757,6.5923,18:35:00,2024-02-24
202400018658,13:45,Plein jour,88,88131,1,3,1,3.0,route départementale 44 ,48.167746,6.655741,13:45:00,2024-01-11
202400018659,21:15,Nuit sans éclairage,45,45093,1,1,8,3.0,A10 PR 84 + 350,48.02781233,1.8408267,21:15:00,2024-02-24
202400018660,13:20,Plein jour,987,98735,2,9,1,2.0,MISSION (QUARTIER),-17.54207979,-149.55620313,13:20:00,2024-05-27
202400018661,08:15,Plein jour,974,97411,2,1,1,6.0,RUISSEAU BLANC (CHEMIN DU),-20.89468,55.41257,08:15:00,2024-05-27
202400018662,06:00,Nuit sans éclairage,974,97407,1,9,1,3.0,BOUVET (AVENUE),-20.95293,55.29516,06:00:00,2024-05-27
202400018663,20:12,Plein jour,69,69388,2,2,1,3.0,Avenue Jean Mermoz,45.73215,4.88294,20:12:00,2024-05-27
202400018664,13:25,Plein jour,91,91589,2,1,8,6.0,BD ARISTIDE BRIAND,48.683119,2.344454,13:25:00,2024-05-27
202400018665,20:46,Plein jour,91,91286,2,1,8,6.0,SURCOUF (SQUARE),48.6553,2.3961,20:46:00,2024-05-26
202400018666,16:20,Plein jour,91,91521,2,1,1,6.0,CHAMPS (AVENUE DES),48.65108,2.4208,16:20:00,2024-05-27
202400018667,18:00,Plein jour,84,84007,2,1,2,4.0,CHARLES DE GAULLE,43.9377,4.832,18:00:00,2024-05-27
202400018668,13:10,Plein jour,78,78029,2,2,1,3.0,VICTOR HUGO (BOULEVARD),48.972492,1.843797,13:10:00,2024-05-26
202400018669,01:52,,77,77350,2,6,1,1.0,AV DU GENERAL LECLERC,48.7642,2.67248,01:52:00,2024-05-28
202400018670,19:15,Plein jour,76,76552,2,4,1,7.0,ALBERT DUBOSC,49.507454,0.083579,19:15:00,2024-05-24
202400018671,09:50,Plein jour,76,76447,2,1,1,1.0,BELLE ETOILE (AV DE LA),49.533079,0.1873,09:50:00,2024-05-27
202400018672,17:35,Plein jour,76,76351,2,3,1,2.0,BOIS AU COQ (AVENUE),49.515931,0.120455,17:35:00,2024-05-25
202400018673,16:20,Plein jour,76,76351,2,3,1,3.0,SEIZIEME PORT (AVENUE DU),49.48271,0.16213,16:20:00,2024-05-25
202400018674,20:25,Plein jour,65,65440,2,3,1,1.0,Avenue Aristide Briand,43.21856,0.05767,20:25:00,2024-05-27
202400018675,19:55,Crépuscule,64,64335,1,9,1,1.0,D945,43.35464,-0.44054,19:55:00,2024-05-27
202400018676,18:45,Plein jour,64,64122,2,1,1,6.0,EDOUARD VII (AVENUE),43.48376,-1.55842,18:45:00,2024-05-26