Num_Acc,hrmn,lum,dep,com,agg,int,atm,col,adr,lat,long,heure,date
202400018677,05:00,,64,64024,1,1,1,7.0,ETCHECOPAR (ALLEE),43.46383,-1.52369,05:00:00,2024-05-26
202400018678,16:30,Plein jour,63,63113,2,6,1,1.0,BENNETT (RUE GORDON),45.7889583,3.08021128,16:30:00,2024-05-27
202400018679,14:35,Plein jour,63,63113,2,1,8,6.0,JULIEN (AVENUE),45.77383,3.07558,14:35:00,2024-05-27
202400018680,07:35,Plein jour,62,62041,2,2,1,6.0,Rue Désiré Delansorne,50.28948383,2.77497777,07:35:00,2024-05-27
202400018681,11:40,Plein jour,59,59350,2,3,1,4.0,Place des Buisses,50.63696,3.06993,11:40:00,2024-05-27
202400018682,09:30,Plein jour,59,59343,1,1,1,1.0,BRIZON PIERRE RUE,50.59419,3.12364,09:30:00,2024-05-27
202400018683,10:30,Plein jour,58,58194,2,3,1,3.0,PETIT MOUESSE,46.98915,3.17099,10:30:00,2024-05-27
202400018684,12:44,Plein jour,54,54323,1,6,1,2.0,D618,49.5175378,5.74823678,12:44:00,2024-05-27
202400018685,09:45,Plein jour,49,49007,2,1,1,2.0,PONTS DE CE,47.45796,-0.5443,09:45:00,2024-05-26
202400018686,15:25,Plein jour,47,47001,2,1,1,3.0,DENFERT ROCHEREAU (RUE),44.20289,0.62607,15:25:00,2024-05-27
202400018687,22:40,,46,46042,2,1,1,1.0,GAMBETTA (BOULEVARD LEON) N°IMPAIR,44.45127,1.44006,22:40:00,2024-05-25
202400018688,21:35,,45,45075,2,2,1,3.0,D2152 PR 76 + 1206,47.89279948,1.84676985,21:35:00,2024-05-27
202400018689,13:50,Plein jour,42,42095,2,1,1,2.0,Rue Dorian,45.39035,4.27946,13:50:00,2024-05-27
202400018690,11:24,Plein jour,41,41226,1,2,1,3.0,PARIS (ROUTE DE),47.80447,1.0713,11:24:00,2024-05-27
202400018691,02:00,,35,35238,2,1,1,6.0,CHEVREL (ROGER),48.08917,-1.66835,02:00:00,2024-05-27
202400018692,21:35,,34,34172,2,2,1,3.0,EINSTEIN (AVENUE ALBERT,43.61049,3.91479,21:35:00,2024-05-27
202400018693,19:35,Plein jour,34,34032,1,1,1,1.0,DOMAINE LA CREMADE (RD.37E),43.31199,3.21892,19:35:00,2024-05-24
202400018694,08:28,Plein jour,29,29232,2,1,2,1.0,Avenue des Oiseaux,47.991438,-4.125973,08:28:00,2024-05-27
202400018695,07:50,Plein jour,28,28134,2,3,1,3.0,Unknown,48.74933,1.38587,07:50:00,2024-05-27
202400018696,08:15,Plein jour,25,25056,2,3,1,3.0,DOLE RUE DE (inf 82),47.23394,6.00671,08:15:00,2024-05-27
202400018697,22:00,Crépuscule,22,22187,2,9,1,6.0,Martin Plage (rue de ),48.54911,-2.73329,22:00:00,2024-05-27
202400018698,17:54,Plein jour,22,22106,2,1,1,6.0,VERNE (RUE JULES),48.49648,-2.72694,17:54:00,2024-05-23
202400018699,11:30,Plein jour,22,22113,2,1,1,6.0,MARECHAL FOCH (QUAI DU),48.73137,-3.46452,11:30:00,2024-05-27
202400018700,09:15,Plein jour,14,14117,2,2,1,3.0,4 Avenue de la Dives,49.293167,-0.110542,09:15:00,2024-05-27
202400018701,07:50,Plein jour,13,13071,1,1,1,1.0,PLAN DE CAMPAGNE (AVE. DE ),43.41389,5.34517,07:50:00,2024-05-27
202400018702,21:30,Crépuscule,75,75116,2,1,1,2.0,BD PERIPHERIQUE EXTERIEUR,48.848871,2.252658,21:30:00,2024-05-26
202400018703,10:23,Plein jour,93,93070,2,1,1,6.0,DOCTEUR BAUER(RUE DU) :NÂ°  75 AU 129,48.90705065,2.34186983,10:23:00,2024-10-11
202400018704,06:15,Plein jour,75,75120,2,1,1,3.0,BD PERIPHERIQUE EXTERIEUR,48.860805,2.414057,06:15:00,2024-05-25
202400018705,08:30,Plein jour,76,76351,1,1,1,1.0,RD 6382,49.52505,0.18132,08:30:00,2024-07-30
202400018706,21:35,Nuit sans éclairage,75,75111,2,3,1,6.0,RUE POPINCOURT,48.86012,2.37557,21:35:00,2024-05-25
202400018707,20:15,Plein jour,76,76069,2,1,1,6.0,35 Route de Paris,49.37076702,1.12709475,20:15:00,2024-07-22
202400018708,21:35,,75,75119,2,4,1,3.0,RUE PETIT,48.885321,2.385205,21:35:00,2024-05-27
202400018709,18:22,Plein jour,17,17415,2,1,1,6.0,FLANDRES RUE DES,45.73315,-0.61448,18:22:00,2024-10-11
202400018710,00:30,,75,75116,2,2,1,3.0,AVENUE DE L HIPPODROME,48.858558,2.244931,00:30:00,2024-05-27
202400018711,07:05,Plein jour,75,75113,2,2,1,6.0,RUE JEAN COLLY,48.82799,2.369401,07:05:00,2024-05-27
202400018712,21:40,,92,92025,2,1,1,3.0,VALMY 1 A 53   2 A 66 (BD DE),48.9264,2.2531,21:40:00,2024-10-10
202400018713,11:40,Plein jour,75,75110,2,1,1,6.0,BOULEVARD DE LA VILLETTE,48.877033,2.37113,11:40:00,2024-05-27
202400018714,07:13,Plein jour,74,74008,2,1,1,6.0,SANGNIER (RUE MARC),46.1968,6.21984,07:13:00,2024-08-12
202400018715,20:43,Crépuscule,75,75101,2,3,1,6.0,RUE SAINT DENIS,48.861878,2.34923,20:43:00,2024-05-27
202400018716,19:59,,987,98736,2,1,1,3.0,TUTERAI TANE (RUE)-PIRAE,-17.535596,-149.538053,19:59:00,2024-10-11
202400018717,17:00,Plein jour,94,94028,2,6,1,3.0,Rue de Paris / Rue des Mèches,48.793625,2.460949,17:00:00,2024-05-26
202400018718,12:35,Plein jour,974,97416,1,1,1,3.0,LAMBRIQUET JOSEPH(RUE),-21.33079,55.48085,12:35:00,2024-10-12
202400018719,22:00,,94,94028,2,1,1,4.0,Avenue du Maréchal Foch,48.78072,2.43776,22:00:00,2024-05-25
202400018720,04:40,Nuit sans éclairage,94,94019,2,1,8,6.0,Avenue de l’Hippodrome,48.792826,2.557123,04:40:00,2024-05-27
202400018721,10:55,Plein jour,974,97416,2,1,1,2.0,BANK (BOULEVARD),-21.3314,55.47732,10:55:00,2024-10-12
202400018722,08:21,Plein jour,94,94018,2,6,1,3.0,Quai des Carrieres / Rue Victor Hugo,48.81844,2.41086,08:21:00,2024-05-27
202400018723,00:30,Nuit sans éclairage,974,97411,1,1,1,6.0,POINSETIAS (CHEMIN DES),-20.8998,55.416,00:30:00,2024-10-13
202400018724,17:25,Plein jour,93,93055,2,1,1,4.0,Rue Denis Papin,48.902304,2.397699,17:25:00,2024-05-27
202400018725,09:30,Plein jour,974,97411,1,1,1,6.0,DOMENJOD (ROUTE DE),-20.91403,55.50721,09:30:00,2024-10-12
202400018726,15:43,Plein jour,93,93074,2,3,3,3.0,Rue de Meaux / Rue Ronsard,48.9358543,2.57567167,15:43:00,2024-05-27
202400018727,07:50,Plein jour,93,93079,2,9,8,3.0,Avenue de la Division Leclerc,48.94952636,2.34228551,07:50:00,2024-05-27
202400018728,21:40,Nuit sans éclairage,974,97411,1,1,1,2.0,LITTORAL (ROUTE 1 DU),-20.87806,55.4053,21:40:00,2024-10-11
202400018729,21:00,Plein jour,93,93014,2,3,1,3.0,Allée Albert Camus / Avenue Jean Moulin,48.90653663,2.55743911,21:00:00,2024-05-25
202400018730,16:25,Plein jour,974,97407,2,3,1,3.0,CIMENDEF(RUE),-20.935429,55.306416,16:25:00,2024-10-11
202400018731,20:00,Plein jour,93,93005,2,2,1,3.0,Rue de Sevran / Route de Mitry,48.940238,2.502212,20:00:00,2024-05-27
202400018732,11:55,Plein jour,93,93001,2,1,1,3.0,Boulevard Anatole France,48.917659,2.382033,11:55:00,2024-05-27
202400018733,13:20,Plein jour,973,97302,2,2,1,3.0,COLOMB (CHRISTOPHE),4.93874436,-52.32913944,13:20:00,2024-10-12
202400018734,17:41,Plein jour,92,92050,2,6,1,1.0,BOULE PLACE DE LA,48.88716956,2.19993263,17:41:00,2024-05-27
202400018735,07:45,Plein jour,973,97302,2,1,1,6.0,RABAN (ROUTE DE),4.91814,-52.31274,07:45:00,2024-10-12
202400018736,17:27,Plein jour,92,92048,2,1,1,6.0,GARDES (ROUTE DES) N° 5 A 51,48.81878969,2.24104571,17:27:00,2024-05-24
202400018737,07:45,Crépuscule,69,69387,2,1,1,6.0,Rue Croix-Barret,45.73687,4.84748,07:45:00,2024-10-12
202400018738,05:50,Plein jour,92,92004,2,6,8,1.0,GALLIENI ( RUE ),48.90906082,2.28673629,05:50:00,2024-05-27
202400018739,07:40,Plein jour,34,34202,2,1,1,1.0,Avenue du General Grollier,43.585788,3.771417,07:40:00,2024-05-28
202400018740,17:50,Crépuscule,972,97209,2,1,1,6.0,AVE CAMILLE DARSIERES,14.60153,-61.05711,17:50:00,2024-10-11
202400018741,18:45,Plein jour,60,60369,1,1,1,6.0,D13,49.347801,2.699804,18:45:00,2024-05-28
202400018742,14:00,Plein jour,09,09289,2,9,8,1.0,RD117,43.014546,1.110108,14:00:00,2024-05-27
202400018743,20:41,Nuit sans éclairage,2B,2B033,2,4,1,1.0,FAVALE - COURS,42.69393,9.45025,20:41:00,2024-10-12
202400018744,15:20,Plein jour,60,60296,1,1,2,3.0,D930,49.517742,1.821671,15:20:00,2024-05-28
202400018745,00:40,Nuit sans éclairage,66,66217,1,1,1,2.0,Unknown,42.60677,2.852669,00:40:00,2024-05-28
202400018746,16:50,Plein jour,62,62621,2,1,1,6.0,Rue des Clittes,50.876154,2.006561,16:50:00,2024-05-27
202400018747,12:00,Plein jour,971,97113,2,1,1,3.0,MONTAUBAN (SECTEUR),16.21621,-61.50363,12:00:00,2024-10-12
202400018748,19:00,Plein jour,67,67534,2,3,1,1.0,Rue des Vergers,48.749357,7.507541,19:00:00,2024-05-28
202400018749,13:00,Plein jour,971,97105,2,1,1,6.0,GOUVERNEUR DU LYON (AVE),16.00245,-61.73819,13:00:00,2024-10-11
202400018750,13:30,Plein jour,54,54011,1,1,1,3.0,D29,49.5145194,5.58979869,13:30:00,2024-05-25
202400018751,10:45,Plein jour,14,14061,1,1,1,7.0,Les Bessardières (Campeaux),48.958193,-0.903636,10:45:00,2024-05-26
202400018752,22:00,,2A,2A004,2,3,1,3.0,#5 Cours Napoléon#,41.920466,8.737058,22:00:00,2024-10-12
202400018753,17:10,Plein jour,34,34036,1,1,1,6.0,A75 pk 280+373,43.689869,3.352064,17:10:00,2024-05-27
202400018754,23:16,,91,91161,2,1,1,2.0,AV MAZARIN,48.70506,2.3154,23:16:00,2024-10-12
202400018755,03:45,Nuit sans éclairage,51,51612,1,4,1,6.0,D38,48.95522431,3.99611319,03:45:00,2024-05-26
202400018756,16:33,Plein jour,59,59037,1,1,3,7.0,D97,50.182922,3.364696,16:33:00,2024-05-27
202400018757,19:35,Crépuscule,65,65284,2,9,2,6.0,"43.184572 , 0.013735",43.184057,0.013486,19:35:00,2024-05-27
202400018758,16:00,Plein jour,91,91345,2,1,1,6.0,RUE DU DOCTEUR ROUX,48.6902,2.29672,16:00:00,2024-10-11
202400018759,18:00,Plein jour,69,69248,1,3,1,3.0,Route Départementale 308,46.01808933,4.3148394,18:00:00,2024-05-28
202400018760,20:20,,91,91479,2,3,1,3.0,AV DE VERDUN,48.70575,2.36626,20:20:00,2024-10-12
202400018761,16:00,Plein jour,71,71254,1,2,1,3.0,D118,46.916741,5.248868,16:00:00,2024-05-28
202400018762,15:00,Plein jour,12,12294,1,1,2,6.0,La Franquèse,44.238358,2.880821,15:00:00,2024-05-27
202400018763,05:00,,88,88160,2,1,1,1.0,BESONFOSSE (RUE DE),48.14626,6.46087,05:00:00,2024-10-12
202400018764,16:55,Plein jour,41,41161,2,1,1,2.0,45 Rue Saint-Marc,47.543117,2.033792,16:55:00,2024-05-28
202400018765,18:00,Plein jour,86,86009,1,1,1,1.0,Lieu dit le chateau d'eau,46.678121,0.669669,18:00:00,2024-05-28
202400018766,01:00,Nuit avec éclairage,86,86097,2,3,1,6.0,Rue Saint Hilaire,46.321939,0.394086,01:00:00,2024-05-28
202400018767,23:35,,84,84007,1,3,2,3.0,LUCIE AUBRAC (RUE),43.92041,4.8896,23:35:00,2024-10-11
202400018768,16:00,Plein jour,34,34079,1,4,1,2.0,"D156e4 - Lieu dit "" les bories""",43.640563,3.412457,16:00:00,2024-05-28
202400018769,10:04,Plein jour,39,39285,1,1,1,7.0,Unknown,47.145977,5.64164,10:04:00,2024-05-26
202400018770,18:50,,83,83137,2,3,2,6.0,JANVIER (RUE),43.13424,5.91349,18:50:00,2024-10-12
202400018771,09:45,Plein jour,31,31377,1,1,1,3.0,RD25,43.429237,1.723824,09:45:00,2024-05-10
202400018772,15:30,Plein jour,83,83137,2,9,1,6.0,REVEL (RUE),43.12612,5.92881,15:30:00,2024-10-12
202400018773,09:05,Plein jour,31,31107,2,1,1,1.0,20 Route de Lafitte,43.296257,1.206785,09:05:00,2024-05-28
202400018774,13:45,Plein jour,01,01024,1,3,7,3.0,Route de Montrevel,46.293597,5.155656,13:45:00,2024-05-28
202400018775,19:10,Plein jour,90,90088,2,3,1,3.0,Av du General Charles de Gaulle,47.731005,6.845864,19:10:00,2024-05-27
202400018776,22:45,,77,77307,2,9,1,7.0,D934,48.87803725,2.74691843,22:45:00,2024-10-11
202400018777,18:21,Plein jour,60,60030,1,1,2,3.0,D927,49.347945,2.096812,18:21:00,2024-05-27
202400018778,17:40,Plein jour,72,72181,2,3,1,3.0,LECLERC GENERAL (AV) PAIRS DE 2 A 68,47.9993,0.1958,17:40:00,2024-10-11
202400018779,23:43,,71,71270,2,1,2,6.0,LAMARTINE (QUAI),46.3029,4.83294,23:43:00,2024-10-13
202400018780,10:30,Plein jour,45,45307,1,1,1,5.0,D146 PR 2 + 600,48.09378,2.90545,10:30:00,2024-05-28
202400018781,16:45,Plein jour,71,71270,2,3,1,1.0,HERITAN (RUE DE L'),46.309,4.82888,16:45:00,2024-10-11
202400018782,14:30,Plein jour,64,64495,1,1,2,1.0,D4,43.306248,-1.523194,14:30:00,2024-05-27
202400018783,13:50,Plein jour,71,71270,2,6,1,6.0,NEUF CLES (BOULEVARD DES),46.30872,4.82033,13:50:00,2024-10-11
202400018784,04:50,Nuit sans éclairage,18,18054,2,1,1,7.0,5 Route de Nerondes,46.89818,2.747999,04:50:00,2024-05-28
202400018785,17:00,Plein jour,18,18080,1,1,1,7.0,Unknown,46.934895,2.832043,17:00:00,2024-05-27
202400018786,01:23,,64,64102,2,1,1,2.0,AQUITAINE (AVENUE DE L'),43.48639,-1.46698,01:23:00,2024-10-13
202400018787,12:20,Plein jour,36,36181,1,1,1,3.0,Unknown,46.843555,2.023271,12:20:00,2024-05-28
202400018788,20:03,,64,64140,2,3,1,1.0,GAULLE (AV CHARLES DE),43.5287,-1.47842,20:03:00,2024-10-12
202400018789,19:15,Plein jour,40,40271,1,1,1,1.0,7288 route des barthes,43.528327,-1.225373,19:15:00,2024-05-27
202400018790,15:00,Plein jour,63,63224,2,1,1,6.0,GARENNES (RUE LES),45.87037707,3.12071264,15:00:00,2024-10-12
202400018791,03:30,Nuit sans éclairage,13,13051,1,1,1,3.0,D113,43.592561,5.109276,03:30:00,2024-05-28
202400018792,00:20,Nuit sans éclairage,63,63113,2,2,1,3.0,André Theuriet / av des Cottages,45.7649,3.0792,00:20:00,2024-10-13
202400018793,06:20,Crépuscule,01,01142,1,1,1,2.0,A42 PK 018+300,45.852284,5.093869,06:20:00,2024-05-25
202400018794,21:10,,59,59286,2,3,2,3.0,CARNOT SADI RUE,50.6121,2.99984,21:10:00,2024-10-12
202400018795,15:50,Plein jour,18,18089,1,1,1,2.0,Unknown,46.57203636,2.53453456,15:50:00,2024-05-27
202400018796,16:10,Plein jour,54,54357,2,1,1,2.0,Avenue de Metz,48.72199496,6.17220551,16:10:00,2024-10-12
202400018797,10:55,Plein jour,51,51147,1,1,1,7.0,Autoroute A4,49.030113,4.480652,10:55:00,2024-05-27
202400018798,16:55,Plein jour,54,54547,2,1,1,3.0,Rue de Norvège,48.6661,6.18233,16:55:00,2024-10-11
202400018799,17:55,Crépuscule,54,54395,2,5,1,3.0,Boulevard Lobau,48.69171576,6.19274318,17:55:00,2024-10-11
202400018800,11:30,Plein jour,76,76457,1,1,1,3.0,A13,49.338211,0.975788,11:30:00,2024-05-26
202400018801,11:40,Plein jour,46,46042,2,1,1,6.0,ORMEAUX (COTE DES),44.46633,1.4284,11:40:00,2024-10-12
202400018802,06:50,Plein jour,974,97418,1,1,1,3.0,N2,-20.902748,55.551885,06:50:00,2024-05-27
202400018803,10:30,Plein jour,45,45274,1,1,1,2.0,D951 PR 87 + 446,47.87179,1.94965,10:30:00,2024-10-12
202400018804,18:39,Plein jour,18,18133,2,1,1,1.0,20 Route de Bourges,46.94478,2.274983,18:39:00,2024-05-28
202400018805,07:35,Plein jour,38,38185,2,1,1,1.0,JEUX OLYMPIQUES (AVENUE DES),45.17519,5.74691,07:35:00,2024-10-12
202400018806,00:20,Nuit sans éclairage,37,37122,2,1,1,6.0,RD 127 ROUTE DES MAISONS NEUVES,47.31012,0.67813,00:20:00,2024-10-13
202400018807,12:15,Plein jour,66,66008,2,1,1,3.0,17 Chemin de Palau,42.55263,3.015559,12:15:00,2024-05-28
202400018808,19:10,,34,34172,2,1,2,3.0,MONTELS L' EGLISE (RUE DE),43.578191,3.876526,19:10:00,2024-10-12
202400018809,20:30,,33,33032,1,1,1,7.0,Unknown,44.90636,-0.53012,20:30:00,2024-10-12
202400018810,18:32,Plein jour,83,83065,1,6,1,5.0,Route Departementale 98a,43.26173,6.586186,18:32:00,2024-05-28
202400018811,10:30,Plein jour,33,33318,2,1,1,6.0,Unknown,44.797864,-0.644475,10:30:00,2024-10-12
202400018812,10:30,Plein jour,13,13107,2,1,1,1.0,Avenue Roger Guigon,43.429393,5.437422,10:30:00,2024-05-28
202400018813,17:30,Plein jour,74,74250,1,1,1,7.0,Route de delairaz,46.037038,6.386608,17:30:00,2024-04-08
202400018814,03:15,,33,33063,2,3,1,3.0,Unknown,44.84386,-0.57465,03:15:00,2024-10-12
202400018815,19:00,Plein jour,42,42304,1,1,1,6.0,Route de Saint-Romain,45.52989365,4.15699571,19:00:00,2024-05-28
202400018816,15:17,Plein jour,31,31555,2,1,1,4.0,33 B SESQUIERES  (PERIPH OUEST A620),43.64732797,1.42166734,15:17:00,2024-10-12
202400018817,08:45,Plein jour,38,38200,2,2,1,3.0,Rue Jules Ferry,45.086623,5.741467,08:45:00,2024-05-24
202400018818,20:39,Plein jour,80,80625,2,1,1,6.0,98 Rue Marcel Thomas,49.721705,2.545604,20:39:00,2024-05-27
202400018819,16:20,Plein jour,28,28134,1,1,8,4.0,RN 12 (ARCHE DU GAZON),48.74250729,1.3317322,16:20:00,2024-10-12
202400018820,18:40,Plein jour,59,59212,2,1,1,7.0,3 Rue Philippe de Stavèle,50.643233,2.720043,18:40:00,2024-05-26
202400018821,11:10,Plein jour,27,27306,2,1,1,2.0,CARAVELLES (RUE DES),49.00955,1.17089,11:10:00,2024-10-12
202400018822,23:40,Nuit sans éclairage,26,26198,1,1,2,6.0,Route du Teil,44.55276,4.70647,23:40:00,2024-10-12
202400018823,08:24,Plein jour,13,13106,1,1,1,3.0,A7-Sens Lyon vers Marseille,43.39529563,5.3513243,08:24:00,2024-05-23
202400018824,08:30,Plein jour,15,15014,2,1,1,6.0,Place Pierre Semard,44.92112,2.43528,08:30:00,2024-10-12
202400018825,18:10,Plein jour,13,13005,1,1,1,2.0,A501-Sens Pont de l'Etoile vers Aubagne,43.2900037,5.55273994,18:10:00,2024-05-26
202400018826,19:40,,14,14215,2,1,1,6.0,32 Rue Louis Ballière,49.18967,-0.26853,19:40:00,2024-10-12
202400018827,22:30,Nuit sans éclairage,42,42237,1,1,1,1.0,N88,45.440197,4.456135,22:30:00,2024-05-22
202400018828,18:55,Crépuscule,13,13005,2,1,1,3.0,RN 96 (ROUTE NATIONALE ),43.30825,5.57601,18:55:00,2024-10-11
202400018829,16:00,Plein jour,93,93007,1,1,8,2.0,A1,48.95255567,2.45324008,16:00:00,2024-05-27
202400018830,20:15,,13,13001,1,2,2,1.0,ENFANT (RTE DE L'),43.4801,5.39438,20:15:00,2024-10-12
202400018831,13:00,Plein jour,95,95572,1,1,1,6.0,N184,49.04618222,2.13069058,13:00:00,2024-05-27
202400018832,18:30,Crépuscule,13,13001,1,8,7,3.0,ST CANADET (ROUTE) D.13,43.59821186,5.46346559,18:30:00,2024-09-19
202400018833,11:30,Plein jour,10,10333,2,2,1,3.0,Avenue d'Echenilly,48.2793,4.0421,11:30:00,2024-10-12
202400018834,06:45,,03,03190,2,9,1,3.0,Rue du Vert Galant,46.5675,3.3279,06:45:00,2024-10-12
202400018835,04:00,,75,75116,2,1,1,5.0,BD PERIPHERIQUE EXTERIEUR,48.85464,2.254711,04:00:00,2024-10-12
202400018836,15:45,Plein jour,75,75120,2,1,1,5.0,BD PERIPHERIQUE INTERIEUR,48.847428,2.41456,15:45:00,2024-10-11
202400018837,20:30,,75,75102,2,2,1,6.0,BOULEVARD SAINT DENIS,48.869607,2.352581,20:30:00,2024-10-11
202400018838,23:59,,75,75118,2,2,1,3.0,RUE MARX DORMOY,48.890193,2.359961,23:59:00,2024-10-12
202400018839,18:30,Crépuscule,75,75117,2,2,2,2.0,RUE DE COURCELLES,48.881244,2.301064,18:30:00,2024-10-12
202400018840,00:45,,75,75116,2,2,1,1.0,ALLEE DE LA REINE MARGUERITE,48.85857,2.244855,00:45:00,2024-10-12
202400018841,19:10,,75,75115,2,2,2,3.0,RUE DE LOURMEL,48.840643,2.284242,19:10:00,2024-10-12
202400018842,17:15,Plein jour,75,75112,2,2,1,6.0,AVENUE LEDRU ROLLIN,48.846836,2.36939,17:15:00,2024-10-11
202400018843,09:50,Plein jour,75,75111,2,3,1,6.0,BOULEVARD RICHARD LENOIR,48.855854,2.381632,09:50:00,2024-10-12
202400018844,12:29,Plein jour,75,75108,2,1,3,1.0,PONT DES INVALIDES,48.86365,2.31047,12:29:00,2024-10-12
202400018845,23:25,,75,75103,2,2,1,2.0,BOULEVARD DE SEBASTOPOL,48.86199,2.35017,23:25:00,2024-10-11
202400018846,16:45,Plein jour,94,94046,2,2,1,3.0,Rue Pierre Sémard,48.80185,2.42715,16:45:00,2024-10-12
202400018847,20:05,,94,94034,2,1,2,6.0,Avenue de la Division Leclerc,48.7586,2.324229,20:05:00,2024-10-12
202400018848,22:00,,94,94054,2,3,1,3.0,Route Charles Tillon,48.73977,2.38988,22:00:00,2024-10-12
202400018849,16:20,Plein jour,94,94022,2,1,1,6.0,Avenue Gambetta,48.76358,2.40273,16:20:00,2024-10-12
202400018850,13:40,Plein jour,94,94071,2,3,1,6.0,Rue du Clos de Pacy,48.77311,2.51797,13:40:00,2024-10-12
202400018851,00:05,Nuit avec éclairage,93,93078,2,3,1,3.0,DELATTRE DE TASSIGNY (AVENUE),48.95898,2.54429,00:05:00,2024-10-12
202400018852,16:50,Plein jour,93,93064,2,1,2,2.0,DE GAULLE (AV DU GENERAL) 58/49 - FIN,48.87716561,2.48008311,16:50:00,2024-10-12
202400018853,13:10,Plein jour,93,93064,2,9,2,3.0,PERI (BOULEVARD GABRIEL)  0 - 37 / 42,48.87734892,2.47820998,13:10:00,2024-10-12
202400018854,17:44,Plein jour,93,93032,2,1,1,6.0,JEAN JAURES (AVENUE),48.88294,2.52685,17:44:00,2024-10-12
202400018855,00:10,,93,93014,2,2,1,6.0,GAGNY (ALLEE DE),48.91133,2.54966,00:10:00,2024-10-12
202400018856,11:47,Plein jour,93,93010,2,1,1,6.0,POLISSARD (RUE AUGUSTE),48.90374804,2.48122985,11:47:00,2024-10-12
202400018857,19:00,Crépuscule,92,92051,2,2,2,2.0,"ACHILLE PERETTI (AVENUE, N° 90 A 96 ET 9",48.88563368,2.263809,19:00:00,2024-10-12
202400018858,00:01,,92,92020,2,2,1,3.0,VERDUN AVENUE DE N°1 A 45,48.80382,2.28791,00:01:00,2024-10-12
202400018859,20:50,,92,92026,2,1,2,7.0,PRÉSIDENT PAUL DOUMER (QUAI DU),48.89109862,2.257742,20:50:00,2024-10-12
202400018860,18:48,,92,92026,2,1,2,3.0,MISSION MARCHAND (COTE PAIR),48.9020348,2.23977283,18:48:00,2024-10-12
202400018861,07:45,Crépuscule,72,72191,1,1,2,2.0,Route Départementale 30 - Route d'Ecommoy,47.793294,0.279508,07:45:00,2024-10-12
202400018862,23:10,Nuit sans éclairage,60,60338,1,6,1,6.0,route départementale 932A,49.37612354,2.798177,23:10:00,2024-10-12
202400018863,02:33,Nuit sans éclairage,35,35108,1,3,1,6.0,Lasjambe,47.949653,-1.400499,02:33:00,2024-10-13
202400018864,16:45,Plein jour,95,95116,1,1,1,1.0,D922,49.14395983,2.33077279,16:45:00,2024-10-11
202400018865,14:15,Plein jour,63,63379,1,1,1,7.0,D985,45.97971943,3.12805401,14:15:00,2024-10-13
202400018866,14:15,Plein jour,21,21298,1,1,8,2.0,A6,47.32681,4.484975,14:15:00,2024-10-12
202400018867,06:10,Nuit sans éclairage,87,87019,1,1,5,5.0,"A20, Point kilométrique 194.700 sens SUD - NORD",45.744287,1.34059,06:10:00,2024-10-13
202400018868,14:30,Plein jour,83,83054,1,3,1,3.0,intersection impasse des loriots et rd97,43.152507,6.03585,14:30:00,2024-10-13
202400018869,12:27,Plein jour,19,19201,1,1,1,7.0,2 Aérodrome,45.53825419,2.42718915,12:27:00,2024-10-05
202400018870,14:45,Plein jour,80,80318,2,1,1,6.0,67 Rue Roger Godard,50.013604,2.082042,14:45:00,2024-10-13
202400018871,06:00,Nuit sans éclairage,82,82051,1,1,1,6.0,Route de Lauzerte,44.195713,1.145282,06:00:00,2024-10-12
202400018872,23:20,Nuit sans éclairage,65,65100,1,1,1,1.0,route de Bordeaux,43.279955,0.069963,23:20:00,2024-10-12
202400018873,08:41,Plein jour,71,71591,1,6,8,7.0,948 Route départementale 906,46.443757,4.884115,08:41:00,2024-10-13
202400018874,09:50,Plein jour,63,63455,2,1,1,3.0,53 avenue du docteuir Louis Presle,45.67585196,3.17332953,09:50:00,2024-10-13
202400018875,19:00,Crépuscule,49,49271,1,2,1,3.0,Lieu Dit La Besnardière,47.541932,-0.716665,19:00:00,2024-10-12
202400018876,18:33,Plein jour,29,29031,1,2,1,3.0,Croas An Ter,47.78169311,-3.54597994,18:33:00,2024-10-08
202400018877,14:50,Plein jour,29,29209,1,3,2,2.0,Lieu Dit Coat Saliou,48.54507521,-4.41234935,14:50:00,2024-10-12
202400018878,08:15,Plein jour,31,31175,2,3,1,3.0,Avenue de Bequine,43.11733,0.770819,08:15:00,2024-09-26
202400018879,08:15,Crépuscule,15,15084,1,2,1,6.0,RD 920,44.743744,2.494656,08:15:00,2024-10-13
202400018880,15:40,Plein jour,26,26069,1,1,1,7.0,Route du Col de Rousset,44.834619,5.390162,15:40:00,2024-10-13
202400018881,06:10,Nuit sans éclairage,58,58059,2,1,1,6.0,avenue du Maréchal Leclerc,47.193154,3.014449,06:10:00,2024-10-13
202400018882,16:15,Plein jour,66,66178,1,1,1,1.0,rte departementale 900 - PK 43+1498,42.522344,2.810907,16:15:00,2024-10-12
202400018883,14:45,Plein jour,72,72315,1,3,1,3.0,Route du Mans,48.179562,-0.120013,14:45:00,2024-10-13
202400018884,14:55,Plein jour,14,14431,1,1,1,7.0,D232,49.06738245,-0.11836588,14:55:00,2024-10-13
202400018885,06:30,Nuit sans éclairage,50,50109,1,1,1,1.0,départementale 35,48.901451,-1.442626,06:30:00,2024-10-13
202400018886,18:00,Plein jour,45,45053,2,6,1,3.0,D952 PR 0 + 15,47.654604,2.742843,18:00:00,2024-09-30