Num_Acc,hrmn,lum,dep,com,agg,int,atm,col,adr,lat,long,heure,date
202400018887,16:59,Plein jour,73,73270,1,1,2,6.0,D201,45.570016,6.167799,16:59:00,2024-10-12
202400018888,19:35,Nuit sans éclairage,18,18088,1,1,2,1.0,Unknown,47.38456,2.433214,19:35:00,2024-10-12
202400018889,15:15,Plein jour,43,43058,1,1,2,1.0,Route des Gouttes,45.335518,4.223127,15:15:00,2024-10-12
202400018890,19:50,,36,36018,2,1,1,6.0,7 Rue Pierre-Collin de Souvigny,46.631465,1.062426,19:50:00,2024-10-11
202400018891,19:00,Plein jour,36,36045,2,1,2,6.0,Place du Champ de Foire,46.988907,1.171205,19:00:00,2024-10-12
202400018892,03:00,Nuit sans éclairage,16,16070,2,1,5,6.0,6 RUE GAMBETTA,45.872796,0.719411,03:00:00,2024-10-13
202400018893,14:45,Plein jour,04,04109,2,1,8,7.0,D951,44.065572,5.887288,14:45:00,2024-10-12
202400018894,12:45,Plein jour,04,04174,1,1,1,3.0,Route Nationale 202,43.95882,6.734362,12:45:00,2024-10-13
202400018895,00:40,Nuit sans éclairage,28,28135,1,2,1,1.0,Intersection D122.12 et D328.4,48.594889,1.698815,00:40:00,2024-10-13
202400018896,18:00,Plein jour,31,31424,2,1,1,6.0,Rue des Ecoles,43.566862,1.297207,18:00:00,2024-09-13
202400018897,05:35,Nuit sans éclairage,01,01204,1,1,2,6.0,A40,46.16461,5.701135,05:35:00,2024-10-13
202400018898,19:15,Nuit sans éclairage,01,01283,1,1,1,6.0,A404 entrée n°12 en direction de LYON,46.270385,5.647885,19:15:00,2024-10-12
202400018899,18:40,,987,98715,2,1,1,1.0,route de ceinture au niveau du quartier Setil,-17.555567,-149.602938,18:40:00,2024-10-12
202400018900,20:55,Nuit sans éclairage,06,06004,1,1,1,2.0,"pk 172, autoroute A8, chaussée nord",43.60366,7.071413,20:55:00,2024-10-11
202400018901,10:50,Plein jour,17,17465,1,1,1,7.0,Autoroute A 10 PK 412.400 sens Paris/Bordeaux,45.966581,-0.550084,10:50:00,2024-10-12
202400018902,10:25,Plein jour,28,28092,1,1,1,2.0,autoroute A 10 pk 46 direction Paris,48.355222,1.875272,10:25:00,2024-10-13
202400018903,17:00,Plein jour,987,98722,2,1,1,1.0,PK 27+200,-17.59805188,-149.3051219,17:00:00,2024-10-12
202400018904,03:30,Nuit sans éclairage,973,97305,1,1,1,1.0,RN1 PK17,4.938387,-52.409999,03:30:00,2024-10-13
202400018905,10:30,Plein jour,95,95039,1,6,1,2.0,D928,49.08983146,2.14645024,10:30:00,2024-10-13
202400018906,19:10,Crépuscule,78,78615,1,1,1,1.0,RD 119,48.847937,1.897912,19:10:00,2024-10-13
202400018907,16:15,Plein jour,84,84068,1,1,1,7.0,D27,43.762974,5.379117,16:15:00,2024-10-13
202400018908,07:30,Plein jour,83,83101,1,1,1,2.0,Route des Plages,43.247639,6.647458,07:30:00,2024-10-13
202400018909,16:40,Plein jour,26,26179,1,1,1,7.0,Autoroute A7,45.07604,4.869298,16:40:00,2024-10-13
202400018910,23:20,Nuit sans éclairage,21,21217,1,1,2,7.0,route de Chazan,47.211902,4.905546,23:20:00,2024-10-12
202400018911,13:30,Plein jour,73,73005,1,1,1,6.0,D206,45.64864338,6.09407723,13:30:00,2024-10-13
202400018912,14:15,Plein jour,19,19236,2,6,1,3.0,D1089,45.332011,1.879365,14:15:00,2024-10-11
202400018913,12:10,Plein jour,61,61341,1,1,1,6.0,D26 PR6+830,48.496466,0.067999,12:10:00,2024-10-13
202400018914,10:20,Plein jour,60,60282,1,1,1,6.0,D17,49.192918,2.383347,10:20:00,2024-10-13
202400018915,20:15,Nuit sans éclairage,60,60628,1,1,1,6.0,Rue de Nivillers,49.420444,2.154505,20:15:00,2024-10-13
202400018916,05:50,Nuit sans éclairage,13,13001,1,1,1,2.0,A51-Sens Marseille vers Aix en Provence,43.49438652,5.4067287,05:50:00,2024-10-12
202400018917,18:00,Plein jour,13,13106,1,1,1,2.0,A7-Sens Lyon vers Marseille,43.39959526,5.34924076,18:00:00,2024-10-11
202400018918,16:24,Plein jour,13,13043,1,1,1,2.0,A55 SENS MARTIGUES-MARSEILLE,43.39129821,5.26458933,16:24:00,2024-10-11
202400018919,20:55,Nuit sans éclairage,13,13215,1,1,1,2.0,A7-Sens Lyon vers Marseille,43.34261266,5.37589947,20:55:00,2024-10-10
202400018920,07:30,Crépuscule,69,69290,1,1,3,6.0,Autoroute 46 ,45.6952,4.96982,07:30:00,2024-10-08
202400018921,16:30,Plein jour,91,91228,1,1,1,2.0,AUTOROUTE A6,48.62347,2.42005,16:30:00,2024-10-12
202400018922,07:50,Crépuscule,91,91161,2,1,1,6.0,AUTOROUTE A6,48.69902415,2.31238604,07:50:00,2024-10-12
202400018923,23:35,Nuit sans éclairage,91,91477,1,1,1,1.0,AUTOROUTE A126,48.72447,2.24357,23:35:00,2024-10-11
202400018924,12:50,Plein jour,92,92036,1,1,2,2.0,A86,48.93540166,2.26544968,12:50:00,2024-10-12
202400018925,23:40,Nuit sans éclairage,78,78646,1,1,1,7.0,N12,48.788809,2.132801,23:40:00,2024-10-11
202400018926,19:30,Nuit sans éclairage,77,77294,1,1,1,3.0,A104,48.96164633,2.61726537,19:30:00,2024-10-11
202400018927,19:45,Nuit sans éclairage,94,94028,1,1,1,3.0,A86,48.79449381,2.44220497,19:45:00,2024-10-11
202400018928,12:15,Plein jour,94,94017,1,1,1,3.0,A4,48.8303229,2.48934965,12:15:00,2024-10-11
202400018929,09:20,Plein jour,94,94017,1,1,1,3.0,A4,48.83020089,2.495767,09:20:00,2024-10-11
202400018930,08:42,Plein jour,2B,2B033,2,9,1,6.0,SEBASTIANI  - AVENUE,42.7022,9.45065,08:42:00,2024-10-11
202400018931,03:15,,2A,2A004,2,4,1,6.0,T21,41.9339,8.75063,03:15:00,2024-10-11
202400018932,12:00,Plein jour,95,95277,2,1,1,6.0,D370,48.99146361,2.43075493,12:00:00,2024-10-11
202400018933,07:55,Plein jour,95,95277,2,1,1,6.0,GEORGES POMPIDOU (AVENUE),48.99104,2.431,07:55:00,2024-10-11
202400018934,16:05,Plein jour,95,95607,2,1,1,5.0,D407,49.012731,2.21536713,16:05:00,2024-10-11
202400018935,15:00,Plein jour,91,91377,2,1,1,3.0,AV SAINT MARC,48.73065,2.2878,15:00:00,2024-10-11
202400018936,20:05,,91,91657,2,1,1,6.0,AV HENRI CHARON,48.7,2.423,20:05:00,2024-10-11
202400018937,15:00,Plein jour,91,91432,2,1,1,2.0,RUE LAVOISIER,48.6954,2.33,15:00:00,2024-10-11
202400018938,19:00,Crépuscule,91,91228,2,1,1,2.0,MONTESPAN (RUE),48.63288,2.43545,19:00:00,2024-10-11
202400018939,19:38,,87,87114,1,1,3,6.0,AUTOROUTE A20,45.83658,1.28366,19:38:00,2024-10-09
202400018940,14:30,Plein jour,86,86194,2,1,1,3.0,Bd du Marechal de Lattre de Tassigny,46.5839,0.35186,14:30:00,2024-10-11
202400018941,19:10,,84,84007,2,9,1,3.0,C.DE GAULLE (ROCADE),43.92887,4.81302,19:10:00,2024-10-11
202400018942,14:30,Plein jour,84,84007,2,1,1,3.0,AMANDIER (AVENUE DE L'),43.93711,4.8491,14:30:00,2024-10-11
202400018943,08:55,Plein jour,84,84007,1,1,2,3.0,LEO   (RN1007),43.92099,4.78148,08:55:00,2024-10-10
202400018944,22:05,Nuit sans éclairage,83,83126,2,2,1,3.0,QUATRE SEPTEMBRE (BD DU),43.10276,5.87418,22:05:00,2024-10-11
202400018945,15:54,Plein jour,80,80021,2,1,1,6.0,Rue de la République,49.89049,2.296083,15:54:00,2024-10-11
202400018946,23:05,,78,78356,2,6,1,7.0,EUROPE (AVENUE DE L'),48.75562,2.07112,23:05:00,2024-10-11
202400018947,00:30,,77,77294,2,3,1,3.0,D84,48.957654,2.602296,00:30:00,2024-10-12
202400018948,14:30,Plein jour,77,77450,2,1,1,3.0,N 19,48.71143641,2.58126934,14:30:00,2024-10-11
202400018949,08:25,Plein jour,77,77284,1,1,1,3.0,RD5 (ROUTE DEPARTEMENTALE),48.957281,2.862823,08:25:00,2024-10-11
202400018950,06:45,Nuit avec éclairage,77,77243,2,1,1,6.0,VC,48.8769,2.70422,06:45:00,2024-10-11
202400018951,09:10,Plein jour,76,76351,2,2,1,6.0,GENERAL ARCHINARD (AVENUE),49.4914,0.11671,09:10:00,2024-10-11
202400018952,08:55,Plein jour,72,72181,2,6,1,3.0,DEMORIEUX ENTRE PT CHEM DE FER ET HUISNE,47.99261,0.18428,08:55:00,2024-10-11
202400018953,16:05,Plein jour,72,72181,2,1,1,4.0,ESTIENNE D'ORVES (BD D'),47.97955932,0.20119786,16:05:00,2024-10-10
202400018954,07:55,Plein jour,72,72181,2,2,8,2.0,CUGNOT NICOLAS (BD),47.9859,0.22529,07:55:00,2024-10-10
202400018955,19:55,,71,71306,2,3,1,3.0,ALOUETTES (AVENUE DES),46.68825,4.35766,19:55:00,2024-10-11
202400018956,12:11,Plein jour,71,71540,1,3,1,3.0,HUIT MAI (AVENUE DU),46.76971,4.45001,12:11:00,2024-10-11
202400018957,15:15,Plein jour,71,71118,2,1,1,6.0,GEORGES BRASSENS (AVENUE),46.79264933,4.80961602,15:15:00,2024-10-11
202400018958,07:45,Crépuscule,67,67482,2,3,8,3.0,LA ROCHELLE (RUE DE),48.52486,7.7786,07:45:00,2024-10-11
202400018959,19:20,Crépuscule,64,64129,2,1,1,2.0,BAYONNE DE,43.30365,-0.39915,19:20:00,2024-10-11
202400018960,20:20,,64,64132,2,2,1,3.0,GEORGES CLEMENCEAU,43.28738,-0.35132,20:20:00,2024-10-11
202400018961,04:35,Nuit sans éclairage,37,37003,1,1,1,6.0,Départementale 31,47.385784,0.979521,04:35:00,2024-06-28
202400018962,21:50,Nuit sans éclairage,45,45244,1,1,1,6.0,D119 PR 10 + 833,47.78736,2.495393,21:50:00,2024-06-30
202400018963,17:15,Plein jour,91,91129,1,1,1,1.0,D56 route d orgemont,48.496844,2.283247,17:15:00,2024-06-30
202400018964,06:30,Crépuscule,34,34063,1,1,1,6.0,D30E4,43.520983,3.344672,06:30:00,2024-06-30
202400018965,14:30,Plein jour,13,13100,2,1,1,2.0,337 Avenue du General Koenig,43.792635,4.825718,14:30:00,2024-06-22
202400018966,15:55,Plein jour,13,13059,1,1,1,5.0,D556,43.61986,5.492333,15:55:00,2024-07-01
202400018967,11:30,Plein jour,68,68370,2,1,2,3.0,Rue Principale,47.97479,6.960799,11:30:00,2024-06-30
202400018968,17:05,Plein jour,67,67028,2,7,8,1.0,11B rue d'ITALIE,48.380625,7.595716,17:05:00,2024-06-29
202400018969,09:40,Plein jour,01,01043,2,3,1,3.0,158 Chemin du Sermoraz,45.829887,4.995947,09:40:00,2024-07-01
202400018970,17:45,Plein jour,65,65042,1,1,2,7.0,Foret communale,43.031506,0.215135,17:45:00,2024-07-01
202400018971,11:50,Plein jour,33,33486,1,2,1,3.0,Unknown,45.088839,-0.573601,11:50:00,2024-06-18
202400018972,14:15,Plein jour,44,44052,2,2,1,3.0,30 Avenue de la Paix,47.318298,-2.075375,14:15:00,2024-06-27
202400018973,11:15,Plein jour,56,56005,2,1,1,3.0,Rue de Bilouris,47.553248,-2.882736,11:15:00,2024-06-27
202400018974,11:27,Plein jour,27,27448,1,1,1,1.0,rd141,49.0109,1.356267,11:27:00,2024-06-30
202400018975,10:30,Plein jour,62,62681,1,1,1,7.0,D190,50.68673819,2.33174586,10:30:00,2024-06-30
202400018976,15:58,Plein jour,13,13216,1,1,1,2.0,A55-Sens Marseille vers Martigues,43.3554,5.34749,15:58:00,2024-06-28
202400018977,17:20,Plein jour,13,13001,1,1,1,2.0,A51-Sens Marseille vers Aix en Provence,43.51549,5.42796,17:20:00,2024-06-25
202400018978,09:00,Plein jour,13,13071,1,1,1,6.0,A55 - Sens Marseille vers Martigues,43.39330763,5.29952667,09:00:00,2024-06-28
202400018979,19:42,Plein jour,83,83123,1,9,1,6.0,A50,43.15532194,5.76561657,19:42:00,2024-06-30
202400018980,06:55,Crépuscule,83,83027,1,1,1,6.0,A50,43.16758995,5.7687202,06:55:00,2024-06-29
202400018981,11:40,Plein jour,83,83144,1,1,1,2.0,A57,43.13398268,5.98674088,11:40:00,2024-06-28
202400018982,04:50,Nuit sans éclairage,92,92025,1,1,2,2.0,A86,48.92387176,2.22973719,04:50:00,2024-06-30
202400018983,01:25,Nuit sans éclairage,92,92050,1,1,1,6.0,A86,48.91564738,2.22070303,01:25:00,2024-06-30
202400018984,13:50,Plein jour,59,59363,2,1,2,5.0,16 Route Nationale,50.215036,3.653339,13:50:00,2024-03-12
202400018985,23:10,Nuit avec éclairage,59,59315,1,1,2,7.0,RD 649,50.32214362,3.78502258,23:10:00,2024-03-12
202400018986,17:50,Plein jour,93,93008,1,1,1,4.0,A86,48.90902313,2.44815409,17:50:00,2024-06-29
202400018987,19:30,Nuit sans éclairage,59,59534,1,1,1,6.0,D424,50.102562,3.875218,19:30:00,2024-03-08
202400018988,05:00,Nuit sans éclairage,93,93010,1,1,1,6.0,A3,48.90653393,2.47247712,05:00:00,2024-06-29
202400018989,17:45,Plein jour,13,13215,1,1,1,3.0,A7-Sens Marseille vers Lyon,43.358282,5.362534,17:45:00,2024-03-12
202400018990,22:00,Plein jour,93,93053,1,1,1,2.0,A86,48.90134557,2.4691352,22:00:00,2024-06-29
202400018991,16:50,Plein jour,13,13106,1,1,1,4.0,A7-Sens Marseille vers Lyon,43.38817,5.35114,16:50:00,2024-03-12
202400018992,08:05,Plein jour,95,95527,1,1,1,2.0,A3,48.98915,2.50818,08:05:00,2024-06-29
202400018993,15:14,Plein jour,13,13071,1,1,1,2.0,A7-Sens Marseille vers Lyon,43.40972592,5.28550357,15:14:00,2024-03-11
202400018994,13:40,Plein jour,77,77294,1,1,1,2.0,A104,48.97462817,2.57871573,13:40:00,2024-06-30
202400018995,10:00,Plein jour,13,13071,1,1,1,2.0,A51-Sens Aix en Provence vers Marseille,43.409498,5.36369,10:00:00,2024-03-12
202400018996,08:30,Plein jour,13,13005,1,1,1,3.0,A50-Sens Aubagne vers Marseille,43.28501117,5.57110296,08:30:00,2024-03-12
202400018997,07:15,Plein jour,77,77373,1,1,1,6.0,RN104,48.79169848,2.61886634,07:15:00,2024-06-29
202400018998,04:35,Nuit sans éclairage,77,77372,1,1,1,6.0,A104,48.87890479,2.66822031,04:35:00,2024-06-29
202400018999,07:30,Plein jour,13,13211,1,1,1,5.0,A50-Sens Marseille vers Aubagne,43.29207811,5.45266634,07:30:00,2024-03-12
202400019000,19:30,,84,84031,2,3,1,1.0,OBSERVANTINS DES,44.05728,5.05011,19:30:00,2024-02-17
202400019001,07:05,Plein jour,13,13215,1,1,1,2.0,A7-Sens Marseille vers Lyon,43.3581884,5.36269145,07:05:00,2024-03-12
202400019002,19:35,,93,93048,2,2,1,3.0,Boulevard Paul Vaillant Couturier / Rue Victor Beausse,48.86673,2.44513,19:35:00,2024-01-18
202400019003,20:34,,13,13212,1,1,1,4.0,A507 sens Aubagne- Marseille,43.30515,5.42548,20:34:00,2024-03-11
202400019004,15:15,Plein jour,93,93048,2,2,8,6.0,Rue de Stalingrad / Rue de Rosny,48.8606,2.44347,15:15:00,2024-01-09
202400019005,08:20,Plein jour,13,13056,1,1,1,4.0,A55-Sens Marseille vers Martigues,43.40565,5.03983,08:20:00,2024-03-11
202400019006,12:10,Plein jour,93,93048,2,1,1,3.0,Boulevard Théophile Sueur,48.86250325,2.46605873,12:10:00,2024-01-07
202400019007,13:02,Plein jour,33,33281,1,9,1,6.0,Unknown,44.8329529,-0.69817391,13:02:00,2024-05-12
202400019008,05:43,Nuit sans éclairage,13,13015,1,1,1,2.0,A51-Sens Marseille vers Aix en Provence,43.45184294,5.39633709,05:43:00,2024-03-11
202400019009,21:40,,74,74123,2,2,1,1.0,10 Route d'annecy,45.748168,6.290063,21:40:00,2024-04-13
202400019010,15:45,Plein jour,74,74206,1,1,1,6.0,departementale 36,46.30384146,6.49764394,15:45:00,2024-03-20
202400019011,09:00,Plein jour,67,67152,1,1,1,4.0,M35,48.52466,7.65948,09:00:00,2024-03-11
202400019012,09:30,Plein jour,74,74081,2,1,1,6.0,4 Rue pierre trappier,46.068927,6.561813,09:30:00,2024-03-26
202400019013,18:50,Crépuscule,67,67447,1,1,1,2.0,M35,48.60878,7.72721,18:50:00,2024-03-07
202400019014,11:11,Plein jour,74,74116,1,1,1,1.0,D1203,46.04892,6.263902,11:11:00,2024-04-05
202400019015,08:20,Plein jour,33,33448,1,1,1,3.0,Unknown,44.71786,-0.52017,08:20:00,2024-03-12
202400019016,04:15,Nuit sans éclairage,33,33080,1,1,1,6.0,Unknown,44.73218,-0.53101,04:15:00,2024-03-12
202400019017,18:00,Plein jour,74,74288,2,3,1,3.0,Route de bloux,46.103486,5.968977,18:00:00,2024-04-13
202400019018,08:50,Plein jour,91,91432,1,1,1,3.0,AUTOROUTE A6,48.6925,2.32135,08:50:00,2024-03-12
202400019019,17:30,Plein jour,74,74020,1,1,1,6.0,Route d'armoy,46.350593,6.518868,17:30:00,2024-04-06
202400019020,08:45,Plein jour,92,92050,1,1,1,4.0,A86,48.91767811,2.22233685,08:45:00,2024-03-11
202400019021,19:45,Plein jour,74,74112,1,1,1,6.0,A41,45.945932,6.111698,19:45:00,2024-04-07
202400019022,14:35,Plein jour,93,93053,1,1,2,6.0,A3,48.89707199,2.46965129,14:35:00,2024-03-12
202400019023,22:50,Nuit sans éclairage,92,92078,1,1,9,6.0,AUTOROUTE A86,48.92830843,2.33162459,22:50:00,2024-03-10
202400019024,20:50,Nuit avec éclairage,74,74104,1,1,1,5.0,3310 Route d'annecy,45.80633,6.211524,20:50:00,2024-03-28
202400019025,15:00,Plein jour,74,74159,1,1,1,2.0,route nationale,46.00636773,6.62884623,15:00:00,2024-03-22
202400019026,05:40,Nuit sans éclairage,95,95154,1,9,3,4.0,A1,49.04345435,2.54437913,05:40:00,2024-03-10
202400019027,21:45,Nuit sans éclairage,74,74196,1,1,4,7.0,D119,46.046686,6.580821,21:45:00,2024-02-23
202400019028,09:45,Plein jour,77,77495,1,1,8,2.0,A5B,48.579603,2.638025,09:45:00,2024-03-12
202400019029,08:55,Plein jour,44,44109,2,6,1,7.0,30 Boulevard Emile Gabory,47.19380878,-1.52894596,08:55:00,2024-02-29
202400019030,02:05,Nuit sans éclairage,973,97302,2,1,1,2.0,CABASSOU (ROUTE DE),4.91986,-52.31946,02:05:00,2024-06-29
202400019031,19:00,Crépuscule,44,44109,2,1,8,7.0,45 Route de Vertou,47.19010555,-1.53300491,19:00:00,2024-02-28
202400019032,23:25,Nuit sans éclairage,973,97302,2,1,1,7.0,REPUBLIQUE (BD DE LA),4.93916,-52.31872,23:25:00,2024-06-28
202400019033,13:30,Plein jour,44,44109,2,1,8,2.0,41 Route de Vannes,47.23422094,-1.58073651,13:30:00,2024-02-25
202400019034,16:25,Plein jour,971,97113,1,1,1,3.0,SECTION BOIS DE ROSE,16.24102,-61.44093,16:25:00,2024-06-29
202400019035,15:45,Plein jour,44,44109,1,1,8,2.0,Unknown,47.19361124,-1.61349004,15:45:00,2024-02-23
202400019036,05:00,Nuit sans éclairage,44,44190,1,1,8,3.0,Unknown,47.21167952,-1.48457518,05:00:00,2024-02-23
202400019037,13:51,Plein jour,2A,2A004,2,3,1,3.0,NAPOLEON COURS AVANT BEVERINI,41.92583,8.73823,13:51:00,2024-06-28
202400019038,18:03,Plein jour,49,49267,2,1,1,3.0,BOIS RINIER,47.47483,-0.49551,18:03:00,2024-11-18
202400019039,10:30,Plein jour,44,44109,2,1,8,6.0,6 Boulevard René Cassin,47.26438106,-1.57573847,10:30:00,2024-02-22
202400019040,18:45,,48,48095,2,9,1,6.0,HENRI BOURILLON (BOULEVARD),44.51688942,3.49733997,18:45:00,2024-11-18
202400019041,02:30,Nuit sans éclairage,95,95252,2,3,1,2.0,D14,48.98661265,2.22019583,02:30:00,2024-06-29
202400019042,16:28,Plein jour,44,44109,2,1,8,6.0,15 Boulevard de Stalingrad,47.21871,-1.53831435,16:28:00,2024-02-21
202400019043,18:15,,44,44109,2,6,3,6.0,3 Route de Carquefou,47.25884222,-1.5194942,18:15:00,2024-11-19
202400019044,20:12,Plein jour,95,95127,2,4,1,6.0,HERONS (AVENUE DES),49.05004361,2.01840252,20:12:00,2024-06-29
202400019045,07:40,Plein jour,987,98735,2,1,1,3.0,PRINCE HINOI (AVENUE),-17.53408,-149.56133,07:40:00,2024-03-11
202400019046,18:40,Nuit sans éclairage,43,43078,1,1,8,7.0,Chemin des Estelles,45.01813,3.90986,18:40:00,2024-11-19
202400019047,22:20,,91,91345,2,1,2,6.0,RTE DE CORBEIL,48.6817,2.3126,22:20:00,2024-06-29
202400019048,10:30,Plein jour,974,97416,2,9,1,3.0,ROND POINT DES CASERNES,-21.32563,55.48594,10:30:00,2024-03-11
202400019049,09:24,Plein jour,37,37261,2,1,2,1.0,MARECHAL JUIN (BD),47.41234,0.70308,09:24:00,2024-11-19
202400019050,09:40,Plein jour,91,91687,2,1,1,6.0,VICTOR SCHOELCHER (AVENUE),48.652,2.37,09:40:00,2024-06-29
202400019051,07:15,,37,37261,2,1,1,3.0,BERT (QUAI PAUL),47.40141,0.68644,07:15:00,2024-11-19
202400019052,17:50,Plein jour,91,91589,2,9,1,6.0,RUE MARIE CHAUVET,48.67978,2.34419,17:50:00,2024-06-28
202400019053,13:35,Plein jour,974,97411,1,3,1,3.0,TOPAZES(ALLEE DES),-20.8982,55.44398,13:35:00,2024-03-11
202400019054,06:05,Nuit sans éclairage,37,37122,2,1,1,6.0,RD 37,47.36062,0.64647,06:05:00,2024-11-19
202400019055,06:20,Plein jour,974,97411,2,1,2,1.0,JAURES (BOULEVARD JEAN),-20.89967,55.48031,06:20:00,2024-03-11
202400019056,19:46,Plein jour,91,91228,2,2,2,3.0,AV DE L ORME A MARTIN,48.62774,2.40868,19:46:00,2024-06-29
202400019057,18:00,,35,35281,2,1,2,6.0,PILATE (RUE DE LA),48.09033258,-1.69734612,18:00:00,2024-11-19
202400019058,17:25,Plein jour,974,97409,2,1,1,7.0,CHEMIN CENT GAULETTES,-20.9484,55.65815,17:25:00,2024-03-11
202400019059,01:30,Nuit sans éclairage,91,91469,1,1,1,7.0,D721,48.40767,2.17768,01:30:00,2024-06-29
202400019060,21:45,,973,97302,2,1,1,3.0,RABAN (ROUTE DE),4.93485605,-52.31412917,21:45:00,2024-03-10
202400019061,18:30,,34,34108,1,3,1,3.0,MONTPELLIER (ROUTE DE),43.47368,3.769918,18:30:00,2024-11-18
202400019062,11:05,Plein jour,78,78383,2,3,1,2.0,GUY SCHULLER (BOULEVARD),48.75976,1.94659,11:05:00,2024-06-29
202400019063,19:50,,973,97302,2,2,1,3.0,VOLTAIRE(AVENUE),4.94235,-52.32241,19:50:00,2024-03-09
202400019064,20:45,Plein jour,78,78498,2,3,1,3.0,CASTILLE AV BLANCHE DE,48.92014,2.02676,20:45:00,2024-06-28
202400019065,11:05,Plein jour,34,34032,2,2,1,2.0,LIBERTE (BD DE LA),43.34249,3.22139,11:05:00,2024-11-18
202400019066,16:40,Plein jour,972,97213,1,9,1,5.0,ROUTE NATIONALE 1,14.65377,-60.97281,16:40:00,2024-03-11
202400019067,18:45,,33,33550,2,3,2,2.0,Unknown,44.76388,-0.56051,18:45:00,2024-11-19
202400019068,10:55,Plein jour,77,77438,2,1,1,6.0,CLAUDE MONET (PLACE),48.85409,2.66686,10:55:00,2024-06-29
202400019069,09:00,Plein jour,971,97113,1,1,1,4.0,RN4 - SECTION RIVIERA,16.20863,-61.46992,09:00:00,2024-03-10
202400019070,07:31,Crépuscule,33,33063,2,2,8,6.0,Unknown,44.823594,-0.5658229,07:31:00,2024-11-19
202400019071,10:45,Plein jour,76,76540,2,2,1,6.0,Rue Jeanne d'Arc,49.44006,1.08933,10:45:00,2024-06-29
202400019072,06:30,Plein jour,971,97101,1,1,1,2.0,PERRIN (SECTEUR),16.28537,-61.50555,06:30:00,2024-03-10
202400019073,14:45,Plein jour,33,33065,1,1,1,1.0,Unknown,44.80501,-0.51675,14:45:00,2024-11-18
202400019074,19:50,,971,97105,2,1,2,6.0,BD GERTY ARCHIMEDE,15.99105,-61.72847,19:50:00,2024-03-10
202400019075,07:05,Plein jour,72,72181,2,6,1,6.0,MAILLETS (RUE DES) N° PAIRS DE 2 A 12,48.01758,0.21885,07:05:00,2024-06-29
202400019076,09:00,Plein jour,95,95582,2,1,1,6.0,GUYNEMER (RUE),48.96884,2.26678,09:00:00,2024-03-11
202400019077,20:15,,31,31555,2,2,1,3.0,BD DE MARENGO,43.60947721,1.45437688,20:15:00,2024-11-19
202400019078,13:45,Plein jour,71,71270,1,3,7,2.0,JULIENAS (ROUTE DE),46.27563,4.78613,13:45:00,2024-06-28
202400019079,09:45,Plein jour,31,31555,2,1,1,3.0,AV MARCEL DASSAULT,43.57403,1.49458,09:45:00,2024-11-19
202400019080,03:40,Nuit sans éclairage,91,91161,2,1,1,1.0,RTE DE MASSY,48.71206,2.30837,03:40:00,2024-03-11
202400019081,18:45,,30,30189,2,1,2,5.0,AVIGNON (ROUTE),43.85603,4.40194,18:45:00,2024-11-12
202400019082,18:50,,91,91027,2,2,2,3.0,AV FRANCOIS MITTERRAND,48.71619,2.37105,18:50:00,2024-03-11
202400019083,14:27,Plein jour,69,69264,2,2,1,3.0,Rue de la Quarantaine,45.9893,4.72274,14:27:00,2024-06-28
202400019084,07:50,,29,29019,2,1,2,6.0,rue de Portzmoguer,48.3953,-4.49402,07:50:00,2024-11-18
202400019085,23:50,,69,69029,2,1,1,6.0,Avenue Général de Gaulle,45.72984,4.92005,23:50:00,2024-06-28
202400019086,05:20,,91,91223,2,6,1,3.0,VICTOIRE (ROND-POINT DE LA),48.43717,2.16317,05:20:00,2024-03-11
202400019087,10:09,Plein jour,63,63300,1,1,1,6.0,RD227-Route de Chatel-Guyon,45.90766986,3.08670125,10:09:00,2024-06-29
202400019088,21:20,,27,27229,2,2,2,3.0,BUZOT (RUE),49.02731,1.15549,21:20:00,2024-11-19
202400019089,12:05,Plein jour,91,91469,1,3,1,1.0,ARTONDU (ROUTE D'),48.39824,2.14348,12:05:00,2024-03-10
202400019090,07:30,Plein jour,62,62427,2,1,1,3.0,D161E4,50.44588,2.96502,07:30:00,2024-06-28
202400019091,13:45,Plein jour,25,25031,2,1,1,6.0,JALESIE (RUE DE LA),47.48739,6.84357,13:45:00,2024-11-18
202400019092,10:10,Plein jour,91,91223,2,9,1,4.0,BONNEVAUX (AVENUE DE),48.4302,2.15797,10:10:00,2024-03-10
202400019093,18:30,,15,15014,2,6,2,3.0,Giratoite Pierre Sémard,44.921693,2.435834,18:30:00,2024-11-19
202400019094,02:10,Nuit avec éclairage,62,62051,1,3,1,2.0,D941,50.51681511,2.77406645,02:10:00,2024-06-29
202400019095,07:36,Plein jour,87,87085,2,1,3,6.0,JOURDAN (PLACE),45.83217701,1.26470089,07:36:00,2024-03-11
202400019096,07:30,Crépuscule,15,15014,2,1,2,7.0,Rue Laparra de Fieux,44.920547,2.431187,07:30:00,2024-11-19
202400019097,00:08,Nuit sans éclairage,61,61006,1,1,1,6.0,D958,48.74686,-0.03201,00:08:00,2024-06-30
202400019098,15:49,Plein jour,87,87085,2,1,1,2.0,BAC (RUE THEODORE),45.83974,1.26074,15:49:00,2024-03-09
202400019099,07:30,Crépuscule,14,14338,2,3,1,6.0,24 Route de la Vallée,49.296759,-0.07818,07:30:00,2024-11-14