Num_Acc,hrmn,lum,dep,com,agg,int,atm,col,adr,lat,long,heure,date
202400019100,13:40,Plein jour,61,61001,2,1,1,6.0,Voie Communale,48.436873,0.107075,13:40:00,2024-06-28
202400019101,20:50,,83,83137,2,3,1,3.0,PICOT (AVE DU COLONEL),43.12872095,5.96649778,20:50:00,2024-03-11
202400019102,17:20,,13,13106,2,1,1,1.0,8 MAI 1945 (AVENUE DU),43.39,5.36,17:20:00,2024-11-19
202400019103,23:05,Nuit sans éclairage,60,60175,1,1,1,6.0,RN 330_BRETELLE RN330_ACCES RN16,49.25331,2.49051,23:05:00,2024-06-29
202400019104,12:55,Plein jour,77,77487,2,1,1,2.0,SAINT JUST (AVENUE),48.53436,2.67872,12:55:00,2024-03-10
202400019105,12:20,Plein jour,13,13103,2,1,1,3.0,BOULEVARD JOLY - VICTOR,43.63806,5.09525,12:20:00,2024-11-19
202400019106,19:45,Plein jour,59,59153,1,6,1,1.0,CHE DU HALAGE,50.447,3.585,19:45:00,2024-06-29
202400019107,19:15,,13,13212,2,1,1,6.0,ALPES (BOULEVARD DES),43.30144839,5.41507943,19:15:00,2024-11-19
202400019108,22:15,,77,77438,2,3,1,6.0,CLOS SAINT PAIRES (CHEMIN DU ),48.865322,2.690994,22:15:00,2024-03-11
202400019109,10:20,Plein jour,13,13203,2,1,1,1.0,FÉLIX PYAT (RUE),43.3144,5.3756,10:20:00,2024-11-19
202400019110,16:50,Plein jour,59,59599,2,2,1,3.0,GRAMME (CHAUSSEE),50.73562,3.17537,16:50:00,2024-06-28
202400019111,06:35,,72,72003,2,1,1,3.0,SABLE (RTE DE),47.98337037,0.14780102,06:35:00,2024-03-11
202400019112,18:50,Nuit sans éclairage,13,13047,1,1,1,6.0,RN 569,43.56901,4.97957,18:50:00,2024-11-19
202400019113,06:45,Plein jour,59,59350,2,1,1,6.0,Façade de l'Esplanade,50.64299,3.05347,06:45:00,2024-06-29
202400019114,08:20,Plein jour,69,69275,2,1,1,3.0,Avenue Jean Jaurès,45.77103413,4.96139914,08:20:00,2024-03-11
202400019115,01:15,Nuit sans éclairage,06,06088,2,1,1,3.0,Promenade des Anglais,43.688481,7.240641,01:15:00,2024-11-19
202400019116,23:20,,59,59507,2,9,1,3.0,Place du Commandant Alloy,50.607377,3.076581,23:20:00,2024-06-28
202400019117,12:53,Plein jour,68,68224,2,3,1,3.0,Avenue de Colmar,47.764568,7.324003,12:53:00,2024-02-18
202400019118,14:35,Plein jour,03,03190,2,6,8,3.0,rond point Georges Pompidou,46.56925,3.3256,14:35:00,2024-11-19
202400019119,18:30,Plein jour,56,56260,2,1,1,7.0,Boulevard de la Résistance,47.64845,-2.78196,18:30:00,2024-06-29
202400019120,16:45,Crépuscule,01,01283,2,1,2,6.0,EGLISETTE (RUE DE L'),46.26171,5.63873,16:45:00,2024-11-19
202400019121,11:10,Plein jour,66,66136,2,1,1,3.0,Talbot-Lago (Rue),42.73248,2.89034,11:10:00,2024-03-11
202400019122,15:43,Plein jour,01,01451,1,1,8,6.0,GOUVERNEUR LOUIS VABRE ( ALLEE DU),46.22701,5.207703,15:43:00,2024-11-19
202400019123,16:10,Plein jour,56,56098,2,1,1,2.0,Rue Daniel-Charles Trudaine,47.77661,-3.33876,16:10:00,2024-06-29
202400019124,14:50,Plein jour,64,64483,2,1,2,6.0,LABROUCHE JOSEPH JOACHIM (AVENUE),43.38738,-1.66127,14:50:00,2024-03-11
202400019125,08:30,Plein jour,64,64445,2,1,3,7.0,rue Marca,43.29436,-0.37736,08:30:00,2024-03-11
202400019126,11:22,Plein jour,94,94068,2,2,2,6.0,Rue Bourdignon,48.803744,2.477048,11:22:00,2024-11-18
202400019127,04:30,,34,34172,2,2,1,3.0,PUECH VILLA (RUE DE),43.63945,3.82847,04:30:00,2024-06-29
202400019128,03:27,,33,33063,2,9,8,7.0,Unknown,44.82117,-0.58266,03:27:00,2024-06-29
202400019129,18:40,,94,94058,2,3,3,6.0,Avenue du 11 Novembre,48.84216185,2.49872768,18:40:00,2024-11-19
202400019130,16:45,Plein jour,62,62498,2,1,1,4.0,D58E1,50.42693,2.80612,16:45:00,2024-02-22
202400019131,20:10,Plein jour,33,33009,2,1,2,2.0,Unknown,44.6601,-1.1678,20:10:00,2024-06-29
202400019132,18:19,,94,94046,2,1,2,4.0,Rue Jean Jaurès,48.79197735,2.4347177,18:19:00,2024-11-18
202400019133,21:15,,59,59650,2,3,2,3.0,MARAIS (RUE JEAN),50.6991,3.22481,21:15:00,2024-03-11
202400019134,00:25,Nuit sans éclairage,32,32013,1,1,8,6.0,BARRAN (CHEMIN DE),43.6295,0.53867,00:25:00,2024-06-30
202400019135,04:10,Nuit avec éclairage,59,59225,1,1,2,6.0,R.N. 49 VALENCIENNES,50.28032,3.907143,04:10:00,2024-03-11
202400019136,18:15,,94,94021,2,2,3,6.0,Av du Pdt Franklin Roosevelt,48.771818,2.35697,18:15:00,2024-11-19
202400019137,18:00,Plein jour,29,29232,2,1,1,2.0,Route de Brest,48.01388,-4.07987,18:00:00,2024-06-28
202400019138,15:00,Plein jour,57,57672,2,2,1,3.0,GUENTRANGE (ROUTE DE) 1 A 93,49.360168,6.157291,15:00:00,2024-03-08
202400019139,07:45,Crépuscule,29,29232,2,6,1,3.0,Rond-Point de Ludugris,47.97952351,-4.12191647,07:45:00,2024-06-28
202400019140,22:06,,92,92073,2,1,2,3.0,ROOSVELT (AVENUE FRANKLIN),48.87343014,2.22155317,22:06:00,2024-11-18
202400019141,09:50,Plein jour,56,56121,2,1,8,7.0,GAILLEC (RUE  DU ),47.76153,-3.4046,09:50:00,2024-03-10
202400019142,09:55,Plein jour,92,92022,2,1,8,3.0,SALENGRO (AVENUE ROGER),48.81845272,2.19767153,09:55:00,2024-11-19
202400019143,13:24,Plein jour,28,28220,2,1,1,5.0,AVENUE DE LA REPUBLIQUE,48.42644,1.47203,13:24:00,2024-06-28
202400019144,11:40,Plein jour,92,92064,2,1,3,6.0,SURESNES,48.857357,2.22031161,11:40:00,2024-11-19
202400019145,08:52,Plein jour,54,54526,2,3,1,3.0,Rue Camélinat,48.68799,6.20737,08:52:00,2024-03-10
202400019146,04:10,Nuit sans éclairage,26,26057,2,1,1,7.0,D2532N,45.02991275,5.04742384,04:10:00,2024-06-29
202400019147,18:20,,92,92063,2,9,2,6.0,DOUMER (AVENUE PAUL) NORD,48.88051185,2.18219563,18:20:00,2024-11-19
202400019148,05:05,,54,54395,2,3,1,6.0,Rue de l'Armée Patton,48.69104062,6.17090732,05:05:00,2024-03-10
202400019149,04:28,,17,17274,2,1,1,2.0,POMMERAIE   PLACE DE LA,46.155038,-1.096325,04:28:00,2024-06-29
202400019150,21:20,,92,92050,2,3,1,1.0,REPUBLIQUE AVENUE DE LA,48.91260492,2.22466215,21:20:00,2024-11-19
202400019151,18:30,Plein jour,50,50129,2,2,1,3.0,TANNERIES (RUE DES),49.63376,-1.62238,18:30:00,2024-03-09
202400019152,19:35,Plein jour,14,14557,1,1,1,6.0,551 Route de Beaumont-en-Auge,49.322294,0.087656,19:35:00,2024-06-29
202400019153,08:44,Plein jour,92,92050,2,3,2,3.0,CLEMENCEAU GEORGES AVENUE N° PAIR,48.88569923,2.21973203,08:44:00,2024-11-19
202400019154,14:05,Plein jour,49,49328,1,1,1,2.0,ROCADE N 347,47.24698,-0.10546,14:05:00,2024-03-09
202400019155,20:10,Plein jour,14,14366,1,1,1,3.0,Chemin de la Galoterie,49.144058,0.264543,20:10:00,2024-06-29
202400019156,16:25,Crépuscule,92,92026,2,2,2,6.0,VERDUN (DE 62 A FIN),48.90042847,2.26081096,16:25:00,2024-11-19
202400019157,12:30,Plein jour,45,45234,2,1,1,6.0,95 bis Rue de Coulmiers,47.91209,1.89768,12:30:00,2024-03-11
202400019158,17:10,Plein jour,13,13001,1,1,1,6.0,LOQUI (ROUTE DE),43.53509,5.37031,17:10:00,2024-06-28
202400019159,09:45,Plein jour,40,40279,1,1,4,6.0,RN 124,43.7372,-1.024165,09:45:00,2024-02-24
202400019160,17:40,,92,92025,2,8,2,3.0,CHARLES DE GAULLE (BD),48.91463445,2.22905325,17:40:00,2024-11-18
202400019161,12:45,Plein jour,08,08105,2,1,1,3.0,39 Rue Jean-jacques Rousseau,49.77397,4.71147,12:45:00,2024-06-29
202400019162,18:20,,92,92024,2,9,1,3.0,CLICHY (QUAI DE) DE (8 A 60),48.90598174,2.29495302,18:20:00,2024-11-19
202400019163,12:05,Plein jour,38,38151,2,8,1,3.0,ETATS GENERAUX (AVENUE DES),45.15534042,5.71872711,12:05:00,2024-03-11
202400019164,01:00,Nuit sans éclairage,06,06069,1,1,1,6.0,Route de Pégomas,43.623504,6.927447,01:00:00,2024-06-30
202400019165,13:30,Plein jour,92,92019,2,1,2,6.0,LOUP PENDU CHEMIN),48.77010796,2.2505638,13:30:00,2024-11-19
202400019166,11:30,Plein jour,01,01053,2,9,1,6.0,CHAMP DE FOIRE ( AVENUE DU),46.20802,5.2298,11:30:00,2024-06-29
202400019167,23:40,Nuit sans éclairage,34,34179,1,1,1,6.0,M27,43.607665,3.727144,23:40:00,2024-11-10
202400019168,08:50,Plein jour,36,36159,1,9,1,4.0,Unknown,46.75860157,1.72115207,08:50:00,2024-03-11
202400019169,17:50,Plein jour,974,97415,1,1,1,4.0,Route de Savannah,-20.982398,55.306399,17:50:00,2024-11-19
202400019170,04:21,,75,75120,2,1,1,5.0,BD PERIPHERIQUE EXTERIEUR,48.854377,2.414079,04:21:00,2024-06-29
202400019171,18:30,Nuit sans éclairage,86,86272,1,1,5,6.0,Route de la Plante,46.841493,0.477594,18:30:00,2024-11-08
202400019172,01:20,,75,75119,2,1,1,2.0,BD PERIPHERIQUE INTERIEUR,48.900638,2.371169,01:20:00,2024-06-29
202400019173,18:15,,06,06149,2,1,1,3.0,21 Boulevard Francois Suarez,43.74306,7.315976,18:15:00,2024-11-18
202400019174,16:40,Plein jour,75,75119,2,1,1,3.0,PORTE DE PANTIN,48.894488,2.39504,16:40:00,2024-06-28
202400019175,13:15,Plein jour,35,35238,2,2,1,2.0,BERNARD (CLAUDE),48.10361,-1.694,13:15:00,2024-02-18
202400019176,12:20,Plein jour,23,23107,1,1,7,1.0,D3,46.04666,1.9384,12:20:00,2024-10-30
202400019177,05:00,Crépuscule,75,75117,2,7,1,6.0,PLACE DES TERNES,48.878294,2.298577,05:00:00,2024-06-28
202400019178,09:40,Plein jour,67,67302,2,6,7,6.0,Rue du Général Leclerc,48.756111,7.376826,09:40:00,2024-11-20
202400019179,18:15,Plein jour,75,75119,2,1,1,2.0,BOULEVARD MACDONALD,48.898674,2.384198,18:15:00,2024-06-28
202400019180,10:45,Plein jour,75,75118,2,1,1,2.0,RUE FOREST,48.885251,2.329331,10:45:00,2024-06-29
202400019181,17:36,,72,72260,2,1,8,5.0,Route de Changé,47.950509,0.263761,17:36:00,2024-11-18
202400019182,14:00,Plein jour,34,34198,2,1,1,6.0,PAGNOL (AVENUE MARCEL),43.56107,3.95298,14:00:00,2024-03-11
202400019183,18:35,,77,77385,2,1,3,6.0,04 Rue Jean Moulin,48.845196,3.235034,18:35:00,2024-11-19
202400019184,20:00,Plein jour,75,75116,2,7,1,6.0,PLACE DU DOCTEUR HAYEM,48.852758,2.275948,20:00:00,2024-06-29
202400019185,23:30,Nuit sans éclairage,56,56140,1,1,1,6.0,Bonehan,47.928618,-2.804599,23:30:00,2024-11-17
202400019186,05:50,Nuit sans éclairage,59,59497,1,1,6,7.0,D642,50.732795,2.349476,05:50:00,2024-11-19
202400019187,16:40,Plein jour,75,75112,2,2,1,2.0,ROUTE DE LA FALUERE,48.833796,2.444861,16:40:00,2024-06-28
202400019188,19:15,Nuit sans éclairage,76,76377,1,1,2,6.0,1156 Route de Dieppe,49.509087,1.147422,19:15:00,2024-11-19
202400019189,19:15,Nuit sans éclairage,31,31555,1,1,2,2.0,VA008432 LANGLADE A620 Sortie 25,43.570422,1.42872,19:15:00,2024-03-11
202400019190,09:50,Plein jour,79,79271,1,4,1,3.0,Unknown,46.516698,-0.363101,09:50:00,2024-11-20
202400019191,13:30,Plein jour,75,75110,2,4,1,6.0,RUE DU HUIT MAI 1945,48.875857,2.35941,13:30:00,2024-06-29
202400019192,05:50,,30,30189,2,1,1,3.0,PASTEUR PAUL BRUNEL,43.83858,4.34343,05:50:00,2024-03-10
202400019193,18:00,Crépuscule,33,33011,2,6,8,3.0,Unknown,44.769299,-1.133373,18:00:00,2024-10-31
202400019194,12:25,Plein jour,75,75110,2,4,1,6.0,QUAI DE JEMMAPES,48.879503,2.368003,12:25:00,2024-06-29
202400019195,21:35,,63,63016,2,1,2,6.0,Grand Rue,45.721859,3.614915,21:35:00,2024-11-19
202400019196,12:20,Plein jour,30,30007,2,1,2,7.0,32bis Chemin des Potences,44.14829,4.09031,12:20:00,2024-03-11
202400019197,18:25,Plein jour,75,75109,2,1,1,6.0,RUE D AMSTERDAM,48.876177,2.326898,18:25:00,2024-06-29
202400019198,14:02,Plein jour,63,63430,2,1,2,1.0,D2089,45.864321,3.575084,14:02:00,2024-11-20
202400019199,19:07,Plein jour,75,75108,2,3,1,7.0,AVENUE DE WAGRAM,48.876717,2.297235,19:07:00,2024-06-29
202400019200,18:40,Nuit avec éclairage,63,63338,1,1,2,6.0,lieu dit le sucharet,46.143701,2.823277,18:40:00,2024-11-19
202400019201,11:43,Plein jour,17,17299,2,1,1,2.0,DENFERT ROCHEREAU RUE,45.939187,-0.96604,11:43:00,2024-01-13
202400019202,06:30,Nuit sans éclairage,42,42224,1,1,5,1.0,Route du Col de la Republique,45.344892,4.483173,06:30:00,2024-11-14
202400019203,13:38,Plein jour,75,75108,2,2,1,6.0,AVENUE DES CHAMPS ELYSEES,48.871888,2.30089,13:38:00,2024-06-29
202400019204,09:10,Plein jour,15,15014,2,1,2,4.0,RN 122,44.91639,2.46141,09:10:00,2024-03-11
202400019205,16:53,Plein jour,75,75103,2,3,1,6.0,RUE DU TEMPLE,48.866069,2.361109,16:53:00,2024-06-28
202400019206,12:26,Plein jour,44,44015,2,9,2,6.0,Unknown,47.474973,-1.756434,12:26:00,2024-11-19
202400019207,10:30,Plein jour,15,15012,2,3,1,3.0,RD 617,44.89294,2.41585,10:30:00,2024-03-10
202400019208,14:31,Plein jour,94,94078,2,3,1,3.0,Rue Francis Martin / Rue Camille Flammarion,48.73588,2.45189,14:31:00,2024-06-29
202400019209,07:45,Crépuscule,45,45203,2,3,1,3.0,D2152 PR 76 + 600,47.834484,1.7064,07:45:00,2024-11-20
202400019210,14:00,Plein jour,13,13047,2,1,1,2.0,JEAN JACQUES PRAT BOULEVARD,43.50643,4.98535,14:00:00,2024-03-11
202400019211,10:56,Plein jour,94,94044,2,1,1,6.0,27ter Avenue de la Sablière,48.75365,2.49364,10:56:00,2024-06-29
202400019212,12:20,Plein jour,07,07078,2,1,1,2.0,Route de Lyon,45.260774,4.703023,12:20:00,2024-11-16
202400019213,08:30,Plein jour,13,13005,2,1,2,3.0,FENESTRELLES (CHEMIN DE),43.2835,5.566,08:30:00,2024-03-11
202400019214,17:40,,21,21603,2,1,3,6.0,Route de Massène,47.492503,4.347448,17:40:00,2024-11-19
202400019215,19:00,Plein jour,94,94052,2,1,2,3.0,Boulevard de Strasbourg,48.84288931,2.48523483,19:00:00,2024-06-29
202400019216,14:20,Plein jour,11,11069,2,1,1,6.0,118 Rue de Verdun,43.21269,2.34683,14:20:00,2024-03-10
202400019217,14:02,Plein jour,37,37109,2,1,1,3.0,6 Avenue du Général de Gaulle,47.404949,0.603478,14:02:00,2024-11-20
202400019218,17:30,Plein jour,94,94011,2,1,1,6.0,Avenue de Paris,48.7807038,2.47521262,17:30:00,2024-06-28
202400019219,17:30,Plein jour,11,11069,1,1,1,7.0,Unknown,43.21357,2.276,17:30:00,2024-03-09
202400019220,16:10,Plein jour,94,94022,2,1,1,3.0,16 Avenue Louis Luc,48.761827,2.413732,16:10:00,2024-06-28
202400019221,17:25,Plein jour,10,10362,2,1,1,7.0,Rue Louis Blanc,48.29641,4.05146,17:25:00,2024-03-10
202400019222,10:05,Plein jour,30,30006,1,3,1,1.0,Route de Lunel,43.687142,4.199132,10:05:00,2024-11-17
202400019223,23:45,,94,94022,2,1,1,7.0,16 Avenue Louis Luc,48.761825,2.413798,23:45:00,2024-06-28
202400019224,19:05,Nuit sans éclairage,77,77305,1,1,3,6.0,Autoroute A5 PK 35+200,48.394134,2.982531,19:05:00,2024-11-19
202400019225,13:30,Plein jour,93,93073,2,3,1,3.0,Avenue Gilbert Berger,48.95023,2.57842,13:30:00,2024-06-29
202400019226,08:30,Plein jour,06,06088,2,1,8,2.0,Boulevard Carnot,43.697398,7.2889088,08:30:00,2024-03-11
202400019227,16:45,Plein jour,13,13037,2,1,1,2.0,Rn 113,43.54444,5.185206,16:45:00,2024-11-19
202400019228,17:10,Crépuscule,06,06152,1,1,1,7.0,2260 Route des Cretes,43.625786,7.04656,17:10:00,2024-11-19
202400019229,07:45,,06,06088,2,1,2,6.0,Avenue Raymond Comboul,43.70869,7.26673,07:45:00,2024-03-10
202400019230,20:15,Plein jour,93,93078,2,2,1,6.0,Avenue de la Republique / Avenue Emile Dambel,48.95103,2.55286,20:15:00,2024-06-28
202400019231,18:30,Crépuscule,06,06069,2,1,1,6.0,Traverse des Roses de Mai,43.6382856,6.9790604,18:30:00,2024-03-11
202400019232,17:15,Plein jour,93,93066,2,1,1,6.0,Avenue Jules Rimet,48.923615,2.362569,17:15:00,2024-06-29
202400019233,06:00,Plein jour,973,97305,1,1,1,5.0,Macouria,4.942342,-52.41457,06:00:00,2024-11-20
202400019234,20:45,,06,06027,2,1,1,6.0,48 Boulevard du Maréchal Juin,43.657887,7.150856,20:45:00,2024-03-10
202400019235,11:15,Plein jour,93,93051,2,2,1,3.0,Rue du Marechal Juin / Rue de Malnoue,48.84197,2.56886,11:15:00,2024-06-29
202400019236,02:50,,971,97121,2,1,1,1.0,"RN 2, guyonneau",16.22588,-61.785403,02:50:00,2024-11-16
202400019237,11:25,Plein jour,02,02738,2,2,1,3.0,1 Rue de Verdun,49.66301,3.28902,11:25:00,2024-03-10
202400019238,20:06,Plein jour,92,92073,2,1,1,2.0,JAURES (AVENUE JEAN),48.8640225,2.20851392,20:06:00,2024-06-29
202400019239,16:50,Crépuscule,30,30307,1,1,1,3.0,N106,44.194557,4.043655,16:50:00,2024-11-20
202400019240,06:00,,75,75117,2,1,1,6.0,BD PERIPHERIQUE EXTERIEUR,48.88834833,2.29213804,06:00:00,2024-03-09
202400019241,08:00,Plein jour,92,92072,2,3,1,3.0,GRANDE RUE,48.82639,2.21928,08:00:00,2024-06-29
202400019242,13:51,Plein jour,11,11410,2,1,1,7.0,D610,43.253924,2.40857,13:51:00,2024-11-14
202400019243,10:30,Plein jour,75,75106,2,7,1,3.0,PLACE SAINT MICHEL,48.85377619,2.34426588,10:30:00,2024-03-11
202400019244,13:26,Plein jour,13,13086,2,9,1,1.0,Avenue des Allies,43.348057,5.603593,13:26:00,2024-11-19
202400019245,16:50,Plein jour,92,92063,2,1,1,7.0,CRAMAIL (RUE ADRIEN),48.88165379,2.17144883,16:50:00,2024-06-29
202400019246,15:30,Plein jour,75,75120,2,2,2,6.0,RUE DE BELLEVILLE,48.875447,2.397931,15:30:00,2024-03-11
202400019247,12:11,Plein jour,92,92040,2,3,1,6.0,JEAN-PIERRE TIMBAUD,48.82023915,2.24982727,12:11:00,2024-06-29
202400019248,18:00,Nuit sans éclairage,26,26165,1,1,1,4.0,A7 - PK 090.700 SENS SUD/NORD,44.77134293,4.80249595,18:00:00,2024-10-28
202400019249,11:10,Plein jour,75,75120,2,2,1,6.0,BOULEVARD DAVOUT,48.853487,2.410526,11:10:00,2024-03-11
202400019250,18:38,Plein jour,92,92026,2,2,1,3.0,MISSION MARCHAND (COTE IMPAIR),48.90222132,2.2394751,18:38:00,2024-06-29
202400019251,18:45,Nuit sans éclairage,67,67078,1,1,2,1.0,RD 1004,48.658768,7.410064,18:45:00,2024-11-18
202400019252,06:30,Plein jour,75,75119,2,7,1,6.0,RUE COMPANS,48.877515,2.393802,06:30:00,2024-03-11
202400019253,11:38,Plein jour,42,42285,2,2,1,6.0,Rue du 8 mai,45.55372,4.120892,11:38:00,2024-11-19
202400019254,20:20,Plein jour,92,92032,2,1,1,3.0,LANGEVIN PAUL (AVENUE),48.78337,2.28436,20:20:00,2024-06-29
202400019255,22:00,,75,75108,2,2,1,3.0,RUE LA BOETIE,48.873961,2.315879,22:00:00,2024-03-11
202400019256,09:15,Plein jour,42,42147,2,6,1,6.0,1 Rue de Feurs,45.611313,4.065451,09:15:00,2024-11-19
202400019257,15:33,Plein jour,75,75117,2,1,2,7.0,BOULEVARD GOUVION SAINT CYR,48.882654,2.286883,15:33:00,2024-03-11
202400019258,07:45,Plein jour,92,92012,2,6,1,3.0,PONT DE BILLANCOURT (PLACE DU),48.82507031,2.2483812,07:45:00,2024-06-29
202400019259,13:10,Plein jour,75,75107,2,2,1,6.0,AVENUE DE BRETEUIL,48.850688,2.311619,13:10:00,2024-03-11
202400019260,05:40,,38,38449,2,1,5,2.0,Rue des Garinnes,45.654113,5.124618,05:40:00,2024-11-15
202400019261,20:15,Plein jour,92,92036,2,1,1,1.0,FRERES LUMIERES  ( AVE DES ),48.93371313,2.27908552,20:15:00,2024-06-29
202400019262,10:45,Plein jour,75,75113,2,3,1,3.0,RUE DE TOLBIAC,48.826818,2.365049,10:45:00,2024-03-11
202400019263,12:55,Plein jour,24,24019,1,1,1,1.0,Avenue de la Liberté,45.15047821,1.11702204,12:55:00,2024-06-30
202400019264,13:45,Plein jour,50,50594,1,2,2,2.0,D22,49.586313,-1.721978,13:45:00,2024-11-20
202400019265,18:01,Plein jour,75,75112,2,2,2,3.0,QUAI DE LA RAPEE,48.845876,2.367664,18:01:00,2024-03-11
202400019266,12:15,Plein jour,29,29055,2,1,2,6.0,Route de Brest,48.55561,-4.341954,12:15:00,2024-11-18
202400019267,09:15,Plein jour,35,35145,2,3,1,1.0,21 Grande Rue,47.720319,-1.84889,09:15:00,2024-06-30
202400019268,09:15,Plein jour,75,75111,2,7,1,6.0,BOULEVARD VOLTAIRE,48.857637,2.38045,09:15:00,2024-03-11
202400019269,12:20,Plein jour,29,29103,2,6,2,6.0,quai de Léon,48.44822467,-4.26073602,12:20:00,2024-11-19
202400019270,12:15,Plein jour,85,85148,1,1,1,3.0,RD68,46.400291,-0.8486224,12:15:00,2024-06-30
202400019271,18:40,,75,75109,2,3,2,6.0,RUE LA FAYETTE,48.875131,2.340965,18:40:00,2024-03-11
202400019272,12:05,Plein jour,35,35166,2,1,1,6.0,11 rue de l'école,48.141828,-1.337784,12:05:00,2024-06-18
202400019273,15:45,Plein jour,2A,2A362,1,1,1,6.0,D368,41.74306868,9.19922006,15:45:00,2024-06-30
202400019274,10:50,Plein jour,75,75109,2,4,1,6.0,RUE BLANCHE,48.877893,2.331956,10:50:00,2024-03-11
202400019275,14:15,Plein jour,60,60079,1,3,1,3.0,D922,49.147671,2.87183,14:15:00,2024-11-20
202400019276,19:00,Crépuscule,972,97232,1,1,1,1.0,N6,14.514545,-60.840408,19:00:00,2024-06-29
202400019277,12:00,Plein jour,60,60439,2,6,7,6.0,Avenue du 8 Mai 1945,49.317097,2.323807,12:00:00,2024-11-20
202400019278,18:20,Nuit avec éclairage,94,94081,2,3,2,4.0,Avenue du Moulin de Saquet / Rue Carpeaux,48.78997,2.37978,18:20:00,2024-03-11
202400019279,14:40,Plein jour,974,97414,2,1,1,1.0,91 Rue du Docteur Schweitzer,-21.272379,55.448754,14:40:00,2024-06-30
202400019280,16:00,Plein jour,62,62318,2,9,7,6.0,D940,50.52731588,1.62799788,16:00:00,2024-11-20
202400019281,19:55,Nuit avec éclairage,94,94016,2,2,2,3.0,Avenue Aristide Briand / Rue Marcel Bonnet,48.796237,2.321964,19:55:00,2024-03-11
202400019282,20:30,Plein jour,84,84135,1,1,2,6.0,2105 Route d'Orange,44.198896,4.800794,20:30:00,2024-06-29
202400019283,17:00,Plein jour,94,94073,2,2,2,1.0,Avenue du Général de Gaulle / Rue Buffon,48.76651,2.38618,17:00:00,2024-03-11
202400019284,19:30,Plein jour,59,59278,1,1,1,6.0,RN41,50.61369307,2.95386171,19:30:00,2024-06-29
202400019285,15:00,Plein jour,62,62560,1,3,3,3.0,D191,50.827182,1.698927,15:00:00,2024-11-19
202400019286,09:00,Plein jour,94,94033,2,1,1,6.0,Rue Edouard Vaillant,48.85085662,2.48325321,09:00:00,2024-03-11
202400019287,16:40,Plein jour,26,26360,1,3,1,1.0,Route de Saint Paul,44.410957,4.805859,16:40:00,2024-07-18
202400019288,17:30,Plein jour,87,87181,1,4,2,3.0,Rue du Chatelard,46.042922,1.492832,17:30:00,2024-06-29
202400019289,22:00,,14,14047,2,1,1,7.0,11 Rue Louviere,49.282063,-0.704734,22:00:00,2024-08-25
202400019290,19:20,,94,94077,2,3,2,3.0,Rue Charles Nungesser / Avenue Didier Daurat,48.732895,2.403665,19:20:00,2024-03-11
202400019291,12:00,Plein jour,30,30202,2,1,1,7.0,Rue Trintignant,44.254736,4.646568,12:00:00,2024-06-29
202400019292,23:10,Nuit sans éclairage,14,14305,1,1,1,1.0,Route de Lisieux,49.273457,-0.051622,23:10:00,2024-08-10
202400019293,20:30,,94,94019,2,7,3,2.0,Route de la Libération / Route du Plessis,48.799038,2.545082,20:30:00,2024-03-09
202400019294,14:48,Plein jour,30,30286,1,1,1,1.0,D981,43.984972,4.45928,14:48:00,2024-06-30
202400019295,17:45,Plein jour,62,62761,1,1,1,6.0,D33,50.23357495,2.84916581,17:45:00,2024-06-30
202400019296,08:15,Plein jour,94,94028,2,3,1,6.0,Avenue des Petites Haies / Rue de Valenton,48.7881,2.43976,08:15:00,2024-03-11
202400019297,11:25,Plein jour,14,14530,1,9,1,3.0,D514,49.240904,-0.269074,11:25:00,2024-04-17
202400019298,12:10,Plein jour,974,97416,1,1,7,1.0,ENTRE DEUX (CHEMIN) CD26,-21.29794,55.43878,12:10:00,2024-11-18
202400019299,19:20,Plein jour,77,77359,2,1,7,2.0,Rue des Grouettes,48.483931,2.52692,19:20:00,2024-06-28
202400019300,22:00,Nuit sans éclairage,93,93073,1,1,2,5.0,Terminal 2,49.00526732,2.55778885,22:00:00,2024-03-11
202400019301,15:10,Plein jour,95,95026,1,1,1,1.0,D909,49.14632607,2.37641118,15:10:00,2024-06-30
202400019302,17:15,Plein jour,93,93073,2,3,2,6.0,Avenue de la Station / Avenue la Fontaine,48.95667,2.57265,17:15:00,2024-03-11
202400019303,16:10,Plein jour,51,51369,1,1,1,7.0,D373,48.727807,3.685605,16:10:00,2024-06-30
202400019304,08:57,Plein jour,974,97411,2,1,1,3.0,JAURES (BOULEVARD JEAN),-20.88834,55.44453,08:57:00,2024-11-18
202400019305,18:05,Nuit sans éclairage,93,93072,2,3,2,3.0,Boulevard Maxime Gorki / Avenue Gaston Monmousseau,48.947676,2.386373,18:05:00,2024-03-11
202400019306,17:58,Plein jour,51,51161,1,1,2,7.0,D1,49.045696,4.174461,17:58:00,2024-06-29
202400019307,16:00,Plein jour,973,97302,1,6,1,3.0,ROUTE NATIONALE 1,4.89674,-52.32858,16:00:00,2024-11-18
202400019308,01:30,Nuit sans éclairage,56,56005,2,1,1,6.0,Boulevard de la résistance,47.546386,-2.893803,01:30:00,2024-06-29
202400019309,09:00,Plein jour,93,93062,2,2,8,3.0,Avenue Thiers / Boulevard du Nord,48.90125,2.51241,09:00:00,2024-03-11