Num_Acc,hrmn,lum,dep,com,agg,int,atm,col,adr,lat,long,heure,date
202400019310,17:45,Plein jour,76,76400,2,1,1,6.0,Rue du General de Gaulle,49.828709,0.912509,17:45:00,2024-06-29
202400019311,08:20,Plein jour,973,97302,2,1,1,3.0,BADUEL (ROUTE DE),4.93701,-52.31502,08:20:00,2024-11-18
202400019312,05:28,Crépuscule,973,97302,1,1,1,6.0,ROUTE NATIONALE 1,4.89791,-52.32753,05:28:00,2024-11-18
202400019313,00:38,Nuit sans éclairage,79,79329,1,1,2,6.0,Unknown,46.945077,-0.241624,00:38:00,2024-06-30
202400019314,07:00,Plein jour,93,93046,2,2,1,1.0,Boulevard Jean Jaurès / Allée Condorcet,48.92445,2.52253,07:00:00,2024-03-11
202400019315,07:30,Plein jour,973,97302,2,1,1,7.0,BADUEL (ROUTE DE),4.92906,-52.29553,07:30:00,2024-11-17
202400019316,02:45,,80,80186,2,1,1,7.0,Rue de Nesle,49.807828,2.800806,02:45:00,2024-06-30
202400019317,16:30,Plein jour,82,82112,2,1,1,6.0,Chemin de Sainte-Livrade,44.114578,1.121877,16:30:00,2024-06-29
202400019318,12:00,Plein jour,93,93032,2,2,1,3.0,Rue du Rond Point / Rue du Chanoine Monsanglant,48.87299646,2.55608261,12:00:00,2024-03-09
202400019319,19:43,Crépuscule,972,97213,1,1,3,6.0,ROUTE DEPARTEMENTALE 15,14.63791,-61.00986,19:43:00,2024-11-17
202400019320,19:55,,93,93008,2,7,2,6.0,Avenue Paul Vaillant - Couturier / Route de Stains,48.90565,2.46944,19:55:00,2024-03-11
202400019321,18:00,Plein jour,82,82094,2,3,1,6.0,D2,44.252102,1.134945,18:00:00,2024-06-29
202400019322,07:15,Plein jour,2B,2B033,2,1,1,3.0,11 - RT,42.66492,9.44272,07:15:00,2024-11-18
202400019323,11:30,Plein jour,82,82155,1,1,1,7.0,lieu-dit Paradis,44.146609,1.795616,11:30:00,2024-06-30
202400019324,21:10,,93,93005,2,3,1,3.0,Rue Maximilien de Robespierre / Rue du Hameau,48.948685,2.502873,21:10:00,2024-03-11
202400019325,01:20,,971,97101,1,1,1,2.0,CHAUVEL,16.23827,-61.52291,01:20:00,2024-11-17
202400019326,01:15,,92,92049,2,1,1,6.0,DORMOY AVENUE MARX N°2 A 100,48.81002781,2.31874752,01:15:00,2024-03-11
202400019327,18:20,,971,97101,1,1,1,7.0,BAIMBRIDGE,16.24822,-61.52726,18:20:00,2024-11-16
202400019328,16:15,Plein jour,69,69066,1,1,1,5.0,1740 Route de Thizy,46.0821358,4.31167979,16:15:00,2024-04-11
202400019329,19:01,Plein jour,92,92036,2,2,2,6.0,HENRI BARBUSSE (RUE) (37/135),48.92123124,2.29943705,19:01:00,2024-03-11
202400019330,18:45,Nuit avec éclairage,971,97101,1,1,1,6.0,GRAND CAMP(SECTION),16.2539,-61.54016,18:45:00,2024-11-16
202400019331,14:45,Plein jour,61,61081,2,1,3,1.0,D438,48.65173,0.194095,14:45:00,2024-06-29
202400019332,18:45,Plein jour,92,92035,2,1,8,6.0,Général de Gaulle  ( avenue du ),48.90652245,2.25570345,18:45:00,2024-03-11
202400019333,23:40,,971,97120,1,1,1,2.0,CHEMIN NEUF,16.23316,-61.53172,23:40:00,2024-11-15
202400019334,17:40,Plein jour,42,42246,1,1,1,2.0,Rue de la Condamine,45.319276,4.625585,17:40:00,2024-06-23
202400019335,11:00,Plein jour,92,92024,2,1,1,6.0,LEON GAMBETTA (ALLEES),48.90306934,2.31065798,11:00:00,2024-03-11
202400019336,08:15,Plein jour,92,92007,2,3,1,3.0,BLANCHARD (RUE),48.79591561,2.29379421,08:15:00,2024-03-11
202400019337,01:25,Nuit sans éclairage,44,44153,1,6,1,2.0,Unknown,47.683058,-1.446494,01:25:00,2024-06-29
202400019338,19:00,,95,95127,2,3,2,6.0,OISE (BOULEVARD DE L'),49.04512588,2.03807294,19:00:00,2024-11-18
202400019339,19:25,Plein jour,29,29236,1,1,1,6.0,D4,47.86251625,-3.71396426,19:25:00,2024-06-28
202400019340,20:20,Crépuscule,38,38408,1,1,1,6.0,75 Route de Lafayette,45.589473,5.027527,20:20:00,2024-06-28
202400019341,18:05,Nuit sans éclairage,85,85191,1,1,8,4.0,RD160,46.6783,-1.4527,18:05:00,2024-11-18
202400019342,02:00,Nuit sans éclairage,62,62100,2,3,2,3.0,D113,50.4246369,1.91557938,02:00:00,2024-03-10
202400019343,08:20,Plein jour,83,83137,2,2,1,6.0,DARDANELLES (AVE DES),43.1285,5.92461,08:20:00,2024-11-18
202400019344,11:00,Plein jour,01,01007,2,6,1,6.0,D36,46.009031,5.362186,11:00:00,2024-03-12
202400019345,09:37,Plein jour,85,85008,1,1,3,7.0,A87,46.62735582,-1.43314503,09:37:00,2024-06-29
202400019346,16:12,Plein jour,83,83129,2,9,1,6.0,ILES (CORNICHE DES),43.07075,5.79457,16:12:00,2024-11-14
202400019347,17:10,Plein jour,76,76728,1,1,1,6.0,A150,49.480512,1.008843,17:10:00,2024-03-11
202400019348,18:00,Plein jour,83,83139,1,1,1,7.0,1602 Route de Villecroze,43.597316,6.284252,18:00:00,2024-06-30
202400019349,17:45,Plein jour,81,81004,2,6,1,3.0,5 Rue de Rudel,43.926029,2.130745,17:45:00,2024-11-18
202400019350,19:00,,76,76210,2,2,2,1.0,Route de Neufchatel,49.860523,1.203035,19:00:00,2024-03-11
202400019351,02:50,Nuit sans éclairage,64,64046,1,1,2,7.0,D8,43.28134766,-1.13151938,02:50:00,2024-06-30
202400019352,19:50,Nuit avec éclairage,78,78621,2,2,2,6.0,CASTIGLIONE DEL LAGO (RUE),48.779543,1.99079,19:50:00,2024-11-18
202400019353,17:10,Plein jour,974,97412,2,9,1,6.0,Rue de l'Hôpital,-21.379407,55.61857,17:10:00,2024-03-12
202400019354,19:30,Crépuscule,10,10326,1,1,6,7.0,57 La Garenne,48.454339,4.494824,19:30:00,2024-06-29
202400019355,08:10,Plein jour,83,83036,1,1,1,2.0,D559,43.16541329,6.50201394,08:10:00,2024-03-12
202400019356,17:15,,77,77284,2,6,3,3.0,CLEMENCEAU (AV.),48.96261,2.87585,17:15:00,2024-11-18
202400019357,00:30,Nuit sans éclairage,36,36213,2,6,2,6.0,Place des Prunus,46.64564801,0.96386254,00:30:00,2024-06-30
202400019358,20:01,,77,77058,2,1,3,6.0,D406,48.83363,2.71059,20:01:00,2024-11-18
202400019359,08:20,Plein jour,84,84099,1,1,1,2.0,chemin de Romieu,43.874834,5.089095,08:20:00,2024-03-12
202400019360,18:10,Plein jour,07,07052,1,1,1,7.0,D533,44.944344,4.748384,18:10:00,2024-06-30
202400019361,15:30,Plein jour,77,77320,2,1,8,6.0,PARIS (AVENUE DE),48.8144,3.07104,15:30:00,2024-11-14
202400019362,15:14,Plein jour,04,04141,1,1,1,7.0,RD 950 route de BANON,44.008404,5.687184,15:14:00,2024-06-30
202400019363,14:56,Plein jour,38,38226,2,1,3,1.0,saint claude et la croix,44.81752,5.7617,14:56:00,2024-03-10
202400019364,18:15,,76,76351,2,1,1,6.0,REPUBLIQUE (COURS DE LA),49.49961,0.12949,18:15:00,2024-11-15
202400019365,10:25,Plein jour,74,74225,2,6,1,6.0,Boulevard Louis Dagand,45.864777,5.940083,10:25:00,2024-03-11
202400019366,09:45,Plein jour,04,04172,2,2,1,1.0,"Route des chateaux, RD 952",43.826919,6.129132,09:45:00,2024-06-30
202400019367,14:15,Plein jour,04,04135,1,1,1,6.0,D952,43.846119,6.20322,14:15:00,2024-06-30
202400019368,00:40,Nuit sans éclairage,33,33236,1,1,2,6.0,Unknown,44.779284,-1.167169,00:40:00,2024-03-10
202400019369,08:53,Plein jour,76,76351,2,9,1,3.0,VALLEE (RUE DE LA),49.49635311,0.15737117,08:53:00,2024-11-14
202400019370,11:35,Plein jour,04,04024,1,1,1,1.0,D 900,44.216959,6.36162,11:35:00,2024-06-30
202400019371,11:40,Plein jour,11,11027,1,1,1,1.0,route départementale 6113,43.186318,2.506127,11:40:00,2024-03-12
202400019372,08:50,Plein jour,71,71076,2,1,1,6.0,SAINT VINCENT (REMPART),46.7871,4.85463,08:50:00,2024-11-18
202400019373,16:20,Plein jour,17,17327,1,2,1,1.0,Rue de l?Erable,46.076595,-0.601137,16:20:00,2024-06-28
202400019374,14:15,Plein jour,41,41139,1,4,1,6.0,Départementale 17,47.252648,1.515909,14:15:00,2024-03-11
202400019375,19:45,Plein jour,17,17139,1,1,1,7.0,La Coudre,46.127434,-0.582254,19:45:00,2024-06-28
202400019376,17:45,Plein jour,29,29097,2,1,1,3.0,Rue du Stade,48.486889,-4.038152,17:45:00,2024-03-11
202400019377,08:20,Plein jour,17,17017,1,1,1,7.0,d122E1,45.934378,-0.696688,08:20:00,2024-06-30
202400019378,17:38,,70,70550,2,6,2,6.0,Boulevard Kennedy,47.631313,6.16557,17:38:00,2024-11-18
202400019379,10:40,Plein jour,38,38022,1,1,1,6.0,D33,45.664383,5.569366,10:40:00,2024-03-12
202400019380,15:41,Plein jour,87,87036,1,3,1,3.0,1 Bousseroux,45.685111,0.967666,15:41:00,2024-06-30
202400019381,16:45,Plein jour,58,58024,1,1,2,6.0,ecluse numéro 3,47.14319,3.622785,16:45:00,2024-03-12
202400019382,18:24,,64,64445,2,1,1,2.0,GASTON LACOSTE,43.29244,-0.3635,18:24:00,2024-11-18
202400019383,14:00,Plein jour,05,05046,2,3,1,6.0,16 Rue de la Liberté,44.562989,6.493188,14:00:00,2024-03-12
202400019384,16:45,Plein jour,37,37213,1,2,1,1.0,La Petite Belle Etoile,47.64192759,0.49843901,16:45:00,2024-06-30
202400019385,11:30,Plein jour,64,64445,2,1,1,3.0,BOSQUET,43.29808,-0.3655,11:30:00,2024-11-18
202400019386,23:10,Nuit sans éclairage,18,18058,2,1,1,7.0,10 Rue Saint - Antoine,46.857121,2.31419,23:10:00,2024-03-10
202400019387,20:34,Nuit sans éclairage,973,97307,1,2,1,6.0,Chemin Morthium,4.834631,-52.325274,20:34:00,2024-06-29
202400019388,09:10,Plein jour,64,64129,2,1,1,6.0,JEAN MERMOZ,43.31741,-0.37838,09:10:00,2024-11-18
202400019389,02:40,Nuit avec éclairage,43,43025,1,1,8,6.0,Route de Bas,45.26240414,4.10395846,02:40:00,2024-03-12
202400019390,10:30,Plein jour,67,67389,2,1,1,6.0,Boulevard des enseignes,48.649501,7.730019,10:30:00,2024-06-30
202400019391,07:00,,64,64445,2,3,1,1.0,BIE MOULIE,43.29886,-0.34515,07:00:00,2024-11-18
202400019392,21:10,Nuit sans éclairage,10,10107,1,1,2,2.0,RN 77,48.07172,3.817202,21:10:00,2024-03-11
202400019393,14:20,Plein jour,62,62510,2,1,2,6.0,Rue Alexandre Dumas,50.43453,2.79164,14:20:00,2024-11-14
202400019394,11:30,Plein jour,16,16153,1,1,1,2.0,RN 141,45.667178,-0.181105,11:30:00,2024-03-12
202400019395,17:00,Plein jour,17,17226,1,1,3,7.0,A10,45.934826,-0.563951,17:00:00,2024-06-29
202400019396,22:05,,62,62193,2,1,2,3.0,Rue du Beau Marais,50.94467,1.90455,22:05:00,2024-11-18
202400019397,08:15,Plein jour,13,13103,1,1,1,1.0,A 7 PK234+700,43.629327,5.126023,08:15:00,2024-06-30
202400019398,12:15,Plein jour,53,53195,1,2,1,5.0,Les Daumeries,48.176908,-0.679361,12:15:00,2024-03-11
202400019399,21:00,Nuit sans éclairage,971,97128,1,1,1,6.0,Courcelles,16.255343,-61.327572,21:00:00,2024-06-18
202400019400,08:15,Crépuscule,60,60159,1,1,1,6.0,Rd 973,49.4018,2.85463,08:15:00,2024-11-17
202400019401,06:15,Crépuscule,53,53122,1,1,2,6.0,pk 13.000,48.247669,-0.528846,06:15:00,2024-03-12
202400019402,14:35,Plein jour,17,17430,1,2,1,3.0,D50,45.379007,-0.523739,14:35:00,2024-03-11
202400019403,10:00,Plein jour,971,97111,1,1,1,1.0,"RN2, Bas-vent",16.343336,-61.771998,10:00:00,2024-06-29
202400019404,00:51,Nuit sans éclairage,56,56121,2,1,1,5.0,Pénétrante de  Lorient,47.74842,-3.38709,00:51:00,2024-11-17
202400019405,16:10,Plein jour,30,30249,1,1,1,2.0,D40,43.801711,4.216508,16:10:00,2024-03-10
202400019406,17:30,Plein jour,971,97106,1,1,7,6.0,Rue des Galets,16.169114,-61.776488,17:30:00,2024-06-29
202400019407,16:30,Plein jour,33,33099,2,1,1,6.0,Unknown,44.819111,-0.473067,16:30:00,2024-06-24
202400019408,20:35,Nuit sans éclairage,40,40295,1,1,4,4.0,A63 PK050.000,44.412509,-0.81934,20:35:00,2024-02-23
202400019409,17:10,Plein jour,33,33245,1,1,1,6.0,Unknown,44.810118,-0.41728,17:10:00,2024-06-28
202400019410,18:35,Crépuscule,56,56098,2,3,1,4.0,Rue Jean Jaurès,47.76528,-3.35851,18:35:00,2024-11-16
202400019411,16:00,Plein jour,66,66065,2,6,1,2.0,rue de latour,42.601912,2.976887,16:00:00,2024-06-29
202400019412,16:30,Plein jour,01,01450,1,1,1,2.0,A42,45.903725,5.230833,16:30:00,2024-03-12
202400019413,12:30,Plein jour,56,56098,2,1,1,6.0,Avenue Ambroise Croizat,47.77321,-3.34751,12:30:00,2024-11-15
202400019414,05:10,Crépuscule,05,05038,1,1,1,6.0,D947 - PK 5+600,44.76766193,6.8318587,05:10:00,2024-06-30
202400019415,09:20,Plein jour,33,33122,1,1,1,2.0,Unknown,44.713013,-0.745955,09:20:00,2024-03-12
202400019416,17:45,,50,50147,2,1,3,6.0,DIVISION LECLERC,49.06022,-1.435,17:45:00,2024-11-18
202400019417,05:45,Plein jour,976,97607,1,1,1,5.0,rn2 - Ironie bé,-12.846485,45.182894,05:45:00,2024-03-12
202400019418,16:05,Plein jour,49,49099,2,3,1,3.0,CARNOT (RUE SADI),47.06086,-0.87195,16:05:00,2024-11-15
202400019419,18:45,Plein jour,26,26072,1,1,1,6.0,Autoroute A7 PK 050.368,45.106954,4.883519,18:45:00,2024-06-30
202400019420,18:23,Crépuscule,49,49007,2,1,1,6.0,PASTEUR AVENUE,47.47161,-0.54329,18:23:00,2024-11-17
202400019421,10:50,Plein jour,52,52488,2,1,1,1.0,18 Rue Principale,47.99142,5.285185,10:50:00,2024-06-29
202400019422,02:50,Nuit sans éclairage,49,49267,2,1,1,2.0,RD 347,47.469624,-0.447801,02:50:00,2024-11-17
202400019423,22:00,Nuit avec éclairage,971,97115,1,1,1,6.0,N2,16.261162,-61.634704,22:00:00,2024-03-10
202400019424,16:30,Plein jour,16,16163,1,1,1,5.0,Unknown,45.6725,0.0025,16:30:00,2024-06-30
202400019425,06:45,Plein jour,972,97228,2,1,1,2.0,Rue du Pave,14.7941,-61.015411,06:45:00,2024-03-12
202400019426,12:30,Plein jour,47,47001,2,4,1,2.0,COLMAR (AV. DE),44.19463,0.64275,12:30:00,2024-11-18
202400019427,13:35,Plein jour,33,33233,1,1,1,6.0,Unknown,45.152249,-0.360541,13:35:00,2024-06-30
202400019428,18:00,Plein jour,95,95462,1,1,1,7.0,D171,49.12908036,1.70857811,18:00:00,2024-03-10
202400019429,18:12,,45,45068,2,1,2,1.0,3 Rue Nelson Mandela,48.01022,2.72426,18:12:00,2024-11-18
202400019430,07:05,Crépuscule,33,33498,1,1,5,6.0,Unknown,44.577538,-0.88382,07:05:00,2024-06-24
202400019431,08:13,Plein jour,57,57260,1,1,1,2.0,N61,49.13298275,7.03816355,08:13:00,2024-03-11
202400019432,12:50,Plein jour,42,42170,1,1,1,6.0,Route du Beaujolais,46.03836,4.14142,12:50:00,2024-11-18
202400019433,23:35,,22,22044,2,1,1,3.0,24b Rue de la Glanerie,48.48947,-2.595649,23:35:00,2024-06-29
202400019434,19:00,,73,73089,2,2,1,6.0,D204 / D31,45.52874957,6.14860223,19:00:00,2024-03-07
202400019435,18:33,Nuit sans éclairage,40,40192,2,1,1,1.0,THORE (CHEMIN DE),43.89382,-0.52116,18:33:00,2024-11-14
202400019436,07:27,Plein jour,27,27358,1,1,1,6.0,Rue de l?Ancienne Abbaye,49.047748,1.305122,07:27:00,2024-06-30
202400019437,16:15,Plein jour,38,38537,2,1,1,6.0,avenue de la verpilliere,45.62504,5.153438,16:15:00,2024-03-12
202400019438,20:00,,33,33281,2,6,1,2.0,Unknown,44.8135,-0.713648,20:00:00,2024-11-18
202400019439,05:50,Crépuscule,69,69276,1,1,1,2.0,Route Départementale 301,45.68684,4.86654,05:50:00,2024-06-29
202400019440,16:30,Plein jour,33,33227,2,1,2,5.0,Unknown,44.545692,-0.263153,16:30:00,2024-03-04
202400019441,15:50,Plein jour,33,33065,1,6,1,3.0,Unknown,44.81292,-0.52369,15:50:00,2024-11-18
202400019442,14:25,Plein jour,61,61271,2,6,1,6.0,D2,48.610738,-0.118231,14:25:00,2024-03-11
202400019443,16:45,Plein jour,91,91434,1,1,1,5.0,AUTOROUTE A6,48.66815,2.35502,16:45:00,2024-06-29
202400019444,13:00,Plein jour,50,50099,1,2,2,3.0,Route Américaine,49.305916,-1.262934,13:00:00,2024-03-12
202400019445,08:25,Plein jour,33,33075,2,2,1,5.0,Unknown,44.87964,-0.62678,08:25:00,2024-11-18
202400019446,11:40,Plein jour,91,91216,1,1,1,4.0,AUTOROUTE A6,48.68289,2.32955,11:40:00,2024-06-29
202400019447,13:20,Plein jour,60,60612,2,2,8,6.0,26 Rue de la République,49.2017611,2.58236256,13:20:00,2024-02-09
202400019448,09:45,Plein jour,31,31555,2,1,1,3.0,STRASBOURG (BD DE) DU 2AU 66,43.60925,1.44497,09:45:00,2024-11-18
202400019449,19:01,Plein jour,92,92060,1,1,1,4.0,A86 EXT ,48.77452416,2.2403496,19:01:00,2024-06-28
202400019450,19:05,,29,29232,2,1,2,2.0,Boulevard Louis le Guennec,47.982836,-4.11053639,19:05:00,2024-11-18
202400019451,15:55,Plein jour,95,95394,1,1,1,7.0,A115,49.05163571,2.18238207,15:55:00,2024-06-28
202400019452,18:58,Nuit sans éclairage,27,27229,2,1,1,3.0,GAMBETTA (BOULEVARD),49.0186409,1.1432768,18:58:00,2024-11-17
202400019453,19:30,,25,25031,2,9,1,6.0,REVOLUTION DE 1789 AVENUE DE LA),47.4872,6.84226,19:30:00,2024-11-18
202400019454,23:27,Nuit sans éclairage,13,13005,1,1,2,2.0,A50-Sens Marseille vers Aubagne,43.28629,5.56839,23:27:00,2024-03-10
202400019455,15:44,Plein jour,57,57067,1,1,1,6.0,Autoroute A31,49.31680228,6.18267235,15:44:00,2024-03-10
202400019456,09:50,Plein jour,33,33487,1,1,3,6.0,Unknown,44.954,-0.4563,09:50:00,2024-03-11
202400019457,02:50,Nuit sans éclairage,33,33090,1,1,1,6.0,Unknown,44.76603,-0.670969,02:50:00,2024-03-10
202400019458,22:35,,21,21231,2,2,1,3.0,Boulevard Voltaire,47.318695,5.051453,22:35:00,2024-11-16
202400019459,02:24,Nuit sans éclairage,91,91521,1,1,1,7.0,RN 449,48.63201,2.40076,02:24:00,2024-03-11
202400019460,13:30,Plein jour,17,17415,2,1,8,3.0,Avenue de Saintonge,45.740796,-0.6293,13:30:00,2024-11-18
202400019461,06:50,,14,14069,2,3,2,7.0,2 Chemin de Grais,49.1301,0.26626,06:50:00,2024-11-18
202400019462,02:30,Nuit sans éclairage,92,92036,1,1,2,6.0,A86,48.93513721,2.26665421,02:30:00,2024-03-10
202400019463,18:39,,14,14117,2,6,1,3.0,14 Avenue Charles de Gaulle,49.287623,-0.123162,18:39:00,2024-11-08
202400019464,18:10,Plein jour,92,92036,1,1,3,2.0,A86,48.93865784,2.29531682,18:10:00,2024-03-09
202400019465,08:20,Plein jour,13,13213,2,1,1,6.0,NOGARETTE (RUE),43.33164201,5.40857186,08:20:00,2024-11-18
202400019466,04:40,Nuit sans éclairage,93,93029,1,1,1,6.0,A86,48.92609879,2.42244591,04:40:00,2024-03-11
202400019467,16:14,Plein jour,06,06069,1,1,1,6.0,36 Boulevard Pasteur,43.65995,6.91067,16:14:00,2024-11-18
202400019468,13:00,Plein jour,44,44109,2,1,1,2.0,26 Rue de Gigant,47.21434644,-1.57108324,13:00:00,2024-02-19
202400019469,08:30,Crépuscule,06,06069,2,1,1,7.0,122 Route de Cannes,43.6377,6.95048,08:30:00,2024-11-18
202400019470,08:00,Crépuscule,06,06029,2,1,1,7.0,81 Boulevard Carnot,43.56091,7.01675,08:00:00,2024-11-13
202400019471,15:35,Plein jour,44,44109,2,1,8,6.0,Quai de Tourville,47.20935906,-1.55579709,15:35:00,2024-02-15
202400019472,10:10,Plein jour,44,44020,1,1,8,6.0,Route de Pornic,47.17832732,-1.60917412,10:10:00,2024-02-14
202400019473,13:00,Plein jour,04,04112,2,1,1,2.0,HAUTE PROVENCE (BD. DE),43.82844,5.78745,13:00:00,2024-11-16
202400019474,20:00,Nuit sans éclairage,60,60374,1,1,2,7.0,D47,49.566934,2.512543,20:00:00,2024-11-19
202400019475,06:56,Crépuscule,44,44109,2,6,8,7.0,6 Avenue Jean Claude Bonduelle,47.21200631,-1.54377339,06:56:00,2024-02-14
202400019476,19:40,,35,35328,2,1,5,1.0,Rue de la Sauldre,47.775603,-2.081764,19:40:00,2024-11-04
202400019477,23:25,,44,44109,2,6,8,6.0,Rond-Point de Vannes,47.22971689,-1.57232438,23:25:00,2024-02-14
202400019478,08:30,Crépuscule,44,44109,2,1,8,3.0,76 Rue Desaix,47.22799848,-1.54964502,08:30:00,2024-02-13
202400019479,06:45,Nuit sans éclairage,14,14162,1,3,2,2.0,LA LANDELLE,48.927392,-0.506699,06:45:00,2024-11-18
202400019480,22:00,Nuit avec éclairage,33,33327,2,6,1,6.0,Unknown,44.647472,-0.351364,22:00:00,2024-11-18
202400019481,19:00,Crépuscule,44,44143,2,6,8,6.0,Rue Louise Michel,47.18865639,-1.55093624,19:00:00,2024-02-13
202400019482,19:30,Plein jour,974,97416,2,2,1,3.0,LAPIERRE (RUE HENRI),-21.33692,55.46433,19:30:00,2024-03-10
202400019483,08:00,Plein jour,69,69277,2,1,2,7.0,10 Rue Lionel Terray,45.71863278,4.99235987,08:00:00,2024-11-19
202400019484,08:45,Plein jour,972,97213,2,1,3,6.0,ROUTE DEPARTEMENTALE 3,14.63037,-60.9878,08:45:00,2024-03-10
202400019485,18:45,Crépuscule,23,23245,1,1,8,1.0,pk 38 N145,46.191647,1.806116,18:45:00,2024-11-18
202400019486,22:10,,972,97209,1,1,1,6.0,AUTOROUTE (A1),14.61466,-61.04921,22:10:00,2024-03-09
202400019487,17:30,Crépuscule,86,86066,2,1,3,6.0,Rue Marcel Beauchêne,46.792785,0.587023,17:30:00,2024-03-08
202400019488,13:20,Plein jour,56,56240,1,1,2,7.0,Kergroes,47.522055,-2.769188,13:20:00,2024-11-18
202400019489,11:45,Plein jour,83,83069,2,3,1,3.0,ALMANARRE (ROUTE DE L'),43.095,6.1312,11:45:00,2024-03-10
202400019490,20:05,Nuit sans éclairage,81,81144,1,1,2,2.0,RN 88,43.97056,2.183,20:05:00,2024-03-10
202400019491,17:25,,67,67463,2,9,2,6.0,Route de Hatten,48.895696,8.096141,17:25:00,2024-11-18
202400019492,19:00,,77,77373,2,1,3,6.0,AV DE LA REPUBLIQUE,48.80319027,2.61070344,19:00:00,2024-03-09
202400019493,12:30,Plein jour,65,65460,1,3,1,2.0,D935,43.401711,0.053515,12:30:00,2024-11-16
202400019494,18:50,Nuit sans éclairage,65,65296,1,1,1,6.0,Route de Perron,43.557902,-0.046349,18:50:00,2024-11-16
202400019495,16:45,Plein jour,77,77284,2,1,2,3.0,CRECHE (RUE DE LA),48.95315,2.88535,16:45:00,2024-03-09
202400019496,15:30,Plein jour,63,63393,2,2,1,6.0,Rue Docteur Roddier,45.889344,3.591827,15:30:00,2024-11-19
202400019497,16:20,Plein jour,77,77186,1,1,1,3.0,D 607,48.350868,2.695821,16:20:00,2024-03-10
202400019498,12:45,Plein jour,76,76429,2,6,1,1.0,Rue de Belbeuf,49.40897,1.1404,12:45:00,2024-03-10
202400019499,07:25,Crépuscule,61,61405,1,1,2,6.0,D286,48.299239,0.756683,07:25:00,2024-11-19
202400019500,16:30,Plein jour,76,76212,2,6,1,6.0,Place du Marechal Foch,49.44055044,1.14551575,16:30:00,2024-03-09
202400019501,02:42,Nuit sans éclairage,12,12122,1,1,1,6.0,D999,44.014299,3.118529,02:42:00,2024-11-03
202400019502,13:10,Plein jour,71,71486,2,1,1,2.0,LOUIS AUBLANC (RUE),46.64270114,4.35123704,13:10:00,2024-03-10
202400019503,18:00,,42,42097,2,1,1,3.0,M1082,45.501584,4.312051,18:00:00,2024-11-18
202400019504,17:20,Plein jour,69,69271,2,1,1,6.0,Rue Marius Berliet,45.73743,4.95589,17:20:00,2024-03-09
202400019505,17:12,Crépuscule,68,68201,2,1,3,6.0,4 Rue du Général de Gaulle,47.772697,7.001601,17:12:00,2024-11-19
202400019506,17:55,Plein jour,65,65286,2,1,1,6.0,Place du Champ Commun,43.09426,-0.04649,17:55:00,2024-03-09
202400019507,19:25,Nuit sans éclairage,44,44220,1,1,1,6.0,La Genonville,47.1997,-1.866989,19:25:00,2024-11-17
202400019508,11:35,Plein jour,63,63113,2,1,1,2.0,PAULINES (AVENUE DES),45.77605667,3.09735596,11:35:00,2024-03-10
202400019509,10:45,Plein jour,35,35243,1,2,2,1.0,La Morinais,48.378366,-1.255869,10:45:00,2024-11-18
202400019510,10:05,Plein jour,84,84089,2,6,1,6.0,Route d?Aix- rond   point  d'Herborn,43.682053,5.50043,10:05:00,2024-11-18
202400019511,18:10,Nuit sans éclairage,15,15225,1,1,2,1.0,RD 3,45.199042,2.82104,18:10:00,2024-11-18
202400019512,22:00,,62,62178,2,3,2,3.0,Rue Raoul Briquet,50.47556405,2.55465683,22:00:00,2024-03-10
202400019513,06:36,Nuit sans éclairage,01,01272,1,1,2,1.0,D936,46.157096,4.997022,06:36:00,2024-11-19
202400019514,16:53,Plein jour,59,59367,2,1,1,6.0,Rue du Fresnoy,50.67531,3.22915,16:53:00,2024-03-10
202400019515,13:45,Plein jour,72,72217,1,1,1,7.0,lieu dit le vignau,48.06544179,0.22423267,13:45:00,2024-11-14
202400019516,13:50,Plein jour,59,59163,2,2,2,1.0,JAURES (AVENUE JEAN),50.669,3.155,13:50:00,2024-03-10
202400019517,23:30,Nuit sans éclairage,83,83083,1,1,1,7.0,D22,43.469494,6.114213,23:30:00,2024-11-18
202400019518,09:55,Plein jour,59,59183,2,9,1,3.0,BERTEAUX MAURICE - AVENUE,51.0282,2.3507,09:55:00,2024-03-09
202400019519,15:05,Plein jour,36,36121,1,1,1,3.0,Unknown,46.83044857,1.95368822,15:05:00,2024-11-14
202400019520,11:30,Plein jour,54,54149,2,1,1,6.0,D521,49.42908,5.93088,11:30:00,2024-03-10
202400019521,08:30,Plein jour,85,85006,1,1,2,7.0,la roseraie,46.785562,-1.7467,08:30:00,2024-11-19
202400019522,10:20,Plein jour,46,46042,2,1,3,6.0,GAMBETTA (BOULEVARD LEON) N°IMPAIR,44.45143,1.44005,10:20:00,2024-03-08
202400019523,19:20,,987,98715,2,1,1,2.0,PARKING PHARMACIE AÉROPORT - ST HILAIRE,-17.584,-149.56,19:20:00,2024-11-16
202400019524,12:47,Plein jour,72,72353,1,1,2,6.0,"Autoroute A11, PK 123+000, sens PARIS/LE MANS",48.17936113,0.779454,12:47:00,2024-11-18