Num_Acc,hrmn,lum,dep,com,agg,int,atm,col,adr,lat,long,heure,date
202400019525,15:30,Plein jour,971,97112,1,1,1,6.0,N9,15.925986,-61.318474,15:30:00,2024-11-19
202400019526,19:45,Crépuscule,28,28372,1,1,1,7.0,D4,48.63868,1.591301,19:45:00,2024-11-09
202400019527,12:30,Plein jour,83,83079,1,1,1,1.0,D98,43.227933,6.510226,12:30:00,2024-11-19
202400019528,18:50,,26,26179,1,6,1,6.0,autoroute A7,45.06787317,4.87121344,18:50:00,2024-11-18
202400019529,11:00,Plein jour,54,54557,1,6,1,3.0,D400,48.69253736,6.05065584,11:00:00,2024-11-15
202400019530,19:20,,38,38316,2,1,1,6.0,47 Rue Giffard,45.755893,5.183697,19:20:00,2024-11-13
202400019531,07:45,Nuit sans éclairage,85,85088,2,9,8,6.0,Rue du centre,46.719621,-1.901076,07:45:00,2024-11-19
202400019532,13:35,Plein jour,44,44210,2,1,2,6.0,Avenue de la République,47.289695,-2.209239,13:35:00,2024-11-18
202400019533,06:44,Nuit sans éclairage,59,59263,1,6,3,2.0,D643,50.32596,3.109657,06:44:00,2024-11-18
202400019534,13:00,Plein jour,13,13088,1,1,7,2.0,A55 SENS MARTIGUES-MARSEILLE,43.3800571,5.22169349,13:00:00,2024-11-18
202400019535,21:00,Nuit sans éclairage,91,91235,1,1,2,4.0,RN 104,48.6261,2.3542,21:00:00,2024-11-18
202400019536,17:32,Crépuscule,78,78133,1,1,1,4.0,A13W,48.89338,2.00816,17:32:00,2024-11-17
202400019537,18:21,Nuit sans éclairage,78,78455,1,1,1,5.0,A13,48.860341,2.047954,18:21:00,2024-11-17
202400019538,18:45,Nuit sans éclairage,92,92050,1,1,1,3.0,A86,48.9144637,2.21961284,18:45:00,2024-11-16
202400019539,02:00,,93,93039,1,1,1,2.0,AUTOROUTE A86,48.92667897,2.33583977,02:00:00,2024-11-18
202400019540,10:55,Plein jour,94,94018,1,1,1,2.0,A4,48.81739541,2.41619825,10:55:00,2024-04-17
202400019541,09:10,Plein jour,94,94018,1,1,1,7.0,A4,48.82194249,2.39804712,09:10:00,2024-04-17
202400019542,17:50,Plein jour,87,87085,2,1,2,1.0,LEOBARDY (AVE DU PROF JOSEPH DE),45.81024,1.2396,17:50:00,2024-02-16
202400019543,18:05,,76,76351,2,2,1,1.0,GRAVILLE (BD DE),49.49555,0.14715,18:05:00,2024-02-17
202400019544,09:40,Plein jour,30,30189,2,1,1,7.0,Boulevard Pasteur Marc Boegner,43.8231,4.3281,09:40:00,2024-02-16
202400019545,21:05,,06,06123,2,3,1,3.0,Avenue du Général Leclerc,43.6742262,7.1895346,21:05:00,2024-02-17
202400019546,07:50,Plein jour,987,98736,2,1,1,7.0,CHARLES DE GAULLE (AV),-17.541346,-149.569749,07:50:00,2024-04-12
202400019547,12:20,Plein jour,974,97411,2,6,1,2.0,JAURES (BOULEVARD JEAN),-20.9009,55.48717,12:20:00,2024-04-17
202400019548,15:30,Plein jour,973,97302,2,2,2,5.0,CATAYEE (JUSTIN),4.94163733,-52.33113572,15:30:00,2024-04-17
202400019549,18:25,Plein jour,69,69383,2,2,1,3.0,Rue Paul Bert,45.75705988,4.85850589,18:25:00,2024-04-17
202400019550,06:20,Plein jour,69,69386,2,1,1,3.0,Quai de Serbie,45.77133,4.84099,06:20:00,2024-04-17
202400019551,06:30,Crépuscule,69,69149,2,2,8,3.0,Rue de la République (Pierre-Bénite),45.7025,4.8318,06:30:00,2024-04-17
202400019552,08:00,Plein jour,971,97101,1,1,1,6.0,ROUTE DE BOISVINS,16.26486,-61.48855,08:00:00,2024-04-14
202400019553,10:00,Plein jour,971,97101,2,1,1,6.0,BOISRIPEAUX,16.27524,-61.50686,10:00:00,2024-01-10
202400019554,22:10,Nuit sans éclairage,95,95018,2,3,1,1.0,D311,48.94245232,2.25668288,22:10:00,2024-04-17
202400019555,00:15,,91,91027,2,2,1,5.0,RUE PAUL DEMANGE,48.71615,2.37085,00:15:00,2024-04-17
202400019556,12:15,Plein jour,91,91174,2,3,1,6.0,ALL DES ORMES,48.60385,2.4899,12:15:00,2024-04-16
202400019557,10:15,Plein jour,89,89387,1,1,1,6.0,D606,48.19089,3.31216,10:15:00,2024-04-17
202400019558,14:25,Plein jour,84,84007,1,1,1,3.0,CAVAILLON (Route de Cavaillon)-MONTFAVET,43.88931,4.91483,14:25:00,2024-04-17
202400019559,15:00,Plein jour,83,83129,1,1,1,2.0,MER (AVENUE DE LA) N°IMPAIRS,43.10613,5.81519,15:00:00,2024-04-16
202400019560,02:35,,82,82121,2,1,1,6.0,chemin de saint pierre,44.04947704,1.33242273,02:35:00,2024-04-18
202400019561,03:00,,77,77438,2,1,8,6.0,SAINT GERMAIN DES NOYERS  (AVENUE),48.85991,2.67226,03:00:00,2024-04-17
202400019562,21:56,,69,69256,2,1,2,7.0,Rue Jean Jaurès,45.78827599,4.93314251,21:56:00,2024-04-17
202400019563,12:15,Plein jour,67,67462,2,3,1,3.0,THIERS (BOULEVARD),48.25768,7.45864,12:15:00,2024-04-16
202400019564,22:20,,64,64335,2,6,1,3.0,CHARLES DE GAULLE,43.31823,-0.42459,22:20:00,2024-04-18
202400019565,08:25,Plein jour,64,64269,2,9,2,3.0,BUTTE DE LA,43.28874,-0.31209,08:25:00,2024-04-17
202400019566,18:30,Plein jour,59,59205,2,3,1,3.0,RUE PAUL BERT,50.32399,3.34298,18:30:00,2024-04-17
202400019567,19:00,Plein jour,59,59360,2,1,8,6.0,POTIE GEORGES RUE,50.61368,3.00637,19:00:00,2024-04-17
202400019568,18:15,Plein jour,50,50129,2,1,1,3.0,NAPOLEON (PLACE),49.64366,-1.62564,18:15:00,2024-04-15
202400019569,09:10,Plein jour,49,49267,1,1,1,2.0,A87N,47.47561,-0.50384,09:10:00,2024-04-17
202400019570,16:52,Plein jour,49,49007,2,1,1,3.0,PAJOTIN,47.46331,-0.52901,16:52:00,2024-04-16
202400019571,20:40,,45,45234,2,3,8,4.0,80 Boulevard Alexandre Martin,47.906391,1.907094,20:40:00,2024-04-17
202400019572,11:05,Plein jour,45,45075,2,1,1,2.0,5a Rue des Hauts,47.88729,1.83863,11:05:00,2024-04-17
202400019573,03:20,Nuit sans éclairage,42,42187,2,1,2,6.0,Cours de la République,46.03865731,4.06417689,03:20:00,2024-04-17
202400019574,14:10,Plein jour,41,41018,2,1,1,2.0,GUINIERES (RUE DES),47.6139,1.33036,14:10:00,2024-04-16
202400019575,09:15,Plein jour,974,97413,2,1,1,1.0,194 Route Hubert Delisle,-21.196876,55.328286,09:15:00,2024-12-24
202400019576,12:58,Plein jour,37,37261,2,2,1,3.0,HUARD (RUE ERNEST),47.40728,0.68505,12:58:00,2024-04-17
202400019577,16:30,Crépuscule,67,67472,2,1,2,6.0,8 Grand Rue,48.829495,7.965519,16:30:00,2024-12-23
202400019578,12:38,Plein jour,35,35278,1,1,2,4.0,RD 29,48.15688,-1.6991,12:38:00,2024-04-17
202400019579,19:00,Nuit sans éclairage,15,15108,1,1,4,6.0,A 75 ,44.919476,3.213673,19:00:00,2024-12-23
202400019580,14:30,Plein jour,19,19028,2,1,1,6.0,Avenue Gambetta,45.38998334,2.49439825,14:30:00,2024-12-24
202400019581,21:05,,34,34172,2,3,1,3.0,MOULINS (AVENUE DES,43.63226,3.84324,21:05:00,2024-04-17
202400019582,18:50,Plein jour,33,33162,2,1,1,3.0,Unknown,44.88945,-0.649054,18:50:00,2024-04-17
202400019583,09:30,Plein jour,33,33529,2,1,1,2.0,Unknown,44.63215,-1.1465,09:30:00,2024-04-17
202400019584,10:00,Plein jour,56,56206,1,1,8,5.0,le Chapeau Rouge,47.671269,-2.725157,10:00:00,2024-12-24
202400019585,23:40,,31,31555,2,3,2,3.0,AV DE LATTRE DE TASSIGNY,43.57902,1.43685,23:40:00,2024-04-16
202400019586,22:17,Nuit sans éclairage,79,79147,1,1,1,7.0,Unknown,46.663899,-0.5317,22:17:00,2024-12-23
202400019587,19:30,Nuit sans éclairage,79,79007,1,1,8,1.0,Unknown,46.556942,-0.413532,19:30:00,2024-12-23
202400019588,00:50,,27,27229,2,6,2,6.0,COCHEREL (RUE DE),49.02053,1.181999,00:50:00,2024-04-18
202400019589,11:35,Plein jour,2A,2A271,2,1,1,1.0,T22,41.954272,8.792517,11:35:00,2024-10-14
202400019590,12:00,Plein jour,27,27229,2,1,1,6.0,BUZOT (RUE),49.02844,1.15279,12:00:00,2024-04-17
202400019591,11:40,Plein jour,32,32051,1,1,8,6.0,D4,43.532224,0.892199,11:40:00,2024-12-23
202400019592,13:50,Plein jour,14,14366,2,1,1,2.0,25 Rue Calmette et Guérin,49.150128,0.257229,13:50:00,2024-04-17
202400019593,13:11,Plein jour,89,89460,2,2,1,3.0,D103,48.335238,3.064196,13:11:00,2024-12-23
202400019594,02:00,,14,14366,2,1,1,6.0,Route d'Orbec,49.14053,0.23181,02:00:00,2024-04-17
202400019595,14:00,Plein jour,13,13071,2,1,1,3.0,ROUTE NATIONALE 368 (PLAN DES PENNES),43.4025,5.27457,14:00:00,2024-04-17
202400019596,13:10,Plein jour,61,61050,1,3,2,2.0,1776 l'Epine de Feuillet,48.439614,0.733444,13:10:00,2024-12-24
202400019597,08:00,Plein jour,13,13117,2,1,1,2.0,MARSEILLE ( AVENUE DE ),43.44222,5.2589,08:00:00,2024-04-17
202400019598,17:45,Nuit sans éclairage,12,12056,1,6,5,3.0,D911,44.284095,2.426015,17:45:00,2024-12-24
202400019599,14:15,Plein jour,13,13215,2,1,1,2.0,LITTORAL (CHEMIN DU),43.34,5.34,14:15:00,2024-03-15
202400019600,19:50,Nuit sans éclairage,44,44175,1,1,2,6.0,22 Le Crelin,47.390781,-2.319301,19:50:00,2024-12-23
202400019601,10:40,Plein jour,13,13215,2,1,1,6.0,LYON (RUE DE),43.33,5.36,10:40:00,2024-04-17
202400019602,12:00,Plein jour,13,13206,2,9,1,3.0,PAUL PEYTRAL (BOULEVARD),43.3,5.4,12:00:00,2024-04-16
202400019603,20:00,Nuit sans éclairage,14,14601,2,1,6,6.0,1 Route de Lisieux,49.283862,0.207453,20:00:00,2024-12-22
202400019604,15:40,Plein jour,10,10081,2,1,1,6.0,Rue Teilhard de Chardin,48.3044,4.0325,15:40:00,2024-04-14
202400019605,10:43,Nuit sans éclairage,09,09139,1,1,4,1.0,nationale 20,42.586728,1.795862,10:43:00,2024-12-22
202400019606,09:47,Plein jour,10,10387,2,4,1,7.0,ANATOLE FRANCE (RUE),48.28601,4.07537,09:47:00,2024-04-16
202400019607,19:30,Nuit sans éclairage,64,64206,1,1,8,1.0,RN134,43.071713,-0.606077,19:30:00,2024-12-23
202400019608,21:10,Nuit sans éclairage,40,40211,1,1,1,6.0,Route de Saubusse,43.651479,-1.184378,21:10:00,2024-12-18
202400019609,01:12,,06,06088,2,2,1,3.0,Avenue Raoul Dufy,43.68175,7.21475,01:12:00,2024-04-18
202400019610,16:15,Plein jour,06,06088,2,8,1,6.0,Boulevard René Cassin,43.674942,7.227116,16:15:00,2024-04-17
202400019611,22:29,Nuit sans éclairage,85,85084,1,1,2,3.0,RD160,46.7791,-1.21655,22:29:00,2024-12-20
202400019612,16:40,Plein jour,05,05061,2,1,1,3.0,GENERAL DE GAULLE ( BD ),44.55965,6.07582,16:40:00,2024-04-13
202400019613,16:25,Plein jour,85,85135,2,1,1,7.0,RD746,46.53814,-1.23049,16:25:00,2024-12-23
202400019614,08:00,Crépuscule,27,27243,1,1,2,1.0,d 180,49.409036,0.302285,08:00:00,2024-12-24
202400019615,12:20,Plein jour,02,02408,2,1,1,3.0,Unknown,49.5671,3.6296,12:20:00,2024-04-17
202400019616,18:00,Nuit sans éclairage,27,27157,1,1,2,1.0,Rue de Damville,48.877523,1.002792,18:00:00,2024-12-23
202400019617,20:50,Nuit sans éclairage,01,01289,1,1,1,3.0,BOULEAUX ( CHEMIN DES ) IMPAIR,46.17916,5.22834,20:50:00,2024-04-17
202400019618,14:23,Plein jour,10,10084,1,1,4,7.0, A26,48.401087,4.150214,14:23:00,2024-12-22
202400019619,19:30,,75,75116,2,1,2,3.0,BD PERIPHERIQUE EXTERIEUR,48.872906,2.274447,19:30:00,2024-04-16
202400019620,19:45,Nuit sans éclairage,01,01089,1,1,1,2.0,Autoroute A42,45.947703,5.299487,19:45:00,2024-12-24
202400019621,23:15,Nuit sans éclairage,75,75120,2,3,2,3.0,PLACE DE LA PORTE DE MONTREUIL,48.854378,2.412901,23:15:00,2024-04-16
202400019622,13:21,Plein jour,75,75119,2,4,8,6.0,RUE ARCHEREAU,48.889263,2.371489,13:21:00,2024-04-17
202400019623,18:05,Nuit sans éclairage,72,72360,1,1,1,5.0,a81,48.04554169,0.10761336,18:05:00,2024-12-24
202400019624,09:30,Plein jour,75,75115,2,2,1,3.0,RUE DE VOUILLE,48.834699,2.305161,09:30:00,2024-04-17
202400019625,11:50,Plein jour,06,06088,1,1,1,2.0,A8 PK192.705,43.716489,7.213495,11:50:00,2024-12-24
202400019626,12:25,Plein jour,75,75114,2,3,2,6.0,AVENUE DU GENERAL LECLERC,48.826891,2.326536,12:25:00,2024-04-17
202400019627,17:34,Crépuscule,49,49068,1,1,1,6.0,A11- PK 287.700,47.432965,-0.873241,17:34:00,2024-12-22
202400019628,22:30,Nuit sans éclairage,33,33552,1,1,2,2.0,Unknown,44.63337776,-0.41564121,22:30:00,2024-12-23
202400019629,11:20,Plein jour,75,75114,2,2,2,7.0,BOULEVARD DU MONTPARNASSE,48.843001,2.326326,11:20:00,2024-04-16
202400019630,17:15,Crépuscule,33,33005,2,1,1,6.0,Unknown,44.745308,-1.093692,17:15:00,2024-12-23
202400019631,10:00,Plein jour,75,75113,2,2,1,6.0,RUE DE TOLBIAC,48.828474,2.372949,10:00:00,2024-04-17
202400019632,08:00,Plein jour,987,98747,1,1,1,3.0,PK 5.300 AFAAHITI,-17.730458,-149.28817,08:00:00,2024-12-24
202400019633,15:20,Plein jour,94,94017,2,1,2,6.0,Avenue des Grands Godets,48.81262,2.532572,15:20:00,2024-04-17
202400019634,01:12,,34,34213,1,1,1,6.0,D613,43.469755,3.675678,01:12:00,2024-12-21
202400019635,18:00,Plein jour,93,93070,2,1,8,6.0,Rue Albert Dhalenne,48.91587164,2.33084679,18:00:00,2024-04-17
202400019636,18:00,Plein jour,93,93039,2,9,9,7.0,Rue Méchin,48.93572744,2.33786774,18:00:00,2024-04-17
202400019637,12:00,Plein jour,13,13100,1,2,1,3.0,RD571 PK 14+491,43.805962,4.833244,12:00:00,2024-12-23
202400019638,06:00,,93,93064,2,3,1,6.0,Rue de la Prevoyance / Avenue Jean Jaurès,48.867566,2.486136,06:00:00,2024-04-17
202400019639,10:17,Plein jour,13,13066,2,9,1,1.0,Noves,43.877831,4.903851,10:17:00,2024-12-23
202400019640,19:30,Crépuscule,93,93032,2,1,1,2.0,Rue Vaillant Couturier,48.86743431,2.55828738,19:30:00,2024-04-16
202400019641,15:00,Plein jour,89,89380,1,1,2,6.0,autoroute A19 pk 028.850,48.064429,3.108616,15:00:00,2024-12-21
202400019642,09:15,Plein jour,93,93008,2,1,1,3.0,Avenue Jean Jaures,48.903417,2.440044,09:15:00,2024-04-17
202400019643,07:45,Crépuscule,65,65193,1,9,1,1.0,1156 Route de Mauleon,42.987888,0.572987,07:45:00,2024-01-30
202400019644,18:15,Nuit avec éclairage,57,57069,1,1,2,1.0,D63b,49.273408,6.638012,18:15:00,2024-12-24
202400019645,06:30,Crépuscule,93,93008,2,1,8,6.0,Avenue Paul Vaillant - Couturier,48.9084,2.45142,06:30:00,2024-04-17
202400019646,18:06,,38,38524,2,1,3,6.0,Rue de l'Industrie,45.097874,5.681841,18:06:00,2024-12-23
202400019647,18:30,Nuit sans éclairage,14,14411,1,2,1,3.0,2 Route des Carreaux,48.966833,-0.402276,18:30:00,2024-01-29
202400019648,08:50,Plein jour,92,92064,2,1,7,6.0,MARECHAL JUIN,48.83800427,2.22152925,08:50:00,2024-04-17
202400019649,17:57,Nuit sans éclairage,17,17409,1,1,1,1.0,route departementale 733,45.691088,-0.996323,17:57:00,2024-12-23
202400019650,18:25,Nuit sans éclairage,17,17172,1,3,1,4.0,D143,45.557662,-0.668551,18:25:00,2024-01-27
202400019651,12:35,Plein jour,92,92063,2,9,1,3.0,FLOQUET (RUE CHARLES) EST,48.8739564,2.17809319,12:35:00,2024-04-17
202400019652,16:50,Plein jour,86,86137,2,3,1,3.0,Avenue d’Anjou,47.021571,0.080182,16:50:00,2024-12-23
202400019653,19:10,Crépuscule,91,91666,1,1,1,1.0,SAULX (RUE DE),48.685046,2.239553,19:10:00,2024-01-29
202400019654,14:30,Plein jour,92,92062,2,1,2,4.0,DE DION BOUTON (QUAI) DU 1 AU 28,48.87681774,2.24080503,14:30:00,2024-04-17
202400019655,02:05,Nuit sans éclairage,85,85226,1,1,1,1.0,RD38,46.7351,-1.95865,02:05:00,2024-12-20
202400019656,11:55,Plein jour,44,44149,1,1,1,7.0,2 Le Doux,47.470045,-1.588501,11:55:00,2024-01-28
202400019657,15:20,Plein jour,44,44215,1,1,1,1.0,14 Route des Pégers,47.147323,-1.468875,15:20:00,2024-12-24
202400019658,08:00,Plein jour,92,92025,2,2,1,3.0,KLEBER (AV),48.93428637,2.25587833,08:00:00,2024-04-17
202400019659,21:00,Nuit sans éclairage,22,22339,1,1,2,6.0,le Portail,48.48067,-2.064384,21:00:00,2024-12-23
202400019660,18:55,Plein jour,08,08313,2,3,8,7.0,intersection D30 / rue du port,49.512222,4.299903,18:55:00,2024-04-17
202400019661,18:15,,62,62297,2,3,1,3.0,D219,50.809881,2.149415,18:15:00,2024-01-29
202400019662,17:15,Nuit sans éclairage,60,60589,1,1,2,4.0,Route departemental 44,49.20522,2.464682,17:15:00,2024-12-24
202400019663,19:30,Nuit sans éclairage,43,43038,1,1,1,1.0,Arvant,45.34545,3.348668,19:30:00,2024-04-17
202400019664,00:15,Nuit avec éclairage,56,56222,1,1,1,6.0,La Harazée,47.815132,-2.729111,00:15:00,2024-01-28
202400019665,00:40,Nuit sans éclairage,56,56101,1,1,1,6.0,Lieu-Dit Talhouët Spinifort,47.826424,-3.200734,00:40:00,2024-01-30
202400019666,17:10,Plein jour,28,28201,1,1,2,1.0,RD906,48.514213,1.517859,17:10:00,2024-04-17
202400019667,17:16,Nuit sans éclairage,13,13203,1,1,1,4.0,A7-Sens Lyon vers Marseille,43.30602,5.37488,17:16:00,2024-12-13
202400019668,02:54,Nuit sans éclairage,87,87148,1,1,1,1.0,A 20,45.726375,1.343851,02:54:00,2024-04-17
202400019669,14:15,Plein jour,76,76449,1,1,1,1.0,D929,49.674849,1.13892,14:15:00,2024-01-30
202400019670,13:12,Plein jour,33,33443,1,1,1,6.0,Unknown,44.651925,-0.048902,13:12:00,2024-01-29
202400019671,05:07,,13,13214,1,1,6,3.0,A507 sens Aubagne- Marseille,43.32987658,5.3943572,05:07:00,2024-12-20
202400019672,10:27,Plein jour,59,59016,1,4,1,3.0,croisement de la rue Laboureur et de la D3,50.967657,2.363927,10:27:00,2024-04-18
202400019673,12:55,Plein jour,69,69070,2,1,1,1.0,4 Rue des Marronniérs,46.013427,4.371743,12:55:00,2024-01-30
202400019674,04:35,,83,83137,1,1,6,2.0,A50,43.12529939,5.90724511,04:35:00,2024-12-23
202400019675,03:52,Nuit sans éclairage,69,69109,1,9,2,6.0,Route Départementale 78,46.14548896,4.62458077,03:52:00,2024-01-27
202400019676,22:20,Nuit sans éclairage,30,30125,1,6,1,3.0,D442,43.777319,4.429137,22:20:00,2024-04-17
202400019677,17:30,Plein jour,49,49069,1,1,1,6.0,La Coindassière (La Varenne),47.328381,-1.289354,17:30:00,2024-01-30
202400019678,11:35,Plein jour,89,89239,2,3,1,3.0,Route de Noé,48.169792,3.344226,11:35:00,2024-04-12
202400019679,14:45,Plein jour,12,12045,2,1,1,7.0,lieu-dit noyes,44.228204,2.443387,14:45:00,2024-01-30
202400019680,12:25,Plein jour,57,57412,1,1,1,4.0,Autoroute A31,49.114878,6.160769,12:25:00,2024-12-18
202400019681,13:30,Plein jour,76,76163,1,9,7,2.0,1475 Route de la Forge,49.51720486,1.32626081,13:30:00,2024-04-18
202400019682,12:35,Plein jour,46,46330,1,3,1,3.0,Unknown,44.946139,1.703412,12:35:00,2024-01-28
202400019683,15:30,Plein jour,2B,2B063,1,7,1,6.0,le village,42.364327,9.365657,15:30:00,2024-04-18
202400019684,16:50,Crépuscule,84,84079,1,1,1,3.0,RD 942,44.051647,5.331566,16:50:00,2024-01-28
202400019685,21:30,Nuit sans éclairage,78,78133,1,1,2,5.0,A13,48.88759,2.01172,21:30:00,2024-12-21
202400019686,10:30,Plein jour,80,80737,2,2,1,3.0,D222,50.025379,3.045675,10:30:00,2024-04-18
202400019687,21:20,Nuit sans éclairage,92,92025,1,1,2,2.0,A86,48.93269508,2.24971309,21:20:00,2024-12-21
202400019688,01:20,Nuit sans éclairage,03,03319,1,2,1,3.0,D46,46.322927,3.085871,01:20:00,2024-01-30
202400019689,18:06,Nuit sans éclairage,78,78217,1,1,2,6.0,A13,48.96358966,1.82797822,18:06:00,2024-12-21
202400019690,19:10,Plein jour,33,33547,2,1,1,1.0,Unknown,44.466196,-0.368211,19:10:00,2024-04-17
202400019691,14:30,Plein jour,03,03301,1,1,1,7.0,chemin des trechamps,46.432633,2.592039,14:30:00,2024-01-30
202400019692,00:10,Nuit sans éclairage,93,93013,1,1,9,2.0,AUTOROUTE A1,48.94129741,2.42739109,00:10:00,2024-12-23
202400019693,09:50,Plein jour,06,06079,2,1,1,2.0,Avenue Jean Mermoz,43.565399,6.949252,09:50:00,2024-01-30
202400019694,09:00,Plein jour,63,63085,1,1,1,1.0,route départementale 62,45.88545602,2.86874099,09:00:00,2024-04-18
202400019695,00:45,Nuit avec éclairage,75,75120,1,1,1,7.0,AUTOROUTE A3,48.86366908,2.41323762,00:45:00,2024-12-23
202400019696,12:20,Plein jour,14,14209,1,1,1,2.0,573 Route du Molay-Littry,49.25509641,-0.82330942,12:20:00,2024-01-29
202400019697,20:45,Crépuscule,61,61327,1,1,1,6.0,RD27,48.445781,0.409617,20:45:00,2024-04-17
202400019698,00:40,Nuit sans éclairage,92,92036,1,1,1,7.0,AUTOROUTE A15,48.93900272,2.29566479,00:40:00,2024-12-23
202400019699,15:40,Plein jour,14,14454,1,1,1,7.0,195 Rue Verte,49.152624,-0.476586,15:40:00,2024-01-30
202400019700,22:10,Nuit sans éclairage,95,95018,1,1,1,6.0,A15,48.94970996,2.28053232,22:10:00,2024-12-22
202400019701,06:20,Crépuscule,61,61210,1,1,1,6.0,D204,48.68722,-0.112073,06:20:00,2024-04-18
202400019702,11:00,Plein jour,44,44143,2,1,7,6.0,Place François Mitterand,47.18455846,-1.5593829,11:00:00,2024-12-04
202400019703,17:50,Crépuscule,18,18005,1,1,1,4.0,Unknown,47.173962,2.195034,17:50:00,2024-01-30
202400019704,12:35,Plein jour,44,44109,2,1,1,3.0,144 Rue Paul Bellamy,47.22901,-1.562292,12:35:00,2024-12-04
202400019705,15:45,Plein jour,43,43087,1,1,1,3.0,Le Mirail,45.21346204,4.38146741,15:45:00,2024-01-29
202400019706,14:10,Plein jour,44,44143,2,1,1,7.0,Rue Félix Eboué,47.196791,-1.5622026,14:10:00,2024-12-04
202400019707,08:00,Crépuscule,44,44109,2,1,1,6.0,Boulevard Alexandre Millerand,47.20841795,-1.53050982,08:00:00,2024-12-03
202400019708,10:30,Plein jour,36,36006,2,1,1,6.0,25 Avenue Rollinat,46.588568,1.513963,10:30:00,2024-01-30
202400019709,08:00,Plein jour,44,44116,2,3,1,3.0,51 Boulevard de l'Astrolabe,47.285867,-2.022729,08:00:00,2024-04-17
202400019710,09:00,Crépuscule,44,44162,2,1,1,1.0,Rue de la Porchellerie,47.2238555,-1.67045482,09:00:00,2024-12-02
202400019711,12:10,Plein jour,44,44190,2,1,2,7.0,Rue du Lieutenant Augé,47.197082,-1.519114,12:10:00,2024-11-27
202400019712,12:00,Plein jour,24,24229,1,1,1,1.0,avenue de brive 6089,45.129773,1.240146,12:00:00,2024-01-30
202400019713,17:00,Plein jour,29,29205,1,1,1,4.0,Kergonval,48.3183329,-3.52066677,17:00:00,2024-04-18
202400019714,07:00,Plein jour,57,57463,2,1,8,6.0,Rue Gambetta,49.110554,6.174677,07:00:00,2024-09-08
202400019715,16:15,Plein jour,29,29011,1,1,1,1.0,route de Kerdonval,48.436412,-4.531292,16:15:00,2024-04-17
202400019716,10:25,Plein jour,49,49163,1,2,2,3.0,Unknown,47.557747,-0.229573,10:25:00,2024-01-30
202400019717,14:39,Plein jour,973,97302,2,3,2,3.0,CABASSOU (ROUTE DE),4.9175023,-52.31282777,14:39:00,2024-12-22
202400019718,15:30,Plein jour,01,01320,2,1,1,3.0,Route de Pont de Vaux,46.318978,4.878117,15:30:00,2024-04-16
202400019719,23:10,,973,97302,2,1,1,3.0,FELIX EBOUE (Rue),4.94071,-52.30466,23:10:00,2024-12-21
202400019720,07:25,Plein jour,06,06088,1,1,1,4.0,"Autoroute A8, PK 193.500 chaussée nord",43.722513,7.223167,07:25:00,2024-01-24
202400019721,23:47,Nuit sans éclairage,85,85146,1,1,1,1.0,RD137,46.935,-1.273144,23:47:00,2024-04-17
202400019722,19:00,,69,69388,2,1,2,3.0,Avenue Paul Santy,45.72838972,4.87714963,19:00:00,2024-12-22
202400019723,13:35,Plein jour,64,64314,1,1,2,1.0,D933,43.230227,-1.101894,13:35:00,2024-04-17
202400019724,07:30,Crépuscule,38,38239,1,1,1,2.0,d 1085 pk 041.200,45.337811,5.543461,07:30:00,2024-01-30
202400019725,03:22,,69,69383,2,2,1,6.0,Cours de la Liberté,45.75994,4.84236,03:22:00,2024-12-22
202400019726,22:02,,972,97213,2,1,1,3.0,ROUTE DEPARTEMENTALE 14,14.62476,-61.01859,22:02:00,2024-12-21
202400019727,11:20,Plein jour,45,45302,1,1,2,3.0,A10 péage Orléans-nord,47.94921152,1.84878743,11:20:00,2024-01-26
202400019728,10:20,Plein jour,36,36064,1,1,1,4.0,Unknown,46.82897089,1.79660528,10:20:00,2024-04-07
202400019729,02:30,Nuit sans éclairage,988,98813,1,1,1,6.0,Route des Boeufs - VU 46,-21.715241,165.846509,02:30:00,2024-01-29
202400019730,07:35,Crépuscule,69,69382,2,3,1,2.0,Place Antonin Poncet,45.7558,4.83549,07:35:00,2024-12-22
202400019731,14:30,Plein jour,27,27425,1,3,1,3.0,D438,49.149293,0.665123,14:30:00,2024-04-18
202400019732,00:46,Nuit sans éclairage,56,56260,2,1,1,7.0,Rue Winston Churchill,47.64378,-2.77119,00:46:00,2024-09-08
202400019733,06:17,,2B,2B037,2,9,1,5.0,TOUTES RUES,42.62868,9.43776,06:17:00,2024-12-22
202400019734,16:30,Plein jour,17,17434,1,1,1,3.0,D209,46.113944,-0.735655,16:30:00,2024-04-16
202400019735,20:10,Nuit sans éclairage,971,97107,1,1,1,2.0,Rocade RN1 sens POINTE A PITRE vers BASSE TERRE,16.051361,-61.57073,20:10:00,2024-01-29
202400019736,12:55,Plein jour,971,97105,2,1,1,6.0,PERES DOMINICAINS(AVENUE DES),16.00833,-61.74008,12:55:00,2024-12-22
202400019737,12:00,Plein jour,17,17323,1,2,1,3.0,1601 Route des Huttes,46.018132,-1.389556,12:00:00,2024-04-17