Num_Acc,hrmn,lum,dep,com,agg,int,atm,col,adr,lat,long,heure,date
202400019738,17:45,,2A,2A004,2,1,1,6.0,MARECHAL JUIN AVENUE,41.94182,8.74989,17:45:00,2024-12-21
202400019739,16:40,Plein jour,2B,2B042,2,9,1,3.0,Route de la Gare,42.563099,9.446303,16:40:00,2024-01-29
202400019740,09:00,Plein jour,56,56121,2,6,1,3.0,Rue de Ploemeur,47.76009,-3.38971,09:00:00,2024-09-07
202400019741,14:35,Plein jour,13,13058,1,3,1,3.0,Avenue de Roquerousse,43.709998,4.80006,14:35:00,2024-04-17
202400019742,18:10,Crépuscule,84,84054,1,9,1,1.0,Chemin des Calades,43.896972,5.046571,18:10:00,2024-01-30
202400019743,17:55,Nuit avec éclairage,91,91228,1,1,2,5.0,RN 449,48.63618901,2.41663277,17:55:00,2024-12-22
202400019744,02:35,,54,54528,2,1,1,6.0,Avenue Victor Hugo,48.67685,5.88309,02:35:00,2024-09-07
202400019745,08:34,Plein jour,974,97423,2,9,1,3.0,Chemin Montee Panon,-21.122401,55.264734,08:34:00,2024-04-18
202400019746,16:00,Plein jour,974,97423,1,1,1,7.0,Chemin Montee Panon,-21.11540161,55.27142555,16:00:00,2024-04-17
202400019747,18:00,Nuit sans éclairage,13,13093,2,3,1,3.0,D561,43.687028,5.394883,18:00:00,2024-01-28
202400019748,18:35,,89,89338,1,9,2,3.0,REPUBLIQUE (RUE DE LA),48.222,3.28796,18:35:00,2024-12-21
202400019749,04:56,Nuit sans éclairage,34,34058,1,1,1,7.0,M610,43.683701,4.004259,04:56:00,2024-04-18
202400019750,11:10,Plein jour,13,13015,2,6,1,1.0,Place des Muriers,43.462755,5.409007,11:10:00,2024-01-30
202400019751,01:00,Nuit avec éclairage,54,54395,2,1,2,6.0,Boulevard Lobau,48.6768,6.20118,01:00:00,2024-09-08
202400019752,20:15,Plein jour,06,06021,2,1,1,6.0,3031 Route Métropolitaine 27 Basse,43.857098,7.182682,20:15:00,2024-04-17
202400019753,15:40,Plein jour,38,38317,2,1,1,6.0,Cours Saint - André,45.134904,5.701276,15:40:00,2024-01-28
202400019754,09:15,Plein jour,88,88417,1,1,1,3.0,Route d?Epinal,48.329001,6.64234,09:15:00,2024-04-14
202400019755,17:55,,81,81065,2,3,2,3.0,1 Boulevard des Lices,43.605157,2.23716,17:55:00,2024-12-22
202400019756,08:15,Plein jour,81,81128,2,1,1,6.0,Route de Roquecourbe,43.666907,2.344581,08:15:00,2024-01-30
202400019757,13:10,Plein jour,54,54300,1,1,1,2.0,Rue Pierre Cremel,48.641974,6.261391,13:10:00,2024-09-07
202400019758,08:30,,79,79191,2,1,5,7.0,Unknown,46.33263,-0.45711,08:30:00,2024-12-21
202400019759,11:15,Plein jour,69,69131,1,1,3,1.0,48 Route des Monts du Lyonnais,45.695479,4.684601,11:15:00,2024-04-17
202400019760,07:41,Nuit sans éclairage,72,72016,1,1,9,7.0,Lieu Dit La Jeune Panne,47.875339,-0.341842,07:41:00,2024-01-11
202400019761,18:35,Plein jour,44,44009,1,1,2,6.0,Unknown,47.22922,-1.46892,18:35:00,2024-09-07
202400019762,21:50,Crépuscule,44,44179,1,1,1,1.0,la banque,47.359918,-1.455002,21:50:00,2024-04-15
202400019763,19:20,Nuit sans éclairage,22,22136,1,1,1,6.0,RN 164 PK 40,48.181322,-2.731283,19:20:00,2024-01-30
202400019764,07:10,Crépuscule,29,29042,1,1,1,6.0,route de Tremaidic,48.260627,-4.477444,07:10:00,2024-04-17
202400019765,17:20,Plein jour,37,37261,2,1,1,6.0,BERANGER (BOULEVARD),47.38944,0.68327,17:20:00,2024-09-06
202400019766,20:00,,76,76596,2,4,1,7.0,Côte des Châtaigniers,49.528899,0.253437,20:00:00,2024-01-29
202400019767,15:40,Plein jour,76,76540,1,1,1,3.0,N28,49.43894,1.11594,15:40:00,2024-12-22
202400019768,13:30,Plein jour,29,29032,2,1,1,1.0,Route du Drennec,47.91472231,-4.0715717,13:30:00,2024-04-16
202400019769,19:15,Plein jour,60,60022,1,1,1,6.0,Rue de Saint-maximin,49.221644,2.49542,19:15:00,2024-04-17
202400019770,00:10,,76,76217,2,1,2,1.0,ENTREPOT (DE L'),49.92181,1.0837,00:10:00,2024-12-21
202400019771,18:36,,60,60628,2,2,1,2.0,Rue du Maréchal Leclerc,49.415001,2.162633,18:36:00,2024-01-29
202400019772,14:00,Plein jour,35,35051,1,1,1,7.0,A84,48.1469,-1.59269,14:00:00,2024-09-07
202400019773,18:10,Plein jour,80,80561,1,1,1,3.0,D935,49.642463,2.577785,18:10:00,2024-04-18
202400019774,13:00,Plein jour,83,83137,1,1,1,6.0,A57,43.12237943,5.95668833,13:00:00,2024-01-29
202400019775,16:00,Plein jour,62,62386,2,2,3,3.0,Place Saint Louis,50.45225,2.75189,16:00:00,2024-12-21
202400019776,18:15,Plein jour,59,59139,2,1,1,2.0,D643,50.131228,3.423798,18:15:00,2024-04-17
202400019777,11:05,Plein jour,54,54027,1,9,1,2.0,Autoroute A 31,48.89230805,6.10099554,11:05:00,2024-01-25
202400019778,15:30,Crépuscule,62,62239,2,1,2,4.0,Boulevard de l’Europe,50.9383698,1.8123064,15:30:00,2024-12-20
202400019779,09:50,Plein jour,35,35278,1,1,1,2.0,RD 137,48.14216,-1.69721,09:50:00,2024-09-07
202400019780,00:15,Nuit sans éclairage,92,92072,1,1,1,2.0,N118,48.81977963,2.21805485,00:15:00,2024-04-17
202400019781,03:12,,60,60057,2,2,3,6.0,SAINT ANDRE (BOULEVARD) - PAIR -,49.43192,2.08976,03:12:00,2024-12-22
202400019782,09:10,Plein jour,54,54312,1,1,1,6.0,Autoroute A 31,48.93247124,6.11168146,09:10:00,2024-01-27
202400019783,00:37,Nuit sans éclairage,93,93007,1,1,2,2.0,A1,48.94359133,2.43603045,00:37:00,2024-04-17
202400019784,15:02,Plein jour,54,54280,2,1,1,6.0,Rue de Franchepré,49.2235208,6.00858539,15:02:00,2024-12-21
202400019785,14:03,Plein jour,33,33192,1,1,1,2.0,Unknown,44.789634,-0.617348,14:03:00,2024-01-29
202400019786,18:45,Plein jour,33,33162,1,1,1,3.0,Unknown,44.87605,-0.66058,18:45:00,2024-09-07
202400019787,16:30,Plein jour,50,50218,2,1,1,6.0,PAUL POIRIER (RUE),48.83744,-1.59781,16:30:00,2024-12-22
202400019788,18:45,Plein jour,77,77373,1,1,1,2.0,RN104,48.785527,2.616883,18:45:00,2024-04-17
202400019789,20:00,Crépuscule,31,31555,2,1,1,6.0,RUE DE SAINTONGE,43.5824,1.41055,20:00:00,2024-09-07
202400019790,13:10,Plein jour,49,49099,1,1,1,1.0,SARTHE (RUE DE LA),47.08696,-0.85086,13:10:00,2024-12-20
202400019791,09:55,Plein jour,94,94069,1,9,1,2.0,A4,48.81731094,2.44243718,09:55:00,2024-04-17
202400019792,17:30,Plein jour,44,44152,1,1,8,7.0,La Renais,47.47474646,-2.00682949,17:30:00,2024-01-16
202400019793,21:20,Nuit sans éclairage,35,35334,1,1,2,6.0,ROCADE 16-17,48.14494745,-1.58997595,21:20:00,2024-12-22
202400019794,16:45,Plein jour,74,74298,2,3,1,6.0,TANINGES (ROUTE DE ),46.18813,6.268868,16:45:00,2024-02-16
202400019795,17:30,Plein jour,31,31555,2,1,1,3.0,RUE MARIE CLAIRE DE CATELLAN,43.62731,1.44551,17:30:00,2024-09-06
202400019796,19:19,,988,98818,2,1,1,7.0,RUE RICHARD BERNIER,-22.29636,166.44021,19:19:00,2024-02-17
202400019797,09:00,Plein jour,34,34301,2,3,1,3.0,VERDUN (BOULEVARD DE),43.41053,3.67763,09:00:00,2024-12-22
202400019798,23:50,,988,98818,2,6,1,6.0,RUE BERTHELOT,-22.26021,166.44441,23:50:00,2024-01-27
202400019799,11:50,Plein jour,34,34301,2,1,1,3.0,AVENUE DES EAUX BLANCHES,43.42015,3.71698,11:50:00,2024-12-21
202400019800,14:11,Plein jour,28,28070,1,1,1,3.0,D823,48.46927,1.52422,14:11:00,2024-08-29
202400019801,05:00,,34,34172,2,1,1,1.0,GOSSEC (RUE FRANCOIS-JOSEPH),43.57522,3.85608,05:00:00,2024-12-22
202400019802,18:20,Nuit sans éclairage,974,97416,2,3,3,3.0,FOUR A CHAUX(RUE DU),-21.34072,55.4691,18:20:00,2024-01-28
202400019803,15:20,Plein jour,974,97416,1,1,1,5.0,RN1 (ROUTE NATIONALE),-21.33227,55.45823,15:20:00,2024-02-16
202400019804,15:30,Plein jour,33,33281,2,1,2,6.0,Unknown,44.82939,-0.66243,15:30:00,2024-12-22
202400019805,04:55,Nuit sans éclairage,26,26058,2,1,1,6.0,Unknown,44.94472,4.88737,04:55:00,2024-09-07
202400019806,12:55,Plein jour,976,97611,2,1,1,6.0,m'tsapere-Nationale 2 (route),-12.78785,45.22451,12:55:00,2024-04-16
202400019807,10:15,Plein jour,974,97409,2,3,1,3.0,DE LA REPUBLIQUE(AVENUE),-20.96364,55.65617,10:15:00,2024-01-28
202400019808,17:05,Plein jour,976,97611,1,1,1,3.0,Hauts Vallons - Majicavo ( rue des),-12.75857,45.231,17:05:00,2024-04-15
202400019809,11:50,Plein jour,33,33069,2,3,1,3.0,Unknown,44.86251,-0.58461,11:50:00,2024-12-22
202400019810,17:50,,30,30007,2,1,1,7.0,BRIGADE DU LANGUEDOC (QUAI DE LA),44.11919,4.08706,17:50:00,2024-12-21
202400019811,09:14,Plein jour,973,97302,2,2,1,2.0,MONTABO (ROUTE DE) 1,4.94437727,-52.3098591,09:14:00,2024-01-28
202400019812,03:35,,973,97302,2,1,1,7.0,HENRI QUINTRIE(RUE),4.9338005,-52.33300388,03:35:00,2024-01-28
202400019813,20:26,Nuit sans éclairage,974,97416,2,1,1,4.0,RN1 (ROUTE NATIONALE),-21.33179,55.45764,20:26:00,2024-04-16
202400019814,10:45,Plein jour,972,97209,2,1,1,2.0,REDOUTE (ROUTE DE LA),14.62963,-61.05834,10:45:00,2024-01-28
202400019815,12:20,Plein jour,30,30007,2,1,1,5.0,BRIGADE DU LANGUEDOC (QUAI DE LA),44.11328,4.09407,12:20:00,2024-12-21
202400019816,21:12,,25,25031,2,2,3,5.0,REVOLUTION DE 1789 AVENUE DE LA),47.47886,6.84244,21:12:00,2024-09-07
202400019817,08:40,Plein jour,25,25462,2,1,4,6.0,PAREUSES DES (+ CITE),46.90615,6.36249,08:40:00,2024-12-22
202400019818,14:30,Plein jour,972,97209,1,1,1,6.0,REDOUTE (ROUTE DE LA),14.63443,-61.05472,14:30:00,2024-01-27
202400019819,15:50,Plein jour,974,97411,2,1,1,1.0,VICTOIRE (AVENUE DE LA),-20.87431,55.44694,15:50:00,2024-04-16
202400019820,10:19,Plein jour,18,18033,2,6,1,6.0,Avenue Henri Laudier,47.09106,2.39368,10:19:00,2024-12-17
202400019821,01:15,Nuit sans éclairage,22,22360,1,6,1,6.0,SAINT-RIVILY (RUE DE),48.48863,-2.762334,01:15:00,2024-09-08
202400019822,05:50,Nuit sans éclairage,84,84035,1,1,1,7.0,BOSCODOMINI (AVENUE),43.819,5.053,05:50:00,2024-01-27
202400019823,11:15,Plein jour,974,97411,2,1,1,1.0,CASSIN (AVENUE RENE),-20.90283,55.48753,11:15:00,2024-04-16
202400019824,07:10,,13,13202,2,1,1,7.0,VAUDOYER (AVENUE),43.29725,5.36336,07:10:00,2024-12-22
202400019825,07:35,Plein jour,974,97411,2,3,1,3.0,MACE (BOULEVARD GABRIEL),-20.87246,55.44968,07:35:00,2024-04-16
202400019826,10:00,Plein jour,07,07019,2,1,1,6.0,BELLANDE (AVENUE DE ),44.61514,4.40096,10:00:00,2024-12-21
202400019827,15:20,Plein jour,83,83009,2,3,1,3.0,DE GAULLE (QUAI CHARLES),43.13629,5.7574,15:20:00,2024-01-28
202400019828,14:20,Plein jour,22,22360,2,6,1,2.0,MARCEL RAULT,48.48803,-2.74026,14:20:00,2024-09-07
202400019829,02:15,,75,75105,2,5,3,6.0,BOULEVARD SAINT MARCEL,48.836873,2.3521858,02:15:00,2024-12-22
202400019830,16:45,Plein jour,974,97411,2,1,1,2.0,LATTRE DE TASSIGNY (AVENUE MARECHAL DE),-20.88884,55.47529,16:45:00,2024-04-15
202400019831,11:30,Plein jour,78,78146,2,1,1,3.0,LIEUTENANT RICARD (RUE DU),48.89918,2.14694,11:30:00,2024-01-28
202400019832,13:05,Plein jour,75,75116,2,2,3,1.0,AVENUE DE VERSAILLES,48.84377,2.269981,13:05:00,2024-12-22
202400019833,05:28,,69,69382,2,1,1,3.0,Quai Docteur Gailleton,45.75364162,4.83401209,05:28:00,2024-04-12
202400019834,03:00,,75,75112,2,3,2,1.0,BOULEVARD DIDEROT,48.846081,2.376007,03:00:00,2024-12-22
202400019835,20:25,Crépuscule,16,16089,1,3,1,3.0,Unknown,45.66884,-0.32084,20:25:00,2024-09-07
202400019836,15:10,Plein jour,971,97113,2,9,1,3.0,Morne Salines,16.21443421,-61.43896401,15:10:00,2024-04-16
202400019837,16:23,Plein jour,75,75108,2,3,2,6.0,RUE WASHINGTON,48.871934,2.301181,16:23:00,2024-12-22
202400019838,03:30,,13,13026,1,1,1,1.0,RN 568 CLM,43.39457,5.12705,03:30:00,2024-09-07
202400019839,22:26,Nuit sans éclairage,971,97101,1,1,1,6.0,GRAND CAMP(SECTION),16.25371,-61.54037,22:26:00,2024-01-09
202400019840,09:27,Plein jour,77,77276,1,1,1,6.0,QUINCY (ROUTE DE ),48.91484166,2.87834706,09:27:00,2024-01-28
202400019841,12:00,Plein jour,75,75108,2,3,1,7.0,AVENUE DES CHAMPS ELYSEES,48.871005,2.303461,12:00:00,2024-12-22
202400019842,02:45,,971,97113,1,1,1,3.0,RN4 - SECTION RIVIERA,16.21806,-61.4988,02:45:00,2024-01-28
202400019843,01:07,,13,13208,2,1,1,3.0,ERNEST DELIBES (PLACE),43.27909,5.38287,01:07:00,2024-09-07
202400019844,17:00,Plein jour,77,77268,2,3,1,6.0,RUE DE LA BOISERIE,48.86177532,2.82269132,17:00:00,2024-01-27
202400019845,13:19,Plein jour,2A,2A004,2,6,1,7.0,BEVERINI VICO PAIR AVENUE,41.92681,8.73481,13:19:00,2024-04-16
202400019846,01:10,,75,75103,2,3,3,7.0,BOULEVARD BEAUMARCHAIS,48.8595,2.367676,01:10:00,2024-12-22
202400019847,01:45,,76,76540,2,3,1,6.0,Avenue du Mont Riboudet,49.44526,1.07326,01:45:00,2024-01-29
202400019848,09:30,Plein jour,95,95018,2,1,1,6.0,D392,48.94171235,2.20674244,09:30:00,2024-02-19
202400019849,19:00,,94,94033,2,1,2,6.0,Avenue Louison Bobet,48.85239,2.48655,19:00:00,2024-12-22
202400019850,02:10,Nuit sans éclairage,13,13004,1,1,1,2.0,RTE N113 MARSEILLE A BORBEAUX,43.65967,4.64385,02:10:00,2024-09-07
202400019851,18:15,Nuit sans éclairage,76,76451,1,1,1,2.0,Avenue du Bois des Dames,49.47796,1.09405,18:15:00,2024-01-28
202400019852,12:00,Plein jour,94,94017,2,2,1,3.0,Rue Alexandre Fourny,48.81929,2.51472,12:00:00,2024-12-22
202400019853,11:15,Plein jour,74,74281,2,1,1,6.0,GARE (PLACE DE LA),46.36836,6.4797,11:15:00,2024-01-28
202400019854,01:56,,13,13001,2,5,6,7.0,GALICE (RTE DE),43.52895,5.42388,01:56:00,2024-09-07
202400019855,06:51,,93,93066,2,3,2,1.0,"""STALINGRAD (AVENUE), NR 88 A 114 BIS""",48.946,2.36626,06:51:00,2024-12-22
202400019856,18:50,,91,91691,2,1,2,4.0,RD 94,48.707,2.4968,18:50:00,2024-02-18
202400019857,10:15,Plein jour,69,69266,2,2,1,3.0,Rue Antoine Primat,45.75818,4.89325,10:15:00,2024-01-28
202400019858,02:47,,93,93046,2,1,2,6.0,Avenue Winston Churchill,48.91315909,2.53814523,02:47:00,2024-12-22
202400019859,07:18,Crépuscule,81,81065,2,1,1,3.0,ALBERT 1° (AV),43.5979,2.2299,07:18:00,2024-04-05
202400019860,17:40,Plein jour,11,11069,1,1,1,4.0,RD 6113,43.227005,2.330462,17:40:00,2024-09-06
202400019861,16:40,Plein jour,64,64125,2,1,1,2.0,ATHERBEA (AVENUE),43.43772,-1.5908,16:40:00,2024-01-28
202400019862,16:09,Plein jour,93,93006,2,3,2,6.0,Rue de Noisy le Sec / Rue de Romainville,48.8781,2.42135,16:09:00,2024-12-22
202400019863,18:56,,93,93031,2,1,2,1.0,JEAN JAURES (AVENUE),48.95432789,2.31743932,18:56:00,2024-12-22
202400019864,15:00,Plein jour,64,64024,2,2,1,1.0,HARDOY (RUE DE),43.49355076,-1.51005685,15:00:00,2024-01-27
202400019865,11:20,Plein jour,07,07102,2,6,1,3.0,Jean MOULIN (Rue),44.93769,4.86319,11:20:00,2024-09-07
202400019866,03:14,,77,77373,2,6,6,6.0,D1004,48.776743,2.595548,03:14:00,2024-04-16
202400019867,13:40,Plein jour,26,26083,1,1,2,1.0,Route de Saint Sorlin,45.249517,4.947367,13:40:00,2024-12-23
202400019868,14:00,Plein jour,71,71047,2,1,1,6.0,48 Avenue Emile et Claude Puzenat,46.624504,3.756621,14:00:00,2024-12-23
202400019869,13:00,Plein jour,77,77014,2,1,1,1.0,FRANKLIN ROOSEVELT (AVENUE),48.41691,2.72528,13:00:00,2024-04-15
202400019870,11:55,Plein jour,63,63032,2,1,1,5.0,AUBIERE (ROUTE D'),45.74983,3.09318,11:55:00,2024-01-28
202400019871,04:45,,06,06088,2,2,1,2.0,27 Promenade des Anglais,43.69475,7.2611,04:45:00,2024-09-07
202400019872,09:20,Plein jour,95,95487,2,1,1,6.0,D78,49.1544309,2.26948669,09:20:00,2024-12-23
202400019873,15:25,Plein jour,62,62907,1,9,1,3.0,D917,50.4849148,2.98326248,15:25:00,2024-01-28
202400019874,16:45,Plein jour,74,74298,2,1,1,5.0,TANINGES (ROUTE DE ),46.19107,6.2558,16:45:00,2024-04-16
202400019875,12:00,Plein jour,77,77505,1,1,1,7.0,Autoroute A4,48.914483,2.976812,12:00:00,2024-12-23
202400019876,08:49,Plein jour,06,06069,2,1,1,6.0,1 Chemin des Chenes,43.64081,6.91118,08:49:00,2024-09-07
202400019877,10:35,Plein jour,14,14027,2,1,1,6.0,Rue de Villers,49.02504417,-0.63257036,10:35:00,2024-12-23
202400019878,16:30,Plein jour,62,62498,2,3,1,3.0,Rue Molière,50.43700404,2.79716009,16:30:00,2024-01-27
202400019879,14:30,Plein jour,72,72181,2,3,1,3.0,FLORE (RUE DE) N° IMP 1 A 67,48.00213,0.20721,14:30:00,2024-04-15
202400019880,16:10,Plein jour,62,62193,2,1,1,6.0,Avenue Antoine de Saint Exupéry,50.94645,1.89674,16:10:00,2024-01-26
202400019881,17:18,Nuit sans éclairage,87,87019,1,1,3,6.0,autoroute A20 PK194+700,45.747821,1.339645,17:18:00,2024-12-22
202400019882,08:30,Plein jour,72,72181,2,6,1,3.0,VIEUX LOUP (RUE DU),48.00207,0.17464,08:30:00,2024-04-15
202400019883,10:15,Plein jour,04,04070,2,9,1,5.0,BRET (BD MARTIN),44.09317,6.23553,10:15:00,2024-09-06
202400019884,21:05,Nuit sans éclairage,42,42271,1,1,2,6.0,Route de la Terrasse,45.479931,4.579132,21:05:00,2024-12-23
202400019885,17:15,Crépuscule,59,59279,2,3,1,6.0,Rue Gustave Desmettre,50.78447,3.12811,17:15:00,2024-01-27
202400019886,19:47,Plein jour,71,71499,2,1,1,1.0,LIBERATION (RUE DE LA),46.66307182,4.3227607,19:47:00,2024-04-16
202400019887,18:35,Nuit sans éclairage,19,19147,2,4,1,6.0,Route Des Anciennes Vignes,45.070069,1.49112,18:35:00,2024-12-22
202400019888,12:20,Plein jour,75,75116,2,1,1,2.0,BOULEVARD PERIPHERIQUE INTERIEUR OUEST,48.837187,2.255484,12:20:00,2024-09-06
202400019889,21:33,,59,59009,2,1,1,1.0,BARATTE GASTON RUE,50.61803,3.15781,21:33:00,2024-01-28
202400019890,10:15,Plein jour,65,65307,1,1,5,7.0,D72,43.069172,0.548965,10:15:00,2024-12-17
202400019891,19:00,Plein jour,69,69282,2,2,1,3.0,50 Avenue du Dauphiné,45.76203068,5.0132215,19:00:00,2024-04-16
202400019892,15:40,Plein jour,59,59648,1,1,1,6.0,CLEMENCEAU RUE,50.592026,3.051658,15:40:00,2024-01-28
202400019893,15:30,Plein jour,63,63050,2,3,8,6.0,Rue du Général Frantz / rue du Clos Fleuri,45.414878,3.331261,15:30:00,2024-12-22
202400019894,12:20,Plein jour,69,69259,2,2,1,6.0,Avenue Pierre Sémard,45.70614,4.87791,12:20:00,2024-04-16
202400019895,16:13,Plein jour,75,75118,2,7,8,3.0,BOULEVARD ORNANO,48.896008,2.345979,16:13:00,2024-09-07
202400019896,06:04,,59,59122,2,2,1,3.0,BART (BOULEVARD JEAN),50.176678,3.22226,06:04:00,2024-01-28
202400019897,18:00,Plein jour,69,69199,2,3,1,6.0,1 Rue de Sète,45.71170345,4.84191787,18:00:00,2024-04-15
202400019898,13:15,Plein jour,63,63126,1,1,1,1.0,D213,45.690623,3.154353,13:15:00,2024-12-23
202400019899,01:15,,75,75114,2,1,1,2.0,PORTE DE VANVES,48.822948,2.312951,01:15:00,2024-09-07
202400019900,13:40,Plein jour,61,61404,1,1,1,3.0,D602,48.541997,0.514769,13:40:00,2024-12-23
202400019901,18:30,,59,59122,2,3,1,3.0,CATEAU (AVENUE DU),50.173461,3.251927,18:30:00,2024-01-27
202400019902,06:40,Crépuscule,69,69290,2,2,1,3.0,Route de Grenoble,45.71563,4.9619,06:40:00,2024-04-15
202400019903,20:30,Nuit avec éclairage,61,61486,2,1,2,6.0,D809,48.694572,-0.684338,20:30:00,2024-12-20
202400019904,19:30,Plein jour,65,65226,1,1,2,7.0,RN21,43.22283,0.02699,19:30:00,2024-04-16
202400019905,15:50,Plein jour,59,59431,2,1,1,1.0,MOULIN  (RUE DU),50.70058,2.84656,15:50:00,2024-01-26
202400019906,20:58,Nuit avec éclairage,75,75107,2,2,1,3.0,AVENUE BOSQUET,48.861156,2.302391,20:58:00,2024-09-06
202400019907,08:15,Crépuscule,55,55119,1,1,2,2.0,RD 164,49.373516,5.177307,08:15:00,2024-12-22
202400019908,10:54,Plein jour,64,64189,2,1,2,1.0,JAURES JEAN  (AVENUE),43.37991102,-1.6691038,10:54:00,2024-04-16
202400019909,11:05,Plein jour,53,53201,2,1,1,1.0,LOGES ( BOULEVARD DES ),48.05864,-0.80781,11:05:00,2024-01-27
202400019910,16:45,Plein jour,46,46185,1,1,2,6.0,D840,44.921666,1.62953,16:45:00,2024-12-22
202400019911,16:30,Plein jour,64,64102,2,1,8,1.0,LAURIERS (AVENUE DES),43.4962,-1.4896,16:30:00,2024-04-16
202400019912,13:25,Plein jour,35,35238,2,6,1,3.0,VERN (DE),48.08769288,-1.64478689,13:25:00,2024-01-28
202400019913,13:40,Plein jour,75,75119,2,2,8,3.0,AVENUE SIMON BOLIVAR,48.87558,2.381876,13:40:00,2024-09-07
202400019914,03:40,Nuit sans éclairage,35,35278,2,1,1,6.0,GRAND QUARTIER,48.139,-1.695,03:40:00,2024-01-28
202400019915,06:35,Nuit sans éclairage,68,68257,1,1,3,6.0,route départementale 411,47.498024,7.169437,06:35:00,2024-12-22
202400019916,16:00,Plein jour,64,64102,2,6,1,7.0,LEGION TCHEQUE (AVENUE DE LA),43.4938,-1.49442,16:00:00,2024-04-16
202400019917,12:10,Plein jour,22,22254,1,1,6,1.0,Le Croajou,48.688758,-3.283142,12:10:00,2024-12-22
202400019918,17:00,Plein jour,35,35238,2,1,1,3.0,BOURBONNAIS (DU),48.1206,-1.7114,17:00:00,2024-01-27
202400019919,12:45,Plein jour,75,75116,2,2,1,2.0,BOULEVARD SUCHET,48.857352,2.264661,12:45:00,2024-09-06
202400019920,21:00,Nuit sans éclairage,22,22079,2,1,2,6.0,Les Aulnays,48.388891,-2.706177,21:00:00,2024-12-22
202400019921,15:55,Plein jour,64,64024,2,1,8,3.0,EUGENE BERNAIN (AVENUE),43.48193,-1.5098,15:55:00,2024-04-16
202400019922,11:03,Plein jour,25,25204,1,1,1,3.0,Route Départementale 437,46.9272,6.3581,11:03:00,2024-01-28
202400019923,10:15,Plein jour,44,44025,2,1,7,6.0,18 Rue de Bretagne,47.413435,-1.970576,10:15:00,2024-12-23
202400019924,14:30,Plein jour,44,44195,2,1,2,7.0,36 Rue du Bas Matz,47.370207,-1.951457,14:30:00,2024-12-21
202400019925,17:10,Plein jour,64,64102,2,3,1,3.0,HENRI DE NAVARRE (AVENUE),43.5097611,-1.44355953,17:10:00,2024-04-15
202400019926,15:49,Plein jour,75,75116,2,3,1,3.0,AVENUE DE NEW YORK,48.864072,2.299486,15:49:00,2024-09-06
202400019927,19:30,,13,13208,2,1,1,5.0,MENDES FRANCE (AVENUE),43.25005,5.37517,19:30:00,2024-01-28
202400019928,15:05,Plein jour,29,29026,2,1,2,7.0,Rue de Pennarun,48.200983,-4.097621,15:05:00,2024-12-23
202400019929,09:00,Plein jour,63,63113,2,1,1,7.0,BERGOUGNAN (AVENUE RAYMOND),45.78357,3.07007,09:00:00,2024-04-16
202400019930,18:30,Crépuscule,13,13211,2,1,1,2.0,VALBARELLE (CHEMIN DE LA),43.28141,5.44422,18:30:00,2024-01-28
202400019931,15:35,Plein jour,75,75113,2,3,8,6.0,AVENUE DE CHOISY,48.829772,2.357105,15:35:00,2024-09-07
202400019932,08:20,Plein jour,59,59507,2,1,8,6.0,CARNOT SADI RUE,50.60145,3.09805,08:20:00,2024-04-16
202400019933,15:20,Plein jour,29,29061,1,4,2,1.0,21 impasse de Trielen,48.45377423,-4.47256087,15:20:00,2024-12-20
202400019934,17:10,Plein jour,13,13204,2,9,1,1.0,MARÉCHAL JUIN (BOULEVARD),43.31368,5.40592,17:10:00,2024-01-28
202400019935,08:30,Plein jour,59,59183,2,3,6,6.0,REPUBLIQUE,51.028659,2.351811,08:30:00,2024-04-16
202400019936,14:00,Plein jour,31,31345,1,1,8,6.0,D820,43.392395,1.431098,14:00:00,2024-12-23
202400019937,01:50,,75,75113,2,2,1,3.0,AVENUE DES GOBELINS,48.833408,2.354196,01:50:00,2024-09-07
202400019938,13:45,Plein jour,59,59178,2,1,1,2.0,GUYNEMER (RUE GEORGES),50.37312,3.06515,13:45:00,2024-04-15
202400019939,12:10,Plein jour,58,58194,2,3,1,6.0,SABLONS,46.98987,3.18876,12:10:00,2024-04-16
202400019940,14:55,Plein jour,14,14326,1,1,8,1.0,4495 Route de Cormeilles,49.17404924,0.30054152,14:55:00,2024-12-22
202400019941,16:50,Plein jour,13,13207,2,1,1,3.0,GEORGES ESTRANGIN (BOULEVARD),43.27664638,5.37173817,16:50:00,2024-01-26
202400019942,08:00,Plein jour,58,58194,2,1,1,6.0,CHAUMIERE,46.99504,3.16349,08:00:00,2024-04-16
202400019943,09:40,Plein jour,50,50031,2,6,1,3.0,Rue Hauvet,49.381395,-1.752577,09:40:00,2024-12-23
202400019944,10:20,Plein jour,75,75110,2,1,1,6.0,RUE DU FAUBOURG SAINT DENIS,48.878287,2.356567,10:20:00,2024-09-07
202400019945,17:00,Plein jour,13,13208,2,1,1,5.0,pointe rouge (ave),43.24739,5.37416,17:00:00,2024-01-27
202400019946,23:30,Nuit sans éclairage,36,36133,1,1,2,6.0,Unknown,46.57615004,1.75881962,23:30:00,2024-12-21
202400019947,16:30,Plein jour,56,56260,2,2,1,3.0,JUIN(AVENUE DU MARECHAL),47.64302,-2.76076,16:30:00,2024-04-16
202400019948,08:10,Crépuscule,13,13047,2,6,1,3.0,RAYMOND FILIPPI AVENUE,43.49586,4.98126,08:10:00,2024-01-22
202400019949,15:00,Plein jour,53,53228,1,9,1,3.0,"Lieu dit ""Le poteau""",48.033115,-0.350919,15:00:00,2024-12-21
202400019950,16:07,Plein jour,54,54174,2,9,1,3.0,avenue du 15e génie,48.6799,5.87166,16:07:00,2024-04-15