Num_Acc,hrmn,lum,dep,com,agg,int,atm,col,adr,lat,long,heure,date
202400019951,10:50,Plein jour,75,75101,2,2,1,2.0,QUAI FRANCOIS MITTERRAND,48.860112,2.333347,10:50:00,2024-09-07
202400019952,22:15,Nuit sans éclairage,40,40113,1,1,2,6.0,Route du Mouliot,43.721868,-0.935624,22:15:00,2024-12-22
202400019953,16:30,Plein jour,09,09225,2,2,1,3.0,GABRIEL PERI RUE,43.118843,1.611215,16:30:00,2024-01-28
202400019954,14:40,Plein jour,40,40141,1,1,8,6.0,D32,43.725274,-0.806336,14:40:00,2024-12-22
202400019955,11:50,Nuit sans éclairage,54,54547,2,1,1,2.0,Boulevard des Aiguillettes,48.666799,6.165967,11:50:00,2024-04-15
202400019956,07:40,Plein jour,30,30259,1,1,1,6.0,N106,44.101763,4.102471,07:40:00,2024-12-21
202400019957,20:15,Nuit avec éclairage,75,75118,2,1,1,2.0,BD PERIPHERIQUE EXTERIEUR,48.900926,2.358867,20:15:00,2024-01-27
202400019958,18:45,Plein jour,94,94081,2,6,1,3.0,Quai Jules Guesde,48.796137,2.416976,18:45:00,2024-09-06
202400019959,17:00,Crépuscule,30,30008,1,1,1,1.0,Route d?Ales,44.202901,4.240677,17:00:00,2024-12-18
202400019960,16:18,Plein jour,75,75118,2,2,1,6.0,RUE DAMREMONT,48.887935,2.332734,16:18:00,2024-01-28
202400019961,15:50,Plein jour,50,50129,2,1,1,6.0,VAL DE SAIRE (RUE DU),49.63843,-1.6105,15:50:00,2024-04-15
202400019962,06:00,,75,75113,2,4,1,7.0,RUE DE TOLBIAC,48.82616095,2.35864145,06:00:00,2024-01-26
202400019963,22:25,,94,94068,2,2,1,2.0,Boulevard de Champigny,48.8095,2.50968,22:25:00,2024-09-06
202400019964,17:20,Plein jour,45,45298,2,1,1,3.0,D951 PR 93 + 1042,47.88562,1.88155,17:20:00,2024-04-16
202400019965,16:30,Plein jour,52,52211,1,1,2,5.0,RD520,48.31691289,5.1157449,16:30:00,2024-12-22
202400019966,21:15,,75,75112,2,3,1,6.0,BOULEVARD DE BERCY,48.839956,2.382324,21:15:00,2024-01-28
202400019967,19:50,,987,98734,2,1,1,7.0,quartier Temarua - PK 35.600 côté montagne,-17.756166,-149.504571,19:50:00,2024-12-22
202400019968,17:55,Plein jour,45,45234,2,2,1,3.0,1 Boulevard Alexandre Martin,47.90444,1.913,17:55:00,2024-04-15
202400019969,16:05,Plein jour,93,93073,1,1,1,2.0,CHAPITRE ( RUE DU),49.002158,2.536866,16:05:00,2024-09-07
202400019970,04:56,Nuit sans éclairage,31,31433,1,1,1,2.0,A64 pk 282,43.527774,1.383719,04:56:00,2024-12-15
202400019971,14:55,Plein jour,75,75110,2,3,1,6.0,QUAI DE VALMY,48.874228,2.362861,14:55:00,2024-01-28
202400019972,07:40,Plein jour,38,38185,2,1,2,3.0,RUE D'ALEMBERT,45.182,5.71,07:40:00,2024-04-16
202400019973,18:00,Nuit sans éclairage,60,60030,1,9,2,2.0,A16 PK 059.700 sens BOULOGNE/MER - PARIS,49.32654276,2.09277975,18:00:00,2024-12-22
202400019974,02:20,Nuit sans éclairage,988,98805,1,1,1,6.0,VE2 sens Nord/Sud,-22.183044,166.433108,02:20:00,2024-12-21
202400019975,18:30,,94,94028,2,1,1,6.0,Avenue du Général de Gaulle,48.79202,2.44643,18:30:00,2024-01-28
202400019976,18:25,Plein jour,34,34172,2,2,1,1.0,PAVELET (AVENUE DU COLONEL),43.57962,3.86912,18:25:00,2024-04-16
202400019977,14:00,Plein jour,01,01067,1,1,4,6.0,A40,46.113594,5.488164,14:00:00,2024-12-22
202400019978,17:15,Plein jour,93,93073,2,2,1,1.0,BARBUSSE (RUE HENRI),48.96483,2.56966,17:15:00,2024-09-06
202400019979,12:50,Plein jour,34,34172,2,1,1,6.0,ALCO (RUE D',43.61586,3.84192,12:50:00,2024-04-16
202400019980,17:10,Nuit sans éclairage,42,42279,1,1,3,6.0,D498,45.517482,4.267443,17:10:00,2024-12-22
202400019981,15:30,Plein jour,34,34003,2,1,1,3.0,PASSEUR CHALLIES (J12 A M13,43.28858,3.50904,15:30:00,2024-04-16
202400019982,17:45,Nuit avec éclairage,06,06067,1,9,1,5.0,Autoroute A8 PK 217.500,43.784867,7.460017,17:45:00,2024-12-19
202400019983,11:00,Plein jour,93,93070,2,3,1,3.0,Boulevard Victor Hugo / Rue des Bateliers,48.90981408,2.33032197,11:00:00,2024-01-28
202400019984,20:50,,93,93032,2,9,1,3.0,PAUL VAILLANT COUTURIER (RUE),48.87696,2.54912,20:50:00,2024-09-06
202400019985,14:10,Plein jour,33,33063,1,1,1,3.0,Unknown,44.8793,-0.56398,14:10:00,2024-04-16
202400019986,23:30,Nuit sans éclairage,988,98824,2,1,2,6.0,Route Provinciale Nord 10 (Pont),-20.364549,164.55789,23:30:00,2024-12-21
202400019987,00:30,,93,93014,2,4,1,7.0,Allee des Tanneurs / Allee de Coubron,48.91332,2.55373,00:30:00,2024-01-28
202400019988,17:10,Crépuscule,33,33097,1,1,1,1.0,Unknown,45.070793,-1.046362,17:10:00,2024-12-22
202400019989,14:10,Plein jour,29,29019,2,2,2,6.0,quai de la Douane,48.381579,-4.487996,14:10:00,2024-04-15
202400019990,18:10,,92,92044,2,1,1,6.0,BINEAU (BOULEVARD),48.88655451,2.28447604,18:10:00,2024-01-28
202400019991,18:50,Plein jour,93,93048,2,2,1,3.0,STALINGRAD AV.,48.87106,2.43115,18:50:00,2024-09-07
202400019992,14:50,Plein jour,25,25056,2,1,1,6.0,PLANCON RUE GABRIEL,47.2332,6.0146,14:50:00,2024-04-16
202400019993,13:40,Plein jour,77,77031,1,2,1,3.0,D201A,48.684044,2.936906,13:40:00,2024-12-23
202400019994,23:52,,18,18033,2,1,8,7.0,261 Route de Saint-Michel,47.10411,2.42391,23:52:00,2024-04-15
202400019995,15:50,Plein jour,92,92025,2,2,1,3.0,GABRIEL PERI (RUE),48.92290991,2.24969923,15:50:00,2024-01-28
202400019996,23:45,Nuit sans éclairage,91,91226,1,4,1,6.0,N20,48.505019,2.200323,23:45:00,2024-12-16
202400019997,23:40,,13,13208,2,1,1,1.0,MICHELET (BOULEVARD),43.26042911,5.39812561,23:40:00,2024-04-16
202400019998,23:45,,92,92024,2,9,1,6.0,GENNEVILLIERS (PONT DE),48.91123,2.31225,23:45:00,2024-01-27
202400019999,20:48,,93,93001,2,6,1,3.0,SAINT DENIS (RUE DE),48.92195018,2.37420896,20:48:00,2024-09-06
202400020000,19:30,,92,92023,2,1,1,7.0,PRESIDENT ROOSEVELT (RUE DU) N°1 A 45,48.80427747,2.2580992,19:30:00,2024-01-28
202400020001,18:23,,42,42180,1,4,2,3.0,Route de Curraize,45.58952,4.146591,18:23:00,2024-12-23
202400020002,17:00,Plein jour,13,13005,2,1,1,2.0,RN 8,43.28306565,5.59720772,17:00:00,2024-04-15
202400020003,16:55,Crépuscule,01,01249,1,1,8,7.0,Rue de la Dombes,45.86831,4.923549,16:55:00,2024-12-23
202400020004,15:10,Plein jour,71,71166,1,1,1,7.0,D985,46.745364,4.058534,15:10:00,2024-01-29
202400020005,05:25,,92,92073,2,1,2,2.0,SELLIER (BOULEVARD HENRI),48.86819,2.22487,05:25:00,2024-09-07
202400020006,09:15,Plein jour,06,06088,2,1,1,3.0,12 Rue Gounod,43.69947,7.26044,09:15:00,2024-04-16
202400020007,08:15,Plein jour,01,01160,2,2,1,3.0,D1005,46.25879,6.112245,08:15:00,2024-12-02
202400020008,14:00,Plein jour,81,81284,2,2,1,3.0,avenue de saint-exupéry,43.911068,2.116858,14:00:00,2024-01-29
202400020009,17:18,Plein jour,92,92077,2,1,1,2.0,SEVRES (RUE DE),48.82601103,2.19790444,17:18:00,2024-09-07
202400020010,10:50,Plein jour,06,06069,1,1,1,5.0,70 Route de la Paoute,43.63684,6.95661,10:50:00,2024-04-15
202400020011,23:35,,69,69112,2,3,2,3.0,Chemin de Montcher,45.807818,4.664533,23:35:00,2024-12-20
202400020012,20:20,Crépuscule,75,75117,2,1,1,2.0,BD PERIPHERIQUE INTERIEUR,48.900558,2.327662,20:20:00,2024-04-16
202400020013,16:10,Plein jour,92,92062,2,9,2,2.0,KUPKA (RUE FRANCK) TOUR,48.89102039,2.23245353,16:10:00,2024-09-07
202400020014,15:17,Plein jour,17,17360,1,1,1,1.0,Rue de la Flotte,46.165229,-1.333827,15:17:00,2024-12-22
202400020015,20:05,Nuit sans éclairage,88,88232,1,1,1,2.0,A31,48.470844,5.878887,20:05:00,2024-01-28
202400020016,09:00,Plein jour,92,92040,2,1,1,7.0,GALLIENI (BOULEVARD),48.82339901,2.26793736,09:00:00,2024-09-07
202400020017,11:45,Plein jour,75,75119,2,1,2,2.0,BD PERIPHERIQUE EXTERIEUR,48.900581,2.386129,11:45:00,2024-04-16
202400020018,15:55,Plein jour,61,61074,2,3,2,3.0,8 L'Augrumière,48.567147,-0.159602,15:55:00,2024-12-22
202400020019,22:10,Nuit sans éclairage,35,35212,1,1,2,6.0,La Chevrie,47.89167831,-1.66375011,22:10:00,2024-12-22
202400020020,07:30,Plein jour,75,75113,2,1,1,2.0,BD PERIPHERIQUE EXTERIEUR,48.825237,2.385529,07:30:00,2024-04-16
202400020021,14:10,Plein jour,92,92023,2,1,8,3.0,BIEVRES (RUE DE),48.79265,2.26472,14:10:00,2024-09-07
202400020022,08:00,Plein jour,28,28388,1,1,1,5.0,D910,48.390583,1.450812,08:00:00,2024-01-29
202400020023,10:40,Plein jour,75,75105,2,3,1,6.0,BOULEVARD SAINT GERMAIN,48.849874,2.349474,10:40:00,2024-04-15
202400020024,16:50,Plein jour,27,27365,1,1,2,1.0,D77,49.297801,1.195589,16:50:00,2024-12-22
202400020025,15:30,Plein jour,92,92060,2,1,1,3.0,LEON BLUM (AVENUE) (RD 75),48.77558417,2.25573224,15:30:00,2024-09-06
202400020026,19:30,Nuit sans éclairage,83,83036,2,3,1,6.0,Allée du Levant,43.194179,6.524999,19:30:00,2024-01-28
202400020027,20:10,Nuit sans éclairage,27,27213,1,1,6,1.0,D3,49.212916,1.541203,20:10:00,2024-12-22
202400020028,15:00,Plein jour,75,75119,2,3,2,6.0,AVENUE JEAN JAURES,48.888769,2.393145,15:00:00,2024-04-16
202400020029,14:00,Plein jour,62,62839,1,1,1,6.0,D20,50.14240725,2.9217659,14:00:00,2024-01-29
202400020030,01:45,Nuit sans éclairage,2A,2A212,1,1,1,6.0,Route Départementale 81,42.242411,8.652935,01:45:00,2024-09-08
202400020031,16:55,Crépuscule,27,27016,1,9,1,3.0,D1,49.23745,1.424124,16:55:00,2024-12-03
202400020032,12:55,Plein jour,75,75119,2,1,2,3.0,RUE DE NANTES,48.892049,2.381791,12:55:00,2024-04-16
202400020033,22:10,,51,51643,1,1,1,7.0,D951,49.008878,3.91264,22:10:00,2024-01-13
202400020034,03:20,Nuit sans éclairage,38,38239,1,1,8,6.0,Route de Grenoble,45.326452,5.579773,03:20:00,2024-09-08
202400020035,13:00,Plein jour,42,42322,1,1,1,7.0,Route de la Croix de Chaubouret,45.402458,4.532311,13:00:00,2024-09-07
202400020036,18:12,,59,59663,2,9,4,6.0,1 Rue d'Herzeele,50.883062,2.469392,18:12:00,2024-01-18
202400020037,09:18,Plein jour,75,75119,2,3,2,2.0,BOULEVARD DE LA COMMANDERIE,48.901594,2.385489,09:18:00,2024-04-16
202400020038,10:29,Plein jour,59,59400,1,1,2,1.0,pk 0 D23c,50.629933,2.666202,10:29:00,2024-12-21
202400020039,15:30,Plein jour,63,63267,1,1,1,7.0,D64,45.91123704,3.64526153,15:30:00,2024-01-28
202400020040,17:30,Plein jour,19,19178,1,2,1,2.0,Chemin De La Fontsalade,45.26978622,1.55974048,17:30:00,2024-08-26
202400020041,18:00,Nuit avec éclairage,59,59535,2,1,1,3.0,2810 Route du Parc,50.778861,2.735674,18:00:00,2024-12-22
202400020042,18:00,Plein jour,75,75117,2,3,2,4.0,RUE GUSTAVE CHARPENTIER,48.880949,2.281252,18:00:00,2024-04-16
202400020043,12:45,Plein jour,63,63040,1,9,2,6.0,D997,45.725252,3.351045,12:45:00,2024-09-07
202400020044,13:50,Plein jour,63,63271,1,1,1,2.0,D906,45.91956226,3.50986898,13:50:00,2024-01-28
202400020045,16:53,Plein jour,75,75117,2,3,1,6.0,AVENUE DE SAINT OUEN,48.88802,2.325835,16:53:00,2024-04-16
202400020046,22:30,Nuit sans éclairage,13,13026,1,1,1,2.0,A55-Sens Marseille vers Martigues,43.40012173,5.09963791,22:30:00,2024-12-21
202400020047,04:05,Nuit sans éclairage,31,31052,1,1,1,6.0,RD 4,43.401376,1.365631,04:05:00,2024-09-08
202400020048,14:45,Plein jour,49,49132,1,1,1,7.0,D52,47.678009,-0.441588,14:45:00,2024-01-28
202400020049,16:20,Plein jour,75,75114,2,3,3,6.0,BOULEVARD BRUNE,48.82644,2.31019,16:20:00,2024-04-15
202400020050,18:40,Plein jour,03,03127,1,1,2,6.0,D3,46.520345,2.720339,18:40:00,2024-09-07
202400020051,17:35,Crépuscule,12,12257,1,1,1,7.0,loupiac,44.549194,2.020068,17:35:00,2024-01-28
202400020052,12:20,Plein jour,69,69275,1,1,1,4.0,Rocade Est,45.77473323,4.98352791,12:20:00,2024-12-11
202400020053,09:30,Plein jour,75,75111,2,1,2,3.0,RUE DU CHEMIN VERT,48.860033,2.377661,09:30:00,2024-04-16
202400020054,00:30,Nuit sans éclairage,18,18248,2,1,8,7.0,6 Rue des Ormes,46.949211,2.435183,00:30:00,2024-09-08
202400020055,14:25,Plein jour,68,68140,1,1,1,6.0,D50,47.88869,7.443709,14:25:00,2024-01-29
202400020056,18:50,Plein jour,75,75109,2,2,1,6.0,RUE DES MATHURINS,48.87302551,2.32840919,18:50:00,2024-04-16
202400020057,15:30,Plein jour,36,36168,1,9,2,6.0,Unknown,46.52357644,1.2694631,15:30:00,2024-09-07
202400020058,15:10,Plein jour,91,91174,1,1,3,5.0,RN 104,48.6155,2.45441,15:10:00,2024-12-22
202400020059,17:00,Plein jour,44,44069,1,1,1,1.0,Route de Saint-Lyphard,47.343039,-2.404031,17:00:00,2024-01-28
202400020060,08:00,Plein jour,976,97611,1,1,1,3.0,m'tsapere-Nationale 2 (route),-12.79242,45.22073,08:00:00,2024-07-31
202400020061,17:40,Plein jour,75,75109,2,1,1,3.0,RUE BLANCHE,48.878875,2.331545,17:40:00,2024-04-16
202400020062,16:40,Plein jour,16,16258,2,6,2,2.0,Unknown,45.473742,0.032959,16:40:00,2024-09-06
202400020063,09:00,Plein jour,91,91521,1,1,2,6.0,RN 449,48.63557,2.40172,09:00:00,2024-12-22
202400020064,16:30,Plein jour,02,02235,1,1,1,7.0,Monument commémoratif dit des Basques (Patrimoine national),49.429465,3.761187,16:30:00,2024-01-28
202400020065,06:45,Crépuscule,85,85197,2,1,2,6.0,21 Rue de l eglise (ST SUPLICE LE VERDON),46.894334,-1.421673,06:45:00,2024-09-08
202400020066,21:45,,75,75109,2,3,1,6.0,RUE ROUGEMONT,48.871076,2.345759,21:45:00,2024-04-15
202400020067,12:50,Plein jour,974,97416,2,3,1,3.0,MAHATMA GANDHI(RUE),-21.33834,55.4613,12:50:00,2024-07-31
202400020068,08:05,Crépuscule,72,72289,1,1,1,6.0,route de montbizot,48.144019,0.178871,08:05:00,2024-01-27
202400020069,02:55,Nuit sans éclairage,91,91161,1,1,2,4.0,AUTOROUTE A6,48.69559,2.31797,02:55:00,2024-12-22
202400020070,03:30,Nuit sans éclairage,973,97309,2,1,1,6.0,Route de Rémire,4.898854,-52.273935,03:30:00,2024-09-08
202400020071,18:43,Plein jour,75,75108,2,4,2,3.0,AVENUE DES CHAMPS ELYSEES,48.871824,2.300875,18:43:00,2024-04-16
202400020072,12:07,Plein jour,974,97411,2,3,1,6.0,LEBRETON (CHEMIN LORY),-20.91873,55.4981,12:07:00,2024-07-31
202400020073,11:10,Plein jour,75,75101,2,3,1,6.0,RUE DU MONT THABOR,48.865314,2.329783,11:10:00,2024-04-16
202400020074,12:20,Plein jour,14,14614,1,1,1,4.0,Route de Notre Dame,49.230637,-0.970327,12:20:00,2024-01-28
202400020075,07:40,Crépuscule,95,95527,1,1,2,2.0,A3,48.98790062,2.50943807,07:40:00,2024-12-22
202400020076,12:05,Plein jour,974,97407,2,9,1,3.0,BELLEAU REMI(RUELLE),-20.94074,55.29748,12:05:00,2024-07-31
202400020077,14:55,Plein jour,75,75101,2,2,2,6.0,RUE DANIELLE CASANOVA,48.867532,2.333622,14:55:00,2024-04-15
202400020078,10:00,Plein jour,18,18111,1,1,1,7.0,Unknown,47.290641,2.598095,10:00:00,2024-01-29
202400020079,05:50,Nuit sans éclairage,93,93078,1,1,2,6.0,AUTOROUTE A104,48.96300436,2.52239723,05:50:00,2024-12-22
202400020080,07:42,Plein jour,38,38485,1,1,1,3.0,D106,45.170787,5.649531,07:42:00,2024-09-06
202400020081,14:45,Plein jour,94,94081,2,3,1,3.0,Rue Clement Perrot / Rue de la Glacière,48.787932,2.392074,14:45:00,2024-04-16
202400020082,18:00,Nuit sans éclairage,974,97407,2,1,1,1.0,ROUTE DU SACRE COEUR,-20.95182458,55.30480313,18:00:00,2024-07-30
202400020083,03:50,Nuit sans éclairage,93,93005,1,1,1,6.0,AUTOROUTE A104,48.97299672,2.49281358,03:50:00,2024-12-22
202400020084,13:55,Plein jour,18,18223,1,1,1,1.0,Unknown,47.210451,2.394419,13:55:00,2024-01-27
202400020085,14:09,Plein jour,94,94067,2,3,2,3.0,Avenue de Paris / Avenue Gambetta,48.84592577,2.42304102,14:09:00,2024-04-15
202400020086,16:50,Nuit sans éclairage,95,95252,1,1,3,6.0,A15,48.97624408,2.23643552,16:50:00,2024-12-21
202400020087,15:31,Plein jour,973,97302,2,1,1,3.0,MONTABO (ROUTE DE) 1,4.9353285,-52.29450059,15:31:00,2024-07-31
202400020088,11:15,Plein jour,28,28144,1,1,1,7.0,D13,48.243982,0.81654,11:15:00,2024-01-27
202400020089,23:55,,69,69244,2,1,3,1.0,Avenue Jean Bergeron,45.768221,4.749221,23:55:00,2024-09-07
202400020090,04:10,,94,94076,2,2,2,7.0,Avenue de Stalingrad / Boulevard Maxime Gorki,48.78607,2.36686,04:10:00,2024-04-16
202400020091,18:40,Nuit sans éclairage,94,94042,1,1,2,2.0,A4,48.82672557,2.46681536,18:40:00,2024-12-22
202400020092,18:20,Plein jour,69,69387,2,2,1,3.0,Rue Chalopin,45.75199658,4.84492592,18:20:00,2024-07-31
202400020093,13:30,Plein jour,17,17397,2,1,1,2.0,Avenue des Sources,45.886382,-0.672033,13:30:00,2024-01-29
202400020094,12:00,Plein jour,94,94021,2,6,2,6.0,Avenue de Stalingrad / Av du Pdt Franklin Roosevelt,48.76839081,2.36788899,12:00:00,2024-04-16
202400020095,15:10,Plein jour,77,77450,1,1,2,2.0,RN104,48.70838832,2.59888985,15:10:00,2024-12-21
202400020096,16:00,Plein jour,988,98814,1,1,1,1.0,TRIBU DE HNAEU,-20.95703,167.37712,16:00:00,2024-09-07
202400020097,04:30,Nuit sans éclairage,17,17353,1,1,1,7.0,RD 937C - PR 3 + 500,45.989776,-1.055589,04:30:00,2024-01-27
202400020098,15:00,Plein jour,94,94028,2,1,1,3.0,208 Rue du Général Leclerc,48.782104,2.473712,15:00:00,2024-04-16
202400020099,20:00,Plein jour,69,69149,2,2,1,3.0,Rue des Martyrs de la Libération,45.70085,4.82404,20:00:00,2024-07-31
202400020100,10:30,Plein jour,94,94073,1,1,1,3.0,A86,48.76286065,2.38135983,10:30:00,2024-12-21
202400020101,09:15,Plein jour,988,98802,1,1,1,6.0,RT1,-21.85813,165.97544,09:15:00,2024-09-08
202400020102,00:14,Nuit sans éclairage,17,17322,1,1,1,7.0,D206,46.267262,-0.829296,00:14:00,2024-01-29
202400020103,14:00,Plein jour,2B,2B033,2,1,1,6.0,PERI  - RUE GABRIEL,42.7022,9.44875,14:00:00,2024-07-31
202400020104,14:13,Plein jour,44,44109,2,6,1,3.0,Place Victor Mangin,47.20088366,-1.54442048,14:13:00,2024-11-27
202400020105,11:00,Plein jour,988,98802,1,1,1,6.0,RT1 PR 81+400,-21.858332,166.02524,11:00:00,2024-09-07
202400020106,08:00,Plein jour,72,72386,1,1,1,2.0,PK 162,48.051005,0.304184,08:00:00,2024-01-29
202400020107,08:30,Crépuscule,44,44143,2,1,1,6.0,42 Rue de la Blordière,47.18,-1.533399,08:30:00,2024-11-26
202400020108,23:15,Nuit sans éclairage,971,97118,1,1,2,6.0,N1,16.22201,-61.596614,23:15:00,2024-09-07
202400020109,10:00,Plein jour,2B,2B033,2,1,1,4.0,TUNNEL,42.69597,9.45241,10:00:00,2024-07-31
202400020110,08:15,Crépuscule,44,44114,2,3,1,6.0,4 Place de l'Eglise,47.2708254,-1.6230562,08:15:00,2024-11-25
202400020111,16:05,Plein jour,30,30036,2,1,1,2.0,Avenue des Capitelles,43.765895,4.276943,16:05:00,2024-01-29
202400020112,11:30,Plein jour,83,83115,2,1,1,2.0,Av du Croiseur Leger le Malin,43.340809,6.680122,11:30:00,2024-09-03
202400020113,13:00,Plein jour,84,84031,1,1,1,6.0,D942,44.05611,5.03078,13:00:00,2024-07-31
202400020114,18:50,Nuit sans éclairage,971,97101,1,1,2,2.0,PROVIDENCE,16.26272,-61.51383,18:50:00,2024-07-31
202400020115,09:48,Plein jour,84,84004,1,1,1,6.0,D55,44.099436,5.063066,09:48:00,2024-08-01
202400020116,20:40,Plein jour,91,91223,1,1,1,7.0,R.D.20,48.42798,2.15558,20:40:00,2024-07-30
202400020117,17:16,Plein jour,987,98738,2,3,1,3.0,RT1 PK 18,-17.61634659,-149.60911274,17:16:00,2024-01-28
202400020118,01:55,,57,57591,1,1,2,7.0,N52,49.256643,6.099905,01:55:00,2024-09-08
202400020119,11:20,Plein jour,988,98818,1,4,8,3.0,ROUTE PROVINCIALE DU NORMANDIE,-22.2242,166.47164,11:20:00,2024-12-21
202400020120,18:03,Plein jour,91,91433,1,1,1,6.0,R.D. 20,48.46926,2.18438,18:03:00,2024-07-29
202400020121,23:25,Nuit sans éclairage,05,05162,1,1,1,6.0,La Saulce,44.439204,6.029413,23:25:00,2024-01-19
202400020122,08:04,Crépuscule,38,38464,1,1,8,6.0,675 Route de Torchefelon,45.537452,5.399228,08:04:00,2024-09-08
202400020123,07:33,Plein jour,91,91223,2,9,1,7.0,ROND POINT CHARLES DE GAULLES,48.4273,2.15507,07:33:00,2024-07-30
202400020124,22:50,Nuit sans éclairage,978,97801,1,1,1,1.0,Route de Griselle RN7,18.094766,-63.03269,22:50:00,2024-01-28
202400020125,12:20,Plein jour,974,97411,2,1,1,2.0,MONTHYON (RUE),-20.88746,55.46339,12:20:00,2024-12-21
202400020126,07:10,,06,06152,1,1,1,7.0,Route de la Valmasque,43.605031,7.060132,07:10:00,2024-01-27
202400020127,17:50,Plein jour,49,49023,2,1,1,6.0,Rue Jean de Béjarry (Gesté),47.175737,-1.109501,17:50:00,2024-09-07
202400020128,17:05,Plein jour,88,88428,1,1,7,1.0,CHEMIN DES TITISS,48.32609,6.90456,17:05:00,2024-07-28
202400020129,12:26,Plein jour,974,97411,2,1,1,2.0,PARIS (RUE DE),-20.88528,55.45083,12:26:00,2024-12-21
202400020130,17:00,Plein jour,22,22178,1,1,1,6.0,D2.7,48.687458,-3.021095,17:00:00,2024-09-07
202400020131,10:58,Plein jour,87,87075,1,1,1,1.0,DU PUY DU TOUR (ROUTE),45.81716,1.19104,10:58:00,2024-07-31
202400020132,07:50,Crépuscule,51,51118,1,1,1,4.0,"Autoroute A.26, pk 261+700, sens CALAIS REIMS",49.261307,3.961033,07:50:00,2024-01-29
202400020133,01:50,Nuit sans éclairage,974,97407,2,1,1,7.0,ROUTE NATIONALE N° 1,-20.95004,55.32009,01:50:00,2024-12-22
202400020134,16:00,Plein jour,34,34213,1,9,1,3.0,D600,43.475926,3.685886,16:00:00,2024-01-26
202400020135,18:35,Plein jour,35,35066,2,1,2,3.0,D34,48.041713,-1.694024,18:35:00,2024-09-07
202400020136,12:14,Plein jour,87,87085,2,2,1,3.0,THUILLAT (RUE VICTOR),45.8478,1.25483,12:14:00,2024-07-28
202400020137,21:45,Nuit sans éclairage,45,45302,1,1,1,7.0,A10 PR 92 + 70,47.96139,1.853819,21:45:00,2024-01-27
202400020138,09:32,Plein jour,973,97302,1,1,2,5.0,ROUTE NATIONALE 1,4.92581,-52.32887,09:32:00,2024-12-20
202400020139,08:55,Plein jour,85,85194,2,1,1,3.0,Boulevard de l'île vertime,46.5038,-1.78821,08:55:00,2024-07-31
202400020140,10:47,Plein jour,60,60612,2,2,1,2.0,Rue du Faubourg Saint-martin,49.195552,2.577091,10:47:00,2024-09-07
202400020141,12:20,Plein jour,974,97422,1,1,3,3.0,Rue Pierre Rivals,-21.233447,55.550137,12:20:00,2024-01-26
202400020142,23:00,Nuit sans éclairage,80,80236,1,1,1,7.0,RD 41,49.696339,2.596507,23:00:00,2024-09-07
202400020143,11:15,Plein jour,69,69149,2,1,1,3.0,Grande Rue,45.72104309,4.81113979,11:15:00,2024-12-21
202400020144,17:00,Plein jour,84,84007,2,3,1,3.0,MORIERES (Route de ),43.95245714,4.84306169,17:00:00,2024-07-31
202400020145,12:45,Plein jour,973,97311,1,1,8,6.0,Avenue Gaston Monnerville,5.489061,-54.001193,12:45:00,2024-01-29
202400020146,10:50,Plein jour,13,13015,1,1,1,7.0,A51-Sens Aix en Provence vers Marseille,43.46753554,5.40713194,10:50:00,2024-08-10
202400020147,15:20,Plein jour,95,95424,2,1,2,6.0,ARISTIDE MAILLOL (AVENUE),48.99577,2.1987,15:20:00,2024-12-21
202400020148,17:45,Plein jour,83,83126,2,1,1,6.0,MISTRAL (AV FREDERIC),43.09709491,5.88370646,17:45:00,2024-07-28
202400020149,15:30,Plein jour,33,33097,1,1,1,3.0,D6e1,45.064064,-1.176905,15:30:00,2024-01-28
202400020150,05:05,Nuit sans éclairage,69,69297,1,1,1,2.0,Autoroute 47  ,45.58795597,4.78644758,05:05:00,2024-09-03
202400020151,19:30,Nuit sans éclairage,45,45171,1,1,1,6.0,D83 PR 16 + 350,47.662779,2.258173,19:30:00,2024-01-28
202400020152,15:00,Plein jour,95,95427,2,2,2,3.0,D193,48.95965026,2.3284632,15:00:00,2024-12-21
202400020153,08:20,Plein jour,80,80160,2,1,1,3.0,Place Jean Jaures,49.86191,2.34136,08:20:00,2024-07-30
202400020154,10:00,Plein jour,91,91514,2,9,7,6.0,RUE DE LA REPUBLIQUE,48.67274,2.53711,10:00:00,2024-12-20
202400020155,06:35,Nuit sans éclairage,77,77508,1,1,1,6.0,D231,48.803189,2.846746,06:35:00,2024-01-12
202400020156,01:05,Nuit sans éclairage,69,69296,1,1,1,2.0,Autoroute 7 ,45.64207779,4.82741833,01:05:00,2024-09-06
202400020157,10:10,Plein jour,2B,2B307,2,1,1,6.0,t10,42.37846,9.530076,10:10:00,2024-01-27
202400020158,13:15,Plein jour,92,92050,1,1,2,6.0,A86,48.90037653,2.19977438,13:15:00,2024-09-07
202400020159,22:40,Nuit sans éclairage,91,91286,2,6,2,1.0,EMILE ALLIAUD (AVENUE),48.64919,2.38222,22:40:00,2024-12-21
202400020160,05:05,,76,76540,2,1,1,6.0,Place Saint Paul,49.43347,1.1072,05:05:00,2024-07-31