Num_Acc,hrmn,lum,dep,com,agg,int,atm,col,adr,lat,long,heure,date
202400020161,09:45,Plein jour,66,66171,2,1,1,1.0,chemin du mas des capellans,42.607523,3.025897,09:45:00,2024-01-27
202400020162,15:00,Plein jour,78,78640,1,1,1,6.0,A86 EXT,48.778757,2.204029,15:00:00,2024-09-06
202400020163,00:35,Nuit sans éclairage,91,91432,2,1,2,7.0,RD 118,48.70728,2.35125,00:35:00,2024-12-22
202400020164,13:25,Plein jour,13,13115,1,1,1,6.0,D22,43.700877,5.224793,13:25:00,2024-01-28
202400020165,00:10,Nuit sans éclairage,91,91228,2,1,1,2.0,RN7,48.63789,2.43174,00:10:00,2024-12-21
202400020166,07:50,Plein jour,71,71270,2,1,1,6.0,MURTIN (RUE DU GENERAL),46.31933,4.81374,07:50:00,2024-07-31
202400020167,17:15,Plein jour,95,95241,1,1,1,4.0,N104,49.05639571,2.4223111,17:15:00,2024-09-06
202400020168,20:30,,85,85191,2,1,2,2.0,Rue du maréchal foch,46.67371,-1.42828,20:30:00,2024-12-21
202400020169,16:55,Plein jour,69,69286,2,1,1,2.0,Avenue de l'Europe,45.81635,4.89956,16:55:00,2024-07-31
202400020170,10:20,Plein jour,93,93007,1,1,1,2.0,AUTOROUTE A3,48.9422986,2.47831903,10:20:00,2024-09-06
202400020171,17:45,Plein jour,33,33073,1,1,1,1.0,Lieu Dit les Frappes,45.246008,-0.615503,17:45:00,2024-01-28
202400020172,19:15,Plein jour,94,94028,1,1,1,2.0,A86,48.79054422,2.44069237,19:15:00,2024-08-30
202400020173,17:00,Plein jour,69,69259,2,3,1,3.0,Avenue de la République,45.70747,4.86882,17:00:00,2024-07-30
202400020174,18:05,Nuit sans éclairage,22,22156,1,2,1,3.0,Le Danouet,48.538879,-3.23145,18:05:00,2024-01-26
202400020175,15:45,Plein jour,77,77083,1,1,1,6.0,A4.W,48.833457,2.593202,15:45:00,2024-09-06
202400020176,13:10,Plein jour,13,13071,1,1,1,2.0,A7-Sens Marseille vers Lyon,43.40918,5.28627,13:10:00,2024-01-28
202400020177,14:20,Plein jour,94,94042,1,1,1,2.0,A4,48.82800728,2.4730466,14:20:00,2024-09-06
202400020178,12:50,Plein jour,64,64483,2,1,1,4.0,RD810,43.40145,-1.63763,12:50:00,2024-07-31
202400020179,06:50,Nuit sans éclairage,83,83129,1,1,1,6.0,A50,43.12024732,5.84655534,06:50:00,2024-01-28
202400020180,20:30,,987,98735,2,2,1,3.0,CHEF VAIRAATOA (AVENUE),-17.53275,-149.56333,20:30:00,2024-09-05
202400020181,05:20,Nuit sans éclairage,69,69271,1,1,1,6.0,Route Départementale 302,45.75118,4.98452,05:20:00,2024-01-28
202400020182,19:55,Plein jour,62,62099,2,1,1,1.0,D60,50.25254,2.77407,19:55:00,2024-07-30
202400020183,12:10,Plein jour,974,97411,2,3,1,3.0,CANAL (CHEMIN DU GRAND),-20.90035,55.49948,12:10:00,2024-09-06
202400020184,19:53,Nuit sans éclairage,91,91161,1,1,1,4.0,AUTOROUTE A6,48.70159,2.30877,19:53:00,2024-01-28
202400020185,19:55,Plein jour,56,56260,2,6,1,3.0,Avenue de la Marne,47.65999,-2.79002,19:55:00,2024-07-31
202400020186,19:35,Nuit sans éclairage,973,97302,2,1,1,3.0,BADUEL (ROUTE DE),4.92918,-52.29653,19:35:00,2024-09-06
202400020187,06:25,Nuit sans éclairage,94,94034,1,1,1,5.0,A6A,48.7562037,2.33415003,06:25:00,2024-01-28
202400020188,08:22,Plein jour,51,51454,2,1,1,6.0,COURLANCY (RUE DE),49.24286,4.022377,08:22:00,2024-07-30
202400020189,17:35,Plein jour,50,50129,2,1,1,6.0,MUSSET (RUE ALFRED),49.645,-1.64832,17:35:00,2024-07-30
202400020190,12:50,Plein jour,973,97302,2,1,1,2.0,CABASSOU (ROUTE DE),4.92067,-52.32155,12:50:00,2024-09-06
202400020191,16:40,Plein jour,50,50129,2,1,1,6.0,GRAND PRE (RUE DU),49.63713,-1.59545,16:40:00,2024-07-31
202400020192,19:25,Nuit sans éclairage,91,91340,1,1,1,5.0,RN 104,48.609,2.439,19:25:00,2024-01-27
202400020193,21:00,,973,97302,2,1,1,3.0,FLAMBOYANTS (RUE DES),4.92469227,-52.32058525,21:00:00,2024-09-05
202400020194,05:12,,49,49007,2,2,1,1.0,MOLIERE PLACE,47.47369,-0.55567,05:12:00,2024-07-06
202400020195,16:20,Plein jour,91,91064,1,1,1,2.0,RN 118,48.77106,2.22888,16:20:00,2024-01-27
202400020196,13:00,Plein jour,69,69387,2,1,1,4.0,Avenue Debourg,45.73164,4.82542,13:00:00,2024-09-06
202400020197,19:43,Plein jour,49,49007,2,1,1,1.0,SAUMUROISE IMPASSE ET RUE,47.45759,-0.53306,19:43:00,2024-07-30
202400020198,12:40,Plein jour,94,94077,1,1,1,4.0,N7,48.72134868,2.37075153,12:40:00,2024-01-27
202400020199,06:59,Plein jour,972,97213,1,1,1,6.0,MAHAULT,14.61704,-61.0037,06:59:00,2024-09-06
202400020200,09:40,Plein jour,78,78124,1,1,1,6.0,SE A14,48.911718,2.182884,09:40:00,2024-01-28
202400020201,17:00,Plein jour,45,45147,2,1,1,1.0,19 Rue du 11 Octobre,47.93419,1.90018,17:00:00,2024-07-31
202400020202,05:00,Nuit sans éclairage,78,78362,1,1,1,2.0,A13,48.976388,1.716809,05:00:00,2024-01-28
202400020203,08:40,Plein jour,2B,2B120,1,1,1,4.0,TOUTES RUES,42.64926,9.44047,08:40:00,2024-09-06
202400020204,05:45,,37,37261,2,6,1,3.0,DANIEL MAYER,47.41923,0.67386,05:45:00,2024-07-31
202400020205,21:15,Nuit sans éclairage,93,93005,1,1,1,6.0,A3,48.95088858,2.47455129,21:15:00,2024-01-28
202400020206,21:50,Nuit sans éclairage,95,95277,1,1,1,7.0,A104,48.97352265,2.48582988,21:50:00,2024-01-28
202400020207,04:40,Nuit avec éclairage,971,97113,1,1,1,2.0,RN4 - SECTION RIVIERA,16.21797,-61.49827,04:40:00,2024-09-06
202400020208,18:50,Plein jour,34,34108,2,1,1,2.0,MONTPELLIER (ROUTE DE),43.46,3.76,18:50:00,2024-07-13
202400020209,18:40,Nuit sans éclairage,93,93006,1,1,1,2.0,AUTOROUTE A3,48.86896374,2.42891767,18:40:00,2024-01-28
202400020210,21:50,Crépuscule,32,32013,1,1,1,6.0,AGEN (ROUTE D'),43.67928,0.60172,21:50:00,2024-07-31
202400020211,15:00,Plein jour,95,95424,1,1,1,3.0,A15,48.9916589,2.19023195,15:00:00,2024-01-28
202400020212,17:50,Plein jour,91,91201,2,3,1,1.0,AV DE L EUROPE,48.6857,2.43432,17:50:00,2024-09-06
202400020213,06:50,Nuit sans éclairage,93,93073,1,1,1,6.0,AUTOROUTE A104,48.96636,2.55951,06:50:00,2024-01-28
202400020214,09:40,Plein jour,91,91521,1,3,1,3.0,JOLIOT CURIE (AVENUE IRENE ET FREDERIC),48.63211,2.396,09:40:00,2024-09-06
202400020215,19:30,Plein jour,31,31069,1,1,1,4.0,VA001490 A621,43.62514308,1.38593787,19:30:00,2024-07-31
202400020216,12:11,Plein jour,987,98735,2,1,1,3.0,REMPARTS (RUE BLOC FRANCE LIBRE),-17.534207,-149.567233,12:11:00,2024-01-26
202400020217,15:12,Plein jour,31,31555,2,1,1,6.0,RUE DU GENERAL GIRAUD,43.64095776,1.46199971,15:12:00,2024-07-31
202400020218,15:00,Plein jour,84,84007,1,4,1,2.0,A7D,43.8914,4.91649,15:00:00,2024-09-06
202400020219,07:28,Plein jour,973,97302,2,2,1,3.0,JUILLET (RUE DU 14),4.9399605,-52.32962966,07:28:00,2024-01-27
202400020220,21:20,,83,83069,2,6,1,3.0,CORPS (AVENUE DU XVEME),43.12141,6.13771,21:20:00,2024-06-19
202400020221,21:57,,16,16015,2,2,1,3.0,Unknown,45.653406,0.147931,21:57:00,2024-07-31
202400020222,19:45,Plein jour,80,80021,2,1,1,6.0,Rue Edmond Rostand,49.87314,2.32417,19:45:00,2024-09-06
202400020223,07:39,Plein jour,973,97302,2,1,1,3.0,BARTHELEMY (RENE),4.93620999,-52.31585652,07:39:00,2024-01-26
202400020224,20:15,,972,97213,1,1,1,7.0,AUTOROUTE A1,14.618266,-61.034885,20:15:00,2024-01-27
202400020225,16:15,Plein jour,13,13213,2,1,1,2.0,OLIVES (AVENUE DES),43.3274,5.4361,16:15:00,2024-07-31
202400020226,04:40,,13,13209,2,1,1,6.0,MORGIOU (chemin de ),43.24,5.4,04:40:00,2024-07-31
202400020227,10:35,Plein jour,80,80021,2,1,1,3.0,Rue Saint-Fuscien,49.87076,2.30726,10:35:00,2024-09-06
202400020228,19:11,,972,97213,1,1,1,1.0,BASSE GONDEAU (CHEMIN RURAL N°3 DE),14.6278775,-61.02515955,19:11:00,2024-01-27
202400020229,14:20,Plein jour,04,04112,2,1,1,3.0,DEPARTEMENTALE 4096,43.831,5.7947,14:20:00,2024-07-28
202400020230,09:45,Plein jour,80,80674,2,1,1,3.0,Rue Laennec,49.90420813,2.32901037,09:45:00,2024-09-06
202400020231,17:45,Plein jour,80,80489,1,1,2,7.0,Avenue de la Ville Idéale,49.86792,2.37572,17:45:00,2024-09-05
202400020232,23:29,,2B,2B033,2,1,1,1.0,DE MONTERA - BD HYACINTE,42.69948,9.44665,23:29:00,2024-01-27
202400020233,11:15,Plein jour,75,75112,2,1,1,4.0,QUAI DE BERCY,48.830154,2.386571,11:15:00,2024-07-31
202400020234,14:00,Plein jour,79,79191,2,1,1,3.0,Unknown,46.304215,-0.46008,14:00:00,2024-09-05
202400020235,05:24,,75,75110,2,2,3,3.0,RUE DU FAUBOURG SAINT MARTIN,48.873746,2.358325,05:24:00,2024-07-31
202400020236,13:34,Plein jour,2B,2B033,2,1,1,3.0,BASTIA -Z.I DE,42.6637,9.43635,13:34:00,2024-01-27
202400020237,15:00,Plein jour,75,75101,2,4,8,7.0,RUE DE RIVOLI,48.860468,2.342252,15:00:00,2024-07-31
202400020238,00:05,Nuit avec éclairage,971,97101,2,1,1,1.0,ACHILLE RENE BOISNEUF (RUE),16.27026,-61.5058,00:05:00,2024-01-27
202400020239,16:50,Plein jour,94,94081,2,1,1,6.0,Rue Gabriel Péri,48.7990942,2.399207,16:50:00,2024-07-30
202400020240,13:45,Plein jour,77,77221,2,9,1,1.0,D35,48.85473,2.70462,13:45:00,2024-09-06
202400020241,17:10,Plein jour,94,94052,2,1,1,3.0,Rond Point du Marechal Foch,48.844611,2.487785,17:10:00,2024-07-31
202400020242,13:50,Plein jour,95,95582,2,2,1,3.0,FOSSES TREMPES ( RUE DES),48.98404979,2.2369355,13:50:00,2024-01-27
202400020243,09:00,Plein jour,77,77442,2,9,2,6.0,ROYALE (RUE),48.42948,2.7477,09:00:00,2024-09-05
202400020244,00:27,,94,94052,2,3,1,3.0,Rue Hoche,48.8339,2.4928,00:27:00,2024-07-30
202400020245,10:10,Plein jour,95,95598,2,1,1,3.0,DESCARTES (AVENUE),48.98048222,2.2972101,10:10:00,2024-01-26
202400020246,21:50,,94,94011,2,3,1,3.0,Avenue de Paris,48.77734,2.47862,21:50:00,2024-07-30
202400020247,09:40,Plein jour,76,76351,2,2,1,3.0,MARTYRS (DES),49.514305,0.108594,09:40:00,2024-09-06
202400020248,17:50,Nuit sans éclairage,91,91425,2,9,1,2.0,LA CHAPELLE (RUE DE),48.63979,2.27189,17:50:00,2024-01-27
202400020249,12:30,Plein jour,76,76305,2,1,2,1.0,ESTUAIRE,49.49886,0.232071,12:30:00,2024-09-05
202400020250,06:45,,91,91657,2,1,9,3.0,HENRI BARBUSSE (AVENUE),48.7049,2.4373,06:45:00,2024-01-27
202400020251,22:55,,94,94011,2,9,1,3.0,Avenue des 28 Arpents,48.76272,2.478633,22:55:00,2024-07-29
202400020252,07:19,Plein jour,69,69275,2,8,1,6.0,Rue Emile Bertrand,45.77202,4.95617,07:19:00,2024-09-06
202400020253,07:40,Crépuscule,91,91027,2,2,1,3.0,RTE DE FONTAINEBLEAU,48.7161,2.3709,07:40:00,2024-01-27
202400020254,13:30,Plein jour,93,93073,2,2,1,3.0,Rue des Terres Noires / Rue du Sonnet,49.00244,2.5333,13:30:00,2024-07-31
202400020255,01:00,,69,69199,2,2,1,3.0,Avenue Jean Jaurès,45.71224519,4.85507727,01:00:00,2024-09-07
202400020256,04:30,,91,91479,2,2,1,3.0,EUGENE TARTASSE (RUE),48.70864,2.35839,04:30:00,2024-01-27
202400020257,09:12,Plein jour,93,93066,2,2,1,6.0,LAMAZE DOCTEUR,48.93708,2.37188,09:12:00,2024-07-31
202400020258,19:45,,83,83129,2,1,1,6.0,MER (AVENUE DE LA) N°IMPAIRS,43.09607,5.83167,19:45:00,2024-01-27
202400020259,08:10,Plein jour,69,69029,2,3,1,3.0,Avenue François Mitterrand,45.7371,4.91892,08:10:00,2024-09-06
202400020260,15:25,Plein jour,93,93048,2,1,1,6.0,Boulevard Aristide Briand,48.87255209,2.45329844,15:25:00,2024-07-31
202400020261,23:55,,83,83069,2,2,1,3.0,AVENUE RITONDALE LEOPOLD,43.11351,6.12992,23:55:00,2024-01-27
202400020262,18:45,Plein jour,69,69259,2,1,1,2.0,Boulevard de Jodino,45.69145,4.88587,18:45:00,2024-09-05
202400020263,15:00,Plein jour,93,93048,2,1,1,6.0,Avenue Jean Moulin,48.86089,2.4527,15:00:00,2024-07-31
202400020264,01:18,,68,68297,2,6,1,7.0,DE GAULLE ( AVE DU GLE )A PARTIR DES NR,47.58232,7.55637,01:18:00,2024-09-06
202400020265,16:05,Plein jour,77,77058,2,9,1,3.0,MARNE ET GONDOIRE (RUE),48.8399,2.6608,16:05:00,2024-01-27
202400020266,05:10,,92,92051,2,1,2,7.0,MARCHE (PLACE DU),48.88066178,2.27572158,05:10:00,2024-07-31
202400020267,23:00,,76,76575,2,1,1,6.0,Chemin de la Sapiniere,49.383133,1.085387,23:00:00,2024-01-27
202400020268,12:15,Plein jour,64,64122,2,6,2,3.0,Rue de Pitchot,43.46605,-1.53703,12:15:00,2024-09-06
202400020269,00:45,,92,92036,2,4,2,6.0,JEAN GRANDEL (PLACE),48.93348518,2.2961382,00:45:00,2024-07-31
202400020270,17:45,Crépuscule,76,76259,2,1,1,6.0,HUET ( RUE JACQUES),49.75585,0.37962,17:45:00,2024-01-27
202400020271,13:05,Plein jour,62,62427,2,1,2,6.0,Rue Elie Gruyelle,50.4214,2.95444,13:05:00,2024-09-06
202400020272,11:45,Plein jour,60,60057,2,9,1,6.0,Rue de Sénéfontaine,49.41479,2.06724,11:45:00,2024-09-06
202400020273,15:00,Plein jour,76,76217,2,1,1,1.0,BLD DU MARECHAL JOFFRE,49.92286,1.07611,15:00:00,2024-01-26
202400020274,19:55,Plein jour,92,92025,2,9,1,1.0,AUDRA (AV),48.92778996,2.24883628,19:55:00,2024-07-30
202400020275,06:01,,72,72181,2,1,1,6.0,LIBERATION (AV DE LA) N° IMP 1 A 145,48.004,0.1871,06:01:00,2024-01-27
202400020276,13:00,Plein jour,59,59599,2,1,2,6.0,PAPIN (CHAUSSEE DENIS),50.73315,3.14347,13:00:00,2024-09-06
202400020277,18:40,,69,69259,2,1,1,3.0,Avenue Charles de Gaulle,45.71630072,4.89329442,18:40:00,2024-01-27
202400020278,11:55,Plein jour,92,92007,2,1,1,3.0,TURIN (RUE DE),48.80499182,2.31537603,11:55:00,2024-07-31
202400020279,20:35,Crépuscule,59,59009,2,2,8,3.0,FUSILLES RUE DES DU N°116 A FIN,50.61151,3.16125,20:35:00,2024-09-06
202400020280,11:20,Plein jour,67,67180,2,3,1,1.0,MARCHE AUX GRAINS (RUE DU),48.8135,7.79211,11:20:00,2024-01-27
202400020281,07:10,Crépuscule,59,59378,2,1,2,6.0,Boulevard Clémenceau,50.66286,3.094997,07:10:00,2024-09-06
202400020282,16:50,Plein jour,24,24188,1,1,1,1.0,cd 6089 pk 34.100,45.132899,1.012695,16:50:00,2024-08-01
202400020283,18:38,Plein jour,56,56121,2,2,1,3.0,Rue Lazare Carnot,47.74269,-3.36071,18:38:00,2024-09-05
202400020284,08:15,,60,60057,2,6,2,1.0,Avenue Nelson Mandela,49.43391,2.06207,08:15:00,2024-01-26
202400020285,15:25,Plein jour,37,37232,1,3,1,3.0,D952,47.291172,0.33121,15:25:00,2024-07-31
202400020286,19:15,Plein jour,54,54184,2,6,1,3.0,Avenue de Saulxures,48.7085,6.24405,19:15:00,2024-09-06
202400020287,16:30,Plein jour,59,59206,2,1,1,6.0,JAURES (RUE JEAN),50.19499,3.26783,16:30:00,2024-01-26
202400020288,18:25,Crépuscule,37,37074,1,1,1,1.0,rue médard,47.254206,0.144142,18:25:00,2024-07-31
202400020289,13:30,Plein jour,54,54339,2,1,1,2.0,29 Rue de Jéricho,48.70567,6.18683,13:30:00,2024-09-05
202400020290,20:26,,49,49007,2,1,1,3.0,BOISNET RUE,47.47437,-0.55228,20:26:00,2024-01-27
202400020291,08:00,Plein jour,54,54280,2,3,2,3.0,Rue de Franchepré,49.22543,6.01491,08:00:00,2024-09-06
202400020292,03:00,Nuit sans éclairage,2A,2A249,1,1,1,1.0,#Propriano#,41.66377,8.886175,03:00:00,2024-08-01
202400020293,02:50,,44,44109,2,1,1,6.0,14 Rue Anatole de Monzie,47.20328995,-1.54188464,02:50:00,2024-01-27
202400020294,12:45,Plein jour,51,51454,2,6,1,3.0,FRACHON (AVENUE BENOIT),49.28527,4.01543,12:45:00,2024-09-06
202400020295,11:00,Plein jour,84,84116,2,1,1,3.0,Avenue de Verdun,44.258313,5.107312,11:00:00,2024-06-25
202400020296,02:50,Nuit sans éclairage,41,41226,2,1,1,2.0,PARIS (ROUTE DE),47.80652231,1.07208589,02:50:00,2024-01-27
202400020297,05:30,,51,51454,2,3,2,7.0,ROUX (BOULEVARD DU DOCTEUR),49.2326,4.02428,05:30:00,2024-09-06
202400020298,06:30,,35,35238,2,2,1,3.0,CLEMENCEAU (BD GEORGES),48.09373413,-1.67456478,06:30:00,2024-01-27
202400020299,11:05,Plein jour,05,05133,2,3,1,3.0,Allée des Petits Plans,44.93490275,6.58700913,11:05:00,2024-08-01
202400020300,18:20,Plein jour,51,51454,2,1,8,7.0,BOCQUAINE (CHAUSSEE),49.24672,4.02364,18:20:00,2024-09-05
202400020301,21:15,,34,34172,2,1,1,1.0,MENDE (ROUTE DE),43.62814,3.86937,21:15:00,2024-01-27
202400020302,13:44,Plein jour,51,51454,2,9,2,6.0,GAMBETTA (RUE) DU N°1 AU 57 ET DU N° 2 A,49.249374,4.038162,13:44:00,2024-09-05
202400020303,18:10,Plein jour,62,62571,1,4,1,1.0,D144E3,50.459908,1.626813,18:10:00,2024-07-30
202400020304,20:15,,33,33063,2,3,1,6.0,Unknown,44.87537,-0.57444,20:15:00,2024-01-27
202400020305,14:30,Plein jour,51,51454,2,1,1,2.0,BARTHOU (BOULEVARD LOUIS) IMPAIR,49.23481104,4.02842832,14:30:00,2024-09-05
202400020306,22:32,Nuit sans éclairage,57,57100,1,1,1,7.0,Camp La Horie (Aérodrome),48.775085,7.203748,22:32:00,2024-07-31
202400020307,06:36,,33,33281,2,6,1,6.0,Unknown,44.84144,-0.67052,06:36:00,2024-01-27
202400020308,20:20,Plein jour,51,51108,2,2,1,3.0,GRANDE ETAPE (RUE),48.95956,4.37106,20:20:00,2024-08-30
202400020309,19:50,Plein jour,59,59037,2,1,1,7.0,18 rue Jules FERRY,50.196335,3.382733,19:50:00,2024-07-31
202400020310,01:25,Nuit sans éclairage,27,27701,1,1,1,3.0,RD6015,49.23752,1.20246,01:25:00,2024-01-27
202400020311,09:20,Plein jour,49,49007,2,1,1,1.0,JOXE AVENUE,47.4862,-0.54037,09:20:00,2024-09-06
202400020312,18:35,Plein jour,56,56117,2,6,1,6.0,Rue Ernest Renan,47.891733,-2.833228,18:35:00,2024-08-01
202400020313,15:35,Plein jour,49,49015,2,1,1,3.0,CHAMP DES MARTYRS CHEMIN DU,47.492722,-0.577634,15:35:00,2024-09-05
202400020314,14:00,Plein jour,77,77444,1,1,1,6.0,N4,48.691924,3.376923,14:00:00,2024-07-31
202400020315,22:30,,45,45286,2,3,1,3.0,8 Route de Sandillon,47.88825,1.92547,22:30:00,2024-09-06
202400020316,16:20,Plein jour,25,25056,2,1,1,1.0,MALPAS  CHEMIN DE,47.22493,6.03437,16:20:00,2024-01-27
202400020317,13:45,Plein jour,2A,2A362,1,1,1,1.0,Ferrulaghjolu,41.651658,9.350756,13:45:00,2024-07-31
202400020318,16:25,Plein jour,25,25056,2,9,2,6.0,FLORE PLACE,47.24556,6.02804,16:25:00,2024-01-26
202400020319,11:17,Plein jour,41,41018,2,2,1,3.0,ARMAND (RUE LOUIS ),47.599,1.303,11:17:00,2024-09-06
202400020320,03:30,Nuit sans éclairage,23,23096,1,1,1,6.0,RN 145,46.18092395,1.88533254,03:30:00,2024-01-25
202400020321,15:00,Plein jour,2B,2B251,2,9,1,3.0,"RT 10, Face au magasin Casino",42.002111,9.402972,15:00:00,2024-07-30
202400020322,18:40,Plein jour,37,37261,2,1,1,6.0,ARSONVAL (AVENUE ARSENE D'),47.35574,0.70127,18:40:00,2024-09-06
202400020323,00:30,Nuit sans éclairage,89,89417,1,1,1,6.0,D35,47.858789,3.89158,00:30:00,2024-08-01
202400020324,12:00,Plein jour,13,13209,2,3,1,1.0,EMMANUEL CHABRIER),43.23959266,5.39270075,12:00:00,2024-01-27
202400020325,10:00,Plein jour,34,34198,1,1,1,3.0,D21E,43.57366,3.94426,10:00:00,2024-09-06
202400020326,10:00,Plein jour,63,63128,1,2,7,1.0,intersection D46 et route des jolys,45.914387,3.411587,10:00:00,2024-08-01
202400020327,20:50,,33,33281,2,1,1,1.0,Unknown,44.85262,-0.642003,20:50:00,2024-09-06
202400020328,02:05,,33,33063,2,1,1,7.0,Unknown,44.86005,-0.56868,02:05:00,2024-09-05
202400020329,15:55,Plein jour,49,49261,1,1,1,1.0,39 Rue de Saumur (Gennes),47.346713,-0.217502,15:55:00,2024-07-28
202400020330,16:30,Plein jour,42,42287,1,1,1,7.0,D74,45.25558989,4.45648625,16:30:00,2024-07-28
202400020331,23:35,,30,30189,2,3,1,3.0,SAUVE (ROUTE),43.8366,4.3376,23:35:00,2024-09-01
202400020332,07:25,Crépuscule,29,29019,2,2,1,1.0,rue du Château,48.384907,-4.488949,07:25:00,2024-09-06
202400020333,17:00,Plein jour,39,39492,1,1,1,2.0,Unknown,46.612371,5.596354,17:00:00,2024-08-01
202400020334,10:20,Plein jour,25,25463,2,1,1,1.0,23 Rue d'Alsace,47.401762,6.767063,10:20:00,2024-07-31
202400020335,17:15,Plein jour,27,27229,2,1,1,7.0,BAUDOUX (Rue Docteur Michel),49.034904,1.141481,17:15:00,2024-09-06
202400020336,08:20,Plein jour,27,27229,2,6,1,3.0,MOULIN (RUE JEAN),49.00722,1.15118,08:20:00,2024-09-06
202400020337,15:55,Plein jour,66,66187,1,1,1,1.0,D117,42.81491126,2.52033234,15:55:00,2024-08-01
202400020338,22:15,,19,19031,2,1,1,7.0,TOULZAC (RUE),45.16072332,1.53292635,22:15:00,2024-09-05
202400020339,10:50,Plein jour,50,50484,2,1,7,6.0,Rue du 14 Juin 1944,48.576501,-1.094166,10:50:00,2024-07-31
202400020340,15:58,Plein jour,17,17291,1,1,1,2.0,N11,46.17162,-1.12201,15:58:00,2024-09-06
202400020341,19:10,Plein jour,60,60572,1,1,1,1.0,D335,49.372705,3.000576,19:10:00,2024-07-28
202400020342,21:20,Nuit sans éclairage,15,15012,2,1,1,3.0,RD 990,44.897445,2.468025,21:20:00,2024-09-05
202400020343,11:00,Plein jour,14,14366,1,1,2,7.0,D613,49.12948,0.22541,11:00:00,2024-09-05
202400020344,18:10,Plein jour,18,18227,1,1,1,2.0,Unknown,47.495864,2.316656,18:10:00,2024-07-28
202400020345,16:30,Plein jour,07,07139,1,1,1,1.0,578,44.7619297,4.34030238,16:30:00,2024-07-26
202400020346,00:15,,13,13206,2,2,1,3.0,PIERRE PUGET (COURS),43.29043,5.37562,00:15:00,2024-09-07
202400020347,19:00,Plein jour,27,27467,2,1,1,6.0,1 Côte de la Pierre,49.357633,0.51866,19:00:00,2024-07-31
202400020348,01:00,,13,13204,2,3,1,3.0,FRANÇOISE DUPARC (BOULEVARD),43.30451,5.40103,01:00:00,2024-09-06
202400020349,10:00,Plein jour,13,13069,1,1,1,4.0,D22,43.640485,5.181513,10:00:00,2024-08-01
202400020350,12:10,Plein jour,12,12028,1,1,3,1.0,Les Tannins,44.57266,2.20756,12:10:00,2024-09-03
202400020351,07:15,Plein jour,13,13112,2,6,1,2.0,Velaux,43.534005,5.254641,07:15:00,2024-08-01
202400020352,14:20,Plein jour,10,10081,2,1,1,2.0,Rue Antoine Lumière,48.32332,4.03539,14:20:00,2024-09-06
202400020353,13:25,Plein jour,10,10325,1,1,1,6.0,ROCADE OUEST (RD 610),48.26286508,4.08156037,13:25:00,2024-09-06
202400020354,08:20,Plein jour,21,21194,1,1,1,2.0,"Autoroute A31, PK 09+200 sens Dijon / Beaune",47.090754,4.938204,08:20:00,2024-08-01
202400020355,18:50,Plein jour,10,10362,2,1,1,3.0,Avenue du General Gallieni,48.29442,4.05855,18:50:00,2024-09-05
202400020356,19:45,Plein jour,11,11202,1,4,1,6.0,Unknown,42.929582,3.00438,19:45:00,2024-07-27
202400020357,16:12,Plein jour,06,06088,2,8,1,6.0,176 Rue de France,43.6920542,7.2465847,16:12:00,2024-09-06
202400020358,16:20,Plein jour,974,97420,1,1,1,2.0,Route Nationale 2,-20.901154,55.59082,16:20:00,2024-07-31
202400020359,15:35,Plein jour,06,06088,2,1,1,6.0,10 Rue de l'Hôtel des Postes,43.7014573,7.2747845,15:35:00,2024-09-06
202400020360,15:00,Plein jour,06,06069,2,1,1,6.0,Avenue Frédéric Mistral,43.65038,6.92214,15:00:00,2024-09-05
202400020361,18:11,Plein jour,05,05061,2,1,1,7.0,JEAN JAURES ( AVENUE ),44.54879135,6.06724262,18:11:00,2024-08-24
202400020362,20:30,Crépuscule,11,11076,2,2,1,3.0,D6113,43.309847,1.972781,20:30:00,2024-07-30
202400020363,22:05,Nuit sans éclairage,94,94069,1,1,9,4.0,A4,48.81730019,2.42507684,22:05:00,2024-05-27
202400020364,09:00,Plein jour,34,34189,1,1,1,1.0,D11,43.270257,2.762407,09:00:00,2024-07-31
202400020365,06:00,,01,01053,2,1,1,2.0,JOLIOT CURIE ( BOULEVARD IRENE COTE PAIR,46.20877,5.23448,06:00:00,2024-09-06
202400020366,13:10,Plein jour,75,75112,2,1,1,2.0,BOULEVARD PERIPHERIQUE EXTERIEUR SUD,48.833569,2.408341,13:10:00,2024-09-06
202400020367,17:32,Plein jour,01,01262,2,6,1,3.0,avenue des platanes,45.848259,5.057917,17:32:00,2024-07-26
202400020368,13:50,Plein jour,94,94073,1,1,1,4.0,A86,48.76210053,2.38167667,13:50:00,2024-05-27
202400020369,08:55,Plein jour,75,75116,2,1,1,2.0,BOULEVARD PERIPHERIQUE INTERIEUR OUEST,48.854539,2.254923,08:55:00,2024-09-06
202400020370,14:40,Plein jour,17,17307,1,2,1,3.0,Rue de Toulon,45.686053,-0.899704,14:40:00,2024-07-30
202400020371,03:35,Nuit sans éclairage,77,77363,1,1,2,2.0,RN104,48.92310726,2.63014241,03:35:00,2024-05-26
202400020372,18:20,Plein jour,75,75113,2,1,1,2.0,BOULEVARD PERIPHERIQUE EXTERIEUR SUD,48.826491,2.389146,18:20:00,2024-09-05
202400020373,16:30,Plein jour,33,33417,1,1,1,1.0,Unknown,44.998766,-0.910664,16:30:00,2024-07-23
202400020374,19:05,,84,84031,2,9,1,3.0,ROUTE DE BEDOIN ,44.06404,5.06233,19:05:00,2024-01-15
202400020375,17:00,Plein jour,76,76418,1,1,1,6.0,Route départementale 490,49.552013,0.744613,17:00:00,2024-07-31
202400020376,00:20,,75,75110,2,2,1,6.0,RUE LA FAYETTE,48.879456,2.357605,00:20:00,2024-09-06