Num_Acc,hrmn,lum,dep,com,agg,int,atm,col,adr,lat,long,heure,date
202400020377,19:25,,84,84080,2,6,2,3.0,Boulevard Pasteur,44.03458,4.99455,19:25:00,2024-01-10
202400020378,19:30,Nuit sans éclairage,974,97409,1,1,2,7.0,Salazie (route de),-20.97838,55.63662,19:30:00,2024-05-26
202400020379,16:00,Plein jour,83,83123,1,1,1,4.0,A50,43.13309232,5.8119948,16:00:00,2024-07-31
202400020380,11:54,Plein jour,75,75120,2,2,1,3.0,RUE DES PYRENEES,48.84894,2.406547,11:54:00,2024-09-06
202400020381,15:30,Plein jour,69,69388,2,9,1,6.0,Route de Vienne,45.73648,4.85288,15:30:00,2024-05-26
202400020382,16:05,Plein jour,75,75120,2,3,1,6.0,RUE D AVRON,48.852941,2.407475,16:05:00,2024-09-04
202400020383,01:10,,69,69389,2,6,1,3.0,Rue de Bourgogne,45.78164,4.80025,01:10:00,2024-05-26
202400020384,07:30,Plein jour,83,83137,2,1,1,4.0,A57,43.13138738,5.98036515,07:30:00,2024-07-29
202400020385,20:25,Crépuscule,75,75119,2,1,1,6.0,Rue Césaria Évora,48.897709,2.37598,20:25:00,2024-09-06
202400020386,10:32,Plein jour,2B,2B120,2,1,1,3.0,LAGUNE (Route de la) D107,42.65,9.41,10:32:00,2024-05-26
202400020387,12:45,Plein jour,59,59603,1,1,1,4.0,AUTOROUTE A2,50.340927,3.476729,12:45:00,2024-07-29
202400020388,15:00,Plein jour,75,75119,2,1,1,5.0,RUE PETIT,48.886242,2.391453,15:00:00,2024-09-06
202400020389,16:40,Plein jour,971,97101,1,1,1,6.0,RN11,16.27203,-61.51545,16:40:00,2024-05-25
202400020390,19:50,Plein jour,94,94065,1,1,1,3.0,A86,48.75511112,2.34366638,19:50:00,2024-07-31
202400020391,00:05,,75,75119,2,2,1,2.0,AVENUE CORENTIN CARIOU,48.89513425,2.38274306,00:05:00,2024-09-06
202400020392,17:00,Plein jour,92,92002,1,1,1,4.0,AUTOROUTE A86,48.7604343,2.2880949,17:00:00,2024-07-31
202400020393,15:10,Plein jour,971,97101,1,1,1,2.0,RN11,16.2716,-61.54826,15:10:00,2024-05-25
202400020394,18:30,Plein jour,75,75118,2,5,1,3.0,RUE JOSEPH DE MAISTRE,48.886627,2.332601,18:30:00,2024-09-06
202400020395,12:30,Plein jour,91,91086,1,1,1,2.0,RN 104,48.6238,2.378,12:30:00,2024-07-31
202400020396,11:50,Plein jour,971,97120,2,1,1,6.0,DUPLESSIS,16.23744,-61.53642,11:50:00,2024-05-25
202400020397,13:59,Plein jour,91,91340,1,1,1,1.0,AUTOROUTE A6,48.60449528,2.43670098,13:59:00,2024-07-31
202400020398,02:50,,75,75118,2,2,1,3.0,RUE DAMREMONT,48.893646,2.336374,02:50:00,2024-09-06
202400020399,07:00,Plein jour,95,95572,1,6,2,6.0,EGUILLETTE (AVENUE DE L'),49.04920214,2.12736189,07:00:00,2024-05-26
202400020400,17:40,Plein jour,78,78124,1,1,1,7.0,SE A14,48.908607,2.190344,17:40:00,2024-07-30
202400020401,19:45,Plein jour,75,75116,2,2,1,3.0,AVENUE VICTOR HUGO,48.871165,2.288844,19:45:00,2024-09-06
202400020402,19:50,Plein jour,93,93007,1,1,1,2.0,AUTOROUTE A1,48.95491941,2.45727922,19:50:00,2024-07-31
202400020403,18:55,Plein jour,91,91064,2,3,1,3.0,MARTINIERE (RUE DE LA),48.7564,2.20978,18:55:00,2024-05-26
202400020404,12:00,Plein jour,75,75116,2,1,1,2.0,BOULEVARD PERIPHERIQUE INTERIEUR OUEST,48.859377,2.262867,12:00:00,2024-09-06
202400020405,18:30,Plein jour,92,92036,1,1,1,6.0,AUTOROUTE A15,48.94497374,2.28487431,18:30:00,2024-07-31
202400020406,17:20,Plein jour,88,88160,2,1,1,3.0,GRAVEURS (RUE DES),48.15895,6.44873,17:20:00,2024-05-26
202400020407,08:15,Plein jour,75,75108,2,7,1,3.0,PLACE DE L ALMA,48.86473358,2.30136216,08:15:00,2024-09-06
202400020408,09:00,Plein jour,93,93013,1,1,2,4.0,AUTOROUTE A1,48.94076452,2.4258532,09:00:00,2024-07-31
202400020409,09:35,Plein jour,81,81163,2,1,1,7.0,JUIN (MARECHAL),43.50176,2.38192,09:35:00,2024-05-26
202400020410,18:10,Plein jour,94,94069,1,1,1,7.0,A4,48.81730357,2.43236125,18:10:00,2024-07-31
202400020411,23:30,Nuit sans éclairage,81,81004,1,1,1,3.0,RN88 OUEST,43.91517,2.15684,23:30:00,2024-05-26
202400020412,14:05,Plein jour,75,75115,2,2,1,3.0,ESPLANADE HENRI DE FRANCE,48.83872337,2.2698918,14:05:00,2024-09-06
202400020413,04:45,Nuit avec éclairage,94,94073,1,1,2,4.0,A86,48.75352251,2.37891488,04:45:00,2024-07-31
202400020414,18:00,Plein jour,77,77111,2,2,1,3.0,AV HERGE,48.85915,2.77535,18:00:00,2024-05-26
202400020415,12:50,Plein jour,75,75109,2,4,1,6.0,RUE LA FAYETTE,48.876042,2.344634,12:50:00,2024-09-06
202400020416,01:25,Nuit sans éclairage,77,77495,1,1,1,7.0,N105,48.568613,2.64196,01:25:00,2024-07-30
202400020417,14:20,Plein jour,50,50099,2,1,1,3.0,Rue des Fleurs,49.307427,-1.22063,14:20:00,2024-04-29
202400020418,17:40,Plein jour,94,94081,2,3,1,3.0,Avenue du Moulin de Saquet,48.791118,2.381474,17:40:00,2024-09-04
202400020419,06:45,Plein jour,974,97416,1,9,1,6.0,AUBEPINES(ALLEE DES),-21.33477,55.48732,06:45:00,2024-07-30
202400020420,22:50,Nuit sans éclairage,77,77186,1,1,1,1.0,D606,48.3689,2.797,22:50:00,2024-05-25
202400020421,07:05,Crépuscule,94,94068,2,2,1,3.0,Rue Delerue,48.7956,2.49593,07:05:00,2024-09-06
202400020422,11:00,Plein jour,77,77070,1,1,1,2.0,D 934,48.79435,3.10734,11:00:00,2024-05-26
202400020423,10:40,Plein jour,974,97411,1,6,1,3.0,LITTORAL (ROUTE 1 DU),-20.87665,55.44241,10:40:00,2024-07-30
202400020424,14:30,Plein jour,94,94042,2,2,1,1.0,Avenue du President Kennedy,48.81422507,2.46254156,14:30:00,2024-09-06
202400020425,19:20,Plein jour,69,69266,2,1,1,3.0,Rue de la Soie,45.76197,4.91713,19:20:00,2024-05-26
202400020426,14:45,Plein jour,973,97302,2,1,1,2.0,UNIVERSITE CHICAGO (RUE DE),4.93578617,-52.30288661,14:45:00,2024-07-30
202400020427,12:00,Plein jour,94,94052,2,1,1,2.0,Rue Hoche,48.83382173,2.49198054,12:00:00,2024-09-06
202400020428,15:16,Plein jour,69,69388,2,1,1,2.0,94 Boulevard des Etats-Unis,45.73087,4.86632,15:16:00,2024-07-30
202400020429,13:50,Plein jour,69,69256,2,3,1,3.0,Rue Cuzin,45.77461,4.91535,13:50:00,2024-05-26
202400020430,17:30,Plein jour,94,94041,2,1,1,6.0,Rue Lénine,48.81692,2.39578,17:30:00,2024-09-06
202400020431,01:00,,69,69388,2,1,1,6.0,Rue Joseph Chapelle,45.73538691,4.86715421,01:00:00,2024-07-30
202400020432,09:25,Plein jour,94,94077,2,1,2,6.0,Cours de Verdun,48.73704,2.40714,09:25:00,2024-09-05
202400020433,17:24,Plein jour,66,66136,2,3,8,3.0,DESPRES (HIPPOLYTE),42.70973,2.89049,17:24:00,2024-05-26
202400020434,17:55,Plein jour,69,69382,2,3,1,3.0,Quai Perrache,45.73633,4.81986,17:55:00,2024-07-30
202400020435,09:40,Plein jour,94,94018,2,3,1,1.0,Rue de Conflans,48.82142,2.41313,09:40:00,2024-09-06
202400020436,17:50,Plein jour,95,95585,2,1,1,6.0,D125,48.9910101,2.3737823,17:50:00,2024-07-30
202400020437,16:25,Plein jour,64,64284,2,1,1,1.0,RAUSKI,43.2592,-0.39068,16:25:00,2024-05-26
202400020438,19:45,Plein jour,91,91286,2,9,1,3.0,PLESSIS (CHEMIN DU),48.65165,2.38406,19:45:00,2024-07-30
202400020439,16:35,Plein jour,94,94079,2,1,1,1.0,Chemin des Lyonnes,48.8197,2.54867,16:35:00,2024-09-06
202400020440,11:28,Plein jour,87,87085,2,1,1,7.0,KING (AVENUE MARTIN LUTHER),45.81486,1.23205,11:28:00,2024-07-30
202400020441,18:40,Plein jour,63,63113,2,2,1,2.0,rue des Liondards / Av Léon Blum,45.76666,3.09592,18:40:00,2024-05-26
202400020442,11:39,Plein jour,87,87085,2,3,1,3.0,BELLAC (RUE DE),45.84966,1.245,11:39:00,2024-07-26
202400020443,21:50,,93,93073,1,1,1,5.0,Circuit 1,49.00558591,2.53537059,21:50:00,2024-09-05
202400020444,07:00,Plein jour,93,93072,2,9,1,6.0,MAXIME GORKI (BOULEVARD) DES N°1 AU 87,48.94456,2.38695,07:00:00,2024-09-06
202400020445,02:57,,59,59421,2,2,1,3.0,MARNE (BOULEVARD DE LA),50.69262,3.13134,02:57:00,2024-05-26
202400020446,11:30,Plein jour,83,83137,2,3,1,7.0,LECLERC (AVE GENERAL),43.12589,5.92767,11:30:00,2024-07-30
202400020447,12:25,Plein jour,93,93066,2,1,1,3.0,LIBERATION RD14 (BOULEVARD),48.92804247,2.34132533,12:25:00,2024-09-06
202400020448,07:45,Plein jour,83,83123,1,1,1,6.0,BANDOL (ROUTE)N° IMPAIRS,43.13601,5.77761,07:45:00,2024-07-25
202400020449,19:35,Plein jour,57,57463,2,2,1,3.0,CASTELNAU (RUE ),49.09322,6.17505,19:35:00,2024-05-26
202400020450,10:10,Plein jour,93,93046,2,2,1,3.0,Boulevard Gutenberg / Avenue Vauban,48.91300883,2.51840312,10:10:00,2024-09-06
202400020451,12:35,Plein jour,83,83061,1,1,1,2.0,N7,43.51389,6.82684,12:35:00,2024-07-28
202400020452,16:45,Plein jour,47,47323,2,4,1,7.0,GENERAL DE GAULLE (AVENUE DU),44.42093446,0.72101963,16:45:00,2024-05-25
202400020453,09:35,Plein jour,82,82033,2,3,1,6.0,Unknown,44.03903934,1.10837817,09:35:00,2024-07-30
202400020454,21:20,,93,93062,2,2,1,3.0,COTEAUX (ALLEE DES) 28 - FIN,48.89958,2.5236,21:20:00,2024-09-05
202400020455,13:10,Nuit avec éclairage,42,42218,2,2,1,3.0,Rue de la Valse,45.43869189,4.40193856,13:10:00,2024-04-03
202400020456,23:30,,78,78423,2,1,2,6.0,PRES (AVENUE DES),48.77763,2.01833,23:30:00,2024-07-30
202400020457,09:10,Plein jour,93,93051,2,3,1,6.0,Rue Jean Richepin / Rue Galilée,48.84454,2.54693,09:10:00,2024-09-06
202400020458,14:40,Plein jour,38,38185,2,2,1,3.0,PLACE VICTOR HUGO,45.18966,5.72474,14:40:00,2024-05-25
202400020459,10:45,Plein jour,78,78208,2,1,1,6.0,VILLEDIEU (AVENUE DE LA) 210,48.77004,1.9682,10:45:00,2024-07-30
202400020460,13:35,Plein jour,93,93046,2,1,1,2.0,MARX DORMOY BOULEVARD,48.90648588,2.52406273,13:35:00,2024-09-06
202400020461,12:30,Plein jour,38,38185,2,1,1,6.0,Place Saint Bruno,45.18767,5.71373,12:30:00,2024-05-21
202400020462,16:35,Plein jour,93,93029,2,1,1,2.0,HENRI BARBUSSE (AVE) N°2-124,48.91809,2.44784,16:35:00,2024-09-06
202400020463,13:45,Plein jour,35,35281,2,2,1,3.0,BLUM (MAIL LEON),48.07843,-1.71576,13:45:00,2024-05-26
202400020464,15:15,Plein jour,93,93029,2,3,1,3.0,SEDOV,48.92205,2.42083,15:15:00,2024-09-06
202400020465,20:10,Plein jour,34,34301,2,3,1,3.0,MOULIN JEAN (RUE),43.410011,3.688292,20:10:00,2024-05-25
202400020466,09:20,Plein jour,93,93029,2,1,1,3.0,Rue Anatole France,48.93366,2.4557,09:20:00,2024-09-06
202400020467,16:45,Plein jour,77,77306,1,1,1,1.0,D.471,48.58635,2.686424,16:45:00,2024-07-30
202400020468,20:10,Plein jour,34,34301,2,3,1,3.0,BLANC CAMILLE (BOULEVARD),43.40938,3.67307,20:10:00,2024-05-12
202400020469,08:10,Plein jour,34,34301,2,1,1,6.0,EUZET HONORE (RUE),43.40468,3.70051,08:10:00,2024-05-26
202400020470,07:50,Plein jour,77,77053,1,1,1,6.0,RD 216,48.70408,2.62671,07:50:00,2024-07-30
202400020471,17:00,Plein jour,33,33063,2,3,1,3.0,Unknown,44.82828,-0.54019,17:00:00,2024-05-25
202400020472,13:40,Plein jour,77,77475,2,1,1,2.0,RN 3,48.958167,2.962517,13:40:00,2024-07-30
202400020473,17:55,Plein jour,29,29232,2,1,1,7.0,Boulevard de Creac'h Gwen,47.975301,-4.097768,17:55:00,2024-05-25
202400020474,19:10,Plein jour,76,76681,2,2,1,1.0,Rue de Paris,49.417541,1.095406,19:10:00,2024-07-30
202400020475,19:10,Plein jour,29,29151,2,3,1,3.0,Rue de Brest,48.57096951,-3.83786291,19:10:00,2024-05-24
202400020476,20:25,Plein jour,76,76447,2,1,1,6.0,MARECHAL FOCH,49.53855,0.18658,20:25:00,2024-07-28
202400020477,04:50,Nuit sans éclairage,73,73065,1,1,1,6.0,D211 MONTAGNY (RUE DE),45.59902,5.92487,04:50:00,2024-07-30
202400020478,20:55,Plein jour,22,22278,2,5,1,6.0,PORT-FAVIGO (DU),48.51881,-2.75858,20:55:00,2024-05-26
202400020479,15:54,Plein jour,72,72181,2,9,1,3.0,MESSIAEN OLIVIER (AV) PAIRS,48.01546,0.15577,15:54:00,2024-07-29
202400020480,12:03,Plein jour,22,22113,2,1,1,2.0,RESISTANCE (AVENUE DE LA),48.73711,-3.46807,12:03:00,2024-05-21
202400020481,07:40,Crépuscule,71,71475,2,1,1,6.0,AUGUSTE MARTIN (RUE),46.77205,4.8325,07:40:00,2024-07-30
202400020482,16:33,Plein jour,16,16358,1,1,1,6.0,Unknown,45.6737,0.14439,16:33:00,2024-05-26
202400020483,17:25,Plein jour,13,13117,2,1,1,1.0,SALYENS ( AVENUE DES ),43.44194,5.25296,17:25:00,2024-05-25
202400020484,23:05,,69,69266,2,2,1,3.0,Rue Anatole France,45.76789,4.87799,23:05:00,2024-07-15
202400020485,18:45,Plein jour,69,69290,2,1,1,2.0,Place de l'Hôtel de Ville Charles Ottina,45.69443,4.93696,18:45:00,2024-07-29
202400020486,07:40,Plein jour,13,13043,2,3,1,3.0,MEDITERRANEE (AV DE LA ),43.38509249,5.21722108,07:40:00,2024-05-25
202400020487,16:30,Plein jour,67,67267,2,1,1,3.0,MARECHAL FOCH (RUE DU),48.55651,7.68123,16:30:00,2024-07-29
202400020488,21:30,,13,13103,2,1,1,1.0,CHEMIN DES CARDELINES,43.62258,5.08821,21:30:00,2024-05-25
202400020489,16:40,Plein jour,13,13047,1,1,1,1.0,RN 569,43.54216,4.95631,16:40:00,2024-05-25
202400020490,07:40,Plein jour,67,67204,2,3,1,1.0,FONTAINE (RUE DE LA),48.62371,7.75408,07:40:00,2024-07-29
202400020491,21:40,Crépuscule,64,64545,2,4,8,1.0,RD810,43.36185,-1.70539,21:40:00,2024-07-29
202400020492,18:30,Plein jour,13,13001,1,9,1,5.0,FERRINI FORTUNE (AV),43.4946,5.43286,18:30:00,2024-05-26
202400020493,00:06,,64,64445,2,3,1,3.0,CARREROT,43.29836,-0.36255,00:06:00,2024-07-30
202400020494,17:25,Plein jour,75,75115,2,1,1,4.0,BD PERIPHERIQUE EXTERIEUR,48.826376,2.297013,17:25:00,2024-05-25
202400020495,18:01,Plein jour,64,64024,2,3,1,3.0,PLAGES (BOULEVARD DES),43.50959,-1.52939,18:01:00,2024-07-29
202400020496,07:40,Plein jour,62,62510,2,1,1,6.0,Rue Albert Samain,50.42563,2.76976,07:40:00,2024-07-29
202400020497,09:20,Plein jour,75,75113,2,2,1,6.0,RUE PRIMATICE,48.833235,2.35554,09:20:00,2024-05-25
202400020498,20:10,Plein jour,61,61001,2,1,1,6.0,Voie Communale,48.41342,0.09651,20:10:00,2024-07-30
202400020499,15:52,Plein jour,75,75118,2,3,2,6.0,RUE DE LA CHAPELLE,48.897124,2.35948,15:52:00,2024-05-26
202400020500,14:20,Plein jour,60,60057,2,1,1,6.0,Rue de la Madeleine,49.42774,2.08849,14:20:00,2024-07-24
202400020501,18:20,Plein jour,75,75116,2,1,1,6.0,AVENUE RAYMOND POINCARE,48.86919,2.28547,18:20:00,2024-05-26
202400020502,05:35,Plein jour,59,59650,2,2,1,3.0,CASTERMANT (RUE CHARLES),50.70325,3.19553,05:35:00,2024-07-30
202400020503,10:50,Plein jour,58,58194,2,1,1,5.0,DOCKS,46.99376,3.14878,10:50:00,2024-07-30
202400020504,14:50,Plein jour,57,57672,2,1,2,6.0,ARLON (ROUTE D'),49.35668933,6.14332148,14:50:00,2024-07-27
202400020505,17:40,Plein jour,55,55545,2,1,1,7.0,PORTE DE FRANCE ( PLACE ),49.16233,5.37774,17:40:00,2024-07-12
202400020506,17:20,Plein jour,75,75116,2,3,1,6.0,RUE DU COMMANDANT GUILBAUD,48.839198,2.251721,17:20:00,2024-05-26
202400020507,13:30,Plein jour,75,75116,2,1,1,6.0,AVENUE RAYMOND POINCARE,48.867965,2.285795,13:30:00,2024-05-26
202400020508,18:59,Plein jour,55,55545,2,3,1,3.0,SAINT PAUL ( ROND POINT ),49.16437,5.3841,18:59:00,2024-07-15
202400020509,17:06,Plein jour,54,54079,2,1,1,6.0,Avenue de la Petite Suisse,48.88299,6.0448,17:06:00,2024-07-29
202400020510,15:55,Plein jour,75,75115,2,7,1,3.0,RUE DE VOUILLE,48.835438,2.302695,15:55:00,2024-05-26
202400020511,14:30,Plein jour,75,75114,2,1,1,3.0,AVENUE DE LA PORTE DE CHATILLON,48.822657,2.315017,14:30:00,2024-05-25
202400020512,08:55,Plein jour,54,54395,2,9,1,3.0,Boulevard d'Austrasie,48.69388,6.19825,08:55:00,2024-07-29
202400020513,16:30,Plein jour,75,75113,2,4,1,2.0,RUE DE TOLBIAC,48.826104,2.358829,16:30:00,2024-05-26
202400020514,13:45,Plein jour,75,75113,2,4,1,6.0,BOULEVARD SAINT MARCEL,48.838332,2.356975,13:45:00,2024-05-26
202400020515,08:50,Plein jour,52,52448,2,1,7,6.0,CAMUS (RUE JEAN),48.6385,4.97689,08:50:00,2024-07-29
202400020516,04:40,,94,94081,2,3,1,2.0,Avenue Jean Jaurès / Avenue du Groupe Manouchian,48.79422,2.40165,04:40:00,2024-05-26
202400020517,16:15,Plein jour,49,49099,2,1,1,6.0,BOTREL (RUE THEODORE),47.05469846,-0.88179767,16:15:00,2024-06-26
202400020518,03:35,,45,45285,2,1,1,1.0,32 Rue du Clos du Renard,47.902781,1.873052,03:35:00,2024-07-30
202400020519,11:00,Plein jour,93,93055,2,3,1,3.0,Avenue Jean Lolive / Rue Lépine,48.894447,2.419819,11:00:00,2024-05-26
202400020520,19:30,Plein jour,44,44055,2,1,7,6.0,34 Avenue Maréchal Joffre,47.28524,-2.38761,19:30:00,2024-07-30
202400020521,18:55,Plein jour,93,93051,2,2,1,6.0,Boulevard du Marechal Foch / Rue de Verdun,48.84701525,2.53299505,18:55:00,2024-05-26
202400020522,23:50,,42,42218,2,2,1,3.0,Rue Michelet,45.43548,4.38952,23:50:00,2024-07-23
202400020523,20:00,Plein jour,93,93057,2,2,1,6.0,Avenue Jean Jaurès / Allée Pierre Brossolette,48.9042,2.50463,20:00:00,2024-05-26
202400020524,17:35,Plein jour,41,41295,1,1,1,5.0,D951,47.608088,1.37824,17:35:00,2024-07-30
202400020525,10:40,Plein jour,93,93007,2,3,1,6.0,Rue de Petrodvoretz / Avenue des Cosmonautes,48.949469,2.455559,10:40:00,2024-05-26
202400020526,07:00,Plein jour,37,37261,2,2,1,6.0,MARECHAL JUIN (BD),47.41224,0.70296,07:00:00,2024-07-29
202400020527,03:05,,92,92023,2,1,1,7.0,MARGUERITE RENAUDIN (AV) N°23 A 187 ET 2,48.80765355,2.27402455,03:05:00,2024-05-26
202400020528,17:34,Plein jour,35,35281,2,1,1,6.0,MARIN (RUE JEAN),48.08284836,-1.71453623,17:34:00,2024-07-30
202400020529,11:52,Plein jour,92,92032,2,1,1,6.0,BOUCICAUT (RUE),48.79048579,2.28956044,11:52:00,2024-05-26
202400020530,16:30,Plein jour,35,35278,1,1,1,2.0,PORTE DE MAUREPAS,48.14203,-1.66416,16:30:00,2024-07-30
202400020531,17:10,Plein jour,92,92012,2,1,1,5.0,GENERAL LECLERC (AVENUE DU) 35/FIN - 60/,48.83060197,2.2335856,17:10:00,2024-05-26
202400020532,15:30,Plein jour,35,35238,1,1,1,4.0,RN136,48.13253283,-1.7082211,15:30:00,2024-07-30
202400020533,01:53,,92,92012,2,2,1,3.0,CHATEAU (RUE DU) 1/125 - 2/136,48.84297,2.24375,01:53:00,2024-05-26
202400020534,18:05,Plein jour,35,35115,2,3,1,2.0,FORET (RUE DE LA),48.35792,-1.19385,18:05:00,2024-07-29
202400020535,01:00,,92,92012,2,1,1,6.0,MEUDON (RUE DE) - COTE PAIR,48.82763533,2.2420553,01:00:00,2024-05-26
202400020536,19:50,Plein jour,34,34301,2,1,1,6.0,MONNET JEAN (AVENUE),43.396472,3.660312,19:50:00,2024-07-29
202400020537,20:50,Crépuscule,34,34172,2,2,1,3.0,CASTELNAU (AVENUE DE),43.62614,3.8823,20:50:00,2024-07-30
202400020538,14:50,Plein jour,34,34003,2,1,1,7.0,QUAI DES CHANTIERS (G4 ET F12,43.30708,3.46536,14:50:00,2024-07-29
202400020539,11:35,Plein jour,68,68026,2,1,8,2.0,25 Rue du Général de Gaulle,48.144812,7.32418,11:35:00,2024-05-27
202400020540,18:45,Plein jour,33,33162,2,6,1,3.0,Unknown,44.86495,-0.66454,18:45:00,2024-07-30
202400020541,12:10,Plein jour,974,97412,1,6,2,1.0,N1002,-21.373812,55.59877,12:10:00,2024-05-27
202400020542,03:00,,67,67530,2,1,1,7.0,55 Rue Principale,48.782968,7.5266,03:00:00,2024-05-26
202400020543,15:13,Plein jour,33,33063,2,2,1,3.0,Unknown,44.85431,-0.56913,15:13:00,2024-07-30
202400020544,17:45,Plein jour,22,22190,1,1,2,6.0,Route nationale 176 - Point routier 05+900 - Sens SAINT MALO - SAINT BRIEUC,48.51568895,-2.03887145,17:45:00,2024-05-26
202400020545,15:00,Plein jour,33,33039,2,6,1,3.0,Unknown,44.7934,-0.53508,15:00:00,2024-07-27
202400020546,09:35,Plein jour,29,29232,2,1,1,3.0,Boulevard Amiral de Kerguelen,47.995478,-4.098001,09:35:00,2024-07-30
202400020547,11:35,Plein jour,87,87148,1,1,1,1.0,A20,45.714432,1.356146,11:35:00,2024-05-27
202400020548,09:00,Plein jour,29,29232,2,1,1,6.0,Boulevard Louis le Guennec,47.98092531,-4.10880644,09:00:00,2024-07-30
202400020549,07:00,Plein jour,06,06034,1,1,1,6.0,2978 Route de Grenoble,43.796074,7.207772,07:00:00,2024-05-27
202400020550,16:40,Plein jour,29,29019,1,1,1,7.0,RD 205,48.379047,-4.545376,16:40:00,2024-07-29
202400020551,23:00,Nuit sans éclairage,85,85109,1,1,1,7.0,la Palarderie Neuve,46.89484,-1.05799,23:00:00,2024-05-26
202400020552,09:00,Plein jour,91,91679,1,9,1,3.0,D36,48.732884,2.103839,09:00:00,2024-05-27
202400020553,18:20,Plein jour,51,51310,1,1,1,7.0,"RD980, PK 27 +100",49.2072025,3.92002776,18:20:00,2024-05-26
202400020554,22:16,,17,17300,2,9,1,3.0,SARTRE   AVENUE JEAN-PAUL,46.1549,-1.13589,22:16:00,2024-07-30
202400020555,12:35,Plein jour,14,14117,2,1,1,6.0,24 Avenue Georges Clémenceau,49.2913,-0.12072,12:35:00,2024-07-20
202400020556,20:40,Plein jour,79,79164,1,2,1,3.0,Unknown,46.191501,-0.06432,20:40:00,2024-05-25
202400020557,21:00,Nuit sans éclairage,13,13117,2,1,1,3.0,ROUTE NATIONALE 113 - CARREFOUR,43.4314017,5.2586898,21:00:00,2024-07-30
202400020558,06:19,Crépuscule,82,82171,2,1,1,1.0,2 Route de Castelsarrasin,44.005499,1.178005,06:19:00,2024-05-26
202400020559,00:01,,13,13208,2,1,1,1.0,CLOT BEY (AVENUE),43.25588,5.38239,00:01:00,2024-07-31
202400020560,23:20,Nuit sans éclairage,89,89235,1,3,1,1.0,D606,47.486063,3.990397,23:20:00,2024-05-26
202400020561,08:35,Plein jour,13,13215,2,3,1,3.0,BLD DE LETZ,43.34578,5.36842,08:35:00,2024-07-30
202400020562,07:30,Crépuscule,61,61484,1,1,1,7.0,D7,48.293322,0.60796,07:30:00,2024-05-26
202400020563,22:40,,13,13063,2,2,1,2.0,ARISTIDE BRIAND BOULEVARD,43.58606,5.00227,22:40:00,2024-07-30
202400020564,20:00,Plein jour,61,61486,2,1,1,7.0,D924,48.767759,-0.724453,20:00:00,2024-05-25
202400020565,22:10,,13,13004,2,2,1,3.0,RUE MAURICE BONNAFOUX,43.68215,4.63821,22:10:00,2024-07-30
202400020566,08:38,Plein jour,61,61028,1,1,1,5.0,D909,48.836842,-0.235133,08:38:00,2024-05-27
202400020567,15:15,Plein jour,11,11262,2,1,1,5.0,Unknown,43.17204,2.99064,15:15:00,2024-07-30
202400020568,19:00,Plein jour,55,55551,1,1,1,7.0,D908,48.98466829,5.7134084,19:00:00,2024-05-09
202400020569,09:20,Plein jour,11,11024,1,9,1,6.0,Unknown,43.13849,2.97111,09:20:00,2024-07-30
202400020570,00:01,Nuit sans éclairage,49,49121,2,1,1,7.0,D69,47.271397,-0.26512,00:01:00,2024-05-27
202400020571,10:00,Plein jour,08,08409,2,1,7,6.0,MARNE (AVENUE DE LA),49.69799,4.9217,10:00:00,2024-07-29
202400020572,16:50,Plein jour,42,42092,2,1,1,6.0,Rue du 8 Mai,45.485559,4.381349,16:50:00,2024-05-27
202400020573,14:50,Plein jour,44,44131,2,6,1,3.0,46 Rue de la Fontaine aux Bretons,47.10414484,-2.06591239,14:50:00,2024-05-25
202400020574,16:41,Plein jour,06,06004,2,2,1,3.0,742 Boulevard de la Garoupe,43.55512,7.133476,16:41:00,2024-07-29
202400020575,09:48,Plein jour,05,05061,2,9,1,6.0,Route de Valserres,44.55332,6.07867,09:48:00,2024-07-30
202400020576,15:30,Plein jour,29,29236,1,1,1,3.0,Beg-Kerlisquidic,47.84615917,-3.70660154,15:30:00,2024-05-25
202400020577,13:25,Plein jour,04,04112,2,1,1,6.0,MOULIN (AV. J.),43.82885,5.77924,13:25:00,2024-07-30
202400020578,02:30,Nuit sans éclairage,29,29173,1,3,1,3.0,Route de Guengat,48.01483058,-4.19868594,02:30:00,2024-05-18
202400020579,17:45,Plein jour,01,01344,1,1,1,1.0,Rue Jean Mermoz,46.19122,5.18866,17:45:00,2024-07-29
202400020580,13:10,Plein jour,75,75114,2,1,1,4.0,BD PERIPHERIQUE INTERIEUR,48.822948,2.312951,13:10:00,2024-07-30
202400020581,22:20,,38,38062,1,2,1,1.0,D1090,45.402006,5.979223,22:20:00,2024-05-26
202400020582,10:40,Plein jour,84,84079,1,1,1,7.0,Départementale 5 - PR22,44.026026,5.323906,10:40:00,2024-05-26
202400020583,12:54,Plein jour,75,75115,2,1,1,4.0,BD PERIPHERIQUE INTERIEUR,48.833408,2.278343,12:54:00,2024-07-30
202400020584,17:15,Plein jour,03,03019,2,2,1,3.0,Route de la Noire,46.5959,3.670614,17:15:00,2024-05-25
202400020585,08:55,Plein jour,75,75112,2,1,1,2.0,BD PERIPHERIQUE EXTERIEUR,48.831934,2.405092,08:55:00,2024-07-29
202400020586,15:30,Plein jour,01,01303,2,4,1,3.0,Avenue de la Resistance,46.088937,5.407178,15:30:00,2024-05-26
202400020587,11:45,Plein jour,75,75115,2,5,1,2.0,QUAI D ISSY LES MOULINEAUX,48.83536426,2.26692259,11:45:00,2024-07-30
202400020588,12:00,Plein jour,66,66147,1,1,5,1.0,N320,42.563417,1.777897,12:00:00,2024-05-27