Num_Acc,hrmn,lum,dep,com,agg,int,atm,col,adr,lat,long,heure,date
202400020589,15:28,Plein jour,05,05132,1,1,1,6.0,Route des Combes,44.688862,6.139973,15:28:00,2024-05-23
202400020590,11:45,Plein jour,09,09065,1,1,1,6.0,D618,42.899594,1.360534,11:45:00,2024-05-26
202400020591,00:30,Nuit sans éclairage,21,21704,2,1,1,6.0,Rue Saint Phal,47.822066,4.711761,00:30:00,2024-05-27
202400020592,17:15,Plein jour,27,27294,2,3,1,7.0,Rue du Claquedent,49.349727,1.363308,17:15:00,2024-05-20
202400020593,19:00,Plein jour,30,30059,2,2,1,3.0,Avenue Fernand Granon,43.6849,4.233121,19:00:00,2024-05-26
202400020594,07:45,Plein jour,13,13091,2,1,1,3.0,avenue henri barbusse,43.625009,5.293458,07:45:00,2024-05-27
202400020595,13:40,Plein jour,06,06018,2,9,1,1.0,16bis Chemin Neuf,43.626959,7.095307,13:40:00,2024-05-21
202400020596,14:20,Plein jour,95,95580,1,1,1,1.0,D317,49.08519456,2.52990254,14:20:00,2024-05-27
202400020597,14:55,Plein jour,77,77339,1,1,1,2.0,A6 PK 055+500,48.383618,2.558098,14:55:00,2024-05-27
202400020598,16:00,Plein jour,973,97304,1,1,1,1.0,Route Nationale 1 Sud,5.118771,-52.653201,16:00:00,2024-05-26
202400020599,11:50,Plein jour,78,78615,1,1,1,3.0,D119,48.842901,1.924345,11:50:00,2024-03-16
202400020600,15:10,Plein jour,66,66115,1,1,8,7.0,Unknown,42.53263346,2.86141545,15:10:00,2024-05-27
202400020601,16:30,Plein jour,06,06077,1,1,1,1.0,Premier Rabier,43.872224,7.351875,16:30:00,2024-05-23
202400020602,14:13,Plein jour,26,26084,1,1,1,5.0,A7 PK 063+800,44.993394,4.879646,14:13:00,2024-05-27
202400020603,15:55,Plein jour,89,89085,2,9,1,3.0,8 Route de Lyon,47.94104,3.491844,15:55:00,2024-05-27
202400020604,15:28,Plein jour,71,71342,1,3,1,3.0,Route de Saint-yan,46.43801,4.093992,15:28:00,2024-05-27
202400020605,15:50,Plein jour,71,71062,1,1,1,7.0,Route de Mesvres,46.93059,4.259112,15:50:00,2024-05-26
202400020606,17:25,Plein jour,67,67351,2,1,1,7.0,8 Rue de l'Ecole Niederseebach,48.952407,7.999239,17:25:00,2024-05-26
202400020607,13:40,Plein jour,54,54111,2,9,1,1.0,Route de Maron,48.61867598,6.08601808,13:40:00,2024-05-23
202400020608,18:45,Plein jour,38,38236,1,1,1,7.0,Chemin de la Billonniere,45.421411,5.704056,18:45:00,2024-05-26
202400020609,15:37,Plein jour,69,69116,2,2,1,3.0,Allée des Frènes,45.816571,4.772358,15:37:00,2024-05-25
202400020610,14:05,Plein jour,81,81081,2,1,1,6.0,D85,43.491814,2.145794,14:05:00,2024-05-27
202400020611,09:35,Plein jour,65,65059,1,1,1,6.0,Parking n°5 - station Grand Tourmalet,42.918799,0.189557,09:35:00,2024-02-28
202400020612,06:00,Crépuscule,14,14530,2,1,1,6.0,22 Route du Parc,49.214165,-0.290365,06:00:00,2024-05-26
202400020613,18:55,Crépuscule,80,80410,2,1,1,3.0,42 Rue de Verdun,49.742753,3.083808,18:55:00,2024-05-27
202400020614,21:35,Plein jour,59,59419,1,1,1,7.0,rue de genech,50.5234,3.259302,21:35:00,2024-05-26
202400020615,11:50,Plein jour,59,59477,2,1,1,6.0,62 Rue Nationale,50.51239632,2.91691303,11:50:00,2024-05-26
202400020616,18:41,Plein jour,13,13214,1,1,1,3.0,A507 sens Aubagne- Marseille,43.33026917,5.38957741,18:41:00,2024-05-26
202400020617,19:40,Plein jour,13,13215,1,1,1,2.0,A7-Sens Marseille vers Lyon,43.37536866,5.36024259,19:40:00,2024-05-25
202400020618,19:00,Plein jour,13,13214,1,1,1,2.0,A7-Sens Lyon vers Marseille,43.3343,5.3771,19:00:00,2024-05-24
202400020619,12:15,Plein jour,13,13088,1,1,1,6.0,A55-Sens Martigues vers Marseille,43.37901,5.22352,12:15:00,2024-05-25
202400020620,19:17,Plein jour,13,13106,1,1,1,3.0,A7-Sens Marseille vers Lyon,43.39426,5.35137,19:17:00,2024-05-24
202400020621,00:05,Nuit sans éclairage,69,69275,1,1,1,2.0,Rocade Est,45.77791833,4.96744966,00:05:00,2024-05-26
202400020622,09:43,Plein jour,67,67482,1,1,1,2.0,M35,48.58767,7.72812,09:43:00,2024-05-24
202400020623,10:45,Plein jour,94,94021,1,1,1,6.0,A6B,48.76877597,2.34362068,10:45:00,2024-05-26
202400020624,06:00,Plein jour,91,91659,1,1,1,2.0,AUTOROUTE A6,48.59119,2.44579,06:00:00,2024-05-26
202400020625,01:05,Nuit sans éclairage,92,92064,1,1,1,1.0,A13,48.83793332,2.19049695,01:05:00,2024-05-25
202400020626,19:30,Plein jour,78,78117,1,1,1,2.0,RN12,48.787879,2.144092,19:30:00,2024-05-25
202400020627,17:35,Plein jour,92,92036,1,1,1,6.0,AUTOROUTE A86,48.93871924,2.30981521,17:35:00,2024-05-26
202400020628,17:30,Plein jour,93,93007,1,1,1,4.0,A3,48.93439349,2.48054299,17:30:00,2024-05-26
202400020629,18:30,Plein jour,93,93007,1,1,1,2.0,A3,48.93439349,2.48054299,18:30:00,2024-05-25
202400020630,16:10,Plein jour,64,64284,1,1,1,3.0,HENRI IV,43.28086,-0.38754,16:10:00,2024-10-11
202400020631,11:45,Plein jour,77,77514,1,1,1,6.0,A104,48.93546957,2.62810044,11:45:00,2024-05-25
202400020632,11:34,Plein jour,57,57240,2,1,1,1.0,rue du passage supérieur,49.14486,6.8117,11:34:00,2024-05-12
202400020633,07:30,Crépuscule,64,64269,2,1,1,4.0,TARBES DE,43.29799,-0.30222,07:30:00,2024-10-11
202400020634,16:30,Plein jour,62,62826,2,1,4,6.0,Chemin etienne carmier,50.49808,1.6233,16:30:00,2024-01-20
202400020635,17:20,Plein jour,14,14258,2,1,1,7.0,20 Rue des Champs Saint-Georges ,48.890649,-0.184456,17:20:00,2024-02-09
202400020636,05:30,Nuit sans éclairage,14,14216,1,1,1,2.0,Route de Livarot ,48.919961,-0.104413,05:30:00,2024-02-08
202400020637,00:30,,64,64024,2,3,1,3.0,ESPAGNE (AVENUE D'),43.47657316,-1.52634448,00:30:00,2024-10-12
202400020638,10:35,Plein jour,974,97416,1,9,1,1.0,DE VILLIERS 5CHEMIN ADAM),-21.30331,55.42425,10:35:00,2024-05-25
202400020639,06:45,Plein jour,974,97416,1,9,2,3.0,BADAMIER(CHEMIN),-21.33038,55.45684,06:45:00,2024-05-25
202400020640,16:40,Plein jour,974,97411,2,1,1,7.0,DORET 1 (BOULEVARD),-20.89077,55.46155,16:40:00,2024-05-25
202400020641,17:56,Plein jour,64,64102,2,6,1,3.0,ROND POINT DU GRAND BASQUE,43.48683,-1.46889,17:56:00,2024-10-10
202400020642,10:35,Plein jour,974,97407,2,1,1,2.0,ROUTE DU SACRE COEUR,-20.95889548,55.31986928,10:35:00,2024-05-25
202400020643,23:00,,69,69383,2,2,1,6.0,Avenue Maréchal de Saxe,45.76354882,4.84494552,23:00:00,2024-05-25
202400020644,11:45,Plein jour,64,64102,2,1,2,1.0,SAINT ETIENNE (CHEMIN DE ),43.49678,-1.46317,11:45:00,2024-10-10
202400020645,22:40,,69,69387,2,9,1,6.0,Avenue Jean Jaurès,45.73386502,4.83514027,22:40:00,2024-05-25
202400020646,21:45,Nuit sans éclairage,69,69034,2,3,1,3.0,Route de Strasbourg,45.7914,4.86291,21:45:00,2024-05-25
202400020647,06:09,,63,63113,2,6,1,3.0,ITALIE (AVENUE DE L'),45.7822,3.0953,06:09:00,2024-10-11
202400020648,18:20,Plein jour,69,69034,2,1,8,1.0,71 Route de Strasbourg,45.79533,4.87467,18:20:00,2024-05-25
202400020649,12:40,Plein jour,971,97101,1,3,1,3.0,CARAQUE,16.25353,-61.49366,12:40:00,2024-05-25
202400020650,18:35,Plein jour,62,62083,2,1,1,6.0,Rue de Fresnicourt,50.45496,2.61686,18:35:00,2024-10-10
202400020651,17:10,Plein jour,62,62250,2,1,1,6.0,Place Jean Tailliez,50.45895,2.94528,17:10:00,2024-10-08
202400020652,17:55,Plein jour,2A,2A004,2,2,1,3.0,NICOLI JEAN COURS,41.9337,8.74406,17:55:00,2024-05-24
202400020653,08:10,Plein jour,62,62186,2,1,1,3.0,Rue Jules Verne,50.43834732,2.72359997,08:10:00,2024-10-11
202400020654,02:10,,84,84031,2,3,1,3.0,JAURES AVENUE JEAN,44.05209,5.04844,02:10:00,2024-05-25
202400020655,09:30,Plein jour,62,62523,2,1,1,7.0,D162,50.43732,2.8717,09:30:00,2024-10-11
202400020656,15:30,Plein jour,83,83062,2,6,1,3.0,DELAGE (RUE MARC),43.12493641,6.00462395,15:30:00,2024-05-25
202400020657,08:00,Plein jour,83,83009,2,1,1,6.0,BOIS MAURIN (BOULEVARD DU),43.14269,5.74802,08:00:00,2024-05-25
202400020658,19:00,Plein jour,62,62120,2,1,1,6.0,D86,50.44234648,2.52059424,19:00:00,2024-10-11
202400020659,14:05,Plein jour,80,80021,2,1,1,3.0,Rue Béranger,49.889186,2.285088,14:05:00,2024-05-25
202400020660,12:00,Plein jour,60,60057,2,1,2,6.0,Rue des Vignes,49.43331,2.10361,12:00:00,2024-10-11
202400020661,08:00,Plein jour,78,78650,2,2,1,3.0,MONTESSON (ROUTE DE),48.89872,2.11749,08:00:00,2024-05-25
202400020662,11:45,Plein jour,77,77216,2,1,1,7.0,CHE DES PRES,48.31432424,2.69336445,11:45:00,2024-05-24
202400020663,16:15,Plein jour,59,59426,2,1,1,6.0,PETIT MENIN (RUE DU),50.743267,3.14303,16:15:00,2024-10-11
202400020664,02:05,,76,76165,2,5,1,3.0,Rue Emile Zola,49.28256,1.01752,02:05:00,2024-05-25
202400020665,15:55,Plein jour,57,57227,2,1,1,6.0,BARTH (RUE FELIX ),49.183161,6.894956,15:55:00,2024-10-07
202400020666,00:40,,56,56260,2,1,2,7.0,Rue Ferdinand Le Dressay,47.65375,-2.75742,00:40:00,2024-10-12
202400020667,19:15,Plein jour,76,76114,2,1,1,6.0,Avenue Louis Debray,49.57961,0.47497,19:15:00,2024-05-25
202400020668,17:00,Plein jour,74,74010,2,1,8,3.0,JEAN JAURES,45.90195,6.12877,17:00:00,2024-05-24
202400020669,18:30,Plein jour,56,56260,2,1,1,7.0,Boulevard du Général Guillaudot,47.667,-2.745,18:30:00,2024-10-11
202400020670,17:47,Plein jour,72,72181,2,6,8,6.0,ISAAC CHARBONNIERE (RTE D'),48.01646,0.24075,17:47:00,2024-05-25
202400020671,07:55,Nuit sans éclairage,56,56098,1,1,1,6.0,Route de Kerhervy,47.76942,-3.31266,07:55:00,2024-10-11
202400020672,17:35,Plein jour,67,67218,1,1,1,1.0,NEUHOF (ROUTE DE),48.53947,7.75432,17:35:00,2024-05-25
202400020673,20:15,,56,56121,2,1,1,6.0,Boulevard Flandres-Dunkerque 1940,47.744727,-3.39555,20:15:00,2024-10-10
202400020674,15:50,Plein jour,67,67180,1,3,1,3.0,RD263,48.891337,7.832864,15:50:00,2024-05-25
202400020675,17:36,Plein jour,65,65440,2,1,1,3.0,TILLEULS (AVENUE DES),43.2428,0.0788,17:36:00,2024-05-24
202400020676,10:00,Plein jour,56,56083,2,6,1,3.0,Rond-point de la Gardeloupe,47.79966,-3.2606,10:00:00,2024-10-10
202400020677,13:10,Plein jour,64,64348,2,6,1,2.0,SANTONA DE,43.32048,-0.39192,13:10:00,2024-05-25
202400020678,10:45,Plein jour,64,64445,2,1,1,6.0,CAMOU,43.3001,-0.37525,10:45:00,2024-05-25
202400020679,05:29,Nuit sans éclairage,54,54149,1,2,3,3.0,D521,49.43893,5.91318,05:29:00,2024-10-09
202400020680,17:30,Plein jour,59,59350,2,9,1,6.0,Rue de Lannoy,50.63399,3.09603,17:30:00,2024-05-20
202400020681,12:45,Plein jour,51,51454,2,1,1,6.0,SCHUMAN (AVENUE ROBERT),49.232869,4.007551,12:45:00,2024-10-11
202400020682,22:22,,56,56260,2,6,2,3.0,Avenue du Général Delestraint,47.65499,-2.73979,22:22:00,2024-05-25
202400020683,07:50,Plein jour,56,56260,2,1,1,3.0,Avenue du Général Borgnis-Desbordes,47.65532,-2.79055,07:50:00,2024-05-24
202400020684,14:25,Plein jour,50,50532,1,1,1,2.0,NATIONALE (ANCIENNE ROUTE),48.8061,-1.5322,14:25:00,2024-10-11
202400020685,20:55,Plein jour,54,54304,2,2,1,3.0,Boulevard de Hardeval,48.67758952,6.14873081,20:55:00,2024-05-25
202400020686,14:50,Plein jour,50,50129,1,9,1,3.0,CLAIRES (RUE DES),49.66142,-1.6896,14:50:00,2024-10-10
202400020687,14:25,Plein jour,54,54575,1,1,1,6.0,RN52,49.47466,5.83247,14:25:00,2024-05-25
202400020688,12:35,Plein jour,54,54036,1,1,3,6.0,D139,49.30080007,6.00469351,12:35:00,2024-05-24
202400020689,23:50,,49,49007,2,1,1,6.0,FOCH BOULEVARD,47.46903,-0.54973,23:50:00,2024-05-25
202400020690,07:40,Crépuscule,49,49328,2,2,5,3.0,FUSILLES (AVENUE DES) N 147,47.28094,-0.05414,07:40:00,2024-10-11
202400020691,17:38,Plein jour,49,49246,2,1,1,3.0,MOULIN MARCILLE CHEMIN,47.43601,-0.5027,17:38:00,2024-05-25
202400020692,12:20,Plein jour,49,49007,1,1,1,7.0,Unknown,47.467914,-0.584888,12:20:00,2024-05-25
202400020693,11:15,Plein jour,47,47001,2,1,2,2.0,LECLERC (AV. DU GENERAL),44.18723,0.62025,11:15:00,2024-10-11
202400020694,17:30,Plein jour,36,36159,1,9,1,6.0,Route de Montluçon,46.79198,1.73659,17:30:00,2024-05-24
202400020695,09:10,Plein jour,45,45298,2,1,8,1.0,63 Rue des Hautes Levées,47.892844,1.876837,09:10:00,2024-10-11
202400020696,22:30,Nuit sans éclairage,35,35051,2,3,1,3.0,FOUGERES (ROUTE DE),48.13555,-1.62586,22:30:00,2024-05-25
202400020697,07:55,Plein jour,45,45234,2,1,1,6.0,2 Rue Dupanloup,47.902708,1.912284,07:55:00,2024-10-11
202400020698,23:30,,34,34172,2,1,1,2.0,TOULOUSE (AVENUE DE,43.58918,3.85543,23:30:00,2024-05-26
202400020699,15:20,Plein jour,45,45338,2,1,1,2.0,33 Rue des Déportés,47.987972,2.700359,15:20:00,2024-10-11
202400020700,05:24,,33,33063,2,1,1,2.0,Unknown,44.84994632,-0.56980044,05:24:00,2024-05-25
202400020701,09:15,Plein jour,45,45068,2,2,1,3.0,12 Avenue Léon Blum,48.014486,2.736736,09:15:00,2024-10-11
202400020702,01:25,Nuit sans éclairage,33,33550,2,1,1,1.0,Unknown,44.77322,-0.53733,01:25:00,2024-05-25
202400020703,16:45,Plein jour,33,33063,2,1,1,3.0,Unknown,44.816075,-0.57239,16:45:00,2024-05-24
202400020704,10:30,Plein jour,45,45068,2,1,1,1.0,Rue Nelson Mandela,48.013152,2.727824,10:30:00,2024-10-10
202400020705,20:17,Plein jour,33,33039,2,2,1,3.0,Unknown,44.795594,-0.567885,20:17:00,2024-05-23
202400020706,22:05,Nuit sans éclairage,44,44109,2,1,1,3.0,68c Rue des Plantes,47.23194,-1.58788,22:05:00,2024-10-11
202400020707,05:00,Crépuscule,31,31555,2,6,1,1.0,RD916,43.55799,1.49301,05:00:00,2024-05-25
202400020708,20:05,Plein jour,29,29232,1,1,2,3.0,Chemin du Quinquis,47.97407,-4.054582,20:05:00,2024-05-25
202400020709,20:50,,44,44109,2,6,1,3.0,3 Rue Maurice Garin,47.21759,-1.60196,20:50:00,2024-10-11
202400020710,21:40,Crépuscule,29,29254,1,1,1,2.0,RN12,48.57774741,-3.85384025,21:40:00,2024-05-24
202400020711,17:10,Plein jour,42,42127,2,1,1,4.0,Route de Paris,46.077,4.036,17:10:00,2024-10-08
202400020712,23:47,Nuit sans éclairage,22,22360,1,6,2,3.0,ROND POINT DE BREZILLET,48.49308,-2.76222,23:47:00,2024-05-25
202400020713,23:43,,13,13208,2,6,1,3.0,HAIFA (AVENUE),43.25064,5.38927,23:43:00,2024-05-24
202400020714,21:00,,42,42095,2,5,1,6.0,Boulevard Saint-Charles,45.38503,4.28409,21:00:00,2024-10-11
202400020715,13:45,Plein jour,13,13208,2,1,2,3.0,RABATAU (BOULEVARD),43.27367,5.39323,13:45:00,2024-05-24
202400020716,16:30,Plein jour,42,42044,1,1,1,7.0,Rue James Jackson,45.39889,4.34119,16:30:00,2024-10-08
202400020717,05:00,Crépuscule,08,08105,2,9,1,6.0,Unknown,49.75202,4.70298,05:00:00,2024-05-25
202400020718,14:15,Plein jour,39,39300,2,2,1,1.0,25 Avenue Abbé Lemire,46.673799,5.571194,14:15:00,2024-09-24
202400020719,13:05,Plein jour,05,05023,2,3,1,3.0,DAUPHINE (AVENUE DU),44.90388,6.62826,13:05:00,2024-05-25
202400020720,13:00,Plein jour,38,38053,2,2,1,3.0,PONTIER (DOCTEUR),45.59095,5.28364,13:00:00,2024-10-11
202400020721,09:05,Plein jour,04,04112,2,3,1,2.0,SAINT JOSEPH(BOULEVARD),43.82057,5.79504,09:05:00,2024-05-25
202400020722,20:15,Plein jour,01,01053,2,1,1,3.0,ROUSSEAU ( PLACE J.JACQUES),46.187321,5.226739,20:15:00,2024-05-25
202400020723,00:45,,37,37261,2,1,1,2.0,GRAMMONT (AVENUE DE),47.38215,0.69216,00:45:00,2024-10-11
202400020724,18:35,Plein jour,75,75120,2,1,1,2.0,BD PERIPHERIQUE INTERIEUR,48.869643,2.413267,18:35:00,2024-05-25
202400020725,01:10,,34,34172,2,4,2,1.0,TOULOUSE (AVENUE DE,43.59347,3.85976,01:10:00,2024-10-10
202400020726,21:20,,75,75120,2,1,1,2.0,BD PERIPHERIQUE INTERIEUR,48.855447,2.413826,21:20:00,2024-05-24
202400020727,18:40,Plein jour,33,33063,2,3,1,6.0,Unknown,44.86207,-0.55473,18:40:00,2024-10-11
202400020728,11:50,Plein jour,75,75118,2,2,1,3.0,RUE DUC,48.89182,2.34394,11:50:00,2024-05-25
202400020729,13:00,Plein jour,31,31555,2,1,1,3.0,RUE DU FAUBOURG BONNEFOY,43.61642426,1.45364463,13:00:00,2024-10-11
202400020730,01:30,,75,75118,2,2,1,3.0,RUE DE TORCY,48.891268,2.363263,01:30:00,2024-05-25
202400020731,00:08,Nuit avec éclairage,30,30007,1,1,1,7.0,BRIGADE DU LANGUEDOC (QUAI DE LA),44.11257,4.09408,00:08:00,2024-10-12
202400020732,02:20,,29,29173,2,1,1,7.0,Route de Douarnenez,48.00757881,-4.17766803,02:20:00,2024-10-11
202400020733,10:50,Plein jour,29,29019,2,6,1,6.0,rue Yves Collet,48.392864,-4.479229,10:50:00,2024-10-11
202400020734,16:55,Plein jour,25,25462,2,1,1,6.0,INDUSTRIE DE L',46.900227,6.360009,16:55:00,2024-10-11
202400020735,12:40,Plein jour,23,23096,2,2,1,3.0,CHARLES DE GAULLE (AVENUE),46.16867,1.87414,12:40:00,2024-10-10
202400020736,17:05,Plein jour,22,22278,2,1,2,1.0,PARIS (DE),48.50557,-2.74455,17:05:00,2024-10-09
202400020737,17:55,Plein jour,19,19031,2,1,1,6.0,ROOSEVELT (AVENUE DU PRESIDENT),45.15787,1.52543,17:55:00,2024-10-11
202400020738,13:15,Plein jour,17,17415,2,3,1,3.0,ARC DE TRIOMPHE RUE DE L' 2-68 1-57,45.74551,-0.62517,13:15:00,2024-10-11
202400020739,13:45,Plein jour,14,14326,2,3,1,3.0,1714 Rue Édouard Branly,49.14742,0.27636,13:45:00,2024-10-11
202400020740,14:14,Plein jour,14,14587,1,1,3,6.0,N814,49.19196,-0.42181,14:14:00,2024-10-09
202400020741,16:40,Plein jour,14,14341,2,1,2,3.0,36 Avenue Jean Vilar,49.150686,-0.350985,16:40:00,2024-10-09
202400020742,00:50,,13,13056,2,1,1,5.0,MONGIN BOULEVARD,43.40258,5.05311,00:50:00,2024-10-12
202400020743,06:45,,13,13205,2,3,1,3.0,JAUBERT (RUE),43.29759218,5.38867908,06:45:00,2024-10-11
202400020744,01:09,,13,13208,2,1,1,2.0,MENDES FRANCE (AVENUE),43.26023,5.37539,01:09:00,2024-10-11
202400020745,22:23,,10,10387,2,3,1,3.0,JULES GUESDE (RUE),48.29399,4.08175,22:23:00,2024-10-11
202400020746,11:35,Plein jour,10,10387,2,1,2,6.0,ECREVOLLES (RUE),48.30997,4.0907,11:35:00,2024-10-10
202400020747,22:00,,06,06104,2,6,1,6.0,852 Avenue Virginie Hériot,43.755942,7.477555,22:00:00,2024-10-10
202400020748,08:30,Crépuscule,05,05061,2,1,3,6.0,Avenue Jean Jaurès,44.54774,6.06593,08:30:00,2024-10-08
202400020749,23:20,,75,75119,2,2,1,2.0,RUE DE CRIMEE,48.89528,2.3719806,23:20:00,2024-10-11
202400020750,15:00,Plein jour,75,75118,2,5,1,3.0,RUE DU POTEAU,48.896758,2.338496,15:00:00,2024-10-11
202400020751,08:15,Plein jour,75,75116,2,2,1,6.0,RUE OCTAVE FEUILLET,48.862388,2.270632,08:15:00,2024-10-11
202400020752,11:00,Plein jour,75,75115,2,2,1,6.0,RUE DE LA CONVENTION,48.837229,2.296391,11:00:00,2024-10-11
202400020753,05:40,,75,75115,2,2,1,3.0,BOULEVARD DE GRENELLE,48.8525,2.290584,05:40:00,2024-10-11
202400020754,16:25,Plein jour,75,75114,2,2,1,7.0,BOULEVARD SAINT JACQUES,48.83303,2.335983,16:25:00,2024-10-11
202400020755,09:35,Plein jour,75,75114,2,2,1,7.0,BOULEVARD JOURDAN,48.819768,2.342856,09:35:00,2024-10-11
202400020756,18:30,Plein jour,75,75114,2,1,2,4.0,AVENUE RENE COTY,48.833422,2.332674,18:30:00,2024-10-10
202400020757,07:55,Plein jour,75,75114,2,3,8,6.0,RUE DU GENERAL DE MAUD HUY,48.823999,2.316268,07:55:00,2024-10-10
202400020758,03:00,,75,75109,2,7,1,6.0,Place Adrien Oudin,48.872714,2.335331,03:00:00,2024-10-11
202400020759,21:47,,75,75108,2,1,1,3.0,AVENUE DE MARIGNY,48.869746,2.315284,21:47:00,2024-10-11
202400020760,19:45,,75,75108,2,7,1,3.0,PLACE DE LA MADELEINE,48.869241,2.324082,19:45:00,2024-10-11
202400020761,09:00,Plein jour,94,94037,2,1,1,6.0,9 Rue René Anjolvy,48.814296,2.342498,09:00:00,2024-10-11
202400020762,22:10,,94,94017,2,1,1,3.0,Rue Jean Jaurès,48.81525688,2.50561358,22:10:00,2024-10-10
202400020763,13:30,Plein jour,93,93078,2,2,1,3.0,CLEMENCEAU (AVENUE GEORGES),48.95823239,2.55848041,13:30:00,2024-10-11
202400020764,18:40,Plein jour,93,93053,2,1,1,1.0,LEO LAGRANGE (RUE),48.89214345,2.44995117,18:40:00,2024-10-10
202400020765,17:00,Plein jour,93,93053,2,1,3,2.0,VAILLANT COUTURIER (RUE),48.8911124,2.44897576,17:00:00,2024-10-10
202400020766,21:10,,93,93050,2,3,8,3.0,GENERAL DE GAULLE (AVENUE),48.85566813,2.52663732,21:10:00,2024-10-10
202400020767,20:25,,93,93050,2,4,8,6.0,GENERAL DE GAULLE (AVENUE),48.85589033,2.52805546,20:25:00,2024-10-10
202400020768,07:45,Crépuscule,93,93049,2,1,1,6.0,FAUVETTES (AVENUE) J-BACHELET->BEL AIR,48.8724,2.50785,07:45:00,2024-10-11
202400020769,11:10,Plein jour,93,93063,2,2,1,6.0,GABRIEL HUSSON (RUE) ,48.88312,2.43649,11:10:00,2024-10-11
202400020770,17:50,Plein jour,92,92076,2,1,1,3.0,REPUBLIQUE,48.83772857,2.15925761,17:50:00,2024-10-11
202400020771,09:52,Plein jour,92,92064,2,1,1,6.0,DAILLY,48.84479,2.22032,09:52:00,2024-10-11
202400020772,10:45,Plein jour,92,92020,2,1,1,2.0,STALINGRAD BOULEVARD,48.81141376,2.2971864,10:45:00,2024-10-11
202400020773,18:45,Plein jour,92,92036,2,1,1,2.0,MARCEL PAUL (AVENUE) (1/103),48.94214643,2.30290174,18:45:00,2024-10-11
202400020774,13:20,Plein jour,92,92035,2,9,2,3.0,Verdun 1916 ( avenue de ),48.90493,2.23363,13:20:00,2024-10-10
202400020775,08:05,Plein jour,92,92026,2,9,1,2.0,MISSION MARCHAND (COTE PAIR),48.89666029,2.2403647,08:05:00,2024-10-11
202400020776,07:30,Plein jour,92,92025,2,1,8,1.0,STALINGRAD (AV DE),48.93205847,2.26628289,07:30:00,2024-10-11
202400020777,16:15,Plein jour,92,92025,2,1,1,2.0,LOUIS ARAGON (PLACE),48.91518349,2.22891882,16:15:00,2024-10-10
202400020778,09:05,Plein jour,92,92024,2,1,1,7.0,LEON BLUM (RUE),48.90831914,2.3054029,09:05:00,2024-10-11
202400020779,07:45,Crépuscule,92,92012,2,1,1,3.0,REINE (ROUTE DE LA) 1/37- 6/80,48.83903452,2.24738583,07:45:00,2024-10-11
202400020780,17:50,Plein jour,92,92004,2,1,1,6.0,PIERRE CURIE,48.91763,2.3148,17:50:00,2024-10-11
202400020781,19:45,Nuit sans éclairage,37,37126,1,1,1,6.0,Route de Roiffe,47.13386884,0.11825252,19:45:00,2024-10-11
202400020782,10:55,Plein jour,60,60269,1,2,1,3.0,D901,49.618139,1.948965,10:55:00,2024-10-11
202400020783,09:45,Plein jour,35,35180,1,2,5,3.0,RD70,48.283379,-1.954472,09:45:00,2024-10-11
202400020784,19:00,Nuit sans éclairage,51,51224,1,3,1,2.0,nationale D58E2 PK 93+8324,48.696286,4.693608,19:00:00,2024-10-11
202400020785,17:15,Plein jour,62,62882,1,1,1,1.0,D192,50.67696818,2.15291545,17:15:00,2024-10-12
202400020786,13:35,Plein jour,06,06006,1,1,1,7.0,3637 Route de Nice,43.758747,7.246605,13:35:00,2024-10-12
202400020787,09:50,Plein jour,50,50553,1,1,1,6.0,"A84, PR 156.1",48.57005334,-1.3335817,09:50:00,2024-10-12
202400020788,22:50,Nuit sans éclairage,30,30286,1,1,1,7.0,D305,44.000456,4.451405,22:50:00,2024-10-11
202400020789,17:35,Plein jour,83,83131,2,1,1,5.0,Route Départementale 554,43.203045,6.028597,17:35:00,2024-10-11
202400020790,18:00,Crépuscule,51,51564,1,1,2,7.0,D9,49.133093,4.102921,18:00:00,2024-10-11
202400020791,14:45,Plein jour,76,76292,2,1,1,2.0,Rue du Docteur Delatre,49.531511,1.525076,14:45:00,2024-10-11
202400020792,16:55,Plein jour,2A,2A271,2,1,1,3.0,T22,41.9581225,8.80271763,16:55:00,2024-10-11
202400020793,12:15,Plein jour,82,82126,1,1,2,1.0,Route du Traversié,44.155562,1.57023,12:15:00,2024-10-10
202400020794,00:30,Nuit sans éclairage,65,65360,1,1,1,6.0,Route de Pau,43.102189,-0.131814,00:30:00,2024-10-12
202400020795,09:15,Plein jour,65,65235,2,2,1,1.0,Route de Lourdes,43.198829,0.032884,09:15:00,2024-09-30
202400020796,23:40,,49,49331,1,6,1,1.0,Segré-en-Anjou Bleu,47.69709,-0.870135,23:40:00,2024-09-28
202400020797,15:30,Plein jour,42,42273,1,2,1,3.0,Route de Fleury,46.17752,4.127426,15:30:00,2024-10-11
202400020798,13:10,Plein jour,25,25200,1,1,2,5.0,D14,47.326149,6.022053,13:10:00,2024-10-12
202400020799,17:50,Plein jour,29,29037,2,3,1,3.0,rue de l'Odet,47.88705113,-4.15582001,17:50:00,2024-10-12
202400020800,16:56,Plein jour,66,66036,1,1,1,7.0,route nationale,42.530125,2.247863,16:56:00,2024-10-12
202400020801,14:55,Plein jour,64,64018,1,3,1,3.0,D124,43.356912,-1.045616,14:55:00,2024-10-12
202400020802,07:00,,16,16295,2,1,3,6.0,1 Rue de la Cave,45.796486,0.134569,07:00:00,2024-10-09