Num_Acc,hrmn,lum,dep,com,agg,int,atm,col,adr,lat,long,heure,date
202400020803,00:25,Nuit sans éclairage,16,16065,1,3,1,3.0,D951,46.077901,0.791321,00:25:00,2024-10-12
202400020804,17:15,Plein jour,21,21603,2,1,1,6.0,15 Rue de la Liberté,47.491644,4.335112,17:15:00,2024-10-11
202400020805,17:20,Plein jour,85,85102,1,1,1,6.0,le poteau,46.864446,-1.643035,17:20:00,2024-10-11
202400020806,16:10,Plein jour,27,27333,1,1,1,6.0,D16,49.333876,1.683869,16:10:00,2024-10-11
202400020807,15:30,Plein jour,27,27113,1,2,8,6.0,D26,49.209579,0.676796,15:30:00,2024-10-12
202400020808,18:15,Crépuscule,30,30088,1,1,2,6.0,D6110,43.846545,4.09804,18:15:00,2024-10-12
202400020809,18:56,Crépuscule,30,30184,1,1,2,7.0,D982,43.975124,4.226483,18:56:00,2024-10-12
202400020810,11:50,Plein jour,31,31395,1,1,1,6.0,A64,43.487202,1.329442,11:50:00,2024-10-11
202400020811,15:26,Plein jour,31,31424,2,1,1,2.0,Route des Vitarelles,43.56451,1.318493,15:26:00,2024-10-08
202400020812,13:45,Plein jour,35,35352,2,6,1,3.0,D34,48.049928,-1.606299,13:45:00,2024-10-11
202400020813,20:12,,06,06085,2,6,1,3.0,256 Avenue de Cannes,43.618143,6.972338,20:12:00,2024-10-11
202400020814,14:50,Plein jour,34,34113,1,1,1,5.0,A9 PK 119+400 sens MONTPELLIER en direction de BEZIER,43.495129,3.720964,14:50:00,2024-10-11
202400020815,17:30,Plein jour,11,11014,1,1,1,1.0,Unknown,43.174852,3.082268,17:30:00,2024-10-12
202400020816,16:40,Plein jour,11,11170,1,1,1,2.0,Unknown,43.123007,3.073318,16:40:00,2024-10-10
202400020817,17:40,Plein jour,13,13114,1,3,1,3.0,Route de Roquefavour,43.526804,5.289531,17:40:00,2024-10-11
202400020818,10:00,Plein jour,66,66049,1,1,1,2.0,RD 618,42.490224,2.777138,10:00:00,2024-10-10
202400020819,01:00,Nuit sans éclairage,69,69235,1,1,1,7.0,Route de Rive-de-Gier,45.531397,4.857126,01:00:00,2024-10-12
202400020820,16:00,Plein jour,988,98823,1,4,1,6.0,RT3/Route de l'Embouchure,-21.06619,165.394444,16:00:00,2024-10-10
202400020821,14:40,Plein jour,988,98804,2,3,1,3.0,RPN3/Route de Parahoué,-21.52931,165.97559,14:40:00,2024-10-12
202400020822,16:35,Plein jour,77,77257,2,3,1,3.0,Avenue du Chemin Noir,49.026585,3.025516,16:35:00,2024-10-11
202400020823,19:05,Crépuscule,66,66140,1,1,1,2.0,D16a,42.692292,2.754887,19:05:00,2024-10-12
202400020824,01:13,Nuit sans éclairage,34,34154,1,1,1,6.0,D189,43.617771,3.983333,01:13:00,2024-10-12
202400020825,20:00,Nuit sans éclairage,06,06128,1,1,1,6.0,1381 Route de Cagnes,43.689121,7.130857,20:00:00,2024-10-11
202400020826,17:54,Crépuscule,38,38003,2,1,1,6.0,369 Route de Vienne,45.342151,4.850898,17:54:00,2024-10-10
202400020827,01:48,Nuit sans éclairage,38,38545,1,1,1,6.0,D1075,45.040338,5.670794,01:48:00,2024-10-12
202400020828,22:05,Nuit sans éclairage,14,14762,1,1,1,7.0,Route de Saint-Lô,48.875666,-0.876032,22:05:00,2024-10-04
202400020829,17:20,Plein jour,29,29055,2,1,1,6.0,Route de Brest,48.56124759,-4.33653247,17:20:00,2024-10-11
202400020830,00:40,Nuit avec éclairage,22,22162,2,1,1,7.0,Rue Bécot,48.778606,-3.055605,00:40:00,2024-10-12
202400020831,08:20,Plein jour,13,13056,1,1,2,5.0,A55-Sens Martigues vers Marseille,43.3985,5.08593,08:20:00,2024-10-08
202400020832,07:54,Plein jour,33,33550,1,1,2,4.0,Unknown,44.777712,-0.561891,07:54:00,2024-10-09
202400020833,18:40,Nuit sans éclairage,91,91617,1,1,1,2.0,RN6 PROVINCE / RN104 INT,48.631702,2.519352,18:40:00,2024-10-11
202400020834,12:30,Plein jour,91,91377,1,1,1,2.0,AUTOROUTE A10,48.72595,2.30112,12:30:00,2024-10-11
202400020835,01:57,Nuit sans éclairage,91,91174,1,1,1,7.0,RN 104,48.61878,2.45814,01:57:00,2024-10-11
202400020836,14:30,Plein jour,92,92048,1,1,1,2.0,N118,48.78772156,2.22217275,14:30:00,2024-10-11
202400020837,10:15,Plein jour,92,92025,1,1,1,4.0,A86,48.91903976,2.22360689,10:15:00,2024-10-11
202400020838,20:24,Nuit sans éclairage,78,78640,1,1,1,2.0,N118,48.779499,2.222509,20:24:00,2024-10-10
202400020839,14:55,Plein jour,92,92072,1,1,2,6.0,N118,48.82602589,2.22262601,14:55:00,2024-10-10
202400020840,12:58,Plein jour,92,92036,1,1,1,7.0,A86,48.93370714,2.2742219,12:58:00,2024-10-10
202400020841,16:30,Plein jour,93,93027,1,1,1,2.0,AUTOROUTE A1,48.93857444,2.41556063,16:30:00,2024-10-11
202400020842,15:20,Plein jour,93,93005,1,1,1,3.0,AUTOROUTE A3,48.9601487,2.47352444,15:20:00,2024-10-11
202400020843,18:00,Plein jour,93,93078,1,1,1,5.0,AUTOROUTE A104,48.96923893,2.50452379,18:00:00,2024-10-08
202400020844,08:30,Plein jour,93,93066,1,1,1,2.0,AUTOROUTE A86,48.92536061,2.33939297,08:30:00,2024-10-11
202400020845,17:40,Plein jour,95,95572,1,1,1,2.0,A15,49.03467133,2.10094755,17:40:00,2024-10-10
202400020846,13:15,Plein jour,95,95572,1,1,2,2.0,N184,49.03527323,2.11585884,13:15:00,2024-10-10
202400020847,21:40,Nuit sans éclairage,95,95604,1,1,3,2.0,A1,49.09810918,2.55024523,21:40:00,2024-10-09
202400020848,14:00,Plein jour,95,95582,1,1,3,6.0,A15,48.975373,2.24146664,14:00:00,2024-10-09
202400020849,12:00,Plein jour,95,95582,1,1,3,6.0,A15,48.97562164,2.24024027,12:00:00,2024-10-09
202400020850,01:30,Nuit sans éclairage,94,94073,1,1,2,5.0,A86,48.768846,2.37919993,01:30:00,2024-10-10
202400020851,18:20,,974,97411,2,1,1,6.0,LECONTE DE LISLE (AVENUE),-20.89314,55.48445,18:20:00,2024-10-10
202400020852,17:20,Plein jour,974,97409,2,1,1,6.0,RUE DES PALMIERS,-20.97351,55.65876,17:20:00,2024-10-09
202400020853,16:30,Plein jour,69,69388,2,8,1,6.0,Avenue Berthelot,45.73759,4.86556,16:30:00,2024-10-10
202400020854,11:15,Plein jour,69,69388,2,2,1,3.0,Rue Paul Cazeneuve,45.7321,4.86077,11:15:00,2024-10-10
202400020855,06:30,Nuit avec éclairage,69,69383,2,2,1,1.0,Rue Garibaldi,45.75289,4.85346,06:30:00,2024-10-10
202400020856,18:00,Plein jour,69,69382,2,1,8,3.0,Pont de la Guillotière,45.75700935,4.83773363,18:00:00,2024-10-10
202400020857,08:10,Plein jour,91,91201,2,3,2,1.0,AV DE L EUROPE,48.68448,2.43391,08:10:00,2024-10-10
202400020858,19:20,,91,91479,2,1,1,2.0,RTE DE FONTAINEBLEAU,48.70782,2.37143,19:20:00,2024-10-10
202400020859,15:59,Plein jour,90,90010,2,3,1,3.0,BAUMANN (RUE),47.636389,6.842722,15:59:00,2024-10-09
202400020860,17:55,Plein jour,84,84035,2,6,1,1.0,GAMBETTA (PLACE LEON),43.836552,5.04096,17:55:00,2024-10-09
202400020861,17:55,Plein jour,84,84031,2,1,1,4.0,MISTRAL AVENUE FREDERIC,44.04917,5.03664,17:55:00,2024-10-09
202400020862,09:00,Plein jour,84,84007,2,1,1,2.0,C.DE GAULLE (ROCADE),43.9287,4.80658,09:00:00,2024-10-09
202400020863,20:17,,83,83137,2,1,1,1.0,STRASBOURG (BD DE ),43.12482,5.9309,20:17:00,2024-10-10
202400020864,17:10,Plein jour,83,83137,2,3,1,3.0,TIRAILLEURS SENEGALAIS (AVE DES),43.11062,5.9323,17:10:00,2024-10-09
202400020865,10:15,Plein jour,83,83098,2,9,1,3.0,GRAVETTES (CHEMIN DE),43.10876,6.01232,10:15:00,2024-10-09
202400020866,11:05,Plein jour,83,83069,2,1,1,6.0,BELGIQUE ( AVENUE DE ),43.12035,6.13185,11:05:00,2024-10-10
202400020867,16:15,Plein jour,82,82121,2,3,1,3.0,avenue jean moulin,44.02714,1.36741,16:15:00,2024-10-10
202400020868,07:40,,79,79191,2,2,3,3.0,Unknown,46.33355,-0.43294,07:40:00,2024-10-09
202400020869,09:17,Plein jour,78,78498,1,1,1,5.0,RD30,48.895112,1.99366,09:17:00,2024-10-10
202400020870,07:45,Crépuscule,77,77288,2,1,2,6.0,GARE   (PASSAGE DE LA),48.52801,2.65554,07:45:00,2024-10-09
202400020871,22:45,,76,76540,2,2,1,2.0,Rue du Mail,49.42915,1.09205,22:45:00,2024-10-10
202400020872,10:30,Plein jour,76,76351,2,3,1,6.0,PIERRE FARCIS,49.51715,0.09755,10:30:00,2024-10-08
202400020873,20:35,,76,76351,2,2,1,3.0,PIERRE LOTI,49.508,0.14936,20:35:00,2024-10-08
202400020874,13:10,Plein jour,72,72181,2,1,2,6.0,LAENNEC RENE (AV),48.01880749,0.16461253,13:10:00,2024-10-09
202400020875,18:20,Plein jour,71,71540,2,1,1,1.0,Avenue de la République,46.79051944,4.4473764,18:20:00,2024-10-09
202400020876,08:30,Plein jour,69,69266,2,6,3,3.0,Rond-point Charles de Gaulle,45.78475,4.86352,08:30:00,2024-10-10
202400020877,16:24,Plein jour,67,67482,2,8,1,3.0,CHRIST (SENTIER),48.59996,7.78425,16:24:00,2024-10-10
202400020878,14:20,Plein jour,67,67482,2,1,1,3.0,ALSACE (AVENUE D ),48.58704,7.76048,14:20:00,2024-10-10
202400020879,10:02,Plein jour,64,64125,2,9,1,3.0,BERRUA,43.43868,-1.58648,10:02:00,2024-10-09
202400020880,16:50,Plein jour,63,63300,2,2,1,6.0,Avenue de Chatel-guyon /Rue Colombier Lanore,45.89756243,3.10671285,16:50:00,2024-10-10
202400020881,21:05,Plein jour,95,95018,1,1,1,2.0,A15,48.9603364,2.27113018,21:05:00,2024-06-28
202400020882,20:50,Plein jour,95,95256,1,1,1,5.0,N184,49.0550617,2.20194139,20:50:00,2024-06-28
202400020883,17:15,Plein jour,93,93010,1,1,1,2.0,A3,48.89957019,2.46959801,17:15:00,2024-06-28
202400020884,07:05,Crépuscule,77,77258,1,1,1,6.0,A4.Y,48.8324637,2.65688229,07:05:00,2024-06-29
202400020885,19:20,,974,97411,2,1,1,6.0,GARE (DE LA),-20.89587,55.49209,19:20:00,2024-06-28
202400020886,18:10,Plein jour,973,97302,1,1,1,7.0,ZONE COLLERY I OU II,4.90674,-52.32477,18:10:00,2024-06-28
202400020887,18:25,Crépuscule,973,97302,2,1,1,2.0,CABASSOU (ROUTE DE),4.91967,-52.31892,18:25:00,2024-06-27
202400020888,17:30,Plein jour,973,97302,2,1,1,2.0,CONSTANT CHLORE(RUE),4.93396779,-52.3193188,17:30:00,2024-06-27
202400020889,18:40,Plein jour,69,69387,2,2,1,3.0,Rue Louis Dansard,45.75441,4.8454,18:40:00,2024-06-28
202400020890,17:00,Plein jour,69,69383,2,2,1,3.0,Avenue Maréchal de Saxe,45.76159284,4.84540055,17:00:00,2024-06-28
202400020891,10:20,Plein jour,69,69386,2,1,1,2.0,Avenue Maréchal Foch,45.77002,4.84348,10:20:00,2024-06-28
202400020892,02:15,,69,69386,2,2,1,3.0,Rue Cuvier,45.7678,4.85553,02:15:00,2024-06-28
202400020893,18:40,Crépuscule,972,97213,1,1,1,2.0,FERNAND GUILLON (BOULEVARD),14.61697,-60.9966,18:40:00,2024-06-27
202400020894,10:45,Plein jour,972,97209,1,1,1,5.0,AUTOROUTE (A1),14.61821,-61.0362,10:45:00,2024-06-28
202400020895,06:00,Plein jour,971,97113,2,1,1,4.0,RN4 - SECTION RIVIERA,16.21807,-61.49842,06:00:00,2024-06-28
202400020896,17:50,Plein jour,95,95585,2,1,1,3.0,D209,48.98532,2.38814,17:50:00,2024-06-28
202400020897,18:30,Plein jour,95,95277,2,9,1,7.0,BUTTES (RUE DES),48.97505761,2.49647677,18:30:00,2024-06-28
202400020898,15:04,Plein jour,95,95582,2,9,1,6.0,D192,48.97103799,2.25579859,15:04:00,2024-06-28
202400020899,08:45,Plein jour,91,91027,2,3,7,6.0,RUE J B DE LA SALLE,48.70691,2.3835,08:45:00,2024-06-28
202400020900,15:50,Plein jour,90,90029,2,2,1,3.0,COMMANDOS D'AFRIQUE (RUE DES),47.654085,6.83649,15:50:00,2024-06-25
202400020901,21:20,Plein jour,87,87085,2,3,1,3.0,PERI (AVENUE GABRIEL),45.8285,1.26266,21:20:00,2024-06-27
202400020902,01:50,,30,30351,2,1,1,1.0,VERDUN AVENUE DE,43.96733,4.8024,01:50:00,2024-06-28
202400020903,12:00,Plein jour,84,84007,2,6,1,2.0,REALPANIER (Rond point de)-MONTFAVET,43.950281,4.860703,12:00:00,2024-06-27
202400020904,10:35,Plein jour,84,84007,2,2,1,4.0,C.De GAULLE (Rocade),43.92887,4.81305,10:35:00,2024-06-27
202400020905,14:00,Plein jour,81,81065,2,1,1,6.0,25 Rue Théron Périé,43.60892,2.24544,14:00:00,2024-06-28
202400020906,10:50,Plein jour,80,80021,2,1,1,6.0,Avenue de Belgique,49.87091,2.29468,10:50:00,2024-06-27
202400020907,17:40,Plein jour,78,78586,2,9,1,6.0,BERTEAUX (MAURICE) N°44 A 152,48.941,2.1649,17:40:00,2024-06-28
202400020908,18:00,Plein jour,78,78418,2,9,1,1.0,GABRIEL PERI (AVENUE),48.92736,2.14029,18:00:00,2024-06-28
202400020909,09:30,Plein jour,78,78481,2,1,1,6.0,VIGNES BENETTES (AVENUE DES),48.8805,2.09595,09:30:00,2024-06-28
202400020910,01:50,,78,78146,2,1,1,6.0,DARCIS (RUE),48.91018,2.13832,01:50:00,2024-06-28
202400020911,17:40,Plein jour,78,78517,1,1,1,3.0,D 937,48.65877,1.82486,17:40:00,2024-06-25
202400020912,14:30,Plein jour,78,78621,2,1,1,6.0,CD 912,48.78386,1.9924,14:30:00,2024-06-27
202400020913,01:00,,78,78172,1,3,1,3.0,RN 184,49.002215,2.0815,01:00:00,2024-06-28
202400020914,19:25,Plein jour,77,77350,1,1,1,6.0,DEPARTEMENTALE 1004,48.76723,2.64937,19:25:00,2024-06-28
202400020915,23:25,Nuit sans éclairage,77,77067,1,1,1,3.0,D.346,48.557554,2.599873,23:25:00,2024-06-28
202400020916,16:30,Plein jour,77,77053,1,1,1,7.0,CD 50,48.67159032,2.58494921,16:30:00,2024-06-28
202400020917,14:15,Plein jour,77,77288,2,3,1,3.0,ARISTIDE BRIAND  (BOULEVARD),48.54524,2.65066,14:15:00,2024-06-28
202400020918,13:00,Plein jour,77,77122,2,3,1,3.0,RUE SOMMEVILLE,48.666097,2.557448,13:00:00,2024-06-28
202400020919,15:25,Plein jour,76,76351,2,2,1,6.0,ANATOLE FRANCE,49.4948,0.11128,15:25:00,2024-06-27
202400020920,22:35,,72,72181,2,6,1,3.0,CHANZY (RUE)  N° IMP 1 A 71 BIS,47.99913,0.20975,22:35:00,2024-06-28
202400020921,21:40,Crépuscule,71,71270,2,1,1,6.0,GAMBETTA (RUE),46.30212,4.83113,21:40:00,2024-06-28
202400020922,14:10,Plein jour,69,69290,2,2,1,3.0,Boulevard de la Porte des Alpes,45.71503,4.92542,14:10:00,2024-06-27
202400020923,08:15,Plein jour,95,95018,1,1,2,3.0,A15,48.9585871,2.27405291,08:15:00,2024-11-17
202400020924,09:15,Plein jour,69,69096,2,3,7,3.0,Rue Charles De Gaulle,45.60578,4.78282,09:15:00,2024-06-28
202400020925,15:40,Plein jour,67,67482,2,1,1,6.0,WISSEMBOURG (RUE DE),48.59112,7.74182,15:40:00,2024-06-27
202400020926,18:00,,93,93053,1,1,1,3.0,AUTOROUTE A3,48.88722551,2.47394088,18:00:00,2024-11-16
202400020927,08:15,Plein jour,64,64445,2,6,8,3.0,PEYROULET,43.30387,-0.35621,08:15:00,2024-06-28
202400020928,21:30,Crépuscule,64,64122,2,1,1,2.0,VERDUN (AVENUE DE),43.48214,-1.55474,21:30:00,2024-06-27
202400020929,22:00,,64,64102,2,1,1,6.0,ALSACE LORRAINE (BOULEVARD),43.49472,-1.46852,22:00:00,2024-06-28
202400020930,19:10,Crépuscule,95,95252,1,1,1,3.0,A115,48.98859238,2.24343194,19:10:00,2024-11-16
202400020931,16:16,Plein jour,63,63032,2,2,3,3.0,EUROPE (AVENUE DE L'),45.75492446,3.09679806,16:16:00,2024-06-28
202400020932,20:10,Nuit sans éclairage,93,93007,1,1,1,3.0,AUTOROUTE A3,48.931258,2.48097635,20:10:00,2024-11-16
202400020933,16:20,Plein jour,62,62510,2,1,1,6.0,D58,50.42225415,2.77408996,16:20:00,2024-06-28
202400020934,04:00,,94,94065,1,1,1,6.0,A86,48.75453592,2.34767061,04:00:00,2024-11-17
202400020935,13:10,Plein jour,62,62510,2,3,1,3.0,Rue du Docteur Biat,50.41706352,2.77953243,13:10:00,2024-06-24
202400020936,18:10,Plein jour,62,62193,2,7,1,3.0,Boulevard Curie,50.93974,1.86932,18:10:00,2024-06-27
202400020937,15:45,Plein jour,59,59426,2,1,1,6.0,RONCQ (ROUTE),50.74356134,3.1502223,15:45:00,2024-06-25
202400020938,06:30,Crépuscule,38,38185,2,2,1,3.0,NICOLAS CHORIER (RUE),45.18571,5.71213,06:30:00,2024-08-31
202400020939,13:45,Plein jour,59,59354,2,1,1,3.0,MOINES (RUE DES),50.35838,3.16397,13:45:00,2024-06-26
202400020940,15:58,Plein jour,56,56121,2,1,1,3.0,Rue Jean Le Coutaller,47.7465,-3.36791,15:58:00,2024-06-28
202400020941,21:14,,38,38185,2,1,1,5.0,AVENUE PAUL VERLAINE,45.16342,5.71291,21:14:00,2024-08-20
202400020942,15:00,Plein jour,51,51055,1,1,1,2.0,TONDEURS (BOULEVARD DES),49.28651,4.0285,15:00:00,2024-06-28
202400020943,12:20,Plein jour,50,50532,1,1,1,6.0,BRUYERE (ROUTE),48.79593,-1.5615,12:20:00,2024-06-28
202400020944,08:25,Plein jour,50,50129,2,2,1,2.0,LEMONNIER (AVENUE AMIRAL),49.63451,-1.60235,08:25:00,2024-06-27
202400020945,17:36,Plein jour,38,38169,2,9,1,3.0,BOULEVARD PAUL LANGEVIN,45.19562,5.67465,17:36:00,2024-08-08
202400020946,16:50,Plein jour,50,50129,2,2,1,3.0,CURIE (RUE),49.63755,-1.60559,16:50:00,2024-06-26
202400020947,14:35,Plein jour,49,49015,1,1,1,4.0,D775,47.50133,-0.62092,14:35:00,2024-06-28
202400020948,17:05,Plein jour,14,14705,1,1,7,3.0,Rue Eisenhower,49.232466,-0.937668,17:05:00,2024-08-18
202400020949,18:55,Plein jour,49,49007,2,2,1,3.0,MAIL,47.47479,-0.55299,18:55:00,2024-06-27
202400020950,21:50,Plein jour,49,49007,2,3,1,7.0,PASTEUR,47.47192,-0.54206,21:50:00,2024-06-25
202400020951,13:00,Plein jour,75,75112,2,1,8,2.0,BD PERIPHERIQUE INTERIEUR,48.834557,2.410471,13:00:00,2024-11-15
202400020952,11:34,Plein jour,49,49007,2,1,1,6.0,TARIN,47.468,-0.54519,11:34:00,2024-06-27
202400020953,23:25,,75,75120,2,2,1,3.0,RUE DE LAGNY,48.84905,2.409236,23:25:00,2024-11-17
202400020954,04:20,Nuit sans éclairage,44,44184,1,1,9,2.0,Unknown,47.28945,-2.23946,04:20:00,2024-03-10
202400020955,01:25,,75,75119,2,4,1,3.0,RUE MANIN,48.881442,2.380628,01:25:00,2024-11-17
202400020956,06:00,,37,37233,2,3,5,6.0,GAMBETTA (RUE),47.39166,0.7097,06:00:00,2024-03-10
202400020957,09:28,Plein jour,49,49007,2,6,1,3.0,LAC DE MAINE AVENUE,47.46066,-0.59627,09:28:00,2024-06-27
202400020958,06:40,Crépuscule,37,37261,2,6,5,6.0,GANCE (BOULEVARD ABEL),47.42015,0.71679,06:40:00,2024-03-10
202400020959,15:10,Plein jour,75,75117,2,3,2,6.0,BOULEVARD BESSIERES,48.89774012,2.32900769,15:10:00,2024-11-17
202400020960,19:25,Plein jour,37,37208,2,1,1,2.0,DE LARCAY (RUE),47.36850424,0.73511696,19:25:00,2024-06-28
202400020961,20:15,Nuit sans éclairage,28,28134,2,1,1,6.0,HOCHE (RUE),48.7226,1.3818,20:15:00,2024-03-10
202400020962,10:10,Plein jour,75,75117,2,7,8,7.0,PLACE DU MARECHAL JUIN,48.88449824,2.29717845,10:10:00,2024-11-17
202400020963,14:00,Plein jour,35,35238,2,3,1,3.0,BELLEVUE (DE),48.11478,-1.65257,14:00:00,2024-06-28
202400020964,14:30,Plein jour,75,75115,2,2,1,3.0,RUE DES VOLONTAIRES,48.843078,2.306849,14:30:00,2024-11-17
202400020965,00:12,,33,33063,2,1,1,2.0,Unknown,44.85037,-0.60563,00:12:00,2024-06-29
202400020966,12:10,Plein jour,13,13005,2,1,1,6.0,MARCEAU (RUE),43.29065,5.57064,12:10:00,2024-03-10
202400020967,09:45,Plein jour,75,75115,2,7,2,3.0,PLACE BALARD,48.836865,2.278842,09:45:00,2024-11-17
202400020968,03:35,Nuit avec éclairage,33,33032,1,6,1,7.0,Unknown,44.89349,-0.52982,03:35:00,2024-06-28
202400020969,22:17,,13,13001,2,2,8,3.0,MINIMES (COURS DES),43.52884,5.43774,22:17:00,2024-03-10
202400020970,14:40,Plein jour,27,27681,2,1,1,6.0,RENAISSANCE (RUE DE LA),49.08243,1.47831,14:40:00,2024-06-28
202400020971,14:41,Plein jour,75,75110,2,3,1,3.0,BOULEVARD DE BONNE NOUVELLE,48.870183,2.35051,14:41:00,2024-11-16
202400020972,11:30,Plein jour,27,27229,2,1,1,6.0,SALONIQUE (RUE DE),49.0353,1.1356,11:30:00,2024-06-28
202400020973,21:57,,01,01283,2,2,1,3.0,LAPLANCHE,46.2608,5.6569,21:57:00,2024-03-09
202400020974,16:40,Crépuscule,75,75103,2,2,1,6.0,RUE VIEILLE DU TEMPLE,48.860524,2.361816,16:40:00,2024-11-17
202400020975,21:55,Crépuscule,25,25056,2,6,1,6.0,AMITIE RUE,47.23336,5.984,21:55:00,2024-06-28
202400020976,01:01,Nuit sans éclairage,94,94078,2,1,1,7.0,Chemin de la Bassinette,48.7249335,2.45182952,01:01:00,2024-11-17
202400020977,12:05,Plein jour,18,18033,2,1,1,7.0,Rue du Traité de Rome,47.0514,2.39652,12:05:00,2024-06-26
202400020978,14:30,Plein jour,75,75118,2,1,1,4.0,PORTE DE CLIGNANCOURT,48.901041,2.350764,14:30:00,2024-03-10
202400020979,00:35,,94,94046,2,3,1,3.0,Avenue du Général Leclerc,48.81009,2.43288,00:35:00,2024-11-17
202400020980,16:40,Plein jour,16,16102,2,1,1,5.0,Unknown,45.688,-0.328,16:40:00,2024-06-25
202400020981,10:30,Plein jour,75,75118,2,1,1,1.0,BOULEVARD PERIPHERIQUE EXTERIEUR NORD  ,48.900802,2.369807,10:30:00,2024-03-09
202400020982,19:00,,94,94038,2,1,1,6.0,Rue Jean Jaurès,48.77894,2.3356,19:00:00,2024-11-17
202400020983,15:05,Plein jour,75,75114,2,3,1,6.0,BOULEVARD ADOLPHE PINARD,48.82461,2.303992,15:05:00,2024-03-08
202400020984,18:30,Plein jour,15,15014,2,3,1,6.0,Rue de la Montade,44.91517,2.43979,18:30:00,2024-06-27
202400020985,10:45,Plein jour,93,93049,2,3,2,3.0,GALLIENI (BOULEVARD),48.85282685,2.51322742,10:45:00,2024-11-17
202400020986,00:30,,75,75115,2,3,2,3.0,BOULEVARD DU MONTPARNASSE,48.844725,2.321272,00:30:00,2024-03-10
202400020987,17:20,Plein jour,15,15014,1,1,1,2.0,RD 120,44.92963,2.42629,17:20:00,2024-06-27
202400020988,12:45,Plein jour,93,93029,2,1,1,2.0,JAURES (AVENUE JEAN) DE 28 A 62,48.93124,2.42897,12:45:00,2024-11-16
202400020989,10:15,Plein jour,13,13212,2,1,1,3.0,MONTOLIVET (AVENUE DE),43.31783085,5.41952513,10:15:00,2024-06-28
202400020990,02:40,,75,75119,2,2,2,3.0,AVENUE SIMON BOLIVAR,48.87841,2.374252,02:40:00,2024-03-10
202400020991,22:35,Nuit sans éclairage,93,93005,2,1,1,6.0,ANDRE CITROEN (BOULEVARD),48.95829525,2.48506028,22:35:00,2024-11-16
202400020992,18:20,Plein jour,75,75118,2,3,1,6.0,RUE DE TRETAIGNE,48.891305,2.341985,18:20:00,2024-03-10
202400020993,07:30,Plein jour,13,13214,2,1,1,1.0,MERLAN (AVENUE),43.34171,5.40385,07:30:00,2024-06-28
202400020994,14:52,Plein jour,92,92012,2,1,1,6.0,REINE (ROUTE DE LA) 1/37- 6/80,48.83890255,2.24881411,14:52:00,2024-11-17
202400020995,04:30,,75,75117,2,2,2,2.0,AVENUE MAC MAHON,48.875292,2.294789,04:30:00,2024-03-10
202400020996,08:40,Plein jour,13,13207,2,1,1,2.0,Corniche John Fitzgérald Kennedy,43.2767071,5.35778498,08:40:00,2024-06-28
202400020997,08:30,Plein jour,75,75114,2,1,8,3.0,BD PERIPHERIQUE INTERIEUR,48.820927,2.321828,08:30:00,2024-03-10
202400020998,23:50,,92,92002,2,3,1,3.0,MIRABEAU (RUE),48.74503627,2.29822777,23:50:00,2024-11-16
202400020999,00:10,,75,75110,2,3,2,3.0,RUE DU FAUBOURG SAINT MARTIN,48.877803,2.361638,00:10:00,2024-03-10
202400021000,11:30,Plein jour,13,13004,2,1,1,6.0,AV STALINGRAD,43.69377,4.63965,11:30:00,2024-06-28
202400021001,05:40,,51,51567,1,1,5,7.0,N4,48.69062114,4.71438751,05:40:00,2024-11-17
202400021002,21:20,,75,75109,2,2,2,6.0,RUE LA FAYETTE,48.874668,2.339379,21:20:00,2024-03-09
202400021003,23:40,,06,06088,2,1,1,3.0,41 Boulevard François Grosso,43.6971,7.25142,23:40:00,2024-06-26
202400021004,02:20,Nuit sans éclairage,36,36233,1,1,1,6.0,route de paulmery,47.24407599,1.56311097,02:20:00,2024-11-17
202400021005,08:20,Plein jour,75,75107,2,1,2,6.0,PLACE HENRY DE MONTHERLANT,48.860382,2.326864,08:20:00,2024-03-10
202400021006,08:45,Crépuscule,31,31053,2,2,1,3.0,Carrefour RM112/RD59,43.64611,1.555268,08:45:00,2024-11-17
202400021007,14:30,Plein jour,06,06069,2,3,1,3.0,93 Boulevard Emmanuel Rouquier,43.636381,6.940725,14:30:00,2024-06-28
202400021008,19:50,,75,75104,2,3,1,6.0,RUE DE LOBAU,48.85601,2.353326,19:50:00,2024-03-10
202400021009,15:40,Plein jour,81,81218,2,1,1,6.0,1 Rue d'Al Causse,43.891832,2.166837,15:40:00,2024-11-16
202400021010,09:55,Plein jour,75,75119,2,3,1,3.0,RUE BOTZARIS,48.879281,2.384352,09:55:00,2024-06-28
202400021011,05:14,,75,75101,2,3,1,6.0,RUE SAINT DENIS,48.860184,2.348301,05:14:00,2024-03-10
202400021012,18:10,,68,68157,2,1,1,3.0,5 Grand'Rue,48.117395,7.476068,18:10:00,2024-11-16
202400021013,18:00,Plein jour,94,94078,2,1,1,1.0,Avenue de Choisy,48.75370646,2.4297228,18:00:00,2024-03-10
202400021014,17:45,Plein jour,75,75118,2,3,1,6.0,RUE STEPHENSON,48.89041,2.355835,17:45:00,2024-06-28
202400021015,18:30,Crépuscule,94,94041,2,1,1,2.0,80 Avenue Maurice Thorez,48.81417,2.37921,18:30:00,2024-03-10
202400021016,13:50,Plein jour,68,68376,1,1,1,7.0,D20,47.825754,7.342799,13:50:00,2024-11-17
202400021017,00:10,,75,75117,2,1,1,7.0,BOULEVARD DE REIMS,48.891578,2.299853,00:10:00,2024-06-28
202400021018,16:15,Plein jour,94,94022,2,2,8,3.0,Avenue Léon Gourdault / Avenue du Général Leclerc / Avenue de la République,48.76241153,2.40664691,16:15:00,2024-03-10