Num_Acc,hrmn,lum,dep,com,agg,int,atm,col,adr,lat,long,heure,date
202400021019,08:53,Plein jour,69,69283,2,6,5,1.0,Route d'Heyrieux,45.680175,4.959501,08:53:00,2024-11-17
202400021020,18:15,Plein jour,94,94048,2,3,1,6.0,Avenue des Buissons / Rue Chasse Lievre,48.735381,2.557859,18:15:00,2024-03-10
202400021021,02:00,Nuit sans éclairage,971,97109,1,6,2,6.0,RN1,15.990385,-61.716213,02:00:00,2024-11-18
202400021022,02:30,,75,75115,2,1,1,1.0,RUE DE VAUGIRARD,48.843311,2.313809,02:30:00,2024-06-28
202400021023,15:20,Plein jour,93,93008,2,3,1,6.0,Rue Saint Andre / Rue Bernard,48.903486,2.424362,15:20:00,2024-03-10
202400021024,04:23,Nuit sans éclairage,26,26216,1,1,5,7.0,Route de Claveyson,45.194816,4.915588,04:23:00,2024-11-17
202400021025,14:30,Plein jour,93,93001,2,1,1,3.0,Avenue Jean Jaurès,48.91285057,2.40201536,14:30:00,2024-03-10
202400021026,21:35,Plein jour,75,75114,2,2,1,2.0,RUE D ALESIA,48.832752,2.311562,21:35:00,2024-06-27
202400021027,14:00,Plein jour,92,92044,2,6,8,3.0,"PORTE DE VILLIERS (AVENUE DE LA, N° 33 A",48.886624,2.28356338,14:00:00,2024-03-10
202400021028,11:52,Plein jour,75,75113,2,7,1,6.0,PLACE D ITALIE,48.831916,2.355542,11:52:00,2024-06-27
202400021029,17:50,Nuit sans éclairage,42,42322,1,4,1,1.0,Chemin de Rocheplate,45.419875,4.529698,17:50:00,2024-11-16
202400021030,02:45,,92,92050,2,1,2,2.0,JOILIOT CURIE F. ET IRENE AVENUE N°IMPAI,48.88752,2.20094,02:45:00,2024-03-10
202400021031,00:15,,75,75112,2,2,1,6.0,PONT D AUSTERLITZ,48.845687,2.36745,00:15:00,2024-06-27
202400021032,11:50,Plein jour,50,50137,1,1,8,6.0,"Autoroute A84, PR 196+600, sens RENNES-CAEN",48.858415,-1.209258,11:50:00,2024-11-17
202400021033,16:50,Plein jour,92,92044,2,2,2,6.0,PDT WILSON(RUE)107A131 ET 110A130,48.89812034,2.28518128,16:50:00,2024-03-10
202400021034,18:40,,57,57269,2,1,1,6.0,Boulevard du Pont,49.298987,6.194267,18:40:00,2024-11-16
202400021035,12:20,Plein jour,75,75110,2,2,1,3.0,AVENUE PARMENTIER,48.871241,2.370124,12:20:00,2024-06-28
202400021036,21:00,,92,92035,2,3,1,3.0,Léon Maurice Nordmann ( rue ),48.90443985,2.24041772,21:00:00,2024-03-10
202400021037,00:58,,51,51596,2,1,1,2.0,Rue de l?Empereur,48.880906,3.61477,00:58:00,2024-11-17
202400021038,09:30,Plein jour,92,92023,2,2,8,6.0,JEAN JAURES (AVENUE) N°57 A 259 ET 64 A,48.80990717,2.26932764,09:30:00,2024-03-10
202400021039,11:00,Plein jour,75,75108,2,1,1,2.0,COURS LA REINE,48.864726,2.315296,11:00:00,2024-06-28
202400021040,18:05,,80,80318,2,3,2,6.0,3 Rue Roger Godard,50.016509,2.079678,18:05:00,2024-11-18
202400021041,16:50,Plein jour,92,92012,2,1,1,1.0,GEORGES GORSE (QUAI),48.82376626,2.23808536,16:50:00,2024-03-10
202400021042,13:55,Plein jour,75,75108,2,2,1,3.0,BOULEVARD HAUSSMANN,48.875049,2.309178,13:55:00,2024-06-28
202400021043,19:30,,80,80711,2,1,1,7.0,6 Rue Philippe Louis,50.037266,2.121032,19:30:00,2024-11-17
202400021044,10:40,Plein jour,92,92012,2,1,2,2.0,JEAN JAURES (BOULEVARD) 217/FIN - 210/FI,48.82566643,2.24802469,10:40:00,2024-03-10
202400021045,23:12,Nuit sans éclairage,65,65026,1,1,2,6.0,Route de Toulouse,43.286103,0.546412,23:12:00,2024-11-17
202400021046,19:25,Plein jour,75,75107,2,1,1,3.0,QUAI ANATOLE FRANCE,48.861276,2.323585,19:25:00,2024-06-28
202400021047,17:40,Plein jour,92,92012,2,1,2,3.0,ANDRE MORIZET (AVENUE) 1/47 - 2/52,48.83573026,2.23950702,17:40:00,2024-03-09
202400021048,21:30,Nuit sans éclairage,33,33229,1,1,1,6.0,Unknown,44.786235,-0.912242,21:30:00,2024-11-14
202400021049,19:30,Plein jour,75,75107,2,1,1,7.0,PROMENADE GISELE HALIMI,48.86287498,2.30920225,19:30:00,2024-06-28
202400021050,19:40,,92,92002,2,1,2,6.0,MARCHE (RUE DU),48.75271974,2.30272043,19:40:00,2024-03-09
202400021051,15:30,Plein jour,63,63201,2,2,1,6.0,D55/ RD55A,45.960574,3.387268,15:30:00,2024-11-16
202400021052,15:45,Plein jour,75,75103,2,1,1,3.0,BOULEVARD SAINT MARTIN,48.868518,2.358585,15:45:00,2024-06-28
202400021053,22:34,Nuit sans éclairage,86,86153,1,1,1,2.0,Route Nationale N°147,46.415652,0.682995,22:34:00,2024-03-10
202400021054,18:40,Nuit sans éclairage,63,63368,1,1,1,7.0,D301,45.69290816,3.32640521,18:40:00,2024-11-16
202400021055,20:45,Plein jour,75,75104,2,2,1,3.0,BOULEVARD DE SEBASTOPOL,48.860562,2.349422,20:45:00,2024-06-27
202400021056,06:30,Crépuscule,71,71481,1,1,3,6.0,A6,46.186504,4.772797,06:30:00,2024-03-10
202400021057,08:25,Crépuscule,61,61484,1,1,2,6.0,D107,48.270226,0.650725,08:25:00,2024-11-17
202400021058,11:30,Plein jour,94,94044,2,1,1,6.0,43 Rue Henri Barbusse,48.75183,2.48754,11:30:00,2024-06-28
202400021059,11:30,Plein jour,58,58086,2,1,1,6.0,1 rue du 14 juillet,47.411394,2.92648,11:30:00,2024-03-08
202400021060,11:15,Plein jour,61,61194,1,1,1,7.0,Voie Communale,48.762773,-0.166511,11:15:00,2024-11-16
202400021061,18:20,Plein jour,75,75112,2,2,1,3.0,Avenue de Nogent,48.842109,2.449144,18:20:00,2024-06-28
202400021062,13:40,Plein jour,974,97413,2,3,1,1.0,Rue Georges Pompidou,-21.146472,55.276321,13:40:00,2024-03-11
202400021063,15:40,Plein jour,49,49248,1,1,1,1.0,Route Départementale 775,47.768775,-1.224761,15:40:00,2024-11-08
202400021064,09:35,Plein jour,34,34114,1,1,1,6.0,A750 PK 26+900,43.639367,3.577895,09:35:00,2024-03-10
202400021065,12:25,Plein jour,49,49331,2,6,1,3.0,rue charles de gaulle,47.693083,-0.870464,12:25:00,2024-11-06
202400021066,18:47,Nuit sans éclairage,30,30312,1,1,2,1.0,D980,44.03379,4.79396,18:47:00,2024-03-11
202400021067,09:28,Plein jour,49,49369,2,3,8,3.0,Rue de la Mairie,47.388947,0.072505,09:28:00,2024-11-15
202400021068,03:20,,94,94041,2,2,1,3.0,Rue Louis Bertrand / Avenue Pierre Sémard,48.81761,2.38153,03:20:00,2024-06-28
202400021069,05:00,Crépuscule,30,30131,1,1,3,7.0,Pont de l'Aiguillion,44.19186,4.48138,05:00:00,2024-03-10
202400021070,20:00,Plein jour,94,94073,2,1,1,6.0,rdpt des halles,48.759511,2.370973,20:00:00,2024-06-28
202400021071,19:10,Nuit sans éclairage,12,12022,1,1,1,2.0,D999,44.015904,3.074584,19:10:00,2024-11-17
202400021072,16:15,Plein jour,34,34270,1,6,1,3.0,Rond-Point du Rieucoulon,43.583472,3.847897,16:15:00,2024-03-10
202400021073,15:30,Plein jour,42,42234,1,1,1,6.0,Chemin de Champlas,45.534818,4.385074,15:30:00,2024-11-16
202400021074,16:50,Plein jour,89,89411,1,1,1,7.0,D27,48.151686,3.412371,16:50:00,2024-03-10
202400021075,18:25,Plein jour,94,94028,2,1,1,3.0,Avenue du Général de Gaulle,48.78232671,2.45712206,18:25:00,2024-06-28
202400021076,02:30,Nuit sans éclairage,41,41135,1,1,1,6.0,la bissonnière,47.278257,1.866104,02:30:00,2024-11-17
202400021077,16:45,Plein jour,51,51054,1,1,1,6.0,RD 980,49.295695,4.375986,16:45:00,2024-03-10
202400021078,15:40,Plein jour,94,94019,2,1,1,3.0,Route de la Libération,48.801459,2.540914,15:40:00,2024-06-28
202400021079,08:30,Plein jour,34,34300,1,1,3,1.0,N2009,43.401466,3.33728,08:30:00,2024-11-09
202400021080,19:50,Nuit sans éclairage,79,79220,1,1,1,2.0,Unknown,46.215669,-0.617627,19:50:00,2024-03-10
202400021081,14:30,Plein jour,34,34339,1,1,1,7.0,RD20,43.380864,2.908866,14:30:00,2024-11-16
202400021082,00:35,,94,94079,2,2,1,3.0,Rue de Bernau / Avenue Maurice Thorez,48.81799,2.539,00:35:00,2024-06-28
202400021083,20:15,Nuit sans éclairage,2B,2B043,1,1,1,3.0,Sagro,42.79607,9.489763,20:15:00,2024-03-10
202400021084,16:30,Plein jour,34,34312,1,1,1,6.0,D922,43.645524,3.109785,16:30:00,2024-11-15
202400021085,11:30,Plein jour,93,93077,2,3,1,6.0,Avenue de Rosny / Rue de la Liberté,48.88505958,2.5031206,11:30:00,2024-06-28
202400021086,09:30,Plein jour,32,32147,1,1,3,7.0,RD 4 PR 3+360,43.599227,0.874143,09:30:00,2024-03-11
202400021087,18:15,Nuit sans éclairage,22,22137,1,1,1,1.0,Lieu Dit la Croix Neuve,48.29338232,-3.44444633,18:15:00,2024-11-15
202400021088,19:50,Nuit sans éclairage,32,32269,1,1,8,6.0,rd 654- pk 46+885,43.77606,0.845282,19:50:00,2024-03-10
202400021089,13:30,Plein jour,93,93050,2,1,1,2.0,Avenue du General de Gaulle,48.8579,2.53353,13:30:00,2024-06-28
202400021090,13:00,Plein jour,72,72023,1,1,1,1.0,Le Grand Moray,48.187606,0.212973,13:00:00,2024-11-16
202400021091,07:55,Plein jour,93,93049,2,1,1,3.0,Chemin de Meaux,48.86264,2.51192,07:55:00,2024-06-28
202400021092,17:00,Plein jour,11,11206,2,1,1,3.0,Esplanade Francois Mitterrand,43.050827,2.21948,17:00:00,2024-03-10
202400021093,05:00,Nuit sans éclairage,50,50431,1,1,2,3.0,Route de la Libération,49.181745,-1.233038,05:00:00,2024-11-17
202400021094,21:00,Plein jour,93,93015,2,6,1,3.0,Rue des Grands Champs / Route du Bois de Bernouille,48.91738,2.57292,21:00:00,2024-06-28
202400021095,15:25,Plein jour,61,61402,1,1,4,5.0,D924,48.715278,-0.290477,15:25:00,2024-03-10
202400021096,18:30,,18,18197,2,9,1,3.0,93 Avenue du Général de Gaulle,46.731408,2.49432,18:30:00,2024-11-16
202400021097,21:05,Plein jour,93,93046,2,1,1,2.0,Avenue Jean Jacques Rousseau,48.92695,2.5443,21:05:00,2024-06-27
202400021098,00:45,Nuit sans éclairage,42,42039,1,1,8,6.0,Route des Pistes,45.690608,3.826118,00:45:00,2024-03-11
202400021099,14:00,Plein jour,42,42227,1,1,1,6.0,Route de Sail,45.707479,3.931732,14:00:00,2024-03-10
202400021100,19:15,Plein jour,93,93046,2,2,1,6.0,Avenue Turgot / Allée Ledru - Rollin,48.91672,2.5185,19:15:00,2024-06-27
202400021101,16:40,Plein jour,39,39201,1,1,1,6.0,Unknown,46.666452,5.784341,16:40:00,2024-03-11
202400021102,09:15,Plein jour,07,07237,2,9,1,3.0,D120,44.829934,4.678714,09:15:00,2024-11-16
202400021103,09:00,Plein jour,29,29031,1,1,7,1.0,Rue de Lorient,47.79870443,-3.57539721,09:00:00,2024-03-11
202400021104,17:45,,53,53147,2,3,1,3.0,Boulevard Jean Monnet,48.287469,-0.621511,17:45:00,2024-11-16
202400021105,20:30,Crépuscule,93,93072,2,2,7,6.0,Boulevard Maxime Gorki / Avenue Gaston Monmousseau,48.94779,2.38648,20:30:00,2024-06-28
202400021106,16:10,Plein jour,53,53137,1,6,1,3.0,La Chapelle du Chene,48.070828,-0.927878,16:10:00,2024-11-14
202400021107,18:00,Plein jour,31,31258,1,1,1,1.0,Chemin Marou,43.27447659,1.28962755,18:00:00,2024-03-10
202400021108,22:30,,92,92046,2,1,1,3.0,Charles de gaulle,48.82116543,2.29702002,22:30:00,2024-06-27
202400021109,06:35,Nuit sans éclairage,21,21408,2,1,1,6.0,17 Grande Rue,47.404899,5.017922,06:35:00,2024-11-17
202400021110,18:00,Crépuscule,50,50400,2,2,1,6.0,Rue d'Utah-beach,49.375409,-1.40507,18:00:00,2024-03-11
202400021111,22:30,,92,92051,2,9,1,3.0,"BINEAU (BOULEVARD, N°133 A 217 ET 134 A",48.88947211,2.27265463,22:30:00,2024-06-26
202400021112,09:10,Plein jour,40,40094,2,4,1,7.0,Route de Mimizan,44.16415947,-1.03448524,09:10:00,2024-11-16
202400021113,21:45,Nuit sans éclairage,64,64029,2,1,3,6.0,24 Route de Lanne,43.116633,-0.734823,21:45:00,2024-03-10
202400021114,11:45,Plein jour,17,17197,2,6,1,2.0,intersection D134 - D142,45.448089,-0.438563,11:45:00,2024-11-16
202400021115,19:40,Nuit sans éclairage,18,18075,1,1,1,2.0,Unknown,47.012493,3.052375,19:40:00,2024-03-10
202400021116,18:45,Plein jour,92,92050,2,2,1,3.0,BOUVETS BOULEVARD DES,48.89687,2.22405,18:45:00,2024-06-28
202400021117,19:53,Nuit sans éclairage,30,30006,1,1,1,7.0,Route de Lunel,43.689171,4.180309,19:53:00,2024-11-17
202400021118,08:52,Plein jour,92,92050,2,1,1,3.0,CLEMENCEAU GEORGES AVENUE N° PAIR,48.88626103,2.21180177,08:52:00,2024-06-28
202400021119,08:30,Plein jour,10,10198,1,1,5,7.0,D88,48.16245644,4.04131067,08:30:00,2024-03-11
202400021120,07:30,Crépuscule,76,76660,1,9,1,2.0,N1029,49.44372171,0.27229714,07:30:00,2024-11-17
202400021121,20:45,Nuit sans éclairage,36,36109,1,1,2,1.0,Unknown,46.57509457,1.95557043,20:45:00,2024-03-10
202400021122,18:00,Plein jour,92,92020,2,1,1,2.0,VERDUN AVENUE DE AUTRES N°,48.80134155,2.28466523,18:00:00,2024-06-27
202400021123,08:10,Plein jour,13,13091,2,3,7,1.0,506 Avenue de l'Europe,43.613564,5.320462,08:10:00,2024-11-18
202400021124,12:05,Plein jour,40,40284,2,1,1,7.0,Avenue Nationale,43.66065,-1.304605,12:05:00,2024-03-08
202400021125,02:30,Nuit sans éclairage,34,34333,1,1,1,6.0,RD 116,43.497235,3.795809,02:30:00,2024-11-17
202400021126,05:10,Nuit sans éclairage,85,85204,1,1,5,6.0,RD948,46.804304,-1.733458,05:10:00,2024-02-17
202400021127,17:55,Crépuscule,973,97309,2,6,1,3.0,D2,4.8876169,-52.28503847,17:55:00,2024-11-17
202400021128,21:55,Crépuscule,92,92044,2,2,1,3.0,ARISTIDE BRIAND(RUE)85 +  ET  98+,48.89591601,2.29646695,21:55:00,2024-06-27
202400021129,11:50,Plein jour,85,85034,1,2,1,7.0,RD 52,46.616334,-1.1017549,11:50:00,2024-03-08
202400021130,08:40,Plein jour,06,06152,1,1,1,3.0,1363 Route de Nice,43.646751,7.021948,08:40:00,2024-11-18
202400021131,17:40,Plein jour,17,17116,1,1,1,7.0,RD 148,45.422262,-0.568741,17:40:00,2024-02-28
202400021132,16:50,Crépuscule,63,63195,1,1,7,1.0,RD 115 PR 006+000,45.8207845,3.43203275,16:50:00,2024-11-16
202400021133,16:40,Plein jour,92,92036,2,3,1,3.0,FOSSE BLANC (RUE DU) (1/145),48.92971798,2.3091867,16:40:00,2024-06-28
202400021134,21:30,Nuit sans éclairage,23,23112,1,1,2,6.0,Montmartin,46.419998,1.877219,21:30:00,2024-03-10
202400021135,17:04,Crépuscule,83,83133,1,1,1,6.0,"A8, pk 151.200 voie nord",43.53466679,6.869399,17:04:00,2024-11-16
202400021136,18:30,Plein jour,92,92036,2,3,1,3.0,GABRIEL PERI (AVENUE) (147/177),48.92252,2.29481,18:30:00,2024-06-25
202400021137,16:25,Plein jour,30,30062,2,3,1,3.0,Avenue du College,43.78278,4.200838,16:25:00,2024-03-11
202400021138,07:15,Crépuscule,67,67460,1,9,1,3.0,Autoroute A4 Péage de SCHWINDRATZHEIM,48.769686,7.602169,07:15:00,2024-11-16
202400021139,19:40,Nuit sans éclairage,30,30120,2,1,3,7.0,Chemin de la Vigière,44.312622,4.128993,19:40:00,2024-03-09
202400021140,12:28,Plein jour,92,92012,2,1,1,6.0,BELLEVUE (RUE DE) 73/FIN - 80/FIN,48.83408774,2.23117197,12:28:00,2024-06-27
202400021141,14:30,Plein jour,987,98712,2,1,1,2.0,Rte de la Cité Jay,-17.525081,-149.528243,14:30:00,2024-11-15
202400021142,17:30,Plein jour,973,97307,1,3,1,3.0,N4 PK 3,4.84823,-52.316079,17:30:00,2024-03-08
202400021143,18:30,Plein jour,92,92007,2,9,1,3.0,FORTIN (AVENUE JEAN-BAPTISTE),48.79786221,2.30259258,18:30:00,2024-06-28
202400021144,16:40,Plein jour,78,78349,1,1,1,7.0,A10,48.58221,2.01595,16:40:00,2024-11-16
202400021145,20:10,Nuit sans éclairage,978,97801,2,1,1,7.0,R DE GRISELLE,18.092471,-63.030635,20:10:00,2024-03-10
202400021146,11:00,Plein jour,987,98714,1,1,1,2.0,RT 101 - Faanui Condominium,-16.49098705,-151.7530489,11:00:00,2024-11-16
202400021147,12:25,Plein jour,92,92007,2,3,1,3.0,BLAINS (RUE DES) N° AUTRES NUMEROS,48.79339503,2.3206773,12:25:00,2024-06-28
202400021148,07:30,Plein jour,13,13037,1,9,1,3.0,Rn 113,43.54444,5.185206,07:30:00,2024-03-11
202400021149,10:30,Plein jour,988,98803,1,1,1,6.0,RT1,-21.601188,165.552238,10:30:00,2024-11-17
202400021150,21:15,Plein jour,92,92004,2,1,1,2.0,AULAGNIER ( QUAI ),48.91413821,2.31113416,21:15:00,2024-06-28
202400021151,16:45,Plein jour,973,97309,1,3,1,3.0,Route d?Attila Cabassou,4.890135,-52.287664,16:45:00,2024-03-10
202400021152,01:00,Nuit sans éclairage,986,98613,2,1,1,1.0,FALALEU,-13.285982,-176.180674,01:00:00,2024-11-16
202400021153,22:00,Crépuscule,92,92004,2,1,1,6.0,DOCTEUR DERVAUX  ( QUAI DU ),48.90704,2.29166,22:00:00,2024-06-27
202400021154,22:23,,42,42279,2,6,8,3.0,Boulevard Jean Jaurès,45.516358,4.26328,22:23:00,2024-03-10
202400021155,04:37,Crépuscule,54,54262,2,1,1,6.0,Grande Rue,48.70754445,6.434834,04:37:00,2024-06-29
202400021156,22:40,Nuit sans éclairage,986,98613,2,1,1,1.0,TEPA,-13.318761,-176.189643,22:40:00,2024-11-15
202400021157,16:15,Plein jour,31,31271,1,9,1,7.0,route départementale 1,43.559247,1.664225,16:15:00,2024-06-28
202400021158,09:50,Plein jour,17,17140,1,1,1,1.0,"Route Départementale N°734, PR 11+079",45.923737,-1.280825,09:50:00,2024-03-11
202400021159,07:20,Plein jour,973,97305,1,3,1,1.0,Route Nationale 1,4.937617,-52.409302,07:20:00,2024-11-18
202400021160,21:00,Plein jour,86,86289,1,1,1,6.0,D8,46.220539,0.663836,21:00:00,2024-06-28
202400021161,15:50,Plein jour,976,97609,2,1,1,7.0,"CCD 4, Kani bé",-12.978814,45.115888,15:50:00,2024-03-09
202400021162,23:25,Nuit sans éclairage,16,16297,2,1,1,6.0,Unknown,45.635701,-0.115895,23:25:00,2024-06-28
202400021163,18:10,,29,29233,2,3,1,3.0,Rue du Couédic,47.877882,-3.552762,18:10:00,2024-11-17
202400021164,14:24,Plein jour,73,73182,1,4,1,6.0,A41 pk 98.200,45.67807906,5.93075124,14:24:00,2024-03-11
202400021165,23:15,Nuit avec éclairage,49,49127,2,1,1,6.0,15 Avenue d'Angers,47.6663688,-0.24292499,23:15:00,2024-06-28
202400021166,17:50,Nuit sans éclairage,45,45155,1,1,2,1.0,D952 PR 6 + 700,47.677987,2.663727,17:50:00,2024-11-18
202400021167,18:50,,95,95371,2,1,1,2.0,D184,49.08332663,2.50476806,18:50:00,2024-03-10
202400021168,20:20,Nuit sans éclairage,45,45179,1,1,1,2.0,Route de Blois,47.747865,1.663635,20:20:00,2024-11-14
202400021169,13:20,Plein jour,971,97125,2,1,1,1.0,Route Touristique,16.245403,-61.300621,13:20:00,2024-03-10
202400021170,15:20,Plein jour,77,77315,2,1,1,3.0,1 Avenue du Marechal Gallieni,48.888131,2.830001,15:20:00,2024-11-15
202400021171,08:15,Plein jour,45,45155,2,1,1,6.0,17 Rue des Vanneaux,47.699325,2.621157,08:15:00,2024-03-11
202400021172,16:41,Nuit sans éclairage,2A,2A041,1,1,2,7.0,T40,41.454435,9.110928,16:41:00,2024-03-11
202400021173,13:00,Plein jour,51,51298,1,1,1,7.0,D18,49.041919,3.678145,13:00:00,2024-06-29
202400021174,10:15,Plein jour,62,62399,2,1,1,6.0,D339,50.30536382,2.60488858,10:15:00,2024-06-27
202400021175,10:40,Plein jour,95,95039,2,1,8,4.0,ISLE (CHEMIN DE L'),49.096527,2.159704,10:40:00,2024-11-17
202400021176,15:40,Plein jour,06,06147,1,1,1,3.0,"Boulevard Léon Sauvan - lieu-dit ""le pascal""",43.779379,7.275562,15:40:00,2024-02-16
202400021177,09:25,Plein jour,51,51002,2,1,1,6.0,110 Rue Julien Ducos,49.010915,3.866254,09:25:00,2024-06-29
202400021178,11:20,Plein jour,78,78057,2,1,1,2.0,Chaussée de coldstream,49.039879,1.570283,11:20:00,2024-11-16
202400021179,07:40,Plein jour,13,13022,1,1,1,1.0,D559a,43.225662,5.583458,07:40:00,2024-03-07
202400021180,08:20,Plein jour,2B,2B042,1,1,7,1.0,Route de San Ornello,42.579812,9.437578,08:20:00,2024-11-15
202400021181,10:45,Plein jour,19,19213,1,2,1,5.0,Unknown,45.38443075,1.64263849,10:45:00,2024-06-28
202400021182,14:15,Plein jour,71,71090,2,1,1,3.0,661 Route du Vieux Moulin,46.208234,4.764714,14:15:00,2024-03-08
202400021183,13:45,Plein jour,2A,2A288,1,1,1,1.0,D959,41.541558,9.196275,13:45:00,2024-11-16
202400021184,23:30,Nuit sans éclairage,65,65342,1,1,1,7.0,52 Route du Milieu,43.30623484,0.2488164,23:30:00,2024-06-28
202400021185,13:56,Plein jour,54,54123,2,3,7,1.0,D974,48.63259482,6.12724095,13:56:00,2024-03-08
202400021186,18:45,Plein jour,33,33361,1,1,1,1.0,Unknown,44.77821,-0.06021,18:45:00,2024-06-27
202400021187,16:20,Plein jour,33,33433,1,1,2,6.0,Unknown,44.928744,-0.423403,16:20:00,2024-02-26
202400021188,16:45,Plein jour,32,32132,1,1,1,2.0,Route d'Auch - RN 21,43.816383,0.650602,16:45:00,2024-06-28
202400021189,19:20,Nuit sans éclairage,34,34329,1,6,1,6.0,RD 64,43.253486,3.251926,19:20:00,2024-11-16
202400021190,11:30,Plein jour,44,44047,2,1,3,6.0,45 Rue du Premier Mai,47.214431,-1.682212,11:30:00,2024-02-24
202400021191,16:50,Plein jour,11,11258,1,1,7,6.0,Route dépatementale 169,43.231783,2.962661,16:50:00,2024-06-27
202400021192,18:20,Plein jour,29,29087,2,7,1,6.0,Place de l'Eglise,48.066084,-4.255624,18:20:00,2024-03-10
202400021193,17:30,Crépuscule,06,06047,2,1,1,1.0,Avenue des Anciens Combattants,43.843189,7.047208,17:30:00,2024-11-14
202400021194,02:50,Nuit sans éclairage,13,13015,1,1,3,6.0,A51-Sens Aix en Provence vers Marseille,43.44670637,5.39571452,02:50:00,2024-03-10
202400021195,15:12,Plein jour,05,05117,1,1,1,6.0,RD 994,44.412486,5.557537,15:12:00,2024-11-17
202400021196,10:20,Plein jour,13,13005,1,1,2,3.0,A50-Sens Marseille vers Aubagne,43.28501117,5.57110296,10:20:00,2024-03-09
202400021197,11:55,Plein jour,49,49224,1,1,3,1.0,D767,47.340131,0.001346,11:55:00,2024-06-29
202400021198,05:18,Nuit sans éclairage,13,13071,1,9,2,2.0,A7-Sens Marseille vers Lyon,43.40375432,5.3435014,05:18:00,2024-03-09
202400021199,14:20,Plein jour,42,42038,1,1,1,6.0,Route de Montrond,45.63924,4.211149,14:20:00,2024-06-26
202400021200,17:55,,05,05070,2,3,1,3.0,Carrefour des Alpes (Plateforme),44.315216,5.818774,17:55:00,2024-11-17
202400021201,20:40,,33,33249,1,9,2,6.0,Unknown,44.883176,-0.517995,20:40:00,2024-03-10
202400021202,21:30,Nuit sans éclairage,05,05078,1,1,1,1.0,D942,44.385871,5.921749,21:30:00,2024-11-16
202400021203,15:30,Plein jour,47,47058,1,2,1,3.0,Caubeyres,44.268905,0.22066,15:30:00,2024-06-28
202400021204,16:50,Plein jour,91,91689,1,1,1,5.0,AUTOROUTE A6,48.72702,2.31369,16:50:00,2024-03-10
202400021205,08:20,Plein jour,13,13089,1,3,8,3.0,Route Departementale 7n,43.820082,4.973086,08:20:00,2024-09-04
202400021206,08:30,Plein jour,86,86009,1,2,7,3.0,carrefour D3-D9,46.685619,0.683376,08:30:00,2024-06-29
202400021207,17:45,Plein jour,95,95582,1,1,1,2.0,A15,48.96483389,2.26089512,17:45:00,2024-03-10
202400021208,00:30,Nuit sans éclairage,29,29218,1,1,1,2.0,Lieu dit Lanviscar,48.04270699,-4.46928202,00:30:00,2024-06-29
202400021209,16:18,Plein jour,70,70026,2,1,1,6.0,Avenue Charles Couyba,47.454225,5.589209,16:18:00,2024-11-15
202400021210,07:10,Nuit sans éclairage,95,95582,1,1,1,5.0,A15,48.96346787,2.26421667,07:10:00,2024-03-10
202400021211,17:45,Nuit sans éclairage,21,21469,1,1,1,6.0,D960,47.357482,5.147808,17:45:00,2024-11-17
202400021212,03:31,Nuit sans éclairage,93,93066,1,1,2,6.0,A1,48.93046874,2.36537451,03:31:00,2024-03-10
202400021213,10:40,Plein jour,02,02159,1,1,1,3.0,Unknown,49.556398,3.25985,10:40:00,2024-06-29
202400021214,09:43,Plein jour,54,54063,1,1,2,6.0,D904,48.86348,5.841068,09:43:00,2024-11-17
202400021215,16:00,Plein jour,14,14570,1,1,1,6.0,363 Chemin des Cahottes,49.064015,0.323449,16:00:00,2024-06-28
202400021216,18:30,Crépuscule,77,77450,1,1,1,6.0,RN104,48.717217,2.599375,18:30:00,2024-03-10
202400021217,11:51,Plein jour,73,73284,1,1,1,6.0,D117,45.461696,6.515493,11:51:00,2024-11-16
202400021218,10:55,Plein jour,05,05045,1,3,1,1.0,RN 94,44.53771132,6.47407204,10:55:00,2024-06-29
202400021219,16:25,Plein jour,94,94065,1,1,1,4.0,A86,48.75467,2.34658,16:25:00,2024-03-10
202400021220,17:00,Plein jour,42,42037,1,2,1,1.0,Route de Saint-Paul,45.66210929,4.07384304,17:00:00,2024-11-18
202400021221,12:39,Plein jour,90,90065,1,1,1,6.0,cd465,47.79929,6.839526,12:39:00,2024-06-28
202400021222,21:20,Nuit sans éclairage,38,38537,2,1,1,7.0,348 Rue du Danet,45.64004,5.143104,21:20:00,2024-11-17
202400021223,16:35,,94,94017,1,1,1,5.0,A4,48.82736313,2.50739886,16:35:00,2024-03-10
202400021224,12:10,Plein jour,18,18004,2,2,1,1.0,Route de Bourges,47.224825,2.319006,12:10:00,2024-06-28
202400021225,02:15,,74,74173,2,1,1,6.0,Unknown,45.86414344,6.63127586,02:15:00,2024-01-07
202400021226,16:35,Plein jour,44,44035,1,1,1,6.0,8 Boulevard de l'Hopitau,47.273988,-1.548166,16:35:00,2024-11-16