Num_Acc,hrmn,lum,dep,com,agg,int,atm,col,adr,lat,long,heure,date
202400021227,16:00,Plein jour,38,38545,2,3,1,7.0,Allée du Pré Gambu,45.043362,5.664423,16:00:00,2024-11-15
202400021228,03:25,,36,36088,2,2,1,3.0,Rue de l'Avenier,46.948168,1.994212,03:25:00,2024-06-29
202400021229,23:50,,973,97302,2,9,1,3.0,ROBERT VIGNON (RUE),4.93187914,-52.32116997,23:50:00,2024-03-08
202400021230,21:16,Crépuscule,07,07010,1,9,1,6.0,Route de la Roche Péréandre,45.231347,4.67719,21:16:00,2024-06-28
202400021231,17:45,Plein jour,75,75116,2,3,1,6.0,RUE JEAN DE LA FONTAINE,48.850642,2.271152,17:45:00,2024-03-05
202400021232,07:20,Crépuscule,26,26084,2,1,5,7.0,Route de Perouiller,44.99487101,4.9463582,07:20:00,2024-11-16
202400021233,13:45,Plein jour,987,98736,1,3,1,2.0,AUTE HO'E (ROUTE),-17.53801,-149.53887,13:45:00,2024-03-09
202400021234,04:30,Nuit sans éclairage,81,81099,1,1,5,6.0,D988,43.887687,1.871367,04:30:00,2024-11-17
202400021235,22:30,Nuit sans éclairage,17,17365,1,3,1,2.0,Route D730,45.227649,-0.213611,22:30:00,2024-06-28
202400021236,14:23,Plein jour,987,98735,2,1,1,6.0,REMPARTS (RUE BLOC STATION TOTAL PAPEAVA,-17.5331,-149.56754,14:23:00,2024-02-28
202400021237,07:10,Plein jour,37,37167,1,1,1,6.0,D2,47.56533147,0.60654022,07:10:00,2024-06-28
202400021238,11:45,Plein jour,65,65059,2,1,1,2.0,Boulevard de l'Hypéron,43.063705,0.146129,11:45:00,2024-11-16
202400021239,21:50,,973,97302,2,1,1,2.0,MONTABO (ROUTE DE) 1,4.94485827,-52.31149793,21:50:00,2024-03-09
202400021240,18:54,Plein jour,30,30182,1,2,1,3.0,RD 999 PK 39+700,43.855584,4.178813,18:54:00,2024-06-28
202400021241,19:10,Nuit sans éclairage,33,33322,1,1,8,4.0,Unknown,44.937714,-0.68627,19:10:00,2024-11-17
202400021242,15:35,Plein jour,14,14229,1,1,1,7.0,A13,49.23523,-0.048375,15:35:00,2024-06-28
202400021243,11:31,Plein jour,973,97302,2,2,1,3.0,CABASSOU (ROUTE DE),4.91924493,-52.31759995,11:31:00,2024-03-09
202400021244,17:35,Plein jour,33,33256,2,1,1,7.0,Unknown,44.976121,-0.613684,17:35:00,2024-11-17
202400021245,02:45,Nuit sans éclairage,78,78569,1,1,1,2.0,A10 - PK 024.800 - direction province,48.55082233,1.921938,02:45:00,2024-06-29
202400021246,16:40,Plein jour,29,29091,1,3,7,3.0,Route de Guissény,48.63924677,-4.38453621,16:40:00,2024-11-17
202400021247,21:00,Nuit sans éclairage,972,97213,1,9,1,1.0,ROUTE DEPARTEMENTALE 13,14.63476,-61.01965,21:00:00,2024-03-08
202400021248,17:30,Crépuscule,987,98748,1,1,1,1.0,Taravao PK 0+800,-17.756,-148.736,17:30:00,2024-06-28
202400021249,02:55,Nuit sans éclairage,76,76743,2,3,1,7.0,802 Route de Bouville,49.528029,0.93092,02:55:00,2024-10-27
202400021250,19:44,,972,97209,2,1,1,2.0,BALATA (ROUTE DE),14.61959,-61.07056,19:44:00,2024-03-08
202400021251,16:19,Plein jour,95,95489,1,1,1,7.0,D123,49.013968,2.32784656,16:19:00,2024-06-28
202400021252,10:00,Plein jour,971,97113,1,1,2,7.0,Chemin de la BOUAYE,16.23526,-61.49016,10:00:00,2024-03-09
202400021253,12:10,Plein jour,971,97101,1,1,1,6.0,RN1-  HAUTEUR DE SORTIE LAURICISQUE,16.2538,-61.53692,12:10:00,2024-03-09
202400021254,19:00,Plein jour,78,78478,1,1,1,2.0,N191,48.470933,1.865723,19:00:00,2024-06-28
202400021255,18:20,Crépuscule,59,59268,2,3,1,3.0,Rue du Grand Chemin,50.637541,2.736722,18:20:00,2024-10-09
202400021256,09:10,Plein jour,971,97113,2,1,2,1.0,RN4 - SECTION RIVIERA,16.21876447,-61.50201738,09:10:00,2024-03-09
202400021257,19:00,Plein jour,34,34162,1,6,1,7.0,D613,43.465074,3.508736,19:00:00,2024-06-27
202400021258,18:36,Crépuscule,13,13071,1,1,1,2.0,A51-Sens Marseille vers Aix en Provence,43.41631044,5.36503646,18:36:00,2024-11-17
202400021259,05:45,,971,97113,1,1,2,6.0,PONT DE POUCET,16.21848,-61.5059,05:45:00,2024-03-09
202400021260,20:30,Plein jour,06,06075,2,1,1,1.0,3366 Avenue Felix Faure,43.822707,7.262561,20:30:00,2024-06-17
202400021261,17:16,Crépuscule,13,13211,1,1,1,4.0,A507 sens Marseille - Aubagne,43.288,5.425,17:16:00,2024-11-15
202400021262,17:30,Plein jour,971,97113,2,1,1,2.0,GRAND BAIE ( RN4),16.22004,-61.51893,17:30:00,2024-03-08
202400021263,15:45,Plein jour,52,52457,1,3,1,1.0,D17,47.835773,5.375147,15:45:00,2024-06-28
202400021264,12:50,Plein jour,13,13212,1,1,1,2.0,A507 sens Marseille - Aubagne,43.30517,5.42551,12:50:00,2024-11-17
202400021265,08:00,Plein jour,971,97101,1,3,1,3.0,POINTE D'OR,16.29959,-61.49122,08:00:00,2024-03-08
202400021266,06:20,Nuit sans éclairage,13,13106,1,1,1,2.0,A7-Sens Marseille vers Lyon,43.40232,5.34652,06:20:00,2024-11-17
202400021267,11:24,Plein jour,68,68123,2,3,1,3.0,Rue du Maréchal Leclerc,48.01066118,7.29996228,11:24:00,2024-06-29
202400021268,08:00,Plein jour,971,97101,1,9,1,2.0,PERRIN (SECTEUR),16.28918,-61.51134,08:00:00,2024-03-08
202400021269,02:06,Nuit sans éclairage,13,13071,1,1,1,1.0,A51-Sens Marseille vers Aix en Provence,43.41818129,5.36599311,02:06:00,2024-11-17
202400021270,12:00,Plein jour,03,03235,2,1,1,6.0,route de sanssat,46.25489781,3.48577285,12:00:00,2024-06-29
202400021271,08:55,Plein jour,95,95197,2,1,1,6.0,ABEL FAUVEAU (RUE) ,48.96379164,2.33013153,08:55:00,2024-03-09
202400021272,20:45,Nuit sans éclairage,13,13071,1,1,1,6.0,A55 - Sens Marseille vers Martigues,43.39362,5.28003,20:45:00,2024-11-16
202400021273,10:17,Plein jour,56,56176,2,6,7,6.0,Rue Léonard de Vinci,47.671803,-2.962382,10:17:00,2024-06-28
202400021274,04:50,Nuit sans éclairage,67,67365,1,1,1,6.0,M35,48.53739,7.71561,04:50:00,2024-11-17
202400021275,18:40,Crépuscule,91,91377,2,9,2,2.0,AV DE L EUROPE,48.72607,2.28158,18:40:00,2024-02-19
202400021276,17:40,Plein jour,22,22291,2,1,1,3.0,rue de la forge,48.421536,-3.002744,17:40:00,2024-06-28
202400021277,23:25,Nuit sans éclairage,91,91659,1,1,1,2.0,AUTOROUTE A6,48.58485662,2.45380878,23:25:00,2024-11-16
202400021278,05:50,,86,86194,2,6,2,7.0,PARIS (AVENUE DE),46.61262,0.34895,05:50:00,2024-03-09
202400021279,09:30,Plein jour,35,35047,2,3,1,3.0,Boulevard Louis Pasteur,48.021017,-1.738486,09:30:00,2024-06-28
202400021280,15:30,Plein jour,92,92036,1,1,1,2.0,RN315 Y,48.93378736,2.30216366,15:30:00,2024-11-17
202400021281,01:20,,84,84007,2,3,1,3.0,SAINT ROCH (Boulevard),43.94258,4.80533,01:20:00,2024-03-10
202400021282,06:15,,77,77141,1,1,1,6.0,A4,48.85404137,2.83845836,06:15:00,2024-11-17
202400021283,00:00,Nuit sans éclairage,60,60695,1,1,1,6.0,D606,49.21246,2.502437,00:00:00,2024-06-29
202400021284,20:29,Crépuscule,84,84007,2,3,1,2.0,MALPEIGNE (Chemin de),43.95055,4.83404,20:29:00,2024-03-09
202400021285,00:30,Nuit sans éclairage,60,60695,1,1,1,6.0,D606,49.208142,2.496192,00:30:00,2024-06-29
202400021286,22:50,,94,94017,2,1,1,2.0,A4,48.82785752,2.50428066,22:50:00,2024-11-16
202400021287,21:20,,94,94028,1,1,1,6.0,A86,48.7894301,2.44046879,21:20:00,2024-11-16
202400021288,13:00,Plein jour,30,30351,2,2,2,3.0,Boulevard Edmond Ducros,43.96287,4.78546,13:00:00,2024-03-09
202400021289,19:00,Plein jour,69,69029,2,1,1,2.0,Boulevard Périphérique Laurent Bonnevay,45.74445,4.90617,19:00:00,2024-06-26
202400021290,10:00,Plein jour,93,93008,2,1,1,3.0,Avenue Henri Barbusse,48.90809231,2.42668033,10:00:00,2024-06-28
202400021291,14:30,Plein jour,33,33550,1,1,1,3.0,Unknown,44.78189,-0.583309,14:30:00,2024-06-28
202400021292,09:00,Plein jour,84,84007,2,2,1,3.0,PIERRE SEMARD (avenue),43.9299,4.83822,09:00:00,2024-03-09
202400021293,18:15,Plein jour,94,94034,1,1,1,2.0,A86,48.75762305,2.32812012,18:15:00,2024-06-28
202400021294,19:25,Plein jour,93,93048,2,4,1,3.0,Rue de Vincennes / Rue Douy Delcupe,48.85464,2.43595,19:25:00,2024-06-19
202400021295,15:40,Plein jour,83,83137,1,1,3,2.0,CD D559,43.12483,5.89651,15:40:00,2024-03-09
202400021296,11:20,Plein jour,93,93048,2,1,1,6.0,Rue Galilée,48.86005872,2.44946837,11:20:00,2024-06-15
202400021297,16:10,Plein jour,91,91161,1,1,1,2.0,AUTOROUTE A6,48.7125,2.30798,16:10:00,2024-06-28
202400021298,04:52,Nuit sans éclairage,82,82033,1,1,1,6.0,Route de Montauban,44.03097,1.15126,04:52:00,2024-03-09
202400021299,10:26,Plein jour,91,91589,1,1,1,6.0,AUTOROUTE A6,48.67738,2.33816,10:26:00,2024-06-28
202400021300,22:00,,93,93048,2,3,1,3.0,Avenue de la Résistance / Rue de la Beaune,48.86179626,2.43694246,22:00:00,2024-06-05
202400021301,09:25,Plein jour,94,94021,1,1,1,3.0,A6A,48.76446314,2.34264629,09:25:00,2024-06-28
202400021302,15:50,Plein jour,93,93048,2,2,1,5.0,GABRIEL PERI (AVENUE),48.857435,2.440071,15:50:00,2024-06-03
202400021303,09:00,Plein jour,93,93029,1,1,1,1.0,A86,48.9191414,2.42853445,09:00:00,2024-06-28
202400021304,17:50,Plein jour,81,81033,2,9,1,3.0,JAURES (AV. JEAN),44.03114,2.13157,17:50:00,2024-03-09
202400021305,17:20,Plein jour,93,93048,2,1,1,6.0,Avenue Jean Moulin,48.86116589,2.45321815,17:20:00,2024-06-28
202400021306,09:10,Plein jour,95,95395,1,1,1,3.0,N104,49.06789399,2.39451044,09:10:00,2024-06-28
202400021307,14:46,Plein jour,93,93048,2,3,1,3.0,Rue de Paris / Rue de la Révolution,48.85685,2.42936,14:46:00,2024-06-30
202400021308,08:10,Plein jour,95,95018,1,1,1,5.0,A15,48.95528809,2.27796417,08:10:00,2024-06-28
202400021309,14:40,Plein jour,74,74118,2,1,1,5.0,LIBERATION (ROUTE DE LA),46.17938,6.23216,14:40:00,2024-03-09
202400021310,19:40,Plein jour,93,93048,2,2,1,3.0,Rue Saint-Denis / Avenue du President Salvador Allende,48.87047,2.4579,19:40:00,2024-05-16
202400021311,15:15,Plein jour,94,94022,1,1,1,4.0,A86,48.77613511,2.41472468,15:15:00,2024-06-28
202400021312,16:30,Plein jour,93,93071,2,1,2,6.0,Avenue Salvador Allende,48.94835555,2.53024042,16:30:00,2024-05-14
202400021313,16:45,Plein jour,74,74305,2,1,1,2.0,THONON (ROUTE DE),46.19907,6.27148,16:45:00,2024-03-08
202400021314,12:45,Plein jour,94,94028,1,1,1,2.0,A86,48.79983715,2.44627859,12:45:00,2024-06-28
202400021315,16:30,Plein jour,93,93048,2,9,2,3.0,Avenue de la Résistance,48.8615551,2.43697071,16:30:00,2024-05-05
202400021316,13:28,Plein jour,69,69256,2,1,1,2.0,Avenue du 8 Mai 1945,45.78867,4.90759,13:28:00,2024-03-09
202400021317,11:00,Plein jour,14,14228,2,6,1,7.0,11 Rue de l'Église,49.294628,-0.377773,11:00:00,2024-02-29
202400021318,16:00,Plein jour,93,93048,2,2,8,3.0,Avenue Gabriel Péri / Rue Francois Debergue,48.8578,2.43842,16:00:00,2024-05-04
202400021319,20:30,,69,69264,2,1,1,1.0,533 Rue Jean-Baptiste Martini,45.98340722,4.7093174,20:30:00,2024-03-09
202400021320,17:45,Crépuscule,974,97411,2,1,1,7.0,LECONTE DE LISLE (AVENUE),-20.89118,55.4804,17:45:00,2024-06-27
202400021321,10:50,Plein jour,93,93048,2,1,2,6.0,Place Jean Jaures,48.86256007,2.44260153,10:50:00,2024-06-01
202400021322,16:15,Plein jour,974,97411,2,1,8,6.0,ALBIUS (RUE EDMOND),-20.90043,55.47124,16:15:00,2024-06-17
202400021323,01:55,Nuit sans éclairage,64,64483,2,9,1,7.0,ITHURRALDE ANDRE (AVENUE),43.3992389,-1.6405651,01:55:00,2024-03-09
202400021324,15:25,Plein jour,93,93051,1,1,2,7.0,A4,48.8360618,2.55867807,15:25:00,2024-03-30
202400021325,15:00,Plein jour,974,97411,2,1,1,2.0,JAURES (BLD 2 JEAN),-20.88986,55.46146,15:00:00,2024-06-27
202400021326,12:30,Plein jour,43,43158,1,3,1,7.0,Forêt domaniale de Meygal,45.062988,4.128306,12:30:00,2024-07-10
202400021327,12:00,Crépuscule,43,43003,1,1,1,7.0,D40,45.1871222,3.67211882,12:00:00,2024-06-08
202400021328,08:00,Plein jour,974,97407,2,3,1,3.0,ROUTE DU SACRE COEUR,-20.95867,55.31963,08:00:00,2024-06-27
202400021329,18:40,Plein jour,64,64102,2,2,1,3.0,MAUBEC (RUE),43.50351,-1.46792,18:40:00,2024-03-09
202400021330,13:45,Plein jour,43,43135,1,1,1,7.0,route de coubon,44.95133156,3.98511441,13:45:00,2024-08-13
202400021331,17:15,Plein jour,69,69387,2,1,1,6.0,Avenue Leclerc,45.7456992,4.83204707,17:15:00,2024-06-27
202400021332,16:13,Plein jour,63,63113,2,5,2,3.0,avenue Albert et Elisabeth / avenue d'Itale,45.77916,3.09599,16:13:00,2024-03-09
202400021333,16:20,Plein jour,43,43017,1,3,7,1.0,Les Granges,45.36734848,3.37290933,16:20:00,2024-08-11
202400021334,18:15,Plein jour,69,69383,2,1,1,3.0,Boulevard Marius Vivier-Merle,45.75200955,4.85968547,18:15:00,2024-06-26
202400021335,15:10,Plein jour,69,69388,2,1,1,6.0,Avenue des Frères Lumière,45.743478,4.87329945,15:10:00,2024-06-27
202400021336,11:15,Plein jour,43,43115,1,1,1,3.0,Route des Estables,44.95866526,4.07107312,11:15:00,2024-08-11
202400021337,18:00,Plein jour,59,59467,2,1,1,7.0,PANTEGNIES (RUE DE),50.227109,3.857427,18:00:00,2024-03-08
202400021338,08:45,Plein jour,69,69387,1,1,1,3.0,Rue Domer,45.74685552,4.84505281,08:45:00,2024-06-27
202400021339,11:26,Plein jour,43,43059,1,1,1,1.0,D706,45.36277542,3.69654656,11:26:00,2024-08-03
202400021340,09:45,Plein jour,59,59386,1,3,1,7.0,Chemin du Gibet,50.6714,3.03577,09:45:00,2024-03-09
202400021341,13:20,Plein jour,972,97209,2,1,1,7.0,PETITION DES OUVRIERS DE PARIS (RUE DE L,14.61399,-61.07261,13:20:00,2024-06-26
202400021342,15:15,Plein jour,59,59155,2,1,1,3.0,ARTS,51.01831,2.38089,15:15:00,2024-03-09
202400021343,08:15,Plein jour,56,56260,2,9,1,3.0,Boulevard de la Paix,47.6613863,-2.7574893,08:15:00,2024-11-07
202400021344,17:25,Plein jour,2B,2B033,2,1,1,6.0,11 - RT,42.69728,9.45088,17:25:00,2024-06-27
202400021345,17:30,Plein jour,54,54357,2,6,1,3.0,avenue des quatre vents,48.70084,6.13607,17:30:00,2024-03-08
202400021346,11:40,Plein jour,55,55008,1,3,1,1.0,D618,49.26618248,5.66272662,11:40:00,2024-07-08
202400021347,09:50,Plein jour,971,97101,2,1,1,6.0,GRAND CAMP(SECTION),16.25327,-61.53204,09:50:00,2024-06-27
202400021348,18:34,Plein jour,55,55122,1,1,1,6.0,D964,48.77626306,5.56852646,18:34:00,2024-07-09
202400021349,08:30,Plein jour,54,54549,2,1,8,3.0,Rue du Colonel Fabien,48.63453,6.31128,08:30:00,2024-03-09
202400021350,20:25,Nuit sans éclairage,974,97416,2,1,1,6.0,L'ENTRE DEUX(ROUTE DE),-21.30598,55.4272,20:25:00,2024-11-16
202400021351,21:54,Crépuscule,95,95277,1,9,1,2.0,D317,48.97754209,2.46402459,21:54:00,2024-06-27
202400021352,17:30,Plein jour,51,51454,2,1,1,2.0,Rue de la Petite Vitesse,49.26293,4.02875,17:30:00,2024-03-09
202400021353,18:10,Plein jour,974,97411,1,9,1,6.0,MOSELLE (ALLEE DE LA),-20.89223,55.48674,18:10:00,2024-11-16
202400021354,11:25,Plein jour,51,51454,2,1,1,7.0,CERNAY (ROUTE DE ),49.25758,4.06599,11:25:00,2024-03-08
202400021355,20:35,Plein jour,95,95277,2,2,1,3.0,CLARET (RUE),48.9869,2.44025,20:35:00,2024-06-26
202400021356,17:00,Plein jour,974,97407,1,9,1,3.0,SACRE COEUR (RD POINT) -RIV. DES GALETS ,-20.95875,55.31967,17:00:00,2024-11-15
202400021357,21:45,,49,49007,2,1,2,6.0,MONPROFIT PLACE,47.47377,-0.56752,21:45:00,2024-03-09
202400021358,19:05,Plein jour,95,95607,2,1,1,6.0,D409,49.02884,2.20671,19:05:00,2024-06-27
202400021359,11:16,Plein jour,47,47031,1,1,2,6.0,SAINT PIERRE DE GAUBERT (RTE DE),44.16676,0.67406,11:16:00,2024-03-09
202400021360,21:35,Nuit sans éclairage,972,97213,1,4,1,3.0,LA MAUGEE (CHEMIN),14.64344,-61.01046,21:35:00,2024-11-15
202400021361,08:20,Plein jour,91,91667,2,1,1,6.0,ROUGES GORGES (RUE),48.65719,2.33862,08:20:00,2024-06-27
202400021362,19:55,,46,46042,2,3,1,3.0,SEMARD (AVE PIERRE),44.44771,1.43268,19:55:00,2024-03-09
202400021363,12:00,Plein jour,2B,2B037,2,9,1,3.0,TOUTES RUES,42.63272,9.43512,12:00:00,2024-11-16
202400021364,14:15,Plein jour,91,91021,2,1,1,4.0,RTE DE LIMOURS,48.59944,2.24142,14:15:00,2024-06-26
202400021365,22:00,,35,35238,2,1,2,2.0,CHATEAU (AVENUE FRANCOIS),48.11109068,-1.64828986,22:00:00,2024-03-09
202400021366,18:40,,971,97101,1,2,1,6.0,BESSON,16.23668,-61.51254,18:40:00,2024-11-16
202400021367,17:45,Plein jour,91,91421,2,2,1,3.0,CORBEIL (ROUTE DE),48.71052,2.44193,17:45:00,2024-06-26
202400021368,18:20,Crépuscule,35,35278,2,1,1,2.0,DE GAULLE (AVENUE GENERAL),48.16027,-1.68892,18:20:00,2024-03-07
202400021369,18:45,Plein jour,91,91027,2,1,1,2.0,AV FRANCOIS MITTERRAND,48.7133,2.3712,18:45:00,2024-06-27
202400021370,13:45,Plein jour,2A,2A004,2,3,1,2.0,#147 avenue maréchal juin#,41.93699,8.75082,13:45:00,2024-11-16
202400021371,16:39,Plein jour,33,33063,2,6,8,6.0,Unknown,44.87532667,-0.55357844,16:39:00,2024-03-05
202400021372,18:00,Plein jour,91,91027,2,1,1,3.0,AV FRANCOIS MITTERRAND,48.71605,2.3711,18:00:00,2024-06-27
202400021373,17:25,Plein jour,91,91340,2,9,1,6.0,D 446,48.61,2.44,17:25:00,2024-06-27
202400021374,16:08,Plein jour,2A,2A004,1,1,1,4.0,T20,41.93503,8.80202,16:08:00,2024-11-15
202400021375,10:00,Plein jour,31,31483,2,3,1,3.0,FRANCOIS MITTERAND ( AVENUE),43.11272,0.75065,10:00:00,2024-03-09
202400021376,07:04,Plein jour,86,86194,1,1,7,2.0,Avenue John Kennedy,46.58255,0.36748,07:04:00,2024-06-27
202400021377,17:07,Crépuscule,2A,2A004,2,1,1,2.0,#Boulevard Louis Campi#,41.94456,8.75646,17:07:00,2024-11-15
202400021378,19:38,,13,13215,2,1,3,1.0,MIMET (CHEMIN DE),43.38323,5.35851,19:38:00,2024-03-09
202400021379,19:00,,95,95197,2,3,1,3.0,COMMANDANT MANOUKIAN (AVENUE DU),48.97523673,2.33667716,19:00:00,2024-11-13
202400021380,07:45,Plein jour,13,13210,2,1,1,1.0,CAPELETTE (AVENUE DE LA),43.27988,5.41624,07:45:00,2024-03-09
202400021381,16:45,Plein jour,13,13208,2,1,2,3.0,LOUIS BONNEFON (PLACE),43.25435,5.3821,16:45:00,2024-03-08
202400021382,05:20,Nuit sans éclairage,83,83126,2,9,1,1.0,LA SEYNE A OLLIOULES (CHEMIN DE),43.11482461,5.85669445,05:20:00,2024-11-16
202400021383,11:50,Plein jour,13,13028,2,6,3,1.0,Rond Point DULAC/ROVARCH,43.19220448,5.6094105,11:50:00,2024-03-08
202400021384,04:40,,83,83129,1,1,1,1.0,SAINT PIERRE (QUAI),43.07553279,5.80184316,04:40:00,2024-11-16
202400021385,16:05,Plein jour,13,13001,1,1,3,2.0,R.N 7,43.59065,5.36205,16:05:00,2024-03-09
202400021386,00:01,Nuit avec éclairage,82,82121,1,1,1,1.0,avenue de gasseras,44.0178,1.32065,00:01:00,2024-11-17
202400021387,06:50,Crépuscule,13,13001,2,9,1,1.0,ENFANT (RTE DE L'),43.49247,5.38588,06:50:00,2024-03-09
202400021388,19:30,,80,80021,2,1,1,3.0,QUATORZE JUILLET 1789 (AVENUE DU),49.87771,2.28257,19:30:00,2024-11-16
202400021389,17:05,Plein jour,11,11069,2,1,1,2.0,125 Avenue Pierre Charles Lespinasse,43.21493,2.33961,17:05:00,2024-03-08
202400021390,12:00,Plein jour,75,75120,2,1,1,3.0,RUE DES PYRENEES,48.862739,2.399954,12:00:00,2024-03-09
202400021391,12:00,Plein jour,78,78551,2,1,1,6.0,ROOSEVELT (DU PRESIDENT),48.89947,2.07499,12:00:00,2024-11-16
202400021392,02:00,,75,75119,2,7,1,3.0,PLACE AUGUSTE BARON,48.90045,2.386874,02:00:00,2024-03-09
202400021393,15:45,Plein jour,77,77258,2,1,1,3.0,PETITES ECURIES ( COURS DES ),48.83661,2.64037,15:45:00,2024-11-16
202400021394,19:25,,77,77284,2,1,1,1.0,BRIAND (RUE ARISTIDE),48.95729,2.89427,19:25:00,2024-11-16
202400021395,15:56,Plein jour,75,75119,2,3,1,3.0,AVENUE JEAN JAURES,48.886122,2.383084,15:56:00,2024-03-08
202400021396,23:50,,76,76540,2,4,1,2.0,Rue Nansen,49.44737,1.0606,23:50:00,2024-11-16
202400021397,06:00,,75,75108,2,2,1,6.0,VOIE GEORGES POMPIDOU,48.864948,2.318026,06:00:00,2024-03-09
202400021398,18:15,,76,76540,2,3,1,3.0,Route de Neufchâtel,49.452,1.098,18:15:00,2024-11-16
202400021399,08:27,Plein jour,75,75107,2,2,1,6.0,RUE SAINT DOMINIQUE,48.85815,2.322783,08:27:00,2024-03-09
202400021400,19:20,,73,73029,2,2,1,1.0,D1006 / TILLEULS (RUE DES),45.570502,5.948929,19:20:00,2024-11-16
202400021401,18:30,Crépuscule,75,75107,2,3,1,7.0,AVENUE DE LA BOURDONNAIS,48.85922645,2.29769826,18:30:00,2024-03-08
202400021402,17:00,Plein jour,64,64545,2,1,1,2.0,RD810,43.37002,-1.68282,17:00:00,2024-11-16
202400021403,08:50,Plein jour,64,64445,2,2,1,1.0,CATHERINE DE BOURBON,43.32466,-0.3576,08:50:00,2024-11-16
202400021404,12:30,Plein jour,94,94081,2,5,1,6.0,Rue Gabriel Péri / Avenue Jean Jaurès,48.794103,2.400783,12:30:00,2024-03-09
202400021405,15:20,Plein jour,64,64445,2,1,1,6.0,ALFRED DE MUSSET,43.29645,-0.36169,15:20:00,2024-11-15
202400021406,20:35,,94,94076,2,1,2,5.0,67 Rue Youri Gagarïne,48.7843073,2.35882634,20:35:00,2024-03-09
202400021407,18:10,,64,64445,2,1,1,2.0,JEAN MERMOZ,43.31287,-0.37746,18:10:00,2024-11-15
202400021408,16:30,Plein jour,94,94076,2,1,2,6.0,76 Avenue de Stalingrad,48.78482971,2.36693573,16:30:00,2024-03-09
202400021409,20:38,,64,64024,2,1,1,2.0,BIARRITZ (AVENUE DE),43.48017,-1.52186,20:38:00,2024-11-16
202400021410,10:45,Plein jour,94,94073,2,2,1,3.0,rue simone veil / Avenue de Versailles,48.75827,2.39293,10:45:00,2024-03-09
202400021411,18:50,,63,63113,2,3,1,3.0,Av République (rue d'Effiat,45.7862,3.1034,18:50:00,2024-11-16
202400021412,12:00,Plein jour,93,93055,2,3,1,6.0,Rue de la Liberté / Rue Hoche,48.89268,2.40222,12:00:00,2024-03-09
202400021413,15:30,Plein jour,62,62624,2,1,1,3.0,rue émile zola,50.41892,2.9829,15:30:00,2024-11-16
202400021414,04:05,Nuit sans éclairage,60,60057,2,1,1,6.0,Avenue Président J.F. Kennedy,49.4119,2.10666,04:05:00,2024-11-15
202400021415,10:00,Plein jour,93,93032,2,2,1,3.0,Boulevard Saint Dizier / Allée Eugénie,48.886507,2.538019,10:00:00,2024-03-09
202400021416,16:30,Crépuscule,59,59508,2,1,1,6.0,LILLE (RUE DE)MENIN A 8 MAI 1945,50.748574,3.118999,16:30:00,2024-11-15
202400021417,13:00,Plein jour,93,93057,2,3,1,2.0,Avenue Aristide Briand / Allée de Prétoria,48.910055,2.508412,13:00:00,2024-03-09
202400021418,16:00,Plein jour,56,56260,1,1,1,7.0,Le Chapeau Rouge,47.67338,-2.71357,16:00:00,2024-11-16
202400021419,13:25,Plein jour,92,92063,2,1,1,7.0,FOUILLEUSE (AVENUE DE),48.8625369,2.19419646,13:25:00,2024-03-08
202400021420,11:20,Plein jour,56,56121,2,1,1,6.0,Rue Lazare Carnot,47.740961,-3.36424,11:20:00,2024-11-16
202400021421,13:29,Plein jour,92,92050,2,1,2,3.0,HEBERT CELESTIN RUE,48.89657574,2.22381163,13:29:00,2024-03-09
202400021422,05:00,,92,92036,2,1,1,6.0,LOUIS SEGUIN (BD),48.9361805,2.25163928,05:00:00,2024-03-09
202400021423,05:30,Nuit sans éclairage,51,51242,1,1,1,1.0,RD 933 (RTE DE MONTMIRAIL),48.950542,4.298811,05:30:00,2024-11-16
202400021424,09:02,Plein jour,49,49267,2,2,1,7.0,Route d'ANGERS,47.46847,-0.50633,09:02:00,2024-11-16
202400021425,08:15,Plein jour,41,41204,1,1,5,1.0,D951,47.626261,1.404619,08:15:00,2024-03-10
202400021426,06:40,Crépuscule,33,33072,1,1,2,6.0,Unknown,44.523498,-0.135891,06:40:00,2024-03-10
202400021427,09:20,Crépuscule,10,10412,1,1,3,7.0,D610,48.314098,4.126675,09:20:00,2024-03-10
202400021428,15:50,Plein jour,45,45234,2,1,1,2.0,39 Avenue Dauphine,47.89166,1.90464,15:50:00,2024-11-16
202400021429,15:05,Plein jour,22,22364,1,1,1,7.0,RN 176- PR 18+200- SENS SAINT-BRIEUC SAINT-MALO,48.440456,-2.128521,15:05:00,2024-03-09
202400021430,16:40,Plein jour,59,59653,2,1,1,7.0,Rue du Marais de la Ville,50.562253,2.928381,16:40:00,2024-03-08
202400021431,23:04,,45,45234,2,2,1,3.0,Avenue des Droits de l'Homme,47.92379,1.93761,23:04:00,2024-11-15
202400021432,22:30,Nuit sans éclairage,44,44184,1,1,1,6.0,123 Route du Marais d'Ust,47.31561745,-2.26997767,22:30:00,2024-10-30
202400021433,05:15,Nuit sans éclairage,44,44089,1,1,8,6.0,Unknown,47.343712,-1.847318,05:15:00,2024-03-10
202400021434,14:15,Plein jour,62,62306,1,1,1,7.0,D917,50.1553138,2.827729,14:15:00,2024-03-09
202400021435,17:45,Crépuscule,42,42218,2,1,1,6.0,Avenue de Verdun,45.46618703,4.37727954,17:45:00,2024-11-15