Num_Acc,hrmn,lum,dep,com,agg,int,atm,col,adr,lat,long,heure,date
202400021436,22:00,Nuit sans éclairage,30,30302,1,1,3,7.0,99 Route de Saint-Paul les Fonts,44.07466,4.63248,22:00:00,2024-03-09
202400021437,16:40,Plein jour,51,51380,2,1,2,6.0,Rue des Fosses,48.874039,3.543818,16:40:00,2024-03-09
202400021438,17:30,Crépuscule,35,35278,1,1,1,4.0,PORTE DE MAUREPAS,48.14155,-1.66866,17:30:00,2024-11-15
202400021439,16:45,Plein jour,76,76577,2,6,1,6.0,D100,49.79430433,1.13509781,16:45:00,2024-03-08
202400021440,02:20,Nuit sans éclairage,76,76273,1,1,9,7.0,Route du Val de la Chaux,49.47656,1.177962,02:20:00,2024-03-10
202400021441,10:11,Plein jour,32,32032,2,1,8,6.0,chemin de ronde,43.580057,0.243727,10:11:00,2024-03-09
202400021442,21:35,,34,34172,2,2,1,1.0,JUSTICE DE CASTELNAU (AVENUE DE LA),43.62603,3.8824,21:35:00,2024-11-16
202400021443,05:50,Nuit sans éclairage,71,71353,1,1,3,6.0,Route de Plottes,46.53755113,4.89194079,05:50:00,2024-03-10
202400021444,05:24,Nuit sans éclairage,89,89380,1,1,2,7.0,D103,48.095896,3.08027,05:24:00,2024-03-10
202400021445,19:50,,34,34172,2,1,1,2.0,PALAVAS D986 (ROUTE DE),43.58743,3.89342,19:50:00,2024-11-16
202400021446,17:00,Plein jour,63,63276,1,1,6,1.0,Chez Vernieres,45.83044876,3.4832589,17:00:00,2024-03-09
202400021447,22:00,,34,34172,2,4,1,3.0,ASSAS (AVENUE D'),43.613165,3.866771,22:00:00,2024-11-16
202400021448,13:10,Plein jour,61,61287,1,1,1,2.0,D962,48.813943,-0.566294,13:10:00,2024-03-10
202400021449,15:25,Plein jour,34,34172,2,1,1,6.0,RECH (RUE HIPPOLYTE),43.61895,3.86379,15:25:00,2024-11-15
202400021450,09:40,Plein jour,03,03236,1,1,8,6.0,RD 67,46.192287,3.421801,09:40:00,2024-03-10
202400021451,14:57,Plein jour,33,33013,2,1,1,2.0,Unknown,44.843,-0.50149,14:57:00,2024-11-16
202400021452,15:50,Plein jour,66,66015,1,6,1,3.0,Unknown,42.554171,2.859063,15:50:00,2024-03-10
202400021453,03:10,,33,33063,2,1,1,6.0,Unknown,44.843928,-0.570396,03:10:00,2024-11-16
202400021454,16:15,Plein jour,54,54022,1,1,1,1.0,D952,49.008281,6.03767,16:15:00,2024-03-09
202400021455,15:40,Plein jour,36,36102,1,2,1,3.0,Unknown,47.0842495,1.89888261,15:40:00,2024-03-10
202400021456,07:15,Crépuscule,16,16145,1,1,1,2.0,PK 90 RN 141,45.6980197,-0.1258917,07:15:00,2024-03-08
202400021457,06:50,Nuit sans éclairage,07,07265,1,1,2,6.0,Route du Ternay,45.298822,4.644942,06:50:00,2024-03-10
202400021458,21:30,Nuit sans éclairage,04,04116,1,1,3,1.0,Route Départemenetale 4,44.021081,5.960292,21:30:00,2024-03-09
202400021459,11:45,Plein jour,27,27578,1,2,1,3.0,D51,48.801352,0.99599,11:45:00,2024-03-10
202400021460,02:20,Nuit sans éclairage,17,17327,2,1,1,7.0,Rue du Marais Poitevin,46.098122,-0.589169,02:20:00,2024-03-09
202400021461,10:45,Plein jour,85,85191,1,1,1,1.0,RD37,46.69354,-1.42491,10:45:00,2024-12-21
202400021462,13:15,Plein jour,83,83069,2,1,1,2.0,OLBIA  (VOIE),43.11328,6.1244,13:15:00,2024-12-21
202400021463,01:25,,81,81065,2,1,1,2.0,BRUNIQUEL (RD 4 - AV MARTHE),43.62264,2.27061,01:25:00,2024-12-22
202400021464,16:55,Plein jour,81,81004,1,9,8,6.0,CASTRES,43.91044,2.1406,16:55:00,2024-12-20
202400021465,14:45,Plein jour,77,77447,2,9,1,3.0,CROIX FONTAINE (DES),48.56242,2.54875,14:45:00,2024-12-21
202400021466,18:40,Nuit sans éclairage,77,77243,2,9,1,4.0,D934,48.87515,2.72004,18:40:00,2024-12-17
202400021467,17:30,Crépuscule,69,69282,2,1,8,6.0,Avenue Lucien Buisson,45.76438,4.9998,17:30:00,2024-12-21
202400021468,20:18,,69,69290,2,1,2,6.0,Rue de la Cordière,45.69262,4.95544,20:18:00,2024-12-21
202400021469,16:15,Plein jour,68,68066,1,2,1,3.0,RD3,48.14033,7.45961,16:15:00,2024-12-21
202400021470,15:25,Plein jour,68,68066,2,1,1,6.0,CHAMP DE MARS (BLD DU),48.0761,7.35488,15:25:00,2024-12-20
202400021471,22:30,Nuit sans éclairage,66,66136,2,3,1,3.0,DALBIEZ (AVENUE VICTOR),42.6918,2.88689,22:30:00,2024-12-21
202400021472,17:30,,66,66136,2,1,1,3.0,MERCADER (BOULEVARD FELIX),42.69256,2.8919,17:30:00,2024-12-21
202400021473,03:30,Nuit sans éclairage,63,63300,1,1,2,6.0,RD 2009,45.89554633,3.14080238,03:30:00,2024-12-21
202400021474,20:00,,63,63300,2,2,2,3.0,Av Libération (D6) / rue du Général Chapsal,45.88694,3.11441,20:00:00,2024-12-21
202400021475,20:05,Nuit sans éclairage,63,63113,2,9,2,6.0,RABANESSE (RUE DE),45.76658,3.08656,20:05:00,2024-12-21
202400021476,18:00,,63,63113,2,9,1,3.0,HERMITAGE (RUE DE L'),45.76461,3.12715,18:00:00,2024-12-21
202400021477,16:25,Plein jour,62,62193,2,2,2,3.0,Boulevard Victor Hugo,50.94155,1.87499,16:25:00,2024-12-20
202400021478,08:15,Nuit sans éclairage,61,61006,2,6,2,2.0,D924,48.73229,-0.035717,08:15:00,2024-12-16
202400021479,06:00,,59,59155,2,1,8,1.0,FURNES - ROUTE,51.033014,2.398721,06:00:00,2024-12-21
202400021480,15:40,Plein jour,57,57227,2,1,2,5.0,CD31E,49.18974,6.88251,15:40:00,2024-12-15
202400021481,23:55,,54,54578,2,2,2,3.0,Boulevard des Aiguillettes,48.67442,6.15094,23:55:00,2024-12-22
202400021482,20:35,Nuit sans éclairage,54,54547,2,3,2,6.0,Rue Gabriel Péri,48.6653,6.17498,20:35:00,2024-12-21
202400021483,02:40,Nuit sans éclairage,51,51058,2,1,2,6.0,ESSIOS (RUE DES),49.21635,3.99118,02:40:00,2024-12-21
202400021484,00:50,,49,49007,2,1,2,6.0,FAURE QUAI,47.47005,-0.56255,00:50:00,2024-12-22
202400021485,13:15,Plein jour,45,45004,1,3,1,3.0,D943 PR 6 + 627,47.96222,2.7876,13:15:00,2024-12-21
202400021486,03:05,,35,35238,2,1,2,2.0,LIBERTE (BD DE LA),48.10825027,-1.68322831,03:05:00,2024-12-22
202400021487,14:55,Plein jour,35,35051,1,6,1,3.0,LONGCHAMPS (PORTE DES),48.14111,-1.62833,14:55:00,2024-12-21
202400021488,12:15,Plein jour,35,35238,1,1,1,5.0,RN136,48.10509,-1.71679,12:15:00,2024-12-21
202400021489,17:30,Crépuscule,33,33063,2,3,2,1.0,Unknown,44.84962935,-0.57523191,17:30:00,2024-12-20
202400021490,04:40,,31,31555,2,1,1,2.0,RTE D ALBI,43.63224631,1.46287277,04:40:00,2024-12-21
202400021491,21:50,,31,31555,2,1,1,3.0,RN124,43.6093322,1.35556161,21:50:00,2024-12-20
202400021492,21:55,,29,29232,2,3,2,6.0,Rue de Concarneau,47.9938,-4.0916,21:55:00,2024-12-20
202400021493,08:15,Nuit sans éclairage,29,29232,2,1,1,6.0,MORBIHAN AVENUE DU,47.97859167,-4.05556116,08:15:00,2024-12-20
202400021494,21:45,,28,28404,2,6,2,6.0,GARNAY (ROND POINT DE),48.71978,1.34847,21:45:00,2024-12-21
202400021495,12:39,Plein jour,27,27229,2,1,2,6.0,ORLEANS (RUE D'),49.00199,1.15326,12:39:00,2024-12-21
202400021496,22:15,,25,25056,2,1,8,6.0,DROZ   AVENUE EDOUARD,47.24246,6.0295,22:15:00,2024-12-20
202400021497,11:11,Plein jour,22,22360,2,2,2,3.0,GUILLOUX (AVENUE LOUIS),48.48795,-2.7315,11:11:00,2024-12-21
202400021498,08:00,,15,15014,2,1,2,6.0,Avenue de la République,44.92392,2.43732,08:00:00,2024-12-21
202400021499,01:19,,13,13205,2,2,1,3.0,BAILLE (BOULEVARD),43.28732,5.38908,01:19:00,2024-12-22
202400021500,06:00,Nuit sans éclairage,13,13063,1,6,1,7.0,RN 1569 LA TRANSHUMANCE,43.58821,4.98917,06:00:00,2024-12-21
202400021501,06:15,,13,13001,2,9,1,3.0,MOURET HENRI (AV),43.52035,5.43532,06:15:00,2024-12-21
202400021502,13:35,Plein jour,11,11069,2,1,2,6.0,Unknown,43.210359,2.353082,13:35:00,2024-12-21
202400021503,10:25,Plein jour,10,10333,2,6,8,3.0,Rue Charles Baltet,48.2821,4.0598,10:25:00,2024-12-21
202400021504,06:00,Nuit sans éclairage,08,08480,1,1,5,5.0,Unknown,49.73833395,4.77090839,06:00:00,2024-12-21
202400021505,22:50,Nuit sans éclairage,07,07102,1,1,1,7.0,Chemin des MULETS,44.9344,4.85832,22:50:00,2024-12-21
202400021506,18:45,,06,06088,1,1,1,4.0,Bretelle Entrée Cimiez - Mathis (Chaussée sud),43.70834,7.27034,18:45:00,2024-12-20
202400021507,14:25,Plein jour,05,05023,1,1,1,6.0,GAP (ROUTE DE   RN94),44.87503,6.61678,14:25:00,2024-12-20
202400021508,16:00,Plein jour,03,03185,2,9,1,6.0,PALME ( RUE OLOF ),46.3488,2.60141,16:00:00,2024-12-21
202400021509,01:55,,75,75116,2,1,1,5.0,BD PERIPHERIQUE INTERIEUR,48.8635,2.265922,01:55:00,2024-12-21
202400021510,03:46,,75,75115,2,2,1,3.0,RUE DE SEVRES,48.845287,2.311767,03:46:00,2024-12-20
202400021511,08:25,Crépuscule,75,75119,2,1,8,6.0,RUE PETIT,48.886199,2.390875,08:25:00,2024-12-21
202400021512,06:25,,75,75117,2,2,1,3.0,RUE DES MOINES,48.887762,2.318368,06:25:00,2024-12-21
202400021513,02:30,,75,75116,2,1,2,3.0,ALLEE DE LONGCHAMP,48.870133,2.258027,02:30:00,2024-12-21
202400021514,21:20,,75,75113,2,2,2,6.0,PORTE D IVRY,48.819729,2.372865,21:20:00,2024-12-21
202400021515,02:55,,75,75110,2,7,2,3.0,BOULEVARD DE STRASBOURG,48.876191,2.367855,02:55:00,2024-12-21
202400021516,20:30,,75,75103,2,3,1,3.0,RUE DES ARCHIVES,48.863311,2.360629,20:30:00,2024-12-21
202400021517,00:30,,75,75103,2,1,2,7.0,RUE SAINT MARTIN,48.865705,2.363673,00:30:00,2024-12-21
202400021518,00:15,,75,75104,2,1,2,6.0,QUAI DES CELESTINS,48.852407,2.360532,00:15:00,2024-12-19
202400021519,19:20,,94,94078,2,2,2,3.0,Rue Alexandre Dumas,48.740044,2.449729,19:20:00,2024-12-21
202400021520,06:40,,94,94041,2,1,2,6.0,Boulevard de Stalingrad,48.8039,2.37755,06:40:00,2024-12-21
202400021521,02:30,,94,94079,2,1,2,1.0,Route de Bry,48.82967,2.53905,02:30:00,2024-12-21
202400021522,06:05,,93,93072,2,2,1,7.0,MARCEL CACHIN (AVENUE) DES N°1 AU 17,48.95585,2.38294,06:05:00,2024-12-21
202400021523,06:00,,93,93077,2,2,8,3.0,RAINCY (AVENUE DU),48.8874782,2.50955057,06:00:00,2024-12-21
202400021524,15:40,Plein jour,93,93048,2,1,2,3.0,PARIS (RUE DE),48.85686394,2.42956924,15:40:00,2024-12-21
202400021525,12:30,Plein jour,93,93074,1,1,1,2.0,Route Nationale 3,48.93459,2.57978,12:30:00,2024-12-21
202400021526,13:40,Plein jour,93,93046,2,1,2,6.0,FIRMIN DIDOT AVENUE,48.9115,2.5219,13:40:00,2024-12-21
202400021527,07:20,Crépuscule,93,93031,2,1,8,6.0,SAINT LEU (ROUTE),48.94668,2.34556,07:20:00,2024-12-21
202400021528,20:15,,93,93014,2,6,2,3.0,Allée de la République / Allée de l'Indépendance,48.90246778,2.5418975,20:15:00,2024-12-21
202400021529,05:00,,93,93008,2,1,8,1.0,VAILLANT COUTURIER (AVENUE PAUL),48.90560063,2.46718168,05:00:00,2024-12-21
202400021530,17:05,,92,92020,2,2,2,1.0,PIERRELAIS RUE DES,48.79835,2.28751,17:05:00,2024-12-20
202400021531,18:10,,92,92071,2,1,2,6.0,COLBERT (BOULEVARD),48.7748578,2.29265571,18:10:00,2024-12-20
202400021532,01:30,,92,92012,2,1,2,6.0,POINT DU JOUR (QUAI DU),48.83367707,2.26080313,01:30:00,2024-12-21
202400021533,14:00,Plein jour,60,60669,1,1,1,1.0,D29,49.322776,2.49071,14:00:00,2024-12-20
202400021534,15:55,Plein jour,35,35128,1,3,1,2.0,Rue de Rennes,48.290296,-1.722525,15:55:00,2024-12-20
202400021535,09:24,Plein jour,94,94018,2,1,8,3.0,Rue de Paris,48.82718367,2.40487754,09:24:00,2024-04-16
202400021536,08:00,Nuit sans éclairage,35,35356,1,1,1,6.0,RD137,48.247576,-1.764287,08:00:00,2024-12-21
202400021537,11:00,Plein jour,94,94071,2,3,2,2.0,Rue du Général Leclerc / Rue Buffon,48.77647,2.51125,11:00:00,2024-04-16
202400021538,16:45,Nuit sans éclairage,67,67061,1,2,3,1.0,D517,48.836122,7.485573,16:45:00,2024-12-19
202400021539,19:52,Nuit sans éclairage,28,28161,1,1,2,6.0,Autoroute A11,48.240527,1.088199,19:52:00,2024-12-20
202400021540,16:40,Plein jour,93,93070,2,3,8,3.0,Avenue Michelet / Rue Eugène Berthoud,48.906558,2.344204,16:40:00,2024-04-16
202400021541,10:30,Plein jour,972,97220,1,1,1,6.0,N8,14.485238,-60.902662,10:30:00,2024-12-22
202400021542,21:45,Nuit sans éclairage,14,14061,1,1,1,6.0,Route du Pont de la Vallée (La Ferrière-Harang),48.969404,-0.870516,21:45:00,2024-12-19
202400021543,12:35,Plein jour,93,93070,2,2,2,3.0,Rue Blanqui / Rue Étienne Dolet,48.905951,2.33821,12:35:00,2024-04-16
202400021544,12:25,Plein jour,93,93066,2,1,3,6.0,Boulevard Félix Faure,48.938621,2.357411,12:25:00,2024-04-16
202400021545,04:45,Nuit sans éclairage,62,62397,1,1,6,6.0,D221,50.85864843,1.89428632,04:45:00,2024-12-22
202400021546,08:20,Plein jour,93,93027,2,3,2,6.0,Rue Danielle Casanova / Rue Pierre Curie,48.91918,2.38706,08:20:00,2024-04-16
202400021547,08:00,Crépuscule,38,38239,1,1,1,2.0,D1092,45.333225,5.557741,08:00:00,2024-12-21
202400021548,14:00,Plein jour,83,83049,1,6,1,2.0,Departemental 14,43.236168,6.103077,14:00:00,2024-12-21
202400021549,17:30,Plein jour,93,93062,2,6,1,3.0,Avenue Thiers / Rond - Point Thiers,48.89924,2.51767,17:30:00,2024-04-16
202400021550,07:20,Nuit sans éclairage,72,72287,2,1,2,6.0,Route du Plessis,47.880121,0.201971,07:20:00,2024-12-22
202400021551,16:45,Plein jour,93,93005,2,1,1,1.0,Rue Jules Princet,48.937454,2.499144,16:45:00,2024-04-16
202400021552,11:45,Plein jour,50,50393,1,1,8,6.0,Le Mesnil Coq,48.921294,-1.208786,11:45:00,2024-12-22
202400021553,08:30,Plein jour,92,92062,1,1,1,6.0,JAURES (RUE JEAN) DU 114 AU 2,48.88374099,2.24416584,08:30:00,2024-04-16
202400021554,15:20,Plein jour,51,51111,1,1,2,2.0,D224,49.18571333,3.82387902,15:20:00,2024-12-21
202400021555,19:08,Plein jour,92,92020,2,1,1,6.0,VANVES BOULEVARD N° IMPAIRS,48.80903,2.28345,19:08:00,2024-04-15
202400021556,04:40,Nuit sans éclairage,56,56094,1,1,2,6.0,Poulvernic,47.788771,-3.254431,04:40:00,2024-12-22
202400021557,10:00,Plein jour,92,92044,2,1,2,3.0,CHARLES PASQUA (QUAI) 58 A90,48.90168199,2.28575385,10:00:00,2024-04-16
202400021558,17:20,Nuit sans éclairage,67,67543,1,1,2,2.0,D392,48.502298,7.253436,17:20:00,2024-12-22
202400021559,12:51,Plein jour,92,92040,2,1,1,6.0,VERDUN (AVENUE DE) DU 83 AU 113 BIS,48.81956,2.25602,12:51:00,2024-04-16
202400021560,17:09,Nuit sans éclairage,67,67144,1,1,2,7.0,D57,48.418809,7.190176,17:09:00,2024-12-21
202400021561,08:55,Plein jour,92,92040,2,1,1,3.0,VICTOR HUGO,48.82663684,2.27530932,08:55:00,2024-04-16
202400021562,16:50,Plein jour,79,79172,1,1,1,1.0,Unknown,46.552943,-0.30899,16:50:00,2024-12-21
202400021563,00:05,,32,32160,1,6,2,7.0,Rond-point Le Choulon,43.602863,1.04707,00:05:00,2024-12-22
202400021564,15:30,Plein jour,92,92036,2,9,1,1.0,LOUIS ROCHE (AVENUE) (1/45),48.92703236,2.31432045,15:30:00,2024-04-14
202400021565,20:40,Nuit sans éclairage,63,63418,1,1,2,7.0,les boules,45.76074417,3.48328738,20:40:00,2024-12-21
202400021566,14:21,Plein jour,92,92023,2,1,2,2.0,GENERAL DE GAULLE (AV DU) N°440 A 544 ET,48.77979,2.23759,14:21:00,2024-04-16
202400021567,17:05,Nuit sans éclairage,61,61330,1,1,2,6.0,D926,48.704542,0.376882,17:05:00,2024-12-20
202400021568,18:53,Plein jour,92,92019,2,1,1,1.0,MALRAUX ANDRE (RUE),48.76795803,2.28617513,18:53:00,2024-04-16
202400021569,13:30,Plein jour,92,92012,2,1,1,3.0,YVES KERMEN (RUE) 51/FIN - 40/FIN,48.82862015,2.23829699,13:30:00,2024-04-16
202400021570,12:50,Plein jour,39,39017,2,2,8,3.0,14 Rue Honore Chapuis,46.760381,5.530783,12:50:00,2024-12-22
202400021571,07:55,Crépuscule,92,92004,2,1,2,3.0,ARGENTEUIL N° 176 A 388,48.91920671,2.28056163,07:55:00,2024-04-16
202400021572,15:15,Plein jour,44,44050,2,6,7,3.0,Rond Point du Calvaire,47.412411,-2.167295,15:15:00,2024-12-12
202400021573,23:35,,92,92009,2,9,1,5.0,EUROPE (AVENUE),48.90661166,2.26005131,23:35:00,2024-04-15
202400021574,05:05,Nuit sans éclairage,31,31546,1,1,1,6.0,D622,43.367402,1.673211,05:05:00,2024-12-21
202400021575,20:40,,92,92014,2,1,1,3.0,BIEVRE (RUE DE LA),48.78177,2.31751,20:40:00,2024-04-16
202400021576,19:30,Nuit sans éclairage,02,02503,1,1,2,1.0,D1029,49.85882,3.539287,19:30:00,2024-12-21
202400021577,17:15,Plein jour,01,01244,1,1,1,4.0,D1084,45.901963,5.199097,17:15:00,2024-04-12
202400021578,14:16,Plein jour,15,15073,1,1,2,6.0,Chemin non goudronné,44.911084,3.123337,14:16:00,2024-12-22
202400021579,18:05,Crépuscule,974,97422,2,3,1,2.0,Rue Georges Pompidou,-21.26598,55.524232,18:05:00,2024-04-16
202400021580,10:15,Plein jour,26,26143,1,1,2,6.0,route de la vallée,45.265433,5.07298,10:15:00,2024-12-22
202400021581,20:10,Nuit sans éclairage,26,26006,1,1,1,7.0,Route de livron,44.7659,4.895898,20:10:00,2024-12-21
202400021582,11:30,Plein jour,972,97201,2,1,2,1.0,N3,14.830844,-61.103967,11:30:00,2024-04-17
202400021583,00:15,Nuit sans éclairage,58,58281,2,2,2,6.0,Route de Champcelée D1,47.33306,3.091675,00:15:00,2024-12-22
202400021584,16:14,Plein jour,54,54151,1,1,2,6.0,D18,49.47361798,5.7356143,16:14:00,2024-04-15
202400021585,14:25,Plein jour,06,06074,1,1,1,6.0,Route du Val de Lantousca,43.952409,7.295383,14:25:00,2024-12-21
202400021586,16:35,Plein jour,07,07337,1,6,1,7.0,Route de Davezieux,45.244543,4.710238,16:35:00,2024-12-21
202400021587,19:55,Plein jour,51,51326,1,1,1,7.0,PK 12+700 - RD 21,49.11776187,4.35949145,19:55:00,2024-04-14
202400021588,17:30,Nuit sans éclairage,07,07172,1,1,1,7.0,Route de Bayard,45.27671,4.734721,17:30:00,2024-12-20
202400021589,10:30,Plein jour,40,40287,1,2,3,3.0,1771 Rue de l'Arieste,44.474298,-1.052547,10:30:00,2024-12-21
202400021590,17:50,Plein jour,83,83049,1,1,6,5.0,D43,43.256635,6.063214,17:50:00,2024-04-17
202400021591,16:40,Plein jour,40,40021,1,1,8,1.0,765 Route de Soustons,43.786015,-1.297842,16:40:00,2024-12-21
202400021592,15:15,Plein jour,50,50592,2,3,2,6.0,66 Rue Saint Pierre et Miquelon,48.972438,-1.059291,15:15:00,2024-04-16
202400021593,08:00,Nuit sans éclairage,85,85295,1,1,3,6.0,D753,46.9862,-1.20132,08:00:00,2024-12-22
202400021594,05:30,Nuit sans éclairage,79,79013,2,1,1,7.0,Unknown,46.979469,-0.469655,05:30:00,2024-04-17
202400021595,16:30,Plein jour,973,97307,1,1,1,5.0,N4,4.864821,-52.311369,16:30:00,2024-12-21
202400021596,07:00,Crépuscule,65,65316,1,1,2,1.0,D929,43.204722,0.462327,07:00:00,2024-04-17
202400021597,16:00,Plein jour,44,44028,1,1,8,6.0,Unknown,47.356894,-1.330247,16:00:00,2024-12-21
202400021598,23:15,Nuit sans éclairage,11,11255,1,1,1,6.0,Unknown,43.163839,2.910047,23:15:00,2024-04-16
202400021599,22:25,,89,89025,2,1,2,1.0,70 Route des Châtelaines,47.476973,3.90234,22:25:00,2024-04-16
202400021600,22:23,Nuit sans éclairage,34,34240,1,1,1,4.0,A709,43.651626,3.988659,22:23:00,2024-12-21
202400021601,09:45,Plein jour,01,01034,1,1,2,1.0,Rd 992,45.708777,5.676396,09:45:00,2024-04-17
202400021602,16:06,Plein jour,86,86082,1,1,1,7.0,D2,46.314355,0.218865,16:06:00,2024-04-16
202400021603,22:23,Nuit sans éclairage,34,34022,1,1,1,5.0,A709 PK 004+100,43.651789,3.988895,22:23:00,2024-12-21
202400021604,14:10,Plein jour,35,35009,1,2,1,3.0,D795,48.504992,-1.739928,14:10:00,2024-04-17
202400021605,20:30,Nuit sans éclairage,988,98828,1,1,8,6.0,Sarraméa,-21.66559,165.80865,20:30:00,2024-12-20
202400021606,13:55,Plein jour,38,38130,1,2,1,3.0,D519,45.346603,5.246648,13:55:00,2024-04-17
202400021607,16:30,Plein jour,38,38517,2,1,2,6.0,30 Avenue de la Gare,45.299224,5.485415,16:30:00,2024-04-17
202400021608,04:55,Nuit sans éclairage,77,77100,1,1,2,5.0,D605,48.490672,2.81692,04:55:00,2024-12-19
202400021609,14:20,Plein jour,78,78398,2,1,2,7.0,Rue du Moulin,48.757207,1.829886,14:20:00,2024-12-22
202400021610,14:15,Plein jour,58,58112,1,1,2,1.0,Lieu Dit le Pont d?Isy,46.976338,3.353292,14:15:00,2024-04-17
202400021611,16:48,Plein jour,50,50569,1,2,1,3.0,Unknown,49.051216,-1.325955,16:48:00,2024-04-17
202400021612,11:45,Plein jour,26,26124,1,1,1,2.0,A7 - PK 082.500,44.82613996,4.86023539,11:45:00,2024-12-21
202400021613,10:30,Plein jour,50,50215,2,1,1,6.0,Rue des Frères Lacolley,49.09684,-1.583764,10:30:00,2024-04-17
202400021614,18:00,Nuit sans éclairage,73,73054,1,1,4,1.0,D119 - Le chenal,45.600768,6.804786,18:00:00,2024-12-22
202400021615,13:20,Plein jour,09,09265,1,1,1,2.0,N20,43.087563,1.634902,13:20:00,2024-04-13
202400021616,18:50,Plein jour,60,60025,2,1,1,7.0,Rue de Tracy,49.415049,3.03668,18:50:00,2024-04-17
202400021617,18:40,Plein jour,60,60220,1,3,2,3.0,D109,49.420647,1.862333,18:40:00,2024-04-16
202400021618,16:30,Plein jour,27,27302,2,9,3,3.0,Route de Montfort,49.227892,0.839981,16:30:00,2024-03-26
202400021619,15:35,Plein jour,73,73150,1,1,1,5.0,N90,45.57993172,6.73637762,15:35:00,2024-12-21
202400021620,01:10,Nuit sans éclairage,01,01418,2,1,1,6.0,219 Route de Beynost,45.821506,5.017217,01:10:00,2024-12-22
202400021621,15:05,Plein jour,01,01185,1,1,4,6.0,D21,45.96874,5.580343,15:05:00,2024-12-22
202400021622,15:42,Plein jour,87,87017,1,1,1,1.0,route nationale 145,46.138341,1.097807,15:42:00,2024-04-16
202400021623,17:56,,69,69040,2,1,1,6.0,10 Avenue Général de Gaulle,45.802396,4.784546,17:56:00,2024-12-21
202400021624,15:06,Plein jour,30,30109,1,1,1,7.0,D981,44.066492,4.237714,15:06:00,2024-04-14
202400021625,12:00,Plein jour,81,81215,1,4,1,6.0,route départementale 14,43.78519,1.866057,12:00:00,2024-12-20
202400021626,09:00,Plein jour,67,67084,1,1,2,7.0,A35,48.310469,7.477124,09:00:00,2024-04-17
202400021627,02:20,Nuit avec éclairage,49,49194,2,1,2,7.0,zone artisanale du pre barreau,47.457475,-0.283992,02:20:00,2024-12-21
202400021628,14:30,Plein jour,06,06085,2,3,1,1.0,Avenue Notre-Dame de Vie,43.598242,7.002509,14:30:00,2024-04-12
202400021629,17:30,Plein jour,68,68297,1,1,2,2.0,A35 PK122.600,47.615002,7.517728,17:30:00,2024-04-17
202400021630,09:20,Plein jour,14,14258,2,2,1,6.0,6 Rue du Capitaine Greffet,48.895403,-0.198709,09:20:00,2024-11-25
202400021631,04:15,Nuit sans éclairage,14,14066,2,1,3,6.0,51 Rue du Maréchal Foch,49.33221541,-0.40911098,04:15:00,2024-12-22
202400021632,21:00,Nuit sans éclairage,51,51058,1,1,1,3.0,Autoroute A4 137+300,49.21485,3.99044,21:00:00,2024-04-13
202400021633,12:13,Plein jour,29,29058,2,1,1,2.0,Route de Quimper,47.90080952,-4.0226961,12:13:00,2024-12-21
202400021634,04:18,Nuit sans éclairage,51,51657,1,1,1,6.0,Autoroute A4 - PK 130+200,49.24442616,3.92620342,04:18:00,2024-04-14
202400021635,22:04,Nuit sans éclairage,76,76099,1,1,2,6.0,Route du Manoir,49.547942,0.854165,22:04:00,2024-12-21
202400021636,15:15,Plein jour,971,97111,1,1,1,1.0,"D18, Allée du coeur",16.321751,-61.775485,15:15:00,2024-04-15
202400021637,12:40,Plein jour,33,33234,1,2,1,3.0,Unknown,44.784403,-0.506601,12:40:00,2024-04-11
202400021638,16:30,Plein jour,13,13213,1,1,1,2.0,A507 sens Marseille - Aubagne,43.32738851,5.41904855,16:30:00,2024-12-20
202400021639,08:03,Plein jour,77,77173,2,1,1,7.0,Rue du Pont Vérard,49.035745,2.929216,08:03:00,2024-04-12
202400021640,09:24,Nuit avec éclairage,13,13100,2,1,1,6.0,Avenue Jean Moulin,43.788221,4.841006,09:24:00,2024-04-16
202400021641,04:20,Nuit sans éclairage,83,83090,1,1,6,2.0,A50,43.12565,5.87652,04:20:00,2024-12-20
202400021642,08:04,Plein jour,67,67300,2,1,1,3.0,Avenue de la Gare,48.539053,7.495755,08:04:00,2024-04-02
202400021643,12:00,Plein jour,01,01238,1,1,3,3.0,A46N   7.065 A 9.020,45.902254,4.812355,12:00:00,2024-12-07
202400021644,22:00,Nuit sans éclairage,33,33182,1,1,1,6.0,Unknown,45.073702,-0.632186,22:00:00,2024-04-16
202400021645,09:30,Plein jour,67,67043,1,1,1,4.0,M35,48.617362,7.726391,09:30:00,2024-12-17
202400021646,16:30,Plein jour,49,49194,1,2,1,3.0,lieu dit joncheron,47.44440121,-0.28693736,16:30:00,2024-04-16
202400021647,14:50,Plein jour,80,80383,1,1,1,3.0,D34,49.721122,2.76319,14:50:00,2024-04-17
202400021648,15:30,Plein jour,77,77251,1,1,2,2.0,AUTOROUTE A5A,48.62251414,2.54435624,15:30:00,2024-12-21
202400021649,00:10,Nuit sans éclairage,59,59035,2,2,1,3.0,Route de Sains,50.112928,3.945492,00:10:00,2024-04-17