Num_Acc,hrmn,lum,dep,com,agg,int,atm,col,adr,lat,long,heure,date
202400021650,19:19,Plein jour,59,59586,2,1,2,6.0,1 Rue de Lille,50.525722,3.164315,19:19:00,2024-04-16
202400021651,08:00,Nuit sans éclairage,91,91521,1,1,1,7.0,RN 449,48.6345,2.4059,08:00:00,2024-12-21
202400021652,01:30,Nuit sans éclairage,13,13211,1,1,1,7.0,A50-Sens Marseille vers Aubagne,43.28807985,5.44165529,01:30:00,2024-04-14
202400021653,21:35,Nuit sans éclairage,94,94003,1,1,2,2.0,A6B,48.79896363,2.34374287,21:35:00,2024-12-20
202400021654,21:05,Nuit sans éclairage,13,13026,1,1,1,2.0,A55-Sens Marseille vers Martigues,43.37402,5.18083,21:05:00,2024-04-16
202400021655,15:50,Crépuscule,78,78297,1,1,2,6.0,RN12,48.789194,2.069099,15:50:00,2024-12-21
202400021656,07:40,Plein jour,13,13005,1,1,1,2.0,A52-Sens Toulon vers Pont de l'Etoile,43.324,5.598,07:40:00,2024-04-16
202400021657,14:30,Plein jour,78,78297,1,1,2,4.0,RN12,48.791903,2.055369,14:30:00,2024-12-21
202400021658,08:45,Plein jour,83,83137,1,1,1,4.0,A57,43.12436614,5.96459381,08:45:00,2024-04-15
202400021659,06:00,,78,78238,1,1,1,2.0,A13,48.970644,1.886059,06:00:00,2024-12-21
202400021660,05:00,Nuit sans éclairage,92,92036,1,1,2,6.0,AUTOROUTE A15,48.94815749,2.28119607,05:00:00,2024-12-21
202400021661,09:36,Plein jour,33,33039,1,1,1,2.0,Unknown,44.79632,-0.53862,09:36:00,2024-04-16
202400021662,07:09,Crépuscule,33,33096,1,1,1,3.0,Unknown,44.89332,-0.49972,07:09:00,2024-04-16
202400021663,06:30,,93,93066,1,1,1,5.0,AUTOROUTE A1,48.90751824,2.35850551,06:30:00,2024-12-20
202400021664,17:10,Plein jour,33,33550,1,1,1,4.0,Unknown,44.77459,-0.55662,17:10:00,2024-04-15
202400021665,05:38,Nuit sans éclairage,95,95277,1,1,1,3.0,A3,48.96893169,2.47975723,05:38:00,2024-12-20
202400021666,18:00,Plein jour,62,62628,1,1,1,2.0, A21,50.43253869,2.85844849,18:00:00,2024-04-12
202400021667,22:15,Nuit sans éclairage,94,94071,2,3,2,2.0,Rue du Général Leclerc / Boulevard Louis Boon,48.777881,2.511676,22:15:00,2024-03-15
202400021668,21:35,Nuit sans éclairage,62,62907,1,1,3,6.0,A1,50.49573152,2.99954491,21:35:00,2024-04-08
202400021669,16:59,Plein jour,91,91377,1,1,1,2.0,AUTOROUTE A10,48.72766,2.30386,16:59:00,2024-04-16
202400021670,08:30,Plein jour,94,94034,1,1,1,2.0,A86,48.75619818,2.33320381,08:30:00,2024-04-16
202400021671,21:35,,987,98735,2,2,1,1.0,CLEMENCEAU (RUE),-17.53514,-149.55554,21:35:00,2024-12-19
202400021672,23:51,Nuit sans éclairage,91,91553,1,1,2,2.0,RN 104,48.63133,2.49056,23:51:00,2024-04-15
202400021673,15:40,Plein jour,974,97407,2,1,1,2.0,EMMAEUS D'EXPORT - RIV. DES GALETS,-20.95908,55.31606,15:40:00,2024-12-06
202400021674,18:30,Plein jour,92,92050,1,1,2,2.0,A86,48.90439707,2.20786035,18:30:00,2024-04-16
202400021675,19:40,Nuit avec éclairage,973,97302,2,1,1,3.0,FELIX EBOUE(ROCADE),4.93089,-52.31322,19:40:00,2024-12-20
202400021676,09:20,Plein jour,78,78158,1,1,2,2.0,A13,48.834888,2.131879,09:20:00,2024-04-16
202400021677,08:15,Plein jour,973,97302,2,3,2,3.0,MADELEINE (ROUTE DE LA),4.91675,-52.32149,08:15:00,2024-12-20
202400021678,17:35,Plein jour,92,92050,1,9,2,3.0,A86,48.90887046,2.21442681,17:35:00,2024-04-15
202400021679,13:40,Plein jour,13,13203,2,1,1,7.0,GIBBES (TRAVERSE),43.31803877,5.37817115,13:40:00,2024-01-27
202400021680,14:52,Plein jour,69,69387,2,1,8,6.0,27 Rue des Girondins,45.73921498,4.82895331,14:52:00,2024-12-09
202400021681,08:30,Plein jour,92,92023,1,1,1,3.0,RN385,48.7767173,2.23193664,08:30:00,2024-04-15
202400021682,10:15,Plein jour,13,13208,2,1,1,1.0,JOSEPH VIDAL (PLACE),43.24363221,5.37037985,10:15:00,2024-01-27
202400021683,07:50,Crépuscule,69,69387,2,8,1,1.0,Rue Challemel Lacour,45.7294,4.8451,07:50:00,2024-12-20
202400021684,19:40,Plein jour,93,93066,1,1,8,3.0,A1,48.91936344,2.35754643,19:40:00,2024-04-16
202400021685,02:20,,972,97209,1,1,2,6.0,ROCADE (RUE DE LA),14.61205,-61.07766,02:20:00,2024-12-20
202400021686,20:20,,13,13005,2,1,1,3.0,RN 8,43.28537,5.55401,20:20:00,2024-01-27
202400021687,17:50,Plein jour,93,93007,1,1,2,4.0,A3,48.93333787,2.48068994,17:50:00,2024-04-15
202400021688,08:15,Plein jour,69,69202,2,3,8,3.0,103 Rue Commandant Charcot,45.74647286,4.78835091,08:15:00,2024-12-20
202400021689,05:55,Nuit sans éclairage,12,12145,1,1,5,1.0,CAVALERIE (COTE DE LA ),44.089022,3.101505,05:55:00,2024-01-27
202400021690,01:22,Nuit avec éclairage,971,97101,1,1,1,7.0,ROUTE DE BOULIQUI,16.25812,-61.45354,01:22:00,2024-12-20
202400021691,15:30,Plein jour,93,93066,1,1,1,2.0,A1,48.91030991,2.35797606,15:30:00,2024-04-15
202400021692,17:30,Plein jour,93,93010,2,2,1,1.0,GUESDES (RUE JULES),48.90324283,2.48009205,17:30:00,2024-09-06
202400021693,18:32,Crépuscule,01,01031,1,1,8,7.0,RD 984 D,46.23343,5.63227,18:32:00,2024-01-27
202400021694,19:15,,971,97113,1,1,1,3.0,BAS DU FORT,16.21946,-61.51692,19:15:00,2024-12-19
202400021695,11:50,Plein jour,92,92036,1,1,1,2.0,AUTOROUTE A15,48.94355783,2.28738079,11:50:00,2024-04-15
202400021696,13:40,Plein jour,75,75116,2,3,2,7.0,AVENUE MARCEAU,48.872321,2.296358,13:40:00,2024-01-23
202400021697,23:30,,2A,2A004,2,1,1,7.0,21 Résidence les Coteaux de Timizzolo,41.929922,8.781028,23:30:00,2024-12-20
202400021698,23:10,,93,93005,2,1,1,3.0,JEAN CHARCOT [CD115] (RUE),48.93391847,2.49096394,23:10:00,2024-09-06
202400021699,12:05,Plein jour,94,94028,1,1,2,3.0,A86,48.79162094,2.44097743,12:05:00,2024-04-16
202400021700,19:40,,75,75113,2,1,1,6.0,RUE DE DOMREMY,48.830013,2.372372,19:40:00,2024-01-27
202400021701,21:30,,95,95268,2,6,2,3.0,D84,48.96125,2.40184,21:30:00,2024-12-20
202400021702,08:45,Plein jour,92,92049,2,1,1,3.0,JAURES AVENUE JEAN N°53 A FIN,48.81151597,2.30324543,08:45:00,2024-09-06
202400021703,16:55,Plein jour,75,75111,2,3,1,2.0,BOULEVARD VOLTAIRE,48.861013,2.374827,16:55:00,2024-01-26
202400021704,10:20,Plein jour,75,75112,1,1,2,3.0,A4,48.81772509,2.45560527,10:20:00,2024-04-16
202400021705,16:34,Plein jour,87,87085,2,1,2,2.0,BAUDIN ( AVENUE) (VC),45.8169,1.25153,16:34:00,2024-12-19
202400021706,18:30,Plein jour,94,94065,1,1,1,3.0,N186,48.75450603,2.34891348,18:30:00,2024-04-15
202400021707,06:10,,75,75108,2,3,1,1.0,AVENUE DE MARIGNY,48.867807,2.313899,06:10:00,2024-01-27
202400021708,08:50,Plein jour,92,92020,2,3,1,1.0,VEDRINES RUE JULES,48.80994038,2.28255665,08:50:00,2024-09-06
202400021709,20:10,Nuit sans éclairage,84,84007,2,1,1,3.0,MADAME DE SÉVIGNÉ (RUE),43.92955,4.829,20:10:00,2024-12-16
202400021710,09:40,Plein jour,74,74012,2,1,1,6.0,FLORISSANT (AVENUE),46.19739,6.23965,09:40:00,2024-02-15
202400021711,22:10,Nuit avec éclairage,75,75107,2,3,1,7.0,QUAI BRANLY,48.857458,2.291154,22:10:00,2024-01-27
202400021712,16:30,Plein jour,92,92036,2,1,1,6.0,13 Rue Auguste Renoir,48.930159,2.286545,16:30:00,2024-09-06
202400021713,13:40,Plein jour,74,74010,2,1,1,1.0,MARQUISATS (AVENUE DES),45.889,6.144,13:40:00,2024-02-03
202400021714,21:35,Nuit sans éclairage,84,84007,2,6,1,3.0,FONCOUVERTE (AVENUE DE),43.93997,4.83686,21:35:00,2024-12-20
202400021715,15:40,Plein jour,75,75104,2,2,1,7.0,RUE DU RENARD,48.85836,2.351926,15:40:00,2024-01-27
202400021716,12:20,Plein jour,59,59646,2,1,1,6.0,Place de la République,50.6696,3.12964,12:20:00,2024-02-15
202400021717,12:20,Plein jour,92,92026,2,2,7,2.0,PRÉSIDENT PAUL DOUMER (QUAI DU),48.89013494,2.25625969,12:20:00,2024-09-06
202400021718,16:30,Plein jour,83,83137,2,3,6,6.0,FONTAN (AVE DU DOCTEUR),43.13122,5.91945,16:30:00,2024-12-20
202400021719,13:17,Plein jour,75,75104,2,3,1,5.0,BOULEVARD BOURDON,48.851653,2.36766,13:17:00,2024-01-26
202400021720,20:15,Crépuscule,92,92025,2,1,1,6.0,VALMY (BD DE),48.93089304,2.2551973,20:15:00,2024-09-06
202400021721,18:40,,59,59574,2,2,1,3.0,DRAGUIGNAN(RUE DE),50.3714,3.26502,18:40:00,2024-02-15
202400021722,07:30,,83,83137,2,1,6,6.0,PICOT (AVE DU COLONEL),43.12716,5.96213,07:30:00,2024-12-20
202400021723,08:40,Crépuscule,75,75101,2,1,1,3.0,AVENUE GENERAL LEMONNIER,48.862135,2.331003,08:40:00,2024-01-25
202400021724,20:50,Nuit sans éclairage,92,92025,2,1,1,6.0,SOLFERINO (RUE   AV),48.9313139,2.26472729,20:50:00,2024-09-05
202400021725,17:07,Plein jour,27,27229,2,6,1,6.0,FAUVILLE (RUE DE),49.02843,1.18494,17:07:00,2024-02-15
202400021726,23:00,,94,94068,2,1,1,6.0,Rue Garibaldi,48.79963,2.47785,23:00:00,2024-01-26
202400021727,15:45,Plein jour,80,80021,1,1,1,2.0,Rue de Saveuse,49.9026,2.24127,15:45:00,2024-12-19
202400021728,10:45,Plein jour,92,92014,2,9,1,6.0,MARECHAL JOFFRE (BD DU) (1 A 41 - 2 A 56,48.78274,2.31477,10:45:00,2024-09-06
202400021729,10:15,Plein jour,976,97611,2,1,1,3.0,kaweni-Kaweni nord ( Z I ),-12.76682,45.22478,10:15:00,2024-04-15
202400021730,02:30,Nuit sans éclairage,28,28012,1,1,2,6.0,RD 126,48.11352,1.115906,02:30:00,2024-09-07
202400021731,11:20,Plein jour,94,94046,2,2,1,3.0,Avenue de la République / Rue Michelet,48.81005,2.4556,11:20:00,2024-01-27
202400021732,13:10,Plein jour,78,78517,1,9,8,3.0,D 151,48.65912,1.83474,13:10:00,2024-12-20
202400021733,16:45,Plein jour,976,97611,2,1,1,1.0,mgombani-Mahabou (rue de ),45.23507,12.78223,16:45:00,2024-04-11
202400021734,07:35,Nuit sans éclairage,77,77121,1,1,1,6.0,D471,48.82324,2.68419,07:35:00,2024-12-20
202400021735,06:10,,94,94017,2,1,1,2.0,Rue Georges Dimitrov,48.813028,2.509929,06:10:00,2024-01-27
202400021736,12:17,Plein jour,14,14712,1,1,1,3.0,Route de Rouen ,49.179284,-0.197998,12:17:00,2024-09-07
202400021737,12:15,Plein jour,974,97411,2,1,1,7.0,ETUDIANTS (ALLEE DES),-20.89072,55.46881,12:15:00,2024-04-15
202400021738,13:56,Plein jour,77,77284,2,9,1,3.0,D360,48.94838263,2.87992,13:56:00,2024-12-20
202400021739,14:45,Plein jour,59,59335,2,1,1,7.0,Rue des Fèves,50.463371,3.415192,14:45:00,2024-09-07
202400021740,18:42,,973,97302,1,6,1,7.0,CRIQUE FOUILLEE (ROND POINT),4.89703706,-52.32845217,18:42:00,2024-04-15
202400021741,22:19,,93,93005,2,6,1,3.0,Carrefour des Droits de l'Homme / Rue Charles de Gaulle,48.930222,2.48173,22:19:00,2024-01-26
202400021742,05:01,,973,97302,2,1,1,6.0,BADUEL (ROUTE DE),4.929,-52.29522,05:01:00,2024-04-15
202400021743,07:35,,72,72181,2,6,8,3.0,BOLLEE (AV) N° PAIRS 224 ET >,47.99732,0.22311,07:35:00,2024-12-20
202400021744,20:00,,93,93066,2,3,1,3.0,Rue du Landy / Rue de Tunis,48.914043,2.345367,20:00:00,2024-01-09
202400021745,07:40,Crépuscule,60,60374,1,2,1,3.0,D929,49.561318,2.487229,07:40:00,2024-09-07
202400021746,13:10,Plein jour,69,69381,2,1,1,1.0,51 Rue du Bon Pasteur,45.77275,4.83159,13:10:00,2024-04-15
202400021747,15:10,Plein jour,93,93050,2,3,1,7.0,Avenue Jean Stéphan / Avenue Jean Jaurès,48.86509353,2.55529225,15:10:00,2024-01-27
202400021748,11:43,Plein jour,60,60539,2,1,1,7.0,Rue Jean Carette,49.29828,2.519238,11:43:00,2024-08-27
202400021749,13:12,Plein jour,72,72181,2,6,8,3.0,MOULIN JEAN (BD) N° IMP,47.97842,0.21304,13:12:00,2024-12-19
202400021750,14:00,Plein jour,971,97101,2,4,1,3.0,ACHILLE RENE BOISNEUF (RUE),16.27060514,-61.50548011,14:00:00,2024-04-15
202400021751,13:15,Plein jour,93,93031,2,3,1,6.0,Route d'Argenteuil / Rue de Marseille,48.96089418,2.29341343,13:15:00,2024-01-27
202400021752,15:30,Plein jour,39,39389,1,1,1,2.0,Unknown,46.716852,5.891962,15:30:00,2024-09-07
202400021753,13:40,Plein jour,69,69256,2,2,1,3.0,Rue de l'Egalité,45.78077,4.9234,13:40:00,2024-12-20
202400021754,11:40,Plein jour,93,93031,2,1,1,6.0,Rue Alfred de Musset,48.96049,2.30159,11:40:00,2024-01-27
202400021755,08:30,Plein jour,971,97101,1,1,2,3.0,DUGAZON,16.24873,-61.51735,08:30:00,2024-04-15
202400021756,00:50,Nuit sans éclairage,971,97113,1,1,9,7.0,BAS DU FORT,16.22128,-61.52186,00:50:00,2024-04-15
202400021757,18:50,Plein jour,42,42187,2,1,1,2.0,100 Rue Eugène Bichon,46.020472,4.05202,18:50:00,2024-09-06
202400021758,21:30,,69,69290,2,2,1,3.0,Rue Henri Maréchal,45.69430442,4.94116535,21:30:00,2024-12-20
202400021759,00:15,Nuit sans éclairage,971,97113,1,1,2,1.0,BAS DU FORT,16.21825,-61.5175,00:15:00,2024-04-14
202400021760,11:05,Plein jour,69,69096,2,1,1,6.0,Avenue Jacques Chirac,45.60640385,4.77218017,11:05:00,2024-12-20
202400021761,13:30,Plein jour,971,97105,2,1,1,6.0,BD GERTY ARCHIMEDE,15.99072,-61.72819,13:30:00,2024-03-22
202400021762,11:15,Plein jour,93,93057,2,2,1,6.0,Avenue Jean Jaurès / Allée Pierre Brossolette,48.904254,2.5047,11:15:00,2024-01-26
202400021763,11:00,Plein jour,31,31454,2,1,8,1.0,151 rue du fer à cheval,43.413008,1.112592,11:00:00,2024-09-07
202400021764,12:15,Plein jour,91,91345,2,1,1,6.0,RUE PDT FRANCOIS MITTERRAND,48.69364,2.2933,12:15:00,2024-04-15
202400021765,18:40,,67,67447,2,3,1,3.0,DEUXIEME DIVISION BLINDEE (AVENUE DE LA),48.61019502,7.73069233,18:40:00,2024-12-20
202400021766,13:45,Plein jour,92,92073,2,1,1,3.0,ROOSVELT (AVENUE FRANKLIN),48.87536,2.21909,13:45:00,2024-01-27
202400021767,17:00,Plein jour,77,77401,1,9,1,6.0,A4,49.010212,3.146156,17:00:00,2024-09-06
202400021768,18:40,Plein jour,91,91687,2,6,1,6.0,LUNAIN (RUE DU),48.66088,2.3754,18:40:00,2024-04-15
202400021769,14:00,Plein jour,64,64024,2,3,1,7.0,MOULIN BARBOT (RUE DU),43.50072,-1.53241,14:00:00,2024-12-20
202400021770,11:12,Plein jour,92,92022,2,1,1,3.0,PAVE DES GARDES (RUE DU),48.80722,2.18749,11:12:00,2024-01-27
202400021771,04:10,Nuit sans éclairage,44,44198,1,1,8,1.0,Unknown,47.13433,-1.515791,04:10:00,2024-09-07
202400021772,17:25,Plein jour,91,91223,2,2,3,3.0,VICTOIRE (ALLEE DE LA),48.43609,2.16541,17:25:00,2024-04-15
202400021773,08:45,Plein jour,62,62548,1,3,1,3.0,D247,50.93675,1.94067,08:45:00,2024-12-20
202400021774,16:43,Plein jour,10,10003,2,9,1,1.0,Rue Joseph Anglade,48.218629,3.737084,16:43:00,2024-09-07
202400021775,17:30,Plein jour,92,92049,2,3,1,3.0,BRIAND AVENUE ARISTIDE N°1 A 129,48.81751669,2.32544553,17:30:00,2024-01-26
202400021776,15:28,Plein jour,90,90010,2,1,1,1.0,DE GAULLE (PONT DU GENERAL),47.62859,6.86376,15:28:00,2024-04-15
202400021777,14:20,Plein jour,59,59508,2,1,1,6.0,HALLUIN (BOULEVARD D'),50.744864,3.132153,14:20:00,2024-12-20
202400021778,15:05,Plein jour,92,92026,2,2,1,6.0,RÉPUBLIQUE ( DE 82 A FIN ),48.90309203,2.25606161,15:05:00,2024-01-27
202400021779,17:30,Plein jour,83,83086,1,1,1,2.0,D125,43.458329,6.557572,17:30:00,2024-09-05
202400021780,13:20,Plein jour,86,86194,2,1,1,3.0,MAILLOCHON (RUE DE),46.583779,0.332277,13:20:00,2024-04-14
202400021781,19:05,,59,59350,2,1,2,1.0,Avenue Oscar Lambret,50.61308538,3.03646282,19:05:00,2024-12-20
202400021782,12:10,Plein jour,80,80001,2,1,1,3.0,Rue Basse de la Bouvaque,50.116919,1.849986,12:10:00,2024-04-12
202400021783,18:20,,92,92024,2,2,1,3.0,GENERAL LECLERC (BD DU) (9 A 59)   (4 A,48.90132895,2.31525019,18:20:00,2024-01-26
202400021784,21:30,,974,97402,2,2,1,3.0,Rue Eugène Dayot,-20.99668166,55.6799655,21:30:00,2024-02-27
202400021785,18:40,,56,56121,2,6,2,3.0,Place de Kernitra,47.762,-3.39617,18:40:00,2024-12-20
202400021786,23:55,,92,92007,2,1,1,7.0,FROIDE (RUE),48.79730337,2.30131602,23:55:00,2024-01-26
202400021787,12:20,Plein jour,77,77438,1,1,1,2.0,D934,48.86684,2.67556,12:20:00,2024-04-15
202400021788,02:10,Nuit sans éclairage,72,72124,1,1,1,7.0,La libaudiere - D338,47.80740806,0.31390601,02:10:00,2024-09-07
202400021789,09:40,Plein jour,92,92002,2,3,1,3.0,RAYMON ARON (AVENUE),48.76434868,2.3093808,09:40:00,2024-01-27
202400021790,18:35,,56,56121,2,2,2,3.0,Rue de Kerjulaude,47.74375,-3.38126,18:35:00,2024-12-19
202400021791,19:10,Plein jour,76,76351,2,3,1,2.0,GUILLAUME LE TESTU (QUAI),49.48978,0.10992,19:10:00,2024-04-14
202400021792,01:00,Nuit sans éclairage,47,47132,1,1,5,6.0,Route de Lauzun,44.652578,0.525531,01:00:00,2024-01-28
202400021793,12:30,Plein jour,56,56083,2,1,7,2.0,Avenue Salvador Allende,47.80433,-3.26245,12:30:00,2024-12-19
202400021794,10:30,Plein jour,14,14713,2,1,1,6.0,route de caen,49.055062,-0.47459,10:30:00,2024-01-28
202400021795,00:05,,76,76305,1,3,1,3.0,CAMP DOLENT (AVENUE),49.50713,0.21981,00:05:00,2024-04-13
202400021796,13:25,Plein jour,50,50487,1,1,1,4.0,A84 PK152+700,48.537181,-1.341019,13:25:00,2024-09-07
202400021797,18:00,Crépuscule,62,62150,1,1,1,6.0,D939,50.413577,1.807745,18:00:00,2024-01-27
202400021798,17:28,Plein jour,76,76351,2,1,1,7.0,CHRISTOPHE COLOMB (AVENUE),49.47932,0.1473,17:28:00,2024-04-12
202400021799,13:45,Plein jour,54,54395,2,3,1,3.0,Rue des Quatre Eglises,48.68747333,6.18349493,13:45:00,2024-12-20
202400021800,10:35,Plein jour,95,95205,2,1,1,6.0,PRE CURE (RUE DU),49.02127809,2.37494051,10:35:00,2024-01-27
202400021801,19:25,,54,54526,2,2,2,6.0,RM 674,48.68146328,6.21580347,19:25:00,2024-12-19
202400021802,08:33,Plein jour,17,17425,1,1,1,7.0,D730,45.606502,-0.946283,08:33:00,2024-01-28
202400021803,17:10,Plein jour,2B,2B143,1,1,1,6.0,Rt 10,42.156914,9.514761,17:10:00,2024-09-07
202400021804,04:30,Nuit sans éclairage,73,73065,2,4,1,6.0,Quai du 11 novembre,45.56757412,5.93751222,04:30:00,2024-04-15
202400021805,15:15,Plein jour,2B,2B074,1,1,1,6.0,T20,42.26016,9.171309,15:15:00,2024-09-06
202400021806,22:43,,54,54367,2,1,1,1.0,Rue de la Piscine,49.50147312,5.77443659,22:43:00,2024-12-20
202400021807,16:15,Plein jour,71,71486,2,3,1,3.0,GUY MOCQUET (RUE),46.64860147,4.35818732,16:15:00,2024-04-15
202400021808,17:10,Plein jour,36,36244,1,2,1,6.0,Les Mardelles,47.1699112,1.45359099,17:10:00,2024-01-28
202400021809,12:30,Plein jour,82,82110,1,1,7,6.0,Route de Lafrançaise,44.143685,1.411357,12:30:00,2024-09-06
202400021810,08:38,Plein jour,51,51454,2,1,1,6.0,VAILLANT COUTURIER (RUE PAUL) N°199 ET N,49.2777,4.0106,08:38:00,2024-12-20
202400021811,00:30,,84,84044,2,1,1,6.0,D13 - route de malaucène,44.216324,5.13157,00:30:00,2024-01-28
202400021812,13:50,Plein jour,71,71486,2,1,1,1.0,PUITS (RUE DES),46.649984,4.3288,13:50:00,2024-04-15
202400021813,05:18,Nuit sans éclairage,10,10240,1,1,9,7.0,D660,48.276892,3.901,05:18:00,2024-01-28
202400021814,08:38,Plein jour,51,51454,2,2,1,2.0,LAON (AVENUE) DU N° 219 AU 341 ET N° 248,49.27009,4.02211,08:38:00,2024-12-20
202400021815,19:00,Plein jour,65,65072,2,1,1,7.0, Route de Bordeaux,43.286632,0.069347,19:00:00,2024-08-29
202400021816,09:00,Plein jour,71,71497,2,2,1,6.0,SENNECE (ROUTE DE),46.34089,4.82812,09:00:00,2024-04-13
202400021817,09:20,Plein jour,972,97204,1,1,1,1.0,N2,14.714393,-61.183698,09:20:00,2024-01-28
202400021818,15:00,Plein jour,71,71428,1,1,1,7.0,Grand Route du Botoret,46.198889,4.304699,15:00:00,2024-09-07
202400021819,18:10,,51,51454,2,2,1,6.0,HERDUIN (RUE DU LIEUTENANT),49.25021,4.0388,18:10:00,2024-12-19
202400021820,16:40,Plein jour,46,46148,2,1,1,6.0,D10,44.33631,1.548064,16:40:00,2024-01-27
202400021821,18:54,Plein jour,69,69286,2,9,1,2.0,Avenue de l'Hippodrome,45.81675263,4.88895135,18:54:00,2024-04-15
202400021822,17:10,Plein jour,89,89093,1,3,1,3.0,D606,48.32863,3.113168,17:10:00,2024-09-06
202400021823,13:55,Plein jour,974,97414,2,2,1,3.0,190 Rue Saint Jean XXIII,-21.276388,55.415742,13:55:00,2024-01-28
202400021824,11:15,Plein jour,69,69092,2,1,1,3.0,Route de Tarare,45.98718621,4.70708565,11:15:00,2024-04-15
202400021825,20:25,,50,50129,2,2,3,2.0,LAGRANGE (RUE LEO),49.63929,-1.58348,20:25:00,2024-12-18
202400021826,16:55,Plein jour,89,89081,1,3,1,3.0,D91,47.84482,3.77651,16:55:00,2024-09-06
202400021827,14:30,Plein jour,23,23075,1,1,1,6.0,D44,46.318177,1.66916,14:30:00,2024-01-27
202400021828,12:00,Plein jour,69,69290,2,2,1,3.0,Rue Edmond Rostand,45.69433,4.94121,12:00:00,2024-04-15
202400021829,10:50,Plein jour,63,63232,2,1,2,7.0,Rue des Renodents,46.007131,3.408546,10:50:00,2024-09-07
202400021830,22:45,Nuit avec éclairage,49,49007,2,1,1,3.0,BASSE CHAINE PONT,47.47003,-0.56253,22:45:00,2024-12-20
202400021831,12:00,Plein jour,79,79320,1,2,1,3.0,D168,46.467291,-0.459543,12:00:00,2024-01-28
202400021832,13:40,Plein jour,69,69091,2,1,1,3.0,Rue de la Paix,45.58525,4.75129,13:40:00,2024-04-15
202400021833,20:00,Nuit sans éclairage,63,63199,1,1,1,6.0,D28,45.616029,3.101783,20:00:00,2024-01-27
202400021834,13:20,Plein jour,68,68266,1,3,1,7.0,route departementale 50,47.885334,7.40677,13:20:00,2024-09-07
202400021835,08:10,Crépuscule,47,47001,2,2,1,5.0,DE GAULLE (AV. DU GENERAL),44.20601984,0.61163324,08:10:00,2024-12-20
202400021836,10:20,Plein jour,67,67482,2,1,1,6.0,PAUL ELUARD (RUE),48.58752,7.69937,10:20:00,2024-04-14
202400021837,07:20,Nuit avec éclairage,61,61091,1,1,9,6.0,D208,48.630302,-0.515234,07:20:00,2024-01-27
202400021838,17:00,Plein jour,68,68338,1,2,7,3.0,Route des Trois Epis,48.083813,7.258358,17:00:00,2024-09-06
202400021839,16:31,Plein jour,63,63113,2,1,1,6.0,COTE BLATIN (BD),45.76848338,3.08961511,16:31:00,2024-04-15
202400021840,13:55,Plein jour,45,45234,2,2,1,3.0,2 Avenue des Droits de l'Homme,47.9118,1.92314,13:55:00,2024-12-20
202400021841,03:25,Nuit sans éclairage,49,49200,1,1,1,7.0,D775,47.544844,-0.654352,03:25:00,2024-01-28
202400021842,10:01,Plein jour,63,63164,2,1,1,7.0,PIBOUT (PL DU),45.82507858,3.14156145,10:01:00,2024-04-14
202400021843,12:28,Plein jour,22,22055,2,1,1,6.0,Boulevard du Général Leclerc,48.599331,-2.825922,12:28:00,2024-09-06
202400021844,17:20,,39,39362,2,1,1,6.0,Rue du 19 mars 1962,46.67402,5.539242,17:20:00,2024-12-10
202400021845,12:05,Plein jour,49,49125,1,3,1,3.0,D178,47.214744,-0.372698,12:05:00,2024-01-28
202400021846,19:50,Plein jour,62,62035,2,1,1,3.0,D181E4,50.5292,2.59593,19:50:00,2024-04-14
202400021847,01:38,Nuit sans éclairage,37,37122,1,1,2,6.0,RD 127 ,47.30891,0.68249,01:38:00,2024-12-21
202400021848,15:08,Plein jour,25,25320,1,1,1,2.0,D9,46.780974,6.296362,15:08:00,2024-09-07
202400021849,10:05,Plein jour,34,34108,1,1,1,2.0,RD 600,43.43612,3.71817,10:05:00,2024-12-20
202400021850,18:00,Nuit sans éclairage,68,68374,2,1,1,2.0,D417,48.065124,7.246087,18:00:00,2024-01-27
202400021851,12:15,Plein jour,25,25282,1,2,1,2.0,N57,46.979777,6.337706,12:15:00,2024-09-07
202400021852,08:45,Plein jour,59,59009,2,1,1,3.0,DE VIGNY ALFRED RUE,50.654952,3.14611,08:45:00,2024-04-15
202400021853,13:55,Plein jour,34,34172,2,9,1,3.0,LIBERTE (AVENUE DE LA,43.60874,3.84984,13:55:00,2024-12-20
202400021854,18:25,Nuit sans éclairage,22,22025,1,1,1,6.0,Lieu Dit le Crenvez,48.395502,-3.418797,18:25:00,2024-01-26
202400021855,16:05,Plein jour,59,59170,2,1,1,6.0,JAURES (PLACE JEAN),50.35331,3.12635,16:05:00,2024-04-14
202400021856,11:00,Plein jour,33,33119,2,6,1,6.0,Unknown,44.86299,-0.51417,11:00:00,2024-12-20
202400021857,19:22,Plein jour,56,56098,2,1,1,7.0,LE BOUHART (RUE  PIERRE ),47.772937,-3.35028,19:22:00,2024-04-14
202400021858,08:30,Plein jour,29,29061,1,6,2,3.0,rond point du dorguen,48.44993298,-4.4719997,08:30:00,2024-09-07
202400021859,15:15,Plein jour,51,51454,2,1,2,7.0,JACQUART (RUE) DU N° 1 AU N° 75 (IMPAIR),49.26397,4.0401,15:15:00,2024-04-15
202400021860,06:35,Nuit sans éclairage,33,33063,1,1,5,6.0,Unknown,44.87765,-0.56363,06:35:00,2024-12-20
202400021861,18:06,Plein jour,51,51454,2,1,1,7.0,ESCAUT (RUE),49.247617,4.067724,18:06:00,2024-04-13