Num_Acc,hrmn,lum,dep,com,agg,int,atm,col,adr,lat,long,heure,date
202400021862,10:50,Plein jour,31,31555,2,1,1,6.0,BD LAZARE CARNOT,43.60045,1.45217,10:50:00,2024-12-20
202400021863,15:15,Plein jour,58,58309,1,1,8,7.0,41 route du puits,46.909536,4.00136,15:15:00,2024-09-07
202400021864,19:40,Nuit sans éclairage,25,25036,1,1,1,5.0,N83,47.18999,5.966392,19:40:00,2024-01-27
202400021865,07:40,Crépuscule,50,50129,2,3,1,3.0,CACHIN (RUE DE L'INGENIEUR),49.63929,-1.6129,07:40:00,2024-04-12
202400021866,14:15,Plein jour,58,58151,1,1,2,2.0,Rue Clémence Bonde,46.899697,3.466883,14:15:00,2024-09-07
202400021867,18:50,,29,29019,2,3,3,3.0,boulevard de Plymouth,48.386518,-4.527987,18:50:00,2024-12-20
202400021868,18:55,Nuit sans éclairage,29,29202,1,1,5,7.0,D785,48.43262607,-3.88595488,18:55:00,2024-01-27
202400021869,10:20,Plein jour,14,14654,2,1,1,6.0,34 Rue d'Harmonville (Saint-Pierre-sur-Dives),49.024489,-0.027788,10:20:00,2024-09-07
202400021870,15:30,Plein jour,02,02106,1,1,1,7.0,Rue du Stade,49.399856,3.668312,15:30:00,2024-01-27
202400021871,19:50,Plein jour,49,49328,2,6,1,3.0,rond point du general arnold,47.26288,-0.09033,19:50:00,2024-04-11
202400021872,21:40,,50,50267,1,1,1,6.0,D900,49.211682,-1.519718,21:40:00,2024-09-06
202400021873,17:23,Plein jour,29,29019,2,2,1,3.0,rue Vauban,48.384881,-4.50099,17:23:00,2024-12-19
202400021874,07:55,Plein jour,49,49267,2,1,1,6.0,Route d'ANGERS,47.467,-0.50025,07:55:00,2024-04-14
202400021875,07:20,Crépuscule,01,01245,1,2,1,3.0,D979,46.160665,5.394046,07:20:00,2024-01-26
202400021876,08:00,Plein jour,45,45147,2,1,1,3.0,94 Rue Camille Desmoulins,47.93505,1.93093,08:00:00,2024-04-15
202400021877,16:20,Plein jour,50,50378,1,3,1,3.0,Route des 4 Sapins,48.976168,-1.241069,16:20:00,2024-09-06
202400021878,18:25,,29,29019,2,6,2,3.0,rue Albert Louppe,48.40481,-4.477475,18:25:00,2024-12-18
202400021879,15:30,Plein jour,70,70329,1,1,2,1.0,N19,47.735763,5.801594,15:30:00,2024-01-26
202400021880,11:45,Plein jour,75,75120,2,1,1,3.0,BD PERIPHERIQUE EXTERIEUR,48.848263,2.414947,11:45:00,2024-07-30
202400021881,19:40,Plein jour,44,44109,2,1,1,1.0,53 Boulevard Jean Moulin,47.20830133,-1.59833506,19:40:00,2024-04-15
202400021882,11:35,Plein jour,50,50274,1,2,3,3.0,Route de La Mesleraie,48.516654,-1.070255,11:35:00,2024-09-07
202400021883,19:30,Plein jour,42,42044,2,1,1,7.0,Avenue André Citröen,45.39143712,4.30210322,19:30:00,2024-04-15
202400021884,09:18,Plein jour,75,75112,2,1,1,4.0,BD PERIPHERIQUE EXTERIEUR,48.827646,2.393653,09:18:00,2024-07-30
202400021885,13:00,Plein jour,40,40088,2,6,1,3.0,CAMUS (BOULEVARD ALBERT),43.71378937,-1.04929787,13:00:00,2024-04-11
202400021886,17:30,Plein jour,50,50227,2,1,1,3.0,Rue Saint Pierre,49.461191,-1.404979,17:30:00,2024-01-28
202400021887,18:40,Plein jour,18,18189,1,1,1,7.0,6 Les Bardys d’En Bas,47.251938,2.44264,18:40:00,2024-09-06
202400021888,01:57,,75,75102,2,3,1,7.0,RUE MONTMARTRE,48.867785,2.34379,01:57:00,2024-07-30
202400021889,19:00,Plein jour,35,35206,1,1,1,2.0,ROCADE 5-6,48.08141,-1.65959,19:00:00,2024-04-15
202400021890,10:50,Plein jour,60,60068,2,1,1,6.0,176 Avenue de la Gare,49.297352,2.799813,10:50:00,2024-01-28
202400021891,11:00,Plein jour,43,43051,2,1,1,2.0,Route de Saint-Agrève,45.05546287,4.31428189,11:00:00,2024-09-07
202400021892,15:45,Plein jour,07,07009,1,1,1,7.0,D82,45.244325,4.786351,15:45:00,2024-01-28
202400021893,11:15,Plein jour,75,75120,2,1,1,3.0,BD PERIPHERIQUE INTERIEUR ,48.865153,2.413215,11:15:00,2024-07-29
202400021894,16:00,Plein jour,35,35238,2,2,1,6.0,JOFFRE ( DU MARECHAL),48.10935,-1.67788,16:00:00,2024-04-15
202400021895,01:15,Nuit sans éclairage,85,85182,2,1,1,2.0,RD960B,46.7854187,-0.8152319,01:15:00,2024-01-28
202400021896,23:40,,75,75119,2,1,1,3.0,QUAI DE LA SEINE,48.888191,2.377558,23:40:00,2024-07-30
202400021897,15:40,Plein jour,43,43244,2,3,1,1.0,Avenue de la Gare,45.113818,4.295869,15:40:00,2024-08-31
202400021898,09:10,Plein jour,35,35051,1,1,1,2.0,RN157,48.11515165,-1.56423483,09:10:00,2024-04-15
202400021899,14:30,Plein jour,37,37270,1,1,1,1.0,Les Luats,47.40553841,0.85546374,14:30:00,2024-01-27
202400021900,21:15,Crépuscule,75,75119,2,7,1,3.0,PLACE AUGUSTE BARON,48.90044,2.387024,21:15:00,2024-07-30
202400021901,17:00,Plein jour,33,33063,2,2,1,6.0,Unknown,44.836071,-0.55039,17:00:00,2024-04-15
202400021902,11:30,Plein jour,16,16106,1,1,2,3.0,Unknown,46.025757,0.656291,11:30:00,2024-09-07
202400021903,08:30,Crépuscule,30,30114,1,1,1,1.0,rd 107,43.827073,4.122255,08:30:00,2024-01-25
202400021904,14:05,Plein jour,33,33529,1,1,1,3.0,Unknown,44.61757,-1.12928,14:05:00,2024-04-15
202400021905,16:10,Plein jour,07,07110,2,1,1,6.0,Route de Lablachère,44.477661,4.229237,16:10:00,2024-09-06
202400021906,17:00,Plein jour,75,75117,2,3,1,3.0,PLACE DE LA PORTE DE CHAMPERRET,48.88583691,2.28891742,17:00:00,2024-07-29
202400021907,15:46,Plein jour,68,68015,1,1,1,7.0,A35,47.793701,7.394485,15:46:00,2024-01-27
202400021908,12:35,Plein jour,28,28134,1,1,1,2.0,RN 12,48.746651,1.39904,12:35:00,2024-04-15
202400021909,17:00,Plein jour,75,75117,2,4,1,6.0,RUE TARBE,48.887123,2.313796,17:00:00,2024-07-29
202400021910,11:50,Plein jour,21,21099,2,1,1,1.0,D970,47.049387,4.776746,11:50:00,2024-09-06
202400021911,14:15,Plein jour,75,75114,2,2,1,3.0,AVENUE RENE COTY,48.830735,2.333879,14:15:00,2024-07-30
202400021912,19:00,Nuit sans éclairage,13,13086,1,9,1,2.0,A52,43.348003,5.616653,19:00:00,2024-01-27
202400021913,01:55,Nuit sans éclairage,17,17380,2,1,1,7.0,VERDUN (AVENUE DE),45.658596,-1.075871,01:55:00,2024-04-16
202400021914,12:00,Plein jour,04,04144,1,1,1,5.0,D23,43.767941,6.327224,12:00:00,2024-09-07
202400021915,09:35,Plein jour,17,17306,2,6,1,2.0,Avenue Maryse Bastié,45.62366,-1.01354,09:35:00,2024-04-15
202400021916,22:15,,66,66026,2,1,1,6.0,Unknown,42.5669466,2.89938748,22:15:00,2024-01-27
202400021917,12:30,Plein jour,04,04135,1,1,1,3.0,D957,43.80369,6.233765,12:30:00,2024-09-07
202400021918,18:35,Plein jour,75,75112,2,3,1,4.0,AVENUE DAUMESNIL,48.839362,2.430009,18:35:00,2024-07-30
202400021919,13:15,Plein jour,75,75107,2,1,1,7.0,QUAI D ORSAY,48.862452,2.319255,13:15:00,2024-07-30
202400021920,07:40,Plein jour,14,14366,2,6,1,3.0,1 Rue du Carmel,49.14339,0.22907,07:40:00,2024-04-15
202400021921,18:55,Nuit sans éclairage,13,13076,1,3,1,1.0,D7n,43.811909,4.987525,18:55:00,2024-01-28
202400021922,18:00,Plein jour,28,28290,2,2,1,1.0,Rue de la Mairie,48.412749,1.290945,18:00:00,2024-09-06
202400021923,18:45,Plein jour,94,94033,2,1,7,6.0,Rue Emile Zola,48.85670758,2.46890339,18:45:00,2024-07-30
202400021924,01:10,,13,13014,2,1,1,1.0,Boulevard Henri Wallon,43.494028,5.169325,01:10:00,2024-01-28
202400021925,16:20,Plein jour,13,13216,2,1,1,2.0,LITTORAL (CHEMIN DU),43.34957821,5.34220563,16:20:00,2024-04-15
202400021926,22:00,,94,94077,2,1,1,6.0,Avenue le Foll,48.7277,2.43648,22:00:00,2024-07-30
202400021927,16:30,Plein jour,13,13031,2,1,1,1.0,RD 96,43.378341,5.60527,16:30:00,2024-01-27
202400021928,08:05,Plein jour,08,08090,2,1,1,6.0,72 Avenue de Blagny,49.627262,5.174881,08:05:00,2024-08-01
202400021929,21:45,Nuit sans éclairage,13,13004,1,1,1,5.0,RTE ST MARTIN DE CRAU,43.65066,4.67808,21:45:00,2024-04-15
202400021930,09:00,Plein jour,93,93078,2,2,1,3.0,Boulevard Robert Ballanger / Avenue Emile Dambel,48.95756,2.54534,09:00:00,2024-07-30
202400021931,00:45,Nuit sans éclairage,71,71433,1,1,5,6.0,126 Chevagny,46.37429,4.205996,00:45:00,2024-01-28
202400021932,17:25,,06,06088,1,1,1,2.0,"autoroute a8 pk193.150, sens France-italie",43.719241,7.214788,17:25:00,2024-09-06
202400021933,07:56,Plein jour,10,10375,1,1,1,1.0,Unknown,48.28290029,4.17449111,07:56:00,2024-04-14
202400021934,07:00,Nuit avec éclairage,03,03186,1,1,5,6.0,D945,46.327046,2.97501,07:00:00,2024-01-28
202400021935,23:50,Nuit sans éclairage,93,93072,2,3,1,5.0,Avenue de Stalingrad / Rue Pasteur,48.9586,2.39767,23:50:00,2024-07-29
202400021936,20:10,Crépuscule,38,38065,1,1,1,2.0,A48 PK 60.4,45.437129,5.417461,20:10:00,2024-09-05
202400021937,19:50,Plein jour,06,06088,2,9,1,3.0,Rue de Roquebillière,43.71215,7.28848,19:50:00,2024-04-15
202400021938,15:40,Plein jour,93,93064,2,1,1,6.0,Boulevard d'Alsace-lorraine,48.885899,2.476797,15:40:00,2024-07-30
202400021939,18:45,Nuit sans éclairage,63,63335,1,1,1,5.0,Départementale D 978,45.554787,3.039029,18:45:00,2024-01-27
202400021940,15:00,Plein jour,06,06069,2,1,1,6.0,Avenue Pierre Sémard,43.654669,6.92696,15:00:00,2024-04-15
202400021941,17:45,Plein jour,34,34146,1,1,1,3.0,A9 - PK 82+050,43.695649,4.087665,17:45:00,2024-09-04
202400021942,11:44,Plein jour,93,93001,2,2,1,6.0,Avenue Jean Jaurès / Avenue de la République,48.90338484,2.39162801,11:44:00,2024-07-30
202400021943,03:00,Nuit sans éclairage,988,98822,2,1,1,6.0,Tiéti (Tribu),-20.91586,165.30285,03:00:00,2024-09-07
202400021944,13:00,Plein jour,06,06027,2,9,1,6.0,60 Avenue de Nice,43.657905,7.160164,13:00:00,2024-04-14
202400021945,18:05,,63,63204,2,1,1,1.0,D54,45.807941,3.188916,18:05:00,2024-01-27
202400021946,09:00,Plein jour,63,63226,2,6,1,7.0,D1-rd-Pt du Maréchal Joffre,45.765708,3.237941,09:00:00,2024-01-28
202400021947,05:15,Nuit sans éclairage,974,97418,1,1,1,2.0,route nationale 2,-20.902427,55.544997,05:15:00,2024-09-07
202400021948,16:25,Plein jour,84,84088,2,3,1,3.0,565 Route de la Buissonne,44.008582,5.051573,16:25:00,2024-07-31
202400021949,18:05,Plein jour,03,03310,2,2,1,6.0,Rue du Maréchal Joffre,46.1215,3.42391,18:05:00,2024-04-12
202400021950,22:15,Nuit sans éclairage,971,97115,1,1,2,1.0,N2,16.270233,-61.652986,22:15:00,2024-09-06
202400021951,18:40,Plein jour,67,67149,1,1,1,3.0,D41,48.7225919,7.41968215,18:40:00,2024-07-30
202400021952,14:15,Plein jour,73,73249,1,3,1,3.0,D1006,45.52449882,5.99400759,14:15:00,2024-01-28
202400021953,15:15,Plein jour,75,75115,2,1,1,2.0,BD PERIPHERIQUE INTERIEUR,48.831996,2.281792,15:15:00,2024-04-15
202400021954,08:00,Plein jour,971,97124,2,1,1,7.0,route nationale 3,16.013208,-61.710173,08:00:00,2024-09-06
202400021955,12:30,Plein jour,07,07131,2,1,1,6.0,420 Impasse de Champ Fraix,44.539384,4.401848,12:30:00,2024-01-28
202400021956,07:56,Plein jour,22,22093,1,1,1,3.0,N12,48.45783868,-2.51960846,07:56:00,2024-07-29
202400021957,14:55,Plein jour,75,75105,2,3,1,2.0,RUE LINNE,48.845717,2.354667,14:55:00,2024-04-15
202400021958,07:30,Plein jour,01,01386,2,1,1,6.0,D40a,45.885935,5.362448,07:30:00,2024-01-28
202400021959,08:45,Plein jour,83,83049,1,1,1,6.0,2109 route départementale 97,43.257706,6.105062,08:45:00,2024-07-31
202400021960,16:00,Plein jour,16,16019,1,1,8,7.0,Chemin des Fregonnieres,45.710453,0.076442,16:00:00,2024-01-27
202400021961,01:00,,91,91386,2,1,2,1.0,boulevard Charles De Gaulle,48.560569,2.426155,01:00:00,2024-09-07
202400021962,14:30,Plein jour,75,75120,2,3,2,6.0,RUE DES VIGNOLES,48.854743,2.400873,14:30:00,2024-04-15
202400021963,18:30,Plein jour,62,62752,2,1,1,3.0,D144,50.46925399,1.6633638,18:30:00,2024-07-30
202400021964,08:40,Plein jour,86,86054,1,1,5,1.0,Lieu Dit Leigne,46.211535,0.321413,08:40:00,2024-01-27
202400021965,14:10,Plein jour,64,64230,2,1,1,7.0,74 Avenue des Pyrénées,43.21324064,-0.3845349,14:10:00,2024-01-27
202400021966,17:30,Plein jour,68,68043,2,1,1,2.0,1 Route de Guebwiller,47.862564,7.257285,17:30:00,2024-07-30
202400021967,04:00,Nuit sans éclairage,75,75116,2,2,1,1.0,AVENUE DE L HIPPODROME,48.858569,2.244864,04:00:00,2024-04-15
202400021968,08:30,Plein jour,06,06048,2,1,1,2.0,1906 Route Rd 15 la Roseyre,43.78314,7.33626,08:30:00,2024-09-06
202400021969,06:07,Crépuscule,83,83089,2,1,1,7.0,D3,43.482368,5.831278,06:07:00,2024-07-30
202400021970,18:25,Plein jour,51,51210,1,1,1,7.0,D251,49.071743,3.973097,18:25:00,2024-07-28
202400021971,08:20,Plein jour,13,13004,2,1,1,3.0,Route de la Crau,43.643218,4.726683,08:20:00,2024-09-07
202400021972,19:50,Plein jour,75,75114,2,2,1,7.0,RUE FRIANT,48.824874,2.323812,19:50:00,2024-04-15
202400021973,15:15,Plein jour,76,76631,1,1,1,3.0,D5,49.512911,0.862805,15:15:00,2024-01-28
202400021974,21:00,Crépuscule,52,52276,1,1,1,7.0,D417,48.097589,5.23952,21:00:00,2024-09-06
202400021975,17:40,Plein jour,56,56174,1,1,1,1.0,Breneuh,47.872331,-2.85769,17:40:00,2024-07-31
202400021976,06:45,Crépuscule,80,80090,1,1,1,6.0,autoroute A1 PK 119 SENS PARIS/LILLE,49.872015,2.835846,06:45:00,2024-01-28
202400021977,17:15,Plein jour,68,68089,1,1,1,7.0,pk 13 D27,47.926868,7.006724,17:15:00,2024-09-07
202400021978,07:50,Plein jour,75,75113,2,2,1,3.0,BOULEVARD DE L HOPITAL,48.835733,2.358613,07:50:00,2024-04-15
202400021979,00:45,Nuit sans éclairage,83,83123,1,1,1,6.0,A50,43.14587271,5.78263649,00:45:00,2024-01-27
202400021980,15:10,Plein jour,56,56165,1,1,1,3.0,Bourgneuf,47.933144,-2.422469,15:10:00,2024-07-30
202400021981,10:30,Plein jour,88,88367,2,9,1,3.0,38 Faubourg de la Chipotte,48.343832,6.641372,10:30:00,2024-09-07
202400021982,21:00,,83,83137,1,1,1,3.0,A57,43.12247,5.95713,21:00:00,2024-01-22
202400021983,19:40,Plein jour,75,75110,2,2,1,6.0,RUE LA FAYETTE,48.881637,2.365812,19:40:00,2024-04-15
202400021984,12:15,Plein jour,56,56062,1,1,7,2.0,D158,47.69353,-3.315296,12:15:00,2024-07-29
202400021985,17:00,Plein jour,88,88078,2,1,1,1.0,49 Avenue du Cameroun,48.209407,6.721519,17:00:00,2024-09-06
202400021986,15:10,Plein jour,95,95018,1,1,1,2.0,A15,48.96295185,2.26532238,15:10:00,2024-01-26
202400021987,09:05,Plein jour,73,73023,1,1,1,1.0,D83,45.23835036,6.76950288,09:05:00,2024-09-06
202400021988,13:50,Plein jour,56,56026,2,3,1,3.0,Route de Melrand,47.964734,-3.167861,13:50:00,2024-07-30
202400021989,06:10,Plein jour,987,98736,2,6,2,7.0,CHARLES DE GAULLE (AV),-17.540819,-149.568724,06:10:00,2024-04-02
202400021990,19:20,Plein jour,75,75110,2,2,1,3.0,BOULEVARD DE LA CHAPELLE,48.884221,2.364592,19:20:00,2024-04-15
202400021991,11:50,Plein jour,42,42285,1,1,1,2.0,Route de Montbrison,45.566678,4.134377,11:50:00,2024-09-07
202400021992,08:15,Plein jour,974,97411,2,1,2,2.0,MACE (ROUTE GABRIEL),-20.91801,55.49432,08:15:00,2024-01-26
202400021993,20:40,Nuit sans éclairage,69,69216,1,1,1,1.0,Route Départementale 24,45.78907688,4.50932922,20:40:00,2024-09-06
202400021994,17:05,Plein jour,75,75110,2,2,2,3.0,PLACE DE LA BATAILLE DE STALINGRAD,48.882714,2.369833,17:05:00,2024-04-15
202400021995,09:15,Plein jour,76,76629,1,1,1,7.0,Route du Bois Lambert,49.758608,0.961023,09:15:00,2024-07-31
202400021996,08:15,Plein jour,974,97411,2,2,1,3.0,PARIS (RUE DE),-20.88303,55.45012,08:15:00,2024-01-25
202400021997,10:15,Plein jour,32,32076,1,1,1,7.0,La Bourdette,43.595535,0.722948,10:15:00,2024-07-31
202400021998,05:00,,75,75107,2,2,1,6.0,BOULEVARD SAINT GERMAIN,48.858586,2.323174,05:00:00,2024-04-15
202400021999,16:40,Plein jour,46,46102,2,1,1,6.0,Rue du Stade,44.611471,2.03025,16:40:00,2024-09-06
202400022000,02:30,Nuit sans éclairage,71,71263,1,1,1,6.0,Rue de Vincelles,46.648516,5.229127,02:30:00,2024-07-31
202400022001,21:03,,75,75107,2,1,1,6.0,PONT DE LA CONCORDE,48.863412,2.319623,21:03:00,2024-04-14
202400022002,18:25,Plein jour,973,97302,2,3,1,3.0,MANGO (ROUTE),4.93189027,-52.31772467,18:25:00,2024-01-26
202400022003,17:55,Plein jour,87,87005,1,1,8,2.0,le couderchou - rd 979,45.798042,1.389728,17:55:00,2024-09-06
202400022004,05:55,Crépuscule,71,71310,1,1,1,7.0,Route nationale 70 - Pr 046+725,46.73870856,4.48300154,05:55:00,2024-07-31
202400022005,01:30,Nuit sans éclairage,79,79049,2,1,1,6.0,Unknown,46.843489,-0.490176,01:30:00,2024-09-07
202400022006,02:50,,75,75102,2,2,1,3.0,BOULEVARD DE SEBASTOPOL,48.866234,2.352535,02:50:00,2024-04-14
202400022007,12:20,Plein jour,973,97302,2,3,1,3.0,GIPPET (DOCTEUR),4.94116524,-52.32213289,12:20:00,2024-01-26
202400022008,17:30,Plein jour,63,63381,1,3,1,2.0,RD941 / Les Fontêtes,45.82131369,2.92020575,17:30:00,2024-07-31
202400022009,02:40,Nuit sans éclairage,64,64304,1,6,2,7.0,1179 Route de Mouguerre,43.473218,-1.395492,02:40:00,2024-09-07
202400022010,11:35,Plein jour,973,97302,2,6,1,3.0,KET TAI (CARREFOUR),4.93266523,-52.3264432,11:35:00,2024-01-26
202400022011,16:30,Plein jour,75,75104,2,2,1,3.0,AVENUE VICTORIA,48.857268,2.349218,16:30:00,2024-04-13
202400022012,13:50,Plein jour,42,42023,1,1,1,7.0,Route de Saint Julien,45.313186,4.597026,13:50:00,2024-07-30
202400022013,21:45,Nuit sans éclairage,49,49299,1,1,2,7.0,D752,47.101209,-0.91903,21:45:00,2024-09-06
202400022014,15:05,Plein jour,973,97309,2,6,1,3.0,SUZINI (CARREFOUR),4.92707,-52.28978,15:05:00,2024-01-26
202400022015,13:30,Plein jour,47,47222,1,1,1,1.0,D11,44.28767,0.133982,13:30:00,2024-07-30
202400022016,19:00,Plein jour,94,94068,2,1,1,2.0,Boulevard du Général Ferrié,48.80506841,2.46906334,19:00:00,2024-04-14
202400022017,06:50,Plein jour,973,97302,2,1,2,6.0,ROUTE NATIONALE 1,4.8972,-52.32829,06:50:00,2024-01-25
202400022018,14:30,Plein jour,27,27016,2,2,7,3.0,Rue de la Gabelle,49.241446,1.401645,14:30:00,2024-09-06
202400022019,08:10,Plein jour,47,47066,1,1,1,6.0,RD245,44.25796534,0.48413662,08:10:00,2024-07-31
202400022020,08:15,Plein jour,93,93072,2,6,1,6.0,Avenue Aristide Briand / Rue Gambetta,48.96306,2.37749,08:15:00,2024-04-15
202400022021,08:40,Plein jour,34,34008,1,1,1,7.0,Route de Gatinie,43.581153,3.073608,08:40:00,2024-07-31
202400022022,20:30,,69,69387,2,2,2,3.0,Rue d'Aguesseau,45.75453,4.83994,20:30:00,2024-01-26
202400022023,16:00,Plein jour,93,93066,2,7,3,6.0,Boulevard Anatole France / Rue Pleyel,48.920068,2.34383404,16:00:00,2024-04-15
202400022024,15:10,Plein jour,76,76261,1,1,1,5.0,D21,49.567971,1.544952,15:10:00,2024-09-07
202400022025,16:18,Plein jour,60,60666,2,1,2,7.0,Rue Gérard de Nerval,49.111365,2.639503,16:18:00,2024-09-07
202400022026,08:34,Plein jour,972,97209,1,1,2,2.0,A.JOVIGNAC (RUE),14.61147,-61.07917,08:34:00,2024-01-26
202400022027,08:45,Plein jour,93,93051,2,1,1,2.0,Rue de l’Universite,48.83677,2.55891,08:45:00,2024-04-15
202400022028,19:00,Plein jour,22,22046,1,1,1,5.0,La Croix Duret,48.29969675,-2.52702355,19:00:00,2024-07-30
202400022029,18:52,Plein jour,60,60628,1,1,1,2.0,N31,49.426056,2.135113,18:52:00,2024-09-06
202400022030,15:08,Plein jour,39,39283,1,1,1,7.0,Unknown,46.336753,5.687657,15:08:00,2024-07-30
202400022031,13:16,Plein jour,92,92062,2,1,1,3.0,GENERAL DE GAULLE (AVENUE DU),48.88652,2.23057,13:16:00,2024-04-15
202400022032,08:30,Plein jour,972,97209,1,1,1,2.0,RD 41 (ROCADE),14.61624,-61.06073,08:30:00,2024-01-26
202400022033,22:20,Nuit sans éclairage,44,44083,1,1,1,2.0,3 L'Egonnière,46.970858,-1.673615,22:20:00,2024-07-30
202400022034,01:00,Nuit sans éclairage,95,95205,1,1,1,1.0,BOUQUEVAL (ROUTE DE),49.02310031,2.39103913,01:00:00,2024-04-16
202400022035,08:10,Plein jour,971,97120,2,1,1,6.0,DUBOUCHAGE,16.2347,-61.53291,08:10:00,2024-01-23
202400022036,17:15,Plein jour,02,02381,1,1,1,1.0,D3050,49.908594,4.100733,17:15:00,2024-09-07
202400022037,16:00,Plein jour,971,97113,2,1,1,7.0,SECTION PLIANE,16.21788,-61.45571,16:00:00,2024-01-24
202400022038,08:55,Plein jour,66,66164,1,9,1,3.0,A9,42.78180834,2.89684474,08:55:00,2024-04-16
202400022039,21:45,,38,38269,1,3,1,1.0,Chemin de Pré Neuf,44.933126,5.78588,21:45:00,2024-07-30
202400022040,16:45,Plein jour,13,13212,1,1,2,3.0,A507 sens Aubagne- Marseille,43.29490378,5.42459882,16:45:00,2024-09-04
202400022041,14:30,Plein jour,51,51425,1,1,1,7.0,D980,49.13211,3.681536,14:30:00,2024-04-14
202400022042,12:37,Plein jour,02,02184,2,1,1,6.0,25 Avenue Frédéric Viefville,49.752687,3.569736,12:37:00,2024-07-31
202400022043,16:25,Plein jour,95,95563,2,3,1,1.0,VERDUN (RUE DE),49.010603,2.238407,16:25:00,2024-01-26
202400022044,12:25,Plein jour,84,84017,1,1,1,7.0,D974,44.120281,5.24859,12:25:00,2024-07-30
202400022045,08:30,Plein jour,91,91122,2,2,2,6.0,HACQUINIERE (RUE DE LA),48.69433,2.15292,08:30:00,2024-01-26
202400022046,08:30,Plein jour,69,69199,2,1,3,5.0,Route Départementale 383,45.70732537,4.84363094,08:30:00,2024-09-05
202400022047,16:55,Plein jour,35,35193,1,1,1,6.0,D82,48.245568,-1.718459,16:55:00,2024-04-14
202400022048,15:40,Plein jour,91,91027,2,3,1,3.0,PLANTES (RUE DES),48.70512,2.378513,15:40:00,2024-01-26
202400022049,10:00,Plein jour,15,15189,1,3,7,3.0,RD 7,44.949743,2.201579,10:00:00,2024-07-31
202400022050,11:50,Plein jour,33,33003,1,1,2,2.0,Unknown,44.934235,-0.46775,11:50:00,2024-09-06
202400022051,17:20,Plein jour,79,79127,1,2,1,3.0,Unknown,46.185543,-0.513546,17:20:00,2024-04-12
202400022052,08:30,Plein jour,91,91174,2,3,2,6.0,CRETE (BOULEVARD),48.61376,2.48021,08:30:00,2024-01-26
202400022053,06:32,Crépuscule,26,26108,2,6,1,3.0,D888,44.726476,5.020677,06:32:00,2024-07-30
202400022054,07:59,Plein jour,59,59566,1,1,1,6.0,AUTOROUTE A25,50.61626,2.98484,07:59:00,2024-09-05
202400022055,18:00,Plein jour,2B,2B342,2,1,1,3.0,lieu dit Travu T10,41.917599,9.38962,18:00:00,2024-04-15
202400022056,17:37,Plein jour,87,87085,2,1,1,3.0,MARCLAND (RUE DU DOCTEUR RAYMOND),45.81455,1.24199,17:37:00,2024-01-25
202400022057,18:30,Plein jour,71,71332,1,1,1,7.0,Impasse des Crots,46.65176404,4.97196056,18:30:00,2024-04-16
202400022058,03:27,Nuit sans éclairage,91,91161,1,1,1,2.0,AUTOROUTE A6,48.69653,2.31651,03:27:00,2024-09-06
202400022059,14:10,Plein jour,05,05164,1,1,1,3.0,N94,44.52672789,6.41811433,14:10:00,2024-07-31
202400022060,15:15,Plein jour,87,87085,1,1,2,2.0,AUTOROUTE A20,45.90806,1.29164,15:15:00,2024-01-21
202400022061,14:10,Plein jour,92,92025,1,1,1,6.0,A86,48.93326783,2.25212387,14:10:00,2024-09-06
202400022062,08:45,Crépuscule,86,86157,2,6,1,3.0,N147,46.553442,0.399236,08:45:00,2024-01-25
202400022063,17:30,Plein jour,55,55527,2,1,1,6.0,11 rue saint jean,49.228806,5.033495,17:30:00,2024-04-12
202400022064,08:45,Plein jour,50,50227,2,2,1,3.0,rue saint pierre,49.46097,-1.40507,08:45:00,2024-07-31
202400022065,14:30,Plein jour,93,93064,1,1,1,3.0,AUTOROUTE A103,48.88634048,2.48395621,14:30:00,2024-09-06
202400022066,22:15,Nuit sans éclairage,50,50239,1,1,1,7.0,D900,49.118153,-1.150861,22:15:00,2024-07-30
202400022067,17:20,Plein jour,49,49214,2,1,1,7.0,D103,47.543562,-0.621135,17:20:00,2024-04-15
202400022068,08:00,Plein jour,93,93001,1,1,3,6.0,AUTOROUTE A86,48.9215593,2.37673223,08:00:00,2024-09-05
202400022069,10:39,Plein jour,86,86066,2,6,1,3.0,Boulevard de Blossac,46.81533278,0.54485967,10:39:00,2024-01-26
202400022070,16:30,Plein jour,90,90088,2,1,1,7.0,28 Rue des Ecoles,47.730155,6.852148,16:30:00,2024-07-30
202400022071,08:10,Plein jour,25,25160,1,1,8,6.0,2 Route de la Grotte,47.033013,6.517645,08:10:00,2024-04-16
202400022072,07:07,Crépuscule,95,95572,1,1,3,6.0,N184,49.03385084,2.11134575,07:07:00,2024-09-05
202400022073,18:52,,85,85194,2,6,1,3.0,RD949,46.513813,-1.7817243,18:52:00,2024-01-25
202400022074,11:35,Plein jour,64,64160,2,3,1,3.0,20 Allée Edmond Rostand,43.361105,-1.401036,11:35:00,2024-07-30
202400022075,19:45,Plein jour,25,25578,2,9,1,1.0,Rue Adelphe Daudey,47.145532,6.342534,19:45:00,2024-04-15