Num_Acc,hrmn,lum,dep,com,agg,int,atm,col,adr,lat,long,heure,date
202400022076,08:45,Plein jour,95,95212,1,1,1,3.0,N104,49.0289826,2.53020029,08:45:00,2024-09-04
202400022077,19:00,,84,84007,2,1,1,6.0,République (rue de la ),43.947821,4.805841,19:00:00,2024-01-25
202400022078,16:45,Plein jour,25,25195,2,3,2,1.0,Rue de la Gare,47.204748,5.877031,16:45:00,2024-04-16
202400022079,20:00,Plein jour,40,40091,1,3,1,1.0,Route du Lac,43.70456874,-0.31942248,20:00:00,2024-07-30
202400022080,09:20,Plein jour,93,93005,1,1,1,2.0,AUTOROUTE A3,48.96489011,2.47555973,09:20:00,2024-09-04
202400022081,15:45,Plein jour,83,83034,1,1,1,6.0,RUE DES 3 PINS,43.1009,6.05959,15:45:00,2024-01-26
202400022082,03:30,,44,44018,2,6,2,6.0,53 Rue de Nantes,47.143748,-1.678966,03:30:00,2024-03-30
202400022083,18:32,Plein jour,17,17091,1,9,1,3.0,les vrillandes neuv - D9,46.279921,-1.07323,18:32:00,2024-07-29
202400022084,08:15,Plein jour,77,77169,1,1,1,2.0,A4.Y,48.833506,2.592134,08:15:00,2024-09-06
202400022085,14:00,Plein jour,82,82121,2,1,8,3.0,285 avenue de paris,44.032292,1.373867,14:00:00,2024-01-26
202400022086,19:16,Plein jour,01,01374,1,1,1,1.0,Chemin du Pavillon,46.118555,5.301129,19:16:00,2024-04-15
202400022087,15:50,Plein jour,23,23089,1,1,1,7.0,le Château Pointu,46.37289678,1.9916296,15:50:00,2024-07-30
202400022088,11:30,Plein jour,01,01204,1,1,2,1.0,867 Route de Geneve,46.164013,5.694462,11:30:00,2024-04-16
202400022089,10:40,Plein jour,81,81021,2,3,1,3.0,25 Boulevard du Languedoc,43.50697,2.36925,10:40:00,2024-01-25
202400022090,18:45,Plein jour,14,14456,1,2,1,1.0,Route des Pédouze,49.12218681,-0.13161688,18:45:00,2024-04-12
202400022091,12:40,Plein jour,53,53190,1,1,1,7.0,Les Hautes Frogeries,48.38997283,-0.39273052,12:40:00,2024-04-14
202400022092,13:15,Plein jour,27,27258,1,1,1,7.0,rd 27,49.319242,0.378433,13:15:00,2024-04-16
202400022093,16:55,Plein jour,81,81065,2,1,1,6.0,ALBERT 1° (AV),43.5988659,2.2314357,16:55:00,2024-01-22
202400022094,07:31,Plein jour,27,27032,1,2,1,6.0,"rue du vivier // rue de la Haie d'Aumet - hameau ""la Sôgne"" - THOMER LA SOGNE",48.909248,1.144708,07:31:00,2024-04-16
202400022095,08:45,Plein jour,37,37109,1,3,1,1.0,RD 367,47.41277697,0.62084591,08:45:00,2024-07-26
202400022096,21:00,Nuit sans éclairage,23,23015,1,1,3,6.0,Les Genets,46.360753,1.491051,21:00:00,2024-04-15
202400022097,21:10,,78,78498,2,1,1,2.0,QUARANTE SOUS ROUTE DE,48.91474,2.01979,21:10:00,2024-01-26
202400022098,08:30,Plein jour,13,13077,2,6,1,3.0,LIBERTE (quai de la),43.4067,4.98794,08:30:00,2024-03-05
202400022099,16:35,Plein jour,88,88158,2,3,1,7.0,Rue du Plateau,48.090994,6.60127,16:35:00,2024-07-30
202400022100,17:35,Plein jour,37,37050,2,2,8,6.0,21 Avenue de la République,47.347006,0.70697,17:35:00,2024-04-15
202400022101,10:45,Plein jour,974,97416,1,1,1,2.0,OLIVINES (RUE DES),-21.32262,55.47389,10:45:00,2024-09-05
202400022102,14:00,Plein jour,77,77083,2,1,1,6.0,COPERNIC (BOULEVARD),48.84186,2.58616,14:00:00,2024-01-26
202400022103,17:05,Plein jour,10,10045,1,1,1,2.0,Beurey,48.1762,4.4438,17:05:00,2024-07-17
202400022104,09:55,Plein jour,38,38530,1,1,1,5.0,D1006,45.611351,5.206618,09:55:00,2024-04-16
202400022105,06:45,Plein jour,974,97416,1,1,1,2.0,RN3 (2),-21.33251,55.46326,06:45:00,2024-09-05
202400022106,19:30,Nuit sans éclairage,77,77394,1,1,1,7.0,MEAUX   (ROUTE DE ),48.56793,2.69468,19:30:00,2024-01-25
202400022107,19:45,Crépuscule,01,01301,2,1,1,6.0,154 Route de Bourg-en-bresse,46.249025,5.128469,19:45:00,2024-04-15
202400022108,14:15,Plein jour,13,13044,1,1,1,1.0,D16,43.596966,5.045123,14:15:00,2024-07-31
202400022109,16:10,Plein jour,974,97416,2,1,1,3.0,BOIS NOIRS (ALLEE DES) (1),-21.28271,55.46347,16:10:00,2024-09-04
202400022110,19:00,Plein jour,33,33284,1,1,1,6.0,Unknown,44.623451,-0.963565,19:00:00,2024-07-29
202400022111,15:30,Plein jour,77,77276,1,6,1,3.0,RD 360,48.91708,2.87994,15:30:00,2024-01-26
202400022112,01:00,Nuit sans éclairage,988,98827,1,1,1,6.0,Col de Poya,-21.36169,165.18216,01:00:00,2024-04-16
202400022113,15:35,Plein jour,76,76705,1,6,1,6.0,Boulevard Gabriel Péri,49.31961,1.07396,15:35:00,2024-01-26
202400022114,18:45,Plein jour,11,11076,2,1,8,1.0,378 Avenue Arnaut Vidal,43.312568,1.947488,18:45:00,2024-07-30
202400022115,14:35,Plein jour,974,97411,2,2,1,3.0,OLIVIER (RUE JULES),-20.88163,55.45506,14:35:00,2024-09-03
202400022116,12:45,Plein jour,45,45324,2,1,1,6.0,D951 PR 63 + 54,47.796123,2.197679,12:45:00,2024-04-16
202400022117,07:30,,76,76575,2,2,2,6.0,Rue Georges Guynemer,49.39842,1.07455,07:30:00,2024-01-26
202400022118,18:55,Plein jour,34,34022,2,3,1,3.0,route nationale 113,43.658069,4.0123,18:55:00,2024-07-31
202400022119,15:30,Plein jour,69,69388,2,1,1,3.0,Rue Professeur Tavernier,45.72729,4.86752,15:30:00,2024-09-05
202400022120,22:20,,77,77440,2,1,1,1.0,D603 - rue de metz,48.947526,3.086354,22:20:00,2024-04-06
202400022121,16:46,Plein jour,83,83150,1,1,1,2.0,D952,43.718373,5.799515,16:46:00,2024-07-30
202400022122,08:15,Crépuscule,76,76351,2,6,1,6.0,MARCEAU (RUE),49.4915,0.133,08:15:00,2024-01-25
202400022123,15:40,Plein jour,83,83008,1,1,1,6.0,Unknown,43.534643,6.724942,15:40:00,2024-07-30
202400022124,07:20,Plein jour,2A,2A114,1,1,1,1.0,RD622,41.51102,9.1284,07:20:00,2024-04-16
202400022125,16:30,Plein jour,69,69387,2,3,1,7.0,Rue de l'Université,45.74824,4.84352,16:30:00,2024-09-04
202400022126,02:30,,76,76351,2,1,1,6.0,CLEMENCEAU (BD),49.48765,0.09852,02:30:00,2024-01-26
202400022127,13:45,Plein jour,04,04143,1,1,1,3.0,D12,43.918469,5.92957,13:45:00,2024-07-31
202400022128,08:06,Crépuscule,76,76351,2,6,1,7.0,MARCEAU (RUE),49.49153,0.13303,08:06:00,2024-01-25
202400022129,13:00,Plein jour,972,97209,2,9,2,6.0,MOUTTE (ROUTE DE),14.61658,-61.05779,13:00:00,2024-09-05
202400022130,18:00,,76,76217,2,3,1,6.0,CANADIENS (AVENUE DES)  RN27,49.90501,1.07684,18:00:00,2024-01-26
202400022131,14:00,Plein jour,13,13015,1,1,1,1.0,CD6,43.431497,5.415874,14:00:00,2024-07-25
202400022132,16:40,Plein jour,2A,2A004,2,1,1,3.0,#MEZZAVIA ROUTE DE#,41.95178,8.78267,16:40:00,2024-09-05
202400022133,21:35,,67,67205,2,1,1,7.0,19 rue de l'industrie,48.676794,7.783288,21:35:00,2024-07-30
202400022134,10:45,Plein jour,74,74305,2,2,1,6.0,VOIRONS (RUE DES),46.2027,6.25229,10:45:00,2024-01-26
202400022135,19:25,Plein jour,55,55366,1,1,1,1.0,D994,48.80223385,5.11765804,19:25:00,2024-07-28
202400022136,17:50,Plein jour,2A,2A004,2,1,1,3.0,PRINCE IMPERIAL COURS,41.93422,8.74751,17:50:00,2024-09-04
202400022137,23:55,,72,72181,2,1,1,6.0,BOEUFS MOTO CROSS (CHEMIN AUX),47.9478,0.2128,23:55:00,2024-01-26
202400022138,05:40,Crépuscule,38,38565,2,1,1,6.0,Quai des Chartreux,45.299959,5.637981,05:40:00,2024-07-27
202400022139,10:30,Plein jour,95,95585,2,1,3,6.0,D125,48.99122694,2.37187421,10:30:00,2024-09-05
202400022140,10:00,Plein jour,72,72181,2,1,2,6.0,OYON ALEXANDRE (BD),47.99467,0.19009,10:00:00,2024-01-26
202400022141,20:50,Crépuscule,38,38382,2,2,1,3.0,D1075,45.235011,5.676497,20:50:00,2024-07-30
202400022142,15:58,Plein jour,95,95252,2,3,1,3.0,ALEXANDRE DUMAS (RUE),48.99032,2.22964,15:58:00,2024-09-04
202400022143,16:35,Plein jour,69,69256,2,2,1,6.0,Rue Cuzin,45.77552,4.91724,16:35:00,2024-01-26
202400022144,17:45,Plein jour,26,26271,1,2,1,3.0,Route du Dauphiné,45.03338,4.867673,17:45:00,2024-07-30
202400022145,10:30,Plein jour,91,91377,2,1,2,1.0,AV SAINT MARC,48.73135,2.2871,10:30:00,2024-09-05
202400022146,11:50,Plein jour,67,67462,2,1,2,3.0,CHARLEMAGNE (BOULEVRD),48.26227,7.45477,11:50:00,2024-01-24
202400022147,08:41,Plein jour,69,69204,2,9,1,6.0,27 Avenue Georges Clémenceau,45.700238,4.795452,08:41:00,2024-07-30
202400022148,17:10,Plein jour,64,64445,2,1,1,7.0,ALFRED NOBEL,43.31794,-0.30969,17:10:00,2024-01-26
202400022149,09:20,Plein jour,33,33056,2,1,1,3.0,Avenue du Général de Gaulle,44.923165,-0.634794,09:20:00,2024-07-31
202400022150,20:16,Crépuscule,84,84007,2,6,1,1.0,AMANDIER (AVENUE DE L'),43.93572,4.84799,20:16:00,2024-09-05
202400022151,17:42,Plein jour,64,64102,2,1,1,6.0,BERNEDE (RUE),43.49280356,-1.4749521,17:42:00,2024-01-25
202400022152,17:13,Plein jour,14,14762,1,1,1,1.0,La Gréardière,48.790931,-0.910031,17:13:00,2024-07-21
202400022153,18:45,Plein jour,83,83126,2,1,1,6.0,MERLE (BD TOUSSAINT),43.10111,5.88776,18:45:00,2024-09-05
202400022154,20:37,,63,63113,2,5,2,6.0,JOUHAUX (BD LEON),45.7925,3.11793,20:37:00,2024-01-26
202400022155,20:15,Plein jour,56,56241,2,1,1,2.0,Rue du Port Vihan,47.373325,-3.220021,20:15:00,2024-07-30
202400022156,05:20,,83,83129,2,6,8,3.0,JUIN MARECHAL (AV DU),43.09466024,5.84709239,05:20:00,2024-09-04
202400022157,20:30,Plein jour,22,22008,1,2,1,1.0,Rue de la Croix Jean Gicquel,48.418179,-2.079935,20:30:00,2024-07-29
202400022158,15:45,Plein jour,63,63113,2,8,1,3.0,Voie tram : TORPILLEUR SIROCCO / Solayer,45.80962,3.10711,15:45:00,2024-01-18
202400022159,15:45,Plein jour,80,80021,2,1,1,3.0,ALEXANDRE DUMAS (RUE),49.87529,2.28367,15:45:00,2024-09-04
202400022160,18:30,Nuit sans éclairage,59,59599,2,9,1,6.0,Avenue de la Fin de la Guerre,50.729225,3.14476,18:30:00,2024-01-26
202400022161,14:40,Plein jour,62,62014,2,3,1,1.0,Rue du Sac,50.66124275,2.36943358,14:40:00,2024-07-26
202400022162,00:50,Nuit sans éclairage,78,78299,2,1,1,6.0,Boulevard Michelet,49.00477,1.90082,00:50:00,2024-09-06
202400022163,07:55,Crépuscule,59,59378,2,1,2,6.0,Boulevard Clémenceau,50.66433,3.08866,07:55:00,2024-01-26
202400022164,16:50,Plein jour,59,59614,1,1,1,6.0,D113,50.169082,3.458376,16:50:00,2024-07-26
202400022165,18:40,Plein jour,77,77326,1,1,1,6.0,D. 50,48.58979,2.56359,18:40:00,2024-09-05
202400022166,04:05,Nuit sans éclairage,54,54395,2,1,1,6.0,Place des Vosges,48.68514425,6.18695766,04:05:00,2024-01-26
202400022167,18:20,Plein jour,13,13212,1,1,1,2.0,A507 sens Marseille - Aubagne,43.29482,5.42631,18:20:00,2024-07-30
202400022168,06:35,Nuit sans éclairage,77,77186,1,2,3,1.0,RD606. de la rochette à l'obélisque,48.48371028,2.66588236,06:35:00,2024-09-05
202400022169,18:45,,54,54304,2,2,2,3.0,Boulevard du Maréchal Foch,48.68034,6.15362,18:45:00,2024-01-25
202400022170,11:40,Plein jour,13,13211,1,1,1,2.0,A50-Sens Aubagne vers Marseille,43.28807985,5.44165529,11:40:00,2024-07-30
202400022171,20:30,,76,76351,2,2,1,3.0,EUGENE MOPIN (RUE),49.52219,0.16091,20:30:00,2024-09-04
202400022172,14:00,Plein jour,54,54274,2,3,1,3.0,Avenue de la Malgrange,48.67216,6.20119,14:00:00,2024-01-25
202400022173,08:40,Plein jour,13,13033,1,1,1,3.0,A55-Sens Marseille vers Martigues,43.37304848,5.18576785,08:40:00,2024-07-30
202400022174,17:40,Plein jour,76,76351,2,3,1,3.0,BOUTEILLERIE (DE LA),49.52173,0.16481,17:40:00,2024-09-03
202400022175,07:50,,51,51454,2,1,2,6.0,KOENIG (RUE DU GENERAL),49.226587,4.024019,07:50:00,2024-01-26
202400022176,05:50,Nuit sans éclairage,73,73065,2,3,3,1.0,D912 GRANDE CHARTREUSE (AVENUE DE LA),45.55544122,5.92181292,05:50:00,2024-09-05
202400022177,06:40,,51,51454,2,1,1,6.0,CRENEAUX (RUE DES),49.243697,4.04369,06:40:00,2024-01-26
202400022178,20:00,Crépuscule,67,67218,2,1,3,6.0,ALSACE (RUE D ),48.53352,7.72718,20:00:00,2024-09-05
202400022179,08:05,Plein jour,83,83144,1,1,1,4.0,A57,43.14055487,6.00057177,08:05:00,2024-07-30
202400022180,20:25,,50,50129,2,1,1,6.0,MENDES FRANCE (BOULEVARD),49.63393,-1.6229,20:25:00,2024-01-25
202400022181,01:00,,67,67043,2,1,2,3.0,BISCHWILLER (ROUTE DE),48.61536346,7.75282055,01:00:00,2024-09-05
202400022182,05:19,,49,49007,2,1,2,3.0,GAULLE BOULEVARD CHARLES DE,47.47015,-0.56228,05:19:00,2024-01-25
202400022183,08:25,Plein jour,66,66136,2,1,1,6.0,Chemin de Saint-Roch,42.68791,2.90858,08:25:00,2024-09-05
202400022184,23:15,,69,69266,1,1,1,4.0,Boulevard Périphérique Nord,45.79118648,4.88339652,23:15:00,2024-07-24
202400022185,07:56,,49,49007,1,1,1,2.0,ATLANTIQUE  AVENUE DE L',47.46776,-0.58483,07:56:00,2024-01-25
202400022186,14:10,Plein jour,65,65440,2,9,1,3.0,PARC DES EXPOSITIONS (ROND-POINT),43.2192644,0.08389636,14:10:00,2024-09-05
202400022187,16:45,Plein jour,59,59343,1,1,1,2.0,AUTOROUTE A1,50.58295075,3.09008033,16:45:00,2024-07-24
202400022188,07:40,,49,49007,2,1,2,3.0,PYRAMIDE ROUTE,47.44865,-0.51203,07:40:00,2024-01-24
202400022189,13:20,Plein jour,64,64545,1,1,1,1.0,RD810,43.362,-1.71632,13:20:00,2024-09-05
202400022190,19:10,,44,44109,2,1,1,6.0,1 Rue du Ballet,47.23089,-1.55694,19:10:00,2024-01-26
202400022191,15:50,Plein jour,64,64445,2,1,1,7.0,LARRIBAU,43.30244,-0.32972,15:50:00,2024-09-05
202400022192,16:45,Plein jour,93,93078,1,1,1,4.0,AUTOROUTE A104,48.95883814,2.53476623,16:45:00,2024-07-30
202400022193,13:00,Plein jour,43,43157,2,6,1,7.0,69 Avenue Marechal Foch,45.03464,3.8869,13:00:00,2024-01-26
202400022194,14:50,Plein jour,64,64445,2,6,1,3.0,POUGUET,43.32038,-0.35258,14:50:00,2024-09-05
202400022195,07:35,Plein jour,64,64445,2,1,1,6.0,CHAMPETIER DE RIBES,43.30357,-0.37824,07:35:00,2024-09-05
202400022196,17:00,Plein jour,42,42223,2,6,1,2.0,Route des Monts d’Urfee,45.46488201,4.32147726,17:00:00,2024-01-25
202400022197,16:50,Plein jour,93,93078,1,1,1,5.0,AUTOROUTE A104,48.9593458,2.52584113,16:50:00,2024-07-30
202400022198,08:05,Crépuscule,41,41018,2,1,1,6.0,MAUNOURY (AVENUE DE MARECHAL),47.59068,1.3351,08:05:00,2024-01-26
202400022199,12:45,Plein jour,62,62765,2,1,7,6.0,Quai du Commerce,50.75389,2.26237,12:45:00,2024-08-21
202400022200,06:40,,38,38185,2,1,1,3.0,RUE DES ALLIÉS,45.17056,5.72764,06:40:00,2024-01-26
202400022201,16:40,Plein jour,62,62757,2,1,1,2.0,D928,50.75458,2.23921,16:40:00,2024-09-01
202400022202,12:08,Plein jour,37,37261,2,2,3,6.0,HEURTELOUP (BOULEVARD),47.39189,0.69915,12:08:00,2024-01-26
202400022203,16:10,Plein jour,93,93066,1,1,1,4.0,AUTOROUTE A1,48.90515615,2.35842786,16:10:00,2024-07-30
202400022204,12:10,Plein jour,62,62523,2,1,1,3.0,D162E1,50.43909,2.87606,12:10:00,2024-09-05
202400022205,20:30,,37,37261,2,7,1,6.0,PERE GORIOT (RUE DU),47.42015,0.70106,20:30:00,2024-01-25
202400022206,15:20,Plein jour,62,62570,2,6,1,3.0,D262,50.398382,2.88584089,15:20:00,2024-09-04
202400022207,15:00,Plein jour,35,35281,1,1,1,3.0,NATIONALE,48.09029,-1.70498,15:00:00,2024-01-26
202400022208,15:20,Plein jour,93,93013,1,1,1,2.0,AUTOROUTE A1,48.94143032,2.42796991,15:20:00,2024-07-30
202400022209,13:05,Plein jour,62,62498,2,9,1,3.0,Rue de Londres,50.44314045,2.8368035,13:05:00,2024-08-23
202400022210,08:15,,35,35238,2,3,2,6.0,MOUNIER (BD EMMANUEL),48.12596,-1.66561,08:15:00,2024-01-26
202400022211,10:45,Plein jour,93,93066,1,1,1,4.0,AUTOROUTE A1,48.91859593,2.35735953,10:45:00,2024-07-30
202400022212,13:10,Plein jour,62,62193,2,1,1,3.0,Rue du Groupe Normandie Niemen,50.95138,1.90338,13:10:00,2024-09-05
202400022213,22:00,,34,34301,2,1,1,2.0,VERDUN (BOULEVARD DE),43.41,3.68,22:00:00,2024-01-26
202400022214,05:00,Nuit sans éclairage,93,93008,1,1,1,6.0,AUTOROUTE A86,48.91075329,2.44277632,05:00:00,2024-07-30
202400022215,11:20,Plein jour,60,60159,2,3,1,6.0,Jeanne d'Arc     ( Rue),49.41749,2.82321,11:20:00,2024-09-04
202400022216,08:20,Plein jour,33,33063,2,1,5,6.0,Unknown,44.88191,-0.55107,08:20:00,2024-01-26
202400022217,23:15,Nuit sans éclairage,95,95351,1,1,1,3.0,N104,49.02967727,2.49931068,23:15:00,2024-07-30
202400022218,13:50,Plein jour,33,33069,2,9,1,3.0,Unknown,44.86942,-0.6072,13:50:00,2024-01-25
202400022219,01:00,,59,59350,2,1,1,6.0,Rue du Quai,50.63713,3.05562,01:00:00,2024-09-06
202400022220,22:20,,95,95527,1,1,1,2.0,A3,48.98224238,2.50206822,22:20:00,2024-07-29
202400022221,20:08,Plein jour,56,56260,2,2,1,6.0,Rue Henri Dunant,47.65169,-2.76775,20:08:00,2024-09-05
202400022222,16:20,Plein jour,29,29232,2,1,1,4.0,Route de Rosporden,47.98989423,-4.06456878,16:20:00,2024-01-26
202400022223,16:37,Plein jour,51,51454,2,3,1,7.0,POINCARE (RUE RAYMOND),49.282407,4.018998,16:37:00,2024-09-04
202400022224,16:30,Plein jour,93,93013,1,1,1,4.0,AUTOROUTE A1,48.94022999,2.42355031,16:30:00,2024-07-29
202400022225,14:00,Plein jour,95,95488,1,1,1,6.0,A15,49.01352598,2.14843642,14:00:00,2024-07-29
202400022226,18:55,,26,26198,1,3,1,3.0,Avenue de Gournier,44.53168,4.74263,18:55:00,2024-01-26
202400022227,19:00,Plein jour,50,50502,2,2,1,3.0,EXODE,49.11109,-1.09001,19:00:00,2024-08-31
202400022228,18:15,,25,25284,2,1,2,6.0,BETHONCOURT (ROUTE DE ),47.53018,6.81022,18:15:00,2024-01-25
202400022229,00:00,Nuit sans éclairage,49,49099,1,1,1,2.0,RD 20,47.04831,-0.83236,00:00:00,2024-08-19
202400022230,19:45,Plein jour,77,77058,1,1,1,4.0,A4,48.8308,2.692695,19:45:00,2024-07-30
202400022231,07:30,,25,25056,2,1,1,1.0,BLUM BOULEVARD LEON (entre 51 ET  90),47.25999,6.03092,07:30:00,2024-01-26
202400022232,04:20,,49,49007,2,1,1,6.0,CROIX BLANCHE RUE ET SQUARE,47.4787,-0.51751,04:20:00,2024-09-05
202400022233,16:50,Plein jour,77,77373,1,1,1,6.0,RN104,48.772912,2.611876,16:50:00,2024-07-29
202400022234,22:40,,49,49007,2,1,1,3.0,SAUMUROISE IMPASSE ET RUE,47.45564,-0.5299,22:40:00,2024-09-04
202400022235,12:50,Plein jour,45,45208,2,1,1,6.0,D943 PR 0 + 780,47.998241,2.743294,12:50:00,2024-07-29
202400022236,21:15,,14,14118,2,1,1,2.0,4 Boulevard Richemond,49.19156,-0.3757,21:15:00,2024-01-25
202400022237,10:34,Plein jour,45,45232,2,1,2,3.0,D2020 PR 40 + 408,47.8527,1.91194,10:34:00,2024-09-05
202400022238,17:25,Plein jour,43,43089,2,1,1,7.0,Route de Langeac,45.0522296,3.84412651,17:25:00,2024-05-28
202400022239,21:30,,14,14118,2,3,1,3.0,126 Boulevard Raymond Poincaré,49.16693,-0.33855,21:30:00,2024-01-25
202400022240,05:50,,43,43157,2,1,7,6.0,Place du Breuil,45.04207,3.88473,05:50:00,2024-05-30
202400022241,08:00,Plein jour,45,45234,2,6,2,1.0,Rue du Chapeau Rouge,47.8798,1.8854,08:00:00,2024-09-05
202400022242,19:05,,14,14118,2,1,2,7.0,Avenue Amiral Mountbatten,49.19998,-0.39318,19:05:00,2024-01-25
202400022243,16:20,Plein jour,74,74012,2,1,1,4.0,THONON (ROUTE DE),46.19413,6.25782,16:20:00,2024-05-30
202400022244,07:35,Plein jour,45,45284,1,1,2,3.0,RN 60,47.92468,1.97724,07:35:00,2024-09-05
202400022245,11:00,Plein jour,13,13043,2,1,1,2.0,ROVE (AV DU ),43.3839,5.21954,11:00:00,2024-01-26
202400022246,14:00,Plein jour,45,45208,2,1,1,2.0,32 Rue Emile Decourt,47.998229,2.746053,14:00:00,2024-09-05
202400022247,02:30,,57,57019,2,1,1,7.0,CD47,49.25716215,6.11427784,02:30:00,2024-05-25
202400022248,07:10,Crépuscule,973,97302,2,6,1,7.0,GIRATOIRE MARINGOUINS,4.90696,-52.32233,07:10:00,2024-07-29
202400022249,13:10,Plein jour,13,13054,2,2,1,3.0,SIGNORE (BD DE LA ),43.42109,5.20775,13:10:00,2024-01-25
202400022250,07:00,Crépuscule,44,44184,2,1,3,3.0,38 Rue Gabriel Fauré,47.26976,-2.23895,07:00:00,2024-09-05
202400022251,22:25,,973,97302,2,1,1,2.0,MERE THERESA (rue),4.91919,-52.31276,22:25:00,2024-07-28
202400022252,09:00,Plein jour,11,11069,2,3,1,3.0,36 Avenue du Général Leclerc,43.21009,2.3645,09:00:00,2024-01-25
202400022253,21:30,Crépuscule,44,44109,2,5,1,1.0,10 Quai Moncousu,47.2093,-1.55542,21:30:00,2024-09-03
202400022254,11:10,Plein jour,972,97209,2,2,1,3.0,VICTOR CORIDUN (AVENUE),14.60985,-61.04684,11:10:00,2024-07-27
202400022255,11:30,Plein jour,37,37214,2,1,2,2.0,MAISONS BLANCHES (QUAI DES),47.39568,0.65703,11:30:00,2024-09-05
202400022256,17:45,,06,06027,2,1,1,4.0,Promenade de la Plage,43.6523,7.1544,17:45:00,2024-01-23
202400022257,19:45,Plein jour,36,36159,2,1,8,1.0,Avenue de la Forêt,46.7738434,1.71059489,19:45:00,2024-09-05
202400022258,01:26,,69,69387,2,1,1,6.0,Rue Montesquieu,45.75181,4.84413,01:26:00,2024-07-29
202400022259,18:50,,01,01053,2,3,2,6.0,boulevard de brou,46.19989,5.23347,18:50:00,2024-01-26
202400022260,04:30,,35,35238,2,2,2,3.0,FREVILLE (AVENUE HENRI),48.08372,-1.67514,04:30:00,2024-09-05
202400022261,22:30,,75,75120,2,1,1,7.0,ECHANGEUR BAGNOLET,48.86589882,2.41253579,22:30:00,2024-01-25
202400022262,22:40,,2B,2B033,2,6,1,3.0,GIACCOBBI - AV PAUL,42.67131,9.44248,22:40:00,2024-07-29
202400022263,17:10,Plein jour,34,34172,2,1,1,3.0,MOULINS (AVENUE DES,43.62089,3.83363,17:10:00,2024-09-05
202400022264,06:00,,75,75105,2,3,2,6.0,RUE DES ECOLES,48.8499248,2.34365112,06:00:00,2024-01-26
202400022265,18:58,Plein jour,2B,2B120,1,1,1,2.0,LAGUNE (Route de la) D107,42.61847,9.4762,18:58:00,2024-07-29
202400022266,09:33,Plein jour,34,34003,2,6,1,3.0,MONACO (F16 A G15,43.30909,3.47714,09:33:00,2024-09-04
202400022267,15:00,Plein jour,971,97101,1,1,1,6.0,PERRIN (SECTEUR),16.28071,-61.51117,15:00:00,2024-07-27
202400022268,08:25,Crépuscule,75,75120,2,4,2,5.0,AVENUE GAMBETTA,48.871219,2.404008,08:25:00,2024-01-26
202400022269,08:10,Plein jour,33,33318,2,1,1,2.0,Unknown,44.81228,-0.6447,08:10:00,2024-09-05
202400022270,07:40,,75,75117,2,1,2,6.0,BOULEVARD DU FORT DE VAUX,48.893493,2.303364,07:40:00,2024-01-26
202400022271,09:45,Plein jour,2A,2A004,1,1,1,2.0,ALATA ROUTE,41.94619,8.73715,09:45:00,2024-07-29
202400022272,15:20,Plein jour,27,27681,1,3,3,3.0,IVRY (ROUTE D'),49.071,1.472,15:20:00,2024-09-05
202400022273,13:40,Plein jour,95,95277,2,1,1,6.0,BELLE ETOILE (RUE DE LA),48.97857,2.50021,13:40:00,2024-07-29
202400022274,00:10,,75,75115,2,3,1,1.0,AVENUE DU MAINE,48.844957,2.319849,00:10:00,2024-01-26
202400022275,19:40,Plein jour,27,27229,2,2,1,2.0,VERNON (RUE DE),49.03173,1.15862,19:40:00,2024-09-05
202400022276,09:45,Plein jour,95,95280,2,3,1,1.0,ALBERT SARRAUT (AVENUE),49.031541,2.45913148,09:45:00,2024-07-29
202400022277,14:35,Plein jour,75,75114,2,3,1,3.0,RUE FROIDEVAUX,48.835184,2.329996,14:35:00,2024-01-24
202400022278,14:08,Plein jour,27,27229,2,1,2,7.0,VAL ITON (RUE DU),49.03426,1.14763,14:08:00,2024-09-05
202400022279,06:55,Plein jour,95,95555,2,6,1,6.0,CRESSONNIERES (RUE DES),48.97633577,2.28766948,06:55:00,2024-07-29
202400022280,18:45,Plein jour,26,26362,2,1,1,6.0,Avenue Victor Hugo,44.91430002,4.88477468,18:45:00,2024-09-05
202400022281,06:15,Plein jour,95,95127,2,6,1,3.0,HAUT PAVE (AVENUE DU),49.05105206,2.03174606,06:15:00,2024-07-29
202400022282,10:50,Plein jour,75,75113,2,2,1,6.0,RUE CLISSON,48.832182,2.367656,10:50:00,2024-01-26
202400022283,07:35,Plein jour,26,26362,2,1,3,6.0,Avenue Docteur Paul Santy,44.91256,4.90879,07:35:00,2024-09-05
202400022284,21:30,Nuit sans éclairage,75,75112,2,2,1,3.0,RUE DE CHARENTON,48.83527505,2.39280179,21:30:00,2024-01-26
202400022285,19:40,Plein jour,26,26198,2,1,1,1.0,Rue Léon Blum,44.56823427,4.75246668,19:40:00,2024-09-05
202400022286,05:05,,95,95218,2,3,1,2.0,N184,49.01342586,2.08977853,05:05:00,2024-07-29
202400022287,05:50,Plein jour,75,75117,2,3,1,7.0,BOULEVARD PERSHING,48.881735,2.285234,05:50:00,2024-05-25
202400022288,22:45,,75,75111,2,3,2,3.0,BOULEVARD VOLTAIRE,48.855379,2.38434,22:45:00,2024-01-25
202400022289,10:50,Plein jour,75,75114,2,1,1,7.0,BOULEVARD BRUNE,48.827685,2.305111,10:50:00,2024-05-24
202400022290,08:20,Plein jour,25,25204,2,4,3,3.0,Champ d'anis  (avenue),46.92148,6.34656,08:20:00,2024-09-05
202400022291,17:40,Plein jour,95,95018,2,9,1,2.0,D392,48.94810001,2.20605018,17:40:00,2024-07-29