Num_Acc,hrmn,lum,dep,com,agg,int,atm,col,adr,lat,long,heure,date
202400022292,08:55,Plein jour,75,75103,2,2,8,6.0,RUE REAUMUR,48.865975,2.353772,08:55:00,2024-01-25
202400022293,06:30,Crépuscule,91,91421,2,1,1,6.0,CORBEIL (ROUTE DE),48.70881,2.44104,06:30:00,2024-07-29
202400022294,18:05,Plein jour,75,75111,2,3,1,3.0,RUE DU CHEMIN VERT,48.861857,2.383453,18:05:00,2024-05-06
202400022295,07:37,,19,19031,2,2,1,3.0,MIRABEAU (BOULEVARD) COTE SUD,45.16422,1.5215,07:37:00,2024-09-05
202400022296,17:40,,94,94058,2,1,1,2.0,Rue d'Avron,48.849345,2.500638,17:40:00,2024-01-26
202400022297,11:10,Plein jour,91,91027,2,1,1,3.0,AV HENRI DUNANT,48.717286,2.399484,11:10:00,2024-07-29
202400022298,11:18,Plein jour,75,75110,2,4,1,3.0,BOULEVARD DE MAGENTA,48.8814102,2.35141486,11:18:00,2024-05-25
202400022299,08:30,Plein jour,19,19031,2,3,1,3.0,BRUNE (BOULEVARD),45.15353,1.53674,08:30:00,2024-09-04
202400022300,19:30,,94,94022,2,3,1,6.0,Av de Villeneuve Saint Georges / Rue Théophile Ducloux,48.76213999,2.41940376,19:30:00,2024-01-26
202400022301,19:30,Plein jour,89,89236,2,1,1,2.0,D 606,48.17745,3.29425,19:30:00,2024-07-29
202400022302,09:30,Plein jour,75,75108,2,3,1,7.0,COURS LA REINE,48.86501648,2.31556427,09:30:00,2024-05-25
202400022303,16:30,Crépuscule,94,94073,2,2,1,3.0,Avenue du Général Leclerc / Av du Mal de Lattre de Tassigny,48.761278,2.403206,16:30:00,2024-01-25
202400022304,11:15,Plein jour,18,18033,2,2,1,1.0,47 Rue des Fonds Gaidons,47.07964,2.4243,11:15:00,2024-09-05
202400022305,19:45,Plein jour,75,75115,2,1,1,3.0,BOULEVARD VICTOR,48.834874,2.28261,19:45:00,2024-05-25
202400022306,15:25,Plein jour,88,88160,2,2,1,3.0,BOULAY-DE-LA-MEURTHE (RUE),48.179,6.44457,15:25:00,2024-07-09
202400022307,12:19,Plein jour,87,87085,2,1,1,6.0,KENNEDY (AVENUE DU PRESIDENT JOHN),45.80446485,1.28484964,12:19:00,2024-07-26
202400022308,20:20,,93,93046,2,2,1,2.0,Avenue de Livry / Chemin de la Mare au Chanvre,48.92972,2.54071,20:20:00,2024-01-26
202400022309,15:00,Plein jour,75,75107,2,3,1,2.0,QUAI D ORSAY,48.862826,2.313414,15:00:00,2024-05-25
202400022310,08:00,Plein jour,13,13054,2,2,1,3.0,FIGUERES (RUE DES ),43.41418,5.21222,08:00:00,2024-09-05
202400022311,05:35,Nuit sans éclairage,85,85194,2,1,1,7.0,Boulevard du vendée globe,46.49635,-1.75317,05:35:00,2024-07-29
202400022312,12:50,Plein jour,93,93070,2,1,1,2.0,Rue Ardoin,48.913431,2.324022,12:50:00,2024-01-26
202400022313,18:15,Plein jour,75,75103,2,2,1,6.0,RUE RAMBUTEAU,48.86181725,2.35088128,18:15:00,2024-05-25
202400022314,12:38,Plein jour,85,85191,2,1,1,6.0,Rue du maréchal ney,46.67497,-1.42886,12:38:00,2024-07-29
202400022315,18:00,Plein jour,13,13209,2,3,1,3.0,REDON (BOULEVARD DU),43.24741913,5.42421768,18:00:00,2024-09-05
202400022316,08:00,Crépuscule,93,93066,2,1,2,3.0,Rue Pleyel,48.918966,2.345144,08:00:00,2024-01-26
202400022317,11:30,Plein jour,75,75101,2,7,1,4.0,RUE DE RICHELIEU,48.86386458,2.33591598,11:30:00,2024-05-25
202400022318,18:15,Plein jour,84,84007,2,2,1,3.0,C.De GAULLE (Rocade),43.928486,4.809521,18:15:00,2024-07-12
202400022319,07:55,Nuit sans éclairage,93,93064,2,3,2,6.0,Rue Marcellin Berthelot / Rue Victor Hugo,48.8649312,2.49022186,07:55:00,2024-01-26
202400022320,06:45,Crépuscule,13,13213,1,1,1,5.0,ESCADRILLE NORMANDIE NIEMEN,43.33987,5.40923,06:45:00,2024-09-05
202400022321,06:50,Crépuscule,94,94074,2,3,1,2.0,Avenue Henri Barbusse / Rue Michelet,48.76358714,2.44213897,06:50:00,2024-05-25
202400022322,11:05,Plein jour,13,13215,2,1,2,2.0,MADRAGUE VILLE (chemin de la),43.33337362,5.35849921,11:05:00,2024-09-04
202400022323,12:15,Plein jour,84,84007,2,6,1,3.0,AMANDIER (Avenue de l'),43.93562,4.84858,12:15:00,2024-07-29
202400022324,14:08,Plein jour,93,93047,2,3,1,3.0,Avenue Jean Jaurès / Avenue des Rosières,48.89863681,2.54888847,14:08:00,2024-01-26
202400022325,13:05,Plein jour,94,94071,2,3,1,6.0,Rue du Grand Val / Rue Maurice Berteaux,48.77393059,2.51751827,13:05:00,2024-05-25
202400022326,22:00,Nuit sans éclairage,93,93010,2,1,1,3.0,Rue Louis Auguste Blanqui,48.89829,2.488988,22:00:00,2024-01-26
202400022327,20:55,,13,13001,2,2,1,3.0,BAUDOIN ALBERT (AV),43.52419,5.43343,20:55:00,2024-09-05
202400022328,19:10,Plein jour,83,83137,2,1,1,4.0,VILLEVIEILLE (ROND POINT),43.12705,5.92118,19:10:00,2024-07-29
202400022329,17:00,Plein jour,93,93078,2,6,1,3.0,Route de Villepinte / Avenue Vauban,48.97103866,2.54922509,17:00:00,2024-05-25
202400022330,01:25,,93,93007,2,3,2,7.0,Avenue Paul Vaillant Couturier / Rue de Londres,48.929138,2.478916,01:25:00,2024-01-26
202400022331,07:35,Plein jour,11,11262,2,6,1,3.0,Unknown,43.15965,2.97018,07:35:00,2024-08-30
202400022332,14:10,Plein jour,81,81065,2,2,7,3.0,CHAPTAL (RUE JEAN),43.5892701,2.1894365,14:10:00,2024-07-29
202400022333,12:20,Plein jour,93,93064,2,1,1,1.0,Rue de Lisbonne,48.881907,2.469113,12:20:00,2024-05-25
202400022334,09:43,Plein jour,10,10387,2,1,1,2.0,Place Robert Galley,48.29,4.06765,09:43:00,2024-09-04
202400022335,13:45,Plein jour,93,93005,2,2,1,7.0,Boulevard de Strasbourg / Rue de Reims,48.923436,2.485566,13:45:00,2024-01-26
202400022336,07:20,Plein jour,78,78688,2,2,1,2.0,ROUTE DE GUYANCOURT,48.76442,2.05184,07:20:00,2024-07-29
202400022337,21:20,Crépuscule,93,93033,2,7,1,3.0,Place Churchill / Avenue des Princes / Rue des Fougères,48.858847,2.58151,21:20:00,2024-05-25
202400022338,15:40,Plein jour,92,92022,2,1,7,2.0,COTEAU (RUE DU),48.81446031,2.18947524,15:40:00,2024-01-26
202400022339,17:45,Plein jour,09,09122,2,9,1,3.0,FAURE (COURS GABRIEL),42.96439,1.61051,17:45:00,2024-09-05
202400022340,18:15,Plein jour,77,77251,1,1,1,1.0,AV MARGUERITE PEREY,48.61881,2.56173,18:15:00,2024-07-28
202400022341,09:40,Plein jour,92,92022,2,1,1,6.0,FRANCE (RUE ANATOLE),48.80544788,2.1880542,09:40:00,2024-01-23
202400022342,14:10,Plein jour,93,93079,2,3,1,6.0,Rue Étienne Fajon / Rue du 19 Mars 1962,48.96076,2.34271,14:10:00,2024-05-25
202400022343,16:32,Plein jour,05,05061,2,1,1,2.0,Avenue de Provence,44.53547442,6.05131567,16:32:00,2024-08-27
202400022344,11:30,Plein jour,77,77058,1,1,1,1.0,MARIE CURIE  (AVENUE),48.83411945,2.71430739,11:30:00,2024-07-29
202400022345,11:00,Plein jour,92,92064,2,2,2,3.0,PORTE JAUNE,48.84900482,2.20110476,11:00:00,2024-01-26
202400022346,13:30,Plein jour,93,93001,2,5,1,3.0,Avenue du Président Roosevelt / Boulevard Anatole France,48.9151,2.38102,13:30:00,2024-05-25
202400022347,18:00,Plein jour,75,75117,2,1,2,3.0,BOULEVARD PERIPHERIQUE INTERIEUR OUEST,48.883981,2.285279,18:00:00,2024-09-05
202400022348,09:40,Plein jour,92,92022,2,1,1,7.0,SALENGRO (AVENUE ROGER),48.81016059,2.19052541,09:40:00,2024-05-25
202400022349,20:25,Plein jour,76,76540,2,2,1,3.0,Quai Cavelier de la Salle,49.43691,1.08734,20:25:00,2024-07-29
202400022350,11:04,Plein jour,75,75112,2,1,2,3.0,BOULEVARD PERIPHERIQUE EXTERIEUR SUD,48.83401,2.409516,11:04:00,2024-09-05
202400022351,14:00,Plein jour,92,92036,2,6,1,3.0,MARCEL PAUL (AVENUE) (1/103),48.93680443,2.30364516,14:00:00,2024-01-26
202400022352,17:27,Plein jour,92,92048,2,1,1,7.0,PAVE DES GARDES (ROUTE DU),48.81876,2.24088,17:27:00,2024-05-24
202400022353,07:50,Plein jour,76,76640,1,1,1,2.0,Rue de Louviers,49.26232,1.05742,07:50:00,2024-07-29
202400022354,00:10,,92,92019,2,1,1,6.0,DIVISION LECLERC (AVENUE DE LA),48.76212,2.28571,00:10:00,2024-05-25
202400022355,05:15,,75,75120,2,1,2,5.0,BOULEVARD PERIPHERIQUE,48.852658,2.414748,05:15:00,2024-09-05
202400022356,08:45,Plein jour,92,92036,2,3,2,4.0,GENERAL DE GAULLE (AVENUE) (PAIRS),48.93377868,2.31336772,08:45:00,2024-01-26
202400022357,12:35,Plein jour,92,92012,2,1,1,2.0,POINT DU JOUR (RUE DU),48.83120882,2.2520813,12:35:00,2024-05-25
202400022358,00:05,,76,76351,2,2,1,3.0,FLEURUS (DE),49.49257,0.13757,00:05:00,2024-07-29
202400022359,00:30,,75,75115,2,4,1,6.0,BOULEVARD PERIPHERIQUE INTERIEUR SUD,48.82606989,2.29887307,00:30:00,2024-09-05
202400022360,20:40,,92,92025,2,2,1,3.0,COLBERT  55 A 113   42 A 102 (RUE),48.91358266,2.23500531,20:40:00,2024-01-26
202400022361,23:30,,76,76351,2,1,1,7.0,JEAN JAURES (AVENUE),49.49927,0.15462,23:30:00,2024-07-25
202400022362,13:10,Plein jour,92,92007,2,1,1,2.0,BRIAND (AVENUE ARISTIDE) N° 100 A 160,48.79899,2.32284,13:10:00,2024-05-25
202400022363,11:55,Plein jour,75,75112,2,1,1,3.0,BOULEVARD PERIPHERIQUE EXTERIEUR NORD  ,48.830807,2.403154,11:55:00,2024-09-04
202400022364,12:33,Plein jour,92,92023,2,1,8,6.0,PAUL VAILLANT COUTURIER (RUE),48.8026493,2.26323992,12:33:00,2024-01-26
202400022365,18:50,Plein jour,76,76351,2,2,1,7.0,PAUL VERLAINE (AVENUE),49.50968,0.15137,18:50:00,2024-07-28
202400022366,19:15,Plein jour,37,37200,2,3,1,3.0,2 Rue de la Besneraie,47.26998937,0.37004091,19:15:00,2024-05-25
202400022367,18:59,Plein jour,75,75106,2,1,1,3.0,BOULEVARD SAINT MICHEL,48.849199,2.341955,18:59:00,2024-09-05
202400022368,18:35,,92,92002,2,6,1,3.0,LEWISHAM (PLACE DE),48.7499376,2.30916309,18:35:00,2024-01-26
202400022369,04:30,Nuit avec éclairage,69,69271,1,4,1,6.0,Route de Lyon,45.74230991,4.94186835,04:30:00,2024-07-28
202400022370,11:30,Plein jour,76,76115,1,2,1,3.0,intersection D28/D109,49.605704,0.560587,11:30:00,2024-05-26
202400022371,13:54,Plein jour,66,66136,2,1,1,6.0,JOFFRE (AVENUE DU MARECHAL CD 88),42.71264,2.88938,13:54:00,2024-07-28
202400022372,16:50,Crépuscule,92,92002,2,6,1,3.0,ANDRE CHENIER (RUE 1 A 25),48.73838959,2.2754032,16:50:00,2024-01-26
202400022373,21:20,,75,75120,2,7,1,2.0,ECHANGEUR VINCENNES,48.847033,2.41407,21:20:00,2024-09-05
202400022374,12:45,Plein jour,64,64260,2,1,1,7.0,Boulevard du général de gaulle,43.35824,-1.77625,12:45:00,2024-07-29
202400022375,02:45,,11,11193,2,2,1,6.0,"RD 209, grande rue",43.179277,2.086678,02:45:00,2024-05-26
202400022376,15:40,Plein jour,92,92002,2,1,1,6.0,ADOLPHE PAJEAUD (RUE),48.7426266,2.28660539,15:40:00,2024-01-26
202400022377,20:20,Nuit avec éclairage,75,75120,2,2,1,3.0,RUE DES PYRENEES,48.866663,2.397101,20:20:00,2024-09-05
202400022378,20:15,Plein jour,64,64102,2,1,1,2.0,RAYMOND DE MARTRES (AVENUE),43.48626,-1.48286,20:15:00,2024-07-28
202400022379,18:15,,39,39487,2,1,2,6.0,47 Rue de Genève,46.57672443,5.96034184,18:15:00,2024-01-26
202400022380,16:20,Plein jour,75,75120,2,1,2,2.0,BOULEVARD PERIPHERIQUE,48.850099,2.415106,16:20:00,2024-09-05
202400022381,10:25,Plein jour,71,71047,1,3,2,3.0,D973,46.642329,3.774383,10:25:00,2024-05-26
202400022382,13:30,Plein jour,75,75120,2,3,1,3.0,RUE JEAN VEBER,48.862418,2.409158,13:30:00,2024-09-04
202400022383,15:00,Plein jour,2A,2A362,1,1,1,6.0,D268,41.77589552,9.21549429,15:00:00,2024-05-26
202400022384,13:55,Plein jour,61,61169,2,6,1,3.0,D424,48.752236,-0.574767,13:55:00,2024-07-25
202400022385,16:50,Crépuscule,62,62461,2,1,7,2.0,D928,50.383537,2.04232,16:50:00,2024-01-26
202400022386,17:08,Plein jour,57,57177,2,1,1,6.0,Route de Loudrefing,48.8148,6.72782,17:08:00,2024-05-24
202400022387,18:55,Plein jour,59,59656,2,1,1,6.0,Rue des Frères Saint-Léger,50.77654,3.05328,18:55:00,2024-07-29
202400022388,12:43,Plein jour,75,75119,2,4,2,2.0,RUE DAVID D ANGERS,48.882716,2.389885,12:43:00,2024-09-05
202400022389,10:30,Plein jour,27,27306,1,1,1,1.0,rue des moisonneurs,48.974953,1.175424,10:30:00,2024-05-25
202400022390,19:30,Plein jour,59,59599,2,1,1,1.0,SCHUMAN (RUE ROBERT),50.74415,3.17879,19:30:00,2024-07-29
202400022391,21:15,,75,75116,2,2,1,2.0,RUE DE LA POMPE,48.866559,2.280118,21:15:00,2024-09-04
202400022392,16:00,Plein jour,54,54213,1,1,1,7.0,D132,49.141969,5.84904,16:00:00,2024-05-26
202400022393,02:30,Nuit avec éclairage,58,58194,2,1,2,6.0,REPUBLIQUE (BOULEVARD),46.99429,3.1704,02:30:00,2024-07-28
202400022394,14:25,Plein jour,75,75115,2,2,2,6.0,RUE BELLART,48.846575,2.308664,14:25:00,2024-09-05
202400022395,10:00,Plein jour,974,97413,2,1,1,6.0,40 Chemin Departemental 25,-21.195428,55.301077,10:00:00,2024-05-26
202400022396,11:45,Plein jour,58,58194,2,1,1,7.0,BARATTE (FAUBOURG),46.98065,3.18945,11:45:00,2024-07-27
202400022397,17:00,Plein jour,75,75114,2,4,2,6.0,AVENUE DU GENERAL LECLERC,48.828777,2.327691,17:00:00,2024-09-05
202400022398,15:40,Plein jour,65,65101,1,2,1,2.0,D817,43.208069,0.214298,15:40:00,2024-05-25
202400022399,17:35,Plein jour,56,56260,2,1,1,6.0,Rue Théophraste Renaudot,47.66251,-2.78563,17:35:00,2024-07-25
202400022400,13:55,Plein jour,75,75115,2,3,1,1.0,RUE OLIVIER DE SERRES,48.831112,2.292452,13:55:00,2024-09-04
202400022401,06:52,Crépuscule,54,54395,2,1,1,6.0,boulevard du 21ème RA,48.69248,6.19284,06:52:00,2024-07-28
202400022402,11:50,Plein jour,75,75113,2,1,2,6.0,RUE DE L AMIRAL MOUCHEZ,48.821841,2.342214,11:50:00,2024-09-05
202400022403,18:45,Plein jour,56,56137,1,3,8,3.0,Lieu Dit Guernevé,47.745936,-2.691964,18:45:00,2024-05-25
202400022404,06:35,Crépuscule,75,75114,2,3,3,6.0,BOULEVARD JOURDAN,48.819671,2.341638,06:35:00,2024-09-05
202400022405,15:55,Plein jour,54,54257,1,5,2,1.0,route de Mirecourt,48.64761623,6.18242137,15:55:00,2024-07-27
202400022406,08:30,Plein jour,75,75113,2,1,3,6.0,PLACE JEANNE D ARC,48.830379,2.368375,08:30:00,2024-09-05
202400022407,11:50,Plein jour,76,76441,2,3,1,1.0,Rue Andre Carpentier,49.953122,1.589236,11:50:00,2024-05-26
202400022408,16:39,Plein jour,54,54261,1,1,1,2.0,Rue du Côteau,49.5149,5.7997,16:39:00,2024-07-29
202400022409,07:50,Crépuscule,75,75114,2,1,3,6.0,RUE RAYMOND LOSSERAND,48.831313,2.313061,07:50:00,2024-09-05
202400022410,11:25,Plein jour,2B,2B050,2,1,1,6.0,zone industrielle cantone,42.536552,8.801368,11:25:00,2024-05-25
202400022411,09:00,Plein jour,51,51454,2,1,1,7.0,JAMOT (PLACE PAUL),49.25372,4.0395,09:00:00,2024-07-28
202400022412,09:30,Plein jour,94,94044,2,1,3,3.0,Rue Marius Dantz,48.74915,2.48135,09:30:00,2024-09-05
202400022413,07:30,Plein jour,82,82171,1,1,1,6.0,D14 route de beaumont de lomagne,44.01068,1.164213,07:30:00,2024-05-25
202400022414,20:00,Plein jour,49,49099,2,3,1,3.0,CALMETTE (RUE ALBERT),47.05629,-0.8663,20:00:00,2024-07-16
202400022415,10:35,Plein jour,94,94018,2,3,8,1.0,Quai de Bercy,48.82588,2.39263,10:35:00,2024-09-05
202400022416,11:10,Plein jour,46,46042,2,1,1,2.0,ORMEAUX (COTE DES),44.46539,1.42848,11:10:00,2024-07-27
202400022417,14:40,Plein jour,93,93073,1,3,1,3.0,Rue de Dublin / Rue de Paris,49.00847725,2.5615865,14:40:00,2024-09-04
202400022418,20:00,Plein jour,63,63265,1,3,1,3.0,Puy Renard,45.843984,3.428652,20:00:00,2024-05-25
202400022419,18:10,Plein jour,45,45068,2,6,1,6.0,2 Rue Roger Salengro,48.011484,2.719683,18:10:00,2024-07-21
202400022420,16:50,Plein jour,93,93062,2,2,2,3.0,Allée des Sapins / Allée du Plateau,48.89723,2.53002,16:50:00,2024-09-05
202400022421,05:20,Nuit sans éclairage,40,40279,1,1,1,6.0,RD 524,43.72655,-1.0928,05:20:00,2024-07-28
202400022422,16:55,Plein jour,34,34186,2,1,1,7.0,pk 12 D157,43.67325,3.264082,16:55:00,2024-05-26
202400022423,12:30,Plein jour,93,93051,2,2,2,3.0,Rue Pierre Brossolette / Rue de Verdun,48.8454,2.53466,12:30:00,2024-09-05
202400022424,07:55,Plein jour,38,38516,2,1,1,2.0,D1090,45.1954,5.75071,07:55:00,2024-07-29
202400022425,05:45,Crépuscule,25,25356,1,1,1,6.0,D437 Village des Bichets,47.235371,6.784927,05:45:00,2024-05-26
202400022426,08:35,Plein jour,93,93062,2,4,3,3.0,Allée des Sapins / Boulevard de l'Est,48.89815308,2.52719879,08:35:00,2024-09-05
202400022427,05:30,,34,34301,2,1,1,6.0,ROUGET DE LISLE (RUE),43.40681,3.69339,05:30:00,2024-07-29
202400022428,19:30,Plein jour,34,34301,2,1,1,2.0,HIRONDELLES (CHEMIN DES),43.414518,3.676375,19:30:00,2024-07-14
202400022429,03:45,,25,25015,1,3,1,3.0,Zone Industrielle Grands Bois,47.0297,6.086485,03:45:00,2024-05-19
202400022430,15:00,Plein jour,29,29293,2,1,1,6.0,Rue Saint Philibert,47.85224991,-3.85159692,15:00:00,2024-05-25
202400022431,10:05,Plein jour,29,29232,2,1,1,4.0,Route de Pont l'Abbe,47.97941133,-4.12250636,10:05:00,2024-07-29
202400022432,23:20,Nuit sans éclairage,29,29106,1,3,3,6.0,Kerneon,48.10796407,-4.07654727,23:20:00,2024-05-25
202400022433,23:15,Nuit sans éclairage,29,29212,1,1,1,6.0,route de l'Arvor,48.380593,-4.622408,23:15:00,2024-05-07
202400022434,17:25,Plein jour,29,29019,2,2,1,3.0,boulevard de l'Europe,48.416884,-4.468528,17:25:00,2024-07-29
202400022435,16:56,Plein jour,22,22113,2,1,1,2.0,DE BROGLIE (RUE DE),48.75791,-3.45704,16:56:00,2024-07-25
202400022436,15:35,Plein jour,14,14333,2,9,1,6.0,8 Chemin le Grand Bouloir,49.41770746,0.23042053,15:35:00,2024-07-27
202400022437,13:15,Plein jour,02,02422,2,4,1,3.0,2 Rue de Vadencourt,49.932367,3.62146,13:15:00,2024-05-26
202400022438,16:00,Plein jour,03,03292,1,1,1,6.0,la vernaie tronget 03240,46.402918,3.094368,16:00:00,2024-05-25
202400022439,19:00,Plein jour,13,13054,2,1,1,2.0,HENRI DUNANT (AV ),43.40599613,5.25772753,19:00:00,2024-07-29
202400022440,20:35,Plein jour,05,05164,1,1,1,3.0,"pont de Savines-le-lac, route nationale 94",44.534076,6.392927,20:35:00,2024-05-26
202400022441,00:40,,13,13212,2,1,1,3.0,SALETTE (TRAVERSE DE LA),43.31456541,5.47713408,00:40:00,2024-07-30
202400022442,00:45,Nuit sans éclairage,60,60692,2,1,1,7.0,Rue d'Hardivillers,49.641036,2.236495,00:45:00,2024-05-26
202400022443,20:37,Plein jour,13,13207,2,1,1,3.0,DECAZES (RUE),43.28792,5.35947,20:37:00,2024-07-29
202400022444,18:50,Crépuscule,16,16181,1,1,1,7.0,Unknown,46.056615,0.683599,18:50:00,2024-05-26
202400022445,05:35,Crépuscule,21,21423,1,1,1,6.0,Grande Rue de Laborde,46.986584,4.852567,05:35:00,2024-05-26
202400022446,20:35,Plein jour,13,13206,2,1,1,2.0,TOULON (AVENUE DE),43.28626,5.38488,20:35:00,2024-07-29
202400022447,14:56,Plein jour,87,87132,1,1,1,6.0,MONT MASPERTUIS,45.76208922,1.80611372,14:56:00,2024-05-26
202400022448,16:15,Plein jour,52,52407,1,1,3,1.0,D674,48.2832,5.479871,16:15:00,2024-05-18
202400022449,06:15,Nuit sans éclairage,13,13047,1,1,1,6.0,Cabane Noire (Route de la),43.47523,4.99244,06:15:00,2024-07-29
202400022450,18:20,Plein jour,06,06152,1,1,1,3.0,1655 Route de Cannes,43.626667,6.998823,18:20:00,2024-05-25
202400022451,19:45,Plein jour,13,13004,1,1,1,4.0,RTE N570 AVIGNON STES MARIES,43.68853,4.64348,19:45:00,2024-07-29
202400022452,17:55,Plein jour,10,10357,1,1,1,6.0,D619,48.29482,4.1411,17:55:00,2024-07-28
202400022453,06:00,Crépuscule,63,63195,1,1,1,2.0,Autoroute 89 - PK 419+650 - Sens BORDEAUX/YON,45.8517964,3.38283104,06:00:00,2024-05-26
202400022454,15:30,Plein jour,09,09225,2,1,1,1.0,BELPECH ROUTE DE,43.11551,1.62814,15:30:00,2024-07-29
202400022455,16:53,Plein jour,83,83001,1,1,1,6.0,"A8 voie nord, bretelle de sortie n° 39",43.54473,6.812403,16:53:00,2024-05-25
202400022456,08:30,Plein jour,68,68059,1,1,1,3.0,Autoroute A36 PK 007+800 sens MULHOUSE - BELFORT,47.721874,7.153366,08:30:00,2024-05-26
202400022457,20:00,Plein jour,06,06004,2,1,1,3.0,2015 Route de Grasse,43.59969,7.08616,20:00:00,2024-07-29
202400022458,19:10,Plein jour,06,06088,1,1,1,7.0,Bretelle Sortie N°50 A8 - Nice ouest,43.668813,7.199827,19:10:00,2024-05-25
202400022459,12:10,Plein jour,75,75115,2,2,1,3.0,RUE DE LA CROIX NIVERT,48.842351,2.294181,12:10:00,2024-07-29
202400022460,07:48,Plein jour,06,06088,1,1,1,6.0,A8 PK 189.000,43.698077,7.188465,07:48:00,2024-05-24
202400022461,18:10,Plein jour,75,75117,2,1,1,6.0,BD PERIPHERIQUE EXTERIEUR,48.880244,2.281701,18:10:00,2024-07-28
202400022462,22:05,Nuit sans éclairage,77,77333,1,1,1,6.0,"Autoroute A6, PK 072+750, dans le sens Paris vers Province",48.269126,2.717172,22:05:00,2024-05-25
202400022463,15:05,Plein jour,75,75119,2,2,1,3.0,AVENUE CORENTIN CARIOU,48.89763144,2.38544422,15:05:00,2024-07-29
202400022464,21:10,Crépuscule,75,75118,2,2,1,6.0,RUE ORDENER,48.892849,2.341955,21:10:00,2024-07-29
202400022465,16:50,Plein jour,974,97417,1,1,2,2.0,Route Nationale 2 le Tremblet,-21.287135,55.796342,16:50:00,2024-05-25
202400022466,22:00,,75,75115,2,5,1,6.0,Rond-point du Pont Mirabeau,48.847043,2.295887,22:00:00,2024-07-28
202400022467,11:15,Plein jour,972,97224,2,1,1,1.0,9 Rue Schoëlcher,14.67147,-61.037292,11:15:00,2024-05-25
202400022468,06:45,Plein jour,75,75115,2,7,1,6.0,BOULEVARD GARIBALDI,48.845311,2.310982,06:45:00,2024-07-28
202400022469,02:25,Nuit sans éclairage,77,77192,1,1,1,1.0,Route département 402,48.701979,2.912836,02:25:00,2024-05-26
202400022470,09:04,Plein jour,75,75113,2,2,1,3.0,QUAI FRANCOIS MAURIAC,48.832316,2.379789,09:04:00,2024-07-29
202400022471,13:10,Plein jour,34,34135,1,1,1,3.0,D37,43.276342,3.162206,13:10:00,2024-05-25
202400022472,21:30,Plein jour,75,75111,2,2,1,6.0,AVENUE PARMENTIER,48.86502536,2.37467462,21:30:00,2024-07-29
202400022473,19:00,Plein jour,83,83071,2,1,1,3.0,27 Rue Pierre Curie,43.138192,6.236329,19:00:00,2024-05-26
202400022474,11:30,Plein jour,83,83035,1,4,1,3.0,Dn8,43.24861,5.787815,11:30:00,2024-05-26
202400022475,07:37,Plein jour,94,94042,2,9,1,3.0,Rue Jean Mermoz,48.82,2.467155,07:37:00,2024-07-29
202400022476,12:00,Plein jour,68,68329,2,1,1,7.0,61 Route de la Schlucht,48.050615,7.110192,12:00:00,2024-05-20
202400022477,19:10,Plein jour,67,67303,1,1,7,7.0,RD 250,48.90959,7.741097,19:10:00,2024-05-25
202400022478,08:50,Plein jour,94,94041,2,1,1,3.0,Boulevard Paul Vaillant Couturier,48.81951926,2.39637324,08:50:00,2024-07-29
202400022479,03:10,,94,94041,2,1,1,6.0,Avenue de Verdun,48.81291,2.3703,03:10:00,2024-07-29
202400022480,19:30,Plein jour,54,54397,2,1,1,6.0,32 Rue Roger Salengro,48.61652337,6.10222399,19:30:00,2024-05-25
202400022481,16:35,Plein jour,94,94060,2,1,7,6.0,Avenue des Bordes,48.79571495,2.56885618,16:35:00,2024-07-29
202400022482,08:40,Plein jour,94,94079,2,1,1,2.0,Boulevard de Friedberg,48.83221139,2.54261532,08:40:00,2024-07-29
202400022483,10:40,Plein jour,69,69106,1,1,1,1.0,Route de la Colline,45.928174,4.692788,10:40:00,2024-05-26
202400022484,18:00,Plein jour,94,94055,2,1,2,5.0,Av. Maurice Schumann,48.77893266,2.53584462,18:00:00,2024-07-27
202400022485,06:50,Crépuscule,69,69112,1,3,7,3.0,Route d’Eveux,45.806371,4.641579,06:50:00,2024-05-25
202400022486,07:40,Plein jour,95,95527,1,9,1,3.0,A1,49.01467966,2.53079193,07:40:00,2024-07-29
202400022487,21:28,Crépuscule,29,29001,1,1,2,1.0,Route de Bellevue,48.26715315,-4.29244387,21:28:00,2024-05-25
202400022488,19:34,Plein jour,93,93062,2,1,1,6.0,SAPINS (ALLEE DES),48.89742,2.529024,19:34:00,2024-07-29
202400022489,12:50,Plein jour,78,78640,1,1,1,4.0,A86 INT,48.780678,2.178467,12:50:00,2024-05-25
202400022490,13:00,Plein jour,93,93006,2,2,1,1.0,Rue Girardot / Rue François Mitterrand,48.87534511,2.42440224,13:00:00,2024-07-28
202400022491,08:05,Plein jour,92,92072,2,1,1,3.0,N118,48.82701466,2.2242259,08:05:00,2024-05-25
202400022492,10:52,Plein jour,93,93005,2,2,1,3.0,PIERRE JOUHET (AVENUE),48.92396,2.50445,10:52:00,2024-07-29
202400022493,16:12,Plein jour,78,78646,1,1,1,5.0,RN12,48.79188,2.097477,16:12:00,2024-05-24
202400022494,04:25,,78,78321,1,1,1,6.0,RN12 INT,48.796615,1.907538,04:25:00,2024-05-25