Num_Acc,hrmn,lum,dep,com,agg,int,atm,col,adr,lat,long,heure,date
202400022495,16:50,Plein jour,93,93001,2,2,1,3.0,Boulevard Anatole France / Rue des Noyers,48.91629912,2.3816453,16:50:00,2024-07-29
202400022496,15:45,Plein jour,95,95580,1,1,1,6.0,A1,49.08422099,2.55129954,15:45:00,2024-05-24
202400022497,08:37,Plein jour,92,92040,2,1,1,6.0,ROUGET DE L'ISLE,48.82889701,2.26443493,08:37:00,2024-07-29
202400022498,12:30,Plein jour,974,97416,1,9,1,3.0,RN3 (ANCIENNE ROUTE),-21.29386,55.51077,12:30:00,2024-05-24
202400022499,08:28,Plein jour,92,92036,1,6,1,3.0,MARCEL PAUL (AVENUE) (52/102),48.93987656,2.30356264,08:28:00,2024-07-29
202400022500,21:10,Plein jour,92,92024,2,1,1,3.0,VICTOR HUGO (BD),48.90221728,2.31815064,21:10:00,2024-07-29
202400022501,09:35,Plein jour,974,97411,1,6,1,7.0,GARE ROUTIERE (DE LA),-20.8783,55.45847,09:35:00,2024-05-24
202400022502,09:10,Plein jour,92,92009,2,2,1,6.0,EUROPE (AVENUE),48.90681646,2.26144999,09:10:00,2024-07-29
202400022503,20:00,,974,97411,1,1,1,2.0,RN2/043,-20.89295,55.50189,20:00:00,2024-05-23
202400022504,09:00,Plein jour,92,92014,2,1,1,6.0,CONDORCET (PLACE),48.77967082,2.31559423,09:00:00,2024-07-29
202400022505,18:00,Nuit sans éclairage,974,97409,2,1,2,3.0,CITE LES CAZALES,-20.9595,55.64825,18:00:00,2024-05-24
202400022506,22:35,Crépuscule,14,14741,1,1,1,7.0,Route de Saint-Laurent,48.912417,-0.451432,22:35:00,2024-07-27
202400022507,09:40,Plein jour,974,97409,2,1,1,2.0,RN2 DIRECTION ST BENT SORTIE PETIT BAZAR,-20.94388,55.64934,09:40:00,2024-05-24
202400022508,08:00,Plein jour,81,81087,1,1,1,6.0,D3,43.971139,1.973377,08:00:00,2024-07-30
202400022509,19:53,Plein jour,95,95052,1,1,1,6.0,D922,49.14595772,2.30725373,19:53:00,2024-07-25
202400022510,11:35,Plein jour,973,97302,2,3,1,3.0,VOLTAIRE(AVENUE),4.94165,-52.32537,11:35:00,2024-05-24
202400022511,04:45,Nuit sans éclairage,40,40004,1,1,1,6.0,CD133,43.649716,-1.393987,04:45:00,2024-07-30
202400022512,18:30,Plein jour,972,97209,2,1,1,2.0,CHATEAUBOEUF (ROUTE DE),14.61,-61.04,18:30:00,2024-05-24
202400022513,16:15,Plein jour,974,97404,2,3,7,3.0,Avenue Raymond Barre,-21.258756,55.354539,16:15:00,2024-07-29
202400022514,13:39,Plein jour,972,97209,1,1,1,2.0,AUTOROUTE (A1),14.61594,-61.0448,13:39:00,2024-05-24
202400022515,22:29,,2B,2B033,2,1,1,6.0,AGLIANI - CHEMIN D',42.67453,1.407665,22:29:00,2024-05-24
202400022516,13:00,Plein jour,971,97120,2,3,1,6.0,SCHOELCHER,16.23565,-61.53743,13:00:00,2024-05-23
202400022517,10:00,Plein jour,26,26191,1,1,1,3.0,Unknown,44.539957,4.805617,10:00:00,2024-07-29
202400022518,13:20,Plein jour,971,97120,2,2,2,6.0,BD LEGITIMUS,16.24404874,-61.53437018,13:20:00,2024-05-23
202400022519,08:15,Plein jour,2A,2A004,2,1,1,4.0,#Ricanto#,41.92847,8.77299,08:15:00,2024-05-24
202400022520,13:30,Plein jour,95,95427,2,1,1,1.0,D193E,48.9773304,2.35627759,13:30:00,2024-05-24
202400022521,13:54,Plein jour,95,95127,2,1,2,6.0,N14,49.05544599,2.04691708,13:54:00,2024-05-21
202400022522,17:20,Plein jour,91,91027,2,3,1,3.0,AV HENRI DUNANT,48.71007,2.38548,17:20:00,2024-05-24
202400022523,10:10,Plein jour,91,91479,2,1,1,2.0, FONTAINEBLEAU (ROUTE DE),48.70772,2.37136,10:10:00,2024-05-24
202400022524,08:20,Plein jour,91,91027,2,9,1,3.0,AV MARCEL SEMBAT,48.70881,2.38542,08:20:00,2024-05-24
202400022525,14:35,Plein jour,89,89342,2,3,2,3.0,FONDERIES PONT A MOUSSON (AVENUE DES),48.21048,3.27629,14:35:00,2024-05-24
202400022526,13:39,Plein jour,87,87085,2,2,1,3.0,RUBEN (AVENUE ERNEST),45.82008,1.25182,13:39:00,2024-05-23
202400022527,20:57,Crépuscule,87,87085,2,1,1,7.0,LOUYAT (AVENUE DE),45.85185,1.25897,20:57:00,2024-05-22
202400022528,17:50,Plein jour,85,85194,2,2,1,6.0,Avenue d'anjou,46.50396,-1.77418,17:50:00,2024-05-24
202400022529,12:45,Plein jour,85,85191,2,1,1,6.0,24 Rue gutenberg,46.67892,-1.43012,12:45:00,2024-05-24
202400022530,05:10,Crépuscule,83,83129,1,1,1,3.0,JUIN MARECHAL (AV DU),43.09825409,5.85167563,05:10:00,2024-05-24
202400022531,14:15,Plein jour,82,82033,2,1,1,6.0,Place des Belges,44.03996,1.1214,14:15:00,2024-05-24
202400022532,07:40,Plein jour,79,79329,2,2,1,3.0,Unknown,46.992368,-0.21349,07:40:00,2024-05-24
202400022533,07:50,Plein jour,79,79191,2,3,1,3.0,Unknown,46.31563,-0.44152,07:50:00,2024-05-24
202400022534,06:50,Plein jour,77,77284,2,3,1,3.0,VICTOIRE (AV.DE LA),48.95743,2.93623,06:50:00,2024-05-24
202400022535,20:35,Plein jour,74,74012,2,9,8,3.0,LECLERC (AVENUE DU MARECHAL),46.18,6.24,20:35:00,2024-05-24
202400022536,17:13,Plein jour,73,73065,2,1,1,6.0,Place de la gare,45.57018223,5.91981903,17:13:00,2024-05-09
202400022537,19:20,Plein jour,71,71153,2,2,1,3.0,Rue du President Wilson,46.79634,4.42925,19:20:00,2024-05-24
202400022538,22:00,Nuit sans éclairage,69,69199,1,9,1,3.0,Avenue des Frères Perret,45.69453,4.84424,22:00:00,2024-05-24
202400022539,23:00,,69,69259,2,8,1,3.0,Avenue d'Oschatz,45.696,4.88179,23:00:00,2024-05-24
202400022540,23:10,,67,67482,2,3,1,3.0,OBERHAUSBERGEN (ROUTE D ),48.597039,7.705354,23:10:00,2024-05-24
202400022541,07:45,Plein jour,67,67482,2,1,8,3.0,JACQUES KABLE (RUE),48.59347,7.75484,07:45:00,2024-05-24
202400022542,23:27,,64,64445,2,3,1,3.0,JEAN MERMOZ,43.30696,-0.37641,23:27:00,2024-05-24
202400022543,15:10,Plein jour,64,64445,2,2,1,3.0,LILAS DES,43.30487,-0.3523,15:10:00,2024-05-24
202400022544,10:00,Plein jour,64,64445,2,2,1,3.0,RESISTANCE,43.30152,-0.37536,10:00:00,2024-05-24
202400022545,05:05,,64,64445,2,9,1,7.0,BAYARD,43.297,-0.37745,05:05:00,2024-05-24
202400022546,18:30,Plein jour,64,64445,2,1,1,6.0,NOGUE,43.29993,-0.37002,18:30:00,2024-05-23
202400022547,08:00,Crépuscule,62,62771,2,1,2,3.0,Rue Constant Darras,50.42342,2.84921,08:00:00,2024-05-16
202400022548,17:55,Plein jour,61,61169,1,2,1,3.0,D259,48.761663,-0.538972,17:55:00,2024-05-21
202400022549,13:15,Plein jour,59,59650,2,1,1,7.0,Boulevard de la Liberté,50.70989,3.19098,13:15:00,2024-05-24
202400022550,17:45,Plein jour,59,59648,2,9,1,6.0,CLEMENCEAU RUE,50.59947,3.05304,17:45:00,2024-05-24
202400022551,20:05,Plein jour,58,58194,2,3,1,3.0,AMIRAL JACQUINOT,46.98401,3.18366,20:05:00,2024-05-23
202400022552,06:05,Plein jour,56,56260,2,1,1,6.0,Avenue de Tohannic,47.64785,-2.74368,06:05:00,2024-05-24
202400022553,23:40,Nuit sans éclairage,56,56121,1,1,1,1.0,D465 Desserte Portuaire,47.738867,-3.380257,23:40:00,2024-05-23
202400022554,17:10,Plein jour,56,56107,1,1,1,1.0,Centre nautique de Kerguélen,47.70571,-3.40832,17:10:00,2024-05-23
202400022555,13:30,Plein jour,54,54395,2,1,1,3.0,Avenue Raymond Pinchard,48.70252206,6.15272462,13:30:00,2024-05-24
202400022556,17:00,Plein jour,54,54547,2,1,3,3.0,Avenue du Général Leclerc,48.666743,6.166731,17:00:00,2024-05-23
202400022557,11:00,Plein jour,54,54526,2,1,1,2.0,Boulevard Tolstoi,48.67967433,6.21686697,11:00:00,2024-05-23
202400022558,15:45,Plein jour,51,51454,2,1,1,5.0,CHAMPAGNE (AVENUE),49.23134,4.03541,15:45:00,2024-05-24
202400022559,13:25,Plein jour,51,51454,2,1,1,6.0,JEANNE D'ARC (RUE'),49.25302,4.02659,13:25:00,2024-05-24
202400022560,09:45,Plein jour,51,51454,2,6,1,3.0,CHAMPAGNE   (  AVENUE DE),49.21991,4.02069,09:45:00,2024-05-23
202400022561,21:48,Nuit sans éclairage,51,51506,1,1,1,7.0,RN 44,48.95847,4.38995,21:48:00,2024-05-23
202400022562,12:46,Plein jour,49,49007,2,1,1,3.0,EPINARD ROUTE,47.48658,-0.56347,12:46:00,2024-05-23
202400022563,10:50,Plein jour,45,45232,2,1,1,3.0,D2020 PR 36 + 50,47.841119,1.913628,10:50:00,2024-05-24
202400022564,11:45,Plein jour,45,45004,2,1,1,6.0,D2107 PR 2 + 578,47.970876,2.733712,11:45:00,2024-05-24
202400022565,00:08,,35,35238,2,2,1,3.0,TROIS CROIX (BD DES),48.12777,-1.68342,00:08:00,2024-05-25
202400022566,08:05,Plein jour,33,33063,2,6,1,3.0,Unknown,44.86565,-0.57592,08:05:00,2024-05-24
202400022567,08:45,Plein jour,31,31555,2,1,1,3.0,12 LES IZARDS (PERIPH EST A62),43.64693,1.44485,08:45:00,2024-05-24
202400022568,20:15,Crépuscule,31,31555,2,1,1,3.0,NARBONNE (ROUTE DE),43.56635,1.45883,20:15:00,2024-05-23
202400022569,16:05,Plein jour,27,27229,2,1,1,3.0,NORMANDIE (BOULEVARD DE),49.019,1.13911,16:05:00,2024-05-24
202400022570,10:00,Plein jour,22,22360,2,1,1,3.0,VERNE (RUE JULES),48.48647,-2.72927,10:00:00,2024-05-24
202400022571,12:00,Plein jour,22,22278,2,1,1,1.0,MONGE,48.50203,-2.73878,12:00:00,2024-05-23
202400022572,21:40,Crépuscule,17,17300,2,2,1,3.0,MULHOUSE   AVENUE DE,46.15489,-1.14516,21:40:00,2024-05-24
202400022573,09:42,Plein jour,16,16089,1,6,1,2.0,Unknown,45.68115,-0.293,09:42:00,2024-05-24
202400022574,15:05,Plein jour,15,15014,2,6,1,3.0,Cours d'Angouleme,44.93172,2.45039,15:05:00,2024-05-23
202400022575,12:55,Plein jour,14,14118,1,4,1,2.0,Boulevard Jean Moulin,49.195895,-0.375238,12:55:00,2024-05-23
202400022576,09:30,Crépuscule,13,13216,2,1,8,2.0,LITTORAL (CHEMIN DU),43.35371,5.32846,09:30:00,2024-05-24
202400022577,18:30,Plein jour,13,13001,2,1,1,3.0,THUMINE GRANDE (BD DE LA),43.52424,5.41243,18:30:00,2024-05-24
202400022578,06:45,Plein jour,13,13001,1,1,1,3.0,PETIT MOULIN (RTE DU),43.50699,5.33329,06:45:00,2024-05-24
202400022579,14:30,Plein jour,10,10362,2,3,1,3.0,ERIC TABARLY (RUE),48.2974,4.0409,14:30:00,2024-05-23
202400022580,14:00,Plein jour,10,10333,2,2,2,2.0,ADOLPHE THIERS (RUE DE),48.2803,4.0627,14:00:00,2024-05-23
202400022581,16:30,Plein jour,63,63113,2,1,1,6.0,JOUHAUX (BD LEON),45.79152185,3.11495394,16:30:00,2024-10-10
202400022582,07:45,Plein jour,06,06069,2,1,1,3.0,Route de Valbonne,43.64004,6.97955,07:45:00,2024-05-24
202400022583,13:30,Plein jour,04,04070,2,1,8,7.0,HONNORAT (R. DU DR),44.09231,6.23203,13:30:00,2024-05-24
202400022584,14:20,Plein jour,60,60159,2,3,3,3.0,Avenue du Général Weygand,49.40574,2.80858,14:20:00,2024-10-10
202400022585,08:05,Plein jour,02,02722,2,1,1,7.0,88 Allée des Platanes,49.35909,3.31646,08:05:00,2024-05-09
202400022586,18:50,Plein jour,75,75113,2,1,2,2.0,BD PERIPHERIQUE INTERIEUR,48.820004,2.374225,18:50:00,2024-05-23
202400022587,13:10,Plein jour,59,59009,2,2,1,6.0,Rue Jean Jaures,50.66628,3.14153,13:10:00,2024-10-09
202400022588,17:00,Plein jour,75,75115,2,1,1,3.0,PORTE DE VANVES,48.826376,2.297013,17:00:00,2024-05-22
202400022589,20:40,Plein jour,75,75106,2,5,1,3.0,BOULEVARD DU MONTPARNASSE,48.841984,2.329616,20:40:00,2024-05-23
202400022590,08:00,Plein jour,59,59343,2,2,2,6.0,JAURES JEAN RUE,50.585519,3.105131,08:00:00,2024-10-10
202400022591,10:15,Plein jour,75,75119,2,1,1,7.0,PLACE DE LA BATAILLE DE STALINGRAD,48.883213,2.369242,10:15:00,2024-05-24
202400022592,21:40,,75,75119,2,1,1,3.0,RUE BOTZARIS,48.878859,2.382649,21:40:00,2024-05-23
202400022593,14:20,Plein jour,59,59350,2,3,3,5.0,Rue Pierre Legrand,50.63191,3.09367,14:20:00,2024-10-09
202400022594,14:30,Plein jour,59,59183,2,1,1,7.0,REPUBLIQUE - F MITTERAND - BOULEVARD,51.04873,2.41993,14:30:00,2024-10-05
202400022595,01:30,,75,75117,2,2,1,6.0,RUE LANTIEZ,48.896451,2.325132,01:30:00,2024-05-24
202400022596,16:00,Plein jour,58,58194,2,1,1,4.0,HENRI BOUQUILLARD,46.9957,3.13111,16:00:00,2024-10-10
202400022597,04:40,,75,75116,2,7,1,2.0,Place de la Porte d'Auteuil,48.847841,2.257477,04:40:00,2024-05-24
202400022598,15:40,Plein jour,54,54549,2,1,8,2.0,Route d'Art-sur-meurthe,48.64146,6.30054,15:40:00,2024-10-08
202400022599,09:30,Plein jour,75,75114,2,3,1,3.0,BOULEVARD BRUNE,48.826154,2.312742,09:30:00,2024-05-24
202400022600,11:45,Plein jour,75,75112,2,3,1,6.0,AVENUE DU GENERAL DODDS,48.834266,2.404729,11:45:00,2024-05-23
202400022601,21:40,,51,51454,2,1,2,7.0,CERNAY (RUE DE ) DU N° 39 A FIN ET DU N°,49.25763,4.0506,21:40:00,2024-10-10
202400022602,09:30,Plein jour,75,75112,2,1,1,3.0,AVENUE DU TREMBLAY,48.834267,2.454735,09:30:00,2024-05-23
202400022603,17:00,Plein jour,94,94068,2,3,1,6.0,Rue du Pont de Créteil / Rue du Chemin Vert,48.80079201,2.47179615,17:00:00,2024-05-24
202400022604,17:10,Plein jour,51,51454,2,1,8,3.0,NIEPCE (AVENUE NICEPHORE),49.23003,4.06864,17:10:00,2024-10-10
202400022605,09:55,Plein jour,94,94068,2,2,1,3.0,Avenue des Piliers / Avenue Francis Garnier,48.793621,2.50893,09:55:00,2024-05-24
202400022606,18:55,Plein jour,50,50502,2,1,1,1.0,HAVIN,49.11468,-1.09333,18:55:00,2024-10-08
202400022607,09:00,Plein jour,94,94068,2,2,1,6.0,Avenue Victor Hugo / Avenue Émile Zola,48.80326891,2.48473084,09:00:00,2024-05-24
202400022608,13:00,Plein jour,94,94016,2,1,1,6.0,Avenue du Président Wilson,48.78818,2.32392,13:00:00,2024-05-22
202400022609,09:15,Plein jour,50,50129,2,2,2,3.0,EST (BOULEVARD DE L'),49.63527,-1.58629,09:15:00,2024-10-09
202400022610,11:10,Plein jour,94,94028,2,1,1,6.0,29 Avenue Pierre Brossolette,48.792024,2.462191,11:10:00,2024-05-23
202400022611,12:40,Plein jour,94,94017,2,1,1,6.0,Rue du Marché,48.81184,2.50942,12:40:00,2024-05-24
202400022612,07:45,Crépuscule,49,49328,1,3,1,3.0,RD 952,47.27376604,-0.07991731,07:45:00,2024-10-10
202400022613,12:50,Plein jour,93,93070,2,3,1,5.0,Rue des Rosiers / Boulevard Biron,48.90662,2.33532,12:50:00,2024-05-24
202400022614,11:30,Plein jour,93,93055,2,3,1,3.0,Avenue du Général Leclerc / Chemin de la Noue,48.90143,2.41298,11:30:00,2024-05-24
202400022615,06:50,,49,49328,2,6,1,6.0,POISSON ROUGE (PLACE DU),47.24691,-0.07711,06:50:00,2024-10-10
202400022616,16:35,Plein jour,93,93057,2,3,1,3.0,Avenue du Quatorze Juillet / Rue Emile Zola,48.91101281,2.49117583,16:35:00,2024-05-24
202400022617,06:55,Plein jour,93,93010,2,3,1,1.0,Rue Jules Guesde / Rue du Breuil,48.90373,2.47631,06:55:00,2024-05-24
202400022618,17:45,Plein jour,92,92072,2,1,1,7.0,LECLERC (AVENUE DE LA DIVISION),48.82297,2.22268,17:45:00,2024-05-24
202400022619,02:20,Nuit sans éclairage,49,49099,1,6,2,6.0,le Bas Gué au Bouin,47.05936,-0.92182,02:20:00,2024-08-19
202400022620,22:20,,92,92064,2,1,1,1.0,ST CLOUD,48.84030383,2.22167391,22:20:00,2024-05-23
202400022621,17:14,Plein jour,49,49007,2,1,3,6.0,FOCH BOULEVARD,47.46927,-0.54947,17:14:00,2024-10-09
202400022622,11:30,Plein jour,92,92050,2,1,1,3.0,ALLENDE SALVADOR RUE,48.89594964,2.21957016,11:30:00,2024-05-23
202400022623,18:15,Plein jour,92,92050,2,2,1,3.0,SOUFFLOT J-GERMAIN BOULEVARD,48.89641792,2.21476641,18:15:00,2024-05-22
202400022624,09:13,Plein jour,49,49007,2,1,3,2.0,MARIANNE BOULEVARD,47.45039,-0.52911,09:13:00,2024-10-09
202400022625,13:40,Plein jour,92,92026,2,1,1,3.0,PRÉSIDENT PAUL DOUMER (QUAI DU),48.88954,2.2555,13:40:00,2024-05-24
202400022626,23:45,,92,92012,2,1,1,7.0,PIERRE GRENIER (AVENUE),48.83342,2.25396,23:45:00,2024-05-24
202400022627,20:27,,45,45147,2,9,1,6.0,3 Avenue d'Oradour-Sur-Glane,47.932714,1.928079,20:27:00,2024-10-10
202400022628,01:30,Nuit sans éclairage,33,33531,1,1,1,7.0,Unknown,44.820538,-0.231657,01:30:00,2024-05-25
202400022629,09:15,Plein jour,44,44109,2,1,3,7.0,10 Boulevard René Cassin,47.2643,-1.57654,09:15:00,2024-10-09
202400022630,11:40,Plein jour,80,80583,1,2,1,3.0,D210,49.792319,2.209561,11:40:00,2024-05-25
202400022631,06:25,,43,43190,2,1,8,6.0,R.N 88,45.05795,3.9393,06:25:00,2024-10-10
202400022632,14:50,Plein jour,12,12301,1,3,1,3.0,Route de Montaslès,44.460136,2.007403,14:50:00,2024-05-24
202400022633,07:20,Plein jour,38,38544,2,1,1,3.0,ALPES(BD DES),45.52646,4.90503,07:20:00,2024-10-10
202400022634,15:15,Plein jour,67,67352,1,1,2,1.0,D6,48.860056,7.460833,15:15:00,2024-05-23
202400022635,17:09,Plein jour,37,37233,2,1,3,1.0,COLOMBIER (RUE DU),47.38181,0.7389,17:09:00,2024-10-09
202400022636,08:10,Plein jour,36,36044,2,1,1,6.0,Rue Eugène Delacroix,46.80317827,1.70686662,08:10:00,2024-10-10
202400022637,18:05,Plein jour,76,76621,1,1,1,4.0,A28,49.659718,1.297374,18:05:00,2024-05-24
202400022638,18:22,Plein jour,35,35238,2,3,1,3.0,VOLTAIRE (BD),48.10512,-1.69807,18:22:00,2024-10-10
202400022639,14:00,Plein jour,57,57102,1,1,1,6.0,9 Rue Paul Cezanne,49.276518,6.204314,14:00:00,2024-05-23
202400022640,16:45,Plein jour,51,51621,1,1,1,5.0,D67,49.202766,4.973856,16:45:00,2024-05-25
202400022641,11:45,Plein jour,51,51210,1,1,8,7.0,D251,49.079938,3.975828,11:45:00,2024-05-24
202400022642,18:50,Plein jour,78,78591,2,1,1,1.0,Rue Georges Duhamel,48.893287,1.680688,18:50:00,2024-04-29
202400022643,12:42,Plein jour,35,35238,2,1,1,4.0,LORIENT (DE),48.1069,-1.7278,12:42:00,2024-10-10
202400022644,16:35,Plein jour,76,76528,1,2,1,3.0,D407,49.9040644,1.58699584,16:35:00,2024-05-25
202400022645,14:30,Plein jour,79,79029,1,1,1,1.0,Unknown,46.556109,-0.189085,14:30:00,2024-05-24
202400022646,14:25,Plein jour,33,33033,1,1,1,3.0,Unknown,44.726648,-0.45118,14:25:00,2024-05-23
202400022647,16:30,Plein jour,35,35055,1,1,2,2.0,RN136,48.09265308,-1.62587727,16:30:00,2024-10-09
202400022648,13:10,Plein jour,71,71014,2,4,1,3.0,Rue du Faubourg Saint Andoche,46.95541568,4.29022751,13:10:00,2024-05-25
202400022649,15:00,Plein jour,34,34172,2,1,1,5.0,AURIOL (AVENUE VINCENT),43.64612,3.85371,15:00:00,2024-10-10
202400022650,08:55,Plein jour,34,34172,2,1,1,2.0,MENDES FRANCE (AVENUE PRESIDENT PIERRE,43.609721,3.901685,08:55:00,2024-10-10
202400022651,15:10,Plein jour,34,34172,2,2,1,3.0,MENDE (ROUTE DE),43.6269,3.86965,15:10:00,2024-10-08
202400022652,20:15,,33,33063,2,1,1,2.0,Unknown,44.82504,-0.5984,20:15:00,2024-10-10
202400022653,17:45,Plein jour,29,29232,2,1,1,6.0,95 Rue de Benodet,47.982227,-4.102924,17:45:00,2024-10-10
202400022654,14:00,Plein jour,29,29232,2,1,2,1.0,Alez An Douar Du,47.998952,-4.130745,14:00:00,2024-10-06
202400022655,17:40,Plein jour,27,27229,2,6,1,3.0,FAUVILLE (RUE DE),49.028592,1.184202,17:40:00,2024-10-10
202400022656,21:05,,25,25388,2,1,3,7.0,PARC (RUE DU),47.51279,6.8017,21:05:00,2024-10-01
202400022657,12:10,Plein jour,24,24322,2,3,1,6.0,HUGO ( RUE VICTOR),45.18812,0.71804,12:10:00,2024-10-09
202400022658,21:09,,18,18033,2,3,1,3.0,14 Boulevard du Maréchal Joffre,47.074893,2.404574,21:09:00,2024-10-02
202400022659,16:45,Plein jour,15,15014,2,3,3,2.0,Avenue de Tronquières,44.90509,2.42745,16:45:00,2024-10-09
202400022660,07:30,Crépuscule,13,13203,2,1,1,3.0,STRASBOURG (BOULEVARD),43.30823822,5.37700589,07:30:00,2024-10-10
202400022661,09:29,Plein jour,06,06088,2,3,1,3.0,Boulevard René Cassin,43.667397,7.208101,09:29:00,2024-10-10
202400022662,09:55,Plein jour,75,75113,2,1,2,3.0,BE PRIPHERIQUE INTERIEUR,48.826635,2.388995,09:55:00,2024-10-10
202400022663,08:30,Plein jour,75,75120,2,4,2,6.0,BD PERIPHERIQUE EXTERIEUR,48.866962,2.413435,08:30:00,2024-10-10
202400022664,08:14,Nuit sans éclairage,75,75120,2,2,2,3.0,RUE DES PYRENEES,48.859184,2.402125,08:14:00,2024-10-09
202400022665,22:20,,75,75119,2,3,1,1.0,AVENUE JEAN JAURES,48.885161,2.379457,22:20:00,2024-10-10
202400022666,16:00,Crépuscule,75,75119,2,7,3,2.0,PLACE DE LA PORTE DE PANTIN,48.889734,2.396033,16:00:00,2024-10-09
202400022667,23:25,,75,75117,2,2,1,7.0,RUE DU CAPORAL PEUGEOT,48.887944,2.288825,23:25:00,2024-10-10
202400022668,09:50,Plein jour,75,75116,2,3,2,1.0,AVENUE DE LA GRANDE ARMEE,48.875109,2.290408,09:50:00,2024-10-10
202400022669,20:50,,75,75116,2,7,3,6.0,Place de Costa Rica,48.858697,2.284669,20:50:00,2024-10-09
202400022670,07:15,,75,75115,2,2,2,6.0,AVENUE DE LA PORTE BRANCION,48.825883,2.300317,07:15:00,2024-10-10
202400022671,09:19,Plein jour,75,75110,2,4,1,2.0,RUE LA FAYETTE,48.877395,2.349905,09:19:00,2024-10-10
202400022672,21:30,,75,75114,2,1,1,3.0,BOULEVARD EDGAR QUINET,48.840061,2.328475,21:30:00,2024-10-10
202400022673,13:00,Plein jour,75,75107,2,7,8,1.0,AVENUE BOSQUET,48.854506,2.30543,13:00:00,2024-10-10
202400022674,08:43,Plein jour,75,75101,2,2,8,6.0,BOULEVARD DE SEBASTOPOL,48.86199,2.350162,08:43:00,2024-10-10
202400022675,09:10,Plein jour,75,75104,2,2,3,3.0,PONT DE LA TOURNELLE,48.851131,2.355908,09:10:00,2024-10-09
202400022676,21:45,,94,94042,2,1,3,2.0,D4,48.8202,2.467647,21:45:00,2024-10-09
202400022677,17:50,Plein jour,94,94041,2,2,2,3.0,Boulevard du Colonel Fabien,48.81454,2.40441,17:50:00,2024-10-10
202400022678,16:45,Plein jour,94,94065,2,1,2,5.0,Rue des Solets,48.74231,2.35345,16:45:00,2024-10-10
202400022679,09:15,Plein jour,94,94002,2,3,2,3.0,Rue Etienne Dolet/ Rue Nelson Mandela,48.78432,2.427777,09:15:00,2024-10-10
202400022680,06:45,,93,93071,2,3,2,1.0,AULNAY (RUE D'),48.94022108,2.52162913,06:45:00,2024-10-10
202400022681,12:30,Plein jour,93,93048,2,1,1,6.0,MESSIERS (RUE DES),48.86010764,2.42915103,12:30:00,2024-10-10
202400022682,18:15,Plein jour,93,93006,2,2,2,5.0,GAMBETTA AV.,48.87086,2.41748,18:15:00,2024-10-10
202400022683,09:40,Plein jour,93,93029,2,1,1,6.0,ANATOLE FRANCE (COLLEGE),48.92876429,2.45260689,09:40:00,2024-10-10
202400022684,08:15,Crépuscule,93,93010,2,1,2,6.0,AULNAY (ROUTE) COTE PAIRE DE 2 A FIN,48.90957926,2.47999048,08:15:00,2024-10-10
202400022685,16:15,Plein jour,92,92063,2,9,2,1.0,COLMAR (AVENUE DE),48.88687326,2.17032809,16:15:00,2024-10-09
202400022686,07:20,,92,92036,2,1,2,6.0,LUCIEN LANTERNIER (AVENUE) (67/87),48.93077,2.28598,07:20:00,2024-10-10
202400022687,18:04,Plein jour,92,92035,2,1,3,6.0,National ( boulevard ),48.90539638,2.23905791,18:04:00,2024-10-07
202400022688,15:30,Plein jour,92,92023,2,1,3,6.0,JEAN JAURES (AVENUE) N°57 A 259 ET 64 A,48.80076542,2.26358458,15:30:00,2024-10-09
202400022689,08:52,Plein jour,92,92023,2,1,2,6.0,GARENNE (ROUTE DE LA),48.77807213,2.22940676,08:52:00,2024-10-09
202400022690,17:20,Crépuscule,92,92012,2,1,3,6.0,PIERRE GRENIER (AVENUE),48.82929536,2.2511293,17:20:00,2024-10-09
202400022691,07:45,Crépuscule,92,92004,2,1,2,6.0,VOLTAIRE ( BD 16 A FIN ),48.91630161,2.28992611,07:45:00,2024-10-10
202400022692,16:15,Plein jour,92,92004,2,1,3,2.0,DOCTEUR DERVAUX  ( QUAI DU ),48.90648,2.29066,16:15:00,2024-10-09
202400022693,15:20,Plein jour,976,97610,2,1,1,6.0,Majikavo Koropa,-12.747061,45.227451,15:20:00,2024-10-11
202400022694,23:45,Nuit sans éclairage,50,50565,1,6,2,6.0,RD 673,48.743937,-1.442884,23:45:00,2024-10-09
202400022695,19:08,Plein jour,22,22182,1,2,2,3.0,les Tronchets,48.556536,-2.933248,19:08:00,2024-10-10
202400022696,00:35,,01,01071,2,6,2,6.0,D1005,46.314539,6.066406,00:35:00,2024-10-11
202400022697,03:10,Nuit sans éclairage,29,29020,1,1,1,1.0,N165,48.07480526,-4.04613055,03:10:00,2024-10-11
202400022698,17:30,Plein jour,59,59463,1,3,1,3.0,14 Route du Staelen Brugge Cd 17,50.939376,2.326747,17:30:00,2024-10-08
202400022699,15:44,Plein jour,30,30334,1,3,1,5.0,D982,44.019623,4.430323,15:44:00,2024-10-10
202400022700,18:54,Crépuscule,95,95352,1,9,3,5.0,D316,49.10976169,2.42893774,18:54:00,2024-10-10
202400022701,20:58,Nuit sans éclairage,19,19289,1,1,1,6.0,Route Des Crêtes,45.20373698,1.40650284,20:58:00,2024-10-10
202400022702,05:25,,80,80318,2,2,5,3.0,Rue Yves Poiret,50.01544,2.085525,05:25:00,2024-10-11
202400022703,14:50,Plein jour,63,63364,1,2,1,2.0,D2089 / D46A,45.82864996,3.43144086,14:50:00,2024-10-09
202400022704,15:43,Plein jour,63,63003,2,2,1,6.0,20 Boulevard Sully,45.54948179,3.7396203,15:43:00,2024-10-11
202400022705,15:53,Plein jour,46,46237,1,1,1,1.0,Route de Puy Blanc,44.632146,1.932553,15:53:00,2024-10-11