Num_Acc,hrmn,lum,dep,com,agg,int,atm,col,adr,lat,long,heure,date
202400022706,15:10,Plein jour,41,41275,1,3,8,3.0,D357,47.892259,1.082668,15:10:00,2024-10-10
202400022707,02:30,Nuit sans éclairage,22,22195,2,1,2,6.0,Saint Antoine,48.853001,-3.123046,02:30:00,2024-10-11
202400022708,13:05,Plein jour,39,39270,1,4,8,3.0,Unknown,47.136704,5.469853,13:05:00,2024-10-06
202400022709,07:25,Crépuscule,25,25147,2,6,1,6.0,D11,47.226245,5.900476,07:25:00,2024-10-11
202400022710,20:35,,29,29284,2,3,1,3.0,Route du Letty,47.807909,-4.259959,20:35:00,2024-10-10
202400022711,10:20,Plein jour,38,38263,1,1,1,7.0,568 chemin des collines,45.282149,5.45643,10:20:00,2024-10-10
202400022712,04:23,Nuit sans éclairage,02,02450,1,1,1,1.0,Unknown,49.881418,3.599567,04:23:00,2024-10-11
202400022713,06:55,Nuit sans éclairage,15,15142,1,2,5,3.0,RD 921,44.981716,3.017153,06:55:00,2024-10-11
202400022714,16:30,Plein jour,01,01028,2,3,1,3.0,Impasse de l?Avenir,46.110701,4.902788,16:30:00,2024-10-11
202400022715,12:50,Plein jour,72,72183,1,1,3,3.0,lieu dit les chopinieres,47.688377,0.490281,12:50:00,2024-10-09
202400022716,13:15,Plein jour,14,14431,2,3,3,1.0,11 Route de la Chapelle au Haras,49.12156991,-0.1027198,13:15:00,2024-10-09
202400022717,14:00,Plein jour,14,14102,1,2,2,1.0,Route de la Vallee,49.228029,0.211996,14:00:00,2024-10-10
202400022718,10:00,Plein jour,14,14077,1,2,1,3.0,33 Route du Faulq,49.25803,0.302671,10:00:00,2024-10-08
202400022719,17:40,Plein jour,85,85246,1,1,1,6.0,RD52,46.713068,-1.165487,17:40:00,2024-10-10
202400022720,10:41,Plein jour,30,30071,1,9,1,7.0,D106,44.032305,4.136546,10:41:00,2024-10-11
202400022721,01:00,Nuit avec éclairage,08,08331,2,1,1,6.0,Unknown,49.671291,4.950317,01:00:00,2024-09-21
202400022722,15:15,Plein jour,69,69044,2,3,1,3.0,Route de Sain-Bel,45.76986053,4.74224075,15:15:00,2024-10-11
202400022723,19:50,,78,78010,2,1,1,1.0,50 Route Royale,48.92025,1.913869,19:50:00,2024-10-06
202400022724,03:10,Nuit sans éclairage,988,98811,1,3,1,1.0,RT1/CR4,-21.04995,164.79711,03:10:00,2024-10-12
202400022725,07:15,Crépuscule,29,29031,1,1,1,6.0,Kergroas,47.82360002,-3.58042247,07:15:00,2024-10-10
202400022726,10:30,Plein jour,77,77183,2,3,2,6.0,31 Avenue Franklin Roosevelt,48.943443,3.121995,10:30:00,2024-10-10
202400022727,22:50,Nuit sans éclairage,34,34162,1,1,1,6.0,D32,43.489066,3.470559,22:50:00,2024-10-10
202400022728,08:30,Plein jour,13,13014,1,1,8,1.0,D113,43.522376,5.197864,08:30:00,2024-10-08
202400022729,11:16,Plein jour,68,68063,2,1,1,6.0,2 Rue Maurice Koechlin,47.802483,7.181851,11:16:00,2024-10-11
202400022730,19:00,Crépuscule,67,67363,1,1,1,5.0,D30,48.5932,7.539893,19:00:00,2024-10-09
202400022731,04:30,Nuit sans éclairage,73,73006,1,1,2,7.0,Route de montagne,45.551308,6.578472,04:30:00,2024-10-01
202400022732,01:50,Nuit sans éclairage,73,73095,1,6,1,6.0,D925,45.469348,6.123945,01:50:00,2024-09-29
202400022733,16:30,Plein jour,42,42148,1,1,1,7.0,Route de Violay,45.830466,4.329472,16:30:00,2024-10-11
202400022734,09:55,Plein jour,44,44035,2,1,1,3.0,Unknown,47.280452,-1.549078,09:55:00,2024-10-10
202400022735,20:25,,38,38281,1,1,1,2.0,RD 1532,45.232011,5.645272,20:25:00,2024-10-10
202400022736,06:25,,69,69241,1,1,1,1.0,Route Départementale 342,45.634551,4.732779,06:25:00,2024-10-11
202400022737,16:30,Plein jour,69,69204,2,1,1,6.0,102 Avenue Georges Clémenceau,45.698375,4.794738,16:30:00,2024-10-09
202400022738,15:35,Plein jour,65,65059,2,1,1,7.0,Route de Toulouse,43.075914,0.158857,15:35:00,2024-10-11
202400022739,08:43,Crépuscule,33,33240,2,3,1,3.0,Unknown,45.303565,-0.924171,08:43:00,2024-10-11
202400022740,12:00,Plein jour,33,33322,1,1,1,4.0,Unknown,44.957332,-0.722544,12:00:00,2024-10-11
202400022741,07:35,Crépuscule,33,33051,1,3,1,1.0,Unknown,44.660213,-0.918919,07:35:00,2024-10-11
202400022742,08:57,Plein jour,60,60628,1,1,5,5.0,N31,49.42612318,2.1335578,08:57:00,2024-10-11
202400022743,12:47,Plein jour,13,13005,1,1,1,2.0,A501-Sens Aubagne vers Pont de l'Etoile,43.291,5.5555,12:47:00,2024-10-10
202400022744,10:05,Plein jour,13,13071,1,1,1,2.0,A5502G-sens Martigues vers A7-Marseille,43.4013,5.29962,10:05:00,2024-10-10
202400022745,07:13,Nuit avec éclairage,33,33013,1,1,8,2.0,Unknown,44.86865,-0.50252,07:13:00,2024-10-10
202400022746,18:23,Crépuscule,91,91553,1,1,1,5.0,RN 104,48.63154,2.50178,18:23:00,2024-10-10
202400022747,17:17,Plein jour,91,91549,1,1,2,2.0,RN 104,48.62597,2.34045,17:17:00,2024-10-10
202400022748,10:20,Plein jour,91,91617,1,1,2,6.0,RN 104,48.63804517,2.53555536,10:20:00,2024-10-10
202400022749,08:50,Plein jour,94,94021,1,1,2,1.0,A6B,48.76030105,2.33820212,08:50:00,2024-10-10
202400022750,09:25,Plein jour,94,94038,1,1,2,4.0,A6B,48.77844525,2.34673565,09:25:00,2024-10-10
202400022751,09:30,Plein jour,92,92047,1,1,3,7.0,A13,48.83231571,2.15438418,09:30:00,2024-10-09
202400022752,09:26,Plein jour,92,92025,1,1,2,3.0,A86,48.9238663,2.22972613,09:26:00,2024-10-09
202400022753,01:45,Nuit sans éclairage,78,78423,1,1,1,6.0,RN12,48.79597,2.03484,01:45:00,2024-10-09
202400022754,23:15,Nuit sans éclairage,78,78217,1,1,1,2.0,A13,48.965325,1.816367,23:15:00,2024-10-08
202400022755,17:00,Plein jour,95,95582,1,1,2,3.0,A15,48.96395155,2.26313134,17:00:00,2024-10-10
202400022756,09:30,Plein jour,95,95641,1,1,3,2.0,A1,49.06957407,2.55231568,09:30:00,2024-10-09
202400022757,21:50,Nuit sans éclairage,93,93005,1,1,1,6.0,AUTOROUTE A1,48.96445891,2.47393611,21:50:00,2024-10-08
202400022758,01:20,,93,93064,1,1,1,3.0,AUTOROUTE A86,48.87742669,2.47719169,01:20:00,2024-10-09
202400022759,16:30,Plein jour,94,94028,1,1,3,2.0,A86,48.79449381,2.44220497,16:30:00,2024-10-10
202400022760,08:45,Crépuscule,44,44162,2,6,1,2.0,Rond-Point du Croisy,47.25474673,-1.62949014,08:45:00,2024-10-02
202400022761,19:25,Plein jour,44,44143,2,6,1,3.0,Allée de Touraine,47.18615507,-1.55607946,19:25:00,2024-09-20
202400022762,19:00,Plein jour,74,74008,2,1,1,2.0,GENEVE (RUE DE),46.19,6.22,19:00:00,2024-08-03
202400022763,07:15,Crépuscule,92,92051,2,1,2,2.0,"ACHILLE PERETTI (AVENUE, N° 90 A 96 ET 9",48.88411215,2.2704581,07:15:00,2024-05-14
202400022764,18:50,Plein jour,92,92050,1,1,1,2.0,A86,48.91069292,2.21618664,18:50:00,2024-07-22
202400022765,05:10,Crépuscule,974,97416,1,9,1,5.0,RN3 (1),-21.30264,55.50113,05:10:00,2024-10-09
202400022766,05:10,Crépuscule,974,97416,1,9,1,2.0,RN3 (1),-21.30264,55.50113,05:10:00,2024-10-09
202400022767,12:00,Plein jour,974,97411,2,1,1,7.0,RIVIERE DES PLUIES (ROUTE DE LA),-20.90132,55.5015,12:00:00,2024-10-08
202400022768,20:55,,973,97302,2,1,1,2.0,FELIX EBOUE(ROCADE),4.92921,-52.31559,20:55:00,2024-10-09
202400022769,12:31,Plein jour,973,97302,2,1,1,1.0,TROUBIRAN (CHEMIN DE),4.92986,-52.30414,12:31:00,2024-10-09
202400022770,06:00,Crépuscule,972,97213,1,1,2,6.0,ROUTE DEPARTEMENTALE 3,14.67145,-60.99176,06:00:00,2024-10-09
202400022771,17:30,Plein jour,69,69389,2,1,6,6.0,Rue Sergent Michel Berthet,45.7748886,4.80542393,17:30:00,2024-10-09
202400022772,06:56,Plein jour,971,97120,1,1,1,6.0,Pont de BLANCHARD,16.22358,-61.52587,06:56:00,2024-10-09
202400022773,08:50,Plein jour,971,97101,2,1,1,7.0,Frédéric JALTON,16.27478,-61.50341,08:50:00,2024-10-08
202400022774,19:38,,95,95268,2,6,1,1.0,D84B,48.97226,2.41982,19:38:00,2024-10-01
202400022775,22:40,,95,95277,2,1,3,6.0,D84,48.98472039,2.46298441,22:40:00,2024-10-09
202400022776,18:14,Plein jour,95,95500,2,5,3,3.0,D915Z,49.0514277,2.10048196,18:14:00,2024-10-09
202400022777,18:40,Crépuscule,91,91549,2,5,3,3.0,SEQUIGNY (RUE DE),48.64421,2.32533,18:40:00,2024-10-09
202400022778,01:14,Nuit avec éclairage,91,91645,2,9,1,6.0,TOURNELLE (ALLEE DE LA),48.74165,2.27008,01:14:00,2024-10-09
202400022779,14:00,Plein jour,84,84080,2,6,1,6.0,AVIGNON BOULEVARD D',44.0334,4.99517,14:00:00,2024-10-09
202400022780,07:40,Crépuscule,84,84007,2,6,3,6.0,PONT DES DEUX EAUX (CHEMIN DU),43.94311,4.84194,07:40:00,2024-10-08
202400022781,07:30,Crépuscule,84,84007,2,1,2,6.0,LIMBERT (BOULEVARD),43.94783,4.81829,07:30:00,2024-10-08
202400022782,19:20,Crépuscule,83,83126,2,6,1,6.0,MERLE (BD TOUSSAINT),43.10109,5.88836,19:20:00,2024-08-27
202400022783,07:45,Plein jour,79,79191,2,1,3,2.0,Unknown,46.311148,-0.4762,07:45:00,2024-10-09
202400022784,08:00,Plein jour,78,78551,2,1,3,6.0,LOGES (AVENUE DES),48.90162,2.09438,08:00:00,2024-10-09
202400022785,08:45,Plein jour,78,78401,2,1,1,4.0,RHIN ET DANUBE (PONT),48.99999,1.9076,08:45:00,2024-10-08
202400022786,09:20,Plein jour,77,77335,1,1,3,3.0,RD129 (ROUTE DEPARTEMENTALE),48.96924975,2.83086777,09:20:00,2024-10-09
202400022787,08:00,Crépuscule,77,77513,2,1,3,6.0,BRIAND ARISTIDE (RUE),48.94941,2.86938,08:00:00,2024-10-09
202400022788,17:15,Plein jour,76,76474,1,1,3,1.0,Rue de l'Abbaye,49.49885,1.04095,17:15:00,2024-10-09
202400022789,13:10,Plein jour,76,76540,2,3,1,3.0,Rue François Couperin,49.45105,1.1353,13:10:00,2024-08-14
202400022790,14:10,Plein jour,76,76259,2,1,1,4.0,LEBORGNE ( RUE CHARLES),49.75356,0.37219,14:10:00,2024-10-08
202400022791,11:40,Plein jour,76,76217,2,1,2,2.0,BLD DU MARECHAL JOFFRE,49.92287,1.07606,11:40:00,2024-10-09
202400022792,10:38,Plein jour,73,73065,2,2,1,3.0,D1006 - REPOS (AVENUE DU),45.5759,5.90696,10:38:00,2024-10-09
202400022793,09:00,Plein jour,73,73065,2,1,1,3.0,Voie verte - Av Verte Nord Chambéry,45.59705609,5.89225441,09:00:00,2024-10-09
202400022794,17:15,Plein jour,72,72003,1,1,2,2.0,SPAY (RTE DE),47.94457428,0.1605168,17:15:00,2024-10-08
202400022795,07:25,Plein jour,71,71540,2,9,2,6.0,MOUILLELONGUE (BOULEVARD DE LA),46.78672,4.4315,07:25:00,2024-10-09
202400022796,09:09,Plein jour,71,71076,2,1,1,2.0,SAINT COSME (QUAI),46.77676721,4.84841294,09:09:00,2024-10-09
202400022797,07:36,Crépuscule,71,71076,2,1,1,6.0,MATHIAS (AVENUE),46.78619,4.85713,07:36:00,2024-10-09
202400022798,18:15,Plein jour,69,69282,2,1,6,3.0,20 Rue Paul Cézanne,45.76695868,4.9866022,18:15:00,2024-10-09
202400022799,15:55,Plein jour,69,69264,2,2,1,3.0,Rue Pierre Dupont,45.99476,4.7256,15:55:00,2024-10-06
202400022800,10:40,Plein jour,69,69264,2,1,1,2.0,Rue Condorcet,45.983,4.73153,10:40:00,2024-10-06
202400022801,12:30,Plein jour,67,67482,2,1,3,1.0,ROETHIG (RUE DU),48.56734,7.70479,12:30:00,2024-10-08
202400022802,14:00,Plein jour,66,66136,2,2,1,3.0,Avenue Maréchal Juin,42.68752888,2.90032089,14:00:00,2024-10-09
202400022803,11:55,Plein jour,66,66136,2,1,1,6.0,BOULES,42.70471,2.87977,11:55:00,2024-10-09
202400022804,13:05,Plein jour,64,64445,2,6,2,3.0,PEYROULET,43.30388,-0.35605,13:05:00,2024-10-09
202400022805,21:23,,64,64129,2,3,1,7.0,RONSARD,43.30462,-0.39098,21:23:00,2024-10-08
202400022806,06:50,,63,63113,2,1,2,3.0,LAFAYETTE (BD),45.76927165,3.10324073,06:50:00,2024-10-09
202400022807,07:10,,63,63113,2,1,1,3.0,RESSORT (RUE DU),45.78723,3.11072,07:10:00,2024-10-09
202400022808,19:15,,62,62186,2,1,3,6.0,D166,50.45607606,2.72114481,19:15:00,2024-10-09
202400022809,10:30,Plein jour,60,60057,2,9,2,6.0,Rue du Charolais,49.44015,2.09599,10:30:00,2024-10-09
202400022810,22:00,,59,59650,2,2,1,3.0,POLLET (RUE DENIS),50.70343,3.21406,22:00:00,2024-10-08
202400022811,07:25,Plein jour,84,84035,2,1,1,3.0,MERIMEE (AVENUE PROSPER),43.85173,5.03412,07:25:00,2024-06-27
202400022812,15:35,Plein jour,84,84007,1,7,1,7.0,GARE TGV (Parking),43.92397,4.78782,15:35:00,2024-06-24
202400022813,07:05,Plein jour,84,84007,2,1,1,6.0,LYON (route de ),43.95102,4.82602,07:05:00,2024-06-08
202400022814,10:50,Plein jour,83,83137,2,3,1,2.0,STRASBOURG (BD DE ),43.12464,5.93369,10:50:00,2024-06-27
202400022815,13:10,Plein jour,81,81163,2,1,1,6.0,Route des Usines,43.47378,2.39183,13:10:00,2024-06-27
202400022816,15:35,Plein jour,81,81065,2,9,1,1.0,RN 112 (ROCADE SUD),43.56743,2.26701,15:35:00,2024-06-27
202400022817,18:25,Plein jour,78,78208,2,1,1,6.0,MESNIL (ROUTE DU) 274,48.782578,1.960252,18:25:00,2024-06-26
202400022818,16:40,Plein jour,78,78644,2,1,1,3.0,PETIT PONT (RUE DU),48.757498,1.956621,16:40:00,2024-06-26
202400022819,18:00,Plein jour,77,77373,2,1,1,3.0,RUE DU PLATEAU,48.79696,2.61359,18:00:00,2024-06-27
202400022820,16:44,Plein jour,77,77373,1,1,1,1.0,CD 51,48.772159,2.609021,16:44:00,2024-06-27
202400022821,13:30,Plein jour,77,77083,2,2,1,1.0,AUGUSTE VALLAUD (RUE),48.85603875,2.58392308,13:30:00,2024-06-22
202400022822,12:55,Plein jour,77,77378,2,3,1,6.0,FONTAINEBLEAU(AVENUE DE),48.52827594,2.54897565,12:55:00,2024-06-27
202400022823,17:10,Plein jour,77,77122,2,1,1,2.0,RUE SOMMEVILLE,48.664466,2.569529,17:10:00,2024-06-27
202400022824,07:45,Plein jour,77,77458,2,1,1,6.0,RUE DES VARENNES,48.178264,2.733633,07:45:00,2024-06-27
202400022825,19:40,Plein jour,76,76498,2,1,1,4.0,N338 - Sud 3,49.4330452,1.06072247,19:40:00,2024-06-27
202400022826,18:40,Plein jour,76,76540,2,2,1,6.0,Avenue du Mont Riboudet,49.44645,1.07086,18:40:00,2024-06-27
202400022827,10:10,Plein jour,73,73065,2,6,1,1.0,TURIN (AVENUE),45.57021,5.93524,10:10:00,2024-06-27
202400022828,11:40,Plein jour,73,73008,2,6,1,3.0,LEPIC BOULEVARD,45.68552,5.906,11:40:00,2024-06-26
202400022829,13:35,Plein jour,71,71153,2,1,1,7.0,VERDUN (AVENUE DE),46.80692,4.43254,13:35:00,2024-06-26
202400022830,12:20,Plein jour,69,69266,2,2,1,6.0,Rue Léon Blum,45.76458,4.91907,12:20:00,2024-06-27
202400022831,17:35,Plein jour,69,69266,2,1,1,1.0,Avenue Marcel Cerdan,45.76720449,4.90599828,17:35:00,2024-06-26
202400022832,16:30,Plein jour,67,67218,2,1,1,3.0,VINCENT SCOTTO (RUE),48.53110254,7.7226913,16:30:00,2024-06-26
202400022833,17:05,Plein jour,67,67482,2,1,1,6.0,JACQUELINE AURIOL,48.54646,7.76646,17:05:00,2024-06-26
202400022834,01:00,Nuit sans éclairage,65,65100,1,1,2,3.0,Chemin de Lourdes,43.24916455,0.03886931,01:00:00,2024-06-28
202400022835,14:11,Plein jour,64,64102,2,1,1,4.0,HENRI DE NAVARRE (AVENUE),43.49812,-1.44857,14:11:00,2024-06-26
202400022836,19:15,Plein jour,62,62119,2,1,1,1.0,Avenue de Bruay,50.52359735,2.62770635,19:15:00,2024-06-27
202400022837,10:00,Plein jour,62,62126,2,1,1,6.0,D72,50.52106,2.67909,10:00:00,2024-06-21
202400022838,09:20,Plein jour,59,59648,2,1,1,3.0,GUILLAIN CHARLES AVENUE,50.58908,3.04814,09:20:00,2024-06-27
202400022839,18:40,Plein jour,57,57751,2,1,1,3.0,METZ (RUE DE ),49.1413,6.15262,18:40:00,2024-06-27
202400022840,17:15,Plein jour,56,56260,2,6,1,3.0,Avenue Jean Monnet,47.66265,-2.76226,17:15:00,2024-06-26
202400022841,18:33,Plein jour,56,56162,1,1,1,1.0,Rue du Moulin du Ter,47.73151,-3.40658,18:33:00,2024-06-26
202400022842,17:29,Plein jour,54,54367,1,1,1,2.0,RN52,49.50223491,5.79322815,17:29:00,2024-06-26
202400022843,20:53,Plein jour,54,54280,2,3,1,3.0,Rue de Franchepré,49.22808,6.017836,20:53:00,2024-06-27
202400022844,02:40,Nuit avec éclairage,51,51454,2,1,1,6.0,BREBANT (AVENUE) DU 1 A 86,49.25570704,4.01505061,02:40:00,2024-06-27
202400022845,21:10,Plein jour,51,51454,2,2,1,3.0,SALENGRO (RUE ROGER),49.27348,4.02403,21:10:00,2024-06-26
202400022846,17:35,Plein jour,45,45232,2,1,1,3.0,D920 PR 6 + 370,47.87044,1.90396,17:35:00,2024-06-27
202400022847,19:40,Plein jour,43,43251,1,1,1,7.0,D31,45.02160938,3.84913937,19:40:00,2024-06-27
202400022848,12:50,Plein jour,37,37261,2,3,1,3.0,AMPERE (RUE),47.39076,0.67566,12:50:00,2024-06-27
202400022849,12:40,Plein jour,35,35238,2,2,1,3.0,BOURGEOIS (BOULEVARD LEON),48.0981,-1.6555,12:40:00,2024-06-27
202400022850,12:50,Plein jour,35,35238,2,1,1,3.0,COETLOGON (AVENUE DE),48.12266921,-1.68611974,12:50:00,2024-06-27
202400022851,17:50,Plein jour,34,34172,2,1,1,3.0,LIBERTE (AVENUE DE LA,43.61174,3.82632,17:50:00,2024-06-26
202400022852,11:30,Plein jour,34,34172,2,1,1,3.0,MONTELS L' EGLISE (RUE DE),43.58266,3.88677,11:30:00,2024-06-26
202400022853,17:45,Plein jour,33,33167,2,6,1,3.0,Unknown,44.84338,-0.50378,17:45:00,2024-06-27
202400022854,15:42,Plein jour,33,33281,2,1,1,6.0,Unknown,44.8267,-0.664,15:42:00,2024-06-27
202400022855,21:35,Nuit avec éclairage,28,28134,2,9,1,7.0,RIOTTES (RUE DES),48.737749,1.34754,21:35:00,2024-06-26
202400022856,17:50,Plein jour,27,27681,2,1,1,1.0,SAINT LOUIS (RUE),49.0872,1.4799,17:50:00,2024-06-27
202400022857,20:00,Plein jour,26,26058,2,9,1,7.0,Rue Louis de Broglie,44.9608479,4.88587439,20:00:00,2024-06-27
202400022858,18:38,Plein jour,26,26198,1,1,1,2.0,Avenue de Gournier,44.53307,4.73583,18:38:00,2024-06-27
202400022859,14:20,Plein jour,25,25388,2,9,1,6.0,LAMARTINE (RUE),47.51925,6.78018,14:20:00,2024-06-26
202400022860,17:00,Plein jour,19,19272,2,1,1,6.0,Rigny (Quai),45.2642,1.76327,17:00:00,2024-06-27
202400022861,12:15,Plein jour,15,15012,1,1,1,7.0,RD 6,44.8911,2.46964,12:15:00,2024-06-26
202400022862,22:30,,13,13043,2,1,1,3.0,POUSARAQUE (AV DE LA ),43.38717,5.22341,22:30:00,2024-06-26
202400022863,19:30,Plein jour,13,13213,2,3,1,3.0,ALBERT EINSTEIN (RUE),43.34362923,5.44606578,19:30:00,2024-06-27
202400022864,19:00,Plein jour,13,13047,2,3,1,3.0,COGNETS RONDE DES,43.50323,4.98002,19:00:00,2024-06-27
202400022865,16:50,Plein jour,11,11069,2,1,1,6.0,131 Rue Trivalle,43.20855,2.36751,16:50:00,2024-06-26
202400022866,16:35,Plein jour,09,09225,1,6,1,2.0,TOULOUSE ROUTE DE,43.144238,1.605423,16:35:00,2024-06-26
202400022867,02:30,,06,06029,2,1,1,1.0,2 Avenue Maurice Chevalier,43.5517696,6.9608174,02:30:00,2024-06-27
202400022868,22:45,,01,01053,2,3,1,2.0,VICAIRE (RUE GABRIEL),46.20768,5.22538,22:45:00,2024-06-26
202400022869,20:00,Plein jour,75,75116,2,1,1,3.0,BD PERIPHERIQUE EXTERIEUR,48.837187,2.255484,20:00:00,2024-06-27
202400022870,17:40,Plein jour,75,75113,2,1,1,3.0,BD PERIPHERIQUE EXTERIEUR,48.825675,2.386589,17:40:00,2024-06-27
202400022871,09:30,Plein jour,75,75116,2,1,1,2.0,BD PERIPHERIQUE EXTERIEUR,48.834928,2.262709,09:30:00,2024-06-27
202400022872,08:40,Plein jour,75,75112,2,1,1,4.0,BD PERIPHERIQUE EXTERIEUR ,48.830807,2.403154,08:40:00,2024-06-27
202400022873,14:10,Plein jour,75,75112,2,1,1,5.0,BD PERIPHERIQUE EXTERIEUR,48.829525,2.401228,14:10:00,2024-06-26
202400022874,14:40,Plein jour,75,75114,2,3,8,6.0,AVENUE DU GENERAL LECLERC,48.82396,2.325768,14:40:00,2024-06-26
202400022875,22:10,,75,75106,2,4,1,6.0,RUE SUGER,48.852963,2.342784,22:10:00,2024-06-27
202400022876,16:42,Plein jour,75,75105,2,1,1,6.0,RUE DES BERNARDINS,48.850422,2.350862,16:42:00,2024-06-27
202400022877,22:50,,29,29151,2,1,1,2.0,Rue de Brest,48.575474,-3.829433,22:50:00,2024-11-15
202400022878,17:10,Plein jour,75,75120,2,2,1,6.0,RUE DES COURONNES,48.869684,2.38221,17:10:00,2024-06-27
202400022879,11:55,Plein jour,28,28220,2,1,1,6.0,RIBOUCHES,48.41953,1.46491,11:55:00,2024-11-16
202400022880,13:30,Plein jour,75,75119,2,2,1,6.0,RUE DE LORRAINE,48.886112,2.383099,13:30:00,2024-06-27
202400022881,14:50,Plein jour,75,75118,2,7,1,6.0,Boulevard Ornano,48.895956,2.34597,14:50:00,2024-06-27
202400022882,18:57,,25,25462,2,1,1,2.0,ROCADE G.POMPIDOU ( DE 0 A 6),46.89722,6.36016,18:57:00,2024-11-15
202400022883,15:40,Plein jour,75,75117,2,7,1,3.0,BOULEVARD MALESHERBES,48.887168,2.304893,15:40:00,2024-06-26
202400022884,17:10,Plein jour,19,19031,2,1,1,3.0,KOENIG (BOULEVARD GENERAL),45.15928,1.53063,17:10:00,2024-11-15
202400022885,16:40,Plein jour,75,75116,2,3,1,3.0,RUE GROS,48.851362,2.277126,16:40:00,2024-06-26
202400022886,15:25,Plein jour,17,17306,2,1,1,3.0,REPUBLIQUE (DE LA) (BD),45.62428,-1.02829,15:25:00,2024-11-15
202400022887,21:50,Crépuscule,75,75116,2,2,1,3.0,PLACE DE LA PORTE D AUTEUIL,48.848088,2.258958,21:50:00,2024-06-26
202400022888,17:50,Plein jour,75,75115,2,2,1,6.0,RUE PETEL,48.841548,2.299147,17:50:00,2024-06-27
202400022889,15:00,Plein jour,75,75115,2,3,1,6.0,RUE LECOURBE,48.843169,2.304592,15:00:00,2024-06-27
202400022890,12:55,Plein jour,16,16166,2,1,1,6.0,Unknown,45.666985,0.200135,12:55:00,2024-11-15
202400022891,17:40,,15,15014,2,1,1,6.0,Avenue Aristide Briand,44.92451,2.44718,17:40:00,2024-11-15
202400022892,14:15,Plein jour,75,75114,2,9,1,2.0,PORTE DE CHATILLON,48.822661,2.314746,14:15:00,2024-06-27
202400022893,23:45,Nuit sans éclairage,13,13103,1,1,1,3.0,RN 113,43.64017,4.98651,23:45:00,2024-11-15
202400022894,17:53,Plein jour,75,75112,2,1,1,6.0,AVENUE DE LA PORTE DE VINCENNES,48.84649,2.41502,17:53:00,2024-06-24
202400022895,20:10,,13,13208,2,1,1,3.0,PRADO (AVENUE DU),43.26834,5.387485,20:10:00,2024-11-16
202400022896,18:30,,13,13210,2,1,1,1.0,PAUL CLAUDEL (BOULEVARD),43.2718,5.424,18:30:00,2024-11-16
202400022897,13:06,Plein jour,75,75111,2,2,1,2.0,RUE DU FAUBOURG SAINT ANTOINE,48.850457,2.381456,13:06:00,2024-06-27
202400022898,19:20,,13,13004,2,1,1,3.0,AV STALINGRAD,43.68767,4.635,19:20:00,2024-11-16
202400022899,20:50,,10,10357,2,3,1,3.0,ROUTE DE BOURANTON (D147),48.29688,4.13337,20:50:00,2024-11-16
202400022900,16:53,Plein jour,75,75110,2,7,1,6.0,Place de la République,48.868499,2.362927,16:53:00,2024-06-27
202400022901,17:20,,10,10362,2,2,1,3.0,DAMES (RUE DES),48.29263,4.04534,17:20:00,2024-11-15
202400022902,10:40,Plein jour,75,75110,2,2,1,6.0,RUE DU FAUBOURG SAINT MARTIN,48.88110511,2.36515447,10:40:00,2024-06-27
202400022903,15:36,Plein jour,06,06088,2,1,1,7.0,480 Promenade des Anglais,43.66636,7.21108,15:36:00,2024-11-16
202400022904,20:35,,06,06069,2,1,1,3.0,Boulevard Marechal Leclerc,43.65048,6.92208,20:35:00,2024-11-16
202400022905,19:10,,06,06027,2,1,1,3.0,15 Avenue de Grasse,43.657211,7.14499,19:10:00,2024-11-16
202400022906,09:20,Plein jour,06,06123,2,1,1,1.0,1643 Boulevard Georges Pompidou,43.68196,7.18952,09:20:00,2024-11-16
202400022907,12:50,Plein jour,06,06004,2,1,1,3.0,35 Boulevard Gustave Chancel,43.57715,7.11733,12:50:00,2024-11-16
202400022908,09:15,Plein jour,75,75108,2,4,1,3.0,AVENUE GEORGE V,48.86682,2.3014,09:15:00,2024-06-27
202400022909,19:30,,75,75112,2,1,1,3.0,BD PERIPHERIQUE EXTERIEUR,48.831934,2.405092,19:30:00,2024-11-16
202400022910,16:15,Plein jour,75,75108,2,3,1,6.0,PLACE SAINT AUGUSTIN,48.874944,2.319937,16:15:00,2024-06-26
202400022911,20:52,,75,75119,2,1,1,3.0,BD PERIPHERIQUE EXTERIEUR,48.890069,2.396274,20:52:00,2024-11-15
202400022912,10:50,Plein jour,75,75104,2,3,1,1.0,RUE SAINT ANTOINE,48.853968,2.364865,10:50:00,2024-06-27
202400022913,15:02,Plein jour,75,75120,2,3,1,2.0,BOULEVARD DAVOUT,48.856305,2.410247,15:02:00,2024-11-15
202400022914,16:00,Plein jour,94,94081,2,1,1,6.0,Rue Gabriel Péri,48.79603034,2.39996499,16:00:00,2024-06-25
202400022915,21:00,,75,75117,2,3,1,3.0,RUE DE ROME,48.884615,2.317784,21:00:00,2024-11-16
202400022916,08:20,Plein jour,94,94078,2,9,1,6.0,Rue Gustave Flaubert,48.74028,2.467,08:20:00,2024-06-27
202400022917,09:30,Plein jour,75,75116,2,3,1,3.0,BOULEVARD SUCHET,48.853061,2.261816,09:30:00,2024-11-16
202400022918,18:35,Plein jour,94,94068,2,1,1,2.0,52 Boulevard du Général Giraud,48.79535596,2.47672196,18:35:00,2024-06-26
202400022919,18:00,,75,75113,2,3,1,3.0,BOULEVARD ARAGO,48.83567,2.34856,18:00:00,2024-11-16
202400022920,09:50,Plein jour,94,94073,2,3,1,3.0,Esplanade Auguste Perret,48.763847,2.368594,09:50:00,2024-06-27