Num_Acc,hrmn,lum,dep,com,agg,int,atm,col,adr,lat,long,heure,date
202400022921,14:30,Plein jour,94,94017,2,1,1,1.0,Boulevard de Stalingrad,48.8218,2.49872,14:30:00,2024-06-26
202400022922,11:54,Plein jour,75,75113,2,2,1,3.0,QUAI D AUSTERLITZ,48.841896,2.367976,11:54:00,2024-11-16
202400022923,16:45,Plein jour,93,93070,2,3,1,6.0,Rue des Bateliers / Boulevard Victor Hugo,48.909867,2.330198,16:45:00,2024-06-27
202400022924,02:05,,75,75113,2,2,1,3.0,AVENUE CAFFIERI,48.820215,2.35285,02:05:00,2024-11-16
202400022925,11:27,Plein jour,93,93039,2,1,1,2.0,Quai de Seine,48.933934,2.340882,11:27:00,2024-06-26
202400022926,13:56,Plein jour,75,75110,2,3,1,6.0,RUE DU FAUBOURG DU TEMPLE,48.869488,2.369342,13:56:00,2024-11-16
202400022927,14:42,Plein jour,93,93051,2,2,1,3.0,Rue Rouget de Lisle / Rue Marthe,48.8485,2.56543,14:42:00,2024-06-27
202400022928,18:15,,94,94076,2,2,1,3.0,Avenue de Paris,48.80108,2.36492,18:15:00,2024-11-16
202400022929,03:50,,93,93049,2,1,1,6.0,Boulevard Galliéni,48.85259,2.51265,03:50:00,2024-06-27
202400022930,13:25,Plein jour,94,94043,2,1,1,6.0,Rue Benoit Malon,48.8057,2.350963,13:25:00,2024-11-16
202400022931,02:30,,93,93046,2,1,1,7.0,Avenue Aristide Briand,48.913853,2.525338,02:30:00,2024-06-27
202400022932,12:00,Plein jour,94,94073,2,1,1,6.0,Rue du 11 Novembre,48.75248519,2.39901415,12:00:00,2024-11-16
202400022933,10:10,Plein jour,93,93005,2,9,1,6.0,Chemin du Moulin de la Ville,48.95056972,2.4972412,10:10:00,2024-06-27
202400022934,23:30,,94,94017,2,1,1,6.0,88 Avenue Marx Dormoy,48.807315,2.525564,23:30:00,2024-11-15
202400022935,08:20,Plein jour,93,93001,2,1,1,2.0,Boulevard Anatole France,48.916957,2.381898,08:20:00,2024-06-27
202400022936,13:07,Plein jour,94,94048,1,1,8,1.0,N19,48.72706486,2.55357993,13:07:00,2024-11-16
202400022937,09:33,Plein jour,92,92063,1,1,1,1.0,VERSAILLES (AVENUE DE),48.8678053,2.17041707,09:33:00,2024-06-27
202400022938,16:50,Plein jour,92,92062,2,6,1,3.0,POMPIDOU (AVENUE GEORGES),48.87464035,2.23449647,16:50:00,2024-11-16
202400022939,09:58,Plein jour,92,92062,2,5,1,6.0,JAURES (RUE JEAN) DU 97 AU 1,48.88253172,2.23991203,09:58:00,2024-06-26
202400022940,14:05,Plein jour,92,92072,2,1,1,3.0,GRANDE RUE,48.82171518,2.20468104,14:05:00,2024-11-16
202400022941,13:20,Plein jour,92,92025,2,1,1,6.0,PRESIDENT SALVADOR ALLENDE (RUE DU),48.92101881,2.23004115,13:20:00,2024-06-26
202400022942,09:30,Plein jour,92,92051,2,3,1,7.0,RICHARD WALLACE (BOULEVARD),48.87589756,2.24786617,09:30:00,2024-11-16
202400022943,08:20,Plein jour,92,92004,2,3,1,3.0,ARGENTEUIL AV D',48.9121,2.2848,08:20:00,2024-06-27
202400022944,21:00,,92,92050,2,7,1,7.0,BOULE PLACE DE LA,48.88714017,2.19993398,21:00:00,2024-11-03
202400022945,19:00,Plein jour,92,92002,2,1,1,3.0,DIVISION LECLERC (53 A 217 - 58 A 186),48.74939573,2.30414701,19:00:00,2024-06-27
202400022946,23:20,Nuit sans éclairage,92,92025,2,4,1,3.0,CHARLES DE GAULLE (BD),48.91504556,2.22847648,23:20:00,2024-11-15
202400022947,18:36,Plein jour,60,60152,1,1,1,7.0,D111,49.372433,2.589115,18:36:00,2024-06-27
202400022948,06:45,Crépuscule,34,34248,1,1,1,6.0,Route d'Assas,43.760704,3.907882,06:45:00,2024-06-28
202400022949,10:25,Plein jour,92,92023,2,1,1,6.0,CHATILLON (RUE DE),48.80163523,2.27105632,10:25:00,2024-11-16
202400022950,21:40,,92,92060,2,1,1,6.0,CHARLES DE GAULLE (AVENUE) RD75 N°1 A 35,48.78070138,2.26327457,21:40:00,2024-11-15
202400022951,20:05,Plein jour,11,11203,2,3,7,3.0,12 Avenue du General de Gaulle,43.198999,2.768126,20:05:00,2024-06-24
202400022952,18:20,Nuit sans éclairage,40,40046,1,1,5,6.0,Chemin de Pinsoulet,44.400502,-1.12869,18:20:00,2024-11-16
202400022953,21:15,Nuit sans éclairage,26,26005,1,1,1,2.0,A7,44.52616,4.796734,21:15:00,2024-06-27
202400022954,16:28,Plein jour,27,27022,2,3,1,1.0,D65,49.171853,1.341909,16:28:00,2024-11-16
202400022955,17:10,Plein jour,38,38105,2,1,1,3.0,Route de Chartreuse,45.405098,5.564693,17:10:00,2024-06-27
202400022956,00:40,Nuit sans éclairage,44,44195,1,1,1,7.0,Unknown,47.371374,-1.925225,00:40:00,2024-06-28
202400022957,15:35,Plein jour,93,93027,1,1,1,2.0,AUTOROUTE A1,48.93884239,2.41670558,15:35:00,2024-11-16
202400022958,07:20,Plein jour,15,15188,1,9,1,3.0,A 75 ,45.04843174,3.11448593,07:20:00,2024-06-28
202400022959,10:00,Plein jour,95,95641,1,1,1,3.0,A1,49.07782892,2.55160616,10:00:00,2024-11-16
202400022960,08:00,Plein jour,95,95214,1,1,1,3.0,D316,49.08560574,2.41559148,08:00:00,2024-06-28
202400022961,21:20,Nuit sans éclairage,95,95572,1,1,1,6.0,A15,49.030827,2.12237761,21:20:00,2024-11-15
202400022962,11:20,Plein jour,56,56175,1,3,1,3.0,Lieu Dit Coet Digo,47.71218,-2.926821,11:20:00,2024-06-28
202400022963,20:30,Nuit sans éclairage,93,93010,1,9,1,5.0,AUTOROUTE A3,48.90625339,2.47214056,20:30:00,2024-11-15
202400022964,12:25,Plein jour,59,59094,2,1,1,3.0,60 Avenue Anthony Caro,50.948123,2.192325,12:25:00,2024-06-27
202400022965,17:10,,93,93064,1,1,1,2.0,AUTOROUTE A86,48.8791675,2.47634149,17:10:00,2024-11-15
202400022966,11:20,Plein jour,93,93007,1,1,1,7.0,AUTOROUTE A3,48.9422986,2.47831903,11:20:00,2024-11-15
202400022967,14:10,Plein jour,79,79066,1,1,1,1.0,Unknown,46.471329,-0.401924,14:10:00,2024-06-28
202400022968,21:40,Nuit sans éclairage,77,77514,1,1,1,6.0,A104,48.93443456,2.62801014,21:40:00,2024-11-15
202400022969,20:00,Plein jour,2A,2A006,1,1,1,6.0,D81,41.976601,8.780222,20:00:00,2024-06-27
202400022970,22:25,Plein jour,80,80296,2,1,1,7.0,D112,50.022683,2.038447,22:25:00,2024-06-27
202400022971,14:20,Plein jour,69,69256,2,1,1,1.0,43 Avenue Grandclément,45.76986468,4.9144803,14:20:00,2024-06-26
202400022972,23:00,,82,82089,1,1,1,6.0,D813,44.11908933,0.83600575,23:00:00,2024-05-25
202400022973,15:00,Plein jour,974,97411,2,1,1,2.0,BOIS DE NEFLES (ROUTE DE),-20.89712,55.47681,15:00:00,2024-11-15
202400022974,17:38,Plein jour,71,71014,2,2,1,6.0,Rue de la Croix Blanche,46.956791,4.303154,17:38:00,2024-06-28
202400022975,07:30,Plein jour,974,97411,2,1,1,6.0,BOIS DE NEFLES (ROUTE DE),-20.89986,55.476,07:30:00,2024-11-15
202400022976,09:30,Plein jour,63,63236,1,1,1,1.0,D983 ; PK 21+900,45.58587343,2.82190483,09:30:00,2024-06-27
202400022977,17:48,Plein jour,973,97302,2,2,1,3.0,CATAYEE (JUSTIN),4.93592,-52.32963,17:48:00,2024-11-15
202400022978,16:40,Plein jour,63,63031,2,1,1,7.0,D725,45.441457,3.287423,16:40:00,2024-06-26
202400022979,08:45,Plein jour,42,42159,1,1,1,7.0,La Lagère,45.815924,3.731768,08:45:00,2024-06-26
202400022980,16:00,Plein jour,973,97302,2,6,1,3.0,EAU-LISETTE (CITE),4.92856,-52.32232,16:00:00,2024-11-15
202400022981,13:35,Plein jour,973,97302,2,1,1,2.0,CABASSOU (ROUTE DE),4.91865,-52.31606,13:35:00,2024-11-15
202400022982,11:15,Plein jour,47,47271,1,2,1,3.0,carrefour 211 et route de cocussotte,44.647681,0.210189,11:15:00,2024-06-28
202400022983,15:42,Plein jour,39,39491,2,1,1,6.0,6 Route de Ravilloles,46.416134,5.808324,15:42:00,2024-06-26
202400022984,02:30,,69,69383,2,2,1,1.0,Cours Albert Thomas,45.7455858,4.87125925,02:30:00,2024-11-16
202400022985,13:30,Plein jour,25,25592,1,1,1,6.0,RD9,46.818113,6.246291,13:30:00,2024-06-27
202400022986,19:30,,972,97209,2,1,1,3.0,AUTOROUTE (A1),14.61,-61.042,19:30:00,2024-11-15
202400022987,10:52,Plein jour,25,25238,1,1,3,7.0,D437b,47.286158,6.931858,10:52:00,2024-06-27
202400022988,18:35,Plein jour,25,25283,1,1,1,7.0,D110,47.071656,5.932188,18:35:00,2024-06-25
202400022989,21:40,,69,69389,2,2,1,3.0,Quai de la Gare d'Eau,45.78038688,4.80895782,21:40:00,2024-11-15
202400022990,10:22,Plein jour,25,25415,1,1,1,5.0,D67,47.023319,6.298621,10:22:00,2024-06-28
202400022991,20:13,,69,69389,2,1,1,3.0,17 Quai Arloing,45.77281,4.81025,20:13:00,2024-11-15
202400022992,11:28,Plein jour,02,02419,1,2,1,3.0,D1029,49.950792,3.776089,11:28:00,2024-06-28
202400022993,18:05,,69,69034,2,1,1,1.0,Avenue Marc Sangnier,45.79471,4.84525,18:05:00,2024-11-15
202400022994,18:00,,69,69081,2,1,1,6.0,Avenue du Bon Pasteur,45.78631,4.77578,18:00:00,2024-11-15
202400022995,05:00,Crépuscule,01,01319,1,2,1,3.0,RD27,46.060784,4.946857,05:00:00,2024-06-27
202400022996,10:42,Plein jour,69,69034,2,1,2,6.0,10 Chemin Petit,45.80492,4.85913,10:42:00,2024-11-15
202400022997,16:40,Plein jour,01,01195,2,1,1,6.0,Rue Charles Robin,46.211853,5.323007,16:40:00,2024-06-24
202400022998,19:05,Nuit sans éclairage,971,97105,2,6,1,6.0,GASTON FEUILLARD(AVENUE),15.99874,-61.72079,19:05:00,2024-11-15
202400022999,19:05,Plein jour,66,66149,2,1,1,2.0,RD66,42.623042,2.436304,19:05:00,2024-06-28
202400023000,10:25,Plein jour,66,66074,1,1,1,5.0,RD 66,42.636755,2.469826,10:25:00,2024-06-28
202400023001,08:28,Plein jour,2A,2A004,1,1,1,4.0,T40,41.92884,8.80965,08:28:00,2024-11-15
202400023002,17:50,Plein jour,54,54435,1,1,1,7.0,Chemin communal La Traverse,48.97376651,5.96682072,17:50:00,2024-06-27
202400023003,04:50,,91,91514,2,6,1,1.0,RTE DE BOUSSY ST ANTOINE,48.67689,2.53602,04:50:00,2024-11-15
202400023004,19:00,Plein jour,50,50078,1,2,8,3.0,Hameau Girault,49.254781,-1.638401,19:00:00,2024-06-27
202400023005,14:05,Plein jour,91,91589,2,1,1,3.0,BD ARISTIDE BRIAND,48.68337,2.34462,14:05:00,2024-11-15
202400023006,16:10,Plein jour,50,50582,2,1,1,6.0,14 Rue General Millet,48.724629,-0.919649,16:10:00,2024-06-27
202400023007,19:50,Nuit sans éclairage,91,91228,2,1,1,4.0,ROUTE DE MENNECY,48.638,2.417,19:50:00,2024-11-15
202400023008,19:55,Plein jour,40,40129,1,1,1,1.0,D12,43.654692,-1.247013,19:55:00,2024-06-27
202400023009,19:30,,91,91228,2,9,1,3.0,RUE DU BOIS BRIARD,48.62256,2.41663,19:30:00,2024-11-14
202400023010,09:40,Plein jour,04,04130,1,1,1,7.0,D 951 Lieu-dit Sambuc,44.058078,5.816917,09:40:00,2024-06-27
202400023011,15:00,Plein jour,86,86194,2,1,1,6.0,Avenue de lafayette,46.576093,0.375684,15:00:00,2024-11-15
202400023012,08:45,Plein jour,85,85157,1,2,1,1.0,VC la roguerie,46.574177,-1.152057,08:45:00,2024-06-28
202400023013,12:40,Plein jour,86,86194,2,1,1,3.0,Rue de la Roche,46.58592,0.3335,12:40:00,2024-11-15
202400023014,14:00,Plein jour,17,17347,1,8,1,2.0,rd 150,45.960973,-0.51713,14:00:00,2024-06-27
202400023015,17:45,,84,84080,2,1,3,7.0,VELLERON ROUTE DE,44.03057,4.99998,17:45:00,2024-11-12
202400023016,16:50,Plein jour,24,24517,1,1,1,7.0,D710,44.720103,1.003103,16:50:00,2024-06-24
202400023017,17:30,,84,84007,2,3,1,1.0,LAVARIN (CHEMIN DU),43.9295,4.80475,17:30:00,2024-11-08
202400023018,17:00,Plein jour,03,03010,1,1,1,6.0,"D241, les maisons",46.470091,2.54635,17:00:00,2024-06-27
202400023019,12:07,Plein jour,84,84007,2,2,1,3.0,MONTFAVET (ROUTE DE),43.94016,4.83365,12:07:00,2024-11-15
202400023020,10:52,Plein jour,83,83137,2,1,1,6.0,BAZEILLES (BD / ROND POINT DE),43.11222245,5.93406388,10:52:00,2024-11-15
202400023021,17:15,Plein jour,49,49110,1,1,1,5.0,"D323, PR 18+000",47.56594309,-0.36490917,17:15:00,2024-06-27
202400023022,12:18,Plein jour,83,83069,2,1,1,6.0,GEOFFROY ST HILAIRE (AVENUE),43.10622,6.12839,12:18:00,2024-11-15
202400023023,19:20,Plein jour,42,42279,2,3,1,6.0,Rue Joannes Beaulieu,45.502704,4.261075,19:20:00,2024-06-27
202400023024,09:01,Plein jour,80,80021,2,3,1,3.0,ALEXANDRE DUMAS (RUE),49.871,2.303,09:01:00,2024-11-15
202400023025,11:35,Plein jour,06,06085,2,2,1,3.0,339 Route du Cannet,43.583698,7.009358,11:35:00,2024-06-26
202400023026,07:40,Plein jour,13,13032,1,1,7,2.0,Route de Pelissanne,43.587603,5.296612,07:40:00,2024-06-28
202400023027,00:57,,78,78440,2,3,1,3.0,MARECHAL FOCH (AVENUE DU),48.99221,1.902612,00:57:00,2024-11-16
202400023028,15:30,Plein jour,17,17213,1,1,1,2.0,A10,46.065921,-0.534017,15:30:00,2024-06-27
202400023029,13:10,Plein jour,78,78440,2,3,1,6.0,POISSY (RUE DE),48.993096,1.9158,13:10:00,2024-11-15
202400023030,16:45,Plein jour,973,97303,1,1,2,2.0,N1,5.52661,-53.386452,16:45:00,2024-06-25
202400023031,18:10,,78,78123,2,2,1,3.0,QUENNET RUE A.,48.949531,2.038539,18:10:00,2024-11-12
202400023032,19:20,Nuit sans éclairage,973,97312,1,1,1,3.0,N1,5.348341,-52.937064,19:20:00,2024-06-26
202400023033,04:05,,78,78498,2,1,1,7.0,TOURNELLE RUE DE LA,48.92354,2.03868,04:05:00,2024-11-15
202400023034,19:40,Nuit sans éclairage,971,97116,1,1,2,7.0,Jabrun Sonel,16.295689,-61.441888,19:40:00,2024-06-23
202400023035,20:00,Nuit sans éclairage,77,77350,1,1,1,6.0,D471,48.77166,2.70797,20:00:00,2024-11-15
202400023036,05:40,Crépuscule,971,97117,2,3,1,3.0,Rocade Sergent,16.325272,-61.350929,05:40:00,2024-06-28
202400023037,12:45,Plein jour,76,76351,2,1,1,3.0,LUCIEN CORBEAUX (AVENUE),49.48636,0.11503,12:45:00,2024-11-13
202400023038,23:00,,77,77153,2,1,1,3.0,Rue Maryse Bastié,49.050414,2.670246,23:00:00,2024-06-27
202400023039,02:15,,2A,2A247,2,1,1,6.0,1 Voie Romaine,41.58841,9.278018,02:15:00,2024-06-28
202400023040,19:55,,72,72181,2,8,1,3.0,GAMBETTA (PONT),48.00605,0.19179,19:55:00,2024-11-14
202400023041,18:30,,72,72181,2,9,1,3.0,BOLLEE (AV) N° PAIRS 224 ET >,48.00394,0.20273,18:30:00,2024-11-14
202400023042,15:50,Plein jour,2A,2A041,1,4,1,1.0,RT10,41.403515,9.168413,15:50:00,2024-06-28
202400023043,18:15,Plein jour,66,66145,1,1,1,7.0,D37,42.646042,2.801353,18:15:00,2024-06-28
202400023044,12:30,Plein jour,72,72181,2,1,1,3.0,EDISON THOMAS (RUE),48.02513,0.18057,12:30:00,2024-11-14
202400023045,11:30,Plein jour,34,34145,1,2,1,3.0,RD61,43.668896,4.143434,11:30:00,2024-06-13
202400023046,15:20,Plein jour,64,64348,2,3,1,3.0,HIPPODROME DE L',43.33819,-0.38002,15:20:00,2024-11-15
202400023047,21:15,Nuit sans éclairage,08,08146,2,2,1,6.0,2 Rue du Duc d’Orange,49.658204,4.33563,21:15:00,2024-03-08
202400023048,14:45,Plein jour,06,06157,2,1,1,6.0,361 Avenue Henri Giraud,43.726778,7.103949,14:45:00,2024-06-23
202400023049,13:20,Plein jour,64,64445,2,1,1,3.0,MARECHAL FOCH,43.2968,-0.367,13:20:00,2024-11-15
202400023050,19:45,Nuit sans éclairage,31,31117,1,1,1,5.0,A68 PK 6.500,43.666428,1.554909,19:45:00,2024-03-09
202400023051,13:30,Plein jour,13,13022,2,1,1,1.0,D55A - Avenue Foch,43.21712,5.543933,13:30:00,2024-06-28
202400023052,15:30,Plein jour,13,13041,1,1,1,2.0,Route Departementale 6,43.448429,5.446354,15:30:00,2024-06-27
202400023053,17:00,Plein jour,33,33122,1,1,1,5.0,Unknown,44.743388,-0.765588,17:00:00,2024-03-09
202400023054,12:25,Plein jour,64,64284,2,1,1,6.0,GENERAL LECLERC DU,43.28872,-0.38876,12:25:00,2024-11-14
202400023055,00:00,Nuit sans éclairage,60,60494,1,1,1,6.0,"Bretelle de sortie Parc Asterix, autoroute A1",49.13158064,2.56043029,00:00:00,2024-03-09
202400023056,06:40,Plein jour,89,89388,1,1,1,3.0,A6,47.9393,3.2435,06:40:00,2024-06-28
202400023057,06:00,Nuit sans éclairage,63,63224,1,1,1,7.0,420,45.85797883,3.13564673,06:00:00,2024-11-14
202400023058,12:15,Plein jour,21,21292,2,3,1,3.0,Unknown,47.234052,5.237613,12:15:00,2024-06-27
202400023059,12:30,Plein jour,62,62510,2,1,1,6.0,Rue d'Artois,50.43712,2.78457,12:30:00,2024-11-06
202400023060,17:00,Plein jour,13,13103,1,1,1,2.0,A54 - PK 072.000 - SENS EST-OUEST,43.627386,5.123738,17:00:00,2024-03-10
202400023061,10:15,Plein jour,987,98712,2,1,1,3.0,PK 4 - STADE Boris Leontieff,-17.279,-149.542,10:15:00,2024-03-08
202400023062,18:35,Plein jour,67,67246,2,1,1,1.0,3 Rue du Maréchal Leclerc,48.336601,7.539175,18:35:00,2024-06-27
202400023063,15:45,Plein jour,59,59599,2,3,8,3.0,GUERRE (RUE FIN DE LA),50.7298,3.1424,15:45:00,2024-11-15
202400023064,07:55,Crépuscule,974,97420,1,9,1,6.0,Route Nationale 2,-20.91585616,55.61735639,07:55:00,2024-03-10
202400023065,16:15,Plein jour,56,56036,1,1,1,2.0,PA Kerpont-Bellevue,47.78581,-3.3343,16:15:00,2024-11-15
202400023066,10:45,Plein jour,973,97311,2,1,1,3.0,Impasse Saimiri,5.439426,-54.037837,10:45:00,2024-03-09
202400023067,16:55,Plein jour,55,55351,1,3,1,5.0,Rue Albert 1er,49.522057,5.383676,16:55:00,2024-06-28
202400023068,17:50,Nuit sans éclairage,971,97128,1,1,1,2.0,Boulevard de la Criee,16.217884,-61.417311,17:50:00,2024-03-08
202400023069,18:25,,56,56098,2,6,1,3.0,Place Robert Carré,47.76613,-3.34429,18:25:00,2024-11-14
202400023070,16:30,Plein jour,55,55351,2,1,1,6.0,Place Raymond Poincaré,49.519475,5.366799,16:30:00,2024-06-27
202400023071,08:45,Plein jour,33,33199,2,6,2,3.0,Unknown,44.627872,-1.110571,08:45:00,2024-03-10
202400023072,17:06,Nuit sans éclairage,54,54528,2,7,1,6.0,HAM,48.67286,5.89406,17:06:00,2024-11-12
202400023073,18:15,Plein jour,13,13021,1,1,3,7.0,D9,43.343992,5.16977,18:15:00,2024-03-09
202400023074,17:30,Plein jour,63,63213,1,1,2,1.0,départementale 1093,45.84519483,3.27840954,17:30:00,2024-01-26
202400023075,12:50,Plein jour,54,54395,2,1,1,3.0,Rue Grand Rabbin Haguenauer,48.6878983,6.1797291,12:50:00,2024-11-15
202400023076,09:30,Plein jour,29,29234,1,1,1,6.0,D 62,47.85790608,-3.49038372,09:30:00,2024-03-10
202400023077,23:45,,42,42022,2,5,1,3.0,Avenue de la Mairie,45.52522,4.226244,23:45:00,2024-06-27
202400023078,13:50,Plein jour,54,54395,2,1,1,2.0,Avenue Général Leclerc,48.68236,6.18406,13:50:00,2024-11-15
202400023079,00:45,,06,06143,1,1,3,1.0,Avenue du General de Gaulle,43.946517,7.018583,00:45:00,2024-03-10
202400023080,16:05,Plein jour,01,01249,2,9,1,7.0,Montée Neuve,45.825323,4.942056,16:05:00,2024-04-27
202400023081,08:05,Plein jour,54,54159,2,2,2,3.0,Avenue de Rosières,48.61495,6.35273,08:05:00,2024-11-14
202400023082,16:56,Plein jour,13,13110,1,1,1,3.0,Impasse Courtot,43.470588,5.667518,16:56:00,2024-03-10
202400023083,23:35,Nuit sans éclairage,71,71232,1,1,3,7.0,route de lugny,46.433957,4.199567,23:35:00,2024-03-09
202400023084,12:00,Plein jour,69,69078,1,1,1,5.0,Route de Bordeaux,45.68644335,4.52451606,12:00:00,2024-06-28
202400023085,09:00,Plein jour,52,52045,2,9,1,6.0,ROISES (RUE DES),48.65555,4.96748,09:00:00,2024-11-13
202400023086,18:45,Plein jour,81,81142,1,1,1,3.0,la bousquetarié,43.534347,2.083197,18:45:00,2024-06-27
202400023087,11:05,Plein jour,51,51454,2,1,1,4.0,TONDEURS (BOULEVARD DES),49.285399,4.023064,11:05:00,2024-11-15
202400023088,13:00,Plein jour,33,33496,1,1,1,6.0,Unknown,44.862118,-0.396694,13:00:00,2024-06-27
202400023089,14:00,Plein jour,69,69019,2,3,1,6.0,Rue Pierre Cothenet,46.12553,4.736186,14:00:00,2024-03-10
202400023090,10:15,Plein jour,53,53082,1,2,1,3.0,route des génetais,47.969662,-0.875221,10:15:00,2024-06-28
202400023091,10:31,Plein jour,17,17058,2,1,1,6.0,12 Rue de Chatain,45.850231,-1.142956,10:31:00,2024-03-10
202400023092,16:20,Plein jour,51,51454,1,1,1,3.0,FARMAN (AVENUE HENRI),49.23418,4.07871,16:20:00,2024-11-14
202400023093,00:30,Nuit sans éclairage,27,27275,1,3,1,6.0,Route de la Garenne,49.16519,1.368696,00:30:00,2024-03-10
202400023094,12:50,Plein jour,51,51454,2,1,1,2.0,CHAMPAGNE   (  AVENUE DE),49.2323349,4.03681263,12:50:00,2024-11-14
202400023095,18:25,Plein jour,14,14640,1,3,1,2.0,Route d'Argences,49.171685,-0.185613,18:25:00,2024-06-27
202400023096,12:00,Plein jour,51,51108,2,1,1,1.0,JAURES (RUE JEAN) (N° INFERIEUR A 59-34),48.95461,4.35236,12:00:00,2024-11-15
202400023097,16:15,Plein jour,35,35015,1,3,1,1.0,Lieu Dit la Chevrie,48.154535,-1.176052,16:15:00,2024-06-28
202400023098,11:07,Plein jour,33,33063,1,1,1,4.0,Unknown,44.8799,-0.53708,11:07:00,2024-03-09
202400023099,18:45,,50,50647,2,1,1,7.0,ECOLE (RUE DE  L'),48.84485,-1.55845,18:45:00,2024-11-13
202400023100,06:30,Crépuscule,02,02697,1,1,1,3.0,D977,49.588848,3.746675,06:30:00,2024-06-28
202400023101,19:50,,50,50129,2,1,2,2.0,NAPOLEON (PLACE),49.64315,-1.62497,19:50:00,2024-11-14
202400023102,11:51,Plein jour,91,91286,1,1,1,4.0,AUTOROUTE A6,48.64806,2.38628,11:51:00,2024-03-09
202400023103,18:15,Plein jour,80,80561,1,1,1,7.0,D155,49.650835,2.549429,18:15:00,2024-06-28
202400023104,03:58,Nuit sans éclairage,91,91377,1,1,1,2.0,AUTOROUTE A10,48.7237,2.2982,03:58:00,2024-03-09
202400023105,16:00,Plein jour,50,50129,2,2,1,3.0,METIERS (RUE DES),49.63642,-1.585,16:00:00,2024-11-12
202400023106,11:55,Plein jour,62,62443,2,1,1,6.0,D65,50.442145,2.643937,11:55:00,2024-06-28
202400023107,23:40,,49,49267,2,1,1,2.0,CHATENAY AVENUE VICTOR,47.48982,-0.50737,23:40:00,2024-11-15
202400023108,20:10,Plein jour,59,59482,2,1,1,3.0,Rue de la Prevote,50.705965,2.99007,20:10:00,2024-06-22
202400023109,16:25,Plein jour,92,92023,1,1,1,4.0,A86 EXT ,48.77692034,2.22492564,16:25:00,2024-03-08
202400023110,23:00,,49,49267,1,2,1,2.0,RD 347,47.47334,-0.46586,23:00:00,2024-11-15
202400023111,08:30,Plein jour,13,13117,1,1,1,2.0,A7-Sens Lyon vers Marseille,43.43587996,5.25406413,08:30:00,2024-06-27
202400023112,15:00,Plein jour,95,95563,1,1,2,6.0,A115,49.01153732,2.22514987,15:00:00,2024-03-09
202400023113,20:24,Nuit sans éclairage,77,77121,1,1,2,6.0,A104,48.840477,2.663979,20:24:00,2024-03-09
202400023114,00:10,,44,44109,2,2,1,3.0,Route de Paris,47.2532,-1.51518,00:10:00,2024-11-16
202400023115,10:20,Plein jour,13,13211,1,1,1,4.0,A50-Sens Marseille vers Aubagne,43.29413128,5.47032278,10:20:00,2024-06-26
202400023116,09:30,Plein jour,974,97411,2,1,1,5.0,JAURES (BOULEVARD JEAN),-20.89059,55.4546,09:30:00,2024-03-08
202400023117,07:40,Plein jour,83,83137,1,1,1,4.0,A50,43.12490445,5.90491697,07:40:00,2024-06-27
202400023118,13:55,Plein jour,43,43157,2,2,1,6.0,Boulevard Saint Louis,45.04287,3.88045,13:55:00,2024-11-15
202400023119,23:55,Nuit sans éclairage,69,69072,1,1,1,6.0,Autoroute 89,45.83530836,4.74916243,23:55:00,2024-06-26
202400023120,20:20,,973,97302,2,1,1,2.0,TOUSSAINT LOUVERTURE (rue),4.92657,-52.30458,20:20:00,2024-03-08
202400023121,19:05,Nuit sans éclairage,973,97302,2,6,1,2.0,MADELEINE (ROUTE DE LA),4.92494721,-52.32397288,19:05:00,2024-03-07
202400023122,18:50,Nuit sans éclairage,42,42237,1,1,1,6.0,M32,45.45782,4.46958,18:50:00,2024-11-15
202400023123,09:50,Plein jour,67,67482,1,1,1,4.0,M35,48.5768,7.7269,09:50:00,2024-06-26
202400023124,15:50,Plein jour,69,69385,2,1,1,6.0,Avenue de la Première Division Française Libre,45.75420052,4.8131226,15:50:00,2024-03-06
202400023125,23:00,,971,97120,2,9,1,4.0,PAUL VALENTINO (AVENUE),16.22895,-61.53146,23:00:00,2024-03-07
202400023126,13:15,Plein jour,41,41018,2,1,1,2.0,PORTE COTE (RUE),47.58675,1.33059,13:15:00,2024-11-15
202400023127,18:30,Plein jour,94,94034,1,1,1,4.0,A86,48.75895409,2.32434215,18:30:00,2024-06-27
202400023128,22:00,Nuit sans éclairage,971,97113,2,3,1,3.0,MONTAUBAN (SECTEUR),16.20823913,-61.49996012,22:00:00,2024-03-06
202400023129,17:45,Crépuscule,41,41018,2,1,1,1.0,DUGUESCLIN (RUE BERTRAND),47.59377,1.29826,17:45:00,2024-11-14
202400023130,11:20,Plein jour,95,95369,2,2,1,3.0,HENRY DUNANT (RUE),49.00062155,2.29492217,11:20:00,2024-03-08
202400023131,16:00,Plein jour,91,91312,1,1,1,5.0,RD 444,48.73598,2.22919,16:00:00,2024-06-27
202400023132,01:00,Nuit sans éclairage,91,91552,1,1,1,7.0,RTE NATIONALE 20,48.603759,2.248471,01:00:00,2024-03-09
202400023133,14:00,Plein jour,94,94034,1,1,1,2.0,A86,48.75642,2.34146,14:00:00,2024-06-27
202400023134,16:15,Plein jour,88,88209,2,6,1,2.0,DOMEVRE (RUE DE),48.19751,6.41155,16:15:00,2024-03-07
202400023135,09:45,Plein jour,37,37261,2,1,1,4.0,SAINT SAUVEUR (PONT),47.37259,0.67824,09:45:00,2024-11-15