Num_Acc,hrmn,lum,dep,com,agg,int,atm,col,adr,lat,long,heure,date
202400023136,08:05,Plein jour,37,37233,2,3,1,7.0,CACHIN (RUE MARCEL),47.39714,0.74129,08:05:00,2024-11-15
202400023137,08:30,Plein jour,91,91553,1,1,1,4.0,RN 104,48.63167,2.49617,08:30:00,2024-06-27
202400023138,00:25,,84,84007,2,1,1,6.0,SOUSPIROUS (Avenue des ) - MONTFAVET,43.93529,4.85096,00:25:00,2024-03-09
202400023139,14:00,Plein jour,36,36044,2,3,1,3.0,Unknown,46.815212,1.708328,14:00:00,2024-11-15
202400023140,12:25,Plein jour,83,83062,1,1,3,3.0,DIGNE (AVENUE DE ),43.14633458,6.03443021,12:25:00,2024-03-08
202400023141,02:41,Nuit sans éclairage,91,91161,1,1,1,4.0,AUTOROUTE A6,48.69769051,2.31452912,02:41:00,2024-06-27
202400023142,17:30,Plein jour,80,80489,2,1,1,7.0,Avenue Henri Barbusse,49.8693,2.36067,17:30:00,2024-03-07
202400023143,21:05,,35,35238,2,3,1,3.0,LIBERTE (BD DE LA),48.10739,-1.67848,21:05:00,2024-11-15
202400023144,17:50,Plein jour,78,78238,1,1,1,6.0,A13,48.970547,1.880915,17:50:00,2024-06-27
202400023145,16:05,Plein jour,80,80021,2,1,1,2.0,Boulevard d'Alsace-Lorraine,49.89361,2.30856,16:05:00,2024-03-07
202400023146,19:30,Plein jour,78,78640,1,1,1,3.0,RN12 INT,48.78146,2.16812,19:30:00,2024-06-26
202400023147,08:00,Plein jour,78,78238,2,1,1,3.0,RENAULT (ROUTE DE),48.96789,1.8681,08:00:00,2024-03-08
202400023148,18:25,Plein jour,93,93013,1,1,1,2.0,A1,48.94024886,2.42276942,18:25:00,2024-06-27
202400023149,17:26,Plein jour,77,77378,2,1,1,6.0,ORME BRISE(RUE DE L'),48.52064,2.56316,17:26:00,2024-03-08
202400023150,19:10,Nuit sans éclairage,35,35238,1,1,1,2.0,ROCADE 12-13,48.125422,-1.715687,19:10:00,2024-11-15
202400023151,14:05,Plein jour,77,77487,2,1,1,6.0,CHARTRETTES  (ROUTE DE),48.53091,2.66909,14:05:00,2024-03-08
202400023152,15:50,Plein jour,93,93066,1,1,1,5.0,A1,48.92985457,2.36307976,15:50:00,2024-06-27
202400023153,11:45,Plein jour,76,76305,1,1,1,6.0,rue montagne,49.46548,0.2004,11:45:00,2024-03-07
202400023154,11:35,Plein jour,35,35238,2,1,1,6.0,VATAR (HIPPOLYTE),48.11353,-1.66124,11:35:00,2024-11-15
202400023155,09:30,Plein jour,92,92036,1,1,1,2.0,AUTOROUTE A15,48.94355783,2.28738079,09:30:00,2024-06-27
202400023156,15:00,Plein jour,73,73065,1,1,2,5.0,N201 VOIE RAPIDE URBAINE,45.58522,5.90774,15:00:00,2024-03-05
202400023157,02:35,Nuit sans éclairage,95,95582,1,1,1,2.0,A15,48.97632763,2.23681612,02:35:00,2024-06-27
202400023158,11:10,Plein jour,34,34172,2,1,1,3.0,MONTELS-EGLISE (RUE DE),43.58014,3.87986,11:10:00,2024-11-15
202400023159,11:25,Plein jour,71,71270,2,1,1,3.0,LYON (ROUTE DE),46.2828,4.80525,11:25:00,2024-03-08
202400023160,18:15,Plein jour,77,77058,1,1,1,4.0,A4,48.83110253,2.68772746,18:15:00,2024-06-27
202400023161,13:45,Plein jour,34,34032,2,1,1,7.0,HIRONDELLE  (RUE DE L'),43.33747,3.217,13:45:00,2024-11-15
202400023162,15:10,Plein jour,69,69259,2,1,1,2.0,Boulevard Irène Joliot Curie,45.71972139,4.8749803,15:10:00,2024-03-08
202400023163,12:35,Plein jour,33,33063,2,1,1,6.0,Unknown,44.84211,-0.56048,12:35:00,2024-11-15
202400023164,17:30,Plein jour,75,75112,2,1,1,1.0,AUTOROUTE A4,48.818238,2.456264,17:30:00,2024-06-27
202400023165,17:50,Plein jour,69,69290,2,6,1,6.0,Route de Grenoble,45.71361705,4.96789174,17:50:00,2024-03-07
202400023166,07:45,Nuit sans éclairage,29,29019,2,1,1,6.0,rue Auguste Rodin,48.396736,-4.464478,07:45:00,2024-11-14
202400023167,09:13,Plein jour,94,94018,1,1,1,3.0,A4,48.82253799,2.39690691,09:13:00,2024-06-27
202400023168,21:30,,67,67482,1,1,1,1.0,PETIT RHIN (ROUTE DU),48.56133,7.80084,21:30:00,2024-03-09
202400023169,17:53,Nuit sans éclairage,27,27229,2,1,1,1.0,QUATORZE JUILLET (BOULEVARD),49.00989,1.16724,17:53:00,2024-11-15
202400023170,07:10,Plein jour,67,67482,2,3,8,3.0,VICTOR HUGO (BOULEVARD),48.59246,7.70339,07:10:00,2024-03-07
202400023171,16:30,Plein jour,77,77258,1,1,1,4.0,A4.W,48.8300629,2.62477805,16:30:00,2024-06-26
202400023172,16:43,Plein jour,27,27229,2,2,1,3.0,FAUVILLE (RUE DE),49.02309,1.17326,16:43:00,2024-11-15
202400023173,15:40,Plein jour,66,66136,2,5,1,3.0,Unknown,42.70438632,2.89266586,15:40:00,2024-03-08
202400023174,08:20,Plein jour,82,82013,2,6,7,3.0,Avenue de la Gimone,43.879776,0.990921,08:20:00,2024-04-03
202400023175,17:38,Nuit sans éclairage,25,25204,1,3,1,3.0,R-N 57  lieu dit Pont rouge,46.943,6.34289,17:38:00,2024-11-15
202400023176,18:55,Plein jour,64,64140,1,1,1,5.0,LOUIS DE FOIX (AVENUE),43.52019604,-1.46425277,18:55:00,2024-03-07
202400023177,07:59,Plein jour,63,63113,2,1,1,6.0,PONT NATUREL (RUE DU),45.78327,3.07919,07:59:00,2024-03-08
202400023178,10:50,Plein jour,25,25056,2,3,1,6.0,VIANCIN RUE CHARLES,47.2484,6.00445,10:50:00,2024-11-15
202400023179,20:10,,62,62510,2,2,1,1.0,D58E4,50.4213,2.77875,20:10:00,2024-03-08
202400023180,07:50,Crépuscule,14,14137,1,1,1,2.0,N13,49.19393,-0.44422,07:50:00,2024-11-15
202400023181,17:50,Plein jour,60,60057,2,1,3,6.0,HECTOR BERLIOZ (RUE),49.41664302,2.07714115,17:50:00,2024-03-05
202400023182,22:40,,13,13206,2,3,1,3.0,LODI (RUE DE),43.29151,5.38495,22:40:00,2024-11-15
202400023183,13:20,Plein jour,59,59350,2,1,2,6.0,Rue du Château d'Isenghien,50.65103,2.98371,13:20:00,2024-03-02
202400023184,18:21,Crépuscule,54,54184,2,6,1,7.0,avenue de Brigachtal,48.707862,6.244152,18:21:00,2024-03-08
202400023185,20:45,Nuit sans éclairage,54,54395,2,3,1,1.0,Rue de Phalsbourg,48.68352,6.18121,20:45:00,2024-03-07
202400023186,01:50,,13,13203,2,3,1,3.0,NATIONAL (BOULEVARD),43.3088,5.38062,01:50:00,2024-11-15
202400023187,18:30,,54,54280,2,3,1,3.0,Rue du 8 Mai 1945,49.23062,6.01022,18:30:00,2024-03-08
202400023188,06:20,Nuit sans éclairage,13,13047,2,6,1,1.0,FELIX GOUIN AVENUE,43.50568,4.98449,06:20:00,2024-11-15
202400023189,17:00,Plein jour,51,51454,2,2,1,6.0,GOULIN (RUE),49.26719,4.02481,17:00:00,2024-03-08
202400023190,22:20,Nuit sans éclairage,13,13047,1,1,1,1.0,R.N 569,43.58302,4.98578,22:20:00,2024-11-14
202400023191,18:40,Plein jour,50,50129,1,1,1,6.0,ROUTE DE LA LANDE ST GABRIEL,49.63377,-1.54884,18:40:00,2024-03-06
202400023192,18:45,,13,13028,2,9,1,3.0,BILLOUX (AVENUE FRANCOIS ),43.17455,5.59784,18:45:00,2024-11-15
202400023193,12:24,Plein jour,49,49007,2,1,1,3.0,LETANDUERE,47.45743,-0.55407,12:24:00,2024-03-07
202400023194,16:15,Plein jour,45,45147,2,1,1,6.0,2 Rue du Colonel Fabien,47.93628,1.91174,16:15:00,2024-03-08
202400023195,07:20,Crépuscule,11,11069,2,6,1,2.0,Unknown,43.197546,2.357652,07:20:00,2024-11-14
202400023196,15:40,Plein jour,09,09225,2,1,1,7.0,DELCASSE BOULEVARD,43.1123,1.6126,15:40:00,2024-11-15
202400023197,22:10,,44,44109,2,1,1,1.0,5 Quai André Rhuys,47.20713,-1.55353,22:10:00,2024-03-08
202400023198,22:40,Nuit avec éclairage,06,06088,1,1,1,2.0,550 Boulevard du Mercantour,43.71866,7.18664,22:40:00,2024-11-15
202400023199,08:10,Plein jour,43,43041,2,9,8,2.0,2 Rue du Pont de la Chartreuse,45.05275,3.91309,08:10:00,2024-03-08
202400023200,03:36,,36,36044,2,1,1,6.0,gireugne,46.783,1.676,03:36:00,2024-03-08
202400023201,20:25,Nuit sans éclairage,06,06088,1,1,1,6.0,862 Boulevard du Mercantour,43.754551,7.195664,20:25:00,2024-11-15
202400023202,21:20,,75,75120,2,1,1,7.0,RUE DES PYRENEES,48.86913,2.395184,21:20:00,2024-11-15
202400023203,17:30,Plein jour,35,35238,1,1,2,3.0,ROCADE 14-15,48.1088,-1.71764,17:30:00,2024-03-08
202400023204,01:05,,75,75110,2,7,1,3.0,PLACE DE LA BATAILLE DE STALINGRAD,48.883241,2.369253,01:05:00,2024-11-15
202400023205,16:10,Plein jour,35,35238,2,1,1,7.0,FOUGERES (ROUTE DE),48.12929,-1.64448,16:10:00,2024-03-08
202400023206,11:50,Plein jour,34,34172,2,1,3,6.0,JANVIER (RUE GUILLAUME),43.59575,3.8666,11:50:00,2024-03-08
202400023207,17:10,,75,75117,2,2,7,3.0,BOULEVARD BESSIERES,48.894386,2.313626,17:10:00,2024-11-15
202400023208,22:30,,33,33063,2,2,1,6.0,Unknown,44.86617,-0.56131,22:30:00,2024-03-08
202400023209,18:13,Plein jour,30,30189,2,1,1,1.0,SAUVE (ROUTE),43.8394,4.3218,18:13:00,2024-02-23
202400023210,18:45,,75,75116,2,1,1,3.0,AVENUE DU MAHATMA GANDHI,48.874637,2.257109,18:45:00,2024-11-15
202400023211,20:50,,30,30189,2,1,1,7.0,50 Rue Vincent Faita,43.8441,4.3702,20:50:00,2024-03-02
202400023212,11:30,Plein jour,29,29019,2,3,1,3.0,rue Paul Masson,48.401669,-4.47973,11:30:00,2024-03-08
202400023213,14:15,Plein jour,75,75116,2,2,1,3.0,BOULEVARD EXELMANS,48.845332,2.258608,14:15:00,2024-11-15
202400023214,23:54,,27,27229,2,1,1,3.0,ISAMBARD (RUE),49.029184,1.149141,23:54:00,2024-03-07
202400023215,09:00,Plein jour,75,75116,2,7,1,3.0,PLACE DU MARECHAL DE LATTRE DE TASSIGNY,48.872219,2.274348,09:00:00,2024-11-15
202400023216,04:35,Nuit sans éclairage,26,26058,1,3,1,2.0,Route des Morliettes,44.96700437,4.91048098,04:35:00,2024-03-08
202400023217,16:20,Plein jour,75,75115,2,3,1,1.0,RUE DE VAUGIRARD,48.842295,2.310555,16:20:00,2024-11-14
202400023218,00:25,Nuit sans éclairage,17,17028,2,1,1,2.0,Avenue Simone Veil,46.14328,-1.1235,00:25:00,2024-03-09
202400023219,18:30,,75,75105,2,1,1,3.0,AVENUE DE L OBSERVATOIRE,48.840363,2.337016,18:30:00,2024-11-15
202400023220,18:15,,75,75113,2,2,1,6.0,AVENUE D ITALIE,48.822203,2.358513,18:15:00,2024-11-15
202400023221,19:12,Crépuscule,15,15012,1,1,1,3.0,RD 920,44.8429,2.4765,19:12:00,2024-02-17
202400023222,08:30,Plein jour,75,75113,2,1,1,3.0,QUAI PANHARD ET LEVASSOR,48.83007,2.382471,08:30:00,2024-11-15
202400023223,10:10,Plein jour,14,14366,2,1,1,1.0,1156 Rue Édouard Branly,49.14717,0.2701,10:10:00,2024-03-08
202400023224,01:54,,75,75114,2,3,1,3.0,BOULEVARD ROMAIN ROLLAND,48.820902,2.320551,01:54:00,2024-11-15
202400023225,00:56,,13,13205,2,2,1,3.0,VERTUS (RUE DES),43.29096,5.39206,00:56:00,2024-03-08
202400023226,23:39,,75,75113,2,2,1,6.0,AVENUE D ITALIE,48.82618,2.357394,23:39:00,2024-11-14
202400023227,10:10,Plein jour,13,13205,2,3,1,3.0,BAILLE (BOULEVARD),43.28937,5.39669,10:10:00,2024-03-07
202400023228,19:24,,75,75110,2,4,1,3.0,RUE DU FAUBOURG SAINT MARTIN,48.878958,2.362348,19:24:00,2024-11-15
202400023229,16:20,Plein jour,13,13202,2,1,1,2.0,VAUDOYER (AVENUE),43.29710593,5.36319583,16:20:00,2024-03-06
202400023230,12:08,Plein jour,94,94080,2,1,1,6.0,Allee Georges Pompidou,48.84958,2.43531,12:08:00,2024-11-15
202400023231,19:45,,06,06088,2,1,3,6.0,20 Avenue Docteur Victor Robini,43.6827145,7.2013525,19:45:00,2024-03-08
202400023232,19:30,,94,94052,2,7,1,6.0,Place du General Leclerc,48.835338,2.473833,19:30:00,2024-11-15
202400023233,08:00,Plein jour,03,03095,2,2,1,3.0,HUIT MAI 1945 (BOULEVARD DU),46.12887,3.43583,08:00:00,2024-03-07
202400023234,17:50,,94,94046,2,2,1,3.0,Avenue de la République,48.8058,2.44082,17:50:00,2024-11-15
202400023235,07:50,Plein jour,75,75113,2,1,1,2.0,QUAI D IVRY,48.824838,2.384286,07:50:00,2024-03-07
202400023236,12:15,Plein jour,94,94028,2,1,8,6.0,Rue de Joly,48.79076,2.46303,12:15:00,2024-11-13
202400023237,19:30,,75,75105,2,3,1,2.0,BOULEVARD DE PORT ROYAL,48.838878,2.339683,19:30:00,2024-03-08
202400023238,16:40,Plein jour,94,94073,2,3,1,3.0,Av du Mal de Lattre de Tassigny,48.75574693,2.40481576,16:40:00,2024-11-15
202400023239,14:00,Plein jour,94,94022,2,9,1,3.0,60 Avenue Victor Hugo,48.768778,2.420698,14:00:00,2024-11-15
202400023240,08:43,Plein jour,75,75106,2,7,7,6.0,BOULEVARD DU MONTPARNASSE,48.843839,2.324267,08:43:00,2024-03-07
202400023241,09:35,Plein jour,75,75120,2,3,1,6.0,RUE PIAT,48.872214,2.384667,09:35:00,2024-03-08
202400023242,20:10,,93,93059,2,1,1,3.0,JEAN MERMOZ (BOULEVARD) DES N°1A57 ET N°,48.9634,2.35968,20:10:00,2024-11-15
202400023243,03:00,,75,75120,2,3,1,3.0,BOULEVARD DAVOUT,48.849079,2.411217,03:00:00,2024-03-08
202400023244,19:00,,93,93007,2,3,1,3.0,GEORGES GUYNEMER (AVENUE),48.94463,2.44822,19:00:00,2024-11-15
202400023245,19:15,,93,93005,2,9,1,6.0,ONZE NOVEMBRE (RUE DU),48.93242207,2.49919472,19:15:00,2024-11-15
202400023246,15:00,Plein jour,93,93005,2,1,1,6.0,ROISSY EN FRANCE [CR N9] (CHEMIN DE),48.95063295,2.49169879,15:00:00,2024-11-15
202400023247,14:30,Plein jour,75,75119,2,2,1,3.0,AVENUE DE FLANDRE,48.890702,2.37669,14:30:00,2024-03-08
202400023248,22:55,,92,92064,2,1,1,6.0,PASTEUR,48.84187182,2.20291436,22:55:00,2024-11-15
202400023249,08:00,Plein jour,92,92049,2,1,1,6.0,BARBES RUE,48.81730887,2.32778616,08:00:00,2024-11-15
202400023250,14:55,Plein jour,75,75118,2,3,1,6.0,RUE DE CLIGNANCOURT,48.88461,2.347194,14:55:00,2024-03-08
202400023251,12:00,Plein jour,92,92044,2,4,1,3.0,VIC. HUGO(RUE)115A149 ET 148A178,48.89829826,2.29431979,12:00:00,2024-11-15
202400023252,22:45,,75,75117,2,3,1,3.0,BOULEVARD PEREIRE,48.877967,2.284858,22:45:00,2024-03-07
202400023253,08:50,Plein jour,92,92040,2,7,1,1.0,MARECHAL JUIN (PLACE),48.82523754,2.26770165,08:50:00,2024-11-15
202400023254,19:23,,75,75117,2,2,1,1.0,RUE DE COURCELLES,48.886459,2.295768,19:23:00,2024-03-06
202400023255,08:30,Plein jour,34,34069,1,1,1,6.0,départementale 14,43.381148,3.121244,08:30:00,2024-11-16
202400023256,15:47,Plein jour,75,75116,2,4,1,2.0,AVENUE KLEBER,48.867205,2.290274,15:47:00,2024-03-08
202400023257,13:10,Plein jour,38,38425,1,1,1,6.0,Route de la centrale,45.405802,4.763067,13:10:00,2024-11-13
202400023258,09:45,Plein jour,75,75116,2,7,1,2.0,PLACE D IENA,48.864863,2.294288,09:45:00,2024-03-08
202400023259,17:50,,83,83130,1,1,1,3.0,autoroute A57 PK 013+000,43.190472,6.036859,17:50:00,2024-11-15
202400023260,18:45,Crépuscule,75,75114,2,7,1,7.0,RUE FROIDEVAUX,48.834734,2.331266,18:45:00,2024-03-08
202400023261,05:06,Crépuscule,974,97410,1,1,1,5.0,Route Nationale 2,-21.031259,55.705029,05:06:00,2024-11-16
202400023262,12:25,Plein jour,75,75114,2,4,1,6.0,RUE FROIDEVAUX,48.837526,2.323033,12:25:00,2024-03-08
202400023263,17:50,Nuit sans éclairage,971,97109,1,1,1,6.0,Axe RN1,15.998533,-61.676903,17:50:00,2024-11-15
202400023264,10:00,Plein jour,75,75114,2,3,1,3.0,RUE D ALESIA,48.829313,2.32268,10:00:00,2024-03-08
202400023265,08:20,Plein jour,83,83019,1,1,7,3.0,4032 Avenue Lou Mistraou,43.149423,6.317568,08:20:00,2024-11-15
202400023266,14:00,Plein jour,85,85109,2,1,1,6.0,RD 160,46.8920713,-1.0123543,14:00:00,2024-11-13
202400023267,20:15,,75,75111,2,3,1,3.0,BOULEVARD DE CHARONNE,48.848097,2.399091,20:15:00,2024-03-08
202400023268,10:20,Plein jour,23,23257,1,1,8,6.0,Route de Masvaudier,45.914168,2.03622,10:20:00,2024-11-11
202400023269,07:55,Plein jour,75,75111,2,2,1,6.0,BOULEVARD VOLTAIRE,48.85873,2.378597,07:55:00,2024-03-08
202400023270,08:15,Plein jour,62,62297,2,1,1,7.0,D219,50.82678844,2.1399379,08:15:00,2024-11-15
202400023271,16:50,Plein jour,75,75108,2,1,1,3.0,AVENUE GEORGE V,48.869278,2.301072,16:50:00,2024-03-08
202400023272,19:15,Nuit sans éclairage,57,57374,1,9,2,6.0,départementale 41,48.607972,7.019298,19:15:00,2024-11-11
202400023273,18:05,Nuit sans éclairage,51,51303,1,1,1,1.0,D37,49.00051518,4.1786205,18:05:00,2024-11-15
202400023274,13:55,Plein jour,75,75108,2,2,1,3.0,AVENUE DES CHAMPS ELYSEES,48.870534,2.305327,13:55:00,2024-03-08
202400023275,18:00,,19,19123,2,1,1,1.0,8 Rue Léonce Bourliaguet,45.194617,1.619099,18:00:00,2024-11-11
202400023276,12:19,Plein jour,75,75107,2,2,1,3.0,BOULEVARD DE LA TOUR MAUBOURG,48.862601,2.310413,12:19:00,2024-03-08
202400023277,13:00,Plein jour,75,75101,2,3,1,2.0,RUE JEAN JACQUES ROUSSEAU,48.862403,2.340308,13:00:00,2024-03-08
202400023278,14:00,Plein jour,75,75101,2,2,1,6.0,BOULEVARD DE SEBASTOPOL,48.860568,2.349375,14:00:00,2024-03-07
202400023279,17:50,Crépuscule,65,65460,1,1,8,5.0,D935,43.390244,0.066079,17:50:00,2024-11-10
202400023280,20:15,,94,94041,2,1,1,6.0,Avenue Henri Barbusse,48.80824879,2.37567464,20:15:00,2024-03-08
202400023281,07:50,Plein jour,94,94044,2,1,1,6.0,Chemin du Bas Gagny,48.74877685,2.49916334,07:50:00,2024-03-08
202400023282,16:35,Plein jour,61,61214,2,1,1,2.0,7 Avenue Kennedy,48.764559,0.621784,16:35:00,2024-11-15
202400023283,19:40,Plein jour,94,94068,2,1,1,3.0,7 Avenue du Bac,48.79728,2.504506,19:40:00,2024-03-08
202400023284,14:15,Plein jour,94,94068,2,2,1,2.0,Rue de la Varenne / Avenue de la Libération,48.807264,2.475102,14:15:00,2024-03-07
202400023285,19:00,Nuit sans éclairage,49,49248,1,1,1,5.0,D771,47.744258,-1.219053,19:00:00,2024-11-15
202400023286,05:30,Nuit sans éclairage,44,44096,1,1,5,6.0,Le Pont Esnault,47.418222,-1.288147,05:30:00,2024-11-16
202400023287,16:05,Plein jour,02,02822,1,1,1,7.0,Départementale 81,49.330884,3.100548,16:05:00,2024-11-16
202400023288,17:15,Plein jour,94,94068,2,2,1,1.0,Boulevard de Créteil / Rue des Deux Boulevards,48.797853,2.498413,17:15:00,2024-03-06
202400023289,22:00,,94,94028,2,9,1,6.0,Avenue de la Pompadour,48.77261,2.43348,22:00:00,2024-03-07
202400023290,03:15,Nuit sans éclairage,84,84041,1,1,1,6.0,D974,44.103982,5.156772,03:15:00,2024-11-16
202400023291,07:10,Plein jour,93,93066,2,2,1,6.0,Avenue Marcel Cachin / Avenue Lénine,48.939112,2.369403,07:10:00,2024-03-08
202400023292,11:15,Plein jour,72,72094,2,1,1,6.0,75 Rue Principale,47.992283,0.624073,11:15:00,2024-11-16
202400023293,13:50,Plein jour,93,93051,2,1,1,2.0,Boulevard du Ru de Nesles,48.84193,2.58076,13:50:00,2024-03-08
202400023294,07:45,Plein jour,93,93050,2,1,1,6.0,Avenue Paul Doumer,48.857963,2.524821,07:45:00,2024-03-08
202400023295,17:30,Plein jour,83,83028,1,6,1,3.0,route départementale 25,43.572921,6.561424,17:30:00,2024-10-22
202400023296,06:36,Crépuscule,93,93014,2,1,1,6.0,Boulevard Gagarine,48.90745765,2.53476262,06:36:00,2024-03-08
202400023297,04:00,Nuit sans éclairage,60,60622,1,1,1,7.0,D124,49.676647,2.010584,04:00:00,2024-11-16
202400023298,12:40,Plein jour,07,07005,1,1,8,5.0,2824 Route de Viviers,44.541618,4.614805,12:40:00,2024-11-16
202400023299,12:50,Plein jour,93,93001,2,9,1,3.0,Rue Edouard Poisson,48.910879,2.382139,12:50:00,2024-03-08
202400023300,09:40,Plein jour,04,04217,1,1,1,6.0,Chemin du Pont de Bonne,44.145639,6.143954,09:40:00,2024-11-15
202400023301,19:30,,92,92046,2,9,1,7.0,PIERRE BROSSOLETTE (AVENUE),48.81865041,2.30915308,19:30:00,2024-03-08
202400023302,18:25,Nuit sans éclairage,85,85292,1,1,1,1.0,6 Rue des fiefs,46.61639,-0.88,18:25:00,2024-11-13
202400023303,23:30,,92,92073,2,1,1,3.0,BAS ROGERS (RUE DES),48.88064949,2.2284658,23:30:00,2024-03-07
202400023304,18:20,Plein jour,92,92051,2,1,1,3.0,"CHARLES DE GAULLE (AVENUE,N°118 A 192 +",48.88455879,2.26185948,18:20:00,2024-03-08
202400023305,07:15,Crépuscule,48,48128,1,1,5,3.0,les estrets,44.744097,3.340895,07:15:00,2024-11-15
202400023306,15:45,Plein jour,68,68375,2,6,1,3.0,D2,47.815312,7.241865,15:45:00,2024-11-15
202400023307,19:20,,92,92050,2,3,1,1.0,PESARO BOULEVARD DE,48.89603804,2.2234152,19:20:00,2024-03-08
202400023308,03:00,Nuit sans éclairage,988,98805,2,6,2,6.0,Avenue de Tonghoue,-22.208882,166.474484,03:00:00,2024-11-17
202400023309,19:55,Crépuscule,92,92044,2,1,1,6.0,ARISTIDE BRIAND(RUE)85 +  ET  98+,48.89495,2.2942,19:55:00,2024-03-02
202400023310,12:40,Plein jour,06,06088,1,1,1,3.0,"A8, Pk 197.800 chaussée sud",43.728522,7.260042,12:40:00,2024-11-16
202400023311,12:25,Plein jour,92,92035,2,2,1,3.0,Verdun 1916 ( avenue de ),48.90581796,2.23598984,12:25:00,2024-03-08
202400023312,14:50,Plein jour,95,95529,2,1,1,7.0,485 CHAMBLY (RUE DE),49.167718,2.231346,14:50:00,2024-03-08
202400023313,14:15,Plein jour,62,62718,1,1,1,2.0,A26,50.312858,2.904051,14:15:00,2024-11-16
202400023314,23:35,,68,68005,2,1,1,7.0,Route du Vin,48.12860528,7.28196505,23:35:00,2024-03-08
202400023315,22:45,,987,98712,2,1,1,7.0,RT 2 _ PK 7,-17.524337,-149.517873,22:45:00,2024-11-14
202400023316,03:15,Nuit sans éclairage,972,97227,1,1,1,7.0,route départementale 7,14.466098,-60.938888,03:15:00,2024-03-09
202400023317,09:00,Nuit sans éclairage,988,98808,1,3,1,6.0,Tribu de Nebe,-21.285152,165.644148,09:00:00,2024-11-15
202400023318,15:10,Plein jour,972,97228,1,9,1,3.0,route départementale 24,14.755322,-61.03336,15:10:00,2024-11-15
202400023319,15:10,Plein jour,57,57465,1,1,1,4.0,D918,49.31583732,6.30220556,15:10:00,2024-03-08
202400023320,17:10,Plein jour,56,56021,1,9,1,3.0,Kerhorno,47.788219,-3.181813,17:10:00,2024-02-24
202400023321,14:15,Plein jour,2A,2A040,1,1,5,1.0,RT20,42.097872,9.104362,14:15:00,2024-03-01
202400023322,15:30,Plein jour,65,65395,1,1,1,1.0,Route de Lourdes,43.103866,-0.142436,15:30:00,2024-03-09
202400023323,01:20,Nuit sans éclairage,32,32106,2,1,1,6.0,Route de Mauvezin,43.723401,0.971091,01:20:00,2024-03-09
202400023324,19:20,,63,63430,2,1,1,6.0,Avenue Léo Lagrange,45.844915,3.521574,19:20:00,2024-03-08
202400023325,18:25,Plein jour,61,61007,1,2,1,3.0,Intersection D20/D216,48.75004,-0.42392,18:25:00,2024-03-07
202400023326,00:05,Nuit sans éclairage,55,55445,1,1,1,7.0,CD 618,49.39967577,5.62330024,00:05:00,2024-03-09
202400023327,16:35,Plein jour,49,49218,1,1,8,1.0,9 Rue de la Rimonerie (Le Fuilet),47.275702,-1.133877,16:35:00,2024-03-07
202400023328,20:05,Nuit sans éclairage,39,39462,1,1,1,2.0,Unknown,47.117891,5.541615,20:05:00,2024-03-07
202400023329,16:00,Plein jour,25,25261,1,1,1,7.0,D137,47.301848,6.686305,16:00:00,2024-03-08
202400023330,06:45,Crépuscule,25,25193,1,1,1,6.0,D201 pk 7,47.218286,6.859932,06:45:00,2024-03-09
202400023331,06:00,Nuit sans éclairage,25,25147,1,1,1,1.0,D673,47.206676,5.897142,06:00:00,2024-03-09
202400023332,05:45,Crépuscule,02,02410,1,1,1,6.0,Unknown,49.24930624,3.04962914,05:45:00,2024-03-04
202400023333,14:15,Plein jour,01,01412,1,2,8,3.0,Unknown,46.165707,4.963178,14:15:00,2024-03-08
202400023334,22:40,Nuit avec éclairage,45,45282,2,1,1,6.0,5001 Rue de Quincailles,47.855974,1.847693,22:40:00,2024-03-08
202400023335,08:45,Plein jour,36,36031,1,1,2,7.0,Unknown,46.85311782,1.40163903,08:45:00,2024-03-06
202400023336,18:50,Crépuscule,16,16353,1,1,2,7.0,RD 06,45.688255,0.441599,18:50:00,2024-03-08
202400023337,20:00,Nuit sans éclairage,17,17105,1,1,2,1.0,D132e3,45.969855,-0.123017,20:00:00,2024-03-08
202400023338,09:35,Plein jour,17,17434,1,1,2,2.0,D939,46.108068,-0.777336,09:35:00,2024-03-08
202400023339,11:40,Plein jour,68,68252,1,1,1,2.0,D83,48.147692,7.369037,11:40:00,2024-03-07
202400023340,16:40,Plein jour,77,77164,1,1,1,6.0,Autoroute A5 Pk 027.600 vers Troyes,48.442213,2.907107,16:40:00,2024-03-08
202400023341,08:00,Plein jour,976,97617,1,1,1,3.0,Montée du gite mont Combani D3,-12.788387,45.156341,08:00:00,2024-03-08
202400023342,16:15,Plein jour,62,62718,1,1,1,6.0,A1,50.30055671,2.88798155,16:15:00,2024-03-08
202400023343,19:30,Nuit sans éclairage,973,97311,1,1,1,2.0,Village Sparouine,5.263102,-54.248428,19:30:00,2024-03-08
202400023344,19:30,,971,97117,1,1,1,1.0,Chateau Gaillard,16.307325,-61.399954,19:30:00,2024-03-07
202400023345,16:15,Plein jour,978,97801,1,1,1,3.0,rue de hollande N7 BELLEVUE,18.054713,-63.085749,16:15:00,2024-03-09
202400023346,22:00,Nuit sans éclairage,95,95241,1,1,1,3.0,D47,49.04034619,2.446111,22:00:00,2024-03-08
202400023347,16:29,Plein jour,83,83066,1,1,3,6.0,D23,43.65654542,5.84700511,16:29:00,2024-03-09