Num_Acc,hrmn,lum,dep,com,agg,int,atm,col,adr,lat,long,heure,date
202400023348,18:40,,52,52269,2,6,1,6.0,Place des Etats-Unis,47.85811182,5.33236085,18:40:00,2024-03-08
202400023349,20:20,Nuit sans éclairage,38,38064,1,1,2,6.0,48 Route de Chambéry,45.566989,5.38123,20:20:00,2024-03-08
202400023350,13:10,Plein jour,01,01249,2,1,1,2.0,Place de la Republique,45.826642,4.956695,13:10:00,2024-03-08
202400023351,17:15,Plein jour,69,69148,1,1,1,1.0,774 Route de Mornant,45.6606437,4.69359943,17:15:00,2024-03-06
202400023352,18:45,Crépuscule,76,76503,1,2,1,3.0,D104,49.540075,1.00909,18:45:00,2024-03-08
202400023353,19:45,Nuit sans éclairage,60,60446,1,1,2,1.0,ROUTE NATIONALE 2,49.147889,2.819409,19:45:00,2024-03-09
202400023354,16:45,Plein jour,59,59400,2,1,1,3.0,61 rue des Capucins,50.643297,2.643695,16:45:00,2024-03-08
202400023355,08:20,Plein jour,27,27681,2,1,1,1.0,ARDECHE (AVENUE DE L'),49.08393,1.47811,08:20:00,2024-12-20
202400023356,18:25,,13,13005,1,1,1,2.0,A50-Sens Aubagne vers Marseille,43.28664642,5.53629823,18:25:00,2024-03-07
202400023357,14:10,Plein jour,27,27229,2,1,2,3.0,BRIAND (AVENUE ARISTIDE),49.0174,1.124,14:10:00,2024-12-19
202400023358,16:15,Plein jour,13,13071,1,1,1,2.0,A7-Sens Lyon vers Marseille,43.40439894,5.31594824,16:15:00,2024-03-07
202400023359,21:23,Nuit sans éclairage,33,33003,1,1,1,6.0,Unknown,44.92605,-0.4718,21:23:00,2024-03-08
202400023360,19:25,Crépuscule,33,33013,1,1,2,4.0,Unknown,44.86871,-0.49941,19:25:00,2024-03-08
202400023361,03:50,Nuit avec éclairage,22,22113,1,1,2,6.0,KERAMPICHON (ZONE ARTISANALE),48.72422,-3.43101,03:50:00,2024-12-20
202400023362,08:41,Plein jour,33,33550,1,1,2,5.0,Unknown,44.78442,-0.59073,08:41:00,2024-03-08
202400023363,17:40,Plein jour,16,16015,2,1,1,6.0,BASSEAU (RUE DE N° PAIRS),45.65109,0.11654,17:40:00,2024-12-20
202400023364,19:25,Nuit sans éclairage,33,33075,1,1,1,2.0,Unknown,44.888592,-0.591675,19:25:00,2024-03-07
202400023365,23:15,,13,13039,2,1,1,3.0,JAURES JEAN (Avenue),43.43309,4.94782,23:15:00,2024-12-20
202400023366,21:40,Nuit sans éclairage,91,91553,1,1,1,2.0,RN 104,48.63023,2.48495,21:40:00,2024-03-08
202400023367,20:25,,13,13209,2,1,1,6.0,MORGIOU (chemin de ),43.23721,5.40915,20:25:00,2024-12-20
202400023368,20:15,Nuit sans éclairage,94,94043,1,1,1,2.0,A6B,48.80839441,2.34798035,20:15:00,2024-03-08
202400023369,06:30,Nuit sans éclairage,91,91339,1,1,1,6.0,RN 104,48.62911,2.25529,06:30:00,2024-03-08
202400023370,15:15,Plein jour,13,13203,2,3,1,3.0,REVOLUTION (BOULEVARD),43.31398,5.38485,15:15:00,2024-12-20
202400023371,00:55,Nuit sans éclairage,92,92060,1,1,1,6.0,RN 385 INT,48.77432972,2.24097374,00:55:00,2024-03-08
202400023372,11:30,Plein jour,13,13209,2,1,6,6.0,MARÉCHAL DE LATTRE (AVENUE),43.2468,5.40775,11:30:00,2024-12-20
202400023373,18:30,Crépuscule,92,92036,1,1,1,5.0,A86,48.93897886,2.30243999,18:30:00,2024-03-08
202400023374,08:35,Plein jour,92,92025,1,1,1,2.0,A86,48.93248487,2.24849163,08:35:00,2024-03-08
202400023375,07:05,,13,13201,2,2,6,3.0,NATIONAL   1 A 51 (BOULEVARD),43.3056,5.38,07:05:00,2024-12-20
202400023376,22:45,Nuit sans éclairage,91,91064,1,1,1,2.0,N118,48.74423255,2.19101876,22:45:00,2024-03-07
202400023377,23:40,,13,13204,2,1,6,3.0,MARÉCHAL JUIN (BOULEVARD),43.31186,5.40391,23:40:00,2024-12-19
202400023378,10:08,Plein jour,78,78646,1,1,1,2.0,RN12,48.790586,2.070937,10:08:00,2024-03-07
202400023379,16:30,Crépuscule,10,10387,2,1,2,3.0,VICTOR HUGO (RUE),48.29373,4.069,16:30:00,2024-12-19
202400023380,07:53,Crépuscule,92,92050,1,1,1,2.0,A86,48.8943769,2.19077487,07:53:00,2024-03-07
202400023381,07:29,,10,10081,2,3,2,3.0,Rue Jean Mermoz,48.31475,4.04311,07:29:00,2024-12-19
202400023382,09:05,Plein jour,93,93008,1,1,1,2.0,AUTOROUTE A86,48.91273457,2.43680722,09:05:00,2024-03-08
202400023383,19:10,Nuit sans éclairage,77,77018,1,1,1,2.0,A4,48.835812,2.808195,19:10:00,2024-03-08
202400023384,12:47,Plein jour,06,06029,2,9,1,6.0,36 Boulevard de Lorraine,43.5527717,7.0280946,12:47:00,2024-12-20
202400023385,13:10,Plein jour,974,97409,1,1,8,6.0,RN2 DIRECTION ST BENT SORTIE PETIT BAZAR,-20.94343,55.64885,13:10:00,2024-03-06
202400023386,07:50,Crépuscule,06,06123,2,1,1,3.0,103 Avenue de La France d'Outre-Mer,43.6594058,7.1919983,07:50:00,2024-12-20
202400023387,12:55,Plein jour,03,03185,2,2,1,3.0,Avenue Jules Guesde,46.342185,2.589232,12:55:00,2024-12-20
202400023388,16:20,Plein jour,973,97302,2,1,1,3.0,MADELEINE (ROUTE DE LA),4.90982,-52.32156,16:20:00,2024-03-07
202400023389,06:25,Plein jour,973,97302,2,6,1,6.0,BADUEL (ROND POINT DE),4.93330079,-52.30968475,06:25:00,2024-03-07
202400023390,17:25,,75,75105,2,3,1,6.0,PLACE SAINT MICHEL,48.85335,2.34395,17:25:00,2024-12-20
202400023391,16:50,Plein jour,69,69386,2,3,1,6.0,Avenue Thiers,45.76724,4.86182,16:50:00,2024-03-07
202400023392,17:25,Crépuscule,75,75105,2,3,1,3.0,QUAI DE LA TOURNELLE,48.851081,2.351277,17:25:00,2024-12-20
202400023393,19:35,,69,69389,2,3,1,3.0,Rue Professeur Guérin,45.76569,4.8039,19:35:00,2024-03-07
202400023394,05:50,,75,75116,2,1,1,1.0,AVENUE FOCH,48.871714,2.280167,05:50:00,2024-12-20
202400023395,08:45,Plein jour,69,69389,2,3,1,3.0,Rue des Rivières,45.78887,4.8077,08:45:00,2024-03-07
202400023396,07:32,Nuit avec éclairage,75,75114,2,2,8,3.0,BOULEVARD BRUNE,48.824883,2.318391,07:32:00,2024-12-19
202400023397,19:21,,2B,2B033,2,9,1,6.0,11 - RT,42.68557,9.44635,19:21:00,2024-03-07
202400023398,22:50,,971,97113,1,1,1,1.0,RN4 - SECTION RIVIERA,16.21768,-61.4944,22:50:00,2024-02-18
202400023399,11:48,Plein jour,75,75106,2,3,1,6.0,RUE BONAPARTE,48.849483,2.332673,11:48:00,2024-12-20
202400023400,15:50,Plein jour,2A,2A004,1,3,1,3.0,T20,41.9371,8.80369,15:50:00,2024-03-07
202400023401,12:20,Plein jour,75,75111,2,3,1,6.0,RUE DE LA ROQUETTE,48.857913,2.38103,12:20:00,2024-12-20
202400023402,14:20,Plein jour,2A,2A004,2,1,1,6.0,NAPOLEON COURS AVANT BEVERINI,41.9212,8.73724,14:20:00,2024-03-07
202400023403,07:30,,75,75117,2,1,1,2.0,BOULEVARD MALESHERBES,48.88815,2.304436,07:30:00,2024-12-20
202400023404,17:15,Plein jour,95,95277,2,1,1,2.0,D47,49.00083301,2.4647185,17:15:00,2024-03-06
202400023405,10:00,Plein jour,75,75102,2,3,1,3.0,RUE MONTMARTRE,48.86816,2.343626,10:00:00,2024-12-20
202400023406,20:04,,95,95252,2,1,1,6.0,D14,48.9827098,2.23111468,20:04:00,2024-03-07
202400023407,05:00,Crépuscule,94,94081,2,1,5,6.0,Rue Balzac,48.77591863,2.40168066,05:00:00,2024-12-20
202400023408,16:30,Plein jour,95,95598,2,1,1,4.0,D928,48.98636294,2.29664109,16:30:00,2024-03-07
202400023409,12:20,Plein jour,94,94080,2,2,1,3.0,Rue de Fontenay,48.848575,2.432483,12:20:00,2024-12-20
202400023410,11:00,Plein jour,91,91103,2,1,1,3.0,RUE DE L'EXPLOITATION,48.60461,2.32255,11:00:00,2024-03-07
202400023411,16:40,Crépuscule,94,94068,2,7,1,6.0,Place des Tilleuls,48.80542,2.50074,16:40:00,2024-12-19
202400023412,22:10,,91,91161,2,9,1,3.0,RTE DE LONGJUMEAU,48.71251,2.29798,22:10:00,2024-03-07
202400023413,21:58,,94,94028,2,4,1,3.0,Allée Nicolas Poussin,48.78373151,2.4424957,21:58:00,2024-12-19
202400023414,12:50,Plein jour,91,91027,2,1,1,1.0,AV DE MORANGIS,48.70588,2.36876,12:50:00,2024-03-07
202400023415,09:20,Crépuscule,94,94073,2,2,1,2.0,Av du Mal de Lattre de Tassigny,48.75808,2.40416,09:20:00,2024-12-20
202400023416,12:00,Plein jour,91,91027,2,1,1,6.0,AV MARCEL SEMBAT,48.70872,2.38059,12:00:00,2024-03-07
202400023417,15:12,Plein jour,94,94018,2,3,4,3.0,Rue Victor Hugo,48.8204,2.41218,15:12:00,2024-12-19
202400023418,19:15,,91,91027,2,1,2,4.0,L'INDUSTRIE (QUAI DE) ,48.69596,2.39277,19:15:00,2024-02-18
202400023419,15:00,Plein jour,93,93073,2,2,1,3.0,HUITIEME (AVENUE),48.9605421,2.56464689,15:00:00,2024-12-20
202400023420,11:00,Plein jour,90,90010,2,1,1,6.0,REPUBLIQUE (RUE DE LA),47.636924,6.859431,11:00:00,2024-03-07
202400023421,20:15,Nuit sans éclairage,93,93055,2,2,2,3.0,MEHUL (1/37. 2/24),48.88914207,2.41010139,20:15:00,2024-12-20
202400023422,09:00,Plein jour,85,85191,2,5,1,3.0,RD763,46.6841,-1.4301,09:00:00,2024-03-07
202400023423,23:50,,93,93048,2,1,1,1.0,STALINGRAD (RUE DE),48.85338,2.44852,23:50:00,2024-12-19
202400023424,08:45,Crépuscule,93,93063,2,1,1,6.0,VERDUN AVENUE DE,48.88214,2.43207,08:45:00,2024-12-20
202400023425,09:45,Plein jour,93,93029,2,9,1,3.0,SADI CARNOT,48.92456355,2.44258606,09:45:00,2024-12-20
202400023426,21:51,,84,84007,2,1,1,4.0,PERRIN MOREL (RUE),43.9297,4.82115,21:51:00,2024-02-26
202400023427,09:10,Plein jour,93,93047,2,2,1,2.0,ARTS  (AVENUE DES),48.88999759,2.55402017,09:10:00,2024-12-20
202400023428,19:30,,92,92063,2,1,1,2.0,RICHELIEU (BOULEVARD),48.87083455,2.18403096,19:30:00,2024-12-20
202400023429,11:45,Plein jour,92,92063,2,2,8,3.0,NATIONAL (BOULEVARD),48.88758939,2.18533605,11:45:00,2024-12-20
202400023430,11:26,Plein jour,92,92063,2,9,1,6.0,MAUREPAS (RUE DE),48.87908989,2.18115753,11:26:00,2024-12-20
202400023431,08:25,Crépuscule,92,92063,2,3,1,6.0,JACOB (RUE FRANCOIS),48.89060728,2.17638016,08:25:00,2024-12-20
202400023432,10:20,Plein jour,92,92062,2,9,1,2.0,DE DION BOUTON (QUAI) DU 1 AU 28,48.87986,2.24436,10:20:00,2024-12-20
202400023433,07:40,Nuit sans éclairage,92,92048,2,1,2,6.0,MORANE SAULNIER (AVENUE),48.78569175,2.21933931,07:40:00,2024-12-16
202400023434,13:50,Plein jour,92,92025,2,1,1,6.0,CHARLES DE GAULLE (BD),48.91404156,2.22977512,13:50:00,2024-12-20
202400023435,19:40,Crépuscule,92,92007,2,1,1,2.0,PETIT (AVENUE ALBERT) N° 2 A 26,48.79512207,2.30843291,19:40:00,2024-12-20
202400023436,12:35,Plein jour,92,92007,2,1,1,3.0,BRIAND (AVENUE ARISTIDE) N° 2 A 98,48.79608606,2.32170001,12:35:00,2024-12-20
202400023437,09:11,Plein jour,11,11059,1,1,8,7.0,Departementale 21,43.170577,2.116424,09:11:00,2024-12-19
202400023438,09:15,Crépuscule,80,80016,2,1,1,6.0,Avenue de la République,50.003067,2.652463,09:15:00,2024-12-20
202400023439,13:30,Plein jour,81,81271,2,2,1,3.0,Route d'Azas,43.770036,1.68255,13:30:00,2024-12-20
202400023440,15:20,Plein jour,87,87178,1,1,1,6.0,Route de la Sablière,45.881166,1.379213,15:20:00,2024-12-21
202400023441,17:30,Nuit sans éclairage,73,73085,2,3,1,1.0,D991 - 2471 Route d'aix,45.801027,5.857306,17:30:00,2024-12-20
202400023442,12:40,Plein jour,40,40065,2,2,1,3.0,Rue des Roses,43.642722,-1.42333,12:40:00,2024-12-20
202400023443,19:25,,06,06161,2,6,1,6.0,Boulevard Nationale 7,43.638028,7.133496,19:25:00,2024-12-21
202400023444,22:30,Nuit sans éclairage,972,97221,1,1,2,6.0,route nationale 5,14.521515,-60.983369,22:30:00,2024-12-20
202400023445,07:45,Crépuscule,57,57731,1,1,3,1.0,D15,49.439103,6.085256,07:45:00,2024-12-21
202400023446,10:30,Plein jour,57,57195,1,1,1,7.0,D620,49.103067,7.330778,10:30:00,2024-12-18
202400023447,17:45,Nuit sans éclairage,51,51118,1,4,1,2.0,D75,49.273657,3.9448,17:45:00,2024-12-20
202400023448,09:55,Plein jour,51,51281,2,3,8,1.0,rue d'Epernay,48.978108,3.955722,09:55:00,2024-12-21
202400023449,18:30,,56,56165,2,9,1,1.0,Rue d'Augan,47.927533,-2.377719,18:30:00,2024-12-20
202400023450,19:50,Nuit sans éclairage,76,76128,1,1,2,5.0,Route de Touffrainville,49.78019,0.686506,19:50:00,2024-12-20
202400023451,18:30,,76,76377,2,6,2,6.0,Rue du Mont Perreux,49.49157783,1.14455572,18:30:00,2024-12-20
202400023452,17:20,,76,76517,1,3,1,3.0,Route de Neufchâtel,49.517384,1.176629,17:20:00,2024-12-18
202400023453,17:08,Nuit sans éclairage,79,79079,1,1,1,3.0,Unknown,46.969718,-0.898658,17:08:00,2024-12-16
202400023454,14:00,Plein jour,82,82117,2,1,7,6.0,225 Avenue de Saint Martin,44.33681537,1.01856261,14:00:00,2024-12-20
202400023455,16:20,Plein jour,11,11401,2,1,1,6.0,29 Rue des Clapiés,42.888527,2.714041,16:20:00,2024-12-20
202400023456,07:35,Plein jour,63,63172,1,1,8,1.0,D996 PR 44+225,45.57416852,3.06366171,07:35:00,2024-12-20
202400023457,18:30,,63,63178,2,1,1,2.0,D996 Route de Parentignat,45.54189888,3.25898443,18:30:00,2024-12-20
202400023458,11:00,Plein jour,55,55500,1,1,1,7.0,D413,49.345304,5.715044,11:00:00,2024-12-21
202400023459,16:30,Crépuscule,46,46208,1,1,2,6.0,pech blanc,44.871264,1.625848,16:30:00,2024-12-08
202400023460,09:00,Plein jour,46,46046,1,1,1,3.0,D12,44.517631,1.386112,09:00:00,2024-12-20
202400023461,18:50,Nuit sans éclairage,47,47252,1,1,1,2.0,Rte de Casseneuil,44.429532,0.608223,18:50:00,2024-12-20
202400023462,08:55,Plein jour,29,29189,2,6,8,5.0,N165,48.38338059,-4.34966326,08:55:00,2024-12-20
202400023463,00:47,Nuit sans éclairage,25,25519,1,1,1,1.0,D437 - PR 111+300,47.325451,6.805708,00:47:00,2024-12-21
202400023464,18:40,,44,44036,2,6,2,7.0,Rue du Président Kennedy,47.706123,-1.383891,18:40:00,2024-11-25
202400023465,07:00,Nuit sans éclairage,29,29037,1,1,9,6.0,D785,47.89171734,-4.20426541,07:00:00,2024-12-21
202400023466,20:30,Nuit sans éclairage,38,38517,1,1,1,5.0,Rue de la Republique,45.298053,5.477945,20:30:00,2024-12-20
202400023467,11:10,Plein jour,02,02141,1,1,2,3.0,Unknown,49.983482,3.888962,11:10:00,2024-12-14
202400023468,08:00,Crépuscule,58,58296,1,1,1,1.0,Les Boreilles,46.6914253,3.21501576,08:00:00,2024-12-20
202400023469,15:20,Plein jour,72,72228,1,1,1,1.0,D53,47.8380129,-0.21132459,15:20:00,2024-12-20
202400023470,18:30,,06,06105,2,1,1,4.0,4953 Route de Grasse,43.671143,7.038615,18:30:00,2024-12-20
202400023471,03:15,Nuit sans éclairage,73,73300,1,6,1,6.0,D1201,45.667378,5.89512,03:15:00,2024-12-21
202400023472,23:00,Nuit avec éclairage,53,53087,1,1,2,3.0,D166,47.952475,-0.5011,23:00:00,2024-12-20
202400023473,03:00,Nuit sans éclairage,24,24180,1,1,5,6.0,Route du Coly,45.585156,0.925764,03:00:00,2024-12-21
202400023474,17:50,,27,27226,2,3,2,6.0,Rue de la Levrière,49.304524,1.622972,17:50:00,2024-12-16
202400023475,16:15,Plein jour,17,17048,1,1,1,7.0,D124,45.8741,-0.377832,16:15:00,2024-12-20
202400023476,12:50,Plein jour,48,48132,1,1,8,1.0,D987,44.812672,3.431709,12:50:00,2024-12-21
202400023477,15:21,Plein jour,48,48002,1,1,8,6.0,D70,44.87162,3.260842,15:21:00,2024-12-20
202400023478,02:00,,987,98752,2,9,1,1.0,pk 47.200 RT1,-17.722,-149.399,02:00:00,2024-12-21
202400023479,01:00,Nuit sans éclairage,77,77195,1,1,2,2.0,Autoroute A5 au PK07.800,48.5797745,2.7403258,01:00:00,2024-12-21
202400023480,17:10,Nuit sans éclairage,63,63113,1,1,8,2.0,A710W PR 11+400,45.80545871,3.14574271,17:10:00,2024-12-20
202400023481,20:30,Nuit sans éclairage,13,13069,1,1,1,3.0,D17,43.610943,5.176749,20:30:00,2024-12-20
202400023482,14:30,Plein jour,01,01451,1,1,8,2.0,"A40, pk 166+100 direction Genève",46.22978742,5.28485298,14:30:00,2024-12-09
202400023483,12:15,Plein jour,973,97309,2,3,1,1.0,Route de Rémire,4.925581,-52.286446,12:15:00,2024-12-21
202400023484,20:30,Nuit sans éclairage,38,38253,1,1,1,6.0,RD530,44.990845,6.093378,20:30:00,2024-12-20
202400023485,13:35,Plein jour,06,06027,1,1,1,6.0,Autoroute A8 - Pk 181 sud,43.654894,7.14637,13:35:00,2024-12-20
202400023486,20:45,Nuit sans éclairage,67,67506,1,1,1,2.0,A4,48.666301,7.736709,20:45:00,2024-12-17
202400023487,17:20,Plein jour,83,83023,1,1,1,1.0,3341 Route de Vins,43.420908,6.098281,17:20:00,2024-04-15
202400023488,10:15,Plein jour,13,13015,2,6,1,2.0,ROND POINT DE LA MALLE rD8N,43.42561612,5.38753775,10:15:00,2024-04-08
202400023489,10:45,Plein jour,84,84091,1,1,1,4.0,A7,44.170743,4.760878,10:45:00,2024-12-21
202400023490,16:45,Plein jour,70,70279,2,1,1,6.0,Rue de la Plage,47.453394,5.603977,16:45:00,2024-04-13
202400023491,19:15,Nuit sans éclairage,988,98827,1,1,1,7.0,RT1,-21.346988,165.159003,19:15:00,2024-12-21
202400023492,23:00,Nuit sans éclairage,29,29230,1,1,5,6.0,Lieu Dit la Croix Rouge,47.97297496,-3.57425324,23:00:00,2024-12-20
202400023493,01:00,Nuit avec éclairage,45,45096,2,1,2,6.0,D42 PR 24 + 850,47.794123,2.677402,01:00:00,2024-12-21
202400023494,01:55,Nuit sans éclairage,21,21390,2,4,2,6.0,2 Avenue Marguerite de Salin,47.277653,4.997631,01:55:00,2024-04-16
202400023495,19:50,Nuit sans éclairage,66,66165,1,1,1,3.0,Unknown,42.646957,2.558655,19:50:00,2024-12-20
202400023496,16:15,Plein jour,30,30132,2,1,1,1.0,2 Rue de la Pise,44.209257,4.037014,16:15:00,2024-12-21
202400023497,18:18,Plein jour,68,68255,1,1,1,3.0,D40,48.01744,7.193524,18:18:00,2024-04-14
202400023498,20:30,Nuit sans éclairage,89,89438,1,1,1,1.0,Route départementale RD 965,47.80115,3.663704,20:30:00,2024-12-20
202400023499,04:13,Nuit sans éclairage,68,68063,2,1,1,6.0,Faubourg de Belfort,47.79763098,7.17356611,04:13:00,2024-12-21
202400023500,17:55,Nuit sans éclairage,73,73187,1,1,1,1.0,N90 (viaduc),45.53128485,6.47585108,17:55:00,2024-12-20
202400023501,23:50,Nuit sans éclairage,42,42168,1,1,3,6.0,45.406646 4.681345,45.406646,4.681345,23:50:00,2024-12-19
202400023502,04:20,Nuit sans éclairage,42,42046,2,1,1,6.0,99 Chemin de la Vallon,45.645976,4.053837,04:20:00,2024-12-21
202400023503,07:45,Plein jour,38,38565,2,3,1,3.0,Avenue de Juin 1940,45.307338,5.622897,07:45:00,2024-04-15
202400023504,03:00,Nuit sans éclairage,38,38215,1,1,1,6.0,Route de Serpaize,45.583335,4.947882,03:00:00,2024-12-21
202400023505,08:30,Plein jour,29,29237,1,2,2,3.0,Les Hauts du Pontois,48.46672023,-4.20828174,08:30:00,2024-04-15
202400023506,17:41,Nuit sans éclairage,38,38545,2,6,1,6.0,Avenue du 8 Mai 1945,45.052931,5.677416,17:41:00,2024-12-13
202400023507,19:10,Crépuscule,60,60103,1,1,1,4.0,N31,49.415609,2.235117,19:10:00,2024-04-15
202400023508,17:15,Nuit avec éclairage,26,26313,1,1,1,7.0,Unknown,44.96746,4.961591,17:15:00,2024-12-18
202400023509,16:33,Plein jour,69,69290,1,1,1,3.0,Route Nationale 346  ,45.7121,4.96867,16:33:00,2024-03-28
202400023510,19:30,Crépuscule,95,95582,1,1,1,6.0,A115,48.97642695,2.24155659,19:30:00,2024-04-15
202400023511,18:00,Nuit sans éclairage,26,26173,1,3,1,3.0,D149,44.982668,5.10883,18:00:00,2024-12-20
202400023512,08:30,Plein jour,93,93078,1,1,1,5.0,AUTOROUTE A104,48.96244307,2.54754487,08:30:00,2024-04-15
202400023513,16:27,Plein jour,01,01249,2,1,1,6.0,381 Avenue Joséphine Guillon,45.827537,4.957715,16:27:00,2024-12-21
202400023514,02:15,Nuit sans éclairage,93,93078,1,1,1,6.0,A104,48.95857237,2.53354347,02:15:00,2024-04-15
202400023515,18:55,,69,69191,2,1,1,3.0,104 Route de Lyon,45.813666,4.818744,18:55:00,2024-12-20
202400023516,20:15,Plein jour,92,92036,1,1,1,3.0,AUTOROUTE A86,48.93841259,2.30032146,20:15:00,2024-04-14
202400023517,17:35,,69,69089,2,4,1,5.0,3 Place du Repos,45.7374,4.761286,17:35:00,2024-12-20
202400023518,21:38,Nuit sans éclairage,77,77237,1,1,1,2.0,A4,48.830895,2.760597,21:38:00,2024-04-14
202400023519,01:00,Nuit sans éclairage,81,81038,1,6,1,6.0,rd968,43.882819,1.898657,01:00:00,2024-12-21
202400023520,18:55,Nuit sans éclairage,17,17083,2,1,2,7.0,Rue de Razour,45.857916,-0.906834,18:55:00,2024-12-20
202400023521,17:00,Crépuscule,44,44210,2,1,1,3.0,50 Rue du Petit Savine,47.297263,-2.212082,17:00:00,2024-12-20
202400023522,18:15,,74,74010,2,1,1,5.0,ROCADE (BOULEVARD DE LA),45.912,6.122,18:15:00,2024-01-21
202400023523,17:25,Crépuscule,29,29042,1,2,2,3.0,chemin Maen Gwenn,48.248773,-4.46186,17:25:00,2024-12-21
202400023524,18:40,,50,50188,2,9,1,6.0,le Repas,48.836048,-1.416678,18:40:00,2024-01-14
202400023525,15:00,Plein jour,59,59237,1,1,1,7.0,2485 Route du Mont des Cats,50.771642,2.657297,15:00:00,2024-12-20
202400023526,04:50,Nuit sans éclairage,57,57413,1,1,1,6.0,D910,49.09582898,6.63726544,04:50:00,2024-01-27
202400023527,16:15,Plein jour,13,13215,1,1,1,2.0,A7-Sens Marseille vers Lyon,43.35327,5.36532,16:15:00,2024-12-19
202400023528,19:10,Nuit sans éclairage,57,57047,2,1,2,6.0,Rue de Laudrefang,49.096906,6.622143,19:10:00,2024-01-22
202400023529,06:55,Crépuscule,973,97302,2,1,2,6.0,SOURCE DE BADUEL (CHEMIN DE LA),4.92635819,-52.30533689,06:55:00,2024-04-14
202400023530,07:14,Crépuscule,13,13005,1,1,1,2.0,A50-Sens Aubagne vers Marseille,43.289,5.549,07:14:00,2024-12-19
202400023531,20:30,,69,69383,2,1,1,3.0,Cours Gambetta,45.75513325,4.8434773,20:30:00,2024-04-14
202400023532,04:05,,13,13213,1,1,1,2.0,A507 sens Marseille - Aubagne,43.33007406,5.41001584,04:05:00,2024-12-15
202400023533,17:00,Plein jour,69,69386,2,6,7,3.0,Place René Deroudille,45.76601,4.85577,17:00:00,2024-04-14
202400023534,02:20,Nuit sans éclairage,69,69266,1,1,1,2.0,Route Départementale 383,45.77799073,4.89620755,02:20:00,2024-12-20
202400023535,05:00,Plein jour,972,97209,2,1,1,7.0,MARNE (BOULEVARD DE LA),14.60498,-61.08681,05:00:00,2024-04-14
202400023536,23:00,Nuit sans éclairage,69,69081,2,1,3,2.0,Route de Métropole 6 ,45.77226,4.78837,23:00:00,2024-12-19
202400023537,21:30,,69,69389,2,1,1,1.0,Quai Arloing,45.77141,4.81153,21:30:00,2024-04-14
202400023538,16:50,Plein jour,33,33122,1,1,1,4.0,Unknown,44.752687,-0.691387,16:50:00,2024-12-20
202400023539,09:20,Plein jour,69,69385,2,3,1,3.0,Avenue du Point du Jour,45.75624,4.80292,09:20:00,2024-04-12
202400023540,08:15,Crépuscule,92,92019,1,1,1,2.0,RN 385,48.76000055,2.27578476,08:15:00,2024-12-20
202400023541,15:30,Plein jour,2B,2B120,2,9,1,2.0,11 - RT,42.65282,9.44096,15:30:00,2024-04-14
202400023542,08:50,Plein jour,78,78431,1,1,1,4.0,A13,48.94235,1.95201,08:50:00,2024-12-20
202400023543,08:50,Plein jour,78,78431,1,1,1,6.0,A13,48.94238,1.952,08:50:00,2024-12-20
202400023544,16:25,Plein jour,2A,2A004,1,4,1,1.0,Chemin de St Antoine,41.9298,8.69461,16:25:00,2024-04-13
202400023545,04:30,Nuit sans éclairage,92,92036,1,1,1,6.0,A86,48.93440186,2.28032461,04:30:00,2024-12-20
202400023546,16:15,Plein jour,95,95680,2,1,1,6.0,D10,49.00674067,2.4010741,16:15:00,2024-04-14
202400023547,18:13,Nuit sans éclairage,92,92036,1,1,1,3.0,RN315 Y,48.92131769,2.30620543,18:13:00,2024-12-19
202400023548,08:45,Plein jour,95,95074,2,1,1,2.0,D922,49.02285377,1.99979088,08:45:00,2024-04-14
202400023549,16:40,Crépuscule,78,78402,1,1,8,2.0,A13,48.964902,1.801438,16:40:00,2024-12-19
202400023550,14:00,Plein jour,93,93006,2,1,2,3.0,Rue Girardot,48.87452957,2.42585086,14:00:00,2024-09-05
202400023551,17:45,Plein jour,91,91645,2,6,1,2.0,CARNOT (AVENUE),48.7423,2.2685,17:45:00,2024-04-14
202400023552,09:15,Crépuscule,78,78238,1,1,2,2.0,A13,48.969816,1.867271,09:15:00,2024-12-19
202400023553,15:27,Plein jour,85,85194,1,1,1,7.0,RD 949,46.5078,-1.70346,15:27:00,2024-04-14
202400023554,11:10,Plein jour,93,93029,2,2,2,2.0,Rue Faidherbes / Rue Danton,48.92208803,2.43328571,11:10:00,2024-09-05
202400023555,09:15,Plein jour,78,78238,1,1,2,4.0,A13,48.969,1.86329,09:15:00,2024-12-19
202400023556,16:50,Plein jour,84,84007,2,6,1,3.0,FONTCOUVERTE(Avenue de),43.93819,4.8419,16:50:00,2024-04-14
202400023557,02:25,,92,92062,1,1,1,6.0,RN1013,48.88784918,2.25036747,02:25:00,2024-11-19
202400023558,09:35,Plein jour,83,83137,2,3,1,3.0,RESISTANCE (AVE / IMP DE LA),43.11023,5.96943,09:35:00,2024-04-14
202400023559,21:30,Nuit sans éclairage,92,92072,1,1,2,6.0,N118,48.82128224,2.21946107,21:30:00,2024-11-18
202400023560,18:30,Plein jour,93,93008,2,1,2,3.0,VAILLANT COUTURIER (AVENUE PAUL),48.90979,2.44729,18:30:00,2024-09-05
202400023561,14:50,Plein jour,79,79191,1,1,1,1.0,Unknown,46.34366,-0.51066,14:50:00,2024-04-14