Num_Acc,hrmn,lum,dep,com,agg,int,atm,col,adr,lat,long,heure,date
202400023562,19:25,Nuit sans éclairage,92,92064,1,1,3,2.0,A13,48.83972687,2.20066775,19:25:00,2024-11-18
202400023563,09:00,Plein jour,93,93008,2,1,2,3.0,Avenue Jean Jaures,48.8863676,2.38377187,09:00:00,2024-09-05
202400023564,16:04,Plein jour,93,93027,1,1,1,3.0,AUTOROUTE A1,48.93410011,2.39349648,16:04:00,2024-12-20
202400023565,12:25,Plein jour,93,93064,1,1,1,3.0,AUTOROUTE A86,48.87120979,2.4819423,12:25:00,2024-12-20
202400023566,18:00,Plein jour,93,93001,2,1,1,3.0,Avenue Jean Jaurès,48.91508502,2.40442169,18:00:00,2024-09-05
202400023567,01:22,,92,92064,2,1,1,6.0,BUZENVAL,48.8524,2.20339,01:22:00,2024-09-05
202400023568,15:00,Crépuscule,93,93053,1,1,1,2.0,AUTOROUTE A3,48.88722551,2.47394088,15:00:00,2024-12-20
202400023569,15:00,Plein jour,73,73029,2,6,1,3.0,HUIT MAI 1945 (RUE DU),45.56455716,5.94678462,15:00:00,2024-04-14
202400023570,04:35,,92,92063,2,1,1,6.0,MONTBRISON (RUE DU LIEUTENANT COLONEL DE,48.85874655,2.19420321,04:35:00,2024-08-17
202400023571,13:35,Plein jour,73,73065,1,6,1,6.0,VILLARCHER (AVENUE DE),45.61278,5.88739,13:35:00,2024-04-14
202400023572,11:00,Plein jour,93,93066,1,1,1,4.0,AUTOROUTE A86,48.9229345,2.34504055,11:00:00,2024-12-20
202400023573,17:55,Plein jour,73,73137,2,3,1,3.0,BELLECOMBETTE (ROUTE DE),45.55477658,5.91316715,17:55:00,2024-04-13
202400023574,17:03,Plein jour,92,92025,2,2,1,3.0,BOUIN (RUE),48.92081933,2.25087716,17:03:00,2024-09-05
202400023575,07:50,Crépuscule,95,95365,1,1,1,7.0,N104,49.06394,2.40369,07:50:00,2024-12-20
202400023576,03:00,Nuit sans éclairage,73,73065,2,1,1,6.0,VERDUN (QUAI DE),45.57095018,5.91775507,03:00:00,2024-04-14
202400023577,01:53,,13,13208,2,1,1,2.0,POMPIDOU (PROMENADE),43.2643,5.37363,01:53:00,2024-08-20
202400023578,11:00,Plein jour,92,92004,2,1,2,3.0,ARGENTEUIL AV D',48.91955549,2.28018466,11:00:00,2024-09-05
202400023579,13:25,Plein jour,13,13104,2,1,1,3.0,40 avenue de l'europe,43.329064,5.132589,13:25:00,2024-08-07
202400023580,21:40,,73,73011,2,2,1,3.0,JEAN JAURES (AVENUE),45.6701,6.3884,21:40:00,2024-04-14
202400023581,19:50,,988,98818,2,3,1,6.0,ROUTE DE L'ANSE VATA/LEONARD DE VINCI,-22.29022,166.44753,19:50:00,2024-12-19
202400023582,21:05,,73,73011,2,1,1,6.0,Parc stationnement Intermarché,45.65559882,6.36643601,21:05:00,2024-04-14
202400023583,08:15,Plein jour,80,80627,1,1,8,4.0,D210,49.808759,2.220204,08:15:00,2024-09-05
202400023584,22:57,,987,98735,2,9,1,6.0,CHEF VAIRAATOA PROL.(QTIER ECOLE TAUNOA),-17.53309,-149.57271,22:57:00,2024-12-18
202400023585,19:29,Plein jour,17,17230,1,1,1,7.0,Route de Semussac,45.571755,-0.944159,19:29:00,2024-09-01
202400023586,15:25,Plein jour,70,70388,1,3,1,3.0,RD457,47.610513,6.132577,15:25:00,2024-04-13
202400023587,18:20,Crépuscule,974,97416,1,1,1,2.0,RN2 (1),-21.34462,55.49784,18:20:00,2024-12-19
202400023588,00:40,,31,31269,2,1,1,6.0,1004 Route de la Fougarouse,43.492314,1.245893,00:40:00,2024-09-06
202400023589,14:55,Plein jour,974,97422,2,1,1,6.0,rue de paris,-21.251042,55.543039,14:55:00,2024-09-06
202400023590,16:20,Plein jour,974,97416,1,1,1,4.0,RN1 (ROUTE NATIONALE),-21.30363,55.4272,16:20:00,2024-12-18
202400023591,19:00,Plein jour,69,69256,2,1,1,6.0,6 Avenue de Böhlen,45.7652,4.9222,19:00:00,2024-04-14
202400023592,12:15,Plein jour,50,50487,1,1,1,6.0,A84,48.525643,-1.346072,12:15:00,2024-09-06
202400023593,20:30,Nuit sans éclairage,974,97409,2,9,1,4.0,CHAMP BORNE (ROUTE DE),-20.94032,55.67755,20:30:00,2024-12-19
202400023594,13:25,Plein jour,67,67482,2,3,7,3.0,VITRY LE FRANCOIS (AVENUE DE),48.56982,7.79328,13:25:00,2024-04-14
202400023595,18:25,Plein jour,974,97407,1,1,1,5.0,ROUTE NATIONALE N° 1,-20.94886,55.32176,18:25:00,2024-12-19
202400023596,17:10,Plein jour,64,64335,1,3,1,3.0,VERT GALANT DU,43.3259,-0.44103,17:10:00,2024-04-13
202400023597,04:45,Nuit sans éclairage,83,83067,1,1,1,7.0,D97,43.35038416,6.29605472,04:45:00,2024-09-06
202400023598,17:00,Plein jour,64,64024,2,1,1,7.0,BAYONNE (AVENUE DE),43.48123,-1.51122,17:00:00,2024-04-13
202400023599,08:07,Plein jour,973,97302,2,1,1,6.0,HEDER (place),4.94194,-52.33024,08:07:00,2024-12-19
202400023600,19:00,Plein jour,51,51115,1,1,1,3.0,route communale,49.195584,4.026194,19:00:00,2024-08-27
202400023601,17:11,Plein jour,973,97302,2,1,2,7.0,MONT LUCAS 1 (CITE),4.92237752,-52.31828767,17:11:00,2024-12-09
202400023602,09:17,Plein jour,67,67222,1,3,2,3.0,RD919,48.896606,7.451134,09:17:00,2024-01-26
202400023603,22:50,,63,63014,2,1,1,6.0,GRAVENOIRE (RUE DE),45.75534,3.103,22:50:00,2024-04-14
202400023604,02:55,Nuit avec éclairage,76,76755,2,1,1,6.0,Route Departementale 926,49.694195,0.533599,02:55:00,2024-09-06
202400023605,10:00,Plein jour,972,97213,1,1,1,2.0,AUTOROUTE A1,14.60834,-61.00523,10:00:00,2024-12-19
202400023606,16:45,Plein jour,63,63113,2,1,1,1.0,CHARTOIRE (BD LOUIS),45.80173972,3.14574838,16:45:00,2024-04-14
202400023607,14:00,Plein jour,42,42338,1,2,1,3.0,Route de Perreux,46.072966,4.118902,14:00:00,2024-01-27
202400023608,18:24,Plein jour,33,33036,1,9,1,1.0,Unknown,44.414645,-0.219343,18:24:00,2024-09-04
202400023609,14:20,Plein jour,972,97209,1,9,1,3.0,BALATA (ROUTE DE),14.633815,-61.073347,14:20:00,2024-12-18
202400023610,04:45,,62,62041,2,3,1,3.0,Avenue du Marechal Leclerc,50.28695362,2.77769172,04:45:00,2024-04-13
202400023611,18:00,Plein jour,63,63187,1,1,1,7.0,Rd 13 pk 2+200,46.23327085,2.87078577,18:00:00,2024-09-06
202400023612,20:05,Nuit sans éclairage,28,28104,1,1,1,6.0,D19,48.503242,1.620269,20:05:00,2024-01-26
202400023613,07:20,Plein jour,63,63022,1,1,1,7.0,D710,45.448684,3.298844,07:20:00,2024-09-03
202400023614,12:30,Plein jour,59,59343,2,1,1,2.0,Avenue du Docteur Schweitzer,50.59221,3.10557,12:30:00,2024-04-13
202400023615,22:20,,972,97209,2,1,1,6.0,RD 41 (ROCADE),14.61685,-61.05906,22:20:00,2024-12-16
202400023616,16:35,Crépuscule,33,33036,2,3,7,1.0,Unknown,44.426944,-0.218589,16:35:00,2024-01-25
202400023617,18:10,,69,69382,2,2,9,6.0,26 Cours Suchet,45.7471,4.82342,18:10:00,2024-12-19
202400023618,16:25,Plein jour,12,12090,1,1,1,6.0,pk 47 D994,44.382409,2.420535,16:25:00,2024-09-05
202400023619,15:20,Plein jour,59,59360,2,2,1,3.0,Rue Mirabeau,50.6101,3.02064,15:20:00,2024-04-13
202400023620,10:30,Plein jour,22,22271,1,1,1,7.0,Pen Lan,48.481911,-3.134022,10:30:00,2024-09-05
202400023621,17:55,,69,69384,2,1,2,6.0,18 Rue Henri Chevalier,45.78341042,4.82726308,17:55:00,2024-12-19
202400023622,22:40,Nuit sans éclairage,32,32448,1,1,1,1.0,La Justice 1,43.675085,0.933886,22:40:00,2024-01-26
202400023623,03:30,,59,59527,2,2,1,2.0,DE LATTRE TASSIGNY.AVN°279A659,50.66163,3.035136,03:30:00,2024-04-14
202400023624,06:45,Crépuscule,29,29274,1,3,1,6.0,Garoff,47.957054,-3.703079,06:45:00,2024-09-06
202400023625,15:45,Plein jour,69,69384,2,9,3,3.0,Quai Joseph Gillet,45.78792,4.81839,15:45:00,2024-12-19
202400023626,13:30,Plein jour,89,89345,1,1,2,1.0,D943,48.005673,3.671429,13:30:00,2024-01-26
202400023627,16:00,Plein jour,57,57660,2,1,1,3.0,NATIONALE(RUE)LIMITE FORBACH/RUE ST ALIC,49.19347,6.91599,16:00:00,2024-04-14
202400023628,19:15,Plein jour,29,29199,1,1,1,1.0,D64,48.57886139,-3.7116825,19:15:00,2024-09-04
202400023629,07:00,,69,69034,2,1,2,6.0,Rue Pasteur,45.79508111,4.84732997,07:00:00,2024-12-19
202400023630,15:50,Plein jour,56,56260,1,1,1,7.0,Le Chapeau rouge,47.66938,-2.72364,15:50:00,2024-04-13
202400023631,18:15,Plein jour,61,61464,1,1,1,5.0,D958,48.616746,0.152837,18:15:00,2024-01-26
202400023632,07:28,Plein jour,38,38048,1,3,2,1.0,D36,45.598771,5.106465,07:28:00,2024-09-05
202400023633,17:50,Nuit sans éclairage,69,69034,1,1,1,2.0,Quai Bellevue,45.78657,4.85057,17:50:00,2024-12-18
202400023634,17:30,Plein jour,54,54357,2,1,1,2.0,Avenue de Metz,48.720829,6.171893,17:30:00,2024-04-14
202400023635,00:50,,69,69389,2,1,1,6.0,71 Avenue 25ème Régiment des Tirailleurs Sénégalais,45.78138834,4.7995447,00:50:00,2024-12-18
202400023636,17:10,Plein jour,03,03082,2,1,1,2.0,Rue Jean Alexis Bayet,46.300068,2.73647,17:10:00,2024-09-05
202400023637,09:50,Plein jour,47,47323,2,1,1,6.0,LECLERC (AVENUE DU MARECHAL),44.4029,0.7048,09:50:00,2024-04-13
202400023638,20:00,,55,55527,2,2,1,3.0,Rue des Bonnes Femmes,49.226018,5.036044,20:00:00,2024-01-26
202400023639,14:35,Plein jour,2A,2A004,2,3,1,3.0,MACCHINI EUGENE AVENUE,41.91819245,8.73704374,14:35:00,2024-12-19
202400023640,07:25,Crépuscule,58,58123,1,1,5,3.0,D216/C8,47.297779,3.618761,07:25:00,2024-09-06
202400023641,21:15,,45,45208,2,2,1,3.0,26 Rue de la Pontonnerie,48.00172,2.72192,21:15:00,2024-04-13
202400023642,18:30,Nuit sans éclairage,49,49086,1,3,1,3.0,Rue saint eloi,47.29719,-0.450633,18:30:00,2024-01-27
202400023643,08:13,,95,95127,2,1,3,6.0,HAZAY (AVENUE DU),49.04422309,2.00997368,08:13:00,2024-12-19
202400023644,20:20,Crépuscule,50,50311,1,1,7,2.0,D33,48.860381,-1.300979,20:20:00,2024-09-05
202400023645,17:00,Plein jour,44,44102,2,1,1,3.0,25 Rue des Moulins,47.060304,-1.482882,17:00:00,2024-01-27
202400023646,17:10,Plein jour,44,44184,2,6,1,3.0,Place Jean Bouin,47.27506069,-2.2276651,17:10:00,2024-04-14
202400023647,12:05,Plein jour,91,91691,2,2,2,3.0,CHEVALIER DE LA BARRE(RUE),48.69237,2.48247,12:05:00,2024-12-19
202400023648,19:06,Nuit sans éclairage,29,29106,1,1,1,3.0,Ty Coat,48.09752908,-4.07192747,19:06:00,2024-01-27
202400023649,15:50,Plein jour,50,50410,1,2,1,3.0,Rue de la Martinerie,48.567144,-1.470864,15:50:00,2024-09-06
202400023650,19:15,Plein jour,44,44109,2,1,1,1.0,218 Rue de la Gilarderie,47.18797,-1.51564,19:15:00,2024-04-14
202400023651,12:30,Plein jour,91,91657,2,1,1,4.0,AV HENRI BARBUSSE,48.704,2.433,12:30:00,2024-12-19
202400023652,18:15,,31,31311,1,3,1,3.0,D630,43.818566,1.542072,18:15:00,2024-01-26
202400023653,14:50,Plein jour,60,60471,2,1,2,1.0,rd934,49.593911,2.979527,14:50:00,2024-09-06
202400023654,16:14,Plein jour,43,43157,2,3,1,3.0,D98,45.05551303,3.90263021,16:14:00,2024-04-14
202400023655,18:15,,91,91286,2,1,2,6.0,HENRI BARBUSSE (PLACE),48.65287,2.39234,18:15:00,2024-12-18
202400023656,15:35,Plein jour,84,84082,1,1,1,7.0,Route de Flassan,44.080476,5.205696,15:35:00,2024-01-26
202400023657,15:42,Plein jour,87,87085,2,1,1,7.0,LECLERC (AVENUE DU GENERAL),45.84908,1.26256,15:42:00,2024-12-14
202400023658,14:45,Plein jour,42,42187,2,2,7,6.0,Rue Alexandre Roche,46.04078,4.07258,14:45:00,2024-04-12
202400023659,16:00,Plein jour,45,45130,2,2,1,3.0,D951 PR 110 + 245,47.794554,1.721852,16:00:00,2024-08-30
202400023660,19:40,Crépuscule,38,38185,2,3,1,3.0,RUE DE BRETAGNE,45.15883352,5.71354777,19:40:00,2024-04-14
202400023661,08:15,Plein jour,07,07300,1,1,1,6.0,D107,44.522282,4.619536,08:15:00,2024-09-06
202400023662,20:10,Nuit sans éclairage,03,03108,1,1,2,7.0,D998,46.197211,2.920947,20:10:00,2024-01-26
202400023663,05:05,,83,83137,2,3,1,3.0,PRUNEAU (AVE GENERAL),43.12188,5.95562,05:05:00,2024-12-19
202400023664,00:15,,38,38151,2,1,1,6.0,Cours Jean Jaurès,45.1515,5.70666,00:15:00,2024-04-14
202400023665,16:35,Plein jour,35,35115,2,1,1,7.0,GUE MAHEU (RUE DU),48.34352,-1.1955,16:35:00,2024-04-14
202400023666,13:45,Plein jour,70,70031,1,1,3,1.0,RD 93 PK1+130,47.583502,6.534902,13:45:00,2024-01-26
202400023667,13:40,Plein jour,21,21682,1,1,1,3.0,D960,47.444137,5.239187,13:40:00,2024-09-06
202400023668,17:25,,83,83069,2,4,8,3.0,ERMITAGE (CHEMIN DE),43.10192,6.12332,17:25:00,2024-12-19
202400023669,17:45,Plein jour,34,34108,2,1,7,6.0,81ème R.I. (RUE DU),43.44215,3.75864,17:45:00,2024-04-13
202400023670,07:45,Crépuscule,70,70121,2,1,8,6.0,27 Rue des Vieilles Vies,47.586958,6.687541,07:45:00,2024-01-27
202400023671,18:30,Plein jour,85,85026,1,1,2,6.0,la chapeliere,46.54986,-1.40527,18:30:00,2024-09-05
202400023672,06:50,Plein jour,31,31555,2,1,1,6.0,AV DE LARDENNE,43.59239,1.39705,06:50:00,2024-04-14
202400023673,16:15,Plein jour,82,82121,2,2,1,3.0,DE SAINT PIERRE (CHEMIN),44.03083,1.343,16:15:00,2024-12-19
202400023674,18:45,Plein jour,30,30007,2,1,1,7.0,Avenue Jean Philippe Rameau,44.13648,4.10945,18:45:00,2024-04-14
202400023675,19:47,Plein jour,27,27105,1,2,1,1.0,route de neubourg,49.280698,0.882114,19:47:00,2024-06-04
202400023676,10:00,Plein jour,81,81065,2,1,1,6.0,SIDOBRE RD 622 (AV. DU),43.61007,2.26185,10:00:00,2024-12-19
202400023677,18:15,Crépuscule,58,58095,2,1,1,5.0,107 Route de Moulins,46.820804,3.451459,18:15:00,2024-01-26
202400023678,09:25,Plein jour,77,77379,2,9,2,3.0,VOULZIE (AVENUE DE LA),48.54856414,3.29340373,09:25:00,2024-12-19
202400023679,17:30,Plein jour,27,27681,2,1,1,6.0,JAURES (BOULEVARD JAURES),49.09594,1.4633,17:30:00,2024-04-13
202400023680,16:55,Plein jour,27,27284,2,1,8,3.0,Rue du Faubourg de Neaufles,49.276061,1.761621,16:55:00,2024-08-29
202400023681,19:15,,77,77373,2,3,2,3.0,RUE DES TILLEULS,48.80261,2.62111,19:15:00,2024-12-18
202400023682,12:30,Plein jour,14,14179,1,2,1,3.0,Route de l'Hôtellerie,49.105441,0.381417,12:30:00,2024-01-27
202400023683,17:00,Plein jour,27,27562,2,9,1,2.0,PRES (RUE DES),49.10318,1.45321,17:00:00,2024-04-13
202400023684,06:25,Nuit avec éclairage,27,27286,1,1,2,7.0,RD29,49.179936,0.574186,06:25:00,2024-09-05
202400023685,17:00,,77,77279,2,4,5,3.0,VIGNE (CHEMIN DE LA),48.38413,3.02902,17:00:00,2024-12-19
202400023686,15:30,Plein jour,26,26362,2,1,1,1.0,Unknown,44.93184,4.91838,15:30:00,2024-04-14
202400023687,07:00,,77,77284,2,1,2,3.0,ALLENDE (AV.SALVADOR),48.9553,2.89068,07:00:00,2024-12-19
202400023688,15:25,Plein jour,64,64477,1,1,1,1.0,2514 Bankako errepidea,43.169563,-1.357643,15:25:00,2024-01-27
202400023689,18:30,Plein jour,25,25056,2,5,1,3.0,BLUM BOULEVARD LEON (sup 90),47.259385,6.028758,18:30:00,2024-04-14
202400023690,22:40,Nuit sans éclairage,37,37139,1,1,1,2.0,D6,47.42080483,0.53180695,22:40:00,2024-09-05
202400023691,10:14,Plein jour,18,18033,2,1,1,7.0,2 Rue de Gionne,47.07271,2.40713,10:14:00,2024-04-13
202400023692,00:10,Nuit sans éclairage,64,64558,1,1,5,6.0,2609 Route de Saint Pierre d'Irube - D137,43.455692,-1.463529,00:10:00,2024-01-26
202400023693,11:55,Plein jour,76,76447,2,3,1,3.0,PRESIDENT WILSON,49.543,0.18187,11:55:00,2024-12-18
202400023694,14:45,Plein jour,10,10051,1,1,1,7.0,rue de l hotel de ville,48.186329,4.005069,14:45:00,2024-01-27
202400023695,13:42,Plein jour,68,68375,2,3,1,1.0,6 Rue de Reiningue,47.806843,7.238995,13:42:00,2024-09-05
202400023696,12:10,Plein jour,17,17415,1,1,1,4.0,ROCADE SUD,45.73025,-0.62296,12:10:00,2024-04-14
202400023697,18:15,Plein jour,14,14715,2,1,1,2.0,179 Route d'Aguesseau,49.36322,0.09634,18:15:00,2024-04-14
202400023698,17:14,Plein jour,07,07334,2,9,1,3.0,D104a,44.407207,4.134706,17:14:00,2024-01-26
202400023699,18:30,,73,73222,2,3,2,6.0,Route de Plaimpalais,45.57469,5.95514,18:30:00,2024-12-19
202400023700,17:14,Plein jour,06,06152,1,3,1,3.0,Route des Macarons,43.638265,7.046201,17:14:00,2024-09-06
202400023701,15:45,Plein jour,68,68278,1,1,1,6.0,A35 PK 103.300,47.753903,7.420095,15:45:00,2024-09-06
202400023702,21:05,,69,69266,2,3,2,1.0,Rue Jules Kumer,45.76737,4.89073,21:05:00,2024-12-19
202400023703,12:15,Plein jour,13,13208,2,9,1,2.0,MENDES FRANCE (AVENUE),43.25974,5.37551,12:15:00,2024-04-12
202400023704,15:00,Plein jour,07,07132,2,3,1,3.0,Route d?Aubenas,44.517195,4.31179,15:00:00,2024-01-27
202400023705,18:00,Plein jour,13,13216,2,1,1,6.0,JEAN LABRO (BOULEVARD),43.3535724,5.33916547,18:00:00,2024-04-13
202400023706,20:45,,987,98738,1,1,1,2.0,PK8  rt1 C/MER,-17.618,-149.549,20:45:00,2024-09-05
202400023707,10:25,Plein jour,69,69264,2,6,1,6.0,Boulevard Burdeau,45.99531,4.72091,10:25:00,2024-12-19
202400023708,12:40,Plein jour,17,17394,2,3,1,3.0,Rue de la Fontaine,46.137749,-0.667835,12:40:00,2024-01-19
202400023709,14:20,Plein jour,13,13028,1,1,1,3.0,BODIN (AVENUE EMILE),43.19971,5.58961,14:20:00,2024-04-13
202400023710,08:14,Plein jour,45,45232,1,1,1,2.0,A71 PR 105 + 469,47.8444,1.866177,08:14:00,2024-09-06
202400023711,18:40,Nuit sans éclairage,69,69276,1,1,2,3.0,Avenue Albert Ramboz,45.68096184,4.84622674,18:40:00,2024-12-19
202400023712,18:15,Nuit sans éclairage,87,87014,1,3,1,3.0,La Croix du Breuil,46.134014,1.371784,18:15:00,2024-01-25
202400023713,06:45,Crépuscule,07,07072,1,3,1,7.0,RD 104,44.73588,4.63416,06:45:00,2024-04-14
202400023714,17:15,Plein jour,45,45155,1,1,1,3.0,59 Mingotty,47.714818,2.637362,17:15:00,2024-09-06
202400023715,18:10,Nuit sans éclairage,26,26088,1,1,1,6.0,A49,45.026784,5.102624,18:10:00,2024-01-26
202400023716,15:00,Plein jour,69,69259,2,1,2,6.0,Boulevard Ambroise Croizat,45.70041,4.88775,15:00:00,2024-12-19
202400023717,19:20,Crépuscule,06,06029,2,1,1,2.0,Boulevard du Midi Louise Moreau,43.549307,6.996999,19:20:00,2024-04-12
202400023718,23:50,,34,34344,1,6,1,1.0,Avenue du Grand Travers,43.558672,4.057388,23:50:00,2024-09-05
202400023719,10:00,Plein jour,06,06029,2,1,1,3.0,1 Boulevard Carnot,43.554296,7.016889,10:00:00,2024-04-14
202400023720,21:15,Nuit sans éclairage,38,38193,2,2,1,3.0,25 Rue des Sayes,45.613107,5.225866,21:15:00,2024-01-22
202400023721,07:13,,69,69259,2,2,2,3.0,Rue Gambetta,45.69628435,4.88381343,07:13:00,2024-12-19
202400023722,07:55,Plein jour,34,34022,2,1,1,6.0,97 Rue du Colombier,43.659035,4.016375,07:55:00,2024-09-06
202400023723,11:50,Plein jour,06,06155,2,2,1,3.0,Rue Sicard,43.577032,7.054923,11:50:00,2024-04-14
202400023724,05:00,Nuit sans éclairage,40,40210,1,9,5,6.0,A63 bretelle sortie aire de repos ONNESSE ET LAHARIE EST,44.090363,-0.998581,05:00:00,2024-01-27
202400023725,22:19,,67,67482,2,1,1,6.0,MARECHAL LEFEBVRE (RUE DU),48.56053,7.7435,22:19:00,2024-12-19
202400023726,16:20,Plein jour,13,13069,2,1,1,3.0,422 Chemin des Hirondelles,43.630973,5.13598,16:20:00,2024-01-27
202400023727,12:50,Plein jour,83,83127,1,6,1,3.0,D2,43.275061,5.804123,12:50:00,2024-09-05
202400023728,07:58,Plein jour,02,02168,2,3,1,3.0,1bis Quai Gambetta,49.04111,3.40442,07:58:00,2024-04-12
202400023729,12:30,Plein jour,83,83023,2,9,1,6.0,16 ROUTE DU PRE DE PAQUES,43.408306,6.057898,12:30:00,2024-09-01
202400023730,18:50,,69,69244,2,2,2,3.0,Place des Trois Renards,45.763612,4.773554,18:50:00,2024-01-26
202400023731,08:41,Plein jour,67,67482,2,1,2,4.0,ILL (RUE DE L ),48.613212,7.770816,08:41:00,2024-12-19
202400023732,18:00,,67,67482,2,1,1,6.0,GARE (PLACE DE LA),48.58437,7.73613,18:00:00,2024-12-18
202400023733,12:29,Plein jour,05,05118,2,1,1,2.0,Lotissement les Narcisses,44.226531,5.858341,12:29:00,2024-09-06
202400023734,13:45,Plein jour,75,75118,2,1,1,4.0,BD PERIPHERIQUE INTERIEUR,48.901041,2.350764,13:45:00,2024-04-14
202400023735,05:00,,66,66136,2,9,1,6.0,POUDRIERE (CHEMIN DE LA),42.71629,2.8958,05:00:00,2024-12-19
202400023736,18:15,Crépuscule,63,63193,1,1,1,4.0,A712,45.784547,3.203062,18:15:00,2024-01-26
202400023737,20:15,Crépuscule,13,13109,1,1,1,3.0,2002 Route Cézanne,43.523515,5.499526,20:15:00,2024-09-02
202400023738,21:40,Crépuscule,75,75113,2,1,1,2.0,BOULEVARD PERIPHERIQUE INTERIEUR,48.817318,2.366127,21:40:00,2024-04-12
202400023739,10:24,Plein jour,34,34129,1,1,1,2.0,PK 016.280 A709,43.57404318,3.87552381,10:24:00,2024-01-26
202400023740,13:20,Plein jour,32,32207,1,1,1,7.0,Portetini,43.659288,0.662731,13:20:00,2024-09-02
202400023741,14:48,Plein jour,75,75108,2,1,1,3.0,RUE DE ROME,48.876294,2.323552,14:48:00,2024-04-14
202400023742,10:30,Plein jour,28,28367,1,1,3,7.0,A10 PK071+700,48.145845,1.855659,10:30:00,2024-01-26
202400023743,08:00,Plein jour,66,66136,2,3,1,3.0,Avenue Julien Panchot,42.68982,2.87917,08:00:00,2024-12-18
202400023744,07:15,Crépuscule,75,75114,2,1,1,6.0,BD PERIPHERIQUE EXTERIEUR,48.817721,2.333999,07:15:00,2024-04-14
202400023745,07:40,Plein jour,19,19146,1,3,1,3.0,Avenue des Resistants,45.33711457,1.74952626,07:40:00,2024-08-25
202400023746,16:25,Plein jour,64,64130,2,1,1,2.0,RD811,43.34152,-1.75293,16:25:00,2024-12-19
202400023747,12:15,Plein jour,11,11379,1,1,1,2.0,Unknown,43.033129,2.973684,12:15:00,2024-01-27
202400023748,10:30,Plein jour,75,75119,2,1,1,3.0,AVENUE DE LA PORTE DE LA VILLETTE,48.89896,2.387003,10:30:00,2024-04-14
202400023749,19:20,Plein jour,75,75115,2,2,1,6.0,BOULEVARD DE GRENELLE,48.850054,2.295163,19:20:00,2024-04-14
202400023750,21:20,,85,85092,2,3,1,3.0,Rue de la République,46.46308,-0.796785,21:20:00,2024-09-04
202400023751,08:45,Crépuscule,62,62540,1,1,2,3.0,D301,50.45276,2.56141,08:45:00,2024-12-14
202400023752,10:10,Plein jour,974,97408,2,1,1,2.0,Rue Jean Robert,-20.959736,55.326832,10:10:00,2024-01-27
202400023753,14:26,Plein jour,75,75112,2,1,1,6.0,RUE JOSEPH KESSEL,48.834082,2.383161,14:26:00,2024-04-14
202400023754,16:40,,62,62041,2,1,1,6.0,D266,50.29734,2.75558,16:40:00,2024-12-19
202400023755,17:30,Plein jour,27,27412,1,6,1,3.0,D313,49.246658,1.097506,17:30:00,2024-09-04
202400023756,11:00,Plein jour,77,77315,2,3,2,6.0,2 Rue du Docteur Roux,48.887013,2.827746,11:00:00,2024-01-26
202400023757,08:40,Plein jour,62,62041,2,4,3,6.0,D266,50.29707,2.75417,08:40:00,2024-12-19
202400023758,19:45,Plein jour,75,75120,2,3,1,3.0,RUE D AVRON,48.851521,2.39953,19:45:00,2024-04-14
202400023759,23:39,,13,13214,1,1,2,7.0,A507 sens Marseille - Aubagne,43.33030819,5.38941647,23:39:00,2024-09-04
202400023760,11:15,Plein jour,2B,2B140,1,1,1,6.0,D5,42.505266,9.286591,11:15:00,2024-01-27
202400023761,14:58,Plein jour,61,61169,2,1,1,6.0,36 Rue Richard Lenoir,48.749944,-0.57279,14:58:00,2024-12-12
202400023762,11:00,Plein jour,75,75118,2,2,1,3.0,BOULEVARD ORNANO,48.89754,2.344673,11:00:00,2024-04-14
202400023763,09:45,Plein jour,13,13081,2,1,7,3.0,Boulevard Gustave Courbet,43.491572,5.233642,09:45:00,2024-01-27
202400023764,14:17,Plein jour,13,13214,1,1,1,7.0,A507 sens Aubagne- Marseille,43.33436627,5.38287188,14:17:00,2024-09-05
202400023765,08:05,Crépuscule,61,61001,2,6,2,3.0,D112,48.438888,0.083142,08:05:00,2024-12-19
202400023766,16:45,Plein jour,75,75110,2,2,1,6.0,BOULEVARD DE MAGENTA,48.870456,2.361125,16:45:00,2024-04-14
202400023767,16:15,Plein jour,13,13014,1,1,1,1.0,D21B,43.5130566,5.12423587,16:15:00,2024-01-26
202400023768,07:50,Crépuscule,60,60159,1,1,1,6.0,Avenue de la Faisanderie,49.4009,2.82953,07:50:00,2024-12-16
202400023769,07:30,Plein jour,13,13215,1,1,1,4.0,A7-Sens Marseille vers Lyon,43.36643455,5.36080529,07:30:00,2024-09-05
202400023770,23:35,,75,75110,2,3,1,3.0,BOULEVARD DE MAGENTA,48.879591,2.35332,23:35:00,2024-04-13
202400023771,09:30,Plein jour,59,59599,2,9,1,6.0,Avenue de la Marne,50.7119292,3.1557369,09:30:00,2024-12-18
202400023772,15:20,Plein jour,13,13100,1,1,1,3.0,D30,43.793689,4.854444,15:20:00,2024-01-26
202400023773,07:20,Plein jour,13,13071,1,1,2,2.0,A55 - Sens Marseille vers Martigues,43.37210124,5.32036195,07:20:00,2024-09-04
202400023774,16:50,Plein jour,75,75110,2,3,1,2.0,RUE D ALSACE,48.879272,2.358656,16:50:00,2024-04-13
202400023775,19:30,Crépuscule,69,69290,1,1,1,2.0,Autoroute 43 ,45.70585899,4.95929718,19:30:00,2024-09-05