Num_Acc,hrmn,lum,dep,com,agg,int,atm,col,adr,lat,long,heure,date
202400023776,23:10,,59,59650,2,1,1,1.0,VALLON (RUE),50.70501,3.22468,23:10:00,2024-12-19
202400023777,06:27,Nuit sans éclairage,03,03201,1,1,5,7.0,chez gaillard,46.118168,3.639479,06:27:00,2024-01-27
202400023778,08:18,Plein jour,75,75107,1,2,1,3.0,QUAI VOLTAIRE,48.859543,2.329282,08:18:00,2024-04-14
202400023779,12:15,Plein jour,59,59350,2,2,2,3.0,Rue Eugène Jacquet,50.637226,3.087361,12:15:00,2024-11-25
202400023780,09:00,Plein jour,67,67482,1,1,1,4.0,M351,48.58611,7.72017,09:00:00,2024-09-05
202400023781,05:35,,75,75107,2,1,1,6.0,QUAI VOLTAIRE,48.85884,2.33173,05:35:00,2024-04-14
202400023782,10:55,Plein jour,86,86024,2,1,1,7.0,Rue de la Croix,46.567731,0.208374,10:55:00,2024-01-27
202400023783,07:00,Plein jour,33,33550,1,1,1,4.0,Unknown,44.772771,-0.555689,07:00:00,2024-09-05
202400023784,23:50,,56,56260,2,6,8,3.0,Giratoire de la France Libre,47.65979,-2.78112,23:50:00,2024-12-19
202400023785,14:30,Plein jour,72,72154,2,6,1,3.0,Rue des Éturcies,47.70496,-0.088631,14:30:00,2024-01-26
202400023786,13:50,Plein jour,75,75107,2,1,1,6.0,PONT ALEXANDRE III,48.863455,2.313522,13:50:00,2024-04-13
202400023787,05:30,Nuit sans éclairage,62,62766,1,1,1,2.0, A16,50.9449016,2.0996457,05:30:00,2024-09-02
202400023788,21:30,,91,91479,1,1,1,3.0,TUNNEL ORLY Y (PARAY VP) PK 2.6-3.6,48.71872,2.37054,21:30:00,2024-09-05
202400023789,15:45,Plein jour,13,13211,2,1,1,2.0,A50-Sens Marseille vers Aubagne,43.28694543,5.43567763,15:45:00,2024-01-26
202400023790,00:10,,75,75102,2,2,1,2.0,PLACE DE L OPERA,48.87069,2.332523,00:10:00,2024-04-14
202400023791,14:00,Plein jour,91,91228,1,1,2,3.0,RN 104,48.61775,2.42745,14:00:00,2024-09-05
202400023792,14:40,Plein jour,69,69256,1,1,1,2.0,Rocade Est,45.79701,4.93883,14:40:00,2024-01-19
202400023793,19:30,Plein jour,75,75102,2,1,1,6.0,BOULEVARD POISSONNIERE,48.87125,2.344511,19:30:00,2024-04-13
202400023794,03:45,Nuit sans éclairage,33,33143,1,1,1,2.0,Unknown,44.975605,-0.433432,03:45:00,2024-01-26
202400023795,08:00,Plein jour,91,91136,1,1,3,2.0,AUTOROUTE A126,48.71179,2.29116,08:00:00,2024-09-05
202400023796,20:00,,33,33013,1,1,1,2.0,Unknown,44.845313,-0.501961,20:00:00,2024-01-25
202400023797,08:10,Crépuscule,94,94021,1,1,3,3.0,A6A,48.7702866,2.34542494,08:10:00,2024-09-05
202400023798,18:20,Plein jour,94,94078,2,3,1,2.0,Rue de Paris / Rue Thimonnier,48.75124671,2.44531363,18:20:00,2024-04-14
202400023799,12:10,Plein jour,92,92036,1,1,1,2.0,RN315 W,48.92727667,2.30317029,12:10:00,2024-01-26
202400023800,10:30,Plein jour,92,92047,1,1,2,2.0,A13,48.83231571,2.15438418,10:30:00,2024-09-05
202400023801,14:00,Plein jour,94,94065,2,1,1,6.0,Avenue Lucien Grelinger,48.750869,2.346437,14:00:00,2024-04-14
202400023802,09:10,Plein jour,78,78672,1,1,8,4.0,A13,48.929829,1.98424,09:10:00,2024-01-26
202400023803,04:30,Nuit sans éclairage,78,78238,1,1,3,2.0,A13,48.970556,1.884964,04:30:00,2024-09-05
202400023804,01:40,Nuit sans éclairage,94,94073,2,1,1,6.0,Avenue du Luxembourg,48.7572,2.37042,01:40:00,2024-04-14
202400023805,07:50,Crépuscule,92,92036,1,1,1,3.0,RN315 Y,48.92813825,2.30273773,07:50:00,2024-01-26
202400023806,17:45,Plein jour,95,95582,1,1,2,6.0,D170,48.96269256,2.26373794,17:45:00,2024-09-05
202400023807,12:55,Plein jour,94,94028,2,1,1,2.0,Avenue Victor Hugo,48.77166129,2.43013126,12:55:00,2024-04-14
202400023808,16:15,Plein jour,92,92019,1,1,1,3.0,RN385,48.77621518,2.23316898,16:15:00,2024-01-25
202400023809,14:30,Plein jour,92,92050,1,1,1,6.0,A14,48.89509609,2.22815045,14:30:00,2024-01-25
202400023810,18:22,Plein jour,93,93059,2,2,1,1.0,Avenue Émile Zola / Rue Toussaint Louverture,48.94954632,2.3648715,18:22:00,2024-04-14
202400023811,09:30,Plein jour,93,93027,1,1,3,5.0,AUTOROUTE A86,48.92340632,2.38338411,09:30:00,2024-09-05
202400023812,18:20,Plein jour,93,93050,2,2,1,1.0,Rue de l'Amiral Courbet / Rue Ledru Rollin,48.85515,2.53323,18:20:00,2024-04-14
202400023813,21:15,Nuit sans éclairage,95,95277,1,6,1,4.0,D970,48.99483122,2.45187715,21:15:00,2024-01-25
202400023814,15:26,Plein jour,92,92050,2,1,1,6.0,REPUBLIQUE AVENUE DE LA,48.90554726,2.21004373,15:26:00,2024-04-14
202400023815,12:00,Plein jour,94,94081,1,1,1,2.0,A86,48.77409948,2.40494042,12:00:00,2024-01-26
202400023816,14:29,Plein jour,92,92020,2,1,1,2.0,VANVES BOULEVARD N° IMPAIRS,48.80806514,2.2844789,14:29:00,2024-04-14
202400023817,08:00,Plein jour,93,93001,1,1,3,5.0,AUTOROUTE A86,48.9213619,2.3682189,08:00:00,2024-09-05
202400023818,21:20,Nuit sans éclairage,94,94069,1,1,2,2.0,A4,48.81731613,2.44009667,21:20:00,2024-01-25
202400023819,01:25,,92,92071,2,1,1,6.0,CAMBERWELL (AVENUE DE),48.77895,2.29306,01:25:00,2024-04-14
202400023820,20:35,Nuit sans éclairage,51,51001,1,1,1,6.0,D81,48.808164,4.513621,20:35:00,2024-04-14
202400023821,08:50,Plein jour,93,93007,1,1,3,2.0,AUTOROUTE A1,48.94605193,2.44078471,08:50:00,2024-09-05
202400023822,01:05,Nuit sans éclairage,77,77175,1,1,2,4.0,RN104,48.666389,2.612912,01:05:00,2024-01-25
202400023823,19:45,Crépuscule,71,71075,2,4,1,1.0,Rue Principale,46.599096,3.844279,19:45:00,2024-04-09
202400023824,11:15,Plein jour,988,98818,2,1,1,6.0,N°1 RUE ROGER GERVOLINO,-22.26706,166.46507,11:15:00,2024-01-25
202400023825,07:30,Plein jour,92,92036,1,1,1,3.0,AUTOROUTE A15,48.94722536,2.2815668,07:30:00,2024-09-04
202400023826,07:00,Plein jour,976,97611,2,1,1,6.0,passamanty-Vahibé ( route ),-12.79,45.22346,07:00:00,2024-01-25
202400023827,18:05,Plein jour,40,40296,2,2,1,1.0,Avenue des Chais,43.708357,-1.425385,18:05:00,2024-04-12
202400023828,14:55,Plein jour,972,97213,1,6,1,7.0,ROUTE NATIONALE 1,14.61884,-61.00522,14:55:00,2024-01-25
202400023829,18:00,Plein jour,57,57177,2,9,7,3.0,270 Rue Sai la Princ Alix Napoléon,48.806019,6.710173,18:00:00,2024-04-14
202400023830,09:52,Plein jour,93,93053,1,1,1,3.0,AUTOROUTE A3,48.89707199,2.46965129,09:52:00,2024-08-30
202400023831,18:20,,972,97209,2,2,1,5.0,GENERAL DE GAULLE (BLD DU),14.60664,-61.06676,18:20:00,2024-01-23
202400023832,17:50,Plein jour,83,83086,2,1,1,4.0,709 Route de Frejus,43.47008352,6.58098623,17:50:00,2024-04-14
202400023833,14:35,Plein jour,83,83148,1,1,1,6.0,3740 Route du Thoronet Rd 84,43.42909398,6.39195371,14:35:00,2024-04-14
202400023834,21:00,,69,69149,2,3,1,1.0,Rue Stéphane Déchant,45.72105418,4.81113979,21:00:00,2024-01-25
202400023835,10:30,Plein jour,77,77018,1,1,2,2.0,A4,48.840594,2.821249,10:30:00,2024-09-05
202400023836,11:15,Plein jour,11,11203,1,1,1,6.0,D611,43.23974,2.758781,11:15:00,2024-04-14
202400023837,16:04,Plein jour,2B,2B033,2,1,1,2.0,VEZZANI - RUE CESAR,42.692,9.4492,16:04:00,2024-01-24
202400023838,14:40,Plein jour,57,57620,1,1,1,3.0,A4,49.19784944,5.9828496,14:40:00,2024-04-11
202400023839,09:45,Plein jour,94,94069,1,1,2,5.0,A4,48.81744084,2.43118632,09:45:00,2024-09-05
202400023840,22:20,,95,95598,2,2,8,3.0,D109P,48.99268682,2.29951858,22:20:00,2024-01-25
202400023841,14:45,Plein jour,86,86202,1,1,1,1.0,D83,46.634854,0.730741,14:45:00,2024-04-14
202400023842,08:30,Plein jour,94,94017,1,1,1,3.0,A4,48.82945195,2.48321604,08:30:00,2024-09-04
202400023843,02:30,Nuit sans éclairage,71,71081,1,1,1,6.0,A6,46.808439,4.826399,02:30:00,2024-04-15
202400023844,13:50,Plein jour,95,95598,2,2,8,1.0,D144,48.99310533,2.30976351,13:50:00,2024-01-25
202400023845,07:37,Plein jour,988,98818,2,3,1,6.0,N°38 RUE TARAGNAT/RUE SYLVAIN GARGON,-22.2752,166.45662,07:37:00,2024-09-05
202400023846,20:05,Nuit sans éclairage,91,91021,1,1,8,6.0,RN20,48.58828,2.23542,20:05:00,2024-01-24
202400023847,12:30,Plein jour,54,54581,1,4,7,3.0,D132,49.12627113,5.8611229,12:30:00,2024-04-15
202400023848,11:26,Plein jour,988,98818,2,1,1,3.0,ROUTE DE L'ANSE VATA,-22.29584,166.44521,11:26:00,2024-09-04
202400023849,20:30,,91,91347,2,1,2,2.0,MONTLHERY (ROUTE DE),48.63473,2.28892,20:30:00,2024-01-24
202400023850,15:25,Plein jour,41,41172,1,2,8,3.0,D924,47.94501,1.321192,15:25:00,2024-04-15
202400023851,07:50,Plein jour,974,97416,1,9,1,3.0,ENTRE DEUX (CHEMIN) CD26,-21.30009,55.43531,07:50:00,2024-09-04
202400023852,14:30,Plein jour,91,91228,2,9,1,2.0,BD DE L YERRES,48.619358,2.428104,14:30:00,2024-01-25
202400023853,16:50,Plein jour,57,57235,2,1,1,7.0,27 Rue de Metz,49.27701206,6.48802525,16:50:00,2024-04-14
202400023854,19:00,Plein jour,51,51191,1,2,1,3.0,D982,49.146013,4.817955,19:00:00,2024-04-14
202400023855,21:50,,974,97411,2,2,1,3.0,LAGRANGE (RUE LEO),-20.90463,55.48162,21:50:00,2024-09-03
202400023856,19:10,,89,89387,2,3,1,3.0,VAUBAN (AVENUE),48.198,3.27102,19:10:00,2024-01-25
202400023857,21:30,,972,97209,2,9,1,2.0,DIDIER (ROUTE DE),14.62503,-61.07897,21:30:00,2024-09-03
202400023858,14:07,Plein jour,87,87113,1,1,1,1.0,ANGUERNAUD,45.88316,1.30794,14:07:00,2024-01-23
202400023859,15:25,Plein jour,80,80024,1,1,2,1.0,D12,49.944423,2.252589,15:25:00,2024-04-15
202400023860,08:31,Plein jour,2B,2B037,1,6,1,3.0,TOUTES RUES,42.595,9.439,08:31:00,2024-09-04
202400023861,13:16,Plein jour,87,87085,2,3,1,3.0,COMTE (RUE AUGUSTE),45.87791,1.27508,13:16:00,2024-01-23
202400023862,10:25,Plein jour,69,69012,1,1,1,4.0,Route de Monsols,46.171213,4.558001,10:25:00,2024-04-14
202400023863,13:30,Plein jour,32,32132,2,6,1,1.0,Rue des Glycines,43.838505,0.661883,13:30:00,2024-04-11
202400023864,15:26,Plein jour,87,87085,2,2,1,6.0,GOUJAUD (QUAI LOUIS),45.82606,1.26791,15:26:00,2024-01-20
202400023865,08:35,Plein jour,2A,2A004,2,1,1,2.0,15 Avenue Marechal Juin,41.94028,8.74972,08:35:00,2024-09-04
202400023866,02:10,Nuit sans éclairage,71,71073,1,1,1,2.0,D906,46.897204,4.762037,02:10:00,2024-04-13
202400023867,05:00,,83,83123,2,1,1,2.0,BUGE (CHEMIN DE LA) N° IMPAIRS,43.12056312,5.80819881,05:00:00,2024-01-24
202400023868,08:55,Plein jour,49,49307,1,1,7,5.0,Unknown,47.46527491,-0.42081714,08:55:00,2024-04-15
202400023869,14:36,Plein jour,87,87050,1,1,3,6.0,RD947,45.85662,1.24514,14:36:00,2024-09-03
202400023870,06:30,,82,82033,2,1,2,2.0,Route de Toulouse,44.03454,1.11734,06:30:00,2024-01-25
202400023871,10:30,Plein jour,46,46128,1,1,1,7.0,départementale 840,44.781953,1.729338,10:30:00,2024-04-14
202400023872,18:22,,82,82033,2,1,1,7.0,Rue de l’Usine,44.04913,1.10634,18:22:00,2024-01-24
202400023873,22:10,Nuit sans éclairage,46,46214,1,1,1,6.0,Route des Landes,44.487161,1.314229,22:10:00,2024-04-14
202400023874,16:55,Plein jour,85,85191,2,2,1,1.0,RD248,46.66056,-1.411533,16:55:00,2024-09-04
202400023875,10:10,Plein jour,47,47251,1,1,1,7.0,route de caubeyres,44.284944,0.232121,10:10:00,2024-04-13
202400023876,12:00,Plein jour,78,78029,2,6,1,3.0,AVENUE DE L'UNION,48.95949,1.84067,12:00:00,2024-01-25
202400023877,12:55,Plein jour,47,47273,1,1,1,1.0,lamouroux,44.247493,0.781494,12:55:00,2024-04-14
202400023878,19:00,Plein jour,84,84007,1,4,3,6.0,C.De GAULLE (Rocade),43.94703,4.84068,19:00:00,2024-09-04
202400023879,10:45,Plein jour,29,29189,2,9,1,6.0,rue Jean Fournier,48.368466,-4.371643,10:45:00,2024-04-12
202400023880,17:00,Plein jour,84,84007,2,1,3,6.0,SAINT ROCH (BOULEVARD),43.95,4.81667,17:00:00,2024-09-04
202400023881,05:45,Crépuscule,68,68135,1,3,1,3.0,route departemental 105,47.579312,7.531178,05:45:00,2024-04-15
202400023882,19:50,Plein jour,22,22251,1,1,2,7.0,Couépeur (Pordic),48.546402,-2.824978,19:50:00,2024-04-14
202400023883,10:00,Plein jour,30,30351,2,3,1,3.0,AUGUSTE RENOIR (RUE),43.97078,4.77037,10:00:00,2024-09-04
202400023884,20:00,Crépuscule,44,44025,1,1,1,3.0,2 La Rabinais,47.407593,-1.948276,20:00:00,2024-04-13
202400023885,13:08,Plein jour,44,44187,1,1,1,1.0,la riverais,47.209314,-2.102535,13:08:00,2024-04-11
202400023886,07:45,Plein jour,80,80261,2,1,1,3.0,RUE DU FOND LAGACHE,49.87349,2.27183,07:45:00,2024-09-04
202400023887,17:35,Plein jour,21,21210,1,1,1,6.0,Autoroute A38,47.272147,4.591993,17:35:00,2024-07-29
202400023888,16:05,Plein jour,44,44131,2,1,1,6.0,14 Rue des Bougrenets,47.114648,-2.136182,16:05:00,2024-04-15
202400023889,17:30,Plein jour,78,78168,2,1,1,2.0,Route nationale 10,48.73762,1.90816,17:30:00,2024-09-04
202400023890,11:25,Plein jour,01,01204,1,1,1,6.0,Autoroute A40 - PK 114.700,46.162192,5.657423,11:25:00,2024-07-30
202400023891,23:50,Nuit sans éclairage,35,35223,1,1,1,2.0,RN24  PR31,48.01241533,-2.06867248,23:50:00,2024-04-14
202400023892,11:35,Plein jour,77,77053,2,1,1,6.0,RUE DU GENERAL LECLERC,48.69872,2.60394,11:35:00,2024-01-25
202400023893,12:00,Plein jour,78,78621,1,1,1,6.0,CASTIGLIONE DEL LAGO (RUE),48.778663,1.990713,12:00:00,2024-08-29
202400023894,16:50,Plein jour,29,29135,2,1,1,6.0,Rue du Général de Penfentenyo,47.830754,-4.182399,16:50:00,2024-04-14
202400023895,22:00,,77,77373,2,1,1,6.0,AV DU DUC DE DANTZIG,48.8078,2.61247,22:00:00,2024-09-05
202400023896,16:20,Plein jour,42,42242,2,1,1,1.0,42 Route du 3 Juillet 1867,45.541935,4.635099,16:20:00,2024-07-29
202400023897,20:05,,77,77132,2,1,2,1.0,Avenue Robert Schuman,48.86971,2.79444,20:05:00,2024-01-25
202400023898,03:35,,74,74012,2,1,2,7.0,VALLEES (ROUTE DES),46.19148,6.25055,03:35:00,2024-09-04
202400023899,05:15,Nuit sans éclairage,30,30041,1,1,1,7.0,Unknown,43.975372,4.40091,05:15:00,2024-07-30
202400023900,14:40,Plein jour,31,31471,2,3,1,3.0,avenue de la brèche romaine. (Lez),42.911307,0.695937,14:40:00,2024-04-14
202400023901,08:15,Plein jour,77,77464,2,1,8,6.0,CLAYE  (RUE DE  ),48.88385,2.70751,08:15:00,2024-01-25
202400023902,17:55,Crépuscule,31,31280,1,1,1,7.0,D25,43.232724,1.298181,17:55:00,2024-04-14
202400023903,08:50,Plein jour,72,72181,2,2,7,6.0,MAC JEAN (AV) N° IMP 107 ET plus,47.97907,0.22511,08:50:00,2024-09-04
202400023904,17:55,Plein jour,62,62280,2,4,1,1.0,chemin de servain,50.24518,3.00351,17:55:00,2024-07-26
202400023905,17:20,Plein jour,02,02636,1,1,1,7.0,D13,49.8347,3.4415,17:20:00,2024-04-14
202400023906,18:25,Crépuscule,76,76351,2,3,1,6.0,FRANCOIS 1ER (BD),49.49237,0.09861,18:25:00,2024-01-24
202400023907,10:01,Plein jour,72,72095,2,1,1,6.0,SAINT GERMAIN (BD),48.02547,0.2016,10:01:00,2024-09-03
202400023908,08:00,Plein jour,02,02153,1,4,1,1.0,D558,49.552013,3.497128,08:00:00,2024-04-15
202400023909,18:05,Plein jour,72,72181,1,9,1,2.0,RUAUDIN (RUE) N° PAIRS 264 ET >,47.96993625,0.23352452,18:05:00,2024-09-02
202400023910,18:45,,72,72181,2,3,2,3.0,MALTE (RUE DE),47.99532,0.22513,18:45:00,2024-01-24
202400023911,17:30,Plein jour,84,84020,1,1,1,7.0,RD 943,43.824155,5.356801,17:30:00,2024-04-12
202400023912,13:00,Plein jour,15,15138,1,1,1,6.0,RD 3,45.131691,2.840588,13:00:00,2024-04-12
202400023913,14:10,Plein jour,41,41181,1,1,1,1.0,A85,47.29324832,1.27225142,14:10:00,2024-07-30
202400023914,16:30,Plein jour,72,72095,2,9,2,3.0,SAINT MICHEL (BD),48.02307,0.20153,16:30:00,2024-01-24
202400023915,20:20,Plein jour,15,15033,1,1,1,6.0,RD 57,44.967189,2.864116,20:20:00,2024-04-13
202400023916,15:30,Plein jour,71,71270,2,4,8,3.0,PARC (ALLEE DU),46.32127,4.84495,15:30:00,2024-09-04
202400023917,16:35,Plein jour,65,65388,1,1,1,3.0,D929,42.79877,0.294957,16:35:00,2024-07-30
202400023918,15:40,Plein jour,71,71475,2,1,1,6.0,LYON (ROUTE DE ),46.76758,4.84335,15:40:00,2024-01-24
202400023919,20:47,Nuit sans éclairage,26,26229,1,1,1,7.0,route departementale 5,44.248896,5.241659,20:47:00,2024-04-14
202400023920,20:00,,69,69275,2,2,2,3.0,Avenue Edouard Herriot,45.77219,4.96186,20:00:00,2024-09-04
202400023921,18:00,Plein jour,26,26146,1,3,1,3.0,D541,44.422619,4.877484,18:00:00,2024-04-13
202400023922,07:35,Crépuscule,71,71076,2,9,1,2.0,LARDY (AVENUE PIERRE),46.79242,4.859184,07:35:00,2024-01-24
202400023923,15:25,Plein jour,71,71310,1,1,1,4.0,RN 70,46.74250526,4.48660799,15:25:00,2024-07-29
202400023924,20:20,,67,67447,2,1,1,6.0,ADELSHOFFEN (RUE D ),48.60742,7.75768,20:20:00,2024-09-03
202400023925,17:00,Plein jour,26,26183,1,1,1,1.0,Route du Diois,44.69827074,5.13207436,17:00:00,2024-04-14
202400023926,11:10,Plein jour,71,71377,1,1,1,7.0,D182,46.551324,4.814045,11:10:00,2024-07-30
202400023927,16:20,Plein jour,69,69259,2,3,1,3.0,Rue Honoré de Balzac,45.71774,4.85477,16:20:00,2024-01-24
202400023928,13:50,Plein jour,14,14174,2,1,1,7.0,6 Rue Saint-Pierre,48.849149,-0.548871,13:50:00,2024-04-13
202400023929,17:25,Plein jour,64,64129,2,1,1,2.0,JEAN MERMOZ,43.31931,-0.37874,17:25:00,2024-09-04
202400023930,10:55,Plein jour,68,68166,2,1,1,1.0,Rue des Chalets,47.791116,7.327065,10:55:00,2024-01-05
202400023931,11:35,Plein jour,07,07155,1,1,1,1.0,route d'ailhon D235,44.617953,4.339506,11:35:00,2024-04-15
202400023932,11:35,Plein jour,64,64445,2,1,3,6.0,MICHELET,43.3005,-0.37722,11:35:00,2024-09-04
202400023933,02:40,Nuit sans éclairage,40,40135,1,1,1,7.0,D651,44.10947,-0.553297,02:40:00,2024-04-14
202400023934,15:50,Plein jour,55,55573,2,3,7,3.0,intersection entre la D964 et la D10,48.684317,5.621223,15:50:00,2024-07-30
202400023935,12:30,Plein jour,68,68166,2,6,1,2.0,Rue Claude Debussy,47.794341,7.324071,12:30:00,2024-01-05
202400023936,18:40,Plein jour,28,28407,1,1,1,6.0,La Cave,48.259702,0.897397,18:40:00,2024-04-14
202400023937,13:20,Plein jour,64,64445,2,1,2,3.0,ALSACE LORRAINE D',43.30444,-0.36739,13:20:00,2024-09-03
202400023938,18:50,Plein jour,42,42154,1,1,1,6.0,Route de Balbigny,45.841417,4.236131,18:50:00,2024-07-28
202400023939,19:30,,67,67482,2,3,8,3.0,PREMIERE ARMEE (RUE DE LA),48.577238,7.751821,19:30:00,2024-01-25
202400023940,16:00,Plein jour,87,87073,1,1,1,7.0,Le Mas Buisson,45.741876,1.010372,16:00:00,2024-04-15
202400023941,17:35,Plein jour,64,64125,2,1,1,1.0,BAYONNE (AVENUE DE),43.44965,-1.5694,17:35:00,2024-09-02
202400023942,17:30,Plein jour,86,86161,1,1,1,6.0,Rue Duguesclin,46.891133,0.000805,17:30:00,2024-07-29
202400023943,15:05,Plein jour,87,87199,1,1,1,1.0,Maison neuve,45.782579,0.839424,15:05:00,2024-04-15
202400023944,18:30,Crépuscule,67,67482,2,3,1,3.0,PALERME (RUE DE),48.5757,7.76378,18:30:00,2024-01-25
202400023945,12:50,Plein jour,48,48061,2,1,1,6.0,45 Avenue du 8 Mai 1945,44.333325,3.585429,12:50:00,2024-04-15
202400023946,07:20,Plein jour,64,64024,2,1,2,2.0,ALLEES MARINES (AVENUE DES),43.49702,-1.50743,07:20:00,2024-09-03
202400023947,08:45,Plein jour,67,67482,2,1,2,3.0,DANUBE (PONT DU),48.57354,7.77116,08:45:00,2024-01-25
202400023948,08:00,Plein jour,86,86082,1,2,1,3.0,D158,46.293015,0.234199,08:00:00,2024-07-30
202400023949,17:59,Plein jour,60,60057,2,1,1,6.0,Rue de Clermont,49.43210929,2.10617995,17:59:00,2024-08-30
202400023950,06:25,Crépuscule,10,10084,1,1,1,3.0,A26,48.399,4.1507,06:25:00,2024-04-09
202400023951,17:00,Plein jour,66,66136,2,1,1,6.0,Avenue de la SALANQUE,42.72364,2.89023,17:00:00,2024-01-25
202400023952,11:00,Plein jour,34,34139,1,1,1,1.0,D15,43.426385,3.248305,11:00:00,2024-05-11
202400023953,17:52,Plein jour,59,59426,2,1,1,6.0,Rue de Tourcoing,50.751068,3.152419,17:52:00,2024-09-04
202400023954,15:30,Plein jour,57,57463,2,1,1,6.0,EUROPE (BOULEVARD DE L' ),49.11833,6.19839,15:30:00,2024-09-04
202400023955,15:30,Plein jour,66,66136,2,1,1,3.0,Cours Lazare ESCARGUEL,42.69828,2.88732,15:30:00,2024-01-25
202400023956,06:40,Nuit sans éclairage,44,44003,1,1,1,2.0,Unknown,47.39666552,-1.21098071,06:40:00,2024-04-15
202400023957,07:45,Plein jour,56,56260,2,9,1,3.0,Place de la Libération,47.658545,-2.7641213,07:45:00,2024-09-04
202400023958,16:20,Plein jour,34,34252,1,3,1,1.0,D922,43.655686,3.109807,16:20:00,2024-07-29
202400023959,02:20,,987,98715,2,1,1,6.0,route RDO,-17.584,-149.56,02:20:00,2024-04-14
202400023960,18:25,,66,66136,2,3,1,5.0,Avenue Maréchal JUIN,42.68766,2.89959,18:25:00,2024-01-24
202400023961,23:50,Nuit avec éclairage,68,68258,2,6,1,6.0,9 Rue de Lorraine,47.841883,7.311101,23:50:00,2024-07-29
202400023962,18:44,Plein jour,54,54321,2,2,1,6.0,Avenue Bogdan Politanski,49.53595065,5.80354929,18:44:00,2024-09-04
202400023963,02:00,Nuit sans éclairage,25,25514,1,1,1,6.0,D9,46.77448,6.328962,02:00:00,2024-07-30
202400023964,18:10,Plein jour,51,51454,2,1,2,3.0,CHANZY (RUE),49.251377,4.033977,18:10:00,2024-09-03
202400023965,18:05,Plein jour,38,38401,1,1,1,4.0,A43,45.560556,5.416582,18:05:00,2024-04-14
202400023966,20:20,Plein jour,25,25578,2,1,1,6.0,Rue de l'Hôtel de Ville,47.151589,6.352082,20:20:00,2024-07-30
202400023967,00:35,Nuit sans éclairage,38,38053,1,1,1,6.0,A43,45.60095057,5.26829228,00:35:00,2024-04-14
202400023968,13:20,Plein jour,64,64102,2,1,1,4.0,SAINT BERNARD (CHEMIN DE),43.50277,-1.48392,13:20:00,2024-01-25
202400023969,10:20,Plein jour,51,51454,2,1,1,3.0,VASNIER (BOULEVARD HENRI) COTE IMPAIR,49.24395,4.04985,10:20:00,2024-09-03
202400023970,00:20,,64,64024,2,6,1,7.0,CADRAN (ALLEE),43.48373,-1.50232,00:20:00,2024-01-25
202400023971,17:25,Crépuscule,987,98712,1,6,1,6.0,Rond point hotel LE TAHITI,-17.51902286,-149.50754285,17:25:00,2024-04-12
202400023972,17:55,Plein jour,50,50147,2,1,1,3.0,DIVISION LECLERC,49.06549,-1.43223,17:55:00,2024-09-03
202400023973,21:00,Plein jour,29,29031,1,4,1,3.0,Lieu Dit Keranna,47.80516396,-3.57995265,21:00:00,2024-07-29
202400023974,15:25,Plein jour,29,29155,1,1,1,7.0,Kermein,48.45678,-5.088802,15:25:00,2024-07-28
202400023975,07:20,,64,64102,2,1,1,3.0,PONT SAINT FREDERIC,43.48744222,-1.46185967,07:20:00,2024-01-24
202400023976,18:22,Plein jour,49,49353,1,1,1,3.0,REPUBLIQUE AVENUE,47.4461,-0.4964,18:22:00,2024-09-03
202400023977,21:20,Nuit avec éclairage,973,97308,1,1,1,1.0,RN2 PK 162,3.89250674,-51.8067956,21:20:00,2024-04-14
202400023978,09:30,Plein jour,49,49007,2,1,1,6.0,MARIANNE BOULEVARD,47.45218,-0.52534,09:30:00,2024-09-03
202400023979,20:40,,62,62570,2,6,2,3.0,Avenue de Flöha,50.40647,2.86116,20:40:00,2024-01-25
202400023980,17:50,Plein jour,77,77476,1,1,1,7.0,D401,49.041293,2.956159,17:50:00,2024-04-14
202400023981,10:20,Plein jour,45,45234,2,1,1,2.0,136 Boulevard de Châteaudun,47.914263,1.89648,10:20:00,2024-09-04
202400023982,19:35,Plein jour,03,03052,1,3,1,3.0,Rue du Cheroux,46.343138,2.699631,19:35:00,2024-07-30
202400023983,20:20,,62,62523,2,1,1,3.0,Rue Emile Basly,50.43692,2.86738,20:20:00,2024-01-24
202400023984,17:00,Plein jour,91,91184,1,1,1,5.0,D449,48.425548,2.372564,17:00:00,2024-04-14
202400023985,09:15,Plein jour,15,15127,1,1,1,6.0,RN 122,45.201544,3.091085,09:15:00,2024-07-29
202400023986,19:50,Plein jour,42,42218,2,1,1,3.0,Rue Jean Huss,45.44538,4.41721,19:50:00,2024-08-26
202400023987,09:10,Plein jour,59,59350,2,1,8,6.0,Boulevard Louis XIV,50.62869,3.07247,09:10:00,2024-01-25
202400023988,20:30,,59,59183,2,1,1,6.0,MER - AVENUE,51.048975,2.40168,20:30:00,2024-01-24
202400023989,20:30,Crépuscule,35,35278,2,1,8,6.0,ROUTE DE SAINT-MALO,48.13605,-1.69335,20:30:00,2024-09-04
202400023990,22:15,,83,83115,2,3,1,3.0,Av du Croiseur Leger le Malin,43.341098,6.680417,22:15:00,2024-04-14
202400023991,07:34,Plein jour,70,70509,1,3,1,2.0,D67,47.332756,5.719058,07:34:00,2024-07-26
202400023992,17:20,Crépuscule,59,59178,2,1,1,6.0,CARNOT (PLACE),50.37207,3.0862,17:20:00,2024-01-24