Num_Acc,hrmn,lum,dep,com,agg,int,atm,col,adr,lat,long,heure,date
202400023993,16:10,Plein jour,35,35238,2,1,1,6.0,BULGARIE (BD DE),48.08458,-1.65872,16:10:00,2024-09-04
202400023994,08:25,Plein jour,59,59165,2,1,1,6.0,ROBESPIERRE (RUE MAXIMILIEN),50.38324,3.05521,08:25:00,2024-01-23
202400023995,21:30,Crépuscule,54,54416,1,1,1,7.0,RD48,48.93014055,5.78827143,21:30:00,2024-07-29
202400023996,18:10,Plein jour,71,71513,2,2,1,3.0,Rue du Treuil,46.396152,4.86145,18:10:00,2024-04-14
202400023997,21:03,,56,56121,2,6,1,3.0,GAULLE ( AVE DU GENERAL DE ),47.74132,-3.37318,21:03:00,2024-01-24
202400023998,18:15,Plein jour,73,73262,1,3,1,1.0,D1212,45.800473,6.493194,18:15:00,2024-04-13
202400023999,21:40,,13,13206,2,2,2,3.0,PIERRE PUGET (COURS),43.28998,5.37259,21:40:00,2024-09-04
202400024000,17:40,Crépuscule,54,54578,2,3,1,6.0,Rue des 3 Epis,48.67536503,6.16303235,17:40:00,2024-01-24
202400024001,09:55,Plein jour,42,42005,2,1,7,3.0,Chemin de Pre Grand,45.53097469,4.26336184,09:55:00,2024-04-14
202400024002,12:35,Plein jour,06,06079,2,1,1,4.0,1256 Avenue de Fréjus,43.530247,6.928632,12:35:00,2024-07-28
202400024003,15:25,Plein jour,13,13202,2,9,3,6.0,JOLIETTE (PLACE DE LA),43.30588,5.36644,15:25:00,2024-09-04
202400024004,18:10,,54,54328,2,3,2,3.0,route de mirecourt,48.61585,6.17633,18:10:00,2024-01-24
202400024005,17:30,Plein jour,07,07077,1,1,1,1.0,D224,44.65518255,4.52381935,17:30:00,2024-04-14
202400024006,16:17,Plein jour,14,14431,1,1,1,7.0,Route du Long Moté,49.067702,-0.120839,16:17:00,2024-07-29
202400024007,11:15,Plein jour,13,13005,2,1,1,3.0,RN 96 (ROUTE NATIONALE ),43.30492,5.5715,11:15:00,2024-09-01
202400024008,18:55,,51,51454,2,1,2,6.0,MARS (RUE),49.25919,4.03168,18:55:00,2024-01-25
202400024009,11:30,Plein jour,05,05068,2,1,1,7.0,D211,44.50651051,6.1110405,11:30:00,2024-07-28
202400024010,16:35,Plein jour,87,87062,1,3,1,1.0,"route de limoges,",45.7827791,1.4804137,16:35:00,2024-04-15
202400024011,18:40,Plein jour,11,11069,2,2,1,5.0,73 Avenue du Général Leclerc,43.2092,2.36819,18:40:00,2024-09-03
202400024012,16:20,Plein jour,49,49328,2,3,1,3.0,FRICOTELLE (RUE),47.24654,-0.07571,16:20:00,2024-01-24
202400024013,13:00,Plein jour,64,64160,1,9,1,6.0,ZI ERROBI,43.35188,-1.417451,13:00:00,2024-07-23
202400024014,12:25,Plein jour,17,17476,1,2,1,3.0,D154,45.37254,-0.440789,12:25:00,2024-04-04
202400024015,13:24,Plein jour,10,10387,2,1,8,1.0,Rue Etienne Pedron,48.30686,4.07672,13:24:00,2024-09-03
202400024016,22:24,Nuit sans éclairage,64,64502,1,1,1,1.0,2785 Chemin de Halage,43.546596,-1.18919,22:24:00,2024-07-29
202400024017,17:20,Plein jour,47,47323,2,3,1,3.0,PRUNE (RUE DE LA),44.40797483,0.7224193,17:20:00,2024-01-25
202400024018,11:05,Plein jour,85,85119,2,1,1,7.0,RD37,46.966272,-1.117575,11:05:00,2024-04-14
202400024019,07:43,Plein jour,10,10321,2,1,1,6.0,Rue Jules Cuisin,48.28552,4.02118,07:43:00,2024-09-03
202400024020,21:00,,47,47031,2,6,1,3.0,LACAPELETTE,44.17993434,0.6259256,21:00:00,2024-01-25
202400024021,18:35,Plein jour,35,35052,1,3,1,3.0,Chemin de Rennes,48.14878,-1.323574,18:35:00,2024-04-14
202400024022,14:30,Plein jour,05,05061,1,3,2,3.0,Route de Grenoble,44.58947,6.08036,14:30:00,2024-09-04
202400024023,09:15,Plein jour,47,47001,2,2,1,1.0,LIBERTE (BOULEVARD DE LA),44.19541092,0.61700946,09:15:00,2024-01-25
202400024024,15:30,Plein jour,07,07288,1,1,7,6.0,RD 104,44.72407022,4.51670381,15:30:00,2024-07-30
202400024025,16:00,Plein jour,76,76727,1,3,1,3.0,Route d'Aizier,49.472032,0.676019,16:00:00,2024-04-14
202400024026,09:28,Plein jour,75,75116,2,1,1,3.0,BOULEVARD PERIPHERIQUE INTERIEUR OUEST,48.869784,2.271684,09:28:00,2024-09-04
202400024027,12:30,Plein jour,45,45234,2,2,1,3.0,D14 PR 8 + 558,47.846237,1.940929,12:30:00,2024-01-25
202400024028,14:45,Plein jour,59,59323,1,1,1,6.0,D129,50.298607,3.641644,14:45:00,2024-04-13
202400024029,09:36,Plein jour,04,04172,1,3,1,3.0,Intersection D952/D56,43.844014,6.161377,09:36:00,2024-07-29
202400024030,17:30,Plein jour,75,75114,2,1,1,6.0,AVENUE PAUL APPELL,48.821537,2.327955,17:30:00,2024-09-03
202400024031,07:55,Plein jour,38,38053,2,1,1,2.0,Boulevard F. et I. Joliot Curie,45.58875,5.26232,07:55:00,2024-01-24
202400024032,07:50,Plein jour,13,13005,1,1,1,2.0,A50-Sens Aubagne vers Marseille,43.28747218,5.54349383,07:50:00,2024-04-14
202400024033,18:00,Plein jour,85,85172,1,3,7,1.0,RD 59,46.803684,-1.982265,18:00:00,2024-07-30
202400024034,17:25,Plein jour,35,35051,2,1,1,6.0,CHALOTAIS (RUE DE LA),48.12453,-1.60055,17:25:00,2024-01-25
202400024035,09:55,Plein jour,75,75106,2,7,1,6.0,RUE DE RENNES,48.84417,2.324154,09:55:00,2024-09-04
202400024036,18:35,Plein jour,85,85031,1,1,1,4.0,RD79,46.804721,-0.932414,18:35:00,2024-07-29
202400024037,00:30,Nuit sans éclairage,13,13056,1,1,1,2.0,A55-Sens Martigues vers Marseille,43.40603496,5.03921825,00:30:00,2024-04-14
202400024038,12:20,Plein jour,35,35206,1,1,1,6.0,PORTE DE BREQUIGNY,48.07952,-1.68503,12:20:00,2024-01-25
202400024039,15:45,Plein jour,75,75106,2,1,1,6.0,QUAI MALAQUAIS,48.858018,2.334294,15:45:00,2024-09-03
202400024040,06:00,Nuit sans éclairage,35,35238,1,1,8,7.0,TESGUES (LIEU-DIT),48.13388,-1.71473,06:00:00,2024-01-25
202400024041,08:00,Plein jour,34,34172,2,1,1,6.0,VANIERES (AVENUE DE),43.59658,3.84506,08:00:00,2024-01-25
202400024042,18:15,Plein jour,75,75119,2,1,1,6.0,AVENUE JEAN JAURES,48.888917,2.393379,18:15:00,2024-09-04
202400024043,07:25,Crépuscule,27,27340,1,3,1,4.0,Route Departementale 313,49.367174,0.814286,07:25:00,2024-07-29
202400024044,17:00,Plein jour,13,13214,1,1,1,5.0,A7-Sens Marseille vers Lyon,43.33,5.377,17:00:00,2024-04-12
202400024045,09:15,Plein jour,75,75117,2,1,1,7.0,BOULEVARD GOUVION SAINT CYR,48.878492,2.28438,09:15:00,2024-09-04
202400024046,22:00,Nuit sans éclairage,28,28331,1,1,1,1.0,La Touche,48.386322,1.001102,22:00:00,2024-07-29
202400024047,18:00,,33,33039,2,2,1,2.0,Rue Alexis Labro,44.79244082,-0.56111544,18:00:00,2024-01-20
202400024048,01:55,Nuit sans éclairage,69,69199,1,1,1,2.0,Autoroute 7,45.68819,4.84628,01:55:00,2024-04-13
202400024049,21:45,,75,75116,2,1,1,3.0,RUE CLAUDE TERRASSE,48.839036,2.262651,21:45:00,2024-09-02
202400024050,23:45,Nuit avec éclairage,28,28099,1,4,1,1.0,D923,48.441423,1.210084,23:45:00,2024-07-14
202400024051,16:20,Plein jour,67,67482,1,1,1,2.0,M351,48.58731,7.71236,16:20:00,2024-04-13
202400024052,10:50,Plein jour,75,75115,2,1,1,3.0,RUE DE LA CONVENTION,48.841374,2.287296,10:50:00,2024-09-02
202400024053,20:10,Nuit sans éclairage,91,91521,1,1,1,7.0,RN 104,48.626544,2.398432,20:10:00,2024-04-14
202400024054,12:30,Plein jour,48,48045,1,1,1,6.0,N88,44.658763,3.750029,12:30:00,2024-07-29
202400024055,20:25,,30,30189,2,1,1,7.0,Avenue Georges Dayan,43.8221,4.3454,20:25:00,2024-01-22
202400024056,17:35,Plein jour,93,93027,1,1,1,6.0,A86,48.92568108,2.39637584,17:35:00,2024-04-14
202400024057,15:30,Plein jour,75,75111,2,1,1,6.0,RUE PELEE,48.85979,2.370146,15:30:00,2024-09-04
202400024058,17:00,Plein jour,95,95582,1,1,1,6.0,A15,48.96346787,2.26421667,17:00:00,2024-04-14
202400024059,07:50,Crépuscule,29,29019,2,6,2,3.0,rond-point des Grèbes,48.389109,-4.458269,07:50:00,2024-01-25
202400024060,08:45,Plein jour,13,13091,1,3,1,2.0,D7n PK 45+500,43.626159,5.292047,08:45:00,2024-07-30
202400024061,14:00,Plein jour,75,75111,2,2,1,6.0,AVENUE DE LA REPUBLIQUE,48.866095,2.370176,14:00:00,2024-09-04
202400024062,07:55,Crépuscule,29,29019,2,9,2,1.0,rue de la Villeneuve,48.408107,-4.468306,07:55:00,2024-01-25
202400024063,10:10,Plein jour,95,95241,1,1,1,5.0,N104,49.0462546,2.45395412,10:10:00,2024-04-14
202400024064,19:15,Plein jour,75,75110,2,1,1,1.0,RUE LA FAYETTE,48.882249,2.368208,19:15:00,2024-09-04
202400024065,02:15,Nuit sans éclairage,93,93027,1,1,1,6.0,A86,48.92794603,2.41113961,02:15:00,2024-04-14
202400024066,10:00,Plein jour,29,29019,2,1,1,1.0,boulevard Montaigne,48.400855,-4.484432,10:00:00,2024-01-24
202400024067,10:00,Plein jour,75,75110,2,2,1,6.0,RUE CAIL,48.882835,2.359355,10:00:00,2024-09-04
202400024068,14:15,Plein jour,93,93066,1,1,1,3.0,A86,48.92247728,2.35626225,14:15:00,2024-04-13
202400024069,11:10,Plein jour,75,75108,2,3,1,3.0,AVENUE DES CHAMPS ELYSEES,48.873076,2.297236,11:10:00,2024-09-04
202400024070,05:35,,94,94004,1,1,1,2.0,N19,48.75271809,2.51268268,05:35:00,2024-04-14
202400024071,09:10,Plein jour,75,75107,2,1,1,7.0,QUAI D ORSAY,48.86288,2.315941,09:10:00,2024-09-04
202400024072,16:25,Plein jour,19,19031,2,2,9,6.0,THIBAUD (RUE JACQUES),45.16053,1.50328,16:25:00,2024-01-20
202400024073,22:25,,19,19031,2,1,2,6.0,COMTE (RUE ERNEST),45.15579,1.4824,22:25:00,2024-01-17
202400024074,06:25,Crépuscule,75,75113,2,1,1,1.0,BOULEVARD DE L HOPITAL,48.84299069,2.36421168,06:25:00,2024-09-04
202400024075,16:15,Plein jour,77,77083,1,1,1,3.0,A4,48.83440389,2.58740902,16:15:00,2024-04-13
202400024076,13:20,Plein jour,19,19031,2,3,2,3.0,POMPIDOU (AVENUE GEORGES),45.15806421,1.55478217,13:20:00,2024-01-17
202400024077,07:58,Plein jour,45,45317,1,1,1,2.0,A10 PR 122 + 538,47.784557,1.597255,07:58:00,2024-07-30
202400024078,07:54,Plein jour,94,94017,2,9,1,3.0,Avenue du Général Galliéni,48.81987971,2.48243684,07:54:00,2024-09-04
202400024079,17:00,Plein jour,94,94028,1,1,1,2.0,A86,48.77604351,2.42843614,17:00:00,2024-04-12
202400024080,23:05,Nuit sans éclairage,38,38509,1,1,1,6.0,A43,45.56057389,5.44214502,23:05:00,2024-07-29
202400024081,13:20,Plein jour,94,94041,2,7,1,2.0,Place de la République,48.81132921,2.38401183,13:20:00,2024-09-04
202400024082,04:35,,974,97416,2,1,1,3.0,BANK (BOULEVARD),-21.33216,55.47907,04:35:00,2024-04-13
202400024083,10:32,Plein jour,13,13210,2,2,1,3.0,RABATAU (BOULEVARD),43.27,5.4,10:32:00,2024-01-25
202400024084,16:10,Plein jour,94,94028,2,1,1,2.0,Av du Mal de Lattre de Tassigny,48.80047324,2.4510164,16:10:00,2024-09-02
202400024085,18:00,Plein jour,69,69383,2,2,1,2.0,Cours Gambetta,45.75532,4.84298,18:00:00,2024-04-13
202400024086,12:30,Plein jour,13,13067,1,1,1,3.0,"Autoroute A7, pk 215, sens nord/sud",43.788817,5.045471,12:30:00,2024-07-27
202400024087,01:45,,69,69382,2,1,1,1.0,Pont Galliéni,45.74842,4.8318,01:45:00,2024-04-13
202400024088,19:34,Plein jour,45,45265,1,1,1,7.0,A6 PR 98 + 242,48.12594,2.966357,19:34:00,2024-07-29
202400024089,21:00,,94,94046,2,2,1,3.0,Rue de Colmar,48.793407,2.436593,21:00:00,2024-09-04
202400024090,10:00,Plein jour,13,13208,2,1,1,2.0,PARADIS (RUE),43.27483728,5.3846561,10:00:00,2024-01-25
202400024091,19:06,Plein jour,94,94071,2,1,8,6.0,Avenue Charles de Gaulle,48.76472231,2.53470191,19:06:00,2024-09-03
202400024092,20:20,Plein jour,33,33005,2,1,1,6.0,Unknown,44.743773,-1.112087,20:20:00,2024-07-28
202400024093,15:30,Plein jour,69,69034,2,3,1,3.0,Route de Strasbourg,45.7913,4.8627,15:30:00,2024-04-12
202400024094,19:25,Plein jour,93,93064,2,2,8,6.0,Rue du 4e Zouave / Boulevard de la Boissière,48.87122,2.47099,19:25:00,2024-09-04
202400024095,17:30,Plein jour,2B,2B033,1,1,1,6.0,GIRAUD - BD GENERAL,42.69574,9.4464,17:30:00,2024-04-13
202400024096,15:00,Plein jour,12,12013,2,3,1,3.0,CERONS LIEU-DIT,44.54293,2.24691,15:00:00,2024-01-25
202400024097,22:30,,971,97111,1,1,1,2.0,N2 - Section FERRY - LA COQUE,16.2833,-61.802301,22:30:00,2024-07-28
202400024098,13:40,Plein jour,92,92064,2,1,1,6.0,GOUNOD,48.84296,2.21338,13:40:00,2024-09-04
202400024099,18:30,Plein jour,2B,2B033,2,1,1,3.0,AV DE LA LIBERATION,42.679447,9.444402,18:30:00,2024-04-12
202400024100,08:55,Plein jour,45,45063,1,1,1,1.0,D948 PR 52 + 800,47.606177,2.387574,08:55:00,2024-07-30
202400024101,09:00,Plein jour,11,11069,2,9,1,3.0,1105 Route de Montreal,43.21257,2.31309,09:00:00,2024-01-24
202400024102,09:00,Plein jour,92,92050,2,1,1,5.0,BOULEVARD DE LA DEFENSE,48.89916755,2.2203362,09:00:00,2024-09-04
202400024103,11:15,Plein jour,06,06027,2,1,1,6.0,130 Avenue de Nice,43.659807,7.171127,11:15:00,2024-01-25
202400024104,17:00,Plein jour,77,77382,2,2,1,1.0,2 Rue de Condé,48.900376,2.85722,17:00:00,2024-07-30
202400024105,12:30,Plein jour,92,92036,2,1,1,3.0,GENEAL DE GAULLE (AVENUE) (1/41),48.93358239,2.30711496,12:30:00,2024-09-04
202400024106,14:30,Plein jour,34,34103,1,1,1,7.0,D174,43.540803,3.408315,14:30:00,2024-07-29
202400024107,12:55,Plein jour,04,04112,2,1,1,2.0,VOLX (AV.DE),43.83599,5.8022,12:55:00,2024-01-16
202400024108,12:23,Plein jour,03,03185,2,9,1,3.0,Rue de Pasquis,46.36264,2.59178,12:23:00,2024-01-25
202400024109,19:30,Crépuscule,92,92025,2,9,8,4.0,GENERAL LECLERC (PLACE DU),48.92302,2.2525,19:30:00,2024-09-03
202400024110,13:45,Plein jour,34,34240,2,2,1,6.0,Avenue de la Ciboulette,43.649231,3.97837,13:45:00,2024-07-30
202400024111,17:35,,01,01451,2,8,1,6.0,CHAMBIERE (CHEMIN DE LA) PAIR,46.21134,5.21125,17:35:00,2024-01-25
202400024112,18:45,Plein jour,92,92025,2,1,1,1.0,VALMY (BD DE),48.93099472,2.25519007,18:45:00,2024-09-02
202400024113,17:40,Crépuscule,75,75119,2,1,1,3.0,BD PERIPHERIQUE EXTERIEUR,48.880227,2.406129,17:40:00,2024-01-24
202400024114,13:55,Plein jour,83,83023,1,1,1,5.0,Dn7,43.403691,6.009028,13:55:00,2024-07-29
202400024115,12:25,Plein jour,92,92012,2,2,1,3.0,CHATEAU (RUE DU) 127/FIN - 133/FIN,48.84416338,2.24981797,12:25:00,2024-09-04
202400024116,21:30,,75,75115,2,1,1,1.0,BD PERIPHERIQUE EXTERIEUR,48.833317,2.278216,21:30:00,2024-01-24
202400024117,19:45,Plein jour,13,13086,2,1,1,1.0,32 Avenue des Allies,43.349152,5.603564,19:45:00,2024-07-20
202400024118,00:30,,21,21038,2,1,1,6.0,Rue de Moissey,47.195093,5.395647,00:30:00,2024-07-29
202400024119,08:50,Plein jour,75,75113,2,3,1,6.0,AVENUE DE CHOISY,48.829776,2.357132,08:50:00,2024-01-25
202400024120,20:20,Crépuscule,22,22190,2,1,1,6.0,Place de la Mairie,48.527125,-2.080359,20:20:00,2024-09-05
202400024121,22:35,Nuit sans éclairage,75,75118,2,1,1,6.0,RUE LOUIS PASTEUR VALERY RADOT,48.900353,2.332514,22:35:00,2024-01-24
202400024122,21:30,Nuit sans éclairage,68,68269,1,3,1,3.0,Ribeauvillé,48.189015,7.350347,21:30:00,2024-07-29
202400024123,14:18,Plein jour,68,68162,1,1,1,1.0,D415,48.143719,7.255601,14:18:00,2024-09-04
202400024124,08:35,Plein jour,75,75117,2,3,2,6.0,BOULEVARD MALESHERBES,48.881224,2.312178,08:35:00,2024-01-25
202400024125,17:30,Plein jour,55,55366,1,1,1,7.0,D994,48.803556,5.116217,17:30:00,2024-07-29
202400024126,12:55,Plein jour,41,41046,1,1,1,6.0,A71,47.63571647,1.95193403,12:55:00,2024-09-04
202400024127,09:45,Plein jour,81,81140,2,1,1,6.0,1 avenue pierre fabre,43.698519,1.814903,09:45:00,2024-07-30
202400024128,16:15,Plein jour,75,75116,2,3,1,5.0,AVENUE DE LA PORTE DE SAINT CLOUD,48.83841219,2.25409788,16:15:00,2024-01-24
202400024129,05:20,Nuit sans éclairage,12,12131,1,1,2,1.0,D888,44.381627,2.657045,05:20:00,2024-09-05
202400024130,10:30,Plein jour,75,75115,2,3,1,6.0,BOULEVARD DE VAUGIRARD,48.842206,2.320496,10:30:00,2024-01-25
202400024131,00:10,Nuit sans éclairage,61,61080,1,6,1,3.0,D250,48.56468,-0.13808,00:10:00,2024-07-29
202400024132,21:48,,75,75115,2,2,8,3.0,RUE DE VOUILLE,48.833899,2.308125,21:48:00,2024-01-24
202400024133,13:03,Plein jour,14,14066,2,1,1,6.0,832 Promenade des Français,49.335397,-0.411639,13:03:00,2024-07-30
202400024134,13:40,Plein jour,75,75114,2,3,1,7.0,RUE FROIDEVAUX,48.83599396,2.32762206,13:40:00,2024-01-24
202400024135,23:00,Nuit sans éclairage,35,35206,1,1,1,5.0,"Route Nationale 137, Point kilométrique 042+100",48.068932,-1.67696,23:00:00,2024-09-03
202400024136,17:55,Plein jour,56,56023,1,1,1,6.0,Route de Saint-Guerin,47.703896,-3.00732,17:55:00,2024-07-21
202400024137,17:45,Plein jour,22,22171,2,1,1,6.0,Rue de Mirette,48.406397,-2.817129,17:45:00,2024-07-29
202400024138,09:30,Plein jour,60,60176,2,1,3,6.0,Rue Saint-lazare,49.233321,2.890985,09:30:00,2024-09-05
202400024139,09:01,Plein jour,75,75111,2,3,1,3.0,BOULEVARD RICHARD LENOIR,48.855104,2.370381,09:01:00,2024-01-25
202400024140,14:50,Plein jour,22,22210,2,1,1,6.0,Rue Pierre Loti,48.80056,-3.009503,14:50:00,2024-07-28
202400024141,17:12,Plein jour,65,65447,2,1,1,3.0,11 Avenue de Tarbes,43.185708,0.238352,17:12:00,2024-09-04
202400024142,15:45,Plein jour,75,75110,2,3,1,3.0,BOULEVARD DE BONNE NOUVELLE,48.870356,2.351437,15:45:00,2024-01-24
202400024143,09:55,Plein jour,76,76684,1,1,1,1.0,D39,49.486179,0.463732,09:55:00,2024-07-30
202400024144,08:00,Plein jour,77,77406,1,1,1,7.0,D204,48.860571,3.215344,08:00:00,2024-09-03
202400024145,14:50,Plein jour,75,75109,2,3,1,6.0,RUE JOUBERT,48.874622,2.331391,14:50:00,2024-01-25
202400024146,18:30,Plein jour,13,13070,1,1,1,2.0,A50,43.28503464,5.51675262,18:30:00,2024-07-27
202400024147,17:03,Plein jour,19,19138,1,4,1,7.0,Avenue de Versailles,45.050123,1.669627,17:03:00,2024-09-02
202400024148,09:10,Plein jour,75,75108,2,2,1,3.0,RUE DE MONCEAU,48.879414,2.314295,09:10:00,2024-01-25
202400024149,11:30,Plein jour,69,69266,2,1,1,2.0,Boulevard Périphérique Laurent Bonnevay,45.7804236,4.89423926,11:30:00,2024-07-25
202400024150,15:30,Plein jour,56,56198,2,3,2,6.0,7 Rue du Lac,48.074334,-2.754971,15:30:00,2024-07-11
202400024151,09:12,Plein jour,33,33281,1,1,1,6.0,Unknown,44.846074,-0.670639,09:12:00,2024-07-29
202400024152,08:50,Plein jour,75,75108,2,2,8,6.0,RUE DE LISBONNE,48.877633,2.31255,08:50:00,2024-01-25
202400024153,11:20,Plein jour,94,94021,1,1,1,3.0,A6A,48.76224266,2.34059909,11:20:00,2024-07-29
202400024154,12:08,Plein jour,31,31032,2,6,2,3.0,rond point de sainte germaine,43.68397,1.320737,12:08:00,2024-09-04
202400024155,16:30,Plein jour,94,94004,2,9,1,3.0,Avenue du Général Leclerc / Avenue Charles de Gaulle,48.755017,2.505311,16:30:00,2024-01-24
202400024156,06:40,Plein jour,91,91553,1,1,1,6.0,RN 104,48.62896,2.48178,06:40:00,2024-07-29
202400024157,08:20,Plein jour,93,93005,1,1,1,3.0,AUTOROUTE A104,48.97356693,2.49167206,08:20:00,2024-07-29
202400024158,22:19,,11,11397,2,4,2,3.0,22 Rue d'Anjou,43.206216,2.442222,22:19:00,2024-09-04
202400024159,08:30,Plein jour,44,44143,2,1,1,1.0,54 Rue Aristide Briand,47.18180711,-1.54536569,08:30:00,2024-07-18
202400024160,11:45,Plein jour,71,71093,1,1,2,6.0,940 Route de Pierre,46.852025,5.275902,11:45:00,2024-09-05
202400024161,20:00,,93,93031,2,9,1,2.0,Route de Saint-Lieu ,48.9551,2.33358,20:00:00,2024-01-25
202400024162,00:20,,974,97411,1,9,1,2.0,LANCASTEL (BOULEVARD),-20.87601,55.45503,00:20:00,2024-02-14
202400024163,07:45,Plein jour,12,12204,1,1,2,6.0,D991,44.122823,3.197225,07:45:00,2024-09-05
202400024164,15:40,Plein jour,46,46034,1,1,1,6.0,D840,44.715918,1.893881,15:40:00,2024-09-05
202400024165,14:50,Plein jour,93,93030,2,2,1,3.0,Rue de la Haye / Avenue du 8 mai 1945,48.95664923,2.44518489,14:50:00,2024-01-24
202400024166,16:15,Plein jour,18,18279,2,2,1,3.0,48 Rue des Ponts,47.21914,2.06662,16:15:00,2024-03-21
202400024167,13:40,Plein jour,39,39322,1,1,1,7.0,Unknown,46.619261,5.849898,13:40:00,2024-09-03
202400024168,09:10,Plein jour,92,92063,2,1,1,6.0,EGLISE (PLACE DE L'),48.87612247,2.18065935,09:10:00,2024-01-25
202400024169,14:45,Plein jour,29,29163,2,3,1,6.0,Rue Georges Brassens,48.505282,-3.872176,14:45:00,2024-09-04
202400024170,17:50,Plein jour,92,92078,2,2,1,3.0,VERDUN (AVENUE) (IMPAIRS 75 AV J JAURES),48.93486055,2.32484221,17:50:00,2024-07-28
202400024171,17:30,,92,92050,2,1,2,2.0,JOLIOT CURIE F. ET IRENE AVENUE  N°PAIRS,48.89169,2.20835,17:30:00,2024-01-25
202400024172,15:55,Plein jour,01,01019,1,1,1,6.0,Route d?Hauteville,45.864427,5.55843,15:55:00,2024-08-22
202400024173,05:30,Crépuscule,57,57521,2,1,1,1.0,Rue de Gaubiving,49.172754,6.919745,05:30:00,2024-05-27
202400024174,16:29,Plein jour,92,92020,2,1,2,1.0,MALAKOFF RUE DE,48.80582828,2.28698015,16:29:00,2024-01-25
202400024175,04:20,Crépuscule,01,01246,1,2,1,3.0,Route de Polliat,46.240505,5.064453,04:20:00,2024-08-28
202400024176,18:05,,988,98818,2,1,1,6.0,N°134 PROMENADE ROGER LAROQUE,-22.30671,166.44782,18:05:00,2024-07-28
202400024177,18:55,Crépuscule,92,92020,2,3,1,1.0,PARIS AVENUE DE N°84 A FIN,48.80825868,2.29620315,18:55:00,2024-01-24
202400024178,15:05,Plein jour,987,98735,2,1,2,7.0,POMARE (BVD BLOC FARE UTE),-17.535864,-149.568216,15:05:00,2024-07-27
202400024179,15:45,Plein jour,92,92026,2,6,1,3.0,SAINT DENIS BD (120 A 174 / 199 A 315),48.902597,2.2749128,15:45:00,2024-01-24
202400024180,12:50,Plein jour,69,69152,2,1,1,6.0,Boulevard de l'Europe,45.6941,4.827,12:50:00,2024-07-28
202400024181,11:30,Plein jour,14,14299,1,2,1,3.0,214 Route de Saint-Benoît-d'Hébertot,49.339714,0.26392,11:30:00,2024-08-30
202400024182,20:02,Crépuscule,14,14312,2,9,2,6.0,1 Rue du Centre,49.381268,-1.055867,20:02:00,2024-09-04
202400024183,17:15,Crépuscule,92,92025,2,2,2,6.0,CHARLES DE GAULLE (BD),48.91461908,2.22902709,17:15:00,2024-01-25
202400024184,19:20,Plein jour,2A,2A004,2,1,1,2.0,8bis Avenue Beverini Vico,41.92651,8.73723,19:20:00,2024-07-28
202400024185,06:30,Crépuscule,16,16002,1,1,5,7.0,N10,46.075393,0.195238,06:30:00,2024-09-05
202400024186,13:30,Plein jour,92,92024,2,1,1,6.0,CHANCE MILLY (RUE),48.89609294,2.30490357,13:30:00,2024-01-25
202400024187,22:56,,2A,2A004,2,3,1,3.0,#117 bis Cours Jean Nicoli#,41.934,8.744,22:56:00,2024-07-28
202400024188,08:30,Crépuscule,07,07188,2,1,2,6.0,Route d'Annonay,45.194351,4.68517,08:30:00,2024-09-05
202400024189,19:10,,92,92012,2,3,1,2.0,SEINE (RUE DE),48.82686192,2.25181317,19:10:00,2024-01-24
202400024190,19:00,Plein jour,07,07009,2,1,2,1.0,route d'annonay,45.239581,4.796592,19:00:00,2024-09-04
202400024191,00:22,,95,95424,2,2,1,3.0,D392,48.98063296,2.18251378,00:22:00,2024-07-28
202400024192,16:50,Plein jour,33,33138,1,1,1,1.0,Unknown,45.018677,-0.106854,16:50:00,2024-01-25
202400024193,10:35,Plein jour,40,40001,2,1,1,3.0,16 avenue de verdun,43.702207,-0.26354,10:35:00,2024-08-31
202400024194,12:05,Plein jour,86,86066,1,1,2,7.0,D161,46.781193,0.531967,12:05:00,2024-07-27
202400024195,19:40,,33,33447,2,1,2,6.0,Rue de la République,45.015377,-0.057251,19:40:00,2024-02-23
202400024196,18:50,Crépuscule,30,30009,1,1,3,7.0,D999,43.9737,3.411384,18:50:00,2024-09-04
202400024197,10:15,Plein jour,83,83144,2,6,1,3.0,Rond point de l'Université,43.13674,6.00065,10:15:00,2024-07-28
202400024198,06:30,Crépuscule,88,88176,1,1,1,1.0,ROUTE DE SAINT-LOUP,47.96487,6.205559,06:30:00,2024-09-05
202400024199,06:30,Nuit sans éclairage,71,71481,1,1,8,2.0,autoroute A6 PK 401.300 sens LYON-Paris,46.198232,4.778084,06:30:00,2024-01-26
202400024200,19:15,Plein jour,83,83050,2,1,1,4.0,GRASSE(AVENUE DE),43.5358418,6.49461287,19:15:00,2024-07-27
202400024201,22:00,Nuit sans éclairage,76,76391,1,1,1,6.0,Rue de Rouen,49.31914521,0.8995378,22:00:00,2024-07-28
202400024202,16:05,Plein jour,76,76540,2,1,1,6.0,Impasse de la Poudriere,49.42508,1.09765,16:05:00,2024-07-28
202400024203,15:30,Plein jour,987,98738,2,1,1,1.0,PK 17.300 sur la RT1,-17.652472,-149.599612,15:30:00,2024-09-04
202400024204,09:30,Plein jour,28,28330,1,1,1,1.0,d927,48.083383,1.422429,09:30:00,2024-01-23