Num_Acc,hrmn,lum,dep,com,agg,int,atm,col,adr,lat,long,heure,date
202400024205,16:50,Plein jour,73,73065,2,1,1,6.0,BOISSE (AVENUE DE LA),45.58134,5.91151,16:50:00,2024-07-23
202400024206,11:00,Plein jour,987,98738,2,1,7,1.0,Rte du Lot. Punavai Nui - Voie Y,-17.618,-149.549,11:00:00,2024-09-03
202400024207,11:10,Plein jour,11,11164,1,1,1,3.0,D607,43.282618,2.876256,11:10:00,2024-01-20
202400024208,22:30,,71,71153,2,1,1,3.0,JAURES (RUE JEAN),46.80618,4.42144,22:30:00,2024-07-28
202400024209,21:00,Nuit sans éclairage,971,97132,1,9,2,6.0,Sapotille,15.981303,-61.626112,21:00:00,2024-01-22
202400024210,08:40,Plein jour,13,13001,1,1,5,2.0,"Autoroute A51, point kilométrique 23+700, sens GAP/AIX-EN-PROVENCE",43.563197,5.46057,08:40:00,2024-09-05
202400024211,18:00,,01,01357,2,1,2,6.0,199 Route des Carpates,46.176814,5.741327,18:00:00,2024-01-23
202400024212,18:40,Plein jour,68,68376,2,1,2,6.0,MINES (RUE DES),47.79915,7.31602,18:40:00,2024-07-27
202400024213,11:25,Plein jour,83,83031,1,1,1,3.0,route thoronet d17,43.4299,6.329767,11:25:00,2024-01-25
202400024214,19:30,,973,97309,2,2,1,3.0,Route de Montjoly,4.9078029,-52.27286625,19:30:00,2024-09-04
202400024215,18:30,Plein jour,63,63113,2,6,1,3.0,JOUHAUX (BD LEON),45.80008,3.11227,18:30:00,2024-07-28
202400024216,15:00,Plein jour,89,89297,1,1,1,7.0,D958,47.423623,3.77978,15:00:00,2024-05-24
202400024217,08:45,Plein jour,51,51111,1,1,2,6.0,D980,49.183674,3.82277,08:45:00,2024-01-25
202400024218,00:25,,62,62765,2,1,1,3.0,D209,50.7587347,2.27758095,00:25:00,2024-07-29
202400024219,17:15,Plein jour,33,33050,1,1,1,2.0,Unknown,44.532103,-0.130659,17:15:00,2024-09-04
202400024220,16:10,Plein jour,63,63343,1,2,1,3.0,D 58 PK 33 +000 / rue des Vieux chênes,45.701998,3.496195,16:10:00,2024-05-24
202400024221,05:00,Nuit sans éclairage,56,56034,1,1,2,2.0,Lieu dit Kergroix,47.635668,-3.053384,05:00:00,2024-01-26
202400024222,21:30,Nuit sans éclairage,2A,2A041,2,1,1,6.0,D60,41.410319,9.183492,21:30:00,2024-09-04
202400024223,01:30,Nuit sans éclairage,62,62427,2,1,1,7.0,Boulevard de Herne,50.40441,2.97294,01:30:00,2024-07-29
202400024224,16:25,Plein jour,61,61052,2,1,1,7.0,18 Chemin de la Fonte,48.676985,0.571138,16:25:00,2024-05-25
202400024225,11:00,Plein jour,79,79202,2,1,1,6.0,Unknown,46.654249,-0.24796,11:00:00,2024-01-25
202400024226,16:55,Plein jour,62,62548,2,1,7,7.0,RUE DU CANAL,50.95438869,1.95719755,16:55:00,2024-07-27
202400024227,12:00,Plein jour,34,34289,1,3,1,3.0,D18,43.390259,3.399743,12:00:00,2024-09-05
202400024228,20:40,Plein jour,59,59367,2,1,1,1.0,CAVROIS (RUE),50.6689,3.20521,20:40:00,2024-07-28
202400024229,07:10,Plein jour,55,55551,1,1,1,7.0,D901,48.98049046,5.74812112,07:10:00,2024-05-25
202400024230,07:40,Crépuscule,82,82049,1,1,2,5.0,Route du Port,44.127067,0.798078,07:40:00,2024-01-25
202400024231,15:00,Plein jour,67,67101,2,9,1,6.0,31 Rue de la Loi,48.523533,7.477779,15:00:00,2024-09-04
202400024232,19:55,Plein jour,47,47031,2,1,1,6.0,Avenue de Bigorre,44.18355,0.63263,19:55:00,2024-07-28
202400024233,11:00,Plein jour,42,42092,1,1,1,3.0,La Gilière,45.500181,4.359641,11:00:00,2024-05-25
202400024234,12:10,Plein jour,67,67154,1,1,1,7.0,RD 468,48.373798,7.687511,12:10:00,2024-09-04
202400024235,13:43,Plein jour,68,68082,2,1,3,6.0,D2,47.864868,7.34513,13:43:00,2024-05-24
202400024236,07:40,Crépuscule,71,71038,1,1,2,5.0,D980,46.755291,4.358182,07:40:00,2024-01-26
202400024237,09:40,Plein jour,37,37122,2,2,1,3.0,CHINON (BOULEVARD DE),47.35456,0.69524,09:40:00,2024-07-28
202400024238,17:30,Plein jour,31,31451,2,2,1,3.0,17 Boulevard de la République,43.460199,2.003208,17:30:00,2024-09-04
202400024239,12:30,Plein jour,12,12102,1,1,1,1.0,route de la capelle viaur,44.259623,2.612268,12:30:00,2024-01-25
202400024240,18:00,Plein jour,35,35238,2,1,1,2.0,VOLGA (DE LA),48.08740143,-1.65218174,18:00:00,2024-07-27
202400024241,16:20,Plein jour,68,68340,2,1,1,7.0,Rue de Seppois,47.548544,7.159572,16:20:00,2024-05-24
202400024242,08:30,Plein jour,42,42029,1,1,1,7.0,Route de Rozier En Donzy,45.817958,4.26983,08:30:00,2024-01-26
202400024243,21:40,,34,34172,2,1,1,6.0,BOUISSON-BERTRAND (AVENUE),43.617103,3.873419,21:40:00,2024-07-28
202400024244,15:37,Plein jour,17,17283,1,1,1,4.0,D137,45.553111,-0.556124,15:37:00,2024-09-04
202400024245,04:15,Nuit sans éclairage,39,39476,2,1,1,6.0,14 Rue de Dijon,47.039032,5.321181,04:15:00,2024-05-25
202400024246,08:15,Plein jour,42,42059,2,1,1,7.0,Rue de la Fraternité,45.640083,4.394328,08:15:00,2024-01-24
202400024247,07:35,Plein jour,25,25151,1,1,3,6.0,D50,47.161878,6.376317,07:35:00,2024-05-22
202400024248,19:00,Plein jour,33,33281,2,2,1,3.0,Unknown,44.84431,-0.64506,19:00:00,2024-07-28
202400024249,17:50,Crépuscule,31,31232,2,6,1,1.0,Avenue du Président Kennedy,43.767573,1.296695,17:50:00,2024-01-25
202400024250,08:00,Plein jour,56,56178,2,2,1,3.0,1 Rue des Ajoncs,48.068889,-2.974178,08:00:00,2024-09-05
202400024251,04:15,Nuit sans éclairage,29,29039,1,1,1,6.0,Chemin de la haie,47.88644,-3.88465,04:15:00,2024-07-28
202400024252,03:30,,19,19272,2,1,1,6.0,Chameyrat (Rue),45.25853512,1.74279536,03:30:00,2024-07-28
202400024253,12:00,Plein jour,35,35299,1,3,1,3.0,La Coudre,48.648973,-1.879424,12:00:00,2024-05-25
202400024254,06:55,Crépuscule,01,01040,1,3,1,2.0,Route de Pont-de-vaux,46.37087,5.036212,06:55:00,2024-01-26
202400024255,07:15,Plein jour,31,31396,1,1,1,6.0,D91,43.369111,1.59924,07:15:00,2024-05-25
202400024256,11:30,Plein jour,60,60189,1,1,1,6.0,Unknown,49.53801714,3.07356155,11:30:00,2024-01-26
202400024257,10:00,Plein jour,14,14059,2,1,1,7.0,28 Avenue du Littoral,49.34858,0.050146,10:00:00,2024-07-28
202400024258,19:30,Plein jour,13,13106,1,1,1,2.0,A51-Sens Aix en Provence vers Marseille,43.3976,5.352,19:30:00,2024-08-17
202400024259,19:47,Plein jour,38,38034,1,1,1,6.0,D519,45.330994,5.031449,19:47:00,2024-05-24
202400024260,16:50,Crépuscule,10,10019,1,1,8,3.0,route départementale 80,48.38344587,4.39132432,16:50:00,2024-01-25
202400024261,19:00,Plein jour,13,13117,1,1,1,1.0,ROGNAC ( ROUTE DE ),43.46,5.23,19:00:00,2024-07-28
202400024262,14:10,Plein jour,13,13028,1,1,1,6.0,A50,43.20959414,5.62660217,14:10:00,2024-09-04
202400024263,22:35,Nuit sans éclairage,02,02558,1,1,1,7.0,Hameau de Lalouzy,50.043302,3.769609,22:35:00,2024-05-24
202400024264,08:15,Crépuscule,40,40002,2,1,1,5.0,Rue du Moulin,43.594375,-0.748422,08:15:00,2024-01-18
202400024265,08:30,Plein jour,78,78043,1,1,1,5.0,A13W,48.845284,2.085945,08:30:00,2024-09-04
202400024266,20:10,Plein jour,13,13043,2,3,1,3.0,COTE BLEUE (AV DE LA ),43.38649277,5.22222833,20:10:00,2024-07-17
202400024267,08:15,Plein jour,02,02322,1,2,1,3.0,D13,49.874898,3.448398,08:15:00,2024-05-25
202400024268,17:25,Plein jour,27,27009,1,2,1,3.0,route de maurepas,48.843643,0.715844,17:25:00,2024-01-15
202400024269,16:40,Plein jour,72,72089,1,1,1,6.0,Rue Ernest Souty,48.118187,-0.022262,16:40:00,2024-05-24
202400024270,12:05,Plein jour,07,07019,2,1,1,3.0,DELATTRE DE TASSIGNY(AVENUE),44.60234,4.3866,12:05:00,2024-07-26
202400024271,21:34,,17,17347,2,2,2,6.0,Allee d?Aussy,45.943414,-0.514051,21:34:00,2024-01-23
202400024272,11:35,Plein jour,06,06041,1,1,1,1.0,D603,43.759611,6.98782,11:35:00,2024-05-25
202400024273,21:35,,75,75112,2,1,8,2.0,BD PERIPHERIQUE INTERIEUR,48.841357,2.413552,21:35:00,2024-07-27
202400024274,23:35,,06,06079,2,1,1,3.0,Zone des Tourrades (Zone tertiaire),43.553591,6.954861,23:35:00,2024-05-24
202400024275,15:30,Plein jour,75,75120,2,1,3,6.0,BD PERIPHERIQUE INTERIEUR,48.863502,2.413408,15:30:00,2024-07-27
202400024276,15:35,Plein jour,17,17020,1,3,1,3.0,D152,45.509167,-0.301942,15:35:00,2024-01-25
202400024277,19:30,Plein jour,75,75116,2,1,1,6.0,RUE DE REMUSAT,48.84769,2.2724,19:30:00,2024-07-28
202400024278,17:45,Plein jour,50,50029,1,1,1,2.0,D36,48.620063,-0.80594,17:45:00,2024-05-24
202400024279,16:15,Plein jour,60,60291,1,1,1,1.0,D91,49.667996,3.059805,16:15:00,2024-05-24
202400024280,11:40,Plein jour,08,08096,1,1,3,1.0,RD764,49.707629,4.768871,11:40:00,2024-01-02
202400024281,11:45,Plein jour,75,75116,2,1,1,4.0,ROUTE DES TRIBUNES,48.859996,2.229556,11:45:00,2024-07-28
202400024282,09:30,Plein jour,64,64469,2,1,1,6.0,16 Rue de Pau,43.204355,-0.293552,09:30:00,2024-05-25
202400024283,22:30,Nuit sans éclairage,08,08336,1,1,1,6.0,D8043,49.65050514,5.1447646,22:30:00,2024-01-24
202400024284,06:15,Plein jour,75,75115,2,2,1,3.0,AVENUE DE LA PORTE BRANCION,48.825851,2.300322,06:15:00,2024-07-28
202400024285,16:40,Plein jour,36,36018,2,1,1,3.0,Rue Albert Chichery,46.639798,1.062155,16:40:00,2024-05-24
202400024286,11:08,Plein jour,88,88468,2,1,2,1.0,26 Rue Charles de Gaulle,47.879286,6.765202,11:08:00,2024-01-26
202400024287,03:52,,75,75113,2,4,1,2.0,AVENUE DE LA PORTE D ITALIE,48.817652,2.360019,03:52:00,2024-07-28
202400024288,16:40,Plein jour,53,53012,1,1,1,1.0,12 La Brancherie,47.879996,-0.939604,16:40:00,2024-05-21
202400024289,07:45,Crépuscule,67,67388,2,2,1,6.0,Rue de Gumbrechtshoffen,48.930126,7.658774,07:45:00,2024-01-16
202400024290,13:00,Plein jour,75,75109,2,2,1,6.0,RUE SAINT LAZARE,48.875638,2.326655,13:00:00,2024-07-28
202400024291,21:36,Nuit sans éclairage,40,40005,1,4,1,6.0,Le Moulin,43.610954,-0.428402,21:36:00,2024-05-24
202400024292,14:30,Plein jour,49,49123,1,1,8,3.0,D960,47.224709,-0.143595,14:30:00,2024-01-25
202400024293,18:55,Plein jour,27,27656,1,1,1,7.0,27 Route de la Vallée de la Masse,49.360588,0.474437,18:55:00,2024-05-24
202400024294,15:00,Plein jour,75,75107,2,3,2,6.0,AVENUE DE LA BOURDONNAIS,48.856108,2.302425,15:00:00,2024-07-27
202400024295,19:45,Plein jour,28,28362,1,1,1,7.0,D923,48.389076,0.974007,19:45:00,2024-05-24
202400024296,20:00,Plein jour,94,94076,2,1,1,2.0,55-57 Avenue de Stalingrad,48.784255,2.367222,20:00:00,2024-07-28
202400024297,19:15,Plein jour,37,37050,2,1,1,6.0,18 Rue Charles Coulomb,47.335778,0.700927,19:15:00,2024-05-24
202400024298,04:20,,94,94041,2,1,1,6.0,Rue François Mitterrand,48.82409,2.3876,04:20:00,2024-07-28
202400024299,21:52,,30,30259,2,3,1,3.0,Route d?Uzes,44.106237,4.123096,21:52:00,2024-05-24
202400024300,20:00,Plein jour,93,93070,2,3,1,2.0,Boulevard Victor Hugo / Rue Louis Blanc,48.90939745,2.32970148,20:00:00,2024-07-28
202400024301,17:45,Plein jour,52,52060,1,1,2,7.0,RD460 PK36,47.9252,5.760398,17:45:00,2024-05-24
202400024302,20:45,Plein jour,93,93045,2,2,2,3.0,Avenue Faidherbe / Rue du Progrès,48.88003853,2.41194606,20:45:00,2024-07-27
202400024303,19:15,Plein jour,31,31044,2,6,1,3.0,Chemin de Nollet,43.590618,1.511092,19:15:00,2024-05-25
202400024304,15:55,Plein jour,93,93010,2,5,1,1.0,Avenue Henri Varagnat / Avenue Léon Jouhaux,48.91741507,2.48491199,15:55:00,2024-07-28
202400024305,20:00,Plein jour,06,06155,1,1,1,3.0,A8 PR 170 + 961,43.604332,7.064992,20:00:00,2024-05-25
202400024306,15:20,Plein jour,93,93007,2,3,1,2.0,"""PIERRE SEMARD (RUE """"COTE PAIRS"""")""",48.934432,2.476605,15:20:00,2024-07-19
202400024307,09:25,Plein jour,06,06027,1,1,1,7.0,autoroute A8 PK 183.650 Nord,43.663712,7.176862,09:25:00,2024-05-25
202400024308,09:00,Plein jour,988,98815,1,1,1,7.0,Tribu de Hnawayatche,-21.444805,167.857887,09:00:00,2024-05-12
202400024309,17:15,Plein jour,92,92020,2,6,2,6.0,BROSSOLETTE RUE PIERRE N°3 A 13,48.80083862,2.28386208,17:15:00,2024-07-27
202400024310,18:30,Plein jour,84,84028,1,1,1,7.0,Route de St Roman de Malegarde,44.236352,4.940736,18:30:00,2024-05-24
202400024311,22:22,Nuit sans éclairage,92,92036,2,3,8,3.0,COUTURE D'AUXERRE (RUE DE LA) (1/25),48.92706738,2.28849792,22:22:00,2024-07-27
202400024312,08:30,Plein jour,13,13027,2,1,1,3.0,D571,43.878744,4.849439,08:30:00,2024-05-24
202400024313,21:15,Nuit sans éclairage,11,11367,1,1,1,6.0,D629,43.3927,2.120619,21:15:00,2024-07-28
202400024314,16:19,Plein jour,57,57155,2,9,1,1.0,Rue Saint Jean,49.110326,6.391844,16:19:00,2024-05-25
202400024315,18:00,Plein jour,86,86140,1,4,1,6.0,D749,46.40746,0.712379,18:00:00,2024-07-28
202400024316,17:45,Plein jour,73,73249,2,1,1,6.0,Che du Prieuré,45.531853,5.994855,17:45:00,2024-05-25
202400024317,14:45,Plein jour,31,31253,2,1,1,2.0,Route de Saint-clar,43.467349,1.245913,14:45:00,2024-07-22
202400024318,16:00,Plein jour,81,81271,2,2,1,1.0,Avenue pasteur,43.772457,1.684819,16:00:00,2024-05-24
202400024319,03:00,Nuit sans éclairage,81,81078,1,1,1,6.0,D14,43.665733,1.94944,03:00:00,2024-07-28
202400024320,18:30,Plein jour,69,69089,2,1,1,1.0,Chemin des Ifs,45.750435,4.767972,18:30:00,2024-05-24
202400024321,20:20,Crépuscule,71,71550,1,1,1,6.0,Autoroute A6 PK 365+900 SENS LYON PARIS,46.49586605,4.89912122,20:20:00,2024-07-28
202400024322,13:55,Plein jour,19,19082,2,1,1,6.0,Route de la Couze,45.250806,1.660211,13:55:00,2024-05-24
202400024323,04:20,Nuit sans éclairage,83,83048,2,1,1,6.0,1559 avenue saint raphael,43.20428247,6.56304187,04:20:00,2024-07-29
202400024324,18:30,Plein jour,33,33473,1,1,1,6.0,Unknown,45.138416,-0.47856,18:30:00,2024-05-13
202400024325,02:26,Nuit sans éclairage,01,01401,1,1,1,2.0,D89,46.263695,6.000209,02:26:00,2024-07-27
202400024326,20:35,,974,97413,2,1,1,7.0,52 Chemin Pierre Deguigne,-21.217794,55.303823,20:35:00,2024-07-28
202400024327,14:50,Plein jour,60,60346,2,1,1,6.0,13 Rue Michel Blere,49.152368,2.442681,14:50:00,2024-05-24
202400024328,13:50,Plein jour,30,30282,2,1,1,2.0,D237,44.140322,4.490255,13:50:00,2024-07-29
202400024329,17:55,Plein jour,62,62014,2,2,1,3.0,D186E1,50.63591639,2.39140821,17:55:00,2024-05-24
202400024330,07:20,Plein jour,83,83130,2,9,1,1.0,Avenue des Sénès,43.199381,6.032251,07:20:00,2024-07-28
202400024331,17:45,Plein jour,83,83073,2,6,1,3.0,DN7 - Rond point de l'Europe,43.39288219,6.31619489,17:45:00,2024-07-28
202400024332,18:00,Plein jour,13,13212,1,1,1,3.0,A507 sens Marseille - Aubagne,43.29798995,5.42492892,18:00:00,2024-05-24
202400024333,19:10,Crépuscule,57,57603,2,3,7,2.0,Rue Jean Moulin,49.479808,5.95474,19:10:00,2024-07-28
202400024334,18:40,Plein jour,59,59501,1,1,1,3.0,AUTOROUTE A 21,50.37647,3.23793,18:40:00,2024-05-20
202400024335,09:20,Plein jour,56,56031,1,2,1,3.0,Kernoul,47.848638,-2.97767,09:20:00,2024-07-29
202400024336,18:11,Plein jour,59,59203,1,1,1,2.0,AUTOROUTE A 21,50.34516833,3.3010819,18:11:00,2024-05-21
202400024337,16:00,Plein jour,56,56251,1,1,1,2.0,Lieu Dit Noyance,47.638234,-2.673256,16:00:00,2024-07-27
202400024338,19:15,Plein jour,67,67072,1,1,1,7.0,Route de Montbronn,48.968301,7.245398,19:15:00,2024-07-28
202400024339,17:25,Plein jour,92,92050,1,1,1,4.0,A86,48.90223198,2.20380485,17:25:00,2024-05-24
202400024340,09:30,Plein jour,79,79351,1,2,1,6.0,Unknown,46.439328,-0.561042,09:30:00,2024-07-29
202400024341,12:07,Plein jour,2B,2B150,1,1,1,7.0,T30,42.603547,8.841333,12:07:00,2024-07-28
202400024342,19:10,Plein jour,93,93010,1,1,1,5.0,A86,48.891365,2.473432,19:10:00,2024-05-24
202400024343,12:00,Plein jour,69,69130,1,4,1,1.0,Route du Val d'Azergues,46.035616,4.432989,12:00:00,2024-07-27
202400024344,09:00,Plein jour,93,93053,1,1,1,2.0,A3,48.89707199,2.46965129,09:00:00,2024-05-24
202400024345,20:10,Plein jour,32,32107,1,1,1,6.0,Route d?Agen,43.978985,0.412229,20:10:00,2024-07-28
202400024346,18:45,Plein jour,41,41095,1,1,1,7.0,Chemin rural n°13,47.882665,1.224654,18:45:00,2024-07-28
202400024347,23:15,Nuit avec éclairage,94,94018,1,1,1,6.0,A4,48.8177716,2.41217065,23:15:00,2024-05-23
202400024348,10:02,Plein jour,34,34239,2,2,1,3.0,Avenue de Montpellier,43.650188,3.506417,10:02:00,2024-07-27
202400024349,16:28,Plein jour,84,84031,2,6,1,3.0,MONTEUX CHEMIN DE,44.04498,5.02823,16:28:00,2024-01-13
202400024350,20:30,Plein jour,34,34284,1,1,1,7.0,D907,43.501406,2.74905,20:30:00,2024-07-28
202400024351,15:16,Plein jour,29,29232,2,1,1,6.0,Boulevard de Creac'h Gwen,47.97953,-4.10308,15:16:00,2024-03-13
202400024352,14:00,Plein jour,39,39470,1,1,1,7.0,Unknown,46.483342,6.049366,14:00:00,2024-07-18
202400024353,14:10,Plein jour,57,57474,2,6,2,3.0,311 Rue de Metz,49.256252,6.169993,14:10:00,2024-02-10
202400024354,09:05,Plein jour,25,25372,1,9,1,2.0,D663,47.452121,6.602998,09:05:00,2024-07-29
202400024355,15:45,Plein jour,976,97611,2,1,1,2.0,tsoundzou-Mangadzia  Tsoundzou 2 (rue ),-12.81339,45.20178,15:45:00,2024-05-23
202400024356,06:35,Nuit sans éclairage,25,25328,1,1,1,6.0,N83,47.187729,5.966091,06:35:00,2024-07-28
202400024357,16:50,Crépuscule,974,97411,2,1,1,2.0,LANCASTEL (BOULEVARD),-20.87946,55.45945,16:50:00,2024-05-23
202400024358,16:40,Plein jour,25,25036,1,1,1,3.0,Rue de Beure,47.198964,5.97233,16:40:00,2024-07-22
202400024359,16:15,Plein jour,974,97409,2,1,1,2.0,LAGOURGUE(CHEMIN),-20.95058,55.65921,16:15:00,2024-05-23
202400024360,19:10,Plein jour,38,38504,1,1,1,7.0,D30,45.303969,5.989673,19:10:00,2024-07-28
202400024361,11:40,Plein jour,974,97409,2,1,1,3.0,PENTE SASSY (chemin de la),-20.96358,55.65617,11:40:00,2024-05-22
202400024362,05:00,Crépuscule,15,15141,1,1,1,6.0,RD 679,45.163491,2.977746,05:00:00,2024-07-27
202400024363,11:00,Plein jour,974,97407,2,9,1,3.0,LAUDE E(RUE),-20.93858,55.30029,11:00:00,2024-05-23
202400024364,16:20,Plein jour,973,97302,2,1,1,6.0,MONTABO (ROUTE DE) 2,4.942938,-52.30639672,16:20:00,2024-05-23
202400024365,18:30,Plein jour,01,01123,1,3,1,3.0,Chemin du Brouillard,46.245675,4.815391,18:30:00,2024-07-29
202400024366,19:30,,972,97213,1,6,1,6.0,LEON GONTRAN DAMAS (RUE),14.61572,-60.99048,19:30:00,2024-05-23
202400024367,13:30,Plein jour,01,01319,1,2,1,3.0,125 Route de Sandrans,46.060837,4.946852,13:30:00,2024-07-19
202400024368,06:25,Plein jour,972,97213,2,1,2,6.0,ROUTE DEPARTEMENTALE 15,14.64679,-61.01048,06:25:00,2024-05-23
202400024369,07:20,Plein jour,58,58302,2,1,1,6.0,Rue de l'Étang,47.206011,3.072031,07:20:00,2024-07-27
202400024370,17:22,Plein jour,972,97209,1,1,1,7.0,RD 41 (ROCADE),14.61,-61.0851,17:22:00,2024-05-22
202400024371,22:15,Nuit sans éclairage,54,54504,1,1,1,6.0,D16,49.40169177,5.8794719,22:15:00,2024-07-25
202400024372,17:23,Crépuscule,972,97209,1,1,1,3.0,BEAUSEJOUR JAMBETTE (ROUTE DE ),14.63085975,-61.04111731,17:23:00,2024-05-21
202400024373,09:20,Plein jour,06,06148,1,1,1,1.0,9325 Route de la Colle,43.689543,7.071124,09:20:00,2024-07-27
202400024374,14:30,Plein jour,05,05127,1,1,1,7.0,D3,44.48731,6.270656,14:30:00,2024-07-28
202400024375,19:45,Plein jour,69,69389,2,2,1,3.0,Rue de la Grange,45.77006,4.80456,19:45:00,2024-05-23
202400024376,03:40,Nuit sans éclairage,50,50603,1,9,1,6.0,D44 / D72,49.042264,-1.555027,03:40:00,2024-07-29
202400024377,07:45,Plein jour,971,97101,1,1,2,2.0,CHAUVEL,16.23394,-61.52351,07:45:00,2024-05-23
202400024378,16:23,Plein jour,2A,2A004,2,1,1,2.0,#4983 Route des Sanguinaires#,41.91087398,8.64574671,16:23:00,2024-05-23
202400024379,21:10,Crépuscule,64,64133,1,6,1,3.0,D938,43.225771,-0.250068,21:10:00,2024-07-28
202400024380,14:40,Plein jour,2A,2A004,2,3,1,6.0,7 Avenue du President Kennedy,41.93057,8.73756,14:40:00,2024-05-23
202400024381,07:45,Plein jour,18,18076,2,1,1,3.0,14 Place General Guy Delfosse,46.693104,2.596464,07:45:00,2024-07-29
202400024382,19:00,Plein jour,10,10358,2,9,1,3.0,Unknown,48.1721,4.2144,19:00:00,2024-07-28
202400024383,16:40,Plein jour,95,95598,2,4,1,3.0,PONTOISE (RUE DE),48.99218207,2.31218085,16:40:00,2024-05-23
202400024384,22:00,Nuit sans éclairage,07,07010,1,3,1,3.0,Avenue Ferdinand Janvier,45.26299,4.667213,22:00:00,2024-07-28
202400024385,08:50,Plein jour,91,91161,1,6,1,6.0,RTE DE MASSY,48.71252,2.31006,08:50:00,2024-05-23
202400024386,06:45,Plein jour,21,21412,1,1,1,6.0,rd 974,46.956795,4.76723,06:45:00,2024-07-29
202400024387,15:30,Plein jour,91,91201,2,3,1,3.0,RUE ETIENNE RABOT,48.6764,2.4235,15:30:00,2024-05-23
202400024388,18:10,Plein jour,28,28154,2,1,1,2.0,Rue de la Gare,48.468205,1.314824,18:10:00,2024-07-28
202400024389,15:25,Plein jour,08,08202,1,3,1,2.0,47 grand'rue,49.947202,4.531646,15:25:00,2024-07-28
202400024390,10:30,Plein jour,91,91027,2,2,1,3.0,AV FRANCOIS MITTERRAND,48.71614,2.37105,10:30:00,2024-05-22
202400024391,16:00,Plein jour,88,88037,1,1,9,7.0,Route du Col des Hayes,47.98361241,6.79883793,16:00:00,2024-07-29
202400024392,16:35,Plein jour,91,91223,2,1,1,2.0,HENRI IV (BOULEVARD),48.43557,2.15737,16:35:00,2024-05-23
202400024393,12:45,Plein jour,88,88200,2,1,1,1.0,Rue de la mairie,48.230523,6.337998,12:45:00,2024-07-29
202400024394,10:10,Plein jour,63,63311,1,1,1,2.0,A71,46.03980764,3.11309444,10:10:00,2024-07-29
202400024395,06:58,Plein jour,89,89024,2,2,1,5.0,JEAN JAURES (AVENUE),47.80105,3.58132,06:58:00,2024-05-15
202400024396,12:30,Plein jour,35,35210,1,3,1,1.0,Les quatre vents,48.165831,-1.73838,12:30:00,2024-07-29
202400024397,19:25,Plein jour,88,88087,2,1,1,3.0,FRANCAIS (RUE DES),48.17228,6.43683,19:25:00,2024-05-24
202400024398,08:15,Plein jour,85,85194,2,2,1,3.0,RD949,46.51323,-1.77648,08:15:00,2024-05-22
202400024399,13:00,Plein jour,31,31254,1,1,1,1.0,D916,43.534892,1.512959,13:00:00,2024-07-25
202400024400,16:40,Plein jour,85,85191,2,6,1,2.0,Rue du moulin rouge,46.665024,-1.4150556,16:40:00,2024-05-23
202400024401,21:17,Crépuscule,45,45278,2,3,1,6.0,D41 PR 20 + 310,47.818907,2.835776,21:17:00,2024-07-28
202400024402,11:35,Plein jour,66,66103,1,1,1,5.0,Unknown,42.643335,2.488902,11:35:00,2024-07-23
202400024403,18:05,Plein jour,84,84007,2,1,1,5.0,pont de l'europe,43.94504,4.79372,18:05:00,2024-05-22
202400024404,08:00,Plein jour,78,78551,1,1,8,6.0,RD 308,48.93803,2.0683,08:00:00,2024-05-23
202400024405,13:30,Plein jour,77,77305,2,3,1,3.0,PARIS (RUE DE),48.39000896,2.9565571,13:30:00,2024-05-23
202400024406,17:30,Plein jour,66,66008,2,3,1,3.0,Unknown,42.58355366,3.03164184,17:30:00,2024-07-29
202400024407,15:45,Plein jour,77,77131,2,1,2,6.0,MARNE (BOULEVARD DE LA),48.80510782,3.09217687,15:45:00,2024-05-22
202400024408,12:30,Plein jour,13,13100,1,3,1,2.0,D99,43.784635,4.878284,12:30:00,2024-07-29
202400024409,08:25,Plein jour,76,76351,2,3,1,3.0,GEORGE V (QUAI),49.4908,0.11671,08:25:00,2024-05-23
202400024410,11:58,Plein jour,38,38449,1,1,1,1.0,D518,45.61878,5.080082,11:58:00,2024-07-29
202400024411,19:30,Plein jour,38,38382,2,1,1,3.0,17 Route de Grenoble,45.226655,5.68589,19:30:00,2024-07-26
202400024412,19:55,Plein jour,76,76351,2,1,1,3.0,JULES GUESDE (RUE),49.510634,0.119316,19:55:00,2024-05-22
202400024413,12:25,Plein jour,71,71270,2,1,1,6.0,Rue de l'Europe,46.30011,4.82493,12:25:00,2024-05-22
202400024414,08:00,Plein jour,01,01049,2,3,1,3.0,752 Route Nationale,45.845664,5.038288,08:00:00,2024-07-28
202400024415,15:24,Plein jour,69,69208,1,1,7,7.0,680 Chemin de Conzy,45.87216,4.6231,15:24:00,2024-07-28
202400024416,19:15,Plein jour,69,69266,2,1,1,6.0,22 Rue Docteur Ollier,45.767,4.88311,19:15:00,2024-05-23
202400024417,06:15,Crépuscule,17,17102,1,1,1,7.0,Avenue de l'Estuaire,45.708217,-0.69128,06:15:00,2024-07-28
202400024418,16:20,Plein jour,27,27240,2,1,1,6.0,Route de Conches,48.978868,0.788734,16:20:00,2024-07-29