Num_Acc,hrmn,lum,dep,com,agg,int,atm,col,adr,lat,long,heure,date
202400024419,01:10,,69,69290,2,6,1,6.0,Rue du Lyonnais,45.70120398,4.89969641,01:10:00,2024-05-23
202400024420,15:15,Plein jour,02,02381,1,1,1,2.0,D3050,49.935188,4.10688,15:15:00,2024-07-29
202400024421,20:10,Crépuscule,69,69259,2,3,2,3.0,Avenue Maurice Thorez,45.70044,4.86774,20:10:00,2024-05-22
202400024422,19:45,Plein jour,13,13106,1,1,1,2.0,A7-Sens Lyon vers Marseille,43.39959526,5.34924076,19:45:00,2024-07-27
202400024423,14:47,Plein jour,69,69271,2,1,1,2.0,Route de Lyon,45.7387,4.96473,14:47:00,2024-05-22
202400024424,15:45,Plein jour,67,67482,2,1,1,6.0,MARCHE GARE (RUE DU),48.59772,7.73544,15:45:00,2024-05-21
202400024425,06:50,Plein jour,83,83047,1,1,1,1.0,A570,43.13422723,6.04850543,06:50:00,2024-07-28
202400024426,05:00,Nuit sans éclairage,78,78029,1,1,1,2.0,A13Y,48.963662,1.841681,05:00:00,2024-07-28
202400024427,08:55,Plein jour,65,65440,2,2,1,3.0,COMMANDO HISPANO (RUE DU),43.22299,0.08876,08:55:00,2024-05-23
202400024428,17:25,Plein jour,92,92063,1,1,2,3.0,A86,48.87132588,2.15734398,17:25:00,2024-07-27
202400024429,17:17,Plein jour,64,64249,1,1,1,4.0,GETARIA(AVENUE),43.41627594,-1.61071479,17:17:00,2024-05-23
202400024430,16:35,Plein jour,93,93078,1,1,1,5.0,AUTOROUTE A104,48.96779609,2.50939444,16:35:00,2024-07-28
202400024431,15:10,Plein jour,64,64445,2,1,1,6.0,HONORE BARADAT,43.30435,-0.36593,15:10:00,2024-05-23
202400024432,05:30,Crépuscule,95,95218,1,9,1,6.0,A15,49.03516562,2.09832362,05:30:00,2024-07-28
202400024433,04:30,Nuit sans éclairage,93,93010,1,1,1,3.0,AUTOROUTE A3,48.91441816,2.47750685,04:30:00,2024-07-28
202400024434,13:35,Plein jour,63,63113,2,2,2,3.0,rue Victor Basch / rue de la Crouzille,45.76715,3.11577,13:35:00,2024-05-23
202400024435,01:15,Nuit sans éclairage,95,95351,1,1,1,6.0,N104,49.0279974,2.50542558,01:15:00,2024-07-28
202400024436,20:50,Plein jour,95,95277,1,1,1,6.0,A1,48.97199933,2.48500102,20:50:00,2024-07-27
202400024437,15:20,Plein jour,62,62250,1,1,1,4.0,D46,50.46262072,2.96325169,15:20:00,2024-05-23
202400024438,13:05,Plein jour,62,62498,2,5,2,6.0,D58E1,50.43251105,2.82265538,13:05:00,2024-05-22
202400024439,20:30,Crépuscule,93,93066,1,1,1,5.0,AUTOROUTE A1,48.91033834,2.35826011,20:30:00,2024-07-27
202400024440,09:00,Plein jour,95,95572,1,1,2,6.0,N184,49.03385084,2.11134575,09:00:00,2024-07-27
202400024441,13:25,Plein jour,62,62193,2,1,1,6.0,Rue Dieudonné Boufflers,50.94866,1.83008,13:25:00,2024-05-23
202400024442,07:55,Plein jour,987,98735,2,4,1,3.0,TIPAERUI (CV),-17.54973,-149.57762,07:55:00,2024-07-27
202400024443,07:25,Crépuscule,62,62160,2,2,1,6.0,Rue Louis Faidherbe,50.72419843,1.60332102,07:25:00,2024-05-22
202400024444,07:50,Plein jour,976,97611,2,1,1,3.0,mamoudzou centre-Adrian SOULI (avenue),45.2295,-12.78421,07:50:00,2024-07-27
202400024445,11:40,Plein jour,59,59599,2,1,1,3.0,BLANC SEAU (RUE DU)1ERE PARTIE,50.70779,3.15725,11:40:00,2024-05-23
202400024446,10:45,Plein jour,974,97411,2,3,1,7.0,CANAL (CHEMIN DU GRAND),-20.90386,55.49834,10:45:00,2024-07-27
202400024447,17:20,Plein jour,59,59328,2,1,1,2.0,HIPPODROME AV DE L N°237 AU389,50.6469,3.02658,17:20:00,2024-05-23
202400024448,05:15,,69,69388,2,1,1,6.0,Boulevard des Etats-Unis,45.73363103,4.86412435,05:15:00,2024-07-27
202400024449,05:00,,972,97213,1,1,2,1.0,VIEUX CHEMIN CALIFORNIE (RUE DU),14.621353,-61.027601,05:00:00,2024-07-27
202400024450,10:15,Plein jour,54,54375,2,9,1,1.0,Avenue du Général Eisenhower,48.90225,6.03675,10:15:00,2024-05-23
202400024451,19:20,Nuit sans éclairage,972,97213,1,1,1,3.0,MORNE PITAULT (ROUTE DE),14.62009,-60.96358,19:20:00,2024-07-26
202400024452,18:15,Plein jour,54,54395,2,2,1,3.0,Avenue de Strasbourg,48.67877257,6.19728953,18:15:00,2024-05-22
202400024453,00:20,,69,69034,2,1,1,6.0,Rue de l'Avenir Croix-Roussien,45.7913,4.84074,00:20:00,2024-07-28
202400024454,15:10,Plein jour,54,54149,1,4,1,3.0,D27,49.44726,5.91851,15:10:00,2024-05-23
202400024455,01:31,,971,97120,2,3,1,3.0,CHANZY (BOULEVARD),16.24132,-61.53706,01:31:00,2024-07-15
202400024456,19:05,Plein jour,49,49246,1,1,1,3.0,A87,47.44008,-0.5114,19:05:00,2024-05-22
202400024457,15:15,Plein jour,49,49015,2,2,8,3.0,DUNANT RUE HENRI ET ROND POINT,47.50109,-0.58872,15:15:00,2024-05-22
202400024458,19:50,Plein jour,42,42218,2,2,1,4.0,Boulevard Jules Janin,45.4489,4.39137,19:50:00,2024-05-22
202400024459,16:45,Plein jour,41,41018,2,1,1,6.0,GARROS (RUE ROLAND),47.59303,1.31175,16:45:00,2024-05-23
202400024460,08:00,Plein jour,37,37261,2,1,8,3.0,MONTJOYEUX (AVENUE),47.36119,0.70323,08:00:00,2024-05-23
202400024461,16:20,Plein jour,37,37233,2,6,2,3.0,RABATERIE ( RUE DE LA ),47.39203,0.72552,16:20:00,2024-05-21
202400024462,17:40,Plein jour,35,35281,1,1,1,2.0,RN136,48.08685755,-1.70050554,17:40:00,2024-05-22
202400024463,12:00,Plein jour,34,34301,2,1,1,3.0,AVENUE GILBERT MARTELLI,43.41106,3.70942,12:00:00,2024-05-23
202400024464,02:00,,33,33063,2,2,1,3.0,Unknown,44.83244,-0.56967,02:00:00,2024-05-22
202400024465,17:35,Plein jour,31,31557,2,1,1,3.0,AV JEAN JAURES,43.58852,1.35882,17:35:00,2024-05-23
202400024466,14:52,Plein jour,31,31149,2,1,1,3.0,ROND POINT JUPITER,43.6051773,1.30734354,14:52:00,2024-05-23
202400024467,12:25,Plein jour,30,30007,2,2,1,3.0,ROUSSEAU (RUE JEAN-JACQUES),44.12565,4.08894,12:25:00,2024-05-23
202400024468,15:30,Plein jour,29,29019,2,3,1,3.0,rue de Quimper,48.402168,-4.462544,15:30:00,2024-05-23
202400024469,20:40,Plein jour,27,27375,2,1,1,3.0,ONZE NOVEMBRE 1918 (RUE DU),49.22027,1.16634,20:40:00,2024-05-23
202400024470,08:20,Plein jour,25,25204,1,1,2,1.0,R-N 57  lieu dit Pont rouge,46.94071,6.3432,08:20:00,2024-05-23
202400024471,13:55,Plein jour,19,19031,2,3,1,3.0,PASTEUR (AVENUE),45.16643,1.53166,13:55:00,2024-05-23
202400024472,08:58,Plein jour,19,19031,2,2,1,3.0,DUMYRAT (RUE),45.15602,1.52952,08:58:00,2024-05-23
202400024473,09:05,Plein jour,17,17415,2,1,8,2.0,SAINTONGE A10 A ROCADE OUEST AVENUE DE,45.743,-0.66881,09:05:00,2024-05-22
202400024474,14:25,Plein jour,30,30032,1,1,1,1.0,saint gilles route de D38,43.79548,4.60134,14:25:00,2024-05-22
202400024475,10:10,Plein jour,13,13056,2,1,1,7.0,CACHIN BOULEVARD MARCEL,43.39948,5.056,10:10:00,2024-05-23
202400024476,16:10,Plein jour,13,13203,2,1,1,3.0,ARNAL (RUE),43.31573961,5.38382188,16:10:00,2024-05-23
202400024477,14:40,Plein jour,13,13211,2,1,1,3.0,CARTONNERIE (BOULEVARD DE LA ),43.29141,5.46129,14:40:00,2024-05-23
202400024478,11:30,Plein jour,13,13208,2,1,1,3.0,MENDES FRANCE (AVENUE),43.26129,5.37478,11:30:00,2024-05-23
202400024479,01:50,Nuit sans éclairage,11,11069,1,1,1,6.0,Unknown,43.22156,2.28621,01:50:00,2024-05-24
202400024480,13:09,Plein jour,06,06088,2,2,1,4.0,159 Route de Turin,43.722539,7.2898,13:09:00,2024-05-23
202400024481,15:10,Plein jour,06,06030,2,3,1,1.0,107 Boulevard Sadi Carnot,43.568347,7.016484,15:10:00,2024-05-22
202400024482,23:30,,03,03310,2,2,1,3.0,Boulevard de la Mutualite,46.13157,3.42854,23:30:00,2024-05-18
202400024483,16:25,Plein jour,03,03321,2,3,3,6.0,Route de Lyon,46.54499,3.34194,16:25:00,2024-05-23
202400024484,19:48,Plein jour,01,01289,2,3,1,3.0,BELLEVUE ( CHEMIN DE) PAIR,46.18216,5.21405,19:48:00,2024-05-23
202400024485,17:58,Plein jour,01,01053,2,1,1,3.0,SEMARD (AVENUE PIERRE),46.1996,5.2156,17:58:00,2024-05-22
202400024486,09:10,Plein jour,75,75116,2,1,1,2.0,BD PERIPHERIQUE INTERIEUR,48.869784,2.271684,09:10:00,2024-05-23
202400024487,11:30,Plein jour,75,75112,2,1,1,3.0,BD PERIPHERIQUE INTERIEUR,48.844051,2.413842,11:30:00,2024-05-23
202400024488,08:55,Plein jour,75,75117,2,1,1,2.0,BD PERIPHERIQUE EXTERIEUR,48.88901,2.294616,08:55:00,2024-05-23
202400024489,10:00,Plein jour,75,75113,2,1,1,2.0,BD PERIPHERIQUE EXTERIEUR,48.817614,2.367469,10:00:00,2024-05-23
202400024490,17:20,Plein jour,75,75114,2,3,1,6.0,RUE CHARLES DIVRY,48.833379,2.326415,17:20:00,2024-05-23
202400024491,08:15,Plein jour,75,75111,2,2,1,2.0,AVENUE PARMENTIER,48.868097,2.372477,08:15:00,2024-05-22
202400024492,18:15,Plein jour,75,75119,2,3,1,6.0,QUAI DE LA LOIRE,48.886203,2.376526,18:15:00,2024-05-23
202400024493,16:40,Plein jour,75,75118,2,2,1,6.0,AVENUE DE LA PORTE DE MONTMARTRE,48.899152,2.336436,16:40:00,2024-05-23
202400024494,16:20,Plein jour,75,75117,2,4,1,6.0,AVENUE DE LA PORTE DE CLICHY,48.896161,2.310278,16:20:00,2024-05-22
202400024495,17:50,Plein jour,75,75116,2,3,2,6.0,RUE JOUVENET,48.843582,2.263233,17:50:00,2024-05-23
202400024496,22:25,,75,75115,2,7,1,6.0,PLACE D ALLERAY,48.836385,2.306627,22:25:00,2024-05-22
202400024497,02:55,,75,75115,2,3,1,6.0,RUE ALAIN CHARTIER,48.83864,2.294854,02:55:00,2024-05-22
202400024498,23:15,,75,75114,2,2,1,2.0,AVENUE DU GENERAL LECLERC,48.830086,2.328814,23:15:00,2024-05-22
202400024499,21:45,,75,75113,2,4,1,6.0,RUE DES PEUPLIERS,48.821604,2.352554,21:45:00,2024-05-22
202400024500,16:20,Plein jour,75,75112,2,5,1,6.0,AVENUE DU DOCTEUR ARNOLD NETTER,48.8448,2.40549,16:20:00,2024-05-23
202400024501,15:00,Plein jour,75,75111,2,1,8,6.0,BOULEVARD VOLTAIRE,48.851242,2.39112,15:00:00,2024-05-23
202400024502,17:00,Plein jour,75,75111,2,1,1,3.0,PLACE DE LA BASTILLE,48.853394,2.369534,17:00:00,2024-05-22
202400024503,08:30,Plein jour,75,75105,2,5,1,3.0,AVENUE DES GOBELINS,48.838489,2.350695,08:30:00,2024-05-23
202400024504,14:45,Plein jour,75,75109,2,7,3,6.0,BOULEVARD DE ROCHECHOUART,48.883218,2.34678,14:45:00,2024-05-22
202400024505,09:50,Plein jour,75,75103,2,2,1,6.0,RUE DU GRENIER SAINT LAZARE,48.86272,2.3543,09:50:00,2024-05-22
202400024506,16:45,Plein jour,94,94080,2,1,1,6.0,Rue Diderot,48.85069897,2.44174361,16:45:00,2024-05-23
202400024507,08:35,Plein jour,94,94068,2,3,1,3.0,Quai Beaubourg / Rue Beaubourg,48.815342,2.473678,08:35:00,2024-05-23
202400024508,18:25,Plein jour,94,94068,2,1,1,3.0,18 Rue Ledru Rollin,48.795992,2.480943,18:25:00,2024-05-22
202400024509,17:10,Plein jour,94,94068,2,3,1,3.0,Avenue du Bac / Rue Etienne Marcel,48.79661,2.50597,17:10:00,2024-05-22
202400024510,10:25,Plein jour,94,94003,2,3,1,6.0,Avenue Laplace / Rue Eugène Fournière,48.80776,2.33382,10:25:00,2024-05-22
202400024511,19:00,Plein jour,94,94022,2,1,1,6.0,Rue Carnot,48.766358,2.408973,19:00:00,2024-05-23
202400024512,09:00,Plein jour,94,94022,2,1,1,6.0,5 Rue Ledru - Rollin,48.762904,2.404801,09:00:00,2024-05-23
202400024513,12:15,Plein jour,94,94055,2,2,1,6.0,Route de Provins / Rue Danielle Casanova,48.79550987,2.55036624,12:15:00,2024-05-22
202400024514,14:15,Plein jour,57,57631,1,1,1,2.0,NANCY(ROUTE)D662,49.09650768,7.04870478,14:15:00,2024-10-06
202400024515,02:40,Nuit avec éclairage,94,94018,2,4,1,6.0,Rue Arthur Croquette / A4,48.81713163,2.41689831,02:40:00,2024-05-23
202400024516,20:42,,56,56083,2,1,2,6.0,Avenue Aristide Bruant,47.80504,-3.25931,20:42:00,2024-10-08
202400024517,18:00,Plein jour,94,94017,2,1,1,3.0,76 Avenue du Général de Gaulle,48.821988,2.490999,18:00:00,2024-05-22
202400024518,12:44,Plein jour,56,56107,2,1,1,6.0,Rue des 3 Pierres,47.7077,-3.39074,12:44:00,2024-10-08
202400024519,18:15,Plein jour,93,93031,2,2,1,6.0,Rue de Marseille / Rue des Carrières,48.958006,2.29389,18:15:00,2024-04-23
202400024520,17:15,Plein jour,52,52121,2,1,1,6.0,RD 674,48.11844,5.14952,17:15:00,2024-10-08
202400024521,20:00,Plein jour,93,93005,2,6,1,3.0,Carrefour de l’Europe / Boulevard Marc Chagall,48.951419,2.485157,20:00:00,2024-05-23
202400024522,16:25,Plein jour,51,51454,2,1,1,7.0,RUISSELET (RUE),49.24527,4.03893,16:25:00,2024-10-08
202400024523,18:40,Plein jour,92,92022,2,1,1,3.0,PAVE DES GARDES (RUE DU),48.80829737,2.1944654,18:40:00,2024-05-22
202400024524,13:00,Plein jour,92,92036,2,1,1,3.0,MARCEL PAUL (AVENUE) (1/103),48.9336,2.30276,13:00:00,2024-05-23
202400024525,10:50,Plein jour,51,51454,2,1,1,3.0,JOLIOT-CURIE (RUE),49.22308,4.01441,10:50:00,2024-10-08
202400024526,15:35,Plein jour,92,92012,2,1,8,2.0,QUATRE SEPTEMBRE (QUAI DU),48.8417,2.22533,15:35:00,2024-05-23
202400024527,19:30,,50,50129,2,1,8,6.0,LEMONNIER (AVENUE AMIRAL),49.6344,-1.61202,19:30:00,2024-10-08
202400024528,18:00,Plein jour,92,92004,2,2,1,3.0,REDOUTE ( AVENUE DE LA  ),48.92949,2.2819,18:00:00,2024-05-23
202400024529,07:55,Crépuscule,50,50129,2,1,8,2.0,SALINE (BOULEVARD DE LA),49.64841,-1.64357,07:55:00,2024-10-08
202400024530,08:00,Crépuscule,57,57028,1,6,1,3.0,Rue du Calvaire,49.209642,6.210397,08:00:00,2024-05-24
202400024531,07:35,,50,50129,2,1,1,1.0,SALINE (BOULEVARD DE LA),49.65751,-1.65834,07:35:00,2024-10-07
202400024532,14:25,Plein jour,40,40133,1,2,1,6.0,D810,43.61259,-1.403268,14:25:00,2024-05-23
202400024533,11:09,Plein jour,21,21452,1,1,1,6.0,A31,47.26563845,5.12926963,11:09:00,2024-05-24
202400024534,16:42,Plein jour,49,49328,2,1,1,6.0,CLOS COUTARD (RUE DU),47.25146,-0.06925,16:42:00,2024-05-30
202400024535,16:44,Plein jour,21,21599,1,1,8,6.0,A 31 PK 82.900,47.647175,5.178624,16:44:00,2024-05-23
202400024536,11:35,Plein jour,46,46148,2,3,1,2.0,Avenue du Mercadiol,44.33909,1.54477,11:35:00,2024-05-23
202400024537,15:10,Plein jour,49,49007,2,1,1,2.0,MENDES FRANCE PLACE,47.47356,-0.54523,15:10:00,2024-10-08
202400024538,03:30,Nuit sans éclairage,01,01157,1,1,1,6.0,route départementale 933,46.03035,4.754773,03:30:00,2024-05-11
202400024539,14:25,Plein jour,45,45208,2,1,3,3.0,1bis Rue du Château,47.998929,2.729036,14:25:00,2024-10-09
202400024540,02:30,Nuit avec éclairage,26,26009,2,1,1,7.0,11 rue de la bascule,45.242261,4.803761,02:30:00,2024-05-24
202400024541,08:01,Plein jour,45,45004,1,1,3,2.0,D973 PR 2 + 888,48.00197,2.782916,08:01:00,2024-10-09
202400024542,18:00,Plein jour,42,42307,1,1,1,1.0,Route de Givors,45.552488,4.675664,18:00:00,2024-05-24
202400024543,10:45,Plein jour,44,44114,2,1,1,1.0,54 Rue du Docteur Stéphane Leduc,47.26964,-1.6199,10:45:00,2024-08-30
202400024544,15:35,Plein jour,44,44209,1,1,1,6.0,Unknown,47.31817,-1.643529,15:35:00,2024-05-24
202400024545,00:45,Nuit sans éclairage,34,34036,1,1,1,2.0,A75,43.680989,3.379181,00:45:00,2024-05-24
202400024546,17:00,Plein jour,57,57038,1,6,1,2.0,251 Rue du Moulin,49.475706,5.952755,17:00:00,2024-05-23
202400024547,19:00,Plein jour,56,56129,1,1,3,6.0,Le verger,48.127012,-2.488909,19:00:00,2024-05-22
202400024548,05:38,,42,42218,2,1,1,6.0,Rue Etienne Mimard,45.43843866,4.39651564,05:38:00,2024-10-05
202400024549,11:00,Plein jour,56,56013,2,6,2,3.0,Route des 4 Chemins,47.666175,-3.179179,11:00:00,2024-05-17
202400024550,08:45,Plein jour,37,37261,2,1,2,6.0,CHEVALLIER (RUE AUGUSTE),47.37488,0.67894,08:45:00,2024-10-09
202400024551,07:30,Plein jour,65,65446,2,3,1,3.0,D27,43.326333,0.100658,07:30:00,2024-05-22
202400024552,16:30,Plein jour,32,32158,1,1,1,6.0,D953,43.920493,0.737345,16:30:00,2024-05-22
202400024553,05:50,,37,37261,2,1,3,3.0,DASSAULT (AVENUE MARCEL),47.36389355,0.6858007,05:50:00,2024-10-09
202400024554,04:45,Nuit sans éclairage,32,32262,1,1,1,6.0,D39 - PR 30+018,43.673265,1.03633,04:45:00,2024-05-24
202400024555,16:38,Plein jour,71,71479,1,1,1,1.0,842 Route de Saint-Sernin,46.833583,4.433474,16:38:00,2024-05-24
202400024556,01:20,Nuit sans éclairage,61,61207,1,1,2,7.0,D276,48.317454,0.480968,01:20:00,2024-05-21
202400024557,20:05,,33,33192,2,1,2,4.0,Unknown,44.78529,-0.6056,20:05:00,2024-10-09
202400024558,16:22,Plein jour,68,68338,1,3,1,3.0,D417,48.076179,7.257677,16:22:00,2024-05-23
202400024559,20:10,Plein jour,29,29013,1,1,1,3.0,Départementale 785,48.36665277,-3.94891555,20:10:00,2024-05-23
202400024560,22:51,,29,29019,2,2,2,3.0,boulevard de l'Europe,48.413059,-4.496367,22:51:00,2024-10-08
202400024561,09:05,Plein jour,29,29081,1,1,1,6.0,Bel Air,48.365467,-3.77672,09:05:00,2024-05-21
202400024562,19:10,Crépuscule,29,29019,2,1,2,6.0,boulevard tanguy prigent,48.396061,-4.535364,19:10:00,2024-10-08
202400024563,12:50,Plein jour,29,29263,1,3,1,3.0,Lieu Dit Ty Raden,48.22663879,-4.07745722,12:50:00,2024-05-24
202400024564,14:00,Plein jour,38,38399,1,1,2,1.0,d518,45.494706,5.140786,14:00:00,2024-05-23
202400024565,17:30,Plein jour,29,29019,2,1,2,6.0,rue Aime Cotton,48.407566,-4.467743,17:30:00,2024-10-08
202400024566,14:50,Plein jour,02,02608,1,2,1,3.0,4 Hameau l’Epinette,49.837737,4.061605,14:50:00,2024-05-24
202400024567,11:45,Plein jour,27,27681,1,3,3,3.0,STANDS (ALLEE DES),49.10782,1.4997,11:45:00,2024-10-09
202400024568,16:45,Plein jour,02,02232,1,2,1,6.0,Unknown,49.23241,2.98147,16:45:00,2024-05-23
202400024569,17:40,Plein jour,27,27229,2,1,1,6.0,FOCH (AVENUE DU MARECHAL),49.02411,1.12384,17:40:00,2024-10-08
202400024570,12:00,Plein jour,15,15049,1,1,1,6.0,lieu dit Le Vernet,45.195179,2.695577,12:00:00,2024-05-24
202400024571,20:20,Plein jour,58,58095,1,1,1,7.0,les brosses,46.795583,3.442706,20:20:00,2024-05-23
202400024572,08:00,Crépuscule,27,27229,2,9,2,6.0,VERNON (RUE DE),49.03077,1.16048,08:00:00,2024-10-08
202400024573,19:00,Plein jour,66,66149,1,1,1,1.0,Unknown,42.626554,2.412035,19:00:00,2024-05-23
202400024574,19:30,,25,25056,1,9,2,2.0,RN 1057 (CH. EPITAPHE-CH. MONTBOUCONS),47.26729,6.00355,19:30:00,2024-10-09
202400024575,19:15,Plein jour,54,54010,1,2,1,3.0,La Grand Saulx,48.54283591,5.80825925,19:15:00,2024-05-24
202400024576,08:15,Plein jour,13,13056,2,9,1,3.0,MICHEL TRAVERSE LOUISE,43.42367,5.04605,08:15:00,2024-10-09
202400024577,23:05,,13,13202,2,2,1,1.0,COLBERT(RUE),43.29925,5.37416,23:05:00,2024-10-09
202400024578,18:45,,13,13210,2,1,2,2.0,PONT DE VIVAUX (BOULEVARD),43.28151,5.42334,18:45:00,2024-10-09
202400024579,20:00,,13,13028,2,1,1,2.0,FRANCE (BOULEVARD ANATOLE),43.17,5.61,20:00:00,2024-10-05
202400024580,20:16,,10,10387,2,1,2,6.0,Avenue Anatole France,48.27896,4.06884,20:16:00,2024-10-09
202400024581,08:50,Plein jour,06,06029,2,1,1,2.0,110 Avenue Michel Jourdan,43.555544,6.971119,08:50:00,2024-10-09
202400024582,13:00,Plein jour,75,75105,2,1,3,3.0,BOULEVARD SAINT MICHEL,48.853093,2.343974,13:00:00,2024-10-09
202400024583,15:45,Plein jour,75,75118,2,3,3,3.0,RUE DE LA CHAPELLE,48.892708,2.359722,15:45:00,2024-10-09
202400024584,18:00,,75,75113,2,1,2,4.0,RUE BRILLAT SAVARIN,48.821815,2.3511612,18:00:00,2024-10-09
202400024585,19:15,,75,75110,2,2,3,2.0,RUE DU HUIT MAI 1945,48.876644,2.356201,19:15:00,2024-10-09
202400024586,22:10,,75,75109,2,7,2,3.0,Place de l'Opéra,48.871151,2.332345,22:10:00,2024-10-07
202400024587,19:59,,75,75108,2,1,3,6.0,PONT DE L ALMA,48.863508,2.301762,19:59:00,2024-10-09
202400024588,12:30,Plein jour,75,75108,2,2,3,6.0,RUE DU FAUBOURG SAINT HONORE,48.871764,2.314205,12:30:00,2024-10-09
202400024589,08:40,Crépuscule,75,75101,2,2,2,1.0,QUAI DE LA MEGISSERIE,48.85849167,2.34248847,08:40:00,2024-10-09
202400024590,16:23,Plein jour,75,75101,2,2,1,3.0,AVENUE VICTORIA,48.8575,2.347809,16:23:00,2024-10-08
202400024591,05:50,,75,75103,2,2,8,3.0,RUE DU VERTBOIS,48.8677,2.354937,05:50:00,2024-10-08
202400024592,12:00,Plein jour,94,94003,2,1,2,6.0,Avenue Nelson Mandela,48.81124599,2.32734901,12:00:00,2024-10-09
202400024593,07:23,Nuit sans éclairage,93,93053,2,3,1,6.0,COTTAGES (ALLEE DES),48.89,2.4697,07:23:00,2024-10-08
202400024594,19:58,,93,93049,2,4,3,3.0,MEAUX (CHEMIN),48.86291,2.51252,19:58:00,2024-10-09
202400024595,18:11,Crépuscule,93,93048,2,2,3,6.0,PRESIDENT WILSON (AVENUE DU),48.85569641,2.4395723,18:11:00,2024-10-09
202400024596,13:05,Plein jour,93,93029,2,2,3,3.0,GARIBALDI (AVENUE) N°,48.92256,2.45261,13:05:00,2024-10-09
202400024597,09:45,Plein jour,93,93029,2,3,2,3.0,ADRIEN FROMENT,48.92525,2.43724,09:45:00,2024-10-09
202400024598,15:54,Plein jour,93,93008,2,6,3,3.0,BARBUSSE (AVENUE HENRI) A30,48.90764716,2.42580422,15:54:00,2024-10-09
202400024599,18:35,Crépuscule,93,93005,2,6,3,1.0,POMEREU (AVENUE DE),48.92337617,2.49391803,18:35:00,2024-10-09
202400024600,00:45,,92,92073,2,3,1,1.0,BERNARD (AVENUE DU PROFESSEUR LEON),48.87097765,2.2144803,00:45:00,2024-10-09
202400024601,16:00,Plein jour,92,92063,2,9,1,3.0,DOUMER (AVENUE PAUL) NORD,48.88344,2.19096,16:00:00,2024-10-04
202400024602,11:00,Plein jour,92,92063,2,1,8,4.0,CHATOU (PONT DE),48.88815,2.16373,11:00:00,2024-10-08
202400024603,08:50,Plein jour,92,92049,2,1,1,7.0,PERI RUE GABRIEL N°38 A 82,48.81856,2.31935,08:50:00,2024-10-07
202400024604,11:30,Plein jour,92,92026,2,3,3,2.0,ADAM LEDOUX,48.89840141,2.2490973,11:30:00,2024-10-09
202400024605,07:25,Crépuscule,92,92026,2,1,2,6.0,BEZONS  (DE 01 A 22),48.89324,2.2524,07:25:00,2024-10-09
202400024606,19:15,,92,92004,2,1,3,6.0,NANTERRE ( DE 46 A ),48.90979,2.28156,19:15:00,2024-10-09
202400024607,17:45,Plein jour,34,34295,1,3,1,7.0,M5e3,43.56479,3.803571,17:45:00,2024-10-09
202400024608,14:00,Plein jour,974,97415,2,1,1,1.0,Route de Savannah,-20.987892,55.295557,14:00:00,2024-10-10
202400024609,01:15,Nuit sans éclairage,84,84088,1,2,2,6.0,Chemin de Saint Hilaire,44.009754,5.024993,01:15:00,2024-10-10
202400024610,17:55,Plein jour,22,22206,2,3,1,3.0,Rue Notre-dame,48.540463,-2.973025,17:55:00,2024-10-09
202400024611,07:40,Crépuscule,51,51609,2,1,2,6.0,14 Rue de Reims,49.102147,3.670726,07:40:00,2024-10-10
202400024612,07:55,Crépuscule,37,37077,1,1,1,2.0,A85,47.332512,0.455418,07:55:00,2024-10-10
202400024613,11:35,Plein jour,30,30047,2,1,1,7.0,Route de Manduel,43.805064,4.433295,11:35:00,2024-10-10
202400024614,08:30,Plein jour,04,04033,1,1,1,6.0,"rd900b, pk 24+910",44.458087,6.244204,08:30:00,2024-10-10
202400024615,02:50,Nuit sans éclairage,51,51507,1,1,2,2.0,D3,49.090919,4.917323,02:50:00,2024-10-10
202400024616,10:05,Plein jour,51,51436,1,1,1,6.0,D60,48.858482,4.487625,10:05:00,2024-10-10
202400024617,13:27,Plein jour,56,56219,1,1,3,1.0,Aire des Landes de Lanvaux,47.766258,-2.499089,13:27:00,2024-10-09
202400024618,08:22,Crépuscule,77,77025,1,1,3,1.0,D411,48.397781,3.197523,08:22:00,2024-10-09
202400024619,13:40,Plein jour,2B,2B329,1,1,1,6.0,RT20,42.335691,9.176052,13:40:00,2024-10-09
202400024620,14:55,Plein jour,80,80706,1,1,1,1.0,D12,50.058048,2.135661,14:55:00,2024-10-08
202400024621,18:18,Plein jour,63,63229,1,1,1,2.0,goele,45.787487,3.363533,18:18:00,2024-10-10
202400024622,09:00,Plein jour,68,68049,1,1,1,6.0,Bouxwiller,47.500895,7.325327,09:00:00,2024-10-10
202400024623,17:45,Plein jour,29,29185,2,1,1,6.0,Pen Ar Prat,48.673138,-4.191713,17:45:00,2024-09-21
202400024624,19:30,Nuit sans éclairage,31,31170,1,1,6,3.0,D17,43.278955,0.72999,19:30:00,2024-10-09
202400024625,19:00,Nuit sans éclairage,70,70311,2,6,3,7.0,D957,47.821223,6.393555,19:00:00,2024-10-07
202400024626,17:50,Plein jour,50,50151,1,1,1,3.0,Route du Buisson D2,49.1820272,-1.5204006,17:50:00,2024-10-10
202400024627,08:15,Plein jour,45,45166,1,1,1,1.0,D102 PR 11 + 651,48.042954,1.801298,08:15:00,2024-10-10
202400024628,13:13,Plein jour,18,18008,1,2,1,3.0,Unknown,46.967339,2.352464,13:13:00,2024-10-09
202400024629,05:15,Nuit sans éclairage,36,36021,1,1,2,3.0,Bois des Tomeris,46.97231062,1.95410141,05:15:00,2024-10-10