Num_Acc,hrmn,lum,dep,com,agg,int,atm,col,adr,lat,long,heure,date
202400024630,22:00,,36,36140,2,6,3,7.0,rond point du 19 Mars 1962,46.888472,1.856475,22:00:00,2024-10-09
202400024631,16:25,Plein jour,16,16175,1,9,3,6.0,Unknown,45.542307,-0.041714,16:25:00,2024-10-09
202400024632,09:55,Plein jour,21,21610,1,1,2,7.0,D20D,47.250339,5.447781,09:55:00,2024-10-08
202400024633,21:40,Nuit sans éclairage,23,23240,1,1,6,6.0,La Viergne,46.338647,2.224195,21:40:00,2024-10-09
202400024634,09:00,Plein jour,30,30322,2,1,1,7.0,D271,44.063564,3.828872,09:00:00,2024-10-10
202400024635,11:25,Plein jour,79,79355,1,1,1,2.0,Unknown,46.311323,-0.352957,11:25:00,2024-08-20
202400024636,12:00,Plein jour,85,85102,1,1,1,6.0,RD81,46.873306,-1.644269,12:00:00,2024-10-10
202400024637,10:23,Plein jour,24,24077,1,1,1,1.0,N21,44.956143,0.585912,10:23:00,2024-10-09
202400024638,08:30,Crépuscule,45,45032,1,1,9,2.0,A6 PR 94 + 0,48.140555,2.913754,08:30:00,2024-10-10
202400024639,13:30,Plein jour,971,97118,2,1,1,1.0,Chemin de Daubin,16.223761,-61.611822,13:30:00,2024-10-09
202400024640,06:55,Nuit sans éclairage,41,41220,1,1,1,1.0,D925,47.739843,1.642413,06:55:00,2024-10-10
202400024641,17:10,Plein jour,13,13062,1,3,1,3.0,D8,43.42439455,5.47477881,17:10:00,2024-10-07
202400024642,09:37,Plein jour,26,26252,1,1,1,5.0,A7 - PK 077.600 - SENS SUD NORD,44.86915154,4.8652482,09:37:00,2024-10-09
202400024643,18:30,Plein jour,68,68309,2,1,1,6.0,Rue du Maréchal Foch,47.65582,7.456192,18:30:00,2024-09-24
202400024644,16:54,Plein jour,46,46109,1,1,2,2.0,A 20 PK 374.700 sens 1,44.337693,1.500535,16:54:00,2024-10-09
202400024645,12:01,Plein jour,16,16061,1,1,1,3.0,Unknown,45.70783,0.27465,12:01:00,2024-10-10
202400024646,13:25,Plein jour,47,47094,1,1,3,1.0,D813,44.43580437,0.25724745,13:25:00,2024-10-09
202400024647,18:45,Plein jour,33,33293,2,1,1,7.0,Unknown,44.87434,-0.429627,18:45:00,2024-10-08
202400024648,16:45,Plein jour,33,33312,2,1,1,3.0,Unknown,44.945988,-0.611522,16:45:00,2024-10-08
202400024649,08:50,Plein jour,85,85071,2,9,7,6.0,RD82,46.761541,-1.833052,08:50:00,2024-10-10
202400024650,18:00,Plein jour,50,50612,1,1,1,6.0,D41,48.676847,-1.45003,18:00:00,2024-10-09
202400024651,17:30,Plein jour,14,14658,1,1,1,6.0,8 Route de la Groudière,48.83448393,-1.028252,17:30:00,2024-10-10
202400024652,19:45,Nuit sans éclairage,22,22093,1,1,2,1.0,La Mare Jaune Maroué,48.424516,-2.50602,19:45:00,2024-10-09
202400024653,07:20,Nuit avec éclairage,76,76099,1,1,3,1.0,Chemin de la Queue du Chien,49.542978,0.847535,07:20:00,2024-10-10
202400024654,14:40,Plein jour,54,54197,1,1,8,6.0,A330,48.63380671,6.1819768,14:40:00,2024-10-08
202400024655,17:30,Plein jour,33,33013,1,1,1,4.0,Unknown,44.84529,-0.502029,17:30:00,2024-09-20
202400024656,17:45,Plein jour,91,91479,1,1,3,4.0,TUNNEL ORLY Y (PARAY VP) PK 2.6-3.6,48.72986,2.36853,17:45:00,2024-10-09
202400024657,12:30,Plein jour,92,92002,1,1,1,4.0,AUTOROUTE A86,48.76314911,2.3053936,12:30:00,2024-10-09
202400024658,22:00,,92,92051,1,1,1,3.0,N13,48.87880132,2.27905835,22:00:00,2024-10-08
202400024659,15:30,Plein jour,92,92050,1,1,9,5.0,A14,48.89706847,2.22199036,15:30:00,2024-10-08
202400024660,08:15,Plein jour,93,93078,1,1,8,2.0,AUTOROUTE A104,48.96176998,2.54505298,08:15:00,2024-10-07
202400024661,02:04,Nuit sans éclairage,91,91477,1,1,1,2.0,AUTOROUTE A10,48.71765,2.25527,02:04:00,2024-07-13
202400024662,17:30,Plein jour,91,91223,1,1,1,6.0,R.D.20,48.4158,2.13012,17:30:00,2024-07-12
202400024663,17:40,Plein jour,91,91064,1,1,1,6.0,RN 118,48.74605,2.19519,17:40:00,2024-07-11
202400024664,15:20,Plein jour,74,74305,2,1,1,6.0,DAVID (RUE FERNAND),46.20908,6.25456,15:20:00,2024-08-07
202400024665,17:35,Plein jour,29,29234,1,2,7,3.0,Kerfleury,47.84800394,-3.50910819,17:35:00,2024-07-28
202400024666,16:40,Plein jour,974,97416,1,2,1,1.0,JOLI-FOND (CHEMIN),-21.32924,55.47544,16:40:00,2024-10-08
202400024667,16:30,Plein jour,974,97416,1,1,1,2.0,RN2 (2),-21.33241,55.48021,16:30:00,2024-10-07
202400024668,14:12,Plein jour,974,97416,2,1,1,6.0,JOSEPH HUBERT(RUE),-21.3314,55.47221,14:12:00,2024-10-07
202400024669,22:55,Nuit sans éclairage,974,97411,1,1,1,7.0,FURCREAS (CHEMIN DES),-20.90222,55.40749,22:55:00,2024-10-08
202400024670,09:25,Plein jour,974,97411,1,1,1,2.0,LITTORAL (ROUTE 1 DU),-20.88873545,55.38442442,09:25:00,2024-10-08
202400024671,07:15,Plein jour,974,97411,2,2,1,3.0,JAURES (BOULEVARD JEAN),-20.8907,55.455,07:15:00,2024-10-08
202400024672,11:50,Plein jour,974,97407,2,1,1,6.0,OWENS JAMES,-20.9345836,55.31748748,11:50:00,2024-10-08
202400024673,08:40,Plein jour,974,97407,2,1,1,7.0,SACRE COEUR (RD POINT) -RIV. DES GALETS ,-20.95698,55.31125,08:40:00,2024-10-08
202400024674,20:55,,973,97302,2,1,1,3.0,MONTABO (ROUTE DE) 1,4.9439,-52.30795,20:55:00,2024-10-08
202400024675,07:00,Plein jour,973,97302,2,1,1,3.0,ZEPHIR (ROCADE),4.93456,-52.30845,07:00:00,2024-10-08
202400024676,10:50,Plein jour,973,97302,2,1,1,5.0,BADUEL (ROUTE DE),4.932,-52.30741,10:50:00,2024-10-08
202400024677,08:30,Plein jour,973,97302,1,6,1,2.0,MARINGOUINS (ROND-POINT),4.90739,-52.32271,08:30:00,2024-10-08
202400024678,17:38,Plein jour,69,69387,2,3,2,6.0,Route de Vienne,45.74388,4.85014,17:38:00,2024-10-08
202400024679,09:00,Plein jour,69,69383,2,3,3,3.0,Cours Docteur Long,45.74994,4.88577,09:00:00,2024-10-08
202400024680,08:30,Plein jour,69,69383,2,3,1,3.0,Rue Garibaldi,45.76215,4.85192,08:30:00,2024-10-08
202400024681,08:20,Plein jour,972,97209,2,1,1,7.0,RD 41 (ROCADE),14.61582,-61.05304,08:20:00,2024-10-08
202400024682,19:35,Nuit sans éclairage,2B,2B120,2,1,1,6.0,STADE (Route du) D764,42.65353,9.44217,19:35:00,2024-10-08
202400024683,15:55,Plein jour,971,97101,1,1,1,4.0,RN1-  HAUTEUR DE SORTIE LAURICISQUE,16.2536,-61.5489,15:55:00,2024-10-07
202400024684,14:45,Plein jour,971,97120,1,1,1,3.0,HALL DES SPORTS,16.24822213,-61.53749228,14:45:00,2024-10-07
202400024685,14:30,Plein jour,95,95197,2,1,8,1.0,PRESLES (RUE DES),48.95902565,2.32472956,14:30:00,2024-10-08
202400024686,23:20,,95,95500,2,9,8,1.0,JULES CESAR (CHAUSSEE),49.04618382,2.0846247,23:20:00,2024-10-08
202400024687,09:15,Plein jour,91,91103,2,1,1,6.0,RUE ALBERT CAMUS,48.6,2.31398,09:15:00,2024-10-08
202400024688,08:05,Plein jour,91,91201,2,2,2,7.0,AV DE L EUROPE,48.68359,2.432138,08:05:00,2024-10-08
202400024689,17:50,Plein jour,85,85194,2,1,2,7.0,Quai ernest de franqueville,46.497586,-1.78609,17:50:00,2024-10-05
202400024690,07:50,Crépuscule,85,85194,2,6,1,6.0,Boulevard du vendée globe,46.50699,-1.75702,07:50:00,2024-10-08
202400024691,18:45,Plein jour,84,84007,2,3,1,2.0,MONTFAVET (ROUTE DE),43.9402,4.82979,18:45:00,2024-10-07
202400024692,16:30,Plein jour,83,83062,2,3,1,3.0,ROUTE DE HYERES,43.13506,6.03397,16:30:00,2024-10-07
202400024693,21:35,,80,80021,2,1,2,7.0,Rue Jules Barni,49.88684,2.31596,21:35:00,2024-10-06
202400024694,10:20,Plein jour,77,77374,1,1,8,1.0,D471,48.79372151,2.71476023,10:20:00,2024-10-08
202400024695,17:27,Plein jour,77,77058,1,1,2,1.0,D406,48.8319,2.6986,17:27:00,2024-10-07
202400024696,20:00,Nuit sans éclairage,77,77433,1,1,3,1.0,D112E2,48.75546454,3.02839047,20:00:00,2024-10-08
202400024697,07:45,Crépuscule,69,69266,2,1,3,6.0,3 Rue Bourgchanin,45.76813,4.90246,07:45:00,2024-10-08
202400024698,09:00,Plein jour,67,67447,2,1,3,7.0,PAIX (RUE DE LA),48.60664,7.73389,09:00:00,2024-10-07
202400024699,10:00,Plein jour,66,66136,2,1,1,2.0,Ettore Bugatti,42.73204,2.90583,10:00:00,2024-10-08
202400024700,10:40,Plein jour,66,66136,2,3,2,2.0,PALAIS-DES-EXPO (AVENUE DU),42.70466,2.89329,10:40:00,2024-10-07
202400024701,18:00,Plein jour,65,65440,2,9,1,3.0,Boulevard Jean Moulin,43.21941839,0.05782978,18:00:00,2024-10-07
202400024702,18:45,Plein jour,62,62765,2,1,1,2.0,Rue Eugene Delacroix,50.74480708,2.26325208,18:45:00,2024-10-03
202400024703,12:05,Plein jour,61,61006,2,6,1,3.0,Intersection D924 / D158,48.741502,-0.025284,12:05:00,2024-10-08
202400024704,16:25,Plein jour,59,59560,2,3,1,3.0,Rue Fénelon,50.54908,3.0289,16:25:00,2024-10-08
202400024705,12:25,Plein jour,59,59350,2,3,1,3.0,Rue de Marquillies,50.615,3.05,12:25:00,2024-10-08
202400024706,15:00,Plein jour,56,56260,2,1,1,6.0,Rue Francis Decker,47.65871,-2.75522,15:00:00,2024-10-08
202400024707,16:57,Plein jour,56,56260,2,1,8,6.0,Rue du 8 Mai 1945,47.6605,-2.76045,16:57:00,2024-10-07
202400024708,15:15,Plein jour,56,56121,2,1,1,6.0,Cours de La Bôve,47.74652,-3.35967,15:15:00,2024-10-08
202400024709,09:00,Plein jour,56,56121,2,6,1,3.0,Rue contre-amiral Alain Dordelin,47.7329098,-3.3721346,09:00:00,2024-10-08
202400024710,11:10,Plein jour,50,50129,2,1,1,1.0,BREQUECAL (RUE DE),49.6259267,-1.547578,11:10:00,2024-10-04
202400024711,18:30,Plein jour,49,49328,1,1,2,2.0,DELESSERT (BOULEVARD BENJAMIN),47.260152,-0.089125,18:30:00,2024-10-07
202400024712,16:25,Plein jour,49,49099,2,1,8,2.0,VENDEE (RUE DE LA ),47.05685,-0.88882,16:25:00,2024-10-06
202400024713,20:21,,49,49246,2,1,1,6.0,EUROPE AVENUE,47.44259,-0.5274,20:21:00,2024-10-07
202400024714,07:17,Crépuscule,49,49007,1,1,1,2.0,RD 323,47.4645,-0.5722,07:17:00,2024-10-07
202400024715,23:37,,45,45285,2,1,9,7.0,29 Rue du 11 Octobre,47.912719,1.881968,23:37:00,2024-10-08
202400024716,22:35,Nuit avec éclairage,45,45147,2,1,2,6.0,215 Rue du Faubourg Bannier,47.921146,1.897925,22:35:00,2024-10-09
202400024717,16:25,Plein jour,45,45302,2,1,1,4.0,D557 PR 0 + 565,47.95134,1.86146,16:25:00,2024-10-08
202400024718,07:55,Plein jour,45,45286,2,3,2,4.0,Avenue Gaston Galloux,47.884331,1.924462,07:55:00,2024-10-08
202400024719,16:35,Plein jour,45,45075,2,1,2,2.0,3 Rue des Hauts,47.887071,1.838714,16:35:00,2024-10-07
202400024720,20:25,,45,45068,2,6,2,1.0,21 Rue du 23 Août 1944,48.00904,2.72161,20:25:00,2024-10-08
202400024721,08:35,Plein jour,45,45338,2,1,1,3.0,58 Rue Henri Chaintreau,47.985103,2.705411,08:35:00,2024-10-07
202400024722,13:00,Plein jour,43,43157,2,1,1,6.0,Route Nationale 88,45.04841,3.90263,13:00:00,2024-10-08
202400024723,09:05,Plein jour,37,37261,2,2,1,3.0,HALLES (RUE DES),47.39355,0.68502,09:05:00,2024-10-08
202400024724,07:40,Crépuscule,37,37261,2,6,2,3.0,VICTOIRE (RUE DE LA),47.39533368,0.67746779,07:40:00,2024-10-08
202400024725,06:05,Nuit sans éclairage,37,37195,2,1,2,6.0,PROUDHON (AVENUE),47.38974664,0.64776617,06:05:00,2024-10-08
202400024726,12:33,Plein jour,36,36044,2,1,1,3.0,Avenue Marcel Lemoine,46.82082,1.69748,12:33:00,2024-10-08
202400024727,16:30,Plein jour,34,34301,2,9,1,3.0,BLANC CAMILLE (BOULEVARD),43.41026,3.67687,16:30:00,2024-10-08
202400024728,15:45,Plein jour,31,31555,2,1,1,6.0,RTE D ALBI,43.63481,1.46358,15:45:00,2024-10-08
202400024729,08:00,Crépuscule,31,31555,2,6,1,1.0,RP CAZAUX,43.6239504,1.41935527,08:00:00,2024-10-08
202400024730,07:40,Crépuscule,31,31149,2,1,1,3.0,Av Edouard Serres,43.61032,1.35216,07:40:00,2024-10-08
202400024731,16:40,Plein jour,30,30028,2,1,1,7.0,HUIT MAI (RUE DU),44.15546,4.61246,16:40:00,2024-10-08
202400024732,09:20,Plein jour,29,29232,2,1,1,2.0,Boulevard de Creac'h Gwen,47.975301,-4.097768,09:20:00,2024-10-08
202400024733,18:30,Crépuscule,70,70285,2,3,9,7.0,Rue du Four,47.57556,6.75917,18:30:00,2024-10-03
202400024734,07:55,Plein jour,23,23096,2,3,1,6.0,BORDIER (AVENUE),46.16712,1.87015,07:55:00,2024-10-08
202400024735,23:30,,14,14220,2,1,1,7.0,238 Avenue de la République,49.35441,0.06591,23:30:00,2024-10-08
202400024736,08:00,Plein jour,13,13117,2,1,2,4.0,ROUTE NATIONALE 113 - CARREFOUR,43.42438,5.26578,08:00:00,2024-10-08
202400024737,16:30,Plein jour,13,13208,2,9,1,6.0,HAMBOURG (BOULEVARD),43.25418,5.38323,16:30:00,2024-10-08
202400024738,15:10,Plein jour,13,13215,2,1,1,1.0,LE CHATELIER,43.347,5.36858,15:10:00,2024-10-08
202400024739,14:00,Plein jour,13,13212,2,1,1,1.0,GAROUTTE (BOULEVARD),43.307,5.413,14:00:00,2024-10-08
202400024740,16:30,Plein jour,13,13047,2,6,1,7.0,RAYMOND FILIPPI AVENUE,43.49039,4.98654,16:30:00,2024-10-08
202400024741,05:00,Nuit avec éclairage,13,13005,2,1,3,7.0,GEMENOS (ROUTE DE CD2),43.29835,5.59211,05:00:00,2024-10-08
202400024742,08:15,Crépuscule,13,13001,2,4,3,3.0,RIEU CHARLOUN (RUE),43.52978,5.4133,08:15:00,2024-10-08
202400024743,04:10,Nuit sans éclairage,11,11262,1,1,1,1.0,Unknown,43.19638,3.0268,04:10:00,2024-10-05
202400024744,08:35,Plein jour,11,11069,2,3,1,1.0,8 Rue Antoine Marty,43.21622,2.35987,08:35:00,2024-10-08
202400024745,12:45,Plein jour,74,74056,2,1,1,6.0,Place du poilu,45.923966,6.872717,12:45:00,2024-01-26
202400024746,19:20,Plein jour,44,44109,2,1,1,6.0,Pont Pirmil,47.20016579,-1.54390671,19:20:00,2024-06-06
202400024747,17:55,Plein jour,82,82125,2,1,1,6.0,Route de Soudène,43.948223,1.228505,17:55:00,2024-04-23
202400024748,22:00,Crépuscule,973,97309,2,1,8,6.0,TROUBIRAN (CHEMIN DE),4.91935,-52.30218,22:00:00,2024-06-25
202400024749,09:37,Plein jour,69,69386,2,1,1,6.0,Rue Juliette Récamier,45.76509,4.8546,09:37:00,2024-06-26
202400024750,17:40,Plein jour,69,69381,2,1,1,2.0,Tunnel de la Croix-Rousse,45.77273,4.83618,17:40:00,2024-06-18
202400024751,18:15,Plein jour,69,69384,2,1,1,6.0,Tunnel de la Croix-Rousse,45.7744,4.81439,18:15:00,2024-06-25
202400024752,05:35,Plein jour,2B,2B033,2,1,1,6.0,11 - RT,42.67697,9.44448,05:35:00,2024-06-26
202400024753,08:20,Plein jour,971,97113,2,1,1,2.0,MONTAUBAN (SECTEUR),16.21359,-61.50085,08:20:00,2024-06-26
202400024754,10:40,Plein jour,95,95539,2,9,7,6.0,CHAPELLE SAINT-NICOLAS (SENTIER DE LA ),48.98999,2.36068,10:40:00,2024-06-26
202400024755,18:15,Plein jour,95,95428,2,4,1,3.0,D125,48.9933,2.33346,18:15:00,2024-06-25
202400024756,03:10,,91,91161,2,1,1,7.0,AV CHARLES DE GAULLE,48.7047,2.32206,03:10:00,2024-06-26
202400024757,11:45,Plein jour,91,91326,2,3,1,3.0,MONTTESSUY (RUE DE),48.68533,2.38327,11:45:00,2024-06-26
202400024758,12:28,Plein jour,91,91687,2,2,1,6.0,GENERAL DE GAULLE (AVENUE DU),48.68153,2.37884,12:28:00,2024-06-12
202400024759,15:10,Plein jour,84,84031,2,1,1,6.0,PETRARQUE AVENUE,44.05472,5.04422,15:10:00,2024-06-26
202400024760,20:10,Plein jour,83,83129,2,1,1,6.0,RAYOLET (CHEMIN DU),43.08919599,5.81147164,20:10:00,2024-06-26
202400024761,17:50,Plein jour,83,83069,2,1,1,1.0,MANGIN (AVENUE GENERAL),43.1213,6.13374,17:50:00,2024-06-23
202400024762,09:30,Plein jour,80,80021,2,1,1,3.0,QUATORZE JUILLET 1789 (AVENUE DU),49.8801,2.283,09:30:00,2024-06-25
202400024763,14:00,Plein jour,79,79329,1,2,1,3.0,Unknown,46.97783,-0.1807,14:00:00,2024-06-26
202400024764,17:30,Plein jour,77,77152,2,1,1,6.0,FOCH(AVENUE DU MAL)LE RESTE,48.52113,2.64312,17:30:00,2024-06-25
202400024765,10:30,Plein jour,72,72181,2,2,1,3.0,BLANCHARD (RUE),47.97336,0.20357,10:30:00,2024-06-26
202400024766,19:25,Plein jour,72,72181,2,1,1,6.0,DEMORIEUX (BD) ENTRE HUISNE ET RD-POINT,47.99022,0.18246,19:25:00,2024-06-25
202400024767,11:55,Plein jour,69,69290,2,3,1,3.0,Rue Henri Maréchal,45.69449,4.94121,11:55:00,2024-06-25
202400024768,18:35,Plein jour,67,67482,2,1,1,3.0,RHIN (AVENUE DU),48.5713,7.77349,18:35:00,2024-06-25
202400024769,11:20,Plein jour,67,67482,2,1,1,6.0,FORET NOIRE (AVENUE DE LA),48.58377,7.77116,11:20:00,2024-06-25
202400024770,07:30,Plein jour,67,67043,2,1,1,6.0,BRUMATH (ROUTE DE),48.6139,7.7329,07:30:00,2024-06-25
202400024771,19:45,Plein jour,65,65286,2,3,1,3.0,Place du Champ Commun,43.09355,-0.04758,19:45:00,2024-06-25
202400024772,16:00,Plein jour,64,64348,2,1,1,6.0,FRERES MONTGOLFIER DES,43.30842341,-0.42232454,16:00:00,2024-06-26
202400024773,04:15,,64,64024,2,6,1,6.0,BUTTE AUX CAILLES (ROND POINT DE LA),43.49675478,-1.50949091,04:15:00,2024-06-26
202400024774,16:25,Plein jour,64,64102,2,1,1,7.0,RESPLANDY (AVENUE DU CAPITAINE),43.48375,-1.45562,16:25:00,2024-06-25
202400024775,13:50,Plein jour,64,64140,2,1,1,2.0,BRAMARIE (RUE RAOUL),43.51889,-1.48646,13:50:00,2024-06-25
202400024776,18:36,Plein jour,63,63014,2,9,1,3.0,MONTGOLFIER (RUE DES FRERES),45.74944,3.13706,18:36:00,2024-06-26
202400024777,00:20,Nuit avec éclairage,61,61006,2,1,1,6.0,2 Chemin de Frévent,48.720458,-0.010671,00:20:00,2024-06-26
202400024778,12:40,Plein jour,60,60665,1,1,1,6.0,Avenue de l'Europe,49.4091,2.77871,12:40:00,2024-06-25
202400024779,21:00,Plein jour,59,59183,2,1,1,3.0,UNIVERSITE - AVENUE,51.03979,2.37209,21:00:00,2024-06-26
202400024780,13:20,Plein jour,59,59178,2,1,1,3.0,TOURNAI (ROUTE DE),50.4072368,3.12740688,13:20:00,2024-06-25
202400024781,08:50,Plein jour,59,59574,2,1,1,6.0,MICHEL LOUISE(BOULEVARD),50.36071822,3.28051945,08:50:00,2024-06-25
202400024782,14:00,Plein jour,57,57368,2,1,1,6.0,REPUBLIQUE (RUE DE LA ),49.339225,6.042386,14:00:00,2024-06-25
202400024783,11:00,Plein jour,56,56260,2,1,1,6.0,Rue Joseph Le Brix,47.65892,-2.75966,11:00:00,2024-06-26
202400024784,13:15,Plein jour,56,56121,1,6,1,2.0,Rue Georges Pompidou,47.736018,-3.365718,13:15:00,2024-06-25
202400024785,17:35,Plein jour,54,54482,2,1,1,6.0,Rue Alexandre 1er,48.700764,6.201991,17:35:00,2024-06-25
202400024786,08:00,Plein jour,51,51108,2,3,1,3.0,GARE (AVE DE LA),48.95467,4.34881,08:00:00,2024-06-25
202400024787,15:44,Plein jour,51,51108,2,1,1,7.0,DE GAULLE (AVE GENERAL),48.95084,4.36953,15:44:00,2024-06-24
202400024788,21:50,Crépuscule,49,49099,2,6,1,6.0,CHENE ROND (AVENUE DU),47.0395,-0.88522,21:50:00,2024-05-23
202400024789,02:25,Nuit sans éclairage,49,49099,2,2,1,3.0,LAENNEC (RUE DU DOCTEUR RENE),47.05883,-0.86627,02:25:00,2024-06-09
202400024790,07:45,Plein jour,49,49007,2,1,1,6.0,MOLL,47.48098,-0.56135,07:45:00,2024-06-26
202400024791,03:20,,42,42071,2,1,1,6.0,Avenue de la Libération,46.019669,4.090024,03:20:00,2024-05-01
202400024792,19:34,Plein jour,38,38185,2,1,1,6.0,COURS BERRIAT,45.18776,5.72327,19:34:00,2024-06-26
202400024793,17:02,Plein jour,37,37214,2,6,1,3.0,MARECHAL LECLERC (RD PT),47.41968,0.66328,17:02:00,2024-06-25
202400024794,10:25,Plein jour,35,35278,1,6,1,2.0,MONTGERMONT (ROND POINT DE),48.15464,-1.70087,10:25:00,2024-06-26
202400024795,10:00,Plein jour,35,35238,2,2,1,1.0,GRAND CORDEL (DU),48.12224666,-1.66174382,10:00:00,2024-06-26
202400024796,18:40,Plein jour,34,34172,2,6,1,3.0,SOULAS (AVENUE DU PERE,43.6183,3.86327,18:40:00,2024-06-26
202400024797,08:48,Plein jour,34,34003,2,1,1,2.0,CHAINES (J18 A K18,43.28219,3.5174,08:48:00,2024-06-25
202400024798,11:30,Plein jour,33,33318,2,2,1,3.0,Unknown,44.80767,-0.66203,11:30:00,2024-06-26
202400024799,17:00,Plein jour,33,33119,1,1,1,6.0,Unknown,44.857288,-0.538979,17:00:00,2024-06-24
202400024800,02:25,,31,31555,2,1,1,6.0,RUE MARIE LOUISE DISSART,43.6028,1.36714,02:25:00,2024-06-26
202400024801,22:15,Nuit sans éclairage,15,15012,1,6,1,3.0,RD 920,44.89353,2.44299,22:15:00,2024-06-25
202400024802,11:10,Plein jour,15,15014,2,1,1,3.0,RD 120,44.91574,2.42966,11:10:00,2024-06-25
202400024803,12:05,Plein jour,15,15014,2,2,1,6.0,Boulevard Antony Joly,44.92859,2.43341,12:05:00,2024-06-25
202400024804,22:45,,13,13204,2,1,1,3.0,HAITI (AVENUE D'),43.29766,5.40632,22:45:00,2024-06-26
202400024805,11:24,Plein jour,13,13205,2,1,1,3.0,BAILLE (BOULEVARD),43.2898,5.3982,11:24:00,2024-06-26
202400024806,02:48,,13,13216,2,1,1,1.0,RABELAIS (RUE),43.36034,5.33017,02:48:00,2024-06-26
202400024807,01:35,,13,13204,2,2,1,2.0,MARÉCHAL JUIN (BOULEVARD),43.30962,5.40293,01:35:00,2024-06-26
202400024808,22:30,,13,13005,2,9,1,1.0,RN 8,43.29456428,5.5602622,22:30:00,2024-06-26
202400024809,16:30,Plein jour,13,13001,2,1,1,1.0,BERRE (ROUTE DE),43.53087,5.41605,16:30:00,2024-06-26
202400024810,17:10,Plein jour,13,13001,2,1,1,1.0,ANCIENNE ROUTE DES ALPES (RTE),43.54924228,5.45604361,17:10:00,2024-06-21
202400024811,20:25,Plein jour,11,11262,2,1,1,6.0,Unknown,43.18784,3.00741,20:25:00,2024-06-26
202400024812,09:00,Plein jour,11,11262,1,1,1,6.0,9 Rue Francis Aston,43.158345,2.969263,09:00:00,2024-06-26
202400024813,16:45,Plein jour,11,11069,2,1,1,6.0,Unknown,43.21061852,2.33970165,16:45:00,2024-06-25
202400024814,23:05,,06,06088,2,1,1,6.0,23 Avenue de la Californie,43.690432,7.242871,23:05:00,2024-06-26
202400024815,13:06,Plein jour,06,06088,2,1,1,3.0,62 Avenue des Arènes de Cimiez,43.7084965,7.2758125,13:06:00,2024-06-26
202400024816,00:19,,06,06088,2,1,2,2.0,267 Promenade des Anglais,43.6813,7.2318,00:19:00,2024-06-25
202400024817,07:50,Plein jour,01,01053,2,3,1,6.0,JASSERON (AVENUE DE - N° PAIRS),46.211189,5.243419,07:50:00,2024-06-26
202400024818,15:30,Plein jour,21,21605,2,3,1,6.0,Rue de l'Aige aux Mouches,47.28994,5.103263,15:30:00,2024-11-16
202400024819,15:55,Plein jour,77,77238,1,1,1,7.0,D402,48.890653,3.094631,15:55:00,2024-11-11
202400024820,11:45,Plein jour,75,75113,2,1,1,3.0,BD PERIPHERIQUE INTERIEUR,48.816833,2.364982,11:45:00,2024-06-26
202400024821,21:45,Nuit sans éclairage,77,77317,2,1,1,6.0,Chemin de bagneaux,48.605649,2.900026,21:45:00,2024-11-15
202400024822,09:40,Plein jour,75,75116,2,1,1,2.0,BD PERIPHERIQUE INTERIEUR,48.869067,2.27085,09:40:00,2024-06-26
202400024823,22:50,Nuit sans éclairage,84,84118,1,1,1,6.0,D943 PR 21-881,43.963075,5.329249,22:50:00,2024-11-15
202400024824,17:25,Plein jour,75,75105,2,2,1,6.0,RUE DE LA MONTAGNE SAINTE GENEVIEVE,48.848626,2.348517,17:25:00,2024-06-26
202400024825,17:00,Plein jour,67,67282,2,1,1,2.0,Impasse de la Soupe,48.621741,7.485812,17:00:00,2024-11-13
202400024826,08:40,Plein jour,75,75119,2,3,1,6.0,AVENUE JEAN JAURES,48.888762,2.393133,08:40:00,2024-06-26
202400024827,17:40,Nuit sans éclairage,38,38449,2,1,8,6.0,Rue du Revolay,45.658515,5.100352,17:40:00,2024-11-15
202400024828,17:15,Plein jour,75,75118,2,3,1,6.0,BOULEVARD NEY,48.89772519,2.33750761,17:15:00,2024-06-26
202400024829,19:50,Nuit sans éclairage,33,33164,1,1,1,6.0,Unknown,44.540758,-0.291175,19:50:00,2024-11-14
202400024830,08:50,Plein jour,75,75118,2,1,1,5.0,BD PERIPHERIQUE INTERIEUR,48.900374,2.370163,08:50:00,2024-06-26
202400024831,08:00,Crépuscule,49,49023,1,3,5,1.0,La Marottière (Jallais),47.18031,-0.930356,08:00:00,2024-11-15
202400024832,19:20,Plein jour,75,75117,2,2,1,6.0,RUE GUY MOQUET,48.89192,2.322167,19:20:00,2024-06-26
202400024833,13:45,Plein jour,61,61165,1,3,1,2.0,D1,48.416975,-0.022817,13:45:00,2024-11-15
202400024834,09:50,Plein jour,75,75117,2,1,1,3.0,AVENUE DE CLICHY,48.893466,2.315319,09:50:00,2024-06-26
202400024835,18:35,Plein jour,75,75116,2,3,1,3.0,AVENUE DE NEW YORK,48.863961,2.298853,18:35:00,2024-06-26
202400024836,20:00,,13,13213,1,1,1,2.0,A507 sens Marseille - Aubagne,43.32991797,5.40384676,20:00:00,2024-11-14
202400024837,19:29,Plein jour,75,75117,2,4,1,3.0,AVENUE DES TERNES,48.879755,2.28936,19:29:00,2024-06-25
202400024838,07:20,Crépuscule,13,13211,1,1,1,2.0,A50-Sens Marseille vers Aubagne,43.28649,5.43415,07:20:00,2024-11-15
202400024839,16:30,Plein jour,75,75115,2,3,1,6.0,BOULEVARD GARIBALDI,48.84671,2.30625,16:30:00,2024-06-26
202400024840,06:20,Nuit sans éclairage,13,13216,1,1,1,3.0,A55-Sens Marseille vers Martigues,43.35189801,5.34811807,06:20:00,2024-11-14
202400024841,23:53,Nuit sans éclairage,13,13215,1,1,1,6.0,A55-Sens Marseille vers Martigues,43.33188505,5.35414144,23:53:00,2024-11-14