Num_Acc,hrmn,lum,dep,com,agg,int,atm,col,adr,lat,long,heure,date
202400024842,14:00,Plein jour,75,75115,2,2,1,6.0,RUE DE LA CROIX NIVERT,48.842349,2.29416,14:00:00,2024-06-26
202400024843,20:00,Nuit sans éclairage,13,13005,1,1,1,6.0,A502-Sens Toulon par R.N. vers  Aubagne,43.28369465,5.58567883,20:00:00,2024-11-14
202400024844,07:15,Plein jour,75,75115,2,1,1,6.0,BOULEVARD GARIBALDI,48.846049,2.307654,07:15:00,2024-06-26
202400024845,14:30,Plein jour,13,13005,1,1,1,2.0,A50-Sens Marseille vers Aubagne,43.28664642,5.53629823,14:30:00,2024-11-14
202400024846,00:40,,75,75112,2,1,1,2.0,AVENUE DE LA PORTE DE VINCENNES,48.846832,2.412837,00:40:00,2024-06-26
202400024847,12:10,Plein jour,13,13216,1,1,1,3.0,A55-Sens Marseille vers Martigues,43.3476,5.345,12:10:00,2024-11-13
202400024848,18:15,Plein jour,75,75112,2,2,1,2.0,AVENUE LEDRU ROLLIN,48.849625,2.374305,18:15:00,2024-06-25
202400024849,19:50,,83,83137,1,1,1,2.0,A57,43.12509627,5.96961742,19:50:00,2024-11-14
202400024850,14:20,Plein jour,75,75112,2,2,1,3.0,AVENUE DU DOCTEUR ARNOLD NETTER,48.840891,2.404715,14:20:00,2024-06-25
202400024851,15:05,Plein jour,75,75107,2,2,1,6.0,RUE CLER,48.859234,2.305093,15:05:00,2024-06-26
202400024852,00:00,Nuit sans éclairage,69,69266,1,1,1,4.0,Boulevard Périphérique Laurent Bonnevay,45.77471,4.89899,00:00:00,2024-11-09
202400024853,11:50,Plein jour,75,75107,2,3,1,3.0,RUE DU BAC,48.856032,2.325955,11:50:00,2024-06-26
202400024854,21:10,,33,33063,1,1,1,2.0,Unknown,44.88083,-0.54213,21:10:00,2024-11-15
202400024855,23:25,,75,75107,2,7,1,3.0,PLACE DE LA RESISTANCE,48.862408,2.30179,23:25:00,2024-06-25
202400024856,11:45,Plein jour,33,33550,1,1,1,2.0,Unknown,44.77564,-0.55671,11:45:00,2024-11-13
202400024857,22:40,,94,94081,2,1,1,7.0,Rue des Contes de Fees,48.77249,2.37325,22:40:00,2024-06-25
202400024858,14:30,Plein jour,94,94080,2,1,1,6.0,Avenue Aubert,48.84750003,2.43392068,14:30:00,2024-06-26
202400024859,07:02,Nuit sans éclairage,62,62249,1,1,1,2.0,A21,50.42441,3.01522,07:02:00,2024-11-15
202400024860,18:25,Nuit sans éclairage,78,78466,1,1,1,1.0,A13,48.92743,1.99181,18:25:00,2024-11-15
202400024861,08:15,Plein jour,94,94074,2,1,1,5.0,Avenue Henri Barbusse,48.76567,2.4416,08:15:00,2024-06-26
202400024862,13:50,Plein jour,94,94041,2,9,1,3.0,Avenue Georges Gosnat,48.81266,2.38736,13:50:00,2024-06-26
202400024863,13:30,Plein jour,92,92064,1,1,1,4.0,A13,48.83963957,2.19735978,13:30:00,2024-11-15
202400024864,13:00,Plein jour,94,94038,2,1,1,3.0,Boulevard Paul Vaillant Couturier,48.77602,2.33992,13:00:00,2024-06-26
202400024865,13:50,Plein jour,92,92025,1,1,1,2.0,A86,48.93376075,2.25454017,13:50:00,2024-11-15
202400024866,10:45,Plein jour,77,77291,1,1,1,3.0,CHAPIT RE ( RUE DU),49.00543,2.61477,10:45:00,2024-06-26
202400024867,08:00,Plein jour,92,92025,1,1,8,3.0,A86,48.93213484,2.24735175,08:00:00,2024-11-15
202400024868,11:00,Plein jour,93,93066,2,3,1,6.0,Allée Saint Just / Avenue George Sand,48.90827771,2.36441016,11:00:00,2024-06-26
202400024869,07:45,Plein jour,92,92036,1,1,1,3.0,A86,48.93726854,2.29465127,07:45:00,2024-11-14
202400024870,07:33,Plein jour,93,93066,2,1,1,3.0,Avenue du Président Wilson,48.91103,2.35767,07:33:00,2024-06-26
202400024871,09:55,Plein jour,95,95061,1,1,1,6.0,N104,49.06798361,2.25451979,09:55:00,2024-11-15
202400024872,15:40,Plein jour,93,93064,2,1,1,2.0,Rue de Lisbonne,48.880984,2.471565,15:40:00,2024-06-26
202400024873,22:35,Nuit sans éclairage,95,95306,1,1,1,2.0,A15,49.00685223,2.16266973,22:35:00,2024-11-14
202400024874,19:20,Nuit sans éclairage,94,94015,1,1,1,2.0,A4,48.82945356,2.52827231,19:20:00,2024-11-15
202400024875,16:45,Plein jour,93,93055,2,3,1,3.0,Avenue Édouard Vaillant / Rue Danton,48.897172,2.399834,16:45:00,2024-06-26
202400024876,15:10,Plein jour,93,93053,2,1,1,6.0,Avenue Victor Hugo,48.8921317,2.46769398,15:10:00,2024-06-25
202400024877,18:30,Nuit sans éclairage,77,77053,1,1,1,2.0,RN104,48.68816237,2.59637086,18:30:00,2024-11-15
202400024878,08:45,Plein jour,93,93032,2,3,1,3.0,Rue du Rond Point / Rue Vaillant Couturier,48.872996,2.553428,08:45:00,2024-06-26
202400024879,16:00,Plein jour,13,13038,1,1,1,3.0,D17,43.72927,4.745579,16:00:00,2024-07-06
202400024880,09:00,Plein jour,988,98818,2,1,7,6.0,RUE LOUISE MICHEL,-22.24115,166.46115,09:00:00,2024-11-15
202400024881,17:09,Plein jour,93,93079,2,2,1,3.0,Rue du 19 Mars 1962 / Rue Henri Barbusse,48.96159,2.34283,17:09:00,2024-06-26
202400024882,16:00,Plein jour,93,93029,2,1,1,7.0,Rue Henri Rouanet,48.927718,2.448961,16:00:00,2024-06-26
202400024883,19:25,,976,97611,2,1,1,3.0,mamoudzou centre-Commandant Passot (Plac,-12.7783,45.23177,19:25:00,2024-11-14
202400024884,20:50,Plein jour,93,93008,2,1,1,2.0,Avenue Louis Aragon,48.91352,2.43821,20:50:00,2024-06-26
202400024885,11:40,Plein jour,974,97416,2,1,1,1.0,BUREL (CHEMIN) (1),-21.29231,55.46599,11:40:00,2024-11-14
202400024886,20:00,,973,97302,2,1,1,3.0,BADUEL (ROUTE DE),4.93756,-52.3159,20:00:00,2024-11-14
202400024887,18:00,,69,69386,2,1,1,6.0,Avenue de Grande-Bretagne,45.7755,4.84306,18:00:00,2024-11-14
202400024888,11:00,Plein jour,92,92062,2,1,1,3.0,DE DION BOUTON (QUAI) DU 29 AU 65,48.88270116,2.24806345,11:00:00,2024-06-26
202400024889,23:45,,92,92040,2,3,1,2.0,GUYNEMER,48.8310541,2.27887774,23:45:00,2024-06-25
202400024890,20:00,Crépuscule,92,92024,2,1,1,6.0,GENERAL LECLERC (BD DU) DE (61 A 9),48.9014174,2.31512922,20:00:00,2024-06-26
202400024891,14:45,Plein jour,69,69386,2,3,1,3.0,Avenue Maréchal de Saxe,45.766,4.84444,14:45:00,2024-11-14
202400024892,19:50,Plein jour,92,92004,2,1,1,3.0,PIERRE BROSSOLETTE,48.91224772,2.29532146,19:50:00,2024-06-26
202400024893,09:20,Plein jour,60,60402,2,3,1,1.0,Rue du Général de Gaulle,49.35704,2.756506,09:20:00,2024-06-27
202400024894,20:00,Plein jour,76,76115,2,3,1,7.0,Route Nationale 15,49.599238,0.564578,20:00:00,2024-06-27
202400024895,09:50,Plein jour,69,69387,2,1,1,6.0,Avenue Berthelot,45.7411,4.85492,09:50:00,2024-11-14
202400024896,18:00,Plein jour,37,37031,1,4,7,3.0,D35,47.291605,0.187964,18:00:00,2024-06-26
202400024897,09:50,Plein jour,972,97213,1,1,1,4.0,AUTOROUTE A1,14.614,-61.013,09:50:00,2024-11-05
202400024898,18:45,Plein jour,12,12300,2,1,1,1.0,Rue Roger Cavaignac,44.365511,2.032471,18:45:00,2024-06-27
202400024899,11:20,Plein jour,972,97209,2,3,1,3.0,REDOUTE (ROUTE DE LA),14.62796,-61.05709,11:20:00,2024-11-13
202400024900,19:15,Plein jour,36,36097,1,1,1,6.0,Chemin de Bellevue,47.00261124,1.75852845,19:15:00,2024-06-26
202400024901,09:15,Plein jour,972,97209,1,1,1,6.0,RD 41,14.60952,-61.06576,09:15:00,2024-11-13
202400024902,10:20,Plein jour,86,86165,1,1,1,1.0,Lieu Dit le Plasteau,46.444453,0.829812,10:20:00,2024-06-27
202400024903,19:09,,69,69382,2,5,1,3.0,Quai Docteur Gailleton,45.75723,4.83665,19:09:00,2024-11-14
202400024904,07:41,Plein jour,2B,2B033,2,1,1,2.0,CAP - ROUTE DU CAP,42.7089,9.454,07:41:00,2024-11-13
202400024905,08:13,Plein jour,65,65337,1,3,1,3.0,Chemin de la Coste,43.228939,0.30894,08:13:00,2024-06-27
202400024906,12:30,Plein jour,971,97101,2,3,1,3.0,Frédéric JALTON,16.27297,-61.50505,12:30:00,2024-11-14
202400024907,08:45,Plein jour,971,97101,1,1,1,3.0,PERRIN (SECTEUR),16.29304,-61.51134,08:45:00,2024-11-14
202400024908,07:00,Crépuscule,14,14738,1,1,1,2.0,A84,49.162393,-0.449152,07:00:00,2024-06-26
202400024909,13:45,Plein jour,971,97120,2,1,1,2.0,NELSON MANDELA,16.24065469,-61.53180599,13:45:00,2024-11-13
202400024910,13:40,Plein jour,2A,2A004,2,2,1,3.0,5 Avenue du President Kennedy,41.93063,8.73774,13:40:00,2024-11-14
202400024911,03:44,Nuit sans éclairage,95,95607,2,1,1,2.0,JULES CESAR (CHAUSSEE),49.00715652,2.20413744,03:44:00,2024-11-12
202400024912,14:20,Plein jour,95,95210,2,1,1,3.0,D928,48.97583766,2.30786952,14:20:00,2024-11-14
202400024913,15:15,Plein jour,44,44113,1,2,1,3.0,Unknown,47.593452,-1.588072,15:15:00,2024-06-27
202400024914,08:40,Plein jour,95,95306,2,1,8,6.0,VAL (RUE DU),48.98972,2.16375,08:40:00,2024-11-14
202400024915,18:20,,91,91425,2,1,1,6.0,BD DU TEMERAIRE,48.63796,2.27737,18:20:00,2024-11-14
202400024916,09:25,Plein jour,71,71456,1,2,1,3.0,Route de Chalon,46.808982,5.027157,09:25:00,2024-06-27
202400024917,07:30,Plein jour,62,62458,2,1,1,7.0,Rue de Vincq,50.804592,2.178174,07:30:00,2024-06-27
202400024918,08:10,Plein jour,91,91521,2,3,1,3.0,AV PAUL LANGEVIN,48.64761,2.39686,08:10:00,2024-11-14
202400024919,18:12,Plein jour,56,56079,1,1,1,7.0,38 Equi,47.938668,-2.524747,18:12:00,2024-06-26
202400024920,14:45,Plein jour,56,56124,2,9,1,6.0,Place du Docteur Jean Queinnec,47.810448,-2.384194,14:45:00,2024-06-26
202400024921,17:45,Plein jour,84,84007,2,3,1,3.0,MONCLAR (AVENUE),43.93705,4.80491,17:45:00,2024-11-14
202400024922,08:10,Plein jour,56,56053,1,3,1,3.0,Le Petit Boccolo,47.71257,-2.612332,08:10:00,2024-06-27
202400024923,16:20,Plein jour,83,83144,2,1,1,6.0,UNIVERSITE (AVE DE L'),43.13686,6.00251,16:20:00,2024-11-14
202400024924,08:05,Plein jour,56,56206,2,9,1,6.0,Rue Charles Peguy,47.679517,-2.762272,08:05:00,2024-06-26
202400024925,12:30,Plein jour,83,83137,2,3,1,3.0,STRASBOURG (BD DE ),43.12454,5.93475,12:30:00,2024-11-14
202400024926,12:25,Plein jour,82,82121,1,6,1,6.0,MONTECH (AVENUE DE),44.00238,1.34044,12:25:00,2024-11-08
202400024927,19:00,Plein jour,59,59580,1,1,1,1.0,523 Chemin du Bois des Religieuses,50.796482,2.619563,19:00:00,2024-06-26
202400024928,17:30,Plein jour,80,80021,2,1,1,7.0,Rue du Professeur Christian Cabrol,49.87722,2.26199,17:30:00,2024-11-13
202400024929,15:20,Plein jour,78,78440,2,1,1,6.0,SEINE (RUE DE),48.99748,1.91002,15:20:00,2024-11-13
202400024930,19:35,,77,77251,2,1,1,6.0,ALL DE LA FETE,48.61391,2.53943,19:35:00,2024-11-13
202400024931,18:20,Nuit sans éclairage,76,76351,2,2,1,3.0,MARTYRS (DES),49.514289,0.108591,18:20:00,2024-11-13
202400024932,18:30,Plein jour,59,59268,1,8,1,3.0,Rue des Sûres - PN36,50.642814,2.775746,18:30:00,2024-06-26
202400024933,18:50,Nuit sans éclairage,73,73065,1,1,1,2.0,N201,45.58714,5.90368,18:50:00,2024-11-14
202400024934,13:00,Plein jour,72,72181,2,3,1,3.0,MOZART (AV),47.97103,0.21067,13:00:00,2024-11-13
202400024935,15:05,Plein jour,71,71306,2,2,1,3.0,BARBES (RUE),46.66497269,4.36813563,15:05:00,2024-11-14
202400024936,17:49,Plein jour,67,67310,1,3,1,1.0,D208,48.213249,7.519141,17:49:00,2024-06-27
202400024937,16:35,Crépuscule,67,67482,2,3,2,6.0,FOSSE RIEPBERG (RUE DU),48.56729,7.76917,16:35:00,2024-11-13
202400024938,17:40,Crépuscule,65,65440,2,2,8,3.0,Rue Marcel Lamarque,43.24005,0.0517,17:40:00,2024-11-13
202400024939,18:20,Plein jour,76,76159,1,1,1,6.0,D268,49.768017,0.637878,18:20:00,2024-06-27
202400024940,18:00,,64,64445,2,2,1,6.0,CATHERINE DE BOURBON,43.32469898,-0.35756126,18:00:00,2024-11-14
202400024941,13:00,Plein jour,64,64445,1,1,1,2.0,EUROPE DE L',43.32319,-0.31545,13:00:00,2024-11-14
202400024942,16:45,Plein jour,2A,2A008,1,1,1,1.0,Départementale 302,41.86062023,8.85900848,16:45:00,2024-06-26
202400024943,08:20,Plein jour,64,64373,2,1,8,6.0,8 MAI 1945 DU,43.28057,-0.35484,08:20:00,2024-11-14
202400024944,10:35,Plein jour,2B,2B252,1,1,1,1.0,Pelaventre,42.443285,9.457555,10:35:00,2024-06-27
202400024945,16:20,Plein jour,64,64125,2,3,1,1.0,UHABIA (RUE),43.4364,-1.5942,16:20:00,2024-11-13
202400024946,09:12,Plein jour,89,89446,1,1,1,6.0,Route des Chaumots,47.470233,3.725084,09:12:00,2024-06-27
202400024947,10:00,Plein jour,89,89419,2,1,1,2.0,Avenue du Général de Gaulle,47.72785,3.30886,10:00:00,2024-06-27
202400024948,19:00,Crépuscule,89,89292,1,1,3,6.0,D905,47.959,3.8344,19:00:00,2024-06-27
202400024949,15:20,Plein jour,62,62108,2,6,1,3.0,Rond Point du Marquenterre,50.403,1.59239,15:20:00,2024-11-13
202400024950,19:00,,60,60463,2,3,2,6.0,Rue des Frères Péraux,49.27552,2.47754,19:00:00,2024-11-14
202400024951,18:42,Plein jour,63,63172,1,1,1,7.0,D996,45.57233832,3.05939601,18:42:00,2024-06-25
202400024952,13:50,Plein jour,59,59426,2,2,1,3.0,VERTUQUET (RUE DU),50.756761,3.163009,13:50:00,2024-11-14
202400024953,15:45,Plein jour,59,59350,2,1,8,6.0,Boulevard Victor Hugo,50.62144,3.059214,15:45:00,2024-11-14
202400024954,21:25,Crépuscule,63,63146,1,2,1,3.0,D997 /  VC route d'Ambert,45.72177802,3.36362775,21:25:00,2024-06-26
202400024955,21:50,Crépuscule,61,61050,1,1,1,6.0,RD612,48.444877,0.714159,21:50:00,2024-06-26
202400024956,12:35,Plein jour,56,56260,2,1,1,4.0,Boulevard de Pontivy,47.67096,-2.77089,12:35:00,2024-11-14
202400024957,01:55,Nuit sans éclairage,56,56098,2,6,1,7.0,Avenue Pablo Néruda,47.76596,-3.32954,01:55:00,2024-11-14
202400024958,16:40,Plein jour,61,61507,1,1,1,6.0,D281,48.538914,0.598154,16:40:00,2024-06-27
202400024959,21:11,,83,83137,2,1,1,1.0,HERRIOT (AVE EDOUARD),43.12895768,5.89524221,21:11:00,2024-03-07
202400024960,11:00,Plein jour,41,41209,1,1,7,6.0,D111,47.833081,1.129622,11:00:00,2024-06-23
202400024961,17:45,,54,54495,2,2,1,6.0,Rue de Tomblaine,48.68555,6.24025,17:45:00,2024-11-14
202400024962,17:30,Crépuscule,80,80021,2,1,1,1.0,Avenue Paul Claudel,49.87461,2.26648,17:30:00,2024-03-07
202400024963,07:40,Plein jour,29,29185,2,3,1,3.0,Boulevard de l’Europe,48.65427687,-4.1692217,07:40:00,2024-06-25
202400024964,18:35,Crépuscule,78,78551,1,1,1,6.0,RD 190,48.91635,2.06509,18:35:00,2024-03-07
202400024965,16:40,Plein jour,54,54395,2,3,1,3.0,Rue des Ponts,48.68783,6.18228,16:40:00,2024-11-13
202400024966,21:40,Crépuscule,02,02014,2,2,1,3.0,Rue Moreau Moraux,49.607703,3.302532,21:40:00,2024-06-26
202400024967,01:15,Nuit sans éclairage,77,77373,1,1,1,2.0,CHE D 21,48.78375,2.62599,01:15:00,2024-03-07
202400024968,13:20,Plein jour,54,54395,2,1,1,7.0,Rue Mansuy Gauvain,48.67918698,6.19799763,13:20:00,2024-11-13
202400024969,19:10,,51,51230,2,6,1,6.0,HUIT MAI 1945 (AVENUE DU),49.0297,3.9534,19:10:00,2024-11-14
202400024970,08:15,Plein jour,54,54157,2,1,1,2.0,128 Avenue du Général de Gaulle,48.838539,6.072281,08:15:00,2024-06-27
202400024971,08:00,Crépuscule,77,77288,2,1,1,6.0,PATTON  (AVENUE GENERAL),48.54624,2.6506,08:00:00,2024-03-07
202400024972,13:25,Plein jour,51,51108,2,3,1,6.0,PERTHUIS (CHEMIN DU),48.954203,4.350964,13:25:00,2024-11-07
202400024973,19:30,,77,77284,2,6,1,3.0,CLEMENCEAU (AV.),48.96254,2.87612,19:30:00,2024-03-07
202400024974,19:50,Plein jour,06,06023,1,9,1,7.0,D93 Pienne-Haute,43.882036,7.510016,19:50:00,2024-06-26
202400024975,17:45,Crépuscule,77,77132,2,9,2,1.0,RUE DES BOURGOGNES,48.9059,2.8003,17:45:00,2024-03-06
202400024976,16:45,Plein jour,49,49099,2,3,8,6.0,COUBERTIN (BOULEVARD PIERRE DE),47.04802,-0.8746,16:45:00,2024-11-10
202400024977,07:55,Plein jour,14,14169,1,1,1,6.0,D12,49.299578,-0.517623,07:55:00,2024-06-22
202400024978,09:42,Plein jour,77,77333,2,1,1,6.0,AV DE LYON,48.263226,2.699766,09:42:00,2024-03-07
202400024979,22:15,,49,49007,2,1,1,6.0,SAINT JACQUES,47.47377,-0.57393,22:15:00,2024-11-14
202400024980,06:15,,76,76498,2,3,1,6.0,Allée Raoul Dufy,49.4267,1.06213,06:15:00,2024-03-07
202400024981,14:19,Plein jour,60,60616,2,1,7,3.0,D915,49.360588,1.768998,14:19:00,2024-06-27
202400024982,07:40,Crépuscule,49,49246,2,1,1,3.0,SAND PLACE,47.43377,-0.51979,07:40:00,2024-11-13
202400024983,09:26,Plein jour,74,74010,2,4,1,3.0,ILES (AVENUE DES)(SECTEUR 420),45.91206,6.11343,09:26:00,2024-03-07
202400024984,11:20,Plein jour,16,16308,1,1,1,3.0,Unknown,45.89707,0.455718,11:20:00,2024-06-27
202400024985,16:15,Plein jour,47,47031,1,1,1,3.0,JEAN JAURES (Avenue)  ,44.17763,0.64001,16:15:00,2024-11-14
202400024986,16:00,Plein jour,69,69264,2,1,1,2.0,Rue Grange Blazet,45.98322585,4.71962679,16:00:00,2024-03-07
202400024987,06:30,Crépuscule,07,07304,1,1,1,7.0,125 Route Vieille,44.387696,4.376169,06:30:00,2024-06-27
202400024988,09:20,Plein jour,47,47001,2,1,1,6.0,FALLIERES (PLACE ARMAND),44.19971,0.61709,09:20:00,2024-11-14
202400024989,01:30,,69,69259,2,1,2,6.0,2 Avenue du 11 Novembre 1918,45.68908996,4.86493068,01:30:00,2024-02-19
202400024990,12:00,Plein jour,45,45234,2,9,1,6.0,Avenue Jean Zay,47.906356,1.921946,12:00:00,2024-11-14
202400024991,20:00,Plein jour,07,07330,1,1,1,3.0,Route de Bourg Saint Andéol,44.406493,4.422222,20:00:00,2024-06-26
202400024992,14:45,Plein jour,66,66136,2,1,1,6.0,Avenue du LANGUEDOC,42.73261,2.88955,14:45:00,2024-03-07
202400024993,00:38,Nuit sans éclairage,17,17026,1,2,1,7.0,D134 - D229E1,45.837127,-0.424712,00:38:00,2024-06-25
202400024994,21:20,,64,64445,2,9,1,2.0,Unknown,43.31018,-0.37708,21:20:00,2024-03-07
202400024995,16:45,Plein jour,44,44184,2,1,1,5.0,Boulevard Georges Charpak,47.27063,-2.25013,16:45:00,2024-11-13
202400024996,09:06,Plein jour,64,64445,2,1,1,2.0,JEAN MERMOZ,43.31654,-0.37814,09:06:00,2024-03-07
202400024997,16:15,Plein jour,88,88372,1,1,7,1.0,D392a,48.419525,6.895423,16:15:00,2024-06-26
202400024998,08:15,Plein jour,44,44143,2,1,1,6.0,25 Avenue de la Libération,47.19203,-1.54757,08:15:00,2024-11-12
202400024999,11:50,Plein jour,64,64125,2,9,1,2.0,ATHERBEA (AVENUE),43.43773203,-1.58976942,11:50:00,2024-03-07
202400025000,16:00,Plein jour,987,98734,1,1,7,2.0,RT1 pk 34.100,-17.75655635,-149.51990604,16:00:00,2024-06-26
202400025001,07:15,Plein jour,34,34172,2,1,1,6.0,VANIERES (AVENUE DE),43.59651,3.84514,07:15:00,2024-11-14
202400025002,08:00,Plein jour,63,63113,2,3,1,3.0,CANROBERT (RUE),45.78760546,3.06289762,08:00:00,2024-03-07
202400025003,12:12,Plein jour,10,10438,1,1,1,6.0,Autoroute A 5,48.167849,4.547718,12:12:00,2024-06-26
202400025004,19:50,,62,62528,2,1,1,6.0,Rue Roger Salengro,50.45269,2.79611,19:50:00,2024-03-07
202400025005,20:30,,33,33063,2,5,1,3.0,Unknown,44.8395,-0.58093,20:30:00,2024-11-14
202400025006,15:15,Plein jour,59,59599,2,1,1,6.0,Rue du Moulin Fagot,50.725016,3.16735,15:15:00,2024-03-07
202400025007,14:30,Plein jour,24,24091,1,2,1,3.0,Maraval,44.771582,1.218171,14:30:00,2024-06-27
202400025008,18:15,,33,33162,2,1,1,3.0,Unknown,44.86194,-0.64442,18:15:00,2024-11-14
202400025009,08:50,Plein jour,06,06085,2,9,1,2.0,701 Chemin des Campelieres,43.580591,7.006789,08:50:00,2024-06-27
202400025010,17:20,Plein jour,59,59350,2,1,8,2.0,Boulevard de la Moselle,50.626429,3.031136,17:20:00,2024-03-06
202400025011,17:04,Plein jour,53,53001,1,2,1,3.0,Intersection D771 et D553,47.989579,-0.853661,17:04:00,2024-06-26
202400025012,08:00,Plein jour,33,33032,2,1,1,3.0,Unknown,44.89123,-0.51639,08:00:00,2024-11-14
202400025013,10:40,Plein jour,59,59017,2,1,7,6.0,BLUM  (AVENUE LEON),50.69417,2.88715,10:40:00,2024-03-07
202400025014,18:30,,987,98715,2,1,1,3.0,RT1 - Face à la Mairie,-17.552912,-149.599537,18:30:00,2024-06-26
202400025015,17:45,Plein jour,33,33162,2,1,1,3.0,Unknown,44.86095,-0.63981,17:45:00,2024-11-13
202400025016,16:03,Plein jour,56,56260,2,1,1,2.0,Avenue du Maréchal de Lattre De Tassigny,47.64495,-2.75983,16:03:00,2024-03-07
202400025017,16:30,Plein jour,06,06088,2,1,8,3.0,A8 - PK 190.700 - CHAUSSÉE SUD,43.724529,7.229626,16:30:00,2024-06-26
202400025018,07:30,Nuit sans éclairage,33,33529,1,3,1,2.0,Unknown,44.58754,-1.13515,07:30:00,2024-11-13
202400025019,12:38,Plein jour,56,56098,2,2,2,3.0,27 Rue Jean Jaurès,47.763387,-3.3615991,12:38:00,2024-03-06
202400025020,02:40,Nuit sans éclairage,38,38348,1,1,1,2.0,A43,45.572336,5.317307,02:40:00,2024-06-26
202400025021,18:00,Crépuscule,31,31555,2,7,1,3.0,Passage Albert Camus,43.5632141,1.395641,18:00:00,2024-11-14
202400025022,16:05,Plein jour,78,78569,1,1,1,6.0,A10,48.548463,1.915922,16:05:00,2024-06-26
202400025023,12:20,Plein jour,51,51454,2,1,1,1.0,GOULETTE (RUE),49.27017,4.05427,12:20:00,2024-03-06
202400025024,15:50,Plein jour,28,28134,1,1,7,4.0,RN 154,48.73750222,1.38327749,15:50:00,2024-11-14
202400025025,17:14,Plein jour,50,50218,2,1,1,6.0,IMPASSE DES TREMAILLEURS,48.83322,-1.55149,17:14:00,2024-03-06
202400025026,06:30,Plein jour,988,98805,1,1,1,1.0,VE2 sens Sud/Nord,-22.181494,166.430018,06:30:00,2024-06-24
202400025027,11:00,Plein jour,971,97124,2,1,1,6.0,Rue Joseph Pitat,16.014188,-61.709288,11:00:00,2024-06-26
202400025028,07:20,,27,27299,2,1,1,2.0,BRIAND (AVENUE ARISTIDE),49.05717,1.16863,07:20:00,2024-11-13
202400025029,18:25,Plein jour,50,50129,2,1,1,2.0,boulevard de l'Est,49.63597,-1.58031,18:25:00,2024-03-06
202400025030,10:00,Plein jour,77,77493,2,6,1,6.0,Rue de l'Egalite,48.644819,2.835395,10:00:00,2024-06-26
202400025031,13:25,Plein jour,25,25204,1,2,1,3.0,Point du Jour  (rue du),46.925328,6.356591,13:25:00,2024-11-14
202400025032,13:09,Plein jour,49,49007,2,1,1,6.0,PATTON AVENUE,47.47371,-0.58005,13:09:00,2024-03-06
202400025033,16:55,Plein jour,15,15012,1,1,1,6.0,RD 920,44.84499,2.47002,16:55:00,2024-11-10
202400025034,17:00,Plein jour,34,34199,1,1,1,1.0,Chemin de la carrière Mercadale,43.459091,3.430819,17:00:00,2024-06-26
202400025035,19:30,,49,49007,2,1,1,2.0,CHATEAU D'ORGEMONT RUE ET SQU,47.45183,-0.54484,19:30:00,2024-03-06
202400025036,17:10,,13,13210,2,2,1,3.0,MAURIAC (RUE),43.2715,5.42196,17:10:00,2024-11-14
202400025037,20:25,,49,49007,2,1,1,6.0,Boulevard Charles Barangé,47.46064,-0.57203,20:25:00,2024-03-06
202400025038,07:15,Crépuscule,84,84092,2,3,7,1.0,64 Avenue François Lascour,43.962595,4.863411,07:15:00,2024-06-23
202400025039,15:40,Plein jour,13,13204,2,1,1,6.0,D'ARRAS (BOULEVARD),43.30858058,5.40114423,15:40:00,2024-11-13
202400025040,18:00,,13,13005,2,1,1,2.0,GEMENOS (ROUTE DE CD2),43.29748888,5.58708286,18:00:00,2024-11-14
202400025041,19:28,Plein jour,42,42184,2,6,1,3.0,Boulevard Ouest,46.03104244,4.04583693,19:28:00,2024-03-07
202400025042,14:45,Plein jour,83,83077,1,3,1,3.0,RD 5,43.303168,5.987039,14:45:00,2024-06-26
202400025043,21:30,,10,10387,2,4,1,6.0,Avenue Anatole France,48.28397,4.07281,21:30:00,2024-11-13
202400025044,07:20,Plein jour,83,83055,1,1,1,6.0,Route de Seillans,43.624085,6.671534,07:20:00,2024-05-24
202400025045,13:55,Plein jour,39,39198,2,3,1,3.0,Avenue Jean Jaurès,47.093917,5.497793,13:55:00,2024-03-06
202400025046,09:00,Plein jour,06,06069,2,4,1,5.0,36 Avenue Antoine de Saint Exupéry,43.662,6.93377,09:00:00,2024-11-14
202400025047,11:50,Plein jour,37,37261,2,1,1,3.0,FROMENTEL (RUE),47.38232,0.69212,11:50:00,2024-03-07
202400025048,10:00,Plein jour,13,13110,1,2,1,3.0,D7n,43.483364,5.686626,10:00:00,2024-06-26
202400025049,07:45,Plein jour,06,06069,2,3,1,3.0,2 Avenue de l'Oliveraie,43.64858,6.93096,07:45:00,2024-11-14
202400025050,23:00,,35,35238,2,2,1,3.0,CHURCHILL (AVENUE SIR WINSTON),48.12034,-1.70828,23:00:00,2024-03-07
202400025051,09:22,Plein jour,02,02691,2,1,1,6.0,Unknown,49.8652,3.28992,09:22:00,2024-11-13
202400025052,15:00,Plein jour,35,35238,2,1,1,3.0,PATIS TATELIN (LIEU-DIT LE),48.133,-1.639,15:00:00,2024-03-07
202400025053,11:50,Plein jour,69,69019,2,1,1,6.0,Route Départementale 337,46.119171,4.715747,11:50:00,2024-06-27
202400025054,19:55,,01,01031,2,9,1,3.0,FORGE DE N°     A  N°    (RTE DE LA),46.25099,5.6353,19:55:00,2024-11-05