Num_Acc,hrmn,lum,dep,com,agg,int,atm,col,adr,lat,long,heure,date
202400025055,14:16,Plein jour,34,34172,2,1,1,3.0,TOULOUSE (AVENUE DE,43.592563,3.8588,14:16:00,2024-03-07
202400025056,19:59,Plein jour,64,64407,2,1,1,7.0,D712,43.477231,-1.433162,19:59:00,2024-06-26
202400025057,06:57,Plein jour,33,33548,1,1,1,7.0,Unknown,44.970696,-0.30184,06:57:00,2024-06-26
202400025058,13:00,Plein jour,34,34172,2,4,1,3.0,BOUISSON-BERTRAND (AVENUE),43.6171,3.87332,13:00:00,2024-03-07
202400025059,16:54,Plein jour,75,75113,2,3,1,3.0,BOULEVARD VINCENT AURIOL,48.837288,2.373786,16:54:00,2024-11-13
202400025060,20:30,,33,33063,2,1,1,2.0,Unknown,44.83191,-0.55781,20:30:00,2024-03-07
202400025061,02:00,Nuit sans éclairage,50,50095,1,1,1,6.0,2108 route de la vire,49.08823,-1.133523,02:00:00,2024-06-26
202400025062,09:50,Plein jour,75,75120,2,2,1,3.0,BOULEVARD DE MENILMONTANT,48.859832,2.388756,09:50:00,2024-11-14
202400025063,17:45,Plein jour,76,76057,2,9,1,3.0,Rue Jean Jaurès,49.54567484,0.95428191,17:45:00,2024-06-20
202400025064,18:20,Plein jour,33,33162,2,3,1,3.0,Unknown,44.88734,-0.64221,18:20:00,2024-03-07
202400025065,13:55,Plein jour,62,62235,1,1,7,1.0,D240,50.65330996,1.6487844,13:55:00,2024-06-26
202400025066,17:10,Plein jour,33,33009,2,1,1,3.0,Unknown,44.66019,-1.165014,17:10:00,2024-03-06
202400025067,08:32,Plein jour,75,75116,2,3,1,3.0,BOULEVARD SUCHET,48.851927,2.261178,08:32:00,2024-11-14
202400025068,18:13,Plein jour,59,59378,1,1,1,6.0,AUTOROUTE A22,50.67406,3.1142,18:13:00,2024-06-24
202400025069,10:30,Plein jour,75,75115,2,3,1,2.0,AVENUE DE LA PORTE BRANCION,48.827567,2.301096,10:30:00,2024-11-14
202400025070,11:30,Plein jour,31,31555,2,1,1,3.0,BARCELONE (ALL DE) DU 16AU 156,43.609211,1.42351,11:30:00,2024-03-07
202400025071,21:51,Crépuscule,91,91471,1,1,1,2.0,RN 118,48.6961,2.1924,21:51:00,2024-06-25
202400025072,12:30,Plein jour,31,31069,1,1,1,3.0,CORNEBARRIEU (ROUTE DE),43.6445,1.36189,12:30:00,2024-03-07
202400025073,20:09,,75,75113,2,2,1,3.0,BOULEVARD MASSENA,48.820121,2.364641,20:09:00,2024-11-14
202400025074,23:45,,28,28134,2,1,1,6.0,SAINT THIBAULT (RUE),48.733552,1.353761,23:45:00,2024-03-07
202400025075,14:20,Plein jour,92,92036,1,1,1,2.0,A86,48.93565576,2.26424299,14:20:00,2024-06-26
202400025076,20:50,Crépuscule,93,93001,1,1,1,6.0,A86,48.92093891,2.37306833,20:50:00,2024-06-26
202400025077,11:25,Plein jour,75,75113,2,3,1,3.0,AVENUE D ITALIE,48.822828,2.358441,11:25:00,2024-11-14
202400025078,05:05,,25,25462,2,2,1,3.0,MARPAUD,46.90224,6.35437,05:05:00,2024-03-07
202400025079,07:45,Plein jour,93,93053,1,1,1,3.0,A3,48.89332229,2.47257373,07:45:00,2024-06-26
202400025080,19:40,,75,75108,2,3,1,6.0,BOULEVARD MALESHERBES,48.880092,2.313458,19:40:00,2024-11-14
202400025081,18:00,Plein jour,24,24037,1,1,1,4.0,RD 936 E1,44.8339,0.4507,18:00:00,2024-02-26
202400025082,22:10,Nuit sans éclairage,93,93053,1,1,1,3.0,A3,48.88380049,2.46676219,22:10:00,2024-06-25
202400025083,06:10,,75,75108,2,1,1,7.0,AVENUE DES CHAMPS ELYSEES,48.866284,2.318582,06:10:00,2024-11-14
202400025084,09:15,Plein jour,94,94018,1,1,1,3.0,A4,48.82465601,2.39368239,09:15:00,2024-06-26
202400025085,03:25,Nuit sans éclairage,94,94042,1,1,1,2.0,A4,48.82832701,2.4742197,03:25:00,2024-06-26
202400025086,16:05,Plein jour,75,75108,2,7,1,3.0,PLACE DE LA CONCORDE,48.866452,2.321853,16:05:00,2024-11-13
202400025087,14:15,Plein jour,14,14425,1,1,1,7.0,D511,49.08782894,0.11214495,14:15:00,2024-03-30
202400025088,18:00,Nuit sans éclairage,14,14666,2,1,1,3.0,6bis Route de Caen,49.17844076,-0.21735281,18:00:00,2024-01-02
202400025089,20:15,,75,75101,2,2,1,6.0,RUE MONTMARTRE,48.864788,2.345133,20:15:00,2024-11-14
202400025090,11:50,Plein jour,13,13056,2,3,1,3.0,CD 5 (Route d'Istres),43.4248,5.05366,11:50:00,2024-02-03
202400025091,11:55,Plein jour,75,75103,2,3,1,3.0,BOULEVARD DU TEMPLE,48.863068,2.36674,11:55:00,2024-11-14
202400025092,16:50,Plein jour,974,97411,2,1,1,1.0,LATTRE DE TASSIGNY (AVENUE MARECHAL DE),-20.88978,55.47747,16:50:00,2024-06-24
202400025093,08:30,Plein jour,75,75103,2,3,1,2.0,RUE DU TEMPLE,48.867182,2.362819,08:30:00,2024-11-14
202400025094,05:25,Crépuscule,974,97411,2,6,1,7.0,JAURES (BOULEVARD JEAN),-20.90072,55.49202,05:25:00,2024-06-24
202400025095,19:15,,94,94081,2,1,1,6.0,Avenue de l'Abbé Roger Derry,48.789709,2.390134,19:15:00,2024-11-13
202400025096,16:15,Plein jour,94,94044,2,1,1,6.0,Rue Albert Garry,48.75551551,2.48094262,16:15:00,2024-11-14
202400025097,18:55,Plein jour,69,69387,2,3,1,3.0,Rue Etienne Jayet,45.74147,4.8404,18:55:00,2024-06-25
202400025098,08:25,Plein jour,972,97213,2,1,2,6.0,ROUTE DEPARTEMENTALE 13,14.63065,-61.02951,08:25:00,2024-06-25
202400025099,06:17,,94,94078,2,1,1,3.0,Avenue du 8 Mai 1945,48.72806,2.44587,06:17:00,2024-11-14
202400025100,09:27,Plein jour,972,97209,1,6,1,4.0,BEAUSEJOUR JAMBETTE (ROUTE DE ),14.62732,-61.0403,09:27:00,2024-06-24
202400025101,09:30,Plein jour,94,94068,2,2,1,6.0,Rue de la Varenne,48.80915,2.47218,09:30:00,2024-11-14
202400025102,08:40,Plein jour,971,97113,2,1,2,1.0,SECTION GRANDE RAVINE,16.2166251,-61.48112297,08:40:00,2024-06-24
202400025103,12:02,Plein jour,94,94042,2,1,1,6.0,Avenue du Général Galliéni,48.819995,2.480996,12:02:00,2024-11-14
202400025104,20:45,,971,97101,1,1,3,6.0,DE LA BALANCE (CHEMIN),16.29371505,-61.49980724,20:45:00,2024-06-23
202400025105,22:40,,94,94046,2,3,1,3.0,Avenue du Général Leclerc,48.81012,2.43292,22:40:00,2024-11-13
202400025106,19:25,Plein jour,93,93062,2,1,1,3.0,RESISTANCE (AVENUE DE LA),48.89622,2.51468,19:25:00,2024-11-14
202400025107,08:00,Plein jour,2A,2A004,2,4,1,3.0,830 Chemin de Loretto,41.9313,8.7284,08:00:00,2024-06-25
202400025108,18:20,,93,93051,2,1,8,3.0,NEUILLY (ROUTE),48.84899792,2.53758268,18:20:00,2024-11-12
202400025109,18:00,,93,93050,2,1,1,3.0,HIPPOLYTE  PINA  (RUE),48.87131,2.54438,18:00:00,2024-11-14
202400025110,16:29,Plein jour,93,93079,2,9,1,6.0,DIVISION LECLERC (AV),48.95281,2.34344,16:29:00,2024-11-13
202400025111,08:55,Plein jour,93,93007,2,9,1,3.0,CHARLES FLOQUET (AVENUE),48.94046355,2.44545704,08:55:00,2024-11-14
202400025112,17:51,,92,92064,2,1,1,6.0,CARNOT,48.84614388,2.22391337,17:51:00,2024-11-14
202400025113,10:15,Plein jour,92,92051,2,1,2,3.0,"BINEAU (BOULEVARD, N°133 A 217 ET 134 A",48.88950402,2.2725901,10:15:00,2024-11-12
202400025114,21:30,,92,92035,2,1,3,6.0,Général de Gaulle  ( avenue du ),48.90961,2.25508,21:30:00,2024-10-07
202400025115,10:04,Plein jour,92,92026,2,1,1,2.0,BEZONS (DE 23 A FIN),48.8964074,2.24858075,10:04:00,2024-11-14
202400025116,08:30,Plein jour,92,92023,2,1,1,6.0,HENRI BARBUSSE (AVENUE),48.80582151,2.25914285,08:30:00,2024-11-14
202400025117,17:45,Crépuscule,92,92004,2,1,1,6.0,VOLTAIRE ( BD ),48.91649,2.28934,17:45:00,2024-11-13
202400025118,17:30,Crépuscule,86,86153,1,1,1,6.0,D727,46.389859,0.680585,17:30:00,2024-11-15
202400025119,00:10,Nuit avec éclairage,01,01248,1,1,1,3.0,d1083,45.912743,4.940929,00:10:00,2024-11-15
202400025120,14:45,Plein jour,33,33154,1,3,1,2.0,Unknown,45.096125,-0.040582,14:45:00,2024-11-14
202400025121,18:00,,972,97217,2,1,1,6.0,Route nationale 5,14.472372,-60.878441,18:00:00,2024-11-14
202400025122,15:20,Plein jour,38,38373,1,1,1,6.0,48 Chemin des Bouleaux,45.357958,5.544566,15:20:00,2024-11-12
202400025123,07:45,Plein jour,83,83054,2,9,1,3.0,Chemin Alphonse Lavallee,43.156084,6.043875,07:45:00,2024-11-08
202400025124,11:45,Plein jour,83,83087,1,1,1,3.0,pk 6 D560,43.385389,5.75,11:45:00,2024-11-14
202400025125,19:29,,18,18033,1,1,1,7.0,Rue Joseph Aristide Auxenfans,47.04726,2.34529,19:29:00,2024-03-07
202400025126,18:40,,62,62819,2,1,1,6.0,D943E1,50.77545998,2.19815969,18:40:00,2024-11-14
202400025127,22:30,Nuit sans éclairage,51,51105,1,1,5,7.0,PK 106.100,49.273601,4.091324,22:30:00,2024-11-14
202400025128,15:35,Plein jour,56,56167,1,1,1,2.0,Guernen,47.662407,-2.880146,15:35:00,2024-11-06
202400025129,21:40,,18,18033,2,2,1,3.0,Place Juranville,47.08328,2.38892,21:40:00,2024-03-06
202400025130,03:10,,76,76159,2,2,8,6.0,Rue de Saint Valery,49.787644,0.63887,03:10:00,2024-11-15
202400025131,21:15,,76,76263,2,7,2,6.0,13 Place Verte,49.465035,1.51599,21:15:00,2024-11-14
202400025132,17:30,Plein jour,17,17415,2,9,1,1.0,VIOLETTE SQUARE DU BATAILLON,45.733458,-0.647542,17:30:00,2024-03-06
202400025133,12:23,Plein jour,80,80373,2,1,1,1.0,Rue Charles de Gaulle,49.98887,1.55316,12:23:00,2024-11-05
202400025134,09:55,Plein jour,11,11206,2,7,1,3.0,Esplanade Francois Mitterrand,43.050809,2.219423,09:55:00,2024-11-15
202400025135,16:45,Plein jour,63,63430,2,1,7,6.0,45 Avenue Léo Lagrange,45.848469,3.533022,16:45:00,2024-11-15
202400025136,04:50,Nuit sans éclairage,63,63357,1,1,1,6.0,D48,45.47100056,3.15957443,04:50:00,2024-11-15
202400025137,14:35,Plein jour,14,14118,2,1,1,4.0,20 Cours Montalivet,49.17936,-0.34287,14:35:00,2024-03-07
202400025138,17:45,Plein jour,13,13202,2,1,1,3.0,JOLIETTE (RUE DE LA),43.3027,5.37106,17:45:00,2024-03-07
202400025139,07:45,Plein jour,41,41002,2,1,1,1.0,4 Route de Serelle,47.331237,1.227579,07:45:00,2024-11-14
202400025140,00:40,,34,34101,2,1,1,7.0,Place de la République,43.382863,3.46595,00:40:00,2024-11-11
202400025141,17:30,Plein jour,13,13216,2,1,1,3.0,LE PELLETIE (RUE),43.36252,5.31891,17:30:00,2024-03-07
202400025142,14:30,Plein jour,38,38315,2,1,1,3.0,279 Avenue de la Folatière,45.536238,5.652168,14:30:00,2024-11-09
202400025143,10:09,,02,02227,2,4,2,3.0,10 La Grande Rue,49.148396,3.575929,10:09:00,2024-11-14
202400025144,08:02,Plein jour,13,13075,2,3,1,1.0,L'ENJOLRAS (AVE DE),43.337663,5.4527925,08:02:00,2024-03-07
202400025145,13:50,Plein jour,13,13047,2,6,1,3.0,GEORGES GUYNEMER AVENUE,43.51871,4.96668,13:50:00,2024-03-06
202400025146,07:23,Crépuscule,01,01183,2,5,1,3.0,D933,46.10471,4.77637,07:23:00,2024-11-14
202400025147,15:15,Plein jour,12,12084,1,1,1,2.0,ISSIS A CREISSELS (VOIE COMMUNALE N°2 D',44.081498,3.041513,15:15:00,2024-03-07
202400025148,09:15,Plein jour,09,09056,1,1,1,2.0,D119,43.149548,1.589777,09:15:00,2024-11-15
202400025149,10:53,Plein jour,10,10387,2,1,1,6.0,LOMBARDS (AVENUE),48.278,4.0674,10:53:00,2024-03-06
202400025150,17:15,Crépuscule,45,45046,1,3,1,5.0,D955 PR 14 + 239,47.976148,1.74777,17:15:00,2024-11-14
202400025151,17:30,,75,75120,2,1,2,5.0,BD PERIPHERIQUE EXTERIEUR,48.874096,2.411362,17:30:00,2024-03-06
202400025152,06:20,Nuit sans éclairage,75,75115,2,4,1,6.0,BD PERIPHERIQUE INTERIEUR,48.83315152,2.27890134,06:20:00,2024-03-07
202400025153,16:20,Plein jour,36,36053,1,5,1,3.0,D927,46.586616,1.245908,16:20:00,2024-11-14
202400025154,09:00,Plein jour,75,75105,2,1,1,7.0,QUAI SAINT MICHEL,48.853339,2.345965,09:00:00,2024-03-07
202400025155,14:40,Plein jour,36,36208,1,2,1,7.0,Unknown,46.52909726,2.0647645,14:40:00,2024-11-15
202400025156,14:58,Plein jour,75,75119,2,6,1,3.0,AVENUE DE LA PORTE CHAUMONT,48.886186,2.396439,14:58:00,2024-03-07
202400025157,16:00,Plein jour,07,07117,1,1,1,5.0,Route de Payzac,44.46275015,4.20058641,16:00:00,2024-11-14
202400025158,09:10,Plein jour,75,75117,2,3,1,3.0,RUE CARDINET,48.890216,2.317273,09:10:00,2024-03-07
202400025159,18:15,Crépuscule,40,40303,1,2,1,3.0,D44,44.145061,-0.896716,18:15:00,2024-11-14
202400025160,10:10,Plein jour,75,75116,2,2,1,2.0,AVENUE KLEBER,48.872441,2.294086,10:10:00,2024-03-07
202400025161,15:30,Plein jour,40,40051,2,3,1,1.0,Route de Mont-de-marsan,43.889741,-0.398064,15:30:00,2024-11-15
202400025162,09:40,Plein jour,75,75117,2,1,1,3.0,RUE DE COURCELLES,48.889037,2.293263,09:40:00,2024-03-07
202400025163,18:30,Nuit sans éclairage,17,17236,1,1,1,2.0,Lieu Dit Courpe,45.351546,-0.574787,18:30:00,2024-11-13
202400025164,11:29,Plein jour,75,75115,2,2,1,6.0,AVENUE EMILE ZOLA,48.846484,2.285393,11:29:00,2024-03-07
202400025165,06:50,Crépuscule,87,87043,1,1,1,7.0,12 route de saint-léonard de noblat,45.830436,1.627833,06:50:00,2024-11-15
202400025166,03:45,Nuit sans éclairage,68,68375,1,1,1,7.0,Route Nationale 66,47.772862,7.226855,03:45:00,2024-11-14
202400025167,09:45,Plein jour,75,75115,2,2,1,3.0,RUE DE LA CONVENTION,48.844759,2.279914,09:45:00,2024-03-07
202400025168,08:55,Plein jour,13,13113,2,3,7,6.0,Avenue de la Grande Terre,43.599441,5.488172,08:55:00,2024-11-15
202400025169,16:15,Plein jour,75,75114,2,1,1,2.0,AVENUE DENFERT ROCHEREAU,48.835165,2.33312,16:15:00,2024-03-07
202400025170,08:35,Plein jour,64,64216,1,1,1,2.0,PK 120+900,43.261987,-0.160074,08:35:00,2024-11-15
202400025171,12:30,Plein jour,31,31506,2,1,1,6.0,Avenue de Revel,43.549858,1.535516,12:30:00,2024-11-15
202400025172,10:30,Plein jour,75,75114,2,3,1,3.0,AVENUE DU GENERAL LECLERC,48.824711,2.326008,10:30:00,2024-03-07
202400025173,14:50,Plein jour,75,75114,2,2,1,3.0,AVENUE DE LA PORTE DE CHATILLON,48.822623,2.314556,14:50:00,2024-03-04
202400025174,21:25,,62,62369,1,9,1,6.0,A1,50.325108,2.910905,21:25:00,2024-11-13
202400025175,19:00,,75,75112,2,7,1,6.0,BOULEVARD DE PICPUS,48.844826,2.402091,19:00:00,2024-03-06
202400025176,17:55,,971,97107,1,1,1,1.0,RN1 - Intersection Rue Alfred Balon,16.076486,-61.562201,17:55:00,2024-11-14
202400025177,07:50,Crépuscule,29,29233,2,1,1,6.0,Boulevard de Kerneuzec,47.882298,-3.552779,07:50:00,2024-11-15
202400025178,22:10,,75,75111,2,2,1,3.0,RUE AMELOT,48.860794,2.367867,22:10:00,2024-03-07
202400025179,17:25,Crépuscule,78,78381,1,1,1,1.0,D115,48.78165,1.605591,17:25:00,2024-11-13
202400025180,18:20,Crépuscule,75,75111,2,3,1,6.0,RUE DE LA ROQUETTE,48.858,2.381598,18:20:00,2024-03-07
202400025181,13:40,Plein jour,84,84092,2,6,1,3.0,Rue des Tonneliers,43.982193,4.861579,13:40:00,2024-11-15
202400025182,21:45,,75,75109,2,3,1,3.0,RUE LA FAYETTE,48.876528,2.34652,21:45:00,2024-03-06
202400025183,06:32,Nuit sans éclairage,83,83088,1,1,1,2.0,D554 PK78+600,43.308071,5.993503,06:32:00,2024-11-14
202400025184,17:45,Plein jour,75,75108,2,7,1,3.0,PLACE DE LA CONCORDE,48.867263,2.320808,17:45:00,2024-03-07
202400025185,11:45,Plein jour,75,75103,2,3,1,7.0,RUE SAINT MARTIN,48.867685,2.354913,11:45:00,2024-03-07
202400025186,10:00,Plein jour,68,68113,2,3,1,3.0,9 Route de Selestat,48.188596,7.395397,10:00:00,2024-11-15
202400025187,17:40,Nuit sans éclairage,67,67520,1,1,2,1.0,RD75,48.61597,7.442341,17:40:00,2024-11-14
202400025188,20:30,,94,94068,2,3,8,2.0,Boulevard Maurice Berteaux / Boulevard du Général Leclerc,48.81141011,2.46892646,20:30:00,2024-03-05
202400025189,10:07,Plein jour,57,57752,1,1,1,6.0,route nationale 61,49.076568,7.022929,10:07:00,2024-11-14
202400025190,13:56,Plein jour,57,57039,1,1,2,6.0,Rue Saint-Blaise,49.057515,6.107615,13:56:00,2024-11-11
202400025191,13:10,Plein jour,94,94076,2,1,1,4.0,141 Avenue de Paris,48.80046797,2.36531853,13:10:00,2024-03-07
202400025192,16:40,Plein jour,17,17021,2,6,1,1.0,109 Avenue de l'Etrade,45.757841,-1.140475,16:40:00,2024-11-14
202400025193,17:30,Plein jour,94,94038,2,1,1,6.0,Rue Jules Ferry,48.77803,2.3477,17:30:00,2024-03-07
202400025194,19:20,Nuit sans éclairage,13,13071,1,1,1,2.0,A7-Sens Lyon vers Marseille,43.40498387,5.3398132,19:20:00,2024-11-10
202400025195,22:27,,94,94028,2,6,2,4.0,Route de Choisy / Avenue du Maréchal Foch,48.77478,2.43945,22:27:00,2024-03-05
202400025196,08:30,Plein jour,33,33063,1,1,1,3.0,Unknown,44.887682,-0.576346,08:30:00,2024-11-14
202400025197,10:15,Plein jour,94,94028,2,3,8,1.0,Avenue Laferrière,48.803579,2.462105,10:15:00,2024-03-05
202400025198,18:00,Nuit sans éclairage,62,62624,1,1,1,2.0, A21,50.42691,3.0015,18:00:00,2024-11-08
202400025199,22:45,,94,94022,2,3,1,3.0,Rue Demanieux / Passage Bertrand,48.772333,2.402542,22:45:00,2024-03-07
202400025200,19:00,,94,94043,1,1,1,5.0,A6B,48.80698476,2.34657371,19:00:00,2024-11-14
202400025201,22:20,,93,93008,1,1,1,7.0,AUTOROUTE A86,48.90892746,2.44905923,22:20:00,2024-11-13
202400025202,17:09,Plein jour,94,94017,2,1,1,2.0,Avenue François Mitterrand,48.8156,2.5145,17:09:00,2024-03-07
202400025203,08:45,Plein jour,93,93066,1,1,1,2.0,AUTOROUTE A1,48.91224353,2.3578075,08:45:00,2024-11-13
202400025204,14:30,Plein jour,95,95500,1,1,1,4.0,A15,49.03753486,2.09060913,14:30:00,2024-11-12
202400025205,17:05,Plein jour,94,94002,2,3,1,3.0,Quai Blanqui / Rue du Port à l'Anglais,48.80571,2.41096,17:05:00,2024-03-06
202400025206,18:00,Nuit sans éclairage,94,94017,1,1,1,2.0,A4,48.8292705,2.48085549,18:00:00,2024-11-14
202400025207,14:00,Plein jour,93,93013,2,1,1,3.0,Rue de Verdun,48.93038314,2.41644233,14:00:00,2024-03-07
202400025208,19:15,,93,93047,2,1,1,6.0,Rue Henri Barbusse,48.90053322,2.56796408,19:15:00,2024-03-06
202400025209,13:30,Plein jour,94,94073,1,1,1,4.0,A86,48.77125451,2.39124438,13:30:00,2024-11-14
202400025210,10:00,Plein jour,94,94073,1,1,1,5.0,A86,48.77107455,2.38866733,10:00:00,2024-11-14
202400025211,18:45,,93,93057,2,3,1,1.0,Avenue Jean Jaurès / Allée Jean-baptiste Clément,48.905981,2.500302,18:45:00,2024-03-07
202400025212,17:50,Crépuscule,94,94046,1,1,1,2.0,A86,48.80959275,2.44911608,17:50:00,2024-11-13
202400025213,17:55,Nuit sans éclairage,94,94069,1,1,1,2.0,A86,48.81626132,2.45282484,17:55:00,2024-11-13
202400025214,12:45,Plein jour,92,92046,2,2,7,3.0,GARMANTS (RUE DES),48.81281969,2.27969357,12:45:00,2024-03-07
202400025215,17:45,Nuit sans éclairage,77,77122,1,1,1,2.0,RN104,48.66330471,2.61359837,17:45:00,2024-11-13
202400025216,07:45,Plein jour,974,97416,2,1,1,6.0,VILRIS(CHEMIN),-21.29861,55.44978,07:45:00,2024-11-13
202400025217,16:35,Plein jour,92,92073,2,2,1,3.0,WASHINGTON (BOULEVARD),48.87047293,2.21814555,16:35:00,2024-03-07
202400025218,16:35,Plein jour,974,97411,2,1,1,6.0,METEO (CHEMIN DE LA),-20.88493,55.4288,16:35:00,2024-11-13
202400025219,20:26,,92,92064,2,1,1,3.0,MONT VALERIEN,48.85427323,2.21566415,20:26:00,2024-03-07
202400025220,10:50,Plein jour,92,92062,2,1,1,2.0,DE DION BOUTON (QUAI) DU 29 AU 65,48.88024668,2.24479938,10:50:00,2024-03-07
202400025221,16:00,Plein jour,92,92049,2,2,1,3.0,JAURES AVENUE JEAN N°53 A FIN,48.8135796,2.30682421,16:00:00,2024-03-07
202400025222,18:45,,92,92040,2,1,1,3.0,PASTEUR (AVENUE),48.82100328,2.26232805,18:45:00,2024-03-07
202400025223,17:50,Plein jour,92,92025,2,1,1,6.0,COLBERT  55 A 113   42 A 102 (RUE),48.91149513,2.23653023,17:50:00,2024-03-07
202400025224,18:55,Crépuscule,92,92024,2,1,1,3.0,GENERAL ROGUET (RUE DU) DE (1 A 57)   (2,48.90534629,2.31294107,18:55:00,2024-03-07
202400025225,20:25,,92,92023,2,1,1,1.0,GENERAL DE GAULLE (AVENUE DU) N°2 A 132,48.79230397,2.26853156,20:25:00,2024-03-07
202400025226,07:40,Plein jour,92,92019,2,2,1,3.0,PLESSIS (AVENUE DU),48.77910735,2.28000981,07:40:00,2024-03-07
202400025227,09:47,Plein jour,92,92012,2,3,1,5.0,GALLIENI (RUE) 142/FIN,48.83462152,2.22597063,09:47:00,2024-03-07
202400025228,00:40,,92,92014,2,1,1,6.0,BIEVRE (RUE DE LA),48.77999,2.32435,00:40:00,2024-03-07
202400025229,06:10,Crépuscule,2A,2A189,1,1,1,1.0,RT 40,41.69743,8.903818,06:10:00,2024-03-08
202400025230,19:15,,22,22368,2,1,1,1.0,Rue de Dinan,48.552034,-2.061374,19:15:00,2024-03-07
202400025231,12:30,Plein jour,10,10030,2,1,1,3.0,Rue de la Gare,48.337431,4.029896,12:30:00,2024-03-08
202400025232,22:50,Nuit sans éclairage,972,97207,2,9,1,5.0,Route de Morne vert,14.580453,-60.962657,22:50:00,2024-03-05
202400025233,01:15,Nuit avec éclairage,55,55242,1,1,1,2.0,autoroute A4 - PK 272.200,49.12777909,5.64433599,01:15:00,2024-03-08
202400025234,08:55,Plein jour,01,01446,1,2,1,3.0,Unknown,46.022848,4.898432,08:55:00,2024-03-07
202400025235,20:50,Nuit sans éclairage,86,86165,1,1,1,6.0,Lieu Dit la Rue,46.460102,0.861278,20:50:00,2024-03-07
202400025236,15:12,Plein jour,60,60083,2,1,1,6.0,Rue de Villers,49.283302,2.998853,15:12:00,2024-03-07
202400025237,19:15,Nuit sans éclairage,71,71215,1,1,2,3.0,Route de Chalon,46.867112,4.948719,19:15:00,2024-02-18
202400025238,16:55,Plein jour,38,38186,2,1,1,3.0,Route du Col de l?Allimas,44.90235,5.567676,16:55:00,2024-03-05
202400025239,22:30,Nuit sans éclairage,80,80655,2,3,1,1.0,rue de la liberation,49.958247,1.990156,22:30:00,2024-03-07
202400025240,16:30,Plein jour,49,49069,1,1,1,7.0,D763 SAINT LAURENT DES AUTELS,47.273751,-1.197006,16:30:00,2024-02-29
202400025241,08:30,Plein jour,12,12102,1,1,1,7.0,Flavin,44.274566,2.611377,08:30:00,2024-03-07
202400025242,08:30,Plein jour,39,39458,1,2,1,3.0,Unknown,46.616295,5.609478,08:30:00,2024-03-08
202400025243,17:00,Plein jour,29,29220,1,3,1,3.0,Route de Combrit,47.88373139,-4.20516445,17:00:00,2024-03-07
202400025244,12:00,Plein jour,02,02822,1,2,1,2.0,Unknown,49.313394,3.10316,12:00:00,2024-03-08
202400025245,18:30,Nuit sans éclairage,02,02131,1,9,1,6.0,Unknown,49.391281,3.374487,18:30:00,2024-03-07
202400025246,15:35,Plein jour,56,56121,1,1,2,4.0,D465 Desserte Portuaire,47.73707,-3.37787,15:35:00,2024-12-19
202400025247,18:00,Crépuscule,15,15187,1,1,7,6.0,RD 44,45.032618,3.051426,18:00:00,2024-03-06
202400025248,17:50,,54,54375,2,3,2,3.0,Avenue du Général Eisenhower,48.90214029,6.0361129,17:50:00,2024-12-15
202400025249,17:30,Crépuscule,26,26005,1,1,1,4.0,Route de Montelimar,44.519108,4.77459,17:30:00,2024-03-06
202400025250,05:10,,54,54395,2,2,3,6.0,VERDUN (rue de),48.69722195,6.17032126,05:10:00,2024-12-19
202400025251,08:15,Plein jour,66,66016,2,1,2,6.0,avenue Pierre Fabre,42.48098859,3.13013256,08:15:00,2024-03-08
202400025252,07:45,,54,54323,2,1,2,6.0,Avenue André Malraux,49.52141501,5.76032549,07:45:00,2024-12-19
202400025253,18:20,,54,54280,2,3,2,6.0,Avenue de la République,49.22322,6.00644,18:20:00,2024-12-19
202400025254,13:50,Plein jour,50,50513,1,2,1,3.0,Rue de la Liberte,48.968808,-1.296065,13:50:00,2024-03-08
202400025255,16:45,Plein jour,52,52448,2,9,1,6.0,SALENGRO (AVENUE ROGER),48.63986,4.91972,16:45:00,2024-12-10
202400025256,13:39,Plein jour,90,90094,1,9,8,5.0,N19,47.581968,6.870677,13:39:00,2024-03-07
202400025257,15:45,Plein jour,50,50218,2,1,1,6.0,ARISTIDE BRIAND (AVENUE),48.83625,-1.5822,15:45:00,2024-12-19
202400025258,07:20,Nuit sans éclairage,50,50129,1,1,2,6.0,BREQUECAL (RUE DE),49.62925,-1.55651,07:20:00,2024-12-18
202400025259,20:24,,49,49007,2,6,2,3.0,CHESNAIES,47.47427,-0.51584,20:24:00,2024-12-18
202400025260,19:20,Nuit sans éclairage,24,24311,1,1,1,1.0,départementale 675,45.552165,0.67317,19:20:00,2024-03-07
202400025261,16:30,Plein jour,49,49007,2,1,2,3.0,SAINT NICOLAS,47.47431,-0.56684,16:30:00,2024-12-18
202400025262,00:50,Nuit sans éclairage,04,04116,1,1,1,6.0,d4,44.045586,6.014671,00:50:00,2024-03-08
202400025263,20:00,,45,45004,2,1,1,6.0,196 Rue du Maréchal Juin,47.974416,2.775781,20:00:00,2024-12-19
202400025264,11:25,Plein jour,43,43041,2,1,1,3.0,Avenue Charles Dupuy,45.04855,3.92177,11:25:00,2024-12-19
202400025265,11:00,Plein jour,04,04127,1,1,1,1.0,D4096,44.066497,5.978955,11:00:00,2024-03-07
202400025266,11:00,Plein jour,43,43089,2,1,1,3.0,74 Avenue de L 'Hermitage,45.055846,3.860278,11:00:00,2024-12-19