Num_Acc,hrmn,lum,dep,com,agg,int,atm,col,adr,lat,long,heure,date
202400025267,19:45,,43,43157,2,1,1,3.0,Place du Breuil,45.04203,3.8848,19:45:00,2024-12-18
202400025268,14:50,Plein jour,30,30346,1,1,2,5.0,D981,43.955074,4.534907,14:50:00,2024-03-08
202400025269,11:50,Plein jour,38,38185,2,3,2,6.0,PONT MARIUS GONTARD,45.19358,5.72386,11:50:00,2024-12-19
202400025270,15:30,Plein jour,52,52227,2,1,1,6.0,8 Voie Romaine,48.172295,5.634944,15:30:00,2024-03-08
202400025271,10:45,Plein jour,37,37261,2,2,1,3.0,MARCEAU (RUE),47.39247,0.68546,10:45:00,2024-12-19
202400025272,11:20,Plein jour,08,08113,2,1,2,1.0,1 Rue des Coutures,49.651501,4.250384,11:20:00,2024-02-29
202400025273,17:10,,37,37233,2,2,2,3.0,CACHIN (RUE MARCEL),47.39682,0.73837,17:10:00,2024-12-18
202400025274,21:00,Nuit sans éclairage,67,67108,1,6,9,7.0,D392,48.524514,7.584195,21:00:00,2024-03-05
202400025275,11:13,Plein jour,36,36044,2,2,8,3.0,Avenue John Kennedy,46.793,1.691494,11:13:00,2024-12-18
202400025276,17:45,Plein jour,13,13001,2,9,1,3.0,2036 Route de Sisteron,43.555176,5.459733,17:45:00,2024-03-06
202400025277,01:53,Nuit sans éclairage,33,33281,2,1,2,6.0,Unknown,44.84495,-0.63546,01:53:00,2024-12-20
202400025278,08:30,Plein jour,06,06149,1,1,1,6.0,"a500 , pk 001.200, sens NICE MONACO",43.746282,7.379991,08:30:00,2024-03-08
202400025279,19:05,,33,33318,2,1,2,3.0,Unknown,44.80977,-0.6252,19:05:00,2024-12-19
202400025280,09:10,Plein jour,11,11170,1,6,1,6.0,Unknown,43.116993,3.08814,09:10:00,2024-03-07
202400025281,17:10,Crépuscule,33,33039,2,2,2,3.0,Unknown,44.81461,-0.55302,17:10:00,2024-12-19
202400025282,18:50,Nuit sans éclairage,971,97106,1,1,1,1.0,Route de la Traversee,16.179052,-61.748416,18:50:00,2024-03-07
202400025283,15:50,Plein jour,33,33192,2,2,1,3.0,Unknown,44.77846,-0.6097,15:50:00,2024-12-18
202400025284,15:53,Plein jour,28,28094,1,1,1,6.0,D306.7,48.646407,1.500664,15:53:00,2024-03-07
202400025285,14:20,Plein jour,33,33063,2,1,2,2.0,Unknown,44.82105,-0.58251,14:20:00,2024-12-19
202400025286,18:10,Crépuscule,77,77490,1,1,2,5.0,D17,49.039498,3.076946,18:10:00,2024-03-06
202400025287,08:15,,33,33063,2,9,1,3.0,Unknown,44.83267,-0.56083,08:15:00,2024-12-19
202400025288,00:35,Nuit avec éclairage,77,77196,1,1,1,2.0,pk 11 N3,48.948051,2.738541,00:35:00,2024-03-08
202400025289,16:00,Plein jour,33,33063,2,6,1,6.0,Unknown,44.85927,-0.6302,16:00:00,2024-12-18
202400025290,22:14,Nuit sans éclairage,30,30155,1,1,1,6.0,D999,43.829225,4.465857,22:14:00,2024-01-05
202400025291,00:30,,83,83023,2,6,1,3.0,Dn7,43.408908,6.042759,00:30:00,2024-03-08
202400025292,13:57,Plein jour,31,31555,2,1,2,3.0,BD LAZARE CARNOT,43.60045,1.45217,13:57:00,2024-12-19
202400025293,15:50,Plein jour,29,29039,2,6,1,3.0,maison blanche (rond point),47.888449,-3.918924,15:50:00,2024-12-19
202400025294,11:10,Plein jour,08,08188,2,3,7,1.0,Croisement entre la D979 et la D22,49.817074,4.827955,11:10:00,2024-03-08
202400025295,21:20,,29,29019,2,2,8,6.0,place Joseph Goez,48.386073,-4.500981,21:20:00,2024-12-18
202400025296,12:56,Plein jour,54,54217,2,3,1,3.0,Grande Rue,48.48210679,6.73460573,12:56:00,2024-03-08
202400025297,18:35,,29,29019,2,6,2,3.0,rue Victor Hugo,48.391411,-4.480327,18:35:00,2024-12-18
202400025298,12:15,Plein jour,29,29019,2,3,1,3.0,rue Marcellin Duval,48.41139,-4.486525,12:15:00,2024-12-18
202400025299,04:45,Nuit avec éclairage,54,54215,2,3,1,1.0,4 Rue de Nancy,48.754892,6.141337,04:45:00,2024-03-08
202400025300,13:45,Plein jour,29,29019,2,3,1,6.0,rue Jean Jaurès,48.398146,-4.474209,13:45:00,2024-12-16
202400025301,15:30,Plein jour,42,42041,1,1,1,2.0,Route de Feurs,45.710285,4.189439,15:30:00,2024-03-07
202400025302,21:45,Nuit sans éclairage,38,38026,1,1,1,3.0,"D65, PR 18+200",45.82213,5.312973,21:45:00,2024-03-07
202400025303,08:30,Plein jour,27,27681,1,1,2,5.0,EVREUX (ROUTE D'),49.075058,1.436125,08:30:00,2024-12-19
202400025304,16:15,Plein jour,81,81112,1,1,1,6.0,D988,43.9205504,2.0181208,16:15:00,2024-03-08
202400025305,11:15,Plein jour,25,25056,2,6,1,3.0,LAGRANGE  AVENUE LEO,47.24301,6.0076,11:15:00,2024-12-19
202400025306,07:55,,25,25056,2,9,2,6.0,DOLTO RUE,47.22263,5.95877,07:55:00,2024-12-19
202400025307,13:35,Plein jour,19,19041,1,3,1,1.0,Unknown,45.25090132,1.79229252,13:35:00,2024-03-07
202400025308,09:00,Plein jour,17,17306,2,1,3,6.0,Rue Pierre Loti,45.62749,-1.03203,09:00:00,2024-12-19
202400025309,14:40,Plein jour,35,35152,2,1,1,6.0,98 Rue de Rennes,48.21113,-1.515443,14:40:00,2024-03-07
202400025310,16:40,Plein jour,17,17274,1,1,1,1.0,D108,46.15567,-1.07087,16:40:00,2024-12-19
202400025311,14:55,Plein jour,60,60141,2,1,1,4.0,Avenue du General de Gaulle,49.182629,2.458405,14:55:00,2024-03-07
202400025312,21:39,,14,14118,2,1,1,6.0,69 VAUGUEUX ,49.18629,-0.36015,21:39:00,2024-12-12
202400025313,16:00,Plein jour,60,60581,2,3,1,1.0,40 Rue Mangin,49.502864,2.432474,16:00:00,2024-03-07
202400025314,21:40,,13,13205,2,9,1,3.0,BERCEAU (RUE),43.28817,5.3952,21:40:00,2024-12-18
202400025315,07:50,Crépuscule,13,13213,2,1,1,6.0,ALBERT EINSTEIN (RUE),43.33740403,5.43556958,07:50:00,2024-12-18
202400025316,17:30,Plein jour,60,60395,2,1,1,1.0,23 Boulevard Jean Racine,49.227667,2.141733,17:30:00,2024-03-08
202400025317,17:30,,12,12100,1,1,1,2.0,RD 840 (AXE BRIVE MEDITERRANEE),44.541307,2.310957,17:30:00,2024-12-05
202400025318,16:45,Plein jour,13,13202,1,1,1,3.0,A55-Sens Marseille vers Martigues,43.31831527,5.36356031,16:45:00,2024-03-06
202400025319,07:40,Crépuscule,11,11262,2,1,1,3.0,Unknown,43.17504,3.00368,07:40:00,2024-12-19
202400025320,17:50,,11,11069,2,1,2,6.0,17 Avenue Andre Maginot,43.21307,2.37177,17:50:00,2024-12-18
202400025321,08:25,Crépuscule,11,11069,2,1,1,6.0,Unknown,43.2118,2.3306,08:25:00,2024-12-19
202400025322,17:53,Plein jour,33,33075,1,1,1,4.0,ROCADE A 630,44.8897,-0.60567,17:53:00,2024-03-05
202400025323,22:05,,10,10357,2,2,1,2.0,GENERAL DE GAULLE (RUE DU),48.29756,4.12368,22:05:00,2024-12-19
202400025324,15:30,Plein jour,95,95277,1,1,1,4.0,A3,48.97998245,2.49663572,15:30:00,2024-03-07
202400025325,08:11,,07,07102,2,2,2,6.0,SADI-CARNOT (AV.) [DU N° AU N°],44.93077,4.87649,08:11:00,2024-12-19
202400025326,19:00,,06,06083,2,9,1,3.0,10 Rue Guyau,43.77683,7.50443,19:00:00,2024-12-18
202400025327,10:20,Plein jour,93,93027,1,1,1,4.0,A86,48.92242642,2.37962902,10:20:00,2024-03-07
202400025328,13:53,Plein jour,06,06030,2,9,1,3.0,2 Rue Colbert,43.57155,7.01749,13:53:00,2024-12-18
202400025329,10:50,Plein jour,93,93039,1,1,1,3.0,A86,48.9273418,2.33342354,10:50:00,2024-03-07
202400025330,07:15,Crépuscule,04,04112,1,1,1,4.0,D907,43.81113,5.81033,07:15:00,2024-12-09
202400025331,08:40,Plein jour,93,93013,1,1,1,2.0,A1,48.94024886,2.42276942,08:40:00,2024-03-07
202400025332,18:40,,75,75115,2,1,8,3.0,BD PERIPHERIQUE EXTERIEUR,48.829478,2.287441,18:40:00,2024-12-19
202400025333,20:40,,75,75118,2,9,1,3.0,BD PERIPHERIQUE EXTERIEUR,48.90090358,2.36372352,20:40:00,2024-12-12
202400025334,08:04,Crépuscule,75,75105,2,7,2,1.0,PLACE ERNEST DENIS,48.841738,2.337814,08:04:00,2024-12-19
202400025335,07:00,Plein jour,95,95154,1,1,1,4.0,A1,49.04321551,2.54423985,07:00:00,2024-03-07
202400025336,19:30,,75,75106,2,2,2,1.0,BOULEVARD DU MONTPARNASSE,48.84211243,2.32947958,19:30:00,2024-12-18
202400025337,20:05,Nuit sans éclairage,75,75120,1,1,1,5.0,A3,48.86633334,2.41393447,20:05:00,2024-03-06
202400025338,15:55,Plein jour,75,75105,2,1,1,3.0,RUE MONGE,48.839335,2.355114,15:55:00,2024-12-18
202400025339,18:15,Plein jour,93,93066,1,1,1,2.0,A1,48.90870238,2.3584095,18:15:00,2024-03-06
202400025340,08:05,Plein jour,75,75118,2,3,2,1.0,RUE DE L EVANGILE,48.895786,2.371218,08:05:00,2024-12-19
202400025341,08:45,Plein jour,93,93007,1,1,2,2.0,A1,48.95491941,2.45727922,08:45:00,2024-03-06
202400025342,21:30,,75,75117,2,2,1,3.0,RUE DE COURCELLES,48.879267,2.303064,21:30:00,2024-12-19
202400025343,21:00,Nuit sans éclairage,93,93005,1,1,1,4.0,A1,48.95878304,2.46482351,21:00:00,2024-03-05
202400025344,11:35,Plein jour,75,75117,2,2,1,3.0,AVENUE DE LA PORTE D ASNIERES,48.890175,2.303738,11:35:00,2024-12-19
202400025345,16:44,Plein jour,94,94046,1,1,1,3.0,A86,48.8048863,2.448527,16:44:00,2024-03-07
202400025346,03:05,,75,75116,2,1,2,6.0,ALLEE DU BORD DE L EAU,48.868477,2.235562,03:05:00,2024-12-19
202400025347,15:20,Plein jour,75,75116,2,3,1,6.0,RUE COROT,48.847144,2.270087,15:20:00,2024-12-18
202400025348,13:25,Plein jour,94,94052,1,1,1,2.0,A86,48.84027522,2.49328165,13:25:00,2024-03-07
202400025349,13:45,Plein jour,44,44109,2,2,8,6.0,18 Rue de Talensac,47.22192884,-1.55919885,13:45:00,2024-02-12
202400025350,09:25,Plein jour,75,75116,2,3,8,3.0,AVENUE VICTOR HUGO,48.868823,2.283315,09:25:00,2024-12-18
202400025351,13:05,Plein jour,75,75115,2,1,1,2.0,BOULEVARD PASTEUR,48.839328,2.316488,13:05:00,2024-12-19
202400025352,09:30,Plein jour,44,44020,1,1,8,3.0,Unknown,47.178658,-1.602996,09:30:00,2024-02-11
202400025353,07:05,,75,75115,2,7,1,6.0,PLACE CHARLES MICHELS,48.846797,2.285677,07:05:00,2024-12-19
202400025354,12:10,Plein jour,44,44020,1,1,8,4.0,Unknown,47.177,-1.61,12:10:00,2024-02-10
202400025355,11:30,Plein jour,75,75113,2,3,1,5.0,RUE VERGNIAUD,48.825957,2.345197,11:30:00,2024-12-18
202400025356,11:00,Plein jour,44,44190,2,6,8,3.0,70 Rue de la Commune de 1871,47.19935792,-1.50019996,11:00:00,2024-02-09
202400025357,09:25,Plein jour,44,44190,2,6,8,7.0,Rue de la Croix Sourdeau,47.20510903,-1.52265672,09:25:00,2024-02-09
202400025358,15:30,Plein jour,75,75111,2,1,1,6.0,RUE DU CHEMIN VERT,48.861325,2.381842,15:30:00,2024-12-19
202400025359,22:45,,75,75109,2,1,1,6.0,RUE LE PELETIER,48.873805,2.33899,22:45:00,2024-12-19
202400025360,09:15,Plein jour,44,44109,2,6,8,3.0,Boulevard Cardiff,47.1983598,-1.5885611,09:15:00,2024-02-08
202400025361,19:05,,75,75107,2,1,1,6.0,PONT D IENA,48.85983,2.29205,19:05:00,2024-12-19
202400025362,15:55,Plein jour,44,44109,2,1,1,7.0,128 Boulevard Jules Verne,47.24278202,-1.52776847,15:55:00,2024-02-08
202400025363,12:00,Plein jour,94,94068,2,2,1,6.0,Avenue Émile Zola,48.80322,2.48466,12:00:00,2024-12-19
202400025364,12:55,Plein jour,44,44109,2,6,2,3.0,133 Route de Vannes,47.23764268,-1.58637911,12:55:00,2024-02-08
202400025365,19:30,,94,94058,2,1,2,6.0,Avenue Pierre Brossolette,48.8347,2.507365,19:30:00,2024-12-19
202400025366,15:15,Plein jour,44,44143,2,6,8,7.0,Rue de la Pierre Anne,47.16129534,-1.55525167,15:15:00,2024-02-08
202400025367,21:16,,94,94043,2,1,2,6.0,Avenue de Fontainebleau,48.810689,2.362224,21:16:00,2024-12-19
202400025368,11:10,Plein jour,44,44109,2,6,8,3.0,1 Place Raymond Poincaré,47.22221364,-1.5855791,11:10:00,2024-02-07
202400025369,10:20,Plein jour,94,94037,2,1,2,3.0,Avenue Paul Vaillant-couturier,48.81619945,2.34236804,10:20:00,2024-12-19
202400025370,11:25,Plein jour,44,44109,2,2,8,3.0,37 Rue Félix Faure,47.22923038,-1.56947872,11:25:00,2024-02-06
202400025371,17:20,,94,94034,2,1,2,3.0,Avenue de la Cerisaie,48.75249,2.33009,17:20:00,2024-12-18
202400025372,18:39,,44,44109,2,6,8,3.0,Quai Malakoff,47.21604983,-1.54403032,18:39:00,2024-02-04
202400025373,19:15,,94,94028,2,1,2,6.0,Avenue Jean-baptiste Champeval,48.794568,2.456158,19:15:00,2024-12-18
202400025374,10:55,Plein jour,976,97611,2,1,1,3.0,kaweni-Grande Traverse (rue de la),-12.77583,45.22674,10:55:00,2024-03-06
202400025375,17:00,Plein jour,94,94028,2,9,1,1.0,Av du Mal de Lattre de Tassigny,48.79915751,2.45364296,17:00:00,2024-12-17
202400025376,14:20,Plein jour,93,93059,2,9,2,3.0,JACQUES PREVERT (AVENUE),48.97119,2.36649,14:20:00,2024-12-19
202400025377,07:55,Plein jour,974,97416,2,1,1,6.0,STEPHANE(CHEMIN),-21.27366,55.48992,07:55:00,2024-03-06
202400025378,16:15,Plein jour,93,93055,2,1,2,2.0,FLORIAN,48.89472017,2.40248945,16:15:00,2024-12-19
202400025379,14:30,Plein jour,69,69383,1,1,1,6.0,Rue Général Mouton-Duvernet,45.7543,4.86159,14:30:00,2024-03-06
202400025380,18:34,,93,93051,2,3,2,6.0,REPUBLIQUE,48.84634852,2.55318883,18:34:00,2024-12-19
202400025381,09:55,Plein jour,69,69388,2,1,1,6.0,108 Rue Marius Berliet,45.74031,4.86466,09:55:00,2024-03-06
202400025382,18:10,,93,93029,2,3,1,6.0,JULIAN GRIMAU,48.9225432,2.42309017,18:10:00,2024-12-19
202400025383,06:45,Crépuscule,972,97213,2,2,1,6.0,FERNAND GUILLON (BOULEVARD),14.61599,-61.00019,06:45:00,2024-03-06
202400025384,12:35,Plein jour,93,93010,2,2,1,6.0,THOMAS (AV. ALBERT),48.89966311,2.49747567,12:35:00,2024-12-19
202400025385,11:20,Plein jour,92,92062,2,1,1,6.0,LAFARGUES (RUE PAUL),48.88492377,2.24740751,11:20:00,2024-12-13
202400025386,19:00,Crépuscule,69,69382,2,3,1,3.0,Rue des Archers,45.75947,4.83337,19:00:00,2024-03-06
202400025387,15:00,Plein jour,69,69034,2,1,1,6.0,Quai Clemenceau,45.79212,4.82415,15:00:00,2024-03-06
202400025388,17:20,,92,92051,2,6,1,3.0,CHATEAU (BOULEVARD DU),48.88820541,2.26460606,17:20:00,2024-12-19
202400025389,08:30,,92,92050,2,2,2,7.0,VOLANT RUE,48.89298581,2.19583601,08:30:00,2024-12-19
202400025390,18:46,,2B,2B120,2,1,1,2.0,11 - RT,42.6322,9.4384,18:46:00,2024-03-06
202400025391,05:15,,92,92050,2,1,2,6.0,LENINE VLADIMIR ILITCH AVENUE,48.8882714,2.19379015,05:15:00,2024-12-19
202400025392,01:30,,971,97107,2,1,1,6.0,PAUL LACAVE ( AVENUE ),16.04168,-61.56602,01:30:00,2024-02-04
202400025393,09:30,Plein jour,92,92050,2,2,1,1.0,JOLIOT CURIE F. ET IRENE AVENUE  N°PAIRS,48.89371,2.21199,09:30:00,2024-12-17
202400025394,13:15,Plein jour,971,97105,2,1,1,2.0,BOLOGNE (ROUTE DE),16.00563,-61.73757,13:15:00,2024-03-06
202400025395,19:30,,92,92040,2,1,1,6.0,JEAN-PIERRE TIMBAUD,48.81918,2.24965,19:30:00,2024-12-19
202400025396,18:08,Plein jour,91,91021,2,1,1,6.0,ERNEST GIRAULT (BOULEVARD),48.59278,2.24561,18:08:00,2024-03-05
202400025397,19:30,,92,92024,2,3,8,3.0,GENERAL LECLERC (RUE DU) DE (59 ET PLUS),48.90378645,2.31218331,19:30:00,2024-12-19
202400025398,11:30,Plein jour,91,91161,2,9,1,2.0,CARLET (AVENUE DE),48.70487,2.30951,11:30:00,2024-03-06
202400025399,18:20,,92,92009,2,6,2,3.0,EUROPE (AVENUE),48.90734776,2.26584144,18:20:00,2024-12-19
202400025400,19:27,,92,92002,2,9,1,6.0,ARISTIDE BRIAND (AVENUE),48.75832166,2.30689914,19:27:00,2024-12-19
202400025401,08:26,Plein jour,91,91514,2,1,2,6.0,RTE DE BOUSSY ST ANTOINE,48.68132,2.53874,08:26:00,2024-03-06
202400025402,11:35,Plein jour,63,63302,1,1,8,1.0,route départementale 978,45.722555,3.154085,11:35:00,2024-12-18
202400025403,19:40,,91,91589,1,9,8,6.0,GRAND VAUX (RUE DE),48.6707,2.33761,19:40:00,2024-03-06
202400025404,08:16,Plein jour,91,91027,2,1,8,3.0,INDUSTRIE (QUAI DE L'),48.6953,2.392,08:16:00,2024-03-06
202400025405,09:25,Plein jour,01,01105,1,1,1,4.0,Route de Lyon,45.898144,4.880585,09:25:00,2024-12-18
202400025406,15:01,Crépuscule,25,25305,1,1,6,6.0,N57,47.1719841,6.22399951,15:01:00,2024-12-19
202400025407,08:45,Plein jour,05,05079,2,1,9,7.0,Route de Grenoble,44.955718,6.548517,08:45:00,2024-12-19
202400025408,02:00,,91,91479,2,2,1,3.0,GENERAL DE GAULLE (AVENUE DU),48.7103,2.36019,02:00:00,2024-02-18
202400025409,04:27,,91,91228,2,1,3,6.0,MENNECY (ROUTE DE),48.64049,2.420018,04:27:00,2024-03-06
202400025410,13:45,Plein jour,972,97221,1,1,1,2.0,rn5,14.536917,-60.979979,13:45:00,2024-12-18
202400025411,16:15,Plein jour,35,35085,2,1,1,6.0,35 Avenue du General de Gaulle,48.413987,-1.754855,16:15:00,2024-12-19
202400025412,11:15,Plein jour,84,84031,1,2,1,3.0,ROUTE DE BEDOIN,44.07502,5.08944,11:15:00,2024-03-06
202400025413,07:25,Crépuscule,35,35125,1,1,2,1.0,D178,47.941374,-1.249963,07:25:00,2024-12-16
202400025414,20:53,,84,84007,2,2,1,1.0,C.De GAULLE (Rocade),43.93414,4.83142,20:53:00,2024-02-25
202400025415,12:50,Plein jour,71,71204,1,1,1,2.0,Fragnes-La Loyère,46.85372,4.82671,12:50:00,2024-12-20
202400025416,17:09,Plein jour,83,83129,1,1,1,6.0,BARELLES (CHEMIN DES) N° PAIRS,43.08233,5.84487,17:09:00,2024-03-05
202400025417,19:10,,59,59462,2,1,8,2.0,166 Rue du Marechal Foch,50.519495,3.005437,19:10:00,2024-12-18
202400025418,21:55,,82,82033,2,1,1,6.0,Route de Toulouse,44.03476,1.11675,21:55:00,2024-03-06
202400025419,16:40,Plein jour,974,97413,2,2,1,1.0,81 Chemin Thenor Georges,-21.191284,55.297344,16:40:00,2024-12-20
202400025420,10:47,Plein jour,23,23065,1,1,1,7.0,D951,46.28698511,1.5972662,10:47:00,2024-12-18
202400025421,18:25,Crépuscule,81,81004,2,9,1,2.0,ROCADE RN88 SUD,43.91019,2.14056,18:25:00,2024-03-06
202400025422,17:05,Crépuscule,47,47010,2,1,1,1.0,D655,44.35215772,0.01204736,17:05:00,2024-12-19
202400025423,07:00,Nuit sans éclairage,77,77326,1,3,8,3.0,D.346,48.58162,2.55381,07:00:00,2024-03-05
202400025424,13:40,Plein jour,35,35197,1,1,2,1.0,Le Champ de la Rue,48.21262,-1.618912,13:40:00,2024-12-19
202400025425,12:40,Plein jour,76,76351,2,1,2,6.0,VAL AUX CORNEILLES (AVENUE DU)°,49.50909,0.1482,12:40:00,2024-03-05
202400025426,13:40,Plein jour,95,95026,1,1,1,6.0,D909,49.14531463,2.37602677,13:40:00,2024-12-20
202400025427,18:50,,69,69256,2,1,1,6.0,14 Avenue Marcel Cachin,45.78368,4.93523,18:50:00,2024-03-06
202400025428,08:15,Plein jour,95,95352,1,1,7,3.0,D316,49.11013782,2.42923794,08:15:00,2024-12-20
202400025429,09:30,Plein jour,19,19107,1,1,1,1.0,Route De Brive,45.120817,1.424607,09:30:00,2024-12-20
202400025430,19:00,,69,69290,2,2,1,3.0,Route de Lyon,45.70368,4.91474,19:00:00,2024-03-06
202400025431,17:15,Crépuscule,19,19208,1,9,2,7.0,D16,45.3265723,2.10952741,17:15:00,2024-12-19
202400025432,23:30,,2A,2A004,2,1,1,3.0,#bd charles bonaparte#,41.9292,8.7402,23:30:00,2024-04-13
202400025433,17:15,Crépuscule,56,56001,2,1,1,6.0,Rue de la Voie Romaine,47.6334014,-2.1740284,17:15:00,2024-12-19
202400025434,23:50,,2A,2A004,2,3,1,3.0,#7 Avenue Napoleon III#,41.92584,8.7344,23:50:00,2024-04-13
202400025435,19:55,,80,80253,2,1,8,7.0,7 Route Nationale - Hameau de Haute Visée,50.181261,2.332524,19:55:00,2024-12-16
202400025436,14:40,Plein jour,2A,2A004,1,1,1,3.0,T21,41.92863,8.76568,14:40:00,2024-04-13
202400025437,10:00,Plein jour,2A,2A004,1,9,1,1.0,T40,41.93173,8.80311,10:00:00,2024-04-13
202400025438,17:35,Nuit sans éclairage,89,89265,1,2,1,5.0,Lieu Dit Ru Bouilly,47.855783,3.6607,17:35:00,2024-12-20
202400025439,12:20,Plein jour,95,95019,2,9,1,6.0,ALBERT LEFEBVRE (RUE),48.994257,2.420452,12:20:00,2024-04-13
202400025440,12:30,Plein jour,39,39219,1,1,1,1.0,Unknown,47.170555,5.777661,12:30:00,2024-12-20
202400025441,11:55,Plein jour,95,95582,1,9,1,6.0,HORIONNE (RUE DE LA),48.96467,2.25606,11:55:00,2024-04-12
202400025442,12:50,Plein jour,44,44084,1,2,1,3.0,Unknown,47.26151,-1.300271,12:50:00,2024-12-19
202400025443,12:15,Plein jour,95,95428,2,2,1,6.0,ALOUETTES (RUE DES),48.97082033,2.31541827,12:15:00,2024-04-13
202400025444,00:01,,91,91552,1,1,1,3.0,RTE NATIONALE 20,48.60376,2.2487,00:01:00,2024-04-13
202400025445,21:45,Nuit sans éclairage,44,44064,1,1,1,1.0,Unknown,47.112682,-1.281458,21:45:00,2024-12-19
202400025446,18:35,Plein jour,91,91657,2,1,1,6.0,AV HENRI BARBUSSE,48.70014,2.42057,18:35:00,2024-04-12
202400025447,10:20,Plein jour,29,29097,1,1,1,1.0,D69,48.49712171,-4.07258693,10:20:00,2024-12-20
202400025448,12:20,Plein jour,91,91589,2,2,1,3.0,BD ARISTIDE BRIAND,48.68077,2.342714,12:20:00,2024-04-12
202400025449,08:45,Plein jour,29,29264,1,1,2,1.0,D712,48.4875025,-4.15355362,08:45:00,2024-12-20
202400025450,18:33,Plein jour,91,91109,1,1,1,1.0,COCHET (RUE DU)        RD201,48.4594,2.12,18:33:00,2024-04-12
202400025451,14:15,Plein jour,03,03090,1,1,2,3.0,La Petite prugne,46.648504,3.151612,14:15:00,2024-12-19
202400025452,10:20,Plein jour,15,15061,1,1,4,6.0,RD 3,45.181352,2.839092,10:20:00,2024-12-20
202400025453,19:55,Crépuscule,83,83137,2,3,1,7.0,JOFFRE (BD MARECHAL),43.12456,5.95562,19:55:00,2024-04-13
202400025454,22:00,Nuit sans éclairage,01,01237,1,1,2,1.0,D984d,46.197389,5.595345,22:00:00,2024-12-19
202400025455,15:20,Plein jour,83,83118,2,3,1,6.0,BOULEVARD DU PONANT,43.42715253,6.78632194,15:20:00,2024-04-08
202400025456,20:51,Nuit sans éclairage,01,01125,1,1,2,6.0,D936,46.249873,5.460904,20:51:00,2024-12-19
202400025457,16:55,Nuit sans éclairage,70,70384,1,1,9,1.0,D33,47.516578,5.94429,16:55:00,2024-12-19
202400025458,09:25,Plein jour,80,80021,2,3,1,3.0,Rue Robert Pierre,49.89265,2.28869,09:25:00,2024-04-13
202400025459,08:14,Crépuscule,72,72275,2,1,1,6.0,grande rue,48.06629,0.343671,08:14:00,2024-12-20
202400025460,19:45,Nuit sans éclairage,50,50349,1,1,4,1.0,D20,48.997761,-1.521735,19:45:00,2024-12-19
202400025461,17:58,Plein jour,77,77294,2,1,1,3.0,GUSTAVE DUBOIS (RUE),48.9724,2.634,17:58:00,2024-04-13
202400025462,08:20,Crépuscule,50,50410,2,1,1,6.0,27 Rue de Rennes,48.549662,-1.504113,08:20:00,2024-12-20
202400025463,04:00,Nuit sans éclairage,77,77462,1,1,1,2.0,ROUTE NATIONALE 2,49.0275,2.6703,04:00:00,2024-04-13
202400025464,18:55,Nuit sans éclairage,90,90020,1,1,2,7.0,D130,47.620306,6.779133,18:55:00,2024-12-18
202400025465,20:53,Nuit sans éclairage,77,77372,1,1,1,3.0,D934,48.88189,2.655,20:53:00,2024-04-13
202400025466,10:45,Plein jour,43,43268,2,1,8,6.0,Chemin de la Galoche,45.149623,4.125071,10:45:00,2024-12-19
202400025467,14:30,Plein jour,43,43026,1,1,2,6.0,D 906,45.23848255,3.78761259,14:30:00,2024-12-19
202400025468,13:50,Plein jour,77,77458,2,6,1,6.0,RUE PAUL ROLLIN,48.18288,2.73436,13:50:00,2024-04-12
202400025469,10:10,Plein jour,77,77431,2,1,1,6.0,RUE DE LA GARE,48.26674,2.68762,10:10:00,2024-04-12
202400025470,11:37,Plein jour,10,10254,1,9,1,3.0,Rue de la Mairie,48.583854,3.516623,11:37:00,2024-12-20
202400025471,12:25,Plein jour,53,53267,1,1,1,6.0,Vaiges,48.05550083,-0.45850268,12:25:00,2024-12-20
202400025472,20:55,Crépuscule,76,76108,2,2,1,3.0,Rue de la Republique,49.47057,1.116239,20:55:00,2024-04-13
202400025473,08:00,Nuit sans éclairage,85,85008,1,6,1,3.0,RD80,46.64164,-1.45058,08:00:00,2024-12-20
202400025474,16:50,Plein jour,73,73065,2,1,1,2.0,BOISSE (AVENUE DE LA),45.58165,5.91132,16:50:00,2024-04-12
202400025475,15:50,Plein jour,72,72181,2,9,1,3.0,CHANTREL PAUL (BD),48.01102,0.18164,15:50:00,2024-04-13
202400025476,17:45,Nuit sans éclairage,37,37028,1,1,2,1.0,Le Buchet,46.81902763,0.93007636,17:45:00,2024-12-20
202400025477,12:20,Plein jour,71,71540,1,1,1,3.0,HUIT MAI (AVENUE DU),46.77529,4.44644,12:20:00,2024-04-13
202400025478,23:35,Nuit sans éclairage,48,48140,1,1,4,6.0,D809,44.818175,3.269881,23:35:00,2024-12-19
202400025479,19:50,Plein jour,69,69092,2,2,7,3.0,Route de Tarare,45.98105,4.69369,19:50:00,2024-04-13
202400025480,21:25,Nuit sans éclairage,08,08498,1,1,1,1.0,D3,49.727212,4.648225,21:25:00,2024-12-19
202400025481,14:45,Plein jour,69,69264,2,1,1,6.0,431 Avenue de l'Europe,45.98804,4.74342,14:45:00,2024-04-13
202400025482,07:42,Nuit avec éclairage,68,68375,2,1,2,6.0,18 Rue de Mulhouse,47.80803,7.239502,07:42:00,2024-12-19
202400025483,15:30,Plein jour,69,69290,1,1,1,7.0,11 Rue Paul Langevin,45.72054009,4.91996817,15:30:00,2024-04-13
202400025484,09:10,Plein jour,68,68066,2,3,1,3.0,STANISLAS (RUE),48.080631,7.352721,09:10:00,2024-04-10