Num_Acc,hrmn,lum,dep,com,agg,int,atm,col,adr,lat,long,heure,date
202400025485,14:15,Plein jour,65,65127,1,1,1,5.0,PK167+400,43.12289584,0.31957139,14:15:00,2024-12-20
202400025486,21:52,,64,64445,2,3,1,7.0,CASTETNAU,43.30043046,-0.36485839,21:52:00,2024-04-13
202400025487,15:15,Plein jour,64,64122,2,1,1,2.0,RD 810,43.45,-1.55978,15:15:00,2024-04-13
202400025488,16:55,Crépuscule,13,13051,1,1,6,5.0,D113,43.558501,5.165548,16:55:00,2024-12-20
202400025489,08:20,Plein jour,69,69244,2,1,2,3.0,Avenue Charles de Gaulle,45.75731619,4.77368788,08:20:00,2024-12-19
202400025490,22:00,,64,64024,2,1,1,3.0,BAHINOS (ROND POINT DE),43.49404,-1.51889,22:00:00,2024-04-13
202400025491,17:43,Nuit sans éclairage,73,73128,1,1,2,2.0,"A41, PR 102.600, sens ANNECY-CHAMBÉRY",45.717065,5.923916,17:43:00,2024-11-22
202400025492,20:25,Crépuscule,63,63113,2,6,7,3.0,FLAUBERT (BD GUSTAVE),45.76453,3.12533,20:25:00,2024-04-13
202400025493,14:45,Plein jour,971,97103,2,1,1,1.0,Rue henri sidambaron,16.256208,-61.589259,14:45:00,2024-12-20
202400025494,15:45,Plein jour,62,62274,2,1,2,6.0,chemin de halage,50.44855693,2.98132816,15:45:00,2024-04-13
202400025495,02:00,Nuit sans éclairage,13,13110,1,1,6,2.0,Autoroute A8 PK 39+050 direction AIX-EN-PROVENCE,43.47037111,5.66413397,02:00:00,2024-12-20
202400025496,10:10,Plein jour,59,59599,2,1,1,6.0,Boulevard d'Halluin,50.73190993,3.13700267,10:10:00,2024-04-13
202400025497,17:20,Crépuscule,971,97102,1,1,1,6.0,Rue Emile Lafontaine,16.465796,-61.474745,17:20:00,2024-12-19
202400025498,19:00,Plein jour,54,54395,2,1,1,6.0,place Henri Mengin,48.68915,6.18316,19:00:00,2024-04-13
202400025499,17:35,Nuit avec éclairage,45,45108,1,1,1,5.0,D940 PR 3 + 750,47.600892,2.515074,17:35:00,2024-12-20
202400025500,08:25,Crépuscule,54,54323,2,2,1,3.0,Rue Mercy,49.523,5.76442,08:25:00,2024-04-13
202400025501,13:20,Plein jour,77,77010,1,1,1,3.0,route departementale 619,48.618867,2.860394,13:20:00,2024-12-20
202400025502,13:40,Plein jour,51,51454,2,3,1,6.0,LIBERGIER (RUE),49.25145,4.02785,13:40:00,2024-04-13
202400025503,02:45,Nuit sans éclairage,21,21292,2,1,1,7.0,D25,47.240477,5.216736,02:45:00,2024-12-20
202400025504,09:00,Plein jour,08,08190,2,1,5,6.0,10 D949,50.13421,4.847449,09:00:00,2024-12-14
202400025505,12:10,Plein jour,51,51454,2,2,1,3.0,JAURES (AVENUE JEAN) DU N° 74 A FIN (PAI,49.262559,4.053426,12:10:00,2024-04-13
202400025506,18:00,Plein jour,51,51454,2,1,1,3.0,ALBERT 1ER (BOULEVARD),49.26909,4.01074,18:00:00,2024-04-12
202400025507,11:18,Plein jour,74,74094,1,1,1,5.0,D903,46.18399,6.302923,11:18:00,2024-12-17
202400025508,20:14,Crépuscule,92,92036,1,1,1,2.0,RN315 W,48.92099836,2.30632621,20:14:00,2024-09-03
202400025509,08:50,Plein jour,01,01275,1,6,1,6.0,chemin du gué,45.806401,4.932824,08:50:00,2024-12-20
202400025510,04:52,Nuit sans éclairage,51,51168,1,1,1,2.0,Route Départementale 977,48.90002,4.30274,04:52:00,2024-04-13
202400025511,08:40,Plein jour,23,23067,1,1,1,7.0,D28,45.755757,2.236555,08:40:00,2024-12-20
202400025512,14:22,Plein jour,93,93010,1,1,1,5.0,AUTOROUTE A3,48.90207598,2.47041227,14:22:00,2024-09-04
202400025513,17:20,Plein jour,47,47001,2,1,1,2.0,LACOUR (BD EDOUARD),44.19311,0.62879,17:20:00,2024-04-12
202400025514,17:30,Crépuscule,33,33268,2,1,2,4.0,Unknown,45.044148,-0.67843,17:30:00,2024-12-19
202400025515,06:55,Plein jour,45,45302,1,1,1,6.0,D2701 PR 0 + 1,47.94913,1.85985,06:55:00,2024-04-13
202400025516,08:00,Crépuscule,33,33493,1,1,1,7.0,Unknown,45.316905,-0.802404,08:00:00,2024-12-20
202400025517,23:55,,93,93066,1,1,1,2.0,AUTOROUTE A1,48.91626041,2.35780504,23:55:00,2024-09-03
202400025518,08:55,Plein jour,44,44184,2,2,1,3.0,97 Avenue de la République,47.28308,-2.21128,08:55:00,2024-04-13
202400025519,18:00,Nuit sans éclairage,33,33504,1,2,3,3.0,Unknown,44.526848,-0.325449,18:00:00,2024-12-19
202400025520,09:20,Plein jour,42,42218,2,1,1,3.0,Boulevard Maréchal Franchet d'Esperey,45.44093,4.37426,09:20:00,2024-04-08
202400025521,16:55,Plein jour,93,93066,1,1,1,2.0,AUTOROUTE A1,48.93068415,2.3670759,16:55:00,2024-09-03
202400025522,15:15,Plein jour,49,49269,1,1,1,2.0,D160,47.005836,-0.937443,15:15:00,2024-12-19
202400025523,15:40,Plein jour,95,95252,1,1,1,7.0,A15,48.98535793,2.21429788,15:40:00,2024-09-03
202400025524,07:50,Nuit sans éclairage,29,29156,1,3,3,2.0,La Croix Neuve,48.426244,-4.237861,07:50:00,2024-12-20
202400025525,11:45,Plein jour,35,35238,2,5,1,3.0,ROOSEVELT (BD FRANKLIN),48.09725,-1.65782,11:45:00,2024-04-13
202400025526,08:00,Crépuscule,35,35360,2,6,1,6.0,50 Rue du College,48.120226,-1.2165,08:00:00,2024-12-20
202400025527,07:45,Crépuscule,95,95572,1,1,2,6.0,A15,49.03222307,2.1116359,07:45:00,2024-09-03
202400025528,19:45,Nuit sans éclairage,27,27031,1,1,1,1.0,Route de Sacquenville,49.059484,1.100532,19:45:00,2024-12-19
202400025529,14:00,Plein jour,34,34172,2,9,1,2.0,CHATEAU D'O (ROND-POINT DU),43.63092,3.84262,14:00:00,2024-04-13
202400025530,08:30,Plein jour,93,93007,1,1,2,2.0,AUTOROUTE A1,48.94548836,2.43972568,08:30:00,2024-09-03
202400025531,17:10,,27,27180,2,1,1,3.0,65 Rue de l?Abbaye du Beau Bec,49.179736,1.370646,17:10:00,2024-12-19
202400025532,22:55,,34,34172,2,2,1,6.0,JUSTICE DE CASTELNAU (AVENUE DE LA),43.626038,3.882379,22:55:00,2024-04-12
202400025533,18:30,Plein jour,93,93066,1,1,1,7.0,AUTOROUTE A86,48.92280772,2.34986237,18:30:00,2024-09-02
202400025534,22:09,,31,31555,2,1,1,1.0,CHE DE CAYRAS,43.56935,1.51482,22:09:00,2024-04-13
202400025535,16:30,Crépuscule,80,80625,2,1,8,1.0,D935,49.717973,2.537965,16:30:00,2024-12-20
202400025536,16:40,Plein jour,77,77294,1,1,1,2.0,A104,48.959344,2.621784,16:40:00,2024-09-04
202400025537,15:15,Plein jour,29,29232,2,9,1,3.0,Rue du Poher,47.98888,-4.125644,15:15:00,2024-04-13
202400025538,21:30,,62,62711,2,1,1,3.0,D191,50.80639434,1.73198261,21:30:00,2024-12-16
202400025539,19:25,Plein jour,22,22113,2,6,1,3.0,VIARMES (QUAI DE),48.73183,-3.46478,19:25:00,2024-04-12
202400025540,15:00,Plein jour,44,44109,2,3,1,2.0,124 Rue Paul Bellamy,47.22739332,-1.5609473,15:00:00,2024-08-27
202400025541,18:36,Nuit sans éclairage,13,13210,1,1,1,2.0,A50-Sens Marseille vers Aubagne,43.2852,5.4232,18:36:00,2024-12-18
202400025542,01:40,Nuit sans éclairage,19,19031,2,1,1,6.0,SALAN (BOULEVARD DU),45.16038,1.535163,01:40:00,2024-04-13
202400025543,14:45,Plein jour,13,13213,1,1,1,3.0,A507 sens Marseille - Aubagne,43.32996,5.40682,14:45:00,2024-12-18
202400025544,10:45,Plein jour,19,19031,2,1,1,2.0,SOURIE (RUE ARMAND),45.14506676,1.47050464,10:45:00,2024-04-13
202400025545,14:58,Plein jour,91,91689,1,1,2,3.0,AUTOROUTE A6A,48.7296,2.3144,14:58:00,2024-05-31
202400025546,17:30,Nuit sans éclairage,13,13071,1,1,1,5.0,A5502G-sens Martigues vers A7-Marseille,43.40164,5.29974,17:30:00,2024-12-18
202400025547,11:40,Plein jour,14,14366,2,1,1,2.0,Route de Paris,49.14666,0.25898,11:40:00,2024-04-13
202400025548,06:25,,13,13205,2,1,1,1.0,CAMAS (RUE DU),43.2942,5.39818,06:25:00,2024-04-13
202400025549,13:49,Plein jour,33,33013,1,1,2,2.0,Unknown,44.86652,-0.50388,13:49:00,2024-12-19
202400025550,18:10,Plein jour,91,91174,2,1,8,2.0,HENRI DUNANT (BOULEVARD),48.5967,2.47918,18:10:00,2024-05-30
202400025551,03:00,,13,13210,2,1,1,2.0,CAPELETTE (AVENUE DE LA),43.28079381,5.40717262,03:00:00,2024-04-13
202400025552,08:55,Plein jour,33,33075,1,1,2,2.0,Unknown,44.889996,-0.611418,08:55:00,2024-12-19
202400025553,03:40,Nuit sans éclairage,33,33318,1,1,3,6.0,Unknown,44.789745,-0.645895,03:40:00,2024-12-19
202400025554,18:10,Plein jour,91,91363,1,1,1,3.0,RN 104,48.64688,2.19003,18:10:00,2024-05-30
202400025555,03:37,,13,13206,2,2,1,3.0,BRETEUIL (RUE),43.29047142,5.37574665,03:37:00,2024-04-13
202400025556,22:20,,13,13098,2,7,1,7.0,JEAN FRANCOIS CHAMPOLLION PLACE,43.46968992,5.01532577,22:20:00,2024-04-13
202400025557,18:09,Nuit sans éclairage,62,62498,1,1,1,4.0, A211,50.42700442,2.83574086,18:09:00,2024-12-08
202400025558,21:34,Nuit sans éclairage,91,91339,1,1,1,6.0,RN 104,48.62286,2.27084,21:34:00,2024-12-19
202400025559,20:00,Plein jour,13,13005,2,1,1,1.0,PAIX (AVENUE DE LA ),43.28254,5.54945,20:00:00,2024-04-13
202400025560,15:55,Plein jour,91,91286,1,1,1,5.0,AUTOROUTE A6,48.65286,2.3814,15:55:00,2024-05-30
202400025561,09:15,Plein jour,13,13001,2,1,1,1.0,MONNET JEAN (AV),43.53205044,5.42139427,09:15:00,2024-04-13
202400025562,17:26,Nuit sans éclairage,92,92002,1,1,1,4.0,AUTOROUTE A6,48.7375948,2.3174485,17:26:00,2024-12-19
202400025563,00:20,Nuit sans éclairage,10,10343,2,1,1,7.0,Rue Louis Maillet,48.27609,4.09336,00:20:00,2024-04-14
202400025564,08:55,Plein jour,91,91235,1,1,1,2.0,RN 104,48.62524,2.36087,08:55:00,2024-12-19
202400025565,16:40,Plein jour,10,10081,2,1,7,6.0,Avenue de Neckarbischofsheim,48.31136,4.03269,16:40:00,2024-04-13
202400025566,22:23,Nuit sans éclairage,91,91103,1,1,2,7.0,RN 104,48.62417,2.29925,22:23:00,2024-05-29
202400025567,06:50,Nuit sans éclairage,91,91689,1,1,1,2.0,AUTOROUTE A6A,48.74343,2.32248,06:50:00,2024-12-19
202400025568,15:38,Plein jour,91,91546,2,1,2,7.0,Rue de Bandeville,48.57339,2.030501,15:38:00,2024-05-28
202400025569,12:22,Plein jour,10,10387,2,2,1,3.0,Rue de la Cite,48.29979,4.07941,12:22:00,2024-04-13
202400025570,01:15,Nuit sans éclairage,91,91377,1,1,2,6.0,AUTOROUTE A10,48.71418,2.28858,01:15:00,2024-12-19
202400025571,06:15,Nuit sans éclairage,07,07008,1,1,1,3.0,D2 ( ROUTE DEPARTEMENTALE ),44.711586,4.619778,06:15:00,2024-04-13
202400025572,16:56,Crépuscule,94,94034,1,1,1,4.0,A86,48.75735712,2.32917459,16:56:00,2024-12-18
202400025573,08:20,Plein jour,91,91228,1,1,8,4.0,AUTOROUTE A6,48.62254596,2.42190599,08:20:00,2024-05-28
202400025574,18:48,Plein jour,06,06069,2,1,1,3.0,19 Route de Draguignan,43.641195,6.908219,18:48:00,2024-04-13
202400025575,16:00,Plein jour,44,44162,2,1,1,6.0,Boulevard Salvador Allende,47.21918202,-1.62126507,16:00:00,2024-08-21
202400025576,17:50,Nuit sans éclairage,91,91573,1,1,1,4.0,RN 104,48.631341,2.519756,17:50:00,2024-12-18
202400025577,18:35,Plein jour,04,04112,1,1,1,1.0,MORT D'IMBERT (MTE. DE LA),43.8517,5.76824,18:35:00,2024-04-13
202400025578,01:56,Nuit sans éclairage,91,91377,1,1,1,2.0,AUTOROUTE A10,48.72034,2.29433,01:56:00,2024-05-26
202400025579,17:30,Nuit sans éclairage,92,92048,1,1,1,3.0,N118,48.78947093,2.22122315,17:30:00,2024-12-18
202400025580,08:20,Plein jour,02,02691,2,1,1,3.0,29 Boulevard Victor Hugo,49.84160477,3.28540376,08:20:00,2024-04-12
202400025581,18:20,Nuit sans éclairage,78,78423,1,1,1,2.0,N12W,48.79464,2.0493,18:20:00,2024-12-18
202400025582,03:14,Nuit sans éclairage,91,91471,1,1,1,7.0,RN 118,48.70483,2.19267,03:14:00,2024-05-25
202400025583,08:51,Plein jour,92,92012,1,1,1,2.0,A13,48.8484534,2.22963261,08:51:00,2024-12-18
202400025584,01:40,,75,75112,2,1,1,5.0,PONT DE BERCY,48.827765,2.393486,01:40:00,2024-04-13
202400025585,18:20,Nuit sans éclairage,95,95527,1,1,1,2.0,N104,49.02722005,2.51571544,18:20:00,2024-12-18
202400025586,20:50,,75,75105,2,3,1,6.0,BOULEVARD SAINT MARCEL,48.83849,2.357062,20:50:00,2024-04-13
202400025587,15:00,Plein jour,93,93066,1,1,1,2.0,AUTOROUTE A1,48.91862819,2.35760923,15:00:00,2024-12-18
202400025588,17:40,Plein jour,91,91534,1,1,1,3.0,RN 118,48.7409,2.1836,17:40:00,2024-05-24
202400025589,20:55,Nuit sans éclairage,988,98805,1,1,1,1.0,VE2 - zone en travaux,-22.173814,166.422122,20:55:00,2024-01-26
202400025590,12:30,Plein jour,75,75105,2,2,1,6.0,RUE MONGE,48.848978,2.34985,12:30:00,2024-04-13
202400025591,17:20,Nuit sans éclairage,95,95219,1,1,1,1.0,A115,48.99032046,2.24437538,17:20:00,2024-12-18
202400025592,10:30,Plein jour,06,06018,1,1,1,7.0,Route des Colles,43.616874,7.096236,10:30:00,2024-01-25
202400025593,13:45,Plein jour,93,93008,1,1,1,3.0,AUTOROUTE A86,48.90960136,2.44592249,13:45:00,2024-12-18
202400025594,13:50,Plein jour,75,75117,2,3,1,1.0,RUE DE TOCQUEVILLE,48.88672,2.308657,13:50:00,2024-04-13
202400025595,16:50,Plein jour,987,98738,1,1,1,1.0,Route NINA PEATA,-17.575201,-149.611924,16:50:00,2024-01-02
202400025596,07:00,Nuit sans éclairage,94,94044,1,1,2,2.0,N406,48.75738975,2.47653199,07:00:00,2024-12-19
202400025597,15:10,Plein jour,91,91136,1,1,1,4.0,AUTOROUTE A10,48.7134,2.27934,15:10:00,2024-05-24
202400025598,09:15,Plein jour,75,75106,2,2,1,3.0,BOULEVARD DU MONTPARNASSE,48.84508068,2.32013762,09:15:00,2024-04-11
202400025599,01:16,Nuit avec éclairage,94,94042,1,1,2,6.0,A4,48.82818677,2.47432101,01:16:00,2024-12-19
202400025600,00:49,Nuit sans éclairage,971,97116,1,1,1,6.0,Boulevard Toussaint Louverture,16.351505,-61.45584,00:49:00,2024-01-26
202400025601,12:40,Plein jour,91,91174,2,1,1,6.0,BD JEAN JAURES,48.61041,2.4623,12:40:00,2024-05-24
202400025602,01:15,Nuit sans éclairage,977,97701,2,1,1,7.0,RT 209,17.9161316,-62.84608841,01:15:00,2024-01-26
202400025603,19:55,Plein jour,75,75107,2,3,1,6.0,AVENUE DE SUFFREN,48.853742,2.297016,19:55:00,2024-04-13
202400025604,17:45,Nuit sans éclairage,77,77468,1,1,1,6.0,A4.Y,48.83251521,2.65929855,17:45:00,2024-12-18
202400025605,12:00,Plein jour,2A,2A247,2,1,1,6.0,Chemin de Covasina,41.593625,9.280003,12:00:00,2024-01-26
202400025606,04:00,Nuit sans éclairage,77,77495,1,9,1,7.0,A5,48.59088063,2.64790671,04:00:00,2024-12-18
202400025607,18:30,Plein jour,91,91226,2,2,1,3.0,Boulevard de la Gare,48.492791,2.193237,18:30:00,2024-05-23
202400025608,07:30,Plein jour,75,75114,2,3,1,2.0,AVENUE DE LA PORTE DE MONTROUGE,48.823684,2.323173,07:30:00,2024-04-13
202400025609,07:20,Plein jour,34,34033,2,1,1,6.0,D610,43.758077,4.076507,07:20:00,2024-01-26
202400025610,23:00,Nuit sans éclairage,94,94079,1,1,1,6.0,A4,48.82763,2.52595676,23:00:00,2024-12-17
202400025611,08:30,Plein jour,91,91235,1,1,1,2.0,RN 104,48.62591,2.3567,08:30:00,2024-05-23
202400025612,10:00,Plein jour,75,75110,2,2,1,3.0,RUE LOUIS BLANC,48.883623,2.360512,10:00:00,2024-04-13
202400025613,09:35,Plein jour,26,26271,1,2,1,5.0,Route du Dauphiné,45.02505976,4.86825228,09:35:00,2024-01-26
202400025614,07:38,Plein jour,91,91339,1,1,8,6.0,RN 104,48.62510609,2.2632426,07:38:00,2024-05-23
202400025615,04:00,,62,62617,2,2,1,3.0,D937,50.46552402,2.67431748,04:00:00,2024-08-11
202400025616,12:50,Plein jour,69,69009,2,1,1,2.0,Route de Lucenay,45.927252,4.709165,12:50:00,2024-01-26
202400025617,15:15,Plein jour,75,75109,2,7,1,6.0,BOULEVARD DE CLICHY,48.882188,2.33769,15:15:00,2024-04-12
202400025618,00:05,Nuit sans éclairage,69,69154,1,1,1,6.0,560 Route de Gaminon,45.759803,4.666598,00:05:00,2024-01-26
202400025619,19:40,Plein jour,62,62737,2,6,1,1.0,D937,50.44662,2.69117,19:40:00,2024-08-09
202400025620,20:13,Crépuscule,91,91553,1,1,1,5.0,RN 104,48.6314952,2.50254929,20:13:00,2024-05-22
202400025621,19:30,Plein jour,62,62737,2,1,1,3.0,D937,50.4487,2.68931,19:30:00,2024-08-06
202400025622,03:20,,75,75108,2,2,1,2.0,BOULEVARD MALESHERBES,48.880793,2.312576,03:20:00,2024-04-13
202400025623,17:00,Plein jour,69,69171,2,3,1,1.0,15 Quai de la Brévenne,45.809777,4.600246,17:00:00,2024-01-25
202400025624,16:00,Plein jour,31,31248,1,1,1,2.0,D4,43.447015,1.386155,16:00:00,2024-01-25
202400025625,09:40,Plein jour,59,59569,2,3,1,3.0,DOUAI (RUE DE),50.36533,3.10693,09:40:00,2024-07-30
202400025626,19:59,Crépuscule,75,75102,2,2,1,6.0,RUE SAINT MARC,48.870393,2.340892,19:59:00,2024-04-13
202400025627,16:36,Crépuscule,85,85302,1,1,2,5.0,RD 160,46.929939,-0.989676,16:36:00,2024-01-25
202400025628,10:30,Plein jour,59,59178,2,1,1,6.0,HAYEZ (BOULEVARD PAUL),50.363,3.07899,10:30:00,2024-07-24
202400025629,15:23,Plein jour,91,91689,1,1,2,4.0,AUTOROUTE A6,48.732,2.315,15:23:00,2024-05-22
202400025630,16:40,Plein jour,75,75102,2,3,1,3.0,BOULEVARD DES CAPUCINES,48.870208,2.330161,16:40:00,2024-04-13
202400025631,13:10,Plein jour,76,76464,1,1,1,6.0,Rue des Andelys,49.350055,1.263417,13:10:00,2024-01-26
202400025632,20:45,Plein jour,59,59327,2,1,1,2.0,GAULLE (AVENUE DU GENERAL DE),50.39236,3.15641,20:45:00,2024-07-19
202400025633,16:50,Plein jour,62,62148,2,1,1,6.0,D919,50.38223664,2.90770655,16:50:00,2024-01-26
202400025634,00:40,Nuit sans éclairage,76,76005,2,1,1,7.0,Route de Paris,49.41783314,1.11803126,00:40:00,2024-05-03
202400025635,13:40,Plein jour,75,75103,2,3,1,3.0,PLACE DE LA REPUBLIQUE,48.86730998,2.36331546,13:40:00,2024-04-13
202400025636,07:17,Plein jour,91,91521,1,1,1,4.0,AUTOROUTE A6,48.6359,2.4006,07:17:00,2024-05-22
202400025637,14:20,Plein jour,62,62810,1,3,1,1.0,D917,50.364247,2.794073,14:20:00,2024-01-26
202400025638,11:30,Plein jour,76,76108,1,1,1,6.0,D1043,49.48216,1.1149,11:30:00,2024-09-19
202400025639,03:30,Nuit avec éclairage,76,76451,2,1,1,6.0,Allée du Fond du Val,49.45609,1.07671,03:30:00,2024-09-22
202400025640,12:45,Plein jour,75,75101,2,3,1,3.0,QUAI FRANCOIS MITTERRAND,48.860181,2.33338,12:45:00,2024-04-13
202400025641,06:45,,59,59524,2,1,2,6.0,Rue Gambetta,50.563547,2.898235,06:45:00,2024-01-26
202400025642,19:40,Crépuscule,76,76540,2,3,1,6.0,Quai de Paris,49.43642,1.0996,19:40:00,2024-03-29
202400025643,18:00,Plein jour,91,91179,1,1,1,4.0,AUTOROUTE A6,48.5622,2.48136,18:00:00,2024-05-21
202400025644,08:00,Plein jour,13,13015,1,1,1,3.0,A51-Sens Aix en Provence vers Marseille,43.42801022,5.38616758,08:00:00,2024-01-25
202400025645,13:55,Plein jour,94,94081,2,2,7,3.0,Boulevard de Stalingrad / Rue Germaine Tailleferre,48.8036382,2.37737256,13:55:00,2024-04-13
202400025646,15:34,Plein jour,76,76540,2,3,1,3.0,Boulevard de l'Yser,49.44838,1.10035,15:34:00,2024-03-25
202400025647,10:05,Plein jour,13,13212,2,1,1,4.0,A507 sens Marseille - Aubagne,43.29139149,5.42439248,10:05:00,2024-01-25
202400025648,21:55,,76,76322,2,1,2,7.0,182 Boulevard Maurice Ravel,49.41289047,1.04737043,21:55:00,2024-02-25
202400025649,20:10,Plein jour,91,91534,1,1,2,6.0,RN 118,48.73257,2.16762,20:10:00,2024-05-20
202400025650,21:35,,94,94081,2,2,1,3.0,Avenue du Colonel Fabien / Rue Paul Armangot,48.780727,2.382759,21:35:00,2024-04-12
202400025651,08:08,Plein jour,67,67482,2,1,1,2.0,M351,48.58669195,7.71643321,08:08:00,2024-01-25
202400025652,18:15,Plein jour,94,94076,2,1,1,6.0,Rue Georges Lebigot,48.79267922,2.36483485,18:15:00,2024-04-12
202400025653,01:35,Nuit sans éclairage,84,84080,1,9,1,2.0,CD 942 DE CARPENTRAS A RTE SARRIANS,44.04638,4.99394,01:35:00,2024-08-05
202400025654,17:30,Plein jour,91,91377,1,1,2,2.0,AUTOROUTE A10,48.719323,2.29306608,17:30:00,2024-05-20
202400025655,07:30,Nuit sans éclairage,33,33143,1,1,1,2.0,Unknown,44.96078,-0.44435,07:30:00,2024-01-25
202400025656,09:03,Plein jour,74,74012,2,1,1,6.0,ARAVIS (RUE DES),46.18799,6.23411,09:03:00,2024-10-19
202400025657,20:15,Plein jour,94,94034,2,6,1,3.0,Chemin des Otages / Chemin des Otages,48.75329,2.33285,20:15:00,2024-04-13
202400025658,07:54,Crépuscule,59,59090,1,1,1,4.0,AUTOROUTE A22,50.71601,3.12354,07:54:00,2024-01-25
202400025659,07:40,Plein jour,976,97611,2,1,1,3.0,tsoundzou-Baraka (rue),-12.82016,45.1955,07:40:00,2024-09-26
202400025660,20:45,Plein jour,94,94021,2,4,1,2.0,Boulevard Jean Mermoz / Avenue Georges Guynemer,48.76715,2.33622,20:45:00,2024-04-13
202400025661,19:40,Plein jour,91,91692,1,1,1,3.0,CD35,48.67426,2.17323,19:40:00,2024-09-13
202400025662,08:05,Plein jour,91,91339,1,1,2,5.0,RN 104,48.62319,2.26813,08:05:00,2024-01-25
202400025663,12:10,Plein jour,91,91434,1,1,1,5.0,AUTOROUTE A6,48.66828005,2.35434383,12:10:00,2024-05-20
202400025664,18:35,Nuit sans éclairage,78,78043,1,1,1,6.0,A12 Y,48.841617,2.094577,18:35:00,2024-01-24
202400025665,12:30,Plein jour,91,91136,1,1,1,2.0,RD188 PROVINCE / A10 PROVINCE,48.71672,2.26833,12:30:00,2024-05-18
202400025666,16:30,Plein jour,94,94028,2,3,1,3.0,Rue Juliette Savar / Rue Henri Matisse,48.783,2.46406,16:30:00,2024-04-12
202400025667,07:15,,92,92036,1,1,2,2.0,A86,48.93434692,2.2696675,07:15:00,2024-01-24
202400025668,07:40,Plein jour,91,91340,1,1,7,2.0,AUTOROUTE A6,48.59864466,2.44032264,07:40:00,2024-05-18
202400025669,20:30,Crépuscule,94,94077,2,3,1,3.0,Avenue le Foll / Rue Albert Larme,48.727328,2.43772,20:30:00,2024-04-13
202400025670,05:55,Nuit sans éclairage,92,92036,1,1,1,3.0,A86,48.93655908,2.29110539,05:55:00,2024-01-24
202400025671,08:45,Plein jour,95,95678,1,9,2,3.0,N184,49.07315956,2.23044139,08:45:00,2024-01-25
202400025672,20:20,Plein jour,91,91689,1,1,1,3.0,AUTOROUTE A6A,48.74106,2.32035,20:20:00,2024-05-16
202400025673,19:25,Plein jour,94,94022,2,2,1,3.0,Avenue Victor Hugo / Rue d'Alsace-lorraine,48.768748,2.420878,19:25:00,2024-04-13
202400025674,04:05,,94,94022,2,1,1,1.0,Rue Demanieux,48.77279961,2.40215689,04:05:00,2024-04-13
202400025675,14:45,Plein jour,91,91377,1,1,1,3.0,AUTOROUTE A10,48.721,2.294,14:45:00,2024-05-15
202400025676,06:30,Nuit sans éclairage,93,93007,1,1,2,4.0,AUTOROUTE A1,48.94925302,2.44676549,06:30:00,2024-01-25
202400025677,14:37,Plein jour,93,93048,2,2,1,3.0,Rue de Paris / Rue d’Alembert,48.85476,2.41751,14:37:00,2024-04-13
202400025678,07:45,Plein jour,93,93078,1,1,1,3.0,AUTOROUTE A104,48.96910262,2.50581828,07:45:00,2024-01-25
202400025679,15:00,Plein jour,91,91549,1,1,2,4.0,RN 104,48.62589,2.34,15:00:00,2024-05-14
202400025680,02:10,,93,93046,2,2,1,3.0,Avenue du Maréchal Leclerc / Allée Joseph Noize,48.920127,2.539237,02:10:00,2024-04-13
202400025681,18:15,Nuit sans éclairage,77,77373,1,1,2,2.0,RN104,48.76507,2.614906,18:15:00,2024-01-25
202400025682,09:00,Plein jour,94,94015,1,1,2,3.0,A4,48.82945356,2.52827231,09:00:00,2024-01-25
202400025683,14:05,Plein jour,93,93057,2,3,1,3.0,Allée de Monthyon / Allée de l'Emancipation,48.914324,2.503262,14:05:00,2024-04-13
202400025684,12:20,Plein jour,91,91228,1,1,1,4.0,AUTOROUTE A6,48.6265362,2.41547942,12:20:00,2024-05-14
202400025685,08:00,Crépuscule,94,94018,1,1,2,2.0,A4,48.81758,2.41896,08:00:00,2024-01-25
202400025686,17:17,Plein jour,92,92051,2,3,1,3.0,"VICTOR HUGO (BOULEVARD, N° 9 A 49 ET 16",48.8838,2.28175,17:17:00,2024-04-13
202400025687,18:16,Plein jour,91,91161,1,1,1,2.0,AUTOROUTE A6,48.70013,2.31084,18:16:00,2024-06-06
202400025688,22:45,Nuit sans éclairage,77,77175,1,1,2,6.0,N104,48.671834,2.61159,22:45:00,2024-01-24
202400025689,15:13,Plein jour,92,92051,2,2,1,2.0,"ROULE (AVENUE DU, N° 29 A 91 ET 30 A 86)",48.88255141,2.27724892,15:13:00,2024-04-13
202400025690,18:30,Nuit sans éclairage,94,94073,1,1,1,3.0,A86,48.77111483,2.39012767,18:30:00,2024-01-24
202400025691,15:40,Plein jour,91,91174,2,1,1,6.0,RUE DE NAGIS,48.60759,2.48122,15:40:00,2024-06-06
202400025692,13:56,Plein jour,92,92051,2,2,1,6.0,INKERMANN (BOULEVARD D'),48.88797414,2.27553463,13:56:00,2024-04-13
202400025693,15:10,Plein jour,94,94042,1,1,1,2.0,A4,48.82800728,2.4730466,15:10:00,2024-01-24
202400025694,15:20,Plein jour,92,92040,2,2,1,3.0,STALINGRAD (QUAI DE),48.82063539,2.24694943,15:20:00,2024-04-13
202400025695,11:48,Plein jour,91,91228,2,1,1,6.0,BD CHAMPS ELYSEES,48.62521,2.424,11:48:00,2024-06-06
202400025696,06:50,Plein jour,974,97407,2,1,1,5.0,MASCAREIGNES(BOULEVARD),-20.9361,55.3093,06:50:00,2024-01-23