Num_Acc,hrmn,lum,dep,com,agg,int,atm,col,adr,lat,long,heure,date
202400025697,07:45,Plein jour,92,92035,2,2,1,3.0,Verdun 1916 ( avenue de ),48.90581948,2.23599315,07:45:00,2024-04-12
202400025698,18:25,Plein jour,974,97407,2,2,1,6.0,COMMUNE DE PARIS (AVENUE),-20.93596,55.29121,18:25:00,2024-01-22
202400025699,11:13,Plein jour,92,92026,2,9,1,6.0,DEFENSE (PLACE DE LA),48.8910678,2.2413105,11:13:00,2024-04-12
202400025700,01:00,,91,91521,2,1,1,3.0,LIBERATION (AVENUE DE LA) N°28 A 84,48.65241,2.41321,01:00:00,2024-06-05
202400025701,09:25,Plein jour,973,97302,2,1,1,3.0,URANUS (CITE),4.92052186,-52.32154012,09:25:00,2024-01-24
202400025702,12:06,Plein jour,24,24066,1,1,1,7.0,Route des Forges,45.19295574,0.99477679,12:06:00,2024-04-13
202400025703,21:05,,69,69387,2,2,1,3.0,Quai Claude Bernard,45.75197,4.83682,21:05:00,2024-01-24
202400025704,21:00,Nuit sans éclairage,83,83058,1,1,1,7.0,D557,43.544504,6.344025,21:00:00,2024-04-13
202400025705,16:20,Crépuscule,69,69381,2,1,1,1.0,Pont de Lattre de Tassigny,45.77270924,4.83739333,16:20:00,2024-01-24
202400025706,14:15,Plein jour,91,91687,1,1,2,2.0,AUTOROUTE A6,48.66201,2.36948,14:15:00,2024-06-01
202400025707,10:25,Plein jour,52,52422,1,9,1,6.0,D107,48.0202,5.0672,10:25:00,2024-04-14
202400025708,12:00,Plein jour,69,69384,2,3,1,6.0,Rue de Belfort,45.77641963,4.83490437,12:00:00,2024-01-24
202400025709,16:00,Plein jour,31,31454,1,1,1,6.0,Intersection Avenue de Toulouse et chemin de la fontagneres,43.41631,1.131645,16:00:00,2024-04-12
202400025710,03:15,Nuit sans éclairage,91,91521,1,1,2,6.0,RN 104,48.63272,2.40605,03:15:00,2024-06-01
202400025711,17:50,,2B,2B120,1,1,1,3.0,TOUTES RUES,42.64093,9.43726,17:50:00,2024-01-24
202400025712,14:05,Plein jour,95,95428,2,1,1,6.0,D124,49.0058494,2.31634785,14:05:00,2024-01-24
202400025713,18:33,Plein jour,57,57232,2,3,1,3.0,1 rue de saint - avold,48.962388,6.798037,18:33:00,2024-04-13
202400025714,05:40,Nuit sans éclairage,81,81147,1,1,1,6.0,RD 71 PK 002+5000,43.8250704,2.1676142,05:40:00,2024-04-14
202400025715,06:10,Crépuscule,44,44190,2,6,1,3.0,120 Rue du Général De Gaulle,47.20866957,-1.48943499,06:10:00,2024-08-16
202400025716,00:40,Nuit sans éclairage,95,95218,2,2,2,3.0,N184,49.01840578,2.09613705,00:40:00,2024-01-25
202400025717,17:30,Plein jour,68,68009,2,1,1,3.0,Rue de Baltzenheim,48.113531,7.541572,17:30:00,2024-04-13
202400025718,09:45,Plein jour,19,19072,1,1,1,6.0,"autoroute A20,PR 266.700, Sens 2",45.20878165,1.51615609,09:45:00,2024-05-28
202400025719,22:15,,95,95127,2,9,2,5.0,GOLF (ROND POINT DU),49.04324586,2.01128662,22:15:00,2024-01-23
202400025720,03:40,,26,26325,2,1,1,6.0,16 Avenue de Lyon,45.298813,4.811333,03:40:00,2024-04-14
202400025721,08:15,Crépuscule,95,95176,2,1,1,1.0,VERDUN (RUE DE),48.96139843,2.18621492,08:15:00,2024-01-24
202400025722,13:47,Plein jour,91,91339,2,1,2,6.0,JUBILE (RUE DU),48.61687,2.25736,13:47:00,2024-01-23
202400025723,14:55,Plein jour,988,98818,2,1,8,4.0,RUE FERNAND FOREST,-22.24121,166.45293,14:55:00,2024-09-03
202400025724,03:46,,62,62689,2,2,1,3.0,D3,50.20752695,2.68999478,03:46:00,2024-04-14
202400025725,11:00,Plein jour,91,91691,2,1,1,2.0,PAULIN TALABOT(PONT),48.70661,2.48807,11:00:00,2024-01-24
202400025726,15:45,Plein jour,91,91434,2,1,8,6.0,JEAN MOULIN (AVENUE),48.6458,2.34638,15:45:00,2024-01-24
202400025727,11:30,Plein jour,19,19140,1,1,1,7.0,Route de Laborie,45.091387,1.925697,11:30:00,2024-04-14
202400025728,06:56,Plein jour,987,98736,2,1,1,1.0,TIHONI TEFAATAU (RUE)-PIRAE,-17.530133,-149.55047,06:56:00,2024-09-03
202400025729,16:55,Plein jour,91,91027,2,1,1,3.0,RTE NATIONALE 7,48.705775,2.371449,16:55:00,2024-01-23
202400025730,16:30,Plein jour,59,59135,1,1,1,2.0,Route d'Oxelaere,50.79321,2.488419,16:30:00,2024-04-13
202400025731,12:14,Plein jour,973,97302,2,1,1,3.0,BADUEL (ROUTE DE),4.92886,-52.29786,12:14:00,2024-08-30
202400025732,11:15,Plein jour,76,76577,1,1,1,2.0,D149,49.793635,1.126013,11:15:00,2024-04-14
202400025733,13:05,Plein jour,89,89387,2,3,1,1.0,BELLOCIER (RUE),48.2015,3.2693,13:05:00,2024-01-11
202400025734,05:45,Crépuscule,2B,2B037,1,1,1,2.0,TOUTES RUES,46.61103,9.43787,05:45:00,2024-08-10
202400025735,11:22,Plein jour,87,87085,2,3,1,3.0,DUTREIX (RUE ARMAND),45.8338,1.22941,11:22:00,2024-01-20
202400025736,23:40,Nuit sans éclairage,79,79005,1,1,1,1.0,Unknown,46.842112,-0.208569,23:40:00,2024-04-12
202400025737,08:20,Plein jour,84,84007,2,3,1,3.0,SAINT RUF (Avenue),43.937114,4.810277,08:20:00,2024-01-23
202400025738,01:05,,80,80679,2,1,1,6.0,Rue de la Liberation,49.987921,3.163435,01:05:00,2024-04-14
202400025739,16:40,Plein jour,971,97113,1,3,1,3.0,RN4 - SECTION RIVIERA,16.20849,-61.46746,16:40:00,2024-09-02
202400025740,09:15,Plein jour,33,33482,1,1,7,6.0,Unknown,44.682836,-0.118387,09:15:00,2024-04-14
202400025741,19:15,,83,83129,2,1,1,3.0,ARTISANAT (RUE DE L'),43.11376165,5.84588706,19:15:00,2024-01-22
202400025742,21:50,Nuit sans éclairage,971,97107,2,1,1,7.0,DUMANOIR ( ALLEE ),16.0255,-61.574,21:50:00,2024-08-31
202400025743,15:00,Plein jour,83,83069,1,1,1,7.0,PIERREFEU (ROUTE DE) RD 12,43.15206629,6.1412251,15:00:00,2024-01-23
202400025744,18:40,Plein jour,71,71390,1,2,1,3.0,D102,46.728375,4.298733,18:40:00,2024-04-14
202400025745,04:40,,971,97105,2,1,2,6.0,GASTON FEUILLARD(AVENUE),16.00363,-61.728,04:40:00,2024-09-01
202400025746,14:17,Plein jour,80,80021,2,1,1,3.0,Rue Haleine Ridoux,49.884,2.335,14:17:00,2024-01-24
202400025747,11:40,Plein jour,95,95306,2,1,8,6.0,D48,49.00100655,2.14211855,11:40:00,2024-09-03
202400025748,23:00,,89,89345,2,2,1,5.0,Avenue de l’Europe,48.000605,3.719945,23:00:00,2024-04-13
202400025749,15:50,Plein jour,63,63008,1,1,1,7.0,Lieu dit Bras de fer,45.88099986,3.70447256,15:50:00,2024-04-13
202400025750,08:30,Plein jour,91,91377,2,1,8,3.0,AV DE LA REPUBLIQUE,48.73604,2.29471,08:30:00,2024-09-03
202400025751,07:35,Crépuscule,76,76351,2,2,1,3.0,IRENE JOLIOT CURIE (RUE),49.51267,0.10416,07:35:00,2024-01-24
202400025752,18:30,Plein jour,61,61151,1,2,1,2.0,D3,48.725379,0.571793,18:30:00,2024-04-12
202400025753,09:20,Plein jour,91,91228,2,6,8,4.0,RTE NATIONALE 7,48.6197,2.4517,09:20:00,2024-09-03
202400025754,15:00,Plein jour,76,76351,2,3,1,7.0,REAUMUR (AVENUE),49.50713,0.1716,15:00:00,2024-01-23
202400025755,14:50,Plein jour,49,49080,1,1,1,7.0,Unknown,47.73389,-0.588643,14:50:00,2024-04-05
202400025756,14:48,Plein jour,42,42252,1,1,1,6.0,D1089,45.791979,3.907415,14:48:00,2024-04-14
202400025757,12:10,Plein jour,69,69013,2,1,1,2.0,Avenue de Joux,46.00788,4.72841,12:10:00,2024-01-24
202400025758,19:05,Plein jour,87,87085,2,2,1,3.0,BETOULLE (PLACE LEON),45.82772,1.26027,19:05:00,2024-09-02
202400025759,17:40,Plein jour,46,46290,1,1,1,7.0,D39,44.748509,1.505637,17:40:00,2024-04-14
202400025760,11:15,Plein jour,67,67482,2,1,8,6.0,SAINTE MARIE AUX MINES (RUE DE),48.56654,7.76201,11:15:00,2024-01-23
202400025761,17:00,Plein jour,86,86066,1,1,1,1.0,D161,46.78368,0.5415,17:00:00,2024-09-02
202400025762,10:30,Plein jour,68,68221,2,3,1,7.0,Rue du 1er Septembre,47.54819,7.368999,10:30:00,2024-04-13
202400025763,19:25,,64,64260,2,3,1,3.0,BEHOBIE (RUE DE),43.34959,-1.77726,19:25:00,2024-01-23
202400025764,07:00,Plein jour,84,84007,2,3,1,3.0,LYON (ROUTE DE ),43.954103,4.835207,07:00:00,2024-09-03
202400025765,17:54,Plein jour,25,25173,1,4,7,3.0,RD 464,47.262078,6.72359,17:54:00,2024-04-13
202400025766,16:20,Plein jour,64,64445,2,2,1,3.0,LILAS DES,43.30927958,-0.34419447,16:20:00,2024-01-19
202400025767,11:00,Plein jour,64,64335,2,3,1,6.0,SULLY,43.31871,-0.42571,11:00:00,2024-01-19
202400025768,19:40,Plein jour,83,83137,2,1,1,7.0,JOFFRE (BD MARECHAL),43.12384,5.95293,19:40:00,2024-09-03
202400025769,19:00,,64,64122,2,6,1,7.0,CASCAIS (BD DE),43.47544,-1.54553,19:00:00,2024-01-23
202400025770,18:30,Plein jour,25,25283,2,4,1,6.0,Rue du Chalet,47.081028,5.935131,18:30:00,2024-04-13
202400025771,15:10,Plein jour,64,64102,2,1,1,1.0,Pont du Génie,43.48795,-1.47531,15:10:00,2024-01-23
202400025772,13:45,Plein jour,83,83061,2,1,1,2.0,AVENUE LOUIS CASTILLON,43.39057,6.71968,13:45:00,2024-08-29
202400025773,09:30,Plein jour,29,29262,1,2,1,1.0,La croix rouge,48.45964269,-3.98998227,09:30:00,2024-04-12
202400025774,17:42,Crépuscule,63,63113,2,9,1,6.0,DUMAS (BD J.BAPTISTE),45.7867794,3.08981761,17:42:00,2024-01-24
202400025775,17:25,Plein jour,29,29209,1,1,1,7.0,Kerarédeau,48.561891,-4.447628,17:25:00,2024-04-13
202400025776,15:05,Plein jour,31,31552,1,1,1,7.0,D96,43.235413,0.968165,15:05:00,2024-04-13
202400025777,18:40,,59,59299,2,3,1,6.0,Avenue Charles De Gaulle,50.666758,3.18405111,18:40:00,2024-01-24
202400025778,20:00,Plein jour,80,80021,2,1,1,2.0,Place Alphonse Fiquet,49.89079,2.30633,20:00:00,2024-09-03
202400025779,16:00,Plein jour,31,31443,1,1,1,6.0,D632,43.360336,0.733316,16:00:00,2024-04-13
202400025780,16:42,Plein jour,54,54431,2,1,8,1.0,Avenue de Champagne,48.9158,6.05588,16:42:00,2024-01-24
202400025781,08:58,Plein jour,79,79329,2,1,1,1.0,Unknown,46.984264,-0.20644,08:58:00,2024-09-03
202400025782,16:05,Plein jour,38,38466,1,2,1,3.0,RD 1090,45.372631,5.961124,16:05:00,2024-04-13
202400025783,12:30,Plein jour,77,77407,1,1,1,6.0,FONTAINEBLEAU(AVENUE DE),48.53781,2.52301,12:30:00,2024-09-02
202400025784,08:15,Crépuscule,52,52448,2,2,1,3.0,MONTANTS (RUE DES),48.6389,4.96236,08:15:00,2024-01-22
202400025785,00:40,Nuit sans éclairage,01,01246,2,1,1,7.0,Route de Vaudrenand,46.242121,5.036963,00:40:00,2024-04-14
202400025786,10:30,Plein jour,14,14582,1,1,1,6.0,Route de Fervaques,49.066057,0.179096,10:30:00,2024-04-13
202400025787,18:30,Nuit avec éclairage,51,51454,2,6,1,3.0,ARNOULD (BOULEVARD CHARLES),49.26432,4.00993,18:30:00,2024-01-24
202400025788,17:55,Plein jour,14,14752,2,1,1,3.0,19 Boulevard du 13 Juin 1944,49.082197,-0.645972,17:55:00,2024-04-14
202400025789,15:06,Plein jour,51,51230,2,2,1,6.0,DUNANT (RUE HENRY),49.0476,3.9557,15:06:00,2024-01-24
202400025790,19:15,Plein jour,77,77449,2,1,1,6.0,BD LA MERIDIENNE,48.85176429,2.77984142,19:15:00,2024-09-03
202400025791,17:30,Crépuscule,49,49015,1,1,2,4.0,D775,47.510733,-0.618266,17:30:00,2024-01-23
202400025792,23:55,Nuit sans éclairage,83,83135,1,1,1,6.0,"D 554 PK 28.700, route de Varages",43.597052,5.985918,23:55:00,2024-04-13
202400025793,19:15,Plein jour,73,73065,2,1,1,1.0,MONTJAY (CHEMIN DE),45.56708,5.90903,19:15:00,2024-06-19
202400025794,19:45,Plein jour,60,60286,1,3,7,2.0,D124,49.66093,1.928685,19:45:00,2024-04-13
202400025795,08:25,Plein jour,41,41018,2,3,2,3.0,VENDOME (AVENUE DE),47.5976,1.32423,08:25:00,2024-01-24
202400025796,16:35,Plein jour,60,60233,2,9,1,6.0,Place du Vieux Marche,49.64742,1.84462,16:35:00,2024-04-13
202400025797,17:20,,38,38185,2,9,1,6.0,AVENUE MARÉCHAL RANDON,45.19847,5.73841,17:20:00,2024-01-24
202400025798,15:45,Crépuscule,73,73065,2,1,1,6.0,DUCS DE SAVOIE (AVENUE DES),45.56792,5.92257,15:45:00,2024-09-02
202400025799,16:11,Plein jour,64,64100,2,1,3,6.0,1356 Route Départementale 3,43.441597,-1.517712,16:11:00,2024-04-08
202400025800,18:35,,38,38185,2,1,1,6.0,RUE JEAN BART,45.17739,5.74307,18:35:00,2024-01-23
202400025801,07:00,Plein jour,43,43223,1,1,1,7.0,D 23,45.245087,4.358504,07:00:00,2024-04-14
202400025802,01:05,,37,37261,2,1,2,3.0,BERT (QUAI PAUL),47.40154,0.68744,01:05:00,2024-01-24
202400025803,10:27,Plein jour,71,71153,2,2,1,3.0,HOCHE,46.79950524,4.44486998,10:27:00,2024-09-03
202400025804,11:10,Plein jour,07,07010,2,1,1,2.0,55 Avenue de l'Europe,45.245268,4.668787,11:10:00,2024-04-14
202400025805,15:00,Plein jour,35,35051,2,6,8,6.0,MORAND (RUE DU CHENE),48.09946,-1.61617,15:00:00,2024-01-24
202400025806,19:40,Crépuscule,21,21030,1,1,1,6.0,D104a,47.11069743,4.74400115,19:40:00,2024-04-13
202400025807,14:00,Plein jour,35,35238,2,3,8,3.0,FOUGERES (ROUTE DE),48.13256,-1.63327,14:00:00,2024-01-24
202400025808,00:00,Nuit sans éclairage,40,40001,2,1,1,6.0,Place du Commerce,43.700415,-0.264208,00:00:00,2024-04-14
202400025809,15:57,Plein jour,71,71445,1,1,1,5.0,RD673,46.75981,4.86489,15:57:00,2024-09-02
202400025810,19:15,,34,34301,2,1,1,3.0,HUGO VICTOR (AVENUE),43.40774,3.69835,19:15:00,2024-01-19
202400025811,17:20,Plein jour,24,24520,2,6,1,3.0,45 Avenue de la Gare,44.877434,1.219949,17:20:00,2024-04-14
202400025812,06:15,Crépuscule,24,24082,1,1,8,6.0,route de gourdon,44.828193,1.280304,06:15:00,2024-04-09
202400025813,19:30,,34,34301,2,4,1,1.0,BLANC CAMILLE (BOULEVARD),43.4092,3.67288,19:30:00,2024-01-24
202400025814,17:40,Plein jour,69,69091,2,1,1,3.0,Allée Jacques Duclos,45.60432,4.76321,17:40:00,2024-09-02
202400025815,22:45,Nuit sans éclairage,04,04149,1,1,1,6.0,D4096,44.018944,5.928755,22:45:00,2024-04-13
202400025816,03:55,,34,34172,2,4,1,3.0,CHOLET (RUE DE),43.5853,3.8696,03:55:00,2024-01-24
202400025817,16:52,Plein jour,85,85047,2,2,1,3.0,Avenue biochaud,46.84527,-1.87351,16:52:00,2024-04-12
202400025818,12:25,Plein jour,67,67482,2,3,1,3.0,TOREAU (RUE),48.59502,7.77846,12:25:00,2024-09-03
202400025819,16:30,Plein jour,17,17347,2,1,1,7.0,Route de Saintes,45.939721,-0.521293,16:30:00,2024-04-13
202400025820,10:30,Plein jour,33,33281,2,1,1,4.0,Unknown,44.841549,-0.649054,10:30:00,2024-01-24
202400025821,00:04,Nuit sans éclairage,17,17205,2,1,1,7.0,Route de l'Isle de Ludène (Chemin),45.995693,-0.929536,00:04:00,2024-04-14
202400025822,08:40,Plein jour,67,67482,2,1,1,3.0,KASTNER (ALLEE),48.59599,7.7779,08:40:00,2024-09-02
202400025823,13:45,Plein jour,89,89441,1,1,1,7.0,A6,47.699,3.8149,13:45:00,2024-04-14
202400025824,13:15,Plein jour,64,64445,2,1,2,6.0,LOUIS SALLENAVE,43.31647,-0.36089,13:15:00,2024-09-03
202400025825,18:30,,36,36070,2,1,1,6.0,Rue Camille Toussaints,46.44087558,1.58320604,18:30:00,2024-01-12
202400025826,15:50,Plein jour,33,33119,2,1,1,6.0,Unknown,44.85364,-0.51666,15:50:00,2024-01-15
202400025827,11:50,Plein jour,64,64335,2,1,2,7.0,PAU DE,43.31888399,-0.42705595,11:50:00,2024-09-03
202400025828,18:25,,31,31555,2,2,1,3.0,AV DE FRONTON,43.64679,1.43317,18:25:00,2024-01-24
202400025829,03:00,Nuit sans éclairage,34,34166,1,1,1,5.0,A9 PK 154+800,43.35919533,3.34322214,03:00:00,2024-04-14
202400025830,17:05,Plein jour,63,63113,2,3,1,6.0,FRANCE (RUE ANATOLE),45.77737612,3.10282767,17:05:00,2024-09-03
202400025831,18:45,,29,29019,2,6,2,3.0,avenue Victor Le Gorgeu,48.400775,-4.500167,18:45:00,2024-01-23
202400025832,15:10,Plein jour,13,13011,1,1,1,1.0,D5,43.752354,4.832193,15:10:00,2024-04-13
202400025833,23:10,Nuit sans éclairage,22,22187,2,1,1,6.0,ARRIVEE (ROND POINT DE L'),48.54822,-2.79314,23:10:00,2024-01-15
202400025834,13:30,Plein jour,38,38118,1,1,1,2.0,A48,45.41139019,5.46261983,13:30:00,2024-04-14
202400025835,10:00,Plein jour,63,63113,2,2,1,2.0,Mallet / Liondards,45.76395537,3.09157044,10:00:00,2024-09-03
202400025836,09:00,Plein jour,15,15014,2,1,1,6.0,Avenue du 4 septembre,44.92121,2.4321,09:00:00,2024-01-23
202400025837,14:30,Plein jour,973,97312,1,1,1,7.0,route nationale 1 pk 104.250,5.29479156,-52.91480541,14:30:00,2024-04-13
202400025838,12:30,Plein jour,62,62498,2,1,1,6.0,Rue Robert Schuman,50.442,2.824,12:30:00,2024-09-02
202400025839,14:15,Plein jour,77,77475,1,1,1,2.0,D603,48.959039,2.989687,14:15:00,2024-04-03
202400025840,19:20,,13,13211,2,1,1,3.0,JEAN LOMBARD (AVENUE),43.28896025,5.4317261,19:20:00,2024-01-24
202400025841,12:00,Plein jour,62,62498,2,9,1,6.0,Avenue Raoul Briquet,50.43252,2.83597,12:00:00,2024-09-02
202400025842,17:10,Plein jour,2A,2A041,2,9,1,1.0,RT 40,41.402723,9.160709,17:10:00,2024-04-14
202400025843,10:55,Plein jour,13,13211,2,1,1,1.0,MIRELLE LAUZE (BOULEVARD),43.28877,5.43657,10:55:00,2024-01-24
202400025844,18:00,Plein jour,66,66180,2,1,1,7.0,Chemin de Leucate,42.76936557,3.00166011,18:00:00,2024-04-13
202400025845,21:00,,13,13212,2,1,1,1.0,COMTESSE (BOULEVARD DE LA),43.31991,5.44635,21:00:00,2024-01-23
202400025846,20:45,Nuit sans éclairage,84,84054,2,3,1,1.0,Cours Fernande Peyre,43.921235,5.057013,20:45:00,2024-04-13
202400025847,23:45,Nuit avec éclairage,62,62035,2,5,8,3.0,Rue du Capitaine Coussette,50.5362948,2.6185568,23:45:00,2024-09-03
202400025848,19:40,,12,12202,2,4,1,3.0,AMANS RODAT (AVENUE),44.349848,2.568251,19:40:00,2024-01-09
202400025849,18:10,Plein jour,13,13081,2,1,1,1.0,Rue des Figuiers,43.510894,5.209444,18:10:00,2024-04-14
202400025850,15:07,Plein jour,10,10081,2,1,2,2.0,Avenue Jean Moulin,48.30999,4.03981,15:07:00,2024-01-23
202400025851,12:00,Plein jour,62,62753,2,3,1,2.0,Rue Paulhan,50.30581575,2.81109144,12:00:00,2024-09-02
202400025852,17:45,Plein jour,13,13096,1,3,1,2.0,Intersection RD570 - RD85,43.481718,4.404767,17:45:00,2024-04-14
202400025853,10:00,Plein jour,10,10060,2,1,1,2.0,Avenue Marechal Leclerc,48.26244,4.09242,10:00:00,2024-01-23
202400025854,13:25,Plein jour,89,89384,1,1,1,7.0,A6,47.9021,3.3503,13:25:00,2024-04-14
202400025855,09:15,Plein jour,59,59606,2,6,1,6.0,FROISSART (BOULEVARD),50.36307,3.52099,09:15:00,2024-08-29
202400025856,15:15,Plein jour,21,21017,1,1,1,6.0,D25,47.143077,4.83421,15:15:00,2024-04-14
202400025857,05:40,Nuit sans éclairage,09,09225,1,1,1,6.0,ROUTE NATIONALE 20 (VOIE RAPIDE),43.10227,1.63269,05:40:00,2024-01-23
202400025858,16:14,Plein jour,68,68296,2,3,1,1.0,31 Route du Vin,48.231782,7.370692,16:14:00,2024-04-13
202400025859,19:50,,75,75120,2,1,1,4.0,PORTE DE BAGNOLET,48.877218,2.408928,19:50:00,2024-01-23
202400025860,22:20,,59,59574,2,2,1,3.0,VINCI (RUE LEONARD),50.341,3.278,22:20:00,2024-08-30
202400025861,17:25,Plein jour,88,88073,1,2,1,3.0,D28,48.347308,6.277592,17:25:00,2024-04-13
202400025862,19:10,,75,75117,2,3,1,7.0,BOULEVARD GOUVION SAINT CYR,48.878167,2.284264,19:10:00,2024-01-24
202400025863,18:00,Plein jour,54,54460,1,1,1,7.0,RD10,48.80562,5.963387,18:00:00,2024-04-14
202400025864,13:50,Plein jour,75,75117,2,1,1,2.0,BOULEVARD BESSIERES,48.896888,2.320231,13:50:00,2024-01-24
202400025865,19:35,Plein jour,54,54043,1,1,1,7.0,D331,48.58177095,6.104155,19:35:00,2024-04-12
202400025866,16:45,Plein jour,56,56260,2,9,1,3.0,Boulevard de la Résistance,47.64565,-2.7797,16:45:00,2024-09-02
202400025867,19:00,,75,75116,2,3,1,6.0,BOULEVARD LANNES,48.87107,2.274894,19:00:00,2024-01-23
202400025868,03:30,Nuit sans éclairage,26,26004,1,1,1,7.0,chemin des 4 vents,44.979849,4.980122,03:30:00,2024-04-14
202400025869,12:05,Plein jour,54,54526,2,5,1,1.0,Boulevard Tolstoi,48.68136,6.21606,12:05:00,2024-09-02
202400025870,11:30,Plein jour,75,75115,2,2,1,2.0,RUE DE LA CROIX NIVERT,48.84359234,2.29571334,11:30:00,2024-01-24
202400025871,19:05,Crépuscule,26,26235,2,6,1,6.0,Avenue Jean Perrin,44.378997,4.699713,19:05:00,2024-04-12
202400025872,17:05,Plein jour,65,65123,1,1,1,6.0,D918,42.945566,0.272496,17:05:00,2024-04-13
202400025873,08:30,Plein jour,75,75115,2,1,2,6.0,AVENUE DE SUFFREN,48.850132,2.302684,08:30:00,2024-01-24
202400025874,10:15,Plein jour,85,85019,2,6,1,3.0,RD6,46.79028,-1.421881,10:15:00,2024-04-14
202400025875,07:50,Plein jour,54,54395,2,1,1,6.0,boulevard du millénaire,48.67829,6.20917,07:50:00,2024-09-02
202400025876,16:38,Plein jour,75,75111,2,3,1,1.0,AVENUE LEDRU ROLLIN,48.854748,2.378147,16:38:00,2024-01-24
202400025877,19:45,Plein jour,56,56178,2,1,1,6.0,101 Rue Nationale,48.063352,-2.966728,19:45:00,2024-04-13
202400025878,17:45,Plein jour,27,27070,1,1,1,6.0,D1,49.268897,1.415927,17:45:00,2024-04-13
202400025879,12:30,Plein jour,75,75111,2,1,1,6.0,AVENUE LEDRU ROLLIN,48.851964,2.376795,12:30:00,2024-01-24
202400025880,17:14,Plein jour,54,54382,1,1,8,3.0,RN52,49.5497,5.80602,17:14:00,2024-09-03
202400025881,04:57,Nuit sans éclairage,27,27020,2,1,1,6.0,D55,48.999095,1.108004,04:57:00,2024-04-13
202400025882,14:45,Plein jour,75,75110,2,1,1,3.0,BOULEVARD SAINT MARTIN,48.868562,2.358298,14:45:00,2024-01-24
202400025883,13:16,Plein jour,54,54521,2,1,8,6.0,Rue Saint Georges,49.47165,5.90871,13:16:00,2024-09-02
202400025884,17:30,Plein jour,59,59634,1,2,1,2.0,Route du Bourbourg,50.714385,2.482036,17:30:00,2024-04-13
202400025885,10:30,Plein jour,75,75108,2,2,1,1.0,AVENUE HOCHE,48.878084,2.305089,10:30:00,2024-01-24
202400025886,15:15,Plein jour,51,51454,2,1,2,6.0,RUE CHARLES GUGGIARI,49.28484,4.02486,15:15:00,2024-09-03
202400025887,16:45,Plein jour,13,13070,1,1,1,4.0,A50-Sens Aubagne vers Marseille,43.28612245,5.51633961,16:45:00,2024-04-13
202400025888,10:03,Plein jour,75,75108,2,3,1,3.0,BOULEVARD HAUSSMANN,48.875197,2.316358,10:03:00,2024-01-24
202400025889,19:29,Plein jour,13,13215,1,1,1,2.0,A7-Sens Lyon vers Marseille,43.37569,5.34256,19:29:00,2024-04-09
202400025890,09:25,Plein jour,51,51454,2,6,1,2.0,DONATINI (PLACE JEAN),49.2271,4.01469,09:25:00,2024-09-03
202400025891,06:45,,75,75107,2,3,1,3.0,QUAI D ORSAY,48.86256807,2.31039852,06:45:00,2024-01-24
202400025892,15:12,Plein jour,51,51454,2,1,1,7.0,MARTIN PELLER (RUE),49.24871,4.0149,15:12:00,2024-09-02
202400025893,17:20,Plein jour,13,13214,1,1,1,4.0,A507 sens Marseille - Aubagne,43.33315668,5.38480307,17:20:00,2024-04-12
202400025894,09:15,Plein jour,75,75101,2,2,2,7.0,QUAI FRANCOIS MITTERRAND,48.860113,2.333346,09:15:00,2024-01-24
202400025895,15:45,Plein jour,94,94080,2,1,2,6.0,Rue Diderot,48.85049881,2.44506113,15:45:00,2024-01-23
202400025896,15:46,Plein jour,51,51454,2,1,1,2.0,COURCELLES (RUE DE) DU 223 A FIN ET 102,49.264225,4.013399,15:46:00,2024-09-02
202400025897,11:35,Plein jour,13,13215,1,1,1,2.0,A7-Sens Lyon vers Marseille,43.342905,5.37594,11:35:00,2024-04-12
202400025898,15:15,Plein jour,49,49323,2,1,3,6.0,A87N,47.49565081,-0.49884365,15:15:00,2024-09-02
202400025899,15:40,Plein jour,94,94068,2,1,1,6.0,Boulevard du Général Giraud,48.79142625,2.4827912,15:40:00,2024-01-24
202400025900,20:55,Nuit avec éclairage,33,33075,1,1,1,4.0,Unknown,44.88929,-0.60274,20:55:00,2024-04-12
202400025901,20:50,,94,94003,2,1,1,6.0,9 Avenue du President Nelson Mandela,48.811407,2.327557,20:50:00,2024-01-24
202400025902,11:15,Plein jour,47,47323,1,1,2,4.0,ROMAS,44.4065,0.74047,11:15:00,2024-09-03
202400025903,20:45,Nuit sans éclairage,92,92002,1,1,1,3.0,RN 385 Extèrieure,48.76060033,2.28558497,20:45:00,2024-04-13
202400025904,22:12,,94,94038,2,1,2,3.0,Avenue de la Division Leclerc,48.78434,2.32836,22:12:00,2024-01-23
202400025905,16:45,Plein jour,45,45284,2,1,8,3.0,169 Avenue Louis-Joseph Soulas,47.90867,1.97594,16:45:00,2024-09-03
202400025906,14:10,Plein jour,91,91136,1,1,1,4.0,AUTOROUTE A126,48.71219,2.28867,14:10:00,2024-04-13
202400025907,01:40,,93,93070,2,1,1,2.0,Pont de Saint-Ouen,48.91843,2.3291,01:40:00,2024-01-24
202400025908,10:15,Plein jour,44,44109,2,6,1,3.0,Place Victor Mangin,47.20044,-1.54433,10:15:00,2024-09-03
202400025909,18:35,Plein jour,91,91103,1,1,1,4.0,RN 104,48.624812,2.302632,18:35:00,2024-04-12
202400025910,08:30,Plein jour,93,93066,2,3,9,6.0,Rue du Languedoc / Avenue du Franc Moisin,48.92624827,2.3731268,08:30:00,2024-01-24