Num_Acc,hrmn,lum,dep,com,agg,int,atm,col,adr,lat,long,heure,date
202400025911,03:30,Nuit sans éclairage,78,78242,1,1,1,2.0,A12 Y,48.822249,2.070864,03:30:00,2024-04-13
202400025912,17:45,Plein jour,40,40192,2,1,1,4.0,CANENX (AV DE) R.D. 53,43.92428,-0.49629,17:45:00,2024-08-22
202400025913,15:50,Plein jour,93,93007,1,1,1,2.0,A3,48.94419727,2.47746314,15:50:00,2024-04-13
202400025914,07:40,,93,93066,2,2,2,6.0,Boulevard Félix Faure / Rue Alber Walter,48.9388049,2.35940248,07:40:00,2024-01-24
202400025915,07:47,Crépuscule,37,37195,2,6,9,2.0,PRIEURE (AVENUE DU),47.3828,0.65464,07:47:00,2024-09-03
202400025916,14:00,Plein jour,93,93064,1,1,1,5.0,A86,48.87109766,2.48225139,14:00:00,2024-04-13
202400025917,10:55,Plein jour,93,93055,2,3,1,6.0,Rue Etienne Marcel / Rue de la Liberté,48.89321094,2.40443945,10:55:00,2024-01-24
202400025918,06:56,Crépuscule,37,37122,1,1,2,6.0,RD 37,47.33982,0.66687,06:56:00,2024-09-03
202400025919,06:35,Nuit sans éclairage,95,95527,1,1,1,2.0,A3,48.98278289,2.50307168,06:35:00,2024-04-13
202400025920,19:58,Plein jour,36,36159,2,1,1,6.0,Route de Varennes,46.77277064,1.7351602,19:58:00,2024-09-03
202400025921,08:30,Crépuscule,93,93048,2,3,2,6.0,Avenue du Colonel Fabien / Rue Charles Deleslcuze,48.877668,2.45558,08:30:00,2024-01-24
202400025922,21:50,Nuit sans éclairage,94,94028,1,1,1,6.0,A86,48.78927074,2.44014502,21:50:00,2024-04-13
202400025923,22:35,Nuit sans éclairage,77,77363,1,1,1,2.0,A104,48.929749,2.627959,22:35:00,2024-04-12
202400025924,19:00,Crépuscule,93,93063,2,2,1,6.0,Route de Montreuil / Avenue du Docteur Fernand Lamaze,48.87714915,2.44939774,19:00:00,2024-01-23
202400025925,14:50,Plein jour,34,34172,2,2,1,3.0,CAUSSE (RUE PIERRE),43.60969,3.83792,14:50:00,2024-09-03
202400025926,20:10,Crépuscule,94,94028,1,1,1,7.0,A86,48.79698818,2.44355794,20:10:00,2024-04-12
202400025927,12:35,Plein jour,31,31483,2,1,1,2.0,SOMMER RAYMOND (BOULEVARD),43.09894087,0.70815951,12:35:00,2024-09-03
202400025928,19:27,,971,97120,2,1,1,6.0,HANNE (BOULEVARD),16.23941,-61.53098,19:27:00,2024-07-26
202400025929,17:00,Crépuscule,93,93007,2,6,1,3.0,Avenue Albert Einstein / Rond point Pablo Néruda,48.94982228,2.46687859,17:00:00,2024-01-24
202400025930,15:15,Plein jour,14,14578,2,2,1,3.0,67 Rue des Brioleurs,49.349316,0.180958,15:15:00,2024-05-24
202400025931,10:30,Plein jour,93,93001,2,1,1,6.0,Rue de l'Abeille,48.91366497,2.39423312,10:30:00,2024-01-24
202400025932,18:15,Plein jour,77,77083,1,1,1,4.0,A4.W,48.83180534,2.60174191,18:15:00,2024-04-12
202400025933,07:45,Plein jour,29,29232,1,1,8,3.0,Route de Pluguffan,47.97706919,-4.13363278,07:45:00,2024-09-03
202400025934,01:00,,2A,2A004,2,1,2,5.0,#111 Cours Napoléon#,41.93215,8.74016,01:00:00,2024-07-28
202400025935,15:00,Plein jour,14,14676,1,1,1,2.0,Rue des Alliés,49.2951,-0.641268,15:00:00,2024-05-23
202400025936,08:25,Plein jour,92,92078,1,2,1,3.0,LONGUE BERTRANE (RUE),48.92965,2.32017,08:25:00,2024-01-24
202400025937,08:42,Plein jour,27,27229,1,1,1,3.0,BUFFARDIERE (BOULEVARD DE LA),49.018852,1.14239,08:42:00,2024-09-03
202400025938,17:30,Plein jour,34,34301,2,3,1,3.0,LATTRE DE TASSIGNY MARECHAL (QUAI DU),43.40424,3.6973,17:30:00,2024-02-11
202400025939,21:30,,91,91514,2,6,3,2.0,RUE MERE MARIE PIA,48.67669,2.53701,21:30:00,2024-07-26
202400025940,13:10,Plein jour,92,92075,2,1,1,6.0,LATTRE DE TASSIGNY (PLACE DU MAL),48.82184,2.28489,13:10:00,2024-01-24
202400025941,18:00,Plein jour,05,05098,2,1,2,6.0,D40,44.492786,6.555802,18:00:00,2024-05-23
202400025942,04:24,,987,98735,2,1,1,6.0,PRINCE HINOI (AVENUE),-17.53388,-149.56074,04:24:00,2024-04-07
202400025943,11:00,Plein jour,25,25056,2,9,1,6.0,VESOUL RUE DE (sup 52),47.25415,6.01524,11:00:00,2024-09-03
202400025944,14:45,Plein jour,91,91174,2,1,2,2.0,BD JEAN JAURES,48.61116,2.462,14:45:00,2024-07-27
202400025945,09:30,Plein jour,92,92076,1,9,1,2.0,JARDY,48.83281418,2.1532613,09:30:00,2024-01-24
202400025946,05:50,,974,97411,1,1,2,3.0,VINH-SAN (BLD 1 DU PRINCE),-20.88742,55.44112,05:50:00,2024-04-12
202400025947,17:15,Plein jour,22,22278,2,1,1,2.0,8 MAI 1945 (PL DU),48.5121,-2.7558,17:15:00,2024-09-03
202400025948,17:10,Plein jour,86,86194,2,9,9,2.0,Promenade des Cours,46.57301,0.3402,17:10:00,2024-07-24
202400025949,14:20,Plein jour,92,92063,2,1,1,2.0,HOPITAL STELL (BOULEVARD DE L'),48.88082289,2.18480587,14:20:00,2024-01-24
202400025950,12:15,Plein jour,45,45258,1,1,1,1.0,D948 PR 5 + 46,48.218497,2.457043,12:15:00,2024-05-24
202400025951,00:02,,974,97407,2,9,1,2.0,RUE SULLY PRUD'HOMME,-20.94023,55.30811,00:02:00,2024-04-13
202400025952,09:40,Plein jour,64,64218,1,1,1,7.0,D428,43.072654,-1.191389,09:40:00,2024-05-24
202400025953,13:15,Plein jour,85,85191,2,6,8,6.0,Rue du puy charpentreau,46.648201,-1.434646,13:15:00,2024-07-27
202400025954,10:00,Plein jour,19,19031,2,2,1,2.0,ROOSEVELT (AVENUE DU PRESIDENT),45.15753,1.52398,10:00:00,2024-09-02
202400025955,18:15,,92,92050,2,1,1,3.0,NATIONAL BOULEVARD,48.88618131,2.18839574,18:15:00,2024-01-23
202400025956,22:30,,84,84087,2,1,1,6.0,CARISTIE (RUE),44.137544,4.808466,22:30:00,2024-07-27
202400025957,18:45,,60,60587,2,1,1,2.0,48 Rue de Paris,49.338214,2.605031,18:45:00,2024-01-23
202400025958,18:18,Plein jour,973,97302,2,1,1,3.0,MADELEINE (ROUTE DE LA),4.91453,-52.32099,18:18:00,2024-04-12
202400025959,03:00,,17,17200,2,1,2,7.0,ROSE   AVENUE DU FIEF,46.17423,-1.16665,03:00:00,2024-09-03
202400025960,12:10,Plein jour,18,18196,1,2,3,3.0,Unknown,46.762338,2.815408,12:10:00,2024-05-23
202400025961,17:30,Plein jour,65,65130,1,3,1,3.0,D935,43.579147,-0.021501,17:30:00,2024-01-24
202400025962,19:45,Plein jour,16,16089,1,3,1,3.0,Unknown,45.67439,-0.34132,19:45:00,2024-09-03
202400025963,18:15,Plein jour,84,84007,2,3,1,1.0,MORIERES (Route de ),43.95133,4.82726,18:15:00,2024-07-27
202400025964,07:18,Plein jour,43,43087,1,1,5,1.0,D501,45.20019044,4.35562586,07:18:00,2024-05-23
202400025965,16:00,Plein jour,973,97302,1,1,1,5.0,ROUTE NATIONALE 1,4.91314,-52.32841,16:00:00,2024-04-12
202400025966,11:00,Plein jour,26,26231,1,1,1,1.0,Route de Génissieux,45.093735,5.071907,11:00:00,2024-01-24
202400025967,11:20,Plein jour,28,28387,2,1,1,6.0,Rue de l?Etang,48.31225,0.990792,11:20:00,2024-05-24
202400025968,10:30,Plein jour,83,83137,2,1,1,6.0,BAZEILLES (BD / ROND POINT DE),43.1121,5.9376,10:30:00,2024-07-27
202400025969,20:30,,13,13056,2,6,1,3.0,TURCAN FRANCIS,43.4192,5.05589,20:30:00,2024-09-03
202400025970,19:45,Nuit sans éclairage,86,86042,1,1,1,1.0,D58,46.962223,0.669349,19:45:00,2024-01-24
202400025971,08:45,Crépuscule,17,17266,1,2,1,3.0,D739e,45.93005,-0.648494,08:45:00,2024-05-24
202400025972,22:15,,83,83069,2,3,1,3.0,AEROPORT (AVENUE DE L'),43.08644343,6.1571027,22:15:00,2024-07-26
202400025973,14:30,Plein jour,41,41282,1,1,1,7.0,d75,47.356691,1.843053,14:30:00,2024-01-25
202400025974,00:54,,13,13214,2,1,1,2.0,PLOMBIERES (BOULEVARD DES),43.31517,5.38698,00:54:00,2024-09-04
202400025975,17:12,Plein jour,37,37124,1,1,3,1.0,D976,47.366044,0.789911,17:12:00,2024-05-17
202400025976,13:45,Plein jour,83,83069,2,6,1,6.0,VICTORIA (AVENUE),43.11521155,6.12521171,13:45:00,2024-07-27
202400025977,07:50,Crépuscule,31,31418,1,1,8,3.0,71 Route de Flourens,43.608495,1.539652,07:50:00,2024-01-23
202400025978,19:00,Plein jour,10,10387,2,1,1,3.0,Avenue Edouard Herriot,48.2739,4.0805,19:00:00,2024-09-02
202400025979,07:55,Plein jour,37,37203,2,1,1,2.0,35 Rue Saint-Georges,47.410022,0.738509,07:55:00,2024-05-23
202400025980,22:24,,79,79191,2,1,1,1.0,Unknown,46.30642,-0.4411,22:24:00,2024-07-27
202400025981,16:05,Plein jour,974,97405,1,1,2,3.0,Déviation de Grand Bois (Pont),-21.363843,55.539869,16:05:00,2024-01-24
202400025982,16:50,Plein jour,33,33052,1,1,1,2.0,Unknown,44.95989,-0.247198,16:50:00,2024-05-23
202400025983,22:15,Nuit sans éclairage,66,66050,1,1,1,7.0,Carrer de Las Escales,42.776157,2.944057,22:15:00,2024-01-24
202400025984,19:15,,987,98738,2,1,1,3.0,RDO,-17.575087,-149.611822,19:15:00,2024-05-22
202400025985,16:40,Crépuscule,51,51237,2,1,8,6.0,Rue Jean Jaures,48.727738,3.554158,16:40:00,2024-01-25
202400025986,18:51,Plein jour,10,10362,2,1,1,3.0,Avenue du General Gallieni,48.29359,4.05299,18:51:00,2024-09-02
202400025987,10:30,Plein jour,78,78168,2,6,2,6.0,ARPENTS (BOULEVARD DES),48.75639,1.93019,10:30:00,2024-07-27
202400025988,06:55,Nuit sans éclairage,51,51237,1,1,9,6.0,Esternay,48.73177,3.597686,06:55:00,2024-01-17
202400025989,23:18,Nuit sans éclairage,57,57644,1,1,1,2.0,Autoroute A4 PK 373,49.1179,6.836629,23:18:00,2024-05-21
202400025990,19:00,,2B,2B123,2,6,1,6.0,Avenue du 9 Septembre,42.017684,9.406652,19:00:00,2024-01-24
202400025991,18:15,Plein jour,77,77216,1,1,1,6.0,D 40d,48.31928,2.69733,18:15:00,2024-07-26
202400025992,17:00,Plein jour,2B,2B123,1,1,1,6.0,D344,42.041548,9.388547,17:00:00,2024-01-21
202400025993,10:30,Plein jour,976,97617,1,1,1,1.0,CCD 3 mirereni direction vahibé,-12.784871,45.14353,10:30:00,2024-05-23
202400025994,15:25,Plein jour,33,33229,2,6,1,2.0,Unknown,44.703791,-1.038643,15:25:00,2024-05-23
202400025995,16:30,Plein jour,10,10387,2,6,8,7.0,Boulevard Georges Pompidou,48.2879,4.08129,16:30:00,2024-09-02
202400025996,09:50,Plein jour,11,11254,1,1,1,1.0,Unknown,43.194164,2.125458,09:50:00,2024-01-25
202400025997,11:05,Plein jour,71,71153,2,2,1,1.0,MARECHAL JOFFRE,46.79509,4.42504,11:05:00,2024-07-26
202400025998,19:53,Nuit avec éclairage,61,61214,2,1,1,6.0,55 Rue Louis Pasteur,48.762298,0.620791,19:53:00,2024-01-24
202400025999,12:00,Plein jour,77,77153,1,1,1,1.0,D13,49.060285,2.698216,12:00:00,2024-05-24
202400026000,14:20,Plein jour,67,67447,2,1,1,6.0,GENERAL DE GAULLE (ROUTE DU),48.60693,7.73608,14:20:00,2024-07-27
202400026001,17:20,Plein jour,77,77168,1,9,1,7.0,Impasse du Gros Charme,48.195731,2.856231,17:20:00,2024-05-22
202400026002,18:20,Plein jour,66,66136,2,3,1,3.0,AERODROME AVENUE DE L'(CD117),42.72194,2.88511,18:20:00,2024-07-26
202400026003,18:30,Plein jour,06,06029,2,9,1,5.0,74 Rue Georges Clemenceau,43.54938,7.00875,18:30:00,2024-09-03
202400026004,11:55,Plein jour,77,77211,1,1,1,3.0,RD 201,48.595741,2.983217,11:55:00,2024-05-22
202400026005,18:15,,22,22183,2,3,8,3.0,Rue Jéhan Crès,48.142233,-2.605718,18:15:00,2024-01-23
202400026006,11:40,Plein jour,64,64249,2,3,1,2.0,GENERAL DE GAULLE(AVENUE DU),43.42373,-1.60896,11:40:00,2024-07-27
202400026007,18:15,Plein jour,75,75120,2,1,1,3.0,PORTE DES LILAS,48.868742,2.413252,18:15:00,2024-09-03
202400026008,06:38,Nuit sans éclairage,25,25262,1,1,2,1.0,D461,47.135615,6.590981,06:38:00,2024-01-25
202400026009,00:40,,64,64483,2,3,1,3.0,HUGO VICTOR (BOULEVARD),43.38853,-1.6587,00:40:00,2024-07-27
202400026010,12:30,Plein jour,2B,2B257,1,1,1,2.0,intesection D 81 / D62,42.653992,9.267574,12:30:00,2024-05-23
202400026011,18:20,Crépuscule,44,44023,2,1,8,6.0,32 Rue  Louis Guihot,47.418389,-1.849533,18:20:00,2024-01-24
202400026012,19:30,Plein jour,61,61006,2,1,1,7.0,Voie Communale,48.752515,-0.025239,19:30:00,2024-07-22
202400026013,16:00,Plein jour,75,75115,2,1,1,5.0,PORTE DE SEVRES,48.83293,2.279507,16:00:00,2024-09-03
202400026014,15:50,Plein jour,26,26108,1,1,1,2.0,D538,44.7150162,5.00869789,15:50:00,2024-01-24
202400026015,14:45,Plein jour,30,30130,1,1,3,1.0,Route départementale 906,44.354672,3.953099,14:45:00,2024-05-24
202400026016,00:38,,59,59512,2,9,1,6.0,Rue de Leers,50.69006,3.21086,00:38:00,2024-07-28
202400026017,15:25,Plein jour,75,75120,2,1,1,3.0,ECHANGEUR BAGNOLET,48.869643,2.413267,15:25:00,2024-09-03
202400026018,13:45,Plein jour,54,54196,1,1,1,7.0,RN57,48.56728372,6.17592573,13:45:00,2024-05-23
202400026019,17:40,Plein jour,59,59636,2,1,1,6.0,CHATEAUX AVENUE DES,50.68797,3.05145,17:40:00,2024-07-26
202400026020,01:55,,75,75112,2,1,1,3.0,PORTE DE CHARENTON,48.82911,2.399971,01:55:00,2024-09-03
202400026021,15:10,Plein jour,72,72331,1,1,8,2.0,D323,48.090611,0.563328,15:10:00,2024-01-24
202400026022,04:09,Nuit sans éclairage,57,57606,2,9,3,6.0,RD 910 A,49.107734,6.689974,04:09:00,2024-07-27
202400026023,13:07,Plein jour,42,42285,2,3,1,3.0,Avenue François Parot,45.55372079,4.12096913,13:07:00,2024-05-24
202400026024,09:20,Plein jour,05,05010,2,1,1,6.0,Route de Valence,44.52410502,5.74727654,09:20:00,2024-01-23
202400026025,01:15,,75,75119,2,1,1,5.0,PORTE DES LILAS,48.879032,2.408116,01:15:00,2024-09-03
202400026026,21:01,Nuit sans éclairage,50,50429,1,1,2,6.0,D 49,49.012752,-1.54521,21:01:00,2024-01-24
202400026027,06:00,Crépuscule,56,56083,2,6,8,6.0,Avenue Aristide Bruant,47.80252,-3.25975,06:00:00,2024-07-27
202400026028,08:45,Plein jour,75,75119,2,1,1,6.0,AVENUE JEAN JAURES,48.88741236,2.38787949,08:45:00,2024-09-03
202400026029,10:45,Plein jour,31,31248,2,1,1,6.0,"Avenue du Lauragais, intersection Chemin du Camp du Nord",43.452654,1.40213,10:45:00,2024-05-24
202400026030,18:30,Crépuscule,64,64495,1,2,1,3.0,D918,43.364822,-1.590453,18:30:00,2024-01-21
202400026031,17:15,Plein jour,51,51454,2,2,3,5.0,GERUZEZ (RUE),49.263856,4.017949,17:15:00,2024-07-27
202400026032,23:20,,75,75113,2,2,1,3.0,BOULEVARD DU GENERAL JEAN SIMON,48.825716,2.381937,23:20:00,2024-09-03
202400026033,15:55,Plein jour,51,51454,2,1,2,6.0,BOCQUAINE (CHAUSSEE),49.250042,4.019688,15:55:00,2024-07-27
202400026034,16:15,Plein jour,75,75110,2,1,1,7.0,AVENUE PARMENTIER,48.870481,2.370692,16:15:00,2024-09-03
202400026035,16:10,Plein jour,73,73312,1,1,7,7.0,D201C,45.655981,6.312183,16:10:00,2024-01-20
202400026036,08:13,Plein jour,13,13088,1,1,1,2.0,A55-Sens Martigues vers Marseille,43.381,5.224,08:13:00,2024-05-22
202400026037,04:31,,49,49007,1,1,2,7.0,MOULIN BOULEVARD,47.49557,-0.55462,04:31:00,2024-07-27
202400026038,08:15,Plein jour,75,75111,2,2,1,6.0,RUE DU CHEMIN VERT,48.860305,2.378615,08:15:00,2024-09-03
202400026039,06:55,Plein jour,13,13071,1,1,1,7.0,F1-Sens Lyon vers A55-Martigues,43.398,5.298,06:55:00,2024-05-22
202400026040,14:55,Plein jour,16,16393,1,2,1,1.0,Unknown,45.76486104,0.16221731,14:55:00,2024-01-24
202400026041,00:40,,75,75110,2,3,1,6.0,CITE DE CHABROL,48.876341,2.353832,00:40:00,2024-09-03
202400026042,16:55,Plein jour,45,45234,2,3,1,3.0,50 Avenue du Président John Kennedy,47.843498,1.92394,16:55:00,2024-07-26
202400026043,00:20,Nuit sans éclairage,69,69040,1,1,1,2.0,Route de Métropole 6  ,45.79693786,4.77773204,00:20:00,2024-04-12
202400026044,14:00,Plein jour,07,07343,1,1,1,2.0,Route de Largentière,44.556901,4.31767,14:00:00,2024-01-25
202400026045,23:18,Nuit avec éclairage,33,33318,1,1,1,7.0,Unknown,44.807944,-0.668589,23:18:00,2024-05-23
202400026046,13:30,Plein jour,37,37261,2,9,2,3.0,DESLONDAINS (RUE ADRIEN),47.39055,0.67265,13:30:00,2024-07-27
202400026047,08:00,,37,37109,2,1,1,6.0,72 Avenue du Général de Gaulle,47.4047326,0.61389823,08:00:00,2024-01-24
202400026048,16:40,Plein jour,75,75108,2,3,8,3.0,BOULEVARD DE COURCELLES,48.88117,2.315328,16:40:00,2024-09-03
202400026049,20:30,,30,30212,2,1,1,7.0,D6101,43.940359,4.573714,20:30:00,2024-01-25
202400026050,16:50,Plein jour,37,37261,2,3,1,3.0,DANIEL MAYER,47.4186,0.69345,16:50:00,2024-07-26
202400026051,10:02,Plein jour,75,75108,2,1,2,3.0,RUE DE MIROMESNIL,48.874342,2.315856,10:02:00,2024-09-03
202400026052,08:20,Plein jour,33,33249,1,1,1,4.0,Unknown,44.87865,-0.53043,08:20:00,2024-05-23
202400026053,13:20,Plein jour,08,08173,2,1,2,3.0,17 rue de sedan,49.698144,4.777406,13:20:00,2024-01-25
202400026054,17:21,Plein jour,33,33063,2,3,1,6.0,Unknown,44.83506,-0.56344,17:21:00,2024-07-27
202400026055,06:43,,95,95394,2,1,1,3.0,D928,49.05787829,2.18982163,06:43:00,2024-01-25
202400026056,02:30,,33,33063,2,1,1,6.0,Rue Emile Duploye,44.84027,-0.56966,02:30:00,2024-07-27
202400026057,06:05,Crépuscule,33,33122,1,1,1,4.0,Unknown,44.7433,-0.70667,06:05:00,2024-05-23
202400026058,21:55,,93,93059,2,2,1,3.0,Avenue Lénine / Avenue Suzanne Valandon,48.96005,2.35878,21:55:00,2024-09-02
202400026059,16:40,Plein jour,13,13080,1,2,1,3.0,"RD 561, croisement D15g",43.655919,5.46911,16:40:00,2024-01-24
202400026060,14:00,Plein jour,33,33063,2,1,7,6.0,Unknown,44.86241,-0.55606,14:00:00,2024-07-26
202400026061,19:41,Plein jour,93,93077,2,3,1,3.0,Avenue de Rosny / Place du Souvenir Français,48.88248,2.49783,19:41:00,2024-09-03
202400026062,09:30,Plein jour,62,62766,1,1,2,5.0,A16,50.94210218,2.09036153,09:30:00,2024-05-18
202400026063,12:00,Plein jour,06,06085,2,2,1,1.0,Chemin des Campelieres,43.580216,7.005656,12:00:00,2024-01-24
202400026064,22:30,,27,27229,2,3,2,3.0,BOIS DES COMMUNES (RUE DU),49.029371,1.179774,22:30:00,2024-07-26
202400026065,09:20,Plein jour,93,93066,1,1,1,2.0,A86,48.92536061,2.33939297,09:20:00,2024-05-23
202400026066,09:40,Plein jour,93,93050,2,3,1,6.0,Avenue du 8 Mai 1945 / Place du Roussillon,48.86584518,2.53447205,09:40:00,2024-09-03
202400026067,20:45,Nuit sans éclairage,95,95348,1,1,1,7.0,D14,49.07188117,1.95834883,20:45:00,2024-01-24
202400026068,10:30,Plein jour,26,26362,2,9,1,6.0,Avenue Victor Hugo,44.922,4.88653,10:30:00,2024-07-27
202400026069,07:05,Plein jour,93,93014,2,1,8,3.0,Allée Maurice Audin,48.90851,2.5391,07:05:00,2024-09-03
202400026070,19:15,Plein jour,94,94022,1,1,1,2.0,A86,48.77338115,2.40113955,19:15:00,2024-05-23
202400026071,20:10,Nuit sans éclairage,83,83079,1,1,1,5.0,Route Nationale 98,43.209919,6.489422,20:10:00,2024-01-22
202400026072,17:25,Plein jour,93,93029,2,1,1,2.0,Rue de Stalingrad,48.91606523,2.42431368,17:25:00,2024-09-03
202400026073,00:35,Nuit sans éclairage,94,94042,1,1,2,4.0,A4,48.82854107,2.47576095,00:35:00,2024-05-23
202400026074,09:00,Plein jour,06,06075,1,1,1,6.0,Route de Grenoble,43.853732,7.197837,09:00:00,2024-01-12
202400026075,09:20,Plein jour,93,93008,2,1,8,6.0,Boulevard Lénine,48.90655,2.44294,09:20:00,2024-09-03
202400026076,16:40,Plein jour,17,17415,1,1,1,4.0,route nationale 141,45.73028,-0.62426,16:40:00,2024-07-27
202400026077,07:00,Crépuscule,94,94079,1,1,1,2.0,A4,48.83281718,2.53379035,07:00:00,2024-05-22
202400026078,17:50,Plein jour,93,93001,2,9,1,6.0,Rue Trevet,48.906079,2.39187509,17:50:00,2024-09-03
202400026079,16:10,Plein jour,13,13034,1,3,1,3.0,D24,43.752675,4.922841,16:10:00,2024-01-25
202400026080,12:05,Plein jour,14,14231,1,1,2,6.0,438 Rue du Bourg,49.213411,0.022411,12:05:00,2024-01-07
202400026081,05:24,Nuit sans éclairage,17,17291,1,1,1,4.0,35 PK RN11 ROCADE NANTES,46.173651,-1.115234,05:24:00,2024-07-27
202400026082,09:30,Plein jour,57,57582,1,1,1,2.0,D60,49.29797355,6.16815805,09:30:00,2024-01-25
202400026083,12:30,Crépuscule,93,93001,2,2,8,5.0,Avenue de la République / Rue Bernard et Mazoyer,48.91245949,2.38346636,12:30:00,2024-09-03
202400026084,19:43,,13,13210,2,1,1,3.0,PIERRE DOIZE  (RUE),43.27580143,5.42623851,19:43:00,2024-02-18
202400026085,10:45,Plein jour,26,26220,2,1,1,6.0,90 Avenue Frédéric Mistral,44.35613,5.125508,10:45:00,2024-01-24
202400026086,20:20,Crépuscule,92,92050,2,1,1,6.0,LORRAINE ALLEE DE,48.89936738,2.2179231,20:20:00,2024-08-29
202400026087,09:10,Plein jour,15,15014,2,9,1,3.0,RN 122,44.90743,2.42084,09:10:00,2024-07-27
202400026088,10:40,Plein jour,85,85161,1,1,1,3.0,la Gautrie,46.561589,-1.503647,10:40:00,2024-01-24
202400026089,05:30,,92,92040,2,1,1,6.0,VERDUN (AVENUE DE) DU 115 AU 149,48.81785872,2.25007832,05:30:00,2024-09-03
202400026090,11:10,Plein jour,13,13208,2,1,1,5.0,PRADO (AVENUE DU),43.26766985,5.38383365,11:10:00,2024-02-18
202400026091,11:40,Plein jour,14,14366,2,1,1,2.0,31 Rue Henry Chéron,49.14596,0.22684,11:40:00,2024-07-27
202400026092,12:10,Plein jour,80,80176,1,9,1,1.0,D930,49.70987,2.828701,12:10:00,2024-01-25
202400026093,11:50,Plein jour,92,92036,2,1,1,7.0,BASSES NOELS (PASSAGE DES),48.92597,2.31333,11:50:00,2024-09-03
202400026094,01:50,,974,97416,2,1,1,6.0,HUBERT DE LISLE(BOULEVARD),-21.34344,55.47199,01:50:00,2024-05-23
202400026095,04:46,,13,13207,2,1,1,3.0,Corniche John Fitzgérald Kennedy,43.27847904,5.35456324,04:46:00,2024-07-27
202400026096,08:35,Plein jour,13,13202,1,1,1,2.0,A55 - Sens Marseille vers Martigues,43.31431865,5.36559368,08:35:00,2024-01-24
202400026097,09:56,Plein jour,92,92024,2,2,2,3.0,RUE PAUL DUPONT,48.90468,2.29361,09:56:00,2024-09-03
202400026098,19:00,Plein jour,13,13214,2,1,1,1.0,JEAN QUEILLAU (RUE),43.33266,5.38599,19:00:00,2024-07-27
202400026099,18:49,,973,97302,1,1,1,2.0,ROUTE NATIONALE 1,4.90117324,-52.32502484,18:49:00,2024-05-22
202400026100,06:45,Plein jour,973,97302,2,6,2,3.0,MIRZA (ROND-POINT),4.93243,-52.32648,06:45:00,2024-05-22
202400026101,13:20,Plein jour,92,92060,2,6,1,3.0,CARREAU (RUE DU),48.78090072,2.25580949,13:20:00,2024-09-03
202400026102,09:50,Plein jour,13,13081,1,1,1,4.0,A7-Sens Lyon vers Marseille,43.49581534,5.23949787,09:50:00,2024-01-23
202400026103,14:53,Plein jour,13,13209,2,6,1,3.0,MAZARGUES (ROND-POINT),43.25089,5.4037,14:53:00,2024-07-26
202400026104,19:15,Plein jour,69,69388,2,3,2,3.0,Avenue Jean Mermoz,45.73371447,4.87775192,19:15:00,2024-05-22
202400026105,14:50,Plein jour,92,92004,2,9,1,3.0,COMETE  ( RUE DE LA ),48.9133593,2.28673339,14:50:00,2024-09-03
202400026106,07:00,,83,83126,1,1,1,3.0,A50,43.11971718,5.86322838,07:00:00,2024-01-23
202400026107,15:45,Plein jour,13,13028,2,1,1,3.0,SERPOLET (AVENUE DU),43.20002322,5.59503443,15:45:00,2024-07-26
202400026108,11:00,Plein jour,974,97415,2,1,1,3.0,route des premiers français,-21.014136,55.264839,11:00:00,2024-09-02
202400026109,10:00,Plein jour,69,69383,2,3,1,6.0,Rue Feuillat,45.75491149,4.87726863,10:00:00,2024-05-22
202400026110,00:05,Nuit sans éclairage,69,69029,1,1,1,2.0,Route Départementale 383,45.73715337,4.90355879,00:05:00,2024-01-16
202400026111,11:10,Plein jour,11,11262,2,2,1,7.0,21 Avenue Gustave Eiffel,43.16134,2.979511,11:10:00,2024-07-27
202400026112,13:35,Plein jour,90,90008,2,9,1,6.0,Grande Rue François Mitterrand,47.62074205,6.83429874,13:35:00,2024-05-21
202400026113,17:20,Plein jour,12,12300,2,6,1,3.0,Avenue du Quercy,44.35892006,2.02120095,17:20:00,2024-09-03
202400026114,15:30,Plein jour,11,11069,2,1,1,6.0,Unknown,43.2108,2.3032,15:30:00,2024-07-27
202400026115,17:40,Nuit sans éclairage,42,42099,1,1,1,2.0,N88,45.37948,4.27344,17:40:00,2024-01-16
202400026116,18:30,Plein jour,88,88160,2,1,1,7.0,DOGNEVILLE (Q. DE),48.18189,6.44691,18:30:00,2024-05-22
202400026117,15:50,Plein jour,40,40004,1,3,1,1.0,Route de Portets,43.651118,-1.387925,15:50:00,2024-08-13
202400026118,19:20,Plein jour,10,10333,2,1,3,7.0,ROCADE OUEST (RD 610),48.269,4.0512,19:20:00,2024-07-27
202400026119,14:05,Plein jour,84,84007,2,4,1,1.0,JOSEPH NOEL CLAMON (rue),43.95257,4.79675,14:05:00,2024-05-22
202400026120,07:20,Plein jour,06,06069,2,1,1,3.0,158 Route de Cannes,43.63469,6.95172,07:20:00,2024-07-27
202400026121,13:01,Plein jour,57,57463,1,1,1,5.0,RN 431,49.08828419,6.22196314,13:01:00,2024-01-24
202400026122,15:00,Plein jour,31,31467,2,3,1,3.0,Avenue de Fronton,43.679649,1.42233,15:00:00,2024-09-03