Num_Acc,hrmn,lum,dep,com,agg,int,atm,col,adr,lat,long,heure,date
202400026123,13:45,Plein jour,84,84007,2,1,1,3.0,AMANDIER (Avenue de l'),43.94193,4.85217,13:45:00,2024-05-21
202400026124,17:30,Plein jour,81,81238,2,1,3,6.0,59 Avenue de la Méditerranée,43.4778841,2.4899695,17:30:00,2024-09-04
202400026125,12:50,Plein jour,33,33397,1,1,1,3.0,Unknown,44.912913,-0.482811,12:50:00,2024-01-24
202400026126,02:30,Nuit sans éclairage,04,04070,2,1,1,6.0,NOEL (AV. DU COL.),44.08274,6.20184,02:30:00,2024-07-27
202400026127,09:10,Plein jour,84,84007,2,2,1,3.0,AULNES(Avenue des)-MONTFAVET,43.94328,4.86571,09:10:00,2024-05-21
202400026128,22:40,Nuit sans éclairage,10,10240,1,1,8,6.0,D660,48.277143,3.906161,22:40:00,2024-09-03
202400026129,21:40,Plein jour,75,75116,2,1,2,7.0,ECHANGEUR MAILLOT,48.875228,2.276512,21:40:00,2024-07-27
202400026130,15:20,Plein jour,46,46103,1,1,2,7.0,RD 820,44.275734,1.46277,15:20:00,2024-09-04
202400026131,16:55,Plein jour,94,94003,1,1,1,5.0,A6A,48.80352187,2.34180952,16:55:00,2024-01-24
202400026132,22:55,,83,83137,2,9,1,3.0,HERRIOT (AVE EDOUARD),43.12869,5.89264,22:55:00,2024-05-21
202400026133,11:40,Plein jour,75,75119,2,1,2,2.0,BD PERIPHERIQUE EXTERIEUR,48.890069,2.396274,11:40:00,2024-07-27
202400026134,16:38,Plein jour,67,67253,1,1,1,1.0,D220,48.647403,7.529175,16:38:00,2024-09-03
202400026135,01:51,Nuit sans éclairage,91,91689,1,1,1,7.0,AUTOROUTE A10,48.74197,2.3217,01:51:00,2024-01-24
202400026136,06:20,Plein jour,75,75120,2,1,2,6.0,BD PERIPHERIQUE INTERIEUR,48.848316,2.414768,06:20:00,2024-07-27
202400026137,10:35,Plein jour,78,78372,2,3,8,2.0,EUROPE (AVENUE DE L'),48.88443,2.10023,10:35:00,2024-05-22
202400026138,14:00,Plein jour,58,58059,1,9,1,3.0,"A77, PK 129+000",47.182913,3.038594,14:00:00,2024-09-03
202400026139,10:30,Plein jour,78,78372,2,1,1,3.0,ABREUVOIR (AVENUE DE L'),48.86794,2.10193,10:30:00,2024-05-22
202400026140,16:10,Plein jour,75,75118,2,1,1,3.0,BD PERIPHERIQUE INTERIEUR,48.900815,2.339917,16:10:00,2024-07-26
202400026141,09:38,Plein jour,78,78206,1,1,1,3.0,A13,48.951402,1.94234,09:38:00,2024-01-23
202400026142,05:15,Nuit sans éclairage,30,30334,1,1,1,7.0,D982,44.017169,4.429117,05:15:00,2024-09-04
202400026143,16:25,Plein jour,77,77288,2,3,1,6.0,CHAMBLAIN   (BOULEVARD),48.533667,2.654611,16:25:00,2024-05-21
202400026144,10:40,Plein jour,75,75120,2,4,2,3.0,BD PERIPHERIQUE INTERIEUR,48.86134563,2.41373599,10:40:00,2024-07-26
202400026145,01:15,Nuit sans éclairage,93,93064,1,1,1,4.0,A3,48.88566369,2.47257834,01:15:00,2024-01-24
202400026146,20:00,Plein jour,62,62864,1,1,1,6.0,D9E4,50.261202,2.944443,20:00:00,2024-08-20
202400026147,09:03,Plein jour,77,77251,1,6,1,1.0,AV PAUL DELOUVRIER,48.62649,2.55301,09:03:00,2024-05-16
202400026148,00:45,Nuit sans éclairage,95,95652,1,1,1,6.0,ROULIERS (CHEMIN DES),49.113732,2.394665,00:45:00,2024-09-04
202400026149,16:26,Plein jour,75,75114,2,1,2,3.0,BD PERIPHERIQUE INTERIEUR,48.824682,2.305116,16:26:00,2024-07-27
202400026150,18:10,Plein jour,69,69282,2,2,1,6.0,Avenue de Verdun,45.77576,4.98974,18:10:00,2024-05-22
202400026151,19:30,Plein jour,76,76146,1,1,1,3.0,D919,49.578943,1.293147,19:30:00,2024-09-03
202400026152,20:30,Plein jour,75,75115,2,3,3,6.0,QUAI DE GRENELLE,48.852059,2.288832,20:30:00,2024-07-26
202400026153,10:20,Plein jour,974,97416,2,3,1,2.0,LEBLOND(RUE M. ET A.),-21.33574,55.46824,10:20:00,2024-01-23
202400026154,11:10,Plein jour,66,66136,2,5,1,1.0,Unknown,42.69722,2.88322,11:10:00,2024-05-22
202400026155,12:30,Plein jour,973,97302,2,1,1,6.0,BONHOMME (CITE),4.91986914,-52.31840193,12:30:00,2024-01-23
202400026156,13:40,Plein jour,75,75114,2,3,1,3.0,AVENUE RENE COTY,48.829924,2.334204,13:40:00,2024-07-27
202400026157,20:20,Plein jour,59,59650,2,1,1,3.0,CASTEL (RUE JEAN),50.710558,3.210555,20:20:00,2024-05-22
202400026158,12:00,Plein jour,25,25601,2,1,1,6.0,12 Grande-rue,47.182977,6.399359,12:00:00,2024-09-03
202400026159,17:40,Plein jour,56,56121,2,2,1,6.0,Rue de Vauban,47.74994,-3.3634,17:40:00,2024-05-21
202400026160,12:40,Plein jour,75,75110,2,3,3,2.0,BOULEVARD DE STRASBOURG,48.87058572,2.35500705,12:40:00,2024-07-27
202400026161,01:50,,69,69387,2,2,1,3.0,Avenue Jean Jaurès,45.74816,4.84367,01:50:00,2024-01-24
202400026162,10:55,Plein jour,44,44130,1,1,1,3.0,Unknown,47.112225,-1.538231,10:55:00,2024-09-04
202400026163,19:45,Plein jour,54,54547,2,1,1,3.0,Square de Liège,48.66736122,6.16813123,19:45:00,2024-05-22
202400026164,16:00,Plein jour,69,69388,2,1,1,6.0,21 Rue Genton,45.73391124,4.88465154,16:00:00,2024-01-12
202400026165,23:00,,75,75110,2,2,2,3.0,RUE DU FAUBOURG SAINT MARTIN,48.881597,2.36572,23:00:00,2024-07-26
202400026166,11:00,Plein jour,54,54395,2,3,1,3.0,Rue de Phalsbourg,48.68425,6.18044,11:00:00,2024-05-22
202400026167,07:00,Crépuscule,44,44002,2,2,1,3.0,Unknown,47.074769,-1.419114,07:00:00,2024-09-04
202400026168,17:00,Plein jour,972,97209,2,1,1,6.0,MARNE (BOULEVARD DE LA),14.60483,-61.08482,17:00:00,2024-01-23
202400026169,18:27,Plein jour,54,54547,2,1,1,3.0,Rue de Gembloux,48.662714,6.176599,18:27:00,2024-05-21
202400026170,16:35,Plein jour,75,75109,2,3,8,6.0,RUE SAINT LAZARE,48.875748,2.328553,16:35:00,2024-07-26
202400026171,10:38,Plein jour,29,29257,1,1,1,7.0,Lieu Dit Kerhornou,48.561095,-4.633696,10:38:00,2024-08-30
202400026172,06:43,Plein jour,972,97209,2,1,1,6.0,YVES GOUSSARD (RUE),14.60831047,-61.0686707,06:43:00,2024-01-23
202400026173,17:00,Plein jour,94,94081,2,1,1,6.0,Route de Fontainebleau,48.77706675,2.36763203,17:00:00,2024-07-26
202400026174,09:56,Plein jour,54,54395,2,3,2,3.0,Avenue Général Leclerc,48.6744,6.17526,09:56:00,2024-05-21
202400026175,16:45,Plein jour,972,97209,1,1,2,6.0,BISHOP (Avenue Maurice),14.6132,-61.05264,16:45:00,2024-01-22
202400026176,08:13,Plein jour,49,49007,2,1,2,7.0,MONTESQUIEU PASSAGE,47.47334,-0.57868,08:13:00,2024-05-21
202400026177,18:55,Crépuscule,58,58247,1,9,1,5.0,Cougny,47.003305,3.354151,18:55:00,2024-09-04
202400026178,00:45,,94,94080,2,2,2,6.0,Avenue Aubert,48.847579,2.43063,00:45:00,2024-07-27
202400026179,23:35,,972,97209,2,1,1,6.0,LEOPOLD BISSOL (BOULEVARD),14.61294,-61.07347,23:35:00,2024-01-21
202400026180,12:45,Plein jour,45,45075,2,1,1,1.0,POMPIDOU (AVENUE GEORGES POMPIDOU),47.898716,1.855141,12:45:00,2024-05-22
202400026181,07:23,Crépuscule,69,69389,2,1,1,3.0,103 Avenue 25ème Régiment des Tirailleurs Sénégalais,45.78338,4.80053,07:23:00,2024-01-23
202400026182,05:30,Nuit sans éclairage,54,54523,1,1,2,1.0,D974,48.567393,5.94856,05:30:00,2024-09-04
202400026183,07:45,Crépuscule,94,94034,2,9,3,3.0,Avenue de la Division Leclerc,48.7591,2.32466,07:45:00,2024-07-27
202400026184,18:00,Plein jour,41,41226,1,1,1,7.0,PARIS (ROUTE DE),47.82451514,1.07734507,18:00:00,2024-05-22
202400026185,09:48,Plein jour,05,05084,1,1,1,7.0,"RN94, Zone artisanale du Saruchet",44.55280648,6.24471063,09:48:00,2024-09-04
202400026186,07:45,Crépuscule,69,69384,2,1,1,3.0,65 Quai Joseph Gillet,45.78685451,4.81709227,07:45:00,2024-01-23
202400026187,11:40,Plein jour,40,40281,2,1,3,1.0,KENNEDY (AV DU PDT. JOHN FIDGERALD),43.86337,-0.48622,11:40:00,2024-05-20
202400026188,21:15,Crépuscule,94,94017,2,1,8,3.0,Rue Eugéne Varlin,48.826274,2.522551,21:15:00,2024-07-27
202400026189,14:20,Plein jour,21,21016,1,1,1,1.0,D28d,47.362636,5.166686,14:20:00,2024-09-03
202400026190,14:50,Plein jour,40,40192,2,1,1,3.0,PEMEGNAN (CHEMIN DE),43.89575,-0.46358,14:50:00,2024-05-17
202400026191,16:22,Plein jour,971,97101,2,3,1,3.0,MORNE CARUEL,16.25764669,-61.5198487,16:22:00,2024-01-23
202400026192,23:10,,94,94004,1,3,3,6.0,Av du Mal de Lattre de Tassigny,48.72760653,2.53103147,23:10:00,2024-07-26
202400026193,12:50,Plein jour,37,37214,1,3,1,3.0,Rue du val choisille,47.43516645,0.64126557,12:50:00,2024-09-03
202400026194,09:05,Plein jour,37,37122,2,1,1,6.0,DOUZILLIERE (RUE DE LA),47.34139,0.65474,09:05:00,2024-05-22
202400026195,11:12,Plein jour,971,97101,2,3,2,7.0,PATRICK SAINT ELOI ( AVENUE ),16.25416188,-61.52301908,11:12:00,2024-01-23
202400026196,13:15,Plein jour,30,30095,1,1,1,3.0,D45,43.865082,3.936106,13:15:00,2024-09-04
202400026197,13:05,Plein jour,95,95527,1,1,2,1.0,A1,49.00801973,2.52766855,13:05:00,2024-07-27
202400026198,08:00,Plein jour,35,35278,2,1,1,1.0,DE GAULLE (AVENUE GENERAL),48.14128547,-1.68658565,08:00:00,2024-05-22
202400026199,18:30,Plein jour,48,48009,1,1,1,6.0,D3,44.653925,3.292921,18:30:00,2024-08-29
202400026200,23:40,,87,87085,2,3,1,3.0,PERRIN (RUE FRANCOIS),45.82959,1.24673,23:40:00,2024-01-19
202400026201,14:50,Plein jour,93,93046,2,2,2,3.0,Boulevard Roger Salengro / Avenue Léon Blum,48.91044,2.52749,14:50:00,2024-07-27
202400026202,20:45,Plein jour,35,35281,2,3,1,2.0,NANTES (RUE DE),48.092,-1.69185,20:45:00,2024-05-17
202400026203,07:30,,87,87085,2,3,1,6.0,RUCHAUD (RUE JEAN BAPTISTE),45.8200206,1.24485433,07:30:00,2024-01-19
202400026204,19:30,Crépuscule,48,48016,1,1,3,1.0,N88,44.49573854,3.45921928,19:30:00,2024-09-04
202400026205,15:00,Plein jour,92,92073,2,1,2,7.0,CHENES (RUE DES),48.88021581,2.22292746,15:00:00,2024-07-27
202400026206,22:00,,34,34172,2,1,1,7.0,BALEARES (RUE DES),43.64121,3.81554,22:00:00,2024-05-22
202400026207,13:45,Plein jour,87,87085,2,1,2,6.0,LATTRE-DE-TASSIGNY (AVENUE DU MARECHAL),45.82491725,1.27564877,13:45:00,2024-01-18
202400026208,10:25,Plein jour,31,31212,1,1,3,6.0,A68,43.709253,1.568368,10:25:00,2024-09-04
202400026209,01:45,,92,92050,2,1,2,6.0,REPUBLIQUE AVENUE DE LA,48.90340269,2.2067517,01:45:00,2024-07-27
202400026210,10:00,Plein jour,34,34172,2,2,1,3.0,MARCHE AUX BESTIAUX (RUE DU),43.61616,3.88438,10:00:00,2024-05-21
202400026211,16:14,Plein jour,87,87085,2,3,3,6.0,GAY-LUSSAC (COURS),45.83647398,1.26521409,16:14:00,2024-01-17
202400026212,02:30,Nuit sans éclairage,38,38530,1,6,1,1.0,D1006,45.61358,5.198153,02:30:00,2024-09-01
202400026213,14:55,Plein jour,92,92036,2,4,2,6.0,GENERAL DE GAULLE (AVENUE) (43/129),48.93377192,2.31337264,14:55:00,2024-07-27
202400026214,14:55,Plein jour,34,34032,2,2,1,6.0,MISTRAL FREDERIC (BD),43.34639,3.21906,14:55:00,2024-05-21
202400026215,21:10,Crépuscule,92,92023,2,1,1,6.0,DIVISION LECLERC (ROND POINT DE LA) SANS,48.77662,2.23087,21:10:00,2024-07-27
202400026216,08:00,Plein jour,84,84007,2,3,1,3.0,PIERRE SEMARD (avenue),43.939884,4.820485,08:00:00,2024-01-22
202400026217,16:00,Plein jour,63,63072,1,1,2,7.0,"PK 449+500, A89",45.85805692,3.72267008,16:00:00,2024-09-04
202400026218,11:35,Plein jour,34,34003,2,1,1,2.0,JETEE (L16 A M15,43.27747,3.51294,11:35:00,2024-05-22
202400026219,09:40,Plein jour,83,83126,2,9,1,6.0,PAUL (AV MARCEL),43.10910037,5.85680562,09:40:00,2024-01-23
202400026220,13:25,Plein jour,83,83069,2,1,1,7.0,EUGENIE (RUE),43.12178216,6.11584461,13:25:00,2024-01-23
202400026221,05:45,Crépuscule,976,97603,1,1,3,6.0,route nationale 3,-12.886048,45.215483,05:45:00,2024-09-04
202400026222,18:40,Plein jour,33,33522,2,6,1,3.0,Unknown,44.80176,-0.58505,18:40:00,2024-05-22
202400026223,14:20,Plein jour,92,92012,2,2,3,1.0,GENERAL LECLERC (AVENUE DU) 35/FIN - 60/,48.83079466,2.23471248,14:20:00,2024-07-27
202400026224,12:15,Plein jour,28,28404,2,1,1,,SAINT THIBAULT (RUE),48.73324,1.3452,12:15:00,2024-05-22
202400026225,07:50,Plein jour,47,47145,1,1,1,7.0,Route de Troutet,44.133737,0.716701,07:50:00,2024-07-26
202400026226,08:48,Plein jour,49,49068,1,1,1,2.0,A11,47.432979,-0.872941,08:48:00,2024-09-03
202400026227,08:28,Plein jour,63,63126,1,1,3,3.0,A75,45.68475662,3.14399022,08:28:00,2024-09-04
202400026228,06:20,Crépuscule,22,22278,2,1,1,6.0,CARNOT (BD),48.50661,-2.76776,06:20:00,2024-05-19
202400026229,15:20,Plein jour,51,51649,2,9,1,1.0,Place Royer Collard (Parking),48.724712,4.586013,15:20:00,2024-07-25
202400026230,20:19,Nuit sans éclairage,67,67415,1,1,2,7.0,D198,48.923063,7.511516,20:19:00,2024-07-26
202400026231,09:45,Plein jour,13,13208,2,1,1,4.0,MENDES FRANCE (AVENUE),43.25869,5.37602,09:45:00,2024-05-22
202400026232,13:44,Plein jour,14,14593,1,1,1,3.0,A13,49.267374,0.168765,13:44:00,2024-09-01
202400026233,13:50,Plein jour,13,13005,2,3,1,3.0,RN 8,43.2838,5.54269,13:50:00,2024-05-22
202400026234,10:17,Plein jour,38,38046,1,1,1,6.0,Chemin de la Mairie,45.454964,5.376946,10:17:00,2024-09-04
202400026235,16:00,Plein jour,41,41034,1,9,1,1.0,Route Charles X,47.613663,1.51723,16:00:00,2024-07-28
202400026236,16:30,Plein jour,06,06122,2,1,1,6.0,1228 route de Gattières,43.745731,7.158172,16:30:00,2024-09-03
202400026237,11:06,Plein jour,69,69043,1,6,1,7.0,Route de Brignais,45.691957,4.765942,11:06:00,2024-07-27
202400026238,07:20,Plein jour,13,13005,2,3,1,3.0,RN 96 (ROUTE NATIONALE ),43.32344,5.58993,07:20:00,2024-05-22
202400026239,01:40,Nuit sans éclairage,974,97422,2,1,1,6.0,Rue Pierre Rivals,-21.234117,55.540566,01:40:00,2024-07-28
202400026240,18:15,Plein jour,13,13001,1,1,1,3.0,RD9,43.50255,5.39341,18:15:00,2024-05-22
202400026241,08:20,Plein jour,13,13089,1,3,8,3.0,Route Departementale 7n,43.820082,4.973086,08:20:00,2024-09-04
202400026242,12:32,Plein jour,73,73123,1,4,8,7.0,D909 / Chemin crève cœur,45.87078384,6.48215345,12:32:00,2024-09-02
202400026243,19:30,Plein jour,12,12176,1,6,3,3.0,D901 (ROUTE DE CONQUES),44.37931,2.56586,19:30:00,2024-05-19
202400026244,17:00,Plein jour,81,81099,1,2,1,3.0,Chemin Toulze,43.9210004,1.885971,17:00:00,2024-08-29
202400026245,09:35,Plein jour,83,83086,1,1,1,3.0,D125,43.458262,6.557639,09:35:00,2024-07-27
202400026246,12:45,Plein jour,11,11069,1,1,1,1.0,route départementale 119,43.21379,2.28786,12:45:00,2024-05-21
202400026247,12:30,Plein jour,34,34079,1,1,1,2.0,A75,43.629886,3.448988,12:30:00,2024-07-26
202400026248,17:00,Plein jour,10,10387,2,1,1,6.0,CHOMEDEY DE MAISONNEUVE (AVE),48.3063,4.0708,17:00:00,2024-05-22
202400026249,10:25,Plein jour,81,81105,1,4,1,2.0,Route de Realmont,43.765204,2.017668,10:25:00,2024-08-28
202400026250,00:40,,05,05023,2,6,2,6.0,DE LATTRE DE TASSIGNY (RUE),44.88206,6.62288,00:40:00,2024-05-22
202400026251,03:15,Nuit sans éclairage,31,31229,1,1,2,6.0,D626B,43.322399,1.087051,03:15:00,2024-09-04
202400026252,18:50,Plein jour,41,41178,1,1,1,1.0,D50,47.807433,1.408482,18:50:00,2024-07-27
202400026253,23:37,Nuit sans éclairage,23,23095,1,1,1,7.0,La Ribe,46.127687,1.673784,23:37:00,2024-07-27
202400026254,07:05,Crépuscule,33,33256,2,3,1,1.0,Unknown,44.967648,-0.61282,07:05:00,2024-09-04
202400026255,00:50,,75,75118,2,1,1,5.0,BD PERIPHERIQUE EXTERIEUR,48.900819,2.333069,00:50:00,2024-05-22
202400026256,17:20,Plein jour,79,79034,1,6,1,2.0,Unknown,46.302325,-0.491059,17:20:00,2024-07-26
202400026257,17:11,Plein jour,29,29238,2,1,1,6.0,Place de l'Eglise,48.31496749,-4.54829056,17:11:00,2024-08-30
202400026258,02:50,,75,75120,2,4,1,6.0,BOULEVARD DAVOUT,48.85474,2.410282,02:50:00,2024-05-22
202400026259,16:45,Plein jour,2B,2B319,1,1,1,6.0,Talasani,42.404367,9.490417,16:45:00,2024-07-28
202400026260,18:50,Plein jour,35,35206,1,6,1,3.0,la Petite Saudrais,48.044704,-1.659826,18:50:00,2024-09-03
202400026261,21:35,Crépuscule,75,75120,2,7,9,3.0,RUE DES CASCADES,48.872759,2.389627,21:35:00,2024-05-22
202400026262,22:35,Nuit sans éclairage,82,82018,1,1,1,6.0,3304 Route de Caussade,44.115298,1.53057,22:35:00,2024-07-26
202400026263,09:50,Plein jour,80,80410,2,1,1,3.0,Rue Andre Audinot,49.74463,3.071344,09:50:00,2024-09-02
202400026264,03:05,Nuit sans éclairage,61,61153,1,1,1,7.0,D771,48.723096,-0.188988,03:05:00,2024-07-27
202400026265,09:55,Plein jour,75,75109,2,2,1,6.0,RUE DROUOT,48.874085,2.340742,09:55:00,2024-05-22
202400026266,18:20,Plein jour,61,61474,1,1,2,1.0,D14 PR9+000,48.757468,0.22479,18:20:00,2024-07-26
202400026267,14:45,Plein jour,75,75103,2,2,1,3.0,BOULEVARD DE SEBASTOPOL,48.866259,2.352543,14:45:00,2024-05-21
202400026268,18:05,Plein jour,49,49261,1,1,1,7.0,Route de Beaufort,47.36408,-0.223183,18:05:00,2024-07-27
202400026269,13:30,Plein jour,33,33249,1,1,1,2.0,Unknown,44.875454,-0.50775,13:30:00,2024-09-03
202400026270,08:15,Plein jour,94,94080,2,2,8,6.0,Avenue de Paris / Cours Marigny,48.84464,2.43863,08:15:00,2024-05-22
202400026271,00:08,Nuit sans éclairage,49,49261,1,1,1,6.0,Chemin de la Guibardière,47.322038,-0.12958,00:08:00,2024-07-28
202400026272,12:48,Plein jour,94,94016,2,6,1,7.0,Rue Emile Zola / Sentier des Goischères,48.7974,2.34189,12:48:00,2024-05-22
202400026273,08:56,Plein jour,33,33249,1,1,2,4.0,Unknown,44.871342,-0.50562,08:56:00,2024-09-03
202400026274,14:20,Plein jour,49,49292,1,3,1,3.0,2 Route de la Corniche Angevine,47.342014,-0.692954,14:20:00,2024-07-28
202400026275,19:15,Plein jour,94,94028,2,3,1,3.0,Rue de Mesly / Rue de Joly,48.79004,2.46103,19:15:00,2024-05-22
202400026276,22:35,Nuit sans éclairage,59,59043,1,1,1,2.0,AUTOROUTE A25,50.71406,2.76823,22:35:00,2024-08-30
202400026277,17:15,Plein jour,42,42081,2,1,1,5.0,642 Route de Montrond,45.614036,4.256357,17:15:00,2024-07-28
202400026278,18:40,Plein jour,94,94079,2,3,1,3.0,Rue Jean Jaurès / Rue des Rameaux,48.82718,2.53182,18:40:00,2024-05-22
202400026279,08:00,Plein jour,91,91617,1,1,2,2.0,RN 104,48.63105,2.513592,08:00:00,2024-09-03
202400026280,19:30,Plein jour,47,47301,1,1,1,3.0,route d'escassefort,44.56603944,0.29177889,19:30:00,2024-07-26
202400026281,17:30,Plein jour,94,94056,1,1,1,6.0,Route de Brie Comte Robert,48.696898,2.570644,17:30:00,2024-05-19
202400026282,08:10,Plein jour,91,91363,1,1,2,3.0,RN 104,48.66188,2.18747,08:10:00,2024-09-03
202400026283,23:17,,93,93064,2,3,1,3.0,Route de Noisy / Allée de l'Espérance,48.88300301,2.49548435,23:17:00,2024-05-21
202400026284,12:30,Plein jour,86,86053,1,2,1,3.0,D18,46.732731,0.192278,12:30:00,2024-07-27
202400026285,21:45,Nuit sans éclairage,68,68059,1,1,1,7.0,D26,47.70429476,7.15289259,21:45:00,2024-07-25
202400026286,11:25,Plein jour,93,93053,2,1,1,2.0,Rue de Paris,48.902241,2.46178,11:25:00,2024-05-22
202400026287,10:10,Plein jour,92,92012,1,1,2,4.0,A13,48.84824241,2.23903918,10:10:00,2024-09-03
202400026288,14:30,Plein jour,93,93046,2,2,1,3.0,Allée de Chartres / Allée Stanislas Kubacki,48.92407,2.53469,14:30:00,2024-05-22
202400026289,05:40,Nuit sans éclairage,44,44217,1,1,1,3.0,Unknown,47.324243,-1.698212,05:40:00,2024-07-22
202400026290,18:45,Plein jour,93,93005,1,1,1,6.0,AUTOROUTE A3,48.93958962,2.47948796,18:45:00,2024-09-02
202400026291,10:15,Plein jour,93,93007,2,3,1,3.0,Avenue Eugène le Moign / Avenue Paul Vaillant Couturier,48.926397,2.469167,10:15:00,2024-05-21
202400026292,17:00,Plein jour,35,35070,2,3,1,6.0,2 Rue de l?Aunaie,48.55768,-1.930036,17:00:00,2024-07-27
202400026293,16:30,Plein jour,93,93006,1,1,1,3.0,AUTOROUTE A3,48.86611228,2.41541368,16:30:00,2024-09-02
202400026294,00:05,,29,29075,2,1,1,6.0,impasse de Quelarnou,48.418382,-4.429577,00:05:00,2024-07-19
202400026295,18:30,Crépuscule,93,93005,2,2,3,3.0,Boulevard Lefèvre / Rue Ordener,48.943275,2.493123,18:30:00,2024-05-22
202400026296,09:22,Plein jour,92,92073,2,1,8,6.0,CLUSERET (RUE),48.86861716,2.21900439,09:22:00,2024-05-21
202400026297,17:55,Plein jour,38,38547,2,1,7,5.0,Rue de l?Isle,45.23406398,5.87104507,17:55:00,2024-07-27
202400026298,14:15,Plein jour,38,38126,1,1,1,6.0,D512,45.2347,5.75106,14:15:00,2024-07-28
202400026299,17:00,Plein jour,92,92062,2,1,1,3.0,DE DION BOUTON (QUAI) DU 1 AU 28,48.87709,2.24084,17:00:00,2024-05-22
202400026300,07:00,Plein jour,93,93064,1,1,1,4.0,AUTOROUTE A86,48.88318367,2.47202095,07:00:00,2024-09-02
202400026301,19:00,Plein jour,06,06053,1,1,1,7.0,1645 Route Départementale 96,44.027255,6.806352,19:00:00,2024-07-27
202400026302,00:15,,92,92020,2,1,1,6.0,CHATEAUBRIAND RUE DE,48.79840038,2.27870911,00:15:00,2024-05-22
202400026303,01:43,Nuit sans éclairage,06,06079,2,1,1,7.0,192 Avenue du Maréchal Juin,43.535393,6.934605,01:43:00,2024-07-28
202400026304,19:56,Plein jour,92,92048,2,1,1,6.0,GARDES (ROUTE DES) N° 5 A 51,48.81882,2.23481,19:56:00,2024-05-22
202400026305,22:25,Nuit sans éclairage,77,77169,1,1,1,6.0,A104,48.815457,2.624456,22:25:00,2024-09-03
202400026306,20:07,Plein jour,92,92044,2,4,1,6.0,VIC. HUGO(RUE)115A149 ET 148A178,48.89926505,2.29345509,20:07:00,2024-05-21
202400026307,23:15,Nuit sans éclairage,50,50529,1,1,1,6.0,La Blaitiere,48.771323,-1.188712,23:15:00,2024-07-27
202400026308,09:17,Plein jour,16,16141,1,1,1,6.0,Unknown,45.91062,0.19563,09:17:00,2024-07-28
202400026309,12:56,Plein jour,94,94069,1,1,8,4.0,A4,48.81757222,2.43761789,12:56:00,2024-09-03
202400026310,17:00,Plein jour,92,92012,2,1,1,2.0,ALPHONSE LE GALLO (QUAI) 35/FIN,48.83362,2.22684,17:00:00,2024-05-22
202400026311,17:30,Plein jour,16,16230,1,2,1,3.0,Unknown,45.40679,0.137356,17:30:00,2024-07-27
202400026312,11:05,Plein jour,77,77450,1,1,2,3.0,RN104,48.718296,2.599052,11:05:00,2024-09-03
202400026313,17:22,Plein jour,33,33539,1,2,8,1.0,Unknown,44.868342,-0.312478,17:22:00,2024-05-23
202400026314,08:50,Plein jour,47,47084,1,1,1,6.0,lieu-dit sept homes,44.633559,0.559874,08:50:00,2024-05-17
202400026315,19:00,Plein jour,24,24563,1,1,1,1.0,Route de Tamniès,44.993697,1.173473,19:00:00,2024-07-27
202400026316,17:45,Plein jour,77,77258,1,1,1,2.0,A4.W,48.832564,2.656894,17:45:00,2024-09-02
202400026317,20:30,Plein jour,17,17407,2,2,1,3.0,D110,46.171495,-1.003895,20:30:00,2024-05-21
202400026318,16:21,Plein jour,04,04135,1,4,1,3.0,D952,43.844865,6.217951,16:21:00,2024-07-28
202400026319,19:25,Plein jour,85,85096,1,2,1,3.0,Rue sainte-barbe,46.8993,-1.83255,19:25:00,2024-07-27
202400026320,15:50,Plein jour,14,14579,1,1,1,6.0,Route de Cahagnes,49.052145,-0.714017,15:50:00,2024-05-22
202400026321,22:50,Nuit sans éclairage,79,79230,1,1,1,7.0,Unknown,46.292036,0.145741,22:50:00,2024-04-30
202400026322,15:10,Plein jour,28,28008,1,1,8,6.0,D133,48.535533,1.197059,15:10:00,2024-07-27
202400026323,09:05,Plein jour,36,36173,1,1,1,3.0,Unknown,46.68429543,1.17867184,09:05:00,2024-05-23
202400026324,21:55,Crépuscule,28,28386,1,1,1,1.0,Départementale 939,48.54231,1.307266,21:55:00,2024-07-25
202400026325,14:30,Plein jour,87,87177,1,1,8,1.0,D2000,45.804859,1.113561,14:30:00,2024-05-22
202400026326,17:00,Plein jour,30,30212,2,3,1,3.0,Avenue Geoffroy Perret,43.938982,4.566477,17:00:00,2024-07-26
202400026327,10:25,Plein jour,19,19256,1,9,1,6.0,Unknown,45.36662,2.329445,10:25:00,2024-05-23
202400026328,05:00,Nuit sans éclairage,90,90010,1,1,2,6.0,Autoroute A36,47.631706,6.874158,05:00:00,2024-07-28
202400026329,17:00,Plein jour,63,63195,1,1,8,1.0,D2089 PK 34,45.82420404,3.36423298,17:00:00,2024-05-23
202400026330,18:55,Plein jour,61,61046,1,1,2,1.0,D612,48.490103,0.745074,18:55:00,2024-05-21
202400026331,04:00,Nuit sans éclairage,21,21295,1,1,1,2.0,A31,47.22243878,5.00840959,04:00:00,2024-07-28
202400026332,06:40,Plein jour,27,27701,1,1,1,6.0,Autoroute A.13 (pk 096+800),49.249501,1.174035,06:40:00,2024-07-28
202400026333,14:40,Plein jour,12,12162,1,1,1,1.0,D57,44.350978,2.428284,14:40:00,2024-05-22