Num_Acc,hrmn,lum,dep,com,agg,int,atm,col,adr,lat,long,heure,date
202400026334,20:40,Nuit sans éclairage,47,47318,1,1,2,6.0,Naudet,44.22087707,0.32624277,20:40:00,2024-05-22
202400026335,00:50,Nuit sans éclairage,11,11202,1,1,1,1.0,Unknown,42.8745174,3.03789139,00:50:00,2024-07-28
202400026336,22:40,,987,98731,2,1,1,6.0,RT 420,-8.882511,-140.109672,22:40:00,2024-07-25
202400026337,16:07,Plein jour,47,47278,1,4,1,7.0,impasse chez amblard,44.716551,0.25636,16:07:00,2024-05-19
202400026338,14:01,Plein jour,971,97112,1,6,1,3.0,Grande Anse,15.913564,-61.328226,14:01:00,2024-07-27
202400026339,17:20,Plein jour,68,68332,2,2,1,3.0,D432,47.654295,7.265624,17:20:00,2024-05-23
202400026340,10:35,Plein jour,68,68004,2,1,1,6.0,2 Avenue Poincaré,47.621585,7.236465,10:35:00,2024-05-16
202400026341,10:55,Plein jour,66,66115,1,1,1,1.0,D618,42.53618578,2.87062883,10:55:00,2024-07-28
202400026342,07:00,Plein jour,39,39475,2,1,1,6.0,2 Avenue des Sports,46.433223,5.342358,07:00:00,2024-05-23
202400026343,09:50,Plein jour,30,30130,1,9,1,1.0,d 906 - les chataigners,44.308035,3.971772,09:50:00,2024-07-28
202400026344,16:35,Plein jour,25,25411,2,6,2,7.0,Avenue Charles de Gaulle,47.057393,6.611347,16:35:00,2024-05-23
202400026345,17:05,Plein jour,84,84141,2,1,7,3.0,794 Route de Realpanier,43.953987,4.891247,17:05:00,2024-07-27
202400026346,00:50,Nuit sans éclairage,13,13082,1,1,1,5.0,D14c,43.644399,5.379546,00:50:00,2024-07-28
202400026347,09:40,Plein jour,72,72132,2,1,1,5.0,Avenue Jean Bealet,48.177712,0.657367,09:40:00,2024-05-23
202400026348,09:15,Plein jour,13,13097,1,6,1,3.0,Route Nationale N°113,43.640175,4.914923,09:15:00,2024-07-27
202400026349,17:15,Plein jour,06,06089,1,1,1,1.0,route de Roquefort,43.652228,7.028088,17:15:00,2024-05-14
202400026350,10:00,Plein jour,70,70205,2,1,1,2.0,6 Grande Rue,47.658255,6.734233,10:00:00,2024-07-27
202400026351,06:15,Crépuscule,14,14504,1,1,1,6.0,Route de Blangy,49.21526007,0.32565339,06:15:00,2024-05-23
202400026352,15:10,Plein jour,71,71235,1,1,1,6.0,Route de Mâcon,46.361345,4.799454,15:10:00,2024-07-27
202400026353,08:56,Plein jour,08,08312,1,1,1,7.0,A304,49.800131,4.533556,08:56:00,2024-07-28
202400026354,10:25,Plein jour,07,07078,2,1,8,4.0,Route de Lyon,45.257062,4.696827,10:25:00,2024-05-23
202400026355,18:00,Plein jour,24,24563,1,3,1,3.0,Route de la Vézère,45.037846,1.134295,18:00:00,2024-05-21
202400026356,14:00,Plein jour,38,38003,1,2,1,3.0,Route de Grenoble,45.323442,4.85651,14:00:00,2024-07-28
202400026357,12:30,Plein jour,26,26116,1,1,1,7.0,Route des Alpes,44.436002,4.723263,12:30:00,2024-07-28
202400026358,16:36,Plein jour,27,27226,2,4,1,6.0,Rue des Marronniers,49.312652,1.6112136,16:36:00,2024-05-23
202400026359,18:50,Plein jour,69,69052,1,1,1,7.0,Route de Saint-antoine,45.878642,4.716769,18:50:00,2024-07-28
202400026360,12:40,Plein jour,27,27117,1,1,1,1.0,D107,48.983245,0.520762,12:40:00,2024-05-22
202400026361,17:30,Plein jour,81,81105,2,6,1,3.0,Avenue du Pont de Saint Pierre,43.761141,2.003814,17:30:00,2024-07-23
202400026362,16:20,Plein jour,24,24126,1,1,1,1.0,N21,44.79604154,0.52252977,16:20:00,2024-05-22
202400026363,15:30,Plein jour,33,33517,2,1,1,1.0,Unknown,45.055504,-0.703501,15:30:00,2024-07-05
202400026364,13:15,Plein jour,31,31476,1,1,1,3.0,A64,43.271565,1.134295,13:15:00,2024-05-22
202400026365,11:25,Plein jour,44,44066,1,2,1,1.0,Route de la Chapelle sur Erdre,47.354681,-1.597934,11:25:00,2024-07-28
202400026366,10:01,Plein jour,88,88022,1,1,1,3.0,"autoroute A31 - PK 178+400 - sens ""DIJON-NANCY""",48.23191511,5.86056232,10:01:00,2024-05-21
202400026367,18:05,Crépuscule,971,97103,2,1,1,3.0,Route de Blachon,16.247571,-61.601876,18:05:00,2024-05-22
202400026368,21:39,Crépuscule,29,29022,2,1,1,5.0,route de Kerloch,48.25939807,-4.5606673,21:39:00,2024-07-27
202400026369,10:40,Plein jour,987,98735,2,1,1,7.0,Taravao RT321 au Pk 0.700,-17.756,-148.736,10:40:00,2024-05-22
202400026370,17:30,Plein jour,13,13085,1,1,1,7.0,A50-Sens Toulon vers Aubagne,43.24822,5.59662,17:30:00,2024-07-23
202400026371,19:00,Nuit avec éclairage,973,97311,2,1,1,6.0,Rue Buissons Ardents,5.478638,-54.023606,19:00:00,2024-05-22
202400026372,19:50,Plein jour,13,13202,2,1,1,4.0,A55-Sens Martigues vers Marseille,43.31327,5.36628,19:50:00,2024-07-23
202400026373,15:00,Plein jour,37,37230,1,3,1,2.0,D31,47.46148285,1.0107851,15:00:00,2024-05-17
202400026374,06:52,Plein jour,33,33162,1,1,1,6.0,Unknown,44.859412,-0.660521,06:52:00,2024-07-27
202400026375,02:00,Nuit avec éclairage,33,33318,1,1,1,6.0,Unknown,44.808855,-0.669799,02:00:00,2024-07-27
202400026376,20:30,Crépuscule,91,91179,2,2,2,1.0,Chemin de la Justice,48.557786,2.499261,20:30:00,2024-05-22
202400026377,16:30,Plein jour,91,91521,1,1,2,7.0,RN 449,48.63553,2.40167,16:30:00,2024-07-27
202400026378,18:30,Plein jour,06,06066,2,1,1,3.0,982 Route du pont charles Albert,43.835517,7.187247,18:30:00,2024-05-21
202400026379,15:20,Plein jour,91,91174,1,1,1,7.0,RN 104,48.61593,2.4552,15:20:00,2024-07-27
202400026380,15:45,Plein jour,94,94065,1,1,1,6.0,A86,48.75359225,2.35593856,15:45:00,2024-07-27
202400026381,15:48,Plein jour,69,69157,1,4,2,1.0,Route de Saint-Clément,45.907039,4.467037,15:48:00,2024-05-20
202400026382,06:38,Crépuscule,91,91553,1,1,3,6.0,RN 104,48.6286,2.4805,06:38:00,2024-07-27
202400026383,18:30,Plein jour,69,69297,2,1,1,1.0,Route Neuve,45.608851,4.807484,18:30:00,2024-05-22
202400026384,01:15,Nuit sans éclairage,91,91136,1,1,2,7.0,AUTOROUTE A10,48.71056,2.28768,01:15:00,2024-07-27
202400026385,15:30,Plein jour,69,69040,2,1,1,6.0,47 Avenue de Lanessan,45.794513,4.792984,15:30:00,2024-05-22
202400026386,22:40,Nuit sans éclairage,91,91174,1,1,3,3.0,RN 104,48.62209,2.4632,22:40:00,2024-07-26
202400026387,17:30,Plein jour,14,14047,2,7,1,6.0,1 Place aux Pommes,49.277591,-0.70047,17:30:00,2024-05-22
202400026388,11:55,Plein jour,92,92063,1,1,2,3.0,A86,48.88961195,2.16890822,11:55:00,2024-07-27
202400026389,07:35,Plein jour,27,27412,1,1,1,1.0,RD 79,49.250271,1.102399,07:35:00,2024-05-22
202400026390,19:20,Plein jour,95,95572,1,1,1,2.0,N184,49.04116499,2.12821547,19:20:00,2024-07-27
202400026391,12:50,Plein jour,27,27165,2,1,1,3.0,Route de Louviers,48.975421,0.948767,12:50:00,2024-05-22
202400026392,10:27,Plein jour,13,13071,1,1,1,7.0,A7-Sens Marseille vers Lyon,43.404,5.314,10:27:00,2024-05-22
202400026393,07:35,Plein jour,93,93064,1,1,2,3.0,AUTOROUTE A86,48.86773131,2.48195414,07:35:00,2024-07-27
202400026394,10:10,Plein jour,92,92078,1,1,3,6.0,AUTOROUTE A86,48.92928253,2.32938717,10:10:00,2024-07-27
202400026395,18:10,Plein jour,95,95527,1,1,3,7.0,A1,49.00473404,2.52582663,18:10:00,2024-07-26
202400026396,00:08,Nuit avec éclairage,54,54197,1,1,1,3.0,Autoroute A 33,48.61813,6.19881,00:08:00,2024-03-29
202400026397,06:10,,95,95018,1,1,3,2.0,A15,48.95863789,2.27437326,06:10:00,2024-07-26
202400026398,18:20,Plein jour,94,94065,1,1,2,3.0,A106,48.74745783,2.35851545,18:20:00,2024-05-22
202400026399,19:10,Plein jour,94,94069,1,1,3,3.0,A4,48.81730357,2.4323076,19:10:00,2024-07-27
202400026400,08:20,Plein jour,92,92019,1,1,1,3.0,AUTOROUTE A86,48.76065654,2.28429441,08:20:00,2024-05-22
202400026401,17:35,Plein jour,94,94069,1,1,3,5.0,A4,48.81713893,2.44226193,17:35:00,2024-07-27
202400026402,23:44,Nuit sans éclairage,92,92002,1,1,2,6.0,AUTOROUTE A86,48.76040969,2.29181952,23:44:00,2024-05-21
202400026403,22:20,Nuit sans éclairage,78,78043,1,1,2,6.0,A12 Y,48.83168,2.08305,22:20:00,2024-05-21
202400026404,17:15,Plein jour,93,93051,1,1,3,2.0,A4,48.83611442,2.55457974,17:15:00,2024-07-27
202400026405,18:20,Plein jour,92,92072,1,1,1,7.0,N118,48.81740264,2.21629518,18:20:00,2024-05-21
202400026406,09:10,Plein jour,93,93066,1,1,1,6.0,A86,48.9229345,2.34504055,09:10:00,2024-05-22
202400026407,16:45,Plein jour,77,77373,1,1,2,2.0,RN104,48.790716,2.618457,16:45:00,2024-07-27
202400026408,06:00,Plein jour,95,95572,1,1,8,5.0,N184,49.03432309,2.11289343,06:00:00,2024-05-21
202400026409,16:00,Plein jour,77,77373,1,1,3,6.0,RN104,48.796174,2.621597,16:00:00,2024-07-27
202400026410,20:45,Plein jour,95,95277,1,1,2,2.0,A3,48.96803561,2.47785819,20:45:00,2024-05-20
202400026411,14:10,Plein jour,75,75112,1,1,3,2.0,A4,48.81805355,2.45657891,14:10:00,2024-07-27
202400026412,03:30,Nuit sans éclairage,94,94081,1,1,2,7.0,A86,48.77409978,2.4089616,03:30:00,2024-05-21
202400026413,04:18,Nuit sans éclairage,77,77121,1,1,3,2.0,A4,48.830972,2.687261,04:18:00,2024-07-27
202400026414,08:50,Plein jour,45,45187,2,1,1,6.0,24bis place du mail,47.887899,2.513997,08:50:00,2024-03-01
202400026415,18:30,,18,18033,2,9,1,3.0,137 Chemin de Villeneuve,47.06302,2.36143,18:30:00,2024-02-12
202400026416,17:15,Plein jour,32,32013,2,3,8,3.0,PIERRE MENDES FRANCE,43.6411,0.5953,17:15:00,2024-03-12
202400026417,18:25,,17,17299,2,1,2,6.0,RESISTANCE BOULEVARD DE LA,45.930602,-0.961011,18:25:00,2024-01-03
202400026418,02:40,,974,97411,2,1,1,7.0,KARTING (DU),-20.89453,55.49904,02:40:00,2024-07-27
202400026419,17:25,Plein jour,974,97411,1,3,1,3.0,ROUTIERS (CHEMIN DES),-20.918,55.4961,17:25:00,2024-05-21
202400026420,19:50,,973,97302,2,1,3,3.0,MADELEINE (ROUTE DE LA),4.92363528,-52.32401991,19:50:00,2024-07-26
202400026421,17:20,Plein jour,974,97411,2,1,1,1.0,MONTAGNE (ROUTE DE LA),-20.87732,55.44244,17:20:00,2024-05-20
202400026422,11:55,Plein jour,69,69387,2,2,1,6.0,Rue Raulin,45.74764,4.83505,11:55:00,2024-07-26
202400026423,13:35,Plein jour,974,97407,2,3,1,3.0,MONDON (AVENUE),-20.93366588,55.30790305,13:35:00,2024-05-21
202400026424,16:00,Plein jour,972,97213,1,6,1,4.0,ROUTE NATIONALE 1,14.61988,-60.99413,16:00:00,2024-07-26
202400026425,11:35,Plein jour,973,97302,2,1,1,6.0,NOVAPARC (RESIDENCE) RTE DE RABAN,4.92244156,-52.31324637,11:35:00,2024-05-21
202400026426,23:30,,973,97302,2,1,1,7.0,FELIX EBOUE(ROCADE),4.93160033,-52.31232101,23:30:00,2024-05-20
202400026427,11:24,Plein jour,972,97213,1,3,1,3.0,ROUTE DEPARTEMENTALE 15,14.62472,-61.00743,11:24:00,2024-07-25
202400026428,16:40,Plein jour,69,69387,2,3,1,3.0,Rue de la Thibaudière,45.75078,4.84422,16:40:00,2024-05-21
202400026429,21:15,,2B,2B033,2,9,1,2.0,CAP - ROUTE DU CAP,42.713,9.45446,21:15:00,2024-07-25
202400026430,15:40,Plein jour,971,97101,1,3,1,2.0,CHAUVEL,16.2395,-61.51994,15:40:00,2024-07-26
202400026431,15:40,Plein jour,69,69383,2,3,1,1.0,Avenue Lacassagne,45.7561,4.86408,15:40:00,2024-05-21
202400026432,19:10,Nuit sans éclairage,971,97113,1,1,1,1.0,SECTION PLIANE,16.21755,-61.45741,19:10:00,2024-07-25
202400026433,08:50,Plein jour,69,69386,2,2,1,3.0,Avenue Maréchal de Saxe,45.76676,4.8443,08:50:00,2024-05-21
202400026434,21:20,,971,97113,1,4,1,1.0,SECTION LEROUX,16.23438,-61.46771,21:20:00,2024-07-24
202400026435,08:15,Plein jour,69,69386,2,2,1,3.0,Rue Barrême,45.77462,4.84709,08:15:00,2024-05-21
202400026436,09:30,Plein jour,91,91433,1,1,2,6.0,R.D. 20,48.45901,2.17742,09:30:00,2024-07-26
202400026437,12:15,Plein jour,88,88160,2,1,1,6.0,JEUXEY (RTE DE),48.19307972,6.45314813,12:15:00,2024-07-09
202400026438,04:28,,972,97213,1,1,1,2.0,AUTOROUTE A1,14.61824,-61.02648,04:28:00,2024-05-20
202400026439,09:41,Plein jour,2B,2B037,2,1,1,6.0,TOUTES RUES,42.62814,9.4295,09:41:00,2024-05-21
202400026440,16:58,Plein jour,87,87050,2,1,1,4.0,LIMOGES (AVENUE DE),45.86823,1.23826,16:58:00,2024-07-25
202400026441,16:56,Plein jour,87,87085,1,1,1,2.0,AUTOROUTE A20,45.87973,1.28873,16:56:00,2024-07-25
202400026442,16:00,Plein jour,971,97113,2,1,1,5.0,RN4 - SECTION RIVIERA,16.21247,-61.47634,16:00:00,2024-05-21
202400026443,12:00,Plein jour,87,87085,2,1,1,2.0,BEAUBLANC (BOULEVARD DE),45.84502,1.24247,12:00:00,2024-07-25
202400026444,08:40,Plein jour,971,97113,1,3,1,3.0,BAS DU FORT,16.22029,-61.51746,08:40:00,2024-05-20
202400026445,04:25,,971,97101,1,1,1,7.0,ROUTE DE BOISVINS,16.2631,-61.49505,04:25:00,2024-05-18
202400026446,19:20,Plein jour,83,83126,2,2,1,5.0,QUATRE SEPTEMBRE (BD DU),43.1027,5.8727,19:20:00,2024-07-25
202400026447,17:40,Plein jour,85,85194,2,2,1,6.0,Rue du palais,46.495479,-1.784178,17:40:00,2024-05-18
202400026448,15:30,Plein jour,81,81163,2,2,1,3.0,MERMOZ (JEAN),43.49492,2.37285,15:30:00,2024-07-26
202400026449,11:40,Plein jour,84,84007,2,3,1,6.0,BRAQUE ( RUE GEORGE,43.94144,4.84721,11:40:00,2024-05-20
202400026450,14:40,Plein jour,80,80021,2,1,1,7.0,Avenue du Languedoc,49.91714,2.25564,14:40:00,2024-05-21
202400026451,13:50,Plein jour,80,80021,2,1,1,3.0,Boulevard de Beauvillé,49.89,2.30924,13:50:00,2024-07-26
202400026452,05:30,Crépuscule,76,76351,1,1,1,6.0,RD 6382,49.52472,0.17996,05:30:00,2024-05-18
202400026453,23:25,,80,80021,2,1,1,6.0,Place du Don,49.89607,2.30362,23:25:00,2024-07-25
202400026454,10:20,Plein jour,80,80021,2,1,1,2.0,D8 ,49.8688,2.25215,10:20:00,2024-07-25
202400026455,20:20,Plein jour,76,76447,2,1,1,6.0,JACQUES PREVERT,49.54754217,0.17653763,20:20:00,2024-05-19
202400026456,06:00,Crépuscule,76,76351,2,2,1,7.0,COLBERT (QUAI),49.49260429,0.13202235,06:00:00,2024-05-18
202400026457,14:15,Plein jour,80,80021,2,2,1,3.0,TERRAL (RUE),49.90859,2.29458,14:15:00,2024-07-24
202400026458,18:50,Plein jour,67,67482,2,1,1,6.0,VIENNE (ROUTE DE),48.57394,7.75541,18:50:00,2024-05-21
202400026459,10:30,Plein jour,79,79329,2,1,1,2.0,Unknown,46.977068,-0.20494,10:30:00,2024-07-26
202400026460,17:25,Plein jour,66,66136,1,1,2,3.0,Avenue de la Salanque,42.72644245,2.89636195,17:25:00,2024-05-21
202400026461,13:30,Plein jour,77,77251,1,1,2,3.0,RD 306,48.610396,2.577729,13:30:00,2024-07-26
202400026462,16:30,Plein jour,66,66136,2,3,1,3.0,SAINT-ASSISCLE (BOULEVARD DE),42.6988,2.8777,16:30:00,2024-05-21
202400026463,19:15,Plein jour,76,76351,2,3,3,6.0,Rue Aristide Briand,49.50011,0.13196,19:15:00,2024-07-25
202400026464,09:10,Plein jour,66,66136,2,1,1,2.0,Avenue de Prades,42.6905,2.83542,09:10:00,2024-05-21
202400026465,15:15,Plein jour,72,72181,2,6,1,3.0,EDISON THOMAS (RUE),48.02486,0.17808,15:15:00,2024-07-25
202400026466,19:03,Plein jour,64,64024,2,1,1,3.0,HAUSQUETTE (RUE DE),43.49665,-1.50915,19:03:00,2024-05-21
202400026467,13:00,Plein jour,69,69013,2,3,1,3.0,Route Nationale 6,46.00240345,4.71950582,13:00:00,2024-07-26
202400026468,21:55,Crépuscule,69,69259,2,1,1,6.0,Rue du Professeur Roux,45.72555,4.85808,21:55:00,2024-07-26
202400026469,19:30,Plein jour,62,62570,2,1,1,6.0,D33,50.40153198,2.86225881,19:30:00,2024-05-19
202400026470,23:25,Nuit avec éclairage,62,62239,2,1,1,6.0,Boulevard de l’Europe,50.93413,1.80533,23:25:00,2024-05-12
202400026471,19:15,Plein jour,69,69276,1,2,1,3.0,Allée du Rhône,45.6661,4.84626,19:15:00,2024-07-26
202400026472,17:05,Plein jour,62,62126,2,6,1,3.0,D941,50.5125255,2.66881657,17:05:00,2024-05-20
202400026473,09:05,Plein jour,68,68066,2,2,1,3.0,SANDHERR (RUE CHARLES),48.06648,7.34517,09:05:00,2024-07-26
202400026474,17:00,Plein jour,64,64445,2,1,1,2.0,NORMAN PRINCE,43.30685,-0.3417,17:00:00,2024-07-26
202400026475,14:11,Plein jour,60,60175,2,6,1,3.0,Boulevard Salvador Allende,49.24477,2.46957,14:11:00,2024-05-20
202400026476,20:26,Plein jour,64,64122,2,1,1,7.0,IMPERATRICE (AVENUE DE L'),43.48892,-1.55292,20:26:00,2024-07-25
202400026477,02:03,Nuit sans éclairage,56,56098,2,1,1,6.0,Avenue Gabriel Péri,47.7596,-3.35297,02:03:00,2024-05-19
202400026478,12:27,Plein jour,64,64122,2,1,1,7.0,JARDINS (RUE DES),43.48614,-1.54989,12:27:00,2024-07-24
202400026479,06:15,Crépuscule,56,56162,1,1,1,6.0,Rue du Moulin du Ter,47.73275,-3.40415,06:15:00,2024-05-19
202400026480,22:42,,64,64024,2,6,1,7.0,BUTTE AUX CAILLES (ROND POINT DE LA),43.49703,-1.50862,22:42:00,2024-07-25
202400026481,04:10,,54,54300,2,1,5,6.0,Rue Lucien Galtier,48.66354,6.21905,04:10:00,2024-05-20
202400026482,11:20,Plein jour,64,64024,2,1,1,7.0,MARAIS (ROND POINT DES),43.49138698,-1.49607718,11:20:00,2024-07-24
202400026483,20:00,Plein jour,59,59299,2,1,1,1.0,SAILLY (RUE DE),50.64885,3.20765,20:00:00,2024-07-26
202400026484,20:30,Plein jour,59,59431,1,1,1,1.0,TOUQUET (RUE DU),50.6888,2.83039,20:30:00,2024-07-26
202400026485,15:00,Plein jour,56,56260,2,1,1,6.0,Avenue de la Marne,47.65934,-2.77558,15:00:00,2024-07-26
202400026486,23:40,,54,54482,2,2,2,3.0,Rue de la Haie le Comte,48.70476781,6.20744437,23:40:00,2024-07-26
202400026487,16:45,Plein jour,54,54357,2,2,1,6.0,Rue de la République,48.71266,6.16297,16:45:00,2024-07-26
202400026488,11:33,Plein jour,10,10387,2,1,1,7.0,Rue Thenard,48.27447,4.08382,11:33:00,2024-10-07
202400026489,11:35,Plein jour,03,03023,2,3,3,3.0,Route de Gannat,46.127,3.39584,11:35:00,2024-10-07
202400026490,10:18,Plein jour,75,75119,2,2,1,6.0,RUE MANIN,48.883222,2.388023,10:18:00,2024-10-08
202400026491,14:10,Plein jour,75,75120,2,1,1,3.0,BD PERIPHERIQUE EXTERIEUR,48.861698,2.413912,14:10:00,2024-10-07
202400026492,14:00,Plein jour,75,75105,2,1,1,6.0,QUAI DE MONTEBELLO,48.8516,2.350037,14:00:00,2024-10-08
202400026493,21:00,,75,75118,2,2,8,3.0,RUE DOUDEAUVILLE,48.888354,2.34961,21:00:00,2024-10-08
202400026494,07:55,Plein jour,75,75118,2,2,1,3.0,BOULEVARD NEY,48.898726,2.370248,07:55:00,2024-10-08
202400026495,16:50,Plein jour,75,75117,2,3,1,2.0,AVENUE DE CLICHY,48.89287,2.316637,16:50:00,2024-10-08
202400026496,17:15,Plein jour,75,75117,2,2,2,4.0,RUE GUERSANT,48.8831,2.287529,17:15:00,2024-10-07
202400026497,17:54,Plein jour,75,75116,2,3,3,6.0,AVENUE VICTOR HUGO,48.866432,2.277663,17:54:00,2024-10-08
202400026498,16:10,Plein jour,75,75113,2,4,1,6.0,BOULEVARD DE L HOPITAL,48.838863,2.360981,16:10:00,2024-10-08
202400026499,21:01,,75,75111,2,2,8,3.0,AVENUE LEDRU ROLLIN,48.853309,2.377361,21:01:00,2024-10-08
202400026500,12:45,Plein jour,75,75111,2,2,8,1.0,RUE SAINT MAUR,48.86458,2.378033,12:45:00,2024-10-07
202400026501,19:30,,75,75108,2,4,9,3.0,BOULEVARD MALESHERBES,48.872139,2.321815,19:30:00,2024-10-08
202400026502,14:20,Plein jour,75,75108,2,2,1,3.0,COURS LA REINE,48.865036,2.31374,14:20:00,2024-10-08
202400026503,13:45,Plein jour,75,75108,2,3,1,6.0,AVENUE DE FRIEDLAND,48.874077,2.298217,13:45:00,2024-10-07
202400026504,12:00,Plein jour,75,75107,2,3,1,6.0,RUE DE SEVRES,48.849831,2.323301,12:00:00,2024-10-08
202400026505,14:10,Plein jour,94,94076,2,2,1,3.0,Avenue de Paris,48.80411159,2.36416849,14:10:00,2024-10-08
202400026506,17:35,Plein jour,94,94041,2,2,1,3.0,Rue Jean-Marie Poulmarch,48.81634,2.37467,17:35:00,2024-10-08
202400026507,11:50,Plein jour,94,94034,2,1,1,2.0,Avenue de la Division Leclerc,48.75992,2.3217,11:50:00,2024-10-08
202400026508,09:30,Plein jour,93,93072,2,1,1,2.0,STALINGRAD (AVENUE DE) DES N° 126 A 156,48.95013508,2.38670971,09:30:00,2024-10-08
202400026509,16:50,Plein jour,93,93066,2,1,1,6.0,DIX NEUF MARS 1962,48.94797,2.35451,16:50:00,2024-10-08
202400026510,07:48,Plein jour,93,93055,2,1,1,6.0,JEAN LOLIVE (AVENUE)(137/FIN ET 134/FIN),48.89442654,2.41929245,07:48:00,2024-10-08
202400026511,12:25,Plein jour,93,93051,2,1,2,3.0,GABRIEL PERI (AVENUE),48.83288159,2.56633548,12:25:00,2024-10-08
202400026512,15:30,Plein jour,93,93050,2,1,1,5.0,MARTYRS DE LA DEPORTATION (RUE),48.85666,2.52634,15:30:00,2024-10-08
202400026513,01:00,,93,93046,2,1,2,3.0,MARECHAL LECLERC AVENUE,48.92029031,2.53979445,01:00:00,2024-10-08
202400026514,13:00,Plein jour,93,93006,2,1,2,1.0,CAPSULERIE RUE DE LA,48.86364078,2.42100209,13:00:00,2024-10-07
202400026515,12:26,Plein jour,93,93027,2,1,1,3.0,RASPAIL (RUE),48.92338683,2.39524222,12:26:00,2024-10-08
202400026516,17:50,Plein jour,92,92077,2,1,2,2.0,VERSAILLES (RUE DE),48.82648839,2.18832225,17:50:00,2024-10-07
202400026517,06:35,,92,92050,2,2,2,3.0,HOCHE AVENUE,48.90029983,2.20021874,06:35:00,2024-10-08
202400026518,08:35,Plein jour,92,92020,2,6,8,7.0,VERDUN AVENUE DE,48.80069652,2.28344589,08:35:00,2024-10-07
202400026519,21:15,,92,92040,2,1,1,1.0,GALLIENI (BOULEVARD),48.82626413,2.26767406,21:15:00,2024-10-08
202400026520,20:15,,92,92036,2,6,2,3.0,VILLEBOIS MAREUIL (RUE),48.93354286,2.30202869,20:15:00,2024-10-08
202400026521,16:05,Plein jour,92,92025,2,3,2,3.0,GABRIEL PERI (RUE),48.91772105,2.23756847,16:05:00,2024-10-07
202400026522,22:45,,92,92060,2,4,1,6.0,MALABRY (RUE DE) N°18 A 46,48.77797226,2.27052324,22:45:00,2024-10-08
202400026523,15:15,Plein jour,92,92002,2,4,1,3.0,ADOLPHE PAJEAUD (RUE),48.74484762,2.29402922,15:15:00,2024-10-08
202400026524,00:45,Nuit sans éclairage,71,71371,2,1,8,7.0,2 Route de Rez de Veau,46.343886,4.73408,00:45:00,2024-10-09
202400026525,10:40,Plein jour,15,15066,1,1,2,7.0,RD 17,45.10436,2.664275,10:40:00,2024-10-09
202400026526,10:30,Plein jour,47,47015,2,3,1,7.0,Avenue d?Agen,44.063814,0.650291,10:30:00,2024-10-08
202400026527,07:30,Plein jour,54,54156,1,1,2,6.0,D913,48.37306185,6.1246419,07:30:00,2024-10-09
202400026528,06:45,,01,01244,2,1,3,6.0,Chemin des Verchères,45.901657,5.194052,06:45:00,2024-10-08
202400026529,12:40,Plein jour,69,69273,2,9,1,1.0,Rue des Corbèges,45.675516,4.92813,12:40:00,2024-10-08
202400026530,19:25,Crépuscule,40,40036,2,1,2,7.0,Chemin du Brana,43.628772,-1.4,19:25:00,2024-10-08
202400026531,09:45,Plein jour,49,49092,1,2,1,3.0,La Bouie (Valanjou),47.227536,-0.642883,09:45:00,2024-10-04
202400026532,14:59,Plein jour,83,83031,1,1,1,1.0,D558 pk 0.370,43.391655,6.351986,14:59:00,2024-10-08
202400026533,13:25,Plein jour,25,25524,1,1,3,6.0,"autoroute A36 , PK 068.100",47.425648,6.647072,13:25:00,2024-10-08
202400026534,15:40,Plein jour,06,06140,2,1,1,6.0,471 Chemin du Village,43.639511,6.84695,15:40:00,2024-10-08
202400026535,14:15,Plein jour,87,87003,1,1,1,3.0,A20 PK 132+560,46.250683,1.391315,14:15:00,2024-10-08
202400026536,19:45,,51,51171,1,3,2,3.0,D944,49.375063,3.920381,19:45:00,2024-10-06
202400026537,12:30,Plein jour,2B,2B343,1,1,1,2.0,Diceppo,42.493551,9.472328,12:30:00,2024-10-08
202400026538,12:15,Plein jour,82,82187,1,1,1,6.0,Route de l’Aveyron,44.16389,1.918101,12:15:00,2024-10-08
202400026539,15:15,Plein jour,82,82134,1,6,1,3.0,Chemin de Mondarre,44.063298,1.495707,15:15:00,2024-10-08
202400026540,17:00,Plein jour,81,81002,1,6,1,3.0,N112,43.511137,2.335019,17:00:00,2024-10-08
202400026541,07:15,Plein jour,71,71345,2,2,2,3.0,D15,46.437069,4.802372,07:15:00,2024-10-07
202400026542,21:25,,63,63271,2,2,1,3.0,intersection d85 - d64,45.910973,3.519552,21:25:00,2024-10-08
202400026543,20:00,Nuit sans éclairage,49,49180,1,1,1,6.0,lieu dit la bonde,47.40288068,-0.14437258,20:00:00,2024-10-07
202400026544,15:15,Plein jour,42,42092,1,2,1,4.0,Rue de Verdun,45.484643,4.364812,15:15:00,2024-10-08
202400026545,16:00,Plein jour,47,47252,2,2,1,3.0,Av Rene Bouchon,44.395918,0.591449,16:00:00,2024-10-08
202400026546,08:35,Plein jour,86,86075,1,1,2,3.0,D18,46.791329,0.117128,08:35:00,2024-10-07
202400026547,13:45,Plein jour,86,86211,1,2,2,3.0,Lieu-dit La Cosse,46.248895,0.278939,13:45:00,2024-10-07
202400026548,22:00,,34,34332,2,1,1,6.0,Boulevard de la Liberte,43.311674,3.416796,22:00:00,2024-10-08
202400026549,17:45,Plein jour,68,68004,1,1,1,4.0,D432,47.63179921,7.26101582,17:45:00,2024-10-09