Num_Acc,hrmn,lum,dep,com,agg,int,atm,col,adr,lat,long,heure,date
202400026550,23:05,Nuit avec éclairage,29,29075,2,6,9,6.0,rue Commandant Challe,48.437746,-4.402809,23:05:00,2024-10-08
202400026551,08:50,Crépuscule,29,29075,1,3,1,6.0,rue du Commandant Charcot,48.414701,-4.405115,08:50:00,2024-10-09
202400026552,15:00,Plein jour,31,31115,1,1,1,1.0,Quartier Pitoulet,43.344172,0.903735,15:00:00,2024-10-09
202400026553,22:00,Nuit sans éclairage,38,38422,2,3,2,3.0,Route de Gieres,45.156115,5.823958,22:00:00,2024-10-06
202400026554,15:50,Plein jour,26,26063,2,3,1,3.0,Avenue du Pont Neuf,44.276944,5.276613,15:50:00,2024-10-08
202400026555,15:15,Plein jour,66,66178,2,9,1,3.0,Route Departementale 115,42.515318,2.787899,15:15:00,2024-10-07
202400026556,06:56,Plein jour,54,54501,1,1,2,7.0,D147,48.47036055,6.52012825,06:56:00,2024-10-07
202400026557,17:28,Plein jour,40,40119,2,1,1,1.0,Chemin de Busquet,43.661333,-0.585467,17:28:00,2024-10-06
202400026558,18:46,Crépuscule,40,40053,1,2,7,3.0,D379,44.175964,-0.193183,18:46:00,2024-10-04
202400026559,15:05,Plein jour,24,24133,1,1,8,6.0,Route du Périgord-Limousin,45.566824,0.974125,15:05:00,2024-10-08
202400026560,07:10,Crépuscule,04,04008,1,1,1,1.0,N202,43.947721,6.688871,07:10:00,2024-10-09
202400026561,12:52,Plein jour,28,28379,1,1,1,1.0,Route de Coltainville,48.510691,1.586409,12:52:00,2024-10-07
202400026562,19:00,Nuit sans éclairage,988,98805,2,1,1,6.0,Route de Koé,-22.153748,166.464897,19:00:00,2024-10-08
202400026563,19:40,,13,13051,2,3,1,1.0,Boulevard Victor Hugo,43.58941,5.126662,19:40:00,2024-10-09
202400026564,10:20,Plein jour,01,01027,1,1,2,4.0,A42 - PK 018+600,45.853311,5.097694,10:20:00,2024-09-28
202400026565,05:25,Nuit sans éclairage,34,34240,1,1,1,6.0,pk 94 A9,43.629402,3.966834,05:25:00,2024-10-07
202400026566,09:08,Plein jour,77,77006,1,1,3,6.0,Autoroute A6 PK 053+800,48.397867,2.554665,09:08:00,2024-10-09
202400026567,20:30,Nuit sans éclairage,77,77071,1,1,2,6.0,A6,48.211857,2.783616,20:30:00,2024-10-08
202400026568,09:20,Plein jour,45,45155,2,1,1,1.0,11 Chemin de la Saulaie,47.704841,2.632749,09:20:00,2024-10-08
202400026569,09:40,Plein jour,83,83068,1,1,2,6.0,Route du Littoral,43.28066,6.579888,09:40:00,2024-10-08
202400026570,10:10,Plein jour,68,68130,1,1,1,7.0,D468,47.94904672,7.53712032,10:10:00,2024-10-09
202400026571,18:02,Plein jour,57,57582,2,1,1,1.0,D 54,49.283932,6.168995,18:02:00,2024-10-08
202400026572,17:30,Plein jour,42,42304,2,6,1,6.0,Rue des Parottes,45.537452,4.188044,17:30:00,2024-10-09
202400026573,15:35,Plein jour,01,01262,1,1,1,6.0,D4,45.926827,5.031685,15:35:00,2024-10-04
202400026574,16:30,Plein jour,69,69140,2,1,1,7.0,Chemin des Pierres Folles,45.8887063,4.68612866,16:30:00,2024-10-08
202400026575,18:10,Plein jour,69,69052,2,3,2,3.0,Route de Saint-antoine,45.876266,4.713634,18:10:00,2024-10-08
202400026576,16:00,Plein jour,69,69021,1,3,7,1.0,Route de la Giraudière,45.76513559,4.56389971,16:00:00,2024-10-08
202400026577,14:30,Plein jour,81,81112,1,3,1,3.0,D988,43.920733,2.026058,14:30:00,2024-10-08
202400026578,18:10,Plein jour,14,14762,2,3,2,3.0,79 Avenue Guy de Maupassant,48.846566,-0.885606,18:10:00,2024-10-09
202400026579,16:50,Plein jour,14,14352,1,1,2,1.0,45 Impasse de la Quérantillière,48.897274,-1.001519,16:50:00,2024-10-09
202400026580,06:30,Nuit sans éclairage,27,27644,1,1,3,6.0,RD 181,49.145671,1.539427,06:30:00,2024-10-09
202400026581,13:40,Plein jour,59,59249,2,1,3,1.0,Rue du Maire Coppeaux,50.019246,4.056251,13:40:00,2024-10-09
202400026582,07:20,Plein jour,13,13212,1,1,1,2.0,A507 sens Marseille - Aubagne,43.29144,5.42452,07:20:00,2024-10-08
202400026583,21:00,Nuit sans éclairage,83,83047,1,1,1,6.0,A570,43.13556,6.04458,21:00:00,2024-10-07
202400026584,02:05,Nuit sans éclairage,69,69142,1,1,1,4.0,Route de Métropole 7 ,45.72007,4.81853,02:05:00,2024-10-05
202400026585,11:37,Plein jour,57,57582,1,9,2,6.0,Autoroute A31,49.28588771,6.17205302,11:37:00,2024-10-07
202400026586,18:35,Crépuscule,91,91228,1,1,2,7.0,AUTOROUTE A6,48.62336,2.41955,18:35:00,2024-10-08
202400026587,16:50,Plein jour,91,91617,1,1,1,3.0,RN 104,48.63453,2.53515,16:50:00,2024-10-08
202400026588,05:55,Nuit sans éclairage,91,91103,1,1,2,6.0,RN 104,48.62382,2.2989,05:55:00,2024-10-08
202400026589,14:33,Plein jour,78,78646,1,1,1,5.0,RN12,48.790664,2.11094,14:33:00,2024-10-08
202400026590,23:49,Nuit sans éclairage,92,92072,1,1,1,6.0,N118,48.82721274,2.2243744,23:49:00,2024-10-07
202400026591,18:08,Plein jour,95,95488,1,1,2,2.0,A15,49.02138092,2.13670217,18:08:00,2024-10-08
202400026592,16:50,Plein jour,93,93006,1,1,2,6.0,AUTOROUTE A3,48.8667928,2.42555663,16:50:00,2024-10-08
202400026593,16:15,Plein jour,93,93008,1,1,1,2.0,AUTOROUTE A86,48.90728251,2.45507534,16:15:00,2024-10-08
202400026594,13:30,Plein jour,93,93010,1,1,1,2.0,AUTOROUTE A3,48.90653393,2.47247712,13:30:00,2024-10-08
202400026595,10:50,Plein jour,93,93027,1,1,1,3.0,AUTOROUTE A1,48.93720852,2.40978107,10:50:00,2024-10-08
202400026596,17:20,Plein jour,95,95018,1,1,3,2.0,A15,48.95427304,2.27864085,17:20:00,2024-10-07
202400026597,18:32,Plein jour,95,95572,1,1,3,3.0,N184,49.03992681,2.12689327,18:32:00,2024-10-07
202400026598,19:30,Crépuscule,93,93063,1,1,3,6.0,AUTOROUTE A3,48.87844318,2.44713993,19:30:00,2024-10-07
202400026599,19:00,Crépuscule,93,93078,1,1,2,6.0,AUTOROUTE A104,48.96300436,2.52239723,19:00:00,2024-10-06
202400026600,19:00,Plein jour,95,95252,1,1,2,6.0,A15,48.98341557,2.21876294,19:00:00,2024-10-06
202400026601,16:55,Plein jour,95,95582,1,1,1,6.0,D170,48.96249709,2.26309699,16:55:00,2024-10-06
202400026602,08:35,Plein jour,95,95277,1,1,1,6.0,A1,48.97320599,2.48714084,08:35:00,2024-10-06
202400026603,17:25,Plein jour,77,77258,1,1,1,2.0,A4.Y,48.8300629,2.62477805,17:25:00,2024-10-08
202400026604,06:40,Nuit sans éclairage,77,77083,1,1,1,3.0,A4.W,48.8332152,2.59442286,06:40:00,2024-10-08
202400026605,08:44,Plein jour,94,94004,1,1,1,5.0,N19,48.75338301,2.51167417,08:44:00,2024-10-07
202400026606,17:51,Plein jour,06,06088,2,3,1,1.0,boulevard Gambetta,43.699574,7.256245,17:51:00,2024-07-24
202400026607,17:30,Plein jour,22,22113,1,1,1,7.0,TREGUIER (ROUTE DE),48.74174,-3.41819,17:30:00,2024-07-17
202400026608,22:00,Crépuscule,14,14494,1,1,1,3.0,Route Départementale 49,49.261069,-0.094543,22:00:00,2024-06-28
202400026609,15:50,Plein jour,14,14473,1,3,1,6.0,1070 Route de Lisieux,49.114666,0.040104,15:50:00,2024-06-27
202400026610,21:30,Crépuscule,18,18255,1,1,1,2.0,Unknown,47.036657,2.320034,21:30:00,2024-07-26
202400026611,09:10,Nuit sans éclairage,44,44131,2,1,1,7.0,37 Boulevard de l'Océan,47.1115808,-2.12378473,09:10:00,2024-10-05
202400026612,08:15,Plein jour,57,57019,2,1,1,2.0,VIEIL AMNEVILLE (RUE DU),49.26189,6.13391,08:15:00,2024-08-03
202400026613,18:00,Plein jour,29,29150,2,6,1,2.0,Route de Clohars,47.80532978,-3.6273107,18:00:00,2024-06-26
202400026614,17:00,Plein jour,988,98818,2,3,1,3.0,ROUTE DE L'ANSE VATA/RUE LACAVE-LAPLAGNE,-22.28213,166.44827,17:00:00,2024-10-05
202400026615,18:00,Crépuscule,974,97411,2,1,1,6.0,GRIMAUD (EMILE),-20.89099,55.4835,18:00:00,2024-10-07
202400026616,16:32,Plein jour,973,97302,2,1,1,7.0,MANDELA  (BOULEVARD),4.93642,-52.32597,16:32:00,2024-10-07
202400026617,17:10,Plein jour,973,97302,2,1,1,3.0,ZEPHIR (ROCADE),4.93479,-52.30847,17:10:00,2024-10-07
202400026618,14:10,Plein jour,973,97302,2,1,1,7.0,RABAN (ROUTE DE),4.93685,-52.3152,14:10:00,2024-10-07
202400026619,08:00,Crépuscule,973,97302,2,1,1,6.0,JASMIN(LOTISSEMENT),4.91651,-52.31765,08:00:00,2024-10-07
202400026620,20:30,,973,97302,2,3,1,1.0,BADUEL (ROUTE DE),4.93087,-52.30562,20:30:00,2024-10-04
202400026621,08:15,Plein jour,973,97302,2,1,1,3.0,BADUEL (ROUTE DE),4.92888,-52.29792,08:15:00,2024-10-07
202400026622,07:08,Crépuscule,69,69383,2,2,1,3.0,Rue Mazenod,45.75912,4.85092,07:08:00,2024-10-07
202400026623,10:45,Plein jour,2B,2B120,1,1,1,2.0,11 - RT,42.66922,9.44322,10:45:00,2024-10-07
202400026624,18:11,,971,97101,1,1,1,2.0,N1 - CHAUVEL,16.23425,-61.52347,18:11:00,2024-10-05
202400026625,17:03,Plein jour,91,91549,2,1,8,6.0,PRESIDENT SALVADOR ALLENDE (AVENUE DU),48.64578,2.30855,17:03:00,2024-10-07
202400026626,08:30,Plein jour,91,91161,2,1,1,6.0,RUE DES   MARES   JULIENNES,48.71616,2.31514,08:30:00,2024-10-07
202400026627,11:00,Plein jour,91,91114,2,2,8,6.0,RUE DE LA REPUBLIQUE,48.69796,2.50667,11:00:00,2024-10-07
202400026628,08:37,Plein jour,91,91109,2,1,8,6.0,CHARLES DE GAULLE (RUE),48.45743,2.13974,08:37:00,2024-10-07
202400026629,18:28,Plein jour,87,87085,2,1,1,6.0,BAUDIN ( AVENUE) (VC),45.82691,1.25954,18:28:00,2024-10-05
202400026630,16:21,Plein jour,87,87085,2,3,1,3.0,PERRIN (RUE FRANCOIS),45.82887,1.24338,16:21:00,2024-10-04
202400026631,09:57,Plein jour,87,87085,2,1,1,3.0,THOMAS (AVENUE ALBERT),45.83591,1.2436,09:57:00,2024-10-04
202400026632,19:35,,83,83126,2,1,2,6.0,ROSTAND (BD JEAN),43.11037,5.86193,19:35:00,2024-10-07
202400026633,21:55,,81,81004,2,1,2,1.0,22 AOUT 1944 (PT DU),43.93149,2.14708,21:55:00,2024-10-07
202400026634,14:08,Plein jour,78,78029,2,1,1,6.0,ACACIAS (RUE DES),48.953735,1.856074,14:08:00,2024-10-07
202400026635,23:20,,77,77186,1,6,8,3.0,D607,48.40877,2.68629,23:20:00,2024-10-06
202400026636,10:00,Plein jour,76,76305,1,3,1,1.0,CHATAIGNIERS(COTE DES),49.52012,0.23274,10:00:00,2024-10-07
202400026637,17:55,Plein jour,74,74010,2,1,8,3.0,TRESUM (AVENUE DE),45.89396,6.13014,17:55:00,2024-10-07
202400026638,19:02,Plein jour,71,71306,2,1,1,7.0,ROUGET DE L'ISLE (RUE),46.6749,4.36515,19:02:00,2024-10-07
202400026639,11:35,Plein jour,69,69264,2,1,1,6.0,Rue de Stalingrad,45.98552,4.72056,11:35:00,2024-10-07
202400026640,09:15,Plein jour,69,69029,2,1,2,1.0,299 Route de Genas,45.74841605,4.91710858,09:15:00,2024-10-06
202400026641,04:20,Nuit sans éclairage,69,69290,1,1,1,3.0,Route de Grenoble,45.71899,4.94238,04:20:00,2024-10-06
202400026642,15:45,Plein jour,64,64129,2,2,2,3.0,BAYONNE DE,43.30209,-0.39616,15:45:00,2024-10-07
202400026643,20:40,,62,62724,2,1,1,1.0,D46E2,50.39165,2.91004,20:40:00,2024-10-04
202400026644,18:20,Plein jour,62,62041,2,2,1,6.0,Rue Saint Aubert,50.29255,2.76902,18:20:00,2024-10-03
202400026645,23:40,,60,60057,2,6,2,1.0,Avenue Jean Rostand,49.41403521,2.09526873,23:40:00,2024-10-07
202400026646,10:10,Plein jour,59,59009,2,3,1,3.0,TOURNAI BOULEVARD DE,50.61418,3.1356,10:10:00,2024-10-07
202400026647,16:05,Plein jour,56,56121,2,1,1,6.0,Rue Paul Guieysse,47.75739,-3.36937,16:05:00,2024-10-04
202400026648,23:30,Nuit sans éclairage,56,56121,2,1,1,6.0,Rue Poissonnière,47.74706,-3.35849,23:30:00,2024-10-05
202400026649,15:25,Plein jour,55,55029,2,1,1,1.0,Avenue du 8 Mai 1945,48.77009537,5.17657329,15:25:00,2024-10-05
202400026650,09:00,Plein jour,54,54304,2,1,1,1.0,Rue Raymond Poincaré,48.68069,6.15524,09:00:00,2024-10-07
202400026651,18:45,Plein jour,54,54395,2,2,2,3.0,Rue Albert Lebrun,48.6844,6.18841,18:45:00,2024-10-06
202400026652,10:44,Plein jour,54,54578,2,3,1,3.0,Boulevard Valonnière,48.65877,6.114081,10:44:00,2024-10-06
202400026653,05:15,Nuit sans éclairage,50,50129,1,6,1,7.0,FLAMANDS (ROND POINT),49.65344,-1.57909,05:15:00,2024-10-05
202400026654,07:55,Nuit avec éclairage,37,37261,2,3,2,6.0,HALLEBARDIER (RUE DU),47.38294448,0.69631205,07:55:00,2024-10-07
202400026655,12:30,Plein jour,35,35238,2,1,2,2.0,CHARDONNET (AVENUE),48.10871,-1.64556,12:30:00,2024-10-07
202400026656,07:30,Nuit sans éclairage,35,35051,1,1,2,6.0,SAINT-SULPICE (RD 97),48.15434,-1.62451,07:30:00,2024-10-07
202400026657,15:15,Plein jour,34,34172,2,2,1,3.0,CAPITAINE CROIX DU,43.60278,3.86362,15:15:00,2024-10-07
202400026658,11:45,Plein jour,31,31483,2,1,1,7.0,CAZAUX (ROUTE DE LA SERRE DE),43.13489563,0.72694621,11:45:00,2024-10-07
202400026659,20:15,Nuit sans éclairage,23,23096,2,1,1,6.0,POITOU (AVENUE DU),46.17469,1.86463,20:15:00,2024-10-05
202400026660,17:45,Plein jour,22,22278,2,2,1,3.0,KLEBER,48.50878,-2.76102,17:45:00,2024-10-07
202400026661,07:40,Crépuscule,22,22278,2,3,2,3.0,GOUEDIC (DE),48.50884,-2.7537,07:40:00,2024-10-07
202400026662,12:00,Plein jour,15,15014,2,1,1,6.0,Rue de l’Hotel de Ville,44.929794,2.445315,12:00:00,2024-10-05
202400026663,07:12,,13,13211,2,1,1,3.0,JEAN LOMBARD (AVENUE),43.28897361,5.43186955,07:12:00,2024-10-02
202400026664,10:20,Plein jour,06,06029,2,6,2,3.0,46 Boulevard du Riou,43.553881,7.005962,10:20:00,2024-10-07
202400026665,08:00,Plein jour,06,06029,2,1,2,1.0,23 Avenue Docteur Raymond Picaud,43.55066,7.00222,08:00:00,2024-10-07
202400026666,12:51,Plein jour,04,04112,2,1,1,2.0,LIBERATION (AV. DE LA),43.82157,5.79214,12:51:00,2024-10-03
202400026667,20:05,,75,75112,2,1,1,7.0,BD PERIPHERIQUE EXTERIEUR,48.827466,2.392312,20:05:00,2024-10-06
202400026668,20:45,,75,75117,2,1,1,3.0,BD PERIPHERIQUE INTERIEUR,48.885193,2.287302,20:45:00,2024-10-05
202400026669,16:30,Plein jour,75,75118,2,3,8,3.0,RUE DE LA CHAPELLE,48.890854,2.359921,16:30:00,2024-10-07
202400026670,13:27,Plein jour,75,75118,2,1,8,5.0,ECHANGEUR AUBERVILLIERS,48.900373,2.368861,13:27:00,2024-10-07
202400026671,15:15,Plein jour,75,75116,2,3,2,6.0,AVENUE DU GENERAL SARRAIL,48.845429,2.255963,15:15:00,2024-10-07
202400026672,12:40,Plein jour,75,75115,2,2,1,3.0,RUE DE LOURMEL,48.843748,2.286386,12:40:00,2024-10-07
202400026673,04:05,,75,75115,2,2,1,3.0,RUE LECOURBE,48.844867,2.310404,04:05:00,2024-10-06
202400026674,10:30,Plein jour,75,75114,2,4,8,6.0,RUE D ALESIA,48.827804,2.328983,10:30:00,2024-10-07
202400026675,08:05,Crépuscule,75,75110,2,2,1,3.0,BOULEVARD DE STRASBOURG,48.869469,2.354331,08:05:00,2024-10-07
202400026676,18:40,Plein jour,75,75108,2,1,2,3.0,RUE PIERRE CHARRON,48.869854,2.304041,18:40:00,2024-10-07
202400026677,19:15,,94,94044,2,1,3,6.0,Avenue de la Sablière,48.75413,2.49317,19:15:00,2024-10-07
202400026678,13:40,Plein jour,94,94078,2,1,3,6.0,Rue Henri Janin,48.729574,2.447958,13:40:00,2024-10-07
202400026679,19:45,,94,94003,2,1,2,1.0,Avenue des Aqueducs,48.80021,2.33151,19:45:00,2024-10-07
202400026680,17:00,Plein jour,94,94073,2,3,3,6.0,Avenue du Général de Gaulle,48.7668,2.38386,17:00:00,2024-10-07
202400026681,17:45,Plein jour,94,94022,2,3,2,3.0,Avenue de la République,48.75799895,2.40954182,17:45:00,2024-10-06
202400026682,12:00,Crépuscule,91,91477,2,1,7,3.0,ALFRED DE MUSSET (RUE),48.70592,2.21076,12:00:00,2024-06-25
202400026683,17:35,Plein jour,91,91691,2,1,1,6.0,ELISABETH(RUE),48.72005,2.50241,17:35:00,2024-06-24
202400026684,23:50,Nuit sans éclairage,85,85194,2,1,1,6.0,RD32B,46.46299,-1.72058,23:50:00,2024-06-25
202400026685,20:30,Plein jour,84,84087,1,1,1,1.0,ROUTE DE ROQUEMAURE,44.0758,4.77137,20:30:00,2024-06-25
202400026686,07:53,Plein jour,84,84035,2,1,1,6.0,COTY (AVENUE RENE),43.838258,5.046024,07:53:00,2024-06-25
202400026687,09:25,Plein jour,84,84007,2,1,1,2.0,PIERRE SEMARD (avenue),43.94323,4.8001,09:25:00,2024-06-25
202400026688,15:15,Plein jour,83,83144,2,1,1,2.0,LUMIERE (AVE DES FRERES),43.13654,6.00033,15:15:00,2024-06-22
202400026689,07:31,Plein jour,82,82033,1,1,7,6.0,Chemin du Moulin de Gandalou,44.06374,1.13849,07:31:00,2024-06-25
202400026690,11:00,Plein jour,81,81060,2,1,1,3.0,RODEZ  (AVENUE DE),44.0555485,2.1626819,11:00:00,2024-06-25
202400026691,14:15,Plein jour,80,80021,2,1,1,7.0,Rue de Vignacourt,49.9057,2.28953,14:15:00,2024-06-16
202400026692,13:28,Plein jour,79,79329,2,1,1,1.0,Unknown,46.985365,-0.23243,13:28:00,2024-06-24
202400026693,07:45,Plein jour,78,78383,2,1,1,3.0,GATINE (AVENUE DE),48.764268,1.936131,07:45:00,2024-06-25
202400026694,20:00,Plein jour,77,77373,2,3,1,3.0,AV CHARLES ROUXEL,48.79327,2.60431,20:00:00,2024-06-25
202400026695,17:50,Plein jour,77,77307,2,1,1,2.0,AV DE L EUROPE,48.85546,2.76877,17:50:00,2024-06-25
202400026696,17:50,Plein jour,76,76540,2,2,1,3.0,Boulevard de l'Europe,49.4282,1.08106,17:50:00,2024-06-25
202400026697,11:15,Plein jour,76,76351,2,2,1,3.0,LENINGRAD (BD DE),49.4987,0.15927,11:15:00,2024-06-24
202400026698,17:30,Plein jour,76,76351,2,2,1,3.0,LOUIS BLANC,49.50786,0.13351,17:30:00,2024-06-23
202400026699,16:35,Plein jour,74,74013,1,9,1,4.0,RD 1005,46.348,6.444,16:35:00,2024-06-25
202400026700,18:00,Plein jour,74,74281,1,1,1,3.0,RIPAILLE (AVENUE DE),46.386,6.493,18:00:00,2024-06-24
202400026701,16:07,Plein jour,74,74118,1,1,1,3.0,Unknown,46.16945,6.20636,16:07:00,2024-06-24
202400026702,17:05,Plein jour,69,69290,2,3,1,3.0,Avenue Urbain Le Verrier,45.71247,4.95594,17:05:00,2024-06-24
202400026703,15:50,Plein jour,69,69290,2,1,1,5.0,Avenue Jean Jaurès,45.69731,4.93508,15:50:00,2024-06-24
202400026704,12:00,Plein jour,69,69276,2,3,1,6.0,Route des Bitumes,45.67761,4.84669,12:00:00,2024-06-24
202400026705,09:22,Plein jour,69,69290,2,2,1,3.0,Rue Juliette Récamier,45.69512,4.93384,09:22:00,2024-06-24
202400026706,21:30,Plein jour,68,68066,2,1,1,3.0,LOGELBACH ( RUE DU),48.08324,7.33893,21:30:00,2024-06-24
202400026707,19:00,Plein jour,67,67482,2,3,1,5.0,PREMIERE ARMEE (RUE DE LA),48.5783,7.74962,19:00:00,2024-06-24
202400026708,15:15,Plein jour,66,66136,2,1,1,6.0,Boulevard Félix Mercader,42.69393,2.89013,15:15:00,2024-06-24
202400026709,01:28,,64,64445,2,1,1,7.0,MONTPENSIER,43.30159,-0.37334,01:28:00,2024-06-26
202400026710,17:58,Plein jour,64,64125,2,1,1,7.0,ATHERBEA (AVENUE),43.4356,-1.5934,17:58:00,2024-06-24
202400026711,17:40,Plein jour,64,64102,2,2,1,7.0,LEGION TCHEQUE (AVENUE DE LA),43.4924,-1.48687,17:40:00,2024-06-24
202400026712,16:36,Plein jour,64,64102,2,1,1,6.0,HENRI DE NAVARRE (AVENUE),43.50404,-1.44542,16:36:00,2024-06-24
202400026713,17:25,Plein jour,63,63113,2,1,1,3.0,PLANCHETTES (RUE DES),45.79798498,3.10734451,17:25:00,2024-06-25
202400026714,07:33,Plein jour,63,63113,2,1,7,2.0,MERMOZ (AVENUE JEAN),45.79029,3.13321,07:33:00,2024-06-25
202400026715,17:50,Plein jour,59,59368,2,1,1,4.0,SAINT MAUR AVENUE,50.65237,3.08086,17:50:00,2024-06-24
202400026716,01:39,,57,57463,2,1,1,6.0,ALSACE (BOULEVARD D'),49.11476082,6.22287512,01:39:00,2024-06-25
202400026717,17:10,Plein jour,56,56162,2,7,1,3.0,Place de l’Église,47.73663,-3.42841,17:10:00,2024-06-24
202400026718,19:52,Plein jour,54,54528,2,1,1,1.0,Avenue du General Bigeard,48.65462,5.8948,19:52:00,2024-06-25
202400026719,11:40,Plein jour,54,54329,2,3,1,6.0,Rue Georges de Villebois Mareuil,48.59316,6.50097,11:40:00,2024-06-25
202400026720,14:20,Plein jour,54,54263,2,1,1,2.0,D137,49.223221,6.004642,14:20:00,2024-06-25
202400026721,11:55,Plein jour,51,51108,2,1,1,1.0,JAURES (RUE JEAN) (SUPERIEUR AU N° 38-69,48.95418,4.35029,11:55:00,2024-06-25
202400026722,19:28,Plein jour,47,47001,2,1,1,1.0,CALE ABADIE (RUE),44.20298,0.61128,19:28:00,2024-06-25
202400026723,14:41,Plein jour,45,45147,2,2,1,3.0,48 Avenue d'Oradour-Sur-Glane,47.933567,1.921633,14:41:00,2024-06-25
202400026724,15:45,Plein jour,43,43157,2,9,1,3.0,13 Avenue Charles Dupuy,45.04243,3.88986,15:45:00,2024-06-25
202400026725,19:35,Plein jour,42,42183,2,1,3,6.0,Rue de la Libération,45.40366,4.36527,19:35:00,2024-06-25
202400026726,14:18,Plein jour,41,41018,2,1,1,2.0,VERDUN (AVENUE DE),47.5922,1.34467,14:18:00,2024-06-24
202400026727,17:10,Plein jour,38,38053,2,2,1,3.0,D1006,45.58525,5.27082,17:10:00,2024-05-31
202400026728,17:29,Plein jour,37,37122,2,4,1,7.0,CHINON (BOULEVARD DE),47.35086397,0.67903635,17:29:00,2024-06-24
202400026729,18:20,Plein jour,35,35051,1,6,1,2.0,ALLIES (BOULEVARD DES),48.10243284,-1.61019713,18:20:00,2024-06-25
202400026730,10:20,Plein jour,35,35115,2,1,1,6.0,SAINT GERMAIN (BOULEVARD DE),48.36207,-1.20844,10:20:00,2024-06-24
202400026731,11:30,Plein jour,974,97411,1,9,1,6.0,BRIDET,-20.89282,55.48568,11:30:00,2024-11-13
202400026732,22:00,,34,34172,2,3,1,3.0,POMPIGNANE (AVENUE DE LA),43.6158,3.8976,22:00:00,2024-06-25
202400026733,09:05,Plein jour,34,34003,2,1,1,3.0,GENTILSHOMMES (H16 A L17,43.28205,3.51594,09:05:00,2024-06-25
202400026734,07:50,Plein jour,974,97411,2,1,1,4.0,PROVIDENCE (BOULEVARD DE LA),-20.8934,55.45682,07:50:00,2024-11-13
202400026735,09:20,Plein jour,973,97302,2,1,1,3.0,BADUEL (ROUTE DE),4.92919207,-52.2958678,09:20:00,2024-11-12
202400026736,22:05,Plein jour,33,33063,2,2,1,3.0,Unknown,44.85434,-0.57229,22:05:00,2024-06-25
202400026737,20:05,,69,69383,2,1,1,6.0,Rue du Dauphiné,45.74992,4.86367,20:05:00,2024-11-13
202400026738,20:05,Plein jour,33,33063,2,9,1,6.0,Unknown,44.83551,-0.56462,20:05:00,2024-06-25
202400026739,13:45,Plein jour,69,69388,2,1,1,6.0,Boulevard des Etats-Unis,45.72586,4.87048,13:45:00,2024-11-13
202400026740,16:55,Plein jour,33,33039,2,2,1,3.0,Unknown,44.79688,-0.56833,16:55:00,2024-06-25
202400026741,07:15,Crépuscule,69,69387,2,1,1,3.0,Avenue Debourg,45.73158,4.82704,07:15:00,2024-11-13
202400026742,20:13,,2A,2A004,2,2,1,3.0,NAPOLEON COURS AVANT BEVERINI,41.91984,8.73681,20:13:00,2024-11-13
202400026743,19:10,Plein jour,33,33281,2,2,1,3.0,Unknown,44.8345,-0.63721,19:10:00,2024-06-25
202400026744,13:00,Plein jour,95,95680,2,1,8,6.0,D10,49.00772764,2.40156889,13:00:00,2024-11-13
202400026745,05:30,,95,95555,2,1,1,6.0,MASSENET (RUE),48.96136,2.28923,05:30:00,2024-11-13
202400026746,10:15,Plein jour,30,30007,2,1,1,7.0,Avenue Carnot,44.12137,4.08684,10:15:00,2024-06-25
202400026747,17:35,,91,91097,2,1,7,6.0,AV DU GAL CHARLES DE GAULLE,48.68,2.53,17:35:00,2024-11-12
202400026748,19:55,Plein jour,26,26362,2,1,1,1.0,Route de Malissard,44.91171672,4.92215395,19:55:00,2024-06-25
202400026749,18:55,,30,30351,2,6,1,6.0,GENERAL LECLERC (AVENUE DU),43.95837,4.77628,18:55:00,2024-11-13
202400026750,18:55,Plein jour,25,25056,2,4,7,3.0,BELFORT RUE DE (inf144),47.252,6.03585,18:55:00,2024-06-25
202400026751,12:15,Plein jour,30,30011,1,6,1,2.0,DEUXIEME D.B (AVENUE DE LA),43.9589,4.74695,12:15:00,2024-11-13
202400026752,21:00,Crépuscule,17,17306,2,2,1,3.0,TREILLE (DE LA),45.65,-1.032,21:00:00,2024-06-25
202400026753,09:30,Plein jour,30,30351,2,3,1,1.0,MONT VENTOUX (AVENUE DU),43.97233,4.77749,09:30:00,2024-11-13
202400026754,09:54,Plein jour,15,15012,2,1,1,3.0,RD 320,44.90169,2.45858,09:54:00,2024-06-23
202400026755,20:45,Plein jour,13,13203,2,1,1,3.0,FÉLIX PYAT (RUE),43.3208,5.37478,20:45:00,2024-06-25
202400026756,18:40,Plein jour,13,13203,1,2,1,3.0,CAMILLE PELLETAN (AVENUE),43.30644,5.3735,18:40:00,2024-06-25
202400026757,11:00,Plein jour,77,77487,2,1,1,3.0,MARECHAL JUIN  (DU),48.5375,2.6859,11:00:00,2024-11-12
202400026758,10:40,Plein jour,04,04112,2,1,1,2.0,HAUTE PROVENCE (BD. DE),43.83052,5.79104,10:40:00,2024-06-24
202400026759,08:45,Plein jour,77,77447,1,1,1,2.0,C.D 82,48.55299,2.56102,08:45:00,2024-11-12
202400026760,15:03,Plein jour,01,01289,1,2,1,3.0,DOMBES (AVENUE DE LA),46.18046,5.19481,15:03:00,2024-06-25
202400026761,11:50,Plein jour,76,76103,2,3,7,6.0,Rue des Hautes Haies,49.41895,1.13505,11:50:00,2024-11-13
202400026762,16:00,Plein jour,75,75115,2,1,1,2.0,BD PERIPHERIQUE EXTERIEUR,48.834256,2.275894,16:00:00,2024-06-25