Num_Acc,hrmn,lum,dep,com,agg,int,atm,col,adr,lat,long,heure,date
202400026763,12:00,Plein jour,76,76540,2,2,1,1.0,Rue Saint Sever,49.43575,1.09025,12:00:00,2024-11-13
202400026764,09:30,Plein jour,75,75120,2,1,1,3.0,BD PERIPHERIQUE EXTERIEUR,48.861698,2.413912,09:30:00,2024-06-25
202400026765,18:15,Plein jour,75,75117,2,1,1,7.0,BD PERIPHERIQUE INTERIEUR,48.889591,2.297417,18:15:00,2024-06-24
202400026766,14:20,Plein jour,76,76447,1,1,1,7.0,PAUL DOUMER,49.52352,0.19556,14:20:00,2024-11-09
202400026767,22:35,,75,75120,2,2,1,3.0,AVENUE DE LA PORTE DE MONTREUIL,48.853562,2.410754,22:35:00,2024-06-24
202400026768,06:00,,76,76351,2,3,2,6.0,PIERRE MENDES FRANCE,49.51451,0.15343,06:00:00,2024-11-11
202400026769,08:10,Plein jour,75,75119,2,2,1,1.0,BOULEVARD MACDONALD,48.898893,2.379804,08:10:00,2024-06-25
202400026770,18:10,,71,71270,2,9,1,1.0,PARE (RUE AMBROISE),46.31442532,4.81141761,18:10:00,2024-11-12
202400026771,17:00,Plein jour,75,75117,2,2,1,7.0,BOULEVARD DE REIMS,48.88755,2.294736,17:00:00,2024-06-24
202400026772,16:10,Plein jour,69,69256,2,3,1,3.0,Avenue Gabriel Péri,45.77086783,4.90693639,16:10:00,2024-11-13
202400026773,13:50,Plein jour,75,75116,2,7,1,3.0,AVENUE DE VERSAILLES,48.851295,2.278369,13:50:00,2024-06-25
202400026774,14:45,Plein jour,75,75115,2,1,1,2.0,BOULEVARD LEFEBVRE,48.829136,2.29904,14:45:00,2024-06-25
202400026775,08:25,Crépuscule,69,69290,2,1,8,4.0,Route de Grenoble,45.71063,4.9766,08:25:00,2024-11-12
202400026776,13:51,Plein jour,75,75115,2,1,1,6.0,RUE DU COLONEL PIERRE AVIA,48.829967,2.275817,13:51:00,2024-06-25
202400026777,08:15,Plein jour,66,66136,2,1,2,2.0,Quai François Batllo,42.70157,2.89363,08:15:00,2024-11-13
202400026778,17:00,Plein jour,75,75114,2,3,1,3.0,BOULEVARD JOURDAN,48.819638,2.341933,17:00:00,2024-06-25
202400026779,18:00,Plein jour,75,75112,2,4,1,6.0,BOULEVARD PONIATOWSKI,48.829247,2.390274,18:00:00,2024-06-25
202400026780,00:45,,65,65440,2,2,1,3.0,ORMEAU (CHEMIN DE L'),43.22624916,0.0767329,00:45:00,2024-11-03
202400026781,17:40,Plein jour,75,75111,2,3,1,6.0,RUE DE LA ROQUETTE,48.858771,2.384639,17:40:00,2024-06-25
202400026782,09:10,Plein jour,63,63113,2,2,1,6.0,rue des Liondards / av Léon Blum ,45.76666,3.09597,09:10:00,2024-11-13
202400026783,16:00,Plein jour,75,75111,2,4,1,3.0,BOULEVARD RICHARD LENOIR,48.854737,2.369526,16:00:00,2024-06-25
202400026784,18:30,,62,62119,2,1,1,6.0,D943,50.5242865,2.6281899,18:30:00,2024-11-13
202400026785,18:00,Plein jour,75,75110,2,7,1,1.0,PLACE DE LA REPUBLIQUE,48.868144,2.363704,18:00:00,2024-06-25
202400026786,22:45,Nuit sans éclairage,62,62847,2,8,1,1.0,D72E3,50.50048645,2.66023546,22:45:00,2024-11-10
202400026787,20:00,Plein jour,75,75108,2,5,1,3.0,RUE DE COURCELLES,48.876444,2.307891,20:00:00,2024-06-25
202400026788,16:30,Plein jour,62,62041,2,9,1,6.0,Rue Saint Maurice,50.29379,2.77016,16:30:00,2024-11-08
202400026789,02:00,,75,75107,2,2,1,2.0,QUAI VOLTAIRE,48.85956,2.329281,02:00:00,2024-06-25
202400026790,00:30,,60,60159,2,6,1,6.0,Avenue Napoléon,49.40564,2.83783,00:30:00,2024-11-10
202400026791,17:25,Plein jour,75,75101,2,3,1,2.0,QUAI DU LOUVRE,48.859016,2.339852,17:25:00,2024-06-25
202400026792,10:50,Plein jour,75,75101,2,3,7,7.0,RUE DE RIVOLI,48.861516,2.339124,10:50:00,2024-06-25
202400026793,13:55,Plein jour,57,57463,2,3,1,3.0,PONT ROUGE (RUE DU ),49.113485,6.192354,13:55:00,2024-11-13
202400026794,06:30,Crépuscule,75,75102,2,4,1,1.0,RUE LOUIS LE GRAND,48.871048,2.33458,06:30:00,2024-06-25
202400026795,14:30,Plein jour,54,54547,2,1,1,6.0,parking CHU,48.64876,6.14678,14:30:00,2024-11-12
202400026796,11:35,Plein jour,94,94043,2,1,1,6.0,Avenue de Fontainebleau,48.81502,2.3607,11:35:00,2024-06-25
202400026797,17:15,Plein jour,50,50002,2,1,1,6.0,GOUVILLE (place de),49.11574,-1.11351,17:15:00,2024-11-12
202400026798,12:00,Plein jour,94,94021,2,1,1,7.0,Boulevard Circulaire Min Est,48.76459,2.3562,12:00:00,2024-06-25
202400026799,04:00,Nuit avec éclairage,49,49007,2,6,1,7.0,DOYENNE BOULEVARD ET PASSAGE,47.48805,-0.53653,04:00:00,2024-11-13
202400026800,08:20,Crépuscule,94,94073,2,3,1,3.0,Rue du Docteur Marie,48.74624,2.37055,08:20:00,2024-06-24
202400026801,18:00,Crépuscule,49,49007,2,1,1,2.0,CHAUMIN BOULEVARD,47.4503,-0.5546,18:00:00,2024-11-12
202400026802,08:15,Plein jour,94,94011,2,3,1,4.0,Avenue Rhin et Danube / Avenue des Lys,48.77074,2.48997,08:15:00,2024-06-24
202400026803,13:55,Plein jour,94,94017,2,3,1,2.0,Avenue du Général de Gaulle / Rue Eugéne Varlin,48.82690559,2.52076256,13:55:00,2024-06-24
202400026804,15:54,Plein jour,39,39300,2,2,1,6.0,26 Avenue Camille Prost,46.671195,5.568954,15:54:00,2024-11-09
202400026805,09:25,Plein jour,94,94004,2,1,1,1.0,Avenue Charles de Gaulle,48.75705,2.49848,09:25:00,2024-06-25
202400026806,08:45,Plein jour,38,38544,2,1,8,7.0,Chemin de la Rente,45.50179,4.89384,08:45:00,2024-11-13
202400026807,14:15,Plein jour,93,93073,2,2,1,1.0,Avenue Louis Dequet / Avenue des Chênes,48.95283,2.58231,14:15:00,2024-06-24
202400026808,13:50,Plein jour,93,93070,2,1,1,6.0,Avenue Gabriel Péri,48.907117,2.332164,13:50:00,2024-06-24
202400026809,17:45,Nuit sans éclairage,38,38151,1,1,1,4.0,ÉCHANGEUR DU RONDEAU,45.15537,5.69929,17:45:00,2024-11-13
202400026810,15:20,Plein jour,93,93066,2,3,1,3.0,Rue Paul Éluard / Rue Ambroise Croizat,48.939411,2.345104,15:20:00,2024-06-25
202400026811,17:55,Crépuscule,38,38185,2,1,1,6.0,RUE DES ALLIÉS,45.17302,5.71996,17:55:00,2024-11-13
202400026812,16:15,Plein jour,93,93032,2,3,1,3.0,Rue Vaillant Couturier / Rue Emile Fontaine,48.87153,2.55429,16:15:00,2024-06-25
202400026813,15:25,Plein jour,38,38185,2,2,8,3.0,MALLIFAUD (RUE),45.18063,5.735,15:25:00,2024-11-13
202400026814,15:45,Plein jour,93,93047,2,2,1,3.0,Rue Henri Barbusse / Rue Paul Bert,48.90017,2.56704,15:45:00,2024-06-24
202400026815,18:10,Crépuscule,34,34301,2,2,8,3.0,VERDUN (BOULEVARD DE),43.411207,3.679409,18:10:00,2024-11-13
202400026816,17:30,Plein jour,93,93005,2,9,1,3.0,Rue Paul Cézanne,48.953697,2.5056,17:30:00,2024-06-25
202400026817,14:20,Plein jour,34,34301,2,3,1,3.0,BLANC CAMILLE (BOULEVARD),43.41025,3.6769,14:20:00,2024-11-13
202400026818,08:30,Plein jour,92,92063,2,3,1,3.0,MAISTRASSE (AVENUE ALEXANDRE),48.86355644,2.20081499,08:30:00,2024-06-25
202400026819,18:20,Plein jour,92,92040,2,9,1,6.0,VICTOR CRESSON (AVENUE) DU 02 AU 40,48.82391625,2.27264267,18:20:00,2024-06-25
202400026820,12:55,Plein jour,34,34129,2,9,1,3.0,BRET (ROND POINT PAUL LOUIS),43.5762,3.8736,12:55:00,2024-11-13
202400026821,23:00,Nuit avec éclairage,92,92025,2,3,1,3.0,GABRIEL PERI (RUE),48.91573427,2.23245138,23:00:00,2024-06-21
202400026822,17:05,Crépuscule,28,28085,2,1,1,6.0,MAUNOURY (RUE DU DOCTEUR),48.44057,1.48251,17:05:00,2024-11-12
202400026823,20:05,Plein jour,92,92024,2,1,1,3.0,HENRI BARBUSSE (RUE) DE (1 A 73)   (2 A,48.89858097,2.30286419,20:05:00,2024-06-25
202400026824,15:10,Plein jour,19,19031,2,1,1,3.0,DES TROIS PROVINCES (RUE),45.165,1.54328,15:10:00,2024-11-13
202400026825,13:59,Plein jour,60,60308,1,1,1,1.0,D1017,49.485468,2.669141,13:59:00,2024-06-26
202400026826,16:18,Plein jour,18,18279,2,1,1,3.0,Rue Edouard Branly,47.216237,2.104308,16:18:00,2024-11-08
202400026827,18:40,Plein jour,60,60539,2,1,1,3.0,Rue Jean Carette,49.299718,2.520198,18:40:00,2024-06-25
202400026828,20:50,Plein jour,39,39130,1,1,3,6.0,Unknown,46.486715,5.842592,20:50:00,2024-06-25
202400026829,11:30,Plein jour,14,14162,1,1,1,6.0,D562,48.901081,-0.486901,11:30:00,2024-06-26
202400026830,10:30,Plein jour,44,44141,1,1,1,6.0,Unknown,47.215633,-1.17816,10:30:00,2024-06-26
202400026831,18:45,Nuit sans éclairage,13,13001,1,2,1,3.0,BELLEC MAURICE (RTE DU COLONEL),43.57697,5.41039,18:45:00,2024-11-13
202400026832,18:25,Nuit sans éclairage,974,97405,1,1,2,1.0,Rue Maxime Payet,-21.370305,55.581765,18:25:00,2024-06-15
202400026833,08:00,Plein jour,06,06069,2,1,1,2.0,13 Av Mal de Lattre de Tassigny,43.6497387,6.923162,08:00:00,2024-11-13
202400026834,19:20,Nuit sans éclairage,972,97232,1,1,1,6.0,Route Nationale 6,14.554654,-60.846148,19:20:00,2024-06-25
202400026835,13:30,Plein jour,27,27507,1,1,1,1.0,départementale 53,48.88848,1.264393,13:30:00,2024-06-25
202400026836,07:14,,75,75113,2,2,1,6.0,RUE DE TOLBIAC,48.82641735,2.34179395,07:14:00,2024-11-13
202400026837,20:20,,75,75119,2,1,1,1.0,BOULEVARD DE LA VILLETTE,48.879223,2.370477,20:20:00,2024-11-13
202400026838,17:40,Plein jour,35,35337,1,3,1,3.0,lieu dit la landelle tinteniac,48.306894,-1.820287,17:40:00,2024-06-25
202400026839,03:00,Nuit sans éclairage,01,01354,1,6,1,7.0,d35,46.252241,6.044562,03:00:00,2024-06-05
202400026840,16:00,Plein jour,75,75117,2,7,1,6.0,AVENUE PAUL ADAM,48.887365,2.297698,16:00:00,2024-11-13
202400026841,19:05,Plein jour,60,60176,2,2,1,2.0,Rue Nationale,49.234837,2.887419,19:05:00,2024-06-26
202400026842,09:25,Plein jour,75,75117,2,3,1,3.0,RUE THEODULE RIBOT,48.880327,2.299825,09:25:00,2024-11-13
202400026843,06:00,Crépuscule,50,50616,1,1,1,7.0,N175,48.668667,-1.37159,06:00:00,2024-06-26
202400026844,08:38,Plein jour,75,75111,2,2,8,6.0,RUE SEDAINE,48.855686,2.371659,08:38:00,2024-11-13
202400026845,23:05,Nuit sans éclairage,30,30287,1,1,2,7.0,Départementale 980,44.20062,4.535079,23:05:00,2024-06-25
202400026846,21:55,,75,75110,2,3,1,6.0,BOULEVARD SAINT DENIS,48.869475,2.354256,21:55:00,2024-11-13
202400026847,10:09,Plein jour,21,21650,1,1,1,1.0,D35,47.254825,4.852095,10:09:00,2024-06-26
202400026848,17:00,Crépuscule,75,75110,2,3,1,6.0,RUE DU FAUBOURG SAINT MARTIN,48.87524155,2.3594504,17:00:00,2024-11-13
202400026849,07:12,Plein jour,30,30034,2,6,1,3.0,D38-D6113,43.752094,4.495618,07:12:00,2024-06-26
202400026850,16:29,Plein jour,75,75109,2,3,1,3.0,BOULEVARD DES ITALIENS,48.871397,2.337009,16:29:00,2024-11-13
202400026851,09:15,Plein jour,76,76070,2,1,1,6.0,267 Route de Dieppe,49.709956,1.227036,09:15:00,2024-06-25
202400026852,10:12,Plein jour,75,75109,2,2,1,6.0,RUE TRONCHET,48.873134,2.326771,10:12:00,2024-11-13
202400026853,16:50,Plein jour,2A,2A008,1,1,3,3.0,Bisinao,41.8397028,8.88086924,16:50:00,2024-06-25
202400026854,18:10,,75,75103,2,4,1,6.0,BOULEVARD BEAUMARCHAIS,48.860091,2.367414,18:10:00,2024-11-13
202400026855,07:30,Plein jour,2A,2A130,2,1,1,6.0,4285 boulevard marie-jeanne bozzi,41.88353741,8.79213721,07:30:00,2024-06-26
202400026856,21:30,,75,75102,2,2,1,7.0,RUE GRENETA,48.86514,2.350365,21:30:00,2024-11-12
202400026857,13:15,Plein jour,82,82089,1,2,1,3.0,D813,44.12384889,0.83016305,13:15:00,2024-06-26
202400026858,20:08,,94,94044,2,1,1,6.0,Rue des Perdrix,48.7421,2.48259,20:08:00,2024-11-12
202400026859,19:40,Plein jour,81,81069,1,1,1,7.0,RD600,44.059096,1.970576,19:40:00,2024-06-25
202400026860,19:10,,94,94068,2,1,1,6.0,Avenue Henri Martin,48.79595348,2.48824641,19:10:00,2024-11-12
202400026861,09:45,Plein jour,63,63096,2,2,1,6.0,rue Martagere / rue de la Côte,45.749468,3.302432,09:45:00,2024-06-26
202400026862,00:50,,94,94028,2,1,1,3.0,Rue Gustave Eiffel,48.79647159,2.45022476,00:50:00,2024-11-11
202400026863,17:00,Plein jour,55,55215,1,1,9,7.0,D182,48.515211,5.480268,17:00:00,2024-06-25
202400026864,18:15,,94,94059,2,6,1,3.0,avenue maurice berteaux,48.81612392,2.56202726,18:15:00,2024-11-12
202400026865,18:20,Plein jour,47,47138,1,3,1,3.0,RD656,44.280777,0.782229,18:20:00,2024-06-25
202400026866,09:40,Plein jour,93,93050,2,1,1,3.0,MARECHAL FOCH (AVENUE) COTE PAIR,48.8547,2.52286,09:40:00,2024-11-13
202400026867,12:35,Plein jour,68,68307,1,4,3,7.0,D466,47.805938,6.858269,12:35:00,2024-06-26
202400026868,13:30,Plein jour,93,93064,2,1,1,6.0,QUATRIEME ZOUAVES (RUE DU),48.87133,2.4719,13:30:00,2024-11-13
202400026869,09:45,Plein jour,22,22251,2,3,1,2.0,Rue de la Croix Rouge,48.575941,-2.815989,09:45:00,2024-06-26
202400026870,20:45,,93,93073,2,1,1,3.0,SAVOIE RUE DE,48.93835339,2.59231281,20:45:00,2024-11-12
202400026871,19:15,Crépuscule,22,22222,1,1,1,1.0,D21,48.686509,-2.984612,19:15:00,2024-06-25
202400026872,18:00,Plein jour,39,39556,1,1,1,6.0,Unknown,46.595594,5.727975,18:00:00,2024-06-22
202400026873,19:15,,93,93079,2,2,1,2.0,DIVISION LECLERC (AV),48.95159005,2.34292245,19:15:00,2024-11-12
202400026874,15:55,Plein jour,25,25367,2,1,1,6.0,21 Rue du 17 Novembre,47.445422,6.823294,15:55:00,2024-06-25
202400026875,08:30,Plein jour,93,93008,2,3,1,3.0,BARBUSSE (AVENUE HENRI) A30,48.90840525,2.42736027,08:30:00,2024-11-13
202400026876,17:12,Crépuscule,93,93001,2,2,1,6.0,BORDIER (RUE)  => 10/11,48.90354533,2.38639037,17:12:00,2024-11-13
202400026877,20:10,Plein jour,29,29178,2,3,1,1.0,Rue Docteur Amédée le Meur,48.54351544,-4.65904936,20:10:00,2024-06-25
202400026878,09:07,Plein jour,92,92076,2,1,1,1.0,RAYMOND POINCARE,48.84228386,2.1674066,09:07:00,2024-11-13
202400026879,20:08,Plein jour,02,02361,2,1,1,6.0,Place d'Armes,49.899973,3.627591,20:08:00,2024-06-25
202400026880,12:35,Plein jour,92,92050,2,1,1,6.0,SADI CARNOT RUE,48.88896193,2.20414303,12:35:00,2024-11-13
202400026881,18:00,Plein jour,03,03074,1,2,1,3.0,D779,46.610845,3.560053,18:00:00,2024-06-23
202400026882,23:30,,92,92050,2,2,1,3.0,JOLIOT CURIE F. ET IRENE AVENUE  N°PAIRS,48.89368649,2.21201688,23:30:00,2024-11-12
202400026883,04:50,Crépuscule,15,15190,1,1,1,6.0,RD 62,45.232863,2.732999,04:50:00,2024-06-26
202400026884,07:41,Crépuscule,92,92050,2,1,1,2.0,VIEUX PONT RUE DU,48.8886,2.18552,07:41:00,2024-11-12
202400026885,20:40,Plein jour,70,70152,2,1,1,1.0,Rue du Tacot,47.389681,5.758901,20:40:00,2024-06-25
202400026886,20:40,Plein jour,72,72180,1,1,1,7.0,lieu dit les veaux guillaume,48.36065,0.36851,20:40:00,2024-06-25
202400026887,14:45,Plein jour,92,92050,2,1,1,1.0,PASCAL RUE,48.89654,2.20042,14:45:00,2024-11-11
202400026888,17:30,Plein jour,06,06144,1,1,2,6.0,Route de la Tinée,43.957638,7.156906,17:30:00,2024-06-26
202400026889,15:05,Plein jour,92,92036,2,1,1,2.0,LOUIS CALMEL (RUE) (60/106),48.92482923,2.28957913,15:05:00,2024-11-13
202400026890,19:26,,92,92071,2,1,1,2.0,GENERAL LECLERC (AVENUE DU),48.77548,2.31369004,19:26:00,2024-11-03
202400026891,10:00,Plein jour,14,14061,1,2,1,3.0,D109,48.921385,-0.854852,10:00:00,2024-06-26
202400026892,04:10,,92,92007,2,9,1,3.0,BARBUSSE (AVENUE HENRI) N° 1 A 43 ET 2 A,48.7996,2.31149,04:10:00,2024-11-19
202400026893,08:15,Plein jour,14,14193,1,1,1,6.0,Route de la Cannerie,49.117078,0.349342,08:15:00,2024-06-25
202400026894,13:00,Plein jour,92,92007,2,1,1,4.0,VERDUN (RUE DE) N° PAIRS,48.80203214,2.31915012,13:00:00,2024-11-13
202400026895,20:20,Plein jour,05,05010,1,1,2,3.0,RD 1075,44.552191,5.773187,20:20:00,2024-06-25
202400026896,15:45,Plein jour,37,37072,1,1,1,1.0,D8,47.15276327,0.28137946,15:45:00,2024-11-13
202400026897,13:25,Plein jour,50,50217,1,1,7,1.0,Le Gué Botterel,48.683113,-1.152792,13:25:00,2024-06-26
202400026898,10:45,Plein jour,971,97114,1,5,1,5.0,La Rose,16.147883,-61.583519,10:45:00,2024-11-13
202400026899,15:05,Plein jour,974,97415,1,1,1,1.0,Chemin Summer 2,-21.036877,55.25769,15:05:00,2024-10-28
202400026900,18:00,Plein jour,60,60518,1,2,1,3.0,D151,49.574546,2.182846,18:00:00,2024-06-25
202400026901,08:00,Plein jour,974,97422,2,1,1,3.0,Rue d?Espagne,-21.279095,55.503801,08:00:00,2024-11-05
202400026902,08:27,Plein jour,64,64160,2,6,7,3.0,Roind point D410 / Avenue du Professeur grancher,43.361448,-1.393622,08:27:00,2024-06-25
202400026903,18:30,Plein jour,16,16001,1,1,7,7.0,Unknown,46.11156,0.679607,18:30:00,2024-06-26
202400026904,20:30,Nuit sans éclairage,35,35206,1,1,1,2.0,RN 137 direction NANTES PK 041.000,48.060021,-1.679486,20:30:00,2024-10-30
202400026905,10:15,Plein jour,53,53107,2,1,1,6.0,Route de Brecé,48.406386,-0.800822,10:15:00,2024-06-25
202400026906,08:10,Crépuscule,06,06033,2,1,1,6.0,1 Rue de l'Eusière,43.773329,7.191904,08:10:00,2024-11-13
202400026907,15:45,Plein jour,53,53103,1,1,1,1.0,route les suhards,48.080244,-0.882468,15:45:00,2024-06-25
202400026908,15:05,Plein jour,26,26002,1,1,1,1.0,Route Nationale 7,45.24266835,4.82021519,15:05:00,2024-11-13
202400026909,09:15,Plein jour,30,30174,2,1,1,7.0,Parking Intermarché,44.025322,4.389237,09:15:00,2024-11-13
202400026910,07:50,Crépuscule,40,40310,1,2,7,1.0,Route d?Azur,43.76917,-1.303674,07:50:00,2024-06-25
202400026911,05:15,Crépuscule,30,30259,2,1,1,7.0,544 Route d?Uzes,44.107217,4.12003,05:15:00,2024-06-26
202400026912,08:30,Plein jour,44,44071,2,1,1,2.0,Rue de la basse lande,47.193861,-1.443806,08:30:00,2024-11-12
202400026913,10:15,Plein jour,17,17415,1,1,1,7.0,Autoroute A10 - PK441.060,45.738567,-0.666862,10:15:00,2024-06-25
202400026914,11:10,Plein jour,57,57106,1,1,1,7.0,D63,49.30346692,6.51358837,11:10:00,2024-11-09
202400026915,15:45,Plein jour,79,79066,2,1,1,3.0,Unknown,46.485278,-0.403206,15:45:00,2024-11-14
202400026916,13:37,Plein jour,971,97128,1,1,1,3.0,Boulevard de la Criee,16.218927,-61.406917,13:37:00,2024-06-25
202400026917,15:45,Plein jour,80,80688,1,1,1,6.0,D940,50.274692,1.659359,15:45:00,2024-11-13
202400026918,11:30,Plein jour,971,97128,1,1,1,3.0,Fonds Thezan,16.217245,-61.414776,11:30:00,2024-06-24
202400026919,15:35,Plein jour,82,82125,1,1,1,2.0,Route de Toulouse,43.94934833,1.21662247,15:35:00,2024-11-13
202400026920,12:15,Plein jour,77,77382,1,1,1,6.0,D85,48.898613,2.895799,12:15:00,2024-06-26
202400026921,14:35,Plein jour,65,65218,1,1,1,6.0,D929,42.988663,0.374876,14:35:00,2024-11-13
202400026922,17:45,Plein jour,66,66164,2,9,1,3.0,Avenue Jacques de Vaucanson,42.799565,2.882248,17:45:00,2024-06-24
202400026923,01:00,Nuit sans éclairage,66,66227,2,1,1,6.0,chemin las serres,42.63696331,2.89481699,01:00:00,2024-06-19
202400026924,16:15,Plein jour,61,61043,2,2,1,3.0,D955,48.345311,0.746018,16:15:00,2024-11-10
202400026925,12:15,Plein jour,48,48004,1,1,1,7.0,les Rochettes Basses,44.476283,3.841428,12:15:00,2024-06-26
202400026926,14:20,Plein jour,39,39399,1,1,1,1.0,Unknown,46.99466,5.677667,14:20:00,2024-11-13
202400026927,19:40,Plein jour,34,34127,1,3,1,3.0,Route de Mudaison,43.65182,4.06109,19:40:00,2024-06-15
202400026928,16:20,Plein jour,25,25245,1,1,7,6.0,Fontain,47.194743,6.021135,16:20:00,2024-11-14
202400026929,17:00,Plein jour,84,84034,1,1,1,5.0,Départementale 900,43.887161,4.942523,17:00:00,2024-06-25
202400026930,18:30,Plein jour,83,83133,1,1,2,7.0,déparmentale 37,43.58151,6.812162,18:30:00,2024-06-24
202400026931,11:00,Plein jour,29,29201,1,1,1,1.0,D28,48.40723191,-4.72653506,11:00:00,2024-11-14
202400026932,11:25,Plein jour,04,04156,1,1,1,6.0,D12,44.000255,6.045635,11:25:00,2024-06-22
202400026933,10:20,Plein jour,15,15258,2,1,1,6.0,RD 54,44.977952,2.624438,10:20:00,2024-11-14
202400026934,16:50,Plein jour,13,13097,1,9,1,2.0,D24,43.612531,4.790243,16:50:00,2024-06-26
202400026935,10:00,Plein jour,26,26112,1,3,1,3.0,route des Alpes,44.38821,5.232968,10:00:00,2024-10-14
202400026936,16:20,Plein jour,69,69204,2,1,1,6.0,16 Rue des Sources,45.69437643,4.81950043,16:20:00,2024-06-26
202400026937,07:00,Crépuscule,58,58095,2,1,1,3.0,Route de Moulins,46.818201,3.450673,07:00:00,2024-11-14
202400026938,20:45,Plein jour,69,69116,1,1,1,1.0,814 Route du Mont Verdun,45.840177,4.779075,20:45:00,2024-06-25
202400026939,10:45,Plein jour,72,72132,1,1,9,6.0,lieu dit la croix verrier,48.20175817,0.63721978,10:45:00,2024-11-11
202400026940,07:55,Crépuscule,49,49023,1,2,1,1.0,La Croix qui Chante (Calvaire),47.160723,-0.840583,07:55:00,2024-06-24
202400026941,22:05,Nuit sans éclairage,10,10345,1,2,1,3.0,D396,48.41234,4.521182,22:05:00,2024-11-13
202400026942,16:25,Plein jour,27,27191,2,1,1,2.0,65 Rue de Louviers (La Croix-Saint-Leufroy),49.112843,1.235694,16:25:00,2024-06-25
202400026943,17:00,Plein jour,16,16241,1,1,1,6.0,D115,45.85148274,0.21858662,17:00:00,2024-11-10
202400026944,07:40,Plein jour,27,27439,1,1,2,2.0,N154,49.061902,1.175001,07:40:00,2024-06-22
202400026945,18:30,Nuit sans éclairage,27,27679,1,1,1,1.0,D55,48.791288,0.836871,18:30:00,2024-11-08
202400026946,08:15,Plein jour,59,59053,2,1,1,3.0,Rue Eugène Mascart,50.299011,3.802276,08:15:00,2024-06-26
202400026947,10:34,Plein jour,27,27017,1,1,1,2.0,D6154,48.981717,1.157835,10:34:00,2024-11-11
202400026948,14:45,Plein jour,59,59075,1,1,1,1.0,RD 45,50.140991,3.419967,14:45:00,2024-06-25
202400026949,06:30,Crépuscule,52,52221,1,1,1,6.0,D15,48.16123829,4.95637465,06:30:00,2024-11-14
202400026950,17:40,Plein jour,13,13202,1,1,1,3.0,TVPCD-Sens Les Ports vers Saint Victor,43.31,5.367,17:40:00,2024-06-24
202400026951,19:15,Plein jour,13,13071,1,1,2,3.0,A51-Sens Aix en Provence vers Marseille,43.418245,5.365972,19:15:00,2024-06-24
202400026952,02:15,Nuit sans éclairage,79,79256,1,1,1,7.0,Unknown,46.450937,-0.021847,02:15:00,2024-11-13
202400026953,06:22,Nuit sans éclairage,45,45331,1,1,1,1.0,Route de Tigy,47.741827,2.206578,06:22:00,2024-11-14
202400026954,15:15,Plein jour,13,13071,1,1,1,3.0,A7-Sens Lyon vers Marseille,43.4,5.34,15:15:00,2024-06-20
202400026955,17:30,Nuit sans éclairage,78,78451,2,4,1,3.0,D191,48.938182,1.841315,17:30:00,2024-11-13
202400026956,13:00,Plein jour,83,83069,1,1,1,7.0,RN98,43.11337644,6.12316784,13:00:00,2024-06-25
202400026957,18:05,Nuit sans éclairage,30,30156,1,1,1,7.0,D6086,43.857264,4.421874,18:05:00,2024-11-13
202400026958,08:40,Plein jour,83,83062,1,1,1,3.0,A57,43.145935,6.03109825,08:40:00,2024-06-25
202400026959,04:15,Nuit sans éclairage,34,34154,1,1,1,1.0,D 172 E1,43.592988,3.949049,04:15:00,2024-11-13
202400026960,08:00,Plein jour,67,67218,1,1,1,2.0,Nationale 353,48.4966,7.74981,08:00:00,2024-06-24
202400026961,16:30,Plein jour,83,83143,1,1,1,1.0,D562,43.450131,6.094923,16:30:00,2024-11-12
202400026962,07:40,Plein jour,33,33096,1,1,1,2.0,Unknown,44.88925,-0.50402,07:40:00,2024-06-25
202400026963,07:30,Nuit sans éclairage,56,56185,1,3,1,3.0,Moustoir Flamm,47.784283,-3.449192,07:30:00,2024-11-14
202400026964,21:20,Plein jour,59,59636,1,1,1,2.0,ROUTE METROPOLITAINE 652,50.67225,3.03998,21:20:00,2024-06-23
202400026965,17:45,Nuit sans éclairage,89,89289,1,1,1,6.0,D955,47.962363,3.381869,17:45:00,2024-11-13
202400026966,15:50,Plein jour,91,91689,1,1,1,4.0,AUTOROUTE A6B,48.74937922,2.32846856,15:50:00,2024-06-25
202400026967,17:15,Crépuscule,68,68217,1,1,1,4.0,D1066,47.854631,7.056516,17:15:00,2024-11-13
202400026968,16:20,Plein jour,68,68318,2,1,1,1.0,4 Rue de Westhalten,47.95708,7.246587,16:20:00,2024-11-13
202400026969,08:00,Plein jour,91,91645,1,1,1,3.0,RN 385 Extèrieure,48.75976855,2.2622524,08:00:00,2024-06-25
202400026970,07:50,Plein jour,94,94038,1,1,1,4.0,A6A,48.77318113,2.34587558,07:50:00,2024-06-25
202400026971,17:35,,38,38562,2,1,1,6.0,Route d?Uriage,45.07593,5.7743,17:35:00,2024-11-13
202400026972,21:42,Nuit sans éclairage,77,77251,1,1,1,2.0,AUTOROUTE A5A,48.6187,2.55258,21:42:00,2024-06-24
202400026973,15:28,Plein jour,50,50298,1,1,1,2.0,D29,49.26506,-1.275444,15:28:00,2024-11-14