Num_Acc,hrmn,lum,dep,com,agg,int,atm,col,adr,lat,long,heure,date
202400026974,17:30,Plein jour,92,92072,1,1,1,2.0,N118,48.82247896,2.2222285,17:30:00,2024-06-25
202400026975,16:11,Plein jour,78,78043,1,1,1,6.0,A12 Y,48.842348,2.097513,16:11:00,2024-06-25
202400026976,15:45,Plein jour,22,22076,1,2,8,1.0,27 Saint Jean,48.588002,-2.382399,15:45:00,2024-10-30
202400026977,17:05,Plein jour,78,78571,1,1,1,2.0,A13,48.86626,2.035715,17:05:00,2024-06-24
202400026978,02:10,Nuit sans éclairage,83,83047,1,1,1,6.0,A570,43.13270865,6.05807662,02:10:00,2024-11-10
202400026979,19:07,Plein jour,92,92048,1,1,1,6.0,N118,48.79123833,2.22009228,19:07:00,2024-06-24
202400026980,08:25,Plein jour,91,91692,1,1,1,3.0,RN 118,48.67116,2.19416,08:25:00,2024-11-13
202400026981,19:00,Plein jour,93,93027,1,1,1,3.0,A1,48.93720852,2.40978107,19:00:00,2024-06-25
202400026982,07:05,Nuit sans éclairage,92,92036,1,1,8,3.0,A86,48.93460624,2.26847112,07:05:00,2024-11-12
202400026983,20:25,Plein jour,93,93006,1,1,1,7.0,A3,48.8667928,2.42555663,20:25:00,2024-06-24
202400026984,17:00,Plein jour,95,95277,1,1,1,3.0,A3,48.96803561,2.47785819,17:00:00,2024-06-24
202400026985,20:15,Nuit sans éclairage,95,95678,1,1,1,5.0,N184,49.06427517,2.21383601,20:15:00,2024-11-12
202400026986,13:55,Plein jour,93,93008,1,1,1,2.0,A86,48.90833207,2.45074511,13:55:00,2024-06-24
202400026987,08:45,Plein jour,93,93008,1,1,1,3.0,AUTOROUTE A86,48.91076249,2.44276017,08:45:00,2024-11-12
202400026988,21:10,Plein jour,94,94028,1,1,1,3.0,A86,48.79449381,2.44220497,21:10:00,2024-06-25
202400026989,00:25,Nuit sans éclairage,77,77058,1,1,1,5.0,A4,48.82957827,2.74332614,00:25:00,2024-11-13
202400026990,19:00,Plein jour,94,94017,1,1,1,5.0,A4,48.82671118,2.52258828,19:00:00,2024-06-25
202400026991,08:15,Plein jour,972,97213,1,6,1,3.0,ROUTE DEPARTEMENTALE 14,14.622,-61.007,08:15:00,2024-04-12
202400026992,18:17,Plein jour,94,94042,1,1,1,4.0,A4,48.82800728,2.4730466,18:17:00,2024-06-25
202400026993,18:15,,972,97213,1,1,1,5.0,ROUTE DEPARTEMENTALE 13,14.63408,-61.01342,18:15:00,2024-04-09
202400026994,14:00,Plein jour,77,77363,1,1,1,4.0,A104,48.912424,2.635779,14:00:00,2024-06-25
202400026995,12:10,Plein jour,972,97213,1,1,1,3.0,ROUTE DEPARTEMENTALE 3,14.63303,-60.99105,12:10:00,2024-04-09
202400026996,15:30,Plein jour,74,74265,1,1,1,7.0,Route de la Diamanterie,45.802038,6.338119,15:30:00,2024-09-06
202400026997,10:15,Plein jour,77,77337,1,1,1,6.0,A4,48.830178,2.613696,10:15:00,2024-06-25
202400026998,14:29,Plein jour,82,82030,1,1,1,6.0,Route de Belleperche,44.00026648,1.10124135,14:29:00,2024-01-20
202400026999,18:35,Crépuscule,74,74105,2,6,1,3.0,Avenue du lac,46.3071346,6.29361176,18:35:00,2024-08-10
202400027000,08:30,Plein jour,44,44109,2,1,1,6.0,36 Boulevard Eugène Orieux,47.23492042,-1.55152842,08:30:00,2024-06-17
202400027001,16:00,Plein jour,74,74184,1,1,2,7.0,Route de frangy,46.052358,5.980591,16:00:00,2024-08-18
202400027002,20:50,Crépuscule,44,44109,2,1,1,3.0,191 Rue Paul Bellamy,47.23144824,-1.56436688,20:50:00,2024-06-17
202400027003,16:00,Plein jour,74,74056,2,1,1,6.0,Place du Mont Blanc,45.924972,6.871457,16:00:00,2024-09-01
202400027004,10:29,Plein jour,87,87065,2,3,1,3.0,LIMOUSIN ( AVE),45.811837,1.327151,10:29:00,2024-06-24
202400027005,07:08,Plein jour,74,74094,2,3,1,3.0,644 Route de la chandouze,46.218715,6.308094,07:08:00,2024-08-30
202400027006,19:20,,65,65002,2,1,4,6.0,N21,43.141869,-0.026661,19:20:00,2024-03-09
202400027007,05:45,,74,74288,2,2,1,3.0,Route de saint-julien-en-genevois,46.108455,5.969406,05:45:00,2024-08-27
202400027008,07:30,Plein jour,988,98818,2,3,1,3.0,ROUTE DU PORT DESPOINTES,-22.2839,166.45378,07:30:00,2024-06-25
202400027009,21:30,Nuit avec éclairage,74,74026,2,1,1,6.0,Route de paris,45.966137,6.03577,21:30:00,2024-08-31
202400027010,08:30,Plein jour,987,98736,2,1,1,3.0,PAUL BERNIERE (RUE),-17.53656,-149.55289,08:30:00,2024-06-24
202400027011,17:00,Plein jour,74,74299,2,1,1,1.0,44 Route d'annecy,45.891425,6.170564,17:00:00,2024-09-02
202400027012,20:00,Nuit sans éclairage,974,97411,2,3,1,6.0,JAURES (BLD 2 JEAN),-20.88991,55.46405,20:00:00,2024-06-24
202400027013,04:00,Nuit sans éclairage,74,74001,1,1,1,7.0,Route de Richebourg,46.289864,6.749575,04:00:00,2024-08-27
202400027014,17:55,Plein jour,74,74067,2,2,1,5.0,Route des creuses (Seynod),45.887617,6.07291,17:55:00,2024-08-21
202400027015,10:10,Plein jour,74,74112,2,2,1,3.0,AVENUE DU CENTRE,45.93543,6.082639,10:10:00,2024-08-31
202400027016,14:50,Plein jour,74,74021,1,1,1,6.0,1497 Route nationale,46.16007,6.281728,14:50:00,2024-08-26
202400027017,14:30,Plein jour,74,74005,1,1,1,7.0,Rue de la gare,46.32485928,6.43546768,14:30:00,2024-07-14
202400027018,22:45,Nuit sans éclairage,74,74262,1,1,1,2.0,autoroute A40,46.128527,6.324391,22:45:00,2024-06-28
202400027019,13:45,Plein jour,92,92036,2,6,8,1.0,PRINCIPALE DU PORT (ROUTE) (1/17),48.93964382,2.2867392,13:45:00,2024-11-12
202400027020,21:15,,93,93055,2,1,1,6.0,JEAN LOLIVE (AVENUE)(107/135 ET 108/132),48.89461,2.42084,21:15:00,2024-11-07
202400027021,17:00,Plein jour,62,62537,2,1,1,1.0,D54,50.303588,2.408747,17:00:00,2024-05-19
202400027022,04:30,Nuit sans éclairage,32,32222,1,1,1,6.0,D6,43.76137121,-0.10871839,04:30:00,2024-06-08
202400027023,17:30,Crépuscule,24,24090,1,1,2,6.0,Jaure,45.292988,0.4057,17:30:00,2024-08-29
202400027024,07:15,Plein jour,974,97411,2,3,1,3.0,JAURES (BOULEVARD JEAN),-20.89186,55.46732,07:15:00,2024-11-12
202400027025,07:22,Plein jour,974,97409,2,1,1,7.0,DE LA GARE(RUE),-20.96207,55.65677,07:22:00,2024-11-12
202400027026,17:30,Plein jour,973,97302,2,2,1,5.0,SCHOELCHER (RUE),4.94199,-52.33238,17:30:00,2024-11-12
202400027027,06:50,Plein jour,973,97302,2,1,1,2.0,MADELEINE (ROUTE DE LA),4.91685,-52.32142,06:50:00,2024-11-12
202400027028,17:00,Plein jour,69,69386,2,3,1,6.0,Cours Franklin Roosevelt,45.76891,4.84605,17:00:00,2024-11-12
202400027029,18:35,Crépuscule,972,97213,2,1,1,2.0,AUTOROUTE A1,14.61799,-61.03243,18:35:00,2024-11-12
202400027030,22:30,Nuit sans éclairage,972,97209,1,1,1,6.0,BALATA (ROUTE DE),14.67617,-61.08809,22:30:00,2024-11-11
202400027031,01:00,,972,97209,2,1,2,6.0,RD 41 (ROCADE),14.61988,-61.05427,01:00:00,2024-11-11
202400027032,10:37,Plein jour,971,97101,2,9,1,6.0,CLARA BOURGAREL - ASSAINISSEMENT (RUE),16.24424,-61.53092,10:37:00,2024-11-12
202400027033,07:00,Plein jour,971,97101,1,1,2,6.0,BEAUSOLEIL,16.27349,-61.46778,07:00:00,2024-11-11
202400027034,23:30,Nuit sans éclairage,971,97101,1,1,1,1.0,ROUTE DE BOISVINS,16.26274,-61.46399,23:30:00,2024-11-10
202400027035,14:50,Plein jour,2A,2A004,2,1,1,2.0,#BONAPARTE CHARLES  BD#,41.93359839,8.74477386,14:50:00,2024-11-12
202400027036,08:40,Plein jour,2A,2A004,1,1,1,3.0,T40,41.924069,8.811242,08:40:00,2024-11-12
202400027037,18:05,,2A,2A004,2,1,1,6.0,SERAFINI ANTOINE  AVENUE,41.91878387,8.73886496,18:05:00,2024-11-11
202400027038,23:00,,95,95582,2,1,1,3.0,D14,48.97563065,2.24764892,23:00:00,2024-11-12
202400027039,16:00,Plein jour,95,95555,2,3,1,2.0,PETIT LAC (AVENUE DU),48.97504588,2.2976464,16:00:00,2024-11-12
202400027040,12:00,Plein jour,95,95572,2,3,8,3.0,MARCEL DASSAULT (RUE),49.04378,2.13048,12:00:00,2024-11-12
202400027041,15:00,Plein jour,91,91174,2,3,1,3.0,RUE LAMARTINE,48.60296,2.47675,15:00:00,2024-11-12
202400027042,11:20,Plein jour,91,91174,2,3,1,3.0,BD HENRI DUNANT,48.601603,2.48025,11:20:00,2024-11-12
202400027043,09:04,Plein jour,85,85194,2,1,1,1.0,Rue du docteur charcot,46.5056,-1.77524,09:04:00,2024-11-08
202400027044,19:30,,85,85194,2,7,1,3.0,Place du général collineau,46.49706,-1.78237,19:30:00,2024-11-06
202400027045,06:15,Crépuscule,83,83141,1,9,9,3.0,ARCS(ROUTE DES),43.49185,6.48503,06:15:00,2024-11-04
202400027046,15:55,Plein jour,77,77403,2,1,1,6.0,RUE DES EPARMAILLES,48.561,3.323,15:55:00,2024-11-06
202400027047,14:48,Plein jour,76,76540,2,1,1,6.0,Promenade de la France Libre,49.43869,1.08837,14:48:00,2024-11-12
202400027048,18:00,,71,71076,2,2,1,3.0,PARIS (AVENUE DE),46.80642421,4.84430552,18:00:00,2024-11-11
202400027049,11:25,Plein jour,66,66136,2,1,1,6.0,Place de l'EUROPE,42.67973,2.90913,11:25:00,2024-03-06
202400027050,17:00,Crépuscule,71,71475,2,1,8,3.0,LYON (ROUTE DE ),46.76335928,4.84250844,17:00:00,2024-11-11
202400027051,18:00,Plein jour,65,65100,1,9,1,3.0,Route de Bordeaux,43.27162987,0.07075805,18:00:00,2024-03-06
202400027052,06:35,,70,70550,2,1,8,7.0,Avenue du Lac,47.62333,6.14324,06:35:00,2024-11-11
202400027053,14:00,Plein jour,61,61001,2,6,1,3.0,Voie Communale,48.43114,0.08985,14:00:00,2024-03-06
202400027054,14:00,Plein jour,69,69013,1,2,1,3.0,Route Départementale 686,46.01065,4.71984,14:00:00,2024-11-12
202400027055,16:25,Plein jour,59,59368,2,9,8,6.0,REPUBLIQUE AVENUE DE LA,50.65183,3.08199,16:25:00,2024-03-05
202400027056,21:00,,67,67482,2,1,1,3.0,HAGUENAU (PLACE DE),48.593171,7.74347,21:00:00,2024-11-12
202400027057,09:15,Plein jour,64,64545,1,1,1,2.0,CORNICHE (ROUTE DE LA),43.37864,-1.7337,09:15:00,2024-11-12
202400027058,19:35,,59,59350,2,2,3,3.0,Rue Winston Churchill,50.63264,3.01752,19:35:00,2024-03-02
202400027059,19:55,Nuit sans éclairage,64,64445,2,9,2,3.0,CHATIEU,43.317,-0.37718,19:55:00,2024-11-12
202400027060,17:00,Plein jour,57,57672,2,1,1,6.0,ESCH SUR ALZETTE (ROUTE D') - IMPAIR,49.35737,6.13743,17:00:00,2024-03-04
202400027061,11:40,Plein jour,64,64132,2,1,8,7.0,ALBERT 1ER,43.28577,-0.34854,11:40:00,2024-11-11
202400027062,16:38,Plein jour,56,56260,2,1,1,6.0,Boulevard de la Résistance,47.64916,-2.78231,16:38:00,2024-03-03
202400027063,12:35,Plein jour,63,63308,2,6,2,3.0,ALLARD (PLACE),45.76747,3.05617,12:35:00,2024-11-12
202400027064,08:30,Plein jour,62,62528,2,3,1,3.0,D165,50.45131722,2.76248038,08:30:00,2024-11-06
202400027065,17:40,Plein jour,49,49246,2,1,1,2.0,A87N,47.42640418,-0.50396766,17:40:00,2024-03-05
202400027066,18:52,Nuit sans éclairage,60,60057,2,1,1,4.0,Avenue Jean Rostand,49.41400915,2.08573937,18:52:00,2024-11-12
202400027067,11:35,Plein jour,45,45068,2,3,8,3.0,D740 PR 3 + 448,48.0313,2.74341,11:35:00,2024-03-06
202400027068,16:05,Plein jour,59,59599,2,1,1,6.0,Rue de la Croix Rouge,50.73087,3.17877,16:05:00,2024-11-12
202400027069,14:45,Plein jour,59,59508,2,9,1,6.0,HALLUIN (BOULEVARD D'),50.73636,3.13274,14:45:00,2024-11-12
202400027070,07:50,Plein jour,44,44109,2,1,1,3.0,94 Rue de Coulmiers,47.22612,-1.54098,07:50:00,2024-03-06
202400027071,07:30,Crépuscule,59,59368,2,2,1,3.0,Rue du Pré Catelan,50.65133,3.06113,07:30:00,2024-11-12
202400027072,19:00,Crépuscule,38,38185,2,1,1,6.0,RUE RAOUL BLANCHARD,45.19018,5.72978,19:00:00,2024-03-06
202400027073,06:35,,57,57463,2,1,5,1.0,GAMBETTA (PONT ),49.12745,6.18703,06:35:00,2024-11-11
202400027074,21:30,,54,54304,1,1,2,1.0,Avenue des Quatre Vents,48.6935,6.1298,21:30:00,2024-11-11
202400027075,21:45,,37,37261,2,2,1,3.0,WAGNER (BOULEVARD RICHARD),47.3762819,0.71160328,21:45:00,2024-03-06
202400027076,17:15,Plein jour,54,54099,1,4,1,3.0,D643,49.26958039,5.89721739,17:15:00,2024-10-31
202400027077,08:05,Plein jour,37,37261,2,6,1,3.0,DELAROCHE (RUE),47.42227,0.67958,08:05:00,2024-03-06
202400027078,12:53,Plein jour,51,51454,2,1,1,6.0,BUIRETTE (RUE),49.254591,4.025728,12:53:00,2024-11-11
202400027079,02:10,,36,36063,2,1,1,6.0,Unknown,46.84192,1.70687,02:10:00,2024-03-06
202400027080,12:20,Plein jour,51,51454,2,1,2,7.0,GOSSET (RUE) DU N° 2 AU N° 46 (PAIR),49.26566,4.03911,12:20:00,2024-11-11
202400027081,15:50,Plein jour,45,45302,1,1,1,5.0,RD 557 PR1+110,47.953137,1.854758,15:50:00,2024-11-11
202400027082,10:00,Plein jour,34,34172,2,1,1,4.0,SOULAS (AVENUE DU PERE,43.62931,3.84449,10:00:00,2024-03-06
202400027083,16:50,Plein jour,44,44184,2,1,2,1.0,19 Rue Suzanne Lacore,47.25976,-2.26205,16:50:00,2024-11-12
202400027084,14:10,Plein jour,43,43157,2,3,8,2.0,MONTREDON (ROUTE DE),45.04948,3.89493,14:10:00,2024-11-12
202400027085,19:30,,33,33069,2,2,1,3.0,Unknown,44.86236,-0.59303,19:30:00,2024-03-06
202400027086,17:50,,33,33063,2,1,1,3.0,Unknown,44.87209,-0.56128,17:50:00,2024-03-06
202400027087,15:00,Plein jour,33,33063,2,1,1,3.0,Unknown,44.8333,-0.56137,15:00:00,2024-03-06
202400027088,21:30,,30,30007,2,9,1,1.0,CYPRES (MONTEE DES),44.09972,4.08118,21:30:00,2024-03-06
202400027089,17:20,Plein jour,29,29039,1,1,1,2.0,Quai du Moros,47.87907018,-3.90409994,17:20:00,2024-03-05
202400027090,14:00,Plein jour,29,29039,2,1,1,2.0,Rue de Trégunc,47.86146813,-3.88578961,14:00:00,2024-03-05
202400027091,14:35,Plein jour,27,27681,2,1,1,6.0,HOTEL DU PRES (RUE DE L'),49.102841,1.470295,14:35:00,2024-03-06
202400027092,07:40,Plein jour,21,21054,2,1,1,6.0,CHASSEURS (RUE DU 16 EME),47.02932,4.85156,07:40:00,2024-03-06
202400027093,16:15,Plein jour,13,13207,2,3,1,3.0,SAUVEUR TOBELEM (RUE),43.28803,5.36348,16:15:00,2024-03-05
202400027094,10:10,Plein jour,13,13047,2,1,1,6.0,FELIX GOUIN AVENUE,43.49781,4.98642,10:10:00,2024-03-06
202400027095,18:30,Plein jour,91,91228,2,1,1,6.0,2 BD DE L EUROPE CCR EVRY 2,48.630582,2.427959,18:30:00,2024-07-29
202400027096,13:57,Plein jour,11,11069,1,1,1,2.0,ROCADE SUD RD 6161,43.20312,2.33472,13:57:00,2024-03-05
202400027097,16:40,Plein jour,76,76575,2,2,1,2.0,Rue Hubert Latham,49.39614,1.0774,16:40:00,2024-07-17
202400027098,18:54,,10,10387,2,1,1,7.0,Avenue Pierre Brossolette,48.29174,4.07468,18:54:00,2024-03-05
202400027099,02:00,,06,06069,2,1,1,6.0,Chemin des Chenes,43.64111,6.91467,02:00:00,2024-03-06
202400027100,12:30,Plein jour,75,75114,2,1,1,7.0,BD PERIPHERIQUE EXTERIEUR,48.81644,2.343045,12:30:00,2024-03-06
202400027101,21:05,,32,32013,2,1,1,1.0,PYRENEES (AVENUE DES),43.63615,0.58358,21:05:00,2024-10-11
202400027102,03:30,,75,75119,2,1,2,5.0,BD PERIPHERIQUE INTERIEUR,48.887361,2.396807,03:30:00,2024-03-06
202400027103,18:30,,75,75117,2,1,8,3.0,BD PERIPHERIQUE INTERIEUR,48.883981,2.285279,18:30:00,2024-03-05
202400027104,15:02,Plein jour,32,32013,2,1,1,4.0,JEAN JAURES (AVENUE),43.66434295,0.59668422,15:02:00,2024-08-07
202400027105,19:30,,75,75116,2,1,1,4.0,BD PERIPHERIQUE EXTERIEUR,48.849723,2.252205,19:30:00,2024-03-04
202400027106,14:26,Plein jour,32,32013,1,1,1,7.0,HAGET (CHEMIN DU),43.65308297,0.60182333,14:26:00,2024-08-06
202400027107,08:32,Plein jour,32,32013,2,1,1,3.0,ABEL GARDEY,43.63485,0.59584,08:32:00,2024-09-19
202400027108,10:40,Plein jour,75,75115,2,3,1,6.0,RUE DE LA CONVENTION,48.843824,2.281943,10:40:00,2024-03-06
202400027109,14:20,Plein jour,32,32013,1,4,1,3.0,CLAUDE CHAPPE,43.69639,0.60952,14:20:00,2024-09-16
202400027110,00:32,Nuit sans éclairage,75,75115,2,2,2,6.0,BOULEVARD DU MONTPARNASSE,48.845511,2.319139,00:32:00,2024-03-06
202400027111,08:00,Plein jour,75,75115,2,3,1,6.0,RUE DE LA CONVENTION,48.84069,2.288855,08:00:00,2024-03-05
202400027112,08:45,Plein jour,32,32013,2,1,2,1.0,DARWIN,43.63172,0.58839,08:45:00,2024-09-03
202400027113,09:00,Plein jour,75,75114,2,3,8,6.0,AVENUE DU MAINE,48.835506,2.323693,09:00:00,2024-03-05
202400027114,08:40,Plein jour,75,75113,2,3,8,3.0,RUE PINEL,48.834569,2.357832,08:40:00,2024-03-06
202400027115,09:55,Plein jour,32,32013,1,1,1,3.0,HAGET (CHEMIN DU),43.65654,0.61034,09:55:00,2024-08-20
202400027116,08:35,Plein jour,75,75113,2,1,1,3.0,BOULEVARD PERIPHERIQUE INTERIEUR SUD,48.817416,2.354674,08:35:00,2024-03-06
202400027117,09:15,Plein jour,75,75112,2,2,1,3.0,AVENUE LEDRU ROLLIN,48.848659,2.372514,09:15:00,2024-03-06
202400027118,04:30,,32,32013,2,2,1,3.0,SADI-CARNOT (BOULEVARD),43.64369459,0.58700323,04:30:00,2024-08-16
202400027119,19:25,,75,75111,2,3,1,6.0,BOULEVARD DE MENILMONTANT,48.860214,2.38857,19:25:00,2024-03-06
202400027120,19:10,Plein jour,32,32013,1,3,1,6.0,ARÇON (ROUTE),43.66665057,0.61576366,19:10:00,2024-08-15
202400027121,12:40,Plein jour,75,75109,2,3,1,6.0,BOULEVARD POISSONNIERE,48.870883,2.346753,12:40:00,2024-03-06
202400027122,21:29,,32,32013,2,1,1,3.0,PYRENEES (AVENUE DES),43.6393,0.58459,21:29:00,2024-08-11
202400027123,01:00,Nuit sans éclairage,75,75108,2,2,2,3.0,RUE DE L ARCADE,48.873316,2.324294,01:00:00,2024-03-06
202400027124,17:24,Plein jour,32,32013,2,7,1,3.0,DARWIN,43.62858,0.58694,17:24:00,2024-05-02
202400027125,11:45,Plein jour,75,75101,2,1,1,3.0,RUE DE RICHELIEU,48.864662,2.336348,11:45:00,2024-03-06
202400027126,10:10,Plein jour,94,94081,2,2,2,3.0,Avenue Rouget de Lisle / Avenue de la Commune de Paris,48.78272,2.39395,10:10:00,2024-03-05
202400027127,16:43,Plein jour,27,27681,2,3,2,3.0,CHAMBRAY (ROUTE DE),49.09349,1.47184,16:43:00,2024-08-30
202400027128,19:15,Nuit sans éclairage,94,94028,2,1,2,6.0,Avenue des Compagnons de la Libération,48.77756,2.45699,19:15:00,2024-03-05
202400027129,13:20,Plein jour,27,27562,2,1,1,3.0,ROUEN (ROUTE DE ),49.10337,1.46447,13:20:00,2024-08-12
202400027130,09:15,Plein jour,94,94071,2,2,8,3.0,Avenue Winston Churchill / Rue de la Garenne,48.76497,2.52505,09:15:00,2024-03-05
202400027131,06:30,Plein jour,75,75110,2,4,1,6.0,RUE YVES TOUDIC,48.870194,2.363658,06:30:00,2024-06-12
202400027132,12:36,Plein jour,987,98735,2,6,1,3.0,DUMONT D'URVILLE (RUE),-17.5413,-149.56525,12:36:00,2024-12-17
202400027133,17:05,Plein jour,93,93066,2,1,1,3.0,Rue du Languedoc,48.925868,2.372512,17:05:00,2024-03-06
202400027134,08:00,Plein jour,974,97416,1,1,1,3.0,ENTRE DEUX (CHEMIN) CD26,-21.29531,55.44515,08:00:00,2024-12-18
202400027135,07:45,Plein jour,974,97416,1,1,1,6.0,RN2 (2),-21.338,55.49086,07:45:00,2024-12-18
202400027136,17:15,Plein jour,93,93048,2,3,1,3.0,Boulevard de Chanzy / Rue des Sorins,48.858649,2.427861,17:15:00,2024-03-06
202400027137,20:05,,974,97416,2,1,1,7.0,BOIS NOIRS(ALLEE DES),-21.28975,55.45483,20:05:00,2024-12-17
202400027138,09:15,Plein jour,974,97416,2,9,1,6.0,CACHALOT (CHEMIN),-21.30039,55.42724,09:15:00,2024-12-17
202400027139,20:00,,93,93032,2,3,2,3.0,Rue de Maison Rouge / Allée de Maison Rouge,48.894744,2.54227,20:00:00,2024-03-05
202400027140,13:20,Plein jour,973,97302,2,3,1,3.0,MONTABO (ROUTE DE) 1,4.93651,-52.31434,13:20:00,2024-12-17
202400027141,22:45,,93,93010,2,1,2,6.0,Allee Surcouf,48.893201,2.47478,22:45:00,2024-03-05
202400027142,07:20,Plein jour,973,97302,2,1,1,3.0,CABASSOU (ROUTE DE),4.9185,-52.31547,07:20:00,2024-12-17
202400027143,08:55,Plein jour,69,69387,2,1,1,6.0,Quai Claude Bernard,45.7513145,4.83653359,08:55:00,2024-12-18
202400027144,00:10,,93,93005,2,3,2,3.0,Rue Jean Charcot / Avenue de l'Aulnaysienne,48.9353,2.493165,00:10:00,2024-03-06
202400027145,08:50,Plein jour,69,69388,2,2,8,6.0,Avenue Berthelot,45.73956,4.85945,08:50:00,2024-12-18
202400027146,08:55,Plein jour,93,93001,2,1,1,3.0,Rue du Landy,48.91522,2.37551,08:55:00,2024-03-04
202400027147,06:19,,69,69387,2,2,1,3.0,29 Avenue Debourg,45.73152,4.82992,06:19:00,2024-12-17
202400027148,18:10,Plein jour,92,92050,2,1,1,6.0,PROVINCES FRANCAISES BD DES,48.90113141,2.2163204,18:10:00,2024-03-06
202400027149,12:00,Plein jour,972,97213,2,3,2,3.0,ROUTE DEPARTEMENTALE 3,14.61848,-60.99497,12:00:00,2024-12-18
202400027150,08:00,Plein jour,92,92050,2,1,2,3.0,JOLIOT CURIE F. ET IRENE AVENUE  N°PAIRS,48.89126,2.20773,08:00:00,2024-03-05
202400027151,06:02,Crépuscule,972,97213,1,1,2,6.0,ROUTE DEPARTEMENTALE 15,14.61912,-61.0051,06:02:00,2024-12-18
202400027152,22:30,,92,92040,2,1,1,3.0,MAURICE MALLET,48.82972713,2.26711535,22:30:00,2024-03-06
202400027153,19:00,,972,97213,2,1,1,2.0,AUTOROUTE A1,14.61832,-61.0264,19:00:00,2024-12-17
202400027154,17:05,Plein jour,972,97213,2,9,1,7.0,Z I CALIFORNIE,14.61408,-61.03215,17:05:00,2024-12-16
202400027155,20:15,,92,92026,2,3,2,3.0,ABREUVOIR,48.89102159,2.25514188,20:15:00,2024-03-05
202400027156,10:00,Plein jour,972,97209,2,1,1,6.0,RD 41,14.61704,-61.05995,10:00:00,2024-12-17
202400027157,13:53,Plein jour,2B,2B037,2,1,1,3.0,TOUTES RUES,42.6166,9.4166,13:53:00,2024-12-17
202400027158,16:40,Plein jour,92,92004,2,1,1,2.0,ARGENTEUIL AV D',48.91350304,2.28380156,16:40:00,2024-03-05
202400027159,15:10,Plein jour,92,92004,2,2,2,6.0,PIERRE BROSSOLETTE,48.9106841,2.2908774,15:10:00,2024-03-05
202400027160,12:27,Plein jour,2B,2B033,2,1,1,4.0,11 - RT,42.702,9.45146,12:27:00,2024-12-17
202400027161,16:30,Plein jour,2B,2B120,2,1,1,1.0,IMPERIALE (Route) D464 ,42.662,9.434,16:30:00,2024-12-16
202400027162,20:15,,92,92014,2,1,8,3.0,LEON BLOY (RUE),48.78757451,2.32005098,20:15:00,2024-03-06
202400027163,19:08,Nuit sans éclairage,971,97101,1,9,3,6.0,PENNEL - DUGAZON (CHEMIN),16.2499,-61.5154,19:08:00,2024-12-17
202400027164,08:35,Plein jour,971,97101,2,1,1,3.0,ACHILLE RENE BOISNEUF (RUE),16.26813,-61.50725,08:35:00,2024-12-17
202400027165,15:55,Plein jour,26,26301,2,3,1,6.0,Rue de la Cave,45.11925541,4.96901751,15:55:00,2024-03-06
202400027166,16:48,Plein jour,971,97113,2,1,2,1.0,SECTION MOREAU,16.24579,-61.4573,16:48:00,2024-12-16
202400027167,08:19,Plein jour,2A,2A004,1,1,1,6.0,21 Résidence les Coteaux de Timizzolo,41.92985,8.78112,08:19:00,2024-12-18
202400027168,07:04,Plein jour,974,97405,2,9,1,3.0,Chemin Laguerre,-21.357816,55.559953,07:04:00,2024-03-07
202400027169,14:25,Plein jour,95,95491,2,3,1,2.0,EDMOND ROSTAND (RUE),48.99456031,2.24286273,14:25:00,2024-12-17
202400027170,08:20,Crépuscule,95,95127,2,1,8,6.0,D915,49.04294628,2.07204009,08:20:00,2024-12-17
202400027171,15:55,Plein jour,972,97206,2,1,1,7.0,Allée des Turquoises,14.485337,-61.032808,15:55:00,2024-03-06
202400027172,19:35,Nuit sans éclairage,57,57167,1,1,1,7.0,D118h,49.30264,6.406672,19:35:00,2024-03-06
202400027173,10:18,Plein jour,95,95018,2,1,1,6.0,D311,48.95746,2.28761,10:18:00,2024-12-17
202400027174,17:20,,91,91477,2,1,8,2.0,STALINGRAD (AVENUE DE),48.71509,2.25645,17:20:00,2024-12-18
202400027175,14:10,Plein jour,51,51576,2,6,7,3.0,D34,49.074504,4.140502,14:10:00,2024-03-07
202400027176,13:48,Plein jour,91,91114,2,2,8,3.0,RUE FRANCOISE,48.70615,2.50994,13:48:00,2024-12-17
202400027177,09:50,Plein jour,91,91421,2,6,8,6.0,LUCIE (AVENUE),48.6981,2.46498,09:50:00,2024-12-17
202400027178,20:55,Nuit avec éclairage,79,79202,2,2,1,1.0,Unknown,46.64508,-0.247442,20:55:00,2024-03-07
202400027179,18:15,,91,91421,2,2,1,3.0,AV HENRI BARBUSSE,48.70548,2.43878,18:15:00,2024-12-16
202400027180,21:25,,31,31150,2,3,1,6.0,21 Route de Toulouse,43.65153042,1.33122727,21:25:00,2024-03-06
202400027181,20:00,,91,91521,2,9,2,6.0,RUE PIERRE BROSSOLETTE IMP 143 A xx,48.64981,2.40998,20:00:00,2024-12-16
202400027182,09:45,Plein jour,32,32105,1,1,1,1.0,D253,43.620435,1.018789,09:45:00,2024-03-06
202400027183,07:15,,87,87085,2,6,2,7.0,DUVERGER (RUE),45.84221,1.25239,07:15:00,2024-12-17
202400027184,07:30,Crépuscule,12,12208,2,1,1,6.0,5 Boulevard Charles de Gaulle,43.958453,2.885314,07:30:00,2024-03-07
202400027185,19:26,,87,87085,2,3,1,3.0,BORIE (BOULEVARD DE LA),45.84413,1.24052,19:26:00,2024-12-15
202400027186,15:30,Plein jour,47,47098,1,3,1,3.0,route du saumont,44.100384,0.440236,15:30:00,2024-03-06
202400027187,10:15,Plein jour,85,85191,2,1,1,3.0,Boulevard lavoisier,46.6617,-1.4425,10:15:00,2024-12-18