Num_Acc,hrmn,lum,dep,com,agg,int,atm,col,adr,lat,long,heure,date
202400027188,19:19,Nuit sans éclairage,84,84007,2,1,1,6.0,CANOTIERS (CHEMIN DES),43.95603,4.81085,19:19:00,2024-12-17
202400027189,07:40,Crépuscule,47,47127,1,3,1,3.0,Route de Lacépède,44.34449337,0.43525855,07:40:00,2024-03-07
202400027190,15:55,Plein jour,02,02621,1,1,1,6.0,Unknown,49.504276,3.630558,15:55:00,2024-03-07
202400027191,15:00,Plein jour,84,84007,2,1,1,4.0,CAVAILLON (ROUTE DE) MFT,43.88901,4.9226,15:00:00,2024-12-17
202400027192,12:00,Plein jour,58,58099,1,1,1,7.0,D978,47.067856,3.849093,12:00:00,2024-03-02
202400027193,15:30,Plein jour,83,83137,2,3,1,3.0,WEYGAND (AVE GENERAL),43.1203,5.94892,15:30:00,2024-12-18
202400027194,15:50,Plein jour,14,14061,1,2,3,3.0,Route de Villedieu,48.988968,-0.915488,15:50:00,2024-03-05
202400027195,09:20,Plein jour,83,83062,2,1,1,6.0,MAURON (RUE MARIE),43.1292,6.01689,09:20:00,2024-12-16
202400027196,17:15,Plein jour,50,50142,1,1,7,7.0,L?Essert,49.69355,-1.371557,17:15:00,2024-03-06
202400027197,23:20,Nuit sans éclairage,64,64006,1,1,1,6.0,RN 134,42.95409552,-0.61384864,23:20:00,2024-03-06
202400027198,20:50,Nuit sans éclairage,16,16024,1,1,1,6.0,D15,45.821428,0.235369,20:50:00,2024-03-07
202400027199,18:00,,83,83069,2,1,1,1.0,ROUTE DEPARTEMENTALE 98,43.12626929,6.08586037,18:00:00,2024-12-16
202400027200,10:40,Plein jour,07,07167,1,1,1,7.0,D120,44.81902,4.617063,10:40:00,2024-03-07
202400027201,17:10,Crépuscule,81,81004,2,1,1,6.0,LANNES (BD DU MARECHAL),43.94401,2.15886,17:10:00,2024-12-17
202400027202,14:40,Plein jour,85,85078,2,1,1,6.0,RD 104,46.3077148,-0.719373,14:40:00,2024-03-07
202400027203,18:10,,80,80021,2,1,1,3.0,Avenue Georges Quarante,49.91663,2.25768,18:10:00,2024-12-16
202400027204,11:50,Plein jour,27,27246,2,4,1,1.0,Rue Pouyer Quertier,49.360255,1.357272,11:50:00,2024-03-07
202400027205,07:45,Crépuscule,80,80021,2,1,1,3.0,Avenue Roger Dumoulin,49.94022,2.28106,07:45:00,2024-12-17
202400027206,15:20,Plein jour,37,37222,1,1,1,2.0,Route de Chatillon,47.0803884,1.04368454,15:20:00,2024-03-06
202400027207,14:20,Plein jour,78,78092,2,1,1,3.0,RENNEQUIN SUALEM (QUAI),48.87081,2.12495,14:20:00,2024-12-18
202400027208,09:40,Plein jour,78,78356,2,2,7,3.0,33 Route de Versailles,48.724202,2.091596,09:40:00,2024-03-07
202400027209,17:20,,78,78440,2,9,1,3.0,LEON FOURCIL (RUE),48.97362,1.91237,17:20:00,2024-12-12
202400027210,08:10,Plein jour,62,62355,1,1,8,2.0,A1,50.334696,2.922664,08:10:00,2024-03-06
202400027211,17:40,,78,78208,2,6,1,2.0,MESNIL (ROUTE DU) 283,48.77619,1.95879,17:40:00,2024-12-18
202400027212,18:10,Nuit sans éclairage,78,78015,2,1,1,3.0,SCHOELCHER (AVENUE VICTOR),48.976329,2.04372,18:10:00,2024-11-27
202400027213,10:45,Plein jour,971,97117,1,3,1,3.0,Route de Chateau Gaillard,16.311758,-61.386039,10:45:00,2024-02-26
202400027214,17:10,Plein jour,78,78623,1,6,1,3.0,D34,48.784823,1.872877,17:10:00,2024-03-07
202400027215,07:45,Plein jour,66,66065,2,1,1,3.0,Unknown,42.61179,2.976254,07:45:00,2024-03-07
202400027216,18:05,,77,77390,2,1,1,6.0,D361,48.79924,2.63838,18:05:00,2024-12-17
202400027217,10:22,Plein jour,13,13100,2,1,1,1.0,Avenue Charles Mauron,43.790765,4.833464,10:22:00,2024-03-07
202400027218,17:25,,77,77083,2,1,1,7.0,NESLE (BOULEVARD DE),48.84896,2.58151,17:25:00,2024-12-16
202400027219,17:05,Plein jour,64,64481,1,2,1,1.0,D936,43.252623,-0.691565,17:05:00,2024-03-07
202400027220,10:07,Plein jour,77,77268,1,1,8,2.0,D344,48.85557,2.8018,10:07:00,2024-12-18
202400027221,18:30,Plein jour,64,64376,1,1,1,7.0,D938,43.268909,-0.301952,18:30:00,2024-03-07
202400027222,07:00,,77,77058,2,6,2,3.0,GENERAL DE GAULLE  (AVENUE DU),48.84053,2.73245,07:00:00,2024-12-17
202400027223,12:20,Plein jour,33,33227,2,1,8,6.0,Unknown,44.553269,-0.247477,12:20:00,2024-02-15
202400027224,15:50,Plein jour,80,80421,1,1,1,2.0,A1,49.764741,2.795281,15:50:00,2024-03-07
202400027225,23:40,Nuit sans éclairage,77,77186,1,1,8,7.0,D301,48.40589,2.63898,23:40:00,2024-12-13
202400027226,17:55,Crépuscule,62,62589,1,1,1,7.0,D49,50.347042,2.701839,17:55:00,2024-03-07
202400027227,18:00,,76,76341,2,1,1,6.0,PAUL DOUMER,49.5131,0.19835,18:00:00,2024-12-16
202400027228,18:30,Crépuscule,59,59268,1,1,1,1.0,3155 Rue du Grand Chemin,50.614502,2.747793,18:30:00,2024-03-06
202400027229,07:50,,73,73029,2,3,1,3.0,D201 Route d'Apremont,45.56442,5.94371,07:50:00,2024-12-18
202400027230,16:10,Plein jour,83,83144,1,1,1,3.0,A57,43.13525855,5.99079429,16:10:00,2024-03-06
202400027231,14:50,Plein jour,73,73011,2,1,7,6.0,CHAUTEMPS (RUE FELIX),45.67600142,6.3860687,14:50:00,2024-12-16
202400027232,10:00,Plein jour,33,33080,1,1,2,4.0,Unknown,44.74278,-0.53705,10:00:00,2024-03-05
202400027233,11:03,Plein jour,78,78321,1,1,1,2.0,RN12 INT,48.798899,1.921436,11:03:00,2024-03-06
202400027234,22:00,,72,72181,2,1,1,6.0,MESSIAEN OLIVIER (AV) IMPAIRS,48.01479,0.16016,22:00:00,2024-12-17
202400027235,07:40,Crépuscule,78,78158,1,1,1,4.0,A13,48.83216,2.14076,07:40:00,2024-03-06
202400027236,19:40,Nuit avec éclairage,71,71486,1,1,1,1.0,RD 974,46.62961,4.33289,19:40:00,2024-12-17
202400027237,17:45,Plein jour,78,78423,1,1,1,3.0,RN12,48.79647,2.03542,17:45:00,2024-03-05
202400027238,22:20,Nuit sans éclairage,78,78238,1,1,2,6.0,A13,48.970671,1.879082,22:20:00,2024-03-05
202400027239,19:50,,69,69275,2,2,1,2.0,185 Avenue Jean Jaurès,45.77038,4.95554,19:50:00,2024-12-17
202400027240,11:53,Plein jour,69,69290,2,1,1,1.0,Route de Mions,45.68515097,4.94711356,11:53:00,2024-12-18
202400027241,21:30,Nuit sans éclairage,92,92050,1,1,2,4.0,A86,48.91626318,2.22127891,21:30:00,2024-03-05
202400027242,16:50,Plein jour,92,92050,1,1,1,7.0,A14,48.89404962,2.23154008,16:50:00,2024-03-05
202400027243,08:25,Plein jour,69,69290,2,3,5,3.0,Rue Jean Zay,45.7121,4.9029,08:25:00,2024-12-17
202400027244,09:04,Plein jour,78,78043,1,1,1,2.0,A12 Y,48.826235,2.076102,09:04:00,2024-03-05
202400027245,22:30,,67,67482,2,3,1,7.0,KONRAD ADENAUER (PONT),48.571659,7.750244,22:30:00,2024-12-16
202400027246,08:13,Plein jour,92,92036,1,1,1,3.0,A86,48.9348887,2.26784952,08:13:00,2024-03-05
202400027247,22:35,Nuit sans éclairage,93,93006,1,9,2,7.0,A3,48.86592939,2.41645289,22:35:00,2024-03-05
202400027248,21:20,Nuit avec éclairage,66,66136,2,3,1,3.0,Rue Lazare Escarguel,42.69734531,2.88784325,21:20:00,2024-12-18
202400027249,13:00,Plein jour,66,66136,2,1,1,6.0,Rue Frédéric Valette,42.69778,2.88024,13:00:00,2024-12-18
202400027250,18:50,Crépuscule,94,94073,1,1,1,3.0,A86,48.7705058,2.38419907,18:50:00,2024-03-06
202400027251,19:05,,66,66136,1,9,1,2.0,Unknown,42.7082902,2.8790617,19:05:00,2024-12-16
202400027252,14:23,Plein jour,66,66136,2,1,1,6.0,Quai Alfred Nobel,42.69638,2.88631,14:23:00,2024-12-16
202400027253,12:15,Plein jour,66,66136,1,1,1,6.0,Unknown,42.69749513,2.8612411,12:15:00,2024-12-16
202400027254,15:25,Plein jour,93,93051,1,1,1,4.0,A4,48.83583303,2.56002195,15:25:00,2024-03-06
202400027255,11:50,Plein jour,93,93050,2,1,2,6.0,Rue du 11 Novembre,48.85946,2.526493,11:50:00,2024-01-23
202400027256,14:00,Plein jour,64,64373,2,1,7,3.0,GENERAL DE GAULLE DU,43.27398,-0.34647,14:00:00,2024-12-18
202400027257,13:00,Plein jour,44,44109,2,1,8,3.0,50 Route de Saint Sébastien,47.19979117,-1.53127256,13:00:00,2024-02-04
202400027258,11:55,Plein jour,64,64348,1,1,1,6.0,FRERES FARMAN DES,43.32833,-0.39336,11:55:00,2024-12-18
202400027259,17:30,Crépuscule,74,74237,2,1,1,6.0,30 rue nationale,46.393669,6.802661,17:30:00,2024-01-03
202400027260,10:15,Plein jour,64,64445,2,1,7,6.0,BUROS DE,43.32051536,-0.34591377,10:15:00,2024-12-18
202400027261,18:25,,74,74108,2,3,2,6.0,Rte des Champs Fleuris,45.828985,6.18832,18:25:00,2024-01-02
202400027262,11:35,Plein jour,64,64445,2,1,1,6.0,SARAGOSSE DE,43.30783,-0.35967,11:35:00,2024-12-17
202400027263,15:20,Plein jour,64,64445,2,1,1,6.0,ALFRED DE MUSSET,43.2958,-0.36172,15:20:00,2024-12-16
202400027264,12:40,Plein jour,74,74038,1,3,1,3.0,Route de plaine joux,46.19148463,6.4501899,12:40:00,2024-01-01
202400027265,14:30,Plein jour,64,64122,2,9,1,6.0,ESTAGNAS (RUE DE L'),43.48555,-1.54083,14:30:00,2024-12-17
202400027266,21:40,,44,44109,2,1,1,6.0,41 Boulevard Ernest Dalby,47.22481193,-1.52956785,21:40:00,2024-02-03
202400027267,18:20,,64,64102,2,1,1,6.0,PONT GRENET,43.49884,-1.48166,18:20:00,2024-12-16
202400027268,14:40,Plein jour,44,44109,2,2,8,3.0,4 Place Alfred Lallié,47.22742541,-1.54523807,14:40:00,2024-02-02
202400027269,17:50,Plein jour,62,62498,2,1,1,6.0,Rue Alain,50.44344279,2.83202237,17:50:00,2024-12-16
202400027270,17:50,Plein jour,973,97302,2,6,1,3.0,BADUEL (ROND POINT DE),4.9331262,-52.30922341,17:50:00,2024-03-05
202400027271,11:00,Plein jour,62,62119,2,6,1,6.0,Place Lamartine,50.53507,2.63845,11:00:00,2024-12-17
202400027272,00:40,Nuit sans éclairage,61,61497,1,1,2,6.0,D501,48.456333,0.104167,00:40:00,2024-12-17
202400027273,16:27,Plein jour,973,97302,2,3,1,3.0,LIBERTE (AVENUE DE LA),4.9369324,-52.32595235,16:27:00,2024-03-05
202400027274,17:15,,59,59009,2,9,1,6.0,CHAMPOLLION AVENUE,50.63739,3.13545,17:15:00,2024-12-17
202400027275,10:45,Plein jour,973,97302,2,3,1,6.0,MONTABO (ROUTE DE) 1,4.94351057,-52.30699718,10:45:00,2024-03-05
202400027276,07:40,Plein jour,973,97302,2,9,2,7.0,PETIT MONACO (ROND-POINT),4.94128727,-52.32132018,07:40:00,2024-03-05
202400027277,17:45,,59,59560,2,1,2,6.0,BOUVRY ROGER RUE,50.544095,3.023447,17:45:00,2024-12-16
202400027278,08:15,Plein jour,69,69388,2,1,1,6.0,Rue Guillaume Paradin,45.73891,4.88609,08:15:00,2024-03-05
202400027279,15:10,Plein jour,59,59271,2,7,1,6.0,COMMUNE DE PARIS - AVENUE,51.01314,2.30312,15:10:00,2024-12-16
202400027280,15:30,Plein jour,972,97213,2,1,1,3.0,ROUTE DEPARTEMENTALE 14,14.61912,-61.02124,15:30:00,2024-03-05
202400027281,05:05,Nuit avec éclairage,58,58194,2,3,1,3.0,SAINT BENIN,46.98708,3.14746,05:05:00,2024-12-18
202400027282,17:30,Plein jour,971,97101,1,1,1,1.0,ROUTE DE BOISVINS,16.26048,-61.46031,17:30:00,2024-03-04
202400027283,00:57,Nuit sans éclairage,56,56098,2,1,1,6.0,Zone portuaire du Rohu,47.75407,-3.32445,00:57:00,2024-12-17
202400027284,08:50,Plein jour,91,91215,2,2,1,4.0,QUINCY (RUE DE),48.68541,2.51409,08:50:00,2024-03-04
202400027285,18:05,,51,51058,2,1,1,4.0,MONNET (AVENUE JEAN),49.21611,3.99761,18:05:00,2024-12-17
202400027286,08:50,Plein jour,91,91691,2,1,1,2.0,MARCEAU BALLIOT (RUE),48.708242,2.495142,08:50:00,2024-03-04
202400027287,11:35,Plein jour,51,51454,2,2,1,7.0,LANGLET (COURS JEAN BAPTISTE),49.25738,4.02994,11:35:00,2024-12-17
202400027288,20:00,,91,91027,2,1,1,2.0,RUE CARON,48.716875,2.407492,20:00:00,2024-03-05
202400027289,23:30,Nuit avec éclairage,51,51454,2,3,2,3.0,LEFEVRE (RUE ERNEST),49.26529,4.05392,23:30:00,2024-12-16
202400027290,15:45,Plein jour,91,91589,2,1,1,3.0,CHATEAUBRIAND (RUE),48.67793,2.35686,15:45:00,2024-03-05
202400027291,17:35,,51,51454,2,3,2,1.0,CHEZEL (RUE CLOVIS),49.240479,4.032902,17:35:00,2024-12-16
202400027292,11:00,Plein jour,91,91027,2,3,1,6.0,HENRI BARBUSSE (RUE),48.69962,2.37174,11:00:00,2024-03-05
202400027293,11:21,Plein jour,87,87048,1,1,1,7.0,RD 11,45.78276,1.23032,11:21:00,2024-03-04
202400027294,15:26,Plein jour,51,51242,2,3,2,3.0,EPERNAY (ROUTE D'),48.95504,4.3289,15:26:00,2024-12-14
202400027295,17:50,Plein jour,86,86194,2,1,1,6.0,Avenue John Kennedy,46.587358,0.364606,17:50:00,2024-03-05
202400027296,12:03,Plein jour,49,49007,2,1,1,6.0,FAYE,47.48843,-0.51563,12:03:00,2024-12-18
202400027297,08:50,Plein jour,86,86194,2,2,7,3.0,Rue de la Pierre Levée,46.57436,0.36174,08:50:00,2024-03-04
202400027298,21:08,,49,49007,2,2,1,3.0,BLANDIN,47.478,-0.59209,21:08:00,2024-12-16
202400027299,17:05,Plein jour,86,86194,2,3,1,3.0,Avenue John Kennedy,46.586999,0.364986,17:05:00,2024-03-03
202400027300,11:44,Plein jour,47,47031,2,9,1,1.0,Avenue de Bigorre,44.17654,0.63433,11:44:00,2024-12-17
202400027301,09:20,Plein jour,85,85191,2,2,1,3.0,Rue du maréchal foch,46.67205,-1.42747,09:20:00,2024-03-05
202400027302,12:00,Plein jour,45,45067,2,2,1,3.0,78 Rue d'Orentay,47.89521,1.80955,12:00:00,2024-12-18
202400027303,15:35,Plein jour,45,45147,2,1,1,3.0,17bis Rue de Montaran,47.94395,1.91769,15:35:00,2024-12-17
202400027304,12:10,Plein jour,84,84007,2,2,1,3.0,7ème GENIE (Avenue),43.94287,4.80853,12:10:00,2024-03-04
202400027305,11:50,Plein jour,45,45004,2,1,1,1.0,D2107 PR 1 + 99,47.984139,2.732736,11:50:00,2024-12-17
202400027306,17:55,Plein jour,83,83137,2,3,1,3.0,TOESCA (BD PIERRE),43.12865,5.92776,17:55:00,2024-03-05
202400027307,01:50,,44,44184,2,2,1,1.0,22 Rue Fernand Pelloutier,47.27324,-2.20518,01:50:00,2024-12-14
202400027308,15:00,Plein jour,83,83061,1,1,1,5.0,RN7,43.50112443,6.7884407,15:00:00,2024-02-17
202400027309,10:55,Plein jour,973,97302,2,1,1,3.0,MANDELA  (BOULEVARD),4.93922964,-52.3264727,10:55:00,2024-04-12
202400027310,17:40,,44,44109,2,1,1,6.0,16 Rue Eugène Delacroix,47.22294,-1.59034,17:40:00,2024-12-16
202400027311,10:18,Plein jour,973,97302,2,1,1,7.0,PASTEUR (AVENUE LOUIS),4.943556,-52.32335329,10:18:00,2024-04-12
202400027312,17:24,Plein jour,80,80001,2,9,2,3.0,Rue Gaston Dufresne,50.11662,1.81921,17:24:00,2024-03-05
202400027313,11:30,Plein jour,43,43251,2,1,1,7.0,Avenue Charles Massot,45.02908,3.88045,11:30:00,2024-12-17
202400027314,18:50,Nuit sans éclairage,78,78418,1,1,2,1.0,HUIT MAI 1945 (RUE DU),48.9195,2.13459,18:50:00,2024-03-02
202400027315,18:50,,42,42270,1,1,1,1.0,Route des Gorges,45.40577,4.24607,18:50:00,2024-12-17
202400027316,08:15,Plein jour,973,97302,2,1,1,3.0,BADUEL (ROUTE DE),4.93685223,-52.31482655,08:15:00,2024-04-12
202400027317,18:25,Nuit sans éclairage,78,78383,2,6,1,6.0,GUY SCHULLER (BOULEVARD),48.762663,1.94658,18:25:00,2024-01-19
202400027318,10:10,Plein jour,973,97302,2,1,1,3.0,MADELEINE (ROUTE DE LA),4.91135305,-52.32144624,10:10:00,2024-04-11
202400027319,18:35,,37,37261,2,6,8,3.0,DOUETS (RUE DES),47.43064,0.68696,18:35:00,2024-12-18
202400027320,02:00,,77,77450,1,1,1,6.0,N 19,48.70464,2.59341,02:00:00,2024-03-04
202400027321,15:00,Plein jour,37,37261,2,1,1,6.0,HERPIN (RUE DU DOCTEUR),47.38850687,0.69897294,15:00:00,2024-12-18
202400027322,22:33,,69,69386,2,2,1,3.0,Cours Lafayette,45.76377752,4.8670052,22:33:00,2024-04-12
202400027323,08:40,Plein jour,77,77372,2,1,1,2.0,BORDEAUX  (RUE DE  ),48.88306,2.69102,08:40:00,2024-03-05
202400027324,17:00,Plein jour,69,69387,1,1,1,2.0,Cours Gambetta,45.75579,4.84136,17:00:00,2024-04-12
202400027325,10:30,Plein jour,35,35238,1,9,8,2.0,ROCADE 1-2,48.08165452,-1.67647451,10:30:00,2024-12-17
202400027326,15:40,Plein jour,77,77186,1,9,1,7.0,d301 de chantoiseau /grand veneur,48.39389,2.62973,15:40:00,2024-03-04
202400027327,17:09,Plein jour,69,69388,2,3,1,6.0,Rue de l'Epargne,45.74237,4.85825,17:09:00,2024-04-12
202400027328,17:24,Plein jour,74,74012,2,1,1,3.0,SOMMEILLER (RUE GERMAIN),46.19496,6.26892,17:24:00,2024-03-05
202400027329,21:05,,33,33167,2,2,1,3.0,Unknown,44.82822,-0.51818,21:05:00,2024-12-17
202400027330,21:25,,74,74010,2,1,2,3.0,FIER (BOULEVARD DU)),45.91331,6.11398,21:25:00,2024-03-05
202400027331,06:20,Plein jour,971,97113,1,1,2,2.0,RN4 - SECTION RIVIERA,16.21777205,-61.49062335,06:20:00,2024-04-12
202400027332,07:30,,33,33318,2,1,8,6.0,Unknown,44.78372,-0.67959,07:30:00,2024-12-17
202400027333,19:30,,74,74010,2,2,2,6.0,LUCIEN BOSCHETTI,45.89671,6.12079,19:30:00,2024-03-05
202400027334,21:11,,2A,2A004,2,6,1,6.0,#2 Avenue du Docteur Noel Franchini#,41.93394,8.75299,21:11:00,2024-04-12
202400027335,07:50,Nuit sans éclairage,33,33162,2,2,1,1.0,Unknown,44.879638,-0.626817,07:50:00,2024-12-17
202400027336,17:00,Plein jour,72,72181,2,3,8,3.0,MARIETTE (RUE DE LA) N° IMP 1 A 85,47.9995,0.20702,17:00:00,2024-03-04
202400027337,17:40,Plein jour,2A,2A004,2,1,1,3.0,#189 Suartello#,41.94786,8.76449,17:40:00,2024-04-12
202400027338,19:10,,31,31555,2,1,1,3.0,ALL JEAN JAURES,43.60839,1.45306,19:10:00,2024-12-18
202400027339,10:30,Plein jour,91,91377,2,1,1,6.0,PL DU VIEUX CLOCHER,48.730725,2.273551,10:30:00,2024-04-12
202400027340,14:30,Plein jour,69,69290,2,2,2,3.0,Route de Grenoble,45.71039,4.97762,14:30:00,2024-03-03
202400027341,16:25,Plein jour,91,91027,2,1,1,3.0,AV FRANCOIS MITTERRAND,48.69839,2.37186,16:25:00,2024-04-12
202400027342,14:00,Plein jour,31,31555,2,1,1,3.0,RUE ROGER CAMBOULIVES,43.57039,1.38605,14:00:00,2024-12-18
202400027343,16:42,Plein jour,68,68066,2,1,8,6.0,TURCKHEIM (RUE DE),48.078899,7.340729,16:42:00,2024-03-04
202400027344,14:20,Plein jour,30,30189,2,1,1,7.0,Rue de L'Hostellerie,43.81388,4.34567,14:20:00,2024-12-10
202400027345,15:15,Plein jour,67,67482,2,9,8,6.0,HOLZMATT (CHEMIN DE LA),48.56937,7.70758,15:15:00,2024-03-04
202400027346,02:36,,91,91479,1,1,1,1.0,RTE DE FONTAINEBLEAU,48.733586,2.366445,02:36:00,2024-04-12
202400027347,18:20,,30,30007,2,1,1,2.0,SERRES (AVE OLIVIER DE),44.1061,4.0892,18:20:00,2024-12-16
202400027348,17:25,Plein jour,66,66136,2,2,1,6.0,Avenue Julien PANCHOT,42.69151,2.88256,17:25:00,2024-03-05
202400027349,18:30,,83,83069,2,6,1,3.0,COSTEBELLE (MONTEE DE),43.10786,6.12182,18:30:00,2024-01-22
202400027350,09:00,Plein jour,66,66136,2,6,1,3.0,Rond-point des BALEARES,42.68868,2.89506,09:00:00,2024-03-05
202400027351,12:30,Plein jour,91,91228,2,1,1,4.0,RN7,48.63446,2.43588,12:30:00,2024-04-12
202400027352,07:20,Crépuscule,30,30007,2,3,1,3.0,Avenue Monge,44.14299,4.10375,07:20:00,2024-12-16
202400027353,20:30,,78,78015,2,1,1,6.0,RAMEAU (RUE JEAN PHILIPPE),48.975154,2.048022,20:30:00,2024-01-23
202400027354,16:20,Plein jour,66,66136,1,1,1,6.0,Unknown,42.69571044,2.85210013,16:20:00,2024-02-18
202400027355,17:30,,29,29232,2,8,1,6.0,Rue du Chateau,48.00606,-4.110076,17:30:00,2024-12-11
202400027356,18:05,Plein jour,91,91174,2,3,1,3.0,BD HENRI DUNANT,48.59491,2.47844,18:05:00,2024-04-10
202400027357,18:45,Plein jour,65,65226,1,1,2,6.0,5 Rue du Gabizos,43.21971,0.02969,18:45:00,2024-03-05
202400027358,16:35,Plein jour,77,77445,2,1,2,6.0,D150,48.58688867,2.59408659,16:35:00,2024-01-22
202400027359,14:30,Plein jour,87,87050,1,1,1,6.0,RD947,45.89641008,1.22952461,14:30:00,2024-04-12
202400027360,09:25,Plein jour,29,29232,2,1,1,4.0,Route de Douarnenez,47.99871378,-4.11619548,09:25:00,2024-12-17
202400027361,07:45,Crépuscule,64,64024,2,1,2,6.0,BARTHES (RUE DES),43.48345828,-1.51089214,07:45:00,2024-03-05
202400027362,17:55,Crépuscule,76,76231,2,6,1,6.0,Rue du Neubourg,49.28676,1.00898,17:55:00,2024-01-23
202400027363,05:00,,84,84092,2,2,1,3.0,CROIX VERTE (av de la)),43.95482,4.83819,05:00:00,2024-04-12
202400027364,11:00,Plein jour,63,63113,2,1,2,6.0,SABLON (COURS),45.7727,3.08992,11:00:00,2024-03-05
202400027365,18:40,Nuit sans éclairage,29,29019,1,9,1,2.0,D112,48.42255903,-4.47687371,18:40:00,2024-12-16
202400027366,08:30,Plein jour,76,76486,2,1,1,6.0,Rue d'Elbeuf,49.30234,0.99213,08:30:00,2024-01-23
202400027367,23:00,,83,83137,2,3,1,3.0,MOULINS (AVE DES DE 328 A FIN,43.14641703,5.91275179,23:00:00,2024-04-11
202400027368,19:15,,62,62498,2,1,2,3.0,Route de Béthune,50.43837,2.81184,19:15:00,2024-02-24
202400027369,00:40,,27,27681,2,2,1,6.0,BIZY ( RUE DE),49.08822,1.47226,00:40:00,2024-12-17
202400027370,15:10,Plein jour,80,80021,2,1,1,7.0,Rue André Chénier,49.87763,2.28613,15:10:00,2024-03-19
202400027371,07:50,Crépuscule,61,61001,2,3,1,2.0,D112,48.436637,0.09933,07:50:00,2024-03-05
202400027372,08:25,Crépuscule,27,27375,2,3,1,3.0,POSTEL (BOULEVARD DU DOCTEUR),49.21048,1.17311,08:25:00,2024-12-17
202400027373,18:28,Plein jour,77,77251,1,1,1,6.0,ALL DU TRAIT D'UNION,48.61585,2.54458,18:28:00,2024-04-11
202400027374,22:50,,60,60057,2,7,2,6.0,Rue de Clermont,49.43217628,2.10781503,22:50:00,2024-03-04
202400027375,17:35,,27,27229,2,3,1,7.0,EULER (RUE),49.0047,1.1381,17:35:00,2024-12-18
202400027376,19:45,Plein jour,77,77288,2,1,9,1.0,PATTON  (AVENUE GENERAL),48.54855928,2.64813841,19:45:00,2024-04-09
202400027377,17:05,Plein jour,76,76414,2,1,1,4.0,Rue de l'Ancien Port,49.91645,1.09797,17:05:00,2024-01-22
202400027378,13:06,Plein jour,56,56260,2,3,1,3.0,Avenue du 4 Août 1944,47.67729,-2.76127,13:06:00,2024-03-05
202400027379,08:15,Crépuscule,27,27229,2,1,1,6.0,ROCHETTE (RUE DE LA),49.02669,1.14169,08:15:00,2024-12-18
202400027380,08:15,Crépuscule,27,27229,2,9,1,6.0,BRIAND (AVENUE ARISTIDE),49.0168,1.12334,08:15:00,2024-12-18
202400027381,22:28,,77,77438,2,4,1,3.0,SABLONS  (RUE DES  ),48.85838,2.67053,22:28:00,2024-04-12
202400027382,10:00,Plein jour,56,56121,2,2,1,6.0,DU COUEDIC (RUE),47.74975,-3.36349,10:00:00,2024-03-05
202400027383,17:40,Plein jour,64,64445,2,1,1,3.0,UNIVERSITE DE L',43.31133,-0.36448,17:40:00,2024-01-23
202400027384,10:40,Plein jour,77,77243,2,9,1,6.0,LAMARTINE  (RUE   ),48.86886766,2.67936766,10:40:00,2024-04-12
202400027385,16:25,Plein jour,54,54382,1,1,1,3.0,D618,49.54665,5.79996,16:25:00,2024-03-05
202400027386,16:08,Plein jour,27,27229,2,3,1,3.0,MOISLAINS (RUE DES),49.028737,1.178895,16:08:00,2024-12-17
202400027387,20:55,,64,64102,2,3,1,3.0,VAINSOT (RUE),43.49395,-1.45398,20:55:00,2024-01-23
202400027388,08:45,Plein jour,27,27299,2,1,1,6.0,BRIAND (AVENUE ARISTIDE),49.0395,1.1581,08:45:00,2024-12-17
202400027389,09:20,Plein jour,77,77014,2,1,1,6.0,GENERAL DE GAULLE (AVENUE DU),48.4177,2.7282,09:20:00,2024-04-12
202400027390,22:10,,51,51454,2,2,1,3.0,BARBATRE (RUE DU),49.25023,4.03881,22:10:00,2024-03-05
202400027391,18:11,,61,61001,2,2,2,3.0,D26,48.44295,0.08776,18:11:00,2024-01-23
202400027392,18:10,Plein jour,76,76540,2,3,1,2.0,Quai de Boisguilbert,49.44236852,1.07741562,18:10:00,2024-04-12
202400027393,09:55,Plein jour,51,51454,2,6,1,2.0,CHAMPAGNE   (  AVENUE DE),49.21367,4.0156,09:55:00,2024-03-05
202400027394,19:10,,26,26198,2,1,1,1.0,Boulevard du Président René Coty,44.53474,4.75882,19:10:00,2024-12-18
202400027395,17:30,Plein jour,76,76216,2,1,1,6.0,Rue Fontenelle,49.47528,1.05567,17:30:00,2024-04-12
202400027396,06:30,,59,59512,2,9,1,6.0,Boulevard de Fourmies,50.67617287,3.18052631,06:30:00,2024-01-23
202400027397,17:50,Plein jour,26,26198,1,1,1,3.0,Boulevard Charles Andre,44.52569093,4.74199533,17:50:00,2024-12-17
202400027398,17:35,Crépuscule,47,47323,1,3,3,3.0,LAGARDE (HAUTE),44.39611,0.74675,17:35:00,2024-03-04
202400027399,10:45,Plein jour,59,59560,2,7,1,3.0,Rue Roger Bouvry,50.54516,3.02487,10:45:00,2024-01-23
202400027400,19:35,Crépuscule,74,74010,2,6,1,3.0,ROBERT SCHUMAN,45.90342,6.12203,19:35:00,2024-04-12
202400027401,22:05,,25,25056,2,2,1,3.0,DROZ   AVENUE EDOUARD,47.24253,6.02971,22:05:00,2024-12-18
202400027402,18:20,Plein jour,47,47001,2,3,1,2.0,MIDI (AVENUE DU),44.18265226,0.61747134,18:20:00,2024-03-05
202400027403,08:15,Plein jour,59,59378,2,1,1,6.0,Avenue du Maréchal De Lattre De Tassigny,50.67307,3.0941,08:15:00,2024-01-23
202400027404,13:31,Plein jour,73,73065,2,2,1,3.0,GAMBETTA LEON (BOULEVARD),45.57331,5.91549,13:31:00,2024-04-12