Num_Acc,hrmn,lum,dep,com,agg,int,atm,col,adr,lat,long,heure,date
202400027405,16:20,Plein jour,47,47201,2,6,1,3.0,MARNE (AV. DE LA),44.19442426,0.60366118,16:20:00,2024-03-05
202400027406,17:35,Crépuscule,22,22106,2,1,1,2.0,RN12,48.50313,-2.73049,17:35:00,2024-12-13
202400027407,07:30,,57,57672,2,1,3,6.0,GUISE (AVENUE DE) - IMPAIR,49.36593,6.16677,07:30:00,2024-01-22
202400027408,03:40,Nuit sans éclairage,35,35206,1,1,8,6.0,RN136,48.08033,-1.68027,03:40:00,2024-03-05
202400027409,13:03,Plein jour,16,16015,2,1,1,3.0,NAVARRE (AVENUE DE),45.63485,0.1541,13:03:00,2024-12-18
202400027410,18:20,Plein jour,69,69266,2,1,1,3.0,154 Cours Emile Zola,45.76975,4.87819,18:20:00,2024-04-12
202400027411,23:18,,56,56121,2,6,1,7.0,FAOUEDIC ( AVE DU ),47.74769,-3.36509,23:18:00,2024-01-20
202400027412,16:00,Plein jour,34,34172,2,1,1,6.0,RIMBAUD (RUE PAUL),43.61962,3.84928,16:00:00,2024-03-05
202400027413,19:30,,14,14715,2,4,2,6.0,2 Rue de l’Ancien Parc aux Huitres,49.36069,0.08641,19:30:00,2024-12-18
202400027414,14:20,Plein jour,69,69266,2,3,1,1.0,Cours Tolstoï,45.76271,4.87821,14:20:00,2024-04-12
202400027415,23:20,Nuit sans éclairage,13,13117,2,9,1,7.0,ROUTE NATIONALE 113-L'ANJOLY,43.43751285,5.25260289,23:20:00,2024-12-16
202400027416,23:10,,33,33529,2,9,2,3.0,Unknown,44.63518,-1.15551,23:10:00,2024-03-05
202400027417,07:55,Crépuscule,54,54578,2,3,2,2.0,Boulevard du Docteur Cattenoz,48.67632,6.15726,07:55:00,2024-01-22
202400027418,17:10,Plein jour,69,69259,2,1,1,2.0,221 Avenue Francis de Pressensé,45.71144966,4.87508621,17:10:00,2024-04-11
202400027419,03:20,Nuit sans éclairage,13,13077,1,3,1,3.0,D 50,43.43175,5.00898,03:20:00,2024-12-17
202400027420,17:25,Plein jour,32,32013,2,7,2,7.0,LIBERATION (PLACE DE LA),43.64701,0.58415,17:25:00,2024-03-04
202400027421,07:45,Crépuscule,54,54526,2,1,2,5.0,rue de la Fraternité,48.69442,6.21458,07:45:00,2024-01-22
202400027422,14:20,Plein jour,69,69271,2,3,1,3.0,Rue des Roberdières,45.74742,4.96468,14:20:00,2024-04-11
202400027423,17:27,Plein jour,31,31555,2,1,1,6.0,BD DE LA GARE,43.600822,1.456532,17:27:00,2024-03-05
202400027424,14:00,Plein jour,13,13203,2,1,1,2.0,BD FERDINAND DE LESSEPS,43.32,5.374,14:00:00,2024-12-18
202400027425,20:02,,51,51454,2,1,1,6.0,EPERNAY (AVENUE D') COTE PAIR,49.24211,4.01352,20:02:00,2024-01-23
202400027426,08:30,Plein jour,29,29232,1,6,1,2.0,Boulevard President Allende,47.99492618,-4.07245959,08:30:00,2024-03-05
202400027427,13:25,Plein jour,13,13216,2,2,1,3.0,GRAWITZ (Bd),43.356,5.342,13:25:00,2024-12-18
202400027428,12:20,Plein jour,69,69259,2,2,1,3.0,Avenue Marcel Cachin,45.69408,4.87514,12:20:00,2024-04-11
202400027429,09:55,Plein jour,29,29019,2,6,3,6.0,rue de Guilers,48.389821,-4.520784,09:55:00,2024-03-04
202400027430,14:00,Plein jour,13,13214,2,1,8,3.0,GAY LUSSAC (BOULEVARD),43.33402,5.37374,14:00:00,2024-12-17
202400027431,15:00,Plein jour,51,51454,2,2,2,1.0,JAURES (AVENUE JEAN ) DU N° 61 A FIN,49.264999,4.060148,15:00:00,2024-01-22
202400027432,10:05,Plein jour,69,69259,2,3,1,2.0,Boulevard Ambroise Croizat,45.70668194,4.88751322,10:05:00,2024-04-11
202400027433,16:20,Plein jour,13,13215,2,6,1,1.0,DE FORESTA (ROND-POINT),43.36107,5.35258,16:20:00,2024-12-16
202400027434,12:40,Plein jour,69,69091,2,1,1,7.0,Route de Mornant,45.58566,4.74728,12:40:00,2024-04-12
202400027435,10:45,Plein jour,26,26252,1,1,1,4.0,Av du President Salvador Allende,44.89195823,4.88031149,10:45:00,2024-03-05
202400027436,02:27,Nuit avec éclairage,48,48095,2,1,8,6.0,CHAPITRE (ROUTE DU),44.51752,3.47719,02:27:00,2024-01-23
202400027437,00:55,,66,66136,2,1,1,6.0,Avenue Henri Bergson,42.687567,2.91731536,00:55:00,2024-04-13
202400027438,12:57,Plein jour,25,25204,2,3,2,3.0,Chaussée   (de la),46.91692,6.35094,12:57:00,2024-03-05
202400027439,13:50,Plein jour,37,37261,2,6,1,3.0,DANEMARK (AVENUE DU),47.43057302,0.67319494,13:50:00,2024-01-23
202400027440,23:30,,13,13206,2,2,1,7.0,PAUL PEYTRAL (BOULEVARD),43.2908,5.38082,23:30:00,2024-12-16
202400027441,11:45,Plein jour,25,25031,2,1,8,2.0,COURBET (RUE GUSTAVE),47.47707,6.83874,11:45:00,2024-03-05
202400027442,07:55,,37,37261,2,1,1,6.0,MOZART (AVENUE),47.36667,0.70833,07:55:00,2024-01-23
202400027443,10:30,Plein jour,66,66136,2,6,1,6.0,FLANDRES/DUNKERQUE (CARREFOUR),42.68671,2.90747,10:30:00,2024-04-12
202400027444,19:40,,13,13028,2,1,1,6.0,CYRNOS (AVENUE),43.18476,5.61755,19:40:00,2024-12-17
202400027445,18:48,,25,25056,2,1,1,4.0,CLERC RUE FRANCIS (inf 29),47.25511,6.02242,18:48:00,2024-03-05
202400027446,19:15,,35,35238,2,1,2,3.0,CLEMENCEAU (BD GEORGES),48.093779,-1.67334256,19:15:00,2024-01-23
202400027447,18:22,Plein jour,64,64024,2,3,1,3.0,CLAIRIERE (ALLEE DE LA),43.49336,-1.50875,18:22:00,2024-04-11
202400027448,00:10,,13,13001,2,2,1,3.0,MAURIAT HENRI (AV),43.51408,5.46138,00:10:00,2024-12-18
202400027449,18:20,,35,35238,2,6,8,6.0,CANADA (AVENUE DU),48.08651,-1.68243,18:20:00,2024-01-23
202400027450,14:26,Plein jour,25,25056,2,2,1,3.0,BLUM  BOULEVARD LEON (inf 51),47.25603,6.02012,14:26:00,2024-03-05
202400027451,22:55,,64,64102,2,1,1,6.0,SOULT (AVENUE MARECHAL),43.48617,-1.48925,22:55:00,2024-04-07
202400027452,09:28,Plein jour,11,11262,2,3,1,6.0,Unknown,43.18524,2.99981,09:28:00,2024-12-18
202400027453,08:15,Crépuscule,35,35238,2,1,8,6.0,ANJOU (D'),48.11987241,-1.71349972,08:15:00,2024-01-23
202400027454,14:20,Plein jour,63,63300,2,1,1,6.0,RD2029,45.8899089,3.11086972,14:20:00,2024-04-12
202400027455,13:30,Plein jour,34,34172,2,1,1,4.0,TOULOUSE (AVENUE DE,43.5882,3.85472,13:30:00,2024-01-23
202400027456,13:10,Plein jour,22,22360,2,6,1,3.0,REPUBLIQUE (RUE DE LA),48.4925,-2.7392,13:10:00,2024-03-05
202400027457,07:50,,10,10325,2,6,1,6.0,PASTEUR (RUE),48.26439,4.08325,07:50:00,2024-12-18
202400027458,17:00,Crépuscule,33,33039,2,6,1,6.0,Unknown,44.793864,-0.542198,17:00:00,2024-01-19
202400027459,16:45,Plein jour,17,17415,2,3,2,3.0,KENNEDY AVENUE JOHN FITZGERALD,45.72603,-0.641508,16:45:00,2024-03-04
202400027460,18:57,Plein jour,63,63113,2,2,1,3.0,CHAMBRETTES (RUE DES) / av Leon Blum,45.76673,3.09609,18:57:00,2024-04-12
202400027461,08:00,,10,10387,2,1,2,6.0,ALEXANDRE DU SOMMERARD (RUE),48.30595,4.06215,08:00:00,2024-12-16
202400027462,11:20,Plein jour,33,33032,2,9,1,6.0,Sur parking venant de rue Camille Juillan,44.90243,-0.50904,11:20:00,2024-01-23
202400027463,08:00,Plein jour,17,17299,2,1,1,2.0,HUIT MAI 1945 AVENUE DU,45.95275,-0.96872,08:00:00,2024-03-05
202400027464,08:45,Plein jour,63,63113,2,2,1,3.0,ROUVIER (RUE),45.80647792,3.11424583,08:45:00,2024-04-12
202400027465,07:00,,33,33039,2,1,1,1.0,Unknown,44.80491,-0.55882,07:00:00,2024-01-19
202400027466,16:30,Crépuscule,06,06004,2,5,1,6.0,19 Avenue de Guy Maupassant,43.56871,7.11109,16:30:00,2024-12-17
202400027467,19:35,,13,13209,2,3,1,3.0,JOSEPH AIGUIER (CHEMIN),43.25185,5.41122,19:35:00,2024-03-05
202400027468,08:15,Plein jour,30,30007,2,1,1,2.0,Unknown,44.11031,4.08068,08:15:00,2024-01-23
202400027469,19:50,Plein jour,62,62774,2,1,1,1.0,D940,50.9477647,1.75937298,19:50:00,2024-04-12
202400027470,17:36,,03,03321,2,1,1,6.0,LYON (ROUTE DE ),46.55058,3.3387,17:36:00,2024-12-17
202400027471,20:15,Plein jour,62,62041,2,1,1,6.0,Rue Raoul François,50.28181,2.79398,20:15:00,2024-04-12
202400027472,16:20,Plein jour,13,13202,2,1,1,2.0,ROGER SALENGRO (AVENUE),43.31614953,5.36949584,16:20:00,2024-03-05
202400027473,08:45,Plein jour,28,28218,2,9,1,6.0,TOURAINE,48.4355,1.44156,08:45:00,2024-01-23
202400027474,02:20,,02,02738,2,1,1,6.0,35 Rue Arthur Rimbaud,49.6656,3.29958,02:20:00,2024-12-15
202400027475,14:15,Plein jour,59,59636,2,6,1,6.0,YPRES RUE D,50.682973,3.043381,14:15:00,2024-04-09
202400027476,21:35,,27,27229,2,1,1,3.0,CITES UNIES (BOULEVARD DES),49.017328,1.143393,21:35:00,2024-01-23
202400027477,18:50,,10,10387,2,1,1,7.0,HENRI BARBUSSE (RUE),48.3014,4.0866,18:50:00,2024-03-04
202400027478,14:20,Plein jour,01,01053,1,6,1,2.0,COUPES BLANCHES (CHEMIN DES) COTE SEILLO,46.176457,5.256096,14:20:00,2024-12-17
202400027479,15:10,Plein jour,59,59328,2,3,1,3.0,DUNKERQUE AVENUE DE,50.63894,3.02136,15:10:00,2024-04-12
202400027480,13:40,Plein jour,75,75116,2,3,8,6.0,AVENUE MOZART,48.85743,2.273203,13:40:00,2024-12-17
202400027481,07:45,Crépuscule,10,10387,2,2,1,3.0,Rue aux Moines,48.30605,4.08739,07:45:00,2024-03-04
202400027482,06:40,,19,19031,2,3,2,6.0,ALVITRE (AVENUE ABBE),45.15407,1.51126,06:40:00,2024-01-17
202400027483,17:20,Plein jour,58,58194,2,6,1,3.0,MADEMOISELLE BOURGEOIS,46.99531,3.16894,17:20:00,2024-04-12
202400027484,09:00,Crépuscule,75,75116,2,3,1,2.0,AVENUE DE NEW YORK,48.857913,2.287913,09:00:00,2024-12-18
202400027485,16:50,Crépuscule,17,17415,2,1,8,3.0,LECLERC COURS DU MARECHAL,45.748751,-0.644611,16:50:00,2024-01-22
202400027486,01:50,,06,06088,2,2,1,1.0,Boulevard de l'Ariane,43.73468,7.29666,01:50:00,2024-03-06
202400027487,01:40,,51,51454,2,2,1,1.0,POMMERY (BOULEVARD),49.25321,4.05403,01:40:00,2024-04-12
202400027488,18:45,,75,75112,2,1,1,6.0,RUE DU FAUBOURG SAINT ANTOINE,48.853175,2.370452,18:45:00,2024-12-18
202400027489,13:30,Plein jour,75,75117,2,1,1,7.0,BD PERIPHERIQUE EXTERIEUR,48.900188,2.320781,13:30:00,2024-03-05
202400027490,16:34,Plein jour,17,17306,1,1,2,3.0,EXPRESS (VOIE),45.64444,-1.04237,16:34:00,2024-01-23
202400027491,23:27,,49,49015,2,1,1,7.0,COPERNIC RUE,47.5142,-0.61287,23:27:00,2024-04-12
202400027492,20:15,,75,75110,2,3,1,3.0,BOULEVARD DE BONNE NOUVELLE,48.870187,2.350503,20:15:00,2024-12-17
202400027493,12:55,Plein jour,75,75118,2,1,1,2.0,BD PERIPHERIQUE INTERIEUR,48.900744,2.361604,12:55:00,2024-03-04
202400027494,16:00,Plein jour,17,17306,2,1,1,6.0,BOUCHET LOUIS (AVENUE),45.62874,-0.99472,16:00:00,2024-01-18
202400027495,15:20,Plein jour,94,94067,2,1,8,6.0,Avenue du Général de Gaulle,48.84102,2.41762,15:20:00,2024-12-17
202400027496,10:25,Plein jour,75,75114,2,1,1,6.0,PORTE DE CHATILLON,48.8221,2.316797,10:25:00,2024-03-04
202400027497,13:55,Plein jour,43,43157,2,9,1,5.0,Boulevard Saint Louis,45.04221,3.88142,13:55:00,2024-04-11
202400027498,14:42,Plein jour,17,17291,1,1,2,3.0,N11,46.17352,-1.11561,14:42:00,2024-01-23
202400027499,08:05,Crépuscule,94,94033,2,1,2,6.0,Avenue Charles Garcia,48.8533,2.48188,08:05:00,2024-12-17
202400027500,17:10,Nuit sans éclairage,94,94060,2,1,2,6.0,Avenue Georges Pompidou,48.79212,2.56775,17:10:00,2024-12-18
202400027501,21:30,,13,13210,2,3,1,3.0,RABATAU (BOULEVARD),43.28109,5.3993,21:30:00,2024-01-22
202400027502,12:37,Plein jour,75,75115,2,2,1,3.0,RUE PEGOUD,48.834566,2.266952,12:37:00,2024-03-04
202400027503,21:35,,38,38185,2,2,1,3.0,BOULEVARD ÉDOUARD REY,45.19014241,5.72422162,21:35:00,2024-04-12
202400027504,09:45,Plein jour,94,94017,2,1,1,3.0,Rue Louis Talamoni,48.81326,2.51243,09:45:00,2024-12-18
202400027505,08:20,Plein jour,13,13001,2,1,1,7.0,ANCIENNE ROUTE DES ALPES (RTE),43.54644,5.45482,08:20:00,2024-01-23
202400027506,21:16,,37,37261,2,1,1,7.0,PONT CHER (AVENUE DE),47.368,0.67606,21:16:00,2024-04-12
202400027507,12:45,Plein jour,75,75119,2,7,1,2.0,PLACE AUGUSTE BARON,48.899793,2.388152,12:45:00,2024-03-05
202400027508,18:36,,13,13001,1,1,2,1.0,RD9,43.50801,5.42372,18:36:00,2024-01-22
202400027509,14:50,Plein jour,94,94002,2,2,1,6.0,Rue Emile Zola / Rue Joffrin,48.7999,2.42697,14:50:00,2024-12-17
202400027510,18:10,Plein jour,37,37214,2,6,1,3.0,DE GAULLE (BD CHARLES),47.42376,0.65776,18:10:00,2024-04-12
202400027511,09:20,Plein jour,75,75119,2,1,1,3.0,RUE D AUBERVILLIERS,48.888364,2.367516,09:20:00,2024-03-05
202400027512,20:28,,11,11262,2,3,1,6.0,Avenue Karl Marx,43.1834471,2.99821983,20:28:00,2024-01-23
202400027513,13:15,Plein jour,37,37261,2,1,1,3.0,MELIES (RUE GEORGES),47.42534,0.70957,13:15:00,2024-04-12
202400027514,13:30,Plein jour,75,75118,2,3,1,6.0,RUE DAMREMONT,48.89419,2.336811,13:30:00,2024-03-05
202400027515,08:30,Plein jour,11,11262,2,1,1,1.0,Rue Joseph Anglade,43.19096,3.02402,08:30:00,2024-01-23
202400027516,20:25,,93,93078,2,6,8,3.0,REVE (AVENUE DU),48.95273452,2.56054893,20:25:00,2024-12-18
202400027517,16:50,Plein jour,11,11069,1,1,1,6.0,Unknown,43.192521,2.335513,16:50:00,2024-01-21
202400027518,13:35,Plein jour,75,75114,2,2,1,7.0,BOULEVARD ROMAIN ROLLAND,48.819881,2.325433,13:35:00,2024-03-04
202400027519,17:40,,93,93059,2,1,1,6.0,LEDRU ROLLIN (AVENUE),48.96285,2.36972,17:40:00,2024-12-18
202400027520,00:10,,35,35238,2,1,1,1.0,LORIENT (DE),48.10856787,-1.69932559,00:10:00,2024-04-13
202400027521,11:30,Plein jour,10,10297,2,1,1,2.0,Rue Marc Verdier,48.32674,4.11039,11:30:00,2024-01-22
202400027522,08:30,Plein jour,33,33069,2,1,1,3.0,Unknown,44.867745,-0.596694,08:30:00,2024-04-12
202400027523,12:55,Plein jour,75,75108,2,3,8,2.0,AVENUE DE MARIGNY,48.871065,2.316387,12:55:00,2024-03-05
202400027524,14:33,Plein jour,93,93059,2,1,1,3.0,JEAN MERMOZ (N°59 AU 185),48.96992,2.36561,14:33:00,2024-12-18
202400027525,13:50,Plein jour,06,06069,2,1,1,1.0,Route de Draguignan,43.642984,6.908521,13:50:00,2024-01-23
202400027526,01:27,,33,33281,2,1,1,6.0,Unknown,44.82691,-0.61455,01:27:00,2024-04-12
202400027527,16:30,Plein jour,93,93066,2,1,1,3.0,WILSON (AVENUE DU PRESIDENT),48.92071,2.35771,16:30:00,2024-12-18
202400027528,19:30,,75,75107,2,3,2,6.0,QUAI D ORSAY,48.862283,2.306324,19:30:00,2024-03-05
202400027529,18:05,,93,93055,2,1,8,1.0,JEAN JAURES (AVENUE) (76/128),48.90319,2.39169,18:05:00,2024-12-18
202400027530,17:55,,01,01053,2,2,2,3.0,MONTHOLON (RUE) IMPAIR,46.19683,5.21047,17:55:00,2024-01-22
202400027531,10:00,Plein jour,75,75102,2,2,1,6.0,RUE ETIENNE MARCEL,48.864428,2.346699,10:00:00,2024-03-05
202400027532,15:00,Plein jour,33,33119,2,8,1,3.0,Unknown,44.85507147,-0.53566262,15:00:00,2024-04-11
202400027533,18:55,,93,93051,2,1,1,3.0,REIMS,48.84554,2.5653,18:55:00,2024-12-18
202400027534,08:55,Plein jour,75,75117,2,1,1,2.0,PORTE DE CLICHY,48.889237,2.296154,08:55:00,2024-01-23
202400027535,23:50,,33,33529,2,1,1,7.0,Unknown,44.629498,-1.141537,23:50:00,2024-04-12
202400027536,20:30,,94,94078,2,1,2,6.0,93 Av du Pdt J Fitzgerald Kennedy,48.736697,2.467835,20:30:00,2024-03-05
202400027537,11:20,Plein jour,93,93047,2,1,8,6.0,LAVOIR (RUE DU),48.90126029,2.5720315,11:20:00,2024-12-18
202400027538,13:00,Plein jour,75,75119,2,1,1,6.0,AVENUE MATHURIN MOREAU,48.878764,2.377362,13:00:00,2024-01-23
202400027539,19:05,Plein jour,33,33529,2,1,1,7.0,Unknown,44.646164,-1.16405073,19:05:00,2024-04-12
202400027540,08:30,Plein jour,94,94068,2,3,8,3.0,Boulevard de Créteil / Zone d'Activité,48.79907,2.47334,08:30:00,2024-03-05
202400027541,12:25,Plein jour,92,92062,2,3,1,3.0,WALLACE (BD RICHARD) DU 17 AU 91 ET DU 3,48.88240478,2.23448731,12:25:00,2024-12-18
202400027542,21:15,,75,75118,2,2,1,3.0,RUE CAULAINCOURT,48.887502,2.333373,21:15:00,2024-01-23
202400027543,18:08,Plein jour,27,27229,2,1,1,4.0,GAMBETTA (BOULEVARD),49.018971,1.147215,18:08:00,2024-04-11
202400027544,18:45,Nuit sans éclairage,92,92020,2,1,1,3.0,FONTENAY RUE DE AUTRES N°,48.79719,2.28608,18:45:00,2024-12-18
202400027545,14:30,Plein jour,94,94068,2,3,1,3.0,Boulevard de Champigny / Rue Boileau,48.80874,2.5095,14:30:00,2024-03-04
202400027546,08:00,Crépuscule,75,75117,2,4,1,7.0,BOULEVARD GOUVION SAINT CYR,48.882234,2.286163,08:00:00,2024-01-23
202400027547,11:15,Plein jour,92,92044,2,1,1,7.0,MARIUS AUFAN(RUE) 69+ ET 80+,48.89442007,2.28136629,11:15:00,2024-12-18
202400027548,10:30,Plein jour,19,19031,2,6,1,2.0,TEINCHURIER (AVENUE DU),45.14684,1.48265,10:30:00,2024-04-12
202400027549,18:50,,92,92040,2,2,1,6.0,VICTOR CRESSON (AVENUE) DU 29 AU 77,48.82122,2.26138,18:50:00,2024-12-18
202400027550,21:10,Crépuscule,19,19031,2,9,1,7.0,BRUNE (BOULEVARD),45.15331608,1.53626025,21:10:00,2024-04-11
202400027551,16:50,Plein jour,75,75116,2,2,1,3.0,AVENUE DE L HIPPODROME,48.858569,2.244851,16:50:00,2024-01-22
202400027552,00:10,,92,92036,2,4,8,6.0,MARCEL ROYER (RUE),48.91532656,2.29621835,00:10:00,2024-12-18
202400027553,20:00,,92,92026,2,2,1,3.0,VERDUN (DE 01 A 61),48.90042208,2.2608076,20:00:00,2024-12-18
202400027554,13:00,Plein jour,75,75114,2,2,1,3.0,RUE JULIA BARTET,48.825448,2.302309,13:00:00,2024-01-23
202400027555,14:15,Plein jour,92,92026,2,1,1,2.0,BEZONS (DE 23 A FIN),48.89564063,2.24936754,14:15:00,2024-12-18
202400027556,21:30,,75,75108,2,7,2,7.0,AVENUE DES CHAMPS ELYSEES,48.865858,2.319884,21:30:00,2024-01-23
202400027557,15:50,Plein jour,15,15014,1,9,1,3.0,RD 120,44.93085,2.42634,15:50:00,2024-04-11
202400027558,11:45,Plein jour,75,75108,2,2,2,3.0,BOULEVARD HAUSSMANN,48.874943,2.318482,11:45:00,2024-01-23
202400027559,20:10,,92,92024,2,2,2,3.0,JEAN JAURES (BD) DE (120 A 138),48.9083021,2.29992673,20:10:00,2024-12-18
202400027560,12:45,Plein jour,15,15012,2,1,1,2.0,Avenue du Général Leclerc,44.90198,2.46962,12:45:00,2024-04-11
202400027561,19:25,,92,92012,2,1,1,3.0,PIERRE LEFAUCHEUX (AVENUE),48.82432287,2.24194765,19:25:00,2024-12-18
202400027562,21:10,,94,94016,2,3,1,6.0,Rue du Moulin de Cachan / Rue du Parc de Cachan,48.789156,2.333579,21:10:00,2024-01-23
202400027563,23:15,Nuit avec éclairage,37,37216,2,1,2,6.0,2 Rue Louis Perrotin,47.146212,0.538063,23:15:00,2024-12-18
202400027564,23:30,,13,13204,2,9,1,6.0,FRANCOISE DUPARC (BOULEVARD),43.30937,5.40305,23:30:00,2024-04-12
202400027565,15:40,Plein jour,94,94011,2,9,2,3.0,Rue Pierre Sémard / Carrefour de la Ballastière,48.76267,2.47862,15:40:00,2024-01-23
202400027566,17:10,Crépuscule,38,38378,2,3,1,6.0,Rue Maréchal Leclerc,45.439647,4.772052,17:10:00,2024-12-18
202400027567,17:00,Plein jour,94,94017,2,1,1,3.0,Avenue du Général de Gaulle,48.82308,2.49468,17:00:00,2024-01-22
202400027568,18:40,Plein jour,13,13209,1,1,1,1.0,COL DE LA GINESTE D559,43.24203,5.45319,18:40:00,2024-04-12
202400027569,08:15,Plein jour,93,93073,2,1,1,6.0,Rue Pierre Brossolette,48.94949,2.57367,08:15:00,2024-01-23
202400027570,12:10,Plein jour,52,52058,1,1,3,1.0,D200,48.17871,5.140518,12:10:00,2024-12-19
202400027571,07:05,,93,93046,2,4,1,6.0,Avenue Gambetta / Avenue Astride Briand,48.91525635,2.52859656,07:05:00,2024-01-23
202400027572,06:35,Crépuscule,13,13209,2,9,1,3.0,MICHELET (BOULEVARD),43.25228,5.40325,06:35:00,2024-04-12
202400027573,20:34,,93,93039,2,2,1,3.0,Rue Mechin / Avenue Jean Jaurès,48.935718,2.338582,20:34:00,2024-01-23
202400027574,11:55,Plein jour,26,26169,1,1,1,3.0,Autoroute A7 - PK 125.000,44.476268,4.766704,11:55:00,2024-12-19
202400027575,20:10,,13,13213,2,2,1,3.0,ROSE (AVENUE DE LA),43.32636,5.42155,20:10:00,2024-04-11
202400027576,21:00,,93,93066,2,1,1,2.0,Avenue du Président Wilson,48.9052,2.35888,21:00:00,2024-01-22
202400027577,05:35,,01,01285,2,2,1,3.0,D933,45.91041,4.816062,05:35:00,2024-12-12
202400027578,09:00,Plein jour,93,93048,2,3,1,6.0,Boulevard Aristide Briand / Avenue Paul Signac,48.86979,2.44952,09:00:00,2024-01-23
202400027579,02:50,,93,93007,2,1,1,6.0,Avenue Jacques Duclos,48.94264382,2.46774025,02:50:00,2024-01-23
202400027580,15:00,Plein jour,13,13047,1,1,1,4.0,RN 569,43.52860183,4.96090677,15:00:00,2024-04-12
202400027581,09:05,Plein jour,93,93001,2,2,1,6.0,Avenue de la République / Rue Henri Barbusse,48.90611802,2.38958162,09:05:00,2024-01-23
202400027582,02:00,,13,13004,2,3,6,3.0,BD GEORGES CLEMENCEAU,43.6743,4.62161,02:00:00,2024-04-11
202400027583,05:56,,93,93001,2,5,1,3.0,Avenue du Président Roosevelt / Boulevard Anatole France / Rue du Moutier,48.91486856,2.38115251,05:56:00,2024-01-23
202400027584,17:15,Plein jour,10,10387,2,2,1,3.0,Mail Saint - Dominique,48.2947,4.08246,17:15:00,2024-04-12
202400027585,07:20,Plein jour,06,06069,2,1,1,2.0,Route de Pégomas,43.640089,6.934322,07:20:00,2024-04-12
202400027586,12:35,Plein jour,75,75115,2,1,1,2.0,BD Périphérique Exterieur,48.831897,2.28169,12:35:00,2024-04-12
202400027587,10:25,Plein jour,93,93001,2,1,2,5.0,Rue de la Haie Coq,48.906062,2.372801,10:25:00,2024-01-22
202400027588,07:00,Crépuscule,75,75116,2,1,1,7.0,BD Périphérique Exterieur,48.875228,2.276512,07:00:00,2024-04-12
202400027589,11:20,Plein jour,92,92063,2,6,2,3.0,HUGO (AVENUE VICTOR),48.88315517,2.18035841,11:20:00,2024-01-23
202400027590,09:55,Plein jour,75,75112,2,1,1,3.0,BD PERIPHERIQUE EXTERIEUR,48.82807,2.396298,09:55:00,2024-04-12
202400027591,15:08,Plein jour,92,92050,2,3,1,2.0,PAQUERETTES RUE DES,48.90851438,2.2148741,15:08:00,2024-01-23
202400027592,08:03,Plein jour,92,92050,2,1,1,6.0,PROVINCES FRANCAISES BD DES,48.89982817,2.21398669,08:03:00,2024-01-23
202400027593,23:20,,75,75114,2,1,1,5.0,BD PERIPHERIQUE EXTERIEUR,48.822561,2.314169,23:20:00,2024-04-09
202400027594,08:30,Plein jour,92,92048,2,1,1,3.0,ROBERT JULIEN LANEN (RUE) N° 1 A 15,48.81536291,2.24633467,08:30:00,2024-01-23
202400027595,00:10,,75,75119,2,1,1,6.0,ECHANGEUR VILLETTE,48.90013,2.38489,00:10:00,2024-04-07
202400027596,10:35,Plein jour,92,92044,2,1,8,2.0,MAURICE RAVEL (RUE),48.89007218,2.29405001,10:35:00,2024-01-23
202400027597,16:45,Plein jour,92,92044,2,1,1,6.0,P.V.COUTURIER(RUE)65A79 ET50A58,48.89704,2.28918,16:45:00,2024-01-22
202400027598,12:00,Plein jour,75,75120,2,2,1,6.0,RUE DES VIGNOLES,48.855247,2.401487,12:00:00,2024-04-12
202400027599,11:41,Plein jour,92,92023,1,1,2,3.0,MARIE FICHET (RUE),48.77859914,2.22896665,11:41:00,2024-01-23
202400027600,10:50,Plein jour,75,75119,2,3,1,6.0,AVENUE JEAN JAURES,48.883076,2.371483,10:50:00,2024-04-12
202400027601,18:35,Nuit sans éclairage,95,95487,1,1,1,6.0,D301,49.14855336,2.24857092,18:35:00,2024-01-23
202400027602,17:30,Plein jour,75,75118,2,2,1,6.0,RUE DES POISSONNIERS,48.89048,2.351484,17:30:00,2024-04-12
202400027603,18:00,Plein jour,75,75116,2,7,1,2.0,AVENUE DE VERSAILLES,48.847298,2.273592,18:00:00,2024-04-12
202400027604,20:55,Nuit sans éclairage,26,26166,1,1,1,4.0,Autoroute A7 PK 094.200,44.751031,4.790339,20:55:00,2024-01-23
202400027605,19:00,Plein jour,75,75115,2,3,1,2.0,BOULEVARD VICTOR,48.833972,2.285368,19:00:00,2024-04-12
202400027606,11:15,Plein jour,86,86028,1,1,1,7.0,D139,46.596552,0.4814,11:15:00,2024-01-24
202400027607,16:45,Plein jour,75,75115,2,2,1,6.0,RUE BRANCION,48.834752,2.30521,16:45:00,2024-04-12
202400027608,08:00,,58,58102,2,1,8,3.0,rue de beauséjour,47.377294,3.113488,08:00:00,2024-01-23
202400027609,17:50,Crépuscule,85,85215,1,9,8,3.0,RD 137,46.849625,-1.1634175,17:50:00,2024-01-22
202400027610,15:00,Plein jour,75,75115,2,4,1,3.0,RUE BARGUE,48.83762,2.309639,15:00:00,2024-04-12
202400027611,10:00,Plein jour,47,47165,2,1,1,7.0,Rue Edouard Giresse,44.519805,0.039179,10:00:00,2024-01-23
202400027612,06:20,Nuit sans éclairage,59,59229,1,1,8,3.0,D42,50.039323,4.027133,06:20:00,2024-01-24
202400027613,16:40,Plein jour,75,75114,2,4,1,6.0,AVENUE DU MAINE,48.830214,2.325914,16:40:00,2024-04-12
202400027614,16:00,Plein jour,56,56185,1,1,1,3.0,Kersalic,47.778873,-3.430862,16:00:00,2024-01-24
202400027615,11:15,Plein jour,65,65025,2,1,1,2.0,8 Rue du Général Leclerc,43.003996,-0.101232,11:15:00,2024-01-24