Num_Acc,hrmn,lum,dep,com,agg,int,atm,col,adr,lat,long,heure,date
202400027616,15:16,Plein jour,75,75114,2,7,1,6.0,AVENUE JEAN MOULIN,48.827811,2.326612,15:16:00,2024-04-12
202400027617,11:15,Plein jour,75,75113,2,7,1,6.0,RUE VULPIAN,48.832594,2.346864,11:15:00,2024-04-12
202400027618,08:40,Plein jour,65,65025,2,2,1,3.0,Avenue Robert Coll,43.00636608,-0.09335716,08:40:00,2024-01-23
202400027619,21:25,,75,75110,2,2,1,6.0,RUE DE LA GRANGE AUX BELLES,48.873248,2.364218,21:25:00,2024-04-12
202400027620,14:53,Plein jour,75,75109,2,2,1,6.0,RUE SAINT LAZARE,48.875594,2.326615,14:53:00,2024-04-12
202400027621,10:10,Plein jour,33,33424,1,9,8,4.0,Unknown,45.139468,-0.81824,10:10:00,2024-01-23
202400027622,16:58,Plein jour,75,75102,2,2,1,7.0,BOULEVARD DE SEBASTOPOL,48.866229,2.352535,16:58:00,2024-04-12
202400027623,18:45,,63,63058,2,1,1,6.0,Lieu-dit les raymonds,45.88962602,3.38890672,18:45:00,2024-01-23
202400027624,20:00,Crépuscule,42,42323,2,2,1,3.0,Rue du Stade,45.56676,4.296416,20:00:00,2024-01-23
202400027625,16:55,Plein jour,94,94081,2,2,7,3.0,Avenue Rouget de Lisle / Avenue de la Commune de Paris,48.78266422,2.39392161,16:55:00,2024-04-12
202400027626,14:50,Plein jour,94,94081,2,2,7,3.0,Rue Berthie Albrecht / Rue Edith Cavell,48.79908684,2.4114114,14:50:00,2024-04-12
202400027627,14:00,Plein jour,42,42021,1,1,1,1.0,Route de Margerie,45.514102,4.096822,14:00:00,2024-01-23
202400027628,12:45,Plein jour,94,94068,2,1,1,6.0,Rue du Pont de Créteil,48.80461,2.47171,12:45:00,2024-04-11
202400027629,08:00,Crépuscule,41,41233,2,1,2,1.0,43 Rue du Bourg Neuf,47.434984,1.291475,08:00:00,2024-01-24
202400027630,13:30,Plein jour,94,94058,2,1,1,6.0,Rue Jean d'Estienne d'Orves,48.840529,2.498782,13:30:00,2024-04-08
202400027631,15:10,Plein jour,29,29004,1,1,2,6.0,Saint Lucas,47.921621,-3.694444,15:10:00,2024-01-23
202400027632,18:50,Plein jour,94,94046,2,3,1,6.0,Rue Paul Bert / Quai Fernand Saguet,48.8156,2.4258,18:50:00,2024-04-12
202400027633,13:15,Plein jour,01,01449,1,1,1,6.0,D93,46.00627,5.258299,13:15:00,2024-01-23
202400027634,18:45,Plein jour,94,94016,2,3,1,3.0,Avenue de la Division Leclerc / Avenue Vatier,48.78831,2.33031,18:45:00,2024-04-12
202400027635,12:25,Plein jour,26,26124,1,1,1,2.0,"RN-7, PK montant 58",44.82238477,4.86031294,12:25:00,2024-01-24
202400027636,21:20,,94,94073,2,3,1,3.0,Avenue du Luxembourg,48.75881,2.37251,21:20:00,2024-04-12
202400027637,23:25,,58,58095,2,1,1,3.0,Quai de Loire,46.82977,3.463359,23:25:00,2024-01-23
202400027638,05:30,,94,94033,2,6,1,3.0,Rue Carnot,48.85282,2.49074,05:30:00,2024-04-11
202400027639,15:58,Plein jour,72,72290,1,1,2,6.0,lieu dit tete de loup,48.16543662,0.11095047,15:58:00,2024-01-21
202400027640,07:00,Crépuscule,94,94055,2,1,1,2.0,Avenue du Général de Gaulle,48.79100658,2.53371933,07:00:00,2024-04-11
202400027641,10:00,Plein jour,93,93050,2,3,1,6.0,Avenue du 8 Mai 1945 / Rue d’Artois,48.86497,2.5347,10:00:00,2024-04-12
202400027642,18:40,Nuit sans éclairage,14,14504,1,1,1,2.0,418 Route de Lisieux,49.206194,0.334418,18:40:00,2024-01-24
202400027643,12:09,Plein jour,64,64155,1,1,1,7.0,D933,43.177947,-1.180719,12:09:00,2024-01-24
202400027644,10:30,Plein jour,93,93048,2,2,1,3.0,Rue de Paris / Rue d’Alembert,48.85474,2.41753,10:30:00,2024-04-12
202400027645,18:30,,16,16005,2,7,2,7.0,2 Rue de Saint-fraigne,45.9001,0.014994,18:30:00,2024-01-23
202400027646,08:54,Plein jour,93,93046,2,2,1,6.0,Boulevard Gutenberg / Avenue Vauban,48.91289,2.51855,08:54:00,2024-04-12
202400027647,18:37,Nuit sans éclairage,04,04123,1,3,1,6.0,Intersection RD24 / La grande Bastide,44.261404,5.876554,18:37:00,2024-01-23
202400027648,00:10,,93,93032,2,3,1,3.0,Avenue Jean Jaurès / Rue Clemenceau,48.88312,2.52752,00:10:00,2024-04-12
202400027649,18:40,Nuit sans éclairage,85,85157,1,1,8,6.0,RD 7,46.5717781,-1.156359,18:40:00,2024-01-24
202400027650,06:30,Nuit avec éclairage,93,93071,2,1,1,2.0,Chemin de Savigny,48.941582,2.521155,06:30:00,2024-04-12
202400027651,12:15,Plein jour,87,87057,1,3,1,3.0,le Beauvert,46.192224,1.237539,12:15:00,2024-01-24
202400027652,13:52,Plein jour,92,92036,2,6,1,3.0,VERDUN (AVENUE) (IMPAIRS 1 A 25),48.9345,2.3209,13:52:00,2024-04-12
202400027653,11:13,Crépuscule,92,92062,2,1,1,6.0,PLACE DES DEGRES,48.89095,2.23978,11:13:00,2024-04-12
202400027654,08:30,Plein jour,30,30003,1,1,1,2.0,Unknown,43.564454,4.1307087,08:30:00,2024-01-23
202400027655,16:25,Plein jour,51,51172,2,2,1,3.0,CHANZY (RUE),49.22428,4.05183,16:25:00,2024-05-20
202400027656,22:30,,92,92025,2,3,1,3.0,CHARLES DE GAULLE (BD),48.90894769,2.23656997,22:30:00,2024-04-11
202400027657,10:50,Plein jour,68,68375,1,4,1,2.0,D430,47.82467244,7.28745923,10:50:00,2024-01-23
202400027658,07:30,Plein jour,93,93051,1,1,1,2.0,A4,48.83542191,2.56797802,07:30:00,2024-09-02
202400027659,15:45,Plein jour,92,92024,2,1,1,4.0,MARTRE (RUE) DE (59 A 109)   (58 A 120),48.90111637,2.30787849,15:45:00,2024-04-12
202400027660,06:45,Crépuscule,978,97801,2,1,1,1.0,rn 7 la savane,18.085542,-63.066056,06:45:00,2024-01-24
202400027661,14:30,Plein jour,44,44184,2,3,1,3.0,23 Rue P. Augustin de Beaumarchais,47.27530168,-2.22063214,14:30:00,2024-05-21
202400027662,18:44,Nuit sans éclairage,91,91179,1,1,1,4.0,RN 337,48.55623,2.49696,18:44:00,2024-01-16
202400027663,12:20,Plein jour,92,92004,2,1,1,3.0,GRESILLONS ( AVENUE DES  ),48.91679421,2.30617118,12:20:00,2024-04-08
202400027664,12:40,Plein jour,40,40134,1,1,1,6.0,A63,44.216447,-0.925426,12:40:00,2024-01-24
202400027665,22:25,,92,92002,2,1,1,6.0,LEON JOUHAUX (AVENUE),48.73440773,2.31143296,22:25:00,2024-04-12
202400027666,16:15,Plein jour,44,44109,2,6,1,3.0,Rond-Point de Vannes,47.22967895,-1.57235192,16:15:00,2024-08-15
202400027667,18:13,Nuit sans éclairage,51,51437,1,1,1,3.0,A4 PK 121+600 sens METZ/PARIS,49.22191,3.815939,18:13:00,2024-01-23
202400027668,15:35,Plein jour,60,60374,2,3,1,3.0,Route de Coivrel,49.552528,2.532799,15:35:00,2024-04-12
202400027669,17:05,Plein jour,44,44109,2,1,1,6.0,6 Place du Sanitat,47.2101516,-1.56876267,17:05:00,2024-08-15
202400027670,14:45,Plein jour,73,73039,1,1,1,2.0,A43,45.56890542,5.66922516,14:45:00,2024-01-24
202400027671,17:59,Plein jour,51,51141,2,4,1,3.0,40 Rue du Colonel Caillot,48.837265,4.512084,17:59:00,2024-04-04
202400027672,16:30,Plein jour,44,44109,2,1,1,7.0,Boulevard Albert Einstein,47.26192133,-1.56556655,16:30:00,2024-08-14
202400027673,00:10,,44,44109,2,8,1,3.0,45 Boulevard de Doulon,47.22424,-1.52057,00:10:00,2024-05-22
202400027674,15:00,Plein jour,987,98731,2,1,1,6.0,Village d'HATIHEU,-8.82876,-140.085737,15:00:00,2024-01-23
202400027675,11:15,Plein jour,42,42332,2,3,7,6.0,Route de la Mirandole,46.018006,4.048784,11:15:00,2024-04-12
202400027676,15:10,Plein jour,44,44143,2,1,1,6.0,74 Rue de la Commune de 1871,47.1875379,-1.5518871,15:10:00,2024-08-14
202400027677,10:45,Plein jour,39,39300,2,1,1,6.0,4 Place Perraud,46.676217,5.55436,10:45:00,2024-04-20
202400027678,23:08,Nuit sans éclairage,77,77505,1,1,1,2.0,A4,48.914406,2.976501,23:08:00,2024-04-12
202400027679,11:48,Plein jour,37,37014,1,3,2,3.0,Route de Langeais,47.27086133,0.4269399,11:48:00,2024-01-22
202400027680,06:43,Crépuscule,38,38053,2,6,1,3.0,BARBUSSE,45.5988,5.26694,06:43:00,2024-05-21
202400027681,15:45,Plein jour,83,83148,2,2,1,3.0,Chemin de la Verrerie Neuve,43.396504,6.420994,15:45:00,2024-04-13
202400027682,10:15,Plein jour,42,42097,1,1,1,5.0,A72,45.49773,4.31346,10:15:00,2024-04-12
202400027683,07:00,Crépuscule,2B,2B093,1,1,1,3.0,D151,42.621202,8.911441,07:00:00,2024-01-19
202400027684,21:50,Nuit sans éclairage,83,83048,2,1,1,7.0,allée du train des pignes,43.20608512,6.56536433,21:50:00,2024-04-12
202400027685,13:00,Plein jour,44,44109,2,6,1,3.0,Route de la Chapelle sur Erdre,47.26432372,-1.57419383,13:00:00,2024-08-11
202400027686,10:40,Plein jour,37,37261,2,1,1,3.0,EIFFEL (AVENUE GUSTAVE),47.43565,0.69839,10:40:00,2024-05-20
202400027687,18:00,Crépuscule,66,66065,1,1,1,6.0,Chemin de la Mer,42.590073,3.010898,18:00:00,2024-01-23
202400027688,21:25,Nuit sans éclairage,35,35363,1,1,1,3.0,N137,47.99682635,-1.6937989,21:25:00,2024-04-12
202400027689,13:30,Plein jour,44,44109,2,1,1,7.0,Place de la Duchesse Anne,47.21673514,-1.54709702,13:30:00,2024-08-10
202400027690,17:20,Plein jour,35,35238,2,1,1,6.0,CLEMENCEAU (BD GEORGES),48.0939352,-1.67725035,17:20:00,2024-05-21
202400027691,14:40,Plein jour,83,83068,1,1,1,3.0,Route de la Garde Freinet,43.273534,6.509678,14:40:00,2024-01-21
202400027692,00:25,,44,44109,2,1,1,7.0,Rue Louis Blanc,47.20689023,-1.55505164,00:25:00,2024-08-09
202400027693,15:30,Plein jour,35,35238,2,1,2,6.0,CANADA (AVENUE DU),48.08547306,-1.68230185,15:30:00,2024-05-21
202400027694,18:20,Plein jour,62,62042,2,1,1,1.0,Rue du Chaufour,50.30547011,2.83467937,18:20:00,2024-04-12
202400027695,09:05,Plein jour,44,44109,2,6,1,3.0,45 Rue du Château de l'Eraudière,47.24677655,-1.53732249,09:05:00,2024-08-07
202400027696,19:00,Crépuscule,56,56094,1,1,1,7.0,Lieu Dit Locjean,47.760034,-3.21187,19:00:00,2024-04-13
202400027697,10:00,Plein jour,35,35238,2,6,8,3.0,CHATEAU (AVENUE FRANCOIS),48.11183568,-1.64635867,10:00:00,2024-05-21
202400027698,19:45,Nuit sans éclairage,69,69167,1,1,8,6.0,Route du Cruizon,46.02463,4.5686,19:45:00,2024-01-20
202400027699,05:30,Nuit sans éclairage,76,76405,1,1,1,1.0,N27,49.831284,1.065502,05:30:00,2024-04-13
202400027700,02:50,Nuit sans éclairage,2B,2B096,1,1,1,6.0,RT 20 PK 79,42.281476,9.164116,02:50:00,2024-04-13
202400027701,01:10,,34,34172,2,1,1,7.0,TOULOUSE (AVENUE DE,43.59448,3.86095,01:10:00,2024-05-20
202400027702,08:35,Plein jour,84,84007,2,2,1,5.0,PIERRE SEMARD (avenue),43.93399,4.83202,08:35:00,2024-06-22
202400027703,16:00,Plein jour,35,35240,2,6,1,3.0,Avenue des Acquets,48.094,-1.795267,16:00:00,2024-01-23
202400027704,10:50,Plein jour,33,33281,2,2,1,6.0,Unknown,44.84357,-0.65018,10:50:00,2024-05-21
202400027705,10:30,Plein jour,32,32107,2,1,1,7.0,Avenue des Pyrénées,43.9474,0.372237,10:30:00,2024-04-13
202400027706,03:50,,84,84007,2,1,1,3.0,QUAI SAINT LAZARE (Bd du),43.95253,4.81683,03:50:00,2024-06-22
202400027707,00:05,Nuit sans éclairage,69,69389,1,1,1,2.0,Route de Métropole 6,45.77047,4.79185,00:05:00,2024-01-22
202400027708,19:25,Plein jour,71,71132,1,2,1,3.0,la valteuse,46.601919,4.272759,19:25:00,2024-04-13
202400027709,08:40,Plein jour,33,33063,2,3,1,3.0,Unknown,44.86744,-0.55165,08:40:00,2024-05-21
202400027710,13:15,Plein jour,84,84007,2,1,1,1.0,République (rue de la ),43.94616,4.8057,13:15:00,2024-06-21
202400027711,19:20,Plein jour,89,89309,1,1,1,6.0,route departementale 82,48.269226,3.181958,19:20:00,2024-04-12
202400027712,09:30,Plein jour,29,29051,2,1,1,7.0,Avenue de Coray,48.00050105,-4.04902187,09:30:00,2024-05-21
202400027713,15:28,Plein jour,92,92002,1,1,1,5.0,AUTOROUTE A10,48.7330052,2.31191432,15:28:00,2024-01-23
202400027714,14:30,Plein jour,89,89345,1,1,1,7.0,D905,47.999657,3.692243,14:30:00,2024-04-13
202400027715,09:50,Plein jour,29,29039,2,1,1,6.0,Rue Chateaubriand,47.871626,-3.919545,09:50:00,2024-05-21
202400027716,19:10,Plein jour,44,44109,2,3,1,3.0,Rue Dos d'Äne,47.19774281,-1.54242858,19:10:00,2024-08-07
202400027717,09:25,Plein jour,92,92048,1,1,1,3.0,N118,48.78690915,2.22253888,09:25:00,2024-01-23
202400027718,22:25,Nuit sans éclairage,63,63211,1,1,1,6.0,lieu dit espinasse,45.49333478,3.75813425,22:25:00,2024-04-12
202400027719,09:35,Plein jour,27,27562,2,9,1,6.0,ROUEN (ROUTE DE ),49.102,1.468,09:35:00,2024-05-20
202400027720,09:45,Plein jour,78,78545,1,1,8,4.0,A12 Y,48.81035,2.055634,09:45:00,2024-01-23
202400027721,06:30,Crépuscule,44,44109,2,2,1,3.0,42 Rue de Strasbourg,47.21900173,-1.55381337,06:30:00,2024-08-06
202400027722,18:05,Plein jour,25,25388,2,9,1,3.0,LUDWIGSBURG (ROND POINT DE),47.50326,6.81192,18:05:00,2024-05-21
202400027723,08:50,Plein jour,76,76711,2,1,1,3.0,Route d?Eu,50.055818,1.38873,08:50:00,2024-04-12
202400027724,09:30,Plein jour,92,92036,1,1,1,3.0,AUTOROUTE A15,48.93788866,2.29766722,09:30:00,2024-01-23
202400027725,10:40,Plein jour,13,13019,1,1,1,1.0,ROUTE D’APT,43.42368,5.36752,10:40:00,2024-05-21
202400027726,14:06,Plein jour,44,44109,2,1,1,6.0,95 rue Gambetta,47.21955538,-1.54888054,14:06:00,2024-08-03
202400027727,22:57,Nuit sans éclairage,12,12077,1,1,1,7.0,D7,43.895581,3.170736,22:57:00,2024-04-12
202400027728,17:25,Plein jour,93,93066,1,1,1,2.0,A1,48.9098737,2.35830324,17:25:00,2024-01-22
202400027729,15:50,Plein jour,42,42095,2,1,1,6.0,Impasse des Artisans,45.38824,4.29933,15:50:00,2024-05-28
202400027730,14:07,Plein jour,13,13203,2,3,1,1.0,FÉLIX PYAT (RUE),43.31998,5.37435,14:07:00,2024-05-21
202400027731,19:00,Nuit sans éclairage,93,93051,1,1,2,2.0,A4,48.83625354,2.55187896,19:00:00,2024-01-23
202400027732,15:37,Plein jour,86,86085,1,1,1,6.0,D7,46.860313,0.221341,15:37:00,2024-04-13
202400027733,12:00,Plein jour,13,13208,2,1,1,3.0,MICHELET (BOULEVARD),43.26420309,5.39599938,12:00:00,2024-05-21
202400027734,00:45,,42,42044,2,3,1,3.0,Avenue André Citroën,45.39298,4.30285,00:45:00,2024-05-25
202400027735,13:50,Plein jour,94,94069,1,1,8,3.0,A4,48.81713893,2.44226193,13:50:00,2024-01-23
202400027736,19:30,Plein jour,13,13207,2,1,1,3.0,CHARLES LIVON (BOULEVARD),43.29221,5.36381,19:30:00,2024-05-20
202400027737,11:00,Plein jour,44,44114,2,1,1,2.0,2 Allée de Tilleuls,47.25069722,-1.6057837,11:00:00,2024-08-03
202400027738,09:25,Plein jour,94,94073,1,1,8,3.0,A86,48.77107455,2.38866733,09:25:00,2024-01-23
202400027739,18:06,Plein jour,86,86016,1,1,1,1.0,D18,46.669361,0.292579,18:06:00,2024-04-12
202400027740,15:30,Plein jour,13,13028,2,1,1,2.0,FONTSAINTE (AVENUE DE),43.19102,5.63886,15:30:00,2024-05-21
202400027741,07:45,Crépuscule,44,44162,2,6,1,3.0,1 Rue de la Johardière,47.22382512,-1.64392763,07:45:00,2024-07-30
202400027742,00:01,,971,97120,2,9,1,6.0,CHANZY (BOULEVARD),16.24120406,-61.53662324,00:01:00,2024-01-22
202400027743,09:15,Plein jour,13,13001,2,1,7,3.0,VAIR GUILLAUME DU (RUE),43.50445,5.39492,09:15:00,2024-05-21
202400027744,16:55,Plein jour,22,22377,2,3,1,3.0,2 Rue de Kervalo,48.663165,-2.872104,16:55:00,2024-04-12
202400027745,22:20,,44,44109,2,2,1,3.0,Pont de Pirmil,47.19802795,-1.54220486,22:20:00,2024-07-30
202400027746,17:45,Plein jour,39,39577,1,1,1,1.0,Unknown,46.800339,5.488207,17:45:00,2024-04-12
202400027747,20:20,,974,97416,1,1,1,3.0,DELISLES (ROUTE HUBERT) CD3,-21.3187954,55.54848129,20:20:00,2024-01-22
202400027748,14:45,Plein jour,44,44109,2,1,1,2.0,16 Boulevard Président René Coty,47.20806867,-1.58382286,14:45:00,2024-07-27
202400027749,12:00,Plein jour,06,06088,2,1,1,6.0,61 Boulevard Henri Sappia,43.73113169,7.25241918,12:00:00,2024-05-21
202400027750,20:35,,974,97416,2,1,1,5.0,REPUBLIQUE(RUE DE LA),-21.33434,55.4654,20:35:00,2024-01-22
202400027751,22:30,Nuit sans éclairage,25,25321,1,1,1,3.0,Rue du Col,47.058838,6.677166,22:30:00,2024-04-12
202400027752,09:40,Plein jour,06,06069,2,1,1,3.0,62 Route de la Marigarde,43.653889,6.934479,09:40:00,2024-05-21
202400027753,05:45,Plein jour,974,97416,1,4,1,6.0,CALVAIRE(CHEMIN),-21.33809,55.5169,05:45:00,2024-01-22
202400027754,07:38,Plein jour,94,94044,1,1,1,5.0,N406,48.75781222,2.47055049,07:38:00,2024-09-01
202400027755,11:30,Plein jour,974,97409,2,1,1,3.0,Lefaguyes (chemin),-20.96098,55.66187,11:30:00,2024-01-22
202400027756,20:15,Plein jour,01,01451,1,6,8,7.0,STRASBOURG (ROUTE DE),46.240306,5.265869,20:15:00,2024-05-21
202400027757,16:59,Plein jour,44,44087,2,1,1,1.0,Boulevard de l’atlantique,46.998386,-1.81441,16:59:00,2024-04-13
202400027758,18:10,Plein jour,67,67230,1,1,1,5.0,RHIN (ROUTE DU),48.79697,7.83926,18:10:00,2024-04-11
202400027759,19:05,Nuit sans éclairage,973,97302,2,1,1,6.0,BOULEVARD DES CITES,4.9221,-52.31696,19:05:00,2024-01-21
202400027760,19:20,,974,97416,2,3,1,6.0,RAIMBAULT (RUE DU PERE),-21.33321,55.47149,19:20:00,2024-09-02
202400027761,17:40,Plein jour,29,29276,2,2,1,3.0,Route de Cléder,48.66656968,-4.06963896,17:40:00,2024-04-12
202400027762,18:50,Crépuscule,69,69388,2,2,1,3.0,Boulevard des Etats-Unis,45.73111,4.866,18:50:00,2024-01-22
202400027763,10:50,Plein jour,75,75116,2,1,1,2.0,BD PERIPHERIQUE INTERIEUR,48.84053,2.254099,10:50:00,2024-05-21
202400027764,19:40,Plein jour,29,29007,1,1,1,7.0,D769,48.43631358,-3.77292415,19:40:00,2024-04-12
202400027765,20:55,Nuit sans éclairage,974,97411,1,9,1,6.0,LITTORAL (ROUTE 1 DU),-20.8774,55.40766,20:55:00,2024-09-01
202400027766,21:00,,972,97209,2,1,1,6.0,Bretelle sortie A1,14.61456,-61.04943,21:00:00,2024-01-21
202400027767,08:30,Plein jour,31,31027,1,1,1,2.0,D622,43.330664,1.359311,08:30:00,2024-04-13
202400027768,11:15,Plein jour,971,97120,2,1,1,7.0,Amitié des peuples,16.24883,-61.54646,11:15:00,2024-01-22
202400027769,15:55,Plein jour,974,97411,2,1,1,3.0,GAULLE (DU GENERAL DE),-20.88489,55.46003,15:55:00,2024-08-31
202400027770,07:15,Plein jour,75,75119,2,1,1,4.0,BD PERIPHERIQUE EXTERIEUR,48.900606,2.373933,07:15:00,2024-05-21
202400027771,19:00,Nuit sans éclairage,38,38463,2,2,1,7.0,D32,45.156705,5.327817,19:00:00,2024-02-17
202400027772,02:55,,971,97113,1,1,1,3.0,SECTION LABROUSSE,16.21815,-61.50914,02:55:00,2024-09-01
202400027773,02:30,,971,97101,1,9,1,4.0,MORNE BERNUS,16.23375996,-61.52397394,02:30:00,2024-01-20
202400027774,10:51,Plein jour,38,38183,1,1,1,6.0,Route de la Ville,45.595483,5.59217,10:51:00,2024-04-13
202400027775,05:40,Crépuscule,75,75118,2,1,1,2.0,BD PERIPHERIQUE INTERIEUR,48.900984,2.348038,05:40:00,2024-05-21
202400027776,19:30,,971,97113,1,1,1,2.0,GRAND BAIE ( RN4),16.21836,-61.5068,19:30:00,2024-08-31
202400027777,22:17,,95,95598,2,9,1,3.0,D109P,48.98786359,2.30094458,22:17:00,2024-01-22
202400027778,16:30,Plein jour,75,75112,2,3,2,6.0,AVENUE DAUMESNIL,48.846605,2.376678,16:30:00,2024-05-21
202400027779,10:45,Plein jour,02,02222,1,1,1,1.0,D35,49.690624,3.47114,10:45:00,2024-04-13
202400027780,16:30,Plein jour,91,91434,2,1,7,6.0,DOCTEUR ROUX (PAIRS DU 16 AU 126)  (AVEN,48.66279,2.35821,16:30:00,2024-01-22
202400027781,06:00,Plein jour,971,97113,1,1,1,6.0,RN4 - SECTION RIVIERA,16.20832,-61.46618,06:00:00,2024-08-31
202400027782,13:10,,75,75119,2,1,1,6.0,SOUTERRAIN PANTIN VILLETTE,48.89128,2.3958,13:10:00,2024-05-21
202400027783,10:05,Plein jour,03,03155,2,1,1,6.0,3 Rue du Docteur Vinatier,46.729991,2.938958,10:05:00,2024-04-13
202400027784,10:20,Plein jour,91,91286,2,1,1,6.0,SABLONS (AVENUE DES),48.655172,2.391319,10:20:00,2024-01-22
202400027785,12:55,Plein jour,75,75119,2,1,1,6.0,AVENUE DE FLANDRE,48.889389,2.375003,12:55:00,2024-05-21
202400027786,16:13,Plein jour,91,91433,1,1,8,7.0,RN 20,48.4462182,2.17586964,16:13:00,2024-01-21
202400027787,10:40,Plein jour,75,75117,2,1,8,2.0,BOULEVARD PERSHING,48.879953,2.282626,10:40:00,2024-05-21
202400027788,10:00,Plein jour,15,15261,1,2,7,3.0,RD 922,45.19983,2.378976,10:00:00,2024-04-13
202400027789,11:35,Plein jour,91,91477,2,9,1,2.0,SAND (RUE GEORGES),48.70692,2.24347,11:35:00,2024-09-02
202400027790,16:20,Plein jour,85,85194,2,1,1,6.0,68 Avenue d'aquitaine,46.4939324,-1.7643181,16:20:00,2024-01-17
202400027791,11:55,Plein jour,75,75116,2,7,1,1.0,AVENUE DU PRESIDENT WILSON,48.86469741,2.29418403,11:55:00,2024-05-21
202400027792,09:00,Plein jour,85,85191,2,6,2,3.0,RD 760,46.67461,-1.42886,09:00:00,2024-01-22
202400027793,11:57,Plein jour,87,87085,2,3,1,3.0,RHIN ET DANUBE (RUE),45.87983003,1.30056202,11:57:00,2024-08-31
202400027794,17:00,Plein jour,26,26108,1,9,7,2.0,Route des Blaches,44.721525,5.008113,17:00:00,2024-04-13
202400027795,15:35,Plein jour,75,75115,2,1,1,6.0,RUE MODIGLIANI,48.838495,2.279563,15:35:00,2024-05-21
202400027796,15:30,Plein jour,84,84087,2,1,2,6.0,CHAMPLAIN (CHEMIN DE),44.15984,4.82845,15:30:00,2024-01-22
202400027797,21:35,,87,87085,2,1,1,3.0,BLANC LOUIS (BOULEVARD),45.82791,1.26114,21:35:00,2024-08-22
202400027798,14:30,Plein jour,75,75114,2,2,1,3.0,RUE JULIA BARTET,48.825474,2.302191,14:30:00,2024-05-20
202400027799,08:50,Plein jour,84,84007,2,1,1,1.0,DOCTEUR PONS (Route touristique),43.95907,4.83205,08:50:00,2024-01-21
202400027800,12:00,Plein jour,84,84007,2,3,1,6.0,CROIX DES OISEAUX (AVENUE DE LA),43.9302,4.8243,12:00:00,2024-09-02
202400027801,20:35,Crépuscule,51,51454,2,1,2,1.0,BUIRETTE (RUE),49.25461,4.0258,20:35:00,2024-07-26
202400027802,12:00,Plein jour,54,54536,2,2,1,3.0,Rue Loris Batignani,49.316492,5.914727,12:00:00,2024-04-13
202400027803,17:00,Plein jour,75,75113,2,3,1,3.0,RUE DE LA POTERNE DES PEUPLIERS,48.819285,2.353226,17:00:00,2024-05-21
202400027804,16:40,Plein jour,30,30011,1,6,1,4.0,6580 (RD),43.95914,4.74606,16:40:00,2024-01-20
202400027805,10:45,Plein jour,84,84092,2,1,1,6.0,ANTOINE PINAY (ALLEE),43.95332,4.88052,10:45:00,2024-09-02
202400027806,22:15,,50,50129,2,1,1,1.0,SALINE (BOULEVARD DE LA),49.65611,-1.65271,22:15:00,2024-07-24
202400027807,20:10,Crépuscule,45,45127,2,2,1,3.0,12 Rue de la Capioterie,48.144506,2.767176,20:10:00,2024-04-12
202400027808,09:10,Plein jour,75,75112,2,1,1,6.0,RUE DE BERCY,48.843582,2.373963,09:10:00,2024-05-21
202400027809,13:10,Plein jour,84,84007,2,9,1,2.0,CHARLES DE GAULLE,43.94186,4.83251,13:10:00,2024-09-01
202400027810,18:00,,83,83126,2,2,1,3.0,DONICARDE (CHEMIN DE),43.09674654,5.86804551,18:00:00,2024-01-18
202400027811,07:20,Plein jour,16,16066,1,1,1,6.0,Unknown,45.339749,-0.047486,07:20:00,2024-04-12
202400027812,13:00,Plein jour,83,83126,2,1,1,6.0,MERLE (BD TOUSSAINT),43.10106739,5.88797829,13:00:00,2024-09-02
202400027813,16:35,Plein jour,50,50129,2,2,1,3.0,CHAUDIERES (RUE DES),49.63754,-1.56852,16:35:00,2024-07-24
202400027814,08:45,Plein jour,83,83126,2,1,1,6.0,LAMARQUE (AV JEAN ALBERT),43.10901,5.86134,08:45:00,2024-01-22
202400027815,16:30,Plein jour,16,16223,1,1,1,6.0,D108,45.6699295,0.48563003,16:30:00,2024-04-13
202400027816,12:00,Plein jour,75,75111,2,3,1,3.0,BOULEVARD BEAUMARCHAIS,48.858545,2.367896,12:00:00,2024-05-21
202400027817,08:05,Plein jour,82,82033,1,1,1,3.0,Route de Toulouse,44.03336,1.1214,08:05:00,2024-09-02
202400027818,09:15,Plein jour,75,75110,2,3,1,2.0,PLACE FRANZ LISZT,48.87773,2.35159,09:15:00,2024-05-21
202400027819,06:30,Plein jour,47,47001,2,4,1,1.0,LIBERTE (BOULEVARD DE LA),44.19763,0.6203,06:30:00,2024-07-26
202400027820,13:10,Plein jour,07,07101,1,2,1,3.0,Route de Fons-Julienne,44.393158,4.277195,13:10:00,2024-04-12
202400027821,23:15,,78,78621,2,1,1,3.0,VERLAINE (SQUARE PAUL),48.78501,1.98653,23:15:00,2024-09-01
202400027822,05:55,Crépuscule,44,44162,2,1,1,6.0,3 Boulevard Charles De Gaulle,47.21073,-1.62275,05:55:00,2024-07-25
202400027823,20:05,Plein jour,75,75109,2,2,1,6.0,RUE LAFFITTE,48.871538,2.337186,20:05:00,2024-05-21
202400027824,13:00,Plein jour,07,07120,1,1,1,2.0,chemin du grand james,44.813948,4.266433,13:00:00,2024-04-12
202400027825,08:20,Plein jour,77,77372,2,9,7,3.0,PARIS  (RUE DE  ),48.8805707,2.68090739,08:20:00,2024-09-02