Num_Acc,hrmn,lum,dep,com,agg,int,atm,col,adr,lat,long,heure,date
202400027826,15:42,Plein jour,75,75108,2,1,1,3.0,AVENUE DES CHAMPS ELYSEES,48.866156,2.319064,15:42:00,2024-05-21
202400027827,13:20,Plein jour,40,40281,2,1,1,5.0,SAILHÈS (CH. DE),43.86842,-0.48222,13:20:00,2024-07-23
202400027828,16:00,Plein jour,77,77258,2,6,1,1.0,GABRIEL (RUE),48.8367,2.63854,16:00:00,2024-01-22
202400027829,00:25,,75,75108,2,3,3,2.0,AVENUE DE FRIEDLAND,48.874004,2.297283,00:25:00,2024-05-21
202400027830,10:40,Plein jour,38,38185,2,2,1,6.0,JEAN JAURES (COURS),45.18805,5.71895,10:40:00,2024-07-26
202400027831,09:10,Plein jour,76,76005,2,1,2,6.0,Rue François Mitterrand,49.40097,1.12516,09:10:00,2024-01-21
202400027832,17:50,Plein jour,77,77186,1,2,1,1.0,RD 409 panneau ONF à LIBERATION,48.41348,2.6452,17:50:00,2024-09-01
202400027833,17:40,Plein jour,21,21056,1,3,7,3.0,D28A,47.403952,5.18443,17:40:00,2024-04-12
202400027834,08:30,Plein jour,75,75107,2,1,1,4.0,QUAI VOLTAIRE,48.858607,2.332209,08:30:00,2024-05-21
202400027835,00:45,,33,33063,2,3,1,2.0,Unknown,44.82987,-0.55986,00:45:00,2024-07-27
202400027836,11:35,Plein jour,76,76351,2,1,1,7.0,REPUBLIQUE (COURS DE LA),49.49677,0.12704,11:35:00,2024-01-22
202400027837,22:25,,76,76351,2,2,1,3.0,Cours de la République,49.5000584,0.12958414,22:25:00,2024-08-07
202400027838,08:55,Plein jour,40,40117,1,2,1,3.0,D824,43.79225,-0.445268,08:55:00,2024-04-12
202400027839,00:03,,75,75102,2,3,3,3.0,BOULEVARD MONTMARTRE,48.8717,2.341611,00:03:00,2024-05-21
202400027840,14:15,Plein jour,32,32013,1,1,1,3.0,TOULOUSE (ROUTE DE),43.65412,0.6098,14:15:00,2024-07-26
202400027841,07:50,,76,76351,2,2,2,3.0,JULES LECESNE (RUE),49.4933,0.11861,07:50:00,2024-01-22
202400027842,13:30,Plein jour,76,76351,2,3,1,7.0,Rue d'Etretat,49.4972,0.09816,13:30:00,2024-08-29
202400027843,14:30,Plein jour,94,94003,2,1,1,7.0,Avenue Aristide Briand,48.81232,2.32827,14:30:00,2024-05-21
202400027844,12:05,Plein jour,31,31555,2,1,1,7.0,AV DE FRONTON,43.65139991,1.4326212,12:05:00,2024-07-26
202400027845,17:25,Plein jour,04,04094,1,3,1,3.0,route départementale 952,43.757656,5.907109,17:25:00,2024-04-12
202400027846,19:30,,76,76351,2,4,1,3.0,LEON HALLAURE,49.51832,0.09577,19:30:00,2024-01-20
202400027847,19:45,Plein jour,76,76552,2,3,1,3.0,TILLEULS,49.51127,0.08579,19:45:00,2024-08-30
202400027848,07:10,Plein jour,94,94076,2,1,1,6.0,Av du President Salvador Allende,48.79799,2.34746,07:10:00,2024-05-20
202400027849,08:15,Plein jour,29,29254,1,1,1,6.0,Allée Saint François,48.59311284,-3.84144017,08:15:00,2024-07-26
202400027850,15:50,Plein jour,30,30228,1,1,1,3.0,RD 136,43.961584,4.334568,15:50:00,2024-04-12
202400027851,21:50,,76,76351,2,2,1,7.0,Avenue Paul Bert,49.50928,0.16665,21:50:00,2024-01-19
202400027852,13:05,Plein jour,94,94073,2,5,1,3.0,Avenue du Luxembourg / Rue d'Italie,48.75952158,2.37197453,13:05:00,2024-05-21
202400027853,06:50,Crépuscule,48,48190,1,1,1,6.0,départementale 989,44.811131,3.172034,06:50:00,2024-04-13
202400027854,20:55,,74,74012,2,1,1,7.0,GIFFRE (AVENUE DU),46.19643,6.23904,20:55:00,2024-09-02
202400027855,09:00,Plein jour,76,76351,2,3,1,6.0,JEAN JAURES (AVENUE),49.49824,0.14804,09:00:00,2024-01-19
202400027856,10:00,Plein jour,27,27451,1,1,1,5.0,FOCH (AVENUE DU MARECHAL),49.02777,1.11219,10:00:00,2024-07-26
202400027857,11:45,Plein jour,72,72003,2,1,1,6.0,GAULLE CHARLES DE (AV),47.96917,0.15968,11:45:00,2024-09-02
202400027858,17:10,Plein jour,13,13118,1,3,1,3.0,D10,43.549077,5.243515,17:10:00,2024-04-12
202400027859,20:05,,74,74012,2,6,1,6.0,ETREMBIERES (RUE D'),46.1903,6.2332,20:05:00,2024-01-22
202400027860,08:15,Plein jour,72,72181,2,1,1,6.0,PETITE-VITESSE (BD DE LA),47.99315,0.19674,08:15:00,2024-09-01
202400027861,20:00,Crépuscule,26,26252,1,9,1,2.0,Rue Marcel Champion,44.85851,4.8913,20:00:00,2024-07-26
202400027862,17:15,Plein jour,94,94017,2,3,1,4.0,Voie Sonia Delaunay / Avenue des Grands Godets,48.81262,2.5316,17:15:00,2024-05-13
202400027863,17:59,Plein jour,01,01049,1,1,1,6.0,A42 sens LYON/GENÈVE PK 013+350 sens LYON/GENÈVE,45.835355,5.03464,17:59:00,2024-04-13
202400027864,11:10,Plein jour,93,93070,2,1,1,6.0,Rue Albert Dhalenne,48.916217,2.330507,11:10:00,2024-05-21
202400027865,16:50,Plein jour,17,17380,1,1,1,1.0,GRANDE COTE (AVENUE DE LA),45.65281,-1.12192,16:50:00,2024-07-26
202400027866,16:05,Plein jour,72,72181,2,6,1,3.0,SAVORGNAN DE BRAZZA (AV) N° IMP,48.00915,0.22679,16:05:00,2024-01-21
202400027867,10:25,Plein jour,69,69013,2,1,1,5.0,Route Départementale 686,46.01905,4.72073,10:25:00,2024-09-02
202400027868,15:20,Plein jour,91,91679,1,1,1,1.0,départementale 938,48.73851,2.108388,15:20:00,2024-04-10
202400027869,20:50,Crépuscule,67,67043,2,1,1,6.0,ROBERT KIEFFER (RUE),48.616465,7.752324,20:50:00,2024-08-30
202400027870,18:00,Plein jour,93,93064,2,1,2,3.0,Rue Lachambaudie,48.877861,2.507465,18:00:00,2024-05-21
202400027871,16:45,Plein jour,49,49223,1,9,1,7.0,A87 - PK: 1+300 - BRETELLE SORTIE 23,47.39323029,-0.54007095,16:45:00,2024-04-12
202400027872,12:40,Plein jour,72,72181,2,1,8,2.0,DURAND GEORGES (AV) N° PAIRS 166 A 310,47.973599,0.215892,12:40:00,2024-01-21
202400027873,18:00,Plein jour,14,14225,2,1,1,2.0,113 Rue du Général de Gaulle,49.2854,-0.110319,18:00:00,2024-07-23
202400027874,04:05,,67,67482,2,3,1,7.0,DOUBS (RUE DU),48.54972,7.73421,04:05:00,2024-09-02
202400027875,14:10,Plein jour,93,93051,2,1,1,3.0,Avenue Médéric,48.82947,2.57345,14:10:00,2024-05-21
202400027876,19:15,Nuit sans éclairage,69,69266,2,1,2,6.0,Boulevard Laurent Bonnevay,45.78762,4.88163,19:15:00,2024-01-22
202400027877,11:05,Plein jour,972,97230,1,1,1,3.0,Tartane,14.756893,-60.929146,11:05:00,2024-04-11
202400027878,18:40,Plein jour,14,14341,1,6,1,2.0,N814,49.14561,-0.338,18:40:00,2024-07-22
202400027879,13:00,Plein jour,93,93074,1,1,1,7.0,D933,48.93455,2.57668,13:00:00,2024-05-21
202400027880,06:55,Crépuscule,66,66136,1,1,8,1.0,Unknown,42.66713,2.89906,06:55:00,2024-09-01
202400027881,14:50,Plein jour,37,37072,1,1,1,6.0,zone du blanc carroi,47.182654,0.264874,14:50:00,2024-04-06
202400027882,18:00,,69,69286,2,6,3,3.0,Route de Strasbourg,45.8294,4.90768,18:00:00,2024-01-22
202400027883,09:24,Plein jour,93,93074,2,1,1,2.0,Boulevard Jacques Amyot,48.93552129,2.56842703,09:24:00,2024-05-21
202400027884,01:26,,13,13117,1,6,1,3.0,CHEMIN DEPARTEMENTAL CD 20,43.45396549,5.23223673,01:26:00,2024-07-26
202400027885,19:45,Plein jour,64,64445,2,3,1,6.0,MONTPENSIER,43.30402,-0.37571,19:45:00,2024-09-01
202400027886,13:00,Plein jour,45,45085,2,1,1,1.0,Parking SUPER U,47.834578,2.840824,13:00:00,2024-04-13
202400027887,17:45,Plein jour,93,93006,2,1,2,6.0,Avenue du Général de Gaulle,48.86494,2.417494,17:45:00,2024-05-21
202400027888,17:30,Plein jour,69,69275,2,3,2,6.0,Rue de la Fraternité,45.77138,4.95819,17:30:00,2024-01-22
202400027889,00:20,,13,13208,2,1,1,2.0,MADRAGUE DE MONTREDON (AVE DE LA) ,43.233,5.3584,00:20:00,2024-07-27
202400027890,16:30,Plein jour,64,64024,2,1,1,3.0,MARCEL DASSAULT (AVENUE),43.50165,-1.49551,16:30:00,2024-09-02
202400027891,19:00,,69,69091,2,2,2,6.0,Avenue Youri Gagarine,45.6018343,4.77062421,19:00:00,2024-01-22
202400027892,17:45,Plein jour,77,77034,1,3,7,6.0,D215,48.57677,2.781193,17:45:00,2024-04-12
202400027893,11:45,Plein jour,93,93047,2,7,1,6.0,Place Jean Mermoz / Rue du Général Leclerc,48.90146,2.57046,11:45:00,2024-05-21
202400027894,22:00,,13,13206,2,2,1,3.0,PIERRE PUGET (COURS),43.29043,5.37578,22:00:00,2024-07-26
202400027895,20:10,,2A,2A041,2,1,1,7.0,#Brancuccio#,41.390397,9.170478,20:10:00,2024-04-09
202400027896,10:35,Plein jour,63,63212,1,3,1,3.0,ROCADE RD 446,45.88174573,3.09607923,10:35:00,2024-09-01
202400027897,15:35,Plein jour,67,67218,2,3,1,3.0,PARC (RUE DU),48.53151,7.71455,15:35:00,2024-01-21
202400027898,09:00,Plein jour,13,13208,2,1,1,1.0,HAMBOURG (BOULEVARD),43.25000845,5.38938972,09:00:00,2024-07-23
202400027899,17:45,Plein jour,93,93001,2,1,8,1.0,Rue Danielle Casanova,48.91644,2.39775,17:45:00,2024-05-21
202400027900,18:20,Plein jour,63,63113,2,1,1,3.0,GANTIERE (RUE DE LA),45.76412,3.1234,18:20:00,2024-09-02
202400027901,11:30,Plein jour,66,66037,2,3,1,1.0,Unknown,42.69844133,3.00822616,11:30:00,2024-04-13
202400027902,08:20,Plein jour,63,63113,2,1,8,2.0,BERGOUGNAN (AVENUE RAYMOND),45.78434217,3.06754053,08:20:00,2024-01-22
202400027903,18:40,Plein jour,13,13047,2,1,1,3.0,ANCIENS COMBATTANTS AVENUE DES,43.4942,4.99261,18:40:00,2024-07-26
202400027904,02:00,,92,92051,2,9,1,3.0,"CHARLES DE GAULLE (AVENUE, N°27 A 129)",48.8825062,2.26843983,02:00:00,2024-04-30
202400027905,11:05,Plein jour,61,61006,2,1,1,6.0,40 Rue de la République,48.74602,-0.02143,11:05:00,2024-09-02
202400027906,20:15,Plein jour,92,92048,2,1,1,7.0,ROUTE DES BOIS BLANCS,48.80886616,2.20592326,20:15:00,2024-05-21
202400027907,07:30,Crépuscule,62,62498,2,3,2,5.0,D161E2,50.43744742,2.84684515,07:30:00,2024-01-22
202400027908,14:45,Plein jour,30,30330,1,4,1,3.0,D982,44.032494,4.00288,14:45:00,2024-04-13
202400027909,09:50,Plein jour,11,11069,2,1,1,5.0,Unknown,43.22825444,2.33656373,09:50:00,2024-07-26
202400027910,21:40,,59,59512,2,1,1,1.0,LAGACHE (AVENUE JULIEN),50.68387,3.19907,21:40:00,2024-09-02
202400027911,16:50,Plein jour,34,34199,1,1,1,7.0,Route de Nizas,43.486112,3.413647,16:50:00,2024-04-12
202400027912,19:00,Nuit sans éclairage,60,60057,1,4,2,3.0,Rue de Crevecoeur,49.4663498,2.07432014,19:00:00,2024-01-22
202400027913,16:45,Plein jour,34,34202,1,1,1,4.0,D5,43.585909,3.790605,16:45:00,2024-05-21
202400027914,19:10,Plein jour,11,11069,1,1,1,3.0,Unknown,43.21373,2.29799,19:10:00,2024-07-25
202400027915,18:35,Plein jour,59,59350,2,2,1,6.0,Boulevard de la Lorraine,50.630419,3.035105,18:35:00,2024-09-02
202400027916,15:10,Plein jour,59,59599,2,1,1,6.0,Boulevard Gambetta,50.71659,3.15831,15:10:00,2024-01-22
202400027917,17:50,Plein jour,83,83112,2,1,1,6.0,Avenue de la Mer,43.179367,5.689335,17:50:00,2024-04-12
202400027918,17:20,Plein jour,2A,2A272,1,1,3,7.0,route de propriano,41.655122,8.924307,17:20:00,2024-05-20
202400027919,08:25,Plein jour,59,59327,1,1,4,7.0,TOURBIERES (CHEMIN DES),50.38655,3.18065,08:25:00,2024-01-19
202400027920,10:10,Plein jour,11,11069,1,1,1,2.0,ROCADE NORD - RD 6113,43.23356,2.36308,10:10:00,2024-07-25
202400027921,08:40,Plein jour,59,59009,2,2,1,3.0,TOURNAI BOULEVARD DE,50.61507,3.14105,08:40:00,2024-09-02
202400027922,11:33,Plein jour,54,54451,1,1,4,2.0,Rue de Boismont,49.50536,5.75232,11:33:00,2024-01-22
202400027923,17:30,Plein jour,58,58214,1,1,1,1.0,D8,47.079065,3.122386,17:30:00,2024-04-13
202400027924,15:50,Plein jour,30,30334,2,1,1,1.0,Chemin Charles-François Landry,44.022161,4.4029,15:50:00,2024-05-22
202400027925,09:20,Plein jour,10,10387,2,2,2,3.0,ST DOMINIQUE (MAIL),48.29491,4.08184,09:20:00,2024-07-23
202400027926,09:10,Plein jour,51,51454,2,1,1,6.0,VENISE (RUE),49.2466,4.0319,09:10:00,2024-09-02
202400027927,18:55,,53,53130,2,1,1,1.0,ATLANTIQUE ( AVENUE DE L' ),48.06092038,-0.7846427,18:55:00,2024-01-22
202400027928,15:50,Plein jour,63,63470,1,1,1,7.0,RD90 egaules,45.84557578,3.00534403,15:50:00,2024-04-13
202400027929,10:55,Plein jour,06,06088,1,1,1,6.0,75 Route d'Aspremont,43.743222,7.249221,10:55:00,2024-07-26
202400027930,11:41,Plein jour,49,49323,2,1,3,7.0,A87,47.49565081,-0.49884365,11:41:00,2024-08-31
202400027931,08:37,Plein jour,51,51454,2,9,1,7.0,SAINT THIERRY (RUE) DU N°52 A 136 ET DU,49.268011,4.016762,08:37:00,2024-01-22
202400027932,17:40,Plein jour,83,83054,2,2,1,3.0,Rue du Docteur Schweitzer,43.152428,6.043215,17:40:00,2024-05-22
202400027933,10:50,Plein jour,38,38072,2,1,1,7.0,Montee de Bouillard,45.311039,4.8273,10:50:00,2024-04-07
202400027934,04:06,Nuit sans éclairage,49,49007,2,1,1,7.0,COUBERTIN BOULEVARD,47.46267,-0.53225,04:06:00,2024-01-20
202400027935,22:15,,49,49007,2,1,1,3.0,PRE PIGEON,47.46308,-0.55225,22:15:00,2024-09-01
202400027936,16:40,Plein jour,06,06069,2,3,1,3.0,76 Boulevard Emmanuel Rouquier,43.63963,6.94144,16:40:00,2024-07-26
202400027937,15:25,Plein jour,56,56231,1,1,3,6.0,La Grée,47.678406,-2.65558,15:25:00,2024-05-21
202400027938,06:30,Plein jour,38,38138,1,1,1,7.0,D517,45.734658,5.234476,06:30:00,2024-04-12
202400027939,17:25,Plein jour,49,49007,2,1,1,7.0,THIERS,47.47624,-0.55201,17:25:00,2024-01-19
202400027940,09:45,Plein jour,06,06029,2,1,1,6.0,ALSACE ( BOULEVARD D'),43.55278,7.02983,09:45:00,2024-07-26
202400027941,16:15,Crépuscule,42,42103,2,1,1,2.0,Rue Jean Jaurés,45.50389,4.56911,16:15:00,2024-01-13
202400027942,05:00,,42,42218,2,2,1,3.0,Rue des Alliés,45.441427,4.416422,05:00:00,2024-09-02
202400027943,12:30,Plein jour,79,79216,1,2,2,3.0,Unknown,46.270793,-0.334729,12:30:00,2024-05-21
202400027944,09:30,Plein jour,06,06123,2,1,1,3.0,Promenade Alain Gerbault,43.65776,7.184909,09:30:00,2024-07-26
202400027945,10:50,Plein jour,69,69289,2,2,1,3.0,Route de Givors,45.647363,5.014894,10:50:00,2024-04-13
202400027946,11:00,Plein jour,37,37122,2,6,3,2.0,JAURES (BOULEVARD JEAN),47.34684123,0.6504693,11:00:00,2024-01-22
202400027947,12:30,Plein jour,39,39198,2,1,1,6.0,89 Avenue du General Eisenhower,47.09889,5.505563,12:30:00,2024-08-31
202400027948,17:48,Plein jour,05,05061,2,1,1,6.0,LADOUCETTE ( COURS ),44.56175,6.08328,17:48:00,2024-07-23
202400027949,14:20,Plein jour,35,35238,2,1,1,6.0,VEYETTES (DES),48.10183,-1.63328,14:20:00,2024-01-22
202400027950,01:20,Nuit sans éclairage,81,81271,1,3,1,2.0,D988,43.781575,1.675678,01:20:00,2024-04-13
202400027951,18:30,,34,34172,2,1,1,6.0,PONT JUVENAL (AVENUE DU),43.60574,3.89356,18:30:00,2024-01-22
202400027952,15:10,Plein jour,32,32152,1,1,1,1.0,D124,43.409864,0.14926,15:10:00,2024-05-22
202400027953,17:00,Plein jour,75,75112,2,1,1,4.0,BD PERIPHERIQUE EXTERIEUR,48.845831,2.414445,17:00:00,2024-07-25
202400027954,17:25,Plein jour,16,16348,1,1,1,6.0,RN141,45.6702843,0.03506183,17:25:00,2024-04-13
202400027955,14:00,Plein jour,37,37233,2,3,1,2.0,POMPIDOU (AVENUE GEORGES),47.39298498,0.70619738,14:00:00,2024-09-02
202400027956,19:00,,33,33281,2,1,9,2.0,Unknown,44.848204,-0.679401,19:00:00,2024-01-22
202400027957,10:45,Plein jour,42,42138,1,1,1,7.0,Route de la Rate,45.650356,4.350886,10:45:00,2024-05-21
202400027958,00:40,,75,75115,2,1,1,3.0,BD PERIPHERIQUE EXTERIEUR,48.825793,2.299593,00:40:00,2024-07-26
202400027959,14:45,Plein jour,56,56213,1,1,2,7.0,Pont Saint Caradec,48.105139,-2.921129,14:45:00,2024-04-10
202400027960,16:55,Plein jour,37,37261,2,1,1,7.0,CHEVALLIER (RUE AUGUSTE),47.37894083,0.67986739,16:55:00,2024-09-01
202400027961,23:00,,75,75120,2,1,1,6.0,BD PERIPHERIQUE EXTERIEUR,48.861698,2.413912,23:00:00,2024-07-25
202400027962,17:30,Plein jour,46,46334,1,1,2,1.0,D704,44.714145,1.443452,17:30:00,2024-05-21
202400027963,19:50,Crépuscule,36,36202,1,1,1,6.0,Route de Gireugne,46.77140642,1.66132959,19:50:00,2024-09-02
202400027964,17:05,Plein jour,75,75116,2,1,1,2.0,BD PERIPHERIQUE EXTERIEUR,48.835006,2.261347,17:05:00,2024-07-25
202400027965,09:00,Plein jour,31,31555,1,1,1,4.0,18 MONTAUDRAN (PERIPH EST A61),43.56542,1.49381,09:00:00,2024-01-22
202400027966,18:20,Plein jour,13,13070,1,1,1,5.0,A50-Sens Aubagne vers Marseille,43.2852,5.5139,18:20:00,2024-04-10
202400027967,18:00,Plein jour,41,41237,1,2,1,1.0,D956,47.402133,1.451086,18:00:00,2024-05-21
202400027968,16:00,Plein jour,35,35281,2,2,1,5.0,DODIN (AVENUE ROGER),48.09088,-1.70465,16:00:00,2024-09-02
202400027969,07:00,,29,29232,2,1,1,2.0,Rue de Concarneau,47.99269,-4.08961,07:00:00,2024-01-22
202400027970,18:35,Plein jour,33,33249,1,1,1,2.0,Unknown,44.87937,-0.53416,18:35:00,2024-04-12
202400027971,10:50,Plein jour,34,34239,1,2,1,2.0,D 619,43.65418,3.532834,10:50:00,2024-05-19
202400027972,12:14,Plein jour,27,27229,2,1,1,6.0,BRIAND (AVENUE ARISTIDE),49.018327,1.125708,12:14:00,2024-09-02
202400027973,19:40,Crépuscule,75,75117,2,2,2,3.0,AVENUE DE WAGRAM,48.883295,2.301944,19:40:00,2024-07-26
202400027974,05:56,Nuit avec éclairage,27,27299,2,1,2,1.0,BRIAND (AVENUE ARISTIDE),49.056514,1.168032,05:56:00,2024-01-22
202400027975,17:20,Plein jour,33,33063,1,1,1,3.0,Unknown,44.88013,-0.53871,17:20:00,2024-04-12
202400027976,13:15,Plein jour,25,25258,1,1,1,1.0,D67,47.215611,5.916342,13:15:00,2024-05-19
202400027977,06:24,Crépuscule,75,75119,2,1,2,6.0,BD PERIPHERIQUE EXTERIEUR,48.895385,2.394802,06:24:00,2024-07-26
202400027978,06:00,Nuit sans éclairage,91,91589,1,1,1,6.0,AUTOROUTE A6,48.67292,2.34402,06:00:00,2024-04-12
202400027979,14:50,Plein jour,19,19031,2,2,2,3.0,SEVERINE (RUE),45.16315,1.53752,14:50:00,2024-09-01
202400027980,16:35,Plein jour,35,35010,2,1,1,1.0,33 Rue de Paris,48.553229,-1.69714,16:35:00,2024-05-22
202400027981,00:50,,75,75117,2,1,3,2.0,BOULEVARD DE DOUAUMONT,48.895609,2.308486,00:50:00,2024-07-26
202400027982,17:05,Plein jour,92,92047,1,1,1,3.0,A13,48.8350422,2.17442129,17:05:00,2024-04-12
202400027983,19:40,Plein jour,29,29302,1,1,1,6.0,28 rue de Ti Jopic,48.28390623,-4.11525442,19:40:00,2024-05-21
202400027984,21:25,,19,19031,2,2,1,1.0,SEMARD (AVENUE PIERRE) ,45.15739142,1.52370965,21:25:00,2024-08-31
202400027985,12:15,Plein jour,78,78646,1,1,1,3.0,RN12,48.792937,2.074505,12:15:00,2024-04-12
202400027986,14:15,Plein jour,75,75120,2,1,1,4.0,BD PERIPHERIQUE INTERIEUR,48.856344,2.413923,14:15:00,2024-07-25
202400027987,17:48,Plein jour,13,13210,2,1,1,1.0,ADRIENNE RANC-SAKAKINI (rue),43.27643,5.43725,17:48:00,2024-01-12
202400027988,06:40,Crépuscule,78,78640,1,1,1,7.0,A86 EXT,48.779733,2.191591,06:40:00,2024-04-12
202400027989,20:00,Plein jour,02,02583,1,1,7,1.0,Unknown,49.445832,3.651672,20:00:00,2024-05-22
202400027990,19:30,Crépuscule,13,13071,2,1,1,2.0,CAPITAINE DE CORVETTE P.BRUTUS,43.39055,5.31151,19:30:00,2024-09-02
202400027991,19:15,Crépuscule,75,75113,2,1,1,6.0,RUE JEANNE D ARC,48.834496,2.362147,19:15:00,2024-07-24
202400027992,18:00,Crépuscule,13,13210,2,9,1,1.0,VERDILLON (RUE),43.2762,5.4225,18:00:00,2024-01-22
202400027993,16:30,Plein jour,03,03109,1,1,3,7.0,D215,46.12598,3.284641,16:30:00,2024-05-21
202400027994,18:15,,13,13210,2,1,1,2.0,ELIE WIESEL (BD),43.2678,5.4205,18:15:00,2024-01-22
202400027995,15:41,Plein jour,13,13214,2,1,1,3.0,MORETTI (BOULEVARD),43.32553,5.38071,15:41:00,2024-09-02
202400027996,13:30,Plein jour,75,75120,2,3,1,3.0,RUE SERPOLLET,48.860608,2.409484,13:30:00,2024-07-26
202400027997,14:50,Plein jour,70,70122,1,1,1,1.0,D67,47.620874,5.507541,14:50:00,2024-05-21
202400027998,17:00,Plein jour,78,78640,1,1,1,5.0,A86 INT,48.777713,2.219741,17:00:00,2024-04-11
202400027999,10:45,Plein jour,13,13204,2,3,1,3.0,Rue des orgues,43.29993104,5.40028589,10:45:00,2024-09-02
202400028000,20:30,Plein jour,58,58215,2,1,1,1.0,Avenue de la Gare,47.283181,2.96169,20:30:00,2024-05-21
202400028001,11:25,Plein jour,75,75110,2,2,1,6.0,PLACE DE LA BATAILLE DE STALINGRAD,48.883793,2.368589,11:25:00,2024-07-26
202400028002,17:15,Plein jour,13,13215,2,1,1,5.0,BOURRELY (CHEMIN DES),43.37533837,5.35791616,17:15:00,2024-01-22
202400028003,15:30,Plein jour,93,93010,1,1,1,5.0,A3,48.89196501,2.47287972,15:30:00,2024-04-12
202400028004,10:20,Plein jour,13,13028,2,1,1,3.0,DULAC (AVENUE GUILLAUME),43.19437,5.59994,10:20:00,2024-09-02
202400028005,02:00,,06,06138,2,1,1,6.0,15 Boulevard de la Corniche d'Or,43.506289,6.942793,02:00:00,2024-05-22
202400028006,09:55,Plein jour,13,13202,2,1,1,6.0,CARGO RHIN FIDELI (RUE),43.327,5.35694,09:55:00,2024-01-21
202400028007,22:50,,75,75117,2,3,1,2.0,AVENUE DE CLICHY,48.892121,2.317527,22:50:00,2024-07-25
202400028008,01:30,,93,93066,1,1,1,2.0,A1,48.91106829,2.35819085,01:30:00,2024-04-12
202400028009,17:00,Plein jour,13,13005,1,1,1,1.0,CIOTAT (ROUTE DE LA RN559),43.27544,5.58923,17:00:00,2024-08-29
202400028010,12:30,Plein jour,14,14735,1,3,1,3.0,Chemin du Four à Chaux,48.9888662,-0.06360569,12:30:00,2024-05-16
202400028011,02:20,,13,13004,2,2,1,3.0,RUE DOC SCHWEITZER,43.6761,4.6419,02:20:00,2024-01-21
202400028012,10:30,Plein jour,75,75115,2,4,2,3.0,RUE DE L ARRIVEE,48.84225124,2.32105297,10:30:00,2024-07-26
202400028013,13:55,Plein jour,94,94065,1,1,1,3.0,A86,48.75362032,2.36183147,13:55:00,2024-04-12
202400028014,13:32,Plein jour,12,12145,2,6,1,2.0,BOMPAIRE FREDERIC (PLACE),44.09553,3.07654,13:32:00,2024-09-02
202400028015,16:15,Plein jour,14,14676,1,1,1,2.0,Rue des Alliés,49.295926,-0.636027,16:15:00,2024-05-17
202400028016,19:25,Plein jour,75,75114,2,9,2,3.0,AVENUE DE LA PORTE DE CHATILLON,48.82272,2.315104,19:25:00,2024-07-26
202400028017,12:50,Plein jour,75,75116,2,1,1,2.0,PORTE DAUPHINE,48.866524,2.268792,12:50:00,2024-09-02
202400028018,16:45,Plein jour,13,13001,1,9,8,3.0,ANCIENNE ROUTE DES ALPES (RTE),43.54982906,5.45640318,16:45:00,2024-01-18
202400028019,20:48,,976,97611,2,1,1,3.0,passamanty-Vahibé ( route ),-12.80061,45.21566,20:48:00,2024-04-10
202400028020,20:10,Plein jour,14,14355,1,1,1,7.0,Route de Fontaine-Henry,49.2757331,-0.49417197,20:10:00,2024-05-17
202400028021,18:00,Plein jour,75,75114,2,3,1,6.0,BOULEVARD BRUNE,48.825753,2.314495,18:00:00,2024-07-26
202400028022,17:00,Plein jour,75,75106,2,4,1,6.0,BOULEVARD RASPAIL,48.843825,2.329148,17:00:00,2024-09-02
202400028023,18:50,Plein jour,07,07010,2,1,1,6.0,4 Allee Nicolas Copernic,45.254641,4.669147,18:50:00,2024-05-21
202400028024,19:20,,06,06088,2,3,1,3.0,Rue Puget,43.71704,7.25865,19:20:00,2024-01-22
202400028025,16:30,Plein jour,75,75105,2,1,1,6.0,BOULEVARD SAINT MICHEL,48.84997,2.342404,16:30:00,2024-09-01
202400028026,08:05,Plein jour,974,97411,2,1,8,3.0,LORY LES BAS (RUE),-20.88769,55.48231,08:05:00,2024-04-11
202400028027,15:30,Plein jour,75,75110,2,3,1,6.0,RUE DE L AQUEDUC,48.879773,2.358664,15:30:00,2024-07-26
202400028028,15:15,Plein jour,06,06069,2,1,1,6.0,Avenue Antoine de Saint Exupéry,43.66525,6.9385,15:15:00,2024-01-22
202400028029,09:50,Plein jour,24,24259,1,1,1,1.0,les pichottes,44.925561,0.453712,09:50:00,2024-05-21
202400028030,07:15,Plein jour,974,97411,2,1,1,2.0,LANCASTEL (BOULEVARD),-20.87522,55.45435,07:15:00,2024-04-11
202400028031,10:15,Plein jour,75,75119,2,7,1,2.0,PLACE DU MAQUIS DU VERCORS,48.87816757,2.40938276,10:15:00,2024-09-02
202400028032,06:40,,06,06069,2,1,1,7.0,Boulevard Emmanuel Rouquier,43.63409,6.93934,06:40:00,2024-01-22
202400028033,16:10,Plein jour,94,94016,2,2,8,5.0,Avenue de Chateaubriand,48.79,2.325,16:10:00,2024-07-26
202400028034,11:15,Plein jour,37,37270,1,3,1,3.0,D46,47.43795171,0.85611391,11:15:00,2024-05-11
202400028035,08:30,Plein jour,974,97411,2,2,1,3.0,MARIE (RUE SAINTE),-20.88263,55.45769,08:30:00,2024-04-11
202400028036,09:10,Plein jour,75,75118,2,2,1,6.0,BOULEVARD NEY,48.89788,2.344416,09:10:00,2024-09-02
202400028037,17:30,Plein jour,06,06123,2,1,1,5.0,MAICON PROMENADE,43.6657152,7.19667,17:30:00,2024-01-21
202400028038,06:00,Plein jour,94,94028,2,1,2,2.0,Chemin des Marais,48.77371,2.43525,06:00:00,2024-07-26