Num_Acc,hrmn,lum,dep,com,agg,int,atm,col,adr,lat,long,heure,date
202400028039,08:03,Plein jour,06,06088,1,1,1,2.0,A8 - PK 196+200 - chaussée nord,43.734577,7.242694,08:03:00,2024-05-21
202400028040,17:50,Plein jour,973,97302,2,1,1,6.0,EUGENE GOBERT(RUE),4.93203947,-52.33079106,17:50:00,2024-04-11
202400028041,05:00,,75,75116,2,1,1,6.0,ALLEE DU BORD DE L EAU,48.85316444,2.22639978,05:00:00,2024-09-01
202400028042,13:20,Plein jour,27,27102,1,1,1,7.0,A13 PK 134+400,49.369478,0.770223,13:20:00,2024-05-22
202400028043,15:50,Plein jour,94,94002,2,2,2,6.0,Rue Charles de Gaulle / Rue Véron,48.814577,2.413801,15:50:00,2024-07-26
202400028044,12:00,Plein jour,02,02304,1,1,1,2.0,Unknown,49.667092,3.366998,12:00:00,2024-01-08
202400028045,14:40,Plein jour,973,97302,2,1,1,1.0,ZEPHIR (ROCADE),4.93399,-52.30893,14:40:00,2024-04-11
202400028046,13:30,Plein jour,75,75115,2,7,1,3.0,PLACE DE LA PORTE DE VERSAILLES,48.832932,2.287241,13:30:00,2024-09-02
202400028047,17:40,Plein jour,77,77265,2,1,1,6.0,rue du 103 régiment d'infanterie,48.972962,3.180637,17:40:00,2024-05-17
202400028048,07:56,Plein jour,973,97302,2,1,1,6.0,BADUEL (ROUTE DE),4.93670169,-52.31468439,07:56:00,2024-04-11
202400028049,14:40,Plein jour,93,93078,2,4,1,6.0,DELATTRE DE TASSIGNY (AVENUE),48.96385,2.53733,14:40:00,2024-07-26
202400028050,12:36,Plein jour,75,75105,2,3,1,6.0,AVENUE DES GOBELINS,48.838035,2.351036,12:36:00,2024-01-21
202400028051,00:10,,75,75112,2,1,1,2.0,QUAI DE BERCY,48.832843,2.383154,00:10:00,2024-09-02
202400028052,18:42,Plein jour,30,30211,2,1,1,3.0,329bis Route de Beaucaire,43.826776,4.48946,18:42:00,2024-05-21
202400028053,08:15,Plein jour,93,93046,2,1,2,2.0,CONSUL GENERAL NORDLING AVENUE,48.917626,2.534257,08:15:00,2024-07-26
202400028054,15:30,Plein jour,75,75116,2,7,1,2.0,PLACE DE VARSOVIE,48.8608155,2.29126266,15:30:00,2024-01-22
202400028055,16:30,Plein jour,93,93048,2,1,2,3.0,Rue Parmentier,48.85980461,2.4356246,16:30:00,2024-07-26
202400028056,22:40,Nuit sans éclairage,71,71176,1,3,8,3.0,Route des Sables,46.477399,4.076958,22:40:00,2024-05-21
202400028057,13:59,Plein jour,75,75110,2,7,1,3.0,RUE LA FAYETTE,48.882673,2.369854,13:59:00,2024-09-02
202400028058,17:40,,75,75115,2,3,1,7.0,RUE LECOURBE,48.84425,2.3082,17:40:00,2024-01-22
202400028059,08:50,Plein jour,92,92064,2,1,2,7.0,CALVAIRE,48.84978001,2.21797943,08:50:00,2024-07-26
202400028060,12:20,Plein jour,42,42304,2,1,1,6.0,Route de Montbrison,45.54682704,4.17101651,12:20:00,2024-05-21
202400028061,14:50,Plein jour,94,94046,2,3,1,3.0,Avenue de la République,48.80065,2.43066,14:50:00,2024-09-02
202400028062,14:00,Plein jour,14,14762,1,1,2,7.0,Route de Saint-Lô,48.869034,-0.872357,14:00:00,2024-05-21
202400028063,15:45,Plein jour,75,75115,2,3,1,3.0,RUE DE VAUGIRARD,48.844432,2.317701,15:45:00,2024-01-22
202400028064,19:56,Plein jour,92,92063,2,1,3,7.0,CHATEAU (RUE DU),48.87385355,2.18135767,19:56:00,2024-07-26
202400028065,12:20,Plein jour,22,22050,2,1,1,6.0,Rue de la Cochais,48.435182,-2.066119,12:20:00,2024-05-22
202400028066,22:00,,94,94043,2,1,1,3.0,Avenue de Fontainebleau,48.80859,2.36268,22:00:00,2024-09-02
202400028067,12:25,Plein jour,75,75112,2,3,8,6.0,RUE CROZATIER,48.85064,2.378819,12:25:00,2024-01-22
202400028068,12:40,Plein jour,92,92062,2,3,1,3.0,DE DION BOUTON (QUAI) DU 29 AU 65,48.88534001,2.25096166,12:40:00,2024-07-26
202400028069,16:45,Plein jour,94,94038,2,1,1,6.0,1 Rue Léon Blum,48.76801,2.32398,16:45:00,2024-09-02
202400028070,18:39,Plein jour,60,60628,1,1,1,2.0,N31,49.422855,2.150701,18:39:00,2024-04-15
202400028071,04:00,,92,92036,1,2,1,3.0,SORTIE A 86,48.9358321,2.27971941,04:00:00,2024-07-22
202400028072,09:35,Plein jour,13,13211,1,1,1,2.0,Sens Marseille vers Aubagne,43.29192,5.42596,09:35:00,2024-05-21
202400028073,13:45,Plein jour,94,94054,2,9,1,1.0,Rue du Verger,48.7439,2.40049,13:45:00,2024-09-02
202400028074,18:00,Plein jour,92,92023,2,6,2,3.0,JEAN JAURES (AVENUE) N°57 A 259 ET 64 A,48.81129,2.27022,18:00:00,2024-07-26
202400028075,15:25,Plein jour,93,93059,2,9,1,2.0,JACQUES PREVERT (AVENUE),48.97117,2.36611,15:25:00,2024-09-02
202400028076,14:30,Plein jour,69,69117,1,1,1,5.0,Autoroute 6,45.85241,4.74392,14:30:00,2024-04-27
202400028077,20:00,Crépuscule,92,92012,2,1,2,7.0,CHATEAU (RUE DU) 1/125 - 2/136,48.84378857,2.24802303,20:00:00,2024-07-26
202400028078,11:25,Plein jour,93,93051,2,1,1,6.0,ARCADES (VOIE),48.8398,2.54485,11:25:00,2024-09-02
202400028079,00:10,,92,92036,2,1,1,2.0,AULAGNIER ( QUAI ),48.91908,2.32151,00:10:00,2024-07-26
202400028080,21:58,Nuit sans éclairage,59,59109,1,1,2,2.0,AUTOROUTE A23,50.44187038,3.35456047,21:58:00,2024-05-17
202400028081,10:42,Plein jour,78,78356,1,1,1,7.0,D91,48.740229,2.022943,10:42:00,2024-07-12
202400028082,07:30,Plein jour,93,93031,2,6,1,3.0,Avenue Joffre / Avenue Galliéni,48.96173,2.2951,07:30:00,2024-09-02
202400028083,17:50,Plein jour,92,92002,1,1,1,3.0,AUTOROUTE A10,48.73174747,2.30992913,17:50:00,2024-05-21
202400028084,12:45,Plein jour,37,37176,1,3,2,3.0,D108,47.08090292,0.58257607,12:45:00,2024-07-27
202400028085,16:45,Plein jour,93,93029,2,1,1,1.0,Avenue Henri Barbusse,48.91965366,2.45096776,16:45:00,2024-09-02
202400028086,18:40,Plein jour,91,91179,1,1,1,3.0,AUTOROUTE A6,48.55278292,2.49355711,18:40:00,2024-05-21
202400028087,17:18,Plein jour,39,39210,1,1,1,6.0,Unknown,46.756421,5.934391,17:18:00,2024-07-26
202400028088,09:35,Plein jour,94,94034,1,1,2,2.0,A6A,48.75888658,2.33719736,09:35:00,2024-05-21
202400028089,14:00,Plein jour,93,93027,2,3,1,1.0,Rue Renoir / Rue Yako,48.93135522,2.37847307,14:00:00,2024-09-01
202400028090,15:20,Plein jour,11,11197,1,1,1,6.0,route departementale 623,43.089647,2.184777,15:20:00,2024-07-27
202400028091,13:45,Plein jour,974,97415,1,1,1,1.0,N1a,-21.019838,55.24974,13:45:00,2024-07-26
202400028092,10:10,Plein jour,92,92073,2,1,1,7.0,GALLIENI (QUAI),48.87059831,2.23185271,10:10:00,2024-09-02
202400028093,21:00,Plein jour,92,92072,1,1,1,2.0,N118,48.82239432,2.22235729,21:00:00,2024-05-19
202400028094,13:51,Plein jour,974,97415,1,1,1,6.0,Rue Mahatma Gandhi,-21.055632,55.260447,13:51:00,2024-07-26
202400028095,15:00,Plein jour,93,93008,1,1,1,2.0,A86,48.91269278,2.43692633,15:00:00,2024-05-21
202400028096,14:25,Plein jour,92,92064,2,2,1,3.0,RENE WEILL,48.8493557,2.2109929,14:25:00,2024-09-02
202400028097,10:00,Plein jour,93,93063,1,1,1,7.0,A3,48.87574517,2.44098062,10:00:00,2024-05-21
202400028098,18:30,Plein jour,08,08232,1,1,8,1.0,D777,49.78335283,4.99414689,18:30:00,2024-07-26
202400028099,13:30,Plein jour,92,92050,2,1,1,6.0,FAURE FELIX AVENUE,48.88441551,2.21819714,13:30:00,2024-09-02
202400028100,06:40,Crépuscule,92,92048,2,1,1,6.0,TRIVAUX (AVENUE DE) N° 9,48.79888634,2.23311,06:40:00,2024-09-02
202400028101,11:30,Plein jour,92,92036,1,1,1,2.0,AUTOROUTE A15,48.94122394,2.29162986,11:30:00,2024-05-21
202400028102,14:00,Plein jour,87,87076,1,1,1,6.0,Jabreilles-les-Bordes - cirieix du colon,46.017156,1.530704,14:00:00,2024-07-26
202400028103,07:20,Plein jour,93,93053,1,1,8,7.0,A3,48.88417055,2.46205171,07:20:00,2024-05-21
202400028104,17:20,Plein jour,92,92040,2,1,1,3.0,VERDUN (AVENUE DE) DU 116 AU 150,48.8179432,2.25062102,17:20:00,2024-09-02
202400028105,08:00,Plein jour,93,93053,1,1,8,2.0,A3,48.88390122,2.46883928,08:00:00,2024-05-21
202400028106,15:43,Plein jour,24,24372,2,6,1,1.0,Boulevard Pierre Mallebay,45.1473456,0.52638888,15:43:00,2024-07-26
202400028107,19:15,Plein jour,92,92012,2,1,1,3.0,POINT DU JOUR (QUAI DU),48.82715,2.25221,19:15:00,2024-09-02
202400028108,19:20,Crépuscule,24,24367,1,1,1,7.0,La Cabane,45.15823143,0.34594059,19:20:00,2024-07-26
202400028109,16:00,Plein jour,95,95277,1,1,2,5.0,A3,48.96803561,2.47785819,16:00:00,2024-05-20
202400028110,20:50,Nuit sans éclairage,71,71090,2,1,1,6.0,Rue Joseph Colassot,46.209589,4.784006,20:50:00,2024-09-02
202400028111,06:00,Crépuscule,17,17010,1,1,8,2.0,D137,46.097638,-1.090736,06:00:00,2024-07-27
202400028112,12:20,Plein jour,50,50454,1,1,5,2.0,1 Le Moulin ,49.559395,-1.743649,12:20:00,2024-02-05
202400028113,13:59,Plein jour,85,85209,1,1,1,6.0,RD38,46.522751,-0.989263,13:59:00,2024-07-27
202400028114,08:33,Plein jour,976,97617,1,9,1,5.0,D1,-12.791677,45.115625,08:33:00,2024-09-03
202400028115,07:30,Crépuscule,50,50604,1,1,5,1.0,D65,49.539274,-1.848578,07:30:00,2024-02-02
202400028116,23:35,Nuit sans éclairage,50,50137,1,1,1,6.0,"PK 038.900, D999 VOIE DE LA LIBERTE",48.869161,-1.20075,23:35:00,2024-07-26
202400028117,19:30,Plein jour,11,11221,2,1,2,6.0,RD 118,43.412678,2.29773,19:30:00,2024-09-01
202400028118,13:50,Plein jour,59,59560,2,3,1,3.0,INDUSTRIE RUE DE L,50.550362,3.050171,13:50:00,2024-02-27
202400028119,05:12,Crépuscule,57,57330,1,1,1,1.0,D656,49.017966,6.979213,05:12:00,2024-07-26
202400028120,13:15,Plein jour,63,63084,1,1,2,7.0,D2089,45.705632,3.047413,13:15:00,2024-09-01
202400028121,12:45,Plein jour,47,47175,1,1,1,7.0,D257,44.554087,0.721149,12:45:00,2024-09-01
202400028122,10:00,Plein jour,89,89291,1,2,1,1.0,route départemantale 606,48.115655,3.289011,10:00:00,2024-07-25
202400028123,16:15,Plein jour,19,19287,1,1,1,6.0,D 142,45.39735588,1.95895069,16:15:00,2024-07-26
202400028124,18:30,Crépuscule,50,50579,1,1,1,3.0,D50,49.531587,-1.591022,18:30:00,2024-01-27
202400028125,16:45,Plein jour,17,17407,2,2,1,3.0,D110,46.171515,-1.003847,16:45:00,2024-08-28
202400028126,20:11,Plein jour,56,56082,1,1,1,6.0,Bois de Digouet,47.967629,-2.489476,20:11:00,2024-07-26
202400028127,11:00,Plein jour,18,18256,1,1,1,7.0,Unknown,47.408479,2.763308,11:00:00,2024-09-02
202400028128,18:40,,976,97611,2,1,1,3.0,cavani-Kavani sud ( rue ),-12.78635,45.21265,18:40:00,2024-05-20
202400028129,14:50,Plein jour,79,79203,1,4,1,1.0,Unknown,46.975787,-0.056305,14:50:00,2024-07-27
202400028130,17:25,Plein jour,974,97416,1,1,2,7.0,AUGUSTIN ARCHAMBAUD(RUE),-21.32608226,55.48502254,17:25:00,2024-05-20
202400028131,19:35,Plein jour,31,31044,2,1,1,6.0,8 Route de Castres,43.594694,1.49861,19:35:00,2024-09-02
202400028132,00:40,Nuit sans éclairage,81,81276,1,1,1,6.0,259 Route de Saint-Martin,43.91704182,1.69327835,00:40:00,2024-07-25
202400028133,22:20,,973,97302,2,1,2,3.0,14 ET 22 JUIN 1962,4.93283,-52.32679,22:20:00,2024-05-19
202400028134,15:25,Plein jour,69,69283,2,3,1,3.0,Route de Saint Priest,45.677862,4.952635,15:25:00,2024-09-02
202400028135,16:30,Plein jour,89,89433,1,1,1,2.0,Vault-de-Lugny,47.503272,3.874354,16:30:00,2024-07-26
202400028136,01:40,,69,69386,2,1,2,2.0,Avenue de Grande-Bretagne,45.77477,4.8429,01:40:00,2024-05-20
202400028137,18:25,Plein jour,51,51530,2,9,1,3.0,Rue du 11 Novembre,49.153289,4.251462,18:25:00,2024-09-02
202400028138,18:40,Plein jour,63,63223,1,1,1,1.0,La Cassière,46.12102142,2.91303008,18:40:00,2024-07-26
202400028139,18:10,Plein jour,19,19019,2,1,1,7.0,route des esclaviers,44.978798,1.832399,18:10:00,2024-08-31
202400028140,14:40,Plein jour,69,69382,2,3,1,6.0,Rue Saint Bonaventure,45.76264,4.83802,14:40:00,2024-05-20
202400028141,23:00,Nuit avec éclairage,68,68215,1,1,1,7.0,Rue d?Alsace,47.624909,7.027602,23:00:00,2024-07-26
202400028142,10:45,Plein jour,19,19222,1,1,1,6.0,pk 29 D29,45.166299,1.997133,10:45:00,2024-09-02
202400028143,19:30,Plein jour,2B,2B033,1,9,2,3.0,CARDO - RT INFERIEURE DE,42.6884,9.4283,19:30:00,2024-05-20
202400028144,09:25,Plein jour,29,29225,1,3,7,3.0,Route de Meot,47.96064463,-4.34413294,09:25:00,2024-07-23
202400028145,00:16,,95,95268,2,1,1,3.0,D84,48.96585166,2.40854766,00:16:00,2024-05-20
202400028146,18:50,Plein jour,76,76291,2,2,1,2.0,Rue de la Cave,49.721341,0.329188,18:50:00,2024-09-02
202400028147,14:50,Plein jour,2B,2B058,1,1,1,7.0,D80,42.862313,9.334881,14:50:00,2024-08-14
202400028148,18:35,Plein jour,91,91687,2,1,1,2.0,COMMANDANT BARRE (AVENUE DU),48.6616,2.36356,18:35:00,2024-05-16
202400028149,17:15,Plein jour,33,33506,2,1,1,6.0,Unknown,44.693977,-0.088797,17:15:00,2024-08-29
202400028150,10:45,Plein jour,02,02098,1,1,3,1.0,D969,49.001212,3.34299,10:45:00,2024-07-27
202400028151,08:20,Plein jour,32,32213,2,1,8,6.0,Route de Samatan,43.48106,0.915846,08:20:00,2024-09-03
202400028152,14:45,Plein jour,11,11347,1,4,1,7.0,D109,42.865417,2.226264,14:45:00,2024-09-02
202400028153,18:30,Plein jour,78,78190,2,1,3,1.0,SAUT DE LOUP (RUE DU),48.878702,2.147395,18:30:00,2024-05-20
202400028154,18:00,Plein jour,09,09173,1,1,1,2.0,D11,43.054182,1.585502,18:00:00,2024-07-27
202400028155,05:35,Crépuscule,77,77350,1,1,5,7.0,DEPARTEMENTALE 1004,48.74852,2.68324,05:35:00,2024-05-19
202400028156,17:35,Plein jour,63,63236,1,1,1,3.0,D36,45.570674,2.820182,17:35:00,2024-09-02
202400028157,03:30,Nuit sans éclairage,09,09174,2,1,1,6.0,Chemin de la Peyrade,43.006919,1.605538,03:30:00,2024-07-27
202400028158,02:48,Nuit sans éclairage,45,45186,1,1,2,7.0,D318 PR 3 + 970,48.050829,2.530847,02:48:00,2024-07-27
202400028159,19:10,Plein jour,63,63455,2,4,2,1.0,grande rue,45.666787,3.181435,19:10:00,2024-09-03
202400028160,11:05,Plein jour,77,77058,2,6,1,6.0,CLOS SAINT GEORGES  (AVENUE DU),48.84541,2.73101,11:05:00,2024-05-20
202400028161,17:30,Plein jour,76,76618,1,1,1,6.0,Rue des Buissons,49.934646,1.323643,17:30:00,2024-09-02
202400028162,18:10,Plein jour,64,64059,1,1,7,2.0,D817,43.281814,-0.243534,18:10:00,2024-07-26
202400028163,15:30,Plein jour,61,61275,2,1,2,6.0,Rue du Pavé,48.699766,0.284062,15:30:00,2024-09-02
202400028164,18:20,Plein jour,72,72181,2,2,1,2.0,CHURCHILL WINSTON (BD) N° IMP 41 ET >,47.9892,0.21539,18:20:00,2024-05-20
202400028165,15:50,Plein jour,07,07103,1,1,1,5.0,D120 - PR 61+196,44.960406,4.349095,15:50:00,2024-07-27
202400028166,04:25,Nuit sans éclairage,49,49008,1,1,3,6.0,D219,47.565413,-0.972523,04:25:00,2024-09-01
202400028167,23:13,,59,59421,2,2,1,3.0,FOCH (AVENUE DU MARECHAL),50.7035,3.13665,23:13:00,2024-05-20
202400028168,06:40,Crépuscule,49,49183,1,1,1,3.0,La Salette,47.514498,-0.853538,06:40:00,2024-09-03
202400028169,11:00,Plein jour,07,07181,1,1,1,3.0,route départementale 86,44.764877,4.75288,11:00:00,2024-07-27
202400028170,20:30,Plein jour,40,40312,2,1,1,6.0,Avenue Julian Grimau,43.547144,-1.488717,20:30:00,2024-07-10
202400028171,18:35,Plein jour,59,59650,2,1,1,3.0,DEBUSSY (SQUARE CLAUDE),50.708636,3.183318,18:35:00,2024-05-20
202400028172,14:30,Plein jour,01,01268,1,3,1,5.0,RD 992 pr 007+200,45.642983,5.684685,14:30:00,2024-09-03
202400028173,19:15,Plein jour,29,29150,1,1,2,7.0,Rue de Kerandoze,47.777946,-3.616235,19:15:00,2024-09-02
202400028174,12:45,Plein jour,88,88468,2,1,1,1.0,1 Rue de la Mouline,47.880779,6.763469,12:45:00,2024-07-27
202400028175,00:15,,46,46042,2,9,2,6.0,SAND (RUE GEORGES),44.46359623,1.45494252,00:15:00,2024-05-11
202400028176,10:55,Plein jour,29,29192,1,1,1,1.0,Kerigou,48.63105621,-4.06353575,10:55:00,2024-09-03
202400028177,00:30,,78,78455,1,9,3,1.0,route departementale 307,48.85124,2.05018,00:30:00,2024-07-27
202400028178,17:10,Plein jour,35,35238,2,1,1,6.0,PORTE DE LORIENT,48.11283497,-1.71879441,17:10:00,2024-05-20
202400028179,12:10,Plein jour,31,31495,1,4,1,3.0,D38,43.40706,1.573867,12:10:00,2024-08-21
202400028180,15:50,Plein jour,67,67115,1,1,2,2.0,A35,48.308275,7.475952,15:50:00,2024-07-27
202400028181,00:01,Nuit sans éclairage,33,33281,2,6,3,2.0,Unknown,44.83325,-0.68752,00:01:00,2024-05-21
202400028182,18:00,Plein jour,31,31341,1,3,1,3.0,Route de Larra,43.723762,1.258847,18:00:00,2024-09-02
202400028183,01:35,,29,29151,2,1,1,6.0,Place Daumesnil,48.574527,-3.823078,01:35:00,2024-05-08
202400028184,08:45,Plein jour,03,03106,1,1,1,3.0,697 Route de Montlucon,46.257531,2.69768,08:45:00,2024-09-02
202400028185,10:45,Plein jour,66,66172,2,2,1,6.0,Rue de la Grangerie,42.708315,2.847015,10:45:00,2024-07-26
202400028186,17:50,Plein jour,14,14701,2,1,1,2.0,Route de Varaville,49.32404,0.06603,17:50:00,2024-05-16
202400028187,13:15,Plein jour,15,15265,2,1,1,3.0,RD 922,45.342504,2.434991,13:15:00,2024-09-02
202400028188,15:00,Plein jour,976,97606,2,1,1,6.0,rue mamou chaka,-12.934477,45.150992,15:00:00,2024-07-26
202400028189,15:20,Plein jour,06,06038,1,1,1,3.0, Route d'Opio,43.67406,6.980463,15:20:00,2024-09-02
202400028190,12:00,Plein jour,13,13210,2,1,1,3.0,CAPELETTE (AVENUE DE LA),43.279,5.415,12:00:00,2024-05-20
202400028191,20:15,Plein jour,30,30034,1,1,1,2.0,Autoroute A54 / PK14,43.73494179,4.46582954,20:15:00,2024-07-26
202400028192,08:15,Plein jour,64,64371,2,6,1,3.0,Place de la résistance,43.224696,-0.88831,08:15:00,2024-09-03
202400028193,14:15,Plein jour,06,06030,2,3,1,2.0,171 Avenue Michel Jourdan,43.5651663,6.9648876,14:15:00,2024-05-20
202400028194,06:10,Crépuscule,973,97305,1,1,1,2.0,PK 14 Route Nationale 1,4.931674,-52.399195,06:10:00,2024-07-27
202400028195,18:50,Plein jour,18,18219,1,2,1,3.0,Unknown,47.209322,2.214904,18:50:00,2024-09-02
202400028196,00:01,Nuit sans éclairage,971,97129,1,1,1,6.0,Route Nationale 2,16.333669,-61.712898,00:01:00,2024-07-27
202400028197,12:00,Plein jour,06,06027,2,1,1,1.0,46 Avenue de Grasse,43.65854,7.14069,12:00:00,2024-05-20
202400028198,22:30,Nuit sans éclairage,18,18087,1,2,1,7.0,Unknown,46.886998,2.523508,22:30:00,2024-09-02
202400028199,22:40,,05,05023,2,1,1,6.0,Avenue du Col de l’Izoard,44.893184,6.640389,22:40:00,2024-05-19
202400028200,01:35,Nuit sans éclairage,53,53007,1,1,1,6.0,La Coudrie,48.11280393,-0.64898729,01:35:00,2024-09-02
202400028201,18:30,Plein jour,01,01451,1,2,2,3.0,Route de Paris,46.25201,5.18319,18:30:00,2024-05-20
202400028202,10:30,Plein jour,971,97118,1,1,1,5.0,Route de la Traversee,16.209894,-61.627078,10:30:00,2024-07-27
202400028203,20:30,Crépuscule,24,24082,1,1,1,3.0,D704a,44.868283,1.281361,20:30:00,2024-09-02
202400028204,17:15,Plein jour,01,01053,2,1,1,7.0,BIEVRE ( RUE DE),46.2133,5.25509,17:15:00,2024-05-20
202400028205,15:00,Plein jour,27,27518,1,1,1,2.0,RD 87,49.456172,0.544553,15:00:00,2024-09-03
202400028206,21:15,Crépuscule,21,21515,2,3,1,7.0,43 Boulevard de la Motte,47.315334,5.105896,21:15:00,2024-07-26
202400028207,15:50,Plein jour,75,75117,2,1,1,2.0,BD PERIPHERIQUE EXTERIEUR,48.900645,2.32473,15:50:00,2024-05-17
202400028208,04:40,Nuit avec éclairage,45,45315,1,1,2,6.0,D320 PR 6 + 847,47.728297,2.389891,04:40:00,2024-07-27
202400028209,20:40,Plein jour,75,75114,2,2,8,6.0,PORTE D ORLEANS,48.821906,2.325516,20:40:00,2024-05-20
202400028210,16:13,Plein jour,27,27302,1,1,1,6.0,Route de Brionne,49.214454,0.807368,16:13:00,2024-09-03
202400028211,09:50,Plein jour,91,91100,1,1,2,6.0,D153,48.428774,2.299777,09:50:00,2024-07-26
202400028212,14:00,Plein jour,75,75108,2,3,8,7.0,AVENUE PERCIER,48.874899,2.314376,14:00:00,2024-05-20
202400028213,12:00,Plein jour,66,66008,1,1,1,7.0,D2,42.533825,2.990513,12:00:00,2024-07-27
202400028214,19:25,Crépuscule,30,30294,1,1,1,2.0,22 Route de Salindres,44.151428,4.103734,19:25:00,2024-09-02
202400028215,18:00,Plein jour,94,94033,2,3,2,6.0,Avenue Charles Garcia / Rue Aimé et Eugénie Cotton,48.85369601,2.48189186,18:00:00,2024-05-20
202400028216,13:21,Plein jour,83,83068,1,1,1,1.0,D558,43.273241,6.517822,13:21:00,2024-07-27
202400028217,15:00,Plein jour,93,93078,2,5,1,6.0,Avenue du Général Leclerc / Avenue des Roses,48.95473,2.55538,15:00:00,2024-05-20
202400028218,18:05,Plein jour,06,06157,1,1,1,7.0,6320 Route de Coursegoules,43.756713,7.080345,18:05:00,2024-07-26
202400028219,06:23,Crépuscule,93,93064,2,1,1,3.0,Rue Joseph et Etienne de Montgolfier,48.885512,2.486659,06:23:00,2024-05-20
202400028220,10:50,Plein jour,68,68301,1,1,1,2.0,D201,47.68543,7.42687,10:50:00,2024-07-26
202400028221,17:15,Plein jour,48,48147,1,1,1,1.0,"N106, chaliac",44.456085,3.528886,17:15:00,2024-09-02
202400028222,16:10,Plein jour,73,73290,1,1,1,7.0,D1006,45.228541,6.962188,16:10:00,2024-07-27
202400028223,08:00,Plein jour,72,72047,1,1,1,6.0,autoroute A28,47.9224107,0.30134641,08:00:00,2024-09-03
202400028224,19:00,Plein jour,93,93046,2,3,2,3.0,Boulevard Marx Dormoy / Chemin des Postes,48.90448,2.52197,19:00:00,2024-05-20
202400028225,01:50,Nuit sans éclairage,64,64157,2,1,1,6.0,26 Rue Porte de la Vallee,43.135668,-0.461061,01:50:00,2024-08-31
202400028226,03:10,Nuit sans éclairage,73,73173,1,4,1,7.0,D81 intersection Albanne/Les Karellis,45.2187626,6.4219813,03:10:00,2024-07-20
202400028227,10:18,Plein jour,93,93008,2,1,1,3.0,Avenue Paul Vaillant - Couturier,48.90557,2.46459,10:18:00,2024-05-20
202400028228,18:15,Plein jour,42,42304,2,4,2,6.0,Sury-le-Comtal (Gare),45.530335,4.18188,18:15:00,2024-07-27
202400028229,13:08,Plein jour,03,03021,1,9,1,4.0,PK 347+300,46.11776188,3.1246943,13:08:00,2024-09-02
202400028230,16:05,Plein jour,93,93005,2,9,1,2.0,ROBERT BREMOND (RUE),48.95785507,2.46425629,16:05:00,2024-05-20
202400028231,17:36,Plein jour,42,42147,2,7,1,6.0,8 Avenue Paul Cézanne,45.611054,4.055184,17:36:00,2024-07-27
202400028232,12:15,Plein jour,92,92004,2,1,1,6.0,GRESILLONS ( AVENUE DES  ),48.91425267,2.30008185,12:15:00,2024-05-20
202400028233,15:00,Plein jour,973,97309,2,3,1,3.0,Chemin Germain,4.902963,-52.273437,15:00:00,2024-09-03
202400028234,16:00,Plein jour,92,92002,2,1,1,6.0,ARISTIDE BRIAND (AVENUE),48.75353361,2.30509973,16:00:00,2024-05-20
202400028235,20:17,,57,57606,1,1,1,6.0,"A4, barrière de péage",49.135859,6.701639,20:17:00,2024-08-13
202400028236,19:40,Plein jour,38,38349,2,1,7,4.0,32 Route des Alpes,45.318429,4.773305,19:40:00,2024-07-26
202400028237,23:05,,91,91086,2,6,1,5.0,D31,48.602212,2.372124,23:05:00,2024-05-20
202400028238,10:42,Plein jour,38,38565,2,1,1,3.0,71 Quai des Chartreux,45.298547,5.637462,10:42:00,2024-07-27
202400028239,23:30,Nuit sans éclairage,34,34095,1,1,1,2.0,A9 PK 116+300,43.541954,3.78921,23:30:00,2024-09-02
202400028240,11:30,Plein jour,86,86257,1,1,2,3.0,D73,46.873566,0.284716,11:30:00,2024-05-21
202400028241,18:00,Plein jour,01,01249,2,1,1,7.0,Rue du Pont de l’Ile,45.819435,4.947689,18:00:00,2024-07-27
202400028242,10:15,Plein jour,84,84045,1,1,1,7.0,Chemin du Jas,44.264395,5.14541,10:15:00,2024-05-21
202400028243,07:20,,73,73281,1,1,1,2.0,"Autoroute A43, tunnel de l'épine, sens LYON-CHAMBÉRY",45.5783913,5.82134843,07:20:00,2024-09-02
202400028244,16:45,Plein jour,68,68162,2,1,1,7.0,Rue du Riesling,48.138979,7.277402,16:45:00,2024-05-20
202400028245,02:23,Nuit sans éclairage,28,28408,1,1,1,6.0,A10,48.37883,1.888036,02:23:00,2024-09-02
202400028246,12:30,Plein jour,69,69255,1,1,1,1.0,Rue de Malval,45.75052514,4.62893236,12:30:00,2024-07-27
202400028247,07:09,Plein jour,972,97204,1,1,1,3.0,Morne aux Boeufs,14.695693,-61.176724,07:09:00,2024-05-20
202400028248,00:15,Nuit sans éclairage,987,98744,1,9,6,1.0,UNAA,-22.433239,-151.366303,00:15:00,2024-09-01
202400028249,14:10,Plein jour,81,81104,1,1,1,7.0,D87,43.777036,1.827099,14:10:00,2024-07-27
202400028250,22:30,Nuit avec éclairage,23,23247,2,1,1,6.0,8 Route de la Brionne,46.20174,1.757727,22:30:00,2024-05-20
202400028251,07:50,Plein jour,09,09251,1,1,1,6.0,D507,43.069248,1.934726,07:50:00,2024-07-27