Num_Acc,hrmn,lum,dep,com,agg,int,atm,col,adr,lat,long,heure,date
202400028252,16:46,Plein jour,77,77471,1,1,1,1.0,D63,48.349804,2.46583,16:46:00,2024-09-02
202400028253,09:35,Plein jour,31,31476,1,1,1,6.0,1400 Route de Lafitte,43.291589,1.148922,09:35:00,2024-07-26
202400028254,21:30,Crépuscule,52,52114,1,9,2,2.0,A31 Aire de val Marnay,48.05650316,4.95631993,21:30:00,2024-05-20
202400028255,17:20,Plein jour,2A,2A247,2,3,1,3.0,#route de Bocca Del Oro#,41.560113,9.277015,17:20:00,2024-09-03
202400028256,17:40,Plein jour,54,54151,1,1,1,3.0,D17,49.485075,5.735184,17:40:00,2024-05-20
202400028257,14:30,Plein jour,66,66171,2,6,1,3.0,Avenue du Maréchal Leclerc (Pont),42.618869,3.009648,14:30:00,2024-09-02
202400028258,06:50,Crépuscule,33,33077,1,1,1,1.0,Unknown,44.59532678,-0.56089913,06:50:00,2024-07-26
202400028259,16:40,Plein jour,14,14061,1,2,1,6.0,2 Impasse du Quesnay,48.91718,-0.929995,16:40:00,2024-05-19
202400028260,19:48,,06,06021,2,1,1,6.0,4 boulevard du barbant,43.862227,7.187966,19:48:00,2024-08-27
202400028261,21:33,Nuit sans éclairage,33,33382,1,1,1,6.0,Unknown,45.12981,-0.522221,21:33:00,2024-07-26
202400028262,10:15,Plein jour,41,41114,1,1,1,2.0,A10 P 128.000 vers Paris,47.751433,1.543699,10:15:00,2024-05-20
202400028263,17:15,Plein jour,25,25047,2,3,1,2.0,Rue de la Prairie,47.349502,6.35572,17:15:00,2024-09-02
202400028264,19:46,Plein jour,88,88321,2,1,1,1.0,Rue du Moulinot,48.357076,5.688279,19:46:00,2024-09-01
202400028265,15:00,Plein jour,62,62043,1,1,1,1.0,D943,50.90016114,1.95836326,15:00:00,2024-05-20
202400028266,19:30,Plein jour,27,27312,2,2,2,3.0,rue des osiers/rue de l'ancienne abbaye,49.045351,1.308961,19:30:00,2024-07-26
202400028267,09:40,Plein jour,01,01032,2,1,1,3.0,62 Route de Lyon,45.849561,5.122654,09:40:00,2024-09-03
202400028268,19:00,Crépuscule,95,95056,1,1,3,2.0,D909,49.08143793,2.35483028,19:00:00,2024-05-20
202400028269,13:50,Plein jour,51,51607,2,9,1,2.0,Rue de la Verdonnelle,48.948495,3.621122,13:50:00,2024-05-21
202400028270,17:20,Plein jour,46,46102,2,3,1,6.0,GARE ROUTIÈRE,44.607907,2.028428,17:20:00,2024-09-03
202400028271,14:40,Plein jour,83,83144,1,1,1,2.0,A57,43.13561064,5.99192274,14:40:00,2024-07-26
202400028272,20:10,Crépuscule,56,56035,1,1,2,6.0,le gueffro,47.841794,-2.316313,20:10:00,2024-05-20
202400028273,03:15,Nuit sans éclairage,46,46055,1,1,1,7.0,Cavagnac,44.585516,2.078648,03:15:00,2024-08-24
202400028274,17:00,Plein jour,42,42044,1,1,1,2.0,N88,45.3903,4.3139,17:00:00,2024-07-22
202400028275,00:10,Nuit sans éclairage,56,56197,1,1,2,6.0,rue de l'if,47.892464,-2.467327,00:10:00,2024-05-20
202400028276,20:55,Crépuscule,92,92072,1,1,2,7.0,N118,48.82701466,2.2242259,20:55:00,2024-07-26
202400028277,22:47,Nuit sans éclairage,13,13210,1,1,1,2.0,A50-Sens Aubagne vers Marseille,43.28433,5.40409,22:47:00,2024-09-01
202400028278,14:10,Plein jour,2B,2B043,1,1,1,3.0,Campinca,42.764776,9.467967,14:10:00,2024-05-21
202400028279,18:20,Plein jour,92,92050,1,1,8,7.0,A86,48.9144637,2.21961284,18:20:00,2024-07-26
202400028280,03:00,Nuit sans éclairage,69,69259,1,1,1,6.0,Boulevard Périphérique Laurent Bonnevay,45.7174415,4.86022711,03:00:00,2024-09-02
202400028281,07:35,Plein jour,92,92025,1,1,2,6.0,A86,48.93542176,2.2605831,07:35:00,2024-07-26
202400028282,10:45,Plein jour,71,71248,2,3,1,3.0,Chemin des Carrieres,46.56054,4.92922,10:45:00,2024-05-21
202400028283,12:50,Plein jour,33,33192,1,1,1,3.0,Unknown,44.780756,-0.637781,12:50:00,2024-09-02
202400028284,19:15,Plein jour,95,95018,1,1,2,6.0,A15,48.95204423,2.27986403,19:15:00,2024-07-26
202400028285,10:55,Plein jour,61,61214,2,1,1,6.0,Voie Communale,48.760743,0.639218,10:55:00,2024-05-21
202400028286,20:30,Crépuscule,94,94069,1,1,3,6.0,A4,48.81661087,2.44867515,20:30:00,2024-07-26
202400028287,08:00,Plein jour,95,95582,1,1,8,3.0,A15,48.97105157,2.24878136,08:00:00,2024-08-31
202400028288,19:00,Plein jour,49,49367,1,3,2,2.0,D 73,47.574619,-0.732495,19:00:00,2024-05-20
202400028289,13:40,Plein jour,77,77294,1,1,1,6.0,A104,48.9724,2.575254,13:40:00,2024-07-26
202400028290,11:50,Plein jour,93,93027,1,1,1,5.0,AUTOROUTE A86,48.92460473,2.39061534,11:50:00,2024-08-31
202400028291,19:05,Plein jour,42,42149,2,1,8,1.0,Rue de Ravatey,45.649328,4.232376,19:05:00,2024-05-20
202400028292,08:30,Plein jour,974,97416,1,1,1,2.0,RN02,-21.35922,55.53593,08:30:00,2024-07-25
202400028293,09:35,Plein jour,34,34219,2,1,1,7.0,Les Vignes de la Coste,43.529688,2.830575,09:35:00,2024-05-20
202400028294,08:57,Plein jour,94,94069,1,1,1,2.0,A4,48.81740557,2.42988727,08:57:00,2024-09-02
202400028295,17:20,Plein jour,35,35188,2,3,2,7.0,Rue de Coulon,48.135693,-1.955851,17:20:00,2024-05-20
202400028296,06:05,Nuit sans éclairage,93,93051,1,1,1,2.0,A4,48.83537225,2.57202249,06:05:00,2024-09-02
202400028297,09:40,Plein jour,973,97302,2,3,1,3.0,MONT LUCAS 1 (CITE),4.92415,-52.30198,09:40:00,2024-07-25
202400028298,20:35,Plein jour,35,35169,2,1,9,6.0,61 Rue Pierre Porcher,47.983631,-2.042556,20:35:00,2024-05-20
202400028299,07:50,Crépuscule,84,84133,2,1,1,6.0,Chemin du Plan,43.724684,5.543633,07:50:00,2024-04-13
202400028300,20:50,Plein jour,69,69386,2,2,1,3.0,Rue de Créqui,45.77083,4.84566,20:50:00,2024-07-25
202400028301,14:25,Plein jour,54,54040,1,1,1,7.0,D992,48.49441913,6.92919731,14:25:00,2024-05-20
202400028302,17:15,Plein jour,84,84062,1,2,1,3.0,D901,43.882227,5.102908,17:15:00,2024-04-01
202400028303,16:45,Plein jour,69,69388,2,2,1,3.0,Boulevard des Etats-Unis,45.73119,4.86618,16:45:00,2024-07-25
202400028304,08:25,Plein jour,14,14191,2,1,1,7.0,4 Place du Marche,49.329587,-0.456882,08:25:00,2024-05-21
202400028305,22:00,,84,84003,2,1,1,6.0,Avenue Eugène Baudouin,43.874092,5.387716,22:00:00,2024-02-18
202400028306,12:00,Plein jour,972,97209,2,1,1,2.0,Bretelle sortie A1,14.61608,-61.04361,12:00:00,2024-07-25
202400028307,16:00,Plein jour,36,36169,1,1,1,3.0,Unknown,46.777713,2.051761,16:00:00,2024-05-19
202400028308,14:15,Plein jour,84,84003,2,3,1,2.0,Avenue Philippe de Girard,43.875967,5.38528,14:15:00,2024-01-24
202400028309,20:35,Plein jour,69,69389,2,2,1,3.0,Avenue Joannès Masset,45.76796,4.80107,20:35:00,2024-07-25
202400028310,20:30,Plein jour,07,07308,2,9,3,3.0,D221,45.189795,4.796112,20:30:00,2024-05-20
202400028311,11:10,Plein jour,69,69385,2,2,1,1.0,67 Boulevard des Castors,45.7518,4.80889,11:10:00,2024-07-25
202400028312,18:15,Plein jour,53,53126,1,1,1,2.0,D31 le petit val,48.327638,-0.950511,18:15:00,2024-05-21
202400028313,23:40,,987,98735,2,1,2,7.0,GAL DE GAULLE (RUE BLOC BANQUE POLYNESIE,-17.54055826,-149.56809282,23:40:00,2024-08-30
202400028314,16:35,Plein jour,971,97113,1,1,1,3.0,SECTION COCOYER,16.2414,-61.49408,16:35:00,2024-07-25
202400028315,22:50,,37,37001,1,1,1,6.0,55 Route du Blanc,46.96140128,0.70545807,22:50:00,2024-05-18
202400028316,18:15,Plein jour,69,69385,2,2,1,3.0,Avenue Barthélémy Buyer,45.76408,4.79089,18:15:00,2024-09-01
202400028317,21:05,Crépuscule,80,80754,1,1,1,6.0,PK 162+950 - Autoroute A29,49.813675,1.935654,21:05:00,2024-05-20
202400028318,14:40,Plein jour,971,97105,2,1,1,3.0,SIDAMBAROM(AVENUE),15.996,-61.72718,14:40:00,2024-07-24
202400028319,19:15,Plein jour,95,95183,2,3,1,3.0,FIEF A CAVAN (RUE DU),49.04820714,2.00550109,19:15:00,2024-09-01
202400028320,05:45,Crépuscule,88,88327,1,1,8,6.0,rn57,48.315649,6.368471,05:45:00,2024-05-05
202400028321,21:00,,2A,2A004,2,3,1,1.0,NAPOLEON COURS AVANT BEVERINI,41.92638081,8.73830304,21:00:00,2024-07-25
202400028322,14:20,Plein jour,13,13051,1,1,1,2.0,Route Departementale 10,43.547646,5.155549,14:20:00,2024-05-21
202400028323,13:45,Plein jour,95,95268,2,1,1,6.0,LANGUEDOC (ALLEE DU),48.97169716,2.41584018,13:45:00,2024-07-25
202400028324,19:40,Plein jour,91,91649,1,1,1,1.0,D31,48.546728,2.348661,19:40:00,2024-05-20
202400028325,17:50,Plein jour,91,91589,2,1,1,3.0,BD ARISTIDE BRIAND,48.68711,2.35436,17:50:00,2024-09-01
202400028326,19:00,Plein jour,91,91174,2,1,1,3.0,RUE GUSTAVE COURBET,48.61599,2.46583,19:00:00,2024-07-25
202400028327,08:30,Plein jour,53,53113,1,1,8,7.0,D241,48.255256,-0.443122,08:30:00,2024-05-21
202400028328,12:13,Plein jour,91,91687,1,1,1,6.0,A6,48.66596,2.36277,12:13:00,2024-09-01
202400028329,11:00,Plein jour,91,91174,2,9,1,3.0,BD FONTAINEBLEAU,48.59368,2.47607,11:00:00,2024-07-25
202400028330,08:00,,06,06150,1,1,1,1.0,"A500, PR 2 + 2912",43.741088,7.384572,08:00:00,2024-05-21
202400028331,19:25,,971,97106,1,1,1,1.0,Route de Monchy,16.094207,-61.769069,19:25:00,2024-05-15
202400028332,12:55,Plein jour,91,91589,2,3,1,3.0,RUE DU 11 NOVEMBRE,48.68275,2.348034,12:55:00,2024-08-31
202400028333,09:40,Plein jour,89,89024,2,1,1,6.0,GAMBETTA (AVENUE) N° PAIRS,47.79616,3.58135,09:40:00,2024-07-24
202400028334,20:20,Plein jour,87,87085,2,1,1,7.0,THUILLAT (RUE VICTOR),45.8502,1.25469,20:20:00,2024-07-24
202400028335,17:30,Plein jour,91,91174,2,3,1,6.0,AV CARNOT,48.612,2.47423,17:30:00,2024-09-01
202400028336,07:15,Plein jour,91,91540,2,1,1,6.0,rue du moulin,48.54864,2.1278,07:15:00,2024-05-21
202400028337,12:30,Plein jour,30,30011,2,1,1,7.0,ARAMON (ROUTE D'),43.9359,4.7506,12:30:00,2024-09-01
202400028338,16:24,Plein jour,87,87085,2,1,1,6.0,COMBES (RUE DES),45.83249,1.258,16:24:00,2024-07-24
202400028339,19:00,Plein jour,85,85191,2,9,1,6.0,Rue jacques cartier,46.67779,-1.43083,19:00:00,2024-07-25
202400028340,15:15,Plein jour,11,11066,1,1,1,5.0,Route départementale 613,42.797416,1.922178,15:15:00,2024-05-21
202400028341,02:20,,78,78350,1,2,1,3.0,VERSAILLES (ROUTE DE),48.84688,2.10922,02:20:00,2024-09-01
202400028342,21:30,,67,67218,2,1,1,6.0,VERGER (RUE DU),48.54051905,7.72732884,21:30:00,2024-09-01
202400028343,17:15,Plein jour,85,85191,2,2,1,3.0,GUTEMBERG RUE (SECTEUR 413),46.68084,-1.43046,17:15:00,2024-07-25
202400028344,10:45,Plein jour,83,83042,2,2,1,1.0,N 98,43.245297,6.53392,10:45:00,2024-05-19
202400028345,12:00,Plein jour,52,52401,1,1,1,7.0,D107,48.03952,5.25865,12:00:00,2024-05-20
202400028346,20:15,,67,67447,2,1,1,6.0,BISCHWILLER (ROUTE DE),48.61144,7.7509,20:15:00,2024-09-01
202400028347,20:00,Plein jour,57,57474,2,6,1,2.0,Rue des Ponts,49.259718,6.159838,20:00:00,2024-05-18
202400028348,14:00,Plein jour,84,84007,2,9,1,3.0,MORIERES (Route de ),43.9514,4.82733,14:00:00,2024-07-24
202400028349,14:50,Plein jour,57,57408,2,1,1,2.0,Rue de Forbach,49.15620546,6.99025975,14:50:00,2024-05-20
202400028350,17:00,Plein jour,67,67218,1,3,1,3.0,23 NOVEMBRE (RUE DU),48.5317,7.70809,17:00:00,2024-09-01
202400028351,09:40,Plein jour,84,84007,2,1,1,2.0,SAINTE CATHERINE (AVENUE),43.92969,4.86557,09:40:00,2024-07-24
202400028352,12:40,Plein jour,57,57620,1,1,1,1.0,D181a,49.203579,5.995059,12:40:00,2024-05-20
202400028353,18:10,Plein jour,83,83137,2,1,1,3.0,COLLET (AVE AMIRAL),43.12919,5.92453,18:10:00,2024-07-25
202400028354,15:45,Plein jour,73,73030,2,3,1,3.0,Rue du prede,45.56357505,5.98177828,15:45:00,2024-05-20
202400028355,15:10,Plein jour,65,65226,2,1,1,4.0, Av du Pouey,43.23825972,0.03884323,15:10:00,2024-08-30
202400028356,20:45,Plein jour,77,77373,2,1,1,3.0,AV DE LA REPUBLIQUE,48.8031,2.61109,20:45:00,2024-07-25
202400028357,15:15,Plein jour,26,26116,1,1,1,7.0,Route Nationale 93,44.412279,4.69716,15:15:00,2024-05-20
202400028358,14:00,Plein jour,64,64122,2,1,1,2.0,BIARRITZ (Porte de ),43.47679,-1.55207,14:00:00,2024-09-01
202400028359,16:45,Plein jour,77,77058,2,3,1,3.0,EUROPE (AVENUE DE L' ),48.83185,2.7176,16:45:00,2024-07-25
202400028360,11:20,Plein jour,17,17164,1,3,2,3.0,Route de Taillebourg,45.769951,-0.618008,11:20:00,2024-05-12
202400028361,22:40,,62,62498,2,9,1,3.0,Route de Béthune,50.4431,2.80299,22:40:00,2024-09-01
202400028362,22:00,Nuit sans éclairage,76,76640,2,4,2,3.0,Rue de Louviers,49.27267,1.03936,22:00:00,2024-07-25
202400028363,07:30,Plein jour,62,62386,2,2,1,3.0,Rue Emile Zola,50.45388,2.73021,07:30:00,2024-09-01
202400028364,18:00,Plein jour,64,64304,2,3,2,6.0,D261,43.491211,-1.38299,18:00:00,2024-05-13
202400028365,15:20,Plein jour,76,76351,2,3,1,7.0,STADE OCEANE (Rue du),49.49996,0.17153,15:20:00,2024-07-24
202400028366,10:05,Plein jour,62,62457,2,9,1,3.0,D341,50.45598,2.52828,10:05:00,2024-08-31
202400028367,15:05,Plein jour,29,29288,1,3,1,3.0,Chapelle Jésus,48.55943712,-4.29228637,15:05:00,2024-05-18
202400028368,02:35,,76,76351,2,3,2,7.0,PIERRE MENDES FRANCE,49.5147,0.1538,02:35:00,2024-07-23
202400028369,16:45,Plein jour,62,62119,2,3,3,1.0,avenue pierre mendès france,50.51915,2.63965,16:45:00,2024-08-31
202400028370,10:55,Plein jour,56,56260,2,2,8,3.0,Boulevard de la Résistance,47.64624,-2.78008,10:55:00,2024-08-31
202400028371,17:30,Plein jour,76,76122,1,2,1,3.0,Carrefour D928 et D920,49.826232,1.530447,17:30:00,2024-05-21
202400028372,15:30,Plein jour,72,72181,2,2,1,3.0,GAULLE GENERAL DE (AV DU),48.00405,0.19971,15:30:00,2024-07-24
202400028373,23:47,,50,50502,2,1,1,3.0,TORTERON (rue),49.11464,-1.09552,23:47:00,2024-08-31
202400028374,15:39,Nuit sans éclairage,80,80064,1,1,2,7.0,D 28,49.797167,2.603223,15:39:00,2024-04-20
202400028375,16:45,Plein jour,71,71499,2,1,1,7.0,JULES GUESDE (RUE),46.665,4.2926,16:45:00,2024-07-25
202400028376,10:48,Plein jour,49,49007,1,1,1,6.0,ATLANTIQUE  AVENUE DE L',47.46816,-0.5858,10:48:00,2024-09-01
202400028377,18:00,Plein jour,62,62881,1,1,1,6.0,D938,50.21709,2.173485,18:00:00,2024-05-20
202400028378,17:45,Plein jour,69,69266,2,3,1,6.0,Rue de Longchamp,45.78147,4.88641,17:45:00,2024-07-25
202400028379,21:41,,45,45338,2,2,1,3.0,79 Rue Jean Mermoz,47.981128,2.716368,21:41:00,2024-09-01
202400028380,08:35,Plein jour,69,69290,2,1,1,4.0,Rue Alfred de Vigny,45.69954,4.93602,08:35:00,2024-07-24
202400028381,05:50,,44,44109,2,9,3,6.0,Quai du Marquis d'Aiguillon,47.20054,-1.57829,05:50:00,2024-09-01
202400028382,23:11,,68,68066,2,1,1,3.0,EUROPE (AVENUE DE L'),48.079805,7.327739,23:11:00,2024-07-25
202400028383,10:50,Plein jour,67,67482,2,1,1,3.0,JEAN JAURES (AVENUE),48.56945,7.76326,10:50:00,2024-07-25
202400028384,11:00,Plein jour,34,34301,2,2,1,3.0,HUGO VICTOR (AVENUE),43.4102,3.69743,11:00:00,2024-09-01
202400028385,13:00,Plein jour,67,67482,2,1,1,3.0,HOPITAL (ROUTE DE L ),48.57021,7.75094,13:00:00,2024-07-24
202400028386,09:37,Plein jour,67,67462,1,1,1,5.0,RD 424,48.236063,7.480177,09:37:00,2024-07-24
202400028387,13:30,Plein jour,65,65286,2,1,1,2.0,MARQUI (AVENUE ALEXANDRE),43.10603909,-0.04067347,13:30:00,2024-07-24
202400028388,14:15,Plein jour,64,64445,2,1,1,6.0,LATAPIE,43.29543626,-0.36788374,14:15:00,2024-07-24
202400028389,21:00,Plein jour,64,64122,2,6,1,3.0,ROND POINT DE L EUROPE,43.48098,-1.54069,21:00:00,2024-07-25
202400028390,11:40,Plein jour,64,64122,2,1,1,2.0,LUIS MARIANO ( RUE-ROND POINT)),43.45949,-1.53946,11:40:00,2024-07-25
202400028391,00:55,,64,64125,2,1,1,1.0,BIARRITZ (AVENUE DE),43.45645,-1.57255,00:55:00,2024-07-24
202400028392,10:50,Plein jour,63,63113,2,2,1,3.0,Rue Niel / Rue de la Liève,45.78332,3.10241,10:50:00,2024-07-25
202400028393,20:40,Crépuscule,59,59368,2,2,2,3.0,CONCORDE RUE DE LA,50.65848,3.07647,20:40:00,2024-07-25
202400028394,18:00,Plein jour,59,59009,2,1,1,1.0,Rue des Fusilles,50.61978,3.1396,18:00:00,2024-07-24
202400028395,13:50,Plein jour,59,59566,2,6,1,6.0,MUCHEMBUS AVENUE DE,50.62487,2.98443,13:50:00,2024-07-24
202400028396,16:00,Plein jour,58,58194,2,3,1,2.0,SAINT VINCENT,46.98939,3.16285,16:00:00,2024-07-25
202400028397,12:40,Plein jour,56,56260,2,6,1,3.0,Boulevard de Pontivy,47.67694,-2.77436,12:40:00,2024-07-25
202400028398,02:24,Nuit avec éclairage,56,56162,2,1,1,7.0,Place de l’Église,47.73643,-3.42798,02:24:00,2024-07-25
202400028399,06:00,Plein jour,54,54395,2,2,1,3.0,Rue Charles Keller,48.70168,6.17157,06:00:00,2024-07-25
202400028400,18:20,Plein jour,54,54395,2,5,1,1.0,Rue des Tiercelins,48.69167,6.19251,18:20:00,2024-07-24
202400028401,22:55,Nuit sans éclairage,54,54575,1,1,1,6.0,D17,49.47303,5.80638,22:55:00,2024-07-25
202400028402,11:30,Plein jour,52,52121,2,1,1,6.0,MOULIN NEUF (RUE DU),48.12623094,5.15492141,11:30:00,2024-07-22
202400028403,18:20,Plein jour,50,50647,2,1,2,3.0,VILLEDIEU LES POELES (ROUTE),48.839284,-1.553107,18:20:00,2024-07-25
202400028404,11:55,Plein jour,48,48095,2,4,1,7.0,FOCH (AVENUE),44.51765,3.49657,11:55:00,2024-07-25
202400028405,09:45,Plein jour,45,45285,2,1,1,6.0,3 Rue de Marmogne,47.897117,1.859814,09:45:00,2024-07-25
202400028406,16:00,Plein jour,44,44109,2,1,1,2.0,Unknown,47.19265917,-1.61347568,16:00:00,2024-07-24
202400028407,07:40,Plein jour,94,94056,2,1,8,6.0,Route de Brie Comte Robert,48.69697,2.57058,07:40:00,2024-10-07
202400028408,11:23,Plein jour,42,42207,2,2,1,3.0,Place Nationale,45.46435,4.5034,11:23:00,2024-07-25
202400028409,07:00,Crépuscule,93,93066,2,9,8,2.0,LENINE (AVENUE) NR 28 A 62 ET 13 A 41,48.94304457,2.36359252,07:00:00,2024-10-07
202400028410,14:11,Plein jour,38,38421,2,1,1,3.0,AVENUE AMBROISE CROIZAT,45.18314,5.75702,14:11:00,2024-07-24
202400028411,14:43,Plein jour,93,93066,2,1,2,5.0,WILSON (AVENUE DU PRESIDENT),48.92756,2.35678,14:43:00,2024-10-06
202400028412,15:12,Plein jour,36,36044,2,1,1,6.0,Rue Victor Hugo,46.81132,1.69323,15:12:00,2024-07-24
202400028413,01:50,,93,93048,1,6,2,3.0,PIERRE DE MONTREUIL S5 (RUE),48.86253102,2.45520813,01:50:00,2024-10-07
202400028414,07:00,Plein jour,35,35238,2,1,1,6.0,ISLY (RUE D'),48.10581,-1.67764,07:00:00,2024-07-25
202400028415,13:05,Plein jour,93,93050,2,1,2,1.0,LOUIS VANNINI (RUE),48.86584,2.52332,13:05:00,2024-10-07
202400028416,08:10,Plein jour,93,93010,2,2,1,6.0,FRANCE (AV. ANATOLE) DE 79 ET 80 A FIN,48.89054,2.4959,08:10:00,2024-10-07
202400028417,04:35,Nuit sans éclairage,35,35051,1,1,5,6.0,FOUGERES (ROUTE DE),48.15335,-1.59645,04:35:00,2024-07-25
202400028418,13:20,Plein jour,92,92022,2,1,8,7.0,PASSERELLE (RUE DE LA),48.81347887,2.1949406,13:20:00,2024-10-07
202400028419,13:35,Plein jour,34,34172,2,1,1,6.0,GANGES (ROUTE DE,43.62895,3.8569,13:35:00,2024-07-25
202400028420,08:30,Plein jour,92,92072,2,1,7,6.0,EUROPE (AVENUE DE L'),48.82271089,2.20887959,08:30:00,2024-10-07
202400028421,19:40,,92,92049,2,3,2,3.0,BRIAND AVENUE ARISTIDE N°1 A 129,48.81325955,2.32583731,19:40:00,2024-10-07
202400028422,14:50,Plein jour,33,33318,2,1,1,3.0,Unknown,44.809906,-0.621725,14:50:00,2024-07-25
202400028423,20:28,,92,92036,2,8,1,1.0,PIERRE TIMBAUD (RUE) (1/45),48.93327297,2.30165452,20:28:00,2024-10-05
202400028424,08:21,Plein jour,92,92026,2,2,1,3.0,PAIX,48.90320228,2.26694673,08:21:00,2024-10-07
202400028425,09:30,Plein jour,33,33281,2,1,1,4.0,Unknown,44.84466,-0.67495,09:30:00,2024-07-25
202400028426,08:50,Plein jour,92,92032,2,3,8,3.0,CHEVREUSE (VOIE DE),48.7844797,2.29180992,08:50:00,2024-10-07
202400028427,19:20,,92,92002,2,1,2,3.0,PYRENEES (BOULEVARD DES),48.73621614,2.28204019,19:20:00,2024-10-07
202400028428,16:45,Plein jour,33,33529,2,6,1,3.0,Unknown,44.63012,-1.15431,16:45:00,2024-07-25
202400028429,10:50,Plein jour,59,59594,2,1,1,1.0,Rue Alphonse Dussart,50.490979,3.451496,10:50:00,2024-10-07
202400028430,18:25,Nuit sans éclairage,63,63425,1,1,3,1.0,D213,45.67665478,3.1269512,18:25:00,2024-10-07
202400028431,13:55,Plein jour,21,21021,1,1,1,4.0,A31,47.337344,5.165868,13:55:00,2024-10-05
202400028432,11:05,Plein jour,31,31555,2,1,1,3.0,RTE DE SEYSSES,43.56538419,1.41049421,11:05:00,2024-07-25
202400028433,16:00,Plein jour,81,81156,2,1,1,2.0,31 Avenue d'Albi,43.916774,2.033157,16:00:00,2024-10-07
202400028434,16:30,Plein jour,34,34114,1,1,3,6.0,A75 PK 28+212 Sens 1,43.644253,3.562757,16:30:00,2024-10-07
202400028435,16:25,Plein jour,31,31555,2,1,7,2.0,BD DE LA MARNE,43.5840462,1.46167785,16:25:00,2024-07-24
202400028436,16:00,Plein jour,80,80006,1,2,1,3.0,D12,50.178998,1.936955,16:00:00,2024-10-07
202400028437,02:35,Nuit sans éclairage,61,61414,1,1,1,6.0,D912,48.531597,0.523213,02:35:00,2024-08-13
202400028438,16:35,Plein jour,22,22229,1,1,1,3.0,Kernevez,48.268323,-3.229433,16:35:00,2024-10-05
202400028439,09:10,Plein jour,44,44015,1,1,1,1.0,Unknown,47.454868,-1.795624,09:10:00,2024-10-08
202400028440,10:05,Plein jour,01,01266,2,3,1,3.0,Rue des Carronnieres,46.336034,5.125937,10:05:00,2024-10-07
202400028441,14:30,Plein jour,14,14177,2,1,1,2.0,3055 Route du Regiment Ecossais,49.212042,0.215297,14:30:00,2024-10-03
202400028442,07:49,Crépuscule,45,45148,2,1,1,6.0,D32 PR 5 + 838,48.104119,2.773957,07:49:00,2024-10-08
202400028443,14:38,Plein jour,43,43187,1,3,1,1.0,RD906,45.15956672,3.82871021,14:38:00,2024-10-07
202400028444,02:30,Nuit sans éclairage,53,53143,1,1,2,7.0,la Sellerie,47.959554,-0.654706,02:30:00,2024-10-06
202400028445,21:10,,40,40313,2,1,1,6.0,rue du général de gaulle,43.832952,-0.807163,21:10:00,2024-10-07
202400028446,17:20,Plein jour,85,85221,2,1,1,6.0,Rue des Alouettes,46.907719,-1.996406,17:20:00,2024-10-06
202400028447,18:35,Crépuscule,01,01033,1,1,1,3.0,"A 40, PK 104+200",46.160431,5.778455,18:35:00,2024-10-04
202400028448,13:15,Plein jour,83,83023,1,1,1,1.0,D43,43.3537775,6.08967131,13:15:00,2024-10-03
202400028449,13:20,Plein jour,48,48004,1,1,2,6.0,les rochettes hautes,44.474032,3.860857,13:20:00,2024-10-07
202400028450,11:45,Plein jour,13,13041,1,1,1,1.0,D46a PK 0+450,43.465079,5.468949,11:45:00,2024-10-07
202400028451,17:40,Plein jour,21,21295,2,1,2,3.0,Avenue de la gare,47.228822,4.991122,17:40:00,2024-10-07
202400028452,20:00,,57,57271,2,1,2,5.0,Rue de Marienthal,49.103376,6.798531,20:00:00,2024-10-07
202400028453,18:30,Plein jour,01,01386,1,3,1,1.0,D20,45.884108,5.345267,18:30:00,2024-10-07
202400028454,13:25,Plein jour,69,69068,2,1,8,1.0,70 Rue Rochon,45.844842,4.818996,13:25:00,2024-10-07
202400028455,06:30,Nuit sans éclairage,81,81070,1,1,5,2.0,A 68 PK 34+500,43.803237,1.774818,06:30:00,2024-10-08
202400028456,09:10,Plein jour,33,33056,2,1,1,7.0,75 avenue du 11 novembre,44.909029,-0.623203,09:10:00,2024-10-08
202400028457,06:05,Nuit sans éclairage,44,44047,1,1,2,2.0,Unknown,47.243117,-1.670212,06:05:00,2024-10-04
202400028458,16:00,Plein jour,29,29161,1,1,1,6.0,ZAC de Penhoat Salaun,47.90120116,-4.02917147,16:00:00,2024-09-19
202400028459,17:55,Plein jour,83,83090,1,1,1,2.0,A50,43.12199255,5.83105057,17:55:00,2024-09-24
202400028460,05:55,Nuit sans éclairage,33,33023,1,1,2,5.0,Unknown,44.69765815,-0.49913712,05:55:00,2024-10-06
202400028461,16:20,Plein jour,59,59560,1,1,1,2.0,AUTOROUTE A1,50.53732,3.05077,16:20:00,2024-09-20
202400028462,03:50,Nuit sans éclairage,62,62351,1,1,1,6.0,A21,50.4321316,2.90356147,03:50:00,2024-10-06
202400028463,20:15,Nuit sans éclairage,59,59183,1,1,1,6.0,AUTOROUTE A16,51.00809,2.32519,20:15:00,2024-10-04
202400028464,17:40,Plein jour,78,78362,1,1,2,5.0,A13,48.975807,1.722824,17:40:00,2024-10-06
202400028465,17:30,Plein jour,92,92047,1,1,1,2.0,A13,48.83554429,2.17962441,17:30:00,2024-10-06
202400028466,14:15,Plein jour,78,78007,1,1,2,7.0,A13W,48.901,2.0049,14:15:00,2024-10-06