Num_Acc,hrmn,lum,dep,com,agg,int,atm,col,adr,lat,long,heure,date
202400028467,05:35,Nuit sans éclairage,78,78140,1,1,2,7.0,A13,48.963614,1.926772,05:35:00,2024-10-06
202400028468,18:10,Plein jour,92,92050,1,1,1,3.0,A86,48.90384816,2.20690817,18:10:00,2024-10-04
202400028469,05:10,Nuit sans éclairage,93,93078,1,1,2,6.0,AUTOROUTE A104,48.95857237,2.53354347,05:10:00,2024-10-07
202400028470,17:15,Plein jour,92,92036,1,1,2,2.0,AUTOROUTE A15,48.94364712,2.28775617,17:15:00,2024-10-06
202400028471,17:45,Plein jour,95,95582,1,1,1,6.0,A115,48.97445324,2.24505104,17:45:00,2024-10-06
202400028472,16:30,Plein jour,95,95212,1,1,2,6.0,A1,49.03384,2.54192,16:30:00,2024-10-06
202400028473,02:30,Nuit sans éclairage,93,93078,1,1,1,2.0,AUTOROUTE A104,48.96493499,2.55465645,02:30:00,2024-10-06
202400028474,05:45,Nuit sans éclairage,93,93005,1,1,1,2.0,AUTOROUTE A3,48.95598293,2.47342937,05:45:00,2024-10-05
202400028475,06:20,Nuit sans éclairage,77,77468,1,1,1,2.0,A4.W,48.83251521,2.65929855,06:20:00,2024-10-07
202400028476,23:25,Nuit sans éclairage,94,94044,1,1,2,6.0,N406,48.75777351,2.47883053,23:25:00,2024-10-06
202400028477,22:20,Nuit sans éclairage,94,94074,1,1,2,6.0,N406,48.76258012,2.46669352,22:20:00,2024-10-06
202400028478,14:10,Plein jour,93,93070,2,1,1,3.0,Rue Albert Dhalenne,48.916109,2.330629,14:10:00,2024-05-16
202400028479,19:30,Plein jour,93,93070,2,1,1,2.0,Quai de Seine,48.91775612,2.32885838,19:30:00,2024-05-03
202400028480,23:25,,93,93070,2,2,1,3.0,Avenue Michelet / Impasse Aubert,48.90869,2.34416,23:25:00,2024-04-24
202400028481,16:15,Plein jour,974,97407,2,6,1,3.0,VERGES(AVENUE),-20.93,55.3,16:15:00,2024-06-29
202400028482,09:15,Plein jour,974,97416,2,1,1,1.0,THOREZ (CHEMIN MAURICE),-21.27641,55.46956,09:15:00,2024-10-06
202400028483,08:15,Plein jour,974,97411,1,9,1,7.0,MONTAGNE (ROUTE DE LA),-20.88834,55.43771,08:15:00,2024-10-06
202400028484,15:20,Plein jour,69,69388,2,1,1,3.0,Rue Commandant Caroline Aigle,45.7323124,4.88581046,15:20:00,2024-09-30
202400028485,04:00,,69,69387,2,1,1,6.0,Rue Tourville,45.74886,4.85177,04:00:00,2024-10-06
202400028486,11:35,Plein jour,972,97209,1,9,1,6.0,AMILCAR CABRAL (BOULEVARD),14.611584,-61.082595,11:35:00,2024-10-05
202400028487,17:15,Plein jour,972,97209,1,1,1,6.0,AVE CAMILLE DARSIERES,14.5959,-61.05935,17:15:00,2024-10-05
202400028488,06:40,Plein jour,972,97209,2,1,1,7.0,EAUX DECOUPEES (CHEMIN DES),14.60808,-61.05457,06:40:00,2024-10-06
202400028489,18:10,Plein jour,95,95280,2,9,1,6.0,JACQUES ANQUETIL (AVENUE),49.022691,2.457338,18:10:00,2024-10-05
202400028490,11:10,Plein jour,95,95219,2,1,2,4.0,D140,48.98665835,2.24752563,11:10:00,2024-10-06
202400028491,15:55,Plein jour,91,91687,2,1,2,6.0,NUNGESSER ET COLI (RUE),48.67426,2.36683,15:55:00,2024-10-06
202400028492,12:43,Plein jour,91,91027,2,2,2,3.0,RUE NOUVELLE,48.69378,2.38916,12:43:00,2024-10-06
202400028493,19:10,Crépuscule,90,90010,2,9,1,3.0,JAURES (AVENUE JEAN) DE 152 ET 119,47.65266,6.85016,19:10:00,2024-10-05
202400028494,11:40,Plein jour,84,84035,2,2,1,1.0,ROBION-RD2 (ROUTE DE),43.840423,5.061981,11:40:00,2024-10-06
202400028495,16:35,Plein jour,79,79191,2,2,1,3.0,Unknown,46.34818,-0.47741,16:35:00,2024-10-06
202400028496,11:20,Plein jour,78,78224,2,1,1,1.0,SAINT NOM (ROUTE DE),48.86913,2.05309,11:20:00,2024-10-05
202400028497,00:01,,77,77249,2,3,1,6.0,RUE DE LA FORET DE JOUY,48.73403,2.59513,00:01:00,2024-10-06
202400028498,16:30,Plein jour,73,73065,2,1,1,1.0,BANQUE (RUE DE LA),45.56558,5.92589,16:30:00,2024-10-05
202400028499,21:10,,69,69282,2,2,1,1.0,Rue de la République,45.76538,5.00915,21:10:00,2024-10-06
202400028500,07:30,Crépuscule,64,64140,2,2,2,3.0,DUVERT (RUE RENE),43.52275,-1.48931,07:30:00,2024-10-06
202400028501,18:45,Plein jour,64,64102,2,2,1,3.0,SOULT (AVENUE MARECHAL),43.48408,-1.49931,18:45:00,2024-10-05
202400028502,06:00,,59,59488,2,1,1,6.0,ROUTE D'ARRAS,50.19104,3.16541,06:00:00,2024-10-06
202400028503,19:05,Plein jour,59,59122,2,1,1,3.0,VICTOIRE (AVENUE DE LA),50.1733,3.23327,19:05:00,2024-10-05
202400028504,01:30,,57,57606,2,1,1,6.0,POILUS (PASSAGE DES),49.101192,6.711231,01:30:00,2024-10-06
202400028505,14:20,Plein jour,56,56260,1,1,2,5.0,Liziec,47.66838,-2.72451,14:20:00,2024-10-06
202400028506,16:50,Plein jour,51,51108,2,1,1,6.0,MENARD (RUE MICHEL),48.941425,4.400946,16:50:00,2024-10-05
202400028507,20:50,,45,45147,2,1,8,1.0,18 Rue de Montaran,47.944162,1.916799,20:50:00,2024-10-06
202400028508,11:45,Plein jour,45,45075,2,1,2,2.0,D2152 PR 63 + 754,47.89416,1.85159,11:45:00,2024-10-06
202400028509,19:20,Nuit sans éclairage,38,38185,2,1,2,6.0,Cours Berriat,45.18805106,5.71868688,19:20:00,2024-10-06
202400028510,20:40,Nuit sans éclairage,37,37122,2,1,8,6.0,RD 37,47.34058,0.66463,20:40:00,2024-10-06
202400028511,10:05,Plein jour,37,37122,2,1,2,6.0,DEUX LIONS (ROUTE DES),47.36096,0.68454,10:05:00,2024-10-06
202400028512,12:10,Plein jour,35,35238,2,2,1,3.0,LORIENT (DE),48.10897,-1.71033,12:10:00,2024-10-06
202400028513,11:15,Plein jour,35,35238,2,1,2,2.0,BERNARD (CLAUDE),48.10317,-1.69413,11:15:00,2024-10-06
202400028514,18:30,Plein jour,34,34108,2,3,1,3.0,BALARUC (ROUTE DE),43.4302,3.7251,18:30:00,2024-10-06
202400028515,03:45,Nuit sans éclairage,33,33200,1,1,8,6.0,Unknown,44.888327,-0.668108,03:45:00,2024-10-06
202400028516,14:10,Plein jour,33,33529,2,3,1,3.0,Unknown,44.622167,-1.140143,14:10:00,2024-10-06
202400028517,19:20,Crépuscule,27,27375,2,1,2,7.0,DUNANT (AVENUE HENRI),49.20997,1.17089,19:20:00,2024-10-06
202400028518,14:55,Plein jour,22,22113,2,1,1,2.0,SAINT MARC (RUE DE),48.73386,-3.44165,14:55:00,2024-10-04
202400028519,15:20,Plein jour,13,13212,2,3,1,3.0,BOUSQUETIER (BOULEVARD DU),43.317884,5.44554626,15:20:00,2024-10-05
202400028520,20:45,Nuit avec éclairage,13,13047,1,1,1,1.0,FOS (ROUTE DE) - RN 569,43.4926,4.97012,20:45:00,2024-10-05
202400028521,16:25,Plein jour,04,04070,2,1,1,7.0,DEMONTZEY (AV.),44.09133,6.2313,16:25:00,2024-09-30
202400028522,19:30,,75,75113,2,1,1,3.0,BD PERIPHERIQUE EXTERIEUR,48.816368,2.34441,19:30:00,2024-10-06
202400028523,11:35,Plein jour,75,75120,2,2,2,6.0,RUE DES ORTEAUX,48.856193,2.404937,11:35:00,2024-10-06
202400028524,19:45,,75,75119,2,2,2,3.0,RUE DE CRIMEE,48.893799,2.373312,19:45:00,2024-10-06
202400028525,12:47,Plein jour,75,75119,2,3,2,6.0,RUE DES CHAUFOURNIERS,48.878987,2.371292,12:47:00,2024-10-06
202400028526,11:00,Plein jour,75,75118,2,3,2,6.0,BOULEVARD DE CLICHY,48.883419,2.334309,11:00:00,2024-10-06
202400028527,09:45,Plein jour,75,75118,2,2,2,6.0,BOULEVARD NEY,48.897882,2.337362,09:45:00,2024-10-06
202400028528,20:31,,75,75118,2,3,1,3.0,BOULEVARD BARBES,48.884501,2.349477,20:31:00,2024-10-05
202400028529,20:30,,75,75116,2,3,2,6.0,AVENUE MOZART,48.852429,2.268136,20:30:00,2024-10-06
202400028530,11:00,Plein jour,75,75116,2,2,2,6.0,RUE JEAN DE LA FONTAINE,48.849668,2.268619,11:00:00,2024-10-06
202400028531,16:45,Plein jour,75,75116,2,7,1,3.0,Place de Barcelone,48.847474,2.273629,16:45:00,2024-10-05
202400028532,17:45,Plein jour,75,75112,2,1,1,6.0,AVENUE DE SAINT MAURICE,48.831619,2.420594,17:45:00,2024-10-05
202400028533,21:45,,75,75111,2,1,2,3.0,BOULEVARD DE MENILMONTANT,48.859089,2.389017,21:45:00,2024-10-06
202400028534,01:15,,75,75109,2,3,1,6.0,RUE RICHER,48.874021,2.346508,01:15:00,2024-10-06
202400028535,01:15,,75,75109,2,2,1,6.0,RUE RICHER,48.874029,2.345344,01:15:00,2024-10-06
202400028536,16:10,Plein jour,75,75115,2,1,2,6.0,RUE DU COMMERCE,48.843656,2.292996,16:10:00,2024-10-06
202400028537,21:20,,75,75102,2,2,1,6.0,RUE DES PETITS CHAMPS,48.867006,2.335887,21:20:00,2024-10-05
202400028538,05:45,,94,94052,2,1,1,3.0,Avenue de Joinville,48.82928368,2.46677265,05:45:00,2024-10-06
202400028539,00:01,,94,94041,2,2,2,7.0,Boulevard Paul Vaillant Couturier,48.81756,2.39867,00:01:00,2024-10-07
202400028540,18:15,Plein jour,93,93073,2,1,1,2.0,CHAPIT RE ( RUE DU),49.00386,2.56698,18:15:00,2024-10-05
202400028541,22:00,,93,93062,2,1,1,7.0,PLATEAU (ALLEE DU),48.903,2.52849,22:00:00,2024-10-05
202400028542,19:45,,93,93029,2,9,1,6.0,REPUBLIQUE (DE LA) N° 1-161,48.92161334,2.44363546,19:45:00,2024-10-05
202400028543,16:15,Plein jour,92,92075,2,2,2,3.0,SOLFERINO (RUE),48.82241715,2.2899355,16:15:00,2024-10-06
202400028544,14:30,Plein jour,92,92073,2,1,2,3.0,JAURES (AVENUE JEAN),48.86361343,2.20904589,14:30:00,2024-10-06
202400028545,12:30,Plein jour,92,92064,2,3,2,3.0,CAMP CANADIEN,48.85289735,2.20585808,12:30:00,2024-10-06
202400028546,11:15,Plein jour,92,92064,2,1,1,6.0,DAILLY,48.84347,2.2207,11:15:00,2024-10-05
202400028547,11:25,Plein jour,92,92048,1,9,2,6.0,MARE ADAM (CARREFOUR DE LA),48.8008305,2.2091496,11:25:00,2024-10-06
202400028548,19:20,Crépuscule,92,92024,2,1,1,2.0,VICTOR HUGO (BD),48.8997741,2.31424525,19:20:00,2024-10-06
202400028549,19:20,,92,92004,2,1,2,4.0,DOCTEUR DERVAUX  ( QUAI DU ),48.90462656,2.28698999,19:20:00,2024-10-06
202400028550,14:45,Plein jour,37,37022,2,1,1,6.0,17 Rue du Parc,47.198868,0.184014,14:45:00,2024-10-05
202400028551,09:20,Plein jour,72,72051,1,2,2,3.0,D323,47.814855,0.063885,09:20:00,2024-10-07
202400028552,12:50,Plein jour,12,12287,2,1,1,6.0,D926,44.323514,1.899058,12:50:00,2024-10-06
202400028553,09:45,Plein jour,54,54089,1,1,2,6.0,D913,48.756557,6.252594,09:45:00,2024-10-07
202400028554,12:40,Plein jour,26,26353,1,1,2,7.0,Route de l’Ecluse,44.673843,4.789993,12:40:00,2024-10-07
202400028555,11:00,Plein jour,17,17010,1,6,1,3.0,D202 - les cadelis,46.104073,-1.093719,11:00:00,2024-10-05
202400028556,21:30,Nuit sans éclairage,45,45104,2,1,1,7.0,Rue Achille Fouquin,48.044693,2.67699,21:30:00,2024-10-05
202400028557,17:28,Plein jour,31,31418,2,6,1,6.0,85 Route d'Aufrery,43.611438,1.531903,17:28:00,2024-10-06
202400028558,11:20,Plein jour,31,31044,2,1,1,6.0,Rue des Lilas,43.608351,1.494561,11:20:00,2024-10-05
202400028559,09:15,Plein jour,81,81299,1,1,1,1.0,D112,43.66261,1.931469,09:15:00,2024-10-06
202400028560,11:20,Plein jour,972,97221,2,1,7,6.0,73 Rue Schoelcher,14.528019,-60.980713,11:20:00,2024-10-05
202400028561,22:45,Nuit sans éclairage,28,28024,1,1,2,2.0,N124,48.4159,1.480858,22:45:00,2024-10-06
202400028562,06:25,Crépuscule,01,01033,2,1,5,3.0,avenue du stade,46.124151,5.816107,06:25:00,2024-10-07
202400028563,20:17,Nuit sans éclairage,2B,2B009,1,1,1,1.0,T 10,42.085181,9.493067,20:17:00,2024-10-05
202400028564,12:15,Plein jour,62,62763,2,4,2,3.0,D85,50.372607,2.358069,12:15:00,2024-09-27
202400028565,07:30,Crépuscule,66,66050,1,1,1,6.0,CD 83 - PK 15,42.77732765,2.91553974,07:30:00,2024-10-05
202400028566,09:30,Plein jour,83,83021,1,1,2,6.0,D35,43.477884,5.949472,09:30:00,2024-10-07
202400028567,08:30,Plein jour,56,56047,1,1,2,7.0,Les Cinq Chemins,48.053917,-2.76731,08:30:00,2024-10-07
202400028568,04:30,,80,80620,2,1,8,6.0,D1017,49.9344,2.947233,04:30:00,2024-10-07
202400028569,19:45,,80,80373,2,9,1,3.0,Rue Charles de Gaulle,49.986483,1.556126,19:45:00,2024-10-04
202400028570,20:55,,82,82142,2,3,1,3.0,53 Rue Bernard Peyrille,43.815291,1.313706,20:55:00,2024-10-06
202400028571,18:15,Plein jour,65,65054,1,1,1,1.0,D17,43.056613,0.359631,18:15:00,2024-10-06
202400028572,11:20,Plein jour,63,63125,1,1,1,4.0,D58,45.77502454,3.55048384,11:20:00,2024-10-06
202400028573,19:00,Crépuscule,27,27027,1,4,7,1.0,D32,48.910436,1.240955,19:00:00,2024-10-05
202400028574,07:10,Crépuscule,63,63227,1,1,1,6.0,axe d1,45.67997733,3.2178088,07:10:00,2024-10-07
202400028575,14:40,Plein jour,61,61394,2,1,1,7.0,D7,48.281106,0.605366,14:40:00,2024-10-06
202400028576,16:35,Plein jour,49,49008,1,1,1,1.0,D923,47.603212,-0.992889,16:35:00,2024-10-06
202400028577,14:40,Plein jour,49,49018,1,2,2,6.0,LE PORTEAU,47.520501,-0.168985,14:40:00,2024-10-07
202400028578,20:30,Nuit sans éclairage,12,12264,1,1,1,6.0,Route de Villecomtal,44.433531,2.582136,20:30:00,2024-10-06
202400028579,14:04,Plein jour,39,39441,1,1,1,3.0,Unknown,46.474562,6.02967,14:04:00,2024-10-07
202400028580,05:20,Nuit sans éclairage,39,39405,1,1,8,6.0,Unknown,47.012275,5.494548,05:20:00,2024-10-06
202400028581,17:20,Plein jour,44,44115,1,1,2,5.0,Unknown,47.352751,-1.266303,17:20:00,2024-10-06
202400028582,19:30,Plein jour,29,29300,1,1,1,7.0,D22,47.875868,-3.617034,19:30:00,2024-10-06
202400028583,18:00,Plein jour,02,02713,1,1,7,2.0,Unknown,49.202626,3.561502,18:00:00,2024-10-05
202400028584,17:35,Plein jour,01,01083,1,2,1,3.0,D17,46.099037,4.858661,17:35:00,2024-10-07
202400028585,08:30,Plein jour,26,26365,1,1,8,6.0,D538,44.756863,5.016804,08:30:00,2024-10-07
202400028586,07:45,Plein jour,26,26165,1,1,1,7.0,Route d allex,44.795156,4.873762,07:45:00,2024-10-07
202400028587,17:30,Plein jour,58,58059,2,1,2,7.0,Avenue Gambetta,47.182036,3.030488,17:30:00,2024-10-06
202400028588,23:58,,06,06079,1,1,1,1.0,Boulevard du Bon Puits,43.521989,6.935894,23:58:00,2024-10-06
202400028589,04:00,Nuit sans éclairage,64,64405,1,1,1,7.0,D62,43.338523,-0.24495,04:00:00,2024-10-06
202400028590,09:00,Plein jour,18,18059,1,1,3,7.0,Unknown,46.644634,2.274186,09:00:00,2024-10-01
202400028591,15:20,Plein jour,18,18229,1,1,8,6.0,Unknown,47.230508,2.407411,15:20:00,2024-10-06
202400028592,16:30,Plein jour,36,36138,1,2,1,3.0,Unknown,46.55191541,2.13656187,16:30:00,2024-10-04
202400028593,20:10,,36,36088,2,1,2,7.0,Route de Bourges,46.952335,2.005209,20:10:00,2024-10-06
202400028594,13:11,Plein jour,07,07236,1,1,2,7.0,Chemin de Chatelas,45.084157,4.613611,13:11:00,2024-10-07
202400028595,10:00,Plein jour,21,21670,1,1,1,7.0,Rue des Mûriers,47.4437,4.664244,10:00:00,2024-10-06
202400028596,15:41,Plein jour,04,04116,1,1,1,6.0,D4,44.014338,5.953571,15:41:00,2024-10-03
202400028597,17:30,Plein jour,28,28215,1,2,2,2.0,D939,48.348745,1.812181,17:30:00,2024-10-06
202400028598,22:10,Nuit sans éclairage,37,37146,1,1,2,1.0,Le Viornay,47.53091592,0.20649156,22:10:00,2024-10-06
202400028599,22:20,Nuit sans éclairage,37,37167,1,1,2,6.0,Route Départementale 68,47.5703751,0.57119161,22:20:00,2024-10-06
202400028600,00:05,Nuit sans éclairage,52,52140,1,1,1,7.0,D40,48.273604,4.991366,00:05:00,2024-10-06
202400028601,13:05,Plein jour,95,95678,1,1,2,3.0,N184,49.07298501,2.23432839,13:05:00,2024-10-06
202400028602,07:40,Plein jour,973,97309,2,3,1,1.0,Route de Montjoly,4.915288,-52.275025,07:40:00,2024-10-07
202400028603,00:20,Nuit sans éclairage,51,51454,2,4,1,1.0,A344 Pk 009+200 sens Cormontreuil/Tinqueux,49.2252665,4.06154776,00:20:00,2024-10-07
202400028604,15:12,Plein jour,45,45006,1,1,2,6.0,A71 PR 112 + 193,47.78552,1.846374,15:12:00,2024-10-06
202400028605,14:10,Plein jour,45,45169,1,1,3,5.0,A10 PR 102 + 16,47.899261,1.803772,14:10:00,2024-10-07
202400028606,09:30,Crépuscule,69,69119,1,1,1,6.0,Route de Rive de Gier,45.508486,4.679248,09:30:00,2024-10-05
202400028607,17:15,Plein jour,974,97419,2,1,1,6.0,Route Nationale 2,-21.197711,55.820155,17:15:00,2024-10-06
202400028608,20:02,,971,97129,2,1,1,6.0,Route de Sofaia,16.315774,-61.702073,20:02:00,2024-10-05
202400028609,12:35,Plein jour,971,97118,2,1,1,3.0,Rue Rene Cassin,16.200143,-61.595809,12:35:00,2024-10-06
202400028610,06:30,Crépuscule,971,97121,1,1,7,5.0,rd 23,16.182828,-61.766279,06:30:00,2024-10-04
202400028611,21:54,Nuit sans éclairage,28,28001,1,1,8,5.0,D928,48.774286,1.401658,21:54:00,2024-10-06
202400028612,07:45,Plein jour,78,78380,2,1,1,6.0,31a Boulevard Paul Barré,48.909332,1.855896,07:45:00,2024-10-07
202400028613,18:10,Plein jour,2B,2B307,1,1,1,2.0,T10,42.384472,9.530333,18:10:00,2024-10-05
202400028614,20:50,,34,34209,2,6,2,7.0,D37,43.299834,3.33788,20:50:00,2024-10-06
202400028615,00:40,Nuit sans éclairage,06,06092,1,1,1,7.0,51 Avenue de l’Hotel de Ville,43.766724,7.360254,00:40:00,2024-10-07
202400028616,23:47,Nuit sans éclairage,973,97302,2,2,8,3.0,PREVOT (ERNEST),4.93162999,-52.33247468,23:47:00,2024-06-23
202400028617,07:00,Plein jour,971,97120,2,1,1,1.0,CARENAGE,16.22985582,-61.53131247,07:00:00,2024-06-23
202400028618,14:30,Plein jour,2A,2A004,2,1,1,6.0,COLONNA D'ORNANO COLONEL AV.,41.92819742,8.73846531,14:30:00,2024-06-24
202400028619,17:40,Plein jour,95,95607,2,3,1,2.0,D106,49.02130509,2.21572042,17:40:00,2024-06-24
202400028620,17:50,Plein jour,95,95197,2,9,7,6.0,ABEL FAUVEAU (RUE) ,48.96350929,2.32866704,17:50:00,2024-06-24
202400028621,08:30,Plein jour,95,95427,2,1,1,6.0,D193,48.96436463,2.3361306,08:30:00,2024-06-24
202400028622,08:10,Plein jour,91,91201,2,1,1,3.0,AV DU GENERAL DE GAULLE,48.68719,2.39959,08:10:00,2024-06-24
202400028623,07:10,Plein jour,91,91223,2,1,1,6.0,COQUERIVE (AVENUE DE),48.43447,2.16928,07:10:00,2024-06-24
202400028624,14:20,Plein jour,90,90010,2,2,1,2.0,KENNEDY (BOULEVARD),47.629781,6.842916,14:20:00,2024-06-23
202400028625,08:53,Plein jour,87,87085,2,1,1,7.0,QUEUILLE (PLACE HENRI),45.81472,1.26926,08:53:00,2024-06-24
202400028626,00:40,,86,86066,2,1,1,7.0,Pont Henri IV,46.81639,0.53954,00:40:00,2024-06-24
202400028627,11:45,Plein jour,84,84007,2,1,1,3.0,TRIOLET (AVENUE ELSA),43.93112,4.84077,11:45:00,2024-06-24
202400028628,10:00,Plein jour,83,83069,2,2,8,3.0,MICHELET (RUE),43.11715,6.12649,10:00:00,2024-06-24
202400028629,08:00,Plein jour,81,81065,2,1,1,7.0,GRELE (CH.DE),43.59552904,2.22406027,08:00:00,2024-06-24
202400028630,17:37,Plein jour,80,80256,1,1,1,6.0,Rue Octavie Duchellier,49.91173,2.22092,17:37:00,2024-06-23
202400028631,22:00,Crépuscule,80,80021,2,1,1,7.0,Rue Saint-Leu,49.8991,2.3006,22:00:00,2024-06-23
202400028632,00:50,,78,78481,2,9,1,3.0,CHARLES DE GAULLE (AVENUE),48.89252,2.10449,00:50:00,2024-06-24
202400028633,21:30,Plein jour,78,78217,1,1,7,2.0,CD 113,48.95922,1.83853,21:30:00,2024-06-24
202400028634,10:35,Plein jour,78,78423,2,1,1,2.0,LECLERC (AVENUE DU  GENERAL),48.78103,2.02637,10:35:00,2024-06-24
202400028635,08:45,Plein jour,78,78423,2,1,1,6.0,PRES (AVENUE DES),48.78724,2.04538,08:45:00,2024-06-24
202400028636,10:30,Plein jour,77,77258,2,1,1,3.0,MAIRIE (RUE DE LA),48.83538,2.62695,10:30:00,2024-06-22
202400028637,14:06,Plein jour,77,77487,2,1,1,1.0,CHARTRETTES  (ROUTE DE),48.51890682,2.67351251,14:06:00,2024-06-23
202400028638,21:40,Plein jour,76,76351,2,2,1,3.0,FREDERIC BELLANGER,49.49544,0.09961,21:40:00,2024-06-21
202400028639,19:00,Plein jour,76,76552,2,3,1,3.0,ALBERT DUBOSC,49.50742,0.08358,19:00:00,2024-06-21
202400028640,19:30,Plein jour,67,67267,2,6,8,3.0,MARECHAL FOCH (RUE DU),48.56063,7.69311,19:30:00,2024-06-22
202400028641,15:30,Plein jour,64,64260,2,9,1,2.0,CD 912,43.35536161,-1.77826438,15:30:00,2024-06-24
202400028642,17:15,Plein jour,62,62427,2,1,1,6.0,D39,50.42441063,2.94434939,17:15:00,2024-06-27
202400028643,21:45,Plein jour,59,59299,2,1,1,6.0,CD 700,50.646,3.1939,21:45:00,2024-06-24
202400028644,08:42,Plein jour,51,51454,2,1,1,6.0,COLOMB (AVENUE CHRISTOPHE),49.227839,4.035961,08:42:00,2024-06-23
202400028645,19:20,Plein jour,50,50129,2,1,1,3.0,ABBAYE (RUE DE L'),49.64452,-1.63402,19:20:00,2024-06-21
202400028646,00:50,Nuit sans éclairage,49,49007,2,2,1,3.0,AYRAULT,47.47731,-0.55326,00:50:00,2024-06-22
202400028647,10:40,Plein jour,43,43046,2,9,1,6.0,17 Avenue des Champs Élysées,45.05367,3.89907,10:40:00,2024-06-24
202400028648,22:50,,41,41018,2,1,1,7.0,WILSON (AVENUE DU PRESIDENT),47.583,1.339,22:50:00,2024-06-24
202400028649,08:20,Plein jour,41,41018,2,6,1,6.0,SCHUMAN (ROND POINT ROBERT),47.60799,1.33384,08:20:00,2024-06-23
202400028650,18:10,Plein jour,37,37261,2,3,1,3.0,TONNELLE (BOULEVARD),47.38237,0.66836,18:10:00,2024-06-24
202400028651,11:55,Plein jour,35,35238,2,2,1,3.0,VANEAU,48.10857503,-1.69296205,11:55:00,2024-06-24
202400028652,00:40,Nuit sans éclairage,34,34172,2,1,1,7.0,NERUDA (AVENUE PABLO),43.61656,3.82013,00:40:00,2024-06-23
202400028653,06:50,Plein jour,25,25388,2,1,1,6.0,BRIAND (AVENUE ARISTIDE),47.51002,6.80113,06:50:00,2024-06-24
202400028654,15:55,Plein jour,25,25056,2,1,1,2.0,DOLE RUE DE (entre 82 et 185),47.22755,5.98221,15:55:00,2024-06-24
202400028655,17:05,Plein jour,22,22113,2,2,1,7.0,LE MAUX (RUE PHILIPPE),48.73905,-3.45756,17:05:00,2024-06-20
202400028656,14:15,Plein jour,13,13005,2,3,1,3.0,BONNES NOUVELLES (CH.DES),43.29167,5.59027,14:15:00,2024-06-24
202400028657,13:05,Plein jour,13,13005,2,3,1,6.0,PAIX (AVENUE DE LA ),43.28153,5.55028,13:05:00,2024-06-24
202400028658,07:30,Plein jour,13,13005,2,1,1,3.0,MAISON RETRAITE BOURBONNE,43.28341228,5.59570487,07:30:00,2024-06-24
202400028659,13:40,Plein jour,12,12145,1,1,1,1.0,CAVALERIE (COTE DE LA ),44.08824,3.08819,13:40:00,2024-06-24
202400028660,10:21,Plein jour,11,11262,2,3,1,6.0,10 Quai Victor Hugo,43.18103,3.00898,10:21:00,2024-06-24
202400028661,09:05,Plein jour,11,11262,2,9,1,3.0,8 Avenue des Pyrenees,43.18449,2.99891,09:05:00,2024-06-24
202400028662,14:25,Plein jour,07,07102,2,9,1,3.0,REPUBLIQUE (AV. DE LA) [DU N° AU N°],44.93601,4.87397,14:25:00,2024-06-24
202400028663,15:15,Plein jour,06,06088,2,1,1,6.0,163 Boulevard René Cassin,43.66856,7.211582,15:15:00,2024-06-23
202400028664,11:00,Plein jour,06,06027,2,6,1,3.0,Rond point des gendarmes d'ouvéa,43.67038,7.12554,11:00:00,2024-06-23
202400028665,23:00,,75,75112,2,1,1,2.0,BD PERIPHERIQUE INTERIEUR,48.833191,2.406946,23:00:00,2024-06-23
202400028666,23:45,,75,75119,2,3,1,6.0,AVENUE DE FLANDRE,48.891362,2.377889,23:45:00,2024-06-22
202400028667,10:50,Plein jour,75,75106,2,4,1,3.0,BOULEVARD SAINT GERMAIN,48.85199,2.339717,10:50:00,2024-06-24
202400028668,20:20,Plein jour,75,75118,2,2,1,3.0,RUE DES POISSONNIERS,48.891181,2.351648,20:20:00,2024-06-23
202400028669,19:30,Plein jour,75,75117,2,2,1,3.0,RUE JOUFFROY D ABBANS,48.88520685,2.30723959,19:30:00,2024-06-23
202400028670,14:45,Plein jour,75,75116,2,4,1,3.0,AVENUE EDOUARD VAILLANT,48.836773,2.253655,14:45:00,2024-06-24
202400028671,08:00,Plein jour,75,75116,2,7,1,3.0,PLACE DE LA PORTE D AUTEUIL,48.848097,2.257724,08:00:00,2024-06-24
202400028672,13:30,Plein jour,75,75115,2,2,1,6.0,QUAI ANDRE CITROEN,48.849179,2.2811902,13:30:00,2024-06-24
202400028673,07:30,Plein jour,75,75115,2,3,1,6.0,RUE SAINT CHARLES,48.844427,2.283646,07:30:00,2024-06-24
202400028674,21:00,Plein jour,75,75114,2,3,1,2.0,AVENUE DU GENERAL LECLERC,48.831178,2.329847,21:00:00,2024-06-23
202400028675,18:00,Plein jour,75,75109,2,2,1,6.0,RUE DE MAUBEUGE,48.877258,2.342691,18:00:00,2024-06-24
202400028676,20:00,Plein jour,75,75108,2,2,1,3.0,AVENUE MARCEAU,48.868645,2.299033,20:00:00,2024-06-24
202400028677,21:50,Crépuscule,94,94068,2,2,1,3.0,Boulevard de Créteil / Avenue Gambetta,48.79802,2.49128,21:50:00,2024-06-23
202400028678,23:04,,94,94052,2,7,1,3.0,Avenue de Joinville / Boulevard de Strasbourg / Grande Rue Charles de Gaulle,48.83549,2.47419,23:04:00,2024-06-23
202400028679,20:50,Plein jour,94,94068,2,3,1,2.0,Boulevard de Créteil / Rue Bourdignon,48.79890568,2.47378099,20:50:00,2024-06-22
202400028680,12:40,Plein jour,95,95527,2,1,7,6.0,5 CONTINENTS (RUE DES),48.99396459,2.51936384,12:40:00,2024-06-24