Num_Acc,hrmn,lum,dep,com,agg,int,atm,col,adr,lat,long,heure,date
202400028681,17:30,Plein jour,93,93072,2,3,1,1.0,Boulevard Maxime Gorki / Avenue François Bégué,48.95209,2.38479,17:30:00,2024-06-24
202400028682,22:35,,93,93059,2,2,1,1.0,Rue Parmentier / Rue Jean Grignoux,48.96843,2.37416,22:35:00,2024-06-23
202400028683,09:00,Plein jour,93,93066,2,1,1,3.0,Rue Francis de Pressensé,48.9184,2.35858,09:00:00,2024-06-24
202400028684,07:30,Plein jour,93,93053,2,3,1,6.0,Avenue Galliéni / Avenue de Strasbourg,48.89694,2.46169,07:30:00,2024-06-23
202400028685,13:25,Plein jour,42,42183,2,1,2,3.0,Rue Robespierre,45.40024,4.36764,13:25:00,2024-11-12
202400028686,11:00,Plein jour,42,42183,2,1,2,6.0,Rue Gambetta,45.40394884,4.36678246,11:00:00,2024-11-12
202400028687,14:25,Plein jour,93,93053,2,1,1,2.0,Boulevard Gabriel Péri,48.879706,2.459725,14:25:00,2024-06-23
202400028688,06:20,,37,37261,2,6,1,7.0,DANEMARK (AVENUE DU),47.43194,0.69714,06:20:00,2024-11-12
202400028689,10:20,Plein jour,93,93071,2,1,1,6.0,Allée Condorcet,48.92482502,2.52340883,10:20:00,2024-06-24
202400028690,05:55,Nuit sans éclairage,35,35238,1,1,1,6.0,RN136,48.118825,-1.719281,05:55:00,2024-11-12
202400028691,17:40,Plein jour,93,93031,2,2,1,3.0,Avenue Joffre / Route d'Argenteuil,48.961668,2.295023,17:40:00,2024-06-24
202400028692,16:50,Plein jour,35,35238,2,1,1,3.0,SAINT-MALO (RUE DE),48.12538,-1.68545,16:50:00,2024-11-12
202400028693,16:19,Plein jour,92,92050,2,3,1,3.0,HEBERT CELESTIN RUE,48.89605726,2.22343603,16:19:00,2024-06-23
202400028694,11:00,Plein jour,35,35055,1,6,1,3.0,173 RD,48.08255643,-1.64013326,11:00:00,2024-11-12
202400028695,18:40,Plein jour,92,92007,2,1,7,7.0,DORMOY AVENUE MARX N°102 A FIN,48.8101567,2.31413323,18:40:00,2024-06-23
202400028696,07:50,Crépuscule,35,35278,1,1,1,2.0,RN136,48.14197,-1.66369,07:50:00,2024-11-12
202400028697,17:00,Plein jour,92,92036,2,9,1,3.0,LUCIEN LANTERNIER (AVENUE) (1/17),48.93204816,2.29001825,17:00:00,2024-06-18
202400028698,16:30,Plein jour,92,92035,2,1,1,7.0,République ( boulevard de la ),48.90642,2.24807,16:30:00,2024-06-24
202400028699,07:50,Plein jour,35,35238,2,1,1,3.0,DE COUBERTIN (ALLEE PIERRE),48.0866,-1.6882,07:50:00,2024-11-12
202400028700,18:30,,34,34172,2,1,2,3.0,JUSTICE DE CASTELNAU (AVENUE DE LA),43.628171,3.893173,18:30:00,2024-11-12
202400028701,17:40,Plein jour,92,92023,2,2,1,3.0,GENERAL DE GAULLE (AVENUE DU),48.78343819,2.24668479,17:40:00,2024-06-24
202400028702,13:38,Plein jour,34,34172,2,2,1,3.0,MARCHE GARE (AVENUE DU),43.58534,3.88223,13:38:00,2024-11-12
202400028703,19:40,,33,33318,2,1,1,6.0,Unknown,44.7912,-0.65253,19:40:00,2024-11-12
202400028704,09:15,Plein jour,92,92012,2,1,1,6.0,CHATEAU (RUE DU) 1/125 - 2/136,48.84375253,2.24771002,09:15:00,2024-06-24
202400028705,02:20,,33,33063,2,2,1,6.0,Unknown,44.83302,-0.56147,02:20:00,2024-11-12
202400028706,17:20,Plein jour,37,37271,2,1,1,7.0,81 Rue de la Galandiére,47.23206056,0.49765375,17:20:00,2024-06-24
202400028707,08:58,Plein jour,32,32013,2,9,1,6.0,SAINTES (CHEMIN DE),43.63579,0.55945,08:58:00,2024-11-12
202400028708,09:20,Plein jour,63,63026,1,1,8,3.0,"D213, PK 11.900",45.662437,3.042269,09:20:00,2024-06-21
202400028709,18:31,,29,29232,2,7,2,4.0,Rue du Manoir,48.003212,-4.108794,18:31:00,2024-11-12
202400028710,23:17,Nuit sans éclairage,08,08115,2,1,1,7.0,13 Grand Rue,49.641873,4.873011,23:17:00,2024-06-22
202400028711,08:45,Plein jour,29,29232,2,3,1,6.0,Rue Emile Zola,47.986287,-4.098706,08:45:00,2024-11-12
202400028712,17:30,Plein jour,01,01362,1,3,1,3.0,ROUTE DU MORBIER,45.955298,4.871073,17:30:00,2024-06-18
202400028713,07:15,Nuit sans éclairage,29,29039,2,1,1,6.0,D70,47.92210462,-3.89978478,07:15:00,2024-11-12
202400028714,17:25,Plein jour,95,95205,1,1,1,3.0,D316,49.02615379,2.38730004,17:25:00,2024-06-24
202400028715,09:17,Plein jour,26,26058,1,1,2,2.0,ROUTE DE PONT D ISERE-RN7,44.97271209,4.88442398,09:17:00,2024-11-12
202400028716,07:35,Plein jour,22,22011,1,4,1,3.0,Lieu Dit Kerlouzaouen,48.477601,-2.961373,07:35:00,2024-06-25
202400028717,18:20,,26,26281,2,6,2,6.0,Avenue Charles Jourdan,45.04231,5.05653,18:20:00,2024-11-12
202400028718,19:10,,22,22106,2,1,2,6.0,BREST (RUE DE),48.49517,-2.71715,19:10:00,2024-11-12
202400028719,19:20,Plein jour,42,42145,2,9,1,3.0,104 Impasse Hector Berlioz,46.034658,4.238488,19:20:00,2024-06-24
202400028720,22:10,Crépuscule,88,88478,1,1,1,2.0,A31 Pk 200+500,48.436276,5.862054,22:10:00,2024-06-22
202400028721,10:19,Plein jour,974,97404,2,1,1,1.0,Route des Sables,-21.27990036,55.37297148,10:19:00,2024-06-25
202400028722,14:00,Plein jour,22,22360,1,1,1,2.0,RD700,48.48855,-2.76377,14:00:00,2024-11-12
202400028723,10:00,Plein jour,54,54138,1,1,1,7.0,D172,49.51986,5.699286,10:00:00,2024-06-23
202400028724,20:30,Nuit sans éclairage,974,97414,1,1,1,2.0,Route de Cilaos (Pont),-21.284596,55.423987,20:30:00,2024-06-25
202400028725,16:42,Crépuscule,14,14118,2,2,8,3.0,141 Boulevard Leroy,49.17463,-0.33841,16:42:00,2024-11-07
202400028726,08:00,Plein jour,13,13039,1,1,8,3.0,ROUTE NATIONALE 569,43.46475,4.92845,08:00:00,2024-11-12
202400028727,09:15,Plein jour,71,71420,1,2,3,3.0,Route de Cuisery,46.68832632,4.97506173,09:15:00,2024-06-22
202400028728,21:30,Plein jour,56,56061,1,1,1,7.0,Roussimel,47.745853,-2.132305,21:30:00,2024-06-21
202400028729,19:35,,13,13213,2,1,1,2.0,POILUS (AVENUE DES),43.32086,5.4582,19:35:00,2024-11-12
202400028730,17:00,Plein jour,56,56029,1,2,1,3.0,Fontaine Maria,47.870132,-3.315216,17:00:00,2024-06-24
202400028731,16:00,Plein jour,13,13208,2,9,2,3.0,PRADO (AVENUE DU),43.27582228,5.38944298,16:00:00,2024-11-12
202400028732,20:10,,13,13005,2,1,2,1.0,RN 8,43.28789,5.55662,20:10:00,2024-11-12
202400028733,09:00,Plein jour,56,56259,1,1,1,1.0,Route des Vénètes,47.607769,-2.605648,09:00:00,2024-06-25
202400028734,14:40,Plein jour,13,13070,2,3,2,7.0,VOLTAIRE (BOULEVARD),43.28122,5.52072,14:40:00,2024-11-12
202400028735,16:10,Plein jour,76,76312,2,2,1,3.0,Rue du Croquet du Bosc,49.47839,1.716528,16:10:00,2024-06-24
202400028736,18:12,,11,11262,2,9,1,3.0,Unknown,43.190373,3.0062,18:12:00,2024-11-11
202400028737,08:15,Plein jour,80,80620,1,4,1,4.0,D1017,49.900101,2.923393,08:15:00,2024-06-25
202400028738,17:40,,06,06083,2,1,1,6.0,18 Avenue Carnot,43.771821,7.496338,17:40:00,2024-11-11
202400028739,16:30,Plein jour,11,11165,1,1,1,6.0,Unknown,42.876011,2.157698,16:30:00,2024-06-24
202400028740,20:30,Nuit avec éclairage,06,06004,1,3,1,3.0,2081 Route de Nice,43.617939,7.128695,20:30:00,2024-11-12
202400028741,13:05,Plein jour,71,71013,1,2,1,3.0,Route de Fretterans,46.906939,5.296558,13:05:00,2024-06-25
202400028742,11:20,Plein jour,61,61079,1,1,1,6.0,RD136,48.215722,0.736749,11:20:00,2024-06-25
202400028743,18:10,,75,75118,2,1,1,4.0,BD PERIPHERIQUE EXTERIEUR,48.901134,2.348011,18:10:00,2024-11-11
202400028744,07:55,Plein jour,61,61314,1,1,1,1.0,D958,48.767988,-0.054062,07:55:00,2024-06-25
202400028745,20:05,,75,75113,2,3,1,7.0,RUE THOMAS MANN,48.830657,2.381744,20:05:00,2024-11-11
202400028746,09:58,Plein jour,42,42323,2,1,1,6.0,Avenue Irénée Laurent,45.567827,4.295005,09:58:00,2024-06-24
202400028747,23:50,,75,75117,2,1,1,7.0,BOD PERIPHERIQUE EXTERIEUR,48.895158,2.30641,23:50:00,2024-11-10
202400028748,12:50,Plein jour,68,68062,1,3,1,3.0,D16,47.6286335,7.22027014,12:50:00,2024-06-25
202400028749,22:10,,75,75119,2,7,1,3.0,AVENUE DE LA PORTE DE LA VILLETTE,48.89978233,2.38798946,22:10:00,2024-11-12
202400028750,12:30,Plein jour,22,22296,1,1,7,3.0,Le Gué Coq,48.366072,-2.524967,12:30:00,2024-06-25
202400028751,16:25,Crépuscule,75,75119,2,1,1,2.0,AVENUE SIMON BOLIVAR,48.875209,2.38234,16:25:00,2024-11-12
202400028752,06:30,Plein jour,39,39520,1,1,1,6.0,Unknown,46.967861,5.565643,06:30:00,2024-06-25
202400028753,18:50,,75,75119,2,1,1,3.0,AVENUE DE FLANDRE,48.889494,2.375514,18:50:00,2024-11-11
202400028754,12:10,Plein jour,75,75117,2,3,1,7.0,AVENUE DE VILLIERS,48.881732,2.314589,12:10:00,2024-11-12
202400028755,23:00,,29,29197,2,1,1,3.0,D784,48.01536179,-4.49456679,23:00:00,2024-06-20
202400028756,10:50,Plein jour,06,06079,2,1,1,7.0,806 Avenue du Maréchal Juin,43.530435,6.934916,10:50:00,2024-06-25
202400028757,13:30,Plein jour,75,75114,2,2,1,3.0,AVENUE DE LA PORTE D ORLEANS,48.820263,2.325717,13:30:00,2024-11-12
202400028758,10:10,Plein jour,45,45341,1,1,1,2.0,D136 PR 2 + 658,48.043933,1.662261,10:10:00,2024-06-20
202400028759,15:29,Plein jour,75,75113,2,2,8,6.0,RUE NEUVE TOLBIAC,48.832168,2.379654,15:29:00,2024-11-12
202400028760,17:48,Plein jour,64,64417,2,9,1,6.0,8 Chemin de la Montjoie,43.175979,-0.250041,17:48:00,2024-06-25
202400028761,10:30,Plein jour,75,75113,2,1,8,3.0,BOULEVARD VINCENT AURIOL,48.835183,2.36839,10:30:00,2024-11-12
202400028762,17:10,Plein jour,18,18087,2,1,1,7.0,Place Berthe Fievet,46.886397,2.57461,17:10:00,2024-06-24
202400028763,18:50,,75,75109,2,1,1,6.0,RUE SAINT LAZARE,48.875898,2.329476,18:50:00,2024-11-12
202400028764,18:00,Plein jour,07,07237,1,1,1,2.0,D120,44.819906,4.699745,18:00:00,2024-06-24
202400028765,18:36,,75,75109,2,2,1,3.0,BOULEVARD MONTMARTRE,48.871479,2.343061,18:36:00,2024-11-12
202400028766,13:00,Plein jour,21,21020,1,1,1,1.0,D16k,47.213563,4.476843,13:00:00,2024-06-24
202400028767,18:25,,75,75107,2,3,1,7.0,RUE DES SAINTS PERES,48.858277,2.333253,18:25:00,2024-11-12
202400028768,13:15,Plein jour,40,40110,2,1,1,1.0,7 Route de la Chalosse,43.639787,-0.378465,13:15:00,2024-06-24
202400028769,12:25,Plein jour,24,24077,1,1,1,1.0,N21,44.94648529,0.57450771,12:25:00,2024-06-24
202400028770,08:20,Plein jour,75,75103,2,2,8,3.0,BOULEVARD DE SEBASTOPOL,48.866231,2.352543,08:20:00,2024-11-12
202400028771,07:25,,94,94044,2,1,2,6.0,Avenue du 8 Mai 1945,48.75219,2.49169,07:25:00,2024-11-12
202400028772,14:35,Plein jour,48,48178,1,1,1,1.0,RN 106,44.26439763,3.87273459,14:35:00,2024-06-25
202400028773,13:30,Plein jour,94,94038,2,3,1,3.0,Rue de Bicêtre,48.77248,2.35066,13:30:00,2024-11-12
202400028774,15:50,Plein jour,48,48016,1,3,1,3.0,N88/N106,44.482591,3.457625,15:50:00,2024-06-25
202400028775,10:20,Plein jour,94,94033,2,5,1,6.0,Avenue Victor Hugo,48.8539,2.47007,10:20:00,2024-11-12
202400028776,05:20,Nuit sans éclairage,94,94065,1,1,2,2.0,13 Avenue de Franche-comté,48.7587,2.35616,05:20:00,2024-11-12
202400028777,09:30,Plein jour,93,93070,2,1,8,6.0,DOCTEUR BAUER(RUE DU) :N° 1 AU 73,48.91267,2.3355,09:30:00,2024-11-11
202400028778,16:15,Plein jour,31,31169,1,1,1,5.0,D916,43.51687007,1.53201073,16:15:00,2024-06-24
202400028779,16:00,Plein jour,93,93048,2,9,1,3.0,CHANZY (BOULEVARD),48.85863686,2.42978019,16:00:00,2024-11-12
202400028780,13:35,Plein jour,14,14620,1,1,1,2.0,A132,49.30982,0.155783,13:35:00,2024-06-25
202400028781,13:10,Plein jour,55,55117,1,1,1,6.0,Autoroute A4,49.09436893,5.08712533,13:10:00,2024-06-25
202400028782,16:40,Plein jour,93,93046,2,2,1,1.0,VAUBAN AVENUE,48.91297187,2.51841903,16:40:00,2024-11-12
202400028783,04:30,,62,62369,1,9,1,6.0,A1,50.32415619,2.91102193,04:30:00,2024-06-24
202400028784,08:19,Plein jour,93,93032,2,2,2,3.0,RONSARD   (AVENUE),48.87443718,2.56682396,08:19:00,2024-11-12
202400028785,08:35,Plein jour,77,77196,1,1,1,6.0,"N3, PK 12+000 direction CLAYE SOUILLY",48.947879,2.733836,08:35:00,2024-06-25
202400028786,18:30,Plein jour,91,91099,1,1,1,6.0,Rue de Cheval Rue,48.432475,2.388947,18:30:00,2024-06-24
202400028787,09:40,Plein jour,93,93005,2,1,2,4.0,JEAN MONET (CARREFOUR),48.95410393,2.50937412,09:40:00,2024-11-12
202400028788,11:25,Plein jour,2A,2A215,1,3,1,3.0,Carrefour T40/D22,41.484932,9.07527,11:25:00,2024-06-25
202400028789,21:10,,93,93005,2,1,1,3.0,MAXIMILIEN ROBESPIERRE (RUE),48.94761505,2.50104152,21:10:00,2024-11-11
202400028790,16:00,Plein jour,92,92073,2,1,8,3.0,BLUM (QUAI LEON),48.86509,2.22685,16:00:00,2024-11-12
202400028791,14:00,Plein jour,11,11295,1,1,1,1.0,D611a,43.050137,2.882452,14:00:00,2024-06-24
202400028792,09:40,Plein jour,92,92073,2,1,2,6.0,SELLIER (BOULEVARD HENRI),48.86628158,2.22049713,09:40:00,2024-11-12
202400028793,06:50,Plein jour,11,11022,1,3,1,3.0,D610,43.255276,2.687702,06:50:00,2024-06-25
202400028794,13:20,Plein jour,92,92020,2,1,1,4.0,MERMOZ RUE JEAN,48.81018643,2.2923886,13:20:00,2024-11-11
202400028795,17:15,Plein jour,34,34327,1,9,1,3.0,M65,43.658201,3.959842,17:15:00,2024-06-24
202400028796,10:25,Plein jour,92,92048,2,8,8,6.0,VILLACOUBLAY (AVENUE DE),48.7832657,2.23006502,10:25:00,2024-11-12
202400028797,17:20,,92,92026,2,1,1,3.0,VERDUN (DE 62 A FIN),48.89921942,2.26198711,17:20:00,2024-11-12
202400028798,14:25,Plein jour,83,83071,1,1,1,3.0,1669 Route Departementale No.559,43.126821,6.204772,14:25:00,2024-06-23
202400028799,09:00,Plein jour,92,92019,2,1,2,7.0,COULEE VERTE,48.76796181,2.28466094,09:00:00,2024-11-12
202400028800,16:50,Plein jour,83,83119,2,3,1,3.0,Route des Plages,43.257923,6.633446,16:50:00,2024-06-24
202400028801,18:01,,92,92012,2,2,1,6.0,CHATEAU (RUE DU) 1/125 - 2/136,48.8422034,2.23990336,18:01:00,2024-11-11
202400028802,17:30,Plein jour,83,83133,1,1,1,1.0,Chemin de Font de Sante,43.54709668,6.83190581,17:30:00,2024-06-15
202400028803,08:36,Plein jour,92,92004,2,1,8,3.0,MENIL,48.91966,2.28517,08:36:00,2024-11-12
202400028804,13:49,Plein jour,05,05053,1,1,1,1.0,D1075,44.341668,5.776491,13:49:00,2024-06-25
202400028805,12:50,Plein jour,92,92002,2,9,8,6.0,GENERAL DE GAULLE (AVENUE DU),48.76202384,2.29928903,12:50:00,2024-11-12
202400028806,18:58,Nuit sans éclairage,08,08343,1,1,1,1.0,D8043,49.67484308,5.06342567,18:58:00,2024-11-09
202400028807,21:30,Crépuscule,13,13007,2,1,1,1.0,rue du clos,43.369685,5.6345,21:30:00,2024-06-23
202400028808,15:00,Plein jour,09,09061,1,9,2,7.0,Ferme de Biscagne,43.122498,1.378623,15:00:00,2024-11-11
202400028809,00:15,Nuit sans éclairage,81,81099,1,1,1,7.0,Chemin des Taillades,43.87824971,1.86616409,00:15:00,2024-06-25
202400028810,15:40,Plein jour,06,06161,2,1,1,1.0,1544 Boulevard Nationale 7,43.628438,7.133206,15:40:00,2024-11-13
202400028811,19:15,Plein jour,31,31395,2,1,1,1.0,D19g,43.47026579,1.33067234,19:15:00,2024-06-24
202400028812,12:35,Plein jour,62,62634,1,1,1,7.0,Rue Flament,50.944774,1.994834,12:35:00,2024-11-13
202400028813,15:25,Plein jour,21,21634,1,1,1,6.0,A6,47.151436,4.69929,15:25:00,2024-11-12
202400028814,19:45,Plein jour,33,33051,1,1,1,3.0,Unknown,44.644678,-0.95278,19:45:00,2024-06-24
202400028815,10:30,Plein jour,44,44086,1,1,1,6.0,La Cibotiere,47.676593,-1.560885,10:30:00,2024-11-12
202400028816,20:10,Plein jour,22,22136,1,1,1,6.0,Guermeleuc,48.154932,-2.730535,20:10:00,2024-06-21
202400028817,21:15,Nuit sans éclairage,34,34194,1,1,3,5.0,A75,43.547086,3.448334,21:15:00,2024-11-12
202400028818,05:40,Nuit avec éclairage,41,41245,2,1,1,6.0,Rue de l?Eglise,47.757641,1.502077,05:40:00,2024-11-13
202400028819,18:48,Plein jour,35,35360,1,2,1,3.0,D178,48.12982,-1.231535,18:48:00,2024-06-20
202400028820,08:00,Plein jour,33,33075,1,1,1,3.0,Unknown,44.889131,-0.597808,08:00:00,2024-06-24
202400028821,07:45,Crépuscule,50,50159,1,1,1,3.0,Rue des Chevaliers,49.017087,-1.237378,07:45:00,2024-11-13
202400028822,18:45,,62,62168,2,1,1,3.0,D156,50.61080559,1.93094671,18:45:00,2024-11-12
202400028823,04:35,Nuit sans éclairage,59,59260,1,1,1,6.0,AUTOROUTE A16,51.04258,2.50521,04:35:00,2024-06-22
202400028824,17:40,Plein jour,59,59378,1,1,1,6.0,AUTOROUTE A22,50.68654,3.11115,17:40:00,2024-06-22
202400028825,18:30,,56,56013,2,1,2,6.0,Rue du Docteur Laennec,47.67573,-3.172603,18:30:00,2024-11-12
202400028826,13:00,Plein jour,91,91345,1,1,1,2.0,AUTOROUTE A6,48.68949,2.324,13:00:00,2024-06-24
202400028827,08:50,Plein jour,91,91553,1,1,1,4.0,RN 104,48.62733,2.47736,08:50:00,2024-06-24
202400028828,18:05,Nuit sans éclairage,82,82112,1,1,1,1.0,Route de Détours,44.12652,1.069794,18:05:00,2024-11-09
202400028829,11:00,Plein jour,65,65258,2,6,1,3.0,Rue Alsace-Lorraine,43.12249,0.387842,11:00:00,2024-10-12
202400028830,06:45,Plein jour,94,94043,1,1,1,4.0,A6B,48.80839441,2.34798035,06:45:00,2024-06-24
202400028831,21:00,Nuit sans éclairage,32,32213,2,1,8,6.0,Route de Samatan,43.48199,0.917256,21:00:00,2024-11-12
202400028832,15:45,Plein jour,93,93007,1,1,1,2.0,A1,48.94353028,2.43541292,15:45:00,2024-06-24
202400028833,14:40,Plein jour,61,61168,2,1,1,7.0,D916,48.590525,-0.366121,14:40:00,2024-11-12
202400028834,06:50,Crépuscule,42,42011,2,6,1,3.0,Rue de l'Industrie,45.819332,4.186514,06:50:00,2024-11-13
202400028835,18:55,Plein jour,94,94069,1,1,1,4.0,A4,48.81730122,2.43258119,18:55:00,2024-06-24
202400028836,19:10,Nuit sans éclairage,41,41185,1,1,1,1.0,2679 Route de Billy,47.307768,1.641061,19:10:00,2024-11-09
202400028837,17:30,Plein jour,77,77169,1,1,1,3.0,RN104,48.808781,2.630125,17:30:00,2024-06-24
202400028838,18:00,Nuit sans éclairage,39,39042,1,3,1,1.0,Unknown,47.111689,5.52961,18:00:00,2024-11-12
202400028839,16:15,Plein jour,93,93051,1,1,1,2.0,A4,48.83569183,2.56273622,16:15:00,2024-06-24
202400028840,02:32,Nuit sans éclairage,94,94046,1,1,1,6.0,A86,48.81577215,2.45029735,02:32:00,2024-06-24
202400028841,18:40,,25,25454,2,1,2,6.0,27 Route Saint Martin,47.253889,5.960893,18:40:00,2024-11-12
202400028842,07:55,Crépuscule,44,44024,1,6,1,3.0,Rond-Point de Lorière,47.176138,-1.704335,07:55:00,2024-11-13
202400028843,02:20,Nuit sans éclairage,94,94022,1,1,1,2.0,A86,48.77312611,2.40005502,02:20:00,2024-06-24
202400028844,05:20,Nuit sans éclairage,29,29278,1,1,8,6.0,Pont Min,48.17200177,-3.75605553,05:20:00,2024-11-03
202400028845,09:40,Plein jour,02,02814,1,1,1,1.0,Unknown,49.924987,3.685945,09:40:00,2024-11-13
202400028846,01:34,Nuit sans éclairage,94,94028,1,1,1,2.0,A86,48.80301088,2.44831306,01:34:00,2024-06-23
202400028847,21:13,,70,70538,2,3,1,6.0,1 Grande Rue,47.473609,5.793836,21:13:00,2024-11-11
202400028848,19:40,Plein jour,44,44109,2,1,1,7.0,Boulevard de la Prairie de Mauves,47.22128406,-1.51114673,19:40:00,2024-06-12
202400028849,07:50,Plein jour,26,26330,2,1,8,2.0,Route d'Anneyron,45.287105,4.945886,07:50:00,2024-11-13
202400028850,16:50,Plein jour,58,58088,2,1,1,7.0,Rue des Hatées,47.010712,3.16583,16:50:00,2024-11-13
202400028851,06:23,Crépuscule,44,44109,2,2,1,6.0,2 Rue Yves Bodiguel,47.2219121,-1.55924925,06:23:00,2024-04-20
202400028852,16:15,Plein jour,06,06108,2,1,1,6.0,940 Boulevard du 8 Mai,43.592853,6.956906,16:15:00,2024-11-12
202400028853,15:20,Plein jour,44,44109,2,1,1,6.0,Mail Haroun Tazieff,47.24156387,-1.51481939,15:20:00,2024-02-04
202400028854,12:15,Plein jour,14,14431,2,2,1,6.0,1 Route de Paris,49.118697,0.015069,12:15:00,2024-11-12
202400028855,13:30,Plein jour,04,04070,1,1,1,1.0,chaffaut ( route du ),44.07845,6.21222,13:30:00,2024-01-30
202400028856,17:51,Crépuscule,14,14623,1,1,1,1.0,40 Rue de Verrières,49.113339,-0.36441,17:51:00,2024-11-13
202400028857,05:00,Crépuscule,974,97415,2,3,1,3.0,Avenue Paul Julius Benard,-21.021275,55.265801,05:00:00,2024-02-06
202400028858,10:30,Plein jour,14,14191,2,1,1,7.0,16 Rue du Docteur Tourmente,49.328429,-0.455158,10:30:00,2024-03-19
202400028859,20:00,,14,14542,2,2,1,3.0,8 Route de Gruchy,49.227638,-0.457757,20:00:00,2024-11-10
202400028860,18:00,,50,50215,2,1,1,7.0,80 Rue du Nord,49.097328,-1.592331,18:00:00,2024-11-11
202400028861,18:05,Plein jour,14,14341,2,6,1,7.0,N814,49.145204,-0.338494,18:05:00,2024-03-18
202400028862,19:00,Nuit sans éclairage,14,14130,1,9,2,1.0,Route du Molay Litry,49.259067,-0.787754,19:00:00,2024-02-14
202400028863,12:05,Plein jour,10,10054,1,2,1,3.0,D54,48.376905,3.626357,12:05:00,2024-11-12
202400028864,13:30,Plein jour,16,16167,2,1,2,7.0,Rue de la Société,45.678785,-0.171403,13:30:00,2024-11-12
202400028865,10:30,Plein jour,32,32279,1,1,1,6.0,Route de Crates,43.688671,0.657489,10:30:00,2024-01-15
202400028866,12:15,Plein jour,07,07094,1,1,2,7.0,Route du Cros de Beliou,44.854667,4.731256,12:15:00,2024-11-12
202400028867,17:00,Crépuscule,04,04008,1,1,1,7.0,Nationale 202,43.958327,6.694745,17:00:00,2024-11-05
202400028868,22:10,,48,48080,2,1,1,1.0,avenue jules conturie,44.724014,3.852178,22:10:00,2024-11-12
202400028869,11:00,Plein jour,976,97611,1,1,1,1.0,passamanty-Vahibé ( route ),-12.7926,45.1883,11:00:00,2024-06-23
202400028870,15:23,Plein jour,13,13112,1,3,1,3.0,D20,43.517694,5.231474,15:23:00,2024-11-11
202400028871,21:30,,69,69387,2,2,1,3.0,Rue du Béguin,45.74873,4.84941,21:30:00,2024-06-23
202400028872,16:30,Plein jour,69,69027,1,1,1,7.0,Avenue Marcel Merieux,45.685841,4.769964,16:30:00,2024-11-12
202400028873,06:00,Plein jour,972,97213,1,1,1,2.0,AUTOROUTE A1,14.6079,-61.00452,06:00:00,2024-06-23
202400028874,14:00,Plein jour,973,97304,2,1,1,3.0,18 Avenue Leopold Cedar Senghor,5.167256,-52.653287,14:00:00,2024-11-13
202400028875,16:05,Plein jour,972,97209,2,1,1,6.0,GENERAL DE GAULLE (BLD DU),14.60779,-61.06878,16:05:00,2024-06-22
202400028876,19:55,,77,77086,2,3,1,6.0,490 Rue Grande,48.549735,2.8938,19:55:00,2024-11-12
202400028877,19:45,Plein jour,69,69202,2,1,1,6.0,1 Avenue Valioud,45.7483,4.81258,19:45:00,2024-06-23
202400028878,06:14,Nuit sans éclairage,78,78506,1,1,2,3.0,D177,48.491227,1.806306,06:14:00,2024-11-08
202400028879,04:10,,69,69034,1,1,1,3.0,Tunnel Bellevue,45.78814,4.85454,04:10:00,2024-06-23
202400028880,16:39,Plein jour,13,13030,2,9,1,6.0,D8n,43.269985,5.678142,16:39:00,2024-11-12
202400028881,11:50,Plein jour,971,97113,2,1,1,4.0,RN4 - SECTION RIVIERA,16.21772,-61.49165,11:50:00,2024-06-23
202400028882,18:45,,31,31451,2,1,1,6.0,Chemin de l' Ourmette,43.460703,2.009506,18:45:00,2024-11-11
202400028883,07:50,Plein jour,91,91691,2,1,1,6.0,BOILEAU (RUE),48.69654,2.47888,07:50:00,2024-06-23
202400028884,19:15,Plein jour,91,91174,2,1,1,6.0,RUE GUSTAVE COURBET,48.6161,2.46692,19:15:00,2024-06-23
202400028885,11:30,Plein jour,17,17421,2,8,1,3.0,Chemin Vert,45.670291,-0.942845,11:30:00,2024-11-12
202400028886,09:20,Plein jour,72,72264,2,1,1,6.0,Route du Mans,47.839082,-0.315599,09:20:00,2024-11-12
202400028887,18:15,Plein jour,84,84035,2,3,1,6.0,ROCH PAPE (ALLEE),43.828587,5.036822,18:15:00,2024-06-22
202400028888,08:00,Crépuscule,27,27447,1,2,2,3.0,RD 830,48.961751,0.959501,08:00:00,2024-11-12
202400028889,08:15,Plein jour,83,83069,2,2,1,3.0,GODILLOT  ( AVENUE ALEXIS ),43.11532,6.12306,08:15:00,2024-06-22
202400028890,20:22,Nuit sans éclairage,59,59134,2,2,1,3.0,Chemin du Prince,50.076122,3.871382,20:22:00,2024-11-13
202400028891,11:00,Plein jour,83,83118,2,3,1,3.0,BOULEVARD DE LA PLAGE,43.4309,6.87042,11:00:00,2024-06-23
202400028892,14:00,Plein jour,78,78190,2,1,1,6.0,PRAIRIE (BERGE DE LA),48.87224,2.14599,14:00:00,2024-06-23
202400028893,19:10,,59,59602,2,2,1,3.0,Route Nationale,50.609387,3.180196,19:10:00,2024-11-12
202400028894,16:37,Plein jour,13,13085,1,1,2,3.0,A50-Sens Toulon vers Aubagne,43.2639,5.5882,16:37:00,2024-11-12
202400028895,19:05,Plein jour,78,78299,2,3,1,3.0,VEXIN (ROUTE DU),49.005267,1.900662,19:05:00,2024-06-23