Num_Acc,hrmn,lum,dep,com,agg,int,atm,col,adr,lat,long,heure,date
202400028896,15:40,Plein jour,13,13212,1,1,2,7.0,A507 sens Aubagne- Marseille,43.28588571,5.42578723,15:40:00,2024-11-12
202400028897,02:05,Nuit sans éclairage,77,77186,1,6,1,6.0,CROIX DE MONTMORIN (CARREFOUR DE LA),48.38995,2.75495,02:05:00,2024-06-23
202400028898,07:30,Plein jour,73,73065,1,1,1,6.0,Voie verte,45.59328184,5.89454859,07:30:00,2024-05-12
202400028899,08:37,Plein jour,33,33013,1,1,1,3.0,Unknown,44.867961,-0.504349,08:37:00,2024-11-12
202400028900,18:18,Plein jour,73,73008,2,1,1,1.0,CORSUET CHEMIN DE,45.70726,5.89833,18:18:00,2024-06-17
202400028901,16:17,Plein jour,78,78073,1,1,8,4.0,N12Y,48.798343,2.008494,16:17:00,2024-11-12
202400028902,21:30,Nuit sans éclairage,78,78431,1,1,1,3.0,A13,48.939361,1.955628,21:30:00,2024-11-10
202400028903,01:09,,71,71270,2,6,1,1.0,Rue de Flacé,46.31046,4.8346,01:09:00,2024-06-23
202400028904,02:50,Nuit sans éclairage,92,92078,1,1,1,6.0,AUTOROUTE A86,48.92768992,2.33289331,02:50:00,2024-11-12
202400028905,21:40,,69,69286,2,4,1,3.0,95 Avenue de l'Europe,45.81931,4.90734,21:40:00,2024-06-23
202400028906,17:25,Crépuscule,95,95252,1,1,1,4.0,A15,48.97905792,2.22898099,17:25:00,2024-11-11
202400028907,12:08,Plein jour,63,63113,2,3,1,6.0,CLEMENTEL (BD ETIENNE),45.8065,3.1094,12:08:00,2024-06-23
202400028908,07:54,Plein jour,74,74298,2,3,1,3.0,LIVRON (ROUTE DE),46.18754,6.25088,07:54:00,2024-09-06
202400028909,21:50,Nuit avec éclairage,74,74276,1,1,1,6.0,Route departementale D 902,46.122414,6.619402,21:50:00,2024-08-21
202400028910,22:19,Crépuscule,62,62119,2,6,8,3.0,Rue de l'Horlogerie,50.52351873,2.64555359,22:19:00,2024-06-18
202400028911,11:30,Plein jour,74,74197,1,5,1,2.0,D903,46.142091,6.316975,11:30:00,2024-08-05
202400028912,11:50,Plein jour,60,60057,2,1,1,3.0,Avenue Montaigne,49.40986,2.1103,11:50:00,2024-06-23
202400028913,21:41,,74,74225,2,1,8,6.0,Rue du Bouchet,45.872934,5.934618,21:41:00,2024-08-02
202400028914,11:20,Plein jour,59,59378,2,1,1,2.0,NATIONALE RUE,50.66695,3.07711,11:20:00,2024-06-23
202400028915,21:50,Nuit sans éclairage,74,74021,1,1,1,7.0,508 Route nationale,46.164246,6.272138,21:50:00,2024-06-17
202400028916,20:16,Plein jour,54,54521,2,1,7,6.0,Rue des Cités des Sors,49.47034,5.91226,20:16:00,2024-06-23
202400028917,12:35,Plein jour,19,19173,1,3,1,3.0,Unknown,45.16620002,2.1855576,12:35:00,2024-07-15
202400028918,03:25,Nuit sans éclairage,50,50218,1,1,1,6.0,CRETE  (RUE DE LA),48.826461,-1.578227,03:25:00,2024-06-23
202400028919,16:51,Plein jour,973,97302,2,6,1,3.0,EBOUE (ROCADE FELIX),4.9246725,-52.32332003,16:51:00,2024-11-10
202400028920,16:50,Plein jour,49,49328,2,1,1,3.0,TOURS (ROUTE DE),47.26296,-0.05489,16:50:00,2024-06-23
202400028921,17:55,Crépuscule,69,69383,2,3,1,1.0,Avenue Rockefeller,45.74111189,4.88583999,17:55:00,2024-11-11
202400028922,16:30,Plein jour,45,45234,2,1,1,6.0,90 Quai du Châtelet,47.897998,1.905135,16:30:00,2024-06-23
202400028923,14:15,Plein jour,69,69383,2,2,1,1.0,Rue de la Villette,45.76291,4.86179,14:15:00,2024-11-11
202400028924,10:36,Plein jour,45,45075,2,1,1,6.0,21 Rue des Trois Fossés,47.89383,1.840377,10:36:00,2024-06-23
202400028925,14:30,Plein jour,69,69388,2,8,1,3.0,Rue de l'Epargne,45.74235,4.85821,14:30:00,2024-11-11
202400028926,16:30,Plein jour,44,44109,2,1,1,6.0,6 Rue des Pourpiers,47.25371,-1.54373,16:30:00,2024-06-22
202400028927,04:00,,69,69385,2,1,1,3.0,Montée Saint Barthélémy,45.76329,4.82583,04:00:00,2024-11-11
202400028928,17:15,Plein jour,42,42170,1,1,1,6.0,Chemin Bord de Loire,46.06101,4.11827,17:15:00,2024-06-21
202400028929,02:30,Nuit sans éclairage,971,97113,1,1,2,2.0,RN4 - SECTION RIVIERA,16.21773,-61.4914,02:30:00,2024-11-11
202400028930,10:00,Plein jour,37,37122,1,9,1,7.0,RD 37,47.34101108,0.65241694,10:00:00,2024-06-23
202400028931,21:39,,91,91286,2,1,1,5.0,NATIONALE 7 (ROUTE),48.66678,2.39603,21:39:00,2024-11-11
202400028932,15:20,Plein jour,31,31555,2,3,1,1.0,DESBALS (RUE HENRI),43.57999383,1.41211733,15:20:00,2024-06-23
202400028933,07:45,Crépuscule,91,91174,2,3,1,6.0,AV CARNOT,48.60886,2.47949,07:45:00,2024-11-11
202400028934,06:15,Crépuscule,29,29232,1,1,2,6.0,ERGUE ARMEL BOULEVARD D',47.98524215,-4.0738666,06:15:00,2024-06-23
202400028935,19:35,Nuit sans éclairage,84,84080,1,9,1,2.0,CD 942 DE CARPENTRAS A RTE SARRIANS,44.045293,4.985256,19:35:00,2024-11-11
202400028936,19:05,Plein jour,29,29254,1,9,1,2.0,837 Route de l'Espérance,48.58212514,-3.86851252,19:05:00,2024-06-22
202400028937,20:20,,78,78621,2,3,1,3.0,VAILLANT COUTURIER (AVENUE PAUL),48.77922,2.01082,20:20:00,2024-11-10
202400028938,02:00,Nuit sans éclairage,27,27554,1,1,2,3.0,ROUEN (AVENUE DE),49.13283,1.42737,02:00:00,2024-06-22
202400028939,16:40,Crépuscule,77,77379,2,1,1,6.0,DE LA FRIPERIE (RUE),48.56008275,3.29930122,16:40:00,2024-11-11
202400028940,22:45,,27,27681,2,3,1,1.0,LE TELLIER (RUE PIERRE),49.08411,1.4866,22:45:00,2024-06-21
202400028941,13:40,Plein jour,77,77042,2,9,2,1.0,FERTE GAUCHER (RUE DE LA),48.81598,3.15102,13:40:00,2024-11-11
202400028942,18:22,Plein jour,17,17300,2,1,1,3.0,JOFFRE   BOULEVARD (79 et 18),46.15437,-1.14435,18:22:00,2024-06-22
202400028943,18:00,,76,76540,2,2,1,3.0,Quai Gaston Boulet,49.44297,1.07781,18:00:00,2024-11-11
202400028944,15:15,Plein jour,13,13209,1,9,1,1.0,COL DE LA GINESTE D559,43.2403,5.45349,15:15:00,2024-06-23
202400028945,02:50,Nuit sans éclairage,72,72181,2,1,1,3.0,PORT (RUE DU),48.003295,0.195669,02:50:00,2024-11-11
202400028946,14:20,Plein jour,13,13210,2,9,1,3.0,RABATAU (BOULEVARD),43.27710303,5.39849935,14:20:00,2024-06-23
202400028947,18:50,,71,71486,2,1,1,6.0,JEAN DAMICHEL (RUE),46.658,4.376,18:50:00,2024-11-11
202400028948,11:30,Plein jour,13,13205,2,1,1,2.0,SAKAKINI (BOULEVARD),43.29303,5.4018,11:30:00,2024-06-23
202400028949,18:30,,69,69259,2,9,9,6.0,Boulevard Irène Joliot Curie,45.7157,4.87812,18:30:00,2024-11-11
202400028950,08:50,Plein jour,67,67482,2,1,8,6.0,ROETHIG (RUE DU),48.56607,7.70344,08:50:00,2024-11-11
202400028951,19:20,,47,47031,2,1,1,6.0,LACAPELETTE,44.17877,0.63267,19:20:00,2024-11-11
202400028952,12:35,Plein jour,42,42275,1,1,1,6.0,Route de l'Etrat,45.47633,4.38222,12:35:00,2024-10-09
202400028953,13:05,Plein jour,37,37261,2,6,1,7.0,POMPIDOU (AVENUE GEORGES),47.39466,0.7044,13:05:00,2024-11-11
202400028954,13:30,Plein jour,33,33069,2,1,1,6.0,Unknown,44.86778,-0.60321,13:30:00,2024-11-11
202400028955,05:52,,32,32013,2,3,1,3.0,PYRENEES (AVENUE DES),43.63509,0.58314,05:52:00,2024-11-11
202400028956,23:11,,29,29232,2,1,1,7.0,Route de Pont l'Abbe,47.991194,-4.115457,23:11:00,2024-11-11
202400028957,18:50,,29,29232,2,1,1,3.0,Avenue de la Liberation,47.99169,-4.0766,18:50:00,2024-11-11
202400028958,17:32,Plein jour,29,29019,2,2,1,3.0,rue de la Porte,48.384176,-4.500803,17:32:00,2024-11-11
202400028959,18:20,Nuit sans éclairage,25,25056,2,3,2,3.0,FAURE AVENUE EDGAR,47.242751,6.017061,18:20:00,2024-11-11
202400028960,06:38,Nuit sans éclairage,22,22360,1,1,1,6.0,RD 222,48.47497,-2.73771,06:38:00,2024-11-11
202400028961,20:30,,13,13203,2,1,1,3.0,CAMILLE PELLETAN (AVENUE),43.30409,5.37371,20:30:00,2024-11-11
202400028962,19:45,,13,13207,2,1,1,3.0,Corniche John Fitzgérald Kennedy,43.27494,5.36106,19:45:00,2024-11-11
202400028963,02:30,,13,13214,2,3,1,3.0,REIMS (RUE DE),43.34004,5.39928,02:30:00,2024-11-11
202400028964,03:41,Nuit avec éclairage,75,75108,2,3,1,2.0,RUE ROYALE,48.868378,2.323272,03:41:00,2024-11-11
202400028965,12:50,Plein jour,75,75106,2,2,1,3.0,BOULEVARD RASPAIL,48.847912,2.327761,12:50:00,2024-11-11
202400028966,12:12,Plein jour,75,75119,2,2,1,6.0,RUE MANIN,48.882988,2.385572,12:12:00,2024-11-11
202400028967,06:46,,75,75119,2,3,1,2.0,AVENUE JEAN JAURES,48.885173,2.379355,06:46:00,2024-11-11
202400028968,10:20,Plein jour,75,75108,2,7,1,3.0,PLACE DE L ALMA,48.864529,2.301299,10:20:00,2024-11-11
202400028969,19:48,,75,75115,2,2,1,3.0,AVENUE EMILE ZOLA,48.846522,2.285402,19:48:00,2024-11-11
202400028970,20:40,Nuit sans éclairage,75,75115,2,1,1,6.0,RUE DU LAOS,48.850567,2.30098,20:40:00,2024-11-10
202400028971,17:15,,75,75110,2,1,1,3.0,AVENUE CLAUDE VELLEFAUX,48.87312,2.37005,17:15:00,2024-11-11
202400028972,19:43,,75,75107,2,1,1,3.0,BOULEVARD DE LA TOUR MAUBOURG,48.854483,2.309603,19:43:00,2024-11-11
202400028973,16:20,Plein jour,94,94046,2,3,1,3.0,Avenue du Général de Gaulle,48.812415,2.422089,16:20:00,2024-11-11
202400028974,20:05,,94,94077,2,9,1,6.0,Villa Republique,48.731203,2.415749,20:05:00,2024-11-11
202400028975,20:30,,94,94075,2,3,1,3.0,Rue de Mandres,48.71794,2.5354,20:30:00,2024-11-11
202400028976,13:20,Plein jour,93,93059,2,1,1,3.0,LENINE (AVENUE) N°2A34 ET 1A43,48.95471111,2.35814629,13:20:00,2024-11-11
202400028977,19:05,,93,93051,2,1,1,1.0,JULES FERRY (NR PAIRS ),48.84586,2.57278,19:05:00,2024-11-10
202400028978,07:15,Nuit sans éclairage,93,93050,2,1,1,6.0,PAUL VAILLANT COUTURIER (RUE),48.87381385,2.55274773,07:15:00,2024-11-11
202400028979,07:10,Nuit sans éclairage,93,93031,2,1,1,6.0,MARNE (AVENUE DE LA),48.95475906,2.32678735,07:10:00,2024-11-11
202400028980,18:30,,93,93001,2,6,1,2.0,SAINT DENIS (RUE DE),48.9211497,2.37587321,18:30:00,2024-11-11
202400028981,12:00,Plein jour,34,34088,1,1,1,7.0,Unknown,43.574499,3.680441,12:00:00,2024-11-10
202400028982,18:00,,71,71360,1,2,1,3.0,RD 17,46.322218,4.767241,18:00:00,2024-11-11
202400028983,06:30,Nuit sans éclairage,47,47075,1,1,1,5.0,N21,44.303213,0.700625,06:30:00,2024-11-12
202400028984,15:45,Plein jour,39,39494,1,1,1,3.0,Unknown,46.588874,5.920921,15:45:00,2024-09-18
202400028985,22:40,Nuit sans éclairage,24,24059,1,1,1,6.0,D709e1,45.021097,0.377848,22:40:00,2024-11-10
202400028986,15:00,Plein jour,01,01381,1,3,1,6.0,Saint-Nizier-le-Désert,46.038312,5.14894,15:00:00,2024-11-11
202400028987,21:20,Nuit sans éclairage,86,86086,1,1,1,6.0,D75,46.824831,0.728203,21:20:00,2024-11-10
202400028988,17:37,,01,01007,1,1,1,1.0,route departementale d1075,46.007306,5.341136,17:37:00,2024-11-11
202400028989,15:15,Plein jour,33,33352,2,1,1,1.0,Unknown,44.581531,-0.037283,15:15:00,2024-11-11
202400028990,17:20,,57,57066,1,1,1,3.0,D43,48.812862,7.009481,17:20:00,2024-11-10
202400028991,19:29,Nuit sans éclairage,28,28141,1,1,1,4.0,"Autoroute A11, point-kilométrique 074+300",48.329138,1.381568,19:29:00,2024-11-11
202400028992,21:53,Nuit sans éclairage,28,28403,1,1,1,6.0,A11- PK 065+000  - vers PARIS,48.373642,1.471095,21:53:00,2024-11-08
202400028993,14:00,Plein jour,01,01353,1,1,1,5.0,D28,45.960607,4.800317,14:00:00,2024-11-11
202400028994,21:00,Nuit sans éclairage,30,30217,2,1,2,7.0,rue du cimetière,43.958298,4.741711,21:00:00,2024-11-12
202400028995,17:10,,41,41265,2,1,1,6.0,Rue Sainte Catherine,47.776984,0.797979,17:10:00,2024-11-11
202400028996,13:30,Plein jour,62,62773,1,4,1,6.0,D127E4,50.63446,1.780756,13:30:00,2024-11-11
202400028997,15:00,Plein jour,51,51516,1,1,1,3.0,D9,48.616839,3.909234,15:00:00,2024-11-12
202400028998,16:15,Plein jour,19,19150,1,2,1,3.0,Route de Turenne,45.070823,1.616921,16:15:00,2024-11-10
202400028999,14:55,Plein jour,06,06064,1,1,1,3.0,2167 Route de la Baronne,43.752792,7.182215,14:55:00,2024-12-18
202400029000,08:45,Plein jour,2A,2A271,1,1,1,6.0,RT 20,41.979496,8.833244,08:45:00,2024-12-17
202400029001,10:00,Plein jour,79,79355,2,6,1,3.0,Unknown,46.31488,-0.360339,10:00:00,2024-11-10
202400029002,23:45,Nuit sans éclairage,11,11325,1,6,1,6.0,Unknown,43.118242,2.285371,23:45:00,2024-12-02
202400029003,13:00,Plein jour,71,71522,1,1,3,6.0,Route du Taillet,46.597595,4.93997,13:00:00,2024-12-19
202400029004,19:15,,2B,2B207,2,1,1,2.0,Chiapatella,42.444674,9.507621,19:15:00,2024-11-11
202400029005,11:55,Plein jour,84,84051,1,1,1,6.0,D60,43.864501,5.231938,11:55:00,2024-12-19
202400029006,18:00,Crépuscule,82,82155,2,1,1,3.0,zone artisanale de fontalès,44.149442,1.748693,18:00:00,2024-11-12
202400029007,06:30,Nuit sans éclairage,58,58210,1,1,2,7.0,route de saulieu,47.12452,4.073782,06:30:00,2024-12-19
202400029008,16:00,Plein jour,64,64499,2,7,1,6.0,Place du Bayaa,43.470857,-0.925239,16:00:00,2024-12-18
202400029009,17:10,Plein jour,63,63457,1,1,1,6.0,D225,45.64329715,3.27304115,17:10:00,2024-10-27
202400029010,09:45,Plein jour,16,16085,2,3,3,6.0,AVENUE DE LA REPUBLIQUE,45.825005,0.450788,09:45:00,2024-12-19
202400029011,20:00,Nuit sans éclairage,86,86244,1,4,1,3.0,Rue de la Mare,46.384374,0.091243,20:00:00,2024-10-12
202400029012,08:30,Crépuscule,04,04139,1,1,2,2.0,2934 Route de Noyers,44.16808,5.847768,08:30:00,2024-12-13
202400029013,16:25,Plein jour,85,85081,1,1,1,6.0,RD101,46.749863,-1.384465,16:25:00,2024-12-19
202400029014,10:00,Plein jour,72,72320,1,4,1,6.0,"Autoroute A28, bretelle accés A11",48.054074,0.183764,10:00:00,2024-12-17
202400029015,01:29,,987,98738,2,9,1,1.0,pk 17.500 au niveau sv HOPUARE 1 c/mont,-17.61732143,-149.61434841,01:29:00,2024-12-19
202400029016,23:45,Nuit sans éclairage,63,63113,1,1,1,2.0,Unknown,45.78018648,3.14141651,23:45:00,2024-12-18
202400029017,13:15,Plein jour,72,72123,1,1,1,2.0,A11 PK 207+500,47.838625,-0.132179,13:15:00,2024-12-19
202400029018,19:55,Nuit sans éclairage,33,33199,1,1,1,2.0,Unknown,44.614621,-1.054044,19:55:00,2024-12-11
202400029019,11:50,Plein jour,14,14555,1,1,8,6.0,A13,49.302649,0.281854,11:50:00,2024-12-18
202400029020,19:24,Nuit sans éclairage,77,77126,1,1,2,1.0,D405,49.013892,2.943134,19:24:00,2024-12-18
202400029021,17:15,,78,78089,2,1,1,3.0,48 Rue Marcel Sembat,49.035844,1.574788,17:15:00,2024-12-03
202400029022,04:10,Nuit sans éclairage,66,66165,1,1,2,6.0,Unknown,42.652488,2.546264,04:10:00,2024-12-19
202400029023,16:10,Plein jour,34,34329,1,1,1,6.0,D64,43.259597,3.244218,16:10:00,2024-12-18
202400029024,18:20,Nuit avec éclairage,83,83047,2,6,1,6.0,Avenue de la Gare,43.14673,6.068562,18:20:00,2024-12-18
202400029025,10:37,Plein jour,13,13030,2,9,1,6.0,place de la libération,43.275932,5.701974,10:37:00,2024-12-19
202400029026,09:40,Plein jour,63,63284,2,2,1,3.0,rue de la Fontaine Ballet /  chemin du champs des poix,45.795073,3.240216,09:40:00,2024-11-30
202400029027,07:47,Plein jour,38,38407,1,1,3,1.0,D520a,45.341182,5.664428,07:47:00,2024-12-19
202400029028,06:30,,26,26347,2,3,1,1.0,34 Avenue du President Roosevelt,45.067618,4.847605,06:30:00,2024-12-18
202400029029,14:45,Plein jour,07,07245,2,1,1,6.0,1 Impasse des Iles,45.077139,4.816929,14:45:00,2024-12-16
202400029030,09:30,Plein jour,01,01275,1,6,5,2.0,Chemin de l'Île,45.8134516,4.93574202,09:30:00,2024-12-18
202400029031,17:10,Crépuscule,49,49023,2,3,2,6.0,Rue de la Cité (Beaupréau),47.203928,-0.99724,17:10:00,2024-12-18
202400029032,10:20,Plein jour,56,56151,1,2,2,3.0,Kerio,48.093531,-2.907579,10:20:00,2024-12-19
202400029033,00:10,Nuit sans éclairage,80,80582,1,1,3,6.0,Rue de Wailly,49.79948,2.145102,00:10:00,2024-12-19
202400029034,11:30,Plein jour,80,80708,1,1,1,2.0,Autroroute A1 PK 099.700 sens Lille direction Paris.,49.690065,2.771945,11:30:00,2024-12-19
202400029035,17:10,Nuit sans éclairage,59,59449,2,1,2,1.0,2 Rue Charles Flon,50.468301,3.252097,17:10:00,2024-12-19
202400029036,17:55,Nuit sans éclairage,59,59168,1,1,2,7.0,D90,50.58509,3.225389,17:55:00,2024-12-19
202400029037,13:50,Plein jour,13,13071,1,1,1,2.0,A7-Sens Marseille vers Lyon,43.406217,5.32315593,13:50:00,2024-12-15
202400029038,01:13,Nuit sans éclairage,13,13043,1,1,1,2.0,A55-Sens Marseille vers Martigues,43.39129821,5.26458933,01:13:00,2024-12-15
202400029039,19:50,Nuit sans éclairage,57,57416,1,1,8,7.0,Autoroute A31,48.98961955,6.10486247,19:50:00,2024-12-17
202400029040,00:01,,94,94069,2,3,2,2.0,PONT DE CHARENTON / A4,48.81702566,2.4198541,00:01:00,2024-03-05
202400029041,07:20,Crépuscule,54,54215,1,9,5,5.0,A 31,48.74118203,6.15300894,07:20:00,2024-11-29
202400029042,08:40,Plein jour,94,94017,2,1,1,3.0,Avenue du Général de Gaulle,48.82326648,2.49508055,08:40:00,2024-03-05
202400029043,08:20,Plein jour,33,33281,1,1,1,4.0,Unknown,44.826621,-0.675274,08:20:00,2024-12-18
202400029044,17:30,Nuit sans éclairage,91,91432,1,1,1,5.0,AUTOROUTE A6,48.6928,2.3208,17:30:00,2024-12-18
202400029045,08:00,Plein jour,93,93051,2,2,8,3.0,Boulevard Paul Pambrun / Rue Pasteur,48.84952,2.54713,08:00:00,2024-03-05
202400029046,12:54,Plein jour,91,91689,1,1,1,3.0,AUTOROUTE A6B,48.739928,2.320256,12:54:00,2024-12-18
202400029047,09:52,Plein jour,91,91161,1,1,1,2.0,AUTOROUTE A126,48.7105,2.3011,09:52:00,2024-12-18
202400029048,17:40,Plein jour,93,93048,2,5,1,6.0,Rue de Paris / Rue Emile Zola,48.855,2.41897,17:40:00,2024-03-04
202400029049,01:10,Nuit avec éclairage,91,91340,1,1,1,6.0,AUTOROUTE A6,48.60115988,2.43869454,01:10:00,2024-12-18
202400029050,06:40,,78,78242,1,1,1,3.0,A12 W,48.805933,2.051333,06:40:00,2024-12-18
202400029051,19:20,,93,93048,2,1,1,6.0,Boulevard Paul Vaillant Couturier,48.862974,2.441747,19:20:00,2024-03-03
202400029052,17:10,Crépuscule,78,78073,1,1,1,6.0,RN12 INT,48.798516,2.005039,17:10:00,2024-12-17
202400029053,17:50,Plein jour,93,93005,2,7,1,3.0,Carrefour Louis Armand / Boulevard André Citroën,48.955857,2.48168,17:50:00,2024-03-04
202400029054,09:10,Plein jour,92,92047,1,1,8,3.0,A13,48.83524106,2.17705758,09:10:00,2024-12-17
202400029055,20:40,,94,94033,1,1,1,2.0,A86,48.85841005,2.48778049,20:40:00,2024-12-18
202400029056,10:05,Plein jour,92,92050,2,1,1,6.0,CLEMENCEAU GEORGES AVENUE N° PAIR,48.88583268,2.2176227,10:05:00,2024-03-04
202400029057,14:50,Plein jour,94,94017,1,1,8,3.0,A4,48.82872227,2.47703472,14:50:00,2024-12-18
202400029058,00:10,Nuit sans éclairage,64,64545,1,1,6,6.0,Unknown,43.359917,-1.72679,00:10:00,2024-11-24
202400029059,12:15,Plein jour,92,92020,2,1,1,3.0,VERDUN AVENUE DE AUTRES N°,48.79468149,2.27324456,12:15:00,2024-03-05
202400029060,14:10,Plein jour,27,27284,2,1,1,5.0,Rue du Faubourg de Neaufles,49.276807,1.759615,14:10:00,2024-08-17
202400029061,15:52,Plein jour,35,35239,2,4,8,3.0,2 Rue Anatole le Braz,47.91453,-1.380646,15:52:00,2024-03-05
202400029062,16:30,Plein jour,74,74012,2,2,1,1.0,MOLE (RUE DU),46.19795,6.2361,16:30:00,2024-10-15
202400029063,14:36,Plein jour,35,35002,1,1,1,1.0,Lieu Dit Laval,48.01453,-1.479163,14:36:00,2024-01-29
202400029064,13:36,Plein jour,91,91086,2,1,1,7.0,route de vert-le-grand,48.611629,2.363192,13:36:00,2024-09-30
202400029065,09:13,Plein jour,51,51066,1,1,1,7.0,D396,48.667137,4.584067,09:13:00,2024-03-05
202400029066,18:05,Plein jour,76,76575,2,3,1,1.0,Avenue des Canadiens,49.39864178,1.06290042,18:05:00,2024-09-18
202400029067,23:20,,76,76540,2,1,1,6.0,Quai du Havre,49.4413635,1.08175064,23:20:00,2024-09-13
202400029068,17:55,Plein jour,76,76540,2,1,1,6.0,Rue des Charrettes,49.44013,1.08853,17:55:00,2024-09-10
202400029069,17:10,Plein jour,28,28100,1,1,2,1.0,D923,48.441237,1.354412,17:10:00,2024-03-05
202400029070,00:30,Nuit avec éclairage,76,76178,2,3,1,1.0,Rue de Tourville,49.30674,1.02801,00:30:00,2024-09-06
202400029071,01:50,,76,76540,2,7,1,6.0,Place du General de Gaulle,49.44352,1.09887,01:50:00,2024-08-29
202400029072,17:15,Plein jour,19,19162,1,1,9,2.0,Unknown,45.33906529,1.57226867,17:15:00,2024-03-05
202400029073,11:05,Plein jour,76,76540,2,3,1,6.0,Rue du Docteur Rambert,49.4399,1.09027,11:05:00,2024-08-27
202400029074,09:15,Plein jour,30,30135,1,1,1,3.0,D?999,43.828877,4.590504,09:15:00,2024-03-06
202400029075,22:12,,76,76540,2,3,1,1.0,Boulevard Gambetta,49.43628911,1.10120206,22:12:00,2024-08-08
202400029076,12:15,Plein jour,62,62566,2,1,1,1.0,Rue des Oliviers,50.676677,1.860353,12:15:00,2024-03-06
202400029077,14:40,Plein jour,56,56243,2,6,1,7.0,Route de Nantes,47.650504,-2.723306,14:40:00,2024-03-05
202400029078,15:50,Plein jour,13,13004,1,1,1,1.0,RD570 - Dite Route des saintes Marie de la Mer,43.585303,4.457231,15:50:00,2024-08-28
202400029079,18:50,Nuit sans éclairage,80,80361,1,1,1,7.0,D29,49.92661,1.794505,18:50:00,2024-03-05
202400029080,00:15,Nuit sans éclairage,13,13004,1,1,1,2.0,N113,43.64516679,4.69903804,00:15:00,2024-08-01
202400029081,07:20,Plein jour,71,71295,2,3,8,3.0,24 Route de Chalon,46.800272,5.178241,07:20:00,2024-03-06
202400029082,14:50,Plein jour,13,13004,1,1,7,2.0,D570,43.642221,4.564369,14:50:00,2024-07-10
202400029083,11:55,Plein jour,71,71520,2,1,3,1.0,D294,46.742156,4.844214,11:55:00,2024-03-05
202400029084,08:40,Plein jour,61,61093,2,1,1,6.0,RD229,48.729464,-0.674641,08:40:00,2024-03-06
202400029085,17:15,Plein jour,973,97302,2,3,1,3.0,RABAN (ROUTE DE),4.92798615,-52.31387275,17:15:00,2024-12-16
202400029086,13:30,Plein jour,01,01015,1,1,2,6.0,RD 69  PK 3,45.729775,5.642638,13:30:00,2024-03-05
202400029087,18:45,,69,69387,2,2,1,3.0,Avenue Jean Jaurès,45.75115,4.84526,18:45:00,2024-12-16
202400029088,18:00,,58,58011,2,1,1,3.0,169 Route Buissonniere,47.455962,3.550429,18:00:00,2024-02-06
202400029089,11:49,Plein jour,972,97213,2,1,1,1.0,MORNE PITAULT (ROUTE DE),14.61999,-60.96335,11:49:00,2024-12-16
202400029090,04:40,Nuit sans éclairage,54,54029,1,1,9,6.0,D906,49.36369719,5.90710402,04:40:00,2024-03-06
202400029091,07:50,Crépuscule,69,69034,2,3,1,3.0,Route de Strasbourg,45.79138,4.86215,07:50:00,2024-12-16
202400029092,16:15,Plein jour,72,72132,2,1,1,6.0,ZC zone du lac,48.179383,0.653075,16:15:00,2024-03-06
202400029093,16:00,Plein jour,971,97101,1,1,1,4.0,DOTHEMARE,16.27284,-61.51859,16:00:00,2024-12-16
202400029094,11:00,Plein jour,72,72360,1,1,1,1.0,La Balonniere,48.021567,0.111848,11:00:00,2024-03-05
202400029095,20:10,Nuit sans éclairage,971,97101,1,1,1,2.0,RN5-BOISRIPEAUX,16.28429,-61.50583,20:10:00,2024-12-14
202400029096,00:04,Nuit sans éclairage,60,60132,1,1,1,6.0,CD 934,49.627336,2.923307,00:04:00,2024-03-06
202400029097,19:45,Nuit sans éclairage,971,97101,1,1,1,6.0,RN5-BOISRIPEAUX,16.28462,-61.50595,19:45:00,2024-12-14
202400029098,19:30,Nuit sans éclairage,45,45204,1,1,2,7.0,D15 PR 10 + 54,47.79191,1.823752,19:30:00,2024-03-05
202400029099,15:25,Plein jour,2A,2A004,1,9,1,3.0,#Residence Hlm du Vazzio Erilia#,41.93411,8.79195,15:25:00,2024-12-16
202400029100,11:30,Plein jour,18,18265,1,1,7,2.0,Unknown,47.018356,2.97134,11:30:00,2024-03-04
202400029101,10:10,Plein jour,2A,2A004,2,2,1,6.0,MONTEE SAINT JEAN,41.93279,8.73741,10:10:00,2024-12-16
202400029102,17:35,Plein jour,10,10106,1,1,8,6.0,RD 951 - PK 24.000 - Sens NOGENT SUR SEINE vers BRAY SUR SEINE,48.45912,3.411942,17:35:00,2024-03-06
202400029103,19:45,,95,95203,2,1,2,2.0,D928,48.99744693,2.26908708,19:45:00,2024-12-16
202400029104,22:30,Nuit sans éclairage,36,36005,1,1,1,6.0,Unknown,46.762443,1.82608,22:30:00,2024-02-25
202400029105,09:20,Plein jour,07,07334,2,1,1,6.0,Rue du temple,44.404801,4.131428,09:20:00,2024-03-06
202400029106,15:35,Plein jour,85,85128,2,1,1,2.0,24 Rue des blés d'or,46.458971,-1.1369454,15:35:00,2024-03-05
202400029107,12:53,Plein jour,91,91479,2,3,2,3.0,AV DE VERDUN,48.70575,2.35893,12:53:00,2024-12-16