Num_Acc,hrmn,lum,dep,com,agg,int,atm,col,adr,lat,long,heure,date
202400029108,18:50,,91,91589,2,2,2,3.0,AV DES TILLEULS,48.69052,2.34975,18:50:00,2024-12-15
202400029109,08:50,Plein jour,27,27660,1,2,2,3.0,Route de l'Eglise,48.973053,0.508611,08:50:00,2024-03-05
202400029110,14:00,Plein jour,91,91228,2,1,8,6.0,RUE DE L ECOLE,48.618262,2.432908,14:00:00,2024-12-16
202400029111,20:00,Nuit sans éclairage,24,24167,1,1,1,2.0,Route d'Issigeac,44.68046319,0.42263031,20:00:00,2024-03-05
202400029112,13:44,Plein jour,90,90010,2,1,1,2.0,LAURENCIE (AVENUE CAPITAINE DE LA),47.63879,6.875596,13:44:00,2024-12-15
202400029113,11:50,Plein jour,987,98738,1,1,1,1.0,RT1 PK 18+500,-17.618214,-149.547105,11:50:00,2024-03-04
202400029114,15:55,Plein jour,89,89024,2,2,8,3.0,GUYNEMER (RUE),47.81572,3.57657,15:55:00,2024-12-14
202400029115,16:35,Plein jour,06,06152,1,1,1,4.0,576 Route de Nice,43.64388157,7.01497793,16:35:00,2024-02-17
202400029116,17:41,Plein jour,87,87085,2,1,2,6.0,JOURDAN (PLACE),45.83204,1.26375,17:41:00,2024-12-13
202400029117,05:25,Nuit sans éclairage,42,42304,1,1,1,1.0,Chemin de la Petite Plaine à la Grande Plaine,45.53135,4.197818,05:25:00,2024-03-06
202400029118,18:04,,87,87085,2,3,2,3.0,FONDERIE (RUE DE LA),45.83566,1.25265,18:04:00,2024-12-13
202400029119,18:20,Plein jour,82,82037,1,1,4,5.0,A20,44.145261,1.50517,18:20:00,2024-03-05
202400029120,16:09,Plein jour,87,87085,2,2,1,3.0,DUMAS (AVENUE GEORGES),45.82605,1.26791,16:09:00,2024-12-13
202400029121,09:45,Plein jour,53,53262,1,1,1,5.0,la blanchardière,48.06190306,-0.59281169,09:45:00,2024-03-06
202400029122,20:15,Nuit sans éclairage,84,84031,1,3,1,5.0,MIRABEAU AVENUE,44.06932,5.04278,20:15:00,2024-12-16
202400029123,00:35,Nuit sans éclairage,68,68015,1,1,2,6.0,A36 pk 114.400 en direction d'OTTMARSHEIM,47.789596,7.446893,00:35:00,2024-03-06
202400029124,15:15,Plein jour,84,84007,2,1,1,3.0,MARSEILLE (ROUTE DE ),43.92467,4.85042,15:15:00,2024-12-16
202400029125,11:40,Plein jour,84,84007,2,3,1,3.0,CÉDRES (CHEMIN DES) MFT,43.93252,4.88062,11:40:00,2024-12-16
202400029126,13:35,Plein jour,83,83137,2,1,1,6.0,GUES (BD DE L'ENSEIGNE DE VAISSEAU),43.11533397,5.98104554,13:35:00,2024-12-16
202400029127,17:50,Plein jour,64,64521,1,1,4,4.0,A64 PK 83,43.411143,-0.56586,17:50:00,2024-03-03
202400029128,16:05,Plein jour,83,83137,2,1,1,1.0,LECLERC (AVE GENERAL),43.12584,5.92771,16:05:00,2024-12-14
202400029129,04:10,Nuit sans éclairage,60,60254,1,1,1,2.0,Autoroute A1 - PK 073.000 sens PARIS-LILLE,49.45483202,2.70045233,04:10:00,2024-03-06
202400029130,19:30,,988,98817,2,3,1,6.0,RPS1/Rue de l'Henriette,-22.265795,166.61501,19:30:00,2024-03-05
202400029131,16:45,Plein jour,83,83144,2,4,1,1.0,PICOT (CHEMIN DU COLONEL),43.14273,6.00775,16:45:00,2024-12-14
202400029132,15:15,Plein jour,83,83126,2,1,1,6.0,KENNEDY (AVENUE J.)N° IMPAIRS > ST VICTO,43.11188,5.85019,15:15:00,2024-12-13
202400029133,21:50,Nuit sans éclairage,971,97118,1,1,1,6.0,route départementale 23,16.202755,-61.636198,21:50:00,2024-03-05
202400029134,10:20,Plein jour,978,97801,2,1,1,1.0,R DE SANDY GROUND,18.0581,-63.096955,10:20:00,2024-03-04
202400029135,15:40,Plein jour,83,83061,2,6,1,3.0,ROND-POINT DES MOULINS,43.4307,6.73559,15:40:00,2024-12-12
202400029136,18:30,Crépuscule,972,97228,1,1,1,7.0,Reculée,14.77925,-61.028355,18:30:00,2024-03-05
202400029137,15:20,Plein jour,2B,2B307,1,1,1,7.0,route du village,42.382482,9.517819,15:20:00,2024-03-05
202400029138,05:53,,79,79191,2,3,1,3.0,Unknown,46.32141,-0.47915,05:53:00,2024-12-16
202400029139,20:30,Nuit sans éclairage,34,34285,2,7,1,6.0,la Montade,43.512962,3.487526,20:30:00,2024-03-04
202400029140,07:11,Crépuscule,77,77285,2,6,2,6.0,CORBEIL (AVENUE DE),48.54908,2.63974,07:11:00,2024-12-16
202400029141,12:00,Plein jour,76,76165,2,3,1,6.0,Passage Chatel,49.28222,1.01893,12:00:00,2024-12-16
202400029142,10:25,Plein jour,89,89298,1,1,2,4.0,autoroute A6,48.032344,3.12472,10:25:00,2024-03-06
202400029143,08:00,Crépuscule,74,74012,2,1,1,7.0,ARAVIS (RUE DES),46.18782,6.23246,08:00:00,2024-12-16
202400029144,18:43,,68,68072,2,3,1,1.0,Rue du Général de Gaulle,47.694691,7.404772,18:43:00,2024-03-05
202400029145,15:00,Plein jour,73,73065,2,1,1,2.0,BOISSE (AVENUE DE LA),45.58172,5.91129,15:00:00,2024-12-16
202400029146,11:55,Plein jour,42,42094,2,6,1,2.0,Rue Jules Ferry,45.745404,4.225422,11:55:00,2024-03-06
202400029147,15:45,Plein jour,73,73065,2,1,1,4.0,BOISSE (AVENUE DE LA),45.58172,5.91129,15:45:00,2024-12-16
202400029148,17:15,Plein jour,26,26309,1,1,4,6.0,Route de Villard de Lans,45.07966245,5.46593428,17:15:00,2024-03-05
202400029149,05:00,Nuit sans éclairage,72,72003,1,1,8,7.0,SABLE (RTE DE),47.9822,0.13954,05:00:00,2024-12-16
202400029150,12:00,Plein jour,49,49301,1,1,1,7.0,ZA du Petit Lapin (St Germain-sur-Moine),47.110064,-1.110413,12:00:00,2024-03-06
202400029151,09:33,Plein jour,56,56167,1,1,3,5.0,Zone du Keneah Nord,47.664737,-2.897537,09:33:00,2024-03-01
202400029152,13:59,Plein jour,70,70261,1,1,2,5.0,RN19,47.624588,6.206015,13:59:00,2024-12-14
202400029153,09:50,Plein jour,29,29103,2,6,1,6.0,boulevard de la Gare,48.453244,-4.256203,09:50:00,2024-03-05
202400029154,17:10,Plein jour,64,64445,2,1,1,6.0,TOURASSE,43.31103,-0.3502,17:10:00,2024-12-16
202400029155,08:15,Plein jour,64,64335,1,1,1,2.0,D817,43.33544,-0.46134,08:15:00,2024-12-16
202400029156,12:30,Plein jour,27,27525,1,1,1,6.0,d65,49.097279,1.348979,12:30:00,2024-03-06
202400029157,07:25,Crépuscule,64,64129,2,1,1,2.0,BAYONNE DE,43.30577,-0.40301,07:25:00,2024-12-16
202400029158,16:30,Plein jour,60,60103,1,1,1,2.0,Route Nationale 31,49.415385,2.261853,16:30:00,2024-03-06
202400029159,09:30,Plein jour,64,64445,2,6,1,3.0,DROITS DE L' HOMME DES,43.31305,-0.36899,09:30:00,2024-12-16
202400029160,15:55,Plein jour,13,13106,1,1,1,3.0,A51-Sens Marseille vers Aix en Provence,43.40527907,5.3600054,15:55:00,2024-03-05
202400029161,06:50,,64,64445,2,1,1,3.0,RONSARD,43.31863,-0.35922,06:50:00,2024-12-16
202400029162,08:25,,60,60057,2,1,1,6.0,Rue d'Amiens,49.43863653,2.08854926,08:25:00,2024-12-16
202400029163,20:00,Nuit sans éclairage,13,13211,1,1,1,2.0,A507 sens Aubagne- Marseille,43.29207811,5.45266634,20:00:00,2024-03-04
202400029164,17:45,,59,59324,2,3,1,3.0,Rue Léon Blum,50.29515,4.0863,17:45:00,2024-12-12
202400029165,13:45,Plein jour,13,13071,1,1,1,4.0,A7-Sens Marseille vers Lyon,43.40939184,5.28588321,13:45:00,2024-03-05
202400029166,08:30,Plein jour,59,59527,2,2,2,6.0,LECLERC RUE DU GENERAL,50.662171,3.050161,08:30:00,2024-12-16
202400029167,16:28,Plein jour,57,57683,2,1,1,6.0,Rue Jeanne d'Arc,49.3011392,6.16238146,16:28:00,2024-12-13
202400029168,10:27,Plein jour,13,13213,1,1,1,2.0,A507 sens Marseille - Aubagne,43.32632788,5.42112018,10:27:00,2024-03-04
202400029169,08:40,Plein jour,56,56260,1,1,1,3.0,Avenue Paul Duplaix,47.65289,-2.71543,08:40:00,2024-12-16
202400029170,00:13,Nuit sans éclairage,13,13117,1,1,1,6.0,A7-Sens Lyon vers Marseille,43.432,5.2581,00:13:00,2024-03-05
202400029171,01:02,Nuit avec éclairage,56,56036,2,6,1,6.0,Route de Kerviec,47.780303,-3.351311,01:02:00,2024-12-14
202400029172,12:51,Plein jour,13,13071,1,1,1,2.0,A7-Sens Lyon vers Marseille,43.40479107,5.34038573,12:51:00,2024-03-04
202400029173,12:50,Plein jour,56,56121,2,9,1,3.0,Boulevard du Scorff,47.76351,-3.36732,12:50:00,2024-12-15
202400029174,18:10,,54,54395,2,1,1,6.0,Rue de la Croix Saint Claude,48.69164973,6.13843113,18:10:00,2024-12-15
202400029175,12:45,Plein jour,91,91228,1,1,2,3.0,RN 104,48.6255,2.41772,12:45:00,2024-03-05
202400029176,17:20,,54,54323,2,1,2,6.0,Rue Mercy,49.52375164,5.76447755,17:20:00,2024-12-16
202400029177,04:23,Nuit sans éclairage,94,94076,1,1,2,2.0,A6B,48.78543196,2.34573083,04:23:00,2024-03-05
202400029178,12:00,Plein jour,54,54273,2,6,8,6.0,Avenue Wilson,49.15581,5.88394,12:00:00,2024-12-16
202400029179,08:30,Plein jour,93,93005,1,1,8,5.0,A3,48.93958962,2.47948796,08:30:00,2024-03-05
202400029180,02:25,,51,51454,2,3,1,3.0,EISENHOWER (AVENUE DU GENERAL),49.23952,4.00758,02:25:00,2024-12-15
202400029181,14:20,Plein jour,44,44143,2,1,1,7.0,Avenue du maréchal de Lattre de Tassigny,47.19382195,-1.57067801,14:20:00,2024-02-01
202400029182,17:15,Nuit sans éclairage,51,51474,1,1,2,1.0,SAINT THIERRY (CHEMIN DE) A REIMS,49.28301,3.991896,17:15:00,2024-12-14
202400029183,12:03,Plein jour,51,51108,2,1,8,6.0,DE GAULLE (AVE GENERAL),48.94916,4.37091,12:03:00,2024-12-14
202400029184,19:00,Nuit sans éclairage,44,44190,1,1,8,4.0,Unknown,47.19102726,-1.49031174,19:00:00,2024-01-31
202400029185,12:15,Plein jour,45,45169,2,2,8,3.0,Rue de Changelin,47.92063,1.82638,12:15:00,2024-12-16
202400029186,09:40,Plein jour,45,45286,2,1,1,6.0,1 Allée des Bouvreuils,47.880801,1.934193,09:40:00,2024-12-16
202400029187,22:15,,44,44109,2,2,1,3.0,19 Rue Eugène Thomas,47.2614,-1.57095,22:15:00,2024-12-16
202400029188,13:20,Plein jour,44,44143,2,6,8,3.0,Place du 8 mai 1945,47.18928357,-1.55196178,13:20:00,2024-01-30
202400029189,02:40,,43,43041,2,1,1,6.0,Avenue Charles Dupuy,45.0529,3.911,02:40:00,2024-12-07
202400029190,05:35,,41,41018,2,1,5,1.0,CHATEAU-RENAULT (ROUTE DE),47.58213,1.30119,05:35:00,2024-12-16
202400029191,08:48,Plein jour,44,44109,2,1,8,4.0,27 Rue de Strasbourg,47.21805761,-1.55303704,08:48:00,2024-01-31
202400029192,08:35,Plein jour,37,37261,2,1,2,6.0,GIRAUDEAU (RUE),47.38777,0.67655,08:35:00,2024-12-16
202400029193,20:05,,36,36044,2,1,8,6.0,Boulevard Saint-Denis,46.81570928,1.70882866,20:05:00,2024-12-15
202400029194,08:00,Crépuscule,44,44109,2,2,1,3.0,11 Boulevard Général de Gaulle,47.20694207,-1.53970599,08:00:00,2024-01-30
202400029195,19:30,,34,34301,2,3,1,6.0,HERRIOT EDOUARD (PLACE),43.3946,3.67727,19:30:00,2024-12-16
202400029196,13:35,Plein jour,34,34172,2,3,1,6.0,CENTRAYRARGUES (RUE DE),43.59686,3.88052,13:35:00,2024-12-16
202400029197,10:35,Plein jour,44,44109,2,3,8,3.0,Route de Paris,47.25438276,-1.51313781,10:35:00,2024-01-30
202400029198,20:04,,33,33550,2,1,1,3.0,Unknown,44.76475,-0.56123,20:04:00,2024-12-16
202400029199,09:20,Plein jour,44,44109,2,1,8,3.0,504 Route de Saint Joseph,47.2719913,-1.51632199,09:20:00,2024-01-30
202400029200,10:45,Plein jour,44,44109,2,1,8,6.0,6 Rue Samuel de Champlain,47.26073316,-1.57436549,10:45:00,2024-01-29
202400029201,13:20,Plein jour,44,44109,2,6,8,2.0,194 Route de Saint Joseph,47.24873457,-1.53035126,13:20:00,2024-01-24
202400029202,15:45,Plein jour,33,33069,2,1,1,3.0,Unknown,44.85597,-0.59224,15:45:00,2024-12-16
202400029203,07:30,Plein jour,44,44109,2,1,8,6.0,30 Boulevard Maréchal Alphonse Juin,47.19827283,-1.59922479,07:30:00,2024-01-24
202400029204,05:29,,44,44109,2,1,8,3.0,21 Rue Paul Bellamy,47.22216899,-1.55657321,05:29:00,2024-01-21
202400029205,09:40,Plein jour,33,33522,2,6,1,3.0,Unknown,44.80142,-0.581,09:40:00,2024-12-16
202400029206,14:00,,44,44143,2,6,8,2.0,Boulevard Victor Schoelcher,47.1953603,-1.56230579,14:00:00,2024-01-19
202400029207,13:55,Plein jour,32,32013,2,1,1,7.0,SAMBRE ET MEUSE (AVENUE),43.6495,0.59754,13:55:00,2024-12-16
202400029208,08:00,Crépuscule,44,44162,2,1,8,6.0,8 Rue Océane,47.22387775,-1.62788141,08:00:00,2024-01-19
202400029209,10:28,Plein jour,976,97611,1,1,1,1.0,m'tsapere-Nationale 2 (route),-12.79215,45.22112,10:28:00,2024-03-04
202400029210,20:05,Nuit sans éclairage,22,22113,2,4,1,3.0,MONTROULEZ (HENT COZ),48.72927,-3.47525,20:05:00,2024-12-16
202400029211,21:25,,974,97411,2,6,1,3.0,CHAUDRON  (BLD 1 DU),-20.89242,55.49162,21:25:00,2024-03-04
202400029212,08:00,Plein jour,973,97302,2,1,1,3.0,RABAN (ROUTE DE),4.92968519,-52.31333256,08:00:00,2024-03-04
202400029213,16:10,Plein jour,19,19031,2,1,1,1.0,JASMIN (AVENUE),45.1569,1.51309,16:10:00,2024-12-16
202400029214,05:30,Crépuscule,69,69387,2,2,1,3.0,Rue Chevreul,45.74918,4.83842,05:30:00,2024-03-01
202400029215,09:45,Plein jour,19,19031,2,2,1,3.0,SEMARD (AVENUE PIERRE) A PARTIR DE N° 75,45.15432,1.51214,09:45:00,2024-12-16
202400029216,10:15,Plein jour,69,69383,2,2,1,3.0,Quai Victor Augagneur,45.75998,4.84108,10:15:00,2024-03-04
202400029217,08:00,Plein jour,971,97113,1,1,1,3.0,SECTEUR DAMPIERRE,16.20873,-61.47011,08:00:00,2024-03-04
202400029218,13:15,Plein jour,13,13213,2,1,1,3.0,OLIVES (AVENUE DES),43.32,5.44,13:15:00,2024-12-16
202400029219,18:25,,971,97101,2,1,1,2.0,DUGAZON,16.25191,-61.52026,18:25:00,2024-03-03
202400029220,08:35,Plein jour,13,13215,2,1,1,1.0,SAINT LOUIS (AVENUE DE),43.34907,5.35898,08:35:00,2024-12-16
202400029221,12:30,Plein jour,971,97113,2,1,1,6.0,BESSON,16.23821684,-61.49960876,12:30:00,2024-03-03
202400029222,16:00,Plein jour,13,13047,2,6,1,3.0,RADOLFZELL AVENUE DE,43.49829,4.98599,16:00:00,2024-12-16
202400029223,19:55,,10,10081,2,6,2,6.0,OUEST (BD),48.30479,4.02664,19:55:00,2024-12-16
202400029224,00:07,,971,97120,2,1,1,1.0,CARENAGE,16.23036,-61.53382,00:07:00,2024-03-03
202400029225,10:20,Plein jour,07,07281,1,1,1,1.0,Route du Pin,44.930158,4.812462,10:20:00,2024-12-16
202400029226,19:40,Nuit sans éclairage,971,97107,2,3,1,6.0,FILAOS ( RUE DES ),16.05413,-61.56187,19:40:00,2024-02-29
202400029227,14:00,Plein jour,95,95060,2,1,1,6.0,EST (RUE DE L'),49.0367379,2.21250862,14:00:00,2024-03-04
202400029228,10:10,Plein jour,07,07070,2,3,1,6.0,ALPES (RUE DES),44.96476,4.84937,10:10:00,2024-12-16
202400029229,10:15,Plein jour,06,06030,2,1,7,6.0,69 Avenue Maurice Cheval,43.56728,6.99193,10:15:00,2024-12-16
202400029230,20:45,,95,95051,2,1,1,3.0,JULES CESAR (CHAUSSEE),49.01080194,2.19286948,20:45:00,2024-03-03
202400029231,10:00,Plein jour,06,06155,2,6,1,3.0,2 Route de Cannes,43.57408,7.04866,10:00:00,2024-12-15
202400029232,08:55,Plein jour,95,95607,2,3,1,3.0,SAINT PRIX (RUE DE),49.02115613,2.1967265,08:55:00,2024-03-04
202400029233,10:00,Plein jour,75,75114,2,1,8,2.0,BD PERIPHERIQUE INTERIEUR,48.817212,2.334982,10:00:00,2024-12-16
202400029234,07:25,Plein jour,95,95252,2,2,1,6.0,D14,48.98023839,2.23512419,07:25:00,2024-03-04
202400029235,12:30,Plein jour,95,95210,2,1,1,6.0,BARRE (RUE DE LA),48.96348,2.31222,12:30:00,2024-03-04
202400029236,09:45,Plein jour,75,75118,2,7,1,3.0,PLACE ALBERT KAHN,48.896053,2.346042,09:45:00,2024-12-17
202400029237,07:25,Plein jour,95,95063,2,1,1,3.0,MAURICE BERTEAUX (RUE),48.9278027,2.21081883,07:25:00,2024-03-04
202400029238,20:45,,75,75117,2,4,1,3.0,AVENUE DE CLICHY,48.891243,2.319301,20:45:00,2024-12-17
202400029239,07:57,Plein jour,91,91021,2,1,2,2.0,LIMOURS (ROUTE DE),48.59946,2.2408,07:57:00,2024-02-29
202400029240,18:20,,75,75117,2,3,1,6.0,RUE CARDINET,48.891109,2.31799,18:20:00,2024-12-17
202400029241,09:40,Plein jour,91,91657,2,1,1,3.0,PRESIDENT ROBERT LAKOTA (AVENUE DU),48.707614,2.413718,09:40:00,2024-03-04
202400029242,00:15,,91,91114,2,2,2,3.0,CHARLES CHRISTOFLE (AVENUE),48.70142,2.49359,00:15:00,2024-03-03
202400029243,16:22,Plein jour,75,75116,2,2,1,1.0,ROUTE DE LA PORTE DAUPHINE A LA PORTE DES SABLONS,48.874924,2.271135,16:22:00,2024-12-16
202400029244,14:35,Plein jour,91,91174,2,3,1,6.0,COMBES MARNES (BOULEVARD),48.60575,2.46487,14:35:00,2024-03-04
202400029245,16:53,,75,75115,2,2,1,6.0,RUE DU THEATRE,48.84124,2.290144,16:53:00,2024-12-17
202400029246,04:35,,85,85191,2,1,1,7.0,Boulevard aristide briand,46.6682,-1.430929,04:35:00,2024-03-04
202400029247,13:30,Plein jour,75,75115,2,1,2,6.0,RUE CASTAGNARY,48.835524,2.309952,13:30:00,2024-12-17
202400029248,14:00,Plein jour,84,84007,2,1,3,6.0,EUROPE (Pont de l'),43.94395,4.79616,14:00:00,2024-03-03
202400029249,17:05,Plein jour,75,75115,2,2,1,7.0,PONT DU GARIGLIANO,48.838659,2.269738,17:05:00,2024-12-16
202400029250,16:50,Plein jour,83,83137,1,1,1,3.0,RD46,43.15213,5.96769,16:50:00,2024-03-04
202400029251,20:05,,75,75113,2,2,1,3.0,BOULEVARD AUGUSTE BLANQUI,48.830773,2.344113,20:05:00,2024-12-17
202400029252,09:15,Plein jour,82,82033,2,1,1,2.0,Avenue du Maréchal Leclerc,44.04519,1.10379,09:15:00,2024-03-04
202400029253,19:15,,75,75113,2,7,1,2.0,BOULEVARD DE L HOPITAL,48.836403,2.359494,19:15:00,2024-12-17
202400029254,11:30,Plein jour,78,78350,2,1,1,3.0,CONTI (QUAI),48.876561,2.116829,11:30:00,2024-03-04
202400029255,12:50,Plein jour,75,75112,2,1,1,3.0,QUAI DE LA RAPEE,48.8436,2.3699,12:50:00,2024-12-17
202400029256,02:35,Nuit sans éclairage,78,78350,1,1,1,1.0,MARLY (ROUTE DE),48.86254,2.10506,02:35:00,2024-03-04
202400029257,10:35,Plein jour,75,75110,2,1,8,6.0,RUE DU FAUBOURG SAINT MARTIN,48.878291,2.361952,10:35:00,2024-12-17
202400029258,18:20,,75,75107,2,1,1,1.0,QUAI BRANLY,48.86207,2.2994,18:20:00,2024-12-17
202400029259,06:45,Crépuscule,77,77132,2,1,1,3.0,AV ROBERT SCHUMAN,48.86931,2.79283,06:45:00,2024-03-04
202400029260,10:30,Plein jour,76,76270,1,1,2,6.0,RD 6382,49.53129,0.1405,10:30:00,2024-03-01
202400029261,18:20,,94,94003,2,1,1,1.0,Avenue Paul Vaillant-couturier,48.8007984,2.34102452,18:20:00,2024-12-17
202400029262,17:00,Plein jour,71,71040,2,1,1,7.0,MACON (ROUTE DE),46.692819,4.39132065,17:00:00,2024-03-03
202400029263,14:05,Plein jour,94,94017,2,3,8,6.0,Avenue Roger Salengro,48.81888,2.48983,14:05:00,2024-12-17
202400029264,22:55,Nuit sans éclairage,71,71486,2,1,2,6.0,MAURICE THOREZ (RUE),46.65617035,4.37087014,22:55:00,2024-03-02
202400029265,11:20,Plein jour,94,94071,2,9,8,3.0,2-9 Place du Clos de Pacy,48.77248,2.51897,11:20:00,2024-12-17
202400029266,21:40,,71,71540,2,6,1,3.0,ABATTOIRS (boulevard des),46.78598,4.43643,21:40:00,2024-03-04
202400029267,08:25,Crépuscule,93,93066,2,9,1,3.0,WILSON (AVENUE DU PRESIDENT),48.91539593,2.35784754,08:25:00,2024-12-17
202400029268,17:05,Plein jour,71,71076,2,1,1,1.0,POMPIDOU (RUE GEORGES),46.77983,4.84536,17:05:00,2024-02-25
202400029269,17:50,,93,93051,2,3,1,6.0,JEAN RICHEPIN,48.84435,2.54545,17:50:00,2024-12-17
202400029270,06:15,,69,69266,2,1,1,4.0,Pont de Cusset,45.76782,4.90524,06:15:00,2024-03-03
202400029271,11:40,Plein jour,93,93051,2,9,8,3.0,JULES VEDRINES (NR PAIRS),48.8422986,2.5672594,11:40:00,2024-12-17
202400029272,20:00,,69,69259,2,3,2,3.0,13 Rue Président Salvador Allende,45.69493,4.89139,20:00:00,2024-03-03
202400029273,12:15,Plein jour,93,93046,2,1,1,6.0,CLICHY CHEMIN DE,48.91681,2.54623,12:15:00,2024-12-17
202400029274,20:20,,69,69271,2,2,2,1.0,Avenue du Progrès,45.73826,4.96921,20:20:00,2024-03-03
202400029275,07:30,Crépuscule,93,93032,2,3,2,6.0,ROND POINT  (RUE DU),48.87305,2.55931,07:30:00,2024-12-17
202400029276,19:20,,69,69271,2,2,3,3.0,Route de Lyon,45.73997,4.953,19:20:00,2024-03-03
202400029277,17:45,,93,93008,2,6,1,1.0,ALLENDE (AVE DU P. SALVADOR),48.90089,2.44122,17:45:00,2024-12-17
202400029278,16:00,Plein jour,69,69271,2,2,3,3.0,Avenue du Progrès,45.72793,4.96337,16:00:00,2024-03-03
202400029279,16:50,Crépuscule,93,93005,2,5,1,6.0,JACQUES DUCLOS [CD44] (RUE),48.94729002,2.49225522,16:50:00,2024-12-17
202400029280,06:55,,64,64102,2,3,1,2.0,SOULT (AVENUE MARECHAL),43.48776,-1.48276,06:55:00,2024-03-04
202400029281,10:25,Plein jour,92,92078,2,2,1,3.0,BRANDIN (RUE),48.93564316,2.33386785,10:25:00,2024-12-17
202400029282,18:00,Plein jour,59,59599,2,2,1,6.0,Rue Racine,50.73697735,3.14466645,18:00:00,2024-03-04
202400029283,13:58,Plein jour,92,92046,2,3,1,6.0,DANTON (RUE),48.82125028,2.29717657,13:58:00,2024-12-17
202400029284,17:10,,92,92073,2,1,1,5.0,DASSAULT (QUAI MARCEL),48.86117,2.2251,17:10:00,2024-12-17
202400029285,09:45,Plein jour,59,59508,2,9,1,6.0,Rue du Dronckaert,50.738945,3.130244,09:45:00,2024-03-04
202400029286,18:54,,92,92077,2,3,1,3.0,MARNES (RUE DE),48.8276338,2.18446165,18:54:00,2024-12-17
202400029287,08:50,Plein jour,59,59183,2,1,1,6.0,STADE - AVENUE,51.03391,2.39138,08:50:00,2024-03-04
202400029288,03:00,,92,92051,2,9,1,6.0,"BINEAU (BOULEVARD, N°133 A 217 ET 134 A",48.88945378,2.27267354,03:00:00,2024-12-16
202400029289,15:50,Plein jour,54,54257,2,1,8,6.0,Rue de Morlaix,48.64143,6.19769,15:50:00,2024-03-04
202400029290,09:13,Plein jour,92,92040,2,2,1,6.0,VICTOR CRESSON (AVENUE) DU 01 AU 27,48.82260559,2.26797078,09:13:00,2024-12-17
202400029291,14:50,Plein jour,54,54395,2,1,8,1.0,Avenue de Boufflers,48.693109,6.141794,14:50:00,2024-03-04
202400029292,18:52,Nuit sans éclairage,92,92025,2,1,2,3.0,STALINGRAD (AV DE),48.93216801,2.26614319,18:52:00,2024-12-16
202400029293,07:45,Crépuscule,54,54547,2,1,1,2.0,Avenue de la Forêt de Haye,48.65117,6.14559,07:45:00,2024-03-04
202400029294,11:15,Plein jour,92,92002,2,3,1,6.0,RABELAIS (AVENUE),48.75325627,2.30916783,11:15:00,2024-12-17
202400029295,21:20,,51,51573,2,1,1,7.0,CARREFOUR (ROUTE DE SOISSONS),49.25396,3.97737,21:20:00,2024-03-04
202400029296,08:00,Crépuscule,60,60553,1,2,1,3.0,D1017,49.46539176,2.65968221,08:00:00,2024-12-18
202400029297,19:00,Nuit sans éclairage,42,42170,1,1,8,3.0,Route du Beaujolais,46.03671,4.13697,19:00:00,2024-02-25
202400029298,10:55,Plein jour,35,35120,1,3,1,3.0,la Chatelleraie,48.2357,-1.805996,10:55:00,2024-12-12
202400029299,07:25,Crépuscule,42,42095,1,1,1,7.0,Rue de Saint-Just-Malmont,45.37843,4.29143,07:25:00,2024-03-04
202400029300,14:00,Plein jour,16,16316,1,1,1,7.0,Rue de la vallade,45.594428,-0.294834,14:00:00,2024-12-17
202400029301,14:50,Plein jour,42,42044,2,1,1,6.0,Allee Paul Gauguin,45.39499475,4.32908245,14:50:00,2024-02-29
202400029302,13:10,Plein jour,06,06161,2,9,1,6.0,193 Route du Bord de Mer,43.641619,7.142385,13:10:00,2024-12-17
202400029303,07:20,Plein jour,37,37261,2,1,1,7.0,MAGINOT (AV. ANDRE),47.41372,0.68676,07:20:00,2024-03-03
202400029304,05:00,Nuit sans éclairage,31,31547,2,1,1,6.0,930 Route de Fonsorbes,43.505949,1.299511,05:00:00,2024-12-18
202400029305,06:15,,34,34172,2,2,1,3.0,FABRE DE MORLHON (BOULEVARD JACQUES),43.58907,3.88479,06:15:00,2024-03-04
202400029306,22:45,Nuit sans éclairage,59,59011,1,1,1,1.0,M41b,50.515746,2.939594,22:45:00,2024-12-12
202400029307,19:00,,33,33063,2,3,2,3.0,Unknown,44.85101,-0.59563,19:00:00,2024-03-04
202400029308,16:36,Crépuscule,60,60176,2,2,1,1.0,Rue Hippolyte Clair,49.23346102,2.89329994,16:36:00,2024-12-17
202400029309,17:20,Plein jour,33,33063,2,1,2,3.0,Unknown,44.87237,-0.56075,17:20:00,2024-03-04
202400029310,15:30,Plein jour,56,56185,2,6,1,1.0,Rue Docteur Dieny,47.788601,-3.419784,15:30:00,2024-07-10
202400029311,08:00,Plein jour,31,31555,2,1,1,2.0,CHE DE LA BOURIETTE,43.60757002,1.37306839,08:00:00,2024-03-04
202400029312,12:10,Plein jour,76,76243,1,1,2,1.0,D93,49.532026,1.361167,12:10:00,2024-12-07
202400029313,07:35,Crépuscule,2B,2B286,1,1,1,3.0,rt10,42.479409,9.481201,07:35:00,2024-12-18
202400029314,19:00,Crépuscule,28,28134,2,3,1,6.0,DUNANT (RUE HENRI),48.737455,1.391956,19:00:00,2024-03-04
202400029315,20:30,Nuit sans éclairage,27,27681,1,1,2,6.0,MAGNY (ROUTE DE),49.0988,1.50542,20:30:00,2024-03-04
202400029316,07:15,Crépuscule,33,33424,1,1,1,1.0,Unknown,45.11579,-0.86654,07:15:00,2024-12-18
202400029317,17:15,,89,89025,2,6,1,1.0,Rue de la Goulotte,47.487915,3.920086,17:15:00,2024-12-18