Num_Acc,hrmn,lum,dep,com,agg,int,atm,col,adr,lat,long,heure,date
202400029318,09:00,Plein jour,27,27681,2,6,1,3.0,JAURES (BOULEVARD JAURES),49.09385,1.46874,09:00:00,2024-03-04
202400029319,23:10,Nuit sans éclairage,89,89233,1,1,1,1.0,D606,47.618,3.75,23:10:00,2024-12-17
202400029320,12:35,Plein jour,27,27229,2,4,1,3.0,VAL ITON (RUE DU),49.03358,1.14662,12:35:00,2024-03-04
202400029321,09:45,Plein jour,63,63211,1,1,1,1.0,Unknown,45.45650641,3.70994845,09:45:00,2024-12-18
202400029322,09:15,Plein jour,26,26313,2,1,1,2.0,N7,44.95776,4.92887,09:15:00,2024-03-04
202400029323,10:50,Plein jour,973,97302,2,2,1,3.0,SOURCE DE BADUEL (CHEMIN DE LA),4.93110729,-52.30915233,10:50:00,2024-04-10
202400029324,07:57,Crépuscule,61,61462,1,1,2,1.0,D2,48.720938,-0.046809,07:57:00,2024-12-18
202400029325,00:45,,972,97209,1,3,1,7.0,RD 41 (ROCADE),14.61573,-61.05758,00:45:00,2024-04-11
202400029326,17:34,Nuit sans éclairage,42,42313,1,1,1,1.0,Route du Pont Rompu,45.72929318,4.00867599,17:34:00,2024-12-18
202400029327,11:40,Plein jour,69,69389,2,3,1,6.0,Avenue Sidoine Apollinaire,45.77512973,4.79445668,11:40:00,2024-04-11
202400029328,08:15,Plein jour,34,34096,1,1,5,6.0,D909,43.551176,3.183643,08:15:00,2024-12-18
202400029329,21:47,,13,13215,2,1,1,2.0,MADRAGUE VILLE (chemin de la),43.34333,5.35351,21:47:00,2024-03-04
202400029330,12:45,Plein jour,29,29202,1,1,1,1.0,D785,48.44576277,-3.88223559,12:45:00,2024-12-18
202400029331,09:30,Plein jour,69,69034,2,1,1,2.0,23 Montée des Soldats,45.79743,4.85493,09:30:00,2024-04-11
202400029332,17:30,Plein jour,13,13203,2,1,1,3.0,RIVOIRE (RUE),43.31354,5.37693,17:30:00,2024-02-24
202400029333,00:42,Nuit sans éclairage,02,02820,1,1,2,7.0,D 1032 Viry-Noureuil,49.6399,3.245366,00:42:00,2024-12-10
202400029334,11:45,Plein jour,15,15184,1,1,1,7.0,RN 122,44.732223,2.198896,11:45:00,2024-12-17
202400029335,09:00,Plein jour,69,69385,2,3,1,3.0,Rue Commandant Charcot,45.75339,4.8047,09:00:00,2024-04-11
202400029336,15:30,Plein jour,13,13005,2,9,1,3.0,GOUMS (AVENUE DES),43.28990858,5.55922543,15:30:00,2024-03-04
202400029337,19:00,,43,43153,2,1,1,6.0,Rue du Velay,45.333995,4.24491763,19:00:00,2024-12-17
202400029338,09:00,Plein jour,973,97309,2,1,3,7.0,Route de Rémire,4.916888,-52.27649,09:00:00,2024-12-18
202400029339,17:20,Plein jour,2A,2A004,2,3,1,3.0,FREDIANI RUE LOUIS,41.92487,8.73891,17:20:00,2024-04-11
202400029340,09:40,Plein jour,13,13001,2,2,1,3.0,ENFANT (RTE DE L'),43.48854,5.38734,09:40:00,2024-03-04
202400029341,11:30,Plein jour,95,95252,2,1,1,6.0,CADET DE VAUX (RUE),48.99061,2.23329,11:30:00,2024-04-10
202400029342,16:20,Plein jour,04,04112,1,1,1,3.0,VOLTA (CHEMIN ALESSANDRO),43.813,5.795,16:20:00,2024-02-20
202400029343,19:24,Plein jour,91,91425,2,2,1,6.0,RUE DU MAILLE,48.6405,2.26846,19:24:00,2024-04-11
202400029344,12:20,Plein jour,02,02738,2,2,1,5.0,107 Rue de Grasse (Vouël),49.6591,3.2792,12:20:00,2024-02-29
202400029345,11:15,Plein jour,91,91692,1,1,1,3.0,R.N 446,48.68333,2.18888,11:15:00,2024-04-11
202400029346,21:00,Nuit avec éclairage,75,75119,2,1,1,3.0,BD PERIPHERIQUE INTERIEUR,48.878879,2.407906,21:00:00,2024-03-03
202400029347,07:30,Crépuscule,75,75120,2,1,1,7.0,ECHANGEUR BAGNOLET,48.86289851,2.41406858,07:30:00,2024-03-03
202400029348,07:04,Crépuscule,91,91477,2,1,1,2.0,GUTEMBERG (RUE),48.70859,2.25601,07:04:00,2024-04-11
202400029349,23:00,,75,75119,2,1,2,4.0,PORTE DE LA VILLETTE,48.900355,2.382103,23:00:00,2024-03-02
202400029350,08:35,Plein jour,89,89387,1,1,7,1.0,CLERIMOIS (RUE DES),48.19108,3.31848,08:35:00,2024-04-10
202400029351,07:55,Plein jour,75,75105,2,2,1,3.0,RUE DU CARDINAL LEMOINE,48.846512,2.351636,07:55:00,2024-03-04
202400029352,09:55,Plein jour,89,89024,2,1,1,1.0,MOULIN DU PRESIDENT (RUE DU),47.80395,3.57913,09:55:00,2024-04-10
202400029353,18:00,Plein jour,75,75120,2,1,1,6.0,AVENUE GAMBETTA,48.863162,2.388587,18:00:00,2024-03-04
202400029354,07:55,Plein jour,88,88160,2,6,1,3.0,CEDRES (AV. DES),48.18582,6.46434,07:55:00,2024-04-11
202400029355,08:30,Plein jour,75,75119,2,3,7,6.0,RUE DE ROMAINVILLE,48.87784,2.403415,08:30:00,2024-03-04
202400029356,19:55,,75,75115,2,1,1,2.0,QUAI BRANLY,48.8563,2.290044,19:55:00,2024-03-04
202400029357,09:45,Plein jour,87,87085,2,2,1,3.0,CARNOT (BOULEVARD),45.83296,1.25894,09:45:00,2024-04-11
202400029358,17:45,Plein jour,75,75115,2,2,1,3.0,AVENUE DE LA PORTE BRANCION,48.825844,2.30022,17:45:00,2024-03-04
202400029359,17:18,Plein jour,87,87085,2,2,3,6.0,VIGENAL (BOULEVARD DU),45.85266,1.25922,17:18:00,2024-04-09
202400029360,14:54,Plein jour,87,87085,2,1,3,2.0,BELLAC (RUE DE),45.85521,1.24962,14:54:00,2024-04-09
202400029361,13:50,Plein jour,75,75113,2,3,1,3.0,BOULEVARD DE L HOPITAL,48.8389,2.360932,13:50:00,2024-03-04
202400029362,08:05,Plein jour,84,84035,2,1,1,2.0,PONT (AVENUE DU),43.830476,5.037189,08:05:00,2024-04-11
202400029363,23:00,,75,75112,2,2,1,3.0,AVENUE DAUMESNIL,48.847308,2.375329,23:00:00,2024-03-03
202400029364,10:45,Plein jour,84,84007,1,1,1,1.0,ROUTE NATIONALE 7-MONTFAVET,43.889,4.92256,10:45:00,2024-04-11
202400029365,15:00,Plein jour,75,75103,2,2,1,3.0,RUE DE TURBIGO,48.865467,2.356089,15:00:00,2024-03-04
202400029366,12:30,Plein jour,83,83137,2,1,1,5.0,STRASBOURG (BD DE ),43.12458,5.9341,12:30:00,2024-04-11
202400029367,11:40,Plein jour,75,75103,2,3,1,6.0,BOULEVARD BEAUMARCHAIS,48.856973,2.368235,11:40:00,2024-03-04
202400029368,09:00,Plein jour,94,94044,2,1,1,2.0,Avenue Jean Monnet,48.7574493,2.48240769,09:00:00,2024-03-04
202400029369,10:00,Plein jour,83,83137,2,3,1,3.0,BAUDIN (BD),43.12814,5.90708,10:00:00,2024-04-11
202400029370,05:07,Nuit sans éclairage,94,94078,2,3,1,3.0,Rue de Paris / Rue Thimonnier,48.75135,2.44521,05:07:00,2024-03-04
202400029371,18:30,Plein jour,80,80021,2,3,1,3.0,Port d'Aval,49.89799,2.29522,18:30:00,2024-04-10
202400029372,07:50,Plein jour,94,94076,2,1,1,3.0,Boulevard Maxime Gorki,48.79430266,2.36908362,07:50:00,2024-03-04
202400029373,14:20,Plein jour,94,94028,2,9,1,3.0,30 Avenue des Compagnons de la Libération,48.78048134,2.45800853,14:20:00,2024-03-03
202400029374,15:29,Plein jour,78,78440,2,1,1,6.0,EUROPE (AVENUE DE L'),48.979608,1.912992,15:29:00,2024-04-11
202400029375,13:00,Plein jour,94,94028,2,3,1,5.0,Rue des Mèches / Avenue du Chemin-de-mesly,48.79275,2.45924,13:00:00,2024-03-03
202400029376,18:30,Plein jour,77,77258,2,2,1,1.0,NICOLAS APPERT (RUE),48.83986,2.62955,18:30:00,2024-04-10
202400029377,14:35,Plein jour,94,94022,2,1,1,6.0,Allee de Provence,48.76380983,2.40802713,14:35:00,2024-03-04
202400029378,08:40,Plein jour,77,77251,2,1,1,7.0,D 402,48.62257,2.54005,08:40:00,2024-04-11
202400029379,18:24,,94,94079,2,2,1,2.0,Boulevard Jean Monnet / Boulevard de Friedberg,48.83494,2.54717,18:24:00,2024-03-03
202400029380,08:05,Plein jour,94,94060,2,3,1,6.0,Avenue Georges Pompidou / Rue Claude Debussy,48.79450722,2.56584565,08:05:00,2024-03-04
202400029381,07:48,Plein jour,77,77296,1,3,1,6.0,AV DE L'EUROPE,48.62893,2.5722,07:48:00,2024-04-10
202400029382,09:10,Plein jour,93,93070,2,2,1,3.0,Rue des Bateliers / Rue la Clef des Champs,48.91314,2.32674,09:10:00,2024-03-04
202400029383,08:00,Plein jour,77,77284,2,4,1,6.0,BUREAU (RUE JEAN),48.95854006,2.87614653,08:00:00,2024-04-11
202400029384,14:45,Plein jour,93,93066,2,3,1,3.0,Avenue du Général de Gaulle / Rue Henri Delaunay,48.9256868,2.36467838,14:45:00,2024-03-04
202400029385,00:40,Nuit sans éclairage,77,77186,1,6,1,7.0,CROIX DE MONTMORIN (CARREFOUR DE LA),48.39008,2.7553,00:40:00,2024-04-11
202400029386,10:20,Plein jour,93,93051,2,2,1,3.0,Rue de la République / Avenue du Général de Gaulle,48.846809,2.558611,10:20:00,2024-03-04
202400029387,20:15,Plein jour,76,76157,2,1,1,6.0,Cote de Canteleu,49.4488,1.047,20:15:00,2024-04-11
202400029388,14:13,Plein jour,93,93064,2,4,1,6.0,Rue d'Estienne d'Orves / A86,48.87264,2.48095,14:13:00,2024-03-04
202400029389,13:20,Plein jour,93,93006,2,3,8,3.0,Avenue Galliéni / Rue Edouard Vaillant,48.858735,2.41469,13:20:00,2024-03-03
202400029390,18:40,Plein jour,74,74305,2,4,1,3.0,VOIRONS (RUE DES),46.20241,6.25589,18:40:00,2024-04-11
202400029391,19:00,,93,93027,2,1,1,3.0,Rue de Genève,48.92495,2.37827,19:00:00,2024-03-03
202400029392,20:30,Crépuscule,74,74010,2,6,1,3.0,CROISEE (DE LA),45.89601,6.11117,20:30:00,2024-04-11
202400029393,08:47,Plein jour,72,72181,2,9,2,3.0,PATTON GENERAL RTE BAUGE A CHEMIN RONDE,47.99576,0.17254,08:47:00,2024-04-11
202400029394,06:00,Crépuscule,92,92076,2,6,8,3.0,COLLEGE Y DU MANOIR (ROUTE NAPO 3 ),48.83287645,2.15036917,06:00:00,2024-03-03
202400029395,15:55,Plein jour,72,72181,2,6,1,3.0,SAVORGNAN DE BRAZZA (AV) N° IMP,48.0089,0.2269,15:55:00,2024-04-10
202400029396,12:48,Plein jour,92,92051,2,2,1,6.0,LONGCHAMP (RUE DE),48.87672207,2.25074074,12:48:00,2024-03-04
202400029397,13:13,Plein jour,71,71153,1,1,1,6.0,MARCEAU (RUE),46.7998,4.4405,13:13:00,2024-04-11
202400029398,15:50,Plein jour,92,92050,2,2,1,3.0,VENETS RUE DES,48.88995591,2.2031951,15:50:00,2024-03-04
202400029399,16:30,Plein jour,69,69264,2,3,1,6.0,Place de la Gare,45.98549,4.72101,16:30:00,2024-04-10
202400029400,07:08,Plein jour,92,92050,2,3,1,1.0,FUSILLES DE LA RESISTANCE RUE DES,48.87783163,2.21610241,07:08:00,2024-03-04
202400029401,13:40,Plein jour,67,67482,2,3,1,3.0,ROBERTSAU (ALLEE DE LA),48.58962,7.76701,13:40:00,2024-04-11
202400029402,08:40,Plein jour,92,92020,2,1,1,2.0,VERDUN AVENUE DE AUTRES N°,48.80167274,2.28481829,08:40:00,2024-03-04
202400029403,15:15,Plein jour,67,67447,2,1,1,6.0,BISCHWILLER (ROUTE DE),48.60724,7.74944,15:15:00,2024-04-10
202400029404,09:00,Plein jour,92,92048,2,1,7,6.0,LOUVOIS (AVENUE),48.80738154,2.23984243,09:00:00,2024-03-04
202400029405,08:10,Plein jour,66,66136,2,1,2,3.0,VIELLEDENT (JEAN),42.69609,2.89959,08:10:00,2024-04-10
202400029406,07:04,Plein jour,92,92036,2,3,1,1.0,PIERRE DE COUBERTIN (BOULEVARD) (PORT ->,48.93572768,2.27964628,07:04:00,2024-03-04
202400029407,23:20,,92,92024,2,2,8,3.0,DOCTEUR DERVAUX  ( QUAI DU ),48.90852293,2.30012298,23:20:00,2024-03-02
202400029408,13:50,Plein jour,64,64445,2,3,1,2.0,PAIX,43.32176944,-0.36357075,13:50:00,2024-04-11
202400029409,09:20,Plein jour,92,92002,2,9,1,3.0,ARISTIDE BRIAND (AVENUE),48.7583,2.3069,09:20:00,2024-03-04
202400029410,08:25,Plein jour,64,64024,2,1,1,7.0,MAIGNON (ROUTE DE),43.47997524,-1.50772735,08:25:00,2024-04-10
202400029411,17:10,Plein jour,24,24329,2,3,3,3.0,Route de Coutras,45.025684,0.050812,17:10:00,2024-03-04
202400029412,15:10,Plein jour,63,63075,2,1,1,2.0,DUCLAUX (BOULEVARD),45.77534,3.07369,15:10:00,2024-04-11
202400029413,07:40,Nuit sans éclairage,17,17425,1,3,2,7.0,RD 117,45.624573,-0.918925,07:40:00,2024-02-09
202400029414,10:30,Plein jour,06,06044,1,1,1,1.0,925 route du Pont de Pierre,43.682738,7.089556,10:30:00,2024-03-05
202400029415,14:04,Plein jour,63,63113,2,1,1,3.0,VIVIANI (RUE),45.81218,3.12038,14:04:00,2024-04-11
202400029416,10:50,Plein jour,06,06130,1,9,4,1.0,Route de Caussols,43.716123,6.86543,10:50:00,2024-03-04
202400029417,12:00,Plein jour,63,63113,2,2,1,4.0,LAFAYETTE (BD),45.76551215,3.10890019,12:00:00,2024-04-11
202400029418,21:00,Nuit sans éclairage,41,41252,1,1,2,2.0,A10 PK 137.800,47.698209,1.442814,21:00:00,2024-03-04
202400029419,23:10,Nuit sans éclairage,56,56251,1,6,2,7.0,Giratoire de Since,47.636716,-2.682778,23:10:00,2024-03-04
202400029420,07:30,Crépuscule,62,62570,1,2,1,6.0,D33,50.39470517,2.87264442,07:30:00,2024-04-10
202400029421,17:50,Plein jour,11,11264,1,1,1,5.0,D6113,43.21115,2.874813,17:50:00,2024-03-05
202400029422,15:55,Plein jour,71,71543,2,2,1,1.0,18 Rue de Beausoleil,46.555762,4.907144,15:55:00,2024-03-05
202400029423,04:30,Nuit sans éclairage,49,49183,1,1,2,6.0,D57 ,47.544203,-1.03588,04:30:00,2024-03-05
202400029424,19:20,Plein jour,62,62758,1,3,5,1.0,D341,50.71726,1.66623,19:20:00,2024-04-11
202400029425,14:00,Plein jour,39,39448,1,3,1,3.0,Unknown,47.006839,5.49644,14:00:00,2024-03-04
202400029426,04:25,Nuit sans éclairage,25,25039,1,1,2,2.0,D461,47.144999,6.451355,04:25:00,2024-03-05
202400029427,22:30,,59,59599,2,2,1,3.0,Rue Saint Blaise,50.73004,3.15534,22:30:00,2024-04-11
202400029428,18:35,Plein jour,85,85008,1,1,2,1.0,"A87 entrée 32 PK 0,660",46.62778353,-1.43674668,18:35:00,2024-03-04
202400029429,11:25,Plein jour,70,70252,1,1,1,6.0,D36 PK 23,47.561825,5.55997,11:25:00,2024-03-04
202400029430,20:25,Nuit avec éclairage,14,14614,2,4,2,7.0,Rue Octave Lemenuel,49.22526,-1.046748,20:25:00,2024-03-04
202400029431,07:45,Crépuscule,59,59378,2,3,2,1.0,Rue Raymond Derain,50.673174,3.092083,07:45:00,2024-04-11
202400029432,00:00,,09,09182,2,1,1,6.0,Rue du port,42.887346,1.349304,00:00:00,2024-03-04
202400029433,22:00,Nuit sans éclairage,38,38048,1,1,1,6.0,948 Route de Vienne,45.600694,5.114188,22:00:00,2024-03-04
202400029434,01:16,Plein jour,06,06085,2,1,1,2.0,508 Avenue General de Gaulle,43.608064,7.010114,01:16:00,2024-03-05
202400029435,07:45,Plein jour,56,56260,2,9,1,3.0,Avenue Georges Pompidou,47.66955,-2.76966,07:45:00,2024-04-11
202400029436,19:20,Plein jour,54,54431,2,3,1,3.0,Rue du Père Hilarion,48.90685,6.041448,19:20:00,2024-04-11
202400029437,15:08,Plein jour,54,54431,2,4,1,6.0,Avenue Eisenhower,48.90304,6.04219,15:08:00,2024-04-11
202400029438,16:25,Plein jour,54,54304,2,1,1,2.0,Avenue de la Résistance,48.69492,6.12417,16:25:00,2024-04-10
202400029439,13:45,Plein jour,51,51454,2,1,1,7.0,HALBWACHS (RUE MAURICE),49.26915,4.00161,13:45:00,2024-04-11
202400029440,11:35,Plein jour,51,51454,2,2,8,3.0,PAIX (BOULEVARD DE LA),49.25389,4.04075,11:35:00,2024-04-11
202400029441,18:10,,75,75101,2,1,1,3.0,PONT NEUF,48.85806,2.34203,18:10:00,2024-01-22
202400029442,17:54,Plein jour,51,51454,2,1,1,6.0,SCHWEITZER (RUE DU DOCTEUR),49.27995,4.02138,17:54:00,2024-04-10
202400029443,17:25,,75,75104,2,3,1,7.0,RUE DE RIVOLI,48.855224,2.361153,17:25:00,2024-01-21
202400029444,07:45,Plein jour,50,50129,2,1,1,7.0,TOURNE PIERRE (RUE DU),49.65688,-1.70909,07:45:00,2024-04-10
202400029445,09:30,Plein jour,94,94078,2,3,2,4.0,192 Rue de Paris,48.739058,2.446595,09:30:00,2024-01-22
202400029446,20:13,Plein jour,47,47323,2,5,1,3.0,DESMOULINS (BD CAMILLE),44.40342,0.70125,20:13:00,2024-04-11
202400029447,02:00,,94,94068,2,6,9,7.0,Avenue Gambetta / Avenue Victoria,48.79416,2.49579,02:00:00,2024-01-21
202400029448,14:25,Plein jour,47,47201,2,1,1,6.0,MARINE (RUE DE LA),44.19795083,0.59792393,14:25:00,2024-04-10
202400029449,16:15,Plein jour,94,94073,2,2,1,3.0,Avenue de Versailles / Av du Mal de Lattre de Tassigny,48.76139665,2.40302593,16:15:00,2024-01-22
202400029450,23:10,,94,94033,2,6,1,6.0,Avenue de Lattre de Tassigny / Rue Carnot,48.85403,2.49312,23:10:00,2024-01-21
202400029451,18:10,Plein jour,43,43041,2,3,1,3.0,Avenue Charles Dupuy,45.04804,3.92325,18:10:00,2024-04-11
202400029452,22:45,,94,94074,2,3,8,6.0,Avenue de la Saussaie du Ban / Rue Daniel Costantini,48.766212,2.458309,22:45:00,2024-01-19
202400029453,18:35,Plein jour,37,37195,2,1,1,6.0,PAGNOL (PLACE MARCEL),47.38948,0.65986,18:35:00,2024-04-11
202400029454,14:45,Plein jour,93,93066,2,3,1,3.0,Boulevard Anatole France / Rue Jules Saulnier,48.92548,2.35067,14:45:00,2024-01-22
202400029455,16:31,Plein jour,37,37122,2,1,1,2.0,RD 86 DE MONTS à TOURS,47.32944289,0.66397548,16:31:00,2024-04-11
202400029456,18:30,,93,93064,2,1,1,6.0,Avenue de la République,48.8686413,2.4851068,18:30:00,2024-01-22
202400029457,16:50,Plein jour,37,37261,2,3,1,2.0,AUBERDIERE (RUE DE L'),47.36571,0.69866,16:50:00,2024-04-10
202400029458,16:21,Plein jour,93,93062,2,2,1,6.0,Allée du Jardin Anglais / Allee Valere Lefebvre,48.897955,2.512919,16:21:00,2024-01-22
202400029459,15:31,Plein jour,37,37261,2,7,1,6.0,JAURES (PLACE JEAN),47.38925,0.68911,15:31:00,2024-04-10
202400029460,12:30,Plein jour,93,93049,2,2,2,3.0,Avenue Georges Clémenceau / Rue Paul Vaillant-Couturier,48.86147981,2.50399768,12:30:00,2024-01-22
202400029461,13:10,Plein jour,93,93006,2,1,2,3.0,Avenue Gambetta,48.86993,2.41652,13:10:00,2024-01-22
202400029462,13:00,Plein jour,35,35051,2,1,1,3.0,FREBARDIERE (RUE DE LA),48.10253,-1.63092,13:00:00,2024-04-11
202400029463,21:10,,93,93008,2,9,1,6.0,Avenue Paul Vaillant - Couturier,48.90558,2.46718,21:10:00,2024-01-22
202400029464,02:15,,34,34154,2,1,1,7.0,VINCI (AVENUE LEONARD DE),43.587037,3.936928,02:15:00,2024-04-11
202400029465,19:50,,93,93005,2,2,1,3.0,Avenue Dumont / Avenue du 14 Juillet,48.929116,2.4953,19:50:00,2024-01-22
202400029466,12:36,Plein jour,34,34032,2,1,1,3.0,RIQUET PIERRE PAUL (ALLEES),43.34326,3.21626,12:36:00,2024-04-09
202400029467,07:50,Crépuscule,92,92046,2,1,8,3.0,PIERRE BROSSOLETTE (AVENUE),48.81586945,2.30528086,07:50:00,2024-01-22
202400029468,09:30,Plein jour,92,92064,2,1,2,5.0,CARNOT,48.84981,2.22387,09:30:00,2024-01-22
202400029469,13:55,Plein jour,29,29019,2,2,2,2.0,boulevard de l'Europe,48.416286,-4.468328,13:55:00,2024-04-10
202400029470,17:00,Plein jour,92,92063,2,9,1,2.0,MONTBRISON (RUE DU LIEUTENANT COLONEL DE,48.85890337,2.19431095,17:00:00,2024-01-22
202400029471,08:20,Plein jour,92,92051,2,2,2,3.0,CHATEAU (BOULEVARD DU),48.88985697,2.26847863,08:20:00,2024-01-22
202400029472,18:56,,92,92050,2,1,1,6.0,BERANGER RUE,48.8957492,2.19643933,18:56:00,2024-01-22
202400029473,17:00,Crépuscule,25,25056,2,2,1,3.0,SANATORIUM CHEMIN DU,47.236886,5.975634,17:00:00,2024-04-11
202400029474,16:00,Plein jour,92,92019,2,8,1,3.0,DIVISION LECLERC (AVENUE DE LA),48.76203953,2.28635967,16:00:00,2024-01-22
202400029475,16:55,Plein jour,25,25056,2,1,1,3.0,GRAY ROUTE DE,47.244,5.991,16:55:00,2024-04-11
202400029476,18:53,,92,92012,2,1,8,4.0,EDOUARD VAILLANT (AVENUE) DEBUT/56 - COT,48.83486,2.24737,18:53:00,2024-01-22
202400029477,12:50,Plein jour,24,24322,2,1,1,3.0,Route de Lyon,45.17886,0.73734,12:50:00,2024-04-10
202400029478,06:25,,92,92012,2,2,1,6.0,CHARLES DE GAULLE (AVENUE) COTE IMPAIR,48.85032203,2.23777682,06:25:00,2024-01-22
202400029479,18:00,Plein jour,19,19031,2,1,9,1.0,ERCKMANN CHATRIAN (AVENUE),45.14842199,1.4960357,18:00:00,2024-04-11
202400029480,20:30,,92,92036,1,1,1,5.0,PIERRE DE COUBERTIN  ( BD ),48.92330116,2.28610843,20:30:00,2024-01-21
202400029481,21:46,Nuit sans éclairage,15,15014,1,1,1,6.0,RD 17,44.95117,2.46553,21:46:00,2024-04-11
202400029482,18:30,,92,92002,2,1,1,3.0,JEAN MONNET (AVENUE),48.74642,2.29663,18:30:00,2024-01-22
202400029483,13:10,Plein jour,35,35126,2,7,1,6.0,Place Saint-martin,47.967959,-1.795208,13:10:00,2024-01-22
202400029484,08:55,Plein jour,15,15014,2,2,1,5.0,RN 122,44.91379,2.43221,08:55:00,2024-04-10
202400029485,06:50,Nuit sans éclairage,47,47169,1,1,8,7.0,Route de la Peyrigne,44.13581449,0.60393476,06:50:00,2024-01-22
202400029486,00:45,,13,13208,2,1,1,2.0,HENRI FRENAY (ROND-POINT),43.25452927,5.37594896,00:45:00,2024-04-11
202400029487,08:15,Plein jour,13,13213,2,1,7,1.0,FRAIS VALLON (AVENUE),43.32517303,5.43387984,08:15:00,2024-04-10
202400029488,20:30,Nuit sans éclairage,68,68300,1,1,2,4.0,RD 55,47.782348,7.43525,20:30:00,2024-01-22
202400029489,19:05,Nuit sans éclairage,01,01173,1,1,4,1.0,Route de la Faucille,46.367524,6.022434,19:05:00,2024-01-18
202400029490,12:05,Plein jour,13,13004,2,2,1,3.0,AV MARECHAL LYAUTEY,43.66999108,4.63379342,12:05:00,2024-04-11
202400029491,11:50,Plein jour,06,06095,2,1,1,7.0,74 Chemin de la Blejarde,43.649379,6.883915,11:50:00,2024-01-21
202400029492,20:00,Plein jour,10,10081,2,9,1,3.0,Avenue de Neckarbischofsheim,48.31107,4.03144,20:00:00,2024-04-10
202400029493,06:50,Nuit sans éclairage,60,60176,1,1,1,6.0,Crépy-en-Valois,49.21577162,2.91318771,06:50:00,2024-01-23
202400029494,07:55,Crépuscule,51,51569,1,1,1,5.0,Route Nationale 31,49.262274,3.942547,07:55:00,2024-01-23
202400029495,19:40,Plein jour,10,10343,2,6,1,3.0,AUGUSTE TERRENOIRE (RUE),48.2812,4.0999,19:40:00,2024-04-10
202400029496,10:05,Plein jour,79,79195,2,1,2,6.0,Unknown,46.94652,-0.593825,10:05:00,2024-01-22
202400029497,07:45,Crépuscule,06,06029,2,9,1,3.0,Boulevard du Perier,43.565929,7.002217,07:45:00,2024-04-11
202400029498,13:30,Plein jour,2A,2A271,1,1,7,2.0,D161,41.98058391,8.82628879,13:30:00,2024-01-18
202400029499,18:25,Plein jour,01,01053,2,3,1,3.0,MAIL (AVENUE DU ),46.201918,5.210568,18:25:00,2024-04-11
202400029500,16:15,Plein jour,80,80253,2,1,1,2.0,62 Route de Milly - Hameau de Milly,50.170226,2.369163,16:15:00,2024-01-22
202400029501,17:10,Plein jour,75,75114,2,1,1,2.0,BD PERIPHERIQUE INTERIEUR,48.820678,2.323145,17:10:00,2024-04-10
202400029502,13:05,Plein jour,65,65004,1,1,1,3.0,D821,43.037534,-0.064514,13:05:00,2024-01-21
202400029503,15:45,Plein jour,32,32096,2,1,3,6.0,N524,43.932038,-0.053392,15:45:00,2024-01-15
202400029504,19:50,Crépuscule,75,75117,2,1,1,4.0,BD PERIPHERIQUE INTERIEUR,48.888588,2.293597,19:50:00,2024-04-09
202400029505,09:10,Plein jour,32,32088,1,1,1,6.0,route du chateau de batz,43.722591,0.245208,09:10:00,2024-01-19
202400029506,00:20,,75,75119,2,2,1,3.0,AVENUE DE LA PORTE DES LILAS,48.877256,2.406818,00:20:00,2024-04-11
202400029507,16:50,Plein jour,61,61448,2,2,1,3.0,Voie Communale,48.351534,0.810287,16:50:00,2024-01-22
202400029508,14:00,Plein jour,34,34300,1,1,1,1.0,D18,43.412234,3.325875,14:00:00,2024-01-22
202400029509,18:30,Plein jour,75,75120,2,3,1,6.0,AVENUE BENOIT FRACHON,48.852111,2.415694,18:30:00,2024-04-10
202400029510,15:20,Plein jour,75,75120,2,1,1,6.0,RUE PELLEPORT,48.87451,2.397916,15:20:00,2024-04-10
202400029511,05:40,Nuit sans éclairage,39,39103,1,1,1,5.0,Unknown,46.986005,5.853202,05:40:00,2024-01-23
202400029512,14:10,Plein jour,75,75119,2,4,8,6.0,AVENUE SIMON BOLIVAR,48.876055,2.381319,14:10:00,2024-04-11
202400029513,16:35,Plein jour,66,66090,1,1,1,1.0,Unknown,42.56186299,2.29141384,16:35:00,2024-01-23
202400029514,11:20,Plein jour,75,75119,2,2,1,3.0,RUE HAXO,48.878704,2.401602,11:20:00,2024-04-11
202400029515,11:30,Plein jour,72,72193,1,9,9,6.0,Lieu Dit Mehisson,48.09122837,0.806247,11:30:00,2024-01-20
202400029516,13:10,Plein jour,75,75116,2,1,1,3.0,RUE HENRY DE LA VAULX,48.834986,2.25888,13:10:00,2024-04-10
202400029517,15:35,Plein jour,06,06079,2,6,1,6.0,avenue marechal juin,43.53679,6.934789,15:35:00,2024-01-23
202400029518,09:40,Plein jour,75,75115,2,2,1,6.0,RUE DE DANTZIG,48.830962,2.296436,09:40:00,2024-04-11
202400029519,10:30,Plein jour,64,64005,1,1,1,1.0,D2,43.362099,-0.572534,10:30:00,2024-01-23
202400029520,23:10,,75,75113,2,2,1,3.0,RUE DE PATAY,48.824428,2.376409,23:10:00,2024-04-11
202400029521,10:05,Plein jour,27,27304,2,1,1,6.0,39 Rue de la Vallée,49.218981,1.678038,10:05:00,2024-01-21
202400029522,23:25,,75,75113,2,1,1,6.0,BOULEVARD DU GENERAL JEAN SIMON,48.825122,2.379718,23:25:00,2024-04-10
202400029523,10:19,Plein jour,30,30133,2,6,1,3.0,Unknown,43.54121475,4.13355768,10:19:00,2024-01-22
202400029524,14:15,Plein jour,75,75112,2,2,1,1.0,RUE DE CHARENTON,48.837323,2.39124,14:15:00,2024-04-11