Num_Acc,hrmn,lum,dep,com,agg,int,atm,col,adr,lat,long,heure,date
202400029525,12:20,Plein jour,71,71506,1,1,2,6.0,A39,46.64815956,5.40563822,12:20:00,2024-01-22
202400029526,00:01,,75,75111,2,3,1,2.0,BOULEVARD RICHARD LENOIR,48.860124,2.37265,00:01:00,2024-04-11
202400029527,00:55,,988,98817,2,3,1,6.0,RPS1/Rue du Vieux Pont,-22.234228,166.57467,00:55:00,2024-01-21
202400029528,10:00,Plein jour,971,97116,2,6,1,6.0,boulevard rosa parks,16.328536,-61.449022,10:00:00,2024-01-22
202400029529,10:40,Plein jour,75,75110,2,7,1,6.0,PLACE DE STALINGRAD,48.883835,2.368591,10:40:00,2024-04-11
202400029530,07:10,,78,78389,2,1,2,6.0,1 Place Louis Valton,48.8018,1.815324,07:10:00,2024-01-22
202400029531,16:00,Plein jour,68,68154,2,1,2,6.0,14 Rue de Berne,47.773166,7.38955,16:00:00,2024-01-22
202400029532,18:00,,01,01202,2,6,2,6.0,Avenue Montferrand,45.898816,5.347252,18:00:00,2024-01-22
202400029533,13:17,Plein jour,75,75107,2,3,1,3.0,QUAI D ORSAY,48.862869,2.315201,13:17:00,2024-04-11
202400029534,17:25,Crépuscule,69,69159,1,3,2,3.0,Route de Tarare,45.96532334,4.67010693,17:25:00,2024-01-22
202400029535,18:20,,69,69287,2,1,2,2.0,106 Avenue Charles de Gaulle,45.696166,5.019547,18:20:00,2024-01-23
202400029536,02:18,,75,75107,2,1,1,6.0,QUAI BRANLY,48.85944,2.29407,02:18:00,2024-04-11
202400029537,07:10,Nuit sans éclairage,17,17225,2,1,1,6.0,Avenue Pierre Sibard,45.713027,-1.136634,07:10:00,2024-01-23
202400029538,06:00,Nuit sans éclairage,86,86019,1,1,1,2.0,D910,46.72714,0.430074,06:00:00,2024-01-21
202400029539,10:50,Plein jour,29,29057,2,6,1,7.0,Route de Fouesnant,47.90645427,-3.98976712,10:50:00,2024-01-16
202400029540,23:48,,75,75107,2,2,1,3.0,AVENUE DE LA MOTTE PICQUET,48.857264,2.309934,23:48:00,2024-04-10
202400029541,03:30,Nuit sans éclairage,60,60612,1,1,1,2.0,D1330,49.22538559,2.58188581,03:30:00,2024-01-23
202400029542,21:35,,75,75107,2,7,1,3.0,PLACE DE L ECOLE MILITAIRE,48.854414,2.305254,21:35:00,2024-04-09
202400029543,14:51,Plein jour,75,75102,2,7,1,3.0,PLACE DE L OPERA,48.87026,2.3324,14:51:00,2024-04-10
202400029544,17:45,Nuit sans éclairage,62,62503,1,1,1,5.0,A16,50.86141684,1.73639903,17:45:00,2024-01-22
202400029545,08:40,Plein jour,94,94068,2,1,8,3.0,25 Quai Winston Churchill,48.79222,2.52156,08:40:00,2024-04-09
202400029546,18:00,Nuit sans éclairage,59,59188,1,1,4,1.0,Rue du Calvaire,50.193568,3.901278,18:00:00,2024-01-20
202400029547,17:30,Plein jour,59,59524,2,2,1,1.0,Rue Gambetta,50.56409,2.897512,17:30:00,2024-05-21
202400029548,12:05,Plein jour,94,94033,2,2,1,1.0,Avenue du Président Roosevelt / Avenue des Marronniers,48.843,2.4648,12:05:00,2024-04-11
202400029549,19:30,Nuit sans éclairage,13,13210,2,1,1,3.0,A50-Sens Aubagne vers Marseille,43.28522,5.42149,19:30:00,2024-01-17
202400029550,20:45,Plein jour,69,69266,1,1,1,3.0,Route Départementale 383   ,45.76319122,4.90937814,20:45:00,2024-05-19
202400029551,16:15,Plein jour,67,67204,1,1,1,6.0,BRETELLE DE SORTIE,48.62196,7.72662,16:15:00,2024-01-03
202400029552,06:00,Crépuscule,54,54150,1,1,1,6.0,Autoroute A 31,48.76572,6.1443,06:00:00,2024-05-19
202400029553,18:20,Plein jour,94,94079,2,3,1,3.0,Boulevard Jean Monnet / Parking IKEA,48.82857,2.52843,18:20:00,2024-04-11
202400029554,14:40,Plein jour,67,67447,1,1,1,2.0,M35,48.61072,7.72668,14:40:00,2024-05-16
202400029555,13:47,Plein jour,91,91345,1,1,2,4.0,AUTOROUTE A6,48.688224,2.325074,13:47:00,2024-01-22
202400029556,18:20,Plein jour,94,94055,2,3,1,3.0,Rue d'Amboile / Rue d'Aguesseau,48.78900743,2.5314568,18:20:00,2024-04-10
202400029557,10:50,Plein jour,33,33063,1,1,1,4.0,Unknown,44.88042,-0.53946,10:50:00,2024-05-20
202400029558,08:10,Plein jour,78,78362,1,1,3,4.0,A13,48.976049,1.721586,08:10:00,2024-01-22
202400029559,14:17,Plein jour,94,94018,2,3,1,2.0,Rue de Paris / Rue Félix Langlais,48.8287,2.40242,14:17:00,2024-04-10
202400029560,13:50,Plein jour,78,78029,1,1,1,6.0,A13W,48.964146,1.84457,13:50:00,2024-01-21
202400029561,18:20,Plein jour,94,94017,1,1,2,5.0,A4,48.82648029,2.52228801,18:20:00,2024-05-20
202400029562,17:50,Plein jour,93,93071,2,3,1,2.0,Avenue John Fitzgerald Kennedy / Rue Charlie Chaplin,48.93772,2.51396,17:50:00,2024-04-10
202400029563,00:01,Nuit sans éclairage,77,77058,1,1,1,2.0,A4,48.82883722,2.73090654,00:01:00,2024-05-18
202400029564,18:14,Plein jour,93,93064,2,7,1,7.0,Place Félix Eboué,48.882672,2.481632,18:14:00,2024-04-10
202400029565,06:00,Nuit sans éclairage,78,78291,1,1,9,5.0,A13,48.965618,1.750983,06:00:00,2024-01-21
202400029566,14:25,Plein jour,80,80001,2,1,1,6.0,AMIENS (d'),50.10302,1.8525,14:25:00,2024-03-03
202400029567,12:52,Plein jour,04,04070,2,9,1,6.0,ARNOUX (R. DU CAP.),44.09546,6.23555,12:52:00,2024-01-24
202400029568,21:55,,93,93050,2,1,1,6.0,Avenue de Verdun,48.860312,2.536904,21:55:00,2024-04-10
202400029569,10:45,Plein jour,95,95607,1,1,2,2.0,A115,49.02112824,2.21140244,10:45:00,2024-01-22
202400029570,14:35,Plein jour,88,88429,2,1,1,3.0,D 157,48.05046,6.58245,14:35:00,2024-02-05
202400029571,17:46,Plein jour,77,77083,2,1,7,6.0,BEL AIR,48.85536518,2.58260697,17:46:00,2024-04-10
202400029572,01:10,Nuit sans éclairage,95,95277,1,1,6,6.0,A3,48.9744287,2.488344,01:10:00,2024-01-22
202400029573,23:45,,987,98735,2,9,1,7.0,POMARE V (AVENUE),-17.5323,-149.56734,23:45:00,2024-05-17
202400029574,04:30,,972,97209,2,1,2,6.0,CHEVALIER SAINTE-MARTHE (BOULEVARD),14.60199,-61.06704,04:30:00,2024-01-21
202400029575,11:20,Plein jour,93,93007,2,6,1,2.0,ARISTIDE BRIAND     Z2 (DU 148 AU 232),48.94709194,2.45862007,11:20:00,2024-04-10
202400029576,12:45,Plein jour,974,97411,2,4,1,3.0,CHAUDRON  (BLD 1 DU),-20.89562,55.49489,12:45:00,2024-05-19
202400029577,04:30,,69,69149,2,1,8,3.0,Boulevard Emile Zola,45.71949094,4.80561627,04:30:00,2024-01-21
202400029578,12:45,Plein jour,973,97302,2,3,1,1.0,TROUBIRAN (CHEMIN DE),4.92691171,-52.3034901,12:45:00,2024-05-16
202400029579,21:50,,92,92063,2,2,1,3.0,DOUMER (AVENUE PAUL) EST,48.88125927,2.18426549,21:50:00,2024-04-10
202400029580,15:30,Plein jour,971,97101,1,1,1,1.0,PENNEL - DUGAZON (CHEMIN),16.24683,-61.51375,15:30:00,2024-01-21
202400029581,17:40,Plein jour,69,69034,2,1,1,2.0,18 Cours Aristide Briand,45.78153,4.84272,17:40:00,2024-05-19
202400029582,23:11,,92,92020,2,1,1,2.0,PARIS AVENUE DE N°84 A FIN,48.81057062,2.29917097,23:11:00,2024-04-11
202400029583,16:00,Plein jour,91,91114,2,1,1,3.0,RTE NATIONALE 6,48.68116,2.4929,16:00:00,2024-01-21
202400029584,19:50,Plein jour,69,69381,2,1,1,1.0,22 Rue de l'Annonciade,45.7696,4.82835,19:50:00,2024-05-19
202400029585,19:30,Nuit sans éclairage,84,84087,2,1,1,3.0,GAULLE (AVENUE CHARLES DE),44.13739,4.8007,19:30:00,2024-01-21
202400029586,12:13,Plein jour,92,92048,2,1,1,3.0,PEPINIERE (RUE DE LA),48.78522021,2.22530481,12:13:00,2024-04-11
202400029587,23:35,,971,97101,1,1,1,3.0,MARECHAL LECLERC,16.25539,-61.53009,23:35:00,2024-05-18
202400029588,20:00,,83,83050,2,1,1,6.0,TRANS(RUE DE) ,43.53707096,6.46808034,20:00:00,2024-01-16
202400029589,21:45,,92,92036,2,3,1,6.0,ROLLET SALVAN (RUE),48.93348,2.29963,21:45:00,2024-04-11
202400029590,16:15,Plein jour,971,97113,2,4,1,3.0,GENERAL DE GAULLE (AVENUE),16.20637,-61.49428,16:15:00,2024-05-17
202400029591,17:10,Plein jour,81,81021,2,1,1,1.0,THORE,43.50762,2.37592,17:10:00,2024-01-21
202400029592,19:20,Plein jour,2A,2A004,1,1,1,7.0,Ajaccio,41.933602,8.648225,19:20:00,2024-05-19
202400029593,09:31,Plein jour,92,92026,2,1,1,3.0,COLOMBES,48.89986579,2.25648254,09:31:00,2024-04-11
202400029594,09:55,Plein jour,2A,2A004,2,2,1,3.0,14 Rue Lucien Bonaparte,41.91202,8.72272,09:55:00,2024-05-19
202400029595,12:00,Plein jour,81,81065,2,5,1,3.0,JUIN (ALL. ALPHONSE),43.60177,2.24058,12:00:00,2024-01-20
202400029596,17:05,Plein jour,92,92025,2,1,1,6.0,CHARLES DE GAULLE (BD),48.91435,2.22904,17:05:00,2024-04-11
202400029597,03:20,,2A,2A004,2,1,1,6.0,NICOLI JEAN COURS,41.93407,8.7451,03:20:00,2024-05-19
202400029598,15:50,Plein jour,74,74012,2,1,1,2.0,GENEVE (RUE DE),46.19291,6.22542,15:50:00,2024-01-21
202400029599,13:25,Plein jour,75,75116,2,1,1,3.0,ANATOLE FRANCE (BOULEVARD) 1/4BIS,48.85179205,2.2312113,13:25:00,2024-04-10
202400029600,15:30,Plein jour,69,69275,2,1,8,3.0,Avenue Franklin Roosevelt,45.75874595,4.93639097,15:30:00,2024-01-19
202400029601,08:00,Plein jour,91,91657,2,2,1,3.0, PAUL VAILLANT COUTURIER (AVENUE),48.69659,2.43595,08:00:00,2024-05-19
202400029602,19:41,,63,63113,2,3,1,1.0,JB Dumas / Barbier Daubrée,45.7865,3.09126,19:41:00,2024-01-21
202400029603,18:10,Plein jour,88,88160,2,1,1,3.0,BOURG (RUE LEOPOLD-),48.17607,6.44737,18:10:00,2024-05-14
202400029604,01:00,Nuit sans éclairage,45,45232,1,1,1,2.0,D2020 PR 36 + 500,47.83723,1.91555,01:00:00,2024-01-21
202400029605,16:10,Plein jour,39,39364,1,1,1,1.0,Unknown,46.781283,5.869188,16:10:00,2024-04-12
202400029606,16:10,Plein jour,38,38151,2,1,1,3.0,HONHOUE (AVE D' ),45.1511,5.70925,16:10:00,2024-01-20
202400029607,19:30,Plein jour,84,84007,2,2,1,1.0,CROIX ROUGE( Avenue de la ),43.93182,4.83023,19:30:00,2024-05-19
202400029608,14:00,Plein jour,40,40304,2,2,1,3.0,2333 Route des Lacs,43.665342,-1.401519,14:00:00,2024-04-12
202400029609,13:30,Plein jour,83,83034,2,6,1,3.0,AVENUE GENERAL DE GAULLE,43.0881,6.07762,13:30:00,2024-05-19
202400029610,00:26,,37,37261,2,2,1,3.0,BOYER (RUE LEON),47.39286,0.67236,00:26:00,2024-01-21
202400029611,07:40,Plein jour,17,17133,2,1,1,3.0,rue du jardin public,45.596601,-0.709616,07:40:00,2024-04-12
202400029612,14:35,Plein jour,34,34172,2,1,1,7.0,MILHAUD (BOULEVARD BENJAMIN),43.61064,3.85662,14:35:00,2024-01-20
202400029613,12:50,Plein jour,78,78517,2,1,8,3.0,METAIRIE (RUE PIERRE),48.622987,1.82874,12:50:00,2024-05-19
202400029614,19:15,,32,32013,2,1,1,6.0,SADI-CARNOT (BOULEVARD),43.64505,0.58764,19:15:00,2024-01-21
202400029615,14:30,Plein jour,71,71448,1,1,1,2.0,Autoroute A6 Sens LYON/PARIS PK 379+400,46.380422,4.847229,14:30:00,2024-04-12
202400029616,16:45,Plein jour,77,77377,1,1,1,2.0,RD 471,48.70778,2.69591,16:45:00,2024-05-19
202400029617,02:05,Nuit sans éclairage,25,25388,2,1,1,6.0,FOCH (AVENUE DU MARECHAL),47.515711,6.795542,02:05:00,2024-01-21
202400029618,10:30,Plein jour,68,68145,1,1,1,7.0,D415,48.065644,7.39707,10:30:00,2024-04-12
202400029619,18:10,Plein jour,22,22360,2,1,2,6.0,RD700,48.47816,-2.76809,18:10:00,2024-01-21
202400029620,01:15,Nuit avec éclairage,57,57690,1,1,1,6.0,D910a,49.0768307,6.6936926,01:15:00,2024-04-12
202400029621,15:05,Plein jour,22,22113,2,1,1,6.0,HERVIOU (RUE YVES MARIE),48.74596,-3.4849,15:05:00,2024-01-20
202400029622,18:30,Plein jour,01,01427,2,1,1,3.0,572 Route de Lyon,45.934319,4.792654,18:30:00,2024-04-11
202400029623,12:45,Plein jour,77,77518,1,9,1,6.0,CARREFOUR(CENTRE COMMERCIAL),48.50074,2.58286,12:45:00,2024-05-19
202400029624,16:45,Plein jour,22,22113,1,1,4,6.0,ROSPEZ (ROUTE DE),48.73341,-3.42177,16:45:00,2024-01-19
202400029625,13:20,Plein jour,13,13102,2,1,1,3.0,CHARLES PEGUY (RUE ),43.41455,5.2341,13:20:00,2024-01-21
202400029626,06:50,Plein jour,51,51078,1,1,1,7.0,D21,49.078972,4.350843,06:50:00,2024-04-12
202400029627,16:15,Plein jour,76,76476,2,3,1,3.0,DUFY  RAOUL (RUE),49.48630099,0.58686205,16:15:00,2024-05-18
202400029628,17:05,Plein jour,13,13075,2,1,1,2.0,FREDERIC MISTRAL (AVE),43.351852,5.475831,17:05:00,2024-01-21
202400029629,02:35,Nuit sans éclairage,71,71040,1,1,5,7.0,MONTCHEVRIER (CHEMIN DE),46.68335,4.41312,02:35:00,2024-05-19
202400029630,15:20,Plein jour,38,38239,1,1,1,1.0,Rue Vincent Martin,45.324909,5.582637,15:20:00,2024-04-11
202400029631,17:02,Plein jour,72,72008,2,1,1,2.0,Boulevard Pierre Lefaucheux,47.953396,0.180008,17:02:00,2024-04-10
202400029632,14:30,Plein jour,13,13209,2,1,1,3.0,LUDOVIC LEGRE (AVENUE),43.25091907,5.39818345,14:30:00,2024-01-20
202400029633,17:50,Plein jour,71,71270,2,3,1,3.0,Route de Lyon,46.28484,4.80728,17:50:00,2024-05-18
202400029634,10:53,Plein jour,72,72350,2,7,1,6.0,Place de Verdun,47.887375,0.269444,10:53:00,2024-04-10
202400029635,22:00,Nuit sans éclairage,13,13001,1,1,1,2.0,RD 543,43.52992,5.35142,22:00:00,2024-01-21
202400029636,01:05,,69,69286,2,1,1,6.0,Route de Strasbourg,45.82038,4.89585,01:05:00,2024-05-20
202400029637,03:15,Nuit avec éclairage,69,69266,2,1,1,2.0,Boulevard Laurent Bonnevay,45.78754,4.8826,03:15:00,2024-05-19
202400029638,17:30,,75,75118,2,1,1,2.0,BD PERIPHERIQUE INTERIEUR,48.901013,2.349407,17:30:00,2024-01-21
202400029639,19:05,Plein jour,76,76295,1,1,1,1.0,D919,49.658211,1.659107,19:05:00,2024-04-11
202400029640,01:00,,33,33318,2,1,2,6.0,Unknown,44.81224,-0.64305,01:00:00,2024-09-01
202400029641,12:30,Plein jour,69,69266,2,2,3,1.0,Boulevard Laurent Bonnevay,45.78757888,4.8812587,12:30:00,2024-05-18
202400029642,05:30,,75,75115,2,1,2,2.0,QUAI D ISSY LES MOULINEAUX,48.834914,2.265397,05:30:00,2024-01-21
202400029643,15:00,Plein jour,76,76509,1,1,1,5.0,D61,49.495797,1.196854,15:00:00,2024-04-12
202400029644,13:20,Plein jour,33,33063,2,1,8,3.0,Unknown,44.84344,-0.58334,13:20:00,2024-09-01
202400029645,11:55,Plein jour,68,68066,2,1,1,6.0,STRASBOURG (ROUTE DE),48.10875,7.36359,11:55:00,2024-05-18
202400029646,17:25,,75,75112,2,1,1,2.0,BD PERIPHERIQUE EXTERIEUR,48.830171,2.402188,17:25:00,2024-01-20
202400029647,09:30,Plein jour,2A,2A324,1,1,2,7.0,RT 20,42.074798,8.995121,09:30:00,2024-04-10
202400029648,20:30,Crépuscule,64,64335,2,1,2,7.0,NOVELLA,43.32339,-0.42056,20:30:00,2024-05-19
202400029649,17:15,Plein jour,33,33200,2,3,1,3.0,Unknown,44.863255,-0.665958,17:15:00,2024-08-31
202400029650,12:00,Plein jour,71,71340,2,3,1,2.0,5 rue du plan d'eau,46.562422,4.224841,12:00:00,2024-04-12
202400029651,17:05,Plein jour,75,75112,2,1,4,3.0,PORTE DE CHARENTON,48.831344,2.404078,17:05:00,2024-01-19
202400029652,15:25,Plein jour,63,63113,2,2,1,3.0,rue de la Cerisiere /  rue de Marmillat,45.79410148,3.11244607,15:25:00,2024-05-19
202400029653,05:00,Nuit sans éclairage,71,71582,1,1,1,6.0,route de montceau (La Vineuse),46.4691988,4.62090829,05:00:00,2024-04-12
202400029654,17:35,Plein jour,62,62764,2,1,1,6.0,Rue Mediolanaise,50.30491,2.792,17:35:00,2024-05-18
202400029655,17:40,Plein jour,33,33529,2,6,1,7.0,Unknown,44.63085,-1.20192,17:40:00,2024-09-01
202400029656,22:15,,59,59152,2,1,1,6.0,FLANDRE (RUE DE),50.7525,3.0076,22:15:00,2024-05-19
202400029657,19:00,Plein jour,63,63125,1,1,1,1.0,D304,45.73303379,3.52826716,19:00:00,2024-04-12
202400029658,16:10,Plein jour,75,75117,2,4,1,3.0,PORTE DE CLICHY,48.89780219,2.31314152,16:10:00,2024-01-19
202400029659,12:40,Plein jour,49,49336,1,1,1,7.0,D171,47.048414,-0.622423,12:40:00,2024-04-12
202400029660,19:40,Plein jour,59,59599,2,2,1,3.0,Rue du Roitelet,50.73718,3.17098,19:40:00,2024-05-19
202400029661,16:15,Plein jour,75,75117,2,2,1,7.0,BOULEVARD D AURELLE DE PALADINES,48.882601,2.282755,16:15:00,2024-01-21
202400029662,19:10,Plein jour,12,12167,1,1,1,6.0,lieu-dit Les Pelayries,44.230656,1.964772,19:10:00,2024-04-12
202400029663,21:45,Crépuscule,59,59512,2,9,1,3.0,Pierre de ROUBAIX (rue),50.68784,3.18938,21:45:00,2024-05-19
202400029664,07:01,Crépuscule,44,44061,1,1,8,6.0,La Ville Aubert,47.2373774,-1.9445917,07:01:00,2024-04-12
202400029665,00:30,,75,75117,2,3,1,7.0,AVENUE MAC MAHON,48.877911,2.294385,00:30:00,2024-01-20
202400029666,15:10,Plein jour,38,38029,2,1,1,3.0,653 Route de Lyon,45.577324,5.51992,15:10:00,2024-04-12
202400029667,15:45,Plein jour,59,59560,2,6,1,1.0,Avenue de l'Épinette,50.55752,3.05876,15:45:00,2024-05-19
202400029668,15:25,Plein jour,75,75115,2,1,1,1.0,QUAI ANDRE CITROEN,48.847245,2.279192,15:25:00,2024-01-21
202400029669,12:30,Plein jour,31,31555,2,4,1,3.0,ALL CHARLES DE FITTE,43.60104,1.42863,12:30:00,2024-09-01
202400029670,16:15,Plein jour,59,59009,2,1,7,7.0,Rue Elisee Reclus,50.60763,3.13312,16:15:00,2024-05-19
202400029671,15:00,Plein jour,02,02286,2,3,1,1.0,13 Route du Grand Wez,49.982965,3.779018,15:00:00,2024-04-12
202400029672,15:20,Plein jour,75,75112,2,1,1,3.0,AVENUE LEDRU ROLLIN,48.850023,2.374814,15:20:00,2024-01-21
202400029673,14:50,Plein jour,59,59350,2,1,1,1.0,Rue de Wazemmes,50.62307,3.05643,14:50:00,2024-05-19
202400029674,15:45,Plein jour,75,75110,2,1,1,6.0,RUE DU FAUBOURG SAINT MARTIN,48.87667,2.360893,15:45:00,2024-01-21
202400029675,16:45,Plein jour,72,72146,1,9,1,3.0,"Lieu-dit ""la belle étoile""",47.9000879,0.15842294,16:45:00,2024-04-11
202400029676,13:30,Plein jour,59,59410,2,1,1,6.0,8 MAI 1945 RUE DU,50.637435,3.115241,13:30:00,2024-05-17
202400029677,17:28,Plein jour,56,56260,2,1,1,7.0,Rue de l'Amiral Ronarc'H,47.6394,-2.77136,17:28:00,2024-05-19
202400029678,23:10,Nuit sans éclairage,18,18033,1,1,1,2.0,Avenue d'Issoudun,47.0574,2.35881,23:10:00,2024-09-01
202400029679,18:10,Plein jour,14,14610,2,1,1,1.0,22 Rue de Bouliesse,49.185645,-0.503477,18:10:00,2024-04-12
202400029680,07:14,,75,75110,2,3,1,3.0,BOULEVARD DE MAGENTA,48.873264,2.358767,07:14:00,2024-01-21
202400029681,18:50,,75,75116,2,1,1,6.0,AVENUE RAPHAEL,48.860983,2.26793,18:50:00,2024-01-21
202400029682,09:16,Plein jour,73,73010,2,1,1,3.0,D991C - Rue de la Chambotte,45.785802,5.945087,09:16:00,2024-04-12
202400029683,14:45,Plein jour,54,54395,2,2,1,3.0,Rue Jeanne d'Arc,48.68342889,6.17344201,14:45:00,2024-05-19
202400029684,06:35,,75,75101,2,1,1,6.0,QUAI DES TUILERIES,48.863117,2.32336,06:35:00,2024-01-21
202400029685,21:15,,10,10268,2,1,1,2.0,Aiguillage,48.5028,3.4986,21:15:00,2024-04-11
202400029686,00:25,,75,75104,2,3,1,1.0,PLACE DE LA BASTILLE,48.85382,2.3682,00:25:00,2024-01-20
202400029687,14:50,Plein jour,31,31555,2,3,2,2.0,AV DE LATTRE DE TASSIGNY,43.581277,1.438459,14:50:00,2024-05-19
202400029688,12:58,Plein jour,14,14333,2,3,1,3.0,10 Rue Montpensier,49.41938,0.23303,12:58:00,2024-09-01
202400029689,10:55,Plein jour,31,31483,2,1,1,6.0,GAMBETTA (BOULEVARD),43.105015,0.728415,10:55:00,2024-05-19
202400029690,23:30,,85,85234,2,6,1,7.0,291 Route de Notre-Dame-de-Monts,46.811769,-2.116805,23:30:00,2024-04-11
202400029691,21:26,,94,94046,2,2,8,1.0,Rue du Maréchal de Lattre de Tassigny / Rue de la Belle Image,48.81221979,2.43480675,21:26:00,2024-01-21
202400029692,22:00,Nuit sans éclairage,14,14437,2,1,1,7.0,D613,49.16286,-0.30273,22:00:00,2024-09-01
202400029693,09:30,Plein jour,22,22113,1,1,1,2.0,TREBEURDEN (ROUTE DE),48.75233957,-3.50953717,09:30:00,2024-05-18
202400029694,14:40,Plein jour,28,28323,1,2,1,3.0,D 20,48.659108,1.205106,14:40:00,2024-04-12
202400029695,02:30,,94,94046,2,2,1,3.0,Avenue du Général Leclerc / Avenue de la République,48.80577,2.44092,02:30:00,2024-01-21
202400029696,17:10,Plein jour,48,48105,1,1,1,3.0,D26,44.767882,3.769083,17:10:00,2024-04-12
202400029697,08:45,Plein jour,17,17306,2,6,2,3.0,REGAZZONI (AVENUE CHARLES),45.63778,-1.03976,08:45:00,2024-05-17
202400029698,06:15,Nuit avec éclairage,13,13206,2,1,1,2.0,ARMENY (RUE D'),43.29091016,5.37970864,06:15:00,2024-09-01
202400029699,19:20,,94,94003,2,2,8,2.0,Avenue du General Malleret Joinville / Avenue Paul Vaillant-Couturier,48.802103,2.338945,19:20:00,2024-01-21
202400029700,12:30,Plein jour,88,88486,2,1,1,1.0,Rue d'Ouffet,48.004962,6.717732,12:30:00,2024-04-11
202400029701,15:30,Plein jour,13,13209,2,1,1,1.0,COL DE LA GINESTE D559,43.23982,5.45652,15:30:00,2024-09-01
202400029702,11:05,Plein jour,44,44069,1,1,1,1.0,Route de Herbignac,47.35083,-2.4223,11:05:00,2024-04-11
202400029703,14:00,Plein jour,63,63014,1,9,1,6.0,A75 diffuseur 2 sortie Paris -Aubière  (sens 1),45.744377,3.145051,14:00:00,2024-04-11
202400029704,11:20,Plein jour,12,12145,2,1,1,1.0,LAURET EMILE (BOULEVARD),44.10706329,3.08288097,11:20:00,2024-08-31
202400029705,22:50,,13,13214,2,3,1,3.0,Louis VILLECROZE (Bld),43.3224,5.3922,22:50:00,2024-05-19
202400029706,16:20,Plein jour,94,94073,2,2,1,3.0,Avenue de Versailles / rue simone veil,48.75825,2.39294,16:20:00,2024-01-20
202400029707,18:10,Plein jour,69,69204,1,1,1,1.0,Route de Brignais,45.714151,4.774622,18:10:00,2024-04-11
202400029708,07:00,Plein jour,13,13211,2,9,1,3.0,COMMANDANT DE ROBIEN (RUE),43.28987533,5.48696437,07:00:00,2024-05-19
202400029709,20:05,,93,93031,2,2,1,3.0,Rue de Paris / Avenue de Lattre de Tassigny,48.9528,2.31552,20:05:00,2024-01-21
202400029710,10:40,Plein jour,91,91111,1,1,1,2.0,Autoroute A10 PK 006+700 sens 2 vers PARIS,48.624308,2.136765,10:40:00,2024-04-12
202400029711,16:45,Plein jour,09,09122,2,1,1,2.0,CROS (cours Irénée),42.96845,1.60818,16:45:00,2024-08-31
202400029712,16:40,Plein jour,13,13001,1,9,1,2.0,RD9,43.48726,5.36162,16:40:00,2024-05-18
202400029713,23:52,,92,92078,2,2,1,3.0,VERDUN (AVENUE) (IMPAIRS 1 A 25),48.93500445,2.32638127,23:52:00,2024-01-20
202400029714,23:40,,06,06088,2,2,1,3.0,60 Boulevard Général Louis Delfino,43.70383,7.28994,23:40:00,2024-09-01
202400029715,00:05,,06,06088,2,3,1,3.0,29 Avenue Thiers,43.70281,7.2591,00:05:00,2024-05-20
202400029716,17:50,Plein jour,971,97118,2,3,1,5.0,Chemin de Clede,16.200334,-61.620244,17:50:00,2024-04-11
202400029717,07:30,Plein jour,04,04070,2,3,1,7.0,GAMBETTA (BD),44.08511,6.22689,07:30:00,2024-05-18
202400029718,10:00,Plein jour,03,03101,2,1,1,1.0,Rue Jean Moulin,46.36716,2.56841,10:00:00,2024-09-01
202400029719,19:55,,92,92046,2,2,1,6.0,FABIEN (BOULEVARD DU COLONEL),48.81281842,2.27967001,19:55:00,2024-01-21
202400029720,08:20,Plein jour,13,13005,1,2,1,3.0,D396,43.30874,5.608043,08:20:00,2024-04-11
202400029721,08:49,Plein jour,03,03190,2,2,7,3.0,Boulevard de Courtais,46.56164,3.3352,08:49:00,2024-05-17
202400029722,16:25,Plein jour,52,52280,1,9,1,6.0,Rue de l'Ormeau ,47.861877,5.431672,16:25:00,2024-04-11
202400029723,05:45,Nuit sans éclairage,03,03185,2,1,1,6.0,Rue Pablo Picasso,46.34681,2.60363,05:45:00,2024-05-19
202400029724,17:30,Plein jour,75,75116,2,1,1,2.0,PORTE MAILLOT,48.870597,2.272352,17:30:00,2024-09-01
202400029725,20:45,,92,92024,2,6,1,2.0,CLICHY (QUAI DE) DE (104 A 202),48.91061794,2.30598718,20:45:00,2024-01-21
202400029726,17:30,Plein jour,88,88412,1,1,1,3.0,D159bis,48.360469,6.744597,17:30:00,2024-04-11
202400029727,13:45,Plein jour,01,01053,2,3,1,6.0,SEMARD (AVENUE PIERRE),46.20226,5.21496,13:45:00,2024-05-19
202400029728,20:10,Plein jour,75,75114,2,1,1,3.0,BD PERIPHERIQUE EXTERIEUR,48.822561,2.314169,20:10:00,2024-05-19
202400029729,06:30,,75,75117,2,1,1,6.0,PORTE MAILLOT,48.879273,2.281529,06:30:00,2024-09-01
202400029730,14:30,Plein jour,63,63247,1,1,7,7.0,D5 murol,45.57669601,2.93949484,14:30:00,2024-04-12
202400029731,03:15,Nuit avec éclairage,75,75119,2,1,1,2.0,BD PERIPHERIQUE INTERIEUR,48.900188,2.379269,03:15:00,2024-05-19
202400029732,18:05,,01,01244,2,6,2,6.0,52 Rue de Lyon,45.901418,5.189506,18:05:00,2024-01-18
202400029733,16:00,Plein jour,42,42324,1,1,1,6.0,Rue de la Rive,45.55042,4.244698,16:00:00,2024-04-12
202400029734,18:50,Plein jour,75,75113,2,1,2,3.0, BD PERIPHERIQUE EXTERIEUR,48.817356,2.354566,18:50:00,2024-05-18
202400029735,18:00,Plein jour,42,42046,1,1,1,6.0,Route de Chalain,45.637828,4.068097,18:00:00,2024-04-12