Num_Acc,hrmn,lum,dep,com,agg,int,atm,col,adr,lat,long,heure,date
202400029736,16:40,Plein jour,43,43189,1,1,1,2.0,D9,45.28125511,3.89380834,16:40:00,2024-01-21
202400029737,16:30,Plein jour,69,69121,1,3,1,1.0,Route de Lyon,45.85670304,4.69901462,16:30:00,2024-04-12
202400029738,16:00,Plein jour,33,33081,2,1,7,3.0,Unknown,44.636027,-0.323814,16:00:00,2024-01-20
202400029739,14:35,Plein jour,75,75118,2,4,2,4.0,Boulevard Périphérique Intérieur,48.90067334,2.36660421,14:35:00,2024-08-30
202400029740,16:03,Plein jour,75,75110,2,2,1,3.0,BOULEVARD DE LA CHAPELLE,48.884274,2.361504,16:03:00,2024-05-19
202400029741,12:15,Plein jour,64,64422,2,1,1,1.0,24 Avenue Sadi Carnot,43.193871,-0.611302,12:15:00,2024-04-11
202400029742,15:00,Plein jour,31,31547,1,2,1,3.0,D50,43.504286,1.248343,15:00:00,2024-01-21
202400029743,12:20,Plein jour,75,75115,2,2,1,3.0,BOULEVARD PASTEUR,48.84302,2.31279,12:20:00,2024-05-18
202400029744,15:10,Plein jour,75,75118,2,2,1,6.0,RUE DE LA CHAPELLE,48.89024942,2.35991746,15:10:00,2024-09-01
202400029745,03:05,Nuit sans éclairage,33,33114,1,9,1,2.0,Unknown,45.088267,-0.382537,03:05:00,2024-04-12
202400029746,08:35,Crépuscule,44,44173,1,1,2,1.0,les Sensives,47.071258,-1.383682,08:35:00,2024-01-22
202400029747,00:30,,75,75117,2,3,1,6.0,RUE DE LA JONQUIERE,48.894141,2.320927,00:30:00,2024-05-19
202400029748,13:00,Plein jour,14,14354,2,1,1,1.0,26 Rue du Moulin,49.322563,-0.365987,13:00:00,2024-04-10
202400029749,10:00,Plein jour,972,97229,2,3,1,3.0,La Démarche,14.627521,-61.114057,10:00:00,2024-01-21
202400029750,20:20,Plein jour,60,60241,1,1,1,7.0,1 route departementale 126,49.127926,2.638001,20:20:00,2024-04-11
202400029751,15:55,Plein jour,75,75117,2,1,1,2.0,RUE LEGENDRE,48.887411,2.319803,15:55:00,2024-09-01
202400029752,17:40,Plein jour,75,75116,2,3,1,6.0,RUE DUFRENOY,48.866701,2.271695,17:40:00,2024-05-18
202400029753,05:30,Nuit sans éclairage,61,61497,1,1,9,6.0,A28 PK 161+530,48.462919,0.124014,05:30:00,2024-01-21
202400029754,09:40,Plein jour,59,59092,2,1,1,6.0,Rue Léon Piérard,50.284555,3.316498,09:40:00,2024-04-05
202400029755,22:30,,75,75116,2,3,1,6.0,ALLEE DU BORD DE L EAU,48.853382,2.226375,22:30:00,2024-05-18
202400029756,16:05,Plein jour,75,75114,2,1,1,3.0,BOULEVARD BRUNE,48.826361,2.311086,16:05:00,2024-09-01
202400029757,18:10,Plein jour,13,13213,2,1,1,2.0,A507 sens Marseille - Aubagne,43.32999602,5.39574649,18:10:00,2024-04-11
202400029758,16:15,Plein jour,75,75115,2,3,1,6.0,RUE DE LA FEDERATION,48.852796,2.298314,16:15:00,2024-05-19
202400029759,11:00,Plein jour,56,56243,2,1,1,3.0,Rue du verger,47.65196,-2.73338,11:00:00,2024-01-22
202400029760,19:20,Plein jour,13,13212,2,1,1,2.0,A507 sens Marseille - Aubagne,43.30115228,5.42525078,19:20:00,2024-04-10
202400029761,12:50,Plein jour,76,76689,1,9,1,7.0,Route de Bois-Mare,49.722551,0.522387,12:50:00,2024-01-21
202400029762,16:30,Plein jour,75,75114,2,1,1,3.0,AVENUE DU GENERAL LECLERC,48.825551,2.326092,16:30:00,2024-08-31
202400029763,05:47,Nuit sans éclairage,75,75113,2,1,1,6.0,RUE DU CHATEAU DES RENTIERS,48.829553,2.363819,05:47:00,2024-05-19
202400029764,08:40,Plein jour,13,13211,1,1,1,2.0,A50-Sens Marseille vers Aubagne,43.29470359,5.46192848,08:40:00,2024-04-11
202400029765,07:30,Nuit sans éclairage,89,89273,1,1,2,6.0,D85,47.614807,3.172855,07:30:00,2024-01-22
202400029766,14:45,Plein jour,75,75110,2,2,1,3.0,BOULEVARD DE STRASBOURG,48.869337,2.354257,14:45:00,2024-05-19
202400029767,03:00,Nuit sans éclairage,46,46175,1,1,1,7.0,RD 18,44.612427,1.984923,03:00:00,2024-01-22
202400029768,16:15,Plein jour,13,13215,1,1,1,4.0,A55-Sens Martigues vers Marseille,43.33271,5.35408,16:15:00,2024-04-10
202400029769,03:00,,75,75112,2,1,1,3.0,QUAI DE LA RAPEE,48.84548,2.36666,03:00:00,2024-09-01
202400029770,00:55,Nuit sans éclairage,86,86177,1,1,1,6.0,D347,46.669104,0.274535,00:55:00,2024-01-21
202400029771,18:00,Plein jour,67,67482,1,1,7,7.0,M352,48.57061,7.7303,18:00:00,2024-04-10
202400029772,01:37,,75,75102,2,3,1,3.0,BOULEVARD DE SEBASTOPOL,48.868936,2.35399,01:37:00,2024-05-19
202400029773,23:00,,75,75112,2,1,2,6.0,QUAI DE LA RAPEE,48.841328,2.372914,23:00:00,2024-08-31
202400029774,22:05,,75,75104,2,2,1,3.0,BOULEVARD DU PALAIS,48.85604,2.34641,22:05:00,2024-05-18
202400029775,09:35,Plein jour,67,67218,1,1,1,4.0,M35,48.54292,7.72362,09:35:00,2024-04-10
202400029776,17:20,Crépuscule,38,38422,1,1,1,7.0,Casserousse (Parking),45.14144938,5.88809646,17:20:00,2024-01-21
202400029777,05:25,Crépuscule,94,94074,2,3,1,3.0,Avenue Henri Barbusse / Rue de la Ferme de la Tour,48.77048,2.44039,05:25:00,2024-05-19
202400029778,04:00,,03,03264,2,2,1,6.0,Avenue de Thiers,46.065595,3.465173,04:00:00,2024-01-22
202400029779,08:15,Plein jour,67,67482,1,1,1,2.0,Bretelle échangeur,48.58412,7.72469,08:15:00,2024-04-10
202400029780,15:25,Plein jour,75,75111,2,2,1,3.0,BOULEVARD DE CHARONNE,48.85128423,2.39822477,15:25:00,2024-09-01
202400029781,10:49,Plein jour,15,15122,2,1,2,6.0,RN 122,44.711435,2.197947,10:49:00,2024-01-22
202400029782,18:05,Plein jour,77,77384,1,1,1,7.0,AUTOROUTE A5A,48.594692,2.614724,18:05:00,2024-04-11
202400029783,23:15,,94,94076,2,3,1,3.0,Rue de Chevilly / Rue de l'Epi d'Or,48.7854,2.354482,23:15:00,2024-05-19
202400029784,09:45,Plein jour,01,01034,2,2,1,6.0,Avenue Charles de Gaulle,45.759371,5.690808,09:45:00,2024-01-19
202400029785,01:38,Nuit sans éclairage,91,91689,1,1,1,2.0,AUTOROUTE A6A,48.74588,2.32493,01:38:00,2024-04-11
202400029786,17:15,Plein jour,94,94003,2,3,1,2.0,Allée Paul Doumer / Avenue François Vincent Raspail,48.805629,2.338735,17:15:00,2024-05-19
202400029787,23:55,,75,75108,2,2,8,3.0,BOULEVARD HAUSSMANN,48.875031,2.309197,23:55:00,2024-08-31
202400029788,11:00,Plein jour,72,72054,2,1,2,6.0,24 Rue Jacques Guède,48.02383665,0.33367217,11:00:00,2024-01-17
202400029789,13:35,Plein jour,92,92036,1,1,1,2.0,AUTOROUTE A86,48.93827869,2.31217146,13:35:00,2024-04-11
202400029790,17:55,Plein jour,94,94028,2,2,1,6.0,Avenue des Compagnons de la Libération / Rue Jean Moulin,48.77754552,2.45751473,17:55:00,2024-05-19
202400029791,10:30,Plein jour,43,43020,1,1,1,6.0,RD12 - route de Monistrol,45.29420308,4.13876513,10:30:00,2024-01-22
202400029792,20:00,Plein jour,94,94017,1,1,1,6.0,A4,48.82909642,2.48067967,20:00:00,2024-04-11
202400029793,17:50,Plein jour,94,94022,2,3,1,6.0,Passage Bertrand,48.77222,2.40156,17:50:00,2024-05-19
202400029794,18:00,Nuit sans éclairage,10,10353,1,1,1,1.0,D619,48.44710482,3.90632596,18:00:00,2024-01-21
202400029795,18:35,Plein jour,94,94069,1,1,1,2.0,A4,48.81731064,2.43546724,18:35:00,2024-04-11
202400029796,00:25,,75,75102,2,4,1,3.0,AVENUE DE L OPERA,48.868694,2.333146,00:25:00,2024-09-01
202400029797,19:26,,07,07010,2,6,1,7.0,Rue du Docteur Reybard,45.240267,4.697696,19:26:00,2024-01-22
202400029798,18:20,Plein jour,93,93078,2,3,1,1.0,Avenue du President Rene Coty / Avenue de l’Europe,48.95691,2.55721,18:20:00,2024-05-19
202400029799,15:05,Plein jour,94,94018,1,1,1,4.0,A4,48.82253799,2.39690691,15:05:00,2024-04-11
202400029800,11:30,Plein jour,94,94069,2,1,1,6.0,Chemin du Halage,48.815429,2.455222,11:30:00,2024-09-01
202400029801,07:40,Nuit sans éclairage,40,40284,2,1,1,6.0,119 Avenue Nationale,43.659484,-1.308013,07:40:00,2024-01-22
202400029802,07:30,,85,85149,1,1,3,6.0,RD 137,46.416861,-1.08189,07:30:00,2024-01-22
202400029803,17:15,Plein jour,94,94028,1,1,1,3.0,A86,48.80301088,2.44831306,17:15:00,2024-04-10
202400029804,17:30,Plein jour,93,93071,2,2,1,3.0,Avenue Hoche / Chemin de la Voirie des Trèfles,48.93014125,2.52864057,17:30:00,2024-05-19
202400029805,10:00,Plein jour,94,94075,2,1,1,3.0,49 bis Route de la Grange,48.732779,2.513217,10:00:00,2024-09-01
202400029806,16:30,Plein jour,17,17261,1,1,1,7.0,Unknown,45.824792,-0.152564,16:30:00,2024-01-21
202400029807,10:15,Plein jour,77,77363,1,1,1,2.0,A104,48.92869685,2.62840045,10:15:00,2024-04-10
202400029808,21:05,Plein jour,93,93050,2,2,1,3.0,Rue Paul et Camille Thomoux / Rue du Roussillon,48.86528,2.52944,21:05:00,2024-05-19
202400029809,22:30,,93,93077,2,1,2,2.0,Avenue de Rosny,48.88519104,2.5036422,22:30:00,2024-08-31
202400029810,06:00,Plein jour,987,98734,2,1,1,2.0,PK 39+200,-17.75948012,-149.51451391,06:00:00,2024-01-21
202400029811,12:30,Plein jour,976,97611,2,1,1,3.0,mamoudzou centre-Haladi Selemani ( rue ),-12.77898,45.22581,12:30:00,2024-04-10
202400029812,14:55,Plein jour,93,93050,2,3,1,1.0,Avenue du Maréchal Leclerc / Rue du General Donzelot,48.86058857,2.54031909,14:55:00,2024-05-19
202400029813,10:00,Plein jour,93,93048,2,1,1,6.0,Boulevard Aristide Briand,48.87253367,2.45329238,10:00:00,2024-09-01
202400029814,06:40,Plein jour,93,93031,2,1,1,6.0,Avenue Joffre,48.957024,2.303636,06:40:00,2024-05-19
202400029815,16:20,Plein jour,31,31424,2,2,1,6.0,25 avenue des pyrénées,43.56427205,1.29347116,16:20:00,2024-01-18
202400029816,11:20,Plein jour,974,97416,1,1,7,5.0,RN3 (1),-21.33185,55.46497,11:20:00,2024-04-09
202400029817,21:40,,93,93013,2,1,2,6.0,Rue Rigaud,48.93305,2.42284,21:40:00,2024-08-31
202400029818,22:50,,25,25388,2,1,1,6.0,HELVETIE (AVENUE D'),47.50857,6.80676,22:50:00,2024-07-25
202400029819,15:30,Plein jour,93,93057,2,1,1,1.0,Avenue du Général Leclerc,48.909796,2.49683,15:30:00,2024-05-19
202400029820,00:01,,35,35353,2,2,1,3.0,N24,48.1049261,-1.74007505,00:01:00,2024-01-19
202400029821,15:30,Plein jour,974,97411,2,4,1,3.0,GAULLE (DU GENERAL DE),-20.88542,55.4579,15:30:00,2024-04-10
202400029822,14:10,Plein jour,93,93008,2,1,1,3.0,Rue de la République,48.9066984,2.43120074,14:10:00,2024-08-31
202400029823,20:45,Plein jour,92,92078,2,4,1,1.0,CHARLES DE GAULLE (BD) (15 AU 69),48.93977226,2.32520449,20:45:00,2024-05-18
202400029824,18:22,Plein jour,17,17415,1,1,1,4.0,D137,45.72515,-0.64292,18:22:00,2024-07-24
202400029825,08:00,Plein jour,13,13038,2,1,1,1.0,Cours Alphonse Daudet,43.725468,4.708119,08:00:00,2024-01-22
202400029826,12:23,Plein jour,973,97302,2,3,1,3.0,BADUEL (ROUTE DE),4.93826318,-52.31673628,12:23:00,2024-04-10
202400029827,22:45,,92,92024,2,2,1,1.0,GENERAL LECLERC (BD DU) (9 A 59)   (4 A,48.90077043,2.31594068,22:45:00,2024-05-18
202400029828,16:20,Plein jour,93,93005,2,2,1,1.0,Rue de la Balance / Rue du Capricorne,48.95579,2.50402,16:20:00,2024-09-01
202400029829,11:30,Plein jour,15,15012,1,3,1,3.0,RD 617,44.8782,2.4098,11:30:00,2024-07-24
202400029830,05:50,Nuit avec éclairage,27,27005,1,1,2,2.0,Autoroute A.13,49.17159,1.249094,05:50:00,2024-01-22
202400029831,17:15,Plein jour,92,92012,2,1,1,6.0,BONTEMPS (rue Marcel),48.82785534,2.23636678,17:15:00,2024-05-18
202400029832,12:05,Plein jour,69,69034,2,1,1,6.0,304 Boulevard des Canuts,45.78458,4.83199,12:05:00,2024-04-10
202400029833,14:00,Plein jour,13,13117,1,1,1,2.0,STADIUM (CD9),43.43961,5.2882,14:00:00,2024-07-25
202400029834,22:00,Nuit sans éclairage,13,13051,1,1,1,2.0,A7 pk 238.00,43.60455183,5.15151794,22:00:00,2024-01-21
202400029835,23:19,,92,92002,2,3,1,3.0,DIVISION LECLERC (31 A 51 -36 A 56 BIS),48.7496534,2.30436489,23:19:00,2024-05-18
202400029836,08:17,Plein jour,69,69034,2,1,1,2.0,Boulevard Périphérique Nord,45.78819528,4.85726595,08:17:00,2024-04-10
202400029837,13:45,Plein jour,92,92047,1,1,1,4.0,JARDY,48.82732114,2.15155095,13:45:00,2024-09-01
202400029838,02:25,Nuit sans éclairage,51,51617,1,1,1,6.0,A4 PK 174,49.034474,4.372698,02:25:00,2024-01-21
202400029839,19:15,Plein jour,24,24262,1,1,1,6.0,1353 Route du Causse,45.291691,0.941738,19:15:00,2024-05-17
202400029840,07:10,Plein jour,13,13054,2,9,1,1.0,8 MAI 1945 (AV DU ),43.41108,5.21711,07:10:00,2024-07-25
202400029841,12:00,Plein jour,971,97113,2,1,1,6.0,ROUTE DE PERINET-RD 119,16.20734,-61.48107,12:00:00,2024-04-10
202400029842,04:30,Crépuscule,988,98813,1,1,1,6.0,RT1,-21.696192,165.799913,04:30:00,2024-01-21
202400029843,07:45,Plein jour,49,49244,2,1,2,7.0,Quai des Mariniers (Montjean-sur-Loire),47.392357,-0.870366,07:45:00,2024-05-20
202400029844,11:10,Plein jour,92,92012,2,9,1,6.0,JEAN JAURES (BOULEVARD) 1/61 - COTE IMPA,48.84417853,2.23765478,11:10:00,2024-09-01
202400029845,01:40,Nuit sans éclairage,974,97415,1,1,1,2.0,RN 1A - PK 37,-21.055632,55.227054,01:40:00,2024-01-20
202400029846,19:00,Plein jour,13,13103,2,3,1,3.0,BOULEVARD DU JOFFRE - MARECHAL,43.64203,5.09792,19:00:00,2024-07-25
202400029847,22:31,,2A,2A004,1,1,8,1.0,#Rue du Vittulo#,41.9289,8.7243,22:31:00,2024-04-10
202400029848,02:45,Nuit sans éclairage,01,01383,1,1,2,1.0,départementale 1083,46.07935,5.10055,02:45:00,2024-05-20
202400029849,05:53,Nuit sans éclairage,35,35239,1,9,2,6.0,D173 PK 017+000,47.900304,-1.375759,05:53:00,2024-09-02
202400029850,19:45,Nuit sans éclairage,971,97129,1,1,1,1.0,Route Nationale,16.309719,-61.677096,19:45:00,2024-01-21
202400029851,00:20,Nuit sans éclairage,52,52206,1,1,1,1.0,D384,48.51752934,4.80893392,00:20:00,2024-05-20
202400029852,10:30,Plein jour,95,95252,1,6,1,2.0,CHEMIN NEUF (RUE DU),48.97724067,2.22841144,10:30:00,2024-04-10
202400029853,21:30,Crépuscule,13,13214,2,3,1,2.0,ANATOLE DE LA FORGE (BOULEVARD),43.3377075,5.39447344,21:30:00,2024-07-25
202400029854,18:25,Crépuscule,34,34057,2,3,1,3.0,Avenue Marcel Dassault,43.624438,3.915389,18:25:00,2024-01-19
202400029855,12:30,Plein jour,39,39258,1,1,1,3.0,Unknown,46.522945,5.907492,12:30:00,2024-09-01
202400029856,08:00,Plein jour,91,91570,2,4,7,6.0,SAINT SAENS (RUE),48.63829,2.31434,08:00:00,2024-04-10
202400029857,18:10,Plein jour,13,13209,2,1,1,1.0,COL DE LA GINESTE D559,43.23991838,5.45164776,18:10:00,2024-07-25
202400029858,15:55,Plein jour,22,22209,1,2,1,3.0,Lermaubais,48.557232,-2.147167,15:55:00,2024-05-19
202400029859,13:30,Plein jour,84,84019,2,1,1,4.0,D26 - Avenue Jean MOULIN,44.299381,4.749345,13:30:00,2024-01-19
202400029860,21:16,Nuit sans éclairage,972,97222,1,1,1,7.0,N1,14.67055,-60.954769,21:16:00,2024-05-18
202400029861,06:30,Plein jour,13,13203,2,1,1,1.0,GUIBAL (RUE),43.3069,5.38616,06:30:00,2024-07-25
202400029862,06:00,Nuit avec éclairage,71,71555,2,1,6,6.0,rd 906,46.713672,4.86417,06:00:00,2024-01-22
202400029863,19:00,Plein jour,91,91421,2,6,1,3.0,CORBEIL (ROUTE DE),48.71122,2.44216,19:00:00,2024-04-10
202400029864,16:00,Plein jour,81,81163,1,3,1,3.0,RD 118,43.43943795,2.33338237,16:00:00,2024-08-31
202400029865,02:50,Nuit avec éclairage,13,13203,2,1,1,7.0,BD FERDINAND DE LESSEPS,43.32079,5.37446,02:50:00,2024-07-25
202400029866,09:15,Plein jour,71,71150,1,1,1,1.0,2021 route départementale 906,46.231658,4.786606,09:15:00,2024-01-21
202400029867,13:20,Plein jour,87,87085,2,1,2,7.0,FOUCAUD (AVENUE),45.82904,1.25147,13:20:00,2024-04-09
202400029868,18:00,Plein jour,46,46082,1,1,2,6.0,Route des Fournets,44.392633,1.600463,18:00:00,2024-05-19
202400029869,12:50,Plein jour,13,13047,2,1,1,3.0,COMETE  RUE DE LA,43.5086,4.9841,12:50:00,2024-07-25
202400029870,21:00,Nuit sans éclairage,64,64254,1,1,3,6.0,4050 route départementale 945,43.507789,-0.605303,21:00:00,2024-05-19
202400029871,07:15,Crépuscule,55,55170,1,1,1,7.0,D102,49.359905,5.33,07:15:00,2024-01-22
202400029872,14:45,Plein jour,38,38182,1,1,1,7.0,route du vercors,45.368474,5.430851,14:45:00,2024-05-20
202400029873,22:52,,06,06149,2,1,1,2.0,100 Boulevard Général de Gaulle,43.742736,7.312788,22:52:00,2024-09-01
202400029874,22:15,,83,83137,2,1,1,1.0,GASQUET (AVE JOSEPH DE 1 A 1423,43.12585,5.96796,22:15:00,2024-04-10
202400029875,21:10,,83,83070,2,1,1,6.0,chemin du repos,43.142498,6.35836,21:10:00,2024-05-20
202400029876,16:50,Crépuscule,54,54397,2,2,1,6.0,Rue Aristide Briand,48.611406,6.102106,16:50:00,2024-01-22
202400029877,17:20,Plein jour,13,13047,2,6,1,2.0,RADOLFZELL AVENUE DE,43.49875,4.98644,17:20:00,2024-07-24
202400029878,18:25,Plein jour,83,83103,1,1,1,6.0,BARRAGE (ROUTE DU),43.17007616,5.93433813,18:25:00,2024-04-08
202400029879,05:30,Nuit sans éclairage,13,13106,1,1,9,2.0,A7-Sens Marseille vers Lyon,43.3902785,5.35118701,05:30:00,2024-01-20
202400029880,10:25,Plein jour,12,12002,1,4,2,3.0,A75,44.176368,3.033058,10:25:00,2024-05-20
202400029881,10:05,Plein jour,83,83137,2,9,2,3.0,NOGUES (AVE DU GENERAL),43.12738956,5.91982251,10:05:00,2024-04-09
202400029882,12:05,Plein jour,42,42338,1,6,1,3.0,Route de Roanne,46.07441,4.099343,12:05:00,2024-08-30
202400029883,08:50,Plein jour,13,13028,1,1,1,2.0,BODIN (AVENUE EMILE),43.20218,5.58844,08:50:00,2024-07-25
202400029884,18:45,Plein jour,22,22312,1,1,1,1.0,le Pont de Rance,48.326253,-2.066972,18:45:00,2024-05-19
202400029885,02:15,Nuit sans éclairage,31,31454,1,1,1,6.0,Route de Bérat,43.408103,1.136259,02:15:00,2024-09-02
202400029886,06:15,Crépuscule,62,62306,1,1,1,7.0,D917,50.177118,2.822156,06:15:00,2024-05-20
202400029887,18:50,Plein jour,80,80021,2,3,1,3.0,Rue des Francs Mûriers,49.89729,2.29815,18:50:00,2024-04-09
202400029888,18:30,Nuit sans éclairage,13,13215,1,1,1,2.0,A7-Sens Lyon vers Marseille,43.37071343,5.3611563,18:30:00,2024-01-20
202400029889,17:10,Plein jour,59,59562,1,1,1,7.0,Rue de Sains,50.108703,4.002414,17:10:00,2024-05-20
202400029890,10:45,Plein jour,14,14579,1,3,1,1.0,1 Route de la Vallée,49.044395,-0.687895,10:45:00,2024-09-02
202400029891,17:35,Plein jour,78,78224,2,3,1,3.0,GUERINES (RUE DES),48.86571,2.06962,17:35:00,2024-04-10
202400029892,13:15,Plein jour,19,19132,1,1,2,7.0,les prades route de tulle,45.1133201,1.78191141,13:15:00,2024-05-19
202400029893,02:20,,69,69266,1,1,1,2.0,Boulevard Périphérique Nord,45.79343606,4.87587353,02:20:00,2024-01-21
202400029894,13:15,Plein jour,06,06069,2,1,1,2.0,94 Av Mal de Lattre de Tassigny,43.64898,6.93162,13:15:00,2024-07-25
202400029895,14:15,Plein jour,59,59580,1,1,1,7.0,57 Rue des Freres Patteyn,50.81422483,2.52399434,14:15:00,2024-05-19
202400029896,17:44,Nuit sans éclairage,94,94034,1,1,1,2.0,AUTOROUTE A86,48.75979435,2.32184781,17:44:00,2024-01-21
202400029897,09:10,Plein jour,06,06029,2,1,1,3.0,boulevard de la première division,43.55396,7.02349,09:10:00,2024-07-25
202400029898,10:15,Plein jour,71,71475,1,1,1,3.0,Gare de Péage Chalon-Sud,46.755225,4.833105,10:15:00,2024-09-02
202400029899,19:30,Crépuscule,2B,2B305,2,1,1,5.0,Grisgione,42.730126,9.459325,19:30:00,2024-05-18
202400029900,09:50,Plein jour,91,91617,1,1,1,6.0,RN 104,48.631556,2.508552,09:50:00,2024-01-21
202400029901,21:15,Crépuscule,04,04070,2,1,1,6.0,JUIN (AV. MAR.) ,44.08069,6.22194,21:15:00,2024-07-24
202400029902,19:30,Plein jour,82,82056,1,1,1,6.0,D19,44.19621193,1.76306087,19:30:00,2024-05-19
202400029903,17:05,Plein jour,76,76351,2,1,1,4.0,Boulevard Jules Durand,49.49223,0.16657,17:05:00,2024-04-09
202400029904,22:50,Nuit sans éclairage,71,71245,1,1,1,7.0,Autoroute A6 PK 350.400 sens Lyon-Paris,46.617068,4.86576,22:50:00,2024-09-01
202400029905,22:45,Nuit avec éclairage,78,78158,1,1,1,3.0,A13,48.84072,2.11129,22:45:00,2024-01-20
202400029906,10:20,Plein jour,65,65388,1,1,1,6.0,Route du Pla d’Adet,42.822728,0.283391,10:20:00,2024-05-20
202400029907,14:30,Plein jour,76,76351,2,1,2,7.0,STRASBOURG (BD),49.49346,0.11359,14:30:00,2024-04-09
202400029908,16:00,Plein jour,03,03190,2,9,1,3.0,Rue Philippe Thomas,46.56094,3.33824,16:00:00,2024-07-24
202400029909,21:30,Nuit sans éclairage,93,93027,1,1,2,3.0,AUTOROUTE A86,48.92774,2.41028,21:30:00,2024-01-21
202400029910,11:35,Plein jour,33,33437,2,2,1,3.0,Unknown,44.866593,-0.082507,11:35:00,2024-05-13
202400029911,17:00,Plein jour,02,02168,2,1,1,6.0,Unknown,49.03657,3.38074,17:00:00,2024-07-19
202400029912,06:45,Nuit sans éclairage,95,95678,1,1,2,6.0,N104,49.07315521,2.23856188,06:45:00,2024-01-21
202400029913,22:10,Nuit sans éclairage,89,89309,1,1,1,6.0,D606,48.279734,3.217932,22:10:00,2024-05-19
202400029914,14:00,Plein jour,01,01053,2,2,1,6.0,MAGINOT ( AVENUE ) DE 1A 41,46.208863,5.227608,14:00:00,2024-07-24
202400029915,16:20,Plein jour,93,93007,1,1,1,2.0,AUTOROUTE A3,48.93859255,2.47983863,16:20:00,2024-01-20
202400029916,17:21,Plein jour,49,49200,2,1,2,7.0,2 Rue Jean Le François,47.560162,-0.670719,17:21:00,2024-05-20
202400029917,20:45,Nuit sans éclairage,44,44129,1,1,2,7.0,Unknown,47.443527,-2.081566,20:45:00,2024-08-30
202400029918,12:50,Plein jour,95,95241,1,1,2,3.0,N104,49.04653407,2.43883155,12:50:00,2024-01-21
202400029919,18:30,Plein jour,75,75120,2,1,1,2.0,BD PERIPHERIQUE INTERIEUR,48.867845,2.413241,18:30:00,2024-07-25
202400029920,20:35,Crépuscule,71,71341,2,1,1,6.0,Impasse du Chateau,46.955315,5.035037,20:35:00,2024-09-01
202400029921,01:15,,95,95641,1,1,1,6.0,A1,49.07178909,2.55235818,01:15:00,2024-01-21
202400029922,19:15,Plein jour,49,49307,1,1,1,5.0,lieu dit la croix blanche - RD 347,47.472177,-0.366368,19:15:00,2024-05-17
202400029923,08:00,Plein jour,62,62115,1,1,1,7.0,RN 25,50.25373504,2.68221221,08:00:00,2024-08-29
202400029924,11:40,Plein jour,75,75112,2,4,1,3.0,BD PERIPHERIQUE INTERIEUR,48.82688216,2.38970339,11:40:00,2024-07-25
202400029925,18:20,Plein jour,41,41097,1,1,1,3.0,D976,47.29492,1.696744,18:20:00,2024-05-10
202400029926,19:51,Nuit sans éclairage,95,95018,1,1,1,7.0,A15,48.95851377,2.27458283,19:51:00,2024-01-20
202400029927,08:30,Plein jour,75,75119,2,1,1,3.0,BD PERIPHERIQUE EXTERIEUR,48.900429,2.383466,08:30:00,2024-07-25
202400029928,16:30,Plein jour,86,86053,1,1,8,1.0,D30,46.687433,0.150788,16:30:00,2024-05-20
202400029929,17:15,Plein jour,2A,2A130,1,1,1,1.0,120 u corsu,41.872852,8.961883,17:15:00,2024-08-31
202400029930,18:30,Plein jour,22,22006,2,1,1,7.0,Trépas Bras,48.700666,-3.313692,18:30:00,2024-05-19
202400029931,16:00,Plein jour,93,93064,1,1,1,4.0,A86,48.88006293,2.4757668,16:00:00,2024-01-20
202400029932,18:25,Plein jour,75,75119,2,1,1,3.0,BD PERIPHERIQUE INTERIEUR,48.88343,2.399739,18:25:00,2024-07-24
202400029933,04:10,Nuit sans éclairage,80,80443,1,1,1,6.0,D211,49.852608,1.915205,04:10:00,2024-09-01
202400029934,23:15,Nuit sans éclairage,25,25024,1,1,1,7.0,Lieu dit La Combe Badier,46.96583,6.398839,23:15:00,2024-05-18
202400029935,21:00,Nuit sans éclairage,93,93066,1,1,1,5.0,AUTOROUTE A1,48.92290239,2.35725128,21:00:00,2024-01-19
202400029936,17:30,Plein jour,25,25187,2,1,1,7.0,D227,47.379012,6.675672,17:30:00,2024-05-19
202400029937,08:15,Plein jour,75,75112,2,1,1,5.0,BD PERIPHERIQUE EXTERIEUR,48.834473,2.410696,08:15:00,2024-07-24
202400029938,16:40,Plein jour,82,82132,2,1,1,1.0,route de caussade,44.078079,1.616353,16:40:00,2024-09-02
202400029939,14:15,Plein jour,75,75112,1,1,1,4.0,A4,48.825146,2.463772,14:15:00,2024-01-21
202400029940,17:00,Plein jour,25,25434,2,1,1,1.0,Route de Besançon,47.108693,6.126613,17:00:00,2024-05-19
202400029941,19:20,Plein jour,75,75119,2,3,1,3.0,BOULEVARD MACDONALD,48.898846,2.378136,19:20:00,2024-07-25
202400029942,22:39,Nuit sans éclairage,93,93051,1,1,1,2.0,A4,48.8359907,2.56003554,22:39:00,2024-01-20
202400029943,18:45,Plein jour,32,32178,1,1,1,7.0,D158,43.841821,0.32105,18:45:00,2024-08-31