Num_Acc,hrmn,lum,dep,com,agg,int,atm,col,adr,lat,long,heure,date
202400029944,06:45,Crépuscule,25,25467,2,6,1,6.0,27 Rue de Lausanne,47.25465,5.936463,06:45:00,2024-05-19
202400029945,10:05,Plein jour,75,75113,2,3,1,2.0,AVENUE D ITALIE,48.826788,2.357211,10:05:00,2024-07-24
202400029946,12:00,Plein jour,976,97611,2,9,1,2.0,kaweni-Kaweni nord ( Z I ),-12.76457,45.22543,12:00:00,2024-01-20
202400029947,22:30,Nuit sans éclairage,35,35069,1,3,1,1.0,Intersection D32 et D463,48.03783453,-1.48999661,22:30:00,2024-05-18
202400029948,15:10,Plein jour,974,97416,1,1,1,3.0,BADAMIER(CHEMIN),-21.31434,55.45783,15:10:00,2024-01-20
202400029949,09:40,Plein jour,75,75110,2,2,1,6.0,RUE LA FAYETTE,48.881335,2.36475,09:40:00,2024-07-25
202400029950,14:15,Plein jour,63,63250,1,1,7,1.0,D996,45.5796735,3.14957351,14:15:00,2024-09-02
202400029951,22:15,Crépuscule,29,29173,1,1,1,6.0,Route de Kerdrein,48.026363,-4.226133,22:15:00,2024-05-19
202400029952,01:30,Nuit sans éclairage,974,97411,1,1,1,4.0,LITTORAL (ROUTE 1 DU),-20.88482,55.39046,01:30:00,2024-01-20
202400029953,10:12,Plein jour,75,75107,2,3,1,3.0,BOULEVARD DE LA TOUR MAUBOURG,48.862399,2.310403,10:12:00,2024-07-24
202400029954,06:15,Crépuscule,31,31356,1,1,1,6.0,Route de Grenade,43.713487,1.248322,06:15:00,2024-05-20
202400029955,17:00,Crépuscule,69,69382,2,1,1,6.0,22 Rue de la République,45.76377,4.83586,17:00:00,2024-01-19
202400029956,04:40,Nuit sans éclairage,42,42020,2,3,1,6.0,Route de Seyves,45.617932,4.213391,04:40:00,2024-09-01
202400029957,00:15,Nuit sans éclairage,38,38338,1,1,1,2.0,D1532,45.214258,5.489473,00:15:00,2024-05-20
202400029958,06:40,Plein jour,94,94081,2,1,1,1.0,Rue de Choisy,48.78125806,2.40295833,06:40:00,2024-07-24
202400029959,15:00,Plein jour,69,69149,2,1,1,3.0,171 Grande Rue,45.71242,4.80341,15:00:00,2024-01-20
202400029960,00:15,Nuit sans éclairage,38,38370,1,1,1,6.0,Route des Croix,45.141759,5.228664,00:15:00,2024-05-19
202400029961,16:05,Plein jour,971,97101,1,1,1,7.0,LAURICISQUE,16.25380482,-61.54030323,16:05:00,2024-01-19
202400029962,19:05,Plein jour,94,94054,2,1,1,1.0,Avenue Adrien Raynal,48.74297699,2.40118311,19:05:00,2024-07-25
202400029963,22:15,Nuit sans éclairage,02,02369,1,1,1,1.0,D372,49.797951,3.97051,22:15:00,2024-04-25
202400029964,06:55,Plein jour,34,34163,1,6,1,3.0,La Vabre,43.629987,3.693777,06:55:00,2024-08-29
202400029965,17:15,Plein jour,93,93073,2,1,1,6.0,BARBUSSE (RUE HENRI),48.95881,2.57279,17:15:00,2024-07-25
202400029966,02:30,Nuit sans éclairage,05,05040,1,1,1,1.0,N94,44.55150718,6.25565284,02:30:00,2024-05-19
202400029967,03:25,Nuit sans éclairage,50,50403,1,1,1,7.0,zone conchylicole,49.15382,-1.590968,03:25:00,2024-05-20
202400029968,03:53,,91,91552,1,1,1,2.0,RN20,48.61367,2.25474,03:53:00,2024-01-19
202400029969,13:20,Plein jour,25,25271,1,1,1,7.0,D132,47.052259,6.476676,13:20:00,2024-09-01
202400029970,22:30,,91,91174,2,1,1,6.0,LA PECHERIE (RUE DE),48.61328,2.48587,22:30:00,2024-01-20
202400029971,00:01,,93,93066,2,3,1,3.0,Avenue du Président Wilson / Rue Henri Delaunay,48.92595621,2.35719392,00:01:00,2024-07-25
202400029972,18:40,Plein jour,18,18221,1,1,1,7.0,Route de Rousson,46.821978,2.376915,18:40:00,2024-05-19
202400029973,18:10,Plein jour,44,44032,1,2,1,3.0,les gautronnieres,47.166121,-1.341464,18:10:00,2024-08-31
202400029974,08:49,Plein jour,93,93046,2,2,1,1.0,Boulevard Robert Schuman / Avenue Lucie Aubrac,48.92804,2.54927,08:49:00,2024-07-25
202400029975,22:20,,91,91174,2,1,1,2.0,HENRI DUNANT (BOULEVARD),48.59941,2.480218,22:20:00,2024-01-20
202400029976,19:15,Plein jour,07,07292,1,2,2,3.0,995 mont du vivarais,45.168733,4.693898,19:15:00,2024-05-20
202400029977,17:00,Plein jour,93,93006,2,1,1,6.0,Rue Sadi Carnot,48.87562853,2.42483318,17:00:00,2024-07-25
202400029978,09:37,Plein jour,29,29130,1,1,1,7.0,Lieu Dit Kerzongar Bihan,48.389778,-4.660762,09:37:00,2024-09-01
202400029979,17:05,Plein jour,85,85191,2,1,7,6.0,PALISSY ROND-POINT BERNARD,46.69026,-1.4306,17:05:00,2024-01-20
202400029980,19:15,Plein jour,07,07007,1,1,3,7.0,D533,44.949887,4.707856,19:15:00,2024-05-20
202400029981,21:50,,83,83137,1,1,1,6.0,GROIGNARD (AVE),43.14495232,5.90163624,21:50:00,2024-01-20
202400029982,07:10,Plein jour,93,93032,2,1,1,2.0,MONTGUICHET  (CHEMIN DE),48.88117,2.54789,07:10:00,2024-07-25
202400029983,15:10,Plein jour,53,53251,1,3,3,7.0,route de la maison neuve,47.784406,-0.874465,15:10:00,2024-05-20
202400029984,11:00,Plein jour,81,81163,2,1,9,7.0,5 Rue Alphonse Tournier,43.4940232,2.3784688,11:00:00,2024-01-20
202400029985,11:30,Plein jour,38,38504,1,1,1,2.0,route de la croix blanche,45.302531,5.994067,11:30:00,2024-09-01
202400029986,10:00,Plein jour,78,78642,2,1,4,6.0,BRETAGNE RUE DE,48.986145,1.970152,10:00:00,2024-01-20
202400029987,13:45,Plein jour,93,93005,2,1,1,3.0,JEAN JAURES (AVENUE),48.92178,2.50407,13:45:00,2024-07-25
202400029988,13:50,Plein jour,30,30210,1,1,1,1.0,Route de Saint-théodorit,43.920207,4.024547,13:50:00,2024-05-19
202400029989,18:15,,76,76217,2,3,1,1.0,AVENUE JEAN JAURES,49.9131,1.07169,18:15:00,2024-01-20
202400029990,19:15,Plein jour,92,92078,2,1,1,3.0,BONGARDE (RUE),48.92582191,2.3229821,19:15:00,2024-07-24
202400029991,19:05,Plein jour,84,84041,1,1,1,7.0,Route du Pont de Crillon,44.107171,5.144091,19:05:00,2024-09-02
202400029992,21:00,Plein jour,92,92050,2,1,1,7.0,LECLERC GENERAL AVENUE DU,48.90261752,2.18657166,21:00:00,2024-07-24
202400029993,15:20,Plein jour,85,85081,1,1,1,6.0,RD39,46.797136,-1.32278,15:20:00,2024-09-01
202400029994,12:50,Plein jour,74,74305,2,2,1,5.0,VOIRONS (RUE DES),46.20231,6.25867,12:50:00,2024-01-19
202400029995,10:08,Plein jour,92,92026,2,2,1,3.0,DIEPPE,48.89991553,2.23973684,10:08:00,2024-07-25
202400029996,13:15,Plein jour,70,70299,2,6,1,6.0,Rue du Val Fleuri,47.625314,5.781016,13:15:00,2024-09-01
202400029997,05:20,,72,72181,2,1,1,6.0,BOLLEE (AV) N° PAIRS 2 A 62,48.00349,0.20342,05:20:00,2024-01-20
202400029998,17:13,Plein jour,92,92025,2,1,1,2.0,CHARLES DE GAULLE (BD),48.91425911,2.22950031,17:13:00,2024-07-24
202400029999,08:15,Plein jour,31,31254,2,1,1,6.0,La Pyreneenne,43.54471953,1.50394142,08:15:00,2024-05-20
202400030000,10:45,Plein jour,58,58031,2,1,1,3.0,D188,47.024294,3.478364,10:45:00,2024-08-31
202400030001,14:26,Plein jour,72,72181,2,1,1,6.0,JAURES JEAN (AV) N° PAIRS 60 ET >,47.99048,0.20605,14:26:00,2024-01-19
202400030002,16:35,Plein jour,34,34202,1,1,1,2.0,M5,43.575016,3.746858,16:35:00,2024-07-25
202400030003,14:12,Plein jour,54,54518,1,1,1,7.0,RD 3,48.94670675,5.88294268,14:12:00,2024-08-31
202400030004,18:30,,69,69286,2,1,1,3.0,88 Route de Genève,45.80786,4.89747,18:30:00,2024-01-20
202400030005,07:00,Plein jour,69,69206,1,1,1,2.0,Autoroute 6,46.07295991,4.74133281,07:00:00,2024-05-08
202400030006,02:10,,69,69275,2,1,1,6.0,Avenue Jean Jaurès,45.76818,4.93824,02:10:00,2024-01-20
202400030007,21:00,Crépuscule,35,35120,2,1,1,3.0,Rue de Rennes,48.217727,-1.781248,21:00:00,2024-07-24
202400030008,15:30,Plein jour,54,54400,1,1,1,7.0,RD 70,48.848599,6.239253,15:30:00,2024-09-01
202400030009,22:20,Nuit sans éclairage,971,97125,1,1,1,1.0,N5,16.300328,-61.293449,22:20:00,2024-05-19
202400030010,05:50,Nuit avec éclairage,63,63113,2,1,9,6.0,MAYER (BD DANIEL),45.79339,3.09735,05:50:00,2024-01-20
202400030011,01:30,Nuit sans éclairage,971,97129,1,1,1,1.0,N2,16.317058,-61.684363,01:30:00,2024-05-20
202400030012,16:23,Plein jour,26,26177,1,2,1,3.0,Route de Clerieux,45.108613,4.948284,16:23:00,2024-07-22
202400030013,04:40,,59,59009,2,1,5,1.0,8 MAI 1945 RUE DU A PARTIR DU N° 60,50.6434,3.1583,04:40:00,2024-01-20
202400030014,20:20,Crépuscule,72,72087,1,2,1,3.0,D1,47.948589,0.753036,20:20:00,2024-08-30
202400030015,18:10,Plein jour,77,77196,1,1,1,7.0,N3,48.948548,2.751389,18:10:00,2024-05-19
202400030016,18:25,Nuit sans éclairage,57,57606,2,1,8,6.0,MONTREAL (RUE DE),49.09708,6.72091,18:25:00,2024-01-09
202400030017,19:30,Plein jour,40,40296,2,2,1,1.0,Avenue Charles de Gaulle,43.689435,-1.367213,19:30:00,2024-07-24
202400030018,08:05,Plein jour,14,14672,1,1,1,1.0,Route de Caumont,49.082594,-0.81272,08:05:00,2024-09-02
202400030019,07:07,Plein jour,972,97221,1,1,1,1.0,Départementale 7,14.501645,-60.980778,07:07:00,2024-07-25
202400030020,18:05,Crépuscule,54,54323,2,3,1,3.0,Avenue Raymond Poincaré,49.52729,5.77845,18:05:00,2024-01-20
202400030021,21:00,Nuit sans éclairage,2B,2B335,1,9,1,5.0,T10,42.336445,9.535929,21:00:00,2024-05-19
202400030022,15:45,Plein jour,05,05149,1,1,3,1.0,Route d'Ancelle,44.637697,6.188414,15:45:00,2024-09-01
202400030023,11:35,Plein jour,45,45147,2,1,1,3.0,33 Rue de Verdun,47.93424,1.91359,11:35:00,2024-01-20
202400030024,03:45,Nuit sans éclairage,64,64184,1,9,8,6.0,D32,43.408717,-0.511055,03:45:00,2024-07-26
202400030025,17:20,Plein jour,83,83099,1,3,1,1.0,Dn7,43.459453,6.666765,17:20:00,2024-05-20
202400030026,10:00,Plein jour,44,44184,2,1,7,6.0,Route des Bassins,47.28593,-2.24591,10:00:00,2024-01-20
202400030027,03:45,Nuit sans éclairage,83,83066,2,1,1,6.0,Route de Rians,43.661624,5.852046,03:45:00,2024-05-20
202400030028,14:00,Plein jour,50,50613,2,3,1,7.0,Rue Doncanville,49.647662,-1.302435,14:00:00,2024-08-31
202400030029,13:15,Plein jour,34,34247,1,5,1,3.0,CD127e8,43.669046,3.841135,13:15:00,2024-07-10
202400030030,11:15,Plein jour,13,13092,2,6,1,3.0,D10,43.542565,5.041765,11:15:00,2024-05-19
202400030031,13:20,Plein jour,83,83097,1,1,1,3.0,Route Départementale 6,43.467746,5.745335,13:20:00,2024-07-26
202400030032,18:55,Crépuscule,73,73270,1,1,3,1.0,D1006,45.55560672,6.17320061,18:55:00,2024-09-01
202400030033,22:05,Nuit sans éclairage,13,13030,1,1,1,1.0,D8n,43.269159,5.71818,22:05:00,2024-05-18
202400030034,14:40,Plein jour,51,51030,2,1,1,7.0,Quai Sud du Canal,49.044781,4.085653,14:40:00,2024-07-26
202400030035,01:55,Nuit sans éclairage,56,56036,1,1,2,6.0,Lieu-Dit Kerblaye,47.824191,-3.386042,01:55:00,2024-07-21
202400030036,15:15,Plein jour,53,53029,1,1,8,1.0,Le Patis Bierné,47.798833,-0.548843,15:15:00,2024-09-02
202400030037,14:50,Plein jour,13,13094,2,4,1,3.0,route departementale 99,43.786893,4.747257,14:50:00,2024-05-19
202400030038,10:45,Plein jour,65,65291,1,1,1,7.0,Route de Berbérust,43.06326,-0.036725,10:45:00,2024-07-25
202400030039,21:39,Nuit sans éclairage,71,71086,1,1,1,1.0,Route de Tourny,46.4080044,4.25285236,21:39:00,2024-05-19
202400030040,09:30,Plein jour,53,53136,1,1,1,1.0,L'Andeucherie (Chemin),47.890586,-0.707626,09:30:00,2024-09-02
202400030041,17:40,Plein jour,32,32132,1,1,1,1.0,D654 - PK30+005,43.84793,0.682547,17:40:00,2024-07-25
202400030042,23:24,,55,55551,1,6,1,7.0,70 Rue Raymond Poincaré,48.978629,5.715431,23:24:00,2024-07-25
202400030043,05:20,Nuit sans éclairage,08,08110,1,1,5,2.0,A304,49.815057,4.517475,05:20:00,2024-05-20
202400030044,09:45,Plein jour,85,85090,1,2,1,2.0,RD755,46.85027,-0.931539,09:45:00,2024-08-29
202400030045,09:00,Plein jour,42,42019,2,2,7,6.0,66 Rue de Clermont,45.746021,4.003381,09:00:00,2024-07-26
202400030046,15:15,Plein jour,88,88064,1,3,2,3.0,Bois-de-Champ,48.260227,6.79719,15:15:00,2024-05-20
202400030047,13:30,Plein jour,47,47138,1,3,1,3.0,Estradet,44.280727,0.782261,13:30:00,2024-07-25
202400030048,20:50,Crépuscule,27,27246,2,3,1,6.0,Rue Augustin Leonard,49.365387,1.364568,20:50:00,2024-09-01
202400030049,10:30,Plein jour,34,34150,1,1,2,1.0,N 112,43.328022,3.556212,10:30:00,2024-07-21
202400030050,17:40,Plein jour,26,26220,2,2,1,3.0,Allée des Troubadours,44.358999,5.124586,17:40:00,2024-05-20
202400030051,04:35,Nuit sans éclairage,87,87061,1,2,1,1.0,N145,46.179897,1.163049,04:35:00,2024-09-01
202400030052,20:50,Crépuscule,01,01297,2,1,1,6.0,Rue du Mas Peguet,45.890105,5.093799,20:50:00,2024-05-12
202400030053,16:40,Plein jour,44,44123,1,2,1,3.0,Unknown,47.693274,-1.785155,16:40:00,2024-07-25
202400030054,08:55,Plein jour,81,81076,1,1,2,3.0,Route du Couchant,43.572721,1.871096,08:55:00,2024-05-02
202400030055,07:10,Plein jour,13,13044,1,3,7,3.0,D69,43.62791,5.057654,07:10:00,2024-09-02
202400030056,18:30,Plein jour,38,38503,1,2,1,3.0,RD 1090,45.326763,5.936718,18:30:00,2024-07-25
202400030057,07:40,Plein jour,03,03297,1,1,1,6.0,D2144,46.547173,2.618694,07:40:00,2024-07-25
202400030058,18:30,Plein jour,50,50041,1,2,1,3.0,D22,49.639667,-1.769512,18:30:00,2024-05-19
202400030059,10:50,Plein jour,15,15124,1,1,1,7.0,RD 3,45.30085634,2.61004472,10:50:00,2024-07-26
202400030060,19:30,,987,98715,2,3,1,7.0,Face à HAPPY MARKET à AUAE,-17.547415,-149.593528,19:30:00,2024-09-01
202400030061,10:20,Plein jour,26,26115,1,1,1,1.0,D538,44.706036,5.006043,10:20:00,2024-07-24
202400030062,07:00,Plein jour,80,80002,1,1,1,7.0,A1,49.847738,2.831597,07:00:00,2024-05-20
202400030063,15:30,Plein jour,58,58145,1,9,1,7.0,D944,47.271542,3.821526,15:30:00,2024-07-26
202400030064,13:10,Plein jour,51,51572,1,9,1,7.0,Autoroute A4  - PK 192 + 000,49.037172,4.623383,13:10:00,2024-08-31
202400030065,21:25,Nuit sans éclairage,13,13015,1,1,1,1.0,A51-Sens Marseille vers Aix en Provence,43.46899,5.40748,21:25:00,2024-05-15
202400030066,00:15,Nuit sans éclairage,14,14460,1,1,2,6.0,Route d'Ouilly,49.181114,0.350296,00:15:00,2024-07-23
202400030067,22:18,Nuit sans éclairage,13,13001,1,1,1,7.0,A51-Sens Marseille vers Aix en Provence,43.51094727,5.41885566,22:18:00,2024-04-08
202400030068,14:45,Plein jour,988,98821,1,1,1,6.0,Katiramona (Rivière),-22.13785,166.40903,14:45:00,2024-08-31
202400030069,09:30,Plein jour,14,14020,1,1,1,2.0,le Fresne,49.143329,-0.163607,09:30:00,2024-07-25
202400030070,17:10,Plein jour,13,13215,1,1,1,2.0,A7-Sens Lyon vers Marseille,43.366,5.361,17:10:00,2024-05-19
202400030071,18:25,Plein jour,45,45269,1,1,1,6.0,67ter Route de Blois,47.850236,1.735134,18:25:00,2024-07-18
202400030072,14:50,Plein jour,77,77176,1,1,1,1.0,RD402 PK043+000,48.754208,3.013762,14:50:00,2024-09-02
202400030073,19:25,Plein jour,83,83047,1,1,1,2.0,A570,43.12624514,6.08255384,19:25:00,2024-05-18
202400030074,00:30,Nuit sans éclairage,73,73122,1,3,1,6.0,D40 Route de praz long,45.60369527,5.75083618,00:30:00,2024-07-23
202400030075,19:15,Nuit sans éclairage,66,66114,1,1,1,6.0,El Pa de Sucre,42.607851,2.923731,19:15:00,2024-02-25
202400030076,10:34,Plein jour,40,40046,2,1,1,5.0,route de la plage,44.440716,-1.240524,10:34:00,2024-07-26
202400030077,14:35,Plein jour,987,98735,2,9,1,7.0,MISSION (QUARTIER),-17.540812,-149.559074,14:35:00,2024-05-18
202400030078,21:03,Nuit sans éclairage,04,04138,1,1,1,6.0,route departementale 4100,43.932772,5.859146,21:03:00,2024-07-25
202400030079,10:50,Plein jour,13,13052,1,1,1,1.0,"CD5, route de saint rémy",43.824837,4.795661,10:50:00,2024-09-02
202400030080,19:30,Nuit sans éclairage,974,97416,2,1,1,2.0,OCEANITES (AVENUE DES),-21.32804,55.47083,19:30:00,2024-05-18
202400030081,09:20,Plein jour,70,70402,2,1,1,6.0,Rue du Stade,47.533067,5.562623,09:20:00,2024-09-01
202400030082,17:00,Plein jour,85,85277,1,2,1,3.0,RD747,46.519529,-1.432251,17:00:00,2024-07-25
202400030083,08:30,Plein jour,973,97302,2,3,2,3.0,MERE THERESA (rue),4.92161,-52.31259,08:30:00,2024-05-18
202400030084,21:10,Crépuscule,37,37250,1,1,1,6.0,Le Breuil,47.23985492,0.71472645,21:10:00,2024-07-25
202400030085,07:45,Crépuscule,67,67001,2,1,1,7.0,Route de Holtzheim,48.576266,7.628664,07:45:00,2024-09-01
202400030086,01:40,,973,97302,2,1,2,7.0,TROUBIRAN (CHEMIN DE),4.91551426,-52.31123579,01:40:00,2024-05-18
202400030087,16:40,Plein jour,08,08004,1,1,1,6.0,Unknown,49.479487,4.168709,16:40:00,2024-07-25
202400030088,20:40,Plein jour,69,69384,2,2,1,3.0,21 Grande Rue de la Croix-Rousse,45.77718,4.83225,20:40:00,2024-05-18
202400030089,12:40,Plein jour,01,01128,1,1,1,2.0,D2,46.466252,5.10184,12:40:00,2024-07-24
202400030090,18:50,Plein jour,88,88076,1,1,1,1.0,Rue des Forges,48.246483,6.729067,18:50:00,2024-09-01
202400030091,19:56,Plein jour,2B,2B033,2,1,1,1.0,IMPERIALE - ROUTE,42.6645,9.43765,19:56:00,2024-05-17
202400030092,17:30,Plein jour,06,06059,1,4,1,2.0,route départemental 6007 / intersection A500,43.733182,7.389164,17:30:00,2024-07-24
202400030093,12:30,Plein jour,57,57445,1,1,1,2.0,D68a,49.00506,6.106693,12:30:00,2024-08-31
202400030094,13:30,Plein jour,45,45270,1,1,1,6.0,D148 PR 6 + 818,47.817492,2.316742,13:30:00,2024-07-25
202400030095,01:35,,971,97101,1,1,1,6.0,PATRICK SAINT ELOI ( AVENUE ),16.25309,-61.52403,01:35:00,2024-05-18
202400030096,18:05,Plein jour,77,77103,1,1,2,1.0,D408,48.54332,2.802067,18:05:00,2024-07-26
202400030097,08:15,Crépuscule,73,73054,1,1,5,1.0,D119 Route des Arcs,45.60877671,6.78245105,08:15:00,2024-08-25
202400030098,02:28,Nuit sans éclairage,95,95476,1,1,1,5.0,N14,49.05775854,2.03665766,02:28:00,2024-05-18
202400030099,17:30,Plein jour,95,95028,1,1,1,5.0,D909,49.06956722,2.34052258,17:30:00,2024-07-25
202400030100,13:04,Plein jour,91,91549,1,1,1,6.0,FOSSE AUX LEUX (RUE DE LA),48.620615,2.33784,13:04:00,2024-05-18
202400030101,16:55,Plein jour,38,38487,1,3,1,3.0,D4,45.56643,4.817537,16:55:00,2024-09-02
202400030102,21:20,Nuit sans éclairage,95,95141,1,1,2,6.0,D983,49.14061924,1.78767139,21:20:00,2024-07-25
202400030103,20:09,Plein jour,34,34058,1,1,1,7.0,D 68,43.67886,3.947332,20:09:00,2024-07-25
202400030104,13:30,Plein jour,83,83062,1,1,1,7.0,ROUTE DE HYERES,43.13333,6.04124,13:30:00,2024-05-18
202400030105,08:00,Plein jour,69,69299,1,2,1,3.0,Route Départementale 29,45.71911411,5.06021394,08:00:00,2024-09-02
202400030106,12:30,Plein jour,33,33551,1,3,1,7.0,Unknown,45.090429,-0.639117,12:30:00,2024-08-23
202400030107,18:25,Plein jour,83,83065,1,2,1,3.0,Route du Bourrian,43.24381,6.572952,18:25:00,2024-07-26
202400030108,14:50,Plein jour,77,77284,2,1,1,2.0,VICTOIRE (AV.DE LA),48.9566598,2.90775776,14:50:00,2024-05-18
202400030109,08:00,Plein jour,05,05122,1,1,1,6.0,Route de Briançon,44.76899981,6.56285217,08:00:00,2024-07-26
202400030110,10:35,Plein jour,33,33019,2,2,1,3.0,Unknown,44.688873,-0.998302,10:35:00,2024-09-02
202400030111,03:00,,77,77058,2,1,1,6.0,EUROPE (AVENUE DE L' ),48.83083,2.71101,03:00:00,2024-05-18
202400030112,11:00,Plein jour,13,13042,1,6,7,3.0,Avenue du Garlaban,43.279537,5.611814,11:00:00,2024-07-26
202400030113,04:30,,72,72181,2,6,2,6.0,MESSIAEN OLIVIER (AV) PAIRS,48.01567,0.15287,04:30:00,2024-05-18
202400030114,15:14,Plein jour,35,35240,1,3,1,2.0,N24,48.101606,-1.753757,15:14:00,2024-09-02
202400030115,12:10,Plein jour,13,13004,1,9,1,2.0,D570,43.662404,4.585853,12:10:00,2024-07-25
202400030116,00:10,,72,72181,2,1,1,6.0,BOEUFS LE PETIT HOUX (CHEMIN AUX),47.9393,0.21469,00:10:00,2024-05-18
202400030117,10:45,Plein jour,60,60462,2,1,1,6.0,16 Rue de Paris,49.328564,2.200071,10:45:00,2024-09-02
202400030118,18:30,Plein jour,21,21297,1,1,1,6.0,D25h,47.176937,4.986334,18:30:00,2024-07-25
202400030119,15:25,Plein jour,69,69266,2,9,1,7.0,Rue Lucette et René Desgrand,45.78522356,4.89805132,15:25:00,2024-05-18
202400030120,23:30,Nuit sans éclairage,52,52037,1,1,1,7.0,D74 Bannes,47.8992391,5.39139323,23:30:00,2024-07-25
202400030121,18:40,Plein jour,59,59321,1,1,1,1.0,D643,50.11743913,3.4831017,18:40:00,2024-08-31
202400030122,04:00,,69,69276,2,1,1,3.0,3 Chemin Sous le Fort,45.67042,4.86136,04:00:00,2024-05-18
202400030123,18:00,Plein jour,59,59059,2,1,2,6.0,Route Nationale,50.124363,3.453519,18:00:00,2024-08-30
202400030124,15:45,Plein jour,73,73179,2,2,1,3.0,Rue des Allobroges / Fontanil,45.597344,5.874832,15:45:00,2024-07-26
202400030125,16:30,Plein jour,66,66136,1,1,2,2.0,Unknown,42.66453,2.91726,16:30:00,2024-05-18
202400030126,12:50,Plein jour,13,13215,1,1,1,2.0,A7-Sens Marseille vers Lyon,43.3498,5.369,12:50:00,2024-08-31
202400030127,19:58,Plein jour,64,64269,2,1,1,1.0,D938,43.28295,-0.31609,19:58:00,2024-04-25
202400030128,14:20,Plein jour,85,85035,1,1,1,1.0,D40a,46.636752,-1.825125,14:20:00,2024-07-23
202400030129,12:40,Plein jour,13,13215,1,1,1,2.0,A7-Sens Marseille vers Lyon,43.3581884,5.36269145,12:40:00,2024-08-30
202400030130,18:59,Plein jour,64,64335,1,1,2,3.0,RD 817,43.34113,-0.40714,18:59:00,2024-05-18
202400030131,18:00,Plein jour,29,29181,2,2,1,3.0,route de la Laiterie,48.48216126,-4.24857113,18:00:00,2024-07-24
202400030132,04:33,,69,69382,2,1,1,2.0,Route de Métropole 7,45.74818469,4.82973953,04:33:00,2024-09-01
202400030133,06:45,Crépuscule,69,69142,1,1,1,1.0,Route de Méropole 7 ,45.73015,4.81551,06:45:00,2024-09-01
202400030134,10:16,Plein jour,63,63075,2,3,2,3.0,CLAUSSAT (AVENUE JOSEPH) / rue Jules Guesde,45.77766,3.06367,10:16:00,2024-05-18
202400030135,07:05,Crépuscule,22,22059,1,1,1,1.0,Mauguerand,48.412977,-2.863215,07:05:00,2024-07-26
202400030136,00:50,,60,60313,1,3,3,6.0,Chemin de Granville,49.349933,2.238979,00:50:00,2024-07-26
202400030137,06:20,Nuit sans éclairage,91,91689,1,1,1,4.0,AUTOROUTE A6A,48.74953,2.32808,06:20:00,2024-09-01
202400030138,16:25,Plein jour,59,59367,2,1,1,1.0,LECLERC (RUE DU GENERAL),50.66233,3.21771,16:25:00,2024-05-18
202400030139,04:50,Nuit sans éclairage,59,59646,2,1,2,7.0,VOLTAIRE (RUE),50.687764,3.13461,04:50:00,2024-05-18
202400030140,07:20,Crépuscule,91,91286,1,1,1,2.0,AUTOROUTE A6,48.64882657,2.38546014,07:20:00,2024-09-01
202400030141,07:30,Plein jour,80,80467,1,1,1,2.0,Autoroute A1 pk 96+800 sens PARIS/LILLE,49.675293,2.771645,07:30:00,2024-07-26
202400030142,20:25,Plein jour,92,92002,1,1,1,2.0,AUTOROUTE A10,48.73166279,2.310197,20:25:00,2024-08-31
202400030143,16:30,Plein jour,59,59350,2,1,1,3.0,Rue Saint-Gabriel,50.63976,3.08661,16:30:00,2024-05-18
202400030144,04:00,Nuit sans éclairage,93,93013,1,1,1,6.0,AUTOROUTE A1,48.94022999,2.42355031,04:00:00,2024-09-01
202400030145,16:45,Plein jour,59,59312,1,1,8,7.0,D103,50.048643,3.207573,16:45:00,2024-07-26
202400030146,20:00,Plein jour,93,93066,1,1,1,2.0,AUTOROUTE A1,48.92901494,2.35961726,20:00:00,2024-08-31
202400030147,09:02,Plein jour,56,56260,2,2,1,3.0,Avenue du 4 Août 1944,47.67025,-2.75713,09:02:00,2024-05-18
202400030148,10:52,Plein jour,13,13211,1,1,1,2.0,A507 sens Marseille - Aubagne,43.29081591,5.42447805,10:52:00,2024-07-25
202400030149,14:16,Plein jour,56,56121,2,6,1,2.0,Avenue Simone Veil,47.7636,-3.3702,14:16:00,2024-05-18
202400030150,19:05,Plein jour,13,13212,1,1,1,2.0,A507 sens Marseille - Aubagne,43.29462675,5.42447805,19:05:00,2024-07-24
202400030151,19:20,Plein jour,93,93027,1,1,1,4.0,AUTOROUTE A86,48.92773456,2.4098897,19:20:00,2024-08-31
202400030152,17:45,Plein jour,13,13212,1,1,1,7.0,A507 sens Marseille - Aubagne,43.29166481,5.42433883,17:45:00,2024-07-24
202400030153,17:50,Plein jour,54,54547,2,1,1,3.0,Avenue du Général Leclerc,48.66169,6.16463,17:50:00,2024-05-17
202400030154,17:00,Plein jour,93,93078,1,1,1,4.0,AUTOROUTE A104,48.97113985,2.49844915,17:00:00,2024-08-31
202400030155,20:20,Crépuscule,51,51454,2,1,1,2.0,JAURES (AVENUE JEAN) DU N° 74 A FIN (PAI,49.26418,4.05797,20:20:00,2024-05-18
202400030156,17:40,Plein jour,33,33167,1,1,1,2.0,Unknown,44.845792,-0.502461,17:40:00,2024-07-25