Num_Acc,hrmn,lum,dep,com,agg,int,atm,col,adr,lat,long,heure,date
202400030157,22:15,Crépuscule,33,33063,1,9,1,7.0,Unknown,44.884883,-0.560108,22:15:00,2024-07-24
202400030158,11:14,Plein jour,77,77083,1,1,1,4.0,A4.W,48.832272,2.59931,11:14:00,2024-09-01
202400030159,17:20,Plein jour,49,49007,2,6,1,6.0,PORTET BOULEVARD,47.45013,-0.55888,17:20:00,2024-05-18
202400030160,14:30,Plein jour,91,91661,1,1,1,3.0,AUTOROUTE A10,48.68942,2.21983,14:30:00,2024-07-25
202400030161,02:24,Nuit sans éclairage,77,77294,1,1,1,3.0,A104,48.974765,2.578859,02:24:00,2024-09-01
202400030162,12:45,Plein jour,91,91161,1,1,1,2.0,AUTOROUTE A6,48.71489,2.30886,12:45:00,2024-07-25
202400030163,16:58,Plein jour,47,47001,2,1,1,5.0,LECLERC (AV. DU GENERAL),44.19263,0.61489,16:58:00,2024-05-17
202400030164,16:20,Plein jour,77,77121,1,1,1,4.0,A4,48.832176,2.669244,16:20:00,2024-08-30
202400030165,03:30,Nuit sans éclairage,91,91228,1,1,1,2.0,AUTOROUTE A6,48.62765,2.41389,03:30:00,2024-07-25
202400030166,23:05,Nuit sans éclairage,91,91174,1,1,1,2.0,RN 104,48.61396,2.45223,23:05:00,2024-07-24
202400030167,03:45,Nuit sans éclairage,77,77384,1,1,1,6.0,A105,48.620598,2.630249,03:45:00,2024-08-30
202400030168,00:05,,44,44109,2,1,1,3.0,9 Route de Carquefou,47.25983,-1.51844,00:05:00,2024-05-19
202400030169,21:05,Crépuscule,95,95582,1,1,1,7.0,D170,48.96704119,2.27372777,21:05:00,2024-07-25
202400030170,15:15,Plein jour,62,62765,2,1,1,6.0,Place du Maréchal Foch,50.74990281,2.25269151,15:15:00,2024-04-08
202400030171,15:40,Plein jour,41,41018,2,1,2,6.0,SAUSSAYE (QUAI DE LA),47.58549,1.33525,15:40:00,2024-05-18
202400030172,07:55,Plein jour,52,52235,1,1,1,1.0,SAINT DIZIER (ROUTE DE),48.64938,4.90629,07:55:00,2024-05-10
202400030173,17:15,Crépuscule,93,93066,1,1,1,4.0,AUTOROUTE A1,48.9297471,2.36364986,17:15:00,2024-07-25
202400030174,07:50,Plein jour,37,37261,2,1,1,2.0,MARECHAL JUIN (BD),47.40601221,0.7030566,07:50:00,2024-05-18
202400030175,16:20,Plein jour,92,92025,2,2,2,3.0,E.VAILLANT 114   89 A 93 (RUE),48.91513003,2.23325175,16:20:00,2024-08-30
202400030176,15:35,Plein jour,93,93006,1,1,1,2.0,AUTOROUTE A3,48.8667928,2.42555663,15:35:00,2024-07-24
202400030177,17:20,Plein jour,37,37214,2,1,3,6.0,MAISONS BLANCHES (QUAI DES),47.39385363,0.64892292,17:20:00,2024-05-17
202400030178,15:30,Plein jour,74,74013,2,6,1,7.0,D133 ROUTE DE MARGENCEL,46.347673,6.441656,15:30:00,2024-04-23
202400030179,17:30,Plein jour,94,94046,1,1,1,2.0,A86,48.81292733,2.44895577,17:30:00,2024-07-25
202400030180,21:17,Crépuscule,31,31555,2,1,1,3.0,RTE DE LAUNAGUET,43.62727,1.43724,21:17:00,2024-05-18
202400030181,18:00,Plein jour,94,94028,1,1,1,7.0,A86,48.77623444,2.43292233,18:00:00,2024-07-24
202400030182,21:15,,974,97407,2,1,1,3.0,MARINS PECHEURS(RUE),-20.94897,55.28733,21:15:00,2024-08-31
202400030183,01:00,,31,31555,1,1,2,7.0,VA007331 A620,43.60450012,1.39953375,01:00:00,2024-05-18
202400030184,09:20,Plein jour,44,44109,2,2,8,3.0,Pont Haudaudine,47.20929381,-1.55561638,09:20:00,2024-07-17
202400030185,13:00,Plein jour,972,97209,2,1,1,6.0,BALATA (ROUTE DE),14.61642,-61.07185,13:00:00,2024-08-31
202400030186,13:00,Plein jour,44,44143,2,1,8,4.0,Route de Pornic,47.19191222,-1.5752046,13:00:00,2024-07-16
202400030187,00:50,Nuit sans éclairage,31,31555,2,1,2,4.0,20 LESPINET  (PERIPH OUEST A620),43.56449232,1.48575068,00:50:00,2024-05-18
202400030188,09:00,Plein jour,972,97209,2,1,1,4.0,SOLEIL LEVANT (BOULEVARD DU),14.62327,-61.03894,09:00:00,2024-08-31
202400030189,22:20,,44,44109,2,1,8,7.0,Cr John Kennedy,47.21465313,-1.54914864,22:20:00,2024-07-12
202400030190,18:10,,974,97411,2,1,1,6.0,PITEL (RUE),-20.891876,55.477373,18:10:00,2024-07-24
202400030191,16:45,Plein jour,971,97113,2,3,1,4.0,GENERAL DE GAULLE (AVENUE),16.20607,-61.49656,16:45:00,2024-08-31
202400030192,18:50,,974,97411,1,9,1,7.0,MANES (RUE EDOUARD),-20.8956,55.49511,18:50:00,2024-07-24
202400030193,20:25,,974,97411,1,1,1,6.0,DUFOURG LES HAUTS (CHEMIN),-20.92449,55.49958,20:25:00,2024-07-23
202400030194,09:35,Plein jour,971,97101,1,1,1,4.0,ROUTE DE BOISVINS,16.26272,-61.49088,09:35:00,2024-08-31
202400030195,12:10,Plein jour,974,97411,2,1,1,3.0,TOPAZES(ALLEE DES),-20.89696,55.4434,12:10:00,2024-07-23
202400030196,05:15,Plein jour,971,97120,2,9,1,6.0,GERTY ARCHIMEDE (RESIDENCE),16.2482,-61.53759,05:15:00,2024-08-31
202400030197,21:50,Nuit sans éclairage,973,97302,2,1,3,6.0,TERRASSE DES CALIMBES (Lot),4.92076388,-52.31714594,21:50:00,2024-07-24
202400030198,06:50,Plein jour,69,69386,2,2,1,3.0,Rue Boileau,45.77379,4.8481,06:50:00,2024-07-24
202400030199,16:45,Plein jour,971,97101,1,1,2,4.0,RN1-  HAUTEUR DE SORTIE LAURICISQUE,16.2534,-61.5482,16:45:00,2024-08-30
202400030200,00:10,Nuit sans éclairage,972,97209,2,1,1,7.0,PETIT PAVOIS (RUE DU),14.60131,-61.07937,00:10:00,2024-07-19
202400030201,18:45,Plein jour,69,69381,2,9,1,3.0,Tunnel de la Croix Rousse ,45.77262,4.83671,18:45:00,2024-07-24
202400030202,15:00,Plein jour,971,97101,1,3,2,5.0,PATRICK SAINT ELOI ( AVENUE ),16.25415,-61.52299,15:00:00,2024-08-30
202400030203,15:36,Plein jour,971,97120,2,1,1,6.0,RUE EUVREMONT GENE,16.2473054,-61.5386349,15:36:00,2024-07-23
202400030204,18:40,Nuit sans éclairage,971,97107,2,1,1,3.0,FOCH,16.04566,-61.56331,18:40:00,2024-08-31
202400030205,10:45,Plein jour,971,97101,1,1,1,3.0,DUGAZON,16.25186,-61.51962,10:45:00,2024-07-23
202400030206,18:20,Plein jour,95,95388,1,1,8,1.0,CÔTE DU PARC,49.02383,1.97441,18:20:00,2024-08-31
202400030207,13:15,Plein jour,89,89342,2,2,1,3.0,FONDERIES PONT A MOUSSON (AVENUE DES),48.21509,3.27508,13:15:00,2024-07-20
202400030208,10:36,Plein jour,87,87050,2,3,1,2.0,DROUET (RUE MARTIAL),45.87695,1.23793,10:36:00,2024-07-24
202400030209,22:25,,91,91114,2,6,1,2.0,PL DE LA PYRAMIDE,48.683376,2.490532,22:25:00,2024-08-31
202400030210,07:55,Plein jour,87,87085,2,1,1,6.0,BORIE (BOULEVARD DE LA),45.83801,1.23202,07:55:00,2024-07-23
202400030211,09:30,Plein jour,84,84007,2,1,1,3.0,LIMBERT (Boulevard),43.94771,4.81796,09:30:00,2024-07-23
202400030212,17:30,Plein jour,91,91421,1,9,2,4.0,NATIONALE 6 (GLACIERE),48.70862,2.44231,17:30:00,2024-08-30
202400030213,17:50,Plein jour,83,83062,2,1,1,2.0,ROUTE NATIONALE 97,43.13577052,6.03077888,17:50:00,2024-07-23
202400030214,21:04,,91,91521,1,1,2,1.0,ROUTE DE MENNECY,48.643211,2.420688,21:04:00,2024-08-30
202400030215,20:30,Plein jour,78,78650,2,1,1,3.0,CARNOT (BOULEVARD),48.89567,2.12628,20:30:00,2024-07-24
202400030216,00:15,,84,84007,1,1,1,6.0,MISTRAL7  (Parking C.Commercial),43.92144,4.86143,00:15:00,2024-09-01
202400030217,00:23,,78,78440,2,2,1,3.0,MOLIERE (RUE),48.9838,1.91532,00:23:00,2024-07-25
202400030218,15:29,Plein jour,83,83137,2,3,1,2.0,COLBERT (AVE),43.12493,5.93272,15:29:00,2024-08-31
202400030219,00:26,Nuit sans éclairage,77,77475,1,1,1,1.0,D603,48.95885,2.97787,00:26:00,2024-07-24
202400030220,00:29,,83,83098,2,1,1,6.0,GANZIN (AVENUE DE),43.10907191,6.03839743,00:29:00,2024-08-31
202400030221,11:40,Plein jour,72,72181,2,1,1,6.0,PREMARTINE (RUE) N° PAIRS 2 A 26,48.00784,0.2042,11:40:00,2024-07-23
202400030222,16:35,Plein jour,83,83129,2,3,1,3.0,KENNEDY (AVENUE J.)N° IMPAIRS > ST VICTO,43.1071,5.82188,16:35:00,2024-08-30
202400030223,17:30,Plein jour,81,81065,2,1,1,6.0,COUDERT (AV.LUCIEN),43.6090326,2.24268,17:30:00,2024-08-30
202400030224,12:00,Plein jour,69,69266,2,2,1,1.0,Rue Pierre Voyant,45.77007,4.8989,12:00:00,2024-07-24
202400030225,20:20,Plein jour,69,69259,2,3,1,3.0,Route de Vienne,45.72468186,4.85407325,20:20:00,2024-07-23
202400030226,21:35,Nuit sans éclairage,77,77358,1,1,1,1.0,RN 330 (ROUTE NATIONALE),48.98003,2.86414,21:35:00,2024-08-31
202400030227,02:30,Nuit sans éclairage,76,76384,1,1,1,3.0,SAINT ROMAIN (ROUTE DE),49.52575,0.52634,02:30:00,2024-08-31
202400030228,13:15,Plein jour,68,68376,2,6,1,3.0,SOULTZ(ROUTE DE),47.79666,7.31425,13:15:00,2024-07-24
202400030229,18:35,Plein jour,72,72181,2,9,1,6.0,CHANZY (RUE)  N° IMP 73 A 101,47.99727,0.20323,18:35:00,2024-08-31
202400030230,20:40,Plein jour,67,67482,2,1,8,7.0,BOSTON (RUE DE),48.57761,7.77493,20:40:00,2024-07-23
202400030231,18:30,Plein jour,64,64102,2,1,1,6.0,RESPLANDY (AVENUE DU CAPITAINE),43.48355,-1.45389,18:30:00,2024-07-24
202400030232,18:20,Plein jour,72,72181,2,1,1,3.0,HEUZE OLIVIER AV N° PAIRS 2 A 198,47.99499,0.17725,18:20:00,2024-08-31
202400030233,11:35,Plein jour,60,60463,2,1,1,6.0,Rue Chateaubriand,49.27162,2.46625,11:35:00,2024-07-24
202400030234,17:57,Plein jour,56,56121,2,1,1,3.0,Boulevard de Normandie,47.7584,-3.37069,17:57:00,2024-07-23
202400030235,15:50,Plein jour,69,69115,1,1,1,3.0,Avenue Edouard Herriot,45.97896,4.7278,15:50:00,2024-08-30
202400030236,12:06,Plein jour,56,56121,2,6,1,3.0,Avenue du Faouëdic,47.74686,-3.36616,12:06:00,2024-07-23
202400030237,03:40,,67,67218,2,9,1,7.0,DOUBS (RUE DU),48.54985,7.73398,03:40:00,2024-08-31
202400030238,16:00,Plein jour,64,64445,2,1,1,7.0,LAURIERS DES,43.29898,-0.33553,16:00:00,2024-08-31
202400030239,09:20,Plein jour,51,51172,2,1,1,3.0,GOISSES,49.21659,4.05663,09:20:00,2024-07-24
202400030240,14:50,Plein jour,51,51172,2,2,1,3.0,PARMENTIER (RUE),49.2237,4.04782,14:50:00,2024-07-23
202400030241,04:06,,59,59650,2,2,1,3.0,LIBERTE (BOULEVARD DE LA),50.7078,3.18672,04:06:00,2024-08-31
202400030242,09:45,Plein jour,51,51431,1,6,1,3.0,RD 40A,49.01990935,3.9506002,09:45:00,2024-07-24
202400030243,02:10,,59,59350,2,1,1,2.0,Rue de Solférino,50.63655,3.04478,02:10:00,2024-09-01
202400030244,20:28,Plein jour,49,49007,1,1,1,6.0,BRESSIGNY,47.4661,-0.5471,20:28:00,2024-07-23
202400030245,17:00,Plein jour,58,58194,2,1,1,1.0,LEON BLUM,46.98108,3.18788,17:00:00,2024-08-30
202400030246,21:30,Plein jour,45,45234,2,1,1,6.0,5 Boulevard de Verdun,47.90657,1.90445,21:30:00,2024-07-24
202400030247,14:20,Plein jour,57,57463,2,1,1,6.0,111 Rue aux Arènes,49.10684,6.17703,14:20:00,2024-08-31
202400030248,09:00,Plein jour,45,45284,1,1,1,4.0,D2060 PR 92 + 915,47.924315,1.961196,09:00:00,2024-07-24
202400030249,17:00,Plein jour,54,54395,2,2,1,3.0,Cours Léopold,48.69663766,6.17430031,17:00:00,2024-08-31
202400030250,19:00,Plein jour,42,42275,2,1,1,3.0,Avenue Pierre Mendès-france,45.47192,4.37231,19:00:00,2024-07-19
202400030251,22:00,Crépuscule,49,49328,2,6,1,3.0,RESISTANCE (PLACE DE LA),47.26725,-0.069969,22:00:00,2024-08-31
202400030252,12:04,Plein jour,40,40281,2,9,1,3.0,STEPHENSON (RUE GEORGE),43.8831,-0.50697,12:04:00,2024-07-23
202400030253,10:32,Plein jour,49,49007,2,1,3,1.0,MOULIN BOULEVARD,47.490773,-0.54805,10:32:00,2024-08-31
202400030254,06:30,Crépuscule,35,35238,2,2,1,3.0,BREST (DE),48.1121,-1.68723,06:30:00,2024-07-24
202400030255,11:20,Plein jour,45,45004,2,1,1,6.0,D2107 PR 1 + 698,47.9786,2.73308,11:20:00,2024-08-22
202400030256,20:45,Plein jour,35,35051,1,3,1,6.0,CHANTEPIE (ROUTE DE),48.09704,-1.60649,20:45:00,2024-07-23
202400030257,16:40,Plein jour,44,44184,2,1,1,6.0,31 Rue de la Paix et des Arts,47.2768,-2.21194,16:40:00,2024-08-31
202400030258,12:45,Plein jour,34,34301,2,1,1,3.0,VERDUN (BOULEVARD DE),43.41209,3.68755,12:45:00,2024-07-24
202400030259,14:45,Plein jour,41,41018,2,1,1,7.0,WILSON (AVENUE DU PRESIDENT),47.58003,1.34504,14:45:00,2024-08-31
202400030260,16:35,Plein jour,37,37122,2,1,1,7.0,DOUZILLIERE (RUE DE LA),47.34046,0.65427,16:35:00,2024-08-30
202400030261,20:00,Plein jour,33,33522,2,6,1,3.0,Unknown,44.7988,-0.58267,20:00:00,2024-07-24
202400030262,10:40,Plein jour,35,35051,1,1,2,6.0,LONGCHAMPS (PORTE DES),48.14036,-1.62663,10:40:00,2024-08-31
202400030263,13:40,Plein jour,33,33318,2,1,1,7.0,Unknown,44.786,-0.6697,13:40:00,2024-07-24
202400030264,16:35,Plein jour,35,35238,2,4,3,3.0,ROOSEVELT (BD FRANKLIN),48.09744953,-1.65727526,16:35:00,2024-08-30
202400030265,23:20,,33,33162,2,2,1,6.0,Unknown,44.86482,-0.66458,23:20:00,2024-07-23
202400030266,08:15,Plein jour,31,31555,2,1,1,6.0,18 MONTAUDRAN (PERIPH EST A61),43.5712,1.49488,08:15:00,2024-07-24
202400030267,15:00,Plein jour,34,34301,2,1,1,2.0,AGDE (ROUTE DE),43.38228,3.63911,15:00:00,2024-08-30
202400030268,15:00,Plein jour,34,34301,2,1,1,6.0,LORIOTS (RUE DES),43.40403,3.65971,15:00:00,2024-08-22
202400030269,17:30,Plein jour,29,29232,2,3,1,6.0,Route de Brest,48.00740614,-4.08305348,17:30:00,2024-07-23
202400030270,08:39,Plein jour,34,34172,2,2,1,3.0,PRES D'ARENES (AVENUE DES),43.59114,3.88325,08:39:00,2024-08-31
202400030271,19:45,Plein jour,29,29232,2,1,1,3.0,Rue de Pen Ar Stang,47.991896,-4.10239,19:45:00,2024-07-23
202400030272,09:05,Plein jour,30,30007,2,2,1,7.0,GUESDE (AVE JULES),44.11988,4.083,09:05:00,2024-08-31
202400030273,10:55,Plein jour,29,29051,2,1,1,7.0,Avenue du Rouillen,47.99600519,-4.06339344,10:55:00,2024-08-31
202400030274,23:34,Nuit sans éclairage,17,17291,1,1,1,2.0,N237,46.179,-1.129,23:34:00,2024-07-24
202400030275,17:25,Plein jour,15,15014,2,1,1,4.0,RN 122,44.91642,2.46155,17:25:00,2024-08-30
202400030276,19:07,Plein jour,16,16015,2,1,2,6.0,Unknown,45.633224,0.173119,19:07:00,2024-06-14
202400030277,17:30,Plein jour,14,14137,1,1,7,3.0,Route de Caumont,49.18409,-0.45852,17:30:00,2024-08-31
202400030278,13:45,Plein jour,13,13117,2,1,1,3.0,ROUTE NATIONALE 113 - AGNEAU,43.46720649,5.23200274,13:45:00,2024-07-24
202400030279,14:54,Plein jour,13,13206,2,2,1,3.0,BRETEUIL (RUE),43.28806,5.3768,14:54:00,2024-08-31
202400030280,09:30,Plein jour,13,13215,2,3,1,3.0,SAINT ANTOINE A SAINT JOSEPH (CHEMIN DE),43.35951,5.3645,09:30:00,2024-08-31
202400030281,09:25,Plein jour,13,13004,1,2,1,3.0,RTE D EYGUIERES,43.66138,4.66019,09:25:00,2024-07-24
202400030282,14:15,Plein jour,13,13001,1,9,7,1.0,RD 7,43.55319287,5.43930816,14:15:00,2024-07-24
202400030283,16:15,Plein jour,13,13001,1,1,1,2.0,RD9,43.45262,5.30803,16:15:00,2024-08-30
202400030284,11:34,Plein jour,10,10333,2,6,8,6.0,Rue Charles Baltet,48.28381,4.05711,11:34:00,2024-07-23
202400030285,22:05,Nuit sans éclairage,06,06069,2,1,1,6.0,3 Boulevard Fragonard,43.657303,6.924502,22:05:00,2024-08-31
202400030286,19:50,Nuit sans éclairage,07,07231,1,1,1,3.0,D579,44.59082628,4.39373821,19:50:00,2024-02-17
202400030287,18:40,Plein jour,06,06069,2,9,1,3.0,128 Route de Cannes,43.63763,6.95093,18:40:00,2024-08-31
202400030288,17:10,Plein jour,75,75113,2,1,1,3.0,BD PERIPHERIQUE INTERIEUR,48.81840339,2.36934578,17:10:00,2024-07-24
202400030289,20:00,Crépuscule,75,75120,2,1,1,4.0,BD PERIPHERIQUE INTERIEUR,48.868742,2.413252,20:00:00,2024-08-31
202400030290,18:00,Plein jour,75,75113,2,1,1,3.0,BD PERIPHERIQUE EXTERIEUR,48.817916,2.352035,18:00:00,2024-07-22
202400030291,08:40,Plein jour,75,75119,2,3,1,3.0,RUE DE CAMBRAI,48.894278,2.377663,08:40:00,2024-08-31
202400030292,16:37,Plein jour,75,75116,2,1,1,3.0,BD PERIPHERIQUE INTERIEUR,48.877655,2.280344,16:37:00,2024-07-24
202400030293,20:12,Plein jour,75,75120,2,3,1,6.0,BOULEVARD DE BELLEVILLE,48.8695695,2.380036,20:12:00,2024-07-23
202400030294,02:20,,75,75118,2,2,1,3.0,RUE DE LA CHAPELLE,48.89025,2.359914,02:20:00,2024-08-31
202400030295,22:35,,75,75106,2,3,1,7.0,BOULEVARD SAINT MICHEL,48.850308,2.342545,22:35:00,2024-07-24
202400030296,08:15,Plein jour,75,75117,2,2,1,1.0,BOULEVARD GOUVION SAINT CYR,48.883125,2.287414,08:15:00,2024-08-31
202400030297,14:35,Plein jour,75,75106,2,4,1,6.0,PLACE DU DIX HUIT JUIN 1940,48.844214,2.324206,14:35:00,2024-07-24
202400030298,01:10,,75,75117,2,3,1,6.0,AVENUE DES TERNES,48.878345,2.295568,01:10:00,2024-08-31
202400030299,14:40,Plein jour,75,75116,2,3,1,6.0,AVENUE DE LA GRANDE ARMEE,48.87715,2.283646,14:40:00,2024-07-24
202400030300,15:00,Plein jour,75,75113,2,3,1,6.0,BOULEVARD MASSENA,48.821121,2.368881,15:00:00,2024-08-31
202400030301,12:15,Plein jour,75,75116,2,3,1,1.0,AVENUE PAUL DOUMER,48.859847,2.279783,12:15:00,2024-07-24
202400030302,16:00,Plein jour,75,75112,2,2,1,6.0,RUE DE LYON,48.846669,2.372016,16:00:00,2024-08-31
202400030303,09:40,Plein jour,75,75115,2,3,1,2.0,RUE JACQUES BAUDRY,48.828463,2.303228,09:40:00,2024-07-24
202400030304,02:50,,75,75111,2,2,1,3.0,BOULEVARD DE BELLEVILLE,48.868935,2.380473,02:50:00,2024-08-31
202400030305,20:05,Plein jour,75,75115,2,1,1,2.0,AVENUE DE LA PORTE DE SEVRES,48.834794,2.277659,20:05:00,2024-07-23
202400030306,19:30,Crépuscule,75,75102,2,3,2,1.0,BOULEVARD MONTMARTRE,48.871704,2.341618,19:30:00,2024-08-30
202400030307,12:55,Plein jour,75,75114,2,3,1,3.0,RUE D ALESIA,48.82782,2.33032,12:55:00,2024-07-23
202400030308,14:59,Plein jour,94,94078,2,1,1,6.0,Rue Henri Leduc,48.73201,2.44802,14:59:00,2024-08-31
202400030309,14:10,Plein jour,75,75111,2,1,1,6.0,BOULEVARD DE MENILMONTANT,48.863438,2.386634,14:10:00,2024-07-24
202400030310,11:05,Plein jour,75,75111,2,7,1,3.0,PLACE DE LA NATION,48.849375,2.395335,11:05:00,2024-07-24
202400030311,09:40,Plein jour,94,94021,2,3,1,3.0,Boulevard Circulaire,48.76634,2.34559,09:40:00,2024-08-31
202400030312,23:30,,75,75110,2,3,1,3.0,BOULEVARD DE MAGENTA,48.883605,2.349571,23:30:00,2024-07-23
202400030313,08:50,Plein jour,94,94021,2,3,1,3.0,Avenue de la Villette,48.768866,2.35189,08:50:00,2024-08-31
202400030314,08:55,Plein jour,75,75109,2,3,1,3.0,RUE ROUGEMONT,48.871043,2.345729,08:55:00,2024-07-24
202400030315,11:45,Plein jour,94,94011,2,2,1,3.0,Rue Pierre Sémard,48.76264,2.47871,11:45:00,2024-08-31
202400030316,00:30,,94,94068,2,1,1,7.0,Quai Winston Churchill,48.79560435,2.52218521,00:30:00,2024-07-24
202400030317,15:10,Plein jour,93,93064,2,2,1,5.0,Avenue Faidherbe / Avenue Jean Jaurès,48.8609669,2.48946369,15:10:00,2024-08-31
202400030318,18:30,Plein jour,94,94028,2,1,1,3.0,Avenue Francois Mauriac,48.78594915,2.45441222,18:30:00,2024-07-23
202400030319,06:30,,93,93053,2,1,1,6.0,AVENIR (RUE DE L') N° 67 A ... - 116 A .,48.88175021,2.45704436,06:30:00,2024-08-30
202400030320,11:30,Plein jour,94,94028,2,1,2,2.0,Rue Juliette Savar,48.778112,2.466652,11:30:00,2024-07-23
202400030321,11:10,Plein jour,93,93053,2,1,2,6.0,Allee du Londeau,48.88668793,2.46387615,11:10:00,2024-08-30
202400030322,19:20,Plein jour,94,94077,2,2,1,3.0,Avenue de la République,48.73164,2.41317,19:20:00,2024-07-24
202400030323,18:15,Plein jour,92,92012,2,1,8,3.0,SEVRES (RUE DE) 1/55 - 2/40,48.83624942,2.22794563,18:15:00,2024-08-30
202400030324,17:50,Plein jour,94,94018,2,2,1,6.0,Rue de Paris,48.82149508,2.41378185,17:50:00,2024-07-23
202400030325,15:50,Plein jour,08,08357,1,1,7,2.0,chateau du liry - route départementale 6,49.66553678,4.96817689,15:50:00,2024-08-31
202400030326,19:00,Plein jour,93,93066,2,9,1,1.0,REPUBLIQUE,48.936932,2.350979,19:00:00,2024-07-24
202400030327,10:40,Plein jour,62,62843,1,2,1,3.0,D343,50.481623,2.182031,10:40:00,2024-08-31
202400030328,19:37,Plein jour,93,93057,2,2,1,3.0,Avenue de Chanzy / Allée Paul Lafargue,48.91013,2.5193,19:37:00,2024-07-23
202400030329,19:30,Plein jour,09,09167,1,1,1,6.0,Route d?Auterive,43.283649,1.354907,19:30:00,2024-08-31
202400030330,09:13,Plein jour,92,92072,2,1,1,6.0,VILLE D'AVRAY (RUE DE ),48.82578,2.20588,09:13:00,2024-07-24
202400030331,02:00,Nuit sans éclairage,05,05161,1,1,1,7.0,D1091,44.937562,6.580038,02:00:00,2024-09-01
202400030332,04:35,Crépuscule,92,92063,2,1,1,7.0,GALLIENI (RUE),48.87477,2.20101,04:35:00,2024-07-24
202400030333,15:20,Plein jour,05,05085,2,1,1,7.0,Route de France,44.934175,6.731948,15:20:00,2024-08-30
202400030334,07:56,Plein jour,92,92063,2,1,1,6.0,BONAPARTE (AVENUE NAPOLEON) NORD,48.87090088,2.15983048,07:56:00,2024-07-19
202400030335,12:05,Plein jour,92,92051,2,3,1,2.0,"CHARLES DE GAULLE (AVENUE, N° 18 A 116)",48.88244564,2.2675395,12:05:00,2024-07-24
202400030336,17:12,Plein jour,21,21192,1,6,1,2.0,Route de Dijon,47.295754,4.946168,17:12:00,2024-08-22
202400030337,09:55,Plein jour,92,92050,2,1,1,3.0,BOULEVARD DE LA DEFENSE,48.89654083,2.23124474,09:55:00,2024-07-24
202400030338,07:20,Plein jour,37,37193,1,1,1,6.0,A85,47.267201,0.245042,07:20:00,2024-08-28
202400030339,14:45,Plein jour,92,92036,2,1,1,6.0,BEAUMARCHAIS (BOULEVARD),48.93132705,2.28604174,14:45:00,2024-07-23
202400030340,05:00,Nuit sans éclairage,56,56166,1,6,1,6.0,Pont En Daul,47.901872,-3.335574,05:00:00,2024-08-31
202400030341,00:25,Nuit sans éclairage,56,56205,1,1,1,7.0,Clos Cachet,47.558262,-2.694268,00:25:00,2024-08-30
202400030342,06:00,Crépuscule,80,80262,2,1,1,6.0,535 Route du Val de Somme,50.065111,1.885849,06:00:00,2024-09-01
202400030343,11:40,Plein jour,92,92026,2,1,1,4.0,JOFFRE ( DE 30 A 50 ET DE 31 A 55 ),48.9002916,2.2742857,11:40:00,2024-07-24
202400030344,17:10,Plein jour,65,65039,1,1,1,1.0,Col d'Aspin (Col de montagne),42.939334,0.33783,17:10:00,2024-08-31
202400030345,18:50,Plein jour,92,92036,2,1,1,2.0,INTERCOMMUNAL (B),48.93384658,2.28157101,18:50:00,2024-07-23
202400030346,17:40,Plein jour,33,33036,2,6,1,6.0,Unknown,44.435519,-0.238899,17:40:00,2024-08-31
202400030347,17:20,Plein jour,92,92036,2,1,1,6.0,DOCTEUR FLEMING ( AVNUE DU ),48.93310619,2.28116775,17:20:00,2024-07-22
202400030348,16:15,Plein jour,71,71111,1,2,1,3.0,D92,46.583937,4.120334,16:15:00,2024-08-31
202400030349,16:50,Plein jour,04,04039,2,1,1,6.0,Chemin de Destourbes,43.841252,6.534677,16:50:00,2024-10-02
202400030350,16:25,Plein jour,78,78356,1,1,1,1.0,Chemin Departemental 195,48.739108,2.063275,16:25:00,2024-07-25
202400030351,09:50,Plein jour,71,71148,2,1,1,3.0,Route de Belmont,46.179169,4.281337,09:50:00,2024-09-01
202400030352,18:30,Plein jour,68,68309,2,1,1,6.0,Rue du Maréchal Foch,47.65578983,7.456155,18:30:00,2024-09-24
202400030353,11:40,Plein jour,89,89131,1,2,1,7.0,D965,47.84201,4.237386,11:40:00,2024-09-01
202400030354,15:45,Plein jour,974,97415,1,1,1,3.0,Rue Gabriel Martin,-20.977845,55.329385,15:45:00,2024-05-23
202400030355,14:00,Plein jour,68,68287,1,1,1,2.0,Route Départementale 83,47.93702658,7.27904142,14:00:00,2024-10-06
202400030356,08:10,Plein jour,49,49089,1,1,5,6.0,D770,47.587113,-0.898218,08:10:00,2024-07-23
202400030357,14:30,Plein jour,01,01443,2,1,1,3.0,Rue Saint Michel,46.000692,5.019395,14:30:00,2024-07-24
202400030358,18:25,Plein jour,67,67104,1,1,1,1.0,D65,48.988399,7.854538,18:25:00,2024-10-06
202400030359,17:00,Plein jour,73,73150,1,1,8,6.0,D220 - Route des Barrières,45.5654992,6.71245828,17:00:00,2024-10-06
202400030360,21:30,,67,67073,2,1,1,6.0,71 Rue du Marechal Foch,48.272343,7.399161,21:30:00,2024-07-24
202400030361,14:48,Plein jour,73,73006,1,1,1,6.0,N90 Tunnel du Siaix,45.52239728,6.57378355,14:48:00,2024-10-07
202400030362,18:00,Plein jour,38,38097,1,1,1,7.0,D18,45.769184,5.199714,18:00:00,2024-10-06
202400030363,08:25,Plein jour,69,69296,1,1,8,5.0,Route de Chasse,45.646043,4.831903,08:25:00,2024-10-07
202400030364,07:00,Crépuscule,86,86156,1,1,2,6.0,Route de la Bruyère,47.008566,0.149407,07:00:00,2024-10-06
202400030365,17:30,Plein jour,33,33322,2,1,1,5.0,Unknown,44.947629,-0.648519,17:30:00,2024-08-28
202400030366,08:55,Plein jour,85,85247,1,2,1,3.0,RD72,46.969601,-1.074965,08:55:00,2024-10-07