Num_Acc,hrmn,lum,dep,com,agg,int,atm,col,adr,lat,long,heure,date
202400030367,16:00,Plein jour,44,44026,2,1,7,6.0,16 Rue de la Mainguais,47.278556,-1.493459,16:00:00,2024-10-05
202400030368,13:40,Plein jour,14,14047,2,3,1,3.0,25 Rue Saint-Exupère,49.274022,-0.697988,13:40:00,2024-10-05
202400030369,14:01,Plein jour,14,14456,1,1,1,1.0,Route de Saint-Pierre-sur-Dives,49.107478,-0.174783,14:01:00,2024-10-07
202400030370,23:30,Nuit sans éclairage,22,22081,1,1,1,6.0,D80,48.508516,-2.668862,23:30:00,2024-10-06
202400030371,16:00,Plein jour,76,76559,1,2,1,3.0,route départementale 34,49.57921,0.628329,16:00:00,2024-10-06
202400030372,13:35,Plein jour,76,76237,1,2,1,3.0,D5,49.531136,0.855407,13:35:00,2024-10-06
202400030373,04:30,Nuit sans éclairage,60,60282,2,1,1,7.0,31 Rue de Chantilly,49.18826062,2.42689985,04:30:00,2024-10-07
202400030374,20:09,,62,62543,2,1,1,6.0,D197,50.637772,2.324027,20:09:00,2024-10-03
202400030375,18:00,Plein jour,62,62560,1,1,1,3.0,D238,50.79340537,1.71469103,18:00:00,2024-10-04
202400030376,09:20,Plein jour,62,62103,2,1,2,1.0,D917,50.14182512,2.83297888,09:20:00,2024-09-23
202400030377,11:02,Plein jour,13,13215,1,1,2,6.0,A7-Sens Lyon vers Marseille,43.37056776,5.36114433,11:02:00,2024-10-06
202400030378,20:45,Nuit sans éclairage,13,13216,1,1,1,6.0,A55-Sens Marseille vers Martigues,43.3447,5.3468,20:45:00,2024-10-05
202400030379,00:10,Nuit sans éclairage,13,13001,1,1,1,4.0,A51-Sens Marseille vers Aix en Provence,43.51416961,5.42691569,00:10:00,2024-10-05
202400030380,10:05,Plein jour,69,69389,1,1,1,2.0,Boulevard Périphérique Nord,45.77981,4.79662,10:05:00,2024-10-05
202400030381,14:00,Plein jour,91,91521,1,1,2,6.0,RN 449,48.6347,2.4057,14:00:00,2024-10-06
202400030382,11:35,Plein jour,91,91136,1,1,2,6.0,AUTOROUTE A10,48.71134,2.28946,11:35:00,2024-10-06
202400030383,05:10,,94,94003,1,1,1,2.0,A6B,48.8019795,2.34359623,05:10:00,2024-10-06
202400030384,12:20,Plein jour,91,91434,1,1,1,5.0,AUTOROUTE A6,48.66826,2.35435,12:20:00,2024-10-05
202400030385,10:15,Plein jour,91,91377,1,9,1,6.0,AUTOROUTE A10,48.721233,2.294641,10:15:00,2024-10-05
202400030386,10:00,Plein jour,78,78490,1,1,2,2.0,RN12 EXT,48.799284,1.935626,10:00:00,2024-10-06
202400030387,19:45,Nuit sans éclairage,94,94028,1,1,2,4.0,A86,48.7761422,2.43067341,19:45:00,2024-10-06
202400030388,18:00,Plein jour,77,77337,1,1,2,6.0,RN104,48.82902097,2.61865052,18:00:00,2024-10-06
202400030389,11:40,Plein jour,88,88383,1,1,1,1.0,RD 57,47.98664,6.59049,11:40:00,2024-05-20
202400030390,12:50,Plein jour,62,62737,2,1,1,7.0,D937E1,50.46608488,2.68570161,12:50:00,2024-06-15
202400030391,02:10,Nuit sans éclairage,43,43234,1,1,1,7.0,D32,44.97044779,3.53621203,02:10:00,2024-06-22
202400030392,10:50,Plein jour,43,43267,1,1,8,5.0,route de chamalières,45.20284649,3.94643409,10:50:00,2024-06-22
202400030393,16:10,Plein jour,74,74070,1,3,1,1.0,D1005,46.284052,6.260383,16:10:00,2024-06-24
202400030394,16:00,Plein jour,74,74012,2,3,1,4.0,EUROPE (AVENUE DE L'),46.17783,6.23765,16:00:00,2024-08-05
202400030395,10:56,Plein jour,74,74134,2,4,1,6.0,Impasse de la grange neuve,46.154277,6.667196,10:56:00,2024-07-20
202400030396,20:15,Plein jour,74,74010,2,1,1,1.0,Chemin de la confrérie,45.880142,6.091415,20:15:00,2024-07-10
202400030397,14:30,Plein jour,74,74012,2,6,1,2.0,ETREMBIERES (ROUTE D'),46.19003,6.2332,14:30:00,2024-08-02
202400030398,17:40,Plein jour,74,74012,2,1,1,3.0,DE GAULLE (AVENUE CHARLES),46.18439,6.24697,17:40:00,2024-07-29
202400030399,22:34,Nuit sans éclairage,74,74297,2,1,1,1.0,Route de Geneve,45.921114,5.934961,22:34:00,2024-07-22
202400030400,23:35,,74,74010,2,2,1,3.0,LOVERCHY (CIMETIERE/AVENUE),45.89677,6.12073,23:35:00,2024-08-04
202400030401,18:15,Plein jour,74,74108,2,1,1,7.0,168 R des Pres Bernard,45.827066,6.1999,18:15:00,2024-07-17
202400030402,11:30,Plein jour,74,74159,1,2,1,3.0,D1205,45.995158,6.630673,11:30:00,2024-07-14
202400030403,12:45,Plein jour,74,74278,2,3,1,3.0,25 Route du plan,46.081827,6.538217,12:45:00,2024-07-14
202400030404,06:30,Crépuscule,74,74001,1,1,1,6.0,D22,46.287937,6.689923,06:30:00,2024-07-14
202400030405,17:35,Plein jour,74,74267,2,1,1,6.0,1076 Route d'albertville,45.873985,6.1415,17:35:00,2024-07-12
202400030406,11:35,Plein jour,74,74236,2,1,1,6.0,317 Avenue de geneve,45.904986,6.700437,11:35:00,2024-07-22
202400030407,22:12,Nuit sans éclairage,74,74256,2,9,1,1.0,route de Méribel,45.949893,6.643628,22:12:00,2024-07-13
202400030408,15:10,Plein jour,74,74238,1,1,1,5.0,D902,46.247067,6.636627,15:10:00,2024-07-12
202400030409,17:00,Plein jour,74,74293,2,1,1,3.0,Route des Voirons,46.269031,6.258304,17:00:00,2024-07-11
202400030410,12:05,Plein jour,74,74201,1,1,1,2.0,A41,46.109061,6.09458,12:05:00,2024-07-02
202400030411,01:00,,74,74263,1,1,1,1.0,route de bonnatrait,46.335706,6.398538,01:00:00,2024-07-07
202400030412,07:00,Crépuscule,74,74191,1,1,1,7.0,Chemin des raverettes,46.155532,6.705064,07:00:00,2024-07-08
202400030413,09:50,Plein jour,74,74295,1,1,1,3.0,D902,46.317488,6.602783,09:50:00,2024-06-28
202400030414,17:20,Plein jour,74,74264,2,1,1,2.0,avenue du mont blanc,46.055666,6.561161,17:20:00,2024-06-25
202400030415,10:20,Plein jour,74,74137,1,1,3,6.0,Route de la Filière,46.001329,6.203097,10:20:00,2024-07-06
202400030416,17:58,Plein jour,74,74095,1,1,1,1.0,Route des bondets,45.951112,5.908703,17:58:00,2024-06-28
202400030417,15:00,Plein jour,74,74311,1,1,1,7.0,2863 Route des verdets,46.172541,6.403439,15:00:00,2024-06-24
202400030418,11:15,Plein jour,74,74164,2,2,2,2.0,Avenue d'anterne,46.08016633,6.50341851,11:15:00,2024-06-20
202400030419,09:15,Plein jour,74,74233,1,9,1,2.0,Autoroute A41 sens ANNECY CHAMBERY,45.807582,5.983214,09:15:00,2024-06-19
202400030420,13:35,Plein jour,973,97302,2,2,1,6.0,ARAGO (FRANCOIS),4.93878,-52.33174,13:35:00,2024-10-04
202400030421,23:12,,973,97302,2,1,1,3.0,ZEPHIR (ROCADE),4.9381,-52.306,23:12:00,2024-10-04
202400030422,19:32,,973,97302,2,9,1,3.0,BADUEL (ROUTE DE),4.93145,-52.30647,19:32:00,2024-10-04
202400030423,21:05,,69,69387,2,2,1,3.0,Avenue Jean Jaurès,45.74245,4.84017,21:05:00,2024-10-05
202400030424,08:40,Plein jour,971,97120,2,1,1,6.0,VICTOIRE(PLACE DE LA),16.23694,-61.5348,08:40:00,2024-10-05
202400030425,06:25,Crépuscule,971,97113,1,1,1,7.0,SECTION TOMBEAU,16.22927,-61.47533,06:25:00,2024-10-05
202400030426,00:35,Nuit sans éclairage,2A,2A004,2,4,1,1.0,1 Cours Jean Nicoli,41.93219432,8.74071836,00:35:00,2024-10-05
202400030427,16:10,Plein jour,91,91228,2,9,7,6.0,BD CHAMPS ELYSEES 198,48.64099,2.42808,16:10:00,2024-10-05
202400030428,12:30,Plein jour,91,91174,2,6,1,3.0,BD JEAN JAURES,48.61161,2.46177,12:30:00,2024-10-05
202400030429,15:00,Plein jour,30,30011,2,6,1,3.0,100 (ROUTE NATIONALE),43.958266,4.745901,15:00:00,2024-10-05
202400030430,16:25,Plein jour,83,83061,2,3,1,3.0,D8,43.42577,6.71425,16:25:00,2024-10-05
202400030431,17:25,Plein jour,78,78224,2,1,1,2.0,JEAN MERMOZ (RUE),48.86887,2.0714,17:25:00,2024-10-05
202400030432,22:55,,78,78172,2,2,1,3.0,AMBASSADEUR (RUE DE L'),49.01325,2.09011,22:55:00,2024-10-04
202400030433,18:35,Plein jour,77,77083,2,1,1,6.0,PAUL CEZANNE (AVENUE),48.8404,2.6038,18:35:00,2024-10-05
202400030434,17:35,Plein jour,73,73065,2,1,1,6.0,Place du 8 mai 1945,45.5664,5.92125,17:35:00,2024-10-04
202400030435,16:45,Plein jour,72,72181,2,3,1,1.0,BARBUSSE HENRI (RUE),47.98901,0.1908,16:45:00,2024-10-05
202400030436,22:45,,71,71270,2,6,1,6.0,HERRIOT (AVENUE EDOUARD),46.29504,4.82023,22:45:00,2024-10-04
202400030437,23:10,,67,67482,2,3,1,3.0,POLYGONE (ROUTE DU),48.56397,7.76111,23:10:00,2024-10-05
202400030438,16:40,Plein jour,64,64122,2,1,1,2.0,DASSAULT MARCEL (BD),43.4653,-1.54249,16:40:00,2024-10-04
202400030439,13:50,Plein jour,63,63113,2,2,1,2.0,THERMAL (BD) / av du Puy de Dôme,45.78768,3.05762,13:50:00,2024-10-05
202400030440,13:00,Plein jour,63,63113,2,3,1,4.0,COTE BLATIN (BD),45.76817,3.08863,13:00:00,2024-10-05
202400030441,19:30,Plein jour,59,59636,2,1,1,6.0,LECLERCQ RUE DU GENERAL,50.68492,3.04928,19:30:00,2024-10-04
202400030442,10:15,Plein jour,59,59560,2,1,1,6.0,Rue Roger Bouvry,50.54535,3.02512,10:15:00,2024-10-04
202400030443,19:35,Plein jour,59,59122,2,1,1,6.0,SOUFFLETS (RUE DES),50.16511,3.24834,19:35:00,2024-10-05
202400030444,17:50,Plein jour,56,56121,2,6,1,1.0,Avenue Raymond Queudet,47.75838,-3.39047,17:50:00,2024-10-05
202400030445,21:15,,51,51454,2,2,1,3.0,PIPER (RUE),49.2551,4.0405,21:15:00,2024-10-05
202400030446,17:13,Plein jour,49,49007,2,1,1,2.0,NOYERS,47.46572,-0.53138,17:13:00,2024-10-05
202400030447,14:56,Plein jour,49,49353,2,1,1,2.0,MALEMBARDIERES,47.4508,-0.47277,14:56:00,2024-10-05
202400030448,02:00,,44,44109,2,6,1,1.0,48 Route de Sainte Luce,47.23067,-1.52322,02:00:00,2024-10-05
202400030449,10:45,Plein jour,37,37261,2,6,1,6.0,POMPIDOU (AVENUE GEORGES),47.39459,0.70461,10:45:00,2024-10-05
202400030450,04:38,,37,37261,2,2,1,3.0,MIRABEAU (RUE),47.39753,0.69946,04:38:00,2024-10-05
202400030451,17:15,Plein jour,34,34172,2,1,1,3.0,LAVERUNE (ROUTE DE,43.59688,3.83831,17:15:00,2024-10-04
202400030452,20:15,,33,33063,2,2,1,1.0,Unknown,44.85825,-0.62321,20:15:00,2024-10-05
202400030453,12:55,Plein jour,33,33550,2,2,1,5.0,Unknown,44.78208,-0.54036,12:55:00,2024-10-05
202400030454,02:50,,33,33069,2,2,1,6.0,Unknown,44.85379,-0.59359,02:50:00,2024-10-05
202400030455,22:35,,31,31555,1,1,1,2.0,VA007518 A68,43.64322185,1.49442616,22:35:00,2024-10-04
202400030456,04:30,,31,31555,1,6,1,6.0,Rd Pt Firmin Pons,43.5690685,1.37399107,04:30:00,2024-10-05
202400030457,13:05,Plein jour,25,25056,2,1,1,2.0,MITTERAND AVENUE FRANCOIS,47.22401,5.99278,13:05:00,2024-10-05
202400030458,23:08,,17,17300,2,2,3,3.0,HUGUENOTE   RUE DE LA,46.150058,-1.154772,23:08:00,2024-10-05
202400030459,17:55,Plein jour,15,15014,2,6,1,3.0,Giratoire  Canteloube/Marmiesse,44.90658,2.43949,17:55:00,2024-10-04
202400030460,15:30,Plein jour,13,13205,2,1,1,3.0,SAKAKINI (BOULEVARD),43.29559128,5.40052952,15:30:00,2024-10-05
202400030461,11:10,Plein jour,06,06088,2,6,1,3.0,Boulevard du Mercantour,43.702671,7.189244,11:10:00,2024-10-05
202400030462,08:55,Plein jour,06,06069,1,1,1,1.0,80 Boulevard Docteur Belletrud,43.665116,6.892299,08:55:00,2024-10-05
202400030463,19:45,,01,01053,2,3,1,3.0,boulevard édouard herriot,46.21297,5.218326,19:45:00,2024-10-05
202400030464,16:40,Plein jour,01,01053,2,1,1,2.0,MERCIER (AVENUE AMEDEE DU 45 AU FIN),46.19742,5.2624,16:40:00,2024-10-04
202400030465,18:35,Plein jour,75,75113,2,1,1,2.0,BD PERIPHERIQUE INTERIEUR,48.822433,2.380221,18:35:00,2024-10-05
202400030466,06:00,,75,75119,2,3,1,6.0,RUE D AUBERVILLIERS,48.886383,2.36662,06:00:00,2024-10-05
202400030467,08:36,Plein jour,75,75119,2,2,1,6.0,AVENUE DE FLANDRE,48.884064,2.368701,08:36:00,2024-10-05
202400030468,14:35,Plein jour,75,75117,2,1,1,6.0,RUE POUCHET,48.892256,2.319082,14:35:00,2024-10-05
202400030469,17:35,Plein jour,75,75114,2,2,1,2.0,BOULEVARD BRUNE,48.824755,2.31831,17:35:00,2024-10-04
202400030470,02:50,,75,75107,2,1,1,7.0,BOULEVARD RASPAIL,48.854878,2.32575,02:50:00,2024-10-05
202400030471,00:30,,75,75107,2,2,1,3.0,RUE VANEAU,48.851685,2.319042,00:30:00,2024-10-05
202400030472,18:00,Plein jour,94,94078,2,1,1,7.0,Avenue des Fusillés,48.72873,2.44785,18:00:00,2024-10-05
202400030473,15:30,Plein jour,94,94042,2,9,1,6.0,Avenue du President Kennedy,48.81735135,2.46720837,15:30:00,2024-10-05
202400030474,06:50,,94,94038,2,2,2,1.0,Bd Paul Vaillant Couturier,48.78094,2.34127,06:50:00,2024-10-05
202400030475,19:00,Plein jour,94,94069,2,1,1,2.0,Av du Mal de Lattre de Tassigny,48.82002988,2.41975687,19:00:00,2024-10-05
202400030476,13:02,Plein jour,94,94071,2,3,1,6.0,Rue des Fontaines,48.77232242,2.51748517,13:02:00,2024-10-05
202400030477,18:20,Plein jour,94,94071,2,1,1,6.0,Route de Bonneuil,48.77048,2.50812,18:20:00,2024-10-04
202400030478,18:30,Plein jour,93,93078,2,1,1,2.0,DE GAULLE (AVENUE CHARLES),48.95703345,2.55488346,18:30:00,2024-10-05
202400030479,20:20,,93,93073,2,2,1,3.0,PETITS PONTS (ROUTE DES),48.9622,2.55923,20:20:00,2024-10-05
202400030480,12:00,Plein jour,93,93066,2,3,1,3.0,LIBERATION RD14 (BOULEVARD),48.92661417,2.34178865,12:00:00,2024-10-05
202400030481,11:10,Plein jour,93,93048,2,2,1,1.0,PAUL VAILLANT COUTURIER (BOULEVARD),48.86676606,2.44512054,11:10:00,2024-10-04
202400030482,12:50,Plein jour,93,93045,2,1,1,3.0,COQ FRANCAIS RUE DU,48.87841,2.41483,12:50:00,2024-10-05
202400030483,11:45,Plein jour,93,93079,2,1,1,1.0,ROGER SALENGRO,48.96235639,2.34458699,11:45:00,2024-10-05
202400030484,18:51,Crépuscule,93,93029,2,3,1,3.0,HENRI BARBUSSE (AVE) N°2-124,48.91756423,2.44674683,18:51:00,2024-10-04
202400030485,14:46,Plein jour,93,93001,2,1,1,6.0,PRESIDENT ROOSEVELT (AVENUE DU),48.91591,2.38037,14:46:00,2024-10-05
202400030486,00:50,,92,92064,2,3,1,6.0,MARCEL DASSAULT,48.8541229,2.22263373,00:50:00,2024-10-05
202400030487,00:40,,92,92050,2,2,1,3.0,FAIDHERBE RUE,48.8973,2.19755,00:40:00,2024-10-05
202400030488,07:30,Plein jour,38,38019,1,1,2,3.0,Route des Grenouillères,45.427601,4.813321,07:30:00,2024-10-06
202400030489,09:00,Plein jour,17,17030,1,3,1,4.0,départementale 137,45.743089,-0.860796,09:00:00,2024-10-04
202400030490,05:55,Nuit sans éclairage,22,22209,1,1,2,1.0,D768,48.581682,-2.126402,05:55:00,2024-10-02
202400030491,11:12,Plein jour,06,06006,2,9,1,6.0,97 route de nice,43.784817,7.244472,11:12:00,2024-10-04
202400030492,14:15,Plein jour,974,97413,2,1,1,7.0,Chemin Augustin Gruchet,-21.214975,55.314826,14:15:00,2024-10-06
202400030493,17:08,Plein jour,34,34282,1,1,1,7.0,A750,43.626709,3.66359,17:08:00,2024-10-04
202400030494,02:20,Nuit sans éclairage,87,87191,1,1,1,6.0,Route de Périgueux,45.72217044,1.02206887,02:20:00,2024-10-05
202400030495,15:00,Plein jour,62,62870,2,6,1,2.0,D142,50.40449093,1.72550511,15:00:00,2024-10-05
202400030496,17:20,Plein jour,62,62172,1,1,1,3.0,D917,50.2001908,2.81574059,17:20:00,2024-10-05
202400030497,09:45,Plein jour,89,89483,1,9,1,7.0,D40,48.260599,3.40574,09:45:00,2024-10-04
202400030498,17:55,Plein jour,51,51030,2,1,1,7.0,Rue Chanzy,49.053759,4.001646,17:55:00,2024-10-03
202400030499,20:20,,2A,2A271,2,1,1,3.0,RT20 Zone baléone,41.9559723,8.79784137,20:20:00,2024-10-05
202400030500,13:45,Plein jour,69,69006,1,1,1,6.0,Route de Tarare,45.96089991,4.3349256,13:45:00,2024-10-05
202400030501,01:00,Nuit avec éclairage,71,71343,2,1,1,7.0,Rue des Bayards,46.914019,4.634844,01:00:00,2024-10-06
202400030502,19:15,Crépuscule,63,63419,2,1,1,1.0,départementale 915,46.12104052,2.96193775,19:15:00,2024-10-05
202400030503,16:45,Crépuscule,63,63155,1,1,7,1.0,pk 22 D997,45.68219149,3.45487603,16:45:00,2024-10-05
202400030504,08:30,Plein jour,49,49323,2,3,1,3.0,route de paris,47.52074625,-0.44678092,08:30:00,2024-10-04
202400030505,18:30,Plein jour,41,41280,2,1,2,3.0,37 Avenue de la Commanderie,47.301001,1.768194,18:30:00,2024-10-01
202400030506,14:00,Plein jour,39,39478,1,1,1,6.0,Unknown,46.411736,5.930879,14:00:00,2024-10-05
202400030507,01:15,Nuit sans éclairage,39,39156,1,3,1,7.0,Unknown,46.582669,5.771634,01:15:00,2024-10-06
202400030508,14:25,Plein jour,25,25029,1,1,1,7.0,D41,47.03639463,6.34284496,14:25:00,2024-10-05
202400030509,21:30,Nuit sans éclairage,35,35224,1,1,1,1.0,route départementale 75,48.552586,-1.867738,21:30:00,2024-10-04
202400030510,09:00,Plein jour,29,29056,2,3,1,3.0,D233,48.42833884,-4.30757405,09:00:00,2024-07-13
202400030511,17:00,Plein jour,29,29167,1,2,1,3.0,Tourne Ici,47.97127011,-4.24944215,17:00:00,2024-10-04
202400030512,16:35,Plein jour,31,31033,2,1,1,6.0,27 Route de Toulouse,43.353166,1.469105,16:35:00,2024-10-05
202400030513,07:15,Crépuscule,31,31211,2,1,2,6.0,1934 Route de la Mouissagues,43.75481,1.449347,07:15:00,2024-10-06
202400030514,04:55,Nuit sans éclairage,31,31490,1,1,2,6.0,route départementale 820,43.755334,1.362798,04:55:00,2024-10-06
202400030515,00:10,Nuit sans éclairage,02,02160,1,1,1,6.0,Unknown,49.718209,4.016114,00:10:00,2024-10-05
202400030516,08:20,Plein jour,02,02503,1,1,1,7.0,D1029,49.851697,3.521641,08:20:00,2024-10-05
202400030517,16:00,Plein jour,03,03103,1,1,1,1.0,Chemin des Pinguelles,46.325083,3.797809,16:00:00,2024-10-05
202400030518,14:10,Plein jour,03,03103,2,1,7,3.0,Avenue Honoré PREVERAUD,46.350108,3.793341,14:10:00,2024-10-05
202400030519,18:30,Plein jour,72,72386,1,1,7,1.0,D91,48.043316,0.310192,18:30:00,2024-10-04
202400030520,11:40,Plein jour,05,05040,1,1,1,2.0,N94,44.55163876,6.25291992,11:40:00,2024-10-05
202400030521,22:00,Nuit sans éclairage,83,83039,1,1,1,6.0,D554,43.52133525,6.01507931,22:00:00,2024-10-04
202400030522,16:30,Plein jour,60,60265,1,1,1,3.0,D151,49.567471,2.221798,16:30:00,2024-10-05
202400030523,10:00,Plein jour,64,64420,1,1,1,1.0,Route Départementale 111,43.328893,-0.719433,10:00:00,2024-10-05
202400030524,16:55,Plein jour,73,73162,1,1,1,1.0,D201,45.60501948,6.25936523,16:55:00,2024-10-05
202400030525,17:15,Plein jour,16,16039,2,1,1,2.0,Route de Montjean,46.042281,0.1691,17:15:00,2024-10-04
202400030526,21:30,Nuit sans éclairage,16,16287,1,4,2,6.0,Unknown,45.576332,0.013652,21:30:00,2024-10-05
202400030527,11:10,Plein jour,07,07296,1,1,1,7.0,Route départemenatle 104,44.57854056,4.38106537,11:10:00,2024-10-05
202400030528,06:30,Nuit sans éclairage,40,40178,1,1,1,6.0,D30,43.86057634,-0.43292788,06:30:00,2024-10-06
202400030529,19:30,Crépuscule,85,85047,2,3,2,7.0,route de nantes,46.852818,-1.873416,19:30:00,2024-10-05
202400030530,17:20,Plein jour,27,27153,1,1,7,7.0,D6,49.286857,1.609583,17:20:00,2024-10-04
202400030531,15:20,Plein jour,17,17107,1,2,2,3.0,D5,46.055871,-0.939503,15:20:00,2024-09-27
202400030532,12:10,Plein jour,23,23152,1,1,1,1.0,les Bussières,46.15812466,2.24677563,12:10:00,2024-10-05
202400030533,20:05,,37,37050,2,1,1,6.0,33 Avenue du Grand Sud,47.345368,0.702477,20:05:00,2024-10-05
202400030534,15:20,Plein jour,30,30263,2,3,1,7.0,Cours Gambetta,43.96521,3.855976,15:20:00,2024-10-04
202400030535,00:10,Nuit sans éclairage,48,48064,1,1,1,6.0,départementale 989,44.815253,3.141274,00:10:00,2024-10-05
202400030536,15:10,Plein jour,31,31296,1,1,1,6.0,autoroute A64 PK 220.200 sens Bayonne/Toulouse,43.11945757,0.92302098,15:10:00,2024-10-05
202400030537,10:15,Plein jour,987,98715,2,1,1,7.0,Aratia Nelson Mandela - Face 107 - Banque de Polynésie,-17.558761,-149.606291,10:15:00,2024-10-04
202400030538,17:14,Plein jour,06,06027,1,1,2,7.0,A8 pk 181.900 Nord,43.660855,7.15682,17:14:00,2024-10-04
202400030539,11:25,Plein jour,57,57227,1,1,1,6.0,"Autoroute A320, PK 6+600, sens Allemagne France",49.17214,6.88331,11:25:00,2024-10-06
202400030540,16:30,Plein jour,988,98808,1,1,1,6.0,Coula (Tribu),-21.326395,165.449574,16:30:00,2024-10-04
202400030541,08:30,Plein jour,971,97116,1,3,1,3.0,N5,16.321401,-61.42073,08:30:00,2024-10-04
202400030542,03:30,Nuit sans éclairage,977,97701,2,1,1,6.0,route de LORIENT,17.906304,-62.823687,03:30:00,2024-10-05
202400030543,19:50,Crépuscule,33,33535,1,1,1,7.0,Unknown,44.831222,-0.46885,19:50:00,2024-10-04
202400030544,14:57,Plein jour,91,91226,1,1,1,5.0,Route Nationale 20,48.47977,2.191743,14:57:00,2024-10-05
202400030545,15:55,Plein jour,91,91226,1,1,1,5.0,N20,48.515951,2.203671,15:55:00,2024-10-05
202400030546,18:16,Plein jour,2A,2A247,2,1,1,1.0,RT 10,41.614171,9.279816,18:16:00,2024-10-05
202400030547,16:15,Plein jour,66,66037,2,4,1,3.0,Avenue Mediterranee,42.697841,3.028949,16:15:00,2024-10-04
202400030548,16:00,Plein jour,34,34162,1,2,1,3.0,D32,43.485503,3.470894,16:00:00,2024-10-05
202400030549,07:30,Plein jour,13,13210,2,1,1,3.0,PAUL CLAUDEL (BOULEVARD),43.26827597,5.41886842,07:30:00,2024-06-23
202400030550,00:05,,13,13216,2,1,1,1.0,LITTORAL (CHEMIN DU),43.35144,5.34,00:05:00,2024-06-23
202400030551,14:20,Plein jour,12,12305,2,1,1,6.0,GRANGE ADAM (AVENUE),44.56056,2.23035,14:20:00,2024-06-23
202400030552,20:17,Plein jour,06,06088,2,2,2,3.0,54 Boulevard de Riquier,43.70499,7.29093,20:17:00,2024-06-23
202400030553,03:59,,06,06088,2,2,1,3.0,20 Rue Meyerbeer,43.696769,7.260551,03:59:00,2024-06-23
202400030554,01:00,,06,06004,2,1,1,3.0,1422 Route de Grasse,43.5958991,7.0913457,01:00:00,2024-06-22
202400030555,12:35,Plein jour,75,75116,2,1,2,2.0,BD PERIPHERIQUE EXTERIEUR,48.837853,2.254632,12:35:00,2024-06-21
202400030556,19:15,Plein jour,75,75116,2,3,1,6.0,AVENUE DU PRESIDENT WILSON,48.865183,2.29954,19:15:00,2024-06-23
202400030557,13:15,Plein jour,75,75111,2,2,1,6.0,RUE SEDAINE,48.85644,2.373511,13:15:00,2024-06-23
202400030558,15:00,Plein jour,75,75101,2,3,1,6.0,QUAI DU LOUVRE,48.85873,2.341674,15:00:00,2024-06-22
202400030559,12:15,Plein jour,94,94016,2,1,1,3.0,Avenue de l'Europe,48.78612693,2.32783341,12:15:00,2024-06-23
202400030560,06:50,Crépuscule,94,94041,2,1,1,2.0,13 Rue Pierre et Marie Curie,48.814,2.373,06:50:00,2024-06-23
202400030561,18:00,Plein jour,93,93051,2,1,7,3.0,Rue Pierre Brossolette,48.84814342,2.54884154,18:00:00,2024-06-23
202400030562,12:55,Plein jour,93,93010,2,3,1,2.0,Avenue Galliéni / Rue des Ecoles,48.907093,2.488301,12:55:00,2024-06-23
202400030563,19:00,Plein jour,93,93001,2,1,1,3.0,56 Rue Danielle Casanova,48.918531,2.392717,19:00:00,2024-06-23
202400030564,09:30,Plein jour,92,92046,2,1,1,6.0,GABRIEL PERI,48.81925123,2.29914951,09:30:00,2024-06-23
202400030565,14:00,Plein jour,92,92025,2,3,1,3.0,VALMY (BD DE),48.93392058,2.25584033,14:00:00,2024-06-23
202400030566,05:53,Crépuscule,92,92004,2,3,1,7.0,HENIR BARBUSSE ( AVENUE ),48.90938393,2.27837563,05:53:00,2024-06-23
202400030567,13:30,Plein jour,33,33243,2,3,2,3.0,Unknown,44.911932,-0.217474,13:30:00,2024-06-21
202400030568,11:35,Plein jour,15,15066,1,1,1,7.0,RD 680,45.115052,2.670846,11:35:00,2024-06-23
202400030569,16:50,Plein jour,65,65049,1,1,1,7.0,109 Route de Maubourguet,43.498431,0.072159,16:50:00,2024-06-23
202400030570,15:36,Plein jour,14,14150,1,1,1,6.0,D6,48.965907,-0.327111,15:36:00,2024-06-23
202400030571,22:45,Nuit sans éclairage,52,52087,1,5,1,3.0,D65,48.096616,5.037805,22:45:00,2024-06-23
202400030572,16:37,Plein jour,40,40036,1,2,1,3.0,D366,43.624761,-1.345675,16:37:00,2024-06-24
202400030573,22:00,Crépuscule,40,40036,1,9,1,6.0,Route d'Angresse,43.641844,-1.373409,22:00:00,2024-06-23
202400030574,18:20,Nuit sans éclairage,972,97218,1,1,2,1.0,Rue Marcel Bouquety,14.769891,-61.128438,18:20:00,2024-06-22
202400030575,01:46,,59,59037,2,1,1,1.0,Route de Solesmes,50.189675,3.391779,01:46:00,2024-06-23
202400030576,18:50,Plein jour,19,19274,1,1,1,7.0,impassse du réservoir,45.168317,1.475912,18:50:00,2024-06-23
202400030577,18:55,Plein jour,56,56021,1,1,2,4.0,Boul Sapin,47.780362,-3.200272,18:55:00,2024-06-19
202400030578,23:20,Nuit sans éclairage,56,56153,1,1,1,1.0,Kerdoré,47.5683416,-2.3166453,23:20:00,2024-06-23
202400030579,16:45,Plein jour,2A,2A017,1,1,1,1.0,D161,41.98128128,8.78854028,16:45:00,2024-06-22