Num_Acc,hrmn,lum,dep,com,agg,int,atm,col,adr,lat,long,heure,date
202400030580,20:00,Plein jour,2B,2B050,1,1,1,6.0,RT 30,42.551468,8.771966,20:00:00,2024-06-23
202400030581,13:55,Plein jour,80,80245,2,1,2,6.0,Rue d'Orion,50.158267,2.084216,13:55:00,2024-06-22
202400030582,21:50,Nuit sans éclairage,32,32143,1,1,1,7.0,lieu-dit bel air,44.005657,0.489578,21:50:00,2024-06-23
202400030583,09:45,Plein jour,89,89309,2,3,1,3.0,Route de Paris,48.293798,3.195369,09:45:00,2024-06-23
202400030584,16:50,Plein jour,63,63390,1,1,1,7.0,D50,46.07764678,3.05605983,16:50:00,2024-06-24
202400030585,18:50,Plein jour,55,55248,2,1,1,6.0,D960,48.550276,5.479442,18:50:00,2024-06-22
202400030586,01:00,Nuit sans éclairage,39,39434,1,1,1,7.0,Unknown,46.825054,5.697784,01:00:00,2024-06-23
202400030587,12:20,Plein jour,31,31232,1,1,1,2.0,Avenue de Gascogne,43.774729,1.277037,12:20:00,2024-06-18
202400030588,12:50,Plein jour,03,03019,1,1,1,7.0,Lieu Dit les Communes,46.599306,3.647482,12:50:00,2024-06-23
202400030589,17:30,Plein jour,15,15196,1,1,8,6.0,RN 122,44.884185,2.315133,17:30:00,2024-06-23
202400030590,01:20,Nuit sans éclairage,01,01140,1,1,2,7.0,Route de Planchemelle,46.27618,5.092624,01:20:00,2024-06-23
202400030591,03:00,Nuit sans éclairage,58,58267,2,1,1,6.0,17 Faubourg de Decize,47.103812,3.513074,03:00:00,2024-06-24
202400030592,11:36,Plein jour,58,58296,1,1,1,1.0,"RN7, PK 106+500",46.69392224,3.21217973,11:36:00,2024-06-24
202400030593,17:10,Plein jour,83,83007,2,1,1,7.0,D22,43.616341,6.21735,17:10:00,2024-06-23
202400030594,15:25,Plein jour,83,83083,1,1,1,6.0,"Route de Cotignac, RD 22; PK17+680",43.478133,6.137023,15:25:00,2024-06-22
202400030595,12:19,Plein jour,09,09032,1,1,1,6.0,Route Nationale 20,42.68712633,1.8240333,12:19:00,2024-06-23
202400030596,20:25,Crépuscule,73,73301,1,1,1,3.0,D49 Route de Grésy,45.708876,5.951334,20:25:00,2024-06-23
202400030597,10:40,Plein jour,10,10140,1,1,1,2.0,D374,48.032913,3.911444,10:40:00,2024-06-23
202400030598,17:55,Plein jour,16,16221,1,3,1,6.0,Unknown,45.85956,-0.01767,17:55:00,2024-06-24
202400030599,17:55,Plein jour,53,53068,1,3,1,3.0,le haut brecé,47.799034,-0.907686,17:55:00,2024-06-24
202400030600,19:30,Plein jour,21,21127,1,2,1,3.0,D 903,47.470139,5.079288,19:30:00,2024-06-20
202400030601,01:40,Nuit sans éclairage,30,30165,1,1,1,7.0,405 Route d'Uzès,44.099413,4.138412,01:40:00,2024-06-24
202400030602,14:11,Plein jour,88,88237,2,1,1,6.0,Moulin de Gorhey,48.19805,6.27885,14:11:00,2024-06-24
202400030603,13:30,Plein jour,68,68300,1,1,1,3.0,A36,47.77423384,7.38436762,13:30:00,2024-06-18
202400030604,01:15,Nuit sans éclairage,06,06149,1,1,1,7.0,A500,43.745584,7.379269,01:15:00,2024-06-24
202400030605,20:00,Plein jour,51,51172,1,1,1,2.0,A4 PK 142.100 sens Paris-Metz,49.21064182,4.05341377,20:00:00,2024-06-23
202400030606,01:27,Nuit sans éclairage,28,28367,1,1,1,7.0,A10 PK 072+500 direction Paris,48.140117,1.855273,01:27:00,2024-06-24
202400030607,15:45,Plein jour,22,22183,2,1,2,2.0,Rue de la Fontaine,48.179053,-2.58174,15:45:00,2024-11-11
202400030608,00:30,Nuit sans éclairage,35,35351,1,1,1,6.0,la Bévinais,48.058392,-1.929023,00:30:00,2024-11-11
202400030609,23:15,Nuit sans éclairage,45,45146,1,1,1,4.0,A71 PR 124 + 500,47.68502165,1.90453216,23:15:00,2024-06-23
202400030610,10:40,Plein jour,29,29204,1,1,1,7.0,Roc'h glaz 29400 Plouneventer,48.51883938,-4.21035057,10:40:00,2024-11-10
202400030611,05:40,Crépuscule,83,83097,1,1,1,6.0,Autoroute A8 PK 45+600 SUD,43.48109286,5.74209243,05:40:00,2024-06-24
202400030612,16:00,Plein jour,29,29220,1,6,1,3.0,D2,47.86239098,-4.24588436,16:00:00,2024-11-12
202400030613,16:00,Plein jour,987,98750,1,1,1,7.0,Faaroa - Traversière pk 2,-16.821,-151.404,16:00:00,2024-06-23
202400030614,13:45,Plein jour,84,84014,2,1,1,6.0,Route de Mirabeau,43.73579,5.69007,13:45:00,2024-11-10
202400030615,16:00,Plein jour,971,97117,1,1,1,1.0,Route de Neron,16.342044,-61.397599,16:00:00,2024-06-21
202400030616,14:15,Plein jour,01,01363,1,3,8,2.0,D63,46.021086,5.408186,14:15:00,2024-11-11
202400030617,21:30,Nuit sans éclairage,971,97118,1,2,1,3.0,Route de la Traversee,16.207849,-61.629884,21:30:00,2024-06-22
202400030618,21:25,,90,90093,2,1,8,6.0,2 Rue d'Evette,47.688499,6.835633,21:25:00,2024-11-10
202400030619,16:20,Plein jour,972,97230,2,1,1,3.0,Route nationale 1,14.73029,-60.964916,16:20:00,2024-06-22
202400030620,07:35,Crépuscule,60,60086,1,1,8,1.0,Unknown,49.166286,2.342856,07:35:00,2024-11-12
202400030621,16:18,Plein jour,28,28185,1,1,1,2.0,Rn 12,48.769654,1.538172,16:18:00,2024-06-23
202400030622,15:20,Plein jour,18,18110,1,1,1,7.0,rue du bourneau,47.245736,2.919488,15:20:00,2024-11-10
202400030623,16:50,Plein jour,16,16104,2,1,1,6.0,Lieu Dit la Vergnee,46.031571,0.231448,16:50:00,2024-11-11
202400030624,21:30,,77,77183,2,1,1,1.0,Boulevard de Turenne,48.948872,3.130342,21:30:00,2024-06-23
202400030625,11:25,Plein jour,27,27104,1,6,1,3.0,D6014,49.387667,1.299369,11:25:00,2024-11-11
202400030626,11:20,Plein jour,77,77183,2,1,1,3.0,9 Rue de Chanzy,48.949027,3.126115,11:20:00,2024-06-08
202400030627,15:30,Plein jour,87,87140,1,1,1,7.0,route de l'étang,45.92960873,0.9565521,15:30:00,2024-11-11
202400030628,20:10,Plein jour,77,77451,1,1,1,7.0,Chemin du Jeu d'Arc,48.907749,3.075485,20:10:00,2024-06-08
202400030629,20:20,Nuit sans éclairage,08,08275,1,9,1,6.0,Unknown,49.615646,5.337853,20:20:00,2024-11-10
202400030630,18:35,Plein jour,95,95351,2,1,1,3.0,D184,49.04949455,2.5003387,18:35:00,2024-06-23
202400030631,02:00,Nuit sans éclairage,973,97307,1,1,1,7.0,Larivot,4.902107,-52.357481,02:00:00,2024-11-12
202400030632,18:58,Plein jour,2B,2B034,1,9,1,2.0,rt30,42.636437,9.012531,18:58:00,2024-06-23
202400030633,07:30,Crépuscule,01,01352,1,1,1,6.0,D26,46.419554,4.977289,07:30:00,2024-11-12
202400030634,09:00,Plein jour,13,13097,1,1,1,2.0,N568,43.536603,4.82317,09:00:00,2024-06-24
202400030635,07:15,Nuit sans éclairage,37,37131,1,1,1,1.0,RD 31,47.4565729,1.01164341,07:15:00,2024-11-12
202400030636,00:25,Nuit sans éclairage,13,13048,1,1,1,6.0,D11 - Route de VAUVENARGUES,43.58379063,5.63811226,00:25:00,2024-06-22
202400030637,16:38,Plein jour,26,26313,2,6,1,2.0,Avenue de Provence,44.968237,4.951036,16:38:00,2024-06-21
202400030638,03:56,Nuit sans éclairage,53,53034,1,9,1,6.0,A81 pk 241.500 sens 1,48.09813621,-0.7049489,03:56:00,2024-11-12
202400030639,07:45,Plein jour,44,44110,2,6,1,2.0,3 Boulevard  paul doumer,47.43795,-1.499843,07:45:00,2024-06-04
202400030640,11:15,Plein jour,51,51428,1,1,1,2.0,"A4, PK 158+400",49.12810864,4.22984074,11:15:00,2024-11-11
202400030641,17:49,Plein jour,60,60103,2,1,7,2.0,D931,49.411929,2.258991,17:49:00,2024-06-24
202400030642,17:35,Nuit sans éclairage,68,68118,2,2,5,3.0,Rue de la Rampe,47.732462,7.423329,17:35:00,2024-11-06
202400030643,12:30,Plein jour,13,13215,1,1,1,2.0,A7-Sens Lyon vers Marseille,43.36676,5.36055,12:30:00,2024-06-18
202400030644,19:15,Plein jour,13,13215,1,1,1,3.0,A7-Sens Lyon vers Marseille,43.36643455,5.36080529,19:15:00,2024-06-21
202400030645,18:50,Nuit sans éclairage,69,69242,1,1,1,5.0,Autoroute A6,46.12183306,4.76380839,18:50:00,2024-11-10
202400030646,07:15,Plein jour,69,69081,1,1,1,6.0,Route de Métropole 6   ,45.7724496,4.7882419,07:15:00,2024-06-23
202400030647,19:40,Nuit sans éclairage,987,98748,2,1,1,2.0,Vairao Pk 10.200,-17.81,-149.243,19:40:00,2024-11-11
202400030648,04:00,Nuit sans éclairage,69,69250,1,1,1,3.0,Autoroute 89 ,45.82022717,4.71281597,04:00:00,2024-06-23
202400030649,23:50,Nuit sans éclairage,973,97303,1,1,3,1.0,route nationale 1 PK 175,5.545148,-53.446984,23:50:00,2024-11-10
202400030650,04:40,Nuit sans éclairage,69,69297,1,1,8,6.0,Autoroute 7 ,45.604315,4.798443,04:40:00,2024-06-23
202400030651,11:59,Plein jour,2B,2B079,2,1,1,6.0,T20,42.483832,9.280615,11:59:00,2024-11-10
202400030652,13:40,Plein jour,91,91477,1,1,1,2.0,AUTOROUTE A10,48.71761,2.26248,13:40:00,2024-06-23
202400030653,21:15,Plein jour,91,91521,1,1,1,6.0,RD 31,48.639,2.39383,21:15:00,2024-06-22
202400030654,09:00,Plein jour,06,06157,1,1,1,7.0,Route de Coursegoules,43.741438,7.101996,09:00:00,2024-11-11
202400030655,12:30,Plein jour,78,78531,1,1,1,2.0,A13,48.990557,1.645082,12:30:00,2024-06-23
202400030656,16:15,Plein jour,13,13110,2,9,1,3.0,boulevard de l'europe,43.450567,5.68374,16:15:00,2024-11-11
202400030657,09:30,Plein jour,13,13059,1,1,2,2.0,D15,43.649616,5.5408,09:30:00,2024-11-12
202400030658,15:05,Plein jour,92,92048,1,1,1,4.0,N118,48.80191535,2.2149201,15:05:00,2024-06-22
202400030659,13:40,Plein jour,63,63226,1,1,1,6.0,D1,45.74609257,3.23690417,13:40:00,2024-11-08
202400030660,13:45,Plein jour,93,93005,1,1,1,4.0,A3,48.95598293,2.47342937,13:45:00,2024-06-23
202400030661,00:01,Nuit sans éclairage,38,38392,1,1,5,1.0,D517,45.68851,5.282986,00:01:00,2024-11-11
202400030662,07:25,Plein jour,93,93005,1,1,1,2.0,A3,48.95493345,2.47355044,07:25:00,2024-06-23
202400030663,04:55,Crépuscule,95,95582,1,9,1,6.0,D170,48.96627777,2.2725329,04:55:00,2024-06-23
202400030664,04:45,Crépuscule,75,75120,1,1,1,7.0,A3,48.86633561,2.41388619,04:45:00,2024-06-23
202400030665,12:15,Plein jour,38,38548,1,1,8,1.0,RD 531 roche pointue,45.073123,5.54381,12:15:00,2024-11-11
202400030666,22:30,Nuit sans éclairage,95,95675,1,1,1,3.0,A1,49.06061,2.5511,22:30:00,2024-06-22
202400030667,17:50,Nuit sans éclairage,69,69228,1,1,1,3.0,Route de Lyon,45.54584254,4.64144902,17:50:00,2024-11-11
202400030668,12:45,Plein jour,92,92036,1,1,2,7.0,AUTOROUTE A15,48.94067835,2.29263081,12:45:00,2024-06-21
202400030669,10:50,Plein jour,79,79049,1,1,2,7.0,Unknown,46.808487,-0.487269,10:50:00,2024-11-12
202400030670,15:00,Plein jour,93,93064,1,1,1,2.0,A86,48.86122426,2.48410075,15:00:00,2024-06-22
202400030671,12:30,Plein jour,16,16320,1,1,1,6.0,D11,45.765547,0.043688,12:30:00,2024-11-11
202400030672,20:10,Crépuscule,94,94022,1,1,1,6.0,A86,48.77662114,2.41804614,20:10:00,2024-06-21
202400030673,17:15,Plein jour,72,72154,1,1,1,1.0,Route de Savigné-sous-Le-Lude,47.66033713,-0.03440733,17:15:00,2024-11-11
202400030674,15:30,Plein jour,94,94028,1,1,1,2.0,A86,48.77623444,2.43292233,15:30:00,2024-06-21
202400030675,19:10,Nuit sans éclairage,56,56023,1,1,1,4.0,Kerstran,47.690988,-3.033739,19:10:00,2024-11-10
202400030676,18:11,,987,98735,2,1,1,7.0,TIPAERUI (CV),-17.55,-149.57724,18:11:00,2024-06-21
202400030677,17:40,,35,35229,2,6,1,2.0,rond-point de Beauvais - D178,48.112301,-1.224099,17:40:00,2024-11-10
202400030678,12:45,Plein jour,974,97416,1,1,1,7.0,PETIT FRERE(CHEMIN),-21.27843,55.48881,12:45:00,2024-06-22
202400030679,17:10,Crépuscule,80,80570,2,1,1,3.0,36 Rue Victor Gaillard,49.773513,2.481251,17:10:00,2024-11-10
202400030680,23:25,,973,97302,2,1,1,7.0,BADUEL (ROUTE DE),4.93723721,-52.31530237,23:25:00,2024-06-21
202400030681,18:52,,13,13210,2,1,1,3.0,A50-Sens Marseille vers Aubagne,43.28489979,5.41754007,18:52:00,2024-11-07
202400030682,19:20,,973,97302,1,6,1,2.0,LEBLOND (ROND POINT),4.92066,-52.33019,19:20:00,2024-06-21
202400030683,04:50,,972,97209,2,1,1,6.0,PAUL NARDAL (AVENUE),14.60961,-61.07341,04:50:00,2024-06-22
202400030684,14:36,Plein jour,92,92002,1,1,1,4.0,AUTOROUTE A10,48.7317457,2.3103109,14:36:00,2024-11-11
202400030685,15:26,Plein jour,2B,2B033,2,1,1,3.0,AV DE LA LIBERATION,42.682961,9.444499,15:26:00,2024-06-22
202400030686,15:35,Plein jour,95,95428,2,1,1,6.0,DOCTEUR DEMIRLEAU (RUE DU),48.98875266,2.31986046,15:35:00,2024-06-22
202400030687,15:18,Plein jour,91,91689,1,1,1,6.0,AUTOROUTE A6B,48.74158,2.32143,15:18:00,2024-11-11
202400030688,00:10,Nuit sans éclairage,95,95074,2,1,2,1.0,D922,49.02097927,1.99788642,00:10:00,2024-06-22
202400030689,09:22,Plein jour,91,91235,1,1,1,7.0,RN 104,48.62490043,2.36740351,09:22:00,2024-11-11
202400030690,20:30,Plein jour,95,95063,2,1,1,6.0,FRANCIS DE PRESSENSE (RUE),48.92824,2.21766,20:30:00,2024-06-22
202400030691,18:10,Plein jour,91,91589,2,1,1,6.0,RUE DANIEL NIORD,48.67947,2.33545,18:10:00,2024-06-21
202400030692,01:29,Nuit sans éclairage,77,77296,1,1,1,2.0,A5b,48.63686831,2.62853221,01:29:00,2024-11-11
202400030693,14:45,Plein jour,44,44109,2,6,1,7.0,Rue des Dervalières,47.2219623,-1.57865059,14:45:00,2024-10-30
202400030694,05:55,Plein jour,88,88160,2,2,1,3.0,BOULAY-DE-LA-MEURTHE (RUE),48.17913,6.4446,05:55:00,2024-06-22
202400030695,12:40,Plein jour,44,44109,2,1,1,7.0,Boulevard des ations Unies,47.21064165,-1.55993555,12:40:00,2024-10-30
202400030696,23:35,Nuit sans éclairage,84,84019,1,1,1,2.0,A7,44.323894,4.739828,23:35:00,2024-08-21
202400030697,18:45,Plein jour,84,84035,1,3,1,3.0,ROBION-RD2 (ROUTE DE),43.84025,5.06164,18:45:00,2024-06-22
202400030698,00:10,,84,84003,2,1,1,1.0,Rue Saint-Lazare,43.880194,5.39153,00:10:00,2024-07-28
202400030699,14:50,Plein jour,84,84054,2,1,1,7.0,990 Avenue du Partage des Eaux,43.916432,5.067358,14:50:00,2024-07-25
202400030700,03:40,Nuit avec éclairage,84,84035,2,1,1,1.0,MARSEILLE-RD938 (ROUTE DE),43.82769,5.0328,03:40:00,2024-06-22
202400030701,22:25,,84,84031,2,1,1,7.0,ZOLA BOULEVARD EMILE,44.04941,5.04935,22:25:00,2024-07-11
202400030702,20:27,Plein jour,84,84007,2,1,1,1.0,MORIERES (Route de ),43.951427,4.827537,20:27:00,2024-06-22
202400030703,21:05,Crépuscule,84,84052,1,1,1,1.0,Route de la Tour d?Aigues,43.756457,5.574532,21:05:00,2024-06-24
202400030704,15:21,Plein jour,83,83137,2,1,1,3.0,15EME CORPS (AVE DU),43.12824,5.91649,15:21:00,2024-06-22
202400030705,05:30,Crépuscule,81,81065,2,1,1,2.0,60 Rue Ernest Barthe,43.60472,2.25001,05:30:00,2024-06-22
202400030706,10:40,Plein jour,14,14322,1,2,1,6.0,Route des Flagues,49.239597,-0.703533,10:40:00,2024-07-03
202400030707,20:45,Plein jour,80,80021,2,1,1,6.0,Rue Eloi Morel,49.90174,2.30744,20:45:00,2024-06-22
202400030708,10:30,Plein jour,2B,2B120,2,1,1,2.0,IMPERIALE (Route) D464 ,42.64025,9.43277,10:30:00,2024-11-10
202400030709,01:30,Nuit sans éclairage,78,78372,2,1,8,6.0,EUROPE (AVENUE DE L'),48.87681,2.10106,01:30:00,2024-06-22
202400030710,18:48,Plein jour,77,77296,2,1,1,6.0,RUE DENIS PAPIN,48.61156,2.58716,18:48:00,2024-06-22
202400030711,19:30,Nuit sans éclairage,971,97113,1,1,2,5.0,SECTION LEROUX,16.22743,-61.47628,19:30:00,2024-11-09
202400030712,03:05,,77,77445,2,1,1,6.0,ROUGEAU (RUE DE),48.60125,2.57022,03:05:00,2024-06-22
202400030713,16:00,Plein jour,76,76108,2,3,1,3.0,Rue de la Republique,49.47058,1.11646,16:00:00,2024-06-21
202400030714,19:35,Nuit sans éclairage,971,97101,1,1,1,4.0,RN1-  HAUTEUR DE SORTIE LAURICISQUE,16.25295,-61.54538,19:35:00,2024-11-09
202400030715,06:35,Crépuscule,2A,2A004,2,1,1,6.0,CONVENTIONNEL SALICETTI CHRISTOPHE,41.92766,8.73525,06:35:00,2024-11-10
202400030716,17:05,Plein jour,76,76324,1,1,1,2.0,RD 925,49.933445,1.152545,17:05:00,2024-06-21
202400030717,02:15,Nuit sans éclairage,90,90075,1,1,5,7.0,D13,47.66091,6.85813,02:15:00,2024-11-10
202400030718,22:35,,73,73065,2,3,2,2.0,PALAIS DE JUSTICE (PLACE DE),45.56849959,5.91977182,22:35:00,2024-06-21
202400030719,18:05,Plein jour,73,73011,1,1,2,6.0,D925 PONT ALBERTIN,45.65847567,6.38562705,18:05:00,2024-06-21
202400030720,13:52,Plein jour,80,80021,2,1,1,3.0,Rue de Paris,49.88637,2.28823,13:52:00,2024-11-10
202400030721,18:40,,77,77373,2,2,1,2.0,RUE DES PRES SAINT MARTIN,48.78052,2.61456,18:40:00,2024-11-10
202400030722,20:50,Crépuscule,69,69266,2,2,8,3.0,160 Rue Anatole France,45.76941,4.88722,20:50:00,2024-06-22
202400030723,18:05,Plein jour,66,66136,1,1,1,2.0,RD 900,42.67465,2.88602,18:05:00,2024-06-21
202400030724,19:20,,77,77096,2,1,1,6.0,GALLIENI (AVENUE),48.48853,2.69679,19:20:00,2024-11-10
202400030725,23:25,Nuit avec éclairage,61,61001,2,2,1,3.0,Voie Communale,48.431879,0.107812,23:25:00,2024-06-22
202400030726,16:45,Plein jour,59,59122,2,2,9,1.0,DE GAULLE (RUE DU GENERAL),50.17543,3.23701,16:45:00,2024-06-21
202400030727,18:50,Plein jour,77,77169,2,1,1,2.0,D361,48.80328,2.62632,18:50:00,2024-11-09
202400030728,17:15,Plein jour,56,56121,2,1,1,1.0,Rue Jean Le Coutaller,47.7475,-3.36905,17:15:00,2024-06-22
202400030729,00:45,Nuit sans éclairage,76,76575,1,1,2,2.0,Boulevard Lénine,49.36873221,1.11265031,00:45:00,2024-11-10
202400030730,12:00,Plein jour,54,54578,2,2,2,3.0,Boulevard des Aiguillettes,48.67024,6.1582,12:00:00,2024-06-22
202400030731,21:25,Crépuscule,51,51454,2,1,8,7.0,AVIATION (RUE),49.27539,4.03909,21:25:00,2024-06-22
202400030732,19:15,Plein jour,51,51573,2,1,1,2.0,PERI (RUE GABRIEL),49.24577,3.99746,19:15:00,2024-06-22
202400030733,16:15,Plein jour,74,74298,2,3,1,3.0,LIVRON (ROUTE DE),46.18576,6.25153,16:15:00,2024-11-10
202400030734,18:35,,73,73065,2,6,1,3.0,D991 CEDRES (ROND POINT DES),45.58981,5.9204,18:35:00,2024-11-10
202400030735,16:45,Plein jour,51,51454,2,1,1,4.0,CHAMPAGNE   (  AVENUE DE),49.22829,4.03089,16:45:00,2024-06-21
202400030736,07:26,Plein jour,49,49267,2,6,1,7.0,BOIS RINIER,47.47606,-0.49634,07:26:00,2024-06-22
202400030737,22:10,,68,68066,2,1,8,3.0,Route de Neuf-Brisach,48.079971,7.365864,22:10:00,2024-11-10
202400030738,01:15,,42,42218,2,1,1,6.0,Rue des Alliés,45.43916045,4.4203146,01:15:00,2024-06-22
202400030739,11:35,Plein jour,64,64269,2,3,1,1.0,PIERRE DE BELSUNCE,43.28966,-0.31188,11:35:00,2024-11-10
202400030740,05:05,Crépuscule,41,41295,1,1,2,7.0,D951,47.604,1.376,05:05:00,2024-06-22
202400030741,04:35,,64,64445,2,1,1,6.0,JEAN MERMOZ,43.31294,-0.37745,04:35:00,2024-11-10
202400030742,19:10,Plein jour,38,38179,2,3,8,3.0,AVENUE GABRIEL PÉRI,45.18174,5.77984,19:10:00,2024-06-22
202400030743,18:10,Plein jour,38,38185,2,1,1,6.0,JEAN PAIN (BOULEVARD),45.18691683,5.73604077,18:10:00,2024-06-22
202400030744,02:50,,59,59017,2,2,1,3.0,RESISTANTS (RUE DES ),50.69135,2.87324,02:50:00,2024-11-10
202400030745,17:43,,54,54280,2,9,1,6.0,Rue Saint Robert,49.22542203,6.01174772,17:43:00,2024-11-04
202400030746,12:05,Plein jour,37,37233,2,3,1,6.0,JAURES (RUE JEAN),47.39025,0.72585,12:05:00,2024-06-22
202400030747,16:50,Plein jour,37,37261,2,9,1,2.0,MARECHAL JUIN (BD),47.41235,0.70329,16:50:00,2024-06-21
202400030748,01:30,Nuit sans éclairage,34,34129,1,1,1,1.0,D116,43.55898,3.86522,01:30:00,2024-06-22
202400030749,15:35,Plein jour,50,50218,2,1,1,4.0,VENDEENS (AV DES),48.83534,-1.57916,15:35:00,2024-11-09
202400030750,14:30,Plein jour,31,31555,2,3,1,3.0,BLAGNAC (ROUTE DE),43.62316,1.40472,14:30:00,2024-06-21
202400030751,05:30,Nuit sans éclairage,29,29232,2,1,1,6.0,Boulevard Louis le Guennec,47.97999419,-4.10677976,05:30:00,2024-06-22
202400030752,18:07,Nuit sans éclairage,47,47323,1,2,1,3.0,RN 21,44.3901,0.71789,18:07:00,2024-11-08
202400030753,14:47,Plein jour,28,28134,2,6,1,3.0,ROND POINT DES CHATELETS,48.7467,1.39052,14:47:00,2024-06-22
202400030754,01:35,,22,22278,2,1,1,6.0,VOLTAIRE,48.50903,-2.75787,01:35:00,2024-06-23
202400030755,10:30,Plein jour,42,42187,2,3,8,3.0,Rue de Charlieu,46.04873,4.08306,10:30:00,2024-11-10
202400030756,17:05,Plein jour,21,21054,2,3,1,3.0,GAULLE (AVENUE DU GENERAL DE),47.018142,4.835724,17:05:00,2024-06-21
202400030757,21:44,,19,19031,2,1,1,6.0,BRUNE (BOULEVARD),45.1533,1.53615,21:44:00,2024-06-22
202400030758,12:30,Plein jour,19,19031,2,6,2,3.0,CHAUMEIL (RUE PIERRE),45.15648,1.50418,12:30:00,2024-06-22
202400030759,18:15,,38,38185,2,1,1,4.0,AVENUE LA BRUYÈRE,45.16656,5.72902,18:15:00,2024-11-10
202400030760,18:06,Plein jour,19,19031,2,1,1,6.0,JAURES (AVENUE JEAN),45.15345,1.52934,18:06:00,2024-06-21
202400030761,18:40,,38,38185,2,1,1,2.0,COURS JEAN JAURÈS,45.1832,5.7176,18:40:00,2024-11-10
202400030762,14:40,Plein jour,14,14366,2,2,1,3.0,24 Boulevard Duchesne Fournet,49.148435,0.228295,14:40:00,2024-06-22
202400030763,22:17,,13,13210,2,1,2,6.0,ROMAIN ROLLAND (BOULEVARD),43.27485,5.41561,22:17:00,2024-06-22
202400030764,06:15,,37,37261,2,1,1,1.0,MIRABEAU (PONT),47.39798,0.6995,06:15:00,2024-11-10
202400030765,03:00,,13,13208,2,1,1,5.0,PRADO (AVENUE DU),43.26932,5.38602,03:00:00,2024-06-22
202400030766,05:30,Crépuscule,13,13203,2,3,1,1.0,GÉNÉRAL LECLERC (RUE),43.30435,5.37598,05:30:00,2024-06-22
202400030767,04:30,,35,35238,2,1,1,6.0,MIRABEAU,48.12451,-1.64378,04:30:00,2024-11-10
202400030768,16:30,Plein jour,13,13205,2,2,1,5.0,SAKAKINI (BOULEVARD),43.29541,5.40084,16:30:00,2024-06-18
202400030769,23:40,Nuit sans éclairage,35,35278,1,1,1,6.0,CHENAY HUE  (LIEU DIT),48.17011281,-1.68984264,23:40:00,2024-11-09
202400030770,00:16,,10,10387,2,9,1,7.0,REPUBLIQUE (RUE DE LA ),48.298,4.0742,00:16:00,2024-06-23
202400030771,20:43,Plein jour,10,10387,2,1,1,7.0,Boulevard Danton,48.30294,4.07703,20:43:00,2024-06-22
202400030772,18:40,Plein jour,07,07102,2,6,1,3.0,Jean MOULIN (Rue),44.93764,4.86363,18:40:00,2024-06-21
202400030773,00:20,,34,34172,2,2,1,3.0,SORBES (RUE DE LAS,43.61609,3.85812,00:20:00,2024-11-11
202400030774,11:10,Plein jour,75,75116,2,1,2,2.0,BD PERIPHERIQUE EXTERIEUR,48.866593,2.268615,11:10:00,2024-06-21
202400030775,10:01,Plein jour,75,75120,2,3,2,6.0,AVENUE DE LA PORTE DE BAGNOLET,48.864722,2.410235,10:01:00,2024-06-21
202400030776,15:50,Plein jour,34,34116,2,1,1,6.0,COMTE DE NICE (AVENUE DU),43.64237,3.81416,15:50:00,2024-11-08
202400030777,01:30,,75,75106,2,1,1,3.0,PONT NEUF,48.8563,2.3406,01:30:00,2024-06-22
202400030778,00:30,,75,75111,2,2,2,1.0,AVENUE PHILIPPE AUGUSTE,48.855762,2.391338,00:30:00,2024-06-22
202400030779,17:20,Plein jour,75,75118,2,2,1,3.0,BOULEVARD BARBES,48.88834,2.349704,17:20:00,2024-06-22
202400030780,14:20,Plein jour,29,29232,2,6,1,3.0,Rond-Point de Ludugris,47.97952351,-4.12191647,14:20:00,2024-11-10
202400030781,20:05,Plein jour,75,75115,2,2,1,6.0,BOULEVARD PASTEUR,48.842997,2.312796,20:05:00,2024-06-22
202400030782,15:30,Plein jour,29,29232,2,1,1,1.0,Rue de Kerfeunteun,48.000136,-4.101344,15:30:00,2024-11-09
202400030783,03:10,,25,25056,2,1,1,6.0,BELFORT RUE DE (inf144),47.24966,6.03231,03:10:00,2024-11-10
202400030784,16:30,Plein jour,75,75115,2,2,1,3.0,RUE DE LA CONVENTION,48.837221,2.296423,16:30:00,2024-06-22
202400030785,11:35,Plein jour,17,17306,2,3,1,6.0,POSTE (ROND POINT DE LA),45.62507,-1.02439,11:35:00,2024-11-10
202400030786,19:05,Plein jour,75,75112,2,3,1,2.0,RUE DU SAHEL,48.841119,2.402323,19:05:00,2024-06-22
202400030787,20:30,Plein jour,75,75111,2,3,1,3.0,RUE DE MONTREUIL,48.850905,2.396445,20:30:00,2024-06-22
202400030788,05:05,,15,15014,2,4,5,6.0,Route de Belbex,44.91953,2.41768,05:05:00,2024-11-10
202400030789,09:40,Plein jour,75,75110,2,1,1,7.0,BOULEVARD DE LA VILLETTE,48.880462,2.370074,09:40:00,2024-06-22
202400030790,00:45,,75,75108,2,3,1,3.0,RUE DE LA VILLE L EVEQUE,48.871037,2.322415,00:45:00,2024-06-22
202400030791,21:30,Nuit sans éclairage,13,13056,1,9,1,7.0,REVEILLA,43.42011,5.02249,21:30:00,2024-11-10
202400030792,00:20,,75,75107,2,1,2,2.0,QUAI D ORSAY,48.862218,2.303187,00:20:00,2024-06-22
202400030793,13:55,Plein jour,94,94076,2,1,1,1.0,Avenue de la République,48.78846528,2.35912836,13:55:00,2024-06-22