Num_Acc,hrmn,lum,dep,com,agg,int,atm,col,adr,lat,long,heure,date
202400030794,19:55,Plein jour,94,94073,2,2,1,2.0,Avenue de Versailles / Rue simone veil,48.75820329,2.39257768,19:55:00,2024-06-21
202400030795,17:00,,13,13001,2,2,1,3.0,ROI RENE (BD DU),43.52396548,5.447454,17:00:00,2024-11-09
202400030796,23:55,,94,94054,2,9,2,6.0,Route Charles Tillon,48.74596,2.38345,23:55:00,2024-06-21
202400030797,04:45,,77,77291,2,1,2,1.0,CHAPIT RE ( RUE DU),49.01271707,2.5903047,04:45:00,2024-06-22
202400030798,09:20,Plein jour,10,10081,2,1,1,6.0,JEAN ZAY (RUE),48.3085,4.0399,09:20:00,2024-11-10
202400030799,20:00,Plein jour,93,93066,2,1,1,6.0,Rue d'Eaubonne,48.945136,2.375771,20:00:00,2024-06-22
202400030800,04:00,,93,93046,2,1,1,7.0,Avenue Aristide Briand,48.91341,2.52464,04:00:00,2024-06-22
202400030801,01:20,Nuit avec éclairage,93,93015,2,1,2,1.0,Rue Raoul Larche,48.91421,2.5791,01:20:00,2024-06-22
202400030802,18:00,Plein jour,93,93057,2,2,1,3.0,Allée Monthyon / Allée Marie-Louise,48.913224,2.505795,18:00:00,2024-06-22
202400030803,15:45,Plein jour,08,08105,2,1,1,3.0,NOUZONVILLE,49.78559,4.72097,15:45:00,2024-11-10
202400030804,00:10,,92,92072,2,2,2,6.0,Maréchal Juin (Quai),48.8291813,2.22411239,00:10:00,2024-06-22
202400030805,03:00,,92,92044,2,2,1,3.0,PDT WILSON(RUE)133A149 ET 132A144,48.89811835,2.28517923,03:00:00,2024-06-22
202400030806,00:15,Nuit avec éclairage,92,92036,1,9,2,6.0,SORTIE A 86,48.93422494,2.28121805,00:15:00,2024-06-22
202400030807,22:30,,92,92004,2,1,1,3.0,GRESILLONS (AVENUE DES) (47/101),48.91461356,2.30069232,22:30:00,2024-06-21
202400030808,10:20,Plein jour,92,92032,2,1,2,6.0,CLAUDE AUGUSTIN (RUE),48.78528301,2.28790085,10:20:00,2024-06-22
202400030809,12:44,Plein jour,92,92007,2,6,3,6.0,STALINGRAD (AVENUE DE),48.80970091,2.31758621,12:44:00,2024-06-22
202400030810,05:25,,92,92007,2,5,2,3.0,MEUNIERS (RUE DES),48.79784242,2.31744057,05:25:00,2024-06-22
202400030811,16:15,Plein jour,75,75118,2,4,1,2.0,BOULEVARD PERIPHERIQUE INTERIEUR NORD  ,48.90096955,2.34761417,16:15:00,2024-11-10
202400030812,23:30,,54,54509,2,1,1,6.0,Rue de Lorraine,48.631572,6.373296,23:30:00,2024-06-22
202400030813,01:30,Nuit sans éclairage,35,35168,1,6,1,6.0,Rond Point Bellevue,47.90935108,-1.99117273,01:30:00,2024-06-15
202400030814,14:20,Plein jour,75,75119,2,2,1,3.0,AVENUE SIMON BOLIVAR,48.877078,2.374203,14:20:00,2024-11-10
202400030815,03:15,Nuit sans éclairage,2A,2A127,1,1,1,6.0,T40,41.580343,8.952495,03:15:00,2024-06-23
202400030816,17:00,Plein jour,75,75116,2,1,1,6.0,AVENUE PAUL DOUMER,48.860588,2.282132,17:00:00,2024-11-08
202400030817,11:35,Plein jour,06,06149,2,1,1,1.0,4 Boulevard Riba Roussa,43.733011,7.292883,11:35:00,2024-06-22
202400030818,18:50,Plein jour,95,95487,2,1,1,6.0,MAURICE THOREZ (AVENUE),49.151124,2.270662,18:50:00,2024-06-23
202400030819,15:40,Plein jour,75,75115,2,3,1,3.0,AVENUE EMILE ZOLA,48.846898,2.293098,15:40:00,2024-11-10
202400030820,10:45,Plein jour,36,36233,1,1,3,1.0,Route de Valencay,47.23779994,1.54171821,10:45:00,2024-06-21
202400030821,12:15,Plein jour,63,63004,2,1,1,6.0,90 les jarrasses,45.93743567,2.8036748,12:15:00,2024-06-23
202400030822,13:00,Plein jour,75,75115,2,2,1,3.0,BOULEVARD VICTOR,48.83541,2.281058,13:00:00,2024-11-10
202400030823,08:30,Plein jour,974,97414,2,1,1,3.0,99 Route Hubert Delisle,-21.257636,55.441401,08:30:00,2024-06-23
202400030824,03:00,Nuit sans éclairage,58,58048,1,1,2,6.0,c2,47.342745,3.196222,03:00:00,2024-06-22
202400030825,12:10,Plein jour,75,75114,2,2,1,6.0,BOULEVARD BRUNE,48.826161,2.312747,12:10:00,2024-11-10
202400030826,17:30,Plein jour,06,06046,1,1,1,4.0,94 Route de Grenoble,43.770459,7.212117,17:30:00,2024-06-13
202400030827,23:15,,75,75108,2,1,1,6.0,AVENUE DELCASSE,48.873275,2.314578,23:15:00,2024-11-09
202400030828,23:40,,75,75108,2,2,1,2.0,AVENUE DES CHAMPS ELYSEES,48.871925,2.300835,23:40:00,2024-11-10
202400030829,17:15,Plein jour,971,97132,2,1,1,2.0,route de grande anse,15.960847,-61.671638,17:15:00,2024-06-21
202400030830,01:40,Nuit sans éclairage,68,68156,1,1,8,6.0,D430,47.89020822,7.25097475,01:40:00,2024-06-23
202400030831,23:20,,75,75102,2,1,1,3.0,BOULEVARD DE BONNE NOUVELLE,48.870397,2.349344,23:20:00,2024-11-09
202400030832,15:30,Plein jour,37,37170,1,1,1,2.0,"A28 , PK 41",47.593199,0.547128,15:30:00,2024-06-22
202400030833,23:25,,94,94033,2,5,1,3.0,Boulevard de Verdun,48.85373,2.46983,23:25:00,2024-11-10
202400030834,11:00,Plein jour,35,35024,1,1,1,6.0,Roullefort,48.156152,-1.650743,11:00:00,2024-06-22
202400030835,02:00,Nuit sans éclairage,56,56234,1,1,1,2.0,Route de Quiberon,47.510788,-3.129795,02:00:00,2024-06-23
202400030836,14:30,Plein jour,94,94022,2,2,1,3.0,Rue du Four,48.75378479,2.40538479,14:30:00,2024-11-10
202400030837,11:45,Plein jour,77,77066,1,3,1,3.0,N4,48.691031,3.344843,11:45:00,2024-06-23
202400030838,15:20,Plein jour,94,94054,2,3,8,1.0,Rue des Aubépines,48.74296,2.38997,15:20:00,2024-11-09
202400030839,05:28,Nuit sans éclairage,79,79220,1,3,3,7.0,Unknown,46.221482,-0.683727,05:28:00,2024-06-22
202400030840,18:00,,93,93078,2,1,1,6.0,BALLANGER (BD ROBERT),48.95441009,2.53572464,18:00:00,2024-11-10
202400030841,16:15,Plein jour,2B,2B208,1,1,8,7.0,molinone,42.326173,9.404951,16:15:00,2024-06-23
202400030842,17:59,,93,93039,2,1,1,5.0,MARINE (QUAI DE LA ),48.94766522,2.32332148,17:59:00,2024-11-10
202400030843,07:45,Crépuscule,34,34270,1,9,1,3.0,"Autorouite A 709, PK 19.100, sens Sud Nord",43.566617,3.841631,07:45:00,2024-12-18
202400030844,01:50,Nuit sans éclairage,93,93077,2,3,5,3.0,RAINCY (AVENUE DU),48.88664,2.50887,01:50:00,2024-11-10
202400030845,14:00,Plein jour,77,77295,1,1,7,1.0,voie communale numéro 2,48.557559,2.738793,14:00:00,2024-12-06
202400030846,17:00,Crépuscule,93,93055,2,3,1,3.0,JEAN LOLIVE (AVENUE)(75/105.88/106),48.89183108,2.40644038,17:00:00,2024-11-10
202400030847,05:08,Crépuscule,78,78601,1,1,1,3.0,route nationale 10,48.593186,1.832657,05:08:00,2024-12-03
202400030848,02:55,,93,93031,2,4,2,6.0,DE LATTRE DE TASSIGNY (1 A 51),48.95927,2.30036,02:55:00,2024-11-10
202400030849,10:49,Plein jour,2B,2B057,1,1,1,3.0,RT10,42.2502,9.545577,10:49:00,2024-12-18
202400030850,17:00,Crépuscule,30,30258,2,1,1,7.0,Avenue des Costieres,43.679931,4.423301,17:00:00,2024-12-12
202400030851,01:15,,93,93029,2,2,5,3.0,ANATOLE FRANCE,48.92482947,2.44759355,01:15:00,2024-11-10
202400030852,15:35,Plein jour,13,13041,2,6,7,3.0,Chemin des Pres,43.457845,5.46315,15:35:00,2024-12-16
202400030853,19:40,,92,92049,2,1,1,2.0,VERDIER AVENUE AUTRES N°,48.81616205,2.30917141,19:40:00,2024-11-10
202400030854,01:00,Nuit sans éclairage,89,89206,1,6,1,6.0,rd 606,47.970675,3.409367,01:00:00,2024-12-18
202400030855,12:20,Plein jour,92,92002,2,1,2,2.0,RAYMON ARON (AVENUE),48.76661393,2.3101332,12:20:00,2024-11-10
202400030856,10:35,Plein jour,55,55122,2,1,1,6.0,Rue Cochard Mourot,48.758194,5.584217,10:35:00,2024-12-18
202400030857,02:30,Nuit sans éclairage,972,97204,2,1,2,3.0,ROUTE NATIONALE 02,14.708748,-61.183162,02:30:00,2024-11-11
202400030858,17:40,Nuit sans éclairage,63,63263,1,1,2,4.0,D942,45.76297066,2.99497139,17:40:00,2024-12-11
202400030859,02:45,Nuit sans éclairage,971,97109,1,1,2,1.0,RN1,15.991545,-61.681334,02:45:00,2024-11-09
202400030860,20:16,Nuit sans éclairage,34,34036,1,1,1,6.0,A75 PK 279+850,43.692329,3.346088,20:16:00,2024-11-06
202400030861,08:20,Plein jour,63,63141,2,1,1,6.0,avenue de la Paix,45.79359648,3.05293322,08:20:00,2024-11-05
202400030862,17:50,,30,30135,2,3,1,3.0,11 Rue Theophile Michel,43.828192,4.551513,17:50:00,2024-11-10
202400030863,17:25,Nuit sans éclairage,69,69216,1,1,5,6.0,Route Départementale 24,45.78805648,4.52760414,17:25:00,2024-12-17
202400030864,17:00,Plein jour,06,06108,2,1,1,6.0,128 Avenue de la Republique,43.574744,6.951685,17:00:00,2024-11-08
202400030865,17:30,Crépuscule,09,09306,2,1,1,6.0,Avenue de Sabart,42.841132,1.602405,17:30:00,2024-12-18
202400030866,07:10,Crépuscule,45,45088,2,1,5,1.0,1 Place du Chateau,48.16969,1.979891,07:10:00,2024-11-10
202400030867,10:40,Plein jour,17,17240,2,1,1,6.0,34 Avenue de Royan,45.288154,-0.410099,10:40:00,2024-12-17
202400030868,05:40,Nuit sans éclairage,27,27179,1,6,2,6.0,D834,49.137786,0.575312,05:40:00,2024-11-11
202400030869,06:30,Nuit sans éclairage,64,64501,1,1,9,6.0,RD933,43.51821,-0.721702,06:30:00,2024-12-17
202400030870,07:00,,29,29042,2,1,1,6.0,route de Lanvéoc,48.2495504,-4.41967706,07:00:00,2024-12-18
202400030871,15:50,Plein jour,76,76541,1,1,8,1.0,D6015,49.525027,0.980487,15:50:00,2024-12-18
202400030872,13:15,Plein jour,13,13088,1,1,1,7.0,A55-Sens Martigues vers Marseille,43.39141,5.25239,13:15:00,2024-12-16
202400030873,13:00,Plein jour,13,13005,1,1,1,6.0,A50-Sens Aubagne vers Toulon,43.28300157,5.57748508,13:00:00,2024-12-16
202400030874,00:02,Nuit sans éclairage,13,13026,1,1,1,2.0,A55-Sens Martigues vers Marseille,43.3895,5.13775,00:02:00,2024-12-16
202400030875,12:05,Plein jour,30,30037,2,3,1,3.0,D746,44.278607,4.129915,12:05:00,2024-11-07
202400030876,22:20,,987,98738,2,1,1,7.0,ROUTE DE LA PUNARUU,-17.618,-149.549,22:20:00,2024-11-08
202400030877,10:40,Plein jour,83,83137,1,1,1,5.0,A50 TUNNEL TUBE SUD,43.12721801,5.92314623,10:40:00,2024-12-17
202400030878,09:35,Plein jour,04,04127,1,1,1,2.0,autoroute a 51 PK 102.300,44.06010956,5.96297136,09:35:00,2024-10-21
202400030879,18:30,Nuit sans éclairage,83,83062,2,1,1,2.0,A570,43.14229207,6.0352296,18:30:00,2024-12-16
202400030880,17:30,Nuit sans éclairage,06,06152,1,1,1,7.0,100 Chemin des Clausonnes,43.604351,7.052053,17:30:00,2024-11-10
202400030881,18:40,,01,01249,2,1,1,7.0,Rue du Figuier,45.827737,4.969393,18:40:00,2024-11-04
202400030882,08:55,Plein jour,33,33192,1,1,1,4.0,Unknown,44.788195,-0.600569,08:55:00,2024-12-16
202400030883,19:18,Nuit sans éclairage,62,62634,1,1,1,6.0,A16,50.9327,2.00385,19:18:00,2024-12-14
202400030884,05:30,Nuit sans éclairage,14,14762,1,1,1,6.0,D150,48.822244,-0.933784,05:30:00,2024-11-10
202400030885,07:00,Crépuscule,59,59431,1,1,1,3.0,AUTOROUTE A25,50.6879,2.8282,07:00:00,2024-11-13
202400030886,11:00,Plein jour,56,56178,2,1,1,6.0,Rue Leperdit,48.067953,-2.96368,11:00:00,2024-11-08
202400030887,00:45,Nuit sans éclairage,59,59582,1,6,1,3.0,D642,50.729352,2.623286,00:45:00,2024-11-11
202400030888,07:30,Crépuscule,91,91661,1,1,2,5.0,AUTOROUTE A10,48.70274,2.24849,07:30:00,2024-12-17
202400030889,09:30,Plein jour,13,13056,1,1,1,2.0,A55-Sens Martigues vers Marseille,43.39846284,5.08412226,09:30:00,2024-11-08
202400030890,05:30,Nuit sans éclairage,91,91570,1,1,2,2.0,RN 104,48.62518,2.32926,05:30:00,2024-12-17
202400030891,05:25,Nuit sans éclairage,13,13215,1,1,1,2.0,A7-Sens Marseille vers Lyon,43.34963,5.36927,05:25:00,2024-11-10
202400030892,11:00,Plein jour,92,92036,1,1,8,2.0,A86,48.93444454,2.27968714,11:00:00,2024-12-16
202400030893,01:10,Nuit sans éclairage,13,13211,1,1,1,3.0,A50-Sens Aubagne vers Marseille,43.292,5.45257,01:10:00,2024-11-10
202400030894,20:00,Nuit sans éclairage,95,95527,1,1,1,2.0,A3,48.98608259,2.50437342,20:00:00,2024-12-17
202400030895,02:12,Nuit sans éclairage,13,13211,1,1,1,6.0,A50-Sens Aubagne vers Marseille,43.29191,5.45201,02:12:00,2024-11-10
202400030896,19:00,Nuit sans éclairage,95,95351,1,1,1,2.0,N104,49.03158928,2.49319292,19:00:00,2024-12-17
202400030897,08:20,Plein jour,93,93010,1,1,1,2.0,AUTOROUTE A3,48.91775151,2.47850608,08:20:00,2024-12-17
202400030898,17:00,Nuit sans éclairage,93,93008,1,1,1,3.0,AUTOROUTE A86,48.91198941,2.43837476,17:00:00,2024-12-16
202400030899,18:44,Crépuscule,13,13210,2,1,1,2.0,Tunnel Prado Carénage,43.2795,5.39474,18:44:00,2024-11-09
202400030900,05:20,Nuit sans éclairage,95,95604,1,1,1,6.0,A1,49.10548,2.55192,05:20:00,2024-12-16
202400030901,20:45,Nuit sans éclairage,13,13215,1,1,2,2.0,A7-Sens Lyon vers Marseille,43.34994821,5.36891233,20:45:00,2024-11-08
202400030902,20:05,Nuit sans éclairage,93,93027,1,1,2,2.0,AUTOROUTE A1,48.93803963,2.41408741,20:05:00,2024-12-15
202400030903,19:00,Nuit sans éclairage,69,69276,1,1,1,5.0,Route Départementale 301,45.68408,4.85486,19:00:00,2024-11-09
202400030904,14:10,Plein jour,94,94046,1,1,1,3.0,A86,48.81292733,2.44895577,14:10:00,2024-12-17
202400030905,05:30,Nuit sans éclairage,42,42207,1,1,1,6.0,N88,45.46265875,4.49269766,05:30:00,2024-11-09
202400030906,18:35,Nuit sans éclairage,93,93051,1,1,2,3.0,A4,48.83569183,2.56273622,18:35:00,2024-12-16
202400030907,10:00,Plein jour,77,77249,1,1,2,1.0,RN104,48.75684101,2.61553866,10:00:00,2024-12-16
202400030908,05:30,Nuit sans éclairage,42,42207,1,1,1,4.0,N88,45.45210696,4.47663771,05:30:00,2024-11-09
202400030909,07:30,Crépuscule,77,77122,1,1,2,6.0,RN104,48.6595134,2.61310224,07:30:00,2024-12-16
202400030910,07:50,Crépuscule,92,92002,1,1,1,2.0,AUTOROUTE A10,48.73097848,2.3088415,07:50:00,2024-11-10
202400030911,15:20,Plein jour,974,97411,2,1,1,7.0,TECOMAS (RUE DES),-20.89674,55.46619,15:20:00,2024-08-17
202400030912,16:38,Plein jour,92,92025,1,1,1,2.0,A86,48.93541254,2.26118997,16:38:00,2024-11-09
202400030913,18:45,,974,97411,2,1,1,6.0,MAHY (FRANCOIS DE),-20.89749,55.48496,18:45:00,2024-06-08
202400030914,10:35,Plein jour,95,95212,1,1,1,6.0,N104,49.02916218,2.53426909,10:35:00,2024-11-10
202400030915,14:20,Crépuscule,974,97411,2,1,8,2.0,BERTIN,-20.88809,55.44964,14:20:00,2024-05-29
202400030916,06:40,Nuit sans éclairage,95,95582,1,1,1,6.0,A15,48.96922475,2.25039607,06:40:00,2024-11-09
202400030917,21:45,,988,98818,2,2,1,1.0,ROUTE DE L'ANSE VATA/RUE EDOUARD GLASSER,-22.29256,166.44723,21:45:00,2024-11-09
202400030918,19:00,,974,97409,2,4,1,5.0,BRETELLE SORTIE RN2 ROCADE SUD,-20.96897944,55.65550849,19:00:00,2024-03-14
202400030919,00:24,,987,98735,2,1,1,7.0,FARE UTE,-17.53136,-149.57108,00:24:00,2024-11-09
202400030920,00:50,,75,75119,2,1,2,6.0,BD PERIPHERIQUE EXTERIEUR,48.896328,2.394569,00:50:00,2024-12-16
202400030921,13:40,Plein jour,974,97416,1,1,1,2.0,RN1 (ROUTE NATIONALE),-21.3157,55.44166,13:40:00,2024-11-09
202400030922,17:33,Nuit avec éclairage,75,75117,2,7,1,3.0,AVENUE DES TERNES,48.881175,2.28415,17:33:00,2024-12-16
202400030923,16:29,Plein jour,974,97416,2,1,1,3.0,CAYENNE (RUE DE LA),-21.340678,55.466329,16:29:00,2024-11-08
202400030924,08:30,Plein jour,75,75118,2,2,2,3.0,BOULEVARD NEY,48.897602,2.329012,08:30:00,2024-12-16
202400030925,18:20,,75,75116,2,1,1,3.0,AVENUE VICTOR HUGO,48.871499,2.289671,18:20:00,2024-12-16
202400030926,16:20,Plein jour,974,97407,1,2,1,3.0,MURAT CHANOINE(RUE),-20.93564,55.29461,16:20:00,2024-11-08
202400030927,07:40,,75,75114,2,7,2,6.0,AVENUE DU MAINE,48.828042,2.326713,07:40:00,2024-12-16
202400030928,08:35,,973,97302,2,2,1,3.0,JUILLET (RUE DU 14),4.94057,-52.32975,08:35:00,2024-11-01
202400030929,08:10,Crépuscule,75,75113,2,2,2,2.0,AVENUE DES GOBELINS,48.833359,2.354226,08:10:00,2024-12-16
202400030930,18:40,,69,69383,2,3,1,1.0,Rue Antoine Charial,45.7579,4.86887,18:40:00,2024-11-08
202400030931,14:49,Plein jour,75,75110,2,1,8,3.0,QUAI DE VALMY,48.875902,2.363835,14:49:00,2024-12-16
202400030932,08:30,Plein jour,75,75110,2,1,2,3.0,BOULEVARD DE MAGENTA,48.86996,2.361879,08:30:00,2024-12-16
202400030933,04:40,,69,69387,2,9,1,3.0,Avenue Leclerc,45.7478,4.83363,04:40:00,2024-11-09
202400030934,15:53,Plein jour,75,75109,2,7,1,3.0,RUE SAINT LAZARE,48.876421,2.33112,15:53:00,2024-12-16
202400030935,09:15,Plein jour,972,97209,2,1,1,5.0,PAPIN DUPONT (RUE),14.60689,-61.06819,09:15:00,2024-11-09
202400030936,18:55,,94,94081,2,1,2,2.0,Avenue Jean Jaurès,48.7948881,2.40400386,18:55:00,2024-12-14
202400030937,12:40,Plein jour,2B,2B037,2,1,3,3.0,D 82,42.59252,9.43464,12:40:00,2024-11-09
202400030938,09:49,Plein jour,94,94074,2,1,2,1.0,Rue Théodule Jourdain,48.76821496,2.45084703,09:49:00,2024-12-16
202400030939,06:05,Nuit avec éclairage,91,91027,2,1,2,1.0,VC QUAI DE L'INDUSTRIE,48.70262,2.39965,06:05:00,2024-11-09
202400030940,18:45,,94,94068,2,3,2,1.0,Rue du Pont de Créteil,48.8036,2.4716,18:45:00,2024-12-15
202400030941,09:30,Plein jour,84,84007,2,1,1,6.0,JARDINS NEUFS (CHEMIN DES),43.9557,4.83099,09:30:00,2024-11-09
202400030942,19:05,,94,94018,2,2,2,3.0,Avenue de Gravelle,48.82407421,2.41993068,19:05:00,2024-12-15
202400030943,17:05,Crépuscule,81,81004,2,9,1,3.0,STRASBOURG (BD DE),43.93342611,2.14670062,17:05:00,2024-11-08
202400030944,00:01,,94,94041,2,5,2,3.0,Rue de la Gare,48.81551,2.39311,00:01:00,2024-12-16
202400030945,21:40,,78,78208,2,4,1,6.0,ALLENDE (RUE SALVADOR),48.767489,1.956438,21:40:00,2024-11-09
202400030946,23:12,,93,93059,2,9,2,1.0,LAENNEC (AVENUE),48.96200704,2.37046623,23:12:00,2024-12-15
202400030947,14:20,Plein jour,77,77288,2,1,1,2.0,SEJOURNE (RUE),48.52719,2.65376,14:20:00,2024-11-09
202400030948,07:45,,93,93053,2,1,1,6.0,PARIS (RUE DE),48.9033,2.46642,07:45:00,2024-12-15
202400030949,08:50,Plein jour,93,93050,2,1,2,6.0,GABRIELLE (IMPASSE ET RUE),48.87534,2.52599,08:50:00,2024-12-16
202400030950,17:40,,73,73011,2,6,1,4.0,D1212 CHASSEURS ALPINS (AV.) P. DUROY VERS AV,45.66487,6.38941,17:40:00,2024-11-08
202400030951,05:50,,93,93010,2,1,2,6.0,GALLIENI (AV.) DE 2 A 96,48.906258,2.48346,05:50:00,2024-12-16
202400030952,18:11,Nuit sans éclairage,92,92040,2,1,1,3.0,ROUGET DE L'ISLE,48.82936113,2.26251807,18:11:00,2024-12-16
202400030953,06:55,,72,72181,2,4,2,3.0,HEUZE OLIVIER AV N° PAIRS 200 ET >,47.99158,0.17191,06:55:00,2024-11-08
202400030954,23:00,,92,92012,2,1,2,1.0,JEAN JAURES (BOULEVARD) 217/FIN - 210/FI,48.8294,2.24591,23:00:00,2024-12-15
202400030955,17:05,Crépuscule,69,69282,2,4,1,6.0,Rue de la République,45.76643,5.00558,17:05:00,2024-11-08
202400030956,22:45,,67,67482,2,9,1,6.0,POLYGONE (ROUTE DU),48.56175,7.76352,22:45:00,2024-11-09
202400030957,19:26,Nuit sans éclairage,31,31567,1,3,1,3.0,Route de Castres,43.59413,1.668291,19:26:00,2024-12-16
202400030958,18:25,,65,65440,2,1,2,6.0,Rue du Corps Franc Pommiès,43.23714002,0.04968793,18:25:00,2024-11-09
202400030959,00:40,,59,59335,2,1,2,1.0,23 Route de Tournai,50.459584,3.426775,00:40:00,2024-12-17
202400030960,18:30,Nuit avec éclairage,64,64445,2,1,2,6.0,LOUIS SALLENAVE,43.31788,-0.35806,18:30:00,2024-11-09
202400030961,16:30,Crépuscule,35,35216,1,1,1,6.0,Les trois chênes,48.19081,-1.819117,16:30:00,2024-12-09
202400030962,11:30,Plein jour,64,64445,2,6,2,3.0,JEAN MERMOZ,43.31784,-0.37838,11:30:00,2024-11-09
202400030963,10:10,Plein jour,83,83031,1,1,1,3.0,Échangeur entre A8 et A 57 (Embranchement d'autoroute),43.399607,6.360354,10:10:00,2024-12-14
202400030964,11:20,Plein jour,63,63113,2,1,1,6.0,JULIEN (AVENUE),45.77539,3.08165,11:20:00,2024-11-09
202400030965,07:20,Crépuscule,59,59352,2,1,2,6.0,Avenue Robert Descamps,50.72989817,3.09281526,07:20:00,2024-11-09
202400030966,15:20,Plein jour,14,14061,1,1,1,6.0,A84,49.014297,-0.874711,15:20:00,2024-12-16
202400030967,20:45,Nuit avec éclairage,59,59350,2,1,2,4.0,Avenue de Dunkerque (Lille),50.63819,3.023,20:45:00,2024-11-09
202400030968,16:55,Crépuscule,22,22305,1,3,2,2.0,D766,48.25632,-2.167032,16:55:00,2024-12-16
202400030969,10:45,Plein jour,58,58194,2,2,1,3.0,MARZY,46.9874,3.1408,10:45:00,2024-11-09
202400030970,22:30,Nuit sans éclairage,51,51576,1,1,2,6.0,D34,49.06135849,4.15715366,22:30:00,2024-12-16
202400030971,19:30,,49,49099,2,9,1,6.0,MARNE (AVENUE DE LA),47.05101,-0.88678,19:30:00,2024-11-09
202400030972,18:17,,47,47032,2,6,2,3.0,ALBERT CAMUS (avenue),44.19095388,0.65727049,18:17:00,2024-11-09
202400030973,17:10,Crépuscule,61,61168,2,3,1,3.0,VC,48.574456,-0.369828,17:10:00,2024-12-16
202400030974,11:00,Plein jour,45,45234,2,3,7,6.0,2 Place Albert Camus,47.83523,1.93586,11:00:00,2024-11-09
202400030975,20:45,Nuit sans éclairage,34,34338,1,1,1,1.0,Départementale 908,43.61678,3.409329,20:45:00,2024-12-16
202400030976,07:00,Nuit sans éclairage,45,45302,2,1,5,3.0,D2020 PR 22 + 70,47.96341,1.88868,07:00:00,2024-11-09
202400030977,21:35,,45,45068,2,1,1,6.0,89 Rue Voltaire,48.0354,2.73853,21:35:00,2024-11-09
202400030978,07:15,Nuit sans éclairage,44,44187,1,1,1,1.0,Les Pilorgères,47.219349,-2.067203,07:15:00,2024-12-17
202400030979,19:10,,34,34172,2,1,2,6.0,APOTHICAIRES (AVENUE DES),43.64299,3.83842,19:10:00,2024-11-09
202400030980,15:00,Plein jour,70,70399,1,1,1,6.0,D7,47.903632,6.0123498,15:00:00,2024-12-15
202400030981,18:40,,33,33119,2,2,1,3.0,Unknown,44.85723,-0.53228,18:40:00,2024-11-09
202400030982,16:24,Crépuscule,14,14578,1,1,1,5.0,Route de Honfleur,49.336952,0.206273,16:24:00,2024-12-16
202400030983,19:00,,33,33039,2,1,1,3.0,Unknown,44.78801,-0.56651,19:00:00,2024-11-09
202400030984,06:22,Nuit sans éclairage,10,10231,1,1,2,1.0,D619,48.510658,3.430269,06:22:00,2024-10-14
202400030985,15:20,Plein jour,33,33069,2,3,1,6.0,Unknown,44.86152,-0.58984,15:20:00,2024-11-08
202400030986,18:45,Nuit sans éclairage,10,10029,1,1,2,6.0,D452,48.035024,4.372215,18:45:00,2024-12-16
202400030987,15:30,Plein jour,33,33522,2,3,1,1.0,Unknown,44.79615,-0.59232,15:30:00,2024-11-08
202400030988,18:40,Nuit sans éclairage,07,07347,1,1,9,7.0,D121,45.189863,4.532332,18:40:00,2024-12-16
202400030989,13:00,Plein jour,33,33522,2,6,1,5.0,Unknown,44.81848,-0.60209,13:00:00,2024-11-08
202400030990,17:19,Crépuscule,30,30294,1,1,1,1.0,Route de Bagnols,44.128507,4.141202,17:19:00,2024-12-17
202400030991,16:10,Plein jour,29,29019,2,1,1,7.0,ARMORIQUE (DE 1 A 51 ET 2 A 60),48.384608,-4.502822,16:10:00,2024-11-13
202400030992,07:30,Crépuscule,67,67204,1,6,8,7.0,Route de la Wantzenau,48.63875553,7.78031051,07:30:00,2024-12-13
202400030993,14:10,Plein jour,27,27681,2,2,1,3.0,RENAISSANCE (RUE DE LA),49.08141,1.48136,14:10:00,2024-11-09
202400030994,07:40,Plein jour,67,67112,1,1,1,4.0,A35 PK 317+100,48.51212,7.582551,07:40:00,2024-12-16
202400030995,17:45,Nuit sans éclairage,44,44082,1,1,1,1.0,117 Bel Air,47.3812,-1.394507,17:45:00,2024-12-16
202400030996,14:23,Plein jour,22,22113,1,1,1,6.0,FOT (LIEU-DIT LE)(BRELEVENEZ),48.74993,-3.42055,14:23:00,2024-11-05
202400030997,13:00,Plein jour,73,73065,1,1,8,6.0,BIF13.10 Bretelle Accès bifurcation / A43,45.602885,5.891944,13:00:00,2024-12-14
202400030998,13:25,Plein jour,17,17306,2,1,1,2.0,ROCHEFORT (DE)  (AVENUE),45.642551,-1.024769,13:25:00,2024-11-08
202400030999,16:00,Plein jour,27,27701,1,1,1,2.0,Autoroute A13 PK 96,49.224265,1.210489,16:00:00,2024-12-16
202400031000,08:20,Crépuscule,27,27518,1,1,1,6.0,A131 PK 012+000 direction LE HAVRE,49.453611,0.533032,08:20:00,2024-12-17
202400031001,09:10,Plein jour,17,17299,2,2,1,3.0,BUISSON BOULEVARD,45.94022,-0.98418,09:10:00,2024-11-09
202400031002,07:40,Plein jour,973,97305,1,1,1,3.0,Route Nationale 1 - PK 34.700,5.052814,-52.522974,07:40:00,2024-12-17
202400031003,07:10,Nuit sans éclairage,41,41136,1,1,1,6.0,D112,47.685889,1.51768,07:10:00,2024-12-16
202400031004,20:00,,13,13210,2,1,2,5.0,CAPELETTE (AVENUE DE LA),43.28056,5.40787,20:00:00,2024-11-09