Num_Acc,hrmn,lum,dep,com,agg,int,atm,col,adr,lat,long,heure,date
202400031005,04:00,Nuit sans éclairage,06,06069,1,1,2,6.0,251 Route de Plascassier,43.6445,6.96348,04:00:00,2024-11-09
202400031006,12:45,Plein jour,06,06069,2,1,1,6.0,6 Boulevard Emmanuel Rouquier,43.64485,6.94037,12:45:00,2024-11-05
202400031007,08:35,Plein jour,77,77508,1,6,1,3.0,D231,48.823325,2.834172,08:35:00,2024-12-11
202400031008,19:14,Crépuscule,03,03013,2,9,1,3.0,Avenue des Isles,46.576,3.319,19:14:00,2024-11-09
202400031009,12:00,Plein jour,77,77318,1,2,8,3.0,D216,48.792567,2.934862,12:00:00,2024-12-16
202400031010,16:05,Plein jour,01,01289,2,6,1,3.0,LYON ( AVE DE) A PARTIR,46.18203,5.20513,16:05:00,2024-11-08
202400031011,17:30,Nuit sans éclairage,78,78164,1,1,2,3.0,D29,48.597635,1.927832,17:30:00,2024-12-16
202400031012,16:57,Plein jour,75,75117,2,2,1,6.0,BOULEVARD BESSIERES,48.897725,2.329015,16:57:00,2024-11-08
202400031013,08:55,Crépuscule,06,06157,2,1,7,4.0,669 Avenue Emile Hugues,43.719435,7.113031,08:55:00,2024-12-15
202400031014,15:25,Plein jour,10,10004,1,1,2,1.0,D677,48.599941,4.161673,15:25:00,2024-12-16
202400031015,06:00,Nuit sans éclairage,67,67084,1,1,5,1.0,D1422,48.325501,7.459284,06:00:00,2024-12-17
202400031016,19:00,,57,57663,2,1,3,6.0,D55bis,49.24035,6.173426,19:00:00,2024-11-25
202400031017,16:00,Plein jour,75,75120,2,2,1,6.0,RUE ALEXANDRE DUMAS,48.854753,2.39748,16:00:00,2024-11-08
202400031018,07:50,Plein jour,69,69246,1,2,5,3.0,Route de Tarare,45.935714,4.654824,07:50:00,2024-12-17
202400031019,15:00,Plein jour,75,75120,2,3,8,3.0,RUE D AVRON,48.851526,2.399521,15:00:00,2024-11-08
202400031020,12:05,Plein jour,17,17385,2,6,7,7.0,Route des Mirouelles,45.946562,-1.317308,12:05:00,2024-12-16
202400031021,13:20,Plein jour,33,33248,2,1,1,6.0,Unknown,45.087365,-0.796807,13:20:00,2024-12-16
202400031022,02:50,,75,75119,2,1,1,2.0,AVENUE JEAN JAURES,48.888813,2.39351,02:50:00,2024-11-09
202400031023,13:15,Plein jour,33,33056,2,1,1,6.0,Unknown,44.912022,-0.6201,13:15:00,2024-12-16
202400031024,20:10,,75,75115,2,1,1,3.0,QUAI BRANLY,48.85644,2.290038,20:10:00,2024-11-09
202400031025,10:15,Plein jour,14,14529,1,1,2,6.0,3 Rue de la Mairie,49.256318,-0.753416,10:15:00,2024-12-16
202400031026,19:28,,75,75115,2,1,1,2.0,RUE FALGUIERE,48.8387,2.3116,19:28:00,2024-11-08
202400031027,05:20,Nuit sans éclairage,22,22068,1,1,1,7.0,D700,48.262397,-2.785321,05:20:00,2024-12-17
202400031028,20:50,,75,75114,2,2,1,3.0,BOULEVARD BRUNE,48.826159,2.312744,20:50:00,2024-11-08
202400031029,07:40,Nuit sans éclairage,76,76503,1,3,1,5.0,D6015,49.51356054,0.9947015,07:40:00,2024-12-17
202400031030,20:45,,75,75113,2,1,1,6.0,BOULEVARD DU GENERAL JEAN SIMON,48.82637361,2.38402784,20:45:00,2024-11-08
202400031031,20:20,Nuit sans éclairage,60,60139,1,9,2,2.0,D 1001,49.1723574,2.23059797,20:20:00,2024-12-15
202400031032,19:38,,75,75109,2,1,1,3.0,RUE BLANCHE,48.878638,2.33162,19:38:00,2024-11-09
202400031033,17:20,Nuit sans éclairage,60,60120,1,1,2,2.0,Départemenatle 137,49.32364138,2.41843843,17:20:00,2024-12-16
202400031034,04:51,,94,94078,2,2,1,1.0,Rue Emile Zola,48.73559,2.44692,04:51:00,2024-11-09
202400031035,04:50,,94,94068,2,2,1,1.0,Avenue Foch,48.80444,2.48614,04:50:00,2024-11-09
202400031036,15:50,Plein jour,94,94041,2,1,1,6.0,Avenue Henri Barbusse,48.80814828,2.37535813,15:50:00,2024-11-09
202400031037,09:15,Plein jour,94,94041,2,2,1,3.0,Rue Lénine,48.8166,2.39536,09:15:00,2024-11-09
202400031038,17:00,Crépuscule,94,94028,2,1,1,6.0,Avenue de la France Libre,48.778453,2.455134,17:00:00,2024-11-09
202400031039,07:20,Crépuscule,69,69290,1,1,3,2.0,Autoroute 43,45.70546061,4.96039247,07:20:00,2024-10-17
202400031040,06:50,,33,33249,1,1,1,3.0,Unknown,44.88473,-0.51616,06:50:00,2024-12-16
202400031041,09:00,Plein jour,91,91363,1,1,8,2.0,RN 104,48.646273,2.191453,09:00:00,2024-12-16
202400031042,01:00,Nuit sans éclairage,78,78571,1,1,2,2.0,A13,48.865275,2.037515,01:00:00,2024-12-16
202400031043,15:29,Plein jour,92,92048,1,1,2,2.0,N118,48.79379358,2.21880725,15:29:00,2024-12-15
202400031044,01:05,Nuit avec éclairage,78,78238,1,1,1,6.0,A13,48.96914,1.86395,01:05:00,2024-12-15
202400031045,18:20,Nuit sans éclairage,78,78640,1,1,2,2.0,A86 INT,48.777713,2.218135,18:20:00,2024-12-14
202400031046,18:31,Nuit sans éclairage,92,92050,1,1,2,6.0,A86,48.8916083,2.17728343,18:31:00,2024-11-18
202400031047,12:20,Plein jour,95,95277,1,1,1,4.0,A104,48.97399752,2.48805982,12:20:00,2024-12-14
202400031048,13:10,Plein jour,94,94073,1,1,2,4.0,A86,48.7631492,2.38096972,13:10:00,2024-12-16
202400031049,01:55,Nuit sans éclairage,77,77438,1,1,2,6.0,A104,48.86262798,2.66812122,01:55:00,2024-12-16
202400031050,16:00,Plein jour,24,24322,2,2,1,3.0,COMBES DES DAMES (RUE),45.18959,0.72022,16:00:00,2024-09-27
202400031051,16:30,Plein jour,93,93029,2,2,8,6.0,Rue Anatole France / Rue Henri Rouanet,48.92721764,2.45114744,16:30:00,2024-05-16
202400031052,08:40,Plein jour,93,93029,2,1,1,2.0,Avenue Henri Barbusse,48.92167209,2.45517969,08:40:00,2024-05-11
202400031053,18:50,Plein jour,93,93029,2,3,1,6.0,Rue Anatole France / Rue Gateau Lamblin,48.93113,2.45541,18:50:00,2024-05-09
202400031054,10:30,Plein jour,43,43157,2,3,1,3.0,MONTREDON (ROUTE DE),45.05057,3.89913,10:30:00,2024-09-27
202400031055,18:00,Plein jour,43,43157,2,1,2,6.0,LIBERATION (PLACE DE LA),45.04767,3.87832,18:00:00,2024-09-19
202400031056,18:10,Plein jour,43,43157,2,3,1,3.0,Place du Breuil,45.04202,3.88273,18:10:00,2024-09-05
202400031057,20:20,Crépuscule,14,14054,2,3,8,5.0,1 Le Bourg,48.893989,-0.982917,20:20:00,2024-09-11
202400031058,09:50,Plein jour,25,25315,2,1,1,6.0,rue de Lattre de Tassigny,47.449854,6.580945,09:50:00,2024-07-13
202400031059,11:25,Plein jour,987,98735,2,1,1,3.0,GAL DE GAULLE (RUE),-17.5403,-149.5676,11:25:00,2024-12-15
202400031060,12:45,Plein jour,974,97409,2,1,1,3.0,CAMBUSTON (rue de),-20.933,55.65116,12:45:00,2024-12-15
202400031061,14:45,Plein jour,972,97209,2,3,1,3.0,LAMARTINE (RUE),14.6193,-61.03978,14:45:00,2024-12-15
202400031062,11:40,Plein jour,972,97209,1,1,1,1.0,SOLEIL LEVANT (BOULEVARD DU),14.6192,-61.03887,11:40:00,2024-12-15
202400031063,13:13,Plein jour,2B,2B037,1,1,1,3.0,TOUTES RUES,42.36,9.2618,13:13:00,2024-12-15
202400031064,16:10,Plein jour,971,97107,2,1,2,3.0,PAUL LACAVE ( AVENUE ),16.04326666,-61.56460941,16:10:00,2024-12-15
202400031065,15:30,Plein jour,2A,2A004,2,6,8,2.0,STEPHANOPOLI NICEPHORE  DE COMENE BD,41.90877,8.71145,15:30:00,2024-12-14
202400031066,00:25,,95,95539,1,2,1,4.0,D301,48.99178077,2.36020435,00:25:00,2024-12-15
202400031067,12:55,Plein jour,95,95051,2,1,1,6.0,JULES CESAR (CHAUSSEE),49.00938978,2.19744533,12:55:00,2024-12-14
202400031068,12:35,Plein jour,91,91477,1,1,1,3.0,GENERAL LECLERC (AVENUE DU),48.703924,2.231875,12:35:00,2024-12-15
202400031069,16:00,Plein jour,91,91687,2,1,1,3.0,MARMONT (AVENUE),48.666853,2.376826,16:00:00,2024-12-15
202400031070,04:40,,91,91286,2,1,1,6.0,ROUTE NATIONALE 7,48.665009,2.398,04:40:00,2024-12-15
202400031071,18:25,,89,89387,2,3,1,3.0,RENE BINET (RUE),48.19176,3.29725,18:25:00,2024-12-14
202400031072,18:00,,88,88160,2,9,8,3.0,NANCY (RUE DE),48.18383,6.44148,18:00:00,2024-12-15
202400031073,04:07,,86,86194,2,2,1,6.0,Boulevard Bajon,46.580985,0.352834,04:07:00,2024-12-15
202400031074,17:27,,77,77284,2,1,1,6.0,D603,48.95668,2.90825,17:27:00,2024-12-14
202400031075,08:30,Plein jour,74,74012,2,3,2,3.0,LEVANT (RUE DU),46.1971,6.2404,08:30:00,2024-12-14
202400031076,16:30,Crépuscule,67,67482,2,8,1,6.0,FRANCS BOURGEOIS (RUE DES),48.58237,7.74601,16:30:00,2024-12-15
202400031077,11:40,Plein jour,65,65286,2,1,8,1.0,LAPACCA (BOULEVARD DU),43.09839249,-0.04161716,11:40:00,2024-12-14
202400031078,16:30,Crépuscule,64,64445,2,1,1,6.0,ALSACE LORRAINE D',43.30199,-0.3595,16:30:00,2024-12-15
202400031079,13:50,Plein jour,64,64102,2,6,1,3.0,BEYRIS (GIRATOIRE),43.47857,-1.49264,13:50:00,2024-12-15
202400031080,19:45,,62,62765,2,1,1,3.0,Rue des Béguines,50.74862,2.26173,19:45:00,2024-11-26
202400031081,14:10,Plein jour,59,59378,2,1,1,3.0,Boulevard Clémenceau,50.66189,3.09646,14:10:00,2024-12-15
202400031082,12:15,Plein jour,59,59566,2,1,1,2.0,Rue du Pont,50.62275,2.98591,12:15:00,2024-12-14
202400031083,22:30,,59,59648,2,2,1,3.0,Rue Clémenceau,50.59959,3.05337,22:30:00,2024-12-14
202400031084,18:19,Nuit avec éclairage,54,54079,2,3,8,3.0,Avenue Victor Claude,48.87948,6.0547,18:19:00,2024-12-14
202400031085,16:30,,54,54099,2,3,2,7.0,146D (RD),49.26986742,5.92174351,16:30:00,2024-12-14
202400031086,17:08,Plein jour,50,50502,2,1,8,3.0,MIDI,49.1108,-1.08462,17:08:00,2024-12-13
202400031087,22:35,Nuit sans éclairage,47,47323,1,1,8,7.0,TOURNON (ROUTE DE),44.39517,0.75386,22:35:00,2024-12-14
202400031088,20:20,,42,42095,2,1,1,3.0,Rue de la République,45.39316,4.29477,20:20:00,2024-12-15
202400031089,16:50,Crépuscule,37,37261,2,2,2,3.0,DEVILDE (RUE),47.4066662,0.6916126,16:50:00,2024-12-15
202400031090,09:40,Plein jour,33,33063,2,2,1,3.0,Unknown,44.847293,-0.622906,09:40:00,2024-12-15
202400031091,06:30,Nuit sans éclairage,29,29232,1,6,1,7.0,Rond-Point de Park Poullig,48.02992834,-4.08839227,06:30:00,2024-12-15
202400031092,23:54,Nuit sans éclairage,29,29254,1,9,2,7.0,Rue Ar Brug,48.576585,-3.855452,23:54:00,2024-12-15
202400031093,19:15,Nuit avec éclairage,29,29039,1,1,1,1.0,Route de Kerguéres,47.891814,-3.923573,19:15:00,2024-12-14
202400031094,01:00,Nuit sans éclairage,26,26198,1,1,1,6.0,RN7,44.55620287,4.72993314,01:00:00,2024-12-16
202400031095,13:35,Plein jour,26,26198,2,1,1,6.0,Avenue John Fitzgerald Kennedy,44.55488,4.73696,13:35:00,2024-12-13
202400031096,17:28,Nuit sans éclairage,22,22113,2,1,2,3.0,DE BROGLIE (RUE DE),48.75762,-3.46031,17:28:00,2024-12-10
202400031097,15:45,Plein jour,13,13212,2,1,1,7.0,PINATEL (BOULEVARD),43.31498672,5.4416473,15:45:00,2024-12-15
202400031098,18:51,,06,06027,2,2,1,3.0,55 Boulevard du Maréchal Alphonse Juin,43.65758,7.15109,18:51:00,2024-12-15
202400031099,15:05,Plein jour,05,05061,2,3,1,3.0,PRE DE FOIRE ( RUE DU ),44.55496,6.07452,15:05:00,2024-11-01
202400031100,17:45,,01,01344,2,3,2,3.0,TREVOUX (AVENUE DE),46.200973,5.201383,17:45:00,2024-12-14
202400031101,08:05,Plein jour,75,75116,2,1,1,2.0,BD PERIPHERIQUE EXTERIEUR,48.866593,2.268615,08:05:00,2024-12-15
202400031102,04:20,,75,75120,2,1,1,2.0,BD PERIPHERIQUE INTERIEUR,48.866942,2.41322,04:20:00,2024-12-15
202400031103,17:40,,75,75113,2,1,1,3.0,BD PERIPHERIQUE EXTERIEUR ,48.81629,2.345777,17:40:00,2024-12-14
202400031104,17:10,Crépuscule,75,75120,2,4,1,2.0,BD PERIPHERIQUE EXTERIEUR,48.862587,2.413767,17:10:00,2024-12-14
202400031105,08:50,Plein jour,75,75115,2,1,1,4.0,BD PERIPHERIQUE INTERIEUR,48.828061,2.290946,08:50:00,2024-12-13
202400031106,10:25,Plein jour,38,38052,2,9,1,3.0,RD1091 - zone du ras,45.066949,6.021964,10:25:00,2024-03-05
202400031107,12:26,Plein jour,75,75119,2,1,8,7.0,AVENUE DE FLANDRE,48.8878036,2.373092,12:26:00,2024-12-15
202400031108,01:30,,75,75119,2,3,2,3.0,BOULEVARD DE LA VILLETTE,48.88443,2.36731,01:30:00,2024-12-15
202400031109,08:40,Plein jour,60,60494,1,3,1,5.0,ZA Pre de la Dame Jeanne,49.10136,2.558518,08:40:00,2024-03-04
202400031110,01:20,Nuit sans éclairage,976,97608,2,1,1,7.0,Route de Moya,-12.783323,45.280913,01:20:00,2024-03-05
202400031111,08:20,Crépuscule,75,75113,2,3,1,6.0,AVENUE DE LA PORTE DE VITRY,48.822889,2.377832,08:20:00,2024-12-15
202400031112,22:00,,971,97116,1,1,2,6.0,Richeval,16.345539,-61.454478,22:00:00,2024-03-03
202400031113,00:02,,75,75112,2,2,2,2.0,AVENUE DU DOCTEUR ARNOLD NETTER,48.84089,2.404743,00:02:00,2024-12-15
202400031114,11:30,Plein jour,77,77107,1,2,2,1.0,N36,48.675157,2.813187,11:30:00,2024-02-29
202400031115,15:50,Plein jour,75,75109,2,3,1,3.0,AVENUE TRUDAINE,48.880678,2.340328,15:50:00,2024-12-15
202400031116,14:00,Plein jour,95,95039,2,1,1,3.0,D928,49.07099785,2.17643311,14:00:00,2024-03-01
202400031117,10:55,Plein jour,75,75107,2,3,1,6.0,BOULEVARD DES INVALIDES,48.851854,2.314714,10:55:00,2024-12-15
202400031118,18:30,Plein jour,83,83068,1,1,1,1.0,Route de Collobrieres,43.272331,6.503048,18:30:00,2024-03-05
202400031119,17:30,,75,75101,2,2,1,6.0,PLACE VENDOME,48.8669,2.32919,17:30:00,2024-12-15
202400031120,01:30,,75,75102,2,2,1,6.0,BOULEVARD DES CAPUCINES,48.870245,2.330145,01:30:00,2024-12-08
202400031121,17:20,Plein jour,83,83068,1,3,1,3.0,D14,43.269655,6.54146,17:20:00,2024-03-05
202400031122,21:30,,94,94074,2,1,1,2.0,Avenue Henri Barbusse,48.77103,2.44029,21:30:00,2024-12-14
202400031123,10:30,Plein jour,13,13015,1,1,1,3.0,D6,43.447763,5.444391,10:30:00,2024-03-05
202400031124,18:50,,89,89099,2,1,1,1.0,12 Rue des Gauzys,47.927572,3.547862,18:50:00,2024-03-05
202400031125,17:55,,94,94073,2,3,2,5.0,Rue du Bas Marin,48.75414,2.38641,17:55:00,2024-12-14
202400031126,12:13,Plein jour,94,94055,2,9,1,1.0,Route de Provins,48.79487326,2.55123621,12:13:00,2024-12-15
202400031127,14:40,Plein jour,69,69171,2,4,1,4.0,Route de Lyon,45.811097,4.600562,14:40:00,2024-03-04
202400031128,07:15,Plein jour,86,86123,1,1,7,6.0,Bas Etang,46.560004,0.091638,07:15:00,2024-03-04
202400031129,17:05,,93,93046,2,1,2,2.0,ROGER SALENGRO BOULEVARD,48.91465874,2.53326679,17:05:00,2024-12-15
202400031130,09:30,Plein jour,64,64230,2,1,2,6.0,Pc,43.231673,-0.388062,09:30:00,2024-03-05
202400031131,10:10,Plein jour,93,93027,2,1,1,2.0,MERMOZ (AVENUE JEAN),48.93245,2.40693,10:10:00,2024-12-15
202400031132,21:13,,92,92050,2,1,8,6.0,FRACHON BENOIT AVENUE,48.89672,2.19587,21:13:00,2024-12-13
202400031133,14:10,Plein jour,22,22093,2,6,1,3.0,Rue des Ponts Neufs,48.531416,-2.576948,14:10:00,2024-03-05
202400031134,12:18,Plein jour,92,92040,2,1,1,1.0,STALINGRAD (QUAI DE),48.82237256,2.2520417,12:18:00,2024-12-15
202400031135,18:45,,92,92026,2,3,2,2.0,VERDUN (DE 62 A FIN),48.90040144,2.26073664,18:45:00,2024-12-15
202400031136,07:20,Plein jour,83,83027,1,1,1,6.0,A50,43.19450747,5.69220956,07:20:00,2024-03-04
202400031137,07:45,,33,33243,2,1,1,6.0,Unknown,44.918822,-0.243416,07:45:00,2024-12-09
202400031138,17:40,Nuit sans éclairage,33,33346,1,4,1,1.0,Unknown,44.556193,-0.062469,17:40:00,2024-12-10
202400031139,21:05,Nuit sans éclairage,78,78402,1,1,1,2.0,A13,48.96523,1.76431,21:05:00,2024-03-03
202400031140,15:35,Plein jour,41,41276,2,3,8,6.0,Rue de la Poste,47.622143,1.323096,15:35:00,2024-12-14
202400031141,19:38,Nuit sans éclairage,78,78007,1,1,1,2.0,A13 Y,48.895822,2.006915,19:38:00,2024-03-03
202400031142,14:20,Plein jour,31,31299,1,1,2,6.0,D3,43.45927,1.206822,14:20:00,2024-12-13
202400031143,10:35,Plein jour,05,05085,1,1,1,2.0,RN94 Col de Montgenèvre,44.924923,6.688646,10:35:00,2024-12-16
202400031144,19:50,Nuit sans éclairage,78,78423,1,1,2,4.0,RN12,48.793273,2.052468,19:50:00,2024-03-02
202400031145,18:54,Nuit sans éclairage,01,01250,1,1,3,1.0,Route Departementale 28,45.986727,4.795886,18:54:00,2024-12-13
202400031146,23:30,,83,83036,2,1,1,6.0,Avenue de Saint-raphaël,43.184167,6.543007,23:30:00,2024-12-15
202400031147,19:30,,83,83091,2,2,1,1.0,Route de Puget-ville,43.23231,6.149597,19:30:00,2024-12-14
202400031148,06:20,Nuit sans éclairage,93,93005,1,1,1,5.0,A3,48.93141176,2.48117112,06:20:00,2024-03-04
202400031149,19:30,,57,57038,2,1,2,6.0,31 Rue du General Leclerc,49.471188,5.957192,19:30:00,2024-12-15
202400031150,22:45,,93,93008,1,1,1,6.0,A86,48.91407642,2.43245842,22:45:00,2024-03-03
202400031151,11:30,Plein jour,80,80710,1,1,1,3.0,D29,49.999471,1.734257,11:30:00,2024-12-08
202400031152,20:15,Nuit sans éclairage,77,77121,1,1,1,2.0,A104,48.83662222,2.66498382,20:15:00,2024-03-04
202400031153,00:20,Nuit sans éclairage,65,65116,1,1,1,7.0,D929,42.890826,0.352651,00:20:00,2024-12-16
202400031154,10:35,Plein jour,47,47215,2,1,1,7.0,avenue de Pujols,44.39450198,0.69428032,10:35:00,2024-02-23
202400031155,11:20,Plein jour,69,69169,1,1,2,6.0,Route de Saint-Just-d'Avray,45.991774,4.4032,11:20:00,2024-12-14
202400031156,15:00,Plein jour,11,11262,2,1,3,1.0,Unknown,43.21212,3.012743,15:00:00,2024-12-15
202400031157,09:47,Plein jour,44,44109,2,9,1,3.0,Unknown,47.2623748,-1.5834848,09:47:00,2024-01-17
202400031158,17:10,Plein jour,44,44109,2,1,8,6.0,15 Rue de Toul,47.24394436,-1.52529993,17:10:00,2024-01-12
202400031159,08:30,Plein jour,44,44162,2,1,8,6.0,1 Rue de la Gironde,47.21081842,-1.61357032,08:30:00,2024-01-12
202400031160,15:33,Plein jour,44,44109,2,1,8,3.0,83 Rue du Coudray,47.228153,-1.544837,15:33:00,2024-01-11
202400031161,13:50,Plein jour,44,44172,1,1,8,7.0,Unknown,47.23705673,-1.48132527,13:50:00,2024-01-03
202400031162,11:45,Plein jour,974,97416,1,1,2,2.0,RN02,-21.3433,55.4965,11:45:00,2024-03-03
202400031163,12:15,Plein jour,974,97409,2,1,1,2.0,Salazie (route de),-21.00146,55.5906,12:15:00,2024-03-02
202400031164,05:55,Nuit sans éclairage,973,97302,2,3,1,3.0,BADUEL (ROUTE DE),4.92876771,-52.29843289,05:55:00,2024-03-02
202400031165,18:45,Nuit sans éclairage,69,69387,2,1,2,6.0,Pont Galliéni,45.74821641,4.83238654,18:45:00,2024-03-03
202400031166,19:30,Nuit sans éclairage,971,97105,2,1,1,3.0,BOLOGNE (ROUTE DE),16.00563,-61.73325,19:30:00,2024-03-03
202400031167,07:15,Plein jour,95,95277,2,1,2,1.0,D208,48.985708,2.431868,07:15:00,2024-03-03
202400031168,10:35,Plein jour,91,91687,2,1,1,5.0,COUR DE FRANCE (AVENUE DE LA),48.677439,2.383378,10:35:00,2024-03-03
202400031169,15:15,Plein jour,83,83069,2,1,1,6.0,OLBIA  (VOIE),43.11346,6.12873,15:15:00,2024-03-02
202400031170,08:00,Crépuscule,77,77517,1,1,2,1.0,D404 LAGNY A ANNET,48.90114,2.66399,08:00:00,2024-03-03
202400031171,19:30,,64,64445,2,2,3,3.0,CASTETNAU,43.30027,-0.3652,19:30:00,2024-03-03
202400031172,06:50,,63,63113,2,2,2,3.0,CHANTERANNE / Chaussée Claudius,45.78476,3.09974,06:50:00,2024-03-03
202400031173,02:25,,62,62215,2,2,2,3.0,Rue Edouard Plachez,50.49332732,2.95759624,02:25:00,2024-03-03
202400031174,17:25,Plein jour,45,45234,2,1,3,7.0,D2020 PR 36 + 3630,47.9081,1.90394,17:25:00,2024-03-02
202400031175,12:42,Plein jour,45,45004,2,1,8,6.0,D2107 PR 2 + 383,47.97267,2.73342,12:42:00,2024-03-03
202400031176,15:00,Plein jour,42,42044,2,2,4,3.0,Avenue Charles de Gaulle,45.39593,4.32202,15:00:00,2024-03-03
202400031177,16:30,Plein jour,35,35278,1,6,1,2.0,CERISAIE (ROND POINT DE LA),48.14039,-1.68671,16:30:00,2024-03-03
202400031178,18:00,Plein jour,31,31555,2,3,1,3.0,ESTEBE (AV FREDERIC) DU 1AU 122,43.62590554,1.4370887,18:00:00,2024-03-03
202400031179,21:40,,29,29039,2,1,1,7.0,Avenue du Cabellou,47.856364,-3.900102,21:40:00,2024-03-03
202400031180,03:50,Nuit sans éclairage,28,28404,1,1,1,7.0,RN 154,48.70877619,1.36990851,03:50:00,2024-03-03
202400031181,17:15,Plein jour,14,14118,2,3,1,3.0,26 bis Rue Robert Jacquemard,49.1812,-0.3984,17:15:00,2024-03-03
202400031182,01:19,,13,13208,2,1,2,6.0,MENDES FRANCE (AVENUE),43.24949,5.37508,01:19:00,2024-03-03
202400031183,20:10,,13,13005,2,1,2,3.0,VERDUN (AVENUE DE),43.28784,5.58172,20:10:00,2024-03-03
202400031184,20:00,Nuit avec éclairage,75,75112,2,1,1,3.0,BD PERIPHERIQUE EXTERIEUR,48.828642,2.398889,20:00:00,2024-03-03
202400031185,21:00,Nuit sans éclairage,75,75116,2,1,2,2.0,BD PERIPHERIQUE INTERIEUR,48.873578,2.275295,21:00:00,2024-03-02
202400031186,16:50,Plein jour,75,75115,2,1,2,3.0,BD PERIPHERIQUE INTERIEUR,48.835298,2.272199,16:50:00,2024-03-02
202400031187,16:20,Crépuscule,75,75112,2,1,2,4.0,BD PERIPHERIQUE INTERIEUR,48.845831,2.414209,16:20:00,2024-03-02
202400031188,16:50,,75,75116,2,1,1,2.0,BD PERIPHERIQUE INTERIEUR,48.857166,2.25862,16:50:00,2024-03-01
202400031189,15:15,Plein jour,75,75117,2,3,1,6.0,AVENUE DE SAINT OUEN,48.888008,2.325767,15:15:00,2024-03-03
202400031190,06:20,,75,75116,2,2,2,3.0,ALLEE DE LONGCHAMP,48.874925,2.271105,06:20:00,2024-03-03
202400031191,14:45,Plein jour,75,75115,2,1,1,4.0,BOULEVARD VICTOR,48.836522,2.276637,14:45:00,2024-03-03
202400031192,11:20,Plein jour,75,75114,2,2,8,3.0,RUE RAYMOND LOSSERAND,48.832946,2.316252,11:20:00,2024-03-03
202400031193,05:42,,75,75113,2,3,1,7.0,BOULEVARD VINCENT AURIOL,48.833978,2.364721,05:42:00,2024-03-02
202400031194,09:50,Plein jour,75,75108,2,3,1,6.0,BOULEVARD MALESHERBES,48.878994,2.314835,09:50:00,2024-03-03
202400031195,05:10,,94,94078,2,3,2,2.0,Rue de Paris / Rue de l'Orme Sainte Marie,48.73895,2.44675,05:10:00,2024-03-03
202400031196,19:35,,94,94043,2,9,1,6.0,Avenue Jean Jaurès / Rue Gabriel Péri,48.81236,2.35261,19:35:00,2024-03-03
202400031197,06:30,,94,94043,2,6,2,2.0,Avenue de Fontainebleau  / Avenue Eugène Thomas,48.80978,2.36229,06:30:00,2024-03-03
202400031198,03:45,,94,94041,2,1,2,6.0,76 Avenue Maurice Thorez,48.81447071,2.37879392,03:45:00,2024-03-03
202400031199,23:45,,93,93008,2,5,2,3.0,Avenue Paul Vaillant - Couturier / Rue Honore d'Estienne d'Orves,48.9072,2.45679,23:45:00,2024-03-02
202400031200,23:20,Nuit sans éclairage,60,60531,1,1,1,1.0,D36,49.421226,2.735837,23:20:00,2024-03-03
202400031201,19:15,Nuit sans éclairage,974,97404,1,1,1,6.0,D17e,-21.261421,55.344379,19:15:00,2024-02-03
202400031202,22:30,Nuit sans éclairage,76,76404,1,6,1,6.0,D489,49.578191,0.240047,22:30:00,2024-03-03
202400031203,18:50,Nuit sans éclairage,974,97410,1,1,2,4.0,Route Nationale 2,-21.033172,55.705587,18:50:00,2024-03-03
202400031204,06:45,Nuit sans éclairage,56,56047,1,1,1,6.0,Kerhue,48.060614,-2.763426,06:45:00,2024-03-02
202400031205,13:50,Plein jour,79,79216,1,1,2,1.0,Unknown,46.251108,-0.32807,13:50:00,2024-03-04
202400031206,14:15,Plein jour,82,82180,1,3,1,3.0,D25,43.937087,1.041124,14:15:00,2024-03-02
202400031207,21:58,Nuit avec éclairage,82,82114,1,1,1,6.0,chemin des tilleuls,43.888638,1.238075,21:58:00,2024-03-03
202400031208,19:45,Nuit sans éclairage,32,32301,1,1,1,3.0,"Route Nationale 124, PK 71+580",43.710796,0.442393,19:45:00,2024-03-03
202400031209,11:20,Plein jour,71,71543,2,1,1,1.0,971 Route de Plottes,46.557283,4.903066,11:20:00,2024-03-04
202400031210,10:10,Plein jour,63,63432,1,1,2,7.0,D210,45.99026645,3.27393307,10:10:00,2024-03-03
202400031211,06:00,Nuit sans éclairage,68,68320,1,1,1,6.0,D466,47.66193839,7.22301259,06:00:00,2024-03-03
202400031212,11:45,Plein jour,70,70421,1,1,1,1.0,RN19,47.689867,6.005638,11:45:00,2024-03-04
202400031213,01:10,Nuit sans éclairage,54,54491,1,1,1,7.0,D906,49.33805,5.913112,01:10:00,2024-03-04
202400031214,11:50,Plein jour,14,14654,1,1,1,1.0,Route de Saint-Julien le Faucon,49.050143,0.029011,11:50:00,2024-02-17
202400031215,18:45,Crépuscule,14,14716,1,1,1,3.0,Route de l'Aurette,49.202149,-0.720895,18:45:00,2024-03-02
202400031216,15:45,Plein jour,60,60245,2,3,1,3.0,Rue de Grumesnil,49.64719621,1.72457922,15:45:00,2024-03-04
202400031217,14:20,Plein jour,45,45062,1,1,3,2.0,D2020 PR 19 + 1,47.990697,1.881967,14:20:00,2024-03-02
202400031218,03:00,Nuit sans éclairage,43,43163,1,1,1,7.0,Labouriez,45.25597186,4.40062157,03:00:00,2024-03-02
202400031219,14:20,Plein jour,21,21416,1,6,1,7.0,D701,47.390585,5.317683,14:20:00,2024-03-03