Num_Acc,hrmn,lum,dep,com,agg,int,atm,col,adr,lat,long,heure,date
202400031220,14:00,Plein jour,87,87133,1,9,2,3.0,RN 145,46.20027,1.36651,14:00:00,2024-02-26
202400031221,14:15,Plein jour,08,08121,1,1,1,1.0,RD 8043,49.85294037,4.46394448,14:15:00,2024-03-04
202400031222,16:45,Plein jour,76,76351,2,6,1,3.0,MARCEAU (RUE),49.48547,0.13639,16:45:00,2024-04-09
202400031223,19:23,,973,97309,2,1,1,1.0,Route de Montjoly,4.91486,-52.274607,19:23:00,2024-03-03
202400031224,02:40,Nuit sans éclairage,64,64141,1,1,3,2.0,a65 pk 121.600,43.544574,-0.296234,02:40:00,2024-03-04
202400031225,12:05,Plein jour,73,73011,2,1,1,2.0,D990 - TOURS (ROUTE DE),45.66800645,6.39553696,12:05:00,2024-04-10
202400031226,08:50,Plein jour,67,67506,1,1,1,2.0,PK 472.600 autoroute A4 sens Paris vers Strasbourg,48.665904,7.736768,08:50:00,2024-02-21
202400031227,12:25,Plein jour,71,71540,2,1,1,6.0,VILET (RUE DU),46.7808,4.43173,12:25:00,2024-04-10
202400031228,19:30,Plein jour,69,69259,2,1,1,6.0,8 Rue du Professeur Roux,45.72958799,4.856987,19:30:00,2024-04-10
202400031229,12:47,Plein jour,06,06150,1,1,3,6.0,a8 PK 208+500 chaussée NORD,43.745878,7.382405,12:47:00,2024-03-03
202400031230,00:01,,987,98748,1,1,1,2.0,PK 2.300 TOAHOTU,-17.76498049,-149.31403398,00:01:00,2024-03-03
202400031231,18:40,Plein jour,69,69290,2,1,1,6.0,41 Rue des Garennes,45.70148887,4.93773937,18:40:00,2024-04-10
202400031232,08:50,Plein jour,987,98722,1,1,1,1.0,PK 17,-17.592,-149.391,08:50:00,2024-03-03
202400031233,12:20,Plein jour,69,69290,2,9,1,3.0,72 Route d'Heyrieux,45.68678,4.9448,12:20:00,2024-04-10
202400031234,21:00,,987,98733,1,1,1,1.0,pk 26.200,-17.696,-149.548,21:00:00,2024-03-02
202400031235,10:25,Plein jour,66,66136,2,1,6,6.0,ESPAGNE (ROUTE D'),42.68164406,2.89413035,10:25:00,2024-04-10
202400031236,16:40,Plein jour,66,66136,1,1,1,3.0,R D 900,42.74375,2.89114,16:40:00,2024-04-09
202400031237,19:19,Nuit sans éclairage,77,77145,1,2,3,3.0,N36,48.591852,2.725913,19:19:00,2024-03-02
202400031238,10:20,Plein jour,65,65440,2,6,1,3.0,Avenue Alsace Lorraine,43.24103261,0.07364448,10:20:00,2024-04-08
202400031239,22:00,Nuit sans éclairage,73,73285,1,1,4,6.0,D1090,45.628069,6.834955,22:00:00,2024-02-22
202400031240,16:45,Plein jour,63,63113,2,8,1,6.0,MABRUT (RUE ADRIEN),45.81315,3.12095,16:45:00,2024-04-10
202400031241,07:30,Plein jour,26,26313,2,2,1,3.0,Rue de la Roche,44.964263,4.941085,07:30:00,2024-02-27
202400031242,12:00,Plein jour,62,62894,1,1,1,3.0,D242,50.77225394,1.63342232,12:00:00,2024-04-10
202400031243,19:05,Nuit avec éclairage,64,64430,2,1,2,3.0,816 Avenue Adrien Planté,43.481206,-0.751106,19:05:00,2024-03-03
202400031244,12:35,Plein jour,59,59009,2,1,7,1.0,CHATELLENIE AVENUE DE LA,50.6344,3.135114,12:35:00,2024-04-10
202400031245,16:30,Plein jour,60,60612,2,1,1,6.0,9 Rue de la République,49.201196,2.581385,16:30:00,2024-03-04
202400031246,18:50,Plein jour,59,59043,2,1,1,6.0,GARE (PLACE DE LA),50.729355,2.735401,18:50:00,2024-04-10
202400031247,18:15,,13,13210,1,1,1,2.0,A50-Sens Aubagne vers Marseille,43.286186,5.429743,18:15:00,2024-03-03
202400031248,16:20,Plein jour,59,59043,1,1,1,6.0,LILLE (ROUTE DE),50.71759,2.80946,16:20:00,2024-04-10
202400031249,11:35,Plein jour,83,83123,1,1,1,4.0,A50,43.14472418,5.78567088,11:35:00,2024-03-01
202400031250,05:30,Nuit sans éclairage,69,69149,1,1,1,3.0,Route de Métropole 7,45.7181,4.8192,05:30:00,2024-03-02
202400031251,19:20,Plein jour,58,58194,2,3,1,3.0,MARECHAL LYAUTEY,46.9932,3.1282,19:20:00,2024-04-09
202400031252,15:35,Plein jour,57,57480,2,1,1,6.0,SAINT LADRE (RUE ),49.0944,6.1527,15:35:00,2024-04-10
202400031253,04:45,Nuit sans éclairage,42,42207,1,1,1,5.0,A47,45.47754,4.49859,04:45:00,2024-03-02
202400031254,07:00,Nuit avec éclairage,94,94037,1,1,2,3.0,A6A,48.81703415,2.33585935,07:00:00,2024-03-03
202400031255,17:20,Plein jour,54,54482,2,3,1,2.0,Rue du Groupe Libérator,48.70377,6.20495,17:20:00,2024-04-09
202400031256,05:30,Nuit sans éclairage,91,91553,1,1,2,6.0,RN 104,48.62976,2.4839,05:30:00,2024-03-03
202400031257,13:15,Plein jour,54,54482,2,1,1,6.0,Rue Wolfgang Amadeus Mozart,48.70418,6.19913,13:15:00,2024-04-09
202400031258,19:20,Nuit sans éclairage,92,92036,1,1,3,2.0,A86,48.93529046,2.28393225,19:20:00,2024-03-02
202400031259,13:00,Plein jour,95,95572,1,1,1,2.0,A15,49.03529993,2.09858891,13:00:00,2024-03-03
202400031260,13:00,Plein jour,54,54395,2,3,1,2.0,Route de Mirecourt,48.67391,6.19445,13:00:00,2024-04-09
202400031261,12:42,Plein jour,54,54547,2,1,1,3.0,parking magasin Leclerc,48.653799,6.1777534,12:42:00,2024-04-09
202400031262,15:20,Plein jour,93,93048,1,1,2,4.0,A3,48.873008,2.4352839,15:20:00,2024-02-21
202400031263,12:00,Plein jour,54,54274,2,3,1,6.0,Rue de la République,48.67268,6.20345,12:00:00,2024-04-09
202400031264,20:30,Nuit sans éclairage,92,92036,1,1,2,3.0,AUTOROUTE A15,48.94355783,2.28738079,20:30:00,2024-02-02
202400031265,10:25,Plein jour,50,50218,2,1,1,2.0,Rue du Fourneau,48.8198992,-1.572906,10:25:00,2024-04-10
202400031266,21:10,Nuit sans éclairage,93,93027,1,1,2,3.0,A86,48.92291,2.380704,21:10:00,2024-03-02
202400031267,06:55,Crépuscule,49,49007,2,2,1,3.0,BIRGE BOULEVARD,47.48215,-0.52217,06:55:00,2024-04-10
202400031268,20:00,Nuit sans éclairage,95,95604,1,1,2,1.0,A1,49.10663375,2.55125605,20:00:00,2024-03-02
202400031269,17:30,Plein jour,49,49007,2,1,1,3.0,MENDES FRANCE PLACE,47.474,-0.545,17:30:00,2024-04-09
202400031270,15:40,Plein jour,93,93064,1,1,3,7.0,A86,48.87746432,2.47722387,15:40:00,2024-03-02
202400031271,22:00,Nuit sans éclairage,44,44184,1,1,1,2.0,Route du Point du Jour,47.29281,-2.27142,22:00:00,2024-04-09
202400031272,20:10,Nuit sans éclairage,77,77438,1,1,1,6.0,RN104,48.86262798,2.66812122,20:10:00,2024-03-03
202400031273,19:05,Plein jour,42,42071,2,1,1,6.0,Avenue de la Libération,46.03142543,4.08263773,19:05:00,2024-04-10
202400031274,17:40,Plein jour,77,77053,1,1,1,2.0,RN104,48.67520109,2.61068573,17:40:00,2024-03-03
202400031275,18:05,Plein jour,41,41018,2,3,1,3.0,BALZAC  (RUE HONORE DE),47.59539,1.330996,18:05:00,2024-04-09
202400031276,12:07,Plein jour,94,94028,1,1,2,5.0,A86,48.78901627,2.44014502,12:07:00,2024-03-03
202400031277,07:45,Crépuscule,38,38185,2,7,3,6.0,PLACE DE LA RÉSISTANCE,45.20514,5.70078,07:45:00,2024-04-09
202400031278,16:30,Plein jour,94,94022,1,1,3,2.0,A86,48.7764277,2.41579932,16:30:00,2024-03-02
202400031279,20:20,Nuit sans éclairage,77,77169,1,1,3,2.0,RN104,48.82157566,2.61534427,20:20:00,2024-03-01
202400031280,20:38,Crépuscule,37,37261,2,2,1,3.0,CHALMEL (RUE),47.38545,0.6926,20:38:00,2024-04-10
202400031281,19:25,,92,92025,2,1,3,3.0,VALMY 1 A 53   2 A 66 (BD DE),48.92632445,2.25309333,19:25:00,2024-03-02
202400031282,10:27,Plein jour,87,87065,2,2,1,3.0,GROSSE PIERRE ( RUE DE LA  ),45.79253305,1.28214777,10:27:00,2024-02-28
202400031283,08:40,Plein jour,37,37261,2,6,1,3.0,SAINT LAZARE ( AVENUE),47.37807,0.69524,08:40:00,2024-04-10
202400031284,04:00,Nuit sans éclairage,974,97407,1,1,1,7.0,ROUTE NATIONALE N° 1,-20.95329,55.31574,04:00:00,2024-03-02
202400031285,07:10,Crépuscule,37,37122,1,1,7,6.0,ROUTE DE SAVONNIERES,47.36745714,0.64133093,07:10:00,2024-04-10
202400031286,06:25,Plein jour,973,97302,1,6,1,3.0,MARINGOUINS (ROND-POINT),4.9078,-52.32232,06:25:00,2024-03-02
202400031287,03:45,,69,69382,1,1,1,6.0,Route de Métropole 6,45.74989,4.82517,03:45:00,2024-03-02
202400031288,17:38,Plein jour,37,37261,2,2,1,3.0,SUEDE (RUE DE),47.43265,0.68589,17:38:00,2024-04-09
202400031289,15:45,Plein jour,971,97101,1,1,1,5.0,RN1 ROCADE DE CHAUVEL,16.23579,-61.52365,15:45:00,2024-02-16
202400031290,11:20,Plein jour,35,35238,2,1,1,6.0,TOUR D'AUVERGNE (BD DE LA),48.1048106,-1.68419927,11:20:00,2024-04-10
202400031291,11:40,Plein jour,91,91549,2,1,3,2.0,CORBEIL (ROUTE DE),48.62926,2.34146,11:40:00,2024-03-02
202400031292,17:25,Plein jour,84,84031,2,1,1,3.0,SAINT LABRE CHEMIN DE,44.05399,5.05256,17:25:00,2024-02-26
202400031293,23:20,Nuit sans éclairage,33,33200,2,1,1,6.0,Unknown,44.862369,-0.698857,23:20:00,2024-04-10
202400031294,17:20,Plein jour,30,30011,1,3,1,3.0,ARAMON RUE D',43.9475,4.78618,17:20:00,2024-03-02
202400031295,01:00,,31,31555,2,9,1,6.0,RUE LOUIS PLANA,43.61272,1.4772,01:00:00,2024-04-10
202400031296,17:10,Plein jour,83,83098,1,1,1,6.0,BROSSET (AVENUE DU GENERAL),43.1090146,6.00317627,17:10:00,2024-03-01
202400031297,14:25,Plein jour,78,78551,2,5,2,3.0,ROOSEVELT (DU PRESIDENT),48.89928,2.07394,14:25:00,2024-03-02
202400031298,16:25,Plein jour,31,31555,2,3,2,3.0,RUE DE SEBASTOPOL,43.60914,1.43063,16:25:00,2024-04-09
202400031299,22:20,,74,74012,2,1,1,3.0,BONNEVILLE (ROUTE DE),46.18591,6.23662,22:20:00,2024-03-02
202400031300,10:00,Plein jour,29,29232,2,1,2,6.0,Route de Douarnenez,47.99853441,-4.12689746,10:00:00,2024-04-10
202400031301,17:25,Plein jour,71,71076,2,1,1,2.0,CASSIN (RUE RENE),46.77434069,4.86541461,17:25:00,2024-03-02
202400031302,18:45,Plein jour,29,29019,2,1,1,6.0,avenue de l'Ecole Navale,48.379974,-4.527139,18:45:00,2024-04-09
202400031303,12:15,Plein jour,35,35238,2,3,1,6.0,LEBON (PHILIPPE),48.10516,-1.70048,12:15:00,2024-01-20
202400031304,23:22,Nuit sans éclairage,65,65440,2,9,8,3.0,ALSACE LORRAINE (AVENUE),43.25351061,0.07248711,23:22:00,2024-03-01
202400031305,08:55,Plein jour,29,29019,2,1,1,3.0,rue de Gouesnou,48.415282,-4.468221,08:55:00,2024-04-09
202400031306,13:20,Plein jour,34,34172,2,1,1,3.0,LODEVE (AVENUE DE,43.61401,3.83806,13:20:00,2024-01-20
202400031307,16:00,Plein jour,64,64445,2,1,2,6.0,ETIGNY D',43.2968,-0.387,16:00:00,2024-03-02
202400031308,16:20,Plein jour,34,34172,2,1,1,2.0,FAVRE DE SAINT CASTOR (RUE),43.62195,3.82329,16:20:00,2024-01-19
202400031309,15:35,Plein jour,28,28134,1,1,1,5.0,RN12,48.744192,1.342873,15:35:00,2024-04-09
202400031310,12:00,Plein jour,31,31483,2,1,1,2.0,Av du Pdt Francois Mitterrand,43.11267592,0.75328701,12:00:00,2024-01-20
202400031311,21:45,,28,28220,2,2,1,3.0,LIBERTE (RUE DE LA),48.42686,1.47218,21:45:00,2024-04-10
202400031312,15:00,Plein jour,63,63113,2,1,1,3.0,CLOS NOTRE DAME (RUE DU),45.7831,3.07561,15:00:00,2024-03-02
202400031313,01:07,Nuit sans éclairage,63,63014,2,6,1,7.0,COURNON (AVENUE DE),45.75515524,3.14543724,01:07:00,2024-03-02
202400031314,15:45,Plein jour,28,28220,2,1,1,3.0,LIBERTE (RUE DE LA),48.42753,1.46819,15:45:00,2024-01-20
202400031315,07:00,Crépuscule,62,62753,1,1,1,7.0,D 950,50.30763763,2.80556935,07:00:00,2024-03-01
202400031316,08:50,Plein jour,27,27229,2,1,1,3.0,CITES UNIES (BOULEVARD DES),49.0158,1.1441,08:50:00,2024-04-10
202400031317,17:15,Plein jour,61,61001,2,1,1,6.0,Voie Communale,48.41525,0.09423,17:15:00,2024-03-01
202400031318,09:40,Plein jour,26,26362,2,1,1,6.0,Rue de Biberach,44.93076,4.92296,09:40:00,2024-04-10
202400031319,15:20,Plein jour,59,59650,2,9,3,6.0,LIBERTE (BOULEVARD DE LA),50.70985,3.1936,15:20:00,2024-03-02
202400031320,20:35,,14,14118,2,2,1,3.0,4 Rue Montoir-Poissonnerie,49.18476,-0.36019,20:35:00,2024-01-20
202400031321,07:35,Plein jour,59,59368,2,1,1,3.0,DE GAULLE RUE DU GENERAL,50.65042,3.07185,07:35:00,2024-02-12
202400031322,08:34,Plein jour,25,25462,2,2,1,6.0,GRENIER DOCTEUR,46.90464,6.35224,08:34:00,2024-04-10
202400031323,23:55,,59,59043,2,1,2,6.0,HAZEBROUCK (ROUTE D'),50.73862077,2.72628621,23:55:00,2024-03-01
202400031324,16:00,Plein jour,14,14118,2,3,9,3.0,Avenue du Général Dempsey,49.199006,-0.390632,16:00:00,2024-01-19
202400031325,05:10,,13,13209,2,1,1,6.0,MAZARGUES (AVENUE DE),43.250611,5.403256,05:10:00,2024-01-20
202400031326,09:40,Plein jour,11,11069,2,1,1,6.0,Unknown,43.211335,2.330081,09:40:00,2024-01-20
202400031327,01:20,,75,75116,2,1,1,6.0,BD PERIPHERIQUE INTERIEUR,48.835539,2.25867,01:20:00,2024-01-20
202400031328,10:50,Plein jour,56,56162,1,1,7,6.0,Boulevard de l'Atlantique,47.72336,-3.48469,10:50:00,2024-03-02
202400031329,09:50,Plein jour,75,75119,2,3,1,6.0,RUE ADOLPHE MILLE,48.887969,2.389186,09:50:00,2024-01-19
202400031330,08:54,Plein jour,25,25462,1,6,1,3.0,ROCADE G.POMPIDOU (DU 25 A LA FIN),46.900134,6.335107,08:54:00,2024-04-10
202400031331,20:00,,54,54395,2,2,2,1.0,Rue Henri Bazin,48.69652,6.19309,20:00:00,2024-03-02
202400031332,23:45,,75,75116,2,7,1,6.0,AVENUE DU PRESIDENT WILSON,48.863217,2.287825,23:45:00,2024-01-19
202400031333,12:45,Plein jour,51,51172,2,3,1,2.0,TAISSY (ROUTE),49.21985,4.06584,12:45:00,2024-03-02
202400031334,17:40,,75,75115,2,3,1,6.0,RUE LECOURBE,48.843183,2.304601,17:40:00,2024-01-20
202400031335,11:30,Plein jour,25,25056,2,3,1,3.0,EDISON RUE THOMAS,47.23187,5.97051,11:30:00,2024-04-10
202400031336,01:40,,44,44109,2,1,1,6.0,30 Boulevard Jean Monnet,47.21054,-1.55206,01:40:00,2024-03-03
202400031337,13:20,Plein jour,75,75114,2,2,1,6.0,BOULEVARD DU MONTPARNASSE,48.841925,2.329764,13:20:00,2024-01-20
202400031338,01:00,Nuit sans éclairage,44,44035,1,1,1,1.0,Unknown,47.25716,-1.54575,01:00:00,2024-03-03
202400031339,10:50,Plein jour,25,25056,2,3,1,3.0,POLYGONE RUE DU,47.232,6.008,10:50:00,2024-04-10
202400031340,17:50,Plein jour,38,38185,2,1,8,1.0,Chemin des Alpins,45.17167,5.72021,17:50:00,2024-03-02
202400031341,05:35,,75,75114,2,3,1,2.0,BOULEVARD RASPAIL,48.841421,2.329739,05:35:00,2024-01-20
202400031342,13:35,Plein jour,24,24037,2,1,1,6.0,BRIAND (AVENUE ARISTIDE),44.85215,0.46864,13:35:00,2024-04-10
202400031343,11:25,Plein jour,22,22187,1,9,8,6.0,FONTAINE HUE (rue de la),48.5327,-2.81665,11:25:00,2024-04-10
202400031344,14:20,Plein jour,75,75113,2,3,1,7.0,RUE CHARLES FOURIER,48.825339,2.351065,14:20:00,2024-01-20
202400031345,13:54,Plein jour,37,37261,2,1,3,4.0,WAGNER (BOULEVARD RICHARD),47.37403,0.69734,13:54:00,2024-03-02
202400031346,08:25,Plein jour,19,19272,2,1,1,3.0,Lucien Sampeix (Av),45.25437179,1.76356047,08:25:00,2024-03-28
202400031347,16:55,Plein jour,37,37261,2,1,1,6.0,STENDHAL (AVENUE),47.36772,0.70458,16:55:00,2024-03-01
202400031348,08:55,Plein jour,75,75113,2,2,1,6.0,RUE DE TOLBIAC,48.82599,2.353648,08:55:00,2024-01-19
202400031349,11:22,Plein jour,13,13209,2,1,1,2.0,SAINTE MARGUERITE (BOULEVARD),43.26269,5.41226,11:22:00,2024-04-10
202400031350,18:56,,75,75111,2,2,1,6.0,Rue Louis Bonnet,48.871867,2.376952,18:56:00,2024-01-20
202400031351,14:15,Plein jour,35,35278,1,6,1,3.0,MAISON BLANCHE (ROND POINT DE),48.14416,-1.65719,14:15:00,2024-03-02
202400031352,14:45,Plein jour,13,13063,2,4,1,3.0,D 10,43.57637,5.01458,14:45:00,2024-04-10
202400031353,00:25,,75,75111,2,2,1,2.0,AVENUE DE LA REPUBLIQUE,48.865278,2.374501,00:25:00,2024-01-20
202400031354,07:00,Crépuscule,11,11069,1,1,2,7.0,Unknown,43.19692,2.35745,07:00:00,2024-04-10
202400031355,12:00,Plein jour,35,35238,1,1,1,4.0,RN136,48.09880736,-1.71407908,12:00:00,2024-03-02
202400031356,16:00,Plein jour,11,11069,1,1,2,6.0,Unknown,43.20283,2.28101,16:00:00,2024-04-09
202400031357,05:25,,31,31555,2,1,1,7.0,PORT ST ETIENNE ,43.600828,1.456533,05:25:00,2024-03-02
202400031358,01:30,,94,94041,2,1,2,3.0,Rue François Mitterrand,48.821623,2.390143,01:30:00,2024-01-20
202400031359,19:10,Crépuscule,26,26362,2,1,1,1.0,Avenue de la Liberation,44.9136922,4.8892808,19:10:00,2024-03-02
202400031360,08:30,Plein jour,11,11069,2,1,8,1.0,ROCADE SUD RD 6161,43.20423,2.38262,08:30:00,2024-04-09
202400031361,13:26,Plein jour,94,94033,2,1,1,3.0,Boulevard de Verdun,48.8511,2.47462,13:26:00,2024-01-20
202400031362,19:45,Plein jour,10,10387,2,1,1,6.0,Rue des Marots,48.3074,4.0444,19:45:00,2024-04-09
202400031363,05:05,Nuit sans éclairage,29,29254,1,1,1,6.0,RN 12,48.5883091,-3.84599105,05:05:00,2024-05-18
202400031364,00:58,,25,25056,2,2,1,3.0,CHURCHILL BD WINSTON,47.24935,6.00283,00:58:00,2024-03-03
202400031365,09:55,Plein jour,29,29019,2,1,1,6.0,rue de Paris,48.410377,-4.455064,09:55:00,2024-05-18
202400031366,20:10,,94,94017,2,1,8,2.0,Avenue Salvador Allendé,48.80844,2.55185,20:10:00,2024-01-20
202400031367,14:56,Plein jour,06,06088,2,2,1,1.0,Rue Anatole de Monzie,43.73698,7.2993,14:56:00,2024-04-10
202400031368,14:15,Plein jour,25,25056,2,6,1,3.0,MAROT RUE CLEMENT,47.21531,5.96129,14:15:00,2024-03-02
202400031369,09:30,Plein jour,29,29019,2,2,1,6.0,rue de Quimper,48.401119,-4.453685,09:30:00,2024-05-18
202400031370,13:00,Plein jour,94,94069,2,1,1,2.0,Rue du Maréchal Leclerc,48.81770212,2.45072164,13:00:00,2024-01-20
202400031371,19:00,Plein jour,06,06069,1,1,2,2.0,Route de la Paoute,43.63629,6.95657,19:00:00,2024-04-10
202400031372,16:40,Plein jour,27,27375,2,1,1,6.0,JOFFRE (BOULEVARD DU ML),49.21511,1.16752,16:40:00,2024-05-17
202400031373,20:05,,94,94028,2,3,8,3.0,Avenue Georges Duhamel / Rue Henri Doucet,48.77707,2.46885,20:05:00,2024-01-19
202400031374,08:45,Plein jour,22,22278,2,1,1,4.0,RAHUEL (DOCTEUR),48.50572,-2.74534,08:45:00,2024-03-02
202400031375,13:40,Plein jour,22,22278,2,1,1,1.0,LEGUE (DU),48.5201,-2.7636,13:40:00,2024-05-18
202400031376,08:05,Plein jour,06,06069,2,1,1,3.0,3 Avenue Yves Emmanuel Baudoin,43.659911,6.921895,08:05:00,2024-04-10
202400031377,06:45,,93,93066,2,1,1,1.0,Rue du Landy,48.91545201,2.35961705,06:45:00,2024-01-20
202400031378,15:20,Plein jour,18,18279,2,1,2,2.0,1010 Avenue du 8 Mai 1945,47.2356,2.08633,15:20:00,2024-03-02
202400031379,17:37,Plein jour,22,22360,1,1,1,2.0,RD 222,48.48275,-2.69231,17:37:00,2024-05-17
202400031380,09:00,Plein jour,05,05061,1,1,1,6.0,RD944,44.55285375,6.03464842,09:00:00,2024-03-13
202400031381,22:50,,14,14225,2,1,1,1.0,16 Rue Pierre Loti,49.29387,-0.09174,22:50:00,2024-05-18
202400031382,21:25,,93,93064,2,3,1,6.0,Rue Etienne Dolet / Boulevard de la Boissière,48.87632296,2.46755229,21:25:00,2024-01-20
202400031383,22:45,Nuit sans éclairage,11,11069,2,1,3,3.0,ROCADE OUEST RD 6161,43.2213461,2.32429504,22:45:00,2024-05-17
202400031384,20:50,Crépuscule,75,75119,2,2,1,3.0,AVENUE CORENTIN CARIOU,48.89479,2.382352,20:50:00,2024-04-10
202400031385,21:15,,93,93031,2,2,9,3.0,Avenue de la République / Avenue de la Marne,48.950101,2.328444,21:15:00,2024-01-20
202400031386,00:55,,13,13206,2,3,3,3.0,LIEUTAUD (COURS),43.29059,5.38334,00:55:00,2024-03-03
202400031387,09:20,Plein jour,75,75119,2,1,1,6.0,RUE DE BELLEVILLE,48.875872,2.401664,09:20:00,2024-04-10
202400031388,02:20,,10,10387,2,1,1,6.0,MIMOSAS (RUE DES),48.30952,4.07559,02:20:00,2024-05-19
202400031389,18:55,,93,93014,2,2,9,6.0,Allée Romain Rolland / Allée de Gagny,48.90452753,2.54858807,18:55:00,2024-01-20
202400031390,23:30,,13,13213,2,1,2,1.0,MERLAN (AVENUE DU),43.33834,5.40741,23:30:00,2024-03-02
202400031391,13:20,Plein jour,93,93005,2,9,1,6.0,Centre Commercial Parinor,48.956943,2.475896,13:20:00,2024-01-20
202400031392,09:00,Plein jour,75,75118,2,2,1,6.0,RUE DE CLIGNANCOURT,48.894064,2.349245,09:00:00,2024-04-10
202400031393,09:15,Plein jour,13,13201,2,9,1,2.0,BELGES (QUAI DES),43.294,5.374,09:15:00,2024-03-02
202400031394,12:50,Plein jour,92,92062,2,1,1,2.0,BELLINI (RUE),48.88721412,2.24964774,12:50:00,2024-01-20
202400031395,11:10,Plein jour,09,09225,1,1,1,4.0,ROUTE NATIONALE 20,43.15070514,1.61644131,11:10:00,2024-05-18
202400031396,10:37,Plein jour,75,75115,2,3,1,6.0,PLACE JACQUES MARETTE,48.832651,2.300948,10:37:00,2024-04-10
202400031397,02:30,,13,13208,2,1,1,1.0,MENDES FRANCE (AVENUE),43.25366052,5.37606853,02:30:00,2024-03-02
202400031398,18:30,,92,92024,2,9,1,6.0,HENRI BARBUSSE (RUE) DE (1 A 73)   (2 A,48.89955,2.30516,18:30:00,2024-01-20
202400031399,15:05,Plein jour,75,75110,2,1,1,7.0,BOULEVARD DE MAGENTA,48.874515,2.357802,15:05:00,2024-04-10
202400031400,15:30,Plein jour,06,06069,2,1,1,2.0,94 Av Mal de Lattre de Tassigny,43.6492,6.93179,15:30:00,2024-05-18
202400031401,09:16,Plein jour,13,13209,2,1,1,2.0,LANCIER (CHEMIN DU),43.24665156,5.39597436,09:16:00,2024-02-18
202400031402,16:45,Plein jour,01,01261,1,4,7,3.0,route departementale 6,45.972726,4.952361,16:45:00,2024-01-20
202400031403,15:17,Plein jour,06,06123,2,1,1,2.0,Route du Bord de Mer,43.65664,7.17829,15:17:00,2024-05-17
202400031404,19:26,Plein jour,75,75108,2,2,1,4.0,BOULEVARD MALESHERBES,48.880761,2.312671,19:26:00,2024-04-10
202400031405,18:45,Nuit sans éclairage,13,13001,1,1,2,1.0,PETITE RTE DES MILLES (RTE),43.51026,5.39592,18:45:00,2024-03-02
202400031406,22:55,,05,05023,2,6,1,6.0,SOIE (RUE DE LA),44.894059,6.633356,22:55:00,2024-05-18
202400031407,01:00,,62,62053,2,1,4,6.0,D92,50.58791,2.129245,01:00:00,2024-01-20
202400031408,06:55,Plein jour,13,13001,2,1,1,2.0,ENFANT (RTE DE L'),43.49011,5.38516,06:55:00,2024-03-02
202400031409,13:50,Plein jour,75,75108,2,3,1,6.0,PLACE FRANCOIS 1ER,48.86614,2.307569,13:50:00,2024-04-10
202400031410,13:45,Plein jour,01,01053,2,1,1,3.0,MARBOZ (AVENUEDE - PAIRS),46.22511,5.22888,13:45:00,2024-05-17
202400031411,08:55,Plein jour,77,77235,1,1,1,6.0,A4 - PK 060.200 vers province,48.978358,3.073211,08:55:00,2024-01-21
202400031412,16:44,Plein jour,11,11262,2,1,1,3.0,15 Boulevard du General de Gaulle,43.1864198,3.00886452,16:44:00,2024-03-01
202400031413,18:55,Plein jour,75,75120,2,4,1,3.0,BD PERIPHERIQUE INTERIEUR,48.856344,2.413923,18:55:00,2024-05-18
202400031414,17:44,Plein jour,75,75102,2,2,1,2.0,BOULEVARD DES ITALIENS,48.871895,2.34,17:44:00,2024-04-10
202400031415,16:15,Plein jour,972,97231,2,1,1,1.0,Av de l?Imperatrice Josephine,14.537228,-61.03417,16:15:00,2024-01-19
202400031416,19:00,,06,06069,2,1,2,2.0,Route de Cannes,43.6380524,6.9507353,19:00:00,2024-03-02
202400031417,09:55,Plein jour,75,75114,2,1,1,5.0,BD PERIPHERIQUE INTERIEUR,48.822011,2.316797,09:55:00,2024-05-18
202400031418,19:55,Plein jour,94,94081,2,2,2,3.0,Boulevard de Stalingrad / Rue de la Concorde,48.79861,2.38199,19:55:00,2024-04-09
202400031419,00:05,Nuit sans éclairage,63,63116,1,1,8,6.0,D19,45.98996589,3.04112232,00:05:00,2024-01-21
202400031420,10:53,Plein jour,05,05061,2,1,2,2.0,LADOUCETTE ( COURS ),44.56145,6.08249,10:53:00,2024-02-22
202400031421,18:15,Plein jour,94,94068,2,1,1,6.0,Villa Camus,48.804913,2.472704,18:15:00,2024-04-08
202400031422,17:15,Crépuscule,86,86070,1,1,1,6.0,Route de la Chapelle Viviers,46.514162,0.695284,17:15:00,2024-01-20
202400031423,19:30,Plein jour,75,75116,2,1,1,5.0,PORTE DAUPHINE,48.870483,2.272529,19:30:00,2024-05-17
202400031424,15:00,Plein jour,05,05023,2,1,2,6.0,159° RIA (AVENUE DU),44.89893,6.63377,15:00:00,2024-03-02
202400031425,14:30,Plein jour,85,85215,2,6,1,7.0,RD 137,46.863899,-1.189034,14:30:00,2024-01-20
202400031426,09:00,Plein jour,93,93078,2,6,1,2.0,Boulevard Robert Ballanger / Avenue Georges Clémenceau,48.9607,2.55536,09:00:00,2024-04-10
202400031427,19:35,Nuit sans éclairage,30,30315,1,1,1,7.0,N100,43.94901344,4.6982679,19:35:00,2024-01-20
202400031428,15:10,Plein jour,75,75104,2,3,1,4.0,BOULEVARD HENRI IV,48.85260373,2.36725312,15:10:00,2024-05-17
202400031429,01:40,,93,93071,2,1,1,6.0,Avenue Ernest Pivot,48.929403,2.530364,01:40:00,2024-04-10
202400031430,13:50,Plein jour,75,75112,2,1,1,2.0,BD PERIPHERIQUE EXTERIEUR,48.830807,2.403154,13:50:00,2024-03-01