Num_Acc,hrmn,lum,dep,com,agg,int,atm,col,adr,lat,long,heure,date
202400031431,02:15,Nuit avec éclairage,75,75120,2,1,1,2.0,RUE PELLEPORT,48.86986,2.400028,02:15:00,2024-05-18
202400031432,15:40,Plein jour,30,30286,1,9,1,3.0,D981,43.986033,4.455433,15:40:00,2024-01-21
202400031433,17:20,Crépuscule,75,75106,2,5,8,6.0,BOULEVARD SAINT MICHEL,48.850347,2.3426266,17:20:00,2024-03-01
202400031434,17:00,Plein jour,93,93048,2,2,1,6.0,Rue Alexis Lepere / Rue des Caillots,48.8649,2.43931,17:00:00,2024-04-10
202400031435,22:30,,75,75119,2,3,1,3.0,BOULEVARD DE LA VILLETTE,48.884368,2.36692,22:30:00,2024-05-18
202400031436,20:40,Nuit sans éclairage,62,62817,1,1,4,1.0,D60,50.272364,2.809002,20:40:00,2024-01-19
202400031437,03:35,Nuit sans éclairage,61,61303,1,1,4,6.0,A88,48.819001,-0.131278,03:35:00,2024-01-21
202400031438,10:30,Plein jour,75,75116,2,2,1,6.0,RUE LARGILLIERE,48.857299,2.27304,10:30:00,2024-05-18
202400031439,16:18,Plein jour,93,93046,2,3,1,3.0,Avenue du Consul General Nordling / Rue Léon Jouhaux,48.91786,2.53492,16:18:00,2024-04-10
202400031440,15:20,Plein jour,75,75106,2,4,2,3.0,RUE D ASSAS,48.845934,2.331394,15:20:00,2024-03-02
202400031441,19:30,Nuit sans éclairage,56,56040,1,1,1,1.0,Kerchopine,47.892291,-3.340101,19:30:00,2024-01-20
202400031442,17:30,Plein jour,93,93057,2,1,1,6.0,Boulevard Pasteur,48.903643,2.51272,17:30:00,2024-04-10
202400031443,10:00,Plein jour,11,11206,2,1,7,6.0,47 Rue Jean Jaures,43.055342,2.216016,10:00:00,2024-01-20
202400031444,02:00,,75,75116,2,2,1,3.0,AVENUE GEORGES MANDEL,48.864127,2.277604,02:00:00,2024-05-18
202400031445,16:48,Crépuscule,75,75118,2,8,3,6.0,BOULEVARD NEY,48.898385,2.359397,16:48:00,2024-03-02
202400031446,00:05,,75,75116,2,4,1,6.0,AVENUE DE VERSAILLES,48.841089,2.265616,00:05:00,2024-05-18
202400031447,19:45,,75,75117,2,5,2,1.0,AVENUE DE LA PORTE D ASNIERES,48.891867,2.30173,19:45:00,2024-03-02
202400031448,21:55,,93,93007,2,3,1,3.0,Avenue Aristide Briand / Avenue Marcel Alizard,48.9436,2.44442,21:55:00,2024-04-10
202400031449,15:40,Plein jour,75,75115,2,2,1,6.0,BOULEVARD LEFEBVRE,48.832705,2.288378,15:40:00,2024-05-18
202400031450,02:00,,75,75117,2,3,1,2.0,AVENUE DE CLICHY,48.885379,2.326603,02:00:00,2024-03-02
202400031451,17:00,Plein jour,93,93007,2,1,1,3.0,Avenue Paul Vaillant Couturier,48.92541117,2.46556091,17:00:00,2024-04-10
202400031452,17:10,Plein jour,71,71468,1,1,1,3.0,Route de la Rouelle,46.843255,4.541261,17:10:00,2024-01-20
202400031453,11:30,Plein jour,75,75112,2,2,1,3.0,AVENUE DU TREMBLAY,48.827272,2.464372,11:30:00,2024-05-18
202400031454,20:45,,75,75116,2,1,2,6.0,AVENUE DE VERSAILLES,48.846925,2.273278,20:45:00,2024-03-01
202400031455,08:27,Plein jour,92,92073,2,1,1,2.0,SELLIER (BOULEVARD HENRI),48.86465425,2.21897863,08:27:00,2024-04-10
202400031456,17:00,Plein jour,63,63457,1,3,1,1.0,RD 225 / rue des meuliers,45.645983,3.226697,17:00:00,2024-01-20
202400031457,12:10,Plein jour,75,75115,2,2,3,7.0,RUE DES ENTREPRENEURS,48.845666,2.287977,12:10:00,2024-03-02
202400031458,04:40,,75,75112,2,7,1,2.0,PORTE DE VINCENNES,48.84669518,2.41382718,04:40:00,2024-05-18
202400031459,08:44,Plein jour,92,92062,2,1,1,6.0,LAFARGUES (RUE PAUL),48.88620788,2.24576819,08:44:00,2024-04-10
202400031460,20:25,,49,49125,2,1,1,3.0,5bis Boulevard jacques savary,47.187456,-0.278403,20:25:00,2024-01-20
202400031461,21:00,Plein jour,75,75110,2,1,1,1.0,RUE LA FAYETTE,48.881129,2.363996,21:00:00,2024-05-18
202400031462,16:15,Plein jour,75,75114,2,3,8,5.0,PLACE DENFERT ROCHEREAU,48.833396,2.332691,16:15:00,2024-03-01
202400031463,01:15,Nuit sans éclairage,12,12167,1,1,1,7.0,D564,44.21827,1.93104,01:15:00,2024-01-21
202400031464,09:55,Plein jour,75,75110,2,1,1,6.0,RUE DU FAUBOURG SAINT DENIS,48.879291,2.357068,09:55:00,2024-05-18
202400031465,19:00,Plein jour,92,92051,2,1,1,2.0,"CHARLES DE GAULLE (AVENUE, N°27 A 129)",48.88143625,2.27073097,19:00:00,2024-04-10
202400031466,18:30,Crépuscule,47,47239,1,1,1,6.0,1260 route de miramont de guyenne,44.42783342,0.54649906,18:30:00,2024-01-21
202400031467,20:45,,75,75114,2,3,2,2.0,AVENUE DU MAINE,48.840563,2.321749,20:45:00,2024-02-29
202400031468,20:00,Plein jour,75,75110,2,3,1,2.0,QUAI DE JEMMAPES,48.868837,2.367636,20:00:00,2024-05-17
202400031469,13:35,Plein jour,92,92020,2,3,2,3.0,SAND RUE GEORGE,48.81053041,2.28458869,13:35:00,2024-04-09
202400031470,16:15,Plein jour,44,44005,1,1,2,7.0,La Petite Masure,47.11995,-1.843429,16:15:00,2024-01-21
202400031471,07:00,Crépuscule,03,03176,1,1,8,6.0,Chemin de Graviere,46.383109,3.295013,07:00:00,2024-01-20
202400031472,21:50,,75,75104,2,3,2,3.0,RUE SAINT ANTOINE,48.85465,2.362734,21:50:00,2024-03-02
202400031473,00:22,,75,75108,2,7,1,3.0,PLACE SAINT AUGUSTIN,48.874605,2.320144,00:22:00,2024-05-17
202400031474,17:20,Plein jour,92,92004,2,1,1,4.0,DOCTEUR DERVAUX  ( QUAI DU ),48.91117993,2.29861996,17:20:00,2024-04-09
202400031475,17:40,Nuit sans éclairage,70,70428,1,1,1,2.0,Route nationale 19,47.647661,6.12908,17:40:00,2024-01-19
202400031476,09:25,Plein jour,75,75107,2,3,1,6.0,RUE DU GENERAL BERTRAND,48.848867,2.312731,09:25:00,2024-05-18
202400031477,12:00,Plein jour,75,75102,2,3,2,5.0,RUE DES JEUNEURS,48.869908,2.342808,12:00:00,2024-03-02
202400031478,22:20,Nuit sans éclairage,974,97415,2,1,1,3.0,Route Nationale 1,-21.026837,55.228444,22:20:00,2024-04-05
202400031479,10:40,Plein jour,94,94022,2,3,1,6.0,Avenue Victor Hugo / Rue Brongniart,48.7685452,2.41968566,10:40:00,2024-05-18
202400031480,01:45,Nuit sans éclairage,70,70163,1,1,1,6.0,N57,47.661247,6.214077,01:45:00,2024-01-20
202400031481,15:00,Plein jour,64,64061,2,1,1,7.0,Rue de la Bie Cabe,43.400945,-0.569912,15:00:00,2024-04-10
202400031482,23:20,,94,94081,2,1,2,5.0,13 Quai Jules Guesde,48.781931,2.416923,23:20:00,2024-03-01
202400031483,14:22,Plein jour,72,72035,1,2,7,3.0,Lieu Dit les Boderies,47.827966,0.690258,14:22:00,2024-01-20
202400031484,10:45,Plein jour,93,93050,2,2,1,1.0,Rue Paul et Camille Thomoux / Avenue du General de Gaulle,48.857235,2.531303,10:45:00,2024-05-18
202400031485,02:05,,94,94068,2,6,2,6.0,Avenue Foch / Avenue Joffre,48.80238365,2.49192533,02:05:00,2024-03-02
202400031486,00:15,Nuit sans éclairage,14,14591,1,1,9,6.0,2 Route des Hauts Vents,49.332925,-0.802176,00:15:00,2024-01-21
202400031487,19:01,Crépuscule,38,38105,1,1,1,5.0,Route de Bonpertuis,45.405237,5.553417,19:01:00,2024-04-10
202400031488,00:40,,93,93049,2,2,1,3.0,Avenue des Fauvettes / Avenue de Rosny,48.872312,2.507774,00:40:00,2024-05-18
202400031489,19:35,,94,94041,2,2,2,3.0,Rue Jules Vanzuppe / Rue Jean-Jacques Rousseau,48.81932,2.3927,19:35:00,2024-03-02
202400031490,12:20,Plein jour,56,56165,1,1,1,6.0,Echangeur Saint Antoine,47.919635,-2.405357,12:20:00,2024-04-11
202400031491,14:40,Plein jour,93,93031,2,2,1,6.0,Avenue Joffre / Avenue Galliéni,48.96171,2.29543,14:40:00,2024-05-18
202400031492,07:40,Crépuscule,05,05017,1,4,1,1.0,D11,44.56276,6.198097,07:40:00,2024-01-16
202400031493,11:57,Plein jour,74,74010,2,1,1,6.0,Route d'albertville,45.883431,6.142033,11:57:00,2024-04-11
202400031494,17:15,Plein jour,64,64010,1,1,1,3.0,RD 29,43.355172,-1.022286,17:15:00,2024-01-20
202400031495,19:40,,94,94046,2,3,2,1.0,Avenue de la République / Rue de la Lune,48.80929,2.45362,19:40:00,2024-03-02
202400031496,23:12,,93,93031,2,2,1,3.0,Avenue de la République / Avenue de la Marne,48.95013,2.32861,23:12:00,2024-05-17
202400031497,18:30,Plein jour,77,77026,1,1,1,7.0,Beauchery-Saint-Martin,48.583229,3.425707,18:30:00,2024-04-10
202400031498,14:45,Plein jour,07,07009,1,1,1,6.0,Route Rd 86,45.217266,4.803289,14:45:00,2024-01-21
202400031499,22:05,,92,92077,2,1,1,6.0,Rue de Saint Cloud,48.82833763,2.19035733,22:05:00,2024-05-17
202400031500,06:10,Crépuscule,94,94017,2,1,2,2.0,Rue de Verdun,48.8160224,2.48801681,06:10:00,2024-03-02
202400031501,14:10,Plein jour,92,92048,2,9,1,2.0,VERD DE SAINT JULIEN (BOULEVARD),48.81773904,2.23023051,14:10:00,2024-05-18
202400031502,07:16,Nuit sans éclairage,40,40230,2,1,1,6.0,Avenue de la Chalosse,43.784205,-0.925502,07:16:00,2024-01-21
202400031503,04:30,,92,92026,2,1,1,6.0,LAMBRECHTS,48.89773201,2.25669426,04:30:00,2024-05-18
202400031504,13:00,Plein jour,93,93070,2,1,2,2.0,Rue Ardoin,48.91481,2.32326,13:00:00,2024-03-02
202400031505,15:11,Plein jour,40,40248,1,1,1,6.0,1716 Route du Marais,43.56944,-1.375811,15:11:00,2024-01-21
202400031506,13:25,Plein jour,49,49125,1,1,1,2.0,D170,47.180182,-0.307885,13:25:00,2024-04-10
202400031507,19:10,Plein jour,93,93066,2,1,3,3.0,Rue Henri Delaunay,48.925988,2.36343,19:10:00,2024-03-02
202400031508,20:45,Nuit sans éclairage,24,24408,1,1,1,1.0,D74,45.316871,0.794696,20:45:00,2024-01-20
202400031509,16:08,Plein jour,68,68182,1,1,1,1.0,D12b,47.511636,7.48596,16:08:00,2024-04-11
202400031510,16:03,Plein jour,63,63026,2,1,1,2.0,Boulevard du Lac Sauteyras,45.66502248,2.98118585,16:03:00,2024-05-18
202400031511,13:05,Plein jour,28,28391,1,1,1,6.0,D927,48.188908,1.916283,13:05:00,2024-01-20
202400031512,13:30,Plein jour,93,93057,2,2,2,3.0,Avenue Jean Jaurès / Allée Pierre Brossolette / Allée Robillard,48.904284,2.504715,13:30:00,2024-03-02
202400031513,20:20,Crépuscule,39,39510,1,1,1,2.0,Unknown,46.362108,5.895184,20:20:00,2024-04-10
202400031514,03:00,,83,83154,2,1,1,6.0,28 Route de Mappe,43.506544,6.287809,03:00:00,2024-05-19
202400031515,12:45,Nuit sans éclairage,93,93005,2,2,3,3.0,Rue Marco Polo / Rue Edgar Degas,48.95621127,2.49595106,12:45:00,2024-03-02
202400031516,16:40,Plein jour,41,41208,1,1,2,7.0,D 65,47.608362,1.047263,16:40:00,2024-05-18
202400031517,08:00,Plein jour,38,38399,2,1,3,5.0,D518,45.502927,5.125779,08:00:00,2024-04-09
202400031518,06:00,Nuit sans éclairage,80,80318,1,1,1,5.0,Autoroute A16 - PK 147+675,50.025401,2.100175,06:00:00,2024-01-21
202400031519,22:00,,93,93005,2,1,2,2.0,Boulevard du Général Galliéni,48.931421,2.497178,22:00:00,2024-03-02
202400031520,14:55,Plein jour,18,18148,1,1,1,7.0,Unknown,47.203119,2.034627,14:55:00,2024-01-21
202400031521,05:15,Crépuscule,972,97207,1,1,1,1.0,route nationale 8,14.566066,-60.965012,05:15:00,2024-05-18
202400031522,15:00,Plein jour,92,92046,2,3,3,3.0,GABRIEL PERI,48.81921697,2.30151737,15:00:00,2024-03-02
202400031523,16:35,Plein jour,01,01273,2,3,1,3.0,547 Rue du Docteur Hubert,46.074131,5.376311,16:35:00,2024-04-11
202400031524,00:40,,987,98745,1,1,1,6.0,Tahaa,-16.578421,-151.516078,00:40:00,2024-01-20
202400031525,22:00,Nuit sans éclairage,972,97227,1,1,2,2.0,N5 corps de garde,14.46989,-60.944649,22:00:00,2024-05-18
202400031526,15:00,Plein jour,34,34172,1,1,1,7.0,A709,43.60256,3.924222,15:00:00,2024-01-20
202400031527,18:30,Plein jour,88,88115,2,1,2,6.0,Route de la Houssière,48.176659,6.880118,18:30:00,2024-05-18
202400031528,14:32,Plein jour,92,92033,2,6,2,3.0,GARE,48.83847492,2.1867156,14:32:00,2024-03-02
202400031529,11:25,Plein jour,07,07078,2,3,1,3.0,intersection rue de la lombardiére et rue Christophe colomb DAVÉZIEUX 07430,45.253086,4.696639,11:25:00,2024-04-11
202400031530,00:10,Nuit sans éclairage,28,28169,1,1,1,2.0,A10,48.432497,1.904154,00:10:00,2024-01-21
202400031531,04:00,Nuit sans éclairage,35,35152,1,1,1,2.0,A84,48.217868,-1.50768,04:00:00,2024-05-18
202400031532,09:45,Plein jour,24,24309,1,9,1,3.0,A89 PK92,45.07475539,0.44741057,09:45:00,2024-05-17
202400031533,15:25,Plein jour,53,53062,1,1,1,1.0,RD 962,47.793279,-0.708414,15:25:00,2024-04-10
202400031534,19:50,Nuit sans éclairage,77,77343,1,1,1,3.0,RD17,49.02934274,3.05213928,19:50:00,2024-01-20
202400031535,01:40,,92,92012,2,2,1,3.0,ANDRE MORIZET (AVENUE) 1/47 - 2/52,48.8350084,2.24128515,01:40:00,2024-03-02
202400031536,09:20,Plein jour,56,56175,2,1,1,1.0,31 Rue Anne de Bretagne,47.73946,-2.915851,09:20:00,2024-05-19
202400031537,06:20,Nuit sans éclairage,2B,2B055,1,1,1,6.0,Campitello,42.508473,9.321835,06:20:00,2024-01-21
202400031538,08:35,Plein jour,30,30073,1,1,1,2.0,D6086,43.95244169,4.56698871,08:35:00,2024-04-11
202400031539,03:35,,54,54397,2,1,1,6.0,95 Rue Jean Jaures,48.620765,6.106467,03:35:00,2024-01-20
202400031540,23:10,Nuit sans éclairage,39,39271,2,1,1,1.0,Le Voisinal,46.611575,6.006067,23:10:00,2024-03-02
202400031541,08:20,Plein jour,56,56251,1,1,1,2.0,Graz Iliz,47.630694,-2.640957,08:20:00,2024-05-19
202400031542,04:20,,42,42304,2,1,1,6.0,16 rue du 11 novembre,45.539833,4.183839,04:20:00,2024-01-21
202400031543,16:45,Plein jour,34,34116,2,6,1,3.0,rond point du salinier,43.643876,3.822657,16:45:00,2024-04-05
202400031544,17:27,Plein jour,69,69066,2,2,1,7.0,Rue de la Cime de Cours,46.119905,4.342687,17:27:00,2024-05-19
202400031545,13:00,Plein jour,52,52469,1,1,1,7.0,D101,48.08629773,5.01815557,13:00:00,2024-03-03
202400031546,12:20,Plein jour,42,42304,2,1,2,3.0,373 Route d'Épeluy,45.5443196,4.18940373,12:20:00,2024-01-19
202400031547,08:40,Plein jour,32,32242,1,1,1,7.0,D929,43.447486,0.578703,08:40:00,2024-05-19
202400031548,20:20,Nuit avec éclairage,987,98715,2,3,1,1.0,Route de Puurai,-17.560349,-149.593996,20:20:00,2024-04-10
202400031549,04:40,Crépuscule,22,22042,1,1,1,1.0,Lieu Dit Pen Ar Chra,48.754654,-3.312786,04:40:00,2024-05-19
202400031550,10:15,Plein jour,80,80421,1,1,1,2.0,pk 117,49.767227,2.795999,10:15:00,2024-01-21
202400031551,19:15,Plein jour,38,38212,2,1,1,6.0,Rioupéroux - HLM (Arrêt de bus),45.089297,5.901761,19:15:00,2024-04-10
202400031552,19:55,Plein jour,29,29197,2,1,1,1.0,Rue du Général de Gaulle,48.01509335,-4.49169,19:55:00,2024-04-25
202400031553,15:55,Plein jour,59,59315,1,1,9,3.0,Route Departementale 649,50.30502,3.774319,15:55:00,2024-01-20
202400031554,08:10,Plein jour,01,01363,1,1,1,3.0,D1084,46.043053,5.366017,08:10:00,2024-04-11
202400031555,18:00,Plein jour,38,38265,2,1,8,2.0,Route de la Festinière,44.955202,5.751573,18:00:00,2024-05-18
202400031556,18:15,Nuit sans éclairage,13,13214,1,1,1,2.0,A7-Sens Marseille vers Lyon,43.32477293,5.37850846,18:15:00,2024-01-19
202400031557,02:05,,13,13045,2,1,1,1.0,Rue du Calada,43.852981,4.770864,02:05:00,2024-05-19
202400031558,08:40,Plein jour,34,34295,1,1,1,2.0,Route Departementale 613,43.564429,3.803297,08:40:00,2024-04-11
202400031559,16:45,Plein jour,02,02558,1,1,1,7.0,D75,50.006105,3.88091,16:45:00,2024-05-19
202400031560,17:00,Crépuscule,94,94021,1,1,1,3.0,A6A,48.76224266,2.34059909,17:00:00,2024-01-20
202400031561,10:45,Plein jour,13,13037,1,1,1,3.0,A7,43.561642,5.228119,10:45:00,2024-04-09
202400031562,10:50,Plein jour,91,91689,1,1,1,2.0,AUTOROUTE A10,48.74124,2.32094,10:50:00,2024-01-20
202400031563,01:15,Nuit sans éclairage,14,14057,1,1,1,6.0,857 Route de Garcelles,49.108591,-0.265579,01:15:00,2024-05-19
202400031564,08:00,Plein jour,34,34123,2,9,1,6.0,Rue du Pergasan,43.618435,3.792,08:00:00,2024-04-11
202400031565,07:45,Crépuscule,91,91086,1,1,1,6.0,RN 104,48.624998,2.395532,07:45:00,2024-01-20
202400031566,11:25,Plein jour,50,50076,2,3,1,7.0,8 Avenue du Golf,48.903765,-1.564742,11:25:00,2024-05-19
202400031567,11:30,Plein jour,987,98714,1,1,1,3.0,Matira,-16.492619,-151.750464,11:30:00,2024-04-10
202400031568,19:00,Crépuscule,94,94018,1,1,1,4.0,A4,48.82320034,2.39580432,19:00:00,2024-01-19
202400031569,22:45,,50,50082,2,4,1,1.0,Rue Freres Fremines,49.473196,-1.627623,22:45:00,2024-05-18
202400031570,08:37,Plein jour,988,98818,2,1,1,1.0,Sur piste cyclable de la PROMENADE PIERRE VERNIER,-22.30511,166.45926,08:37:00,2024-01-20
202400031571,16:00,Plein jour,83,83007,1,1,1,1.0,RD957 Pk22,43.64681336,6.22300327,16:00:00,2024-05-19
202400031572,09:33,Plein jour,973,97302,2,6,1,2.0,GALMOT (ROND-POINT),4.93129569,-52.33001053,09:33:00,2024-01-19
202400031573,16:00,Plein jour,988,98821,1,1,1,7.0,VE2 à hauteur de Savannah,-22.16452,166.39024,16:00:00,2024-04-10
202400031574,03:30,Nuit sans éclairage,60,60471,1,1,1,7.0,D938,49.577426,2.982316,03:30:00,2024-05-19
202400031575,07:20,Plein jour,33,33165,1,1,1,3.0,Unknown,44.825926,-0.424197,07:20:00,2024-04-11
202400031576,21:59,Nuit avec éclairage,973,97302,2,3,1,3.0,ZEPHIR (ROCADE),4.93803,-52.30632,21:59:00,2024-01-18
202400031577,17:00,Plein jour,18,18164,1,2,1,3.0,Unknown,46.843066,2.981951,17:00:00,2024-05-18
202400031578,22:20,Nuit sans éclairage,66,66176,1,1,1,7.0,D11,42.795279,2.957055,22:20:00,2024-04-10
202400031579,08:45,Plein jour,69,69385,2,2,1,7.0,11 Rue de Champvert,45.75958596,4.79583129,08:45:00,2024-01-19
202400031580,19:30,Crépuscule,83,83047,2,6,7,6.0,rond point des harkis,43.155074,6.06941,19:30:00,2024-04-11
202400031581,10:10,Plein jour,07,07129,1,4,1,1.0,D534,44.996793,4.605846,10:10:00,2024-05-19
202400031582,15:11,Plein jour,971,97105,2,1,1,3.0,GASTON FEUILLARD(AVENUE),15.99928,-61.72161,15:11:00,2024-01-18
202400031583,07:20,Plein jour,13,13066,1,1,9,3.0,D29,43.840594,4.883122,07:20:00,2024-04-11
202400031584,05:10,Nuit sans éclairage,91,91161,2,1,1,6.0,PABLO (PARKING DU),48.71308,2.29992,05:10:00,2024-01-19
202400031585,07:10,Plein jour,17,17235,2,1,1,7.0,Avenue de la République,45.804258,-0.399376,07:10:00,2024-05-19
202400031586,04:00,Nuit sans éclairage,23,23025,1,1,1,6.0,La Borde,46.323216,1.897084,04:00:00,2024-05-19
202400031587,08:00,Crépuscule,91,91097,2,1,1,3.0,CHARLES DE GAULLE (AVENUE),48.68947,2.52549,08:00:00,2024-01-19
202400031588,12:00,Plein jour,13,13027,2,3,6,1.0,Rue Jean-baptiste Lacroix,43.880959,4.860474,12:00:00,2024-04-10
202400031589,17:20,Plein jour,87,87103,1,1,1,1.0,Avenue des Pins,46.001098,1.182522,17:20:00,2024-05-18
202400031590,04:00,Nuit sans éclairage,26,26165,1,1,6,7.0,A7- PK 086.000,44.797124,4.844713,04:00:00,2024-04-11
202400031591,14:40,Plein jour,91,91228,2,3,1,3.0,JEAN MONNET (BOULEVARD),48.6223,2.41699,14:40:00,2024-01-19
202400031592,18:00,,91,91228,2,1,1,6.0,BD DE FRANCE,48.6301,2.43512,18:00:00,2024-01-16
202400031593,12:55,Plein jour,91,91223,1,1,1,7.0,CHARLES DE GAULLE (AVENUE),48.4257,2.15413,12:55:00,2024-01-19
202400031594,15:45,Plein jour,30,30133,2,3,7,3.0,route départementale 62c,43.550931,4.124127,15:45:00,2024-05-16
202400031595,16:25,Plein jour,68,68300,1,3,1,3.0,Avenue du Général de Gaulle,47.774356,7.379926,16:25:00,2024-04-10
202400031596,18:45,,84,84007,2,1,1,6.0,OULLE (Boulevard de l'),43.94846,4.80087,18:45:00,2024-01-03
202400031597,19:00,Plein jour,67,67324,1,1,1,7.0,D53,48.95495865,7.68732639,19:00:00,2024-05-01
202400031598,14:15,Plein jour,83,83137,2,1,1,6.0,DEMOCRATIE (BD DE LA),43.12597,5.93887,14:15:00,2024-01-18
202400031599,16:50,Plein jour,42,42261,1,4,1,1.0,Route de Lyon,45.717666,4.36758,16:50:00,2024-04-11
202400031600,06:40,Plein jour,73,73068,1,1,1,6.0,A43 PR 124+0300,45.56334908,6.20657533,06:40:00,2024-05-18
202400031601,11:05,Plein jour,79,79048,1,1,8,1.0,Unknown,46.382154,-0.270603,11:05:00,2024-04-11
202400031602,09:30,Plein jour,14,14258,2,1,2,7.0,11 Boulevard de la Fontaine Couverte,48.890249,-0.19565,09:30:00,2024-04-09
202400031603,18:53,,77,77458,2,4,2,6.0,RUE JEAN COCTEAU,48.18795,2.73569,18:53:00,2024-01-18
202400031604,20:10,Plein jour,69,69244,2,1,1,2.0,13 Avenue de la Constellation,45.75506,4.774671,20:10:00,2024-05-19
202400031605,03:42,,13,13206,1,9,1,7.0,Tunnel Prado Carénage,43.29124,5.36627,03:42:00,2024-04-10
202400031606,22:17,Nuit avec éclairage,76,76705,2,6,5,6.0,D7,49.33211,1.09986,22:17:00,2024-01-19
202400031607,02:36,,76,76351,2,2,4,3.0,LOUIS LUMIERE,49.524174,0.122858,02:36:00,2024-01-18
202400031608,19:50,Plein jour,33,33122,1,1,1,2.0,Unknown,44.723269,-0.734882,19:50:00,2024-04-09
202400031609,16:00,Plein jour,06,06085,2,1,1,3.0,2252 Avenue Marechal Juin,43.581357,6.997969,16:00:00,2024-05-17
202400031610,14:20,Plein jour,72,72181,1,1,1,2.0,ITALIENS (BD DES),47.94626,0.20746,14:20:00,2024-01-19
202400031611,17:45,Plein jour,33,33122,1,1,1,2.0,Unknown,44.74388,-0.70516,17:45:00,2024-04-09
202400031612,12:45,Plein jour,14,14012,1,1,1,6.0,A13,49.243317,-0.020857,12:45:00,2024-05-18
202400031613,13:00,Plein jour,72,72181,2,1,1,6.0,DURAND GEORGES (AV) N° PAIRS 166 A 310,47.97293,0.21658,13:00:00,2024-01-19
202400031614,21:45,Nuit sans éclairage,72,72181,1,1,9,7.0,BALLON (RTE DE),48.01944,0.20408,21:45:00,2024-01-18
202400031615,22:00,,971,97103,1,1,1,2.0,la Jaille,16.253602,-61.574528,22:00:00,2024-05-18
202400031616,19:25,Plein jour,91,91689,1,1,1,4.0,AUTOROUTE A6,48.72665,2.31363,19:25:00,2024-04-10
202400031617,14:35,Plein jour,69,69264,2,1,1,3.0,Avenue Edouard Herriot,45.97889,4.71813,14:35:00,2024-01-19
202400031618,17:55,Plein jour,91,91174,1,1,1,2.0,RN 104,48.61187,2.4485,17:55:00,2024-04-10
202400031619,16:00,Plein jour,973,97310,1,1,2,3.0,"RN2, PK 99.900",4.387148,-52.308998,16:00:00,2024-05-18
202400031620,15:40,Plein jour,69,69290,1,3,1,3.0,Route de Lyon,45.70349,4.91463,15:40:00,2024-01-19
202400031621,08:40,Plein jour,92,92048,1,1,1,3.0,N118,48.79291841,2.21929169,08:40:00,2024-04-09
202400031622,05:30,Nuit sans éclairage,973,97305,1,1,2,1.0,pk 35 RN1,5.069341,-52.541428,05:30:00,2024-05-19
202400031623,20:30,Crépuscule,93,93064,1,1,1,7.0,A86,48.88562499,2.4728678,20:30:00,2024-04-10
202400031624,15:40,Plein jour,69,69290,2,3,2,3.0,Avenue Henri Germain,45.7022207,4.90120606,15:40:00,2024-01-18
202400031625,10:15,Plein jour,971,97116,2,1,1,2.0,Route Marie Emile Coco,16.322883,-61.439034,10:15:00,2024-05-19
202400031626,19:45,Plein jour,95,95394,1,1,1,3.0,A115,49.05235925,2.184649,19:45:00,2024-04-10
202400031627,14:50,Plein jour,66,66136,1,6,1,2.0,Unknown,42.67970752,2.91733608,14:50:00,2024-01-18
202400031628,20:50,Nuit sans éclairage,971,97134,1,1,1,1.0,Route de Val de l'Orge,16.043133,-61.755459,20:50:00,2024-05-18
202400031629,10:15,Plein jour,92,92036,1,1,1,2.0,AUTOROUTE A86,48.93863106,2.3014909,10:15:00,2024-04-10
202400031630,18:13,Nuit sans éclairage,63,63103,2,1,4,6.0,BOIS (ALLEE DU),45.92553,3.06351,18:13:00,2024-01-18
202400031631,06:10,Plein jour,83,83106,1,1,1,6.0,D81,43.319792,6.06662,06:10:00,2024-05-19
202400031632,08:00,Plein jour,95,95527,1,1,1,6.0,A1,49.02172295,2.53461784,08:00:00,2024-04-10
202400031633,12:30,Plein jour,62,62771,2,1,7,6.0,Rue Victor Filipic,50.42625,2.8517,12:30:00,2024-01-16
202400031634,07:10,Nuit sans éclairage,56,56162,1,1,8,6.0,Rue de Laudé,47.719997,-3.41542,07:10:00,2024-01-19
202400031635,11:05,Plein jour,13,13099,1,4,1,2.0,D11,43.664659,5.75424,11:05:00,2024-05-18
202400031636,09:00,Plein jour,77,77146,1,1,1,3.0,A4.Y,48.83227,2.65864,09:00:00,2024-04-10
202400031637,17:06,Plein jour,71,71150,2,3,1,6.0,RD906,46.248792,4.787416,17:06:00,2024-05-18
202400031638,23:30,Nuit sans éclairage,88,88160,1,9,2,7.0,N57,48.148231,6.490904,23:30:00,2024-05-18
202400031639,15:40,Plein jour,56,56121,2,6,1,3.0,CHOISEUL (AVE. DE),47.75504,-3.35455,15:40:00,2024-01-18
202400031640,18:40,Plein jour,88,88253,2,6,1,7.0,Rue du Saut-le-cerf,48.199979,6.478372,18:40:00,2024-05-17
202400031641,07:35,Plein jour,974,97411,1,3,1,3.0,MACE (ROUTE GABRIEL),-20.91111,55.49929,07:35:00,2024-04-09