Num_Acc,hrmn,lum,dep,com,agg,int,atm,col,adr,lat,long,heure,date
202400031642,22:20,Nuit sans éclairage,54,54351,1,1,1,6.0,D657,48.78665061,6.12344027,22:20:00,2024-05-18
202400031643,12:20,Plein jour,56,56121,2,3,7,3.0,FRANCHET- D'ESPEREY ( BD ),47.753581,-3.365898,12:20:00,2024-01-18
202400031644,09:00,Plein jour,63,63470,2,1,1,6.0,Rue de la Liberation,45.87337258,3.03843856,09:00:00,2024-05-19
202400031645,12:30,Plein jour,974,97411,2,2,1,5.0,PARIS (RUE DE),-20.88148,55.44955,12:30:00,2024-04-08
202400031646,01:00,Nuit sans éclairage,38,38223,2,1,1,7.0,871 Route de Saint Jean,45.568818,5.280454,01:00:00,2024-05-19
202400031647,07:55,Crépuscule,54,54495,1,6,2,4.0,RM 674,48.698977,6.243035,07:55:00,2024-01-18
202400031648,02:28,,69,69287,2,3,1,6.0,9 Rue Luyzine,45.69528331,5.01822842,02:28:00,2024-05-19
202400031649,15:50,Plein jour,974,97407,1,1,1,3.0,ROUTE DU SACRE COEUR,-20.95935936,55.32171679,15:50:00,2024-04-09
202400031650,19:10,,53,53130,2,6,1,3.0,CROSSARDIERE ( RUE ),48.07342,-0.76792,19:10:00,2024-01-19
202400031651,08:00,Plein jour,33,33056,1,3,1,1.0,Unknown,44.898976,-0.639841,08:00:00,2024-05-18
202400031652,06:20,Plein jour,974,97407,2,9,1,3.0,VERDUN (BOULEVARD),-20.94,55.29,06:20:00,2024-04-07
202400031653,09:04,Plein jour,51,51454,2,2,4,2.0,COURCELLES (RUE DE) DU 1 AU 97 ET 2 A 22,49.26231,4.01754,09:04:00,2024-01-19
202400031654,02:30,Nuit sans éclairage,56,56152,1,1,1,6.0,Antoureau,47.333231,-3.183664,02:30:00,2024-05-19
202400031655,17:50,Plein jour,973,97302,2,6,2,7.0,CATAYEE (JUSTIN),4.92498,-52.32363,17:50:00,2024-04-09
202400031656,19:22,Plein jour,69,69387,2,4,2,7.0,Avenue Jean Jaurès,45.75047,4.84492,19:22:00,2024-04-09
202400031657,18:25,Plein jour,02,02381,1,3,1,6.0,Unknown,49.932208,4.104472,18:25:00,2024-05-19
202400031658,18:45,,49,49099,2,4,1,3.0,LECOQ (BOULEVARD PIERRE),47.04932,-0.86618,18:45:00,2024-01-18
202400031659,17:25,Plein jour,59,59031,2,3,1,3.0,D961,50.27469,3.81662,17:25:00,2024-05-18
202400031660,13:10,Plein jour,49,49007,2,1,1,6.0,BRIOLLAY ROUTE,47.49109,-0.52963,13:10:00,2024-01-19
202400031661,10:00,Plein jour,69,69388,2,2,2,1.0,Rue Marius Berliet,45.74129,4.8619,10:00:00,2024-04-09
202400031662,15:50,Plein jour,13,13207,1,1,1,7.0,Tunnel Prado Carénage,43.29086,5.36445,15:50:00,2024-05-18
202400031663,13:10,Plein jour,49,49007,2,1,1,2.0,DAVID D'ANGERS,47.4437,-0.53554,13:10:00,2024-01-18
202400031664,07:40,Plein jour,972,97213,2,1,1,2.0,ROUTE DEPARTEMENTALE 15,14.63294,-61.00808,07:40:00,2024-04-09
202400031665,19:30,Plein jour,13,13015,1,1,1,2.0,A51-Sens Marseille vers Aix en Provence,43.42801022,5.38616758,19:30:00,2024-05-17
202400031666,07:00,Nuit sans éclairage,45,45169,2,3,1,6.0,240 Route Nationale,47.931968,1.833781,07:00:00,2024-01-19
202400031667,16:55,Plein jour,972,97209,2,3,1,3.0,ERNEST DEPROGE (RUE),14.60356,-61.07302,16:55:00,2024-04-09
202400031668,13:55,Plein jour,44,44184,2,1,1,4.0,Boulevard Georges Charpak,47.26529,-2.25694,13:55:00,2024-01-19
202400031669,17:30,Plein jour,13,13071,1,1,1,2.0,A7-Sens Lyon vers Marseille,43.40425,5.34205,17:30:00,2024-05-17
202400031670,12:30,Plein jour,69,69384,2,1,8,1.0,Montée des Esses,45.77218,4.81605,12:30:00,2024-04-09
202400031671,18:05,,44,44114,2,3,1,6.0,49 Route de Rennes ,47.25062,-1.57685,18:05:00,2024-01-19
202400031672,16:00,Plein jour,13,13117,1,1,1,3.0,A7-Sens Lyon vers Marseille,43.43203191,5.25786355,16:00:00,2024-05-17
202400031673,08:35,Plein jour,2B,2B037,2,1,8,2.0,TOUTES RUES,42.61666,9.41667,08:35:00,2024-04-09
202400031674,16:10,Plein jour,37,37261,2,1,1,2.0,GANCE (BOULEVARD ABEL),47.41840391,0.71780205,16:10:00,2024-01-19
202400031675,03:30,Nuit sans éclairage,83,83126,1,1,1,6.0,A50,43.11962832,5.85873668,03:30:00,2024-05-17
202400031676,16:30,Plein jour,2B,2B033,2,1,1,5.0,TOUTES RUES,42.6748,9.4351,16:30:00,2024-04-08
202400031677,07:30,,37,37208,2,2,9,3.0,CORMERY (RUE DE),47.35297,0.73293,07:30:00,2024-01-19
202400031678,18:00,Plein jour,95,95585,2,1,1,6.0,CASCADE (AVENUE DE LA),48.98445347,2.3903203,18:00:00,2024-04-08
202400031679,01:00,,35,35238,2,1,1,6.0,NANTES (DE),48.097424,-1.688606,01:00:00,2024-01-20
202400031680,12:14,Plein jour,33,33143,1,1,1,4.0,Unknown,44.954763,-0.454811,12:14:00,2024-05-18
202400031681,11:40,Plein jour,91,91103,2,9,8,6.0,RUE DE LA PAIX,48.609457,2.304997,11:40:00,2024-04-08
202400031682,15:15,Plein jour,35,35238,2,1,1,2.0,GROS MALHON (AVENUE),48.12406636,-1.68161228,15:15:00,2024-01-19
202400031683,10:40,Plein jour,94,94038,1,1,1,5.0,A6A,48.77342126,2.34590575,10:40:00,2024-05-18
202400031684,20:20,Plein jour,91,91326,2,1,1,3.0,COUR DE FRANCE (AVENUE DE LA),48.69727,2.37164,20:20:00,2024-04-09
202400031685,23:00,,34,34172,2,1,1,2.0,TOULOUSE (AVENUE DE,43.59988,3.86692,23:00:00,2024-01-18
202400031686,08:00,Plein jour,51,51217,1,3,1,5.0,D3,49.084168,3.657417,08:00:00,2024-07-24
202400031687,09:20,Plein jour,93,93066,1,1,1,2.0,A1,48.93163435,2.37061507,09:20:00,2024-05-18
202400031688,20:10,,29,29232,2,1,1,7.0,Rue de la Tour d'Auvergne,47.99258,-4.08938,20:10:00,2024-01-19
202400031689,22:40,,91,91174,2,1,1,3.0,PL ANCIENS COMBATTANTS,48.61422,2.4592,22:40:00,2024-04-09
202400031690,00:15,Nuit sans éclairage,93,93048,1,1,1,2.0,A3,48.87194401,2.43325545,00:15:00,2024-05-18
202400031691,15:30,Plein jour,29,29232,2,1,1,3.0,Rd 365 - Avenue du Morbihan,47.97909029,-4.07440816,15:30:00,2024-01-19
202400031692,19:10,Crépuscule,90,90099,2,2,1,3.0,ZOLA (RUE EMILE),47.663089,6.840366,19:10:00,2024-04-07
202400031693,07:30,Plein jour,95,95277,1,1,1,2.0,A1,48.95556079,2.45851994,07:30:00,2024-05-17
202400031694,11:30,Plein jour,29,29019,2,3,3,6.0,boulevard de l'Europe,48.416723,-4.460131,11:30:00,2024-01-17
202400031695,09:50,Plein jour,83,83086,1,3,1,2.0,Route de Sainte Maxime,43.46864,6.564346,09:50:00,2024-07-25
202400031696,03:10,,94,94052,1,1,1,6.0,A86,48.83727523,2.49396111,03:10:00,2024-05-18
202400031697,07:25,Crépuscule,87,87085,2,2,2,6.0,CARNOT (BOULEVARD),45.83187,1.26399,07:25:00,2024-04-08
202400031698,12:30,Plein jour,13,13106,2,1,1,2.0,BEDOULE (CHEMIN DE LA),43.38701,5.35212,12:30:00,2024-02-17
202400031699,19:50,Plein jour,87,87085,2,1,1,1.0,BAUDIN ( AVENUE) (VC),45.82078,1.25746,19:50:00,2024-04-07
202400031700,22:05,,25,25056,2,1,1,1.0,DOLE RUE DE (sup 200),47.22145,5.95876,22:05:00,2024-01-19
202400031701,18:51,Nuit sans éclairage,988,98818,2,1,2,6.0,VE1,-22.26299,166.4428,18:51:00,2024-05-17
202400031702,04:50,Nuit sans éclairage,22,22360,2,1,9,6.0,BOCAGE (RUE DU),48.47669,-2.77126,04:50:00,2024-01-19
202400031703,11:23,Plein jour,87,87085,2,1,1,6.0,APPERT (RUE NICOLAS),45.8832,1.28468,11:23:00,2024-04-07
202400031704,16:40,Plein jour,26,26010,1,2,1,2.0,Route de Saint-Sorlin,45.276663,4.910315,16:40:00,2024-07-25
202400031705,08:10,Plein jour,987,98736,2,9,1,2.0,AFARERII (RUE),-17.532288,-149.553122,08:10:00,2024-05-17
202400031706,14:45,Plein jour,14,14118,2,1,1,7.0,5 Place Monseigneur des Hameaux,49.18189,-0.37372,14:45:00,2024-01-19
202400031707,14:44,Plein jour,84,84007,2,1,8,6.0,LIMBERT (Boulevard),43.94784,4.81829,14:44:00,2024-04-09
202400031708,12:20,Plein jour,976,97611,2,1,1,7.0,kaweni-SPPM ( rue de la ),-12.771,45.222,12:20:00,2024-05-17
202400031709,10:00,Plein jour,38,38419,1,1,1,6.0,d1075,44.840047,5.613112,10:00:00,2024-07-25
202400031710,19:30,Nuit sans éclairage,13,13019,1,1,1,1.0,D60 A,43.43489,5.34043,19:30:00,2024-01-19
202400031711,09:15,Plein jour,83,83069,1,9,2,2.0,ROUTE DEPARTEMENTALE 98,43.12237131,6.16163707,09:15:00,2024-04-09
202400031712,20:30,,974,97416,2,3,1,3.0,LEBLOND 1 (RUE MARIUS ET ARY),-21.337,55.473,20:30:00,2024-05-17
202400031713,21:05,,13,13210,2,1,1,3.0,CAPELETTE (AVENUE DE LA),43.279473,5.411274,21:05:00,2024-01-19
202400031714,01:40,,974,97411,2,1,1,7.0,JAURES (BOULEVARD JEAN),-20.89935,55.47916,01:40:00,2024-05-18
202400031715,08:00,Crépuscule,81,81004,2,1,8,4.0,MILLAU (RTE DE) DU N° 32 A LA FIN,43.92835,2.19696,08:00:00,2024-04-09
202400031716,09:00,Plein jour,13,13208,2,9,1,3.0,PARADIS (RUE),43.26981,5.3868,09:00:00,2024-01-19
202400031717,20:50,Nuit sans éclairage,80,80021,1,1,3,7.0,D11,49.927,2.319,20:50:00,2024-04-08
202400031718,08:40,Plein jour,56,56102,1,1,1,7.0,La Vile Hervieux,47.96888,-2.60884,08:40:00,2024-07-13
202400031719,23:00,,13,13213,2,1,1,3.0,JEAN PAUL SARTRE (AVENUE),43.32345,5.4193,23:00:00,2024-01-18
202400031720,20:00,,974,97411,2,2,1,1.0,LORY LES HAUTS (RUE),-20.89196,55.482,20:00:00,2024-05-16
202400031721,13:00,Plein jour,80,80021,2,2,1,3.0,Rue Charles Dubois,49.88654,2.30174,13:00:00,2024-04-08
202400031722,06:55,Nuit avec éclairage,13,13201,2,2,1,3.0,BRETEUIL (RUE)    2 A 18,43.29245,5.3749,06:55:00,2024-01-18
202400031723,20:15,Plein jour,2B,2B050,2,1,1,1.0,Route de la pinède,42.554187,8.764526,20:15:00,2024-07-25
202400031724,18:30,Plein jour,78,78440,2,1,1,6.0,MARECHAL FOCH (AVENUE DU),48.98792,1.89683,18:30:00,2024-04-08
202400031725,09:10,Plein jour,973,97302,2,3,2,3.0,BADUEL (ROUTE DE),4.93704525,-52.31510952,09:10:00,2024-05-17
202400031726,19:15,Nuit sans éclairage,13,13001,1,1,1,7.0,RD 543,43.52808,5.3519,19:15:00,2024-01-19
202400031727,17:10,Plein jour,11,11069,2,1,1,6.0,70 Rue de la République,43.21451,2.34747,17:10:00,2024-01-19
202400031728,12:32,Plein jour,973,97302,2,1,1,5.0,MANGUES (RUE DES - CITE MANGUIERS),4.93399362,-52.32427293,12:32:00,2024-05-15
202400031729,17:40,Plein jour,77,77288,1,3,1,6.0,D 605,48.54151,2.65097,17:40:00,2024-04-09
202400031730,08:10,Plein jour,06,06088,2,1,1,6.0,Route de Turin,43.7251394,7.2885008,08:10:00,2024-01-19
202400031731,10:30,Plein jour,80,80005,1,2,1,3.0,Intersection D56 / D46,50.168099,2.094108,10:30:00,2024-07-24
202400031732,21:26,,972,97213,1,1,1,3.0,ROUTE NATIONALE 1,14.614957,-61.010148,21:26:00,2024-05-16
202400031733,14:58,Plein jour,73,73008,2,2,1,3.0,GRAND PORT (AV),45.69464,5.9102,14:58:00,2024-04-08
202400031734,08:30,Plein jour,06,06123,2,1,1,3.0,PUGETS AVENUE DES,43.67886,7.18859,08:30:00,2024-01-18
202400031735,06:48,,73,73008,2,6,2,3.0,D1201 Carrefour des Hopitaux,45.69665,5.90755,06:48:00,2024-04-03
202400031736,21:00,,75,75114,2,1,1,2.0,PORTE D ORLEANS,48.820562,2.323112,21:00:00,2024-01-18
202400031737,11:40,Plein jour,971,97101,1,3,1,3.0,RN1 ROCADE DE CHAUVEL,16.24474,-61.52401,11:40:00,2024-05-15
202400031738,08:45,Plein jour,32,32107,1,1,1,5.0,Route d?Agen,43.962295,0.387134,08:45:00,2024-07-25
202400031739,15:30,Plein jour,75,75119,2,3,1,3.0,AVENUE DE FLANDRE,48.887019,2.372106,15:30:00,2024-01-19
202400031740,20:40,Plein jour,72,72181,1,9,1,7.0,ALENCON (RTE D'),48.0287,0.18071,20:40:00,2024-04-08
202400031741,17:30,Plein jour,95,95585,1,1,1,4.0,D316,48.98256408,2.37009995,17:30:00,2024-05-17
202400031742,02:50,,75,75118,2,2,1,1.0,RUE DU MONT CENIS,48.892521,2.34431,02:50:00,2024-01-19
202400031743,12:15,Plein jour,71,71153,2,1,2,2.0,PRUDHOMME (RUE SULLY),46.8012835,4.41024363,12:15:00,2024-04-09
202400031744,23:08,,95,95555,2,1,1,3.0,D14,48.96470399,2.28671274,23:08:00,2024-05-17
202400031745,10:45,Plein jour,11,11045,1,1,1,7.0,Route départementale 52,43.002544,2.162569,10:45:00,2024-07-24
202400031746,20:20,Nuit sans éclairage,75,75117,2,4,1,7.0,BOULEVARD DE LA SOMME,48.886662,2.29048,20:20:00,2024-01-19
202400031747,15:40,Plein jour,69,69290,2,1,1,6.0,71 Chemin de Revaison,45.70551,4.92099,15:40:00,2024-04-09
202400031748,23:00,Nuit sans éclairage,95,95127,2,6,1,6.0,D14,49.05317997,2.03233469,23:00:00,2024-05-16
202400031749,10:00,Plein jour,75,75112,2,1,1,3.0,QUAI DE BERCY,48.838314,2.376739,10:00:00,2024-01-18
202400031750,03:50,Nuit sans éclairage,69,69029,2,1,3,3.0,17 Avenue du Doyen Jean Lépine,45.74882,4.90199,03:50:00,2024-04-09
202400031751,15:42,Plein jour,91,91201,2,3,1,3.0,DES GRANDES PIECES (ALLEE),48.68192,2.43064,15:42:00,2024-05-17
202400031752,07:14,,75,75110,2,2,1,3.0,BOULEVARD DE MAGENTA,48.881114,2.365181,07:14:00,2024-01-21
202400031753,06:25,Plein jour,63,63148,1,3,5,3.0,D224,45.891642,3.241621,06:25:00,2024-07-25
202400031754,18:10,Plein jour,69,69259,2,1,1,3.0,Avenue Francis de Pressensé,45.71621555,4.87127205,18:10:00,2024-04-08
202400031755,12:10,Plein jour,91,91326,2,3,1,6.0,PASTEUR (RUE),48.686101,2.378953,12:10:00,2024-05-17
202400031756,00:35,,75,75108,2,2,1,1.0,RUE DE TILSITT,48.874592,2.296958,00:35:00,2024-01-19
202400031757,09:55,Plein jour,91,91326,2,1,1,3.0,GENERAL DE GAULLE (AVENUE DU),48.693698,2.379385,09:55:00,2024-05-17
202400031758,14:30,Plein jour,67,67482,2,1,1,3.0,VOSGES (AVENUE DES),48.58791,7.75756,14:30:00,2024-04-08
202400031759,12:00,Plein jour,89,89387,2,1,1,6.0,JOSSEY (RUE),48.19554,3.28138,12:00:00,2024-05-16
202400031760,20:00,Crépuscule,64,64445,2,1,1,6.0,CAMI SALIE DU,43.33155,-0.36312,20:00:00,2024-04-09
202400031761,11:00,Plein jour,41,41059,1,1,1,1.0,D30,47.411209,1.399791,11:00:00,2024-07-24
202400031762,00:45,,75,75103,2,2,1,6.0,RUE DES QUATRE FILS,48.859944,2.360767,00:45:00,2024-01-19
202400031763,20:40,Plein jour,88,88160,1,1,1,1.0,FONDATION-PRUD'HOMME (RUE DE LA),48.14914711,6.47398353,20:40:00,2024-05-17
202400031764,19:30,,75,75103,2,1,1,2.0,RUE VIEILLE DU TEMPLE,48.860824,2.362398,19:30:00,2024-01-18
202400031765,22:45,Nuit avec éclairage,87,87065,1,1,1,3.0,AUTOROUTE A20,45.80622,1.29772,22:45:00,2024-05-16
202400031766,19:25,Plein jour,44,44108,1,1,1,3.0,Unknown,47.1420615,-1.2838495,19:25:00,2024-06-26
202400031767,18:20,Plein jour,64,64269,1,1,8,4.0,D802,43.29578,-0.31718,18:20:00,2024-04-08
202400031768,12:40,Plein jour,94,94081,2,1,1,3.0,Boulevard de Stalingrad,48.80116,2.37968,12:40:00,2024-01-19
202400031769,10:50,Plein jour,84,84035,1,9,1,3.0,AVIGNON-RD973 (ROUTE D'),43.878598,4.979138,10:50:00,2024-05-17
202400031770,19:20,,94,94042,2,3,1,3.0,Avenue du Général Galliéni / Boulevard de Polangis,48.820093,2.481741,19:20:00,2024-01-19
202400031771,12:15,Plein jour,63,63300,1,6,1,3.0,RD 2009,45.90739509,3.12415659,12:15:00,2024-04-06
202400031772,10:30,Plein jour,84,84007,2,3,1,1.0,PIERRE SEMARD (avenue),43.94223,4.8166,10:30:00,2024-05-16
202400031773,08:40,Plein jour,93,93049,2,3,1,6.0,Boulevard d'Alsace-lorraine / Avenue du Président Roosevelt,48.852495,2.511478,08:40:00,2024-01-19
202400031774,17:00,Plein jour,80,80021,2,1,1,7.0,Rue Emile Francfort,49.89681,2.26358,17:00:00,2024-05-17
202400031775,22:27,,63,63113,2,3,1,3.0,DOLET (RUE ETIENNE) / Rue desdevises du Dezert,45.76575,3.0865,22:27:00,2024-04-09
202400031776,09:00,Plein jour,44,44128,2,2,1,5.0,le Pigeon Blanc,47.56477,-1.868663,09:00:00,2024-07-25
202400031777,08:30,Crépuscule,94,94046,2,1,4,2.0,Avenue du Général de Gaulle,48.81618,2.4199,08:30:00,2024-01-19
202400031778,23:50,,80,80021,2,2,1,1.0,Rue du Marché Lanselles,49.8967,2.29774,23:50:00,2024-05-16
202400031779,12:10,Plein jour,63,63113,2,1,1,3.0,SAINTE CLAIRE (RUE),45.78207641,3.08153361,12:10:00,2024-04-09
202400031780,21:00,Nuit sans éclairage,93,93073,2,1,9,6.0,Route de la Croix au Plâtre,48.9842352,2.53508985,21:00:00,2024-01-18
202400031781,10:40,Plein jour,78,78481,2,1,1,6.0,SARTROUVILLE (ROUTE DE),48.903644,2.115033,10:40:00,2024-05-17
202400031782,08:20,Plein jour,35,35243,1,3,8,1.0,Moncorps,48.33768856,-1.26172514,08:20:00,2024-07-23
202400031783,21:45,,78,78297,2,1,1,6.0,HAUSSMAN (RUE GEORGES),48.766106,2.078739,21:45:00,2024-05-17
202400031784,10:00,Plein jour,93,93064,2,2,1,6.0,Rue du 4e Zouave / Boulevard Theophile Sueur,48.871188,2.471008,10:00:00,2024-01-19
202400031785,21:45,,62,62498,2,9,1,3.0,Avenue de Varsovie,50.42868179,2.836178,21:45:00,2024-04-06
202400031786,23:30,,93,93051,2,3,8,3.0,Rue des Hauts Roseaux / Rue Jules Ferry,48.847836,2.576527,23:30:00,2024-01-18
202400031787,18:20,Plein jour,62,62193,2,1,1,2.0,Avenue Louis Blériot,50.95102,1.87289,18:20:00,2024-04-09
202400031788,16:10,Plein jour,29,29105,2,6,2,3.0,Rue du Ponant,48.51952693,-4.07649685,16:10:00,2024-07-25
202400031789,03:40,Nuit sans éclairage,77,77450,2,1,1,3.0,N 19,48.70844,2.5867,03:40:00,2024-05-17
202400031790,07:55,,93,93007,2,3,4,3.0,Avenue de la République / Avenue du Professeur Fleming,48.93563112,2.46818751,07:55:00,2024-01-19
202400031791,19:00,Plein jour,77,77474,1,1,1,6.0,RN3 (ROUTE NATIONALE),48.9588,2.8237,19:00:00,2024-05-17
202400031792,16:45,Plein jour,12,12059,1,1,1,1.0,D911,44.31689884,2.32804298,16:45:00,2024-09-01
202400031793,14:30,Plein jour,62,62193,2,9,1,3.0,Rue du Four à Chaux,50.9415,1.85803,14:30:00,2024-03-29
202400031794,20:00,Crépuscule,31,31341,1,2,1,3.0,Route de l'Hippodrome,43.740997,1.287492,20:00:00,2024-07-24
202400031795,02:20,,93,93005,2,1,4,1.0,Rue Robert Brémond,48.95744882,2.46337116,02:20:00,2024-01-19
202400031796,14:40,Plein jour,76,76552,2,1,1,2.0,REINE ELISABETH,49.50383423,0.08665314,14:40:00,2024-05-16
202400031797,18:45,,92,92073,2,1,1,6.0,JAURES (AVENUE JEAN),48.86209611,2.21153212,18:45:00,2024-01-19
202400031798,14:45,Plein jour,12,12208,2,1,1,3.0,115 Avenue Jean Jaurès,43.953747,2.893548,14:45:00,2024-08-31
202400031799,18:30,Plein jour,61,61143,1,6,1,3.0,D529,48.442388,0.059093,18:30:00,2024-04-09
202400031800,11:00,Plein jour,71,71105,2,6,2,6.0,RD PT COLONEL ARNAUD BELTRAME,46.30637,4.81243,11:00:00,2024-05-16
202400031801,09:20,Plein jour,92,92063,2,1,4,1.0,MONIER (RUE JOSEPH),48.89135287,2.17391253,09:20:00,2024-01-18
202400031802,16:40,Plein jour,41,41043,1,1,1,6.0,Chemin des Merels,47.289313,1.472458,16:40:00,2024-08-31
202400031803,10:00,Plein jour,59,59599,2,1,1,6.0,Rue de Lille,50.722881,3.149728,10:00:00,2024-04-09
202400031804,20:00,Plein jour,69,69266,2,1,1,6.0,50 Rue Antonin Perrin,45.75676,4.88536,20:00:00,2024-05-17
202400031805,18:30,Plein jour,58,58083,2,1,1,1.0,Rue de l'Abattoir,47.259631,3.681702,18:30:00,2024-07-25
202400031806,19:40,Plein jour,69,69256,2,1,1,6.0,Rue des Verchères,45.78012,4.9277,19:40:00,2024-05-17
202400031807,20:10,,92,92050,2,1,8,2.0,LENINE VLADIMIR ILITCH AVENUE,48.88742471,2.19847038,20:10:00,2024-01-19
202400031808,10:30,Plein jour,92,92020,2,1,4,6.0,PERI RUE GABRIEL,48.80142,2.28704,10:30:00,2024-01-19
202400031809,13:13,Plein jour,59,59350,2,2,1,1.0,Rue de Marquillies,50.61516,3.04857,13:13:00,2024-04-09
202400031810,15:45,Plein jour,14,14371,1,1,1,2.0,5197 Route de la Côte Fleurie (Le Mesnil-Durand),49.053684,0.172144,15:45:00,2024-07-20
202400031811,06:30,Plein jour,69,69290,2,2,1,3.0,Rue Jules Ferry,45.69502,4.94713,06:30:00,2024-05-17
202400031812,14:45,Plein jour,92,92048,1,1,1,2.0,BANES (RUE) N° 3 A 19,48.80820719,2.24019398,14:45:00,2024-01-19
202400031813,11:30,Plein jour,69,69199,2,3,2,3.0,Rue Carnot,45.70807,4.85875,11:30:00,2024-05-16
202400031814,17:45,Plein jour,83,83147,1,1,1,1.0,D6,43.65488219,6.26998631,17:45:00,2024-07-24
202400031815,09:25,Plein jour,92,92026,2,9,1,6.0,22 SEPTEMBRE ( RUE DU ),48.90516082,2.27244624,09:25:00,2024-01-19
202400031816,07:15,,92,92026,2,1,1,6.0,EDITH CAVELL (DE 47 A FIN),48.9042,2.26732,07:15:00,2024-01-19
202400031817,12:40,Plein jour,69,69259,2,2,3,3.0,Boulevard Ambroise Croizat,45.70312,4.88769,12:40:00,2024-05-16
202400031818,15:59,Plein jour,18,18061,1,2,1,2.0,Unknown,47.139342,2.783728,15:59:00,2024-07-25
202400031819,10:25,Plein jour,44,44057,1,4,8,5.0,le Pont de l’Eau,47.609375,-2.038742,10:25:00,2024-08-31
202400031820,06:30,Crépuscule,85,85234,1,1,1,1.0,RD 205,46.796308,-2.020964,06:30:00,2024-07-24
202400031821,21:17,,57,57221,2,2,1,5.0,NATIONALE (RUE),49.31774,6.11301,21:17:00,2024-04-06
202400031822,15:40,Plein jour,38,38029,1,2,1,2.0,D1075,45.578101,5.552841,15:40:00,2024-08-31
202400031823,15:20,Plein jour,85,85051,1,1,7,3.0,D949b,46.66905,-1.090173,15:20:00,2024-07-25
202400031824,20:10,,92,92024,2,1,4,7.0,CLICHY (QUAI DE) DE (8 A 60),48.90386,2.29051,20:10:00,2024-01-19
202400031825,17:00,Plein jour,69,69096,2,1,1,6.0,Avenue du 19 Mars 1962,45.6052,4.77907,17:00:00,2024-05-16
202400031826,15:54,Plein jour,56,56260,2,1,1,3.0,Giratoire de Kergrain,47.6647,-2.7947,15:54:00,2024-04-09
202400031827,00:09,Nuit sans éclairage,02,02006,2,1,1,6.0,18 Rue Emile Borgne,49.932964,3.522143,00:09:00,2024-08-31
202400031828,12:30,Plein jour,27,27192,1,9,1,1.0,Crosville la Vieille,49.165599,0.94255,12:30:00,2024-07-23
202400031829,12:48,Plein jour,60,60154,2,1,1,6.0,Rue de Liancourt,49.319898,2.523116,12:48:00,2024-01-20
202400031830,17:40,Plein jour,56,56121,2,1,1,6.0,FAURE (RUE  GABRIEL ),47.76567,-3.37253,17:40:00,2024-04-08
202400031831,13:50,Plein jour,66,66136,2,1,1,5.0,Unknown,42.69279,2.85982,13:50:00,2024-05-17
202400031832,09:26,Plein jour,24,24297,2,1,9,2.0,D6089,45.01035484,0.05184442,09:26:00,2024-01-19
202400031833,07:10,Crépuscule,37,37018,2,1,1,3.0,Route des Vallées,47.363958,0.630086,07:10:00,2024-05-15
202400031834,18:10,Plein jour,03,03212,2,1,1,1.0,Rue du Plan d'Eau,46.33118,2.513552,18:10:00,2024-09-01
202400031835,11:00,Plein jour,64,64125,2,1,1,7.0,BIARRITZ (AVENUE DE),43.45974642,-1.57177985,11:00:00,2024-05-16
202400031836,09:45,Plein jour,54,54395,1,2,1,3.0,Rue de Mon Desert,48.68342656,6.17349297,09:45:00,2024-04-08
202400031837,16:30,Plein jour,33,33327,1,1,1,1.0,Unknown,44.638399,-0.362892,16:30:00,2024-01-19
202400031838,07:53,Plein jour,63,63113,2,3,1,6.0,BIAUZAT (RUE GAULTIER DE) / place Gaillard,45.78042534,3.08329448,07:53:00,2024-05-17
202400031839,10:00,Plein jour,01,01010,1,1,1,6.0,D992,45.922229,5.809622,10:00:00,2024-09-01
202400031840,14:45,Plein jour,38,38195,2,2,1,1.0,D1532,45.14839,5.376096,14:45:00,2024-07-25
202400031841,07:00,,54,54300,2,3,1,6.0,Rue Lucien Galtier,48.66110177,6.2229073,07:00:00,2024-04-08
202400031842,08:00,Plein jour,01,01446,1,1,2,1.0,Route de Villefranche,46.011419,4.825165,08:00:00,2024-01-17
202400031843,18:00,Plein jour,62,62624,2,9,1,1.0,Avenue de la République,50.41564222,2.98004007,18:00:00,2024-05-09
202400031844,22:00,Crépuscule,63,63082,1,1,1,6.0,A71-Aire des Volcans,46.059042,3.110139,22:00:00,2024-07-24
202400031845,10:55,Plein jour,01,01280,1,1,1,3.0,D94a,45.827237,5.546215,10:55:00,2024-08-31
202400031846,05:00,Nuit sans éclairage,87,87122,1,1,1,2.0,A20 PK 157.600 sens NORD SUD,46.03064395,1.34831555,05:00:00,2024-01-12
202400031847,20:10,Plein jour,51,51454,2,2,2,3.0,MARCHANDEAU (AVENUE PAUL),49.244069,4.027602,20:10:00,2024-04-08
202400031848,21:20,Plein jour,62,62186,2,6,1,3.0,D165,50.4453,2.7226,21:20:00,2024-05-16
202400031849,05:40,Nuit sans éclairage,83,83131,1,1,1,6.0,D554,43.216041,6.025658,05:40:00,2024-01-20
202400031850,13:35,Plein jour,18,18096,1,1,1,2.0,Unknown,47.189191,2.164561,13:35:00,2024-07-24
202400031851,08:20,Plein jour,50,50129,1,3,1,3.0,Vallee de Quincampoix,49.61419,-1.64634,08:20:00,2024-04-08
202400031852,19:20,Plein jour,62,62563,2,1,1,3.0,D943,50.46495,2.76177,19:20:00,2024-05-16
202400031853,14:36,Plein jour,14,14754,2,3,1,3.0,1 Rue Paris d'Illins,49.324608,-0.003004,14:36:00,2024-08-31