Num_Acc,hrmn,lum,dep,com,agg,int,atm,col,adr,lat,long,heure,date
202400031854,19:01,,37,37233,1,1,1,6.0,A10 - PK 206.900 VERS BORDEAUX,47.39423034,0.70615911,19:01:00,2024-01-19
202400031855,14:25,Plein jour,50,50129,2,8,1,6.0,FRANCOIS 1ER (PONT),49.6278,-1.61876,14:25:00,2024-04-07
202400031856,17:50,Crépuscule,59,59178,2,1,1,6.0,HAYEZ (BOULEVARD PAUL),50.36362,3.08242,17:50:00,2024-05-15
202400031857,22:45,Nuit sans éclairage,30,30156,1,9,1,7.0,A9 - PK 46 - SENS 1,43.85361964,4.42364036,22:45:00,2024-07-18
202400031858,17:37,Crépuscule,51,51100,1,1,1,3.0,D242,48.912445,3.781507,17:37:00,2024-01-18
202400031859,21:25,,57,57463,2,1,8,6.0,THIONVILLE (AVENUE ),49.14159128,6.16532564,21:25:00,2024-05-16
202400031860,14:45,Plein jour,50,50129,2,6,1,7.0,THEMIS (ROND POINT DE),49.63436,-1.61379,14:45:00,2024-04-06
202400031861,12:30,Plein jour,79,79225,2,4,1,3.0,Unknown,46.553438,-0.189471,12:30:00,2024-01-20
202400031862,10:30,Plein jour,09,09318,1,1,9,2.0,n20,42.74895,1.773428,10:30:00,2024-09-01
202400031863,13:54,Plein jour,57,57463,2,1,1,6.0,TANNEURS (RUE DES ),49.11919,6.18145,13:54:00,2024-05-16
202400031864,18:30,Plein jour,49,49328,2,1,1,6.0,MAUPASSANT (PLACE),47.2572,-0.08106,18:30:00,2024-04-04
202400031865,22:14,,33,33005,2,1,1,7.0,Unknown,44.742249,-1.098096,22:14:00,2024-07-24
202400031866,08:45,Crépuscule,56,56098,2,6,1,3.0,HO CHI MINH ( AV. ),47.7740935,-3.337594,08:45:00,2024-05-17
202400031867,17:30,Crépuscule,79,79304,2,2,1,1.0,Unknown,46.280151,-0.588959,17:30:00,2024-01-19
202400031868,08:44,Plein jour,49,49007,2,3,1,3.0,LIONNAISE,47.47635,-0.56311,08:44:00,2024-04-08
202400031869,17:50,Crépuscule,49,49048,2,1,1,1.0,78 Route de Tiercé,47.581119,-0.498568,17:50:00,2024-01-20
202400031870,08:25,Plein jour,77,77094,2,1,1,1.0,2 Rue des 2 Jumeaux,48.941857,2.776373,08:25:00,2024-07-24
202400031871,20:00,Plein jour,18,18023,2,3,1,3.0,26 Rue du Docteur Tillet,47.081431,2.730221,20:00:00,2024-08-31
202400031872,17:30,Plein jour,54,54265,2,1,1,6.0,RM 570,48.645589,6.181803,17:30:00,2024-05-16
202400031873,10:20,Plein jour,44,44114,1,9,1,6.0,362 Route de Vannes,47.25539,-1.63019,10:20:00,2024-04-08
202400031874,17:42,Crépuscule,49,49167,1,1,1,7.0,D748,47.387092,-0.491144,17:42:00,2024-01-19
202400031875,20:15,Plein jour,95,95675,2,1,1,6.0,ORMET (RUE DE L'),49.058465,2.543067,20:15:00,2024-07-19
202400031876,20:45,Crépuscule,10,10140,2,9,1,3.0,Avenue de la Gare,48.049404,3.924091,20:45:00,2024-08-25
202400031877,19:15,Nuit sans éclairage,47,47271,1,1,1,3.0,D708,44.643628,0.195109,19:15:00,2024-01-19
202400031878,14:50,Plein jour,54,54395,2,2,1,3.0,ARC (RUE JEANNE D' N°53 A 189-60 A 175),48.68338,6.17338,14:50:00,2024-05-16
202400031879,14:55,Plein jour,07,07225,1,1,1,2.0,D820,45.263092,4.702352,14:55:00,2024-09-01
202400031880,19:25,Plein jour,38,38185,2,2,1,6.0,RUE LESDIGUIÈRES,45.18712,5.72739,19:25:00,2024-04-09
202400031881,23:30,Nuit sans éclairage,22,22289,1,1,9,6.0,D63,48.467145,-3.06083,23:30:00,2024-01-19
202400031882,17:30,Plein jour,51,51454,2,1,1,1.0,GUTENBERG (RUE),49.276073,4.004037,17:30:00,2024-05-17
202400031883,16:30,Plein jour,27,27009,1,1,2,6.0,D830,48.844921,0.730419,16:30:00,2024-08-30
202400031884,15:50,Plein jour,38,38151,2,1,1,6.0,AVENUE DE GRUGLIASCO,45.14843,5.723,15:50:00,2024-02-16
202400031885,15:02,Plein jour,35,35329,1,1,7,1.0,Le Ramponneau,48.52627106,-1.52515501,15:02:00,2024-01-19
202400031886,18:30,Plein jour,13,13076,1,1,1,3.0,1054 Route de Marseille,43.801042,5.004964,18:30:00,2024-07-11
202400031887,15:20,Plein jour,51,51454,2,1,1,1.0,NOIROT (BOULEVARD MAURICE),49.25198,4.02101,15:20:00,2024-05-17
202400031888,15:15,Plein jour,29,29216,2,6,1,6.0,Rue Jean Cam,47.970129,-4.140703,15:15:00,2024-01-18
202400031889,10:25,Plein jour,87,87135,1,1,1,2.0,D10,45.82187,0.931761,10:25:00,2024-08-30
202400031890,13:30,Plein jour,38,38053,2,1,2,3.0,BELLERIVE,45.60093,5.29313,13:30:00,2024-04-04
202400031891,13:40,Plein jour,49,49267,1,1,3,3.0,HAUT BOIS,47.4666,-0.46865,13:40:00,2024-05-17
202400031892,19:39,Nuit sans éclairage,03,03212,1,1,1,1.0,N 145,46.31805261,2.50379796,19:39:00,2024-01-20
202400031893,17:00,Plein jour,70,70220,1,1,7,1.0,D70,47.397274,5.439048,17:00:00,2024-07-24
202400031894,10:00,Plein jour,48,48099,2,1,1,7.0,Rue de la Fare,44.521358,3.262069,10:00:00,2024-09-01
202400031895,18:15,Plein jour,35,35238,2,1,1,6.0,MUSSAT (AVENUE ANDRE),48.13104725,-1.69558716,18:15:00,2024-04-09
202400031896,04:28,Nuit sans éclairage,66,66142,1,1,1,6.0,Unknown,42.491822,2.131294,04:28:00,2024-01-20
202400031897,16:00,Plein jour,37,37233,2,1,1,2.0,DUCLOS (AVENUE JACQUES),47.38033,0.72851,16:00:00,2024-05-17
202400031898,21:35,Nuit sans éclairage,83,83025,1,1,1,7.0,route départementale 560,43.529353,5.969803,21:35:00,2024-01-19
202400031899,09:50,Plein jour,35,35238,2,1,1,6.0,LETTONIE (DE),48.08588,-1.64772,09:50:00,2024-04-09
202400031900,08:25,Plein jour,37,37261,2,1,1,6.0,CHEVALLIER (RUE AUGUSTE),47.3754,0.6789,08:25:00,2024-05-17
202400031901,08:00,Plein jour,68,68255,2,4,1,3.0,3 Rue Hattstatt,47.997556,7.293989,08:00:00,2024-04-16
202400031902,20:45,Nuit sans éclairage,88,88010,1,1,1,3.0,A31 PK 193+700,48.368481,5.870819,20:45:00,2024-01-16
202400031903,01:00,Nuit sans éclairage,34,34336,1,1,1,1.0,SERIGNAN (ANCIENNE ROUTE DE),43.31851,3.29278,01:00:00,2024-04-07
202400031904,07:30,Crépuscule,37,37233,2,6,1,3.0,BLANQUI (RUE),47.39483,0.71831,07:30:00,2024-05-17
202400031905,15:55,Plein jour,52,52182,1,1,1,1.0,D384,48.55564504,4.83863994,15:55:00,2024-09-01
202400031906,16:30,Plein jour,987,98715,1,1,1,2.0,Voie d'insertion à la RDO par PUURAI,-17.559418,-149.597247,16:30:00,2024-01-18
202400031907,23:30,,34,34172,2,1,1,3.0,MAS ARGELLIERS (AVENUE DU),43.58798,3.89006,23:30:00,2024-05-17
202400031908,20:22,,33,33550,2,2,2,1.0,Unknown,44.782,-0.54036,20:22:00,2024-04-09
202400031909,19:10,Nuit sans éclairage,13,13112,1,1,1,1.0,A7 PK 251.400,43.515444,5.231466,19:10:00,2024-01-20
202400031910,03:35,,33,33522,2,1,1,2.0,Unknown,44.80594,-0.573,03:35:00,2024-05-17
202400031911,11:40,Plein jour,69,69023,1,2,1,3.0,Route de Salles,46.045722,4.656905,11:40:00,2024-07-25
202400031912,09:20,Plein jour,08,08386,1,2,1,3.0,Unknown,49.451684,4.250379,09:20:00,2024-09-01
202400031913,12:00,Plein jour,33,33162,2,2,8,1.0,Unknown,44.88523,-0.65656,12:00:00,2024-04-09
202400031914,14:30,Plein jour,974,97420,1,1,1,5.0,Rue Louis Hoarau,-20.908441,55.597912,14:30:00,2024-01-19
202400031915,21:30,,974,97408,2,1,1,6.0,Rue Nelson Mandela,-20.964475,55.328082,21:30:00,2024-01-20
202400031916,14:00,Plein jour,81,81200,1,4,1,3.0,D84,43.485833,2.01391328,14:00:00,2024-07-24
202400031917,18:00,Plein jour,08,08366,2,1,1,6.0,2 Rue Jean Ruiz,49.719887,4.207404,18:00:00,2024-08-31
202400031918,13:51,Plein jour,29,29039,1,1,1,3.0,rue de Penanguer,47.91049864,-3.92031958,13:51:00,2024-05-17
202400031919,16:50,Plein jour,33,33550,2,3,1,3.0,Unknown,44.790176,-0.566857,16:50:00,2024-04-08
202400031920,10:30,Plein jour,972,97228,1,1,1,1.0,Route de l?Union,14.783597,-61.006801,10:30:00,2024-01-19
202400031921,19:10,Crépuscule,13,13080,1,1,1,1.0,D13,43.63526799,5.45989917,19:10:00,2024-08-30
202400031922,13:25,Plein jour,29,29019,2,6,1,2.0,boulevard de l'Europe,48.40866977,-4.52071846,13:25:00,2024-05-23
202400031923,11:54,Plein jour,31,31395,2,1,1,2.0,9 Avenue des Pyrénées,43.458398,1.325542,11:54:00,2024-07-24
202400031924,15:40,Plein jour,95,95139,1,1,4,1.0,D14,49.18190959,1.73750256,15:40:00,2024-01-19
202400031925,10:15,Plein jour,76,76053,2,1,1,6.0,Route du Beau Soleil,49.799069,1.447268,10:15:00,2024-07-23
202400031926,12:30,Plein jour,28,28134,2,2,1,3.0,FENOTS (AVENUE DES),48.7418,1.33574,12:30:00,2024-05-17
202400031927,01:40,,978,97801,2,1,2,5.0,"Route Nationale 7, Grand Case",18.098131,-63.065214,01:40:00,2024-09-01
202400031928,18:30,Nuit sans éclairage,91,91547,1,2,5,3.0,ANGERVILLE (ROUTE D'),48.41402,1.966596,18:30:00,2024-01-19
202400031929,13:45,Plein jour,28,28085,2,1,1,2.0,COURTILLE (BOULEVARD DE LA),48.44482,1.49636,13:45:00,2024-04-08
202400031930,17:15,Plein jour,60,60116,1,3,1,5.0,RD 137,49.31618691,2.36829934,17:15:00,2024-07-25
202400031931,07:15,Nuit sans éclairage,34,34154,1,6,9,3.0,Pont,43.580329,3.945379,07:15:00,2024-01-12
202400031932,21:25,,06,06048,2,1,1,6.0,946 Route Departementale 2204,43.786742,7.343578,21:25:00,2024-01-01
202400031933,23:20,Nuit avec éclairage,80,80561,1,1,1,7.0,D135a,49.654766,2.592548,23:20:00,2024-07-24
202400031934,19:03,Plein jour,18,18138,1,1,1,2.0,Unknown,47.093659,2.245519,19:03:00,2024-09-01
202400031935,15:58,Plein jour,27,27229,2,1,1,6.0,JOSEPHINE (RUE),49.02359,1.1431,15:58:00,2024-05-17
202400031936,01:15,Nuit sans éclairage,80,80212,1,1,1,6.0,D1,49.923557,2.520397,01:15:00,2024-07-17
202400031937,18:30,Plein jour,25,25031,2,2,1,6.0,REVOLUTION DE 1789 AVENUE DE LA),47.48201,6.84493,18:30:00,2024-05-17
202400031938,14:10,Plein jour,44,44048,1,1,1,6.0,Unknown,47.3916504,-1.23464856,14:10:00,2024-08-31
202400031939,20:03,Nuit sans éclairage,13,13076,1,3,1,3.0,795 Route de Cabannes,43.821525,5.003997,20:03:00,2024-01-19
202400031940,18:20,Plein jour,57,57663,1,1,1,2.0,Autoroute A31,49.22911683,6.17903709,18:20:00,2024-07-22
202400031941,05:49,Nuit sans éclairage,26,26179,1,1,1,2.0,Autoroute A7 SENS Sud / Nord,45.040249,4.878069,05:49:00,2024-01-20
202400031942,19:20,Plein jour,25,25056,2,1,1,5.0,DROZ   AVENUE EDOUARD,47.24033,6.03358,19:20:00,2024-05-17
202400031943,14:15,Plein jour,44,44180,1,2,8,3.0,Route de la Césarée,47.529604,-1.084793,14:15:00,2024-08-30
202400031944,14:50,Plein jour,91,91687,1,1,1,3.0,AUTOROUTE A6,48.66219,2.3692,14:50:00,2024-07-24
202400031945,07:40,Plein jour,22,22113,1,1,8,6.0,PETIT CAMP (ROUTE DE) (TY AN TUAL),48.767,-3.425,07:40:00,2024-05-17
202400031946,19:30,Plein jour,33,33284,1,1,1,7.0,Unknown,44.632841,-0.847492,19:30:00,2024-08-31
202400031947,08:43,Plein jour,91,91434,1,1,1,2.0,AUTOROUTE A6,48.66850915,2.35337019,08:43:00,2024-07-24
202400031948,22:55,Nuit sans éclairage,89,89438,1,1,1,4.0,A6,47.79794359,3.65490399,22:55:00,2024-01-19
202400031949,07:35,Plein jour,17,17306,2,1,8,3.0,AMPERE,45.6318,-1.00244,07:35:00,2024-05-17
202400031950,05:08,Nuit sans éclairage,92,92036,1,1,2,6.0,A86,48.93601405,2.28857875,05:08:00,2024-07-23
202400031951,07:55,Plein jour,14,14118,2,3,1,1.0,Rue de Nashville,49.20043,-0.38735,07:55:00,2024-05-17
202400031952,09:35,Plein jour,92,92025,1,1,2,2.0,A86,48.93248487,2.24849163,09:35:00,2024-07-23
202400031953,06:30,Nuit sans éclairage,64,64269,1,1,2,5.0,A64 pk 108+480,43.31824164,-0.2888016,06:30:00,2024-09-01
202400031954,19:40,Plein jour,14,14118,2,3,1,7.0,97 Rue Chemin Vert,49.193707,-0.394509,19:40:00,2024-05-15
202400031955,08:20,Plein jour,92,92047,1,1,1,5.0,A13,48.83281316,2.15759293,08:20:00,2024-07-22
202400031956,00:55,Nuit sans éclairage,49,49298,1,1,1,2.0,"A11, PK 275.500, sens PARIS-NANTES",47.463728,-0.69334,00:55:00,2024-08-31
202400031957,09:00,Plein jour,13,13214,2,9,1,3.0,LAROUSSE (BOULEVARD),43.33013,5.37981,09:00:00,2024-05-17
202400031958,20:30,Plein jour,93,93008,1,1,1,3.0,AUTOROUTE A86,48.90860149,2.45026633,20:30:00,2024-07-24
202400031959,12:50,Plein jour,95,95682,1,1,1,7.0,N104,49.06759248,2.3797408,12:50:00,2024-07-24
202400031960,06:58,Crépuscule,13,13213,2,1,1,3.0,OLIVES (AVENUE DES),43.32694,5.43759,06:58:00,2024-01-04
202400031961,18:40,Plein jour,34,34123,2,2,1,1.0,Route de Saint-Georges-d’Orques,43.610997,3.804923,18:40:00,2024-08-31
202400031962,17:50,Plein jour,74,74012,2,1,1,3.0,MALBRANDE (RUE DE),46.19184,6.24223,17:50:00,2024-05-22
202400031963,08:20,Plein jour,13,13215,2,1,1,1.0,LE CHATELIER,43.3463,5.36657,08:20:00,2024-05-17
202400031964,06:30,Plein jour,987,98714,2,1,1,3.0,Vaitape,-16.388,-151.765,06:30:00,2024-07-26
202400031965,09:45,Plein jour,74,74118,1,1,1,3.0,REIGNIER (ROUTE DE),46.17021,6.24055,09:45:00,2024-05-21
202400031966,02:15,,13,13215,2,2,1,3.0,GAFFAREL (RUE),43.34837,5.3624,02:15:00,2024-05-17
202400031967,18:05,Crépuscule,973,97304,1,1,1,7.0,Route Degrad Saramaca,5.070554,-52.69279,18:05:00,2024-08-31
202400031968,17:30,Plein jour,73,73011,2,1,1,2.0,CHASSEURS ALPINS (AV.) P. DUROY VERS AV,45.66703552,6.39003843,17:30:00,2024-03-28
202400031969,15:37,Plein jour,13,13208,2,9,1,5.0,PRADO (AVENUE DU),43.26377624,5.37736699,15:37:00,2024-05-16
202400031970,19:45,Nuit sans éclairage,77,77257,1,1,1,6.0,D 147,49.037854,3.005855,19:45:00,2024-08-31
202400031971,08:25,Plein jour,73,73011,2,6,1,3.0,DE GAULLE (AV),45.67020316,6.37758762,08:25:00,2024-03-19
202400031972,19:40,Plein jour,14,14480,2,1,1,3.0,4 Rue de la Mairie,49.329511,-1.07821,19:40:00,2024-04-30
202400031973,14:37,Plein jour,11,11262,2,1,1,2.0,Unknown,43.16145,2.98332,14:37:00,2024-05-17
202400031974,19:15,Crépuscule,2B,2B134,2,1,1,7.0,D81a,42.638201,8.935168,19:15:00,2024-09-01
202400031975,02:30,Nuit sans éclairage,974,97409,2,1,3,7.0,LAGOURGUE(CHEMIN),-20.95347,55.65819,02:30:00,2024-01-01
202400031976,09:40,Plein jour,34,34289,2,6,1,7.0,D13e15,43.388146,3.420353,09:40:00,2024-08-31
202400031977,14:00,Plein jour,11,11262,2,1,1,6.0,Enclos Saint Vincent,43.1837,2.99019,14:00:00,2024-05-17
202400031978,22:40,,83,83115,2,1,1,6.0,50 Avenue Charles de Gaulle,43.308516,6.637368,22:40:00,2024-08-31
202400031979,08:35,Plein jour,974,97416,1,1,1,4.0,RN1 (ROUTE NATIONALE),-21.33103,55.45592,08:35:00,2024-07-23
202400031980,08:50,Plein jour,11,11069,1,1,1,2.0,ROCADE NORD - RD 6113,43.23248,2.37182,08:50:00,2024-05-17
202400031981,15:15,Plein jour,83,83008,2,1,1,7.0,490 Route de Saint Paul,43.535725,6.7039856,15:15:00,2024-09-01
202400031982,08:30,Plein jour,974,97411,2,1,1,6.0,BAILLY (CHEMIN),-20.88926,55.42307,08:30:00,2024-07-23
202400031983,08:57,Plein jour,10,10387,2,1,1,3.0,Cours Jacquin,48.30398,4.07994,08:57:00,2024-05-17
202400031984,09:45,Plein jour,69,69386,2,1,1,5.0,Quai de Serbie,45.77072,4.84103,09:45:00,2024-07-23
202400031985,10:22,Plein jour,21,21200,2,7,1,2.0,Place Charles de Gaulle,47.260274,4.978966,10:22:00,2024-08-31
202400031986,16:40,Plein jour,10,10333,2,1,1,2.0,Avenue Charles de Refuge,48.2836,4.0569,16:40:00,2024-05-16
202400031987,07:20,Plein jour,972,97213,1,1,3,4.0,AUTOROUTE A1,14.617873,-61.019049,07:20:00,2024-07-23
202400031988,18:45,Plein jour,03,03298,2,4,1,3.0,22 Rue des Brémonts,46.318365,3.398385,18:45:00,2024-09-01
202400031989,18:55,Plein jour,09,09013,1,1,8,4.0,20 (R.N.) TUNNEL,42.974062,1.622731,18:55:00,2024-05-17
202400031990,19:23,Plein jour,972,97213,1,1,3,4.0,AUTOROUTE A1,14.6179,-61.032,19:23:00,2024-07-19
202400031991,16:00,Plein jour,60,60619,1,1,1,7.0,Unknown,49.115388,2.769008,16:00:00,2024-09-01
202400031992,05:00,,69,69382,2,1,1,3.0,7 Quai Tilsitt,45.75831,4.82854,05:00:00,2024-07-23
202400031993,11:45,Plein jour,06,06069,2,1,1,4.0,109 Avenue Sidi Brahim,43.647964,6.939872,11:45:00,2024-05-15
202400031994,08:25,Plein jour,01,01053,2,9,1,6.0,MAGINOT ( AVENUE) COTE PAIR,46.21067,5.22763,08:25:00,2024-05-17
202400031995,07:00,Plein jour,971,97101,2,1,1,7.0,BOISSARD,16.2421,-61.52886,07:00:00,2024-04-06
202400031996,22:00,Nuit sans éclairage,13,13022,1,1,1,3.0,A50-Sens Toulon vers Aubagne,43.21391,5.58167,22:00:00,2024-08-25
202400031997,19:10,Plein jour,75,75118,2,1,2,2.0,BD PERIPHERIQUE INTERIEUR,48.900954,2.346667,19:10:00,2024-05-17
202400031998,14:30,Plein jour,971,97101,1,6,1,2.0,DOTHEMARE,16.26325,-61.51402,14:30:00,2024-07-20
202400031999,06:00,Nuit sans éclairage,13,13215,1,1,1,7.0,A7-Sens Marseille vers Lyon,43.3581884,5.36269145,06:00:00,2024-08-31
202400032000,11:30,Plein jour,75,75117,2,1,1,2.0,BD PERIPHERIQUE INTERIEUR,48.888198,2.292365,11:30:00,2024-05-17
202400032001,19:10,Plein jour,91,91114,2,2,1,3.0,BD CHARLES DE GAULLE,48.69425,2.50886,19:10:00,2024-07-22
202400032002,18:20,Plein jour,13,13202,1,1,1,3.0,A55-Sens Martigues vers Marseille,43.31222644,5.36688625,18:20:00,2024-08-30
202400032003,18:40,Plein jour,75,75120,2,1,2,3.0,RUE D AVRON,48.85228,2.40353,18:40:00,2024-05-17
202400032004,18:40,Plein jour,87,87085,2,1,1,7.0,SOLIGNAC (RUE DE),45.80191,1.2624,18:40:00,2024-07-22
202400032005,12:00,Plein jour,75,75118,2,3,1,3.0,BOULEVARD ORNANO,48.896389,2.345583,12:00:00,2024-05-17
202400032006,19:20,Plein jour,83,83126,1,1,1,5.0,A50,43.119858,5.856985,19:20:00,2024-08-30
202400032007,15:50,Plein jour,86,86066,2,2,1,3.0,Avenue des Stades,46.81131,0.52743,15:50:00,2024-07-22
202400032008,20:00,Plein jour,75,75117,2,7,8,6.0,AVENUE NIEL,48.884452,2.297177,20:00:00,2024-05-17
202400032009,23:15,,83,83069,2,3,1,6.0,MARINE (BOULEVARD DE LA),43.08641,6.15691,23:15:00,2024-07-22
202400032010,16:00,Plein jour,75,75114,2,3,1,2.0,AVENUE DE LA PORTE D ORLEANS,48.82028578,2.32568514,16:00:00,2024-05-17
202400032011,21:45,Nuit sans éclairage,69,69091,1,1,1,4.0,Autoroute 47 ,45.58706865,4.75638419,21:45:00,2024-08-31
202400032012,00:22,,83,83118,2,1,1,6.0,BOULEVARD GENERAL DE GAULLE,43.41908791,6.77258753,00:22:00,2024-07-15
202400032013,09:20,Plein jour,75,75113,2,2,1,3.0,RUE LEON MAURICE NORDMANN,48.834161,2.344858,09:20:00,2024-05-17
202400032014,09:40,Plein jour,80,80021,2,1,1,7.0,Rue Robert le Coq,49.89835,2.26554,09:40:00,2024-07-21
202400032015,07:45,Plein jour,69,69009,1,1,1,3.0,Autoroute 6 ,45.93917,4.7242,07:45:00,2024-08-07
202400032016,13:30,Plein jour,75,75112,2,1,1,6.0,BOULEVARD DE PICPUS,48.84573,2.401516,13:30:00,2024-05-17
202400032017,22:55,,78,78299,2,1,1,3.0,MICHELET (BOULEVARD),49.000483,1.8904,22:55:00,2024-07-23
202400032018,21:36,,75,75112,2,3,1,6.0,QUAI DE BERCY,48.832201,2.384508,21:36:00,2024-05-16
202400032019,03:00,Nuit sans éclairage,69,69029,1,9,1,2.0,Autoroute 43 ,45.72385,4.92789,03:00:00,2024-08-31
202400032020,13:00,Plein jour,77,77390,2,1,1,3.0,PREMIERE AVENUE,48.79011,2.65464,13:00:00,2024-07-23
202400032021,01:40,,75,75108,2,7,1,6.0,AVENUE MATIGNON,48.86909826,2.31034058,01:40:00,2024-05-17
202400032022,01:40,,77,77243,2,9,1,7.0,FREYCINET  (RUE   ),48.87311,2.67746,01:40:00,2024-07-23
202400032023,19:45,Plein jour,75,75108,2,3,1,1.0,RUE DU FAUBOURG SAINT HONORE,48.870334,2.317656,19:45:00,2024-05-16
202400032024,22:53,Nuit sans éclairage,67,67482,1,1,1,4.0,M35,48.550404,7.731178,22:53:00,2024-08-19
202400032025,08:20,Plein jour,76,76157,2,2,1,1.0,Rue Victor Hugo,49.44611,1.03633,08:20:00,2024-07-21
202400032026,19:45,Plein jour,33,33122,1,1,1,2.0,Unknown,44.73763,-0.71539,19:45:00,2024-08-31
202400032027,19:15,Plein jour,76,76447,1,1,1,6.0,RD 489,49.53496,0.19452,19:15:00,2024-07-19
202400032028,23:30,,76,76351,2,2,1,3.0,JULES VALLES,49.51381,0.176,23:30:00,2024-07-19
202400032029,12:20,Plein jour,33,33487,1,1,1,2.0,Unknown,44.95382,-0.45693,12:20:00,2024-08-31
202400032030,13:50,Plein jour,73,73065,2,3,1,3.0,JEU DE PAUME (QUAI DU),45.57013,5.91782,13:50:00,2024-07-23
202400032031,19:00,Plein jour,91,91136,1,1,1,7.0,RN20,48.7081,2.28789,19:00:00,2024-08-31
202400032032,15:20,Plein jour,72,72181,2,9,1,6.0,ZOLA EMILE (BD) N° IMP 1 A 67,47.99394,0.19886,15:20:00,2024-07-22
202400032033,09:35,Plein jour,94,94038,1,1,1,3.0,A6A,48.7885302,2.34472628,09:35:00,2024-08-31
202400032034,14:20,Plein jour,72,72181,2,2,1,6.0,CLEMENCEAU GEORGES ( BD) N° PAIRS,47.98104,0.21759,14:20:00,2024-07-22
202400032035,17:20,Plein jour,92,92072,1,1,2,6.0,N118,48.82701466,2.2242259,17:20:00,2024-08-30
202400032036,18:25,Plein jour,71,71270,1,1,1,7.0,GROSNE (RUE DE LA),46.282,4.81381,18:25:00,2024-07-22
202400032037,14:25,Plein jour,93,93010,1,1,1,2.0,AUTOROUTE A3,48.91857885,2.47854047,14:25:00,2024-08-31
202400032038,00:15,,71,71076,2,2,1,3.0,CANETIERES (IMPASSE DES ),46.79827,4.85215,00:15:00,2024-07-22
202400032039,15:30,Plein jour,95,95277,1,1,1,2.0,D170 ,48.97652538,2.4792559,15:30:00,2024-08-31
202400032040,08:55,Plein jour,69,69092,2,6,1,3.0,Rue de Tarare,45.9817744,4.69515324,08:55:00,2024-07-23
202400032041,02:00,Nuit sans éclairage,93,93053,1,1,1,3.0,AUTOROUTE A3,48.89752191,2.46980926,02:00:00,2024-08-31
202400032042,02:10,,93,93027,1,1,1,6.0,AUTOROUTE A1,48.9338085,2.38399696,02:10:00,2024-08-31
202400032043,19:55,Plein jour,69,69029,2,6,1,1.0,Avenue Edouard Herriot,45.72914,4.90139,19:55:00,2024-07-22
202400032044,00:30,Nuit sans éclairage,93,93066,1,1,1,2.0,AUTOROUTE A86,48.92566114,2.33952919,00:30:00,2024-08-31
202400032045,09:00,Plein jour,67,67447,2,6,1,3.0,ZAGREB (RUE DE),48.61102734,7.70579875,09:00:00,2024-07-22
202400032046,21:00,Nuit sans éclairage,95,95154,1,9,2,6.0,A1,49.0345153,2.5407253,21:00:00,2024-08-30
202400032047,16:00,Plein jour,66,66136,1,3,1,3.0,D91,42.652376,2.88145959,16:00:00,2024-07-22
202400032048,13:00,Plein jour,93,93008,1,1,9,4.0,AUTOROUTE A86,48.90866349,2.44944155,13:00:00,2024-08-30
202400032049,08:10,Plein jour,65,65286,2,1,1,6.0,FOCH (AVENUE MARECHAL),43.09112966,-0.04615117,08:10:00,2024-07-23
202400032050,08:00,Plein jour,95,95604,1,1,1,3.0,A1,49.11883722,2.5559932,08:00:00,2024-08-30
202400032051,06:50,Plein jour,64,64445,2,3,1,3.0,EUROPE DE L',43.32331,-0.31557,06:50:00,2024-07-23
202400032052,16:45,Plein jour,64,64445,2,4,7,3.0,TRAN,43.29684,-0.37389,16:45:00,2024-07-22
202400032053,21:40,Nuit sans éclairage,94,94069,1,1,1,4.0,A4,48.81713893,2.44226193,21:40:00,2024-08-30
202400032054,16:10,Plein jour,987,98735,2,1,1,3.0,CLEMENCEAU (RUE BLOC CHIN LOY),-17.53551,-149.55741,16:10:00,2024-08-29
202400032055,13:40,Plein jour,64,64122,2,1,1,2.0,DASSAULT MARCEL (BD),43.460395,-1.547232,13:40:00,2024-07-23
202400032056,17:23,Plein jour,64,64024,2,1,1,3.0,CHAMBRE D'AMOUR (AVENUE DE LA),43.49602,-1.53686,17:23:00,2024-07-23
202400032057,04:55,,974,97411,2,3,2,3.0,NICE (RUE DE),-20.87414,55.44756,04:55:00,2024-08-30
202400032058,08:20,Plein jour,973,97302,1,6,1,3.0,MARINGOUINS (ROND-POINT),4.90698,-52.32211,08:20:00,2024-08-30
202400032059,15:40,Plein jour,62,62826,2,1,1,2.0,Allée des Pâquerettes,50.50805241,1.61135781,15:40:00,2024-07-22
202400032060,02:35,,973,97302,2,1,1,6.0,GRANT (CITE),4.94538149,-52.30605841,02:35:00,2024-08-30
202400032061,10:00,Plein jour,59,59527,2,1,1,3.0,LECLERC RUE DU GENERAL,50.66452,3.04974,10:00:00,2024-07-23
202400032062,09:50,Plein jour,973,97302,2,1,1,3.0,BADUEL (ROUTE DE),4.93859,-52.3174,09:50:00,2024-08-29
202400032063,11:15,Plein jour,59,59272,2,3,1,3.0,PLEUVRET (AVENUE PIERRE),50.98842,2.1106,11:15:00,2024-07-14
202400032064,16:00,Plein jour,69,69387,2,1,1,3.0,34 Rue Paul Duvivier,45.74360773,4.84502272,16:00:00,2024-08-30
202400032065,17:40,Plein jour,59,59122,2,1,1,3.0,SAINT LADRE (RUE),50.15924,3.25213,17:40:00,2024-07-22
202400032066,17:51,Plein jour,972,97209,2,1,1,7.0,XAVIER ORVILLE (RUE),14.6114,-61.0723,17:51:00,2024-08-30
202400032067,14:15,Plein jour,54,54395,2,1,1,2.0,Boulevard Lobau,48.68786,6.19445,14:15:00,2024-07-22