Num_Acc,hrmn,lum,dep,com,agg,int,atm,col,adr,lat,long,heure,date
202400032068,08:30,Plein jour,971,97101,2,1,1,2.0,ROLAND GARROS - DUGAZON (RUELLE),16.2518,-61.51899,08:30:00,2024-08-30
202400032069,22:30,,51,51573,2,1,1,7.0,CROIX CORDIER (RUE DE LA),49.24613,3.98914,22:30:00,2024-07-22
202400032070,12:27,Plein jour,51,51663,2,1,1,3.0,MOULIN (RUE JEAN),49.047,3.967,12:27:00,2024-07-12
202400032071,16:30,Plein jour,91,91027,2,1,2,2.0,AV FRANCOIS MITTERRAND,48.706,2.371,16:30:00,2024-08-30
202400032072,10:10,Plein jour,49,49328,2,6,8,3.0,AMIOT (RUE JULES),47.261241,-0.098574,10:10:00,2024-07-23
202400032073,23:40,,83,83123,2,3,1,7.0,MARINES DE PORTISSOL (AV),43.11661,5.79539,23:40:00,2024-08-29
202400032074,06:54,Plein jour,81,81033,2,1,1,2.0,ALBI (AV. D' ),44.02659,2.15625,06:54:00,2024-08-30
202400032075,19:20,Plein jour,46,46191,2,2,1,3.0,GRANDS CAMPS (LIEU-DIT),44.50557,1.38473,19:20:00,2024-07-23
202400032076,08:38,Plein jour,80,80021,2,1,1,6.0,Rue Alexandre Dumas,49.8722,2.29336,08:38:00,2024-08-29
202400032077,02:05,,80,80021,2,1,1,7.0,Boulevard Baraban,49.90003,2.3039,02:05:00,2024-08-29
202400032078,16:50,Plein jour,44,44109,2,2,1,3.0,10 Boulevard Robert Schuman,47.23396238,-1.56646677,16:50:00,2024-07-22
202400032079,20:55,Plein jour,44,44055,2,4,1,6.0,5 Avenue de la Lambarde,47.28174,-2.38229,20:55:00,2024-07-23
202400032080,17:35,Plein jour,76,76351,2,2,1,3.0,COLBERT (QUAI),49.4927,0.13179,17:35:00,2024-08-29
202400032081,11:05,Plein jour,42,42110,2,2,1,3.0,Cours Marin,45.48506173,4.54188002,11:05:00,2024-07-22
202400032082,19:50,Plein jour,76,76481,2,2,1,7.0,RD147A,49.53021,0.10733,19:50:00,2024-08-29
202400032083,22:00,,42,42184,2,2,1,6.0,Rue de la République,46.03695,4.05206,22:00:00,2024-07-23
202400032084,18:00,Plein jour,69,69266,2,1,1,6.0,189 Cours Emile Zola,45.76912,4.88173,18:00:00,2024-08-30
202400032085,14:15,Plein jour,67,67218,2,6,1,3.0,RHIN (ROUTE DU),48.50145,7.73197,14:15:00,2024-08-30
202400032086,21:15,Crépuscule,37,37122,2,2,1,3.0,JUMEAUX (RUE DES),47.35334,0.69776,21:15:00,2024-07-22
202400032087,19:30,Plein jour,64,64445,2,1,1,2.0,FRANCOIS MITTERAND,43.33044,-0.35553,19:30:00,2024-08-30
202400032088,10:05,Plein jour,34,34301,2,1,1,2.0,AVENUE GILBERT MARTELLI,43.4106,3.70818,10:05:00,2024-07-22
202400032089,14:50,Plein jour,64,64125,2,1,1,7.0,GARE (RUE DE LA),43.4303,-1.5925,14:50:00,2024-08-30
202400032090,18:40,Plein jour,62,62193,2,1,1,6.0,Rue Ferdinand Buisson,50.95219,1.87804,18:40:00,2024-08-27
202400032091,00:57,Nuit sans éclairage,34,34003,1,1,1,1.0,RD612,43.303,3.459,00:57:00,2024-07-23
202400032092,01:40,,59,59512,2,2,1,3.0,NATIONS UNIES (AVENUE DES),50.69724,3.16598,01:40:00,2024-08-30
202400032093,05:26,,33,33039,2,3,1,3.0,Unknown,44.82108,-0.54082,05:26:00,2024-07-23
202400032094,14:35,Plein jour,56,56260,2,1,2,6.0,Avenue Edgar Degas,47.67342,-2.7629,14:35:00,2024-08-30
202400032095,09:40,Plein jour,31,31149,2,1,1,1.0,SALVETAT (CHEMIN DE LA),43.6036274,1.30557328,09:40:00,2024-07-23
202400032096,02:37,,54,54493,2,1,1,1.0,RD26,49.53175,5.8278,02:37:00,2024-08-30
202400032097,23:40,Nuit sans éclairage,51,51454,2,1,1,3.0,GUTENBERG (RUE),49.274922,4.002382,23:40:00,2024-08-30
202400032098,17:15,Plein jour,31,31069,1,1,1,2.0,A621,43.62443,1.38731,17:15:00,2024-07-22
202400032099,15:27,Plein jour,51,51454,2,1,1,3.0,CHAILLOT (RUE),49.287262,4.026369,15:27:00,2024-08-30
202400032100,09:25,Plein jour,30,30189,1,2,1,3.0,SOUS FONT DAME (CHEMIN OU IMPASSE),43.8051,4.3365,09:25:00,2024-07-19
202400032101,18:15,Plein jour,29,29232,2,1,1,6.0,Boulevard des Frères Maillet,48.00018,-4.08906,18:15:00,2024-07-22
202400032102,11:55,Plein jour,51,51454,2,3,8,3.0,FABIEN (RUE DU COLONNEL),49.24922,4.0165,11:55:00,2024-08-30
202400032103,17:05,Plein jour,29,29232,2,1,1,6.0,Rue du Palais,47.993581,-4.109711,17:05:00,2024-07-22
202400032104,06:43,Plein jour,51,51454,2,1,1,6.0,BUIRETTE (RUE),49.254528,4.025551,06:43:00,2024-08-30
202400032105,12:36,Plein jour,29,29232,2,1,1,3.0,Boulevard President Allende,47.99355411,-4.07332151,12:36:00,2024-07-22
202400032106,21:15,,51,51454,2,6,1,1.0,Unknown,49.257063,4.039405,21:15:00,2024-08-29
202400032107,14:52,Plein jour,25,25204,2,2,1,3.0,Grande rue,46.92773,6.3492,14:52:00,2024-07-23
202400032108,06:15,Crépuscule,51,51454,2,6,1,1.0,VAL DE VESLE (BOULEVARD),49.22498,4.09677,06:15:00,2024-08-29
202400032109,17:00,Plein jour,19,19031,2,2,1,3.0,Avenue Jacques Et Bernadette Chirac,45.1667664,1.54552567,17:00:00,2024-07-22
202400032110,18:40,Plein jour,51,51454,2,2,1,6.0,PASTEUR (BOULEVARD) N°2 A 30 (PAIR),49.249622,4.042994,18:40:00,2024-08-29
202400032111,07:20,Plein jour,17,17415,1,3,7,3.0,VARZAY ROUTE DE,45.72738,-0.6751,07:20:00,2024-07-23
202400032112,18:30,Plein jour,51,51172,2,1,1,6.0,TROUSSET (RUE LUCIEN),49.2138,4.04821,18:30:00,2024-08-29
202400032113,21:55,Nuit avec éclairage,14,14715,2,1,2,6.0,54 La Croix Sonnet,49.374888,0.12853,21:55:00,2024-07-22
202400032114,10:25,Plein jour,14,14118,2,1,1,7.0,2 Rue de l’Oratoire,49.1815,-0.35914,10:25:00,2024-07-23
202400032115,19:35,Plein jour,45,45234,2,1,1,4.0,D2020 PR 36 + 5555,47.89683,1.89548,19:35:00,2024-08-30
202400032116,18:30,Plein jour,13,13208,2,1,1,3.0,RABATAU (BOULEVARD),43.27318,5.3924,18:30:00,2024-07-23
202400032117,18:05,Plein jour,44,44184,2,1,1,6.0,74 Boulevard Albert 1er,47.25953882,-2.22378998,18:05:00,2024-08-29
202400032118,19:00,Plein jour,13,13214,2,1,1,1.0,SALVADOR ALLENDE (RUE),43.33037,5.39548,19:00:00,2024-07-23
202400032119,11:15,Plein jour,13,13215,2,1,1,1.0,SAINT ANTOINE (AVENUE DE),43.369,5.357,11:15:00,2024-07-23
202400032120,19:16,Plein jour,44,44109,2,8,1,3.0,1 Boulevard Léon Jouhaux,47.20887,-1.58741,19:16:00,2024-08-29
202400032121,13:50,Plein jour,41,41018,2,1,1,6.0,7 Rue Denis Papin,47.586598,1.335226,13:50:00,2024-08-30
202400032122,16:45,Plein jour,13,13213,2,3,1,3.0,CHEMIN DU MERLAN A LA ROSE ,43.33046,5.41543,16:45:00,2024-07-22
202400032123,21:45,,11,11262,2,1,1,6.0,Unknown,43.18498,2.98072,21:45:00,2024-07-23
202400032124,16:08,Plein jour,38,38185,2,2,1,3.0,BOULEVARD CLEMENCEAU,45.18210126,5.73428578,16:08:00,2024-08-30
202400032125,13:20,Plein jour,34,34172,2,3,1,1.0,SAINT-PRIEST (RUE),43.633909,3.843184,13:20:00,2024-08-30
202400032126,14:40,Plein jour,06,06069,2,1,1,4.0,89 Avenue Pierre Sémard,43.65479,6.92712,14:40:00,2024-07-23
202400032127,21:20,,33,33550,2,1,1,6.0,Rue Maréchal Foch,44.76995,-0.54317,21:20:00,2024-08-30
202400032128,09:10,Plein jour,06,06069,2,1,1,5.0,256 Boulevard Emmanuel Rouquier,43.62456,6.93502,09:10:00,2024-07-23
202400032129,10:50,Plein jour,29,29232,2,1,1,6.0,Boulevard Amiral de Kerguelen,47.995189,-4.101025,10:50:00,2024-08-30
202400032130,14:45,Plein jour,29,29019,2,1,1,1.0,rue Matthieu Gallou,48.398449,-4.509158,14:45:00,2024-08-30
202400032131,18:25,Plein jour,75,75114,2,1,1,5.0,BD PERIPHERIQUE INTERIEUR,48.825337,2.302253,18:25:00,2024-07-23
202400032132,13:20,Plein jour,29,29019,2,1,1,2.0,rue de Paris,48.405246,-4.463104,13:20:00,2024-08-30
202400032133,13:30,Plein jour,75,75116,2,1,1,2.0,BD PERIPHERIQUE INTERIEUR,48.850649,2.252218,13:30:00,2024-07-23
202400032134,11:05,Plein jour,75,75118,2,1,1,2.0,BD PERIPHERIQUE EXTERIEUR,48.901076,2.345273,11:05:00,2024-07-23
202400032135,20:15,Plein jour,29,29019,2,2,1,3.0,rue de Gouesnou,48.422489,-4.466685,20:15:00,2024-08-29
202400032136,08:25,Plein jour,75,75120,2,1,2,3.0,BD PERIPHERIQUE INTERIEUR,48.863502,2.413408,08:25:00,2024-07-23
202400032137,12:40,Plein jour,25,25462,2,1,1,2.0,REPUBLIQUE DE LA,46.90327,6.35579,12:40:00,2024-08-30
202400032138,20:25,Plein jour,75,75112,2,1,1,4.0,BD PERIPHERIQUE EXTERIEUR,48.832542,2.406109,20:25:00,2024-07-22
202400032139,10:05,Plein jour,25,25462,2,1,1,6.0,BERNARDINES,46.90469,6.3558,10:05:00,2024-08-30
202400032140,11:20,Plein jour,75,75114,2,1,1,2.0,BD PERIPHERIQUE INTERIEUR,48.82352,2.310358,11:20:00,2024-07-22
202400032141,07:55,Plein jour,17,17415,2,6,1,1.0,BERTHELOT RUE MARCELIN,45.7411,-0.6223,07:55:00,2024-08-30
202400032142,19:45,Plein jour,75,75119,2,1,1,5.0,BD PERIPHERIQUE INTERIEUR,48.883443,2.399739,19:45:00,2024-07-21
202400032143,11:30,Plein jour,14,14699,1,3,1,7.0,1 Chemin du Marais,49.349339,0.091162,11:30:00,2024-08-28
202400032144,14:34,Plein jour,75,75116,2,1,1,2.0,BD PERIPHERIQUE INTERIEUR,48.834995,2.26404,14:34:00,2024-07-23
202400032145,06:15,Crépuscule,13,13043,2,1,1,7.0,DEPARTEMENTALE 48 (RTE ),43.38318,5.20114,06:15:00,2024-08-30
202400032146,17:15,Plein jour,75,75119,2,3,1,2.0,AVENUE JEAN JAURES,48.887197,2.387184,17:15:00,2024-07-23
202400032147,17:00,Crépuscule,13,13054,2,1,1,1.0,LACANAU (AV DE ),43.40631405,5.2288405,17:00:00,2024-08-29
202400032148,19:30,Plein jour,13,13213,2,1,1,6.0,TILLEULS (BOULEVARD),43.31865,5.40873,19:30:00,2024-08-30
202400032149,09:30,Plein jour,75,75119,2,1,2,3.0,BOULEVARD DE LA VILLETTE,48.879792,2.370486,09:30:00,2024-07-23
202400032150,08:30,Plein jour,13,13213,2,1,1,3.0,JEAN PAUL SARTRE (AVENUE),43.32208764,5.41796195,08:30:00,2024-08-30
202400032151,20:45,Crépuscule,75,75117,2,3,1,3.0,AVENUE DE LA PORTE DE CHAMPERRET,48.886328,2.286534,20:45:00,2024-07-23
202400032152,23:15,,13,13047,1,1,1,2.0,D.5,43.48653,4.99488,23:15:00,2024-08-30
202400032153,13:40,Plein jour,75,75116,2,4,8,3.0,ALLEE DU BORD DE L EAU,48.87416127,2.24483371,13:40:00,2024-07-23
202400032154,11:23,Plein jour,10,10387,2,3,1,3.0,NOELS RUE (DES),48.29121,4.10292,11:23:00,2024-08-30
202400032155,09:50,Plein jour,75,75116,2,1,2,2.0,BOULEVARD SUCHET,48.849023,2.259495,09:50:00,2024-07-23
202400032156,09:10,Plein jour,75,75116,2,3,2,6.0,AVENUE DE VERSAILLES,48.839232,2.261492,09:10:00,2024-07-23
202400032157,21:00,Crépuscule,10,10387,2,6,1,3.0,GEORGES POMPIDOU (RUE),48.29639,4.0948,21:00:00,2024-08-29
202400032158,10:10,Plein jour,75,75115,2,3,2,2.0,RUE DE LA CONVENTION,48.838333,2.293968,10:10:00,2024-07-23
202400032159,18:11,Plein jour,10,10387,2,1,1,4.0,Boulevard Jules Guesde,48.28066,4.08604,18:11:00,2024-08-29
202400032160,09:48,Plein jour,75,75115,2,3,2,6.0,BOULEVARD VICTOR,48.834452,2.284039,09:48:00,2024-07-23
202400032161,18:53,Plein jour,06,06155,2,1,1,6.0,23 Avenue du Tapis Vert,43.578875,7.058442,18:53:00,2024-08-29
202400032162,16:50,Plein jour,75,75101,2,2,1,6.0,BOULEVARD DE LA MADELEINE,48.869391,2.325222,16:50:00,2024-07-23
202400032163,17:45,Plein jour,03,03185,2,2,1,3.0,DORMOY ( AVENUE MARX ),46.33817,2.59731,17:45:00,2024-08-21
202400032164,06:20,Plein jour,94,94015,2,1,1,6.0,Avenue du Général Leclerc,48.82834,2.51401,06:20:00,2024-07-21
202400032165,08:00,Plein jour,75,75116,2,1,1,4.0,BD PERIPHERIQUE INTERIEUR,48.861934,2.2646,08:00:00,2024-08-30
202400032166,13:00,Plein jour,94,94038,2,9,1,1.0,Rue des Tulipes,48.776458,2.353796,13:00:00,2024-07-22
202400032167,16:10,Plein jour,75,75120,2,1,1,2.0,BD PERIPHERIQUE EXTERIEUR,48.848263,2.414947,16:10:00,2024-08-27
202400032168,12:13,Plein jour,94,94033,2,9,2,2.0,Avenue de la République,48.85251,2.46525,12:13:00,2024-07-23
202400032169,08:45,Plein jour,75,75115,2,2,8,3.0,RUE PEGOUD,48.835386,2.26676,08:45:00,2024-08-30
202400032170,05:15,,93,93073,2,2,2,3.0,Avenue Blaise Pascal / Rue de Lorraine,48.94021005,2.57733499,05:15:00,2024-07-23
202400032171,15:10,Plein jour,75,75120,2,2,2,1.0,RUE DES PYRENEES,48.852677,2.406099,15:10:00,2024-08-30
202400032172,15:55,Plein jour,75,75115,2,1,3,3.0,RUE LINOIS,48.848379,2.283127,15:55:00,2024-08-30
202400032173,09:40,Plein jour,93,93078,2,1,1,4.0,VAUBAN (AVENUE),48.96998,2.55027,09:40:00,2024-07-22
202400032174,10:15,Plein jour,93,93073,2,1,1,6.0,TOLSTOI (RUE LEON),48.94546847,2.5674963,10:15:00,2024-07-22
202400032175,19:15,Plein jour,75,75108,2,2,2,2.0,RUE DE COURCELLES,48.875039,2.309149,19:15:00,2024-08-30
202400032176,15:30,Plein jour,93,93071,2,1,1,6.0,GASTON BUSSIERE (PLACE),48.93755,2.52941,15:30:00,2024-07-23
202400032177,08:25,Plein jour,75,75103,2,2,1,2.0,BOULEVARD DE SEBASTOPOL,48.866243,2.35257,08:25:00,2024-08-30
202400032178,11:00,Plein jour,93,93066,2,3,2,3.0,Avenue Paul Vaillant-Couturier / Rue des Victimes du Franquisme,48.93273532,2.36598289,11:00:00,2024-07-23
202400032179,12:20,Plein jour,94,94052,2,2,2,6.0,Rue Jacques Kablé,48.835813,2.488907,12:20:00,2024-08-30
202400032180,20:45,Nuit sans éclairage,94,94003,2,1,2,6.0,Avenue Vladimir Ilitch Lenine,48.812988,2.331882,20:45:00,2024-08-30
202400032181,14:09,Plein jour,93,93074,2,3,1,3.0,Rue de Meaux / Rue du Centre,48.93506846,2.56971359,14:09:00,2024-07-23
202400032182,18:17,Plein jour,94,94043,2,2,2,3.0,Rue Gabriel Péri,48.81235863,2.35258985,18:17:00,2024-08-30
202400032183,09:40,Plein jour,93,93046,2,1,1,3.0,Allée de Rosny,48.90597,2.51567,09:40:00,2024-07-23
202400032184,13:20,Plein jour,93,93008,2,1,1,2.0,Avenue Paul Vaillant - Couturier,48.90761396,2.45481813,13:20:00,2024-07-23
202400032185,08:35,Plein jour,94,94018,2,3,1,2.0,89 Rue de Paris,48.822074,2.412555,08:35:00,2024-08-30
202400032186,16:22,Plein jour,92,92078,2,1,1,6.0,PIERRE COUBERTIN (AVENUE),48.93889229,2.32791066,16:22:00,2024-07-04
202400032187,18:30,Plein jour,94,94028,2,1,2,3.0,Av du Mal de Lattre de Tassigny,48.79745,2.45649,18:30:00,2024-08-30
202400032188,16:30,Plein jour,93,93072,2,9,3,3.0,Avenue de Stalingrad,48.94707316,2.37246752,16:30:00,2024-08-30
202400032189,03:42,,92,92078,2,2,1,3.0,VERDUN (AVENUE) (PAIRS 2 A 38),48.93568233,2.3359344,03:42:00,2024-07-23
202400032190,06:06,Crépuscule,92,92077,1,1,2,6.0,VERSAILLES (RUE DE),48.81643,2.16074,06:06:00,2024-07-23
202400032191,17:45,Plein jour,93,93064,2,1,1,3.0,Rue Leon Blum,48.88301444,2.47992671,17:45:00,2024-08-29
202400032192,11:11,Plein jour,92,92051,2,9,2,2.0,GENERAL LANREZAC (RUE),48.88500226,2.2558786,11:11:00,2024-07-23
202400032193,21:10,,93,93014,2,3,8,6.0,Allée de Gagny / Allée Henri Barbusse,48.906444,2.549432,21:10:00,2024-08-30
202400032194,09:25,Plein jour,92,92049,2,1,2,7.0,REPUBLIQUE AVENUE DE LA N°2 A 90,48.81524481,2.31759524,09:25:00,2024-07-23
202400032195,01:30,,93,93014,2,1,1,6.0,Boulevard du Temple,48.90220494,2.53240675,01:30:00,2024-08-30
202400032196,18:32,Plein jour,92,92035,2,1,1,1.0,République ( boulevard de la ),48.90554,2.25503,18:32:00,2024-07-22
202400032197,04:50,,93,93014,2,1,1,3.0,Boulevard Emile Zola,48.90616,2.55297,04:50:00,2024-08-29
202400032198,08:54,Plein jour,92,92078,2,1,1,6.0,GALLIENI (BD) (154 ET 214),48.9348,2.33286,08:54:00,2024-08-31
202400032199,18:08,Plein jour,92,92051,2,1,1,2.0,"CHARLES DE GAULLE (AVENUE, N°27 A 129)",48.87872581,2.27925763,18:08:00,2024-08-29
202400032200,16:55,Plein jour,92,92040,2,1,1,7.0,VICTOR CRESSON (AVENUE) DU 29 AU 77,48.82243,2.26715,16:55:00,2024-08-29
202400032201,09:10,Plein jour,92,92035,2,1,1,3.0,Général de Gaulle  ( avenue du ),48.90845,2.25539,09:10:00,2024-07-22
202400032202,20:15,Plein jour,92,92036,2,1,1,7.0,CLAUDE DEBUSSY (AVENUE),48.92504966,2.2973451,20:15:00,2024-08-29
202400032203,15:03,Plein jour,92,92025,2,1,1,1.0,PRESIDENT SALVADOR ALLENDE (RUE DU),48.92219354,2.23570257,15:03:00,2024-07-21
202400032204,23:09,,92,92012,2,2,1,3.0,ROBERT SCHUMAN (AVENUE),48.84270761,2.24892229,23:09:00,2024-08-29
202400032205,14:30,Plein jour,92,92007,2,4,1,2.0,BRIAND (AVENUE ARISTIDE) N° 2 A 98,48.80668681,2.3258552,14:30:00,2024-07-23
202400032206,19:00,Plein jour,92,92004,2,1,8,5.0,CHATEAU ( RUE DU ),48.90913266,2.29137897,19:00:00,2024-08-30
202400032207,12:45,Plein jour,54,54571,1,1,1,1.0,D71,48.622882,6.224248,12:45:00,2024-07-23
202400032208,14:25,Plein jour,40,40004,1,1,1,3.0,Route de Tyrosse,43.65797556,-1.35644958,14:25:00,2024-07-23
202400032209,09:45,Plein jour,92,92004,2,2,1,3.0,ARGENTEUIL AV D',48.91933,2.28042,09:45:00,2024-08-27
202400032210,11:06,Plein jour,68,68300,1,1,1,3.0,D55,47.786601,7.426809,11:06:00,2024-07-24
202400032211,15:50,Plein jour,49,49244,1,2,1,3.0,La Baclaire (Le Marillais),47.358231,-1.064719,15:50:00,2024-08-31
202400032212,10:00,Plein jour,2A,2A100,1,1,1,6.0,#D24#,42.23624226,8.81260272,10:00:00,2024-08-30
202400032213,07:38,Plein jour,2A,2A276,1,1,7,1.0,#Stiliccionu#,41.752281,8.843136,07:38:00,2024-08-31
202400032214,23:00,Nuit sans éclairage,34,34032,1,1,1,2.0,Autoroute A75 PK 328,43.378103,3.298988,23:00:00,2024-07-23
202400032215,12:35,Plein jour,06,06114,2,1,1,6.0,101 Quai de la Banquiere,43.741135,7.287868,12:35:00,2024-08-31
202400032216,17:01,Plein jour,34,34270,2,1,1,6.0,rue des jasses,43.569967,3.836561,17:01:00,2024-07-23
202400032217,15:16,Plein jour,57,57161,1,2,1,3.0,ferme de l'espérance,48.840659,6.834236,15:16:00,2024-08-30
202400032218,16:50,Plein jour,31,31203,2,1,1,2.0,4 Avenue du Gers,43.516416,1.314905,16:50:00,2024-07-10
202400032219,09:00,Plein jour,52,52384,1,1,1,2.0,A31,47.80206386,5.22466517,09:00:00,2024-08-31
202400032220,17:20,Plein jour,59,59394,2,1,1,1.0,47 Rue de Bertry,50.077674,3.465744,17:20:00,2024-07-23
202400032221,00:10,Nuit sans éclairage,974,97410,2,1,1,6.0,RN2 Sainte Anne,-21.083159,55.746769,00:10:00,2024-08-31
202400032222,04:30,Nuit sans éclairage,06,06095,2,1,1,7.0,5 Boulevard Jean Giraud,43.643909,6.879051,04:30:00,2024-08-30
202400032223,08:32,Plein jour,77,77301,1,1,1,4.0,N4,48.693808,3.438105,08:32:00,2024-07-24
202400032224,21:15,,06,06033,1,1,1,6.0,"M6202 BIS, Z.I CARROS - en face 1ère avenue - 4ème rue",43.775099,7.211949,21:15:00,2024-08-30
202400032225,19:55,Plein jour,77,77519,2,1,1,2.0,37 Rue de la Gare,48.650427,3.409869,19:55:00,2024-07-23
202400032226,16:50,Plein jour,974,97413,2,9,1,2.0,Bois Blanc,-21.239482,55.310712,16:50:00,2024-08-30
202400032227,17:05,Plein jour,79,79179,1,3,1,1.0,Unknown,46.679845,-0.613984,17:05:00,2024-07-23
202400032228,23:55,Nuit sans éclairage,23,23217,1,1,1,6.0,Cheyroux,45.940646,1.571431,23:55:00,2024-08-30
202400032229,19:10,Plein jour,79,79202,1,1,1,3.0,Unknown,46.638115,-0.21787,19:10:00,2024-07-23
202400032230,04:40,Nuit sans éclairage,47,47114,1,1,1,7.0,567 Route des Métairies,44.388546,0.132372,04:40:00,2024-08-31
202400032231,14:30,Plein jour,79,79265,1,1,1,1.0,Unknown,46.970586,-0.133294,14:30:00,2024-07-24
202400032232,14:44,Plein jour,37,37203,1,1,1,5.0,A10,47.42757822,0.73425436,14:44:00,2024-08-30
202400032233,12:05,Plein jour,41,41100,1,1,3,7.0,Départementale 116 - La Glacière,47.688533,0.780973,12:05:00,2024-08-31
202400032234,12:15,Plein jour,2A,2A269,1,1,1,1.0,#857 Strada di Sari#,41.85328494,9.38814926,12:15:00,2024-07-19
202400032235,10:10,Plein jour,62,62268,2,3,1,6.0,D204,50.66763429,1.83582875,10:10:00,2024-08-30
202400032236,11:25,Plein jour,65,65314,1,2,1,2.0,D 5,43.442637,0.120528,11:25:00,2024-07-18
202400032237,06:00,,56,56047,1,1,1,6.0,11 Bellevue,48.030848,-2.75598,06:00:00,2024-08-31
202400032238,21:10,Plein jour,81,81149,1,1,1,7.0,Route de Parisot,43.820424,1.804032,21:10:00,2024-07-22
202400032239,23:40,Nuit sans éclairage,61,61411,1,1,1,6.0,D256,48.448254,0.512634,23:40:00,2024-08-30
202400032240,12:00,Plein jour,71,71346,1,1,1,1.0,694 chemin du patouillet,46.604257,4.212262,12:00:00,2024-07-24
202400032241,13:00,Plein jour,86,86039,1,3,1,1.0,Rue du Marchais Rouge,46.261841,0.216841,13:00:00,2024-08-31
202400032242,19:15,Plein jour,71,71248,1,1,1,6.0,D975,46.55812,4.92647,19:15:00,2024-07-23
202400032243,07:40,Plein jour,68,68374,2,2,1,3.0,Rue du Lavoir,48.075541,7.286663,07:40:00,2024-08-31
202400032244,17:00,Plein jour,89,89418,2,1,1,6.0,42 Rue du Général Campenon,47.857826,3.970472,17:00:00,2024-07-24
202400032245,11:25,Plein jour,25,25434,1,1,1,1.0,D241,47.104207,6.118655,11:25:00,2024-08-31
202400032246,20:15,Plein jour,89,89237,1,1,1,7.0,D950,47.590739,3.700268,20:15:00,2024-07-23
202400032247,17:30,Plein jour,63,63382,1,1,1,7.0,D50,46.04282693,2.99360459,17:30:00,2024-07-23
202400032248,08:30,Plein jour,44,44029,1,2,2,3.0,Route du chateau d’eau,47.265387,-1.315082,08:30:00,2024-08-30
202400032249,15:55,Plein jour,63,63178,2,6,1,3.0,D996-Route de Perrier-giratoire rue colonnel Buret,45.543592,3.224423,15:55:00,2024-07-23
202400032250,17:00,Plein jour,44,44014,1,1,1,3.0,Unknown,47.102966,-1.462204,17:00:00,2024-08-30
202400032251,09:24,Plein jour,63,63321,1,1,1,6.0,D225,45.62595065,3.31233498,09:24:00,2024-07-11
202400032252,18:00,Plein jour,44,44061,1,2,2,3.0,Unknown,47.24865,-1.956382,18:00:00,2024-07-10
202400032253,19:55,Plein jour,29,29272,1,1,1,7.0,Parc Frost,47.954493,-3.90404,19:55:00,2024-08-30
202400032254,14:40,Plein jour,12,12088,1,3,1,3.0,D921,44.649288,2.852079,14:40:00,2024-07-23
202400032255,17:30,Plein jour,58,58311,1,1,1,3.0,RD 34,46.928579,3.494146,17:30:00,2024-08-30
202400032256,04:15,Nuit sans éclairage,34,34205,1,1,1,7.0,744 Route de Lodève,43.745769,3.282356,04:15:00,2024-07-23
202400032257,10:10,Plein jour,54,54105,1,3,7,7.0,D11,48.56050542,5.85116386,10:10:00,2024-08-30
202400032258,17:30,Plein jour,72,72021,1,1,1,7.0,Lieu Dit La Maison D Eugene,47.84581941,-0.16918017,17:30:00,2024-08-31
202400032259,15:15,Plein jour,25,25320,1,1,1,1.0,D9,46.776552,6.312268,15:15:00,2024-07-24
202400032260,18:10,Plein jour,73,73124,1,1,1,2.0,N90,45.64910714,6.34076893,18:10:00,2024-08-30
202400032261,19:00,Plein jour,44,44142,1,3,1,3.0,Unknown,47.04304575,-1.36129975,19:00:00,2024-07-23
202400032262,01:50,Nuit sans éclairage,07,07334,1,1,1,6.0,D901,44.409137,4.163561,01:50:00,2024-08-31
202400032263,11:30,Plein jour,44,44057,1,1,1,7.0,Unknown,47.578436,-2.077832,11:30:00,2024-07-21
202400032264,22:45,,30,30133,2,1,1,3.0,3 Avenue Jean Lasserre,43.521214,4.134733,22:45:00,2024-08-29
202400032265,10:35,Plein jour,35,35184,1,1,1,6.0,Unknown,48.19416206,-2.09763229,10:35:00,2024-07-24
202400032266,11:20,Plein jour,30,30321,2,1,1,7.0,Route de Saussines,43.781045,4.082199,11:20:00,2024-08-31
202400032267,17:10,Plein jour,38,38399,2,9,1,6.0,51 Boulevard Nelson Mandela,45.498718,5.137353,17:10:00,2024-07-23
202400032268,10:20,Plein jour,30,30350,2,1,7,7.0,Unknown,43.99085,3.608977,10:20:00,2024-08-30
202400032269,17:50,Plein jour,48,48068,1,1,1,7.0,Piéma,44.526695,3.371859,17:50:00,2024-08-31
202400032270,18:43,Plein jour,38,38288,1,1,1,1.0,D75,45.574098,5.029314,18:43:00,2024-07-19
202400032271,03:30,Nuit avec éclairage,30,30036,1,1,5,7.0,Route de Langlade,43.788476,4.26424,03:30:00,2024-08-31
202400032272,17:00,Plein jour,15,15028,1,3,1,3.0,RD 990,44.900998,2.618527,17:00:00,2024-07-24
202400032273,15:10,Plein jour,33,33284,1,1,1,5.0,Unknown,44.63959,-0.840797,15:10:00,2024-08-28
202400032274,12:00,Plein jour,01,01128,1,3,1,2.0,Route de Curciat,46.46602,5.10095,12:00:00,2024-07-24
202400032275,12:35,Plein jour,987,98715,2,9,2,3.0,Aratia Pamatai,-17.551869,-149.592987,12:35:00,2024-08-30
202400032276,18:00,Plein jour,66,66107,1,1,1,1.0,D117,42.80291596,2.62515306,18:00:00,2024-07-23
202400032277,22:45,,987,98738,1,1,1,1.0,PK 8.100 passerelle Université,-17.618,-149.549,22:45:00,2024-08-28