Num_Acc,hrmn,lum,dep,com,agg,int,atm,col,adr,lat,long,heure,date
202400032278,15:45,Plein jour,17,17307,1,3,1,1.0,RD117 intersection RD150,45.681884,-0.907853,15:45:00,2024-08-30
202400032279,09:00,Plein jour,988,98831,1,1,1,7.0,RT1 entrée Nord Oundjo,-21.026468,164.716623,09:00:00,2024-08-30
202400032280,02:35,Nuit sans éclairage,988,98825,1,1,1,6.0,Route du CAPTAGE de TIAKANA,-21.040647,164.866011,02:35:00,2024-08-31
202400032281,13:10,Plein jour,976,97608,2,9,1,3.0,Boulevard des Crabes,-12.783966,45.258356,13:10:00,2024-08-30
202400032282,14:25,Plein jour,33,33199,2,1,1,3.0,Unknown,44.639489,-1.116196,14:25:00,2024-08-30
202400032283,14:30,Plein jour,83,83107,2,1,1,6.0,D559,43.34472,6.703803,14:30:00,2024-08-31
202400032284,14:30,Plein jour,06,06101,1,1,1,4.0,6388 Route des Gorges du Cians,43.991718,6.998119,14:30:00,2024-08-31
202400032285,11:40,Plein jour,26,26252,1,1,1,6.0,A7 Aire de service de PORTES-lès-VALENCE,44.86583621,4.86589193,11:40:00,2024-08-31
202400032286,10:40,Plein jour,71,71571,1,2,1,3.0,D95,46.387895,4.456346,10:40:00,2024-08-31
202400032287,02:30,Nuit sans éclairage,57,57222,1,1,1,7.0,CD30,49.152661,6.891303,02:30:00,2024-08-31
202400032288,10:45,Plein jour,42,42094,2,7,1,6.0,Place de la Boaterie (Parking),45.744269,4.224731,10:45:00,2024-08-30
202400032289,21:10,Nuit sans éclairage,69,69105,1,2,1,1.0,Route de la Maladière,45.97853742,4.65655311,21:10:00,2024-08-30
202400032290,18:45,Plein jour,85,85009,1,3,2,1.0,RD65,46.443075,-0.880451,18:45:00,2024-08-29
202400032291,11:30,Plein jour,85,85302,1,3,1,3.0,RD6,46.971241,-0.986345,11:30:00,2024-08-31
202400032292,14:17,Plein jour,49,49260,1,1,1,7.0,Chemin du Bouchot,47.06581,-1.010538,14:17:00,2024-08-30
202400032293,18:05,Plein jour,56,56046,1,1,3,4.0,Lieu Dit Kerdavid,47.65685,-2.99034,18:05:00,2024-08-30
202400032294,15:06,Plein jour,06,06134,1,1,1,6.0,Route Napoléon,43.762446,6.709383,15:06:00,2024-10-05
202400032295,09:35,Plein jour,13,13024,2,1,1,1.0,Avenue des Alpilles,43.718512,5.23755,09:35:00,2024-10-05
202400032296,12:25,Plein jour,13,13027,2,1,1,1.0,650 Boulevard Ernest Genevet,43.887946,4.853248,12:25:00,2024-10-02
202400032297,11:50,Plein jour,21,21564,1,2,1,3.0,D996,47.123169,5.099008,11:50:00,2024-10-05
202400032298,14:30,Plein jour,44,44066,1,1,1,7.0,chanais,47.35023375,-1.6647005,14:30:00,2024-10-05
202400032299,17:20,Plein jour,26,26084,1,2,1,3.0,Route d’Alixan,45.009962,4.962827,17:20:00,2024-10-05
202400032300,17:55,Plein jour,81,81105,2,4,1,3.0,Avenue du maréchal juin,43.760014,1.968527,17:55:00,2024-09-30
202400032301,21:00,Nuit sans éclairage,33,33425,1,1,2,1.0,Unknown,45.0389,-0.462971,21:00:00,2024-10-05
202400032302,06:00,Nuit sans éclairage,33,33293,1,1,1,2.0,Unknown,44.874461,-0.430269,06:00:00,2024-10-05
202400032303,19:45,Crépuscule,85,85016,2,3,1,3.0,RD50,46.681258,-1.618005,19:45:00,2024-10-05
202400032304,12:05,Plein jour,44,44026,1,3,1,3.0,Route de Paris,47.269227,-1.480901,12:05:00,2024-10-04
202400032305,17:30,Plein jour,27,27439,1,1,1,6.0,Rue de l'Iton,49.061452,1.15483,17:30:00,2024-10-01
202400032306,14:00,Plein jour,76,76516,1,1,1,3.0,Route de Massy,49.715684,1.432128,14:00:00,2024-10-05
202400032307,06:30,Nuit sans éclairage,76,76541,1,1,8,6.0,D67,49.521732,0.96852,06:30:00,2024-10-06
202400032308,20:50,,60,60469,2,1,1,1.0,101 Rue Fernand Desjardins,49.272747,2.215161,20:50:00,2024-10-05
202400032309,17:30,Plein jour,02,02309,1,1,1,2.0,départementale 1044,49.517951,3.752797,17:30:00,2024-10-04
202400032310,23:35,,13,13202,1,1,1,2.0,TVPCM-Sens Saint Victor vers Les Ports,43.29766,5.36394,23:35:00,2024-10-04
202400032311,20:35,,83,83137,2,1,1,2.0,A50 TUNNEL TUBE NORD,43.12127233,5.95302607,20:35:00,2024-10-04
202400032312,13:35,Plein jour,69,69287,1,1,2,3.0,Autoroute 43  ,45.67855,5.02663,13:35:00,2024-09-26
202400032313,04:30,Nuit sans éclairage,57,57463,1,1,1,2.0,Autoroute A31,49.11863,6.16053,04:30:00,2024-10-04
202400032314,17:45,Plein jour,94,94038,1,1,1,5.0,A6B,48.7828929,2.34713213,17:45:00,2024-10-05
202400032315,03:31,Nuit sans éclairage,91,91179,1,1,1,2.0,AUTOROUTE A6,48.56766,2.47243,03:31:00,2024-10-05
202400032316,14:25,Plein jour,92,92051,1,1,7,2.0,RN13,48.88397369,2.26271063,14:25:00,2024-10-05
202400032317,12:00,Plein jour,92,92064,1,1,1,2.0,A13,48.83850309,2.19236004,12:00:00,2024-10-05
202400032318,00:25,Nuit sans éclairage,78,78217,1,1,1,2.0,A13,48.965789,1.811958,00:25:00,2024-10-05
202400032319,17:00,Plein jour,93,93005,1,1,1,2.0,AUTOROUTE A1,48.96072159,2.46789896,17:00:00,2024-10-05
202400032320,17:30,Plein jour,94,94028,1,1,1,5.0,A86,48.7894301,2.44046879,17:30:00,2024-10-05
202400032321,16:30,Plein jour,77,77373,1,1,1,6.0,RN104,48.76507039,2.61490617,16:30:00,2024-10-05
202400032322,15:40,Plein jour,94,94017,1,1,1,2.0,A4,48.82944026,2.48213089,15:40:00,2024-10-05
202400032323,11:00,Plein jour,77,77058,1,1,1,6.0,A4,48.82990915,2.70752296,11:00:00,2024-10-05
202400032324,07:03,Plein jour,987,98735,2,2,1,3.0,PRINCE HINOI (AVENUE),-17.5348,-149.56352,07:03:00,2024-10-04
202400032325,12:20,Plein jour,974,97416,1,1,3,3.0,BADAMIER(CHEMIN),-21.3072,55.45697,12:20:00,2024-10-04
202400032326,07:15,Plein jour,974,97411,1,1,1,2.0,LITTORAL (ROUTE 1 DU),-20.87468,55.41764,07:15:00,2024-10-04
202400032327,17:20,Plein jour,973,97302,2,1,1,3.0,BADUEL (ROUTE DE),4.93371,-52.31048,17:20:00,2024-10-04
202400032328,00:20,,973,97302,2,1,1,1.0,ZEPHIR (ROCADE),4.94071,-52.30466,00:20:00,2024-10-04
202400032329,07:10,Crépuscule,69,69149,2,1,8,6.0,287 Avenue Georges Clémenceau,45.707011,4.79813203,07:10:00,2024-10-04
202400032330,06:43,,2B,2B033,2,1,1,3.0,CAP - ROUTE DU CAP,42.71384,9.45428,06:43:00,2024-10-04
202400032331,06:30,Plein jour,971,97120,2,2,1,3.0,Amitié des peuples,16.24295,-61.53971,06:30:00,2024-10-04
202400032332,09:01,Plein jour,2A,2A004,1,1,1,3.0,T20,41.94153,8.80763,09:01:00,2024-10-04
202400032333,22:00,Nuit avec éclairage,91,91161,2,1,1,6.0,RTE DE LONGJUMEAU,48.71311,2.29797,22:00:00,2024-10-04
202400032334,13:49,Plein jour,91,91471,2,1,1,6.0,LOUIS SCOCARD (RUE),48.69644,2.18455,13:49:00,2024-10-04
202400032335,10:20,Plein jour,91,91174,2,9,1,3.0,RUE DU DOCTEUR VIGNES,48.61218,2.476237,10:20:00,2024-10-04
202400032336,20:24,,90,90010,2,1,1,3.0,JAURES (AVENUE JEAN) A 150 ET 117,47.65219,6.8504,20:24:00,2024-10-03
202400032337,12:31,Plein jour,87,87085,2,1,1,7.0,COTY (AVENUE DU PRESIDENT RENE),45.8429,1.23116,12:31:00,2024-10-03
202400032338,07:31,Crépuscule,87,87113,2,1,1,1.0,CARNOT (AVENUE SADI),45.86787,1.32777,07:31:00,2024-10-02
202400032339,17:20,Plein jour,86,86158,2,1,1,1.0,Route de Saint Nicolas,46.616334,0.312185,17:20:00,2024-10-04
202400032340,16:20,Plein jour,86,86066,2,1,2,6.0,Rocade Est,46.8383,0.5477,16:20:00,2024-10-01
202400032341,07:20,Crépuscule,84,84007,2,6,1,3.0,FONTCOUVERTE (AVENUE DE),43.93539,4.84806,07:20:00,2024-10-04
202400032342,12:35,Plein jour,84,84007,2,2,1,2.0,C.DE GAULLE (ROCADE),43.9316,4.82861,12:35:00,2024-10-03
202400032343,08:00,Plein jour,84,84007,2,1,1,2.0,QUAI DE LA LIGNE (BOULEVARD DU),43.95348,4.81052,08:00:00,2024-10-02
202400032344,23:00,,83,83137,2,1,1,1.0,FORGENTIER (CHEMIN DE),43.13371028,5.90325305,23:00:00,2024-10-03
202400032345,12:40,Plein jour,83,83137,2,6,1,3.0,BRIAND (AVE ARISTIDE DE 1221 A FIN,43.1208,5.88941,12:40:00,2024-10-04
202400032346,00:55,Nuit sans éclairage,83,83153,2,1,1,7.0,MARECHAL LECLERC (AV DU),43.08057,5.91288,00:55:00,2024-10-04
202400032347,08:50,Crépuscule,79,79191,2,1,1,7.0,Unknown,46.317926,-0.485043,08:50:00,2024-10-04
202400032348,12:45,Plein jour,78,78621,2,3,1,6.0,FERMES (RUE DES),48.77828,1.99673,12:45:00,2024-10-04
202400032349,12:06,Plein jour,77,77053,2,9,1,6.0,RUE DU GENERAL LECLERC,48.69519,2.60919,12:06:00,2024-09-30
202400032350,18:00,Plein jour,76,76231,2,3,8,3.0,Rue aux Boeufs,49.2897023,0.99918352,18:00:00,2024-10-04
202400032351,19:58,Plein jour,72,72181,2,1,1,5.0,PATTON GENERAL RTE BAUGE A CHEMIN RONDE,47.99604,0.20712,19:58:00,2024-10-04
202400032352,18:30,Plein jour,72,72181,2,9,1,3.0,DEMORIEUX IMP DE ROCADE A RP D'ALLONNES,47.99882,0.21007,18:30:00,2024-10-04
202400032353,13:20,Plein jour,72,72181,2,7,1,6.0,CHAMPION HENRI (RUE) N° IMP,47.9826,0.2314,13:20:00,2024-10-04
202400032354,19:50,Crépuscule,71,71306,2,1,1,7.0,ALOUETTES (AVENUE DES),46.68768,4.35751,19:50:00,2024-10-04
202400032355,17:00,Plein jour,71,71270,2,3,1,1.0,MOREAU (COURS),46.30913,4.83349,17:00:00,2024-10-03
202400032356,03:10,,69,69199,2,1,1,6.0,Avenue Jean Jaurès,45.71177005,4.85506666,03:10:00,2024-10-04
202400032357,11:20,Plein jour,64,64445,2,1,1,6.0,ALSACE LORRAINE D',43.30243,-0.35851,11:20:00,2024-10-04
202400032358,08:50,Plein jour,64,64445,2,2,1,3.0,PAIX,43.31784,-0.34385,08:50:00,2024-10-04
202400032359,07:30,Crépuscule,64,64373,1,1,5,1.0,D802,43.28438,-0.35379,07:30:00,2024-10-04
202400032360,15:30,Plein jour,64,64445,2,1,1,6.0,JEAN BIRAY,43.29324,-0.37545,15:30:00,2024-10-03
202400032361,15:15,Plein jour,64,64102,2,1,1,2.0,Pont Henri Grenet,43.49748,-1.48286,15:15:00,2024-10-03
202400032362,07:55,Crépuscule,63,63300,2,6,3,6.0,DESAIX (BOULEVARD),45.8912,3.1157,07:55:00,2024-10-03
202400032363,00:45,,63,63113,2,1,1,3.0,DESCARTES (RUE),45.78117725,3.06956828,00:45:00,2024-10-05
202400032364,09:35,Plein jour,63,63113,2,9,1,3.0,CLAUDIUS (CHAUSSEE),45.78448,3.09857,09:35:00,2024-10-04
202400032365,11:40,Plein jour,59,59560,2,2,1,6.0,BOUVRY ROGER RUE,50.54999,3.02976,11:40:00,2024-10-04
202400032366,14:40,Plein jour,59,59350,1,6,1,3.0,Rue Eugène Imbert de la Phalecque,50.63438,2.972553,14:40:00,2024-10-04
202400032367,19:00,Plein jour,58,58194,2,1,1,5.0,RAIE,46.98603,3.14179,19:00:00,2024-09-14
202400032368,08:45,Plein jour,56,56260,2,1,1,3.0,Rue Henri Dunant,47.65128,-2.76824,08:45:00,2024-10-04
202400032369,13:20,Plein jour,56,56260,2,3,1,3.0,Rue du Vincin,47.65703,-2.79028,13:20:00,2024-10-04
202400032370,17:07,Plein jour,56,56098,2,1,1,6.0,Parking de la boulangerie,47.77713,-3.33823,17:07:00,2024-10-03
202400032371,07:45,Crépuscule,56,56121,2,6,1,3.0,Rond-point de Kervaric,47.746516,-3.387306,07:45:00,2024-10-04
202400032372,07:30,Crépuscule,55,55545,2,1,1,1.0,EPARGES ( AVENUE DES ),49.15329,5.3968,07:30:00,2024-09-28
202400032373,23:55,,54,54395,2,2,1,3.0,Rue de Tomblaine,48.68673443,6.20112777,23:55:00,2024-10-04
202400032374,13:30,Plein jour,54,54395,2,3,1,3.0,Avenue de Strasbourg,48.67879,6.1973,13:30:00,2024-10-04
202400032375,20:50,,51,51454,2,2,1,3.0,CERNAY (RUE DE ) DU N° 39 A FIN ET DU N°,49.257925,4.056088,20:50:00,2024-10-04
202400032376,15:00,Plein jour,51,51454,2,9,1,6.0,LAON (AVENUE) DU N° 51 A 217 ET DU N° 62,49.2657,4.02607,15:00:00,2024-10-04
202400032377,18:15,Plein jour,51,51454,2,9,1,6.0,CROIX SAINT MARC (RUE DE LA),49.2605,4.05182,18:15:00,2024-10-03
202400032378,17:50,Plein jour,50,50129,1,1,1,2.0,Axe Nord-Sud,49.634793,-1.576575,17:50:00,2024-10-03
202400032379,19:00,Plein jour,49,49007,2,1,1,3.0,CUL D'ANON,47.47806417,-0.51474541,19:00:00,2024-10-04
202400032380,20:05,,49,49007,2,1,1,2.0,FOCH BOULEVARD,47.46685,-0.55225,20:05:00,2024-10-03
202400032381,20:00,Crépuscule,47,47032,1,1,1,2.0,CASSOU (Rte de),44.1988,0.68933,20:00:00,2024-10-04
202400032382,17:50,Plein jour,45,45234,2,2,1,3.0,31 Avenue des Droits de l'Homme,47.92277,1.92967,17:50:00,2024-10-04
202400032383,09:10,Plein jour,45,45284,2,3,7,6.0,28 Rue du Porteau,47.90855,1.987213,09:10:00,2024-10-04
202400032384,20:00,,44,44184,2,1,1,3.0,33 Avenue Géo André,47.2664,-2.22732,20:00:00,2024-10-04
202400032385,08:45,Plein jour,44,44109,2,9,1,1.0,20 Quai Henri Barbusse,47.22616,-1.55309,08:45:00,2024-10-04
202400032386,20:30,,38,38185,2,9,8,1.0,RUE ÉMILE GUEYMARD,45.19367,5.71413,20:30:00,2024-10-04
202400032387,10:19,Plein jour,38,38185,2,5,1,6.0,Place Gustave Rivet,45.18195,5.72803,10:19:00,2024-10-04
202400032388,14:24,Plein jour,38,38053,2,3,1,3.0,Avenue Alexandre Flemming,45.59822,5.2442,14:24:00,2024-09-25
202400032389,00:03,,37,37261,2,2,1,3.0,MIRABEAU (RUE),47.39755,0.69946,00:03:00,2024-10-05
202400032390,21:50,,37,37122,2,1,1,7.0,BALZAC (RUE HONORE DE),47.35144,0.67158,21:50:00,2024-10-04
202400032391,12:15,Plein jour,37,37261,2,2,1,1.0,TONNELLE (BOULEVARD),47.38367516,0.66828516,12:15:00,2024-10-04
202400032392,20:15,Nuit sans éclairage,35,35281,1,1,1,4.0,ROCADE 8-9,48.0937,-1.70949,20:15:00,2024-10-04
202400032393,18:00,Plein jour,35,35055,1,6,1,3.0,173 RD,48.07838,-1.63251,18:00:00,2024-10-04
202400032394,11:10,Plein jour,35,35238,1,1,1,2.0,PORTE ALMA,48.08160315,-1.67616069,11:10:00,2024-10-04
202400032395,00:15,,34,34172,2,1,1,2.0,CITADELLE (ALLEE DE LA),43.61169,3.88269,00:15:00,2024-10-05
202400032396,07:43,Plein jour,34,34032,2,6,1,3.0,BADIE VINCENT (RD POINT),43.34796,3.25256,07:43:00,2024-09-30
202400032397,14:50,Plein jour,33,33063,2,6,1,1.0,Unknown,44.82382,-0.54463,14:50:00,2024-10-04
202400032398,10:40,Plein jour,33,33063,2,2,1,3.0,Unknown,44.86042,-0.55379,10:40:00,2024-10-04
202400032399,14:30,Plein jour,31,31555,2,1,1,3.0,CHE MARTYRS DE BORDELONGUE,43.569827,1.417996,14:30:00,2024-10-04
202400032400,08:25,Crépuscule,29,29019,2,1,1,6.0,rue Louis Le Guen,48.389768,-4.472425,08:25:00,2024-10-03
202400032401,17:15,Plein jour,27,27681,2,1,1,3.0,JAURES (BOULEVARD JAURES),49.09554,1.46592,17:15:00,2024-10-04
202400032402,21:30,,27,27375,2,1,1,7.0,LECLERC (AVENUE DU ML),49.20805,1.15347,21:30:00,2024-10-04
202400032403,09:42,Plein jour,27,27229,2,2,1,3.0,VERNON (RUE DE),49.03185,1.15867,09:42:00,2024-10-04
202400032404,13:55,Plein jour,14,14181,1,1,1,2.0,N814,49.14799,-0.32248,13:55:00,2024-10-04
202400032405,10:20,Plein jour,14,14118,2,3,1,3.0,5 Boulevard Jean Moulin,49.19279,-0.37478,10:20:00,2024-10-04
202400032406,20:45,,13,13071,1,1,1,2.0,ROUTE NATIONALE 368 (VILLAGE),43.40292,5.31575,20:45:00,2024-10-04
202400032407,22:35,,13,13206,2,2,1,3.0,ROME (RUE DE),43.29081,5.38082,22:35:00,2024-10-04
202400032408,05:50,,13,13211,2,1,1,6.0,MENARD (PIERRE) (BOULEVARD),43.29042841,5.44002953,05:50:00,2024-10-04
202400032409,12:10,Plein jour,10,10387,2,2,1,3.0,Boulevard Gambetta,48.29875,4.07039,12:10:00,2024-10-04
202400032410,02:06,,08,08105,2,1,1,6.0,Unknown,49.770741,4.724925,02:06:00,2024-10-04
202400032411,08:05,Plein jour,07,07019,2,1,1,3.0,BELLANDE (AVENUE DE ),44.61464,4.40062,08:05:00,2024-10-04
202400032412,07:52,Plein jour,06,06083,2,2,1,3.0,21 Avenue Florette,43.767133,7.485705,07:52:00,2024-10-04
202400032413,18:10,Plein jour,04,04112,1,1,1,7.0,VOLTA (CHEMIN ALESSANDRO),43.814166,5.79638,18:10:00,2024-10-04
202400032414,03:43,,75,75113,2,2,1,6.0,BOULEVARD DE PORT ROYAL,48.838287,2.342076,03:43:00,2024-10-04
202400032415,12:50,Plein jour,75,75105,2,3,1,3.0,BOULEVARD DE L HOPITAL,48.843202,2.364136,12:50:00,2024-10-04
202400032416,15:50,Plein jour,75,75120,2,1,1,6.0,RUE COURAT,48.856885,2.405547,15:50:00,2024-10-04
202400032417,20:40,,75,75119,2,7,1,6.0,AVENUE DE LA PORTE CHAUMONT,48.886229,2.396688,20:40:00,2024-10-04
202400032418,13:40,Plein jour,75,75118,2,4,1,6.0,BOULEVARD ORNANO,48.892714,2.34875,13:40:00,2024-10-04
202400032419,23:10,,75,75116,2,3,1,3.0,AVENUE DU PRESIDENT KENNEDY,48.85272,2.280664,23:10:00,2024-10-04
202400032420,15:30,Plein jour,75,75114,2,3,1,3.0,BOULEVARD DU MONTPARNASSE,48.84124,2.33157,15:30:00,2024-10-04
202400032421,18:45,Plein jour,75,75114,2,1,1,3.0,BOULEVARD ARAGO,48.834519,2.334879,18:45:00,2024-10-03
202400032422,09:35,Plein jour,75,75114,2,2,1,2.0,RUE DES PLANTES,48.828033,2.321504,09:35:00,2024-10-03
202400032423,14:05,Plein jour,75,75111,2,2,1,3.0,RUE SAINT MAUR,48.864576,2.378115,14:05:00,2024-10-04
202400032424,03:00,,75,75104,2,2,1,1.0,QUAI DE GESVRES,48.856751,2.348959,03:00:00,2024-10-04
202400032425,12:45,Plein jour,94,94078,2,3,8,3.0,Rue de Paris,48.73557,2.44693,12:45:00,2024-10-03
202400032426,16:55,Plein jour,94,94068,2,2,1,3.0,Quai du Petit Parc,48.812966,2.479771,16:55:00,2024-10-02
202400032427,12:56,Plein jour,94,94068,2,4,2,3.0,Boulevard Maurice Berteaux,48.8099,2.471,12:56:00,2024-10-02
202400032428,18:30,Plein jour,94,94058,2,5,1,3.0,Avenue du 11 Novembre,48.84916,2.49573,18:30:00,2024-10-04
202400032429,15:15,Plein jour,94,94018,2,1,1,3.0,Rue Victor Hugo,48.8207,2.41249,15:15:00,2024-10-04
202400032430,11:15,Plein jour,93,93078,2,1,1,3.0,BEREGOVOY (AVENUE),48.94636,2.55983,11:15:00,2024-10-04
202400032431,15:45,Plein jour,93,93072,2,1,1,3.0,MAXIME GORKI (BOULEVARD) DES N°1 AU 87,48.95143,2.38522,15:45:00,2024-10-04
202400032432,17:25,Plein jour,93,93070,2,2,1,3.0,CHARLES SCHMIDT(RUE) : APRES 49,48.90371355,2.3336622,17:25:00,2024-10-04
202400032433,15:49,Plein jour,93,93070,2,3,1,3.0,VICTOR-HUGO (BD),48.90912,2.32963,15:49:00,2024-10-04
202400032434,12:47,Plein jour,93,93066,2,1,1,6.0,MARNAUDES,48.94124559,2.3837918,12:47:00,2024-10-04
202400032435,23:10,,93,93077,2,1,1,6.0,GRANDE RUE,48.88257,2.52502,23:10:00,2024-10-04
202400032436,20:50,,93,93033,2,1,1,1.0,CHAMPS (AVENUE),48.86014,2.58038,20:50:00,2024-10-03
202400032437,20:20,,93,93048,2,1,1,6.0,JULES FERRY (RUE),48.86141629,2.43369162,20:20:00,2024-10-03
202400032438,08:30,Plein jour,93,93032,2,2,1,3.0,ROND POINT  (RUE DU),48.8731,2.5561,08:30:00,2024-10-03
202400032439,19:30,Plein jour,93,93010,2,9,1,2.0,JOUHAUX (AV. LEON),48.91791992,2.48035383,19:30:00,2024-10-04
202400032440,02:20,,93,93010,2,1,1,3.0,GALLIENI (AV.) DE 177 A 211,48.90727965,2.48967433,02:20:00,2024-10-04
202400032441,03:50,Nuit sans éclairage,92,92073,2,1,2,2.0,JAURES (AVENUE JEAN),48.86352491,2.20918447,03:50:00,2024-10-01
202400032442,09:01,Plein jour,92,92040,2,1,1,7.0,8 MAI 1945 (PLACE DU),48.8217711,2.27042221,09:01:00,2024-10-04
202400032443,01:12,,92,92012,2,1,1,7.0,JEAN JAURES (BOULEVARD) 1/61 - COTE IMPA,48.83578,2.24228,01:12:00,2024-10-04
202400032444,18:41,Plein jour,92,92004,2,1,1,6.0,GRESILLONS ( AVENUE DES  ),48.91972234,2.31391735,18:41:00,2024-10-02
202400032445,01:55,Nuit sans éclairage,34,34048,1,1,1,6.0,D120e4,43.790068,4.033659,01:55:00,2024-10-05
202400032446,17:05,Plein jour,52,52147,1,1,1,3.0,"Autoroute A.31, point kilométrique 105+900, sens DIJON / NANCY",47.84134194,5.23199039,17:05:00,2024-10-04
202400032447,10:20,Plein jour,91,91363,1,1,1,2.0,Route d?Orsay,48.665479,2.197963,10:20:00,2024-10-05
202400032448,05:00,,91,91425,2,1,1,6.0,Rue de Montlhéry,48.639286,2.253565,05:00:00,2024-10-05
202400032449,02:00,Nuit sans éclairage,42,42271,1,1,1,6.0,Route de la Barollière,45.473317,4.565157,02:00:00,2024-10-05
202400032450,18:50,Crépuscule,77,77228,1,1,1,1.0,D222,48.892035,3.306155,18:50:00,2024-10-04
202400032451,21:50,Nuit sans éclairage,59,59384,1,1,1,7.0,Rue du Faux,50.130476,3.794736,21:50:00,2024-09-29
202400032452,16:15,Plein jour,19,19250,1,6,1,7.0,Beausoleil,45.48070497,1.53022206,16:15:00,2024-10-04
202400032453,17:34,Plein jour,71,71542,2,4,1,1.0,334 Rue de Montagrin,46.69161,4.150713,17:34:00,2024-10-04
202400032454,05:28,Nuit sans éclairage,71,71412,1,1,1,6.0,RD601 PK 4+207,46.730581,4.438241,05:28:00,2024-10-05
202400032455,10:15,Plein jour,47,47143,2,1,1,1.0,avenue du pont de bordes,44.172551,0.290043,10:15:00,2024-10-03
202400032456,05:40,Crépuscule,29,29041,2,6,1,6.0,Rue de Pen Pave,48.05789887,-3.82738806,05:40:00,2024-09-29
202400032457,10:00,Plein jour,50,50487,1,2,1,3.0,Le Blanc Freche,48.529423,-1.394792,10:00:00,2024-10-05
202400032458,16:10,Plein jour,83,83013,1,1,1,7.0,D21,43.756759,6.634905,16:10:00,2024-09-22
202400032459,09:00,Plein jour,60,60150,1,4,5,7.0,D165,49.5494566,2.98688447,09:00:00,2024-10-05
202400032460,17:30,Plein jour,18,18108,2,1,1,3.0,22 Rue de la Libération,46.951198,2.941023,17:30:00,2024-10-04
202400032461,22:45,Nuit sans éclairage,24,24340,1,2,1,3.0,D34,44.868097,0.400507,22:45:00,2024-10-04
202400032462,18:00,Plein jour,17,17397,1,2,1,1.0,Route de Saint Hilaire,45.864702,-0.658622,18:00:00,2024-10-04
202400032463,01:45,Nuit sans éclairage,23,23040,1,1,5,6.0,la Spouze,46.220717,2.194573,01:45:00,2024-10-05
202400032464,17:26,Plein jour,87,87119,2,1,1,3.0,Avenue de Toulouse,45.688363,1.363834,17:26:00,2024-10-04
202400032465,07:53,Crépuscule,88,88075,1,1,8,6.0,Route de Vologne,48.025295,6.959592,07:53:00,2024-10-04
202400032466,18:45,,987,98738,1,9,1,3.0,RT 1 PK 11.200,-17.618,-149.549,18:45:00,2024-10-02
202400032467,08:00,Plein jour,987,98738,1,1,1,3.0,PK 13.500 RT 01,-17.618,-149.549,08:00:00,2024-09-23
202400032468,19:15,Plein jour,33,33321,1,1,1,1.0,Unknown,45.03161,-0.440521,19:15:00,2024-10-04
202400032469,22:30,Nuit sans éclairage,89,89208,1,1,1,2.0,"a6, PK 194.700 sens Lyon-Paris",47.625215,3.907557,22:30:00,2024-10-03
202400032470,00:10,Nuit sans éclairage,51,51282,1,1,1,6.0,A4,49.242532,3.887945,00:10:00,2024-10-05
202400032471,20:24,,83,83023,2,1,1,3.0,1160 Boulevard Bernard Long,43.39955,6.048642,20:24:00,2024-10-04
202400032472,15:00,Plein jour,50,50099,1,1,1,1.0,D971,49.318297,-1.246433,15:00:00,2024-10-04
202400032473,20:49,Nuit sans éclairage,13,13211,1,1,1,4.0,A50-Sens Marseille vers Aubagne,43.28694543,5.43567763,20:49:00,2024-10-04
202400032474,19:17,Crépuscule,91,91161,1,1,1,4.0,AUTOROUTE A126,48.71078,2.29903,19:17:00,2024-10-04
202400032475,01:02,Nuit sans éclairage,91,91521,1,1,1,1.0,AUTOROUTE A6,48.63792367,2.39704728,01:02:00,2024-10-04
202400032476,23:00,Nuit sans éclairage,78,78640,1,1,1,3.0,A86 INT,48.777929,2.217037,23:00:00,2024-10-03
202400032477,18:35,,92,92050,1,1,1,2.0,A14,48.89956451,2.21198236,18:35:00,2024-10-03
202400032478,12:45,Plein jour,92,92012,1,1,1,6.0,A13,48.84854462,2.22835052,12:45:00,2024-10-03
202400032479,18:20,Plein jour,93,93066,1,1,1,2.0,AUTOROUTE A1,48.90396482,2.35877771,18:20:00,2024-10-01
202400032480,00:05,Nuit sans éclairage,93,93064,1,1,1,2.0,AUTOROUTE A86,48.87743609,2.47718096,00:05:00,2024-10-04
202400032481,17:15,Plein jour,95,95018,1,1,1,2.0,A15,48.9603364,2.27113018,17:15:00,2024-10-03
202400032482,14:20,Plein jour,95,95500,1,9,1,5.0,A15,49.03685745,2.09294147,14:20:00,2024-10-03
202400032483,18:30,Plein jour,93,93005,1,1,1,3.0,AUTOROUTE A3,48.93141176,2.48117112,18:30:00,2024-10-02
202400032484,07:35,Crépuscule,95,95572,1,1,1,3.0,N184,49.04851178,2.13475699,07:35:00,2024-10-03
202400032485,16:45,Plein jour,95,95572,1,1,1,2.0,N184,49.04262927,2.12877913,16:45:00,2024-10-02
202400032486,10:45,Plein jour,974,97411,1,6,1,3.0,MACE (BOULEVARD GABRIEL),-20.8767,55.44191,10:45:00,2024-10-03
202400032487,10:00,Plein jour,973,97302,2,1,1,3.0,BADUEL (ROUTE DE),4.93682,-52.31478,10:00:00,2024-10-03
202400032488,06:45,Plein jour,973,97302,2,1,1,5.0,MONTABO (ROUTE DE) 1,4.93665,-52.29696,06:45:00,2024-10-03
202400032489,14:35,Plein jour,973,97302,1,1,1,3.0,ROUTE NATIONALE 1,4.9030685,-52.32430995,14:35:00,2024-10-02