Num_Acc,hrmn,lum,dep,com,agg,int,atm,col,adr,lat,long,heure,date
202400032490,17:00,Plein jour,69,69387,2,1,1,1.0,Boulevard Yves Farge,45.7424,4.83353,17:00:00,2024-10-03
202400032491,04:30,Nuit sans éclairage,55,55570,1,1,1,6.0,D901,48.856721,5.338674,04:30:00,2024-06-23
202400032492,06:30,Plein jour,49,49125,1,1,1,7.0,D960,47.18230719,-0.32002489,06:30:00,2024-06-22
202400032493,10:30,Plein jour,12,12090,1,1,1,7.0,Chemin du bois de l'Ours,44.334792,2.496514,10:30:00,2024-06-23
202400032494,13:30,Plein jour,41,41224,1,1,1,7.0,D106,47.98273,0.948375,13:30:00,2024-06-07
202400032495,15:10,Plein jour,34,34114,2,1,1,6.0,boulevard Saint Louis,43.653202,3.550966,15:10:00,2024-06-19
202400032496,04:00,Nuit avec éclairage,68,68186,2,1,1,6.0,parking rue des tuileries,47.471854,7.303247,04:00:00,2024-06-23
202400032497,16:00,Plein jour,44,44072,1,1,1,3.0,Unknown,47.410968,-2.350642,16:00:00,2024-06-22
202400032498,15:00,Plein jour,44,44007,1,1,1,6.0,rue de redon,47.649012,-1.995692,15:00:00,2024-06-22
202400032499,14:30,Plein jour,29,29047,2,3,1,1.0,rue de Landouzen,48.535575,-4.373019,14:30:00,2024-06-22
202400032500,14:58,Plein jour,29,29170,2,1,1,3.0,Kerrun Nevez,47.958843,-4.161555,14:58:00,2024-06-22
202400032501,16:20,Plein jour,02,02770,1,3,1,5.0,Unknown,49.352917,3.280556,16:20:00,2024-06-22
202400032502,13:25,Plein jour,84,84123,1,1,1,6.0,CD 164 route du mont ventoux,44.115791,5.387737,13:25:00,2024-06-23
202400032503,09:00,Plein jour,01,01304,2,2,8,6.0,intersection D1075/D984,46.04911,5.335767,09:00:00,2024-06-22
202400032504,18:30,Plein jour,01,01216,1,1,1,6.0,D19,45.740385,5.513311,18:30:00,2024-06-23
202400032505,20:45,Plein jour,01,01227,1,1,2,6.0,D992,45.7611,5.715146,20:45:00,2024-06-22
202400032506,12:45,Plein jour,45,45118,1,1,1,3.0,Rue de Montigny,48.086465,2.070107,12:45:00,2024-06-23
202400032507,00:01,,45,45030,2,1,2,6.0,D9 PR 29 + 18,48.062124,2.416279,00:01:00,2024-06-23
202400032508,16:45,Plein jour,64,64313,1,3,1,1.0,RD8,43.276268,-1.107473,16:45:00,2024-06-21
202400032509,00:35,Nuit sans éclairage,24,24587,1,1,1,6.0,D46,44.847837,1.214268,00:35:00,2024-06-22
202400032510,05:00,Nuit sans éclairage,85,85200,1,1,1,6.0,RD45,46.520611,-1.505009,05:00:00,2024-06-23
202400032511,07:15,Crépuscule,85,85022,1,1,2,7.0,la sarazinière,46.461201,-1.455788,07:15:00,2024-06-22
202400032512,01:50,Nuit sans éclairage,85,85051,2,6,1,7.0,RD949B,46.68449,-1.036017,01:50:00,2024-06-23
202400032513,15:55,Plein jour,27,27425,2,1,1,1.0,Rue des Etangs,49.151461,0.720345,15:55:00,2024-06-22
202400032514,10:40,Plein jour,87,87105,1,1,1,6.0,D15 - MOULIN NEUF - PK16.500 vers CHATEAUNEUF-LA-FORET,45.723671,1.608464,10:40:00,2024-06-23
202400032515,10:30,Plein jour,30,30065,1,2,1,3.0,Unknown,43.986886,4.060113,10:30:00,2024-06-21
202400032516,06:45,Crépuscule,30,30274,2,1,1,7.0,Montee des Rosiers,44.177784,4.11828,06:45:00,2024-06-23
202400032517,07:10,Crépuscule,31,31555,1,1,2,6.0,A62,43.649024,1.434254,07:10:00,2024-05-18
202400032518,21:05,Plein jour,04,04242,1,1,1,6.0,A51,43.856239,5.861077,21:05:00,2024-06-22
202400032519,17:20,Plein jour,38,38062,1,1,1,7.0,A41,45.399056,5.992636,17:20:00,2024-06-23
202400032520,12:30,Plein jour,69,69027,2,3,1,3.0,Rue Paul Bovier-Lapierre,45.670489,4.76105,12:30:00,2024-06-23
202400032521,17:50,Plein jour,971,97128,1,1,1,1.0,ROUTE DE BOISVIN A BRAGELONE - SURGY,16.259911,-61.342651,17:50:00,2024-06-22
202400032522,12:34,Plein jour,971,97111,1,1,1,3.0,La Coque,16.281915,-61.803578,12:34:00,2024-06-16
202400032523,18:10,Plein jour,77,77315,2,3,1,3.0,Avenue du Marechal Foch,48.889722,2.827923,18:10:00,2024-06-22
202400032524,12:45,Plein jour,91,91482,1,9,1,3.0,route départementale 24,48.648222,2.043162,12:45:00,2024-06-23
202400032525,02:30,Nuit sans éclairage,2B,2B148,1,1,1,2.0,T11,42.528527,9.455012,02:30:00,2024-06-22
202400032526,17:00,Plein jour,34,34299,1,1,7,2.0,D37e11,43.27387,3.32499,17:00:00,2024-06-18
202400032527,15:45,Plein jour,73,73187,1,1,1,2.0,D213,45.458642,6.397594,15:45:00,2024-06-22
202400032528,16:15,Plein jour,38,38565,2,1,1,3.0,Route de l?Isere,45.290147,5.624367,16:15:00,2024-06-22
202400032529,14:40,Plein jour,01,01301,2,3,1,3.0,Route de Bourg-en-bresse,46.24809,5.136613,14:40:00,2024-06-22
202400032530,10:45,Plein jour,17,17452,1,2,1,5.0,cd 25 intersection rue de la garde,45.775508,-1.164411,10:45:00,2024-06-22
202400032531,16:30,Plein jour,86,86237,2,1,1,6.0,22 Rue Norbert Portejoie,46.149324,0.283359,16:30:00,2024-06-23
202400032532,08:00,Plein jour,53,53099,2,3,1,7.0,Route de Bazougers,48.033169,-0.70438,08:00:00,2024-06-23
202400032533,15:20,Plein jour,50,50025,2,6,1,3.0,Rue du Chaussay,48.671457,-1.32589,15:20:00,2024-06-22
202400032534,18:00,Plein jour,29,29001,1,1,2,3.0,D887,48.22423607,-4.30473461,18:00:00,2024-06-23
202400032535,01:30,Nuit sans éclairage,59,59289,1,1,1,2.0,Route de Valenciennes,50.223268,3.502579,01:30:00,2024-06-23
202400032536,18:00,Plein jour,13,13001,1,1,1,3.0,A51-Sens Marseille vers Aix en Provence,43.52389,5.42696,18:00:00,2024-06-21
202400032537,06:10,Plein jour,13,13026,1,1,1,2.0,A55-Sens Marseille vers Martigues,43.37614702,5.17429736,06:10:00,2024-06-22
202400032538,01:00,Nuit sans éclairage,13,13043,1,1,1,2.0,A55-Sens Martigues vers Marseille,43.39125,5.26537,01:00:00,2024-06-22
202400032539,07:45,Plein jour,33,33013,1,1,2,1.0,Unknown,44.868197,-0.504266,07:45:00,2024-06-22
202400032540,15:10,Plein jour,91,91174,1,1,1,2.0,RN 104,48.61036,2.44431,15:10:00,2024-06-22
202400032541,14:33,Plein jour,78,78466,1,1,1,3.0,A14,48.925514,1.997778,14:33:00,2024-06-21
202400032542,19:45,Plein jour,78,78217,1,1,1,2.0,A13,48.965117,1.818881,19:45:00,2024-06-21
202400032543,16:55,Plein jour,93,93010,1,1,8,2.0,A3,48.90632258,2.47239637,16:55:00,2024-06-21
202400032544,13:50,Plein jour,45,45232,2,1,1,2.0,1444 Rue du Général de Gaulle,47.86698,1.8824,13:50:00,2024-04-22
202400032545,08:10,Plein jour,974,97411,2,9,1,7.0,JAURES (BOULEVARD JEAN),-20.89003,55.4632,08:10:00,2024-06-21
202400032546,14:20,Plein jour,974,97407,2,9,1,3.0,ROMERO(AVENUE),-20.94,55.29,14:20:00,2024-06-20
202400032547,12:26,Plein jour,973,97302,1,1,8,7.0,ROUTE NATIONALE 3,4.90379,-52.31641,12:26:00,2024-06-21
202400032548,21:40,,973,97302,2,2,2,3.0,LUBIN (SAMUEL),4.94266,-52.32417,21:40:00,2024-06-20
202400032549,08:30,Plein jour,69,69383,2,2,3,3.0,Cours Lafayette,45.76355,4.84601,08:30:00,2024-06-21
202400032550,19:15,Plein jour,69,69381,2,1,1,2.0,Rue de la Martinière,45.76822267,4.82928566,19:15:00,2024-06-21
202400032551,20:00,Plein jour,69,69389,2,1,8,2.0,90 Rue de Saint-Cyr,45.78599,4.80805,20:00:00,2024-06-21
202400032552,20:55,Crépuscule,2B,2B120,1,1,1,4.0,LAGUNE (Route de la) D107,42.64864,9.45319,20:55:00,2024-06-20
202400032553,07:20,Plein jour,971,97105,2,2,1,3.0,COURS NOLIVOS ( RUE DU),15.99656619,-61.7316547,07:20:00,2024-06-21
202400032554,10:27,Plein jour,91,91339,2,3,3,4.0,RTE D ORLEANS,48.63524,2.26609,10:27:00,2024-06-21
202400032555,18:25,Plein jour,91,91191,2,1,1,3.0,REMONTERU (RUE),48.72054,2.45804,18:25:00,2024-06-21
202400032556,13:00,Plein jour,91,91421,1,9,2,2.0,NATIONALE 6 (REVEIL MATIN),48.71183,2.44211,13:00:00,2024-06-21
202400032557,22:30,Crépuscule,91,91027,2,6,1,6.0,AV MARCEL SEMBAT,48.7087,2.383,22:30:00,2024-06-21
202400032558,12:40,Plein jour,91,91174,2,1,3,2.0,BD JEAN JAURES,48.61131,2.46103,12:40:00,2024-06-21
202400032559,22:05,,89,89387,2,9,8,6.0,BARBIER (ROND POINT),48.20529,3.27754,22:05:00,2024-06-21
202400032560,15:50,Plein jour,94,94017,2,1,1,6.0,Voie Sonia Delaunay,48.81262946,2.53186208,15:50:00,2024-11-09
202400032561,12:25,Plein jour,87,87085,2,1,1,6.0,CHENIEUX (RUE FRANCOIS),45.83694,1.2574,12:25:00,2024-06-20
202400032562,02:45,,77,77291,2,1,2,7.0,CHAPIT RE ( RUE DU),49.00498392,2.59222984,02:45:00,2024-11-09
202400032563,01:20,Nuit sans éclairage,93,93013,2,6,1,6.0,LINDBERGH (CARREFOUR),48.94320427,2.43275428,01:20:00,2024-11-09
202400032564,18:36,Plein jour,84,84035,2,3,1,6.0,DIX NEUF MARS 1962 (RUE DU),43.84182,5.03995,18:36:00,2024-06-21
202400032565,00:35,,93,93029,2,3,1,1.0,VICTOR HUGO,48.9363,2.45125,00:35:00,2024-11-09
202400032566,01:10,,83,83126,2,2,1,1.0,MERLE (BD TOUSSAINT),43.10125092,5.8841157,01:10:00,2024-06-22
202400032567,19:40,,93,93057,2,1,1,6.0,LECLERC (AV. DU GENERAL),48.91048,2.49756,19:40:00,2024-11-09
202400032568,01:50,Nuit sans éclairage,82,82033,1,1,1,3.0,Route de Toulouse,44.02244,1.15377,01:50:00,2024-06-22
202400032569,00:48,,92,92063,2,1,1,7.0,DOUMER (AVENUE PAUL) EST,48.87878187,2.1777463,00:48:00,2024-11-09
202400032570,10:00,Plein jour,80,80021,2,1,1,3.0,Rue Jean Moulin,49.8818,2.27887,10:00:00,2024-06-21
202400032571,21:40,,92,92036,2,1,1,1.0,GRESILLONS (QUAI DES),48.92042426,2.32387573,21:40:00,2024-11-08
202400032572,12:15,Plein jour,78,78551,2,1,2,6.0,CROIX DE FER (DE LA),48.898547,2.062372,12:15:00,2024-06-21
202400032573,19:05,Nuit sans éclairage,92,92025,2,1,1,6.0,PAUL BERT (RUE),48.92999576,2.24579807,19:05:00,2024-11-09
202400032574,11:20,Plein jour,78,78029,2,1,2,6.0,BERTIN (BOULEVARD),48.974034,1.844424,11:20:00,2024-06-21
202400032575,11:35,Plein jour,78,78138,2,1,2,6.0,LEGRAND (RUE EDOUARD),48.97515,2.02959,11:35:00,2024-06-21
202400032576,20:50,,92,92012,2,2,1,1.0,JEAN JAURES (BOULEVARD) 1/61 - COTE IMPA,48.84199245,2.23878667,20:50:00,2024-11-08
202400032577,14:00,Plein jour,77,77407,1,1,2,3.0,D607,48.544849,2.513025,14:00:00,2024-06-21
202400032578,04:20,Nuit sans éclairage,77,77276,1,1,2,6.0,A 140,48.91413,2.87969,04:20:00,2024-06-21
202400032579,15:20,Plein jour,92,92004,2,2,1,3.0,ARGENTEUIL AV D',48.91719055,2.28190647,15:20:00,2024-11-09
202400032580,12:45,Plein jour,76,76447,2,1,1,7.0,Avenue Maréchal Foch,49.533144,0.189042,12:45:00,2024-06-20
202400032581,16:30,Plein jour,92,92004,2,2,1,3.0,LAURENT-CELY  ( AVENUE ),48.91552251,2.30954379,16:30:00,2024-11-05
202400032582,14:15,Plein jour,76,76351,2,1,1,6.0,HOTEL DE VILLE (PLACE DE),49.49426,0.10935,14:15:00,2024-06-20
202400032583,15:40,Plein jour,76,76351,2,1,1,3.0,DEMIDOFF (RUE),49.497295,0.129922,15:40:00,2024-06-20
202400032584,20:25,,59,59594,2,1,5,2.0,39 Rue Alphonse Dussart,50.491194,3.451116,20:25:00,2024-11-09
202400032585,16:20,Plein jour,73,73011,2,4,1,3.0,VILLARD (CHEMIN DU),45.67461945,6.37300104,16:20:00,2024-06-07
202400032586,19:20,Nuit sans éclairage,76,76556,1,1,5,1.0,770 Route des Côtières,49.543183,0.468142,19:20:00,2024-11-08
202400032587,08:30,Plein jour,72,72181,2,1,2,6.0,GASTELIER (RUE),47.99646,0.1945,08:30:00,2024-06-21
202400032588,18:30,Nuit avec éclairage,86,86092,2,1,1,6.0,Place de la Promenade,46.93687,0.605959,18:30:00,2024-11-08
202400032589,18:55,Plein jour,72,72181,2,1,1,2.0,MAC JEAN (AV) N° PAIRS 106 A 216,47.979,0.225,18:55:00,2024-06-20
202400032590,03:55,Nuit sans éclairage,41,41194,1,1,8,1.0,Route de Langon,47.329076,1.775537,03:55:00,2024-11-10
202400032591,16:30,Plein jour,06,06161,2,1,1,6.0,2575 Boulevard Nationale 7,43.627005,7.132507,16:30:00,2024-11-06
202400032592,07:37,Plein jour,72,72181,2,6,1,3.0,WILBUR WRIGHT (RUE),48.00776,0.19865,07:37:00,2024-06-20
202400032593,13:30,Plein jour,86,86070,2,1,1,7.0,Rue d'Artiges,46.573714,0.628374,13:30:00,2024-11-10
202400032594,14:15,Plein jour,41,41123,1,9,1,3.0,D917,47.818183,1.403302,14:15:00,2024-11-09
202400032595,23:00,,71,71270,2,3,1,1.0,BIGONNET (RUE),46.30044195,4.82429489,23:00:00,2024-06-21
202400032596,07:30,Plein jour,83,83057,1,1,1,6.0,Dn7,43.382719,6.181473,07:30:00,2024-11-10
202400032597,00:05,Nuit sans éclairage,19,19217,1,1,2,6.0,route de saint-julien,45.036398,1.719897,00:05:00,2024-11-10
202400032598,17:50,Plein jour,71,71076,2,3,1,3.0,BOUCICAUT (AVENUE),46.78954,4.83403,17:50:00,2024-06-21
202400032599,16:19,Plein jour,56,56185,1,3,1,3.0,Rue des Daphnees,47.784247,-3.448994,16:19:00,2024-11-09
202400032600,18:00,Plein jour,69,69266,2,1,1,4.0,Rue Yvonne Chanu,45.75364162,4.90864505,18:00:00,2024-06-21
202400032601,23:45,Nuit sans éclairage,56,56179,2,1,1,6.0,Rue du Général de Gaulle,47.833944,-3.410847,23:45:00,2024-11-08
202400032602,13:10,Plein jour,69,69290,2,1,2,2.0,Route de Grenoble,45.71524,4.9629,13:10:00,2024-06-21
202400032603,13:30,Plein jour,79,79157,1,1,1,7.0,Unknown,47.006591,-0.203417,13:30:00,2024-11-10
202400032604,16:15,Plein jour,64,64348,2,1,1,2.0,CHARLES DE GAULLE,43.308,-0.407,16:15:00,2024-06-21
202400032605,09:30,Plein jour,69,69018,2,3,1,6.0,Rue de la République,46.15599,4.58466,09:30:00,2024-11-09
202400032606,02:40,,64,64024,2,6,1,7.0,BAHINOS (ROND POINT DE),43.4942,-1.51817,02:40:00,2024-06-22
202400032607,11:00,Plein jour,63,63453,2,3,1,3.0,D4,45.769169,3.280722,11:00:00,2024-11-10
202400032608,20:15,Plein jour,64,64102,2,1,2,7.0,BARTHES (CHEMIN DES),43.49884,-1.49342,20:15:00,2024-06-20
202400032609,05:15,Nuit sans éclairage,76,76255,1,1,1,6.0,D258,50.06813929,1.4435935,05:15:00,2024-11-10
202400032610,09:55,Plein jour,63,63300,1,1,2,7.0,RD 2009,45.89634657,3.14003259,09:55:00,2024-06-21
202400032611,13:25,Plein jour,61,61145,1,1,1,7.0,D976,48.579748,-0.618508,13:25:00,2024-11-10
202400032612,20:00,Nuit sans éclairage,61,61275,1,1,5,6.0,D50 PR11+920,48.692886,0.273558,20:00:00,2024-11-08
202400032613,19:30,Plein jour,61,61001,2,2,1,3.0,Voie Communale,48.427813,0.072098,19:30:00,2024-06-21
202400032614,11:20,Plein jour,61,61194,1,1,5,2.0,D15 PR10+330,48.771308,-0.144731,11:20:00,2024-11-09
202400032615,09:50,Plein jour,60,60159,2,1,3,3.0,Avenue Marcelin Berthelot,49.38963,2.78734,09:50:00,2024-06-21
202400032616,08:25,Plein jour,61,61153,1,1,5,6.0,D924,48.723259,-0.058155,08:25:00,2024-11-09
202400032617,16:15,Crépuscule,59,59636,2,1,1,6.0,BONDUES RUE DE,50.69714,3.06329,16:15:00,2024-06-20
202400032618,14:46,Plein jour,55,55498,1,1,5,6.0,D21,49.026529,5.294445,14:46:00,2024-11-10
202400032619,10:30,Plein jour,59,59350,2,1,1,2.0,Boulevard Montebello,50.62261,3.04438,10:30:00,2024-06-20
202400032620,20:00,Nuit sans éclairage,49,49261,1,1,8,5.0,D69,47.306735,-0.246549,20:00:00,2024-11-08
202400032621,19:30,Nuit sans éclairage,12,12145,1,1,1,6.0,D809 - PR 53+300,44.090509,3.124774,19:30:00,2024-11-09
202400032622,22:50,,59,59009,2,4,1,3.0,BLASON RUE DU,50.624031,3.123378,22:50:00,2024-06-16
202400032623,15:20,Plein jour,42,42276,1,1,1,6.0,Route de Noiretable,45.925886,3.783202,15:20:00,2024-11-10
202400032624,14:05,Plein jour,56,56121,2,6,1,1.0,Rond-point du Nouveau-Brunswick,47.74446,-3.3954,14:05:00,2024-06-20
202400032625,07:00,Crépuscule,42,42097,1,4,1,6.0,Allée du Haut Rollet,45.518801,4.28396,07:00:00,2024-11-10
202400032626,06:50,Nuit sans éclairage,35,35354,1,1,1,6.0,D91,48.490452,-1.542764,06:50:00,2024-11-10
202400032627,15:35,Plein jour,51,51454,2,1,8,4.0,ROEDERER (BOULEVARD LOUIS),49.255306,4.021165,15:35:00,2024-06-21
202400032628,21:20,,02,02422,2,1,1,7.0,Unknown,49.930443,3.62308,21:20:00,2024-11-09
202400032629,16:00,Plein jour,01,01068,2,3,1,6.0,Rue des Terreaux,46.079981,5.463998,16:00:00,2024-11-10
202400032630,15:50,Plein jour,51,51454,2,1,2,7.0,REPUBLIQUE (PLACE DE LA),49.26128,4.02921,15:50:00,2024-06-21
202400032631,22:00,,01,01304,2,1,1,5.0,Rue Antoine de Saint Exupery,46.052986,5.335069,22:00:00,2024-11-09
202400032632,19:50,Plein jour,51,51230,2,1,1,6.0,MIDDELKERKE (AVENUE),49.03698,3.97071,19:50:00,2024-06-19
202400032633,19:40,Nuit sans éclairage,14,14571,2,4,9,6.0,325 Chemin de la Croix Rocher,49.094156,0.310047,19:40:00,2024-11-09
202400032634,06:00,Crépuscule,49,49007,2,6,1,3.0,GATS,47.47428,-0.5158,06:00:00,2024-06-21
202400032635,23:54,Nuit avec éclairage,14,14287,2,1,2,6.0,5 Rue Albert 1er,49.137498,-0.25076,23:54:00,2024-11-09
202400032636,20:35,,50,50484,2,1,1,6.0,39 Rue de la Richardière,48.572392,-1.09443,20:35:00,2024-11-09
202400032637,22:10,Nuit avec éclairage,44,44184,2,6,8,3.0,Boulevard du Docteur René Laënnec,47.2665,-2.24039,22:10:00,2024-06-21
202400032638,15:40,Plein jour,50,50379,1,1,8,7.0,Besné,48.749837,-1.19369,15:40:00,2024-11-10
202400032639,13:50,Plein jour,38,38185,2,9,2,3.0,AVENUE MALHERBE,45.17005,5.73736,13:50:00,2024-06-21
202400032640,12:00,Plein jour,09,09189,1,1,2,1.0,ROUTE NATIONALE 20,42.621644,1.82225,12:00:00,2024-11-10
202400032641,18:45,Plein jour,37,37261,2,6,2,3.0,GANCE (BOULEVARD ABEL),47.43003,0.70531,18:45:00,2024-06-20
202400032642,01:00,Nuit sans éclairage,73,73124,1,1,1,6.0,chemin du marais,45.654128,6.355848,01:00:00,2024-11-09
202400032643,09:30,Plein jour,34,34108,1,1,1,2.0,BALARUC (ROUTE DE),43.44827,3.7378,09:30:00,2024-06-21
202400032644,14:21,Plein jour,73,73300,2,1,1,6.0,D1201 - Boulevard jean charcot,45.688951,5.89572,14:21:00,2024-11-10
202400032645,07:35,Plein jour,34,34172,2,1,1,6.0,GARRATS (AVENUE DES),43.61152,3.83895,07:35:00,2024-06-21
202400032646,23:10,Nuit sans éclairage,53,53147,2,3,1,3.0,Boulevard Anatole France,48.29566328,-0.61579479,23:10:00,2024-11-08
202400032647,18:55,Plein jour,33,33318,2,1,1,6.0,Unknown,44.80987,-0.62955,18:55:00,2024-06-21
202400032648,20:00,Plein jour,33,33318,2,2,1,3.0,Unknown,44.79073,-0.67308,20:00:00,2024-06-21
202400032649,18:55,Plein jour,33,33162,2,3,1,3.0,Unknown,44.88749,-0.64273,18:55:00,2024-06-21
202400032650,12:50,Plein jour,17,17459,1,2,1,4.0,D939,45.908909,-0.424958,12:50:00,2024-11-09
202400032651,05:45,Nuit sans éclairage,37,37250,1,1,1,6.0,L?Ocliniere,47.200305,0.664549,05:45:00,2024-11-09
202400032652,21:45,Crépuscule,30,30189,2,1,1,3.0,JAURES JEAN (BOULEVARD),43.82597,4.35341,21:45:00,2024-06-11
202400032653,23:24,Nuit avec éclairage,37,37214,1,1,1,6.0,m37,47.425039,0.635501,23:24:00,2024-11-08
202400032654,20:40,Plein jour,28,28134,2,9,1,7.0,POTEZ (RUE HENRY),48.74814,1.34603,20:40:00,2024-06-21
202400032655,05:20,,52,52423,2,1,5,6.0,Rue de la Gare,48.263887,5.332061,05:20:00,2024-11-10
202400032656,11:50,Plein jour,27,27681,1,1,1,1.0,QUEUE D'HAYE (RUE DE LA ),49.12556,1.53235,11:50:00,2024-06-21
202400032657,18:40,,38,38193,2,6,1,2.0,Rue des Sayes,45.612863,5.230147,18:40:00,2024-11-09
202400032658,13:00,Plein jour,27,27701,2,2,1,3.0,FALAISES (RUE DES),49.26486,1.20076,13:00:00,2024-06-21
202400032659,18:00,Plein jour,27,27229,2,1,1,6.0,CHATEAUBRIAND (RUE),49.0082,1.16022,18:00:00,2024-06-19
202400032660,20:35,Nuit sans éclairage,973,97309,1,1,1,1.0,D23,4.894065,-52.290973,20:35:00,2024-11-09
202400032661,12:10,Plein jour,26,26281,1,6,1,3.0,Bd Etienne-Jean Lapassat,45.05578,5.07171,12:10:00,2024-06-21
202400032662,08:59,Plein jour,22,22113,2,1,2,7.0,MENDES FRANCE (BOULEVARD),48.7295,-3.47492,08:59:00,2024-06-18
202400032663,20:00,Nuit sans éclairage,06,06029,1,1,2,5.0,autoroute A8 PK 160.700 NORD,43.561393,6.969366,20:00:00,2024-11-09
202400032664,08:42,Plein jour,18,18033,1,9,8,7.0,Unknown,47.05767,2.33932,08:42:00,2024-06-18
202400032665,18:15,Plein jour,13,13212,2,1,1,3.0,ENCO DE BOTTE (RTE),43.312845,5.46475,18:15:00,2024-06-21
202400032666,00:30,Nuit sans éclairage,21,21390,1,1,5,5.0,A311,47.265878,5.034678,00:30:00,2024-11-10
202400032667,23:24,,13,13216,2,1,1,6.0,JEAN LABRO (BOULEVARD),43.35497,5.34126,23:24:00,2024-06-20
202400032668,03:15,,27,27332,1,9,1,6.0,"Autoroute A13, Péage Heudebouville, PK090.000",49.191505,1.23259,03:15:00,2024-11-10
202400032669,23:24,Nuit sans éclairage,13,13215,2,2,1,3.0,SAINT LOUIS (AVENUE DE),43.34767,5.35906,23:24:00,2024-06-20
202400032670,15:35,Plein jour,11,11262,2,6,1,3.0,Unknown,43.193137,2.980236,15:35:00,2024-06-21
202400032671,09:30,Plein jour,91,91249,1,1,2,2.0,A10 direction la province point kilométrique 011.700,48.60460324,2.07966438,09:30:00,2024-11-10
202400032672,14:15,Plein jour,971,97126,1,1,1,1.0,Lieu Dit Vieux Fort,15.988955,-61.300149,14:15:00,2024-11-09
202400032673,21:38,Plein jour,10,10387,2,2,1,6.0,Boulevard Blanqui,48.30505,4.05315,21:38:00,2024-06-21
202400032674,15:10,Plein jour,66,66088,1,1,1,1.0,D21,42.701306,2.615615,15:10:00,2024-11-10
202400032675,19:20,Plein jour,06,06029,2,2,1,7.0,75 Boulevard de la Croisette,43.547167,7.03169,19:20:00,2024-06-21
202400032676,19:50,Nuit sans éclairage,66,66180,2,1,1,6.0,impasse benjamin franklin,42.766788,2.98135,19:50:00,2024-11-10
202400032677,17:42,Plein jour,06,06123,2,1,1,5.0,Contre Allée du Commandant Jouhaud,43.68,7.18974,17:42:00,2024-06-20
202400032678,10:55,Plein jour,34,34023,2,1,2,6.0,Rue du Mont Saint Clair,43.436701,3.675624,10:55:00,2024-11-09
202400032679,17:50,Nuit sans éclairage,34,34146,2,1,1,7.0,Route de Lansargues,43.66956,4.088951,17:50:00,2024-11-10
202400032680,11:30,Plein jour,04,04070,2,1,1,4.0,NOEL (AV. DU COL.),44.08442,6.20705,11:30:00,2024-06-21
202400032681,03:45,Nuit sans éclairage,83,83071,1,1,1,6.0,Route Departementale No.559 A,43.126292,6.200978,03:45:00,2024-11-10
202400032682,23:40,,75,75104,2,3,1,6.0,RUE DE RIVOLI,48.85742,2.35191,23:40:00,2024-06-20
202400032683,17:30,,52,52447,2,9,1,6.0,4 Rue Saint Cyr,47.885947,5.252586,17:30:00,2024-11-10
202400032684,10:30,Plein jour,75,75120,2,3,2,2.0,RUE DE BELLEVILLE,48.873373,2.382626,10:30:00,2024-06-21
202400032685,16:45,Plein jour,42,42214,2,1,1,1.0,Route de Maringes,45.664041,4.307199,16:45:00,2024-11-10
202400032686,06:00,Crépuscule,75,75119,2,1,1,6.0,AVENUE DE LA PORTE DU PRE SAINT GERVAIS,48.879176,2.401768,06:00:00,2024-06-20
202400032687,01:30,Nuit sans éclairage,31,31451,1,1,2,2.0,"D622 route de Castres, Couffinal",43.463753,2.007603,01:30:00,2024-11-10
202400032688,18:45,Nuit sans éclairage,40,40114,1,1,1,6.0,Route de Laluque,43.809067,-1.041362,18:45:00,2024-11-09
202400032689,19:12,Plein jour,75,75118,2,2,1,1.0,IMPASSE DU GUE,48.89710451,2.35921204,19:12:00,2024-06-21
202400032690,18:15,Nuit sans éclairage,76,76116,1,1,5,7.0,D13,49.363653,1.206972,18:15:00,2024-11-09
202400032691,13:20,Plein jour,75,75114,2,1,1,6.0,BOULEVARD JOURDAN,48.822576,2.328885,13:20:00,2024-06-20
202400032692,21:15,,60,60103,2,1,1,6.0,Rue du Petit Chantilly,49.411015,2.241243,21:15:00,2024-11-09
202400032693,18:15,Plein jour,75,75113,2,3,1,6.0,RUE JEANNE D ARC,48.833248,2.363755,18:15:00,2024-06-21
202400032694,21:12,Crépuscule,75,75108,2,1,1,3.0,PONT DES INVALIDES,48.86423,2.3104,21:12:00,2024-06-21
202400032695,09:30,Plein jour,59,59044,1,1,8,1.0,Rue de Tournai,50.607911,3.267553,09:30:00,2024-11-10
202400032696,12:40,Plein jour,75,75108,2,3,2,6.0,AVENUE DES CHAMPS ELYSEES,48.873096,2.297397,12:40:00,2024-06-21
202400032697,20:00,Nuit sans éclairage,38,38087,1,1,1,3.0,A7,45.58217,4.801518,20:00:00,2024-11-08
202400032698,10:55,Plein jour,75,75107,2,3,2,7.0,RUE DE BABYLONE,48.851684,2.324787,10:55:00,2024-06-21
202400032699,18:30,Nuit sans éclairage,92,92002,1,1,1,4.0,AUTOROUTE A10,48.73429498,2.3143065,18:30:00,2024-11-09
202400032700,01:15,,75,75107,2,1,1,3.0,QUAI D ORSAY,48.862854,2.31689,01:15:00,2024-06-21
202400032701,17:00,,94,94034,1,1,1,2.0,A86,48.75858429,2.32546118,17:00:00,2024-11-09