Num_Acc,hrmn,lum,dep,com,agg,int,atm,col,adr,lat,long,heure,date
202400032702,14:10,Plein jour,75,75103,2,3,2,7.0,RUE BEAUBOURG,48.861202,2.353481,14:10:00,2024-06-21
202400032703,08:30,Plein jour,91,91689,1,9,5,3.0,AUTOROUTE A6B,48.749,2.327,08:30:00,2024-11-09
202400032704,19:05,Plein jour,94,94081,2,1,1,5.0,Avenue du President Salvador Allende,48.79527373,2.40552829,19:05:00,2024-06-21
202400032705,02:30,Nuit avec éclairage,93,93066,1,1,1,6.0,AUTOROUTE A86,48.92256319,2.35502741,02:30:00,2024-11-09
202400032706,14:45,Plein jour,94,94081,2,3,1,3.0,Rue Waldeck Rousseau / Rue Pasteur,48.80093409,2.40563062,14:45:00,2024-06-21
202400032707,12:30,Plein jour,974,97411,2,1,1,5.0,TOPAZES(ALLEE DES),-20.90056,55.44315,12:30:00,2024-11-08
202400032708,12:15,Plein jour,94,94068,2,2,2,1.0,Avenue Gambetta / Avenue Barbès,48.79774,2.49161,12:15:00,2024-06-21
202400032709,12:40,Plein jour,974,97411,2,1,1,3.0,CHAUDRON (BLD 2 DU),-20.88997,55.49077,12:40:00,2024-11-08
202400032710,08:15,Plein jour,974,97411,2,9,1,1.0,JAURES (BOULEVARD JEAN),-20.89922,55.479,08:15:00,2024-11-08
202400032711,20:40,Plein jour,94,94042,2,2,1,3.0,Boulevard de l'Europe / Avenue du President Kennedy,48.814916,2.463181,20:40:00,2024-06-20
202400032712,15:30,Plein jour,974,97409,1,1,1,3.0,RN2 SENS STE SUZANNE ST BENOIT,-20.95242,55.65603,15:30:00,2024-11-07
202400032713,13:10,Plein jour,94,94052,2,1,1,3.0,Avenue Kléber,48.833029,2.49402,13:10:00,2024-06-20
202400032714,09:00,Plein jour,71,71422,1,2,5,3.0,D18,46.695944,4.761431,09:00:00,2024-12-14
202400032715,17:00,Crépuscule,71,71416,2,1,2,6.0,417 Rue de Boye,46.470254,4.777749,17:00:00,2024-10-31
202400032716,14:00,Plein jour,974,97407,2,3,1,3.0,ROUTE DU SACRE COEUR,-20.95688,55.31404,14:00:00,2024-11-08
202400032717,15:20,Plein jour,94,94046,2,2,1,3.0,Avenue de la République / Avenue Léon Blum,48.80276,2.43408,15:20:00,2024-06-21
202400032718,11:45,Plein jour,34,34332,2,4,1,6.0,chemin des claux,43.310056,3.41783,11:45:00,2024-12-14
202400032719,17:00,Plein jour,973,97302,2,6,1,6.0,MANDELA  (BOULEVARD),4.93735764,-52.32591963,17:00:00,2024-11-08
202400032720,07:10,Plein jour,94,94065,1,2,2,3.0,Rue des Claires / Quai de Lorient,48.75554,2.35276,07:10:00,2024-06-21
202400032721,23:45,Nuit sans éclairage,68,68135,1,6,1,1.0,CD105,47.582084,7.520871,23:45:00,2024-12-15
202400032722,13:00,Plein jour,973,97302,2,1,1,3.0,JADFARD (RENE),4.93502,-52.3292,13:00:00,2024-11-08
202400032723,21:36,Nuit sans éclairage,44,44153,1,1,1,7.0,Unknown,47.694498,-1.449922,21:36:00,2024-12-14
202400032724,07:45,Plein jour,973,97302,2,1,1,7.0,BADUEL (ROUTE DE),4.9279,-52.29209,07:45:00,2024-11-08
202400032725,05:55,Plein jour,94,94033,2,3,8,3.0,Avenue de Lattre de Tassigny / Rue des Marais,48.85762,2.49159,05:55:00,2024-06-21
202400032726,17:23,Crépuscule,44,44163,1,1,1,6.0,Route d'Ancenis,47.380321,-1.116958,17:23:00,2024-12-13
202400032727,04:50,Nuit sans éclairage,973,97302,1,6,1,7.0,MARINGOUINS (ROND-POINT),4.90767106,-52.32238412,04:50:00,2024-11-08
202400032728,11:55,Plein jour,29,29026,1,1,2,6.0,Route de Pleyben,48.2061343,-4.07389592,11:55:00,2024-12-14
202400032729,00:10,,94,94033,2,2,1,3.0,Place des Larris / Rue Jean-pierre Timbaud,48.85571,2.4764,00:10:00,2024-06-21
202400032730,07:30,Crépuscule,972,97213,1,1,2,7.0,ROUTE DEPARTEMENTALE 3,14.59004,-61.0233,07:30:00,2024-11-08
202400032731,06:52,Nuit sans éclairage,29,29069,1,1,8,7.0,D105,48.41026054,-4.55407875,06:52:00,2024-12-16
202400032732,09:35,Plein jour,94,94011,2,1,2,3.0,Quai du Rancy,48.77695852,2.48876381,09:35:00,2024-06-21
202400032733,00:42,,2B,2B033,2,1,8,6.0,11 - RT,42.68545,1.407665,00:42:00,2024-11-09
202400032734,03:45,Nuit sans éclairage,29,29173,1,6,1,6.0,Rond-Point Laennec,48.014414,-4.204619,03:45:00,2024-12-12
202400032735,21:45,Nuit sans éclairage,14,14527,1,1,2,6.0,420 Route de Paris,49.13174421,-0.04161447,21:45:00,2024-12-14
202400032736,14:00,Plein jour,94,94028,2,1,1,4.0,Rue du Général Leclerc,48.78857,2.46712,14:00:00,2024-06-20
202400032737,15:30,Plein jour,971,97101,2,2,1,3.0,DE MARIE GALANTE - RAIZET (RUE),16.25449663,-61.53024763,15:30:00,2024-11-08
202400032738,23:48,Nuit sans éclairage,14,14136,1,1,2,6.0,D514,49.34528,-1.07605,23:48:00,2024-12-15
202400032739,08:30,Plein jour,93,93078,2,2,3,3.0,LECLERC (AVENUE DU GENERAL),48.9487149,2.56073445,08:30:00,2024-06-21
202400032740,15:10,Plein jour,90,90015,2,3,1,1.0,16 Route de Montbéliard,47.59606995,6.85999095,15:10:00,2024-12-16
202400032741,21:52,Nuit sans éclairage,91,91339,1,9,2,2.0,RTE D ORLEANS,48.61994,2.25878,21:52:00,2024-11-08
202400032742,02:30,,93,93064,2,6,1,6.0,Boulevard Gabriel Péri / Rue Jules Ferry,48.877398,2.475333,02:30:00,2024-06-21
202400032743,15:15,Plein jour,60,60508,1,1,1,7.0,Route du Mont-Pagnotte (Chemin),49.282954,2.639731,15:15:00,2024-12-15
202400032744,17:30,Crépuscule,07,07112,1,1,1,6.0,Cascade de la Pissarelle (Chute d'eau),44.74358201,4.29827939,17:30:00,2024-12-15
202400032745,15:55,Plein jour,91,91021,2,3,1,3.0,BD JEAN JAURES,48.5888,2.24553,15:55:00,2024-11-08
202400032746,18:50,Plein jour,93,93049,2,2,1,3.0,Avenue de l’Ouest / Avenue Daniel Perdrigé,48.87437,2.50676,18:50:00,2024-06-21
202400032747,11:20,Plein jour,91,91691,2,1,8,6.0,PIERRE LOTI(RUE),48.71367,2.48936,11:20:00,2024-11-08
202400032748,17:45,Crépuscule,40,40310,1,1,1,1.0,route de tosse,43.7293643,-1.34564414,17:45:00,2024-12-15
202400032749,08:15,Plein jour,93,93050,2,2,2,3.0,Avenue du Maréchal Leclerc / Avenue de Verdun,48.85956,2.53738,08:15:00,2024-06-21
202400032750,07:20,Crépuscule,17,17026,1,1,5,7.0,D134,45.837022,-0.424647,07:20:00,2024-12-16
202400032751,17:40,,91,91027,2,1,2,1.0,RTE NATIONALE 7,48.70142,2.37172,17:40:00,2024-11-08
202400032752,17:45,Plein jour,93,93048,2,2,1,6.0,Rue de Paris / Rue Marceau,48.85619051,2.42570043,17:45:00,2024-06-20
202400032753,09:33,Plein jour,17,17344,2,4,1,3.0,Avenue de Saintes,45.846548,-0.532579,09:33:00,2024-12-15
202400032754,15:22,Plein jour,91,91433,1,6,5,3.0,ROND POINT RD20-RD 207-A,48.45842,2.17649,15:22:00,2024-11-08
202400032755,09:15,Plein jour,93,93032,2,3,1,3.0,Rue Aristide Briand / Rue Georges Remond,48.87676,2.53138,09:15:00,2024-06-20
202400032756,07:55,,17,17347,2,1,1,7.0,Faubourg de Niort,45.948434,-0.516867,07:55:00,2024-12-16
202400032757,09:20,Plein jour,93,93007,2,9,3,3.0,Avenue Paul Vaillant Couturier,48.92518101,2.46478647,09:20:00,2024-06-21
202400032758,09:30,Plein jour,91,91223,2,2,8,3.0,MAI 1945 (AVENUE DU 8),48.44146,2.14996,09:30:00,2024-11-08
202400032759,09:15,Plein jour,17,17340,1,1,7,2.0,D911,46.060243,-0.800106,09:15:00,2024-12-16
202400032760,17:35,Plein jour,92,92078,2,1,1,2.0,CHARLES DE GAULLE (BD)(72 AU 308),48.9429702,2.31740785,17:35:00,2024-06-21
202400032761,15:40,Plein jour,23,23030,2,9,1,7.0,Route de Limoges,45.952925,1.745367,15:40:00,2024-12-13
202400032762,18:40,,87,87085,2,2,1,6.0,BERTHELOT (AVENUE),45.83607408,1.25060499,18:40:00,2024-11-07
202400032763,18:41,Plein jour,92,92033,2,1,2,6.0,DOCTEUR DEBAT,48.85190118,2.19734753,18:41:00,2024-06-20
202400032764,12:44,Plein jour,52,52124,1,1,5,6.0,D271,47.86914134,5.67289564,12:44:00,2024-12-16
202400032765,15:45,Plein jour,92,92062,2,1,2,2.0,DE DION BOUTON (QUAI) DU 29 AU 65,48.88144801,2.24639368,15:45:00,2024-06-21
202400032766,09:50,Plein jour,85,85194,2,6,1,3.0,Rue des plesses,46.4928,-1.74766,09:50:00,2024-11-07
202400032767,14:00,Plein jour,30,30036,2,1,1,6.0,Rue du Lavoir,43.766212,4.28619,14:00:00,2024-12-15
202400032768,18:10,Plein jour,92,92051,2,3,1,3.0,AMIRAL FOURNIER (RUE DE),48.88429193,2.26969537,18:10:00,2024-06-21
202400032769,05:30,Nuit sans éclairage,978,97801,2,1,1,1.0,"RN7, Savane",18.097887,-63.065611,05:30:00,2024-12-14
202400032770,00:05,,84,84007,2,2,1,3.0,C.DE GAULLE (ROCADE),43.93404,4.83196,00:05:00,2024-11-09
202400032771,12:00,Plein jour,92,92012,2,1,1,6.0,THIERS (RUE) 67/FIN - 84/FIN,48.83183933,2.25217438,12:00:00,2024-06-21
202400032772,17:50,Crépuscule,84,84007,2,1,1,6.0,MARIUS JOUVEAU (RUE),43.93191,4.80562,17:50:00,2024-11-07
202400032773,02:25,Nuit sans éclairage,79,79048,1,1,1,2.0,Unknown,46.339788,-0.312295,02:25:00,2024-12-14
202400032774,04:10,Nuit sans éclairage,974,97415,1,1,1,6.0,N1a,-21.017364,55.253881,04:10:00,2024-06-22
202400032775,15:01,Plein jour,54,54597,1,1,1,7.0,D904,48.435944,6.167743,15:01:00,2024-06-01
202400032776,13:40,Plein jour,84,84007,2,1,1,2.0,TARASCON (AVENUE DE),43.92493,4.80944,13:40:00,2024-11-07
202400032777,11:15,Plein jour,68,68218,1,1,1,4.0,A36 PK 001.100 sens MULHOUSE?BEAUNE,47.743883,7.258787,11:15:00,2024-12-16
202400032778,12:10,Plein jour,86,86182,2,1,1,1.0,Lieu Dit la Folie,46.881327,0.317991,12:10:00,2024-06-22
202400032779,23:55,Nuit sans éclairage,64,64130,1,1,1,6.0,"A63, PK 204.6, sens France /Espagne",43.34105681,-1.73523277,23:55:00,2024-12-15
202400032780,13:45,Plein jour,83,83137,2,2,1,3.0,STRASBOURG (BD DE ),43.12517,5.93103,13:45:00,2024-11-08
202400032781,00:25,Nuit sans éclairage,66,66145,1,1,1,4.0,A9 PK260 sens France / Espagne,42.62065996,2.8559196,00:25:00,2024-06-22
202400032782,22:00,Nuit sans éclairage,63,63113,1,1,1,7.0,A711 PK001+000,45.773484,3.142251,22:00:00,2024-12-15
202400032783,12:45,Plein jour,83,83137,2,3,1,3.0,DEMOCRATIE (BD DE LA),43.12627,5.93982,12:45:00,2024-11-08
202400032784,15:30,Plein jour,974,97405,1,9,3,3.0,Rue Augustin Mézino,-21.363886,55.539869,15:30:00,2024-05-30
202400032785,20:35,Nuit sans éclairage,973,97311,1,1,1,1.0,Route Apatou,5.316817,-54.142385,20:35:00,2024-12-15
202400032786,18:00,,83,83137,2,9,1,3.0,MARSEILLE (ROUTE DE),43.12885,5.88897,18:00:00,2024-11-05
202400032787,00:58,,972,97231,2,1,1,7.0,Anse Mitan,14.553834,-61.052302,00:58:00,2024-06-22
202400032788,22:40,Nuit sans éclairage,972,97221,1,1,1,7.0,N8,14.535535,-60.94231,22:40:00,2024-06-21
202400032789,02:00,,973,97304,2,1,1,6.0,Avenue Rosilvine,5.17704,-52.651039,02:00:00,2024-12-15
202400032790,08:50,Plein jour,80,80261,2,1,1,3.0,Route d'Amiens,49.86326,2.27787,08:50:00,2024-11-07
202400032791,02:00,Nuit sans éclairage,977,97701,2,1,1,7.0,saint-Jean tourmente,17.903976,-62.846904,02:00:00,2024-12-16
202400032792,23:15,Nuit sans éclairage,972,97205,1,1,1,3.0,N2,14.630988,-61.124389,23:15:00,2024-06-21
202400032793,10:30,Plein jour,77,77465,1,2,8,3.0,D219,48.299761,2.947734,10:30:00,2024-12-13
202400032794,16:00,Plein jour,35,35085,1,3,1,3.0,la haute bouyère,48.435849,-1.752512,16:00:00,2024-06-22
202400032795,19:00,,77,77426,2,3,1,6.0,9 Rue des Mortiers,48.57551,2.826785,19:00:00,2024-12-12
202400032796,08:30,Plein jour,01,01427,2,1,3,6.0,Avenue du Docteur Bollet,45.940183,4.772669,08:30:00,2024-06-21
202400032797,00:10,,77,77532,2,1,2,1.0,D619,48.561,3.217,00:10:00,2024-11-08
202400032798,11:30,Plein jour,78,78087,1,1,2,7.0,Rue de Bissy,48.61664,2.033973,11:30:00,2024-12-16
202400032799,01:00,Nuit sans éclairage,2A,2A041,1,1,1,6.0,1639 Cartarana,41.389491,9.185938,01:00:00,2024-12-16
202400032800,14:05,Plein jour,62,62251,2,2,1,3.0,D127,50.64669885,1.83967748,14:05:00,2024-06-22
202400032801,17:00,Nuit sans éclairage,77,77377,1,1,1,5.0,RD 471,48.7113,2.6964,17:00:00,2024-11-07
202400032802,16:20,Plein jour,19,19279,1,1,3,6.0,RD 17,45.26667608,1.36427796,16:20:00,2024-06-21
202400032803,18:18,Crépuscule,66,66180,2,2,1,3.0,Rue Alfred de Musset,42.772077,2.99364,18:18:00,2024-12-13
202400032804,02:40,Nuit sans éclairage,77,77407,1,1,1,1.0,D607,48.54538,2.51265,02:40:00,2024-11-08
202400032805,23:30,,19,19230,2,4,1,6.0,Route de Vigeois,45.43157685,1.45085858,23:30:00,2024-06-21
202400032806,17:00,Nuit sans éclairage,83,83027,1,1,1,6.0,RD 559 B,43.167392,5.769153,17:00:00,2024-12-15
202400032807,22:50,,76,76136,1,1,1,6.0,D152,49.827242,0.959517,22:50:00,2024-06-21
202400032808,06:50,Nuit sans éclairage,26,26124,1,1,1,7.0,Autoroute A7 - PK 082+220 sens S/N,44.8367,4.862781,06:50:00,2024-12-16
202400032809,08:30,Plein jour,77,77288,2,3,1,6.0,ARISTIDE BRIAND  (BOULEVARD),48.54587,2.65183,08:30:00,2024-11-07
202400032810,19:15,Plein jour,79,79306,1,1,2,7.0,Unknown,46.606029,-0.14449,19:15:00,2024-06-21
202400032811,18:30,Plein jour,2A,2A362,2,1,1,3.0,RT10 face station VITO,41.698842,9.345637,18:30:00,2024-06-06
202400032812,16:30,Crépuscule,77,77284,2,1,8,2.0,D603,48.95663,2.90826,16:30:00,2024-11-08
202400032813,16:45,Plein jour,21,21699,1,1,1,1.0,D905,47.20554,5.332196,16:45:00,2024-12-15
202400032814,22:22,Nuit avec éclairage,2A,2A139,1,1,1,7.0,gliastrello,41.647062,9.345278,22:22:00,2024-06-06
202400032815,19:42,,77,77132,2,6,2,3.0,D344,48.87421216,2.80224646,19:42:00,2024-11-08
202400032816,17:40,,21,21038,2,6,1,6.0,31 Boulevard Pasteur,47.192483,5.389255,17:40:00,2024-12-14
202400032817,11:30,Plein jour,2B,2B096,1,1,1,6.0,Route de saint pancrace,42.318082,9.147652,11:30:00,2024-06-21
202400032818,16:25,Plein jour,71,71410,1,1,2,6.0,D978,46.695539,5.093434,16:25:00,2024-06-22
202400032819,11:50,Plein jour,77,77438,2,1,8,3.0,D148,48.862132,2.674097,11:50:00,2024-11-08
202400032820,23:00,Nuit sans éclairage,38,38061,1,3,2,1.0,D121,45.322401,5.60682,23:00:00,2024-12-14
202400032821,19:12,Nuit sans éclairage,01,01249,1,1,8,3.0,D1083,45.85858,4.910677,19:12:00,2024-12-15
202400032822,13:00,Plein jour,76,76341,2,2,1,7.0,ROBERT ANCEL,49.51527,0.19893,13:00:00,2024-11-08
202400032823,21:35,Plein jour,71,71014,2,2,1,3.0,Avenue Charles de Gaulle,46.950255,4.298607,21:35:00,2024-06-21
202400032824,18:00,Nuit sans éclairage,22,22223,1,1,8,1.0,13 Kernilien,48.565936,-3.192642,18:00:00,2024-12-14
202400032825,18:29,Plein jour,12,12119,1,2,1,3.0,D921,44.675069,2.851027,18:29:00,2024-06-21
202400032826,14:30,Plein jour,72,72095,2,6,1,3.0,SAINT MICHEL (BD),48.0241,0.2016,14:30:00,2024-11-07
202400032827,18:15,,76,76464,2,3,2,6.0,201 Rue de la Chaussée du Roi,49.363849,1.251631,18:15:00,2024-12-15
202400032828,19:20,Plein jour,34,34268,1,1,1,7.0,D144,43.692391,3.440738,19:20:00,2024-06-21
202400032829,13:10,Plein jour,72,72003,2,6,8,6.0,RD 147 E (RTE),47.9739,0.15898,13:10:00,2024-11-07
202400032830,19:30,Nuit sans éclairage,62,62283,1,2,2,3.0,D104,50.332048,2.277391,19:30:00,2024-12-08
202400032831,17:00,Plein jour,22,22046,1,1,1,4.0,D792,48.323287,-2.49409,17:00:00,2024-06-21
202400032832,20:00,,69,69266,2,6,1,1.0,Rue de Verdun,45.78451,4.8968,20:00:00,2024-11-08
202400032833,18:05,,59,59036,2,3,1,3.0,Rue de Mons,50.124855,3.932891,18:05:00,2024-11-20
202400032834,09:27,Plein jour,39,39286,2,1,1,7.0,449 Rue de la Cueille,46.389821,5.786346,09:27:00,2024-06-21
202400032835,01:00,Nuit sans éclairage,25,25022,2,1,1,6.0,28 Rue de la 5e Db,47.521442,6.658685,01:00:00,2024-06-22
202400032836,18:00,,69,69266,2,3,1,3.0,Rue Antonin Perrin,45.75937,4.88487,18:00:00,2024-11-08
202400032837,06:40,Plein jour,44,44099,1,1,1,7.0,la Bothelière,47.620549,-1.396058,06:40:00,2024-06-22
202400032838,06:47,Nuit sans éclairage,13,13117,1,1,1,6.0,A7-Sens Lyon vers Marseille,43.41819194,5.2736146,06:47:00,2024-12-15
202400032839,21:05,,69,69264,2,6,1,3.0,Rue Gantillon,45.99527,4.7208,21:05:00,2024-11-08
202400032840,06:45,Plein jour,84,84082,1,1,1,1.0,CD 974 route de carpentras,44.058047,5.166723,06:45:00,2024-06-22
202400032841,04:25,Nuit sans éclairage,13,13215,1,1,1,2.0,A7-Sens Marseille vers Lyon,43.3535,5.36496,04:25:00,2024-12-15
202400032842,19:45,,69,69290,2,1,1,3.0,Rue de la Cordière,45.69532,4.94639,19:45:00,2024-11-08
202400032843,01:05,Nuit sans éclairage,13,13106,1,1,1,2.0,A51-Sens Aix en Provence vers Marseille,43.40531663,5.36030933,01:05:00,2024-12-15
202400032844,13:15,Plein jour,69,69290,2,2,1,1.0,Rue Edmond Rostand,45.69452,4.94121,13:15:00,2024-11-08
202400032845,23:35,,13,13212,1,1,2,2.0,A507 sens Marseille - Aubagne,43.31915276,5.42240059,23:35:00,2024-12-13
202400032846,18:30,Plein jour,03,03110,2,1,1,6.0,55 Route de Vichy,46.127995,3.357954,18:30:00,2024-06-21
202400032847,23:40,,67,67267,2,1,1,5.0,SCHUMANN (AVENUE),48.56328,7.68987,23:40:00,2024-11-08
202400032848,03:55,Nuit sans éclairage,15,15084,1,2,5,6.0,RD 920,44.758695,2.466731,03:55:00,2024-06-22
202400032849,17:35,Nuit sans éclairage,83,83137,1,1,1,2.0,A50 SORTIE TUNNEL TUBE SUD,43.12130629,5.95312715,17:35:00,2024-12-15
202400032850,09:10,Plein jour,58,58260,1,1,8,3.0,49 Rue de Mont,46.865623,3.187062,09:10:00,2024-06-22
202400032851,14:00,Plein jour,66,66136,2,1,1,3.0,ARCADES CHEMIN DES,42.67835,2.89102,14:00:00,2024-11-08
202400032852,17:53,,83,83137,1,1,1,2.0,A50 TUNNEL TUBE SUD,43.12783311,5.9251396,17:53:00,2024-12-13
202400032853,16:20,Plein jour,66,66024,1,1,1,7.0,rte departementale 900,42.53862064,2.83964396,16:20:00,2024-06-21
202400032854,16:25,Plein jour,33,33063,1,1,1,7.0,Unknown,44.883295,-0.554705,16:25:00,2024-12-15
202400032855,13:05,Plein jour,64,64129,2,6,1,3.0,BAYONNE DE,43.30517,-0.40138,13:05:00,2024-11-08
202400032856,17:00,Plein jour,14,14371,1,4,1,3.0,1 Rue de la Charité,49.030238,0.243351,17:00:00,2024-06-21
202400032857,09:50,Plein jour,64,64129,2,9,1,2.0,BAYONNE DE,43.30343,-0.3989,09:50:00,2024-11-08
202400032858,14:35,Plein jour,33,33063,1,1,1,4.0,Unknown,44.880748,-0.540648,14:35:00,2024-12-15
202400032859,08:50,Plein jour,64,64445,2,1,1,7.0,ALFRED NOBEL,43.30753,-0.33108,08:50:00,2024-11-08
202400032860,00:23,Nuit sans éclairage,92,92002,1,1,8,6.0,AUTOROUTE A10,48.73507,2.31567,00:23:00,2024-12-15
202400032861,14:50,Plein jour,64,64445,2,1,1,2.0,GASTON PHOEBUS,43.30243,-0.38114,14:50:00,2024-11-07
202400032862,18:45,Nuit sans éclairage,91,91086,1,1,1,4.0,RN 104,48.6255,2.39595,18:45:00,2024-12-14
202400032863,06:30,Nuit avec éclairage,64,64445,2,2,1,3.0,TOURASSE,43.30932122,-0.34419715,06:30:00,2024-11-07
202400032864,21:40,,64,64102,2,1,1,3.0,CADRAN (ALLEE),43.48287,-1.50271,21:40:00,2024-11-08
202400032865,06:40,Nuit sans éclairage,93,93064,1,1,1,5.0,AUTOROUTE A86,48.87415257,2.47920871,06:40:00,2024-12-15
202400032866,21:40,,64,64024,2,3,1,3.0,ADOUR (AV DE L'),43.51193,-1.50028,21:40:00,2024-11-08
202400032867,13:30,Plein jour,94,94073,1,1,1,3.0,A86,48.77083552,2.38789426,13:30:00,2024-12-15
202400032868,22:55,,62,62250,2,9,1,2.0,D919,50.44633748,2.94399665,22:55:00,2024-11-08
202400032869,04:50,Nuit sans éclairage,94,94073,1,1,1,2.0,A86,48.75424369,2.38104533,04:50:00,2024-12-15
202400032870,16:45,Crépuscule,62,62119,2,6,2,3.0,D937,50.5407947,2.65136349,16:45:00,2024-11-05
202400032871,20:15,Plein jour,91,91645,1,1,1,2.0,GEORGES POMPIDOU (AVENUE),48.750367,2.277703,20:15:00,2024-08-26
202400032872,09:00,Plein jour,59,59560,2,1,1,6.0,BLANCKAERT JUDE AVENUE,50.54473,3.0245,09:00:00,2024-11-04
202400032873,13:15,Plein jour,91,91377,2,3,1,3.0,RUE DU PEROU,48.719783,2.300932,13:15:00,2024-08-23
202400032874,01:50,Nuit sans éclairage,73,73116,1,1,1,6.0,D926,45.21159583,6.3068381,01:50:00,2024-07-14
202400032875,15:20,Plein jour,59,59560,1,1,1,2.0,R.D. 549,50.54936,3.04763,15:20:00,2024-11-07
202400032876,18:25,Crépuscule,28,28003,1,1,1,1.0,D4,48.713442,1.277901,18:25:00,2024-09-17
202400032877,10:15,Plein jour,59,59360,1,3,1,3.0,DOUMER PAUL RUE,50.59672,3.03781,10:15:00,2024-11-07
202400032878,21:34,,57,57123,2,1,5,3.0,Rue de l’Hopital,49.16371596,6.71729577,21:34:00,2024-11-08
202400032879,19:45,Crépuscule,28,28134,2,2,1,2.0,HENRI IV (BD),48.74382,1.35634,19:45:00,2024-09-29
202400032880,09:30,Plein jour,56,56121,2,1,8,6.0,Rue Pierre Guergadic,47.74781,-3.36854,09:30:00,2024-11-08
202400032881,16:55,Plein jour,987,98735,2,2,1,3.0,REMPARTS (RUE),-17.53593,-149.56639,16:55:00,2024-12-13
202400032882,17:50,,54,54431,1,1,1,7.0,Route de Metz,48.92389,6.0655,17:50:00,2024-11-06
202400032883,18:20,Plein jour,974,97411,1,9,1,7.0,LITTORAL (ROUTE 1 DU),-20.89468,55.37787,18:20:00,2024-12-14
202400032884,09:00,Plein jour,974,97411,2,1,1,6.0,RUISSEAU BLANC (CHEMIN DU),-20.89105,55.41992,09:00:00,2024-12-14
202400032885,20:35,,51,51454,2,2,1,3.0,POMPIDOU (AVENUE GEORGES),49.219274,4.024142,20:35:00,2024-11-08
202400032886,21:45,Nuit sans éclairage,974,97409,1,1,1,2.0,RN2 SENS STE SUZANNE ST BENOIT,-20.95764,55.65717,21:45:00,2024-12-14
202400032887,00:45,,973,97302,1,9,1,3.0,FELIX EBOUE(ROCADE),4.92967397,-52.3293972,00:45:00,2024-12-14
202400032888,19:25,,51,51454,2,1,1,3.0,JAURES 'AVENUE JEAN) DU N° 1 N° 59 ET DU,49.257667,4.03978,19:25:00,2024-11-08
202400032889,19:10,Nuit sans éclairage,972,97213,1,1,1,2.0,ROUTE DEPARTEMENTALE 3,14.59849,-61.00079,19:10:00,2024-12-14
202400032890,12:05,Plein jour,51,51454,2,1,1,3.0,EPERNAY (AVENUE D') COTE PAIR,49.247948,4.01254,12:05:00,2024-11-08
202400032891,23:45,,2A,2A004,2,1,1,3.0,T21,41.93414,8.75094,23:45:00,2024-12-15
202400032892,19:30,Crépuscule,51,51454,2,2,1,3.0,SOMME (AVENUE DE LA),49.24694,4.057352,19:30:00,2024-11-07
202400032893,19:00,,91,91549,2,1,8,6.0,MARE AU CHANVRE (RUE DE LA),48.62777,2.34019,19:00:00,2024-12-14
202400032894,07:50,Crépuscule,49,49007,1,1,1,4.0,ATLANTIQUE  AVENUE DE L',47.4695,-0.59545,07:50:00,2024-11-08
202400032895,10:53,Plein jour,91,91457,1,6,1,3.0,N 449,48.57426,2.25877,10:53:00,2024-12-14
202400032896,19:52,,49,49007,2,7,1,6.0,LYCEE PLACE,47.46734,-0.54539,19:52:00,2024-11-07
202400032897,10:05,Plein jour,91,91114,2,6,1,3.0,BD CHARLES DE GAULLE,48.69461,2.502387,10:05:00,2024-12-14
202400032898,18:48,,49,49007,2,3,1,3.0,LENOIR,47.48512,-0.54563,18:48:00,2024-11-07
202400032899,21:30,,30,30011,1,6,1,2.0,100 (ROUTE NATIONALE),43.9581,4.74655,21:30:00,2024-12-14
202400032900,16:40,,78,78423,2,2,1,6.0,ROMAIN (RUE JULES),48.77967,2.04184,16:40:00,2024-12-14
202400032901,08:35,Plein jour,49,49007,2,2,8,3.0,PORTET BOULEVARD,47.45298,-0.56549,08:35:00,2024-11-07
202400032902,19:30,,77,77373,2,1,1,6.0,RUE DE L ORME AU CHARRON,48.79751,2.61428,19:30:00,2024-12-14
202400032903,15:00,Plein jour,77,77495,1,1,2,7.0,FERME DU GROS CHENE,48.55117,2.60625,15:00:00,2024-12-14
202400032904,19:35,,47,47001,2,2,1,3.0,CARNOT (BD DU PRESIDENT),44.2043,0.62063,19:35:00,2024-11-08
202400032905,17:50,,77,77288,2,1,1,6.0,PATTON  (AVENUE GENERAL),48.54746,2.64911,17:50:00,2024-12-13
202400032906,14:55,Plein jour,72,72181,2,1,1,6.0,CHAMPION HENRI (RUE) N° IMP,47.98242,0.22733,14:55:00,2024-12-13
202400032907,07:10,Nuit sans éclairage,45,45004,1,1,9,1.0,RD 2060 - RIC Environnement,48.006003,2.81214,07:10:00,2024-11-08
202400032908,11:29,Plein jour,68,68066,2,2,1,6.0,Avenue d'Alsace,48.06981,7.3654,11:29:00,2024-12-07
202400032909,02:35,,45,45068,2,3,2,2.0,33 Rue Kléber,48.010065,2.738283,02:35:00,2024-11-08
202400032910,18:00,,66,66136,2,3,1,3.0,Unknown,42.73332255,2.86743164,18:00:00,2024-12-13
202400032911,09:30,Plein jour,44,44109,2,1,1,6.0,3 Place du 116ième RI,47.23361,-1.55933,09:30:00,2024-11-08
202400032912,18:15,,64,64445,1,1,1,4.0,ALFRED NOBEL,43.32235,-0.30088,18:15:00,2024-12-13
202400032913,20:00,Nuit sans éclairage,44,44109,2,1,1,6.0,4 Rue Coquebert de Neuville,47.2322,-1.54487,20:00:00,2024-11-07