Num_Acc,hrmn,lum,dep,com,agg,int,atm,col,adr,lat,long,heure,date
202400032914,17:15,Crépuscule,64,64445,2,1,1,3.0,HENRI FAISANS,43.30097,-0.35966,17:15:00,2024-12-13
202400032915,13:35,Plein jour,43,43002,2,2,1,3.0,Boulevard Docteur André Chantemesse,45.05045,3.87577,13:35:00,2024-11-08
202400032916,17:00,,62,62193,2,3,1,1.0,Quai de la Tamise,50.95476007,1.85229081,17:00:00,2024-12-14
202400032917,18:45,,40,40281,2,1,1,3.0,MONT-ALMA (BD DE),43.87098,-0.50119,18:45:00,2024-11-06
202400032918,18:59,,54,54304,2,3,4,6.0,Avenue de l'Europe,48.67953413,6.14622027,18:59:00,2024-12-14
202400032919,13:30,Plein jour,51,51454,2,9,1,7.0,BONAPARTE (AVENUE DU GENERAL),49.22992,4.00748,13:30:00,2024-12-14
202400032920,15:20,Plein jour,38,38053,2,1,1,1.0,Route de Lyon - La Grive,45.59661,5.23329,15:20:00,2024-11-08
202400032921,12:19,Plein jour,51,51454,2,1,1,6.0,COURLANCY (RUE DE),49.24263,4.02321,12:19:00,2024-12-14
202400032922,23:15,,37,37214,2,1,1,2.0,DE GAULLE (AVENUE DU GENERAL),47.41891607,0.66407561,23:15:00,2024-11-07
202400032923,02:58,,51,51454,2,4,1,3.0,CHAMPAGNE  (  AVENUE),49.23405,4.03972,02:58:00,2024-12-14
202400032924,08:16,Plein jour,36,36044,2,1,1,6.0,Rue Pierre Gaultier,46.80635,1.69247,08:16:00,2024-11-08
202400032925,18:22,,49,49007,2,2,1,3.0,CARNOT,47.47539,-0.54864,18:22:00,2024-12-14
202400032926,18:30,Crépuscule,36,36063,1,1,1,5.0,Unknown,46.84023047,1.71279967,18:30:00,2024-11-07
202400032927,10:00,Plein jour,35,35238,2,1,1,6.0,Boulevard de Chézy,48.12017,-1.68286,10:00:00,2024-11-08
202400032928,10:15,Plein jour,45,45234,2,2,1,3.0,45 Route d'Olivet,47.88268,1.90382,10:15:00,2024-12-14
202400032929,18:25,,34,34172,2,1,1,1.0,D132,43.5757,3.87022,18:25:00,2024-11-08
202400032930,17:25,Nuit sans éclairage,44,44162,1,1,2,4.0,Unknown,47.24058154,-1.62327403,17:25:00,2024-12-14
202400032931,14:05,Plein jour,34,34172,2,1,1,3.0,DOMITIENNE (VOIE),43.62334,3.86128,14:05:00,2024-11-08
202400032932,13:20,Plein jour,43,43157,2,1,4,3.0,Avenue Marechal Foch,45.02946,3.88474,13:20:00,2024-12-13
202400032933,18:30,Plein jour,33,33318,2,3,1,2.0,Unknown,44.79903,-0.61944,18:30:00,2024-11-08
202400032934,23:30,Nuit avec éclairage,42,42184,2,1,2,3.0,Boulevard Ouest,46.04317,4.04576,23:30:00,2024-12-14
202400032935,19:45,,30,30007,2,1,1,7.0,BOISSIER DE SAUVAGE (quai),44.12747,4.07813,19:45:00,2024-11-08
202400032936,15:40,Plein jour,38,38185,2,1,1,3.0,Rue Général Durand,45.18288633,5.73357314,15:40:00,2024-12-13
202400032937,00:30,,34,34172,2,1,1,2.0,LIBERTE (AVENUE DE LA,43.60897,3.85488,00:30:00,2024-12-15
202400032938,13:45,Plein jour,27,27229,2,1,1,3.0,JANIN (BOULEVARD JULES),49.02623,1.158,13:45:00,2024-11-07
202400032939,10:50,Plein jour,19,19031,2,1,1,6.0,DUPINET (RUE DES FRERES),45.14483082,1.53732678,10:50:00,2024-11-08
202400032940,00:25,,33,33069,2,3,2,3.0,Unknown,44.867948,-0.576034,00:25:00,2024-12-15
202400032941,08:30,Plein jour,19,19031,2,2,1,3.0,TEINCHURIER (AVENUE DU),45.15481,1.48061,08:30:00,2024-11-08
202400032942,18:20,Nuit avec éclairage,17,17415,2,6,8,7.0,ALLENDE AVENUE DU PRESIDENT SALVADOR,45.73692,-0.64402,18:20:00,2024-11-08
202400032943,17:49,,33,33063,2,3,2,3.0,Unknown,44.83702,-0.55627,17:49:00,2024-12-14
202400032944,19:50,,14,14118,2,3,8,3.0,18 Rue d'Auge,49.17482,-0.35246,19:50:00,2024-11-08
202400032945,12:45,Plein jour,13,13028,2,1,1,3.0,CD40B,43.19746001,5.59799518,12:45:00,2024-11-08
202400032946,16:30,Plein jour,33,33249,2,6,1,3.0,Unknown,44.86592,-0.51298,16:30:00,2024-12-13
202400032947,16:00,Plein jour,33,33318,2,1,1,7.0,Unknown,44.810871,-0.6331999,16:00:00,2024-12-13
202400032948,19:00,Nuit sans éclairage,13,13001,2,9,2,2.0,RD9,43.50376,5.39561,19:00:00,2024-11-08
202400032949,12:25,Plein jour,11,11069,2,1,1,6.0,Unknown,43.20921,2.30809,12:25:00,2024-11-08
202400032950,08:20,Crépuscule,33,33063,2,2,1,6.0,Unknown,44.83487,-0.56335,08:20:00,2024-12-13
202400032951,10:03,Plein jour,10,10387,2,1,8,7.0,PIERRE BROSSOLETTE (RUE),48.2903,4.0759,10:03:00,2024-11-08
202400032952,07:38,Crépuscule,10,10387,2,2,2,3.0,MISSION (RUE DE LA),48.28797,4.07445,07:38:00,2024-11-08
202400032953,09:57,Plein jour,31,31555,1,1,2,3.0,23 RANGUEIL  (PERIPH OUEST A620),43.57593,1.44202,09:57:00,2024-12-14
202400032954,16:30,Plein jour,29,29019,2,1,1,6.0,boulevard de Plymouth,48.3879,-4.52644,16:30:00,2024-12-14
202400032955,08:50,Plein jour,04,04112,1,1,1,4.0,D907,43.81137,5.81033,08:50:00,2024-11-08
202400032956,10:32,Plein jour,27,27681,2,9,8,6.0,CAPUCINS (AVENUE DES),49.09,1.47,10:32:00,2024-12-14
202400032957,11:30,Plein jour,02,02691,2,3,8,1.0,76 Rue Camille Desmoulins,49.85444,3.293228,11:30:00,2024-10-31
202400032958,14:27,Plein jour,25,25462,2,6,2,3.0,VUILLECIN (RUE DE),46.9179,6.34363,14:27:00,2024-12-14
202400032959,02:45,Nuit sans éclairage,13,13039,1,1,3,3.0,ROUTE NATIONALE 569,43.47844,4.95777,02:45:00,2024-12-14
202400032960,19:00,,75,75113,2,1,8,2.0,BD PERIPHERIQUE EXTERIEUR,48.81773,2.350708,19:00:00,2024-11-08
202400032961,10:00,Plein jour,13,13203,2,1,1,1.0,CRIMEE (RUE DE),43.30717339,5.38052149,10:00:00,2024-12-14
202400032962,01:15,Nuit sans éclairage,75,75112,2,1,1,2.0,BOULEVARD PERIPHERIQUE INTERIEUR SUD,48.837816,2.412726,01:15:00,2024-11-07
202400032963,19:20,,13,13028,2,1,8,7.0,MOULIN (AVENUE JEAN),43.17569132,5.59708168,19:20:00,2024-12-13
202400032964,14:00,Plein jour,75,75120,2,1,8,6.0,BOULEVARD DE MENILMONTANT,48.864889,2.385307,14:00:00,2024-11-08
202400032965,11:00,Plein jour,11,11262,2,1,1,6.0,Unknown,43.15899,2.98203,11:00:00,2024-12-14
202400032966,10:35,Plein jour,75,75120,2,2,8,6.0,RUE ORFILA,48.866667,2.397106,10:35:00,2024-11-08
202400032967,17:50,Nuit sans éclairage,11,11069,2,1,2,2.0,16 Rue Dujardin Beaumetz,43.20872,2.35966,17:50:00,2024-12-14
202400032968,08:40,Plein jour,75,75118,2,2,2,5.0,BOULEVARD NEY,48.897886,2.344424,08:40:00,2024-11-08
202400032969,11:35,Plein jour,10,10387,2,3,2,1.0,GAMBETTA (RUE),48.30049,4.07488,11:35:00,2024-12-14
202400032970,22:00,,75,75109,2,1,8,3.0,RUE CONDORCET,48.88034,2.34128,22:00:00,2024-11-07
202400032971,13:35,Plein jour,05,05061,2,3,1,6.0,JEAN JAURES ( AVENUE ),44.54845,6.06688,13:35:00,2024-11-30
202400032972,07:50,Crépuscule,03,03101,2,1,8,6.0,Rue du Docteur Chalais,46.34537,2.55156,07:50:00,2024-12-14
202400032973,07:10,Crépuscule,75,75116,2,1,1,1.0,ALLEE DE LA REINE MARGUERITE,48.85171,2.241739,07:10:00,2024-11-08
202400032974,18:30,,03,03098,2,3,1,3.0,4 SEPTEMBRE ( AVENUE DU ),46.35865,2.61717,18:30:00,2024-12-13
202400032975,21:20,,75,75116,2,2,1,6.0,RUE DE BOULAINVILLIERS,48.858171,2.274836,21:20:00,2024-11-07
202400032976,14:45,Plein jour,01,01014,2,1,1,3.0,GAGET MARCEL (RUE),46.270467,5.671578,14:45:00,2024-12-13
202400032977,19:30,,75,75116,2,3,1,3.0,AVENUE DE LA GRANDE ARMEE,48.874827,2.291729,19:30:00,2024-11-07
202400032978,03:35,,75,75119,2,1,1,2.0,AVENUE SIMON BOLIVAR,48.876436,2.378064,03:35:00,2024-12-14
202400032979,14:10,Plein jour,75,75115,2,1,8,7.0,RUE DE VAUGIRARD,48.840987,2.306239,14:10:00,2024-11-08
202400032980,17:00,Crépuscule,75,75118,2,1,1,2.0,AVENUE DE LA PORTE DE CLIGNANCOURT,48.900356,2.344251,17:00:00,2024-12-13
202400032981,13:40,Plein jour,75,75114,2,2,8,6.0,RUE FROIDEVAUX,48.835154,2.32999,13:40:00,2024-11-08
202400032982,23:45,,75,75118,2,2,1,3.0,RUE ORDENER,48.891691,2.348658,23:45:00,2024-12-13
202400032983,21:30,,75,75117,2,2,8,3.0,AVENUE DE LA PORTE DE VILLIERS,48.885587,2.284607,21:30:00,2024-12-14
202400032984,10:40,Plein jour,75,75112,2,1,1,3.0,AVENUE DAUMESNIL,48.840074,2.393702,10:40:00,2024-11-08
202400032985,09:15,Plein jour,75,75117,2,2,1,3.0,RUE DE COURCELLES,48.881261,2.301071,09:15:00,2024-12-14
202400032986,18:30,,75,75110,2,4,1,6.0,QUAI DE VALMY,48.8718,2.36458,18:30:00,2024-11-08
202400032987,14:40,Plein jour,75,75115,2,2,1,2.0,RUE DE LA CONVENTION,48.839994,2.290351,14:40:00,2024-12-14
202400032988,10:40,Plein jour,75,75109,2,3,1,3.0,RUE HENRY MONNIER,48.880015,2.337324,10:40:00,2024-11-08
202400032989,17:45,Crépuscule,75,75107,2,1,1,6.0,RUE DE BABYLONE,48.851724,2.325921,17:45:00,2024-11-08
202400032990,20:20,,75,75113,2,3,1,3.0,BOULEVARD DE L HOPITAL,48.838892,2.360879,20:20:00,2024-12-14
202400032991,18:25,,94,94067,2,1,1,3.0,Avenue Gallieni,48.84642553,2.41740954,18:25:00,2024-11-07
202400032992,21:00,,75,75111,2,3,2,3.0,RUE OBERKAMPF,48.864754,2.373022,21:00:00,2024-12-14
202400032993,19:30,,94,94043,2,6,1,3.0,Avenue de Fontainebleau,48.80968,2.36263,19:30:00,2024-11-08
202400032994,12:25,Plein jour,75,75110,2,3,1,2.0,RUE SAINT MAUR,48.871649,2.372141,12:25:00,2024-12-14
202400032995,12:21,Plein jour,75,75110,2,1,1,3.0,RUE JULIETTE DODU,48.874467,2.369827,12:21:00,2024-12-14
202400032996,20:35,,94,94017,2,9,2,3.0,Avenue Roger Salengro,48.81990564,2.48255154,20:35:00,2024-11-07
202400032997,02:33,,75,75109,2,2,1,6.0,RUE DE CHATEAUDUN,48.876196,2.335357,02:33:00,2024-12-14
202400032998,08:50,Plein jour,94,94047,2,1,2,3.0,Rue de Verdun,48.70772715,2.55587777,08:50:00,2024-11-08
202400032999,16:40,Plein jour,75,75107,2,3,1,6.0,QUAI D ORSAY,48.862478,2.310524,16:40:00,2024-12-14
202400033000,21:00,,93,93072,2,1,1,1.0,NELSON MANDELA (AVENUE),48.951155,2.376194,21:00:00,2024-11-08
202400033001,08:20,Plein jour,93,93066,2,3,2,3.0,THOREZ MAURICE NR 2 A 10,48.94091469,2.34614432,08:20:00,2024-11-08
202400033002,18:55,,75,75102,2,1,1,6.0,RUE DE TURBIGO,48.864253,2.35094,18:55:00,2024-12-13
202400033003,19:30,,93,93064,2,1,1,2.0,PERI (BOULEVARD GABRIEL)  0 - 37 / 42,48.87769,2.47471,19:30:00,2024-11-08
202400033004,02:25,,75,75101,2,7,1,6.0,PLACE DES VICTOIRES,48.865421,2.340958,02:25:00,2024-12-13
202400033005,20:10,,94,94068,2,7,1,3.0,Carrefour du 8 Mai 1945,48.802283,2.491917,20:10:00,2024-12-14
202400033006,15:30,Crépuscule,93,93048,2,2,8,1.0,REPUBLIQUE (RUE DE LA),48.85289,2.42057,15:30:00,2024-11-08
202400033007,16:50,Plein jour,94,94043,2,1,1,6.0,Avenue de Fontainebleau,48.81257188,2.36144149,16:50:00,2024-12-13
202400033008,13:05,Plein jour,93,93061,2,2,8,6.0,BELVEDERE AVENUE DU,48.8804607,2.40830988,13:05:00,2024-11-08
202400033009,20:30,,94,94022,2,1,1,3.0,Avenue Victor Hugo,48.768585,2.420384,20:30:00,2024-12-14
202400033010,02:35,,93,93078,2,3,1,1.0,COUTURIER (AVENUE PAUL VAILLANT),48.9608,2.53368,02:35:00,2024-12-14
202400033011,14:30,Plein jour,93,93064,2,1,1,3.0,LISBONNE (RUE DE),48.8813687,2.47032109,14:30:00,2024-12-13
202400033012,17:30,,93,93050,2,1,1,1.0,PAUL ET CAMILLE THOMOUX (RUE) COTE IMPAI,48.87517,2.53047,17:30:00,2024-12-14
202400033013,17:00,,93,93048,2,9,2,1.0,PRESIDENT SALVADOR ALLENDE (AVENUE DU),48.8763,2.4623,17:00:00,2024-12-14
202400033014,22:00,,93,93045,2,1,2,6.0,PARIS RUE DE,48.88237603,2.42453957,22:00:00,2024-12-14
202400033015,17:20,Crépuscule,93,93048,2,1,2,6.0,ROMAINVILLE (RUE DE),48.87401191,2.44727826,17:20:00,2024-12-14
202400033016,01:45,,93,93029,2,1,1,6.0,JOFFRE (PLACE),48.93123349,2.45677975,01:45:00,2024-12-14
202400033017,11:25,Plein jour,93,93047,2,1,1,6.0,GENERAL LECLERC  (RUE DU),48.89378,2.57801,11:25:00,2024-12-14
202400033018,11:10,Plein jour,93,93001,2,1,1,2.0,ANATOLE FRANCE (BLD) PAIR,48.91594826,2.38153267,11:10:00,2024-12-14
202400033019,10:00,Plein jour,92,92075,2,1,1,7.0,ANTOINE FRATACCI (RUE),48.82155933,2.28745423,10:00:00,2024-12-14
202400033020,01:25,,92,92077,2,1,1,6.0,COROT (RUE),48.82833,2.19398,01:25:00,2024-12-14
202400033021,13:15,Plein jour,92,92063,2,1,1,3.0,DIX-HUIT JUIN 1940 (AVENUE DU) SUD,48.86785217,2.19499223,13:15:00,2024-12-14
202400033022,18:31,,92,92050,2,1,2,3.0,FRANCE ANATOLE RUE,48.90163,2.20903,18:31:00,2024-12-14
202400033023,12:40,Plein jour,92,92050,2,1,1,3.0,CLEMENCEAU GEORGES AVENUE N° PAIR,48.88609,2.21344,12:40:00,2024-12-14
202400033024,11:40,Plein jour,92,92048,2,1,1,6.0,ONZE NOVEMBRE 1918 (AVENUE DU),48.81889484,2.2231249,11:40:00,2024-12-14
202400033025,07:00,Crépuscule,92,92007,2,1,1,6.0,PETIT (AVENUE ALBERT) N° 39 A FIN,48.79535599,2.31255656,07:00:00,2024-12-18
202400033026,22:30,,92,92036,2,1,1,3.0,BAS ( RUE DES ),48.91904,2.29018,22:30:00,2024-12-13
202400033027,19:00,,92,92002,2,2,2,3.0,DIVISION LECLERC (1 A 29 -2 A 34),48.75138764,2.3044534,19:00:00,2024-12-14
202400033028,02:20,Nuit sans éclairage,31,31547,1,2,2,3.0,Route de Saint Lys,43.50419731,1.24821424,02:20:00,2024-12-15
202400033029,00:35,Nuit sans éclairage,64,64117,1,1,2,6.0,Chemin du bateau,43.375265,-0.573177,00:35:00,2024-12-14
202400033030,02:30,Nuit sans éclairage,04,04203,1,1,9,6.0,d 900 les courbons,44.36716,6.319322,02:30:00,2024-12-15
202400033031,23:20,Nuit sans éclairage,56,56244,1,1,1,4.0,Les Hardys,47.81495,-2.43907,23:20:00,2024-12-14
202400033032,08:20,Plein jour,67,67025,2,2,1,1.0,19a Rue Principale,48.861123,8.081963,08:20:00,2024-12-13
202400033033,18:30,Nuit sans éclairage,71,71305,1,1,3,6.0,Route departementale 106,46.465734,4.849571,18:30:00,2024-12-13
202400033034,20:00,,49,49125,2,6,2,6.0,32 Route de saumur (Doué-la-Fontaine),47.19576282,-0.26403138,20:00:00,2024-12-14
202400033035,18:25,Nuit sans éclairage,35,35096,1,1,1,3.0,Le Pâtis Mignon,48.05411,-1.421489,18:25:00,2024-12-13
202400033036,11:10,Plein jour,29,29271,1,9,3,7.0,Kergompez,48.58829848,-4.13322308,11:10:00,2024-12-15
202400033037,16:30,Plein jour,29,29259,2,6,8,3.0,Rue de Roscoff,48.69024005,-3.98907871,16:30:00,2024-12-13
202400033038,11:40,Plein jour,29,29190,2,2,7,3.0,Rue du Lannou,48.34457335,-4.71876899,11:40:00,2024-12-15
202400033039,15:32,Plein jour,02,02095,2,1,9,7.0,16 Rue John Kennedy,49.983179,3.446714,15:32:00,2024-12-15
202400033040,14:45,Plein jour,15,15003,1,1,8,6.0,RD 680,45.157015,2.334251,14:45:00,2024-12-13
202400033041,05:55,Nuit avec éclairage,72,72112,1,1,1,1.0,Lieu Dit le Parc Sec,48.234064,0.249665,05:55:00,2024-12-15
202400033042,17:50,Nuit sans éclairage,73,73070,1,1,1,1.0,D1516 rue des tuiliers,45.609384,5.647659,17:50:00,2024-12-15
202400033043,21:40,Nuit sans éclairage,10,10287,1,1,8,6.0,D79,48.354438,4.34181,21:40:00,2024-12-13
202400033044,01:25,Nuit sans éclairage,53,53170,1,1,1,7.0,La Huardiere,48.349347,-0.668063,01:25:00,2024-12-15
202400033045,15:05,Plein jour,40,40029,1,1,3,1.0,D2,43.649383,-0.480266,15:05:00,2024-12-14
202400033046,18:00,Nuit sans éclairage,17,17309,1,1,5,1.0,Chemin de Malleville,45.170496,-0.056713,18:00:00,2024-12-14
202400033047,16:30,Plein jour,17,17342,2,1,1,1.0,D 125,45.518106,-0.66772,16:30:00,2024-12-13
202400033048,07:00,Nuit sans éclairage,37,37250,1,1,1,6.0,Les Bails,47.262514,0.726535,07:00:00,2024-12-15
202400033049,04:30,Nuit sans éclairage,973,97307,2,1,8,1.0,route nationale 02,4.881519,-52.336383,04:30:00,2024-12-15
202400033050,14:40,Plein jour,39,39471,1,1,2,2.0,Unknown,46.726414,5.506391,14:40:00,2024-12-14
202400033051,10:20,Plein jour,13,13050,1,1,1,1.0,D67e,43.637659,5.263047,10:20:00,2024-12-15
202400033052,20:45,,13,13051,2,6,1,2.0,D113,43.584564,5.139692,20:45:00,2024-12-14
202400033053,00:30,Nuit sans éclairage,95,95678,1,1,8,3.0,D9,49.0806661,2.25467048,00:30:00,2024-12-15
202400033054,08:50,Plein jour,69,69244,2,3,8,2.0,44 Route de Paris,45.766075,4.764612,08:50:00,2024-12-15
202400033055,15:20,Plein jour,974,97418,2,9,1,3.0,Rue Michel Ange,-20.898949,55.517934,15:20:00,2024-12-13
202400033056,17:15,Plein jour,973,97304,1,1,1,3.0,rn1 PK 43 490,5.074647,-52.60078,17:15:00,2024-12-14
202400033057,15:00,Plein jour,2A,2A163,1,1,2,1.0,RT40,41.490706,8.975444,15:00:00,2024-12-06
202400033058,17:20,,11,11425,2,1,2,7.0,Unknown,43.275667,2.337888,17:20:00,2024-12-14
202400033059,09:10,Crépuscule,34,34057,2,1,7,3.0,Avenue Georges Frêche,43.626982,3.898768,09:10:00,2024-12-14
202400033060,06:50,Nuit sans éclairage,89,89442,1,1,1,6.0,A19,48.116428,3.135395,06:50:00,2024-12-15
202400033061,22:43,Nuit sans éclairage,26,26206,1,9,2,7.0,Route de Beaumont les Valence,44.840557,4.963449,22:43:00,2024-12-14
202400033062,14:55,Plein jour,69,69019,1,1,1,6.0,Route de la Mézerine,46.106442,4.710356,14:55:00,2024-12-15
202400033063,15:30,Plein jour,65,65089,1,1,1,1.0,D918,42.883315,0.031393,15:30:00,2024-12-15
202400033064,17:15,Crépuscule,79,79069,1,1,2,7.0,Unknown,46.776743,-0.477219,17:15:00,2024-12-15
202400033065,05:39,Nuit sans éclairage,86,86121,1,1,1,6.0,D62,46.59833077,0.06818911,05:39:00,2024-12-14
202400033066,19:00,Nuit sans éclairage,33,33101,1,2,2,3.0,Unknown,45.200615,-0.572609,19:00:00,2024-12-14
202400033067,20:10,Nuit sans éclairage,35,35047,1,1,1,5.0,D177,48.035024,-1.758585,20:10:00,2024-12-14
202400033068,03:40,Nuit sans éclairage,13,13015,1,1,2,5.0,A51-Sens Aix en Provence vers Marseille,43.42858285,5.38846117,03:40:00,2024-12-14
202400033069,18:30,Plein jour,33,33281,1,1,1,5.0,Unknown,44.835384,-0.676606,18:30:00,2024-12-14
202400033070,14:06,Plein jour,33,33249,1,1,1,7.0,Unknown,44.884607,-0.513312,14:06:00,2024-12-14
202400033071,11:07,Plein jour,33,33063,1,1,2,4.0,Unknown,44.882095,-0.547991,11:07:00,2024-12-14
202400033072,13:25,Plein jour,91,91521,1,1,1,5.0,RN 440,48.633731,2.403459,13:25:00,2024-12-14
202400033073,12:30,Plein jour,91,91434,1,1,1,6.0,AUTOROUTE A6,48.668553,2.353344,12:30:00,2024-12-10
202400033074,12:20,Plein jour,92,92036,1,1,1,2.0,A86,48.93784644,2.29759097,12:20:00,2024-12-14
202400033075,09:10,Plein jour,92,92025,1,1,1,4.0,A86,48.92210032,2.22649712,09:10:00,2024-12-14
202400033076,23:40,Nuit sans éclairage,78,78043,1,1,1,6.0,A12 Y,48.841952,2.101476,23:40:00,2024-12-13
202400033077,09:35,Plein jour,41,41157,1,2,3,3.0,D20,47.454785,1.575712,09:35:00,2024-03-02
202400033078,12:05,Plein jour,85,85290,1,2,1,3.0,D148,46.5396084,-1.0226485,12:05:00,2024-03-03
202400033079,01:30,Nuit sans éclairage,21,21128,1,1,2,7.0,"Autoroute A6, PK 258.600, sens Paris-Lyon",47.286826,4.507743,01:30:00,2024-03-03
202400033080,02:50,Nuit sans éclairage,76,76244,1,1,5,3.0,A28 PK 063+300,49.711688,1.385264,02:50:00,2024-03-03
202400033081,06:15,Nuit sans éclairage,58,58086,1,1,3,1.0,A77,47.411565,2.945795,06:15:00,2024-03-03
202400033082,09:40,Plein jour,66,66028,2,1,1,3.0,Avenue André Ampère,42.688407,2.919934,09:40:00,2024-03-03
202400033083,17:40,Plein jour,56,56185,1,1,1,1.0,Kercadoret,47.792169,-3.391943,17:40:00,2024-03-03
202400033084,18:25,Crépuscule,74,74131,1,1,1,1.0,Route départementale 1508,46.023236,5.906117,18:25:00,2024-03-03
202400033085,21:45,,76,76230,2,1,1,6.0,Route du Héron,49.470362,1.395237,21:45:00,2024-03-02
202400033086,14:50,Plein jour,80,80808,1,2,1,1.0,D12,50.303321,1.843708,14:50:00,2024-03-03
202400033087,12:30,Plein jour,55,55198,1,1,1,1.0,D904,49.10139176,5.62143832,12:30:00,2024-03-03
202400033088,14:40,Plein jour,42,42062,2,4,1,3.0,Route de Saint Galmier,45.589287,4.398705,14:40:00,2024-03-02
202400033089,03:30,Nuit sans éclairage,42,42238,1,1,3,7.0,Route de Saint-Priest,45.794265,3.808833,03:30:00,2024-03-03
202400033090,16:00,Plein jour,44,44096,2,1,2,3.0,45 Rue de la Vieille Cour,47.431856,-1.230565,16:00:00,2024-03-01
202400033091,17:20,Plein jour,31,31264,1,1,8,6.0,D622,43.33596,1.397946,17:20:00,2024-03-02
202400033092,15:50,Plein jour,03,03029,1,1,2,6.0,"D130 - Lieu dit : ""CHALUS""",46.243605,3.460307,15:50:00,2024-03-02
202400033093,23:10,Nuit sans éclairage,01,01269,1,1,1,1.0,Route de La-cluse,46.165105,5.584595,23:10:00,2024-03-02
202400033094,18:30,Crépuscule,50,50425,1,1,1,7.0,Carrefour des Feuffes,49.526204,-1.643765,18:30:00,2024-03-03
202400033095,04:35,Nuit sans éclairage,64,64436,1,1,3,1.0,Route départementale 918,43.25183,-1.318617,04:35:00,2024-03-03
202400033096,04:59,Nuit sans éclairage,07,07225,2,1,3,6.0,Route de Savas,45.276396,4.678904,04:59:00,2024-03-03
202400033097,09:55,Plein jour,37,37282,2,1,1,6.0,55 Rue Pasteur,46.78494484,0.87545751,09:55:00,2024-03-03
202400033098,21:40,Nuit avec éclairage,30,30163,1,1,2,7.0,Unknown,43.955754,4.175856,21:40:00,2024-03-02
202400033099,21:00,Nuit sans éclairage,13,13050,1,1,2,7.0,Route de Pelissanne,43.649352,5.223988,21:00:00,2024-03-02
202400033100,19:35,Nuit sans éclairage,03,03031,1,1,3,6.0,A71 PK 296.000,46.388387,2.71785,19:35:00,2024-03-02
202400033101,15:05,Plein jour,38,38189,1,1,1,3.0,D518z,45.639488,5.047231,15:05:00,2024-03-01
202400033102,00:11,,987,98714,2,1,1,6.0,Vaitape - face magasin Bora Home Dépôt,-16.388,-151.765,00:11:00,2024-03-02
202400033103,12:25,Plein jour,988,98822,2,1,1,6.0,Tiéti (Tribu),-20.915446,165.302525,12:25:00,2024-03-03
202400033104,00:35,Nuit sans éclairage,23,23096,1,9,2,6.0,RN 145,46.18255471,1.8774894,00:35:00,2024-04-09
202400033105,13:55,Plein jour,19,19031,2,1,2,2.0,DUBOIS (BOULEVARD CARDINAL),45.163,1.54062,13:55:00,2024-04-09
202400033106,18:30,Crépuscule,971,97117,2,1,1,3.0,RN 5,16.334477,-61.366169,18:30:00,2024-02-26
202400033107,23:00,Nuit avec éclairage,13,13203,2,1,1,1.0,ROGER SALENGRO (AVENUE),43.32054,5.36744,23:00:00,2024-04-09
202400033108,18:55,Nuit sans éclairage,13,13081,1,1,1,1.0,D113,43.504714,5.209268,18:55:00,2024-02-24
202400033109,13:55,Plein jour,13,13022,1,1,8,7.0,D559a,43.226553,5.586237,13:55:00,2024-03-02
202400033110,07:43,Plein jour,13,13212,2,1,1,3.0,POILUS (AVENUE DES),43.318,5.459,07:43:00,2024-04-09
202400033111,11:30,Plein jour,13,13030,1,1,8,1.0,D8n,43.268706,5.675726,11:30:00,2024-03-02
202400033112,14:30,Plein jour,13,13201,2,1,1,1.0,JEAN BALLARD (COURS),43.29347949,5.37426508,14:30:00,2024-04-08
202400033113,23:45,Nuit sans éclairage,54,54346,1,1,2,6.0,RD907,48.795896,5.96755,23:45:00,2024-03-02
202400033114,17:30,Plein jour,11,11069,2,1,2,3.0,Unknown,43.205439,2.330322,17:30:00,2024-04-09
202400033115,18:10,Plein jour,10,10325,2,1,1,6.0,PASTEUR (RUE),48.2625,4.0802,18:10:00,2024-04-08
202400033116,11:00,Plein jour,01,01313,1,3,1,3.0,D35B,46.254076,6.062881,11:00:00,2024-02-28
202400033117,16:00,Plein jour,69,69228,1,1,8,7.0,2090 Route de Sainte-Catherine,45.595828,4.594286,16:00:00,2024-03-02
202400033118,19:25,Plein jour,06,06088,2,1,1,6.0,Promenade des Anglais,43.69501,7.26555,19:25:00,2024-04-07
202400033119,06:12,Nuit sans éclairage,17,17086,1,1,2,1.0,58 Route des Passereaux,45.745395,-0.581825,06:12:00,2024-03-02
202400033120,19:32,Plein jour,06,06004,1,6,1,3.0,Route du Bord de Mer,43.6112,7.12671,19:32:00,2024-04-09
202400033121,12:00,Plein jour,50,50149,1,1,1,3.0,D22,49.5562,-1.683534,12:00:00,2024-03-03
202400033122,10:45,Plein jour,06,06004,2,6,2,2.0,55 Avenue de Cannes,43.573872,7.090752,10:45:00,2024-04-09
202400033123,15:25,Plein jour,14,14753,2,3,1,2.0,Chemin de Bougran,48.933742,-0.261687,15:25:00,2024-03-02
202400033124,17:05,Plein jour,04,04112,2,1,1,6.0,DEPARTEMENTALE 4096,43.82076,5.78721,17:05:00,2024-04-08
202400033125,18:10,Plein jour,60,60170,1,2,1,3.0,D924,49.203651,2.550751,18:10:00,2024-03-03
202400033126,17:00,Plein jour,75,75120,2,1,1,3.0,BD PERIPHERIQUE INTERIEUR,48.869643,2.413267,17:00:00,2024-04-09