Num_Acc,hrmn,lum,dep,com,agg,int,atm,col,adr,lat,long,heure,date
202400033127,08:15,Plein jour,75,75116,2,1,1,4.0,BD PERIPHERIQUE INTERIEUR,48.857166,2.25862,08:15:00,2024-04-09
202400033128,14:25,Plein jour,60,60570,1,2,1,3.0,D923,49.250674,2.039267,14:25:00,2024-03-03
202400033129,00:01,,75,75112,2,1,1,5.0,ECHANGEUR CHARENTON,48.83025825,2.40253508,00:01:00,2024-04-07
202400033130,20:00,Nuit sans éclairage,80,80685,1,1,3,6.0,Autoroute A1 sortie 12 PK 101.100 SENS PARIS/LILLE,49.702474,2.772063,20:00:00,2024-03-02
202400033131,05:54,Crépuscule,75,75105,2,1,1,6.0,BOULEVARD DE L HOPITAL,48.841008,2.362563,05:54:00,2024-04-07
202400033132,22:50,Nuit avec éclairage,59,59370,2,1,1,4.0,41 Route de Mons,50.30785467,3.97707378,22:50:00,2024-03-02
202400033133,13:15,Plein jour,75,75119,2,3,1,2.0,RUE DE L INSPECTEUR ALLES,48.88009,2.39432,13:15:00,2024-04-09
202400033134,01:39,Nuit sans éclairage,78,78322,1,1,8,2.0,RN12 EXT,48.78696,2.14949,01:39:00,2024-03-02
202400033135,11:25,Plein jour,75,75119,2,2,1,6.0,AVENUE JEAN JAURES,48.887801,2.389271,11:25:00,2024-04-09
202400033136,14:50,Plein jour,93,93007,1,1,3,4.0,A1,48.94925302,2.44676549,14:50:00,2024-03-02
202400033137,02:50,Nuit sans éclairage,95,95252,1,9,1,6.0,A15,48.98651405,2.21082482,02:50:00,2024-03-02
202400033138,00:18,,75,75119,2,2,2,3.0,AVENUE DE FLANDRE,48.892316,2.379178,00:18:00,2024-04-09
202400033139,10:45,Plein jour,75,75117,2,2,1,1.0,AVENUE DES TERNES,48.879707,2.289299,10:45:00,2024-04-09
202400033140,16:50,Plein jour,92,92036,1,1,1,4.0,RN 315 ,48.93664875,2.29983248,16:50:00,2024-03-01
202400033141,18:20,Plein jour,75,75116,2,3,2,6.0,AVENUE DE VERSAILLES,48.841695,2.266823,18:20:00,2024-04-09
202400033142,11:45,Plein jour,03,03229,2,1,1,3.0,38 rue du bourbonnais,46.673546,3.418885,11:45:00,2024-01-19
202400033143,15:03,Plein jour,93,93010,1,1,1,2.0,A3,48.90722835,2.47254249,15:03:00,2024-03-01
202400033144,19:00,,26,26235,2,1,6,7.0,Rue Comtesse de Segur,44.384192,4.703532,19:00:00,2024-01-19
202400033145,08:15,Plein jour,75,75115,2,4,1,7.0,RUE DE VAUGIRARD,48.833919,2.290098,08:15:00,2024-04-09
202400033146,08:15,Plein jour,93,93029,1,1,1,2.0,A86,48.92075942,2.42793146,08:15:00,2024-03-01
202400033147,14:50,Plein jour,69,69188,1,1,1,1.0,Route de Lyon,45.92166747,4.47264102,14:50:00,2024-01-20
202400033148,13:40,Plein jour,75,75115,2,2,1,3.0,BOULEVARD DU MONTPARNASSE,48.844702,2.321253,13:40:00,2024-04-08
202400033149,09:00,Plein jour,94,94065,1,1,1,2.0,A86,48.75377505,2.36790615,09:00:00,2024-03-01
202400033150,15:45,Plein jour,85,85155,1,1,1,2.0,RD 763 point kilométrique 046+100,46.708007,-1.42969,15:45:00,2024-01-19
202400033151,17:45,Plein jour,75,75112,2,3,1,6.0,RUE DE PICPUS,48.842334,2.397886,17:45:00,2024-04-09
202400033152,16:30,Crépuscule,987,98736,2,1,1,3.0,ARIIPAEA POMARE (AV),-17.530655,-149.562725,16:30:00,2024-02-29
202400033153,18:30,,14,14047,2,3,2,6.0,26 Avenue Guillaume le Conquérant,49.287676,-0.711547,18:30:00,2024-01-17
202400033154,11:40,Plein jour,75,75111,2,3,8,6.0,AVENUE PARMENTIER,48.869346,2.371636,11:40:00,2024-04-09
202400033155,07:20,Plein jour,974,97411,2,3,1,1.0,TOMI (RUE MAURICE),-20.90676,55.50092,07:20:00,2024-02-28
202400033156,13:48,Plein jour,62,62060,2,4,1,6.0,Rue Wallart,50.23263837,2.11543179,13:48:00,2024-01-15
202400033157,05:10,Crépuscule,974,97411,1,1,2,7.0,MONTAGNE (ROUTE DE LA),-20.88647,55.43732,05:10:00,2024-02-23
202400033158,07:00,,13,13212,1,1,1,4.0,A507 sens Aubagne- Marseille,43.29254,5.42506,07:00:00,2024-01-19
202400033159,18:20,Plein jour,974,97409,2,9,1,6.0,DE LA REPUBLIQUE(AVENUE),-20.96285,55.65857,18:20:00,2024-03-01
202400033160,09:49,Plein jour,75,75109,2,3,1,6.0,RUE DU HAVRE,48.874164,2.327067,09:49:00,2024-04-09
202400033161,06:05,Nuit sans éclairage,57,57452,1,1,9,2.0,Autoroute A31,49.1666574,6.18097953,06:05:00,2024-01-17
202400033162,08:10,Plein jour,974,97407,2,1,1,3.0,Pierre BROSSOLETTE,-20.95289,55.30341,08:10:00,2024-03-01
202400033163,14:30,Plein jour,973,97302,1,9,1,7.0,LEBLOND (ROND POINT),4.92157119,-52.32975304,14:30:00,2024-03-01
202400033164,14:00,Plein jour,75,75102,2,2,1,3.0,BOULEVARD DE SEBASTOPOL,48.864413,2.351526,14:00:00,2024-05-16
202400033165,15:30,Plein jour,75,75108,2,2,1,3.0,ROND POINT CHAMPS ELYSEES MARCEL DASSAUL,48.868892,2.310335,15:30:00,2024-04-08
202400033166,04:05,,973,97302,2,6,1,7.0,MADELEINE (ROUTE DE LA),4.92466,-52.32321,04:05:00,2024-03-01
202400033167,19:30,Plein jour,94,94081,2,3,1,1.0,Rue Mario Capra / Avenue Rabelais,48.78324,2.3898,19:30:00,2024-05-16
202400033168,14:29,Plein jour,75,75108,2,4,1,2.0,BOULEVARD MALESHERBES,48.871031,2.322461,14:29:00,2024-04-08
202400033169,08:35,Plein jour,57,57433,1,1,1,5.0,Autoroute A31,49.1958,6.1752,08:35:00,2024-01-08
202400033170,21:35,,973,97302,2,3,1,3.0,BADUEL (ROUTE DE),4.92880868,-52.29472071,21:35:00,2024-02-29
202400033171,15:00,Plein jour,94,94067,2,1,2,4.0,Avenue de Paris,48.84608,2.42174,15:00:00,2024-05-17
202400033172,14:14,Plein jour,75,75104,2,3,2,7.0,QUAI DES CELESTINS,48.852435,2.360551,14:14:00,2024-04-09
202400033173,08:30,Plein jour,94,94033,2,3,1,3.0,Avenue de Lattre de Tassigny / Rue des Marais,48.85784,2.49149,08:30:00,2024-05-15
202400033174,21:25,Nuit avec éclairage,33,33366,1,9,1,2.0,Unknown,44.98031,-0.42981,21:25:00,2024-01-19
202400033175,06:14,Crépuscule,69,69387,2,8,1,3.0,Avenue Tony Garnier,45.73163,4.82404,06:14:00,2024-03-01
202400033176,13:10,Plein jour,75,75103,2,1,2,3.0,BOULEVARD SAINT MARTIN,48.868323,2.359621,13:10:00,2024-04-09
202400033177,14:30,Plein jour,94,94028,2,1,1,6.0,Rue de Brie,48.784415,2.470027,14:30:00,2024-05-16
202400033178,11:25,Plein jour,972,97209,2,9,1,6.0,PAUL NARDAL (AVENUE),14.61016,-61.0733,11:25:00,2024-03-01
202400033179,15:20,Plein jour,33,33013,1,9,2,2.0,Unknown,44.866763,-0.50383,15:20:00,2024-01-18
202400033180,09:30,Plein jour,75,75104,2,1,1,7.0,VOIE GEORGES POMPIDOU,48.85112,2.36112,09:30:00,2024-04-09
202400033181,18:20,Plein jour,94,94054,2,1,1,6.0,17 Rue Victor Hugo,48.74522032,2.40447599,18:20:00,2024-05-17
202400033182,07:15,Plein jour,971,97101,1,1,1,3.0,BESSON,16.23718,-61.51165,07:15:00,2024-02-24
202400033183,02:15,,75,75101,2,3,1,6.0,RUE DE RIVOLI,48.858504,2.348215,02:15:00,2024-04-09
202400033184,08:10,Crépuscule,33,33487,1,1,2,3.0,Unknown,44.94534,-0.46564,08:10:00,2024-01-18
202400033185,08:03,Plein jour,94,94059,2,3,1,6.0,avenue ardouin / allée de wagrowiec,48.80906353,2.57376328,08:03:00,2024-05-17
202400033186,08:45,Plein jour,94,94017,2,1,1,7.0,Avenue Jack Gourévitch,48.82284433,2.49032432,08:45:00,2024-05-17
202400033187,00:15,Nuit sans éclairage,93,93006,1,1,8,3.0,A3,48.86954736,2.42993693,00:15:00,2024-01-19
202400033188,18:00,Nuit sans éclairage,971,97113,1,1,2,1.0,SECTION PLIANE,16.21422,-61.466,18:00:00,2024-02-23
202400033189,20:20,Crépuscule,94,94042,2,2,1,3.0,Avenue du Général Galliéni / Avenue Pauline,48.82004,2.478141,20:20:00,2024-04-08
202400033190,03:50,Nuit sans éclairage,93,93007,1,1,4,6.0,A3,48.93263882,2.48078248,03:50:00,2024-01-18
202400033191,12:45,Plein jour,94,94004,2,3,1,3.0,Rue de Valenton / Rue de la Procession,48.74411779,2.50512262,12:45:00,2024-05-14
202400033192,10:40,Plein jour,971,97113,2,9,1,1.0,MONTAUBAN (SECTEUR),16.212961,-61.50039732,10:40:00,2024-01-29
202400033193,07:20,Plein jour,94,94046,2,2,1,6.0,Avenue de la République / Avenue Gambetta,48.80654,2.44324,07:20:00,2024-04-09
202400033194,09:55,Plein jour,77,77175,1,1,1,2.0,RN104,48.672153,2.61152,09:55:00,2024-01-19
202400033195,18:55,Plein jour,94,94002,2,3,1,1.0,Rue Emile Zola / Rue des Oeillets,48.79903,2.42436,18:55:00,2024-05-17
202400033196,07:00,Plein jour,976,97611,2,1,3,6.0,mgombani-Mahabou (rue de ),-12.78353,45.23326,07:00:00,2024-01-18
202400033197,06:50,Plein jour,971,97101,1,1,1,3.0,ROUTE DE BOULIQUI,16.28594,-61.46031,06:50:00,2024-02-18
202400033198,21:10,,94,94037,2,3,1,3.0,Avenue Paul Vaillant-Couturier / Rue Benoît Malon,48.81629,2.34165,21:10:00,2024-04-08
202400033199,17:05,Plein jour,94,94002,2,1,1,2.0,Quai Blanqui,48.81412,2.41139,17:05:00,2024-05-16
202400033200,11:55,Plein jour,974,97407,1,1,1,7.0,ROUTE NATIONALE N° 1,-20.9518,55.3173,11:55:00,2024-01-18
202400033201,11:15,Plein jour,95,95268,2,1,2,6.0,MUETTE (BOULEVARD DE LA) ,48.9729754,2.42103159,11:15:00,2024-03-01
202400033202,17:20,Plein jour,77,77282,2,1,1,6.0,CHAPIT RE ( RUE DU),49.01466904,2.56419218,17:20:00,2024-05-17
202400033203,00:01,,94,94081,2,1,2,6.0,86 Avenue Paul Vaillant Couturier,48.79461331,2.39692309,00:01:00,2024-04-09
202400033204,17:40,Plein jour,972,97213,1,1,1,3.0,AUTOROUTE A1,14.61845,-61.03071,17:40:00,2024-01-18
202400033205,19:20,,95,95555,2,1,3,3.0,PIERRE CURIE (RUE),48.96347,2.27893,19:20:00,2024-03-01
202400033206,10:32,Plein jour,93,93066,2,2,1,1.0,Avenue de Verdun / Rue d'Argenteuil,48.942952,2.366676,10:32:00,2024-05-17
202400033207,13:48,Plein jour,93,93077,2,1,1,3.0,Rue Laënnec,48.88028,2.49612,13:48:00,2024-05-17
202400033208,06:10,Plein jour,972,97213,2,2,1,2.0,ROUTE NATIONALE 1,14.6198,-61.00512,06:10:00,2024-01-18
202400033209,09:30,Plein jour,91,91645,2,9,2,3.0,GABRIEL PERI (AVENUE),48.73893,2.26703,09:30:00,2024-03-01
202400033210,17:00,Plein jour,93,93066,2,3,1,3.0,COLONEL FABIEN (AVENUE),48.94481657,2.35347246,17:00:00,2024-04-09
202400033211,12:45,Plein jour,972,97209,2,1,1,6.0,ROBERT ATTULY (BOULEVARD),14.60224,-61.07786,12:45:00,2024-01-18
202400033212,18:56,Plein jour,93,93055,2,1,8,2.0,Quai de l’Ourcq,48.89538,2.40895,18:56:00,2024-05-17
202400033213,02:10,,84,84007,2,1,1,6.0,SAINT LAZARE (Boulevard),43.95169,4.8195,02:10:00,2024-03-02
202400033214,05:00,,93,93062,2,2,1,6.0,Allée de Montfermeil / Allée du Château d'Eau,48.89644,2.52935,05:00:00,2024-04-09
202400033215,19:35,Nuit sans éclairage,83,83126,1,1,1,6.0,VAROISE (CORNICHE),43.05880445,5.85809573,19:35:00,2024-02-29
202400033216,08:15,Plein jour,972,97209,2,3,1,3.0,PROFESSEUR RAYMOND GARCIN (RUE DU),14.61788,-61.07814,08:15:00,2024-01-18
202400033217,16:45,Plein jour,93,93053,2,3,2,5.0,Rue du Parc / Avenue de Bobigny,48.8955,2.4435,16:45:00,2024-05-14
202400033218,20:35,Crépuscule,93,93055,2,1,1,2.0,Rue de Moscou,48.890761,2.405145,20:35:00,2024-04-08
202400033219,18:30,,69,69385,2,2,3,6.0,Rue Joliot Curie,45.75471,4.78871,18:30:00,2024-01-18
202400033220,16:50,Plein jour,83,83061,2,1,1,1.0,AVENUE DES HIRONDELLES,43.45818,6.76437,16:50:00,2024-02-16
202400033221,18:45,Plein jour,93,93049,2,2,1,3.0,Rue de la Pelouse / Rue Médéric,48.8681,2.502,18:45:00,2024-05-17
202400033222,13:00,Plein jour,971,97107,2,9,2,6.0,DUMANOIR ( ALLEE ),16.04079,-61.5648,13:00:00,2024-01-16
202400033223,16:00,Plein jour,93,93049,2,2,2,3.0,Boulevard Galliéni / Rue Edgar Quinet,48.85282,2.51322,16:00:00,2024-04-09
202400033224,19:15,Plein jour,93,93032,2,1,1,6.0,Allée du Plateau,48.89662,2.53682,19:15:00,2024-05-15
202400033225,10:00,Plein jour,82,82121,2,6,8,3.0,avenue leon gambetta,44.01912,1.35968,10:00:00,2024-03-01
202400033226,11:18,Plein jour,2A,2A004,2,9,1,2.0,GEORGES POMPIDOU AVENUE,41.93379,8.75365,11:18:00,2024-01-18
202400033227,18:30,Plein jour,93,93046,2,1,1,6.0,Allée Jean Coulon,48.92854472,2.55621529,18:30:00,2024-04-09
202400033228,15:20,Plein jour,93,93047,2,2,1,3.0,Avenue des Charmilles / Avenue des Myosotis,48.89242,2.54883,15:20:00,2024-05-17
202400033229,07:00,,2A,2A004,2,1,2,2.0,#ROUTE DU STILETTO#,41.94666,8.77257,07:00:00,2024-01-18
202400033230,12:45,Plein jour,79,79329,2,3,8,6.0,Unknown,46.980323,-0.21241,12:45:00,2024-03-01
202400033231,15:20,Plein jour,92,92073,2,9,1,6.0,LECLERC (PLACE DU GENERAL),48.86948,2.22659,15:20:00,2024-04-08
202400033232,20:45,Plein jour,93,93010,2,1,1,2.0,Avenue de Rosny,48.899725,2.470977,20:45:00,2024-05-17
202400033233,09:30,Plein jour,91,91692,1,6,4,2.0,RD 35,48.67388,2.19446,09:30:00,2024-01-18
202400033234,13:00,Plein jour,92,92051,2,9,1,3.0,GEORGES SEURAT (BOULEVARD),48.89432555,2.26723945,13:00:00,2024-04-09
202400033235,08:20,Crépuscule,79,79191,2,2,2,1.0,Unknown,46.32169,-0.45554,08:20:00,2024-03-01
202400033236,23:55,,93,93010,2,3,1,3.0,Rue Jules Guesde / Rue Gatine,48.903652,2.477092,23:55:00,2024-05-16
202400033237,17:45,,91,91286,1,1,1,4.0,EMILE ALLIAUD (AVENUE),48.64973,2.38497,17:45:00,2024-01-18
202400033238,16:15,Plein jour,93,93005,2,1,1,3.0,Route de Bondy,48.925444,2.490736,16:15:00,2024-05-17
202400033239,09:20,Plein jour,78,78650,2,2,2,3.0,PRINCESSE (AVENUE DE LA),48.886868,2.135025,09:20:00,2024-03-01
202400033240,11:45,Plein jour,92,92050,2,3,1,5.0,CLEMENCEAU GEORGES AVENUE N°IMPAIR,48.8866541,2.20665103,11:45:00,2024-04-09
202400033241,07:50,Plein jour,93,93001,2,1,1,6.0,Rue Charles Tillon,48.919285,2.393653,07:50:00,2024-05-17
202400033242,08:40,Plein jour,91,91174,2,6,8,3.0,PAUL MAINTENANT (AVENUE),48.61103,2.45336,08:40:00,2024-01-18
202400033243,17:40,Plein jour,92,92020,2,1,1,3.0,REPUBLIQUE AV. N°27 A 105 ET 26 A 178,48.80811,2.29951,17:40:00,2024-04-09
202400033244,07:00,Crépuscule,77,77373,2,6,1,3.0,PARIS (ROUTE DE ),48.77850158,2.58622753,07:00:00,2024-03-01
202400033245,08:14,Plein jour,84,84081,2,2,2,6.0,CARDINAL BERTRAND (Cours)-MONTFAVET,43.94105,4.90959,08:14:00,2024-01-17
202400033246,15:36,Plein jour,92,92033,2,1,1,4.0,BUZENVAL,48.85201508,2.20460826,15:36:00,2024-05-17
202400033247,16:00,Plein jour,92,92020,2,1,1,3.0,REPUBLIQUE AV. N°27 A 105 ET 26 A 178,48.80265783,2.29700232,16:00:00,2024-04-08
202400033248,18:15,,83,83126,2,9,1,3.0,Ytzhak RABIN - D63,43.1149457,5.8714477,18:15:00,2024-01-15
202400033249,19:10,Plein jour,92,92040,2,1,1,6.0,VERDUN (AVENUE DE) DU 115 AU 149,48.81785343,2.24994403,19:10:00,2024-05-16
202400033250,09:15,Plein jour,77,77464,2,3,9,1.0,AVISE  (RUE D'),48.88298,2.71492,09:15:00,2024-03-01
202400033251,20:15,,77,77169,2,1,1,7.0,CLOS DE L'AUMONE (BOULEVARD DU),48.82736,2.60006,20:15:00,2024-01-18
202400033252,14:25,Plein jour,92,92012,2,1,2,2.0,REINE (ROUTE DE LA) 1/37- 6/80,48.83906385,2.24729481,14:25:00,2024-04-09
202400033253,12:55,Plein jour,92,92036,2,1,1,3.0,GENERAL DE GAULLE (AVENUE) (PAIRS),48.93363889,2.31165218,12:55:00,2024-05-16
202400033254,16:00,Plein jour,77,77186,1,1,1,3.0,RD607,48.44356,2.64324,16:00:00,2024-02-28
202400033255,19:45,Nuit avec éclairage,76,76351,2,1,4,2.0,GEORGE V (QUAI),49.490934,0.113286,19:45:00,2024-01-17
202400033256,18:51,Plein jour,92,92007,2,1,1,3.0,BRIAND (AVENUE ARISTIDE) N° 100 A 160,48.79816116,2.32253194,18:51:00,2024-04-09
202400033257,08:40,Plein jour,92,92036,2,3,1,3.0,GRESILLONS (AVENUE DES) (141/215),48.91838401,2.30995417,08:40:00,2024-05-16
202400033258,12:00,Plein jour,76,76217,2,3,1,6.0,BLD DU MARECHAL JOFFRE,49.92286,1.07611,12:00:00,2024-01-18
202400033259,04:10,,76,76351,2,1,2,3.0,COLBERT (QUAI),49.49118,0.12584,04:10:00,2024-03-01
202400033260,00:40,,92,92026,2,9,1,3.0,VERDUN (DE 01 A 61),48.900241,2.26095915,00:40:00,2024-05-17
202400033261,17:45,Plein jour,92,92009,2,2,8,3.0,CHARLES-DE-GAULLE ( AVENUE ),48.91691,2.27306,17:45:00,2024-04-05
202400033262,13:30,Plein jour,72,72181,2,6,1,3.0,FALCONET ETIENNE (RUE),47.96916,0.21495,13:30:00,2024-01-18
202400033263,16:30,Plein jour,65,65304,1,1,1,7.0,D943,43.463547,0.006502,16:30:00,2024-04-10
202400033264,21:30,Crépuscule,92,92012,2,1,1,3.0,REPUBLIQUE (BOULEVARD DE LA) 79/FIN - 76,48.83343425,2.24432731,21:30:00,2024-05-17
202400033265,21:00,,74,74010,2,2,1,3.0,REPUBLIQUE (AVENUE DE LA),45.90645,6.11363,21:00:00,2024-03-01
202400033266,19:50,,72,72181,1,6,1,4.0,ALENCON (RTE D'),48.03141,0.17863,19:50:00,2024-01-17
202400033267,16:40,Plein jour,92,92002,2,1,1,3.0,GENERAL DE GAULLE (AVENUE DU),48.76382187,2.30840975,16:40:00,2024-05-16
202400033268,19:00,Nuit sans éclairage,73,73011,2,4,1,3.0,CASSINE (CH. DE LA) DE L. ARMAND A WINNE,45.65531376,6.36553024,19:00:00,2024-02-08
202400033269,16:20,Plein jour,69,69264,2,1,2,1.0,Route de Riottier,45.98004,4.73266,16:20:00,2024-01-18
202400033270,02:35,Nuit avec éclairage,33,33243,2,1,1,6.0,Unknown,44.943607,-0.235235,02:35:00,2024-05-18
202400033271,12:15,Plein jour,08,08268,1,3,2,3.0,départemenatle,49.5977248,4.91682118,12:15:00,2024-04-08
202400033272,19:00,Nuit sans éclairage,72,72181,2,1,2,3.0,ZOLA EMILE (BD) N° IMP 1 A 67,47.99464,0.19617,19:00:00,2024-02-29
202400033273,18:30,,69,69259,2,2,2,6.0,Rue Gambetta,45.69631,4.88381,18:30:00,2024-01-18
202400033274,05:11,Crépuscule,95,95116,1,1,5,1.0,D924,49.15997996,2.31983369,05:11:00,2024-05-18
202400033275,16:00,Plein jour,2A,2A348,1,1,1,1.0,RD81,42.111913,8.655789,16:00:00,2024-04-09
202400033276,11:20,Plein jour,71,71445,2,1,1,3.0,GRANDE RUE,46.77586,4.88889,11:20:00,2024-02-28
202400033277,18:00,,67,67447,2,3,2,3.0,GENERAL DE GAULLE (ROUTE DU),48.608093,7.73508,18:00:00,2024-01-17
202400033278,21:55,,33,33138,2,4,1,3.0,Unknown,45.042391,-0.125871,21:55:00,2024-05-10
202400033279,17:00,Plein jour,71,71550,1,1,1,6.0,A6 Pk 365.500 sens Lyon-Paris,46.498913,4.901211,17:00:00,2024-04-10
202400033280,17:50,Nuit sans éclairage,67,67482,2,8,2,6.0,BRANTOME (RUE),48.54886,7.76587,17:50:00,2024-01-17
202400033281,12:00,Plein jour,69,69275,2,1,1,5.0,Avenue Jean Jaurès,45.77108,4.96145,12:00:00,2024-03-01
202400033282,05:15,Nuit sans éclairage,51,51398,1,1,1,7.0,RD 24,49.13899824,3.83969551,05:15:00,2024-04-07
202400033283,12:50,Plein jour,33,33030,2,3,2,1.0,Unknown,44.601583,-0.336451,12:50:00,2024-05-17
202400033284,18:30,,66,66136,2,3,1,3.0,Unknown,42.69049277,2.88547218,18:30:00,2024-01-18
202400033285,11:00,Plein jour,84,84137,1,1,1,6.0,Chemin des Bois Communaux,44.217362,5.067648,11:00:00,2024-05-18
202400033286,23:20,,69,69259,1,1,1,2.0,Boulevard Laurent Bonnevay,45.71876,4.87181,23:20:00,2024-03-01
202400033287,19:10,Plein jour,41,41091,1,1,1,6.0,Autoroute A10 - PK 155.300,47.618,1.26,19:10:00,2024-04-09
202400033288,18:20,Nuit sans éclairage,66,66136,1,9,1,2.0,Avenue Rosette BLANC,42.69945,2.91132,18:20:00,2024-01-17
202400033289,18:30,Plein jour,83,83054,1,1,1,2.0,A57 PK 009.050,43.160685,6.048714,18:30:00,2024-05-17
202400033290,05:50,Nuit sans éclairage,62,62820,1,1,1,1.0,D939,50.352471,2.504368,05:50:00,2024-04-10
202400033291,07:03,,63,63113,2,6,3,3.0,M69-Bd Daniel Mayer,45.79313,3.09586,07:03:00,2024-01-18
202400033292,11:20,Plein jour,69,69271,2,9,1,3.0,Avenue Charles de Gaulle,45.73854029,4.93565783,11:20:00,2024-03-01
202400033293,05:50,Plein jour,972,97221,1,1,1,2.0,N5,14.508002,-60.981481,05:50:00,2024-05-18
202400033294,22:00,,57,57143,2,1,2,6.0,PALISSADES (RUE DES),49.2639,6.09922,22:00:00,2024-01-17
202400033295,12:05,Plein jour,972,97231,1,1,1,1.0,D7,14.535177,-61.050339,12:05:00,2024-05-17
202400033296,08:55,Plein jour,69,69029,2,3,1,3.0,Montée des Charmilles,45.72482,4.89053,08:55:00,2024-02-29
202400033297,19:30,Plein jour,51,51083,1,3,1,3.0,D68,49.031186,4.844112,19:30:00,2024-04-09
202400033298,21:30,Nuit sans éclairage,59,59601,1,1,1,2.0,D963,50.07180845,4.10815673,21:30:00,2024-04-09
202400033299,13:50,Plein jour,51,51454,2,1,4,3.0,DUMONT D'URVILLE (RUE),49.2281,4.03756,13:50:00,2024-01-18
202400033300,20:45,,69,69199,2,3,1,1.0,Boulevard Yves Farge,45.7009,4.85617,20:45:00,2024-02-28
202400033301,16:50,Plein jour,76,76736,1,1,1,1.0,Route de Fécamp,49.845856,0.577356,16:50:00,2024-04-10
202400033302,02:00,Nuit sans éclairage,35,35337,1,1,2,7.0,La Chauvetais,48.297284,-1.819353,02:00:00,2024-05-18
202400033303,06:27,,51,51454,2,2,4,7.0,DIANCOURT (BOULEVARD) COTE PAIR,49.244008,4.049513,06:27:00,2024-01-18
202400033304,08:14,Plein jour,64,64545,1,1,1,1.0,BRETELLE DE SOCOA RD 913 (BRETELLE),43.38477,-1.69673,08:14:00,2024-03-01
202400033305,19:00,Plein jour,2A,2A271,1,1,1,3.0,T22,41.95378214,8.79091054,19:00:00,2024-04-08
202400033306,12:40,Plein jour,06,06064,2,1,1,7.0,525 Route de la Manda,43.764098,7.177339,12:40:00,2024-05-18
202400033307,12:00,Plein jour,50,50129,2,6,2,2.0,LEMONNIER (AVENUE AMIRAL),49.63451,-1.61367,12:00:00,2024-01-17
202400033308,13:10,Plein jour,62,62215,1,1,1,6.0,D917,50.47999505,2.96342083,13:10:00,2024-02-13
202400033309,20:40,,71,71373,1,1,1,6.0,Route des Alpes,46.50895244,5.06160025,20:40:00,2024-04-10
202400033310,14:45,Plein jour,59,59553,2,1,1,2.0,Rue Clemenceau,50.598198,2.938762,14:45:00,2024-05-18
202400033311,16:05,Plein jour,61,61418,1,1,8,6.0,D5,48.523561,0.638778,16:05:00,2024-04-06
202400033312,08:15,,49,49267,2,1,2,3.0,CHENE VERT,47.47142,-0.51488,08:15:00,2024-01-17
202400033313,12:55,Plein jour,61,61006,1,2,1,3.0,D15 PR0+176,48.745271,-0.038772,12:55:00,2024-02-27
202400033314,17:35,Plein jour,68,68203,1,1,1,7.0,Rue de Réguisheim,47.90687716,7.29762646,17:35:00,2024-05-17
202400033315,18:15,Plein jour,25,25406,1,1,1,1.0,D102,47.134009,6.041965,18:15:00,2024-04-10
202400033316,07:35,,45,45169,2,1,2,2.0,151 Route Nationale,47.92779,1.841355,07:35:00,2024-01-18
202400033317,10:50,Plein jour,71,71570,1,1,2,1.0,D139,46.858056,4.965144,10:50:00,2024-05-18
202400033318,06:55,,59,59512,2,2,2,6.0,Rue de Lille,50.6837,3.16326,06:55:00,2024-02-29
202400033319,00:30,Nuit sans éclairage,29,29020,1,1,1,6.0,route de morlaix,48.04487457,-4.06293574,00:30:00,2024-04-10
202400033320,09:00,Plein jour,12,12115,1,1,3,7.0,A 75 243+000,43.979834,3.187661,09:00:00,2024-05-18
202400033321,07:50,,45,45234,2,3,2,3.0,66 Rue Malakoff,47.90998,1.933715,07:50:00,2024-01-18
202400033322,09:30,Plein jour,59,59286,2,6,7,6.0,ENGLOS RUE D,50.612216,2.973178,09:30:00,2024-02-13
202400033323,18:50,Plein jour,29,29172,1,1,1,6.0,Launay Bric,48.18517,-4.224946,18:50:00,2024-04-09
202400033324,09:30,Plein jour,38,38229,2,6,2,6.0,1 rue des peupliers,45.214974,5.780538,09:30:00,2024-03-27
202400033325,16:48,Plein jour,21,21650,1,1,1,5.0,D35,47.255772,4.852481,16:48:00,2024-05-17
202400033326,20:25,,56,56260,2,2,1,3.0,SERVEL(RUE PIERRE),47.64639,-2.76288,20:25:00,2024-02-27
202400033327,15:45,Plein jour,45,45068,2,2,1,2.0,13 Rue Saint-Just,48.00498,2.71848,15:45:00,2024-01-18
202400033328,15:00,Plein jour,62,62655,1,1,1,6.0,D939,50.38730324,2.24540353,15:00:00,2024-05-18
202400033329,07:50,Plein jour,43,43130,1,2,8,3.0,La Detourbe,45.033198,4.248147,07:50:00,2024-04-08
202400033330,21:10,,37,37122,2,2,8,1.0,BORDEAUX (AVENUE DE),47.35558658,0.69863212,21:10:00,2024-01-18
202400033331,17:45,Plein jour,51,51380,1,1,1,7.0,route départiementale 933,48.873741,3.581618,17:45:00,2024-05-17
202400033332,18:30,,54,54339,2,1,1,1.0,RM 32,48.73217,6.18365,18:30:00,2024-03-01
202400033333,16:30,Plein jour,07,07349,1,9,1,3.0,D86E,44.814971,4.792174,16:30:00,2024-04-10
202400033334,08:00,,37,37208,2,1,2,6.0,GRANGES GALANT (RUE DES),47.36926,0.71899,08:00:00,2024-01-17
202400033335,07:08,Crépuscule,53,53029,1,1,1,6.0,La Normandiere,47.80252259,-0.49773986,07:08:00,2024-04-10
202400033336,18:35,,51,51454,2,2,1,3.0,CHALET (RUE),49.26461,4.05158,18:35:00,2024-03-01