Num_Acc,hrmn,lum,dep,com,agg,int,atm,col,adr,lat,long,heure,date
202400033337,15:36,Plein jour,76,76357,1,1,1,4.0,RD 925,49.59405834,0.26509809,15:36:00,2024-05-17
202400033338,09:42,Plein jour,34,34108,2,1,8,6.0,MAL JUIN (AVENUE DU),43.43853119,3.7425895,09:42:00,2024-01-18
202400033339,12:40,Plein jour,51,51168,1,1,1,6.0,Route Départementale 977,48.91466,4.31367,12:40:00,2024-03-01
202400033340,16:30,Plein jour,21,21496,2,9,1,7.0,1 Rue du 8 Mai 1945,47.304242,5.417642,16:30:00,2024-04-06
202400033341,09:20,Plein jour,34,34172,2,9,1,3.0,MENDE (ROUTE DE),43.62957,3.87026,09:20:00,2024-01-18
202400033342,15:30,Plein jour,2A,2A324,1,2,1,2.0,t20,42.075108,9.002974,15:30:00,2024-05-17
202400033343,16:30,Plein jour,08,08388,1,2,1,3.0,Unknown,49.696197,4.727603,16:30:00,2024-04-10
202400033344,20:00,,50,50129,2,2,2,3.0,PAIX (RUE DE LA),49.65291,-1.65394,20:00:00,2024-02-24
202400033345,17:00,Crépuscule,31,31555,1,1,1,2.0,24 EMPALOT  (PERIPH OUEST A620),43.64152097,1.4218139,17:00:00,2024-01-18
202400033346,19:15,Plein jour,82,82134,2,1,1,1.0,Route de Montricoux,44.072573,1.538596,19:15:00,2024-05-18
202400033347,10:48,Plein jour,47,47001,1,9,1,3.0,MIDI (AVENUE DU),44.18149,0.61901,10:48:00,2024-03-01
202400033348,19:30,Crépuscule,08,08003,1,1,1,1.0,D58,49.768515,4.745938,19:30:00,2024-04-07
202400033349,15:48,Plein jour,71,71230,1,1,1,3.0,Avenue Léon Blum,46.588044,4.060285,15:48:00,2024-05-18
202400033350,13:35,Plein jour,31,31483,2,2,1,3.0,FOCH (AVENUE DU MARECHAL),43.10551,0.71646,13:35:00,2024-01-18
202400033351,19:15,Plein jour,71,71014,1,1,1,6.0,D978 route de Chateau Chinon,46.980245,4.255915,19:15:00,2024-05-18
202400033352,22:10,Nuit sans éclairage,38,38401,1,1,3,2.0,A43,45.56023332,5.41192549,22:10:00,2024-04-09
202400033353,16:55,Plein jour,46,46042,2,3,8,2.0,ORMEAUX (COTE DES),44.46393,1.42856,16:55:00,2024-01-19
202400033354,16:25,Plein jour,41,41280,2,1,1,6.0,Rue de Belle-croix,47.298052,1.768123,16:25:00,2024-05-18
202400033355,22:45,,971,97106,2,1,1,2.0,Rue de Fromager,16.163245,-61.77542,22:45:00,2024-04-09
202400033356,16:20,Plein jour,27,27681,2,1,1,2.0,ANDRE (RUE GEORGES),49.07631,1.48692,16:20:00,2024-01-18
202400033357,20:15,Crépuscule,68,68307,1,1,2,1.0,route départementale 466,47.805935,6.858644,20:15:00,2024-05-17
202400033358,14:30,Plein jour,45,45234,2,2,1,3.0,131 Rue du Petit Pont,47.92279,1.92967,14:30:00,2024-03-01
202400033359,08:45,Plein jour,77,77273,1,3,1,3.0,D401 / D41,49.04796,2.747199,08:45:00,2024-04-10
202400033360,18:30,Plein jour,22,22294,1,1,3,7.0,Lieu Dit Crech Macouz D767,48.365887,-3.08085,18:30:00,2024-05-17
202400033361,18:05,,27,27229,2,1,2,3.0,MOULIN (RUE JEAN),49.01163,1.15234,18:05:00,2024-01-17
202400033362,18:45,Plein jour,78,78548,1,1,1,6.0,Rue des 17 Tournants,48.709527,2.001571,18:45:00,2024-04-06
202400033363,09:30,Plein jour,22,22255,2,3,1,6.0,Rue des Marnotiers,48.183289,-2.634251,09:30:00,2024-05-18
202400033364,19:30,Nuit sans éclairage,26,26362,1,3,1,3.0,Route d'Alixan,44.94932,4.93773,19:30:00,2024-01-11
202400033365,03:15,,44,44109,2,1,1,6.0,3 Rue Racine,47.21342,-1.5631,03:15:00,2024-03-01
202400033366,14:04,Plein jour,63,63284,2,7,1,3.0,place de la Croix Blanche,45.79925,3.244263,14:04:00,2024-04-10
202400033367,07:45,,25,25462,2,2,2,6.0,SALENGRO ROGER PLACE,46.90379,6.35223,07:45:00,2024-01-18
202400033368,13:00,Plein jour,37,37122,2,1,1,3.0,CHANTEPIE (RUE DE),47.35654,0.6626,13:00:00,2024-03-01
202400033369,16:30,Plein jour,69,69005,1,1,1,1.0,Route Départementale 51,45.923976,4.74854,16:30:00,2024-04-08
202400033370,09:20,Plein jour,81,81117,1,1,2,6.0,D43,43.80346,2.0449449,09:20:00,2024-04-10
202400033371,16:39,Plein jour,14,14366,2,6,1,7.0,2 Rue Rose Harel,49.14263,0.22274,16:39:00,2024-01-16
202400033372,07:25,Crépuscule,25,25406,2,1,1,6.0,D102,47.138881,6.0438,07:25:00,2024-05-18
202400033373,08:13,Plein jour,36,36063,1,2,1,3.0,Rue de Boislarge,46.84034055,1.70169532,08:13:00,2024-03-01
202400033374,17:30,Plein jour,17,17351,1,1,1,7.0,D123,45.822863,-1.068871,17:30:00,2024-04-03
202400033375,19:00,Nuit avec éclairage,14,14137,1,1,4,6.0,N814,49.187964,-0.423804,19:00:00,2024-01-17
202400033376,11:15,Plein jour,26,26113,1,1,1,3.0,Route de Valence,44.767745,5.318477,11:15:00,2024-05-18
202400033377,10:20,Plein jour,13,13106,2,9,1,7.0,8 MAI 1945 (AVENUE DU),43.38867,5.36056,10:20:00,2024-01-18
202400033378,19:08,Plein jour,56,56246,1,3,1,1.0,Rue gaspard monge,48.050227,-2.960252,19:08:00,2024-04-10
202400033379,01:40,Nuit sans éclairage,06,06105,1,1,1,6.0,601 route de la colle,43.678185,7.042006,01:40:00,2024-05-18
202400033380,08:30,Plein jour,35,35238,1,1,2,4.0,PORTE DE LORIENT,48.1122,-1.71855,08:30:00,2024-03-01
202400033381,08:45,Plein jour,59,59611,2,3,1,2.0,Rue de Perenchies,50.67831913,2.99347937,08:45:00,2024-04-10
202400033382,08:45,Plein jour,50,50359,1,3,1,3.0,Route de Milly St-jean-du-corail,48.605021,-0.891502,08:45:00,2024-05-14
202400033383,09:45,Plein jour,34,34172,2,1,1,2.0,BECQUEREL (RUE HENRI),43.61654,3.9141,09:45:00,2024-03-01
202400033384,12:10,Plein jour,13,13213,2,2,8,3.0,ALBERT EINSTEIN (RUE),43.34351,5.44625,12:10:00,2024-01-17
202400033385,07:45,Plein jour,13,13215,1,1,2,2.0,A507 sens Aubagne- Marseille,43.34525729,5.37428047,07:45:00,2024-04-09
202400033386,08:50,Plein jour,34,34172,2,1,1,6.0,PENELOPE (BOULEVARD),43.60184,3.91787,08:50:00,2024-02-26
202400033387,14:45,Plein jour,13,13047,1,4,1,3.0,D.5,43.58521,4.94578,14:45:00,2024-01-12
202400033388,12:50,Plein jour,34,34172,2,9,1,7.0,MONTELS SAINT PIERRE (RUE),43.58572,3.87663,12:50:00,2024-02-29
202400033389,20:00,Plein jour,69,69259,1,1,1,3.0,Boulevard Laurent Bonnevay,45.71822442,4.86847152,20:00:00,2024-04-08
202400033390,12:40,Plein jour,45,45014,1,1,1,7.0,D130 PR 0 + 669,48.198749,2.371287,12:40:00,2024-05-17
202400033391,10:25,Plein jour,11,11069,2,1,1,6.0,2 Rue Joseph Anglade,43.20235,2.32906,10:25:00,2024-01-18
202400033392,07:00,Plein jour,91,91434,1,1,1,2.0,AUTOROUTE A6,48.66955,2.3501,07:00:00,2024-04-09
202400033393,11:30,Plein jour,45,45098,2,1,1,3.0,D951 PR 106 + 296,47.819094,1.753636,11:30:00,2024-05-12
202400033394,10:35,Plein jour,33,33063,2,2,2,3.0,Unknown,44.83659,-0.5989,10:35:00,2024-03-01
202400033395,08:00,Crépuscule,07,07316,2,9,2,2.0,MONTGOLFIERS (AVENENUE DES FRERES),44.89236,4.85053,08:00:00,2024-01-18
202400033396,19:00,Plein jour,78,78466,1,2,1,3.0,A13,48.92614,1.99752,19:00:00,2024-04-08
202400033397,14:10,Plein jour,06,06069,2,1,1,3.0,Avenue Jean Maubert (ancienne route du Plan),43.65325,6.94558,14:10:00,2024-01-18
202400033398,12:30,Plein jour,18,18206,1,2,1,3.0,Unknown,47.147138,2.3569,12:30:00,2024-05-18
202400033399,13:00,Plein jour,33,33529,2,6,2,2.0,Unknown,44.605026,-1.130651,13:00:00,2024-03-01
202400033400,09:40,Plein jour,92,92050,1,1,1,6.0,A14,48.90183264,2.20286349,09:40:00,2024-04-08
202400033401,07:00,Plein jour,10,10225,1,1,5,6.0,D619,48.50604726,3.56229544,07:00:00,2024-05-18
202400033402,09:13,Plein jour,92,92050,1,1,1,3.0,A14,48.89897612,2.21449023,09:13:00,2024-04-08
202400033403,13:24,Plein jour,75,75101,2,3,2,3.0,RUE SAINT HONORE,48.865098,2.331606,13:24:00,2024-01-17
202400033404,16:45,Plein jour,30,30325,1,1,3,6.0,D999,43.990514,3.688574,16:45:00,2024-05-14
202400033405,06:20,Nuit avec éclairage,92,92072,1,1,1,6.0,N118,48.82701466,2.2242259,06:20:00,2024-04-08
202400033406,18:45,,31,31555,2,1,2,3.0,AV DE GRANDE BRETAGNE,43.5983,1.4185,18:45:00,2024-02-29
202400033407,20:00,Plein jour,93,93066,1,1,1,2.0,A86,48.92480847,2.34052802,20:00:00,2024-04-09
202400033408,11:25,Plein jour,75,75105,2,3,2,3.0,QUAI DE LA TOURNELLE,48.850406,2.353521,11:25:00,2024-01-17
202400033409,07:20,,29,29019,2,1,1,3.0,rue Yves Collet,48.389467,-4.483134,07:20:00,2024-03-08
202400033410,19:10,Plein jour,93,93064,1,1,1,4.0,A86,48.87467004,2.47902095,19:10:00,2024-04-09
202400033411,14:45,Plein jour,75,75119,2,1,9,3.0,RUE MANIN,48.882743,2.383655,14:45:00,2024-01-18
202400033412,06:50,Plein jour,67,67045,1,1,1,7.0,RD500 pk4+000,48.489961,7.507524,06:50:00,2024-05-16
202400033413,01:30,,29,29019,2,1,2,6.0,rue de Kiel,48.386337,-4.464993,01:30:00,2024-03-01
202400033414,07:40,,75,75118,2,2,3,6.0,BOULEVARD ORNANO,48.895995,2.345981,07:40:00,2024-01-17
202400033415,06:05,Crépuscule,34,34294,1,1,2,7.0,A9 Point Kilométrique 079+200,43.702777,4.116579,06:05:00,2024-05-18
202400033416,19:45,Plein jour,92,92036,1,1,1,4.0,AUTOROUTE A86,48.93788403,2.31487513,19:45:00,2024-04-09
202400033417,21:00,,28,28134,2,1,8,6.0,HARICOT (RUE LEON),48.73226,1.38058,21:00:00,2024-03-01
202400033418,07:30,Crépuscule,75,75115,2,1,2,6.0,RUE LOUIS ARMAND,48.833001,2.277506,07:30:00,2024-01-17
202400033419,19:30,Plein jour,92,92036,1,1,2,2.0,AUTOROUTE A86,48.93875792,2.30702162,19:30:00,2024-04-09
202400033420,17:47,Plein jour,91,91017,1,1,1,4.0,A10,48.599459,2.058917,17:47:00,2024-05-12
202400033421,20:20,,15,15012,2,1,3,2.0,RD 990,44.897384,2.467824,20:20:00,2024-02-29
202400033422,18:55,,75,75114,2,2,4,7.0,RUE RAYMOND LOSSERAND,48.831816,2.314141,18:55:00,2024-01-14
202400033423,17:15,Plein jour,93,93013,1,1,2,2.0,A1,48.94214126,2.43085243,17:15:00,2024-04-09
202400033424,16:55,Plein jour,15,15014,2,6,1,3.0,Avenue de Tronquières,44.90402,2.4268,16:55:00,2024-02-29
202400033425,19:25,,75,75108,2,2,3,6.0,RUE DE NAPLES,48.879862,2.320696,19:25:00,2024-01-17
202400033426,15:45,Plein jour,973,97311,1,1,2,5.0,route nationale 01,5.487716,-53.983984,15:45:00,2024-05-17
202400033427,07:15,Plein jour,95,95277,1,1,1,2.0,A3,48.98053765,2.49746035,07:15:00,2024-04-09
202400033428,10:25,Plein jour,77,77142,2,1,1,6.0,Rue de Montaudier,48.862209,2.943757,10:25:00,2024-05-17
202400033429,13:30,Plein jour,13,13054,2,9,1,3.0,FREDERIC MISTRAL (BD ),43.41563,5.21669,13:30:00,2024-03-01
202400033430,19:45,Plein jour,93,93066,1,1,1,3.0,A1,48.90987726,2.35801584,19:45:00,2024-04-08
202400033431,08:40,Plein jour,13,13213,2,1,1,3.0,PEYPIN (RUE DE),43.32669,5.42071,08:40:00,2024-03-01
202400033432,16:50,Plein jour,94,94058,2,3,2,2.0,Avenue du Président Roosevelt / Boulevard d'Alsace-lorraine,48.85253393,2.51115945,16:50:00,2024-01-17
202400033433,14:25,Plein jour,83,83053,1,1,1,1.0,Dn8,43.158972,5.840596,14:25:00,2024-05-18
202400033434,18:35,,94,94041,2,2,2,6.0,Rue Denis Papin / Rue Molière,48.81372,2.39535,18:35:00,2024-01-18
202400033435,19:40,Crépuscule,13,13001,2,3,1,3.0,R.N 7,43.57728336,5.38416681,19:40:00,2024-03-01
202400033436,19:25,Plein jour,83,83101,1,1,1,4.0,Route des Plages Rd93,43.24725128,6.64785572,19:25:00,2024-05-18
202400033437,13:00,Plein jour,94,94028,2,1,8,6.0,37 Rue de Valenton,48.78995,2.43904,13:00:00,2024-01-09
202400033438,15:00,Plein jour,06,06088,1,1,1,1.0,Avenue Jules Romains,43.73766,7.25389,15:00:00,2024-03-01
202400033439,10:30,Plein jour,83,83115,2,1,1,6.0,Avenue du 8 Mai 1945,43.310752,6.633253,10:30:00,2024-05-18
202400033440,17:55,,94,94047,2,1,2,1.0,Rue de Verdun,48.70321,2.54883,17:55:00,2024-01-17
202400033441,17:15,Plein jour,75,75118,2,1,1,3.0,PORTE DE SAINT OUEN,48.900675,2.333095,17:15:00,2024-02-27
202400033442,13:45,Plein jour,13,13059,2,1,1,2.0,1000 Route Departementale 561,43.643234,5.513474,13:45:00,2024-04-20
202400033443,00:01,,93,93046,2,3,2,6.0,Avenue Aristide Briand / Avenue Camille Desmoulins,48.91233,2.52247,00:01:00,2024-01-18
202400033444,11:30,Plein jour,93,93027,1,1,1,4.0,A1,48.93506284,2.40116641,11:30:00,2024-04-08
202400033445,03:35,,75,75119,2,1,1,6.0,BD PERIPHERIQUE EXTERIEUR,48.897213,2.394354,03:35:00,2024-02-29
202400033446,23:20,Nuit sans éclairage,67,67300,1,1,1,7.0,D127,48.56113,7.510314,23:20:00,2024-05-17
202400033447,08:40,,93,93066,2,1,4,7.0,Avenue du Président Wilson,48.91871108,2.35711992,08:40:00,2024-01-18
202400033448,11:45,Plein jour,88,88322,2,1,1,6.0,6 Rue de la Mairie,48.143709,6.681567,11:45:00,2024-05-14
202400033449,20:50,,75,75116,2,1,1,4.0,BD PERIPHERIQUE INTERIEUR,48.874364,2.275955,20:50:00,2024-02-28
202400033450,15:38,Plein jour,93,93010,1,1,1,7.0,A3,48.9081188,2.47308674,15:38:00,2024-04-08
202400033451,09:20,Plein jour,93,93077,2,2,4,3.0,Rue de la Montagne Savart / Rue Jeanne d’Arc / Avenue de la Bourdonnais,48.88399,2.519469,09:20:00,2024-01-18
202400033452,19:40,Crépuscule,42,42046,1,2,2,1.0,D8,45.646079,4.050803,19:40:00,2024-05-17
202400033453,19:45,,75,75116,2,1,1,2.0,BD PERIPHERIQUE INTERIEUR,48.874364,2.275955,19:45:00,2024-02-28
202400033454,21:25,,93,93051,2,1,3,6.0,Avenue des Yvris,48.8248,2.57784,21:25:00,2024-01-17
202400033455,05:40,,93,93032,2,3,4,7.0,Rue Contant / Rue Léon Hutin,48.88786518,2.53372695,05:40:00,2024-01-18
202400033456,08:00,Plein jour,69,69225,1,1,2,1.0,Route Départementale 38,45.874361,4.419626,08:00:00,2024-05-18
202400033457,18:20,Crépuscule,75,75119,2,1,1,1.0,QUAI DE LA GIRONDE,48.897756,2.382372,18:20:00,2024-02-27
202400033458,10:30,Plein jour,85,85211,1,9,1,6.0,RD12,46.60786,-1.55925,10:30:00,2024-05-17
202400033459,19:49,,92,92049,2,9,4,1.0,BROSSOLETTE AVENUE PIERRE,48.82218257,2.31409281,19:49:00,2024-01-18
202400033460,01:40,,75,75119,2,2,2,6.0,AVENUE JEAN JAURES,48.888781,2.393075,01:40:00,2024-03-01
202400033461,06:45,Plein jour,76,76164,1,1,1,6.0,Route du Trait,49.50807,0.782529,06:45:00,2024-05-18
202400033462,09:30,Plein jour,94,94073,1,1,1,3.0,A86,48.75424369,2.38104533,09:30:00,2024-04-09
202400033463,22:00,,92,92025,2,9,8,3.0,STALINGRAD (AV DE),48.93078879,2.26727929,22:00:00,2024-01-18
202400033464,18:08,,75,75118,2,2,3,3.0,BOULEVARD DE LA CHAPELLE,48.884508,2.361458,18:08:00,2024-03-01
202400033465,21:35,Nuit sans éclairage,51,51141,1,1,4,6.0,RN944 - SENS VITRY LE FRANÇOIS/CHALONS EN CHAMPAGNE,48.833559,4.532923,21:35:00,2024-01-14
202400033466,08:00,Crépuscule,83,83132,1,1,1,3.0,A57 PK 010.800,43.174958,6.048596,08:00:00,2024-01-18
202400033467,17:25,Plein jour,75,75118,2,3,1,6.0,BOULEVARD BARBES,48.884487,2.349488,17:25:00,2024-03-01
202400033468,15:52,Plein jour,75,75112,1,1,1,3.0,A4,48.81875414,2.45760083,15:52:00,2024-04-08
202400033469,18:00,Nuit sans éclairage,71,71494,1,1,1,6.0,Autoroute A6 PK 376.330 sens PARIS/LYON,46.4070902,4.85695082,18:00:00,2024-01-19
202400033470,16:40,Plein jour,13,13213,1,1,1,2.0,A507 sens Marseille - Aubagne,43.32227,5.42308,16:40:00,2024-05-15
202400033471,07:30,Nuit avec éclairage,67,67073,2,1,3,6.0,3 Route de Selestat,48.275175,7.404528,07:30:00,2024-01-18
202400033472,12:50,Plein jour,75,75118,2,2,2,6.0,RUE DU POTEAU,48.892766,2.343838,12:50:00,2024-03-01
202400033473,04:55,,974,97416,2,1,1,3.0,BONS ENFANTS (RUE DES),-21.33862,55.46973,04:55:00,2024-02-06
202400033474,18:30,Plein jour,69,69272,1,1,1,2.0,Autoroute 46,45.58916457,4.82280199,18:30:00,2024-05-17
202400033475,20:29,Nuit sans éclairage,01,01153,1,1,1,6.0,D984c,46.296781,6.043596,20:29:00,2024-01-15
202400033476,11:00,Plein jour,02,02722,2,3,3,6.0,4 Rue Saint-martin,49.37712,3.3287,11:00:00,2024-02-07
202400033477,13:00,Plein jour,69,69297,1,1,1,3.0,Autoroute 47 ,45.58807451,4.78829487,13:00:00,2024-04-30
202400033478,08:20,Plein jour,95,95352,1,1,7,2.0,D922,49.10324917,2.39694713,08:20:00,2024-01-16
202400033479,09:50,Plein jour,01,01424,1,1,2,6.0,A432N 6.750 A 6.850,45.858996,4.983484,09:50:00,2024-05-15
202400033480,14:15,Plein jour,56,56129,1,1,1,6.0,Couesnehan,48.120697,-2.496643,14:15:00,2024-01-18
202400033481,16:00,Plein jour,75,75116,2,1,1,6.0,RUE MICHEL ANGE,48.847257,2.263546,16:00:00,2024-03-01
202400033482,15:35,Plein jour,69,69383,2,1,1,3.0,13 Rue Professeur Paul Sisley,45.75155018,4.86861678,15:35:00,2024-04-08
202400033483,19:35,,75,75115,2,2,3,6.0,RUE DE LOURMEL,48.843773,2.286374,19:35:00,2024-03-01
202400033484,16:05,Plein jour,56,56123,1,3,1,1.0,La Ville Aubert,47.676008,-2.37472,16:05:00,2024-01-18
202400033485,17:14,Plein jour,33,33281,1,1,1,4.0,Unknown,44.84673,-0.67024,17:14:00,2024-05-17
202400033486,09:30,Plein jour,76,76746,1,1,1,6.0,4 La Grande Rue,49.806215,0.555335,09:30:00,2024-01-16
202400033487,11:45,Plein jour,75,75114,2,2,1,6.0,RUE D ALESIA,48.827473,2.334832,11:45:00,2024-03-01
202400033488,18:33,Plein jour,94,94065,1,1,1,2.0,A106,48.74959986,2.35641516,18:33:00,2024-05-17
202400033489,13:15,Plein jour,76,76101,2,3,1,6.0,Grande Rue Francois Mitterrand,49.931788,1.627908,13:15:00,2024-01-19
202400033490,17:58,Plein jour,92,92072,1,1,1,7.0,N118,48.82237883,2.22218066,17:58:00,2024-04-17
202400033491,06:00,Crépuscule,972,97213,1,1,1,6.0,LA HAUT (Chemin),14.65695,-60.97254,06:00:00,2024-04-08
202400033492,18:40,,75,75113,2,2,2,3.0,AVENUE DE LA PORTE D ITALIE,48.81888,2.359547,18:40:00,2024-03-01
202400033493,11:15,Plein jour,33,33546,1,1,2,1.0,D670,44.854289,-0.150092,11:15:00,2024-01-18
202400033494,17:53,Plein jour,78,78466,1,1,1,4.0,A13,48.928581,1.988439,17:53:00,2024-05-17
202400033495,09:25,Plein jour,75,75108,2,3,6,3.0,BOULEVARD MALESHERBES,48.880498,2.312956,09:25:00,2024-03-01
202400033496,18:30,Crépuscule,33,33348,2,2,1,3.0,Unknown,45.367366,-0.991355,18:30:00,2024-01-18
202400033497,09:30,Plein jour,92,92047,1,1,1,2.0,A13,48.83271459,2.15695103,09:30:00,2024-05-17
202400033498,07:55,Plein jour,972,97209,2,1,1,2.0,BISHOP (Avenue Maurice),14.60404,-61.06364,07:55:00,2024-04-08
202400033499,08:25,Plein jour,63,63055,1,1,1,6.0,Rd941,45.8449069,2.78637488,08:25:00,2024-01-19
202400033500,17:00,Plein jour,78,78158,1,1,1,2.0,A13,48.83148,2.147239,17:00:00,2024-05-16
202400033501,20:15,,75,75114,2,1,3,2.0,BD PERIPHERIQUE EXTERIEUR,48.81644,2.343045,20:15:00,2024-03-01
202400033502,09:34,Plein jour,92,92036,1,1,1,2.0,A86,48.93761642,2.29550867,09:34:00,2024-05-16
202400033503,19:14,,41,41233,1,1,2,6.0,Rue du Grain d'Or,47.439442,1.300924,19:14:00,2024-01-18
202400033504,20:20,Plein jour,93,93001,1,1,2,6.0,A86,48.92159219,2.37679124,20:20:00,2024-05-17
202400033505,20:25,,75,75107,2,2,1,1.0,AVENUE DE LA MOTTE PICQUET,48.857158,2.310094,20:25:00,2024-02-29
202400033506,08:00,Plein jour,86,86177,2,1,1,6.0,Rue de Cissé,46.672671,0.245619,08:00:00,2024-01-19
202400033507,07:05,Plein jour,93,93078,1,1,1,5.0,A104,48.96803426,2.50944335,07:05:00,2024-05-17
202400033508,07:05,Crépuscule,75,75101,2,2,1,3.0,RUE BERGER,48.860572,2.349372,07:05:00,2024-03-01
202400033509,10:50,Plein jour,44,44195,1,3,1,3.0,Route de Lavau,47.348081,-1.954896,10:50:00,2024-01-16
202400033510,16:55,Plein jour,972,97209,1,1,1,5.0,ZAMEO ZEPHIR (RUE),14.6406,-61.08165,16:55:00,2024-04-06
202400033511,07:30,Plein jour,93,93064,1,1,1,3.0,A86,48.87743609,2.47722387,07:30:00,2024-05-17
202400033512,11:40,Plein jour,94,94044,2,1,2,6.0,1 Avenue Gabriel Péri,48.754616,2.484691,11:40:00,2024-03-01
202400033513,16:50,Plein jour,44,44029,2,6,1,3.0,Boulevard  pasteur,47.267564,-1.342025,16:50:00,2024-01-18
202400033514,23:25,Nuit sans éclairage,93,93078,1,1,1,2.0,A104,48.96284268,2.52216842,23:25:00,2024-05-16
202400033515,10:55,Plein jour,35,35188,2,3,8,6.0,3 Rue de Coulon,48.135707,-1.955851,10:55:00,2024-01-16
202400033516,12:40,Plein jour,94,94046,2,2,2,6.0,Avenue Georges Clémenceau / Avenue Gambetta,48.80969602,2.44349402,12:40:00,2024-03-01
202400033517,17:30,,02,02649,2,3,1,3.0,Rocourt-Saint-Martin,49.152668,3.387254,17:30:00,2024-01-19
202400033518,03:14,Nuit sans éclairage,972,97213,2,9,1,7.0,GEORGES GRATIANT (AVENUE),14.61,-61.03,03:14:00,2024-04-06
202400033519,23:25,Nuit avec éclairage,94,94073,1,1,1,3.0,A86,48.7658023,2.37939522,23:25:00,2024-05-16
202400033520,21:10,,94,94076,2,3,2,1.0,Rue Ambroise Croizat / Rue des Guipons,48.8024,2.3635,21:10:00,2024-02-29
202400033521,23:45,,971,97101,1,1,1,6.0,AMEDEE ABARRE - SALLE D'ASILE (RUE),16.26265,-61.50387,23:45:00,2024-04-05
202400033522,18:28,,01,01229,1,2,4,5.0,D975,46.32003,5.139252,18:28:00,2024-01-18
202400033523,15:10,Plein jour,94,94073,2,3,1,6.0,Rue Regnault Leroy / Rue Victor Basch,48.762701,2.390622,15:10:00,2024-03-01
202400033524,03:00,Nuit sans éclairage,94,94073,1,1,2,5.0,A86,48.76210053,2.38167667,03:00:00,2024-05-15
202400033525,16:15,Plein jour,50,50394,2,1,1,6.0,Route de Lessay,49.187335,-1.414533,16:15:00,2024-01-19
202400033526,08:25,Plein jour,50,50467,1,1,8,7.0,N13,49.477362,-1.376129,08:25:00,2024-01-05
202400033527,12:30,Plein jour,94,94065,1,1,2,2.0,N186,48.75350433,2.36134909,12:30:00,2024-03-01
202400033528,01:00,,971,97101,1,1,1,6.0,CARAQUE,16.25262,-61.4906,01:00:00,2024-04-07
202400033529,17:23,Crépuscule,50,50461,1,1,2,6.0,N13,49.49405114,-1.41492728,17:23:00,2024-01-04
202400033530,17:20,Plein jour,36,36031,1,1,1,7.0,La Touche,46.87313,1.439193,17:20:00,2024-01-19
202400033531,19:50,,94,94028,2,2,2,6.0,Avenue Pierre Brossolette,48.791545,2.461792,19:50:00,2024-03-01
202400033532,16:20,Plein jour,974,97416,2,1,1,6.0,SUFFREN(RUE),-21.34139,55.47137,16:20:00,2024-05-16
202400033533,21:25,,971,97101,1,3,1,3.0,BOISRIPEAUX,16.27584,-61.50745,21:25:00,2024-04-05
202400033534,07:15,Nuit sans éclairage,16,16191,1,1,1,2.0,pk 20+200 nationale 10,45.928115,0.197566,07:15:00,2024-01-19
202400033535,16:00,Plein jour,85,85234,1,1,1,7.0,Chemin des prés,46.809423,-2.024832,16:00:00,2024-01-18
202400033536,13:12,Plein jour,973,97302,2,1,1,3.0,MONTABO (ROUTE DE) 2,4.93771,-52.29856,13:12:00,2024-05-15
202400033537,12:45,Plein jour,94,94028,2,6,2,3.0,Route de la Pompadour / Rue Sully,48.76681,2.47237,12:45:00,2024-02-29
202400033538,22:53,,95,95491,2,9,8,3.0,GABRIEL PERI (RUE),49.001585,2.239032,22:53:00,2024-04-08
202400033539,23:20,,69,69386,2,1,1,1.0,Cours Vitton,45.76989,4.85663,23:20:00,2024-05-16
202400033540,12:51,Plein jour,85,85084,2,3,1,6.0,57 Rue des sables,46.767455,-1.234224,12:51:00,2024-01-19
202400033541,12:40,Plein jour,94,94075,2,3,2,6.0,Rue d'Yerres / Rue de la Bourgogne,48.721393,2.52917,12:40:00,2024-03-01
202400033542,00:36,Nuit sans éclairage,91,91161,2,9,2,3.0,RTE DE LONGJUMEAU,48.71315,2.29802,00:36:00,2024-04-09
202400033543,16:50,Plein jour,93,93072,2,1,1,2.0,Avenue du Colonel Rol-Tanguy,48.95766016,2.37571031,16:50:00,2024-03-01
202400033544,19:15,Plein jour,91,91377,2,1,1,6.0,AV DU M DE LATTRE DE TASSIGNY,48.71755,2.29432,19:15:00,2024-04-08
202400033545,13:05,Plein jour,69,69388,2,2,2,3.0,Rue Villon,45.7412,4.86418,13:05:00,2024-05-16
202400033546,08:50,Crépuscule,27,27103,1,1,4,1.0,Rue des Canadiens,49.33525,0.795146,08:50:00,2024-01-18
202400033547,18:00,,37,37109,2,1,1,6.0,Rue Alfred de Musset,47.411943,0.60987,18:00:00,2024-01-12
202400033548,08:30,Plein jour,93,93055,2,2,1,6.0,Rue Hoche / Avenue Jean Lolive,48.89138,2.40253,08:30:00,2024-03-01
202400033549,23:10,,91,91191,2,1,1,1.0,REPUBLIQUE (AVENUE DE LA),48.719768,2.452934,23:10:00,2024-04-06
202400033550,23:48,,69,69382,2,5,1,3.0,Rue de la Barre,45.75725,4.83673,23:48:00,2024-05-16
202400033551,07:45,Crépuscule,88,88372,2,1,1,6.0,rue du Général Sarrail,48.401425,6.831844,07:45:00,2024-01-19