Num_Acc,hrmn,lum,dep,com,agg,int,atm,col,adr,lat,long,heure,date
202400033552,15:10,Plein jour,971,97101,1,1,1,3.0,PERRIN (SECTEUR),16.28056,-61.51119,15:10:00,2024-05-15
202400033553,08:53,Plein jour,93,93077,2,4,1,2.0,Rue du Docteur Guérin / Rue de la Carrière,48.88315,2.50278,08:53:00,2024-03-01
202400033554,19:10,Nuit sans éclairage,89,89387,2,2,2,3.0,LORRACH (AVENUE DE),48.19124,3.31017,19:10:00,2024-02-18
202400033555,23:40,Nuit sans éclairage,72,72115,1,1,1,6.0,Autoroute A28,47.66088954,0.43014115,23:40:00,2024-01-18
202400033556,03:34,Nuit sans éclairage,10,10100,1,1,1,6.0,autoroute A26 PK 394+000,48.228225,4.181274,03:34:00,2024-01-19
202400033557,21:20,,93,93063,2,3,3,6.0,Rue Vassou / Rue de la Galaxie,48.88565,2.42916,21:20:00,2024-02-29
202400033558,17:14,Plein jour,2A,2A004,2,1,1,4.0,#Boulevard Georges Pompidou#,41.92973,8.75971,17:14:00,2024-05-16
202400033559,18:15,Crépuscule,06,06085,1,1,1,7.0,route de la Valmasque,43.60575284,7.0460996,18:15:00,2024-01-19
202400033560,18:49,,89,89338,2,2,2,3.0,GEORGES CLEMENCEAU (RUE),48.21765,3.2933,18:49:00,2024-02-18
202400033561,16:10,Plein jour,95,95280,2,1,1,6.0,MARCEL CERDAN (AVENUE),49.02502565,2.458781,16:10:00,2024-05-16
202400033562,19:38,,93,93031,2,3,2,3.0,Avenue de la République / Villa Augustine,48.94939,2.33213,19:38:00,2024-02-29
202400033563,10:17,Plein jour,87,87085,2,2,1,6.0,SAINT MARTIAL (QUAI),45.82195,1.26478,10:17:00,2024-04-06
202400033564,21:40,,93,93027,2,1,3,2.0,Avenue Marcel Cachin,48.92815,2.39666,21:40:00,2024-03-01
202400033565,07:15,Plein jour,93,93027,2,2,1,2.0,Avenue Paul Vaillant-Couturier / Rue Édouard Renard,48.91811,2.40772,07:15:00,2024-03-01
202400033566,20:32,Plein jour,87,87085,2,2,1,3.0,VELODROME (RUE DU),45.84730402,1.26508713,20:32:00,2024-04-05
202400033567,20:15,,93,93007,2,2,2,6.0,VICTOR HUGO (RUE),48.945024,2.449993,20:15:00,2024-03-01
202400033568,16:40,Plein jour,95,95582,2,1,1,6.0,ROMAIN ROLLAND (RUE),48.96866869,2.23371819,16:40:00,2024-05-16
202400033569,00:01,Nuit sans éclairage,68,68071,1,1,4,5.0,autoroute A36,47.710599,7.108583,00:01:00,2024-01-17
202400033570,23:08,,95,95491,2,1,1,7.0,D139,48.99964791,2.23982134,23:08:00,2024-04-01
202400033571,21:54,,87,87085,2,3,1,3.0,SAINT MARTIAL (QUAI),45.825,1.26731,21:54:00,2024-04-04
202400033572,11:58,Plein jour,92,92063,2,3,2,1.0,SOUFFRETTES (RUE DES),48.8821766,2.17978227,11:58:00,2024-03-01
202400033573,21:30,,987,98748,1,1,1,6.0,Toahotu Pk 4+600,-17.81,-149.243,21:30:00,2024-01-18
202400033574,13:15,Plein jour,91,91692,2,1,1,3.0,R.N 446,48.679022,2.19069,13:15:00,2024-05-16
202400033575,10:10,Plein jour,92,92020,2,3,2,1.0,REPUBLIQUE AV. N°27 A 105 ET 26 A 178,48.80929646,2.30097574,10:10:00,2024-03-01
202400033576,17:55,Plein jour,87,87065,1,1,1,5.0,AUTOROUTE A20,45.81546722,1.29633278,17:55:00,2024-04-04
202400033577,15:00,Plein jour,987,98722,2,1,1,6.0,PK 17 - Papenoo,-17.592,-149.391,15:00:00,2024-01-18
202400033578,18:10,Plein jour,84,84080,1,1,2,6.0,CD 942 RTE SARRIANS A ROSSI,44.02699,4.96791,18:10:00,2024-05-16
202400033579,11:00,Plein jour,92,92040,2,1,1,6.0,GARIBALDI (BOULEVARD),48.82368303,2.26231617,11:00:00,2024-03-01
202400033580,05:15,,83,83137,2,1,1,6.0,GASQUET (AVE JOSEPH DE 1408 A FIN,43.12288879,5.9709512,05:15:00,2024-04-08
202400033581,16:30,Plein jour,83,83090,2,1,1,6.0,MONNET (AVE JEAN),43.12775471,5.85183021,16:30:00,2024-05-16
202400033582,19:00,,971,97116,2,1,1,3.0,Bosredon,16.31132,-61.486729,19:00:00,2024-01-18
202400033583,10:15,Plein jour,92,92035,2,2,2,3.0,Château ( rue du ),48.9048,2.24923,10:15:00,2024-03-01
202400033584,09:50,Plein jour,83,83137,2,9,1,3.0,GUES (BD DE L'ENSEIGNE DE VAISSEAU),43.11445,5.9807,09:50:00,2024-04-07
202400033585,15:30,Plein jour,13,13040,2,1,1,7.0,Route de Belcodene,43.452529,5.564715,15:30:00,2024-01-19
202400033586,15:20,Plein jour,83,83126,2,1,1,6.0,PAUL (AV MARCEL),43.10903953,5.8540805,15:20:00,2024-04-27
202400033587,21:32,,92,92024,2,1,2,3.0,MARTRE (RUE) DE (59 A 109)   (58 A 120),48.90181117,2.30726892,21:32:00,2024-03-01
202400033588,11:00,Plein jour,77,77447,2,9,1,7.0,C.D 50,48.53834,2.54829,11:00:00,2024-04-07
202400033589,13:00,Plein jour,83,83069,2,9,1,6.0,VIGNES VIERGES (ALLEE DES),43.1222,6.1506,13:00:00,2024-05-15
202400033590,00:05,Nuit sans éclairage,76,76231,2,1,1,6.0,Chemin de Saint-cyr,49.278053,1.009064,00:05:00,2024-04-09
202400033591,07:44,Plein jour,92,92012,2,1,1,6.0,REINE (ROUTE DE LA) 39/107 BIS,48.83970985,2.24031758,07:44:00,2024-02-29
202400033592,10:40,Plein jour,84,84003,2,9,1,6.0,368 Avenue de la Libération,43.874943,5.402651,10:40:00,2024-01-19
202400033593,18:40,Plein jour,81,81144,1,9,1,3.0,SOLVIEL ( IMPASSE  DE ),43.95592,2.15712,18:40:00,2024-05-16
202400033594,14:30,Plein jour,972,97205,1,1,1,7.0,RN 2,14.633531,-61.12632,14:30:00,2024-03-02
202400033595,05:30,Crépuscule,83,83108,1,1,1,6.0,D468,43.325669,5.9961,05:30:00,2024-01-19
202400033596,19:00,Plein jour,76,76351,2,3,2,3.0,MASSILLON,49.49901,0.14327,19:00:00,2024-04-04
202400033597,23:20,,79,79191,2,1,1,6.0,Unknown,46.32468,-0.46807,23:20:00,2024-05-16
202400033598,13:20,Plein jour,76,76552,2,1,1,7.0,FRANCOIS LEBEL (PROMENADE),49.50362,0.07932,13:20:00,2024-04-05
202400033599,07:55,Crépuscule,67,67184,2,1,3,6.0,3 Rue de Buhl,48.901823,7.980932,07:55:00,2024-01-18
202400033600,02:45,,76,76351,2,1,1,6.0,GEORGES LAFAURIE (RUE),49.50123,0.1134,02:45:00,2024-04-06
202400033601,21:30,,27,27391,2,2,2,3.0,14 Rue de Saint Andre,48.826192,1.34324,21:30:00,2024-03-01
202400033602,13:30,Plein jour,77,77122,2,1,1,6.0,AV ANDRE MALRAUX,48.6576294,2.55797982,13:30:00,2024-05-16
202400033603,07:20,Crépuscule,54,54397,2,4,9,6.0,Rue Victor de Lespinats,48.610642,6.102063,07:20:00,2024-01-19
202400033604,20:20,Crépuscule,72,72181,2,1,3,6.0,CUGNOT NICOLAS (BD),47.98555,0.22442,20:20:00,2024-04-07
202400033605,17:30,Plein jour,84,84027,1,1,1,6.0,Caderousse,44.150458,4.723037,17:30:00,2024-03-02
202400033606,20:00,Plein jour,77,77196,1,1,1,6.0,RN3 (ROUTE NATIONALE),48.94911163,2.75506689,20:00:00,2024-05-16
202400033607,09:20,Plein jour,62,62259,1,1,1,7.0,D5,50.20919946,2.8597033,09:20:00,2024-03-02
202400033608,11:50,Plein jour,38,38401,2,1,1,6.0,Route de la Bourbre,45.563935,5.430149,11:50:00,2024-01-17
202400033609,13:10,Plein jour,72,72181,2,9,1,3.0,DEGRE CITE D'AUTOMNE (RTE DE),48.01887,0.17411,13:10:00,2024-04-07
202400033610,15:10,Plein jour,76,76681,2,2,1,3.0,Avenue du 14 Juillet,49.41072842,1.07872653,15:10:00,2024-05-16
202400033611,17:45,,69,69106,2,2,2,3.0,Route de la Colline,45.927155,4.690068,17:45:00,2024-01-18
202400033612,08:35,Plein jour,69,69264,2,1,1,6.0,Avenue Laurent-Bonnevay,45.98379,4.70608,08:35:00,2024-04-08
202400033613,18:10,Plein jour,76,76305,2,1,1,6.0,VERRERIE,49.50019,0.20545,18:10:00,2024-05-07
202400033614,02:30,Nuit sans éclairage,77,77256,1,2,2,2.0,RD209 PR 32+041 et RD106 PR 6+638,48.522062,3.182387,02:30:00,2024-03-02
202400033615,15:45,Plein jour,69,69290,2,1,8,6.0,Avenue Charles de Gaulle,45.70308,4.93144,15:45:00,2024-04-07
202400033616,12:35,Plein jour,85,85178,2,6,1,3.0,RD2B,46.767406,-1.500422,12:35:00,2024-01-18
202400033617,10:10,Plein jour,69,69199,2,2,3,3.0,Boulevard Yves Farge,45.70085,4.85636,10:10:00,2024-05-15
202400033618,10:35,Plein jour,76,76755,1,2,1,1.0,D17,49.677085,0.514534,10:35:00,2024-03-02
202400033619,07:27,Crépuscule,13,13106,1,1,2,3.0,A51-Sens Marseille vers Aix en Provence,43.402542,5.355885,07:27:00,2024-01-18
202400033620,20:15,Crépuscule,67,67482,2,1,1,3.0,RACINE (AVENUE),48.59392,7.70146,20:15:00,2024-04-08
202400033621,03:04,Nuit sans éclairage,13,13081,1,1,2,1.0,A7-Sens Marseille vers Lyon,43.49195399,5.24009441,03:04:00,2024-01-18
202400033622,15:25,Plein jour,69,69091,2,1,2,3.0,Rue de la Paix,45.5850583,4.74998542,15:25:00,2024-05-16
202400033623,11:45,Plein jour,64,64445,2,1,1,7.0,BUROS DE,43.32453,-0.34422,11:45:00,2024-04-08
202400033624,10:06,Plein jour,82,82087,1,1,1,1.0,"D927 Km 13,350m",44.108215,1.25213,10:06:00,2024-03-02
202400033625,16:50,Plein jour,67,67447,2,1,1,3.0,PIERRE MENDES FRANCE (AVENUE),48.60669,7.76184,16:50:00,2024-05-16
202400033626,21:45,Nuit sans éclairage,13,13215,1,1,2,2.0,A55-Sens Marseille vers Martigues,43.33192,5.35435,21:45:00,2024-01-17
202400033627,09:52,Plein jour,71,71263,2,1,5,1.0,Rue du Jura,46.63298016,5.25071409,09:52:00,2024-02-29
202400033628,14:00,Plein jour,64,64102,2,2,1,3.0,BREUER MARCEL (AVENUE),43.50256,-1.45396,14:00:00,2024-04-07
202400033629,10:30,Plein jour,67,67482,2,3,1,3.0,FAUBOURG DE PIERRE (RUE DU),48.5871,7.7463,10:30:00,2024-05-16
202400033630,17:20,Plein jour,12,12082,1,1,1,3.0,route départementale 55,43.923245,3.306102,17:20:00,2024-03-01
202400033631,00:50,Nuit sans éclairage,59,59024,2,1,1,6.0,DOUAI (RUE DE),50.33362,3.23162,00:50:00,2024-04-06
202400033632,11:30,Plein jour,59,59179,1,1,4,6.0,AUTOROUTE A2,50.30173,3.37188,11:30:00,2024-01-17
202400033633,12:42,Plein jour,91,91363,1,1,1,6.0,RN 104,48.63347,2.22235,12:42:00,2024-01-18
202400033634,20:23,Crépuscule,56,56083,2,6,2,6.0,BRUANT ( AV. ARISTIDE ),47.80271,-3.25972,20:23:00,2024-04-07
202400033635,11:30,Plein jour,93,93010,1,1,2,7.0,A3,48.90833643,2.47350192,11:30:00,2024-01-18
202400033636,13:50,Plein jour,22,22047,2,3,1,1.0,Rue de Pontivy,48.311907,-3.049551,13:50:00,2024-03-01
202400033637,01:15,Nuit sans éclairage,95,95212,1,9,4,6.0,A1,49.0258956,2.53673418,01:15:00,2024-01-18
202400033638,17:45,Plein jour,22,22288,1,1,3,7.0,les Roches Morel,48.064781,-2.642835,17:45:00,2024-03-01
202400033639,21:30,Nuit sans éclairage,95,95582,1,1,2,2.0,A15,48.96354803,2.26454987,21:30:00,2024-01-17
202400033640,16:10,Plein jour,56,56036,1,1,2,4.0,Pendreff,47.77657,-3.36223,16:10:00,2024-04-05
202400033641,19:00,Plein jour,67,67482,2,3,1,3.0,WANTZENAU (RTE DE LA),48.60352,7.7765,19:00:00,2024-05-15
202400033642,16:10,Plein jour,56,56098,2,8,2,7.0,Avenue Victor Schoelcher,47.75122,-3.33025,16:10:00,2024-04-05
202400033643,18:30,,93,93066,1,1,2,2.0,A1,48.91899344,2.357294,18:30:00,2024-01-17
202400033644,07:20,Plein jour,70,70208,1,1,1,2.0,N57,47.540654,6.134652,07:20:00,2024-03-02
202400033645,17:00,Plein jour,67,67482,2,1,8,3.0,RHIN (AVENUE DU),48.57104,7.77525,17:00:00,2024-05-15
202400033646,16:50,Plein jour,52,52121,2,3,1,3.0,REPUBLIQUE (AVENUE),48.0983,5.14498,16:50:00,2024-04-03
202400033647,01:05,,94,94073,1,1,2,6.0,A86,48.7658023,2.37939522,01:05:00,2024-01-18
202400033648,16:50,Plein jour,52,52121,2,1,1,7.0,REPUBLIQUE (AVENUE),48.095655,5.145536,16:50:00,2024-04-07
202400033649,13:00,Plein jour,83,83056,1,1,1,3.0,D54,43.56209982,6.51142942,13:00:00,2024-03-02
202400033650,17:25,Plein jour,64,64348,2,3,2,3.0,FREDERIC ET IRENE JOLIOT CURIE,43.30954,-0.429,17:25:00,2024-05-16
202400033651,22:15,,73,73226,2,1,1,6.0,D203 - Avenue de la gare,45.502827,5.72984,22:15:00,2024-03-01
202400033652,09:01,Plein jour,51,51454,2,2,1,3.0,DROIT (RUE GILBERTE ET JEAN),49.240221,4.009879,09:01:00,2024-04-08
202400033653,09:40,Plein jour,36,36192,2,6,1,3.0,Avenue Charles de Gaulle,46.633327,1.427756,09:40:00,2024-03-01
202400033654,09:50,Plein jour,51,51454,2,2,1,3.0,SARRAIL (RUE DU GENERAL),49.25849,4.03075,09:50:00,2024-04-08
202400033655,08:40,Plein jour,974,97416,2,3,1,3.0,GENERAL DE GAULLE(AVENUE),-21.35906,55.5233,08:40:00,2024-01-17
202400033656,17:40,Plein jour,16,16260,1,1,3,6.0,D709,45.341996,0.194106,17:40:00,2024-03-01
202400033657,12:50,Plein jour,60,60382,2,1,1,3.0,Avenue Raymond Poincaré,49.42547,2.82778,12:50:00,2024-05-16
202400033658,08:05,Plein jour,51,51454,2,3,7,3.0,VASNIER (BOULEVARD HENRI) COTE IMPAIR,49.24081,4.053,08:05:00,2024-04-08
202400033659,19:20,Nuit sans éclairage,07,07197,1,1,1,7.0,Route de Quintenas,45.207968,4.672801,19:20:00,2024-03-01
202400033660,09:45,Plein jour,66,66024,1,1,1,2.0,Unknown,42.514183,2.830267,09:45:00,2024-07-13
202400033661,17:20,Plein jour,60,60159,2,1,1,6.0,DUMAS (ALEXANDRE),49.4072,2.80327,17:20:00,2024-05-12
202400033662,18:05,Crépuscule,974,97411,1,1,1,6.0,JAURES (BLD 1 JEAN),-20.89431,55.47168,18:05:00,2024-01-17
202400033663,13:00,Plein jour,72,72329,2,1,1,6.0,3 Rue des Boutons d?Or,48.079738,0.303245,13:00:00,2024-07-22
202400033664,10:50,Plein jour,50,50502,1,1,1,2.0,RN 174 (2x2) route de Tessy- rp Liberté,49.0983379,-1.0836499,10:50:00,2024-04-08
202400033665,20:15,Nuit sans éclairage,07,07328,1,1,1,1.0,D579,44.348439,4.364869,20:15:00,2024-03-01
202400033666,18:30,Plein jour,60,60513,1,1,1,6.0,D92,49.204308,2.382112,18:30:00,2024-06-30
202400033667,07:25,Plein jour,58,58194,2,3,1,1.0,PISSEROTTE,46.97371,3.12634,07:25:00,2024-05-15
202400033668,14:00,Plein jour,974,97411,2,9,1,3.0,RAMBAUD (LEOPOLD),-20.88603,55.4778,14:00:00,2024-01-16
202400033669,16:20,Plein jour,50,50218,1,1,8,4.0,VILLEDIEU LES POELES (ROUTE),48.83755,-1.54635,16:20:00,2024-04-05
202400033670,08:50,Plein jour,974,97409,2,1,1,7.0,JEAN ALBANI(RUE),-20.96374,55.65634,08:50:00,2024-01-17
202400033671,21:45,Nuit sans éclairage,07,07343,2,6,1,2.0,Route d'Alès,44.541265,4.351519,21:45:00,2024-03-01
202400033672,11:15,Plein jour,54,54431,2,1,1,6.0,Cite des Fougères,48.9178,6.06366,11:15:00,2024-05-16
202400033673,07:05,,50,50129,2,2,1,6.0,MENDES FRANCE (BOULEVARD),49.63478,-1.62709,07:05:00,2024-04-06
202400033674,12:45,Plein jour,40,40097,1,1,1,7.0,2090 Route de Geaune,43.68017089,-0.37676656,12:45:00,2024-03-01
202400033675,07:50,Plein jour,45,45296,1,3,1,3.0,D955 PR 17 + 691,47.994781,1.714455,07:50:00,2024-07-24
202400033676,16:53,Plein jour,51,51108,2,2,1,6.0,CHEVAUX (PL AUX),48.96017,4.36038,16:53:00,2024-05-15
202400033677,15:50,Plein jour,36,36037,1,1,1,6.0,Unknown,46.933341,1.790771,15:50:00,2024-07-24
202400033678,13:40,Plein jour,85,85254,1,1,8,6.0,la travaillère - RD 27 - PK 47+400,46.82933,-0.76055,13:40:00,2024-03-02
202400033679,07:30,Plein jour,973,97302,2,3,2,2.0,MONTABO (ROUTE DE) 1,4.93670035,-52.29703546,07:30:00,2024-01-17
202400033680,21:00,,44,44190,2,6,1,3.0,Rue de la Libération,47.20287926,-1.51365534,21:00:00,2024-04-08
202400033681,17:50,Plein jour,42,42187,2,1,1,3.0,Rue de Bourgogne,46.04032,4.07861,17:50:00,2024-05-11
202400033682,15:25,Plein jour,972,97209,2,1,1,3.0,BEAUSEJOUR JAMBETTE (ROUTE DE ),14.63027,-61.04317,15:25:00,2024-01-17
202400033683,20:35,,27,27056,2,2,8,3.0,Rue jean bouin,49.081008,0.590048,20:35:00,2024-03-01
202400033684,16:00,Plein jour,21,21490,1,2,1,2.0,D971,47.550999,4.690969,16:00:00,2024-07-23
202400033685,02:45,Nuit sans éclairage,37,37114,1,1,2,6.0,D 750 PR 019+750 SENS DESCARTES/BARROU,46.88543122,0.7418352,02:45:00,2024-03-02
202400033686,19:00,Crépuscule,41,41295,2,9,1,3.0,CHARLES DE GAULLE (AVENUE),47.58345,1.37244,19:00:00,2024-04-08
202400033687,07:45,Plein jour,21,21250,1,1,1,6.0,D996,47.761793,4.800532,07:45:00,2024-07-22
202400033688,18:50,,69,69149,2,3,3,3.0,Avenue Jean Jaurès,45.71157,4.81989,18:50:00,2024-01-17
202400033689,18:55,Plein jour,85,85294,1,1,1,7.0,avenue des citronniers,46.354569,-1.470666,18:55:00,2024-07-21
202400033690,22:05,Nuit sans éclairage,18,18126,1,1,2,2.0,Unknown,46.912458,2.419996,22:05:00,2024-03-01
202400033691,19:30,Plein jour,39,39198,2,1,2,5.0,Rue du General Bethouart,47.08546,5.491,19:30:00,2024-05-14
202400033692,09:15,Plein jour,95,95555,2,2,1,5.0,D470,48.97296777,2.27668896,09:15:00,2024-01-16
202400033693,18:15,Plein jour,85,85004,2,1,1,2.0,11 Route de la tranche sur mer,46.403883,-1.407613,18:15:00,2024-07-22
202400033694,15:35,Plein jour,34,34032,1,1,1,2.0,Aire de la Gare de Péages de Béziers Cabrials (Embranchement d'autoroute),43.342861,3.288903,15:35:00,2024-02-14
202400033695,08:20,Plein jour,91,91667,2,1,9,6.0,BOCAGE (ALLEE),48.662441,2.328503,08:20:00,2024-01-17
202400033696,08:50,Plein jour,37,37122,2,3,1,6.0,BRETONNIERES (BOULEVARD DES),47.34542634,0.63996166,08:50:00,2024-04-08
202400033697,17:00,Plein jour,38,38185,2,1,3,6.0,RUE DES ALLIÉS,45.17219,5.7226,17:00:00,2024-05-16
202400033698,21:50,Nuit sans éclairage,37,37143,1,1,1,7.0,RD 760 - PR 043+700,47.130593,0.825664,21:50:00,2024-07-23
202400033699,11:30,Plein jour,987,98747,1,9,1,3.0,AFAAHITI PK 1.050 sens Afaahiti/Teahupoo,-17.756,-148.736,11:30:00,2024-03-01
202400033700,17:15,Crépuscule,91,91161,2,9,8,6.0,MAZARIN (AVENUE),48.70471,2.31607,17:15:00,2024-01-16
202400033701,18:30,Plein jour,30,30008,1,1,1,7.0,D7,44.192005,4.238942,18:30:00,2024-07-23
202400033702,07:15,Plein jour,37,37122,2,2,1,3.0,CHINON (BOULEVARD DE),47.35457,0.69545,07:15:00,2024-05-16
202400033703,00:16,,971,97128,1,1,1,6.0,D102,16.266101,-61.337416,00:16:00,2024-03-02
202400033704,11:00,Plein jour,91,91421,2,1,7,6.0,REPUBLIQUE (AVENUE DE LA),48.70986,2.4645,11:00:00,2024-01-16
202400033705,16:10,Plein jour,35,35150,1,6,2,2.0,PILAIS (LA) LIEUX-DITS,48.35170985,-1.23407632,16:10:00,2024-04-08
202400033706,20:25,Crépuscule,31,31424,2,2,1,1.0,Route des Vitarelles,43.564472,1.318456,20:25:00,2024-07-23
202400033707,18:35,,91,91027,2,1,2,6.0,EDOUARD VAILLANT (RUE),48.708301,2.398164,18:35:00,2024-01-17
202400033708,08:52,Plein jour,36,36044,2,1,1,3.0,Avenue d'Argenton,46.80576145,1.67498991,08:52:00,2024-05-16
202400033709,06:05,Nuit sans éclairage,77,77474,1,2,5,1.0,N3,48.957813,2.801803,06:05:00,2024-02-28
202400033710,16:45,Plein jour,34,34172,2,1,1,6.0,COMTE DE NICE (AVENUE DU),43.63658,3.8128,16:45:00,2024-04-04
202400033711,15:10,Plein jour,77,77194,1,1,1,6.0,AUTOROUTE A5 PK 030.200 DIRECTION PARIS,48.424986,2.932953,15:10:00,2024-07-23
202400033712,14:10,Plein jour,34,34108,1,1,1,7.0,AIGUËS (RUE D'),43.43803,3.71,14:10:00,2024-05-15
202400033713,19:20,,78,78321,2,1,3,6.0,47 Route de Paris,48.79901,1.909471,19:20:00,2024-03-01
202400033714,08:35,Crépuscule,91,91027,2,1,3,6.0,JEAN PIERRE BENARD (AVENUE),48.70998,2.38505,08:35:00,2024-01-17
202400033715,06:45,Crépuscule,34,34172,2,1,1,2.0,JOUHAUX (AVENUE LEON),43.59352,3.82055,06:45:00,2024-04-08
202400033716,15:35,Plein jour,34,34301,2,1,1,6.0,VERDUN (BOULEVARD DE),43.41118,3.67943,15:35:00,2024-05-15
202400033717,05:55,Crépuscule,987,98715,2,3,1,3.0,RT1 sens FAAA/PUNAAUIA - Sortie ouest de l'aéroport de Tahiti FAAA,-17.584,-149.56,05:55:00,2024-07-24
202400033718,17:40,Plein jour,34,34249,1,1,1,6.0,Départementale 54,43.720608,3.988118,17:40:00,2024-03-01
202400033719,09:05,Plein jour,87,87085,2,1,1,6.0,FONDERIE (RUE DE LA),45.83586,1.25283,09:05:00,2024-01-16
202400033720,18:40,Plein jour,33,33318,2,6,3,3.0,Unknown,44.80476,-0.61047,18:40:00,2024-04-08
202400033721,22:30,,976,97612,2,1,1,1.0,Route Nationale Hamjago,-12.688773,45.076422,22:30:00,2024-05-03
202400033722,08:00,Plein jour,34,34032,1,3,1,2.0,MAUREILHAN (ROUTE DE),43.34624,3.16619,08:00:00,2024-05-15
202400033723,17:50,Crépuscule,83,83071,2,3,1,1.0,Chemin du Puits de la Commune,43.14608,6.238893,17:50:00,2024-03-01
202400033724,08:28,Plein jour,87,87085,2,1,3,3.0,NEXON (RUE DE),45.80923,1.25644,08:28:00,2024-01-16
202400033725,21:15,Nuit sans éclairage,31,31555,1,1,1,6.0,14 CROIX DAURADE (PERIPH EST A62),43.6468266,1.45968048,21:15:00,2024-04-08
202400033726,17:00,Plein jour,33,33200,2,6,1,6.0,Unknown,44.86153,-0.69693,17:00:00,2024-05-16
202400033727,20:30,Plein jour,30,30221,1,1,1,4.0,PK 08+500,44.06684102,4.76553348,20:30:00,2024-07-23
202400033728,02:30,,83,83118,2,1,1,6.0,ROUTE DE LA CORNICHE,43.4168,6.83435,02:30:00,2024-01-17
202400033729,09:50,Plein jour,06,06003,1,1,1,5.0,Route de Saint Vallier,43.774036,6.855396,09:50:00,2024-03-02
202400033730,12:00,Plein jour,33,33063,2,2,1,6.0,Unknown,44.82758018,-0.5579035,12:00:00,2024-05-16
202400033731,07:25,Plein jour,974,97415,1,1,1,7.0,Route du Théâtre,-21.043616,55.240379,07:25:00,2024-07-15
202400033732,07:40,Nuit sans éclairage,77,77288,1,6,3,6.0,ROND POINT DE L'EUROPE,48.55255,2.64328,07:40:00,2024-01-17
202400033733,07:30,Plein jour,31,31069,2,8,1,6.0,L'EUROPE (BD),43.6558,1.37282,07:30:00,2024-04-08
202400033734,12:10,Plein jour,04,04143,2,1,7,3.0,Avenue de Traversetolo,43.910213,5.907085,12:10:00,2024-02-26
202400033735,23:00,,91,91599,2,1,1,3.0,le Saut du Postillon,48.483426,2.470926,23:00:00,2024-07-23
202400033736,08:35,Plein jour,33,33162,2,1,1,3.0,Unknown,44.87863,-0.62502,08:35:00,2024-05-16
202400033737,19:00,Plein jour,29,29019,2,1,1,2.0,rue Dupuy de Lome,48.390789,-4.509312,19:00:00,2024-04-07
202400033738,20:30,Nuit sans éclairage,13,13067,1,2,1,2.0,D7n,43.779677,5.051823,20:30:00,2024-02-26
202400033739,14:55,Plein jour,77,77067,1,6,1,2.0,D346,48.56071,2.59584,14:55:00,2024-01-16
202400033740,09:50,Plein jour,66,66190,1,1,1,1.0,D11,42.81226682,2.93377876,09:50:00,2024-07-24
202400033741,07:55,Plein jour,33,33200,2,1,1,3.0,Unknown,44.86036,-0.6959,07:55:00,2024-05-16
202400033742,14:30,Plein jour,13,13085,1,1,1,6.0,D1,43.253846,5.631888,14:30:00,2024-03-02
202400033743,09:05,Plein jour,29,29019,2,1,1,6.0,avenue de Tarente,48.40306,-4.50633,09:05:00,2024-04-07
202400033744,12:00,Plein jour,84,84129,2,1,1,6.0,18 Cité des Griffons (Zone résidentielle),44.013061,4.876436,12:00:00,2024-07-18
202400033745,18:00,,76,76540,2,3,4,6.0,Route de Darnetal,49.44032323,1.12771694,18:00:00,2024-01-17
202400033746,13:30,Plein jour,31,31282,2,1,1,3.0,RTE DE LAUNAGUET,43.66388,1.43961,13:30:00,2024-05-16
202400033747,15:05,Plein jour,76,76351,2,1,1,6.0,ESTUAIRE (ROUTE DE L'),49.46153,0.18528,15:05:00,2024-01-16
202400033748,06:07,Plein jour,04,04195,1,1,1,3.0,cd 900,44.386285,6.631177,06:07:00,2024-07-24
202400033749,11:20,Plein jour,27,27229,2,1,2,7.0,FAUVILLE (RUE DE),49.02841,1.18356,11:20:00,2024-04-08
202400033750,19:10,,71,71076,2,2,2,3.0,EUROPE (AVENUE DE L'),46.7958,4.83769,19:10:00,2024-01-17
202400033751,07:00,Plein jour,27,27229,2,1,2,2.0,GAMBETTA (BOULEVARD),49.01917,1.14869,07:00:00,2024-04-08
202400033752,15:30,Plein jour,13,13086,2,3,1,3.0,Avenue du Repos,43.342115,5.603399,15:30:00,2024-07-22
202400033753,18:45,Plein jour,25,25462,1,4,2,3.0,VOIE COMMUNALE DE L'AVIATION,46.89899,6.32235,18:45:00,2024-05-15
202400033754,17:58,Nuit sans éclairage,71,71076,2,1,5,6.0,SAINTE MARIE (PROMENADE),46.78502,4.86164,17:58:00,2024-01-16
202400033755,17:30,Plein jour,19,19031,2,1,1,1.0,LISSAC (ROUTE DE),45.15735595,1.52965966,17:30:00,2024-04-07
202400033756,20:15,Plein jour,25,25056,2,1,8,6.0,RAVEL RUE MAURICE,47.261629,6.037809,20:15:00,2024-05-16
202400033757,16:10,Crépuscule,71,71076,2,1,2,6.0,MENAND (RUE EMILAND),46.78442,4.85307,16:10:00,2024-01-16
202400033758,16:30,Plein jour,29,29131,1,1,1,6.0,D30,48.44938728,-4.08709579,16:30:00,2024-07-23
202400033759,18:00,Plein jour,14,14118,2,3,1,3.0,108 Boulevard Jean Moulin,49.20974,-0.370842,18:00:00,2024-04-04
202400033760,19:05,,69,69266,2,1,2,1.0,Place Albert Thomas,45.76379168,4.8739314,19:05:00,2024-01-17