Num_Acc,hrmn,lum,dep,com,agg,int,atm,col,adr,lat,long,heure,date
202400033761,17:55,Plein jour,17,17306,2,1,2,4.0,ROCHEFORT (DE)  (AVENUE),45.65439,-1.02286,17:55:00,2024-05-16
202400033762,18:50,Plein jour,68,68247,1,1,1,6.0,D27,47.93134142,7.01177114,18:50:00,2024-07-21
202400033763,18:40,Plein jour,11,11069,2,1,1,1.0,Unknown,43.21989,2.33591,18:40:00,2024-04-07
202400033764,11:00,Plein jour,69,69290,2,3,2,2.0,Avenue Henri Germain,45.70325,4.9025,11:00:00,2024-01-17
202400033765,17:59,Plein jour,68,68154,2,1,1,3.0,Rue de Berne,47.771291,7.381375,17:59:00,2024-07-23
202400033766,20:05,Plein jour,13,13214,2,1,1,1.0,ANATOLE DE LA FORGE (BOULEVARD),43.33596,5.3982,20:05:00,2024-05-16
202400033767,15:45,Plein jour,11,11069,1,1,1,6.0,Unknown,43.22573,2.36864,15:45:00,2024-04-07
202400033768,15:45,Plein jour,69,69259,2,2,1,1.0,Boulevard Pinel,45.72438,4.88729,15:45:00,2024-01-16
202400033769,16:00,Plein jour,13,13209,2,1,1,3.0,MARÉCHAL DE LATTRE (AVENUE),43.24583,5.41665,16:00:00,2024-05-16
202400033770,07:00,Crépuscule,03,03173,2,1,1,7.0,47 Route de Digoin,46.473435,3.955223,07:00:00,2024-07-24
202400033771,16:30,Plein jour,69,69276,2,2,2,6.0,Rue Thomas,45.66345162,4.84926686,16:30:00,2024-01-15
202400033772,02:50,,75,75117,2,1,2,7.0,BD PERIPHERIQUE EXTERIEUR,48.881911,2.282727,02:50:00,2024-04-08
202400033773,11:00,Plein jour,11,11069,2,1,1,6.0,6 Chemin de Sainte Marie,43.21436,2.37274,11:00:00,2024-05-16
202400033774,10:25,Plein jour,38,38565,1,1,1,3.0,Route de Chartreuse,45.302799,5.635391,10:25:00,2024-07-23
202400033775,21:06,,68,68224,2,8,1,6.0,STOESSEL (BOULEVARD CHARLES),47.74348,7.31344,21:06:00,2024-01-16
202400033776,16:12,Plein jour,09,09122,2,1,1,7.0,PAUL LAFFONT (RUE),42.963015,1.608304,16:12:00,2024-05-15
202400033777,23:20,,75,75112,2,1,2,3.0,BD PERIPHERIQUE EXTERIEUR,48.846484,2.414571,23:20:00,2024-04-07
202400033778,17:00,Plein jour,40,40293,1,1,1,7.0,1901 Route de Maremne,43.669203,-1.200653,17:00:00,2024-07-23
202400033779,12:05,Plein jour,67,67482,2,3,8,3.0,SCHIRMECK (ROUTE DE),48.56936,7.71051,12:05:00,2024-01-16
202400033780,19:20,Plein jour,06,06069,2,1,1,2.0,44 Chemin des Chèvrefeuilles,43.63764,6.92367,19:20:00,2024-05-16
202400033781,19:00,Plein jour,75,75116,2,1,1,3.0,BD PERIPHERIQUE EXTERIEUR,48.85464,2.254711,19:00:00,2024-04-06
202400033782,17:35,Plein jour,75,75116,2,1,1,2.0,BD PERIPHERIQUE EXTERIEUR,48.835363,2.258692,17:35:00,2024-05-15
202400033783,11:52,Plein jour,64,64445,2,3,3,3.0,MAQUIS DU BEARN DU,43.29853,-0.3768,11:52:00,2024-01-17
202400033784,16:35,Plein jour,33,33441,1,2,7,5.0,Unknown,45.151886,-0.635823,16:35:00,2024-07-23
202400033785,18:15,Plein jour,75,75120,2,3,7,6.0,BOULEVARD DAVOUT,48.858702,2.409907,18:15:00,2024-04-08
202400033786,10:10,Plein jour,64,64348,2,1,2,6.0,Boulevard des Frères Farman,43.33289,-0.39083,10:10:00,2024-01-17
202400033787,16:30,Plein jour,75,75117,2,1,1,3.0,BD PERIPHERIQUE EXTERIEUR,48.884658,2.286128,16:30:00,2024-05-15
202400033788,19:15,,64,64445,2,1,1,3.0,DIDIER DAURAT,43.33204,-0.37946,19:15:00,2024-01-10
202400033789,12:00,Plein jour,75,75119,2,3,1,6.0,AVENUE JEAN JAURES,48.886639,2.384839,12:00:00,2024-05-15
202400033790,16:30,Plein jour,75,75120,2,3,1,3.0,RUE DE MENILMONTANT,48.868021,2.387066,16:30:00,2024-04-08
202400033791,11:30,Plein jour,85,85243,2,3,1,3.0,RD38,46.60248,-1.82804,11:30:00,2024-07-24
202400033792,13:20,Plein jour,64,64445,2,1,1,7.0,BENGHOZI AUDREY,43.31910703,-0.36446431,13:20:00,2024-01-16
202400033793,08:47,Plein jour,33,33063,1,1,1,7.0,Unknown,44.883745,-0.556777,08:47:00,2024-07-23
202400033794,08:50,Plein jour,63,63113,2,1,1,3.0,CLARET (RUE JEAN),45.76496,3.13589,08:50:00,2024-01-17
202400033795,21:45,,75,75120,2,2,2,3.0,AVENUE GAMBETTA,48.86653,2.399893,21:45:00,2024-05-14
202400033796,10:15,Plein jour,75,75120,2,3,8,6.0,RUE DE BAGNOLET,48.856725,2.396014,10:15:00,2024-04-08
202400033797,11:40,Plein jour,75,75119,2,1,1,6.0,AVENUE JEAN JAURES,48.883832,2.374266,11:40:00,2024-05-16
202400033798,08:19,Plein jour,59,59350,1,1,1,2.0,AUTOROUTE A1,50.61607,3.08282,08:19:00,2024-07-19
202400033799,17:10,Plein jour,75,75119,2,3,1,3.0,BOULEVARD MACDONALD,48.89709,2.39215,17:10:00,2024-04-08
202400033800,11:10,Plein jour,61,61169,2,6,3,3.0,170 Rue de Messei,48.741891,-0.557926,11:10:00,2024-01-17
202400033801,23:40,,75,75117,2,3,1,6.0,BOULEVARD DES BATIGNOLLES,48.883229,2.325334,23:40:00,2024-05-15
202400033802,18:34,,56,56121,2,6,8,6.0,FERRY ( PL. JULES ),47.74682,-3.36596,18:34:00,2024-01-16
202400033803,07:30,Plein jour,75,75119,2,2,1,6.0,BOULEVARD DE LA VILLETTE,48.872097,2.377038,07:30:00,2024-04-08
202400033804,20:15,,54,54357,2,4,1,6.0,Rue Jean Jaurès,48.71097,6.1694,20:15:00,2024-01-16
202400033805,18:30,Plein jour,75,75116,2,2,1,3.0,ROUTE DE SURESNES,48.865059,2.234473,18:30:00,2024-05-16
202400033806,12:00,Plein jour,75,75116,2,2,1,3.0,RUE MOLITOR,48.845202,2.264181,12:00:00,2024-04-08
202400033807,15:57,Plein jour,54,54547,2,1,9,3.0,Boulevard de l'Europe,48.657236,6.1782,15:57:00,2024-01-16
202400033808,10:00,Plein jour,75,75114,2,4,1,6.0,AVENUE DU GENERAL LECLERC,48.828794,2.32773,10:00:00,2024-05-16
202400033809,20:45,,75,75111,2,2,1,3.0,AVENUE PHILIPPE AUGUSTE,48.855767,2.391401,20:45:00,2024-04-08
202400033810,16:13,Plein jour,59,59330,1,1,1,2.0,AUTOROUTE A23,50.45547,3.31634,16:13:00,2024-07-11
202400033811,07:50,Crépuscule,51,51573,2,3,3,6.0,COUTURIER (RUE PAUL VAILLANT),49.24793,4.00724,07:50:00,2024-01-17
202400033812,09:45,Plein jour,75,75102,2,2,1,7.0,RUE REAUMUR,48.866795,2.349411,09:45:00,2024-04-08
202400033813,18:05,Plein jour,75,75113,2,4,1,3.0,AVENUE DE LA PORTE D ITALIE,48.817572,2.35981,18:05:00,2024-05-16
202400033814,15:07,Plein jour,91,91161,1,1,1,3.0,AUTOROUTE A6,48.7071527,2.30607748,15:07:00,2024-07-23
202400033815,04:30,,51,51454,2,1,2,2.0,NEUFCHATEL (RUE DE) DU N° 123 A FIN (IMP,49.282041,4.02728,04:30:00,2024-01-17
202400033816,13:30,Plein jour,75,75110,2,1,1,6.0,RUE DIEU,48.870327,2.364567,13:30:00,2024-05-16
202400033817,11:10,Plein jour,91,91174,1,1,1,3.0,RN 104,48.61804,2.45735,11:10:00,2024-07-23
202400033818,07:00,,51,51454,2,1,1,6.0,POMMERY (BOULEVARD),49.25313,4.05395,07:00:00,2024-01-16
202400033819,13:25,Plein jour,75,75108,2,3,1,3.0,PLACE DE LA CONCORDE,48.865758,2.320548,13:25:00,2024-05-16
202400033820,16:55,Plein jour,94,94078,2,2,1,3.0,Rue de Paris / Rue Emile Zola,48.73559,2.44686,16:55:00,2024-04-08
202400033821,16:30,Plein jour,49,49007,2,1,1,1.0,MONTAIGNE AVENUE,47.47167,-0.53845,16:30:00,2024-01-16
202400033822,10:34,Plein jour,92,92047,1,1,2,4.0,A13,48.83459228,2.17162733,10:34:00,2024-07-23
202400033823,09:30,Plein jour,75,75108,2,3,1,2.0,SOUTERRAIN CONCORDE,48.864212,2.320206,09:30:00,2024-05-16
202400033824,11:55,Plein jour,94,94074,2,1,2,4.0,107 Avenue du Rû de Gironde,48.73886827,2.46962169,11:55:00,2024-04-08
202400033825,10:30,Plein jour,78,78007,1,1,2,6.0,A13W,48.900892,2.0050097,10:30:00,2024-07-23
202400033826,17:20,Crépuscule,38,38185,2,1,2,6.0,MARECHAL JOFFRE (BOULEVARD),45.18248,5.72828,17:20:00,2024-01-17
202400033827,05:50,Crépuscule,95,95488,1,1,1,7.0,A15,49.01607139,2.14427239,05:50:00,2024-07-23
202400033828,15:30,Plein jour,94,94073,1,4,1,3.0,Rue du Bas Marin,48.75594,2.38367,15:30:00,2024-04-08
202400033829,19:20,,38,38053,2,2,3,6.0,Avenue Professeur Tixier,45.58826,5.2921,19:20:00,2024-01-17
202400033830,20:50,Nuit sans éclairage,94,94079,2,3,1,6.0,Rue du Général de Gaulle / Rue Edgar Degas,48.8279,2.55282,20:50:00,2024-04-08
202400033831,12:05,Plein jour,93,93027,1,1,1,4.0,AUTOROUTE A86,48.92583836,2.39888728,12:05:00,2024-07-23
202400033832,15:55,Plein jour,37,37261,2,1,8,3.0,DASSAULT (AVENUE MARCEL),47.36382,0.68615,15:55:00,2024-01-17
202400033833,01:45,,93,93070,2,1,2,7.0,Avenue Gabriel Péri,48.9032,2.33097,01:45:00,2024-04-08
202400033834,05:00,Nuit sans éclairage,35,35288,1,1,1,6.0,BARBINAIS (LIEU DIT LA),48.6475,-1.96291,05:00:00,2024-01-13
202400033835,16:42,Plein jour,75,75103,2,3,1,6.0,RUE DE TURBIGO,48.865746,2.357423,16:42:00,2024-05-15
202400033836,10:15,Plein jour,93,93063,1,1,2,6.0,AUTOROUTE A3,48.87437332,2.43812795,10:15:00,2024-07-23
202400033837,18:27,Plein jour,93,93055,2,1,1,3.0,Avenue du Général Leclerc,48.90019,2.41015,18:27:00,2024-04-08
202400033838,14:40,Plein jour,95,95241,1,1,1,3.0,N104,49.04775666,2.46302566,14:40:00,2024-07-22
202400033839,22:47,,92,92022,2,1,2,6.0,FONTAINE HENRI IV (RUE DE LA),48.81169702,2.19287798,22:47:00,2024-04-07
202400033840,08:35,Nuit avec éclairage,35,35238,2,1,2,6.0,MALAKOFF,48.10573,-1.69331,08:35:00,2024-01-17
202400033841,17:10,Plein jour,94,94028,1,1,1,2.0,A86,48.80103887,2.4472408,17:10:00,2024-07-23
202400033842,20:50,Crépuscule,92,92012,2,2,1,1.0,ANATOLE FRANCE (BOULEVARD) 1/4BIS,48.85034362,2.2377668,20:50:00,2024-04-08
202400033843,07:35,Plein jour,94,94065,2,4,1,2.0,Avenue Charles Lindbergh / Bretelle A86,48.7539,2.3483,07:35:00,2024-05-16
202400033844,18:20,Plein jour,92,92004,2,1,1,3.0,GRESILLONS ( AVENUE DES  ),48.91621421,2.30462095,18:20:00,2024-04-08
202400033845,06:50,Plein jour,77,77337,1,1,2,6.0,A4.W,48.830033,2.61618,06:50:00,2024-07-23
202400033846,13:37,Plein jour,33,33281,2,3,2,5.0,Unknown,44.836346,-0.6229,13:37:00,2024-01-17
202400033847,18:10,Plein jour,94,94028,2,3,1,2.0,Route de la Pompadour / Chemin des Bassins,48.76851152,2.46496671,18:10:00,2024-05-15
202400033848,09:10,Plein jour,92,92004,2,1,8,7.0,GRESILLONS ( AVENUE DES  ),48.91443905,2.30043626,09:10:00,2024-04-08
202400033849,22:50,Nuit sans éclairage,77,77258,1,1,1,7.0,A4.Y,48.832442,2.656272,22:50:00,2024-07-22
202400033850,07:52,,33,33281,2,1,1,6.0,Unknown,44.8412,-0.6521,07:52:00,2024-01-17
202400033851,08:15,Plein jour,94,94018,2,2,1,3.0,Rue de Conflans / Rue des Bordeaux,48.822362,2.410735,08:15:00,2024-05-16
202400033852,07:15,Crépuscule,92,92004,2,1,8,2.0,DOCTEUR DERVAUX  ( QUAI DU ),48.90699,2.29162,07:15:00,2024-04-08
202400033853,09:30,Plein jour,94,94065,1,1,1,5.0,A86,48.75361271,2.36115754,09:30:00,2024-07-22
202400033854,19:30,Plein jour,94,94017,2,1,2,2.0,Boulevard de Stalingrad,48.81893,2.50349,19:30:00,2024-05-15
202400033855,03:00,Nuit sans éclairage,40,40168,1,1,1,6.0,A63,43.78613731,-1.20931033,03:00:00,2024-04-08
202400033856,21:20,,31,31555,2,6,2,2.0,RUE DU DR MARCEL BOUVIER,43.6231265,1.45430781,21:20:00,2024-01-17
202400033857,16:15,Plein jour,14,14281,1,9,1,6.0,N13,49.33863,-0.937014,16:15:00,2024-01-24
202400033858,13:00,Plein jour,94,94075,2,6,1,6.0,Rue des Plantes / Rue de la Tournelle,48.72014,2.52979,13:00:00,2024-05-16
202400033859,00:10,,29,29232,2,6,1,6.0,LUDUGRIS  ROND POINT DE,47.97952351,-4.12191647,00:10:00,2024-01-18
202400033860,09:58,Plein jour,35,35082,2,2,1,3.0,Lieu Dit Jugon,47.873375,-1.389701,09:58:00,2024-04-05
202400033861,10:00,Plein jour,76,76681,2,7,1,6.0,Place des Bruyères,49.41205,1.07338,10:00:00,2024-03-18
202400033862,07:45,Plein jour,38,38378,1,1,3,6.0,Route du Péage,45.428437,4.771341,07:45:00,2024-04-09
202400033863,19:00,,29,29019,2,3,1,6.0,place Napoleon III,48.403411,-4.506693,19:00:00,2024-01-16
202400033864,08:14,Plein jour,93,93070,2,1,1,1.0,Avenue Gabriel Péri,48.908934,2.332761,08:14:00,2024-05-16
202400033865,12:50,Plein jour,86,86184,2,1,1,6.0,D20,46.768688,0.365784,12:50:00,2024-04-08
202400033866,09:25,Plein jour,93,93064,2,1,1,1.0,Boulevard Gabriel Péri,48.87977159,2.46801853,09:25:00,2024-05-16
202400033867,16:40,Plein jour,76,76540,2,1,8,3.0,Rue Victor Hugo,49.43994,1.10069,16:40:00,2024-03-06
202400033868,21:35,,13,13203,2,1,2,1.0,STRASBOURG (BOULEVARD),43.30952094,5.37930384,21:35:00,2024-01-17
202400033869,13:15,Plein jour,68,68162,1,1,2,1.0,Billachweg (Chemin),48.132499,7.324834,13:15:00,2024-04-09
202400033870,18:45,Nuit sans éclairage,76,76322,1,1,2,2.0,N338 - Sud 3,49.40141,1.03268,18:45:00,2024-03-01
202400033871,21:50,Nuit sans éclairage,93,93063,2,1,1,5.0,Rue Marcel Ethis,48.8775,2.44346,21:50:00,2024-05-15
202400033872,09:25,Plein jour,13,13213,2,1,2,2.0,CROIX ROUGE (AVENUE),43.33289,5.43736,09:25:00,2024-01-17
202400033873,15:30,Plein jour,974,97422,2,1,1,6.0,153 Rue des Poinsetias,-21.242473,55.527346,15:30:00,2024-04-09
202400033874,06:50,,13,13211,2,1,2,2.0,CAMOINS (AVENUE DES),43.30607644,5.51068778,06:50:00,2024-01-17
202400033875,11:45,Crépuscule,972,97227,2,1,1,1.0,RN5,14.4699,-60.922022,11:45:00,2024-04-08
202400033876,19:50,Plein jour,93,93031,2,1,1,1.0,Avenue Jean Jaurès,48.956804,2.320438,19:50:00,2024-05-15
202400033877,10:26,Plein jour,24,24053,1,1,1,3.0,RN221,45.15195,0.78605,10:26:00,2024-03-19
202400033878,22:50,,13,13207,2,9,1,2.0,Corniche John Fitzgérald Kennedy,43.26873,5.36881,22:50:00,2024-01-16
202400033879,10:20,Plein jour,21,21661,1,1,1,2.0,autoroute a38 - pk 30,47.318416,4.913181,10:20:00,2024-04-08
202400033880,01:55,Nuit avec éclairage,974,97416,2,1,1,6.0,PRESBYTERE (RUE DU),-21.33688,55.47966,01:55:00,2024-07-23
202400033881,12:00,Plein jour,93,93031,2,3,1,1.0,Rue Pierre Curie / Rue Georges Picot,48.94884701,2.3403722,12:00:00,2024-05-12
202400033882,10:05,Plein jour,62,62706,2,9,1,6.0,D166,50.57517815,2.74164543,10:05:00,2024-03-02
202400033883,19:09,,973,97302,2,1,1,2.0,ZEPHIR (CITE),4.93594045,-52.29419553,19:09:00,2024-07-22
202400033884,18:12,Crépuscule,38,38105,1,1,1,6.0,Route de Bonpertuis,45.400371,5.540875,18:12:00,2024-04-07
202400033885,18:45,Plein jour,93,93007,2,1,1,5.0,Avenue Charles Floquet,48.94048,2.45052,18:45:00,2024-05-16
202400033886,09:45,Plein jour,34,34036,1,1,1,7.0,A75 PK286+200 Sens2,43.676842,3.415847,09:45:00,2024-04-08
202400033887,18:35,Plein jour,69,69383,2,9,1,6.0,Rue Villeroy,45.75666,4.84499,18:35:00,2024-07-22
202400033888,14:50,Plein jour,93,93007,2,3,1,3.0,Avenue Paul Vaillant Couturier / Rue de Londres,48.929151,2.478946,14:50:00,2024-05-16
202400033889,05:00,Nuit sans éclairage,972,97209,2,1,1,6.0,MOUTTE (ROUTE DE),14.62307,-61.05164,05:00:00,2024-07-21
202400033890,19:50,Plein jour,92,92078,2,1,1,2.0,GALLIENI (BD) (1 A 79 ET 22 A 102),48.9272369,2.33017552,19:50:00,2024-05-16
202400033891,10:10,Plein jour,92,92064,2,5,1,3.0,PLACE CLEMENCEAU,48.84143633,2.22118431,10:10:00,2024-05-16
202400033892,06:40,Crépuscule,87,87085,2,3,2,6.0,GAGNANT (AVENUE JEAN),45.83397,1.27352,06:40:00,2024-07-21
202400033893,18:10,Plein jour,92,92049,2,1,1,6.0,BRIAND AVENUE ARISTIDE N°1 A 129,48.8129879,2.32587397,18:10:00,2024-05-16
202400033894,20:20,Plein jour,87,87085,2,1,2,7.0,ISLE (RUE D'),45.82619,1.23635,20:20:00,2024-07-20
202400033895,13:18,Plein jour,92,92020,2,1,1,3.0,PARIS AVENUE DE N°2 A82,48.81055625,2.29913306,13:18:00,2024-05-16
202400033896,23:34,,92,92040,2,3,1,2.0,ARISTIDE BRIAND,48.82141814,2.25304019,23:34:00,2024-05-15
202400033897,16:00,Plein jour,87,87085,2,3,1,6.0,BRIAND (RUE ARISTIDE),45.84518,1.27657,16:00:00,2024-07-19
202400033898,21:20,Plein jour,92,92012,2,1,1,7.0,BELLEVUE (RUE DE) 73/FIN - 80/FIN,48.83561762,2.23070133,21:20:00,2024-05-16
202400033899,17:20,Plein jour,83,83137,2,3,7,3.0,JUIN (AVE ALPHONSE),43.12034,5.9473,17:20:00,2024-07-22
202400033900,23:10,,92,92012,2,1,8,3.0,REINE (ROUTE DE LA) 39/107 BIS,48.83967725,2.23985624,23:10:00,2024-05-15
202400033901,13:50,Plein jour,92,92012,2,9,1,5.0,PONT DE SEVRES (ROND POINT DU),48.8289235,2.22856826,13:50:00,2024-05-15
202400033902,13:25,Plein jour,78,78168,2,1,1,3.0,GARE (AVENUE DE LA),48.74191,1.91664,13:25:00,2024-07-22
202400033903,17:50,Plein jour,12,12300,1,1,1,7.0,Route Haute de Farrou,44.3732,2.037524,17:50:00,2024-05-17
202400033904,20:30,Plein jour,78,78172,2,9,1,1.0,AMBASSADEUR (RUE DE L'),49.00814,2.11463,20:30:00,2024-07-21
202400033905,15:50,Plein jour,2A,2A026,1,1,1,3.0,D83,41.88534846,9.02674416,15:50:00,2024-05-17
202400033906,14:30,Plein jour,22,22050,2,1,1,6.0,Rue du Port,48.453572,-2.039101,14:30:00,2024-08-31
202400033907,15:40,Plein jour,77,77350,1,3,1,7.0,CD NUMERO 471,48.75653439,2.70534788,15:40:00,2024-06-23
202400033908,16:35,Plein jour,26,26323,1,2,1,3.0,D123,45.07296498,5.11282682,16:35:00,2024-05-16
202400033909,06:29,Crépuscule,60,60009,2,3,2,7.0,Rue Saint Ladre,49.40805434,2.11066568,06:29:00,2024-08-31
202400033910,13:45,Plein jour,26,26194,1,1,1,1.0,Route Departementale 538,45.170778,5.03967,13:45:00,2024-05-17
202400033911,14:40,Plein jour,77,77373,1,1,1,5.0,CHE D 21,48.783825,2.626599,14:40:00,2024-07-20
202400033912,08:10,Plein jour,28,28219,1,1,5,6.0,Autoroute Oceane - A11,48.228175,0.999391,08:10:00,2024-05-17
202400033913,19:15,Plein jour,60,60081,1,1,1,3.0,Rue de Tillé,49.470306,2.142291,19:15:00,2024-08-30
202400033914,13:15,Plein jour,77,77384,1,1,1,3.0,D.57,48.61489,2.61463,13:15:00,2024-07-22
202400033915,16:55,Plein jour,51,51585,1,1,2,7.0,départementale 3,49.08362212,3.71712506,16:55:00,2024-05-02
202400033916,14:30,Plein jour,974,97404,1,1,1,7.0,Chemin Batty,-21.26002749,55.37924033,14:30:00,2024-05-16
202400033917,16:37,Plein jour,33,33023,1,1,1,2.0,Unknown,44.694601,-0.496672,16:37:00,2024-08-29
202400033918,19:00,Plein jour,77,77285,2,1,1,2.0,FERME  (RUE DE LA),48.53251045,2.62732029,19:00:00,2024-07-20
202400033919,22:15,Nuit sans éclairage,77,77285,2,1,1,6.0,MAURICE DAUVERGNE (AVENUE),48.54321,2.63302,22:15:00,2024-07-21
202400033920,20:15,Plein jour,33,33366,1,1,1,4.0,Unknown,45.014089,-0.43041,20:15:00,2024-08-03
202400033921,10:05,Plein jour,77,77284,2,1,1,3.0,ARTISANS (IMPASSE DES),48.95949,2.9039,10:05:00,2024-07-22
202400033922,16:07,Plein jour,77,77186,1,1,1,6.0,D138. girat.valvins à croix de vitry,48.45793,2.70093,16:07:00,2024-07-19
202400033923,18:00,Plein jour,91,91345,1,1,2,4.0,AUTOROUTE A6,48.6888,2.32454,18:00:00,2024-08-30
202400033924,19:33,Plein jour,76,76270,1,1,1,4.0,RD 6382,49.530751,0.132633,19:33:00,2024-07-19
202400033925,07:40,Plein jour,91,91689,1,1,1,3.0,AUTOROUTE A6B,48.74187,2.32182,07:40:00,2024-08-30
202400033926,17:10,Plein jour,72,72181,2,2,1,3.0,MAC JEAN (AV) N° PAIRS 106 A 216,47.98123,0.21748,17:10:00,2024-07-21
202400033927,03:30,Nuit sans éclairage,78,78073,1,1,1,7.0,RN12 INT,48.799236,1.995724,03:30:00,2024-08-30
202400033928,15:10,Plein jour,69,69286,2,1,1,6.0,Avenue de l'Europe,45.81875,4.90561,15:10:00,2024-07-22
202400033929,13:00,Plein jour,75,75120,1,1,2,3.0,AUTOROUTE A3,48.86634267,2.41387546,13:00:00,2024-08-30
202400033930,11:20,Plein jour,67,67482,2,4,7,3.0,RENE CASSIN (ALLEE),48.59841,7.77536,11:20:00,2024-07-20
202400033931,09:30,Plein jour,93,93066,1,1,1,2.0,AUTOROUTE A1,48.91267725,2.35778231,09:30:00,2024-08-30
202400033932,07:30,Plein jour,66,66136,2,6,1,3.0,ARCADES (RD POINT),42.6739221,2.88751066,07:30:00,2024-07-22
202400033933,20:55,Crépuscule,66,66136,2,1,1,6.0,Unknown,42.68876,2.89477,20:55:00,2024-07-21
202400033934,21:40,Nuit sans éclairage,93,93053,1,1,1,3.0,AUTOROUTE A3,48.89382816,2.47190204,21:40:00,2024-08-29
202400033935,15:50,Plein jour,64,64122,2,1,1,6.0,COTE DES BASQUES (PERSPECTIVE DE LA,43.48108,-1.56668,15:50:00,2024-07-22
202400033936,21:45,Nuit sans éclairage,93,93053,1,1,2,4.0,AUTOROUTE A3,48.89382816,2.47190204,21:45:00,2024-08-29
202400033937,09:45,Plein jour,64,64122,2,1,1,6.0,AUGUSTA (BD D'),43.47662,-1.54998,09:45:00,2024-07-21
202400033938,10:40,Plein jour,62,62498,2,3,1,3.0,Rue Louis Pasteur,50.43163992,2.8297314,10:40:00,2024-07-18
202400033939,16:45,Plein jour,95,95572,1,1,1,2.0,N184,49.03385084,2.11134575,16:45:00,2024-08-28
202400033940,01:26,,56,56107,2,6,1,6.0,Boulevard Roger le Port,47.72183,-3.37646,01:26:00,2024-07-20
202400033941,13:05,Plein jour,52,52121,2,1,1,6.0,GAMBETTA (BOULEVARD),48.11298,5.14403,13:05:00,2024-07-15
202400033942,18:00,Plein jour,93,93027,1,1,1,4.0,AUTOROUTE A1,48.93395723,2.38874661,18:00:00,2024-08-26
202400033943,16:15,Plein jour,51,51454,2,1,1,1.0,TAITTINGER (RUE PIERRE),49.23675,4.00465,16:15:00,2024-07-19
202400033944,13:45,Plein jour,77,77372,1,1,3,7.0,A104,48.892492,2.666752,13:45:00,2024-08-30
202400033945,11:07,Plein jour,45,45147,2,1,1,3.0,D2020 PR 36 + 910,47.930988,1.896994,11:07:00,2024-07-22
202400033946,07:15,Plein jour,57,57672,2,2,1,3.0,OCEANIE (CHAUSSEE D'),49.36811,6.15725,07:15:00,2024-06-26
202400033947,01:55,Nuit sans éclairage,44,44162,1,1,1,6.0,Unknown,47.22443,-1.62245,01:55:00,2024-07-22
202400033948,17:40,Plein jour,987,98735,2,1,1,6.0,DESTREMEAU (RUE BLOC STATION TIPAERUI),-17.54555895,-149.5774287,17:40:00,2024-08-28
202400033949,22:45,,43,43157,2,3,1,1.0,BREUIL (PLACE DU),45.04169265,3.8826624,22:45:00,2024-07-22
202400033950,11:30,Plein jour,974,97416,2,1,1,3.0,DELISLES (ROUTE HUBERT) CD3,-21.33912,55.45895,11:30:00,2024-08-29
202400033951,10:30,Plein jour,42,42044,2,2,8,3.0,Rue de la Malafolie,45.39415,4.30309,10:30:00,2024-07-22
202400033952,23:10,,40,40192,2,1,1,1.0,BOULEVARD DU CHEMIN VERT,43.88945,-0.4769,23:10:00,2024-07-20
202400033953,21:30,Nuit sans éclairage,974,97411,1,1,1,6.0,LITTORAL (ROUTE 2 DU),-20.88011,55.39812,21:30:00,2024-08-29
202400033954,06:25,Plein jour,37,37261,2,1,1,3.0,TONNELLE (BOULEVARD),47.38634,0.66751,06:25:00,2024-07-22
202400033955,19:15,,973,97302,2,1,8,7.0,RABAN (ROUTE DE),4.92842815,-52.31359398,19:15:00,2024-08-28
202400033956,22:15,,33,33063,2,1,1,6.0,Unknown,44.83799247,-0.56665018,22:15:00,2024-07-22
202400033957,17:50,Plein jour,33,33522,1,4,8,6.0,Unknown,44.801749,-0.593769,17:50:00,2024-07-21
202400033958,23:40,,69,69383,2,2,1,3.0,Cours Lafayette,45.76365,4.86289,23:40:00,2024-08-29
202400033959,14:15,Plein jour,31,31555,2,1,1,6.0,BD DE STRASBOURG,43.60787,1.4464,14:15:00,2024-07-22
202400033960,17:03,Plein jour,69,69383,2,1,1,3.0,111 Boulevard Marius Vivier-Merle,45.75271658,4.8595901,17:03:00,2024-08-29
202400033961,14:44,Plein jour,30,30189,2,1,1,3.0,Avenue Jean-Jaurès,43.8274,4.3534,14:44:00,2024-07-15
202400033962,17:45,Plein jour,69,69387,2,1,1,5.0,Avenue Jean Jaurès,45.74331,4.84055,17:45:00,2024-08-29
202400033963,18:50,Plein jour,30,30189,2,2,1,3.0,Rue Porte de France,43.83221,4.358,18:50:00,2024-07-17
202400033964,11:40,Plein jour,69,69383,2,1,1,6.0,32 Rue Chaponnay,45.75803,4.84371,11:40:00,2024-08-29
202400033965,17:10,Plein jour,06,06088,2,2,1,6.0,17 Rue de Chateauneuf,43.70087,7.25405,17:10:00,2024-07-22
202400033966,07:50,Plein jour,69,69383,2,2,7,2.0,Cours Lafayette,45.76364,4.86181,07:50:00,2024-08-29
202400033967,23:15,,69,69389,2,2,1,1.0,Quai de la Gare d'Eau,45.78075009,4.80851294,23:15:00,2024-08-29
202400033968,18:10,Plein jour,75,75118,2,1,1,4.0,BD PERIPHERIQUE EXTERIEUR,48.901236,2.352112,18:10:00,2024-07-21
202400033969,17:20,Plein jour,75,75115,2,1,1,2.0,BD PERIPHERIQUE INTERIEUR,48.835111,2.268165,17:20:00,2024-07-21
202400033970,18:30,Plein jour,69,69382,2,1,1,3.0,Quai des Célestins,45.76017,4.83064,18:30:00,2024-07-29
202400033971,17:36,Plein jour,75,75114,2,1,1,2.0,BD PERIPHERIQUE EXTERIEUR,48.823425,2.310274,17:36:00,2024-07-20