Num_Acc,hrmn,lum,dep,com,agg,int,atm,col,adr,lat,long,heure,date
202400033972,07:05,Plein jour,971,97113,1,1,2,7.0,GRAND BAIE ( RN4),16.22111,-61.52168,07:05:00,2024-08-29
202400033973,15:30,Plein jour,75,75106,2,2,1,3.0,BOULEVARD DU MONTPARNASSE,48.84261,2.32795,15:30:00,2024-07-22
202400033974,19:20,,971,97101,1,1,3,6.0,RN1 ROCADE DE CHAUVEL,16.24842,-61.52742,19:20:00,2024-08-28
202400033975,17:15,Plein jour,75,75120,2,3,1,6.0,AVENUE GAMBETTA,48.863984,2.391671,17:15:00,2024-07-22
202400033976,19:10,,971,97113,1,1,1,3.0,SECTEUR DAMPIERRE,16.20854,-61.46816,19:10:00,2024-08-27
202400033977,00:15,,30,30011,2,1,1,7.0,GRAND TERME BOULEVARD DU,43.96446,4.76493,00:15:00,2024-08-26
202400033978,08:20,Plein jour,75,75119,2,3,1,2.0,AVENUE DE FLANDRE,48.88732594,2.37288558,08:20:00,2024-07-22
202400033979,02:45,,84,84007,2,1,1,7.0,CHARLES DE GAULLE,43.93587,4.78171,02:45:00,2024-08-25
202400033980,10:10,Plein jour,83,83126,2,1,1,6.0,FABREGAS (VIEUX CHEMIN DE),43.07363,5.87392,10:10:00,2024-08-29
202400033981,11:55,Plein jour,75,75117,2,3,1,3.0,AVENUE NIEL,48.883206,2.29664,11:55:00,2024-07-22
202400033982,09:50,Plein jour,83,83069,1,1,1,3.0,SALINS ( ROUTE DES VIEUX),43.11485,6.19324,09:50:00,2024-08-28
202400033983,11:00,Plein jour,75,75112,2,3,1,2.0,AVENUE DU TRONE,48.848108,2.39826,11:00:00,2024-07-21
202400033984,11:25,Plein jour,78,78029,2,1,1,6.0,QUARANTE SOUS (RUE DE),48.96257,1.85741,11:25:00,2024-08-29
202400033985,17:40,Plein jour,75,75111,2,4,1,6.0,AVENUE DE LA REPUBLIQUE,48.863203,2.385653,17:40:00,2024-07-22
202400033986,19:14,Plein jour,77,77251,2,1,1,6.0,ALL DE L'AVANT-SCENE,48.61824,2.54624,19:14:00,2024-08-29
202400033987,18:40,Plein jour,75,75107,2,3,1,7.0,BOULEVARD DES INVALIDES,48.849416,2.315065,18:40:00,2024-07-22
202400033988,19:43,Plein jour,77,77251,2,1,1,3.0,ALL DU PREAMBULE,48.61292,2.5478,19:43:00,2024-08-28
202400033989,09:33,Plein jour,75,75107,2,3,1,6.0,Rue Saint-Dominique,48.85972,2.307836,09:33:00,2024-07-22
202400033990,11:53,Plein jour,73,73008,2,1,1,6.0,LEPIC BOULEVARD,45.68896095,5.9040665,11:53:00,2024-08-28
202400033991,14:10,Plein jour,94,94054,2,1,1,3.0,Rue Emile Zola,48.74488166,2.4067322,14:10:00,2024-07-22
202400033992,10:10,Plein jour,94,94022,2,1,1,6.0,Avenue Jean Jaurès,48.7651,2.40799,10:10:00,2024-07-22
202400033993,19:45,Crépuscule,69,69029,2,1,1,3.0,Avenue Pierre Brossolette,45.74125,4.92,19:45:00,2024-08-29
202400033994,17:30,Plein jour,93,93066,2,4,1,6.0,"""LANDY RD 20, NR PAIRS 2 A 144""",48.915435,2.358131,17:30:00,2024-07-22
202400033995,14:30,Plein jour,69,69259,2,1,1,6.0,136 Boulevard Irène Joliot Curie,45.71572,4.87812,14:30:00,2024-08-29
202400033996,08:25,Plein jour,93,93077,2,3,1,3.0,Avenue du Général Galliéni / Allée Velleda,48.89123,2.50777,08:25:00,2024-07-22
202400033997,20:30,,67,67482,2,1,1,3.0,SCHACH (RUE),48.54539,7.77202,20:30:00,2024-08-29
202400033998,15:50,Plein jour,93,93031,2,1,1,3.0,Avenue de la République,48.95132889,2.32174873,15:50:00,2024-07-22
202400033999,13:47,Plein jour,92,92072,2,1,1,7.0,PAVE DES GARDES (ROUTE DU),48.81139904,2.21061632,13:47:00,2024-07-22
202400034000,17:30,Plein jour,67,67267,2,1,7,6.0,ALFRED KASTLER (RUE),48.54881,7.68409,17:30:00,2024-08-29
202400034001,10:50,Plein jour,92,92072,2,1,1,1.0,VILLE D'AVRAY (RUE DE ),48.82578224,2.20597158,10:50:00,2024-07-22
202400034002,13:50,Plein jour,67,67482,2,2,1,2.0,COLMAR (AVENUE DE),48.55709,7.74759,13:50:00,2024-08-29
202400034003,00:18,,92,92050,2,3,1,6.0,ONZE NOVEMBRE RUE DU,48.90786019,2.2135473,00:18:00,2024-07-22
202400034004,17:20,Plein jour,65,65440,2,1,1,6.0,4 Bd du Mal de Lattre de Tassigny,43.23122,0.05477,17:20:00,2024-08-29
202400034005,23:17,,92,92025,2,1,1,3.0,PRESIDENT SALVADOR ALLENDE (RUE DU),48.92215265,2.23839927,23:17:00,2024-07-21
202400034006,15:30,Plein jour,35,35176,2,1,1,6.0,Rue de la Libération,47.830214,-1.847369,15:30:00,2024-07-22
202400034007,21:13,,64,64260,2,3,2,3.0,LECLERC (BOULEVARD DU GENERAL),43.36618617,-1.76972888,21:13:00,2024-08-29
202400034008,16:12,Plein jour,66,66063,1,1,1,3.0,Unknown,42.47639124,2.85367727,16:12:00,2024-07-23
202400034009,10:40,Plein jour,64,64445,2,6,1,3.0,ALSACE LORRAINE D',43.30427,-0.36683,10:40:00,2024-08-28
202400034010,14:00,Plein jour,16,16013,1,2,1,1.0,17 Route des Ballons,45.624813,-0.077832,14:00:00,2024-07-22
202400034011,18:10,Plein jour,64,64445,2,6,1,6.0,BERLIOZ,43.31285,-0.34554,18:10:00,2024-08-27
202400034012,16:50,Plein jour,41,41148,1,1,6,1.0,D951,47.641856,1.424489,16:50:00,2024-03-28
202400034013,10:10,Plein jour,64,64122,2,1,2,1.0,ALOUETTES,43.46484,-1.53677,10:10:00,2024-08-29
202400034014,14:00,Plein jour,31,31116,2,1,1,6.0,Route de Bessiéres,43.686654,1.451118,14:00:00,2024-06-29
202400034015,09:30,Plein jour,45,45030,1,1,1,2.0,A19 PR 80 + 174,48.083034,2.461133,09:30:00,2024-07-17
202400034016,19:20,Plein jour,64,64102,2,1,1,4.0,NAVARRE (AVENUE HENRI DE),43.51277201,-1.43803619,19:20:00,2024-08-29
202400034017,00:30,Nuit sans éclairage,42,42232,2,1,1,6.0,970 Route de Saint Haon,46.060654,3.920397,00:30:00,2024-07-23
202400034018,12:45,Plein jour,62,62351,2,1,7,2.0,D46,50.42998543,2.92210364,12:45:00,2024-08-28
202400034019,08:10,Plein jour,60,60176,2,1,1,3.0,Rue Gustave Eiffel,49.221318,2.911329,08:10:00,2024-07-23
202400034020,19:40,Plein jour,62,62042,2,3,1,6.0,D37,50.29717972,2.83822265,19:40:00,2024-07-21
202400034021,00:15,,59,59350,2,1,1,4.0,Boulevard Robert Schuman ,50.64869,3.06812,00:15:00,2024-08-29
202400034022,15:55,Plein jour,57,57057,1,4,1,3.0,D75,48.990695,6.380787,15:55:00,2024-07-22
202400034023,15:30,Plein jour,58,58194,2,3,1,3.0,RESISTANCE (SQUARE),46.9926,3.16035,15:30:00,2024-08-29
202400034024,15:27,Plein jour,82,82112,1,3,1,3.0,Chemin de la Rhode,44.09326,1.103257,15:27:00,2024-07-18
202400034025,19:10,Plein jour,33,33506,1,1,1,6.0,Unknown,44.705815,-0.067806,19:10:00,2024-07-21
202400034026,14:32,Plein jour,56,56121,2,2,1,3.0,Rond-point du Moustoir,47.75217,-3.37035,14:32:00,2024-08-28
202400034027,09:40,Plein jour,32,32359,1,1,1,2.0,PK 16+320 D 175,43.725398,0.816121,09:40:00,2024-07-23
202400034028,09:31,Plein jour,89,89128,1,2,1,3.0,D11,47.601,3.9548,09:31:00,2024-07-20
202400034029,10:55,Plein jour,56,56098,2,3,1,3.0,Rue Charles Coulomb,47.7687,-3.3333,10:55:00,2024-08-28
202400034030,18:00,Plein jour,63,63368,1,4,1,7.0,D229,45.701032,3.309867,18:00:00,2024-07-23
202400034031,11:41,Plein jour,56,56121,2,1,1,6.0,Avenue Chenailler dit colonel Morice,47.73507,-3.38922,11:41:00,2024-08-28
202400034032,14:00,Plein jour,49,49218,1,1,1,6.0,D 17,47.29756667,-0.89289382,14:00:00,2024-07-22
202400034033,16:40,Plein jour,47,47310,2,1,7,6.0,Cours de Verdun,44.395037,0.310627,16:40:00,2024-07-23
202400034034,13:30,Plein jour,54,54274,2,3,1,1.0,Avenue du General de Gaulle,48.6656,6.2081,13:30:00,2024-08-28
202400034035,19:15,Plein jour,34,34210,1,1,1,3.0,RD2,43.592219,3.502579,19:15:00,2024-07-11
202400034036,14:00,Plein jour,68,68107,1,1,1,2.0,D419,47.630318,7.140062,14:00:00,2024-07-22
202400034037,18:00,Plein jour,51,51454,2,2,1,3.0,SALENGRO (RUE ROGER),49.27345,4.02403,18:00:00,2024-08-28
202400034038,09:15,Plein jour,39,39390,2,1,1,6.0,1 Grande Rue,46.600574,5.638985,09:15:00,2024-07-18
202400034039,18:55,Plein jour,51,51108,2,6,1,3.0,THEROIGNE DE MERICOURT (rue Anne Josephe,48.978,4.356,18:55:00,2024-08-27
202400034040,08:30,Plein jour,38,38229,2,3,1,3.0,Rue du Pre d?Elle / Avenue de verdun,45.203891,5.762485,08:30:00,2024-07-22
202400034041,12:00,Plein jour,49,49007,2,2,1,1.0,MILLOT BOULEVARD JACQUES,47.45305,-0.53858,12:00:00,2024-08-28
202400034042,18:05,Plein jour,02,02758,2,2,1,3.0,1 Avenue Jean Jaurès,49.407366,3.515692,18:05:00,2024-07-21
202400034043,19:30,Crépuscule,45,45234,2,2,1,3.0,Boulevard Saint-Euverte,47.9036,1.91845,19:30:00,2024-08-29
202400034044,23:00,,45,45208,2,1,1,3.0,10 Rue Renée de France,48.00007,2.73165,23:00:00,2024-08-28
202400034045,04:30,Nuit sans éclairage,84,84050,1,1,1,7.0,D103,43.873581,5.19664,04:30:00,2024-07-19
202400034046,08:30,Plein jour,43,43157,2,1,1,6.0,Avenue Marechal Foch,45.02961,3.88473,08:30:00,2024-08-29
202400034047,08:00,Plein jour,03,03292,1,1,1,7.0,"chemin départemental 33, carrefour de la route communale de la savrière",46.418756,3.111164,08:00:00,2024-07-23
202400034048,08:25,Crépuscule,42,42127,2,1,7,6.0,Rue des Buttes,46.0628,4.0598,08:25:00,2024-08-29
202400034049,15:00,Plein jour,06,06150,1,1,1,7.0,1801 Avenue de Cap d'Ail,43.728964,7.392941,15:00:00,2024-07-18
202400034050,12:15,Plein jour,41,41212,2,3,1,3.0,NATIONALE (ROUTE),47.56601,1.36621,12:15:00,2024-08-28
202400034051,11:15,Plein jour,14,14102,1,1,1,1.0,Chemin des Toutains,49.232059,0.194653,11:15:00,2024-07-21
202400034052,18:50,Plein jour,38,38185,2,1,1,3.0,PLACE DE VERDUN,45.18867,5.73326,18:50:00,2024-08-29
202400034053,20:00,Plein jour,14,14274,1,1,1,5.0,D8,49.129067,-0.44291,20:00:00,2024-07-22
202400034054,14:30,Plein jour,38,38151,2,2,1,3.0,AVENUE VICTOR HUGO,45.15467,5.71229,14:30:00,2024-08-29
202400034055,04:00,Nuit sans éclairage,05,05011,1,1,1,6.0,Route Départementale 942,44.549741,6.201503,04:00:00,2024-07-23
202400034056,09:21,Plein jour,36,36202,2,9,1,2.0,Boulevard du Franc,46.78740113,1.65471375,09:21:00,2024-08-29
202400034057,14:10,Plein jour,64,64538,1,1,1,1.0,Luzaide / Nive d'Arnéguy (Rivière),43.134631,-1.266662,14:10:00,2024-07-23
202400034058,07:10,Plein jour,73,73067,2,3,1,7.0,D213,45.362191,6.304259,07:10:00,2024-07-22
202400034059,06:20,,34,34172,2,1,1,4.0,LIBERTE (AVENUE DE LA,43.59832,3.87334,06:20:00,2024-08-29
202400034060,01:45,Nuit sans éclairage,18,18135,1,1,3,7.0,Route d'Orsan,46.652478,2.256194,01:45:00,2024-07-21
202400034061,19:30,Plein jour,33,33063,2,1,1,3.0,Unknown,44.83603,-0.5877,19:30:00,2024-08-29
202400034062,13:55,Plein jour,07,07338,1,1,1,6.0,D21,44.891337,4.661905,13:55:00,2024-07-23
202400034063,16:36,Plein jour,29,29232,2,3,1,3.0,Boulevard de Creac'h Gwen,47.97970535,-4.103297,16:36:00,2024-08-29
202400034064,14:05,Plein jour,85,85204,1,3,1,3.0,D2,46.816097,-1.749669,14:05:00,2024-07-11
202400034065,23:05,,37,37203,2,1,1,1.0,11 Quai de la Loire,47.40592567,0.73736644,23:05:00,2024-07-22
202400034066,14:25,Plein jour,29,29232,2,1,1,2.0,DOUARNENEZ RUE DE,47.99701,-4.10903,14:25:00,2024-08-28
202400034067,09:00,Plein jour,30,30197,1,1,1,7.0,Unknown,44.135514,4.209684,09:00:00,2024-07-23
202400034068,16:12,Plein jour,24,24206,1,1,1,1.0,Lagarde,44.763632,1.060073,16:12:00,2024-07-21
202400034069,19:00,Plein jour,25,25056,2,1,7,3.0,ALLENDE  BOULEVARD SALVADOR,47.21993,5.97241,19:00:00,2024-08-29
202400034070,17:00,Plein jour,42,42209,1,1,1,6.0,A89,45.865585,4.305223,17:00:00,2024-07-22
202400034071,15:35,Plein jour,22,22113,2,6,1,3.0,ARMOR (BOULEVARD D'),48.74682,-3.46207,15:35:00,2024-08-20
202400034072,05:20,,17,17306,2,4,3,7.0,ELECTRICITE (DE L'),45.625368,-1.014166,05:20:00,2024-08-29
202400034073,16:00,Plein jour,30,30189,1,1,1,4.0,Autoroute A9 - PK 48+200,43.844834,4.416826,16:00:00,2024-07-23
202400034074,02:48,,13,13213,2,1,1,7.0,CHATEAU GOMBERT CHEMIN,43.34687,5.42739,02:48:00,2024-08-29
202400034075,15:23,Plein jour,60,60142,1,1,1,3.0,D1017,49.135933,2.535653,15:23:00,2024-07-23
202400034076,06:30,,13,13213,2,3,1,5.0,ALBERT EINSTEIN (RUE),43.33429,5.43206,06:30:00,2024-08-29
202400034077,12:58,Plein jour,976,97608,2,9,1,7.0,Route des Badamiers,-12.781743,45.278022,12:58:00,2024-07-23
202400034078,12:00,Plein jour,13,13063,1,1,1,1.0,D.10,43.56438,5.02666,12:00:00,2024-08-29
202400034079,20:45,Nuit sans éclairage,2B,2B168,1,1,1,7.0,rt30,42.636149,8.967864,20:45:00,2024-07-21
202400034080,23:00,Nuit sans éclairage,10,10387,2,1,1,3.0,Rue des Bas Trevois,48.29166,4.0806,23:00:00,2024-08-28
202400034081,13:27,Plein jour,10,10387,2,2,7,1.0,Avenue Pasteur,48.30382,4.06198,13:27:00,2024-08-28
202400034082,00:30,Nuit sans éclairage,2B,2B093,1,1,1,1.0,route de corbara,42.621881,8.907965,00:30:00,2024-07-21
202400034083,17:50,Plein jour,07,07019,1,1,1,6.0,MONTELIMAR ( ROUTE DE ),44.61404,4.40651,17:50:00,2024-08-28
202400034084,05:35,Nuit sans éclairage,66,66008,2,1,1,6.0,avenue de la retirada,42.562631,3.03367,05:35:00,2024-07-14
202400034085,11:55,Plein jour,06,06159,1,1,1,3.0,359 Avenue Bella Vista,43.71235,7.32008,11:55:00,2024-08-29
202400034086,19:30,Plein jour,83,83151,2,1,1,6.0,D24,43.43081267,6.13472908,19:30:00,2024-07-22
202400034087,11:05,Plein jour,06,06029,2,1,1,3.0,127 Avenue Michel Jourdan,43.5594602,6.9681826,11:05:00,2024-08-28
202400034088,15:40,Plein jour,83,83138,1,2,7,3.0,Tourrettes,43.617264,6.713094,15:40:00,2024-07-19
202400034089,20:15,Crépuscule,01,01451,1,1,1,2.0,MARBOZ RD 996 (ROUTE DE ) IMPAIR,46.24847,5.23023,20:15:00,2024-08-28
202400034090,18:50,Plein jour,71,71372,2,2,1,3.0,Route de Fleurie,46.17641809,4.73873511,18:50:00,2024-07-22
202400034091,20:30,Plein jour,71,71069,1,1,1,6.0,D45,46.33419494,4.70182418,20:30:00,2024-07-22
202400034092,15:50,Plein jour,75,75116,2,1,1,4.0,BD PERIPHERIQUE INTERIEUR,48.861934,2.2646,15:50:00,2024-08-29
202400034093,12:25,Plein jour,73,73328,1,4,1,3.0,D1201 Route les rives du lac,45.657524,5.894546,12:25:00,2024-07-23
202400034094,09:00,Plein jour,75,75114,2,1,1,3.0,BD PERIPHERIQUE INTERIEUR,48.821752,2.317932,09:00:00,2024-08-28
202400034095,09:30,Plein jour,42,42073,1,1,1,6.0,Route des Collines,45.792469,4.304538,09:30:00,2024-07-23
202400034096,07:20,Plein jour,75,75112,2,1,1,4.0,BD PERIPHERIQUE EXTERIEUR,48.826916,2.390358,07:20:00,2024-08-28
202400034097,17:15,Plein jour,69,69159,1,2,1,3.0,Route du Saule D'Oingt,45.97834197,4.65611683,17:15:00,2024-07-22
202400034098,14:53,Plein jour,75,75108,2,2,1,6.0,AVENUE DES CHAMPS ELYSEES,48.869102,2.310388,14:53:00,2024-08-29
202400034099,12:00,Plein jour,33,33233,1,1,1,6.0,Unknown,45.115162,-0.367398,12:00:00,2024-07-21
202400034100,11:40,Plein jour,75,75118,2,2,1,3.0,BOULEVARD NEY,48.898197,2.352502,11:40:00,2024-08-29
202400034101,10:05,Plein jour,33,33019,2,3,1,1.0,Unknown,44.695431,-0.981018,10:05:00,2024-07-22
202400034102,16:44,Plein jour,75,75112,2,2,1,6.0,BOULEVARD PONIATOWSKI,48.83486,2.405562,16:44:00,2024-08-28
202400034103,18:25,Plein jour,44,44047,1,3,1,2.0,Route de Sautron,47.252742,-1.691208,18:25:00,2024-07-18
202400034104,07:40,Plein jour,75,75116,2,1,1,4.0,BD PERIPHERIQUE INTERIEUR,48.841434,2.254139,07:40:00,2024-08-28
202400034105,12:00,Plein jour,29,29087,2,1,1,7.0,Route de la Gare,48.068284,-4.255413,12:00:00,2024-07-19
202400034106,12:10,Plein jour,75,75115,2,3,1,7.0,RUE CLODION,48.851506,2.292034,12:10:00,2024-08-29
202400034107,12:35,Plein jour,60,60141,1,1,1,2.0,D924a,49.169036,2.506278,12:35:00,2024-07-18
202400034108,14:25,Plein jour,75,75112,2,3,1,6.0,PLACE DE LA NATION,48.84769922,2.39467674,14:25:00,2024-08-29
202400034109,15:45,Plein jour,60,60022,1,1,1,2.0,D606E,49.228373,2.527869,15:45:00,2024-07-22
202400034110,21:20,,75,75111,2,4,2,3.0,BOULEVARD VOLTAIRE,48.852857,2.388506,21:20:00,2024-08-29
202400034111,13:18,Plein jour,75,75110,2,1,1,6.0,RUE LOUIS BLANC,48.880544,2.36618,13:18:00,2024-08-29
202400034112,17:20,Plein jour,69,69282,1,1,1,2.0,Route Départementale 302,45.7527,5.0145,17:20:00,2024-07-19
202400034113,14:20,Plein jour,59,59094,1,1,1,7.0,AUTOROUTE A16,50.95872,2.18233,14:20:00,2024-07-11
202400034114,02:15,,75,75108,2,2,1,6.0,PLACE DE LA MADELEINE,48.869348,2.324831,02:15:00,2024-08-29
202400034115,15:15,Plein jour,91,91086,1,1,1,2.0,RN 104,48.6232,2.38567,15:15:00,2024-07-22
202400034116,15:59,Plein jour,75,75107,2,3,1,3.0,QUAI VOLTAIRE,48.858198,2.333218,15:59:00,2024-08-29
202400034117,17:25,Plein jour,92,92047,1,1,1,1.0,A13,48.83485312,2.17383374,17:25:00,2024-07-22
202400034118,16:25,Plein jour,75,75109,2,4,1,6.0,RUE CLAUZEL,48.879338,2.337456,16:25:00,2024-08-29
202400034119,00:15,,94,94073,2,2,1,3.0,Rue de la Galaise,48.76554,2.38308,00:15:00,2024-08-29
202400034120,14:04,Plein jour,78,78158,1,1,1,4.0,A13,48.831448,2.145949,14:04:00,2024-07-22
202400034121,17:50,Plein jour,94,94019,2,1,1,2.0,Route de la Libération,48.79751,2.5471,17:50:00,2024-08-28
202400034122,11:00,Plein jour,93,93079,2,1,1,6.0,Avenue de la Division Leclerc,48.95514588,2.34402036,11:00:00,2024-08-29
202400034123,18:25,Plein jour,78,78118,1,1,1,4.0,A13,48.986342,1.667313,18:25:00,2024-07-21
202400034124,01:55,,93,93057,2,1,1,5.0,BRIAND ( AV. ARISTIDE) 238 A 308,48.91145,2.51835,01:55:00,2024-08-29
202400034125,07:20,Crépuscule,69,69387,2,5,1,2.0,Cours Gambetta,45.75524,4.84281,07:20:00,2024-10-03
202400034126,10:20,Plein jour,92,92062,2,1,1,3.0,REPUBLIQUE (RUE DE LA) DU 102 AU 200,48.88498653,2.24031262,10:20:00,2024-08-29
202400034127,06:20,Plein jour,94,94069,1,1,1,4.0,A4,48.81737044,2.42861395,06:20:00,2024-07-22
202400034128,10:00,Plein jour,92,92050,2,1,1,6.0,REPUBLIQUE AVENUE DE LA,48.90957374,2.21739873,10:00:00,2024-08-29
202400034129,08:15,,64,64483,2,3,2,6.0,Unknown,43.387456,-1.659913,08:15:00,2024-01-06
202400034130,07:55,Plein jour,69,69387,2,3,1,3.0,Rue de Gerland,45.73005,4.83802,07:55:00,2024-10-03
202400034131,07:50,Plein jour,92,92025,2,2,1,3.0,KLEBER (AV),48.93114696,2.24435225,07:50:00,2024-08-27
202400034132,15:50,Plein jour,14,14609,1,1,8,2.0,N13,49.257813,-0.729164,15:50:00,2024-04-26
202400034133,01:17,,92,92071,2,1,1,6.0,HOUDAN (RUE),48.7790297,2.28196514,01:17:00,2024-08-29
202400034134,17:30,Plein jour,14,14374,1,1,2,7.0,D107,49.046982,-0.793709,17:30:00,2024-02-23
202400034135,17:10,Plein jour,972,97209,2,3,1,1.0,KERLYS (RUE DE ),14.61371,-61.05227,17:10:00,2024-09-30
202400034136,21:00,,92,92007,2,2,2,1.0,HUGO (AVENUE VICTOR),48.8049481,2.32275926,21:00:00,2024-08-29
202400034137,20:30,Crépuscule,62,62634,2,1,1,1.0,Rue du Moulin,50.939027,2.024636,20:30:00,2024-04-12
202400034138,23:45,,92,92007,2,1,1,6.0,PASTEUR (AVENUE LOUIS) N° 1 A 39 ET 2 A,48.79794567,2.3174639,23:45:00,2024-08-28
202400034139,03:50,,69,69387,2,1,1,2.0,Avenue Berthelot,45.74494,4.84249,03:50:00,2024-10-03
202400034140,13:05,Plein jour,92,92036,2,1,1,6.0,GRESILLONS ( AVENUE DES  ),48.91932903,2.31266606,13:05:00,2024-08-28
202400034141,17:00,Plein jour,29,29037,1,6,1,3.0,D44,47.87802982,-4.13470913,17:00:00,2024-04-13
202400034142,08:42,Plein jour,92,92002,2,3,1,6.0,DIVISION LECLERC (53 A 217 - 58 A 186),48.74747166,2.30381674,08:42:00,2024-08-29
202400034143,22:00,Nuit sans éclairage,14,14027,1,1,2,7.0,Route du Pied du Bois,49.005771,-0.64697,22:00:00,2024-04-15
202400034144,11:10,Plein jour,91,91434,2,1,8,4.0,COMMANDANT BARRE (AVENUE DU),48.662613,2.359664,11:10:00,2024-10-03
202400034145,17:40,Plein jour,78,78548,1,1,1,3.0,Route des 17 tournants D91,48.709949,1.995562,17:40:00,2024-08-27
202400034146,09:10,Plein jour,974,97416,1,1,1,3.0,RN1,-21.32376,55.44518,09:10:00,2024-07-21
202400034147,09:50,Plein jour,09,09026,2,9,1,7.0,Engouès d'En Bas,42.934311,1.013443,09:50:00,2024-08-29
202400034148,02:55,,972,97213,1,1,3,2.0,AUTOROUTE A1,14.60793,-61.0049,02:55:00,2024-07-20
202400034149,20:40,Nuit sans éclairage,91,91174,2,3,1,6.0,RUE CHAMPLOUIS,48.6119,2.47902,20:40:00,2024-10-03
202400034150,05:35,Crépuscule,51,51057,2,3,8,6.0,18 Grande Rue,48.827146,4.88667,05:35:00,2024-08-30
202400034151,09:12,Plein jour,2B,2B033,1,1,1,6.0,TOUTES RUES,42.68817,9.42019,09:12:00,2024-07-21
202400034152,07:20,Crépuscule,73,73313,1,3,1,7.0,D921,45.6327942,5.76645952,07:20:00,2024-08-29
202400034153,08:08,Plein jour,95,95277,2,1,1,3.0,D317,48.97893202,2.46539667,08:08:00,2024-07-21
202400034154,16:45,Plein jour,88,88428,2,4,1,1.0,RUE SAINT MICHEL,48.31803,6.88637,16:45:00,2024-10-02
202400034155,11:40,Plein jour,974,97412,2,2,1,3.0,Rue des Prunes,-21.37028,55.633339,11:40:00,2024-08-30
202400034156,15:00,Plein jour,88,88181,2,1,1,3.0,Rue du General Ingold,48.183521,7.002963,15:00:00,2024-08-29
202400034157,05:15,Nuit sans éclairage,95,95277,1,1,2,5.0,D170,48.97800304,2.43947702,05:15:00,2024-07-21
202400034158,16:30,Plein jour,84,84007,2,4,1,3.0,WETZLAR (AVENUE DE),43.94547,4.82799,16:30:00,2024-10-03
202400034159,03:00,Nuit avec éclairage,76,76404,1,6,1,7.0,D925,49.57766263,0.24007916,03:00:00,2024-08-30
202400034160,11:30,Plein jour,80,80001,2,1,1,7.0,GENERAL LECLERC (du),50.10693,1.84534,11:30:00,2024-10-02
202400034161,22:40,,78,78297,2,9,1,7.0,ALLVIGER ET LANOT (RUE),48.7818,2.06134,22:40:00,2024-10-03
202400034162,05:11,Crépuscule,84,84007,2,1,1,1.0,SAINT DOMINIQUE (Boulevard),43.943836,4.798252,05:11:00,2024-07-21
202400034163,20:05,,78,78297,2,9,1,6.0,JAURES (BOULEVARD JEAN),48.77486,2.07451,20:05:00,2024-10-03
202400034164,16:30,Plein jour,81,81060,2,2,1,3.0,THOMAS (AVENUE ALBERT),44.04865,2.15812,16:30:00,2024-07-19
202400034165,03:27,Nuit sans éclairage,41,41156,1,1,1,5.0,"Autoroute A10, PK 141.700",47.67562186,1.40030758,03:27:00,2024-08-30
202400034166,17:50,Plein jour,72,72008,2,9,1,1.0,Boulevard Pierre Lefaucheux,47.946754,0.182177,17:50:00,2024-08-27
202400034167,19:20,Plein jour,78,78123,2,2,1,5.0,BERTAUX RUE MAURICE,48.94321,2.02895,19:20:00,2024-07-21
202400034168,09:00,Plein jour,77,77240,1,1,2,7.0,Rue de Breuil,48.818034,3.267612,09:00:00,2024-08-30
202400034169,19:00,Plein jour,77,77513,2,1,1,6.0,CHAUSSEE DE PARIS (RUE DE LA),48.95505,2.87241,19:00:00,2024-07-21
202400034170,18:35,Plein jour,76,76165,2,1,1,6.0,Rue Guillaume Apollinaire,49.28311,1.02422,18:35:00,2024-07-21
202400034171,12:00,Plein jour,30,30060,2,4,1,2.0,D42,43.79266,4.385036,12:00:00,2024-08-30
202400034172,17:10,Plein jour,56,56008,2,6,1,6.0,114 Route de Port Blanc,47.601885,-2.862441,17:10:00,2024-08-29
202400034173,19:25,Plein jour,31,31150,2,1,1,1.0,rue du 11 novembre,43.649546,1.321836,19:25:00,2024-08-29
202400034174,12:30,Plein jour,76,76681,1,3,1,5.0,Boulevard Industriel,49.41552,1.10719,12:30:00,2024-07-21
202400034175,13:50,Plein jour,63,63003,1,6,1,3.0,Rond point du soldat - D906,45.57437195,3.74710593,13:50:00,2024-08-29
202400034176,20:00,Crépuscule,42,42115,1,1,1,3.0,Route de Saint-Just,45.318578,4.344932,20:00:00,2024-08-28
202400034177,16:20,Plein jour,47,47168,2,1,1,6.0,770Avenue Alfred Court,44.593921,0.349545,16:20:00,2024-08-29
202400034178,22:55,,69,69266,2,2,1,3.0,Cours Emile Zola,45.76862554,4.88430583,22:55:00,2024-07-21
202400034179,19:10,Plein jour,86,86293,1,1,1,5.0,D742,46.419572,0.245073,19:10:00,2024-08-27
202400034180,17:46,Plein jour,86,86091,1,1,1,3.0,La petite houmée,46.489442,0.024673,17:46:00,2024-08-26
202400034181,22:35,,69,69290,2,3,1,1.0,Rue Edmond Rostand,45.69433,4.94612,22:35:00,2024-07-21
202400034182,20:20,Plein jour,64,64348,2,4,1,6.0,VIGNES DES,43.31395837,-0.40698767,20:20:00,2024-07-20
202400034183,08:30,Plein jour,34,34147,1,3,7,6.0,D909/D16,43.49091,3.190283,08:30:00,2024-08-30
202400034184,16:27,Plein jour,77,77335,1,1,8,7.0,RD129 (ROUTE DEPARTEMENTALE),48.97456,2.8151,16:27:00,2024-09-23