Num_Acc,hrmn,lum,dep,com,agg,int,atm,col,adr,lat,long,heure,date
202400034185,14:40,Plein jour,61,61001,2,2,1,3.0,D26 PR0+1,48.438042,0.086459,14:40:00,2024-07-21
202400034186,20:15,Plein jour,68,68362,2,3,1,7.0,1 Rue de Buschwiller,47.55183684,7.47921677,20:15:00,2024-08-29
202400034187,16:25,Plein jour,77,77186,2,1,2,3.0,MARECHAL DE VILLARS (AVENUE DU),48.40007929,2.71421601,16:25:00,2024-10-02
202400034188,14:45,Plein jour,29,29293,1,1,1,6.0,Route de la Pointe,47.83892317,-3.84500752,14:45:00,2024-08-27
202400034189,07:15,Plein jour,59,59512,2,1,1,6.0,Avenue Jean Jaurès,50.6801,3.16419,07:15:00,2024-07-21
202400034190,17:00,Plein jour,02,02772,2,1,1,7.0,Rue de Germaine,49.821823,3.138254,17:00:00,2024-08-29
202400034191,14:00,Plein jour,74,74012,2,1,1,1.0,GARE (RUE DE LA),46.198033,6.236187,14:00:00,2024-10-03
202400034192,21:30,Plein jour,59,59350,1,1,1,6.0,Boulevard Pierre de Coubertin,50.64497,3.07099,21:30:00,2024-07-21
202400034193,14:42,Plein jour,70,70477,2,1,1,1.0,18 Rue de Malval,47.563183,6.626651,14:42:00,2024-08-30
202400034194,20:00,Nuit sans éclairage,72,72181,1,1,8,2.0,PATTON GENERAL RTE ST-AUBIN A RUE KLOTZ,48.02600713,0.16911864,20:00:00,2024-10-03
202400034195,19:05,Plein jour,59,59244,2,1,1,3.0,ROUTE NATIONALE,50.16,3.16,19:05:00,2024-07-20
202400034196,15:15,Plein jour,90,90087,2,1,1,7.0,42 Avenue du Général de Gaulle,47.6700754,6.91937573,15:15:00,2024-08-30
202400034197,11:10,Plein jour,72,72181,2,1,1,3.0,CHAMPION HENRI (RUE) N° IMP,47.98249,0.22891,11:10:00,2024-10-02
202400034198,15:55,Plein jour,64,64493,2,1,1,6.0,Boulevard de la Madeleine,43.327138,-1.035959,15:55:00,2024-08-29
202400034199,10:00,Plein jour,64,64485,2,1,2,1.0,20 Avenue du Jai-alai,43.167091,-1.233191,10:00:00,2024-08-30
202400034200,18:00,Plein jour,69,69290,2,8,1,3.0,Rue Jules Ferry,45.69426,4.94618,18:00:00,2024-10-02
202400034201,08:00,Plein jour,73,73235,1,1,7,7.0,Route des sappeys,45.39507727,6.31093245,08:00:00,2024-08-30
202400034202,23:00,,69,69091,2,1,1,3.0,Rue Honoré Pététin,45.5931,4.77293,23:00:00,2024-10-03
202400034203,15:35,Plein jour,10,10401,2,3,1,3.0,Avenue de la République,48.2387,4.4644,15:35:00,2024-08-30
202400034204,15:45,Plein jour,16,16207,1,2,8,3.0,Unknown,45.842658,0.005836,15:45:00,2024-08-29
202400034205,16:00,Plein jour,67,67482,2,9,1,3.0,GENERAL OFFENSTEIN (RUE DU),48.5546,7.7558,16:00:00,2024-10-03
202400034206,12:05,Plein jour,07,07330,1,9,1,2.0,646 Vieille Route de Lagorce,44.414541,4.398629,12:05:00,2024-08-29
202400034207,03:15,Nuit avec éclairage,21,21317,2,1,1,6.0,34 Rue des Pins,47.512193,5.100637,03:15:00,2024-08-30
202400034208,17:45,Plein jour,67,67180,2,3,1,3.0,COURBASSIER (RUE DU GENERAL),48.80153,7.77821,17:45:00,2024-10-02
202400034209,15:20,Plein jour,85,85284,1,1,1,7.0,Route du soullandeau,46.775263,-1.906819,15:20:00,2024-08-30
202400034210,07:20,Nuit avec éclairage,64,64445,2,1,1,2.0,CATHERINE DE BOURBON,43.32973,-0.35595,07:20:00,2024-10-03
202400034211,18:25,Plein jour,85,85084,1,3,1,4.0,RD7,46.759364,-1.221537,18:25:00,2024-08-28
202400034212,00:25,,64,64122,2,1,1,6.0,CHAPELET (RUE),43.46055,-1.54655,00:25:00,2024-10-04
202400034213,15:30,Plein jour,27,27284,2,1,2,2.0,Rue de Vaudancourt,49.2585905,1.7729616,15:30:00,2024-08-30
202400034214,15:00,Plein jour,62,62193,2,3,1,3.0,Boulevard Victor Hugo,50.94307,1.87189,15:00:00,2024-09-28
202400034215,06:00,Crépuscule,30,30236,1,1,1,1.0,D57,44.045421,3.86988,06:00:00,2024-08-30
202400034216,09:34,Plein jour,52,52332,1,1,1,1.0,RD417 PK 29.5,47.99841298,5.52131653,09:34:00,2024-08-30
202400034217,08:35,Plein jour,68,68266,1,1,1,4.0,A 35 point routier 87.400,47.88882481,7.37783029,08:35:00,2024-08-30
202400034218,16:15,Plein jour,60,60159,2,3,1,3.0,Cours Guynemer,49.4209,2.8267,16:15:00,2024-09-29
202400034219,20:50,Crépuscule,31,31424,2,1,1,1.0,Rue du Docteur Charcot,43.591554,1.295909,20:50:00,2024-08-29
202400034220,00:40,Nuit sans éclairage,67,67462,1,1,1,7.0,A35,48.279109,7.444096,00:40:00,2024-08-30
202400034221,13:10,Plein jour,62,62563,1,1,1,6.0,A26,50.46244698,2.69592737,13:10:00,2024-08-30
202400034222,20:52,,59,59350,2,8,1,3.0,Avenue de la Rotonde,50.63288,2.99074,20:52:00,2024-10-03
202400034223,23:00,Nuit sans éclairage,973,97305,1,1,1,1.0,PK24+100 RN1,4.99934021,-52.45614231,23:00:00,2024-08-29
202400034224,17:40,Crépuscule,971,97115,1,1,8,3.0,Route de Paul,16.236343,-61.663812,17:40:00,2024-08-29
202400034225,14:00,Plein jour,59,59360,2,2,1,3.0,DOUMER PAUL RUE,50.59675,3.03723,14:00:00,2024-10-03
202400034226,07:32,,59,59273,2,1,1,6.0,ENROCHEMENTS (ROUTE DES),50.9973,2.12318,07:32:00,2024-10-02
202400034227,18:15,Plein jour,28,28007,1,1,9,1.0,D928,48.843251,1.425669,18:15:00,2024-08-28
202400034228,11:20,Plein jour,59,59486,2,1,1,6.0,NATIONALE (RUE),50.41598,3.1366,11:20:00,2024-10-02
202400034229,15:50,Plein jour,77,77191,1,5,1,3.0,D213,48.500562,2.910476,15:50:00,2024-08-30
202400034230,21:10,Nuit sans éclairage,78,78484,1,1,1,7.0,D110,48.961018,1.625118,21:10:00,2024-08-28
202400034231,10:15,Plein jour,56,56260,2,1,1,7.0,Rue Alain Gerbault,47.66159,-2.72145,10:15:00,2024-10-03
202400034232,07:00,Plein jour,83,83042,1,1,1,2.0,Avenue de Valensole,43.250251,6.546902,07:00:00,2024-08-30
202400034233,10:15,Plein jour,56,56260,2,6,1,2.0,Giratoire des 3 Rois,47.68434,-2.76666,10:15:00,2024-10-03
202400034234,08:25,Plein jour,56,56260,2,1,1,6.0,Avenue Edgar Degas,47.67338,-2.76296,08:25:00,2024-10-03
202400034235,15:10,Plein jour,89,89341,1,1,1,4.0,A6,47.72523,3.750919,15:10:00,2024-08-26
202400034236,11:55,Plein jour,56,56260,2,3,1,6.0,Avenue du Maréchal de Lattre De Tassigny,47.64658,-2.75916,11:55:00,2024-10-02
202400034237,10:20,Plein jour,51,51250,1,3,1,3.0,Rue Jeanne Dézothez,49.316821,3.674897,10:20:00,2024-08-29
202400034238,21:05,Nuit sans éclairage,68,68370,1,1,1,7.0,D13b,47.9972499,6.95396278,21:05:00,2024-08-29
202400034239,14:00,Plein jour,26,26307,1,1,1,7.0,Route de Lente,45.00600781,5.2953887,14:00:00,2024-08-29
202400034240,14:02,Plein jour,51,51454,2,2,1,3.0,LEMOINE (RUE DE DOCTEUR) DU N°2 AU 78 (P,49.26834,4.03523,14:02:00,2024-10-03
202400034241,09:14,Plein jour,07,07315,1,1,1,7.0,D 19,44.63561236,4.09955882,09:14:00,2024-08-29
202400034242,09:24,Plein jour,51,51454,2,7,1,3.0,SAINT LEONARD (CHEMIN),49.224834,4.096626,09:24:00,2024-10-03
202400034243,16:20,Plein jour,69,69163,1,2,1,1.0,Route de la Thibaudière,45.913855,4.753368,16:20:00,2024-08-28
202400034244,20:08,Crépuscule,31,31417,2,1,1,2.0,10 Avenue de Toulouse,43.614221,1.285585,20:08:00,2024-08-30
202400034245,07:40,Plein jour,51,51454,2,2,1,3.0,ARNOULD (BOULEVARD CHARLES),49.26233,4.00958,07:40:00,2024-10-03
202400034246,17:25,Plein jour,87,87161,1,1,1,7.0,Lieu Dit la Galamache,45.872199,1.502992,17:25:00,2024-08-29
202400034247,18:15,Plein jour,14,14762,1,1,1,6.0,Rue du Sport,48.77832678,-0.82402997,18:15:00,2024-08-29
202400034248,14:50,Plein jour,47,47031,1,1,1,1.0,RD 813 (nouvelle rocade),44.17383,0.63514,14:50:00,2024-10-03
202400034249,21:50,Nuit sans éclairage,35,35015,1,1,1,1.0,Lieu Dit le Chatelet,48.156941,-1.192323,21:50:00,2024-08-28
202400034250,07:45,Plein jour,47,47001,2,2,1,3.0,LIBERTE (BOULEVARD DE LA),44.2007701,0.62249243,07:45:00,2024-10-02
202400034251,14:00,Plein jour,59,59254,1,1,1,3.0,Rue du Pre Watrouille,50.278878,3.19979,14:00:00,2024-08-30
202400034252,17:00,Plein jour,44,44109,2,1,1,3.0,8 Boulevard Lelasseur,47.23295,-1.56651,17:00:00,2024-10-03
202400034253,08:45,Plein jour,59,59019,2,1,1,1.0,Rue de Famars,50.299459,3.537029,08:45:00,2024-08-30
202400034254,14:40,Plein jour,42,42095,2,1,8,6.0,Impasse des Artisans,45.38872,4.29839,14:40:00,2024-10-03
202400034255,00:50,,13,13207,1,1,1,2.0,Tunnel Prado Carénage,43.29105,5.36401,00:50:00,2024-08-29
202400034256,10:10,Plein jour,83,83137,1,1,1,2.0,A57,43.13273225,5.98254819,10:10:00,2024-08-29
202400034257,22:25,Nuit sans éclairage,67,67447,1,1,1,7.0,M35,48.60139,7.73374,22:25:00,2024-08-27
202400034258,21:20,,40,40192,2,1,1,6.0,ROUMAT (BD RENE),43.88454,-0.47609,21:20:00,2024-09-29
202400034259,13:16,Plein jour,91,91689,1,1,1,2.0,AUTOROUTE A6B,48.74751,2.32702,13:16:00,2024-08-29
202400034260,09:25,Plein jour,91,91659,1,1,1,2.0,AUTOROUTE A6,48.595,2.442,09:25:00,2024-08-29
202400034261,00:55,,37,37261,2,2,1,3.0,MIRABEAU (RUE),47.3953,0.69984,00:55:00,2024-10-04
202400034262,19:20,Crépuscule,35,35278,2,1,1,2.0,CHESNAIS BEAUREGARD (RUE DU),48.13683218,-1.69086413,19:20:00,2024-10-03
202400034263,08:50,Plein jour,78,78043,1,1,1,4.0,A12 Y,48.836585,2.089222,08:50:00,2024-08-29
202400034264,18:00,Plein jour,35,35115,2,6,1,6.0,GUE MAHEU (RUE DU),48.34371,-1.19651,18:00:00,2024-10-03
202400034265,08:20,Plein jour,92,92050,1,1,1,2.0,A86,48.91722644,2.22191709,08:20:00,2024-08-29
202400034266,09:30,Plein jour,34,34301,2,1,1,3.0,VERDUN (BOULEVARD DE),43.41242,3.68219,09:30:00,2024-10-03
202400034267,03:05,Nuit sans éclairage,78,78423,1,1,1,6.0,A12 W,48.784351,2.034436,03:05:00,2024-08-29
202400034268,10:25,Plein jour,75,75116,1,1,1,2.0,A13Y,48.8482366,2.24712789,10:25:00,2024-08-28
202400034269,23:00,,34,34172,2,4,1,4.0,NIMES (AVENUE DE),43.617433,3.885695,23:00:00,2024-10-03
202400034270,15:40,Plein jour,93,93027,1,1,1,2.0,AUTOROUTE A1,48.93388142,2.38635991,15:40:00,2024-08-29
202400034271,23:00,Nuit sans éclairage,95,95607,1,1,1,2.0,A115,49.03197268,2.19988763,23:00:00,2024-08-28
202400034272,20:45,,34,34172,2,2,1,3.0,JUSTICE DE CASTELNAU (AVENUE DE LA),43.62695,3.86983,20:45:00,2024-10-02
202400034273,08:20,Plein jour,93,93027,1,1,1,4.0,AUTOROUTE A1,48.93857335,2.41640267,08:20:00,2024-08-27
202400034274,09:25,Plein jour,94,94018,1,1,1,2.0,A4,48.82050762,2.40183223,09:25:00,2024-08-29
202400034275,08:35,Plein jour,34,34172,2,1,8,3.0,POMPIGNANE (AVENUE DE LA),43.61347,3.89815,08:35:00,2024-10-02
202400034276,20:30,Crépuscule,94,94073,1,1,1,5.0,A86,48.76210053,2.38167667,20:30:00,2024-08-28
202400034277,14:05,Plein jour,33,33063,2,1,8,6.0,Unknown,44.8326,-0.5602,14:05:00,2024-10-02
202400034278,17:40,Plein jour,31,31555,1,1,1,3.0,A624 (PURPAN),43.606143,1.392959,17:40:00,2024-10-03
202400034279,16:50,Plein jour,36,36098,1,2,1,3.0,Unknown,46.99404207,1.91757095,16:50:00,2024-05-22
202400034280,18:05,Plein jour,84,84003,2,1,1,7.0,Avenue de Verdun,43.875546,5.405831,18:05:00,2024-06-16
202400034281,18:30,Crépuscule,31,31149,2,1,2,1.0,CORNEBARRIEU (ROUTE DE),43.62564,1.3324,18:30:00,2024-10-02
202400034282,22:10,,67,67204,2,1,1,6.0,BRUMATH (ROUTE DE),48.62014647,7.73129851,22:10:00,2024-07-17
202400034283,08:35,Plein jour,29,29232,2,6,1,1.0,Rond-Point de la Croix des Gardiens,48.010389,-4.095599,08:35:00,2024-10-03
202400034284,02:15,,84,84031,2,1,1,1.0,COLOMB CHRISTOPHE,44.04451,5.05098,02:15:00,2024-05-25
202400034285,07:30,Nuit avec éclairage,13,13039,2,1,2,6.0,POMPIDOU GEORGES (avenue),43.46688,4.94122,07:30:00,2024-01-11
202400034286,09:10,Plein jour,27,27229,2,1,1,2.0,LEPOUZE (RUE),49.02647,1.15572,09:10:00,2024-10-02
202400034287,18:05,Plein jour,22,22360,1,1,1,3.0,VERDUN (RUE DE ),48.48563,-2.71583,18:05:00,2024-10-03
202400034288,18:30,,13,13056,2,6,1,4.0,ALSACE LORRAINE QUAI,43.40334,5.05107,18:30:00,2024-02-09
202400034289,10:55,Plein jour,57,57244,1,1,1,1.0,D98,48.725539,7.231643,10:55:00,2024-06-29
202400034290,11:30,Plein jour,57,57095,2,1,1,2.0,20 Rue de Boulay,49.141768,6.607401,11:30:00,2024-06-26
202400034291,07:37,Crépuscule,19,19031,2,3,1,3.0,VOLTAIRE (BOULEVARD),45.159,1.54045,07:37:00,2024-10-03
202400034292,02:15,,15,15014,2,1,1,6.0,4 bis Avenue de la République,44.927928,2.441839,02:15:00,2024-09-13
202400034293,11:45,Plein jour,57,57515,1,1,1,6.0,D6b,49.054565,6.030819,11:45:00,2024-06-29
202400034294,11:40,Plein jour,13,13212,2,1,1,1.0,WILLIAM BOOTH (AVENUE),43.29,5.44,11:40:00,2024-10-02
202400034295,10:15,Plein jour,988,98818,2,1,1,2.0,AVENUE DU MARECHAL FOCH,-22.27481,166.44279,10:15:00,2024-08-28
202400034296,12:15,Plein jour,976,97611,2,1,1,3.0,cavani-Cavani (route de),-12.78324,45.22342,12:15:00,2024-08-28
202400034297,08:20,Plein jour,13,13001,2,6,7,3.0,BRASSENS GEORGES (AV),43.54250725,5.4553732,08:20:00,2024-10-03
202400034298,17:40,Plein jour,10,10387,2,3,1,6.0,Rue Francois Ferrer,48.2869,4.082,17:40:00,2024-08-08
202400034299,15:00,Plein jour,974,97411,2,6,1,5.0,DORET 2 (BOULEVARD),-20.89203,55.46084,15:00:00,2024-08-28
202400034300,12:26,Plein jour,10,10387,2,2,1,3.0,Rue Francois Serqueil,48.30738,4.08198,12:26:00,2024-10-02
202400034301,16:50,Plein jour,07,07070,2,1,1,6.0,GEAIS (RUE DES),44.96381,4.85126,16:50:00,2024-10-03
202400034302,17:10,Plein jour,04,04112,2,6,1,3.0,DELATTRE DE TASSIGNY (AV. MAL.),43.82539,5.78792,17:10:00,2024-10-02
202400034303,15:15,Plein jour,972,97209,2,1,2,6.0,CHATEAUBOEUF (ROUTE DE),14.62044,-61.04352,15:15:00,2024-08-28
202400034304,06:35,,75,75118,2,1,1,2.0,BD PERIPHERIQUE EXTERIEUR,48.900909,2.337168,06:35:00,2024-10-03
202400034305,08:30,Plein jour,69,69389,2,1,1,3.0,Gare de Vaise,45.78097439,4.80536564,08:30:00,2024-08-28
202400034306,11:40,Plein jour,75,75118,2,1,1,6.0,RUE DU POTEAU,48.893086,2.343245,11:40:00,2024-10-03
202400034307,09:10,Plein jour,75,75115,2,3,1,1.0,RUE DE VAUGIRARD,48.840883,2.30589,09:10:00,2024-10-03
202400034308,23:00,,75,75111,2,4,1,1.0,RUE DE LA ROQUETTE,48.858147,2.382211,23:00:00,2024-10-03
202400034309,12:45,Plein jour,91,91691,2,1,1,3.0,PIERRE DE COUBERTIN(RUE),48.71416,2.47914,12:45:00,2024-08-28
202400034310,12:40,Plein jour,75,75101,2,2,8,2.0,RUE SAINT HONORE,48.867447,2.326224,12:40:00,2024-10-03
202400034311,15:35,Plein jour,94,94081,2,5,1,3.0,Avenue Jean Jaurès,48.79312,2.39551,15:35:00,2024-10-03
202400034312,17:00,Plein jour,94,94073,2,1,1,3.0,227 bis Avenue de Fontainebleau,48.766158,2.368382,17:00:00,2024-10-02
202400034313,16:05,Plein jour,94,94033,2,1,8,6.0,Avenue de Lattre de Tassigny,48.8571,2.49173,16:05:00,2024-10-03
202400034314,11:00,Plein jour,83,83144,2,4,1,1.0,ST JUST (AVENUE LT ANTOINE),43.14272,6.01248,11:00:00,2024-08-27
202400034315,15:15,Plein jour,94,94028,2,1,1,6.0,Avenue du Général de Gaulle,48.78217,2.45402,15:15:00,2024-10-02
202400034316,16:50,Plein jour,94,94017,2,1,1,1.0,67 Quai Galliéni,48.812896,2.486704,16:50:00,2024-10-03
202400034317,07:20,Crépuscule,94,94075,2,1,1,2.0,Rue de Mandres,48.71731,2.53636,07:20:00,2024-10-03
202400034318,02:00,,93,93073,2,2,1,3.0,BALLANGER (BD ROBERT),48.96235311,2.55922313,02:00:00,2024-10-03
202400034319,22:25,,93,93059,2,9,1,6.0,JEAN MERMOZ (N°59 AU 185),48.9699287,2.36583495,22:25:00,2024-10-02
202400034320,15:45,Plein jour,93,93059,2,1,1,3.0,COMMUNE DE PARIS (BOULEVARD),48.96559,2.3631,15:45:00,2024-10-03
202400034321,18:05,Plein jour,93,93050,2,1,1,3.0,AVENUE PAUL VERLAINE,48.86794245,2.54722953,18:05:00,2024-10-03
202400034322,19:00,Plein jour,93,93015,1,1,1,6.0,STRATEGIQUE ROUTE,48.92438,2.56946,19:00:00,2024-10-02
202400034323,13:56,Plein jour,93,93029,2,1,1,6.0,SAINT-STENAY,48.91941196,2.41973697,13:56:00,2024-10-03
202400034324,09:15,Plein jour,93,93010,2,1,1,6.0,GALLIENI (AV.) DE 111 A 175,48.90612407,2.48118877,09:15:00,2024-10-02
202400034325,02:08,,93,93001,2,2,1,3.0,LANDY (PONT DU),48.91531404,2.3712838,02:08:00,2024-10-03
202400034326,17:30,Plein jour,92,92072,2,1,8,6.0,GARENNE (RUE DE LA),48.81918,2.20738,17:30:00,2024-10-03
202400034327,19:25,Plein jour,92,92050,2,1,1,6.0,PICASSO PABLO AVENUE,48.88929827,2.22008541,19:25:00,2024-10-03
202400034328,17:10,Plein jour,92,92050,2,1,1,4.0,JOLIOT CURIE F. ET IRENE AVENUE  N°PAIRS,48.89229,2.20953,17:10:00,2024-09-28
202400034329,18:05,Plein jour,92,92020,2,3,1,3.0,DIVISION LECLERC AVENUE DE LA,48.79528,2.27431,18:05:00,2024-10-03
202400034330,20:54,Nuit sans éclairage,92,92048,2,1,1,7.0,VAUGIRARD (ROUTE DE),48.82055286,2.23747149,20:54:00,2024-10-02
202400034331,10:55,Plein jour,92,92048,2,2,2,2.0,GARDES (ROUTE DES) N° 5 A 51,48.81882684,2.23466367,10:55:00,2024-10-02
202400034332,16:40,Plein jour,92,92040,2,1,1,3.0,FOUCHER LEPELLETIER,48.83040951,2.28006721,16:40:00,2024-10-03
202400034333,14:15,Plein jour,92,92024,2,1,1,6.0,CLICHY (PONT DE),48.90896929,2.29976856,14:15:00,2024-10-03
202400034334,22:05,,92,92019,2,2,1,3.0,DIVISION LECLERC (AVENUE DE LA),48.77070414,2.24819273,22:05:00,2024-10-02
202400034335,17:00,Plein jour,92,92012,2,1,1,2.0,JEAN JAURES (BOULEVARD) 2/68 - COTE PAIR,48.84421884,2.2375913,17:00:00,2024-10-03
202400034336,19:20,Crépuscule,92,92009,2,3,1,6.0,BOIS COLOMBES ( RUE DE ),48.90555369,2.26632334,19:20:00,2024-09-29
202400034337,17:45,Plein jour,95,95580,1,1,1,3.0,D16,49.086234,2.542343,17:45:00,2024-10-03
202400034338,17:42,Plein jour,60,60374,2,2,1,1.0,9 Rue de la Gare,49.550315,2.514367,17:42:00,2024-10-03
202400034339,14:40,Plein jour,47,47293,1,1,1,7.0,Grand Mayne,44.160619,0.677226,14:40:00,2024-10-01
202400034340,16:44,Plein jour,62,62613,2,3,1,3.0,D202,50.675161,2.041719,16:44:00,2024-10-04
202400034341,19:55,Nuit sans éclairage,26,26061,1,1,1,7.0,Route de Saint-Vallier,45.144674,4.932228,19:55:00,2024-10-03
202400034342,17:20,Plein jour,95,95116,1,1,1,6.0,TOURNIOLE (ROUTE DE LA),49.154801,2.348821,17:20:00,2024-10-04
202400034343,07:45,Plein jour,974,97412,2,3,1,1.0,19 Rue Raphaël Babet,-21.379552,55.606393,07:45:00,2024-10-03
202400034344,14:45,Plein jour,11,11132,1,1,1,7.0,D611,43.14601,2.707787,14:45:00,2024-10-02
202400034345,18:50,Crépuscule,84,84039,1,3,1,1.0,D950,44.098943,4.902673,18:50:00,2024-10-03
202400034346,18:00,Plein jour,65,65303,2,1,2,6.0,D5,43.18581,0.17267,18:00:00,2024-10-03
202400034347,16:40,Plein jour,27,27105,1,1,1,6.0,A28,49.312673,0.818439,16:40:00,2024-09-30
202400034348,15:55,Plein jour,56,56161,1,3,1,1.0,Mont Salut,47.648058,-3.036861,15:55:00,2024-10-03
202400034349,19:20,Plein jour,59,59130,1,6,1,7.0,D300,50.889262,2.233111,19:20:00,2024-10-03
202400034350,18:50,Crépuscule,77,77167,1,1,1,7.0,Route départementale 18,48.437664,3.142508,18:50:00,2024-10-04
202400034351,17:37,Plein jour,77,77239,1,1,1,7.0,D1004,48.690904,3.152819,17:37:00,2024-10-03
202400034352,15:55,Plein jour,76,76263,1,1,1,1.0,Route du Tronquay,49.450076,1.504462,15:55:00,2024-10-01
202400034353,08:40,Plein jour,82,82079,1,1,1,3.0,2260 Route de Campsas,43.905895,1.332865,08:40:00,2024-10-03
202400034354,06:00,Crépuscule,32,32038,1,1,5,1.0,D161 PR 13+805,43.636898,1.005056,06:00:00,2024-10-04
202400034355,06:58,Crépuscule,71,71073,2,3,1,3.0,D906,46.901009,4.759998,06:58:00,2024-10-04
202400034356,08:58,Plein jour,89,89433,2,1,1,6.0,d 606,47.512371,3.840006,08:58:00,2024-10-04
202400034357,11:30,Plein jour,34,34193,1,1,1,7.0,D612,43.473679,2.866831,11:30:00,2024-09-12
202400034358,12:10,Plein jour,50,50412,1,1,1,6.0,D650,49.321052,-1.679428,12:10:00,2024-06-22
202400034359,19:30,Plein jour,50,50260,2,1,1,6.0,Rue des Ecoles,48.676539,-1.019067,19:30:00,2024-06-22
202400034360,07:35,Nuit sans éclairage,22,22135,1,1,8,3.0,"départementale 15, le manaty",48.577927,-3.329598,07:35:00,2024-10-03
202400034361,17:25,Plein jour,44,44057,1,1,1,1.0,Le Noyer,47.57536,-2.017547,17:25:00,2024-09-16
202400034362,16:40,Plein jour,45,45053,2,3,1,3.0,36 Rue du Clos de Pierre Bise,47.626623,2.744042,16:40:00,2024-06-21
202400034363,03:30,Nuit sans éclairage,45,45166,1,1,3,1.0,D102 PR 8 + 420,48.015485,1.799666,03:30:00,2024-06-22
202400034364,21:00,Nuit sans éclairage,35,35133,2,2,1,3.0,Rue des Prés,48.127605,-2.036532,21:00:00,2024-10-01
202400034365,14:45,Plein jour,18,18142,1,1,1,7.0,Chemin de la Brande des Grands Cours,46.769989,2.539169,14:45:00,2024-06-17
202400034366,19:30,Plein jour,35,35340,1,2,1,3.0,le breil,48.033544,-2.009353,19:30:00,2024-07-30
202400034367,14:55,Plein jour,16,16192,2,1,1,1.0,Unknown,45.88466,0.592597,14:55:00,2024-06-22
202400034368,04:00,Nuit sans éclairage,07,07342,1,1,1,6.0,route du Puy,45.217856,4.581063,04:00:00,2024-06-22
202400034369,20:42,Plein jour,04,04049,2,1,8,5.0,Le Barrasson,44.07725,5.994447,20:42:00,2024-06-20
202400034370,15:55,Plein jour,02,02788,1,9,1,3.0,D1032,49.668072,3.432165,15:55:00,2024-10-04
202400034371,23:25,Nuit sans éclairage,23,23261,1,1,1,7.0,Unknown,46.272066,2.434992,23:25:00,2024-06-21
202400034372,21:50,,15,15204,2,1,1,1.0,RD 120,44.941413,2.317525,21:50:00,2024-10-02
202400034373,13:30,Plein jour,88,88304,2,1,2,2.0,281 Av du Mal de Lattre de Tassigny,48.293237,6.131819,13:30:00,2024-06-21
202400034374,22:10,Nuit sans éclairage,26,26124,2,1,1,6.0,Route de Portes-les-valence,44.856063,4.871106,22:10:00,2024-10-03
202400034375,05:00,Crépuscule,38,38389,1,1,1,3.0,D53,45.568082,5.069595,05:00:00,2024-06-21
202400034376,04:15,Nuit sans éclairage,58,58148,1,1,1,7.0,D13,46.887125,3.250931,04:15:00,2024-10-04
202400034377,11:00,Plein jour,18,18140,1,1,1,2.0,Unknown,47.137082,1.958978,11:00:00,2024-06-22
202400034378,19:30,Nuit sans éclairage,14,14534,1,1,1,6.0,445 Route de Deauville,49.286857,0.157564,19:30:00,2024-10-02
202400034379,00:10,,06,06085,2,1,1,6.0,224a Avenue de la Plaine,43.610399,6.975803,00:10:00,2024-06-22
202400034380,09:20,Plein jour,50,50483,2,1,7,6.0,10 Rue de l'Europe,49.104581,-1.174292,09:20:00,2024-10-04
202400034381,18:50,Plein jour,51,51454,1,1,1,1.0,"A344, Pk 007.950, sens PARIS/METZ",49.22931725,4.04724278,18:50:00,2024-06-21
202400034382,18:10,Plein jour,27,27263,1,1,1,2.0,autoroute A 13,49.390055,0.552149,18:10:00,2024-06-22
202400034383,13:45,Plein jour,60,60021,1,2,7,1.0,intersection 1032 d575,49.59503844,3.12141323,13:45:00,2024-10-03
202400034384,23:50,Nuit sans éclairage,13,13067,1,1,1,7.0,Autoroute A7 bretelle de sortie n°25 CAVAILLON en direction de LYON,43.81516931,5.03396005,23:50:00,2024-06-21
202400034385,00:30,Nuit sans éclairage,45,45035,1,1,1,7.0,Rue des Sablons,48.04937,2.34144,00:30:00,2024-10-03
202400034386,12:30,Plein jour,37,37110,1,3,1,6.0,Route de Tours,47.3212585,1.05381158,12:30:00,2024-06-21
202400034387,07:54,Plein jour,36,36088,2,1,1,2.0,Rue des Champs d'Amour,46.953679,1.997409,07:54:00,2024-10-03
202400034388,14:30,Plein jour,91,91393,1,2,1,3.0,D21,48.418786,2.003801,14:30:00,2024-06-22
202400034389,08:45,Crépuscule,04,04116,2,3,1,3.0,departementale 4,44.025966,5.968623,08:45:00,2024-10-03
202400034390,04:00,Nuit sans éclairage,06,06158,1,1,1,1.0,Route des Alpes d’Azur,43.937755,7.081933,04:00:00,2024-06-22
202400034391,14:45,Plein jour,23,23040,1,1,1,6.0,Thiolet,46.206775,2.218809,14:45:00,2024-10-03
202400034392,16:49,Plein jour,30,30133,2,1,1,7.0,47 Quai Colbert,43.537139,4.137422,16:49:00,2024-10-03
202400034393,16:30,Plein jour,973,97309,2,1,1,3.0,Rue Cyprien Gildon Rd4,4.917564,-52.279483,16:30:00,2024-10-03
202400034394,17:53,Plein jour,05,05006,2,1,1,5.0,30 avenue de beauregard,44.791449,6.562008,17:53:00,2024-06-22
202400034395,10:50,Plein jour,67,67117,1,1,2,7.0,A4,48.766916,7.33972,10:50:00,2024-10-03