Num_Acc,hrmn,lum,dep,com,agg,int,atm,col,adr,lat,long,heure,date
202400034396,15:30,Plein jour,04,04171,1,1,1,3.0,D952,43.794997,6.386383,15:30:00,2024-06-16
202400034397,19:57,Plein jour,973,97304,1,1,1,5.0,Route Nationale 1,5.157838,-52.882948,19:57:00,2024-10-04
202400034398,21:55,Nuit avec éclairage,34,34299,1,1,2,7.0,D37,43.288741,3.27885,21:55:00,2024-10-02
202400034399,08:30,Plein jour,89,89350,1,1,1,2.0,A6,48.0205,3.1382,08:30:00,2024-06-22
202400034400,15:15,Plein jour,13,13027,1,1,1,3.0,Chemin du Grand Quartier,43.893872,4.843243,15:15:00,2024-10-04
202400034401,19:10,Plein jour,67,67237,2,1,1,7.0,RUE DU DENZLACH,48.675193,7.851362,19:10:00,2024-06-20
202400034402,17:35,Plein jour,67,67200,1,3,1,3.0,D207,48.461621,7.669294,17:35:00,2024-05-25
202400034403,11:20,Plein jour,71,71086,1,1,1,1.0,RD 985 - PK 55+500,46.407971,4.252796,11:20:00,2024-10-04
202400034404,11:40,Plein jour,63,63284,2,1,1,4.0,43 avenue Roger Coulon,45.79929836,3.2451725,11:40:00,2024-06-20
202400034405,21:00,,67,67550,2,4,1,1.0,Route de Froeschwiller,48.939317,7.742229,21:00:00,2024-10-02
202400034406,16:30,Plein jour,38,38111,2,1,1,3.0,Rue du Vercors,45.118425,5.670458,16:30:00,2024-09-16
202400034407,13:30,Plein jour,42,42285,1,1,1,1.0,Route de Montbrison,45.552345,4.160809,13:30:00,2024-06-22
202400034408,11:00,Plein jour,26,26311,1,1,1,7.0,D54,45.027845,5.323257,11:00:00,2024-09-25
202400034409,11:07,Plein jour,38,38352,2,1,1,3.0,Montée de la Ladrière,45.592566,5.237319,11:07:00,2024-06-21
202400034410,21:20,Nuit sans éclairage,86,86018,1,1,1,6.0,Les Arrachis,47.053828,0.118502,21:20:00,2024-10-02
202400034411,11:10,Plein jour,69,69040,2,4,8,6.0,3 Rue Louis Juttet,45.79433263,4.7921034,11:10:00,2024-06-21
202400034412,02:00,Nuit sans éclairage,33,33012,1,1,1,7.0,Unknown,44.98831,-0.681474,02:00:00,2024-09-15
202400034413,08:30,Plein jour,31,31048,1,1,1,6.0,2064 Route de Labastide,43.467579,1.635069,08:30:00,2024-06-22
202400034414,13:25,Plein jour,35,35360,2,1,7,6.0,Rue de Domalain,48.108198,-1.214778,13:25:00,2024-10-04
202400034415,06:50,Plein jour,79,79024,1,1,3,2.0,Unknown,46.393092,-0.254638,06:50:00,2024-06-22
202400034416,23:45,Nuit sans éclairage,67,67218,1,1,1,5.0,M35,48.54668,7.72838,23:45:00,2024-09-29
202400034417,19:45,Plein jour,33,33051,2,4,1,1.0,Unknown,44.654411,-0.998723,19:45:00,2024-06-14
202400034418,18:15,Plein jour,91,91347,1,1,1,6.0,RN 104,48.621938,2.278801,18:15:00,2024-10-03
202400034419,18:40,Plein jour,85,85003,2,3,1,2.0,37 Route de l'anjormière,46.7453,-1.6065,18:40:00,2024-06-20
202400034420,08:10,Plein jour,92,92048,1,1,1,3.0,N118,48.79635798,2.21741204,08:10:00,2024-10-02
202400034421,15:27,Plein jour,22,22225,1,1,1,6.0,Rue de l'Argoat,48.524212,-3.134193,15:27:00,2024-06-22
202400034422,06:15,Nuit sans éclairage,78,78362,1,1,1,5.0,A13,48.976218,1.720506,06:15:00,2024-10-02
202400034423,18:10,Plein jour,80,80106,2,1,1,1.0,6 Grande Rue,49.766655,2.001712,18:10:00,2024-06-21
202400034424,20:00,Nuit sans éclairage,95,95500,1,1,1,5.0,A15,49.0362094,2.09529487,20:00:00,2024-10-02
202400034425,19:20,Plein jour,13,13213,1,1,1,4.0,A507 sens Marseille - Aubagne,43.32988127,5.40484428,19:20:00,2024-06-18
202400034426,23:00,Nuit sans éclairage,94,94046,1,1,1,2.0,A86,48.81577215,2.45029735,23:00:00,2024-10-03
202400034427,06:10,Crépuscule,13,13071,1,1,1,2.0,A7-Sens Marseille vers Lyon,43.40019,5.32019,06:10:00,2024-06-21
202400034428,21:45,Nuit sans éclairage,77,77520,1,1,1,2.0,RN104,48.32011961,2.629662,21:45:00,2024-10-03
202400034429,22:04,Nuit avec éclairage,33,33013,1,1,1,2.0,Unknown,44.8526,-0.504961,22:04:00,2024-06-21
202400034430,20:50,Nuit sans éclairage,77,77237,1,1,1,3.0,A4,48.83228495,2.77909888,20:50:00,2024-10-03
202400034431,18:40,Plein jour,33,33318,1,1,1,3.0,Unknown,44.788217,-0.641846,18:40:00,2024-06-21
202400034432,04:00,Nuit sans éclairage,94,94011,1,1,1,2.0,N406,48.75860978,2.48230079,04:00:00,2024-10-03
202400034433,22:07,Crépuscule,91,91434,1,1,1,6.0,AUTOROUTE A6,48.66988,2.34951,22:07:00,2024-06-21
202400034434,02:25,Nuit sans éclairage,94,94073,1,1,1,6.0,A86,48.76897989,2.37909892,02:25:00,2024-10-03
202400034435,15:40,Plein jour,91,91161,1,1,1,4.0,AUTOROUTE A6,48.7127,2.30791,15:40:00,2024-06-21
202400034436,14:15,Plein jour,13,13026,1,1,1,2.0,ANCIEN CHEMIN DE MARTIGUES,43.38935,5.13794,14:15:00,2024-04-10
202400034437,10:30,Plein jour,78,78640,1,1,2,2.0,A86 EXT,48.777379,2.223663,10:30:00,2024-06-21
202400034438,07:03,,93,93030,2,1,2,6.0,HUIT-MAI-1945 (AVENUE DU),48.94953927,2.43902922,07:03:00,2024-11-08
202400034439,17:00,Plein jour,13,13056,1,3,1,2.0,CD 49,43.34882,5.05705,17:00:00,2024-02-24
202400034440,07:10,Plein jour,92,92036,1,1,2,3.0,A86,48.93576132,2.26300266,07:10:00,2024-06-21
202400034441,05:30,Crépuscule,78,78322,1,1,1,6.0,RN12 EXT,48.782235,2.161374,05:30:00,2024-06-21
202400034442,10:35,Plein jour,974,97416,1,1,1,2.0,RN03,-21.30094,55.50368,10:35:00,2024-10-02
202400034443,09:00,Plein jour,93,93013,2,3,8,1.0,ROLLAND (RUE DU CDT),48.93305,2.42816,09:00:00,2024-11-07
202400034444,17:20,Plein jour,973,97302,2,1,1,7.0,MADELEINE (ROUTE DE LA),4.91743,-52.32143,17:20:00,2024-09-27
202400034445,18:25,Plein jour,92,92050,1,1,1,2.0,A14,48.90030565,2.20945644,18:25:00,2024-06-20
202400034446,12:58,Plein jour,93,93014,2,1,8,6.0,GAGARINE (BOULEVARD),48.905,2.54698,12:58:00,2024-11-08
202400034447,08:00,Plein jour,69,69382,2,1,1,2.0,Cours de Verdun Perrache,45.74993157,4.82504269,08:00:00,2024-10-02
202400034448,11:10,Plein jour,92,92036,1,1,2,7.0,AUTOROUTE A15,48.94862354,2.28092015,11:10:00,2024-06-21
202400034449,12:50,Plein jour,95,95572,1,1,2,6.0,A15,49.0328605,2.10794605,12:50:00,2024-06-21
202400034450,19:20,,93,93010,2,3,1,3.0,BARBUSSE (AV. HENRI) DE 126 A FIN COTE P,48.89975,2.49549,19:20:00,2024-11-08
202400034451,02:30,Nuit sans éclairage,95,95582,1,1,1,6.0,A15,48.97011903,2.249862,02:30:00,2024-06-21
202400034452,12:06,Plein jour,971,97101,2,4,1,3.0,MARECHAL LECLERC,16.25996413,-61.5291667,12:06:00,2024-10-02
202400034453,15:25,Plein jour,93,93008,2,1,1,3.0,MARX (AVENUE KARL),48.90524,2.44323,15:25:00,2024-11-08
202400034454,02:02,,971,97101,1,1,1,6.0,ROUTE DE BOISVINS,16.26766,-61.48974,02:02:00,2024-10-02
202400034455,18:15,Plein jour,95,95582,1,1,1,4.0,D170,48.96419726,2.26858135,18:15:00,2024-06-19
202400034456,20:40,,93,93001,2,9,8,2.0,ADRIEN AGNES (QUAI),48.91599432,2.37091541,20:40:00,2024-11-08
202400034457,07:45,Crépuscule,87,87085,2,3,1,3.0,LATTRE-DE-TASSIGNY (AVENUE DU MARECHAL),45.82479,1.27587,07:45:00,2024-10-02
202400034458,11:00,Plein jour,77,77363,1,1,1,3.0,A104,48.918487,2.632515,11:00:00,2024-06-21
202400034459,02:45,Nuit sans éclairage,94,94046,1,1,1,7.0,A86,48.81577215,2.45029735,02:45:00,2024-06-21
202400034460,13:45,Plein jour,86,86066,2,1,1,3.0,Avenue Alfred Nobel,46.832098,0.537316,13:45:00,2024-10-02
202400034461,13:20,Plein jour,92,92073,2,1,1,6.0,SELLIER (BOULEVARD HENRI),48.86471668,2.2190187,13:20:00,2024-11-08
202400034462,00:15,Nuit sans éclairage,29,29051,1,9,1,7.0,RN 165,48.0043388,-4.05978333,00:15:00,2024-03-20
202400034463,08:10,Plein jour,92,92050,2,1,1,6.0,SEINE BOULEVARD DE,48.9,2.19491,08:10:00,2024-11-08
202400034464,17:50,Plein jour,83,83137,2,1,1,4.0,RD46,43.16520141,5.93598515,17:50:00,2024-10-02
202400034465,17:15,Plein jour,974,97416,1,1,1,4.0,RN1 (ROUTE NATIONALE),-21.33084,55.45563,17:15:00,2024-06-19
202400034466,16:10,Plein jour,83,83137,2,1,1,6.0,FARON (ROUTE  DU),43.14167,5.95841,16:10:00,2024-10-01
202400034467,07:50,Crépuscule,92,92050,2,1,2,6.0,SURESNES RUE DE,48.88526667,2.21180968,07:50:00,2024-11-08
202400034468,09:15,Plein jour,974,97411,2,2,1,3.0,GAULLE (DU GENERAL DE),-20.88488,55.45966,09:15:00,2024-06-18
202400034469,08:15,Plein jour,974,97407,2,9,1,3.0,28 NOVEMBRE 1942(AVENUE),-20.93,55.29,08:15:00,2024-06-20
202400034470,13:40,Plein jour,78,78350,2,1,2,6.0,VERSAILLES (ROUTE DE),48.85819,2.10678,13:40:00,2024-10-02
202400034471,21:10,,92,92050,2,7,1,6.0,BOULE PLACE DE LA,48.88695528,2.20064655,21:10:00,2024-11-05
202400034472,20:55,Nuit sans éclairage,973,97302,1,1,2,6.0,ROUTE NATIONALE 3,4.90394861,-52.31714273,20:55:00,2024-06-20
202400034473,12:10,Plein jour,78,78621,1,1,2,4.0,NATIONALE 10 (ROUTE),48.770676,1.986471,12:10:00,2024-10-02
202400034474,16:40,Plein jour,92,92026,2,1,1,3.0,COLOMBES,48.89747598,2.25650847,16:40:00,2024-11-08
202400034475,17:48,Plein jour,973,97302,2,1,1,6.0,JASMIN(LOTISSEMENT),4.91523722,-52.31789875,17:48:00,2024-06-19
202400034476,05:20,Crépuscule,972,97213,2,1,2,7.0,ROUTE DEPARTEMENTALE 3,14.63558,-60.99147,05:20:00,2024-06-20
202400034477,08:20,Plein jour,92,92019,2,1,8,6.0,SULLY PRU'DHOMME (AVENUE),48.77272,2.28608,08:20:00,2024-11-08
202400034478,15:20,Plein jour,972,97209,1,1,1,6.0,TANNERIE (RUE DE LA),14.60305,-61.05057,15:20:00,2024-06-19
202400034479,13:52,Plein jour,92,92012,2,1,1,6.0,DOME (RUE DU),48.83242,2.24943,13:52:00,2024-11-08
202400034480,18:11,Crépuscule,77,77288,1,1,1,3.0,D 605,48.54286,2.68061,18:11:00,2024-10-02
202400034481,18:00,Plein jour,69,69034,2,1,2,6.0,86 Avenue Général Leclerc,45.80439,4.8635,18:00:00,2024-06-20
202400034482,17:45,Nuit avec éclairage,92,92007,2,1,1,1.0,RAVERA (AVENUE HENRI) N° 111 A 217 ET 10,48.80035321,2.3085586,17:45:00,2024-11-08
202400034483,18:25,Plein jour,76,76410,2,1,1,6.0,Rue des Belges,49.47605,1.04098,18:25:00,2024-10-02
202400034484,16:15,Plein jour,69,69382,2,2,3,6.0,Place des Cordeliers,45.76358,4.83805,16:15:00,2024-06-20
202400034485,21:45,Nuit sans éclairage,37,37024,1,1,1,6.0,1 Petit Mont,47.301712,0.216739,21:45:00,2024-11-08
202400034486,18:20,Plein jour,95,95424,2,9,1,1.0,D14,48.99400268,2.19536733,18:20:00,2024-06-20
202400034487,08:45,Plein jour,73,73065,2,5,2,3.0,Av Lanfrey / Av Comte Vert,45.56997,5.91593,08:45:00,2024-10-02
202400034488,20:35,Plein jour,91,91692,2,1,2,7.0,CANADA (AVENUE DU),48.6846,2.1908,20:35:00,2024-06-20
202400034489,20:00,Nuit sans éclairage,62,62613,1,1,1,1.0,D202,50.680525,2.057405,20:00:00,2024-11-08
202400034490,18:00,Plein jour,72,72181,2,2,1,3.0,BARCELONE (RUE DE),48.01748,0.22724,18:00:00,2024-10-02
202400034491,10:00,Plein jour,91,91645,2,3,8,3.0,MARIUS HUE (RUE),48.7472,2.28497,10:00:00,2024-06-19
202400034492,17:25,Plein jour,16,16186,1,1,1,1.0,20 Route de la Magdeleine,45.539556,-0.183399,17:25:00,2024-11-08
202400034493,15:15,Plein jour,71,71486,2,2,1,3.0,BRANCHE (RUE DE LA),46.6468,4.34002,15:15:00,2024-10-02
202400034494,17:45,Plein jour,91,91174,2,6,1,3.0,RUE JEAN PIESTRE,48.58989,2.47121,17:45:00,2024-06-19
202400034495,21:30,Nuit sans éclairage,62,62748,1,1,1,1.0,D218,50.97189,2.122679,21:30:00,2024-11-08
202400034496,22:50,Nuit sans éclairage,78,78551,2,1,2,6.0,RN 13,48.898103,2.076315,22:50:00,2024-06-20
202400034497,08:15,Plein jour,71,71076,2,2,1,3.0,ALLENDE (AVENUE SALVADOR),46.8057,4.85384,08:15:00,2024-10-02
202400034498,12:45,Plein jour,78,78440,2,1,1,6.0,GAMBETTA (RUE),48.993571,1.906198,12:45:00,2024-06-20
202400034499,23:13,Nuit sans éclairage,95,95316,1,1,2,6.0,D47,49.09214209,2.44881603,23:13:00,2024-11-08
202400034500,19:45,Plein jour,78,78440,2,3,1,3.0,MOLIERE (RUE),48.979771,1.916831,19:45:00,2024-06-19
202400034501,11:08,Plein jour,69,69256,2,1,1,4.0,21 Avenue Pablo Picasso,45.77513,4.91815,11:08:00,2024-10-02
202400034502,10:30,Plein jour,69,69266,2,8,1,6.0,20 Avenue Albert Einstein,45.78243585,4.87802416,10:30:00,2024-10-02
202400034503,17:55,Crépuscule,19,19063,1,1,1,1.0,Turenne,45.10015993,1.58447484,17:55:00,2024-11-08
202400034504,16:30,Plein jour,69,69290,2,1,2,6.0,Montée du Lyonnais,45.70345,4.89548,16:30:00,2024-10-01
202400034505,15:35,Plein jour,77,77495,2,2,1,3.0,D.306,48.5682469,2.62583971,15:35:00,2024-06-19
202400034506,09:00,Plein jour,67,67482,2,1,8,4.0,DOUBS (RUE DU),48.55734789,7.73379564,09:00:00,2024-10-02
202400034507,17:00,Plein jour,77,77268,1,1,1,3.0,BD DE L EUROPE,48.86689,2.80762,17:00:00,2024-06-19
202400034508,05:00,Nuit sans éclairage,2B,2B145,1,1,2,6.0,Loreto,42.475563,9.439466,05:00:00,2024-11-09
202400034509,06:20,Nuit avec éclairage,67,67482,2,3,1,3.0,OSTWALD (RUE D ),48.56046,7.71164,06:20:00,2024-10-01
202400034510,10:05,Plein jour,76,76351,2,1,1,3.0,GEORGES LAFAURIE (RUE),49.50046,0.11153,10:05:00,2024-06-20
202400034511,16:45,Plein jour,33,33125,2,1,1,6.0,Unknown,45.22668,-0.830877,16:45:00,2024-10-23
202400034512,07:00,Nuit sans éclairage,64,64445,2,1,3,4.0,MARTYRS DU PONT LONG DES,43.3406,-0.37974,07:00:00,2024-10-02
202400034513,14:20,Plein jour,72,72181,2,6,1,3.0,EDISON THOMAS (RUE),48.0245,0.1767,14:20:00,2024-06-19
202400034514,15:55,Plein jour,69,69248,2,3,1,3.0,706 Rue de Cours,46.048209,4.305037,15:55:00,2024-11-07
202400034515,17:15,Plein jour,69,69275,2,1,3,2.0,Avenue Jean Jaurès,45.77026,4.95492,17:15:00,2024-06-20
202400034516,17:00,Plein jour,62,62624,1,1,8,3.0,D160E1,50.42384,2.98789,17:00:00,2024-09-30
202400034517,14:30,Plein jour,69,69266,2,2,1,3.0,Rue Pierre Voyant,45.77107,4.89858,14:30:00,2024-06-19
202400034518,17:45,,63,63178,2,2,1,3.0,Intersection Boulevard de Barrière et rue Henri Barbusse,45.541751,3.242244,17:45:00,2024-11-08
202400034519,19:50,,60,60057,2,6,1,6.0,Rue de Saint-Just des Marais,49.43398,2.06216,19:50:00,2024-10-01
202400034520,13:45,Plein jour,69,69092,1,1,1,6.0,147 Rue de la Farnière,46.00604,4.70603,13:45:00,2024-06-20
202400034521,10:05,Plein jour,61,61345,1,3,5,6.0,D920,48.437073,0.777797,10:05:00,2024-11-09
202400034522,06:40,Plein jour,69,69290,2,9,1,3.0,Boulevard de la Cité Berliet,45.71197,4.92048,06:40:00,2024-06-18
202400034523,20:30,,56,56121,2,2,1,2.0,Cours Louis de Chazelles,47.75359,-3.36226,20:30:00,2024-10-01
202400034524,12:30,Plein jour,61,61096,2,1,1,6.0,18 Rue d’Alencon (Haleine),48.516593,-0.438074,12:30:00,2024-10-27
202400034525,17:25,Plein jour,67,67043,2,1,1,6.0,ROSES (RUE DES),48.61248,7.74836,17:25:00,2024-06-20
202400034526,08:30,Plein jour,65,65331,2,1,3,3.0,Avenue de Lourdes,43.21571,0.0541,08:30:00,2024-06-20
202400034527,19:30,Plein jour,56,56162,1,6,1,3.0,Rue Dupuy de Lôme,47.7412,-3.406,19:30:00,2024-09-30
202400034528,14:45,Plein jour,47,47280,1,2,1,3.0,Route de Monflanquin,44.411689,0.793532,14:45:00,2024-11-08
202400034529,19:50,Plein jour,64,64102,2,6,1,3.0,Giratoire Mario Solano,43.48113,-1.46048,19:50:00,2024-06-19
202400034530,17:00,Crépuscule,47,47134,1,1,1,6.0,Le Grand Mole,44.009623,0.298541,17:00:00,2024-11-09
202400034531,18:15,Plein jour,55,55545,2,1,1,1.0,TROYON ( AVENUE DE ),49.158857,5.394558,18:15:00,2024-07-29
202400034532,17:50,Plein jour,64,64102,2,1,1,2.0,HENRI DE NAVARRE (AVENUE),43.49795,-1.44857,17:50:00,2024-06-19
202400034533,23:55,Nuit sans éclairage,55,55545,1,1,1,1.0,DUGNY ( ROUTE DE ),49.15567538,5.36560142,23:55:00,2024-09-01
202400034534,18:30,Nuit sans éclairage,47,47144,1,1,1,1.0,Maisonneuve,44.58443186,0.43541425,18:30:00,2024-11-08
202400034535,13:30,Plein jour,64,64024,2,1,1,3.0,LACROIX (ROND POINT DOCTEUR),43.47793,-1.52346,13:30:00,2024-06-19
202400034536,20:30,Crépuscule,55,55545,2,1,1,7.0,GEORGES GUERIN ( PLACE ),49.16105,5.37112,20:30:00,2024-08-13
202400034537,11:48,Plein jour,22,22152,2,1,8,6.0,ZA de Kerfolic - Allée George Sand,48.777877,-3.24396,11:48:00,2024-11-08
202400034538,10:40,Plein jour,61,61001,2,3,1,3.0,D112,48.433101,0.075648,10:40:00,2024-06-20
202400034539,16:45,Plein jour,55,55545,1,1,1,4.0,Unknown,49.16452314,5.42220354,16:45:00,2024-07-22
202400034540,09:09,Plein jour,60,60057,2,9,1,6.0,Avenue du 8 Mai 1945,49.44156706,2.09469151,09:09:00,2024-05-31
202400034541,17:00,Plein jour,59,59508,2,1,1,1.0,WATTEEUW (RUE JULES),50.73571,3.12068,17:00:00,2024-06-20
202400034542,15:39,Plein jour,44,44131,2,1,1,1.0,La Route Bleue,47.108954,-2.067189,15:39:00,2024-11-08
202400034543,09:20,Plein jour,54,54395,2,2,1,6.0,Rue Dupont des Loges,48.68271468,6.1688152,09:20:00,2024-10-01
202400034544,13:10,Plein jour,59,59183,2,1,1,6.0,FUSILIERS MARINS,51.03376,2.37247,13:10:00,2024-06-20
202400034545,12:13,Plein jour,51,51454,2,1,1,6.0,CLEMENCEAU (AVENUE GEORGES),49.251,4.047,12:13:00,2024-10-02
202400034546,19:00,Nuit sans éclairage,31,31587,1,3,1,3.0,Route de Fronton,43.763613,1.407323,19:00:00,2024-11-08
202400034547,20:42,Crépuscule,49,49007,2,1,1,3.0,GRAND LAUNAY,47.46752,-0.59437,20:42:00,2024-10-02
202400034548,14:00,Plein jour,54,54395,2,3,1,3.0,Rue Jeanne d'Arc,48.68392,6.17321,14:00:00,2024-06-20
202400034549,15:45,Plein jour,49,49007,2,1,1,3.0,VOLNEY,47.4618,-0.54147,15:45:00,2024-10-02
202400034550,08:20,Plein jour,54,54395,2,1,2,3.0,Avenue Paul Doumer,48.67611598,6.1900422,08:20:00,2024-06-19
202400034551,22:52,,01,01269,1,1,1,1.0,29 Route de La-cluse,46.164619,5.586206,22:52:00,2024-11-08
202400034552,13:54,Plein jour,49,49007,2,1,1,6.0,DROITS DE L'HOMME,47.47871,-0.54929,13:54:00,2024-10-02
202400034553,08:59,Plein jour,54,54036,1,1,2,6.0,D139,49.291467,5.977678,08:59:00,2024-06-20
202400034554,08:10,Plein jour,26,26045,1,1,1,1.0,Route d’Aleyrac,44.517501,4.940329,08:10:00,2024-11-08
202400034555,20:20,Crépuscule,53,53130,2,2,1,3.0,BOUDET ( QUAI PAUL ),48.065513,-0.766356,20:20:00,2024-06-20
202400034556,17:00,Plein jour,49,49267,1,1,3,3.0,RD 347,47.47323,-0.46571,17:00:00,2024-06-19
202400034557,14:45,Plein jour,45,45004,1,1,1,2.0,D2007 PR 21 + 1428,47.97088,2.73552,14:45:00,2024-06-14
202400034558,20:10,Nuit sans éclairage,14,14504,1,2,5,3.0,32 Route de Moyaux,49.207856,0.339362,20:10:00,2024-11-08
202400034559,23:20,,44,44184,2,1,8,1.0,104 Rue Charles Longuet,47.287,-2.229,23:20:00,2024-06-19
202400034560,12:20,Plein jour,44,44184,2,3,3,6.0,116 Rue de Trignac,47.29595,-2.1903447,12:20:00,2024-06-19
202400034561,10:30,Plein jour,73,73162,1,1,1,1.0,"D201, pont des viannaises",45.605016,6.25945,10:30:00,2024-11-09
202400034562,14:05,Plein jour,37,37261,2,1,1,3.0,HEURTELOUP (BOULEVARD),47.39282,0.7017,14:05:00,2024-06-20
202400034563,08:15,Crépuscule,36,36048,1,2,5,3.0,Unknown,46.5822479,1.61040457,08:15:00,2024-11-08
202400034564,21:30,Crépuscule,35,35238,2,1,2,2.0,CHATEAUGIRON (DE),48.0996,-1.64716,21:30:00,2024-06-20
202400034565,17:30,Crépuscule,16,16044,1,1,1,6.0,Chez Boulet,46.028985,0.264028,17:30:00,2024-11-09
202400034566,19:25,,24,24547,2,1,1,3.0,Avenue Jean Jaurès,45.134844,1.300735,19:25:00,2024-11-08
202400034567,19:00,Plein jour,35,35238,1,1,1,4.0,ROCADE 13-14,48.13388,-1.70653,19:00:00,2024-06-20
202400034568,12:00,Plein jour,34,34172,2,1,2,2.0,PENELOPE (BOULEVARD),43.60211,3.9152,12:00:00,2024-06-20
202400034569,14:30,Plein jour,28,28422,2,1,1,1.0,42 Rue du Voisin,48.269203,1.625389,14:30:00,2024-11-09
202400034570,18:45,Plein jour,33,33063,2,1,8,6.0,Unknown,44.88697,-0.5526,18:45:00,2024-06-20
202400034571,18:35,Nuit sans éclairage,87,87063,1,1,1,2.0,D979,45.80607,1.360364,18:35:00,2024-11-08
202400034572,12:45,Plein jour,33,33063,2,2,1,3.0,Unknown,44.83294,-0.58573,12:45:00,2024-06-20
202400034573,14:20,Plein jour,33,33281,2,1,1,6.0,Unknown,44.83551541,-0.63402325,14:20:00,2024-06-19
202400034574,08:30,Crépuscule,30,30189,2,9,1,2.0,BEAUCAIRE (ROUTE),43.83629,4.3941,08:30:00,2024-06-18
202400034575,20:30,Plein jour,29,29151,2,1,7,3.0,Route de Lannion,48.58950979,-3.83699061,20:30:00,2024-06-20
202400034576,15:10,Plein jour,31,31254,2,1,2,6.0,700 La Pyreneenne,43.549726,1.506414,15:10:00,2024-11-09
202400034577,18:20,Plein jour,29,29019,2,3,1,3.0,rue Jean Jaurès,48.393516,-4.481329,18:20:00,2024-06-19
202400034578,19:20,Plein jour,26,26008,1,1,1,7.0,Route de Rochemaure,44.57588,4.72053,19:20:00,2024-06-20
202400034579,22:40,Nuit sans éclairage,55,55237,1,1,5,2.0,Autoroute A4 - Pk 261+300 sens Paris Metz,49.11920496,5.50623503,22:40:00,2024-11-08
202400034580,21:25,Crépuscule,25,25580,1,3,1,1.0,BEAULIEU- RN 437 (ROUTE DE),47.46021,6.84158,21:25:00,2024-06-19
202400034581,21:36,Nuit sans éclairage,38,38144,2,1,1,1.0,D518,45.590257,5.089867,21:36:00,2024-11-08
202400034582,09:49,Plein jour,69,69064,1,1,2,6.0,Route Départementale 386,45.47143809,4.77659912,09:49:00,2024-11-08
202400034583,12:20,Plein jour,15,15014,2,6,1,3.0,RD 120,44.92256,2.42764,12:20:00,2024-06-18
202400034584,13:40,Plein jour,974,97418,1,1,1,6.0,Ravine des Chevres les Bas,-20.897962,55.56792,13:40:00,2024-11-09
202400034585,16:00,Plein jour,13,13102,2,1,2,1.0,JEAN MOULIN (BD ),43.41076,5.25223,16:00:00,2024-06-19
202400034586,21:20,,45,45142,2,2,5,3.0,62 Rue André Chenal,47.924136,2.136261,21:20:00,2024-11-08
202400034587,17:35,Plein jour,30,30032,2,1,1,7.0,BVD MARECHAL FOCH,43.80795,4.63832,17:35:00,2024-06-17
202400034588,22:20,Nuit sans éclairage,66,66108,1,1,8,7.0,D916,42.692668,2.677483,22:20:00,2024-11-08
202400034589,19:55,Plein jour,12,12202,2,1,1,6.0,BOURRAN (AVENUE DE),44.36109,2.55644,19:55:00,2024-06-18
202400034590,10:55,Plein jour,67,67433,1,1,1,1.0,D 83,48.38474,7.60586,10:55:00,2024-11-09
202400034591,19:30,Plein jour,11,11069,2,1,2,3.0,141 Av du Pdt Franklin Roosevelt,43.2214,2.33823,19:30:00,2024-06-20
202400034592,19:05,,88,88531,2,1,1,1.0,38 Place du 22 Octobre 1919,48.081211,6.92522,19:05:00,2024-11-08
202400034593,19:10,Plein jour,10,10321,1,9,1,2.0,ROCADE OUEST (RD 610),48.2903,4.0368,19:10:00,2024-06-19
202400034594,23:40,Nuit sans éclairage,09,09225,1,1,9,7.0,ROUTE NATIONALE 20 (VOIE RAPIDE),43.10421,1.63246,23:40:00,2024-06-20
202400034595,08:15,Plein jour,69,69291,1,9,5,3.0,2 Avenue des Portes de Lyon,45.641228,4.856333,08:15:00,2024-11-08
202400034596,20:50,Nuit sans éclairage,31,31263,1,1,1,1.0,Route de Toulouse,43.42306456,1.37574082,20:50:00,2024-11-08
202400034597,11:25,Plein jour,07,07019,1,1,2,1.0,COTE DE VILLE RN 102,44.59206,4.4212,11:25:00,2024-06-15
202400034598,11:20,Plein jour,33,33165,1,1,1,2.0,Unknown,44.825956,-0.424036,11:20:00,2024-11-08
202400034599,16:30,Plein jour,06,06104,2,1,1,6.0,1 Avenue Profondeville,43.762,7.48131,16:30:00,2024-06-20
202400034600,19:45,Nuit avec éclairage,14,14047,2,1,2,6.0,7 Route de Vaux sur Aure,49.286465,-0.703817,19:45:00,2024-11-09
202400034601,10:35,Plein jour,75,75113,2,1,1,6.0,BD PERIPHERIQUE INTERIEUR,48.823637,2.382249,10:35:00,2024-06-20
202400034602,19:30,Nuit sans éclairage,35,35196,1,3,1,3.0,la Guichardais du Meu,48.066956,-1.821665,19:30:00,2024-11-08
202400034603,06:45,Crépuscule,75,75117,2,1,1,5.0,BD PERIPHERIQUE INTERIEUR,48.8972,2.31293,06:45:00,2024-06-20
202400034604,15:15,Plein jour,60,60409,2,1,1,6.0,27 Rue de la République,49.293428,2.459308,15:15:00,2024-11-09
202400034605,19:15,Plein jour,75,75113,2,1,1,2.0,PORTE D ITALIE,48.816632,2.35592,19:15:00,2024-06-19
202400034606,06:30,Plein jour,75,75113,2,2,1,6.0,AVENUE DE FRANCE,48.83137,2.375765,06:30:00,2024-06-19
202400034607,21:15,Nuit sans éclairage,80,80630,1,1,5,7.0,D901,49.781652,1.982431,21:15:00,2024-10-31