Num_Acc,hrmn,lum,dep,com,agg,int,atm,col,adr,lat,long,heure,date
202400034608,19:00,Plein jour,75,75111,2,3,8,1.0,RUE SAINT MAUR,48.863576,2.378964,19:00:00,2024-06-20
202400034609,11:50,Plein jour,75,75120,2,1,1,6.0,RUE DE BELLEVILLE,48.873095,2.380922,11:50:00,2024-06-20
202400034610,18:40,,62,62288,2,1,1,3.0,D189,50.67291263,2.28478827,18:40:00,2024-11-08
202400034611,11:25,Plein jour,75,75120,2,7,1,3.0,PLACE DU MAQUIS DU VERCORS,48.877938,2.409505,11:25:00,2024-06-19
202400034612,19:35,,59,59222,1,1,8,6.0,rue nationale,50.46626,3.137997,19:35:00,2024-11-09
202400034613,21:30,Plein jour,75,75119,2,7,1,1.0,BOULEVARD D INDOCHINE,48.886268,2.396334,21:30:00,2024-06-19
202400034614,05:15,Plein jour,75,75118,2,3,1,3.0,RUE MARX DORMOY,48.884509,2.359432,05:15:00,2024-06-20
202400034615,16:55,,13,13213,1,1,2,2.0,A507 sens Marseille - Aubagne,43.33043277,5.40558457,16:55:00,2024-11-08
202400034616,17:05,Plein jour,75,75116,2,3,1,2.0,AVENUE DE NEW YORK,48.862192,2.293113,17:05:00,2024-06-20
202400034617,00:35,Nuit sans éclairage,13,13015,1,1,1,7.0,A515CD-Gardanne vers A51-Marseille,43.42876,5.4011,00:35:00,2024-11-08
202400034618,14:10,Plein jour,75,75114,2,1,1,3.0,BOULEVARD JOURDAN,48.822539,2.328941,14:10:00,2024-06-19
202400034619,11:00,Plein jour,75,75110,2,1,1,6.0,RUE DU FAUBOURG POISSONNIERE,48.874926,2.348104,11:00:00,2024-06-20
202400034620,12:30,Plein jour,13,13005,1,1,3,2.0,A50 - Sens Aubagne vers Marseille,43.27733491,5.58710982,12:30:00,2024-11-06
202400034621,12:15,Plein jour,75,75107,2,1,1,3.0,AVENUE DE SUFFREN,48.85666,2.29242,12:15:00,2024-06-20
202400034622,12:30,Plein jour,13,13005,1,1,3,6.0,A50 - Sens Aubagne vers Marseille,43.27733491,5.58710982,12:30:00,2024-11-06
202400034623,09:05,Plein jour,75,75101,2,3,1,2.0,RUE DE TURBIGO,48.863557,2.347429,09:05:00,2024-06-20
202400034624,09:00,Plein jour,75,75101,2,2,1,3.0,RUE ETIENNE MARCEL,48.86529,2.343117,09:00:00,2024-06-20
202400034625,20:00,Plein jour,94,94046,2,1,1,6.0,36 Avenue de la Liberté,48.793903,2.430722,20:00:00,2024-06-20
202400034626,08:30,Plein jour,13,13005,1,1,2,5.0,A50-Sens Aubagne vers Marseille,43.28542,5.52696,08:30:00,2024-11-06
202400034627,11:30,Plein jour,94,94041,2,2,1,2.0,Avenue Georges Gosnat / Avenue Spinoza,48.81321,2.38827,11:30:00,2024-06-19
202400034628,09:00,Plein jour,13,13005,1,1,3,6.0,A50 - Sens Aubagne vers Marseille,43.26872039,5.58802041,09:00:00,2024-11-06
202400034629,17:59,Plein jour,94,94017,2,2,1,3.0,Avenue Marx Dormoy / Rue de Bry,48.80631,2.53024,17:59:00,2024-06-20
202400034630,08:00,Plein jour,13,13212,1,1,2,7.0,A507 sens Marseille - Aubagne,43.289,5.42446,08:00:00,2024-11-06
202400034631,08:20,Plein jour,94,94071,2,1,2,2.0,Avenue Georges Pompidou,48.77123261,2.52320123,08:20:00,2024-06-20
202400034632,16:00,Plein jour,93,93073,2,1,1,6.0,Rue Paul Langevin,48.95284,2.56392,16:00:00,2024-06-20
202400034633,07:40,Crépuscule,33,33397,1,1,1,3.0,Unknown,44.918379,-0.476707,07:40:00,2024-11-08
202400034634,17:46,Plein jour,93,93053,2,3,1,7.0,Rue du Parc / Avenue de Bobigny,48.895522,2.443375,17:46:00,2024-06-16
202400034635,23:50,,93,93046,2,1,1,2.0,Avenue Aristide Briand,48.91495,2.52776,23:50:00,2024-06-19
202400034636,09:00,Plein jour,93,93014,2,1,1,2.0,Allée Romain Rolland,48.904654,2.552716,09:00:00,2024-06-20
202400034637,18:00,Nuit sans éclairage,92,92002,1,1,1,4.0,N385,48.76029591,2.28932708,18:00:00,2024-11-08
202400034638,16:40,Plein jour,92,92075,2,1,1,3.0,JEAN BLEUZEN (RUE),48.82283574,2.29536885,16:40:00,2024-06-20
202400034639,23:00,,92,92044,2,2,1,3.0,ARISTIDE BRIAND(RUE)85 +  ET  98+,48.89361965,2.29112846,23:00:00,2024-06-20
202400034640,18:10,Nuit sans éclairage,78,78073,1,1,1,2.0,RN12 INT,48.79921,1.9955,18:10:00,2024-11-08
202400034641,11:09,Plein jour,92,92040,2,4,1,3.0,VICTOR CRESSON (AVENUE) DU 42 AU 94,48.82120034,2.26133251,11:09:00,2024-06-20
202400034642,19:10,Nuit sans éclairage,92,92048,1,1,1,3.0,N118,48.79826952,2.21648752,19:10:00,2024-11-08
202400034643,09:20,Plein jour,92,92035,2,2,1,1.0,République ( boulevard de la ),48.90699,2.24347,09:20:00,2024-06-20
202400034644,18:30,Plein jour,92,92002,2,1,1,6.0,LAVOISIER (AVENUE),48.74863538,2.31272525,18:30:00,2024-06-20
202400034645,12:55,Plein jour,92,92025,1,1,1,2.0,A86,48.92201331,2.22672771,12:55:00,2024-11-08
202400034646,15:56,Plein jour,35,35013,1,2,1,3.0,La Duchenerie,47.706592,-2.054186,15:56:00,2024-06-21
202400034647,23:05,Nuit sans éclairage,78,78646,1,1,1,3.0,RN12 EXT,48.783065,2.159894,23:05:00,2024-11-07
202400034648,18:30,Plein jour,38,38114,1,1,1,2.0,D37b,45.414407,4.769896,18:30:00,2024-06-21
202400034649,11:00,Plein jour,41,41144,2,1,1,6.0,Rue de la Vallée,47.486092,1.114005,11:00:00,2024-06-20
202400034650,07:00,Plein jour,31,31418,1,1,1,1.0,Route de Laganne,43.62072077,1.54785186,07:00:00,2024-06-21
202400034651,18:00,,78,78321,1,1,1,3.0,RN12 INT,48.797114,1.909175,18:00:00,2024-11-07
202400034652,07:55,Plein jour,68,68249,2,1,2,1.0,Les Allagouttes,48.140003,7.183471,07:55:00,2024-06-21
202400034653,22:30,Nuit sans éclairage,35,35063,1,1,1,6.0,Unknown,48.3146,-1.34059,22:30:00,2024-06-20
202400034654,16:00,Plein jour,93,93007,1,9,1,2.0,AUTOROUTE A3,48.93542559,2.4803821,16:00:00,2024-11-08
202400034655,16:25,Plein jour,44,44138,1,1,1,2.0,Unknown,47.521704,-1.640133,16:25:00,2024-06-21
202400034656,08:00,Plein jour,22,22032,1,1,1,7.0,Le Bois de la Haie,48.278752,-2.167332,08:00:00,2024-06-21
202400034657,12:20,Plein jour,93,93005,1,1,1,7.0,AUTOROUTE A3,48.95280378,2.47375002,12:20:00,2024-11-08
202400034658,14:40,Plein jour,34,34077,1,1,2,7.0,départementale 109,43.670014,3.901756,14:40:00,2024-06-20
202400034659,16:30,Plein jour,57,57321,2,1,1,3.0,Rue des Vosges,48.69280512,7.04727716,16:30:00,2024-06-18
202400034660,09:30,Plein jour,93,93005,1,1,2,2.0,AUTOROUTE A3,48.95088858,2.47455129,09:30:00,2024-11-08
202400034661,17:00,Plein jour,67,67315,2,9,1,3.0,D468,48.951951,8.119444,17:00:00,2024-06-20
202400034662,16:40,Plein jour,76,76463,1,1,1,7.0,D1,49.427378,1.679359,16:40:00,2024-06-21
202400034663,22:00,Nuit sans éclairage,94,94046,1,1,1,2.0,A86,48.80379653,2.44831042,22:00:00,2024-11-08
202400034664,12:45,Plein jour,80,80127,1,1,1,6.0,D1015,50.035519,1.479421,12:45:00,2024-06-21
202400034665,18:34,Plein jour,65,65279,2,1,2,6.0,route d'espagne D929,43.038064,0.369584,18:34:00,2024-06-20
202400034666,17:15,Plein jour,33,33108,2,1,1,1.0,Unknown,44.855017,-0.037964,17:15:00,2024-06-20
202400034667,16:40,Plein jour,77,77373,1,1,1,4.0,RN104,48.79440003,2.62048098,16:40:00,2024-11-08
202400034668,18:40,Plein jour,89,89449,2,2,1,2.0,D606,48.335409,3.083376,18:40:00,2024-06-10
202400034669,19:51,Crépuscule,63,63207,1,1,3,6.0,D906,45.64549586,3.68308816,19:51:00,2024-06-20
202400034670,11:35,Plein jour,86,86031,1,1,1,7.0,Route des 4 Vallées,46.602271,0.594141,11:35:00,2024-07-14
202400034671,08:40,Plein jour,61,61145,2,2,7,6.0,23bis Rue du Maréchal Joffre,48.591426,-0.638196,08:40:00,2024-06-21
202400034672,02:52,,34,34057,2,6,1,7.0,1044 Avenue de l?Europe,43.631175,3.908821,02:52:00,2024-08-13
202400034673,08:00,Plein jour,49,49364,1,1,1,1.0,Lieu dit Champagne,47.143168,-0.231972,08:00:00,2024-06-21
202400034674,13:45,Plein jour,12,12088,1,1,8,7.0,D900,44.640124,2.885993,13:45:00,2024-06-21
202400034675,16:50,Plein jour,988,98818,2,3,1,5.0,ROUTE DE L'ANSE VATA/RUE SANTOS DUMONT,-22.28824,166.44802,16:50:00,2024-11-07
202400034676,09:10,Plein jour,46,46282,1,3,2,3.0,LE Suc,44.770944,1.986873,09:10:00,2024-06-21
202400034677,01:05,Nuit sans éclairage,974,97416,1,1,1,7.0,BADAMIER (CHEMIN),-21.32856,55.45916,01:05:00,2024-11-08
202400034678,08:11,Plein jour,47,47127,1,1,2,6.0,D666,44.34648801,0.40381569,08:11:00,2024-06-20
202400034679,09:15,Plein jour,974,97411,2,3,1,3.0,EUCALYPTUS (ROUTE DES),-20.88634,55.43355,09:15:00,2024-11-07
202400034680,01:30,,47,47253,2,2,1,3.0,D289,44.412398,0.148297,01:30:00,2024-06-18
202400034681,15:30,Plein jour,974,97407,2,1,1,3.0,COMMUNE DE PARIS (AVENUE),-20.93681,55.29103,15:30:00,2024-11-07
202400034682,19:46,Plein jour,22,22015,1,1,1,3.0,La Plesse,48.397605,-2.593657,19:46:00,2024-06-20
202400034683,15:15,Plein jour,974,97407,2,1,1,6.0,MONDON (AVENUE),-20.93,55.3,15:15:00,2024-11-06
202400034684,15:35,Plein jour,31,31246,1,1,3,3.0,D817,43.112247,0.853516,15:35:00,2024-06-20
202400034685,19:30,,973,97302,2,3,1,3.0,MATOURY (RUE),4.93258515,-52.32124749,19:30:00,2024-11-07
202400034686,12:55,Plein jour,38,38034,2,3,1,3.0,Avenue d?Auenwald,45.340116,5.049138,12:55:00,2024-06-20
202400034687,17:30,Plein jour,973,97302,2,1,1,6.0,RABAN (ROUTE DE),4.92429,-52.31242,17:30:00,2024-11-07
202400034688,10:50,Plein jour,38,38422,2,9,2,2.0,Avenue des Thermes,45.142003,5.828923,10:50:00,2024-06-20
202400034689,15:05,Plein jour,02,02336,2,1,1,7.0,13 Rue de Jussy,49.692227,3.214949,15:05:00,2024-06-20
202400034690,08:10,Plein jour,973,97302,2,2,1,3.0,ARAGO (FRANCOIS),4.93874,-52.33173,08:10:00,2024-11-07
202400034691,19:05,Plein jour,90,90021,1,1,1,1.0,D29,47.585482,6.957838,19:05:00,2024-06-20
202400034692,07:55,Plein jour,973,97302,2,1,1,1.0,BADUEL (ROUTE DE),4.92684,-52.29136,07:55:00,2024-11-07
202400034693,13:00,Plein jour,45,45167,1,1,2,1.0,D3 PR 10 + 732,47.919786,1.698243,13:00:00,2024-06-21
202400034694,13:25,Plein jour,973,97302,2,1,1,3.0,MANDELA  (BOULEVARD),4.93571,-52.32601,13:25:00,2024-11-06
202400034695,18:03,Plein jour,64,64160,1,1,2,6.0,D932,43.364096,-1.41994,18:03:00,2024-06-20
202400034696,19:40,,69,69387,2,8,1,3.0,Avenue Berthelot,45.74779,4.83383,19:40:00,2024-11-07
202400034697,23:50,Nuit sans éclairage,53,53088,1,1,1,6.0,1347 route de saint-poix,47.969141,-1.094921,23:50:00,2024-06-19
202400034698,17:35,Crépuscule,69,69387,2,2,1,6.0,Cours Gambetta,45.75381,4.84726,17:35:00,2024-11-07
202400034699,08:50,Plein jour,21,21288,1,1,2,7.0,D6,47.541045,4.639074,08:50:00,2024-06-19
202400034700,07:45,Crépuscule,69,69387,2,1,2,6.0,Rue de Gerland,45.74008,4.84056,07:45:00,2024-11-07
202400034701,07:55,Plein jour,27,27113,1,2,1,3.0,D48,49.202817,0.655512,07:55:00,2024-06-21
202400034702,09:50,Plein jour,69,69389,2,1,2,1.0,Rue Professeur Patel,45.76716,4.79104,09:50:00,2024-11-07
202400034703,16:46,Plein jour,28,28140,2,1,1,6.0,Rue des Vergers,48.60168,1.675335,16:46:00,2024-05-09
202400034704,19:25,Nuit sans éclairage,95,95018,1,1,1,4.0,A15,48.96133067,2.2686043,19:25:00,2024-12-14
202400034705,07:00,Plein jour,971,97113,1,1,2,7.0,BESSON,16.23834,-61.49941,07:00:00,2024-11-07
202400034706,21:05,Crépuscule,17,17447,1,9,1,7.0,D116,46.080754,-0.918838,21:05:00,2024-06-20
202400034707,19:25,Plein jour,17,17174,1,1,1,1.0,lieu dit boisselée,46.031679,-0.789656,19:25:00,2024-06-20
202400034708,12:00,Plein jour,92,92036,1,1,1,5.0,AUTOROUTE A15,48.94651571,2.2827709,12:00:00,2024-12-14
202400034709,15:30,Plein jour,2A,2A004,2,3,1,2.0,#MARECHAL LYAUTEY AVENUE IMPAIR#,41.93463597,8.74543905,15:30:00,2024-11-07
202400034710,01:05,Nuit avec éclairage,93,93007,1,9,1,3.0,AUTOROUTE A3,48.92645976,2.48151273,01:05:00,2024-12-14
202400034711,09:30,Plein jour,30,30133,1,1,1,2.0,RD 979 PR 002.000,43.541347,4.146287,09:30:00,2024-06-16
202400034712,08:20,Plein jour,2A,2A004,2,1,1,1.0,GOLFES RCE LES RUE MARTIN BORGOMANO,41.94005,8.75919,08:20:00,2024-11-07
202400034713,11:04,Plein jour,67,67389,2,9,1,7.0,11 Rue du Général de Gaulle,48.651092,7.751705,11:04:00,2024-06-20
202400034714,16:30,Crépuscule,91,91549,2,1,1,6.0,CORBEIL (ROUTE DE),48.63234,2.33656,16:30:00,2024-11-07
202400034715,01:08,Nuit avec éclairage,93,93010,1,9,1,2.0,AUTOROUTE A3,48.89196501,2.47287972,01:08:00,2024-12-14
202400034716,15:20,Plein jour,01,01195,1,1,1,6.0,Autoroute A40 - PK164.900,46.219272,5.292279,15:20:00,2024-06-21
202400034717,07:00,Nuit sans éclairage,95,95154,1,1,1,6.0,A1,49.0397577,2.54238065,07:00:00,2024-12-13
202400034718,21:20,Crépuscule,06,06088,1,1,1,6.0,A8 PK 187+000 NORD,43.678503,7.194114,21:20:00,2024-06-20
202400034719,21:15,,91,91521,2,1,3,1.0,ECORNE BOEUF (RUE DE L'),48.64552,2.43352,21:15:00,2024-11-07
202400034720,19:50,Nuit sans éclairage,95,95539,2,3,1,6.0,D125,48.99558028,2.3531241,19:50:00,2024-10-02
202400034721,04:40,,34,34166,1,1,1,6.0,A9 aire de repos BEZIERS-MONTBLANC,43.359166,3.344135,04:40:00,2024-06-18
202400034722,23:30,,91,91161,2,2,3,3.0,AV PIERRE BROSSOLETTE,48.69938,2.3132,23:30:00,2024-07-12
202400034723,15:20,Plein jour,88,88209,2,2,1,4.0,EPINAL (RUE D'),48.19299,6.43818,15:20:00,2024-11-06
202400034724,14:00,Plein jour,72,72146,1,2,1,3.0,Intersection RD 323 / Route des Martinières,47.891464,0.14735,14:00:00,2024-06-21
202400034725,09:00,Plein jour,91,91345,2,1,1,4.0,RUE GEORGES BIZET,48.699,2.29969,09:00:00,2024-07-11
202400034726,17:50,,84,84035,2,3,1,3.0,VIGNERES-RD98 (ROUTE DES),43.879852,5.006664,17:50:00,2024-11-06
202400034727,23:10,Nuit sans éclairage,76,76484,1,1,1,6.0,A13,49.336505,1.074911,23:10:00,2024-06-20
202400034728,01:05,,30,30351,2,9,1,7.0,GABRIEL PERI (AVENUE),43.95779,4.7958,01:05:00,2024-10-14
202400034729,15:30,Plein jour,30,30011,1,1,1,7.0,100 (ROUTE NATIONALE),43.95776,4.75131,15:30:00,2024-11-06
202400034730,10:35,Plein jour,30,30116,1,6,3,7.0,autoroute A9,43.9322447,4.59741452,10:35:00,2024-06-20
202400034731,19:30,,79,79191,2,1,1,1.0,Unknown,46.309607,-0.46565,19:30:00,2024-11-07
202400034732,01:25,Nuit sans éclairage,13,13087,1,1,2,1.0,campagne blanche d46B,43.469596,5.588967,01:25:00,2024-06-21
202400034733,08:30,Plein jour,987,98735,1,2,1,3.0,POMARE V (AVENUE),-17.52992,-149.56071,08:30:00,2024-12-13
202400034734,09:45,Plein jour,78,78621,2,1,8,3.0,ALEMBERT (AVENUE JEAN D'),48.79145,1.97782,09:45:00,2024-11-07
202400034735,09:26,Plein jour,77,77171,2,3,2,3.0,Rue Henri Moissan,48.895386,2.812183,09:26:00,2024-06-21
202400034736,11:30,Plein jour,987,98736,2,3,3,7.0,ANTHONY BAMBRIDGE (RUE),-17.53632,-149.54773,11:30:00,2024-12-11
202400034737,04:45,Nuit sans éclairage,77,77040,1,1,2,6.0,DEPARTEMENTALE 142,48.51666,2.58065,04:45:00,2024-11-07
202400034738,20:15,,974,97411,2,1,1,7.0,GASPARIN (LUCIEN),-20.882,55.44747,20:15:00,2024-12-13
202400034739,12:15,Plein jour,77,77330,2,1,1,3.0,FOULEE (AVENUE DE LA),48.93709,2.88023,12:15:00,2024-11-07
202400034740,09:15,Plein jour,77,77315,2,3,8,3.0,Avenue du 27 Aout 1944,48.884185,2.828491,09:15:00,2024-06-20
202400034741,15:10,Plein jour,974,97411,2,4,1,3.0,CHAUDRON  (BLD 1 DU),-20.89561797,55.49495941,15:10:00,2024-12-13
202400034742,09:15,Plein jour,77,77153,2,6,8,7.0,D401,49.058271,2.699981,09:15:00,2024-06-10
202400034743,08:30,Plein jour,72,72181,2,1,8,2.0,Rue de Saint Aubin,48.0186,0.1831,08:30:00,2024-11-06
202400034744,14:35,Plein jour,974,97411,2,1,1,3.0,MACE (BOULEVARD GABRIEL),-20.8726,55.44899,14:35:00,2024-12-13
202400034745,07:00,,69,69264,1,1,2,7.0,768 Boulevard Burdeau,45.99672,4.72849,07:00:00,2024-11-07
202400034746,17:30,Plein jour,2B,2B093,1,1,8,3.0,Route Terrotoriale 30,42.612288,8.892446,17:30:00,2024-06-20
202400034747,08:25,Plein jour,67,67482,2,1,8,3.0,RENE CASSIN (ALLEE),48.59797,7.77591,08:25:00,2024-11-07
202400034748,19:00,,974,97407,2,1,1,3.0,CIMENDEF(RUE),-20.93941,55.30647,19:00:00,2024-12-13
202400034749,12:05,Plein jour,83,83016,2,1,1,6.0,Route de Marseille,43.195834,5.806167,12:05:00,2024-06-21
202400034750,18:50,Crépuscule,65,65440,2,1,1,6.0,Rue du Quatre Septembre,43.22843,0.07676,18:50:00,2024-11-07
202400034751,17:15,Plein jour,973,97302,2,6,1,3.0,LEBLOND (ROND POINT),4.9208,-52.32934,17:15:00,2024-12-13
202400034752,19:00,Plein jour,83,83101,1,1,1,1.0,D 93 route des plages,43.227843,6.650527,19:00:00,2024-06-16
202400034753,08:55,Plein jour,64,64445,2,2,7,3.0,MONSEIGNEUR CAMPO,43.32037,-0.34377,08:55:00,2024-11-07
202400034754,12:30,Plein jour,973,97302,2,1,1,3.0,TROUBIRAN (CHEMIN DE),4.92554,-52.3036,12:30:00,2024-12-13
202400034755,12:45,Plein jour,973,97302,1,6,1,7.0,MARINGOUINS (ROND-POINT),4.90776976,-52.32238948,12:45:00,2024-12-11
202400034756,01:05,,83,83099,2,1,1,2.0,DN7,43.456626,6.688485,01:05:00,2024-06-21
202400034757,17:35,Plein jour,64,64335,2,3,1,6.0,DENIS TOUZANNE,43.33787,-0.43843,17:35:00,2024-11-06
202400034758,11:25,Plein jour,973,97302,2,1,1,3.0,FELIX EBOUE(ROCADE),4.92847839,-52.31708837,11:25:00,2024-12-12
202400034759,00:50,Nuit sans éclairage,70,70046,1,1,1,1.0,D486,47.621482,6.438181,00:50:00,2024-06-21
202400034760,13:53,Plein jour,64,64122,2,3,1,3.0,EDOUARD VII (AVENUE),43.48418,-1.55757,13:53:00,2024-11-07
202400034761,19:00,,69,69388,2,2,2,3.0,Rue Audibert et Lavirotte,45.74161,4.86055,19:00:00,2024-12-13
202400034762,07:40,Crépuscule,64,64102,2,1,5,6.0,DUVERGIER DE HAURANNE (AVENUE),43.48942,-1.46807,07:40:00,2024-11-07
202400034763,13:25,Plein jour,89,89198,1,1,1,2.0,autoroute A6 PK155+500,47.8565,3.5719,13:25:00,2024-06-20
202400034764,00:27,,63,63113,2,1,5,6.0,AURIOL (BOULEBARD VINCENT),45.79454,3.12287,00:27:00,2024-11-08
202400034765,18:45,,972,97213,2,1,1,3.0,VIEUX PONT (CHEMIN DU,14.6139,-61.00486,18:45:00,2024-12-13
202400034766,01:30,,69,69382,2,1,2,6.0,170 Cours Charlemagne,45.7361,4.81682,01:30:00,2024-12-14
202400034767,16:15,Plein jour,63,63164,2,1,1,2.0,D 772 (RTE),45.8115,3.15225,16:15:00,2024-11-06
202400034768,12:30,Plein jour,69,69389,2,1,1,6.0,Rue du 24 Mars 1852,45.77927,4.80324,12:30:00,2024-12-13
202400034769,07:55,Crépuscule,61,61001,2,3,2,1.0,6 Rue de l'Abbé Letacq,48.412964,0.090965,07:55:00,2024-11-07
202400034770,08:00,Plein jour,69,69389,2,1,1,3.0,Rue Pierre Termier,45.80286685,4.83893737,08:00:00,2024-12-13
202400034771,20:10,,59,59599,2,1,1,6.0,Rue du Pont de Neuville,50.7393,3.16879,20:10:00,2024-11-07
202400034772,01:45,,69,69202,2,1,1,3.0,5 Avenue Valioud,45.74446,4.8085,01:45:00,2024-12-13
202400034773,18:58,,56,56083,2,6,8,2.0,Rond-point de Locoyarne,47.790598,-3.276773,18:58:00,2024-11-06
202400034774,09:30,Plein jour,971,97107,2,1,1,6.0,FLAMBOYANTS ( ALLEE DES ),16.05216484,-61.56625628,09:30:00,2024-10-18
202400034775,12:29,Plein jour,56,56098,2,3,8,3.0,Boulevard Normandie Niemen,47.76197,-3.35588,12:29:00,2024-11-05
202400034776,06:30,,91,91201,2,6,1,3.0,AV DU GENERAL DE GAULLE,48.688392,2.390205,06:30:00,2024-12-12
202400034777,11:15,Plein jour,51,51454,2,1,1,2.0,WITRY (ROUTE DE),49.26675,4.0648,11:15:00,2024-11-07
202400034778,14:40,Plein jour,91,91027,2,1,1,2.0,RUE EDOUARD VAILLANT,48.70972,2.39998,14:40:00,2024-12-13
202400034779,21:10,,51,51454,2,1,1,4.0,ROEDERER (BOULEVARD LOUIS),49.25702,4.02311,21:10:00,2024-11-06
202400034780,12:30,Plein jour,50,50129,2,1,1,1.0,BOIS (RUE DU),49.6373,-1.60428,12:30:00,2024-11-06
202400034781,11:02,Plein jour,91,91228,2,2,1,5.0,CHAMPS ELYSEES (BD)N°1A EUROPE,48.63095,2.42487,11:02:00,2024-12-13
202400034782,20:20,,91,91223,2,1,5,3.0,MEUNIERS (AVENUE DES),48.43524,2.14637,20:20:00,2024-12-13
202400034783,18:15,,49,49099,1,6,5,3.0,RD160,47.03623,-0.90545,18:15:00,2024-11-06
202400034784,15:15,Plein jour,84,84099,1,2,8,3.0,GORDES-RD15 (ROUTE DE),43.856251,5.083375,15:15:00,2024-12-13
202400034785,18:35,,45,45234,2,1,1,6.0,6 Rue Lazare Carnot,47.82772,1.92944,18:35:00,2024-11-07
202400034786,17:30,Plein jour,44,44109,2,9,8,6.0,45 Allée de l'Embellie,47.26747,-1.51759,17:30:00,2024-11-05
202400034787,08:30,Plein jour,84,84007,2,3,2,2.0,PIERRE SEMARD (AVENUE),43.93313,4.83331,08:30:00,2024-12-13
202400034788,16:50,Plein jour,43,43089,2,1,1,6.0,Avenue de la Mairie,45.04576887,3.86771085,16:50:00,2024-11-07
202400034789,20:10,,84,84007,2,2,1,7.0,RASPAIL (BOULEVARD),43.94453,4.80352,20:10:00,2024-10-27
202400034790,13:40,Plein jour,42,42207,2,3,1,3.0,Rue de l'Eglise,45.48197777,4.52540212,13:40:00,2024-11-06
202400034791,21:25,,84,84007,2,1,1,7.0,FOLIE (AVENUE DE LA),43.94656,4.83259,21:25:00,2024-12-12
202400034792,18:45,,38,38185,2,9,1,3.0,JEAN PAIN (BOULEVARD),45.18850727,5.73999703,18:45:00,2024-11-07
202400034793,18:30,,83,83137,2,1,1,6.0,DE LATTRE DE TASSIGNY (AVE MARECHAL),43.11407,5.93947,18:30:00,2024-12-12
202400034794,15:00,Plein jour,37,37214,2,3,1,2.0,GAUDINIERE (RUE DE LA),47.41488,0.65336,15:00:00,2024-11-07
202400034795,14:55,Plein jour,83,83009,2,1,1,5.0,BEAUSSET (ROUTE DU),43.14632,5.76568,14:55:00,2024-12-10
202400034796,07:57,Plein jour,36,36044,2,1,1,6.0,Boulevard Blaise Pascal,46.798519,1.712064,07:57:00,2024-11-07
202400034797,07:45,Crépuscule,83,83061,2,9,2,3.0,AVENUE ANDRÉ LÉOTARD,43.43882554,6.74715132,07:45:00,2024-12-13
202400034798,23:50,Nuit sans éclairage,34,34108,2,2,2,6.0,JOUTEURS (QUAI DES),43.44484,3.7592,23:50:00,2024-11-08
202400034799,18:50,,82,82121,2,6,1,3.0,CLADEL (RUE LEON),44.02199,1.35293,18:50:00,2024-12-13
202400034800,15:50,Plein jour,33,33522,2,1,1,3.0,Unknown,44.79975,-0.59696,15:50:00,2024-11-07
202400034801,18:00,Crépuscule,80,80021,2,1,1,7.0,Avenue de la Paix,49.9116,2.3017,18:00:00,2024-12-13
202400034802,08:25,Plein jour,33,33318,2,1,5,6.0,Unknown,44.79627,-0.61408,08:25:00,2024-11-06
202400034803,19:35,,78,78146,2,7,1,6.0,GUY DE MAUPASSANT (AVENUE),48.904017,2.156872,19:35:00,2024-12-13
202400034804,09:42,Plein jour,31,31555,2,1,1,6.0,ALL DU PRESIDENT ROOSEVELT,43.60552,1.448181,09:42:00,2024-11-07
202400034805,16:20,Plein jour,29,29254,2,1,1,6.0,Rue de la Mairie,48.57509961,-3.84643867,16:20:00,2024-11-07
202400034806,12:40,Plein jour,78,78551,1,1,1,4.0,RN 184,48.90837,2.07427,12:40:00,2024-12-13
202400034807,20:35,Nuit avec éclairage,78,78005,2,2,1,3.0,CONFLANS (AVENUE DE),48.96274,2.07119,20:35:00,2024-12-13
202400034808,00:30,,77,77083,2,1,1,6.0,PRES (RUE DES),48.85809,2.59604,00:30:00,2024-12-14
202400034809,17:10,,77,77373,2,1,1,6.0,RUE DES TILLEULS,48.80148,2.62027,17:10:00,2024-12-13
202400034810,14:04,Plein jour,25,25462,2,1,1,2.0,ROCADE G.POMPIDOU ( DE 0 A 6),46.89857,6.35941,14:04:00,2024-11-07
202400034811,15:40,Plein jour,18,18033,2,3,1,3.0,Rue de Mazières,47.06251,2.39055,15:40:00,2024-11-06
202400034812,05:45,,73,73065,2,4,1,3.0,MONTMELIAN (FAUBOURG),45.56776,5.93876,05:45:00,2024-12-13
202400034813,17:50,Crépuscule,18,18033,2,1,1,2.0,15 Chaussée de Chappe,47.087808,2.421093,17:50:00,2024-11-05
202400034814,15:30,Plein jour,72,72181,2,3,8,6.0,GLONNIERES (BD) N° PAIRS,47.9714,0.21361,15:30:00,2024-12-11
202400034815,09:05,Plein jour,71,71306,2,3,8,6.0,GENERAL DE GAULLE (QUAI DU),46.67382,4.36181,09:05:00,2024-12-13
202400034816,08:00,Crépuscule,14,14118,2,2,8,3.0,51 Avenue Capitaine Georges Guynemer,49.16803,-0.34669,08:00:00,2024-11-06
202400034817,11:50,Plein jour,69,69259,2,3,1,2.0,Avenue Jacques Duclos,45.69706,4.88882,11:50:00,2024-12-12
202400034818,14:15,Plein jour,13,13215,2,3,1,1.0,SAINT ANTOINE (AVENUE DE),43.37855,5.35706,14:15:00,2024-11-07
202400034819,08:15,Plein jour,13,13215,2,2,1,6.0,SAINT LOUIS (AVENUE DE),43.34766,5.35923,08:15:00,2024-11-07
202400034820,08:30,Crépuscule,66,66136,2,3,3,3.0,ALBERT MARCELLIN,42.69066,2.8912,08:30:00,2024-12-13