Num_Acc,hrmn,lum,dep,com,agg,int,atm,col,adr,lat,long,heure,date
202400034821,17:27,,10,10357,2,4,1,3.0,ROUTE DE BOURANTON (D147),48.29631979,4.13245046,17:27:00,2024-11-06
202400034822,17:45,Nuit sans éclairage,66,66136,2,2,2,3.0,GAUGUIN (AVENUE PAUL),42.72249111,2.89067566,17:45:00,2024-12-12
202400034823,09:35,Plein jour,64,64445,2,1,1,7.0,ARSENE D'ARSONVAL,43.30739,-0.36362,09:35:00,2024-12-12
202400034824,22:10,,10,10387,2,6,1,2.0,WOOD ET WEST (RUE),48.29502,4.08127,22:10:00,2024-11-06
202400034825,15:20,Plein jour,05,05061,2,1,1,6.0,ROUTE DES LACETS DE LA TOURRONDE,44.52581,6.04815,15:20:00,2024-10-28
202400034826,22:58,,64,64102,2,9,1,3.0,GLAIN (CHEMIN DE),43.48558,-1.47145,22:58:00,2024-12-13
202400034827,14:20,Plein jour,64,64024,2,9,8,3.0,ADOUR (AVENUE DE L'),43.51422,-1.5006,14:20:00,2024-12-13
202400034828,17:30,Crépuscule,03,03095,2,4,1,6.0,GUILLAUMIN (RUE EMILE),46.133689,3.466027,17:30:00,2024-11-06
202400034829,16:08,Plein jour,63,63113,2,1,2,1.0,LIEVE (RUE DE LA),45.78251785,3.10034126,16:08:00,2024-12-13
202400034830,07:00,,01,01451,2,1,2,1.0,EDOUARD HERRIOT ( BD),46.21405,5.2168,07:00:00,2024-11-07
202400034831,18:15,,59,59122,2,3,1,3.0,BOUCHAIN (AVENUE DE),50.18065,3.24549,18:15:00,2024-12-03
202400034832,07:50,Plein jour,75,75120,2,1,1,3.0,BOULEVARD PERIPHERIQUE EXTERIEUR NORD  ,48.870563,2.413456,07:50:00,2024-11-07
202400034833,07:50,,57,57672,2,1,1,6.0,EUROPE (CHAUSSEE D'),49.35627,6.14352,07:50:00,2024-12-13
202400034834,14:55,Plein jour,75,75106,2,1,1,3.0,RUE DE RENNES,48.850676,2.330286,14:55:00,2024-11-06
202400034835,14:15,Plein jour,57,57463,2,3,1,6.0,JOFFRE  (AVENUE ),49.11186,6.17106,14:15:00,2024-12-13
202400034836,12:15,Plein jour,75,75120,2,1,8,3.0,RUE DE BAGNOLET,48.863966,2.407918,12:15:00,2024-11-06
202400034837,23:03,Nuit sans éclairage,56,56098,2,1,1,6.0,Malachappe,47.779424,-3.309717,23:03:00,2024-12-12
202400034838,13:20,Plein jour,75,75118,2,1,1,6.0,AVENUE DE CLICHY,48.885367,2.326565,13:20:00,2024-11-07
202400034839,18:08,,56,56121,2,6,1,3.0,Rue président John Kennedy,47.7641,-3.38086,18:08:00,2024-12-12
202400034840,09:05,Plein jour,75,75113,2,3,1,6.0,BOULEVARD AUGUSTE BLANQUI,48.830279,2.347193,09:05:00,2024-11-07
202400034841,14:20,Plein jour,51,51474,2,9,1,2.0,DRUART (RUE EMILE),49.27624,4.00082,14:20:00,2024-12-13
202400034842,06:15,Nuit avec éclairage,75,75112,2,3,1,1.0,PONT D AUSTERLITZ,48.845501,2.36716,06:15:00,2024-11-07
202400034843,07:40,Crépuscule,51,51454,2,3,1,3.0,LELIEVRE (RUE IRENEE),49.25124,4.02294,07:40:00,2024-12-13
202400034844,20:20,,75,75111,2,1,1,3.0,BOULEVARD VOLTAIRE,48.851322,2.390978,20:20:00,2024-11-07
202400034845,19:00,Nuit sans éclairage,51,51525,1,1,5,1.0,CD 1,48.933285,4.444349,19:00:00,2024-12-13
202400034846,20:00,,75,75109,2,2,1,3.0,BOULEVARD HAUSSMANN,48.87226,2.3383,20:00:00,2024-11-06
202400034847,22:40,Nuit sans éclairage,50,50129,1,1,1,7.0,AXE NORD SUD,49.60516,-1.59414,22:40:00,2024-12-12
202400034848,14:11,Plein jour,49,49007,2,1,1,3.0,COUBERTIN BOULEVARD,47.46734,-0.5299,14:11:00,2024-12-13
202400034849,08:20,Plein jour,75,75115,2,3,8,6.0,AVENUE FELIX FAURE,48.838307,2.281267,08:20:00,2024-11-07
202400034850,16:40,Plein jour,49,49007,2,2,1,6.0,BEDIER BOULEVARD,47.45185,-0.54505,16:40:00,2024-12-12
202400034851,17:20,Crépuscule,94,94081,2,3,1,3.0,Avenue Danielle Casanova,48.790492,2.400585,17:20:00,2024-11-07
202400034852,11:45,Plein jour,47,47001,2,6,1,3.0,SERRES (AVENUE MICHEL),44.18631,0.62467,11:45:00,2024-12-13
202400034853,09:00,Crépuscule,94,94068,2,2,8,3.0,Boulevard des Corneilles,48.7858,2.4922,09:00:00,2024-11-07
202400034854,21:54,,45,45004,2,1,5,3.0,D943 PR 2 + 556,47.984473,2.749872,21:54:00,2024-12-13
202400034855,20:45,,35,35238,2,1,1,3.0,SAINT-BRIEUC (DE),48.114333,-1.706196,20:45:00,2024-12-13
202400034856,16:00,Plein jour,94,94041,2,9,1,3.0,Avenue de Verdun,48.80701,2.37523,16:00:00,2024-11-07
202400034857,19:25,,35,35238,2,6,1,1.0,GRAFF (AVENUE GEORGES),48.0855882,-1.69184625,19:25:00,2024-12-13
202400034858,07:50,Plein jour,94,94019,2,1,1,3.0,Avenue du Maréchal Leclerc,48.7966,2.5306,07:50:00,2024-11-07
202400034859,20:05,,33,33075,2,3,1,3.0,Unknown,44.87798,-0.62387,20:05:00,2024-12-13
202400034860,18:15,,94,94075,2,1,2,2.0,Av du Mal de Lattre de Tassigny,48.73155,2.52324,18:15:00,2024-11-07
202400034861,21:00,Nuit sans éclairage,93,93066,2,1,2,2.0,LENINE (AVENUE) NR 2 A 26,48.94299,2.36368,21:00:00,2024-11-07
202400034862,05:00,,31,31555,2,1,1,1.0,AV HONORE SERRES,43.61178,1.43866,05:00:00,2024-12-13
202400034863,18:45,Nuit sans éclairage,29,29039,1,1,1,6.0,Rue de Kerambec,47.892471,-3.892003,18:45:00,2024-12-13
202400034864,15:30,Plein jour,93,93064,2,1,1,1.0,LAVOISIER (RUE),48.86257117,2.49339382,15:30:00,2024-10-18
202400034865,19:00,,93,93046,2,2,2,3.0,FIRMIN DIDOT AVENUE,48.91044,2.52458,19:00:00,2024-11-07
202400034866,18:55,Nuit sans éclairage,29,29019,2,6,2,3.0,rue Paul Masson,48.40481,-4.477475,18:55:00,2024-12-13
202400034867,19:00,,27,27229,2,1,1,6.0,CLEMENCEAU (PLACE GEORGES),49.02737,1.14851,19:00:00,2024-12-13
202400034868,08:00,Plein jour,93,93045,2,1,1,3.0,NOISY LE SEC RUE DE,48.87826165,2.42618144,08:00:00,2024-11-07
202400034869,09:50,Plein jour,25,25462,2,3,1,6.0,BESANCON (DU 26 AU 72),46.90899,6.34909,09:50:00,2024-12-13
202400034870,00:15,,93,93031,2,1,1,6.0,JEAN JAURES (AVENUE),48.95515757,2.31837291,00:15:00,2024-11-07
202400034871,16:05,Crépuscule,93,93010,2,9,8,6.0,ROSNY (AV. DE),48.9033364,2.4705584,16:05:00,2024-11-07
202400034872,07:50,Crépuscule,19,19031,2,1,1,4.0,RIBOT (AVENUE),45.16471,1.51197,07:50:00,2024-12-13
202400034873,09:30,Plein jour,13,13206,2,1,1,3.0,LIEUTAUD (COURS),43.28803,5.38474,09:30:00,2024-12-13
202400034874,07:15,Crépuscule,93,93008,2,9,1,5.0,STALINGRAD (RUE DE) A10,48.91606523,2.42442097,07:15:00,2024-11-06
202400034875,12:37,Plein jour,93,93007,2,1,1,6.0,"""PIERRE SEMARD (RUE """"COTE IMPAIRS"""")""",48.93254,2.47766,12:37:00,2024-11-06
202400034876,07:00,,13,13214,2,1,8,2.0,AYGALADES (AVENUE DES),43.33385,5.3679,07:00:00,2024-12-13
202400034877,22:39,,92,92078,2,6,1,3.0,CHARLES DE GAULLE (BD) (71 AU 153),48.94133896,2.32222125,22:39:00,2024-11-07
202400034878,00:30,,13,13208,2,9,1,1.0,MAZARGUES (AVENUE DE),43.25857265,5.39425402,00:30:00,2024-12-13
202400034879,08:53,Plein jour,92,92051,2,1,8,6.0,MAURICE BARRES (BOULEVARD),48.87950935,2.26587117,08:53:00,2024-11-07
202400034880,11:25,Plein jour,13,13070,2,1,1,1.0,ANTONETTI (AVENUE),43.28691,5.51636,11:25:00,2024-12-13
202400034881,15:35,Plein jour,92,92050,2,1,1,6.0,SADI CARNOT RUE,48.88895951,2.20414225,15:35:00,2024-11-07
202400034882,01:15,,13,13001,2,1,2,6.0,BOUENHOURE (CH DE),43.53953178,5.42643881,01:15:00,2024-12-14
202400034883,17:00,Crépuscule,92,92048,2,1,1,3.0,GENERAL DE GAULLE (AVENUE DU),48.78744173,2.22688973,17:00:00,2024-11-07
202400034884,02:17,Nuit sans éclairage,11,11262,2,1,2,6.0,Unknown,43.17066,2.9789,02:17:00,2024-12-13
202400034885,15:50,Plein jour,92,92044,2,2,8,6.0,CHARLES PASQUA (QUAI) 32 A 58,48.89914404,2.27858841,15:50:00,2024-11-06
202400034886,21:15,,08,08043,2,1,1,1.0,38 Avenue Charles de Gaulle,49.692138,4.96068,21:15:00,2024-11-25
202400034887,23:50,,06,06069,2,1,2,6.0,40 Boulevard Emmanuel Rouquier,43.64215,6.94239,23:50:00,2024-12-13
202400034888,07:30,Crépuscule,92,92040,2,1,1,2.0,BOURGAIN (AVENE),48.82132,2.26462,07:30:00,2024-11-07
202400034889,18:30,,06,06069,2,1,2,1.0,73 Avenue Antoine de Saint Exupéry,43.664598,6.937596,18:30:00,2024-12-13
202400034890,18:10,,92,92036,2,1,1,1.0,GRESILLONS (AVENUE DES) (47/101),48.91593,2.30384,18:10:00,2024-11-07
202400034891,19:10,,06,06123,2,1,8,6.0,Avenue Francis Teisseire,43.66608,7.19626,19:10:00,2024-12-13
202400034892,19:11,,92,92023,2,1,1,6.0,PORTE DE TRIVAUX (RUE DE) N°57 A 197 ET,48.78999496,2.25390628,19:11:00,2024-11-07
202400034893,13:10,Plein jour,75,75120,2,1,1,2.0,BD PERIPHERIQUE INTERIEUR  ,48.872376,2.412504,13:10:00,2024-12-13
202400034894,08:00,Plein jour,92,92019,2,9,1,1.0,BIEVRES ( ROUTE DE),48.77659063,2.23019555,08:00:00,2024-11-07
202400034895,12:25,Plein jour,75,75114,2,4,1,2.0,BD PERIPHERIQUE EXTERIEUR,48.81930736,2.32868314,12:25:00,2024-12-13
202400034896,05:50,Plein jour,974,97415,2,1,1,6.0,29 rue joseph hubert,-21.032172,55.282331,05:50:00,2024-11-08
202400034897,16:45,Nuit sans éclairage,75,75120,2,4,1,2.0,BD PERIPHERIQUE EXTERIEUR,48.861698,2.413912,16:45:00,2024-12-11
202400034898,15:40,Plein jour,40,40065,2,2,1,3.0,Rue des Ecoles,43.642106,-1.430435,15:40:00,2024-11-07
202400034899,17:25,,75,75119,2,1,1,6.0,AVENUE JEAN JAURES,48.883921,2.374664,17:25:00,2024-12-13
202400034900,21:06,Nuit sans éclairage,28,28388,1,1,2,1.0,D910,48.391114,1.451107,21:06:00,2024-11-07
202400034901,16:15,Plein jour,14,14061,1,1,1,7.0,"route de la planque, CAMPEAUX",48.958764,-0.923924,16:15:00,2024-11-08
202400034902,03:25,,75,75117,2,3,1,3.0,RUE GUY MOQUET,48.892914,2.327009,03:25:00,2024-12-13
202400034903,08:25,Nuit sans éclairage,75,75111,2,2,1,6.0,RUE DU CHEMIN VERT,48.861849,2.383391,08:25:00,2024-12-13
202400034904,12:50,Plein jour,83,83091,1,1,1,1.0,ROUTE DEPARTEMENTALE 12,43.208828,6.139491,12:50:00,2024-11-08
202400034905,16:20,Plein jour,75,75110,2,1,1,4.0,PLACE DU ONZE NOVEMBRE 1918,48.87651,2.358208,16:20:00,2024-12-13
202400034906,23:45,,83,83070,2,3,1,6.0,Avenue des Ilaires,43.138154,6.361358,23:45:00,2024-11-07
202400034907,12:30,Plein jour,75,75109,2,3,1,2.0,BOULEVARD DE ROCHECHOUART,48.882806,2.344668,12:30:00,2024-12-13
202400034908,08:16,Plein jour,67,67407,1,1,1,1.0,Départementale 29,48.755807,7.905114,08:16:00,2024-11-07
202400034909,23:00,,94,94078,2,3,1,5.0,Rue de Paris,48.74480702,2.44652706,23:00:00,2024-12-12
202400034910,07:45,Plein jour,31,31555,2,6,1,3.0,chemin de tucaut,43.558652,1.36673,07:45:00,2024-11-07
202400034911,18:00,Nuit avec éclairage,89,89066,1,1,1,1.0,D77,48.104716,3.501173,18:00:00,2024-11-07
202400034912,16:15,Plein jour,94,94068,2,1,1,4.0,Avenue Gambetta,48.79786062,2.49150456,16:15:00,2024-12-13
202400034913,18:00,Crépuscule,56,56164,1,1,1,1.0,Corn Er Houet,47.649995,-2.849901,18:00:00,2024-11-06
202400034914,19:20,,94,94037,2,1,1,6.0,Avenue Pasteur,48.81165,2.34178,19:20:00,2024-12-12
202400034915,07:30,Crépuscule,67,67311,1,1,8,1.0,D321,48.275539,7.512267,07:30:00,2024-11-08
202400034916,18:30,,94,94034,2,1,1,1.0,37 Avenue de la Rèpublique,48.75914045,2.31974816,18:30:00,2024-12-13
202400034917,16:44,Plein jour,76,76141,1,1,1,3.0,D52,49.624017,0.375955,16:44:00,2024-11-07
202400034918,14:07,Plein jour,94,94028,2,1,1,2.0,Rue de Mesly,48.78915705,2.46142781,14:07:00,2024-12-13
202400034919,18:30,Nuit sans éclairage,76,76263,1,1,5,1.0,Route de Nolleval,49.473611,1.506685,18:30:00,2024-11-01
202400034920,13:50,Plein jour,89,89025,2,1,1,6.0,rue du maréchal foch,47.491609,3.909223,13:50:00,2024-11-06
202400034921,20:20,Nuit sans éclairage,94,94011,2,6,1,3.0,Avenue Rhin et Danube,48.76862,2.48846,20:20:00,2024-12-11
202400034922,14:10,Plein jour,94,94073,2,9,1,6.0,Avenue René Panhard,48.76302,2.40111,14:10:00,2024-12-13
202400034923,22:10,,94,94071,2,9,8,7.0,Place Sainte Bernadette,48.76706,2.53298,22:10:00,2024-12-12
202400034924,20:15,,93,93005,2,3,1,3.0,JEAN CHARCOT [CD115] (RUE),48.93290681,2.48843965,20:15:00,2024-12-12
202400034925,19:45,,92,92078,2,2,1,1.0,MOULIN DE CAGE (RUE),48.92744776,2.3187793,19:45:00,2024-10-23
202400034926,15:56,Plein jour,92,92046,2,9,1,3.0,LOUISE MICHEL (BD),48.81237876,2.28623763,15:56:00,2024-12-13
202400034927,15:55,Plein jour,92,92051,2,1,1,3.0,GENERAL KOENIG (BOULEVARD DU),48.87763895,2.24773049,15:55:00,2024-12-13
202400034928,01:30,,92,92051,2,1,1,6.0,"SAINT PAUL (RUE, N° PAIRS)",48.89112973,2.27643684,01:30:00,2024-12-13
202400034929,19:45,,92,92050,2,1,1,2.0,CHEVREMONTS RUE DES,48.87737965,2.21597224,19:45:00,2024-12-13
202400034930,00:19,,92,92050,2,2,1,3.0,boulevard Aimé Césaire,48.89398,2.22729,00:19:00,2024-12-13
202400034931,23:05,,92,92050,2,1,1,6.0,ALLENDE SALVADOR RUE,48.89475203,2.22334161,23:05:00,2024-12-12
202400034932,11:07,Plein jour,92,92040,2,1,1,6.0,JEAN JAURES (AVENUE),48.82402223,2.27369316,11:07:00,2024-12-13
202400034933,21:45,,92,92035,2,1,1,3.0,Général de Gaulle  ( avenue du ),48.91010025,2.25495189,21:45:00,2024-12-07
202400034934,16:55,,92,92024,2,1,1,6.0,GENERAL LECLERC (BD DU) (9 A 59)   (4 A,48.90077,2.31615,16:55:00,2024-12-13
202400034935,15:50,Plein jour,92,92024,1,9,1,2.0,AVENIR (RUE DE L') DE (36 A 42)   (37 A,48.90380408,2.30096005,15:50:00,2024-12-13
202400034936,19:45,,92,92009,2,1,1,6.0,VICO ( RUE ),48.91886428,2.2624499,19:45:00,2024-12-13
202400034937,09:25,Plein jour,78,78143,1,1,1,1.0,Route de Versailles,48.73241,2.097874,09:25:00,2024-12-12
202400034938,17:30,,78,78160,2,3,1,2.0,Chemin des Regains,48.702382,2.055439,17:30:00,2024-11-28
202400034939,14:30,Plein jour,26,26194,1,1,1,7.0,Route du Chateau,45.205074,5.033739,14:30:00,2024-12-14
202400034940,08:20,Crépuscule,06,06137,1,1,2,6.0,Route de Saint-vallier,43.662431,6.854814,08:20:00,2024-12-13
202400034941,16:00,Plein jour,65,65131,1,4,1,1.0,D632,43.276391,0.189436,16:00:00,2024-12-13
202400034942,23:50,Nuit sans éclairage,62,62770,2,1,8,6.0,D916,50.622306,2.551921,23:50:00,2024-12-13
202400034943,16:10,Plein jour,31,31203,2,1,8,1.0,Avenue de Gascogne,43.517902,1.318703,16:10:00,2024-12-13
202400034944,01:15,Nuit sans éclairage,51,51418,2,1,1,6.0,Chemin de Dresfervuoin,49.236163,3.959799,01:15:00,2024-12-14
202400034945,18:25,Crépuscule,19,19028,1,6,2,3.0,D979,45.411568,2.497823,18:25:00,2024-12-13
202400034946,16:00,Plein jour,56,56071,1,1,1,6.0,La Ville Moisan,47.905796,-2.656964,16:00:00,2024-12-14
202400034947,08:05,Crépuscule,56,56036,1,9,1,3.0,Rue Pierre Landais,47.786792,-3.332033,08:05:00,2024-12-03
202400034948,18:30,Nuit sans éclairage,32,32166,1,1,1,7.0,d112,43.811738,0.320449,18:30:00,2024-12-13
202400034949,09:20,Plein jour,71,71310,2,1,5,7.0,Route Départementale 290,46.761131,4.476323,09:20:00,2024-12-14
202400034950,18:00,Nuit sans éclairage,63,63043,1,1,1,6.0,route du pont de la faye,46.04240506,2.98901752,18:00:00,2024-12-13
202400034951,18:40,Nuit sans éclairage,61,61140,1,1,1,1.0,RD918,48.717993,0.660166,18:40:00,2024-12-13
202400034952,13:45,Plein jour,55,55181,2,1,1,3.0,91 Avenue du 8e Bcp,49.200475,5.646498,13:45:00,2024-12-10
202400034953,21:20,Nuit sans éclairage,34,34031,1,9,2,6.0,D28,43.359065,3.435577,21:20:00,2024-12-13
202400034954,11:36,Plein jour,25,25212,2,6,1,1.0,Rue de la Poste,47.2777,5.994013,11:36:00,2024-12-09
202400034955,09:15,Crépuscule,25,25130,1,1,5,6.0,D27,47.063223,6.207361,09:15:00,2024-12-14
202400034956,22:30,Nuit sans éclairage,35,35062,1,1,1,6.0,L?Eclardiere,48.35143997,-1.08583403,22:30:00,2024-10-04
202400034957,19:50,Nuit sans éclairage,29,29274,1,1,1,6.0,Raden,48.006697,-3.692905,19:50:00,2024-12-13
202400034958,15:15,Plein jour,29,29163,1,1,2,7.0,D769,48.54516159,-3.82709942,15:15:00,2024-12-14
202400034959,19:00,,02,02716,2,1,1,7.0,Rue de Lercilly,49.61958,3.343787,19:00:00,2024-12-13
202400034960,18:20,,01,01343,1,2,2,3.0,D1079,46.277756,4.955574,18:20:00,2024-12-13
202400034961,17:10,,26,26011,2,1,1,3.0,Rue Charles Chapoutat,44.716096,5.052307,17:10:00,2024-12-10
202400034962,20:50,Nuit sans éclairage,14,14367,1,1,1,6.0,D11,49.23210727,-1.05420202,20:50:00,2024-12-13
202400034963,22:40,Nuit sans éclairage,36,36140,1,1,1,1.0,poudault N151,46.882576,1.835489,22:40:00,2024-12-13
202400034964,09:45,Plein jour,53,53035,1,1,1,2.0,D771,47.824465,-1.003243,09:45:00,2024-12-14
202400034965,21:15,Nuit sans éclairage,85,85004,2,1,1,6.0,Rue du clos boisson,46.406954,-1.384615,21:15:00,2024-12-13
202400034966,23:30,Nuit avec éclairage,30,30167,1,1,2,7.0,D51,44.274904,4.151652,23:30:00,2024-12-13
202400034967,18:32,Nuit avec éclairage,88,88379,1,1,8,1.0,D32,48.345982,6.488628,18:32:00,2024-12-10
202400034968,20:00,,973,97307,1,1,1,7.0,Route de Stoupan,4.771169,-52.339296,20:00:00,2024-12-13
202400034969,01:30,Nuit sans éclairage,987,98745,2,1,2,7.0,RT 142,-16.659633,-151.456921,01:30:00,2024-12-07
202400034970,15:55,Plein jour,27,27198,1,2,1,1.0,D51/D49,48.823692,1.007813,15:55:00,2024-12-13
202400034971,23:00,Nuit sans éclairage,28,28199,1,1,5,7.0,A10,48.213807,1.847162,23:00:00,2024-12-13
202400034972,16:50,Nuit sans éclairage,59,59312,1,1,1,7.0,A26,50.014572,3.171709,16:50:00,2024-12-14
202400034973,14:00,Plein jour,988,98803,1,1,3,6.0,RT1 col de du CAP,-21.45664,165.30149,14:00:00,2024-12-14
202400034974,19:30,Nuit sans éclairage,34,34327,1,1,3,1.0,Rn 113,43.651386,3.959842,19:30:00,2024-12-13
202400034975,23:35,Nuit sans éclairage,67,67028,1,1,5,6.0,D206,48.379043,7.585695,23:35:00,2024-12-13
202400034976,12:15,Plein jour,73,73179,2,3,1,3.0,D1 Avenue costa de beauregard / Rue Riottot,45.588561,5.882589,12:15:00,2024-12-13
202400034977,20:30,,69,69009,2,3,2,1.0,Rue du 3 Septembre 1944,45.934556,4.718447,20:30:00,2024-12-13
202400034978,18:25,Nuit sans éclairage,69,69289,2,1,2,3.0,Route de Givors,45.647183,5.017802,18:25:00,2024-12-13
202400034979,18:55,Nuit sans éclairage,79,79303,1,1,1,7.0,Unknown,46.375007,-0.100283,18:55:00,2024-12-13
202400034980,21:37,Nuit sans éclairage,35,35240,2,1,1,6.0,21 Avenue de la Bouvardière,48.09903307,-1.8015781,21:37:00,2024-12-13
202400034981,17:50,Nuit sans éclairage,80,80561,2,1,1,2.0,Route d’Ailly,49.645819,2.558656,17:50:00,2024-12-14
202400034982,17:40,,59,59449,2,1,1,1.0,15 Route de Marchiennes,50.466053,3.252807,17:40:00,2024-12-13
202400034983,16:55,Crépuscule,83,83126,1,9,1,4.0,A50,43.12011432,5.85101971,16:55:00,2024-12-12
202400034984,16:07,Plein jour,33,33397,1,1,1,2.0,Unknown,44.89954153,-0.49457823,16:07:00,2024-12-13
202400034985,23:22,Nuit sans éclairage,59,59458,1,1,1,6.0,AUTOROUTE A23,50.56214,3.16852,23:22:00,2024-12-11
202400034986,10:00,Plein jour,94,94037,1,1,1,2.0,A6A,48.81567897,2.33682579,10:00:00,2024-12-13
202400034987,21:25,,94,94003,1,1,1,6.0,A6B,48.7999444,2.34360832,21:25:00,2024-12-11
202400034988,19:18,Nuit sans éclairage,92,92048,1,1,1,2.0,N118,48.78686334,2.22255768,19:18:00,2024-12-13
202400034989,18:30,Nuit sans éclairage,92,92064,1,1,1,2.0,A13,48.83983727,2.20716232,18:30:00,2024-12-13
202400034990,19:30,Nuit sans éclairage,92,92050,1,1,1,3.0,A86,48.90386109,2.20692694,19:30:00,2024-12-13
202400034991,05:20,Nuit sans éclairage,78,78133,1,1,1,2.0,A13,48.889462,2.01033,05:20:00,2024-12-13
202400034992,03:12,,92,92050,1,1,1,2.0,A14,48.8991225,2.21449672,03:12:00,2024-12-13
202400034993,15:00,Plein jour,78,78217,1,1,1,2.0,A13,48.96564,1.814656,15:00:00,2024-12-12
202400034994,17:52,Nuit sans éclairage,78,78297,1,1,1,3.0,RN12,48.79142,2.05624,17:52:00,2024-12-11
202400034995,16:45,Plein jour,93,93066,1,1,1,2.0,AUTOROUTE A1,48.90515615,2.35842786,16:45:00,2024-12-13
202400034996,20:40,Nuit sans éclairage,93,93066,1,1,1,5.0,AUTOROUTE A1,48.90515615,2.35842786,20:40:00,2024-12-12
202400034997,20:00,Nuit sans éclairage,95,95351,1,1,1,4.0,N104,49.03843116,2.48465076,20:00:00,2024-12-12
202400034998,07:00,,94,94046,1,1,1,3.0,A86,48.8107449,2.44886756,07:00:00,2024-12-13
202400034999,01:55,Nuit sans éclairage,57,57206,1,1,3,7.0,Autoroute A30,49.31063,6.11259,01:55:00,2024-09-06
202400035000,01:29,,987,98735,2,2,8,1.0,PRINCE HINOI (AVENUE),-17.53594,-149.56641,01:29:00,2024-12-07
202400035001,13:30,Plein jour,974,97411,2,2,1,3.0,RIVIERE DES PLUIES (ROUTE DE LA),-20.9012,55.50118,13:30:00,2024-12-11
202400035002,18:20,Plein jour,974,97407,2,1,1,1.0,LAPIERRE HENRI(IMPASSE),-20.94188,55.2971,18:20:00,2024-12-12
202400035003,19:05,Nuit avec éclairage,973,97302,2,2,1,3.0,BRASSE (LIEUTENANT),4.93645,-52.33251,19:05:00,2024-12-11
202400035004,14:25,Plein jour,973,97302,2,3,1,3.0,SOURCE DE BADUEL (CHEMIN DE LA),4.92957064,-52.3087914,14:25:00,2024-12-11
202400035005,16:20,Plein jour,971,97113,1,1,1,3.0,RN4-ROND POINT SAINT FELIX,16.20777,-61.44629,16:20:00,2024-12-12
202400035006,12:00,Plein jour,95,95539,1,1,3,5.0,D301,49.00473154,2.35718329,12:00:00,2024-12-08
202400035007,12:35,Plein jour,95,95539,1,1,8,5.0,D301,49.00029744,2.35962401,12:35:00,2024-12-12
202400035008,09:20,Plein jour,95,95680,1,1,2,1.0,D10,49.01972953,2.41422927,09:20:00,2024-12-11
202400035009,20:50,,95,95063,2,1,1,6.0,HENRI HERVE (RUE),48.92732925,2.21693873,20:50:00,2024-12-12
202400035010,18:00,Nuit sans éclairage,91,91689,1,1,1,1.0,BD DE L EUROPE,48.73026,2.3353,18:00:00,2024-12-12
202400035011,10:14,Plein jour,87,87075,2,1,1,6.0,CHATEAU (AVENUE DU),45.80799,1.21572,10:14:00,2024-12-12
202400035012,08:23,Crépuscule,87,87050,2,9,1,6.0,PASCAUD (RUE DU DOCTEUR),45.87992,1.23931,08:23:00,2024-12-11
202400035013,08:00,Plein jour,30,30011,2,1,1,2.0,6580 (RD),43.9612,4.74526,08:00:00,2024-12-12
202400035014,13:30,Plein jour,13,13004,1,1,1,5.0,N572,43.683265,4.584697,13:30:00,2024-03-02
202400035015,13:05,Plein jour,71,71238,1,1,1,6.0,D982,46.234563,4.041381,13:05:00,2024-02-26
202400035016,05:20,Nuit sans éclairage,67,67101,1,1,1,2.0,D1420,48.524801,7.465886,05:20:00,2024-02-27
202400035017,19:12,,38,38276,2,1,1,3.0,Route Departementale 1085,45.566967,5.302805,19:12:00,2024-02-14
202400035018,07:00,Crépuscule,38,38205,1,9,1,3.0,3666 Route de Villard,45.102797,5.56148,07:00:00,2024-03-02
202400035019,08:00,Plein jour,65,65399,1,1,1,1.0,D921,42.903932,-0.031414,08:00:00,2024-03-02
202400035020,21:00,Nuit sans éclairage,46,46102,1,1,1,1.0,D662,44.59070163,2.00003016,21:00:00,2024-03-01
202400035021,10:40,Plein jour,86,86026,1,1,3,7.0,D759,47.065946,0.163584,10:40:00,2024-03-02
202400035022,17:30,Plein jour,33,33248,1,1,2,4.0,Unknown,45.091366,-0.798289,17:30:00,2024-03-01
202400035023,18:50,Crépuscule,53,53011,1,2,1,3.0,D4,47.938082,-0.866139,18:50:00,2024-03-01
202400035024,01:45,Nuit sans éclairage,59,59534,1,1,2,7.0,Route de Landrecies,50.121225,3.908858,01:45:00,2024-03-02
202400035025,08:10,Plein jour,13,13216,1,1,1,1.0,A55-Sens Marseille vers Martigues,43.33806717,5.34883659,08:10:00,2024-03-01
202400035026,12:39,Plein jour,33,33013,1,1,1,4.0,Unknown,44.86872,-0.50274,12:39:00,2024-03-01
202400035027,12:00,Plein jour,33,33192,1,1,3,2.0,Unknown,44.78614,-0.59541,12:00:00,2024-03-01
202400035028,18:39,Plein jour,33,33122,1,1,1,4.0,AUTOROUTE A 63,44.74361,-0.70573,18:39:00,2024-02-28
202400035029,18:15,Nuit sans éclairage,91,91339,1,1,2,3.0,RN 104,48.63036,2.23661,18:15:00,2024-03-01
202400035030,08:50,Plein jour,13,13205,2,2,1,3.0,JEANNE D'ARC (BOULEVARD),43.2939,5.3998,08:50:00,2024-01-16
202400035031,07:55,Plein jour,94,94038,1,1,2,6.0,A6B,48.77991819,2.34691637,07:55:00,2024-03-01
202400035032,16:15,Plein jour,11,11262,2,2,1,3.0,Unknown,43.18210933,2.99104393,16:15:00,2024-01-16
202400035033,06:00,Nuit sans éclairage,10,10081,1,1,3,6.0,PENETRANTE NORD,48.3161,4.0622,06:00:00,2024-01-17