Num_Acc,hrmn,lum,dep,com,agg,int,atm,col,adr,lat,long,heure,date
202400035034,21:32,Nuit sans éclairage,94,94003,1,1,2,2.0,A6A,48.79796792,2.34366247,21:32:00,2024-02-29
202400035035,14:15,Plein jour,06,06027,2,1,1,3.0,Promenade de la Plage,43.65539,7.16066,14:15:00,2024-01-17
202400035036,12:45,Plein jour,04,04112,2,1,2,2.0,POMPIDOU (AV.GEORGES),43.82636,5.78219,12:45:00,2024-01-17
202400035037,19:05,Nuit sans éclairage,78,78291,1,1,3,2.0,A13,48.97124,1.73234,19:05:00,2024-03-01
202400035038,18:10,,75,75113,2,1,2,3.0,PORTE D IVRY,48.8172,2.366254,18:10:00,2024-01-17
202400035039,09:23,Plein jour,78,78073,1,1,2,2.0,A12 Y,48.80144,2.04664,09:23:00,2024-03-01
202400035040,14:50,Plein jour,75,75116,2,1,1,3.0,Place de la Porte Maillot,48.87772304,2.2821629,14:50:00,2024-01-16
202400035041,18:11,Plein jour,91,91553,2,1,1,1.0,31 Rue Antoine Bourdelle,48.621098,2.50204,18:11:00,2024-03-07
202400035042,18:40,Crépuscule,78,78423,1,1,1,6.0,A12 W,48.784192,2.034277,18:40:00,2024-02-28
202400035043,17:50,,75,75116,2,2,2,6.0,ALLEE DE LONGCHAMP,48.873303,2.266607,17:50:00,2024-01-17
202400035044,15:50,Plein jour,51,51660,2,6,1,7.0,Avenue du Val des Bois,49.350285,4.208166,15:50:00,2024-03-28
202400035045,08:47,Plein jour,75,75116,2,7,3,3.0,PLACE DE VARSOVIE,48.860443,2.29109,08:47:00,2024-01-17
202400035046,09:30,Plein jour,95,95018,1,1,2,5.0,A15,48.96078636,2.26969648,09:30:00,2024-03-01
202400035047,17:30,Plein jour,51,51564,1,1,1,1.0,D9,49.13008115,4.1054746,17:30:00,2024-04-06
202400035048,20:00,,75,75116,2,3,1,7.0,RUE GROS,48.851236,2.27591,20:00:00,2024-01-16
202400035049,00:40,Nuit sans éclairage,93,93010,1,1,2,3.0,A3,48.89094081,2.47316485,00:40:00,2024-03-01
202400035050,19:00,Plein jour,74,74123,1,1,1,7.0,D12,45.719583,6.303445,19:00:00,2024-04-06
202400035051,07:10,,75,75116,2,2,1,3.0,ALLEE DE LA REINE MARGUERITE,48.867637,2.250865,07:10:00,2024-01-16
202400035052,12:30,Plein jour,75,75113,2,3,2,6.0,RUE LEON MAURICE NORDMANN,48.835028,2.346248,12:30:00,2024-01-17
202400035053,09:00,Plein jour,93,93008,1,1,1,3.0,A86,48.91232966,2.43799011,09:00:00,2024-02-29
202400035054,21:00,Nuit sans éclairage,75,75112,2,2,2,6.0,BOULEVARD PONIATOWSKI,48.831701,2.397901,21:00:00,2024-01-17
202400035055,11:00,Plein jour,79,79322,1,2,1,4.0,Unknown,46.612746,-0.284293,11:00:00,2024-04-09
202400035056,07:20,Crépuscule,93,93010,1,1,2,3.0,A3,48.90016339,2.4695306,07:20:00,2024-02-29
202400035057,14:30,Plein jour,75,75110,2,2,2,6.0,RUE LA FAYETTE,48.881333,2.364752,14:30:00,2024-01-17
202400035058,16:35,Plein jour,22,22004,1,1,1,6.0,rd 767,48.629363,-3.321326,16:35:00,2024-05-16
202400035059,10:50,Plein jour,92,92036,1,1,1,3.0,AUTOROUTE A86,48.93868744,2.30811059,10:50:00,2024-02-28
202400035060,17:40,Plein jour,65,65002,1,1,2,5.0,N21,43.154855,-0.020819,17:40:00,2024-04-09
202400035061,07:17,Plein jour,25,25032,1,1,2,2.0,Autoroute A36 PK 089+700 sens BEAUNE-MULHOUSE,47.374447,6.386865,07:17:00,2024-05-17
202400035062,12:25,Plein jour,75,75101,2,1,1,5.0,QUAI DES TUILERIES,48.863099,2.323489,12:25:00,2024-01-16
202400035063,22:20,Nuit sans éclairage,69,69168,2,1,1,6.0,Pont de Couzon,45.84503462,4.83360871,22:20:00,2024-04-08
202400035064,09:00,Plein jour,95,95582,1,1,1,5.0,A15,48.97009987,2.24956447,09:00:00,2024-02-28
202400035065,13:50,Plein jour,84,84038,1,1,1,7.0,677 Route de Pertuis,43.79587,5.080908,13:50:00,2024-05-15
202400035066,17:00,,94,94068,2,1,2,3.0,Avenue Jane,48.81144,2.475561,17:00:00,2024-01-15
202400035067,22:08,Nuit sans éclairage,94,94073,1,1,2,6.0,A86,48.768846,2.37919993,22:08:00,2024-03-01
202400035068,12:15,Plein jour,83,83019,2,1,1,6.0,Avenue Lou Mistraou,43.13926858,6.35077216,12:15:00,2024-05-17
202400035069,17:50,Plein jour,71,71221,2,2,1,3.0,Rue de Cote Chalonnaise,46.780039,4.743334,17:50:00,2024-04-09
202400035070,12:30,Plein jour,94,94073,2,1,2,2.0,Avenue René Panhard,48.76445,2.39287,12:30:00,2024-01-17
202400035071,08:45,Plein jour,19,19062,2,7,7,6.0,place de la mairie,45.371835,1.874258,08:45:00,2024-05-17
202400035072,10:10,Plein jour,94,94042,1,1,2,4.0,A4,48.82728643,2.46925563,10:10:00,2024-03-01
202400035073,15:40,Plein jour,63,63448,1,1,1,7.0,d999,45.477797,3.485509,15:40:00,2024-04-07
202400035074,12:37,Plein jour,89,89003,2,4,1,6.0,62 Rue de la Mothe,47.870708,3.337569,12:37:00,2024-05-17
202400035075,16:10,Plein jour,61,61418,1,1,2,7.0,D8,48.513086,0.611189,16:10:00,2024-04-07
202400035076,17:50,Crépuscule,988,98818,2,4,1,6.0,RUE DE PAPEETE/RUE HYPPOLITE EMILE LOISEAU,-22.24332,166.44144,17:50:00,2024-02-29
202400035077,14:45,Plein jour,68,68018,2,3,2,3.0,25 Rue du 27 Novembre,47.66852922,7.16818612,14:45:00,2024-05-17
202400035078,20:40,,94,94022,2,3,2,6.0,Avenue Léon Gourdault / Avenue du Général Leclerc,48.762515,2.406549,20:40:00,2024-01-17
202400035079,16:50,Plein jour,988,98818,2,1,8,6.0,VE1,-22.22415,166.47164,16:50:00,2024-02-27
202400035080,15:55,Plein jour,25,25040,2,1,3,1.0,7 rue de delle,47.503848,6.940833,15:55:00,2024-05-16
202400035081,18:30,,94,94073,2,2,2,3.0,Boulevard de Stalingrad / Av du Pdt Franklin Roosevelt,48.76684179,2.40377171,18:30:00,2024-01-17
202400035082,17:00,Plein jour,49,49086,1,3,1,5.0,Rue de la tonnelle,47.26151,-0.449023,17:00:00,2024-04-09
202400035083,00:41,,38,38346,1,1,9,6.0,Route de Lyon,45.505039,5.090092,00:41:00,2024-04-30
202400035084,07:50,,94,94022,2,2,3,6.0,Avenue Gambetta / Boulevard des Alliés,48.7645,2.40559,07:50:00,2024-01-17
202400035085,13:00,Plein jour,974,97411,2,3,1,3.0,RAMBAUD (LEOPOLD),-20.88594,55.47633,13:00:00,2024-02-25
202400035086,19:45,Plein jour,42,42300,1,1,1,6.0,Route de la Gresle,46.105908,4.289934,19:45:00,2024-04-08
202400035087,17:45,Plein jour,60,60245,2,2,1,3.0,Route d'Haucourt,49.650953,1.72443,17:45:00,2024-05-15
202400035088,18:30,Plein jour,974,97411,2,1,1,1.0,FOUCQUE (AVENUE HIPPOLYTE),-20.89825,55.48663,18:30:00,2024-02-24
202400035089,10:25,Plein jour,46,46284,1,1,1,7.0,Route de Durand,44.889145,1.850343,10:25:00,2024-04-09
202400035090,11:25,Plein jour,94,94055,2,3,2,3.0,Route de Provins / Rue du Bois,48.79569,2.55024,11:25:00,2024-01-15
202400035091,23:20,Nuit sans éclairage,16,16134,2,1,1,6.0,36 ROUTE MARQUIS DE LA CHETARDIE,45.8797,0.68332,23:20:00,2024-05-16
202400035092,22:15,Nuit sans éclairage,29,29140,1,1,1,6.0,route du Radar de Bretagne,48.39739834,-4.32704001,22:15:00,2024-04-07
202400035093,15:00,Plein jour,974,97411,2,1,2,3.0,LATTRE DE TASSIGNY (AVENUE MARECHAL DE),-20.88937,55.47656,15:00:00,2024-02-23
202400035094,19:25,Crépuscule,24,24064,1,1,1,3.0,Route Gustave Flaubert (Eyvirat),45.322635,0.720205,19:25:00,2024-05-15
202400035095,17:40,,94,94002,2,2,2,6.0,Rue Etienne Dolet / Boulevard Carnot,48.795808,2.425218,17:40:00,2024-01-17
202400035096,16:40,Plein jour,04,04024,1,1,3,6.0,D900,44.195367,6.367897,16:40:00,2024-05-15
202400035097,19:30,,93,93066,2,3,2,3.0,Rue Francis de Pressensé / Rue de Lorraine,48.924073,2.372225,19:30:00,2024-01-17
202400035098,14:10,Plein jour,27,27226,1,1,1,6.0,D14b,49.301705,1.641855,14:10:00,2024-05-17
202400035099,17:40,Plein jour,39,39170,2,1,1,6.0,Route de Bletterans,46.680737,5.493992,17:40:00,2024-04-09
202400035100,16:10,Plein jour,974,97411,2,9,1,3.0,NICE (RUE DE),-20.87314,55.45205,16:10:00,2024-02-19
202400035101,15:05,Plein jour,93,93066,2,1,3,7.0,Avenue Lénine,48.94091,2.367063,15:05:00,2024-01-17
202400035102,14:30,Plein jour,23,23054,1,2,2,3.0,Intersection D988 et D25,46.044821,2.541618,14:30:00,2024-05-15
202400035103,17:10,Plein jour,03,03254,2,1,1,3.0,Rue du Lion d'Or,46.305829,3.297111,17:10:00,2024-04-08
202400035104,14:05,Plein jour,93,93077,2,3,3,6.0,Avenue de Rosny / Rue Poussin,48.88482347,2.50622642,14:05:00,2024-01-17
202400035105,07:30,Plein jour,974,97407,2,9,1,3.0,ROUTE DU SACRE COEUR,-20.9563,55.3128,07:30:00,2024-02-20
202400035106,09:00,Plein jour,30,30348,2,1,1,7.0,2600 Ancienne Route de Nîmes D936,44.049554,4.140843,09:00:00,2024-05-17
202400035107,01:10,Nuit sans éclairage,03,03273,1,1,6,6.0,Route de Vichy,46.203575,3.454589,01:10:00,2024-04-06
202400035108,14:52,Plein jour,08,08367,1,1,1,6.0,Cense Picart,49.920157,4.536942,14:52:00,2024-05-16
202400035109,14:40,Plein jour,973,97302,1,6,1,3.0,MARINGOUINS (ROND-POINT),4.90692,-52.3226,14:40:00,2024-02-29
202400035110,15:10,Plein jour,93,93046,2,2,3,3.0,Avenue Vauban / Boulevard Gutenberg,48.912972,2.518442,15:10:00,2024-01-17
202400035111,04:50,Nuit avec éclairage,26,26063,2,1,1,7.0,Avenue de Rieuchaud,44.271836,5.273116,04:50:00,2024-04-06
202400035112,21:15,Nuit sans éclairage,86,86086,1,1,2,7.0,Lieu Dit le Carroi Robin,46.802615,0.683663,21:15:00,2024-05-02
202400035113,18:50,,93,93079,2,1,2,2.0,Route de Saint-Leu,48.94960034,2.34165072,18:50:00,2024-01-17
202400035114,17:11,Plein jour,26,26324,2,1,1,1.0,Chemin du Chameau,44.346133,4.789503,17:11:00,2024-04-09
202400035115,12:40,Plein jour,973,97302,2,3,1,3.0,MONTABO (ROUTE DE) 1,4.93618728,-52.29620129,12:40:00,2024-02-29
202400035116,21:30,Crépuscule,14,14333,1,1,7,2.0,N1029,49.43269371,0.27401716,21:30:00,2024-05-16
202400035117,19:30,,93,93071,2,4,2,6.0,Boulevard de la République / Avenue Robert Ballanger,48.93481826,2.53386006,19:30:00,2024-01-17
202400035118,14:20,Plein jour,72,72149,1,9,1,3.0,le Noyer,48.005337,-0.219948,14:20:00,2024-03-22
202400035119,21:00,,973,97302,2,1,1,3.0,SOURCE DE BADUEL (CHEMIN DE LA),4.92548,-52.30858,21:00:00,2024-02-26
202400035120,08:39,Plein jour,38,38431,1,1,1,2.0,A41,45.244014,5.860283,08:39:00,2024-05-15
202400035121,11:50,Plein jour,93,93005,2,3,2,3.0,Rue de Champagne,48.950087,2.503401,11:50:00,2024-01-17
202400035122,23:30,Nuit sans éclairage,63,63455,1,1,8,2.0,A75,45.65976634,3.15516532,23:30:00,2024-05-16
202400035123,19:50,Nuit sans éclairage,69,69383,2,2,1,3.0,Avenue Lacassagne,45.74981,4.87573,19:50:00,2024-02-29
202400035124,19:16,Nuit sans éclairage,93,93001,2,1,2,6.0,Rue de la Motte,48.909321,2.395877,19:16:00,2024-01-17
202400035125,19:10,Plein jour,06,06136,1,1,1,1.0,D2566A,43.859039,7.44718,19:10:00,2024-04-08
202400035126,16:20,Plein jour,13,13103,1,1,2,1.0,A7,43.65865127,5.1027106,16:20:00,2024-05-14
202400035127,17:30,Plein jour,69,69383,2,1,1,2.0,Cours Albert Thomas,45.74830791,4.86327367,17:30:00,2024-02-29
202400035128,10:00,Nuit sans éclairage,92,92051,2,3,2,6.0,"GENERAL LECLERC (BOULEVARD DU, N° 1 A 27",48.88916635,2.25921464,10:00:00,2024-04-13
202400035129,07:45,Plein jour,62,62754,1,1,1,6.0, A1,50.17520107,2.87463749,07:45:00,2024-05-13
202400035130,17:30,Crépuscule,92,92050,2,1,1,3.0,NERUDA PABLO RUE,48.89565974,2.21626639,17:30:00,2024-01-16
202400035131,08:25,Plein jour,971,97124,1,1,1,3.0,D26,16.013241,-61.720843,08:25:00,2024-05-17
202400035132,10:15,Plein jour,69,69387,2,2,1,3.0,Boulevard Yves Farge,45.73413128,4.82624726,10:15:00,2024-02-28
202400035133,17:10,Plein jour,64,64123,1,1,3,5.0,D936,43.483629,-1.156075,17:10:00,2024-04-08
202400035134,19:30,,92,92040,2,3,1,6.0,PDT ROOSEVELT (QUAI DU),48.83118311,2.26237482,19:30:00,2024-01-16
202400035135,22:25,,11,11076,2,4,1,3.0,261 Avenue des Pyrénées,43.31151,1.959375,22:25:00,2024-05-13
202400035136,17:57,Plein jour,21,21365,2,1,1,7.0,Chemin du Mey,47.481537,4.423784,17:57:00,2024-04-08
202400035137,16:20,Plein jour,972,97229,2,1,1,6.0,CLUNY (ROUTE DE),14.6175,-61.08435,16:20:00,2024-02-28
202400035138,20:30,,92,92036,2,2,2,6.0,VIEUX CHEMIN DE SAINT DENIS (AVENUE),48.93439333,2.31999636,20:30:00,2024-01-17
202400035139,12:10,Plein jour,34,34022,2,1,1,3.0,12 Allée de la Mésange,43.656263,4.008887,12:10:00,2024-05-17
202400035140,02:40,,972,97209,2,1,1,6.0,ROCADE (RUE DE LA),14.60901,-61.06781,02:40:00,2024-02-15
202400035141,16:57,Plein jour,40,40062,1,1,1,1.0,Avenue de l'Océan,43.920613,-0.613338,16:57:00,2024-04-09
202400035142,15:30,Plein jour,92,92012,2,1,2,2.0,DENFERT ROCHEREAU (RUE),48.84234962,2.24670947,15:30:00,2024-01-17
202400035143,14:15,Plein jour,83,83016,1,1,1,2.0,N8 - quartier la pas de pouyen,43.211053,5.81129,14:15:00,2024-05-17
202400035144,00:53,,972,97209,2,1,1,7.0,BALATA (ROUTE DE),14.65,-61.08,00:53:00,2024-02-18
202400035145,08:40,Plein jour,92,92012,2,1,3,6.0,JEAN BAPTISTE CLEMENT (AVENUE) 49/FIN -,48.84543253,2.23595783,08:40:00,2024-01-17
202400035146,21:25,Nuit sans éclairage,13,13022,2,1,1,6.0,Avenue Docteur Emmanuel Agostini,43.215662,5.538757,21:25:00,2024-05-15
202400035147,09:40,Plein jour,85,85051,2,4,2,7.0,Rue des barettes,46.686351,-1.073592,09:40:00,2024-04-07
202400035148,18:05,,92,92009,2,9,1,6.0,RASPAIL ( RUE ),48.91609362,2.27126598,18:05:00,2024-01-16
202400035149,11:05,Plein jour,13,13097,1,2,1,3.0,Route Nationale 568,43.584474,4.765289,11:05:00,2024-05-17
202400035150,09:50,Plein jour,971,97101,1,9,1,3.0,DOTHEMARE,16.27618,-61.50988,09:50:00,2024-02-28
202400035151,18:15,,91,91340,2,1,2,6.0,GENERAL DE GAULLE (AVENUE DU),48.613534,2.422088,18:15:00,2024-01-16
202400035152,14:45,Plein jour,17,17292,1,2,1,3.0,D739,45.963337,-0.749731,14:45:00,2024-04-08
202400035153,07:37,Plein jour,68,68294,1,1,3,1.0,D1059,48.259449,7.231107,07:37:00,2024-05-17
202400035154,05:09,Nuit sans éclairage,86,86111,1,1,2,2.0,D910,46.890367,0.568816,05:09:00,2024-01-18
202400035155,19:15,,971,97113,1,9,1,2.0,RN4 - SECTION RIVIERA,16.21764,-61.49421,19:15:00,2024-02-27
202400035156,01:15,,24,24289,1,1,1,1.0,Grange Neuve,44.853173,0.069485,01:15:00,2024-04-08
202400035157,08:44,Plein jour,971,97101,2,1,1,7.0,CHAUFFOUR,16.23174,-61.52104,08:44:00,2024-02-27
202400035158,12:12,Plein jour,03,03200,2,9,1,3.0,Route de Bellevue,46.557462,3.295512,12:12:00,2024-05-17
202400035159,20:40,,31,31044,2,3,1,1.0,Avenue Georges Pompidou,43.629665,1.487473,20:40:00,2024-01-16
202400035160,18:55,Plein jour,38,38087,2,1,1,2.0,rue pasteur,45.579064,4.807114,18:55:00,2024-05-17
202400035161,18:00,,971,97101,1,1,1,3.0,PETIT - PETIT PEROU (CITE),16.25932,-61.51772,18:00:00,2024-02-19
202400035162,20:00,Nuit sans éclairage,51,51410,1,1,2,1.0,D3,49.073008,3.816419,20:00:00,2024-01-17
202400035163,19:00,Plein jour,07,07293,1,1,1,7.0,D287,44.97647321,4.78761976,19:00:00,2024-05-17
202400035164,12:00,Plein jour,2A,2A004,2,1,1,6.0,#5 Rue du Comte Bacciochi#,41.92507,8.73701,12:00:00,2024-02-29
202400035165,07:30,Crépuscule,03,03133,1,1,1,1.0,RD 42 PR27+500,46.150093,3.206892,07:30:00,2024-04-09
202400035166,06:10,Crépuscule,01,01049,2,1,1,6.0,443 Route Nationale,45.846656,5.041813,06:10:00,2024-05-17
202400035167,10:30,Plein jour,974,97412,2,1,1,3.0,Rue Marcel Pagnol,-21.373667,55.668127,10:30:00,2024-01-18
202400035168,18:40,,95,95219,2,1,2,6.0,D508,48.98109777,2.24826592,18:40:00,2024-02-29
202400035169,12:00,Plein jour,69,69143,2,7,2,6.0,Quai Pasteur,45.87644,4.83843,12:00:00,2024-05-15
202400035170,18:10,Plein jour,01,01373,1,1,1,2.0,A40,46.13307,5.544384,18:10:00,2024-03-29
202400035171,13:30,Plein jour,11,11111,1,1,1,1.0,route departementale 6113,43.209868,2.82177,13:30:00,2024-01-18
202400035172,08:45,Plein jour,64,64422,2,6,8,3.0,rond point joseph de monic,43.181679,-0.615417,08:45:00,2024-05-17
202400035173,18:00,Plein jour,91,91570,2,1,2,6.0,MONTLHERY (RUE DE),48.63425,2.29983,18:00:00,2024-02-29
202400035174,05:43,Nuit sans éclairage,57,57111,1,1,4,2.0,autoroute A4 - pk 307.700,49.1953813,6.09445095,05:43:00,2024-01-17
202400035175,08:35,Plein jour,33,33517,2,1,2,1.0,Unknown,45.056186,-0.699869,08:35:00,2024-05-12
202400035176,00:15,Nuit sans éclairage,52,52074,1,1,2,2.0,A31 PK 152+600 direction DIJON,48.07992767,5.61354639,00:15:00,2024-01-17
202400035177,16:00,Plein jour,91,91425,1,1,2,2.0,ORLEANS (ROUTE D'),48.64909,2.27222,16:00:00,2024-02-29
202400035178,08:50,Plein jour,13,13025,1,9,2,3.0,A8,43.48329,5.540054,08:50:00,2024-03-26
202400035179,10:45,Plein jour,50,50288,2,9,1,2.0,Route de Granville,48.695504,-1.376402,10:45:00,2024-05-16
202400035180,17:52,Nuit sans éclairage,29,29105,1,1,3,6.0,Rue Chateaubriand,48.51809958,-4.07663052,17:52:00,2024-01-17
202400035181,04:00,Nuit sans éclairage,51,51572,1,1,2,6.0,Autoroute A4 pk 193+450,49.03753899,4.6265569,04:00:00,2024-04-09
202400035182,07:45,Crépuscule,91,91645,2,1,2,1.0,VAUDONNIERE (ALLEE DE LA),48.74026,2.2495,07:45:00,2024-02-29
202400035183,14:15,Plein jour,26,26333,1,1,2,7.0,Rue de Picpus,45.173116,4.823025,14:15:00,2024-01-18
202400035184,10:20,Plein jour,72,72231,2,9,1,6.0,13 Avenue Abel Tirand,47.93896352,0.36161005,10:20:00,2024-01-18
202400035185,17:30,Plein jour,59,59449,2,1,1,5.0,Rue Jules Rieu,50.481364,3.25176,17:30:00,2024-05-17
202400035186,08:00,Plein jour,91,91326,2,3,2,3.0,COUR DE FRANCE (AVENUE DE LA),48.692923,2.370713,08:00:00,2024-02-29
202400035187,17:50,Plein jour,13,13114,1,1,1,3.0,6784 Route de Berre,43.540958,5.26361,17:50:00,2024-04-08
202400035188,21:30,,91,91228,2,1,2,6.0,BD LOUISE MICHEL,48.61599,2.43903,21:30:00,2024-02-29
202400035189,14:40,Plein jour,77,77406,1,1,4,6.0,D61 ,48.82884,3.20038,14:40:00,2024-01-18
202400035190,16:15,Plein jour,971,97116,1,1,1,1.0,Brion,16.320278,-61.455599,16:15:00,2024-04-08
202400035191,17:40,Plein jour,13,13005,1,1,1,4.0,A50-Sens Marseille vers Aubagne,43.28664642,5.53629823,17:40:00,2024-05-15
202400035192,12:40,Plein jour,86,86194,2,1,1,3.0,ROCADE OUEST (RD 910),46.601813,0.324585,12:40:00,2024-02-27
202400035193,06:30,Crépuscule,45,45202,1,1,9,2.0,D918 PR 3 + 250,47.794173,1.642123,06:30:00,2024-04-08
202400035194,08:50,Plein jour,83,83137,1,1,1,4.0,A50,43.12657383,5.8890491,08:50:00,2024-05-16
202400035195,18:45,Nuit sans éclairage,51,51165,1,1,5,1.0,N4,48.739755,3.94936,18:45:00,2024-01-18
202400035196,15:50,Plein jour,84,84007,2,1,1,1.0,LYON (route de ),43.95055,4.82501,15:50:00,2024-02-25
202400035197,08:24,Plein jour,77,77469,1,1,1,3.0,D231,48.724307,3.028155,08:24:00,2024-04-09
202400035198,23:18,Nuit sans éclairage,83,83069,1,1,1,3.0,A570,43.12347776,6.09641738,23:18:00,2024-05-10
202400035199,17:20,,46,46038,2,1,2,6.0,525 avenue Charles de Gaulle,44.9200025,1.83281243,17:20:00,2024-01-17
202400035200,18:25,Plein jour,81,81004,2,4,1,6.0,CROIX VERTE (DE LA),43.92875,2.15052,18:25:00,2024-02-28
202400035201,08:50,Plein jour,33,33318,1,1,1,2.0,Unknown,44.80295,-0.65987,08:50:00,2024-05-16
202400035202,19:15,Nuit sans éclairage,39,39006,1,1,1,7.0,Unknown,46.946266,5.807084,19:15:00,2024-01-12
202400035203,14:30,Plein jour,05,05070,2,3,1,3.0,Chemin des Iles,44.311113,5.822196,14:30:00,2024-04-08
202400035204,15:50,Plein jour,33,33550,1,1,2,2.0,Unknown,44.779677,-0.548948,15:50:00,2024-05-15
202400035205,15:00,Plein jour,25,25057,2,1,1,6.0,Rue de la Vieille Eglise,47.531834,6.798895,15:00:00,2024-04-05
202400035206,16:40,Plein jour,39,39006,1,1,3,5.0,Unknown,46.97144,5.802038,16:40:00,2024-01-18
202400035207,11:34,Plein jour,78,78005,2,1,2,6.0,THOREZ (AVENUE MAURICE),48.96735,2.07349,11:34:00,2024-02-29
202400035208,08:39,Plein jour,59,59350,1,1,1,5.0,AUTOROUTE A25,50.62218437,3.02435724,08:39:00,2024-05-13
202400035209,14:15,Plein jour,57,57212,1,1,1,6.0,Route d'Augny,49.038501,6.105604,14:15:00,2024-04-07
202400035210,21:20,Nuit sans éclairage,44,44187,1,1,2,1.0,L’Epinette,47.197304,-2.076132,21:20:00,2024-01-17
202400035211,02:20,Nuit sans éclairage,62,62628,1,1,1,7.0,A21,50.43342729,2.86370091,02:20:00,2024-05-12
202400035212,18:25,,76,76351,2,2,2,6.0,ACACIAS (DES),49.50906,0.1409,18:25:00,2024-02-28
202400035213,13:10,Plein jour,73,73051,2,1,1,2.0,Boulevard du lac,45.652591,5.860895,13:10:00,2024-04-08
202400035214,15:49,Plein jour,29,29220,2,4,1,6.0,Rue de Kérentrée,47.86496,-4.227608,15:49:00,2024-01-18
202400035215,19:00,Nuit sans éclairage,76,76414,1,1,2,7.0,D1,49.895,1.136,19:00:00,2024-02-28
202400035216,18:50,Plein jour,91,91617,1,1,1,3.0,RN 104,48.6325,2.5314,18:50:00,2024-05-16
202400035217,09:10,Plein jour,03,03258,1,1,8,6.0,9 rue de saint pourçain sur sioule,46.195896,3.369091,09:10:00,2024-01-17
202400035218,13:45,Plein jour,74,74010,2,1,1,6.0,BEL AIR,45.913427,6.12245,13:45:00,2024-02-29
202400035219,16:50,Crépuscule,01,01269,1,1,3,6.0,Route de La-cluse,46.163398,5.591344,16:50:00,2024-01-18
202400035220,17:40,Plein jour,33,33262,1,2,2,3.0,Unknown,44.99391,-0.610369,17:40:00,2024-04-08
202400035221,15:50,Plein jour,94,94016,1,1,1,2.0,A6B,48.7950526,2.34443674,15:50:00,2024-05-16
202400035222,17:10,Plein jour,73,73011,2,6,8,6.0,Avenue des chasseurs alpins,45.66548,6.38939,17:10:00,2024-02-28
202400035223,19:20,Nuit sans éclairage,01,01388,2,2,3,3.0,D975,46.45888,5.084336,19:20:00,2024-01-17
202400035224,03:46,Nuit sans éclairage,91,91477,1,1,1,2.0,AUTOROUTE A126,48.72231,2.24941,03:46:00,2024-05-16
202400035225,00:30,,33,33101,2,2,1,6.0,Unknown,45.189712,-0.579523,00:30:00,2024-03-23
202400035226,09:45,Plein jour,43,43051,1,1,8,1.0,Lieu dit la bruyere,45.08257339,4.32260091,09:45:00,2024-01-18
202400035227,18:10,Plein jour,72,72181,2,2,1,3.0,ISAAC (RUE) N° IMP 1 A 141,48.0132,0.2167,18:10:00,2024-02-28
202400035228,10:00,Plein jour,93,93027,1,1,1,5.0,AUTOROUTE A86,48.92826702,2.41204271,10:00:00,2024-05-16
202400035229,18:55,Plein jour,27,27008,1,1,3,1.0,route du solitaire,49.325685,1.18588,18:55:00,2024-04-08
202400035230,15:45,Plein jour,10,10104,1,1,1,6.0,rd 444,48.15819754,4.12784287,15:45:00,2024-01-18
202400035231,18:10,Plein jour,72,72181,1,6,1,2.0,LATTRE DE TASSIGNY MARECHAL DE (BD),48.02861108,0.18051147,18:10:00,2024-02-28
202400035232,00:10,Nuit sans éclairage,93,93063,1,1,1,3.0,A3,48.87437332,2.43812795,00:10:00,2024-05-16
202400035233,18:40,Nuit sans éclairage,33,33351,1,9,1,6.0,A10 PK497.400,45.255283,-0.542965,18:40:00,2024-01-09
202400035234,16:15,Plein jour,60,60010,1,6,3,6.0,Rue de Londres,49.214212,2.123891,16:15:00,2024-04-09
202400035235,13:50,Plein jour,72,72181,2,9,1,3.0,PHILIPPE (RUE),48.014,0.190656,13:50:00,2024-02-28
202400035236,17:10,Plein jour,93,93066,1,1,1,2.0,A1,48.9127062,2.35806627,17:10:00,2024-05-15
202400035237,05:00,Nuit sans éclairage,57,57433,1,9,2,6.0,"A4, sens Paris / Strasbourg, PK 315+200",49.198861,6.167702,05:00:00,2024-01-18
202400035238,02:55,Nuit sans éclairage,13,13005,1,1,1,3.0,A50-Sens Aubagne vers Marseille,43.28882,5.5603,02:55:00,2024-03-30
202400035239,13:50,Plein jour,95,95212,1,1,1,3.0,N104,49.02898974,2.5305195,13:50:00,2024-05-15
202400035240,07:50,Plein jour,69,69264,2,6,1,6.0,Boulevard Général Leclerc,45.99598,4.71488,07:50:00,2024-02-29
202400035241,08:45,Plein jour,69,69013,1,1,1,3.0,Autoroute 6,46.015432,4.727865,08:45:00,2024-01-18
202400035242,14:00,Plein jour,83,83069,1,1,1,3.0,RN98,43.11341625,6.12153625,14:00:00,2024-04-08
202400035243,14:15,Plein jour,977,97701,1,1,1,6.0,ANSE DES FLAMANDS,17.919514,-62.863255,14:15:00,2024-01-18
202400035244,09:30,Plein jour,94,94022,1,1,1,4.0,A86,48.77604023,2.42618623,09:30:00,2024-05-15