Num_Acc,hrmn,lum,dep,com,agg,int,atm,col,adr,lat,long,heure,date
202400035245,10:25,Plein jour,69,69199,2,4,1,1.0,Boulevard Yves Farge,45.70084,4.85625,10:25:00,2024-02-26
202400035246,17:15,Plein jour,33,33119,1,1,1,3.0,Unknown,44.86649,-0.504218,17:15:00,2024-04-08
202400035247,18:00,Nuit sans éclairage,95,95199,1,3,2,6.0,D11,49.044647,2.33744,18:00:00,2024-01-17
202400035248,08:00,Plein jour,94,94058,1,1,1,2.0,A86,48.8472805,2.49196502,08:00:00,2024-05-15
202400035249,04:30,Nuit sans éclairage,62,62239,1,1,1,6.0,A16,50.92904363,1.80377897,04:30:00,2024-04-01
202400035250,18:00,Plein jour,93,93001,2,1,3,3.0,Rue des Gardinoux,48.906579,2.370614,18:00:00,2024-04-16
202400035251,15:10,Plein jour,66,66212,1,1,1,5.0,D81,42.768077,3.017893,15:10:00,2024-01-18
202400035252,20:50,,67,67447,2,3,1,3.0,BISCHWILLER (ROUTE DE),48.609892,7.750604,20:50:00,2024-02-28
202400035253,16:35,Plein jour,66,66065,2,6,1,3.0,Unknown,42.603293,2.979205,16:35:00,2024-01-18
202400035254,06:12,Nuit sans éclairage,59,59459,1,1,1,2.0,AUTOROUTE A23,50.37822,3.4699,06:12:00,2024-04-06
202400035255,23:25,,44,44109,2,9,8,6.0,10bis Boulevard de Stalingrad,47.21907983,-1.53570279,23:25:00,2024-02-04
202400035256,07:30,,62,62498,2,2,2,3.0,Route de Béthune,50.44318,2.80303,07:30:00,2024-02-29
202400035257,23:50,Nuit sans éclairage,13,13024,1,1,2,1.0,D23,43.72838761,5.22472823,23:50:00,2024-01-17
202400035258,20:20,,54,54090,2,1,9,6.0,17 Rue Raymond Poincaré,48.750075,6.161805,20:20:00,2024-01-17
202400035259,17:50,Plein jour,91,91216,1,1,1,4.0,AUTOROUTE A6,48.68213,2.32999,17:50:00,2024-04-08
202400035260,06:30,Nuit sans éclairage,42,42304,1,1,1,6.0,Route de Montbrison,45.548138,4.168882,06:30:00,2024-01-18
202400035261,13:25,Plein jour,61,61006,1,2,1,3.0,D958,48.702473,-0.000713,13:25:00,2024-02-19
202400035262,19:35,Plein jour,59,59230,2,2,1,3.0,CLEMENCEAU (AVENUE),50.26014,4.00969,19:35:00,2024-05-11
202400035263,21:45,Nuit sans éclairage,91,91589,1,9,2,2.0,AUTOROUTE A6,48.677581,2.337893,21:45:00,2024-04-07
202400035264,07:30,Nuit avec éclairage,69,69243,2,3,2,3.0,Boulevard de la Turdine,45.885983,4.4626,07:30:00,2024-01-18
202400035265,12:00,Plein jour,77,77258,1,1,1,6.0,A4.Y,48.83170164,2.64572401,12:00:00,2024-03-06
202400035266,22:00,,59,59599,2,3,1,3.0,Rue de Paris,50.72145,3.14385,22:00:00,2024-02-29
202400035267,15:50,Plein jour,81,81198,1,1,8,1.0,D84,43.842885,2.065473,15:50:00,2024-01-12
202400035268,07:50,Crépuscule,77,77058,1,1,1,2.0,MARIE CURIE  (AVENUE),48.83765,2.74604,07:50:00,2024-02-19
202400035269,15:00,Plein jour,77,77449,1,1,2,6.0,AV PAUL SERAMY,48.85953,2.79451,15:00:00,2024-02-18
202400035270,19:45,,59,59512,2,1,2,6.0,Boulevard de Strasbourg,50.69713,3.18632,19:45:00,2024-02-29
202400035271,17:10,Crépuscule,64,64430,2,2,1,3.0,Avenue Adrien Planté,43.482792,-0.756254,17:10:00,2024-01-17
202400035272,20:50,,95,95598,2,1,1,2.0,D928,48.99046502,2.29049918,20:50:00,2024-04-06
202400035273,03:55,,13,13028,2,1,1,6.0,Rond-Point Rovarch/Saint Jean,43.1925,5.61354,03:55:00,2024-02-18
202400035274,21:24,Nuit sans éclairage,57,57303,1,1,1,2.0,Autoroute A31,49.21643371,6.17445201,21:24:00,2024-01-12
202400035275,19:10,,59,59350,2,1,1,3.0,Rue du Faubourg de Roubaix,50.64234,3.0911,19:10:00,2024-02-29
202400035276,17:00,Plein jour,974,97411,2,1,1,7.0,BOIS DE NEFLES (ROUTE DE),-20.89292,55.47905,17:00:00,2024-05-14
202400035277,14:30,Plein jour,33,33249,1,1,2,6.0,Unknown,44.884931,-0.511035,14:30:00,2024-01-16
202400035278,07:30,Plein jour,91,91479,2,1,1,4.0,RTE DE FONTAINEBLEAU,48.71318,2.37107,07:30:00,2024-04-07
202400035279,16:50,Plein jour,974,97411,2,1,1,6.0,NONGE (AVENUE EUDOXIE),-20.89825,55.49511,16:50:00,2024-05-13
202400035280,20:20,Nuit sans éclairage,94,94034,1,1,2,2.0,A86,48.76101392,2.31812717,20:20:00,2024-01-17
202400035281,10:10,Plein jour,54,54261,2,3,1,3.0,Avenue de la Concorde,49.52345,5.79645,10:10:00,2024-02-29
202400035282,23:21,Nuit sans éclairage,90,90039,1,3,1,7.0,DE GAULLE (RUE DU GENERAL),47.640665,6.798526,23:21:00,2024-04-06
202400035283,09:35,Plein jour,91,91659,1,1,3,2.0,AUTOROUTE A6,48.581048,2.459696,09:35:00,2024-01-17
202400035284,05:05,,973,97302,2,1,1,7.0,CABASSOU (ROUTE DE),4.92039269,-52.32080385,05:05:00,2024-04-07
202400035285,18:00,Plein jour,84,84007,1,1,1,6.0,CHARLES DE GAULLE,43.94547,4.83762,18:00:00,2024-04-06
202400035286,06:28,Nuit sans éclairage,77,77296,1,1,3,6.0,AUTOROUTE A5A,48.6085555,2.579249,06:28:00,2024-01-17
202400035287,13:10,Plein jour,50,50129,2,2,2,3.0,LEMONNIER (AVENUE AMIRAL),49.6344,-1.60242,13:10:00,2024-02-28
202400035288,11:30,Plein jour,69,69387,2,1,2,3.0,Avenue Jean Jaurès,45.73466,4.83564,11:30:00,2024-05-15
202400035289,11:40,Plein jour,93,93066,1,1,3,2.0,A1,48.91224048,2.35809527,11:40:00,2024-01-17
202400035290,11:51,Plein jour,74,74012,2,2,1,6.0,CHABLAIS (RUE DU),46.195134,6.23598,11:51:00,2024-04-07
202400035291,03:20,,971,97113,1,1,1,3.0,RN4 - SECTION RIVIERA,16.21873356,-61.50191545,03:20:00,2024-05-14
202400035292,04:40,Nuit sans éclairage,95,95151,1,1,4,6.0,N104,49.0631259,2.27295991,04:40:00,2024-01-17
202400035293,13:15,Plein jour,50,50129,2,1,1,2.0,CD 901,49.65097,-1.71444,13:15:00,2024-02-27
202400035294,17:55,Plein jour,71,71306,2,1,1,6.0,MARCEL SEMBAT (RUE),46.66470486,4.35887732,17:55:00,2024-04-07
202400035295,23:45,,971,97113,2,1,1,6.0,BAS DU FORT,16.21582,-61.51965,23:45:00,2024-05-11
202400035296,04:40,Nuit sans éclairage,95,95151,1,1,4,6.0,N104,49.06296966,2.27421552,04:40:00,2024-01-17
202400035297,20:15,,49,49328,2,9,1,6.0,GAMBETTA (RUE),47.25979731,-0.08215338,20:15:00,2024-02-29
202400035298,04:20,Nuit sans éclairage,95,95678,1,1,2,6.0,N104,49.07207,2.24337,04:20:00,2024-01-17
202400035299,20:08,Crépuscule,69,69256,2,1,6,6.0,52 Rue de la République ,45.78632,4.92515,20:08:00,2024-04-07
202400035300,06:40,Plein jour,971,97113,1,1,1,6.0,RN4-ROND POINT SAINT FELIX,16.20791975,-61.4528203,06:40:00,2024-05-12
202400035301,17:20,Plein jour,49,49007,2,1,8,3.0,BOURGONNIER,47.46257,-0.54041,17:20:00,2024-02-28
202400035302,08:10,Plein jour,976,97611,2,9,1,3.0,kaweni-Poste ( rue de la ),-12.77256,45.22313,08:10:00,2024-01-16
202400035303,18:00,Plein jour,69,69115,2,1,1,3.0,Rue de la Maladière,45.97847943,4.71274837,18:00:00,2024-04-06
202400035304,11:00,Plein jour,2A,2A004,2,1,1,6.0,#bd stephanopoli de comene#,41.90733,8.70585,11:00:00,2024-05-15
202400035305,11:35,Plein jour,45,45338,2,1,8,6.0,Rue Jean Jaurès,47.99713339,2.71409503,11:35:00,2024-02-19
202400035306,05:45,,69,69290,2,1,6,6.0,Rue Jean-Jacques Rousseau,45.70066,4.9449,05:45:00,2024-04-07
202400035307,15:54,Plein jour,973,97302,2,1,1,3.0,BADUEL (ROUTE DE),4.93202,-52.30753,15:54:00,2024-01-16
202400035308,12:45,Plein jour,43,43157,2,1,1,7.0,Rue Salvador Allende,45.01976,3.88215,12:45:00,2024-02-29
202400035309,16:20,Plein jour,95,95268,2,2,1,3.0,D125,48.97664531,2.39207538,16:20:00,2024-05-15
202400035310,13:20,Plein jour,973,97302,2,1,1,3.0,RABAN (ROUTE DE),4.93031852,-52.3134023,13:20:00,2024-01-16
202400035311,16:00,Plein jour,38,38053,2,9,1,3.0,Boulevard Pré Pommier,45.61166,5.27178,16:00:00,2024-02-29
202400035312,23:35,,67,67204,2,2,1,3.0,RIED (AVENUE DU),48.62145,7.76274,23:35:00,2024-04-07
202400035313,06:00,Plein jour,91,91377,2,3,1,2.0, SAULE TRAPU (RUE DU),48.72916,2.30201,06:00:00,2024-05-15
202400035314,17:05,Plein jour,69,69388,1,1,1,7.0,166 Rue Challemel Lacour,45.72933926,4.8526785,17:05:00,2024-01-16
202400035315,11:10,Plein jour,59,59043,2,1,7,6.0,NATIONS UNIES (AVENUE DES),50.7392,2.73398,11:10:00,2024-04-06
202400035316,03:48,Nuit sans éclairage,91,91692,1,1,1,6.0,CD 35 B,48.67318,2.19172,03:48:00,2024-05-15
202400035317,15:10,Plein jour,34,34108,2,9,1,2.0,RESISTANCE (AVENUE DE LA),43.45106,3.7582,15:10:00,2024-02-15
202400035318,14:50,Plein jour,69,69383,2,3,1,1.0,Cours Gambetta,45.75540132,4.84280399,14:50:00,2024-01-16
202400035319,14:45,Plein jour,91,91027,2,1,1,3.0,VC QUAI DE L'INDUSTRIE,48.70014,2.39716,14:45:00,2024-05-15
202400035320,10:12,Plein jour,56,56260,2,6,1,3.0,SAINTE-ANNE (GIRATOIRE DE),47.66417,-2.78115,10:12:00,2024-04-07
202400035321,14:00,Plein jour,84,84007,1,2,1,3.0,MARSEILLE (Route de ),43.910594,4.883509,14:00:00,2024-05-15
202400035322,07:50,Plein jour,24,24037,2,2,1,3.0,FERDINAND DE LABATTUT (RUE),44.84316,0.48324,07:50:00,2024-02-28
202400035323,12:45,Plein jour,69,69383,2,1,8,4.0,Pont Lafayette,45.76353,4.84058,12:45:00,2024-01-16
202400035324,11:35,Plein jour,84,84007,2,1,1,7.0,ARROUSAIRE (avenue de l'),43.9371,4.81548,11:35:00,2024-05-15
202400035325,10:40,Plein jour,69,69388,2,3,1,3.0,Boulevard Pinel,45.72897,4.88671,10:40:00,2024-01-16
202400035326,18:35,Crépuscule,46,46042,2,1,1,3.0,GAMBETTA (BOULEVARD LEON) N°PAIR,44.45131,1.44001,18:35:00,2024-03-28
202400035327,12:00,Plein jour,83,83062,2,1,8,3.0,DRAGUIGNAN (AVENUE DE),43.14378,6.0382,12:00:00,2024-05-15
202400035328,07:15,Plein jour,972,97209,1,1,1,6.0,HIBISCUS (RUE DES),14.61135,-61.07829,07:15:00,2024-01-15
202400035329,09:45,Plein jour,21,21173,1,2,5,3.0,FERRE (CHEMIN) - D20 ROUTE DE LONGVAY,47.04094,4.87652,09:45:00,2024-02-29
202400035330,21:15,,44,44109,2,1,2,6.0,53 Rue du Corps de Garde,47.21334545,-1.59766796,21:15:00,2024-04-07
202400035331,08:55,Plein jour,80,80021,2,1,2,3.0,Boulevard du Jardin des Plantes,49.90072,2.29603,08:55:00,2024-05-14
202400035332,18:25,,69,69384,2,1,1,6.0,117 Boulevard de la Croix-Rousse,45.77398,4.82677,18:25:00,2024-01-16
202400035333,14:00,Plein jour,44,44109,2,1,1,2.0,15 Boulevard Président René Coty,47.20845,-1.58668,14:00:00,2024-04-07
202400035334,15:45,Plein jour,79,79329,2,3,3,6.0,Unknown,46.980107,-0.21363,15:45:00,2024-05-15
202400035335,13:53,Plein jour,2B,2B037,2,1,1,3.0,TOUTES RUES,42.6102,9.4378,13:53:00,2024-01-16
202400035336,17:20,Plein jour,15,15014,2,1,1,4.0,Rue du Président Delzons,44.93002,2.44247,17:20:00,2024-02-29
202400035337,15:27,Plein jour,78,78208,1,1,1,6.0,VILLEDIEU (AVENUE DE LA) 210,48.77064,1.96958,15:27:00,2024-05-15
202400035338,19:40,Crépuscule,43,43002,2,3,1,6.0,Avenue de Bonneville,45.05061718,3.88231535,19:40:00,2024-04-07
202400035339,07:27,Plein jour,2B,2B037,2,1,1,5.0,TOUTES RUES,42.62729,9.43735,07:27:00,2024-01-16
202400035340,18:35,,14,14366,2,3,1,6.0,12 Boulevard Nicolas Oresme,49.153,0.22515,18:35:00,2024-02-28
202400035341,17:00,Plein jour,43,43046,2,9,8,3.0,Boulevard de la Petite-Mer,45.06697861,3.90218139,17:00:00,2024-04-07
202400035342,13:45,Plein jour,13,13043,2,1,1,2.0,N 368 ,43.40026,5.26435,13:45:00,2024-02-29
202400035343,14:30,Plein jour,971,97101,1,1,1,2.0,RN11,16.26785,-61.512,14:30:00,2024-01-15
202400035344,17:25,Plein jour,42,42302,1,1,1,6.0,Route de Saint-Chamond,45.48182,4.45964,17:25:00,2024-04-06
202400035345,16:30,Plein jour,77,77433,1,1,1,1.0,D 15,48.7595269,3.05829039,16:30:00,2024-05-13
202400035346,06:20,Crépuscule,971,97113,1,1,2,7.0,SECTION GRANDE RAVINE,16.24756,-61.45942,06:20:00,2024-01-15
202400035347,08:30,Plein jour,13,13054,2,2,1,3.0,EDMOND ROSTAND (RUE ),43.41667,5.20976,08:30:00,2024-02-29
202400035348,13:15,Plein jour,76,76351,2,1,1,6.0,AMIRAL MOUCHEZ (BD),49.48428,0.13158,13:15:00,2024-05-14
202400035349,18:40,Plein jour,42,42218,2,1,1,6.0,Boulevard Alexandre de Fraissinette,45.41825557,4.41134761,18:40:00,2024-04-05
202400035350,00:10,,971,97101,2,1,1,6.0,CHAUVEL,16.23856707,-61.52886629,00:10:00,2024-01-14
202400035351,10:00,Plein jour,13,13214,2,1,1,2.0,ROLAND DORGELES (BOULEVARD),43.34835,5.37654,10:00:00,2024-02-29
202400035352,14:30,Plein jour,95,95288,2,1,1,6.0,D193,48.98436669,2.34265914,14:30:00,2024-01-16
202400035353,13:30,Plein jour,76,76259,2,1,1,3.0,LORRAIN - D150 (AV),49.76174,0.38093,13:30:00,2024-05-15
202400035354,15:10,Plein jour,10,10081,1,1,1,6.0,ROCADE OUEST (RD 610),48.31081,4.02192,15:10:00,2024-02-29
202400035355,00:45,,42,42218,2,2,1,3.0,Rue Balay,45.44443,4.38646,00:45:00,2024-04-05
202400035356,16:23,Plein jour,91,91645,2,1,1,6.0,CARNOT (AVENUE),48.741305,2.266338,16:23:00,2024-01-16
202400035357,22:00,,69,69259,2,2,2,3.0,Rue Honoré de Balzac,45.71819,4.85929,22:00:00,2024-05-15
202400035358,18:30,Crépuscule,10,10333,2,9,3,6.0,Avenue Charles de Refuge,48.28262,4.05312,18:30:00,2024-02-23
202400035359,08:45,Plein jour,91,91692,2,1,1,5.0,NORMANDIE (AVENUE DE),48.687489,2.16438,08:45:00,2024-01-16
202400035360,20:00,Crépuscule,42,42095,2,2,1,3.0,Rue Trémollet,45.38535,4.28468,20:00:00,2024-04-07
202400035361,17:30,Plein jour,07,07281,2,1,1,3.0,MOULIN (RUE JEAN),44.95114,4.8445,17:30:00,2024-02-28
202400035362,23:30,,68,68066,2,1,8,3.0,POINCARE (AVENUE RAYMOND),48.0711,7.35064,23:30:00,2024-05-15
202400035363,18:15,,91,91027,2,3,1,3.0,MORANGIS (AVENUE DE),48.70567,2.36316,18:15:00,2024-01-16
202400035364,05:43,Nuit sans éclairage,75,75120,2,1,1,1.0,RUE DES PYRENEES,48.861514,2.400251,05:43:00,2024-02-29
202400035365,17:35,Plein jour,67,67482,2,1,1,3.0,GEORGES WODLI (RUE),48.58798,7.73775,17:35:00,2024-05-15
202400035366,13:50,Plein jour,37,37261,2,2,1,3.0,MALRAUX (QUAI ANDRE),47.3975,0.69949,13:50:00,2024-04-07
202400035367,08:40,Plein jour,91,91027,2,3,8,6.0,MARCEL SEMBAT (AVENUE),48.70823,2.38035,08:40:00,2024-01-16
202400035368,16:37,Plein jour,63,63300,1,1,2,7.0,RD 2009,45.89647969,3.13993871,16:37:00,2024-05-12
202400035369,16:10,Plein jour,75,75105,2,2,2,6.0,BOULEVARD SAINT GERMAIN,48.849464,2.354466,16:10:00,2024-02-29
202400035370,16:50,Plein jour,37,37261,2,1,1,3.0,TRANCHEE (AVENUE DE LA),47.40247,0.68384,16:50:00,2024-04-06
202400035371,08:38,Plein jour,91,91589,2,1,1,6.0,ARISTIDE BRIAND (BOULEVARD),48.677904,2.339597,08:38:00,2024-01-16
202400035372,18:55,,75,75120,2,7,1,3.0,PLACE DE LA PORTE DE MONTREUIL,48.8537,2.413175,18:55:00,2024-02-29
202400035373,17:04,Plein jour,57,57221,2,1,1,3.0,GRAND'RUE,49.32737,6.12244,17:04:00,2024-05-10
202400035374,07:30,,91,91521,2,2,8,6.0,COPERNIC (RUE),48.650014,2.400916,07:30:00,2024-01-16
202400035375,16:10,Plein jour,35,35238,2,3,1,3.0,VITRE (BLD DE),48.11573,-1.64838,16:10:00,2024-04-07
202400035376,18:25,Plein jour,56,56098,1,1,1,4.0,Belann,47.767008,-3.310993,18:25:00,2024-05-14
202400035377,00:42,,84,84007,2,1,1,6.0,MALPEIGNE (Chemin de),43.94818,4.83587,00:42:00,2024-01-14
202400035378,16:50,Plein jour,75,75120,2,3,1,6.0,AVENUE GAMBETTA,48.867173,2.40042,16:50:00,2024-02-28
202400035379,00:45,Nuit sans éclairage,34,34003,1,1,1,2.0,SETE ( ROUTE),43.307949,3.508889,00:45:00,2024-04-07
202400035380,20:00,,83,83069,2,2,1,3.0,AVENUE RITONDALE LEOPOLD,43.11341,6.12974,20:00:00,2024-01-16
202400035381,22:40,,51,51454,2,2,2,3.0,CLOVIS (RUE),49.251519,4.027783,22:40:00,2024-05-15
202400035382,13:10,Plein jour,75,75118,2,4,2,3.0,AVENUE DE SAINT OUEN,48.891291,2.326948,13:10:00,2024-02-29
202400035383,14:00,Plein jour,33,33063,2,1,1,6.0,Unknown,44.85436,-0.60605,14:00:00,2024-04-07
202400035384,20:45,Plein jour,51,51454,2,1,1,2.0,LAON (AVENUE) DU N° 219 AU 341 ET N° 248,49.272746,4.019871,20:45:00,2024-05-15
202400035385,10:10,Plein jour,83,83069,2,1,1,7.0,ALMANARRE (ROUTE DE L'),43.10234435,6.12943339,10:10:00,2024-01-02
202400035386,22:15,,75,75116,2,6,1,3.0,PLACE D IENA,48.86474082,2.29357535,22:15:00,2024-02-28
202400035387,02:40,,33,33063,2,1,1,6.0,Unknown,44.827774,-0.572465,02:40:00,2024-04-07
202400035388,14:05,Plein jour,49,49007,1,1,1,3.0,BEDIER BOULEVARD,47.45309,-0.53878,14:05:00,2024-05-14
202400035389,18:20,Crépuscule,75,75113,2,1,2,6.0,RUE DE TOLBIAC,48.829704,2.375154,18:20:00,2024-02-29
202400035390,00:40,Nuit avec éclairage,82,82033,2,2,1,3.0,MARECHAL LECLERC (AVENUE DU) ,44.044746,1.104063,00:40:00,2024-01-17
202400035391,21:10,,80,80021,2,9,1,6.0,Place René Goblet,49.89148,2.30286,21:10:00,2024-01-15
202400035392,14:00,Plein jour,75,75110,2,3,2,6.0,RUE DU FAUBOURG SAINT DENIS,48.879303,2.357063,14:00:00,2024-02-29
202400035393,16:50,Plein jour,33,33063,2,9,1,3.0,Unknown,44.8468,-0.57107,16:50:00,2024-04-06
202400035394,07:46,Plein jour,45,45234,2,2,1,3.0,HALLES (RUE DES HALLES),47.898548,1.907172,07:46:00,2024-05-15
202400035395,09:40,Plein jour,43,43002,2,1,1,6.0,38 Route de Roderie,45.05076,3.89383,09:40:00,2024-05-15
202400035396,20:55,,78,78418,2,1,1,3.0,GABRIEL PERI (AVENUE),48.92039,2.13044,20:55:00,2024-01-15
202400035397,12:15,Plein jour,75,75110,2,2,2,3.0,BOULEVARD DE STRASBOURG,48.8756,2.35737,12:15:00,2024-02-29
202400035398,12:40,Plein jour,31,31555,1,1,1,2.0,D980,43.59841,1.36423,12:40:00,2024-04-07
202400035399,06:50,,78,78350,2,1,1,6.0,CONTI (QUAI),48.87445,2.11921,06:50:00,2024-01-16
202400035400,19:30,Plein jour,42,42218,2,1,2,2.0,Rue Bernard Palissy,45.43809973,4.40576054,19:30:00,2024-05-13
202400035401,03:35,,75,75107,2,3,1,6.0,QUAI BRANLY,48.858986,2.293433,03:35:00,2024-02-29
202400035402,05:30,,31,31555,2,9,6,2.0,RUE DU POLE,43.64592,1.41906,05:30:00,2024-04-07
202400035403,23:35,Nuit sans éclairage,42,42127,2,6,2,2.0,Rue Alfred de Musset,46.06263,4.05781,23:35:00,2024-05-14
202400035404,20:30,,94,94079,2,3,1,2.0,Rue du Général de Gaulle / Rue des Courts Sillons,48.827292,2.545921,20:30:00,2024-02-28
202400035405,18:20,Crépuscule,77,77083,2,1,8,6.0,CHAMPY-NESLE (BOULEVARD DU),48.84885,2.58112,18:20:00,2024-01-16
202400035406,15:10,Plein jour,30,30243,2,1,1,1.0,MONTEE DES CYPRES,44.09147,4.07884,15:10:00,2024-04-07
202400035407,21:30,,94,94017,2,3,8,2.0,Rue Louis Talamoni / Rue a Trait,48.81272,2.51446,21:30:00,2024-02-29
202400035408,12:18,Plein jour,35,35278,1,1,3,2.0,PORTE DE MAUREPAS,48.14197,-1.66383,12:18:00,2024-05-15
202400035409,12:45,Plein jour,77,77243,2,1,1,3.0,BRANLY (RUE),48.8747,2.68593,12:45:00,2024-01-16
202400035410,23:00,Nuit avec éclairage,94,94075,2,3,3,3.0,Av du Mal de Lattre de Tassigny / Route de la Grange,48.73431,2.52022,23:00:00,2024-02-29
202400035411,14:20,Plein jour,25,25547,2,1,1,1.0,PONTARLIER (RUE DE),47.5134,6.83544,14:20:00,2024-04-07
202400035412,19:49,,94,94075,2,1,8,6.0,Rue du Lieutenant Dagorno,48.72232607,2.53351969,19:49:00,2024-02-29
202400035413,10:15,Plein jour,34,34301,2,1,1,2.0,VERDUN (BOULEVARD DE),43.40905,3.69418,10:15:00,2024-05-15
202400035414,08:00,Plein jour,77,77243,2,1,1,6.0,ORME BOSSU (RUE DE  L' ),48.86508,2.71285,08:00:00,2024-01-16
202400035415,04:30,Nuit sans éclairage,22,22187,1,1,1,6.0,D 6,48.54253,-2.78346,04:30:00,2024-04-07
202400035416,09:20,Plein jour,76,76351,2,4,1,6.0,SOCRATE,49.51302,0.16226,09:20:00,2024-01-16
202400035417,09:05,Plein jour,94,94004,2,3,2,1.0,Allée des F.F.i. / N19,48.75509182,2.50682352,09:05:00,2024-02-29
202400035418,09:00,Plein jour,34,34198,2,3,1,3.0,CENTRE COMMERCIAL AUCHAN,43.57435,3.93609,09:00:00,2024-05-15
202400035419,15:45,Plein jour,14,14333,2,1,1,6.0,52 Rue de la République,49.41764,0.23113,15:45:00,2024-04-06
202400035420,15:00,Plein jour,93,93073,2,1,2,1.0,Avenue du Bois de la Pie,48.97980549,2.50919868,15:00:00,2024-02-29
202400035421,09:00,Plein jour,34,34172,2,1,1,3.0,THOR (RUE DE),43.61731,3.91535,09:00:00,2024-05-15
202400035422,22:50,,93,93066,2,2,1,1.0,Rue Danielle Casanova / Cours du Rû de Montfort,48.92657,2.3661,22:50:00,2024-02-28
202400035423,20:20,,76,76576,2,4,1,6.0,CITE RADIEUSE,49.5627369,0.45321018,20:20:00,2024-01-16
202400035424,18:15,,72,72181,2,1,1,3.0,HEUZE OLIVIER AV N° PAIRS 2 A 198,47.99,0.17,18:15:00,2024-01-15
202400035425,17:00,Plein jour,13,13214,2,1,1,3.0,ARNAVON (AVENUE),43.33015,5.38611,17:00:00,2024-04-07
202400035426,11:30,Plein jour,93,93053,2,1,1,3.0,Rue Paul Vaillant Couturier,48.8915,2.44673,11:30:00,2024-02-28
202400035427,13:40,Plein jour,33,33200,2,6,8,4.0,Unknown,44.8683,-0.66335,13:40:00,2024-05-15
202400035428,18:25,,69,69029,2,1,2,3.0,Route de Genas,45.74846597,4.91694169,18:25:00,2024-01-15
202400035429,16:55,Plein jour,13,13215,2,1,1,3.0,CAP JANET (CHEMIN),43.33934382,5.34928856,16:55:00,2024-04-07
202400035430,08:40,Plein jour,93,93051,2,2,2,6.0,PIERRE BROSSOLETTE,48.847,2.54064,08:40:00,2024-02-29
202400035431,17:40,Plein jour,33,33075,2,1,1,3.0,Unknown,44.880118,-0.58432,17:40:00,2024-05-14
202400035432,04:30,Nuit sans éclairage,13,13206,2,1,1,1.0,SAINT PIERRE (RUE),43.29157,5.41039,04:30:00,2024-04-07
202400035433,12:40,Plein jour,69,69290,2,2,2,1.0,Avenue de la Gare,45.69025,4.93721,12:40:00,2024-01-15
202400035434,18:45,Plein jour,28,28134,2,1,1,6.0,BICHE (RUE DE LA),48.72685,1.37566,18:45:00,2024-05-15
202400035435,03:30,,13,13205,2,7,1,1.0,JEAN JAURES (PLACE),43.29439,5.3869,03:30:00,2024-04-07
202400035436,07:50,Plein jour,69,69091,2,1,8,6.0,Rue Romain Rolland,45.60276,4.76575,07:50:00,2024-01-16
202400035437,19:30,,93,93005,2,2,1,6.0,Rue Eugène Delacroix / Rue Paul Cézanne,48.95283,2.49879,19:30:00,2024-02-29
202400035438,15:50,Plein jour,13,13215,2,1,1,1.0,SAINT ANTOINE (AVENUE DE),43.37552411,5.35593141,15:50:00,2024-04-06
202400035439,13:45,Plein jour,67,67482,2,1,4,6.0,REUSS (ALLEE),48.5448,7.77034,13:45:00,2024-01-15
202400035440,12:00,Plein jour,92,92062,2,1,2,2.0,DE DION BOUTON (QUAI) DU 1 AU 28,48.87687466,2.24056649,12:00:00,2024-02-29
202400035441,08:43,Plein jour,27,27229,2,3,1,6.0,BOTTOLIER (RUE),49.01446,1.15746,08:43:00,2024-05-15
202400035442,16:30,Plein jour,13,13028,2,1,1,3.0,ROUMANILLE (AVENUE JOSEPH),43.20072488,5.62313188,16:30:00,2024-04-06
202400035443,21:15,,66,66136,2,2,1,1.0,Avenue Maréchal JUIN,42.68718,2.90184,21:15:00,2024-01-13
202400035444,00:45,,64,64129,2,6,1,7.0,Unknown,43.305,-0.401,00:45:00,2024-01-17
202400035445,17:40,Plein jour,25,25056,2,9,2,3.0,CHAR  RUE RENE,47.2186,5.95306,17:40:00,2024-05-15
202400035446,18:39,,92,92020,2,3,2,3.0,VANVES BOULEVARD N° IMPAIRS,48.80994638,2.2825588,18:39:00,2024-02-29
202400035447,17:40,Plein jour,13,13005,2,1,1,2.0,RN 8,43.28314,5.53334,17:40:00,2024-04-05
202400035448,20:41,,92,92026,2,1,1,7.0,VERDUN (DE 01 A 61),48.90073528,2.26056916,20:41:00,2024-02-23
202400035449,18:45,,64,64445,2,3,1,3.0,DUFAU,43.30537857,-0.3679736,18:45:00,2024-01-10
202400035450,14:45,Plein jour,64,64445,2,2,1,3.0,RAYMOND DE CARBONNIERES,43.303,-0.35207,14:45:00,2024-01-16
202400035451,15:55,Plein jour,14,14333,2,6,1,3.0,Rue des Vases,49.41808,0.23996,15:55:00,2024-05-15
202400035452,13:50,Plein jour,64,64269,1,6,1,3.0,BEARN DU,43.30176,-0.30814,13:50:00,2024-01-16
202400035453,14:25,Plein jour,11,11069,2,2,1,3.0,88 Avenue Bunau Varilla,43.20791,2.33684,14:25:00,2024-04-05
202400035454,19:05,,92,92007,2,1,2,3.0,RAVERA (AVENUE HENRI) N° 1 A 109 ET 2 A,48.79837541,2.30393904,19:05:00,2024-02-29
202400035455,18:50,Plein jour,14,14301,2,1,8,6.0,28 Rue du Centre,49.17964,-0.28209,18:50:00,2024-05-14
202400035456,13:10,Plein jour,13,13208,2,1,1,3.0,PRADO (contre allée),43.27069747,5.38814365,13:10:00,2024-05-15
202400035457,17:20,Plein jour,06,06029,2,1,1,1.0,Avenue de Grasse,43.5665458,7.004728,17:20:00,2024-04-07
202400035458,17:38,,63,63113,2,5,2,3.0,ELISABETH (AVENUE ALBERT) / Rue Maringue,45.77943,3.0941,17:38:00,2024-01-15