Num_Acc,hrmn,lum,dep,com,agg,int,atm,col,adr,lat,long,heure,date
202400035459,07:20,,91,91689,2,3,2,6.0,LEON JOUHAUX (AVENUE),48.733598,2.315509,07:20:00,2024-02-29
202400035460,11:30,Plein jour,13,13047,2,1,1,3.0,BELLONS CHEMIN DES,43.53208,4.95434,11:30:00,2024-05-15
202400035461,07:30,Plein jour,62,62291,1,1,1,7.0,D58,50.41717491,2.80771729,07:30:00,2024-01-16
202400035462,11:40,Plein jour,92,92014,2,9,1,2.0,GENERAL LECLERC (AV.) (57 A 135 - 50 A 1,48.78339347,2.31696168,11:40:00,2024-02-28
202400035463,09:40,Plein jour,06,06104,1,1,1,1.0,815 Promenade 1ere Dfl,43.7676,7.45571,09:40:00,2024-05-04
202400035464,07:50,,62,62037,2,1,1,1.0,D341,50.31743,2.73896,07:50:00,2024-01-15
202400035465,12:30,Plein jour,75,75116,2,1,1,4.0,BD PERIPHERIQUE EXTERIEUR,48.864239,2.266641,12:30:00,2024-04-07
202400035466,17:50,,59,59512,2,9,1,6.0,DE GAULLE  (BOULEVARD DU GENERAL),50.68803,3.17477,17:50:00,2024-01-15
202400035467,06:44,Crépuscule,976,97610,2,1,2,1.0,Rue Digole - Koropa,-12.746329,45.221829,06:44:00,2024-03-01
202400035468,17:06,Plein jour,75,75110,2,1,1,1.0,RUE BEAUREPAIRE,48.870868,2.364066,17:06:00,2024-04-05
202400035469,11:14,Plein jour,03,03023,1,1,1,3.0,Route de Charmeil,46.14318,3.39652,11:14:00,2024-05-12
202400035470,16:46,Plein jour,38,38353,2,1,1,1.0,Chemin des acacias,45.417141,4.75767,16:46:00,2024-02-29
202400035471,19:30,,59,59009,2,2,9,3.0,Rue des Fusilles,50.61895517,3.14222287,19:30:00,2024-01-16
202400035472,15:46,Plein jour,75,75116,2,2,1,3.0,ALLEE DE LONGCHAMP,48.867619,2.250963,15:46:00,2024-04-05
202400035473,02:00,Nuit sans éclairage,95,95436,1,1,9,6.0,D922,49.1335014,2.26535863,02:00:00,2024-03-01
202400035474,20:26,,56,56083,2,1,1,1.0,POMPIDOU ( AVENUE GEORGES ),47.801461,-3.26345,20:26:00,2024-01-15
202400035475,13:20,Plein jour,01,01053,2,2,2,3.0,HUCHET ( BOULEVARD EMILE),46.19538,5.22532,13:20:00,2024-05-15
202400035476,08:24,Plein jour,75,75120,2,2,1,3.0,RUE DES PYRENEES,48.859155,2.402165,08:24:00,2024-04-07
202400035477,07:20,Plein jour,75,75112,2,1,1,3.0,BD PERIPHERIQUE EXTERIEUR,48.828074,2.396298,07:20:00,2024-05-15
202400035478,09:30,Plein jour,31,31044,2,1,1,5.0,91 Route de Mons,43.608546,1.510668,09:30:00,2024-03-01
202400035479,19:23,Nuit sans éclairage,54,54270,1,1,1,1.0,D26,49.487748,5.881636,19:23:00,2024-01-16
202400035480,16:20,Plein jour,75,75120,2,2,1,6.0,RUE MENDELSSOHN,48.854675,2.412062,16:20:00,2024-04-06
202400035481,02:00,,75,75116,2,2,1,2.0,AVENUE FOCH,48.87272,2.284567,02:00:00,2024-05-14
202400035482,13:20,Plein jour,51,51136,2,4,1,3.0,Rue de l?Hotel de Ville,49.100791,3.758129,13:20:00,2024-02-19
202400035483,09:50,Plein jour,51,51454,2,2,1,3.0,JAURES (AVENUE JEAN) DU N° 74 A FIN (PAI,49.26163,4.05102,09:50:00,2024-01-16
202400035484,08:10,Plein jour,75,75119,2,3,1,3.0,QUAI DE LA GIRONDE,48.893664,2.384898,08:10:00,2024-04-07
202400035485,17:30,Crépuscule,23,23001,1,1,2,7.0,Rue du Docteur Maumy,46.080852,2.038801,17:30:00,2024-02-29
202400035486,10:20,Plein jour,51,51454,2,2,1,2.0,HUGO (BOULEVARD VICTOR),49.248255,4.043421,10:20:00,2024-01-16
202400035487,09:50,Plein jour,75,75117,2,7,1,3.0,BOULEVARD DES BATIGNOLLES,48.883528,2.326889,09:50:00,2024-05-15
202400035488,14:50,Plein jour,75,75117,2,3,1,3.0,AVENUE MAC MAHON,48.875261,2.29479,14:50:00,2024-04-07
202400035489,05:30,Nuit sans éclairage,23,23068,1,1,1,6.0,La Coussediere,46.13172147,2.07645893,05:30:00,2024-03-01
202400035490,20:05,Nuit avec éclairage,28,28162,2,1,3,6.0,Rue de la Mairie,48.302619,1.474117,20:05:00,2024-02-29
202400035491,11:00,Plein jour,51,51454,2,1,1,4.0,CHEZEL (RUE CLOVIS),49.24069,4.03378,11:00:00,2024-01-15
202400035492,15:30,Plein jour,75,75111,2,2,1,6.0,AVENUE LEDRU ROLLIN,48.8555644,2.37868,15:30:00,2024-05-15
202400035493,01:00,,75,75117,2,2,1,6.0,AVENUE DE WAGRAM,48.881552,2.300683,01:00:00,2024-04-07
202400035494,21:50,,50,50129,2,3,1,3.0,COUBERTIN (RUE PIERRE DE),49.64211,-1.63636,21:50:00,2024-01-15
202400035495,12:07,Plein jour,29,29078,1,1,3,2.0,N165,48.30679301,-4.19243462,12:07:00,2024-02-29
202400035496,19:50,Plein jour,75,75102,2,7,2,3.0,PLACE DE L OPERA,48.870032,2.332566,19:50:00,2024-05-15
202400035497,14:50,Plein jour,56,56260,2,6,1,3.0,Avenue de Tohannic,47.65348,-2.74119,14:50:00,2024-07-20
202400035498,20:20,,75,75106,2,3,2,1.0,BOULEVARD DU MONTPARNASSE,48.844185,2.322889,20:20:00,2024-04-07
202400035499,07:45,,50,50129,2,3,1,3.0,HUGO (RUE VICTOR),49.64563,-1.64622,07:45:00,2024-01-13
202400035500,14:25,Plein jour,65,65084,1,9,7,3.0,RD08,43.158956,0.104992,14:25:00,2024-02-29
202400035501,21:05,Plein jour,94,94052,2,2,1,3.0,Avenue Georges Clémenceau / Avenue de la Belle Gabrielle,48.83638689,2.4699803,21:05:00,2024-05-12
202400035502,14:50,Plein jour,11,11110,1,1,1,7.0,28 Route de Durban,43.041269,2.746121,14:50:00,2024-02-29
202400035503,16:00,Plein jour,54,54261,2,1,1,3.0,Rue de Paris,49.518814,5.784588,16:00:00,2024-07-21
202400035504,18:30,Plein jour,75,75115,2,2,1,7.0,RUE DE VAUGIRARD,48.840409,2.304261,18:30:00,2024-04-07
202400035505,18:33,,49,49007,2,1,1,2.0,BARANGE BOULEVARD,47.45558,-0.56988,18:33:00,2024-01-15
202400035506,09:05,Plein jour,71,71137,2,1,1,6.0,27 Rue Porte des Prés,46.439635,4.659587,09:05:00,2024-02-29
202400035507,12:10,Plein jour,49,49353,2,1,1,6.0,avenue pierre mendès france,47.45,-0.504,12:10:00,2024-01-15
202400035508,21:20,,93,93071,2,1,2,3.0,Rue d'Aulnay,48.940001,2.519058,21:20:00,2024-05-15
202400035509,09:05,Plein jour,49,49099,2,3,1,2.0,CARNOT (RUE SADI),47.06159,-0.86965,09:05:00,2024-07-16
202400035510,12:00,Plein jour,61,61196,1,3,1,7.0,D955,48.375606,0.53432,12:00:00,2024-02-28
202400035511,20:50,,75,75112,2,1,1,6.0,AVENUE DE SAINT MAURICE,48.829784,2.420288,20:50:00,2024-04-06
202400035512,12:30,Plein jour,47,47201,2,3,8,3.0,PYRENEES (AVENUE DES),44.17549,0.60666,12:30:00,2024-01-16
202400035513,08:40,Plein jour,12,12120,1,1,2,1.0,D888,44.384851,2.812457,08:40:00,2024-03-01
202400035514,16:45,Plein jour,75,75101,2,1,1,6.0,BOULEVARD DU PALAIS,48.85522,2.345822,16:45:00,2024-04-07
202400035515,22:00,,93,93063,2,1,2,1.0,Avenue Gaston Roussel,48.893578,2.436247,22:00:00,2024-05-14
202400035516,23:40,,45,45075,2,2,3,3.0,D2152 PR 76 + 1061,47.89323,1.848354,23:40:00,2024-07-20
202400035517,10:05,Plein jour,45,45068,2,1,9,4.0,Rue Nelson Mandela,48.00924,2.72386,10:05:00,2024-01-16
202400035518,14:00,Plein jour,75,75104,2,3,2,6.0,RUE DE RIVOLI,48.855504,2.360095,14:00:00,2024-04-07
202400035519,10:10,Plein jour,37,37261,2,1,1,3.0,BASSEE (RUE DE LA),47.42335,0.68267,10:10:00,2024-01-16
202400035520,10:15,Plein jour,93,93032,2,3,1,3.0,Rue Aristide Briand / Rue Carnot,48.87868147,2.53295481,10:15:00,2024-05-15
202400035521,07:20,Plein jour,42,42323,2,6,1,6.0,87 Avenue du 8 Mai 1945,45.55182,4.280965,07:20:00,2024-02-29
202400035522,20:23,Nuit sans éclairage,36,36063,1,6,1,6.0,Unknown,46.84548,1.709,20:23:00,2024-01-12
202400035523,10:10,Plein jour,75,75101,2,3,1,7.0,RUE DE RIVOLI,48.864668,2.329302,10:10:00,2024-04-06
202400035524,12:10,Plein jour,45,45004,1,1,1,3.0,Avenue d'Antibes,47.97715,2.73226,12:10:00,2024-07-10
202400035525,12:10,Plein jour,93,93027,2,1,1,2.0,Avenue Lénine,48.919986,2.412189,12:10:00,2024-05-15
202400035526,15:50,Plein jour,22,22163,1,1,2,3.0,Kerléran,48.262613,-3.448462,15:50:00,2024-02-29
202400035527,16:09,Plein jour,36,36044,2,1,1,6.0,Boulevard de Cluis,46.80515,1.69824,16:09:00,2024-01-12
202400035528,18:00,Plein jour,94,94081,2,3,1,6.0,Rue Verte / Parking,48.78226,2.38001,18:00:00,2024-04-07
202400035529,04:35,Nuit sans éclairage,25,25514,1,1,2,6.0,D45,46.773672,6.340002,04:35:00,2024-03-01
202400035530,21:00,,93,93057,2,5,1,3.0,Allée du Colonel Fabien / Allée Monthyon,48.912845,2.506728,21:00:00,2024-05-14
202400035531,16:54,Plein jour,43,43157,2,3,1,3.0,Rue des Tanneries,45.04085,3.88723,16:54:00,2024-07-21
202400035532,16:20,Plein jour,35,35238,1,1,8,3.0,RN136,48.10252598,-1.71619534,16:20:00,2024-01-16
202400035533,09:27,Plein jour,44,44130,2,9,6,6.0,5 Rue du pays de retz,47.123354,-1.584684,09:27:00,2024-02-23
202400035534,19:05,,34,34172,2,1,1,6.0,PONT TRINQUAT (AVENUE DU,43.60077,3.88676,19:05:00,2024-01-16
202400035535,01:56,Nuit sans éclairage,38,38185,1,1,1,2.0,A.480 (AUTOROUTE),45.20316,5.69329,01:56:00,2024-07-21
202400035536,12:20,Plein jour,93,93007,2,2,7,3.0,Rue des Mascottes / Avenue du Petit Groslay,48.92015,2.470071,12:20:00,2024-05-15
202400035537,06:30,Crépuscule,94,94052,2,3,1,2.0,Rue Hoche / Boulevard Albert 1er,48.83382,2.49284,06:30:00,2024-04-07
202400035538,19:00,Nuit sans éclairage,44,44194,1,1,1,5.0,L'Ebeaupin,47.279884,-1.665051,19:00:00,2024-02-28
202400035539,07:00,Nuit sans éclairage,34,34172,2,1,2,6.0,GARRATS (AVENUE DES),43.61219,3.8388,07:00:00,2024-01-16
202400035540,16:45,Plein jour,94,94034,2,1,1,6.0,Allée des Fleurs,48.75464,2.32746,16:45:00,2024-04-07
202400035541,14:30,Plein jour,38,38466,2,3,7,3.0,D1090,45.365692,5.95643,14:30:00,2024-02-29
202400035542,16:13,Plein jour,36,36063,1,2,1,3.0,Avenue de Blois,46.83478473,1.67743742,16:13:00,2024-07-20
202400035543,17:20,Crépuscule,34,34129,2,1,1,3.0,FIGUIERES (AVENUE DE),43.58427,3.92669,17:20:00,2024-01-15
202400035544,15:45,Plein jour,93,93005,2,2,1,4.0,Rue Jean Charcot / Pont Maillard,48.933845,2.490706,15:45:00,2024-05-15
202400035545,20:00,Plein jour,94,94081,2,5,2,3.0,Avenue Paul Vaillant Couturier / Avenue Henri Barbusse,48.79304693,2.39552057,20:00:00,2024-04-07
202400035546,13:55,Plein jour,34,34172,2,1,1,3.0,RABELAIS (BOULEVARD),43.60124,3.88162,13:55:00,2024-01-15
202400035547,17:40,Plein jour,34,34301,2,1,1,1.0,ALGER (QUAI D'),43.40091,3.69983,17:40:00,2024-07-20
202400035548,12:32,Plein jour,02,02174,1,1,1,2.0,Unknown,49.477159,3.533649,12:32:00,2024-03-01
202400035549,11:37,Plein jour,34,34172,2,1,1,6.0,VANIERES (AVENUE DE),43.59261,3.85262,11:37:00,2024-01-15
202400035550,22:00,,92,92040,2,2,1,3.0,HOCHE,48.82444796,2.27074143,22:00:00,2024-05-15
202400035551,00:40,Nuit sans éclairage,94,94077,2,7,1,6.0,Rue Eugenie le Guillermic / Place de la Gare,48.73962283,2.4261465,00:40:00,2024-04-07
202400035552,19:20,Plein jour,33,33009,2,1,1,6.0,Unknown,44.65688,-1.16737,19:20:00,2024-07-21
202400035553,03:14,Nuit sans éclairage,85,85109,1,1,1,1.0,rd160,46.84495,-1.07369,03:14:00,2024-03-01
202400035554,10:39,Plein jour,31,31555,1,1,2,1.0,RD916,43.55678,1.49638,10:39:00,2024-01-16
202400035555,17:40,Plein jour,92,92036,2,1,1,6.0,GENERAL DE GAULLE (AVENUE) (PAIRS),48.93356817,2.31088024,17:40:00,2024-05-11
202400035556,12:05,Plein jour,26,26146,1,2,1,3.0,Route de Montélimar,44.419207,4.897161,12:05:00,2024-02-26
202400035557,19:40,Plein jour,93,93078,2,2,1,3.0,Boulevard Robert Ballanger / Avenue Jean Fourgeaud,48.96009464,2.55283803,19:40:00,2024-04-07
202400035558,14:50,Plein jour,92,92032,2,1,1,7.0,VAL CONTENT (RUE DU),48.79238808,2.28293431,14:50:00,2024-05-15
202400035559,13:15,Plein jour,30,30189,2,1,1,7.0,Rue Général Delestraint,43.83915,4.35963,13:15:00,2024-01-08
202400035560,15:45,Plein jour,31,31555,2,1,2,7.0,RUE SAINT ANTOINE DU T,43.60435,1.44736,15:45:00,2024-07-21
202400035561,10:05,Plein jour,92,92071,2,1,1,3.0,GENERAL DE GAULLE (PLACE),48.77820265,2.29065631,10:05:00,2024-05-15
202400035562,23:30,,93,93072,2,1,1,4.0,Avenue de Stalingrad,48.9575357,2.39639819,23:30:00,2024-04-06
202400035563,21:30,,30,30007,2,1,1,1.0,CASSIN (RUE RENE),44.10818,4.10019,21:30:00,2024-01-16
202400035564,00:55,,93,93059,2,8,1,6.0,Avenue Lénine,48.95419,2.35825,00:55:00,2024-04-07
202400035565,23:20,,90,90054,2,6,1,6.0,RD 12,47.723065,6.885198,23:20:00,2024-02-29
202400035566,17:30,Plein jour,37,37169,2,9,1,3.0,13 Rue de l'Esperance,47.601542,0.909736,17:30:00,2024-05-15
202400035567,16:00,Plein jour,28,28404,1,1,1,6.0,Route de Chartres,48.71593,1.36796,16:00:00,2024-01-15
202400035568,02:35,Nuit sans éclairage,29,29232,1,1,2,3.0,RN 165,48.01317976,-4.07436592,02:35:00,2024-07-21
202400035569,11:55,Plein jour,53,53185,2,7,1,6.0,Rue de la Petite Vitesse,48.458071,-0.206224,11:55:00,2024-02-27
202400035570,17:05,Plein jour,93,93077,2,1,1,6.0,Rue Rousselet,48.87557,2.52343,17:05:00,2024-04-06
202400035571,18:00,Plein jour,22,22209,2,6,1,3.0,Rue du Colonel Pléven,48.579851,-2.14456,18:00:00,2024-05-10
202400035572,17:55,,27,27681,2,3,1,2.0,ARDECHE (AVENUE DE L'),49.0869,1.48035,17:55:00,2024-01-16
202400035573,05:37,Crépuscule,11,11254,1,9,1,6.0,A61,43.225156,2.158689,05:37:00,2024-05-16
202400035574,19:26,Plein jour,92,92078,2,3,2,3.0,VIEUX CHEMIN DE ST DENIS (AVENUE),48.92974694,2.32602784,19:26:00,2024-04-07
202400035575,09:20,Plein jour,21,21574,1,1,1,1.0,D30c,47.516735,5.442963,09:20:00,2024-03-01
202400035576,15:11,Plein jour,24,24037,1,1,1,5.0,COMBAL,44.82616,0.47744,15:11:00,2024-07-21
202400035577,15:00,Plein jour,23,23008,2,1,1,6.0,1 Rue des Déportés,45.955569,2.167354,15:00:00,2024-02-29
202400035578,07:29,Crépuscule,21,21355,2,4,1,3.0,INDUSTRIES (DES) (BOULEVARD),47.284741,5.045962,07:29:00,2024-01-16
202400035579,08:58,Plein jour,92,92073,2,2,1,3.0,SELLIER (BOULEVARD HENRI),48.86720453,2.22141802,08:58:00,2024-04-06
202400035580,16:05,Plein jour,11,11148,1,4,1,3.0,D6113,43.180646,2.679377,16:05:00,2024-05-12
202400035581,00:20,,13,13077,2,9,1,6.0,SAINT MITRE (route de),43.4,4.98,00:20:00,2024-07-20
202400035582,00:55,Nuit sans éclairage,29,29181,1,1,1,6.0,pk 052+200,48.49025138,-4.22580745,00:55:00,2024-05-16
202400035583,21:30,,69,69244,2,4,1,1.0,Chemin de la Poterie,45.750958,4.761372,21:30:00,2024-02-29
202400035584,14:15,Plein jour,19,19031,2,3,1,3.0,LAGRANGE (AVENUE LEO),45.16008,1.54687,14:15:00,2024-01-14
202400035585,23:09,,92,92051,2,3,3,2.0,"CHARLES DE GAULLE (AVENUE, N° 18 A 116)",48.88127315,2.27226752,23:09:00,2024-04-07
202400035586,01:00,Nuit sans éclairage,45,45155,1,1,1,6.0,D940 PR 19 + 950,47.705394,2.642512,01:00:00,2024-02-21
202400035587,23:45,,13,13208,2,1,1,1.0,PERIER (BOULEVARD),43.27877724,5.3813251,23:45:00,2024-07-20
202400035588,03:50,,971,97109,1,1,1,6.0,Avenue du Général de Gaulle Route Nationale 1,15.990344,-61.684788,03:50:00,2024-05-16
202400035589,13:20,Plein jour,18,18279,2,3,1,3.0,Rue du Péry,47.224864,2.085131,13:20:00,2024-01-16
202400035590,15:50,Plein jour,92,92051,2,2,2,3.0,"SAUSSAYE (BOULEVARD DE LA, N° 7 A 61 ET",48.89318837,2.2707746,15:50:00,2024-04-07
202400035591,15:58,Plein jour,77,77229,1,2,3,5.0,D1036,48.760425,2.859718,15:58:00,2024-02-29
202400035592,11:50,Plein jour,21,21223,1,1,1,3.0,Route de Troyes,47.360807,4.976123,11:50:00,2024-05-16
202400035593,10:10,Plein jour,18,18213,2,2,1,1.0,Avenue du Général de Gaulle,47.09938,2.48795,10:10:00,2024-01-11
202400035594,20:15,Plein jour,13,13001,1,1,1,2.0,RN 296,43.54786923,5.42795241,20:15:00,2024-07-19
202400035595,13:15,Plein jour,78,78125,1,1,8,7.0,D61,48.63096,1.96256,13:15:00,2024-02-27
202400035596,16:20,Plein jour,92,92026,2,1,8,3.0,BEZONS  (DE 01 A 22),48.89456679,2.25082666,16:20:00,2024-04-07
202400035597,13:20,Plein jour,76,76530,1,1,1,3.0,Route des Moulins,49.712638,0.684038,13:20:00,2024-05-16
202400035598,18:40,,14,14118,2,1,1,7.0,15 Fossés Saint-Julien,49.18529,-0.36806,18:40:00,2024-01-15
202400035599,13:50,Plein jour,12,12013,2,1,2,6.0,TOULOUSE-LAUTREC (AVENUE),44.54286,2.24545,13:50:00,2024-07-21
202400035600,08:50,Plein jour,78,78262,1,9,1,2.0,"route nationale 12, PK46.5",48.801359,1.792434,08:50:00,2024-02-02
202400035601,21:50,,92,92024,2,6,3,2.0,CLICHY (QUAI DE) DE (8 A 60),48.90339,2.28962,21:50:00,2024-04-07
202400035602,18:23,,13,13212,2,1,1,3.0,TROIS LUCS A LA VALENTINE (ROUTE),43.30480419,5.47341714,18:23:00,2024-01-16
202400035603,15:25,Plein jour,33,33302,1,1,1,1.0,Unknown,44.948668,-0.157719,15:25:00,2024-05-16
202400035604,17:50,Plein jour,06,06088,2,2,1,3.0,Promenade Général Edouard Corniglion-Molinier,43.6650168,7.2033824,17:50:00,2024-07-21
202400035605,18:15,Plein jour,66,66069,1,2,1,1.0,Unknown,42.77302,2.831449,18:15:00,2024-02-29
202400035606,19:50,Crépuscule,92,92004,2,4,2,3.0,ORGEMONT  ( AVENUE D' ),48.9285602,2.27242358,19:50:00,2024-04-07
202400035607,13:00,Plein jour,33,33314,2,4,3,7.0,Unknown,45.217362,-0.780841,13:00:00,2024-05-04
202400035608,20:15,,13,13212,2,4,1,3.0,SAINT JULIEN (AVENUE DE ),43.30774152,5.42544358,20:15:00,2024-01-16
202400035609,23:00,Nuit sans éclairage,26,26309,1,1,8,7.0,Rue des Lauzes,45.045093,5.447878,23:00:00,2024-02-29
202400035610,19:16,Crépuscule,72,72291,1,1,2,6.0,Lieu Dit la Chausse Paillere,47.753042,0.056889,19:16:00,2024-04-07
202400035611,17:12,Plein jour,32,32256,1,1,1,1.0,N21,43.529571,0.416515,17:12:00,2024-05-16
202400035612,13:50,Plein jour,06,06029,2,2,8,3.0,20 Boulevard Carnot,43.5558791,7.0170515,13:50:00,2024-07-21
202400035613,16:40,Plein jour,13,13205,2,2,1,6.0,SAKAKINI (BOULEVARD),43.29253,5.40161,16:40:00,2024-01-16
202400035614,11:05,Plein jour,07,07324,2,1,1,3.0,25 avenue de Nimes,45.061097,4.842031,11:05:00,2024-03-01
202400035615,07:54,Plein jour,68,68257,1,1,2,7.0,D724 PK5.1,47.50778,7.192676,07:54:00,2024-05-16
202400035616,21:30,Nuit sans éclairage,54,54513,1,2,1,3.0,Carrefour des belles vues,48.456991,6.127805,21:30:00,2024-04-07
202400035617,16:30,Plein jour,06,06029,2,1,1,2.0,14 Avenue Francis Tonner,43.549233,6.982899,16:30:00,2024-07-20
202400035618,16:40,Plein jour,13,13215,2,4,1,3.0,SAINT ANTOINE (AVENUE DE),43.36578133,5.35685661,16:40:00,2024-01-15
202400035619,00:30,,01,01249,2,1,1,2.0,Grande Rue,45.826078,4.964147,00:30:00,2024-02-29
202400035620,10:45,Plein jour,01,01362,1,2,1,3.0,D6,45.95834,4.878584,10:45:00,2024-04-08
202400035621,19:50,Plein jour,22,22309,1,1,1,5.0,Saint-Launeuc,48.236436,-2.339895,19:50:00,2024-05-15
202400035622,02:19,Nuit sans éclairage,69,69159,1,1,2,6.0,Route de Tarare,45.96811,4.671822,02:19:00,2024-03-01
202400035623,17:40,Plein jour,04,04112,2,1,1,3.0,REPASSE (AVENUE DE LA),43.83062,5.76957,17:40:00,2024-07-21
202400035624,15:20,Plein jour,13,13210,2,9,1,5.0,ROMAIN ROLLAND (BOULEVARD),43.27774,5.42042,15:20:00,2024-01-15
202400035625,16:25,Plein jour,29,29160,2,1,1,6.0,rue jean breton,48.505464,-4.41962,16:25:00,2024-05-16
202400035626,08:13,Plein jour,22,22209,2,1,1,3.0,33 rue de la Côte d'Emeraude,48.570106,-2.181687,08:13:00,2024-04-08
202400035627,20:35,Nuit sans éclairage,60,60290,1,1,3,1.0,RD1001,49.48558,2.144008,20:35:00,2024-03-01
202400035628,18:15,,11,11069,2,9,2,3.0,49 Avenue Bunau Varilla,43.210639,2.340637,18:15:00,2024-01-15
202400035629,18:35,Plein jour,03,03101,2,2,3,3.0,Rue du Boulodrome,46.36236,2.53694,18:35:00,2024-07-20
202400035630,11:12,Plein jour,68,68044,1,1,1,1.0,col du louschbach,48.137919,7.062718,11:12:00,2024-04-06
202400035631,12:25,Plein jour,38,38140,2,6,1,6.0,Avenue de l'Abbaye,45.276636,5.872758,12:25:00,2024-05-16
202400035632,16:45,Plein jour,68,68249,1,1,1,1.0,D11,48.079556,7.155533,16:45:00,2024-04-06
202400035633,20:20,Nuit sans éclairage,69,69236,1,1,1,5.0,Autoroute 47,45.56751,4.7063,20:20:00,2024-02-28
202400035634,07:58,Plein jour,03,03185,2,1,1,2.0,Avenue Jules Guesde,46.33953,2.5815,07:58:00,2024-07-20
202400035635,14:50,Plein jour,11,11069,2,1,2,5.0,20 Rue Antoine Marty,43.21626,2.35866,14:50:00,2024-01-15
202400035636,05:15,Nuit sans éclairage,02,02820,1,1,3,6.0,Unknown,49.644325,3.252962,05:15:00,2024-05-16
202400035637,11:42,Plein jour,10,10343,2,1,8,6.0,Rue Louis Blanc,48.2819,4.091,11:42:00,2024-01-15
202400035638,19:15,Nuit sans éclairage,33,33397,1,1,1,6.0,Unknown,44.91729,-0.47717,19:15:00,2024-02-28
202400035639,16:00,Plein jour,11,11012,1,1,1,4.0,Unknown,43.3117127,2.94532299,16:00:00,2024-03-30
202400035640,18:45,Plein jour,02,02408,2,1,1,3.0,29 Rue Romanette,49.5507,3.61057,18:45:00,2024-07-21
202400035641,15:30,Plein jour,63,63289,1,1,1,1.0,D204,45.7635871,2.69469021,15:30:00,2024-04-06
202400035642,08:40,Plein jour,10,10333,1,1,8,6.0,ROCADE OUEST (RD 610),48.2877,4.0396,08:40:00,2024-01-15
202400035643,06:15,Nuit sans éclairage,63,63278,1,1,1,6.0,"route départementale 211, PK 2+250",45.918244,3.149117,06:15:00,2024-04-08
202400035644,14:30,Plein jour,15,15074,1,3,1,5.0,RN 122,44.927774,2.484884,14:30:00,2024-05-16
202400035645,08:17,Plein jour,91,91179,1,1,2,4.0,AUTOROUTE A6,48.571,2.4693,08:17:00,2024-02-29
202400035646,11:50,Plein jour,01,01194,2,1,1,1.0,518 Rue Edouard Herriot,45.989277,4.75678,11:50:00,2024-04-06
202400035647,17:30,Plein jour,75,75114,2,1,1,5.0,BD PERIPHERIQUE INTERIEUR,48.82157237,2.31879222,17:30:00,2024-07-20
202400035648,07:50,,02,02168,2,3,1,3.0,30 Avenue de la République,49.04004,3.40895,07:50:00,2024-01-15
202400035649,05:35,Nuit sans éclairage,22,22081,1,1,1,6.0,RN12 PR 47+500,48.481269,-2.641552,05:35:00,2024-04-07
202400035650,08:20,Plein jour,75,75118,2,1,1,3.0,BD PERIPHERIQUE EXTERIEUR,48.900899,2.361608,08:20:00,2024-01-15
202400035651,23:40,Nuit sans éclairage,91,91687,1,1,1,6.0,AUTOROUTE A6,48.66286,2.36757,23:40:00,2024-02-28
202400035652,14:05,Plein jour,14,14431,1,3,1,3.0,Route de Soquence,49.085029,-0.004828,14:05:00,2024-05-15
202400035653,12:30,Plein jour,75,75115,2,1,1,4.0,BD PERIPHERIQUE INTERIEUR,48.832469,2.280644,12:30:00,2024-07-20
202400035654,05:10,Nuit sans éclairage,26,26247,1,1,1,1.0,route nationale 7,45.16209009,4.82899867,05:10:00,2024-04-08
202400035655,22:38,,75,75112,2,1,1,6.0,BD PERIPHERIQUE EXTERIEUR,48.833099,2.407166,22:38:00,2024-01-15
202400035656,08:45,Plein jour,78,78043,1,1,1,3.0,A13W,48.841983,2.101867,08:45:00,2024-02-28
202400035657,01:00,Nuit sans éclairage,50,50523,2,4,1,6.0,Route de Chef du Pont,49.407584,-1.321916,01:00:00,2024-05-16
202400035658,16:00,Plein jour,95,95018,1,1,1,2.0,A15,48.95896563,2.27378747,16:00:00,2024-02-28
202400035659,16:45,Plein jour,71,71329,1,2,1,3.0,D673,46.939872,5.150383,16:45:00,2024-04-07
202400035660,08:45,Plein jour,50,50370,2,1,1,7.0,Route du Lude,49.417842,-1.562376,08:45:00,2024-05-09
202400035661,16:00,Plein jour,75,75119,2,2,8,3.0,Place de la Porte de Pantin,48.889542,2.395851,16:00:00,2024-01-16
202400035662,17:00,Plein jour,57,57375,1,1,1,7.0,D155w,48.700167,6.726594,17:00:00,2024-04-07
202400035663,08:10,Plein jour,95,95582,1,1,1,3.0,A15,48.97195611,2.24798145,08:10:00,2024-02-28
202400035664,21:30,Nuit sans éclairage,60,60616,1,1,2,1.0,Chemin de Champignole,49.365887,1.806342,21:30:00,2024-05-15
202400035665,14:05,Plein jour,75,75115,2,1,1,4.0,BD PERIPHERIQUE INTERIEUR,48.831053,2.284126,14:05:00,2024-07-19
202400035666,18:30,Plein jour,51,51505,2,1,1,7.0,7 Rue Nicolas Roussy,49.314086,4.258984,18:30:00,2024-04-07
202400035667,19:30,Crépuscule,10,10202,1,1,8,7.0,D444,48.107087,4.122276,19:30:00,2024-05-11
202400035668,19:00,Nuit sans éclairage,95,95500,1,1,1,4.0,A15,49.03685745,2.09294147,19:00:00,2024-02-27