Num_Acc,hrmn,lum,dep,com,agg,int,atm,col,adr,lat,long,heure,date
202400035669,19:10,Crépuscule,51,51609,2,1,1,7.0,3bis Rue de la Motte,49.100692,3.669113,19:10:00,2024-04-07
202400035670,10:00,Plein jour,75,75120,2,1,1,3.0,BD PERIPHERIQUE INTERIEUR,48.866942,2.41322,10:00:00,2024-07-19
202400035671,17:40,,75,75117,2,1,1,3.0,RUE DE COURCELLES,48.88909839,2.29317677,17:40:00,2024-01-16
202400035672,09:40,Plein jour,07,07010,2,3,2,2.0,Voie de Deûme (Arrêt de bus),45.237865,4.67531,09:40:00,2024-05-16
202400035673,06:55,Plein jour,987,98735,2,1,1,2.0,POMARE (BVD STADE BAMBRIDGE),-17.52897207,-149.55812769,06:55:00,2024-02-28
202400035674,18:29,Plein jour,56,56227,1,3,1,3.0,Rue François Orain,48.019495,-2.472435,18:29:00,2024-04-07
202400035675,07:42,Crépuscule,75,75113,2,3,8,6.0,BOULEVARD MASSENA,48.82402397,2.37704122,07:42:00,2024-07-21
202400035676,08:45,Crépuscule,75,75112,2,1,1,2.0,QUAI DE BERCY,48.827597,2.38973,08:45:00,2024-01-16
202400035677,14:35,Plein jour,07,07319,2,1,2,3.0,Avenue du Pont du Rhône,44.553396,4.688326,14:35:00,2024-05-02
202400035678,08:30,Plein jour,974,97416,1,1,1,4.0,RN3 (3),-21.31283,55.495,08:30:00,2024-02-26
202400035679,14:15,Plein jour,75,75112,2,3,1,6.0,AVENUE DAUMESNIL,48.847254,2.375267,14:15:00,2024-01-15
202400035680,20:50,Crépuscule,08,08391,2,1,1,1.0,6 Rue Carnot,49.73713,4.926058,20:50:00,2024-05-15
202400035681,10:00,Plein jour,974,97416,1,1,1,7.0,ANCIENNE RN 1,-21.30573,55.4283,10:00:00,2024-02-26
202400035682,17:30,Plein jour,56,56116,2,1,1,1.0,Kerlud,47.56646,-2.95556,17:30:00,2024-04-07
202400035683,08:26,Crépuscule,75,75107,2,2,1,6.0,RUE DE GRENELLE,48.855013,2.324561,08:26:00,2024-01-16
202400035684,02:45,Nuit sans éclairage,01,01130,1,1,1,1.0,rd 975,46.309411,5.145818,02:45:00,2024-05-16
202400035685,16:40,Plein jour,75,75117,2,1,1,4.0,BD PERIPHERIQUE EXTERIEUR,48.885277,2.287123,16:40:00,2024-07-20
202400035686,02:30,Nuit sans éclairage,974,97416,1,6,2,7.0,ROND POINT LA CAFRINE,-21.35286074,55.50978684,02:30:00,2024-02-25
202400035687,09:30,Plein jour,68,68278,2,1,7,1.0,4 Rue de Rixheim,47.742191,7.414516,09:30:00,2024-05-14
202400035688,18:50,,974,97416,2,1,2,7.0,BABET (RUE AUGUSTE),-21.32727,55.4866,18:50:00,2024-02-24
202400035689,08:30,Plein jour,94,94068,2,6,8,6.0,Boulevard de Bellechasse / Rue Garibaldi,48.79365,2.486219,08:30:00,2024-01-16
202400035690,00:50,,75,75120,2,2,3,3.0,RUE D AVRON,48.852772,2.40665,00:50:00,2024-07-21
202400035691,08:50,Plein jour,974,97416,1,1,2,6.0,RN3 (2),-21.30933,55.49787,08:50:00,2024-02-24
202400035692,09:00,Plein jour,2B,2B123,1,9,1,1.0,RT 10,42.044194,9.425116,09:00:00,2024-04-08
202400035693,11:30,Plein jour,94,94002,2,3,1,6.0,Rue Paul Vaillant Couturier / Rue des Pivoines,48.80229061,2.42112641,11:30:00,2024-01-16
202400035694,12:35,Plein jour,75,75117,2,2,8,3.0,AVENUE DE CLICHY,48.889107,2.322703,12:35:00,2024-07-21
202400035695,16:00,Plein jour,973,97305,1,3,1,3.0,Raoute Nationale 1,4.937639,-52.409356,16:00:00,2024-05-15
202400035696,04:40,Nuit sans éclairage,82,82089,1,1,1,1.0,D 813,44.137385,0.801852,04:40:00,2024-04-06
202400035697,10:20,Plein jour,65,65096,1,1,1,6.0,Route de Bagneres de Bigorre,43.109783,0.253115,10:20:00,2024-04-07
202400035698,08:20,Plein jour,974,97416,2,3,2,3.0,DELISLES (ROUTE HUBERT) CD3,-21.34361,55.46813,08:20:00,2024-02-22
202400035699,22:00,,75,75114,2,1,1,3.0,BOULEVARD JOURDAN,48.820532,2.337396,22:00:00,2024-07-21
202400035700,08:55,Plein jour,94,94046,2,2,1,3.0,Avenue de la République / Rue Condorcet,48.80909,2.45268,08:55:00,2024-01-16
202400035701,06:20,Crépuscule,65,65072,2,1,1,6.0,route départementale 935,43.289671,0.068922,06:20:00,2024-04-07
202400035702,15:40,Plein jour,974,97416,1,1,7,3.0,TROIS MARRE (CHEMIN),-21.2982,55.44259,15:40:00,2024-02-21
202400035703,16:55,Plein jour,75,75104,2,3,7,7.0,RUE DE RIVOLI,48.857265,2.352245,16:55:00,2024-07-21
202400035704,13:33,Nuit sans éclairage,33,33296,1,3,1,7.0,Unknown,44.834701,-0.038608,13:33:00,2024-04-07
202400035705,09:50,Plein jour,33,33199,2,1,1,3.0,Unknown,44.619305,-1.073299,09:50:00,2024-05-02
202400035706,11:05,Plein jour,974,97416,1,1,1,7.0,PERE FAVRON(RUE DU),-21.33706,55.46468,11:05:00,2024-02-20
202400035707,13:20,Plein jour,11,11431,1,1,1,6.0,Unknown,42.945177,2.757869,13:20:00,2024-04-07
202400035708,08:20,Crépuscule,94,94003,2,7,1,3.0,Avenue Paul Vaillant-Couturier / Avenue Gabriel Péri,48.80005873,2.34267153,08:20:00,2024-01-16
202400035709,06:25,Plein jour,974,97411,2,1,1,6.0,VINH-SAN (BLD 1 DU PRINCE),-20.8871,55.44057,06:25:00,2024-02-27
202400035710,08:55,Plein jour,75,75111,2,7,1,3.0,PLACE DE LA BASTILLE,48.85331651,2.36976439,08:55:00,2024-07-21
202400035711,21:15,Nuit sans éclairage,11,11106,1,1,1,6.0,D6009,43.24369,3.063417,21:15:00,2024-04-07
202400035712,11:00,Plein jour,34,34154,1,1,1,5.0,cd189,43.605847,3.967438,11:00:00,2024-05-15
202400035713,23:15,,94,94074,2,1,1,2.0,Avenue Henri Barbusse,48.76683,2.44118,23:15:00,2024-07-20
202400035714,08:00,Plein jour,94,94076,2,1,1,6.0,Boulevard Maxime Gorki,48.79312827,2.36908677,08:00:00,2024-01-16
202400035715,11:00,Plein jour,68,68040,2,1,1,2.0,Rue du Rhin,47.82517932,7.08142157,11:00:00,2024-05-15
202400035716,09:40,Plein jour,41,41164,2,3,1,5.0,d675 - rue pasteur,47.283625,1.382963,09:40:00,2024-04-05
202400035717,07:20,Plein jour,974,97411,1,1,9,6.0,MACE (ROUTE GABRIEL),-20.91111,55.49929,07:20:00,2024-02-27
202400035718,15:35,Plein jour,94,94034,2,2,1,2.0,Rue Emile Zola,48.75875,2.324236,15:35:00,2024-07-21
202400035719,21:00,Crépuscule,63,63150,1,1,2,6.0,Avenue de la Libération,45.89551726,3.06740331,21:00:00,2024-05-15
202400035720,08:00,,94,94028,2,3,1,6.0,Route de la Pompadour,48.76982142,2.45890273,08:00:00,2024-01-16
202400035721,11:47,Plein jour,86,86281,1,2,1,3.0,Rue de Maison Bouchet,46.760285,0.17069,11:47:00,2024-04-07
202400035722,06:51,Crépuscule,69,69291,1,1,2,6.0,Route de Corbas,45.64504211,4.89148883,06:51:00,2024-05-16
202400035723,19:33,,94,94022,2,1,1,6.0,Avenue Victor Hugo,48.768908,2.421119,19:33:00,2024-01-16
202400035724,21:10,Crépuscule,94,94017,2,4,1,3.0,Avenue Roger Salengro,48.81888,2.49011,21:10:00,2024-07-21
202400035725,11:00,Plein jour,86,86160,2,1,1,3.0,Boulevard Foulques Nerra,46.788148,0.185035,11:00:00,2024-04-08
202400035726,10:40,Plein jour,974,97411,2,1,1,6.0,VERGER (RUE DU),-20.89746,55.4645,10:40:00,2024-02-22
202400035727,17:30,Plein jour,34,34229,1,1,1,7.0,D907,43.524608,2.743436,17:30:00,2024-04-07
202400035728,16:45,Plein jour,80,80039,2,3,1,3.0,Rue Quinquerue,50.100817,1.446129,16:45:00,2024-05-15
202400035729,02:00,,93,93006,2,1,2,3.0,Rue Jean Lolive,48.86668,2.42845,02:00:00,2024-07-21
202400035730,17:54,Crépuscule,94,94022,2,1,1,6.0,Rue Robert Peary,48.754242,2.412904,17:54:00,2024-01-16
202400035731,18:05,Plein jour,68,68074,1,1,1,7.0,D7bis,47.494038,7.221998,18:05:00,2024-04-08
202400035732,07:00,Crépuscule,38,38561,1,1,1,7.0,D156d,45.2972,5.192628,07:00:00,2024-04-08
202400035733,16:47,Plein jour,59,59387,1,1,1,3.0,Rue Amédée Grivillers,50.285621,3.263351,16:47:00,2024-05-09
202400035734,08:15,Plein jour,94,94022,2,2,1,6.0,Avenue Gambetta / Avenue du 25 Aout 1944,48.763081,2.401731,08:15:00,2024-01-16
202400035735,17:45,Plein jour,93,93046,2,1,1,3.0,MARECHAL LECLERC (AVENUE DU,48.92039371,2.53988743,17:45:00,2024-07-21
202400035736,17:30,Plein jour,974,97411,2,6,2,2.0,MACE (ROUTE GABRIEL),-20.91937,55.49413,17:30:00,2024-02-20
202400035737,20:15,Crépuscule,38,38002,1,1,1,7.0,Route Départementale 281,45.267698,5.994544,20:15:00,2024-04-05
202400035738,16:28,Plein jour,93,93015,2,1,1,7.0,Route du Bois de Bernouille,48.918612,2.57356,16:28:00,2024-07-21
202400035739,08:35,Plein jour,13,13071,1,1,1,3.0,A7-Sens Marseille vers Lyon,43.40608,5.29321,08:35:00,2024-05-15
202400035740,11:50,Plein jour,974,97409,2,1,2,7.0,DE LA GARE(RUE),-20.96167,55.6566,11:50:00,2024-02-25
202400035741,06:20,Crépuscule,94,94011,2,2,8,2.0,Avenue de Boissy / Rue des Sablons,48.7634,2.49385,06:20:00,2024-01-16
202400035742,12:35,Plein jour,01,01058,1,3,1,3.0,D19,45.662842,5.609207,12:35:00,2024-04-06
202400035743,21:15,Crépuscule,93,93057,2,2,1,1.0,Allee de Berlin / Avenue de Rome,48.91511073,2.50103571,21:15:00,2024-07-21
202400035744,22:43,Nuit sans éclairage,13,13215,1,1,3,2.0,A55-Sens Marseille vers Martigues,43.33188505,5.35414144,22:43:00,2024-05-14
202400035745,15:15,Plein jour,974,97407,2,2,1,6.0,ROLLAND EMILE(RUE),-20.9361,55.29266,15:15:00,2024-02-26
202400035746,07:45,Crépuscule,93,93070,2,3,1,6.0,Rue Fructidor / Rue Arago,48.90131367,2.32302837,07:45:00,2024-01-16
202400035747,00:08,,92,92073,2,6,2,6.0,VERDUN (RUE DE),48.87023669,2.22773919,00:08:00,2024-07-21
202400035748,06:00,,58,58095,2,1,1,3.0,Lieu Dit la Levee de Loire,46.828097,3.458585,06:00:00,2024-04-08
202400035749,08:20,Plein jour,69,69266,1,1,1,2.0,Route Départementale 383 ,45.75769465,4.90895763,08:20:00,2024-05-12
202400035750,01:20,,92,92051,2,1,2,7.0,CHARTRES (RUE DE ),48.88022242,2.27952875,01:20:00,2024-07-21
202400035751,13:15,Plein jour,93,93050,2,3,8,3.0,Rue de la Ville de Paris / Rue Aristide Briand,48.87497,2.53041,13:15:00,2024-01-16
202400035752,13:30,Plein jour,974,97407,2,6,8,3.0,COMMUNE DE PARIS (AVENUE),-20.94533,55.29279,13:30:00,2024-02-22
202400035753,08:00,Plein jour,94,94034,1,1,1,3.0,A86,48.75623447,2.33600515,08:00:00,2024-05-15
202400035754,19:30,,93,93050,2,1,1,1.0,Rue Louis Vannini,48.86596,2.5236,19:30:00,2024-01-15
202400035755,20:35,Crépuscule,92,92040,2,4,1,3.0,BOURGAIN (AVENE),48.82245147,2.26804107,20:35:00,2024-07-21
202400035756,18:35,Plein jour,974,97407,2,1,1,6.0,CARPAYE(AVENUE),-20.94577,55.29861,18:35:00,2024-02-19
202400035757,18:05,Plein jour,14,14516,2,2,1,3.0,10 Rue de la Petite Montagne,48.972156,-0.253361,18:05:00,2024-04-07
202400035758,18:40,Plein jour,92,92047,1,1,1,2.0,A13,48.83459228,2.17162733,18:40:00,2024-05-15
202400035759,22:50,,33,33243,2,6,1,6.0,Unknown,44.909276,-0.23634,22:50:00,2024-07-14
202400035760,09:20,Plein jour,973,97302,1,1,9,7.0,GIRATOIRE MARINGOUINS,4.90741,-52.32232,09:20:00,2024-02-28
202400035761,13:30,Plein jour,93,93048,2,1,1,6.0,Avenue Pasteur,48.86565,2.437162,13:30:00,2024-01-16
202400035762,17:30,Plein jour,92,92050,1,1,1,3.0,A86,48.90971626,2.21529483,17:30:00,2024-05-15
202400035763,19:40,,93,93046,2,1,1,6.0,Boulevard Jean Moulin,48.912652,2.514388,19:40:00,2024-01-16
202400035764,18:05,Plein jour,14,14578,1,3,1,3.0,Route de Honfleur,49.34568587,0.19963864,18:05:00,2024-04-07
202400035765,17:15,Plein jour,973,97302,2,1,1,2.0,MONTABO (ROUTE DE) 2,4.93638,-52.2967,17:15:00,2024-02-26
202400035766,12:45,Plein jour,35,35013,1,2,1,1.0,Les Chambots,47.706589,-2.054189,12:45:00,2024-07-21
202400035767,17:50,Plein jour,78,78640,1,1,1,2.0,A86 INT,48.780678,2.178467,17:50:00,2024-05-15
202400035768,13:20,Plein jour,93,93031,2,3,1,6.0,Avenue de la Marne / Avenue Jean Jaurès,48.958319,2.325517,13:20:00,2024-01-16
202400035769,08:20,Plein jour,45,45061,2,6,1,6.0,D240 PR 3 + 760,48.042007,2.74339,08:20:00,2024-04-05
202400035770,09:50,Plein jour,14,14713,1,1,1,7.0,route de caen,49.061199,-0.470814,09:50:00,2024-07-21
202400035771,22:08,Nuit sans éclairage,973,97302,2,1,1,3.0,FELIX EBOUE(ROCADE),4.92753,-52.31922,22:08:00,2024-02-25
202400035772,08:10,,93,93031,2,1,8,6.0,Rue Saint-Marc,48.951931,2.331331,08:10:00,2024-01-16
202400035773,15:25,Plein jour,27,27112,2,9,1,6.0,Rue Victor-Hugo,48.836623,0.913103,15:25:00,2024-04-03
202400035774,10:24,Plein jour,93,93030,2,1,1,6.0,Avenue du Maréchal Leclerc de Hauteclocque,48.94469,2.41644,10:24:00,2024-01-16
202400035775,04:00,Nuit sans éclairage,62,62293,1,1,1,6.0,D108,50.495275,1.966311,04:00:00,2024-07-21
202400035776,12:20,Plein jour,93,93027,1,1,1,4.0,A1,48.93774911,2.41208205,12:20:00,2024-05-15
202400035777,17:30,Plein jour,973,97302,2,3,1,3.0,MONTABO (ROUTE DE) 1,4.94177718,-52.30415136,17:30:00,2024-02-24
202400035778,14:15,Plein jour,87,87028,1,1,1,6.0,Lagemichene,46.212514,0.912176,14:15:00,2024-04-07
202400035779,13:10,Plein jour,93,93008,2,1,1,1.0,Rue Honore d'Estienne d'Orves,48.9085,2.456358,13:10:00,2024-01-16
202400035780,11:40,Plein jour,973,97302,2,1,1,5.0,GALMOT (AVENUE),4.93224524,-52.32729882,11:40:00,2024-02-23
202400035781,03:00,Nuit sans éclairage,24,24386,1,1,1,6.0,1111 Route du Platane,44.637334,1.056828,03:00:00,2024-04-07
202400035782,16:55,Plein jour,74,74281,2,1,1,3.0,CORNICHE (BD DE LA) INFERIEUR N°20,46.37135,6.47241,16:55:00,2024-02-02
202400035783,08:30,Plein jour,17,17408,1,2,1,3.0,D18,45.83617,-0.829918,08:30:00,2024-07-21
202400035784,16:35,Plein jour,45,45073,1,1,1,2.0,A19 PR 40 + 700,48.034335,2.960429,16:35:00,2024-04-08
202400035785,16:40,Plein jour,973,97302,2,1,1,7.0,BADUEL (ROUTE DE),4.93706,-52.31504,16:40:00,2024-02-20
202400035786,22:25,Nuit sans éclairage,974,97412,2,1,1,6.0,344 Route de Jean Petit,-21.339179,55.629741,22:25:00,2024-07-21
202400035787,17:10,Plein jour,69,69244,2,1,1,6.0,12 Avenue Victor Hugo,45.769282,4.787239,17:10:00,2024-04-08
202400035788,01:45,Nuit sans éclairage,13,13047,1,1,1,1.0,RD 569,43.569,4.98755,01:45:00,2024-02-18
202400035789,13:05,Plein jour,69,69386,2,2,1,3.0,Rue Germain,45.76521,4.868,13:05:00,2024-02-28
202400035790,11:00,Plein jour,987,98745,2,1,1,1.0,Tapuamu - face Pari Pari,-16.63557355,-151.49250305,11:00:00,2024-04-07
202400035791,07:32,Nuit sans éclairage,50,50473,2,2,1,3.0,D59,49.139895,-1.005313,07:32:00,2024-02-15
202400035792,10:10,Plein jour,69,69388,2,1,1,6.0,79 Rue Marius Berliet,45.74087894,4.86290412,10:10:00,2024-02-28
202400035793,17:00,Plein jour,974,97416,1,1,1,3.0,AUGUSTIN ARCHAMBAUD(RUE),-21.32384,55.48694,17:00:00,2024-05-13
202400035794,17:20,Plein jour,38,38081,1,1,1,7.0,D518,45.53786125,5.09100035,17:20:00,2024-04-08
202400035795,17:20,Plein jour,972,97207,2,3,1,3.0,Chemin des violettes intersection avec la D04,14.577333,-60.964084,17:20:00,2024-07-20
202400035796,08:10,Plein jour,69,69383,2,1,1,1.0,Cours Lafayette,45.76365,4.86149,08:10:00,2024-02-28
202400035797,07:15,Plein jour,972,97232,1,1,1,1.0,D5,14.542047,-60.864751,07:15:00,2024-07-20
202400035798,12:20,Plein jour,974,97416,2,3,1,3.0,ECHANGEUR (MONT CAPRICE),-21.30707,55.5001,12:20:00,2024-05-13
202400035799,22:15,,69,69383,2,2,1,7.0,253 Rue Vendôme,45.75753,4.8472,22:15:00,2024-02-26
202400035800,05:10,Crépuscule,971,97117,1,1,1,6.0,Néron,16.337808,-61.395271,05:10:00,2024-04-07
202400035801,17:15,Plein jour,974,97411,1,1,1,7.0,montgaillard (route de),-20.89997,55.46667,17:15:00,2024-05-13
202400035802,19:45,Crépuscule,69,69386,2,3,1,1.0,Rue Cuvier,45.76702154,4.84763341,19:45:00,2024-02-20
202400035803,13:00,Plein jour,21,21380,1,1,1,3.0,A6 PK 246+070,47.37986114,4.37906757,13:00:00,2024-07-22
202400035804,16:00,Plein jour,974,97407,2,9,1,6.0,LAUDE E(RUE),-20.9386,55.3004,16:00:00,2024-05-14
202400035805,22:50,,45,45252,2,1,1,6.0,37bis Faubourg de Paris,48.177827,2.251409,22:50:00,2024-04-06
202400035806,08:24,Plein jour,974,97407,2,1,1,6.0,VERDUN (BOULEVARD),-20.94237,55.29237,08:24:00,2024-05-14
202400035807,09:00,Plein jour,06,06034,1,1,1,2.0,210 Route de Grenoble,43.774146,7.215443,09:00:00,2024-07-22
202400035808,10:58,Plein jour,77,77099,2,2,8,3.0,D52,48.151877,2.692171,10:58:00,2024-04-04
202400035809,15:30,Plein jour,974,97407,1,9,1,6.0,SACRE COEUR (RD POINT) -RIV. DES GALETS ,-20.9582,55.318,15:30:00,2024-05-13
202400035810,04:20,Nuit sans éclairage,971,97132,1,1,1,6.0,Sapotille,15.981169,-61.626145,04:20:00,2024-07-20
202400035811,16:00,Plein jour,88,88178,2,1,1,1.0,29 Route de Darney,48.172115,6.387863,16:00:00,2024-04-07
202400035812,07:32,Plein jour,973,97302,2,1,2,3.0,BADUEL (ROUTE DE),4.93429,-52.31106,07:32:00,2024-05-14
202400035813,21:00,Plein jour,51,51196,2,1,1,7.0,D10,48.989939,3.984226,21:00:00,2024-07-21
202400035814,18:40,Plein jour,03,03290,1,1,1,1.0,2 Route de Bellefontaine,46.618767,3.339007,18:40:00,2024-04-08
202400035815,15:20,Plein jour,19,19072,1,1,7,7.0,D170,45.206821,1.517873,15:20:00,2024-07-20
202400035816,14:50,Plein jour,973,97302,2,1,3,7.0,DE GAULLE (AVENUE),4.93888,-52.33144,14:50:00,2024-05-13
202400035817,19:05,Plein jour,63,63141,1,5,1,3.0,RD941 route de la baraque / Bd Paul Cézanne,45.7858847,3.0501008,19:05:00,2024-04-06
202400035818,11:10,Plein jour,76,76171,1,1,1,7.0,D13,49.515931,1.437235,11:10:00,2024-07-21
202400035819,04:30,Nuit sans éclairage,26,26307,1,1,1,7.0,Route de Rochechinard,45.019942,5.277657,04:30:00,2024-04-07
202400035820,12:25,Plein jour,973,97302,2,3,2,3.0,BADUEL (ROUTE DE),4.93877,-52.31763,12:25:00,2024-05-13
202400035821,13:05,Plein jour,79,79213,2,1,1,2.0,Unknown,46.634653,-0.245047,13:05:00,2024-07-20
202400035822,19:30,Plein jour,69,69388,2,1,2,4.0,Boulevard des Etats-Unis,45.73833483,4.8604686,19:30:00,2024-05-14
202400035823,12:15,Plein jour,69,69045,1,1,1,6.0,3215 Route des Saint-Étienne,46.09611118,4.71210269,12:15:00,2024-04-07
202400035824,20:05,Crépuscule,2A,2A271,1,1,1,3.0,Gare de Mezzana,41.979798,8.83381,20:05:00,2024-07-19
202400035825,10:35,Plein jour,972,97209,1,3,1,3.0,MARTIN LUTHER KING (RUE),14.60731,-61.07504,10:35:00,2024-05-14
202400035826,07:42,Plein jour,69,69148,1,1,1,1.0,Route des 7 Chemins,45.657413,4.742264,07:42:00,2024-04-08
202400035827,14:40,Plein jour,41,41044,1,1,1,7.0,"A85, PK 196.700",47.295065,1.918058,14:40:00,2024-07-20
202400035828,09:30,Plein jour,50,50288,1,1,1,5.0,D973,48.709824,-1.383403,09:30:00,2024-04-08
202400035829,07:15,Plein jour,972,97209,2,1,1,4.0,SOLEIL LEVANT (BOULEVARD DU),14.61587,-61.03931,07:15:00,2024-05-14
202400035830,08:25,Plein jour,50,50356,1,1,1,1.0,D254,49.205878,-1.057853,08:25:00,2024-04-08
202400035831,09:15,Plein jour,69,69382,2,3,1,3.0,82 Quai Perrache,45.73489,4.81866,09:15:00,2024-05-14
202400035832,01:00,Nuit sans éclairage,32,32402,1,1,1,6.0,D 132 - PK 006+680,43.78611,0.384908,01:00:00,2024-07-22
202400035833,16:55,Plein jour,14,14646,1,2,1,3.0,Route d'Epaney,48.929908,-0.205039,16:55:00,2024-04-03
202400035834,18:00,Plein jour,971,97120,2,1,1,6.0,HANNE (BOULEVARD),16.23972,-61.53158,18:00:00,2024-05-13
202400035835,17:45,Plein jour,63,63381,1,1,1,6.0,D943 - PK 24+500,45.85536922,2.90637918,17:45:00,2024-07-22
202400035836,14:20,Plein jour,76,76614,1,3,1,3.0,D982,49.446505,0.983974,14:20:00,2024-04-07
202400035837,15:30,Plein jour,63,63006,1,1,8,7.0,D721,45.359315,2.996741,15:30:00,2024-07-21
202400035838,15:15,Plein jour,971,97101,2,3,1,1.0,Rue Hubert FAROUIL,16.27028415,-61.49804235,15:15:00,2024-05-13
202400035839,17:15,Plein jour,63,63319,1,1,8,7.0,D996,45.520353,3.868185,17:15:00,2024-07-21
202400035840,13:10,Plein jour,76,76503,1,2,1,3.0,Route d'Eslettes,49.544426,1.020634,13:10:00,2024-04-07
202400035841,04:40,,971,97101,1,1,1,2.0,RN1 ROCADE DE CHAUVEL,16.23985123,-61.52277231,04:40:00,2024-05-12
202400035842,14:00,Plein jour,80,80313,1,1,1,5.0,A1,49.910805,2.850373,14:00:00,2024-04-08
202400035843,07:30,Plein jour,63,63229,2,2,1,3.0,Carrefour du chemin de Charliat et de la route de BIllom,45.776271,3.357498,07:30:00,2024-07-22
202400035844,15:20,Plein jour,59,59481,2,1,1,6.0,Chemin de Ghissignies,50.244773,3.64104,15:20:00,2024-04-07
202400035845,23:10,Nuit avec éclairage,61,61168,2,1,1,6.0,Parking La Ferté Plage,48.590348,-0.367924,23:10:00,2024-07-20
202400035846,12:37,Plein jour,13,13213,1,1,1,2.0,A507 sens Aubagne- Marseille,43.32,5.41,12:37:00,2024-04-05
202400035847,05:05,Crépuscule,61,61508,2,1,1,6.0,D979,48.941639,0.196729,05:05:00,2024-07-18
202400035848,23:14,Nuit sans éclairage,13,13216,1,9,1,2.0,A55-Sens Marseille vers Martigues,43.35921,5.34328,23:14:00,2024-04-05
202400035849,19:00,Plein jour,47,47081,2,1,3,6.0,280 route de Pech de Plat,44.377912,0.572221,19:00:00,2024-07-21
202400035850,18:25,Plein jour,80,80021,2,1,1,6.0,Rue Léo Lagrange,49.910591,2.310228,18:25:00,2024-08-26
202400035851,21:20,Nuit sans éclairage,13,13216,1,1,1,6.0,A55-Sens Marseille vers Martigues,43.35744,5.34543,21:20:00,2024-04-05
202400035852,14:40,Plein jour,86,86281,2,1,1,2.0,Route d'Etables,46.698403,0.204061,14:40:00,2024-07-15
202400035853,16:22,Plein jour,91,91689,1,1,1,2.0,AUTOROUTE A6,48.74023724,2.31816101,16:22:00,2024-04-07
202400035854,00:55,,79,79191,2,6,1,6.0,Unknown,46.33493,-0.47253,00:55:00,2024-08-28
202400035855,15:05,Plein jour,22,22194,2,1,1,3.0,Rue de Ker Izella,48.666492,-3.59858,15:05:00,2024-07-21
202400035856,22:16,Nuit sans éclairage,94,94003,1,1,1,2.0,AUTOROUTE A6B,48.80065055,2.34352114,22:16:00,2024-04-06
202400035857,17:20,Plein jour,29,29150,1,1,2,6.0,Hent Ar Mor,47.8012841,-3.71504158,17:20:00,2024-07-20
202400035858,18:00,Plein jour,78,78005,1,3,1,1.0,RD 30,48.978456,2.082539,18:00:00,2024-08-28
202400035859,11:30,Plein jour,94,94034,1,1,1,2.0,A86,48.75762305,2.32812012,11:30:00,2024-04-06
202400035860,19:10,Plein jour,29,29069,1,1,2,3.0,route de Saint-PIerre,48.40551208,-4.5514821,19:10:00,2024-07-20
202400035861,01:25,Nuit sans éclairage,91,91549,1,1,1,6.0,RN 104,48.62648,2.35042,01:25:00,2024-04-06
202400035862,22:13,Nuit sans éclairage,77,77152,2,6,1,3.0,JAURES(AVENUE JEAN),48.52503,2.64281,22:13:00,2024-08-27
202400035863,17:55,Plein jour,01,01348,2,1,1,3.0,Route de Bourg,46.176851,4.818814,17:55:00,2024-07-19
202400035864,19:15,Crépuscule,75,75120,1,1,2,4.0,A3,48.86637098,2.42310762,19:15:00,2024-04-07
202400035865,19:00,Plein jour,77,77335,1,1,1,3.0,RN3 (ROUTE NATIONALE),48.95862,2.83847,19:00:00,2024-08-28
202400035866,14:20,Plein jour,01,01373,1,1,1,1.0,2 Grande Rue,46.143968,5.556357,14:20:00,2024-07-22
202400035867,16:25,Plein jour,66,66205,1,1,1,6.0,D9,42.807508,2.71902,16:25:00,2024-07-21
202400035868,14:05,Plein jour,77,77243,2,3,1,3.0,GENERAL LECLERC  (AVENUE DU),48.8729,2.68693,14:05:00,2024-08-28
202400035869,21:00,Plein jour,66,66053,1,1,1,1.0,Unknown,42.522826,3.065926,21:00:00,2024-07-21
202400035870,00:20,,76,76351,2,2,1,3.0,PAUL SOUDAY,49.49414,0.11652,00:20:00,2024-08-25
202400035871,18:00,Plein jour,50,50326,1,1,1,6.0,Route de l?Airou,48.849778,-1.349087,18:00:00,2024-07-21
202400035872,11:35,Plein jour,71,71270,2,1,1,3.0,LYON (ROUTE DE),46.28553,4.80896,11:35:00,2024-08-28
202400035873,19:35,Plein jour,50,50487,1,1,1,6.0,Boulevard Willy Stein,48.528713,-1.339045,19:35:00,2024-07-21
202400035874,17:20,Plein jour,69,69266,2,1,1,3.0,88 Rue Château Gaillard,45.77528,4.88717,17:20:00,2024-07-18
202400035875,13:19,Plein jour,69,69091,2,1,1,3.0,Rue Victor Hugo,45.58780025,4.7711411,13:19:00,2024-08-28
202400035876,17:00,Plein jour,60,60560,1,2,1,3.0,D1324,49.223399,2.73963,17:00:00,2024-07-22
202400035877,13:00,Plein jour,10,10035,2,1,1,6.0,Rue de la Belle Verriere,48.1996,4.777,13:00:00,2024-07-21
202400035878,12:00,Plein jour,68,68256,1,1,1,3.0,AUTOROUTE A 36,47.75986175,7.31078936,12:00:00,2024-08-28