Num_Acc,hrmn,lum,dep,com,agg,int,atm,col,adr,lat,long,heure,date
202400035879,17:00,Plein jour,07,07265,1,1,1,7.0,Route du Ternay,45.289984,4.639964,17:00:00,2024-07-21
202400035880,16:30,Plein jour,66,66136,1,1,1,2.0,Départementale  617,42.70955,2.97056,16:30:00,2024-08-27
202400035881,17:15,Plein jour,64,64445,2,1,1,6.0,PAIX,43.31285,-0.34554,17:15:00,2024-08-27
202400035882,15:25,Plein jour,07,07157,1,1,1,6.0,D86,44.61915,4.736137,15:25:00,2024-07-17
202400035883,18:00,Plein jour,64,64122,2,1,1,7.0,CASCAIS (BD DE),43.47669,-1.54935,18:00:00,2024-08-26
202400035884,17:13,Plein jour,21,21150,1,1,1,7.0,Chassagne-Montrachet,46.943363,4.726406,17:13:00,2024-07-20
202400035885,18:58,Plein jour,64,64024,2,6,1,3.0,BAB (Boulevard),43.49709,-1.50856,18:58:00,2024-08-28
202400035886,18:30,Plein jour,04,04094,1,1,1,1.0,D8 - route de Valensole,43.780343,5.909572,18:30:00,2024-07-21
202400035887,11:38,Plein jour,52,52014,1,1,1,7.0,D141d,47.78196219,5.21966462,11:38:00,2024-07-22
202400035888,16:15,Plein jour,63,63113,2,3,1,3.0,Dolet / Desdevises du Dezert,45.76574855,3.08655068,16:15:00,2024-08-28
202400035889,14:45,Plein jour,52,52332,1,1,1,7.0,D240,47.954956,5.500481,14:45:00,2024-07-19
202400035890,15:23,Plein jour,59,59421,2,1,1,3.0,ALBERT EINSTEIN,50.71768,3.14125,15:23:00,2024-08-28
202400035891,10:20,Plein jour,59,59650,2,1,7,6.0,DELORY (RUE GUSTAVE),50.70247,3.21542,10:20:00,2024-08-28
202400035892,13:15,Plein jour,88,88065,1,1,1,2.0,route départementale 56,48.091747,6.063541,13:15:00,2024-07-21
202400035893,18:55,Plein jour,59,59343,2,1,7,1.0,BRIZON PIERRE RUE,50.59534,3.12596,18:55:00,2024-08-28
202400035894,17:30,Plein jour,58,58194,2,1,1,7.0,DOCTEUR ROCHE,46.99565,3.15969,17:30:00,2024-08-19
202400035895,14:20,Plein jour,49,49022,1,1,1,3.0,A87  PK 10,47.3287063,-0.60317868,14:20:00,2024-07-21
202400035896,07:00,Plein jour,988,98805,1,1,7,7.0,VE2,-22.193023,166.443869,07:00:00,2024-07-22
202400035897,17:30,Plein jour,57,57666,2,1,1,1.0,Avenue du 14 Juillet 1789,49.348,6.12702,17:30:00,2024-08-26
202400035898,23:34,,56,56121,2,1,1,3.0,Rue de Belgique,47.7584,-3.37688,23:34:00,2024-08-27
202400035899,06:35,Crépuscule,63,63164,1,9,1,6.0,A 71,45.841298,3.161402,06:35:00,2024-07-22
202400035900,16:02,Plein jour,56,56121,2,6,1,2.0,Boulevard Flandres-Dunkerque 1940,47.7445194,-3.3954992,16:02:00,2024-08-27
202400035901,12:20,Plein jour,51,51058,2,1,1,7.0,LOUIS VICTOR DE BROGLIE,49.21824,3.99657,12:20:00,2024-08-28
202400035902,19:30,Plein jour,83,83061,1,1,1,2.0,A8 pk 133.500 nord,43.473228,6.740198,19:30:00,2024-07-22
202400035903,21:30,,51,51454,2,1,1,6.0,TILLEULS (ALLEE DES),49.24214,4.0348,21:30:00,2024-08-27
202400035904,23:55,Nuit sans éclairage,69,69228,1,1,1,6.0,Route de Saint-Sorlin,45.610784,4.615915,23:55:00,2024-07-21
202400035905,16:35,Plein jour,50,50129,2,1,1,2.0,BREMERHAVEN (AVENUE DE),49.63101,-1.60629,16:35:00,2024-08-27
202400035906,06:15,Plein jour,11,11040,1,1,7,6.0,A61 PK 363.100 sens Toulouse/Narbonne,43.156483,2.860265,06:15:00,2024-07-22
202400035907,23:15,,45,45234,2,1,1,7.0,23 Rue du Paradis,47.916655,1.940662,23:15:00,2024-08-28
202400035908,06:40,Plein jour,971,97103,1,1,1,2.0,RN2 Face au Vélodrome,16.251238,-61.592585,06:40:00,2024-07-19
202400035909,13:15,Plein jour,45,45234,2,1,1,6.0,13 Rue des Sonnettes,47.911276,1.936435,13:15:00,2024-08-28
202400035910,10:20,Plein jour,45,45147,2,1,1,4.0,102 Boulevard de Lamballe,47.92884,1.9201,10:20:00,2024-08-28
202400035911,08:50,Plein jour,976,97605,1,1,1,1.0,route de chiconi,-12.823466,45.112747,08:50:00,2024-07-08
202400035912,20:10,Plein jour,44,44135,2,9,2,7.0,45 Rue de la Gare,47.2806,-2.43095,20:10:00,2024-08-23
202400035913,05:50,Nuit sans éclairage,42,42095,2,1,1,1.0,Rue de la Tour de Varan,45.39239,4.28602,05:50:00,2024-08-28
202400035914,05:50,Crépuscule,987,98725,2,6,1,3.0,Rond point funua incendie,-17.511254,-149.500076,05:50:00,2024-07-22
202400035915,22:35,Nuit sans éclairage,13,13064,2,1,1,1.0,Avenue des Paluds,43.806218,4.938816,22:35:00,2024-07-21
202400035916,18:30,Plein jour,37,37261,2,1,1,3.0,HEURTELOUP (BOULEVARD),47.3916735,0.69836122,18:30:00,2024-08-28
202400035917,11:25,Plein jour,68,68016,1,1,1,7.0,D18b,47.929866,7.506559,11:25:00,2024-07-20
202400035918,02:30,,37,37233,2,3,1,6.0,MONTEIL (RUE HIPPOLYTE),47.37917,0.72197,02:30:00,2024-08-28
202400035919,11:00,Plein jour,37,37214,2,1,1,6.0,CHEVREUIL (RUE EUGENE),47.4262,0.66302,11:00:00,2024-08-27
202400035920,18:05,Plein jour,55,55306,1,1,1,7.0,D110,49.43853799,5.34413809,18:05:00,2024-07-22
202400035921,13:28,Plein jour,31,31555,2,2,1,3.0,NARBONNE (ROUTE DE),43.55709,1.46533,13:28:00,2024-08-28
202400035922,13:10,Plein jour,57,57669,2,4,1,1.0,Rue de Folkling,49.131159,6.888674,13:10:00,2024-07-22
202400035923,18:10,Plein jour,29,29151,1,1,1,2.0,RN12,48.5953886,-3.83197213,18:10:00,2024-08-28
202400035924,10:05,Plein jour,27,27375,2,1,1,6.0,MASSACRE (RUE),49.21141,1.15807,10:05:00,2024-08-06
202400035925,13:15,Plein jour,73,73054,1,1,1,1.0,D902,45.668622,6.773951,13:15:00,2024-07-22
202400035926,20:00,Plein jour,38,38451,2,1,1,6.0,Rue du Girondan,45.759402,5.226408,20:00:00,2024-07-21
202400035927,18:38,Plein jour,17,17461,2,1,1,6.0,ROCHE (DE LA),45.649099,-1.04659,18:38:00,2024-08-28
202400035928,10:54,Plein jour,14,14366,2,1,1,7.0,24 Chemin de la Galoterie,49.14402,0.26384,10:54:00,2024-08-28
202400035929,16:15,Plein jour,69,69179,2,4,1,3.0,Route des Varennes,45.609002,4.727699,16:15:00,2024-07-19
202400035930,18:00,Plein jour,81,81251,1,9,2,7.0,En Brugassou,43.549225,2.060559,18:00:00,2024-07-21
202400035931,20:05,Plein jour,14,14215,2,3,1,3.0,1 Rue de Sannerville,49.19265887,-0.26327223,20:05:00,2024-08-27
202400035932,10:25,Plein jour,81,81039,2,1,8,6.0,4 Avenue Abel Rolland,43.751362,1.908204,10:25:00,2024-07-21
202400035933,00:27,,13,13204,2,1,1,6.0,FRANÇOISE DUPARC (BOULEVARD),43.29989,5.40173,00:27:00,2024-08-29
202400035934,08:40,Plein jour,65,65145,1,1,8,7.0,RD 921,42.934382,-0.047867,08:40:00,2024-07-21
202400035935,03:00,,13,13215,2,9,1,1.0,CAP PINEDE (Avenue),43.3282,5.36375,03:00:00,2024-08-27
202400035936,15:50,Plein jour,79,79201,1,1,7,1.0,Unknown,46.422491,-0.041263,15:50:00,2024-07-18
202400035937,18:35,Plein jour,13,13005,1,1,1,3.0,RN 396 (ROUTE NATIONALE),43.3087,5.60806,18:35:00,2024-08-28
202400035938,17:20,Plein jour,29,29032,1,1,1,1.0,D34,47.89704928,-4.08556541,17:20:00,2024-07-21
202400035939,19:35,Plein jour,11,11069,2,1,1,3.0,Unknown,43.204117,2.3866436,19:35:00,2024-08-28
202400035940,11:10,Plein jour,22,22045,1,9,1,3.0,D7,48.465907,-2.948263,11:10:00,2024-07-21
202400035941,20:30,Crépuscule,62,62543,2,1,1,6.0,D157,50.63487845,2.2966051,20:30:00,2024-07-20
202400035942,09:05,Plein jour,11,11069,2,3,1,3.0,59 Rue Voltaire,43.21109,2.34962,09:05:00,2024-08-27
202400035943,16:55,Plein jour,13,13203,1,1,1,7.0,A557-Liaison A7 Marseille-A55 Marseille,43.31843,5.36815,16:55:00,2024-07-21
202400035944,12:00,Plein jour,11,11069,2,9,1,2.0,Unknown,43.22601,2.32851,12:00:00,2024-08-26
202400035945,12:50,Plein jour,07,07281,1,1,1,7.0,C.D. 287 (VERS ST ROMAIN DE LERPS),44.95209,4.82109,12:50:00,2024-08-28
202400035946,05:34,Nuit sans éclairage,33,33096,1,1,2,2.0,Unknown,44.8969265,-0.4961402,05:34:00,2024-07-21
202400035947,07:35,Plein jour,06,06027,2,9,1,3.0,3 Avenue de Cannes,43.65382,7.1473,07:35:00,2024-08-28
202400035948,16:00,Plein jour,91,91689,1,1,1,3.0,AUTOROUTE A6B,48.74373,2.32368,16:00:00,2024-07-21
202400035949,17:35,Plein jour,75,75114,2,1,1,5.0,BD PERIPHERIQUE INTERIEUR,48.820099,2.325741,17:35:00,2024-08-27
202400035950,16:30,Plein jour,75,75112,2,1,1,2.0,BD PERIPHERIQUE EXTERIEUR,48.830171,2.402188,16:30:00,2024-08-26
202400035951,23:27,Nuit sans éclairage,94,94038,1,1,1,2.0,A6B,48.77283937,2.34531721,23:27:00,2024-07-20
202400035952,02:00,,75,75120,2,2,1,6.0,BOULEVARD DE MENILMONTANT,48.862961,2.38717,02:00:00,2024-08-28
202400035953,13:25,Plein jour,75,75119,2,2,1,7.0,RUE BOTZARIS,48.877694,2.381288,13:25:00,2024-08-28
202400035954,21:20,Crépuscule,91,91471,1,1,1,7.0,RN 118,48.70008632,2.19252884,21:20:00,2024-07-20
202400035955,11:00,Plein jour,75,75113,2,2,1,6.0,AVENUE DE LA PORTE D ITALIE,48.819152,2.359455,11:00:00,2024-08-28
202400035956,08:20,Plein jour,92,92063,1,1,8,6.0,A86,48.87235454,2.1566788,08:20:00,2024-07-21
202400035957,16:15,Plein jour,75,75111,2,2,1,3.0,BOULEVARD RICHARD LENOIR,48.866326,2.368937,16:15:00,2024-08-28
202400035958,22:00,,92,92050,1,1,1,3.0,A14,48.90003871,2.21071229,22:00:00,2024-07-20
202400035959,19:50,Plein jour,75,75103,2,1,1,3.0,BOULEVARD SAINT MARTIN,48.86869,2.357486,19:50:00,2024-08-28
202400035960,21:50,Nuit sans éclairage,78,78217,1,1,1,6.0,A13,48.96535,1.80899,21:50:00,2024-07-19
202400035961,15:40,Plein jour,75,75110,2,7,1,3.0,PLACE DU COLONEL FABIEN,48.877724,2.370094,15:40:00,2024-08-28
202400035962,20:00,Plein jour,95,95641,1,1,1,6.0,A1,49.06499621,2.55266941,20:00:00,2024-07-21
202400035963,13:10,Plein jour,75,75108,2,2,1,1.0,RUE DE LA PEPINIERE,48.8752,2.32389,13:10:00,2024-08-28
202400035964,14:00,Plein jour,93,93013,1,1,2,4.0,AUTOROUTE A1,48.94050977,2.42392812,14:00:00,2024-07-21
202400035965,04:05,,75,75104,2,7,1,3.0,PLACE DE LA BASTILLE,48.852982,2.36862,04:05:00,2024-08-28
202400035966,12:30,Plein jour,93,93005,1,1,1,7.0,AUTOROUTE A3,48.95598293,2.47342937,12:30:00,2024-07-21
202400035967,15:50,Plein jour,94,94081,2,1,1,3.0,Avenue du Colonel Fabien,48.781473,2.381971,15:50:00,2024-08-27
202400035968,10:40,Plein jour,93,93066,1,1,1,2.0,AUTOROUTE A1,48.91030991,2.35797606,10:40:00,2024-07-21
202400035969,07:05,Plein jour,95,95582,1,1,1,6.0,A115,48.97595969,2.24215631,07:05:00,2024-07-21
202400035970,19:30,Plein jour,94,94041,2,1,1,1.0,Avenue Georges Gosnat,48.81506215,2.39148726,19:30:00,2024-08-28
202400035971,10:00,Plein jour,94,94065,1,1,1,2.0,N186B,48.75384,2.36577,10:00:00,2024-08-28
202400035972,23:20,Nuit avec éclairage,93,93066,1,1,1,2.0,AUTOROUTE A1,48.93395618,2.38339584,23:20:00,2024-07-20
202400035973,13:25,Plein jour,94,94017,2,1,1,2.0,Rue Diderot,48.81364743,2.48565745,13:25:00,2024-08-27
202400035974,17:10,Plein jour,93,93013,1,1,1,2.0,AUTOROUTE A1,48.94076741,2.42507543,17:10:00,2024-07-20
202400035975,20:10,Plein jour,94,94004,2,3,1,3.0,Allée des F.f.i.,48.75448,2.50612,20:10:00,2024-08-28
202400035976,13:35,Plein jour,95,95018,1,1,1,3.0,A15,48.95921809,2.27331352,13:35:00,2024-07-20
202400035977,06:30,Crépuscule,94,94011,2,3,1,3.0,Avenue de Boissy,48.763959,2.493239,06:30:00,2024-08-28
202400035978,18:00,Plein jour,93,93066,1,1,1,4.0,AUTOROUTE A1,48.93382508,2.38399565,18:00:00,2024-07-19
202400035979,18:11,Plein jour,93,93066,2,1,1,2.0,Rue Charles Baudelaire,48.9416422,2.35800551,18:11:00,2024-08-28
202400035980,01:30,Nuit sans éclairage,77,77249,1,1,2,2.0,RN104,48.753753,2.614867,01:30:00,2024-07-21
202400035981,16:40,Plein jour,93,93064,2,9,7,3.0,Avenue du Général de Gaulle / Boulevard Gabriel Péri,48.87744026,2.47991946,16:40:00,2024-08-27
202400035982,20:20,Plein jour,94,94069,1,1,1,7.0,A4,48.81650485,2.45252483,20:20:00,2024-07-20
202400035983,16:20,Plein jour,77,77258,1,1,1,2.0,A4.W,48.831701,2.645724,16:20:00,2024-07-19
202400035984,13:40,Plein jour,93,93027,2,3,1,3.0,Impasse Bloch Praeger / Avenue Paul Vaillant-Couturier,48.92723174,2.41740704,13:40:00,2024-08-28
202400035985,14:45,Plein jour,92,92022,2,1,1,6.0,HUIT-BOUTEILLES (ROUTE DES),48.80441,2.1889,14:45:00,2024-08-27
202400035986,07:44,Plein jour,45,45291,1,1,1,1.0,D940 PR 16 + 116,47.674404,2.637105,07:44:00,2024-04-19
202400035987,18:50,Plein jour,92,92050,2,1,1,6.0,SADI CARNOT RUE,48.88742206,2.20717818,18:50:00,2024-08-28
202400035988,15:45,Plein jour,74,74256,1,1,1,7.0,Route de megève,45.932091,6.63065,15:45:00,2024-05-20
202400035989,08:55,Plein jour,92,92049,2,1,1,3.0,PERI RUE GABRIEL N°37 A 99,48.81893239,2.31694901,08:55:00,2024-08-28
202400035990,22:10,Nuit sans éclairage,74,74256,1,1,3,5.0,Route de megève,45.922573,6.635544,22:10:00,2024-05-19
202400035991,09:30,Plein jour,92,92040,2,1,1,6.0,PDT ROOSEVELT (QUAI DU),48.83244544,2.26319768,09:30:00,2024-08-28
202400035992,13:00,Plein jour,74,74298,2,1,1,2.0,LIVRON (ROUTE DE),46.19047,6.25112,13:00:00,2024-05-18
202400035993,23:00,,92,92036,2,1,1,6.0,GRESILLONS (QUAI DES),48.92063164,2.32429314,23:00:00,2024-08-27
202400035994,11:15,Plein jour,74,74305,2,9,1,3.0,DEUX MONTAGNES AU QUEBEC (RUE),46.20699,6.2795,11:15:00,2024-05-18
202400035995,23:00,,92,92025,2,2,1,3.0,GABRIEL PERI (RUE),48.91453024,2.22917694,23:00:00,2024-08-28
202400035996,18:00,Plein jour,74,74012,2,9,1,3.0,FERRY (AVENUE JULES),46.19309,6.2375,18:00:00,2024-05-17
202400035997,17:40,Plein jour,68,68315,2,4,1,2.0,47 Route de Guebwiller,47.892809,7.225893,17:40:00,2024-08-28
202400035998,16:20,Plein jour,74,74267,2,1,1,2.0,2521 Route d'albertville,45.86128,6.141567,16:20:00,2024-05-17
202400035999,22:15,Nuit sans éclairage,30,30209,1,1,1,7.0,Unknown,44.012231,4.750278,22:15:00,2024-08-28
202400036000,09:15,Plein jour,74,74275,1,1,1,1.0,D909a,45.80514,6.231823,09:15:00,2024-05-14
202400036001,18:55,Plein jour,51,51210,2,1,1,7.0,Rue de Cumieres,49.065712,3.96365,18:55:00,2024-08-29
202400036002,23:05,Nuit sans éclairage,74,74104,1,1,1,3.0,Unknown,45.773188,6.239097,23:05:00,2024-05-11
202400036003,10:20,Plein jour,76,76755,2,1,1,6.0,Route de Fecamp,49.694172,0.533499,10:20:00,2024-08-28
202400036004,15:35,Plein jour,74,74032,1,4,1,2.0,Route de Thonon,46.266124,6.536989,15:35:00,2024-05-11
202400036005,14:25,Plein jour,76,76648,1,1,1,7.0,D1029,49.658294,1.256111,14:25:00,2024-08-28
202400036006,16:10,Plein jour,76,76152,1,1,1,7.0,D6,49.584403,1.222326,16:10:00,2024-08-29
202400036007,14:27,Plein jour,74,74233,1,9,1,3.0,Unknown,45.808783,5.982994,14:27:00,2024-05-11
202400036008,14:20,Plein jour,65,65025,2,1,1,2.0,34 Avenue des Pyrénées,43.005416,-0.098727,14:20:00,2024-08-27
202400036009,21:30,Nuit sans éclairage,71,71014,1,1,1,6.0,Rte de la Chicolle et de Montjeu,46.932164,4.296824,21:30:00,2024-08-28
202400036010,00:08,,92,92025,2,2,1,3.0,CHARLES DE GAULLE (BD),48.91183993,2.23269403,00:08:00,2024-07-20
202400036011,17:29,Plein jour,92,92073,2,1,1,6.0,RATRAIT (RUE DU),48.87647285,2.23077877,17:29:00,2024-07-19
202400036012,17:00,Plein jour,22,22166,2,1,1,7.0,Bugueles,48.837177,-3.278246,17:00:00,2024-08-13
202400036013,07:30,Plein jour,22,22004,2,1,1,6.0,rue Gwenn,48.634281,-3.318405,07:30:00,2024-08-27
202400036014,23:17,,44,44190,2,6,8,6.0,Rue Pierre Bérégovoy,47.20579174,-1.49718243,23:17:00,2024-07-11
202400036015,21:00,Nuit sans éclairage,39,39576,1,1,1,7.0,Unknown,46.605111,5.478562,21:00:00,2024-08-28
202400036016,03:10,,974,97411,2,1,1,7.0,JAURES (BLD 1 JEAN),-20.89367,55.4703,03:10:00,2024-07-20
202400036017,01:35,,973,97302,2,6,1,7.0,PETIT MONACO (ROND-POINT),4.94126714,-52.32130641,01:35:00,2024-07-20
202400036018,18:25,Plein jour,29,29037,2,6,1,3.0,D44,47.88434837,-4.15675775,18:25:00,2024-08-28
202400036019,12:20,Plein jour,971,97113,1,1,1,6.0,SECTEUR DAMPIERRE,16.20452,-61.47146,12:20:00,2024-07-20
202400036020,14:50,Plein jour,31,31145,1,1,1,2.0,D820,43.289889,1.536627,14:50:00,2024-08-27
202400036021,20:00,Plein jour,2A,2A004,2,3,1,3.0,GEORGES POMPIDOU AVENUE,41.91917,8.73693,20:00:00,2024-07-20
202400036022,13:30,Plein jour,95,95585,2,1,1,2.0,D209,48.98614,2.38872,13:30:00,2024-07-20
202400036023,12:30,Plein jour,02,02073,2,1,1,3.0,pk95+895,49.394888,3.903993,12:30:00,2024-08-28
202400036024,23:40,Nuit sans éclairage,72,72234,1,1,1,6.0,D5,48.19305776,-0.01667588,23:40:00,2024-08-25
202400036025,22:00,,95,95539,2,2,1,3.0,D125,48.99148634,2.36058728,22:00:00,2024-07-19
202400036026,15:45,Plein jour,14,14318,2,2,1,6.0,Route d'Arromanches,49.337122,-0.478115,15:45:00,2024-08-28
202400036027,02:30,Nuit sans éclairage,95,95252,2,6,1,6.0,D403,48.98429,2.23661,02:30:00,2024-07-20
202400036028,16:00,Plein jour,05,05124,1,3,1,3.0,Route de Briançon,44.57771,6.132474,16:00:00,2024-08-29
202400036029,18:50,Plein jour,85,85194,2,2,7,1.0,Avenue rené coty,46.4915,-1.75679,18:50:00,2024-07-19
202400036030,17:51,Plein jour,05,05054,1,1,1,3.0,20 Route de Gap,44.670858,6.07618,17:51:00,2024-08-28
202400036031,14:35,Plein jour,45,45224,2,6,1,1.0,D5 PR 30 + 766,48.070036,2.068056,14:35:00,2024-04-03
202400036032,19:25,Plein jour,84,84087,1,6,1,3.0,ALLEMAGNE (RUE D'),44.11871,4.83747,19:25:00,2024-07-20
202400036033,09:50,Plein jour,83,83137,2,4,1,1.0,MARCEAU (AVE),43.12637,5.95149,09:50:00,2024-07-20
202400036034,12:25,Plein jour,73,73240,2,4,1,3.0,D20 Route des plattières,45.482224,6.066352,12:25:00,2024-08-29
202400036035,09:00,Plein jour,82,82121,2,1,1,1.0,route de bordeaux,44.05028221,1.29654157,09:00:00,2024-07-19
202400036036,16:21,Plein jour,73,73164,1,3,1,3.0,D913 Parking de Crolles,45.68052,5.997967,16:21:00,2024-08-29
202400036037,17:30,Plein jour,10,10351,1,1,1,1.0,D442,48.430176,3.682051,17:30:00,2024-08-28
202400036038,22:00,,78,78498,2,4,1,3.0,GARE ROUTIERE,48.93313,2.03883,22:00:00,2024-07-20
202400036039,11:00,Plein jour,07,07301,1,1,1,7.0,Route de Lamastre,45.076123,4.67052,11:00:00,2024-08-28
202400036040,13:00,Plein jour,24,24095,1,1,1,1.0,Nationale 21,45.493774,0.946283,13:00:00,2024-08-26
202400036041,14:50,Plein jour,76,76540,2,1,7,3.0,N31,49.43625,1.13635,14:50:00,2024-07-19
202400036042,08:48,Plein jour,27,27284,2,1,7,6.0,Rue de Vienne,49.279841,1.775386,08:48:00,2024-08-28
202400036043,19:40,Plein jour,72,72181,2,1,1,3.0,JAURES JEAN (AV) N° IMP 35 A 179,47.98908,0.20829,19:40:00,2024-07-20
202400036044,11:10,Plein jour,69,69199,2,9,1,3.0,Autoroute 7,45.69403777,4.84290024,11:10:00,2024-07-20
202400036045,17:21,Plein jour,27,27002,1,2,1,3.0,RN12,48.773922,1.115633,17:21:00,2024-08-28
202400036046,22:37,Nuit avec éclairage,68,68166,1,2,1,1.0,RD 430,47.781375,7.329777,22:37:00,2024-07-19
202400036047,13:45,Plein jour,974,97418,2,9,1,6.0,N 2002 RUE DE LA FRATERNITÉ,-20.89595,55.550515,13:45:00,2024-08-29
202400036048,17:00,Plein jour,67,67482,2,1,1,6.0,GENERAL KOENIG (QUAI DU),48.57523,7.75717,17:00:00,2024-07-20
202400036049,10:45,Plein jour,03,03158,1,1,1,6.0,Autoroute 71 PK 283+700,46.493032,2.660151,10:45:00,2024-08-29
202400036050,15:50,Plein jour,67,67230,1,1,1,1.0,SCHIRRHEIN (ROUTE DE),48.792953,7.845932,15:50:00,2024-07-19
202400036051,08:11,Plein jour,67,67296,2,4,1,3.0,Rue Principale,48.61390842,7.69078642,08:11:00,2024-08-27
202400036052,12:05,Plein jour,64,64445,2,6,1,3.0,ALSACE LORRAINE D',43.30426177,-0.36683008,12:05:00,2024-07-20
202400036053,18:00,Crépuscule,973,97309,2,1,2,3.0,Route de Rémire,4.89455,-52.273818,18:00:00,2024-08-28
202400036054,00:58,,64,64125,2,1,1,6.0,BIARRITZ (AVENUE DE),43.454,-1.57361,00:58:00,2024-07-20
202400036055,16:15,Plein jour,64,64102,2,1,1,7.0,JEAN DARRIGRAND (AVENUE),43.48191,-1.48626,16:15:00,2024-07-20
202400036056,11:55,Plein jour,64,64024,2,1,1,2.0,BIARRITZ (AVENUE DE),43.48105,-1.53505,11:55:00,2024-07-20
202400036057,19:05,Plein jour,60,60494,1,1,1,2.0,A1,49.133662,2.56461,19:05:00,2024-08-28
202400036058,20:18,Plein jour,62,62048,2,3,1,6.0,Rue Roger Salengro,50.50283748,2.4709121,20:18:00,2024-07-19
202400036059,13:10,Plein jour,974,97412,2,1,1,6.0,Rue Raphaël Babet,-21.379247,55.624482,13:10:00,2024-08-28
202400036060,14:35,Plein jour,58,58194,2,2,1,3.0,PETIT MOUESSE,46.98993,3.16845,14:35:00,2024-07-20
202400036061,20:30,,973,97304,2,1,1,6.0,Avenue Léopold Héder,5.16301,-52.645471,20:30:00,2024-08-28
202400036062,17:04,Plein jour,51,51454,2,2,1,3.0,CHAMP DE MARS (RUE),49.26291,4.03557,17:04:00,2024-07-19
202400036063,19:17,Plein jour,51,51108,2,6,1,3.0,HUGO (BD VICTOR),48.95505,4.35569,19:17:00,2024-07-19
202400036064,16:05,Plein jour,66,66182,2,1,1,6.0,Avenue de Las Illas,42.738526,3.033385,16:05:00,2024-08-28
202400036065,18:30,Plein jour,49,49007,2,1,1,3.0,BARRE CITE ET RUE,47.47208,-0.59245,18:30:00,2024-07-20
202400036066,03:45,Nuit sans éclairage,49,49267,1,1,1,7.0,RD 116,47.4892,-0.46536,03:45:00,2024-07-20
202400036067,19:35,Plein jour,34,34157,2,2,1,3.0,11 Avenue de Montpellier,43.428065,3.606112,19:35:00,2024-08-25
202400036068,23:00,Nuit sans éclairage,45,45232,2,1,1,6.0,959 Rue de la Bergeresse,47.847552,1.913331,23:00:00,2024-07-19
202400036069,19:00,Plein jour,25,25284,2,1,1,6.0,Rue de Gascogne,47.532705,6.815236,19:00:00,2024-08-28
202400036070,18:38,Plein jour,45,45208,2,1,1,2.0,60 Avenue du Général de Gaulle,48.00543,2.73852,18:38:00,2024-07-20
202400036071,21:35,Nuit sans éclairage,88,88177,1,1,1,1.0,D417,48.062273,6.720143,21:35:00,2024-08-27
202400036072,01:05,Nuit sans éclairage,45,45338,1,1,1,6.0,10 Rue Pierre Nobel,47.976049,2.719046,01:05:00,2024-07-20
202400036073,16:44,Plein jour,88,88027,1,1,1,7.0,D52,48.29483,6.531979,16:44:00,2024-08-29
202400036074,17:15,Plein jour,33,33318,2,1,1,6.0,Unknown,44.809,-0.6282,17:15:00,2024-07-19
202400036075,12:30,Plein jour,55,55170,1,1,1,7.0,D102,49.360461,5.361088,12:30:00,2024-08-27
202400036076,15:10,Plein jour,33,33162,1,1,1,4.0,Unknown,44.88071,-0.66214,15:10:00,2024-07-19
202400036077,18:30,Plein jour,38,38176,1,1,1,7.0,Route de Corbeyssieu,45.642919,5.189018,18:30:00,2024-08-28
202400036078,06:00,Nuit sans éclairage,38,38061,1,1,1,2.0,Route de Voiron,45.343184,5.608569,06:00:00,2024-08-29
202400036079,18:30,Plein jour,29,29019,2,2,1,7.0,rue Gay Lussac,48.405838,-4.493566,18:30:00,2024-07-20
202400036080,18:10,Plein jour,18,18279,2,6,1,3.0,Place Gabriel Péri,47.22487,2.06236,18:10:00,2024-07-19
202400036081,18:40,Plein jour,26,26313,2,3,1,3.0,Rue des Chabottes,44.974385,4.959812,18:40:00,2024-08-28
202400036082,15:25,Plein jour,17,17415,2,1,1,2.0,D137,45.74598,-0.66177,15:25:00,2024-07-19
202400036083,18:05,Plein jour,26,26064,2,2,1,3.0,Avenue de Romans,44.904371,5.019797,18:05:00,2024-08-24
202400036084,19:45,Plein jour,13,13102,2,6,1,1.0,8 MAI 1945 (AV DU ),43.4182,5.22897,19:45:00,2024-07-20
202400036085,17:20,Plein jour,33,33233,1,1,1,6.0,Unknown,45.156319,-0.354438,17:20:00,2024-08-28
202400036086,20:45,Plein jour,13,13075,2,1,1,3.0,LIBERATION (AVE DE LA),43.34334867,5.45795011,20:45:00,2024-07-20
202400036087,17:00,Plein jour,22,22077,1,2,1,3.0,La Ville es Pis,48.5284,-2.422464,17:00:00,2024-08-22
202400036088,14:10,Plein jour,13,13215,2,3,1,3.0,MADRAGUE VILLE (RUE),43.34531,5.35459,14:10:00,2024-07-19
202400036089,19:05,Plein jour,60,60047,1,1,1,7.0,Chemin Saint Germain,49.159902,2.736433,19:05:00,2024-08-28
202400036090,12:10,Plein jour,11,11069,2,3,1,6.0,Unknown,43.20666,2.35937,12:10:00,2024-07-20
202400036091,15:30,Plein jour,59,59336,2,3,1,1.0,Grand Rue,50.275648,3.037988,15:30:00,2024-08-28
202400036092,20:05,Plein jour,08,08105,2,1,1,1.0,24 Rue Elie Emile Bourquelot,49.79275,4.72582,20:05:00,2024-07-20