Num_Acc,hrmn,lum,dep,com,agg,int,atm,col,adr,lat,long,heure,date
202400036093,15:45,Plein jour,13,13015,1,1,1,2.0,A51-Sens Aix en Provence vers Marseille,43.45924983,5.4031623,15:45:00,2024-08-24
202400036094,17:40,Plein jour,67,67482,1,1,1,7.0,M35,48.59579,7.74005,17:40:00,2024-08-26
202400036095,03:21,,06,06088,2,8,1,3.0,Rue Barla,43.70241,7.28106,03:21:00,2024-07-20
202400036096,16:45,Plein jour,06,06069,1,1,1,7.0,15 Route de Saint-francois,43.649322,6.89882,16:45:00,2024-07-20
202400036097,18:00,Plein jour,59,59094,1,1,1,5.0,AUTOROUTE A16,50.95888503,2.1708544,18:00:00,2024-08-25
202400036098,20:25,Plein jour,06,06029,2,2,1,3.0,103 Boulevard Carnot,43.56344,7.01663,20:25:00,2024-07-20
202400036099,10:25,Plein jour,91,91589,1,1,1,2.0,AUTOROUTE A6,48.67409,2.34262,10:25:00,2024-08-28
202400036100,12:45,Plein jour,06,06029,2,1,1,2.0,19 Avenue Docteur Raymond Picaud,43.550648,7.002792,12:45:00,2024-07-20
202400036101,10:15,Plein jour,06,06029,2,1,1,3.0,39 Boulevard Général Vautrin,43.54695,7.03343,10:15:00,2024-07-20
202400036102,18:22,Plein jour,92,92036,1,1,1,3.0,A86,48.93411656,2.27089137,18:22:00,2024-08-28
202400036103,00:25,,06,06004,2,1,1,5.0,BACON BD DU ET BD GARDIOLE,43.56606,7.13101,00:25:00,2024-07-20
202400036104,17:35,Plein jour,92,92025,1,1,1,4.0,A86,48.92703237,2.23661483,17:35:00,2024-08-27
202400036105,01:40,,75,75112,2,1,1,5.0,Unknown,48.837809,2.412957,01:40:00,2024-07-20
202400036106,20:59,Plein jour,75,75116,2,1,1,2.0,BD PERIPHERIQUE INTERIEUR,48.861018,2.264055,20:59:00,2024-07-19
202400036107,16:00,Plein jour,93,93027,1,1,1,4.0,AUTOROUTE A1,48.93637475,2.40695831,16:00:00,2024-08-27
202400036108,16:50,Plein jour,93,93007,1,1,1,2.0,AUTOROUTE A1,48.94453124,2.43819939,16:50:00,2024-08-26
202400036109,05:50,Nuit avec éclairage,92,92036,1,1,1,2.0,AUTOROUTE A15,48.94131639,2.29193464,05:50:00,2024-08-26
202400036110,09:05,Plein jour,49,49007,2,1,1,3.0,VOIE DES BERGES,47.47419,-0.5559,09:05:00,2024-10-02
202400036111,17:10,Plein jour,94,94069,1,1,1,2.0,A4,48.81732948,2.42279649,17:10:00,2024-08-28
202400036112,07:50,Crépuscule,49,49015,2,1,2,6.0,RTE NATIONALE,47.51839,-0.60694,07:50:00,2024-10-01
202400036113,15:15,Plein jour,45,45234,2,3,2,3.0,Avenue du Général Patton,47.914854,1.901335,15:15:00,2024-10-02
202400036114,03:03,Nuit sans éclairage,56,56078,1,1,1,6.0,Kerfleury,47.819606,-3.466138,03:03:00,2024-04-01
202400036115,19:35,Crépuscule,44,44109,2,9,1,3.0,Boulevard Albert Einstein,47.26265,-1.56766,19:35:00,2024-10-02
202400036116,06:00,Crépuscule,74,74238,1,1,8,6.0,D902,46.215135,6.669624,06:00:00,2024-06-22
202400036117,14:00,Plein jour,44,44162,2,1,8,6.0,Rue Françoise Sagan,47.213,-1.624,14:00:00,2024-10-02
202400036118,19:30,Plein jour,42,42183,2,4,1,3.0,Rue Jean Moulin,45.40493,4.37085,19:30:00,2024-09-24
202400036119,05:40,Nuit sans éclairage,74,74263,1,1,1,5.0,D 1005,46.325587,6.353703,05:40:00,2024-03-03
202400036120,08:50,Plein jour,42,42044,2,1,1,2.0,Rue de la République,45.39541,4.31419,08:50:00,2024-10-02
202400036121,08:07,Plein jour,974,97411,2,1,1,3.0,BOIS DE MERLE (RUE DU),-20.88883,55.48104,08:07:00,2024-08-26
202400036122,08:50,Plein jour,41,41018,2,3,8,3.0,MORIERS (RUE DES),47.5607,1.29219,08:50:00,2024-10-02
202400036123,07:20,Plein jour,974,97411,2,3,1,3.0,RIVIERE DES PLUIES (ROUTE DE LA),-20.9003,55.4994,07:20:00,2024-08-26
202400036124,13:20,Plein jour,37,37214,2,1,8,6.0,PRENEY (RUE DE),47.41831,0.65157,13:20:00,2024-10-02
202400036125,05:01,,973,97302,2,2,1,3.0,MERE THERESA (rue),4.92245,-52.31258,05:01:00,2024-08-26
202400036126,06:45,,33,33069,2,6,1,3.0,Unknown,44.86173,-0.59707,06:45:00,2024-10-02
202400036127,22:10,Nuit sans éclairage,973,97302,2,1,1,7.0,SOURCE DE BADUEL (CHEMIN DE LA),4.9293647,-52.30875474,22:10:00,2024-08-23
202400036128,04:51,Nuit sans éclairage,33,33522,2,4,1,6.0,Unknown,44.795322,-0.600271,04:51:00,2024-10-02
202400036129,06:35,Crépuscule,69,69388,2,3,1,3.0,Avenue Jean Mermoz,45.731,4.88585,06:35:00,2024-08-27
202400036130,14:40,Plein jour,33,33063,2,1,1,6.0,Unknown,44.85661,-0.56144,14:40:00,2024-10-01
202400036131,16:35,Plein jour,972,97213,1,1,1,1.0,ROUTE DEPARTEMENTALE 3,14.62426,-60.98941,16:35:00,2024-08-27
202400036132,21:00,,32,32013,2,1,2,3.0,LORRAINE,43.64905,0.58938,21:00:00,2024-10-02
202400036133,19:45,Crépuscule,30,30007,2,1,1,3.0,GOUBERT (AVE DOCTEUR JEAAN),44.14262,4.09212,19:45:00,2024-10-02
202400036134,15:55,Plein jour,972,97213,1,1,1,2.0,ROUTE NATIONALE 1,14.65524,-60.97309,15:55:00,2024-08-27
202400036135,16:05,Plein jour,29,29019,2,1,1,6.0,avenue Georges Clemenceau,48.392277,-4.490135,16:05:00,2024-10-01
202400036136,01:10,Nuit sans éclairage,2B,2B120,1,1,1,2.0,11 - RT,42.64851,9.44015,01:10:00,2024-08-28
202400036137,17:45,Plein jour,27,27229,2,1,1,3.0,PORTEVIN (RUE),49.01798,1.1525,17:45:00,2024-10-01
202400036138,20:45,Nuit sans éclairage,971,97101,1,2,1,3.0,PALAIS ROYAL,16.29372,-61.49472,20:45:00,2024-08-26
202400036139,16:30,Plein jour,25,25056,2,1,1,2.0,DOLE RUE DE (sup 200),47.22555556,5.97527778,16:30:00,2024-10-02
202400036140,01:55,Nuit sans éclairage,971,97113,1,1,9,1.0,PETIT HAVRE (SECTEUR),16.2157,-61.42281,01:55:00,2024-08-24
202400036141,14:42,Plein jour,22,22278,2,3,1,1.0,PROSPERITE (DE LA),48.51521,-2.73795,14:42:00,2024-10-02
202400036142,07:08,Plein jour,95,95268,2,4,1,1.0,D84,48.95973776,2.39905823,07:08:00,2024-08-27
202400036143,20:45,,13,13071,2,4,1,5.0,CHATEAU (MONTEE DU ),43.41128711,5.31233137,20:45:00,2024-10-02
202400036144,17:30,Plein jour,95,95219,2,1,7,3.0,D140,48.99321228,2.26454885,17:30:00,2024-08-27
202400036145,08:30,Plein jour,13,13103,2,3,1,3.0,AVENUE DE LA PATROUILLE DE FRANCE-RN 538,43.62208,5.09909,08:30:00,2024-10-02
202400036146,20:50,,13,13213,2,9,1,1.0,BARRY (BOULEVARD),43.31674,5.40812,20:50:00,2024-10-02
202400036147,10:00,Plein jour,91,91425,2,1,1,3.0,RTE D ORLEANS RN 20,48.64384,2.26978,10:00:00,2024-08-27
202400036148,21:22,,13,13213,2,2,1,3.0,ALPHONSE DAUDET (RUE),43.32222,5.41266,21:22:00,2024-10-02
202400036149,16:43,Plein jour,87,87085,2,3,1,3.0,ALLENDE (QUAI SALVADOR),45.81745,1.25264,16:43:00,2024-08-26
202400036150,21:00,,13,13211,2,6,1,3.0,VALENTINE (ROUTE DE LA),43.28997882,5.47717452,21:00:00,2024-10-02
202400036151,12:40,Plein jour,86,86194,2,2,1,3.0,Avenue du 8 Mai 1945,46.55606,0.308636,12:40:00,2024-08-26
202400036152,18:37,Plein jour,13,13210,2,1,1,2.0,JEAN MOULIN (BOULEVARD),43.28551,5.39868,18:37:00,2024-10-02
202400036153,11:55,Plein jour,80,80702,1,1,1,7.0,DEPARTEMENTALE 7 (ROUTE),49.85979,2.31023,11:55:00,2024-08-26
202400036154,18:10,Plein jour,13,13216,2,1,1,2.0,MALAVASI AI (RUE),43.34774,5.34538,18:10:00,2024-10-02
202400036155,21:35,,13,13202,2,1,1,2.0,CARGO RHIN FIDELI (RUE),43.327,5.35586,21:35:00,2024-10-01
202400036156,14:00,Plein jour,79,79329,2,3,1,3.0,Unknown,46.98494,-0.22608,14:00:00,2024-08-27
202400036157,19:15,Plein jour,77,77186,1,1,1,7.0,d301 de chantoiseau /grand veneur,48.36146,2.6688,19:15:00,2024-08-25
202400036158,13:30,Plein jour,13,13001,2,7,1,6.0,BELGES (AV DES),43.52593,5.44504,13:30:00,2024-10-02
202400036159,22:15,,76,76575,1,2,1,1.0,Boulevard Lénine,49.38114112,1.10959646,22:15:00,2024-08-27
202400036160,21:10,,12,12176,2,4,1,3.0,SEVERAC LE CHATEAU (ROUTE DE ),44.36241,2.58835,21:10:00,2024-09-23
202400036161,15:25,Plein jour,12,12202,2,1,1,6.0,BAMBERG (AVENUE DE),44.35925,2.5921,15:25:00,2024-09-19
202400036162,17:15,Plein jour,76,76351,1,6,1,3.0,RD 940,49.53205,0.09621,17:15:00,2024-08-26
202400036163,13:44,Plein jour,10,10387,2,1,1,6.0,Mail des Charmilles,48.29664,4.08556,13:44:00,2024-09-30
202400036164,11:35,Plein jour,06,06029,2,1,1,5.0,16 Boulevard Jean Hibert,43.54839,7.00949,11:35:00,2024-10-02
202400036165,11:25,Plein jour,70,70513,1,1,1,1.0,Chemin de Vaivre à Grattery,47.64609,6.09365,11:25:00,2024-08-27
202400036166,19:10,Plein jour,05,05061,2,4,1,3.0,Route des Près,44.5341,6.07002,19:10:00,2024-09-10
202400036167,23:30,,67,67482,2,1,1,7.0,CONTADES (PARC DES),48.58988,7.75715,23:30:00,2024-08-26
202400036168,12:15,Plein jour,05,05061,2,1,1,6.0,LADOUCETTE ( COURS ),44.56204,6.08373,12:15:00,2024-09-29
202400036169,06:54,Crépuscule,05,05061,2,3,1,3.0,Avenue Jean Jaurès,44.54999,6.06857,06:54:00,2024-09-13
202400036170,13:20,Plein jour,67,67482,2,3,1,3.0,HOPITAL (ROUTE DE L ),48.57314,7.750058,13:20:00,2024-08-26
202400036171,17:50,Plein jour,02,02722,2,2,1,3.0,16 Rue Debordeaux,49.38462,3.31947,17:50:00,2024-09-27
202400036172,07:45,Plein jour,66,66136,1,1,1,3.0,R D 900,42.68136,2.87831,07:45:00,2024-08-27
202400036173,09:15,Plein jour,75,75119,2,2,8,3.0,BOULEVARD MACDONALD,48.89874,2.37109,09:15:00,2024-10-02
202400036174,18:37,Plein jour,64,64102,2,6,1,3.0,JORLIS (ROND POINT DE),43.49834,-1.49362,18:37:00,2024-08-27
202400036175,13:40,Plein jour,75,75118,2,4,2,2.0,BOULEVARD NEY,48.89862,2.364316,13:40:00,2024-10-02
202400036176,08:30,Plein jour,64,64102,2,3,1,2.0,BASQUE (AVENUE DU GRAND),43.4882,-1.45994,08:30:00,2024-08-27
202400036177,23:15,,75,75118,2,1,1,3.0,RUE CARPEAUX,48.890663,2.330684,23:15:00,2024-10-01
202400036178,17:00,Plein jour,62,62737,2,1,1,2.0,D188,50.44871,2.68284,17:00:00,2024-08-27
202400036179,16:01,Plein jour,62,62498,2,1,1,6.0,Avenue Alfred Van Pelt,50.42922019,2.83684391,16:01:00,2024-08-26
202400036180,19:30,,75,75117,2,1,1,3.0,RUE DE PRONY,48.883656,2.301024,19:30:00,2024-10-02
202400036181,09:20,Plein jour,62,62193,2,1,1,6.0,Rue du Temple,50.94857005,1.85678995,09:20:00,2024-08-27
202400036182,11:50,Plein jour,75,75117,2,3,2,6.0,BOULEVARD BERTHIER,48.893563,2.311798,11:50:00,2024-10-02
202400036183,18:10,Plein jour,75,75112,2,2,1,1.0,QUAI DE BERCY,48.833703,2.382488,18:10:00,2024-10-02
202400036184,20:34,Crépuscule,61,61001,2,6,1,3.0,D438,48.434072,0.094075,20:34:00,2024-08-27
202400036185,17:45,Plein jour,59,59599,2,1,1,6.0,GAND (RUE DE),50.734057,3.161372,17:45:00,2024-08-27
202400036186,18:35,Crépuscule,75,75112,2,7,8,6.0,AVENUE DE SAINT MANDE,48.84498882,2.40191281,18:35:00,2024-10-02
202400036187,14:40,Plein jour,75,75109,2,2,1,3.0,RUE JEAN BAPTISTE PIGALLE,48.879503,2.333782,14:40:00,2024-10-02
202400036188,15:15,Plein jour,59,59360,2,3,1,3.0,Rue Paul Doumer,50.59675774,3.03778185,15:15:00,2024-08-27
202400036189,08:41,Plein jour,75,75108,2,2,1,6.0,AVENUE GEORGE V,48.868417,2.301161,08:41:00,2024-10-02
202400036190,20:00,Plein jour,59,59569,2,1,1,3.0,CENTRE COMMERCIAL LES EPIS,50.34277,3.09775,20:00:00,2024-08-26
202400036191,11:50,Plein jour,75,75107,2,4,2,3.0,QUAI D ORSAY,48.862557,2.319003,11:50:00,2024-10-02
202400036192,16:10,Plein jour,58,58194,2,3,1,3.0,LUND,46.99511,3.12631,16:10:00,2024-08-27
202400036193,18:45,Plein jour,75,75104,2,3,1,7.0,RUE SAINT ANTOINE,48.855176,2.360507,18:45:00,2024-10-02
202400036194,10:10,Plein jour,58,58194,2,3,1,1.0,JEAN GAUTHERIN,47.00004,3.16939,10:10:00,2024-08-27
202400036195,11:45,Plein jour,94,94081,2,1,2,6.0,Avenue Paul Vaillant Couturier,48.79375605,2.39620024,11:45:00,2024-10-02
202400036196,20:13,Plein jour,56,56098,2,1,1,7.0,Boulevard Normandie Niemen,47.76255,-3.356932,20:13:00,2024-08-26
202400036197,12:50,Plein jour,54,54184,2,1,1,7.0,Avenue de Saulxures,48.71029614,6.24347448,12:50:00,2024-08-26
202400036198,16:25,Plein jour,94,94065,1,3,1,3.0,Rue de Bordeaux,48.757642,2.359274,16:25:00,2024-10-02
202400036199,18:50,Plein jour,51,51242,2,1,1,3.0,DUBLIN (rue de ),48.94935,4.33282,18:50:00,2024-08-27
202400036200,10:05,Plein jour,93,93066,2,1,2,3.0,VAILLANT COUTURIER PAUL (AV) NR 2 A 110,48.92988421,2.36195322,10:05:00,2024-10-02
202400036201,07:10,Nuit avec éclairage,93,93055,2,1,2,1.0,GENERAL LECLERC(AVE DU)89/FIN ET 122/FIN,48.89684,2.40299,07:10:00,2024-10-02
202400036202,14:20,Plein jour,50,50129,2,4,1,3.0,MENDES FRANCE (BOULEVARD),49.63481,-1.62686,14:20:00,2024-08-26
202400036203,01:35,,93,93053,2,3,3,6.0,ROSNY (AVENUE DE) N° 53 A 243,48.89331336,2.470768,01:35:00,2024-09-21
202400036204,17:02,Plein jour,49,49267,1,2,1,3.0,BEAUFORT ROUTE,47.46934,-0.4656,17:02:00,2024-08-26
202400036205,17:45,Plein jour,67,67339,1,1,1,6.0,Rue de la Forêt,48.87602957,7.96105385,17:45:00,2024-06-20
202400036206,06:00,Crépuscule,33,33483,2,1,1,1.0,Unknown,44.908482,-0.390286,06:00:00,2024-06-20
202400036207,19:55,,93,93051,2,1,1,2.0,AUGUSTE RODIN (ALLEE),48.83224,2.55473,19:55:00,2024-10-02
202400036208,16:49,Plein jour,49,49007,2,3,1,3.0,MONPLAISIR BOULEVARD,47.48901,-0.51922,16:49:00,2024-08-26
202400036209,06:50,Crépuscule,33,33376,1,1,8,1.0,Unknown,44.928867,-0.710385,06:50:00,2024-06-20
202400036210,22:00,,45,45232,2,2,1,3.0,Rue de Châteauroux,47.8462,1.92778,22:00:00,2024-08-27
202400036211,20:25,Plein jour,72,72223,2,1,7,6.0,D035 - pont de la madeleine,47.86886,-0.09652,20:25:00,2024-05-27
202400036212,23:50,,93,93006,2,2,1,3.0,GAMBETTA AV.,48.87084014,2.41754869,23:50:00,2024-10-01
202400036213,15:00,Plein jour,22,22343,2,1,1,6.0,3 Rue des Primevères,48.772362,-3.575229,15:00:00,2024-06-21
202400036214,22:50,,93,93029,2,1,1,3.0,HENRI BARBUSSE (AVE) N°126-280,48.92003651,2.45181799,22:50:00,2024-10-02
202400036215,16:30,Plein jour,22,22178,1,1,1,6.0,Route du Tumulus,48.699114,-3.025361,16:30:00,2024-06-19
202400036216,14:30,Plein jour,35,35206,2,3,1,2.0,CANADA (AVENUE DU),48.08143829,-1.68116938,14:30:00,2024-08-27
202400036217,09:00,Plein jour,33,33039,2,1,1,6.0,Unknown,44.8077,-0.54766,09:00:00,2024-08-27
202400036218,10:30,Plein jour,92,92063,2,1,2,3.0,HOURLIER (RUE LEON),48.8631778,2.1753822,10:30:00,2024-10-02
202400036219,19:45,Plein jour,22,22162,1,1,1,1.0,la lande blanche,48.765652,-3.0445,19:45:00,2024-06-20
202400036220,23:30,Nuit avec éclairage,33,33013,1,1,1,2.0,Unknown,44.868754,-0.499771,23:30:00,2024-08-26
202400036221,13:40,Plein jour,92,92073,2,3,8,3.0,DE DION BOUTON (QUAI) DU 1 AU 28,48.87373711,2.23626003,13:40:00,2024-10-02
202400036222,19:38,Plein jour,35,35087,1,3,1,1.0,D33,48.085383,-1.325548,19:38:00,2024-06-20
202400036223,18:15,Plein jour,92,92050,2,3,1,3.0,ARAGO FRANCOIS AVENUE,48.90045,2.22377479,18:15:00,2024-10-02
202400036224,23:20,Nuit sans éclairage,60,60089,1,2,1,1.0,D153,49.202682,1.880443,23:20:00,2024-06-16
202400036225,15:00,Plein jour,33,33281,1,1,1,5.0,Unknown,44.81504,-0.68353,15:00:00,2024-08-26
202400036226,11:15,Plein jour,92,92048,2,1,2,2.0,REPUBLIQUE (RUE DE LA) N° 1 A 45,48.80907791,2.23618226,11:15:00,2024-10-02
202400036227,09:00,Plein jour,80,80288,1,1,3,6.0,sortie n°13 LILLE - PARIS,49.880478,2.836404,09:00:00,2024-06-21
202400036228,14:30,Plein jour,33,33013,2,1,1,2.0,Unknown,44.85979,-0.49777,14:30:00,2024-08-26
202400036229,14:45,Plein jour,92,92040,2,1,1,3.0,STALINGRAD (QUAI DE),48.8239,2.25609,14:45:00,2024-10-02
202400036230,13:50,Plein jour,62,62318,1,1,1,1.0,D940,50.532498,1.625826,13:50:00,2024-06-21
202400036231,10:00,Plein jour,33,33249,2,1,1,6.0,Unknown,44.8645,-0.520667,10:00:00,2024-08-26
202400036232,14:20,Plein jour,92,92036,2,1,1,4.0,BASSIN N°6 (ROUTE ANNEXE DU),48.94895035,2.28718176,14:20:00,2024-10-02
202400036233,02:43,,59,59422,2,6,1,6.0,Rue de Cagnoncles,50.19943,3.312716,02:43:00,2024-06-18
202400036234,10:00,Plein jour,28,28085,2,4,1,3.0,BOURGNEUF (RUE DU),48.45412066,1.48773819,10:00:00,2024-08-27
202400036235,10:50,Plein jour,59,59221,2,6,3,1.0,D958,50.319438,3.514667,10:50:00,2024-06-21
202400036236,17:05,Plein jour,92,92012,2,1,1,3.0,JEAN BAPTISTE CLEMENT (AVENUE) 49/FIN -,48.84330461,2.2318688,17:05:00,2024-10-02
202400036237,08:06,Crépuscule,22,22278,2,1,1,3.0,CORNEILLE COTE PAIR,48.51215,-2.75203,08:06:00,2024-08-27
202400036238,12:15,Plein jour,13,13088,1,1,1,4.0,A55-Sens Marseille vers Martigues,43.39134,5.25011,12:15:00,2024-06-19
202400036239,13:30,Plein jour,63,63026,1,1,2,1.0,"D145, lieu-dit Prades",45.62605754,2.98819146,13:30:00,2024-10-03
202400036240,03:20,Nuit sans éclairage,18,18267,2,9,1,7.0,Route de Châteauneuf,47.05036,2.37932,03:20:00,2024-08-27
202400036241,15:55,Plein jour,2A,2A108,1,1,1,6.0,RD 84,42.264162,8.833759,15:55:00,2024-09-30
202400036242,17:40,Plein jour,01,01275,1,1,1,2.0,A46N 25.180 A 25.680,45.808255,4.919255,17:40:00,2024-06-16
202400036243,23:45,,13,13211,2,1,1,3.0,PARETTE (PLACE DE LA),43.29274414,5.42483781,23:45:00,2024-08-27
202400036244,16:20,Plein jour,2A,2A258,1,1,1,7.0,D70,42.210481,8.82024,16:20:00,2024-10-01
202400036245,17:20,Plein jour,33,33143,1,1,1,2.0,Unknown,44.968808,-0.436622,17:20:00,2024-06-20
202400036246,17:45,Plein jour,12,12145,2,1,1,3.0,Rue du Causse Noir,44.103277,3.092322,17:45:00,2024-08-26
202400036247,21:05,Nuit sans éclairage,35,35172,1,2,1,3.0,La Basse Garenne,48.43339,-1.834663,21:05:00,2024-10-02
202400036248,08:00,Plein jour,33,33039,1,1,1,7.0,Unknown,44.79729,-0.53813,08:00:00,2024-06-19
202400036249,05:30,Nuit sans éclairage,11,11069,1,1,1,2.0,ROCADE NORD - RD 6113,43.204284,2.411055,05:30:00,2024-08-27
202400036250,06:40,Nuit sans éclairage,68,68088,1,1,1,6.0,Cité Alex,47.85113169,7.27474763,06:40:00,2024-10-02
202400036251,07:58,Plein jour,59,59383,1,1,1,4.0,AUTOROUTE A2,50.33838,3.52733,07:58:00,2024-06-19
202400036252,12:45,Plein jour,56,56052,2,2,1,6.0,Avenue Aristide Briand,47.517567,-2.600766,12:45:00,2024-10-03
202400036253,17:23,Plein jour,10,10297,2,3,1,3.0,Rue Danton,48.3242,4.1048,17:23:00,2024-08-26
202400036254,20:20,Plein jour,91,91339,1,1,1,3.0,RN 104,48.6278,2.25856,20:20:00,2024-06-20
202400036255,13:20,Plein jour,10,10387,2,1,1,6.0,Avenue Pasteur,48.3021,4.0635,13:20:00,2024-08-26
202400036256,18:15,Plein jour,56,56206,1,1,1,5.0,Rue du Pont,47.690157,-2.729266,18:15:00,2024-10-01
202400036257,09:00,Plein jour,91,91286,1,1,1,5.0,AUTOROUTE A6,48.65441,2.38031,09:00:00,2024-06-20
202400036258,16:30,Plein jour,07,07186,2,1,1,7.0,SEGUIN (AVENUE MARC),44.717,4.613,16:30:00,2024-08-26
202400036259,07:10,Nuit sans éclairage,79,79137,1,1,2,2.0,Unknown,46.243115,-0.466876,07:10:00,2024-10-01
202400036260,10:10,Plein jour,94,94065,1,1,1,2.0,A86,48.75508805,2.3449117,10:10:00,2024-06-20
202400036261,11:05,Plein jour,2A,2A085,1,1,1,3.0,T40,41.914917,8.885386,11:05:00,2024-10-01
202400036262,23:48,,06,06004,2,1,1,3.0,55 Avenue de Cannes,43.573649,7.088926,23:48:00,2024-08-23
202400036263,07:45,Plein jour,91,91692,1,1,1,2.0,RN 118,48.67188,2.19403,07:45:00,2024-06-20
202400036264,17:30,Plein jour,89,89151,1,2,2,2.0,D660,48.115697,3.150073,17:30:00,2024-10-02
202400036265,11:10,Plein jour,03,03095,2,3,1,3.0,Rue Gambetta,46.1342,3.45523,11:10:00,2024-08-25
202400036266,08:35,Plein jour,92,92023,1,1,1,2.0,A86 EXT ,48.77613557,2.22877679,08:35:00,2024-06-19
202400036267,16:22,Plein jour,01,01289,1,1,7,7.0,Route de Saint André sur Vieux Jonc,46.16953,5.18498,16:22:00,2024-08-27
202400036268,15:55,Plein jour,93,93006,1,1,8,3.0,A3,48.86723765,2.42630063,15:55:00,2024-06-20
202400036269,11:45,Plein jour,34,34051,2,2,7,3.0,Avenue Paul Demarne,43.601523,3.487118,11:45:00,2024-10-03
202400036270,12:35,Plein jour,75,75114,2,1,1,2.0,BD PERIPHERIQUE EXTERIEUR,48.824004,2.307669,12:35:00,2024-08-27
202400036271,17:00,Plein jour,25,25082,1,1,1,2.0,Rue de la Plaine,47.423239,6.780474,17:00:00,2024-10-02
202400036272,13:50,Plein jour,93,93007,1,1,1,4.0,A1,48.95037545,2.44884564,13:50:00,2024-06-20
202400036273,16:00,Plein jour,75,75117,2,1,1,2.0,BD PERIPHERIQUE INTERIEUR ,48.883329,2.28432,16:00:00,2024-08-26
202400036274,17:30,Plein jour,93,93027,1,1,8,2.0,A86,48.92544125,2.39584565,17:30:00,2024-06-19
202400036275,08:00,Plein jour,75,75114,2,1,1,2.0,BD PERIPHERIQUE EXTERIEUR,48.819703,2.326987,08:00:00,2024-08-27
202400036276,21:20,Nuit sans éclairage,35,35021,1,1,1,2.0,D706,48.355557,-1.175419,21:20:00,2024-10-01
202400036277,09:20,Plein jour,93,93005,1,1,8,2.0,A3,48.95091347,2.47454259,09:20:00,2024-06-19
202400036278,14:10,Plein jour,29,29014,1,1,2,6.0,Bronhel,48.495348,-3.639216,14:10:00,2024-10-02
202400036279,07:20,Plein jour,77,77083,1,1,1,2.0,A4.W,48.832272,2.59931,07:20:00,2024-06-20
202400036280,06:58,Plein jour,44,44109,2,1,8,6.0,78 Boulevard de la Fraternité,47.2187551,-1.58738345,06:58:00,2024-06-10
202400036281,08:45,Plein jour,72,72241,2,1,1,6.0,72 Grande Rue,48.04879,0.409654,08:45:00,2024-10-03
202400036282,09:20,Plein jour,05,05036,1,1,1,3.0,RN94,44.618539,6.533175,09:20:00,2024-10-03
202400036283,17:34,Nuit sans éclairage,13,13211,1,1,1,3.0,A50-Sens Aubagne vers Marseille,43.2943,5.4593,17:34:00,2024-01-08
202400036284,08:20,Plein jour,50,50347,1,1,1,1.0,La Petite Gravelle,48.517132,-1.279888,08:20:00,2024-10-03
202400036285,04:32,,987,98735,2,2,1,3.0,POMARE V (AVENUE),-17.53243,-149.56782,04:32:00,2024-06-14
202400036286,09:00,Plein jour,64,64495,1,1,3,1.0,d855,43.38647,-1.564533,09:00:00,2024-10-02
202400036287,13:00,Plein jour,974,97411,2,1,1,6.0,GAULLE (DU GENERAL DE),-20.88564,55.45147,13:00:00,2024-06-19
202400036288,19:20,Crépuscule,18,18223,1,1,1,7.0,Route de l’Etang de la Salle,47.199201,2.391074,19:20:00,2024-10-03
202400036289,11:15,Plein jour,43,43051,2,1,1,6.0,8 Rue de la Poste,45.061239,4.302531,11:15:00,2024-10-02
202400036290,22:00,,974,97411,2,2,1,3.0,CHATEL (JEAN),-20.88264,55.45137,22:00:00,2024-06-18
202400036291,19:25,Plein jour,36,36241,1,1,1,6.0,Unknown,46.857814,1.518645,19:25:00,2024-09-28
202400036292,07:00,Plein jour,973,97302,2,1,1,3.0,REPUBLIQUE (BD DE LA),4.93856,-52.32047,07:00:00,2024-06-19
202400036293,08:17,Plein jour,69,69383,2,1,1,6.0,Rue des Dahlias,45.74863,4.87241,08:17:00,2024-06-19
202400036294,17:45,Plein jour,07,07292,1,2,1,3.0,Route des Monts du Vivarais,45.16881454,4.69383494,17:45:00,2024-10-01
202400036295,11:25,Plein jour,53,53073,1,1,1,7.0,Les Besneraies,47.80293753,-1.09531719,11:25:00,2024-10-02
202400036296,11:43,Plein jour,971,97101,1,1,1,2.0,BOULEVARD DES HEROS,16.25158,-61.51582,11:43:00,2024-06-19
202400036297,07:49,Plein jour,95,95063,2,1,1,3.0,D392,48.92957503,2.21359379,07:49:00,2024-06-19
202400036298,12:20,Plein jour,87,87085,1,6,1,6.0,SCHUMAN (BOULEVARD ROBERT),45.8685,1.27827,12:20:00,2024-06-18
202400036299,13:15,Plein jour,40,40233,1,1,2,3.0,941 Route de Labatut,43.591824,-1.008711,13:15:00,2024-10-02
202400036300,09:11,Plein jour,87,87085,2,3,1,6.0,RUBEN (AVENUE ERNEST),45.82581,1.25068,09:11:00,2024-06-17
202400036301,16:05,Plein jour,24,24371,1,1,8,6.0, Route des plateaux,45.20312795,0.52392662,16:05:00,2024-09-30
202400036302,08:55,Plein jour,83,83137,2,1,1,6.0,STRASBOURG (BD DE ),43.12523,5.93093,08:55:00,2024-06-19
202400036303,11:45,Plein jour,04,04208,1,1,1,6.0,RD18b,43.992984,5.557473,11:45:00,2024-10-03
202400036304,10:15,Plein jour,81,81004,2,1,1,6.0,8 Rue Porta,43.93506,2.14594,10:15:00,2024-06-19
202400036305,18:00,Plein jour,78,78146,2,2,1,3.0,MAISONS (ROUTE DE),48.90248,2.15186,18:00:00,2024-06-19
202400036306,11:45,Plein jour,04,04192,1,1,1,1.0,Route d'Avignon (Lincel),43.879989,5.703755,11:45:00,2024-10-02
202400036307,07:20,Plein jour,73,73029,1,1,1,6.0,N201,45.56813,5.94227,07:20:00,2024-06-19