Num_Acc,hrmn,lum,dep,com,agg,int,atm,col,adr,lat,long,heure,date
202400036308,18:50,Plein jour,85,85193,1,3,1,6.0,D 19/ D50,46.5307,-1.277257,18:50:00,2024-08-23
202400036309,05:40,Nuit avec éclairage,72,72181,2,2,2,3.0,LEFAUCHEUX PIERRE (BD),47.97367,0.17361,05:40:00,2024-06-18
202400036310,10:50,Plein jour,52,52118,1,1,1,1.0,N67,48.47819207,5.12092166,10:50:00,2024-10-03
202400036311,09:40,Plein jour,71,71270,2,6,7,3.0,SAINT-CLEMENT (PLACE),46.29772,4.82141,09:40:00,2024-06-19
202400036312,13:50,Plein jour,08,08170,1,2,2,3.0,D6,49.7911,4.960949,13:50:00,2024-09-26
202400036313,16:05,Plein jour,69,69264,2,1,1,6.0,Rue Francois Meunier Vial,45.99652,4.73447,16:05:00,2024-06-19
202400036314,13:00,Plein jour,69,69091,2,7,1,3.0,Rue de Montrond,45.58584252,4.76392497,13:00:00,2024-06-19
202400036315,13:10,Plein jour,973,97309,2,1,1,3.0,2161B Rte de Rémire,4.906148,-52.273014,13:10:00,2024-10-02
202400036316,14:34,Plein jour,67,67482,2,8,1,6.0,ROYAL (PONT),48.58460402,7.75793552,14:34:00,2024-06-18
202400036317,08:50,Plein jour,06,06152,1,6,1,3.0,Route du Parc,43.616608,7.038119,08:50:00,2024-09-30
202400036318,08:55,Plein jour,67,67482,2,1,1,3.0,TOUSSAINT (RUE DE LA),48.58667852,7.7438212,08:55:00,2024-06-18
202400036319,13:44,Plein jour,69,69027,2,9,1,3.0,Boulevard André Lassagne,45.66659656,4.75759491,13:44:00,2024-09-20
202400036320,18:40,Plein jour,64,64545,1,1,1,3.0,CORNICHE (ROUTE DE LA),43.39230615,-1.69582396,18:40:00,2024-06-19
202400036321,11:05,Plein jour,14,14032,1,1,1,2.0,A13,49.29963578,0.25912878,11:05:00,2024-10-03
202400036322,08:20,Plein jour,64,64445,2,1,8,3.0,GENERAL DE GAULLE DU,43.3021,-0.35531,08:20:00,2024-06-19
202400036323,16:05,Plein jour,987,98750,1,1,1,1.0,"PK 3,6 avera",-16.821,-151.404,16:05:00,2024-10-02
202400036324,18:23,Plein jour,64,64102,2,1,1,3.0,BARTHES (CHEMIN DES),43.49534,-1.49441,18:23:00,2024-06-18
202400036325,17:15,Plein jour,2A,2A215,2,1,1,7.0,RT40,41.489364,9.059598,17:15:00,2024-10-03
202400036326,18:30,Plein jour,59,59350,2,9,1,6.0,Rue Barthélémy Delespaul,50.62416,3.0626,18:30:00,2024-06-19
202400036327,08:45,Plein jour,57,57601,1,1,2,1.0,M603,49.111464,6.055554,08:45:00,2024-10-02
202400036328,19:30,Plein jour,59,59220,2,9,7,6.0,CHEMIN ROUGE,50.609735,3.067073,19:30:00,2024-06-11
202400036329,04:45,Nuit sans éclairage,63,63226,1,1,1,7.0,D1,45.742715,3.232834,04:45:00,2024-09-14
202400036330,22:24,Crépuscule,56,56121,2,6,1,3.0,Rue de Kerlin,47.7471793,-3.376413,22:24:00,2024-06-24
202400036331,17:50,Plein jour,56,56121,2,1,1,2.0,Rue Duliscouët,47.75663,-3.37772,17:50:00,2024-06-18
202400036332,14:16,Plein jour,42,42304,2,1,1,3.0,241 Route des Monts,45.541454,4.19034,14:16:00,2024-10-03
202400036333,17:00,Plein jour,56,56121,2,1,1,3.0,Place de la Bataille de Quiberon,47.75622,-3.39365,17:00:00,2024-06-18
202400036334,17:20,Plein jour,38,38415,1,1,1,1.0,D18,45.650363,5.218291,17:20:00,2024-10-03
202400036335,15:45,Plein jour,50,50129,2,3,1,2.0,NAPOLEON (PLACE),49.64377,-1.62587,15:45:00,2024-06-18
202400036336,16:28,Plein jour,38,38474,2,1,1,6.0,Avenue de Valence,45.2095,5.662213,16:28:00,2024-10-02
202400036337,16:10,Plein jour,49,49099,2,2,8,6.0,ENCYCLOPEDIE (RUE DE L'),47.042037,-0.885179,16:10:00,2024-06-14
202400036338,10:30,Plein jour,07,07268,2,1,1,6.0,10 impasse du grand clos,44.301541,4.569508,10:30:00,2024-10-02
202400036339,06:20,Crépuscule,49,49007,2,1,1,6.0,CHALOUERE,47.48358,-0.53482,06:20:00,2024-06-18
202400036340,16:11,Plein jour,31,31291,1,1,1,2.0,96 Route de la Salvetat,43.586841,1.261223,16:11:00,2024-10-03
202400036341,06:30,Nuit sans éclairage,59,59289,1,1,1,1.0,Route de Valenciennes,50.230132,3.504381,06:30:00,2024-10-03
202400036342,22:50,,46,46042,2,2,3,3.0,MAQUIS (AVENUE DU),44.44945825,1.44847845,22:50:00,2024-06-18
202400036343,16:30,Plein jour,59,59106,2,1,1,1.0,Rue Felix Dehau,50.57645103,3.1957984,16:30:00,2024-10-03
202400036344,09:10,Plein jour,33,33075,1,1,1,2.0,Unknown,44.889135,-0.598433,09:10:00,2024-10-02
202400036345,10:20,Plein jour,45,45302,2,1,8,6.0,272 Avenue du Stade,47.947393,1.884185,10:20:00,2024-06-19
202400036346,17:30,Plein jour,59,59009,1,1,3,5.0,ROUTE NATIONALE 227,50.62911,3.13883,17:30:00,2024-09-27
202400036347,22:40,Nuit sans éclairage,44,44114,1,1,1,6.0,Unknown,47.28087418,-1.60310378,22:40:00,2024-06-19
202400036348,16:55,Plein jour,92,92036,1,1,1,3.0,A86,48.93370908,2.27422446,16:55:00,2024-10-01
202400036349,13:06,Plein jour,92,92026,1,1,9,2.0,RN1014 Y,48.88886075,2.24787064,13:06:00,2024-10-01
202400036350,14:45,Plein jour,43,43157,2,3,1,6.0,Rue Pierret,45.0418,3.88551,14:45:00,2024-06-19
202400036351,10:40,Plein jour,78,78490,1,1,1,6.0,RN12 EXT,48.79811,1.93201,10:40:00,2024-10-01
202400036352,09:30,Plein jour,42,42095,2,4,1,6.0,Rue Benoit Frachon,45.3871,4.28616,09:30:00,2024-06-19
202400036353,18:35,Plein jour,93,93008,1,1,1,3.0,AUTOROUTE A86,48.91198941,2.43839622,18:35:00,2024-10-01
202400036354,18:15,Plein jour,33,33522,2,1,1,3.0,Unknown,44.802851,-0.574569,18:15:00,2024-06-19
202400036355,12:10,Plein jour,93,93010,1,1,1,2.0,AUTOROUTE A3,48.89138123,2.47335986,12:10:00,2024-10-01
202400036356,19:45,Plein jour,31,31555,2,1,1,1.0,BD DE LA MARNE,43.58571383,1.46097377,19:45:00,2024-06-19
202400036357,09:30,Plein jour,93,93053,1,1,1,3.0,AUTOROUTE A86,48.90278898,2.4675517,09:30:00,2024-10-01
202400036358,08:30,Plein jour,31,31555,2,1,8,6.0,BD PIERRE ET MARIE CURIE,43.62482,1.44273,08:30:00,2024-06-19
202400036359,18:35,Plein jour,95,95582,1,1,2,1.0,A15,48.96346787,2.26421667,18:35:00,2024-09-30
202400036360,09:20,Plein jour,94,94017,1,1,1,2.0,A4,48.82671118,2.52258828,09:20:00,2024-10-02
202400036361,21:00,Plein jour,42,42095,2,1,8,6.0,Rue de la Platinière,45.39,4.28024,21:00:00,2024-06-28
202400036362,09:00,Plein jour,31,31149,2,1,8,3.0,AV CLEMENT ADER,43.61669,1.3466,09:00:00,2024-06-19
202400036363,15:25,Plein jour,29,29169,2,3,1,3.0,Chemin de Maner Beuliec,48.082419,-4.187084,15:25:00,2024-06-19
202400036364,18:45,Plein jour,28,28085,1,1,1,1.0,RD 339,48.4628759,1.4728057,18:45:00,2024-06-19
202400036365,12:00,Plein jour,29,29151,2,3,1,6.0,AIGUILLON (RUE D'),48.57700139,-3.82604987,12:00:00,2024-06-27
202400036366,15:00,Plein jour,29,29254,1,1,1,7.0,LE CUN (LIEU DIT),48.55271302,-3.85298054,15:00:00,2024-06-29
202400036367,12:45,Plein jour,28,28085,2,3,8,3.0,POILLOT (RUE EDMOND),48.4377,1.51594,12:45:00,2024-06-14
202400036368,02:18,Nuit sans éclairage,30,30011,1,1,1,7.0,Unknown,43.93675,4.75256,02:18:00,2024-07-28
202400036369,12:40,Plein jour,27,27299,1,1,1,2.0,RN 154,49.048509,1.180715,12:40:00,2024-06-19
202400036370,13:15,Plein jour,93,93077,2,1,1,6.0,GRANDE RUE,48.882775,2.515798,13:15:00,2024-07-04
202400036371,14:15,Plein jour,26,26038,1,9,1,1.0,915 Route de la Syrah,45.034283,4.907643,14:15:00,2024-06-26
202400036372,16:54,Plein jour,22,22215,2,3,2,3.0,FUTUR (ROUTE DU),48.4828,-2.7999,16:54:00,2024-06-19
202400036373,13:50,Plein jour,987,98736,2,1,1,3.0,PAUL BERNIERE (RUE),-17.538775,-149.552701,13:50:00,2024-10-01
202400036374,14:55,Plein jour,987,98735,1,1,1,7.0,MOTU UTA,-17.52872,-149.57555,14:55:00,2024-09-30
202400036375,20:30,Plein jour,22,22113,2,1,1,2.0,PETIT CAMP (ROUTE DE) (TY AN TUAL),48.75457,-3.43963,20:30:00,2024-06-19
202400036376,15:15,Plein jour,976,97611,2,1,1,7.0,kaweni-GEOLE (la),-12.767,45.225,15:15:00,2024-10-01
202400036377,21:30,Plein jour,17,17300,2,2,1,3.0,MONNAIE   AVENUE DE LA,46.1563,-1.1572,21:30:00,2024-06-19
202400036378,12:55,Plein jour,976,97611,2,1,1,1.0,passamanty-Rassini (ruelle),-12.79822,45.2158,12:55:00,2024-10-01
202400036379,06:30,Crépuscule,974,97407,2,1,1,7.0,AMIRAL BOSSE (RUE),-20.931934,55.290168,06:30:00,2024-10-01
202400036380,22:40,,13,13210,2,3,1,7.0,FIFI TURIN (RUE),43.27923,5.41216,22:40:00,2024-06-19
202400036381,18:07,,973,97302,2,3,1,3.0,ESTREES (AVENUE D'),4.94116168,-52.32210499,18:07:00,2024-09-30
202400036382,19:00,Plein jour,13,13206,2,1,8,3.0,PRADO (AVENUE DU),43.28302692,5.38536779,19:00:00,2024-06-19
202400036383,20:25,,49,49214,2,6,2,3.0,Rue Jean Jaurès,47.528007,-0.608175,20:25:00,2024-11-07
202400036384,11:44,Plein jour,973,97302,1,6,1,3.0,MARINGOUINS (ROND-POINT),4.90791,-52.32262,11:44:00,2024-09-30
202400036385,19:20,Plein jour,11,11262,2,3,1,3.0,Unknown,43.19319,3.0163,19:20:00,2024-06-19
202400036386,11:15,Plein jour,46,46145,1,2,1,3.0,D803,44.907308,1.52747,11:15:00,2024-11-08
202400036387,19:40,Nuit sans éclairage,973,97302,2,1,1,3.0,BADUEL (ROUTE DE),4.93528,-52.31244,19:40:00,2024-09-29
202400036388,16:38,Plein jour,06,06088,2,1,1,6.0,Pont Michel,43.7227872,7.2913988,16:38:00,2024-06-19
202400036389,05:53,Nuit sans éclairage,68,68179,1,3,5,7.0,Rue du Vallon,47.751822,7.015237,05:53:00,2024-11-07
202400036390,03:40,,69,69385,2,2,2,3.0,Montée de Choulans,45.75571,4.81583,03:40:00,2024-10-01
202400036391,14:10,Plein jour,04,04112,2,1,1,6.0,GIONO (AV. J.),43.82923,5.7856,14:10:00,2024-06-11
202400036392,21:10,Nuit sans éclairage,25,25594,1,1,1,1.0,D106,47.186278,5.881784,21:10:00,2024-11-07
202400036393,18:09,Plein jour,2B,2B033,2,1,1,3.0,MONTESORO - 4 VOIES,42.67304,9.44235,18:09:00,2024-10-01
202400036394,04:24,,03,03185,2,6,3,3.0,EINSTEIN ( RUE ALBERT ),46.34828,2.59925,04:24:00,2024-06-19
202400036395,23:10,,75,75116,2,1,1,2.0,BD PERIPHERIQUE EXTERIEUR,48.858333,2.260662,23:10:00,2024-06-17
202400036396,12:45,Plein jour,44,44063,2,6,1,3.0,12 Avenue  Xavier Rineau,47.084753,-1.262709,12:45:00,2024-11-06
202400036397,07:05,Crépuscule,95,95563,2,2,1,3.0,D192P,49.02797594,2.24880574,07:05:00,2024-10-01
202400036398,01:43,,75,75120,2,7,8,3.0,PLACE DE LA PORTE DE BAGNOLET,48.86450538,2.40851104,01:43:00,2024-06-19
202400036399,12:05,Plein jour,29,29075,2,3,1,6.0,3 rue Anne de Bretagne,48.434312,-4.401838,12:05:00,2024-11-08
202400036400,09:10,Plein jour,91,91027,2,1,8,4.0,VC QUAI DE SEINE,48.699,2.3965,09:10:00,2024-10-01
202400036401,10:35,Plein jour,75,75119,2,2,1,3.0,AVENUE JEAN JAURES,48.888726,2.393141,10:35:00,2024-06-19
202400036402,15:00,Plein jour,31,31377,1,3,1,2.0,RD 813 intersection RD 97B,43.416068,1.694185,15:00:00,2024-11-08
202400036403,13:40,Plein jour,89,89342,2,9,1,6.0,Centre commercial Leclerc,48.217038,3.277718,13:40:00,2024-09-12
202400036404,19:10,Plein jour,75,75118,2,1,1,3.0,RUE DOUDEAUVILLE,48.88831,2.35038,19:10:00,2024-06-19
202400036405,11:57,Plein jour,87,87085,2,1,1,2.0,BRIAND (RUE ARISTIDE),45.8454,1.27698,11:57:00,2024-09-30
202400036406,13:55,Plein jour,31,31033,2,3,1,2.0,27 Route de Toulouse,43.352961,1.469298,13:55:00,2024-11-07
202400036407,11:45,Plein jour,75,75118,2,2,1,3.0,PLACE DE LA CHAPELLE,48.884524,2.359336,11:45:00,2024-06-19
202400036408,17:30,Plein jour,84,84031,2,1,1,2.0,MONT VENTOUX AVENUE DU,44.05572,5.05306,17:30:00,2024-10-01
202400036409,06:55,Nuit sans éclairage,02,02569,2,2,1,3.0,D946,50.02129,3.662052,06:55:00,2024-11-08
202400036410,14:30,Plein jour,75,75116,2,2,1,3.0,AVENUE DE VERSAILLES,48.840866,2.265286,14:30:00,2024-06-19
202400036411,10:20,Plein jour,84,84007,2,1,1,3.0,AMANDIER (AVENUE DE L'),43.93908,4.84935,10:20:00,2024-09-30
202400036412,15:20,Plein jour,72,72139,2,1,1,7.0,1 résidence du pont tatin,48.324363,0.083569,15:20:00,2024-11-08
202400036413,07:30,Plein jour,80,80021,2,1,1,3.0,Place du Maréchal Joffre,49.88842,2.30294,07:30:00,2024-10-01
202400036414,07:25,Plein jour,75,75116,2,1,1,3.0,AVENUE DE VERSAILLES,48.84682,2.273117,07:25:00,2024-06-19
202400036415,03:45,Nuit sans éclairage,43,43142,1,3,1,6.0,D500,45.16062408,4.30479311,03:45:00,2024-11-01
202400036416,10:50,Plein jour,79,79329,2,6,8,7.0,Unknown,46.98189,-0.21919,10:50:00,2024-09-30
202400036417,15:45,Plein jour,75,75113,2,1,1,6.0,AVENUE DE LA PORTE DE CHOISY,48.819282,2.365149,15:45:00,2024-06-19
202400036418,09:00,Plein jour,79,79191,2,1,3,6.0,Unknown,46.3253,-0.46573,09:00:00,2024-09-26
202400036419,10:00,Plein jour,75,75112,2,3,1,6.0,AVENUE DAUMESNIL,48.847899,2.37392,10:00:00,2024-06-19
202400036420,20:20,Nuit sans éclairage,30,30152,1,2,1,3.0,D904,44.238932,4.173088,20:20:00,2024-11-08
202400036421,00:01,,75,75112,2,3,2,2.0,BOULEVARD DIDEROT,48.846079,2.37569,00:01:00,2024-06-19
202400036422,15:50,Crépuscule,48,48191,1,1,7,3.0,D167,44.383835,3.119843,15:50:00,2024-11-04
202400036423,16:00,Plein jour,75,75111,2,2,1,3.0,RUE OBERKAMPF,48.867001,2.382854,16:00:00,2024-06-19
202400036424,00:30,Nuit sans éclairage,67,67506,1,1,9,7.0,A355,48.67718575,7.72371054,00:30:00,2024-09-14
202400036425,19:05,Plein jour,75,75110,2,2,1,6.0,RUE LA FAYETTE,48.877904,2.35161,19:05:00,2024-06-19
202400036426,15:40,Plein jour,13,13080,1,1,1,2.0,Route Rd 561,43.677017,5.411654,15:40:00,2024-11-07
202400036427,13:45,Plein jour,75,75108,2,3,1,3.0,RUE LAMENNAIS,48.874516,2.302198,13:45:00,2024-06-19
202400036428,12:10,Plein jour,78,78208,2,3,8,3.0,POLITZER (AVENUE GEORGES),48.76099,1.97214,12:10:00,2024-09-30
202400036429,20:53,Crépuscule,75,75107,2,1,1,1.0,QUAI ANATOLE FRANCE,48.861662,2.322266,20:53:00,2024-06-19
202400036430,17:44,Nuit sans éclairage,01,01195,1,1,1,5.0,A 40,46.216631,5.29317,17:44:00,2024-11-07
202400036431,11:15,Plein jour,75,75107,2,1,1,7.0,QUAI D ORSAY,48.86254,2.309538,11:15:00,2024-06-19
202400036432,10:50,Plein jour,75,75102,2,1,1,3.0,BOULEVARD DE SEBASTOPOL,48.868379,2.353722,10:50:00,2024-06-19
202400036433,15:15,Plein jour,77,77284,2,2,1,6.0,ALLENDE (AV.SALVADOR),48.95455,2.89386,15:15:00,2024-10-01
202400036434,08:30,Plein jour,31,31254,2,1,1,6.0,D16,43.530691,1.535329,08:30:00,2024-11-08
202400036435,11:25,Plein jour,93,93070,2,1,1,2.0,Rue Charles Schmidt,48.9054,2.33268,11:25:00,2024-06-19
202400036436,00:20,Nuit sans éclairage,77,77075,2,4,1,7.0,D5,48.8844646,2.77120331,00:20:00,2024-10-02
202400036437,15:00,Plein jour,988,98821,1,1,1,6.0,RT1 - LA TAMOA,-22.058099,166.25031,15:00:00,2024-11-07
202400036438,14:35,Plein jour,93,93051,2,2,1,3.0,Route de Neuilly / Rue Pierre Brossolette,48.84698,2.54042,14:35:00,2024-06-19
202400036439,19:15,,34,34154,1,1,1,7.0,D172,43.589876,3.955169,19:15:00,2024-11-03
202400036440,08:50,Plein jour,77,77058,2,1,1,2.0,ANTOINE GIROUST (BOULEVARD ),48.83405,2.7124,08:50:00,2024-10-01
202400036441,04:50,,93,93046,2,3,1,6.0,Avenue Aristide Briand / Avenue Camille Desmoulins,48.912462,2.522325,04:50:00,2024-06-19
202400036442,16:00,Plein jour,76,76351,2,3,2,3.0,FLORIMOND LAURENT (RUE),49.51494,0.11221,16:00:00,2024-09-30
202400036443,17:18,Plein jour,83,83106,1,1,1,5.0,D43,43.298354,6.073251,17:18:00,2024-11-07
202400036444,08:50,Plein jour,95,95427,2,3,1,3.0,JULES FERRY (RUE),48.95701,2.33465,08:50:00,2024-06-19
202400036445,19:34,,71,71342,2,1,1,3.0,Rue du 8 Mai,46.450292,4.116048,19:34:00,2024-11-07
202400036446,21:30,Crépuscule,93,93014,2,1,1,3.0,Allée Maurice Audin,48.90926,2.5495,21:30:00,2024-06-19
202400036447,16:45,Plein jour,76,76351,2,1,1,6.0,STRASBOURG (BD),49.49325,0.1098,16:45:00,2024-09-26
202400036448,06:45,Plein jour,67,67001,2,1,1,1.0,M45,48.583627,7.634897,06:45:00,2024-09-06
202400036449,17:00,Plein jour,93,93010,2,9,8,2.0,Avenue Galliéni,48.905692,2.477528,17:00:00,2024-06-18
202400036450,08:30,Plein jour,73,73065,2,6,1,7.0,LYON (AVENUE DE),45.56239981,5.91256723,08:30:00,2024-10-01
202400036451,04:20,Nuit sans éclairage,03,03290,1,1,5,2.0,Nationale 7,46.645975,3.271641,04:20:00,2024-11-08
202400036452,20:15,Plein jour,93,93007,2,1,8,3.0,Avenue Albert Einstein,48.945076,2.471556,20:15:00,2024-06-18
202400036453,08:51,Plein jour,42,42304,1,1,1,3.0,2551 Route des Monts,45.55358956,4.21397415,08:51:00,2024-11-08
202400036454,19:00,Plein jour,92,92064,2,1,1,3.0,PASTEUR,48.84209913,2.20520568,19:00:00,2024-06-19
202400036455,00:20,,72,72181,2,1,1,6.0,BARTHOLDI FRED AUGUSTE (AV) PAIRS,48.018,0.153,00:20:00,2024-10-01
202400036456,07:50,Crépuscule,44,44035,2,2,1,3.0,220 Route d'Orvault ,47.283152,-1.586532,07:50:00,2024-11-07
202400036457,22:50,,92,92050,2,1,1,3.0,PROVINCES FRANCAISES BD DES,48.89933,2.21391,22:50:00,2024-06-19
202400036458,14:30,Plein jour,38,38261,2,1,1,7.0,Avenue du Pré du Roi,45.674826,5.461712,14:30:00,2024-11-07
202400036459,00:30,,92,92036,2,6,1,6.0,PIERRE TIMBAUD (RUE) (PAIRS),48.93329682,2.30171299,00:30:00,2024-06-18
202400036460,15:05,Plein jour,71,71306,2,1,2,7.0,GENERAL DE GAULLE (QUAI DU),46.67422,4.36213,15:05:00,2024-10-01
202400036461,17:30,,69,69206,1,1,1,6.0,Route de Villefranche sur Saône,46.049719,4.722142,17:30:00,2024-11-08
202400036462,17:05,Plein jour,92,92035,2,1,1,6.0,Sartoris ( rue ),48.90793688,2.2481584,17:05:00,2024-06-19
202400036463,09:45,Plein jour,69,69052,2,1,1,6.0,Route de Chazay,45.874107,4.721922,09:45:00,2024-11-08
202400036464,08:50,Plein jour,92,92026,2,1,3,2.0,MARECHAL JOFFRE (QUAI DU),48.9001004,2.27367875,08:50:00,2024-06-18
202400036465,10:35,Plein jour,31,31395,2,1,1,2.0,3 Rue Pierre de Fermat,43.478257,1.332946,10:35:00,2024-11-07
202400036466,21:15,,66,66136,2,9,1,3.0,PYRENEES (BOULEVARD DES),42.69681,2.8882,21:15:00,2024-10-01
202400036467,19:40,Plein jour,92,92012,2,2,1,3.0,GENERAL LECLERC (AVENUE DU) 35/FIN - 60/,48.83078513,2.23469961,19:40:00,2024-06-19
202400036468,17:40,Crépuscule,23,23125,1,1,1,6.0,D982,45.730427,2.204314,17:40:00,2024-11-07
202400036469,11:20,Plein jour,92,92007,2,1,1,6.0,PETIT (AVENUE ALBERT) N° 28 A FIN,48.79616957,2.3200314,11:20:00,2024-06-19
202400036470,00:30,,66,66136,2,2,1,3.0,POINCARE (BOULEVARD HENRI),42.69128,2.89655,00:30:00,2024-09-27
202400036471,09:10,Plein jour,47,47157,2,6,1,3.0,Rue Jean Charcot,44.507532,0.169998,09:10:00,2024-11-08
202400036472,17:10,Plein jour,92,92004,2,1,8,3.0,REDOUTE ( AVENUE DE LA  ),48.92732,2.27437,17:10:00,2024-06-19
202400036473,20:05,Nuit sans éclairage,33,33006,1,1,5,6.0,Unknown,45.200206,-0.629536,20:05:00,2024-11-06
202400036474,17:00,Plein jour,66,66136,2,1,1,6.0,Boulevard du Foment-de-la-Sardane,42.68252,2.90702,17:00:00,2024-09-30
202400036475,17:30,Plein jour,47,47238,2,1,1,7.0,Côte de Lamartine,44.176951,0.522442,17:30:00,2024-06-16
202400036476,13:00,Plein jour,85,85226,1,1,1,2.0,RD2038,46.741713,-1.954376,13:00:00,2024-06-08
202400036477,03:45,Nuit sans éclairage,54,54006,1,1,1,6.0,RD 913,48.7293744,6.23718739,03:45:00,2024-06-18
202400036478,18:05,Plein jour,64,64545,2,1,2,4.0,RD810,43.35006,-1.73898,18:05:00,2024-10-01
202400036479,21:10,Nuit sans éclairage,60,60589,1,1,2,2.0,D1016,49.219545,2.466527,21:10:00,2024-11-07
202400036480,17:15,Plein jour,83,83058,2,9,1,3.0,Rue de geneste,43.538967,6.381168,17:15:00,2024-06-17
202400036481,22:07,Nuit avec éclairage,95,95205,1,1,1,7.0,D316,49.03421279,2.39184769,22:07:00,2024-06-18
202400036482,08:01,Plein jour,64,64260,2,2,1,3.0,GAULLE CHARLES (RUE DE),43.35871,-1.77601,08:01:00,2024-10-01
202400036483,17:30,,62,62318,2,2,1,3.0,Avenue du Vieux Moulin,50.518236,1.65157,17:30:00,2024-11-06
202400036484,17:25,,59,59011,2,7,2,3.0,Place du Marche,50.53035,2.934862,17:25:00,2024-11-05
202400036485,21:20,,64,64445,2,4,3,3.0,DOYEN HENRY VIZIOZ DU,43.32038,-0.36814,21:20:00,2024-10-01
202400036486,17:42,Crépuscule,13,13213,1,1,1,3.0,A507 sens Aubagne- Marseille,43.33009,5.41161,17:42:00,2024-11-06
202400036487,15:00,Plein jour,64,64024,2,2,1,1.0,HAUSQUETTE (RUE DE),43.49355595,-1.51005954,15:00:00,2024-10-01
202400036488,12:48,Plein jour,13,13202,1,1,2,3.0,A55-Sens Marseille vers Martigues,43.31934,5.36367,12:48:00,2024-11-06
202400036489,07:20,Plein jour,76,76235,2,2,1,6.0,11 Rue de la Halle,49.8961,1.264152,07:20:00,2024-06-20
202400036490,16:48,Plein jour,33,33039,1,1,1,2.0,Unknown,44.802175,-0.533755,16:48:00,2024-11-07
202400036491,08:40,Plein jour,64,64102,2,1,1,3.0,HENRI DE NAVARRE (AVENUE),43.49524,-1.45201,08:40:00,2024-10-01
202400036492,07:01,Crépuscule,33,33080,1,1,1,2.0,Unknown,44.736048,-0.533116,07:01:00,2024-11-07
202400036493,14:15,Plein jour,63,63300,2,6,1,1.0,PARIS (AVENUE DE),45.90655,3.12469,14:15:00,2024-09-30
202400036494,08:18,Plein jour,59,59646,1,1,1,4.0,AUTOROUTE A22,50.65688,3.12546,08:18:00,2024-11-06
202400036495,11:17,Plein jour,67,67445,1,1,8,1.0,Rue du Sel,48.2929,7.373632,11:17:00,2024-06-20
202400036496,08:40,Plein jour,94,94021,1,1,1,3.0,A6A,48.76884885,2.34540172,08:40:00,2024-11-07
202400036497,06:58,Plein jour,52,52163,1,1,1,2.0,A31 PK130+800 direction Dijon,47.955561,5.41614574,06:58:00,2024-06-20
202400036498,06:20,Nuit sans éclairage,91,91689,1,1,1,3.0,AUTOROUTE A6B,48.74278,2.32256,06:20:00,2024-11-07
202400036499,16:45,Plein jour,63,63245,2,1,1,1.0,LAGRANGE LEO (AVENUE),45.89333,3.09157,16:45:00,2024-09-30
202400036500,16:53,Plein jour,68,68022,2,1,1,6.0,75 Rue Principale,47.821598,7.382196,16:53:00,2024-06-19
202400036501,17:08,Crépuscule,92,92036,1,1,1,2.0,A86,48.93484397,2.26726483,17:08:00,2024-11-07
202400036502,17:05,Plein jour,93,93027,1,1,1,2.0,AUTOROUTE A86,48.92416061,2.38792241,17:05:00,2024-11-07
202400036503,18:50,Plein jour,03,03036,2,1,1,6.0,1 Avenue Charles Louis Philippe,46.584641,3.056302,18:50:00,2024-06-20
202400036504,16:50,Crépuscule,93,93006,1,1,1,3.0,AUTOROUTE A3,48.86452091,2.41496372,16:50:00,2024-11-07
202400036505,16:30,Plein jour,89,89066,1,1,1,1.0,Route de la Vallee d’Enfer,48.14946,3.473906,16:30:00,2024-06-14
202400036506,07:50,Plein jour,93,93064,1,1,1,3.0,AUTOROUTE A86,48.86927975,2.48237084,07:50:00,2024-11-07
202400036507,16:45,Plein jour,63,63113,2,3,1,3.0,MONTCALM (RUE),45.76046,3.09553,16:45:00,2024-09-30
202400036508,19:15,Nuit sans éclairage,95,95604,1,1,1,3.0,A1,49.12091,2.55671,19:15:00,2024-11-06
202400036509,16:35,Plein jour,62,62215,2,9,1,3.0,Rue du Marais,50.4903404,2.95994416,16:35:00,2024-09-30
202400036510,08:05,Plein jour,51,51027,1,3,1,3.0,Rue Saint-martin,49.032923,4.700823,08:05:00,2024-06-18
202400036511,09:00,Plein jour,93,93008,1,1,1,3.0,AUTOROUTE A86,48.9079485,2.45266698,09:00:00,2024-11-06
202400036512,17:10,Plein jour,62,62041,2,1,2,6.0,Avenue de l'Hippodrome,50.29281,2.74727,17:10:00,2024-09-30
202400036513,13:00,Plein jour,51,51622,1,3,8,3.0,D26,49.210981,3.941431,13:00:00,2024-06-20
202400036514,08:30,Plein jour,95,95277,1,1,1,2.0,A104,48.97421456,2.48930476,08:30:00,2024-11-06
202400036515,16:15,Plein jour,19,19273,1,1,2,6.0,Unknown,45.0648083,1.56309154,16:15:00,2024-06-20
202400036516,16:35,Plein jour,60,60057,2,2,1,6.0,PARIS (RUE DE) > AVENUE DE LA PAIX,49.41615,2.09912,16:35:00,2024-10-01
202400036517,23:50,Nuit sans éclairage,77,77175,1,1,1,6.0,RN104,48.67010536,2.61201669,23:50:00,2024-11-06
202400036518,13:30,Plein jour,60,60057,2,9,2,6.0,Rue de Sénéfontaine,49.41951285,2.07204294,13:30:00,2024-09-30
202400036519,23:30,Nuit sans éclairage,94,94042,1,1,1,2.0,A4,48.82781145,2.47176162,23:30:00,2024-11-06
202400036520,15:00,Plein jour,56,56236,1,2,1,3.0,L'Hôpital Robin,47.900509,-2.518348,15:00:00,2024-06-20