Num_Acc,hrmn,lum,dep,com,agg,int,atm,col,adr,lat,long,heure,date
202400036521,19:30,Plein jour,77,77109,1,1,1,7.0,Route départementale 75,48.607944,3.183289,19:30:00,2024-06-19
202400036522,19:10,,59,59009,2,9,2,3.0,MONS BOULEVARD DE,50.647,3.125,19:10:00,2024-10-01
202400036523,18:00,Crépuscule,77,77294,1,1,1,5.0,RN104,48.9670192,2.60494771,18:00:00,2024-11-06
202400036524,18:15,Plein jour,76,76100,1,2,1,3.0,intersection D85/D61,49.500824,1.262805,18:15:00,2024-06-20
202400036525,07:35,Plein jour,59,59378,2,3,1,3.0,Rue Nationale,50.66556,3.07608,07:35:00,2024-10-01
202400036526,11:49,Plein jour,94,94069,1,1,1,4.0,A86,48.81626132,2.45282484,11:49:00,2024-11-06
202400036527,10:20,Plein jour,61,61327,1,1,8,3.0,D7,48.448297,0.447033,10:20:00,2024-06-18
202400036528,06:40,,57,57463,2,1,8,3.0,SENTE A MY (RUE ),49.0947871,6.17654264,06:40:00,2024-10-01
202400036529,18:25,Crépuscule,47,47138,1,1,3,1.0,Lagasse,44.257556,0.727909,18:25:00,2024-06-20
202400036530,11:30,Plein jour,93,93048,2,1,1,3.0,Rue de Paris,48.85498745,2.41870071,11:30:00,2024-04-28
202400036531,04:50,Nuit sans éclairage,25,25334,1,1,1,6.0,D72 PR 12+400,46.955967,6.147752,04:50:00,2024-06-20
202400036532,20:00,,93,93064,2,1,1,3.0,Rue Missak Manouchian,48.86318207,2.4962835,20:00:00,2024-04-11
202400036533,22:12,Nuit sans éclairage,25,25108,1,1,1,7.0,D437a,47.243896,6.838283,22:12:00,2024-06-15
202400036534,18:02,Plein jour,57,57463,2,4,9,3.0,ARENES (RUE AUX),49.10738556,6.17796742,18:02:00,2024-09-30
202400036535,17:20,Plein jour,29,29146,1,2,2,3.0,Kerampaou,47.88922281,-3.79754455,17:20:00,2024-06-20
202400036536,11:00,Plein jour,49,49099,2,2,1,4.0,LORRAINE (RUE DE),47.05882,-0.86627,11:00:00,2024-01-13
202400036537,15:51,Plein jour,54,54159,2,1,8,7.0,Rue de la Saline,48.6214,6.34474,15:51:00,2024-09-27
202400036538,23:33,Nuit avec éclairage,972,97213,1,1,2,6.0,ROUTE NATIONALE 5,14.59649,-60.99336,23:33:00,2024-11-05
202400036539,01:10,Nuit sans éclairage,29,29003,2,3,8,6.0,Rue du 14 Juillet,48.02600407,-4.54690495,01:10:00,2024-06-20
202400036540,16:10,Plein jour,15,15050,1,1,5,6.0,RD 680,45.11199,2.679441,16:10:00,2024-06-20
202400036541,17:50,Plein jour,01,01374,1,3,2,3.0,RD 1075,46.11858702,5.29734671,17:50:00,2024-06-20
202400036542,14:50,Plein jour,972,97213,1,2,1,3.0,ROUTE DEPARTEMENTALE 3,14.62111,-60.98742,14:50:00,2024-11-06
202400036543,14:35,Plein jour,51,51454,2,2,1,6.0,MARCHANDEAU (AVENUE PAUL),49.24406,4.02759,14:35:00,2024-10-01
202400036544,18:45,Plein jour,01,01200,1,1,1,7.0,Route du Sappel,46.096845,5.503272,18:45:00,2024-06-19
202400036545,19:50,,972,97213,1,1,1,5.0,AUTOROUTE A1,14.61504,-61.01342,19:50:00,2024-11-05
202400036546,07:20,Crépuscule,49,49328,2,1,2,1.0,Rue de Nantilly,47.25319,-0.0772,07:20:00,2024-09-24
202400036547,19:40,Crépuscule,49,49007,2,1,1,6.0,CONTADES AVENUE,47.4643,-0.55365,19:40:00,2024-10-01
202400036548,22:00,,972,97209,2,1,1,6.0,PROFESSEUR RAYMOND GARCIN (RUE DU),14.6205,-61.0776,22:00:00,2024-11-05
202400036549,14:00,Plein jour,45,45165,1,2,1,3.0,Route de Montbouy,47.930125,2.852873,14:00:00,2024-06-18
202400036550,23:55,,69,69034,2,1,1,6.0,Montée de la Boucle,45.78081747,4.84002818,23:55:00,2024-11-06
202400036551,11:30,Plein jour,49,49007,2,1,1,2.0,LAFAYETTE PLACE,47.46232,-0.55382,11:30:00,2024-09-30
202400036552,18:15,Plein jour,64,64138,1,6,1,3.0,D938,43.243562,-0.268055,18:15:00,2024-06-19
202400036553,07:34,Plein jour,47,47001,2,2,1,6.0,PALISSY (RUE ET IMP.),44.2004,0.616,07:34:00,2024-10-01
202400036554,21:00,,971,97120,2,9,1,3.0,FREBAULT,16.24092,-61.53527,21:00:00,2024-11-02
202400036555,16:45,Plein jour,64,64060,1,3,3,3.0,D802,43.318127,-0.46315,16:45:00,2024-06-20
202400036556,18:56,Plein jour,42,42095,2,2,1,6.0,Rue Jean Jaurès,45.38809,4.2858,18:56:00,2024-09-29
202400036557,12:35,Plein jour,2A,2A004,2,1,1,2.0,NAPOLEON COURS APRES BEVERINI,41.92631363,8.73829901,12:35:00,2024-11-06
202400036558,21:15,Crépuscule,37,37204,1,2,2,3.0,La Houssaye,47.529101,0.67446,21:15:00,2024-06-19
202400036559,18:55,Plein jour,37,37261,2,1,7,6.0,DANIEL MAYER,47.41852,0.68474,18:55:00,2024-10-01
202400036560,19:45,,91,91691,2,1,1,5.0,RAYMOND POINCARE(RUE),48.71544,2.50154,19:45:00,2024-11-05
202400036561,09:50,Plein jour,37,37261,2,1,2,7.0,Daniel Mayer,47.41884529,0.69916391,09:50:00,2024-10-01
202400036562,20:30,Plein jour,38,38310,1,1,1,7.0,Route de Rochefort,45.259769,5.472007,20:30:00,2024-06-17
202400036563,14:20,Plein jour,82,82121,2,1,1,7.0,GOUZE(boulevard h),44.00737883,1.36045387,14:20:00,2024-11-06
202400036564,20:45,,35,35115,2,1,1,3.0,SAINT LO (RUE DE),48.36571,-1.17991,20:45:00,2024-10-01
202400036565,08:25,Plein jour,80,80021,2,1,1,2.0,Avenue de la Paix,49.91161,2.29935,08:25:00,2024-11-04
202400036566,19:00,Plein jour,63,63082,1,1,3,6.0,A71,46.06729317,3.11836114,19:00:00,2024-06-19
202400036567,04:15,Nuit sans éclairage,53,53007,1,1,8,6.0,"A81, PK 233.150",48.074624,-0.601866,04:15:00,2024-06-19
202400036568,18:45,Plein jour,33,33063,2,3,2,3.0,Unknown,44.86199,-0.55608,18:45:00,2024-10-01
202400036569,16:15,Plein jour,78,78423,2,3,1,6.0,LECLERC (AVENUE DU GENERAL),48.77595,2.03726,16:15:00,2024-11-06
202400036570,08:40,Plein jour,21,21297,1,1,1,6.0,"Autoroute A31, PK 19+200 sens Beaune / Dijon",47.164436,4.999976,08:40:00,2024-06-20
202400036571,17:45,Plein jour,56,56075,1,1,1,1.0,Le Hurpe,47.929269,-2.127185,17:45:00,2024-06-19
202400036572,14:30,Plein jour,33,33281,2,1,1,3.0,Unknown,44.83388,-0.6688,14:30:00,2024-10-01
202400036573,16:50,Plein jour,988,98826,2,1,1,1.0,Naraï (Tribu),-20.197859,164.132985,16:50:00,2024-06-19
202400036574,15:00,Plein jour,33,33192,2,1,8,3.0,Unknown,44.78581,-0.60531,15:00:00,2024-09-30
202400036575,05:15,Nuit sans éclairage,66,66037,1,1,1,2.0,D617,42.705445,2.994161,05:15:00,2024-06-08
202400036576,16:25,Plein jour,30,30142,1,1,2,1.0,D906,44.240268,4.05572,16:25:00,2024-06-20
202400036577,04:15,Nuit sans éclairage,13,13004,1,1,2,1.0,Route départementale 570,43.643467,4.566643,04:15:00,2024-06-20
202400036578,13:58,Plein jour,33,33065,1,1,8,3.0,Unknown,44.80473,-0.5166,13:58:00,2024-09-30
202400036579,17:00,Plein jour,68,68309,1,2,1,3.0,Forêt domaniale de la Hardt-Nord,47.652877,7.494467,17:00:00,2024-06-19
202400036580,20:40,,29,29232,1,6,1,6.0,Boulevard Gutenberg,47.97993992,-4.08075934,20:40:00,2024-10-01
202400036581,10:44,Plein jour,77,77058,2,1,1,6.0,MARIE CURIE  (AVENUE),48.83409826,2.7138997,10:44:00,2024-11-06
202400036582,14:00,Plein jour,28,28332,2,9,1,3.0,Rue de Moronval,48.73289,1.38681,14:00:00,2024-10-01
202400036583,17:50,Plein jour,88,88090,1,1,1,4.0,N57,48.36854508,6.27982448,17:50:00,2024-06-19
202400036584,18:05,,71,71270,2,1,1,6.0,ESCANDE (BOULEVARD LOUIS),46.31694556,4.81607978,18:05:00,2024-11-05
202400036585,08:24,Plein jour,25,25462,1,6,1,3.0,ROCADE G.POMPIDOU (DU 25 A LA FIN),46.90994,6.33238,08:24:00,2024-09-30
202400036586,16:30,Plein jour,73,73054,1,4,1,2.0,D902,45.68517607,6.73667969,16:30:00,2024-06-16
202400036587,08:45,Plein jour,69,69264,2,1,8,3.0,Rue Jules Ferry,45.9802625,4.73482043,08:45:00,2024-11-06
202400036588,18:48,Plein jour,22,22215,2,1,1,3.0,CARPONT (RUE DU),48.50116,-2.77679,18:48:00,2024-10-01
202400036589,11:45,Plein jour,69,69029,2,2,1,3.0,Avenue Général de Gaulle,45.72727,4.92723,11:45:00,2024-11-06
202400036590,06:45,Plein jour,73,73054,1,1,2,7.0,D902,45.645533,6.78571,06:45:00,2024-06-20
202400036591,08:30,Plein jour,21,21355,1,1,8,3.0,M974,47.280823,5.048668,08:30:00,2024-10-01
202400036592,17:25,Crépuscule,67,67482,2,8,1,6.0,GENERAL DE GAULLE (AVENUE DU),48.57861,7.7694,17:25:00,2024-11-06
202400036593,05:55,,83,83126,2,3,9,3.0,STALINGRAD (BD),43.10653,5.86602,05:55:00,2024-12-12
202400036594,08:00,Plein jour,19,19272,2,3,3,7.0,Albert de la Pradel (Av),45.28419136,1.77147737,08:00:00,2024-09-30
202400036595,17:40,Plein jour,69,69204,1,2,1,1.0,Route de Brignais,45.704617,4.767914,17:40:00,2024-06-18
202400036596,17:30,,83,83129,2,1,1,6.0,RAYNAUD (AVENUE JOSEPH),43.09126175,5.84484678,17:30:00,2024-12-11
202400036597,03:57,,67,67482,2,3,5,6.0,HAVRE (RUE DU),48.55473,7.79607,03:57:00,2024-11-06
202400036598,08:45,Plein jour,69,69204,2,1,1,6.0,90 Avenue Georges Clémenceau,45.70038,4.795511,08:45:00,2024-06-18
202400036599,22:25,,13,13210,2,2,2,3.0,FLORIAN ( ROND POINT),43.28543,5.42582,22:25:00,2024-10-01
202400036600,09:30,Plein jour,81,81004,2,2,1,3.0,STRASBOURG (BD DE),43.93323,2.14666,09:30:00,2024-12-12
202400036601,19:00,,67,67447,2,3,1,2.0,ERSTEIN (RUE D ),48.61018,7.73966,19:00:00,2024-11-05
202400036602,17:45,Plein jour,14,14762,2,2,8,7.0,20bis Rue du Viverot,48.842892,-0.883305,17:45:00,2024-06-20
202400036603,12:05,Plein jour,80,80021,2,1,1,3.0,CONDE (RUE DE),49.89774,2.2945,12:05:00,2024-12-12
202400036604,13:35,Plein jour,13,13210,2,1,1,3.0,CAPELETTE (AVENUE DE LA),43.2806454,5.4076827,13:35:00,2024-10-01
202400036605,13:22,Plein jour,67,67482,2,3,1,6.0,VIENNE (ROUTE DE),48.57514,7.75483,13:22:00,2024-11-05
202400036606,16:40,Plein jour,56,56237,1,1,2,1.0,Reste Er Bouer,48.019862,-2.909499,16:40:00,2024-06-19
202400036607,18:06,,79,79081,2,1,1,3.0,Unknown,46.34086,-0.37787,18:06:00,2024-12-11
202400036608,11:05,Plein jour,13,13214,2,4,1,3.0,ALEX ANSALDI (RUE),43.33068,5.40449,11:05:00,2024-10-01
202400036609,09:10,Plein jour,66,66136,1,1,1,3.0,Unknown,42.69585,2.85199,09:10:00,2024-11-04
202400036610,08:40,Nuit sans éclairage,78,78486,1,1,8,6.0,TOUCHE (RUE DE LA),48.69617,1.82234,08:40:00,2024-12-11
202400036611,10:15,Plein jour,22,22143,2,6,1,3.0,9 Rue des Guerches,48.597926,-2.293938,10:15:00,2024-06-20
202400036612,13:15,Plein jour,64,64445,2,1,1,6.0,14 JUILLET DU,43.29371,-0.37755,13:15:00,2024-11-06
202400036613,05:50,,13,13205,2,1,1,3.0,SAKAKINI (BOULEVARD),43.29553,5.40028,05:50:00,2024-10-01
202400036614,08:00,Crépuscule,78,78208,2,3,1,3.0,GANCE (COURS ABEL),48.76679,1.96551,08:00:00,2024-12-12
202400036615,19:10,,64,64024,2,1,1,3.0,BOIS BELIN (RUE DU),43.49289,-1.51944,19:10:00,2024-11-06
202400036616,08:05,Plein jour,60,60009,1,6,1,3.0,Avenue Rhin et Danube,49.405319,2.119771,08:05:00,2024-06-20
202400036617,13:45,Plein jour,13,13005,2,1,1,2.0,BEAUDINARD (ROUTE DE),43.31613,5.59022,13:45:00,2024-10-01
202400036618,17:45,Nuit sans éclairage,77,77243,2,1,1,6.0,D934,48.873007,2.717545,17:45:00,2024-12-12
202400036619,20:40,,64,64102,2,1,1,2.0,DUVERGIER DE HAURANNE (AVENUE),43.48614,-1.46649,20:40:00,2024-11-05
202400036620,18:09,,63,63300,2,2,1,3.0,REPUBLIQUE (BOULEVARD DE LA),45.89395591,3.10934007,18:09:00,2024-11-06
202400036621,07:38,Plein jour,80,80002,1,1,1,2.0,autoroute A1 PK 116+400 sens Paris Lille,49.832225,2.828379,07:38:00,2024-06-20
202400036622,16:13,Crépuscule,77,77186,1,1,1,3.0,D116,48.48042,2.74614,16:13:00,2024-12-11
202400036623,23:30,Nuit sans éclairage,62,62846,2,9,1,6.0,D943,50.47535691,2.7420525,23:30:00,2024-11-06
202400036624,16:30,Plein jour,62,62487,2,1,1,6.0,Rue Jean Monnet,50.84013075,1.77443075,16:30:00,2024-06-19
202400036625,15:15,Plein jour,60,60057,2,1,8,6.0,Avenue Paul-Henri Spaak,49.44759,2.10114,15:15:00,2024-11-05
202400036626,13:00,Plein jour,76,76540,2,2,8,6.0,Rue Jeanne d'Arc,49.44026,1.08948,13:00:00,2024-12-12
202400036627,09:00,Plein jour,59,59034,1,1,1,3.0,D549,50.53950639,3.07401894,09:00:00,2024-06-19
202400036628,16:30,Crépuscule,59,59152,2,4,8,6.0,Avenue de l'Énergie,50.76706489,3.01773045,16:30:00,2024-11-06
202400036629,15:00,Plein jour,73,73087,2,4,1,6.0,DERRIERE LES MURS (RUE DE),45.56115,5.89737,15:00:00,2024-12-12
202400036630,00:45,Nuit sans éclairage,57,57582,1,9,8,7.0,Autoroute A31,49.28379,6.17279,00:45:00,2024-06-19
202400036631,18:30,Nuit avec éclairage,57,57683,2,1,1,6.0,SAINT JACQUES ( RUE) ,49.3011392,6.16238146,18:30:00,2024-11-04
202400036632,16:45,Plein jour,72,72181,2,1,1,3.0,RHIN ET DANUBE (AV) N° PAIRS 194 A 338,48.02446,0.18234,16:45:00,2024-12-12
202400036633,07:50,Plein jour,33,33281,1,1,1,2.0,Unknown,44.84358,-0.6722,07:50:00,2024-06-19
202400036634,07:17,Crépuscule,56,56260,1,3,1,3.0,Rue du Rohic,47.66023,-2.70447,07:17:00,2024-11-06
202400036635,11:51,Plein jour,71,71076,2,1,1,6.0,GIDE (RUE ANDRE),46.79841,4.84428,11:51:00,2024-12-12
202400036636,16:50,Plein jour,33,33249,1,1,1,2.0,Unknown,44.870868,-0.505357,16:50:00,2024-06-18
202400036637,17:00,Crépuscule,56,56260,2,1,1,3.0,Avenue de la Marne,47.66008,-2.78739,17:00:00,2024-11-05
202400036638,18:10,,69,69091,2,3,1,3.0,Rue Julian Grimau,45.59485,4.76959,18:10:00,2024-12-12
202400036639,18:23,Plein jour,91,91161,1,1,1,3.0,AUTOROUTE A6,48.69536068,2.31806159,18:23:00,2024-06-19
202400036640,18:45,,54,54395,2,9,1,6.0,Boulevard Lobau,48.68233,6.19875,18:45:00,2024-11-06
202400036641,18:25,,67,67482,2,4,1,6.0,MARTIN SCHONGAUER (RUE),48.56652,7.72037,18:25:00,2024-12-11
202400036642,07:55,Crépuscule,54,54391,1,1,1,6.0,RD613,49.23022,5.93896,07:55:00,2024-11-06
202400036643,10:40,Plein jour,93,93005,1,1,1,3.0,A3,48.95091347,2.47454259,10:40:00,2024-06-19
202400036644,19:05,,51,51058,2,6,1,6.0,LAMBERT (RUE VICTOR),49.228579,3.995783,19:05:00,2024-11-05
202400036645,21:45,,67,67482,2,2,1,3.0,RACINE (AVENUE),48.59108,7.70911,21:45:00,2024-12-11
202400036646,07:30,Plein jour,93,93007,1,1,1,5.0,A1,48.94674096,2.44241883,07:30:00,2024-06-19
202400036647,09:50,Plein jour,51,51108,2,7,1,3.0,VERDUN (PL DE),48.96342,4.36666,09:50:00,2024-11-05
202400036648,05:30,Nuit sans éclairage,95,95277,1,1,1,2.0,A3,48.97380183,2.48838243,05:30:00,2024-06-19
202400036649,12:10,Plein jour,66,66136,2,3,2,5.0,Avenue Henri Ribère,42.69243006,2.88228035,12:10:00,2024-12-11
202400036650,17:15,Crépuscule,50,50129,2,1,1,2.0,MER (Bld de la ),49.65975,-1.67577,17:15:00,2024-11-05
202400036651,08:30,Plein jour,94,94073,1,1,1,3.0,A86,48.76210053,2.38167667,08:30:00,2024-06-19
202400036652,07:25,,65,65286,2,1,1,6.0,42 Avenue Alexandre Marqui,43.10257048,-0.04332304,07:25:00,2024-12-12
202400036653,10:40,Plein jour,45,45234,2,1,8,7.0,7 Rue des Carmes,47.90153,1.90113,10:40:00,2024-11-06
202400036654,12:00,Plein jour,64,64545,1,1,1,1.0,BRETELLE DE LAUTOROUTE RD 913,43.3746,-1.68539,12:00:00,2024-12-12
202400036655,07:30,Crépuscule,45,45234,2,1,5,3.0,Rue du Faubourg Bannier,47.927276,1.896272,07:30:00,2024-11-06
202400036656,18:15,,987,98735,2,3,1,3.0,POMARE V (AVENUE),-17.53036,-149.56186,18:15:00,2024-06-17
202400036657,07:45,Crépuscule,64,64545,2,1,1,3.0,LANTEGIA (CHEMIN DE),43.34810681,-1.68979973,07:45:00,2024-12-12
202400036658,07:27,Crépuscule,45,45284,2,3,2,3.0,99 Avenue Pierre et Marie Curie,47.906081,1.986601,07:27:00,2024-11-06
202400036659,07:40,Plein jour,974,97411,2,1,1,2.0,JAURES (BLD 1 JEAN),-20.89011,55.453,07:40:00,2024-06-18
202400036660,00:20,,64,64445,1,1,1,1.0,EUROPE DE L',43.32814,-0.33856,00:20:00,2024-12-13
202400036661,12:45,Plein jour,44,44162,2,1,1,6.0,44 Rue de la Porchellerie,47.22238,-1.6674,12:45:00,2024-11-06
202400036662,10:10,Plein jour,974,97411,2,1,2,1.0,MONTAGNE (ROUTE DE LA),-20.8891,55.43649,10:10:00,2024-06-15
202400036663,21:10,,44,44109,2,1,5,3.0,47 Boulevard Gabriel Lauriol,47.23833,-1.56214,21:10:00,2024-11-05
202400036664,07:45,Crépuscule,64,64445,2,2,1,5.0,MEON DE,43.32088,-0.37892,07:45:00,2024-12-12
202400036665,07:35,Plein jour,974,97407,2,1,7,6.0,TOULOUSE(BOULEVARD),-20.94326,55.29149,07:35:00,2024-06-18
202400036666,14:30,Plein jour,38,38185,2,2,1,3.0,PLACE VICTOR HUGO,45.18971,5.7248,14:30:00,2024-11-05
202400036667,17:49,Plein jour,973,97302,2,1,1,6.0,CABASSOU (ROUTE DE),4.91990437,-52.31943047,17:49:00,2024-06-17
202400036668,18:54,,64,64102,2,3,1,3.0,SOULT (AVENUE MARECHAL),43.48396,-1.49935,18:54:00,2024-12-11
202400036669,10:00,Plein jour,37,37214,2,1,5,6.0,DE GAULLE (BD CHARLES),47.42483,0.65867,10:00:00,2024-11-06
202400036670,21:45,,69,69387,2,1,1,7.0,Boulevard Yves Farge,45.74421,4.83501,21:45:00,2024-06-18
202400036671,13:44,Plein jour,62,62401,2,1,8,6.0,D947,50.50619,2.80842,13:44:00,2024-12-11
202400036672,17:25,Crépuscule,37,37233,2,3,1,3.0,CACHIN (RUE MARCEL),47.39784,0.75007,17:25:00,2024-11-04
202400036673,14:30,Plein jour,69,69388,2,1,1,6.0,73 Rue Marius Berliet,45.74135,4.8616,14:30:00,2024-06-18
202400036674,15:30,Plein jour,60,60057,2,1,1,3.0,Avenue Léon Blum,49.45213,2.07358,15:30:00,2024-12-12
202400036675,18:50,Nuit sans éclairage,35,35278,1,1,1,6.0,BETTON (ROND POINT DE),48.15259,-1.65383,18:50:00,2024-11-06
202400036676,14:00,Plein jour,972,97209,2,1,2,2.0,RD 41,14.60904,-61.08541,14:00:00,2024-06-18
202400036677,08:52,Crépuscule,59,59350,2,2,1,1.0,Boulevard de Belfort,50.62401,3.0805,08:52:00,2024-12-12
202400036678,09:25,Plein jour,35,35238,2,6,8,3.0,CHAMPION DE CICE,48.1017298,-1.70722,09:25:00,2024-11-06
202400036679,08:00,Plein jour,2B,2B037,1,1,1,2.0,TOUTES RUES,42.6364,9.43879,08:00:00,2024-06-18
202400036680,17:45,Nuit sans éclairage,56,56260,1,1,1,2.0,Ménimur,47.66919,-2.7653,17:45:00,2024-12-12
202400036681,19:30,,33,33063,2,9,1,3.0,Unknown,44.83793,-0.58744,19:30:00,2024-11-06
202400036682,10:50,Plein jour,971,97120,2,1,1,6.0,NELSON MANDELA,16.24204,-61.53119,10:50:00,2024-06-18
202400036683,13:10,Plein jour,54,54431,2,2,8,3.0,Chemin de la Corderie,48.90776,6.0457,13:10:00,2024-12-11
202400036684,19:15,Crépuscule,30,30189,2,6,1,6.0,VERDUN (RUE),43.8311,4.3506,19:15:00,2024-10-15
202400036685,16:25,Plein jour,971,97101,2,1,1,4.0,DUGAZON,16.25178,-61.51881,16:25:00,2024-06-17
202400036686,10:30,Plein jour,54,54431,1,1,2,2.0,RD 910A,48.9215,6.08529,10:30:00,2024-12-07
202400036687,19:05,Nuit sans éclairage,29,29232,1,1,1,4.0,RN 165,48.03251373,-4.0839088,19:05:00,2024-11-06
202400036688,10:30,Plein jour,91,91161,2,1,1,2.0,MAZARIN (AVENUE),48.7059,2.3141,10:30:00,2024-06-18
202400036689,10:10,Plein jour,27,27299,2,1,5,6.0,SEMARD (RUE PIERRE),49.05474,1.16828,10:10:00,2024-11-05
202400036690,09:45,Plein jour,54,54357,2,3,1,6.0,Rue Lafayette,48.7123421,6.1686784,09:45:00,2024-12-12
202400036691,09:30,Plein jour,91,91228,2,1,2,3.0,MARECHAL LECLERC (BD),48.63212,2.43909,09:30:00,2024-06-18
202400036692,16:48,Crépuscule,50,50532,2,1,1,1.0,MARIGNE (AVENUE JOZEAU),48.81631,-1.57098,16:48:00,2024-12-12
202400036693,23:30,Nuit sans éclairage,26,26058,2,3,1,3.0,Rue de Sully,44.941767,4.90348577,23:30:00,2024-11-06
202400036694,09:39,Plein jour,91,91433,1,1,3,1.0,CD207,48.45993,2.17017,09:39:00,2024-06-18
202400036695,08:00,Crépuscule,49,49015,2,1,1,2.0,CROIX CADEAU Z.I.,47.52066,-0.61101,08:00:00,2024-12-11
202400036696,12:57,Plein jour,19,19031,2,2,1,3.0,VOLTAIRE (BOULEVARD),45.16146,1.54084,12:57:00,2024-11-06
202400036697,17:25,,45,45285,2,1,1,2.0,Avenue Pierre Mendès France,47.90571,1.86904,17:25:00,2024-12-11
202400036698,17:06,Plein jour,87,87085,2,2,2,3.0,RHIN ET DANUBE (RUE),45.88378,1.29447,17:06:00,2024-06-14
202400036699,22:50,,18,18033,2,1,1,1.0,5 Boulevard Gambetta,47.0902,2.39249,22:50:00,2024-11-06
202400036700,08:55,Plein jour,87,87085,2,1,3,6.0,COUTURES (AVENUE DES),45.8357,1.27246,08:55:00,2024-06-17
202400036701,17:30,Nuit sans éclairage,38,38053,1,6,1,3.0,D522,45.61689,5.26949,17:30:00,2024-12-11
202400036702,16:10,Plein jour,34,34129,1,1,1,7.0,D116,43.57102,3.88007,16:10:00,2024-12-12
202400036703,20:00,,17,17415,2,9,1,3.0,Route Départementale N° 131,45.74687,-0.63589,20:00:00,2024-11-06
202400036704,12:20,Plein jour,83,83137,2,1,1,5.0,LOUVOIS (BD),43.12944667,5.9306885,12:20:00,2024-06-18
202400036705,15:24,Plein jour,34,34198,2,1,1,6.0,BRASSENS (PLACE GEORGES),43.56245,3.95202,15:24:00,2024-12-12
202400036706,13:25,Plein jour,15,15014,2,1,1,6.0,Impasse Jean Rostand,44.90086,2.43822,13:25:00,2024-11-06
202400036707,16:30,Plein jour,83,83137,2,9,1,6.0,MAGNAN (AVE GENERAL),43.1222,5.92893,16:30:00,2024-06-17
202400036708,23:05,,33,33069,2,2,1,3.0,Unknown,44.85706,-0.59112,23:05:00,2024-12-12
202400036709,14:40,Plein jour,15,15014,1,1,1,1.0,RD 17,44.94756,2.46275,14:40:00,2024-11-04
202400036710,08:10,Plein jour,83,83126,2,9,1,6.0,MERLE (BD TOUSSAINT),43.10112876,5.8882717,08:10:00,2024-06-17
202400036711,13:15,Plein jour,13,13215,2,1,1,3.0,SAINT LOUIS (AVENUE DE),43.34626,5.35938,13:15:00,2024-11-06
202400036712,07:50,Crépuscule,33,33063,2,1,1,3.0,Unknown,44.86756,-0.55875,07:50:00,2024-12-12
202400036713,12:35,Plein jour,13,13005,2,1,1,3.0,GOUMS (AVENUE DES),43.2919,5.56159,12:35:00,2024-11-06
202400036714,07:50,Plein jour,33,33318,2,6,1,6.0,Unknown,44.80323,-0.63862,07:50:00,2024-12-12
202400036715,20:20,Plein jour,78,78440,2,1,1,6.0,PAUL RAOULT (AVENUE),48.989412,1.913277,20:20:00,2024-06-18
202400036716,08:45,Plein jour,06,06088,2,2,1,6.0,2 Place Franklin,43.69961,7.25627,08:45:00,2024-11-06
202400036717,18:30,,33,33063,2,3,2,6.0,Unknown,44.861796,-0.585966,18:30:00,2024-12-11
202400036718,17:20,Plein jour,77,77335,1,1,1,5.0,RN3 (ROUTE NATIONALE),48.95721,2.85143,17:20:00,2024-06-17
202400036719,13:45,Plein jour,06,06027,2,1,1,1.0,122 Chemin du Val de Cagne,43.695265,7.145723,13:45:00,2024-11-06
202400036720,15:45,Plein jour,33,33162,2,1,1,3.0,Unknown,44.87061,-0.65614,15:45:00,2024-12-11
202400036721,16:06,Plein jour,01,01283,2,2,1,3.0,NICOD (RUE DU 0 AU 20-41),46.261526,5.655498,16:06:00,2024-10-28
202400036722,20:00,Plein jour,77,77307,2,6,1,2.0,RTE DE PROVINS,48.85237,2.76259,20:00:00,2024-06-18
202400036723,16:20,Plein jour,29,29019,2,1,2,6.0,rue de l'Elorn,48.385101,-4.478347,16:20:00,2024-12-09
202400036724,17:10,Plein jour,75,75117,2,1,1,3.0,BOULEVARD PERIPHERIQUE INTERIEUR OUEST,48.884578,2.286301,17:10:00,2024-11-04
202400036725,08:35,Plein jour,25,25204,1,6,1,2.0,R-N 57.,46.92407,6.33739,08:35:00,2024-12-12
202400036726,23:00,,75,75110,2,1,1,5.0,RUE DU FAUBOURG SAINT MARTIN,48.880704,2.364655,23:00:00,2024-11-05
202400036727,10:45,Plein jour,13,13103,2,1,1,6.0,BOULEVARD JOLY - VICTOR,43.63964,5.09535,10:45:00,2024-12-12
202400036728,02:26,,75,75108,2,1,1,6.0,PLACE DE LA MADELEINE,48.869977,2.325237,02:26:00,2024-11-05
202400036729,05:00,Nuit sans éclairage,13,13039,1,9,1,3.0,VENTILLON (zone du),43.47724,4.899,05:00:00,2024-12-12
202400036730,00:01,,75,75119,2,3,1,3.0,BOULEVARD DE LA VILLETTE,48.881493,2.370418,00:01:00,2024-11-06
202400036731,17:40,,13,13214,2,1,1,1.0,bougie (rue de la),43.3223,5.39215,17:40:00,2024-12-12
202400036732,19:20,,75,75118,2,2,1,6.0,RUE DES POISSONNIERS,48.894237,2.352866,19:20:00,2024-11-06
202400036733,14:50,Plein jour,13,13213,2,1,1,1.0,NEUF (BOULEVARD),43.33259,5.43246,14:50:00,2024-12-12
202400036734,17:35,,75,75118,2,2,1,6.0,Rue Ordener,48.893637,2.336375,17:35:00,2024-11-06
202400036735,08:50,Plein jour,13,13005,2,1,1,2.0,GARLABAN (AVENUE DU),43.30043,5.57132,08:50:00,2024-12-12
202400036736,09:00,Plein jour,75,75114,2,3,1,6.0,RUE FROIDEVAUX,48.836345,2.326589,09:00:00,2024-11-06
202400036737,20:30,,75,75111,2,1,1,6.0,BOULEVARD VOLTAIRE,48.861949,2.373166,20:30:00,2024-11-06