Num_Acc,hrmn,lum,dep,com,agg,int,atm,col,adr,lat,long,heure,date
202400036738,11:50,Plein jour,13,13004,2,1,1,5.0,AV DES ARCHES FOURCHON,43.66342,4.63824,11:50:00,2024-12-11
202400036739,17:55,,75,75108,2,2,1,2.0,AVENUE DES CHAMPS ELYSEES,48.873132,2.297054,17:55:00,2024-11-06
202400036740,12:30,Plein jour,13,13001,2,1,1,3.0,GAMBETTA (COURS),43.51899,5.46286,12:30:00,2024-12-12
202400036741,11:15,Plein jour,75,75108,2,1,1,3.0,COURS ALBERT 1ER,48.864688,2.305525,11:15:00,2024-11-06
202400036742,14:55,Plein jour,12,12145,2,1,1,6.0,AUMIERES (ROUTE DES),44.11171,3.0431,14:55:00,2024-12-12
202400036743,23:45,,75,75103,2,2,1,2.0,RUE VIEILLE DU TEMPLE,48.861221,2.363159,23:45:00,2024-11-05
202400036744,19:46,,10,10387,2,1,8,1.0,Rue Louis Berthollet,48.3078,4.08467,19:46:00,2024-12-11
202400036745,17:50,,94,94081,2,1,1,6.0,Avenue Anatole France,48.802437,2.403447,17:50:00,2024-11-06
202400036746,08:12,Crépuscule,10,10387,2,3,1,3.0,LOMBARDS (AVENUE),48.27181,4.07874,08:12:00,2024-12-11
202400036747,17:25,,02,02691,2,1,2,6.0,15 Boulevard Victor Hugo,49.84288,3.28098,17:25:00,2024-12-07
202400036748,20:30,,94,94069,2,1,1,3.0,24 Rue du Maréchal Leclerc,48.818097,2.423462,20:30:00,2024-11-06
202400036749,23:50,,93,93059,2,1,1,6.0,MAURICE BOKANOWSKI (RUE),48.95387,2.35844,23:50:00,2024-11-05
202400036750,08:30,Crépuscule,02,02691,2,3,8,6.0,96 Rue Dachery,49.84077,3.28753,08:30:00,2024-12-12
202400036751,18:30,,93,93053,2,1,1,1.0,BOBIGNY (AVENUE DE),48.89463,2.44686,18:30:00,2024-11-06
202400036752,14:15,Plein jour,75,75120,2,1,1,4.0,BD PERIPHERIQUE INTERIEUR,48.863502,2.413408,14:15:00,2024-12-12
202400036753,18:35,,93,93010,2,3,9,3.0,BLUM (AV. LEON),48.91685055,2.4794718,18:35:00,2024-11-06
202400036754,09:30,Plein jour,75,75116,2,4,8,3.0,BD PERIPHERIQUE INTERIEUR,48.86092213,2.26400435,09:30:00,2024-12-12
202400036755,16:55,Plein jour,93,93073,2,1,1,3.0,PETITS PONTS (ROUTE DES),48.96488753,2.56718516,16:55:00,2024-11-06
202400036756,06:30,,75,75113,2,1,1,3.0,BD PERIPHERIQUE INTERIEUR,48.816783,2.355855,06:30:00,2024-12-12
202400036757,16:10,Plein jour,92,92078,2,4,1,7.0,MOULIN DE CAGE (RUE),48.92726478,2.33168967,16:10:00,2024-11-05
202400036758,00:01,,75,75113,2,1,2,2.0,BD PERIPHERIQUE INTERIEUR,48.823637,2.382249,00:01:00,2024-12-11
202400036759,22:45,,92,92064,2,2,1,2.0,REPUBLIQUE,48.85946815,2.2136271,22:45:00,2024-11-05
202400036760,18:50,,92,92050,2,1,1,7.0,PESARO BOULEVARD DE,48.89506225,2.2264342,18:50:00,2024-11-05
202400036761,22:25,,75,75120,2,3,1,3.0,RUE DE BELLEVILLE,48.873395,2.382629,22:25:00,2024-12-11
202400036762,19:25,,92,92020,2,1,1,6.0,LIBERTE BOULEVARD DE LA N° IMPAIRS,48.79886,2.29438,19:25:00,2024-11-06
202400036763,09:10,Plein jour,75,75118,2,1,8,6.0,RUE CAULAINCOURT,48.888694,2.334343,09:10:00,2024-12-11
202400036764,08:25,Crépuscule,92,92032,2,1,8,4.0,MOULIN JEAN (AVENUE),48.78728917,2.28760779,08:25:00,2024-11-06
202400036765,18:28,,75,75116,2,4,1,3.0,AVENUE BUGEAUD,48.870608,2.281211,18:28:00,2024-12-12
202400036766,19:00,,92,92012,2,2,1,3.0,REINE (ROUTE DE LA) 82/FIN - 107TER/FIN,48.84013,2.23573,19:00:00,2024-11-06
202400036767,19:20,,75,75116,2,1,1,3.0,RUE RAYNOUARD,48.853208,2.276642,19:20:00,2024-12-12
202400036768,18:34,,92,92012,2,6,1,3.0,JEAN BAPTISTE CLEMENT (AVENUE) 1/47 - 2/,48.8479075,2.24182203,18:34:00,2024-11-06
202400036769,18:30,,75,75116,2,5,1,6.0,AVENUE KLEBER,48.868959,2.291553,18:30:00,2024-12-11
202400036770,19:32,,92,92004,2,3,1,6.0,EMILE ZOLA ( RUE ),48.92749872,2.27549113,19:32:00,2024-11-06
202400036771,16:50,,75,75115,2,3,1,6.0,RUE LECOURBE,48.840969,2.296995,16:50:00,2024-12-12
202400036772,17:30,Crépuscule,72,72176,2,5,1,1.0,2 Avenue de la Libération,47.647073,0.152777,17:30:00,2024-11-06
202400036773,19:00,,75,75112,2,3,1,6.0,RUE DE BERCY,48.839128,2.380526,19:00:00,2024-12-12
202400036774,21:45,Nuit sans éclairage,973,97362,1,1,1,2.0,Piste de Loka,3.817239,-54.158306,21:45:00,2024-11-06
202400036775,11:55,Plein jour,75,75112,2,3,1,6.0,RUE DE CHARENTON,48.853249,2.370234,11:55:00,2024-12-11
202400036776,17:40,Nuit sans éclairage,21,21111,1,1,1,2.0,A31,47.42275951,5.17260246,17:40:00,2024-11-06
202400036777,18:45,Nuit sans éclairage,81,81222,1,1,1,1.0,RD 612 PK 066.300,43.793526,2.188178,18:45:00,2024-11-07
202400036778,20:50,,75,75111,2,3,1,3.0,BOULEVARD VOLTAIRE,48.852792,2.388764,20:50:00,2024-12-12
202400036779,19:00,Nuit sans éclairage,05,05093,1,1,1,6.0,D994g,44.97866265,6.66930199,19:00:00,2024-11-06
202400036780,17:00,,75,75108,2,7,1,3.0,PLACE DE LA CONCORDE,48.866831,2.322195,17:00:00,2024-12-12
202400036781,11:35,Plein jour,62,62261,2,1,1,6.0,Boulevard de Berck,50.4780824,1.59446347,11:35:00,2024-11-06
202400036782,17:22,,75,75104,2,7,1,6.0,PLACE DES VOSGES,48.855287,2.364509,17:22:00,2024-12-12
202400036783,13:30,Plein jour,79,79174,1,2,8,3.0,Unknown,46.195517,-0.169601,13:30:00,2024-09-30
202400036784,13:30,Plein jour,75,75101,2,3,2,7.0,BOULEVARD DE SEBASTOPOL,48.862476,2.35041,13:30:00,2024-12-11
202400036785,17:05,,93,93070,2,1,1,3.0,GABRIEL-PERI (AV),48.90566833,2.33171368,17:05:00,2024-12-12
202400036786,18:00,Nuit sans éclairage,11,11008,1,1,1,5.0,Unknown,43.016721,2.255459,18:00:00,2024-11-07
202400036787,18:55,,93,93077,2,1,1,6.0,ROSNY (AVENUE DE),48.88475,2.50639,18:55:00,2024-12-11
202400036788,17:00,Crépuscule,55,55215,1,1,8,1.0,D182,48.516221,5.479447,17:00:00,2024-11-06
202400036789,07:20,,93,93013,2,3,1,3.0,QUINET (RUE EDGAR),48.93593202,2.42710437,07:20:00,2024-12-12
202400036790,17:40,Plein jour,12,12253,1,1,1,6.0,Départementale 993,44.177676,2.791842,17:40:00,2024-11-06
202400036791,19:45,,93,93010,2,1,1,6.0,AULNAY (ROUTE) COTE PAIRE DE 2 A FIN,48.90653808,2.48025799,19:45:00,2024-12-11
202400036792,20:30,Nuit sans éclairage,12,12094,1,1,1,6.0,rd920,44.65476,2.544789,20:30:00,2024-10-25
202400036793,17:45,,93,93053,2,1,8,6.0,VAILLANT COUTURIER (RUE),48.89088,2.45071,17:45:00,2024-12-11
202400036794,07:00,Crépuscule,68,68263,1,1,5,3.0,route departemental 419,47.588452,7.434858,07:00:00,2024-11-07
202400036795,14:45,Plein jour,29,29290,1,1,1,2.0,Moulin du Châtel,48.55253312,-4.50721622,14:45:00,2024-11-04
202400036796,01:05,,92,92075,2,3,1,1.0,LYCEE (BOULEVARD DU),48.82202893,2.28531808,01:05:00,2024-12-12
202400036797,19:05,,92,92051,2,1,1,3.0,BOURDON (BOULEVARD),48.89453881,2.2693634,19:05:00,2024-12-12
202400036798,19:45,Crépuscule,03,03053,2,3,1,3.0,16 Route de Saint Pourçain,46.242258,3.166219,19:45:00,2024-11-06
202400036799,15:35,Plein jour,83,83149,1,1,1,7.0,Route de Draguignan,43.558034,6.276755,15:35:00,2024-11-06
202400036800,09:12,Plein jour,92,92024,2,1,8,2.0,MADAME DE SANZILLON (RUE),48.90349174,2.31644018,09:12:00,2024-12-12
202400036801,09:20,Plein jour,45,45328,1,1,8,3.0,Rue du Grand Chemin,48.07071,2.686758,09:20:00,2024-11-07
202400036802,12:00,Plein jour,16,16281,2,1,1,6.0,Unknown,45.741282,0.383598,12:00:00,2024-11-07
202400036803,18:45,,92,92012,2,1,1,3.0,CHATEAU (RUE DU) 127/FIN - 133/FIN,48.84215309,2.23965749,18:45:00,2024-12-12
202400036804,09:36,Plein jour,92,92007,2,1,8,6.0,DORMOY (AVENUE MARX),48.81052352,2.309466,09:36:00,2024-12-12
202400036805,18:30,Nuit sans éclairage,16,16170,1,1,1,4.0,Unknown,45.369333,0.163014,18:30:00,2024-11-06
202400036806,17:45,,12,12300,2,1,1,6.0,Avenue de Toulouse,44.360418,2.038693,17:45:00,2024-12-13
202400036807,17:25,Nuit sans éclairage,54,54006,1,1,8,2.0,D83,48.72007448,6.2400198,17:25:00,2024-12-12
202400036808,12:00,Plein jour,40,40046,1,1,1,5.0,3500 Route de Bordeaux,44.432838,-1.131914,12:00:00,2024-11-07
202400036809,18:00,Nuit sans éclairage,26,26231,1,1,1,1.0,Route de Saint-donat,45.100412,5.016664,18:00:00,2024-12-12
202400036810,22:15,Nuit sans éclairage,30,30082,1,1,1,7.0,rd1,43.836876,4.216744,22:15:00,2024-11-06
202400036811,13:40,Plein jour,01,01007,1,6,1,6.0,D1075,45.99571,5.341358,13:40:00,2024-12-13
202400036812,19:30,Nuit sans éclairage,48,48145,1,1,1,1.0,D58,44.740946,3.437127,19:30:00,2024-11-06
202400036813,18:05,Nuit sans éclairage,71,71067,1,1,5,6.0,la janvière,46.590831,4.632459,18:05:00,2024-12-12
202400036814,18:40,Nuit sans éclairage,43,43261,2,1,8,7.0,Rue du Say,45.401362,3.348228,18:40:00,2024-11-29
202400036815,13:25,Plein jour,48,48010,1,3,1,3.0,D26,44.774311,3.735673,13:25:00,2024-11-06
202400036816,14:30,Plein jour,12,12230,1,3,2,3.0,D903,44.037658,2.519259,14:30:00,2024-12-13
202400036817,03:55,Nuit avec éclairage,12,12276,1,1,1,2.0,N88,44.140904,2.31303,03:55:00,2024-12-12
202400036818,18:58,,31,31424,2,1,1,1.0,97 Route de Lombez,43.561541,1.286658,18:58:00,2024-11-07
202400036819,17:30,,01,01033,2,3,1,6.0,40 avenue saint-exupéry  (Bellegarde-sur-Valserine),46.121117,5.81512,17:30:00,2024-12-12
202400036820,19:50,,971,97103,2,2,2,3.0,Boulevard de Destrellan,16.252371,-61.587848,19:50:00,2024-11-06
202400036821,00:01,Nuit sans éclairage,51,51536,1,1,1,1.0,PK 29+500,49.19842,4.153733,00:01:00,2024-12-13
202400036822,10:15,Plein jour,971,97117,1,3,1,3.0,la houssaie,16.33563856,-61.37661606,10:15:00,2024-11-06
202400036823,18:00,,59,59039,1,1,1,1.0,Route du Cateau,50.1644,3.279458,18:00:00,2024-12-12
202400036824,18:40,,78,78442,2,1,1,6.0,Avenue de la République,48.810997,1.906497,18:40:00,2024-11-05
202400036825,21:20,,56,56166,2,1,1,6.0,37 Rue Paul Ihuel,47.912326,-3.335472,21:20:00,2024-12-12
202400036826,20:00,Nuit sans éclairage,89,89370,1,1,5,1.0,D365,48.198706,3.116963,20:00:00,2024-12-09
202400036827,09:05,Plein jour,61,61483,2,4,1,7.0,D916,48.552582,-0.40349,09:05:00,2024-11-13
202400036828,18:07,,2B,2B042,1,1,1,1.0,6450 Route des Marines de Borgo,42.603142,9.490254,18:07:00,2024-11-07
202400036829,15:15,Plein jour,34,34023,2,1,1,6.0,Route de Sète,43.443136,3.697307,15:15:00,2024-11-07
202400036830,17:15,Crépuscule,12,12243,1,1,1,1.0,D999,44.009396,3.004337,17:15:00,2024-12-12
202400036831,10:45,Plein jour,46,46127,2,3,7,6.0,1 Chemin de la Croix Dorsal,44.733037,1.376159,10:45:00,2024-12-12
202400036832,16:16,Plein jour,89,89152,2,2,1,3.0,17a Route de Sens,47.94893,3.470741,16:16:00,2024-11-06
202400036833,08:50,Crépuscule,63,63470,1,1,5,1.0,départemantale 450,45.8472373,3.04667936,08:50:00,2024-11-07
202400036834,20:40,,46,46029,2,4,1,3.0,Avenue de la République,44.926427,1.845124,20:40:00,2024-12-12
202400036835,10:50,Plein jour,31,31499,1,6,1,3.0,D632,43.525857,1.205261,10:50:00,2024-11-02
202400036836,11:00,Plein jour,47,47003,1,3,1,3.0,D19,44.643285,0.347614,11:00:00,2024-12-12
202400036837,12:48,Plein jour,25,25477,2,1,1,3.0,Rue aux Champs du Rang,47.189745,5.951049,12:48:00,2024-12-11
202400036838,17:00,Plein jour,64,64067,1,1,1,1.0,D938,43.257823,-0.288112,17:00:00,2024-11-02
202400036839,17:24,Crépuscule,59,59158,2,1,9,6.0,Route Nationale,50.45243533,3.20135796,17:24:00,2024-11-06
202400036840,17:50,,29,29220,1,6,1,3.0,D785,47.85514807,-4.2428444,17:50:00,2024-12-12
202400036841,23:15,Nuit sans éclairage,31,31516,2,1,1,6.0,route des Pyrenées,43.752478,1.406926,23:15:00,2024-12-10
202400036842,14:00,Plein jour,13,13212,2,1,1,3.0,A507 sens Aubagne- Marseille,43.29735,5.42496,14:00:00,2024-10-28
202400036843,16:46,Plein jour,02,02558,2,3,1,3.0,Av du Docteur Jacques Lemaire,50.010945,3.781877,16:46:00,2024-12-13
202400036844,15:00,Plein jour,33,33122,1,1,1,2.0,Unknown,44.74205,-0.70856,15:00:00,2024-11-06
202400036845,17:10,,70,70171,2,4,1,6.0,64 Rue Henri Duhaut,47.890185,6.325144,17:10:00,2024-12-13
202400036846,07:32,Crépuscule,33,33281,1,1,1,6.0,Unknown,44.825874,-0.674911,07:32:00,2024-11-06
202400036847,18:00,Nuit sans éclairage,60,60264,1,1,1,1.0,D927,49.378433,2.103496,18:00:00,2024-12-13
202400036848,09:00,Plein jour,91,91228,1,1,1,2.0,AUTOROUTE A6,48.6281,2.4127,09:00:00,2024-11-06
202400036849,11:43,Plein jour,64,64080,2,1,1,1.0,17 Chemin du Malapet,43.361832,-0.481652,11:43:00,2024-11-29
202400036850,18:13,Nuit sans éclairage,78,78646,1,1,1,2.0,RN12,48.79046,2.11288,18:13:00,2024-11-05
202400036851,17:20,Crépuscule,53,53262,1,3,8,3.0,Intersection RD 57/rd 280,48.053759,-0.544381,17:20:00,2024-12-12
202400036852,16:40,Plein jour,93,93066,1,1,1,3.0,AUTOROUTE A1,48.91977,2.35723243,16:40:00,2024-11-05
202400036853,12:18,Plein jour,40,40037,1,1,1,1.0,Route de Haut Mauco,43.826822,-0.525847,12:18:00,2024-11-24
202400036854,14:45,Plein jour,93,93007,1,1,1,5.0,AUTOROUTE A1,48.94359133,2.43603045,14:45:00,2024-11-05
202400036855,09:50,Plein jour,95,95018,1,1,1,3.0,A15,48.95201228,2.27957378,09:50:00,2024-11-05
202400036856,07:55,Plein jour,04,04188,1,1,2,5.0,D13,43.897243,5.809,07:55:00,2024-12-13
202400036857,09:00,Plein jour,93,93078,1,1,5,5.0,AUTOROUTE A104,48.96764117,2.51079814,09:00:00,2024-11-05
202400036858,16:55,Plein jour,17,17331,2,1,1,6.0,75 Avenue de Saintes,45.489276,-0.565937,16:55:00,2024-12-12
202400036859,16:00,Plein jour,10,10438,1,1,1,6.0,Bligny,48.149138,4.608765,16:00:00,2024-12-13
202400036860,18:50,Nuit sans éclairage,95,95127,1,1,1,4.0,A15,49.03848031,2.08707637,18:50:00,2024-11-04
202400036861,08:00,Plein jour,35,35206,1,3,8,5.0,D34,48.045167,-1.644012,08:00:00,2024-12-16
202400036862,22:50,Nuit sans éclairage,94,94052,1,1,1,2.0,A4,48.82636364,2.4658265,22:50:00,2024-11-06
202400036863,19:00,Plein jour,14,14341,2,1,1,2.0,691 Rue de Caen,49.158831,-0.346564,19:00:00,2024-08-29
202400036864,17:50,Nuit sans éclairage,69,69065,1,3,2,5.0,Route Départementale 306,46.155322,4.744189,17:50:00,2024-12-13
202400036865,21:30,,93,93048,2,1,1,6.0,Rue de Paris,48.8552187,2.42009282,21:30:00,2024-05-19
202400036866,12:00,Plein jour,987,98733,2,3,1,3.0,"RT1, PK 20.500",-17.679619,-149.587564,12:00:00,2024-12-12
202400036867,17:30,Plein jour,75,75108,2,4,1,6.0,7 Boulevard Malesherbes,48.870882,2.322882,17:30:00,2024-10-15
202400036868,18:20,,37,37003,2,1,1,6.0,4 Avenue des Montils,47.401868,0.981488,18:20:00,2024-12-04
202400036869,08:30,Crépuscule,44,44190,1,1,1,5.0,Unknown,47.19310238,-1.4883866,08:30:00,2024-10-21
202400036870,17:32,Nuit sans éclairage,95,95028,1,1,1,2.0,D301,49.06304113,2.33041227,17:32:00,2024-12-12
202400036871,16:20,Plein jour,14,14118,2,1,1,7.0,84 Rue du Chemin Vert,49.19287,-0.39362,16:20:00,2024-07-25
202400036872,10:00,Plein jour,34,34344,2,1,1,6.0,Avenue de l?Europe,43.558318,4.090052,10:00:00,2024-12-12
202400036873,18:20,Plein jour,22,22113,2,1,1,2.0,MARECHAL FOCH (QUAI DU),48.73105,-3.46231,18:20:00,2024-08-19
202400036874,13:05,Plein jour,88,88269,1,1,1,7.0,Route de Gérardmer,48.087999,6.798692,13:05:00,2024-12-13
202400036875,18:30,Nuit sans éclairage,01,01224,1,1,1,6.0,Route de Meximieux,45.792649,5.21018,18:30:00,2024-12-12
202400036876,17:55,,988,98818,2,3,1,6.0,VOIE DE DEGAGEMENT EST/RUE DE CHARLEROI,-22.27908,166.46253,17:55:00,2024-11-04
202400036877,20:30,Nuit sans éclairage,69,69289,2,1,1,6.0,Chemin du Cros Cassier,45.644326,4.999841,20:30:00,2024-12-12
202400036878,19:38,,974,97411,2,3,1,3.0,MONDON (RUE MONSEIGNEUR),-20.89463,55.46012,19:38:00,2024-11-05
202400036879,00:10,Nuit sans éclairage,09,09099,1,1,1,6.0,D117,42.979331,1.575058,00:10:00,2024-12-13
202400036880,23:15,Nuit avec éclairage,33,33067,2,1,1,6.0,Unknown,45.044216,-0.564886,23:15:00,2024-12-12
202400036881,11:30,Plein jour,33,33019,1,1,1,1.0,Unknown,44.693209,-1.021535,11:30:00,2024-12-13
202400036882,00:05,Nuit sans éclairage,44,44037,1,1,1,6.0,les fontenelles,47.110619,-1.468413,00:05:00,2024-12-13
202400036883,01:30,Nuit sans éclairage,44,44172,1,1,1,6.0,Route de Paris,47.273864,-1.471235,01:30:00,2024-12-13
202400036884,17:30,,50,50041,2,1,1,6.0,d22,49.620748,-1.748253,17:30:00,2024-12-13
202400036885,17:40,Nuit sans éclairage,60,60106,1,1,1,1.0,D37,49.386731,2.456045,17:40:00,2024-12-12
202400036886,12:40,Plein jour,13,13212,1,1,1,2.0,A507 sens Aubagne- Marseille,43.30198,5.42551,12:40:00,2024-12-12
202400036887,18:30,,13,13212,1,1,1,6.0,A507 sens Aubagne- Marseille,43.30329655,5.42543149,18:30:00,2024-12-11
202400036888,17:30,Plein jour,13,13070,1,1,1,3.0,A50-Sens Aubagne vers Marseille,43.28574484,5.51218629,17:30:00,2024-12-11
202400036889,13:15,Plein jour,13,13043,1,1,1,2.0,A55-Sens Martigues vers Marseille,43.38686629,5.24190442,13:15:00,2024-12-11
202400036890,23:45,Nuit sans éclairage,42,42097,1,1,1,2.0,A72,45.51836,4.29719,23:45:00,2024-12-06
202400036891,17:30,Nuit sans éclairage,54,54232,1,1,1,6.0,A 31,48.68045858,5.93862534,17:30:00,2024-12-08
202400036892,16:35,Plein jour,33,33122,1,1,1,4.0,AUTOROUTE A 63,44.747554,-0.699116,16:35:00,2024-12-12
202400036893,15:40,Plein jour,33,33397,1,1,1,2.0,Unknown,44.90064,-0.494148,15:40:00,2024-12-12
202400036894,09:18,Plein jour,33,33550,1,1,1,4.0,Unknown,44.784827,-0.592026,09:18:00,2024-12-11
202400036895,18:00,Nuit sans éclairage,91,91617,1,1,1,4.0,RN 104,48.6354,2.5353,18:00:00,2024-12-12
202400036896,17:45,Nuit sans éclairage,94,94021,1,1,1,3.0,A6B,48.76395112,2.34275354,17:45:00,2024-12-11
202400036897,18:00,Nuit sans éclairage,92,92036,1,1,2,6.0,AUTOROUTE A15,48.93788866,2.29766722,18:00:00,2024-12-12
202400036898,17:58,Nuit sans éclairage,95,95018,1,1,1,3.0,A15,48.96196141,2.26786271,17:58:00,2024-12-12
202400036899,21:20,,93,93066,1,1,1,2.0,AUTOROUTE A1,48.93163435,2.37061507,21:20:00,2024-12-11
202400036900,09:50,Plein jour,93,93008,1,1,1,5.0,AUTOROUTE A86,48.91197061,2.4384284,09:50:00,2024-12-11
202400036901,08:45,Plein jour,92,92036,1,1,2,3.0,AUTOROUTE A86,48.93814244,2.31372714,08:45:00,2024-12-11
202400036902,23:00,Nuit sans éclairage,93,93066,1,1,2,3.0,AUTOROUTE A1,48.92491482,2.35684532,23:00:00,2024-12-10
202400036903,22:20,Nuit sans éclairage,94,94028,1,1,1,6.0,A86,48.77809,2.44061,22:20:00,2024-12-12
202400036904,19:00,Nuit sans éclairage,94,94069,1,1,1,2.0,A4,48.81676413,2.44884719,19:00:00,2024-12-12
202400036905,18:20,Nuit sans éclairage,77,77495,1,1,1,2.0,A5B,48.58667714,2.63683062,18:20:00,2024-12-12
202400036906,08:30,Crépuscule,93,93051,1,1,1,3.0,A4,48.83558148,2.56793626,08:30:00,2024-12-12
202400036907,12:50,Plein jour,44,44190,2,1,1,2.0,38 Rue des Bignons,47.19954765,-1.49571357,12:50:00,2024-11-24
202400036908,11:49,Plein jour,44,44109,2,1,1,6.0,3 Boulevard la Beaujoire,47.259376,-1.5109584,11:49:00,2024-11-24
202400036909,11:15,Plein jour,44,44143,2,6,1,3.0,43 Rue Jean Jaurès,47.1879763,-1.5469582,11:15:00,2024-11-23
202400036910,08:00,Nuit sans éclairage,44,44114,1,1,1,4.0,Unknown,47.2645814,-1.59461634,08:00:00,2024-11-22
202400036911,10:00,Plein jour,44,44109,2,1,1,6.0,Chemin du Bas,47.22712348,-1.50201647,10:00:00,2024-11-22
202400036912,17:05,Nuit sans éclairage,44,44162,2,3,1,3.0,Boulevard Charles de Gaulle,47.21844742,-1.64756947,17:05:00,2024-11-22
202400036913,14:00,Plein jour,44,44162,2,1,1,6.0,Rue de la Johardière,47.22554187,-1.64756634,14:00:00,2024-11-21
202400036914,19:30,,57,57487,1,1,1,3.0,VM 157B,49.098961,6.117351,19:30:00,2024-10-17
202400036915,20:15,,74,74281,2,3,1,6.0,GENEVE (AVE DE) JUSQUE CROISEE ANTHY,46.36276,6.46089,20:15:00,2024-10-11
202400036916,15:45,Plein jour,74,74172,2,1,1,6.0,PETITE-RIVE (ROUTE DE),46.40372436,6.62132299,15:45:00,2024-08-29
202400036917,17:35,Plein jour,43,43087,1,1,2,7.0,D501,45.208477,4.376271,17:35:00,2024-09-29
202400036918,20:15,Nuit sans éclairage,43,43113,1,1,3,6.0,RD36 PJ6+850,44.998646,4.010879,20:15:00,2024-09-04
202400036919,12:45,Plein jour,43,43216,1,1,1,4.0,RD906,45.12951069,3.81952207,12:45:00,2024-08-24
202400036920,18:45,Plein jour,43,43186,1,1,1,6.0,D49,44.99287968,4.0635231,18:45:00,2024-08-22
202400036921,17:37,,44,44109,2,1,1,6.0,3 boulevard Bâtonnier Cholet,47.19840224,-1.60645856,17:37:00,2024-11-21
202400036922,10:25,Plein jour,44,44109,2,6,1,7.0,4 Boulevard des Frères de Goncourt,47.23416598,-1.56353132,10:25:00,2024-11-20
202400036923,17:45,,44,44109,2,1,1,6.0,108 Boulevard Robert Schuman,47.23907431,-1.57097793,17:45:00,2024-11-19
202400036924,19:25,,44,44109,2,6,1,3.0,Côte Saint Sébastien ,47.2008002,-1.53331692,19:25:00,2024-11-18
202400036925,20:30,Plein jour,54,54256,1,2,1,3.0,RD112,48.529764,6.31038,20:30:00,2024-07-26
202400036926,20:20,,974,97411,2,3,1,1.0,NONGE (AVENUE EUDOXIE),-20.89872,55.49648,20:20:00,2024-12-11
202400036927,17:25,Plein jour,973,97302,2,1,1,3.0,MONTABO (ROUTE DE) 1,4.9446,-52.31532,17:25:00,2024-12-10
202400036928,08:58,Plein jour,69,69383,2,1,5,6.0,Rue Saint Jacques,45.75678,4.84579,08:58:00,2024-12-11
202400036929,16:00,Plein jour,972,97213,2,9,1,3.0,ROUTE DEPARTEMENTALE 15,14.65451,-61.01162,16:00:00,2024-12-11
202400036930,11:20,Plein jour,972,97209,2,1,1,2.0,RD 41 (ROCADE),14.60803,-61.08595,11:20:00,2024-12-11
202400036931,09:20,Plein jour,95,95203,2,3,2,3.0,D928,48.99893485,2.26648944,09:20:00,2024-12-11
202400036932,18:35,,91,91021,2,1,1,6.0,RTE D'EGLY,48.58499,2.23995,18:35:00,2024-12-10
202400036933,09:48,Plein jour,88,88209,2,1,2,3.0,FORGES (RTE. DES),48.19037,6.42361,09:48:00,2024-12-06
202400036934,10:48,Plein jour,87,87085,2,1,1,3.0,TARRADE (AVENUE ADRIEN),45.83941,1.25617,10:48:00,2024-12-11
202400036935,14:34,Plein jour,87,87085,2,3,1,3.0,BEL AIR (BOULEVARD DE),45.82119,1.24596,14:34:00,2024-12-06
202400036936,12:10,Plein jour,30,30351,2,1,1,7.0,MONT VENTOUX (AVENUE DU),43.97073,4.77918,12:10:00,2024-12-06
202400036937,18:05,Crépuscule,80,80724,1,6,1,3.0,D1029,49.86016,2.21062,18:05:00,2024-12-08
202400036938,08:00,Plein jour,78,78551,2,1,2,3.0,BERLIOZ (BD HECTOR),48.89154,2.06354,08:00:00,2024-12-11
202400036939,08:20,Plein jour,78,78440,2,1,8,6.0,EUROPE (AVENUE DE L'),48.97707,1.91472,08:20:00,2024-12-10
202400036940,23:55,,77,77288,2,1,2,7.0,SAINT ASPAIS (RUE),48.5382,2.65933,23:55:00,2024-12-10
202400036941,18:00,,76,76410,1,1,2,4.0,A150,49.47032,1.03359,18:00:00,2024-12-11
202400036942,17:50,,73,73065,2,2,1,3.0,CHEVALIERS TIREURS (AVENUE DES),45.57587,5.90699,17:50:00,2024-12-10
202400036943,19:50,,72,72181,2,2,1,6.0,LIBERATION (AV DE LA) N° IMP 147 ET+,48.00094,0.18361,19:50:00,2024-12-10
202400036944,18:00,,72,72181,1,1,1,4.0,CD 139 (RTE DE LAIGNE),47.95335206,0.20661093,18:00:00,2024-12-10
202400036945,15:30,Plein jour,69,69259,2,2,1,3.0,Boulevard Irène Joliot Curie,45.72435,4.87172,15:30:00,2024-12-10
202400036946,09:50,Plein jour,69,69290,1,1,8,5.0,Chemin de Grande Vigne,45.69404128,4.98415827,09:50:00,2024-12-10
202400036947,17:40,,68,68224,2,2,1,3.0,Boulevard du Président Roosevelt,47.752477,7.3287818,17:40:00,2024-12-09
202400036948,17:25,Nuit sans éclairage,64,64348,1,1,1,1.0,FRERES WRIGHT DES,43.34889,-0.38412,17:25:00,2024-12-11
202400036949,13:45,Plein jour,64,64129,2,1,1,2.0,BAYONNE DE,43.30146,-0.39533,13:45:00,2024-12-11
202400036950,16:30,Crépuscule,64,64445,2,1,1,2.0,GENERAL LECLERC DU,43.30457635,-0.34264013,16:30:00,2024-12-10
202400036951,18:00,,59,59392,2,1,1,6.0,AVESNES (ROUTE D'),50.26981,3.96717,18:00:00,2024-12-11