Num_Acc,hrmn,lum,dep,com,agg,int,atm,col,adr,lat,long,heure,date
202400036952,08:35,Plein jour,59,59359,1,1,8,6.0,AMERIQUE (ROUTE DES),51.00589,2.19303,08:35:00,2024-12-11
202400036953,07:53,,49,49353,2,1,8,6.0,D117,47.45627,-0.50938,07:53:00,2024-12-10
202400036954,19:30,Nuit sans éclairage,44,44162,2,1,1,6.0,47 Avenue de la Branchoire,47.21825,-1.60658,19:30:00,2024-12-11
202400036955,07:07,,43,43041,2,1,1,3.0,Route de Coubon,45.0453,3.92539,07:07:00,2024-12-11
202400036956,15:55,Plein jour,93,93007,2,1,1,3.0,Avenue Jacques Daguerre,48.95322648,2.4621892,15:55:00,2024-01-16
202400036957,16:00,Plein jour,92,92046,2,4,1,6.0,EUGENE VARLIN,48.82078,2.30063,16:00:00,2024-01-16
202400036958,08:25,Crépuscule,92,92048,1,3,2,6.0,TROYON (RUE),48.82218881,2.23239219,08:25:00,2024-01-22
202400036959,18:07,Nuit avec éclairage,92,92022,2,3,1,6.0,STALINGRAD (RUE DE),48.80959646,2.19164863,18:07:00,2024-01-15
202400036960,19:40,,92,92050,2,1,9,3.0,CLEMENCEAU GEORGES AVENUE N°IMPAIR,48.88624319,2.21210964,19:40:00,2024-01-16
202400036961,08:25,Plein jour,92,92048,2,1,8,7.0,DOCTEUR ARNAUDET (RUE DU),48.81494073,2.24782231,08:25:00,2024-01-16
202400036962,19:35,,92,92023,2,1,1,6.0,PAUL VAILLANT COUTURIER (RUE),48.80165216,2.26625562,19:35:00,2024-01-16
202400036963,16:01,Plein jour,92,92004,2,9,1,3.0,PONT DE CLICHY,48.91022424,2.29921907,16:01:00,2024-01-16
202400036964,01:30,,971,97101,1,1,1,4.0,RN11,16.27154,-61.54829,01:30:00,2024-05-11
202400036965,11:30,Plein jour,92,92004,2,2,1,3.0,DOCTEUR DERVAUX  ( QUAI DU ),48.91124022,2.29842693,11:30:00,2024-01-15
202400036966,14:15,Plein jour,91,91027,2,1,2,2.0, EDOUARD VAILLANT (RUE),48.70853,2.3983,14:15:00,2024-05-14
202400036967,07:45,,95,95052,2,1,3,6.0,14 PARIS (RUE DE),49.142103,2.284971,07:45:00,2024-01-17
202400036968,16:30,Plein jour,91,91286,2,1,1,6.0,CORBEIL (ROUTE DE),48.65469,2.38896,16:30:00,2024-05-13
202400036969,19:25,,974,97404,2,1,1,6.0,Chemin Charbonnier,-21.263897,55.364249,19:25:00,2024-01-16
202400036970,08:50,Plein jour,91,91027,2,1,1,2.0,RUE J B DE LA SALLE,48.70736,2.38393,08:50:00,2024-05-13
202400036971,17:25,Plein jour,87,87085,2,2,1,3.0,BERTHELOT (AVENUE),45.83753416,1.25266224,17:25:00,2024-05-13
202400036972,06:55,Nuit sans éclairage,51,51264,1,1,8,3.0,D 373,48.805574,3.602828,06:55:00,2024-01-08
202400036973,17:45,Plein jour,87,87050,2,3,1,7.0,VILLAGEAS ( route de),45.88775,1.22136,17:45:00,2024-05-11
202400036974,19:10,,82,82050,2,1,2,6.0,rue des amandiers,44.084499,0.776387,19:10:00,2024-01-17
202400036975,18:05,Plein jour,84,84087,2,1,1,6.0,BRIAND (COURS ARISTIDE),44.13695,4.80485,18:05:00,2024-05-09
202400036976,22:45,Nuit sans éclairage,63,63242,1,1,1,6.0,D909,45.415631,3.260123,22:45:00,2024-01-16
202400036977,17:30,Plein jour,69,69383,2,2,1,3.0,Rue Charles Richard,45.75221,4.88673,17:30:00,2024-02-24
202400036978,18:00,Nuit sans éclairage,49,49018,1,1,1,7.0,RD 144 / PK 2+979,47.513097,-0.146248,18:00:00,2024-01-16
202400036979,17:11,Plein jour,84,84031,2,1,1,1.0,EUROPE AVENUE DE L',44.06012,5.0426,17:11:00,2024-05-13
202400036980,14:35,Plein jour,83,83137,2,1,8,3.0,ROUTES (AVE DES),43.13701371,5.91128372,14:35:00,2024-05-14
202400036981,06:10,,69,69387,2,1,1,2.0,Rue Marc Bloch,45.74766,4.84445,06:10:00,2024-02-24
202400036982,09:45,Plein jour,35,35160,1,1,1,6.0,l'eclardais,47.952491,-2.094601,09:45:00,2024-01-14
202400036983,08:05,Plein jour,83,83126,2,3,1,3.0,JAURES (BD JEAN),43.09525777,5.88395637,08:05:00,2024-03-28
202400036984,17:45,Crépuscule,29,29274,1,1,2,6.0,Lieu Dit Beg An Allee,48.0001292,-3.78997033,17:45:00,2024-01-16
202400036985,09:53,Plein jour,69,69387,2,8,1,3.0,Rue de Gerland,45.72995,4.83816,09:53:00,2024-02-23
202400036986,12:00,Plein jour,38,38389,1,1,8,3.0,172 Route de Lafayette,45.56453,5.071564,12:00:00,2024-01-11
202400036987,19:03,Plein jour,83,83123,2,1,1,5.0,BANDOL (ROUTE)N° IMPAIRS,43.1352,5.77888,19:03:00,2024-05-12
202400036988,19:00,Crépuscule,69,69387,2,2,1,6.0,Rue de l'Université,45.74981,4.84079,19:00:00,2024-02-21
202400036989,17:00,Crépuscule,02,02173,2,9,1,6.0,Unknown,49.626006,3.233328,17:00:00,2024-01-15
202400036990,16:50,Plein jour,83,83061,2,1,1,6.0,AVENUE DES HIRONDELLES,43.45819,6.76478,16:50:00,2024-05-13
202400036991,21:30,Nuit sans éclairage,03,03239,1,1,2,6.0,l'étang roc,46.38766,3.927805,21:30:00,2024-01-16
202400036992,07:00,Plein jour,972,97213,2,1,1,6.0,NELSON MANDELA,14.61251,-60.99823,07:00:00,2024-02-28
202400036993,06:30,Nuit sans éclairage,15,15221,2,1,1,7.0,D53,44.889749,2.341225,06:30:00,2024-01-14
202400036994,13:55,Plein jour,79,79191,2,2,1,3.0,Unknown,46.32596,-0.45478,13:55:00,2024-05-13
202400036995,07:45,Plein jour,972,97213,2,6,1,3.0,ROUTE NATIONALE 1,14.6188,-61.00489,07:45:00,2024-02-26
202400036996,20:10,Nuit sans éclairage,58,58046,1,1,2,6.0,4 Route de Fours,46.845104,3.652039,20:10:00,2024-01-16
202400036997,17:35,Plein jour,78,78350,2,1,8,2.0,CONTI (QUAI),48.87659,2.11675,17:35:00,2024-05-14
202400036998,17:00,Crépuscule,07,07009,2,1,3,6.0,Route du Saint Joseph,45.240524,4.798538,17:00:00,2024-01-17
202400036999,06:30,Plein jour,972,97213,1,1,1,7.0,AEROPORT (ROND POINT DE L'),14.59816,-61.00184,06:30:00,2024-02-24
202400037000,03:00,Nuit sans éclairage,53,53267,1,1,1,6.0,RD 125,48.060055,-0.451834,03:00:00,2024-01-14
202400037001,11:25,Plein jour,78,78168,2,2,2,3.0,PREVENDERIE (RUE DE LA),48.74844,1.92287,11:25:00,2024-05-14
202400037002,05:30,Nuit sans éclairage,40,40320,1,1,5,6.0,Uchacq-et-Parentis,43.923581,-0.556896,05:30:00,2024-01-15
202400037003,10:00,Plein jour,972,97213,2,1,1,4.0,AUTOROUTE A1,14.61519,-61.01448,10:00:00,2024-02-21
202400037004,14:00,Plein jour,04,04055,1,1,1,7.0,N85,43.963292,6.321694,14:00:00,2024-01-16
202400037005,19:05,Plein jour,77,77284,2,1,2,7.0,ROOSEVELT (AV.DU PDT),48.95726,2.89622,19:05:00,2024-05-14
202400037006,13:35,Plein jour,972,97213,1,1,1,3.0,AUTOROUTE A1,14.60819,-61.00516,13:35:00,2024-02-20
202400037007,16:51,Plein jour,85,85131,1,1,1,7.0,D949,46.46758,-1.217479,16:51:00,2024-01-17
202400037008,21:45,,987,98715,1,1,1,6.0,RDO sens FAAA/PUNAAUIA entre St-Hilaire et Heiri commune de FAAA,-17.56701107,-149.60451007,21:45:00,2024-01-16
202400037009,18:40,,972,97209,1,1,1,6.0,BALATA (ROUTE DE),14.6324,-61.07268,18:40:00,2024-02-27
202400037010,13:35,Plein jour,77,77199,1,4,2,3.0,D228A,48.93907,2.92202,13:35:00,2024-05-14
202400037011,16:45,Plein jour,63,63430,1,9,1,6.0,A89 - PK 428.750 - sens LYON-CLFD-bretelle sortie vers Thiers Ouest,45.86170335,3.50474596,16:45:00,2024-01-16
202400037012,19:10,,972,97209,2,1,1,6.0,PROFESSEUR RAYMOND GARCIN (RUE DU),14.62513,-61.07863,19:10:00,2024-02-26
202400037013,14:30,Plein jour,77,77449,1,6,2,7.0,RD 345,48.85143,2.77821,14:30:00,2024-05-14
202400037014,07:00,Crépuscule,55,55237,1,1,9,7.0,Aire de Verdun Saint-Nicolas Nord (Embranchement d'autoroute),49.119664,5.511213,07:00:00,2024-01-17
202400037015,09:45,Plein jour,972,97209,1,1,1,1.0,OSMAN NADEAU (CHEMIN),14.63253822,-61.06269916,09:45:00,2024-02-20
202400037016,01:40,,72,72181,2,1,3,6.0,SAINT AUBIN (RUE) N° IMP 85 ET >,48.01914,0.18298,01:40:00,2024-05-14
202400037017,14:35,Crépuscule,45,45082,2,1,1,6.0,D962 PR 2 + 600,47.863952,2.219399,14:35:00,2024-01-16
202400037018,16:10,Plein jour,69,69382,2,1,1,3.0,Pont Bonaparte,45.75939,4.82902,16:10:00,2024-02-26
202400037019,09:04,Plein jour,77,77142,1,1,4,1.0,D934,48.848359,2.939808,09:04:00,2024-01-16
202400037020,08:50,Plein jour,72,72181,2,2,1,3.0,LORRAINE (RUE DE),47.99482,0.1956,08:50:00,2024-05-13
202400037021,21:30,Nuit sans éclairage,77,77177,1,1,1,6.0,D21,48.802451,2.745364,21:30:00,2024-01-16
202400037022,13:10,Plein jour,69,69389,2,2,1,3.0,9 Rue Marietton,45.77505,4.80719,13:10:00,2024-02-23
202400037023,17:15,Plein jour,34,34157,2,1,1,4.0,D613,43.432852,3.593152,17:15:00,2024-01-17
202400037024,07:00,,69,69389,2,3,2,6.0,Rue Marietton,45.77651,4.79679,07:00:00,2024-02-22
202400037025,10:15,Plein jour,13,13022,2,1,1,1.0,D41e,43.237762,5.54522,10:15:00,2024-01-17
202400037026,20:05,Plein jour,72,72181,2,3,1,6.0,CUGNOT NICOLAS (BD),47.986,0.225,20:05:00,2024-05-11
202400037027,06:50,,69,69384,2,3,3,6.0,Rue Deleuvre,45.77965,4.8254,06:50:00,2024-02-22
202400037028,13:20,Plein jour,13,13094,1,3,1,5.0,D570n,43.808409,4.72278,13:20:00,2024-01-16
202400037029,17:15,Plein jour,71,71270,2,9,1,3.0,VERCHERE (CHEMIN DE LA),46.298865,4.825,17:15:00,2024-05-13
202400037030,11:00,Plein jour,2B,2B037,1,1,2,2.0,TOUTES RUES,42.62082,9.43704,11:00:00,2024-02-23
202400037031,10:10,Plein jour,57,57683,2,3,1,6.0,Rue Anatole France,49.299641,6.151475,10:10:00,2024-01-10
202400037032,12:01,Plein jour,71,71153,2,1,2,6.0,CAPUCINES (RUE DES),46.80508,4.44382,12:01:00,2024-05-14
202400037033,15:45,Plein jour,63,63470,1,1,1,7.0,D986,45.870484,3.02521,15:45:00,2024-01-11
202400037034,16:53,Plein jour,2B,2B037,2,1,1,3.0,TOUTES RUES,42.63406,9.43176,16:53:00,2024-02-22
202400037035,13:45,Plein jour,73,73030,1,1,2,6.0,D11 - Route du château,45.576976,5.982364,13:45:00,2024-01-16
202400037036,20:30,Crépuscule,69,69266,2,1,2,3.0,Rue Dedieu,45.76967,4.87108,20:30:00,2024-05-14
202400037037,16:15,Plein jour,81,81092,1,2,1,3.0,D14,43.722793,1.927237,16:15:00,2024-01-12
202400037038,18:40,Plein jour,69,69266,2,3,3,3.0,Cours Emile Zola,45.76595073,4.89881444,18:40:00,2024-05-14
202400037039,13:59,Plein jour,2B,2B037,2,1,1,2.0,TOUTES RUES,42.62878,9.43729,13:59:00,2024-02-21
202400037040,00:15,Nuit sans éclairage,35,35256,1,1,1,2.0,D603,48.615123,-2.114353,00:15:00,2024-01-15
202400037041,20:30,Crépuscule,59,59599,2,1,2,6.0,CARREL (RUE ARMAND),50.73133,3.18774,20:30:00,2024-05-14
202400037042,21:45,,80,80410,2,9,1,7.0,Boulevard de la Rèpublique,49.747962,3.074868,21:45:00,2024-01-16
202400037043,22:40,,57,57672,2,1,1,6.0,MAILLET (RUE DU),49.35625,6.14138,22:40:00,2024-05-11
202400037044,07:15,Crépuscule,13,13071,1,1,1,2.0,A7-Sens Marseille vers Lyon,43.406568,5.291937,07:15:00,2024-01-15
202400037045,14:40,Plein jour,971,97105,2,1,1,6.0,LUCIEN BERNIER(AVENUE),15.99678,-61.71908,14:40:00,2024-02-25
202400037046,19:20,Plein jour,54,54395,2,2,1,3.0,rue Saint Dizier,48.68688,6.18534,19:20:00,2024-05-13
202400037047,06:55,Nuit avec éclairage,83,83137,1,1,1,3.0,A57,43.12473537,5.96809464,06:55:00,2024-01-16
202400037048,11:40,Plein jour,54,54483,2,1,1,6.0,Rue Charles Courtois,48.63143,6.30193,11:40:00,2024-05-13
202400037049,22:45,,971,97105,2,9,1,3.0,PERES DOMINICAINS(AVENUE DES),16.00974,-61.73976,22:45:00,2024-02-21
202400037050,22:23,Nuit sans éclairage,33,33448,1,1,1,2.0,AUTOROUTE A 62,44.702054,-0.503593,22:23:00,2024-01-16
202400037051,13:50,Plein jour,45,45234,2,1,2,6.0,8 Rue Anthelme Brillat-Savarin,47.876042,1.910884,13:50:00,2024-05-14
202400037052,19:01,,2A,2A004,2,1,3,6.0,32 Avenue du Docteur Noel Franchini,41.94142799,8.75614375,19:01:00,2024-02-26
202400037053,15:40,Plein jour,91,91228,1,1,1,4.0,AUTOROUTE A6,48.62410617,2.41923988,15:40:00,2024-01-16
202400037054,10:20,Plein jour,45,45147,2,1,2,6.0,268 Rue du Faubourg Bannier,47.92449,1.89704,10:20:00,2024-05-14
202400037055,10:43,Plein jour,2A,2A004,2,3,2,6.0,FREDIANI RUE LOUIS,41.92491804,8.73878986,10:43:00,2024-02-26
202400037056,09:43,Plein jour,92,92048,1,1,1,6.0,N118,48.81130205,2.21297347,09:43:00,2024-01-16
202400037057,15:10,Plein jour,44,44109,2,1,2,6.0,Boulevard du Massacre,47.22169,-1.60281,15:10:00,2024-05-14
202400037058,10:05,Plein jour,92,92047,1,1,1,3.0,A13,48.83444245,2.17035024,10:05:00,2024-01-16
202400037059,18:10,Plein jour,42,42305,2,9,1,6.0,Rue Salvador Allende,45.47377292,4.42558855,18:10:00,2024-05-13
202400037060,18:45,Nuit sans éclairage,95,95277,2,1,1,2.0,D370,48.97227792,2.46197284,18:45:00,2024-02-23
202400037061,21:40,Nuit sans éclairage,92,92072,1,1,1,6.0,N118,48.81299091,2.21400238,21:40:00,2024-01-15
202400037062,22:05,Nuit sans éclairage,95,95527,1,1,1,6.0,A3,48.9820631,2.50166646,22:05:00,2024-01-16
202400037063,11:40,Plein jour,40,40192,2,3,1,3.0,VICTOR HUGO,43.893157,-0.500219,11:40:00,2024-05-10
202400037064,20:30,,95,95019,2,1,1,2.0,D208,48.98619607,2.41582813,20:30:00,2024-02-22
202400037065,18:10,,95,95607,2,1,1,6.0,D409,49.02895349,2.2062993,18:10:00,2024-02-27
202400037066,17:00,Crépuscule,95,95500,1,1,1,5.0,A15,49.03753486,2.09060913,17:00:00,2024-01-16
202400037067,17:30,Plein jour,38,38185,2,2,1,3.0,Rue Léon Jouhaux,45.180568,5.741631,17:30:00,2024-05-13
202400037068,16:35,Plein jour,95,95256,1,1,1,2.0,N184,49.05531709,2.20259786,16:35:00,2024-01-16
202400037069,13:45,Plein jour,95,95607,2,1,3,3.0,D502,49.02126179,2.2201924,13:45:00,2024-02-22
202400037070,00:50,,37,37233,2,3,1,6.0,MONTEIL (RUE HIPPOLYTE),47.38145,0.72138,00:50:00,2024-05-15
202400037071,08:30,Nuit sans éclairage,93,93064,1,1,1,3.0,AUTOROUTE A86,48.88401889,2.47154067,08:30:00,2024-01-16
202400037072,16:05,Plein jour,37,37261,2,6,2,6.0,CHAGALL (AVENUE MARC),47.4156,0.68355,16:05:00,2024-05-14
202400037073,07:50,Plein jour,95,95203,2,3,1,3.0,D909,49.00319863,2.2809015,07:50:00,2024-02-20
202400037074,12:45,Plein jour,94,94028,1,1,1,2.0,A86,48.79084463,2.44049907,12:45:00,2024-01-16
202400037075,14:20,Plein jour,95,95210,2,9,1,6.0,ENGHIEN (AVENUE D'),48.96374,2.303601,14:20:00,2024-02-28
202400037076,18:04,Plein jour,35,35238,2,3,1,3.0,LORIENT (DE),48.10919,-1.7083,18:04:00,2024-05-14
202400037077,12:45,Plein jour,77,77363,1,1,1,2.0,A104,48.91549,2.63415,12:45:00,2024-01-16
202400037078,17:26,Crépuscule,95,95427,2,1,8,6.0,D311,48.97703362,2.34840048,17:26:00,2024-02-22
202400037079,12:25,Plein jour,976,97611,2,1,1,6.0,kaweni-Mangrove (route de la),-12.46332,45.22346,12:25:00,2024-01-15
202400037080,17:50,Plein jour,35,35238,2,2,2,3.0,CARTIER (BD JACQUES),48.09715944,-1.67700999,17:50:00,2024-05-13
202400037081,04:00,,973,97302,2,2,8,3.0,DE GAULLE (AVENUE),4.9388101,-52.33173519,04:00:00,2024-01-15
202400037082,21:30,,95,95014,2,2,3,3.0,D124E,49.01185853,2.30500256,21:30:00,2024-02-21
202400037083,09:10,Plein jour,69,69386,2,2,2,3.0,Rue Bugeaud,45.76648,4.84951,09:10:00,2024-01-15
202400037084,17:40,Crépuscule,95,95288,1,1,2,3.0,D301,48.98643157,2.36113303,17:40:00,2024-02-19
202400037085,04:45,,69,69386,2,1,1,2.0,Quai Charles de Gaulle,45.77687,4.84381,04:45:00,2024-01-15
202400037086,16:15,Plein jour,34,34301,2,2,1,3.0,HUGO VICTOR (AVENUE),43.41022,3.6974,16:15:00,2024-05-13
202400037087,07:20,Plein jour,972,97213,2,3,1,3.0,ROUTE DEPARTEMENTALE 15,14.64364,-61.01034,07:20:00,2024-01-15
202400037088,00:08,,91,91549,2,2,1,3.0,EPERON (AVENUE DE L'),48.64306,2.34166,00:08:00,2024-02-27
202400037089,17:45,Plein jour,34,34172,2,3,2,3.0,MARCHE AUX BESTIAUX (RUE DU),43.61616,3.88438,17:45:00,2024-05-14
202400037090,18:45,,972,97209,2,1,1,6.0,BISHOP (Avenue Maurice),14.61,-61.05,18:45:00,2024-01-14
202400037091,09:20,Plein jour,69,69389,2,3,2,3.0,20 Rue de la Claire,45.77976,4.80567,09:20:00,2024-01-15
202400037092,20:40,Plein jour,33,33063,2,2,1,3.0,Unknown,44.83193,-0.57727,20:40:00,2024-05-14
202400037093,19:50,,91,91103,2,1,2,4.0,LEON BLUM (RUE),48.62014,2.30074,19:50:00,2024-02-26
202400037094,17:10,Plein jour,95,95582,1,1,1,6.0,D170,48.96427076,2.26827495,17:10:00,2024-04-07
202400037095,09:00,Plein jour,69,69389,2,9,2,2.0,90 Rue Pierre Audry,45.7616,4.80876,09:00:00,2024-01-15
202400037096,02:00,Nuit sans éclairage,33,33063,2,1,3,6.0,Unknown,44.89727,-0.55111,02:00:00,2024-05-14
202400037097,14:50,Plein jour,91,91570,2,1,3,3.0,LIERS (RUE DE),48.63434,2.31471,14:50:00,2024-02-22
202400037098,06:30,Plein jour,971,97113,1,1,1,6.0,RN4-ROND POINT SAINT FELIX,16.208,-61.45143,06:30:00,2024-01-14
202400037099,17:05,Plein jour,93,93005,1,1,1,5.0,A3,48.94047447,2.47890375,17:05:00,2024-04-06
202400037100,17:20,Plein jour,91,91692,2,1,2,6.0,VENDEE (RUE DE),48.68268,2.16442,17:20:00,2024-02-26
202400037101,17:58,Plein jour,32,32013,2,1,1,5.0,JEAN JAURES (AVENUE),43.6644,0.59592,17:58:00,2024-05-14
202400037102,18:00,Nuit avec éclairage,95,95585,1,1,8,2.0,D316,48.98420625,2.37228131,18:00:00,2024-01-15
202400037103,14:40,Plein jour,91,91377,2,9,8,6.0,LA VALLEE DE LA BIEVRE (VOIE DE),48.73746,2.26759,14:40:00,2024-02-24
202400037104,18:40,Plein jour,93,93048,1,1,1,2.0,A86,48.86636948,2.48142569,18:40:00,2024-04-05
202400037105,13:00,Plein jour,25,25056,2,3,2,2.0,COMBE AUX CHIENS CH. DE LA,47.26118,6.01042,13:00:00,2024-05-06
202400037106,09:00,Plein jour,95,95585,2,2,8,6.0,BAUVES (RUE DES),48.99471166,2.37911224,09:00:00,2024-01-15
202400037107,10:40,Plein jour,25,25056,2,1,1,6.0,CHASNOT RUE DU,47.251586,6.028498,10:40:00,2024-05-14
202400037108,15:05,Plein jour,91,91477,2,3,1,3.0,GALLIENI (RUE),48.72373,2.25121,15:05:00,2024-02-23
202400037109,11:50,Plein jour,91,91191,2,6,1,6.0,JEAN JAURES (AVENUE),48.71237,2.46487,11:50:00,2024-01-15
202400037110,17:00,Plein jour,77,77363,1,1,1,2.0,A104,48.914711,2.634548,17:00:00,2024-04-07
202400037111,12:09,Plein jour,19,19031,2,6,3,3.0,COMTE (RUE ERNEST),45.1556,1.48005,12:09:00,2024-05-14
202400037112,19:30,,91,91228,2,1,1,6.0,PIERRE ET MARIE CURIE (RUE),48.63323,2.43255,19:30:00,2024-01-15
202400037113,16:33,Plein jour,19,19031,2,1,1,3.0,VERLHAC (BOULEVARD DOCTEUR),45.16796,1.53438,16:33:00,2024-05-13
202400037114,22:18,Nuit sans éclairage,974,97407,2,1,1,6.0,ROUTE DU SACRE COEUR,-20.95859,55.31942,22:18:00,2024-04-05
202400037115,18:52,,91,91477,2,2,2,3.0,SACLAY (ROUTE DE),48.71988,2.22498,18:52:00,2024-02-19
202400037116,19:20,,84,84087,2,3,1,3.0,CREMADES (AVENUE DES),44.12941,4.83603,19:20:00,2024-01-15
202400037117,06:17,,84,84007,2,1,1,6.0,CHARLES DE GAULLE,43.93994,4.7877,06:17:00,2024-01-01
202400037118,17:00,Plein jour,974,97407,2,9,1,3.0,CARPAYE(AVENUE),-20.94965,55.30166,17:00:00,2024-04-05
202400037119,19:02,Plein jour,13,13206,2,2,3,3.0,ARMENY (RUE D'),43.29121,5.38069,19:02:00,2024-05-14
202400037120,06:20,Plein jour,972,97209,2,1,1,3.0,ALFASSA (BOULEVARD),14.60238,-61.06865,06:20:00,2024-04-06
202400037121,16:40,Plein jour,84,84007,2,3,1,3.0,TARASCON ( Avenue de),43.92297,4.80932,16:40:00,2024-01-13
202400037122,15:20,Plein jour,91,91657,2,4,1,3.0,PIERRE MARIN (RUE),48.69955,2.41735,15:20:00,2024-02-20
202400037123,13:22,Plein jour,13,13215,2,1,8,3.0,SAINT LOUIS (AVENUE DE),43.35014,5.35874,13:22:00,2024-05-14
202400037124,14:00,Plein jour,69,69149,2,1,1,3.0,134 Rue des Martyrs de la Libération,45.70157,4.82361,14:00:00,2024-04-06
202400037125,01:45,,13,13208,2,1,1,3.0,PARADIS (RUE),43.27363,5.385,01:45:00,2024-05-14
202400037126,18:15,Crépuscule,91,91691,2,1,2,6.0,CD 94,48.72484,2.49971,18:15:00,2024-02-19
202400037127,20:00,,971,97120,1,1,1,3.0,PAUL VALENTINO (AVENUE),16.22728,-61.52986,20:00:00,2024-04-05
202400037128,17:00,Plein jour,77,77284,2,1,1,2.0,GUERIN (RUE CAMILLE),48.96748753,2.88289976,17:00:00,2024-01-15
202400037129,08:37,Plein jour,12,12176,2,1,2,1.0,ex RN88,44.37345,2.63648,08:37:00,2024-05-02
202400037130,18:40,,91,91027,2,1,1,1.0,EDOUARD VAILLANT (RUE),48.707411,2.396625,18:40:00,2024-02-24
202400037131,17:50,Plein jour,10,10321,1,1,1,2.0,TORVILLIERS (RUE,48.2787,3.9953,17:50:00,2024-05-13
202400037132,22:10,Nuit sans éclairage,77,77186,1,1,1,1.0,RD 142,48.45504,2.6711,22:10:00,2024-01-12
202400037133,15:20,Plein jour,971,97101,1,1,1,2.0,CENTRE COMMERCIAL ROCADE,16.25385288,-61.53823256,15:20:00,2024-04-05
202400037134,11:10,Plein jour,91,91027,2,6,2,3.0,BERNARD LATHIERE (AVENUE),48.71495,2.37348,11:10:00,2024-02-22
202400037135,09:20,Plein jour,76,76705,1,9,1,3.0,D7,49.334332,1.102967,09:20:00,2024-01-15
202400037136,10:10,Plein jour,04,04112,1,1,2,3.0,D907,43.84493,5.73968,10:10:00,2024-05-14
202400037137,15:59,Plein jour,2A,2A004,2,1,1,4.0,BONAPARTE CHARLES  BD,41.93391,8.74995,15:59:00,2024-04-05
202400037138,16:25,Plein jour,76,76351,2,2,1,3.0,Rue Jules Tellier,49.49846,0.12782,16:25:00,2024-01-12
202400037139,19:35,,91,91174,2,7,8,3.0,HENRI DUNANT (BOULEVARD),48.60683,2.48349,19:35:00,2024-02-19
202400037140,17:30,Plein jour,01,01344,2,3,1,3.0,BRESSE (AVENUE DE),46.21315,5.20411,17:30:00,2024-05-13
202400037141,08:25,Plein jour,91,91433,1,1,2,6.0,RN 20,48.45933,2.17795,08:25:00,2024-02-26
202400037142,14:20,Plein jour,76,76351,2,3,1,6.0,MARECHAL JOFFRE (RUE),49.49996,0.12835,14:20:00,2024-01-13
202400037143,10:35,Plein jour,91,91027,2,2,1,3.0,AV FRANCOIS MITTERRAND,48.70876,2.37136,10:35:00,2024-04-06
202400037144,18:10,Nuit sans éclairage,76,76447,1,1,1,1.0,Rue Raoul Dufy,49.55736,0.16528,18:10:00,2024-01-13
202400037145,09:40,Plein jour,75,75117,2,1,1,4.0,BD PERIPHERIQUE INTERIEUR,48.884578,2.286301,09:40:00,2024-05-13
202400037146,16:30,Plein jour,88,88160,1,1,1,1.0,GERARDMER (route de),48.17688,6.50256,16:30:00,2024-02-27
202400037147,00:50,,76,76351,2,2,1,2.0,LENINGRAD (BD DE),49.49611,0.14678,00:50:00,2024-01-13
202400037148,23:28,Nuit sans éclairage,87,87085,1,1,2,6.0,AUTOROUTE A20,45.85101807,1.276054,23:28:00,2024-02-25
202400037149,03:20,,91,91479,1,1,1,5.0,RTE DE FONTAINEBLEAU,48.7277,2.3687,03:20:00,2024-04-06
202400037150,15:00,Plein jour,76,76114,2,1,1,6.0,CALVAIRE (RUE DU),49.57218,0.47519,15:00:00,2024-01-12
202400037151,21:55,,75,75120,2,1,1,4.0,BD PERIPHERIQUE EXTERIEUR,48.873317,2.412054,21:55:00,2024-05-13
202400037152,20:22,,87,87085,2,6,2,3.0,VALOINE (BOULEVARD DE LA),45.83781,1.27854,20:22:00,2024-02-23
202400037153,09:50,Plein jour,75,75119,2,3,3,6.0,RUE RIQUET,48.888708,2.373353,09:50:00,2024-05-14
202400037154,13:25,Plein jour,91,91433,1,6,1,3.0,ROND POINT RD20-RD 207-A,48.450477,2.174134,13:25:00,2024-04-06
202400037155,21:40,Nuit sans éclairage,69,69266,2,6,8,2.0,Allée du Frère Benoit,45.78516361,4.8888679,21:40:00,2024-01-15
202400037156,07:45,,69,69256,2,1,2,6.0,Avenue Karl Marx,45.77810537,4.93928151,07:45:00,2024-01-15
202400037157,17:20,Plein jour,86,86194,2,1,1,1.0,Avenue de l'Europe,46.592146,0.348054,17:20:00,2024-02-23
202400037158,03:00,,87,87085,2,2,1,6.0,VANTEAUX (BOULEVARD DE),45.82133,1.23991,03:00:00,2024-04-04
202400037159,23:05,Nuit avec éclairage,75,75117,2,1,1,3.0,PLACE DE LA PORTE MAILLOT,48.87756,2.28364,23:05:00,2024-05-13
202400037160,08:20,Crépuscule,69,69264,2,1,2,6.0,Boulevard Louis Blanc,45.98728,4.72134,08:20:00,2024-01-15
202400037161,01:00,,83,83137,2,1,1,7.0,BRIAND (AVE ARISTIDE DE 1221 A FIN,43.12146,5.89395,01:00:00,2024-04-06
202400037162,07:45,Crépuscule,69,69290,2,1,3,6.0,Boulevard Edouard Herriot,45.69459,4.94036,07:45:00,2024-01-15
202400037163,18:05,Crépuscule,85,85191,2,1,1,4.0,Boulevard aristide briand,46.668561,-1.43142,18:05:00,2024-02-20
202400037164,14:40,Plein jour,75,75117,2,4,1,3.0,AVENUE MAC MAHON,48.87769,2.2941,14:40:00,2024-05-13
202400037165,08:15,Plein jour,65,65440,2,2,1,6.0,LASSERRE (RUE JULES),43.23571015,0.07200608,08:15:00,2024-01-15
202400037166,20:30,,83,83069,2,3,1,3.0,GAMBETTA (AVENUE),43.11709,6.12862,20:30:00,2024-04-06