Num_Acc,hrmn,lum,dep,com,agg,int,atm,col,adr,lat,long,heure,date
202400037167,18:45,Plein jour,75,75116,2,2,1,6.0,RUE DE BOULAINVILLIERS,48.85764,2.274732,18:45:00,2024-05-14
202400037168,11:35,Plein jour,64,64483,2,1,2,6.0,Unknown,43.38754,-1.66147,11:35:00,2024-01-15
202400037169,22:06,,83,83061,2,1,1,6.0,BOULEVARD DE LA LIBÉRATION,43.42452003,6.76006615,22:06:00,2024-04-06
202400037170,19:23,Crépuscule,84,84007,2,3,1,4.0,MONTFAVET (Route),43.94437,4.81747,19:23:00,2024-02-24
202400037171,14:20,Plein jour,75,75116,2,3,2,2.0,RUE DE BOULAINVILLIERS,48.85174,2.277587,14:20:00,2024-05-14
202400037172,17:50,,64,64024,2,2,2,7.0,NOVEMBRE (RUE DU 11),43.48213,-1.51462,17:50:00,2024-01-14
202400037173,17:17,Plein jour,79,79329,2,1,7,3.0,Unknown,46.994448,-0.20793,17:17:00,2024-04-05
202400037174,13:34,Plein jour,63,63113,2,2,2,6.0,LAFAYETTE (BD),45.77359,3.08986,13:34:00,2024-01-15
202400037175,09:50,Plein jour,75,75116,2,3,3,6.0,RUE CHARDON LAGACHE,48.847528,2.26905,09:50:00,2024-05-14
202400037176,20:00,,84,84007,1,5,1,3.0,CAVAILLON (Route de Cavaillon)-MONTFAVET,43.88923,4.91611,20:00:00,2024-02-20
202400037177,22:15,,78,78481,2,2,1,3.0,Pont Georges Pompidou,48.89786,2.10715,22:15:00,2024-04-06
202400037178,07:20,,63,63113,2,4,2,3.0,LIONDARDS (RUE NOUVELLE DES) / Etienne Dolet,45.75781,3.08596,07:20:00,2024-01-15
202400037179,09:35,Plein jour,75,75116,2,7,2,3.0,PLACE DE LA PORTE DE SAINT CLOUD,48.83747264,2.25680387,09:35:00,2024-05-14
202400037180,19:30,Crépuscule,84,84007,2,3,1,6.0,avenue de la folie,43.94615,4.83489,19:30:00,2024-02-19
202400037181,11:30,Plein jour,60,60057,2,1,1,1.0,Avenue Léon Blum,49.45006558,2.07249248,11:30:00,2024-01-15
202400037182,18:00,Plein jour,77,77438,2,1,2,3.0,SAINT GERMAIN DES NOYERS  (AVENUE),48.86123,2.67319,18:00:00,2024-04-05
202400037183,12:08,Plein jour,83,83062,2,1,1,6.0,SALENGRO (AVENUE ROGER),43.12656,6.01261,12:08:00,2024-02-19
202400037184,02:09,,75,75109,2,3,1,2.0,BOULEVARD POISSONNIERE,48.87089,2.346728,02:09:00,2024-05-14
202400037185,19:40,,56,56121,2,2,8,3.0,DU COUEDIC (RUE),47.750522,-3.36296,19:40:00,2024-01-14
202400037186,17:15,Plein jour,76,76231,2,1,2,1.0,Rue du Thuit Anger,49.28385,0.99263,17:15:00,2024-04-05
202400037187,14:40,Plein jour,83,83137,2,3,1,6.0,JOFFRE (BD MARECHAL),43.12411,5.95472,14:40:00,2024-02-21
202400037188,10:40,Plein jour,45,45234,2,1,1,6.0,D2157 PR 7 + 625,47.90721,1.88788,10:40:00,2024-01-15
202400037189,12:00,Plein jour,75,75107,2,3,2,3.0,PONT D IENA,48.859084,2.29324,12:00:00,2024-05-14
202400037190,07:00,Nuit sans éclairage,41,41018,2,1,1,2.0,LATTRE DE TASSIGNY (QUAI DU MARECHAL DE),47.58626,1.33634,07:00:00,2024-01-14
202400037191,09:10,Plein jour,83,83126,2,1,1,6.0,MARTINI (RUE J BAPTISTE),43.10000523,5.8807037,09:10:00,2024-02-20
202400037192,22:32,,75,75107,2,1,1,1.0,QUAI BRANLY,48.85913,2.29394,22:32:00,2024-05-13
202400037193,23:30,,72,72181,2,3,2,3.0,RUBILLARD AV N° IMP 1 A 51,48.01175,0.18609,23:30:00,2024-04-06
202400037194,08:15,Plein jour,38,38544,2,1,2,6.0,ANATOLE FRANCE(QUAI),45.529,4.878,08:15:00,2024-01-15
202400037195,08:40,Plein jour,75,75101,2,1,3,7.0,VOIE GEORGES POMPIDOU,48.857887,2.34416,08:40:00,2024-05-14
202400037196,18:00,,35,35115,2,1,1,6.0,PINTERIE (RUE DE LA),48.35472,-1.2051,18:00:00,2024-01-13
202400037197,13:40,Plein jour,83,83129,2,1,1,3.0,LERY (BOULEVARD DE),43.11937,5.8473,13:40:00,2024-02-27
202400037198,00:30,,67,67482,2,1,1,6.0,FRANÇOIS MITTERRAND (AVENUE),48.58729,7.69724,00:30:00,2024-04-07
202400037199,08:37,Plein jour,75,75104,2,3,1,7.0,BOULEVARD BEAUMARCHAIS,48.854795,2.368744,08:37:00,2024-05-13
202400037200,07:15,Crépuscule,34,34172,2,9,1,3.0,HUIT MAI 1945 (PLACE DU),43.601068,3.86807,07:15:00,2024-01-15
202400037201,09:20,Plein jour,83,83129,2,3,1,3.0,KENNEDY (AVENUE J.)N°PAIRS 2A2560,43.1068585,5.82183588,09:20:00,2024-02-24
202400037202,20:40,,29,29019,2,1,2,6.0,rue de Kermenguy,48.403435,-4.500904,20:40:00,2024-01-14
202400037203,21:15,,94,94081,2,3,1,3.0,Avenue Paul Vaillant Couturier / Rue Désiré Granet,48.79502,2.39728,21:15:00,2024-05-12
202400037204,19:50,Crépuscule,67,67482,2,3,1,3.0,ILL (RUE DE L ),48.6131,7.77284,19:50:00,2024-04-06
202400037205,15:10,Plein jour,83,83069,2,1,1,3.0,ROUBAUD (CHEMIN DU),43.10907,6.13906,15:10:00,2024-02-23
202400037206,20:25,Plein jour,94,94003,2,2,8,3.0,Avenue Paul Vaillant-couturier / Avenue Gabriel Péri,48.800127,2.342766,20:25:00,2024-05-14
202400037207,08:25,Crépuscule,27,27681,2,1,1,7.0,SAINT LOUIS (RUE),49.09328,1.47254,08:25:00,2024-01-15
202400037208,21:20,,83,83034,1,1,1,6.0,FONT BRUN (RUE),43.08471,6.10562,21:20:00,2024-02-23
202400037209,15:50,Plein jour,67,67482,2,1,1,2.0,VIENNE (ROUTE DE),48.57262,7.75586,15:50:00,2024-04-06
202400037210,19:15,Plein jour,94,94041,2,1,2,6.0,70 Avenue Georges Gosnat,48.81350661,2.38873921,19:15:00,2024-05-14
202400037211,01:25,Nuit sans éclairage,26,26058,1,1,1,7.0,Route de L'Amiral de Joybert,44.96526352,4.90068555,01:25:00,2024-01-16
202400037212,10:25,Plein jour,83,83069,2,1,1,6.0,PROVENCE (RUE DE),43.1177,6.13038,10:25:00,2024-02-23
202400037213,11:05,Plein jour,64,64102,2,1,1,3.0,AQUITAINE (AVENUE DE L'),43.4863,-1.46664,11:05:00,2024-04-06
202400037214,22:15,,94,94041,2,1,1,6.0,Quai Marcel Boyer,48.82381,2.39067,22:15:00,2024-05-13
202400037215,15:05,Plein jour,25,25056,2,2,1,6.0,CHURCHILL BD WINSTON (sup19),47.25339,6.01546,15:05:00,2024-01-15
202400037216,17:40,Plein jour,94,94038,2,3,2,6.0,Rue Dispan / Rue des Jardins,48.779473,2.338822,17:40:00,2024-05-14
202400037217,17:20,Plein jour,83,83061,2,1,1,4.0,AVENUE ANDRE LEOTARD,43.43926933,6.74602926,17:20:00,2024-02-19
202400037218,23:30,,63,63014,2,6,6,6.0,LAVOISIER (AVENUE),45.75771,3.14258,23:30:00,2024-04-06
202400037219,18:55,,16,16015,2,6,1,6.0,BORDEAUX (RUE DE N° 110 A LA FIN),45.6432,0.13609,18:55:00,2024-01-15
202400037220,19:30,,13,13213,2,1,1,3.0,CHATEAU GOMBERT CHEMIN,43.34319,5.42053,19:30:00,2024-01-15
202400037221,18:10,Plein jour,94,94071,2,1,1,3.0,Avenue Charles de Gaulle,48.76693,2.53155,18:10:00,2024-05-13
202400037222,19:20,,81,81018,2,2,1,2.0,LESCURE ( AVENUE DE ),43.9546,2.20367,19:20:00,2024-02-18
202400037223,08:30,Plein jour,61,61169,1,1,1,1.0,D962,48.7493,-0.52765,08:30:00,2024-04-06
202400037224,08:50,Plein jour,80,80021,2,1,1,6.0,Avenue d'Irlande,49.87085,2.29524,08:50:00,2024-02-22
202400037225,21:15,Nuit sans éclairage,13,13047,1,1,1,6.0,RD 569,43.55883,4.97639,21:15:00,2024-01-15
202400037226,17:50,Plein jour,93,93073,2,2,2,3.0,Avenue Henri Barbusse / Rue Ronsard,48.96007,2.57154,17:50:00,2024-05-14
202400037227,08:50,Plein jour,60,60159,2,2,1,3.0,Rue des Sablons,49.41092687,2.82440887,08:50:00,2024-04-06
202400037228,22:55,,80,80021,2,1,1,3.0,384 Rue Saint-Fuscien,49.8741,2.30653,22:55:00,2024-02-19
202400037229,10:30,Plein jour,93,93071,2,1,3,2.0,Avenue John Fitzgerald Kennedy,48.940813,2.512513,10:30:00,2024-05-14
202400037230,21:00,,59,59599,2,9,1,3.0,Avenue de la Fin de la Guerre,50.730361,3.13979,21:00:00,2024-04-06
202400037231,13:15,Plein jour,06,06088,2,1,1,2.0,Avenue de Bellet,43.6923513,7.2442754,13:15:00,2024-01-15
202400037232,10:40,Plein jour,93,93064,2,1,1,3.0,Rue Laënnec,48.881802,2.494707,10:40:00,2024-05-13
202400037233,08:35,Plein jour,56,56162,1,1,1,6.0,Kervéhennec,47.75181,-3.41952,08:35:00,2024-04-06
202400037234,15:35,Plein jour,75,75119,2,3,8,3.0,AVENUE SIMON BOLIVAR,48.875592,2.381881,15:35:00,2024-01-15
202400037235,12:35,Plein jour,78,78551,1,2,1,1.0,RD 308,48.93943,2.0762,12:35:00,2024-02-27
202400037236,09:45,Plein jour,93,93051,2,1,3,6.0,Avenue du Pave Neuf,48.840522,2.553052,09:45:00,2024-05-14
202400037237,11:30,Plein jour,75,75118,2,1,1,6.0,BOULEVARD ORNANO,48.893098,2.348412,11:30:00,2024-01-15
202400037238,13:30,Plein jour,54,54300,2,2,1,1.0,Rue Robert Damery,48.65839,6.224,13:30:00,2024-04-06
202400037239,11:15,Plein jour,78,78418,2,3,2,3.0,PETITS CHENES (CHEMIN DES),48.91116,2.13595,11:15:00,2024-02-26
202400037240,23:35,,93,93031,2,2,1,3.0,Avenue de la Marne / Rue du Commandant Louis Bouchet,48.95275,2.32753,23:35:00,2024-05-13
202400037241,07:30,Nuit sans éclairage,75,75117,2,1,1,3.0,BOULEVARD DE DOUAUMONT,48.894952,2.306749,07:30:00,2024-01-15
202400037242,12:00,Plein jour,54,54395,2,2,1,6.0,Rue Jeanne d'Arc,48.68757,6.17076,12:00:00,2024-04-06
202400037243,11:35,Plein jour,93,93001,2,6,3,3.0,Rue de Saint-Denis / Rue des Bergeries,48.921299,2.376101,11:35:00,2024-05-14
202400037244,19:00,,78,78440,2,2,2,6.0,EUROPE (AVENUE DE L'),48.97572,1.91569,19:00:00,2024-02-21
202400037245,21:30,,75,75114,2,1,1,3.0,AVENUE DE LA PORTE DE CHATILLON,48.823274,2.316062,21:30:00,2024-01-13
202400037246,06:40,Crépuscule,54,54339,1,1,1,3.0,M321,48.72854,6.18458,06:40:00,2024-04-06
202400037247,10:20,Plein jour,92,92046,2,1,2,3.0,PIERRE BROSSOLETTE (AVENUE),48.81588835,2.30531882,10:20:00,2024-05-14
202400037248,04:31,,75,75112,2,1,1,6.0,RUE DU FAUBOURG SAINT ANTOINE,48.852747,2.371179,04:31:00,2024-01-14
202400037249,18:25,Plein jour,78,78015,1,9,1,1.0,RD 55,48.971067,2.040871,18:25:00,2024-02-28
202400037250,09:20,Plein jour,92,92046,2,7,1,3.0,SALVADOR ALLENDE (RUE),48.82117702,2.30343443,09:20:00,2024-05-13
202400037251,07:50,,75,75101,2,2,1,3.0,RUE DE RIVOLI,48.859627,2.344852,07:50:00,2024-01-15
202400037252,12:05,Plein jour,92,92064,2,1,2,3.0,BUZENVAL,48.85405804,2.19965476,12:05:00,2024-05-14
202400037253,18:41,Plein jour,51,51172,2,4,1,6.0,LOUVOIS (ROUTE DE) CORA,49.21431,4.05081,18:41:00,2024-04-06
202400037254,17:25,Crépuscule,94,94080,2,3,1,6.0,Rue de Fontenay / Rue de Condé-sur-noireau,48.847903,2.440306,17:25:00,2024-01-15
202400037255,18:27,Plein jour,92,92044,2,2,2,3.0,LEON JAMIN(RUE),48.90043536,2.28647169,18:27:00,2024-05-14
202400037256,12:35,Plein jour,49,49007,2,1,1,6.0,TALET AVENUE,47.47619,-0.54781,12:35:00,2024-04-06
202400037257,08:00,,94,94078,2,3,1,6.0,Rue Thimonnier / Rue Saint-exupéry,48.75061729,2.44741452,08:00:00,2024-01-11
202400037258,22:50,,92,92040,2,2,1,3.0,HORACE VERNET,48.82638491,2.27350527,22:50:00,2024-05-14
202400037259,08:20,Plein jour,77,77479,2,1,2,6.0,RUE DE TORCY,48.868343,2.645198,08:20:00,2024-02-26
202400037260,09:30,Plein jour,49,49007,1,1,1,3.0,ATLANTIQUE  AVENUE DE L',47.466,-0.5813,09:30:00,2024-04-06
202400037261,07:25,,94,94068,2,2,1,3.0,Avenue Raspail / Avenue de l’Alma,48.78603,2.49526,07:25:00,2024-01-15
202400037262,20:14,Crépuscule,92,92035,2,1,1,1.0,République ( boulevard de la ),48.90678,2.24534,20:14:00,2024-05-12
202400037263,08:55,Plein jour,94,94046,2,1,8,2.0,Avenue du Général Leclerc,48.80784268,2.43715578,08:55:00,2024-01-14
202400037264,09:30,Plein jour,77,77258,1,1,1,4.0,BRIE VPO (ROUTE DE LA BRIE),48.838239,2.624728,09:30:00,2024-02-25
202400037265,14:50,Plein jour,47,47001,2,3,1,3.0,SCHUMANN (AV. ROBERT),44.20696,0.63658,14:50:00,2024-04-05
202400037266,14:30,Plein jour,94,94034,2,3,1,6.0,Allée des Jachères / Rue de la Vanne,48.75518107,2.33047557,14:30:00,2024-01-15
202400037267,11:45,Plein jour,94,94028,2,1,1,6.0,Avenue François Mitterrand,48.77003,2.46254,11:45:00,2024-01-15
202400037268,15:05,Plein jour,92,92026,2,4,2,4.0,NEUILLY DEFENSE (RESIDENCE),48.88726039,2.25306474,15:05:00,2024-05-14
202400037269,10:30,Plein jour,77,77468,1,1,2,1.0,D10P,48.85616,2.63662,10:30:00,2024-02-22
202400037270,15:15,Plein jour,93,93051,2,5,7,6.0,Rue Rouget de Lisle / Avenue du Général de Gaulle,48.84340635,2.55952549,15:15:00,2024-01-15
202400037271,17:30,Plein jour,45,45234,2,1,8,4.0,46 Rue du Faubourg Bannier,47.90969,1.90083,17:30:00,2024-04-05
202400037272,16:10,Plein jour,92,92025,2,1,2,3.0,VALMY (BD DE),48.9243956,2.25268051,16:10:00,2024-05-14
202400037273,12:45,Plein jour,77,77445,1,1,1,6.0,RD 306,48.59555,2.59422,12:45:00,2024-02-27
202400037274,16:40,Plein jour,93,93046,2,3,1,6.0,Boulevard Jean Jaurès / Allée de Chartres,48.92151,2.5253,16:40:00,2024-01-15
202400037275,16:25,Plein jour,92,92004,2,1,2,6.0,ARGENTEUIL AV D',48.91120614,2.28542072,16:25:00,2024-05-14
202400037276,09:38,Plein jour,77,77445,2,1,1,6.0,ROUTOIRES (AVENUE DES),48.58979,2.59226,09:38:00,2024-02-20
202400037277,20:00,Plein jour,44,44109,2,1,2,3.0,8 Boulevard Vincent Gâche,47.20661,-1.541881,20:00:00,2024-04-06
202400037278,10:10,Plein jour,93,93032,2,3,1,3.0,Rue Paul Vaillant Couturier / Avenue d'Orléans,48.87661,2.54928,10:10:00,2024-01-15
202400037279,22:35,,92,92002,2,2,8,3.0,AUGUSTE MOUNIE (RUE),48.75343441,2.30502391,22:35:00,2024-05-14
202400037280,08:40,Plein jour,77,77276,1,1,1,5.0,RD 360,48.918,2.88027,08:40:00,2024-02-27
202400037281,14:50,Plein jour,44,44135,2,1,1,6.0,20 Boulevard de l'Atlantique,47.27433,-2.43962,14:50:00,2024-04-02
202400037282,12:45,Plein jour,93,93007,2,1,1,6.0,Avenue Descartes,48.95041,2.44493,12:45:00,2024-01-15
202400037283,14:15,Plein jour,86,86174,2,1,1,6.0,Rue du 19 Mars 1962,46.765585,0.479831,14:15:00,2024-05-15
202400037284,08:10,Crépuscule,92,92064,2,1,1,6.0,GOUNOD,48.84264942,2.2100873,08:10:00,2024-01-15
202400037285,07:35,Plein jour,36,36034,2,1,1,2.0,Rue de Beauregard,47.25512042,1.64928282,07:35:00,2024-05-15
202400037286,19:45,Plein jour,42,42218,2,4,1,6.0,Rue Paillard,45.43150711,4.40586231,19:45:00,2024-04-05
202400037287,08:00,Plein jour,77,77284,2,5,8,2.0,FOCH (AVENUE DU ML.),48.95746,2.89455,08:00:00,2024-02-26
202400037288,07:55,Crépuscule,92,92048,2,6,2,2.0,PARIS (RUE DE) N° 1 A 15BIS,48.8177318,2.24901599,07:55:00,2024-01-15
202400037289,17:00,Plein jour,84,84083,2,6,1,2.0,N7,44.200143,4.727683,17:00:00,2024-05-11
202400037290,19:30,,77,77284,2,9,2,6.0,BRIAND (RUE ARISTIDE),48.95725,2.89415,19:30:00,2024-02-23
202400037291,15:40,Plein jour,65,65120,1,1,2,6.0,D305,43.199267,0.156872,15:40:00,2024-05-15
202400037292,15:36,Plein jour,38,38185,2,2,1,6.0,COURS JEAN JAURÈS,45.18587,5.71808,15:36:00,2024-04-05
202400037293,08:20,Plein jour,92,92025,2,1,8,3.0,CHARLES DE GAULLE (BD),48.91290423,2.23076275,08:20:00,2024-01-15
202400037294,14:59,Plein jour,22,22114,1,1,1,6.0,D52,48.238008,-2.290349,14:59:00,2024-05-14
202400037295,21:45,Nuit sans éclairage,77,77111,2,2,1,6.0,CHE DES VERGERS,48.87824,2.76602,21:45:00,2024-02-27
202400037296,12:45,Plein jour,92,92012,2,2,1,6.0,GENERAL LECLERC (AVENUE DU) 35/FIN - 60/,48.83191737,2.23820239,12:45:00,2024-01-15
202400037297,19:10,Plein jour,37,37122,2,2,1,3.0,REPUBLIQUE (AVENUE DE LA),47.35635,0.66545,19:10:00,2024-04-06
202400037298,16:35,Plein jour,56,56117,2,1,1,6.0,Place Anne de Bretagne,47.883118,-2.832589,16:35:00,2024-05-14
202400037299,16:00,Plein jour,77,77132,2,1,2,6.0,AV ROBERT SCHUMAN,48.871876,2.797644,16:00:00,2024-02-25
202400037300,16:29,Plein jour,77,77449,1,1,3,6.0,AV PAUL SERAMY,48.85818,2.79625,16:29:00,2024-02-25
202400037301,13:35,Plein jour,35,35238,2,1,1,3.0,LORIENT (DE),48.10583,-1.73288,13:35:00,2024-04-06
202400037302,08:40,Plein jour,77,77109,2,3,2,3.0,Avenue du Marronnier,48.610679,3.197166,08:40:00,2024-05-14
202400037303,19:45,Nuit sans éclairage,21,21599,1,1,9,6.0,A31,47.648319,5.178046,19:45:00,2024-01-12
202400037304,14:15,Plein jour,77,77058,2,1,3,6.0,GENERAL DE GAULLE  (AVENUE DU),48.839564,2.725567,14:15:00,2024-02-23
202400037305,19:05,Plein jour,76,76452,2,1,1,7.0,Rue François Leblanc,49.555633,1.073517,19:05:00,2024-05-14
202400037306,15:00,Plein jour,974,97412,2,1,1,6.0,35 Rue Hippolyte Foucque,-21.374626,55.624509,15:00:00,2024-01-16
202400037307,18:50,Crépuscule,35,35115,2,6,2,3.0,COINTAT (BD MICHEL),48.34384,-1.17629,18:50:00,2024-04-02
202400037308,06:00,Plein jour,2A,2A139,1,1,1,6.0,#Strada di Suartu#,41.688649,9.326041,06:00:00,2024-05-15
202400037309,16:55,Plein jour,77,77333,2,1,3,6.0,RUE DE BEAUREGARD,48.25841397,2.70479772,16:55:00,2024-02-26
202400037310,10:30,Plein jour,34,34003,2,1,1,6.0,ROSIERS (L17 A M17,43.29964,3.4817,10:30:00,2024-04-06
202400037311,16:25,Plein jour,35,35085,2,2,1,3.0,Avenue du General de Gaulle,48.410225,-1.753693,16:25:00,2024-01-08
202400037312,09:08,Plein jour,82,82025,1,2,3,3.0,Route de Montech,43.957833,1.286648,09:08:00,2024-05-14
202400037313,18:20,Plein jour,76,76561,2,1,1,3.0,Rue Denfert Rochereau,49.30021,1.01768,18:20:00,2024-02-27
202400037314,02:00,Nuit avec éclairage,33,33318,2,1,1,6.0,Unknown,44.79,-0.673,02:00:00,2024-04-07
202400037315,09:30,Plein jour,65,65389,2,3,3,7.0,chemin de la ribère,43.07352,0.483484,09:30:00,2024-05-14
202400037316,09:20,Plein jour,59,59653,1,1,8,3.0,M145,50.58043,2.906399,09:20:00,2024-01-14
202400037317,21:15,Nuit sans éclairage,61,61079,1,1,1,6.0,Voie Communale,48.224136,0.725086,21:15:00,2024-05-06
202400037318,21:00,,76,76540,2,2,1,3.0,Boulevard de l'Europe,49.42713949,1.08354717,21:00:00,2024-02-20
202400037319,20:18,Crépuscule,29,29019,2,6,8,3.0,rue Emile Rousse,48.385343,-4.528253,20:18:00,2024-04-06
202400037320,19:45,,59,59525,2,1,1,1.0,Route d?Avesnes,50.087981,4.001244,19:45:00,2024-01-15
202400037321,14:25,Plein jour,46,46136,1,1,2,5.0,Route départementale 811,44.509904,1.251175,14:25:00,2024-05-14
202400037322,13:50,Plein jour,76,76351,2,2,1,3.0,PAUL DOUMER,49.49254,0.1008,13:50:00,2024-02-27
202400037323,20:00,Crépuscule,26,26281,2,3,1,3.0,Rue Lamartine,45.04716785,5.06317377,20:00:00,2024-04-06
202400037324,17:45,,71,71543,2,3,8,1.0,D906 - Avenue de Lattre de Tassigny,46.555275,4.915824,17:45:00,2024-01-16
202400037325,17:30,Plein jour,76,76351,2,1,1,6.0,PIERRE MENDES FRANCE,49.50896,0.13818,17:30:00,2024-02-27
202400037326,07:34,Plein jour,47,47140,1,1,2,1.0,D13,44.312376,0.5777,07:34:00,2024-05-14
202400037327,11:45,Plein jour,23,23096,2,1,1,6.0,GARE (BOULEVARD DE LA),46.17461,1.87732,11:45:00,2024-04-05
202400037328,23:00,Nuit sans éclairage,61,61486,1,1,9,6.0,D22 PR31+130,48.731178,-0.707309,23:00:00,2024-01-14
202400037329,07:50,Nuit sans éclairage,76,76341,2,1,2,6.0,OUDALLE (ROUTE),49.50387,0.20275,07:50:00,2024-02-26
202400037330,21:00,Nuit sans éclairage,49,49060,2,1,1,6.0,RD 162,47.185338,-0.068171,21:00:00,2024-01-14
202400037331,15:55,Plein jour,39,39013,1,1,1,1.0,Unknown,46.897574,5.791646,15:55:00,2024-05-12
202400037332,17:50,Plein jour,22,22106,2,1,1,4.0,RN12,48.5014,-2.7286,17:50:00,2024-04-05
202400037333,14:50,Plein jour,76,76305,1,1,3,2.0,N 282,49.49917,0.21923,14:50:00,2024-02-25
202400037334,16:10,Crépuscule,42,42180,1,1,2,1.0,Route de Sury,45.571207,4.187323,16:10:00,2024-01-15
202400037335,08:40,Plein jour,01,01034,2,1,2,6.0,365 Avenue Charles de Gaulle,45.75932,5.695671,08:40:00,2024-05-14
202400037336,04:08,,76,76351,2,3,2,7.0,GRAND HAMEAU (Avenue du ),49.5241,0.094126,04:08:00,2024-02-23
202400037337,06:45,Crépuscule,01,01232,1,1,1,7.0,d996,46.380059,5.252216,06:45:00,2024-05-13
202400037338,23:00,,16,16015,2,6,1,3.0,BORDEAUX (RUE DE N° 110 A LA FIN),45.64321,0.13609,23:00:00,2024-04-06
202400037339,01:35,,76,76351,2,6,2,7.0,MARCEAU (RUE),49.4913,0.13286,01:35:00,2024-02-22
202400037340,10:25,Plein jour,06,06079,2,1,8,2.0,Avenue des Anciens Combattants,43.555436,6.94135,10:25:00,2024-05-15
202400037341,02:35,Nuit sans éclairage,13,13019,1,1,1,6.0,D9,43.47159,5.34238,02:35:00,2024-04-06
202400037342,16:10,Plein jour,02,02785,2,1,1,1.0,RD 1029,49.879914,3.154197,16:10:00,2024-01-15
202400037343,20:00,,76,76351,2,3,1,3.0,SAPINS (DES),49.51046,0.14926,20:00:00,2024-02-20
202400037344,09:30,Plein jour,04,04049,1,9,2,6.0,D404,44.106975,6.004935,09:30:00,2024-05-14
202400037345,15:05,Plein jour,15,15141,1,1,2,6.0,N122,45.131468,2.968567,15:05:00,2024-01-15
202400037346,20:45,Crépuscule,13,13210,2,1,1,3.0,ROMAIN ROLLAND (BOULEVARD),43.27792,5.42095,20:45:00,2024-04-06
202400037347,17:30,Plein jour,76,76341,2,1,1,3.0,CANTIPOU (Avenue),49.51175,0.21093,17:30:00,2024-02-20
202400037348,20:50,Crépuscule,85,85140,1,1,1,6.0,la daunière,46.7425,-0.83097,20:50:00,2024-05-14
202400037349,14:55,Plein jour,37,37115,2,1,1,6.0,Rue Pierre et Marie Curie,46.983758,0.667076,14:55:00,2024-04-19
202400037350,21:30,,13,13203,2,1,1,3.0,LOUBON (RUE),43.31265328,5.38211573,21:30:00,2024-04-06
202400037351,18:05,Nuit sans éclairage,14,14654,1,1,1,3.0,3689 Route de Saint-Pierre sur Dives,48.976263,-0.007961,18:05:00,2024-01-15
202400037352,14:35,Plein jour,76,76351,2,3,1,6.0,DOCTEUR DE BOISSIERE,49.5021568,0.1034646,14:35:00,2024-02-20
202400037353,02:50,Nuit sans éclairage,68,68021,1,1,3,6.0,A35,47.640971,7.497601,02:50:00,2024-05-15
202400037354,17:30,Plein jour,64,64094,1,1,2,1.0,3041 Route de Bayonne,43.465017,-1.238215,17:30:00,2024-01-15
202400037355,08:50,Plein jour,76,76341,2,1,1,1.0,EURE,49.50526,0.1957,08:50:00,2024-02-20
202400037356,20:30,,13,13211,2,1,1,1.0,MIREILLE LAUZE (Bd),43.28387529,5.41888259,20:30:00,2024-04-06
202400037357,17:50,,10,10323,2,1,5,6.0,Chaussée de Sellières,48.520158,3.703063,17:50:00,2024-01-16
202400037358,00:32,Nuit sans éclairage,39,39159,1,1,2,6.0,Unknown,46.877465,5.58422,00:32:00,2024-05-15
202400037359,12:20,Plein jour,07,07334,1,1,1,7.0,442 Route de Villefort,44.40842,4.105915,12:20:00,2024-01-15
202400037360,12:15,Plein jour,31,31254,2,1,1,2.0,254 L?Occitane,43.549295,1.502509,12:15:00,2024-05-13
202400037361,16:04,Plein jour,13,13203,2,2,1,3.0,NATIONAL (BOULEVARD),43.3,5.4,16:04:00,2024-04-06
202400037362,12:00,Plein jour,76,76351,2,3,1,2.0,OTHON FRIESZ,49.49382,0.101,12:00:00,2024-02-20
202400037363,20:30,Nuit avec éclairage,13,13069,1,1,1,1.0,D15,43.623646,5.146065,20:30:00,2024-01-14
202400037364,10:00,Plein jour,13,13201,2,1,1,2.0,BELSUNCE (COURS),43.29737,5.37724,10:00:00,2024-04-06
202400037365,07:35,Plein jour,971,97125,1,1,1,1.0,Blonval,16.255343,-61.314054,07:35:00,2024-05-10
202400037366,12:00,Plein jour,76,76351,2,1,1,6.0,FELIX FAURE,49.49999,0.10324,12:00:00,2024-02-19
202400037367,05:15,Nuit sans éclairage,65,65161,2,1,1,6.0,10 Rue des Pyrénées,43.338131,0.131917,05:15:00,2024-01-14
202400037368,19:23,Plein jour,83,83037,1,1,2,1.0,D5 route de la Roquebrussane,43.399794,5.997409,19:23:00,2024-05-14
202400037369,08:25,Plein jour,74,74012,2,3,1,3.0,VALLEES (ROUTE DES),46.19277,6.24469,08:25:00,2024-02-27
202400037370,05:45,Nuit sans éclairage,38,38052,1,1,1,5.0,Rd 1091 les sables,45.103098,6.008283,05:45:00,2024-01-14
202400037371,18:35,Plein jour,13,13001,2,9,1,2.0,GARDANNE (ROUTE DE ),43.48525,5.41163,18:35:00,2024-04-06
202400037372,13:15,Plein jour,04,04143,2,3,8,7.0,Route départementale 4,43.912297,5.915489,13:15:00,2024-05-15
202400037373,06:30,Crépuscule,74,74305,2,2,8,3.0,FAVRE (RUE),46.20354,6.24885,06:30:00,2024-02-21
202400037374,12:15,Plein jour,33,33205,1,1,2,2.0,Unknown,44.61220391,-0.3775762,12:15:00,2024-01-15
202400037375,10:05,Plein jour,10,10343,2,6,1,3.0,Rue Aristide Briand,48.26904,4.10325,10:05:00,2024-04-06
202400037376,17:20,Plein jour,13,13046,1,1,2,1.0,D46a,43.420195,5.54625,17:20:00,2024-05-14
202400037377,15:30,Plein jour,988,98817,2,3,1,3.0,RPS1/Rue Fanny SCHMIDT,-22.231272,166.529533,15:30:00,2024-01-15