Num_Acc,hrmn,lum,dep,com,agg,int,atm,col,adr,lat,long,heure,date
202400037378,09:35,Plein jour,74,74133,2,3,8,3.0,INDUSTRIE (RUE DE L'),46.18449,6.21624,09:35:00,2024-02-21
202400037379,18:05,Plein jour,13,13042,2,1,2,1.0,225 Route d?Aubagne,43.297116,5.620588,18:05:00,2024-05-14
202400037380,16:50,Plein jour,10,10387,2,1,1,3.0,HAUTS TREVOIS (RUE DES),48.28469,4.08742,16:50:00,2024-04-05
202400037381,16:00,Plein jour,973,97305,1,1,1,7.0,34 Route Nationale 1,4.91625,-52.376493,16:00:00,2024-01-14
202400037382,18:15,Plein jour,72,72095,2,1,1,6.0,SAINT NICOLAS (BD),48.02814,0.20279,18:15:00,2024-02-27
202400037383,20:30,Nuit sans éclairage,13,13066,1,1,3,1.0,D28,43.885282,4.895294,20:30:00,2024-05-14
202400037384,14:50,Plein jour,77,77415,2,1,1,2.0,61 Rue Pasteur,48.952156,3.012227,14:50:00,2024-01-16
202400037385,19:20,,72,72003,2,6,2,3.0,Avenue Charles de Gaulle,47.97108405,0.15934467,19:20:00,2024-02-26
202400037386,10:05,Plein jour,66,66014,2,2,1,3.0,Rue Mirabeau,42.749438,2.809876,10:05:00,2024-01-16
202400037387,12:30,Plein jour,68,68154,2,1,1,3.0,Avenue de Fribourg,47.76733205,7.38213289,12:30:00,2024-05-14
202400037388,21:50,Nuit sans éclairage,07,07019,2,1,1,3.0,MONTELIMAR ( ROUTE DE ),44.61446,4.39548,21:50:00,2024-04-05
202400037389,17:55,Nuit sans éclairage,34,34154,2,1,1,6.0,Rue Helene Boucher,43.591457,3.939811,17:55:00,2024-01-15
202400037390,09:44,Plein jour,72,72181,2,9,2,2.0,LEFAUCHEUX PIERRE (BD),47.96286,0.17695,09:44:00,2024-02-26
202400037391,15:00,Plein jour,68,68111,1,1,1,6.0,Route de Saint Marc,48.007104,7.275802,15:00:00,2024-05-10
202400037392,20:40,,06,06088,2,2,1,3.0,Rue Pierre Devoluy,43.70347,7.27435,20:40:00,2024-04-06
202400037393,16:30,Plein jour,84,84092,2,3,1,2.0,Rue François de Châteaubriand,43.95074,4.855371,16:30:00,2024-01-15
202400037394,14:30,Plein jour,72,72181,2,1,3,2.0,RHIN ET DANUBE (AV) N° IMP 271 A 339,48.0217,0.18321,14:30:00,2024-02-24
202400037395,22:35,Nuit sans éclairage,67,67487,1,1,1,3.0,D263,48.899336,7.850912,22:35:00,2024-05-03
202400037396,02:50,,05,05023,2,1,1,6.0,SYLVESTRE (RUE JOSEPH),44.88572,6.63421,02:50:00,2024-04-06
202400037397,08:00,Plein jour,26,26206,1,1,1,1.0,D538a,44.825572,4.994358,08:00:00,2024-01-15
202400037398,17:05,Plein jour,72,72181,2,9,1,1.0,GAMBETTA (RUE) N° PAIRS 60 A 142,48.00641,0.1911,17:05:00,2024-02-23
202400037399,09:40,Plein jour,57,57032,2,1,2,3.0,78 Rue Georges Clémenceau,49.079882,6.083529,09:40:00,2024-05-15
202400037400,18:10,,81,81219,2,3,1,3.0,Avenue de Revel,43.566285,2.003889,18:10:00,2024-01-16
202400037401,09:40,Plein jour,63,63042,1,1,1,7.0,RM796 -route des Mauvaises,45.836262,3.077913,09:40:00,2024-05-12
202400037402,08:10,Plein jour,71,71306,2,3,1,2.0,MOULINS (QUAI DE),46.66349,4.34975,08:10:00,2024-02-20
202400037403,08:40,Plein jour,75,75116,2,1,1,4.0,BD PERIPHERIQUE EXTERIEUR,48.839633,2.254164,08:40:00,2024-04-05
202400037404,09:00,Plein jour,33,33543,2,1,1,7.0,Unknown,44.58254,-0.257851,09:00:00,2024-01-09
202400037405,19:00,Crépuscule,07,07324,2,6,3,3.0,Avenue de Nimes,45.05534008,4.83861661,19:00:00,2024-05-15
202400037406,14:20,Plein jour,71,71475,2,1,1,1.0,BERTRAND VOISEAU (RUE),46.76681,4.81946,14:20:00,2024-02-28
202400037407,20:20,Crépuscule,75,75120,2,1,8,2.0,BD PERIPHERIQUE EXTERIEUR,48.866066,2.41344,20:20:00,2024-04-04
202400037408,08:20,,14,14762,2,1,1,6.0,37 Rue Emile Chenel,48.833386,-0.886137,08:20:00,2024-01-15
202400037409,11:35,Plein jour,16,16026,2,4,7,1.0,Unknown,45.716993,0.145268,11:35:00,2024-05-11
202400037410,21:35,,69,69286,2,1,1,2.0,Avenue de l'Europe,45.81312,4.89259,21:35:00,2024-02-26
202400037411,02:30,Nuit avec éclairage,76,76551,2,6,1,6.0,42 Rue de la Cour Souveraine,49.552925,0.288144,02:30:00,2024-01-14
202400037412,01:10,,75,75112,2,1,1,6.0,QUAI DE BERCY,48.835157,2.380391,01:10:00,2024-04-06
202400037413,00:50,,69,69266,2,1,1,6.0,Pont de Croix-Luizet,45.78359,4.89348,00:50:00,2024-02-24
202400037414,14:55,Plein jour,02,02381,2,1,1,6.0,36 Rue Charles de Gaulle,49.922573,4.082667,14:55:00,2024-01-16
202400037415,19:45,Plein jour,85,85226,2,1,1,1.0,Route de la Marzelle,46.729757,-1.936067,19:45:00,2024-05-14
202400037416,09:15,Plein jour,49,49023,2,1,8,6.0,Rue d'Anjou (Villedieu-la-Blouère),47.149586,-1.061144,09:15:00,2024-05-13
202400037417,18:10,Nuit sans éclairage,13,13212,1,1,1,2.0,A507 sens Aubagne- Marseille,43.29255,5.42506,18:10:00,2024-01-15
202400037418,20:00,,69,69286,2,3,1,6.0,Route de Strasbourg,45.81391476,4.88819095,20:00:00,2024-02-21
202400037419,15:35,Plein jour,75,75119,2,3,1,2.0,RUE DE MEAUX,48.885716,2.381645,15:35:00,2024-04-06
202400037420,09:45,Plein jour,13,13055,1,1,1,6.0,A507 sens Marseille - Aubagne,43.34116124,5.37648806,09:45:00,2024-01-15
202400037421,14:47,Plein jour,60,60404,2,1,1,6.0,106 Rue Paul Faure,49.310134,2.471881,14:47:00,2024-05-12
202400037422,09:45,Plein jour,13,13028,1,1,1,7.0,A50,43.203825,5.632871,09:45:00,2024-01-15
202400037423,19:00,Crépuscule,69,69286,2,3,1,6.0,Place de la Bascule,45.82123,4.89854,19:00:00,2024-02-20
202400037424,17:35,Plein jour,75,75117,2,3,1,6.0,AVENUE DE CLICHY,48.892324,2.317186,17:35:00,2024-04-06
202400037425,00:30,Nuit sans éclairage,60,60010,1,6,1,7.0,D205,49.214177,2.126112,00:30:00,2024-05-15
202400037426,17:30,Plein jour,33,33075,1,1,2,3.0,Unknown,44.888643,-0.592839,17:30:00,2024-01-15
202400037427,01:30,,75,75116,2,1,1,6.0,AVENUE DU PRESIDENT KENNEDY,48.857044,2.286763,01:30:00,2024-04-06
202400037428,16:05,Plein jour,69,69256,2,2,1,3.0,Avenue Franklin Roosevelt,45.75931982,4.93650422,16:05:00,2024-02-20
202400037429,17:55,Nuit avec éclairage,59,59196,1,1,1,2.0,AUTOROUTE A25,50.63343,2.95072,17:55:00,2024-01-13
202400037430,09:00,Plein jour,02,02454,1,2,8,6.0,Unknown,49.498221,4.040576,09:00:00,2024-05-14
202400037431,16:20,Plein jour,75,75114,2,3,1,1.0,AVENUE JEAN MOULIN,48.827824,2.326694,16:20:00,2024-04-06
202400037432,13:05,Plein jour,69,69290,2,4,8,3.0,Montée du Lyonnais,45.70354,4.89554,13:05:00,2024-02-27
202400037433,18:25,Plein jour,13,13215,1,1,1,2.0,A7-Sens Marseille vers Lyon,43.34676777,5.37260261,18:25:00,2024-05-13
202400037434,10:58,Plein jour,75,75114,2,1,1,6.0,AVENUE RENE COTY,48.82883,2.334561,10:58:00,2024-04-06
202400037435,23:30,Nuit sans éclairage,59,59205,1,1,1,5.0,AUTOROUTE A 21,50.32901,3.33321,23:30:00,2024-01-11
202400037436,17:15,Plein jour,69,69290,2,1,1,2.0,Route d'Heyrieux,45.68367,4.95169,17:15:00,2024-02-26
202400037437,02:00,,69,69259,2,1,1,6.0,382 Avenue Charles de Gaulle,45.71725,4.89174,02:00:00,2024-02-24
202400037438,03:44,Nuit sans éclairage,13,13106,1,1,1,2.0,A7-Sens Marseille vers Lyon,43.392795,5.351132,03:44:00,2024-05-13
202400037439,10:55,Plein jour,75,75112,2,1,1,2.0,AVENUE DAUMESNIL,48.84918,2.371459,10:55:00,2024-04-06
202400037440,06:15,Nuit sans éclairage,91,91161,1,1,1,4.0,AUTOROUTE A6,48.6991,2.31277,06:15:00,2024-01-15
202400037441,18:50,,69,69259,2,1,8,6.0,Boulevard Ambroise Croizat,45.70407,4.88759,18:50:00,2024-02-22
202400037442,08:08,Plein jour,69,69296,1,1,1,3.0,Autoroute 7,45.64477,4.83039,08:08:00,2024-05-13
202400037443,10:00,Plein jour,92,92060,1,1,1,6.0,RN385,48.77471986,2.24037043,10:00:00,2024-01-14
202400037444,18:40,Plein jour,75,75109,2,3,2,3.0,BOULEVARD DE CLICHY,48.88293,2.33493,18:40:00,2024-04-05
202400037445,10:46,Plein jour,92,92050,1,1,1,6.0,A86,48.89399306,2.18968636,10:46:00,2024-01-14
202400037446,13:40,Plein jour,69,69290,2,9,2,3.0,Avenue Jean Jaurès,45.69696,4.94092,13:40:00,2024-02-22
202400037447,16:45,Plein jour,59,59449,1,1,1,2.0,AUTOROUTE A23,50.46288528,3.25345727,16:45:00,2024-05-07
202400037448,11:00,Plein jour,75,75108,2,2,1,6.0,AVENUE FRANKLIN D ROOSEVELT,48.86678,2.310065,11:00:00,2024-04-06
202400037449,19:30,Plein jour,59,59350,1,1,1,2.0,Route Nationale 356,50.63401,3.08448,19:30:00,2024-05-11
202400037450,05:00,,78,78158,1,1,1,5.0,A13,48.831482,2.147352,05:00:00,2024-01-14
202400037451,23:15,,69,69259,2,2,3,3.0,Rue Président Edouard Herriot,45.6942,4.875,23:15:00,2024-02-21
202400037452,20:16,Crépuscule,94,94081,2,1,8,3.0,Boulevard de Stalingrad,48.79548,2.38427,20:16:00,2024-04-06
202400037453,17:00,Plein jour,94,94034,1,1,2,3.0,A86,48.7564059,2.33470729,17:00:00,2024-05-14
202400037454,02:55,Nuit sans éclairage,78,78640,1,1,1,6.0,RN12 INT,48.78229,2.16194,02:55:00,2024-01-14
202400037455,20:30,,69,69259,2,1,1,6.0,70 Avenue Jean Jaurès,45.70028422,4.88249645,20:30:00,2024-02-21
202400037456,09:00,Plein jour,92,92051,1,1,3,7.0,N13,48.88466094,2.26051505,09:00:00,2024-05-14
202400037457,21:05,,94,94077,2,1,8,2.0,Pont de Villeneuve-le-Roi,48.728175,2.443704,21:05:00,2024-04-06
202400037458,13:20,Plein jour,92,92078,1,1,1,6.0,AUTOROUTE A86,48.92830843,2.33162459,13:20:00,2024-01-15
202400037459,23:18,,78,78551,1,1,1,6.0,SE A14,48.906105,2.056697,23:18:00,2024-05-12
202400037460,19:30,,69,69290,2,1,1,1.0,Rue du Puits Vieux,45.69916857,4.94838938,19:30:00,2024-02-21
202400037461,04:00,Nuit sans éclairage,94,94028,1,1,1,2.0,A86,48.77630937,2.43517187,04:00:00,2024-01-14
202400037462,21:50,Nuit avec éclairage,92,92036,1,1,1,2.0,RN315 Y,48.92919904,2.30245245,21:50:00,2024-05-12
202400037463,00:10,Nuit sans éclairage,974,97407,2,6,1,6.0,ROND POINT CITE RN4,-20.95429849,55.3084863,00:10:00,2024-01-14
202400037464,23:30,,94,94059,2,2,1,3.0,avenue saint-pierre / avenue du général de gaulle,48.80837,2.57754,23:30:00,2024-04-05
202400037465,16:30,Plein jour,95,95582,1,1,2,7.0,A15,48.96346787,2.26421667,16:30:00,2024-05-14
202400037466,11:03,Plein jour,68,68297,2,2,1,3.0,MULHOUSE ( RUE)CITE BOURGLIBRE JUSQUE RU,47.61024,7.5399,11:03:00,2024-02-24
202400037467,20:40,Nuit sans éclairage,971,97107,2,9,1,7.0,FLAMBOYANTS ( ALLEE DES ),16.05233,-61.567,20:40:00,2024-01-14
202400037468,15:00,Plein jour,95,95572,1,1,2,6.0,N184,49.03439775,2.11311849,15:00:00,2024-05-14
202400037469,02:25,,94,94017,2,1,1,1.0,Avenue du Général de Gaulle,48.82723,2.51704,02:25:00,2024-04-06
202400037470,11:20,Plein jour,67,67267,2,3,1,3.0,SCHUMANN (AVENUE),48.558939,7.693089,11:20:00,2024-02-24
202400037471,17:20,Crépuscule,83,83137,2,3,1,3.0,PICOT (AVE DU COLONEL),43.13162,5.97412,17:20:00,2024-01-14
202400037472,11:25,Plein jour,95,95277,1,1,2,2.0,A3,48.98446162,2.50241742,11:25:00,2024-05-14
202400037473,18:00,Plein jour,93,93078,2,6,1,3.0,Avenue de la Plaine,48.9761515,2.50550777,18:00:00,2024-04-06
202400037474,07:25,Plein jour,92,92036,1,1,3,7.0,AUTOROUTE A15,48.94917898,2.28036318,07:25:00,2024-05-14
202400037475,13:45,Plein jour,66,66136,2,1,2,6.0,GAULLE (AVENUE GENERAL DE),42.69691,2.88206,13:45:00,2024-02-28
202400037476,02:05,Nuit sans éclairage,93,93062,2,6,1,6.0,Allée de Clichy / Allée du Plateau,48.90055,2.52914,02:05:00,2024-04-06
202400037477,17:40,,70,70550,2,1,1,3.0,Rue Raymond et Lucie Aubrac,47.631679,6.1431638,17:40:00,2024-01-13
202400037478,22:00,Nuit sans éclairage,93,93010,1,1,1,2.0,A3,48.88893243,2.47376801,22:00:00,2024-05-13
202400037479,22:56,,64,64260,2,1,2,6.0,ALLEES (RUE DES),43.35488,-1.7746,22:56:00,2024-01-14
202400037480,18:00,Plein jour,93,93048,2,1,1,3.0,Rue Pierre Brossolette,48.86437,2.47901,18:00:00,2024-04-06
202400037481,16:10,Plein jour,66,66136,1,1,1,2.0,Unknown,42.66265,2.921271,16:10:00,2024-02-24
202400037482,10:30,Plein jour,94,94004,1,1,3,3.0,N19,48.75452024,2.5093554,10:30:00,2024-05-14
202400037483,01:55,Nuit sans éclairage,63,63113,2,1,5,6.0,FLAUBERT (BD GUSTAVE),45.76586,3.12535,01:55:00,2024-01-14
202400037484,00:20,,93,93048,2,5,1,6.0,Route de Montreuil,48.87454,2.44785,00:20:00,2024-04-06
202400037485,16:20,Plein jour,66,66136,1,1,1,2.0,Unknown,42.712561,2.87273,16:20:00,2024-02-21
202400037486,17:04,Plein jour,83,83050,1,2,1,2.0,ALLENDE (avenue Salvadore),43.53335,6.4103,17:04:00,2024-02-17
202400037487,21:05,,62,62178,2,2,1,3.0,Rue Pégoud,50.4665,2.54543,21:05:00,2024-01-13
202400037488,15:30,Plein jour,83,83050,2,1,1,6.0,AICARD(RUE JEAN),43.54065,6.45818,15:30:00,2024-02-16
202400037489,14:35,Plein jour,35,35278,1,1,1,6.0,PORTE DE ST MALO,48.14049,-1.68927,14:35:00,2024-01-14
202400037490,11:20,Plein jour,66,66136,2,4,1,3.0,Avenue Paul ALDUY,42.68,2.903531,11:20:00,2024-02-20
202400037491,17:00,Plein jour,93,93005,2,2,1,3.0,Rue Francois Masse / Rue du Préfet Chaleil,48.940033,2.504746,17:00:00,2024-04-06
202400037492,11:00,Plein jour,57,57683,2,1,2,6.0,Rue de Hayange,49.306851,6.151638,11:00:00,2024-02-24
202400037493,01:25,Nuit sans éclairage,22,22113,2,6,2,6.0,PALAIS DE JUSTICE (ALLEE DU),48.729,-3.458,01:25:00,2024-01-14
202400037494,01:40,,93,93005,2,3,2,1.0,Avenue Raoul Dufy / Route Camille Pissaro,48.960285,2.501847,01:40:00,2024-04-06
202400037495,17:15,Plein jour,66,66136,1,6,1,3.0,GREGORY (LEON-JEAN),42.65849,2.88472,17:15:00,2024-02-19
202400037496,23:54,Nuit sans éclairage,14,14243,2,1,1,7.0,285 Route de Trouville,49.39684,0.20837,23:54:00,2024-01-13
202400037497,06:40,Plein jour,976,97611,2,1,1,7.0,mamoudzou centre-Haladi Selemani ( rue ),-12.779,45.23,06:40:00,2024-05-13
202400037498,13:05,Plein jour,92,92040,2,1,1,7.0,STALINGRAD (QUAI DE),48.82534101,2.2581899,13:05:00,2024-04-06
202400037499,18:00,Plein jour,65,65100,1,1,1,1.0,TOULOUSE LAUTREC (AVENUE),43.26439,0.02731,18:00:00,2024-02-19
202400037500,20:30,,13,13215,2,2,1,3.0,MADRAGUE VILLE (RUE),43.33913,5.35707,20:30:00,2024-01-13
202400037501,13:05,Plein jour,69,69387,2,2,1,3.0,Avenue Jean Jaurès,45.72969,4.83267,13:05:00,2024-05-13
202400037502,07:30,Crépuscule,64,64445,2,1,1,7.0,LOUP DU,43.30919,-0.35587,07:30:00,2024-02-26
202400037503,20:20,,13,13063,2,2,1,3.0,THEODORE AUBANEL BOULEVARD,43.58793,4.99928,20:20:00,2024-01-13
202400037504,12:30,Plein jour,92,92012,2,2,1,3.0,ANATOLE FRANCE (BOULEVARD) 1/4BIS,48.85105367,2.23451445,12:30:00,2024-04-06
202400037505,19:00,,971,97107,2,2,1,2.0,FRONT DE MER ( BOULEVARD),16.05335,-61.56092,19:00:00,2024-05-13
202400037506,18:30,,75,75113,2,1,1,2.0,PORTE D IVRY,48.820273,2.37556,18:30:00,2024-01-14
202400037507,07:40,Crépuscule,64,64348,2,2,3,3.0,JEAN MERMOZ,43.32084,-0.37898,07:40:00,2024-02-27
202400037508,13:20,Plein jour,76,76258,2,1,7,6.0,919 Rue Bernard Thélu,49.650948,0.591876,13:20:00,2024-04-07
202400037509,20:15,Plein jour,91,91514,1,1,1,3.0,RTE NATIONALE 6,48.66991,2.50668,20:15:00,2024-05-13
202400037510,14:30,Plein jour,75,75112,2,1,1,6.0,ECHANGEUR BERCY,48.827466,2.392312,14:30:00,2024-01-14
202400037511,21:30,,64,64129,2,6,2,7.0,Unknown,43.3049251,-0.40185112,21:30:00,2024-02-24
202400037512,16:30,Plein jour,91,91201,2,1,1,6.0,RUE WALDECK ROUSSEAU,48.68754,2.43338,16:30:00,2024-05-13
202400037513,16:30,Plein jour,62,62395,2,3,1,7.0,D134E1,50.331234,2.004047,16:30:00,2024-04-07
202400037514,09:45,Plein jour,75,75115,2,1,1,2.0,PORTE DE SEVRES,48.834768,2.274802,09:45:00,2024-01-14
202400037515,13:35,Plein jour,64,64445,2,6,2,3.0,PAIX,43.32043,-0.35239,13:35:00,2024-02-19
202400037516,15:45,Plein jour,91,91691,2,1,1,3.0,GARE(RUE),48.7076,2.48283,15:45:00,2024-05-13
202400037517,08:30,Plein jour,75,75119,2,1,1,6.0,PORTE DE LA VILLETTE,48.900101,2.391479,08:30:00,2024-01-14
202400037518,16:45,Plein jour,06,06149,2,9,1,3.0,Boulevard Anatole France,43.743573,7.312168,16:45:00,2024-04-07
202400037519,16:15,Plein jour,64,64122,2,1,2,6.0,IMPERATRICE (AVENUE DE L'),43.48563,-1.5556,16:15:00,2024-02-24
202400037520,07:03,Nuit sans éclairage,75,75120,2,1,1,6.0,PORTE DE BAGNOLET,48.870536,2.413224,07:03:00,2024-01-14
202400037521,07:20,Crépuscule,21,21261,1,1,1,6.0,A39,47.270867,5.158767,07:20:00,2024-04-07
202400037522,09:00,Plein jour,91,91657,2,1,1,3.0,AV DE LA CONCORDE,48.70551,2.42015,09:00:00,2024-05-13
202400037523,23:45,,64,64102,2,6,2,3.0,SAINT LEON (ROND POINT),43.48838246,-1.48175955,23:45:00,2024-02-24
202400037524,18:30,Plein jour,91,91589,2,1,1,6.0,PL DE LA GARE,48.6762,2.35161,18:30:00,2024-05-13
202400037525,15:00,Plein jour,64,64102,2,1,1,2.0,SOULT (AVENUE MARECHAL),43.48674,-1.48708,15:00:00,2024-02-20
202400037526,05:15,,81,81284,1,1,1,1.0,D612 PK 038.400,43.91786787,2.11703789,05:15:00,2024-04-07
202400037527,01:17,,75,75105,2,3,1,3.0,BOULEVARD SAINT GERMAIN,48.851086,2.344466,01:17:00,2024-01-14
202400037528,09:14,Plein jour,87,87085,2,3,1,3.0,RUBEN (AVENUE ERNEST),45.82135,1.25168,09:14:00,2024-05-13
202400037529,13:55,Plein jour,64,64102,2,1,1,2.0,RESPLANDY (AVENUE DU CAPITAINE),43.48721,-1.46263,13:55:00,2024-02-20
202400037530,09:15,Plein jour,83,83049,1,1,1,3.0,"Autoroute 57, PK 20.000",43.239435,6.084436,09:15:00,2024-04-05
202400037531,19:16,Plein jour,87,87075,2,3,2,1.0,RD79,45.821354,1.198219,19:16:00,2024-05-12
202400037532,10:10,Plein jour,75,75108,2,2,1,3.0,ROND POINT CHAMPS ELYSEES,48.868856,2.31014,10:10:00,2024-01-13
202400037533,09:15,Plein jour,63,63224,2,9,1,3.0,CLERMONT (ROUTE DE),45.87523,3.11884,09:15:00,2024-02-26
202400037534,16:15,Plein jour,83,83054,1,1,1,2.0,Autoroute A57,43.169282,6.050908,16:15:00,2024-04-05
202400037535,15:18,Plein jour,63,63103,1,1,1,7.0,RD 227,45.92093792,3.05069426,15:18:00,2024-02-21
202400037536,19:36,Plein jour,87,87085,2,3,1,3.0,BUGEAUD (COURS),45.85441,1.2488328,19:36:00,2024-05-12
202400037537,17:15,Plein jour,51,51320,2,1,7,6.0,pl saint vincent,49.07002,3.7579,17:15:00,2024-04-06
202400037538,15:15,Plein jour,75,75117,2,3,1,2.0,AVENUE DES TERNES,48.878982,2.292776,15:15:00,2024-01-14
202400037539,18:06,Plein jour,63,63300,1,1,1,6.0,RD 2009,45.90571,3.12603,18:06:00,2024-02-19
202400037540,13:00,Plein jour,83,83148,2,1,1,6.0,56 rue célestin gayol,43.428221,6.432767,13:00:00,2024-04-07
202400037541,19:30,,75,75115,2,2,1,3.0,RUE DE VAUGIRARD,48.837222,2.296421,19:30:00,2024-01-12
202400037542,13:14,Plein jour,87,87065,1,6,1,3.0,EYMOUTIERS (RUE D'),45.81769575,1.29437211,13:14:00,2024-05-11
202400037543,07:40,Plein jour,75,75120,2,7,1,2.0,AVENUE DE LA PORTE DE VINCENNES,48.84676632,2.41523427,07:40:00,2024-07-20
202400037544,19:20,Plein jour,63,63264,1,1,1,7.0,Les mûres orcival,45.70298539,2.85072037,19:20:00,2024-04-06
202400037545,19:00,,75,75113,2,7,1,6.0,RUE NATIONALE,48.829172,2.365147,19:00:00,2024-01-14
202400037546,06:00,,63,63113,2,2,1,3.0,POCHET LAGAYE / Lafayette,45.7667,3.1071,06:00:00,2024-02-26
202400037547,10:47,Plein jour,87,87085,2,3,1,3.0,TOULOUSE (RUE DE),45.80215,1.293846,10:47:00,2024-05-08
202400037548,15:30,Plein jour,14,14390,1,1,1,3.0,Route des Valettes,49.062886,-0.545368,15:30:00,2024-04-06
202400037549,06:55,Plein jour,75,75117,2,3,1,3.0,RUE DES RENAUDES,48.88113333,2.29714572,06:55:00,2024-07-20
202400037550,10:45,Plein jour,63,63113,2,1,1,7.0,FONTAINE (PLACE DE LA),45.791,3.1136,10:45:00,2024-02-24
202400037551,22:40,,75,75101,2,3,1,7.0,RUE DU LOUVRE,48.863042,2.341913,22:40:00,2024-01-13
202400037552,23:20,,87,87085,2,2,1,3.0,DUMAS (AVENUE GEORGES),45.82603,1.26801,23:20:00,2024-05-07
202400037553,11:15,Plein jour,06,06118,1,1,1,2.0,2207 Route de Grasse,43.646555,6.824312,11:15:00,2024-04-06
202400037554,18:19,Plein jour,63,63113,2,3,1,3.0,RESSORT (RUE DU),45.78831,3.11436,18:19:00,2024-02-23
202400037555,20:00,Plein jour,75,75111,2,3,1,6.0,RUE DE LAPPE,48.854318,2.371459,20:00:00,2024-07-20
202400037556,20:00,Plein jour,86,86041,2,1,1,2.0,Rue de la Vincenderie,46.596911,0.342233,20:00:00,2024-05-10
202400037557,03:00,Nuit sans éclairage,06,06033,1,6,1,6.0,1ère Avenue,43.80237,7.195927,03:00:00,2024-04-07
202400037558,19:50,Plein jour,80,80021,2,1,2,1.0,Place Longueville,49.88822935,2.29542375,19:50:00,2024-05-12
202400037559,00:30,,75,75111,2,3,1,6.0,BOULEVARD DU TEMPLE,48.86469,2.365841,00:30:00,2024-07-20
202400037560,18:30,,63,63113,2,2,3,6.0,Rue des Meuniers / rue des Chambrettes,45.76737,3.1047,18:30:00,2024-02-22
202400037561,21:17,Nuit avec éclairage,971,97133,1,1,1,1.0,D6,15.959931,-61.708617,21:17:00,2024-04-05
202400037562,20:35,Plein jour,78,78335,1,1,1,1.0,RD983,48.985343,1.72884,20:35:00,2024-05-06
202400037563,14:35,Plein jour,63,63113,2,1,1,6.0,CLEMENTEL (BD ETIENNE),45.810995,3.10943395,14:35:00,2024-02-22
202400037564,16:15,Plein jour,94,94081,2,1,1,2.0,Rue Gabriel Péri,48.79584,2.39999,16:15:00,2024-07-20
202400037565,18:45,Plein jour,83,83100,1,1,1,7.0,Route de Pierrefeu,43.270636,6.149468,18:45:00,2024-04-06
202400037566,05:15,Crépuscule,94,94041,2,1,1,6.0,Rue Jules Vanzuppe,48.82024,2.39464,05:15:00,2024-07-20
202400037567,18:10,Plein jour,78,78621,2,2,1,3.0,ALLENDE (AVENUE SALVADOR) SUD BEETHOVEN ,48.7829,1.97543,18:10:00,2024-05-13
202400037568,16:04,Plein jour,63,63113,2,5,1,3.0,JOUHAUX (BD LEON),45.80011,3.11228,16:04:00,2024-02-20
202400037569,18:40,Plein jour,76,76447,2,1,1,6.0,MARECHAL FOCH,49.5422145,0.18872339,18:40:00,2024-05-11
202400037570,20:20,Plein jour,93,93073,1,1,1,2.0,CHAPIT RE ( RUE DU),49.00549817,2.53343582,20:20:00,2024-07-19
202400037571,11:35,Plein jour,76,76552,2,1,1,6.0,JEAN DEVILDER,49.50429,0.08227,11:35:00,2024-05-11
202400037572,14:13,Plein jour,63,63113,2,2,1,3.0,LAVOISIERS (BD)/rue Paul Gautier,45.78346,3.07522,14:13:00,2024-02-19
202400037573,16:45,Plein jour,38,38342,1,1,1,1.0,D34,44.881533,5.648585,16:45:00,2024-04-06
202400037574,22:30,,76,76351,2,1,1,2.0,BOULARD,49.51567,0.12436,22:30:00,2024-05-10
202400037575,10:20,Plein jour,93,93066,2,7,1,1.0,Rue Danielle Casanova / Place de la Porte de Paris,48.92958,2.35686,10:20:00,2024-07-20
202400037576,19:10,,62,62510,2,6,1,6.0,D58,50.4222,2.7722,19:10:00,2024-02-20
202400037577,04:40,Nuit sans éclairage,2B,2B009,1,1,1,6.0,T50,42.11458,9.492917,04:40:00,2024-04-07
202400037578,18:16,Plein jour,71,71306,2,1,2,6.0,JEAN JAURES (RUE),46.67173868,4.36273903,18:16:00,2024-05-12
202400037579,13:50,Plein jour,62,62041,2,9,1,6.0,D63,50.29823,2.77117,13:50:00,2024-02-21
202400037580,08:00,Plein jour,93,93063,2,2,1,3.0,Avenue Berlioz / Boulevard Edouard Branly,48.87186,2.43973,08:00:00,2024-07-20
202400037581,00:05,Nuit sans éclairage,83,83131,2,1,1,1.0,Route Départementale 554,43.20270828,6.02868236,00:05:00,2024-04-07
202400037582,20:00,Plein jour,69,69275,2,2,1,1.0,Rue de la Fraternité,45.77251,4.95677,20:00:00,2024-05-13
202400037583,17:56,Crépuscule,61,61001,2,9,2,3.0,D438,48.427271,0.093187,17:56:00,2024-02-19
202400037584,08:40,Plein jour,93,93029,2,9,1,6.0,Cité Marcel Cachin,48.91884,2.46631,08:40:00,2024-07-20
202400037585,18:50,,60,60057,2,1,1,6.0,Avenue Jean Moulin,49.43715,2.09739,18:50:00,2024-02-20
202400037586,01:04,Nuit sans éclairage,44,44009,1,1,1,1.0,Unknown,47.214088,-1.451697,01:04:00,2024-04-07
202400037587,07:48,Plein jour,66,66136,2,6,1,2.0,Unknown,42.72725,2.90048,07:48:00,2024-05-13
202400037588,22:20,,59,59421,2,9,1,3.0,RAVENNES (RUE DES),50.71397,3.13395,22:20:00,2024-02-27
202400037589,17:30,Plein jour,51,51210,1,1,1,7.0,D?251,49.071406,3.973639,17:30:00,2024-04-06