Num_Acc,hrmn,lum,dep,com,agg,int,atm,col,adr,lat,long,heure,date
202400037590,18:00,Plein jour,64,64122,2,1,1,6.0,MARECHAL JOFFRE (RUE DU),43.47817,-1.56233,18:00:00,2024-05-11
202400037591,00:20,,59,59599,2,1,2,6.0,Avenue Lafayette,50.71885,3.16945,00:20:00,2024-02-22
202400037592,17:20,Plein jour,64,64122,2,1,1,7.0,MADRID (RUE DE),43.47041061,-1.56883076,17:20:00,2024-05-11
202400037593,16:20,Plein jour,93,93007,2,6,1,4.0,Avenue Pablo Néruda / Avenue Descartes,48.95002779,2.46687287,16:20:00,2024-07-20
202400037594,14:00,Plein jour,59,59599,1,1,2,2.0,Chaussée Fernand Forest,50.736405,3.150848,14:00:00,2024-02-21
202400037595,11:10,Plein jour,19,19246,1,1,1,3.0,RD148,45.20005442,1.46606505,11:10:00,2024-04-06
202400037596,12:45,Plein jour,64,64024,2,1,1,7.0,BAYONNE (AVENUE DE),43.48113,-1.51157,12:45:00,2024-05-13
202400037597,22:20,Nuit sans éclairage,92,92022,1,1,1,7.0,PAVE DE MEUDON (RUE DU),48.80446096,2.1951668,22:20:00,2024-07-19
202400037598,01:00,,59,59650,2,1,1,6.0,Rue Carnot,50.69914726,3.21006818,01:00:00,2024-02-28
202400037599,12:15,Plein jour,64,64024,2,3,1,3.0,CINQ CANTONS (RUE DES),43.49263,-1.5273,12:15:00,2024-05-13
202400037600,11:40,Plein jour,56,56074,1,1,1,6.0,keriquel,47.893512,-2.951981,11:40:00,2024-04-07
202400037601,17:30,Plein jour,59,59367,2,1,1,6.0,PROGRES (RUE DU),50.67007,3.21172,17:30:00,2024-02-27
202400037602,18:40,Plein jour,92,92063,2,3,1,6.0,BERGERIE (RUE DE LA),48.86395192,2.16242999,18:40:00,2024-07-20
202400037603,11:04,Plein jour,63,63113,2,1,1,3.0,CUGNOT (RUE NICOLAS-JOSEPH),45.78164618,3.12296838,11:04:00,2024-05-13
202400037604,16:35,Plein jour,59,59512,2,9,3,6.0,Rue Saint Antoine,50.69638,3.1763,16:35:00,2024-02-23
202400037605,05:20,Nuit sans éclairage,56,56053,1,1,1,6.0,Kerchou,47.756291,-2.546253,05:20:00,2024-04-07
202400037606,17:06,Plein jour,92,92051,2,1,1,2.0,"GENERAL LECLERC (BOULEVARD DU, N° 1 A 27",48.88930238,2.2593981,17:06:00,2024-07-20
202400037607,08:58,Plein jour,63,63113,2,5,1,3.0,FOREST (AVENUE FERNAND),45.79998,3.1116,08:58:00,2024-05-13
202400037608,19:19,,59,59646,2,6,2,3.0,MICHEL (RUE LOUISE),50.68063,3.13702,19:19:00,2024-02-21
202400037609,10:00,Plein jour,56,56052,2,1,1,6.0,Boulevard de l'Atalante,47.516338,-2.567255,10:00:00,2024-04-07
202400037610,12:35,Plein jour,92,92050,2,1,1,6.0,PICASSO PABLO AVENUE,48.88897803,2.22929902,12:35:00,2024-07-20
202400037611,04:40,,59,59350,2,2,2,3.0,Avenue Verhaeren,50.61846,3.03283,04:40:00,2024-02-25
202400037612,20:55,Plein jour,92,92020,2,1,1,6.0,PARIS AVENUE DE N°84 A FIN,48.80687546,2.29336506,20:55:00,2024-07-14
202400037613,05:45,Crépuscule,61,61001,2,6,1,3.0,D955,48.4182,0.09778,05:45:00,2024-05-13
202400037614,19:30,,59,59328,2,1,1,6.0,Avenue Becquart,50.650274,3.036526,19:30:00,2024-02-28
202400037615,02:00,Nuit sans éclairage,76,76067,1,1,2,1.0,N31,49.46434385,1.5770254,02:00:00,2024-04-07
202400037616,19:15,Plein jour,59,59526,2,1,1,3.0,QUAI DU MARISSON,50.44674,3.43888,19:15:00,2024-05-02
202400037617,18:30,,59,59350,2,1,6,6.0,Rue du Faubourg des Postes,50.6125485,3.04674964,18:30:00,2024-02-22
202400037618,18:35,Plein jour,92,92036,2,6,1,3.0,PIERRE TIMBAUD (RUE) (PAIRS),48.93350486,2.30250676,18:35:00,2024-07-20
202400037619,11:20,Plein jour,59,59299,2,3,2,3.0,RIVAGE (RUE DU),50.649477,3.191607,11:20:00,2024-05-13
202400037620,23:50,Nuit sans éclairage,32,32268,1,1,1,5.0,en gauzic - RN 124,43.60709,0.98451,23:50:00,2024-04-06
202400037621,00:01,,59,59350,2,1,1,6.0,Rue Henri Ghesquière,50.611366,3.064965,00:01:00,2024-05-14
202400037622,10:30,Plein jour,92,92012,2,3,1,6.0,GENERAL LECLERC (AVENUE DU) 35/FIN - 60/,48.83078819,2.23470998,10:30:00,2024-07-20
202400037623,19:50,Plein jour,63,63138,2,1,1,6.0,11 route des bois,45.8925054,3.48269954,19:50:00,2024-04-06
202400037624,12:05,Plein jour,59,59350,2,1,1,6.0,Place Barthélémy Dorez,50.618,3.0507,12:05:00,2024-05-13
202400037625,11:35,Plein jour,59,59350,2,1,1,2.0,Rue du Faubourg des Postes,50.615,3.0484,11:35:00,2024-02-20
202400037626,10:00,Plein jour,60,60158,1,1,1,7.0,Rue de la Vallée,49.554909,2.566971,10:00:00,2024-07-21
202400037627,09:10,Plein jour,59,59350,2,4,1,1.0,Rue Victor Hugo (Hellemmes-Lille),50.621,3.096,09:10:00,2024-05-13
202400037628,17:45,Plein jour,63,63205,1,1,1,7.0,CD 225,45.608844,3.349843,17:45:00,2024-04-06
202400037629,09:45,Plein jour,59,59350,2,9,1,3.0,Boulevard de la Liberté,50.63315,3.05934,09:45:00,2024-02-19
202400037630,14:50,Plein jour,59,59569,1,1,7,6.0,D25,50.34178,3.10238,14:50:00,2024-05-11
202400037631,00:15,Nuit sans éclairage,34,34248,1,1,1,1.0,D1,43.780384,3.91982,00:15:00,2024-07-21
202400037632,09:00,Plein jour,12,12119,1,1,1,6.0,"Le Puech du Suquet, D 15 PK 45+0610",44.679836,2.885312,09:00:00,2024-04-06
202400037633,18:17,Crépuscule,59,59183,2,9,1,1.0,ROME,51.01938,2.35191,18:17:00,2024-02-28
202400037634,12:15,Plein jour,42,42181,1,1,1,1.0,Route de Briquemort,46.01282,4.206798,12:15:00,2024-04-07
202400037635,11:35,Plein jour,56,56260,2,1,2,2.0,VERDUN(AVENUE DE),47.6644,-2.7378,11:35:00,2024-05-13
202400037636,10:30,Plein jour,59,59183,1,1,1,6.0,PERES ACHILLE,51.00603,2.33311,10:30:00,2024-02-27
202400037637,19:15,,974,97415,2,1,1,3.0,route de l'éperon,-21.04391,55.25764,19:15:00,2024-07-19
202400037638,19:10,,59,59271,2,9,2,6.0,GARNIER,51.02006,2.30009,19:10:00,2024-02-23
202400037639,20:30,Plein jour,62,62078,2,2,7,3.0,Rue du Milieu,50.865395,1.946442,20:30:00,2024-07-19
202400037640,16:00,Plein jour,68,68182,1,1,1,7.0,D12b,47.510972,7.482778,16:00:00,2024-04-06
202400037641,17:25,Plein jour,59,59428,2,1,8,6.0,CAMIERS (RUE MAURICE),50.19002,3.2213,17:25:00,2024-02-26
202400037642,03:55,Nuit sans éclairage,38,38239,1,1,1,6.0,D1085,45.336219,5.550856,03:55:00,2024-07-21
202400037643,16:50,Plein jour,22,22227,1,2,1,3.0,Intersection D712 / D56 - PLOUNERIN GARE,48.566328,-3.567284,16:50:00,2024-04-07
202400037644,19:15,Crépuscule,59,59122,2,1,1,3.0,DUNKERQUE (AVENUE DE),50.18367,3.23306,19:15:00,2024-02-26
202400037645,21:00,Crépuscule,68,68315,1,1,1,7.0,D431,47.891687,7.112639,21:00:00,2024-07-19
202400037646,18:30,Crépuscule,58,58194,2,1,1,2.0,HENRI BOUQUILLARD,46.99147,3.13469,18:30:00,2024-02-20
202400037647,12:57,Plein jour,51,51454,2,6,1,2.0,COMBATTANTS D'AFN (PLACE DES),49.22017,4.02051,12:57:00,2024-05-13
202400037648,15:05,Plein jour,56,56260,2,1,1,1.0,Avenue Victor Hugo,47.66146,-2.75708,15:05:00,2024-02-23
202400037649,11:21,Plein jour,50,50147,2,1,1,2.0,ALSACE LORRAINE (BOULEVARD),49.04949,-1.44763,11:21:00,2024-05-12
202400037650,19:55,Plein jour,30,30217,1,1,1,3.0,D111,43.9736,4.697481,19:55:00,2024-07-20
202400037651,15:25,Plein jour,44,44154,1,1,1,5.0,Unknown,47.233372,-2.156631,15:25:00,2024-04-06
202400037652,10:05,Plein jour,56,56260,2,1,1,6.0,Cimetière Calmont,47.64746,-2.75235,10:05:00,2024-02-20
202400037653,11:25,Plein jour,45,45004,2,1,1,2.0,D93 PR 0 + 854,47.975572,2.742103,11:25:00,2024-05-13
202400037654,14:45,Plein jour,56,56107,1,6,2,7.0,Kerfornet,47.71123,-3.39605,14:45:00,2024-02-24
202400037655,11:00,Plein jour,91,91617,1,1,1,1.0,D33,48.644479,2.503692,11:00:00,2024-07-20
202400037656,22:45,,44,44109,2,1,2,2.0,Boulevard de Stalingrad,47.21663,-1.54575,22:45:00,2024-05-13
202400037657,20:35,Nuit sans éclairage,02,02374,1,1,1,6.0,D31,49.924432,3.284781,20:35:00,2024-04-06
202400037658,20:35,,55,55029,2,1,2,1.0,RN 1135,48.76915681,5.17718389,20:35:00,2024-02-16
202400037659,15:00,Plein jour,56,56017,1,1,1,6.0,kermoël,47.891043,-2.792029,15:00:00,2024-07-17
202400037660,19:50,Plein jour,42,42218,2,2,1,3.0,Rue des Petites Soeurs des Pauvres,45.43066,4.37928,19:50:00,2024-04-19
202400037661,23:20,,54,54395,1,1,1,6.0,RM 674,48.67422,6.19665,23:20:00,2024-02-27
202400037662,17:20,Plein jour,84,84073,1,9,1,6.0,D3,43.847458,5.190096,17:20:00,2024-04-06
202400037663,08:05,Plein jour,54,54482,2,2,1,3.0,Avenue Carnot,48.70191,6.21237,08:05:00,2024-02-27
202400037664,19:30,Plein jour,78,78291,2,1,1,6.0,44 Rue de Seine,48.963134,1.73146,19:30:00,2024-07-19
202400037665,13:45,Plein jour,06,06151,1,1,1,6.0,M19,43.918067,7.265782,13:45:00,2024-04-04
202400037666,19:10,,54,54395,2,3,2,6.0,Rue des Quatre Eglises,48.68565,6.18482,19:10:00,2024-02-22
202400037667,18:25,Plein jour,06,06150,2,1,1,1.0,355 Chemin de Fontvieille,43.748268,7.403589,18:25:00,2024-04-06
202400037668,21:15,Crépuscule,76,76297,1,8,1,7.0,3 Route de Formerie,49.524087,1.705509,21:15:00,2024-07-20
202400037669,14:10,Plein jour,54,54547,2,2,2,2.0,Avenue du Général Leclerc,48.654206,6.152433,14:10:00,2024-02-22
202400037670,16:15,Plein jour,54,54483,2,1,8,6.0,place des droits de l'Homme,48.63043,6.30068,16:15:00,2024-02-22
202400037671,11:00,Plein jour,32,32107,2,1,1,3.0,D931,43.95865,0.379661,11:00:00,2024-07-21
202400037672,23:40,Nuit sans éclairage,16,16085,1,1,1,2.0,depertementale 27 PK 15 - 135,45.815286,0.4705721,23:40:00,2024-04-06
202400037673,10:45,Plein jour,53,53201,2,1,2,2.0,BRETAGNE ( RUE DE ),48.07015,-0.8382,10:45:00,2024-02-26
202400037674,18:15,Plein jour,71,71056,2,1,1,2.0,Route du Bourg,46.64321,5.18332,18:15:00,2024-07-20
202400037675,17:15,Plein jour,16,16230,1,1,1,1.0,Unknown,45.44708,0.138649,17:15:00,2024-04-06
202400037676,08:45,Plein jour,51,51055,2,9,2,3.0,ROMAINE (VOIE),49.276365,4.055498,08:45:00,2024-02-27
202400037677,14:00,Plein jour,07,07335,1,1,1,7.0,Chemin de Couleyre,45.10268,4.601512,14:00:00,2024-04-06
202400037678,12:10,Plein jour,51,51454,2,1,1,2.0,CHAMPAGNE  (  AVENUE),49.23204,4.03666,12:10:00,2024-02-23
202400037679,02:15,Nuit sans éclairage,63,63463,1,1,6,6.0,Ricornet,45.83393072,3.65657339,02:15:00,2024-07-21
202400037680,10:35,Plein jour,85,85202,1,1,1,6.0,D39,46.752733,-1.165339,10:35:00,2024-04-06
202400037681,12:20,Plein jour,51,51454,2,9,1,3.0,CHAMPAGNE (AVENUE),49.23194,4.03588,12:20:00,2024-02-21
202400037682,13:10,Plein jour,61,61043,1,1,1,6.0,D955,48.353311,0.720167,13:10:00,2024-07-20
202400037683,23:00,,51,51172,2,9,1,6.0,LOUVOIS (ROUTE DE) CORA,49.21626,4.0515,23:00:00,2024-02-20
202400037684,01:30,Nuit sans éclairage,27,27467,2,1,1,6.0,Côte Saint-Gilles,49.347588,0.496868,01:30:00,2024-04-07
202400037685,18:45,,51,51058,2,6,1,7.0,RUE LOUIS RENAULT,49.22847,3.99574,18:45:00,2024-02-20
202400037686,13:45,Plein jour,17,17091,1,1,1,7.0,D9,46.27958,-1.072798,13:45:00,2024-04-06
202400037687,17:30,Plein jour,50,50129,2,1,2,3.0,MILLET (AVENUE JEAN-FRANCOIS),49.63376,-1.6183,17:30:00,2024-02-21
202400037688,17:30,Plein jour,87,87117,1,1,1,7.0,D13,45.807967,1.81946,17:30:00,2024-04-06
202400037689,14:00,Plein jour,42,42081,1,1,1,5.0,Route de Veauche,45.592709,4.26726,14:00:00,2024-07-20
202400037690,07:50,Crépuscule,50,50129,2,1,1,6.0,ROUGES TERRES (LES),49.61349,-1.60194,07:50:00,2024-02-20
202400037691,21:30,Nuit sans éclairage,30,30046,2,1,1,6.0,D8,43.975323,4.19486,21:30:00,2024-04-06
202400037692,16:57,Plein jour,42,42217,1,1,1,1.0,Route de Saint Thurin,45.795551,3.848058,16:57:00,2024-07-21
202400037693,17:50,Plein jour,50,50129,2,1,1,3.0,VASTEL (RUE),49.63711,-1.6235,17:50:00,2024-02-17
202400037694,16:10,Plein jour,78,78356,1,1,1,3.0,CD 91,48.746455,2.022729,16:10:00,2024-04-06
202400037695,18:00,Plein jour,49,49328,2,1,1,6.0,PORTAIL LOUIS (RUE DU),47.25867,-0.07872,18:00:00,2024-02-27
202400037696,19:20,Plein jour,86,86213,1,2,1,3.0,D26,46.388625,0.052736,19:20:00,2024-07-20
202400037697,16:10,Plein jour,68,68235,1,6,1,6.0,D1b,47.993198,7.376233,16:10:00,2024-07-20
202400037698,10:00,Plein jour,49,49015,1,1,2,1.0,FLECHET CHEMIN DU,47.51701,-0.62313,10:00:00,2024-02-26
202400037699,18:05,Plein jour,01,01038,1,1,1,2.0,A 39,46.32236871,5.2694571,18:05:00,2024-04-05
202400037700,16:10,Plein jour,49,49007,2,1,2,3.0,GAULLE BOULEVARD CHARLES DE,47.47012,-0.5622,16:10:00,2024-02-25
202400037701,08:30,Plein jour,44,44216,1,1,1,3.0,Unknown,46.957706,-1.421131,08:30:00,2024-07-21
202400037702,06:30,Nuit sans éclairage,49,49007,1,1,2,6.0,A87N,47.45989,-0.51786,06:30:00,2024-02-25
202400037703,07:00,Crépuscule,01,01213,1,1,1,2.0,A42 - PK 035.700,45.928942,5.273432,07:00:00,2024-04-07
202400037704,21:15,Plein jour,29,29188,2,4,1,2.0,Route de Primel Trégastel,48.696361,-3.806642,21:15:00,2024-07-16
202400037705,09:25,Plein jour,49,49007,2,1,2,2.0,BLANCHOIN BOULEVARD,47.44811,-0.54036,09:25:00,2024-02-22
202400037706,07:19,Crépuscule,38,38081,2,1,2,6.0,3050 Avenue du Dauphiné,45.53495,5.1276,07:19:00,2024-07-21
202400037707,11:15,Plein jour,49,49007,2,1,1,3.0,ESTIENNE D'ORVES BOULEVARD,47.45449,-0.53407,11:15:00,2024-02-20
202400037708,14:35,Plein jour,33,33284,1,1,1,2.0,Unknown,44.62348,-0.963106,14:35:00,2024-04-07
202400037709,17:40,Plein jour,38,38333,1,1,1,1.0,"departementale 35, lieu dit ""Au Chateau""",45.122884,5.47485,17:40:00,2024-07-20
202400037710,07:00,Crépuscule,51,51572,1,1,1,7.0,Autoroute A4 Pk 193+500 sens Metz/Paris,49.03766218,4.6271781,07:00:00,2024-04-07
202400037711,06:30,,49,49007,2,2,1,3.0,COEFFARD,47.4747,-0.52917,06:30:00,2024-02-20
202400037712,14:30,Plein jour,13,13036,1,1,1,6.0,Route de Saint Andiol,43.842807,4.859653,14:30:00,2024-07-20
202400037713,19:25,,46,46042,2,1,1,3.0,SEPTIEME REGIMENT D'INFANTERIE (AVE),44.45645,1.43646,19:25:00,2024-02-28
202400037714,14:44,Plein jour,11,11086,1,1,1,6.0,Unknown,42.93867,2.977155,14:44:00,2024-04-06
202400037715,00:20,,02,02103,2,4,1,6.0,65 Rue de Bergues,50.015287,3.70029,00:20:00,2024-07-21
202400037716,13:10,Plein jour,46,46042,2,2,2,3.0,MAQUIS (AVENUE DU),44.44946,1.448367,13:10:00,2024-02-23
202400037717,06:04,,25,25334,2,2,1,3.0,Rue du Plane,46.955147,6.109284,06:04:00,2024-04-07
202400037718,16:20,Plein jour,75,75118,2,1,1,2.0,BD PERIPHERIQUE INTERIEUR ,48.900815,2.339917,16:20:00,2024-08-26
202400037719,01:15,Nuit sans éclairage,977,97701,1,3,1,3.0,Grand Cul de Sac,17.907728,-62.80405,01:15:00,2024-04-07
202400037720,03:30,,15,15258,2,2,3,1.0,RD 54,44.97591,2.619746,03:30:00,2024-07-21
202400037721,19:15,Plein jour,75,75105,2,2,1,6.0,RUE SAINT JACQUES,48.844422,2.342046,19:15:00,2024-08-27
202400037722,15:46,Plein jour,14,14664,1,1,1,7.0,3085 Route de Balleroy,49.12025,-0.809027,15:46:00,2024-07-20
202400037723,16:00,Plein jour,91,91661,2,3,1,3.0,Place des Suisses,48.699977,2.213987,16:00:00,2024-04-06
202400037724,16:00,Plein jour,14,14191,1,1,1,3.0,Route de Caen,49.309994,-0.442693,16:00:00,2024-07-18
202400037725,06:40,Nuit sans éclairage,66,66210,1,1,1,6.0,D612A,42.643288,2.772138,06:40:00,2024-04-07
202400037726,18:30,Plein jour,75,75105,2,2,1,3.0,RUE DU PUITS DE L ERMITE,48.842212,2.352675,18:30:00,2024-08-27
202400037727,04:30,Nuit sans éclairage,11,11361,1,1,1,6.0,D103,43.317111,2.007086,04:30:00,2024-04-07
202400037728,07:05,Plein jour,75,75120,2,3,1,6.0,RUE FREDERIC LOLIEE,48.849453,2.406454,07:05:00,2024-08-27
202400037729,07:25,Plein jour,05,05063,1,1,1,6.0,D1091,45.042827,6.274953,07:25:00,2024-04-07
202400037730,00:30,Nuit avec éclairage,05,05171,1,3,1,3.0,D900b,44.465044,6.200495,00:30:00,2024-07-21
202400037731,16:55,Plein jour,75,75119,2,2,1,3.0,RUE D AUBERVILLIERS,48.889723,2.368149,16:55:00,2024-08-27
202400037732,15:20,Plein jour,68,68247,1,1,1,1.0,D27,47.935753,7.013075,15:20:00,2024-04-07
202400037733,17:00,Plein jour,83,83028,1,6,2,3.0,RD562 - RD25,43.572984,6.561525,17:00:00,2024-07-21
202400037734,19:00,Plein jour,75,75116,2,3,1,2.0,AVENUE DU PRESIDENT WILSON,48.86515,2.298807,19:00:00,2024-08-27
202400037735,06:00,Nuit sans éclairage,09,09329,1,9,1,1.0,d231,42.989027,1.606381,06:00:00,2024-07-20
202400037736,18:00,Plein jour,03,03085,1,1,1,7.0,Route de Souvigny,46.549013,3.240384,18:00:00,2024-03-28
202400037737,08:40,Plein jour,75,75117,2,3,1,3.0,BOULEVARD BESSIERES,48.894964,2.315578,08:40:00,2024-08-27
202400037738,10:45,Plein jour,09,09139,1,1,1,3.0,RN 20 -- pk 95+189,42.605928,1.81445,10:45:00,2024-07-21
202400037739,14:45,Plein jour,38,38487,1,3,6,3.0,Route de Chasse,45.566428,4.817486,14:45:00,2024-04-07
202400037740,14:30,Plein jour,64,64256,2,1,1,6.0,Chemin URRUTIA,43.39525,-1.314463,14:30:00,2024-07-20
202400037741,19:15,Plein jour,75,75117,2,2,1,3.0,RUE DE ROME,48.885672,2.31683,19:15:00,2024-08-27
202400037742,15:45,Plein jour,38,38205,1,1,1,7.0,D106,45.131559,5.601482,15:45:00,2024-04-07
202400037743,15:20,Plein jour,73,73151,2,1,1,6.0,358 Chemin de lâchât,45.493706,5.964836,15:20:00,2024-07-21
202400037744,11:45,Plein jour,26,26320,1,1,1,7.0,Route de Romans,45.063373,5.242275,11:45:00,2024-04-06
202400037745,03:35,Nuit sans éclairage,18,18170,1,1,3,7.0,Unknown,47.477446,2.536551,03:35:00,2024-07-21
202400037746,14:30,Plein jour,75,75116,2,1,1,4.0,ALLEE DU BORD DE L EAU,48.868919,2.236646,14:30:00,2024-08-26
202400037747,01:25,Nuit avec éclairage,17,17146,2,1,2,6.0,Rue de l'Espérance,45.90388137,-0.96146822,01:25:00,2024-04-07
202400037748,18:00,Plein jour,10,10254,1,1,1,7.0,D951,48.568654,3.53444175,18:00:00,2024-07-20
202400037749,09:30,Plein jour,75,75116,2,1,1,6.0,Place de la Porte Molitor,48.84522182,2.2556144,09:30:00,2024-08-26
202400037750,23:30,,10,10262,2,9,3,1.0,D671,48.038775,4.409522,23:30:00,2024-07-20
202400037751,21:55,,75,75116,2,1,1,3.0,ALLEE DE LONGCHAMP,48.867337,2.250034,21:55:00,2024-08-25
202400037752,18:10,Plein jour,57,57588,2,1,1,1.0,Rue Jacques Niles,49.473144,6.232542,18:10:00,2024-04-06
202400037753,13:51,Plein jour,53,53218,1,1,1,6.0,route d'hambers,48.21586159,-0.40390164,13:51:00,2024-07-20
202400037754,13:00,Plein jour,75,75115,2,2,1,2.0,RUE VIGEE LEBRUN,48.839479,2.309554,13:00:00,2024-08-26
202400037755,10:10,Plein jour,17,17003,2,3,1,6.0,2 Rue de Saint-christophe,46.117642,-0.934022,10:10:00,2024-07-19
202400037756,15:35,Plein jour,13,13211,1,1,1,4.0,A50-Sens Marseille vers Aubagne,43.29412401,5.45835278,15:35:00,2024-04-05
202400037757,17:00,Plein jour,37,37018,1,1,1,1.0,D751c,47.313313,0.583241,17:00:00,2024-07-20
202400037758,15:39,Plein jour,75,75111,2,2,1,3.0,RUE DU FAUBOURG SAINT ANTOINE,48.851292,2.376096,15:39:00,2024-08-27
202400037759,08:15,Plein jour,13,13213,1,1,1,3.0,A507 sens Aubagne- Marseille,43.32816198,5.41752602,08:15:00,2024-04-05
202400037760,00:45,,69,69297,1,1,1,6.0,Autoroute 46,45.58947721,4.80813769,00:45:00,2024-04-06
202400037761,17:30,Plein jour,30,30109,1,2,1,3.0,D981,44.066381,4.238513,17:30:00,2024-07-19
202400037762,14:44,Plein jour,75,75111,2,2,1,6.0,RUE DE LA PETITE PIERRE,48.854198,2.390087,14:44:00,2024-08-27
202400037763,18:40,Plein jour,91,91570,1,1,1,7.0,RN 104,48.62503,2.323107,18:40:00,2024-04-06
202400037764,13:20,Plein jour,75,75111,2,1,1,6.0,BOULEVARD DE BELLEVILLE,48.867973,2.381756,13:20:00,2024-08-27
202400037765,15:46,Plein jour,94,94043,1,1,1,4.0,A6B,48.80735186,2.34692474,15:46:00,2024-04-06
202400037766,14:28,Plein jour,88,88373,1,1,7,6.0,D392,48.506764,7.105901,14:28:00,2024-07-20
202400037767,14:01,Plein jour,94,94065,1,1,1,2.0,A86,48.75506176,2.34389126,14:01:00,2024-04-06
202400037768,23:45,,75,75110,2,2,1,6.0,BOULEVARD DE MAGENTA,48.874775,2.357367,23:45:00,2024-08-26
202400037769,20:15,Nuit sans éclairage,974,97418,2,1,1,1.0,N2002,-20.89506,55.557883,20:15:00,2024-07-20
202400037770,06:50,Crépuscule,94,94076,1,1,1,3.0,A6B,48.7908173,2.34457243,06:50:00,2024-04-06
202400037771,18:07,Plein jour,75,75108,2,4,1,3.0,BOULEVARD HAUSSMANN,48.874936,2.308537,18:07:00,2024-08-27
202400037772,18:20,Plein jour,92,92019,1,1,1,3.0,RN 385 INT,48.7652226,2.24538423,18:20:00,2024-04-05
202400037773,11:44,Plein jour,77,77095,2,3,1,3.0,rue de l'ardoise,48.96787,2.762196,11:44:00,2024-07-20
202400037774,11:30,Plein jour,92,92050,1,1,1,7.0,A86,48.89347708,2.1888457,11:30:00,2024-04-06
202400037775,07:55,Plein jour,92,92063,1,1,1,6.0,A86,48.88884752,2.16823274,07:55:00,2024-04-06
202400037776,17:00,Plein jour,75,75108,2,3,1,3.0,PLACE HENRI BERGSON,48.876178,2.319512,17:00:00,2024-08-27
202400037777,17:30,Plein jour,30,30153,1,1,1,4.0,D901,44.423117,4.038023,17:30:00,2024-07-20
202400037778,18:45,Plein jour,78,78133,1,1,2,2.0,A13,48.889875,2.010219,18:45:00,2024-04-05
202400037779,11:30,Plein jour,94,94081,2,9,1,6.0,Boulevard de Stalingrad,48.80129538,2.37930098,11:30:00,2024-08-26
202400037780,15:45,Plein jour,78,78126,1,1,1,7.0,A13,48.836342,2.128062,15:45:00,2024-04-05
202400037781,09:45,Plein jour,94,94028,2,1,1,6.0,Av du Mal de Lattre de Tassigny,48.7969,2.45708,09:45:00,2024-08-27
202400037782,10:26,Plein jour,04,04039,1,1,1,2.0,941 Route de Digne CASTELLANE,43.854166,6.502447,10:26:00,2024-07-21
202400037783,22:27,,94,94028,2,6,1,6.0,Route de la Pompadour,48.766849,2.472439,22:27:00,2024-08-26
202400037784,16:10,Plein jour,92,92047,1,1,2,4.0,RN13,48.83469779,2.17151041,16:10:00,2024-04-05
202400037785,13:45,Plein jour,21,21390,2,1,1,6.0,85 Rue de Mazy,47.27133,4.988766,13:45:00,2024-07-21
202400037786,19:20,Crépuscule,95,95277,1,1,1,7.0,A3,48.98404721,2.50203362,19:20:00,2024-04-06
202400037787,20:20,Plein jour,94,94028,2,1,1,2.0,Avenue Laferrière,48.80064,2.45675,20:20:00,2024-08-26
202400037788,17:50,Plein jour,01,01249,2,7,1,3.0,Place de la Republique,45.826556,4.956694,17:50:00,2024-07-21
202400037789,19:40,Plein jour,93,93013,1,1,1,3.0,A1,48.93935224,2.41905615,19:40:00,2024-04-06
202400037790,21:39,Crépuscule,33,33165,1,6,1,6.0,Unknown,44.827554,-0.448396,21:39:00,2024-07-20
202400037791,13:10,Plein jour,93,93010,1,1,1,7.0,A3,48.902439,2.4708436,13:10:00,2024-04-06
202400037792,22:15,,94,94028,2,3,1,3.0,Avenue Magellan,48.76876,2.45452,22:15:00,2024-08-25
202400037793,21:37,Nuit sans éclairage,95,95572,1,1,1,2.0,A15,49.03220544,2.11174431,21:37:00,2024-04-05
202400037794,16:29,Plein jour,22,22168,1,2,3,3.0,Rue des Frères Kerbrat,48.804101,-3.454052,16:29:00,2024-07-20
202400037795,07:45,Plein jour,94,94059,2,6,1,3.0,avenue saint-pierre,48.80732911,2.57571119,07:45:00,2024-08-26
202400037796,18:00,Plein jour,35,35012,1,1,1,6.0,Le Fournel,47.841916,-1.699533,18:00:00,2024-07-19
202400037797,11:30,Plein jour,93,93005,1,1,1,4.0,A3,48.95079853,2.4743666,11:30:00,2024-04-05
202400037798,05:30,Crépuscule,76,76551,1,1,1,6.0,Route de Montivilliers,49.555855,0.3053,05:30:00,2024-07-15
202400037799,15:50,Plein jour,93,93051,1,1,1,6.0,A4,48.83558148,2.56793626,15:50:00,2024-04-06
202400037800,12:00,Plein jour,94,94071,2,1,1,2.0,15 Avenue Georges Pompidou,48.771749,2.526589,12:00:00,2024-08-27
202400037801,10:35,Plein jour,32,32013,2,1,1,2.0,DARWIN,43.62993,0.58747,10:35:00,2024-01-19
202400037802,10:05,Plein jour,62,62014,2,7,1,6.0,D157,50.63674781,2.39616752,10:05:00,2024-07-19
202400037803,06:20,Plein jour,976,97611,1,1,1,3.0,passamanty-Roni Mangua ( ruelle ),-12.79707,45.20128,06:20:00,2024-04-05
202400037804,22:00,,93,93029,2,6,1,6.0,Rue Raymond Barker / Rue de la Station,48.91676,2.42923,22:00:00,2024-08-27
202400037805,09:40,Plein jour,62,62064,1,3,1,3.0,Rue d’Albert,50.1000934,2.8332653,09:40:00,2024-07-19