Num_Acc,hrmn,lum,dep,com,agg,int,atm,col,adr,lat,long,heure,date
202400037806,10:55,Plein jour,974,97416,2,1,1,5.0,LEBLOND 1 (RUE MARIUS ET ARY),-21.3361,55.46902,10:55:00,2024-04-05
202400037807,22:10,,93,93010,2,1,1,6.0,GALLIENI (AV.) DE 2 A 96,48.90474848,2.47469293,22:10:00,2024-08-27
202400037808,02:00,Nuit sans éclairage,59,59612,1,1,1,1.0,D109,50.210936,3.522003,02:00:00,2024-07-21
202400037809,06:10,Crépuscule,974,97416,1,9,1,3.0,DE VILLIERS 5CHEMIN ADAM),-21.30656,55.42669,06:10:00,2024-04-05
202400037810,21:40,,93,93027,2,2,1,3.0,Rue Charles Tillon / Rue Alfred Jarry,48.92174307,2.39444666,21:40:00,2024-08-26
202400037811,18:25,Plein jour,974,97411,2,3,1,3.0,JOFFRE (BOULEVARD),-20.87501,55.45399,18:25:00,2024-04-05
202400037812,15:50,Plein jour,13,13212,1,1,1,2.0,A507 sens Marseille - Aubagne,43.31604003,5.42256832,15:50:00,2024-07-19
202400037813,17:40,Crépuscule,973,97302,2,1,1,7.0,BOUDINOT (AUGUSTE) CITE THEMIRE,4.93336537,-52.31953919,17:40:00,2024-04-05
202400037814,07:23,Plein jour,92,92050,2,9,1,3.0,GARCHES RUE DE,48.87817153,2.20559679,07:23:00,2024-08-26
202400037815,15:16,Plein jour,973,97302,2,2,1,1.0,CONSTANT CHLORE(RUE),4.93443027,-52.32082263,15:16:00,2024-04-05
202400037816,00:57,,92,92044,2,1,1,7.0,ALSACE (RUE) N°19 + ET 20+,48.89200108,2.29677022,00:57:00,2024-08-27
202400037817,12:18,Plein jour,33,33192,1,1,1,4.0,Unknown,44.777709,-0.644864,12:18:00,2024-07-20
202400037818,19:34,Nuit sans éclairage,972,97213,1,2,1,4.0,ROUTE DEPARTEMENTALE 13,14.6341,-61.01744,19:34:00,2024-04-04
202400037819,11:55,Plein jour,972,97209,2,1,1,6.0,BISHOP (Avenue Maurice),14.60701,-61.05798,11:55:00,2024-04-05
202400037820,13:15,Plein jour,91,91477,1,9,1,2.0,AUTOROUTE A10,48.71789,2.26163,13:15:00,2024-07-20
202400037821,20:55,,972,97209,1,1,1,7.0,AUTOROUTE (A1),14.61584,-61.04372,20:55:00,2024-04-04
202400037822,08:30,Plein jour,94,94003,2,6,1,2.0,AVENUE ARISTIDE BRIAND  N° 2 A 98,48.8094472,2.32628256,08:30:00,2024-08-26
202400037823,19:45,Crépuscule,69,69385,2,2,1,3.0,Avenue Général Eisenhower,45.75444,4.78215,19:45:00,2024-04-05
202400037824,15:13,Plein jour,78,78356,1,6,1,2.0,80 Route de Versailles,48.720082,2.087826,15:13:00,2024-08-27
202400037825,16:25,Plein jour,69,69149,2,1,1,6.0,Avenue du Rhône,45.7171055,4.81429993,16:25:00,2024-04-05
202400037826,17:50,Plein jour,94,94004,1,1,1,4.0,N19,48.74854,2.5153,17:50:00,2024-07-19
202400037827,12:10,Plein jour,69,69034,2,1,1,6.0,Rue Pasteur,45.79646,4.84905,12:10:00,2024-04-05
202400037828,18:10,Plein jour,09,09268,2,4,1,3.0,Rue Hotel Dieu,43.001837,1.137942,18:10:00,2024-08-27
202400037829,18:05,Crépuscule,69,69266,2,6,2,6.0,47 Rue Gabriel Péri,45.77254,4.86619,18:05:00,2024-03-17
202400037830,13:00,Plein jour,971,97101,1,1,1,2.0,RN05,16.30336225,-61.49401903,13:00:00,2024-04-04
202400037831,17:15,Plein jour,974,97416,1,1,1,1.0,DELISLES (ROUTE HUBERT) CD3,-21.31945,55.55105,17:15:00,2024-07-19
202400037832,11:30,Plein jour,33,33002,1,1,7,1.0,Unknown,44.448778,-0.072527,11:30:00,2024-08-28
202400037833,00:20,,2A,2A004,1,1,1,6.0,T21,41.92711185,8.78929853,00:20:00,2024-04-06
202400037834,08:15,Plein jour,974,97411,2,1,1,6.0,CAMELIAS (RUE DES),-20.89678,55.46478,08:15:00,2024-07-19
202400037835,18:25,Plein jour,95,95539,1,1,2,5.0,D301,48.99321569,2.36066985,18:25:00,2024-04-05
202400037836,17:30,Plein jour,68,68023,1,1,1,3.0,Rue du Petit Château,48.156474,7.337038,17:30:00,2024-08-22
202400037837,15:55,Plein jour,95,95607,2,1,1,3.0,GEORGES VALLEREY (SQUARE),49.016851,2.211505,15:55:00,2024-04-05
202400037838,06:55,Plein jour,974,97411,2,6,1,6.0,LATTRE DE TASSIGNY (AVENUE MARECHAL DE),-20.88765,55.47245,06:55:00,2024-07-19
202400037839,16:30,Plein jour,95,95203,2,1,1,2.0,D928,48.99719632,2.26969491,16:30:00,2024-04-04
202400037840,21:20,,85,85223,1,2,1,3.0,Avenue des Tilleuls,46.52958,-1.072605,21:20:00,2024-08-27
202400037841,16:50,Plein jour,974,97407,2,9,1,3.0,ROUTE DU SACRE COEUR,-20.95888,55.32006,16:50:00,2024-07-18
202400037842,06:15,,91,91377,2,9,1,2.0,AV DU MARECHAL LECLERC,48.727377,2.300039,06:15:00,2024-04-05
202400037843,19:45,Plein jour,62,62451,2,1,1,1.0,Rue Charlotte,50.4761212,2.27226993,19:45:00,2024-08-26
202400037844,12:05,Plein jour,91,91687,2,1,1,3.0,GENERAL DE GAULLE (AVENUE DU),48.678491,2.382529,12:05:00,2024-04-05
202400037845,15:29,Plein jour,973,97302,2,2,1,3.0,BOULEVARD DES CITES,4.92500244,-52.31710643,15:29:00,2024-07-19
202400037846,02:14,Nuit avec éclairage,34,34090,2,1,1,7.0,Rue Antoine Blanchemain,43.663431,3.924819,02:14:00,2024-08-28
202400037847,16:16,Plein jour,90,90010,2,1,1,3.0,SARRAIL (AVENUE),47.63615,6.86181,16:16:00,2024-04-05
202400037848,18:15,Plein jour,69,69383,2,2,1,3.0,Cours Eugénie,45.74035,4.88843,18:15:00,2024-07-19
202400037849,15:25,Plein jour,67,67486,1,6,1,3.0,Rue de Wittisheim,48.253298,7.592508,15:25:00,2024-08-22
202400037850,13:05,Plein jour,69,69388,2,8,1,6.0,Rue Marius Berliet,45.74599452,4.85922083,13:05:00,2024-07-19
202400037851,09:30,Plein jour,81,81201,1,4,1,6.0,D78/ chemin la gaye,44.110961,2.219582,09:30:00,2024-08-27
202400037852,15:20,Plein jour,89,89127,1,1,1,2.0,SENS A PONT SUR YONNE(ROUTE DE),48.23064,3.25699,15:20:00,2024-04-05
202400037853,07:35,Crépuscule,11,11206,2,6,7,6.0,Route départementale 118,43.044225,2.232228,07:35:00,2024-08-27
202400037854,20:45,Plein jour,69,69389,2,3,1,3.0,Avenue Sidoine Apollinaire,45.76494,4.80114,20:45:00,2024-07-19
202400037855,16:14,Plein jour,61,61462,2,1,1,3.0,D774,48.724533,-0.03979,16:14:00,2024-08-28
202400037856,17:35,Plein jour,69,69152,1,1,1,3.0,Chemin d'Yvours,45.6929,4.82784,17:35:00,2024-07-19
202400037857,20:30,Crépuscule,12,12270,1,1,1,2.0,ex N88,44.346655,2.957602,20:30:00,2024-08-25
202400037858,10:45,Plein jour,69,69389,2,1,1,3.0,49 Grande Rue de Saint Rambert,45.80008,4.83511,10:45:00,2024-07-19
202400037859,16:30,Plein jour,44,44175,2,1,1,3.0,120 Kerbrotin,47.366483,-2.331827,16:30:00,2024-08-27
202400037860,19:13,Plein jour,2B,2B033,2,6,1,3.0,IMPERIALE - ROUTE,42.39,9.26,19:13:00,2024-07-19
202400037861,04:00,Nuit sans éclairage,03,03208,1,1,1,6.0,31 Route du Donjon,46.422809,3.906636,04:00:00,2024-08-28
202400037862,13:10,Plein jour,971,97107,2,1,1,3.0,FLAMBOYANTS ( ALLEE DES ),16.05168,-61.56422,13:10:00,2024-07-19
202400037863,17:00,Plein jour,01,01145,1,4,1,1.0,D17,46.070815,5.193379,17:00:00,2024-08-27
202400037864,12:25,Plein jour,2A,2A004,2,1,1,3.0,#1 Lot Artisanal Stiletto#,41.94662,8.76556,12:25:00,2024-07-19
202400037865,18:50,Plein jour,72,72071,2,1,1,6.0,21 Rue Oscar Moneris,47.694021,0.461913,18:50:00,2024-08-01
202400037866,16:25,Plein jour,72,72300,1,2,7,3.0,Avenue de la Pécardière,48.034143,0.406798,16:25:00,2024-08-27
202400037867,08:05,Plein jour,95,95476,1,1,1,4.0,N14,49.04829602,2.07095013,08:05:00,2024-07-19
202400037868,20:45,Plein jour,91,91549,2,6,1,3.0,REGIMENT NORMANDIE-NIEMEN (AVENUE DU),48.638319,2.324061,20:45:00,2024-07-18
202400037869,19:50,Plein jour,91,91471,2,3,1,6.0,FOCH (AVENUE DU MARECHAL),48.699,2.18787,19:50:00,2024-07-19
202400037870,11:00,Plein jour,60,60560,1,2,1,3.0,D1324,49.223329,2.739716,11:00:00,2024-08-28
202400037871,08:35,Plein jour,89,89387,2,3,1,3.0,MAIL (BOULEVARD DU),48.19935,3.28714,08:35:00,2024-07-18
202400037872,17:50,Plein jour,73,73010,2,3,1,3.0,D54,45.794414,5.932671,17:50:00,2024-08-26
202400037873,15:30,Plein jour,18,18141,2,1,1,7.0,27 Chemin de la Belle Croix,47.139324,2.236792,15:30:00,2024-08-28
202400037874,12:40,Plein jour,89,89387,2,2,2,3.0,RENE BINET (RUE),48.1937,3.29308,12:40:00,2024-07-14
202400037875,05:45,Nuit sans éclairage,36,36171,2,1,1,6.0,Route de Chéry,47.091349,2.045659,05:45:00,2024-08-28
202400037876,08:10,Plein jour,07,07294,1,1,1,7.0,D901,44.302322,4.248147,08:10:00,2024-08-28
202400037877,19:25,Plein jour,88,88160,2,1,1,3.0,DOGNEVILLE (Q. DE),48.18552,6.44535,19:25:00,2024-07-18
202400037878,22:10,,24,24396,2,1,1,6.0,3 Route des Entrepôts,44.870473,1.043087,22:10:00,2024-08-27
202400037879,18:20,Plein jour,88,88160,1,1,7,3.0,GEORGES DE LA TOUR (RUE),48.17324,6.447,18:20:00,2024-07-18
202400037880,17:40,Plein jour,85,85288,1,1,1,5.0,RD949,46.475581,-1.653464,17:40:00,2024-08-28
202400037881,15:50,Plein jour,87,87085,2,1,1,6.0,NAUGEAT (AVENUE DE,45.82667,1.23808,15:50:00,2024-07-18
202400037882,10:50,Plein jour,30,30284,1,6,1,3.0,Avenue de Ladrecht,44.145685,4.068375,10:50:00,2024-08-28
202400037883,21:55,Crépuscule,86,86066,2,3,1,3.0,Rue du Nouveau Brünswick,46.815661,0.535626,21:55:00,2024-07-18
202400037884,01:00,Nuit sans éclairage,89,89339,1,1,1,7.0,Autoroute A6 sens PARIS-LYON PK 198+000,47.5976,3.9113,01:00:00,2024-08-26
202400037885,22:30,,86,86066,2,1,1,5.0,Pont Lyautey,46.80004,0.53827,22:30:00,2024-07-18
202400037886,11:15,Plein jour,83,83144,2,3,1,3.0,FRERES LUMIERES (RUE DES),43.13549,5.99854,11:15:00,2024-07-19
202400037887,12:15,Plein jour,83,83123,2,1,1,6.0,ROUTE DE BANDOL,43.13764,5.77513,12:15:00,2024-07-18
202400037888,15:30,Plein jour,11,11262,1,1,1,1.0,d 168,43.161957,3.136033,15:30:00,2024-08-28
202400037889,08:00,Plein jour,83,83069,2,1,1,3.0,CRAU (ROUTE DE LA ),43.12889141,6.09063484,08:00:00,2024-07-19
202400037890,12:40,Plein jour,11,11262,2,1,1,6.0,Avenue du Languedoc (plage),43.158269,3.164231,12:40:00,2024-08-28
202400037891,08:10,Plein jour,83,83050,2,9,1,6.0,JUIN( AVENUE DU MARECHAL),43.53134,6.47034,08:10:00,2024-07-19
202400037892,03:05,Nuit sans éclairage,77,77257,2,1,1,6.0,4 Route de Beauval,49.027289,3.018059,03:05:00,2024-08-28
202400037893,18:55,Plein jour,80,80021,2,1,1,2.0,Boulevard Carnot,49.89178,2.28814,18:55:00,2024-07-19
202400037894,14:00,Plein jour,77,77473,1,1,1,1.0,D69,48.275939,2.770314,14:00:00,2024-08-28
202400037895,14:30,Plein jour,13,13097,1,9,1,7.0,d24,43.651506,4.828797,14:30:00,2024-08-27
202400037896,21:22,Plein jour,78,78440,2,1,1,6.0,avenue de la République,48.98611,1.91624,21:22:00,2024-07-19
202400037897,07:50,Plein jour,38,38344,1,3,1,6.0,N7,45.399761,4.808578,07:50:00,2024-08-28
202400037898,14:25,Plein jour,38,38562,1,3,1,3.0,N85,45.076724,5.766261,14:25:00,2024-08-25
202400037899,20:55,Plein jour,77,77394,1,1,1,1.0,VOISENON - CD82E (ROUTE DE),48.56633,2.688,20:55:00,2024-07-19
202400037900,16:20,Plein jour,19,19207,2,6,1,6.0,D9,45.26472279,1.63949776,16:20:00,2024-08-27
202400037901,19:20,Plein jour,77,77122,1,1,1,2.0,RD 48,48.6606,2.58813,19:20:00,2024-07-18
202400037902,19:30,Plein jour,14,14488,2,2,1,3.0,100 Boulevard de France,49.288572,-0.268519,19:30:00,2024-08-27
202400037903,02:35,,76,76231,2,1,1,3.0,Cours Carnot,49.28714171,1.0177964,02:35:00,2024-07-19
202400037904,14:40,Plein jour,56,56007,2,1,1,3.0,102 Avenue du Général de Gaulle,47.675881,-2.994499,14:40:00,2024-08-26
202400037905,12:10,Plein jour,22,22198,1,1,1,7.0,D788,48.804339,-3.533856,12:10:00,2024-08-27
202400037906,04:30,,76,76351,2,2,1,2.0,WINSTON CHURCHILL,49.49425,0.13869,04:30:00,2024-07-19
202400037907,19:35,Plein jour,60,60042,2,1,1,6.0,Cavee de Senescourt,49.349255,2.448326,19:35:00,2024-08-26
202400037908,17:20,Plein jour,59,59256,1,1,1,7.0,M655,50.57693275,3.12935829,17:20:00,2024-08-23
202400037909,17:35,Plein jour,73,73065,1,1,1,4.0,N201,45.58733279,5.90345326,17:35:00,2024-07-16
202400037910,16:45,Plein jour,71,71105,2,2,7,3.0,Inter Chemin du Voisinet/ Rte de Davaye,46.29954,4.78209,16:45:00,2024-07-17
202400037911,12:05,Plein jour,13,13212,1,1,1,4.0,A507 sens Aubagne- Marseille,43.2948,5.42571,12:05:00,2024-08-27
202400037912,13:20,Plein jour,71,71076,2,2,7,6.0,NIEPCE (AVENUE NICEPHORE),46.77918,4.8499,13:20:00,2024-07-19
202400037913,11:45,Plein jour,13,13211,1,1,1,2.0,A50-Sens Aubagne vers Marseille,43.2864,5.43169,11:45:00,2024-08-27
202400037914,14:15,Plein jour,68,68224,2,2,1,3.0,Rue Lefèbvre,47.75963,7.34408,14:15:00,2024-07-19
202400037915,15:00,Plein jour,13,13215,1,1,1,2.0,A7-Sens Lyon vers Marseille,43.34261266,5.37589947,15:00:00,2024-08-26
202400037916,21:58,,67,67482,2,1,1,6.0,FUSTEL DE COULANGES (QUAI),48.57475,7.75004,21:58:00,2024-07-19
202400037917,21:30,Crépuscule,64,64445,2,2,1,7.0,DEVERIA,43.30299,-0.35825,21:30:00,2024-07-19
202400037918,17:45,Plein jour,13,13212,1,1,1,2.0,A507 sens Marseille - Aubagne,43.29734,5.42494,17:45:00,2024-08-26
202400037919,11:00,Plein jour,64,64335,2,1,1,3.0,EUROPE DE L',43.33407,-0.45505,11:00:00,2024-07-19
202400037920,15:10,Plein jour,83,83144,1,1,1,3.0,A57,43.14101943,6.00255456,15:10:00,2024-08-27
202400037921,17:15,Plein jour,64,64024,2,1,1,3.0,MER (BOULEVARD DE LA),43.49527,-1.54177,17:15:00,2024-07-18
202400037922,01:40,,33,33063,1,1,1,2.0,Unknown,44.880819,-0.542214,01:40:00,2024-08-25
202400037923,23:30,,64,64024,2,6,1,3.0,CINQ CANTONS (RUE DES),43.48448,-1.51807,23:30:00,2024-07-17
202400037924,19:00,Plein jour,91,91377,1,1,1,5.0,AUTOROUTE A10,48.71707,2.29147,19:00:00,2024-08-26
202400037925,16:10,Plein jour,62,62498,2,1,1,6.0,Avenue du 4 Septembre,50.43223882,2.83088332,16:10:00,2024-07-16
202400037926,15:00,Plein jour,62,62033,2,1,1,6.0,D917,50.45902,2.88889,15:00:00,2024-07-12
202400037927,20:55,Crépuscule,91,91689,1,1,1,2.0,AUTOROUTE A6,48.72805,2.31421,20:55:00,2024-08-26
202400037928,19:00,Plein jour,59,59328,2,1,1,2.0,VOLTA RUE,50.64401,3.02012,19:00:00,2024-07-19
202400037929,12:45,Plein jour,92,92025,1,1,1,2.0,A86,48.92201331,2.22672771,12:45:00,2024-08-27
202400037930,21:30,Plein jour,56,56121,2,1,1,6.0,Rue Jean-Baptiste Chaigneau,47.75473,-3.35957,21:30:00,2024-07-18
202400037931,17:15,Plein jour,95,95678,1,1,1,4.0,N184,49.06434647,2.21408768,17:15:00,2024-08-27
202400037932,18:46,Plein jour,54,54184,2,1,1,6.0,Allée du Midi,48.70512,6.24859,18:46:00,2024-07-18
202400037933,20:30,Crépuscule,93,93064,1,1,1,3.0,AUTOROUTE A86,48.86366607,2.48273447,20:30:00,2024-08-26
202400037934,19:20,Plein jour,93,93053,1,1,1,2.0,AUTOROUTE A3,48.88051587,2.45194432,19:20:00,2024-08-26
202400037935,23:05,,51,51055,2,6,1,7.0,SAINT ETIENNE (CHEMIN),49.28015,4.04329,23:05:00,2024-07-19
202400037936,16:30,Plein jour,95,95277,1,1,1,6.0,A3,48.98015842,2.49808344,16:30:00,2024-08-26
202400037937,17:50,Plein jour,51,51454,2,2,1,3.0,LINGUET (RUE),49.25941,4.03564,17:50:00,2024-07-19
202400037938,07:58,Plein jour,92,92036,1,1,1,2.0,AUTOROUTE A86,48.93812834,2.29900718,07:58:00,2024-08-26
202400037939,19:00,Plein jour,51,51454,2,1,1,3.0,NOIROT (BOULEVARD MAURICE),49.25174,4.02139,19:00:00,2024-07-18
202400037940,22:47,Nuit sans éclairage,93,93027,1,1,1,6.0,BDL,48.9267618,2.40483105,22:47:00,2024-08-25
202400037941,14:00,Plein jour,51,51230,2,2,1,3.0,SEZANNE (RUE DE),49.040946,3.950251,14:00:00,2024-07-19
202400037942,01:30,Nuit sans éclairage,93,93013,1,1,1,3.0,AUTOROUTE A1,48.94156576,2.42856033,01:30:00,2024-08-25
202400037943,15:40,Plein jour,93,93051,1,1,1,3.0,A4,48.83544029,2.57065125,15:40:00,2024-08-27
202400037944,14:40,Plein jour,51,51230,2,2,1,3.0,JANCELINS (RUE DES),49.038905,3.954115,14:40:00,2024-07-19
202400037945,11:15,Plein jour,94,94052,1,1,1,2.0,A86,48.84528286,2.4919975,11:15:00,2024-08-26
202400037946,00:25,,50,50129,2,3,1,3.0,NAPOLEON (PLACE),49.64293,-1.62458,00:25:00,2024-07-19
202400037947,14:45,Plein jour,49,49099,1,1,1,7.0,RUISSEAUX (RUE DES),47.02023,-0.90063,14:45:00,2024-07-17
202400037948,11:11,Plein jour,84,84143,1,1,1,3.0,route de murs,43.996446,5.144732,11:11:00,2024-05-28
202400037949,12:00,Plein jour,49,49007,2,1,1,3.0,CHEVREFEUILLE RUE ET SQUARE,47.44288,-0.56327,12:00:00,2024-07-19
202400037950,08:20,Plein jour,84,84105,1,1,1,2.0,Route Departementale 231,43.881775,5.429349,08:20:00,2024-05-26
202400037951,16:45,Plein jour,19,19031,2,1,1,4.0,RIBOT (AVENUE),45.16467924,1.50760746,16:45:00,2024-04-20
202400037952,22:00,,48,48095,2,1,1,6.0,ROUSSEL (BOULEVARD THEOPHILE),44.51826,3.49675,22:00:00,2024-07-16
202400037953,18:02,Plein jour,19,19031,2,1,1,6.0,NORMANDIE-NIEMEN (RUE),45.15505191,1.54776576,18:02:00,2024-04-11
202400037954,18:30,Plein jour,47,47323,2,1,1,1.0,GRELOT(RUE DE),44.42297,0.70107,18:30:00,2024-07-18
202400037955,14:40,Plein jour,57,57650,2,1,1,6.0,Quai des Ducs de Lorraine,49.441585,6.357822,14:40:00,2024-06-15
202400037956,12:35,Plein jour,45,45234,2,2,1,3.0,22 Rue des Trois Croissants,47.92647,1.89459,12:35:00,2024-07-19
202400037957,05:35,Plein jour,57,57215,1,1,1,1.0,RD 956,49.362726,6.544123,05:35:00,2024-06-12
202400037958,10:25,Plein jour,45,45004,1,1,1,6.0,D2060 PR 26 + 33,47.98546,2.77381,10:25:00,2024-07-19
202400037959,13:42,Plein jour,57,57180,2,1,1,6.0,25 Rue de Gosselming,48.774751,7.0186,13:42:00,2024-06-27
202400037960,07:45,Plein jour,57,57179,2,1,7,6.0,Rue du Château d'Eau,49.33468,6.268387,07:45:00,2024-06-11
202400037961,01:10,Nuit sans éclairage,44,44055,2,9,1,6.0,Chemin des Chênes,47.30576,-2.37942,01:10:00,2024-07-19
202400037962,10:45,Plein jour,57,57465,1,1,1,6.0,Route de Distroff,49.320017,6.277469,10:45:00,2024-06-10
202400037963,15:09,Plein jour,35,35238,2,6,1,3.0,CANADA (AVENUE DU),48.08691,-1.68215,15:09:00,2024-07-19
202400037964,14:40,Plein jour,976,97611,2,1,1,3.0,m'tsapere-Nationale 2 (route),-12.79128,45.22203,14:40:00,2024-08-26
202400037965,09:55,Plein jour,35,35238,2,1,1,6.0,SERGENT MAGINOT (AVENUE),48.10998,-1.65936,09:55:00,2024-07-19
202400037966,17:30,Plein jour,69,69388,2,1,1,4.0,Rue Marius Berliet,45.73732,4.86856,17:30:00,2024-08-26
202400037967,10:15,Plein jour,69,69389,2,3,1,3.0,Quai Raoul Carrié,45.80159788,4.83842283,10:15:00,2024-08-26
202400037968,13:50,Plein jour,33,33281,2,1,1,3.0,Unknown,44.82634,-0.66382,13:50:00,2024-07-19
202400037969,15:36,Plein jour,2B,2B037,1,9,1,2.0,TOUTES RUES,42.63122,9.43779,15:36:00,2024-08-26
202400037970,13:25,Plein jour,32,32013,2,1,1,6.0,TOULOUSE (ROUTE DE),43.65264,0.61543,13:25:00,2024-07-18
202400037971,11:39,Plein jour,29,29039,2,1,1,6.0,Quai Carnot,47.875168,-3.915317,11:39:00,2024-07-19
202400037972,21:16,Nuit sans éclairage,971,97105,2,1,1,1.0,FLAMBOYANTS (ALLEE DES),16.00536,-61.735,21:16:00,2024-08-25
202400037973,20:55,Plein jour,29,29019,2,3,1,3.0,rue Jean Jaurès,48.393516,-4.481329,20:55:00,2024-07-18
202400037974,16:20,Plein jour,91,91657,2,9,1,3.0,AV HENRI BARBUSSE,48.70328,2.43046,16:20:00,2024-08-26
202400037975,15:44,Plein jour,29,29019,2,1,1,6.0,48 rue du Château,48.387741,-4.485496,15:44:00,2024-07-18
202400037976,21:45,,87,87085,2,1,1,7.0,SAINT MARTIAL (QUAI),45.82203,1.26437,21:45:00,2024-08-21
202400037977,22:06,,87,87085,2,1,1,6.0,BLANC LOUIS (BOULEVARD),45.82744,1.26045,22:06:00,2024-08-23
202400037978,12:50,Plein jour,19,19031,2,1,1,3.0,MOULIN (BOULEVARD JEAN) COTE POMPIERS,45.16294,1.50283,12:50:00,2024-07-19
202400037979,01:55,,87,87050,1,2,1,3.0,RD947,45.89755125,1.22864664,01:55:00,2024-08-24
202400037980,00:05,,18,18279,2,1,1,7.0,11 Avenue de la République,47.22297,2.066,00:05:00,2024-07-20
202400037981,15:45,Plein jour,85,85194,2,1,1,6.0,Quai george V,46.49587,-1.79631,15:45:00,2024-08-23
202400037982,20:30,Plein jour,17,17415,1,1,1,2.0,route nationale 141,45.7303,-0.62591,20:30:00,2024-07-19
202400037983,10:40,Plein jour,83,83062,2,1,1,6.0,JAURES (AVENUE JEAN),43.12124,6.01037,10:40:00,2024-08-26
202400037984,19:16,Plein jour,16,16271,2,1,1,1.0,Unknown,45.621936,0.164778,19:16:00,2024-07-17
202400037985,13:30,Plein jour,83,83061,2,1,1,1.0,RUE DES COMBATTANTS D'AFRIQUE DU NORD,43.44761,6.72699,13:30:00,2024-08-24
202400037986,11:00,Plein jour,15,15014,2,1,1,7.0,Rue des Freres,44.9284,2.4457,11:00:00,2024-07-18
202400037987,17:00,Plein jour,78,78490,1,1,1,1.0,CHEVREUSE (AVENUE DE),48.79028,1.96018,17:00:00,2024-08-26
202400037988,19:16,Plein jour,13,13071,2,1,1,1.0,PENNES AUX PINS ( CHEMIN DES ),43.41366391,5.35585552,19:16:00,2024-07-19
202400037989,05:20,Crépuscule,13,13039,1,1,1,2.0,RN 568,43.42657,4.97141,05:20:00,2024-05-25
202400037990,19:00,Plein jour,77,77350,2,1,1,3.0,AV DU GENERAL DE GAULLE,48.76194,2.67512,19:00:00,2024-08-26
202400037991,00:01,,13,13216,2,1,1,6.0,RABELAIS (RUE),43.36067,5.32847,00:01:00,2024-07-19
202400037992,15:50,Plein jour,77,77243,2,6,1,3.0,D418,48.87826,2.70178,15:50:00,2024-08-26
202400037993,18:20,Plein jour,73,73065,2,1,1,6.0,ORADOUR SUR GLANE (RUE),45.56076732,5.90312037,18:20:00,2024-08-25
202400037994,01:50,,72,72181,2,1,1,6.0,ESTIENNE D'ORVES (BD D'),47.98695,0.18112,01:50:00,2024-08-26
202400037995,15:25,Plein jour,72,72181,2,1,1,6.0,MAC JEAN (AV) N° PAIRS 2 A 82,47.98269,0.21243,15:25:00,2024-08-25
202400037996,18:45,Plein jour,11,11069,2,1,1,6.0,29 Boulevard Omer Sarraut,43.21646,2.3501,18:45:00,2024-09-30
202400037997,07:10,Plein jour,72,72181,1,1,2,7.0,PREMIERE DIVISION FRANCAISE (BD),48.02061,0.23355,07:10:00,2024-08-25
202400037998,18:10,Plein jour,13,13028,2,3,1,3.0,ROUMANILLE (AVENUE JOSEPH),43.20791,5.62765,18:10:00,2024-07-19
202400037999,17:16,Plein jour,69,69290,2,1,1,4.0,Boulevard de la Porte des Alpes,45.71786,4.92962,17:16:00,2024-08-26
202400038000,13:51,Plein jour,10,10343,2,1,7,6.0,Rue de la Coopérative,48.27012,4.09195,13:51:00,2024-07-18
202400038001,17:40,Plein jour,11,11069,2,6,1,3.0,RD 6113,43.2339,2.36807,17:40:00,2024-09-30
202400038002,17:48,Plein jour,68,68066,2,6,1,3.0,Avenue Joseph Rey,48.09436,7.36161,17:48:00,2024-08-19
202400038003,17:15,Plein jour,09,09225,2,1,1,1.0,ARIEGE AVENUE DE L',43.10924,1.61327,17:15:00,2024-10-01
202400038004,14:57,Plein jour,10,10387,2,1,1,3.0,Avenue Anatole France,48.2817,4.0703,14:57:00,2024-07-18
202400038005,22:35,,67,67447,2,3,1,3.0,GENERAL DE GAULLE (ROUTE DU),48.60485,7.73749,22:35:00,2024-08-25
202400038006,10:00,Plein jour,66,66136,2,1,1,6.0,Unknown,42.73797978,2.891137,10:00:00,2024-08-26
202400038007,16:15,Plein jour,07,07102,2,6,1,3.0,Chemin des MULETS,44.92088,4.86217,16:15:00,2024-09-30
202400038008,16:10,Plein jour,06,06088,2,1,1,1.0,215 Promenade des Anglais,43.68592,7.23683,16:10:00,2024-07-18
202400038009,11:40,Plein jour,64,64129,2,1,1,1.0,SAINT EXUPERY,43.31364,-0.37785,11:40:00,2024-08-26
202400038010,00:24,,64,64129,1,6,1,6.0,BAYONNE DE,43.30523,-0.40195,00:24:00,2024-08-26
202400038011,18:13,Plein jour,64,64102,2,3,1,3.0,URSUYA (AVENUE DE L'),43.47858,-1.49554,18:13:00,2024-08-26
202400038012,19:55,Plein jour,75,75116,2,1,1,6.0,BD PERIPHERIQUE EXTERIEUR,48.868219,2.269778,19:55:00,2024-07-19
202400038013,18:00,Plein jour,62,62193,2,1,1,6.0,Rue de Constantine,50.9476,1.82908,18:00:00,2024-08-26
202400038014,19:10,Crépuscule,06,06027,1,1,1,3.0,Avenue de Cannes,43.65123,7.14187,19:10:00,2024-10-01
202400038015,19:50,Plein jour,60,60665,2,6,1,6.0,D 202,49.42239,2.80617,19:50:00,2024-08-25
202400038016,08:30,Plein jour,75,75118,2,1,1,7.0,BD PERIPHERIQUE EXTERIEUR,48.901104,2.346646,08:30:00,2024-07-19
202400038017,23:00,,59,59646,2,9,1,3.0,MARNE (AVENUE DE LA),50.68315,3.11909,23:00:00,2024-08-26
202400038018,18:25,Plein jour,06,06027,2,3,1,6.0,Rue Louis Négro,43.6646,7.1515,18:25:00,2024-10-01