Num_Acc,hrmn,lum,dep,com,agg,int,atm,col,adr,lat,long,heure,date
202400038019,22:30,,75,75120,2,1,1,2.0,BD PERIPHERIQUE INTERIEUR,48.861712,2.413697,22:30:00,2024-07-18
202400038020,22:00,,59,59183,2,1,1,6.0,COLAERT JEAN - ALLEE,51.0262,2.35265,22:00:00,2024-08-26
202400038021,12:15,Plein jour,06,06123,2,1,1,3.0,930 Route des Vespins,43.66008,7.18883,12:15:00,2024-09-30
202400038022,17:45,Plein jour,75,75112,2,1,1,2.0,BD PERIPHERIQUE INTERIEUR,48.835991,2.412053,17:45:00,2024-07-18
202400038023,14:45,Plein jour,75,75119,2,1,1,2.0,BOULEVARD PERIPHERIQUE INTERIEUR NORD  ,48.89998334,2.38459378,14:45:00,2024-10-01
202400038024,21:14,,56,56260,2,2,1,3.0,Boulevard de la Paix,47.66088,-2.75453,21:14:00,2024-08-26
202400038025,17:30,Plein jour,75,75115,2,1,1,4.0,BD PERIPHERIQUE INTERIEUR,48.834927,2.266773,17:30:00,2024-07-18
202400038026,19:30,,75,75118,2,1,1,5.0,BD PERIPHERIQUE EXTERIEUR,48.90102,2.342629,19:30:00,2024-09-30
202400038027,15:20,Plein jour,75,75119,2,1,1,2.0,BD PERIPHERIQUE INTERIEUR,48.900615,2.37248,15:20:00,2024-07-19
202400038028,19:30,Plein jour,54,54357,2,2,1,3.0,Avenue du Général de Gaulle,48.70616,6.13984,19:30:00,2024-08-25
202400038029,04:45,,75,75118,2,7,1,3.0,PLACE HEBERT,48.8932411,2.36341399,04:45:00,2024-07-19
202400038030,19:16,,75,75106,2,7,1,3.0,PLACE EDMOND ROSTAND,48.847337,2.340843,19:16:00,2024-10-01
202400038031,11:00,Plein jour,51,51454,2,3,1,3.0,ARNOULD (BOULEVARD CHARLES),49.2669,4.01619,11:00:00,2024-08-25
202400038032,22:45,,75,75120,2,1,1,1.0,BOULEVARD MORTIER,48.87349,2.408307,22:45:00,2024-09-30
202400038033,17:05,Plein jour,75,75117,2,1,1,1.0,AVENUE DE VILLIERS,48.884578,2.300496,17:05:00,2024-07-19
202400038034,10:20,Plein jour,75,75117,2,1,1,3.0,RUE POUCHET,48.897076,2.322869,10:20:00,2024-10-01
202400038035,17:35,Plein jour,49,49099,1,6,1,7.0,RD160,47.03078,-0.91163,17:35:00,2024-08-23
202400038036,20:05,Plein jour,75,75114,2,4,1,3.0,AVENUE JEAN MOULIN,48.827083,2.325036,20:05:00,2024-07-17
202400038037,18:45,Plein jour,75,75116,2,5,1,3.0,AVENUE GEORGES LAFONT,48.836603,2.256501,18:45:00,2024-10-01
202400038038,02:30,Nuit sans éclairage,44,44162,1,1,1,2.0,Unknown,47.20344941,-1.6224119,02:30:00,2024-08-26
202400038039,18:30,Plein jour,75,75112,2,2,1,3.0,BOULEVARD DE BERCY,48.83891432,2.37614769,18:30:00,2024-07-19
202400038040,19:30,Crépuscule,75,75110,2,1,1,3.0,AVENUE CLAUDE VELLEFAUX,48.874366,2.370314,19:30:00,2024-10-01
202400038041,18:30,Plein jour,75,75108,2,2,2,7.0,RUE DU GENERAL FOY,48.87937,2.317197,18:30:00,2024-09-30
202400038042,13:05,Plein jour,75,75109,2,3,1,2.0,RUE SAINT LAZARE,48.87692,2.334218,13:05:00,2024-07-19
202400038043,19:30,Plein jour,44,44109,2,1,1,5.0,243 Route de Saint Joseph,47.25082,-1.53008,19:30:00,2024-08-25
202400038044,19:25,Plein jour,94,94074,2,9,1,6.0,Rue de la Sablonniere,48.75064,2.45428,19:25:00,2024-10-01
202400038045,13:15,Plein jour,75,75108,2,2,1,6.0,RUE DES MATHURINS,48.873425,2.322443,13:15:00,2024-07-19
202400038046,17:20,Plein jour,94,94033,2,6,1,6.0,Avenue de Lattre de Tassigny,48.85407,2.4931,17:20:00,2024-10-01
202400038047,08:50,Plein jour,94,94081,2,3,1,3.0,Rue Eugene Henaff,48.79375737,2.41352007,08:50:00,2024-07-19
202400038048,18:20,Plein jour,41,41018,2,1,1,3.0,WILSON (AVENUE DU PRESIDENT),47.58297,1.3407,18:20:00,2024-08-24
202400038049,09:00,Plein jour,94,94015,2,3,2,7.0,Avenue du Général Leclerc,48.82935,2.51771,09:00:00,2024-09-30
202400038050,17:05,Plein jour,94,94074,2,1,9,6.0,Avenue Julien Duranton,48.75653829,2.45292145,17:05:00,2024-07-19
202400038051,16:30,Plein jour,93,93046,2,1,1,6.0,JACOB RUE ET PLACE,48.92695,2.5419,16:30:00,2024-10-01
202400038052,10:26,Plein jour,94,94068,2,2,1,3.0,Rue Elias Howe,48.79301,2.48281,10:26:00,2024-07-18
202400038053,15:55,Plein jour,37,37233,2,1,1,3.0,DUCLOS (AVENUE JACQUES),47.38043,0.73016,15:55:00,2024-08-26
202400038054,17:20,Plein jour,93,93047,2,1,1,6.0,ARTS  (AVENUE DES),48.88967346,2.55360835,17:20:00,2024-09-30
202400038055,15:25,Plein jour,94,94046,2,2,1,3.0,Rue Chevreul,48.8091,2.44341,15:25:00,2024-07-19
202400038056,12:00,Plein jour,93,93057,2,1,1,3.0,BRIAND (AV. ARISTIDE) 2 A 132,48.90814345,2.49534588,12:00:00,2024-10-01
202400038057,19:00,Plein jour,33,33318,2,1,1,3.0,Avenue du Bourgailh (accès garage Dacia),44.80026,-0.66321,19:00:00,2024-08-26
202400038058,07:50,Plein jour,93,93010,2,2,1,3.0,ALICE (AL.),48.90257,2.49809,07:50:00,2024-10-01
202400038059,20:20,Plein jour,94,94076,2,9,1,3.0,Avenue de la Division Leclerc,48.78458,2.36715,20:20:00,2024-07-19
202400038060,08:45,Plein jour,33,33281,2,1,1,3.0,Unknown,44.83371,-0.69087,08:45:00,2024-08-26
202400038061,11:50,Plein jour,93,93008,2,1,1,6.0,HUIT MAI 1945 (RUE DU),48.90963896,2.43627548,11:50:00,2024-10-01
202400038062,11:20,Plein jour,94,94021,2,6,1,3.0,Avenue des pépinières,48.766953,2.349663,11:20:00,2024-07-19
202400038063,20:45,,93,93005,2,9,1,6.0,MAXIMILIEN ROBESPIERRE (RUE),48.94809419,2.50186764,20:45:00,2024-10-01
202400038064,19:25,Plein jour,30,30007,2,9,1,3.0,NIMES (ROUTE DE),44.11148,4.10007,19:25:00,2024-08-26
202400038065,18:15,Plein jour,94,94033,2,1,1,3.0,Avenue Foch,48.84374868,2.46092691,18:15:00,2024-07-19
202400038066,10:55,Plein jour,92,92073,2,4,1,3.0,JAURES (AVENUE JEAN),48.86517837,2.20436476,10:55:00,2024-10-01
202400038067,11:25,Plein jour,29,29019,2,6,1,3.0,rue de Kerabécam,48.39197,-4.486932,11:25:00,2024-08-25
202400038068,14:15,Plein jour,94,94028,2,1,1,2.0,16 Rue des Mèches,48.792963,2.459472,14:15:00,2024-07-19
202400038069,11:00,Plein jour,92,92063,2,1,1,3.0,HOPITAL STELL (BOULEVARD DE L'),48.87849537,2.18665749,11:00:00,2024-10-01
202400038070,18:28,Plein jour,19,19031,2,2,1,3.0,RIBOT (AVENUE),45.1645,1.5026,18:28:00,2024-08-25
202400038071,13:45,Plein jour,94,94011,2,1,1,2.0,Quai du Rancy,48.77577881,2.48987786,13:45:00,2024-07-18
202400038072,08:00,Plein jour,92,92051,2,1,2,6.0,"ARGENSON (BOULEVARD, N° 24 AU 48)",48.88608813,2.26863161,08:00:00,2024-09-23
202400038073,10:02,Plein jour,94,94028,2,1,1,6.0,Avenue des Compagnons de la Libération,48.77752732,2.45622727,10:02:00,2024-07-17
202400038074,12:25,Plein jour,17,17415,2,2,1,3.0,ORMEAU DE PIED RUE DE L',45.74327,-0.66436,12:25:00,2024-08-26
202400038075,07:34,Crépuscule,92,92048,2,1,1,6.0,PARIS (RUE DE) N° 1 A 15BIS,48.81681,2.24789,07:34:00,2024-10-01
202400038076,01:45,Nuit avec éclairage,37,37093,2,1,1,7.0,Rue Rabelais,47.120749,0.468721,01:45:00,2024-10-01
202400038077,09:00,Plein jour,94,94071,2,2,1,3.0,Rue Antoine Baron,48.779265,2.515874,09:00:00,2024-07-19
202400038078,06:15,Crépuscule,14,14699,2,3,1,1.0,1 Rue des Bateliers,49.34768,0.09366,06:15:00,2024-08-26
202400038079,21:15,Nuit sans éclairage,84,84044,1,1,1,7.0,Route de Mollans sur Ouvèze,44.226251,5.162287,21:15:00,2024-09-27
202400038080,22:30,,14,14333,2,1,1,7.0,48 Rue Bourdet,49.41642,0.23329,22:30:00,2024-08-25
202400038081,02:45,,94,94002,2,1,1,6.0,99 Rue Véron,48.81038,2.414308,02:45:00,2024-07-14
202400038082,09:35,Crépuscule,31,31113,2,1,1,6.0,D57,43.512018,1.504965,09:35:00,2024-10-01
202400038083,23:51,,13,13208,2,2,1,3.0,PRADO (AVENUE DU),43.27868,5.38753,23:51:00,2024-08-26
202400038084,12:30,Plein jour,93,93053,2,1,1,3.0,Rue Paul Vaillant Couturier,48.89114205,2.44886594,12:30:00,2024-07-19
202400038085,06:50,Crépuscule,13,13213,2,1,1,2.0,BARA (BOULEVARD),43.34905877,5.44479109,06:50:00,2024-08-26
202400038086,21:30,Nuit sans éclairage,54,54135,1,1,2,6.0,A31,48.503276,5.910966,21:30:00,2024-10-01
202400038087,17:45,Plein jour,93,93031,2,2,1,3.0,Avenue de la République / Avenue de Lattre de Tassigny / Rue de Paris,48.95305925,2.31579383,17:45:00,2024-07-19
202400038088,21:40,,13,13206,2,2,1,3.0,LIEUTAUD (COURS),43.28911,5.38419,21:40:00,2024-08-22
202400038089,15:50,Plein jour,22,22084,1,1,1,6.0,RN 12 PK 22+650 dans le sens RENNES vers SAINT BRIEUC,48.376212,-2.360392,15:50:00,2024-10-01
202400038090,11:21,Plein jour,93,93031,2,1,1,2.0,Boulevard Foch,48.9479,2.33192,11:21:00,2024-07-19
202400038091,20:45,Nuit sans éclairage,83,83091,1,1,1,1.0,14,43.226842,6.122244,20:45:00,2024-10-01
202400038092,18:20,Plein jour,93,93029,2,1,1,3.0,Avenue Jean Jaures,48.91747841,2.45611089,18:20:00,2024-07-19
202400038093,15:58,Plein jour,10,10081,2,2,1,2.0,Avenue du Général Sarrail,48.3042,4.03286,15:58:00,2024-08-24
202400038094,12:00,Plein jour,01,01033,2,9,2,6.0,avenue saint-exupéry  (Bellegarde-sur-Valserine),46.117744,5.816,12:00:00,2024-10-01
202400038095,07:26,Plein jour,06,06123,1,1,1,6.0,25 Avenue Pierre et Marie Curie,43.683222,7.188404,07:26:00,2024-08-26
202400038096,17:50,Plein jour,93,93027,2,1,1,3.0,Rue de Saint-Denis,48.93046948,2.3834753,17:50:00,2024-07-18
202400038097,20:30,Nuit sans éclairage,62,62600,1,1,3,1.0,D90,50.51810313,2.37106284,20:30:00,2024-10-01
202400038098,09:15,Plein jour,75,75117,2,1,1,4.0,BD PERIPHERIQUE INTERIEUR,48.899311,2.31838,09:15:00,2024-08-26
202400038099,04:45,,93,93008,2,9,1,3.0,Avenue Henri Barbusse / Rue de la République,48.90757988,2.42576122,04:45:00,2024-07-19
202400038100,05:15,,57,57628,2,1,2,6.0,Rue Jean Moulin,48.999384,7.025086,05:15:00,2024-10-02
202400038101,07:00,Plein jour,75,75120,2,1,1,2.0,BD PERIPHERIQUE EXTERIEUR,48.848263,2.414947,07:00:00,2024-08-26
202400038102,11:00,Plein jour,92,92040,2,2,1,3.0,AUGUSTE GERVAIS,48.82307894,2.27335221,11:00:00,2024-07-19
202400038103,08:30,Plein jour,51,51193,2,2,2,3.0,Rue Flaubert,48.989634,4.511669,08:30:00,2024-09-30
202400038104,20:35,Plein jour,75,75116,2,1,1,2.0,BD PERIPHERIQUE EXTERIEUR,48.844085,2.254681,20:35:00,2024-08-25
202400038105,18:58,Plein jour,19,19190,1,1,1,1.0,D93,45.495428,2.419063,18:58:00,2024-09-30
202400038106,14:20,Plein jour,92,92036,2,3,1,3.0,LOUIS ROCHE (AVENUE) (1/45),48.92971728,2.30918249,14:20:00,2024-07-18
202400038107,01:38,,75,75115,2,2,1,3.0,RUE DE LA CROIX NIVERT,48.840008,2.290357,01:38:00,2024-08-26
202400038108,16:55,Plein jour,56,56113,1,2,1,3.0,Rue des Hortensias,48.073219,-3.194892,16:55:00,2024-10-01
202400038109,01:53,,92,92024,2,2,1,3.0,MARTRE (RUE) DE (59 A 109)   (58 A 120),48.90349237,2.30579317,01:53:00,2024-07-19
202400038110,08:00,Crépuscule,79,79311,1,1,3,2.0,Unknown,46.629643,-0.434507,08:00:00,2024-10-01
202400038111,18:45,Plein jour,92,92004,2,9,1,6.0,VOLTAIRE ( BD 16 A FIN ),48.91828725,2.28338206,18:45:00,2024-07-19
202400038112,16:20,Plein jour,75,75118,2,1,1,2.0,BOULEVARD PERIPHERIQUE INTERIEUR,48.900445,2.328746,16:20:00,2024-08-26
202400038113,11:00,Plein jour,2B,2B343,2,1,1,2.0,DICEPPO - RT10,42.492629,9.474185,11:00:00,2024-10-01
202400038114,11:40,Plein jour,60,60338,1,1,1,6.0,D98,49.348192,2.771409,11:40:00,2024-07-19
202400038115,15:00,Plein jour,71,71263,2,3,3,6.0,Chemin des Salines,46.635559,5.208077,15:00:00,2024-10-01
202400038116,21:01,Plein jour,60,60338,1,1,1,1.0,D98,49.350191,2.770132,21:01:00,2024-07-19
202400038117,07:30,Plein jour,75,75117,2,2,1,3.0,BOULEVARD MALESHERBES,48.884049,2.308723,07:30:00,2024-08-26
202400038118,15:40,Plein jour,63,63372,1,1,2,1.0,pk 16 D224,45.90500077,3.29945064,15:40:00,2024-10-01
202400038119,05:00,,75,75115,2,1,1,6.0,BOULEVARD DE GRENELLE,48.849159,2.29811,05:00:00,2024-08-26
202400038120,12:15,Plein jour,49,49200,2,1,1,6.0,Rue de Juigné,47.520447,-0.662779,12:15:00,2024-10-02
202400038121,21:42,Plein jour,75,75108,2,2,1,6.0,AVENUE DES CHAMPS ELYSEES,48.871955,2.300375,21:42:00,2024-08-25
202400038122,11:06,Plein jour,77,77209,2,1,1,2.0,PASTEUR  (RUE   ),48.86,2.69,11:06:00,2024-06-18
202400038123,22:20,Nuit sans éclairage,12,12182,1,2,2,5.0,Ld OUNS,44.439671,2.946353,22:20:00,2024-10-01
202400038124,01:10,,75,75104,2,1,1,6.0,QUAI DE L HOTEL DE VILLE,48.85557,2.352077,01:10:00,2024-08-26
202400038125,14:35,Plein jour,94,94081,2,1,1,6.0,Avenue de l'Abbé Roger Derry,48.78991491,2.39072992,14:35:00,2024-08-26
202400038126,11:00,Plein jour,76,76351,2,3,2,3.0,VALLEE (RUE DE LA),49.49775,0.15969,11:00:00,2024-06-18
202400038127,17:00,Plein jour,46,46228,2,4,1,6.0,rue de la brasserie,44.899109,1.812454,17:00:00,2024-10-01
202400038128,17:03,Plein jour,94,94058,2,1,1,3.0,27bis Rue Henri Navarre,48.833405,2.502258,17:03:00,2024-08-26
202400038129,15:05,Plein jour,74,74012,2,9,1,6.0,FOSSARD (RUE DU),46.1973,6.24863,15:05:00,2024-06-18
202400038130,20:20,Nuit sans éclairage,68,68139,1,1,3,1.0,D432,47.60718814,7.22286007,20:20:00,2024-10-01
202400038131,15:10,Plein jour,93,93070,2,1,1,6.0,DOCTEUR BAUER(RUE DU) :N° 1 AU 73,48.91047686,2.33777816,15:10:00,2024-08-26
202400038132,13:55,Plein jour,73,73065,1,4,1,2.0,Av de la Boisse,45.58373,5.90962,13:55:00,2024-06-18
202400038133,18:30,Plein jour,93,93066,2,3,1,6.0,CITE GABRIEL PERI,48.93854052,2.35633517,18:30:00,2024-08-26
202400038134,18:15,Crépuscule,39,39526,2,2,3,3.0,Avenue de Friesenheim,47.045779,5.422708,18:15:00,2024-10-01
202400038135,18:32,Plein jour,93,93073,2,6,1,3.0,Rue de l’Ile de France / Avenue Blaise Pascal,48.93776011,2.57407795,18:32:00,2024-08-26
202400038136,10:50,Plein jour,67,67482,2,1,1,2.0,SCHIRMECK (ROUTE DE),48.56911,7.71038,10:50:00,2024-06-18
202400038137,14:50,Plein jour,29,29259,2,1,1,1.0,Rue de Kerivarch,48.691597,-3.977643,14:50:00,2024-10-02
202400038138,22:20,,93,93014,2,6,1,3.0,Allée Romain Rolland / Allée Anatole France,48.90450461,2.55588833,22:20:00,2024-08-25
202400038139,17:00,Plein jour,67,67043,2,3,1,3.0,BISCHWILLER (ROUTE DE),48.6114,7.7513,17:00:00,2024-06-17
202400038140,16:15,Plein jour,03,03075,1,1,3,2.0,RD987,46.219774,3.126442,16:15:00,2024-10-01
202400038141,13:30,Plein jour,03,03239,1,1,1,7.0,D 263 - PK 003+100,46.434289,3.936625,13:30:00,2024-09-30
202400038142,13:50,Plein jour,64,64483,2,6,1,2.0,ITHURRALDE ANDRE (AVENUE),43.39166,-1.65491,13:50:00,2024-06-17
202400038143,16:15,Plein jour,93,93001,2,1,1,2.0,Rue de Saint-Denis,48.92205396,2.3732999,16:15:00,2024-08-26
202400038144,09:30,Plein jour,92,92025,2,1,1,6.0,PAUL BERT (RUE),48.92587,2.24717,09:30:00,2024-08-26
202400038145,08:30,Plein jour,58,58095,1,1,1,5.0,Route de Moulins,46.81222,3.448699,08:30:00,2024-10-02
202400038146,16:20,Plein jour,64,64445,2,6,1,3.0,BIE MOULIE,43.30172,-0.3447,16:20:00,2024-06-18
202400038147,07:45,Plein jour,76,76710,1,2,7,3.0,Rue de la Hetraie,49.665164,0.514267,07:45:00,2024-08-27
202400038148,01:18,Nuit sans éclairage,72,72044,1,1,8,3.0,D 12,47.776973,-0.050082,01:18:00,2024-09-28
202400038149,15:30,Plein jour,61,61006,2,2,1,3.0,Voie Communale,48.746615,-0.020418,15:30:00,2024-06-17
202400038150,07:35,Plein jour,974,97415,2,3,1,3.0,Rue Gabriel Martin,-20.977495,55.328646,07:35:00,2024-08-27
202400038151,23:30,Nuit sans éclairage,14,14500,1,1,2,6.0,Route de Pont-l'Évêque,49.267861,0.203226,23:30:00,2024-10-01
202400038152,13:25,Plein jour,61,61006,2,6,1,3.0,D926,48.749087,-0.01451,13:25:00,2024-06-17
202400038153,05:55,Crépuscule,69,69287,1,1,1,5.0,Rue de la Fraternite,45.719789,5.053821,05:55:00,2024-08-27
202400038154,17:25,Plein jour,50,50273,1,4,1,3.0,Route de Hotot - Coigny,49.315058,-1.372991,17:25:00,2024-10-02
202400038155,19:15,Plein jour,40,40296,1,1,1,6.0,Route de Bergeron,43.71603619,-1.39559984,19:15:00,2024-08-20
202400038156,09:05,Plein jour,59,59599,2,1,1,3.0,Avenue Gustave Dron,50.719623,3.161873,09:05:00,2024-06-18
202400038157,13:12,Plein jour,974,97422,2,1,1,6.0,138 Rue Hubert Delisle,-21.282164,55.519157,13:12:00,2024-08-25
202400038158,19:50,Plein jour,59,59646,2,3,2,3.0,SARTRE (AVENUE JEAN PAUL),50.67,3.13187,19:50:00,2024-06-18
202400038159,16:05,Plein jour,83,83007,1,1,1,1.0,RD 957 - PK 019+200,43.661445,6.226373,16:05:00,2024-09-29
202400038160,15:50,Plein jour,63,63388,1,1,2,7.0,D62,46.00802374,2.74998521,15:50:00,2024-08-24
202400038161,17:04,Plein jour,54,54431,1,1,1,6.0,D910B,48.91735,6.04027,17:04:00,2024-06-17
202400038162,18:45,Plein jour,40,40117,2,1,2,7.0,7bis Avenue de Mont-de-marsan,43.774286,-0.432941,18:45:00,2024-10-01
202400038163,18:15,Plein jour,54,54547,1,1,1,6.0,Boulevard Louis Barthou,48.67142799,6.1861825,18:15:00,2024-06-17
202400038164,01:00,Nuit sans éclairage,19,19274,1,1,1,2.0,autoroute A 20,45.1951489,1.50008708,01:00:00,2024-08-27
202400038165,10:45,Plein jour,54,54323,2,1,1,6.0,Rue Mercy,49.5237,5.76446,10:45:00,2024-06-18
202400038166,16:15,Plein jour,30,30221,1,1,1,7.0,D976,44.02272,4.744334,16:15:00,2024-08-26
202400038167,14:00,Plein jour,30,30062,1,3,1,3.0,D40,43.792109,4.205535,14:00:00,2024-10-01
202400038168,09:00,Plein jour,87,87001,2,1,1,6.0,Avenue du Président Wilson,45.796356,1.134306,09:00:00,2024-03-20
202400038169,14:10,Plein jour,51,51172,2,7,1,4.0,ALSACE LORRAINE (BOULEVARD),49.219857,4.040817,14:10:00,2024-06-17
202400038170,15:30,Plein jour,38,38068,1,1,1,3.0,N85,45.09136345,5.72427821,15:30:00,2024-10-02
202400038171,17:40,Plein jour,83,83017,1,9,1,3.0,1285 R 554,43.25100939,5.99659449,17:40:00,2024-08-22
202400038172,08:30,Plein jour,51,51454,2,1,1,3.0,BLUM (AVENUE LEON),49.22608,4.01089,08:30:00,2024-06-17
202400038173,18:30,Plein jour,30,30047,1,1,1,2.0,D346 route de manduel,43.808703,4.440976,18:30:00,2024-08-27
202400038174,19:17,Plein jour,49,49007,2,1,1,2.0,LAC DE MAINE AVENUE,47.4687,-0.58872,19:17:00,2024-06-17
202400038175,20:02,Plein jour,91,91534,1,1,1,7.0,Route d?Orsay,48.74341,2.164929,20:02:00,2024-08-26
202400038176,14:15,Plein jour,49,49007,2,1,2,1.0,CARNOT,47.47559,-0.54865,14:15:00,2024-06-17
202400038177,11:45,Plein jour,56,56032,1,1,1,6.0,La Ville Morhan,47.951162,-2.306292,11:45:00,2024-08-18
202400038178,11:37,Plein jour,63,63126,1,1,1,2.0,A75,45.69693478,3.14807932,11:37:00,2024-10-02
202400038179,12:55,Plein jour,49,49015,2,1,1,6.0,VIOLETTE AVENUE DE LA,47.50379,-0.5761,12:55:00,2024-06-14
202400038180,16:45,Plein jour,56,56259,1,1,1,3.0,La Vieille Fontaine,47.60515,-2.602172,16:45:00,2024-08-25
202400038181,15:05,Plein jour,21,21590,1,1,3,7.0,A6,47.058505,4.804421,15:05:00,2024-10-01
202400038182,11:10,Plein jour,56,56053,2,9,7,6.0,Rue du Lurin,47.733237,-2.592409,11:10:00,2024-08-22
202400038183,07:10,Plein jour,59,59244,1,1,1,2.0,A2,50.166058,3.174475,07:10:00,2024-10-02
202400038184,07:50,Plein jour,45,45234,2,1,3,1.0,5 Rue Jean-Jacques Rousseau,47.83899,1.93525,07:50:00,2024-06-18
202400038185,20:00,Plein jour,76,76380,1,3,1,7.0,D152,49.78657,0.988491,20:00:00,2024-08-26
202400038186,07:15,Plein jour,971,97134,1,1,1,6.0,498 Chemin de Cousiniere,16.046512,-61.74646,07:15:00,2024-10-02
202400038187,15:50,Plein jour,80,80373,1,1,1,1.0,D1015,50.002678,1.533118,15:50:00,2024-08-26
202400038188,07:12,Crépuscule,83,83023,1,1,1,2.0,DN 7,43.398157,6.132603,07:12:00,2024-09-26
202400038189,00:12,,44,44184,2,3,1,3.0,15 Avenue de Penhoet,47.29003,-2.19492,00:12:00,2024-06-19
202400038190,19:50,Plein jour,65,65460,1,1,1,6.0,D934,43.38509,0.092182,19:50:00,2024-08-26
202400038191,17:40,Plein jour,11,11003,1,3,1,6.0,D626,43.050039,2.144802,17:40:00,2024-08-20
202400038192,14:00,Plein jour,42,42237,2,1,1,6.0,Rue des Aubépines,45.4529,4.4515,14:00:00,2024-06-17
202400038193,21:30,Nuit sans éclairage,42,42180,1,4,3,6.0,Route de Curraize,45.590685,4.144034,21:30:00,2024-10-01
202400038194,17:05,Plein jour,63,63246,2,3,1,7.0,D88,45.59694404,2.7347964,17:05:00,2024-08-25
202400038195,16:45,Plein jour,26,26220,1,1,1,3.0,D94,44.37100741,5.15149355,16:45:00,2024-10-02
202400038196,20:50,Crépuscule,40,40192,2,2,1,3.0,LARRIEU (BD JEAN),43.88834,-0.48899,20:50:00,2024-06-15
202400038197,10:17,Plein jour,63,63003,2,1,1,3.0,8 Rue de Saint Pardoux,45.5575912,3.72788697,10:17:00,2024-08-26
202400038198,17:00,Plein jour,38,38185,2,1,1,6.0,LIBERATION ET DU GENERAL DE GAULLE (COUR,45.17953,5.71603,17:00:00,2024-06-18
202400038199,18:35,Plein jour,85,85011,2,6,1,3.0,RD948,46.938964,-2.174386,18:35:00,2024-10-01
202400038200,18:20,Plein jour,63,63040,1,3,1,3.0,Carrefour RD212-RD151,45.720248,3.305082,18:20:00,2024-08-25
202400038201,08:25,Plein jour,37,37195,1,1,8,3.0,RD 37,47.3778587,0.64990649,08:25:00,2024-06-18
202400038202,03:10,Nuit sans éclairage,49,49344,1,1,1,3.0,D770,47.63612,-0.677767,03:10:00,2024-08-27
202400038203,15:50,Plein jour,37,37261,2,1,2,2.0,HEURTELOUP (BOULEVARD),47.39049,0.69158,15:50:00,2024-06-17
202400038204,18:00,Plein jour,46,46117,2,1,1,7.0,Rue du Barry de la Font,44.942159,1.878769,18:00:00,2024-08-26
202400038205,17:40,Plein jour,35,35238,2,1,1,6.0,MITTERAND (MAIL FRANCOIS),48.10827176,-1.69445604,17:40:00,2024-06-18
202400038206,20:20,Plein jour,47,47054,1,1,1,7.0,Pech de Mathiot,44.422318,0.492861,20:20:00,2024-08-26
202400038207,08:20,Plein jour,35,35238,2,2,2,3.0,VOLCLAIR (BD LOUIS),48.08827339,-1.66760176,08:20:00,2024-06-18
202400038208,14:15,Plein jour,47,47247,1,1,1,1.0,2341 Route de la Sauvetat,44.681497,0.316474,14:15:00,2024-08-26
202400038209,22:48,Nuit sans éclairage,22,22136,1,1,1,7.0,Kerguene,48.20482,-2.736669,22:48:00,2024-10-01
202400038210,10:35,Plein jour,34,34108,2,3,1,1.0,TERRES BLANCHES,43.44606,3.74289,10:35:00,2024-06-18
202400038211,23:50,Nuit sans éclairage,34,34150,1,1,1,5.0,D612,43.328222,3.557682,23:50:00,2024-08-15
202400038212,09:50,Plein jour,34,34301,2,1,1,6.0,BALARUC (ROUTE DE),43.41361,3.69463,09:50:00,2024-06-18
202400038213,11:45,Plein jour,60,60341,2,6,1,4.0,Route de Senlis,49.09418854,2.74637389,11:45:00,2024-10-02
202400038214,13:28,Plein jour,34,34003,2,6,1,2.0,MEDITERRANNEE (Rond point),43.29978,3.47831,13:28:00,2024-06-17
202400038215,20:50,Nuit sans éclairage,34,34150,1,1,8,1.0,D161,43.372165,3.519361,20:50:00,2024-08-24
202400038216,03:30,Nuit sans éclairage,60,60489,1,1,3,7.0,Rue de Droizelles,49.162442,2.832584,03:30:00,2024-10-02
202400038217,17:30,Plein jour,33,33063,2,1,1,6.0,Unknown,44.87051,-0.56483,17:30:00,2024-06-18
202400038218,14:50,Plein jour,60,60116,2,9,1,1.0,Rue Duvivier,49.318548,2.329552,14:50:00,2024-10-02
202400038219,00:20,Nuit sans éclairage,60,60524,1,1,1,1.0,D 1016,49.330191,2.434845,00:20:00,2024-10-01
202400038220,15:45,Plein jour,22,22340,1,4,1,6.0,CHATEAU BLANC,48.648179,-3.40632,15:45:00,2024-08-27
202400038221,17:40,Plein jour,33,33063,2,1,1,6.0,Unknown,44.8286,-0.56266,17:40:00,2024-06-18
202400038222,22:30,Nuit sans éclairage,44,44186,1,1,1,6.0,Unknown,47.079299,-1.80547,22:30:00,2024-08-26
202400038223,14:00,Plein jour,59,59090,1,1,2,2.0,AUTOROUTE A22,50.71458,3.12343,14:00:00,2024-09-30
202400038224,11:56,Plein jour,33,33063,2,3,1,3.0,Unknown,44.87422,-0.57165,11:56:00,2024-06-18
202400038225,22:50,,33,33119,2,9,1,2.0,Unknown,44.84596,-0.53538,22:50:00,2024-06-16
202400038226,23:57,Nuit sans éclairage,59,59646,1,1,1,6.0,AUTOROUTE A22,50.66817,3.11343,23:57:00,2024-09-30
202400038227,19:05,Plein jour,31,31555,2,1,1,3.0,AV DES ETATS UNIS,43.65628887,1.42125428,19:05:00,2024-06-18
202400038228,17:15,Plein jour,29,29151,2,1,2,5.0,Unknown,48.57068,-3.83538,17:15:00,2024-06-17