Num_Acc,hrmn,lum,dep,com,agg,int,atm,col,adr,lat,long,heure,date
202400038229,11:55,Plein jour,27,27681,2,6,2,6.0,EVREUX (PLACE D'),49.092,1.48209,11:55:00,2024-06-18
202400038230,10:50,Plein jour,14,14118,2,1,1,6.0,18 Rue Docteur Tillaux,49.18223,-0.3858,10:50:00,2024-06-17
202400038231,07:47,Plein jour,59,59560,1,1,1,4.0,AUTOROUTE A1,50.53545,3.04917,07:47:00,2024-09-02
202400038232,08:30,Plein jour,13,13103,2,1,1,1.0,AVENUE DE LA PATROUILLE DE FRANCE-RN 538,43.62937513,5.10159558,08:30:00,2024-06-18
202400038233,15:10,Plein jour,13,13004,2,1,1,3.0,AV STALINGRAD,43.68789,4.63575,15:10:00,2024-06-17
202400038234,19:48,Plein jour,91,91377,1,1,1,3.0,AUTOROUTE A10,48.72733,2.30346,19:48:00,2024-10-01
202400038235,10:10,Plein jour,13,13001,2,1,1,3.0,ST VICTOIRE (AV),43.53199,5.4534,10:10:00,2024-06-18
202400038236,14:00,Plein jour,11,11069,2,2,1,3.0,37 Av du Pdt Franklin Roosevelt,43.21742,2.34599,14:00:00,2024-06-18
202400038237,08:00,Plein jour,94,94016,1,1,1,4.0,A6B,48.79212029,2.34415015,08:00:00,2024-10-01
202400038238,19:15,Plein jour,06,06027,2,1,1,5.0,3 Rue Pasqualini,43.66073,7.149094,19:15:00,2024-06-17
202400038239,17:50,Plein jour,03,03262,1,9,1,3.0,C D 301,46.37441,2.59237,17:50:00,2024-06-17
202400038240,21:00,Crépuscule,75,75120,2,1,2,6.0,PORTE DE BAGNOLET,48.862587,2.413767,21:00:00,2024-06-17
202400038241,21:09,Nuit sans éclairage,77,77251,1,1,2,2.0,AUTOROUTE A5A,48.62478,2.54078,21:09:00,2024-09-30
202400038242,22:40,,75,75115,2,1,1,5.0,BD PERIPHERIQUE INTERIEUR,48.826185,2.298358,22:40:00,2024-06-16
202400038243,08:15,Plein jour,78,78208,1,1,2,3.0,RN12 INT,48.800014,1.981554,08:15:00,2024-09-30
202400038244,07:41,Plein jour,75,75119,2,2,2,3.0,RUE DE BELLEVILLE,48.875466,2.397928,07:41:00,2024-06-18
202400038245,23:18,,75,75106,2,3,1,1.0,RUE DE SEVRES,48.848424,2.320559,23:18:00,2024-06-17
202400038246,01:00,,75,75106,2,3,1,1.0,BOULEVARD SAINT MICHEL,48.851831,2.343395,01:00:00,2024-06-17
202400038247,16:00,Plein jour,92,92025,1,1,1,4.0,A86,48.92078048,2.22548287,16:00:00,2024-09-28
202400038248,11:50,Plein jour,75,75119,2,1,1,3.0,RUE MANIN,48.882742,2.383642,11:50:00,2024-06-18
202400038249,22:00,Nuit sans éclairage,95,95527,1,1,2,2.0,A3,48.98274335,2.50299847,22:00:00,2024-09-30
202400038250,22:30,,75,75117,2,5,1,6.0,BOULEVARD GOUVION SAINT CYR,48.882234,2.286292,22:30:00,2024-06-18
202400038251,09:30,Plein jour,75,75116,2,7,2,1.0,PLACE CHARLES DE GAULLE,48.873209,2.294679,09:30:00,2024-06-18
202400038252,20:30,Plein jour,75,75116,2,7,1,3.0,PLACE CHARLES DE GAULLE,48.873254,2.294615,20:30:00,2024-06-17
202400038253,18:05,Plein jour,92,92036,1,1,1,3.0,AUTOROUTE A86,48.93909226,2.30366757,18:05:00,2024-09-30
202400038254,20:45,Crépuscule,75,75115,2,1,1,3.0,RUE DE LA CROIX NIVERT,48.836553,2.289552,20:45:00,2024-06-17
202400038255,09:30,Plein jour,95,95582,1,1,1,2.0,A15,48.96682579,2.25512844,09:30:00,2024-09-30
202400038256,12:45,Plein jour,75,75111,2,1,8,3.0,RUE DU FAUBOURG SAINT ANTOINE,48.850435,2.382301,12:45:00,2024-06-18
202400038257,17:40,Plein jour,75,75110,2,2,1,2.0,RUE DE MAUBEUGE,48.880122,2.350981,17:40:00,2024-06-18
202400038258,19:00,Crépuscule,95,95154,1,1,1,6.0,A1,49.05237751,2.54791499,19:00:00,2024-09-29
202400038259,09:55,Plein jour,75,75108,2,2,2,3.0,RUE LA BOETIE,48.873692,2.314475,09:55:00,2024-06-18
202400038260,18:15,Plein jour,95,95365,1,1,2,5.0,N104,49.06570315,2.40643838,18:15:00,2024-09-27
202400038261,09:20,Plein jour,75,75108,2,2,2,3.0,BOULEVARD DE COURCELLES,48.881169,2.31533,09:20:00,2024-06-18
202400038262,09:45,Plein jour,77,77294,1,1,1,2.0,A104,48.96618569,2.60685112,09:45:00,2024-10-01
202400038263,00:10,,75,75107,2,5,1,3.0,BOULEVARD RASPAIL,48.856065,2.325894,00:10:00,2024-06-18
202400038264,11:39,Plein jour,75,75107,2,7,1,3.0,PLACE DE LA RESISTANCE,48.862372,2.301792,11:39:00,2024-06-17
202400038265,18:00,Plein jour,38,38563,2,1,1,6.0,GUILLON (BOULEVARD DU),45.362,5.6014,18:00:00,2024-04-26
202400038266,09:55,Plein jour,75,75102,2,2,2,6.0,RUE DE RICHELIEU,48.86889,2.33853,09:55:00,2024-06-18
202400038267,10:05,Plein jour,75,75102,2,3,2,3.0,RUE ETIENNE MARCEL,48.865051,2.344057,10:05:00,2024-06-18
202400038268,09:10,Plein jour,75,75101,2,1,2,7.0,VOIE GEORGES POMPIDOU,48.857612,2.344866,09:10:00,2024-06-18
202400038269,10:18,Plein jour,38,38563,2,1,1,2.0,PAVIOT (AVENUE DE),45.3523,5.59151,10:18:00,2024-04-25
202400038270,17:19,Plein jour,94,94081,2,1,1,6.0,174 Rue Julian Grimau,48.77918238,2.3748579,17:19:00,2024-06-18
202400038271,13:53,Plein jour,06,06088,2,3,1,6.0,2 avenue Paul Dufourmantel,43.710291,7.270835,13:53:00,2024-09-01
202400038272,14:30,Plein jour,94,94081,2,3,1,1.0,Rue Mario Capra / Avenue Rabelais,48.7833,2.38967,14:30:00,2024-06-17
202400038273,20:00,Plein jour,94,94068,2,3,3,3.0,Boulevard de Champigny / Rue Boileau,48.80868481,2.50939925,20:00:00,2024-06-17
202400038274,22:30,,974,97416,2,9,1,3.0,DAMBREVILLE (AVENUE DU DR.),-21.339579,55.49118,22:30:00,2024-06-09
202400038275,09:15,Plein jour,94,94046,2,1,2,6.0,Avenue du Général Leclerc,48.80924,2.43429,09:15:00,2024-06-18
202400038276,08:20,Crépuscule,44,44190,2,1,1,3.0,5 Avenue de Glinde,47.2102706,-1.49006583,08:20:00,2024-09-25
202400038277,19:00,Plein jour,94,94038,2,1,1,6.0,Rue Pierre Brossolette,48.76785497,2.32190117,19:00:00,2024-06-18
202400038278,13:00,Plein jour,94,94018,2,1,1,6.0,Quai de Bercy,48.82124,2.40081,13:00:00,2024-06-18
202400038279,16:05,Plein jour,14,14530,1,6,1,7.0,Route de Colombelles,49.215915,-0.27704,16:05:00,2024-06-19
202400038280,11:30,Plein jour,974,97411,1,1,1,3.0,BERNARD (RUE SAINT-),-20.89927,55.40097,11:30:00,2024-11-05
202400038281,10:00,Plein jour,94,94017,2,6,1,2.0,Voie Sonia Delaunay / Avenue Maurice Thorez,48.81176361,2.53626452,10:00:00,2024-06-17
202400038282,20:00,,14,14665,2,2,2,6.0,1 Rue Léopold Trébutien,49.263418,-0.23015,20:00:00,2024-03-04
202400038283,21:20,,974,97411,2,1,1,3.0,GRIMAUD (EMILE),-20.89267,55.4834,21:20:00,2024-11-04
202400038284,14:06,Plein jour,93,93078,2,3,1,2.0,Boulevard Robert Ballanger / Avenue Montcalm,48.95394,2.53425,14:06:00,2024-06-18
202400038285,21:20,Crépuscule,50,50197,1,1,1,1.0,D9,48.909921,-1.333755,21:20:00,2024-05-03
202400038286,10:15,Plein jour,93,93073,2,2,1,3.0,Boulevard Robert Ballanger / Chemin du Loup,48.9623,2.55917,10:15:00,2024-06-18
202400038287,18:10,Plein jour,93,93070,2,9,1,3.0,Rue Charles Schmidt,48.903854,2.333586,18:10:00,2024-06-17
202400038288,16:50,Plein jour,69,69387,2,1,1,3.0,73 Avenue Berthelot,45.74471,4.84334,16:50:00,2024-11-04
202400038289,20:00,,976,97611,2,1,2,7.0,passamanty-Sada ( rue de ),-12.8,45.206288,20:00:00,2024-09-30
202400038290,23:32,,93,93066,2,3,1,1.0,Rue de la Garenne / Rue du Plouich,48.943215,2.384428,23:32:00,2024-06-15
202400038291,09:50,Plein jour,974,97416,1,1,1,6.0,BASSIN PLAT(CHEMIN),-21.33513,55.50269,09:50:00,2024-09-30
202400038292,09:30,Plein jour,93,93063,2,1,1,5.0,Rue de Paris,48.89656704,2.43161988,09:30:00,2024-06-17
202400038293,08:10,Plein jour,972,97209,2,1,1,5.0,BISHOP (Avenue Maurice),14.60615,-61.0583,08:10:00,2024-11-05
202400038294,07:00,Plein jour,973,97302,2,1,1,7.0,RABAN (ROUTE DE),4.9236,-52.31247,07:00:00,2024-09-29
202400038295,09:30,Plein jour,92,92064,2,1,2,3.0,GENERAL LECLERC,48.84167735,2.20709074,09:30:00,2024-06-18
202400038296,18:20,Plein jour,92,92050,2,1,1,6.0,VAILLANT COUTURIER PAUL RUE,48.87803,2.2155,18:20:00,2024-06-18
202400038297,08:30,Plein jour,971,97101,1,1,1,2.0,JEAN  IGNACE (RUE) ,16.24821,-61.51902,08:30:00,2024-11-05
202400038298,09:45,Plein jour,92,92050,2,1,1,6.0,JOLIOT CURIE F. ET IRENE AVENUE  N°PAIRS,48.89129,2.20781,09:45:00,2024-06-18
202400038299,00:01,Nuit sans éclairage,69,69387,2,2,1,3.0,Avenue Berthelot,45.74782,4.8335,00:01:00,2024-10-01
202400038300,17:10,Plein jour,92,92020,2,1,1,3.0,VANVES BOULEVARD DE N° PAIRS,48.80811,2.28437,17:10:00,2024-06-18
202400038301,19:30,Nuit sans éclairage,2A,2A004,2,1,1,3.0,#Route a Madunuccia#,41.94785,8.77376,19:30:00,2024-11-05
202400038302,18:20,Plein jour,69,69388,2,1,1,2.0,Boulevard des Etats-Unis,45.7375933,4.86120328,18:20:00,2024-09-30
202400038303,17:30,Plein jour,92,92044,2,1,1,7.0,ERNEST COGNACQ(RUE),48.89641011,2.27683032,17:30:00,2024-06-18
202400038304,13:00,Plein jour,2A,2A004,2,9,1,6.0,#15 Route des Milelli#,41.94062,8.73359,13:00:00,2024-11-05
202400038305,07:35,Plein jour,92,92036,2,1,3,4.0,ARGENTEUIL (AVENUE D'),48.93655696,2.25960034,07:35:00,2024-06-18
202400038306,03:00,,2A,2A004,2,1,1,6.0,BONAPARTE CHARLES  BD,41.92912,8.74019,03:00:00,2024-10-27
202400038307,08:20,Plein jour,69,69388,2,2,1,3.0,Rue des Serpollières,45.73298,4.86354,08:20:00,2024-09-30
202400038308,03:58,,92,92025,2,2,1,6.0,SARTROUVILLE (RUE DE ),48.91788643,2.22405919,03:58:00,2024-06-18
202400038309,16:30,Plein jour,92,92025,2,1,1,2.0,PONT DE BEZONS,48.91965498,2.22191459,16:30:00,2024-06-17
202400038310,08:00,Plein jour,91,91216,2,3,5,3.0,GRANDE RUE,48.67847,2.31811,08:00:00,2024-11-05
202400038311,11:50,Plein jour,972,97213,1,1,1,2.0,ROUTE DEPARTEMENTALE 15,14.62854,-61.00808,11:50:00,2024-09-29
202400038312,15:10,Plein jour,92,92012,2,1,1,6.0,QUATRE SEPTEMBRE (QUAI DU),48.84665475,2.2271095,15:10:00,2024-06-18
202400038313,12:15,Plein jour,91,91114,2,2,8,6.0,RUE DE LA REPUBLIQUE,48.6979,2.50672,12:15:00,2024-11-05
202400038314,10:00,Plein jour,92,92012,2,1,2,6.0,JEAN BAPTISTE CLEMENT (AVENUE) 1/47 - 2/,48.84729,2.24033,10:00:00,2024-06-18
202400038315,09:25,Plein jour,91,91174,2,1,5,4.0,BD JEAN JAURES,48.61126,2.46191,09:25:00,2024-11-05
202400038316,09:00,Plein jour,92,92007,2,3,2,2.0,OLIVETTES (RUE DES),48.79905362,2.30562276,09:00:00,2024-06-18
202400038317,01:24,Nuit avec éclairage,972,97209,2,6,1,6.0,ROUTE NATIONALE 1,14.60705,-61.05734,01:24:00,2024-09-30
202400038318,14:27,Plein jour,92,92009,2,7,1,3.0,ALL LOUIS BLERIOT,48.90912702,2.2602666,14:27:00,2024-06-17
202400038319,01:53,,87,87085,2,1,1,6.0,BORIE (BOULEVARD DE LA),45.83712,1.23032,01:53:00,2024-11-03
202400038320,11:22,Plein jour,92,92004,2,7,1,3.0,LOUIS MELOTTE,48.91661418,2.29388103,11:22:00,2024-06-17
202400038321,19:00,,69,69385,2,2,1,4.0,Pont Bonaparte,45.7596,4.82831,19:00:00,2024-09-30
202400038322,08:30,Plein jour,80,80681,1,3,2,3.0,D920,49.764139,2.409973,08:30:00,2024-06-18
202400038323,14:10,Plein jour,84,84007,1,1,1,6.0,C.DE GAULLE (ROCADE),43.94696,4.8406,14:10:00,2024-10-27
202400038324,16:00,Plein jour,57,57569,1,1,1,3.0,Rue de Ritzing,49.41105,6.485463,16:00:00,2024-06-18
202400038325,12:15,Plein jour,76,76526,2,1,1,7.0,3 rue de la meuse,49.809156,1.275766,12:15:00,2024-06-19
202400038326,12:45,Plein jour,971,97101,2,1,1,2.0,BOULEVARD DES HEROS,16.24847277,-61.52594805,12:45:00,2024-09-29
202400038327,06:50,Plein jour,974,97412,2,1,1,7.0,Chemin du Grand Defriche,-21.333013,55.642324,06:50:00,2024-06-19
202400038328,13:30,Plein jour,91,91657,2,3,1,3.0,RUE ANDRE PARDOUX,48.69907,2.43415,13:30:00,2024-09-30
202400038329,20:35,Crépuscule,21,21362,1,1,2,2.0,Autoroute A6 PK 268+400,47.225728,4.589447,20:35:00,2024-06-16
202400038330,14:30,Plein jour,77,77186,1,1,1,6.0,RD152 de l'obélisque à panneau ONF,48.35531,2.6187,14:30:00,2024-11-04
202400038331,04:20,Nuit sans éclairage,06,06037,1,1,1,6.0,Route Departementale 12,43.741139,6.896029,04:20:00,2024-05-05
202400038332,17:00,Plein jour,91,91514,2,1,1,7.0,CD 33,48.67502,2.52488,17:00:00,2024-09-29
202400038333,11:30,Plein jour,72,72181,2,1,1,6.0,PATTON GENERAL RTE ST-AUBIN A AV RUBILLA,47.9929,0.17257,11:30:00,2024-11-05
202400038334,13:45,Plein jour,47,47233,1,1,1,1.0,Départementale 3,44.52411,0.091066,13:45:00,2024-06-18
202400038335,17:50,,71,71306,2,1,1,3.0,PIERRE DE COUBERTIN (RUE),46.67998,4.38562,17:50:00,2024-11-04
202400038336,05:55,,91,91432,2,1,1,3.0,AV CHARLES DE GAULLE,48.70532,2.3438,05:55:00,2024-09-30
202400038337,09:40,Plein jour,62,62734,2,9,1,6.0,Rue du 11 Novembre,50.289756,2.991003,09:40:00,2024-06-19
202400038338,07:40,Crépuscule,89,89387,2,1,1,3.0,LORRACH (AVENUE DE),48.19327,3.30422,07:40:00,2024-09-30
202400038339,13:20,Plein jour,70,70550,2,3,1,3.0,Boulevard Kennedy,47.62927,6.17235,13:20:00,2024-10-30
202400038340,14:54,Plein jour,87,87050,2,1,1,6.0,BUXEROLLES (ROUTE DE),45.86999,1.25731,14:54:00,2024-09-29
202400038341,01:20,Nuit sans éclairage,32,32131,1,1,1,7.0,D953,44.017031,0.799668,01:20:00,2024-06-14
202400038342,21:50,Nuit sans éclairage,69,69199,1,9,5,3.0,Boulevard Pierre Sémard,45.69448884,4.84429911,21:50:00,2024-11-04
202400038343,19:00,Plein jour,71,71401,1,2,1,3.0,D996,46.544897,5.245387,19:00:00,2024-06-19
202400038344,10:50,Plein jour,87,87085,2,2,1,6.0,STALINGRAD (PLACE),45.83218013,1.25834852,10:50:00,2024-09-27
202400038345,17:15,Plein jour,12,12224,2,1,1,6.0,route des monts d'aubrac,44.464805,2.965378,17:15:00,2024-06-17
202400038346,18:00,,67,67482,2,1,1,1.0,ALPHONSE ADAM (RUE),48.544598,7.76593,18:00:00,2024-11-05
202400038347,08:30,Plein jour,68,68135,1,1,1,7.0,D473,47.56962797,7.49854892,08:30:00,2024-06-18
202400038348,13:20,Plein jour,83,83062,2,3,1,3.0,SCHWEITZER,43.15031,6.04057,13:20:00,2024-09-30
202400038349,11:00,Plein jour,26,26126,1,1,1,3.0,Route du Col Saint Jean,44.247036,5.614518,11:00:00,2024-06-16
202400038350,16:20,Plein jour,67,67482,2,3,1,3.0,SCHOEPFLIN (QUAI),48.5867,7.75123,16:20:00,2024-11-05
202400038351,08:30,Plein jour,83,83129,2,3,1,3.0,KENNEDY(AVENUE J.)N° PAIRS après 2742,43.10817696,5.84397194,08:30:00,2024-09-30
202400038352,09:37,Plein jour,73,73121,1,6,1,3.0,D69,45.62409973,6.32264659,09:37:00,2024-06-16
202400038353,11:35,Plein jour,67,67482,2,1,8,6.0,MARECHAL DE LATTRE DE TASSIGNY (RUE DU),48.57601,7.75353,11:35:00,2024-11-04
202400038354,15:55,Plein jour,82,82033,2,1,1,7.0,Route de Toulouse,44.03318622,1.121786,15:55:00,2024-09-30
202400038355,10:00,Plein jour,10,10033,2,1,1,6.0,Rue du Moulin d’En Bas,48.231462,4.699321,10:00:00,2024-06-18
202400038356,17:10,Plein jour,65,65440,2,1,1,6.0,Chemin de l’Ormeau,43.22788925,0.07569698,17:10:00,2024-11-05
202400038357,17:45,Plein jour,07,07327,2,1,7,1.0,Route de Volpillières,44.521127,4.323506,17:45:00,2024-06-18
202400038358,19:00,Crépuscule,64,64445,2,3,1,3.0,boulevard du recteur Jean Sarrailh,43.3107537,-0.36737524,19:00:00,2024-11-05
202400038359,11:09,Plein jour,40,40222,1,1,1,1.0,1297 Route de Tyrosse,43.624985,-1.215946,11:09:00,2024-06-18
202400038360,18:05,,64,64445,2,1,1,6.0,MARCA,43.29507,-0.37696,18:05:00,2024-11-04
202400038361,16:50,Plein jour,27,27679,2,2,1,6.0,rn12,48.734703,0.934728,16:50:00,2024-06-11
202400038362,18:25,Plein jour,80,80021,2,2,8,3.0,Avenue de l'Europe,49.911666,2.302504,18:25:00,2024-09-30
202400038363,10:40,Plein jour,30,30053,1,1,1,7.0,D7,43.99973,4.222097,10:40:00,2024-06-18
202400038364,17:40,Plein jour,64,64122,2,1,1,1.0,LA NEGRESSE (CARREFOUR DE LA),43.45956,-1.54766,17:40:00,2024-11-05
202400038365,21:20,,76,76540,2,1,8,3.0,Route du Havre,49.45032,1.06033,21:20:00,2024-09-30
202400038366,13:50,Plein jour,987,98734,1,1,1,1.0,RT1 PK32,-17.755226,-149.522724,13:50:00,2024-06-17
202400038367,07:45,Crépuscule,59,59410,2,9,1,6.0,Rue Colbert,50.634998,3.10181,07:45:00,2024-11-05
202400038368,20:10,,71,71270,2,3,1,1.0,BIGONNET (RUE),46.30120108,4.82495874,20:10:00,2024-09-28
202400038369,18:30,Nuit sans éclairage,56,56260,2,1,1,6.0,Rue Francis Decker,47.65506,-2.75587,18:30:00,2024-11-05
202400038370,17:20,Plein jour,49,49045,1,1,1,5.0,"D767, point routier 27+800",47.357897,0.026178,17:20:00,2024-06-18
202400038371,20:25,,69,69271,2,1,1,1.0,93 Route de Lyon,45.73849,4.9672,20:25:00,2024-09-29
202400038372,19:16,,56,56098,2,4,8,3.0,Rue Général de Bollardière,47.77789,-3.34142,19:16:00,2024-11-04
202400038373,12:04,Plein jour,978,97801,2,9,1,2.0,RN7 - Quartier Orléans,18.065729,-63.038397,12:04:00,2024-06-19
202400038374,10:47,Plein jour,69,69091,2,1,2,7.0,Chemin de la Rama,45.57623,4.74724,10:47:00,2024-09-28
202400038375,19:30,Plein jour,38,38397,1,1,1,7.0,A41s - PK 005.000,45.23606643,5.83841801,19:30:00,2024-06-18
202400038376,10:33,Plein jour,56,56121,2,6,1,3.0,Rond-point du Nouveau-Brunswick,47.74439,-3.39522,10:33:00,2024-11-04
202400038377,15:48,Plein jour,68,68066,1,3,1,3.0,Rue du Ladhof,48.10637,7.38924,15:48:00,2024-09-30
202400038378,18:50,Plein jour,91,91319,1,1,1,6.0,"Aire de repos de LIMOURS-JANVRY, A10, PK 005+000 direction province",48.637787,2.148063,18:50:00,2024-06-19
202400038379,19:05,,54,54395,2,3,5,6.0,Place Carnot,48.69363,6.17802,19:05:00,2024-11-05
202400038380,11:25,Plein jour,62,62040,2,1,3,3.0,D211,50.73555604,2.29047223,11:25:00,2024-09-27
202400038381,18:00,Nuit sans éclairage,988,98821,1,1,1,6.0,Echangeur Arène-Zipad Voie accès VE2,-22.145476,166.364465,18:00:00,2024-06-16
202400038382,08:17,Plein jour,974,97418,1,1,1,2.0,RN2 15+200,-20.898228,55.562721,08:17:00,2024-06-19
202400038383,09:30,Plein jour,59,59360,2,1,1,3.0,AVINEE EUGENE AVENUE,50.604654,3.031368,09:30:00,2024-09-30
202400038384,19:54,,54,54323,2,3,1,6.0,Rue de Metz,49.51236,5.76178,19:54:00,2024-11-05
202400038385,09:00,Plein jour,971,97134,2,1,1,6.0,Place Nathalien Etna,16.059794,-61.764067,09:00:00,2024-06-19
202400038386,17:29,Plein jour,57,57672,2,3,1,6.0,CYGNE (RUE DU),49.3582,6.16443,17:29:00,2024-09-27
202400038387,17:40,,51,51454,2,1,1,6.0,VAUBAN (RUE),49.22542,4.0287,17:40:00,2024-11-04
202400038388,08:25,Plein jour,77,77364,1,1,3,7.0,D27,49.004752,2.784991,08:25:00,2024-06-18
202400038389,20:40,,56,56098,2,1,1,6.0,66 Avenue Ambroise Croizat,47.77333,-3.34743,20:40:00,2024-09-27
202400038390,17:20,,51,51454,2,1,1,7.0,LABERTE (RUE ADOLPHE),49.28427,4.02567,17:20:00,2024-11-04
202400038391,18:25,Plein jour,54,54395,2,1,1,6.0,Rue du Placieux,48.67740773,6.16665602,18:25:00,2024-09-29
202400038392,22:27,Plein jour,77,77129,1,1,1,6.0,Avenue de Coulombs,49.081273,3.097823,22:27:00,2024-06-18
202400038393,00:30,Nuit sans éclairage,49,49328,1,1,8,1.0,RD 347,47.24831,-0.1041,00:30:00,2024-10-26
202400038394,22:14,,51,51454,2,2,1,3.0,NEUFCHATEL (RUE DE) DU N°40 A FIN (PAIR),49.27626,4.02683,22:14:00,2024-09-29
202400038395,11:35,Plein jour,77,77508,1,1,1,1.0,D231,48.821107,2.841253,11:35:00,2024-06-19
202400038396,21:05,,51,51454,2,1,1,2.0,CHAMPAGNE  (  AVENUE),49.23072,4.03432,21:05:00,2024-09-29
202400038397,08:28,Crépuscule,49,49267,1,1,5,4.0,A87N,47.4828,-0.49883,08:28:00,2024-11-04
202400038398,19:40,Plein jour,66,66037,2,2,1,3.0,Route de la Crouste,42.704476,3.021454,19:40:00,2024-06-18
202400038399,11:04,Plein jour,83,83119,2,1,1,6.0,Place de la Croix de Fer,43.269454,6.636086,11:04:00,2024-06-17
202400038400,19:25,,47,47001,2,1,1,6.0,BARBUSSE (AV. HENRI),44.20583,0.62973,19:25:00,2024-11-05
202400038401,06:00,,51,51474,2,1,8,1.0,TONDEURS (BOULEVARD DES),49.27875,4.0039,06:00:00,2024-09-29
202400038402,04:59,Nuit sans éclairage,13,13004,1,1,1,1.0,D36,43.543011,4.687171,04:59:00,2024-06-19
202400038403,17:35,Plein jour,50,50147,2,2,1,3.0,GEOFFROY DE MONTBRAY,49.04083,-1.44682,17:35:00,2024-09-30
202400038404,16:15,Plein jour,26,26165,1,1,1,2.0,A7 pk 85+900,44.801418,4.84842,16:15:00,2024-06-19
202400038405,06:35,,50,50129,2,1,1,7.0,LECLERC (RUE DU MARECHAL)),49.63596,-1.63544,06:35:00,2024-09-28
202400038406,18:40,Plein jour,58,58160,1,1,2,1.0,Route de Tazieres,47.003861,3.094904,18:40:00,2024-06-19
202400038407,18:00,Plein jour,47,47032,2,1,1,6.0,Denis Papin (Rue),44.18387,0.68019,18:00:00,2024-09-30
202400038408,06:35,Plein jour,57,57481,1,6,1,6.0,D181,49.214009,6.027052,06:35:00,2024-06-08
202400038409,16:15,Plein jour,45,45004,2,1,2,1.0,476 Rue des Hautes Varennes,47.98964,2.75715,16:15:00,2024-09-26
202400038410,15:15,Plein jour,42,42031,1,1,1,3.0,Route de Saint-Maurice,45.40565,4.23613,15:15:00,2024-11-05
202400038411,08:00,Plein jour,26,26038,1,2,7,1.0,D532,45.052438,4.947731,08:00:00,2024-06-18
202400038412,17:55,Plein jour,44,44109,2,1,1,3.0,Boulevard de la Prairie de Mauves,47.22522,-1.49674,17:55:00,2024-09-30
202400038413,20:44,,38,38185,2,1,2,3.0,ROUTE DE LYON,45.19622,5.7189,20:44:00,2024-11-05
202400038414,18:30,Plein jour,07,07145,1,1,1,3.0,Route de l’Echelette,44.61029835,4.45065414,18:30:00,2024-06-19
202400038415,09:00,Plein jour,44,44190,2,1,2,7.0,38 Rue du Général De Gaulle,47.20775833,-1.49937451,09:00:00,2024-09-30
202400038416,09:20,Plein jour,69,69243,2,2,1,6.0,48 Rue de la République,45.895497,4.433155,09:20:00,2024-06-19
202400038417,08:00,Plein jour,35,35238,2,3,2,3.0,BERT (PAUL),48.11071,-1.66701,08:00:00,2024-09-30
202400038418,08:20,Crépuscule,38,38053,2,1,1,3.0,D 1006,45.58949,5.25841,08:20:00,2024-11-05
202400038419,17:10,Plein jour,33,33042,2,3,1,3.0,Unknown,44.509671,-0.78777,17:10:00,2024-06-18
202400038420,18:15,Plein jour,35,35238,1,1,2,6.0,PORTE ALMA,48.08106091,-1.67508901,18:15:00,2024-09-26
202400038421,19:15,Plein jour,34,34301,1,1,1,7.0,AGDE (ROUTE DE),43.34326,3.57856,19:15:00,2024-09-26
202400038422,23:00,Nuit sans éclairage,35,35360,1,1,1,1.0,D178,48.120038,-1.232593,23:00:00,2024-06-08
202400038423,18:00,,35,35238,2,3,5,6.0,LALLEMAND (JULES),48.10056,-1.70561,18:00:00,2024-11-05
202400038424,16:28,Plein jour,33,33167,2,4,1,3.0,Unknown,44.82064,-0.53163,16:28:00,2024-09-30
202400038425,16:40,Plein jour,60,60542,2,2,1,1.0,D12,49.405022,2.182326,16:40:00,2024-06-18
202400038426,12:20,Plein jour,34,34172,2,9,8,3.0,RUE MAURICE BEJART,43.61822,3.82326,12:20:00,2024-11-04
202400038427,14:00,Plein jour,29,29232,2,9,1,2.0,Rond-Point de l'Eau Blanche,47.99017504,-4.0736759,14:00:00,2024-09-30
202400038428,22:30,Nuit sans éclairage,59,59012,1,1,1,1.0,Rue de Trélon,49.995098,4.095615,22:30:00,2024-06-15
202400038429,17:45,Plein jour,59,59523,2,6,1,7.0,Rue des Saules,50.589224,3.135996,17:45:00,2024-06-19
202400038430,09:10,Plein jour,13,13117,1,1,2,2.0,A7-Sens Marseille vers Lyon,43.43899407,5.25078535,09:10:00,2024-06-18
202400038431,17:35,Plein jour,27,27229,2,3,2,3.0,BUZOT (RUE),49.02622,1.15774,17:35:00,2024-09-29
202400038432,20:05,,26,26362,2,1,1,3.0,Rue Jean Perrin,44.939279,4.923748,20:05:00,2024-09-30
202400038433,18:40,,33,33522,2,4,1,3.0,Unknown,44.78932536,-0.59070289,18:40:00,2024-11-05
202400038434,10:15,Plein jour,17,17415,2,2,1,1.0,DOUMER ROCADE COTE BEAUTE COURS PAUL,45.74622,-0.66464,10:15:00,2024-09-30
202400038435,08:02,Plein jour,13,13026,1,1,1,2.0,A55-Sens Marseille vers Martigues,43.40032,5.10123,08:02:00,2024-06-18
202400038436,18:00,Plein jour,10,10387,2,1,1,3.0,Av du Mal de Lattre de Tassigny,48.30439,4.09517,18:00:00,2024-09-28
202400038437,13:04,Plein jour,08,08105,2,1,2,3.0,Unknown,49.74122,4.71378,13:04:00,2024-09-30
202400038438,08:40,Plein jour,33,33069,2,2,1,3.0,Avenue Victor Hugo,44.86501,-0.59062,08:40:00,2024-11-05
202400038439,07:20,Crépuscule,75,75120,2,1,1,3.0,BD PERIPHERIQUE INTERIEUR,48.849206,2.414929,07:20:00,2024-09-30