Num_Acc,hrmn,lum,dep,com,agg,int,atm,col,adr,lat,long,heure,date
202400038440,17:40,Plein jour,13,13005,1,1,1,3.0,A50 - Sens Aubagne vers Marseille,43.27733491,5.58710982,17:40:00,2024-06-17
202400038441,06:23,,29,29232,2,1,2,7.0,Boulevard Dupleix,47.994816,-4.100484,06:23:00,2024-11-05
202400038442,20:00,,75,75117,2,1,1,5.0,BD PERIPHERIQUE INTERIEUR,48.900558,2.32762,20:00:00,2024-09-29
202400038443,05:00,,75,75115,2,1,1,2.0,BD PERIPHERIQUE INTERIEUR,48.826761,2.295778,05:00:00,2024-09-29
202400038444,08:10,Plein jour,13,13210,1,1,1,2.0,A50-Sens Aubagne vers Marseille,43.2852542,5.42356858,08:10:00,2024-06-17
202400038445,18:27,Crépuscule,75,75104,2,1,1,3.0,RUE DE RIVOLI,48.855595,2.3597,18:27:00,2024-09-29
202400038446,18:25,,26,26058,2,1,8,3.0,Rue Jean Bart,44.95245855,4.88773584,18:25:00,2024-11-05
202400038447,11:00,Plein jour,75,75119,2,2,2,6.0,RUE DE CRIMEE,48.895288,2.372088,11:00:00,2024-09-30
202400038448,06:45,Plein jour,83,83069,1,1,1,6.0,A570,43.12574728,6.08765323,06:45:00,2024-06-18
202400038449,08:05,Plein jour,75,75119,2,2,8,7.0,AVENUE JEAN JAURES,48.885,2.382,08:05:00,2024-09-30
202400038450,11:30,Plein jour,75,75117,2,7,1,3.0,PLACE DU MARECHAL JUIN,48.885345,2.297094,11:30:00,2024-09-30
202400038451,12:05,Plein jour,33,33249,1,1,1,3.0,Unknown,44.872865,-0.506376,12:05:00,2024-06-18
202400038452,17:00,Plein jour,19,19031,2,3,1,3.0,ZOLA (AVENUE EMILE),45.15683,1.52797,17:00:00,2024-11-04
202400038453,16:40,Plein jour,75,75116,2,2,1,2.0,RUE DE BOULAINVILLIERS,48.854172,2.275551,16:40:00,2024-09-30
202400038454,13:25,Plein jour,75,75113,2,2,2,6.0,RUE DE TOLBIAC,48.82847,2.37295,13:25:00,2024-09-30
202400038455,16:15,Plein jour,59,59378,1,1,1,2.0,ROUTE NATIONALE 356,50.65264,3.1048,16:15:00,2024-06-17
202400038456,12:15,Plein jour,75,75113,2,3,2,3.0,BOULEVARD AUGUSTE BLANQUI,48.830346,2.347015,12:15:00,2024-09-30
202400038457,01:20,Nuit sans éclairage,59,59462,1,1,2,2.0,AUTOROUTE A1,50.50581,3.02011,01:20:00,2024-06-14
202400038458,19:10,,94,94081,2,2,2,6.0,Avenue de l'Abbé Roger Derry,48.790634,2.39271,19:10:00,2024-09-30
202400038459,18:25,,17,17291,1,1,1,4.0,N11,46.17419,-1.11278,18:25:00,2024-11-05
202400038460,07:50,Plein jour,78,78238,1,1,3,2.0,A13,48.96958,1.86667,07:50:00,2024-06-18
202400038461,13:30,Plein jour,94,94046,2,1,1,6.0,Avenue du Général Leclerc,48.81478,2.42251,13:30:00,2024-09-30
202400038462,16:15,Plein jour,92,92063,1,1,1,2.0,A86,48.87817333,2.16337162,16:15:00,2024-06-17
202400038463,23:50,,94,94046,2,1,1,2.0,Avenue du Général Leclerc,48.80821,2.4364,23:50:00,2024-09-28
202400038464,17:40,Plein jour,16,16015,2,1,1,1.0,Unknown,45.63104297,0.17394394,17:40:00,2024-11-04
202400038465,10:00,Plein jour,95,95277,1,1,2,2.0,A3,48.98015842,2.49808344,10:00:00,2024-06-18
202400038466,18:34,Plein jour,94,94017,2,1,1,2.0,Boulevard Gabriel Péri,48.82091269,2.50725412,18:34:00,2024-09-30
202400038467,04:00,Nuit sans éclairage,93,93078,1,1,1,2.0,A104,48.96742731,2.51064901,04:00:00,2024-06-18
202400038468,20:00,,93,93066,2,4,2,6.0,AMPERE,48.92394,2.34247,20:00:00,2024-09-30
202400038469,15:10,Plein jour,13,13103,2,2,1,3.0,AVENUE FABRE -JULIEN,43.64138,5.10302,15:10:00,2024-11-04
202400038470,21:00,Plein jour,93,93008,1,1,1,3.0,A86,48.90666784,2.4571234,21:00:00,2024-06-17
202400038471,16:10,Plein jour,93,93010,2,2,1,2.0,PARIS (RUE DE),48.90382583,2.47059274,16:10:00,2024-09-29
202400038472,18:35,Plein jour,93,93010,1,1,1,2.0,A3,48.88893243,2.47376801,18:35:00,2024-06-17
202400038473,09:30,Plein jour,13,13103,2,1,1,2.0,AVENUE MICHELET,43.640484,5.08464357,09:30:00,2024-11-04
202400038474,13:50,Plein jour,93,93005,1,1,1,3.0,A3,48.95806366,2.47335653,13:50:00,2024-06-17
202400038475,15:00,Plein jour,93,93079,2,3,1,1.0,SAINT LEU (ROUTE),48.94745176,2.34461395,15:00:00,2024-09-30
202400038476,00:52,,93,93079,2,1,2,6.0,JULES FERRY,48.95561,2.33364,00:52:00,2024-09-30
202400038477,00:01,Nuit sans éclairage,93,93007,1,9,1,3.0,A1,48.95367931,2.45533367,00:01:00,2024-06-16
202400038478,00:21,,13,13205,2,7,1,6.0,JEAN MOULIN (BOULEVARD),43.29,5.4,00:21:00,2024-11-06
202400038479,17:40,Plein jour,77,77122,1,1,1,5.0,RN104,48.664498,2.61318,17:40:00,2024-06-17
202400038480,09:00,Plein jour,92,92075,2,1,1,4.0,MARY BESSEYRE (RUE),48.82154638,2.28963733,09:00:00,2024-09-30
202400038481,11:20,Plein jour,92,92064,2,9,1,7.0,ST CLOUD,48.84132311,2.22334385,11:20:00,2024-09-30
202400038482,11:30,Plein jour,77,77169,1,1,1,2.0,A4.Y,48.832553,2.597018,11:30:00,2024-06-17
202400038483,11:50,Plein jour,92,92047,1,1,8,7.0,PORTE VERTE,48.83412493,2.18529135,11:50:00,2024-09-29
202400038484,09:20,Plein jour,44,44109,2,3,1,3.0,122 Boulevard EErnest Dalby,47.22157557,-1.53119098,09:20:00,2024-05-31
202400038485,08:13,Plein jour,92,92063,2,1,1,3.0,ESTIENNE D'ORVES (RUE D'),48.88829183,2.1791929,08:13:00,2024-09-30
202400038486,18:31,,13,13216,2,1,1,1.0,JEAN LABRO (BOULEVARD),43.35435,5.34075,18:31:00,2024-11-05
202400038487,15:20,Plein jour,44,44114,2,6,1,3.0,Boulevard Mendès France,47.2638506,-1.59659566,15:20:00,2024-05-29
202400038488,12:50,Plein jour,92,92063,2,1,1,1.0,BESCHE (RUE JEAN-BAPTISTE),48.88338782,2.18489997,12:50:00,2024-09-29
202400038489,09:38,Plein jour,44,44109,2,1,1,2.0,Rue de l'Ile Botty,47.1909457,-1.61410078,09:38:00,2024-05-28
202400038490,07:39,Crépuscule,11,11262,2,6,3,6.0,1 Rue Emile Eudes,43.18277,2.97979,07:39:00,2024-11-05
202400038491,08:50,Plein jour,92,92036,2,1,8,2.0,PRINCIPALE DU PORT (ROUTE) (19/+),48.93755749,2.2761637,08:50:00,2024-09-30
202400038492,09:00,Plein jour,44,44114,2,1,1,7.0,Avenue de la Paquelais,47.24878908,-1.60569752,09:00:00,2024-05-27
202400038493,12:20,Plein jour,92,92004,2,2,1,3.0,GRESILLONS ( AVENUE DES  ),48.9208061,2.31775509,12:20:00,2024-09-30
202400038494,01:45,Nuit sans éclairage,44,44190,1,1,8,7.0,Unknown,47.1928656,-1.48784792,01:45:00,2024-04-24
202400038495,07:34,Crépuscule,11,11262,2,1,2,6.0,2 Rue Emile Eudes,43.18277,2.97979,07:34:00,2024-11-05
202400038496,15:40,Plein jour,37,37035,1,4,2,6.0,Bisseuil,46.998223,0.318223,15:40:00,2024-10-01
202400038497,07:30,Plein jour,976,97611,2,4,2,1.0,kaweni-Pendu (Place),-12.75861,45.23097,07:30:00,2024-06-17
202400038498,09:38,Plein jour,38,38019,1,1,1,5.0,Route Nationale 7,45.44215,4.82082,09:38:00,2024-09-30
202400038499,17:45,Nuit sans éclairage,11,11069,2,3,1,3.0,Unknown,43.23512,2.37233,17:45:00,2024-11-04
202400038500,06:10,Nuit sans éclairage,06,06149,1,1,1,7.0,237 Route de Laghet,43.748405,7.367706,06:10:00,2024-09-30
202400038501,14:47,Plein jour,02,02615,1,1,8,7.0,A26,49.917934,3.233172,14:47:00,2024-10-01
202400038502,23:30,Nuit sans éclairage,973,97302,2,1,2,7.0,SOURCE DE BADUEL (CHEMIN DE LA),4.92557912,-52.30859381,23:30:00,2024-06-16
202400038503,19:00,,06,06030,2,9,1,3.0,49 Avenue Maurice Jeanpierre,43.579,7.006,19:00:00,2024-11-04
202400038504,16:45,Plein jour,63,63305,2,1,2,6.0,Route d'Orcival,45.69130817,2.81112864,16:45:00,2024-09-27
202400038505,22:15,,973,97302,2,3,2,1.0,BOUDINOT (AUGUSTE) CITE THEMIRE,4.93324823,-52.31955099,22:15:00,2024-06-16
202400038506,14:00,Plein jour,22,22243,1,3,7,3.0,"Intersection  rd 787 / rd 99,  pr 31+482 le pont du bourg neuf",48.378545,-3.472924,14:00:00,2024-10-01
202400038507,17:39,Plein jour,973,97302,2,1,2,3.0,SOURCE DE BADUEL (CHEMIN DE LA),4.92786,-52.30832,17:39:00,2024-06-16
202400038508,09:05,Plein jour,59,59162,1,1,2,2.0,17 Voie Romaine,50.921252,2.378835,09:05:00,2024-09-30
202400038509,17:30,,75,75120,2,1,1,3.0,BOULEVARD PERIPHERIQUE INTERIEUR NORD  ,48.849206,2.414929,17:30:00,2024-11-05
202400038510,08:57,Plein jour,69,69383,1,1,1,3.0,Cours Lafayette,45.76359534,4.85093551,08:57:00,2024-06-17
202400038511,17:13,Plein jour,34,34282,1,1,1,3.0,A750,43.629428,3.677244,17:13:00,2024-09-30
202400038512,17:50,Plein jour,69,69149,2,9,1,6.0,137 Rue Emile Zola,45.72067,4.79732,17:50:00,2024-06-17
202400038513,17:20,Plein jour,41,41238,1,1,1,7.0,D5,47.871396,0.83745,17:20:00,2024-10-01
202400038514,15:12,Plein jour,75,75114,2,1,1,2.0,BOULEVARD PERIPHERIQUE EXTERIEUR SUD,48.820818,2.321801,15:12:00,2024-11-05
202400038515,11:50,Plein jour,56,56190,2,1,2,6.0,Rue du Général de Gaulle,47.974575,-2.743312,11:50:00,2024-09-30
202400038516,07:45,Plein jour,75,75118,2,1,1,7.0,ECHANGEUR SAINT OUEN,48.900513,2.331957,07:45:00,2024-11-05
202400038517,10:10,Plein jour,31,31541,1,6,1,1.0,Chemin Bel Air,43.673079,1.361411,10:10:00,2024-09-30
202400038518,14:00,Plein jour,75,75108,2,3,1,6.0,RUE DE SAINT PETERSBOURG,48.879944,2.324138,14:00:00,2024-11-05
202400038519,06:30,Crépuscule,71,71190,1,1,8,6.0,Route de Molinot,46.99396,4.543973,06:30:00,2024-10-01
202400038520,13:23,Plein jour,2B,2B120,1,1,1,3.0,11 - RT,42.6565,9.44074,13:23:00,2024-06-17
202400038521,22:45,Nuit sans éclairage,89,89306,1,1,1,6.0,D606,47.502069,3.884954,22:45:00,2024-09-28
202400038522,06:54,,75,75112,2,3,1,6.0,BOULEVARD DE BERCY,48.83988,2.382296,06:54:00,2024-11-05
202400038523,23:15,,12,12208,2,1,1,6.0,300 Route de Couat,43.946511,2.891956,23:15:00,2024-09-30
202400038524,19:00,Plein jour,91,91201,2,1,2,3.0,AV DES LILAS,48.68416,2.39215,19:00:00,2024-06-17
202400038525,08:25,Crépuscule,75,75115,2,2,8,6.0,RUE DU THEATRE,48.848109,2.290132,08:25:00,2024-11-05
202400038526,16:05,Plein jour,47,47306,1,1,1,3.0,550 route de lembrun,44.383364,0.538534,16:05:00,2024-09-30
202400038527,23:05,,87,87085,2,1,1,6.0,BLANC LOUIS (BOULEVARD),45.82753,1.26056,23:05:00,2024-06-15
202400038528,18:40,Plein jour,41,41016,1,2,2,1.0,D956,47.307568,1.506227,18:40:00,2024-09-18
202400038529,08:55,Plein jour,77,77350,1,1,1,6.0,DEPARTEMENTALE 1004,48.75683,2.67221,08:55:00,2024-06-17
202400038530,11:00,Plein jour,86,86083,2,1,3,7.0,D611,46.487113,0.19063,11:00:00,2024-10-01
202400038531,13:40,Plein jour,75,75114,2,1,1,3.0,RUE D ALESIA,48.831382,2.316068,13:40:00,2024-11-04
202400038532,21:30,Crépuscule,77,77251,2,1,2,3.0,AV RENE CASSIN,48.62924,2.56142,21:30:00,2024-06-16
202400038533,18:15,Plein jour,25,25320,1,1,8,1.0,route départementale 9,46.780928,6.297795,18:15:00,2024-09-30
202400038534,19:30,Plein jour,77,77449,2,1,3,6.0,CRS DU DANUBE,48.85507,2.77525,19:30:00,2024-06-17
202400038535,02:10,,76,76351,2,1,1,6.0,GUILLEMARD,49.49814,0.09424,02:10:00,2024-06-16
202400038536,13:53,Plein jour,29,29068,1,1,3,6.0,Route de Saint Thegonnec,48.520563,-3.998787,13:53:00,2024-09-23
202400038537,19:38,,75,75108,2,1,1,3.0,RUE LA BOETIE,48.870959,2.306276,19:38:00,2024-11-05
202400038538,11:25,Plein jour,76,76351,2,1,1,1.0,POMMIERS (DES),49.5105,0.0901,11:25:00,2024-06-15
202400038539,14:30,Plein jour,29,29117,1,1,1,1.0,Lieu Dit Keruzal,48.56952717,-4.56780195,14:30:00,2024-09-30
202400038540,17:50,Plein jour,76,76270,1,1,3,2.0,RD 6382,49.52981,0.14645,17:50:00,2024-06-15
202400038541,21:50,Nuit sans éclairage,31,31399,1,1,1,6.0,Route de Toulouse,43.345912,1.262848,21:50:00,2024-09-30
202400038542,09:00,Plein jour,75,75108,2,1,1,3.0,RUE DE COURCELLES,48.874424,2.309831,09:00:00,2024-11-05
202400038543,17:15,Plein jour,72,72181,2,2,2,3.0,LATHAM HUBERT (RUE),47.96735,0.20677,17:15:00,2024-06-16
202400038544,16:50,Plein jour,83,83007,2,1,1,1.0,109 Route de Verignon,43.632336,6.220059,16:50:00,2024-09-30
202400038545,18:00,Crépuscule,64,64160,1,1,1,1.0,RD 932,43.348728,-1.408288,18:00:00,2024-09-30
202400038546,12:30,Plein jour,71,71309,2,1,1,5.0,CHANOINE LAFOREST (GRANDE RUE),46.78953,4.39613,12:30:00,2024-06-17
202400038547,15:30,Plein jour,75,75108,2,2,1,6.0,RUE DE L ARCADE,48.873306,2.324303,15:30:00,2024-11-04
202400038548,19:20,Crépuscule,18,18054,2,1,1,3.0,17 Route de Cornusse,46.900334,2.748065,19:20:00,2024-09-30
202400038549,01:35,,69,69259,2,3,1,6.0,Boulevard Irène Joliot Curie,45.7116,4.8813,01:35:00,2024-06-16
202400038550,15:30,Plein jour,18,18139,1,1,1,7.0,Unknown,47.075295,3.011026,15:30:00,2024-09-30
202400038551,15:15,Plein jour,69,69091,2,1,1,6.0,1 Quai Georges Lévy,45.5862,4.77249,15:15:00,2024-06-17
202400038552,10:00,Plein jour,36,36088,2,6,2,7.0,Rue d’Estienne d’Orves,46.953488,1.992935,10:00:00,2024-10-01
202400038553,12:00,Plein jour,75,75103,2,7,1,3.0,RUE DU TEMPLE,48.867344,2.363375,12:00:00,2024-11-04
202400038554,18:00,Plein jour,07,07346,2,1,1,6.0,Faubourg Saint Jacques,44.48439,4.685513,18:00:00,2024-09-30
202400038555,23:50,,67,67447,2,2,1,3.0,PIERRE MENDES FRANCE (AVENUE),48.60311,7.75685,23:50:00,2024-06-17
202400038556,20:14,,75,75101,2,2,1,3.0,BOULEVARD DE SEBASTOPOL,48.860074,2.349098,20:14:00,2024-11-03
202400038557,01:00,Nuit sans éclairage,38,38185,1,1,1,2.0,AUTOROUTE A 480,45.17468493,5.70210136,01:00:00,2024-12-11
202400038558,08:35,Plein jour,66,66136,2,1,1,6.0,Boulevard John-Fitzgerald Kennedy,42.68977,2.90254,08:35:00,2024-06-17
202400038559,13:25,Plein jour,35,35238,2,9,8,3.0,ROOSEVELT (BD FRANKLIN),48.09591,-1.66144,13:25:00,2024-12-11
202400038560,14:45,Plein jour,94,94068,2,2,1,1.0,Boulevard des Corneilles,48.785756,2.49215,14:45:00,2024-11-04
202400038561,13:35,Plein jour,64,64445,2,1,1,2.0,PAIX,43.32134,-0.35922,13:35:00,2024-06-17
202400038562,08:00,,35,35051,2,1,1,6.0,DOMLOUP (ROUTE DE),48.1137719,-1.5908169,08:00:00,2024-12-11
202400038563,16:30,Plein jour,59,59390,2,1,1,6.0,D645,50.33662,3.20395,16:30:00,2024-06-14
202400038564,11:07,Plein jour,94,94022,2,8,1,3.0,Avenue Gambetta,48.7644,2.40547,11:07:00,2024-11-04
202400038565,08:10,,35,35238,2,4,1,3.0,MONNAIE ( DE LA),48.11023,-1.68459,08:10:00,2024-12-11
202400038566,08:50,Crépuscule,94,94017,2,1,1,6.0,Rue de Verdun,48.81563,2.49041,08:50:00,2024-11-05
202400038567,18:20,,34,34129,2,1,1,5.0,EUROPE (AVENUE DE L'),43.57021,3.90184,18:20:00,2024-12-11
202400038568,16:00,Plein jour,93,93072,2,1,1,3.0,ARISTIDE BRIAND (AVENUE) COTE DES N°1A87,48.96299062,2.37626553,16:00:00,2024-11-05
202400038569,13:55,Plein jour,34,34032,2,1,1,7.0,CLEMENCEAU GEORGES (AVENUE),43.35141,3.22367,13:55:00,2024-12-10
202400038570,07:40,Plein jour,59,59574,2,1,1,6.0,FRANCE ANATOLE(RUE),50.36045,3.27352,07:40:00,2024-06-14
202400038571,21:00,,33,33167,2,6,1,7.0,Unknown,44.843315,-0.503778,21:00:00,2024-12-11
202400038572,22:50,,93,93071,2,1,1,5.0,BALLANGER ROBERT (AVENUE),48.93617042,2.53136989,22:50:00,2024-11-04
202400038573,01:15,Nuit sans éclairage,55,55505,2,1,1,7.0,CHEMINOTS (DES ),49.1708,5.3612,01:15:00,2024-06-16
202400038574,13:10,Plein jour,31,31555,2,2,8,3.0,CHE HENRI BESSEMER,43.618218,1.423787,13:10:00,2024-12-11
202400038575,09:30,Plein jour,93,93070,2,1,1,3.0,MICHELET (AVE) : DU 1 AU 103,48.90473792,2.34415948,09:30:00,2024-11-05
202400038576,21:45,Crépuscule,54,54395,2,2,3,6.0,Avenue Général Leclerc,48.68258352,6.18424058,21:45:00,2024-06-16
202400038577,14:20,Plein jour,29,29019,2,9,1,2.0,rue Yves Collet,48.389257,-4.483367,14:20:00,2024-12-10
202400038578,17:32,,93,93055,2,1,1,6.0,JEAN LOLIVE (AVENUE)(1/55 2/60),48.89266,2.41036,17:32:00,2024-11-05
202400038579,15:00,Plein jour,54,54304,2,1,1,6.0,Avenue Pierre Curie,48.67932,6.15698,15:00:00,2024-06-15
202400038580,14:19,Plein jour,93,93049,2,2,8,3.0,MEAUX (CHEMIN),48.86415,2.51698,14:19:00,2024-11-05
202400038581,07:50,Plein jour,25,25056,2,1,1,6.0,BREGILLE  PONT,47.238389,6.033805,07:50:00,2024-12-11
202400038582,06:30,,93,93010,2,2,5,3.0,GALLIENI (AV.) DE 1 A 109,48.90403505,2.47063637,06:30:00,2024-11-05
202400038583,12:20,Plein jour,50,50502,2,6,1,6.0,TORTERON (rue),49.11448,-1.09794,12:20:00,2024-06-13
202400038584,16:45,Plein jour,13,13209,2,3,1,3.0,AVENUE DE LATTRE DE TASSIGNY-RD 17-,43.2459686,5.41827118,16:45:00,2024-12-11
202400038585,13:25,Plein jour,49,49007,1,1,2,3.0,CHAMBRE AUX DENIERS RUE ET CHEM,47.46571,-0.60307,13:25:00,2024-06-16
202400038586,14:00,Plein jour,13,13056,2,1,1,1.0,KLEBER QUAI JEAN BAPTISTE,43.40534886,5.05658369,14:00:00,2024-12-11
202400038587,15:10,Plein jour,93,93005,2,3,1,3.0,EDGAR DEGAS (RUE),48.95676297,2.4951089,15:10:00,2024-11-05
202400038588,19:02,,13,13206,2,1,1,3.0,PRADO (AVENUE DU),43.28218,5.38594,19:02:00,2024-12-11
202400038589,18:30,Plein jour,45,45284,2,1,1,3.0,114 Avenue Charles Péguy,47.90596,1.95205,18:30:00,2024-06-17
202400038590,07:15,Crépuscule,92,92073,2,9,5,2.0,ROOSVELT (AVENUE FRANKLIN),48.87551093,2.21805118,07:15:00,2024-11-05
202400038591,10:15,Plein jour,13,13210,2,1,1,1.0,L ARMEE D AFRIQUE (CHEMIN DE L'),43.28632,5.41719,10:15:00,2024-12-11
202400038592,09:40,Plein jour,45,45068,2,1,2,4.0,35 Rue Kléber,48.009975,2.738315,09:40:00,2024-06-17
202400038593,17:30,,92,92050,2,1,1,4.0,QUENTIN JULES AVENUE,48.89849898,2.18423992,17:30:00,2024-11-04
202400038594,19:05,,13,13047,2,1,1,1.0,BELLONS CHEMIN DES,43.52752,4.95682,19:05:00,2024-12-11
202400038595,10:50,Plein jour,43,43157,2,9,1,6.0,Avenue D 'Aiguilhe,45.0474079,3.88051061,10:50:00,2024-06-17
202400038596,14:40,Plein jour,75,75118,2,1,1,7.0,BD PERIPHERIQUE INTERIEUR ,48.901089,2.352132,14:40:00,2024-12-09
202400038597,11:50,Plein jour,92,92036,2,1,1,6.0,FOSSE BLANC (RUE DU) (1/145),48.92255845,2.30640382,11:50:00,2024-11-04
202400038598,08:05,Crépuscule,75,75106,2,1,2,6.0,RUE D ASSAS,48.845532,2.331791,08:05:00,2024-12-11
202400038599,19:00,Plein jour,37,37261,2,9,1,6.0,GRAMMONT (AVENUE DE),47.37858,0.6938,19:00:00,2024-06-16
202400038600,18:40,,92,92023,2,1,1,6.0,SCHNEIDER (AVENUE),48.80584006,2.25738108,18:40:00,2024-11-05
202400038601,18:00,,75,75120,2,1,1,2.0,BOULEVARD DAVOUT,48.857056,2.409915,18:00:00,2024-12-11
202400038602,13:35,Plein jour,92,92012,2,1,1,7.0,OUEST (RUE DE L'),48.83729,2.24375,13:35:00,2024-11-05
202400038603,20:35,Plein jour,35,35278,1,1,1,6.0,PORTE DE ST MALO,48.14013,-1.691,20:35:00,2024-06-17
202400038604,19:45,,92,92002,2,1,1,6.0,RAYMON ARON (AVENUE),48.76814,2.31085,19:45:00,2024-11-05
202400038605,06:00,Crépuscule,34,34032,2,1,1,2.0,VOIE DOMITIENNE (AVENUE DE LA),43.34809,3.24656,06:00:00,2024-06-15
202400038606,19:05,Plein jour,32,32013,1,1,1,7.0,ROQUELAURE (CHEMIN DE),43.70508,0.60648,19:05:00,2024-06-17
202400038607,15:00,Plein jour,33,33218,1,2,1,3.0,Unknown,45.074134,-0.167332,15:00:00,2024-11-01
202400038608,08:25,Crépuscule,75,75117,2,3,2,6.0,BOULEVARD DE COURCELLES,48.879048,2.302322,08:25:00,2024-12-11
202400038609,23:00,,31,31555,2,1,1,3.0,REVEL (RTE DE) DU 2AU 306,43.57190972,1.49653116,23:00:00,2024-06-17
202400038610,13:05,Plein jour,24,24521,2,1,1,6.0,route de perigueux,45.231775,0.868945,13:05:00,2024-11-05
202400038611,16:00,Plein jour,09,09268,2,1,1,3.0,D3,43.00449,1.133319,16:00:00,2024-11-05
202400038612,08:25,Plein jour,75,75114,2,2,1,6.0,RUE RAYMOND LOSSERAND,48.828869,2.307353,08:25:00,2024-12-10
202400038613,17:00,Plein jour,63,63026,2,1,1,6.0,route des puys d'aydat,45.682356,2.999096,17:00:00,2024-11-04
202400038614,00:55,,75,75113,2,1,2,2.0,BOULEVARD DU GENERAL JEAN SIMON,48.82508,2.380264,00:55:00,2024-12-11
202400038615,18:05,Nuit sans éclairage,21,21642,1,1,1,4.0,A6,47.493748,4.125988,18:05:00,2024-11-03
202400038616,08:55,Plein jour,30,30209,1,6,1,7.0,D377,43.976696,4.74781,08:55:00,2024-11-05
202400038617,15:40,Plein jour,37,37122,1,9,1,1.0,m37,47.341011,0.650779,15:40:00,2024-10-31
202400038618,17:40,,75,75112,2,3,2,4.0,PONT DE TOLBIAC,48.833491,2.382094,17:40:00,2024-12-10
202400038619,09:20,Plein jour,75,75117,2,1,2,6.0,BOULEVARD DU FORT DE VAUX,48.893425,2.304247,09:20:00,2024-12-11
202400038620,17:43,Nuit sans éclairage,91,91679,1,3,1,1.0,Rue des Graviers,48.731977,2.110797,17:43:00,2024-11-05
202400038621,09:00,Plein jour,75,75107,2,3,2,3.0,BOULEVARD SAINT GERMAIN,48.856956,2.324633,09:00:00,2024-12-11
202400038622,09:05,Plein jour,94,94028,2,1,2,3.0,Rue Viet,48.80157696,2.44986963,09:05:00,2024-12-11
202400038623,07:00,Nuit sans éclairage,94,94011,2,1,2,3.0,Route de Stains,48.78143,2.49437,07:00:00,2024-12-11
202400038624,06:30,Crépuscule,59,59074,1,1,2,1.0,Rue de Busigny,50.078635,3.444927,06:30:00,2024-11-06
202400038625,18:45,Crépuscule,94,94019,2,3,1,6.0,Avenue Georges,48.79961298,2.54020858,18:45:00,2024-12-11
202400038626,20:30,Nuit sans éclairage,56,56255,2,1,5,1.0,Rue des Bruyères,47.686178,-2.616098,20:30:00,2024-11-05
202400038627,16:10,Plein jour,93,93059,2,9,1,3.0,LENINE (AVENUE) N°2A34 ET 1A43,48.96085,2.35904,16:10:00,2024-12-11
202400038628,07:25,,93,93071,2,1,2,6.0,LUCIEN SPORTISS (RUE),48.93645736,2.53293014,07:25:00,2024-12-11
202400038629,19:39,Nuit sans éclairage,56,56147,1,1,5,1.0,Trelay,47.54102,-2.267143,19:39:00,2024-11-05
202400038630,05:25,,93,93066,2,1,1,2.0,WILSON (AVENUE DU PRESIDENT),48.92610376,2.35714048,05:25:00,2024-12-09
202400038631,19:30,,93,93053,2,1,1,3.0,MERLAN (RUE DE) N° 1 A 31 - 2 A 50,48.889785,2.465732,19:30:00,2024-12-11
202400038632,06:30,,93,93063,2,1,2,1.0,AVENUE GASTON ROUSSEL,48.89404,2.43376,06:30:00,2024-12-11
202400038633,05:50,Nuit sans éclairage,59,59189,1,1,1,2.0,D933,50.766819,2.582895,05:50:00,2024-11-06
202400038634,17:40,Crépuscule,93,93027,2,1,2,3.0,JOLLOIS (RUE),48.92152,2.38448,17:40:00,2024-12-10
202400038635,22:55,,93,93001,2,1,1,3.0,JEAN JAURES  (AVE)  157 A 213,48.90959874,2.39842042,22:55:00,2024-12-11
202400038636,18:21,,93,93001,2,1,1,6.0,ANDRE KARMAN (RUE)  => 136/143,48.91016539,2.38500017,18:21:00,2024-12-11
202400038637,16:36,Crépuscule,93,93001,2,1,2,6.0,VICTOR HUGO (AVE)  => 120,48.91113075,2.3793216,16:36:00,2024-12-10
202400038638,17:35,,76,76312,2,2,1,1.0,N31,49.485646,1.727112,17:35:00,2024-11-05
202400038639,18:30,,92,92075,2,2,1,6.0,BARBES (RUE),48.82290455,2.29236737,18:30:00,2024-12-11
202400038640,13:50,Plein jour,71,71013,1,2,7,3.0,D373,46.906977,5.296534,13:50:00,2024-11-06
202400038641,17:29,,92,92046,2,2,1,3.0,DOUZE FEVRIER 1934 (AVENUE DU),48.8195577,2.30615571,17:29:00,2024-12-11
202400038642,18:27,,92,92026,2,9,1,1.0,COLOMBES,48.89892378,2.25662783,18:27:00,2024-12-11
202400038643,09:20,Plein jour,71,71340,1,3,5,3.0,74 Route de Charolles,46.539823,4.245332,09:20:00,2024-11-02
202400038644,08:25,Plein jour,92,92076,2,3,2,6.0,CAZES,48.83776829,2.16421008,08:25:00,2024-12-11
202400038645,17:35,,92,92049,2,3,1,6.0,VERDIER AVENUE N°1 A 23,48.81485094,2.31927618,17:35:00,2024-12-11
202400038646,08:00,Plein jour,49,49308,1,1,5,1.0,Route Départementale N°127 de St Melaine à Mûrs-Érigné,47.392016,-0.515971,08:00:00,2024-11-06
202400038647,17:45,Crépuscule,12,12254,1,1,1,1.0,La Vayssière,44.453343,2.574878,17:45:00,2024-11-05
202400038648,20:50,,92,92049,2,3,2,1.0,DORMOY AVENUE MARX N°102 A FIN,48.81041511,2.31111914,20:50:00,2024-12-10
202400038649,14:30,Plein jour,12,12056,1,1,1,6.0,N88,44.291662,2.450997,14:30:00,2024-11-06
202400038650,18:50,,92,92012,2,1,1,6.0,ANATOLE FRANCE (BOULEVARD) 1/4BIS,48.84911,2.24066,18:50:00,2024-12-11
202400038651,18:45,Nuit sans éclairage,29,29039,2,1,1,3.0,57 Rue Yves Trichard,47.87869771,-3.85294021,18:45:00,2024-11-05
202400038652,17:45,Nuit sans éclairage,92,92004,2,1,2,2.0,DOCTEUR DERVAUX  ( QUAI DU ),48.90698,2.29135,17:45:00,2024-12-09