Num_Acc,hrmn,lum,dep,com,agg,int,atm,col,adr,lat,long,heure,date
202400038653,11:45,Plein jour,92,92014,2,1,2,6.0,VICTOR HUGO (AVENUE),48.77694488,2.3105038,11:45:00,2024-12-11
202400038654,01:15,Nuit sans éclairage,02,02445,1,1,5,6.0,D31,49.91897,3.940809,01:15:00,2024-11-06
202400038655,20:20,,67,67535,2,1,1,1.0,Rue Principale,48.909653,7.421528,20:20:00,2024-12-07
202400038656,20:30,Nuit sans éclairage,58,58215,1,1,5,6.0,D243,47.294425,2.939186,20:30:00,2024-11-05
202400038657,07:20,Nuit sans éclairage,72,72109,1,1,5,1.0,D304,48.161706,-0.086303,07:20:00,2024-11-05
202400038658,05:30,Crépuscule,988,98812,2,1,1,6.0,parking piscine naturelle,-20.573422,164.275984,05:30:00,2024-12-12
202400038659,18:40,,72,72241,2,3,1,1.0,7 Rue des Violettes,48.050808,0.418634,18:40:00,2024-11-04
202400038660,12:30,Plein jour,83,83019,1,1,1,3.0,3933 Avenue Lou Mistraou,43.14882,6.318278,12:30:00,2024-12-12
202400038661,19:10,Nuit sans éclairage,36,36010,1,1,8,6.0,Le Grand Village,46.845087,1.050664,19:10:00,2024-11-03
202400038662,05:28,,59,59400,2,1,1,6.0,110 rue du général DE GAULLE,50.637459,2.641096,05:28:00,2024-12-11
202400038663,18:00,Nuit sans éclairage,21,21054,1,1,1,1.0,D113,47.000063,4.852942,18:00:00,2024-11-06
202400038664,19:50,Nuit sans éclairage,67,67420,1,1,1,1.0,D1420,48.500621,7.263198,19:50:00,2024-12-12
202400038665,23:00,Nuit sans éclairage,24,24117,2,1,5,7.0,457 Route des Pins,45.0906,1.376589,23:00:00,2024-11-05
202400038666,09:10,Plein jour,82,82038,2,1,1,6.0,Avenue du Père Evariste Huc,44.236576,1.769498,09:10:00,2024-12-12
202400038667,12:30,Plein jour,27,27198,2,1,5,6.0,24 rue de Bel Air,48.867885,1.073466,12:30:00,2024-11-06
202400038668,17:01,,61,61293,2,1,2,6.0,VC,48.521248,0.544799,17:01:00,2024-12-10
202400038669,18:15,Nuit sans éclairage,61,61421,1,1,1,6.0,149 Route de la Sélune,48.560945,-0.774722,18:15:00,2024-12-11
202400038670,19:30,Nuit sans éclairage,37,37021,1,3,5,5.0,RD 766,47.56359,0.626661,19:30:00,2024-11-04
202400038671,07:35,Crépuscule,12,12208,2,1,1,6.0,Avenue Jean Jaurès,43.949563,2.895737,07:35:00,2024-12-12
202400038672,05:45,Nuit sans éclairage,13,13044,1,3,1,3.0,D69,43.619941,5.039388,05:45:00,2024-11-06
202400038673,14:00,Plein jour,34,34106,1,1,1,1.0,Route de Millau,43.746313,3.330933,14:00:00,2024-12-04
202400038674,21:30,Nuit sans éclairage,25,25328,1,9,9,1.0,N83,47.184813,5.963087,21:30:00,2024-11-11
202400038675,12:55,Plein jour,974,97408,1,1,1,7.0,N1,-20.896624,55.375707,12:55:00,2024-11-06
202400038676,15:50,Plein jour,29,29007,2,1,1,7.0,Rue des Ecoliers,48.404046,-3.751844,15:50:00,2024-12-11
202400038677,06:25,Plein jour,973,97306,1,1,1,1.0,RN1 PK181,5.53733268,-53.51394367,06:25:00,2024-11-06
202400038678,15:00,Crépuscule,02,02379,1,2,5,1.0,D946,49.806727,3.668216,15:00:00,2024-12-12
202400038679,03:20,Nuit sans éclairage,03,03021,2,1,1,6.0,4 Les Lilas Rouzat,46.134479,3.151959,03:20:00,2024-12-12
202400038680,13:50,Plein jour,45,45028,2,1,1,1.0,D917 PR 0 + 639,47.781573,1.620703,13:50:00,2024-11-04
202400038681,07:40,Plein jour,26,26115,1,9,1,2.0,Route de Montelimar,44.706799,5.006045,07:40:00,2024-12-12
202400038682,09:45,Plein jour,77,77235,1,2,5,5.0,D3,48.992876,3.064992,09:45:00,2024-11-05
202400038683,07:57,Crépuscule,14,14592,1,3,1,3.0,3 Route de Condé,49.068763,-0.505167,07:57:00,2024-12-12
202400038684,21:15,,77,77183,2,6,1,7.0,D402,48.942833,3.127639,21:15:00,2024-11-03
202400038685,14:15,Plein jour,30,30006,1,4,1,1.0,D265,43.67752,4.189717,14:15:00,2024-12-12
202400038686,14:10,Plein jour,78,78206,1,4,3,1.0,RUE DE LA REPUBLIQUE,48.951874,1.912876,14:10:00,2024-10-09
202400038687,06:30,Nuit avec éclairage,30,30284,2,1,1,7.0,Chemin de Bouzac,44.152433,4.08776,06:30:00,2024-12-12
202400038688,16:30,Plein jour,11,11262,1,1,1,1.0,Unknown,43.164528,3.133507,16:30:00,2024-12-11
202400038689,20:45,Nuit sans éclairage,2B,2B298,2,9,1,3.0,Route du pont de fer,42.679505,9.302368,20:45:00,2024-11-05
202400038690,17:20,Plein jour,83,83042,2,3,1,3.0,Avenue Saint Maur,43.256315,6.527472,17:20:00,2024-11-06
202400038691,16:55,Plein jour,13,13049,1,1,1,3.0,"A7, PK 227+400 (direction LYON)",43.68808043,5.09617588,16:55:00,2024-12-10
202400038692,23:59,Nuit sans éclairage,34,34022,1,6,1,7.0,NATIONALE 113,43.654025,3.995419,23:59:00,2024-12-11
202400038693,19:40,,83,83042,2,1,1,1.0,43 Rue Marceau,43.24829,6.533223,19:40:00,2024-11-05
202400038694,12:45,Plein jour,13,13027,2,1,1,2.0,820 Boulevard Ernest Genevet,43.887968,4.8553,12:45:00,2024-11-06
202400038695,12:05,Plein jour,68,68063,2,3,1,2.0,Faubourg de Belfort,47.796175,7.172838,12:05:00,2024-12-11
202400038696,17:00,,68,68063,2,1,1,3.0,3 Rue Gustave Eiffel,47.803478,7.171616,17:00:00,2024-12-11
202400038697,18:00,Nuit sans éclairage,26,26358,1,1,1,7.0,Route de Montoison,44.804029,4.961175,18:00:00,2024-12-12
202400038698,07:30,Crépuscule,60,60668,1,1,2,4.0,RD 149,49.49887832,2.08831644,07:30:00,2024-12-12
202400038699,15:45,Plein jour,33,33551,1,1,1,3.0,Unknown,45.07851,-0.634241,15:45:00,2024-11-04
202400038700,21:35,,59,59481,2,3,2,6.0,Avenue de la Gare,50.250131,3.644832,21:35:00,2024-12-07
202400038701,16:30,Plein jour,62,62865,2,2,1,1.0,RD39E1,50.32598707,2.98049819,16:30:00,2024-11-05
202400038702,17:19,Nuit sans éclairage,59,59466,2,4,1,3.0,Rue Nationale,50.52482886,3.11151803,17:19:00,2024-12-10
202400038703,11:46,Plein jour,33,33063,1,1,1,7.0,Unknown,44.8859,-0.56265,11:46:00,2024-12-11
202400038704,16:15,Plein jour,59,59057,1,3,2,6.0,Pont à Pierres,50.217533,3.574038,16:15:00,2024-11-05
202400038705,09:00,Plein jour,59,59566,1,1,1,3.0,AUTOROUTE A25,50.61886,2.97683,09:00:00,2024-12-09
202400038706,17:55,Nuit sans éclairage,62,62193,1,1,1,7.0,A16,50.93613762,1.91011686,17:55:00,2024-11-12
202400038707,17:50,Nuit avec éclairage,59,59653,1,6,2,2.0,RN 41,50.584204,2.907954,17:50:00,2024-11-05
202400038708,09:19,Plein jour,91,91661,1,1,1,2.0,AUTOROUTE A10,48.69561,2.23474,09:19:00,2024-12-11
202400038709,08:00,,13,13212,1,1,1,2.0,A507 sens Marseille - Aubagne,43.29927833,5.42503621,08:00:00,2024-11-05
202400038710,07:45,Crépuscule,91,91521,1,1,1,4.0,AUTOROUTE A6,48.63324,2.40491,07:45:00,2024-12-11
202400038711,21:05,Nuit sans éclairage,69,69266,1,1,1,3.0,Boulevard Périphérique Laurent Bonnevay,45.7824,4.8926,21:05:00,2024-11-02
202400038712,08:50,Crépuscule,95,95582,1,1,2,2.0,D170,48.96495452,2.2704267,08:50:00,2024-12-11
202400038713,22:55,Nuit sans éclairage,33,33448,1,1,1,2.0,Unknown,44.722576,-0.524143,22:55:00,2024-11-05
202400038714,18:35,Nuit sans éclairage,92,92036,1,1,2,1.0,AUTOROUTE A15,48.94647077,2.28241919,18:35:00,2024-12-10
202400038715,14:34,Plein jour,33,33550,1,1,1,2.0,Unknown,44.782851,-0.542632,14:34:00,2024-11-05
202400038716,01:45,Nuit sans éclairage,95,95252,1,1,1,6.0,A15,48.9877268,2.20679706,01:45:00,2024-12-10
202400038717,01:00,Nuit sans éclairage,33,33162,1,1,1,6.0,Unknown,44.867767,-0.648484,01:00:00,2024-11-04
202400038718,21:50,Nuit sans éclairage,93,93005,1,1,1,2.0,AUTOROUTE A3,48.95082945,2.4743563,21:50:00,2024-12-09
202400038719,02:37,Nuit sans éclairage,59,59403,1,1,1,6.0,AUTOROUTE A23,50.43422706,3.37094847,02:37:00,2024-11-05
202400038720,08:10,Plein jour,95,95563,1,1,1,7.0,A115,49.00983355,2.23274879,08:10:00,2024-12-09
202400038721,07:50,Nuit sans éclairage,95,95572,1,1,2,7.0,A15,49.03189295,2.11404154,07:50:00,2024-12-09
202400038722,05:30,Nuit sans éclairage,93,93066,1,1,1,7.0,AUTOROUTE A1,48.9297471,2.36364986,05:30:00,2024-12-09
202400038723,17:15,,44,44109,2,1,1,3.0,26 Boulevard René Cassin,47.26295247,-1.5813065,17:15:00,2024-11-14
202400038724,20:45,Nuit sans éclairage,62,62528,1,1,1,6.0,A21,50.45184855,2.8126633,20:45:00,2024-11-03
202400038725,12:00,Plein jour,44,44109,2,1,1,7.0,16 Quai Henri Barbusse,47.22553368,-1.5529974,12:00:00,2024-11-09
202400038726,20:35,,44,44109,2,3,1,7.0,1 Avenue des Epicéas,47.24326037,-1.50575778,20:35:00,2024-11-08
202400038727,19:00,,92,92064,1,1,1,2.0,A13,48.83937744,2.21559763,19:00:00,2024-11-04
202400038728,10:59,Plein jour,44,44109,2,2,1,3.0,6 Place du Sanitat,47.21021092,-1.5684915,10:59:00,2024-11-08
202400038729,18:30,,92,92050,1,1,1,4.0,A14,48.90088275,2.20692445,18:30:00,2024-11-04
202400038730,12:42,Plein jour,44,44109,2,1,1,6.0,21 allée d'Orléans,47.21694009,-1.55687612,12:42:00,2024-11-06
202400038731,17:20,Plein jour,50,50267,2,1,1,3.0,Rue des Tanguiers,49.21225,-1.530426,17:20:00,2024-09-28
202400038732,10:28,Plein jour,92,92025,1,1,1,2.0,A86,48.93190121,2.24684966,10:28:00,2024-11-04
202400038733,10:15,Plein jour,44,44109,2,1,1,2.0,69 Boulevard du Tertre,47.21236559,-1.60845404,10:15:00,2024-12-02
202400038734,22:20,Nuit sans éclairage,77,77372,1,1,1,6.0,A104,48.88154185,2.667994,22:20:00,2024-11-04
202400038735,08:15,Plein jour,91,91179,1,3,8,1.0,N7,48.557796,2.499266,08:15:00,2024-09-26
202400038736,08:30,Plein jour,94,94017,1,1,1,2.0,A4,48.8271602,2.51033987,08:30:00,2024-11-04
202400038737,15:30,Plein jour,91,91405,1,6,1,3.0,Rond point D837 / D1,48.401151,2.45059,15:30:00,2024-09-20
202400038738,08:10,Crépuscule,94,94052,1,1,1,2.0,A86,48.84723475,2.49142262,08:10:00,2024-11-04
202400038739,04:30,Nuit sans éclairage,73,73236,1,1,1,6.0,Route de la plaine,45.61511808,5.63754916,04:30:00,2024-06-28
202400038740,10:35,Plein jour,62,62846,2,6,8,3.0,D943,50.47923,2.73482,10:35:00,2024-12-09
202400038741,09:30,Plein jour,73,73227,2,6,8,6.0,Rue des tovets,45.41541238,6.63699299,09:30:00,2024-03-29
202400038742,12:20,Plein jour,82,82121,2,1,1,7.0,Unknown,44.023508,1.324312,12:20:00,2024-10-15
202400038743,23:00,Nuit sans éclairage,34,34150,2,1,1,6.0,Quai des batelliers,43.322436,3.550832,23:00:00,2024-06-28
202400038744,19:17,Plein jour,77,77527,1,1,1,4.0,N4,48.68585,3.015801,19:17:00,2024-07-09
202400038745,23:05,Crépuscule,14,14488,2,1,1,1.0,32 Rue de l'Yser,49.275372,-0.252492,23:05:00,2024-07-27
202400038746,05:15,,40,40088,2,1,1,2.0,ORTHEZ (ROUTE D'),43.70329,-1.03366,05:15:00,2024-08-18
202400038747,06:20,Plein jour,974,97411,2,6,1,3.0,JAURES (BOULEVARD JEAN),-20.90065,55.48722,06:20:00,2024-11-04
202400038748,16:30,Plein jour,974,97416,1,1,1,3.0,RN3 (2),-21.32491,55.47429,16:30:00,2024-12-09
202400038749,15:55,Plein jour,973,97302,2,1,1,3.0,MONTABO (ROUTE DE) 2,4.94209,-52.30469,15:55:00,2024-11-04
202400038750,12:10,Plein jour,974,97407,2,9,1,1.0,SACRE COEUR (RD POINT) -RIV. DES GALETS ,-20.95533,55.31175,12:10:00,2024-12-09
202400038751,20:15,,69,69383,2,1,1,6.0,Boulevard Marius Vivier-Merle,45.75717,4.85862,20:15:00,2024-11-05
202400038752,22:08,,973,97302,2,9,1,3.0,MONTABO (ROUTE DE) 3,4.94161,-52.30389,22:08:00,2024-12-09
202400038753,19:00,,69,69383,2,2,1,3.0,Rue Paul Bert,45.75701,4.85276,19:00:00,2024-11-04
202400038754,18:20,Crépuscule,973,97302,2,2,1,6.0,ZEPHIR (ROCADE),4.9305332,-52.31337994,18:20:00,2024-12-09
202400038755,12:58,Plein jour,972,97209,2,1,1,6.0,VICTOR SEVERE (RUE),14.60597,-61.0697,12:58:00,2024-11-04
202400038756,11:20,Plein jour,973,97302,2,2,1,1.0,CONSTANT CHLORE(RUE),4.93445,-52.32083,11:20:00,2024-12-09
202400038757,20:47,,2B,2B037,2,9,1,6.0,D 82,42.62878,9.43746,20:47:00,2024-11-04
202400038758,21:20,Nuit avec éclairage,971,97101,1,1,1,1.0,BESSON,16.23887609,-61.50786996,21:20:00,2024-11-03
202400038759,05:00,,69,69386,2,2,1,3.0,Rue des Emeraudes,45.76903,4.86056,05:00:00,2024-12-10
202400038760,21:53,,972,97213,1,1,1,6.0,ROUTE DEPARTEMENTALE 13,14.63192,-61.0244,21:53:00,2024-12-09
202400038761,05:21,Crépuscule,971,97113,1,3,1,3.0,RN4 - SECTION RIVIERA,16.209,-61.47091,05:21:00,2024-11-03
202400038762,14:10,Plein jour,971,97101,1,1,1,1.0,ROUTE DE BOISVINS,16.26199,-61.49325,14:10:00,2024-12-10
202400038763,12:00,Plein jour,971,97105,2,6,1,6.0,BOLOGNE (ROUTE DE),16.00535,-61.73984,12:00:00,2024-11-04
202400038764,08:00,Plein jour,971,97101,2,9,1,6.0,BAIMBRIDGE (ROUTE DE),16.2482,-61.52667,08:00:00,2024-12-10
202400038765,09:00,Plein jour,2A,2A004,2,1,1,2.0,#Boulevard Abbe Recco#,41.93731,8.73806,09:00:00,2024-11-04
202400038766,18:08,,95,95555,2,6,2,6.0,D109,48.96515778,2.28320742,18:08:00,2024-12-10
202400038767,17:15,,95,95218,2,1,2,6.0,CHALLE POURPRE (LA),49.01957306,2.10072666,17:15:00,2024-12-09
202400038768,08:40,Plein jour,95,95563,2,2,1,3.0,D502,49.01351453,2.23068138,08:40:00,2024-11-04
202400038769,08:10,Crépuscule,91,91161,1,1,1,6.0,RUE HELENE BOUCHER,48.717103,2.304313,08:10:00,2024-12-10
202400038770,06:28,,91,91457,2,1,1,6.0,RUE VICTOR HUGO,48.58183,2.26131,06:28:00,2024-11-04
202400038771,18:40,Nuit sans éclairage,91,91027,2,1,1,3.0,BD DE PROVENCE,48.70947,2.39912,18:40:00,2024-11-04
202400038772,21:20,,91,91657,2,3,1,6.0,AV HENRI BARBUSSE,48.70056,2.42124,21:20:00,2024-12-09
202400038773,12:09,Plein jour,87,87114,2,1,1,6.0,CARNOT (AVENUE PRESIDENT-SADI-),45.82864,1.29506,12:09:00,2024-10-31
202400038774,13:00,Plein jour,91,91228,2,1,1,6.0,MONSEIGNEUR ROMERO (COURS) N° PAIR,48.62294,2.42722,13:00:00,2024-12-10
202400038775,09:22,Plein jour,87,87085,1,1,1,2.0,AUTOROUTE A20,45.874051,1.287874,09:22:00,2024-10-31
202400038776,14:04,Plein jour,87,87085,2,1,1,3.0,BERNARD LATHIERE (RUE),45.81051,1.27175,14:04:00,2024-12-06
202400038777,10:30,Plein jour,85,85194,2,1,1,3.0,RD949,46.5131755,-1.7774352,10:30:00,2024-12-06
202400038778,13:30,Plein jour,83,83090,1,1,1,1.0,GORGES (ROUTE DES),43.1533,5.84505,13:30:00,2024-11-04
202400038779,22:48,,84,84007,2,4,1,6.0,C.DE GAULLE (ROCADE),43.94339,4.83333,22:48:00,2024-12-10
202400038780,12:45,Plein jour,83,83062,2,1,1,6.0,BARBUSSE (AVENUE HENRI),43.13071,6.01597,12:45:00,2024-11-04
202400038781,18:45,Nuit sans éclairage,83,83069,1,1,1,5.0,PIERREFEU (ROUTE DE) RD 12,43.20288181,6.1356926,18:45:00,2024-11-03
202400038782,12:25,Plein jour,77,77373,1,1,1,7.0,D1004,48.76987,2.63462,12:25:00,2024-12-10
202400038783,13:50,Plein jour,78,78403,2,1,1,2.0,CHATEAUBRIAND (AVENUE),48.997759,1.881333,13:50:00,2024-11-04
202400038784,09:40,Plein jour,77,77114,2,1,2,6.0,RD 471,48.74066238,2.70191266,09:40:00,2024-12-09
202400038785,21:40,Nuit sans éclairage,78,78423,1,1,1,6.0,NATIONALE 10 (ROUTE),48.781679,2.02453,21:40:00,2024-11-04
202400038786,18:10,Nuit sans éclairage,77,77276,1,1,2,4.0,RD 360,48.92091071,2.88023472,18:10:00,2024-12-10
202400038787,18:20,,77,77284,2,1,1,6.0,BOUVIN (AV.JEAN),48.95657,2.91156,18:20:00,2024-12-09
202400038788,15:50,Crépuscule,77,77445,2,1,1,6.0,D151,48.58401,2.58093,15:50:00,2024-10-31
202400038789,17:21,,77,77284,2,1,2,6.0,BOUVIN (AV.JEAN),48.953275,2.911503,17:21:00,2024-12-09
202400038790,01:56,Nuit sans éclairage,77,77122,2,1,1,6.0,RUE SERMONOISE,48.66269,2.57059,01:56:00,2024-11-03
202400038791,08:10,Plein jour,77,77048,1,1,1,6.0,D 607,48.32662,2.68753,08:10:00,2024-12-10
202400038792,16:30,Plein jour,77,77143,2,1,1,6.0,EMILE ZOLA (RUE),48.97614426,2.86961697,16:30:00,2024-11-04
202400038793,21:05,,76,76484,2,1,2,6.0,Avenue d'Anderten,49.35097725,1.09175545,21:05:00,2024-12-08
202400038794,08:40,Plein jour,77,77237,2,2,1,3.0,TOURNAN (ROUTE DE ),48.83803,2.75296,08:40:00,2024-11-04
202400038795,11:27,Plein jour,76,76351,2,3,1,6.0,AUGUSTIN NORMAND,49.49227,0.09777,11:27:00,2024-12-09
202400038796,13:50,Plein jour,76,76157,1,1,1,6.0,Route de Sahurs,49.41941,0.98561,13:50:00,2024-11-04
202400038797,17:40,Nuit sans éclairage,73,73065,1,1,1,2.0,N201,45.58491,5.90809,17:40:00,2024-12-09
202400038798,04:20,,76,76351,2,1,1,6.0,PIERRE MENDES FRANCE,49.51241,0.14778,04:20:00,2024-11-03
202400038799,15:45,Plein jour,69,69276,1,6,2,3.0,Route de Lyon,45.68677,4.86153,15:45:00,2024-12-08
202400038800,18:20,Crépuscule,76,76351,2,3,1,6.0,Quai de Southampton,49.48625,0.11028,18:20:00,2024-10-31
202400038801,17:05,,67,67482,2,2,1,6.0,SCHOEPFLIN (QUAI),48.58698347,7.74873555,17:05:00,2024-12-10
202400038802,01:45,,67,67482,2,1,1,3.0,ALSACE (AVENUE D ),48.58703,7.75988,01:45:00,2024-12-10
202400038803,11:15,Plein jour,73,73065,2,2,1,3.0,GAMBETTA LEON (BOULEVARD),45.57335097,5.91548815,11:15:00,2024-11-04
202400038804,11:47,Plein jour,67,67482,2,9,8,6.0,ORANGERIE (BOULEVARD DE L ),48.58979,7.77538,11:47:00,2024-12-09
202400038805,07:55,Plein jour,72,72181,2,1,1,2.0,DURAND GEORGES (AV) N° IMP 199 AU N° 311,47.9754,0.21516,07:55:00,2024-11-04
202400038806,11:10,Plein jour,67,67482,2,1,8,7.0,GROSSROETHIG (CHEMIN DU),48.57375,7.70587,11:10:00,2024-12-09
202400038807,13:20,Plein jour,69,69259,2,3,1,6.0,8 Avenue du 8 Mai 1945,45.6928,4.8705,13:20:00,2024-11-03
202400038808,14:52,Plein jour,67,67180,1,1,1,1.0,RD 27,48.83643,7.78967,14:52:00,2024-12-09
202400038809,21:10,,68,68224,2,2,1,3.0,SCHUMAN (AVENUE ROBERT),47.75256,7.34304,21:10:00,2024-11-02
202400038810,17:50,Nuit avec éclairage,64,64260,2,1,2,3.0,SAINT JACQUES (ACCES AU PONT),43.35031,-1.78348,17:50:00,2024-12-09
202400038811,09:15,Plein jour,64,64348,2,1,8,7.0,MARTYRS DU PONT LONG DES,43.34779,-0.38001,09:15:00,2024-12-10
202400038812,03:20,Nuit avec éclairage,65,65047,2,2,1,2.0,Avenue Jean Jaurès,43.24293796,0.09562719,03:20:00,2024-11-01
202400038813,18:00,Plein jour,64,64102,2,1,1,3.0,SABALCE (CHEMIN DE),43.4934,-1.4914,18:00:00,2024-11-04
202400038814,18:15,Nuit sans éclairage,64,64269,2,1,2,4.0,BIGORRE,43.297087,-0.308577,18:15:00,2024-12-09
202400038815,16:45,Plein jour,64,64024,2,1,1,4.0,BAB (BOULEVARD DU),43.49379,-1.52365,16:45:00,2024-11-04
202400038816,07:20,,64,64445,2,6,2,3.0,YITZHAK RABIN,43.30636751,-0.33303648,07:20:00,2024-12-09
202400038817,06:50,Crépuscule,64,64102,2,1,1,7.0,PAUL PRAS (AVENUE),43.4856,-1.47615,06:50:00,2024-12-10
202400038818,16:17,Plein jour,62,62250,2,1,1,6.0,Rue Urianne Sorriaux,50.45922,2.94556,16:17:00,2024-11-04
202400038819,00:25,,62,62724,2,1,1,7.0,Rue Pablo Picasso,50.39834,2.91567,00:25:00,2024-11-03
202400038820,07:30,Crépuscule,63,63113,2,3,1,6.0,rue de Chalonnax / rue de la Fontaine du Large,45.79218,3.09171,07:30:00,2024-12-10
202400038821,05:45,,62,62753,2,1,2,6.0,D258,50.29737,2.82081,05:45:00,2024-11-01
202400038822,14:05,Plein jour,60,60159,1,1,1,6.0,Carrefour de Mercières,49.39316223,2.79018626,14:05:00,2024-12-10
202400038823,07:40,Crépuscule,59,59508,1,9,5,2.0,BILLEMONT (RUE),50.757219,3.12715,07:40:00,2024-11-04
202400038824,10:30,Plein jour,59,59350,2,1,1,,Avenue Oscar Lambret,50.61456,3.03574,10:30:00,2024-12-09
202400038825,15:45,Plein jour,59,59512,2,1,1,6.0,ALMA (RUE DE L'),50.69996,3.16946,15:45:00,2024-11-04
202400038826,14:10,Plein jour,56,56260,2,1,1,3.0,Boulevard de la Paix,47.6608,-2.75414,14:10:00,2024-12-10
202400038827,03:40,Nuit sans éclairage,57,57672,1,1,1,6.0,OEUTRANGE (ROUTE D'),49.398419,6.123903,03:40:00,2024-11-03
202400038828,17:50,Crépuscule,56,56083,1,1,1,6.0,Villeneuve Saint-Caradec,47.82219,-3.28944,17:50:00,2024-11-03
202400038829,14:00,Plein jour,56,56098,2,6,2,5.0,Rue Daniel-Charles Trudaine,47.774317,-3.33825,14:00:00,2024-12-09
202400038830,16:35,Plein jour,54,54159,2,1,1,6.0,Avenue du Général Leclerc,48.61986,6.35104,16:35:00,2024-11-04
202400038831,07:49,,56,56121,2,1,1,2.0,Pont des Indes,47.757419,-3.3548997,07:49:00,2024-12-06
202400038832,08:55,Plein jour,49,49099,1,1,5,1.0,RD 157,46.98538,-0.85591,08:55:00,2024-11-01
202400038833,19:45,,54,54184,2,2,1,6.0,avenue de Brigachtal,48.70054658,6.22472718,19:45:00,2024-12-09
202400038834,08:05,Crépuscule,54,54547,2,2,8,6.0,Rue du Doyen Jacques Parisot,48.65380936,6.15230352,08:05:00,2024-12-09
202400038835,15:45,Plein jour,51,51454,2,1,1,3.0,CESAR (BOULEVARD JULES) COTE IMPAIR,49.264591,4.031248,15:45:00,2024-12-10
202400038836,18:05,Crépuscule,51,51454,2,1,2,6.0,NICE (RUE DE),49.25973,4.06294,18:05:00,2024-12-07
202400038837,15:50,Plein jour,50,50129,2,1,1,6.0,FONTAINE (PLACE DE LA),49.63989,-1.62581,15:50:00,2024-12-06
202400038838,17:40,Nuit avec éclairage,49,49328,2,2,1,3.0,FUSILLES (AVENUE DES) N 147,47.27854965,-0.05688429,17:40:00,2024-12-09
202400038839,10:20,Plein jour,49,49246,2,1,1,3.0,EUROPE AVENUE,47.43705,-0.53127,10:20:00,2024-12-09
202400038840,17:50,,45,45234,2,1,2,3.0,162 Rue du Faubourg Bannier,47.9184,1.8985,17:50:00,2024-12-10
202400038841,17:40,,42,42218,2,1,2,6.0,Boulevard Normandie Niemen,45.43609,4.41462,17:40:00,2024-11-12
202400038842,09:40,Plein jour,35,35051,2,1,1,6.0,LA RIGOURDIERE,48.11429,-1.59308,09:40:00,2024-12-10
202400038843,08:00,Crépuscule,35,35238,1,1,1,2.0,RN 12,48.125821,-1.718966,08:00:00,2024-12-10
202400038844,19:10,,30,30189,2,2,1,1.0,SAUVE (ROUTE),43.84014,4.3194,19:10:00,2024-12-05
202400038845,23:25,,23,23096,2,6,1,6.0,BERRY (AVENUE),46.17763892,1.87755541,23:25:00,2024-12-10
202400038846,07:02,Nuit sans éclairage,18,18033,1,1,1,5.0,Unknown,47.08248,2.46066,07:02:00,2024-12-09
202400038847,16:42,Plein jour,16,16166,2,1,1,6.0,JUIN (AVENUE DU MARECHAL),45.66648,0.18092,16:42:00,2024-12-09
202400038848,11:08,Plein jour,13,13039,1,1,1,1.0,RN 268,43.46242,4.83834,11:08:00,2024-12-10
202400038849,22:00,,13,13212,2,1,1,2.0,JEAN RAMEAU (RUE),43.308277,5.41864535,22:00:00,2024-12-10
202400038850,16:45,Plein jour,13,13001,2,1,1,3.0,LEDOUX CLAUDE NICOLAS (RUE),43.47191,5.40082,16:45:00,2024-12-09
202400038851,01:15,,07,07102,2,1,1,7.0,REPUBLIQUE (AV.DE LA) [DU N° AU N°],44.93916,4.86696,01:15:00,2024-12-06
202400038852,16:33,Plein jour,03,03190,2,1,1,3.0,Route de Lyon,46.5524,3.33756,16:33:00,2024-12-10
202400038853,18:00,,75,75115,2,1,2,3.0,BD PERIPHERIQUE INTERIEUR,48.831053,2.284126,18:00:00,2024-12-10
202400038854,18:30,,75,75112,2,1,1,3.0,BD PERIPHERIQUE INTERIEUR ,48.82911,2.399971,18:30:00,2024-12-10
202400038855,21:30,,75,75118,2,1,1,6.0,BD PERIPHERIQUE EXTERIEUR ,48.900887,2.362974,21:30:00,2024-12-09
202400038856,17:49,,75,75116,2,1,2,2.0,BD PERIPHERIQUE INTERIEUR,48.854539,2.254923,17:49:00,2024-12-09
202400038857,15:29,Plein jour,75,75109,2,3,8,6.0,RUE SAINT LAZARE,48.875499,2.326613,15:29:00,2024-12-09
202400038858,22:00,,75,75120,2,2,2,1.0,RUE DES PYRENEES,48.8527,2.406135,22:00:00,2024-12-10
202400038859,18:15,,75,75120,2,2,2,6.0,RUE DES HAIES,48.85297,2.400821,18:15:00,2024-12-10
202400038860,16:30,,75,75120,2,2,2,3.0,RUE BELGRAND,48.86481,2.40131,16:30:00,2024-12-10
202400038861,12:47,Plein jour,75,75119,2,3,1,6.0,RUE DE L OURCQ,48.889339,2.383747,12:47:00,2024-12-10
202400038862,18:00,,75,75118,2,3,2,2.0,RUE DES POISSONNIERS,48.893723,2.352788,18:00:00,2024-12-10
202400038863,14:00,Plein jour,75,75118,2,1,1,6.0,RUE CAUCHOIS,48.88523,2.332881,14:00:00,2024-12-09
202400038864,05:00,,75,75117,2,3,1,3.0,ECHANGEUR CLICHY,48.896402,2.310326,05:00:00,2024-12-06
202400038865,17:00,Crépuscule,75,75115,2,1,2,2.0,QUAI ANDRE CITROEN,48.840086,2.270996,17:00:00,2024-12-09
202400038866,18:45,,75,75114,2,3,9,3.0,RUE D ALESIA,48.826898,2.338639,18:45:00,2024-12-09
202400038867,15:15,Plein jour,75,75113,2,2,1,3.0,RUE DE TOLBIAC,48.825664,2.347219,15:15:00,2024-12-09