Num_Acc,hrmn,lum,dep,com,agg,int,atm,col,adr,lat,long,heure,date
202400038868,11:20,Plein jour,75,75112,2,1,1,6.0,BOULEVARD DE REUILLY,48.839214,2.392437,11:20:00,2024-12-10
202400038869,16:40,Plein jour,75,75111,2,3,2,6.0,CITE DE LA ROQUETTE,48.855204,2.373775,16:40:00,2024-12-10
202400038870,18:50,,75,75110,2,1,2,3.0,RUE DU FAUBOURG SAINT MARTIN,48.87849,2.362081,18:50:00,2024-12-10
202400038871,12:10,Plein jour,75,75110,2,2,8,7.0,RUE DU CHATEAU LANDON,48.88072187,2.36244375,12:10:00,2024-12-10
202400038872,19:20,,75,75109,2,1,2,6.0,BOULEVARD HAUSSMANN,48.872507,2.336649,19:20:00,2024-12-10
202400038873,08:26,Plein jour,75,75109,2,3,2,3.0,RUE SAINT LAZARE,48.875737,2.327787,08:26:00,2024-12-10
202400038874,12:30,Plein jour,75,75108,2,7,1,2.0,BOULEVARD DE COURCELLES,48.880514,2.309743,12:30:00,2024-12-10
202400038875,08:40,Plein jour,75,75108,2,7,1,3.0,COURS LA REINE,48.86494144,2.31071493,08:40:00,2024-12-10
202400038876,18:50,,75,75107,2,3,2,2.0,QUAI D ORSAY,48.862349,2.309644,18:50:00,2024-12-10
202400038877,17:45,Plein jour,75,75107,2,7,2,6.0,RUE DE GRENELLE,48.858084,2.311062,17:45:00,2024-12-10
202400038878,11:59,Plein jour,75,75107,2,1,2,6.0,QUAI BRANLY,48.85877,2.29267,11:59:00,2024-12-10
202400038879,09:20,Plein jour,94,94078,2,1,1,2.0,Av de l’Appel du 18 Juin 1940,48.75714,2.44378,09:20:00,2024-12-10
202400038880,16:20,Crépuscule,94,94042,2,1,2,6.0,Avenue du President Kennedy,48.815278,2.463806,16:20:00,2024-11-18
202400038881,17:10,,94,94046,2,2,2,3.0,Avenue de la République,48.8078,2.448019,17:10:00,2024-12-09
202400038882,18:20,,94,94041,2,1,2,6.0,Avenue Georges Gosnat,48.81145,2.38405,18:20:00,2024-12-10
202400038883,12:40,Plein jour,94,94011,2,9,2,3.0,Avenue du Bicentenaire 1789 1989,48.765087,2.488727,12:40:00,2024-12-08
202400038884,18:40,,94,94018,2,3,8,6.0,Rue de l’Herault,48.82343,2.39882,18:40:00,2024-12-10
202400038885,09:00,Plein jour,94,94071,2,6,2,3.0,Rue de Lesigny,48.76342731,2.53631964,09:00:00,2024-12-10
202400038886,16:45,Crépuscule,93,93072,2,1,1,6.0,JEAN DURAND (RUE) COTE DES N°2 AU 148,48.95301,2.37078,16:45:00,2024-12-10
202400038887,09:05,Plein jour,93,93072,2,1,1,6.0,JEAN DURAND (RUE) COTE DES N°2 AU 148,48.95301,2.37082,09:05:00,2024-12-10
202400038888,19:00,,93,93029,2,1,2,3.0,HENRI LANGLOIS,48.913384,2.450905,19:00:00,2024-12-10
202400038889,12:05,Plein jour,94,94046,2,1,8,6.0,Avenue du Professeur Cadiot,48.8035,2.433,12:05:00,2024-01-14
202400038890,06:30,,94,94076,2,4,1,3.0,Avenue de Paris,48.802748,2.364366,06:30:00,2024-01-14
202400038891,21:10,,94,94081,2,8,1,3.0,Avenue de l'Abbé Roger Derry / Avenue Youri Gagarine,48.78946,2.38911,21:10:00,2024-01-14
202400038892,18:15,,94,94022,2,3,1,3.0,Avenue Anatole France / Quai Fernand Dupuy,48.764683,2.409849,18:15:00,2024-01-14
202400038893,19:20,,93,93071,2,2,1,2.0,Allee de Villenaut / Allee des Peupliers,48.9308,2.51614,19:20:00,2024-01-14
202400038894,21:20,,93,93066,2,2,8,3.0,Quai de Seine / Rue Paul Éluard,48.94158972,2.34179109,21:20:00,2024-01-13
202400038895,18:30,,93,93050,2,3,1,3.0,Rue Paul Vaillant Couturier / Avenue Pascal,48.87028,2.55477,18:30:00,2024-01-14
202400038896,16:10,Plein jour,93,93048,2,5,8,3.0,Boulevard Henri Barbusse / Rue Ernest Savart,48.86841,2.44147,16:10:00,2024-01-14
202400038897,01:00,,93,93005,2,1,1,7.0,Route de Mitry,48.945356,2.509396,01:00:00,2024-01-14
202400038898,01:07,,92,92062,2,1,1,2.0,BOULEVARD CIRCULAIRE,48.88799,2.23508,01:07:00,2024-01-14
202400038899,08:00,Plein jour,92,92004,2,1,8,2.0,VOLTAIRE ( BD 16 A FIN ),48.91202026,2.29657698,08:00:00,2024-01-14
202400038900,08:50,Crépuscule,37,37260,1,1,7,6.0,La Chevalerie,47.05816161,0.39103746,08:50:00,2024-01-12
202400038901,18:55,,35,35120,2,3,2,3.0,Rue de Dinan,48.224623,-1.794677,18:55:00,2024-01-14
202400038902,05:50,,45,45178,2,3,1,3.0,164 Rue du Capitaine de Bussière,48.002838,2.539081,05:50:00,2024-01-15
202400038903,16:45,Plein jour,77,77382,1,1,8,2.0,Autoroute A140 PK1.8 en direction de Meaux,48.895788,2.894211,16:45:00,2024-01-09
202400038904,07:45,Plein jour,83,83086,2,1,1,6.0,Dn7,43.470742,6.562937,07:45:00,2024-01-15
202400038905,07:27,Crépuscule,57,57192,1,1,1,3.0,Rue de Rohrbach,49.02435078,7.33050095,07:27:00,2024-01-11
202400038906,17:45,Nuit sans éclairage,57,57540,1,1,1,6.0,Route de Sarreguemines,48.775707,7.249818,17:45:00,2024-01-09
202400038907,08:45,Crépuscule,51,51342,1,1,9,7.0,D210,48.98643676,3.92763479,08:45:00,2024-01-14
202400038908,16:23,Plein jour,82,82037,2,1,1,6.0,Boulevard Léonce Granié,44.161548,1.536013,16:23:00,2024-01-13
202400038909,18:15,Crépuscule,61,61319,1,1,1,5.0,D296,48.334457,0.418767,18:15:00,2024-01-14
202400038910,22:00,Nuit sans éclairage,55,55338,1,1,4,7.0,D964,49.41864252,5.20140853,22:00:00,2024-01-14
202400038911,11:00,Plein jour,22,22221,1,1,1,1.0,16 Le Guindy,48.782946,-3.255258,11:00:00,2024-01-12
202400038912,14:35,Plein jour,29,29123,1,1,1,6.0,RN 164,48.20817182,-3.92269551,14:35:00,2024-01-15
202400038913,19:30,Nuit sans éclairage,15,15260,2,1,1,6.0,Le Pont Vieillevie,44.64551,2.415989,19:30:00,2024-01-14
202400038914,13:30,Plein jour,43,43042,1,1,1,6.0,D49,44.904675,3.820968,13:30:00,2024-01-14
202400038915,18:30,Nuit sans éclairage,43,43174,1,4,1,2.0,RN102,45.003257,3.812546,18:30:00,2024-01-14
202400038916,09:34,Plein jour,36,36016,1,1,2,6.0,Unknown,46.532532,1.141527,09:34:00,2024-01-14
202400038917,20:00,Nuit sans éclairage,36,36243,1,1,9,6.0,La Croix de la Barre,46.96833935,1.36989534,20:00:00,2024-01-14
202400038918,21:10,Nuit sans éclairage,24,24340,1,1,1,6.0,Route des Junies,44.864185,0.39995,21:10:00,2024-01-14
202400038919,02:00,Nuit sans éclairage,49,49002,1,1,1,6.0,A85 PK 42+200,47.28503,0.012671,02:00:00,2024-01-13
202400038920,10:30,Plein jour,978,97801,2,1,1,3.0,"RN 7, la savane",18.094231,-63.065954,10:30:00,2024-01-15
202400038921,16:20,Plein jour,978,97801,2,1,1,5.0,R QUARTIER D'ORLEANS,18.064592,-63.039336,16:20:00,2024-01-13
202400038922,19:10,,13,13069,2,3,1,3.0,avenue général de gaulle,43.628838,5.15705,19:10:00,2024-01-11
202400038923,05:55,Nuit sans éclairage,01,01038,1,1,1,2.0,A 39,46.33943,5.282509,05:55:00,2024-01-15
202400038924,19:20,Crépuscule,973,97309,2,1,1,1.0,Route des Plages,4.893946,-52.258111,19:20:00,2024-01-14
202400038925,13:40,Plein jour,06,06088,1,1,1,1.0,Bretelle de sortie n°55 nord Nice centre,43.731879,7.291805,13:40:00,2024-01-15
202400038926,09:38,Plein jour,73,73117,1,1,4,1.0,D1006,45.190892,6.640165,09:38:00,2024-01-15
202400038927,20:55,Nuit sans éclairage,38,38449,1,1,1,5.0,"A43, PK021+000",45.648218,5.121388,20:55:00,2024-01-14
202400038928,20:15,Nuit sans éclairage,38,38053,1,1,1,5.0,"A43, PK031+200",45.607718,5.235693,20:15:00,2024-01-14
202400038929,19:30,Nuit sans éclairage,987,98714,1,1,1,3.0,nunue,-16.52477167,-151.73688769,19:30:00,2024-01-12
202400038930,10:45,Plein jour,95,95142,1,1,1,6.0,D915,49.16903149,1.92025836,10:45:00,2024-01-15
202400038931,19:00,Nuit sans éclairage,2B,2B087,1,1,1,1.0,D71,42.321985,9.517314,19:00:00,2024-01-14
202400038932,14:15,Plein jour,03,03266,1,1,1,6.0,D125,46.261299,3.450909,14:15:00,2024-01-14
202400038933,20:45,Nuit sans éclairage,26,26116,1,1,1,1.0,Route Nationale 7,44.41016888,4.71075296,20:45:00,2024-01-14
202400038934,08:45,Plein jour,69,69204,2,1,2,6.0,106 Avenue Georges Clémenceau,45.698621,4.794838,08:45:00,2024-01-15
202400038935,18:00,Nuit sans éclairage,09,09282,1,1,2,3.0,D14,43.22771243,1.60368472,18:00:00,2024-01-14
202400038936,12:55,Plein jour,17,17086,1,3,1,3.0,D131,45.753737,-0.567381,12:55:00,2024-01-13
202400038937,16:54,Plein jour,86,86294,1,1,1,7.0,D7,46.652781,0.170328,16:54:00,2024-01-15
202400038938,12:00,Plein jour,33,33393,1,1,1,6.0,Unknown,44.971622,-0.165267,12:00:00,2024-01-13
202400038939,16:05,Crépuscule,44,44037,1,1,2,6.0,2 Chantegrolle,47.1353519,-1.44173294,16:05:00,2024-01-14
202400038940,10:10,Plein jour,59,59129,1,1,1,1.0,D19,50.515623,3.156102,10:10:00,2024-01-12
202400038941,04:36,,13,13202,1,1,1,6.0,TVPCM-Sens Saint Victor vers Les Ports,43.28348349,5.40033281,04:36:00,2024-01-14
202400038942,05:30,Nuit sans éclairage,67,67482,1,1,9,3.0,Autoroute A.351,48.58806,7.70844,05:30:00,2024-01-13
202400038943,00:04,Nuit sans éclairage,33,33487,1,6,5,6.0,AUTOROUTE A 10,44.952013,-0.46075,00:04:00,2024-01-14
202400038944,11:02,Plein jour,91,91689,1,1,8,4.0,A6A,48.74938564,2.32794471,11:02:00,2024-01-14
202400038945,06:05,Nuit sans éclairage,94,94021,1,1,8,6.0,A6B,48.76021415,2.33890139,06:05:00,2024-01-14
202400038946,14:25,Plein jour,92,92064,1,1,1,2.0,A13,48.83958871,2.2007699,14:25:00,2024-01-14
202400038947,05:55,Nuit sans éclairage,92,92048,1,1,1,2.0,N118,48.7911923,2.2202633,05:55:00,2024-01-14
202400038948,08:55,Plein jour,93,93066,1,1,1,7.0,AUTOROUTE A86,48.9228,2.34502,08:55:00,2024-01-14
202400038949,19:10,Nuit sans éclairage,95,95252,1,1,1,2.0,A115,48.98873778,2.24363721,19:10:00,2024-01-13
202400038950,11:45,Plein jour,976,97611,2,1,1,3.0,kaweni-Centrale (rue),-12.775,45.223,11:45:00,2024-01-13
202400038951,08:10,Plein jour,976,97611,1,1,1,3.0,m'tsapere-Nationale 2 (route),-12.80033,45.21565,08:10:00,2024-01-13
202400038952,14:15,Plein jour,974,97416,1,1,2,6.0,RN3 (1),-21.30908,55.49807,14:15:00,2024-01-13
202400038953,20:30,,69,69383,2,2,1,5.0,Rue Garibaldi,45.76273,4.85175,20:30:00,2024-01-13
202400038954,18:20,,972,97213,2,1,1,7.0,BASSE GONDEAU (CHEMIN RURAL N°3 DE),14.6283,-61.02816,18:20:00,2024-01-13
202400038955,13:40,Plein jour,972,97213,2,1,1,3.0,ROUTE NATIONALE 1,14.61819,-61.02765,13:40:00,2024-01-13
202400038956,21:13,,2B,2B120,2,3,1,,VILLAGE (Route du) D364,42.65512,9.43598,21:13:00,2024-01-13
202400038957,11:11,Plein jour,2B,2B037,2,1,1,2.0,TOUTES RUES,42.61455,9.43757,11:11:00,2024-01-13
202400038958,05:40,,971,97113,1,1,2,7.0,BAS DU FORT,16.22033,-61.51743,05:40:00,2024-01-13
202400038959,16:45,Plein jour,971,97113,2,1,2,6.0,SECTION MOREAU,16.24539,-61.45864,16:45:00,2024-01-12
202400038960,14:00,Plein jour,95,95277,2,3,1,6.0,FURMANEK (RUE),48.98548613,2.45070487,14:00:00,2024-01-12
202400038961,09:15,Plein jour,95,95476,2,1,1,6.0,GENERAL DE GAULLE (RUE DU),49.056269,2.065476,09:15:00,2024-01-11
202400038962,11:52,Plein jour,91,91228,2,1,8,3.0,MITTERAND (BD FRANCOIS),48.62478,2.4261,11:52:00,2024-01-13
202400038963,11:45,Plein jour,82,82033,2,1,1,2.0,LEON BRUN (AVENUE),44.04143,1.11009,11:45:00,2024-01-13
202400038964,08:20,Crépuscule,78,78481,2,3,1,3.0,GENERAL LECLERC (AVENUE DU),48.8871,2.09762,08:20:00,2024-01-13
202400038965,22:10,,77,77083,2,1,1,7.0,NESLE (BOULEVARD DE),48.84899,2.58179,22:10:00,2024-01-14
202400038966,10:50,Plein jour,77,77479,2,6,1,6.0,AV HENRI BARBUSSE,48.87506,2.63924,10:50:00,2024-01-13
202400038967,04:40,Nuit sans éclairage,77,77320,2,1,5,6.0,MARECHAL LECLERC (AVENUE DU),48.81988,3.0496,04:40:00,2024-01-13
202400038968,11:10,Plein jour,76,76575,2,1,1,1.0,Rue du Docteur Cotoni,49.36643,1.10595,11:10:00,2024-01-13
202400038969,01:50,,76,76540,2,3,1,2.0,Rue Saint Vivien,49.44203,1.10268,01:50:00,2024-01-13
202400038970,18:45,,69,69266,2,1,1,6.0,45 Cours Tolstoï,45.76368,4.87495,18:45:00,2024-01-13
202400038971,15:50,Plein jour,69,69091,2,1,1,3.0,Rue Victor Hugo,45.58985626,4.77077918,15:50:00,2024-01-12
202400038972,12:30,Plein jour,38,38185,2,1,1,3.0,COURS DE LA LIBÉRATION ET DU GÉNÉRAL DE,45.16983764,5.71278504,12:30:00,2024-05-13
202400038973,07:45,Plein jour,37,37122,2,6,1,7.0,ROUTE DE SAVONNIERES,47.36724,0.65494,07:45:00,2024-05-13
202400038974,15:15,Plein jour,67,67043,2,3,8,6.0,CHARLES BOCK (RUE),48.61281,7.76497,15:15:00,2024-01-13
202400038975,08:20,Plein jour,35,35238,2,2,1,3.0,FREVILLE (AVENUE HENRI),48.08372,-1.67448,08:20:00,2024-05-13
202400038976,18:24,,64,64269,2,1,1,4.0,TARBES DE,43.29974053,-0.308757,18:24:00,2024-01-13
202400038977,12:05,Plein jour,30,30189,2,1,1,3.0,BULLY MICHEL (PLACE),43.8471,4.3961,12:05:00,2024-05-10
202400038978,01:10,Nuit sans éclairage,63,63300,1,1,5,2.0,RD 2009 S/N juste avant bretelle Ennezat,45.88653301,3.1367147,01:10:00,2024-01-13
202400038979,11:00,Plein jour,29,29019,2,3,3,3.0,avenue de Tarente,48.403411,-4.506693,11:00:00,2024-05-13
202400038980,14:45,Plein jour,63,63113,2,1,1,6.0,CARNOT (AVENUE),45.77627,3.09645,14:45:00,2024-01-13
202400038981,19:20,,28,28085,2,1,1,3.0,CHASLES (BOULEVARD),48.443227,1.485252,19:20:00,2024-04-26
202400038982,21:05,,62,62291,1,6,8,6.0,D58,50.41696018,2.8073037,21:05:00,2024-01-12
202400038983,15:45,Plein jour,62,62178,2,1,1,1.0,Rue Alfred Leroy,50.47641,2.54417,15:45:00,2024-01-12
202400038984,15:55,Plein jour,22,22278,2,1,1,2.0,PROMENADES (ET ALL. DES),48.51461,-2.75694,15:55:00,2024-05-13
202400038985,15:35,Plein jour,48,48095,2,1,7,6.0,CAPUCINS (BOULEVARD DES),44.52031,3.49799,15:35:00,2024-01-13
202400038986,12:05,Plein jour,17,17306,2,2,1,3.0,CLEMENCEAU  GEORGES (BD),45.63144,-1.02971,12:05:00,2024-05-13
202400038987,07:40,Nuit sans éclairage,47,47323,1,9,5,7.0,ROLLAND (PLAINE DE),44.370568,0.736213,07:40:00,2024-01-12
202400038988,21:40,,13,13210,2,1,1,1.0,CAPELETTE (AVENUE DE LA),43.28,5.4,21:40:00,2024-05-12
202400038989,10:51,Plein jour,47,47032,2,1,8,6.0,NOGUES (avenue du),44.1869,0.66062,10:51:00,2024-01-13
202400038990,22:13,,13,13005,2,1,1,1.0,GANTEAUME (BOULEVARD AMIRAL,43.28754,5.57377,22:13:00,2024-05-13
202400038991,16:50,Plein jour,47,47032,2,1,1,6.0,REPUBLIQUE (rue de la),44.18611,0.66868,16:50:00,2024-01-12
202400038992,20:25,Plein jour,09,09225,2,1,1,6.0,BELPECH ROUTE DE,43.12524,1.64727,20:25:00,2024-05-13
202400038993,11:03,Plein jour,45,45234,2,1,1,6.0,31 Avenue des Droits de l'Homme,47.92284286,1.93014818,11:03:00,2024-02-28
202400038994,13:55,Plein jour,38,38185,2,1,1,6.0,RUE JEAN-BAPTISTE PRADEL,45.18486,5.72,13:55:00,2024-01-13
202400038995,12:00,Plein jour,01,01053,2,1,1,6.0,JOURDAN ( AVENUE LOUIS),46.20334,5.22047,12:00:00,2024-05-13
202400038996,14:20,Plein jour,37,37214,2,9,8,2.0,MAISONS BLANCHES (QUAI DES),47.39506,0.65393,14:20:00,2024-01-13
202400038997,23:20,,45,45234,2,2,2,6.0,46 Rue Royale,47.900497,1.90401,23:20:00,2024-02-25
202400038998,15:30,Plein jour,75,75106,2,4,1,6.0,RUE GUYNEMER,48.84515,2.332254,15:30:00,2024-05-12
202400038999,12:11,Plein jour,35,35238,2,6,8,3.0,BIGOT DE PREAMENEU,48.09806,-1.66688,12:11:00,2024-01-13
202400039000,22:20,,75,75119,2,7,1,6.0,BOULEVARD D INDOCHINE,48.886239,2.396403,22:20:00,2024-05-13
202400039001,20:16,,45,45234,2,3,1,3.0,Rue de Bourges/Rue de Châteauroux,47.84324,1.92396,20:16:00,2024-02-24
202400039002,17:00,Plein jour,35,35238,2,2,1,3.0,PATTON (AVENUE DU GENERAL SIR GEORGES),48.12855,-1.6642,17:00:00,2024-01-12
202400039003,20:55,Plein jour,75,75119,2,2,1,3.0,AVENUE DE FLANDRE,48.890577,2.376872,20:55:00,2024-05-13
202400039004,21:25,,44,44184,2,6,2,3.0,90 Boulevard du Docteur René Laënnec,47.26988,-2.23923,21:25:00,2024-02-28
202400039005,21:50,,33,33063,2,2,1,3.0,Rue Lucien Faure,44.86411,-0.55838,21:50:00,2024-01-13
202400039006,22:35,,75,75118,2,3,1,6.0,RUE ORDENER,48.890647,2.354543,22:35:00,2024-05-13
202400039007,09:20,Plein jour,85,85191,2,9,3,3.0,AQUITAINE AVENUE ALIENOR D' (SECTEUR 310,46.685069,-1.4299553,09:20:00,2024-04-05
202400039008,10:50,Plein jour,31,31483,2,1,1,6.0,ISLE (AVENUE DE L'),43.11284,0.72598,10:50:00,2024-01-13
202400039009,10:00,Plein jour,44,44184,2,1,1,7.0,106 Route de Brais,47.29958,-2.28444,10:00:00,2024-02-23
202400039010,15:35,Plein jour,75,75115,2,3,1,6.0,BOULEVARD LEFEBVRE,48.831052,2.292378,15:35:00,2024-05-12
202400039011,17:45,Crépuscule,29,29232,2,1,8,6.0,LOCRONAN ROUTE DE,48.01323745,-4.1269024,17:45:00,2024-01-12
202400039012,16:20,Plein jour,84,84007,2,1,1,3.0,SAINT MICHEL (Boulevard),43.9431,4.81152,16:20:00,2024-04-05
202400039013,16:42,Plein jour,44,44184,2,1,3,3.0,Boulevard des Apprentis,47.29565,-2.1851,16:42:00,2024-02-21
202400039014,13:27,Plein jour,75,75112,2,2,1,3.0,BOULEVARD SOULT,48.844225,2.410422,13:27:00,2024-05-13
202400039015,11:00,Plein jour,83,83137,2,1,1,3.0,BROSSET (BD GENERAL),43.12825,5.90574,11:00:00,2024-04-05
202400039016,19:15,,29,29019,2,1,1,4.0,rue Tourville,48.393932,-4.49449,19:15:00,2024-01-13
202400039017,21:02,,44,44109,2,6,1,6.0,Boulevard Léon Jouhaux,47.20961172,-1.59592504,21:02:00,2024-02-19
202400039018,09:37,Plein jour,75,75110,2,2,1,6.0,RUE LA FAYETTE,48.87857,2.354015,09:37:00,2024-05-13
202400039019,14:00,Plein jour,43,43041,2,1,2,3.0,Cote de Tireboeuf,45.04971657,3.90962976,14:00:00,2024-02-26
202400039020,11:05,Plein jour,29,29019,2,6,1,3.0,rue Augustin Jacq,48.422406,-4.469763,11:05:00,2024-01-13
202400039021,08:21,Plein jour,77,77379,2,1,8,6.0,PRES DE LA COMTESSE (RUE DES),48.5454,3.29485,08:21:00,2024-04-05
202400039022,09:20,Plein jour,75,75110,2,3,1,3.0,BOULEVARD DE STRASBOURG,48.873844,2.356712,09:20:00,2024-05-13
202400039023,16:40,Plein jour,15,15014,2,1,1,2.0,Avenue de la République,44.926758,2.440611,16:40:00,2024-01-12
202400039024,15:05,Plein jour,43,43157,2,3,1,3.0,Route de Montredon,45.05552,3.90264,15:05:00,2024-02-26
202400039025,07:10,Nuit sans éclairage,76,76216,2,1,2,6.0,Route de Duclair,49.46569,1.0389,07:10:00,2024-04-05
202400039026,18:32,Plein jour,75,75108,2,4,1,6.0,AVENUE GEORGE V,48.867572,2.30125,18:32:00,2024-05-13
202400039027,17:55,Nuit sans éclairage,13,13103,1,1,1,6.0,RTE D' EYGUIERES-RD 17,43.67966,5.06759,17:55:00,2024-01-13
202400039028,21:05,,76,76540,2,1,2,6.0,Quai Jean Moulin,49.43558,1.0918,21:05:00,2024-04-04
202400039029,13:00,Plein jour,13,13201,2,1,1,1.0,RIVE NEUVE (QUAI DE),43.29270829,5.36779521,13:00:00,2024-01-13
202400039030,11:53,Plein jour,75,75102,2,2,1,1.0,RUE DE LA PAIX,48.869577,2.331529,11:53:00,2024-05-12
202400039031,16:45,Plein jour,76,76351,2,3,1,3.0,FONTAINE LA MALLET (DE).,49.51914,0.12374,16:45:00,2024-04-04
202400039032,04:30,,13,13212,2,1,1,3.0,PIERRE BERANGER (RUE),43.3111,5.4428,04:30:00,2024-01-13
202400039033,08:50,Plein jour,41,41018,2,1,1,3.0,PAPIN (RUE DENIS),47.58631,1.33593,08:50:00,2024-02-23
202400039034,03:10,,13,13204,2,9,9,3.0,SAKAKINI (BOULEVARD),43.29319,5.40151,03:10:00,2024-01-13
202400039035,22:00,,94,94041,2,2,1,3.0,Avenue de Verdun / Boulevard Hippolyte Marquès,48.81728,2.36722,22:00:00,2024-05-13
202400039036,06:20,Crépuscule,71,71270,2,2,2,3.0,INTERSECTION RUE DE SOLUTRE- AV P DENAVE,46.30117885,4.81825322,06:20:00,2024-04-03
202400039037,17:50,,13,13206,2,1,1,3.0,TROIS FRERES (RUE DES),43.29253,5.38399,17:50:00,2024-01-12
202400039038,16:50,Plein jour,41,41018,2,9,1,6.0,FLANDRES (RUE DES),47.59745,1.335285,16:50:00,2024-02-19
202400039039,21:55,,69,69266,2,1,1,1.0,5 Rue Emile Decorps,45.75891,4.90028,21:55:00,2024-04-05
202400039040,16:55,Plein jour,13,13207,2,2,1,1.0,CORDERIE (BOULEVARD DE LA),43.28985,5.36629,16:55:00,2024-01-12
202400039041,16:25,Plein jour,39,39300,2,2,1,6.0,185 Boulevard Jules Ferry,46.670589,5.545508,16:25:00,2024-02-21
202400039042,11:09,Plein jour,11,11262,2,1,1,6.0,9 Boulevard du Docteur Lacroix,43.18005,3.00272,11:09:00,2024-01-12
202400039043,18:20,Plein jour,39,39300,2,4,1,6.0,1 Avenue Jean Moulin,46.672886,5.55817,18:20:00,2024-02-21
202400039044,09:00,Plein jour,69,69264,2,3,1,3.0,Route de Frans,45.98496,4.73155,09:00:00,2024-04-05
202400039045,07:55,Plein jour,94,94018,2,3,1,6.0,Quai de Bercy / Rue de l'Arcade,48.82172656,2.39943445,07:55:00,2024-05-13
202400039046,14:05,Plein jour,11,11262,2,9,1,6.0,2 Avenue du President Kennedy,43.18544,3.00979,14:05:00,2024-01-09
202400039047,08:30,Crépuscule,11,11069,1,1,5,6.0,RD 6113,43.204767,2.399251,08:30:00,2024-01-13
202400039048,17:40,Plein jour,69,69259,2,1,1,3.0,86 Avenue Viviani,45.72364,4.87399,17:40:00,2024-04-05
202400039049,17:50,Plein jour,93,93007,2,2,1,3.0,Rue Yvan Pavlov / Rue Galilée,48.941194,2.477035,17:50:00,2024-05-13
202400039050,13:10,Plein jour,38,38185,2,1,1,3.0,AMPERE (RUE ),45.1863686,5.70578009,13:10:00,2024-02-26
202400039051,16:00,Plein jour,69,69259,2,1,6,7.0,Avenue d'Oschatz,45.69607,4.88219,16:00:00,2024-04-05
202400039052,19:00,Crépuscule,06,06088,2,1,1,6.0,Boulevard de la Madeleine,43.70327,7.23514,19:00:00,2024-01-13
202400039053,12:10,Plein jour,93,93078,2,1,1,6.0,Boulevard Robert Ballanger,48.96,2.553,12:10:00,2024-05-13
202400039054,19:35,,37,37195,2,1,8,2.0,COUVENT DES MINIMES,47.38103,0.65374,19:35:00,2024-02-28
202400039055,16:45,Plein jour,02,02738,2,1,1,6.0,11 Boulevard Gustave Grégoire (Tergnier),49.65519,3.29727,16:45:00,2024-01-12
202400039056,17:25,Plein jour,69,69259,2,1,1,1.0,Boulevard Marcel Sembat,45.71672,4.88325,17:25:00,2024-04-04
202400039057,05:15,,93,93066,2,3,1,3.0,Avenue Lénine / Avenue Roger Sémat,48.94673,2.35793,05:15:00,2024-05-13
202400039058,17:00,Plein jour,93,93066,2,1,1,6.0,Rue du Docteur Delafontaine,48.93623324,2.37351036,17:00:00,2024-05-13
202400039059,08:05,Plein jour,37,37261,2,6,1,3.0,WATT (AVENUE JAMES),47.36543,0.68048,08:05:00,2024-02-28
202400039060,13:35,Plein jour,69,69290,2,2,1,3.0,Route de Grenoble,45.71577,4.96168,13:35:00,2024-04-04
202400039061,21:45,,75,75112,2,4,1,4.0,BD PERIPHERIQUE EXTERIEUR,48.8267409,2.38998234,21:45:00,2024-01-12
202400039062,23:20,Nuit sans éclairage,37,37195,2,1,2,6.0,RD 88,47.38985,0.64832,23:20:00,2024-02-25
202400039063,03:25,,75,75106,2,3,1,7.0,RUE DE SEINE,48.856273,2.33665,03:25:00,2024-01-13
202400039064,17:50,Plein jour,67,67482,2,8,1,3.0,JEAN JAURES (AVENUE),48.57081,7.75877,17:50:00,2024-04-05
202400039065,01:30,,93,93010,2,2,1,3.0,PARIS (RUE DE),48.9,2.47,01:30:00,2024-05-12
202400039066,14:57,Plein jour,75,75119,2,1,1,3.0,BOULEVARD MACDONALD,48.896351,2.393353,14:57:00,2024-01-13
202400039067,10:50,Plein jour,37,37214,2,1,1,1.0,MENARDIERE (RUE DE LA),47.41996,0.66392,10:50:00,2024-02-24
202400039068,04:50,Nuit sans éclairage,66,66136,1,1,1,6.0,Unknown,42.70953976,2.87605762,04:50:00,2024-04-05
202400039069,16:30,Plein jour,93,93032,2,2,1,3.0,Avenue Paul de Kock / Avenue Guynemer,48.8779,2.569,16:30:00,2024-05-12
202400039070,23:40,,37,37261,2,1,2,6.0,ROOSEVELT (RUE FRANKLIN),47.37649,0.67863,23:40:00,2024-02-23
202400039071,10:50,Plein jour,66,66136,2,1,1,6.0,Place Salvador Espriu,42.6673,2.883,10:50:00,2024-04-05
202400039072,15:30,Plein jour,75,75117,2,2,8,6.0,RUE NAVIER,48.89588,2.323022,15:30:00,2024-01-13
202400039073,14:30,Plein jour,93,93001,2,1,1,3.0,Quai Lucien Lefranc,48.913271,2.372561,14:30:00,2024-05-13
202400039074,09:14,Plein jour,65,65440,2,6,7,3.0,RN21,43.22278404,0.04687595,09:14:00,2024-04-05
202400039075,12:35,Plein jour,37,37261,2,9,1,6.0,SAINT ELOI (PLACE),47.38842,0.67573,12:35:00,2024-02-23
202400039076,08:45,Plein jour,75,75117,2,2,8,1.0,AVENUE DE SAINT OUEN,48.892572,2.32729,08:45:00,2024-01-13
202400039077,21:10,Crépuscule,92,92064,2,2,1,3.0,REPUBLIQUE,48.84939606,2.21376354,21:10:00,2024-05-12