Num_Acc,hrmn,lum,dep,com,agg,int,atm,col,adr,lat,long,heure,date
202400039078,18:55,Plein jour,64,64445,2,9,1,3.0,DOYEN ROBERT POPLAWSKI DU,43.31316212,-0.36868036,18:55:00,2024-04-05
202400039079,12:50,Plein jour,37,37122,2,8,8,3.0,REPUBLIQUE (AVENUE DE LA),47.35387,0.66392,12:50:00,2024-02-23
202400039080,19:30,,75,75109,2,3,1,2.0,BOULEVARD HAUSSMANN,48.872356,2.337457,19:30:00,2024-01-12
202400039081,14:45,Plein jour,92,92020,2,2,1,6.0,LIBERTE BOULEVARD DE LA N° PAIRS,48.80369602,2.28881818,14:45:00,2024-05-13
202400039082,09:00,Plein jour,64,64284,2,6,1,3.0,CHARLES TOUZET,43.28586,-0.39923,09:00:00,2024-04-05
202400039083,08:00,Crépuscule,75,75116,2,1,1,6.0,AVENUE DU PRESIDENT KENNEDY,48.857043,2.286755,08:00:00,2024-01-13
202400039084,18:35,Plein jour,92,92019,2,1,1,6.0,JAURES JEAN (RUE),48.77040176,2.27499944,18:35:00,2024-05-13
202400039085,17:15,Plein jour,37,37261,2,1,2,3.0,DANIEL MAYER,47.4189,0.69969,17:15:00,2024-02-22
202400039086,08:15,Crépuscule,75,75107,2,1,1,7.0,AVENUE DE LOWENDAL,48.85205,2.307629,08:15:00,2024-01-13
202400039087,18:15,Plein jour,62,62498,2,1,1,1.0,D58E1,50.42749,2.81115,18:15:00,2024-04-04
202400039088,17:00,Plein jour,92,92012,2,3,1,3.0,GEORGES GORSE (QUAI),48.82606177,2.23311344,17:00:00,2024-05-13
202400039089,14:06,Plein jour,37,37233,2,1,3,6.0,DUCLOS (AVENUE JACQUES),47.3794,0.71575,14:06:00,2024-02-22
202400039090,19:15,,94,94081,2,1,8,6.0,Avenue Paul Vaillant Couturier,48.7926,2.39539,19:15:00,2024-01-13
202400039091,17:00,Plein jour,61,61001,2,1,2,1.0,Voie Communale,48.440031,0.092894,17:00:00,2024-04-05
202400039092,17:01,Plein jour,92,92002,2,3,1,7.0,DIVISION LECLERC (53 A 217 - 58 A 186),48.73830998,2.30197424,17:01:00,2024-05-13
202400039093,10:40,Plein jour,37,37261,2,1,3,3.0,PALISSY (RUE BERNARD),47.3928,0.69346,10:40:00,2024-02-22
202400039094,19:00,Plein jour,59,59599,2,2,1,3.0,Rue de l'Yser,50.74567,3.17559,19:00:00,2024-04-05
202400039095,11:50,Plein jour,60,60201,1,1,2,1.0,route départementale 587,49.592207,2.535042,11:50:00,2024-05-14
202400039096,10:10,Plein jour,37,37122,1,1,3,7.0,RD 127 ,47.32065781,0.66790223,10:10:00,2024-02-22
202400039097,15:05,Plein jour,94,94052,2,5,1,4.0,Boulevard de Strasbourg / Grande Rue Charles de Gaulle,48.8357,2.47433,15:05:00,2024-01-13
202400039098,17:11,Plein jour,62,62461,1,1,3,6.0,D928,50.386181,2.045131,17:11:00,2024-05-14
202400039099,10:05,Plein jour,62,62661,2,1,7,7.0,D349,50.38693,1.978649,10:05:00,2024-05-11
202400039100,18:05,Plein jour,59,59350,2,2,1,3.0,Rue de Marquillies,50.61484,3.05282,18:05:00,2024-04-05
202400039101,11:35,Plein jour,36,36044,2,9,1,3.0,Unknown,46.79188759,1.7001839,11:35:00,2024-02-23
202400039102,02:29,,94,94034,2,1,1,6.0,Avenue de la Division Leclerc,48.75720658,2.32810754,02:29:00,2024-01-13
202400039103,04:32,,94,94073,2,1,2,6.0,Rue des Alouettes,48.752903,2.378275,04:32:00,2024-01-13
202400039104,19:50,,35,35238,2,3,1,3.0,GUILLOUX (LOUIS),48.11019165,-1.69918746,19:50:00,2024-02-27
202400039105,22:35,,51,51649,2,2,1,3.0,1 Rue Neuve,48.724035,4.581728,22:35:00,2024-05-13
202400039106,11:05,Plein jour,54,54439,2,3,1,4.0,Avenue Charles de Gaulle,48.7050404,6.25721544,11:05:00,2024-04-05
202400039107,18:20,,94,94046,2,3,8,3.0,Avenue de la République / Rue Pasteur,48.80061,2.43064,18:20:00,2024-01-13
202400039108,08:00,Plein jour,71,71007,1,4,1,3.0,D981,46.53558,4.683944,08:00:00,2024-05-13
202400039109,23:45,,54,54304,2,1,2,6.0,Boulevard du Maréchal Foch,48.68324,6.15118,23:45:00,2024-04-04
202400039110,16:40,Plein jour,35,35278,1,1,1,2.0,RD 137,48.17428418,-1.71655744,16:40:00,2024-02-27
202400039111,19:10,,93,93048,2,2,1,3.0,THEOPHILE SUEUR (BOULEVARD),48.86334,2.46663,19:10:00,2024-01-13
202400039112,07:15,Plein jour,31,31116,2,6,3,3.0,Route de Bessiéres,43.69561,1.45071,07:15:00,2024-05-14
202400039113,20:45,Nuit sans éclairage,35,35051,1,1,6,6.0,NORMANDIE (PORTE DE),48.15172,-1.60452,20:45:00,2024-02-26
202400039114,16:10,Plein jour,54,54395,2,2,2,6.0,Rue Aristide Briand,48.682104,6.164907,16:10:00,2024-04-04
202400039115,14:30,Plein jour,93,93031,2,3,1,2.0,Avenue du 18 Juin 1940 / Rue des Alliés,48.952615,2.307364,14:30:00,2024-01-13
202400039116,06:30,Crépuscule,54,54099,1,1,2,7.0,D138,49.24712,6.01839,06:30:00,2024-04-05
202400039117,06:45,,35,35238,2,1,2,6.0,METZ (BD DE),48.11495559,-1.65733732,06:45:00,2024-02-26
202400039118,00:30,Nuit sans éclairage,84,84137,1,3,1,6.0,d938,44.230441,5.08594,00:30:00,2024-05-13
202400039119,15:10,Plein jour,21,21599,1,1,1,2.0,A31,47.559002,5.198418,15:10:00,2024-05-13
202400039120,22:50,,93,93057,2,2,1,4.0,Avenue Aristide Briand / Allée des Archers,48.909764,2.507187,22:50:00,2024-01-13
202400039121,12:05,Plein jour,35,35238,2,3,1,3.0,GUILLAUDOT ( DU GENERAL MAURICE),48.11453145,-1.67446688,12:05:00,2024-02-23
202400039122,18:00,Plein jour,28,28073,1,1,1,3.0,A11,48.476847,1.623745,18:00:00,2024-05-12
202400039123,08:30,Plein jour,51,51454,2,3,1,2.0,ALBERT 1ER (BOULEVARD),49.27005,4.01084,08:30:00,2024-04-05
202400039124,18:00,Nuit sans éclairage,35,35094,1,1,1,2.0,La Mare Durand,48.3412801,-1.71815336,18:00:00,2024-01-12
202400039125,01:55,,35,35238,2,4,2,6.0,LORIENT (DE),48.10935,-1.70731,01:55:00,2024-02-23
202400039126,13:40,Plein jour,31,31484,2,6,1,6.0,Route de Bessières,43.68743586,1.48769528,13:40:00,2024-01-09
202400039127,14:50,Plein jour,01,01180,1,1,1,1.0,D15,46.326076,6.112862,14:50:00,2024-05-13
202400039128,15:23,Plein jour,49,49007,2,1,1,3.0,ROI RENE BOULEVARD,47.46782,-0.55618,15:23:00,2024-04-04
202400039129,12:55,Plein jour,35,35238,2,2,2,3.0,NANTES (DE),48.09733,-1.68887,12:55:00,2024-02-21
202400039130,15:50,Plein jour,31,31184,2,3,1,3.0,Avenue de la Digue,43.594795,1.562365,15:50:00,2024-01-13
202400039131,18:45,Plein jour,01,01033,2,6,1,3.0,route de la plaine,46.128233,5.811912,18:45:00,2024-05-13
202400039132,16:20,Plein jour,54,54581,1,1,1,6.0,D952,49.1226535,5.88902593,16:20:00,2024-01-13
202400039133,07:28,,49,49007,2,1,3,6.0,TARDAT,47.448793,-0.552467,07:28:00,2024-04-04
202400039134,11:30,Plein jour,35,35278,1,1,1,4.0,RD 137,48.16924832,-1.71298333,11:30:00,2024-02-20
202400039135,10:05,Plein jour,34,34253,1,1,3,7.0,A75,43.840306,3.312261,10:05:00,2024-05-14
202400039136,16:10,Plein jour,83,83019,2,1,1,6.0,Route du Baguier,43.151644,6.344857,16:10:00,2024-01-13
202400039137,22:30,Nuit sans éclairage,37,37027,1,1,1,3.0,A85,47.29449101,0.94453257,22:30:00,2024-05-10
202400039138,18:25,Crépuscule,35,35238,1,1,2,4.0,ROCADE 10-11,48.115,-1.719,18:25:00,2024-02-19
202400039139,00:12,,45,45285,2,3,1,3.0,111 Rue du 11 Octobre,47.91935,1.88255,00:12:00,2024-04-06
202400039140,15:50,Plein jour,63,63290,1,1,8,7.0,"A89, PK 337+650",45.87159916,2.90138901,15:50:00,2024-01-14
202400039141,07:45,Crépuscule,34,34014,1,1,7,5.0,D68,43.726514,3.88135,07:45:00,2024-05-13
202400039142,14:45,Plein jour,45,45004,2,1,1,3.0,196 Rue du Maréchal Juin,47.973985,2.776399,14:45:00,2024-04-05
202400039143,20:15,,34,34172,2,3,1,3.0,CASTELNAU (AVENUE DE),43.62703,3.87298,20:15:00,2024-02-24
202400039144,06:55,Crépuscule,51,51627,2,1,1,6.0,32 Rue Pierre Renault,48.920071,4.065886,06:55:00,2024-05-07
202400039145,14:19,Plein jour,51,51329,1,1,1,1.0,D 944 PK 8+100,49.331855,3.963629,14:19:00,2024-01-13
202400039146,01:00,,44,44184,2,6,1,6.0,Rond point Océanis,47.2570332,-2.26972959,01:00:00,2024-04-05
202400039147,19:45,Plein jour,77,77187,2,1,1,6.0,17 Rue Nonat,48.411599,3.391305,19:45:00,2024-05-13
202400039148,01:55,,34,34198,2,1,1,2.0,D21  ROUTE DE CARNON,43.57592,3.93986,01:55:00,2024-02-24
202400039149,20:15,Plein jour,43,43046,2,1,1,2.0,26 Avenue des Champs Élysées,45.0522,3.89725,20:15:00,2024-04-05
202400039150,16:30,Plein jour,2A,2A098,2,9,1,7.0,D155,41.79862567,8.74180554,16:30:00,2024-05-09
202400039151,21:10,Nuit sans éclairage,76,76367,1,1,1,6.0,D121,49.490204,1.09314,21:10:00,2024-01-13
202400039152,20:00,Nuit sans éclairage,34,34172,1,1,1,2.0,JOUHAUX (AVENUE LEON),43.59419,3.82051,20:00:00,2024-02-23
202400039153,15:20,Plein jour,42,42218,2,2,1,3.0,Rue des Francs Macons,45.43085,4.39426,15:20:00,2024-03-22
202400039154,16:25,Plein jour,82,82112,2,1,1,3.0,98 Avenue du Chasselas,44.11355949,1.10996962,16:25:00,2024-01-13
202400039155,19:00,,34,34172,2,1,1,3.0,PAVELET (AVENUE DU COLONEL),43.58502,3.86015,19:00:00,2024-02-23
202400039156,15:45,Plein jour,81,81185,1,1,1,6.0,D36 PK 8+100,43.858715,1.565509,15:45:00,2024-05-14
202400039157,17:10,Plein jour,33,33026,1,1,1,6.0,Unknown,44.452623,-0.410657,17:10:00,2024-01-13
202400039158,23:45,Nuit avec éclairage,42,42127,2,7,1,1.0,Rue Jean de la Fontaine,46.06773,4.05989,23:45:00,2024-04-05
202400039159,18:30,Plein jour,89,89297,1,1,1,6.0,D958,47.43459,3.777859,18:30:00,2024-05-13
202400039160,06:50,Nuit sans éclairage,89,89136,1,1,1,6.0,D606,48.262241,3.237126,06:50:00,2024-01-14
202400039161,19:12,,34,34172,2,1,1,6.0,TELEMAQUE (BOULEVARD),43.60584,3.92561,19:12:00,2024-02-23
202400039162,18:50,Plein jour,42,42184,2,9,1,1.0,Rue Jules Faron,46.04075158,4.03804779,18:50:00,2024-04-05
202400039163,18:00,Plein jour,63,63368,1,1,1,7.0,Départementale D310,45.68129726,3.31367037,18:00:00,2024-05-13
202400039164,19:00,Nuit sans éclairage,63,63317,1,1,1,6.0,D12,45.94449835,3.32468604,19:00:00,2024-01-14
202400039165,16:10,Plein jour,34,34003,2,1,2,6.0,JANIN (G15 A K16,43.30699,3.47715,16:10:00,2024-02-27
202400039166,13:15,Plein jour,37,37261,2,1,8,6.0,WAGNER (BOULEVARD RICHARD),47.37605,0.71036,13:15:00,2024-04-05
202400039167,23:00,Nuit sans éclairage,42,42134,1,1,2,6.0,Route de Boën,45.697977,4.036736,23:00:00,2024-05-13
202400039168,10:00,Plein jour,34,34129,2,1,1,3.0,D116,43.55814,3.8522,10:00:00,2024-04-05
202400039169,19:15,Plein jour,68,68062,1,1,1,2.0,D16,47.60164237,7.1617931,19:15:00,2024-05-14
202400039170,14:30,Plein jour,12,12185,2,1,9,7.0,La Lande,44.288319,2.715755,14:30:00,2024-01-13
202400039171,09:00,Plein jour,33,33200,1,6,1,2.0,Unknown,44.85934,-0.68497,09:00:00,2024-02-28
202400039172,08:00,Plein jour,34,34032,2,1,1,3.0,KENNEDY PRESIDENT (BD DU),43.35303,3.23949,08:00:00,2024-04-03
202400039173,04:55,Nuit sans éclairage,29,29175,1,3,8,1.0,Pont Kerhoaden,48.29924095,-3.83505802,04:55:00,2024-05-14
202400039174,21:30,Nuit sans éclairage,42,42135,1,1,1,6.0,D1082,45.660169,4.230221,21:30:00,2024-01-12
202400039175,21:00,,33,33063,2,1,1,6.0,Unknown,44.84025,-0.59816,21:00:00,2024-04-05
202400039176,21:00,,33,33063,2,1,2,6.0,CRS JULES LADOUMEGUE,44.89772,-0.57459,21:00:00,2024-02-26
202400039177,06:03,Nuit sans éclairage,68,68091,1,1,5,7.0,départementale 3 bis,47.91816731,7.48303092,06:03:00,2024-01-14
202400039178,16:15,Plein jour,33,33249,2,1,1,3.0,Unknown,44.873364,-0.513749,16:15:00,2024-04-05
202400039179,17:10,Plein jour,29,29056,1,2,1,3.0,D159,48.44288248,-4.32470839,17:10:00,2024-04-27
202400039180,20:35,Nuit avec éclairage,01,01029,2,1,8,1.0,100 Rue Principale,46.411377,5.267928,20:35:00,2024-01-07
202400039181,10:30,Plein jour,33,33063,2,1,1,6.0,Unknown,44.86222,-0.584914,10:30:00,2024-04-05
202400039182,19:50,,33,33063,2,3,2,2.0,Unknown,44.86818708,-0.57042271,19:50:00,2024-02-24
202400039183,19:00,Plein jour,29,29173,1,1,9,1.0,Route de Douarnenez,48.00627283,-4.17005417,19:00:00,2024-05-13
202400039184,11:00,Plein jour,33,33529,2,1,1,6.0,Unknown,44.63321,-1.15057,11:00:00,2024-04-05
202400039185,19:10,Plein jour,18,18018,1,1,1,2.0,Unknown,47.033068,2.635324,19:10:00,2024-05-13
202400039186,22:15,Nuit sans éclairage,30,30189,2,3,1,3.0,POMPIDOU GEORGES (AVENUE),43.83218,4.34993,22:15:00,2024-03-15
202400039187,18:50,Nuit sans éclairage,06,06129,2,1,1,5.0,PK 21+800 RM 2205,44.06669,7.114763,18:50:00,2024-01-13
202400039188,18:20,Plein jour,10,10153,1,1,3,6.0,D374,48.44001089,3.50538969,18:20:00,2024-05-12
202400039189,15:20,Plein jour,50,50082,1,1,1,7.0,Route de Carteret. (Le Vrétot),49.444412,-1.708159,15:20:00,2024-01-13
202400039190,16:30,Plein jour,36,36088,2,1,1,6.0,Avenue du Colombier,46.94877301,2.00747875,16:30:00,2024-05-13
202400039191,19:06,,33,33318,2,6,2,6.0,Unknown,44.79083,-0.63373,19:06:00,2024-02-24
202400039192,08:55,Plein jour,29,29019,2,6,1,6.0,rue Jean Macé,48.388921,-4.491475,08:55:00,2024-04-05
202400039193,10:15,Plein jour,16,16064,1,2,1,3.0,Unknown,45.970134,0.942861,10:15:00,2024-05-14
202400039194,19:20,Nuit sans éclairage,36,36018,2,4,9,3.0,Rue de la Trimouille,46.62263217,1.05278536,19:20:00,2024-01-13
202400039195,14:10,Plein jour,33,33063,2,3,2,3.0,Unknown,44.862065,-0.555886,14:10:00,2024-02-23
202400039196,19:55,Plein jour,29,29019,2,3,1,6.0,rue du Carpon,48.389336,-4.500322,19:55:00,2024-04-04
202400039197,22:30,Nuit sans éclairage,24,24286,1,1,5,6.0,Route des Coteaux,45.272663,0.473426,22:30:00,2024-01-13
202400039198,16:11,Plein jour,17,17224,2,2,7,1.0,Départementale 121,45.862281,-0.31193,16:11:00,2024-05-12
202400039199,10:58,Plein jour,14,14366,2,1,1,7.0,62 Rue Henry Chéron,49.14528,0.22411,10:58:00,2024-04-05
202400039200,05:50,Nuit sans éclairage,37,37124,1,1,2,6.0,D976,47.366027,0.789927,05:50:00,2024-05-14
202400039201,20:14,,33,33063,2,2,2,3.0,Unknown,44.84872,-0.623,20:14:00,2024-02-22
202400039202,21:45,Nuit sans éclairage,13,13019,2,3,1,3.0,D60 A,43.44486,5.37248,21:45:00,2024-04-05
202400039203,20:20,Crépuscule,67,67212,1,1,1,1.0,M400,48.551742,7.652675,20:20:00,2024-05-13
202400039204,11:00,Plein jour,45,45247,1,1,8,7.0,A77 PR 24 + 600,48.027045,2.676373,11:00:00,2024-01-14
202400039205,11:30,Plein jour,77,77306,1,1,1,6.0,Autoroute A Barrière de péage des Eprunes direction PARIS,48.589212,2.657619,11:30:00,2024-01-14
202400039206,23:05,,13,13103,2,3,1,3.0,AVENUE JUIN - DU 18 ... 1940,43.62796,5.10696,23:05:00,2024-04-05
202400039207,17:00,Plein jour,06,06085,1,1,1,4.0,A8,43.58672343,7.03083438,17:00:00,2024-05-13
202400039208,09:25,Plein jour,33,33069,2,3,1,3.0,Unknown,44.85751,-0.59144,09:25:00,2024-02-22
202400039209,20:00,Nuit sans éclairage,976,97604,1,1,1,1.0,D4,-12.92974,45.117974,20:00:00,2024-01-27
202400039210,16:00,Plein jour,13,13209,2,3,1,3.0,MICHELET (BOULEVARD),43.25535,5.40131,16:00:00,2024-04-05
202400039211,08:40,Plein jour,03,03297,1,1,9,2.0,Autoroute A71 Pk 276+700,46.517532,2.579641,08:40:00,2024-01-14
202400039212,18:20,Plein jour,33,33063,2,2,1,3.0,CRS VICTOR HUGO,44.83509,-0.575,18:20:00,2024-02-21
202400039213,14:31,Plein jour,73,73008,1,1,1,5.0,A41,45.703367,5.9284,14:31:00,2024-05-12
202400039214,16:25,Plein jour,11,11069,2,1,1,5.0,ROCADE EST RD 6113,43.21972,2.38086,16:25:00,2024-04-02
202400039215,11:35,Plein jour,38,38193,2,3,1,3.0,Rue du Lans,45.619257,5.222041,11:35:00,2024-01-13
202400039216,09:45,Plein jour,33,33069,2,6,1,3.0,Unknown,44.863704,-0.59478,09:45:00,2024-02-21
202400039217,20:20,,06,06088,2,1,1,6.0,15 Promenade des Anglais,43.69475,7.26428,20:20:00,2024-04-05
202400039218,14:00,Plein jour,69,69242,1,1,1,2.0,Autoroute 6,46.12331804,4.76398257,14:00:00,2024-05-13
202400039219,08:30,Plein jour,03,03186,1,1,8,4.0,A 71 PK 317+900,46.330099,2.958198,08:30:00,2024-01-14
202400039220,15:30,Plein jour,06,06029,2,1,1,3.0,33 Boulevard de la Croisette,43.55053,7.02252,15:30:00,2024-04-05
202400039221,07:00,Crépuscule,33,33281,2,6,1,3.0,Unknown,44.83271,-0.67867,07:00:00,2024-02-21
202400039222,17:30,Plein jour,28,28372,1,1,1,1.0,D4,48.644394,1.576023,17:30:00,2024-05-13
202400039223,18:00,Nuit sans éclairage,64,64125,1,1,2,6.0,"A63, PK 187.500",43.42551334,-1.59277404,18:00:00,2024-01-14
202400039224,19:18,Plein jour,05,05061,2,2,1,3.0,FRANCOIS MITTERAND (AVENUE),44.547588,6.065548,19:18:00,2024-04-03
202400039225,10:00,Plein jour,33,33009,2,8,1,7.0,Unknown,44.656571,-1.160404,10:00:00,2024-02-20
202400039226,14:25,Plein jour,21,21292,2,3,1,6.0,Av de la 1ere Armee Francaise,47.24074,5.217385,14:25:00,2024-05-13
202400039227,10:52,Plein jour,32,32013,2,1,2,7.0,PYRENEES (AVENUE DES),43.6374,0.5839,10:52:00,2024-02-27
202400039228,00:35,,75,75112,2,1,1,4.0,BD PERIPHERIQUE INTERIEUR,48.840464,2.413466,00:35:00,2024-04-05
202400039229,19:20,Plein jour,57,57561,2,1,1,1.0,Rue de Schmittviller,48.99348192,7.21331005,19:20:00,2024-05-13
202400039230,20:00,Nuit sans éclairage,31,31555,2,1,1,2.0,21 DEMOISELLES  (PERIPH OUEST A620),43.57343026,1.46574609,20:00:00,2024-02-28
202400039231,00:35,,75,75116,2,1,1,2.0,BD PERIPHERIQUE INTERIEUR,48.871218,2.273332,00:35:00,2024-04-04
202400039232,20:35,Nuit sans éclairage,988,98803,1,3,1,3.0,RT1/Route de Nessadiou,-21.619208,165.549124,20:35:00,2024-01-14
202400039233,18:30,Crépuscule,31,31555,2,1,2,3.0,AV PIERRE G LATECOERE,43.55526,1.48161,18:30:00,2024-02-27
202400039234,17:30,Plein jour,75,75116,2,1,1,3.0,BD PERIPHERIQUE EXTERIEUR,48.864978,2.267427,17:30:00,2024-04-03
202400039235,20:20,,31,31555,2,4,2,3.0,AV LOUIS BAZERQUES,43.57108,1.39174,20:20:00,2024-02-26
202400039236,12:30,Plein jour,38,38072,2,1,1,2.0,Place de France,45.318122,4.819329,12:30:00,2024-05-13
202400039237,11:30,Plein jour,75,75105,2,2,3,3.0,RUE SAINT JACQUES,48.850804,2.345536,11:30:00,2024-04-04
202400039238,00:19,,31,31555,1,1,1,7.0,VA008493 LA CRABE A624 Sortie 2,43.61068387,1.3757211,00:19:00,2024-02-24
202400039239,14:16,Plein jour,77,77505,1,1,6,7.0,D19,48.936829,2.987069,14:16:00,2024-01-02
202400039240,13:58,Plein jour,38,38085,2,1,1,2.0,Route de Lyon,45.752921,5.146759,13:58:00,2024-05-13
202400039241,16:20,Plein jour,75,75117,2,3,2,6.0,RUE CARDINET,48.891136,2.317988,16:20:00,2024-04-05
202400039242,04:30,,75,75114,2,1,1,7.0,AVENUE DU GENERAL LECLERC,48.826361,2.326295,04:30:00,2024-04-05
202400039243,16:30,Plein jour,78,78597,1,1,1,1.0,D928,48.953723,1.65643,16:30:00,2024-01-13
202400039244,08:20,Plein jour,46,46015,1,1,2,1.0,lieu dit pont de veyre,44.659311,2.122754,08:20:00,2024-05-14
202400039245,09:00,Plein jour,75,75112,2,3,2,6.0,BOULEVARD DIDEROT,48.84757,2.38895,09:00:00,2024-04-04
202400039246,19:30,Crépuscule,31,31555,2,1,1,3.0,ETATS UNIS (AV DES) DU 1AU 281,43.652093,1.424683,19:30:00,2024-02-20
202400039247,18:55,Plein jour,17,17304,1,1,1,7.0,le chail,45.67215,-0.49601,18:55:00,2024-05-13
202400039248,15:30,Plein jour,75,75110,2,1,1,2.0,BOULEVARD DE LA CHAPELLE,48.884308,2.363244,15:30:00,2024-04-05
202400039249,17:52,Crépuscule,31,31555,2,1,1,3.0,RTE DE NARBONNE,43.557155,1.465355,17:52:00,2024-02-20
202400039250,07:45,Crépuscule,30,30132,2,1,1,7.0,Unknown,44.21038972,4.03245717,07:45:00,2024-01-14
202400039251,10:05,Plein jour,75,75108,2,3,2,6.0,RUE LA BOETIE,48.874407,2.318641,10:05:00,2024-04-05
202400039252,20:15,Plein jour,33,33058,1,3,2,3.0,Unknown,45.114867,-0.654421,20:15:00,2024-05-13
202400039253,23:23,Nuit avec éclairage,31,31555,1,1,1,3.0,VA007440 LES MINIMES A620 Sortie 31,43.62675,1.41979,23:23:00,2024-02-19
202400039254,15:20,Plein jour,22,22086,1,1,1,1.0,D7,48.740908,-3.035274,15:20:00,2024-05-14
202400039255,16:15,Plein jour,84,84003,1,1,1,1.0,Route de Marseille,43.868101,5.369611,16:15:00,2024-01-13
202400039256,17:05,Plein jour,94,94042,2,1,1,2.0,Rue Hippolyte Pinson,48.816882,2.465907,17:05:00,2024-04-04
202400039257,19:25,Plein jour,83,83137,1,1,1,4.0,A57,43.12474594,5.96730367,19:25:00,2024-05-10
202400039258,16:30,Plein jour,94,94058,2,2,1,3.0,Rue Laterale au Viaduc / Rue de l'Yser,48.833943,2.495737,16:30:00,2024-04-04
202400039259,17:37,Plein jour,31,31555,1,1,1,5.0,24 EMPALOT  (PERIPH OUEST A620),43.5753,1.44057,17:37:00,2024-02-18
202400039260,13:00,Plein jour,69,69259,1,1,1,3.0,Route Départementale 301,45.6867,4.87289,13:00:00,2024-04-26
202400039261,13:50,Plein jour,94,94041,2,1,1,3.0,Quai Marcel Boyer,48.82471,2.38945,13:50:00,2024-04-05
202400039262,00:01,,54,54199,2,1,9,6.0,9 Place du 18 Septembre 1944,48.4976,6.654419,00:01:00,2024-01-14
202400039263,12:55,Plein jour,33,33366,1,1,2,6.0,Unknown,44.980475,-0.43,12:55:00,2024-05-12
202400039264,23:50,Nuit sans éclairage,30,30189,1,1,1,1.0,4639-4455 Avenue Kennedy,43.8157,4.3036,23:50:00,2024-02-20
202400039265,16:30,Plein jour,94,94022,2,2,1,3.0,Avenue Georges Halgoult / Avenue du 25 Aout 1944,48.762964,2.401582,16:30:00,2024-04-05
202400039266,20:40,Plein jour,62,62498,1,1,1,7.0,A21,50.45171074,2.82155567,20:40:00,2024-05-06
202400039267,21:35,,38,38481,1,1,1,7.0,Chemin du Grillet,45.554181,5.330595,21:35:00,2024-01-13
202400039268,03:00,,94,94073,2,1,1,6.0,Avenue de Versailles,48.7590032,2.39551735,03:00:00,2024-04-05
202400039269,11:40,Plein jour,91,91064,1,1,1,3.0,RN 118,48.74588,2.19395,11:40:00,2024-05-13
202400039270,08:55,Plein jour,29,29232,2,1,1,6.0,Avenue Pierre Mendes-France,47.974937,-4.128684,08:55:00,2024-02-27
202400039271,16:00,Plein jour,81,81105,1,4,1,6.0,Chemin de la Vayssière,43.750947,2.003261,16:00:00,2024-01-14
202400039272,18:31,Plein jour,94,94017,2,1,1,6.0,ALEXANDRE FOURNY ,48.81886722,2.5191814,18:31:00,2024-04-05
202400039273,01:30,Nuit avec éclairage,47,47094,1,1,1,7.0,D6,44.43611,0.250756,01:30:00,2024-01-14
202400039274,21:00,Crépuscule,92,92048,1,1,1,2.0,N118,48.79379358,2.21880725,21:00:00,2024-05-11
202400039275,11:55,Plein jour,29,29232,1,1,2,2.0,Rd 365 - Avenue du Morbihan,47.97857884,-4.04786871,11:55:00,2024-02-23
202400039276,15:50,Plein jour,93,93064,2,5,1,3.0,Boulevard Gabriel Péri / Avenue du Général de Gaulle,48.87749607,2.47910857,15:50:00,2024-04-05
202400039277,16:55,Plein jour,93,93005,1,9,1,3.0,A3,48.95493345,2.47355044,16:55:00,2024-05-13
202400039278,18:50,Nuit sans éclairage,35,35012,1,2,8,1.0,La Filouzais,47.828387,-1.708036,18:50:00,2024-01-13
202400039279,19:10,Plein jour,93,93077,2,3,1,6.0,Avenue de Rosny / Rue Poussin,48.88476,2.50628,19:10:00,2024-04-04
202400039280,14:00,Plein jour,29,29232,2,3,2,3.0,Rue Yves Philippe,48.000383,-4.115705,14:00:00,2024-02-22
202400039281,16:30,Plein jour,75,75120,2,2,2,6.0,50 rue Orfila,48.866661,2.397132,16:30:00,2024-02-08
202400039282,05:45,Nuit sans éclairage,35,35244,1,1,1,6.0,Beau Soleil,48.36889955,-1.49909869,05:45:00,2024-01-14
202400039283,16:51,Plein jour,93,93051,2,1,1,2.0,Rue du Marechal Juin,48.84204452,2.56992102,16:51:00,2024-04-05
202400039284,17:00,Plein jour,974,97416,1,1,1,7.0,CD 26,-21.29963,55.43629,17:00:00,2024-05-12
202400039285,20:45,,29,29232,2,3,3,3.0,Rue Saint Julien,47.99272,-4.09129,20:45:00,2024-02-21
202400039286,05:15,Nuit sans éclairage,02,02391,1,1,9,6.0,le coq banni,49.811169,4.093609,05:15:00,2024-01-14
202400039287,07:15,Crépuscule,93,93050,2,2,1,3.0,Rue Marx Dormoy / Rue de l'Amiral Courbet,48.85501,2.53195,07:15:00,2024-04-05
202400039288,17:50,Crépuscule,974,97411,2,1,1,1.0,LITTORAL (ROUTE 2 DU),-20.88571,55.49862,17:50:00,2024-05-12
202400039289,07:40,,59,59036,2,1,9,7.0,Rue des Pres,50.123815,3.931013,07:40:00,2024-01-14
202400039290,08:01,Plein jour,29,29232,2,1,2,2.0,1 Rue de Kerivoal,48.00643,-4.107497,08:01:00,2024-02-20