Num_Acc,hrmn,lum,dep,com,agg,int,atm,col,adr,lat,long,heure,date
202400039291,19:00,Plein jour,93,93010,2,2,1,3.0,Avenue Galliéni / Avenue Pasteur,48.907018,2.488732,19:00:00,2024-04-05
202400039292,07:30,,29,29232,2,3,2,3.0,Rue de Benodet,47.98408,-4.10486,07:30:00,2024-02-20
202400039293,11:40,Plein jour,83,83144,1,1,1,4.0,A57,43.1392422,5.9973456,11:40:00,2024-01-12
202400039294,12:45,Plein jour,972,97209,2,2,1,3.0,MARTIN LUTHER KING (RUE),14.61005,-61.07382,12:45:00,2024-05-12
202400039295,14:20,Plein jour,93,93010,2,3,1,6.0,Avenue Jean Lebas / Avenue Suzanne Buisson,48.914111,2.481658,14:20:00,2024-04-05
202400039296,00:05,,69,69142,1,1,1,2.0,Route de Métropole 7,45.72768,4.81657,00:05:00,2024-01-13
202400039297,14:40,Plein jour,29,29039,2,3,1,2.0,LE LAY ( AVENUE ALAIN ),47.8769272,-3.91520441,14:40:00,2024-02-24
202400039298,20:30,,972,97209,2,3,1,3.0,ENTRAIDE (ROUTE DE L'),14.62,-61.056,20:30:00,2024-05-11
202400039299,12:20,Plein jour,92,92064,2,9,1,3.0,MAGENTA PLACE,48.84227801,2.20713043,12:20:00,2024-04-05
202400039300,20:15,Nuit avec éclairage,33,33249,1,1,1,6.0,Unknown,44.88455,-0.51328,20:15:00,2024-01-13
202400039301,09:20,Plein jour,92,92047,1,1,2,2.0,AUTOROUTE A 13,48.83252509,2.15341347,09:20:00,2024-04-05
202400039302,16:45,Plein jour,29,29019,2,2,1,3.0,rue de Narvik,48.38343,-4.48402,16:45:00,2024-02-22
202400039303,19:38,Plein jour,69,69382,2,7,1,3.0,Rue Président Edouard Herriot,45.76073,4.8341,19:38:00,2024-05-12
202400039304,13:50,Plein jour,92,92051,2,2,1,1.0,WINSTON CHURCHILL (PLACE),48.88341427,2.27352548,13:50:00,2024-04-05
202400039305,23:55,,971,97107,2,1,1,7.0,FRONT DE MER ( BOULEVARD),16.04248,-61.56436,23:55:00,2024-05-10
202400039306,21:25,,29,29019,2,3,1,6.0,rue de Gouesnou,48.41608,-4.46812,21:25:00,2024-02-20
202400039307,18:39,,33,33039,1,1,1,4.0,Unknown,44.789779,-0.54082,18:39:00,2024-01-13
202400039308,15:20,Plein jour,92,92050,2,1,1,2.0,VAILLANT COUTURIER PAUL RUE,48.87959226,2.20788342,15:20:00,2024-04-04
202400039309,22:00,,91,91345,2,2,1,3.0,L YVETTE (RUE DE),48.69346,2.29141,22:00:00,2024-05-12
202400039310,07:20,Nuit sans éclairage,28,28134,2,9,1,5.0,RN 12 (ARCHE DU GAZON),48.742662,1.323246,07:20:00,2024-02-24
202400039311,20:35,Crépuscule,92,92035,2,3,1,2.0,National ( boulevard ),48.90458571,2.23916146,20:35:00,2024-04-04
202400039312,07:00,Plein jour,91,91027,2,1,1,2.0,RTE NATIONALE 7,48.70562,2.37154,07:00:00,2024-05-12
202400039313,02:10,,28,28404,2,6,2,7.0,DE GAULLE (ROND POINT CHARLES),48.7121,1.36005,02:10:00,2024-02-22
202400039314,10:55,Plein jour,33,33063,1,1,5,4.0,Unknown,44.882367,-0.549423,10:55:00,2024-01-13
202400039315,04:00,,91,91223,2,1,1,6.0,NEUVE ST-GILLES (RUE),48.43138,2.15072,04:00:00,2024-05-12
202400039316,17:05,Plein jour,92,92024,2,1,1,3.0,HENRI BARBUSSE (RUE) DE (1 A 73)   (2 A,48.89845825,2.3025434,17:05:00,2024-04-04
202400039317,22:04,Nuit sans éclairage,91,91235,1,1,1,6.0,RN 104,48.62407,2.36764,22:04:00,2024-01-12
202400039318,14:10,Plein jour,27,27681,2,1,2,7.0,DE LATTRE DE TASSIGNY (AVENUE DU MAL),49.07759,1.46467,14:10:00,2024-02-25
202400039319,02:30,,89,89338,2,9,1,2.0,REPUBLIQUE (RUE DE LA),48.21762,3.28697,02:30:00,2024-05-12
202400039320,00:50,Nuit sans éclairage,39,39487,1,1,1,6.0,Unknown,46.585668,5.953219,00:50:00,2024-04-06
202400039321,18:32,Plein jour,2A,2A249,2,1,1,6.0,Avenue Napoleon III,41.675244,8.898153,18:32:00,2024-04-06
202400039322,17:35,Plein jour,27,27229,2,3,1,3.0,VERNON (RUE DE),49.03076,1.1605,17:35:00,2024-02-27
202400039323,20:40,Nuit sans éclairage,78,78133,1,1,1,4.0,A13,48.893032,2.008419,20:40:00,2024-01-12
202400039324,08:30,Plein jour,51,51423,2,1,1,1.0,Rue Neuve,48.769064,4.846328,08:30:00,2024-04-06
202400039325,15:50,Plein jour,27,27229,2,1,1,3.0,CITES UNIES (BOULEVARD DES),49.013095,1.142222,15:50:00,2024-02-23
202400039326,02:15,Nuit avec éclairage,93,93066,1,1,1,2.0,AUTOROUTE A1,48.91859779,2.35732537,02:15:00,2024-01-13
202400039327,13:24,Plein jour,83,83137,2,2,1,4.0,BROSSET (BD GENERAL),43.129,5.90215,13:24:00,2024-05-12
202400039328,16:00,Plein jour,974,97411,2,1,1,6.0,COCOTIERS (AVENUE DES),-20.8933,55.4609,16:00:00,2024-01-12
202400039329,15:38,Plein jour,27,27229,2,1,1,2.0,GAMBETTA (BOULEVARD),49.01921,1.15214,15:38:00,2024-02-20
202400039330,17:00,Plein jour,01,01090,1,2,1,3.0,D90a,46.019719,5.218205,17:00:00,2024-04-05
202400039331,11:50,Plein jour,973,97302,2,1,1,2.0,TIGRE (ROUTE DU),4.92061,-52.32142,11:50:00,2024-01-12
202400039332,12:10,Plein jour,68,68277,1,3,1,2.0,D1B,48.16454,7.313756,12:10:00,2024-04-05
202400039333,13:50,Plein jour,69,69386,2,4,8,3.0,50 Rue Juliette Récamier,45.76778566,4.85837185,13:50:00,2024-01-12
202400039334,21:30,,972,97225,2,1,1,4.0,Rue Bouille,14.746788,-61.177272,21:30:00,2024-04-04
202400039335,20:10,,25,25056,2,1,1,1.0,LEDOUX RUE DOCTEUR EMILE,47.25229,6.0279,20:10:00,2024-02-27
202400039336,16:55,Plein jour,972,97213,1,4,1,3.0,ACAJOU PROLONGEE,14.6264,-61.01801,16:55:00,2024-01-12
202400039337,15:00,Plein jour,76,76616,2,4,1,6.0,Rue André Mabire,49.530853,0.243073,15:00:00,2024-04-06
202400039338,23:35,,69,69381,2,3,1,6.0,19 Quai André Lassagne,45.76906809,4.83813583,23:35:00,2024-01-12
202400039339,08:50,Plein jour,25,25056,2,3,1,3.0,Unknown,47.233814,6.00706,08:50:00,2024-02-27
202400039340,20:15,Crépuscule,67,67485,1,1,1,1.0,D341,48.625746,7.614333,20:15:00,2024-04-05
202400039341,11:24,Plein jour,2B,2B033,2,6,1,6.0,11 - RT,42.66277,9.44217,11:24:00,2024-01-12
202400039342,16:45,Plein jour,25,25056,2,1,1,3.0,DOLE RUE DE (sup 200),47.22118,5.957,16:45:00,2024-02-24
202400039343,16:15,Plein jour,74,74272,2,1,1,3.0,404 Route d'Epagny,45.942888,6.065907,16:15:00,2024-04-05
202400039344,21:35,,971,97101,1,1,1,7.0,Frédéric JALTON,16.27636,-61.5013,21:35:00,2024-01-11
202400039345,00:47,,79,79191,2,2,1,6.0,Unknown,46.3152,-0.47442,00:47:00,2024-05-11
202400039346,12:27,Plein jour,25,25056,2,1,6,6.0,MONTBOUCONS CHEMIN DES,47.25327,5.997128,12:27:00,2024-02-22
202400039347,11:40,Plein jour,95,95427,2,1,1,6.0,JULES FERRY (RUE),48.95809693,2.33543962,11:40:00,2024-01-11
202400039348,08:00,Plein jour,42,42231,2,3,1,3.0,219 Rue de Persigny,46.102794,3.966526,08:00:00,2024-04-05
202400039349,17:50,Plein jour,78,78551,1,2,7,3.0,RN 184,48.93956,2.09573,17:50:00,2024-05-10
202400039350,16:30,Plein jour,23,23096,1,2,2,3.0,Unknown,46.14369,1.86643,16:30:00,2024-02-21
202400039351,18:35,Crépuscule,95,95063,2,3,1,3.0,D392,48.93534208,2.20808579,18:35:00,2024-01-12
202400039352,16:35,Plein jour,77,77379,1,1,8,3.0,Route Départementale 74 A,48.5537,3.31987,16:35:00,2024-05-12
202400039353,10:15,Plein jour,44,44137,1,1,2,2.0,Unknown,47.357374,-2.003803,10:15:00,2024-04-05
202400039354,19:15,Nuit sans éclairage,91,91103,1,1,1,3.0,DEVI RD 19,48.60357,2.32053,19:15:00,2024-01-12
202400039355,09:30,Plein jour,59,59015,2,1,1,6.0,Arleux,50.268846,3.123314,09:30:00,2024-04-06
202400039356,06:40,,19,19275,2,6,8,3.0,PRE PASCAL (AVENUE),45.54664,2.3163,06:40:00,2024-02-20
202400039357,18:30,,91,91191,2,1,1,6.0,Jean Jaures (Avenue),48.71279,2.46474,18:30:00,2024-01-12
202400039358,16:40,Plein jour,77,77373,2,6,1,1.0,rue de la République,48.80036623,2.60757744,16:40:00,2024-05-12
202400039359,17:00,Plein jour,19,19031,2,9,8,3.0,Rue Georges Braque,45.15392036,1.50578235,17:00:00,2024-02-24
202400039360,12:35,Plein jour,76,76545,1,1,1,3.0,RD 154E,49.89689,1.11993,12:35:00,2024-05-10
202400039361,20:50,Nuit sans éclairage,30,30034,1,3,1,1.0,D38,43.754993,4.528176,20:50:00,2024-04-05
202400039362,02:40,,73,73008,2,1,1,6.0,MARLIOZ AVENUE DE,45.67914346,5.91040984,02:40:00,2024-05-12
202400039363,01:45,Nuit sans éclairage,85,85194,2,9,1,6.0,Rue du 8 mai 1945,46.54061,-1.770778,01:45:00,2024-01-13
202400039364,15:05,Plein jour,04,04161,1,1,1,7.0,piste de vautreuil,44.366709,6.466664,15:05:00,2024-04-06
202400039365,13:20,Plein jour,19,19031,2,3,1,3.0,VOLTAIRE (BOULEVARD),45.16008,1.5407,13:20:00,2024-02-22
202400039366,16:50,Plein jour,91,91577,2,1,1,3.0,194 Route de Melun,48.594013,2.5019,16:50:00,2024-04-06
202400039367,21:20,Plein jour,69,69282,1,6,1,3.0,Rue de la République,45.76704,4.99639,21:20:00,2024-05-12
202400039368,10:20,Plein jour,83,83098,1,9,2,1.0,FOUX (CHEMIN DE LA),43.1168474,6.02781202,10:20:00,2024-01-11
202400039369,13:25,Plein jour,74,74278,2,1,1,7.0,1851 Avenue des vallées,46.084379,6.532788,13:25:00,2024-04-06
202400039370,19:05,,19,19031,2,1,1,1.0,DUBAYLE (RUE ANTOINE),45.14545502,1.49044475,19:05:00,2024-02-20
202400039371,20:15,Plein jour,69,69266,2,1,1,6.0,Route de Genas,45.7549494,4.87692964,20:15:00,2024-05-12
202400039372,10:40,Plein jour,83,83069,2,2,1,6.0,CAWELL (AVENUE EDITH),43.11038112,6.1256952,10:40:00,2024-01-12
202400039373,03:40,Nuit avec éclairage,19,19031,2,1,1,6.0,SEMARD (AVENUE PIERRE) JUSQU'A N° 73 - 6,45.15521754,1.51546347,03:40:00,2024-02-18
202400039374,18:10,Plein jour,82,82178,1,2,1,3.0,Route du Burgaud,43.83835694,1.19396035,18:10:00,2024-04-06
202400039375,16:37,Plein jour,63,63300,1,1,2,7.0,RD 2009,45.89613377,3.1401667,16:37:00,2024-05-12
202400039376,20:45,,83,83118,2,4,1,3.0,RUE DE CHÂTEAUDUN,43.42652212,6.76963224,20:45:00,2024-01-12
202400039377,09:30,Plein jour,62,62528,1,1,7,6.0,Rue du Grand Mont,50.44655514,2.80115658,09:30:00,2024-05-11
202400039378,20:45,,19,19031,2,2,1,3.0,BRUNE (BOULEVARD),45.15311,1.53583,20:45:00,2024-02-16
202400039379,17:30,Plein jour,33,33202,1,1,1,1.0,Unknown,44.508898,-0.636418,17:30:00,2024-03-27
202400039380,20:50,,80,80021,2,1,1,6.0,Place Vogel,49.89738,2.29777,20:50:00,2024-01-12
202400039381,17:30,Plein jour,32,32372,2,1,6,7.0,D654,43.698992,0.997825,17:30:00,2024-04-05
202400039382,13:45,Plein jour,18,18279,1,1,2,6.0,Unknown,47.2454,2.09567,13:45:00,2024-02-26
202400039383,02:05,Nuit sans éclairage,79,79191,1,1,1,7.0,Unknown,46.31815,-0.39568,02:05:00,2024-01-12
202400039384,17:30,Plein jour,61,61001,2,1,1,2.0,D438,48.42714,0.09302,17:30:00,2024-05-12
202400039385,14:38,Plein jour,71,71410,2,1,1,6.0,D978,46.700589,5.07479,14:38:00,2024-04-06
202400039386,18:30,Nuit sans éclairage,76,76681,2,4,1,6.0,Rue du Madrillet,49.4062301,1.07580494,18:30:00,2024-01-12
202400039387,16:15,Plein jour,17,17306,2,1,2,3.0,FRONT DE MER (PROMENADE DE),45.62438,-1.02482,16:15:00,2024-02-23
202400039388,11:40,Plein jour,63,63426,1,4,1,3.0,RD922 / impasse Saraille,45.568112,2.632213,11:40:00,2024-04-06
202400039389,18:15,Plein jour,59,59279,2,3,1,3.0,BARBUSSE (RUE HENRI),50.78563,3.12694,18:15:00,2024-05-12
202400039390,07:40,Plein jour,55,55498,1,1,1,7.0,D21,49.027359,5.320151,07:40:00,2024-04-06
202400039391,12:25,Plein jour,17,17306,2,6,6,3.0,HEDDE (AVENUE DANIEL),45.63626,-1.0286,12:25:00,2024-02-22
202400039392,04:07,,59,59599,2,3,1,3.0,MARNE (AVENUE DE LA),50.70992,3.1529,04:07:00,2024-05-12
202400039393,16:49,Plein jour,12,12160,1,3,1,3.0,D907,44.197901,3.189329,16:49:00,2024-04-06
202400039394,18:00,Plein jour,16,16015,2,8,1,6.0,BORDEAUX (ROUTE DE N° IMPAIRS),45.63871,0.12987,18:00:00,2024-02-19
202400039395,13:37,Plein jour,42,42137,1,1,1,1.0,Chemin du Pont,45.51800029,4.04896617,13:37:00,2024-04-05
202400039396,11:30,Plein jour,58,58194,2,3,1,3.0,MARZY,46.9873,3.14081,11:30:00,2024-05-12
202400039397,07:20,Plein jour,15,15014,2,6,1,6.0,RN 122 carrefour de l 'europe,44.90846,2.42234,07:20:00,2024-02-27
202400039398,14:45,Plein jour,42,42028,1,1,1,7.0,Chemin de Moulin Ferrand,45.288554,4.592537,14:45:00,2024-04-06
202400039399,17:30,Plein jour,46,46083,1,1,1,6.0,D840,45.000892,1.529505,17:30:00,2024-04-05
202400039400,10:00,Plein jour,57,57463,2,2,1,3.0,AUGUSTE PROST (RUE),49.10416,6.17452,10:00:00,2024-05-12
202400039401,13:10,Plein jour,15,15014,2,5,2,1.0,Rue Robert Garric,44.91611,2.43777,13:10:00,2024-02-26
202400039402,17:44,Plein jour,34,34332,1,4,1,3.0,D612,43.308254,3.435153,17:44:00,2024-03-27
202400039403,13:10,Plein jour,54,54254,2,1,1,3.0,Rue de la Seine,49.509868,5.8077,13:10:00,2024-05-12
202400039404,05:50,Crépuscule,39,39478,2,1,1,6.0,28 Rue Saint-blaise,46.381851,5.853642,05:50:00,2024-04-06
202400039405,08:55,Plein jour,14,14366,2,1,1,7.0,64 Avenue Victor Hugo,49.144472,0.228204,08:55:00,2024-02-24
202400039406,15:00,Plein jour,25,25161,1,3,1,3.0,D39,47.16751,6.60222,15:00:00,2024-04-06
202400039407,16:16,Plein jour,14,14366,2,1,2,3.0,1 Avenue du Président René Coty,49.142609,0.240605,16:16:00,2024-02-22
202400039408,00:13,Nuit sans éclairage,54,54367,1,1,1,3.0,RN 52,49.50085,5.7983,00:13:00,2024-05-12
202400039409,15:05,Plein jour,29,29274,1,1,2,5.0,Lieu Dit Celeriou,47.97293929,-3.70908832,15:05:00,2024-04-05
202400039410,11:42,Plein jour,54,54028,2,1,1,1.0,Rue de Metz,49.211442,5.979278,11:42:00,2024-05-12
202400039411,08:39,Plein jour,14,14118,2,3,8,3.0,Boulevard Maréchal Juin,49.19665,-0.39656,08:39:00,2024-02-27
202400039412,18:25,Plein jour,51,51663,2,1,1,6.0,ALFRED ANATOLE THEVENET (AVENUE),49.04768,3.96487,18:25:00,2024-05-11
202400039413,15:15,Plein jour,31,31040,1,1,1,3.0,D125,42.895165,0.622396,15:15:00,2024-04-06
202400039414,19:41,Nuit sans éclairage,14,14566,1,3,8,3.0,11 Route de Rosel,49.20429978,-0.41310579,19:41:00,2024-02-24
202400039415,14:30,Plein jour,38,38108,1,1,1,1.0,D531,45.07776,5.452952,14:30:00,2024-04-06
202400039416,14:50,Plein jour,14,14118,2,6,2,3.0,4 Rue d'Auge,49.17474,-0.3535,14:50:00,2024-02-22
202400039417,19:26,Crépuscule,45,45234,2,1,7,6.0,41 Boulevard Guy-Marie Riobé,47.91296,1.91194,19:26:00,2024-05-12
202400039418,21:15,Nuit sans éclairage,02,02111,1,1,1,6.0,1 Rue de la Croix Blanche,49.509634,3.42164,21:15:00,2024-04-06
202400039419,17:45,Plein jour,13,13117,2,1,1,3.0,ROUTE NATIONALE 113 - AGNEAU,43.46616949,5.23199255,17:45:00,2024-02-27
202400039420,12:05,Plein jour,72,72219,2,9,1,3.0,Rue de Neuvy,48.073885,-0.059835,12:05:00,2024-04-05
202400039421,17:00,Plein jour,45,45234,2,1,1,2.0,D2020 PR 36 + 6870,47.88458,1.89774,17:00:00,2024-05-12
202400039422,14:45,Plein jour,14,14326,1,1,1,1.0,Route de Cormeilles,49.174872,0.299528,14:45:00,2024-04-06
202400039423,08:15,Plein jour,13,13054,2,2,1,3.0,FIGUERES (RUE DES ),43.41657,5.20978,08:15:00,2024-02-27
202400039424,18:06,Plein jour,38,38185,2,1,1,3.0,COURS JEAN JAURÈS,45.18141,5.71671,18:06:00,2024-05-12
202400039425,14:30,Plein jour,64,64191,2,4,1,3.0,Route de Bénéjacq,43.1840687,-0.24321131,14:30:00,2024-03-30
202400039426,18:40,Plein jour,13,13054,2,1,1,1.0,D9 (BRETELLE),43.41307853,5.22076969,18:40:00,2024-02-24
202400039427,18:10,Plein jour,07,07307,1,1,1,7.0,D203,44.512031,4.202099,18:10:00,2024-04-06
202400039428,09:40,Plein jour,38,38053,2,6,1,3.0,ISLE D'ABEAU (ROUTE DE),45.60191,5.26703,09:40:00,2024-05-11
202400039429,21:45,Nuit sans éclairage,13,13103,1,2,2,3.0,RN 113,43.60119,5.1017,21:45:00,2024-02-27
202400039430,17:05,Plein jour,40,40217,1,1,1,5.0,Route de Parentis,44.369798,-1.116164,17:05:00,2024-04-03
202400039431,10:05,Plein jour,34,34172,2,1,1,7.0,MAS ARGELLIERS (AVENUE DU),43.58553,3.88845,10:05:00,2024-05-12
202400039432,13:45,Plein jour,13,13103,2,1,1,3.0,BOULEVARD LEDRU ROLLIN,43.64608412,5.09376027,13:45:00,2024-02-22
202400039433,19:35,Crépuscule,17,17324,1,2,1,3.0,Le Pérou,45.398797,-0.563028,19:35:00,2024-04-05
202400039434,23:05,,33,33063,2,2,1,3.0,Unknown,44.82111513,-0.55007547,23:05:00,2024-05-12
202400039435,10:00,Plein jour,13,13103,2,1,1,1.0,BOULEVARD LEDRU ROLLIN,43.64561251,5.0937835,10:00:00,2024-02-21
202400039436,09:10,Plein jour,13,13056,1,1,1,6.0,RN 568,43.41330613,5.0115065,09:10:00,2024-02-16
202400039437,21:30,,33,33063,2,6,1,3.0,Unknown,44.87054,-0.55466,21:30:00,2024-05-12
202400039438,14:10,Plein jour,09,09239,1,1,1,6.0,Le Capelier,42.694233,2.140253,14:10:00,2024-04-06
202400039439,15:00,Plein jour,33,33063,2,1,1,3.0,Unknown,44.83549,-0.56932,15:00:00,2024-05-11
202400039440,20:00,,13,13205,2,1,2,1.0,BAILLE (BOULEVARD),43.28989,5.39847,20:00:00,2024-02-27
202400039441,10:30,Plein jour,976,97603,1,1,1,5.0,N3 Nyambadao,-12.891559,45.2083,10:30:00,2024-04-04
202400039442,07:30,Plein jour,31,31555,2,1,1,1.0,AV PIERRE G LATECOERE,43.55514,1.48097,07:30:00,2024-05-12
202400039443,23:52,,13,13205,2,3,2,6.0,JEAN MOULIN (BOULEVARD),43.29031,5.39971,23:52:00,2024-02-26
202400039444,03:00,Nuit sans éclairage,34,34172,1,1,1,6.0,autoroute A709 pk 014+100 direction Nîmes,43.588892,3.896305,03:00:00,2024-04-06
202400039445,07:30,Plein jour,31,31555,2,4,1,3.0,ECHANGEUR BORDELONGUE (A64/A620),43.56871,1.421,07:30:00,2024-05-12
202400039446,14:50,Plein jour,13,13207,2,9,1,3.0,CORDERIE (BOULEVARD DE LA),43.29068,5.37131,14:50:00,2024-02-24
202400039447,02:10,Nuit sans éclairage,31,31555,2,1,1,3.0,AV DE REYNERIE,43.56799056,1.40770376,02:10:00,2024-05-12
202400039448,00:01,,13,13205,2,9,1,2.0,JEAN MOULIN (BOULEVARD),43.29226,5.40105,00:01:00,2024-02-24
202400039449,17:00,Plein jour,31,31149,2,1,1,2.0,Bd VICTOR HUGO,43.617092,1.313441,17:00:00,2024-05-11
202400039450,19:00,,13,13212,2,2,2,3.0,GASTON FLOTTE (RUE),43.2989191,5.42978619,19:00:00,2024-02-22
202400039451,05:30,Crépuscule,988,98814,1,1,1,7.0,Thuahaik (Tribu),-20.99225,167.29186,05:30:00,2024-04-06
202400039452,02:15,,30,30007,2,1,1,6.0,DE GAULLE (AVE DU GENERAL),44.12719,4.08278,02:15:00,2024-05-12
202400039453,18:30,,13,13209,2,6,1,3.0,JULES ISAAC (RUE),43.25198486,5.40061047,18:30:00,2024-02-19
202400039454,07:35,Plein jour,28,28134,1,1,1,7.0,D152.4,48.75832,1.33073,07:35:00,2024-05-11
202400039455,03:30,Nuit sans éclairage,971,97128,1,1,1,7.0,Route Cambourg - Grands-Fonds,16.264747,-61.423906,03:30:00,2024-04-05
202400039456,14:10,Plein jour,13,13047,2,9,1,3.0,RAYMOND FILIPPI AVENUE,43.49593,4.98116,14:10:00,2024-02-23
202400039457,23:20,Nuit sans éclairage,91,91654,1,1,1,6.0,D153,48.461795,2.41063,23:20:00,2024-04-05
202400039458,18:20,Plein jour,22,22113,2,1,1,7.0,TROROZEC (RUE DE),48.72463,-3.46256,18:20:00,2024-05-10
202400039459,20:30,Nuit sans éclairage,13,13047,1,1,1,1.0,R.N 569,43.4823,4.96192,20:30:00,2024-02-22
202400039460,19:30,Plein jour,78,78443,2,1,1,6.0,Route de Thoiry,48.815273,1.863966,19:30:00,2024-04-05
202400039461,11:11,Plein jour,13,13206,2,2,1,3.0,DRAGON (RUE),43.28827,5.38034,11:11:00,2024-05-12
202400039462,15:47,Plein jour,13,13005,2,1,1,4.0,LAGUNAS (AVENUE SIMON),43.29429,5.56393,15:47:00,2024-02-26
202400039463,13:25,Plein jour,34,34327,1,1,1,1.0,Rn 113,43.648948,3.956097,13:25:00,2024-04-06
202400039464,07:45,Plein jour,13,13005,2,1,1,3.0,CANIERS (AVENUE DES),43.289011,5.59392,07:45:00,2024-02-23
202400039465,23:00,,13,13001,2,6,1,3.0,BROSSOLETTE PIERRE (AV),43.51316,5.44229,23:00:00,2024-05-12
202400039466,16:07,Plein jour,84,84122,2,8,1,1.0,Route de Vacqueyras,44.087098,4.970723,16:07:00,2024-04-05
202400039467,13:40,Plein jour,13,13005,2,9,1,2.0,CAMP DE SARLIER ROUTE DE GEMENOS,43.29826,5.59787,13:40:00,2024-02-20
202400039468,22:45,Nuit sans éclairage,08,08145,2,1,1,6.0,Unknown,49.676545,5.029794,22:45:00,2024-07-19
202400039469,03:01,Nuit avec éclairage,08,08409,2,6,1,6.0,GARE (PLACE DE LA),49.69541,4.93108,03:01:00,2024-05-12
202400039470,23:00,,13,13004,2,2,1,1.0,BD DES LICES,43.67506,4.63237,23:00:00,2024-02-26
202400039471,08:45,Plein jour,06,06069,2,1,1,6.0,58 Route de la Marigarde,43.653837,6.934817,08:45:00,2024-05-12
202400039472,13:15,Plein jour,01,01362,1,2,1,3.0,D6,45.958348,4.87867,13:15:00,2024-07-17
202400039473,08:40,Plein jour,13,13001,1,6,8,6.0,ROQUEFAVOUR (RTE DE),43.52056,5.35147,08:40:00,2024-02-27
202400039474,17:53,Plein jour,01,01289,1,1,1,3.0,LENT ( ROUTE DE ),46.16088,5.21843,17:53:00,2024-05-12
202400039475,20:30,,13,13001,2,3,2,3.0,PETIT BARTHELEMY (AV DU),43.51782,5.43526,20:30:00,2024-02-26
202400039476,10:50,Plein jour,13,13014,1,1,1,4.0,D113,43.52173,5.198293,10:50:00,2024-04-06
202400039477,03:18,,13,13001,2,1,1,1.0,PLATRIERES (CH DES),43.56456,5.42045,03:18:00,2024-02-24
202400039478,16:15,Plein jour,75,75113,2,1,6,3.0,BD PERIPHERIQUE INTERIEUR,48.825791,2.386589,16:15:00,2024-05-12
202400039479,13:55,Plein jour,80,80806,1,1,1,6.0,Autoroute A16 pk 196+2,50.31640276,1.72150612,13:55:00,2024-07-20
202400039480,06:50,Crépuscule,70,70279,1,1,1,6.0,D67,47.4204,5.618954,06:50:00,2024-04-06
202400039481,12:30,Plein jour,13,13001,1,2,1,1.0,GARDANNE (ROUTE DE ),43.49841332,5.40241701,12:30:00,2024-02-21
202400039482,00:13,Nuit sans éclairage,68,68188,1,1,1,7.0,D430,47.937176,7.063308,00:13:00,2024-07-20
202400039483,03:35,,75,75117,2,1,1,2.0,BD PERIPHERIQUE EXTERIEUR,48.900188,2.320781,03:35:00,2024-05-11
202400039484,23:49,Nuit sans éclairage,69,69009,2,1,1,6.0,Route de Lucenay,45.929468,4.709691,23:49:00,2024-04-05
202400039485,19:15,Plein jour,75,75120,2,1,1,3.0,Avenue Cartellier,48.86466,2.41242,19:15:00,2024-05-12
202400039486,06:15,,12,12145,2,3,1,3.0,KENNEDY J.F (AVENUE),44.097213,3.065061,06:15:00,2024-02-18
202400039487,11:15,Plein jour,33,33290,1,2,1,3.0,Unknown,44.950472,-0.149313,11:15:00,2024-06-29
202400039488,17:20,Plein jour,75,75119,2,1,2,3.0,RUE CURIAL,48.89612,2.378457,17:20:00,2024-05-12
202400039489,13:40,Plein jour,12,12089,2,1,1,6.0,LAROMIGUIERE,44.56306,2.24787,13:40:00,2024-02-22
202400039490,11:12,Plein jour,75,75119,2,1,1,6.0,AVENUE JEAN JAURES,48.888143,2.390648,11:12:00,2024-05-12
202400039491,10:15,Plein jour,09,09334,1,1,1,1.0,D8,42.776944,1.522894,10:15:00,2024-04-06
202400039492,08:55,Plein jour,11,11069,2,9,1,6.0,Unknown,43.21029,2.38925,08:55:00,2024-02-23
202400039493,09:50,Plein jour,75,75119,2,1,1,6.0,AVENUE DE LAUMIERE,48.884188,2.380359,09:50:00,2024-05-12
202400039494,11:00,Plein jour,11,11069,2,1,1,6.0,Unknown,43.211107,2.376196,11:00:00,2024-02-21
202400039495,16:45,Plein jour,23,23115,1,1,7,6.0,La Lampe,45.798704,2.28448,16:45:00,2024-04-05
202400039496,05:15,Crépuscule,51,51425,1,1,1,1.0,D980,49.144373,3.707392,05:15:00,2024-07-20
202400039497,15:10,Plein jour,10,10357,2,1,2,6.0,AIRE DES MOISSONS,48.29409,4.13124,15:10:00,2024-02-26
202400039498,02:30,,75,75118,2,2,1,3.0,VILLA SAINT MICHEL,48.89039,2.32666,02:30:00,2024-05-12
202400039499,19:24,,10,10387,2,4,1,3.0,Rue Quennedey,48.29288,4.09099,19:24:00,2024-02-25
202400039500,14:00,Plein jour,14,14228,1,1,1,1.0,D404,49.281188,-0.403082,14:00:00,2024-04-05
202400039501,06:30,,10,10362,2,3,2,7.0,Rue Lazare Hoche,48.2996,4.0468,06:30:00,2024-02-20
202400039502,23:15,Nuit sans éclairage,56,56076,1,1,1,6.0,Locmeltro,48.048009,-3.145073,23:15:00,2024-04-05
202400039503,18:10,,10,10387,2,1,3,2.0,PIERRE BROSSOLETTE (RUE),48.289,4.0706,18:10:00,2024-02-22
202400039504,17:19,Plein jour,22,22143,2,1,1,6.0,Route de SAINTCAST,48.602148,-2.285923,17:19:00,2024-04-05
202400039505,16:00,Plein jour,974,97412,2,1,1,2.0,117 Rue Marcel Pagnol,-21.373374,55.668507,16:00:00,2024-07-19
202400039506,13:46,Plein jour,10,10387,2,1,1,6.0,Rue des Bas Trevois,48.2905,4.0822,13:46:00,2024-02-21