Num_Acc,hrmn,lum,dep,com,agg,int,atm,col,adr,lat,long,heure,date
202400039507,17:00,Plein jour,75,75116,2,3,1,4.0,BOULEVARD DELESSERT,48.85960162,2.28776425,17:00:00,2024-05-12
202400039508,19:31,,10,10297,2,4,1,3.0,Avenue Jules Guesde,48.32083,4.10791,19:31:00,2024-02-19
202400039509,03:00,,75,75117,2,2,1,2.0,RUE DE ROME,48.883283,2.319278,03:00:00,2024-05-12
202400039510,17:57,Plein jour,09,09122,2,1,1,6.0,FAURE (COURS GABRIEL),42.963926,1.60704,17:57:00,2024-02-23
202400039511,22:30,Nuit avec éclairage,35,35001,1,2,1,3.0,Zone industrielle Joval,48.138628,-1.51621,22:30:00,2024-04-05
202400039512,10:40,Plein jour,09,09122,2,9,1,6.0,Route d'Espagne,42.95088781,1.62482187,10:40:00,2024-02-23
202400039513,19:15,,974,97412,1,1,1,6.0,Rue Marcel Pagnol,-21.37406658,55.66780302,19:15:00,2024-07-19
202400039514,16:25,Crépuscule,75,75114,2,4,2,6.0,AVENUE REILLE,48.824649,2.339943,16:25:00,2024-05-12
202400039515,05:38,Nuit sans éclairage,60,60139,1,6,1,1.0,D1001,49.160244,2.237815,05:38:00,2024-02-04
202400039516,21:40,,75,75110,2,3,8,3.0,RUE DE COMPIEGNE,48.879555,2.353296,21:40:00,2024-05-12
202400039517,15:09,Plein jour,06,06088,2,4,1,3.0,41 Boulevard Carabacel,43.704013,7.274021,15:09:00,2024-02-28
202400039518,22:40,,06,06088,2,1,3,6.0,Raccourci Croix de Berra,43.70714,7.21039,22:40:00,2024-02-22
202400039519,21:00,Plein jour,35,35085,1,3,1,2.0,le pas à l'âne,48.406379,-1.77699,21:00:00,2024-07-19
202400039520,01:26,Nuit sans éclairage,59,59044,1,1,1,6.0,Rue de Lille,50.609157,3.235162,01:26:00,2024-04-06
202400039521,09:45,Plein jour,06,06088,2,9,2,6.0,Rue Barla,43.701637,7.283536,09:45:00,2024-02-22
202400039522,12:00,Plein jour,75,75108,2,2,1,3.0,BOULEVARD HAUSSMANN,48.875279,2.315779,12:00:00,2024-05-12
202400039523,19:45,,06,06083,2,1,1,6.0,3 Avenue Félix Faure,43.773547,7.499555,19:45:00,2024-02-19
202400039524,17:20,Plein jour,86,86246,1,2,1,2.0,D951,46.5648,0.854747,17:20:00,2024-07-19
202400039525,10:30,Plein jour,13,13215,1,1,1,2.0,A7-Sens Lyon vers Marseille,43.377,5.3582,10:30:00,2024-04-04
202400039526,17:09,Plein jour,75,75107,2,3,1,6.0,AVENUE RAPP,48.860983,2.301178,17:09:00,2024-05-11
202400039527,11:25,Plein jour,06,06069,2,1,1,2.0,Chemin du Grand Chene,43.6373261,6.9327997,11:25:00,2024-02-27
202400039528,02:25,Nuit sans éclairage,06,06140,2,6,1,6.0,355 Route de Draguignan,43.635234,6.8559556,02:25:00,2024-07-16
202400039529,10:25,Plein jour,06,06069,1,1,1,6.0,Avenue Sidi Brahim,43.6486,6.93902,10:25:00,2024-02-23
202400039530,15:25,Plein jour,94,94076,2,2,1,3.0,Boulevard Maxime Gorki / Avenue Paul Vaillant-couturier,48.79597,2.36838,15:25:00,2024-05-12
202400039531,08:50,Plein jour,06,06069,2,1,1,2.0,VICTORIA (AVENUE ET TRAVERSE),43.663626,6.931406,08:50:00,2024-02-21
202400039532,01:30,Nuit sans éclairage,05,05023,1,1,1,6.0,Route d’Italie,44.9096,6.662936,01:30:00,2024-02-24
202400039533,18:45,Plein jour,13,13106,1,1,1,4.0,A51-Sens Aix en Provence vers Marseille,43.39021,5.35016,18:45:00,2024-04-04
202400039534,15:00,Plein jour,58,58187,1,1,1,5.0,D907,47.45629386,2.931485,15:00:00,2024-07-20
202400039535,22:50,,02,02738,2,9,3,6.0,33 Avenue André Boulloche,49.65669,3.32084,22:50:00,2024-02-21
202400039536,14:15,Plein jour,13,13056,1,1,1,2.0,A55-Sens Marseille vers Martigues,43.40859903,5.03697405,14:15:00,2024-04-04
202400039537,19:30,Plein jour,93,93031,2,2,1,3.0,Avenue Joffre / Pont de la Resistance,48.95697,2.304,19:30:00,2024-05-12
202400039538,12:20,Plein jour,02,02371,1,1,2,1.0,Unknown,49.84391,3.33008,12:20:00,2024-02-26
202400039539,06:00,Crépuscule,01,01033,2,3,1,6.0,Avenue de la Gare,46.109847,5.824422,06:00:00,2024-07-20
202400039540,15:05,Plein jour,02,02691,2,1,1,6.0,117 Avenue Fusillés de Fontaine N D,49.83981,3.31406,15:05:00,2024-02-23
202400039541,16:15,Plein jour,92,92012,2,1,3,3.0,ANDRE MORIZET (AVENUE) - 49/FIN - 54/FIN,48.83947777,2.23110366,16:15:00,2024-05-12
202400039542,09:00,Plein jour,41,41219,1,1,1,7.0,D110 - LD MAROLLES,47.872903,1.481931,09:00:00,2024-07-14
202400039543,18:00,Plein jour,80,80172,1,1,1,7.0,DEPARTEMANTALE 164,49.922625,2.764971,18:00:00,2024-05-12
202400039544,21:55,Nuit sans éclairage,01,01289,1,2,1,3.0,LENT ( ROUTE DE ),46.16483,5.22071,21:55:00,2024-02-22
202400039545,18:35,Plein jour,47,47048,2,4,8,3.0,N21,44.528011,0.626119,18:35:00,2024-05-12
202400039546,16:55,Plein jour,30,30202,1,4,1,2.0,Unknown,44.275523,4.625459,16:55:00,2024-07-12
202400039547,13:45,Plein jour,75,75108,2,4,1,3.0,PONT DE LA CONCORDE,48.864086,2.320126,13:45:00,2024-02-28
202400039548,18:45,Plein jour,41,41167,1,1,1,7.0,D952,47.465236,1.09314,18:45:00,2024-05-12
202400039549,15:45,Plein jour,75,75119,2,3,1,7.0,RUE RIQUET,48.889179,2.371587,15:45:00,2024-02-28
202400039550,09:00,Plein jour,13,13211,1,1,1,5.0,A50-Sens Aubagne vers Marseille,43.28835,5.499958,09:00:00,2024-04-04
202400039551,12:21,Plein jour,42,42162,1,2,1,3.0,Route de Villemontais,46.00537201,4.01324093,12:21:00,2024-05-11
202400039552,23:25,Nuit sans éclairage,33,33063,1,1,1,6.0,Unknown,44.883681,-0.556878,23:25:00,2024-04-05
202400039553,11:10,Plein jour,75,75119,2,1,1,2.0,RUE ALEXANDER FLEMING,48.881625,2.403325,11:10:00,2024-02-28
202400039554,14:30,Plein jour,972,97222,2,1,1,1.0,Pontaléry,14.665224,-60.939735,14:30:00,2024-05-11
202400039555,12:40,Plein jour,41,41238,1,5,1,3.0,la ronciere,47.879369,0.86674,12:40:00,2024-07-19
202400039556,12:05,Plein jour,75,75119,2,1,1,6.0,AVENUE JACQUES DE LINIERES,48.87628,2.381018,12:05:00,2024-02-27
202400039557,13:35,Plein jour,33,33162,1,1,1,7.0,Unknown,44.86776,-0.64867,13:35:00,2024-04-05
202400039558,09:35,Plein jour,31,31157,2,1,1,6.0,15 Avenue de Toulouse,43.53822,1.345299,09:35:00,2024-07-17
202400039559,15:20,Plein jour,35,35172,1,2,1,3.0,Le Plessis Margat,48.438782,-1.804676,15:20:00,2024-05-11
202400039560,08:25,Plein jour,75,75117,2,3,1,3.0,RUE LANTIEZ,48.893584,2.322731,08:25:00,2024-02-28
202400039561,13:36,Plein jour,62,62528,1,1,1,2.0,A21,50.45195224,2.81399732,13:36:00,2024-04-03
202400039562,14:45,Plein jour,75,75116,2,3,1,6.0,ROUTE D AUTEUIL AUX LACS,48.852262,2.254197,14:45:00,2024-02-28
202400039563,10:20,Plein jour,51,51036,2,2,1,3.0,Rue de Fontaine-denis,48.655109,3.695615,10:20:00,2024-07-20
202400039564,11:40,Plein jour,92,92002,1,1,1,4.0,AUTOROUTE A10,48.73629786,2.31579137,11:40:00,2024-04-05
202400039565,16:08,Plein jour,26,26138,1,1,1,4.0,Autoroute A7,44.386738,4.731138,16:08:00,2024-05-12
202400039566,09:15,Plein jour,75,75115,2,4,1,2.0,RUE JACQUES BAUDRY,48.829952,2.305403,09:15:00,2024-02-27
202400039567,19:00,Plein jour,56,56198,1,1,1,7.0,écluse du quengo,48.063002,-2.740949,19:00:00,2024-07-19
202400039568,21:00,Crépuscule,23,23148,1,1,1,7.0,La Gare,46.421195,1.930137,21:00:00,2024-05-11
202400039569,09:00,Plein jour,75,75112,2,1,1,6.0,BOULEVARD CARNOT,48.845053,2.413299,09:00:00,2024-02-28
202400039570,06:15,,94,94065,1,1,1,3.0,A86,48.75490615,2.3464179,06:15:00,2024-04-05
202400039571,11:50,Plein jour,974,97410,1,1,1,7.0,Chemin Grand Fond,-21.083119,55.626971,11:50:00,2024-05-12
202400039572,11:00,Plein jour,75,75109,2,3,1,6.0,RUE DE ROCHECHOUART,48.882015,2.346588,11:00:00,2024-02-28
202400039573,15:30,Plein jour,14,14436,1,1,1,7.0,N13,49.252344,-0.687697,15:30:00,2024-05-11
202400039574,16:30,Plein jour,75,75109,2,3,1,6.0,RUE D AMSTERDAM,48.878719,2.327017,16:30:00,2024-02-28
202400039575,17:00,Plein jour,92,92047,1,1,1,2.0,A13,48.83674763,2.18605776,17:00:00,2024-04-05
202400039576,21:30,Plein jour,78,78591,1,3,1,3.0,D983,48.887707,1.67383,21:30:00,2024-07-17
202400039577,18:25,Plein jour,69,69283,2,1,1,1.0,Route d'Heyrieux,45.678061,4.9639,18:25:00,2024-05-12
202400039578,08:05,Plein jour,78,78640,1,1,2,7.0,A86 EXT,48.777398,2.222322,08:05:00,2024-04-05
202400039579,15:00,Plein jour,75,75108,2,3,1,6.0,AVENUE FRANKLIN D ROOSEVELT,48.866836,2.310241,15:00:00,2024-02-28
202400039580,20:30,Plein jour,79,79079,2,3,1,3.0,Unknown,46.903103,-0.686321,20:30:00,2024-07-19
202400039581,07:00,,92,92050,1,1,1,3.0,A86,48.89563363,2.19472645,07:00:00,2024-04-05
202400039582,18:40,Plein jour,84,84099,1,1,1,2.0,3499 Route de Gordes,43.857826,5.08913,18:40:00,2024-05-13
202400039583,13:45,Plein jour,75,75102,2,3,1,6.0,RUE DU SENTIER,48.868554,2.345607,13:45:00,2024-02-28
202400039584,10:00,Plein jour,29,29145,1,1,1,3.0,D7,48.08128186,-4.4277613,10:00:00,2024-08-26
202400039585,19:35,Plein jour,79,79078,1,2,1,3.0,Unknown,46.14576,-0.48695,19:35:00,2024-07-18
202400039586,21:30,Nuit sans éclairage,83,83070,1,1,1,6.0,1210 Avenue du Levant,43.145963,6.396199,21:30:00,2024-05-12
202400039587,18:40,Plein jour,38,38450,1,1,1,7.0,D218,45.276238,5.550166,18:40:00,2024-08-27
202400039588,11:55,Plein jour,94,94078,2,3,1,2.0,Avenue du 8 Mai 1945 / Pont de Villeneuve le roi,48.727772,2.445288,11:55:00,2024-02-28
202400039589,17:55,Plein jour,75,75116,1,1,1,3.0,A13W,48.8482,2.248314,17:55:00,2024-04-04
202400039590,05:20,Crépuscule,2B,2B077,1,1,1,6.0,Route d'Anghione,42.471543,9.492187,05:20:00,2024-07-20
202400039591,13:20,Plein jour,94,94073,2,1,1,6.0,Avenue René Panhard,48.763903,2.39552,13:20:00,2024-02-28
202400039592,13:50,Plein jour,72,72124,2,2,1,3.0,Rue du General Leclerc,47.825002,0.269755,13:50:00,2024-05-11
202400039593,17:50,Plein jour,03,03297,2,2,1,3.0,1 route de montllucon,46.531019,2.62143,17:50:00,2024-08-27
202400039594,18:34,Plein jour,65,65360,1,1,1,2.0,31 Route de Pau,43.101515,-0.128206,18:34:00,2024-07-19
202400039595,15:30,Plein jour,93,93007,1,1,1,5.0,A1,48.9478538,2.44451788,15:30:00,2024-04-05
202400039596,15:10,Plein jour,94,94028,2,1,1,2.0,Avenue Bernard Alpern,48.77971,2.4591,15:10:00,2024-02-28
202400039597,17:14,Plein jour,01,01338,1,1,1,7.0,D19,45.68004,5.603542,17:14:00,2024-08-25
202400039598,02:40,Nuit sans éclairage,95,95424,1,1,1,6.0,A15,48.99411983,2.18480056,02:40:00,2024-04-05
202400039599,17:15,Plein jour,44,44113,1,1,1,3.0,Beaulieu,47.547082,-1.603489,17:15:00,2024-05-12
202400039600,16:00,Plein jour,94,94071,2,1,1,6.0,Rue de Champigny,48.773838,2.510837,16:00:00,2024-02-28
202400039601,00:38,Nuit sans éclairage,58,58131,2,1,1,6.0,rue de plouzeau,47.082952,3.201098,00:38:00,2024-08-25
202400039602,18:30,Plein jour,71,71158,1,1,1,2.0,Route de Tournus,46.557547,4.977579,18:30:00,2024-07-20
202400039603,17:15,Plein jour,93,93008,1,1,1,3.0,A86,48.90894556,2.44832575,17:15:00,2024-04-04
202400039604,06:00,Crépuscule,63,63210,1,1,1,6.0,D1093,45.90291364,3.32878043,06:00:00,2024-07-20
202400039605,14:30,Plein jour,94,94011,2,1,1,2.0,Avenue de Boissy,48.765037,2.491617,14:30:00,2024-02-28
202400039606,17:08,Plein jour,14,14738,1,1,1,2.0,A84,49.161214,-0.45494,17:08:00,2024-05-12
202400039607,18:05,Plein jour,12,12299,2,1,1,6.0,26 Route de Granouillac,44.094016,2.705507,18:05:00,2024-07-16
202400039608,11:45,Plein jour,93,93010,1,1,2,3.0,A3,48.90059002,2.46986417,11:45:00,2024-04-04
202400039609,07:50,Crépuscule,54,54144,1,2,7,1.0,D570,48.52295,6.266981,07:50:00,2024-08-27
202400039610,16:45,Plein jour,62,62097,2,1,1,6.0,N25,50.24191348,2.66000592,16:45:00,2024-05-13
202400039611,07:20,Crépuscule,94,94075,2,3,8,3.0,Av du Mal de Lattre de Tassigny / Rue du Lieutenant Dagorno,48.72741642,2.53113292,07:20:00,2024-02-28
202400039612,08:30,Plein jour,93,93063,1,1,3,7.0,A3,48.87391673,2.43718835,08:30:00,2024-04-04
202400039613,13:00,Plein jour,42,42262,1,1,1,1.0,M105,45.42356523,4.17152521,13:00:00,2024-07-20
202400039614,07:50,Plein jour,93,93053,2,1,1,6.0,Allée du Canada,48.8915,2.468439,07:50:00,2024-02-28
202400039615,16:45,Plein jour,66,66164,1,1,1,2.0,D900,42.77685,2.902751,16:45:00,2024-04-25
202400039616,01:20,,64,64445,2,1,1,7.0,RONSARD,43.31832,-0.35701,01:20:00,2024-02-04
202400039617,18:15,Plein jour,09,09265,2,1,1,2.0,Avenue des Pyrénées,43.090226,1.62706,18:15:00,2024-08-26
202400039618,09:00,Plein jour,46,46268,1,4,1,6.0,rivière basse,44.467907,1.603017,09:00:00,2024-07-20
202400039619,16:18,Plein jour,93,93008,2,1,1,6.0,Rue Rene Camier,48.91014,2.453321,16:18:00,2024-02-28
202400039620,11:15,Plein jour,56,56130,2,6,1,3.0,Lieu Dit la Madeleine,47.739244,-3.226279,11:15:00,2024-05-03
202400039621,22:10,,07,07058,1,3,1,2.0,1525 Route de Valgorge,44.561136,4.286327,22:10:00,2024-08-26
202400039622,11:50,Plein jour,988,98818,2,6,2,6.0,RUE ROGER GERVOLINO/RUE JEAN-FRANCOIS CHERRIER,-22.25363,166.47143,11:50:00,2024-04-04
202400039623,07:00,Crépuscule,89,89409,1,1,2,6.0,D957,47.475121,3.809407,07:00:00,2024-05-13
202400039624,13:45,Plein jour,93,93005,2,1,1,3.0,Rue Jacques Chirac,48.92780505,2.48985708,13:45:00,2024-02-28
202400039625,01:00,Nuit sans éclairage,40,40236,1,1,1,6.0,cd 107,43.677886,-0.873043,01:00:00,2024-08-27
202400039626,04:00,Nuit sans éclairage,47,47086,1,6,1,6.0,Route de Marmande,44.668767,0.187175,04:00:00,2024-07-20
202400039627,19:20,Plein jour,49,49367,1,3,1,3.0,la croix robert,47.568708,-0.796123,19:20:00,2024-05-11
202400039628,10:15,Plein jour,974,97416,2,4,1,3.0,GAGARINE (RUE YOURI),-21.32973,55.4791,10:15:00,2024-04-04
202400039629,21:20,,92,92063,2,2,1,3.0,ESTIENNE D'ORVES (RUE D'),48.88709749,2.17952371,21:20:00,2024-02-28
202400039630,13:30,Plein jour,49,49224,1,6,7,7.0,Route de la Ronde,47.313425,-0.022652,13:30:00,2024-05-11
202400039631,16:45,Plein jour,41,41241,1,1,1,1.0,RD724 - Rue de Bourgogne,47.387537,1.933224,16:45:00,2024-07-20
202400039632,08:30,Plein jour,24,24311,2,3,1,1.0,Route de Piégut,45.544692,0.670477,08:30:00,2024-08-27
202400039633,12:05,Plein jour,974,97407,2,9,1,3.0,ROUTE DU SACRE COEUR,-20.9553,55.31181,12:05:00,2024-04-03
202400039634,23:00,,68,68201,2,1,3,6.0,8 Rue du Général de Gaulle,47.773386,7.000635,23:00:00,2024-05-12
202400039635,09:01,Plein jour,92,92063,2,3,1,3.0,HUGO (AVENUE VICTOR),48.88429722,2.17833737,09:01:00,2024-02-28
202400039636,12:00,Plein jour,04,04135,1,1,1,6.0,D957 pont du galetas,43.801797,6.249483,12:00:00,2024-08-25
202400039637,17:15,Plein jour,92,92050,2,9,1,1.0,PEUPLIERS RUE DES,48.91227,2.21605,17:15:00,2024-02-28
202400039638,12:25,Plein jour,44,44212,1,3,1,1.0,la haute bourdeliere,47.149122,-1.244025,12:25:00,2024-07-15
202400039639,23:15,Nuit avec éclairage,973,97302,2,2,1,3.0,CESAIRE (CITE),4.93050202,-52.32233271,23:15:00,2024-04-03
202400039640,19:40,Plein jour,22,22216,1,3,1,3.0,Kermoyec Bihan,48.49828,-3.398075,19:40:00,2024-05-11
202400039641,11:10,Plein jour,92,92050,2,9,1,3.0,HAVRE BOULEVARD DU,48.91982818,2.22135812,11:10:00,2024-02-28
202400039642,20:15,Crépuscule,85,85246,1,1,1,1.0,RD7,46.744029,-1.193304,20:15:00,2024-08-26
202400039643,20:05,Plein jour,29,29130,1,1,1,6.0,Route de Trégana,48.357055,-4.647056,20:05:00,2024-05-12
202400039644,23:55,Nuit sans éclairage,38,38394,1,1,1,2.0,1024 Route de Saint Marcellin,45.107394,5.256835,23:55:00,2024-07-19
202400039645,13:40,Plein jour,973,97302,2,6,1,3.0,BADUEL (ROND POINT DE),4.93330791,-52.30939507,13:40:00,2024-04-03
202400039646,01:00,Nuit sans éclairage,38,38275,1,1,1,6.0,D22,45.252867,5.383172,01:00:00,2024-05-13
202400039647,18:00,Plein jour,92,92048,2,1,1,3.0,VAUGIRARD (ROUTE DE),48.82006102,2.24101281,18:00:00,2024-02-28
202400039648,20:10,Plein jour,84,84017,1,1,1,7.0,D974,44.126316,5.278416,20:10:00,2024-07-19
202400039649,14:15,Plein jour,92,92004,2,1,1,6.0,BOURGUIGNONS ( RUE 33 A FIN ),48.91515782,2.27536851,14:15:00,2024-02-28
202400039650,16:30,Plein jour,15,15255,1,1,1,6.0,RD 990 ,44.893363,2.532801,16:30:00,2024-07-20
202400039651,18:30,Plein jour,69,69388,2,8,1,3.0,Boulevard des Etats-Unis,45.72690191,4.86965567,18:30:00,2024-04-04
202400039652,00:47,Nuit sans éclairage,30,30326,1,1,1,4.0,A9,44.01255998,4.71699779,00:47:00,2024-08-24
202400039653,11:45,Plein jour,01,01196,2,9,1,3.0,217 Route de la Vavre,46.365275,5.124382,11:45:00,2024-05-13
202400039654,12:50,Plein jour,26,26025,1,1,1,7.0,D340,44.661368,5.374146,12:50:00,2024-07-19
202400039655,17:45,Plein jour,47,47146,1,3,1,3.0,Route du Cendrous,44.4527,0.650157,17:45:00,2024-02-28
202400039656,17:40,Plein jour,69,69385,2,1,1,6.0,30 Chemin de Choulans,45.75286,4.8204,17:40:00,2024-04-04
202400039657,23:00,,987,98725,1,1,1,1.0,RT.2 à hauteur du PK11+800,-17.506728,-149.472388,23:00:00,2024-08-25
202400039658,14:25,Plein jour,51,51446,1,1,1,6.0,chemin,48.77705,4.476564,14:25:00,2024-02-27
202400039659,11:49,Plein jour,2B,2B033,2,1,1,2.0,TOUTES RUES,42.6855,9.4464,11:49:00,2024-04-03
202400039660,05:00,Nuit sans éclairage,70,70311,2,3,1,6.0,Avenue Labienus,47.818889,6.374838,05:00:00,2024-05-11
202400039661,14:30,Plein jour,72,72183,1,9,1,3.0,lieu dit les petits bournais,47.71674934,0.56842446,14:30:00,2024-07-19
202400039662,19:15,Crépuscule,66,66053,2,1,1,6.0,Unknown,42.5295843,3.0764991,19:15:00,2024-05-13
202400039663,14:05,Plein jour,77,77443,2,1,1,6.0,2 Rue de Meaux,48.887928,2.957398,14:05:00,2024-08-25
202400039664,17:09,Plein jour,18,18233,2,3,8,3.0,93 Avenue de Fontenay,47.339095,2.839478,17:09:00,2024-02-28
202400039665,15:05,Plein jour,2A,2A004,2,1,1,3.0,FREDIANI RUE LOUIS,41.92498,8.73817,15:05:00,2024-04-04
202400039666,19:20,Plein jour,72,72275,1,1,1,1.0,D20,48.06504798,0.35313244,19:20:00,2024-07-17
202400039667,10:45,Plein jour,54,54029,2,1,1,1.0,Rue de Verdun,49.36275275,5.88205218,10:45:00,2024-05-13
202400039668,09:55,Plein jour,11,11076,1,1,1,6.0,D103,43.319901,1.97461,09:55:00,2024-08-26
202400039669,07:08,Plein jour,972,97210,1,1,1,3.0,N6,14.579281,-60.864464,07:08:00,2024-02-27
202400039670,18:20,Plein jour,06,06009,1,1,1,6.0,Route Métropolitaine 2205,44.012278,7.131597,18:20:00,2024-07-19
202400039671,07:05,Plein jour,2A,2A004,2,6,1,3.0,#ROUTE DU STILETTO#,41.94498,8.75929,07:05:00,2024-04-04
202400039672,22:20,Nuit sans éclairage,44,44149,1,1,2,6.0,Unknown,47.473736,-1.638465,22:20:00,2024-02-28
202400039673,18:00,Plein jour,54,54084,1,1,7,7.0,D952,49.31544316,5.82927704,18:00:00,2024-05-12
202400039674,14:20,Plein jour,95,95252,2,9,1,3.0,GENERAL LECLERC (RUE DU),48.99064,2.20596,14:20:00,2024-04-04
202400039675,19:00,Plein jour,04,04152,1,1,1,1.0,Chemin de Sainte Tulle,43.795749,5.745614,19:00:00,2024-08-26
202400039676,16:10,Plein jour,14,14326,1,3,1,1.0,D510,49.156241,0.271482,16:10:00,2024-07-19
202400039677,08:35,Plein jour,51,51351,1,1,1,2.0,Marigny,48.66987968,3.86690867,08:35:00,2024-02-28
202400039678,00:10,Nuit sans éclairage,50,50058,2,1,1,7.0,Les Landelles,49.066728,-1.594493,00:10:00,2024-05-13
202400039679,03:30,Nuit sans éclairage,50,50603,1,1,1,7.0,Rue du Val,49.047995,-1.554008,03:30:00,2024-07-20
202400039680,08:40,Plein jour,95,95197,2,3,2,3.0,D928,48.96602654,2.31880604,08:40:00,2024-04-03
202400039681,14:40,Plein jour,26,26156,1,1,1,2.0,A7,45.091762,4.879389,14:40:00,2024-08-26
202400039682,12:50,Plein jour,45,45281,1,1,1,7.0,route de Préau,48.06130281,3.0342865,12:50:00,2024-05-09
202400039683,12:10,Plein jour,67,67434,2,4,1,1.0,4 Rue Vincent d'Indy,48.935934,7.088639,12:10:00,2024-02-28
202400039684,17:30,Plein jour,64,64238,1,2,1,3.0,CD817,43.248344,-0.082743,17:30:00,2024-07-19
202400039685,22:15,Nuit avec éclairage,16,16182,1,3,1,6.0,Unknown,46.032894,0.773532,22:15:00,2024-05-11
202400039686,11:00,Plein jour,07,07130,1,1,1,6.0,RN102,44.74985,3.988198,11:00:00,2024-08-26
202400039687,23:15,,91,91549,2,2,1,3.0,REPUBLIQUE (AVENUE DE LA),48.63938,2.3213,23:15:00,2024-04-04
202400039688,11:30,Plein jour,71,71154,2,2,1,3.0,Rue Paul Sabatier,46.832554,4.871101,11:30:00,2024-02-28
202400039689,20:35,Crépuscule,07,07005,1,6,7,6.0,D107,44.562584,4.595595,20:35:00,2024-07-19
202400039690,15:50,Plein jour,71,71295,1,1,1,3.0,64 Route de Chalon,46.808028,5.142466,15:50:00,2024-02-29
202400039691,16:38,Plein jour,21,21567,1,1,1,7.0,D 36,47.106318,4.491391,16:38:00,2024-07-12
202400039692,15:50,Plein jour,27,27622,1,2,1,6.0,D31,49.117591,0.685371,15:50:00,2024-05-11
202400039693,14:20,Plein jour,91,91347,2,3,1,4.0,RTE DE MONTLHERY,48.63529,2.28541,14:20:00,2024-04-04
202400039694,18:05,Plein jour,21,21360,1,1,1,7.0,Route de Montceau,47.081929,4.670777,18:05:00,2024-07-19
202400039695,17:35,Plein jour,85,85051,2,9,7,3.0,Avenue monseigneur batiot,46.68931,-1.05176,17:35:00,2024-07-19
202400039696,18:00,Plein jour,63,63081,1,1,1,7.0,lieu dit pradelles,45.520661,3.676584,18:00:00,2024-02-28
202400039697,06:15,Crépuscule,69,69117,1,1,1,3.0,Route Départementale 306,45.86203,4.742151,06:15:00,2024-08-27
202400039698,16:45,Plein jour,17,17457,1,1,1,7.0,D114,46.044051,-0.763483,16:45:00,2024-05-12
202400039699,14:00,Plein jour,27,27208,1,1,1,6.0,D613,49.147265,0.491984,14:00:00,2024-07-19
202400039700,07:43,Plein jour,91,91692,2,3,3,6.0,BERRY (AVENUE DU),48.68249,2.17082,07:43:00,2024-04-04
202400039701,08:10,Plein jour,61,61293,2,9,1,3.0,D912,48.522744,0.542573,08:10:00,2024-02-28
202400039702,11:15,Plein jour,65,65295,2,1,1,3.0,4 Route de Gavarnie,42.86693,-0.009618,11:15:00,2024-08-27
202400039703,12:15,Plein jour,17,17174,1,1,1,1.0,D114,46.021686,-0.751727,12:15:00,2024-05-11
202400039704,18:05,Plein jour,30,30249,2,9,1,6.0,Avenue de la Gare,43.807406,4.22684,18:05:00,2024-07-19
202400039705,08:27,Plein jour,91,91174,2,3,3,1.0,AV CARNOT,48.61048,2.47617,08:27:00,2024-04-04
202400039706,08:40,Plein jour,09,09188,1,1,1,6.0,Route nationale RN 20,42.884203,1.623445,08:40:00,2024-08-27
202400039707,09:00,Plein jour,30,30234,2,9,1,7.0,Place Saint Benoit,43.993228,4.136053,09:00:00,2024-05-13
202400039708,20:05,Nuit sans éclairage,47,47252,1,9,1,3.0,rd911,44.388587,0.589566,20:05:00,2024-02-28
202400039709,13:00,Plein jour,90,90033,2,6,1,3.0,Faubourg de Belfort,47.519465,7.001279,13:00:00,2024-02-27
202400039710,17:22,Plein jour,87,87085,2,1,1,6.0,RESISTANCE LIMOUSINE (RUE DE LA),45.83518,1.25007,17:22:00,2024-04-03
202400039711,19:30,Crépuscule,87,87156,1,1,7,1.0,9 Route de Chabassiéras,45.867769,1.400188,19:30:00,2024-08-27
202400039712,14:10,Plein jour,07,07010,2,1,1,3.0,Petite Rue de Faya,45.242645,4.672868,14:10:00,2024-02-29
202400039713,09:25,Plein jour,87,87085,2,1,2,6.0,DUTREIX (RUE ARMAND),45.83277567,1.23251617,09:25:00,2024-04-03
202400039714,16:41,Plein jour,08,08367,1,1,7,1.0,Route départementale 1,49.93270258,4.61374754,16:41:00,2024-07-20
202400039715,12:56,Plein jour,17,17337,2,1,1,3.0,220 Route des Figerasses,45.962394,-1.374739,12:56:00,2024-08-27
202400039716,06:06,Nuit avec éclairage,85,85058,2,3,2,3.0,Zone industrielle Les Loges,46.466269,-1.2306618,06:06:00,2024-02-29
202400039717,17:50,Plein jour,87,87114,2,1,1,6.0,COROT (AVENUE JEAN-BAPTISTE-),45.835,1.29449,17:50:00,2024-04-02
202400039718,12:30,Plein jour,35,35238,1,1,1,3.0,173 Route de Lorient,48.10521,-1.73481,12:30:00,2024-07-20
202400039719,14:10,Plein jour,28,28280,1,1,1,6.0,la cheneliere,48.298822,0.791166,14:10:00,2024-02-28
202400039720,03:00,Nuit sans éclairage,17,17385,2,1,1,7.0,Rue des Pigniers,45.938565,-1.327771,03:00:00,2024-08-27