Num_Acc,hrmn,lum,dep,com,agg,int,atm,col,adr,lat,long,heure,date
202400039721,17:15,Crépuscule,37,37145,1,1,1,6.0,les tufaux,47.02920316,0.6451972,17:15:00,2024-02-26
202400039722,11:00,Plein jour,84,84007,2,3,1,3.0,FELONS (Chemin des)-MONTFAVET,43.9122,4.89309,11:00:00,2024-04-04
202400039723,18:31,Plein jour,06,06088,1,1,1,2.0,Autoroute A8 dite La Provençale,43.676827,7.195385,18:31:00,2024-07-20
202400039724,23:55,Nuit sans éclairage,33,33519,1,1,1,2.0,Unknown,44.902069,-0.6848,23:55:00,2024-08-26
202400039725,04:02,Nuit avec éclairage,06,06088,1,1,1,6.0,"A8, PK186+80 sens nice-cannes",43.672419,7.200701,04:02:00,2024-07-20
202400039726,21:13,Nuit sans éclairage,04,04063,1,1,3,4.0,A51,43.749397,5.766106,21:13:00,2024-02-25
202400039727,18:15,Plein jour,83,83126,2,2,1,3.0,JAURES (BD JEAN),43.09532,5.88395,18:15:00,2024-04-03
202400039728,16:35,Plein jour,57,57155,1,1,1,3.0,A4,49.1392913,6.39678533,16:35:00,2024-02-24
202400039729,12:00,Plein jour,85,85243,2,6,1,4.0,Route des sables,46.598624,-1.831192,12:00:00,2024-08-12
202400039730,15:10,Plein jour,976,97616,1,1,1,5.0,D5,-12.876467,45.122631,15:10:00,2024-07-17
202400039731,06:40,Nuit sans éclairage,77,77305,2,1,3,6.0,GENERAL DE GAULLE (AVENUE DU),48.38168,2.95125,06:40:00,2024-04-04
202400039732,08:37,Plein jour,11,11188,1,9,1,2.0,Autoroute A9 - PK 215.938 - Sens FRANCE / ESPAGNE,42.971057,2.970171,08:37:00,2024-02-29
202400039733,05:30,Nuit sans éclairage,22,22268,1,1,1,6.0,La mare,48.575116,-2.335845,05:30:00,2024-08-25
202400039734,15:30,Plein jour,77,77053,2,6,2,7.0,RD 319,48.70264,2.59734,15:30:00,2024-04-03
202400039735,15:45,Plein jour,69,69097,2,2,1,3.0,Route de Pelussin,45.51537,4.72172,15:45:00,2024-07-19
202400039736,17:30,Plein jour,77,77001,1,9,1,6.0,Aire de repos d'achères la foret direction PARIS,48.362209,2.574202,17:30:00,2024-02-28
202400039737,06:45,Nuit sans éclairage,77,77209,1,1,3,6.0,D217BIS,48.85059,2.68512,06:45:00,2024-04-04
202400039738,17:00,Plein jour,76,76303,1,1,1,7.0,rue du jardin 76430,49.561597,0.350833,17:00:00,2024-08-26
202400039739,17:30,Crépuscule,28,28375,1,1,8,6.0,route nationale 12,48.758861,1.492464,17:30:00,2024-02-28
202400039740,19:00,,987,98733,2,3,1,3.0,"Pk 21.900, Vallée Orofero",-17.69117,-149.580778,19:00:00,2024-07-18
202400039741,08:05,Plein jour,76,76540,2,2,1,6.0,Quai Jean Moulin,49.43587,1.09047,08:05:00,2024-04-04
202400039742,12:20,Plein jour,80,80415,2,3,1,3.0,Rue de la Tour,49.752873,2.606919,12:20:00,2024-08-25
202400039743,06:15,Crépuscule,80,80521,1,1,1,7.0,A1,49.96733,2.860125,06:15:00,2024-08-27
202400039744,19:20,Plein jour,76,76351,2,1,1,6.0,ALBERT LE CLAINCHE  (RUE),49.51866,0.11573,19:20:00,2024-04-03
202400039745,06:15,Plein jour,74,74012,2,1,1,3.0,EUROPE (AVENUE DE L'),46.17788,6.23767,06:15:00,2024-04-04
202400039746,05:40,Nuit sans éclairage,34,34226,1,1,1,7.0,D37E3,43.356374,2.994504,05:40:00,2024-07-20
202400039747,10:00,Plein jour,59,59010,1,1,1,3.0,D630,50.159271,3.12428,10:00:00,2024-08-26
202400039748,08:30,Plein jour,04,04096,1,1,1,1.0,Route de Restefond la Bonette,44.397455,6.767535,08:30:00,2024-07-19
202400039749,11:00,Plein jour,74,74298,2,3,1,7.0,SERVETTE (CHEMIN DE),46.1854,6.25007,11:00:00,2024-04-04
202400039750,03:15,Nuit sans éclairage,69,69250,1,1,1,6.0,Autoroute 89,45.81999,4.71025,03:15:00,2024-08-26
202400039751,12:31,Plein jour,13,13072,1,1,1,1.0,Chemin Departemental 6,43.460722,5.623605,12:31:00,2024-07-20
202400039752,13:18,Plein jour,89,89053,1,1,7,7.0,Route de Fleury,47.845656,3.484964,13:18:00,2024-07-20
202400039753,05:50,Nuit sans éclairage,59,59564,1,1,1,2.0,AUTOROUTE A23,50.34609654,3.48183807,05:50:00,2024-08-23
202400039754,23:00,,21,21292,2,1,1,6.0,D109j,47.249716,5.217331,23:00:00,2024-07-19
202400039755,22:20,,71,71270,2,1,2,6.0,MISTRAL (RUE FREDERIC),46.29227,4.81106,22:20:00,2024-04-03
202400039756,17:50,Plein jour,52,52271,1,1,1,7.0,D1,48.080588,5.349634,17:50:00,2024-07-19
202400039757,18:50,Plein jour,94,94065,1,1,1,2.0,A86,48.75462573,2.34701377,18:50:00,2024-08-26
202400039758,08:20,Plein jour,69,69286,2,2,1,3.0,Route de Strasbourg,45.81070381,4.88507705,08:20:00,2024-04-04
202400039759,11:20,Plein jour,75,75114,1,1,1,7.0,A6A,48.81710442,2.33469325,11:20:00,2024-08-26
202400039760,19:05,Plein jour,88,88206,2,2,1,3.0,Rue De Mirecourt,48.31018,5.935922,19:05:00,2024-07-19
202400039761,17:42,Plein jour,73,73098,1,1,1,7.0,D912 - 1041 Route des bauges,45.62551779,6.00710034,17:42:00,2024-07-19
202400039762,06:10,,69,69259,2,3,1,3.0,Rue Joannès Vallet,45.70958,4.88512,06:10:00,2024-04-04
202400039763,08:55,Plein jour,92,92062,1,1,1,2.0,RN1014 W,48.88898724,2.24665537,08:55:00,2024-08-26
202400039764,08:45,Plein jour,38,38349,2,1,1,6.0,D1082,45.316681,4.791455,08:45:00,2024-07-20
202400039765,17:50,Plein jour,69,69276,2,1,8,1.0,Rue du Sauzai,45.68459,4.85399,17:50:00,2024-04-03
202400039766,01:15,Nuit sans éclairage,78,78646,1,1,1,6.0,RN12,48.79081,2.108037,01:15:00,2024-08-25
202400039767,17:55,Plein jour,94,94073,1,1,1,3.0,A86,48.77011469,2.38223272,17:55:00,2024-08-26
202400039768,16:40,Plein jour,38,38054,1,1,1,5.0,D1075,45.777944,5.400982,16:40:00,2024-07-19
202400039769,18:53,Plein jour,69,69225,1,1,2,7.0,2160 Route de Feurs,45.870017,4.416423,18:53:00,2024-07-20
202400039770,11:00,Plein jour,74,74081,2,3,1,3.0,19 Rue marcellin berthelot,46.060494,6.578579,11:00:00,2024-06-10
202400039771,22:05,Nuit sans éclairage,69,69111,1,4,1,3.0,Route du Pont de Nizy,45.901936,4.584131,22:05:00,2024-07-19
202400039772,06:15,Plein jour,74,74195,2,3,1,2.0,D1508,46.006803,5.955673,06:15:00,2024-05-10
202400039773,01:11,,69,69021,1,1,1,1.0,8 Passage de la Rochette,45.78773959,4.58350567,01:11:00,2024-07-20
202400039774,02:30,,69,69040,2,1,1,6.0,565 Avenue d'Ecully,45.789724,4.79307,02:30:00,2024-07-20
202400039775,14:40,Plein jour,74,74128,1,1,1,1.0,Route des vallées,46.152113,6.332465,14:40:00,2024-04-14
202400039776,10:45,Plein jour,74,74010,2,1,1,1.0,Rue du capitaine baud,45.915004,6.150767,10:45:00,2024-06-08
202400039777,06:25,Crépuscule,81,81219,1,1,1,1.0,N126,43.569917,1.969079,06:25:00,2024-07-20
202400039778,04:30,Nuit sans éclairage,32,32029,1,1,1,6.0,Route départementale 939,43.652767,0.404327,04:30:00,2024-07-15
202400039779,12:10,Plein jour,74,74236,2,1,1,1.0,Avenue du mont paccard,45.90247,6.711498,12:10:00,2024-05-20
202400039780,18:00,Plein jour,31,31327,1,1,1,2.0,Route de Roquefort,43.188499,1.019001,18:00:00,2024-07-16
202400039781,22:00,Nuit sans éclairage,74,74068,1,1,1,6.0,D1508,46.060554,5.866088,22:00:00,2024-05-26
202400039782,09:40,Plein jour,31,31395,2,3,1,3.0,"Route d'Eaunes, intersection Rue Gaston Bonheur",43.456649,1.329303,09:40:00,2024-07-20
202400039783,22:45,Nuit sans éclairage,24,24273,1,1,1,6.0,Route des Quatre Communes,44.81308,0.806808,22:45:00,2024-07-19
202400039784,19:40,Plein jour,74,74147,1,1,8,6.0,D180,45.783378,6.208434,19:40:00,2024-05-30
202400039785,16:30,Plein jour,33,33473,1,9,1,2.0,Unknown,45.139843,-0.46013305,16:30:00,2024-07-08
202400039786,15:48,Plein jour,33,33382,1,1,1,2.0,Unknown,45.161626,-0.50491,15:48:00,2024-07-08
202400039787,01:30,Nuit sans éclairage,33,33051,2,1,1,7.0,Unknown,44.650746,-0.953751,01:30:00,2024-07-20
202400039788,18:20,Plein jour,74,74042,2,1,1,4.0,Route de cluses,46.072092,6.419567,18:20:00,2024-04-30
202400039789,15:50,Plein jour,76,76203,2,1,1,7.0,route departementale 6015,49.602947,0.855238,15:50:00,2024-07-20
202400039790,17:40,Plein jour,74,74121,2,1,2,2.0,81 Rue des écoles,46.354581,6.352699,17:40:00,2024-06-09
202400039791,13:45,Plein jour,76,76057,2,2,1,3.0,Rue Pierre et Marie Curie,49.53635,0.95993,13:45:00,2024-07-19
202400039792,09:20,Plein jour,76,76285,2,3,1,3.0,D42,49.411518,1.297594,09:20:00,2024-07-19
202400039793,14:03,Plein jour,60,60500,2,1,1,7.0,Rue de Verdun,49.096685,2.761071,14:03:00,2024-07-20
202400039794,20:15,Plein jour,62,62711,2,1,1,7.0,Rue du Buisson,50.801924,1.727225,20:15:00,2024-07-19
202400039795,16:45,Plein jour,74,74175,1,9,1,1.0,rd 1005,46.403906,6.743808,16:45:00,2024-05-18
202400039796,03:45,Nuit sans éclairage,13,13211,1,1,1,6.0,A50-Sens Aubagne vers Marseille,43.28703,5.4354,03:45:00,2024-07-17
202400039797,10:50,Plein jour,74,74221,2,1,1,6.0,116 Route de la colombière,46.013263,6.534891,10:50:00,2024-05-27
202400039798,08:25,Plein jour,57,57096,1,1,1,6.0,Autoroute A30,49.38181873,5.97586953,08:25:00,2024-07-19
202400039799,15:40,Plein jour,33,33039,1,1,1,4.0,Unknown,44.807195,-0.528102,15:40:00,2024-07-19
202400039800,14:20,Plein jour,74,74056,1,9,1,2.0,RN 205,45.90624,6.84372,14:20:00,2024-03-28
202400039801,13:10,Plein jour,33,33249,1,1,1,4.0,Unknown,44.88118,-0.52376,13:10:00,2024-07-19
202400039802,10:30,Plein jour,74,74208,1,1,1,6.0,Route nationale 205,45.92872,6.74308,10:30:00,2024-03-25
202400039803,18:07,Plein jour,59,59544,1,1,1,2.0,AUTOROUTE A2,50.36255,3.59079,18:07:00,2024-07-15
202400039804,16:10,Plein jour,91,91645,1,1,1,3.0,RN 385 Extèrieure,48.75989,2.25908,16:10:00,2024-07-19
202400039805,12:10,Plein jour,59,59220,2,3,1,1.0,DUNKERQUE RUE DE,50.59904,3.07317,12:10:00,2024-08-25
202400039806,13:45,Plein jour,91,91136,1,1,1,2.0,A10 PROVINCE / RD188 PROVINCE,48.71732,2.26706,13:45:00,2024-07-19
202400039807,18:35,Plein jour,78,78423,1,1,1,6.0,RN12,48.79639,2.032991,18:35:00,2024-07-19
202400039808,07:22,Plein jour,988,98818,2,2,1,3.0,RUE DU DOCTEUR LE SCOUR/RUE EUGENE PORCHERON,-22.27523,166.44562,07:22:00,2024-08-26
202400039809,17:30,Plein jour,78,78133,1,1,1,4.0,A13,48.891171,2.009467,17:30:00,2024-07-19
202400039810,06:45,Plein jour,974,97416,1,1,2,2.0,RN03,-21.3229,55.4847,06:45:00,2024-08-24
202400039811,20:00,Plein jour,95,95306,1,1,1,3.0,A15,49.00106114,2.17299486,20:00:00,2024-07-19
202400039812,19:50,,974,97407,2,1,1,6.0,PERI GABRIEL(RUE),-20.93738,55.30782,19:50:00,2024-08-25
202400039813,13:50,Plein jour,93,93064,1,1,1,1.0,AUTOROUTE A103,48.88497135,2.48991679,13:50:00,2024-07-19
202400039814,09:55,Plein jour,93,93008,1,1,1,6.0,AUTOROUTE A86,48.90615841,2.46109169,09:55:00,2024-07-19
202400039815,17:00,Plein jour,973,97302,2,1,1,1.0,EBOUE (ROCADE FELIX),4.93233,-52.31113,17:00:00,2024-08-25
202400039816,07:45,Plein jour,94,94079,1,1,1,2.0,A4,48.82799527,2.52620846,07:45:00,2024-07-19
202400039817,08:35,Plein jour,976,97611,1,9,1,5.0,m'tsapere-Nationale 2 (route),-12.7905,45.22317,08:35:00,2024-07-18
202400039818,15:07,Plein jour,95,95572,2,3,1,1.0,D922,49.05536192,2.13621318,15:07:00,2024-08-24
202400039819,17:30,Plein jour,974,97411,2,2,1,3.0,LECONTE DE LISLE (AVENUE),-20.89278,55.48356,17:30:00,2024-07-18
202400039820,14:57,Plein jour,974,97409,1,1,1,6.0,BOIS ROUGE (chemin du),-20.9227,55.64351,14:57:00,2024-07-18
202400039821,14:15,Plein jour,91,91600,2,9,1,4.0,RTE NATIONALE 6,48.67877,2.49547,14:15:00,2024-08-25
202400039822,11:34,Plein jour,973,97302,2,1,1,6.0,MADELEINE (ROUTE DE LA),4.90978,-52.32151,11:34:00,2024-07-18
202400039823,10:40,Plein jour,972,97213,1,1,1,4.0,AUTOROUTE A1,14.61803,-61.03267,10:40:00,2024-07-18
202400039824,03:25,Nuit avec éclairage,88,88413,1,1,3,2.0,RN 59,48.31253,6.91904,03:25:00,2024-08-25
202400039825,14:00,Plein jour,972,97209,2,3,1,3.0,GENERAL DE GAULLE (BLD DU),14.60654,-61.06677,14:00:00,2024-07-18
202400039826,13:25,Plein jour,972,97209,1,3,1,3.0,BOUGAINVILLIERS (RUE DES),14.6087,-61.08038,13:25:00,2024-07-17
202400039827,20:30,Plein jour,85,85191,1,1,1,3.0,COTE DE LUMIERE ROND-POINT,46.66239,-1.46234,20:30:00,2024-08-25
202400039828,14:49,Plein jour,2A,2A004,2,1,1,3.0,ROSSI TINO BD,41.90935,8.69174,14:49:00,2024-07-18
202400039829,16:16,Plein jour,95,95476,1,9,1,4.0,N14,49.05729244,2.03951092,16:16:00,2024-07-17
202400039830,16:00,Plein jour,84,84007,2,1,1,6.0,MORIERES (Route de ),43.94992,4.86632,16:00:00,2024-08-25
202400039831,19:00,Plein jour,91,91521,2,1,1,1.0,AV PAUL LANGEVIN,48.64,2.399,19:00:00,2024-07-18
202400039832,12:41,Plein jour,87,87065,1,2,1,3.0,RD 704A,45.7941601,1.29534245,12:41:00,2024-07-16
202400039833,10:45,Plein jour,83,83137,2,1,1,7.0,RESISTANCE (AVE / IMP DE LA),43.11441,5.95054,10:45:00,2024-08-25
202400039834,21:00,Plein jour,85,85194,2,1,1,6.0,Route du tour de france,46.48413,-1.75598,21:00:00,2024-07-17
202400039835,00:50,,80,80021,2,2,1,3.0,Rue du Général Leclerc,49.89667,2.29434,00:50:00,2024-07-18
202400039836,08:41,Plein jour,78,78624,2,1,1,6.0,DOUMER RUE PAUL,48.979687,2.003922,08:41:00,2024-06-12
202400039837,03:40,,78,78358,2,1,1,3.0,VERDUN (AVENUE DE),48.94526,2.1576,03:40:00,2024-08-24
202400039838,19:20,Plein jour,77,77251,2,6,1,3.0,RD 50,48.61457,2.55305,19:20:00,2024-06-15
202400039839,02:50,,77,77284,2,3,1,2.0,VICTOIRE (AV.DE LA),48.957402,2.936293,02:50:00,2024-08-25
202400039840,10:30,Plein jour,77,77326,2,1,1,6.0,CHAMPIGNONS (DES),48.580536,2.55932,10:30:00,2024-07-17
202400039841,21:00,Crépuscule,71,71306,2,1,1,6.0,JULES CHAGOT (QUAI),46.67692,4.3632,21:00:00,2024-08-25
202400039842,07:30,Plein jour,77,77296,2,6,1,3.0,RUE DENIS PAPIN,48.618195,2.580867,07:30:00,2024-07-17
202400039843,18:55,Plein jour,76,76498,1,1,1,7.0,N338 - Sud 3,49.4263,1.05522,18:55:00,2024-07-18
202400039844,05:30,Crépuscule,65,65440,2,6,2,6.0,Boulevard Henri IV,43.232954,0.061061,05:30:00,2024-08-25
202400039845,23:00,,72,72181,2,1,1,2.0,COURBOULAY PAUL (RUE),48.00355,0.19155,23:00:00,2024-07-17
202400039846,04:00,Nuit sans éclairage,69,69266,2,3,1,2.0,Rue Victor Jara,45.76696424,4.9181044,04:00:00,2024-07-18
202400039847,18:09,Plein jour,64,64348,2,3,2,3.0,DIDIER DAURAT,43.33279,-0.37977,18:09:00,2024-08-25
202400039848,10:20,Plein jour,69,69259,2,1,1,6.0,Boulevard Irène Joliot Curie,45.72121,4.87377,10:20:00,2024-07-18
202400039849,15:30,Plein jour,62,62239,2,1,3,1.0,D304,50.93127447,1.838552,15:30:00,2024-08-24
202400039850,18:30,Plein jour,69,69259,2,1,1,6.0,Boulevard Ambroise Croizat,45.70471,4.88745,18:30:00,2024-07-17
202400039851,07:30,Plein jour,64,64445,2,3,1,6.0,ALFRED NOBEL,43.31583,-0.31397,07:30:00,2024-07-18
202400039852,05:30,,60,60057,2,1,1,6.0,Avenue Salvador Allendé,49.43906,2.10873,05:30:00,2024-08-25
202400039853,02:30,Nuit sans éclairage,59,59352,1,1,2,7.0,QUESNOY (RUE),50.73121,3.06155,02:30:00,2024-08-25
202400039854,12:45,Plein jour,64,64445,2,3,1,3.0,CHATEAU D'ESTE DU,43.30789,-0.37748,12:45:00,2024-07-17
202400039855,17:10,Plein jour,59,59033,2,1,2,7.0,HOTEL DE VILLE (RUE DE L'),50.201041,3.830143,17:10:00,2024-08-24
202400039856,16:34,Plein jour,63,63113,2,1,1,3.0,BENNETT (RUE GORDON),45.78695,3.07995,16:34:00,2024-07-18
202400039857,17:20,Plein jour,63,63113,2,1,1,6.0,COUTHON (AVENUE GEORGES),45.78173,3.09294,17:20:00,2024-07-17
202400039858,17:50,Plein jour,59,59360,2,3,3,3.0,DOUMER PAUL RUE,50.596293,3.037631,17:50:00,2024-08-24
202400039859,19:00,Plein jour,62,62193,2,2,1,3.0,Rue du Duc de Guise,50.95775,1.85193,19:00:00,2024-07-18
202400039860,19:15,Plein jour,57,57227,2,5,1,3.0,NATIONALE (RUE)DU C. SCHOENECK /LIMITE C,49.18899,6.90578,19:15:00,2024-08-25
202400039861,16:25,Plein jour,56,56162,1,1,1,6.0,Kerlin Bastard,47.75588,-3.42219,16:25:00,2024-08-25
202400039862,10:30,Plein jour,62,62774,2,6,1,3.0,Place du General de Gaulle,50.95876394,1.82783961,10:30:00,2024-07-18
202400039863,12:41,Plein jour,47,47001,1,1,1,3.0,DOCTEUR NOGUES (AV DU),44.19429,0.64376,12:41:00,2024-08-24
202400039864,01:50,,59,59426,1,3,1,3.0,RACCORDEMENT (VOIE DE),50.7478,3.14544,01:50:00,2024-07-18
202400039865,15:30,Plein jour,42,42218,2,1,1,6.0,Rue du Midi,45.444596,4.381263,15:30:00,2024-06-19
202400039866,01:35,,59,59378,2,1,1,7.0,MAGNOLIAS AVENUE DES,50.68225,3.10742,01:35:00,2024-07-18
202400039867,16:24,Plein jour,36,36044,1,1,1,4.0,Avenue de Blois,46.82819332,1.68045223,16:24:00,2024-08-25
202400039868,18:00,Plein jour,57,57672,2,1,1,2.0,KONACKER (Route),49.36454,6.08987,18:00:00,2024-07-17
202400039869,12:55,Plein jour,36,36044,2,1,1,6.0,POIRIER (DU GRAND),46.79614352,1.71836525,12:55:00,2024-08-25
202400039870,17:10,Plein jour,54,54339,2,1,1,3.0,Avenue du General Leclerc,48.71812969,6.18319988,17:10:00,2024-07-18
202400039871,01:00,Nuit sans éclairage,35,35238,1,1,1,6.0,ROCADE 10-11,48.11776,-1.71873,01:00:00,2024-08-26
202400039872,08:05,Plein jour,54,54184,2,2,1,3.0,Av du 69e Regiment d’Infanterie,48.70988544,6.24117315,08:05:00,2024-07-18
202400039873,09:30,Plein jour,34,34172,2,2,1,3.0,MOULARES (CHEMIN DE,43.60018,3.89458,09:30:00,2024-08-25
202400039874,17:50,Plein jour,54,54382,2,1,1,7.0,Rue des Tilleuls,49.53932,5.76457,17:50:00,2024-07-18
202400039875,22:40,,51,51454,2,1,1,6.0,MIDOL (RUE HENRI),49.26301,4.00398,22:40:00,2024-07-17
202400039876,00:30,,31,31555,2,1,1,6.0,CHE DE FENOUILLET,43.6597,1.40868,00:30:00,2024-08-25
202400039877,18:00,Plein jour,50,50218,2,1,1,6.0,MATIGNON (AV DES),48.83795,-1.56967,18:00:00,2024-07-18
202400039878,15:17,Plein jour,27,27229,2,1,1,6.0,GRENOBLE (RUE DE),49.02626,1.14985,15:17:00,2024-08-25
202400039879,14:00,Plein jour,50,50165,2,1,1,7.0,Unknown,48.85122,-1.55547,14:00:00,2024-07-18
202400039880,17:35,Plein jour,27,27306,2,1,3,7.0,CONCORDE (RUE),49.0063459,1.1723659,17:35:00,2024-08-24
202400039881,19:05,Plein jour,26,26362,2,1,1,6.0,Rue des Freres Montgolfier,44.92271774,4.90558863,19:05:00,2024-08-24
202400039882,19:30,Plein jour,50,50129,2,2,1,3.0,COUTURIERES (RUE DES ),49.64162,-1.59325,19:30:00,2024-07-17
202400039883,04:50,,14,14220,2,1,1,7.0,30 Avenue de la République,49.35976,0.08047,04:50:00,2024-08-25
202400039884,06:05,,13,13202,2,1,1,1.0,HOZIER (RUE D'),43.30429,5.36985,06:05:00,2024-08-25
202400039885,18:30,Plein jour,50,50129,2,2,1,3.0,ALEXANDRE III (QUAI),49.63554,-1.62199,18:30:00,2024-07-17
202400039886,16:15,Plein jour,13,13212,2,1,1,2.0,WILLIAM BOOTH (AVENUE),43.29423531,5.4418776,16:15:00,2024-08-24
202400039887,19:35,Plein jour,49,49007,2,1,1,3.0,DAVID D'ANGERS,47.44288,-0.5352,19:35:00,2024-07-17
202400039888,06:20,Crépuscule,42,42186,2,1,1,3.0,Chemin de Sainte-barbe,45.52092201,4.60684649,06:20:00,2024-07-17
202400039889,15:20,Plein jour,42,42218,2,1,1,3.0,Boulevard de la Palle,45.42783,4.417,15:20:00,2024-07-17
202400039890,12:05,Plein jour,13,13211,2,1,1,5.0,AUDIENCE (RUE DE L'),43.29616461,5.48647591,12:05:00,2024-08-24
202400039891,21:20,Crépuscule,38,38185,2,2,1,1.0,RUE ABBÉ DE LA SALLE,45.18972,5.73149,21:20:00,2024-07-17
202400039892,17:45,Plein jour,10,10387,2,9,1,3.0,Chaussee du Vouldy,48.2909,4.0883,17:45:00,2024-08-25
202400039893,17:00,Plein jour,21,21231,1,1,1,1.0,Rue Coubertin,47.306383,5.089924,17:00:00,2024-06-14
202400039894,08:44,Plein jour,01,01451,2,6,7,3.0,LOUHANS (ROND POINT),46.22808,5.229,08:44:00,2024-08-24
202400039895,16:30,Plein jour,37,37261,2,6,7,3.0,MAGINOT (AV. ANDRE),47.41879834,0.69261718,16:30:00,2024-07-18
202400039896,13:50,Plein jour,75,75116,2,1,1,2.0,BD PERIPHERIQUE INTERIEUR,48.825623,2.300965,13:50:00,2024-08-25
202400039897,14:08,Plein jour,19,19275,2,9,8,6.0,BLUM (BOULEVARD LEON),45.55271184,2.31597151,14:08:00,2024-05-29
202400039898,12:53,Plein jour,37,37261,2,1,1,6.0,STRASBOURG (PLACE DE),47.38043,0.68119,12:53:00,2024-07-18
202400039899,14:20,Plein jour,19,19031,2,1,1,3.0,LAGRANGE (AVENUE LEO),45.16072,1.55028,14:20:00,2024-06-17
202400039900,15:25,Plein jour,14,14333,2,1,1,6.0,32 Rue du Dauphin,49.42015721,0.23219079,15:25:00,2024-06-16
202400039901,18:30,Plein jour,35,35278,1,1,1,2.0,RN136,48.14104,-1.68131,18:30:00,2024-07-18
202400039902,16:20,Plein jour,75,75120,2,1,1,5.0,BD PERIPHERIQUE INTERIEUR,48.85993,2.413982,16:20:00,2024-08-24
202400039903,07:30,Plein jour,13,13054,1,1,1,2.0,D9 (BRETELLE),43.42405,5.2365,07:30:00,2024-06-17
202400039904,16:10,Plein jour,75,75112,2,1,1,4.0,Boulevard Périphérique Extérieur ,48.846484,2.414571,16:10:00,2024-08-23
202400039905,11:45,Plein jour,35,35238,2,2,1,3.0,CLEMENCEAU (BD GEORGES),48.09427873,-1.6818282,11:45:00,2024-07-18
202400039906,19:31,Plein jour,13,13209,1,1,1,7.0,COL DE LA GINESTE D559,43.21303,5.45075,19:31:00,2024-06-17
202400039907,11:30,Plein jour,75,75112,2,1,1,2.0,BD PERIPHERIQUE EXTERIEUR,48.846484,2.414571,11:30:00,2024-08-23
202400039908,08:30,Plein jour,13,13213,2,1,1,1.0,JEAN PAUL SARTRE (AVENUE),43.32898,5.43057,08:30:00,2024-06-17
202400039909,08:10,Plein jour,34,34172,2,2,1,3.0,APOTHICAIRES (AVENUE DES),43.64294,3.83674,08:10:00,2024-07-18
202400039910,18:00,Plein jour,13,13204,2,1,1,7.0,ALEX. FLEMING (BOULEVARD),43.31662259,5.39537166,18:00:00,2024-06-13
202400039911,09:00,Plein jour,75,75112,2,1,1,3.0,BD PERIPHERIQUE EXTERIEUR,48.827141,2.39103,09:00:00,2024-08-23
202400039912,19:00,Plein jour,33,33063,2,4,1,2.0,Unknown,44.85177,-0.59048,19:00:00,2024-07-18
202400039913,01:47,,13,13208,2,1,1,2.0,MENDES FRANCE (AVENUE),43.25939,5.37572,01:47:00,2024-06-17
202400039914,15:30,Plein jour,75,75113,2,1,1,2.0,ECHANGEUR ITALIE,48.816245,2.356117,15:30:00,2024-08-24
202400039915,10:30,Plein jour,06,06027,2,1,1,6.0,2 Avenue de l'Hôtel des Postes,43.66277,7.15054,10:30:00,2024-06-12
202400039916,11:00,Plein jour,75,75116,2,1,1,6.0,AVENUE FELIX D HERELLE,48.834784,2.256062,11:00:00,2024-08-25
202400039917,10:20,Plein jour,02,02738,2,7,1,3.0,Unknown,49.66821,3.28202,10:20:00,2024-06-17
202400039918,17:50,Plein jour,33,33063,2,3,1,4.0,Unknown,44.851,-0.59547,17:50:00,2024-07-18
202400039919,10:30,Plein jour,75,75116,2,2,1,3.0,AVENUE DE LA PORTE D AUTEUIL,48.848072,2.253102,10:30:00,2024-08-25
202400039920,11:50,Plein jour,01,01053,2,2,1,2.0,LEVRIER (BD ANDRE) PAIR,46.20975,5.23017,11:50:00,2024-06-17
202400039921,17:30,Plein jour,75,75112,2,4,1,6.0,AVENUE DE SAINT MAURICE,48.82856,2.419545,17:30:00,2024-08-24
202400039922,11:30,Plein jour,33,33522,2,2,1,6.0,Unknown,44.81534,-0.59406,11:30:00,2024-07-18
202400039923,04:30,,75,75111,2,1,1,6.0,RUE DES TAILLANDIERS,48.854665,2.375047,04:30:00,2024-08-25
202400039924,18:20,Plein jour,75,75113,2,1,1,4.0,BD PERIPHERIQUE EXTERIEUR,48.816707,2.365107,18:20:00,2024-06-17
202400039925,18:05,Plein jour,33,33009,2,1,1,6.0,Unknown,44.658984,-1.19278,18:05:00,2024-07-17
202400039926,22:10,,75,75110,2,3,1,3.0,BOULEVARD DE MAGENTA,48.87318,2.358843,22:10:00,2024-08-25
202400039927,11:55,Plein jour,75,75119,2,3,1,4.0,RUE SIGMUND FREUD,48.884684,2.398837,11:55:00,2024-06-17
202400039928,15:10,Plein jour,31,31555,2,3,1,3.0,RUE DE LA VENDEE,43.57226,1.41407,15:10:00,2024-07-18
202400039929,10:20,Plein jour,75,75105,2,1,1,3.0,QUAI SAINT BERNARD,48.84722,2.36042,10:20:00,2024-06-17
202400039930,19:00,Crépuscule,93,93005,2,2,1,5.0,Rue Paul Cézanne / Rue Eugène Delacroix,48.95284477,2.49895179,19:00:00,2024-08-25
202400039931,09:55,Plein jour,29,29232,2,1,1,6.0,Rue de Stang Bihan,48.010275,-4.104088,09:55:00,2024-07-18
202400039932,17:20,Plein jour,93,93051,2,1,1,6.0,Rue du Marnois,48.84144536,2.56480626,17:20:00,2024-08-24