Num_Acc,hrmn,lum,dep,com,agg,int,atm,col,adr,lat,long,heure,date
202400039933,08:10,Plein jour,75,75117,2,2,1,3.0,RUE FLOREAL,48.900474,2.320692,08:10:00,2024-06-17
202400039934,13:35,Plein jour,29,29232,2,1,1,2.0,Rue Theodore le Hars,47.994461,-4.099738,13:35:00,2024-07-17
202400039935,08:01,Plein jour,75,75110,2,2,1,3.0,RUE LA FAYETTE,48.881615,2.365813,08:01:00,2024-06-17
202400039936,10:20,Plein jour,29,29151,2,1,1,6.0,Rampe Saint Nicolas,48.582057,-3.826864,10:20:00,2024-07-17
202400039937,17:00,Plein jour,93,93032,2,2,1,3.0,Avenue Charles / Avenue Maurice,48.89086667,2.52072662,17:00:00,2024-08-24
202400039938,09:15,Plein jour,75,75115,2,2,1,3.0,RUE DE LA CROIX NIVERT,48.842344,2.294174,09:15:00,2024-06-17
202400039939,21:09,Plein jour,27,27229,2,1,1,2.0,CITES UNIES (BOULEVARD DES),49.01492,1.14413,21:09:00,2024-07-18
202400039940,21:15,,93,93031,2,2,1,3.0,Avenue Joffre / Route d'Argenteuil,48.96174,2.29519,21:15:00,2024-08-24
202400039941,13:35,Plein jour,75,75101,2,3,1,3.0,RUE SAINT HONORE,48.862497,2.338102,13:35:00,2024-06-17
202400039942,21:22,Crépuscule,26,26252,2,1,1,1.0,Rue Ambroise Croizat,44.871718,4.879725,21:22:00,2024-07-17
202400039943,03:40,,93,93013,2,6,1,6.0,Carrefour Charles Lindbergh / Route nationale 2,48.94274,2.42995,03:40:00,2024-08-25
202400039944,11:45,Plein jour,94,94044,2,1,1,6.0,Avenue de Verdun,48.75034869,2.48304226,11:45:00,2024-06-17
202400039945,08:15,Plein jour,34,34242,1,1,1,7.0,Mas de Mounel,43.767824,3.981026,08:15:00,2024-08-26
202400039946,18:50,Plein jour,47,47015,1,1,1,6.0,RN 21,44.055372,0.651369,18:50:00,2024-08-25
202400039947,19:00,Plein jour,94,94046,2,1,1,6.0,12 Avenue Gambetta,48.809999,2.436122,19:00:00,2024-06-17
202400039948,13:10,Plein jour,17,17415,2,3,1,4.0,COTE DE BEAUTE RUE DE LA,45.748137,-0.668822,13:10:00,2024-07-18
202400039949,14:00,Plein jour,94,94041,2,1,1,3.0,78 Avenue Maurice Thorez,48.8141,2.37928,14:00:00,2024-06-17
202400039950,14:20,Plein jour,62,62723,2,3,1,3.0,D119,50.367413,1.777398,14:20:00,2024-08-26
202400039951,15:37,Plein jour,14,14366,1,9,1,2.0,D613,49.13374,0.24611,15:37:00,2024-07-17
202400039952,16:25,Plein jour,28,28161,1,1,1,6.0,Autoroute A11 PK 095+500 dans le sens LE MANS vers PARIS,48.251427,1.123266,16:25:00,2024-08-26
202400039953,06:00,Crépuscule,972,97220,1,1,2,7.0,N8,14.491164,-60.896423,06:00:00,2024-08-24
202400039954,10:35,Plein jour,14,14338,2,6,7,3.0,1 Boulevard des Belges,49.30066,-0.07508,10:35:00,2024-07-17
202400039955,02:00,,93,93053,2,3,1,5.0,Rue de Brément / Rue Elsa Triolet,48.887255,2.466368,02:00:00,2024-06-16
202400039956,03:00,Nuit sans éclairage,972,97217,2,1,1,6.0,morne sulpice,14.492733,-60.86194,03:00:00,2024-08-23
202400039957,17:30,Plein jour,13,13117,1,1,1,3.0,CD20 E,43.44964,5.23071,17:30:00,2024-07-17
202400039958,11:20,Plein jour,93,93031,2,5,1,6.0,Avenue de la République / Boulevard Foch,48.94967,2.32944,11:20:00,2024-06-17
202400039959,09:55,Plein jour,26,26324,1,9,1,7.0,Unknown,44.327901,4.738884,09:55:00,2024-08-26
202400039960,16:45,Plein jour,92,92046,2,1,1,7.0,JULES FERRY (AVENUE),48.81996977,2.29864204,16:45:00,2024-06-17
202400039961,14:06,Plein jour,13,13208,2,1,1,1.0,PRADO (AVENUE DU),43.26876388,5.3855051,14:06:00,2024-07-18
202400039962,18:15,Plein jour,01,01075,2,1,1,2.0,Lieu Dit Villette,46.028184,4.782127,18:15:00,2024-08-26
202400039963,15:35,Plein jour,92,92063,2,4,1,1.0,POMPIDOU (AVENUE DU PRESIDENT),48.86664646,2.20087266,15:35:00,2024-06-17
202400039964,20:26,Plein jour,92,92062,2,3,1,3.0,DE DION BOUTON (QUAI) DU 1 AU 28,48.88535612,2.25096524,20:26:00,2024-06-17
202400039965,18:40,Plein jour,13,13005,2,1,1,1.0,VERDUN (AVENUE DE),43.28754,5.58252,18:40:00,2024-07-14
202400039966,17:30,Plein jour,86,86070,1,2,7,3.0,D951,46.57305,0.709192,17:30:00,2024-08-25
202400039967,18:10,Plein jour,92,92044,2,1,1,3.0,RASPAIL(RUE) 41A65 ET 32A58,48.89829,2.29153,18:10:00,2024-06-17
202400039968,13:00,Plein jour,92,92040,2,1,1,6.0,VERDUN (AVENUE DE) DU 83 AU 113 BIS,48.82011812,2.25788033,13:00:00,2024-06-17
202400039969,19:14,,971,97109,1,1,1,1.0,RN1 - blanchet,15.99549,-61.707062,19:14:00,2024-08-25
202400039970,11:30,Plein jour,92,92024,2,1,1,6.0,GENERAL LECLERC (RUE DU) DE (59 ET PLUS),48.90515506,2.31050402,11:30:00,2024-06-17
202400039971,23:00,Nuit sans éclairage,13,13004,1,1,1,2.0,RTE N113 MARSEILLE A BORBEAUX,43.65256,4.66736,23:00:00,2024-07-17
202400039972,22:00,Nuit sans éclairage,84,84027,1,1,1,6.0,D237,44.092239,4.734721,22:00:00,2024-08-24
202400039973,10:30,Plein jour,92,92032,2,3,1,7.0,REPUBLIQUE (BOULEVARD DE LA),48.78969378,2.28674716,10:30:00,2024-06-17
202400039974,03:30,Nuit avec éclairage,11,11069,2,1,1,6.0,Rue du President Fallieres,43.21255,2.3645,03:30:00,2024-07-18
202400039975,11:25,Plein jour,2A,2A085,1,6,1,2.0,6 route départementale 55,41.91172,8.82681,11:25:00,2024-08-25
202400039976,12:25,Plein jour,92,92012,2,1,1,2.0,GALLIENI (RUE) 159/FIN,48.83556018,2.23190725,12:25:00,2024-06-17
202400039977,21:26,,82,82112,2,1,1,6.0,13 Rue Sainte-Catherine,44.10344,1.084116,21:26:00,2024-08-23
202400039978,16:10,Plein jour,92,92007,2,1,1,3.0,VAILLANT-COUTURIER (AVENU PAUL),48.79273476,2.31565744,16:10:00,2024-06-17
202400039979,18:43,Plein jour,10,10265,2,1,1,2.0,Rue Lamartine,48.3006,4.0408,18:43:00,2024-07-17
202400039980,07:50,Plein jour,65,65408,1,1,8,2.0,Route des Nestes rd 929,42.98404013,0.37578821,07:50:00,2024-08-26
202400039981,22:39,,92,92002,2,9,1,6.0,NOYER DORE (AVENUE),48.7354925,2.28490341,22:39:00,2024-06-16
202400039982,00:20,Nuit sans éclairage,95,95116,2,1,2,6.0,BEAUMONT (RUE DE),49.15430055,2.32363522,00:20:00,2024-06-18
202400039983,09:15,Plein jour,33,33296,2,1,1,1.0,Unknown,44.849971,-0.023466,09:15:00,2024-08-26
202400039984,10:50,Plein jour,10,10081,2,1,1,2.0,Avenue du Général Sarrail,48.30327,4.0301,10:50:00,2024-07-17
202400039985,09:30,Plein jour,40,40036,2,3,2,3.0,1064 Route de Bayonne,43.628028,-1.37179,09:30:00,2024-05-30
202400039986,08:15,Plein jour,05,05174,1,1,1,7.0,D994G,44.959621,6.678175,08:15:00,2024-06-17
202400039987,07:20,Plein jour,06,06069,2,7,1,3.0,18 Boulevard Carnot,43.6544402,6.9209851,07:20:00,2024-07-18
202400039988,16:00,Plein jour,69,69162,1,2,1,3.0,Route Départementale 337,46.13904949,4.60837841,16:00:00,2024-08-26
202400039989,23:20,Nuit sans éclairage,86,86068,1,1,1,6.0,La Brousse Bazin,46.21819,0.196374,23:20:00,2024-08-25
202400039990,16:15,Plein jour,974,97410,2,1,1,1.0,22 Route Nationale 2,-21.064663,55.732275,16:15:00,2024-06-18
202400039991,15:00,Plein jour,06,06030,2,3,1,3.0,6 Avenue de Lyon,43.564982,7.01924,15:00:00,2024-07-18
202400039992,20:00,Plein jour,34,34239,2,2,1,3.0,Avenue de Clermont l'Herault,43.649887,3.50039,20:00:00,2024-08-25
202400039993,19:10,Plein jour,51,51147,1,1,1,2.0,rd977 PK 46+050,49.08226666,4.48117259,19:10:00,2024-06-18
202400039994,12:30,Plein jour,01,01289,2,3,1,3.0,AMPERE (RUE),46.17076,5.19814,12:30:00,2024-07-18
202400039995,11:50,Plein jour,62,62141,1,1,2,6.0,Rue de Montbus,50.625995,2.342915,11:50:00,2024-06-16
202400039996,19:30,Crépuscule,34,34235,1,1,7,1.0,D13,43.63875,3.055709,19:30:00,2024-08-25
202400039997,16:25,Plein jour,80,80308,2,1,2,6.0,Rue Ferdinand Buisson,50.060731,1.608231,16:25:00,2024-06-14
202400039998,20:00,Plein jour,75,75120,2,1,1,2.0,BD PERIPHERIQUE INTERIEUR,48.859033,2.41411,20:00:00,2024-07-18
202400039999,07:45,Plein jour,68,68270,2,1,1,3.0,34 Rue Principale,47.778087,7.286776,07:45:00,2024-08-23
202400040000,06:59,Plein jour,80,80704,1,1,1,1.0,D919,49.965604,2.395363,06:59:00,2024-06-18
202400040001,14:30,Plein jour,75,75117,2,1,1,3.0,BD PERIPHERIQUE EXTERIEUR,48.900188,2.320781,14:30:00,2024-07-18
202400040002,18:45,Crépuscule,68,68129,1,1,7,2.0,Rue de Belfort,47.732685,7.240178,18:45:00,2024-08-19
202400040003,07:50,Crépuscule,69,69006,2,6,7,6.0,Rue Maurice Perrodon,45.976346,4.33445,07:50:00,2024-06-05
202400040004,13:10,Plein jour,75,75112,2,1,1,2.0,BD PERIPHERIQUE EXTERIEUR,48.827646,2.393653,13:10:00,2024-07-18
202400040005,19:50,Crépuscule,24,24007,1,1,1,7.0,Route de Saint Severin,45.29592676,0.28705359,19:50:00,2024-09-19
202400040006,17:25,Plein jour,39,39106,1,2,1,3.0,Unknown,46.46609,5.715321,17:25:00,2024-08-24
202400040007,13:57,Plein jour,01,01451,1,1,3,6.0,Viriat,46.255194,5.250392,13:57:00,2024-08-18
202400040008,10:44,Plein jour,75,75119,2,1,1,3.0,BD PERIPHERIQUE EXTERIEUR,48.900359,2.376642,10:44:00,2024-07-18
202400040009,12:30,Plein jour,11,11397,2,1,1,2.0,RD 6113,43.206134,2.431444,12:30:00,2024-06-17
202400040010,11:50,Plein jour,39,39501,2,1,1,6.0,8 Rue de Dole,47.126819,5.454556,11:50:00,2024-08-24
202400040011,20:55,Plein jour,89,89086,1,1,1,6.0,Les Debats,47.867178,3.192161,20:55:00,2024-06-17
202400040012,20:25,Plein jour,75,75117,2,1,1,3.0,PORTE DE CLICHY,48.89736,2.312431,20:25:00,2024-07-17
202400040013,17:05,Plein jour,06,06088,1,1,1,4.0,A8 194.100 NORD,43.722544,7.223232,17:05:00,2024-09-30
202400040014,19:40,Plein jour,42,42027,1,1,7,1.0,Route de Pailleux,45.926409,3.989083,19:40:00,2024-06-17
202400040015,15:42,Plein jour,39,39443,1,1,1,7.0,Unknown,46.565057,5.590324,15:42:00,2024-08-26
202400040016,20:45,Plein jour,75,75115,2,1,1,4.0,PORTE DE SEVRES,48.833408,2.278343,20:45:00,2024-07-17
202400040017,11:30,Plein jour,29,29031,1,1,1,7.0,Route de la forêt,47.78081552,-3.54569917,11:30:00,2024-08-25
202400040018,14:00,Plein jour,46,46024,1,1,1,1.0,Route Départementale 803,44.87177,1.867322,14:00:00,2024-06-18
202400040019,06:17,Nuit sans éclairage,34,34129,1,1,1,2.0,AUTOROUTE A9 _  PK 99 _ SENS 2,43.589713,3.909609,06:17:00,2024-10-01
202400040020,10:05,Plein jour,29,29160,2,1,1,6.0,Place Général de Gaulle,48.502032,-4.42709,10:05:00,2024-08-26
202400040021,14:00,Plein jour,41,41185,1,3,3,2.0,Route de Blois,47.37272,1.698281,14:00:00,2024-06-16
202400040022,11:10,Plein jour,03,03206,1,1,1,7.0,D915,46.177483,2.561059,11:10:00,2024-07-05
202400040023,13:15,Plein jour,973,97311,2,1,1,6.0,Rue du Port,5.49338,-54.032332,13:15:00,2024-10-01
202400040024,19:35,Plein jour,75,75120,2,4,1,6.0,AVENUE DU PERE LACHAISE,48.863783,2.397502,19:35:00,2024-07-17
202400040025,15:45,Plein jour,01,01351,2,1,1,3.0,Route de Valeins,46.139359,4.868842,15:45:00,2024-08-25
202400040026,13:15,Plein jour,34,34091,1,1,1,7.0,D9,43.853531,3.348105,13:15:00,2024-06-18
202400040027,14:50,Plein jour,70,70342,1,1,7,7.0,D13,47.516469,5.722032,14:50:00,2024-08-24
202400040028,22:05,,971,97107,2,6,2,7.0,Kassaverie (Restauration rapide),16.052789,-61.568761,22:05:00,2024-09-22
202400040029,09:00,Plein jour,75,75117,2,3,1,4.0,AVENUE DE WAGRAM,48.876732,2.297203,09:00:00,2024-07-18
202400040030,18:30,Plein jour,26,26349,1,1,1,1.0,Route de Romans,45.223826,5.028348,18:30:00,2024-08-25
202400040031,21:25,Crépuscule,68,68237,1,1,1,1.0,D11.2,48.099178,7.282208,21:25:00,2024-06-17
202400040032,15:55,Plein jour,77,77176,2,9,1,2.0,16 Rue Robert Martin,48.801879,2.985837,15:55:00,2024-09-30
202400040033,12:55,Plein jour,75,75116,2,3,1,3.0,AVENUE DE NEW YORK,48.86322,2.296197,12:55:00,2024-07-17
202400040034,18:00,Plein jour,26,26329,1,1,1,7.0,RD64,44.324309,5.385479,18:00:00,2024-08-25
202400040035,14:10,Plein jour,29,29068,1,2,2,3.0,Le Rest,48.549525,-3.997741,14:10:00,2024-06-13
202400040036,17:30,Plein jour,75,75115,2,1,1,7.0,BOULEVARD LEFEBVRE,48.831782,2.290149,17:30:00,2024-07-18
202400040037,17:50,Plein jour,66,66053,2,9,1,6.0,18 Avenue General de Gaulle,42.524309,3.082706,17:50:00,2024-08-26
202400040038,16:30,Plein jour,26,26064,1,1,1,1.0,Route de Crest,44.884652,5.014519,16:30:00,2024-09-30
202400040039,14:00,Plein jour,29,29176,1,3,8,6.0,Keryequel,48.112517,-4.24245,14:00:00,2024-06-18
202400040040,11:00,Plein jour,75,75114,2,2,1,6.0,RUE DELAMBRE,48.841912,2.329557,11:00:00,2024-07-17
202400040041,15:35,Plein jour,06,06120,1,1,1,1.0,M2205 PR 48 + 2635,44.238212,6.941246,15:35:00,2024-08-25
202400040042,15:15,Plein jour,38,38134,1,1,1,6.0,D538,45.437437,5.006289,15:15:00,2024-06-18
202400040043,17:05,Plein jour,69,69113,1,1,1,3.0,Route de la Vallée,45.95471746,4.52488117,17:05:00,2024-09-29
202400040044,15:00,Plein jour,75,75113,2,2,1,3.0,QUAI D AUSTERLITZ,48.841861,2.367854,15:00:00,2024-07-18
202400040045,19:05,Plein jour,50,50272,1,1,1,3.0,1 Rue du 30 Juillet 1944,48.951486,-1.533575,19:05:00,2024-08-26
202400040046,15:50,Plein jour,73,73128,1,1,1,7.0,D911 - Route des Bauges,45.727109,5.945835,15:50:00,2024-08-25
202400040047,21:30,Crépuscule,02,02801,2,2,1,3.0,D966,49.739214,3.990009,21:30:00,2024-06-17
202400040048,11:10,Plein jour,75,75113,2,1,1,6.0,AVENUE DE LA PORTE DE VITRY,48.823651,2.377218,11:10:00,2024-07-18
202400040049,10:25,Plein jour,85,85092,2,6,3,6.0,Rue de blossac,46.464926,-0.802946,10:25:00,2024-10-01
202400040050,17:30,Plein jour,75,75112,2,1,1,3.0,BOULEVARD PONIATOWSKI,48.82878212,2.38894165,17:30:00,2024-07-17
202400040051,16:55,Plein jour,36,36071,1,1,1,1.0,Route du Grenouillat,46.78271058,1.79991463,16:55:00,2024-08-26
202400040052,17:10,Plein jour,01,01138,2,3,1,3.0,Avenue Jean Falconnier,45.848278,5.788894,17:10:00,2024-06-18
202400040053,10:10,Plein jour,50,50601,2,1,1,6.0,Rue Thiers - Torigni-sur-Vire,49.035014,-0.979478,10:10:00,2024-09-23
202400040054,11:40,Plein jour,72,72071,2,1,1,3.0,Rue du Mont sur Loir,47.68633,0.428381,11:40:00,2024-06-17
202400040055,02:20,,75,75110,2,3,1,3.0,BOULEVARD DE STRASBOURG,48.875441,2.357791,02:20:00,2024-07-18
202400040056,19:40,Plein jour,07,07204,1,1,1,1.0,Départementale 21,44.977629,4.436486,19:40:00,2024-08-25
202400040057,18:28,Plein jour,60,60509,2,1,1,3.0,Rue Philippe de Beaumanoir,49.301845,2.610304,18:28:00,2024-06-17
202400040058,16:00,Plein jour,75,75109,2,3,1,3.0,BOULEVARD HAUSSMANN,48.872248,2.338324,16:00:00,2024-07-18
202400040059,03:00,,85,85146,2,6,1,6.0,D763,46.968106,-1.331336,03:00:00,2024-08-25
202400040060,09:58,Plein jour,50,50564,1,2,1,7.0,Rue de l'Epinay,49.233026,-1.282439,09:58:00,2024-10-01
202400040061,22:56,,64,64221,1,1,1,1.0,CD 11,43.32005,-0.924273,22:56:00,2024-04-20
202400040062,10:30,Plein jour,75,75108,2,3,1,6.0,RUE DE ROME,48.877202,2.323061,10:30:00,2024-07-17
202400040063,16:40,Plein jour,87,87039,1,1,1,1.0,D70,45.587795,1.365309,16:40:00,2024-08-25
202400040064,14:50,Plein jour,14,14166,2,1,1,7.0,22 Rue de la Mer,49.285944,-0.288292,14:50:00,2024-10-01
202400040065,11:05,Plein jour,73,73128,1,1,1,3.0,D49 Route du Revard,45.718892,5.939451,11:05:00,2024-06-18
202400040066,22:20,,75,75107,2,2,1,3.0,BOULEVARD DES INVALIDES,48.848255,2.315697,22:20:00,2024-07-18
202400040067,11:20,Plein jour,62,62705,1,1,1,6.0,Le Haut Banc,50.8161,1.76498,11:20:00,2024-10-01
202400040068,10:30,Plein jour,10,10202,1,1,1,7.0,D34,48.0949,4.0906,10:30:00,2024-06-17
202400040069,16:30,Plein jour,37,37086,1,1,1,1.0,D3,47.478174,0.340362,16:30:00,2024-08-25
202400040070,15:26,Plein jour,07,07334,1,1,1,7.0,D901,44.4090505,4.16362701,15:26:00,2024-06-18
202400040071,02:45,,75,75103,2,2,1,1.0,BOULEVARD DE SEBASTOPOL,48.869319,2.354257,02:45:00,2024-07-18
202400040072,06:25,Crépuscule,30,30106,1,1,1,6.0,D982,43.993026,3.964291,06:25:00,2024-07-27
202400040073,17:35,Plein jour,21,21527,1,1,1,6.0,D906,46.935076,4.681454,17:35:00,2024-06-17
202400040074,08:45,Plein jour,94,94080,2,1,1,6.0,Rue de Fontenay,48.84861081,2.43187872,08:45:00,2024-07-17
202400040075,20:32,Crépuscule,42,42159,1,1,1,6.0,A89,45.844751,3.74107,20:32:00,2024-06-17
202400040076,22:06,Nuit sans éclairage,94,94043,2,1,1,2.0,Rue Voltaire,48.815629,2.361208,22:06:00,2024-07-17
202400040077,13:42,Plein jour,13,13210,2,1,1,6.0,A50-Sens Marseille vers Aubagne,43.28274,5.39405,13:42:00,2024-09-30
202400040078,19:00,Plein jour,34,34256,1,1,1,2.0,A9 - PK 84+370,43.685346,4.050189,19:00:00,2024-06-17
202400040079,12:30,Plein jour,94,94034,2,1,1,3.0,Avenue de la Paix,48.76276912,2.33078438,12:30:00,2024-07-18
202400040080,18:20,Plein jour,95,95151,1,1,7,1.0,D3,49.059582,2.269428,18:20:00,2024-08-25
202400040081,12:35,Plein jour,59,59491,1,1,1,2.0,AUTOROUTE A23,50.410277,3.432989,12:35:00,2024-09-28
202400040082,18:20,Plein jour,94,94079,2,1,1,3.0,Route de Bry,48.83099907,2.53549808,18:20:00,2024-07-17
202400040083,12:59,Plein jour,976,97617,1,1,1,5.0,route de soulou,-12.783658,45.107481,12:59:00,2024-06-17
202400040084,03:50,Nuit sans éclairage,30,30189,1,1,2,2.0,A9 pk 52.000,43.82234549,4.38109311,03:50:00,2024-08-25
202400040085,12:19,Plein jour,69,69013,1,1,1,6.0,Autoroute 6,46.01185,4.72939,12:19:00,2024-06-17
202400040086,19:30,Plein jour,94,94017,2,1,1,2.0,34 Rue Jean Jaurès,48.815185,2.505739,19:30:00,2024-07-18
202400040087,03:15,Nuit sans éclairage,59,59459,1,1,1,2.0,AUTOROUTE A23,50.38072,3.46642,03:15:00,2024-09-27
202400040088,01:45,Nuit sans éclairage,45,45331,1,1,1,6.0,D13 PR 18 + 452,47.725023,2.185381,01:45:00,2024-06-16
202400040089,13:25,Plein jour,93,93066,2,2,1,6.0,Rue du Fort de la Briche / Rue de la Briche,48.94219,2.34162,13:25:00,2024-07-18
202400040090,21:15,Crépuscule,91,91232,1,1,3,1.0,D83,48.473344,2.385675,21:15:00,2024-06-16
202400040091,10:40,Plein jour,976,97616,1,9,1,1.0,Route Nationale 2,-12.842515,45.116783,10:40:00,2024-08-25
202400040092,15:05,Plein jour,91,91200,2,1,1,7.0,avenue de paris,48.53029,2.027428,15:05:00,2024-06-18
202400040093,13:46,Plein jour,62,62498,1,1,1,5.0,A21,50.44709194,2.83848387,13:46:00,2024-09-26
202400040094,15:45,Plein jour,93,93049,2,2,1,6.0,Avenue Carnot / Avenue du Maréchal Foch,48.86297,2.5026,15:45:00,2024-07-18
202400040095,07:00,Plein jour,28,28408,1,1,1,6.0,A10,48.37883,1.888036,07:00:00,2024-08-25
202400040096,17:45,Plein jour,66,66023,1,1,1,2.0,Unknown,42.65477,2.582035,17:45:00,2024-06-17
202400040097,05:15,Nuit sans éclairage,974,97406,2,1,1,2.0,491 rue de la République,-21.144886,55.618962,05:15:00,2024-08-26
202400040098,18:10,Plein jour,91,91228,1,1,8,4.0,RN 104,48.61908,2.42635,18:10:00,2024-09-30
202400040099,19:00,Plein jour,66,66037,2,3,1,3.0,Rue des Palmiers,42.697648,3.033471,19:00:00,2024-06-16
202400040100,00:20,Nuit sans éclairage,971,97121,1,1,1,1.0,D23 route des mamelles,16.192292,-61.779841,00:20:00,2024-08-25
202400040101,17:53,Plein jour,34,34145,2,1,1,6.0,Avenue du Marechal Leclerc,43.690055,4.131922,17:53:00,2024-06-17
202400040102,18:10,Plein jour,78,78043,1,1,2,3.0,A12 W,48.824303,2.073819,18:10:00,2024-09-30
202400040103,11:35,Plein jour,34,34057,1,1,1,7.0,d65E1,43.65116,3.926057,11:35:00,2024-06-17
202400040104,18:20,Plein jour,29,29136,1,1,1,3.0,Kerguen,47.928084,-3.489071,18:20:00,2024-08-25
202400040105,17:00,Plein jour,83,83042,1,1,1,3.0,chemin de négresse,43.245445,6.548957,17:00:00,2024-06-10
202400040106,15:35,Plein jour,95,95211,1,1,1,1.0,D27,49.08286555,2.10036425,15:35:00,2024-08-26
202400040107,17:10,Plein jour,68,68154,2,1,1,2.0,Quai de Rotterdam,47.765746,7.382008,17:10:00,2024-06-17
202400040108,23:22,Nuit sans éclairage,95,95656,1,1,1,6.0,D913,49.06161609,1.71983403,23:22:00,2024-08-25
202400040109,20:10,Nuit sans éclairage,78,78291,1,1,8,4.0,A13,48.96872,1.74117,20:10:00,2024-09-29
202400040110,13:20,Plein jour,68,68255,2,3,1,3.0,Rue du Muscat,47.987164,7.287538,13:20:00,2024-06-18
202400040111,23:20,Nuit sans éclairage,42,42168,1,1,1,6.0,Route de Chavanay,45.420353,4.700357,23:20:00,2024-06-07
202400040112,01:10,,66,66008,2,1,1,5.0,Avenue du 8 Mai 1945,42.546366,3.031577,01:10:00,2024-08-26
202400040113,15:00,Plein jour,44,44201,2,1,2,6.0,568 Route de la Chapelle,47.334946,-1.534894,15:00:00,2024-06-10
202400040114,13:40,Plein jour,04,04193,1,1,1,7.0,D902,44.532424,6.707596,13:40:00,2024-08-26
202400040115,19:55,Crépuscule,78,78362,1,1,2,4.0,A13,48.97556,1.7241,19:55:00,2024-09-29
202400040116,16:38,Plein jour,33,33104,2,3,1,1.0,Unknown,45.027314,-0.800108,16:38:00,2024-06-17
202400040117,18:30,Plein jour,13,13085,1,1,1,7.0,Route de Cassis,43.246191,5.56994,18:30:00,2024-08-25
202400040118,13:27,Plein jour,78,78322,1,1,8,2.0,RN12 EXT,48.78413,2.15691,13:27:00,2024-09-29
202400040119,16:40,Plein jour,60,60524,1,9,1,3.0,D1016,49.342643,2.432989,16:40:00,2024-06-18
202400040120,18:00,Plein jour,13,13042,1,1,1,1.0,D8n,43.266363,5.653496,18:00:00,2024-08-25
202400040121,18:20,Plein jour,71,71513,2,1,1,6.0,Rue du Château,46.39702403,4.861858,18:20:00,2024-08-26
202400040122,17:15,Plein jour,60,60462,2,1,1,2.0,98 Rue de Paris,49.323669,2.201341,17:15:00,2024-06-04
202400040123,02:35,Nuit sans éclairage,92,92025,1,1,1,2.0,A86,48.93090698,2.24424749,02:35:00,2024-09-28
202400040124,14:55,Plein jour,21,21292,2,1,1,2.0,Avenue du General de Gaulle,47.237921,5.224375,14:55:00,2024-08-24
202400040125,17:00,Plein jour,59,59053,2,1,1,6.0,Rue du Maréchal Juin,50.293233,3.802723,17:00:00,2024-06-17
202400040126,16:20,Plein jour,13,13215,1,1,1,2.0,A7-Sens Lyon vers Marseille,43.38249668,5.35142,16:20:00,2024-06-17
202400040127,06:00,Nuit sans éclairage,93,93078,1,1,1,2.0,AUTOROUTE A104,48.95912175,2.53661523,06:00:00,2024-09-29
202400040128,20:48,Nuit sans éclairage,03,03235,1,1,2,1.0,D906e,46.24244,3.517932,20:48:00,2024-08-24
202400040129,06:50,Plein jour,59,59009,1,1,1,6.0,Unknown,50.61670835,3.13566686,06:50:00,2024-06-16
202400040130,09:40,,73,73050,1,1,1,1.0,D1504 Tunnel du Chat,45.687235,5.844727,09:40:00,2024-08-26
202400040131,13:00,Plein jour,91,91689,1,1,1,4.0,AUTOROUTE A6,48.72847,2.31412,13:00:00,2024-06-17
202400040132,00:50,Nuit sans éclairage,93,93005,1,1,1,2.0,AUTOROUTE A1,48.96577048,2.47591738,00:50:00,2024-09-29
202400040133,09:15,Plein jour,73,73160,1,1,1,6.0,D6 Route de montagnole,45.54058125,5.91150597,09:15:00,2024-08-17
202400040134,11:08,Plein jour,91,91689,1,1,1,2.0,AUTOROUTE A6,48.728,2.314,11:08:00,2024-06-17
202400040135,13:30,Plein jour,01,01049,2,2,1,3.0,1086 Route Nationale,45.844691,5.034576,13:30:00,2024-08-25
202400040136,13:44,Plein jour,93,93005,1,1,1,3.0,AUTOROUTE A3,48.96688397,2.47596934,13:44:00,2024-09-28
202400040137,14:10,Plein jour,78,78043,1,1,1,4.0,A12 Y,48.838972,2.092776,14:10:00,2024-06-16
202400040138,17:30,Plein jour,01,01249,2,1,1,1.0,27 Avenue Henri Deschamps,45.827569,4.961722,17:30:00,2024-08-25
202400040139,03:30,Nuit sans éclairage,78,78321,1,1,1,6.0,RN12 INT,48.7986,1.9235,03:30:00,2024-06-16
202400040140,20:10,,94,94046,1,1,1,7.0,86,48.81292733,2.44895577,20:10:00,2024-09-30
202400040141,00:13,Nuit sans éclairage,78,78646,1,1,1,2.0,RN12,48.791178,2.10515,00:13:00,2024-06-15
202400040142,13:05,Plein jour,22,22208,1,1,2,7.0,traveneuc,48.313234,-2.039756,13:05:00,2024-08-23
202400040143,12:15,Plein jour,94,94073,1,1,1,3.0,A86,48.7542676,2.38140831,12:15:00,2024-09-30
202400040144,14:47,Plein jour,22,22277,1,1,1,2.0,Le Coudray,48.367398,-2.837766,14:47:00,2024-08-26
202400040145,12:25,Plein jour,93,93008,1,1,1,4.0,A86,48.90795832,2.45209157,12:25:00,2024-06-17