Num_Acc,hrmn,lum,dep,com,agg,int,atm,col,adr,lat,long,heure,date
202400040146,15:05,Plein jour,91,91174,2,6,1,6.0,RUE DE LA REPUBLIQUE,48.6141,2.47955,15:05:00,2024-05-25
202400040147,11:20,Plein jour,93,93064,1,1,1,2.0,A103,48.8864869,2.48369694,11:20:00,2024-06-17
202400040148,15:00,Plein jour,02,02020,1,1,1,4.0,Unknown,49.8640207,4.23625946,15:00:00,2024-08-26
202400040149,07:00,Plein jour,95,95572,1,1,1,6.0,N184,49.03152404,2.10610813,07:00:00,2024-06-17
202400040150,07:10,Plein jour,02,02495,2,1,1,6.0,36 Avenue de Verdun,49.965704,4.053794,07:10:00,2024-08-25
202400040151,18:41,Plein jour,91,91521,1,1,1,4.0,RN 104,48.626,2.396,18:41:00,2024-05-13
202400040152,18:10,Plein jour,29,29230,1,1,2,7.0,Lieu Dit Kergristien,47.965517,-3.577048,18:10:00,2024-03-28
202400040153,02:20,Nuit sans éclairage,59,59181,2,1,1,2.0,Route Nationale 2,50.169394,3.953447,02:20:00,2024-08-24
202400040154,17:05,Plein jour,14,14712,2,1,1,2.0,118 Route de Rouen,49.17943991,-0.19301341,17:05:00,2024-03-10
202400040155,13:25,Plein jour,28,28005,2,1,7,1.0,Unknown,48.24661741,1.4099732,13:25:00,2024-05-11
202400040156,00:35,,59,59559,2,1,1,5.0,10 Rue d'Eth,50.332896,3.656598,00:35:00,2024-08-26
202400040157,12:25,Plein jour,987,98736,2,9,1,3.0,ARIIPAEA POMARE (AV),-17.53421,-149.54872,12:25:00,2024-06-15
202400040158,21:20,Nuit sans éclairage,974,97416,2,1,1,7.0,RECHERCHANT(RUE ADRIEN),-21.28241717,55.47471964,21:20:00,2024-06-16
202400040159,09:40,Plein jour,93,93072,2,3,2,3.0,Avenue de Stalingrad / Avenue Paul Vaillant Couturier,48.948762,2.380822,09:40:00,2024-02-07
202400040160,06:23,Plein jour,972,97213,1,9,1,7.0,ROUTE DEPARTEMENTALE 3,14.63417,-60.99193,06:23:00,2024-06-16
202400040161,20:45,Crépuscule,13,13026,1,1,1,7.0,A55-Sens Marseille vers Martigues,43.40012173,5.09963791,20:45:00,2024-06-16
202400040162,17:50,Plein jour,57,57206,2,1,1,6.0,13 Avenue de Metz,49.306651,6.115662,17:50:00,2024-07-26
202400040163,16:15,Plein jour,971,97120,2,9,1,3.0,DARBOUSSIER,16.23129799,-61.53344214,16:15:00,2024-06-16
202400040164,15:00,Plein jour,974,97411,1,1,1,6.0,LITTORAL (ROUTE 1 DU),-20.87495,55.43433,15:00:00,2024-09-28
202400040165,10:54,Plein jour,95,95203,2,1,1,6.0,D928,48.99662128,2.27116303,10:54:00,2024-06-16
202400040166,10:30,Plein jour,69,69149,2,1,1,6.0,Avenue de Haute Roche,45.70283,4.82799,10:30:00,2024-09-29
202400040167,13:45,Plein jour,33,33096,1,1,1,4.0,Unknown,44.89454,-0.49839,13:45:00,2024-08-25
202400040168,10:30,Plein jour,69,69149,2,1,1,3.0,Rue de la République,45.70327308,4.82784495,10:30:00,2024-09-29
202400040169,14:20,Plein jour,91,91657,2,1,2,2.0,AV HENRI BARBUSSE,48.70075,2.42208,14:20:00,2024-06-16
202400040170,16:20,Plein jour,91,91689,1,1,1,4.0,AUTOROUTE A6,48.72538,2.31308,16:20:00,2024-08-25
202400040171,15:50,Plein jour,88,88160,2,6,8,2.0,ALSACE (RUE D'),48.16445,6.44898,15:50:00,2024-06-16
202400040172,16:30,Plein jour,95,95680,1,1,1,1.0,D970,49.01334167,2.41483158,16:30:00,2024-09-29
202400040173,23:40,Nuit sans éclairage,91,91689,1,1,1,6.0,AUTOROUTE A6B,48.73875,2.31948,23:40:00,2024-08-24
202400040174,17:30,Plein jour,86,86066,1,3,1,3.0,RD 749 - ROUTE DE RICHELIEU,46.83333,0.519707,17:30:00,2024-06-11
202400040175,18:05,Plein jour,92,92047,1,1,1,2.0,A13,48.83211998,2.15311333,18:05:00,2024-08-25
202400040176,16:45,Plein jour,95,95277,2,3,1,3.0,GEORGES POMPIDOU (AVENUE),48.99007183,2.42962897,16:45:00,2024-09-27
202400040177,19:30,Plein jour,84,84031,1,1,1,6.0,SAINT ROCH AVENUE,44.099,5.077,19:30:00,2024-06-16
202400040178,08:58,Plein jour,78,78133,1,1,1,6.0,A13,48.890249,2.009842,08:58:00,2024-08-25
202400040179,15:00,Plein jour,77,77373,2,3,1,3.0,RUE DES PRES SAINT MARTIN,48.79293,2.61215,15:00:00,2024-06-16
202400040180,07:50,Plein jour,92,92072,1,1,1,7.0,N118,48.82602589,2.22262601,07:50:00,2024-08-25
202400040181,15:35,Plein jour,91,91312,2,2,1,3.0,FERRONNERIE (RUE DE LA),48.73521,2.21769,15:35:00,2024-09-29
202400040182,16:10,Plein jour,83,83137,2,1,1,6.0,Avenue de la Tour Royale,43.10371,5.92776,16:10:00,2024-09-28
202400040183,17:15,Plein jour,94,94065,1,1,1,5.0,A86,48.75356897,2.35662818,17:15:00,2024-08-25
202400040184,17:40,Plein jour,77,77400,1,1,2,1.0,MOUROUX (ROUTE DE),48.79857251,3.03098565,17:40:00,2024-06-15
202400040185,00:01,,83,83137,2,3,1,3.0,COLBERT (AVE),43.12541,5.93291,00:01:00,2024-09-29
202400040186,17:43,Crépuscule,976,97611,2,4,1,3.0,m'tsapere-M'tsapéré- M'tsangani ( rue ),-12.78903,45.22131,17:43:00,2024-08-23
202400040187,18:35,Crépuscule,973,97302,2,1,1,7.0,14 ET 22 JUIN 1962,4.93564579,-52.32753485,18:35:00,2024-08-24
202400040188,14:15,Plein jour,83,83069,2,1,1,1.0,COUBERTIN (AVENUE PIERRE DE) ,43.11943,6.14461,14:15:00,2024-09-29
202400040189,18:31,Plein jour,74,74012,2,3,1,1.0,GARE (AVENUE DE LA),46.19755,6.23584,18:31:00,2024-06-16
202400040190,21:00,,69,69384,2,1,1,6.0,74 Grande Rue de la Croix-Rousse,45.77984,4.83224,21:00:00,2024-08-24
202400040191,01:30,Nuit sans éclairage,972,97209,1,1,2,6.0,RD 41 (ROCADE),14.60619,-61.08773,01:30:00,2024-08-24
202400040192,13:06,Plein jour,83,83069,2,3,1,3.0,COUBERTIN (AVENUE PIERRE DE),43.11948,6.14388,13:06:00,2024-09-27
202400040193,16:05,Plein jour,74,74012,2,3,1,3.0,DE GAULLE (AVENUE CHARLES),46.18406,6.24684,16:05:00,2024-06-16
202400040194,17:20,Plein jour,74,74133,1,1,1,2.0,INDUSTRIE (RUE DE L'),46.18515,6.21907,17:20:00,2024-06-15
202400040195,11:50,Plein jour,69,69384,2,1,1,4.0,Montée de la Boucle,45.77989,4.84073,11:50:00,2024-08-24
202400040196,16:00,Plein jour,69,69264,2,1,1,6.0,Rue de Vauxrenard,45.99799,4.71357,16:00:00,2024-06-15
202400040197,11:15,Plein jour,971,97113,1,1,1,6.0,L'HOUEZEL (ROUTE DE),16.20473,-61.47999,11:15:00,2024-08-24
202400040198,17:29,Plein jour,77,77284,2,1,1,6.0,ROOSEVELT (AV.DU PDT),48.95702517,2.8995465,17:29:00,2024-09-29
202400040199,10:20,Plein jour,66,66136,2,2,1,1.0,Avenue Maréchal Joffre,42.70439946,2.89271951,10:20:00,2024-06-16
202400040200,18:00,Plein jour,74,74012,2,2,1,3.0,GARE (AVENUE DE LA),46.197931,6.236084,18:00:00,2024-09-29
202400040201,17:19,Plein jour,971,97101,1,1,1,1.0,ROUTE DE BOISVINS,16.2613,-61.4625,17:19:00,2024-08-23
202400040202,15:50,Plein jour,65,65440,2,4,1,3.0,Avenue de la Marne,43.23215575,0.08743575,15:50:00,2024-06-16
202400040203,19:30,Plein jour,2A,2A004,2,3,1,3.0,T22,41.95251083,8.78444575,19:30:00,2024-08-24
202400040204,14:35,Plein jour,71,71306,1,1,1,2.0,RN 70 (ROUTE EXPRESS),46.6635,4.33484,14:35:00,2024-09-29
202400040205,14:50,Plein jour,65,65286,2,6,1,5.0,ROND POINT DE L EUROPE,43.107,-0.03939,14:50:00,2024-06-16
202400040206,15:40,Plein jour,71,71306,2,2,1,3.0,MARECHAL LECLERC (AVENUE DU),46.67903995,4.36570823,15:40:00,2024-09-29
202400040207,12:50,Plein jour,91,91114,2,3,1,3.0,RUE TALMA,48.69302,2.5025,12:50:00,2024-08-24
202400040208,14:05,Plein jour,63,63300,2,1,1,3.0,CHAMP D'OJARDIAS (AVENUE),45.89342697,3.09942394,14:05:00,2024-06-16
202400040209,09:50,Plein jour,69,69091,2,3,8,3.0,Avenue Youri Gagarine,45.60007,4.76958,09:50:00,2024-09-28
202400040210,19:45,Plein jour,91,91521,1,1,8,6.0,AV I ET F JOLIOT CURIE,48.62991,2.39727,19:45:00,2024-08-24
202400040211,08:30,Plein jour,62,62464,2,1,1,6.0,D947,50.48855644,2.80891385,08:30:00,2024-06-16
202400040212,18:20,Plein jour,66,66136,2,1,8,6.0,Rue Jean Vielledent,42.69507961,2.90076613,18:20:00,2024-09-29
202400040213,21:25,Plein jour,59,59392,2,2,8,3.0,KENNEDY (RUE),50.266683,3.940562,21:25:00,2024-06-15
202400040214,11:10,Plein jour,91,91223,2,1,1,6.0,HOTEL DE VILLE (PLACE DE L'),48.43426,2.1619,11:10:00,2024-08-24
202400040215,08:30,Plein jour,59,59017,2,1,1,6.0,LEBLEU (RUE JULES ),50.68415,2.86509,08:30:00,2024-06-11
202400040216,11:00,Plein jour,63,63113,2,1,1,6.0,COTE BLATIN (BD),45.77034,3.0918,11:00:00,2024-09-29
202400040217,05:40,,91,91223,2,1,1,1.0,MAI 1945 (AVENUE DU 8),48.44,2.155,05:40:00,2024-08-24
202400040218,10:50,Plein jour,63,63113,2,1,1,6.0,CHANELLES (RUE DES),45.78896771,3.08125734,10:50:00,2024-09-29
202400040219,19:00,Plein jour,57,57672,2,2,1,3.0,GENERAL MANGIN (RUE),49.35682,6.16063,19:00:00,2024-06-15
202400040220,17:50,Plein jour,62,62186,2,1,1,6.0,D166E1,50.45007912,2.71979034,17:50:00,2024-09-28
202400040221,04:00,Nuit sans éclairage,51,51454,2,1,1,6.0,ROULIERS (RUE DES),49.2403,4.06871,04:00:00,2024-06-16
202400040222,01:20,,83,83129,2,3,1,5.0,LAENNEC (AVENUE DE) N° PAIRS,43.08992148,5.83048535,01:20:00,2024-08-24
202400040223,18:05,Plein jour,51,51454,2,6,1,1.0,LANSON (RUE),49.24636,4.06152,18:05:00,2024-06-15
202400040224,22:54,,59,59512,2,2,1,3.0,ALGER  (RUE D'),50.70775,3.18659,22:54:00,2024-09-29
202400040225,15:30,Plein jour,49,49007,2,1,2,3.0,PATTON AVENUE,47.47314,-0.59992,15:30:00,2024-06-16
202400040226,17:33,Plein jour,78,78498,2,1,1,5.0,CHAMBOURCY RUE DE,48.918806,2.039207,17:33:00,2024-08-23
202400040227,06:45,Crépuscule,59,59437,1,1,1,3.0,MONT DE TEMPLEMARS RUE DU,50.57547,3.02934,06:45:00,2024-09-29
202400040228,16:25,Plein jour,47,47001,2,1,1,7.0,CUVIER (AV. GEORGES),44.19592,0.63346,16:25:00,2024-06-15
202400040229,17:50,Plein jour,42,42186,2,2,1,3.0,Rue de Tochissonne,45.5299,4.60477,17:50:00,2024-06-15
202400040230,20:13,Crépuscule,51,51230,2,3,2,6.0,MIDDELKERKE (AVENUE),49.0374,3.97096,20:13:00,2024-09-27
202400040231,17:25,Plein jour,41,41018,2,1,1,6.0,CHATEAU-RENAULT (ROUTE DE),47.5837,1.31116,17:25:00,2024-06-14
202400040232,22:55,Nuit sans éclairage,38,38111,1,9,1,1.0,A 480,45.11851906,5.68625003,22:55:00,2024-06-16
202400040233,19:30,Crépuscule,45,45284,2,3,1,3.0,97 Boulevard Jean Rostand,47.91414,1.96959,19:30:00,2024-09-29
202400040234,03:00,,38,38421,2,2,1,3.0,AVENUE POTIE,45.17242,5.75663,03:00:00,2024-06-16
202400040235,16:40,Plein jour,37,37261,2,1,1,6.0,MAINE (RUE DU),47.42564,0.67968,16:40:00,2024-09-28
202400040236,00:20,,37,37261,2,3,2,3.0,COPPEE (RUE FRANCOIS),47.42564,0.69058,00:20:00,2024-06-16
202400040237,12:00,Plein jour,34,34301,2,2,1,3.0,VERDUN (BOULEVARD DE),43.41101,3.67899,12:00:00,2024-09-29
202400040238,21:42,,33,33192,2,9,1,3.0,Unknown,44.79057,-0.60539,21:42:00,2024-06-16
202400040239,14:40,Plein jour,34,34172,2,1,1,2.0,LIBERTE (AVENUE DE LA,43.61207,3.82412,14:40:00,2024-09-27
202400040240,11:45,Plein jour,31,31149,2,1,1,6.0,GLENANS (ALLEE DES),43.6166,1.32494,11:45:00,2024-09-29
202400040241,16:25,Plein jour,25,25388,2,1,1,1.0,PARDONNET ( RUE LOUIS),47.51151,6.78765,16:25:00,2024-06-15
202400040242,16:25,Plein jour,29,29232,2,9,2,7.0,Boulevard d'Ergue-Armel,47.986956,-4.074021,16:25:00,2024-09-29
202400040243,19:40,Plein jour,19,19275,2,1,3,6.0,Unknown,45.5526,2.31418,19:40:00,2024-06-14
202400040244,13:30,Plein jour,13,13207,2,1,1,7.0,GEORGES ESTRANGIN (BOULEVARD),43.27773745,5.3690511,13:30:00,2024-06-16
202400040245,05:45,,25,25056,2,3,1,6.0,PERGAUD RUE LOUIS,47.23983,6.00509,05:45:00,2024-09-29
202400040246,23:30,Nuit sans éclairage,13,13005,1,9,1,3.0,CIOTAT (ROUTE DE LA RN559),43.26713,5.58789,23:30:00,2024-06-15
202400040247,11:25,Plein jour,09,09225,1,9,1,3.0,MIREPOIX ROUTE DE,43.10208,1.6342,11:25:00,2024-06-16
202400040248,11:15,Plein jour,17,17306,2,1,1,1.0,CHEVREUILS (DES),45.6407,-1.0439,11:15:00,2024-09-29
202400040249,16:30,Plein jour,09,09122,2,9,1,6.0,RD 919,42.99173,1.615968,16:30:00,2024-06-14
202400040250,14:41,Plein jour,14,14001,1,2,1,3.0,Route de Genneville,49.37629,0.2757,14:41:00,2024-09-28
202400040251,09:50,Plein jour,07,07072,1,1,8,1.0,RD 104,44.73573,4.61869,09:50:00,2024-06-15
202400040252,16:20,Plein jour,06,06088,2,2,1,3.0,3 Rue Pierre Devoluy,43.70353,7.27438,16:20:00,2024-06-16
202400040253,22:10,,13,13212,2,2,1,3.0,SAINT BARNABE (AVENUE DE),43.30424,5.41312,22:10:00,2024-09-29
202400040254,10:30,Plein jour,06,06088,2,1,1,3.0,Promenade Général Edouard Corniglion-Molinier,43.6657439,7.2070007,10:30:00,2024-06-16
202400040255,15:40,Plein jour,13,13208,2,1,1,3.0,MAZARGUES (AVENUE DE),43.26021,5.39393,15:40:00,2024-09-29
202400040256,09:47,Plein jour,06,06088,2,1,1,6.0,Bretelle Sortie Promenade des Anglais-Terminal 1,43.666255,7.211302,09:47:00,2024-06-16
202400040257,07:45,Plein jour,12,12145,2,2,1,3.0,DE GAULLE CHARLES (AVENUE),44.11088807,3.07194471,07:45:00,2024-09-27
202400040258,10:07,Plein jour,05,05061,2,1,1,6.0,Route de la Luye,44.53461,6.06198,10:07:00,2024-06-02
202400040259,18:05,Plein jour,07,07186,1,9,1,2.0,CHOMERAC (ROUTE DE),44.71927,4.60369,18:05:00,2024-09-28
202400040260,16:05,Plein jour,75,75120,2,1,2,3.0,BD PERIPHERIQUE INTERIEUR,48.865153,2.413215,16:05:00,2024-06-16
202400040261,16:16,Plein jour,75,75102,2,3,1,2.0,BOULEVARD MONTMARTRE,48.871668,2.341648,16:16:00,2024-09-28
202400040262,00:25,,75,75117,2,1,1,2.0,BD PERIPHERIQUE INTERIEUR,48.895562,2.307691,00:25:00,2024-06-16
202400040263,23:50,,75,75119,2,1,1,6.0,RUE BOTZARIS,48.87889,2.382701,23:50:00,2024-06-15
202400040264,16:00,Plein jour,75,75118,2,1,1,6.0,RUE DES FILLETTES,48.893901,2.363916,16:00:00,2024-09-29
202400040265,16:30,Plein jour,75,75116,2,1,1,2.0,ROUTE DES TRIBUNES,48.855017,2.228805,16:30:00,2024-06-16
202400040266,21:35,,75,75117,2,2,1,3.0,AVENUE DE LA GRANDE ARMEE,48.876975,2.285566,21:35:00,2024-09-29
202400040267,17:10,Plein jour,75,75116,2,1,1,3.0,QUAI LOUIS BLERIOT,48.84021,2.267687,17:10:00,2024-06-15
202400040268,19:10,Crépuscule,75,75117,2,2,1,3.0,BOULEVARD PEREIRE,48.881568,2.29134,19:10:00,2024-09-29
202400040269,16:20,Plein jour,75,75115,2,3,2,3.0,BOULEVARD PASTEUR,48.842969,2.31282,16:20:00,2024-06-16
202400040270,10:50,Plein jour,75,75116,2,2,1,7.0,RUE FREYCINET,48.86510879,2.29890794,10:50:00,2024-09-29
202400040271,12:30,Plein jour,75,75115,2,3,1,6.0,RUE BRANCION,48.830211,2.301941,12:30:00,2024-06-16
202400040272,15:50,Plein jour,75,75116,2,1,1,4.0,ROUTE DE SEVRES A NEUILLY,48.860433,2.237218,15:50:00,2024-09-28
202400040273,18:50,Plein jour,75,75114,2,1,1,6.0,RUE DE L AMIRAL MOUCHEZ,48.824023,2.341471,18:50:00,2024-06-16
202400040274,17:15,Plein jour,75,75116,2,1,1,5.0,ROUTE DE LA SEINE A LA BUTTE MORTEMART,48.852016,2.232029,17:15:00,2024-09-28
202400040275,13:15,Plein jour,75,75108,2,3,1,3.0,BOULEVARD HAUSSMANN,48.874133,2.323922,13:15:00,2024-06-16
202400040276,08:30,Plein jour,75,75113,2,1,1,1.0,RUE DE TOLBIAC,48.826498,2.362522,08:30:00,2024-09-29
202400040277,03:00,,75,75108,2,4,2,2.0,AVENUE GEORGE V,48.866878,2.301414,03:00:00,2024-06-16
202400040278,14:35,Plein jour,75,75113,2,1,1,3.0,BOULEVARD ARAGO,48.834898,2.343458,14:35:00,2024-09-28
202400040279,00:30,,75,75104,2,3,2,6.0,RUE DE RIVOLI,48.85832094,2.34915823,00:30:00,2024-06-16
202400040280,18:25,Plein jour,75,75112,2,1,1,1.0,ROUTE DE LA PYRAMIDE,48.83036,2.44987,18:25:00,2024-09-29
202400040281,12:10,Plein jour,94,94052,2,3,2,2.0,Grande Rue Charles de Gaulle / Boulevard de la Republique,48.8382,2.49183,12:10:00,2024-06-16
202400040282,16:00,Plein jour,94,94004,2,1,1,3.0,Rue de Sucy,48.75566,2.52625,16:00:00,2024-09-29
202400040283,00:35,,94,94046,2,3,1,3.0,Rue Pierre et Marie Curie / Avenue du Général de Gaulle,48.81032,2.42372,00:35:00,2024-06-16
202400040284,23:05,,94,94002,2,2,1,1.0,Rue Emile Zola / Rue Paul Vaillant Couturier,48.79885,2.42342,23:05:00,2024-09-28
202400040285,11:15,Plein jour,94,94081,2,2,2,6.0,Boulevard de Stalingrad / Rue Ludwig Van Beethoven,48.798375,2.38175118,11:15:00,2024-06-16
202400040286,18:35,Plein jour,93,93029,2,3,1,3.0,ROGER SALENGRO N° 02-92,48.91896797,2.43695413,18:35:00,2024-09-29
202400040287,04:30,,93,93010,2,2,1,3.0,AULNAY (ROUTE) COTE PAIRE DE 2 A FIN,48.90989525,2.48014497,04:30:00,2024-09-29
202400040288,10:30,Plein jour,93,93073,2,3,2,3.0,Avenue Henri Barbusse / Rue Claude Debussy,48.95872,2.57285,10:30:00,2024-06-16
202400040289,17:30,Plein jour,93,93001,2,2,1,1.0,WALDECK ROCHET (RUE),48.91274,2.3678,17:30:00,2024-09-29
202400040290,10:30,Plein jour,93,93008,2,4,1,4.0,Avenue Paul Vaillant-Couturier / A86,48.9098,2.4445,10:30:00,2024-06-15
202400040291,18:45,Crépuscule,92,92073,2,1,1,4.0,PONT DE SURESNES,48.86704997,2.22877711,18:45:00,2024-09-29
202400040292,20:50,,92,92050,2,7,2,2.0,FOCH MARECHAL PLACE DU,48.88839188,2.19408285,20:50:00,2024-09-29
202400040293,09:55,Plein jour,92,92051,2,1,2,4.0,"CHARLES DE GAULLE (AVENUE, N°27 A 129)",48.87997,2.27643,09:55:00,2024-06-16
202400040294,16:20,Plein jour,92,92020,2,1,2,6.0,VERDUN AVENUE DE AUTRES N°,48.80162846,2.28478718,16:20:00,2024-06-16
202400040295,22:55,Nuit sans éclairage,72,72226,1,1,2,6.0,Lieu Dit la Piece de l?Air,47.79935736,0.09178278,22:55:00,2024-06-16
202400040296,17:23,Plein jour,92,92024,2,6,1,2.0,ASNIERES (PONT D'),48.90343,2.28967,17:23:00,2024-09-29
202400040297,23:39,Nuit sans éclairage,95,95353,1,1,2,2.0,A16,49.088951,2.311072,23:39:00,2024-09-27
202400040298,11:50,Plein jour,63,63425,2,6,1,3.0,Giratoire carrefour RD96-rue des 9 fontaines/rue des Forts,45.66782,3.12376,11:50:00,2024-06-17
202400040299,10:36,Plein jour,2A,2A211,1,1,1,7.0,Penta Mezzana,41.764714,8.946186,10:36:00,2024-09-26
202400040300,17:15,Plein jour,63,63396,2,1,1,7.0,Rue du Vigna,45.67427265,3.08130562,17:15:00,2024-06-16
202400040301,00:01,Nuit sans éclairage,31,31169,2,1,1,6.0,avenue de toulouse,43.5183071,1.546133,00:01:00,2024-09-22
202400040302,08:00,Plein jour,95,95480,2,1,1,3.0,D4,49.11436297,2.20947409,08:00:00,2024-06-13
202400040303,15:15,Plein jour,81,81299,1,1,1,6.0,Route de Viterbe,43.66217184,1.93214321,15:15:00,2024-09-26
202400040304,12:20,Plein jour,62,62706,2,1,1,6.0,D166,50.578952,2.738919,12:20:00,2024-09-29
202400040305,16:15,Plein jour,77,77047,1,1,8,2.0,A4,48.881369,2.887688,16:15:00,2024-06-15
202400040306,16:00,Plein jour,93,93029,2,1,8,3.0,PAUL VAILLANT COUTURIER (BD),48.92226,2.44777,16:00:00,2024-12-10
202400040307,14:35,Plein jour,54,54067,1,1,1,6.0,D643,49.43265,5.675914,14:35:00,2024-09-29
202400040308,16:45,Plein jour,23,23247,1,1,1,2.0,N145,46.214467,1.735969,16:45:00,2024-06-17
202400040309,17:47,,92,92078,1,1,2,6.0,GALLIENI (BD) (153 ET 225),48.92795,2.33113,17:47:00,2024-12-10
202400040310,18:25,,92,92078,2,1,2,6.0,GALLIENI (BD) (1 A 79 ET 22 A 102),48.92501814,2.32557222,18:25:00,2024-12-08
202400040311,10:05,Plein jour,12,12157,1,1,1,1.0,D888,44.399418,2.745509,10:05:00,2024-06-17
202400040312,14:40,Plein jour,68,68032,1,3,1,3.0,Route Départementale 51,47.834419,7.222459,14:40:00,2024-09-29
202400040313,08:45,Crépuscule,92,92064,2,1,8,6.0,PASTEUR,48.84188999,2.203026,08:45:00,2024-12-10
202400040314,16:25,Plein jour,22,22093,1,1,1,6.0,RN 12 PR 41 SENS BREST RENNES,48.470766,-2.554429,16:25:00,2024-06-16
202400040315,18:50,Plein jour,36,36200,1,1,1,6.0,Unknown,46.61074888,1.51769511,18:50:00,2024-09-29
202400040316,18:10,,92,92063,2,1,1,6.0,FOUILLEUSE (AVENUE DE),48.86254428,2.19486706,18:10:00,2024-11-27
202400040317,18:30,,92,92050,2,9,2,4.0,FUSILLES DE LA RESISTANCE RUE DES,48.88022804,2.21966051,18:30:00,2024-12-09
202400040318,06:57,Plein jour,30,30290,1,1,1,7.0,D256,44.26761,4.600439,06:57:00,2024-06-16
202400040319,20:35,Nuit sans éclairage,30,30221,1,1,1,1.0,D6580,44.017856,4.741352,20:35:00,2024-09-29
202400040320,08:20,Crépuscule,92,92044,2,2,2,6.0,BAUDIN (RUE) 1A25 ET 2A34,48.89537833,2.27896415,08:20:00,2024-12-09
202400040321,16:10,Plein jour,22,22053,1,1,8,6.0,La Ville Bedel,48.277463,-2.360945,16:10:00,2024-09-30
202400040322,17:20,,92,92040,2,2,2,1.0,PDT ROOSEVELT (QUAI DU),48.82970324,2.26081453,17:20:00,2024-12-10
202400040323,22:10,Nuit sans éclairage,51,51488,1,6,2,6.0,D951,49.107567,3.982949,22:10:00,2024-09-26
202400040324,07:50,Plein jour,44,44087,2,1,2,5.0,42 Rue  marcel brunelière,46.983107,-1.810735,07:50:00,2024-06-17
202400040325,18:30,,92,92026,2,1,1,7.0,VERDUN (DE 62 A FIN),48.90109706,2.26021738,18:30:00,2024-12-10
202400040326,19:30,Crépuscule,59,59261,2,1,3,1.0,Rue de la Minière,50.038637,4.057426,19:30:00,2024-09-27
202400040327,07:20,,92,92023,2,9,5,3.0,PORTE DE TRIVAUX (RUE DE) N°57 A 197 ET,48.79110895,2.260167,07:20:00,2024-12-10
202400040328,07:40,Plein jour,41,41228,1,1,8,1.0,Rue de Planchebrault,47.769474,0.916361,07:40:00,2024-06-17
202400040329,17:40,,92,92012,2,1,2,7.0,EDOUARD VAILLANT (AVENUE) 57/FIN - 58/FI,48.83499769,2.24781543,17:40:00,2024-12-09
202400040330,14:00,Plein jour,59,59647,1,1,1,1.0,Rue de la Montagne,50.831041,2.217371,14:00:00,2024-09-29
202400040331,18:45,Plein jour,51,51092,1,1,1,6.0,D39,48.75836341,3.761327,18:45:00,2024-06-17
202400040332,13:30,Plein jour,92,92009,2,3,1,6.0,PASTEUR  ( RUE ),48.90872,2.26546,13:30:00,2024-11-28
202400040333,21:25,Plein jour,59,59631,2,9,1,7.0,Rue Faidherbe,50.069446,3.335643,21:25:00,2024-06-11
202400040334,22:40,,92,92004,2,3,1,3.0,GRANDE RUE CHARLES DE GAULLE,48.90725799,2.28589006,22:40:00,2024-11-24
202400040335,12:35,Plein jour,76,76619,1,2,1,3.0,Route du Viaduc,49.993174,1.354322,12:35:00,2024-09-28
202400040336,12:00,Plein jour,19,19091,1,1,1,7.0,la broue,45.08697495,1.96867852,12:00:00,2024-06-16
202400040337,17:40,Crépuscule,22,22116,1,3,1,3.0,CD 712,48.536357,-3.044908,17:40:00,2024-12-11
202400040338,09:45,Plein jour,2B,2B281,1,1,1,2.0,Poraja,42.813206,9.464239,09:45:00,2024-06-08
202400040339,07:12,Crépuscule,33,33081,2,6,1,3.0,Unknown,44.636798,-0.321736,07:12:00,2024-12-11
202400040340,13:40,Plein jour,12,12223,1,3,1,3.0,D921,44.764942,2.88287,13:40:00,2024-09-29
202400040341,14:45,Plein jour,82,82026,1,1,1,7.0,1223 Route de Gaillac,44.045945,1.673849,14:45:00,2024-06-16
202400040342,00:30,Nuit avec éclairage,974,97422,2,1,1,6.0,Rue des Poinsetias,-21.244087,55.527273,00:30:00,2024-12-11
202400040343,16:46,Plein jour,65,65025,1,1,1,1.0,ROUTE DEPARTEMENTALE 821A,43.009778,-0.085809,16:46:00,2024-06-16
202400040344,21:00,Nuit sans éclairage,86,86075,1,1,1,5.0,D18,46.786198,0.125555,21:00:00,2024-09-29
202400040345,12:12,Plein jour,11,11203,2,1,8,3.0,Unknown,43.191002,2.75465,12:12:00,2024-12-11
202400040346,17:00,Crépuscule,34,34077,2,1,1,7.0,380 Avenue Georges Freche,43.652461,3.894873,17:00:00,2024-12-10
202400040347,18:40,Plein jour,81,81305,1,1,1,7.0,Route de Lacaune,43.699038,2.432495,18:40:00,2024-06-16
202400040348,11:30,Plein jour,22,22245,1,2,1,3.0,Le Loc'H,48.629111,-3.357938,11:30:00,2024-09-29
202400040349,23:30,Nuit sans éclairage,11,11302,1,1,1,6.0,Route départementale 117,42.813505,2.326612,23:30:00,2024-06-16
202400040350,08:45,Plein jour,24,24030,1,1,1,2.0,A89,45.16343825,1.22687563,08:45:00,2024-12-11
202400040351,18:50,Nuit sans éclairage,82,82117,1,1,1,7.0,Lieu Dit Las Brugues,44.336787,0.963181,18:50:00,2024-12-10
202400040352,12:19,Plein jour,71,71014,2,9,2,3.0,Route d'Arnay,46.960423,4.304988,12:19:00,2024-06-17
202400040353,18:30,,65,65401,2,2,1,3.0,intersection D8 et D16,43.182176,0.102088,18:30:00,2024-12-11
202400040354,12:20,Plein jour,63,63430,2,1,1,6.0,Unknown,45.83933303,3.50203961,12:20:00,2024-06-17
202400040355,15:44,Crépuscule,65,65366,1,1,2,1.0,D940,43.110054,-0.070488,15:44:00,2024-12-11