Num_Acc,hrmn,lum,dep,com,agg,int,atm,col,adr,lat,long,heure,date
202400040356,17:50,Plein jour,29,29216,1,2,1,2.0,Chemin / Hent Kernaveno,47.99327625,-4.2294841,17:50:00,2024-09-27
202400040357,15:15,Plein jour,81,81114,1,1,1,2.0,Chemin du Pouzabis,44.025035,2.126144,15:15:00,2024-12-10
202400040358,16:15,Plein jour,63,63332,1,1,1,6.0,route du puy de dome,45.993921,3.282552,16:15:00,2024-06-16
202400040359,06:45,Crépuscule,01,01036,1,1,2,1.0,route d'hauteville,45.866988,5.66298,06:45:00,2024-09-27
202400040360,08:30,Plein jour,55,55286,1,1,1,1.0,Voie Sacree,49.058486,5.287836,08:30:00,2024-12-11
202400040361,20:22,Nuit sans éclairage,70,70530,1,1,1,6.0,cd 9,47.541165,6.548238,20:22:00,2024-09-29
202400040362,20:30,Plein jour,39,39477,2,1,8,1.0,Unknown,46.978827,5.433722,20:30:00,2024-06-16
202400040363,12:30,Plein jour,46,46194,1,2,1,3.0,route des cent écus,44.80320713,1.35116816,12:30:00,2024-12-11
202400040364,09:39,Plein jour,26,26083,1,1,1,1.0,Route de Mantailles,45.2568,4.947375,09:39:00,2024-09-03
202400040365,05:45,Nuit sans éclairage,25,25240,2,1,1,1.0,les Lavottes,47.089315,6.63343,05:45:00,2024-06-16
202400040366,18:45,Nuit sans éclairage,47,47188,1,1,2,6.0,Au Cournut,44.548246,0.461383,18:45:00,2024-11-20
202400040367,13:10,Plein jour,06,06020,2,1,1,1.0,M70 PR 0 + 265,43.990763,7.323085,13:10:00,2024-09-28
202400040368,08:00,Crépuscule,44,44161,2,1,8,3.0,Route de Quilly,47.5128385,-2.0384698,08:00:00,2024-12-11
202400040369,12:38,Plein jour,31,31126,1,1,1,6.0,Route d'Encausse,43.70601069,1.07855514,12:38:00,2024-06-15
202400040370,14:10,Plein jour,06,06103,2,1,2,1.0,"Route M2565, quartier gordolon",43.998904,7.315183,14:10:00,2024-09-26
202400040371,09:51,Plein jour,29,29210,1,3,2,2.0,Lanorgant,48.58041612,-4.02313914,09:51:00,2024-12-10
202400040372,10:45,Plein jour,06,06073,1,1,7,6.0,M97,44.206512,7.114162,10:45:00,2024-09-29
202400040373,18:00,,29,29171,2,1,1,1.0,Route du Guilvinec,47.81934257,-4.28738109,18:00:00,2024-12-10
202400040374,17:30,Plein jour,14,14520,1,3,1,3.0,Route de la Bosquetterie,49.134883,0.14838,17:30:00,2024-06-15
202400040375,10:10,Plein jour,31,31045,1,1,3,3.0,D26,43.038379,0.635346,10:10:00,2024-12-07
202400040376,17:00,Plein jour,05,05075,1,1,1,6.0,Route de Céüze,44.544052,5.952026,17:00:00,2024-06-16
202400040377,19:55,Nuit sans éclairage,84,84107,1,1,1,1.0,RD 30,44.0293,5.4913,19:55:00,2024-12-10
202400040378,09:28,Plein jour,05,05017,1,1,2,5.0,N94,44.570813,6.179552,09:28:00,2024-09-30
202400040379,12:17,Plein jour,64,64327,1,1,1,7.0,d301,43.049408,-1.104115,12:17:00,2024-06-17
202400040380,17:30,Plein jour,36,36198,1,1,1,6.0,Saint-Lactencin,46.9238117,1.54276371,17:30:00,2024-06-17
202400040381,18:25,Plein jour,04,04013,1,1,1,7.0,D951,44.116014,5.951135,18:25:00,2024-09-29
202400040382,23:50,Nuit sans éclairage,66,66053,1,1,1,6.0,D914,42.518713,3.069684,23:50:00,2024-12-10
202400040383,18:15,Plein jour,23,23162,1,1,1,1.0,Vieilleville,46.260528,1.993836,18:15:00,2024-09-30
202400040384,13:39,Plein jour,07,07227,2,1,1,4.0,D182,45.253021,4.726841,13:39:00,2024-06-17
202400040385,07:18,Crépuscule,90,90081,1,3,2,3.0,rue de la vie de norday,47.525337,7.120568,07:18:00,2024-12-09
202400040386,14:30,Plein jour,37,37250,1,1,1,6.0,Les Champs Meunier,47.19126786,0.66539955,14:30:00,2024-09-29
202400040387,18:37,Plein jour,07,07011,1,1,1,7.0,Le terret,44.737905,4.343529,18:37:00,2024-06-16
202400040388,18:40,Plein jour,30,30255,2,1,1,7.0,Chemin des Fontaines,43.944053,4.206347,18:40:00,2024-09-30
202400040389,14:30,Plein jour,53,53051,2,1,1,6.0,5 Rue de la Libération,48.367026,-0.5171,14:30:00,2024-06-17
202400040390,16:45,Plein jour,45,45098,2,3,1,3.0,Route d'Orléans,47.83022,1.768692,16:45:00,2024-11-15
202400040391,01:50,,08,08067,2,1,2,6.0,Unknown,49.620306,5.189565,01:50:00,2024-06-15
202400040392,19:30,Crépuscule,65,65226,1,1,1,4.0,"Autoroute A64 PK132,9",43.232822,-0.036907,19:30:00,2024-09-29
202400040393,10:15,Plein jour,18,18174,1,1,1,2.0,Unknown,47.066752,2.506681,10:15:00,2024-12-11
202400040394,22:35,Nuit sans éclairage,01,01301,1,1,1,6.0,"A40, pk 177.600",46.263265,5.151472,22:35:00,2024-09-29
202400040395,11:10,Plein jour,24,24523,1,2,1,3.0,Route de la Gardonnette,44.81119965,0.32439172,11:10:00,2024-06-17
202400040396,16:10,Plein jour,66,66172,2,1,1,6.0,"8, Rue des Cigales",42.712304,2.840333,16:10:00,2024-09-25
202400040397,15:00,Plein jour,53,53062,2,2,1,1.0,Grande Rue,47.82849,-0.70349,15:00:00,2024-12-11
202400040398,19:40,Plein jour,77,77453,1,1,2,6.0,Autoroute A5 PK 012.700 VERS PARIS,48.547204,2.781413,19:40:00,2024-06-16
202400040399,17:50,Nuit sans éclairage,85,85157,1,1,1,6.0,RD7,46.54738,-1.16066,17:50:00,2024-12-11
202400040400,08:40,Plein jour,13,13013,1,1,1,1.0,A52,43.417779,5.576098,08:40:00,2024-09-30
202400040401,17:30,Plein jour,35,35275,1,1,2,2.0,Unknown,48.16174576,-1.855992,17:30:00,2024-06-13
202400040402,22:30,Nuit sans éclairage,27,27056,1,1,1,2.0,RD 438,49.094342,0.57483,22:30:00,2024-12-10
202400040403,09:10,Plein jour,11,11262,2,4,1,2.0,Unknown,43.152855,3.158054,09:10:00,2024-09-22
202400040404,21:08,Plein jour,07,07272,2,1,1,6.0,d579,44.52127,4.39878,21:08:00,2024-06-15
202400040405,07:15,Crépuscule,38,38046,1,1,1,6.0,A48,45.45029996,5.39943889,07:15:00,2024-09-29
202400040406,17:10,Plein jour,31,31254,2,1,1,6.0,L?Occitane,43.550111,1.501608,17:10:00,2024-06-14
202400040407,19:30,Nuit sans éclairage,37,37266,2,1,1,6.0,D50,47.29264247,0.73254848,19:30:00,2024-12-10
202400040408,08:38,Plein jour,38,38109,1,1,1,1.0,D18,45.701538,5.200609,08:38:00,2024-09-30
202400040409,07:45,Plein jour,33,33199,2,1,1,3.0,Unknown,44.621067,-1.073055,07:45:00,2024-06-11
202400040410,15:40,Plein jour,30,30241,1,1,1,7.0,D114,43.955815,4.270077,15:40:00,2024-12-11
202400040411,16:50,Plein jour,49,49099,2,3,8,6.0,GIRARDIERE (RUE DE LA),47.04288,-0.90611,16:50:00,2024-11-01
202400040412,10:30,Plein jour,987,98714,1,1,1,7.0,Faanui,-16.473796,-151.762218,10:30:00,2024-09-28
202400040413,18:35,Plein jour,34,34151,1,1,1,7.0,CD Chemin du Bois,43.596718,4.10894,18:35:00,2024-06-16
202400040414,08:05,Plein jour,46,46042,2,6,1,6.0,BARON ( rond point du  Dr ),44.455123,1.438327,08:05:00,2024-08-06
202400040415,08:00,Crépuscule,31,31091,1,1,1,4.0,autoroute A62 sens Bordeaux Toulouse PK 219.000,43.707469,1.404533,08:00:00,2024-12-11
202400040416,21:45,,987,98733,2,1,1,3.0,RT1 PK 20+500,-17.681193,-149.58684,21:45:00,2024-09-28
202400040417,09:45,Plein jour,45,45004,2,3,8,3.0,174 Rue de la Selle,48.00135,2.7503,09:45:00,2024-11-04
202400040418,11:45,Plein jour,29,29147,1,6,1,6.0,Rue Albert Schweitzer,47.869552,-3.587294,11:45:00,2024-09-26
202400040419,07:10,Crépuscule,21,21684,1,1,1,6.0,A31,47.039409,4.885069,07:10:00,2024-12-11
202400040420,12:11,Plein jour,43,43157,2,1,1,2.0,Boulevard Carnot,45.04514,3.88001,12:11:00,2024-11-04
202400040421,19:30,Crépuscule,84,84081,1,1,1,6.0,Route des Portugaises,43.945361,4.908957,19:30:00,2024-09-29
202400040422,22:30,Nuit sans éclairage,21,21684,1,1,1,6.0,A31,47.020635,4.870591,22:30:00,2024-12-10
202400040423,08:45,Plein jour,43,43157,2,1,7,4.0,Rue Antoine Valette,45.02108,3.89224,08:45:00,2024-11-04
202400040424,08:30,Plein jour,971,97103,1,1,1,3.0,RN 1,16.24647107,-61.58823967,08:30:00,2024-12-11
202400040425,14:47,Plein jour,13,13015,2,6,1,3.0,D8n - Lieu dit Pin Porte rouge,43.418889,5.3799,14:47:00,2024-09-29
202400040426,22:40,,987,98747,1,1,3,6.0,PK 2+700 - RT3 - AFAAHITI,-17.730458,-149.289114,22:40:00,2024-12-08
202400040427,18:35,Plein jour,03,03298,1,1,1,6.0,64 Route de Moulins,46.337043,3.38321,18:35:00,2024-09-30
202400040428,19:45,,42,42207,2,2,1,3.0,Quai de la Rive,45.47905,4.51555,19:45:00,2024-11-01
202400040429,20:00,,978,97801,2,1,1,1.0,rue jean luc hamlet,18.066392,-63.074827,20:00:00,2024-12-09
202400040430,14:29,Plein jour,33,33322,1,1,1,2.0,Unknown,44.951698,-0.700003,14:29:00,2024-09-28
202400040431,08:40,Plein jour,35,35238,2,6,5,3.0,GERARD (MICHEL),48.09277,-1.64003,08:40:00,2024-11-04
202400040432,18:23,Plein jour,85,85155,1,1,1,6.0,D763,46.727419,-1.430326,18:23:00,2024-09-30
202400040433,19:17,Nuit sans éclairage,45,45317,2,1,1,1.0,D2152 PR 86 + 850,47.768659,1.613756,19:17:00,2024-12-10
202400040434,18:45,,34,34172,2,1,1,2.0,CHENAIE (RUE DE LA),43.63554,3.86875,18:45:00,2024-11-04
202400040435,00:55,Nuit avec éclairage,77,77126,1,1,1,6.0,D405,49.020612,2.963176,00:55:00,2024-12-05
202400040436,12:15,Plein jour,29,29124,2,1,2,2.0,D125,48.58465752,-4.31568318,12:15:00,2024-09-23
202400040437,06:20,Nuit sans éclairage,2B,2B355,1,1,3,7.0,Barchetta,42.509407,9.337038,06:20:00,2024-12-11
202400040438,12:45,Plein jour,33,33192,2,1,1,3.0,Unknown,44.7914,-0.61302,12:45:00,2024-11-04
202400040439,08:40,Plein jour,35,35334,1,2,8,3.0,D86,48.137798,-1.587884,08:40:00,2024-09-30
202400040440,13:40,Plein jour,71,71052,1,1,5,1.0,D906,46.59193,4.90546,13:40:00,2024-12-11
202400040441,12:00,Plein jour,33,33063,2,2,1,6.0,Unknown,44.83496,-0.57331,12:00:00,2024-11-04
202400040442,16:40,Plein jour,59,59422,1,1,1,1.0,D114,50.203121,3.324271,16:40:00,2024-09-29
202400040443,17:45,Nuit sans éclairage,50,50099,1,1,1,3.0,Route du Cotentin (Montmartin-en-Graignes),49.281384,-1.173316,17:45:00,2024-12-11
202400040444,08:00,Plein jour,33,33281,2,6,1,3.0,Unknown,44.85633,-0.6437,08:00:00,2024-11-04
202400040445,07:50,Nuit sans éclairage,29,29248,1,1,2,6.0,Kerdroc Uhella,48.59796668,-4.38565062,07:50:00,2024-12-10
202400040446,17:50,Plein jour,13,13207,1,1,1,2.0,Tunnel Prado Carénage,43.29121092,5.36535084,17:50:00,2024-09-29
202400040447,16:00,Plein jour,31,31555,2,1,1,2.0,ZAY (AV JEAN) DU 11AU 49,43.64972,1.430171,16:00:00,2024-11-04
202400040448,08:30,Plein jour,13,13202,2,1,1,2.0,TVPCM-Sens Saint Victor vers Les Ports,43.3109,5.3682,08:30:00,2024-09-29
202400040449,06:45,Crépuscule,30,30007,2,1,1,7.0,PERRIN (RUE JEAN),44.14531,4.10002,06:45:00,2024-11-04
202400040450,20:20,,13,13019,1,1,1,4.0,A51-Sens Marseille vers Aix en Provence,43.41881,5.36553,20:20:00,2024-12-09
202400040451,22:10,Nuit sans éclairage,13,13071,1,1,1,7.0,A55 - Sens Marseille vers Martigues,43.39330763,5.29952667,22:10:00,2024-09-28
202400040452,07:30,Nuit avec éclairage,29,29019,2,6,5,3.0,place Albert Premier,48.397675,-4.488855,07:30:00,2024-11-04
202400040453,11:00,Plein jour,13,13215,1,1,1,3.0,A7-Sens Lyon vers Marseille,43.379,5.354,11:00:00,2024-12-05
202400040454,20:05,Nuit sans éclairage,13,13071,2,1,1,4.0,A51-Sens Aix en Provence vers Marseille,43.41418849,5.36456931,20:05:00,2024-09-28
202400040455,13:15,Plein jour,28,28404,2,1,1,3.0,CRECY (ROUTE DE),48.72989,1.33678,13:15:00,2024-11-04
202400040456,07:45,Plein jour,83,83137,1,1,1,5.0,A50 TUNNEL TUBE SUD,43.12770515,5.9263017,07:45:00,2024-12-10
202400040457,00:15,Nuit sans éclairage,69,69275,1,1,1,2.0,Route Nationale 346,45.77988924,4.96015338,00:15:00,2024-09-29
202400040458,07:50,Crépuscule,14,14366,2,1,1,6.0,48 Rue Paul Banaston,49.1508,0.22229,07:50:00,2024-11-04
202400040459,21:30,Nuit sans éclairage,83,83047,1,1,1,2.0,A570,43.13397,6.04927,21:30:00,2024-12-09
202400040460,18:37,Plein jour,33,33448,1,1,1,2.0,Unknown,44.709388,-0.512676,18:37:00,2024-09-29
202400040461,21:55,Nuit sans éclairage,42,42207,1,1,8,6.0,A47,45.47432263,4.49726736,21:55:00,2024-12-07
202400040462,18:00,Nuit avec éclairage,14,14341,2,2,1,3.0,189 Rue de Caen,49.1547,-0.34409,18:00:00,2024-11-02
202400040463,19:00,Plein jour,91,91286,1,1,1,6.0,AUTOROUTE A6,48.64693,2.38757,19:00:00,2024-09-29
202400040464,12:00,Plein jour,13,13205,2,1,1,2.0,CRILLON (RUE),43.28998,5.39814,12:00:00,2024-11-04
202400040465,17:32,Nuit sans éclairage,67,67482,1,1,2,3.0,M351,48.589413,7.699175,17:32:00,2024-12-05
202400040466,09:13,Plein jour,91,91136,1,1,1,6.0,AUTOROUTE A10,48.71184,2.28499,09:13:00,2024-09-29
202400040467,03:40,Nuit sans éclairage,91,91340,1,1,1,7.0,AUTOROUTE A6,48.60449706,2.4366983,03:40:00,2024-09-29
202400040468,13:30,Plein jour,13,13001,1,1,1,2.0,ROGNES (RTE DE),43.60263,5.3659,13:30:00,2024-11-04
202400040469,03:50,Nuit sans éclairage,62,62274,1,1,1,6.0,A1,50.43697,2.9753,03:50:00,2024-12-05
202400040470,00:35,Nuit sans éclairage,91,91161,1,1,1,7.0,AUTOROUTE A6,48.71811,2.31024,00:35:00,2024-09-29
202400040471,19:00,Plein jour,10,10362,2,3,1,3.0,PAUL DOUMER (RUE),48.2908,4.0552,19:00:00,2024-11-03
202400040472,18:47,,94,94034,1,1,2,2.0,A86,48.75762305,2.32812012,18:47:00,2024-12-10
202400040473,19:35,Nuit sans éclairage,77,77337,1,1,1,6.0,RN104,48.82640425,2.61687495,19:35:00,2024-09-29
202400040474,13:50,Plein jour,06,06004,2,6,1,3.0,Rond point des Eucalyptus,43.57819,7.0904,13:50:00,2024-11-04
202400040475,08:05,Crépuscule,94,94021,1,1,1,5.0,A6A,48.7615291,2.34008141,08:05:00,2024-12-10
202400040476,19:20,Nuit sans éclairage,75,75112,1,1,1,4.0,A4,48.819242,2.458531,19:20:00,2024-09-29
202400040477,10:00,Plein jour,06,06004,2,1,1,2.0,25 Boulevard Edouard Baudoin,43.565646,7.115757,10:00:00,2024-10-31
202400040478,10:18,Plein jour,78,78362,1,1,1,4.0,A13,48.97558298,1.72387826,10:18:00,2024-12-09
202400040479,14:40,Plein jour,94,94052,1,1,1,3.0,A86,48.84027522,2.49328165,14:40:00,2024-09-29
202400040480,09:00,Plein jour,75,75117,2,2,1,6.0,AVENUE NIEL,48.882918,2.296389,09:00:00,2024-11-04
202400040481,19:30,,75,75113,2,3,1,6.0,QUAI PANHARD ET LEVASSOR,48.829543,2.383065,19:30:00,2024-11-04
202400040482,17:55,Crépuscule,93,93007,1,1,2,4.0,AUTOROUTE A3,48.93230265,2.48082971,17:55:00,2024-12-10
202400040483,11:55,Plein jour,45,45291,1,1,1,1.0,D940 PR 16 + 382,47.675601,2.639813,11:55:00,2024-05-12
202400040484,08:30,Plein jour,95,95241,1,1,2,6.0,N104,49.04560195,2.44966673,08:30:00,2024-12-08
202400040485,14:27,Plein jour,75,75109,2,2,1,6.0,BOULEVARD MONTMARTRE,48.871478,2.343064,14:27:00,2024-11-04
202400040486,13:00,Plein jour,44,44162,2,6,1,6.0,Route de Vannes,47.23747693,-1.58626054,13:00:00,2024-09-24
202400040487,10:30,Plein jour,13,13056,2,1,1,2.0,MARITIME BOULEVARD,43.40493,5.0124,10:30:00,2024-10-05
202400040488,04:05,,75,75108,2,2,1,3.0,PONT ALEXANDRE III,48.864572,2.313654,04:05:00,2024-11-03
202400040489,22:00,,73,73065,2,2,1,3.0,Avenue de Lyon,45.56334647,5.90530388,22:00:00,2024-03-31
202400040490,02:52,Nuit sans éclairage,27,27112,1,1,1,6.0,D833,48.868208,0.852492,02:52:00,2024-08-15
202400040491,09:20,Plein jour,13,13004,1,1,1,7.0,D36b,43.591286,4.623592,09:20:00,2024-08-08
202400040492,19:35,Nuit avec éclairage,94,94081,2,1,1,2.0,Avenue du 8 Mai 1945,48.78416,2.39678,19:35:00,2024-11-03
202400040493,09:00,Plein jour,44,44109,2,6,1,3.0,131 Route de Rennes,47.25575146,-1.5776511,09:00:00,2024-09-23
202400040494,09:37,Plein jour,13,13004,1,1,1,1.0,D570,43.63531,4.548903,09:37:00,2024-08-01
202400040495,17:45,Plein jour,43,43087,1,1,1,7.0,D235,45.18857869,4.35568754,17:45:00,2024-06-24
202400040496,11:37,Plein jour,94,94074,2,1,1,5.0,Avenue Henri Barbusse,48.76463,2.44171,11:37:00,2024-11-04
202400040497,17:30,Plein jour,974,97416,1,1,1,2.0,RN03,-21.31799,55.4902,17:30:00,2024-12-09
202400040498,08:40,Crépuscule,44,44109,2,1,1,3.0,5 Boulevard Jean XXIII,47.23014518,-1.57312421,08:40:00,2024-09-23
202400040499,16:20,Plein jour,93,93049,2,1,1,6.0,PASTEUR (RUE),48.85821,2.50182,16:20:00,2024-11-04
202400040500,08:30,Plein jour,974,97416,1,1,1,2.0,RN3 (2),-21.31311,55.49457,08:30:00,2024-12-09
202400040501,11:15,Plein jour,44,44109,2,3,1,3.0,42 Rue de Gigant,47.21455836,-1.57281684,11:15:00,2024-09-21
202400040502,10:45,Plein jour,92,92078,2,1,1,3.0,VERDUN (AVENUE) (N° PAIRS 40 A 90),48.93544161,2.33095905,10:45:00,2024-11-04
202400040503,07:15,Plein jour,974,97416,2,6,1,2.0,BANK (BOULEVARD),-21.33061,55.47473,07:15:00,2024-12-09
202400040504,08:30,Plein jour,92,92026,2,1,1,3.0,MARECHAL JOFFRE (QUAI DU),48.90236451,2.28188753,08:30:00,2024-11-04
202400040505,16:32,Plein jour,19,19275,2,1,3,6.0,CARNOT (AVENUE) N° PAIRS,45.55205594,2.31382298,16:32:00,2024-05-03
202400040506,08:40,Crépuscule,44,44114,2,1,1,6.0,360 Route de Vannes,47.254969,-1.62990867,08:40:00,2024-09-21
202400040507,13:20,Plein jour,974,97409,2,1,1,2.0,ILE DE FRANCE(AVENUE),-20.94413,55.64776,13:20:00,2024-12-09
202400040508,09:10,Plein jour,92,92023,2,3,1,3.0,SCHNEIDER (AVENUE),48.80670742,2.2546497,09:10:00,2024-11-04
202400040509,08:40,Crépuscule,44,44190,2,6,1,3.0,Rue de la Libération,47.20288877,-1.51366158,08:40:00,2024-09-20
202400040510,14:19,Plein jour,95,95675,1,1,5,7.0,D317,49.0742015,2.52877682,14:19:00,2024-11-05
202400040511,06:05,Crépuscule,973,97302,1,6,3,3.0,MARINGOUINS (ROND-POINT),4.90703,-52.32216,06:05:00,2024-12-09
202400040512,15:15,Plein jour,44,44162,2,1,1,2.0,Rue du Souvenir Français,47.20811144,-1.62903691,15:15:00,2024-09-19
202400040513,18:50,,95,95250,2,1,1,6.0,D922,49.1004,2.528164,18:50:00,2024-11-04
202400040514,19:50,,973,97302,2,1,1,6.0,BASSIERE (LEON) CITE THEMIRE,4.93476626,-52.32009137,19:50:00,2024-12-08
202400040515,19:00,,63,63354,2,1,1,6.0,D534,46.02831571,2.82209508,19:00:00,2024-11-03
202400040516,23:28,Nuit sans éclairage,62,62757,1,1,1,3.0,D206,50.75508,2.20567,23:28:00,2024-05-18
202400040517,06:30,Plein jour,973,97302,2,2,1,3.0,JADFARD (RENE),4.93429,-52.33192,06:30:00,2024-12-08
202400040518,19:20,Nuit sans éclairage,01,01288,1,1,8,2.0,ROUTE DÉPARTEMENTALE 984,46.195042,5.941887,19:20:00,2024-11-04
202400040519,17:30,Crépuscule,62,62473,1,1,1,6.0,D186,50.617667,2.460873,17:30:00,2024-10-31
202400040520,11:45,Plein jour,973,97302,2,1,1,3.0,CABASSOU (ROUTE DE),4.91965,-52.31891,11:45:00,2024-12-07
202400040521,21:50,,74,74133,2,2,1,3.0,JURA (RUE DU),46.18516,6.20683,21:50:00,2024-07-28
202400040522,02:53,Nuit sans éclairage,59,59525,1,1,1,6.0,Rue du Pont de Sains,50.078591,4.019494,02:53:00,2024-11-02
202400040523,02:00,,971,97113,1,1,2,6.0,SECTION COCOYER,16.22959,-61.4755,02:00:00,2024-12-08
202400040524,11:15,Plein jour,974,97416,2,2,1,3.0,GANDHI (RUE DU MAHATMA),-21.283068,55.470955,11:15:00,2024-09-28
202400040525,17:23,Plein jour,76,76141,1,1,1,3.0,Route de la Gare,49.603382,0.418586,17:23:00,2024-11-05
202400040526,08:05,Plein jour,2A,2A004,2,1,8,1.0,#Route de Mezzavia#,41.94635,8.76102,08:05:00,2024-12-09
202400040527,20:00,Nuit sans éclairage,974,97407,1,1,1,6.0,OWENS JAMES,-20.93447,55.31952,20:00:00,2024-09-28
202400040528,00:10,,2A,2A139,2,2,1,3.0,#Strada Sampieru Corsu#,41.636286,9.343727,00:10:00,2024-10-27
202400040529,16:15,Plein jour,95,95219,2,3,8,3.0,MARECHAL DE LATTRE DE TASSIGNY (RUE DU),48.989389,2.264919,16:15:00,2024-12-09
202400040530,10:45,Plein jour,974,97407,2,6,1,3.0,ROUTE DU SACRE COEUR,-20.95626,55.31159,10:45:00,2024-09-28
202400040531,11:10,Plein jour,2B,2B123,1,1,1,3.0,Piste cyclable - D144 - route de la mer,42.007799,9.416834,11:10:00,2024-11-03
202400040532,18:45,,91,91549,2,1,2,6.0,LIBERTE (AVENUE DE LA),48.63905,2.34557,18:45:00,2024-12-09
202400040533,08:15,Plein jour,80,80328,1,1,5,1.0,D3,50.032225,1.917179,08:15:00,2024-11-05
202400040534,17:00,Plein jour,973,97302,2,2,1,3.0,MERE THERESA (rue),4.92247,-52.31255,17:00:00,2024-09-28
202400040535,17:50,,91,91201,2,3,2,2.0,BD HENRI BARBUSSE,48.68012,2.40958,17:50:00,2024-11-30
202400040536,07:30,Crépuscule,80,80092,1,2,5,3.0,D97,49.960421,2.273977,07:30:00,2024-11-05
202400040537,11:25,Plein jour,973,97302,2,1,1,2.0,GALMOT (AVENUE),4.93212,-52.32752,11:25:00,2024-09-28
202400040538,12:45,Plein jour,91,91223,2,1,1,3.0,MAI 1945 (AVENUE DU 8),48.441,2.1465,12:45:00,2024-12-09
202400040539,18:12,Nuit sans éclairage,89,89304,1,1,1,1.0,D176,47.870733,3.391836,18:12:00,2024-11-04
202400040540,11:21,Plein jour,90,90008,2,1,3,3.0,BELFORT (RUE DE),47.62566,6.84307,11:21:00,2024-12-07
202400040541,04:30,,69,69387,2,2,1,4.0,Avenue Debourg,45.73142,4.83342,04:30:00,2024-09-28
202400040542,17:35,Crépuscule,12,12248,2,1,1,1.0,Avenue D Albi,43.885809,2.603427,17:35:00,2024-11-03
202400040543,19:06,,87,87085,2,1,2,6.0,BABYLONE (RUE DE),45.82211,1.27278,19:06:00,2024-12-08
202400040544,10:54,Plein jour,2A,2A004,2,3,1,3.0,#26 Boulevard Madame Mère#,41.9165,8.72313,10:54:00,2024-09-28
202400040545,18:00,Crépuscule,80,80021,2,1,1,7.0,Rue du Commandant Défontaine,49.89768,2.28717,18:00:00,2024-12-07
202400040546,07:30,Plein jour,29,29189,2,6,1,3.0,avenue Charles de Gaulle,48.381985,-4.377899,07:30:00,2024-10-24
202400040547,18:00,Plein jour,91,91549,2,2,1,3.0,CHARMES (ALLEE DES),48.63964,2.32135,18:00:00,2024-09-28
202400040548,02:00,,79,79191,2,1,1,7.0,Unknown,46.31868,-0.47826,02:00:00,2024-12-09
202400040549,15:05,Plein jour,22,22087,1,1,5,6.0,D31,48.291738,-3.309374,15:05:00,2024-11-03
202400040550,18:30,,78,78138,2,1,2,6.0,DE GAULLE (AVENUE CHARLES),48.970616,2.028252,18:30:00,2024-12-09
202400040551,10:55,Plein jour,91,91027,2,1,1,3.0,AV MARCEL SEMBAT,48.70613,2.37263,10:55:00,2024-09-28
202400040552,12:15,Plein jour,44,44152,2,1,1,2.0,8 Place de l'Eglise,47.45964983,-2.0059901,12:15:00,2024-11-05
202400040553,17:30,,78,78172,2,6,2,6.0,PERI (AVENUE GABRIEL),48.998702,2.078914,17:30:00,2024-12-08
202400040554,08:40,Plein jour,78,78621,2,2,1,6.0,REPUBLIQUE (RUE DE LA),48.77683,2.00346,08:40:00,2024-09-27
202400040555,15:18,Plein jour,45,45296,1,1,1,5.0,D955 PR 17 + 639,47.994459,1.714983,15:18:00,2024-11-05
202400040556,19:30,Crépuscule,78,78123,2,3,1,6.0,EUROPE (RN 190) AVENUE DE L',48.93898,2.03549,19:30:00,2024-09-28
202400040557,13:40,Plein jour,18,18046,1,1,1,7.0,Unknown,46.76805,2.3254,13:40:00,2024-11-03
202400040558,09:45,Plein jour,40,40273,2,1,1,6.0,1980 Avenue du Quartier-neuf,43.52799,-1.391275,09:45:00,2024-11-03
202400040559,17:40,Nuit sans éclairage,77,77258,2,3,2,6.0,MANDINET (BOULEVARD DU),48.83921705,2.6255009,17:40:00,2024-12-08
202400040560,16:10,Plein jour,40,40320,1,1,1,1.0,D 834,43.942156,-0.57735,16:10:00,2024-11-03
202400040561,19:30,,77,77251,1,1,2,6.0,ALL DE L'AIR DU TEMPS,48.61724,2.55045,19:30:00,2024-12-08
202400040562,15:00,Plein jour,77,77268,2,1,1,4.0,RUE DU PRE DE BRAY,48.86036017,2.8100583,15:00:00,2024-09-28
202400040563,16:33,Plein jour,04,04209,2,3,1,6.0,21 Place du Tivoli,44.196419,5.941742,16:33:00,2024-11-04
202400040564,18:35,,77,77042,2,2,1,3.0,CHARLES DE GAULLE (AVENUE),48.82275,3.1372,18:35:00,2024-12-09
202400040565,15:07,Plein jour,77,77333,2,1,1,3.0,RUE DE PARIS,48.2672,2.69405,15:07:00,2024-09-28
202400040566,14:06,Plein jour,04,04049,2,1,1,6.0,Avenue du General de Gaulle,44.094478,6.010012,14:06:00,2024-11-04
202400040567,20:45,,76,76410,2,1,2,1.0,Avenue du Val aux Dames,49.47833,1.03554,20:45:00,2024-12-09
202400040568,17:30,Plein jour,77,77333,2,1,2,3.0,AV DU ROCHER VERT,48.26661,2.70361,17:30:00,2024-09-27
202400040569,08:40,Crépuscule,76,76429,2,1,8,6.0,Route de Paris,49.41255,1.13885,08:40:00,2024-12-09