Num_Acc,hrmn,lum,dep,com,agg,int,atm,col,adr,lat,long,heure,date
202400040570,08:15,Plein jour,77,77070,2,1,1,7.0,CD 37,48.79762,3.12413,08:15:00,2024-09-28
202400040571,14:45,Plein jour,85,85111,1,3,1,3.0,RD938t,46.344561,-0.88721,14:45:00,2024-11-04
202400040572,18:45,Nuit sans éclairage,87,87140,1,1,1,1.0,Route des Séguines,45.894474,0.958289,18:45:00,2024-10-30
202400040573,11:20,Plein jour,69,69282,2,1,8,1.0,Avenue de Verdun,45.78374555,5.01350508,11:20:00,2024-09-28
202400040574,20:47,,72,72181,2,1,3,2.0,DURAND GEORGES (AV) N° PAIRS 112 AU 164,47.97818,0.21366,20:47:00,2024-12-08
202400040575,11:00,Plein jour,11,11198,1,1,8,6.0,Unknown,43.303297,2.529441,11:00:00,2024-11-05
202400040576,11:18,Plein jour,68,68066,2,1,2,6.0,Grand'Rue,48.07526,7.35781,11:18:00,2024-09-28
202400040577,13:35,Plein jour,71,71040,2,3,8,3.0,CHASSAGNE (RUE DE LA),46.69722564,4.38668311,13:35:00,2024-12-09
202400040578,09:30,Plein jour,34,34058,2,1,1,6.0,Avenue de Montpellier,43.677748,3.983794,09:30:00,2024-11-05
202400040579,14:30,Plein jour,83,83047,2,1,1,6.0,Rue Renaude,43.148526,6.072291,14:30:00,2024-11-05
202400040580,06:53,,69,69029,2,3,8,6.0,Avenue Pierre Brossolette,45.74198,4.9199,06:53:00,2024-12-09
202400040581,18:35,Plein jour,65,65100,1,3,1,3.0,9 Route de Bordeaux,43.26435562,0.07135291,18:35:00,2024-09-28
202400040582,13:55,Plein jour,13,13067,1,1,1,1.0,Chemin de Bazarde,43.800713,5.039034,13:55:00,2024-10-26
202400040583,08:45,Crépuscule,64,64189,2,4,2,3.0,JAURES JEAN  (AVENUE),43.38178,-1.66767,08:45:00,2024-12-09
202400040584,11:00,Plein jour,64,64445,2,6,1,3.0,GENERAL DE GAULLE DU,43.30175,-0.35622,11:00:00,2024-09-28
202400040585,18:20,,13,13086,2,3,1,1.0,Avenue du Repos,43.342115,5.603399,18:20:00,2024-11-04
202400040586,02:15,,64,64445,2,1,3,6.0,CATHERINE DE BOURBON,43.32024,-0.3594,02:15:00,2024-09-28
202400040587,10:12,Plein jour,64,64348,2,1,2,3.0,TONKIN DU,43.31687,-0.39475,10:12:00,2024-12-09
202400040588,15:50,Plein jour,21,21390,2,2,1,1.0,Route des Grands Crus,47.2727,4.989831,15:50:00,2024-11-04
202400040589,21:22,,63,63113,2,2,1,3.0,Jaurès / Dormoy,45.76780981,3.08186889,21:22:00,2024-09-28
202400040590,09:40,Plein jour,59,59599,2,3,1,6.0,HAVRE (RUE D'),50.71988,3.16115,09:40:00,2024-12-09
202400040591,17:10,Crépuscule,68,68315,1,1,1,6.0,D431,47.891622,7.112607,17:10:00,2024-11-01
202400040592,11:00,Plein jour,62,62525,2,1,1,6.0,Rue de Lumbres,50.7329806,2.25137007,11:00:00,2024-09-19
202400040593,10:20,Plein jour,38,38565,1,1,1,7.0,D3,45.279424,5.624619,10:20:00,2024-11-05
202400040594,16:30,Plein jour,60,60159,2,1,1,6.0,Rue Saint-Lazare,49.41444,2.82902,16:30:00,2024-09-27
202400040595,10:15,Plein jour,33,33055,1,4,1,2.0,Unknown,45.313786,-0.916178,10:15:00,2024-10-31
202400040596,07:54,Crépuscule,51,51454,2,6,1,3.0,VASNIER (BOULEVARD HENRI) COTE IMPAIR,49.247947,4.043941,07:54:00,2024-12-09
202400040597,08:25,Plein jour,59,59299,1,1,1,7.0,CD 700,50.6509,3.20687,08:25:00,2024-09-28
202400040598,16:10,Crépuscule,51,51454,2,1,2,7.0,LECLERC (BOULEVARD DU GENERAL),49.25375,4.02221,16:10:00,2024-12-08
202400040599,18:30,Nuit sans éclairage,33,33130,2,1,1,1.0,Unknown,44.513806,-0.229028,18:30:00,2024-11-04
202400040600,19:00,Plein jour,54,54395,2,4,1,3.0,Rue de Malzéville,48.70474,6.18335,19:00:00,2024-09-28
202400040601,18:10,Plein jour,33,33056,2,2,1,3.0,Unknown,44.92758,-0.635128,18:10:00,2024-10-14
202400040602,10:20,Plein jour,51,51108,2,3,8,3.0,SAINTE MENEHOULD (AVE DE),48.96275,4.38768,10:20:00,2024-12-09
202400040603,12:50,Plein jour,51,51454,2,3,7,3.0,PAIX (BOULEVARD DE LA),49.25358,4.04084,12:50:00,2024-09-28
202400040604,07:34,,49,49007,2,1,1,7.0,CAMUS BOULEVARD,47.48384,-0.57591,07:34:00,2024-12-06
202400040605,12:15,Plein jour,51,51454,2,1,1,7.0,VAL DE VESLE (BOULEVARD),49.23007,4.06046,12:15:00,2024-09-27
202400040606,18:15,Nuit sans éclairage,35,35347,1,2,1,5.0,la Grande Haie d'Izé,48.174307,-1.296027,18:15:00,2024-11-03
202400040607,14:20,Plein jour,47,47027,2,1,2,3.0,BORDEAUX (avenue de),44.40316,0.67932,14:20:00,2024-12-08
202400040608,00:30,,50,50218,2,3,1,3.0,MATIGNON (AV DES),48.83799,-1.57812,00:30:00,2024-09-29
202400040609,02:20,Nuit sans éclairage,13,13215,1,1,1,7.0,A7-Sens Lyon vers Marseille,43.36326,5.36113,02:20:00,2024-11-04
202400040610,11:15,Plein jour,43,43157,1,1,3,3.0,Chemin des Gardes,45.02370462,3.90976884,11:15:00,2024-12-09
202400040611,15:30,Plein jour,47,47001,1,1,2,1.0,STALINGRAD (AVENUE DE ),44.2163695,0.639709,15:30:00,2024-09-27
202400040612,18:10,Nuit sans éclairage,91,91174,1,1,1,2.0,RN 104,48.62454,2.47046,18:10:00,2024-11-04
202400040613,20:15,,42,42123,2,1,1,1.0,Rue Adèle Bourdon,45.51333,4.57555,20:15:00,2024-12-09
202400040614,04:15,,44,44109,2,1,1,6.0,19 Boulevard de Stalingrad,47.21839,-1.5398,04:15:00,2024-09-28
202400040615,12:10,Plein jour,94,94003,1,1,1,2.0,A6B,48.7999444,2.34360832,12:10:00,2024-11-04
202400040616,03:30,Nuit sans éclairage,36,36044,1,1,3,6.0,route de velles,46.78029739,1.68924408,03:30:00,2024-09-28
202400040617,04:27,Nuit sans éclairage,91,91589,1,1,1,7.0,AUTOROUTE A6,48.67731,2.33828,04:27:00,2024-11-04
202400040618,21:35,,37,37261,2,3,1,3.0,PASCAL (RUE BLAISE),47.38604,0.69467,21:35:00,2024-12-09
202400040619,00:30,Nuit sans éclairage,32,32191,1,1,2,7.0,D931,43.748508,-0.107967,00:30:00,2024-04-27
202400040620,13:45,Plein jour,35,35238,1,1,1,2.0,ROCADE,48.08281,-1.697593,13:45:00,2024-09-28
202400040621,12:00,Plein jour,37,37261,2,1,1,2.0,MALRAUX (QUAI ANDRE),47.3975,0.70075,12:00:00,2024-12-08
202400040622,03:00,Nuit sans éclairage,73,73227,2,4,1,6.0,Rue des Tovets / Rue de la Croisette,45.41521767,6.63384207,03:00:00,2024-02-25
202400040623,05:30,,34,34172,2,2,1,3.0,MOULINS (AVENUE DES,43.63379,3.8431,05:30:00,2024-12-09
202400040624,13:10,Plein jour,973,97302,2,2,1,3.0,11 NOVEMBRE,4.93497,-52.32952,13:10:00,2024-11-03
202400040625,22:10,,34,34108,2,6,1,3.0,DE GAULE GENERAL (AVENUE DU),43.446804,3.753838,22:10:00,2024-09-28
202400040626,07:10,,34,34198,2,2,1,3.0,MAUGUIO (ROUTE DE),43.577726,3.9357421,07:10:00,2024-12-08
202400040627,10:38,Plein jour,973,97302,2,6,1,3.0,MANDELA  (BOULEVARD),4.93728,-52.32577,10:38:00,2024-11-03
202400040628,01:58,,34,34172,2,1,1,5.0,BRINGUIER (AVENUE PAUL),43.614066,3.839138,01:58:00,2024-09-28
202400040629,18:20,Crépuscule,34,34336,1,1,1,2.0,ROUTE DEPARTEMENTALE 612B,43.314,3.32093,18:20:00,2024-12-06
202400040630,12:10,Plein jour,34,34003,2,1,1,7.0,SETE ( ROUTE),43.307469,3.503626,12:10:00,2024-09-28
202400040631,09:15,Plein jour,973,97302,1,1,1,7.0,ROUTE NATIONALE 1,4.92487,-52.32917,09:15:00,2024-11-03
202400040632,18:20,,33,33318,2,1,2,6.0,Unknown,44.79767,-0.66518,18:20:00,2024-12-09
202400040633,23:20,,972,97209,2,9,1,6.0,VERDUN (BOULEVARD DE ),14.60396,-61.07818,23:20:00,2024-11-02
202400040634,17:20,Crépuscule,95,95427,2,1,1,2.0,D193,48.96438045,2.33614911,17:20:00,2024-11-03
202400040635,09:16,Plein jour,33,33039,2,4,1,3.0,Unknown,44.805615,-0.556818,09:16:00,2024-12-09
202400040636,18:00,,91,91027,2,3,1,3.0,VC QUAI DE L'INDUSTRIE,48.693809,2.390282,18:00:00,2024-11-02
202400040637,08:40,Plein jour,33,33063,2,2,1,6.0,Unknown,44.83476,-0.57836,08:40:00,2024-12-09
202400040638,08:12,Nuit sans éclairage,24,24037,2,1,1,2.0,FEYRY (AVENUE MARCEAU),44.86904,0.50376,08:12:00,2024-12-09
202400040639,19:05,,76,76540,2,2,1,1.0,Route de Neufchâtel,49.45125,1.0983,19:05:00,2024-11-03
202400040640,18:00,Crépuscule,14,14118,2,1,8,2.0,Avenue de Courseulles,49.20521,-0.37579,18:00:00,2024-12-02
202400040641,14:45,Plein jour,71,71306,2,1,1,3.0,ALOUETTES (AVENUE DES),46.6889,4.3573,14:45:00,2024-11-03
202400040642,06:50,,13,13215,2,1,1,3.0,LE CHATELIER,43.34869,5.37208,06:50:00,2024-12-09
202400040643,18:20,,69,69266,2,1,1,3.0,Cours Emile Zola,45.77085,4.86684,18:20:00,2024-11-03
202400040644,08:37,Plein jour,11,11262,2,1,8,6.0,3 Rue des Primeveres,43.1861,3.02149,08:37:00,2024-12-09
202400040645,21:50,,10,10387,2,1,2,7.0,PAIX (RUE DE LA),48.309,4.0619,21:50:00,2024-12-08
202400040646,19:25,Crépuscule,65,65440,2,3,1,3.0,CRONSTADT (RUE DE),43.22852,0.07503,19:25:00,2024-11-02
202400040647,16:50,,06,06069,2,6,1,3.0,Rd point des Quatre Chemins,43.64507,6.94013,16:50:00,2024-12-09
202400040648,11:20,Plein jour,65,65251,2,1,1,3.0,Rue des Evades de France,43.2159,0.08631,11:20:00,2024-11-02
202400040649,13:20,Plein jour,06,06069,2,9,1,6.0,42 Boulevard Victor Hugo,43.6538031,6.9189772,13:20:00,2024-12-09
202400040650,14:15,Plein jour,64,64102,2,9,1,3.0,BEDAT (CITE AV 14 AVRIL),43.5035,-1.46621,14:15:00,2024-11-03
202400040651,22:10,Nuit sans éclairage,06,06004,2,1,1,3.0,1170 Route de Nice,43.60990834,7.12535974,22:10:00,2024-12-05
202400040652,01:30,Nuit sans éclairage,60,60175,1,1,8,1.0,Unknown,49.24515,2.45892,01:30:00,2024-11-03
202400040653,10:41,Plein jour,05,05061,2,3,1,6.0,Rue du Stade,44.54843454,6.06686711,10:41:00,2024-11-27
202400040654,01:00,Nuit sans éclairage,59,59585,1,1,2,2.0,Rue du Général De Gaulle,50.57029594,3.04521942,01:00:00,2024-11-02
202400040655,18:10,,54,54323,2,1,1,1.0,Avenue Raymond Poincaré,49.52676,5.77731,18:10:00,2024-11-03
202400040656,17:20,Crépuscule,75,75116,2,1,2,4.0,BOULEVARD PERIPHERIQUE INTERIEUR OUEST,48.876942,2.27952,17:20:00,2024-12-07
202400040657,15:30,Plein jour,75,75106,2,3,1,3.0,RUE SAINT PLACIDE,48.84899,2.325405,15:30:00,2024-12-09
202400040658,23:35,Nuit sans éclairage,44,44172,1,1,1,4.0,Unknown,47.23558,-1.47884,23:35:00,2024-11-03
202400040659,22:20,,37,37261,2,1,1,6.0,FUYE( RUE DE LE ),47.38902,0.7027,22:20:00,2024-11-02
202400040660,18:25,,75,75108,2,7,1,6.0,PLACE DES TERNES,48.878178,2.298783,18:25:00,2024-12-09
202400040661,14:35,Plein jour,36,36044,2,1,1,2.0,Avenue Gédéon Duchateau,46.818198,1.696258,14:35:00,2024-11-03
202400040662,19:10,,75,75117,2,3,2,3.0,AVENUE DE LA GRANDE ARMEE,48.876987,2.285543,19:10:00,2024-12-08
202400040663,06:45,,33,33069,2,7,1,3.0,Unknown,44.86581,-0.57611,06:45:00,2024-11-03
202400040664,18:10,,75,75116,2,7,2,3.0,PLACE VICTOR HUGO,48.869433,2.285189,18:10:00,2024-12-09
202400040665,16:50,Plein jour,33,33550,2,1,1,3.0,Unknown,44.77522,-0.56282,16:50:00,2024-11-02
202400040666,14:10,Plein jour,75,75116,2,7,1,3.0,PLACE VICTOR HUGO,48.869532,2.285044,14:10:00,2024-12-09
202400040667,11:44,Plein jour,22,22215,2,1,1,3.0,VILLES MOISAN (RUE DES),48.49532,-2.77578,11:44:00,2024-10-24
202400040668,13:45,Plein jour,75,75110,2,1,1,3.0,RUE DU FAUBOURG SAINT MARTIN,48.883094,2.367608,13:45:00,2024-12-09
202400040669,18:10,,19,19031,2,1,1,1.0,BUY (PONT DU),45.16449462,1.54075479,18:10:00,2024-11-02
202400040670,18:20,,75,75109,2,2,2,3.0,RUE LA FAYETTE,48.876534,2.346723,18:20:00,2024-12-09
202400040671,03:20,,17,17380,2,2,8,7.0,EGLISE (DE L'),45.643,-1.083,03:20:00,2024-11-03
202400040672,11:50,Plein jour,14,14333,2,1,8,6.0,Jetée de l'Est,49.42128,0.2373,11:50:00,2024-11-02
202400040673,17:40,,94,94077,2,2,1,3.0,Avenue le Foll,48.7283,2.43438,17:40:00,2024-12-09
202400040674,14:30,Plein jour,13,13043,2,1,1,3.0,GEORGES POMPIDOU (AV ),43.39238,5.20613,14:30:00,2024-11-03
202400040675,16:15,Plein jour,94,94002,2,1,2,2.0,Quai Blanqui,48.80369856,2.41269824,16:15:00,2024-12-08
202400040676,13:00,Plein jour,13,13056,2,1,1,2.0,KLEBER QUAI JEAN BAPTISTE,43.40587094,5.05624795,13:00:00,2024-11-03
202400040677,16:10,Plein jour,13,13209,2,1,1,2.0,MARÉCHAL DE LATTRE (AVENUE),43.24613016,5.41782592,16:10:00,2024-11-03
202400040678,15:00,Plein jour,93,93070,2,1,2,3.0,MICHELET (AVE) : DU 1 AU 103,48.9051034,2.34418336,15:00:00,2024-12-08
202400040679,10:45,Plein jour,13,13211,2,1,1,2.0,PEINTRES ROUX (avenue),43.30162637,5.47563765,10:45:00,2024-11-03
202400040680,18:15,,93,93066,2,1,2,2.0,DE PRESSENSE FRANCIS,48.920639,2.363804,18:15:00,2024-12-09
202400040681,10:00,Plein jour,13,13214,2,1,1,2.0,ALEX ANSALDI (RUE),43.3338237,5.40235124,10:00:00,2024-10-29
202400040682,17:45,,93,93050,2,1,2,6.0,LEON BLUM (AVENUE),48.86751,2.53297,17:45:00,2024-12-09
202400040683,14:15,Plein jour,13,13001,1,1,1,6.0,PUYRICARD (RTE),43.56771,5.42636,14:15:00,2024-11-03
202400040684,18:00,,93,93048,2,2,2,3.0,CHANZY (BOULEVARD),48.85865,2.4294,18:00:00,2024-12-09
202400040685,16:45,Plein jour,11,11262,2,9,1,3.0,25 Avenue Elie Sermet,43.18682,3.0115,16:45:00,2024-11-03
202400040686,17:30,,93,93064,2,1,2,6.0,QUATRIEME ZOUAVES (RUE DU),48.87273279,2.47742738,17:30:00,2024-12-09
202400040687,16:35,Plein jour,11,11262,2,6,1,6.0,27 Avenue des Pyrenees,43.1835,2.99782,16:35:00,2024-10-23
202400040688,12:20,Plein jour,93,93064,2,2,1,6.0,ROSNY (RUE DE),48.87119,2.47081,12:20:00,2024-12-09
202400040689,16:45,,75,75116,2,1,1,2.0,BOULEVARD PERIPHERIQUE EXTERIEUR OUEST,48.871338,2.273122,16:45:00,2024-11-03
202400040690,15:15,Plein jour,93,93029,2,6,8,3.0,SAINT-STENAY,48.91979,2.42194,15:15:00,2024-12-09
202400040691,15:35,Plein jour,75,75119,2,1,1,6.0,RUE DE L AISNE,48.890605,2.38271,15:35:00,2024-11-03
202400040692,08:15,Crépuscule,93,93027,2,1,2,6.0,VAILLANT-COUTURIER (AVENUE PAUL),48.92444212,2.41476345,08:15:00,2024-12-09
202400040693,13:00,Plein jour,75,75119,2,2,1,3.0,BOULEVARD DE LA VILLETTE,48.8843,2.367569,13:00:00,2024-11-03
202400040694,18:00,,93,93010,2,3,2,6.0,VAILLANT (RUE EDOUARD) 1 A 25,48.89662,2.47716,18:00:00,2024-12-09
202400040695,12:05,Plein jour,75,75118,2,1,8,2.0,BOULEVARD NEY,48.897751,2.329791,12:05:00,2024-11-03
202400040696,16:19,Crépuscule,93,93005,2,7,2,6.0,ANDRE CITROEN (BOULEVARD),48.95828479,2.48516321,16:19:00,2024-12-09
202400040697,04:30,,75,75118,2,2,1,6.0,BOULEVARD NEY,48.897731,2.337496,04:30:00,2024-11-03
202400040698,18:45,,92,92036,2,9,2,6.0,LUCIEN LANTERNIER (AVENUE) (19/65),48.93243658,2.2914353,18:45:00,2024-12-09
202400040699,05:10,,75,75114,2,1,1,6.0,RUE DU DEPART,48.841418,2.322037,05:10:00,2024-11-02
202400040700,08:50,Plein jour,75,75109,2,4,1,6.0,RUE DE MAUBEUGE,48.876858,2.341906,08:50:00,2024-11-02
202400040701,21:03,Nuit sans éclairage,92,92012,2,3,1,3.0,GENERAL LECLERC (AVENUE DU) 1/33 - 2/58,48.83264127,2.24020556,21:03:00,2024-12-09
202400040702,23:20,,94,94038,2,1,1,3.0,52 Bd Paul Vaillant Couturier,48.78094731,2.34114527,23:20:00,2024-11-02
202400040703,10:25,Plein jour,92,92012,2,2,8,3.0,GALLIENI (RUE) 159/FIN,48.83614644,2.2366257,10:25:00,2024-12-09
202400040704,19:35,Nuit sans éclairage,93,93073,1,1,1,7.0,CHAPIT RE ( RUE DU),48.9871,2.54495,19:35:00,2024-11-03
202400040705,17:10,Nuit sans éclairage,09,09164,1,1,3,6.0,D117 PK 075.000,42.99582,1.250406,17:10:00,2024-12-09
202400040706,16:00,Plein jour,93,93070,2,1,1,3.0,DOCTEUR BAUER(RUE DU) :N° 1 AU 73,48.91076,2.3375,16:00:00,2024-11-03
202400040707,11:15,Plein jour,60,60646,1,1,8,2.0,D901,49.47663,2.06882,11:15:00,2024-12-10
202400040708,17:40,,93,93066,2,1,1,3.0,VOLTAIRE,48.93466086,2.37739563,17:40:00,2024-11-03
202400040709,10:40,Plein jour,06,06161,1,1,1,7.0,2841 Route de Grasse,43.657355,7.090248,10:40:00,2024-12-08
202400040710,10:10,Plein jour,93,93031,2,3,1,1.0,DE LATTRE DE TASSIGNY (1 A 51),48.95506527,2.31219829,10:10:00,2024-11-03
202400040711,08:20,Plein jour,92,92051,2,1,1,6.0,"CHARLES DE GAULLE (AVENUE, N°27 A 129)",48.87915627,2.27762416,08:20:00,2024-11-03
202400040712,21:50,,92,92040,2,1,1,6.0,GENERAL LECLERC,48.82677651,2.27894694,21:50:00,2024-11-02
202400040713,22:00,,92,92024,2,6,1,6.0,GENERAL LECLERC (BD DU) (9 A 59)   (4 A,48.90295192,2.31326848,22:00:00,2024-11-03
202400040714,07:30,Crépuscule,92,92024,2,2,1,3.0,GENERAL LECLERC (BD DU) (9 A 59)   (4 A,48.90209756,2.31425283,07:30:00,2024-11-03
202400040715,17:35,Crépuscule,72,72231,1,1,2,1.0,la ceverie,47.907324,0.39422,17:35:00,2024-11-09
202400040716,06:45,,35,35236,2,2,8,6.0,Rue Jacques Cartier,47.647227,-2.094478,06:45:00,2024-11-03
202400040717,16:02,Plein jour,51,51568,1,1,8,1.0,D944,49.321438,3.973292,16:02:00,2024-12-10
202400040718,07:00,Crépuscule,47,47048,1,1,1,1.0,Lamandigue,44.554798,0.626612,07:00:00,2024-11-04
202400040719,07:45,Nuit sans éclairage,51,51597,1,3,1,5.0,D3,49.056932,3.891542,07:45:00,2024-12-10
202400040720,19:50,Nuit sans éclairage,972,97207,1,1,1,6.0,D5,14.571154,-60.959903,19:50:00,2024-11-02
202400040721,13:30,Plein jour,56,56040,2,6,1,7.0,Rue Anne de Bretagne,47.855754,-3.377738,13:30:00,2024-12-10
202400040722,17:10,Plein jour,972,97210,1,3,1,1.0,N6,14.582774,-60.87003,17:10:00,2024-11-03
202400040723,01:50,Nuit sans éclairage,86,86223,1,1,1,6.0,D5,46.580749,0.879686,01:50:00,2024-11-04
202400040724,18:45,Nuit sans éclairage,56,56185,1,1,1,4.0,le Vieux Moulin,47.771738,-3.385892,18:45:00,2024-12-09
202400040725,18:00,,56,56240,2,1,1,6.0,Rue Adrien Regent,47.527579,-2.765046,18:00:00,2024-12-10
202400040726,07:40,Crépuscule,77,77109,1,1,1,7.0,Départementale 75,48.605801,3.180993,07:40:00,2024-12-10
202400040727,14:20,Plein jour,50,50535,1,1,5,6.0,A84,48.72645914,-1.3035306,14:20:00,2024-11-04
202400040728,14:42,Plein jour,62,62036,1,1,1,6.0,D94,50.44830713,2.23735632,14:42:00,2024-11-02
202400040729,18:00,Nuit sans éclairage,76,76367,1,1,2,6.0,Route des longs Vallons,49.498214,1.071586,18:00:00,2024-12-10
202400040730,19:20,Nuit sans éclairage,65,65373,1,1,3,6.0,Route des Pyrenees,43.300978,0.454259,19:20:00,2024-12-09
202400040731,17:15,Plein jour,35,35024,1,1,1,1.0,Bel Air,48.16109278,-1.64692193,17:15:00,2024-11-03
202400040732,02:15,Nuit avec éclairage,56,56165,2,6,1,6.0,Bd Yves Carof,47.928726,-2.382746,02:15:00,2024-11-03
202400040733,18:00,Nuit sans éclairage,11,11049,2,1,1,1.0,Unknown,43.240404,2.096704,18:00:00,2024-11-14
202400040734,06:40,Nuit sans éclairage,56,56148,1,1,1,6.0,Lieu Dit Kerguinio,47.766965,-3.175188,06:40:00,2024-11-03
202400040735,19:27,Nuit sans éclairage,71,71490,1,1,1,2.0,N70,46.516646,4.163325,19:27:00,2024-12-09
202400040736,17:05,Plein jour,56,56008,1,1,1,7.0,Kerihhuel,47.620884,-2.94789,17:05:00,2024-11-03
202400040737,20:20,Nuit sans éclairage,49,49029,1,2,2,1.0,D751,47.373847,-0.370059,20:20:00,2024-12-09
202400040738,15:10,Plein jour,22,22241,1,1,2,3.0,Porcollois,48.127053,-2.626483,15:10:00,2024-12-09
202400040739,08:40,Crépuscule,76,76199,1,3,5,3.0,Le Vergenet,49.69357312,1.67384505,08:40:00,2024-11-04
202400040740,06:50,Nuit sans éclairage,35,35027,1,1,1,3.0,La Cloture,48.17352458,-2.0519489,06:50:00,2024-12-10
202400040741,12:00,Plein jour,80,80815,1,1,1,1.0,D1001,50.325688,1.749886,12:00:00,2024-11-03
202400040742,08:00,Crépuscule,29,29293,2,1,8,6.0,Route de Lambell,47.85593,-3.876862,08:00:00,2024-12-09
202400040743,19:50,Nuit sans éclairage,61,61440,1,1,5,6.0,24 Lieu Dit Blondeliere,48.730917,0.62519,19:50:00,2024-11-03
202400040744,15:00,Plein jour,29,29279,1,1,3,6.0,D58,48.61621138,-3.89394617,15:00:00,2024-12-09
202400040745,18:00,Crépuscule,42,42181,2,9,1,6.0,Route de Lyon,45.991558,4.224093,18:00:00,2024-11-04
202400040746,17:45,,31,31246,2,2,2,3.0,Chemin la Lanne,43.116683,0.828301,17:45:00,2024-12-09
202400040747,16:39,Plein jour,42,42289,1,4,5,3.0,Route de Lyon,45.942794,4.263082,16:39:00,2024-11-02
202400040748,02:35,Nuit sans éclairage,02,02086,1,1,1,6.0,D56,49.57497,3.211817,02:35:00,2024-11-16
202400040749,16:20,Plein jour,42,42249,2,4,7,1.0,Avenue de Bellevue,45.892121,4.235895,16:20:00,2024-10-28
202400040750,12:05,Plein jour,84,84089,1,1,1,7.0,Route de la Bonde,43.719831,5.504193,12:05:00,2024-12-09
202400040751,08:20,Plein jour,34,34142,2,1,1,6.0,Avenue Joseph Vallot,43.732151,3.311469,08:20:00,2024-11-04
202400040752,12:45,Plein jour,26,26304,1,1,1,7.0,Chemin du vignal,44.435404,5.238794,12:45:00,2024-12-09
202400040753,11:40,Plein jour,22,22158,1,1,5,2.0,N164,48.212034,-2.984698,11:40:00,2024-10-22
202400040754,17:55,,06,06079,2,1,1,2.0,145 boulevard de la libération,43.565933,6.941557,17:55:00,2024-12-09
202400040755,15:57,Plein jour,38,38027,1,1,1,2.0,Route de la Gache,45.429662,5.984479,15:57:00,2024-11-04
202400040756,16:45,Plein jour,14,14326,2,1,8,2.0,Route de Cormeilles,49.152854,0.264106,16:45:00,2024-12-09
202400040757,17:00,Crépuscule,15,15215,1,1,1,6.0,Chemin des Melicomps,44.97964,2.510054,17:00:00,2024-11-02
202400040758,14:45,Plein jour,01,01113,2,1,1,6.0,D26,46.162333,5.07799,14:45:00,2024-11-04
202400040759,16:10,Plein jour,50,50562,1,1,6,6.0,La Bijude,49.603973,-1.259399,16:10:00,2024-12-10
202400040760,12:15,Plein jour,66,66148,1,1,1,6.0,Paulilles RD 914,42.503396,3.121367,12:15:00,2024-11-03
202400040761,14:00,Plein jour,16,16404,1,9,1,3.0,La Grande Petoulle,46.02965448,0.38364037,14:00:00,2024-12-10
202400040762,16:55,Crépuscule,50,50030,2,1,1,3.0,Rue Alfred Rossel,49.669253,-1.263455,16:55:00,2024-11-03
202400040763,14:50,Plein jour,90,90052,2,1,1,7.0,Faubourg de France,47.740844,6.815936,14:50:00,2024-11-03
202400040764,18:25,Nuit sans éclairage,53,53096,1,1,1,1.0,La Petite Grange,48.29958542,-0.9609219,18:25:00,2024-12-09
202400040765,15:14,Plein jour,43,43051,1,1,1,3.0,Route de la Suchère,45.03737558,4.29564103,15:14:00,2024-11-01
202400040766,10:40,Plein jour,40,40264,1,1,2,1.0,Route de Houndouban,43.59916278,-1.27156697,10:40:00,2024-12-07
202400040767,15:10,Plein jour,07,07329,1,1,1,7.0,Route de Saint-Martin,44.59041455,4.1194396,15:10:00,2024-11-04
202400040768,14:15,Plein jour,85,85026,1,1,1,6.0,D12,46.55759,-1.44297,14:15:00,2024-12-07
202400040769,08:20,Plein jour,07,07343,1,3,5,3.0,D104,44.537518,4.346563,08:20:00,2024-11-04
202400040770,19:38,Nuit sans éclairage,23,23037,1,1,2,6.0,Unknown,46.013701,2.438678,19:38:00,2024-12-08
202400040771,10:45,Plein jour,40,40022,1,2,1,5.0,pk 0 D451,43.669773,-0.331929,10:45:00,2024-11-03
202400040772,15:56,Plein jour,52,52332,1,1,8,6.0,Avenue de Haute Meuse,48.00586,5.485986,15:56:00,2024-12-09
202400040773,16:05,Plein jour,17,17008,1,1,1,7.0,Route départementale 112,46.241861,-1.014025,16:05:00,2024-11-03
202400040774,07:18,Plein jour,13,13051,1,1,1,5.0,D10,43.547568,5.158274,07:18:00,2024-12-10
202400040775,06:35,Plein jour,37,37061,1,2,5,3.0,D41,46.87777832,0.95276427,06:35:00,2024-11-04
202400040776,08:15,Plein jour,06,06085,2,1,1,4.0,2053 Route de la Roquette,43.601737,6.958771,08:15:00,2024-12-10
202400040777,17:10,Plein jour,987,98734,2,2,1,3.0,"RT1, PK 38+200",-17.763083,-149.499929,17:10:00,2024-11-02
202400040778,06:02,Plein jour,974,97418,1,2,1,1.0,"gare routière DUPARC, sortie 1",-20.897995,55.520959,06:02:00,2024-11-04
202400040779,13:50,Plein jour,27,27091,1,1,1,1.0,A13,49.361542,0.85984,13:50:00,2024-12-09
202400040780,23:57,,06,06152,2,6,1,6.0,20 Route des Dolines,43.617807,7.03769,23:57:00,2024-11-03
202400040781,07:55,Plein jour,76,76484,1,1,1,4.0,D18E BRETELLE,49.340759,1.073407,07:55:00,2024-12-09
202400040782,02:00,Nuit sans éclairage,01,01276,1,1,1,2.0,A432,45.812245,5.058689,02:00:00,2024-10-24
202400040783,20:30,Nuit avec éclairage,973,97357,2,1,1,7.0,Gaan Siton,4.28068,-54.387013,20:30:00,2024-12-07