Num_Acc,hrmn,lum,dep,com,agg,int,atm,col,adr,lat,long,heure,date
202400040784,23:20,Nuit sans éclairage,971,97107,1,1,2,5.0,N1,16.092176,-61.564041,23:20:00,2024-12-09
202400040785,12:51,Plein jour,38,38401,1,1,1,7.0,"A43, Pk 47,5",45.56061192,5.4192128,12:51:00,2024-11-04
202400040786,12:00,Plein jour,28,28247,2,3,2,6.0,Unknown,48.89607,1.536997,12:00:00,2024-12-03
202400040787,16:45,Plein jour,78,78349,1,1,1,2.0,"A10, PK019+000, Direction Province",48.570956,1.993686,16:45:00,2024-11-04
202400040788,07:15,Nuit sans éclairage,95,95308,1,1,2,1.0,D927,49.11647064,2.125016,07:15:00,2024-12-10
202400040789,16:50,Plein jour,976,97608,2,1,1,1.0,31 Rue du Commerce,-12.789041,45.273601,16:50:00,2024-11-03
202400040790,07:00,Nuit sans éclairage,34,34128,1,1,1,6.0,RD 986,43.916537,3.727798,07:00:00,2024-12-09
202400040791,11:30,Plein jour,70,70205,1,1,1,6.0,d16,47.649487,6.72859,11:30:00,2024-11-27
202400040792,07:45,Plein jour,77,77474,1,3,1,6.0,Route nationale 3,48.957714,2.801836,07:45:00,2024-11-02
202400040793,04:00,Nuit sans éclairage,66,66093,1,1,1,6.0,route de laroque des alberes,42.529281,2.948231,04:00:00,2024-11-02
202400040794,15:05,Plein jour,89,89380,1,1,1,2.0,autoroute A6 pk 110.500,48.0586,3.093,15:05:00,2024-12-10
202400040795,11:25,Plein jour,66,66037,2,3,1,1.0,avenue des arenes,42.6952,3.0252,11:25:00,2024-11-04
202400040796,18:15,,51,51250,2,2,2,3.0,Rue du Jeu de Paume,49.308211,3.686932,18:15:00,2024-12-03
202400040797,17:50,Crépuscule,30,30156,1,1,1,1.0,chemin,43.891135,4.436513,17:50:00,2024-11-03
202400040798,08:15,Crépuscule,68,68063,1,1,1,2.0,D83,47.791766,7.182226,08:15:00,2024-12-10
202400040799,16:25,Plein jour,34,34344,2,1,1,7.0,Avenue Marechal Leclerc,43.562365,4.095465,16:25:00,2024-11-03
202400040800,07:40,Crépuscule,13,13004,1,1,1,7.0,Route de Faraman,43.405188,4.715677,07:40:00,2024-11-02
202400040801,15:55,Plein jour,13,13027,2,1,7,3.0,Boulevard Ernest Genevet,43.887679,4.85056,15:55:00,2024-11-03
202400040802,19:35,Nuit sans éclairage,70,70248,1,1,1,6.0,35 Rue de Chenebier,47.641849,6.728868,19:35:00,2024-11-03
202400040803,15:25,Plein jour,67,67458,2,1,1,7.0,Rue du Moulin,48.823084,7.733077,15:25:00,2024-10-28
202400040804,10:30,Plein jour,26,26313,1,2,5,6.0,RD 171,44.95713548,4.95970488,10:30:00,2024-11-02
202400040805,14:15,Plein jour,01,01012,1,1,1,1.0,D102,45.996783,5.509686,14:15:00,2024-11-01
202400040806,20:25,Nuit sans éclairage,09,09049,1,1,1,6.0,D17,42.963797,1.549727,20:25:00,2024-11-01
202400040807,12:30,Plein jour,14,14762,1,1,1,6.0,Lieu dit La Mauduitière,48.866874,-0.929297,12:30:00,2024-11-03
202400040808,20:05,Nuit sans éclairage,13,13211,1,1,1,2.0,A50-Sens Aubagne vers Marseille,43.28973,5.44463,20:05:00,2024-11-03
202400040809,16:04,Plein jour,13,13211,1,1,1,2.0,Sens Aubagne vers Marseille,43.29413128,5.47032278,16:04:00,2024-10-29
202400040810,17:00,Plein jour,13,13106,1,1,1,4.0,A7-Sens Lyon vers Marseille,43.38827,5.35106,17:00:00,2024-11-01
202400040811,19:00,Nuit sans éclairage,91,91689,1,1,1,4.0,AUTOROUTE A6,48.73348356,2.31584609,19:00:00,2024-11-03
202400040812,15:00,Plein jour,94,94021,1,1,1,2.0,A6B,48.77137155,2.34509948,15:00:00,2024-11-03
202400040813,19:05,Nuit sans éclairage,78,78362,1,1,1,2.0,A13,48.97974,1.70159,19:05:00,2024-11-03
202400040814,20:10,Nuit sans éclairage,78,78133,1,1,1,4.0,A13,48.893489,2.008207,20:10:00,2024-11-02
202400040815,19:47,Nuit sans éclairage,78,78640,1,1,1,2.0,N118,48.77365,2.22415,19:47:00,2024-11-02
202400040816,03:00,Nuit sans éclairage,95,95277,1,1,1,3.0,A104,48.97279,2.48704,03:00:00,2024-11-03
202400040817,02:05,Nuit sans éclairage,77,77121,1,1,1,6.0,A4,48.83196795,2.6729114,02:05:00,2024-11-03
202400040818,07:29,Plein jour,94,94065,1,1,1,2.0,A86,48.75366309,2.35712757,07:29:00,2024-11-02
202400040819,22:50,,73,73011,2,1,1,7.0,CHASSEURS ALPINS (AV.)C. VILLE VERS AV.J,45.66717,6.39002,22:50:00,2024-05-09
202400040820,02:15,Nuit sans éclairage,73,73181,1,1,1,6.0,N90,45.48471282,6.54258549,02:15:00,2024-01-14
202400040821,16:50,Crépuscule,44,44109,2,1,1,1.0,264 Avenue du Séquoia,47.25421183,-1.54446744,16:50:00,2024-10-22
202400040822,16:35,Crépuscule,44,44109,2,1,1,6.0,5 Rue de Strasbourg,47.21558683,-1.55083587,16:35:00,2024-10-22
202400040823,13:50,Plein jour,44,44143,2,1,1,6.0,29 Avenue de la Libération,47.1920586,-1.54758202,13:50:00,2024-10-19
202400040824,14:45,Plein jour,62,62040,1,9,2,2.0,D942,50.715253,2.312757,14:45:00,2024-07-09
202400040825,19:15,Plein jour,62,62758,2,2,1,3.0,D96,50.72254767,1.63674901,19:15:00,2024-06-26
202400040826,01:00,,44,44162,2,6,1,6.0,Rond Point de la Porte d'Armor,47.22497547,-1.62117072,01:00:00,2024-10-18
202400040827,16:00,Plein jour,76,76351,1,1,1,2.0,RD 6382,49.5246,0.17339,16:00:00,2024-01-11
202400040828,18:00,,72,72181,2,1,1,6.0,FRESNAYE ROGER DE LA (RUE),47.97499,0.2175,18:00:00,2024-01-12
202400040829,11:40,Plein jour,71,71270,2,6,1,6.0,Carrefour Europe - Av Edouard Herriot,46.29920346,4.82762486,11:40:00,2024-01-11
202400040830,07:30,,69,69290,2,1,8,6.0,Rue Jules Ferry,45.69431,4.94644,07:30:00,2024-01-12
202400040831,15:45,Plein jour,66,66136,1,1,1,4.0,Unknown,42.70695,2.88248,15:45:00,2024-01-12
202400040832,07:55,Plein jour,66,66136,1,1,2,2.0,Unknown,42.66618,2.90136,07:55:00,2024-01-11
202400040833,13:50,Plein jour,64,64445,2,2,1,3.0,GASTON LACOSTE,43.29426,-0.35887,13:50:00,2024-01-12
202400040834,07:55,Crépuscule,64,64269,1,1,8,4.0,D938,43.28552,-0.32388,07:55:00,2024-01-12
202400040835,23:35,,64,64102,2,1,5,7.0,DARRIGRAND (AVENUE JEAN),43.4808,-1.4884,23:35:00,2024-01-13
202400040836,05:50,,59,59650,2,2,9,3.0,Rue des Patriotes,50.70474,3.1994,05:50:00,2024-01-12
202400040837,14:05,Plein jour,58,58194,2,1,1,7.0,SAULAIES (ROUTE),46.96791,3.12501,14:05:00,2024-01-10
202400040838,15:50,Plein jour,51,51454,2,2,8,6.0,JUIN (AVENUE DU MARECHAL),49.22399,4.01793,15:50:00,2024-01-12
202400040839,15:50,Plein jour,49,49007,2,1,1,3.0,BIRGE BOULEVARD,47.47759,-0.52065,15:50:00,2024-01-12
202400040840,19:00,,49,49015,1,1,1,2.0,MEIGNANNE ROUTE DE LA,47.50344,-0.63251,19:00:00,2024-01-11
202400040841,19:00,,49,49007,2,5,1,3.0,PRE PIGEON,47.47819,-0.54363,19:00:00,2024-01-11
202400040842,05:35,,45,45234,2,3,1,3.0,D2020 PR 36 + 8200,47.87941,1.90874,05:35:00,2024-01-12
202400040843,16:10,Plein jour,44,44109,2,2,1,6.0,24 Rue Racine,47.21440634,-1.56546708,16:10:00,2024-01-12
202400040844,13:50,Plein jour,37,37261,2,1,1,3.0,DE GAULLE (AVENUE DU GENERAL),47.38068,0.69876,13:50:00,2024-01-12
202400040845,07:35,,37,37261,2,1,1,2.0,GANCE (BOULEVARD ABEL),47.4269,0.70979,07:35:00,2024-01-12
202400040846,18:20,,35,35238,2,2,1,6.0,JANVIER (AVENUE JEAN),48.10988,-1.6742,18:20:00,2024-01-09
202400040847,08:35,Plein jour,34,34301,2,1,1,3.0,BLANC CAMILLE (BOULEVARD),43.40555,3.66371,08:35:00,2024-01-12
202400040848,19:30,,33,33039,2,3,1,3.0,Unknown,44.81926,-0.53856,19:30:00,2024-01-12
202400040849,08:20,Plein jour,33,33167,2,1,8,6.0,Unknown,44.8252,-0.53368,08:20:00,2024-01-12
202400040850,16:46,Plein jour,33,33281,2,1,2,1.0,Rue de Beaudesert,44.84289,-0.6929,16:46:00,2024-01-10
202400040851,16:40,Plein jour,31,31555,1,1,8,5.0,VA007379 BAYLAC  A624 Sortie 1,43.60503,1.39734,16:40:00,2024-01-12
202400040852,11:00,Plein jour,30,30007,2,1,1,7.0,AVEJAN (RUE D'),44.12389,4.07957,11:00:00,2024-01-12
202400040853,23:25,,29,29019,2,6,1,6.0,Unknown,48.41513015,-4.47982818,23:25:00,2024-01-12
202400040854,07:50,,29,29019,2,6,1,3.0,rue Anatole France,48.381523,-4.527406,07:50:00,2024-01-12
202400040855,07:50,,29,29019,2,1,1,6.0,avenue Maréchal Foch,48.394347,-4.48803,07:50:00,2024-01-12
202400040856,20:00,,29,29019,2,2,1,6.0,rue de la Villeneuve,48.409084,-4.468101,20:00:00,2024-01-11
202400040857,19:00,,29,29019,2,3,1,3.0,PLYMOUTH (ENTRE POINT DU JOUR ET 19 MARS,48.3875,-4.52267,19:00:00,2024-01-11
202400040858,05:55,,27,27562,2,1,1,3.0,PRES (RUE DES),49.10469,1.45572,05:55:00,2024-01-12
202400040859,12:45,Plein jour,27,27229,2,1,1,3.0,BRIAND (AVENUE ARISTIDE),49.01615,1.12213,12:45:00,2024-01-12
202400040860,10:20,Plein jour,26,26198,2,1,1,1.0,Avenue du Marechal Juin,44.55979,4.76015,10:20:00,2024-01-12
202400040861,22:50,Nuit sans éclairage,25,25056,2,1,1,6.0,RN 1057 (CH. EPITAPHE-CH. MONTBOUCONS),47.2543,5.991537,22:50:00,2024-01-12
202400040862,01:10,Nuit avec éclairage,23,23096,2,1,1,6.0,LEROUX (AVENUE PIERRE),46.17282,1.88126,01:10:00,2024-01-12
202400040863,16:05,Plein jour,19,19031,2,1,4,2.0,Avenue Jean Charles Rivet,45.15101,1.49983,16:05:00,2024-01-10
202400040864,18:50,Nuit sans éclairage,17,17380,2,3,8,3.0,VIOLETTES (DES),45.6626,-1.06301,18:50:00,2024-01-12
202400040865,13:00,Plein jour,13,13215,2,1,1,5.0,LITTORAL (CHEMIN DU),43.34328,5.34767,13:00:00,2024-01-12
202400040866,08:05,Plein jour,13,13005,2,1,8,3.0,CAMP DE SARLIER ROUTE DE GEMENOS,43.29788,5.58964,08:05:00,2024-01-12
202400040867,01:40,Nuit sans éclairage,11,11069,2,1,1,6.0,Unknown,43.23784,2.37318,01:40:00,2024-01-13
202400040868,14:45,Plein jour,11,11069,2,1,1,6.0,Unknown,43.22647,2.33947,14:45:00,2024-01-12
202400040869,09:42,Plein jour,10,10387,2,6,1,3.0,ST DOMINIQUE (MAIL),48.29474,4.08247,09:42:00,2024-01-12
202400040870,09:59,Plein jour,10,10343,2,2,7,3.0,boulevard de Dijon,48.2751,4.084,09:59:00,2024-01-11
202400040871,00:35,,75,75118,2,1,1,2.0,BD PERIPHERIQUE INTERIEUR,48.900728,2.362969,00:35:00,2024-01-11
202400040872,17:00,Crépuscule,75,75119,2,2,1,3.0,RUE DE LA HAIE COQ,48.90115,2.371922,17:00:00,2024-01-12
202400040873,09:30,Plein jour,75,75117,2,3,1,6.0,RUE GALVANI,48.88399,2.290881,09:30:00,2024-01-12
202400040874,07:00,,75,75117,2,3,1,3.0,AVENUE DE LA PORTE DE CHAMPERRET,48.88607,2.287918,07:00:00,2024-01-12
202400040875,07:30,,75,75112,2,3,1,7.0,PONT DE TOLBIAC,48.833484,2.382071,07:30:00,2024-01-12
202400040876,03:45,,75,75112,2,2,1,6.0,AVENUE LEDRU ROLLIN,48.845869,2.367657,03:45:00,2024-01-12
202400040877,10:45,Plein jour,75,75110,2,3,8,6.0,BOULEVARD SAINT MARTIN,48.868958,2.356008,10:45:00,2024-01-12
202400040878,20:12,,75,75110,2,2,1,6.0,BOULEVARD DE MAGENTA,48.87317747,2.35883528,20:12:00,2024-01-11
202400040879,19:20,,75,75108,2,3,1,3.0,BOULEVARD MALESHERBES,48.875655,2.318806,19:20:00,2024-01-12
202400040880,01:12,,75,75114,2,3,8,3.0,RUE VERCINGETORIX,48.829132,2.306451,01:12:00,2024-01-12
202400040881,16:33,Plein jour,94,94078,2,1,1,6.0,11 Rue de Crosne,48.724374,2.447154,16:33:00,2024-01-12
202400040882,09:05,Plein jour,94,94022,2,3,8,6.0,Boulevard de Stalingrad / Bretelle A86,48.77285264,2.40026861,09:05:00,2024-01-12
202400040883,14:50,Plein jour,94,94079,2,9,1,3.0,Boulevard de Friedberg / Boulevard Jean Monnet,48.835023,2.547194,14:50:00,2024-01-11
202400040884,16:30,Crépuscule,93,93039,2,2,1,3.0,Rue Méchin / Rue du Bocage,48.93568921,2.33898076,16:30:00,2024-01-12
202400040885,09:00,Plein jour,93,93050,2,3,1,6.0,Avenue Jean Jaurès / Avenue Jean Stéphan,48.864905,2.555573,09:00:00,2024-01-12
202400040886,22:25,,93,93048,2,2,1,3.0,Rue de Rosny / Avenue Walwein,48.86183,2.44656,22:25:00,2024-01-12
202400040887,14:11,Plein jour,93,93079,2,9,1,3.0,Avenue de la Division Leclerc,48.9520176,2.34326228,14:11:00,2024-01-12
202400040888,08:00,,93,93031,2,1,1,6.0,Avenue de la République,48.949016,2.332934,08:00:00,2024-01-12
202400040889,11:26,Plein jour,93,93014,2,1,1,1.0,Allée Jules Vallès,48.9135,2.55402,11:26:00,2024-01-12
202400040890,23:24,,92,92072,2,9,1,3.0,MANUFACTURE NATIONALE (PLACE DE LA),48.82918,2.22411,23:24:00,2024-01-10
202400040891,21:35,,92,92063,2,1,1,7.0,BONS RAISINS (RUE DES),48.87306957,2.19316862,21:35:00,2024-01-11
202400040892,16:45,Plein jour,92,92062,2,2,8,6.0,GENERAL DE GAULLE (AV) DU 44 AU 106,48.88767538,2.23282331,16:45:00,2024-01-12
202400040893,07:50,,92,92051,2,2,1,3.0,"PERRONET (RUE, N° 93 A 149 ET 112 A 182)",48.89055746,2.26508188,07:50:00,2024-01-12
202400040894,15:20,Plein jour,92,92036,2,1,1,2.0,GRESILLONS (AVENUE DES) (47/101),48.91564,2.30301,15:20:00,2024-01-12
202400040895,18:20,,92,92025,2,7,1,6.0,GARE CENTRALE,48.92362059,2.259745,18:20:00,2024-01-12
202400040896,21:25,,92,92024,2,1,1,6.0,CLICHY (QUAI DE) DE (8 A 60),48.90313044,2.28921399,21:25:00,2024-01-11
202400040897,15:45,Plein jour,92,92007,2,1,8,6.0,PETIT (AVENUE ALBERT) N° 28 A FIN,48.79595,2.31798,15:45:00,2024-01-12
202400040898,09:51,Plein jour,39,39232,1,1,1,1.0,Unknown,46.626976,5.952846,09:51:00,2024-01-12
202400040899,16:00,Plein jour,26,26334,1,1,1,3.0,D179 - chemin des dames,44.555356,4.96273,16:00:00,2024-01-13
202400040900,18:05,,86,86174,1,6,8,3.0,D161,46.781019,0.530391,18:05:00,2024-01-13
202400040901,15:15,Plein jour,67,67043,2,3,2,3.0,PERIGUEUX (AVENUE DE),48.61404,7.75128,15:15:00,2024-04-04
202400040902,11:45,Plein jour,41,41167,1,9,8,3.0,D1,47.505696,1.142894,11:45:00,2024-01-13
202400040903,11:50,Plein jour,28,28073,1,1,5,6.0,autoroute A11 PK 045+000,48.48743,1.66239,11:50:00,2024-01-13
202400040904,14:45,Plein jour,67,67482,2,9,2,3.0,PLAINE DES BOUCHERS (RUE DE LA),48.569,7.739,14:45:00,2024-04-04
202400040905,08:25,Crépuscule,86,86165,2,1,8,1.0,Route de Lussac,46.417623,0.846214,08:25:00,2024-01-13
202400040906,17:02,Plein jour,65,65440,2,1,1,6.0,Avenue de la Marne,43.23214401,0.08704719,17:02:00,2024-04-04
202400040907,12:50,Plein jour,21,21652,1,1,1,2.0,Autoroute A6,47.2068244,4.62863301,12:50:00,2024-01-12
202400040908,20:15,,62,62529,1,2,8,3.0,D72,50.56617576,2.78256084,20:15:00,2024-01-11
202400040909,17:00,Plein jour,65,65286,2,3,1,3.0,Avenue Eugène Duviau,43.10225,-0.0394,17:00:00,2024-04-03
202400040910,01:20,,971,97132,1,1,2,3.0,rn1,15.987317,-61.635066,01:20:00,2024-01-13
202400040911,18:35,Plein jour,64,64102,2,1,1,2.0,MAIGNON (ROUTE DE),43.47795,-1.50454,18:35:00,2024-04-03
202400040912,15:15,Plein jour,59,59653,1,1,1,1.0,Rue Anatole France,50.582589,2.939283,15:15:00,2024-01-13
202400040913,11:43,Plein jour,64,64102,2,1,1,2.0,SOULT (AVENUE MARECHAL),43.48576,-1.49106,11:43:00,2024-04-03
202400040914,16:40,Plein jour,44,44009,2,1,1,6.0,Rue Kerguélen,47.187212,-1.468037,16:40:00,2024-01-11
202400040915,08:00,Plein jour,64,64024,2,1,1,3.0,LOUILLOT (RUE DE),43.48231,-1.52064,08:00:00,2024-04-03
202400040916,03:05,Nuit avec éclairage,51,51030,1,1,1,7.0,Départementale 9,49.047172,4.055285,03:05:00,2024-01-12
202400040917,09:00,Plein jour,65,65299,1,1,1,1.0,D53,43.33483907,0.08235702,09:00:00,2024-01-12
202400040918,14:50,Plein jour,80,80632,1,1,1,4.0,"A29, PK 183.940",49.874048,2.198198,14:50:00,2024-05-12
202400040919,16:00,Plein jour,61,61001,2,1,1,2.0,Place Point du Jour,48.43512,0.1058,16:00:00,2024-04-03
202400040920,16:40,Plein jour,42,42173,1,2,8,3.0,Route des Treyves,45.841725,4.053419,16:40:00,2024-01-11
202400040921,17:46,Plein jour,47,47191,1,1,8,7.0,A62 PK67.000,44.45172538,0.0903709,17:46:00,2024-05-12
202400040922,16:25,Plein jour,58,58194,2,3,2,6.0,GONZAGUE,46.98649,3.15131,16:25:00,2024-04-03
202400040923,21:20,Nuit sans éclairage,13,13087,1,1,1,6.0,autoroute a8 point kilométrique 033.150,43.478242,5.61131,21:20:00,2024-05-12
202400040924,18:25,,44,44146,2,1,1,1.0,10 Rue du Haut Beauvais,47.78333,-1.448495,18:25:00,2024-01-13
202400040925,21:00,Nuit sans éclairage,03,03019,1,1,1,6.0,Lieu Dit les Communes,46.599945,3.649328,21:00:00,2024-01-12
202400040926,11:07,Plein jour,57,57221,1,1,8,3.0,D13,49.34437,6.11531,11:07:00,2024-02-18
202400040927,06:50,Plein jour,987,98750,1,1,1,1.0,"PK 14,300 faaroa",-16.82088855,-151.42082477,06:50:00,2024-05-13
202400040928,03:25,Nuit sans éclairage,72,72172,2,9,1,6.0,Rue Louis Fernand Courcier,48.071552,0.587526,03:25:00,2024-01-13
202400040929,12:25,Plein jour,56,56260,2,1,1,6.0,MANAC'H(RUE CHARLES),47.65564,-2.77576,12:25:00,2024-04-04
202400040930,00:30,,06,06153,2,1,1,6.0,M2565 au PKR 45+700 (ST DALMAS),44.06652,7.202429,00:30:00,2024-01-13
202400040931,02:35,Nuit sans éclairage,05,05017,1,1,1,6.0,route de Briançon,44.57707445,6.16136938,02:35:00,2024-01-13
202400040932,19:09,,973,97305,2,1,1,2.0,pk 28 route nationale 1,5.018208,-52.479029,19:09:00,2024-05-12
202400040933,18:10,Plein jour,51,51454,2,1,1,6.0,NICE (RUE DE),49.26022,4.06326,18:10:00,2024-04-03
202400040934,09:50,Plein jour,2B,2B193,1,1,1,6.0,RT20,42.403337,9.19487,09:50:00,2024-05-13
202400040935,11:30,Plein jour,90,90005,2,2,1,1.0,Unknown,47.732185,6.768954,11:30:00,2024-01-11
202400040936,09:25,Plein jour,51,51454,2,1,1,6.0,MURS (RUE),49.25215,4.03944,09:25:00,2024-04-03
202400040937,05:10,Nuit sans éclairage,64,64202,2,1,1,7.0,D11,43.325478,-0.9714,05:10:00,2024-01-13
202400040938,03:50,,10,10367,2,1,5,6.0,Route d’Orleans,48.541946,3.503761,03:50:00,2024-01-13
202400040939,16:44,Plein jour,30,30145,1,1,1,7.0,départementale 500,43.890047,4.534944,16:44:00,2024-05-12
202400040940,18:00,Plein jour,34,34135,1,9,1,6.0,Route de Fleury,43.268073,3.166777,18:00:00,2024-05-12
202400040941,12:20,Plein jour,36,36018,1,3,8,3.0,Unknown,46.631441,1.130578,12:20:00,2024-01-12
202400040942,16:49,Plein jour,49,49007,2,1,1,3.0,BERANGER,47.47403,-0.53749,16:49:00,2024-04-03
202400040943,19:45,Nuit sans éclairage,16,16230,1,1,9,1.0,Unknown,45.416919,0.144818,19:45:00,2024-01-12
202400040944,15:55,Plein jour,45,45284,2,6,2,3.0,D2152 PR 68 + 902,47.91071,1.952668,15:55:00,2024-04-04
202400040945,12:15,Plein jour,84,84078,2,3,1,3.0,Route de Pont Saint Esprit,44.242449,4.705456,12:15:00,2024-05-12
202400040946,13:50,Plein jour,53,53040,1,2,8,5.0,la brecinière,48.139895,-1.055954,13:50:00,2024-01-12
202400040947,14:10,Plein jour,42,42275,2,1,1,6.0,Rue de la Piot,45.47847,4.36762,14:10:00,2024-04-04
202400040948,03:15,Nuit sans éclairage,89,89053,1,1,1,6.0,autoroute A6,47.874836,3.478159,03:15:00,2024-05-13
202400040949,12:45,Plein jour,04,04001,1,6,7,3.0,N85,44.066119,6.17246,12:45:00,2024-01-13
202400040950,17:40,Plein jour,42,42218,2,1,1,3.0,Rue Charles Cholat,45.46488,4.39872,17:40:00,2024-03-25
202400040951,17:50,,13,13069,2,3,1,3.0,Route de Lambesc,43.634231,5.168016,17:50:00,2024-01-13
202400040952,18:15,Plein jour,71,71583,2,6,1,2.0,2127 route des allemands,46.272899,4.778752,18:15:00,2024-05-11
202400040953,08:55,Plein jour,35,35238,2,1,1,1.0,LORIENT (DE),48.10856011,-1.69935308,08:55:00,2024-04-04
202400040954,10:15,Plein jour,68,68300,1,1,4,2.0,A36,47.776542,7.391213,10:15:00,2024-01-12
202400040955,22:45,Nuit sans éclairage,44,44027,1,1,1,7.0,Unknown,47.390302,-1.524932,22:45:00,2024-05-11
202400040956,13:10,Plein jour,34,34108,2,1,1,6.0,CALMETTE (AVENUE DES),43.45241,3.75077,13:10:00,2024-04-04
202400040957,04:50,Nuit sans éclairage,07,07136,1,1,1,6.0,D906,44.61314,3.903676,04:50:00,2024-05-12
202400040958,07:50,Plein jour,34,34301,2,9,1,1.0,MASSAULT PAUL (ECHANGEUR),43.41374,3.68246,07:50:00,2024-04-04
202400040959,22:30,Nuit sans éclairage,69,69289,1,4,1,1.0,Route Départementale 153,45.658026,5.05506,22:30:00,2024-05-12
202400040960,16:40,Plein jour,38,38516,2,2,1,5.0,D1090,45.200698,5.758992,16:40:00,2024-01-13
202400040961,11:05,Plein jour,31,31084,1,1,1,6.0,Unknown,43.171723,0.9675,11:05:00,2024-05-13
202400040962,10:10,Plein jour,77,77185,1,1,5,2.0,"Autoroute A6, au point kilométrique 048.700 dans le sens PARIS vers LYON",48.447152,2.529151,10:10:00,2024-01-13
202400040963,17:00,Plein jour,17,17375,2,1,1,7.0,Rue de Fontpourry,45.932345,-1.040842,17:00:00,2024-05-11
202400040964,14:15,Plein jour,34,34198,2,6,1,3.0,ROND-POINT DE LA CAPITELLE,43.57041,3.9406,14:15:00,2024-04-04
202400040965,21:30,Nuit sans éclairage,988,98817,1,1,1,6.0,RPS1,-22.238543,166.587769,21:30:00,2024-01-12
202400040966,14:40,Plein jour,34,34172,2,1,1,6.0,MOULIN DE SEMALEN (RUE DU),43.61242,3.89181,14:40:00,2024-04-03
202400040967,11:30,Plein jour,64,64551,2,2,8,7.0,rue des pyrénées,43.22796,-0.643129,11:30:00,2024-05-12
202400040968,00:35,Nuit sans éclairage,971,97129,1,1,2,6.0,N2,16.34556,-61.718595,00:35:00,2024-01-13
202400040969,20:00,Plein jour,49,49023,1,1,1,2.0,Unknown,47.155755,-1.069209,20:00:00,2024-05-11
202400040970,03:00,Nuit sans éclairage,84,84034,1,1,1,2.0,D900,43.888901,4.924364,03:00:00,2024-01-13
202400040971,18:45,Plein jour,27,27644,2,1,1,6.0,Route de Gisors,49.162016,1.550931,18:45:00,2024-05-10
202400040972,14:05,Plein jour,34,34003,2,1,1,2.0,SAINT CHRIST (M7 A H11,43.30065,3.46482,14:05:00,2024-04-03
202400040973,10:50,Plein jour,21,21464,2,1,7,6.0,51 Rue Caumont Bréon,47.142318,4.94506,10:50:00,2024-01-11
202400040974,00:40,Nuit sans éclairage,33,33063,2,1,1,6.0,Unknown,44.82304,-0.59327,00:40:00,2024-04-05
202400040975,12:45,Plein jour,68,68226,2,1,4,6.0,29 Rue du Gal de Lattre de Tassigny,48.039866,7.146676,12:45:00,2024-01-12
202400040976,19:13,Plein jour,62,62705,1,2,1,3.0,D191,50.80938902,1.77884814,19:13:00,2024-05-12
202400040977,19:50,Plein jour,33,33119,2,3,1,3.0,Unknown,44.85654,-0.532221,19:50:00,2024-04-04
202400040978,17:26,Crépuscule,29,29119,1,3,1,3.0,Le Guilly,48.463989,-4.650055,17:26:00,2024-01-12
202400040979,06:35,,33,33063,2,2,1,3.0,Unknown,44.85991,-0.56875,06:35:00,2024-04-04
202400040980,20:00,Plein jour,13,13214,1,1,1,2.0,A7-Sens Marseille vers Lyon,43.334083,5.377272,20:00:00,2024-05-11
202400040981,17:42,Crépuscule,22,22093,1,1,1,1.0,D768,48.449984,-2.546511,17:42:00,2024-01-12
202400040982,15:55,Plein jour,13,13216,1,1,1,6.0,A55-Sens Martigues vers Marseille,43.36653881,5.33015016,15:55:00,2024-05-11
202400040983,16:25,Plein jour,35,35066,1,1,8,1.0,Route départementale 44,48.048165,-1.712338,16:25:00,2024-01-12
202400040984,12:30,Plein jour,13,13211,1,1,1,6.0,A50-Sens Aubagne vers Marseille,43.29449,5.46044,12:30:00,2024-05-11
202400040985,10:30,Plein jour,02,02381,2,1,1,6.0,Unknown,49.908277,4.094349,10:30:00,2024-01-13
202400040986,17:00,Plein jour,33,33281,1,1,1,4.0,Unknown,44.8328,-0.683,17:00:00,2024-04-03
202400040987,15:25,Plein jour,83,83035,1,1,1,6.0,A50,43.16327267,5.7670455,15:25:00,2024-05-12
202400040988,16:20,Plein jour,33,33063,2,1,1,2.0,Unknown,44.82427,-0.57027,16:20:00,2024-04-03
202400040989,05:35,,69,69259,1,1,1,4.0,Route Départementale 383,45.71725894,4.85812415,05:35:00,2024-05-12
202400040990,08:45,Plein jour,13,13211,1,1,3,2.0,A50-Sens Aubagne vers Marseille,43.28797659,5.4417496,08:45:00,2024-01-11
202400040991,07:40,Plein jour,91,91471,1,1,1,6.0,RN 118,48.69971,2.19262,07:40:00,2024-05-12
202400040992,08:55,Plein jour,33,33039,2,9,1,3.0,Unknown,44.78447,-0.56554,08:55:00,2024-04-03
202400040993,09:00,Plein jour,69,69270,1,1,8,4.0,Autoroute 46,45.65548,4.921,09:00:00,2024-01-12
202400040994,14:05,Plein jour,33,33529,2,9,1,3.0,Unknown,44.612427,-1.119829,14:05:00,2024-04-04
202400040995,09:00,Plein jour,92,92064,1,1,1,4.0,A13,48.83954496,2.20338008,09:00:00,2024-05-12
202400040996,21:10,Nuit sans éclairage,33,33281,1,1,1,2.0,Unknown,44.846436,-0.670176,21:10:00,2024-01-12
202400040997,19:05,Plein jour,95,95277,1,1,2,7.0,A3,48.9730294,2.48713732,19:05:00,2024-05-12