Num_Acc,hrmn,lum,dep,com,agg,int,atm,col,adr,lat,long,heure,date
202400040998,06:00,,29,29232,2,1,2,7.0,Rue du 19 Mars 1962,47.99005526,-4.11050243,06:00:00,2024-04-04
202400040999,14:05,Plein jour,93,93027,1,1,1,4.0,A86,48.92370945,2.38519728,14:05:00,2024-05-11
202400041000,16:30,Plein jour,29,29232,2,1,2,2.0,Route de Benodet,47.96073,-4.0831,16:30:00,2024-04-04
202400041001,01:00,Nuit sans éclairage,95,95277,1,1,1,5.0,A3,48.97361282,2.48808891,01:00:00,2024-05-11
202400041002,13:20,Plein jour,29,29232,2,9,2,3.0,Rue Jean Jaures,47.993676,-4.099527,13:20:00,2024-04-04
202400041003,20:55,Nuit avec éclairage,77,77438,1,1,1,3.0,RN104,48.87126224,2.6706775,20:55:00,2024-05-12
202400041004,04:00,Nuit sans éclairage,33,33249,1,1,1,6.0,Unknown,44.883793,-0.511757,04:00:00,2024-01-12
202400041005,18:30,Plein jour,29,29232,2,1,2,2.0,Route de Douarnenez,48.00052812,-4.14999238,18:30:00,2024-04-03
202400041006,22:35,Nuit sans éclairage,45,45042,1,1,1,2.0,Route de Gien,47.802728,2.423204,22:35:00,2024-02-28
202400041007,14:25,Plein jour,77,77514,1,1,1,6.0,A104,48.9499845,2.62871641,14:25:00,2024-05-12
202400041008,03:45,Nuit avec éclairage,59,59196,1,1,1,2.0,AUTOROUTE A25,50.636,2.94418,03:45:00,2024-01-08
202400041009,08:00,Plein jour,94,94046,1,1,1,6.0,A86,48.81418936,2.448755,08:00:00,2024-05-12
202400041010,08:10,Plein jour,29,29039,1,1,2,2.0,RD 70 (route départementale),47.92210462,-3.89978478,08:10:00,2024-04-04
202400041011,15:18,Plein jour,2B,2B188,1,1,8,1.0,D82,42.599377,9.376734,15:18:00,2024-02-28
202400041012,07:50,Plein jour,94,94022,1,1,1,6.0,A86,48.7766716,2.41970908,07:50:00,2024-05-12
202400041013,18:05,Nuit sans éclairage,91,91434,1,1,1,3.0,AUTOROUTE A6,48.668206,2.354165,18:05:00,2024-01-12
202400041014,17:10,Crépuscule,74,74295,1,1,2,1.0,D902 ,46.308666,6.611345,17:10:00,2024-03-01
202400041015,09:20,Plein jour,91,91377,1,1,1,4.0,AUTOROUTE A10,48.72673,2.30261,09:20:00,2024-01-12
202400041016,23:45,Nuit sans éclairage,71,71074,1,1,1,6.0,Route de Julienas,46.2621,4.770336,23:45:00,2024-02-28
202400041017,12:40,Plein jour,28,28085,2,9,2,6.0,INTERMARCHE (RUE DU GORD),48.432202,1.492994,12:40:00,2024-03-26
202400041018,11:10,Plein jour,74,74269,1,1,8,5.0,D992,45.98017883,5.84230661,11:10:00,2024-02-27
202400041019,22:00,,74,74307,2,1,1,6.0,D2 ,46.000055,6.134869,22:00:00,2024-02-24
202400041020,08:30,Plein jour,27,27681,2,9,2,2.0,GISORS (ROUTE DE),49.105332,1.486813,08:30:00,2024-04-04
202400041021,10:20,Plein jour,91,91687,1,1,1,4.0,AUTOROUTE A6,48.66549,2.363,10:20:00,2024-01-12
202400041022,07:40,Nuit sans éclairage,91,91471,1,1,1,6.0,CHEVREUSE (BRETELLE DE),48.69193,2.17962,07:40:00,2024-01-12
202400041023,10:35,Plein jour,27,27681,1,3,2,3.0,IVRY (ROUTE D'),49.07207,1.47302,10:35:00,2024-04-04
202400041024,06:55,Crépuscule,01,01262,2,1,1,6.0,Faubourg de Lyon,45.8483,5.047542,06:55:00,2024-02-29
202400041025,10:35,Plein jour,74,74009,1,1,1,2.0,A41 ,46.066651,6.080353,10:35:00,2024-02-21
202400041026,00:17,Nuit sans éclairage,91,91235,1,1,1,6.0,RN 104,48.62616,2.35327,00:17:00,2024-01-12
202400041027,16:55,Plein jour,25,25204,2,1,1,3.0,Sylve  (rue de la),46.920495,6.350728,16:55:00,2024-04-04
202400041028,04:15,Nuit sans éclairage,74,74074,1,1,5,6.0,1206 ,46.121303,5.919024,04:15:00,2024-02-04
202400041029,09:10,Plein jour,85,85100,1,1,2,7.0,RD6,46.69282,-1.881226,09:10:00,2024-02-28
202400041030,18:15,Nuit sans éclairage,78,78043,1,9,1,4.0,A13Y,48.842917,2.09296,18:15:00,2024-01-12
202400041031,14:05,Plein jour,24,24037,2,2,1,3.0,DOUMER (AVENUE PAUL),44.83559,0.47917,14:05:00,2024-04-03
202400041032,14:45,Plein jour,14,14209,1,1,2,6.0,Rue de Bayeux ,49.251637,-0.839601,14:45:00,2024-02-23
202400041033,14:49,Plein jour,76,76506,1,1,2,6.0,Departementale 97,49.72531025,1.30176866,14:49:00,2024-02-28
202400041034,09:05,Plein jour,17,17380,2,6,1,3.0,VERDUN (AVENUE DE),45.653265,-1.07846,09:05:00,2024-04-04
202400041035,17:45,Nuit avec éclairage,92,92050,1,1,1,2.0,A86,48.9110758,2.21656696,17:45:00,2024-01-12
202400041036,10:20,Plein jour,14,14173,1,1,9,7.0,Rue de Glatigny ,49.047939,-0.163057,10:20:00,2024-01-12
202400041037,08:29,Plein jour,13,13071,1,1,1,3.0,A5501G-Sens Mlle Vieux Port vers A7-Lyon,43.406134,5.29294,08:29:00,2024-02-23
202400041038,12:19,Plein jour,17,17306,2,1,1,2.0,GALIOTE (DE LA),45.61805,-1.03172,12:19:00,2024-03-03
202400041039,23:00,,92,92050,1,1,1,3.0,A86,48.90744841,2.21233498,23:00:00,2024-01-11
202400041040,13:15,Plein jour,14,14118,2,3,1,3.0,90 Rue de Falaise,49.17043,-0.35334,13:15:00,2024-04-04
202400041041,10:00,Plein jour,77,77083,2,6,1,3.0,PYRAMIDES (AVENUE DES),48.85017,2.58518,10:00:00,2024-02-19
202400041042,06:05,Nuit sans éclairage,13,13117,1,1,1,2.0,A7-Sens Marseille vers Lyon,43.45359,5.23747,06:05:00,2024-02-28
202400041043,08:00,Plein jour,14,14118,2,1,8,7.0,95 Rue Chemin Vert,49.19364,-0.39442,08:00:00,2024-04-03
202400041044,07:45,Plein jour,974,97416,1,1,1,3.0,RN3 (ANCIENNE ROUTE),-21.30752,55.49893,07:45:00,2024-05-11
202400041045,18:15,Nuit sans éclairage,92,92064,1,1,1,4.0,A13,48.83784916,2.18980923,18:15:00,2024-01-11
202400041046,09:35,Plein jour,13,13106,2,9,1,3.0,APT (ROUTE D'),43.40323,5.36404,09:35:00,2024-04-04
202400041047,15:10,Plein jour,974,97416,2,1,1,6.0,STEPHANE(CHEMIN),-21.27097,55.49305,15:10:00,2024-05-10
202400041048,14:15,Plein jour,13,13201,2,1,1,2.0,LIEUTAUD (COURS)      2 A 52,43.29362,5.38215,14:15:00,2024-04-04
202400041049,18:10,Plein jour,13,13202,2,9,1,3.0,LAZARET (QUAI DU),43.30888473,5.36639376,18:10:00,2024-04-03
202400041050,18:24,Nuit avec éclairage,59,59606,1,1,3,4.0,AUTOROUTE A2,50.33916,3.49978,18:24:00,2024-02-23
202400041051,12:30,Plein jour,93,93029,1,1,1,4.0,A86,48.91868007,2.4284989,12:30:00,2024-01-12
202400041052,08:10,Plein jour,974,97407,2,6,1,3.0,SACRE COEUR (RD POINT) -RIV. DES GALETS ,-20.95604338,55.31197,08:10:00,2024-05-11
202400041053,17:20,Plein jour,13,13028,1,1,1,1.0,CRETES (ROUTES DES),43.18491,5.56497,17:20:00,2024-04-03
202400041054,17:00,Plein jour,91,91521,1,1,1,2.0,AUTOROUTE A6,48.63378,2.40388,17:00:00,2024-02-28
202400041055,08:00,Plein jour,94,94004,1,1,1,3.0,RN19,48.75940121,2.50031751,08:00:00,2024-01-12
202400041056,11:45,Plein jour,13,13005,2,3,1,3.0,CAMP DE SARLIER ROUTE DE GEMENOS,43.29681058,5.58505009,11:45:00,2024-04-04
202400041057,07:10,Crépuscule,78,78545,1,1,1,6.0,A12 Y,48.815514,2.061766,07:10:00,2024-02-28
202400041058,11:17,Plein jour,973,97302,2,1,3,3.0,MADELEINE (ROUTE DE LA),4.91212,-52.32116,11:17:00,2024-05-11
202400041059,04:25,Crépuscule,988,98818,2,1,1,6.0,PROMENADE PIERRE VERNIER,-22.30564,166.45984,04:25:00,2024-01-12
202400041060,18:00,Plein jour,12,12145,2,1,1,3.0,MARTEL EDOUARD ALFRED (AVENUE),44.11274,3.0824,18:00:00,2024-04-03
202400041061,11:09,Plein jour,92,92072,1,1,8,3.0,N118,48.82602589,2.22262601,11:09:00,2024-02-27
202400041062,11:06,Plein jour,11,11069,2,9,1,6.0,Avenue du Marechal Foch,43.21719,2.35196,11:06:00,2024-04-03
202400041063,17:54,Plein jour,973,97302,2,9,1,3.0,SOURCE DE BADUEL (CHEMIN DE LA),4.928,-52.30839,17:54:00,2024-01-11
202400041064,01:10,,973,97302,2,2,2,3.0,MALOUET,4.93528316,-52.33337313,01:10:00,2024-05-10
202400041065,22:20,,10,10357,2,1,2,7.0,MARECHAL DE LATTRE DE TASSIGNY (RUE DU),48.3038,4.09742,22:20:00,2024-03-29
202400041066,05:10,,07,07102,2,1,1,7.0,Jean MOULIN (Rue),44.93579,4.86324,05:10:00,2024-04-04
202400041067,18:35,Plein jour,69,69383,2,1,1,3.0,Route de Genas,45.754,4.883,18:35:00,2024-05-11
202400041068,16:27,Plein jour,973,97302,2,3,1,3.0,TIGRE (ROUTE DU),4.91749143,-52.31283635,16:27:00,2024-01-11
202400041069,06:30,Nuit sans éclairage,92,92063,1,1,8,4.0,A86,48.88653178,2.1655023,06:30:00,2024-02-27
202400041070,18:20,Plein jour,06,06027,2,1,1,3.0,Promenade de l'Hippodrome,43.64865,7.14961,18:20:00,2024-04-04
202400041071,17:40,Plein jour,69,69386,2,2,1,6.0,Rue Garibaldi,45.76929,4.85051,17:40:00,2024-05-11
202400041072,14:10,Plein jour,973,97302,2,1,1,7.0,LIBERTE (AVENUE DE LA),4.93654,-52.32766,14:10:00,2024-01-11
202400041073,07:15,Plein jour,95,95527,1,1,1,6.0,A3,48.98653839,2.50715059,07:15:00,2024-02-27
202400041074,07:07,Plein jour,06,06027,2,1,8,3.0,Avenue de Grasse,43.65828,7.1426,07:07:00,2024-04-04
202400041075,17:50,Plein jour,69,69149,2,1,1,3.0,103 Rue Emile Zola,45.7197,4.80061,17:50:00,2024-05-11
202400041076,17:15,Plein jour,06,06004,2,9,1,1.0,849 Chemin des Combes,43.597666,7.094171,17:15:00,2024-04-03
202400041077,07:00,Crépuscule,95,95582,1,1,1,2.0,D170,48.96427076,2.26827495,07:00:00,2024-02-27
202400041078,09:30,Plein jour,69,69385,2,4,1,6.0,Rue Commandant Charcot,45.75497,4.81206,09:30:00,2024-05-11
202400041079,08:15,Plein jour,973,97302,2,1,1,3.0,MANGUIERS (CITE),4.93339,-52.32239,08:15:00,2024-01-11
202400041080,12:50,Plein jour,04,04070,2,1,1,3.0,THIERS (BD),44.08978,6.23866,12:50:00,2024-04-04
202400041081,22:00,Nuit sans éclairage,93,93078,1,1,2,6.0,A104,48.96528188,2.5179856,22:00:00,2024-02-26
202400041082,13:15,Plein jour,972,97213,2,1,1,2.0,AUTOROUTE A1,14.61811,-61.03384,13:15:00,2024-01-11
202400041083,23:50,,971,97113,2,1,1,3.0,MONTAUBAN (SECTEUR),16.20622,-61.49703,23:50:00,2024-05-10
202400041084,08:05,Plein jour,75,75116,2,1,2,4.0,BD PERIPHERIQUE EXTERIEUR,48.85835082,2.26063478,08:05:00,2024-04-04
202400041085,19:00,Nuit sans éclairage,95,95572,1,1,2,2.0,A15,49.03117012,2.12085638,19:00:00,2024-02-26
202400041086,12:30,Plein jour,75,75117,2,2,8,6.0,RUE GUY MOQUET,48.891758,2.321248,12:30:00,2024-04-04
202400041087,13:40,Plein jour,971,97113,1,1,1,3.0,SECTION MATHURIN,16.22715686,-61.49943709,13:40:00,2024-05-10
202400041088,07:30,,69,69034,2,9,8,1.0,Montée des Soldats,45.79289423,4.86030536,07:30:00,2024-01-11
202400041089,16:55,Plein jour,95,95277,1,1,2,6.0,A3,48.98015842,2.49808344,16:55:00,2024-02-26
202400041090,19:40,Plein jour,95,95268,2,1,1,6.0,PIERRE LESCOT (RUE),48.9698531,2.40122616,19:40:00,2024-05-11
202400041091,07:10,Crépuscule,75,75104,2,3,3,3.0,QUAI DES CELESTINS,48.853286,2.359258,07:10:00,2024-04-04
202400041092,17:40,,2B,2B037,1,1,1,2.0,TOUTES RUES,42.3536,9.262,17:40:00,2024-01-11
202400041093,18:20,Plein jour,95,95277,1,1,1,1.0,GONESSE A VILLEPINTE (CHEMIN DE),48.9824,2.47343,18:20:00,2024-05-11
202400041094,17:20,Crépuscule,95,95582,1,1,2,4.0,D170,48.96436295,2.26900987,17:20:00,2024-02-26
202400041095,00:10,,75,75113,2,3,1,2.0,QUAI PANHARD ET LEVASSOR,48.831101,2.381105,00:10:00,2024-04-04
202400041096,13:50,Plein jour,95,95197,2,1,1,2.0,D928,48.962188,2.32415517,13:50:00,2024-05-11
202400041097,23:20,,2B,2B033,2,3,2,3.0,AV DE LA LIBERATION,42.67919,9.44329,23:20:00,2024-01-10
202400041098,19:30,Crépuscule,75,75120,2,2,1,6.0,RUE D AVRON,48.8524,2.4054,19:30:00,2024-04-03
202400041099,16:15,Plein jour,75,75105,2,7,1,6.0,RUE MOUFFETARD,48.839359,2.34991,16:15:00,2024-02-27
202400041100,14:10,Plein jour,971,97105,2,1,1,2.0,VICTOR HUGUES (RUE),15.99762,-61.72187,14:10:00,2024-01-11
202400041101,17:35,Plein jour,75,75119,2,3,1,6.0,AVENUE MATHURIN MOREAU,48.878582,2.375461,17:35:00,2024-04-04
202400041102,20:27,Crépuscule,91,91657,2,1,1,6.0,HENRI BARBUSSE (AVENUE),48.70418,2.43614,20:27:00,2024-05-11
202400041103,17:20,Plein jour,75,75118,2,1,8,3.0,Avenue de la Porte de Montmartre,48.898493,2.336915,17:20:00,2024-02-26
202400041104,19:30,Plein jour,91,91434,2,1,1,6.0,SAINT-HUBERT (AVENUE),48.64592,2.35802,19:30:00,2024-05-11
202400041105,11:05,Plein jour,75,75117,2,7,2,2.0,PLACE DES TERNES,48.878509,2.298491,11:05:00,2024-04-04
202400041106,15:10,Plein jour,91,91477,2,2,1,3.0,BLAISE PASCAL (RESIDENCE),48.7144,2.24,15:10:00,2024-01-11
202400041107,15:30,Plein jour,75,75117,2,3,1,6.0,BOULEVARD GOUVION SAINT CYR,48.882258,2.286276,15:30:00,2024-02-27
202400041108,14:00,Plein jour,91,91433,1,1,1,2.0,R.D. 20,48.4578,2.17687,14:00:00,2024-05-11
202400041109,09:15,Plein jour,75,75116,2,4,3,7.0,AVENUE FOCH,48.872109,2.284188,09:15:00,2024-04-04
202400041110,17:10,Crépuscule,91,91201,2,3,1,3.0,ALPHONSE DAUDET (RUE),48.65873,2.43103,17:10:00,2024-01-10
202400041111,21:50,Crépuscule,80,80021,2,1,1,7.0,Avenue Roger Dumoulin,49.93912,2.28195,21:50:00,2024-05-11
202400041112,00:55,,75,75116,2,1,2,6.0,ALLEE DE LA REINE MARGUERITE,48.871675,2.253502,00:55:00,2024-02-27
202400041113,09:00,Plein jour,75,75114,2,2,2,3.0,AVENUE ERNEST REYER,48.822662,2.322733,09:00:00,2024-04-03
202400041114,04:36,,87,87085,2,1,8,7.0,MONTPLAISIR (RUE),45.84128136,1.27184451,04:36:00,2024-01-11
202400041115,19:00,Plein jour,75,75114,2,2,8,2.0,RUE DES PLANTES,48.826181,2.319638,19:00:00,2024-04-02
202400041116,21:25,,75,75114,2,2,3,3.0,AVENUE ERNEST REYER,48.822652,2.322707,21:25:00,2024-02-26
202400041117,07:55,Plein jour,75,75112,2,1,2,3.0,QUAI DE BERCY,48.8294531,2.38739669,07:55:00,2024-04-04
202400041118,16:00,Plein jour,84,84007,2,1,2,6.0,MORIERES (Route de ),43.95089,4.83098,16:00:00,2024-01-10
202400041119,22:09,,75,75112,2,3,2,6.0,BOULEVARD SOULT,48.836464,2.407905,22:09:00,2024-02-26
202400041120,15:50,Plein jour,75,75111,2,2,1,6.0,AVENUE LEDRU ROLLIN,48.852551,2.376869,15:50:00,2024-04-04
202400041121,10:50,Plein jour,74,74118,1,6,1,3.0,REIGNIER (ROUTE DE),46.1769,6.23496,10:50:00,2024-05-10
202400041122,18:30,,83,83062,2,3,2,3.0,DUCLOS (AVENUE JACQUES),43.11829028,6.00502548,18:30:00,2024-01-10
202400041123,19:20,Plein jour,69,69275,2,6,1,6.0,Rue Emile Zola,45.76382,4.96297,19:20:00,2024-05-11
202400041124,19:05,,75,75116,2,7,1,1.0,PLACE CHARLES DE GAULLE,48.873705,2.294015,19:05:00,2024-02-27
202400041125,12:40,Plein jour,69,69264,2,6,1,3.0,Rue de Belleroche,45.98033,4.69922,12:40:00,2024-05-11
202400041126,21:10,,78,78440,2,9,1,6.0,PAUL RAOULT (AVENUE),48.98391,1.91167,21:10:00,2024-01-11
202400041127,09:06,Plein jour,75,75110,2,3,3,2.0,BOULEVARD DE BONNE NOUVELLE,48.870703,2.347877,09:06:00,2024-04-04
202400041128,10:50,Plein jour,75,75108,2,7,1,7.0,PLACE DES TERNES,48.877788,2.298277,10:50:00,2024-02-27
202400041129,01:30,,75,75109,2,1,1,6.0,BOULEVARD HAUSSMANN,48.872476,2.336661,01:30:00,2024-04-04
202400041130,09:20,Plein jour,64,64373,2,1,1,6.0,GENERAL DE GAULLE DU,43.28137,-0.35959,09:20:00,2024-05-11
202400041131,09:10,Plein jour,76,76681,2,2,8,6.0,Rue Leon Salva,49.42048,1.09195,09:10:00,2024-01-11
202400041132,17:00,Plein jour,75,75108,2,2,1,6.0,BOULEVARD MALESHERBES,48.87840806,2.31553888,17:00:00,2024-04-04
202400041133,19:22,,75,75107,2,2,1,2.0,AVENUE EMILE POUVILLON,48.857523,2.299072,19:22:00,2024-02-27
202400041134,08:40,Plein jour,76,76216,2,3,1,6.0,Rue du Président Roosevelt,49.46946,1.04535,08:40:00,2024-01-11
202400041135,06:00,Plein jour,54,54395,2,1,1,6.0,Avenue Raymond Pinchard,48.70119,6.14796,06:00:00,2024-05-11
202400041136,16:45,Plein jour,75,75107,2,2,1,6.0,AVENUE CHARLES FLOQUET,48.853487,2.298542,16:45:00,2024-02-20
202400041137,10:20,Plein jour,76,76351,2,3,1,3.0,STRASBOURG (BD),49.49248,0.11791,10:20:00,2024-01-11
202400041138,09:30,Plein jour,75,75108,2,3,3,6.0,BOULEVARD MALESHERBES,48.88008263,2.31347001,09:30:00,2024-04-04
202400041139,21:30,,75,75102,2,2,1,7.0,RUE VIVIENNE,48.86637,2.33867,21:30:00,2024-02-27
202400041140,13:25,Plein jour,76,76351,2,1,1,2.0,Avenue du Mont Le Comte,49.510318,0.17734,13:25:00,2024-01-10
202400041141,01:20,,75,75107,2,1,1,7.0,QUAI BRANLY,48.85850818,2.29233921,01:20:00,2024-04-04
202400041142,17:55,,76,76351,2,1,1,7.0,PIERRE MENDES FRANCE,49.51131,0.14449,17:55:00,2024-01-10
202400041143,17:30,Plein jour,94,94073,2,1,1,2.0,avenue Franklin Roosevelt,48.76609135,2.39930349,17:30:00,2024-02-27
202400041144,18:20,Plein jour,54,54197,1,2,1,3.0,Route de Lupcourt,48.62616,6.21832,18:20:00,2024-05-11
202400041145,08:50,Plein jour,75,75104,2,2,2,6.0,QUAI DE L HOTEL DE VILLE,48.854445,2.354991,08:50:00,2024-04-04
202400041146,07:45,Plein jour,73,73008,1,3,1,3.0,D1201 - ROOSEVELT FRANKLIN AVENUE,45.70888888,5.91184209,07:45:00,2024-01-11
202400041147,12:30,Plein jour,94,94081,2,1,2,4.0,Avenue Jean Jaurès,48.79395,2.39983,12:30:00,2024-04-04
202400041148,11:00,Plein jour,94,94011,2,2,2,3.0,Route de Stains / Route de l’Ile Barbiere,48.7826,2.49441,11:00:00,2024-02-26
202400041149,19:25,,72,72181,2,1,1,3.0,CUGNOT NICOLAS (BD),47.98424,0.22251,19:25:00,2024-01-10
202400041150,15:25,Plein jour,94,94081,2,1,2,6.0,Avenue Paul Vaillant Couturier,48.79532965,2.39757863,15:25:00,2024-04-03
202400041151,18:15,Plein jour,45,45286,2,2,1,3.0,7 Rue de Rosette,47.8917,1.93102,18:15:00,2024-05-11
202400041152,18:20,Nuit sans éclairage,71,71306,2,1,1,6.0,LOGE (RUE DE LA),46.6807445,4.3818233,18:20:00,2024-01-10
202400041153,08:50,Plein jour,94,94060,2,1,2,4.0,Route du Pont Banneret,48.7872,2.5749,08:50:00,2024-02-26
202400041154,14:30,Plein jour,94,94041,2,5,1,6.0,Rue Lénine / Rue Molière,48.81564939,2.39342201,14:30:00,2024-04-04
202400041155,20:15,,69,69266,2,2,2,6.0,Rue Gabriel Péri,45.77072,4.86347,20:15:00,2024-01-11
202400041156,15:50,Plein jour,93,93073,1,1,2,6.0,Rue du Chapitre,49.00185565,2.53702104,15:50:00,2024-02-26
202400041157,18:30,,69,69266,2,3,2,3.0,119 Rue Alexis Perroncel,45.77561107,4.88206105,18:30:00,2024-01-10
202400041158,07:40,Crépuscule,94,94038,2,2,3,6.0,Avenue Flouquet / Avenue Larroumes,48.77538879,2.3265493,07:40:00,2024-04-04
202400041159,13:40,Plein jour,33,33522,2,2,1,3.0,Unknown,44.82064,-0.58416,13:40:00,2024-05-11
202400041160,18:05,,69,69264,2,6,2,3.0,Avenue de l’Europe,45.98925016,4.74338432,18:05:00,2024-01-10
202400041161,15:30,Plein jour,94,94077,2,1,1,6.0,Chemin de la Butte,48.73853748,2.40490589,15:30:00,2024-04-04
202400041162,14:00,Plein jour,93,93055,2,3,1,3.0,Avenue Jean Lolive / Route de Noisy,48.895499,2.426297,14:00:00,2024-02-27
202400041163,10:15,Plein jour,33,33281,2,1,1,6.0,Unknown,44.84775,-0.67865,10:15:00,2024-05-11
202400041164,18:00,Crépuscule,65,65417,2,1,1,6.0,Rue du Docteur Guinier,43.22450808,0.09404454,18:00:00,2024-01-11
202400041165,14:20,Plein jour,94,94018,2,1,1,3.0,146 Rue de Paris,48.827157,2.405064,14:20:00,2024-04-04
202400041166,07:00,Crépuscule,93,93048,2,1,1,6.0,Rue Lenain de Tillemont,48.85935521,2.46118963,07:00:00,2024-02-27
202400041167,03:15,Nuit sans éclairage,31,31555,1,9,1,2.0,30 PONTS JUMEAUX  (PERIPH OUEST A620),43.60401,1.40336,03:15:00,2024-05-11
202400041168,20:20,,64,64102,2,1,2,7.0,FORGUES FERNAND (AVENUE),43.48668,-1.47969,20:20:00,2024-01-11
202400041169,17:35,,62,62523,2,1,2,6.0,Rue de l'Abbaye,50.43841411,2.86904526,17:35:00,2024-01-05
202400041170,15:20,Plein jour,29,29232,1,1,1,6.0,RN 165,48.00960758,-4.06732504,15:20:00,2024-05-11
202400041171,13:25,Plein jour,93,93073,2,6,1,7.0,Avenue du Parc / Rue du 8 Mai 1945,48.95440245,2.5692746,13:25:00,2024-04-04
202400041172,16:01,Plein jour,93,93027,2,2,2,6.0,Rue de la Convention / Avenue de la République,48.92787,2.39061,16:01:00,2024-02-26
202400041173,15:45,Plein jour,60,60057,2,1,1,3.0,Avenue Montaigne,49.41068607,2.10869801,15:45:00,2024-01-10
202400041174,17:35,Plein jour,93,93066,2,3,1,3.0,Rue de la Montjoie / Rue Jeumont,48.91074369,2.36012936,17:35:00,2024-04-04
202400041175,14:30,Plein jour,93,93027,2,1,2,3.0,Avenue Henri Barbusse,48.9321,2.3945,14:30:00,2024-02-26
202400041176,02:40,Nuit sans éclairage,29,29232,1,1,1,3.0,Chemin de Kerequellou,47.96093,-4.06325,02:40:00,2024-05-11
202400041177,08:10,Crépuscule,59,59350,2,1,1,6.0,Rue Henri Lestienne,50.64861,3.09443,08:10:00,2024-01-11
202400041178,16:20,Plein jour,29,29039,2,1,1,6.0,Rue du Poteau Vert,47.89584,-3.91179,16:20:00,2024-05-11
202400041179,22:40,,93,93066,2,1,1,3.0,Boulevard Anatole France,48.924602,2.349437,22:40:00,2024-04-03
202400041180,08:18,Crépuscule,57,57463,2,1,1,6.0,MOULIN (RUE DU ),49.07944,6.18462,08:18:00,2024-01-11
202400041181,17:45,Plein jour,93,93005,2,4,1,2.0,Boulevard Georges Braque / D932,48.95241,2.48454,17:45:00,2024-02-27
202400041182,18:25,Plein jour,29,29019,2,3,1,3.0,rue Fréminville,48.387936,-4.503226,18:25:00,2024-05-11
202400041183,06:50,Nuit avec éclairage,93,93005,2,1,3,6.0,Rue Jean Charcot,48.935144,2.492856,06:50:00,2024-04-04
202400041184,08:35,Plein jour,54,54526,2,1,1,2.0,Boulevard Jean Jaures,48.69270704,6.21158838,08:35:00,2024-01-11
202400041185,16:50,Plein jour,92,92022,2,9,1,3.0,SALENGRO (AVENUE ROGER),48.81633407,2.19456553,16:50:00,2024-02-27
202400041186,16:57,Crépuscule,54,54099,2,9,1,7.0,Avenue Marguerite Puhl Demange,49.255149,5.946027,16:57:00,2024-01-11
202400041187,09:40,Plein jour,92,92051,2,1,2,2.0,"GENERAL LECLERC (BOULEVARD DU, N° 1 A 27",48.88986014,2.26014036,09:40:00,2024-04-04
202400041188,20:36,,92,92026,2,1,1,7.0,COEUR DEFENSE,48.89010223,2.24414184,20:36:00,2024-02-27
202400041189,05:10,,25,25056,2,3,1,3.0,KENNEDY  BOULEVARD J.F.,47.234469,5.984319,05:10:00,2024-05-11
202400041190,18:45,Plein jour,92,92050,2,1,1,3.0,HAVRE BOULEVARD DU,48.91989,2.2213,18:45:00,2024-04-03
202400041191,07:00,Nuit sans éclairage,52,52121,1,1,1,3.0,R.D. 65,48.11066794,5.11830801,07:00:00,2024-01-11
202400041192,18:00,,92,92051,2,2,8,6.0,"BINEAU (BOULEVARD, N°133 A 217 ET 134 A",48.89067926,2.2704066,18:00:00,2024-02-26
202400041193,22:55,,19,19031,2,1,1,3.0,LYAUTEY (BOULEVARD MARECHAL),45.15672476,1.53245258,22:55:00,2024-05-11
202400041194,16:30,Plein jour,92,92050,2,9,1,6.0,VAILLANT COUTURIER PAUL RUE,48.88678,2.20091,16:30:00,2024-04-02
202400041195,08:15,Plein jour,51,51454,2,1,1,6.0,CHALET (RUE),49.267935,4.050365,08:15:00,2024-01-11
202400041196,18:10,,92,92020,2,1,1,3.0,PERI RUE GABRIEL,48.80276,2.28802,18:10:00,2024-02-27
202400041197,20:00,Plein jour,92,92044,2,1,1,3.0,CHARLES PASQUA (QUAI) 58 A90,48.90104057,2.28483214,20:00:00,2024-04-03
202400041198,01:05,,18,18205,2,6,1,7.0,Route d'Orléans,47.110125,2.378071,01:05:00,2024-05-11
202400041199,08:40,Plein jour,49,49007,2,1,4,7.0,BASSE CHAINE PONT,47.47006,-0.56237,08:40:00,2024-01-11
202400041200,17:45,Plein jour,92,92040,2,1,8,3.0,JEAN JAURES (AVENUE),48.82396604,2.2738266,17:45:00,2024-02-27
202400041201,21:20,Plein jour,17,17306,2,3,1,7.0,MATISSE HENRI,45.62264,-0.99896,21:20:00,2024-05-11
202400041202,14:50,Plein jour,92,92040,2,2,1,6.0,SEVERINE,48.82829537,2.28149951,14:50:00,2024-04-04
202400041203,08:39,Crépuscule,49,49007,2,1,2,7.0,COUBERTIN BOULEVARD,47.45869,-0.53295,08:39:00,2024-01-11
202400041204,19:10,,92,92025,2,1,1,6.0,GENERAL LECLERC (PLACE DU),48.92299391,2.25250018,19:10:00,2024-02-26
202400041205,16:50,Plein jour,45,45068,2,1,1,6.0,D740 PR 5 + 250,48.016407,2.738483,16:50:00,2024-01-11
202400041206,18:17,Plein jour,92,92024,2,4,1,6.0,RUE DU 08 MAI 1945,48.89766559,2.31085092,18:17:00,2024-04-03
202400041207,19:34,Plein jour,15,15014,2,2,7,3.0,Avenue de Tronquières,44.913346,2.433165,19:34:00,2024-05-11
202400041208,11:55,Plein jour,92,92019,2,3,1,3.0,BOIS (AVENUE DU),48.77123468,2.25225645,11:55:00,2024-02-27