Num_Acc,hrmn,lum,dep,com,agg,int,atm,col,adr,lat,long,heure,date
202400041209,20:30,,92,92012,2,9,1,6.0,FERME (RUE DE LA) - COTE IMPAIR,48.83183,2.23824,20:30:00,2024-04-04
202400041210,18:50,,44,44184,2,2,1,3.0,261 Rue de Pornichet,47.26338,-2.23475,18:50:00,2024-01-10
202400041211,15:55,Plein jour,15,15014,2,1,1,6.0,RN 122,44.89779466,2.41079038,15:55:00,2024-05-10
202400041212,21:20,Nuit avec éclairage,49,49092,2,9,1,1.0,Rue de l'Europe (Chemillé),47.232348,-0.720259,21:20:00,2024-04-04
202400041213,04:00,,92,92012,2,1,1,6.0,GENERAL LECLERC (AVENUE DU) 1/33 - 2/58,48.83326434,2.24224252,04:00:00,2024-02-27
202400041214,11:10,Plein jour,38,38179,2,1,8,2.0,REPUBLIQUE (PLACE DE LA),45.18213,5.79268,11:10:00,2024-01-10
202400041215,19:50,,06,06114,2,1,2,6.0,Quai de la Banquiere,43.739782,7.287611,19:50:00,2024-02-22
202400041216,15:45,Plein jour,42,42294,1,1,1,1.0,N7,46.015562,4.103694,15:45:00,2024-04-03
202400041217,10:00,Plein jour,37,37261,2,1,1,2.0,RN 76 - Route de St Avertin,47.36471,0.70855,10:00:00,2024-01-11
202400041218,13:35,Plein jour,16,16186,1,1,1,6.0,Sonneville,45.574609,-0.183871,13:35:00,2024-02-27
202400041219,10:48,Plein jour,14,14304,1,3,1,2.0,D579,49.37393,0.22983,10:48:00,2024-05-10
202400041220,06:35,Crépuscule,52,52366,1,1,1,7.0,a31,47.9075843,5.22262541,06:35:00,2024-04-05
202400041221,10:50,Plein jour,45,45213,1,1,1,7.0,Etang de Torcy,47.834182,2.56107,10:50:00,2024-02-28
202400041222,23:18,,37,37261,2,3,1,3.0,BERANGER (BOULEVARD),47.38951,0.68268,23:18:00,2024-01-10
202400041223,10:05,Plein jour,14,14333,1,1,1,2.0,Route de Trouville,49.42468,0.21449,10:05:00,2024-05-10
202400041224,12:49,Plein jour,36,36230,1,1,1,6.0,Avenue de la Sentinelle,47.08371893,1.81588579,12:49:00,2024-02-28
202400041225,17:00,Plein jour,67,67312,1,1,1,1.0,D70,48.740116,7.587394,17:00:00,2024-04-05
202400041226,16:55,Plein jour,974,97405,2,1,1,2.0,58 Rue de l'Anse,-21.342452,55.558918,16:55:00,2024-02-28
202400041227,08:15,Crépuscule,37,37261,2,2,1,3.0,HEURTELOUP (BOULEVARD),47.39218,0.7006,08:15:00,2024-01-10
202400041228,23:35,Nuit sans éclairage,62,62571,2,1,1,1.0,D940,50.438593,1.612029,23:35:00,2024-04-04
202400041229,10:00,Plein jour,30,30032,1,3,1,3.0,saint gilles route de D38,43.79874,4.6092,10:00:00,2024-05-11
202400041230,07:20,Plein jour,972,97222,1,1,1,3.0,N1,14.667131,-60.964605,07:20:00,2024-02-23
202400041231,08:15,Crépuscule,35,35278,2,1,1,3.0,SCHUMAN (BOULEVARD R),48.15463,-1.69502,08:15:00,2024-01-11
202400041232,09:20,Plein jour,83,83017,2,1,1,6.0,chemin du vallon,43.241772,6.003739,09:20:00,2024-03-25
202400041233,15:00,Plein jour,13,13103,2,1,1,3.0,AVENUE DE LA PATROUILLE DE FRANCE-RN 538,43.62918739,5.10171074,15:00:00,2024-05-11
202400041234,08:24,Plein jour,34,34172,2,1,2,6.0,PIC SAINT LOUP (AVENUE DU),43.63896,3.85108,08:24:00,2024-01-11
202400041235,14:20,Plein jour,37,37166,1,1,1,2.0,A10 PK 184+900 SENS PARIS-BORDEAUX,47.51744362,0.91355271,14:20:00,2024-04-04
202400041236,22:40,,13,13212,2,1,1,1.0,SAINT PIERRE (RUE),43.29158261,5.41581378,22:40:00,2024-05-11
202400041237,11:00,Plein jour,63,63374,1,1,5,3.0,D996,45.530746,3.80353868,11:00:00,2024-02-27
202400041238,19:25,,33,33063,2,1,1,2.0,Unknown,44.8259,-0.5364325,19:25:00,2024-01-11
202400041239,17:00,Plein jour,13,13211,2,1,1,6.0,DOCTEUR HECKEL (RUE DU),43.2878089,5.44184412,17:00:00,2024-05-11
202400041240,12:15,Plein jour,74,74123,1,4,2,5.0,D1508,45.756857,6.270313,12:15:00,2024-04-03
202400041241,06:55,Crépuscule,49,49218,2,9,3,6.0,Avenue de l'Èvre (St Pierre-Montlimart),47.26190223,-1.04027194,06:55:00,2024-02-22
202400041242,01:15,,76,76159,2,1,2,6.0,Route d'Ocqueville,49.788922,0.639323,01:15:00,2024-04-05
202400041243,11:55,Plein jour,68,68155,2,1,1,7.0,1 Route de Colmar,48.094804,7.305779,11:55:00,2024-02-27
202400041244,11:50,Plein jour,80,80598,1,1,1,6.0,D111,50.210224,1.777768,11:50:00,2024-04-05
202400041245,09:35,Plein jour,13,13205,2,1,1,2.0,SAINT PIERRE (RUE),43.29219,5.4019,09:35:00,2024-05-11
202400041246,17:10,Crépuscule,33,33063,2,2,1,5.0,Boulevard Albert 1er,44.81473,-0.57227,17:10:00,2024-01-11
202400041247,14:05,Plein jour,29,29241,1,1,1,3.0,D70,47.951313,-3.841943,14:05:00,2024-02-27
202400041248,12:05,Plein jour,33,33424,1,1,1,7.0,Unknown,45.186665,-0.899731,12:05:00,2024-04-05
202400041249,17:15,Plein jour,32,32121,1,1,1,7.0,D634,43.53905859,0.99859395,17:15:00,2024-04-04
202400041250,18:12,Crépuscule,84,84089,2,1,1,6.0,Boulevard Jean Guigues,43.694679,5.492987,18:12:00,2024-02-27
202400041251,11:30,Plein jour,07,07117,2,1,1,6.0,92 Route de Joyeuse,44.464644,4.215537,11:30:00,2024-02-27
202400041252,13:57,Plein jour,87,87078,1,1,1,7.0,D675,45.962785,0.942121,13:57:00,2024-02-27
202400041253,13:50,Plein jour,31,31488,1,1,1,2.0,A68 PK 004 + 100,43.65137524,1.51778462,13:50:00,2024-02-28
202400041254,08:28,Crépuscule,33,33063,2,2,8,3.0,Unknown,44.83875,-0.625916,08:28:00,2024-01-11
202400041255,17:00,Plein jour,13,13028,2,1,1,3.0,LAMARTINE (BOULEVARD JEAN),43.17889,5.60807,17:00:00,2024-05-10
202400041256,12:15,Plein jour,63,63214,2,3,1,3.0,RD751 / rue des Roches,45.687228,3.198792,12:15:00,2024-04-03
202400041257,14:55,Plein jour,06,06018,1,1,2,3.0,225 Rue Fernand Léger,43.615308,7.062267,14:55:00,2024-02-27
202400041258,18:35,Nuit sans éclairage,31,31555,1,9,1,1.0,CHE DES ETROITS,43.56926,1.43948,18:35:00,2024-01-11
202400041259,17:20,Plein jour,61,61222,1,1,1,6.0,D257,48.752531,-0.648906,17:20:00,2024-03-31
202400041260,09:45,Plein jour,06,06149,1,1,1,2.0,"A8, PK 205.000 chaussée nord",43.74295957,7.34229382,09:45:00,2024-02-28
202400041261,19:30,Crépuscule,61,61093,1,1,1,6.0,D229,48.733967,-0.646476,19:30:00,2024-03-30
202400041262,08:55,Plein jour,31,31555,2,1,8,2.0,RUE MONTOULIEU VELANE,43.59666,1.44993,08:55:00,2024-01-11
202400041263,22:31,,06,06088,2,3,1,3.0,147 Avenue Simone Veil,43.69215,7.19925,22:31:00,2024-05-11
202400041264,18:25,Crépuscule,987,98729,1,1,1,1.0,PK 34.700 à HAAPITI,-17.554513,-149.878843,18:25:00,2024-02-27
202400041265,18:12,Plein jour,49,49339,1,1,1,1.0,D108,47.593778,-0.541055,18:12:00,2024-03-17
202400041266,02:30,,31,31555,2,6,8,6.0,AV DE TABAR,43.57432187,1.40121683,02:30:00,2024-01-11
202400041267,13:40,Plein jour,05,05061,1,1,1,1.0,VEYNES ( ROUTE DE ),44.5481,6.03787,13:40:00,2024-05-10
202400041268,17:34,Plein jour,46,46182,1,1,1,6.0,Cevenne de Caix,44.488293,1.304283,17:34:00,2024-04-04
202400041269,20:03,Plein jour,93,93046,2,5,1,3.0,Avenue Aristide Briand / Boulevard Jean Moulin,48.9106,2.51227,20:03:00,2024-07-18
202400041270,14:45,Plein jour,01,01344,1,1,1,7.0,DOMBES (AVENUE DE LA),46.19844,5.19812,14:45:00,2024-05-10
202400041271,15:35,Plein jour,29,29232,1,1,1,2.0,CONCARNEAU ROUTE DE,47.9664017,-4.06111179,15:35:00,2024-01-11
202400041272,22:00,,21,21515,2,1,1,7.0,Avenue de Bourgogne,47.310678,5.102988,22:00:00,2024-02-27
202400041273,10:45,Plein jour,22,22013,2,2,1,3.0,Rue Pont Jilez,48.475112,-3.185949,10:45:00,2024-04-05
202400041274,08:40,Plein jour,93,93045,2,5,1,3.0,Boulevard Eugène Decros / Rue de la Convention,48.88258,2.41533,08:40:00,2024-07-18
202400041275,12:15,Plein jour,75,75112,2,1,1,3.0,BD PERIPHERIQUE EXTERIEUR,48.829525,2.401228,12:15:00,2024-05-11
202400041276,09:15,Plein jour,78,78615,1,1,1,3.0,D30,48.839838,1.959923,09:15:00,2024-02-28
202400041277,20:30,Plein jour,75,75120,2,1,1,6.0,COURS DE VINCENNES,48.847287,2.408879,20:30:00,2024-05-11
202400041278,07:55,Plein jour,38,38394,1,3,7,2.0,D21,45.095625,5.250344,07:55:00,2024-04-02
202400041279,07:50,Plein jour,93,93010,2,1,1,6.0,Route d'Aulnay,48.90719576,2.48030501,07:50:00,2024-07-18
202400041280,16:15,Plein jour,75,75119,2,3,1,6.0,RUE DE BELLEVILLE,48.874925,2.388949,16:15:00,2024-05-10
202400041281,11:20,Plein jour,34,34157,2,4,1,6.0,Rue Calendal,43.428357,3.600018,11:20:00,2024-02-02
202400041282,16:47,Plein jour,16,16102,2,1,8,1.0,GROIE (RUE DE LA),45.68739,-0.35481,16:47:00,2024-01-10
202400041283,18:30,Plein jour,03,03043,2,4,1,3.0,Rue des 3 Ormeaux,46.190697,3.273861,18:30:00,2024-04-05
202400041284,09:23,Plein jour,93,93005,2,1,1,2.0,Rue Joseph-marie Jacquard,48.94873839,2.48811616,09:23:00,2024-07-18
202400041285,14:45,Plein jour,75,75118,2,3,1,6.0,RUE ANDROUET,48.885568,2.338523,14:45:00,2024-05-10
202400041286,19:10,Crépuscule,58,58010,1,1,3,6.0,Les Pasquelins,47.045337,4.041392,19:10:00,2024-04-01
202400041287,15:10,Plein jour,67,67339,1,1,1,3.0,D344,48.88386981,7.92066469,15:10:00,2024-02-27
202400041288,11:00,Plein jour,14,14220,2,6,7,7.0,Route des Createurs,49.35992,0.08295,11:00:00,2024-01-11
202400041289,16:00,Plein jour,92,92073,2,5,1,3.0,LIBERTE (RUE DE LA),48.87969239,2.21891132,16:00:00,2024-07-17
202400041290,15:30,Plein jour,72,72344,1,3,1,3.0,route du parc,47.941546,0.165911,15:30:00,2024-04-05
202400041291,20:30,Plein jour,75,75116,2,2,1,7.0,RUE DE BOULAINVILLIERS,48.854236,2.275514,20:30:00,2024-05-11
202400041292,00:02,,13,13208,2,2,1,3.0,ROUET (RUE DU),43.28106,5.38936,00:02:00,2024-01-12
202400041293,16:55,Plein jour,57,57596,2,1,1,3.0,Rue Nationale,49.164058,6.85973,16:55:00,2024-02-26
202400041294,16:45,Plein jour,09,09265,2,2,1,2.0,Rue du 14 Juillet,43.081066,1.624019,16:45:00,2024-04-04
202400041295,13:00,Plein jour,75,75115,2,2,1,3.0,RUE SAINT CHARLES,48.838489,2.278375,13:00:00,2024-05-11
202400041296,16:10,Plein jour,69,69204,2,1,1,6.0,76 Rue des Collonges,45.692527,4.805768,16:10:00,2024-02-27
202400041297,14:00,Plein jour,45,45333,1,1,8,2.0,D8 PR 5 + 877,47.938068,2.050173,14:00:00,2024-04-04
202400041298,16:20,Plein jour,75,75113,2,3,1,6.0,BOULEVARD ARAGO,48.836589,2.351149,16:20:00,2024-05-11
202400041299,18:07,Plein jour,92,92051,2,3,1,3.0,"CHARLES DE GAULLE (AVENUE, N° 18 A 116)",48.88244917,2.26755023,18:07:00,2024-07-18
202400041300,09:50,Plein jour,35,35240,1,1,1,6.0,route nationale 24,48.09404226,-1.76540583,09:50:00,2024-02-27
202400041301,17:20,Plein jour,64,64037,1,2,1,2.0,D2,43.337397,-0.499835,17:20:00,2024-04-05
202400041302,17:10,,13,13211,2,1,1,1.0,SAINT MENET (MONTEE),43.294,5.49,17:10:00,2024-01-11
202400041303,15:25,Plein jour,94,94078,2,3,1,3.0,Av du Pdt J Fitzgerald Kennedy / Rue des Acacias,48.733376,2.462034,15:25:00,2024-05-11
202400041304,09:12,Nuit sans éclairage,64,64198,1,1,1,7.0,11 Route de Pau,43.360594,-0.50374,09:12:00,2024-04-05
202400041305,15:24,Plein jour,76,76759,1,3,1,7.0,Route des Sablons,49.41415174,0.89202744,15:24:00,2024-02-27
202400041306,10:10,Plein jour,92,92049,2,2,1,2.0,PERI RUE GABRIEL N°2 A 36,48.81801402,2.32230002,10:10:00,2024-07-18
202400041307,19:00,Plein jour,94,94076,2,1,1,6.0,49 Avenue de Paris,48.80489569,2.36392014,19:00:00,2024-05-11
202400041308,16:10,Plein jour,13,13203,2,1,1,1.0,PLOMBIERES (BOULEVARD DES),43.3194,5.37791,16:10:00,2024-01-11
202400041309,16:40,Plein jour,33,33281,1,1,1,7.0,ROCADE A 630,44.83643,-0.6763,16:40:00,2024-02-27
202400041310,20:16,Plein jour,92,92040,2,9,1,6.0,ABBE GREGOIRE (DE L'),48.8227435,2.27617389,20:16:00,2024-07-18
202400041311,06:35,Crépuscule,18,18221,1,1,1,1.0,Unknown,46.838207,2.338693,06:35:00,2024-04-05
202400041312,23:45,Nuit sans éclairage,59,59328,1,1,8,6.0,ROUTE METROPOLITAINE 652,50.65570185,3.01288969,23:45:00,2024-02-26
202400041313,14:10,Plein jour,94,94017,2,2,1,3.0,Avenue du Parc / Avenue Paul Venzac,48.81177,2.55687,14:10:00,2024-05-11
202400041314,11:24,Plein jour,36,36088,2,9,1,2.0,55 Route de Bourges,46.951437,2.003234,11:24:00,2024-04-04
202400041315,08:10,Plein jour,92,92026,2,1,1,3.0,PRÉSIDENT PAUL DOUMER (QUAI DU),48.89008262,2.25620694,08:10:00,2024-07-18
202400041316,14:35,Plein jour,13,13206,2,3,2,3.0,ROME (RUE DE),43.2912,5.38078,14:35:00,2024-01-11
202400041317,20:00,Nuit sans éclairage,92,92047,1,1,2,2.0,A13,48.83335317,2.16131084,20:00:00,2024-02-26
202400041318,22:30,Nuit sans éclairage,94,94017,2,1,1,2.0,Avenue Salvador Allendé,48.80849,2.55195,22:30:00,2024-05-10
202400041319,19:45,Plein jour,92,92025,2,1,1,2.0,GABRIEL PERI (RUE),48.91823614,2.23892422,19:45:00,2024-07-17
202400041320,13:30,Plein jour,07,07048,2,1,1,6.0,rue du Temple,44.880192,4.577163,13:30:00,2024-04-05
202400041321,09:30,Plein jour,92,92063,1,1,1,6.0,A86,48.89039593,2.1710504,09:30:00,2024-02-26
202400041322,13:20,Plein jour,13,13001,1,1,1,6.0,PREMIERE DIV FRANCAISE LIB (AV),43.55678531,5.4448976,13:20:00,2024-01-11
202400041323,20:30,Plein jour,93,93078,2,1,1,3.0,Boulevard Robert Ballanger,48.95345,2.53283,20:30:00,2024-05-10
202400041324,03:15,,92,92012,2,1,1,6.0,GENERAL LECLERC (AVENUE DU) 35/FIN - 60/,48.83034348,2.2327162,03:15:00,2024-07-18
202400041325,17:15,Plein jour,40,40224,2,1,1,3.0,Chemin de la Plaine,43.547137,-1.120348,17:15:00,2024-04-03
202400041326,15:00,Plein jour,95,95277,1,1,1,4.0,A3,48.96803561,2.47785819,15:00:00,2024-02-27
202400041327,14:40,Plein jour,11,11262,2,2,2,6.0,Unknown,43.1871,2.98304,14:40:00,2024-01-11
202400041328,19:56,Plein jour,93,93066,2,2,1,2.0,Avenue de Stalingrad / Avenue Roger Sémat,48.944334,2.357105,19:56:00,2024-05-11
202400041329,17:02,Plein jour,67,67506,2,1,1,6.0,Rue de la Gare,48.66668579,7.71738321,17:02:00,2024-04-03
202400041330,14:36,Plein jour,60,60587,2,2,1,1.0,Rue de Paris,49.342307,2.606362,14:36:00,2024-07-19
202400041331,08:40,Plein jour,11,11262,2,1,2,6.0,Rue Ancienne Porte de Béziers,43.18656,3.00669,08:40:00,2024-01-11
202400041332,18:55,Plein jour,93,93064,2,1,1,6.0,Avenue du Général de Gaulle,48.877182,2.480153,18:55:00,2024-05-11
202400041333,09:40,Plein jour,93,93063,1,1,1,5.0,A3,48.87835874,2.44648683,09:40:00,2024-02-27
202400041334,23:50,,93,93031,2,1,1,7.0,Avenue Joffre,48.95823172,2.3016082,23:50:00,2024-05-10
202400041335,09:15,Plein jour,37,37010,1,2,1,3.0,la grande épinière,47.530908,0.946659,09:15:00,2024-07-18
202400041336,16:30,Plein jour,11,11069,2,1,2,2.0,Unknown,43.20318,2.31454,16:30:00,2024-01-10
202400041337,09:00,Plein jour,92,92036,1,1,2,2.0,AUTOROUTE A86,48.93811425,2.2989428,09:00:00,2024-02-26
202400041338,08:45,Plein jour,42,42279,2,1,1,3.0,515 Route de Chavagneux,45.490209,4.23369,08:45:00,2024-04-05
202400041339,22:30,,93,93047,2,3,1,2.0,Rue de Coubron / Avenue Herschell,48.903188,2.57711,22:30:00,2024-05-10
202400041340,19:45,,06,06069,2,1,1,7.0,Route de Cannes,43.6263,6.96213,19:45:00,2024-01-11
202400041341,11:18,Plein jour,67,67222,1,3,1,3.0,D919,48.896846,7.450941,11:18:00,2024-07-18
202400041342,20:30,,987,98712,1,1,1,1.0,PK 17 - district de TIVA,-16.647612,-151.497785,20:30:00,2024-04-04
202400041343,09:15,Plein jour,93,93053,1,1,2,2.0,A3,48.89292727,2.47244859,09:15:00,2024-02-26
202400041344,17:25,Crépuscule,06,06069,2,1,1,2.0,Route de Draguignan,43.64421,6.89982,17:25:00,2024-01-11
202400041345,11:15,Plein jour,93,93071,2,3,1,3.0,Allée des Peupliers / Allée de Surièges,48.93085,2.51595,11:15:00,2024-05-11
202400041346,08:10,Plein jour,52,52535,2,1,1,6.0,63 Grande Rue,48.105002,5.062886,08:10:00,2024-07-18
202400041347,08:45,Plein jour,94,94017,1,1,1,3.0,A4,48.83020089,2.495767,08:45:00,2024-02-27
202400041348,10:55,Plein jour,22,22177,1,1,1,6.0,D9,48.63318,-2.952002,10:55:00,2024-07-18
202400041349,18:30,Plein jour,44,44069,1,6,1,5.0,4 la depeche,47.296488,-2.435347,18:30:00,2024-04-04
202400041350,15:15,Plein jour,06,06069,2,1,7,3.0,MADELEINE,43.65524,6.93824,15:15:00,2024-01-11
202400041351,14:30,Plein jour,93,93001,2,5,1,6.0,Avenue de la République / Avenue Victor Hugo,48.91447419,2.38148144,14:30:00,2024-05-11
202400041352,14:50,Plein jour,94,94017,1,1,2,2.0,A4,48.83020089,2.495767,14:50:00,2024-02-26
202400041353,16:20,Plein jour,51,51097,1,1,2,7.0,Autoroute A4 - PK187.200,49.0298856,4.5424813,16:20:00,2024-04-05
202400041354,13:40,Plein jour,85,85223,2,1,1,6.0,59 Route de la Roche-sur-Yon,46.557333,-1.065121,13:40:00,2024-07-09
202400041355,07:50,Crépuscule,06,06069,2,1,2,7.0,Avenue Sidi Brahim,43.650702,6.92825,07:50:00,2024-01-09
202400041356,17:50,Plein jour,60,60531,1,1,1,7.0,Rue de Canly,49.420396,2.699032,17:50:00,2024-05-12
202400041357,16:35,Plein jour,41,41256,1,1,1,7.0,A71,47.35087297,2.05005724,16:35:00,2024-07-18
202400041358,20:40,,75,75118,2,2,2,6.0,RUE DAMREMONT,48.895302,2.33755,20:40:00,2024-02-26
202400041359,16:50,Plein jour,11,11262,1,1,1,1.0,Unknown,43.137712,3.052182,16:50:00,2024-04-04
202400041360,17:45,,75,75114,2,1,1,4.0,BD PERIPHERIQUE EXTERIEUR,48.819984,2.325696,17:45:00,2024-01-11
202400041361,16:27,Plein jour,01,01109,1,3,1,3.0,intersection RD 984 / RD 1206,46.122013,5.895785,16:27:00,2024-07-18
202400041362,14:15,Plein jour,976,97607,1,1,1,6.0,route nationale 3,-12.871212,45.207646,14:15:00,2024-04-05
202400041363,17:35,Plein jour,28,28141,1,1,1,4.0,autoroute a11 pk 072+000,48.331882,1.388386,17:35:00,2024-05-12
202400041364,08:20,Plein jour,75,75118,2,3,2,2.0,BOULEVARD BARBES,48.884499,2.349382,08:20:00,2024-02-26
202400041365,10:25,Plein jour,75,75119,2,1,1,2.0,BD PERIPHERIQUE INTERIEUR,48.882735,2.400603,10:25:00,2024-01-11
202400041366,19:00,Crépuscule,83,83067,1,1,1,6.0,A57,43.321603,6.299028,19:00:00,2024-05-10
202400041367,21:55,Nuit sans éclairage,974,97413,1,1,1,1.0,Rue Georges Pompidou,-21.143278,55.285932,21:55:00,2024-07-18
202400041368,18:45,Crépuscule,974,97417,2,1,2,3.0,Route Nationale 2 Baril,-21.36960682,55.72331643,18:45:00,2024-02-11
202400041369,17:00,Plein jour,75,75117,2,2,2,3.0,RUE DES DAMES,48.883286,2.319284,17:00:00,2024-02-26
202400041370,08:45,Plein jour,23,23235,1,1,1,6.0,Souvelinges,46.17762,1.567408,08:45:00,2024-07-17
202400041371,11:50,Plein jour,28,28196,1,2,1,3.0,D921,48.293236,1.248699,11:50:00,2024-05-10
202400041372,21:15,,974,97415,1,1,8,6.0,Route Nationale 1,-21.04273,55.249654,21:15:00,2024-04-05
202400041373,00:20,Nuit sans éclairage,56,56205,1,1,1,7.0,La Croix Lasne,47.564119,-2.709589,00:20:00,2024-07-18
202400041374,09:00,Plein jour,75,75116,2,4,2,2.0,QUAI SAINT EXUPERY,48.838167,2.265728,09:00:00,2024-02-26
202400041375,17:50,Plein jour,67,67063,1,1,1,2.0,D57,48.383979,7.272053,17:50:00,2024-05-12
202400041376,16:00,Plein jour,971,97118,2,1,1,2.0,Prise d'Eau,16.208845,-61.648808,16:00:00,2024-04-04
202400041377,19:30,Plein jour,2A,2A130,2,1,1,1.0,#1355 Boulevard Marie-Jeanne Bozzi#,41.902682,8.813624,19:30:00,2024-07-17
202400041378,16:20,Plein jour,75,75115,2,6,2,6.0,PLACE CAMBRONNE,48.847906,2.301372,16:20:00,2024-02-26
202400041379,11:00,Plein jour,77,77099,2,1,2,6.0,1 Rue de la Gare,48.149954,2.69812,11:00:00,2024-04-05
202400041380,13:20,Plein jour,2A,2A271,2,1,1,1.0,T20,41.98342,8.840539,13:20:00,2024-07-17
202400041381,19:15,Plein jour,35,35085,1,3,1,3.0,D895,48.417011,-1.755527,19:15:00,2024-05-11
202400041382,15:45,Plein jour,75,75113,2,3,2,6.0,RUE DE TOLBIAC,48.826788,2.365037,15:45:00,2024-02-26
202400041383,10:28,Plein jour,82,82027,1,1,1,1.0,Chemin de la Mothe,43.895125,1.305914,10:28:00,2024-07-18
202400041384,07:45,Crépuscule,78,78305,1,1,1,6.0,route de boulemont,48.894822,1.90137,07:45:00,2024-04-05
202400041385,13:05,Plein jour,41,41201,1,1,1,1.0,Le Coteau de la Herse,47.716201,0.880011,13:05:00,2024-05-11
202400041386,11:00,Plein jour,75,75101,2,3,2,6.0,BOULEVARD DE SEBASTOPOL,48.860057,2.349082,11:00:00,2024-02-26
202400041387,00:15,Nuit sans éclairage,65,65288,2,1,1,6.0,6 CHEMIN DE CASTETS,43.310167,0.298315,00:15:00,2024-07-19
202400041388,11:30,Plein jour,2B,2B313,2,1,1,6.0,Moriani Plage,42.372844,9.528698,11:30:00,2024-03-22
202400041389,04:20,Nuit sans éclairage,89,89240,1,1,1,1.0,D660,48.174242,3.369026,04:20:00,2024-05-11
202400041390,18:35,Plein jour,30,30027,1,1,1,7.0,D24,44.065961,4.068385,18:35:00,2024-04-05
202400041391,12:00,Plein jour,91,91573,2,9,1,6.0,6 Avenue Fernand Sastre,48.606592,2.507753,12:00:00,2024-05-11
202400041392,16:55,Plein jour,33,33466,2,3,1,3.0,Unknown,44.819956,-0.281734,16:55:00,2024-07-17
202400041393,08:17,Plein jour,94,94081,2,2,2,3.0,Avenue Rouget de Lisle / Rue Watteau,48.77827,2.39643,08:17:00,2024-02-25
202400041394,23:50,Nuit sans éclairage,19,19123,2,1,1,6.0,avenue Pierre et marie currie,45.17761046,1.59053671,23:50:00,2024-05-11
202400041395,18:30,Plein jour,84,84117,2,2,1,3.0,D 51,44.268302,4.958471,18:30:00,2024-04-05
202400041396,01:55,,94,94081,2,3,1,6.0,Quai Jules Guesde / Rue Rosa Parks,48.80442,2.40858,01:55:00,2024-02-25
202400041397,18:15,Plein jour,65,65055,2,1,2,6.0,39 Chemin de Pouey Castet,43.002993,-0.075909,18:15:00,2024-05-07
202400041398,03:30,,84,84036,2,1,1,6.0,Chemin de la Traverse,43.923514,4.938963,03:30:00,2024-04-05
202400041399,12:00,Plein jour,71,71146,2,1,1,7.0,Chemin des Berthet,46.479419,4.71063,12:00:00,2024-05-12
202400041400,12:25,Plein jour,94,94074,2,1,2,6.0,80 Rue du Colonel Fabien,48.74196077,2.47307262,12:25:00,2024-02-26
202400041401,08:30,Crépuscule,63,63223,1,1,1,6.0,chateau gaillard,46.11014791,2.90846944,08:30:00,2024-05-05
202400041402,08:50,Plein jour,83,83023,1,3,1,7.0,DN7 - ROUTE DE MARSEILLE,43.403068,6.001325,08:50:00,2024-01-15
202400041403,06:02,,94,94068,2,5,2,6.0,Rue de la Varenne / Avenue Godefroy Cavaignac,48.807702,2.474109,06:02:00,2024-02-26
202400041404,08:40,Plein jour,71,71305,1,2,1,2.0,Route de Pont de Vaux,46.448019,4.894425,08:40:00,2024-07-19
202400041405,07:45,Plein jour,63,63149,1,1,1,1.0,D224,45.892215,3.251803,07:45:00,2024-05-12
202400041406,07:50,Crépuscule,94,94068,2,3,8,6.0,Rue du Pont de Créteil / Boulevard de Créteil,48.79983,2.47113,07:50:00,2024-02-25
202400041407,18:15,Plein jour,04,04143,1,1,1,2.0,D4b,43.923248,5.909024,18:15:00,2024-04-05
202400041408,10:50,Plein jour,76,76638,1,2,7,3.0,PK54 sur la RD1314 au carrefour avec la C406,50.013014,1.428298,10:50:00,2024-05-11
202400041409,20:11,,94,94042,2,5,2,3.0,Avenue du Général Galliéni / Rue Chapsal,48.820127,2.467019,20:11:00,2024-02-26
202400041410,18:45,Plein jour,55,55053,1,1,7,7.0,D16,49.327248,5.604036,18:45:00,2024-05-11
202400041411,07:35,Crépuscule,13,13003,2,3,1,3.0,Avenue du Marechal Juin,43.704704,5.158424,07:35:00,2024-03-20
202400041412,12:00,Plein jour,94,94065,1,1,2,2.0,N186,48.75378262,2.36314684,12:00:00,2024-02-23
202400041413,19:30,Plein jour,13,13030,1,3,1,1.0,D8n,43.265628,5.664868,19:30:00,2024-04-03
202400041414,07:30,Crépuscule,94,94033,2,3,8,6.0,Avenue Jean Moulin / Avenue Victor Hugo,48.85964,2.48047,07:30:00,2024-02-26
202400041415,19:02,Plein jour,61,61040,1,3,1,3.0,RD118,48.703586,-0.461688,19:02:00,2024-07-18
202400041416,08:55,Plein jour,54,54397,2,2,7,6.0,Rue du Capitaine Caillon,48.613149,6.102821,08:55:00,2024-04-05
202400041417,17:50,Crépuscule,94,94069,2,1,2,6.0,Quai de la République,48.817817,2.422143,17:50:00,2024-02-26
202400041418,08:54,Plein jour,12,12238,1,1,1,1.0,D911 lieu-dit bois du four,44.237436,2.98429,08:54:00,2024-05-12
202400041419,13:25,Plein jour,26,26072,2,1,1,6.0,Rue des Ecoles,45.11255,4.897586,13:25:00,2024-04-05