Num_Acc,hrmn,lum,dep,com,agg,int,atm,col,adr,lat,long,heure,date
202400041420,14:50,Plein jour,29,29220,2,6,1,7.0,Route de Saint Jean Trolimon,47.86275282,-4.24581054,14:50:00,2024-05-10
202400041421,16:05,Plein jour,94,94018,2,1,2,4.0,Rue des Bordeaux,48.81972,2.40787,16:05:00,2024-02-25
202400041422,22:00,Nuit sans éclairage,26,26074,1,1,1,6.0,Route départementale 103,44.97599117,5.43632269,22:00:00,2024-04-04
202400041423,15:45,Plein jour,29,29284,1,1,1,7.0,Chemin des Dunes,47.791381,-4.268837,15:45:00,2024-05-11
202400041424,08:45,Plein jour,01,01376,1,1,1,1.0,Chemin de la Chevrotte,45.853569,4.974189,08:45:00,2024-04-05
202400041425,09:40,Plein jour,93,93073,1,1,2,5.0,CHAPIT RE ( RUE DU),49.00335482,2.55917072,09:40:00,2024-02-26
202400041426,19:55,Plein jour,38,38495,1,3,1,1.0,D71,45.120428,5.279027,19:55:00,2024-05-12
202400041427,19:30,,69,69278,2,1,1,1.0,Chemin de la Caraudière,45.901003,4.830229,19:30:00,2024-04-05
202400041428,23:32,,02,02295,2,1,1,6.0,21 rue du general de gaulle,49.903511,3.913912,23:32:00,2024-05-11
202400041429,17:45,Plein jour,93,93066,2,1,2,2.0,Rue Henri Delaunay,48.92618,2.3618,17:45:00,2024-02-26
202400041430,18:30,Plein jour,55,55527,1,1,1,5.0,RD 38 PK 6+664,49.21217671,5.01556221,18:30:00,2024-07-18
202400041431,17:30,Plein jour,31,31135,2,2,1,3.0,Avenue de Toulouse,43.217906,1.085125,17:30:00,2024-04-04
202400041432,20:40,Plein jour,02,02128,1,9,2,6.0,D516,49.548853,3.676579,20:40:00,2024-05-12
202400041433,15:50,Plein jour,49,49222,1,6,1,3.0,RD 160,47.365978,-0.562878,15:50:00,2024-07-19
202400041434,13:10,Plein jour,72,72264,2,1,3,6.0,Rue du Clos du Bois,47.826079,-0.315524,13:10:00,2024-03-26
202400041435,16:15,Plein jour,03,03118,2,1,7,1.0,7 Rue de Saint Etienne,46.102809,3.189388,16:15:00,2024-05-11
202400041436,18:40,Plein jour,14,14762,2,1,2,6.0,9 Square Georges Pompidou,48.846905,-0.888058,18:40:00,2024-04-02
202400041437,13:35,Plein jour,46,46028,1,3,7,3.0,D20,44.92583497,1.74161197,13:35:00,2024-07-18
202400041438,22:15,Nuit sans éclairage,03,03161,2,4,1,1.0,Lieu Dit Conjarette,46.166205,2.640935,22:15:00,2024-05-11
202400041439,14:30,Plein jour,93,93066,2,2,3,3.0,Avenue des Arts et Métiers / Rue du Landy,48.91516,2.36172,14:30:00,2024-02-26
202400041440,17:30,Plein jour,13,13106,1,1,1,4.0,A7-Sens Lyon vers Marseille,43.39071033,5.35120523,17:30:00,2024-04-03
202400041441,10:00,Plein jour,29,29137,1,1,1,3.0,route de l'Argoat,48.336461,-4.280101,10:00:00,2024-07-17
202400041442,11:00,Plein jour,15,15027,1,1,1,7.0,RD 19,44.712384,2.302269,11:00:00,2024-05-11
202400041443,08:10,Crépuscule,93,93066,2,1,2,3.0,Avenue Paul Vaillant-Couturier,48.93111,2.363544,08:10:00,2024-02-26
202400041444,21:15,Plein jour,68,68380,1,1,1,3.0,Rue de Kiffis,47.44964,7.386106,21:15:00,2024-07-18
202400041445,19:05,Plein jour,01,01265,2,1,1,2.0,rue de savoies,46.170373,5.576763,19:05:00,2024-05-11
202400041446,16:10,Plein jour,13,13071,1,1,1,2.0,A55 - Sens Marseille vers Martigues,43.39839,5.32782,16:10:00,2024-04-03
202400041447,19:45,,93,93077,2,2,2,3.0,Boulevard du Général de Gaulle / Rue Pottier,48.88493,2.51957,19:45:00,2024-02-25
202400041448,07:56,Plein jour,25,25370,1,1,1,3.0,D438,47.450641,6.771709,07:56:00,2024-07-18
202400041449,12:15,Plein jour,01,01040,1,3,7,3.0,D26,46.371025,5.035676,12:15:00,2024-05-12
202400041450,17:45,Plein jour,83,83137,1,1,1,4.0,A50 TUNNEL TUBE SUD,43.12717959,5.91671394,17:45:00,2024-04-03
202400041451,11:10,Plein jour,26,26111,1,1,1,3.0,D70,44.55106,5.1828,11:10:00,2024-05-12
202400041452,12:40,Plein jour,93,93063,2,2,2,6.0,Rue de la République / Rue de Benfleet,48.8807,2.43726,12:40:00,2024-02-26
202400041453,14:15,Plein jour,29,29193,2,1,1,2.0,Rue d'Armor,48.55427408,-4.08586824,14:15:00,2024-07-19
202400041454,22:40,Nuit sans éclairage,93,93032,2,7,2,3.0,Avenue Jean Jaurès / Place de la Gare,48.88287602,2.52647594,22:40:00,2024-02-25
202400041455,21:10,Plein jour,15,15148,1,1,1,6.0,RD 44,45.015503,2.875574,21:10:00,2024-07-18
202400041456,18:05,Plein jour,83,83137,1,1,1,2.0,BRETELLE17  ACCES TOULON CENTRE N -T,43.12084315,5.95179617,18:05:00,2024-04-02
202400041457,19:05,,93,93010,2,1,2,6.0,Avenue Anatole France,48.89222487,2.49764621,19:05:00,2024-02-26
202400041458,11:00,Plein jour,58,58306,2,1,1,3.0,Le Moulin Mouillé,46.866639,3.548664,11:00:00,2024-05-12
202400041459,18:40,Plein jour,93,93005,1,1,1,7.0,A3,48.96795092,2.47949927,18:40:00,2024-04-04
202400041460,09:15,Plein jour,93,93005,2,2,2,2.0,JACQUES DUCLOS (RUE),48.947194,2.492225,09:15:00,2024-02-26
202400041461,09:20,Plein jour,70,70428,2,4,1,3.0,87 Rue Gustave Courtois,47.653379,6.121228,09:20:00,2024-07-19
202400041462,17:45,Plein jour,95,95488,2,1,1,2.0,A15,49.02460667,2.13255106,17:45:00,2024-04-04
202400041463,22:00,Nuit sans éclairage,50,50058,1,1,1,6.0,la liette,49.0699466,-1.5693031,22:00:00,2024-05-11
202400041464,12:49,Plein jour,92,92035,2,1,2,3.0,Général de Gaulle  ( avenue du ),48.91052627,2.25481689,12:49:00,2024-02-26
202400041465,08:45,Plein jour,50,50239,1,2,1,3.0,Le Chatel,49.125773,-1.180113,08:45:00,2024-05-12
202400041466,16:50,Plein jour,93,93027,1,1,1,4.0,A86,48.92480211,2.39182234,16:50:00,2024-04-03
202400041467,07:35,Plein jour,66,66161,1,3,1,3.0,Unknown,42.608347,2.404246,07:35:00,2024-07-19
202400041468,13:40,Plein jour,92,92024,2,2,3,3.0,VICTOR HUGO (BD),48.89991951,2.31443256,13:40:00,2024-02-26
202400041469,06:20,Nuit sans éclairage,95,95277,1,1,3,6.0,A3,48.97998245,2.49663572,06:20:00,2024-04-03
202400041470,16:10,Plein jour,45,45095,2,3,7,3.0,D109 PR 4 + 506,48.05616,2.188366,16:10:00,2024-05-11
202400041471,13:10,Plein jour,92,92024,2,3,3,6.0,GESNOUIN (RUE),48.90294593,2.30147767,13:10:00,2024-02-26
202400041472,14:10,Plein jour,05,05011,1,1,1,6.0,D942,44.529143,6.181548,14:10:00,2024-07-19
202400041473,20:00,Plein jour,95,95218,1,1,2,4.0,A15,49.03544363,2.09728718,20:00:00,2024-04-02
202400041474,09:15,Plein jour,92,92019,2,3,2,3.0,JUSTICE (CHEMIN),48.76650035,2.26303518,09:15:00,2024-02-26
202400041475,19:45,Plein jour,83,83082,1,1,1,6.0,Route Departementale 955,43.63703894,6.4786324,19:45:00,2024-07-18
202400041476,13:55,Plein jour,73,73204,2,1,1,2.0,D1006,45.53104233,5.68221509,13:55:00,2024-05-10
202400041477,09:40,Plein jour,95,95678,1,1,1,2.0,N104,49.06943199,2.24863293,09:40:00,2024-04-02
202400041478,13:20,Plein jour,73,73010,1,1,1,6.0,D911 Route des Bauges,45.74063844,5.9714778,13:20:00,2024-07-19
202400041479,15:55,Plein jour,974,97415,2,1,1,3.0,Chemin de la Poudriere,-21.015762,55.277228,15:55:00,2024-02-27
202400041480,15:05,Plein jour,40,40094,2,9,1,3.0,D63,44.168582,-1.030354,15:05:00,2024-05-11
202400041481,11:30,Plein jour,94,94052,1,1,3,3.0,A86,48.84320967,2.49265332,11:30:00,2024-04-03
202400041482,10:35,Plein jour,43,43080,2,1,1,3.0,D9,45.33333819,3.83783362,10:35:00,2024-02-26
202400041483,07:00,Plein jour,24,24094,1,1,2,6.0,la tuilière,45.100199,0.695572,07:00:00,2024-05-12
202400041484,17:10,Plein jour,36,36018,2,1,1,3.0,Rue Saint Lazare,46.634148,1.0612,17:10:00,2024-07-17
202400041485,08:30,Plein jour,85,85127,2,1,1,6.0,963 Avenue du Docteur Mathevet,46.40449,-1.504204,08:30:00,2024-05-09
202400041486,07:05,Plein jour,974,97422,2,6,1,6.0,Avenue de l'Europe,-21.274114,55.506272,07:05:00,2024-02-27
202400041487,18:38,,988,98818,2,1,1,6.0,VE1 sens Sud/Nord,-22.25747,166.44746,18:38:00,2024-04-03
202400041488,19:10,Plein jour,85,85128,2,3,7,1.0,Rue du président de gaulle,46.457055,-1.180252,19:10:00,2024-05-10
202400041489,13:35,Plein jour,974,97411,2,9,1,3.0,CHAUDRON  (BLD 1 DU),-20.89488,55.49424,13:35:00,2024-03-28
202400041490,17:30,Plein jour,07,07330,2,3,1,3.0,Route des Gorges,44.390666,4.404957,17:30:00,2024-07-19
202400041491,19:25,Nuit sans éclairage,21,21501,1,1,1,4.0,Auroroute A6 Pk 263+766,47.253529,4.548512,19:25:00,2024-02-26
202400041492,19:05,Plein jour,973,97302,2,3,1,1.0,NEGRES MARONS (RUE DES) CITE BONHOMME,4.92376115,-52.31951639,19:05:00,2024-04-03
202400041493,23:33,Nuit sans éclairage,53,53163,1,1,1,7.0,D140,48.1614,-0.472632,23:33:00,2024-07-18
202400041494,07:20,Plein jour,27,27074,1,1,1,5.0,D613,49.154847,0.643478,07:20:00,2024-05-12
202400041495,11:50,Plein jour,62,62261,2,1,1,6.0,Boulevard de Berck,50.478081,1.594402,11:50:00,2024-02-27
202400041496,08:27,Plein jour,973,97302,1,6,1,2.0,CATAYEE (JUSTIN),4.92432367,-52.32422769,08:27:00,2024-04-03
202400041497,20:20,Plein jour,28,28227,1,1,1,6.0,D906,48.596204,1.601233,20:20:00,2024-05-10
202400041498,17:20,Plein jour,24,24218,1,3,1,1.0,la Jarousse,45.503595,1.117449,17:20:00,2024-07-18
202400041499,17:00,Plein jour,30,30334,2,1,1,7.0,1 Place des Cordeliers,44.01266,4.416185,17:00:00,2024-02-26
202400041500,13:30,Plein jour,973,97302,1,3,1,3.0,COLLERY (ZONE INDUSTRIELLE),4.90160688,-52.32631981,13:30:00,2024-04-02
202400041501,11:46,Plein jour,87,87116,1,6,2,3.0,pk 39 N147,46.13831,1.056625,11:46:00,2024-05-12
202400041502,14:30,Plein jour,04,04055,1,1,1,3.0,N85,43.967515,6.313893,14:30:00,2024-07-18
202400041503,07:50,Plein jour,971,97105,2,1,7,6.0,BOLOGNE (ROUTE DE),16.00757,-61.73047,07:50:00,2024-04-03
202400041504,10:30,Plein jour,37,37134,1,1,2,7.0,Rue des Jardins,47.178293,0.735848,10:30:00,2024-05-12
202400041505,18:20,Plein jour,88,88128,2,1,1,6.0,Chemin de Chenaux,48.334029,6.962349,18:20:00,2024-05-11
202400041506,19:30,Plein jour,77,77284,2,1,2,1.0,GALLIENI (AVENUE),48.95861,2.87256,19:30:00,2024-08-24
202400041507,23:20,Nuit sans éclairage,85,85234,1,1,1,1.0,D38b,46.801367,-2.066331,23:20:00,2024-07-18
202400041508,07:30,Crépuscule,91,91225,1,1,2,2.0,N6,48.663534,2.514164,07:30:00,2024-02-25
202400041509,16:49,Plein jour,84,84080,2,2,1,3.0,CARPENTRAS ROUTE DE,44.036,5.00687,16:49:00,2024-04-03
202400041510,00:30,Nuit avec éclairage,88,88124,2,1,1,1.0,Rue Lecomte,48.086655,6.039627,00:30:00,2024-05-12
202400041511,10:00,Plein jour,71,71105,2,1,1,6.0,DAVAYE (ROUTE DE),46.30254,4.79458,10:00:00,2024-08-24
202400041512,16:15,Plein jour,51,51152,1,1,2,6.0,"Chemin rural N°12 dit ""de Ludes au Moulin""",49.15544,4.067549,16:15:00,2024-02-23
202400041513,08:00,Plein jour,17,17396,1,1,1,1.0,D115,46.203374,-0.873102,08:00:00,2024-07-19
202400041514,01:30,Nuit sans éclairage,51,51231,1,1,2,6.0,D3,48.97260515,4.44363534,01:30:00,2024-02-27
202400041515,07:00,Plein jour,23,23013,1,1,1,6.0,2 Rue du Moulin Pointu,46.024464,2.503105,07:00:00,2024-07-19
202400041516,21:45,Nuit sans éclairage,01,01265,1,1,1,6.0,A 404 PK 007+700 direction Oyonnax,46.18988,5.573978,21:45:00,2024-05-11
202400041517,13:15,Plein jour,48,48094,1,1,1,7.0,RD 32,44.34598,3.233886,13:15:00,2024-07-18
202400041518,16:50,Plein jour,56,56177,1,2,1,3.0,Les Quatre Chemins,47.800991,-2.934723,16:50:00,2024-02-26
202400041519,10:30,Plein jour,78,78455,2,1,1,6.0,30 Residence de l?Oree de Marly,48.843173,2.06852,10:30:00,2024-05-10
202400041520,00:30,,67,67447,2,3,1,3.0,GENERAL DE GAULLE (ROUTE DU),48.60814,7.73511,00:30:00,2024-08-24
202400041521,11:50,Plein jour,48,48193,1,1,1,7.0,D49,44.251724,3.587186,11:50:00,2024-07-17
202400041522,11:50,Plein jour,76,76560,2,1,1,7.0,Route du Parc Languet,49.419904,1.190482,11:50:00,2024-02-27
202400041523,12:30,Plein jour,48,48043,1,1,1,6.0,Route nationale 88,44.620021,3.675415,12:30:00,2024-07-18
202400041524,12:50,Plein jour,63,63236,1,1,1,6.0,D983,45.594477,2.821813,12:50:00,2024-05-11
202400041525,19:00,,63,63430,2,3,2,1.0,Rue du Ruisseau,45.84565358,3.52989435,19:00:00,2024-02-27
202400041526,03:50,,64,64445,2,9,1,6.0,boulevard du Cami Salie,43.33267,-0.36763,03:50:00,2024-08-24
202400041527,01:05,Nuit sans éclairage,74,74118,2,1,1,6.0,18 AOUT (RUE DU),46.17093,6.21021,01:05:00,2024-04-03
202400041528,15:52,Plein jour,61,61007,1,1,1,6.0,D229 PR6+900,48.796178,-0.446469,15:52:00,2024-02-27
202400041529,12:00,Plein jour,88,88165,2,1,7,3.0,Avenue Charles de Gaulle,48.373013,6.877326,12:00:00,2024-07-19
202400041530,14:30,Plein jour,13,13067,1,1,1,4.0,A7 - PK 216+100 - SNES N/S,43.78125912,5.05419166,14:30:00,2024-05-10
202400041531,19:50,Nuit sans éclairage,49,49178,1,1,2,6.0,La Porterie,47.614727,-0.939326,19:50:00,2024-02-23
202400041532,15:00,Plein jour,24,24331,1,1,1,6.0,1772 Route de Cyrano,44.794772,0.431235,15:00:00,2024-07-19
202400041533,19:45,Plein jour,66,66008,2,6,1,3.0,D618,42.551136,3.007411,19:45:00,2024-05-10
202400041534,02:10,Nuit sans éclairage,63,63300,1,1,1,6.0,RD 2009,45.91786,3.13507,02:10:00,2024-08-24
202400041535,03:25,Nuit sans éclairage,978,97801,1,1,1,7.0,RN7 belle plaine,18.058559,-63.044078,03:25:00,2024-02-05
202400041536,15:30,Plein jour,46,46090,1,2,2,3.0,lieu dit le Cornouiller RD 802,44.677478,1.735805,15:30:00,2024-02-26
202400041537,21:00,Nuit sans éclairage,84,84034,1,1,1,6.0,D25,43.896826,4.983362,21:00:00,2024-05-11
202400041538,15:15,Plein jour,68,68294,2,1,1,6.0,10 Rue Maurice Burrus,48.264477,7.233086,15:15:00,2024-05-11
202400041539,09:50,Plein jour,71,71076,2,3,1,3.0,DELIRY (RUE PIERRE),46.79782365,4.84957002,09:50:00,2024-04-02
202400041540,13:46,Plein jour,77,77360,1,1,1,1.0,D 231,48.735347,2.979784,13:46:00,2024-07-19
202400041541,17:45,Plein jour,86,86139,1,1,2,5.0,D150,46.419214,0.101449,17:45:00,2024-02-26
202400041542,18:02,Plein jour,67,67400,1,1,1,7.0,D264,48.985688,7.943416,18:02:00,2024-05-10
202400041543,12:15,Plein jour,63,63300,2,1,1,6.0, Parking magasin Aldi,45.9043,3.1017,12:15:00,2024-08-22
202400041544,16:27,Plein jour,88,88324,1,9,1,7.0,Rue de la Chouée,48.290335,5.88018,16:27:00,2024-05-10
202400041545,22:46,Nuit sans éclairage,69,69086,1,1,1,6.0,Autoroute 89,45.853532,4.654545,22:46:00,2024-07-18
202400041546,10:58,Plein jour,35,35299,1,3,1,3.0,Departementale 76,48.64352,-1.889002,10:58:00,2024-02-27
202400041547,16:50,Plein jour,55,55553,1,1,1,7.0,D958,48.789619,5.627661,16:50:00,2024-05-12
202400041548,21:10,Nuit avec éclairage,29,29163,2,6,1,6.0,Route de Morlaix,48.5178446,-3.86822981,21:10:00,2024-02-26
202400041549,09:10,Plein jour,69,69256,2,2,3,1.0,Avenue Salvador Allende,45.78071,4.92337,09:10:00,2024-04-03
202400041550,03:50,Nuit sans éclairage,29,29123,1,1,1,6.0,N164,48.20530861,-3.90566981,03:50:00,2024-02-27
202400041551,10:30,Plein jour,63,63247,1,3,1,2.0,route départementale 5,45.584161,2.935334,10:30:00,2024-05-11
202400041552,07:00,Plein jour,987,98747,1,3,1,2.0,"route du belvedere, intersection CFPA",-17.738886,-149.30008,07:00:00,2024-07-18
202400041553,14:50,Plein jour,63,63308,2,6,1,3.0,JAURES (AVENUE JEAN),45.76453,3.05481,14:50:00,2024-08-24
202400041554,18:50,Nuit sans éclairage,72,72375,1,1,1,7.0,Route Departementale 323,48.1478965,0.6329155,18:50:00,2024-02-27
202400041555,01:05,,69,69259,2,2,1,1.0,Boulevard Ambroise Croizat,45.70315213,4.88759269,01:05:00,2024-04-03
202400041556,09:30,Plein jour,63,63113,2,1,1,6.0,BESSE (RUE GEORGES),45.7806,3.13625,09:30:00,2024-08-24
202400041557,23:15,,69,69259,1,9,1,6.0,Boulevard Laurent Bonnevay,45.71956,4.87762,23:15:00,2024-04-02
202400041558,04:50,Nuit sans éclairage,62,62126,2,1,2,7.0,D72,50.54006,2.70915,04:50:00,2024-08-24
202400041559,08:45,Crépuscule,50,50181,1,1,7,2.0,le marais,49.163719,-1.296945,08:45:00,2024-02-27
202400041560,00:10,,64,64024,2,1,1,7.0,LAPORTE (AVENUE JEAN LEON),43.48816,-1.50019,00:10:00,2024-04-03
202400041561,12:30,Plein jour,42,42065,1,1,1,2.0,Route de Roanne,45.760525,4.218493,12:30:00,2024-05-12
202400041562,21:40,Nuit sans éclairage,988,98831,1,1,1,7.0,lieu dit bébé polo fatanaoué,-20.889447,164.691378,21:40:00,2024-07-02
202400041563,05:40,Crépuscule,59,59512,2,9,1,3.0,Boulevard de Fourmies,50.67651,3.17972,05:40:00,2024-08-24
202400041564,16:45,Plein jour,64,64096,1,1,2,3.0,PK 072+500 - RD 936,43.383468,-0.887784,16:45:00,2024-02-27
202400041565,19:45,Nuit sans éclairage,62,62217,1,1,3,6.0,D341,50.4976869,2.45406488,19:45:00,2024-03-02
202400041566,14:20,Plein jour,26,26064,1,1,1,1.0,D68,44.907046,4.985905,14:20:00,2024-05-10
202400041567,05:30,,10,10358,2,3,1,1.0,D671,48.171,4.2161,05:30:00,2024-02-27
202400041568,15:30,Plein jour,59,59041,2,9,1,2.0,EDMOND HAVRET (RUE),50.213731,3.863157,15:30:00,2024-08-23
202400041569,12:00,Plein jour,50,50041,1,1,1,6.0,Route de Sainte-croix,49.667225,-1.718802,12:00:00,2024-05-12
202400041570,10:38,Plein jour,56,56260,2,6,1,6.0,MONSABERT(BOULEVARD DU GENERAL DE),47.6644,-2.7806,10:38:00,2024-04-03
202400041571,14:10,Plein jour,22,22389,1,2,2,3.0,Avenue de Saint-Brieuc,48.471387,-2.71847,14:10:00,2024-04-28
202400041572,15:58,Plein jour,07,07010,2,1,8,7.0,Viaduc Daniel Aimé (Pont),45.248395,4.676158,15:58:00,2024-02-27
202400041573,23:40,Nuit sans éclairage,13,13104,2,1,1,3.0,Avenue Albert Camus,43.331437,5.106406,23:40:00,2024-07-18
202400041574,20:15,Plein jour,76,76250,1,9,1,3.0,Route d'Etretat,49.556551,0.327042,20:15:00,2024-05-11
202400041575,18:33,Plein jour,56,56121,2,1,2,4.0,D465 Desserte Portuaire,47.73657,-3.37664,18:33:00,2024-04-02
202400041576,11:48,Plein jour,91,91179,2,9,1,3.0,Rue du Bois de l'Ecu,48.567442,2.477285,11:48:00,2024-07-16
202400041577,20:05,Nuit sans éclairage,85,85146,1,1,3,1.0,RD23,46.9575,-1.23373,20:05:00,2024-02-26
202400041578,06:45,Plein jour,59,59350,2,1,1,3.0,Avenue de Dunkerque (Lomme),50.64573,2.98691,06:45:00,2024-08-24
202400041579,11:30,Plein jour,03,03256,1,1,8,6.0,A 71 PK 310+800,46.338541,2.883775,11:30:00,2024-02-27
202400041580,13:30,Plein jour,80,80212,2,1,1,3.0,Rempart des Poissonniers,49.905723,2.511197,13:30:00,2024-05-10
202400041581,12:50,Plein jour,30,30080,1,1,1,1.0,D52,44.283845,3.987415,12:50:00,2024-07-19
202400041582,15:15,Plein jour,54,54395,2,3,1,6.0,Rue des Brice,48.67933928,6.18195266,15:15:00,2024-04-02
202400041583,17:10,Plein jour,59,59212,2,6,1,2.0,Rue de Merville,50.642769,2.70673,17:10:00,2024-05-09
202400041584,17:00,Plein jour,54,54395,2,2,1,3.0,Rue de Tomblaine,48.6876587,6.20552927,17:00:00,2024-08-24
202400041585,11:30,Plein jour,84,84105,1,1,1,1.0,Route Departementale 900,43.870995,5.451812,11:30:00,2024-07-19
202400041586,18:35,Plein jour,13,13070,1,1,1,2.0,A50-Sens Aubagne vers Marseille,43.28581626,5.51152327,18:35:00,2024-05-10
202400041587,11:15,Plein jour,54,54395,2,2,1,3.0,Rue Charles Sadoul,48.67902111,6.18515119,11:15:00,2024-04-02
202400041588,18:40,Plein jour,83,83064,1,1,1,1.0,Route Departementale 64,43.331796,6.022525,18:40:00,2024-07-19
202400041589,18:20,Plein jour,13,13211,1,1,1,2.0,A50-Sens Aubagne vers Marseille,43.28694005,5.4357114,18:20:00,2024-05-10
202400041590,16:32,Plein jour,51,51454,2,6,1,3.0,CHAMPAGNE   (  AVENUE DE),49.22051,4.02153,16:32:00,2024-08-24
202400041591,08:53,Plein jour,49,49007,2,1,1,2.0,CHAUMIN BOULEVARD,47.45024,-0.55782,08:53:00,2024-03-29
202400041592,15:12,Plein jour,13,13082,1,1,1,7.0,D543,43.689474,5.342225,15:12:00,2024-07-18
202400041593,14:00,Plein jour,50,50218,2,1,3,7.0,ANTILLES (BOULEVARD DES),48.83381,-1.57098,14:00:00,2024-08-24
202400041594,13:40,Plein jour,43,43157,2,3,1,1.0,Rue Burel,45.04093407,3.88626069,13:40:00,2024-04-03
202400041595,22:25,Nuit sans éclairage,33,33090,1,1,1,4.0,Unknown,44.773,-0.655,22:25:00,2024-05-11
202400041596,17:47,Plein jour,70,70046,1,1,1,5.0,Route de Vy-les-lure,47.628727,6.453695,17:47:00,2024-07-18
202400041597,21:55,Nuit sans éclairage,42,42305,1,1,1,6.0,Rue Jean Rostand,45.46713,4.43137,21:55:00,2024-08-23
202400041598,19:55,Plein jour,75,75113,1,1,1,6.0,A6B,48.81645485,2.3582861,19:55:00,2024-05-11
202400041599,00:10,Nuit sans éclairage,63,63417,1,1,1,7.0,Sayat,45.84676184,3.023936,00:10:00,2024-07-19
202400041600,08:20,Plein jour,55,55097,2,2,1,3.0,rue principale / Rue de l'eglise,48.602652,5.681241,08:20:00,2024-02-23
202400041601,11:00,Plein jour,51,51278,1,1,2,6.0,A26 pk299+500,49.054677,4.28673,11:00:00,2024-02-27
202400041602,15:00,Plein jour,73,73051,1,1,1,6.0,D42 Route du Relais,45.65418145,5.84725794,15:00:00,2024-07-18
202400041603,08:45,Plein jour,91,91692,1,1,1,7.0,AUTOROUTE A10,48.67651,2.20169,08:45:00,2024-05-11
202400041604,15:35,Plein jour,38,38185,2,1,1,6.0,RUE ABBÉ GRÉGOIRE,45.18792,5.71248,15:35:00,2024-04-02
202400041605,07:00,Plein jour,91,91377,1,1,1,3.0,RD 188,48.7266,2.2843,07:00:00,2024-05-11
202400041606,10:30,Plein jour,42,42168,2,1,1,3.0,Rue du Stade,45.419685,4.676238,10:30:00,2024-07-14
202400041607,17:55,Crépuscule,73,73257,1,3,1,3.0,D117,45.41541744,6.48764076,17:55:00,2024-02-26
202400041608,19:20,Plein jour,34,34172,2,1,1,2.0,MAURIN (AVENUE DE,43.598385,3.875779,19:20:00,2024-04-03
202400041609,15:21,Plein jour,92,92048,1,1,1,2.0,N118,48.79727463,2.21701222,15:21:00,2024-05-11
202400041610,19:45,,33,33199,2,1,1,3.0,26 Cours de Verdun,44.636134,-1.075263,19:45:00,2024-02-26
202400041611,16:10,Plein jour,07,07297,1,1,1,1.0,D219,44.98576368,4.75989894,16:10:00,2024-07-19
202400041612,19:10,Plein jour,93,93006,1,1,1,3.0,A3,48.86562694,2.41958736,19:10:00,2024-05-11
202400041613,17:00,Plein jour,29,29232,2,1,1,6.0,Rue Paul Borrossi,47.9887,-4.1303,17:00:00,2024-03-29
202400041614,19:00,,77,77437,2,1,2,6.0,11 Rue du Maréchal Galliéni,49.034013,2.804325,19:00:00,2024-02-26
202400041615,14:45,Plein jour,77,77273,1,1,2,6.0,D41,49.048855,2.76311,14:45:00,2024-02-23
202400041616,16:55,Plein jour,07,07322,2,1,1,1.0,370 Avenue des Platanes,44.673605,4.214271,16:55:00,2024-07-13
202400041617,09:10,Plein jour,31,31555,2,3,1,3.0,RTE DE NARBONNE,43.57,1.45547,09:10:00,2024-08-24
202400041618,00:15,,93,93006,1,1,1,5.0,A3,48.86576613,2.42064352,00:15:00,2024-05-11
202400041619,06:16,Plein jour,31,31555,1,9,1,6.0,RUE CAUSSADE,43.64683758,1.46942005,06:16:00,2024-08-24
202400041620,23:05,Nuit sans éclairage,69,69197,1,1,1,1.0,Route du Terrier,46.053235,4.674457,23:05:00,2024-07-18
202400041621,15:20,Plein jour,94,94018,1,1,1,2.0,A4,48.82253799,2.39690691,15:20:00,2024-05-11
202400041622,15:15,Plein jour,2B,2B350,1,1,2,1.0,RT 20,42.52251,9.424129,15:15:00,2024-02-27
202400041623,19:15,Plein jour,27,27681,2,1,1,2.0,FOCH (AVENUE DU MARECHAL),49.0961,1.48304,19:15:00,2024-04-03
202400041624,14:50,Plein jour,69,69116,1,1,7,7.0,Route du Mont Verdun,45.840569,4.778516,14:50:00,2024-07-18
202400041625,07:50,Plein jour,42,42165,1,1,8,1.0,Chemin de chez paradis,45.780675,4.315213,07:50:00,2024-02-26
202400041626,11:00,Plein jour,17,17415,1,1,1,2.0,route nationale 141,45.7273,-0.63458,11:00:00,2024-08-24
202400041627,13:20,Plein jour,77,77249,1,1,1,4.0,RN104,48.75684101,2.61553866,13:20:00,2024-05-11
202400041628,09:04,Plein jour,21,21231,2,1,1,6.0,Rue Jean Moulin,47.327339,5.071795,09:04:00,2024-04-02
202400041629,17:15,Plein jour,09,09160,2,1,1,6.0,Place du 19 Mars 1962,42.928108,1.841153,17:15:00,2024-06-10
202400041630,14:00,Plein jour,81,81150,1,9,1,3.0,D630,43.741957,1.736355,14:00:00,2024-02-22
202400041631,13:03,Plein jour,94,94033,1,1,1,4.0,A86,48.85214228,2.49027409,13:03:00,2024-05-11