Num_Acc,hrmn,lum,dep,com,agg,int,atm,col,adr,lat,long,heure,date
202400041632,11:15,Plein jour,17,17333,2,1,1,6.0,FOCH (DU MARECHAL),45.60423,-0.99793,11:15:00,2024-08-24
202400041633,16:50,Plein jour,31,31187,2,1,1,6.0,Avenue du Château d'eau,43.532932,1.227652,16:50:00,2024-07-18
202400041634,17:18,Plein jour,18,18279,2,1,1,3.0,63 Rue Jules Louis Breton,47.22017,2.08278,17:18:00,2024-04-02
202400041635,17:20,Plein jour,85,85151,2,9,2,4.0,RD149,46.97162,-0.90375,17:20:00,2024-02-26
202400041636,18:30,Nuit sans éclairage,987,98736,1,1,1,6.0,HAMUTA (CHEMIN)-PIRAE,-17.54037,-149.54419,18:30:00,2024-05-08
202400041637,22:15,Nuit sans éclairage,72,72016,1,1,2,7.0,Lieu Dit La Gravetiere,47.907346,-0.333259,22:15:00,2024-02-24
202400041638,16:45,Plein jour,14,14220,2,1,2,7.0,43 Avenue Strassburger,49.35158,0.07654,16:45:00,2024-08-23
202400041639,09:50,Plein jour,64,64315,1,1,1,1.0,d217,43.291853,-0.436111,09:50:00,2024-07-19
202400041640,16:40,Plein jour,18,18279,2,1,1,3.0,84 Avenue Edouard Vaillant,47.23584,2.0612,16:40:00,2024-04-02
202400041641,10:40,Plein jour,974,97411,2,2,1,6.0,CHATEL (JEAN),-20.8789,55.45,10:40:00,2024-05-10
202400041642,22:50,,14,14117,2,1,1,6.0,21 Avenue des Tulipes,49.28437389,-0.12510896,22:50:00,2024-08-24
202400041643,18:00,,974,97411,2,1,1,6.0,PALMIERS (ROUTE DES),-20.88907,55.42434,18:00:00,2024-04-13
202400041644,04:10,Nuit sans éclairage,33,33279,1,4,1,6.0,Unknown,44.505627,-0.259646,04:10:00,2024-07-19
202400041645,13:30,Plein jour,59,59419,1,1,1,3.0,19 Route de Douai,50.511578,3.272547,13:30:00,2024-02-27
202400041646,17:20,Plein jour,974,97407,2,1,1,6.0,ROND POINT CITE RN4,-20.95432,55.30859,17:20:00,2024-05-10
202400041647,08:48,Plein jour,14,14574,1,3,1,3.0,30 Route de la Pommeraye,49.16017,0.19313,08:48:00,2024-04-02
202400041648,12:50,Plein jour,72,72154,2,6,1,3.0,Boulevard du Québec,47.704973,-0.088502,12:50:00,2024-07-16
202400041649,10:45,Plein jour,13,13202,2,1,1,3.0,SAINTE BARBE (RUE),43.30088425,5.37419438,10:45:00,2024-08-24
202400041650,00:30,,13,13214,1,1,2,2.0,A507 sens Marseille - Aubagne,43.3317,5.38692,00:30:00,2024-02-26
202400041651,06:10,Crépuscule,974,97407,1,1,1,3.0,ROUTE NATIONALE N° 1,-20.94925,55.3206,06:10:00,2024-05-10
202400041652,20:15,Plein jour,07,07281,2,1,1,7.0,COUBERTIN (RUE PIERRE DE),44.9473,4.8521,20:15:00,2024-04-02
202400041653,12:30,Plein jour,91,91161,1,1,2,2.0,AUTOROUTE A6,48.70415067,2.30629206,12:30:00,2024-02-26
202400041654,11:10,Plein jour,50,50444,1,9,1,3.0,La Croix au Coq,49.048072,-0.971421,11:10:00,2024-07-19
202400041655,05:20,,973,97302,2,3,2,6.0,MERE THERESA (rue),4.9176,-52.3128,05:20:00,2024-05-09
202400041656,08:00,Plein jour,92,92050,1,1,2,3.0,A86,48.89654272,2.19617162,08:00:00,2024-02-26
202400041657,18:30,Plein jour,22,22214,1,1,1,7.0,Route du Petit Train,48.743343,-2.974417,18:30:00,2024-07-19
202400041658,10:33,Plein jour,13,13005,2,1,1,5.0,CHARREL A FENESTRELLE CHEMIN DU,43.27485,5.55945,10:33:00,2024-08-24
202400041659,13:05,Plein jour,95,95212,1,1,1,4.0,A1,49.02591989,2.53649592,13:05:00,2024-02-25
202400041660,18:05,Plein jour,27,27568,2,1,1,7.0,D140,48.96697,0.887414,18:05:00,2024-07-18
202400041661,09:50,Plein jour,95,95212,1,1,8,7.0,ARPENTEUR (ROUTE DE L'),49.024092,2.535262,09:50:00,2024-02-25
202400041662,21:58,Nuit sans éclairage,94,94015,1,1,2,2.0,A4,48.82928864,2.52841632,21:58:00,2024-02-24
202400041663,16:10,Plein jour,80,80156,1,2,7,3.0,D1,49.901746,2.420511,16:10:00,2024-07-18
202400041664,02:36,Nuit sans éclairage,13,13211,1,1,1,2.0,A50-Sens Aubagne vers Marseille,43.28841,5.49951,02:36:00,2024-07-17
202400041665,04:00,Nuit sans éclairage,94,94017,1,1,2,2.0,A4,48.83020089,2.495767,04:00:00,2024-02-24
202400041666,16:45,Plein jour,12,12176,1,1,1,5.0,D888,44.373013,2.634903,16:45:00,2024-08-21
202400041667,06:25,Crépuscule,75,75118,2,1,1,6.0,BD PERIPHERIQUE INTERIEUR,48.900815,2.339917,06:25:00,2024-02-25
202400041668,16:45,Plein jour,54,54123,1,1,1,4.0,Autoroute A 33,48.64544,6.14394,16:45:00,2024-07-09
202400041669,06:45,,75,75117,2,1,1,2.0,BD PERIPHERIQUE INTERIEUR,48.90053,2.326254,06:45:00,2024-02-25
202400041670,00:15,,75,75116,2,1,2,7.0,ECHANGEUR MAILLOT,48.87786651,2.27971137,00:15:00,2024-02-25
202400041671,07:55,Plein jour,33,33119,1,5,1,2.0,Unknown,44.853407,-0.50596,07:55:00,2024-07-18
202400041672,20:45,,75,75116,2,9,2,6.0,BOULEVARD EXELMANS,48.841512,2.263658,20:45:00,2024-02-25
202400041673,17:00,Plein jour,75,75116,2,4,3,3.0,BOULEVARD DE MONTMORENCY,48.848937,2.260756,17:00:00,2024-02-25
202400041674,04:30,Crépuscule,62,62186,1,1,1,2.0,A21,50.43498145,2.72218361,04:30:00,2024-07-14
202400041675,15:59,Plein jour,10,10357,2,1,1,4.0,Avenue du General de Gaulle,48.29847,4.11753,15:59:00,2024-08-23
202400041676,20:00,,75,75115,2,3,8,7.0,BOULEVARD VICTOR,48.833952,2.285349,20:00:00,2024-02-24
202400041677,18:50,Plein jour,91,91340,1,1,1,4.0,RN 104,48.6089,2.4384,18:50:00,2024-07-18
202400041678,04:00,,07,07102,2,1,1,7.0,REPUBLIQUE (AV. DE LA) [DU N° AU N°],44.93695,4.86812,04:00:00,2024-08-24
202400041679,02:20,,75,75113,2,3,1,5.0,QUAI D AUSTERLITZ,48.838645,2.372312,02:20:00,2024-02-25
202400041680,11:31,Plein jour,91,91174,1,1,1,3.0,RN 104,48.62032,2.4606,11:31:00,2024-07-18
202400041681,13:10,Plein jour,75,75111,2,3,8,3.0,RUE FAIDHERBE,48.853345,2.382742,13:10:00,2024-02-25
202400041682,09:45,Plein jour,75,75114,1,1,1,7.0,A6A,48.81698567,2.33487904,09:45:00,2024-07-17
202400041683,14:45,Plein jour,75,75108,2,7,2,1.0,PLACE DE LA CONCORDE,48.866505,2.32204,14:45:00,2024-02-25
202400041684,19:15,Plein jour,01,01053,2,1,1,2.0,DE GAULLE ( BD GAL) IMPAIR,46.19863,5.23997,19:15:00,2024-08-24
202400041685,11:45,Plein jour,93,93007,1,1,1,4.0,AUTOROUTE A1,48.94774549,2.44391968,11:45:00,2024-07-18
202400041686,14:30,Plein jour,93,93077,2,1,2,3.0,Avenue du Général Galliéni,48.8930266,2.50321019,14:30:00,2024-02-25
202400041687,20:25,,93,93055,2,3,2,6.0,Rue Sainte Marguerite / Rue Henri Martin,48.90186348,2.39237219,20:25:00,2024-02-25
202400041688,14:05,Plein jour,93,93066,1,1,1,2.0,AUTOROUTE A1,48.93338949,2.37872257,14:05:00,2024-07-17
202400041689,18:30,Plein jour,75,75118,2,1,1,4.0,BD PERIPHERIQUE EXTERIEUR ,48.900909,2.337168,18:30:00,2024-08-23
202400041690,03:30,,93,93008,2,7,3,7.0,Avenue Paul Vaillant - Couturier / Pont de Bondy,48.905507,2.469756,03:30:00,2024-02-25
202400041691,17:15,Plein jour,77,77121,1,1,1,4.0,A4,48.8321,2.670487,17:15:00,2024-07-17
202400041692,10:55,Plein jour,29,29232,2,1,1,6.0,Avenue de la France Libre,48.004429,-4.098137,10:55:00,2024-04-27
202400041693,12:20,Plein jour,44,44009,1,1,8,6.0,Unknown,47.22594657,-1.47029896,12:20:00,2024-07-09
202400041694,07:55,Plein jour,44,44162,2,6,1,3.0,22 Boulevard du Massacre,47.23480951,-1.58866687,07:55:00,2024-07-09
202400041695,23:10,,44,44109,2,6,8,6.0,Rue Gaston Michel,47.21005401,-1.56169638,23:10:00,2024-07-09
202400041696,14:00,Plein jour,92,92046,2,2,2,3.0,JULE FERRY,48.81924558,2.29786795,14:00:00,2024-02-25
202400041697,12:15,Plein jour,92,92077,2,1,2,3.0,VERSAILLES (RUE DE),48.82209,2.18299,12:15:00,2024-02-25
202400041698,15:10,Plein jour,75,75120,2,2,1,2.0,RUE DES PYRENEES,48.864068,2.399138,15:10:00,2024-08-24
202400041699,10:15,Plein jour,74,74123,1,4,1,2.0,Route d'annecy,45.755336,6.273024,10:15:00,2024-05-04
202400041700,17:35,Crépuscule,92,92063,2,1,2,3.0,DIX-HUIT JUIN 1940 (AVENUE DU) EST,48.86549524,2.2033816,17:35:00,2024-02-25
202400041701,23:10,Nuit sans éclairage,74,74116,1,1,1,7.0,1133 Route de Cruseilles,46.051525,6.248581,23:10:00,2024-04-30
202400041702,16:30,Plein jour,92,92048,2,1,3,3.0,MAL DE LATTRE DE TASSIGNY (AVENUE),48.78451702,2.2259396,16:30:00,2024-02-25
202400041703,17:00,Plein jour,44,44190,2,1,1,6.0,63 Rue de la Fontaine,47.2049373,-1.48959495,17:00:00,2024-06-26
202400041704,15:45,Plein jour,92,92004,2,1,2,6.0,REDOUTE ( AVENUE DE LA  ),48.92974671,2.28266895,15:45:00,2024-02-25
202400041705,12:40,Plein jour,75,75116,2,3,1,3.0,AVENUE FOCH,48.871939,2.282547,12:40:00,2024-08-24
202400041706,13:40,Plein jour,76,76279,1,3,3,3.0,Route de la Gare,49.60852,0.593042,13:40:00,2024-02-25
202400041707,10:30,Plein jour,74,74224,2,3,1,3.0,Rue de la patience,46.061963,6.319531,10:30:00,2024-05-10
202400041708,23:10,,75,75115,2,2,1,1.0,RUE DE LA PROCESSION,48.835703,2.311283,23:10:00,2024-08-23
202400041709,17:23,Plein jour,14,14710,1,9,1,3.0,Route de Pierrepont,48.896881,-0.340689,17:23:00,2024-02-24
202400041710,17:36,Plein jour,74,74267,1,3,1,5.0,Route du col de leschaux,45.838405,6.140172,17:36:00,2024-05-01
202400041711,18:45,Plein jour,75,75115,2,1,1,6.0,AVENUE EMILE ZOLA,48.84627,2.28003,18:45:00,2024-08-23
202400041712,17:50,Plein jour,86,86221,2,1,2,2.0,Rue de Volmerange les Mines,46.815567,0.367427,17:50:00,2024-02-14
202400041713,14:39,Plein jour,74,74148,1,1,1,6.0,D110,45.764709,6.109257,14:39:00,2024-05-01
202400041714,23:10,Nuit sans éclairage,67,67133,1,1,2,6.0,Départementale 122 graufthal,48.80792806,7.29635954,23:10:00,2024-02-25
202400041715,12:15,Plein jour,973,97362,2,1,1,7.0,chemin de la source,3.80977805,-54.14364499,12:15:00,2024-02-25
202400041716,09:50,Plein jour,74,74010,1,1,1,2.0,A41,45.957535,6.130411,09:50:00,2024-04-23
202400041717,07:55,Plein jour,68,68315,2,9,1,3.0,Route d'Issenheim,47.894331,7.227774,07:55:00,2024-02-23
202400041718,15:55,Plein jour,45,45155,2,2,1,3.0,96 Rue Jean Moulin,47.686245,2.65389,15:55:00,2024-04-21
202400041719,17:30,Plein jour,22,22305,1,1,2,1.0,Kergoet,48.274009,-2.182682,17:30:00,2024-02-24
202400041720,16:48,Plein jour,59,59037,2,9,7,6.0,Rue sadi carnot,50.191675,3.385565,16:48:00,2024-02-23
202400041721,17:45,Plein jour,75,75112,2,1,2,4.0,QUAI DE BERCY,48.831688,2.384633,17:45:00,2024-08-24
202400041722,07:46,Plein jour,01,01160,2,6,7,3.0,Rue de Meyrin,46.250125,6.101789,07:46:00,2024-03-22
202400041723,00:30,Nuit sans éclairage,67,67311,1,1,2,7.0,RD 721,48.264855,7.561684,00:30:00,2024-02-26
202400041724,16:30,Plein jour,2B,2B150,1,1,3,6.0,T30,42.604384,8.842868,16:30:00,2024-02-24
202400041725,17:20,Plein jour,81,81070,2,3,8,7.0,Avenue Jean Berenguier,43.81393833,1.73421818,17:20:00,2024-02-25
202400041726,15:09,Plein jour,987,98736,2,2,1,1.0,CHARLES DE GAULLE (AV),-17.53099,-149.55316,15:09:00,2024-07-16
202400041727,09:30,Plein jour,75,75111,2,2,1,3.0,AVENUE DE LA REPUBLIQUE,48.86635,2.368846,09:30:00,2024-08-24
202400041728,18:25,Crépuscule,71,71261,1,2,2,6.0,257 Rue du Chandelier,46.588586,4.986398,18:25:00,2024-02-26
202400041729,16:35,Plein jour,987,98735,2,1,1,7.0,TIPAERUI (CV),-17.55187,-149.57298,16:35:00,2024-07-16
202400041730,16:20,Plein jour,71,71149,2,1,1,1.0,Rue de la Varenne,46.87616145,4.56169121,16:20:00,2024-02-26
202400041731,15:28,Plein jour,973,97302,2,1,1,3.0,RABAN (ROUTE DE),4.92628853,-52.31371853,15:28:00,2024-07-17
202400041732,11:03,Plein jour,75,75109,2,3,1,6.0,RUE DU FAUBOURG MONTMARTRE,48.87269,2.34317,11:03:00,2024-08-24
202400041733,00:45,Nuit sans éclairage,973,97309,2,1,1,1.0,TROUBIRAN (CHEMIN DE),4.92048,-52.30425,00:45:00,2024-07-17
202400041734,12:15,Plein jour,71,71550,2,2,1,3.0,Rue de la Barre,46.500257,4.89847,12:15:00,2024-02-26
202400041735,04:05,,971,97113,2,1,1,6.0,SECTEUR DAMPIERRE,16.20845,-61.46831,04:05:00,2024-07-17
202400041736,08:08,Plein jour,41,41080,1,2,8,3.0,D976,47.331381,1.166149,08:08:00,2024-02-19
202400041737,07:40,Plein jour,2A,2A004,2,1,1,2.0,RECCO ABBE BOULEVARD,41.93733,8.73755,07:40:00,2024-07-17
202400041738,02:05,,75,75109,2,2,1,6.0,RUE DE DOUAI,48.881921,2.334316,02:05:00,2024-08-24
202400041739,18:30,Crépuscule,44,44185,2,1,1,6.0,74 Avenue  Jean Burel,47.647877,-2.082912,18:30:00,2024-02-11
202400041740,05:45,Nuit sans éclairage,31,31341,1,1,2,6.0,route departementale 17,43.7252275,1.2477621,05:45:00,2024-02-24
202400041741,19:09,Plein jour,94,94073,2,1,1,3.0,Rue Romain Gary,48.767,2.3804,19:09:00,2024-08-24
202400041742,22:30,Nuit avec éclairage,95,95018,2,3,1,3.0,D41,48.95113396,2.26486713,22:30:00,2024-07-17
202400041743,14:10,Plein jour,26,26234,1,1,1,2.0,D164,44.70766,5.079868,14:10:00,2024-02-26
202400041744,14:15,Plein jour,94,94022,2,2,1,6.0,Rue Robert Peary,48.75427,2.41347,14:15:00,2024-08-24
202400041745,23:50,,91,91027,2,2,1,7.0,AV FRANCOIS MITTERRAND,48.70887,2.37143,23:50:00,2024-07-18
202400041746,12:50,Plein jour,91,91027,2,2,1,1.0,AV HENRI DUNANT,48.70995,2.38577,12:50:00,2024-07-17
202400041747,12:45,Plein jour,93,93066,2,1,1,4.0,Avenue du Général de Gaulle,48.92505785,2.36515509,12:45:00,2024-08-24
202400041748,17:00,Plein jour,91,91228,2,3,1,3.0,RUE HENRI ROCHEFORT,48.62139,2.44174,17:00:00,2024-07-17
202400041749,23:10,,93,93077,2,1,1,6.0,Rue Marcel Douret,48.88089,2.50923,23:10:00,2024-08-23
202400041750,14:55,Plein jour,86,86194,2,1,1,3.0,Rue de Bignoux,46.58455,0.36775,14:55:00,2024-07-16
202400041751,15:08,Plein jour,84,84031,2,9,1,6.0,WILSON AVENUE,44.05045,5.04585,15:08:00,2024-05-17
202400041752,22:45,,93,93057,2,5,1,1.0,Avenue Aristide Briand / Avenue Jules Guesde,48.91051,2.51229,22:45:00,2024-08-24
202400041753,14:00,Plein jour,84,84007,2,2,1,1.0,TRILLADE (avenue de la ),43.93885,4.81989,14:00:00,2024-07-17
202400041754,16:15,Plein jour,92,92050,2,1,1,6.0,CLEMENCEAU GEORGES AVENUE N°IMPAIR,48.88697644,2.20120937,16:15:00,2024-08-24
202400041755,19:50,Plein jour,83,83137,2,3,1,3.0,PICOT (AVE DU COLONEL),43.12752,5.96297,19:50:00,2024-07-17
202400041756,13:40,Plein jour,92,92007,2,2,1,3.0,VAILLANT-COUTURIER (AVENU PAUL),48.7958705,2.31712818,13:40:00,2024-08-24
202400041757,08:22,Plein jour,83,83062,2,6,1,6.0,CRETES (CHEMON DES),43.12246163,5.98677099,08:22:00,2024-07-17
202400041758,23:55,,83,83144,2,9,1,6.0,LIBERATION (AVE DE LA),43.14495833,5.98323584,23:55:00,2024-07-16
202400041759,12:30,Plein jour,92,92014,2,1,1,7.0,FONTENAY (RUE),48.78409593,2.31329494,12:30:00,2024-08-24
202400041760,17:10,Plein jour,83,83034,2,6,1,6.0,BOULEVARD DE LA LIBERTÉ,43.09245,6.0771,17:10:00,2024-07-14
202400041761,10:48,Plein jour,974,97415,2,1,1,3.0,route des premiers français,-21.014745,55.261821,10:48:00,2024-08-24
202400041762,01:20,Nuit sans éclairage,77,77373,2,1,1,7.0,RUE DE MONTHETY,48.77634,2.6066,01:20:00,2024-07-16
202400041763,16:00,Plein jour,76,76351,2,2,1,1.0,MARC BLOCH,49.516021,0.120902,16:00:00,2024-07-15
202400041764,07:40,Plein jour,72,72181,2,1,1,6.0,GENESLAY FELIX (AV) N° IMP 1 A 151,47.97799,0.20817,07:40:00,2024-07-17
202400041765,17:31,Plein jour,68,68097,1,4,1,3.0,D11iii,48.160665,7.200712,17:31:00,2024-08-24
202400041766,19:55,Plein jour,68,68066,2,1,1,6.0,Rue Edmond Marin la Meslée,48.10291,7.36049,19:55:00,2024-07-17
202400041767,22:45,,28,28088,2,1,6,6.0,32a Rue de Nivouville,48.054967,1.347172,22:45:00,2024-08-24
202400041768,02:45,Nuit sans éclairage,85,85245,1,1,1,6.0,RD66,46.555408,-0.906758,02:45:00,2024-08-24
202400041769,06:45,Plein jour,66,66136,1,1,1,2.0,Unknown,42.723831,2.87633,06:45:00,2024-07-17
202400041770,15:25,Plein jour,23,23245,1,1,1,6.0,N145,46.19294,1.801447,15:25:00,2024-08-25
202400041771,20:15,Plein jour,64,64260,2,6,1,6.0,BAIE DE CHINGUDY (AVENUE DE LA),43.36514,-1.76978,20:15:00,2024-07-17
202400041772,18:45,Plein jour,64,64041,2,1,1,3.0,LABIELLE DE,43.276,-0.324,18:45:00,2024-07-17
202400041773,16:45,Plein jour,01,01322,1,4,1,3.0,D6,45.93937,4.801028,16:45:00,2024-08-24
202400041774,10:20,Plein jour,64,64024,2,6,1,2.0,JORLIS (ROND POINT DE),43.49809,-1.49467,10:20:00,2024-07-16
202400041775,09:30,Plein jour,63,63113,2,1,1,3.0,LIONDARDS (RUE DES),45.76431463,3.09224635,09:30:00,2024-07-17
202400041776,06:00,Nuit sans éclairage,12,12131,1,1,1,3.0,RD 1088,44.41527,2.63477,06:00:00,2024-08-25
202400041777,23:30,Nuit avec éclairage,62,62133,2,9,1,6.0,Rue Jules Mathieu,50.41282,2.8939,23:30:00,2024-07-14
202400041778,19:10,Plein jour,59,59350,2,1,1,1.0,Boulevard Montebello,50.62101,3.04644,19:10:00,2024-07-17
202400041779,12:35,Plein jour,01,01173,1,1,8,1.0,D1005,46.367809,6.0223,12:35:00,2024-08-25
202400041780,17:15,Plein jour,59,59637,2,1,1,6.0,NAVIE(RUE DE LA),50.39443,3.318,17:15:00,2024-07-12
202400041781,17:45,Plein jour,34,34014,1,1,1,1.0,D68,43.726731,3.899632,17:45:00,2024-08-24
202400041782,14:50,Plein jour,54,54099,2,6,1,6.0,D346,49.2599,5.93494,14:50:00,2024-07-17
202400041783,09:40,Plein jour,30,30047,2,1,1,7.0,Rue Joseph d'Arbaud,43.806233,4.434164,09:40:00,2024-08-25
202400041784,14:15,Plein jour,51,51128,1,1,1,6.0,Bievre,48.90727,3.708572,14:15:00,2024-08-25
202400041785,18:45,Plein jour,51,51454,2,3,1,3.0,FABIEN (RUE DU COLONNEL),49.24921,4.01665,18:45:00,2024-07-16
202400041786,19:45,Plein jour,83,83107,2,1,1,6.0,avenue Gabriel Peri,43.444962,6.638934,19:45:00,2024-06-16
202400041787,20:40,Nuit sans éclairage,2A,2A017,1,3,1,3.0,24 Strada di San Ghjuvanni,41.990852,8.768528,20:40:00,2024-02-02
202400041788,23:45,Nuit sans éclairage,08,08237,1,1,1,6.0,Unknown,49.826693,4.78204072,23:45:00,2024-06-15
202400041789,15:30,Plein jour,68,68063,2,1,1,3.0,18 Rue Raymond Poincare,47.807744,7.175554,15:30:00,2024-06-15
202400041790,17:40,Plein jour,80,80714,2,1,1,1.0,Route de Saint Valery,50.075008,1.434912,17:40:00,2024-08-25
202400041791,18:41,Plein jour,51,51454,2,2,1,4.0,MARCHANDEAU (AVENUE PAUL),49.24401,4.02759,18:41:00,2024-07-16
202400041792,19:05,Plein jour,81,81220,2,1,2,3.0,  6609B Avenue de l'Hermitage,43.828561,1.734389,19:05:00,2024-08-24
202400041793,17:15,Plein jour,68,68269,1,1,1,1.0,D106,48.188714,7.362149,17:15:00,2024-06-16
202400041794,14:14,Plein jour,73,73099,1,6,1,3.0,D925,45.45263655,6.10293031,14:14:00,2024-06-13
202400041795,03:40,Nuit sans éclairage,47,47031,2,1,1,2.0,DOCTEUR NOGUES (AV DU),44.19014,0.6535,03:40:00,2024-07-17
202400041796,15:00,Plein jour,38,38455,2,1,1,6.0,235 Chemin du Mollard,45.615519,5.315635,15:00:00,2024-06-14
202400041797,23:10,Nuit sans éclairage,89,89382,2,1,1,5.0,1 Rue d'Auxerre,47.902521,3.599349,23:10:00,2024-08-24
202400041798,14:52,Plein jour,38,38151,1,1,1,3.0,A.480,45.15931,5.70138,14:52:00,2024-07-15
202400041799,14:20,Plein jour,38,38205,2,1,1,3.0,65 Route de Villard,45.13009,5.580626,14:20:00,2024-06-17
202400041800,23:00,Nuit sans éclairage,63,63380,1,1,1,1.0,Route de Sapchat,45.58039897,2.9872102,23:00:00,2024-08-23
202400041801,08:15,Plein jour,34,34172,2,1,1,6.0,JUSSIEU (RUE ANTOINE-LAURENT),43.63629,3.87543,08:15:00,2024-07-17
202400041802,18:25,Plein jour,26,26347,2,1,1,1.0,Place du Taurobole,45.070854,4.836811,18:25:00,2024-06-16
202400041803,03:40,Nuit avec éclairage,27,27229,2,1,1,6.0,VERNON (RUE DE),49.03212,1.15726,03:40:00,2024-07-14
202400041804,17:00,Plein jour,26,26074,1,1,1,7.0,route de vassieux,44.951068,5.400268,17:00:00,2024-06-17
202400041805,13:25,Plein jour,25,25056,2,1,1,6.0,faubourg tarragnoz,47.22673,6.03266,13:25:00,2024-07-17
202400041806,08:20,Plein jour,07,07042,1,3,1,3.0,D4,44.384602,4.624262,08:20:00,2024-06-13
202400041807,06:00,Nuit sans éclairage,49,49364,1,4,1,4.0,D347,47.13087,-0.168566,06:00:00,2024-08-25
202400041808,23:45,,17,17300,2,1,1,2.0,REPUBLIQUE   BOULEVARD DE LA,46.13872,-1.14833,23:45:00,2024-07-17
202400041809,23:10,,65,65059,2,1,1,6.0,Rue Georges Lassalle,43.064048,0.151674,23:10:00,2024-06-16
202400041810,23:35,Nuit sans éclairage,65,65059,2,1,1,6.0,Route de Toulouse,43.080831,0.164291,23:35:00,2024-06-16
202400041811,11:05,Plein jour,49,49180,1,4,1,1.0,D79 PR9+340,47.370825,-0.116046,11:05:00,2024-08-25
202400041812,19:30,Plein jour,31,31395,2,1,1,6.0,55 Avenue des Pyrénées,43.453877,1.321836,19:30:00,2024-06-05
202400041813,00:40,,13,13211,2,2,1,1.0,VICINAL DE LA MILLIERE (CHEMIN),43.28914198,5.49701481,00:40:00,2024-07-17
202400041814,18:10,Plein jour,47,47086,1,1,1,6.0,770 Route de Miramont,44.666244,0.19637,18:10:00,2024-08-24
202400041815,08:20,Plein jour,64,64304,1,3,1,1.0,Route de l'Adour,43.491246,-1.382958,08:20:00,2024-06-17
202400041816,20:25,Plein jour,11,11262,2,1,1,2.0,Unknown,43.17157,2.97749,20:25:00,2024-07-17
202400041817,19:20,Plein jour,33,33498,1,1,1,1.0,Unknown,44.548644,-0.883777,19:20:00,2024-06-16
202400041818,15:50,Plein jour,68,68018,2,1,1,1.0,10 Rue du 27 Novembre,47.664311,7.164862,15:50:00,2024-08-25
202400041819,13:30,Plein jour,11,11262,2,1,1,5.0,Unknown,43.19906,2.97145,13:30:00,2024-07-17
202400041820,19:15,Plein jour,72,72378,1,2,1,3.0,Le Petit Gruau,47.830206,-0.283987,19:15:00,2024-06-16
202400041821,21:30,Nuit sans éclairage,44,44082,1,1,1,1.0,Le Chapeau Rouge,47.37906844,-1.3972425,21:30:00,2024-08-24
202400041822,02:00,Nuit sans éclairage,14,14258,1,1,2,6.0,D511,48.913327,-0.197378,02:00:00,2024-06-16
202400041823,11:40,Plein jour,11,11069,2,1,1,2.0,34 Avenue du Général Leclerc,43.21011,2.36435,11:40:00,2024-07-17
202400041824,15:45,Plein jour,29,29163,2,1,1,7.0,Rue Pasteur,48.508513,-3.877817,15:45:00,2024-08-24
202400041825,10:00,Plein jour,11,11069,1,1,1,3.0,Unknown,43.22321,2.36024,10:00:00,2024-07-16
202400041826,17:00,Plein jour,60,60700,2,1,1,4.0,D1001,49.388376,2.144378,17:00:00,2024-06-17
202400041827,03:05,Nuit sans éclairage,38,38144,1,1,1,6.0,D518,45.609399,5.083129,03:05:00,2024-08-24
202400041828,22:45,,07,07102,2,1,1,7.0,REPUBLIQUE (AV. DE LA) [DU N° AU N°],44.93266,4.88108,22:45:00,2024-07-17
202400041829,06:00,Nuit sans éclairage,26,26342,1,1,2,7.0,RD 341,44.339822,4.829484,06:00:00,2024-08-25
202400041830,21:20,Plein jour,75,75118,2,1,1,2.0,BD PERIPHERIQUE INTERIEUR,48.900787,2.338559,21:20:00,2024-07-16
202400041831,14:40,Plein jour,80,80317,1,1,1,7.0,D100,49.737323,2.099719,14:40:00,2024-06-17
202400041832,16:10,Plein jour,75,75119,2,1,1,7.0,RUE SIGMUND FREUD,48.884165,2.399456,16:10:00,2024-07-17
202400041833,03:30,Nuit sans éclairage,58,58142,1,2,1,3.0,C3 LIMANTON,47.02047,3.766401,03:30:00,2024-08-25
202400041834,04:45,Nuit sans éclairage,13,13043,1,1,1,3.0,A55-Sens Marseille vers Martigues,43.38385055,5.23250187,04:45:00,2024-06-14
202400041835,20:55,Plein jour,75,75115,2,2,1,3.0,RUE DE LA CONVENTION,48.844749,2.279874,20:55:00,2024-07-17
202400041836,10:20,Plein jour,66,66016,1,1,1,6.0,D914,42.45939156,3.14848423,10:20:00,2024-08-24
202400041837,00:01,,83,83090,1,9,1,2.0,A50,43.12562777,5.87700866,00:01:00,2024-06-16
202400041838,11:30,Plein jour,50,50407,1,1,1,6.0,Lentille,48.625266,-1.336652,11:30:00,2024-08-25
202400041839,19:00,Plein jour,75,75107,2,2,1,5.0,QUAI BRANLY,48.862295,2.301947,19:00:00,2024-07-17
202400041840,18:00,Plein jour,69,69389,1,1,1,4.0,Route de Métropole 6,45.76205,4.8057,18:00:00,2024-06-15
202400041841,04:30,,73,73128,1,3,1,6.0,D1201 - 25 Route de l'Albanais,45.709103,5.91194,04:30:00,2024-08-24
202400041842,16:35,Plein jour,75,75114,2,7,1,2.0,AVENUE DENFERT ROCHEREAU,48.834546,2.332611,16:35:00,2024-07-17
202400041843,16:45,Plein jour,91,91235,1,1,2,7.0,RN 104,48.62582,2.3553,16:45:00,2024-06-16