Num_Acc,hrmn,lum,dep,com,agg,int,atm,col,adr,lat,long,heure,date
202400041844,14:30,Plein jour,43,43241,1,3,1,3.0,Concis,44.937904,3.864012,14:30:00,2024-08-24
202400041845,02:53,Nuit sans éclairage,94,94076,1,1,1,3.0,AUTOROUTE A6A,48.79721145,2.34426549,02:53:00,2024-06-16
202400041846,09:30,Plein jour,75,75111,2,2,1,3.0,AVENUE PARMENTIER,48.866876,2.373355,09:30:00,2024-07-17
202400041847,03:30,Nuit sans éclairage,04,04021,1,1,1,7.0,D17,44.083501,6.112518,03:30:00,2024-08-21
202400041848,01:43,Nuit sans éclairage,91,91216,1,1,1,7.0,AUTOROUTE A6,48.68306,2.32908,01:43:00,2024-06-16
202400041849,06:50,Crépuscule,28,28367,1,1,1,6.0,D954,48.155494,1.842957,06:50:00,2024-08-25
202400041850,09:30,Plein jour,75,75111,2,3,1,3.0,AVENUE DE LA REPUBLIQUE,48.863293,2.384946,09:30:00,2024-07-17
202400041851,16:40,Plein jour,91,91689,1,1,1,4.0,AUTOROUTE A6,48.7263,2.3133,16:40:00,2024-06-15
202400041852,11:50,Plein jour,88,88275,1,1,1,7.0,Fouillaupré,48.321132,7.181668,11:50:00,2024-08-25
202400041853,16:04,Plein jour,75,75110,2,3,1,6.0,BOULEVARD DE MAGENTA,48.881968,2.350959,16:04:00,2024-07-17
202400041854,16:50,Plein jour,92,92025,1,1,1,5.0,A86,48.92201331,2.22672771,16:50:00,2024-06-16
202400041855,18:20,Plein jour,45,45032,1,1,1,2.0,Autoroute A6 PK 95+200,48.134977,2.926376,18:20:00,2024-08-25
202400041856,16:30,Plein jour,75,75104,2,2,1,2.0,QUAI DE L HOTEL DE VILLE,48.855835,2.350846,16:30:00,2024-07-17
202400041857,06:54,Plein jour,92,92050,1,1,2,2.0,A86,48.89167542,2.17700421,06:54:00,2024-06-16
202400041858,12:55,Plein jour,971,97119,2,1,1,3.0,Les Mangles,16.392336,-61.461071,12:55:00,2024-08-24
202400041859,14:45,Plein jour,75,75102,2,2,1,3.0,RUE ETIENNE MARCEL,48.86386311,2.34900087,14:45:00,2024-07-17
202400041860,19:00,Plein jour,92,92036,2,9,1,6.0,AUTOROUTE A15,48.94917898,2.28036318,19:00:00,2024-06-16
202400041861,18:20,Crépuscule,971,97129,1,1,1,2.0,Vinty,16.352591,-61.728745,18:20:00,2024-08-24
202400041862,18:30,Plein jour,93,93078,1,1,1,2.0,A104,48.96204339,2.54633608,18:30:00,2024-06-16
202400041863,14:35,Plein jour,75,75104,2,2,1,6.0,RUE DE LOBAU,48.856905,2.35379,14:35:00,2024-07-17
202400041864,11:55,Plein jour,2B,2B307,2,2,1,3.0,Départementale 109,42.382609,9.523679,11:55:00,2024-08-25
202400041865,14:00,Plein jour,93,93078,1,1,8,3.0,A104,48.95883814,2.53476623,14:00:00,2024-06-16
202400041866,12:25,Plein jour,94,94080,2,1,1,6.0,Avenue de la République,48.84968,2.43413,12:25:00,2024-07-17
202400041867,13:45,Plein jour,95,95061,1,1,1,6.0,N104,49.06799174,2.25449202,13:45:00,2024-06-16
202400041868,03:45,Nuit sans éclairage,34,34199,1,1,8,6.0,D13e5,43.478771,3.396084,03:45:00,2024-08-25
202400041869,09:40,Plein jour,95,95218,1,1,2,6.0,A15,49.03512876,2.09846616,09:40:00,2024-06-16
202400041870,02:06,Nuit sans éclairage,34,34135,1,1,8,6.0,D14,43.254025,3.155793,02:06:00,2024-08-25
202400041871,19:35,Plein jour,94,94076,2,1,1,2.0,114 Boulevard Maxime Gorki,48.792251,2.369506,19:35:00,2024-07-17
202400041872,19:00,Plein jour,94,94003,2,9,1,6.0,"20, avenue Laplace",48.8077,2.33441,19:00:00,2024-07-15
202400041873,01:00,Nuit sans éclairage,93,93066,1,1,8,2.0,A1,48.91936344,2.35754643,01:00:00,2024-06-16
202400041874,23:30,Nuit sans éclairage,83,83068,1,1,1,6.0,Route de Cogolin,43.266372,6.528689,23:30:00,2024-08-24
202400041875,22:10,Crépuscule,75,75120,2,1,1,7.0,ECHANGEUR BAGNOLET,48.86633561,2.41391838,22:10:00,2024-06-15
202400041876,18:45,Plein jour,83,83068,1,1,1,7.0,Chemin du Camp Marin,43.263644,6.531852,18:45:00,2024-08-24
202400041877,19:50,Plein jour,94,94074,2,1,1,2.0,Rue Gabriel Péri,48.7488,2.47098,19:50:00,2024-07-17
202400041878,15:10,Plein jour,95,95277,1,1,1,2.0,D170,48.97596217,2.48227551,15:10:00,2024-06-15
202400041879,14:15,Plein jour,94,94017,2,1,1,1.0,Boulevard de Stalingrad,48.82759,2.49406,14:15:00,2024-07-17
202400041880,07:40,Plein jour,83,83107,2,2,1,2.0,D559,43.360545,6.71674,07:40:00,2024-08-25
202400041881,20:15,Plein jour,77,77053,1,1,2,6.0,RN104,48.684965,2.598546,20:15:00,2024-06-16
202400041882,13:15,Plein jour,05,05065,1,1,1,6.0,route du Guil,44.677991,6.694794,13:15:00,2024-08-25
202400041883,05:30,Crépuscule,77,77053,1,1,1,7.0,RN104,48.682027,2.602894,05:30:00,2024-06-15
202400041884,07:00,Plein jour,93,93051,2,1,1,3.0,Avenue Emile Cossonneau,48.8494,2.56271,07:00:00,2024-07-17
202400041885,13:40,Plein jour,976,97611,2,9,1,3.0,mamoudzou centre-RP Passot quai colas (R,-12.7786,45.2319,13:40:00,2024-06-14
202400041886,04:15,Nuit sans éclairage,67,67261,1,1,3,7.0,2 Route de Mothern,48.959458,8.18261,04:15:00,2024-08-25
202400041887,19:05,Plein jour,92,92040,2,1,1,2.0,GALLIENI (BOULEVARD),48.83439306,2.26696908,19:05:00,2024-06-11
202400041888,15:35,Plein jour,93,93050,2,2,1,3.0,Rue Paul et Camille Thomoux / Avenue du General de Gaulle,48.85715,2.53135,15:35:00,2024-07-17
202400041889,10:59,Plein jour,73,73306,1,1,1,6.0,D902 Route du Télégraphe,45.19455578,6.45557776,10:59:00,2024-08-25
202400041890,17:20,Plein jour,15,15014,1,1,1,2.0,VC Déviation Aurillac,44.89406,2.4408,17:20:00,2024-06-05
202400041891,20:15,Crépuscule,38,38515,2,1,1,7.0,Route de Bourgoin,45.676479,5.316449,20:15:00,2024-08-23
202400041892,09:40,Plein jour,44,44162,2,1,1,2.0,Rue de la Maison Neuve,47.2318852,-1.64607346,09:40:00,2024-06-04
202400041893,19:00,Plein jour,93,93047,2,2,2,1.0,GENERAL LECLERC  (RUE DU),48.89842,2.57484,19:00:00,2024-07-06
202400041894,19:50,Plein jour,69,69121,1,1,1,6.0,Route de la Tour de Salvagny,45.841866,4.689295,19:50:00,2024-08-24
202400041895,18:30,Nuit sans éclairage,84,84129,2,1,2,6.0,Boulevard Salvador Allende,44.00323372,4.87968385,18:30:00,2024-02-22
202400041896,04:35,Nuit sans éclairage,81,81151,1,1,1,6.0,AL GRAND,43.614702,1.916503,04:35:00,2024-08-25
202400041897,02:15,,93,93029,2,3,1,3.0,Avenue Jean Jaures / Avenue Garibaldi,48.92069,2.44967,02:15:00,2024-07-17
202400041898,20:30,Plein jour,56,56241,1,1,1,7.0,Borderune,47.354165,-3.243751,20:30:00,2024-08-24
202400041899,16:55,Plein jour,84,84132,2,3,1,3.0,Chemin des Estourans,43.929287,4.998962,16:55:00,2024-02-17
202400041900,15:15,Plein jour,93,93001,2,5,1,1.0,Rue Danielle Casanova / Rue Charles Tillon,48.9185,2.39315,15:15:00,2024-07-17
202400041901,15:50,Plein jour,29,29104,1,2,1,3.0,Kerveleyen,48.266305,-4.338114,15:50:00,2024-08-25
202400041902,14:25,Plein jour,84,84092,2,5,1,1.0,Rue Alphonse Daudet,43.953908,4.855978,14:25:00,2024-02-03
202400041903,00:30,Nuit sans éclairage,60,60341,1,1,1,2.0,N2,49.086133,2.731797,00:30:00,2024-08-25
202400041904,08:10,Plein jour,93,93027,2,3,1,3.0,Rue Wangari Muta Maathi / Rue de Saint-Denis,48.93173,2.37765,08:10:00,2024-07-16
202400041905,20:13,,973,97302,2,1,1,3.0,BADUEL (ROUTE DE),4.93687,-52.31486,20:13:00,2024-06-15
202400041906,09:30,Plein jour,92,92075,2,1,1,6.0,LYCEE (BOULEVARD DU),48.82375056,2.28317399,09:30:00,2024-07-17
202400041907,15:25,Plein jour,59,59011,2,1,1,3.0,Rue Roger Salengro,50.531472,2.941697,15:25:00,2024-08-25
202400041908,18:18,,973,97302,2,3,1,3.0,CABASSOU (ROUTE DE),4.91747362,-52.31282938,18:18:00,2024-06-15
202400041909,15:15,Plein jour,92,92064,2,1,1,6.0,BEARN,48.84755325,2.22130072,15:15:00,2024-07-16
202400041910,08:05,Plein jour,972,97209,1,9,1,6.0,CHATEAUBOEUF (ROUTE DE),14.61409,-61.05129,08:05:00,2024-06-15
202400041911,21:58,,13,13202,1,1,1,2.0,TVPCD-Sens Les Ports vers Saint Victor,43.29765025,5.36426926,21:58:00,2024-08-23
202400041912,17:10,Plein jour,972,97209,2,1,1,7.0,ARAWAKS (AVENUE DES),14.61793,-61.04219,17:10:00,2024-06-14
202400041913,07:23,Plein jour,92,92063,2,1,1,6.0,CASANOVA (RUE DANIELLE),48.87661611,2.17667565,07:23:00,2024-07-17
202400041914,23:15,Nuit sans éclairage,69,69142,2,1,9,6.0,27 Quai Pierre Sémard,45.71956,4.81821,23:15:00,2024-06-15
202400041915,22:27,Nuit sans éclairage,13,13214,1,1,1,2.0,A7-Sens Lyon vers Marseille,43.33424,5.37717,22:27:00,2024-08-22
202400041916,00:45,,92,92062,2,1,1,2.0,BELLINI (RUE),48.88614228,2.25033157,00:45:00,2024-07-17
202400041917,14:20,Plein jour,67,67447,1,1,1,3.0,M35,48.60544,7.72813,14:20:00,2024-08-23
202400041918,17:22,Plein jour,92,92051,2,1,1,6.0,"CHARLES DE GAULLE (AVENUE, N°27 A 129)",48.88036162,2.27346003,17:22:00,2024-07-17
202400041919,20:30,Plein jour,69,69382,2,7,1,3.0,5 Place Bellecour,45.75881416,4.83097843,20:30:00,2024-06-15
202400041920,00:25,,92,92044,2,1,8,7.0,VERGNIAUD(RUE),48.88798343,2.28357332,00:25:00,2024-07-17
202400041921,14:15,Plein jour,33,33013,1,1,1,2.0,Unknown,44.86747,-0.5039,14:15:00,2024-08-24
202400041922,01:10,,69,69381,2,3,2,3.0,Quai André Lassagne,45.76900066,4.83779864,01:10:00,2024-06-15
202400041923,09:10,Plein jour,92,92024,2,9,1,3.0,GENERAL LECLERC (BD DU) (9 A 59)   (4 A,48.90235892,2.31395191,09:10:00,2024-07-16
202400041924,23:30,,971,97101,1,9,1,7.0,RN1 ROCADE DE CHAUVEL,16.23721,-61.52305,23:30:00,2024-06-14
202400041925,03:00,Nuit sans éclairage,92,92062,1,1,1,2.0,A14,48.89257845,2.2363987,03:00:00,2024-08-24
202400041926,06:55,Plein jour,34,34165,1,1,1,7.0,Chemin des Romains,43.519567,3.706963,06:55:00,2024-07-17
202400041927,18:15,Plein jour,91,91027,2,1,1,6.0,AV FRANCOIS MITTERRAND,48.70184,2.37181,18:15:00,2024-06-14
202400041928,18:44,Plein jour,78,78158,1,1,1,6.0,A13,48.83185,2.14328,18:44:00,2024-08-23
202400041929,14:30,Plein jour,35,35077,1,1,1,5.0,D95,47.848134,-1.220952,14:30:00,2024-07-18
202400041930,02:18,Nuit sans éclairage,86,86194,1,1,1,3.0,D910,46.601807,0.32453,02:18:00,2024-06-15
202400041931,15:30,Plein jour,33,33200,2,3,2,3.0,Unknown,44.85984,-0.67761,15:30:00,2024-09-27
202400041932,23:00,Nuit sans éclairage,93,93064,1,1,1,2.0,A86,48.88427014,2.46958851,23:00:00,2024-05-21
202400041933,09:20,Plein jour,67,67371,2,1,1,7.0,55 Route d'Ingwiller,48.857999,7.334157,09:20:00,2024-07-14
202400041934,02:30,Nuit sans éclairage,81,81065,1,1,1,6.0,47 (ROUTE DEPARTEMENTALE),43.6343,2.18797,02:30:00,2024-06-16
202400041935,14:05,Plein jour,93,93010,1,1,1,2.0,AUTOROUTE A3,48.90625339,2.47214056,14:05:00,2024-08-23
202400041936,21:00,Crépuscule,71,71166,1,1,1,7.0,Cuzy,46.74836,4.040973,21:00:00,2024-07-16
202400041937,20:33,Plein jour,81,81144,1,2,7,2.0,JAURES ( AVENUE JEAN ),43.95313,2.18646,20:33:00,2024-06-15
202400041938,10:00,Plein jour,33,33138,2,1,1,6.0,Unknown,45.042402,-0.127775,10:00:00,2024-07-17
202400041939,10:00,Plein jour,31,31555,2,2,1,3.0,RUE PIERRE PAUL RIQUET,43.6014,1.45409,10:00:00,2024-09-28
202400041940,22:20,Nuit avec éclairage,78,78396,1,1,1,1.0,PECQ (ROUTE DU),48.916766,2.115653,22:20:00,2024-06-15
202400041941,16:10,Plein jour,94,94046,1,1,1,2.0,A86,48.81182784,2.44912922,16:10:00,2024-08-24
202400041942,11:00,Plein jour,33,33327,2,2,1,2.0,Unknown,44.649662,-0.354245,11:00:00,2024-07-09
202400041943,11:20,Plein jour,78,78418,2,3,1,3.0,ONZE NOVEMBRE 1918 (RUE DU),48.9132,2.14726,11:20:00,2024-06-14
202400041944,22:55,Nuit sans éclairage,29,29019,2,1,1,1.0,avenue Victor Le Gorgeu,48.401644,-4.502021,22:55:00,2024-09-28
202400041945,19:25,Plein jour,94,94028,1,1,1,2.0,A86,48.79983715,2.44627859,19:25:00,2024-08-23
202400041946,13:00,Plein jour,68,68173,1,1,1,3.0,D11,48.114251,7.214627,13:00:00,2024-07-18
202400041947,23:40,Nuit sans éclairage,77,77258,1,1,1,1.0,A4.W,48.832027,2.649442,23:40:00,2024-08-22
202400041948,19:45,Plein jour,77,77372,1,3,1,1.0,D 934,48.88141,2.66091,19:45:00,2024-06-15
202400041949,19:30,Crépuscule,27,27375,2,1,1,6.0,MAISON ROUGE (RUE DE LA),49.2071,1.15455,19:30:00,2024-09-28
202400041950,14:55,Plein jour,68,68331,2,1,1,3.0,D13,48.040009,7.42237,14:55:00,2024-05-04
202400041951,16:27,Plein jour,74,74012,2,1,1,6.0,TOURNELLES (RUE DES),46.19685,6.24249,16:27:00,2024-06-15
202400041952,23:10,,57,57757,1,1,1,7.0,EDISON (RUE THOMAS),49.358,6.2267,23:10:00,2024-06-24
202400041953,11:10,Plein jour,67,67202,1,1,1,2.0,D7,48.768636,7.572906,11:10:00,2024-07-18
202400041954,17:15,Plein jour,17,17306,2,1,1,3.0,EXPRESS (VOIE),45.622293,-0.996343,17:15:00,2024-09-27
202400041955,04:30,,69,69256,2,6,2,1.0,Avenue Georges Dimitrov,45.77676,4.9212,04:30:00,2024-06-15
202400041956,10:25,Plein jour,987,98735,1,2,1,3.0,PRINCE HINOI (AVENUE BLOC STATION TAUNOA,-17.53216,-149.55623,10:25:00,2024-08-23
202400041957,19:45,Plein jour,42,42253,1,2,7,3.0,Route de Renaison,46.044165,3.997623,19:45:00,2024-07-17
202400041958,03:00,,69,69266,2,2,2,3.0,Rue des Bienvenus,45.77508,4.8787,03:00:00,2024-06-15
202400041959,18:56,,987,98736,2,5,1,3.0,CHARLES DE GAULLE (AV),-17.530937,-149.553165,18:56:00,2024-08-22
202400041960,10:12,Plein jour,69,69259,2,2,1,2.0,Boulevard de Jodino,45.69695878,4.88738971,10:12:00,2024-06-15
202400041961,15:30,Plein jour,38,38084,2,3,1,3.0,Le Grand Chemin,45.34439,5.5223,15:30:00,2024-07-17
202400041962,13:45,Plein jour,16,16358,2,9,1,6.0,Unknown,45.6749,0.1267,13:45:00,2024-09-28
202400041963,16:20,Plein jour,67,67482,2,1,1,6.0,LA FONTAINE (BOULEVARD),48.59121,7.7075,16:20:00,2024-06-15
202400041964,20:50,Nuit sans éclairage,973,97302,2,2,1,1.0,FLAMBOYANTS (RUE DES),4.92497037,-52.3171066,20:50:00,2024-08-23
202400041965,15:20,Plein jour,79,79163,1,1,1,1.0,Unknown,46.159885,0.055334,15:20:00,2024-07-17
202400041966,19:20,Plein jour,15,15014,2,1,2,7.0,Chemin de Coissy,44.91531,2.44479,19:20:00,2024-09-28
202400041967,12:40,Plein jour,64,64260,2,1,1,6.0,MER (BOULEVARD DE LA),43.37314912,-1.77384177,12:40:00,2024-06-15
202400041968,12:20,Plein jour,973,97302,2,3,1,3.0,TROUBIRAN (CHEMIN DE),4.92125042,-52.30405551,12:20:00,2024-08-23
202400041969,17:50,Plein jour,26,26010,1,1,1,1.0,D132,45.253248,4.932518,17:50:00,2024-07-18
202400041970,11:20,Plein jour,64,64335,2,3,1,5.0,CHENES DES,43.33846,-0.44196,11:20:00,2024-06-15
202400041971,19:50,Crépuscule,69,69389,2,1,1,6.0,16 Rue Sergent Michel Berthet,45.77329128,4.80539756,19:50:00,2024-08-23
202400041972,20:15,,13,13039,2,1,1,3.0,CAMILLE PELLETAN (avenue),43.43666509,4.94433158,20:15:00,2024-09-28
202400041973,17:00,Plein jour,42,42283,2,1,1,6.0,Route Pre Chevalier,45.555149,4.541624,17:00:00,2024-07-17
202400041974,11:40,Plein jour,64,64102,2,1,1,3.0,LOUIS DE FOIX (AVENUE),43.50930305,-1.46785196,11:40:00,2024-06-15
202400041975,08:20,Plein jour,69,69389,2,1,1,6.0,Rue Professeur Patel,45.76668,4.78964,08:20:00,2024-08-23
202400041976,16:30,Plein jour,30,30315,1,3,1,3.0,N100,43.951085,4.711155,16:30:00,2024-07-17
202400041977,21:45,,13,13208,2,1,1,1.0,MICHELET (BOULEVARD),43.27002,5.39235,21:45:00,2024-09-28
202400041978,17:13,Plein jour,63,63113,2,1,1,1.0,ITALIE (AVENUE DE L'),45.78192,3.09544,17:13:00,2024-06-14
202400041979,08:05,Plein jour,2B,2B037,1,1,1,2.0,TOUTES RUES,42.61314,9.43754,08:05:00,2024-08-23
202400041980,06:55,Crépuscule,21,21650,1,1,1,1.0,route de la Rente noire,47.278217,4.845319,06:55:00,2024-07-18
202400041981,19:45,Crépuscule,13,13209,2,1,1,6.0,BARTHELEMY (BOULEVARD),43.26773861,5.41295731,19:45:00,2024-09-28
202400041982,19:25,Plein jour,61,61006,2,3,3,3.0,VC,48.74313,-0.011969,19:25:00,2024-06-15
202400041983,22:40,,2A,2A004,2,9,1,3.0,BIANCAMARIA COLONEL ET CAPITAINE AVE,41.93271046,8.73745009,22:40:00,2024-08-23
202400041984,16:40,Plein jour,56,56094,1,1,1,2.0,Lieu Dit le Braigno,47.794952,-3.240924,16:40:00,2024-07-12
202400041985,16:45,Plein jour,59,59599,2,2,1,3.0,Boulevard d'Halluin,50.73413,3.1339,16:45:00,2024-06-14
202400041986,10:40,Plein jour,91,91027,1,3,2,3.0,AV FRANCOIS MITTERRAND,48.71613,2.37087,10:40:00,2024-08-23
202400041987,07:20,Crépuscule,13,13203,2,3,1,3.0,PLOMBIERES (BOULEVARD DES),43.32071,5.37882,07:20:00,2024-09-28
202400041988,08:20,Plein jour,59,59344,2,1,1,1.0,MARCEL RINGEVAL (RUE),50.18323,3.83547,08:20:00,2024-06-15
202400041989,18:05,Plein jour,76,76735,1,2,1,1.0,D925,49.864,0.771757,18:05:00,2024-07-17
202400041990,10:40,Plein jour,91,91228,2,3,1,3.0,RUE PAUL SABATIER,48.625,2.43213,10:40:00,2024-08-23
202400041991,01:00,,59,59350,2,6,2,3.0,Avenue Denis Cordonnier,50.6239,3.0805,01:00:00,2024-06-15
202400041992,09:58,Plein jour,82,82087,1,1,1,1.0,Route de Moissac,44.134005,1.190869,09:58:00,2024-07-18
202400041993,23:35,Nuit avec éclairage,13,13005,2,1,1,1.0,AVELANEDE (CHEMIN DE L'),43.29755,5.59061,23:35:00,2024-09-27
202400041994,17:25,Plein jour,59,59009,2,8,1,1.0,FLANDRE AVENUEE DE,50.66318,3.13899,17:25:00,2024-06-14
202400041995,11:00,Plein jour,89,89024,2,1,1,6.0,VAUX (ROUTE DE),47.78677,3.58751,11:00:00,2024-08-20
202400041996,14:35,Plein jour,59,59350,2,1,1,6.0,Rue Faidherbe,50.63395,3.11433,14:35:00,2024-06-15
202400041997,11:16,Plein jour,87,87085,2,1,1,6.0,BEAUBREUIL (PLACE DE),45.8798,1.29284,11:16:00,2024-08-23
202400041998,08:45,Plein jour,54,54483,2,1,1,6.0,Avenue Jolain,48.62832,6.29671,08:45:00,2024-06-15
202400041999,14:02,Plein jour,87,87085,2,1,1,7.0,APPERT (RUE NICOLAS),45.88329,1.28414,14:02:00,2024-08-18
202400042000,12:25,Plein jour,47,47001,2,1,1,6.0,BRU (AVENUE DU DOCTEUR JEAN),44.19393,0.62826,12:25:00,2024-06-15
202400042001,11:45,Plein jour,83,83090,2,1,1,2.0,BRIAND (AVE ARISTIDE),43.11868,5.88487,11:45:00,2024-08-23
202400042002,23:45,,47,47001,2,1,2,2.0,PONT DE PIERRE,44.19498887,0.61085272,23:45:00,2024-06-14
202400042003,14:18,Plein jour,10,10387,2,6,1,2.0,GEORGES POMPIDOU (RUE),48.2914,4.088,14:18:00,2024-09-28
202400042004,01:58,,10,10387,2,1,2,6.0,Rue William et Catherine Booth,48.30992,4.08538,01:58:00,2024-09-28
202400042005,11:30,Plein jour,06,06027,2,1,1,6.0,32 Avenue Cyrille Besset,43.66269,7.15491,11:30:00,2024-09-28
202400042006,18:00,Plein jour,45,45338,2,1,1,4.0,7 Rue Jean Mermoz,47.98067,2.72535,18:00:00,2024-06-15
202400042007,17:35,Plein jour,83,83069,2,2,7,3.0,MILLET (AVENUE ERNEST),43.11760575,6.12780797,17:35:00,2024-08-20
202400042008,14:53,Plein jour,83,83069,2,1,1,3.0,AEROPORT (AVENUE DE L'),43.10123,6.13095,14:53:00,2024-08-20
202400042009,11:10,Plein jour,45,45068,2,2,1,3.0,1 Rue Charles Péguy,48.014551,2.736673,11:10:00,2024-06-15
202400042010,08:10,Crépuscule,05,05061,2,3,8,3.0,Avenue Bernard Givaudan,44.54016,6.06401,08:10:00,2024-09-27
202400042011,18:40,Plein jour,78,78481,2,1,1,4.0,JEAN JAURES (AVENUE),48.89791,2.11179,18:40:00,2024-08-23
202400042012,19:40,Plein jour,44,44109,2,6,8,3.0,299 Route de Sainte Luce,47.24406,-1.5048,19:40:00,2024-06-15
202400042013,21:20,,77,77350,2,1,1,6.0,AV DU GENERAL LECLERC,48.775345,2.677827,21:20:00,2024-08-23
202400042014,16:50,Plein jour,03,03098,2,1,8,6.0,Rue de Stalingrad,46.36407,2.62082,16:50:00,2024-09-27
202400042015,22:55,,44,44109,2,6,1,3.0,Rue Paul Bellamy,47.221152,-1.5555481,22:55:00,2024-06-15
202400042016,18:30,Plein jour,77,77058,2,1,1,2.0,MARIE CURIE  (AVENUE),48.836129,2.730673,18:30:00,2024-08-23
202400042017,02:25,Nuit sans éclairage,42,42305,2,1,1,3.0,Rue Jean Perrin,45.46702,4.42299,02:25:00,2024-06-14
202400042018,07:55,Plein jour,71,71486,2,2,7,1.0,MAX DORMOY (AVENUE),46.64401,4.32996,07:55:00,2024-08-22
202400042019,14:55,Plein jour,02,02659,1,1,2,5.0,Unknown,49.8501,3.32857,14:55:00,2024-09-24
202400042020,19:10,Plein jour,35,35238,1,1,1,6.0,ROCADE 14-15,48.14189,-1.64413,19:10:00,2024-06-15
202400042021,17:20,Plein jour,69,69275,2,1,1,6.0,Avenue Jean Jaurès,45.77086419,4.95976421,17:20:00,2024-08-23
202400042022,12:30,Plein jour,35,35238,2,2,1,2.0,SAINT-HELIER,48.10697508,-1.67077214,12:30:00,2024-06-15
202400042023,21:15,,75,75120,2,1,2,5.0,BD PERIPHERIQUE INTERIEUR  ,48.855447,2.413826,21:15:00,2024-09-27
202400042024,03:45,,35,35238,2,2,1,1.0,ROOSEVELT (BD FRANKLIN),48.09811472,-1.6555506,03:45:00,2024-06-15
202400042025,09:00,Plein jour,69,69271,1,1,1,1.0,28 Route de Lyon,45.73902816,4.95794207,09:00:00,2024-08-22
202400042026,18:15,Plein jour,33,33063,2,1,1,2.0,Unknown,44.83884009,-0.5992189,18:15:00,2024-06-15
202400042027,14:02,Plein jour,75,75117,2,3,1,6.0,BOULEVARD GOUVION SAINT CYR,48.882999,2.287579,14:02:00,2024-09-27
202400042028,02:00,Nuit sans éclairage,33,33009,2,1,1,6.0,Unknown,44.64466,-1.19537,02:00:00,2024-06-15
202400042029,14:55,Plein jour,67,67482,2,3,7,3.0,MONTAGNE VERTE (RUE DE LA),48.56973,7.73371,14:55:00,2024-08-23
202400042030,10:50,Plein jour,30,30007,2,1,1,3.0,TORTUGUE (CHEMIN DE LA),44.1203,4.10929,10:50:00,2024-06-15
202400042031,14:30,Plein jour,64,64269,1,1,1,1.0,BIGORRE,43.29643,-0.31437,14:30:00,2024-08-22
202400042032,13:43,Plein jour,75,75119,2,1,1,3.0,AVENUE DE LA PORTE DE LA VILLETTE,48.898694,2.386076,13:43:00,2024-09-28
202400042033,14:20,Plein jour,27,27299,1,1,1,2.0,RN 154,49.054519,1.176476,14:20:00,2024-06-15
202400042034,12:07,Plein jour,63,63113,2,1,1,3.0,CUGNOT (RUE NICOLAS-JOSEPH),45.78769,3.12537,12:07:00,2024-08-23
202400042035,17:51,Plein jour,27,27229,2,1,3,6.0,HARROUARD (RUE D'),49.020532,1.123609,17:51:00,2024-06-14
202400042036,10:20,Plein jour,62,62498,2,1,1,6.0,Rue Jean Letienne,50.42861,2.82552,10:20:00,2024-08-26
202400042037,14:20,Plein jour,26,26008,1,1,1,2.0,Route de Rochemaure,44.57783,4.7109,14:20:00,2024-06-15
202400042038,14:45,Plein jour,75,75117,2,1,1,3.0,BOULEVARD DE REIMS,48.889061,2.297173,14:45:00,2024-09-28
202400042039,23:25,,59,59599,2,3,1,3.0,Boulevard d'Halluin,50.733447,3.134451,23:25:00,2024-08-23
202400042040,17:00,Plein jour,25,25204,1,6,1,5.0,R-N 57.,46.92473,6.33819,17:00:00,2024-06-14
202400042041,03:40,,75,75117,2,4,1,3.0,AVENUE DE CLICHY,48.894432,2.3134,03:40:00,2024-09-28
202400042042,11:20,Plein jour,14,14271,1,6,1,3.0,Route d'Harcourt,49.13288,-0.37749,11:20:00,2024-06-15
202400042043,22:25,,59,59426,2,9,1,3.0,VERTUQUET (RUE DU),50.759355,3.15243244,22:25:00,2024-08-23
202400042044,20:40,Plein jour,13,13205,2,1,1,1.0,JEAN MOULIN (BOULEVARD),43.2832,5.39,20:40:00,2024-06-15
202400042045,18:57,Plein jour,59,59367,2,2,2,3.0,FRESNOY (RUE DU),50.67403,3.226822,18:57:00,2024-08-23
202400042046,22:15,,75,75113,2,3,1,3.0,AVENUE D ITALIE,48.820413,2.359077,22:15:00,2024-09-28
202400042047,20:55,Plein jour,13,13206,2,2,1,3.0,BAILLE (BOULEVARD),43.28734,5.38902,20:55:00,2024-06-15
202400042048,07:20,Plein jour,59,59650,2,1,1,6.0,VALLON (RUE),50.70356,3.22681,07:20:00,2024-08-23
202400042049,20:00,Plein jour,13,13203,2,9,1,3.0,PLOMBIERES (BOULEVARD DES),43.3195,5.38406,20:00:00,2024-06-15
202400042050,11:00,Plein jour,75,75109,2,2,1,6.0,BOULEVARD HAUSSMANN,48.873801,2.328375,11:00:00,2024-09-28
202400042051,16:35,Plein jour,57,57631,2,1,1,6.0,Rue Allmend,49.11449,7.08669,16:35:00,2024-08-23
202400042052,20:13,Plein jour,13,13204,2,8,1,3.0,SAKAKINI (BOULEVARD),43.2997,5.40097,20:13:00,2024-06-14
202400042053,18:57,Crépuscule,56,56098,2,3,1,3.0,Rue Jacques Solomon,47.77344,-3.3457,18:57:00,2024-08-21
202400042054,07:30,Plein jour,06,06088,2,2,1,3.0,359 Promenade des Anglais,43.671343,7.22423,07:30:00,2024-06-15
202400042055,18:55,Plein jour,75,75108,2,2,2,3.0,BOULEVARD MALESHERBES,48.87486704,2.31989729,18:55:00,2024-09-27