Num_Acc,hrmn,lum,dep,com,agg,int,atm,col,adr,lat,long,heure,date
202400042056,02:50,,06,06088,2,1,1,6.0,405 Promenade des Anglais,43.669901,7.222171,02:50:00,2024-06-15
202400042057,15:35,Plein jour,01,01053,2,1,1,7.0,boulevard john kennedy,46.20584,5.24229,15:35:00,2024-06-15
202400042058,16:30,Plein jour,75,75108,2,1,2,6.0,BOULEVARD MALESHERBES,48.872663,2.321511,16:30:00,2024-09-27
202400042059,14:40,Plein jour,54,54578,2,2,1,1.0,Avenue Paul Muller,48.67034,6.15816,14:40:00,2024-08-22
202400042060,23:20,,75,75120,2,1,1,4.0,BD PERIPHERIQUE EXTERIEUR ,48.874876,2.410697,23:20:00,2024-06-14
202400042061,18:30,Plein jour,75,75120,2,1,1,3.0,BD PERIPHERIQUE INTERIEUR,48.877218,2.408928,18:30:00,2024-06-14
202400042062,16:09,Plein jour,75,75107,2,3,2,6.0,QUAI D ORSAY,48.862424,2.311603,16:09:00,2024-09-27
202400042063,18:05,Plein jour,75,75116,2,1,1,5.0,BD PERIPHERIQUE INTERIEUR,48.871993,2.27402,18:05:00,2024-06-14
202400042064,23:37,,54,54099,2,1,1,6.0,Avenue de la République (Briey),49.24575169,5.9406209,23:37:00,2024-08-22
202400042065,17:50,Plein jour,75,75112,2,1,1,3.0,BD PERIPHERIQUE INTERIEUR,48.842254,2.413632,17:50:00,2024-06-14
202400042066,15:00,Plein jour,75,75116,2,1,1,2.0,BD PERIPHERIQUE EXTERIEUR,48.876429,2.278361,15:00:00,2024-06-14
202400042067,12:45,Plein jour,75,75119,2,1,1,7.0,BD PERIPHERIQUE EXTERIEUR,48.900355,2.382103,12:45:00,2024-06-14
202400042068,05:05,,75,75103,2,2,1,1.0,RUE DE TURBIGO,48.865911,2.35814,05:05:00,2024-09-28
202400042069,19:24,Plein jour,54,54099,1,1,1,6.0,D138,49.25376356,6.01443529,19:24:00,2024-08-21
202400042070,16:40,Plein jour,51,51454,2,1,1,7.0,EUROPE (AVENUE DE L'),49.247204,4.064374,16:40:00,2024-08-22
202400042071,11:30,Plein jour,75,75119,2,7,1,3.0,PLACE AUGUSTE BARON,48.900359,2.386846,11:30:00,2024-06-15
202400042072,06:37,Plein jour,75,75115,2,1,1,6.0,QUAI ANDRE CITROEN,48.848678,2.279908,06:37:00,2024-06-11
202400042073,08:35,Plein jour,43,43002,2,1,1,6.0,Parking Super U,45.05099,3.8876,08:35:00,2024-08-23
202400042074,03:40,,75,75109,2,2,8,1.0,BOULEVARD POISSONNIERE,48.87082,2.347942,03:40:00,2024-09-28
202400042075,18:06,Plein jour,75,75118,2,1,1,5.0,RUE DES POISSONNIERS,48.897183,2.352737,18:06:00,2024-06-12
202400042076,13:19,Plein jour,75,75119,2,3,8,3.0,RUE DAVID D ANGERS,48.881577,2.39507,13:19:00,2024-06-15
202400042077,23:30,,75,75101,2,5,2,3.0,QUAI FRANCOIS MITTERRAND,48.860136,2.333157,23:30:00,2024-09-27
202400042078,16:15,Plein jour,37,37261,2,1,1,6.0,LOSSERAND (RUE),47.40223,0.6899,16:15:00,2024-08-23
202400042079,16:15,Plein jour,37,37261,2,1,1,3.0,GRAMMONT (AVENUE DE),47.36646,0.69825,16:15:00,2024-08-22
202400042080,12:10,Plein jour,75,75104,2,3,1,6.0,BOULEVARD HENRI IV,48.851164,2.362748,12:10:00,2024-09-27
202400042081,00:15,,75,75118,2,3,1,3.0,BOULEVARD DE LA CHAPELLE,48.884497,2.364849,00:15:00,2024-06-15
202400042082,14:00,Plein jour,34,34172,2,1,1,3.0,SOULAS (AVENUE DU PERE,43.62894,3.84516,14:00:00,2024-08-23
202400042083,12:05,Plein jour,75,75115,2,2,1,6.0,AVENUE EMILE ZOLA,48.84641,2.283156,12:05:00,2024-06-15
202400042084,05:35,Nuit sans éclairage,34,34172,2,1,1,6.0,BICENTENAIRE (PLACE DU),43.60449,3.88017,05:35:00,2024-08-22
202400042085,11:20,Plein jour,75,75104,2,7,1,2.0,PLACE DE LA BASTILLE,48.85355,2.36898,11:20:00,2024-09-27
202400042086,22:00,,75,75114,2,2,2,3.0,BOULEVARD JOURDAN,48.822091,2.330343,22:00:00,2024-06-14
202400042087,15:50,Plein jour,34,34172,2,1,1,6.0,RAVAZ (AVENUE DU PROFESSEUR LOUIS,43.62305,3.84552,15:50:00,2024-08-22
202400042088,23:46,,75,75109,2,2,1,3.0,RUE NOTRE DAME DE LORETTE,48.880262,2.335342,23:46:00,2024-06-14
202400042089,13:30,Plein jour,75,75109,2,1,1,6.0,RUE DES MATHURINS,48.872916,2.32997,13:30:00,2024-06-14
202400042090,14:45,Plein jour,34,34172,2,1,1,4.0,MONTELS-EGLISE (RUE DE),43.58323,3.88744,14:45:00,2024-08-22
202400042091,07:30,Crépuscule,94,94081,2,3,1,6.0,Rue des Fusilles,48.78742771,2.41242224,07:30:00,2024-09-28
202400042092,07:30,Plein jour,75,75107,2,3,1,6.0,BOULEVARD SAINT GERMAIN,48.862077,2.319697,07:30:00,2024-06-15
202400042093,10:30,Plein jour,34,34172,2,3,1,6.0,GRAU (RUE DU),43.59232,3.88504,10:30:00,2024-08-22
202400042094,22:00,Crépuscule,94,94038,2,1,1,6.0,Rue du Commandant Louis Bouchet,48.77944,2.34946,22:00:00,2024-06-15
202400042095,17:55,Plein jour,34,34003,2,1,1,6.0,PLESSIS (J7 A J8,43.27794,3.486502,17:55:00,2024-08-23
202400042096,13:00,Plein jour,94,94076,2,3,1,3.0,Avenue de Paris,48.80312,2.364261,13:00:00,2024-09-28
202400042097,17:00,Plein jour,94,94028,2,1,2,6.0,Route de Choisy,48.7887949,2.45159335,17:00:00,2024-06-15
202400042098,00:20,,33,33063,2,1,1,6.0,Unknown,44.839298,-0.581564,00:20:00,2024-08-24
202400042099,10:45,Plein jour,94,94075,2,3,1,3.0,Avenue Foreau / N19,48.727351,2.535934,10:45:00,2024-06-14
202400042100,18:35,Plein jour,33,33063,2,3,1,3.0,Unknown,44.8316,-0.57607,18:35:00,2024-08-23
202400042101,18:55,Plein jour,94,94065,1,1,1,3.0,N186,48.75363542,2.35846179,18:55:00,2024-09-28
202400042102,17:00,Plein jour,93,93008,2,2,2,3.0,Avenue Edouard Vaillant / Rue de Teheran,48.911712,2.465032,17:00:00,2024-06-15
202400042103,11:00,Plein jour,33,33063,2,1,7,6.0,Unknown,44.86854,-0.5523,11:00:00,2024-08-22
202400042104,08:11,Plein jour,93,93005,2,1,1,6.0,Allee du Docteur Laennec,48.952423,2.516132,08:11:00,2024-06-15
202400042105,16:45,Plein jour,29,29039,2,4,2,3.0,Boulevard Katerine Wylie,47.873578,-3.929173,16:45:00,2024-08-23
202400042106,01:20,,93,93005,2,1,1,2.0,Boulevard Georges Braque,48.960309,2.475137,01:20:00,2024-06-15
202400042107,22:55,,94,94022,2,9,1,2.0,Avenue Victor Hugo,48.76808,2.418553,22:55:00,2024-09-28
202400042108,15:15,Plein jour,92,92072,2,1,2,3.0,GRANDE RUE,48.82698,2.22149,15:15:00,2024-06-15
202400042109,20:13,Crépuscule,25,25462,2,6,1,3.0,MORTEAU DE (DU 0 AU 30),46.90586,6.35764,20:13:00,2024-08-23
202400042110,17:45,Plein jour,94,94054,2,1,1,6.0,Avenue Molière,48.74711139,2.40259382,17:45:00,2024-09-28
202400042111,05:25,Crépuscule,92,92051,2,1,8,2.0,"CHARLES DE GAULLE (AVENUE, N°27 A 129)",48.88354,2.26447,05:25:00,2024-06-15
202400042112,11:10,Plein jour,92,92044,2,1,1,6.0,MARCEAU  (RUE),48.88846,2.28477,11:10:00,2024-06-15
202400042113,21:15,Crépuscule,21,21231,2,5,1,3.0,CHANCELIER DE L'HOSPITAL (RUE),47.31916,5.04674,21:15:00,2024-08-22
202400042114,18:00,Plein jour,92,92026,2,2,1,6.0,COLOMBES,48.90310046,2.2560706,18:00:00,2024-06-15
202400042115,12:10,Plein jour,94,94022,2,1,1,6.0,2 Avenue Léon Gourdault,48.76410257,2.40552078,12:10:00,2024-09-28
202400042116,11:00,Plein jour,15,15014,2,1,1,3.0,Avenue du Général Leclerc,44.91205,2.44249,11:00:00,2024-08-22
202400042117,15:30,Plein jour,93,93072,2,6,1,6.0,ROGER SALENGRO (RUE),48.94668001,2.38349503,15:30:00,2024-09-28
202400042118,14:00,Plein jour,92,92026,2,1,1,2.0,MARECHAL JOFFRE (QUAI DU),48.90281,2.28336,14:00:00,2024-06-15
202400042119,00:45,,14,14118,2,1,1,3.0,22 Rue de Champagne,49.19496,-0.38957,00:45:00,2024-08-23
202400042120,21:30,Plein jour,92,92007,2,9,1,3.0,HUGO (AVENUE VICTOR),48.80490767,2.32260686,21:30:00,2024-06-15
202400042121,00:15,,93,93049,2,1,1,6.0,GALLIENI (BOULEVARD),48.85309149,2.51465678,00:15:00,2024-09-28
202400042122,07:30,Crépuscule,60,60402,2,8,2,7.0,Rue du Général de Gaulle,49.3595345,2.75348926,07:30:00,2024-06-16
202400042123,01:10,,13,13207,2,1,1,1.0,Corniche John Fitzgérald Kennedy,43.269,5.36838,01:10:00,2024-08-24
202400042124,08:30,Plein jour,13,13209,2,1,1,7.0,Boulevard lei roure,43.26250073,5.40808874,08:30:00,2024-08-23
202400042125,01:00,,35,35236,2,3,1,2.0,Rue de la Châtaigneraie,47.661215,-2.076395,01:00:00,2024-06-09
202400042126,06:15,,93,93029,2,9,1,6.0,HENRI BARBUSSE (AVE) N°126-280,48.92017751,2.45190382,06:15:00,2024-09-26
202400042127,16:30,Plein jour,28,28041,1,1,2,6.0,A11 PK082+400 - Vers Paris,48.299026,1.288319,16:30:00,2024-06-16
202400042128,22:47,,13,13206,2,2,1,3.0,LAFON (RUE),43.29119,5.38074,22:47:00,2024-08-22
202400042129,20:00,Crépuscule,93,93014,2,1,1,3.0,MONTFERMEIL (ALLEE DE),48.89932,2.53984,20:00:00,2024-09-28
202400042130,20:00,Nuit sans éclairage,972,97232,2,9,1,3.0,RN 6,14.546377,-60.843511,20:00:00,2024-06-14
202400042131,12:10,Plein jour,11,11069,2,1,1,2.0,Unknown,43.225757,2.330314,12:10:00,2024-08-21
202400042132,11:35,Plein jour,83,83036,1,3,1,3.0,Avenue de Saint-raphaël,43.183866,6.542305,11:35:00,2024-06-16
202400042133,00:25,,06,06069,1,1,1,1.0,88 Route de Draguignan,43.64328,6.90485,00:25:00,2024-08-24
202400042134,16:06,Plein jour,93,93008,2,1,8,4.0,STALINGRAD (RUE DE) A10,48.91384562,2.43237707,16:06:00,2024-09-27
202400042135,15:30,Plein jour,75,75113,2,1,1,3.0,BD PERIPHERIQUE EXTERIEUR,48.82158,2.379131,15:30:00,2024-08-23
202400042136,16:15,Plein jour,93,93005,2,9,1,6.0,EUGENE DELACROIX (RUE),48.9532,2.49907,16:15:00,2024-09-28
202400042137,06:10,Crépuscule,22,22020,1,1,1,6.0,N 12 P.R 10+300,48.31552557,-2.24527203,06:10:00,2024-06-16
202400042138,12:30,Plein jour,75,75116,2,1,1,2.0,BD PERIPHERIQUE EXTERIEUR,48.850605,2.252006,12:30:00,2024-08-23
202400042139,16:50,Plein jour,92,92075,2,1,1,3.0,ERNEST LAVAL (RUE),48.81993,2.29257,16:50:00,2024-09-28
202400042140,17:50,Plein jour,14,14061,1,1,1,3.0,30 Impasse de la Ferronnière (Le Bény-Bocage),48.931064,-0.80772,17:50:00,2024-06-05
202400042141,06:10,Nuit sans éclairage,74,74087,1,1,2,1.0,Route d'annemasse / Route de Pouilly,46.142801,6.327513,06:10:00,2024-12-10
202400042142,11:45,Plein jour,41,41101,1,1,6,2.0,A10 PK 162.000,47.616979,1.174498,11:45:00,2024-06-16
202400042143,17:15,,42,42147,2,1,1,1.0,Avenue d'Allard,45.60726,4.058853,17:15:00,2024-12-10
202400042144,22:45,,92,92046,2,2,2,3.0,PAUL BERT (RUE),48.81724352,2.2946915,22:45:00,2024-09-27
202400042145,00:45,,75,75112,2,4,1,4.0,Bd Périphérique Exterieur,48.82674789,2.38997161,00:45:00,2024-08-23
202400042146,18:15,Nuit sans éclairage,38,38565,2,6,3,6.0,D3,45.289403,5.624032,18:15:00,2024-12-08
202400042147,14:35,Plein jour,06,06033,2,1,1,1.0,pont de la manda,43.7656883,7.2022275,14:35:00,2024-06-15
202400042148,17:35,,69,69255,2,1,1,6.0,14 Avenue Docteur Sérullaz,45.735577,4.661395,17:35:00,2024-12-10
202400042149,13:30,Plein jour,92,92063,2,9,1,6.0,FOUILLEUSE (AVENUE DE),48.86236878,2.1950214,13:30:00,2024-09-28
202400042150,17:12,Plein jour,75,75120,2,1,1,4.0,BD PERIPHERIQUE INTERIEUR,48.860823,2.413832,17:12:00,2024-08-22
202400042151,12:10,Plein jour,83,83049,2,1,1,6.0,82 Rue Charles Gounod,43.22990674,6.06929702,12:10:00,2024-06-15
202400042152,07:45,Nuit sans éclairage,31,31004,2,1,1,6.0,Route de Ticaille,43.441747,1.599661,07:45:00,2024-12-10
202400042153,17:20,Nuit avec éclairage,79,79049,2,9,2,7.0,Unknown,46.838822,-0.48426,17:20:00,2024-12-10
202400042154,19:05,Crépuscule,92,92012,2,1,1,3.0,SILLY (RUE DE) 1/87 - 2/88,48.83809106,2.23220542,19:05:00,2024-09-28
202400042155,02:15,,75,75117,2,2,1,1.0,AVENUE DE LA PORTE D ASNIERES,48.891839,2.30163,02:15:00,2024-08-23
202400042156,01:55,,75,75108,2,1,1,7.0,COURS LA REINE,48.864918,2.311971,01:55:00,2024-08-23
202400042157,14:29,Plein jour,44,44198,2,1,1,1.0,48 Rue du Champ Fleuri,47.141563,-1.522577,14:29:00,2024-12-09
202400042158,10:30,Plein jour,75,75116,2,1,1,3.0,AVENUE PRUDHON,48.859078,2.269322,10:30:00,2024-08-23
202400042159,12:30,Plein jour,78,78575,2,1,2,1.0,"rue de Versailles, D 938",48.709447,2.083067,12:30:00,2024-09-25
202400042160,09:45,Plein jour,44,44215,1,1,1,1.0,Boulevard de Vendée,47.176427,-1.51577,09:45:00,2024-12-07
202400042161,05:20,Nuit sans éclairage,26,26325,2,3,3,3.0,59 Rue de Marseille,45.2865323,4.81675386,05:20:00,2024-06-15
202400042162,18:30,Plein jour,75,75110,2,3,1,6.0,QUAI DE VALMY,48.876753,2.364565,18:30:00,2024-08-23
202400042163,02:25,Nuit sans éclairage,974,97413,1,9,3,6.0,Route Nationale 1,-21.236102,55.304977,02:25:00,2024-06-16
202400042164,00:45,,75,75109,2,2,1,3.0,RUE D AMSTERDAM,48.879631,2.327031,00:45:00,2024-08-23
202400042165,18:14,Crépuscule,35,35012,1,1,1,1.0,RD 777,47.849743,-1.699791,18:14:00,2024-12-10
202400042166,22:35,Nuit sans éclairage,2B,2B143,1,1,1,6.0,T10,42.227914,9.543686,22:35:00,2024-06-15
202400042167,22:00,Nuit sans éclairage,35,35047,1,1,2,6.0,"D177, PK 29+800, SENS RENNES VERS REDON",48.047767,-1.752089,22:00:00,2024-12-09
202400042168,20:30,Crépuscule,30,30117,2,1,1,7.0,La fabrique,43.691029,4.610562,20:30:00,2024-06-15
202400042169,19:20,Plein jour,94,94081,2,9,1,6.0,Boulevard de Stalingrad,48.79846811,2.3820194,19:20:00,2024-08-23
202400042170,23:20,Nuit sans éclairage,95,95353,1,1,2,3.0,A16,49.089466,2.309897,23:20:00,2024-09-27
202400042171,17:20,,76,76758,2,1,2,6.0,2 Avenue du Marechal Foch,49.618516,0.749565,17:20:00,2024-12-09
202400042172,16:25,Plein jour,94,94074,2,1,1,3.0,Avenue Julien Duranton,48.76689,2.44723,16:25:00,2024-08-23
202400042173,13:45,Plein jour,62,62254,1,1,1,6.0,D157,50.61092205,2.18946085,13:45:00,2024-09-29
202400042174,05:45,Nuit sans éclairage,60,60473,1,1,8,7.0,Route de Nanteuil,49.103077,2.822869,05:45:00,2024-12-10
202400042175,15:00,Plein jour,57,57742,1,1,1,5.0,D96,48.644238,7.15446,15:00:00,2024-06-15
202400042176,15:00,Plein jour,94,94068,2,2,1,3.0,Rue Delerue,48.7958,2.48698,15:00:00,2024-08-22
202400042177,09:10,Plein jour,33,33013,1,1,1,5.0,Unknown,44.845466,-0.502068,09:10:00,2024-12-09
202400042178,13:30,Plein jour,56,56123,1,1,1,1.0,la ville clero,47.692353,-2.33261,13:30:00,2024-06-16
202400042179,13:50,Plein jour,94,94073,2,2,8,3.0,Rdpt d'Espagne,48.75428,2.3751,13:50:00,2024-08-23
202400042180,18:25,Plein jour,56,56154,1,1,1,1.0,Le Pont d'Oust,47.728517,-2.214497,18:25:00,2024-06-15
202400042181,21:00,,95,95205,1,1,1,3.0,D316,49.02294999,2.38654423,21:00:00,2024-09-28
202400042182,02:40,Nuit sans éclairage,59,59544,1,1,1,2.0,AUTOROUTE A2,50.3633,3.59211,02:40:00,2024-11-30
202400042183,10:15,Plein jour,94,94017,2,1,1,4.0,63 Avenue Marx Dormoy,48.808056,2.525154,10:15:00,2024-08-22
202400042184,15:20,Plein jour,82,82113,1,1,1,3.0,Route Départementale 20,44.203912,1.400414,15:20:00,2024-06-15
202400042185,10:45,Plein jour,86,86236,1,1,1,7.0,Lieu Dit la Rabateliere,46.685894,0.838167,10:45:00,2024-09-29
202400042186,18:47,Nuit sans éclairage,91,91432,1,1,2,3.0,AUTOROUTE A6,48.69301,2.32088,18:47:00,2024-12-09
202400042187,19:35,Crépuscule,81,81055,1,1,1,6.0,RD 629,43.4282838,2.0562181,19:35:00,2024-06-10
202400042188,00:35,,93,93013,2,3,1,7.0,Rue Albert Thomas / Avenue de la Division Leclerc,48.93711486,2.42813094,00:35:00,2024-08-23
202400042189,22:20,Nuit sans éclairage,91,91661,1,1,2,2.0,AUTOROUTE A10,48.69697655,2.23896943,22:20:00,2024-12-08
202400042190,19:30,Nuit sans éclairage,83,83049,2,1,1,6.0,Avenue des Bousquets,43.223109,6.07159,19:30:00,2024-09-29
202400042191,12:10,Plein jour,32,32462,2,1,1,7.0,Rue des Moulins à Vent,43.756372,0.314022,12:10:00,2024-06-15
202400042192,12:30,Plein jour,93,93014,2,1,8,3.0,Boulevard Emile Zola,48.90612954,2.55290687,12:30:00,2024-08-23
202400042193,13:15,Plein jour,92,92072,2,1,9,6.0,N118,48.82701466,2.2242259,13:15:00,2024-12-08
202400042194,22:45,Nuit sans éclairage,42,42322,1,1,1,6.0,Route de la Croix de Chaubouret,45.41084,4.526007,22:45:00,2024-09-28
202400042195,00:40,,93,93057,2,1,1,3.0,Avenue Aristide Briand,48.90856345,2.49828333,00:40:00,2024-08-23
202400042196,13:00,Plein jour,11,11289,1,1,1,5.0,Unknown,43.082446,2.224774,13:00:00,2024-06-15
202400042197,10:55,Plein jour,78,78551,1,1,1,2.0,A14,48.911179,2.090008,10:55:00,2024-12-08
202400042198,08:37,Crépuscule,93,93008,2,1,1,6.0,Avenue Karl Marx,48.90517281,2.44200647,08:37:00,2024-08-23
202400042199,10:30,Plein jour,51,51535,2,1,1,6.0,Route de Troyes,48.712047,3.731639,10:30:00,2024-09-28
202400042200,00:50,Nuit sans éclairage,61,61301,1,1,2,6.0,D438,48.553439,0.172369,00:50:00,2024-06-16
202400042201,18:30,Plein jour,92,92036,2,1,2,3.0,MOULIN CAGE (QUAI),48.92267,2.32735,18:30:00,2024-08-23
202400042202,09:08,Plein jour,92,92047,1,1,2,3.0,A13,48.83397544,2.16646875,09:08:00,2024-12-08
202400042203,06:30,Nuit sans éclairage,19,19288,1,1,2,6.0,Les hagats,45.295675,1.439123,06:30:00,2024-09-27
202400042204,11:34,Plein jour,22,22015,1,1,8,2.0,la ville marque,48.394369,-2.590638,11:34:00,2024-06-15
202400042205,09:20,Plein jour,92,92025,2,1,1,6.0,BOURNARD (RUE DU),48.92349,2.25951,09:20:00,2024-08-22
202400042206,18:35,Nuit sans éclairage,78,78498,1,1,2,7.0,A13,48.91604,2.005657,18:35:00,2024-12-07
202400042207,01:00,,95,95582,1,1,1,7.0,A15,48.96346787,2.26421667,01:00:00,2024-12-09
202400042208,19:28,Plein jour,92,92023,2,6,1,3.0,GENERAL DE GAULLE (AV DU) N°440 A 544 ET,48.77704,2.23036,19:28:00,2024-08-23
202400042209,11:40,Plein jour,39,39478,1,1,1,3.0,Unknown,46.402899,5.872305,11:40:00,2024-06-16
202400042210,10:20,Plein jour,60,60553,1,1,1,7.0,D1017,49.463547,2.658731,10:20:00,2024-08-23
202400042211,14:20,Plein jour,56,56240,1,3,1,6.0,Route de Kerlevenan,47.542233,-2.728858,14:20:00,2024-09-28
202400042212,22:30,Nuit sans éclairage,92,92036,1,1,2,3.0,AUTOROUTE A15,48.93956676,2.29464773,22:30:00,2024-12-08
202400042213,02:40,Nuit sans éclairage,25,25262,1,1,1,6.0,Mont de Fuans,47.125867,6.584616,02:40:00,2024-06-16
202400042214,12:15,Plein jour,05,05161,2,1,1,6.0,2 Chemin de Rivo,44.943987,6.574255,12:15:00,2024-08-23
202400042215,15:30,Plein jour,95,95572,1,1,2,6.0,A15,49.0328605,2.10794605,15:30:00,2024-12-08
202400042216,16:55,Plein jour,76,76363,1,1,1,7.0,D7,49.870646,1.683547,16:55:00,2024-09-29
202400042217,02:50,Nuit sans éclairage,972,97214,1,4,1,6.0,RD1,14.842449,-61.081077,02:50:00,2024-08-24
202400042218,18:20,Plein jour,25,25315,1,1,1,3.0,voie communale n°7,47.432377,6.592162,18:20:00,2024-06-16
202400042219,13:05,Plein jour,92,92036,1,1,3,3.0,AUTOROUTE A15,48.94364712,2.28775617,13:05:00,2024-12-08
202400042220,07:00,Plein jour,972,97231,1,1,1,1.0,"Route nationale 5, château gaillard",14.528582,-61.001828,07:00:00,2024-08-23
202400042221,17:30,Plein jour,76,76443,1,1,8,6.0,D3,49.562188,1.116915,17:30:00,2024-09-29
202400042222,21:00,Plein jour,44,44188,1,1,2,1.0,Unknown,47.026639,-1.641834,21:00:00,2024-06-15
202400042223,14:30,Plein jour,93,93078,1,1,3,6.0,AUTOROUTE A104,48.96300436,2.52239723,14:30:00,2024-12-08
202400042224,02:40,Nuit sans éclairage,2B,2B283,1,1,1,6.0,RT 10,41.878361,9.395607,02:40:00,2024-09-29
202400042225,16:40,Plein jour,44,44120,2,6,2,6.0,72 Rue de la Jaunaie,47.200211,-1.771363,16:40:00,2024-06-15
202400042226,08:45,Plein jour,95,95028,1,1,3,6.0,N104,49.06003257,2.35477455,08:45:00,2024-12-08
202400042227,18:20,Plein jour,02,02571,1,1,1,5.0,Unknown,49.889648,3.314266,18:20:00,2024-06-15
202400042228,09:30,Plein jour,80,80443,2,2,7,3.0,Rue de la Place à TRONCHOY,49.82689545,1.86392337,09:30:00,2024-09-28
202400042229,10:30,Plein jour,95,95678,1,1,3,6.0,N184,49.07298501,2.23433912,10:30:00,2024-12-08
202400042230,12:20,Plein jour,03,03236,2,1,1,3.0,rue Pierre Semard,46.205318,3.432552,12:20:00,2024-06-15
202400042231,17:10,Nuit sans éclairage,95,95572,1,1,1,2.0,N184,49.03497711,2.11470009,17:10:00,2024-12-07
202400042232,16:00,Plein jour,32,32237,1,1,1,6.0,département 924,43.64835,0.700861,16:00:00,2024-09-29
202400042233,16:50,Plein jour,83,83013,1,1,1,2.0,Route du logis du Pin - RD 21,43.76541584,6.64100495,16:50:00,2024-06-15
202400042234,14:30,Plein jour,93,93007,1,1,1,3.0,AUTOROUTE A1,48.95432105,2.45616375,14:30:00,2024-12-07
202400042235,22:01,Nuit sans éclairage,61,61043,1,1,1,2.0,D955,48.340786,0.758984,22:01:00,2024-09-28
202400042236,03:05,Nuit sans éclairage,83,83032,1,1,1,6.0,535 Route de Lorgues,43.479923,6.197834,03:05:00,2024-06-16
202400042237,13:05,Plein jour,93,93008,1,1,1,6.0,AUTOROUTE A86,48.90615841,2.46109169,13:05:00,2024-12-07
202400042238,00:01,Nuit sans éclairage,83,83095,1,1,1,6.0,585 Route de Draguignan,43.560507,6.02952,00:01:00,2024-06-16
202400042239,17:40,Nuit sans éclairage,95,95394,1,1,1,2.0,N184,49.05142883,2.15170383,17:40:00,2024-12-06
202400042240,02:15,Nuit sans éclairage,61,61243,1,1,1,6.0,D241,48.537465,-0.310589,02:15:00,2024-09-29
202400042241,16:45,Plein jour,09,09032,1,1,1,6.0,N20- pk 83+600,42.691481,1.825275,16:45:00,2024-06-15
202400042242,12:30,Plein jour,95,95678,1,1,1,4.0,N184,49.05868713,2.20997393,12:30:00,2024-12-06
202400042243,06:15,Crépuscule,18,18028,1,1,1,7.0,Unknown,47.108961,2.296304,06:15:00,2024-06-16
202400042244,17:24,Plein jour,86,86082,1,9,1,3.0,Rue Marcel Renault,46.36953595,0.20766377,17:24:00,2024-09-28
202400042245,17:15,Nuit sans éclairage,94,94028,1,1,2,3.0,A86,48.77664685,2.43805833,17:15:00,2024-12-09
202400042246,15:45,Plein jour,07,07009,1,1,7,6.0,D370b,45.21125,4.798536,15:45:00,2024-06-16
202400042247,16:00,Plein jour,94,94042,1,1,1,2.0,A4,48.82611345,2.46569708,16:00:00,2024-12-09
202400042248,09:00,Plein jour,94,94028,1,1,2,2.0,N406,48.77146602,2.44722292,09:00:00,2024-12-09
202400042249,04:45,Nuit sans éclairage,86,86097,1,1,1,6.0,Lieu Dit la Lande,46.330514,0.417255,04:45:00,2024-09-28
202400042250,13:50,Plein jour,07,07055,2,6,1,3.0,D11/RUE DU PLAN D'EAU,44.854637,4.838254,13:50:00,2024-06-15
202400042251,15:25,Plein jour,972,97213,2,9,1,3.0,AEROPORT (ROND POINT DE L'),14.59809,-61.00093,15:25:00,2024-07-10
202400042252,15:30,Plein jour,85,85234,2,1,1,1.0,RD38,46.767336,-2.002134,15:30:00,2024-06-16
202400042253,16:40,Plein jour,85,85042,1,1,1,3.0,RD137 - 65 Rue nationale,46.377306,-1.011386,16:40:00,2024-06-15
202400042254,12:35,Plein jour,972,97213,1,1,1,4.0,AUTOROUTE A1,14.60837,-61.00505,12:35:00,2024-07-04
202400042255,19:55,Nuit sans éclairage,972,97213,1,1,2,6.0,ROUTE NATIONALE 5,14.59428,-60.98264,19:55:00,2024-07-01
202400042256,03:00,Nuit sans éclairage,44,44041,1,1,1,1.0,Unknown,47.08678,-1.561003,03:00:00,2024-09-28
202400042257,12:17,Plein jour,87,87154,1,1,2,3.0,route nationale 141,45.90441144,0.85800648,12:17:00,2024-06-15
202400042258,18:20,Plein jour,75,75106,2,3,1,6.0,RUE DE L ECOLE DE MEDECINE,48.850379,2.342604,18:20:00,2024-05-01
202400042259,10:00,Plein jour,67,67460,1,1,1,6.0,Autoroute A4 - P 456+000,48.769683,7.602185,10:00:00,2024-06-15
202400042260,23:45,,44,44109,2,6,1,6.0,62 Rue des Hauts Pavés,47.22544772,-1.56712219,23:45:00,2024-10-17
202400042261,08:11,Plein jour,33,33452,1,1,1,2.0,Unknown,44.639346,-0.425892,08:11:00,2024-06-15
202400042262,17:53,Plein jour,29,29059,1,2,1,3.0,Lieu Dit Kerjean,48.62038008,-3.77204128,17:53:00,2024-09-28
202400042263,14:10,Plein jour,74,74010,2,2,1,3.0,Route des creuses (Seynod),45.893488,6.109428,14:10:00,2024-09-21
202400042264,15:15,Plein jour,29,29211,1,1,2,6.0,Kerseach,48.30924182,-3.74674951,15:15:00,2024-09-29
202400042265,12:30,Plein jour,69,69115,1,1,1,6.0,Autoroute 6,45.97329872,4.73241595,12:30:00,2024-06-16
202400042266,08:45,Plein jour,74,74105,2,3,1,3.0,14 Rue des vignes de bachelard,46.309678,6.311694,08:45:00,2024-10-07