Num_Acc,hrmn,lum,dep,com,agg,int,atm,col,adr,lat,long,heure,date
202400042267,11:20,Plein jour,38,38278,1,1,1,1.0,D201,45.230128,5.404029,11:20:00,2024-09-29
202400042268,17:30,Crépuscule,988,98803,1,1,1,6.0,RT1,-21.60871,165.55174,17:30:00,2024-06-16
202400042269,21:15,Nuit sans éclairage,70,70433,1,1,9,6.0,D76,47.566037,6.230074,21:15:00,2024-09-26
202400042270,22:40,Nuit sans éclairage,74,74086,2,1,1,1.0,52 Route du chef lieu,46.023083,5.986181,22:40:00,2024-09-06
202400042271,02:30,,973,97304,2,1,1,1.0,25 Rue Justin Catayée,5.16002073,-52.6449278,02:30:00,2024-06-16
202400042272,19:15,Crépuscule,26,26345,1,1,1,7.0,Route de St Paul,44.303474,4.832397,19:15:00,2024-09-28
202400042273,17:00,Plein jour,74,74241,2,1,1,1.0,Route de Marignier,46.131395,6.483189,17:00:00,2024-07-23
202400042274,01:14,Nuit sans éclairage,66,66225,1,1,1,1.0,D61a,42.539667,2.899725,01:14:00,2024-06-16
202400042275,16:30,Plein jour,26,26365,1,1,1,1.0,"RD 538, Route de chabeuil, quartier  les massonnes",44.793344,5.020478,16:30:00,2024-09-28
202400042276,03:00,Nuit sans éclairage,77,77534,1,1,1,1.0,D619,48.636241,2.762997,03:00:00,2024-06-06
202400042277,09:25,Plein jour,34,34146,1,1,1,3.0,Route Nationale 113,43.67516,4.074528,09:25:00,2024-06-15
202400042278,15:30,Plein jour,84,84054,1,1,1,6.0,1020 Route de Fontaine-de-vaucluse,43.921695,5.073731,15:30:00,2024-06-16
202400042279,23:45,,72,72138,1,1,1,2.0,lieu dit le sablon,48.29920896,0.09008467,23:45:00,2024-09-28
202400042280,16:00,Plein jour,13,13066,1,1,1,1.0,D28,43.88631,4.910309,16:00:00,2024-07-30
202400042281,09:45,Plein jour,44,44109,2,1,1,3.0,Boulevard Emile Gabory,47.1932983,-1.52791283,09:45:00,2024-10-15
202400042282,06:00,Plein jour,83,83019,1,1,1,6.0,D98,43.200237,6.408575,06:00:00,2024-06-15
202400042283,03:09,,987,98735,2,1,1,1.0,POMARE (BVD),-17.540804,-149.568736,03:09:00,2024-12-07
202400042284,15:00,Plein jour,14,14658,1,1,1,1.0,1 Rue de la Basinière,48.821354,-0.970021,15:00:00,2024-06-30
202400042285,16:52,Plein jour,13,13030,1,1,1,6.0,Route Nationale 8,43.267534,5.737481,16:52:00,2024-06-15
202400042286,20:30,Crépuscule,72,72201,1,2,1,3.0,Lieu Dit La Grande Croix,48.27502,0.376877,20:30:00,2024-09-28
202400042287,23:30,,974,97416,2,9,1,3.0,PISCINE (ALLEE DE LA),-21.3311,55.4712,23:30:00,2024-12-07
202400042288,12:35,Plein jour,69,69382,2,3,1,6.0,Rue de la Charité,45.74941,4.82989,12:35:00,2024-10-31
202400042289,00:01,Nuit sans éclairage,13,13080,1,3,1,3.0,Route Rd 561,43.662765,5.447808,00:01:00,2024-06-16
202400042290,16:50,Plein jour,974,97411,1,1,3,3.0,MONTAGNE (ROUTE DE LA),-20.8889,55.43648,16:50:00,2024-12-08
202400042291,17:15,Plein jour,74,74010,2,3,1,3.0,ALERY (AVENUE D'),45.90063,6.12059,17:15:00,2024-08-08
202400042292,18:30,Plein jour,13,13048,1,1,1,7.0,"CD 11, plateau de Bèdes",43.650547,5.665383,18:30:00,2024-06-15
202400042293,09:30,Plein jour,72,72103,1,2,1,3.0,D177,47.83320139,0.53381852,09:30:00,2024-09-29
202400042294,13:00,Plein jour,69,69386,2,2,2,3.0,Rue de Sèze,45.76872,4.85247,13:00:00,2024-12-08
202400042295,11:10,Plein jour,987,98735,1,1,1,3.0,PIERRE LOTI (ALLEE),-17.5533,-149.54905,11:10:00,2024-11-02
202400042296,19:10,Plein jour,68,68012,2,1,1,3.0,23 Route de Thann,47.778988,7.132473,19:10:00,2024-06-13
202400042297,18:00,Plein jour,90,90041,2,1,1,7.0,Rue d'Eloie,47.709999,6.921634,18:00:00,2024-09-28
202400042298,11:55,Plein jour,69,69386,2,2,2,6.0,Rue Garibaldi,45.77302,4.84984,11:55:00,2024-12-08
202400042299,17:20,Plein jour,68,68334,2,1,1,1.0,Place de la Halle des Sports,47.80409,7.106808,17:20:00,2024-06-15
202400042300,06:30,Nuit sans éclairage,64,64160,1,1,1,7.0,Chemin Hardoya,43.365625,-1.366832,06:30:00,2024-09-15
202400042301,20:15,,974,97411,2,4,1,7.0,MAZAGRAN (RUE),-20.88876,55.45502,20:15:00,2024-11-02
202400042302,04:30,Nuit sans éclairage,972,97213,1,1,1,6.0,ROUTE NATIONALE 5,14.5969,-60.99791,04:30:00,2024-12-07
202400042303,19:20,Plein jour,68,68379,2,1,1,7.0,2 Rue de la Gare,48.028642,7.502436,19:20:00,2024-06-15
202400042304,17:40,Plein jour,87,87046,1,1,1,7.0,la lande du dolmen,45.83048629,0.95850706,17:40:00,2024-09-10
202400042305,09:10,Plein jour,974,97409,2,1,1,3.0,Lefaguyes (chemin),-20.96035,55.65824,09:10:00,2024-11-02
202400042306,02:04,Nuit sans éclairage,37,37015,1,1,2,6.0,Route de la Gare,47.35965589,0.85934329,02:04:00,2024-09-28
202400042307,15:00,Plein jour,974,97407,2,1,2,6.0,ROND POINT BUTTE CITRONNELLE,-20.93151,55.29775,15:00:00,2024-11-01
202400042308,20:45,Crépuscule,67,67137,2,4,1,2.0,M83,48.496346,7.686964,20:45:00,2024-06-15
202400042309,17:20,Crépuscule,972,97209,2,1,1,3.0,RD 41 (ROCADE),14.61373,-61.06434,17:20:00,2024-12-08
202400042310,16:40,Plein jour,48,48178,2,1,1,6.0,RN 106,44.27763,3.831383,16:40:00,2024-09-28
202400042311,21:00,Nuit sans éclairage,2B,2B033,2,1,2,6.0,PAOLI DU NR 21 AU 45 -BLD,42.69956,9.4498,21:00:00,2024-12-08
202400042312,19:35,,973,97302,2,3,1,3.0,TROUBIRAN (CHEMIN DE),4.92704203,-52.30348268,19:35:00,2024-11-02
202400042313,00:52,Nuit sans éclairage,57,57701,2,1,1,2.0,D6,49.091869,6.094097,00:52:00,2024-06-16
202400042314,14:30,Plein jour,971,97101,1,1,3,7.0,BLANCHARD,16.22589,-61.52413,14:30:00,2024-11-02
202400042315,16:30,Plein jour,48,48082,1,1,1,1.0,Route nationale 88 lieu dit la pierre plantée,44.590142,3.66872,16:30:00,2024-09-28
202400042316,11:15,Plein jour,971,97101,2,1,1,2.0,RN1 ROCADE DE CHAUVEL,16.24042,-61.52263,11:15:00,2024-12-08
202400042317,11:30,Plein jour,03,03034,2,1,1,6.0,10 route du stade,46.307117,3.485477,11:30:00,2024-06-14
202400042318,22:45,,2A,2A004,2,9,1,3.0,#1 Cours du Prince Imperial#,41.93402,8.75268,22:45:00,2024-11-02
202400042319,13:15,Plein jour,95,95277,2,1,3,3.0,D170,48.97805631,2.43738361,13:15:00,2024-12-08
202400042320,05:55,,10,10295,1,9,5,6.0,Route Departementale 452,48.073007,4.383725,05:55:00,2024-09-29
202400042321,19:15,,95,95582,2,1,2,6.0,7 CHARLES DE GAULLE (BOULEVARD),48.9695,2.26374,19:15:00,2024-12-08
202400042322,15:05,Plein jour,95,95539,2,1,1,1.0,LUAT (CHEMIN DU),49.01307256,2.3565942,15:05:00,2024-11-01
202400042323,05:30,Crépuscule,73,73150,1,1,8,5.0,N90,45.55777676,6.66279656,05:30:00,2024-06-16
202400042324,15:50,Plein jour,31,31424,2,1,1,5.0,Rue des Fauvettes,43.562948,1.291725,15:50:00,2024-09-10
202400042325,20:10,Nuit sans éclairage,91,91339,1,1,8,7.0,RTE NATIONALE 20,48.61896,2.25822,20:10:00,2024-12-08
202400042326,09:10,Plein jour,91,91425,2,1,1,2.0,RTE D ORLEANS RN 20,48.6489,2.2723,09:10:00,2024-11-01
202400042327,21:20,,91,91691,2,1,9,6.0,MARECHAL JUINI(RUE),48.711027,2.486929,21:20:00,2024-12-08
202400042328,16:00,Plein jour,91,91286,2,1,8,6.0,CORBEIL (ROUTE DE),48.65294,2.39519,16:00:00,2024-11-02
202400042329,16:20,Plein jour,38,38557,1,1,1,7.0,D517,45.7663,5.08735,16:20:00,2024-06-16
202400042330,23:30,,91,91687,2,1,2,7.0,VICTOR SCHOELCHER (AVENUE),48.649315,2.36832,23:30:00,2024-12-08
202400042331,01:00,Nuit sans éclairage,26,26315,1,1,1,7.0,D103,45.006261,5.440979,01:00:00,2024-06-16
202400042332,01:55,Nuit sans éclairage,67,67506,1,1,2,2.0,Autoroute A4 - PK 472.750 - Sens STRASBOURG vers PARIS,48.66967824,7.73669243,01:55:00,2024-09-28
202400042333,12:43,Plein jour,91,91521,2,2,1,1.0,AV DE L AUNETTE,48.63973,2.40893,12:43:00,2024-11-02
202400042334,16:45,Crépuscule,88,88383,2,1,3,1.0,JONCHERIE,48.01885,6.59323,16:45:00,2024-12-07
202400042335,10:05,Plein jour,07,07232,1,1,8,1.0,D19,44.63917,4.030985,10:05:00,2024-06-15
202400042336,07:40,Crépuscule,77,77508,1,1,1,1.0,pk 45 D231,48.822888,2.811795,07:40:00,2024-09-29
202400042337,17:15,Plein jour,84,84031,2,7,1,4.0,ROGIER BOULEVARD ALFRED,44.05782,5.05043,17:15:00,2024-10-29
202400042338,00:05,Nuit sans éclairage,84,84072,1,1,1,1.0,ROUTE DE BEDOIN,44.07336,5.08706,00:05:00,2024-12-09
202400042339,17:20,Plein jour,07,07279,1,1,1,3.0,1045 les baraques,44.437154,4.66206,17:20:00,2024-06-15
202400042340,01:39,Nuit sans éclairage,77,77177,1,1,1,6.0,D21,48.797604,2.728587,01:39:00,2024-09-28
202400042341,22:55,,78,78208,2,4,1,6.0,HELSINKI (BOULEVARD),48.79516,1.9729,22:55:00,2024-11-02
202400042342,11:10,Plein jour,80,80001,2,1,1,3.0,Rue Jean Mennesson,50.11666,1.82829,11:10:00,2024-12-06
202400042343,14:30,Plein jour,01,01275,1,1,1,6.0,chemin de la baraka,45.807751,4.936278,14:30:00,2024-06-16
202400042344,11:00,Plein jour,2B,2B298,1,1,1,7.0,Route de Fornali,42.690093,9.271259,11:00:00,2024-09-28
202400042345,02:00,Nuit sans éclairage,66,66176,1,1,1,6.0,Unknown,42.77816239,2.96272516,02:00:00,2024-09-29
202400042346,22:41,,84,84078,1,2,1,5.0,N7,44.240645,4.711365,22:41:00,2024-09-28
202400042347,12:20,Plein jour,77,77276,2,1,1,3.0,COTE DE LA JUSTICE (ROUTE),48.93876172,2.87944442,12:20:00,2024-11-02
202400042348,21:00,,84,84129,2,1,1,6.0,2105 Avenue d'Orange,44.026212,4.873235,21:00:00,2024-09-28
202400042349,17:05,Plein jour,01,01064,2,3,1,3.0,Route du Pont,45.785231,5.452681,17:05:00,2024-06-15
202400042350,10:05,Plein jour,89,89206,2,2,1,2.0,Rue de la Porte Percy,47.982637,3.404823,10:05:00,2024-09-29
202400042351,03:45,Nuit sans éclairage,85,85238,2,1,3,6.0,6 Rue sainte-anne,46.951218,-0.893605,03:45:00,2024-06-16
202400042352,13:05,Plein jour,73,73065,1,4,1,3.0,BOISSE (AVENUE DE LA),45.5836508,5.90961546,13:05:00,2024-11-01
202400042353,12:00,Plein jour,42,42296,1,1,1,6.0,Route de Lyon,45.735272,4.275012,12:00:00,2024-09-29
202400042354,08:34,Plein jour,72,72181,2,2,1,6.0,MOULIN JEAN (BD) N° IMP,47.9776,0.2083,08:34:00,2024-11-02
202400042355,05:35,Crépuscule,76,76041,2,1,1,1.0,Route des Tôts,49.657551,0.71969,05:35:00,2024-06-08
202400042356,03:40,,72,72003,2,1,2,6.0,RATERIE (CHE DE LA),47.97664577,0.15660882,03:40:00,2024-11-02
202400042357,14:50,Plein jour,42,42147,1,4,1,3.0,Rue de Saint Anthème,45.585422,4.073927,14:50:00,2024-09-29
202400042358,07:52,Plein jour,13,13117,1,1,8,2.0,A7-Sens Lyon vers Marseille,43.43203191,5.25786355,07:52:00,2024-06-14
202400042359,12:50,Plein jour,38,38565,1,6,2,6.0,Route de l'Isère (Pont),45.27258,5.626137,12:50:00,2024-09-28
202400042360,18:50,Nuit sans éclairage,77,77369,1,6,1,3.0,D405,48.97506,2.90404,18:50:00,2024-12-08
202400042361,19:00,,69,69286,1,1,2,3.0,Route de Fontaines,45.8255,4.88183,19:00:00,2024-11-02
202400042362,18:39,,76,76498,2,2,8,6.0,Avenue des Allies,49.42475,1.05583,18:39:00,2024-12-08
202400042363,17:20,Plein jour,69,69106,1,2,1,3.0,Route Départementale 76,45.927013,4.656529,17:20:00,2024-09-29
202400042364,16:00,Plein jour,69,69290,1,1,1,4.0,Autoroute 43,45.70568,4.95985,16:00:00,2024-04-12
202400042365,12:00,Plein jour,67,67482,2,1,1,4.0,SCHIRMECK (ROUTE DE),48.565973,7.707705,12:00:00,2024-11-02
202400042366,18:30,,69,69266,2,1,3,1.0,Place Wilson,45.77397,4.86766,18:30:00,2024-12-08
202400042367,18:35,Plein jour,33,33535,1,1,2,1.0,Unknown,44.827432,-0.476709,18:35:00,2024-09-27
202400042368,11:19,Plein jour,64,64483,2,1,7,3.0,ITHURRALDE ANDRE (AVENUE),43.39394,-1.65026,11:19:00,2024-11-02
202400042369,22:15,Nuit sans éclairage,53,53082,1,1,1,6.0,131 route des pommiers,47.98476359,-0.88803922,22:15:00,2024-09-27
202400042370,04:20,,69,69266,2,6,3,3.0,Allée du Frère Benoit,45.78705,4.8864,04:20:00,2024-12-08
202400042371,16:50,Plein jour,59,59256,2,1,2,6.0,Rue Calmette Guerin,50.558147,3.13635,16:50:00,2024-09-27
202400042372,00:45,,59,59350,2,2,1,3.0,Rue du Maréchal de Lattre de Tassigny,50.63528493,3.05538895,00:45:00,2024-11-03
202400042373,15:05,Plein jour,13,13106,1,1,1,3.0,A7-Sens Marseille vers Lyon,43.38780006,5.3510726,15:05:00,2024-09-28
202400042374,18:15,,69,69013,1,3,2,3.0,Avenue de Joux,46.00397,4.7322,18:15:00,2024-12-07
202400042375,18:38,Plein jour,56,56083,2,1,1,3.0,Avenue de la République,47.80086,-3.28444,18:38:00,2024-10-31
202400042376,14:35,Plein jour,13,13212,1,1,1,2.0,A507 sens Aubagne- Marseille,43.30317709,5.42537105,14:35:00,2024-09-27
202400042377,18:55,,66,66136,2,2,1,3.0,Avenue Maréchal Juin,42.68751,2.90059536,18:55:00,2024-12-08
202400042378,19:05,,51,51454,2,3,1,6.0,VAILLANT COUTURIER (RUE PAUL) N°1 A 103,49.2662,4.02498,19:05:00,2024-11-02
202400042379,10:40,Plein jour,51,51663,2,1,1,3.0,ALFRED ANATOLE THEVENET (AVENUE),49.04717,3.964959,10:40:00,2024-10-29
202400042380,13:35,Plein jour,64,64129,2,3,2,3.0,SAINT EXUPERY,43.31337,-0.38018,13:35:00,2024-12-08
202400042381,01:35,,33,33550,1,9,1,6.0,Unknown,44.779878,-0.574589,01:35:00,2024-09-28
202400042382,18:41,,45,45004,1,1,1,2.0,D2060 PR 26 + 337,47.985569,2.770079,18:41:00,2024-11-02
202400042383,13:00,Plein jour,64,64132,2,1,2,6.0,COMMANDANT RENE MOUCHOTTE DU,43.30536816,-0.32925457,13:00:00,2024-12-08
202400042384,14:20,Plein jour,94,94021,1,1,1,3.0,A6B,48.77129754,2.34584423,14:20:00,2024-09-28
202400042385,15:30,Crépuscule,44,44143,2,3,1,6.0,Rue Victor Fortun,47.1812,-1.55644,15:30:00,2024-11-02
202400042386,18:00,,62,62119,2,1,3,1.0,Rue Copernic,50.51463067,2.64831054,18:00:00,2024-12-07
202400042387,23:32,,42,42187,2,9,1,6.0,Rue Lucien Sampaix,46.03057814,4.05852556,23:32:00,2024-11-02
202400042388,01:20,Nuit sans éclairage,91,91553,1,1,8,6.0,RN 104,48.63129,2.48908,01:20:00,2024-09-28
202400042389,20:11,,42,42187,2,3,1,3.0,Rue Mulsant,46.038105,4.06006565,20:11:00,2024-11-02
202400042390,12:15,Plein jour,51,51453,1,1,8,2.0,RN 44,48.99988804,4.33865007,12:15:00,2024-12-07
202400042391,16:45,Plein jour,95,95277,1,1,1,2.0,A3,48.96848031,2.47881515,16:45:00,2024-09-27
202400042392,16:30,Plein jour,42,42044,2,4,1,6.0,Rue Grenette,45.39727,4.32711,16:30:00,2024-11-02
202400042393,15:35,Plein jour,93,93051,1,1,1,2.0,A4,48.83504617,2.57475935,15:35:00,2024-09-28
202400042394,15:00,Plein jour,47,47323,2,6,1,3.0,CAYREL JEAN-CLAUDE (AVENUE),44.42299,0.70038,15:00:00,2024-12-06
202400042395,01:15,Nuit sans éclairage,77,77249,1,1,2,7.0,RN104,48.757647,2.615364,01:15:00,2024-09-28
202400042396,04:20,,37,37261,2,2,2,3.0,HEURTELOUP (BOULEVARD),47.39214,0.70041,04:20:00,2024-11-02
202400042397,16:05,Plein jour,45,45068,2,1,1,3.0,10 Rue du Gué aux Biches,48.02126,2.72338,16:05:00,2024-12-06
202400042398,12:50,Plein jour,35,35238,2,1,1,3.0,GROS MALHON (AVENUE),48.13234,-1.68481,12:50:00,2024-11-02
202400042399,23:20,Nuit sans éclairage,94,94065,1,1,2,4.0,A86,48.75377489,2.36789548,23:20:00,2024-09-27
202400042400,18:55,,41,41018,2,1,2,3.0,BESNARD (QUAI ULYSSE),47.57818,1.32107,18:55:00,2024-12-08
202400042401,19:25,,34,34172,2,2,1,3.0,LIBERTE (AVENUE DE LA,43.6113,3.82878,19:25:00,2024-11-02
202400042402,15:50,Plein jour,77,77337,1,1,2,3.0,A4,48.82967,2.61664,15:50:00,2024-09-27
202400042403,16:55,Plein jour,34,34172,2,1,1,1.0,MAURIN (AVENUE DE,43.60139,3.87512,16:55:00,2024-12-08
202400042404,21:20,,33,33063,2,3,1,6.0,Place de la Ferme de Richemont,44.83602,-0.57214,21:20:00,2024-11-02
202400042405,17:25,,34,34172,2,1,1,7.0,VALERY (BOULEVARD PAUL,43.59121,3.85432,17:25:00,2024-12-07
202400042406,09:30,Plein jour,988,98818,2,1,1,6.0,RUE ARMAND OHLEN,-22.26295,166.46341,09:30:00,2024-09-28
202400042407,06:15,,31,31149,1,1,1,2.0,3 COLOMIERS EST (A624),43.60522,1.34475,06:15:00,2024-11-02
202400042408,18:05,Crépuscule,974,97416,1,9,1,6.0,RN 01,-21.3308,55.45545,18:05:00,2024-09-27
202400042409,18:10,Crépuscule,13,13213,2,3,1,3.0,ALPHONSE DAUDET (RUE),43.32209,5.41222,18:10:00,2024-11-02
202400042410,20:00,,25,25031,2,1,1,1.0,SELONCOURT (RUE DE),47.47159,6.8514,20:00:00,2024-12-08
202400042411,12:40,Plein jour,974,97416,1,1,1,3.0,ANCIENNE RN 1,-21.33251,55.45631,12:40:00,2024-09-27
202400042412,09:23,Plein jour,06,06088,2,4,1,6.0,2 Boulevard Pierre Sola,43.7078982,7.2841867,09:23:00,2024-11-02
202400042413,21:15,,18,18279,2,2,3,1.0,Rue Jeanne Labourbe,47.232044,2.061047,21:15:00,2024-12-07
202400042414,08:00,Plein jour,974,97416,1,1,1,5.0,RN3 (2),-21.31708,55.49071,08:00:00,2024-09-27
202400042415,12:45,Plein jour,04,04112,2,3,1,3.0,SAINT LAZARE (AV.),43.83193,5.78922,12:45:00,2024-11-02
202400042416,16:00,Plein jour,75,75113,2,1,1,2.0,BOULEVARD PERIPHERIQUE INTERIEUR SUD,48.821718,2.379015,16:00:00,2024-11-01
202400042417,11:53,Plein jour,973,97302,2,1,1,3.0,MONTABO (ROUTE DE) 1,4.9436,-52.31883,11:53:00,2024-09-26
202400042418,02:30,Nuit sans éclairage,13,13019,1,1,1,5.0,D9,43.47896,5.35557,02:30:00,2024-12-08
202400042419,07:50,Plein jour,973,97302,1,6,1,2.0,Unknown,4.90781,-52.32244,07:50:00,2024-09-27
202400042420,12:20,Plein jour,75,75117,2,7,1,3.0,PLACE DE VERDUN,48.878689,2.280079,12:20:00,2024-11-01
202400042421,05:00,,13,13209,2,1,1,6.0,LÉON LACHAMP (ROUTE),43.24880244,5.44162683,05:00:00,2024-12-08
202400042422,18:40,,75,75111,2,1,1,6.0,RUE JEAN PIERRE TIMBAUD,48.866424,2.372554,18:40:00,2024-11-02
202400042423,20:40,Nuit sans éclairage,973,97302,2,1,1,2.0,MADELEINE (ROUTE DE LA),4.92856,-52.32527,20:40:00,2024-09-26
202400042424,13:20,Plein jour,13,13211,2,1,1,5.0,LÉON BANCAL (RUE),43.288,5.48,13:20:00,2024-12-08
202400042425,17:56,Crépuscule,75,75110,2,1,1,6.0,RUE DE SAMBRE ET MEUSE,48.87526,2.369914,17:56:00,2024-11-02
202400042426,12:30,Plein jour,973,97302,2,1,1,1.0,BECKER (LIEUTENANT),4.93853,-52.32742,12:30:00,2024-09-26
202400042427,18:20,,75,75101,2,1,1,6.0,RUE DE RIVOLI,48.862935,2.334654,18:20:00,2024-11-02
202400042428,13:30,Plein jour,13,13004,2,1,1,1.0,BD EMILE COMBES,43.6748,4.63135,13:30:00,2024-12-08
202400042429,20:20,,973,97302,2,1,1,2.0,MONTABO (ROUTE DE) 1,4.94298361,-52.30634701,20:20:00,2024-09-25
202400042430,08:30,Plein jour,06,06104,2,1,1,3.0,86 Avenue Jean Jaurès,43.75862,7.45077,08:30:00,2024-11-27
202400042431,04:05,,75,75101,2,2,1,3.0,RUE DE RIVOLI,48.860083,2.343413,04:05:00,2024-11-01
202400042432,10:55,Plein jour,69,69383,2,3,7,6.0,Cours Lafayette,45.76360287,4.85702738,10:55:00,2024-09-27
202400042433,11:30,Plein jour,93,93066,2,1,1,3.0,BRICHE NR 69 A 77,48.9421,2.34122,11:30:00,2024-11-02
202400042434,16:40,,06,06029,2,1,1,1.0,34 Boulevard du Midi Louise Moreau,43.543549,6.965228,16:40:00,2024-12-08
202400042435,11:21,Plein jour,69,69387,2,3,1,6.0,Avenue Berthelot,45.74193,4.85193,11:21:00,2024-09-25
202400042436,07:50,Crépuscule,93,93046,2,1,8,6.0,PRESIDENT FITZERALD KENNEDY (AV DU),48.91596,2.53272,07:50:00,2024-11-02
202400042437,15:00,Plein jour,06,06030,2,1,7,6.0,275 Chemin Saint - Joseph,43.56478,6.97774,15:00:00,2024-12-08
202400042438,08:55,Plein jour,69,69384,2,1,3,6.0,Cours d'Herbouville,45.77526,4.83901,08:55:00,2024-09-26
202400042439,17:30,Nuit sans éclairage,06,06123,2,1,1,1.0,1307 Chemin des Iscles,43.71253,7.18253,17:30:00,2024-12-07
202400042440,11:23,Plein jour,971,97101,1,4,1,1.0,ALBERT LEOGANE - TERRASSON (RUE),16.24536,-61.50697,11:23:00,2024-09-27
202400042441,18:20,,93,93006,2,1,1,6.0,PASTEUR AV.,48.87603192,2.41826355,18:20:00,2024-11-02
202400042442,01:15,,02,02168,2,1,2,1.0,Unknown,49.06392,3.39384,01:15:00,2024-12-07
202400042443,16:45,Plein jour,2A,2A004,2,1,1,1.0,6 Boulevard Lantivy,41.91658,8.73785,16:45:00,2024-09-27
202400042444,16:52,Crépuscule,01,01053,2,9,2,6.0,BARBEROT Paul  (avenue),46.20903,5.22988,16:52:00,2024-12-08
202400042445,18:20,,93,93063,2,3,1,3.0,NORMANDIE-NIEMEN RUE,48.88320761,2.42696464,18:20:00,2024-11-02
202400042446,11:00,Plein jour,95,95563,2,2,1,3.0,D502,49.0030574,2.25096549,11:00:00,2024-09-27
202400042447,02:37,,75,75109,2,2,3,6.0,RUE DES MARTYRS,48.876799,2.339226,02:37:00,2024-12-07
202400042448,17:35,,92,92036,2,1,1,6.0,GABRIEL PERI (AVENUE) (101/129),48.92017742,2.29519641,17:35:00,2024-11-02
202400042449,06:27,,95,95018,2,2,9,3.0,D392,48.94138589,2.20676834,06:27:00,2024-09-27
202400042450,19:10,,75,75116,2,7,2,6.0,PLACE DE LA PORTE MAILLOT,48.87812053,2.2810632,19:10:00,2024-12-08
202400042451,23:25,,92,92036,2,3,1,3.0,GABRIEL PERI (AVENUE) (2/58),48.91275901,2.29634061,23:25:00,2024-11-01
202400042452,13:30,Plein jour,75,75115,2,7,1,6.0,RUE LINOIS,48.846814,2.285631,13:30:00,2024-12-07
202400042453,13:15,Plein jour,92,92025,2,2,8,7.0,CHARLES DE GAULLE (BD),48.91453379,2.22920112,13:15:00,2024-11-02
202400042454,04:55,,91,91161,2,9,8,5.0,RTE DE LONGJUMEAU,48.71448,2.29815,04:55:00,2024-09-27
202400042455,20:35,,92,92025,2,1,1,3.0,PAUL BERT (RUE),48.93003071,2.24574566,20:35:00,2024-11-01
202400042456,23:50,,75,75114,2,3,2,3.0,AVENUE DU GENERAL LECLERC,48.829582,2.328379,23:50:00,2024-12-07
202400042457,21:42,,91,91514,2,1,1,6.0,RUE DE BOISSY ST LEGER,48.67504,2.53545,21:42:00,2024-09-27
202400042458,14:52,Plein jour,92,92007,2,1,1,6.0,PLUCHET (RUE ALPHONSE),48.79716002,2.2990758,14:52:00,2024-11-02
202400042459,14:30,Plein jour,91,91691,2,1,3,2.0,RAYMOND POINCARE(RUE),48.7188,2.5002,14:30:00,2024-09-26
202400042460,04:00,,94,94042,2,2,2,2.0,Avenue du Général Galliéni,48.82,2.47932,04:00:00,2024-12-08
202400042461,18:20,Crépuscule,47,47069,1,6,1,3.0,rond point de camelat,44.2197,0.578982,18:20:00,2024-11-02
202400042462,20:20,,14,14409,2,1,1,3.0,30 Avenue Alexandre de Lavergne,49.272264,-0.196096,20:20:00,2024-10-31
202400042463,23:00,,91,91687,2,1,3,3.0,GENERAL DE GAULLE (AVENUE DU),48.68168,2.3785,23:00:00,2024-09-27
202400042464,18:20,,94,94043,2,3,2,6.0,Rue de l'Avenir,48.806091,2.345993,18:20:00,2024-12-08
202400042465,14:50,Plein jour,63,63307,1,1,1,7.0,Chemin sans nom longeant la D785,45.724999,3.092595,14:50:00,2024-11-02
202400042466,03:20,,94,94028,2,1,2,3.0,Av du Mal de Lattre de Tassigny,48.7992,2.45349,03:20:00,2024-12-08
202400042467,13:20,Plein jour,62,62495,1,1,1,6.0,D341,50.64426876,1.95803031,13:20:00,2024-10-29
202400042468,17:25,Plein jour,87,87085,2,3,2,6.0,MONTJOVIS (AVENUE),45.83996,1.2467,17:25:00,2024-09-25
202400042469,23:10,,52,52088,2,1,1,6.0,58 Hameau la Greve,48.453328,4.767938,23:10:00,2024-10-31
202400042470,18:51,,94,94071,2,1,3,6.0,Avenue Winston Churchill,48.77109,2.52145,18:51:00,2024-12-07
202400042471,09:50,Plein jour,84,84035,2,6,1,3.0,EUROPE (BOULEVARD DE L'),43.84391,5.04464,09:50:00,2024-09-27
202400042472,14:00,Plein jour,76,76624,2,1,1,6.0,Chemin de la Chasse,49.864169,1.253605,14:00:00,2024-11-02
202400042473,21:30,,94,94028,2,3,2,6.0,Boulevard John Kennedy / Impasse François Rude,48.77632199,2.46405731,21:30:00,2024-12-07
202400042474,12:25,Plein jour,974,97412,2,1,1,3.0,47 Route de la Grande Corniche,-21.373773,55.596595,12:25:00,2024-11-03
202400042475,17:43,Plein jour,84,84031,2,3,1,3.0,GLAIEULS DES,44.05236,5.03792,17:43:00,2024-09-24
202400042476,13:47,Plein jour,93,93005,2,9,2,6.0,MARC CHAGALL (BOULEVARD),48.95317707,2.50164724,13:47:00,2024-12-08
202400042477,15:30,Plein jour,83,83070,2,3,1,1.0,Avenue Paul Valéry,43.139258,6.360945,15:30:00,2024-11-03
202400042478,17:04,Plein jour,84,84007,2,1,1,6.0,PAUL PAMARD (RUE),43.91885,4.87259,17:04:00,2024-09-27
202400042479,21:00,,93,93005,2,9,2,6.0,FERME (CARREFOUR DE LA),48.9444331,2.49572754,21:00:00,2024-12-07
202400042480,07:10,Nuit sans éclairage,44,44113,1,1,1,2.0,Unknown,47.598177,-1.628036,07:10:00,2024-11-03