Num_Acc,hrmn,lum,dep,com,agg,int,atm,col,adr,lat,long,heure,date
202400042481,15:50,Plein jour,83,83034,2,3,1,2.0,AVENUE VALERANE,43.08551,6.0981,15:50:00,2024-06-22
202400042482,21:20,,93,93046,2,2,1,3.0,GAMBETTA AVENUE,48.9193,2.51904,21:20:00,2024-12-07
202400042483,16:40,Plein jour,56,56002,1,1,8,7.0,Lande de Corbouin,47.564104,-2.552712,16:40:00,2024-11-02
202400042484,16:35,Plein jour,83,83069,2,9,1,6.0,VICTORIA (AVENUE),43.11685,6.12602,16:35:00,2024-09-27
202400042485,21:00,,93,93031,2,1,2,6.0,ALLENDE (AVENUE SALVADOR),48.95569,2.30836,21:00:00,2024-12-07
202400042486,18:40,Nuit sans éclairage,79,79179,1,1,5,7.0,Unknown,46.671258,-0.585655,18:40:00,2024-11-02
202400042487,12:22,Plein jour,81,81065,1,1,2,5.0,ALBI (RD612 - RTE D'),43.65676,2.21865,12:22:00,2024-09-27
202400042488,17:00,,93,93057,2,9,2,4.0,ROME (AV.),48.9154191,2.50009147,17:00:00,2024-12-08
202400042489,15:50,Plein jour,63,63322,1,1,1,5.0,D210,45.857783,3.183224,15:50:00,2024-11-02
202400042490,19:00,Plein jour,80,80021,2,1,2,7.0,QUATORZE JUILLET 1789 (AVENUE DU),49.878838,2.283167,19:00:00,2024-09-27
202400042491,10:30,Plein jour,63,63313,1,1,1,6.0,Unknown,45.392468,3.007481,10:30:00,2024-11-02
202400042492,23:25,,93,93008,2,3,2,7.0,SEMARD (RUE PIERRE),48.91290676,2.4462955,23:25:00,2024-12-07
202400042493,16:25,Plein jour,78,78551,2,2,1,3.0,BERLIOZ (BD HECTOR),48.89369,2.067,16:25:00,2024-09-27
202400042494,13:00,Plein jour,63,63353,1,4,1,1.0,RD300,45.45182834,3.57857106,13:00:00,2024-11-03
202400042495,06:30,,92,92026,2,1,2,2.0,JOFFRE ( DE 52 A FIN ET DE 61 A FIN ),48.90259011,2.2458981,06:30:00,2024-12-08
202400042496,21:30,Nuit sans éclairage,61,61375,1,1,1,2.0,D958,48.670941,0.014784,21:30:00,2024-11-02
202400042497,13:25,Plein jour,78,78440,2,2,1,3.0,ILE DE FRANCE (ALLEE DE L'),48.985925,1.914681,13:25:00,2024-09-27
202400042498,12:10,Plein jour,77,77487,2,1,2,6.0,14 JUILLET (PLACE DU),48.53077,2.6734,12:10:00,2024-09-26
202400042499,15:40,Plein jour,35,35027,2,1,1,2.0,26 Rue Théodore Botrel,48.166517,-2.067433,15:40:00,2024-11-02
202400042500,18:15,Plein jour,66,66009,2,1,1,1.0,Avenue Alsina Rodona,42.46909,2.661036,18:15:00,2024-10-08
202400042501,19:25,,77,77268,2,1,3,6.0,RUE DES LABOURS,48.87327,2.8147,19:25:00,2024-09-24
202400042502,18:40,Nuit sans éclairage,29,29037,1,6,1,3.0,D44,47.88422492,-4.16880508,18:40:00,2024-11-02
202400042503,01:45,,971,97114,1,3,2,3.0,La Rose,16.147798,-61.583589,01:45:00,2024-12-08
202400042504,13:40,Plein jour,76,76681,2,6,8,1.0,Place Voltaire,49.42356,1.08897,13:40:00,2024-09-27
202400042505,17:00,Plein jour,31,31183,1,1,1,3.0,D26,43.079068,0.892864,17:00:00,2024-10-24
202400042506,14:30,Plein jour,22,22206,1,9,1,6.0,Kerbouillen (Embranchement d'autoroute),48.533285,-3.007877,14:30:00,2024-12-01
202400042507,13:30,Plein jour,73,73065,1,1,1,6.0,N201,45.57189649,5.93610719,13:30:00,2024-09-27
202400042508,00:25,Nuit avec éclairage,38,38413,2,1,1,6.0,N85,44.8761264,5.83513138,00:25:00,2024-11-03
202400042509,19:30,,974,97412,2,3,1,5.0,Rue Marcel Pagnol,-21.377968,55.660847,19:30:00,2024-12-08
202400042510,21:38,,73,73011,2,1,8,6.0,HOTEL DE VILLE (COURS DE),45.67542,6.39297,21:38:00,2024-09-27
202400042511,19:20,Nuit sans éclairage,02,02011,1,1,5,6.0,N31,49.392101,3.207697,19:20:00,2024-11-03
202400042512,03:25,,72,72181,2,1,8,6.0,BOURG BELE (RUE DU)  N° IMP 1 A 59,47.99788,0.19823,03:25:00,2024-09-27
202400042513,23:47,Nuit sans éclairage,02,02551,1,1,1,6.0,Unknown,49.444217,3.393402,23:47:00,2024-11-02
202400042514,13:35,Plein jour,15,15096,1,1,1,6.0,RD 60,45.022207,2.565984,13:35:00,2024-10-30
202400042515,23:10,Nuit sans éclairage,57,57620,1,1,1,7.0,Autoroute A4 PK 303.3 sens Paris vers Metz,49.181774,6.019177,23:10:00,2024-12-08
202400042516,23:30,,69,69282,2,2,1,3.0,Avenue de Verdun,45.78194,5.00548,23:30:00,2024-09-27
202400042517,02:00,Nuit sans éclairage,01,01348,2,1,1,6.0,Rue de Crénans,46.176677,4.810901,02:00:00,2024-11-03
202400042518,21:00,Nuit sans éclairage,70,70317,1,2,1,6.0,D486,47.533629,6.418573,21:00:00,2024-11-02
202400042519,04:00,Nuit sans éclairage,01,01189,2,1,4,2.0,Hameau le Poteau,46.065147,5.781287,04:00:00,2024-12-08
202400042520,18:10,Crépuscule,69,69271,2,3,7,1.0,Route de Lyon,45.7387,4.96491,18:10:00,2024-09-27
202400042521,21:45,,70,70482,2,6,1,6.0,2 Rue Armand Paulmard,47.664705,5.971431,21:45:00,2024-11-02
202400042522,10:50,Plein jour,69,69290,2,1,1,1.0,Rue Colette,45.69007,4.94215,10:50:00,2024-09-27
202400042523,10:30,Plein jour,06,06073,1,1,1,7.0,M97,44.19199,7.136436,10:30:00,2024-11-03
202400042524,18:25,Nuit sans éclairage,34,34118,1,5,1,3.0,D109,43.721009,3.909894,18:25:00,2024-12-08
202400042525,10:00,Plein jour,69,69290,1,1,1,1.0,Chemin de Saint Bonnet de Mure,45.69195,4.96691,10:00:00,2024-09-27
202400042526,10:20,Plein jour,57,57544,1,1,8,6.0,D96c,48.684997,7.126951,10:20:00,2024-12-09
202400042527,22:15,Nuit sans éclairage,14,14516,2,2,1,3.0,17 Rue du Général Leclerc,48.973737,-0.244231,22:15:00,2024-11-02
202400042528,14:45,Plein jour,69,69259,2,3,3,5.0,Avenue Francis de Pressensé,45.71182,4.87495,14:45:00,2024-09-26
202400042529,19:22,,59,59164,1,3,2,3.0,Rue de Solesmes,50.157958,3.57856,19:22:00,2024-12-08
202400042530,00:45,Nuit sans éclairage,14,14601,1,1,1,1.0,Route de Lisieux,49.284516,0.208563,00:45:00,2024-11-03
202400042531,09:00,Plein jour,68,68224,2,2,2,6.0,Rue du Fil,47.747359,7.320198,09:00:00,2024-09-27
202400042532,07:45,Plein jour,50,50359,1,1,8,7.0,Rue de l'Abbaye Blanche,48.655947,-0.943993,07:45:00,2024-11-02
202400042533,20:00,Nuit sans éclairage,56,56078,2,1,1,1.0,les Cinq Chemins,47.799932,-3.476593,20:00:00,2024-12-04
202400042534,20:10,,61,61006,2,1,2,6.0,D958,48.748795,-0.027584,20:10:00,2024-09-27
202400042535,06:00,Nuit sans éclairage,40,40055,1,1,1,3.0,D824,43.852231,-0.479708,06:00:00,2024-11-02
202400042536,20:00,Nuit sans éclairage,80,80191,1,1,2,7.0,D39,49.79502,2.773447,20:00:00,2024-12-08
202400042537,10:00,Plein jour,61,61038,2,1,1,6.0,Voie Communale,48.374448,0.564514,10:00:00,2024-06-19
202400042538,20:00,Nuit sans éclairage,17,17043,1,1,1,1.0,RD 939,46.048246,-0.632014,20:00:00,2024-11-02
202400042539,14:55,Plein jour,61,61001,2,6,2,3.0,Voie Communale,48.432079,0.079551,14:55:00,2024-09-27
202400042540,13:45,Plein jour,87,87089,1,1,1,7.0,D942,46.213383,1.148243,13:45:00,2024-11-02
202400042541,12:00,Plein jour,12,12266,1,1,1,3.0,"D95, Lieu-dit Montels Cance",44.282991,2.819431,12:00:00,2024-12-09
202400042542,11:50,Plein jour,24,24348,1,1,1,6.0,d25,44.680623,0.452113,11:50:00,2024-11-02
202400042543,08:50,Plein jour,51,51454,2,2,1,3.0,BOYER (Rue Gaston),49.26033,4.02242,08:50:00,2024-09-27
202400042544,08:20,Plein jour,44,44169,1,1,1,1.0,53quater Route du fleuve,47.246997,-1.400323,08:20:00,2024-12-07
202400042545,05:15,Nuit sans éclairage,13,13044,1,1,1,1.0,D69,43.622817,5.045278,05:15:00,2024-11-03
202400042546,13:21,Plein jour,49,49007,2,1,1,3.0,BERANGER,47.47403,-0.53746,13:21:00,2024-09-26
202400042547,22:20,Nuit sans éclairage,29,29212,1,1,6,6.0,route du Mengant,48.35503,-4.590558,22:20:00,2024-12-07
202400042548,18:10,Plein jour,44,44184,2,2,1,3.0,Rue du Maine,47.27758,-2.21096,18:10:00,2024-09-27
202400042549,00:55,Nuit sans éclairage,06,06149,1,1,1,5.0,"A8, PK205+550, chaussé nord",43.744065,7.347579,00:55:00,2024-11-03
202400042550,13:20,Plein jour,988,98822,1,1,1,6.0,Tribu de Wagap,-20.8858,165.27595,13:20:00,2024-11-02
202400042551,16:00,Plein jour,29,29215,1,1,6,1.0,D784,47.99668115,-4.37612321,16:00:00,2024-12-07
202400042552,12:55,Plein jour,44,44162,2,1,3,3.0,Rue du Moulin de la Rousselière,47.2320916,-1.6447502,12:55:00,2024-09-27
202400042553,19:00,Nuit sans éclairage,988,98821,1,1,1,3.0,VE2 sens Sud/Nord,-22.151428,166.371636,19:00:00,2024-11-01
202400042554,00:01,Nuit sans éclairage,15,15142,1,1,1,6.0,RD 56,44.922842,2.93519,00:01:00,2024-12-09
202400042555,14:00,Plein jour,42,42218,2,2,1,6.0,Rue Francisque Voytier,45.42429,4.40175,14:00:00,2024-09-23
202400042556,21:25,Nuit sans éclairage,58,58172,1,1,2,7.0,D979,46.73896,3.658898,21:25:00,2024-12-08
202400042557,11:40,Plein jour,971,97117,1,1,1,7.0,Route de Bories,16.302841,-61.406944,11:40:00,2024-11-03
202400042558,12:55,Plein jour,41,41047,2,1,2,7.0,PASTEUR (RUE LOUIS),47.614,1.35419,12:55:00,2024-09-25
202400042559,03:50,Nuit avec éclairage,95,95446,2,1,1,6.0,D79,49.124444,2.169671,03:50:00,2024-11-03
202400042560,11:10,Plein jour,14,14622,1,1,2,6.0,Route de Tournières,49.230266,-0.958831,11:10:00,2024-12-09
202400042561,07:15,Nuit sans éclairage,50,50215,1,1,2,7.0,RD650,49.120161,-1.589541,07:15:00,2024-12-05
202400042562,08:15,Crépuscule,78,78597,1,1,5,1.0,Soindres,48.951366,1.649795,08:15:00,2024-11-01
202400042563,17:55,Plein jour,38,38185,2,4,2,1.0,QUAI CLAUDE BERNARD,45.19289651,5.71743831,17:55:00,2024-09-27
202400042564,11:15,Plein jour,50,50615,2,1,1,2.0,42 Rue de Poterie,49.510757,-1.469429,11:15:00,2024-12-06
202400042565,15:00,Plein jour,83,83016,1,1,1,1.0,Route Nationale 8,43.21506,5.810523,15:00:00,2024-11-03
202400042566,01:09,Nuit avec éclairage,37,37233,2,6,1,6.0,DUCLOS (AVENUE JACQUES),47.3802,0.7265,01:09:00,2024-09-27
202400042567,10:55,Plein jour,89,89102,1,1,1,6.0,D1,47.756276,3.500197,10:55:00,2024-11-03
202400042568,03:30,,43,43152,2,1,2,6.0,20 Route de Polignac,45.05275815,3.87265002,03:30:00,2024-12-07
202400042569,09:30,Plein jour,34,34172,2,1,1,3.0,MARES (AVENUE HENRI),43.62,3.85109,09:30:00,2024-09-27
202400042570,12:45,Plein jour,07,07185,1,1,2,7.0,Chemin de la Boutonnas,45.126139,4.641681,12:45:00,2024-12-08
202400042571,20:14,,31,31555,2,1,1,3.0,AV DES MINIMES,43.61658867,1.4370659,20:14:00,2024-09-27
202400042572,13:30,Plein jour,88,88196,1,1,1,1.0,D486,48.064762,6.860798,13:30:00,2024-11-03
202400042573,04:30,,07,07010,2,6,1,3.0,Allée de Beauregard,45.251877,4.661666,04:30:00,2024-11-25
202400042574,05:50,,57,57058,2,1,1,6.0,Rue des Vergers,49.17046,6.939159,05:50:00,2024-11-03
202400042575,19:20,Crépuscule,28,28218,2,9,1,6.0,REPUBLIQUE (AVENUE DE LA),48.43712,1.44586,19:20:00,2024-09-26
202400042576,17:45,,52,52060,2,1,1,6.0,38 rue amiral pierre,47.95184735,5.74995205,17:45:00,2024-12-09
202400042577,00:50,Nuit sans éclairage,28,28209,1,1,1,7.0,RD 339,48.47823,1.47171,00:50:00,2024-09-27
202400042578,18:15,,07,07324,2,6,1,1.0,Avenue de nimes intersection avenue helene de tournon,45.055243,4.838533,18:15:00,2024-11-03
202400042579,20:10,Nuit sans éclairage,88,88385,1,2,1,1.0,D165,48.197265,6.050076,20:10:00,2024-12-08
202400042580,07:24,,27,27229,2,2,2,3.0,LEPOUZE (RUE),49.02731,1.15546,07:24:00,2024-09-26
202400042581,12:44,Plein jour,07,07241,1,1,1,2.0,rn 102,44.563001,4.469032,12:44:00,2024-11-03
202400042582,18:29,Nuit sans éclairage,07,07241,1,1,1,7.0,Rue des Vignobles,44.548709,4.439946,18:29:00,2024-11-02
202400042583,17:55,,38,38553,2,3,2,6.0,Avenue du Drieve,45.618356,5.145738,17:55:00,2024-12-08
202400042584,05:30,Crépuscule,25,25462,2,2,1,3.0,BOULEVARD PASTEUR (DE 55 A LA FIN),46.904375,6.347253,05:30:00,2024-09-27
202400042585,10:24,Plein jour,69,69009,2,3,8,6.0,636 Route de Lyon,45.935669,4.721804,10:24:00,2024-11-02
202400042586,18:15,Plein jour,25,25056,2,1,1,6.0,SIFFERT  AVENUE CHARLES,47.24148,6.01547,18:15:00,2024-09-27
202400042587,19:00,Nuit avec éclairage,13,13001,1,1,1,4.0,A8,43.516844,5.431945,19:00:00,2024-12-09
202400042588,14:20,Plein jour,33,33555,2,1,1,1.0,Unknown,44.684628,-0.869701,14:20:00,2024-10-24
202400042589,18:45,Nuit sans éclairage,13,13001,1,1,1,2.0,Parking,43.512577,5.46513,18:45:00,2024-12-09
202400042590,13:45,Plein jour,13,13117,2,3,1,3.0,8 MAI 1945 (AVENUE),43.424,5.27751,13:45:00,2024-09-27
202400042591,18:30,Nuit avec éclairage,13,13001,1,1,1,2.0,A8,43.51208865,5.45538201,18:30:00,2024-12-09
202400042592,15:25,Plein jour,22,22282,1,3,1,3.0,D786,48.585777,-2.238759,15:25:00,2024-11-01
202400042593,17:20,Plein jour,11,11069,2,3,1,3.0,10 Allée d'Iéna,43.20943,2.34495,17:20:00,2024-09-26
202400042594,14:00,Plein jour,83,83140,1,1,1,6.0,Autoroute A8 PK 66+100 direction AIX-EN-PROVENCE,43.42493542,5.97393361,14:00:00,2024-12-08
202400042595,08:35,Plein jour,35,35240,2,9,1,3.0,75 Rue Nationale,48.094459,-1.772125,08:35:00,2024-10-18
202400042596,22:10,,10,10362,2,1,2,1.0,NOES (RUE DES),48.297,4.06,22:10:00,2024-09-27
202400042597,06:15,Nuit sans éclairage,38,38193,1,1,1,2.0,"A43, pk 29.00, aire d'avia l'isles d'abeau",45.6133597,5.206808,06:15:00,2024-12-03
202400042598,14:20,Plein jour,60,60612,2,1,1,6.0,Avenue du Général de Gaulle,49.208129,2.596997,14:20:00,2024-11-03
202400042599,18:12,Plein jour,07,07102,2,1,1,3.0,REPUBLIQUE (AV. DE LA) [DU N° AU N°],44.93674,4.87206,18:12:00,2024-09-25
202400042600,11:44,Plein jour,987,98747,1,1,1,3.0,PK 2+200 C/Montagne,-17.735637,-149.235413,11:44:00,2024-12-07
202400042601,20:00,Nuit sans éclairage,988,98807,1,1,3,6.0,Ouaré (Tribu),-20.662823,164.926259,20:00:00,2024-11-23
202400042602,18:24,Plein jour,06,06088,2,2,1,3.0,100 Boulevard René Cassin,43.6698,7.21722,18:24:00,2024-09-27
202400042603,19:50,Nuit sans éclairage,988,98817,1,3,1,7.0,RPS1/Rue de La Thi,-22.230347,166.550256,19:50:00,2024-12-09
202400042604,15:38,Plein jour,06,06088,2,1,1,6.0,2 Corniche André de Joly,43.700226,7.288756,15:38:00,2024-09-27
202400042605,17:53,Nuit sans éclairage,57,57487,1,1,1,5.0,Autoroute A31,49.09371073,6.1120212,17:53:00,2024-11-02
202400042606,17:40,,37,37027,2,1,1,2.0,3 Route de Tours,47.32817767,0.98200147,17:40:00,2024-12-06
202400042607,10:10,Plein jour,06,06004,2,1,2,6.0,72 Boulevard Président Wilson,43.5744,7.11661,10:10:00,2024-09-26
202400042608,22:18,Nuit sans éclairage,77,77251,1,1,1,2.0,AUTOROUTE A5A,48.62312863,2.54329065,22:18:00,2024-11-01
202400042609,13:00,Plein jour,06,06019,2,1,1,3.0,Route Departementale 2204,43.807325,7.356892,13:00:00,2024-12-09
202400042610,16:00,Plein jour,75,75106,2,5,1,6.0,RUE DU VIEUX COLOMBIER,48.852052,2.329909,16:00:00,2024-09-27
202400042611,09:05,Plein jour,78,78007,1,1,8,4.0,A13 Y,48.898702,2.005727,09:05:00,2024-11-02
202400042612,14:46,Plein jour,75,75106,2,4,2,6.0,RUE DE RENNES,48.851022,2.330696,14:46:00,2024-09-27
202400042613,16:35,Plein jour,89,89295,1,2,1,5.0,D158,47.830051,3.543118,16:35:00,2024-12-07
202400042614,16:55,Plein jour,92,92036,1,1,1,3.0,A86,48.93459097,2.26845903,16:55:00,2024-11-01
202400042615,05:35,,88,88090,2,1,1,4.0,Rue René Didierjean,48.372337,6.291288,05:35:00,2024-12-07
202400042616,23:31,Nuit sans éclairage,78,78073,1,1,1,6.0,RN12 INT,48.79861,2.00344,23:31:00,2024-11-01
202400042617,12:59,Plein jour,75,75120,2,7,1,6.0,RUE BELGRAND,48.86458,2.408436,12:59:00,2024-09-27
202400042618,18:00,,57,57752,2,1,1,6.0,27 Rue de Nancy,49.074224,7.007748,18:00:00,2024-12-08
202400042619,14:00,Plein jour,75,75118,2,3,1,6.0,RUE DE L EVANGILE,48.894527,2.366485,14:00:00,2024-09-27
202400042620,15:00,Plein jour,95,95212,1,1,1,4.0,A1,49.02919904,2.53815959,15:00:00,2024-11-02
202400042621,15:50,Plein jour,75,75117,2,2,2,6.0,AVENUE NIEL,48.879667,2.294692,15:50:00,2024-09-27
202400042622,20:15,Nuit sans éclairage,38,38197,1,9,2,5.0,D517,45.755244,5.134703,20:15:00,2024-12-08
202400042623,14:38,Plein jour,95,95277,1,1,1,2.0,A3,48.97638481,2.49132859,14:38:00,2024-11-02
202400042624,15:20,Plein jour,75,75117,2,3,2,6.0,RUE BIOT,48.883534,2.326877,15:20:00,2024-09-27
202400042625,09:40,Plein jour,69,69136,1,1,2,3.0,42 Route des Esses,45.64281849,4.74755708,09:40:00,2024-12-09
202400042626,09:45,Plein jour,92,92036,1,1,1,2.0,AUTOROUTE A86,48.93911152,2.30488793,09:45:00,2024-11-02
202400042627,09:15,Plein jour,75,75117,2,3,1,6.0,AVENUE DES TERNES,48.88037333,2.28680885,09:15:00,2024-09-27
202400042628,21:30,Nuit sans éclairage,81,81140,1,1,1,7.0,Route Pierre Fabre,43.677618,1.879048,21:30:00,2024-12-05
202400042629,03:27,Nuit sans éclairage,94,94028,1,1,2,2.0,A86,48.78655637,2.44005919,03:27:00,2024-11-02
202400042630,18:50,Nuit sans éclairage,14,14762,1,1,2,7.0,D577,48.77698009,-0.89788467,18:50:00,2024-12-05
202400042631,09:10,Plein jour,75,75116,2,3,1,3.0,QUAI SAINT EXUPERY,48.834693,2.261907,09:10:00,2024-09-27
202400042632,02:20,Nuit sans éclairage,94,94046,1,1,1,4.0,A86,48.80959275,2.44911608,02:20:00,2024-11-02
202400042633,20:25,,29,29058,2,1,1,5.0,Route de Quimper,47.893719,-4.015911,20:25:00,2024-12-08
202400042634,23:20,,75,75115,2,3,1,1.0,RUE LINOIS,48.848525,2.282866,23:20:00,2024-09-26
202400042635,01:15,Nuit sans éclairage,27,27196,1,6,2,3.0,D77,49.297344,1.175217,01:15:00,2024-12-07
202400042636,21:50,,94,94033,1,1,1,4.0,A86,48.86117883,2.48388326,21:50:00,2024-10-31
202400042637,21:35,,75,75114,2,3,2,6.0,AVENUE RENE COTY,48.8334,2.332694,21:35:00,2024-09-25
202400042638,16:10,Plein jour,988,98818,2,1,1,6.0,Allée du cimetière du 5èm KM,-22.24274,166.4674,16:10:00,2024-11-01
202400042639,16:45,Plein jour,75,75113,2,1,2,7.0,AVENUE DE LA PORTE D ITALIE,48.81699,2.360097,16:45:00,2024-09-27
202400042640,02:12,,60,60409,2,1,2,6.0,26 Rue de l'Avenir,49.292427,2.463876,02:12:00,2024-12-07
202400042641,10:30,Plein jour,75,75112,2,2,1,6.0,RUE DE COTTE,48.849396,2.37763,10:30:00,2024-09-26
202400042642,17:47,,59,59092,2,1,2,6.0,191 Rue Léon Piérard,50.284611,3.316594,17:47:00,2024-12-09
202400042643,08:45,Plein jour,974,97411,2,3,1,3.0,MONDON (RUE MONSEIGNEUR),-20.89454,55.46016,08:45:00,2024-11-01
202400042644,13:00,Plein jour,75,75112,2,1,2,3.0,AVENUE DAUMESNIL,48.845541,2.378959,13:00:00,2024-09-25
202400042645,00:30,,69,69387,2,1,1,2.0,Rue Jean Bouin,45.72551,4.83508,00:30:00,2024-11-01
202400042646,17:45,Crépuscule,59,59250,1,1,2,2.0,route nationale 41,50.579231,2.874663,17:45:00,2024-12-08
202400042647,09:07,Plein jour,75,75107,2,2,1,3.0,BOULEVARD SAINT GERMAIN,48.856053,2.325977,09:07:00,2024-09-27
202400042648,13:23,Plein jour,972,97213,1,1,1,3.0,ROUTE DEPARTEMENTALE 3,14.62952,-60.98933,13:23:00,2024-11-01
202400042649,20:00,Nuit sans éclairage,13,13005,1,1,1,2.0,A50-Sens Marseille vers Aubagne,43.28848507,5.54834252,20:00:00,2024-12-07
202400042650,18:40,Plein jour,75,75101,2,4,8,3.0,RUE DU LOUVRE,48.863038,2.34185,18:40:00,2024-09-27
202400042651,00:05,,69,69382,2,1,1,6.0,30 Cours de Verdun Perrache,45.74873,4.82826,00:05:00,2024-11-01
202400042652,15:00,Plein jour,13,13081,1,1,2,6.0,A7-SENS MARSEILLE VERS LYON,43.48881066,5.24058515,15:00:00,2024-12-07
202400042653,06:30,Plein jour,971,97120,2,2,1,6.0,Amitié des peuples,16.24295,-61.53971,06:30:00,2024-11-01
202400042654,10:00,Plein jour,94,94068,2,1,1,3.0,Rue de la Varenne,48.80857982,2.47277033,10:00:00,2024-09-27
202400042655,15:33,Plein jour,13,13210,1,1,1,2.0,A507 sens Marseille - Aubagne,43.33007406,5.39065029,15:33:00,2024-12-06
202400042656,07:40,Plein jour,971,97113,1,1,1,6.0,RN4-ROND POINT SAINT FELIX,16.20778,-61.45896,07:40:00,2024-11-01
202400042657,10:30,Plein jour,94,94042,2,5,1,3.0,Pont de Joinville,48.8202,2.46758,10:30:00,2024-09-27
202400042658,04:10,Nuit sans éclairage,83,83129,1,1,1,5.0,A50,43.12082,5.8381,04:10:00,2024-12-08
202400042659,16:00,Plein jour,94,94021,2,2,2,6.0,Rue de Fresnes,48.76731,2.334399,16:00:00,2024-09-27
202400042660,21:20,,971,97101,2,3,1,5.0,BOISRIPEAUX,16.27558,-61.50722,21:20:00,2024-10-31
202400042661,02:20,Nuit sans éclairage,69,69204,1,1,2,5.0,Autoroute 450,45.68996068,4.81591014,02:20:00,2024-12-08
202400042662,15:52,Plein jour,95,95585,2,9,1,6.0,D316,48.97639926,2.36700427,15:52:00,2024-11-01
202400042663,14:30,Plein jour,57,57480,1,1,8,2.0,Autoroute A31,49.10133,6.13252,14:30:00,2024-12-07
202400042664,16:00,Plein jour,95,95018,1,1,1,2.0,D311,48.93228435,2.23811609,16:00:00,2024-11-01
202400042665,21:30,Nuit sans éclairage,91,91363,1,1,1,6.0,RN 118,48.66906,2.1945,21:30:00,2024-12-08
202400042666,15:10,Plein jour,91,91097,2,1,1,3.0,AV DU GAL CHARLES DE GAULLE,48.68,2.53,15:10:00,2024-11-01
202400042667,12:30,Plein jour,91,91086,1,1,3,2.0,RN 104,48.6247586,2.3947835,12:30:00,2024-12-08
202400042668,07:02,Nuit sans éclairage,91,91521,1,1,2,6.0,RN 104,48.632579,2.406235,07:02:00,2024-12-08
202400042669,03:38,Nuit avec éclairage,84,84007,2,3,1,3.0,LYON (ROUTE DE ),43.95448,4.83642,03:38:00,2024-11-01
202400042670,17:57,Plein jour,73,73307,1,1,1,1.0,D215A Route du Mont-Thabor,45.18358204,6.47574037,17:57:00,2024-09-18
202400042671,19:15,Crépuscule,80,80021,1,1,1,3.0,Place du Maréchal Joffre,49.88779,2.30291,19:15:00,2024-11-01
202400042672,12:15,Plein jour,73,73256,1,1,1,4.0,D902 Route du Télégraphe,45.1987914,6.46272379,12:15:00,2024-08-23
202400042673,06:45,Nuit sans éclairage,79,79191,1,1,5,1.0,Unknown,46.35206,-0.52167,06:45:00,2024-11-01
202400042674,17:18,Plein jour,73,73290,1,3,1,3.0,D1006,45.28481016,6.864419,17:18:00,2024-08-22
202400042675,11:55,Plein jour,77,77284,2,1,1,6.0,VICTOIRE (AV.DE LA),48.95674,2.90704,11:55:00,2024-11-01
202400042676,02:22,,07,07010,2,1,1,6.0,Place Gaston Nicod,45.23706558,4.67054933,02:22:00,2024-04-06
202400042677,21:08,,72,72181,2,2,5,3.0,GENESLAY FELIX (AV) N° IMP 1 A 151,47.97782,0.20804,21:08:00,2024-11-01
202400042678,11:00,Plein jour,43,43046,2,1,7,6.0,Avenue Pierre de Coubertin,45.06443,3.90189,11:00:00,2024-09-23
202400042679,11:25,Plein jour,71,71486,2,2,1,3.0,COLBERT (RUE),46.64688,4.32136,11:25:00,2024-11-01
202400042680,15:20,Plein jour,43,43012,1,3,1,2.0,D46,45.35334404,4.18875217,15:20:00,2024-08-24
202400042681,08:00,Plein jour,43,43262,1,1,1,6.0,la Bajasse,45.266,3.41453,08:00:00,2024-08-10
202400042682,08:30,Crépuscule,71,71499,2,1,5,6.0,SAINT VALLIER (RUE DE),46.6588,4.30285,08:30:00,2024-11-01
202400042683,15:30,Plein jour,69,69029,2,2,1,6.0,Avenue Camille Rousset,45.7368,4.91659,15:30:00,2024-11-01
202400042684,17:28,Plein jour,43,43144,1,1,1,3.0,Route des Barthes,44.93867986,4.11379882,17:28:00,2024-08-03
202400042685,23:25,Nuit sans éclairage,43,43074,1,9,1,6.0,RN 102 ,45.32273466,3.36556729,23:25:00,2024-07-28
202400042686,02:30,,69,69029,2,3,1,1.0,314 Route de Genas,45.75009,4.91141,02:30:00,2024-10-31
202400042687,20:45,Plein jour,43,43025,1,1,1,6.0,Pont de Confolent,45.258074,4.144088,20:45:00,2024-07-16
202400042688,17:40,,67,67482,2,3,1,3.0,CHARLES PEGUY (RUE),48.589646,7.688839,17:40:00,2024-11-01
202400042689,12:45,Plein jour,77,77159,1,1,1,2.0,D403,48.470218,3.111019,12:45:00,2024-06-26
202400042690,19:00,,66,66136,2,6,1,1.0,Rue de Saint-André,42.68606,2.90704,19:00:00,2024-10-31
202400042691,14:20,Plein jour,77,77219,1,1,1,5.0,D216 ,48.796037,2.958777,14:20:00,2024-07-22
202400042692,16:15,Plein jour,64,64122,2,1,1,7.0,GEORGES CLEMENCEAU (PLACE),43.48228,-1.56162,16:15:00,2024-11-01
202400042693,07:25,Plein jour,62,62563,2,1,1,6.0,R943,50.4689253,2.75423394,07:25:00,2024-11-01
202400042694,13:05,Plein jour,74,74012,2,6,1,3.0,ROMAGNY (RUE DE),46.19542,6.24353,13:05:00,2024-10-06