Num_Acc,hrmn,lum,dep,com,agg,int,atm,col,adr,lat,long,heure,date
202400042695,00:45,,54,54526,2,2,2,2.0,Rocade Sud Est,48.68160842,6.2160033,00:45:00,2024-11-02
202400042696,15:15,Plein jour,74,74012,2,6,1,2.0,LECLERC (AVENUE DU MARECHAL),46.19114,6.25058,15:15:00,2024-10-05
202400042697,19:11,,42,42071,2,1,1,6.0,Avenue de la Libération,46.02952,4.08382,19:11:00,2024-11-01
202400042698,09:05,Plein jour,57,57240,2,1,1,6.0,Rue du 15 Février,49.14153513,6.80291355,09:05:00,2024-09-12
202400042699,18:50,,35,35238,2,1,5,3.0,CLEMENCEAU (BD GEORGES),48.0942,-1.6813,18:50:00,2024-11-01
202400042700,23:40,Nuit sans éclairage,974,97416,1,1,1,6.0,CD 26,-21.30505,55.42846,23:40:00,2024-12-06
202400042701,18:00,Crépuscule,35,35238,2,1,1,6.0,ARMORIQUE (BD D'),48.13042735,-1.67710483,18:00:00,2024-10-29
202400042702,09:30,Plein jour,972,97213,1,1,1,6.0,Z I LA JAMBETTE,14.61725,-61.03219,09:30:00,2024-12-07
202400042703,14:00,Plein jour,34,34301,2,1,1,6.0,VERDUN (BOULEVARD DE),43.41218,3.68668,14:00:00,2024-11-01
202400042704,22:44,,2B,2B037,2,1,2,1.0,TOUTES RUES,42.62229,9.42196,22:44:00,2024-12-07
202400042705,22:10,,34,34172,2,2,1,3.0,MAURIN (AVENUE DE,43.578904,3.874478,22:10:00,2024-10-31
202400042706,18:55,Nuit sans éclairage,2B,2B033,2,1,3,5.0,AGLIANI - CHEMIN D',42.66521,9.43691,18:55:00,2024-12-07
202400042707,06:20,,31,31555,2,1,1,6.0,CHE DE LA SAUDRUNE,43.54245,1.38933,06:20:00,2024-11-01
202400042708,21:00,,25,25056,2,1,1,6.0,CORBUSIER I,47.26568,6.03194,21:00:00,2024-11-01
202400042709,17:15,Crépuscule,2B,2B120,2,1,1,2.0,11 - RT,42.66031,9.44199,17:15:00,2024-12-07
202400042710,18:35,Crépuscule,13,13054,2,1,1,2.0,SAINTE ANNE (AV ),43.4121,5.21869,18:35:00,2024-11-01
202400042711,09:15,Plein jour,971,97113,1,1,1,3.0,BAS DU FORT,16.21864,-61.51389,09:15:00,2024-12-07
202400042712,21:50,,13,13071,2,1,1,3.0,PLAN DE CAMPAGNE (AVE. DE ),43.41769,5.35998,21:50:00,2024-11-01
202400042713,19:05,Nuit sans éclairage,971,97101,1,1,9,6.0,Frédéric JALTON,16.2774,-61.5001,19:05:00,2024-12-06
202400042714,23:00,,13,13208,2,9,1,3.0,PRADO (AVENUE DU),43.26792,5.38349,23:00:00,2024-11-01
202400042715,16:50,,2A,2A004,2,2,2,6.0,9a Rue Colonel Colonna d’Ornano,41.92836,8.73738,16:50:00,2024-12-06
202400042716,06:40,Crépuscule,13,13213,2,4,1,3.0,BOUGE (BOULEVARD),43.32609,5.41036,06:40:00,2024-11-01
202400042717,16:18,Plein jour,95,95427,2,2,2,6.0,8 MAI 1945 (AVENUE DU),48.9627597,2.3339054,16:18:00,2024-12-07
202400042718,16:10,Plein jour,91,91103,2,3,1,1.0,RUE DU POITOU,48.585892,2.293698,16:10:00,2024-12-06
202400042719,02:25,,13,13001,2,2,1,3.0,JUVENAL MAX (AV),43.52605,5.44112,02:25:00,2024-11-01
202400042720,20:35,,91,91421,2,1,3,6.0,JEAN JAURES (AVENUE),48.71452,2.44772,20:35:00,2024-12-07
202400042721,17:50,Crépuscule,11,11069,2,1,1,3.0,PYRENEES -DES-,43.208,2.33489,17:50:00,2024-11-01
202400042722,14:06,Plein jour,91,91201,2,1,1,6.0,RUE DU BOUT DES CREUSES,48.680641,2.429084,14:06:00,2024-12-06
202400042723,03:00,,02,02738,2,1,2,6.0,58 Chaussée Brunehaut (Vouël),49.66804,3.27897,03:00:00,2024-11-01
202400042724,21:00,,01,01053,2,2,5,3.0,MERCIER (AVENUE AMEDEE DU 45 AU FIN),46.20358,5.24227,21:00:00,2024-11-01
202400042725,01:00,Nuit sans éclairage,75,75116,2,1,2,7.0,ECHANGEUR AUTEUIL,48.849689,2.252663,01:00:00,2024-11-01
202400042726,03:30,,75,75116,2,3,1,3.0,AVENUE DE LA GRANDE ARMEE,48.874822,2.291725,03:30:00,2024-11-01
202400042727,08:30,Plein jour,75,75116,2,2,1,3.0,AVENUE FERDINAND BUISSON,48.836725,2.253662,08:30:00,2024-11-01
202400042728,01:00,,75,75116,2,1,1,3.0,ALLEE DE LA REINE MARGUERITE,48.861177,2.24662,01:00:00,2024-11-01
202400042729,22:01,,75,75114,2,2,1,3.0,AVENUE DU MAINE,48.837671,2.3227,22:01:00,2024-10-31
202400042730,13:50,Plein jour,75,75111,2,1,1,2.0,RUE DU FAUBOURG SAINT ANTOINE,48.84919,2.390534,13:50:00,2024-11-01
202400042731,06:00,,75,75107,2,2,1,2.0,QUAI D ORSAY,48.862902,2.313461,06:00:00,2024-11-01
202400042732,03:55,,94,94081,2,6,1,6.0,Quai Jules Guesde,48.79603,2.41722,03:55:00,2024-11-01
202400042733,13:45,Plein jour,94,94041,2,1,1,6.0,Boulevard Paul Vaillant Couturier,48.81783,2.39824,13:45:00,2024-11-01
202400042734,14:12,Plein jour,93,93072,2,1,1,2.0,STALINGRAD (AVENUE DE) DES N° 126 A 156,48.94751797,2.37431943,14:12:00,2024-11-01
202400042735,18:30,,93,93064,2,1,1,4.0,PERI (BOULEVARD GABRIEL) 39 / 44 - FIN,48.87733,2.47777,18:30:00,2024-11-01
202400042736,20:30,,93,93005,2,9,1,3.0,PIERRE JOUHET (AVENUE),48.92177549,2.50538707,20:30:00,2024-11-01
202400042737,14:15,Plein jour,92,92049,2,1,8,6.0,BRIAND AVENUE ARISTIDE N°1 A 129,48.81769109,2.3256395,14:15:00,2024-11-01
202400042738,11:12,Plein jour,92,92049,2,2,1,3.0,JAURES AVENUE JEAN N°53 A FIN,48.81498194,2.30924115,11:12:00,2024-11-01
202400042739,20:50,,92,92025,2,6,1,6.0,CHARLES DE GAULLE (BD),48.91423226,2.22955982,20:50:00,2024-11-01
202400042740,10:47,Plein jour,92,92019,2,9,8,1.0,GALILEE (AVENUE),48.77224076,2.24483684,10:47:00,2024-11-01
202400042741,02:15,Nuit sans éclairage,92,92023,1,1,5,6.0,GENERAL EISENHOWER (AVENUE),48.77686,2.22868,02:15:00,2024-11-01
202400042742,09:58,Plein jour,54,54125,1,1,1,7.0,D590,48.50998747,6.64696455,09:58:00,2024-11-02
202400042743,18:40,Nuit sans éclairage,33,33392,1,3,1,7.0,Unknown,44.590116,-0.255003,18:40:00,2024-11-01
202400042744,14:15,Plein jour,84,84069,1,1,1,1.0,D974,44.160834,5.146859,14:15:00,2024-11-02
202400042745,12:10,Plein jour,31,31446,2,1,1,6.0,6 Rue Hermes,43.550595,1.484622,12:10:00,2024-10-30
202400042746,17:05,Plein jour,83,83004,2,3,1,6.0,Rue Carnot - Boulevard Marcel Audibert,43.463543,6.480544,17:05:00,2024-11-01
202400042747,18:55,Nuit sans éclairage,26,26160,1,3,8,3.0,Avenue de Champblain,45.211983,4.815539,18:55:00,2024-11-01
202400042748,12:50,Plein jour,30,30030,1,1,1,2.0,D981,44.050275,4.289319,12:50:00,2024-11-01
202400042749,22:50,Nuit sans éclairage,34,34270,2,1,1,3.0,ZI de la Lauze,43.564814,3.840322,22:50:00,2024-11-01
202400042750,17:00,Plein jour,82,82030,1,1,1,6.0,Chemin de Peyrole,44.004465,1.071843,17:00:00,2024-11-02
202400042751,18:15,Crépuscule,82,82075,1,3,1,5.0,Route d’Agen,43.839985,1.291309,18:15:00,2024-11-01
202400042752,15:20,Plein jour,69,69217,1,1,1,3.0,Route Départementale 98,45.997588,4.4294,15:20:00,2024-11-01
202400042753,12:45,Plein jour,63,63328,1,1,1,1.0,103 route des deux ponts,45.451611,3.459653,12:45:00,2024-11-02
202400042754,20:45,Nuit sans éclairage,55,55497,1,1,5,7.0,Unknown,49.09529723,5.22871987,20:45:00,2024-11-01
202400042755,00:24,Nuit sans éclairage,55,55138,1,1,5,6.0,route departementale 6,48.756843,5.267456,00:24:00,2024-11-02
202400042756,02:30,Nuit sans éclairage,41,41175,1,1,5,6.0,Allée des Bouleaux,47.856679,1.148382,02:30:00,2024-11-02
202400042757,17:30,Nuit sans éclairage,41,41159,1,1,5,6.0,D922,47.515686,1.814203,17:30:00,2024-10-30
202400042758,17:34,Plein jour,39,39526,2,3,1,3.0,182 Avenue de la République,47.042531,5.412746,17:34:00,2024-10-25
202400042759,15:50,Plein jour,25,25578,2,1,1,6.0,Place Roger Arnoux,47.149473,6.342226,15:50:00,2024-11-02
202400042760,04:00,Nuit sans éclairage,29,29293,2,1,1,6.0,50 Rue de Pont-Aven,47.85497679,-3.84724414,04:00:00,2024-11-02
202400042761,08:56,Plein jour,84,84133,2,3,1,3.0,Chemin des Belouzes,43.733957,5.545462,08:56:00,2024-11-02
202400042762,16:10,Plein jour,03,03145,1,1,1,2.0,D993,46.281616,2.538668,16:10:00,2024-11-01
202400042763,22:55,,75,75113,2,1,1,3.0,BD PERIPHERIQUE EXTERIEUR,48.820674,2.376784,22:55:00,2024-01-10
202400042764,09:25,Plein jour,75,75120,2,3,1,3.0,RUE PELLEPORT,48.864719,2.404092,09:25:00,2024-01-11
202400042765,20:30,,75,75115,2,3,1,6.0,RUE DE LA CONVENTION,48.840675,2.288857,20:30:00,2024-01-11
202400042766,09:30,Plein jour,75,75112,2,1,1,6.0,AVENUE DU TREMBLAY,48.83409433,2.45489448,09:30:00,2024-01-11
202400042767,07:35,,75,75111,2,3,1,6.0,RUE JEAN PIERRE TIMBAUD,48.868053,2.378389,07:35:00,2024-01-11
202400042768,17:30,,75,75110,2,3,1,6.0,AVENUE PARMENTIER,48.870784,2.370495,17:30:00,2024-01-10
202400042769,16:11,Plein jour,75,75108,2,7,1,6.0,RUE TRONCHET,48.87089611,2.32489836,16:11:00,2024-01-11
202400042770,08:30,Plein jour,94,94081,2,2,1,6.0,Avenue Anatole France / Rue Pierre Sémard,48.80131363,2.40238168,08:30:00,2024-01-11
202400042771,12:00,Plein jour,94,94076,2,2,1,6.0,Rue Pasteur / Rue André Bru,48.80611992,2.36529974,12:00:00,2024-01-11
202400042772,13:55,Plein jour,94,94073,1,1,1,3.0,N186B,48.75379,2.37297,13:55:00,2024-01-11
202400042773,04:56,,94,94028,2,3,1,1.0,Rue des Emouleuses / Avenue Georges Duhamel,48.77716968,2.47217515,04:56:00,2024-01-10
202400042774,22:50,Nuit sans éclairage,94,94073,2,2,1,2.0,Carrefour des Trois Communes / Avenue de la République,48.773131,2.398594,22:50:00,2024-01-11
202400042775,01:40,,94,94002,2,2,1,3.0,Quai Blanqui / Pont du Port à l'Anglais,48.79821,2.42039,01:40:00,2024-01-11
202400042776,08:00,Plein jour,95,95527,1,1,1,2.0,L'ARPENTEUR (ROUTE DE),49.01207269,2.51735306,08:00:00,2024-01-11
202400042777,06:40,Nuit avec éclairage,95,95527,1,1,1,6.0,D902A,48.99341726,2.5171664,06:40:00,2024-01-11
202400042778,21:37,,93,93049,2,2,1,3.0,Rue Médéric / Avenue du Maréchal Joffre,48.868,2.50336,21:37:00,2024-01-11
202400042779,08:45,Plein jour,93,93049,2,3,1,2.0,Avenue du Président Kennedy / Allée Pierre Craon,48.86455735,2.51209222,08:45:00,2024-01-11
202400042780,18:10,,93,93048,2,9,1,6.0,Rue de Paris,48.855538,2.422017,18:10:00,2024-01-11
202400042781,09:00,Plein jour,93,93074,2,3,1,3.0,Rue de Meaux / Rue de Verdun,48.93684568,2.58585334,09:00:00,2024-01-11
202400042782,18:36,,93,93063,2,6,1,3.0,Rue des Oseraies / Avenue de Berlioz,48.871838,2.442279,18:36:00,2024-01-11
202400042783,14:42,Plein jour,93,93007,2,6,1,3.0,Rond Point Pablo Neruda / Avenue Albert Einstein,48.94967314,2.46655226,14:42:00,2024-01-11
202400042784,17:00,,93,93005,2,1,1,6.0,Avenue de Savigny,48.951754,2.509539,17:00:00,2024-01-10
202400042785,13:00,Plein jour,92,92078,2,1,1,3.0,PROMENADE (VOIE) (90 A 114),48.93229612,2.32937224,13:00:00,2024-01-11
202400042786,10:05,Plein jour,92,92035,2,1,1,3.0,National ( boulevard ),48.90405709,2.23923415,10:05:00,2024-01-11
202400042787,17:45,,92,92026,2,2,1,3.0,MISSION MARCHAND (COTE IMPAIR),48.89768569,2.2400009,17:45:00,2024-01-11
202400042788,20:45,,92,92012,2,1,1,2.0,ANDRE MORIZET (AVENUE) - 49/FIN - 54/FIN,48.83536,2.24067,20:45:00,2024-01-11
202400042789,22:20,Nuit sans éclairage,27,27230,1,1,1,6.0,D68,48.866677,1.386638,22:20:00,2024-01-11
202400042790,10:10,Plein jour,62,62261,2,6,7,6.0,Boulevard de Berck,50.478263,1.594546,10:10:00,2024-01-11
202400042791,16:50,Plein jour,83,83019,1,1,1,5.0,d 98,43.149728,6.292183,16:50:00,2024-01-11
202400042792,06:50,,62,62770,2,6,9,1.0,D937,50.617974,2.547836,06:50:00,2024-01-11
202400042793,05:20,Nuit sans éclairage,62,62874,1,1,9,1.0,D7,50.27208624,2.62147802,05:20:00,2024-01-12
202400042794,15:34,Plein jour,27,27056,2,2,2,3.0,"intersection rue du ravin, rue de la concorde",49.093352,0.602051,15:34:00,2024-01-03
202400042795,18:57,Nuit sans éclairage,24,24372,1,1,1,1.0,RD 6089,45.12841,0.531592,18:57:00,2024-01-11
202400042796,18:00,Nuit avec éclairage,91,91617,1,1,1,1.0,D33,48.651822,2.507029,18:00:00,2024-01-10
202400042797,10:20,Plein jour,80,80557,2,1,1,6.0,15 route nationale,49.877506,2.991444,10:20:00,2024-01-12
202400042798,08:05,Plein jour,71,71292,2,1,1,6.0,648 Rue de la Libération,46.809768,4.753325,08:05:00,2024-01-12
202400042799,22:20,Nuit sans éclairage,49,49069,1,1,1,7.0,La Clergerie (St Laurent-des-Autels),47.297408,-1.16925,22:20:00,2024-01-11
202400042800,09:20,Plein jour,49,49307,1,1,9,1.0,Route Départementale N°952 d'Angers à Saumur,47.418578,-0.443723,09:20:00,2024-01-11
202400042801,07:35,Crépuscule,47,47069,1,1,1,1.0,N1021,44.2397651,0.59678972,07:35:00,2024-01-12
202400042802,02:30,Nuit sans éclairage,14,14504,1,1,1,6.0,D51,49.217667,0.321758,02:30:00,2024-01-12
202400042803,13:20,Plein jour,40,40313,1,1,1,7.0,RD 7,43.818985,-0.817709,13:20:00,2024-01-11
202400042804,17:00,Plein jour,17,17218,2,1,1,1.0,D137,46.302032,-0.990036,17:00:00,2024-01-12
202400042805,22:30,Nuit sans éclairage,23,23093,1,1,1,7.0,Voueize,46.17028133,2.2209549,22:30:00,2024-01-11
202400042806,13:45,Plein jour,01,01445,1,1,1,7.0,A 39,46.356821,5.287192,13:45:00,2024-01-12
202400042807,08:05,Crépuscule,69,69268,2,1,2,3.0,Avenue du General Brosset,45.652508,4.751083,08:05:00,2024-01-05
202400042808,18:40,Nuit sans éclairage,14,14301,1,1,1,5.0,A13,49.16697613,-0.28606955,18:40:00,2024-01-11
202400042809,17:45,,38,38030,1,1,8,7.0,Route du Bain,45.3441,5.480053,17:45:00,2024-01-11
202400042810,02:10,Nuit sans éclairage,45,45067,1,1,5,7.0,A10 PK 105+140 ,47.892079,1.763992,02:10:00,2024-01-01
202400042811,23:25,Nuit sans éclairage,17,17044,1,1,8,7.0,Autoroute A 10 PK 454.500 sens Bordeaux/Paris,45.623312,-0.609505,23:25:00,2024-01-02
202400042812,10:30,Plein jour,971,97128,1,1,1,6.0,IMPASSE LOTISSEMENT DORE - DURIVAGE,16.223297,-61.396851,10:30:00,2024-01-12
202400042813,06:30,Nuit sans éclairage,78,78520,1,1,1,1.0,D983,48.833086,1.641068,06:30:00,2024-01-08
202400042814,17:30,Crépuscule,2B,2B042,1,9,1,6.0,rte des marines de borgo,42.573602,9.517733,17:30:00,2024-01-12
202400042815,09:45,Plein jour,66,66008,2,3,7,6.0,Unknown,42.545802,3.022324,09:45:00,2024-01-09
202400042816,15:50,Plein jour,06,06158,1,1,1,6.0,D6202,43.935935,7.075855,15:50:00,2024-01-11
202400042817,17:25,Crépuscule,52,52106,1,1,1,5.0,N19,47.924611,5.291226,17:25:00,2024-01-11
202400042818,06:35,Nuit sans éclairage,68,68255,1,1,9,2.0,RD83,47.980292,7.294117,06:35:00,2024-01-12
202400042819,19:50,Nuit sans éclairage,33,33198,1,1,1,6.0,Unknown,45.042876,-0.178083,19:50:00,2024-01-11
202400042820,20:30,Nuit sans éclairage,35,35054,1,1,9,6.0,Lieu Dit Morihan,47.942883,-1.627007,20:30:00,2024-01-12
202400042821,13:50,Plein jour,35,35212,1,2,8,3.0,La Potine,47.874969,-1.647434,13:50:00,2024-01-12
202400042822,10:00,Plein jour,27,27408,1,1,1,6.0,D117,49.161642,1.505921,10:00:00,2024-01-12
202400042823,18:15,Nuit sans éclairage,83,83069,1,1,1,4.0,RN98,43.11323181,6.1225934,18:15:00,2024-01-11
202400042824,06:20,Nuit sans éclairage,69,69285,1,1,5,4.0,Route Départementale 302 ,45.76654341,5.06647285,06:20:00,2024-01-11
202400042825,01:10,Nuit sans éclairage,54,54091,1,1,1,2.0,Autoroute A 31,48.94617123,6.11172438,01:10:00,2024-01-10
202400042826,12:05,Plein jour,67,67049,1,1,1,2.0,M35,48.52345,7.62015,12:05:00,2024-01-07
202400042827,02:45,Nuit sans éclairage,93,93006,2,1,1,2.0,A3,48.8667928,2.42555663,02:45:00,2024-01-11
202400042828,16:30,Crépuscule,94,94069,1,1,1,2.0,A4,48.81725883,2.43097186,16:30:00,2024-01-11
202400042829,19:45,,974,97416,2,1,1,6.0,BOISSY(CHEMIN),-21.34084,55.50875,19:45:00,2024-01-10
202400042830,14:00,Plein jour,974,97411,2,1,1,6.0,TOURETTE (RUE),-20.88766,55.44656,14:00:00,2024-01-10
202400042831,17:33,Plein jour,973,97302,2,3,1,3.0,SOURCE DE BADUEL (CHEMIN DE LA),4.92545,-52.30846,17:33:00,2024-01-10
202400042832,08:15,Plein jour,973,97302,2,1,2,3.0,MADELEINE (ROUTE DE LA),4.92452,-52.32431,08:15:00,2024-01-10
202400042833,18:05,,69,69383,2,2,2,3.0,Rue Maurice Flandin,45.75908,4.86296,18:05:00,2024-01-10
202400042834,00:53,,972,97209,1,1,1,6.0,BALATA (ROUTE DE),14.63572,-61.07208,00:53:00,2024-01-10
202400042835,23:50,,69,69034,2,1,2,6.0,159 Rue Pasteur,45.79770708,4.85095107,23:50:00,2024-01-10
202400042836,16:50,Plein jour,91,91433,1,1,4,1.0,RD 207,48.45903,2.16764,16:50:00,2024-01-09
202400042837,08:57,Plein jour,87,87085,2,1,8,3.0,LEGENDRE (RUE CHARLES),45.81444616,1.2445271,08:57:00,2024-01-10
202400042838,09:00,Plein jour,84,84087,2,2,1,1.0,DALADIER (BD EDOUARD),44.13369,4.81256,09:00:00,2024-01-10
202400042839,20:45,,80,80489,2,1,1,7.0,Avenue Henri Barbusse,49.87113,2.35587,20:45:00,2024-01-07
202400042840,20:35,,78,78401,2,1,1,1.0,RHIN ET DANUBE (PONT),49.00375,1.90688,20:35:00,2024-01-10
202400042841,14:00,Plein jour,77,77243,2,3,1,3.0,SAINT DENIS  (RUE   ),48.87926,2.71047,14:00:00,2024-01-10
202400042842,05:35,,76,76351,2,1,1,7.0,BELLOT,49.48485,0.12671,05:35:00,2024-01-10
202400042843,16:20,Plein jour,06,06088,2,1,1,6.0,Avenue Henri Matisse,43.677235,7.206883,16:20:00,2024-04-03
202400042844,08:15,Crépuscule,69,69029,2,3,8,6.0,Avenue Pierre Brossolette,45.74596292,4.91829924,08:15:00,2024-01-10
202400042845,14:15,Plein jour,06,06069,2,1,1,6.0,30 Boulevard Alice de Rothschild,43.667479,6.934436,14:15:00,2024-04-03
202400042846,12:55,Plein jour,67,67447,2,1,1,4.0,EUROPE (AVENUE DE L ),48.61322,7.71629,12:55:00,2024-01-09
202400042847,09:54,Plein jour,06,06027,2,1,1,3.0,Promenade de la Plage,43.657655,7.166568,09:54:00,2024-04-03
202400042848,21:40,,67,67043,2,1,1,6.0,CHARLES DE GAULLE (AVENUE),48.6142,7.72922,21:40:00,2024-01-08
202400042849,13:00,Plein jour,75,75116,2,1,1,3.0,BD PERIPHERIQUE EXTERIEUR,48.861171,2.263891,13:00:00,2024-04-03
202400042850,13:20,Plein jour,67,67180,2,1,1,6.0,STRASBOURG (ROUTE DE),48.80096,7.76665,13:20:00,2024-01-10
202400042851,16:40,Crépuscule,66,66136,2,9,2,5.0,Avenue du LANGUEDOC,42.73484,2.89024,16:40:00,2024-01-10
202400042852,14:00,Plein jour,75,75118,2,1,1,3.0,Avenue de la Porte de Clignancourt,48.900022,2.344143,14:00:00,2024-04-03
202400042853,10:16,Plein jour,75,75116,2,2,1,6.0,BOULEVARD EXELMANS,48.84312,2.260181,10:16:00,2024-04-02
202400042854,12:25,Plein jour,66,66136,2,2,1,3.0,Rue Pierre-jean de BERANGER,42.69543,2.88223,12:25:00,2024-01-10
202400042855,21:20,,75,75113,2,1,1,3.0,RUE DU JURA,48.837536,2.356038,21:20:00,2024-04-03
202400042856,13:40,Plein jour,64,64348,2,2,8,3.0,BLERIOT,43.3369,-0.39243,13:40:00,2024-01-10
202400042857,20:10,Nuit sans éclairage,63,63164,1,1,4,7.0,L EUROPE (BD DE),45.83682,3.13798,20:10:00,2024-01-10
202400042858,00:40,Nuit sans éclairage,60,60159,1,8,1,6.0,Route Nationale 31,49.41977,2.90677,00:40:00,2024-01-09
202400042859,11:00,Plein jour,75,75113,2,3,2,6.0,BOULEVARD VINCENT AURIOL,48.831364,2.358184,11:00:00,2024-04-03
202400042860,13:30,Plein jour,59,59426,2,9,8,1.0,SCHUMAN (RUE ROBERT),50.744956,3.153507,13:30:00,2024-01-10
202400042861,08:15,Crépuscule,75,75112,2,3,2,6.0,RUE DE WATTIGNIES,48.834643,2.400757,08:15:00,2024-04-03
202400042862,16:25,Plein jour,59,59350,2,1,1,3.0,Rue des Postes,50.62212,3.05331,16:25:00,2024-01-10
202400042863,23:17,,75,75112,2,1,2,6.0,RUE DE BERCY,48.845047,2.371636,23:17:00,2024-04-02
202400042864,12:30,Plein jour,59,59360,2,1,1,6.0,Rue du Général Leclerc,50.610462,3.020218,12:30:00,2024-01-10
202400042865,08:45,Plein jour,75,75111,2,7,2,3.0,PLACE DE LA REPUBLIQUE,48.866594,2.365355,08:45:00,2024-04-03
202400042866,19:00,,54,54395,2,1,4,6.0,Rue de Saurupt,48.68102513,6.18449807,19:00:00,2024-01-09
202400042867,20:40,,75,75110,2,1,1,3.0,RUE DU FAUBOURG SAINT MARTIN,48.883067,2.367636,20:40:00,2024-04-03
202400042868,18:30,,51,51454,2,1,1,6.0,BEZANNES (ROUTE),49.231498,3.997427,18:30:00,2024-01-10
202400042869,21:30,,49,49099,2,2,1,3.0,JUIN (BOULEVARD DU MARECHAL),47.04417,-0.88551,21:30:00,2024-01-10
202400042870,10:45,Plein jour,75,75108,2,2,1,3.0,PLACE DE LA CONCORDE,48.8697,2.320465,10:45:00,2024-04-03
202400042871,18:40,Plein jour,972,97213,1,1,1,1.0,ROUTE DEPARTEMENTALE 14,14.62274,-61.019,18:40:00,2024-05-10
202400042872,07:40,,45,45147,2,3,1,1.0,4 Place Jean Zay,47.93438,1.90388,07:40:00,2024-01-10
202400042873,15:30,Plein jour,75,75107,2,2,1,3.0,RUE DU BAC,48.857708,2.327964,15:30:00,2024-04-03
202400042874,07:30,,36,36044,2,1,9,6.0,Unknown,46.80872268,1.67953894,07:30:00,2024-01-08
202400042875,22:00,,95,95019,2,1,1,6.0,D84,48.98125593,2.42735767,22:00:00,2024-05-10
202400042876,08:25,Plein jour,75,75104,2,2,2,3.0,BOULEVARD MORLAND,48.847512,2.365534,08:25:00,2024-04-03
202400042877,00:01,Nuit sans éclairage,34,34336,1,1,1,6.0,RD.64 (ROUTE DE VALRAS),43.31884,3.2929,00:01:00,2024-01-10
202400042878,10:30,Plein jour,95,95252,2,1,1,6.0,CHEMIN NEUF (RUE DU),48.97958,2.23379,10:30:00,2024-05-10
202400042879,00:05,,94,94058,2,2,2,1.0,Avenue du 11 Novembre / Rue de la Paix,48.84682,2.49684,00:05:00,2024-04-03
202400042880,08:05,Plein jour,33,33069,2,2,4,3.0,Unknown,44.856996,-0.59105,08:05:00,2024-01-10
202400042881,04:15,Nuit sans éclairage,95,95510,1,1,1,6.0,N14,49.0598902,2.01405859,04:15:00,2024-05-08
202400042882,07:25,,29,29019,2,1,1,6.0,boulevard Montaigne,48.403143,-4.481171,07:25:00,2024-01-09
202400042883,19:50,,27,27562,2,9,1,6.0,CHAUMES (RUE DES),49.10136,1.45561,19:50:00,2024-01-10
202400042884,16:25,Plein jour,94,94042,2,3,1,2.0,Avenue du Président Wilson / Avenue des Platanes,48.816927,2.477501,16:25:00,2024-04-01
202400042885,16:00,Plein jour,91,91377,2,6,1,6.0,CARNOT (AVENUE),48.725944,2.263173,16:00:00,2024-05-10
202400042886,12:40,Plein jour,27,27229,1,1,1,6.0,SEMARD (RUE PIERRE),49.01599,1.16865,12:40:00,2024-01-10
202400042887,06:15,Nuit sans éclairage,94,94028,2,1,3,1.0,Rue de Paris,48.79457296,2.46000677,06:15:00,2024-04-03
202400042888,16:15,Plein jour,91,91521,2,7,1,1.0,MAI 1945 ( RUE DU 08),48.65551,2.41065,16:15:00,2024-05-10
202400042889,20:20,,26,26058,2,6,2,3.0,Rue de l'Ile Adam,44.94857,4.89279,20:20:00,2024-01-09
202400042890,07:03,Crépuscule,94,94019,2,3,2,1.0,Rue Aristide Briand / Avenue du Maréchal Leclerc,48.79621,2.53355,07:03:00,2024-04-03
202400042891,17:13,Plein jour,26,26198,2,3,2,3.0,Avenue d'Espoulette,44.5535877,4.76130724,17:13:00,2024-01-10
202400042892,02:00,,85,85194,2,6,1,3.0,45 Avenue charles de gaulle,46.50629,-1.77109,02:00:00,2024-05-09
202400042893,16:50,Plein jour,93,93007,2,9,1,6.0,Avenue Descartes,48.9505274,2.44145465,16:50:00,2024-04-03
202400042894,20:30,Plein jour,84,84035,1,9,1,3.0,NALIN (ALLEE GUY),43.81229,5.0434,20:30:00,2024-05-10
202400042895,18:30,,13,13214,2,1,1,2.0,AYGALADES (AVENUE DES),43.34098,5.36533,18:30:00,2024-01-10
202400042896,20:20,Crépuscule,92,92077,2,1,1,3.0,VERSAILLES (RUE DE),48.82552036,2.18747771,20:20:00,2024-04-03
202400042897,07:45,Crépuscule,13,13210,2,1,2,1.0,TOULON (AVENUE DE),43.28481508,5.39133558,07:45:00,2024-01-10
202400042898,17:55,Plein jour,30,30351,2,3,1,3.0,ROUVIERE (RUE VINCENT),43.97825,4.78772,17:55:00,2024-05-10
202400042899,10:35,Plein jour,83,83118,2,1,1,7.0,ROUTE DES GOLFS,43.45163,6.83267,10:35:00,2024-05-09
202400042900,08:00,Crépuscule,13,13214,2,4,2,1.0,ANATOLE DE LA FORGE (BOULEVARD),43.34247,5.37094,08:00:00,2024-01-10
202400042901,17:05,Plein jour,92,92050,2,9,1,3.0,CLEMENCEAU GEORGES AVENUE N°IMPAIR,48.88624351,2.21217057,17:05:00,2024-04-03
202400042902,11:40,Plein jour,80,80021,2,1,1,1.0,Boulevard Garibaldi,49.894253,2.286236,11:40:00,2024-05-10
202400042903,15:50,Plein jour,78,78208,2,1,1,2.0,MONTFORT (ROUTE DE),48.78401,1.95786,15:50:00,2024-05-10
202400042904,08:30,Plein jour,92,92050,2,7,1,3.0,GARCHES RUE DE,48.87865913,2.20910203,08:30:00,2024-04-02