Num_Acc,hrmn,lum,dep,com,agg,int,atm,col,adr,lat,long,heure,date
202400042905,12:15,Plein jour,13,13001,1,1,8,5.0,RN 296,43.53914806,5.43261743,12:15:00,2024-01-10
202400042906,03:35,,76,76351,2,1,1,6.0,LAFAYETTE ( COURS),49.49203,0.12436,03:35:00,2024-05-10
202400042907,18:40,Plein jour,76,76552,2,3,1,6.0,VACQUERIE,49.5052,0.08541,18:40:00,2024-05-08
202400042908,18:40,Plein jour,92,92036,2,1,1,2.0,BAS (RUE DES) (78   +),48.92074844,2.28824794,18:40:00,2024-04-03
202400042909,15:40,Plein jour,12,12145,2,3,1,3.0,CAPUCINS (PLAN DES),44.09956,3.07249,15:40:00,2024-01-06
202400042910,17:35,Plein jour,67,67218,2,1,1,6.0,FRANÇOIS MITTERRAND (ALLEE),48.52854,7.7076,17:35:00,2024-05-10
202400042911,19:15,,92,92035,2,1,8,6.0,République ( boulevard de la ),48.90651575,2.2473321,19:15:00,2024-04-02
202400042912,13:14,Plein jour,06,06088,2,2,1,6.0,TURIN (RTE DE),43.72324,7.2902,13:14:00,2024-01-10
202400042913,06:45,Crépuscule,67,67482,2,3,1,1.0,OBERHAUSBERGEN (ROUTE D ),48.59699,7.70533,06:45:00,2024-05-10
202400042914,20:12,Plein jour,92,92025,2,1,1,3.0,SAZIERES (RUE DES),48.92661001,2.26906139,20:12:00,2024-04-03
202400042915,16:40,Crépuscule,06,06069,2,1,1,3.0,Av Mal de Lattre de Tassigny,43.647838,6.927706,16:40:00,2024-01-04
202400042916,07:50,Plein jour,66,66136,2,1,1,6.0,Avenue du Languedoc,42.73198,2.88955,07:50:00,2024-05-10
202400042917,19:15,Plein jour,92,92012,2,1,1,3.0,ALPHONSE LE GALLO (QUAI) 1/34,48.83283884,2.22732085,19:15:00,2024-04-03
202400042918,18:30,Plein jour,65,65226,1,1,1,3.0,AVENUE DU POUEY,43.23993,0.02365,18:30:00,2024-05-08
202400042919,07:05,,03,03185,2,9,8,6.0,parking centre hospitalier,46.34356,2.61075,07:05:00,2024-01-10
202400042920,16:00,Plein jour,64,64122,2,1,1,3.0,DASSAULT MARCEL (BD),43.466114,-1.541619,16:00:00,2024-05-10
202400042921,14:10,Plein jour,92,92012,2,6,1,2.0,ANCIENS COMBATTANT (ROND - POINT DES),48.84799734,2.24175239,14:10:00,2024-04-03
202400042922,15:20,Plein jour,75,75118,2,3,1,3.0,BOULEVARD ORNANO,48.893746,2.347829,15:20:00,2024-01-10
202400042923,22:40,,63,63113,2,1,1,6.0,HERMITAGE (RUE DE L'),45.76467,3.12704,22:40:00,2024-05-10
202400042924,11:20,Plein jour,75,75117,2,2,1,6.0,RUE DE ROME,48.884039,2.318543,11:20:00,2024-01-10
202400042925,14:40,Plein jour,92,92004,2,1,2,4.0,LAURENT-CELY  ( AVENUE ),48.91698386,2.30859053,14:40:00,2024-04-03
202400042926,16:15,Plein jour,59,59350,2,1,1,3.0,Avenue Emile Zola,50.64951,3.08579,16:15:00,2024-05-10
202400042927,17:30,,75,75116,2,3,8,6.0,AVENUE HENRI MARTIN,48.864099,2.272907,17:30:00,2024-01-09
202400042928,17:30,Plein jour,59,59178,2,1,1,3.0,RHIN ET DANUBE (RUE),50.38937,3.07988,17:30:00,2024-05-09
202400042929,21:20,,92,92004,2,9,8,3.0,PIERRE BROSSOLETTE,48.9111073,2.29286212,21:20:00,2024-04-02
202400042930,19:10,,75,75115,2,3,1,3.0,AVENUE DE LA PORTE DE LA PLAINE,48.829195,2.292383,19:10:00,2024-01-10
202400042931,07:20,Crépuscule,26,26092,1,1,1,6.0,Chemin du Mulet,45.105042,4.935635,07:20:00,2024-04-04
202400042932,08:15,Plein jour,75,75115,2,3,8,6.0,RUE CORBON,48.836759,2.3033,08:15:00,2024-01-10
202400042933,19:07,Plein jour,58,58194,2,3,1,2.0,ESTUTT DE TRACY,46.98489,3.12838,19:07:00,2024-05-06
202400042934,15:50,Plein jour,75,75114,2,4,1,6.0,AVENUE REILLE,48.824627,2.339911,15:50:00,2024-01-08
202400042935,13:50,Plein jour,40,40304,2,1,1,1.0,837 Avenue du Golf,43.657211,-1.420358,13:50:00,2024-04-03
202400042936,21:40,Crépuscule,56,56083,2,1,1,6.0,KERIHOUAIS (CITE),47.80101,-3.27154,21:40:00,2024-05-09
202400042937,07:45,,75,75110,2,2,1,3.0,BOULEVARD SAINT DENIS,48.869326,2.354235,07:45:00,2024-01-10
202400042938,02:30,Nuit avec éclairage,31,31454,2,6,1,6.0,Avenue de Toulouse,43.412998,1.125836,02:30:00,2024-03-30
202400042939,15:45,Plein jour,75,75104,2,2,8,6.0,RUE DES ARCHIVES,48.860083,2.356919,15:45:00,2024-01-09
202400042940,18:32,Plein jour,56,56121,2,1,1,1.0,BOLLARDIERE (RUE  GENERAL DE ),47.75784,-3.39032,18:32:00,2024-05-08
202400042941,13:00,Plein jour,28,28327,1,1,2,3.0,A11 pk118+150,48.191583,0.815091,13:00:00,2024-04-04
202400042942,16:30,Plein jour,54,54528,2,3,1,3.0,Boulevard de Pinteville,48.67056,5.889315,16:30:00,2024-05-07
202400042943,12:02,Plein jour,88,88218,2,1,3,1.0,13 Rue P Ancel Seitz,48.145286,6.790409,12:02:00,2024-04-04
202400042944,17:10,Plein jour,49,49328,2,1,1,6.0,Rue  Bouju,47.27397,-0.07722,17:10:00,2024-05-07
202400042945,07:00,Plein jour,29,29086,1,1,1,6.0,N165,48.34358589,-4.23096046,07:00:00,2024-03-31
202400042946,11:17,Plein jour,94,94058,2,1,1,2.0,Rue Charles Ollier,48.84183697,2.49559478,11:17:00,2024-01-09
202400042947,11:20,Plein jour,49,49015,1,2,1,3.0,Unknown,47.49976,-0.62118,11:20:00,2024-05-09
202400042948,13:15,Plein jour,62,62094,1,1,1,5.0,D901,50.45708476,1.76752554,13:15:00,2024-04-02
202400042949,00:10,Nuit sans éclairage,44,44184,1,1,1,3.0,Unknown,47.28595,-2.25365,00:10:00,2024-05-11
202400042950,21:20,,31,31203,2,1,1,6.0,11 Avenue Francois Mitterrand,43.522081,1.328672,21:20:00,2024-04-03
202400042951,21:00,,94,94028,2,3,1,3.0,Av du General Pierre Billotte / Rue Roland Oudot,48.77579,2.45542,21:00:00,2024-01-09
202400042952,07:40,Plein jour,43,43046,2,1,1,7.0,22 Avenue des Champs Élysées,45.05251163,3.8975139,07:40:00,2024-05-10
202400042953,23:10,,43,43089,2,1,1,6.0,43 Avenue de la Mairie,45.04534224,3.86896208,23:10:00,2024-05-09
202400042954,10:50,Plein jour,94,94054,2,3,1,6.0,Rue du Noyer Grenot / Villa Rose Andrée,48.7477,2.401,10:50:00,2024-01-10
202400042955,09:00,Plein jour,51,51507,1,1,3,7.0,D3,49.101557,4.981205,09:00:00,2024-04-04
202400042956,21:40,,38,38421,2,1,1,6.0,AVENUE JEAN JAURÈS,45.18045,5.76685,21:40:00,2024-05-09
202400042957,11:30,Plein jour,94,94002,2,3,1,6.0,Rue Paul Vaillant Couturier / Rue Traversière,48.80608128,2.41861832,11:30:00,2024-01-09
202400042958,17:30,Plein jour,67,67025,2,1,2,1.0,21 Route du Rhin,48.857275,8.086581,17:30:00,2024-04-03
202400042959,12:30,Plein jour,34,34301,2,1,1,3.0,BLANC CAMILLE (BOULEVARD),43.40589,3.66414,12:30:00,2024-05-10
202400042960,18:00,,93,93066,2,8,1,6.0,Place de la Porte de Paris,48.92983041,2.35666072,18:00:00,2024-01-10
202400042961,17:58,Plein jour,79,79061,1,3,1,3.0,d948,46.252493,-0.19782,17:58:00,2024-04-04
202400042962,10:20,Plein jour,93,93055,2,1,1,2.0,Avenue Jean Lolive,48.893886,2.416572,10:20:00,2024-01-05
202400042963,21:56,Plein jour,32,32290,1,1,1,7.0,D15 PK 12+680,43.950652,0.220719,21:56:00,2024-04-04
202400042964,10:15,Plein jour,93,93057,2,2,1,1.0,Avenue Jean Jaurès / Avenue Franklin,48.902856,2.508316,10:15:00,2024-01-10
202400042965,00:30,Nuit sans éclairage,89,89076,1,1,1,6.0,route departementale 905,48.05112,3.643663,00:30:00,2024-04-04
202400042966,22:00,,92,92075,2,1,1,3.0,JEAN BLEUZEN,48.82421221,2.29845464,22:00:00,2024-01-09
202400042967,05:25,,30,30189,2,4,1,2.0,SAINT GILLES (RUE),43.8296,4.3593,05:25:00,2024-05-04
202400042968,21:56,Nuit sans éclairage,47,47142,2,1,2,6.0,route de lauzun,44.63853314,0.48538859,21:56:00,2024-04-02
202400042969,14:45,Plein jour,92,92062,2,1,1,3.0,GENERAL DE GAULLE (AV) DU 44 AU 106,48.88808796,2.23423862,14:45:00,2024-01-10
202400042970,17:30,Plein jour,29,29019,2,2,1,3.0,rue Marcellin Duval,48.41291,-4.486501,17:30:00,2024-05-09
202400042971,15:00,Plein jour,66,66020,2,4,1,7.0,Avenue du Grand Termanal,42.521095,2.062093,15:00:00,2024-04-03
202400042972,20:47,,92,92050,2,9,1,3.0,LENINE VLADIMIR ILITCH AVENUE,48.88748291,2.19817489,20:47:00,2024-01-10
202400042973,15:30,Plein jour,27,27229,2,3,1,3.0,MOULIN (RUE JEAN),49.00974,1.15189,15:30:00,2024-05-10
202400042974,11:00,Plein jour,21,21054,1,6,1,2.0,BOISSEAUX (AVENUE ANDRE),47.00551149,4.82664407,11:00:00,2024-05-10
202400042975,21:00,Crépuscule,13,13212,2,1,1,5.0,POILUS (AVENUE DES),43.31733,5.4617,21:00:00,2024-05-10
202400042976,07:15,Crépuscule,92,92050,2,7,1,3.0,BOULE PLACE DE LA,48.88695968,2.20066868,07:15:00,2024-01-09
202400042977,18:30,Plein jour,50,50402,1,2,1,7.0,RD23,49.517206,-1.802144,18:30:00,2024-04-03
202400042978,20:00,Plein jour,13,13215,2,1,1,3.0,MADRAGUE VILLE (chemin de la),43.33963593,5.35502404,20:00:00,2024-05-10
202400042979,12:35,Plein jour,13,13213,2,1,1,3.0,JEAN PAUL SARTRE (AVENUE),43.31533,5.40855,12:35:00,2024-05-10
202400042980,09:30,Plein jour,92,92050,2,1,8,6.0,JOLIOT CURIE F. ET IRENE AVENUE  N°PAIRS,48.89261,2.21003,09:30:00,2024-01-08
202400042981,17:30,Plein jour,43,43137,1,1,1,2.0,Les Bruyères de Gournier,45.2917446,4.14727888,17:30:00,2024-04-03
202400042982,18:55,Crépuscule,974,97415,1,1,1,6.0,N1a,-21.019708,55.242975,18:55:00,2024-01-11
202400042983,03:12,,13,13202,2,1,1,2.0,LAZARET (QUAI DU),43.30689,5.3659,03:12:00,2024-05-10
202400042984,11:05,Plein jour,21,21288,1,1,2,6.0,R.D. 06,47.536767,4.685126,11:05:00,2024-04-03
202400042985,07:30,Crépuscule,21,21638,1,1,1,2.0,AUTOROUTE A 31 PK 065.600,47.500733,5.190547,07:30:00,2024-01-11
202400042986,08:13,Plein jour,06,06088,2,1,1,3.0,83 Avenue Joseph Raybaud,43.73051,7.282785,08:13:00,2024-05-10
202400042987,17:50,Plein jour,06,06069,2,1,1,6.0,13 Boulevard Carnot,43.655865,6.922237,17:50:00,2024-05-06
202400042988,06:00,Nuit sans éclairage,81,81115,2,1,4,6.0,183 Boulevard Carnot,43.474061,2.648047,06:00:00,2024-01-11
202400042989,17:00,Plein jour,02,02168,1,1,1,2.0,Unknown,49.05074,3.38561,17:00:00,2024-05-07
202400042990,15:30,Plein jour,40,40006,1,1,1,6.0,Route de Villenave (Pont),43.981551,-0.799105,15:30:00,2024-04-04
202400042991,00:30,,75,75119,2,1,1,6.0,RUE MANIN,48.885168,2.392894,00:30:00,2024-05-09
202400042992,16:35,Plein jour,974,97422,2,1,1,1.0,62 Rue Frédéric Badré,-21.271724,55.519093,16:35:00,2024-01-11
202400042993,13:30,Plein jour,75,75119,2,3,1,3.0,RUE DE CRIMEE,48.890161,2.377397,13:30:00,2024-05-10
202400042994,08:00,Crépuscule,85,85284,2,1,2,7.0,Rue des tilleuls,46.793508,-1.898773,08:00:00,2024-04-03
202400042995,10:05,Plein jour,51,51085,2,1,8,6.0,D23,48.976941,3.64807,10:05:00,2024-01-11
202400042996,01:15,,75,75119,2,7,1,3.0,ECHANGEUR VILLETTE,48.90010911,2.38837302,01:15:00,2024-05-10
202400042997,06:20,Plein jour,75,75117,2,7,1,3.0,PLACE DE CLICHY,48.88356,2.326836,06:20:00,2024-05-10
202400042998,09:45,Plein jour,85,85128,2,1,2,7.0,6 Chemin de chanté-loup,46.457217,-1.184029,09:45:00,2024-04-03
202400042999,11:30,Plein jour,52,52147,1,1,1,7.0,A31 pk 107+500,47.854185,5.227904,11:30:00,2024-01-09
202400043000,23:05,,75,75114,2,3,1,3.0,AVENUE PAUL APPELL,48.821823,2.32672,23:05:00,2024-05-09
202400043001,17:15,Crépuscule,42,42307,1,1,8,1.0,Route de Givors,45.545891,4.666325,17:15:00,2024-01-11
202400043002,17:45,Plein jour,85,85197,1,2,1,3.0,Rue du val de loire,46.936576,-1.406722,17:45:00,2024-04-04
202400043003,14:30,Plein jour,42,42210,1,1,4,7.0,Route du Barrage,45.482837,4.637368,14:30:00,2024-01-10
202400043004,18:30,Plein jour,75,75104,2,1,1,6.0,RUE DU TEMPLE,48.857625,2.352697,18:30:00,2024-05-10
202400043005,20:00,Nuit sans éclairage,83,83026,1,1,2,6.0,D13,43.445286,6.200972,20:00:00,2024-01-09
202400043006,07:30,Crépuscule,27,27208,1,1,1,1.0,Route de Paris,49.1496,0.518779,07:30:00,2024-04-04
202400043007,19:38,,67,67342,2,1,1,6.0,28 Rue du Nideck,48.550194,7.329447,19:38:00,2024-01-11
202400043008,12:10,Plein jour,75,75104,2,3,1,6.0,RUE DE RIVOLI,48.857317,2.352404,12:10:00,2024-05-10
202400043009,17:50,Plein jour,68,68375,2,3,1,3.0,Rue de Reiningue,47.79307283,7.22887516,17:50:00,2024-03-08
202400043010,09:07,Crépuscule,80,80327,1,1,1,1.0,D928,50.239163,1.948464,09:07:00,2024-01-11
202400043011,18:38,Nuit sans éclairage,44,44022,1,1,8,1.0,4 l'Eraudiere,47.0559,-1.169046,18:38:00,2024-01-10
202400043012,10:15,Plein jour,75,75101,2,3,1,6.0,RUE CAMBON,48.86745,2.326218,10:15:00,2024-05-10
202400043013,20:20,Nuit sans éclairage,31,31117,1,1,1,6.0,"A68, PK 007.800",43.666847,1.555499,20:20:00,2024-04-03
202400043014,16:50,Crépuscule,02,02095,2,1,1,6.0,Rue Victor Hugo,49.982851,3.458097,16:50:00,2024-01-11
202400043015,17:00,Plein jour,94,94068,2,2,1,6.0,Avenue Victor Hugo / Avenue du Bois Guimier,48.8035,2.48038,17:00:00,2024-05-09
202400043016,15:45,Plein jour,15,15243,1,1,1,7.0,D678,45.241604,2.503933,15:45:00,2024-01-11
202400043017,07:23,Plein jour,978,97801,2,1,1,3.0,"boulevard de grand case,",18.099498,-63.054984,07:23:00,2024-04-03
202400043018,22:00,,94,94004,2,1,1,6.0,Place Charles-louis,48.74997253,2.5051906,22:00:00,2024-05-10
202400043019,15:20,Plein jour,40,40156,1,1,1,2.0,A63 - PK064.500,44.29789759,-0.88618236,15:20:00,2024-04-03
202400043020,13:40,Plein jour,05,05164,1,1,1,5.0,RN 94,44.535697,6.381973,13:40:00,2024-01-11
202400043021,10:00,Plein jour,13,13051,2,6,1,3.0,Chemin de Grans,43.593244,5.118486,10:00:00,2024-04-04
202400043022,18:25,Plein jour,93,93071,2,1,1,6.0,Rue Gabriel Péri,48.93911,2.53106,18:25:00,2024-05-10
202400043023,14:50,Plein jour,973,97309,2,1,1,5.0,1741 Route de Montjoly,4.92336,-52.283037,14:50:00,2024-04-03
202400043024,20:45,Plein jour,93,93045,2,2,1,6.0,Rue de Noisy-le-sec / Rue des Bruyères,48.875143,2.41595,20:45:00,2024-05-10
202400043025,16:10,Plein jour,83,83028,1,2,1,3.0,Carrefour des quatre chemins RD 25 - RD 562,43.573069,6.56152,16:10:00,2024-01-11
202400043026,07:30,Plein jour,93,93031,2,1,1,2.0,Rue Félix Merlin,48.95566,2.29868,07:30:00,2024-05-10
202400043027,08:45,Plein jour,83,83082,1,1,2,3.0,Les domigons - RD955,43.656136,6.478221,08:45:00,2024-01-11
202400043028,16:30,Plein jour,92,92026,2,1,1,2.0,MARECHAL JOFFRE (QUAI DU),48.89834522,2.26892763,16:30:00,2024-05-10
202400043029,00:15,Nuit sans éclairage,67,67180,1,1,1,7.0,D1340,48.792001,7.747778,00:15:00,2024-04-04
202400043030,12:15,Plein jour,64,64306,1,1,1,6.0,Chemin de Vergez,43.358336,-0.635759,12:15:00,2024-01-10
202400043031,20:05,Plein jour,92,92025,2,1,1,3.0,PAUL BERT (RUE),48.93048541,2.24522468,20:05:00,2024-05-09
202400043032,14:50,Plein jour,92,92007,2,1,1,7.0,BRIAND (AVENUE ARISTIDE) N° 162 A 300,48.792242,2.32025313,14:50:00,2024-05-10
202400043033,15:25,Plein jour,53,53185,2,1,1,6.0,"zone artisanale du pré vert, 53140",48.461792,-0.191773,15:25:00,2024-01-08
202400043034,23:29,,92,92007,2,9,1,6.0,BRIAND (AVENUE ARISTIDE) N° 162 A 300,48.79469,2.32122,23:29:00,2024-05-09
202400043035,22:58,Nuit sans éclairage,76,76705,1,1,1,6.0,A13,49.329062,1.087807,22:58:00,2024-03-28
202400043036,16:25,Plein jour,92,92004,2,1,1,3.0,NANTERRE ( DE 01 A 45 ),48.91014667,2.28583449,16:25:00,2024-05-10
202400043037,06:30,Nuit sans éclairage,85,85277,1,1,1,7.0,Rue des Sources,46.527558,-1.395109,06:30:00,2024-01-08
202400043038,23:35,Nuit sans éclairage,41,41167,2,1,1,7.0,42 Rue d'Asnières,47.503006,1.192001,23:35:00,2024-05-10
202400043039,15:00,Plein jour,60,60142,2,3,1,6.0,629bis Rue de Paris,49.125403,2.533438,15:00:00,2024-04-04
202400043040,12:50,Plein jour,84,84137,1,1,1,2.0,75 Route d?Avignon,44.23975,5.048234,12:50:00,2024-05-11
202400043041,16:00,Plein jour,33,33118,2,1,2,1.0,Unknown,44.783678,-0.461447,16:00:00,2024-04-03
202400043042,15:10,Plein jour,27,27640,1,2,1,3.0,D32,49.013636,0.894672,15:10:00,2024-01-10
202400043043,06:50,Plein jour,71,71270,1,1,1,2.0,A6 pk 381.144,46.367475,4.834568,06:50:00,2024-05-10
202400043044,09:07,Plein jour,77,77270,1,2,2,3.0,Intersection D228 / rue de la bordé,48.868353,2.994794,09:07:00,2024-04-03
202400043045,09:25,Plein jour,11,11203,2,1,1,6.0,Unknown,43.189056,2.754618,09:25:00,2024-05-10
202400043046,17:35,Plein jour,88,88181,2,1,1,1.0,Rue Eugène Mathis,48.184952,6.993774,17:35:00,2024-05-10
202400043047,12:45,Plein jour,77,77195,1,3,1,1.0,D57,48.585628,2.761731,12:45:00,2024-04-04
202400043048,06:00,Crépuscule,12,12096,1,1,1,1.0,RD 920 - PK 004+300,44.499704,2.734383,06:00:00,2024-05-11
202400043049,09:40,Plein jour,37,37211,1,2,1,3.0,D 50,47.245605,0.755439,09:40:00,2024-01-10
202400043050,12:30,Plein jour,65,65256,2,1,1,6.0,D817,43.165029,0.271719,12:30:00,2024-05-11
202400043051,20:00,Crépuscule,34,34154,1,2,1,3.0,D24,43.616543,3.946635,20:00:00,2024-04-03
202400043052,06:12,Nuit sans éclairage,58,58202,1,1,1,1.0,D985,47.086722,3.705869,06:12:00,2024-02-26
202400043053,13:40,Plein jour,30,30278,1,1,1,2.0,Route de Laudun,44.070413,4.688802,13:40:00,2024-05-10
202400043054,14:40,Plein jour,58,58121,2,1,2,2.0,Avenue de la Paix,47.037495,3.091493,14:40:00,2024-04-03
202400043055,07:50,Plein jour,54,54393,2,1,1,6.0,Route de Fraimbois,48.486259,6.570936,07:50:00,2024-02-26
202400043056,08:30,Plein jour,13,13069,1,1,2,4.0,D572,43.628539,5.1401,08:30:00,2024-01-11
202400043057,22:15,,83,83073,2,1,1,6.0,D97,43.392661,6.316318,22:15:00,2024-05-10
202400043058,18:10,Crépuscule,06,06073,1,1,4,6.0,M97,44.200713,7.080538,18:10:00,2024-02-25
202400043059,10:10,Plein jour,03,03125,1,1,1,6.0,route de ferr,45.99884,3.646817,10:10:00,2024-04-04
202400043060,16:00,Plein jour,78,78571,1,1,1,1.0,D98,48.859969,2.030781,16:00:00,2024-01-04
202400043061,18:00,Plein jour,83,83097,1,6,1,3.0,Dn7,43.485489,5.719365,18:00:00,2024-05-10
202400043062,16:00,Crépuscule,60,60372,1,1,2,6.0,rd 149,49.542108,2.095964,16:00:00,2024-02-26
202400043063,13:10,Plein jour,91,91272,2,4,1,6.0,Route de la Noue,48.701595,2.101272,13:10:00,2024-05-09
202400043064,08:20,Plein jour,73,73150,1,1,1,1.0,D223 - Route de Plagne Villages,45.507783,6.682005,08:20:00,2024-04-04
202400043065,13:30,Plein jour,973,97304,1,3,1,3.0,Route Degrad Saramaca,5.137939,-52.717088,13:30:00,2024-01-10
202400043066,00:50,Nuit sans éclairage,24,24320,1,1,8,6.0,D4e,45.437038,1.211479,00:50:00,2024-02-25
202400043067,14:30,Plein jour,19,19099,1,1,1,7.0,route du planchât,45.09374503,1.70201147,14:30:00,2024-05-10
202400043068,16:30,Plein jour,67,67187,2,3,1,3.0,12 Rue des Coquelicots,48.199784,7.513849,16:30:00,2024-05-10
202400043069,11:15,Plein jour,26,26124,1,1,1,7.0,A7 - PK 082.600,44.83586796,4.86241579,11:15:00,2024-01-11
202400043070,09:45,Plein jour,73,73064,2,1,2,2.0,D1006,45.55176068,5.98182732,09:45:00,2024-04-03
202400043071,15:25,Plein jour,27,27198,1,1,1,1.0,Rue de Breteuil (Condé-sur-Iton),48.835755,0.954496,15:25:00,2024-02-15
202400043072,10:00,Plein jour,82,82151,1,3,1,3.0,D7,44.333645,0.967135,10:00:00,2024-05-11
202400043073,08:40,Plein jour,09,09157,2,1,1,6.0,13 Rue Victor Hugo,42.967992,1.870519,08:40:00,2024-04-04
202400043074,03:45,Nuit sans éclairage,73,73150,1,1,1,6.0,D224,45.510182,6.704214,03:45:00,2024-01-11
202400043075,17:40,Plein jour,63,63194,1,1,1,1.0,D85,45.82583009,3.33940173,17:40:00,2024-05-11
202400043076,13:10,Plein jour,33,33022,1,1,1,1.0,Unknown,45.047269,-0.747285,13:10:00,2024-04-04
202400043077,09:30,Plein jour,28,28226,1,1,3,1.0,D939,48.620215,1.156161,09:30:00,2024-02-26
202400043078,09:55,Plein jour,63,63268,1,2,1,3.0,RD 996 /rue de la Coste,45.558851,3.166171,09:55:00,2024-05-11
202400043079,13:15,Plein jour,22,22070,2,6,1,3.0,Boulevard de la Marne,48.557172,-3.139617,13:15:00,2024-04-03
202400043080,14:20,Plein jour,46,46047,1,1,1,7.0,départementale 673,44.797033,1.543708,14:20:00,2024-05-11
202400043081,00:55,,69,69143,2,1,1,6.0,6 Avenue Carnot,45.880365,4.835647,00:55:00,2024-01-06
202400043082,06:50,Nuit sans éclairage,77,77100,1,1,1,6.0,Autoroute A5 PK 17+200 vers PARIS,48.516604,2.824173,06:50:00,2024-02-26
202400043083,01:20,Nuit sans éclairage,86,86271,1,1,1,6.0,Rigny,46.770005,0.248947,01:20:00,2024-05-11
202400043084,19:58,Plein jour,68,68307,1,1,1,6.0,d466,47.811112,6.896952,19:58:00,2024-05-10
202400043085,22:59,Nuit sans éclairage,978,97801,1,1,1,6.0,"RN7, Rue de Griselle, Baie Orientale, 50m de CADISCO",18.092288,-63.030292,22:59:00,2024-02-25
202400043086,06:25,Nuit sans éclairage,76,76454,1,2,2,3.0,D929,49.752963,1.544781,06:25:00,2024-04-03
202400043087,09:05,Plein jour,39,39128,2,1,1,6.0,27 Route de Longwy,46.958423,5.405219,09:05:00,2024-05-11
202400043088,16:05,Crépuscule,46,46015,1,1,2,1.0,larive,44.670602,2.174703,16:05:00,2024-01-11
202400043089,18:50,Nuit sans éclairage,67,67152,2,1,1,6.0,Rue de Hattisheim,48.505346,7.661591,18:50:00,2024-02-25
202400043090,17:36,Plein jour,25,25367,1,1,1,6.0,Chemin des Paturages,47.44384,6.809578,17:36:00,2024-05-10
202400043091,16:45,Plein jour,76,76462,2,2,1,1.0,Boulevard Marechal Joffre,49.72972693,1.43935382,16:45:00,2024-04-03
202400043092,16:00,Plein jour,29,29155,1,1,1,7.0,Korz,48.45316242,-5.0942941,16:00:00,2024-05-08
202400043093,16:20,Plein jour,06,06152,1,1,8,3.0,Route de la Valmasque,43.604289,7.049875,16:20:00,2024-02-26
202400043094,19:20,Nuit sans éclairage,16,16330,1,1,2,5.0,RN 141,45.68833,-0.39451,19:20:00,2024-01-10
202400043095,19:52,Plein jour,76,76614,1,5,1,7.0,Ancienne route de Duclair,49.44496362,0.9913859,19:52:00,2024-04-03
202400043096,23:40,,38,38175,2,1,1,3.0,Boulevard Langevin,45.261386,5.911607,23:40:00,2024-05-10
202400043097,16:50,Plein jour,29,29103,2,1,8,1.0,rue du Commandant Charcot,48.456308,-4.258832,16:50:00,2024-01-10
202400043098,10:10,Plein jour,83,83001,1,1,3,6.0,"A8, PK 143.800 chaussée nord",43.547055,6.793242,10:10:00,2024-02-26
202400043099,18:10,Plein jour,62,62001,2,1,1,1.0,D57,50.39263566,2.7202801,18:10:00,2024-04-03
202400043100,16:23,Plein jour,15,15188,1,3,1,1.0,RD 909,45.032869,3.120638,16:23:00,2024-05-10
202400043101,08:35,Crépuscule,27,27132,1,3,1,6.0,Rue des Forrières,49.020661,1.033294,08:35:00,2024-01-06
202400043102,17:55,Plein jour,971,97103,1,1,1,6.0,Lieu Dit Chantilly,16.235615,-61.616977,17:55:00,2024-02-24
202400043103,13:29,Plein jour,85,85084,1,1,1,2.0,A87,46.77457,-1.263056,13:29:00,2024-05-10
202400043104,12:00,Plein jour,14,14055,1,1,1,7.0,Route de Drubec,49.264283,0.107675,12:00:00,2024-05-06
202400043105,17:20,Crépuscule,13,13215,1,1,1,4.0,A7-Sens Marseille vers Lyon,43.36643455,5.36080529,17:20:00,2024-01-10
202400043106,09:45,Plein jour,33,33249,1,1,1,4.0,Unknown,44.87854,-0.50939,09:45:00,2024-04-03
202400043107,22:45,Nuit sans éclairage,50,50236,2,9,1,6.0,Route des Forges,49.300285,-1.572118,22:45:00,2024-05-10
202400043108,17:15,Crépuscule,77,77435,1,1,3,4.0,A6 PK 043+000 > LYON,48.487529,2.512673,17:15:00,2024-02-26
202400043109,17:21,Plein jour,33,33143,1,1,7,2.0,Unknown,44.95613508,-0.45175632,17:21:00,2024-01-09
202400043110,16:59,Plein jour,59,59609,1,1,1,2.0,AUTOROUTE A1,50.57208,3.07936,16:59:00,2024-03-29
202400043111,10:33,Plein jour,987,98747,1,1,1,3.0,PK53 RT2 - FAAONE,-17.756,-148.736,10:33:00,2024-02-25
202400043112,03:14,Nuit sans éclairage,33,33039,1,1,1,2.0,Unknown,44.796414,-0.538491,03:14:00,2024-01-09
202400043113,17:15,Plein jour,50,50499,1,3,7,6.0,10 Route du Mont Robert,48.750696,-1.092861,17:15:00,2024-05-11
202400043114,10:45,Plein jour,94,94034,1,1,2,2.0,A86,48.75568893,2.34248042,10:45:00,2024-03-03
202400043115,18:45,Nuit avec éclairage,62,62351,1,1,9,4.0,A21,50.43268609,2.91496585,18:45:00,2024-01-07