Num_Acc,hrmn,lum,dep,com,agg,int,atm,col,adr,lat,long,heure,date
202400043116,11:20,Plein jour,92,92019,1,9,8,7.0,RN 385,48.77221147,2.24381876,11:20:00,2024-04-03
202400043117,19:35,Plein jour,16,16270,1,1,1,6.0,Unknown,45.825495,0.73242,19:35:00,2024-05-10
202400043118,14:00,Plein jour,973,97311,2,9,1,3.0,Unknown,5.493326,-54.010697,14:00:00,2024-02-26
202400043119,18:15,Plein jour,07,07100,1,1,1,7.0,cd 901 - route de Villefort,44.422532,4.040651,18:15:00,2024-05-09
202400043120,20:30,,971,97129,2,1,1,6.0,rue du chemin de fer,16.283691,-61.669913,20:30:00,2024-02-25
202400043121,02:34,Nuit sans éclairage,94,94021,1,1,2,6.0,A6B,48.77137155,2.34509948,02:34:00,2024-04-03
202400043122,00:01,,94,94043,1,1,1,2.0,A6B,48.80749723,2.34691317,00:01:00,2024-01-10
202400043123,20:30,,77,77261,1,1,3,6.0,Rue de la Motte,48.227531,2.897064,20:30:00,2024-02-25
202400043124,07:50,Plein jour,24,24119,1,2,1,3.0,783 Route du Levant,45.39389203,0.38544416,07:50:00,2024-05-11
202400043125,17:15,Nuit sans éclairage,78,78217,1,1,1,5.0,A13,48.96445,1.82367,17:15:00,2024-01-09
202400043126,11:20,Plein jour,85,85140,1,1,1,7.0,D43,46.74783,-0.87348,11:20:00,2024-05-10
202400043127,18:42,Nuit avec éclairage,84,84129,2,6,1,3.0,D907,44.019194,4.870089,18:42:00,2024-02-26
202400043128,19:20,Crépuscule,92,92026,1,1,1,4.0,RN1014 Y,48.88809961,2.2503309,19:20:00,2024-04-03
202400043129,20:45,Nuit sans éclairage,78,78498,1,1,8,3.0,A13,48.908316,2.005295,20:45:00,2024-01-08
202400043130,20:45,Crépuscule,39,39570,1,1,1,5.0,Unknown,46.916159,5.557485,20:45:00,2024-05-10
202400043131,16:15,Crépuscule,71,71251,1,2,2,3.0,D994,46.898322,4.188449,16:15:00,2024-02-25
202400043132,07:15,Plein jour,78,78402,1,1,1,3.0,A13,48.964003,1.793965,07:15:00,2024-04-02
202400043133,14:20,Plein jour,08,08081,2,1,1,7.0,35 Rue Bernisseaux,49.854801,4.735864,14:20:00,2024-02-25
202400043134,20:15,Plein jour,29,29230,1,1,1,6.0,Chapelle Sainte Gertrude,47.92337237,-3.51662466,20:15:00,2024-05-10
202400043135,22:00,Nuit sans éclairage,93,93053,1,1,2,2.0,A3,48.89707199,2.46965129,22:00:00,2024-04-02
202400043136,00:01,Nuit sans éclairage,92,92051,1,1,4,4.0,N13,48.88100609,2.2720879,00:01:00,2024-01-09
202400043137,16:30,Plein jour,11,11257,1,4,1,2.0,Route départementale 3,43.16445,2.456238,16:30:00,2024-07-17
202400043138,01:20,Nuit sans éclairage,78,78291,1,1,4,6.0,A13,48.96508,1.75909,01:20:00,2024-01-09
202400043139,08:20,Plein jour,07,07324,2,1,1,4.0,quai de Gaulle,45.0668,4.836806,08:20:00,2024-02-26
202400043140,18:22,Plein jour,93,93027,1,1,2,7.0,A86,48.92669131,2.40461111,18:22:00,2024-04-01
202400043141,21:50,Nuit sans éclairage,77,77474,1,1,1,1.0,RN3,48.957594,2.801203,21:50:00,2024-05-10
202400043142,21:50,Nuit sans éclairage,78,78158,1,1,4,1.0,A13,48.841201,2.107074,21:50:00,2024-01-08
202400043143,19:30,Plein jour,71,71093,2,1,1,3.0,Place de la Mairie,46.844264,5.268526,19:30:00,2024-07-18
202400043144,08:45,Plein jour,94,94073,1,1,2,3.0,A86,48.77195676,2.39568914,08:45:00,2024-04-03
202400043145,10:26,Plein jour,69,69197,2,1,1,6.0,Route du Treve,46.061082,4.651777,10:26:00,2024-02-25
202400043146,09:30,Plein jour,77,77470,1,1,1,6.0,D216,48.742065,2.802249,09:30:00,2024-05-10
202400043147,21:50,Nuit sans éclairage,78,78158,1,1,4,2.0,A13,48.841063,2.106896,21:50:00,2024-01-08
202400043148,14:33,Plein jour,19,19096,1,1,2,7.0,D1120,45.22010852,1.81999437,14:33:00,2024-02-25
202400043149,21:05,Nuit sans éclairage,95,95218,1,1,1,6.0,A15,49.03583258,2.09585009,21:05:00,2024-01-10
202400043150,00:54,Nuit sans éclairage,93,93051,1,1,2,4.0,A4,48.83569183,2.56273622,00:54:00,2024-04-03
202400043151,22:00,Nuit sans éclairage,66,66008,2,3,1,6.0,Rue des Sorbiers,42.55033511,3.00762534,22:00:00,2024-04-11
202400043152,22:45,Nuit sans éclairage,71,71202,1,1,1,5.0,D906,46.853551,4.804201,22:45:00,2024-07-17
202400043153,01:00,Nuit sans éclairage,94,94028,1,1,4,6.0,A86,48.77622723,2.42988971,01:00:00,2024-01-09
202400043154,07:45,Plein jour,68,68195,1,9,1,7.0,A36,47.755854,7.295882,07:45:00,2024-03-01
202400043155,08:25,Crépuscule,33,33268,2,1,3,1.0,Unknown,45.042619,-0.677495,08:25:00,2024-02-26
202400043156,00:05,,94,94028,1,1,4,6.0,RN406,48.77671246,2.44308921,00:05:00,2024-01-09
202400043157,14:30,Plein jour,84,84063,1,1,1,6.0,D204,44.298514,4.707427,14:30:00,2024-05-10
202400043158,18:00,Plein jour,61,61079,1,1,1,6.0,D923 PR15+470,48.243924,0.691344,18:00:00,2024-07-14
202400043159,12:15,Plein jour,29,29288,1,1,3,6.0,Le Rhu,48.55910641,-4.28941349,12:15:00,2024-02-25
202400043160,16:40,Plein jour,974,97416,2,3,1,6.0,MITTERAND (AVENUE DU PDT),-21.34535,55.48532,16:40:00,2024-01-08
202400043161,20:30,Crépuscule,83,83104,1,1,1,7.0,D23,43.574422,5.74894,20:30:00,2024-05-11
202400043162,13:55,Plein jour,93,93005,2,4,1,1.0,Allée des Charmilles / Allée Louis Poupon,48.930665,2.498037,13:55:00,2024-04-02
202400043163,08:30,Plein jour,61,61484,1,1,1,6.0,D11 PR6+230,48.312071,0.722968,08:30:00,2024-07-14
202400043164,16:00,Plein jour,974,97409,2,1,1,3.0,EMILE THOMAS (rue),-20.93794,55.64906,16:00:00,2024-01-09
202400043165,18:00,Plein jour,89,89059,2,3,1,3.0,Lieu Dit Etangs de Saint Ange,48.054322,3.522127,18:00:00,2024-05-10
202400043166,08:42,Plein jour,13,13215,1,1,1,4.0,A7-Sens Lyon vers Marseille,43.370794,5.361158,08:42:00,2024-02-23
202400043167,14:20,Plein jour,22,22360,2,1,1,6.0,SAINT-RIVILY (RUE DE),48.48889,-2.75805,14:20:00,2024-02-02
202400043168,17:20,Crépuscule,69,69388,2,3,1,6.0,Cours Albert Thomas,45.7492663,4.86050834,17:20:00,2024-01-09
202400043169,18:20,Plein jour,42,42108,2,1,1,2.0,Route de Sury,45.589982,4.195117,18:20:00,2024-06-26
202400043170,09:50,Plein jour,972,97213,2,1,1,1.0,ROUTE DEPARTEMENTALE 3,14.62837,-60.98864,09:50:00,2024-01-09
202400043171,17:50,Plein jour,58,58160,1,1,1,1.0,Les Indrins,46.964719,3.114125,17:50:00,2024-05-10
202400043172,21:20,Nuit sans éclairage,69,69259,2,1,1,4.0,Route Départementale 383,45.71755823,4.86032024,21:20:00,2024-01-26
202400043173,02:30,Nuit sans éclairage,34,34267,1,1,1,7.0,Route de Gignac,43.686898,3.557682,02:30:00,2024-07-14
202400043174,06:30,Plein jour,976,97611,2,1,1,5.0,kaweni-Mangrove (route de la),-12.776,45.226,06:30:00,2024-04-02
202400043175,14:47,Plein jour,972,97209,2,6,1,3.0,MARNE (BOULEVARD DE LA),14.605,-61.0878,14:47:00,2024-01-09
202400043176,11:50,Plein jour,68,68370,1,1,1,3.0,D430,47.99300841,6.97819885,11:50:00,2024-05-11
202400043177,22:20,,974,97416,2,1,2,6.0,BOEUF(CHEMIN),-21.289,55.46589,22:20:00,2024-04-02
202400043178,17:05,Plein jour,42,42218,1,1,1,3.0,A72,45.44995544,4.42066949,17:05:00,2024-02-24
202400043179,13:20,Plein jour,974,97416,2,9,8,6.0,LORION (RUE LUC),-21.33371,55.47141,13:20:00,2024-04-02
202400043180,12:35,Plein jour,972,97209,2,1,1,2.0,RD 41 (ROCADE),14.6142,-61.0519,12:35:00,2024-01-09
202400043181,11:15,Plein jour,33,33167,1,1,3,2.0,Unknown,44.829717,-0.50227,11:15:00,2024-02-25
202400043182,23:55,Nuit sans éclairage,38,38382,2,2,1,3.0,Avenue de San Marino (Pont),45.23981,5.66659,23:55:00,2024-05-10
202400043183,17:10,Crépuscule,974,97411,1,2,2,3.0,JAURES (BLD 1 JEAN),-20.89189,55.46751,17:10:00,2024-04-02
202400043184,19:45,,69,69202,2,1,8,4.0,Avenue Maréchal Foch,45.74061,4.80435,19:45:00,2024-01-09
202400043185,02:20,Nuit sans éclairage,33,33122,1,1,2,3.0,Unknown,44.729211,-0.727753,02:20:00,2024-02-25
202400043186,11:15,Plein jour,974,97411,2,1,2,6.0,GARROS (ROLAND),-20.88331,55.44906,11:15:00,2024-04-02
202400043187,07:45,Plein jour,44,44117,2,2,1,3.0,55 Zone d'activité des roitelieres,47.150735,-1.347794,07:45:00,2024-07-18
202400043188,20:45,,971,97120,2,1,1,6.0,GERTY ARCHIMEDE (RESIDENCE),16.25130533,-61.54464841,20:45:00,2024-01-07
202400043189,21:30,Nuit sans éclairage,81,81219,1,1,1,6.0,n126,43.555577,2.047813,21:30:00,2024-05-10
202400043190,20:05,Nuit sans éclairage,971,97101,1,1,1,2.0,PERRIN (SECTEUR),16.30096,-61.51138,20:05:00,2024-01-07
202400043191,21:20,,974,97411,2,2,1,3.0,RAMBAUD (LEOPOLD),-20.88596,55.47645,21:20:00,2024-04-01
202400043192,15:00,Plein jour,91,91340,1,1,2,4.0,AUTOROUTE A6,48.6052,2.4367,15:00:00,2024-02-23
202400043193,10:25,Plein jour,44,44187,1,1,1,5.0,2 Le Jardinet,47.192177,-2.109278,10:25:00,2024-07-17
202400043194,22:30,,2A,2A004,2,1,2,6.0,#ROUTE DU STILETTO#,41.94693,8.77278,22:30:00,2024-01-09
202400043195,11:50,Plein jour,40,40277,1,4,1,6.0,Route de Dax,43.675752,-1.040992,11:50:00,2024-05-11
202400043196,09:30,Plein jour,974,97409,2,1,2,6.0,ILE DE FRANCE(AVENUE),-20.95889081,55.649948,09:30:00,2024-04-02
202400043197,14:50,Plein jour,95,95203,2,9,1,6.0,D928,48.99199389,2.28592218,14:50:00,2024-01-09
202400043198,15:20,Plein jour,93,93027,1,1,2,4.0,A1,48.93802812,2.4132488,15:20:00,2024-02-25
202400043199,16:00,Plein jour,31,31182,2,9,1,6.0,163 Route de Paris,43.696982,1.399632,16:00:00,2024-07-17
202400043200,10:40,Plein jour,33,33535,2,9,1,1.0,Unknown,44.848502,-0.463019,10:40:00,2024-05-10
202400043201,17:30,Plein jour,69,69388,2,1,1,6.0,Avenue des Frères Lumière,45.74414,4.87001,17:30:00,2024-04-02
202400043202,21:00,Nuit sans éclairage,77,77122,1,1,3,6.0,RN104,48.65478066,2.61403709,21:00:00,2024-02-25
202400043203,19:00,Nuit sans éclairage,91,91692,1,6,1,2.0,RD 35,48.67535,2.19346,19:00:00,2024-01-08
202400043204,10:50,Plein jour,38,38012,1,6,1,2.0,Route de Belley,45.596185,5.607968,10:50:00,2024-07-18
202400043205,20:15,Plein jour,50,50422,1,1,1,6.0,d971,49.207582,-1.366172,20:15:00,2024-05-10
202400043206,16:00,Plein jour,69,69387,2,2,1,6.0,Rue de l'Université,45.75121,4.8387,16:00:00,2024-04-02
202400043207,09:25,Plein jour,91,91691,2,1,4,7.0,MARCEL QUINTANE (RUE),48.703083,2.478209,09:25:00,2024-01-09
202400043208,13:00,Plein jour,75,75117,2,1,1,3.0,BD PERIPHERIQUE INTERIEUR,48.895031,2.306589,13:00:00,2024-02-23
202400043209,02:30,Nuit sans éclairage,03,03214,1,1,1,6.0,Chemin des Chandelles,46.424654,3.036958,02:30:00,2024-07-18
202400043210,15:20,Plein jour,56,56114,1,1,1,3.0,Bourhic,47.296346,-3.112886,15:20:00,2024-05-10
202400043211,09:36,Plein jour,69,69388,2,3,1,3.0,Avenue Paul Santy,45.72798,4.87746,09:36:00,2024-04-02
202400043212,08:50,Plein jour,91,91174,2,1,4,4.0,JOHN KENNEDY (BOULEVARD),48.580312,2.476054,08:50:00,2024-01-09
202400043213,03:00,,75,75116,2,3,1,7.0,BOULEVARD LANNES,48.864493,2.269912,03:00:00,2024-02-24
202400043214,23:10,Nuit sans éclairage,66,66093,1,1,1,6.0,la prade,42.546457,2.938955,23:10:00,2024-07-17
202400043215,22:26,,972,97213,2,9,1,6.0,ERNEST ANDRE (RUE),14.61657,-61.0035,22:26:00,2024-04-01
202400043216,23:25,Nuit sans éclairage,35,35360,1,2,1,3.0,la conterie,48.093875,-1.175773,23:25:00,2024-05-08
202400043217,15:00,Plein jour,06,06119,1,1,1,6.0,8420 Route de la Bonette,44.321093,6.864288,15:00:00,2024-07-18
202400043218,01:45,,75,75112,2,1,8,6.0,BOULEVARD PONIATOWSKI,48.832431,2.399216,01:45:00,2024-02-24
202400043219,07:00,,91,91228,2,2,4,2.0,CHAMPS ELYSEES (BOULEVARD DES),48.6261,2.42376,07:00:00,2024-01-09
202400043220,20:50,Plein jour,60,60282,2,1,1,7.0,D44,49.209726,2.448696,20:50:00,2024-05-10
202400043221,08:00,Plein jour,972,97209,2,1,1,2.0,AUTOROUTE (A1),14.61452,-61.04914,08:00:00,2024-04-02
202400043222,11:30,Plein jour,06,06079,2,1,1,6.0,1094 Avenue Janvier Passero,43.555504,6.939719,11:30:00,2024-07-18
202400043223,18:30,Plein jour,59,59323,1,1,1,3.0,D934,50.30514534,3.62885845,18:30:00,2024-05-11
202400043224,16:55,Plein jour,2B,2B120,1,1,1,2.0,11 - RT,42.65966,9.44181,16:55:00,2024-04-02
202400043225,08:30,Plein jour,14,14514,2,1,1,3.0,3 Impasse de l'Environnement,49.284448,0.199832,08:30:00,2024-07-18
202400043226,15:00,Plein jour,75,75111,2,3,1,3.0,RUE OBERKAMPF,48.866361,2.380256,15:00:00,2024-02-24
202400043227,22:08,Nuit sans éclairage,13,13211,1,1,1,2.0,A50-Sens Aubagne vers Marseille,43.28611386,5.51058007,22:08:00,2024-05-07
202400043228,20:00,,971,97101,1,1,1,2.0,ROUTE DE BOISVINS,16.26536,-61.46889,20:00:00,2024-04-01
202400043229,11:25,Plein jour,05,05046,2,1,1,6.0,Avenue Charles de Gaulle,44.567358,6.499025,11:25:00,2024-07-18
202400043230,22:00,Nuit sans éclairage,33,33281,1,1,1,2.0,Unknown,44.84533,-0.67083,22:00:00,2024-04-24
202400043231,09:00,Plein jour,50,50550,1,3,1,3.0,D53,49.12509,-1.38328,09:00:00,2024-07-17
202400043232,11:45,Plein jour,94,94038,1,1,1,3.0,A6B,48.7828929,2.34713213,11:45:00,2024-05-10
202400043233,20:45,,75,75110,2,2,2,3.0,BOULEVARD DE STRASBOURG,48.869319,2.354257,20:45:00,2024-02-23
202400043234,08:21,Plein jour,87,87085,2,1,1,3.0,LATTRE-DE-TASSIGNY (AVENUE DU MARECHAL),45.82606799,1.28035426,08:21:00,2024-04-02
202400043235,19:15,Crépuscule,64,64370,2,1,1,2.0,Route de la LANDE,43.353993,-0.286068,19:15:00,2024-07-17
202400043236,18:45,Nuit sans éclairage,50,50137,1,2,8,2.0,"73 voie de la liberté, D999",48.861768,-1.206578,18:45:00,2024-01-12
202400043237,09:10,Plein jour,87,87085,2,1,2,2.0,SAINTE CLAIRE (RUE),45.82409,1.24544,09:10:00,2024-03-29
202400043238,19:35,,75,75101,2,3,2,6.0,RUE DE RIVOLI,48.862466,2.336274,19:35:00,2024-02-24
202400043239,17:56,Plein jour,16,16028,1,1,1,2.0,Unknown,45.479678,-0.131207,17:56:00,2024-07-17
202400043240,11:40,Plein jour,50,50032,1,1,7,3.0,Vieux Chemin de Caen,49.11356,-1.007856,11:40:00,2024-01-01
202400043241,20:26,Nuit avec éclairage,87,87085,2,1,1,6.0,BROGLIE (AVENUE LOUIS DE),45.88202215,1.29056811,20:26:00,2024-03-30
202400043242,23:30,,75,75102,2,2,1,3.0,BOULEVARD DE SEBASTOPOL,48.863401,2.350956,23:30:00,2024-02-23
202400043243,18:20,Crépuscule,973,97302,2,6,1,3.0,SUZINI (CARREFOUR),4.9273,-52.29006,18:20:00,2024-05-08
202400043244,22:30,Crépuscule,16,16346,1,1,1,1.0,Unknown,45.25051,0.076518,22:30:00,2024-07-14
202400043245,18:00,Plein jour,69,69034,2,1,1,6.0,Rue des Combattants d'Afrique du Nord 1952-1962,45.79977,4.85114,18:00:00,2024-05-09
202400043246,09:10,Plein jour,86,86194,2,1,1,1.0,Avenue Jacques Coeur,46.56698,0.37639,09:10:00,2024-04-02
202400043247,13:10,Plein jour,75,75101,2,2,1,3.0,QUAI FRANCOIS MITTERRAND,48.860115,2.333348,13:10:00,2024-02-23
202400043248,18:20,Plein jour,69,69382,2,3,1,3.0,Rue Gasparin,45.75827,4.83315,18:20:00,2024-05-09
202400043249,12:00,Plein jour,971,97113,1,1,1,1.0,BEAUMANOIR (SECTEUR),16.23402779,-61.44135118,12:00:00,2024-05-08
202400043250,19:20,,94,94041,2,5,2,6.0,Rue Lénine,48.81562,2.39334,19:20:00,2024-02-24
202400043251,08:30,Plein jour,84,84007,2,3,1,6.0,FERRY ( Boulevard Jules),43.93803,4.80095,08:30:00,2024-04-02
202400043252,16:50,Plein jour,971,97101,2,2,1,3.0,JEAN  IGNACE (RUE) ,16.25071,-61.5201,16:50:00,2024-05-08
202400043253,20:33,,94,94033,2,1,2,6.0,Rue Jean-pierre Timbaud,48.85762,2.47474,20:33:00,2024-02-24
202400043254,15:45,Plein jour,07,07027,1,1,1,1.0,Route de la Voulte,44.82166469,4.78286163,15:45:00,2024-07-18
202400043255,11:45,Plein jour,30,30351,2,4,1,6.0,DE LATTRE DE TASSIGNY (BOULEVARD),43.96976,4.78013,11:45:00,2024-04-02
202400043256,23:19,,83,83069,2,1,1,6.0,GAMBETTA (AVENUE),43.11636,6.12869,23:19:00,2024-05-09
202400043257,16:30,Plein jour,40,40001,1,1,1,2.0,rd935 - PR3,43.723878,-0.263801,16:30:00,2024-07-18
202400043258,21:00,Nuit sans éclairage,83,83144,1,1,1,6.0,NATIONALE 97 (ROUTE),43.14305,6.00912,21:00:00,2024-04-02
202400043259,19:00,,94,94017,2,2,2,1.0,Boulevard de Stalingrad / Avenue du Général de Gaulle,48.82365,2.49647,19:00:00,2024-02-24
202400043260,10:45,Plein jour,24,24330,1,1,1,6.0,L'Ermitage,45.046875,1.050938,10:45:00,2024-07-17
202400043261,15:15,Plein jour,76,76576,1,1,1,7.0,GRANDE RUE (LA),49.54525,0.44957,15:15:00,2024-05-09
202400043262,08:45,Plein jour,83,83069,1,1,1,7.0,ALMANARRE POMPONIANA (CHEMIN),43.08229,6.11828,08:45:00,2024-04-02
202400043263,16:20,Plein jour,93,93066,2,4,1,3.0,Avenue Marcel Cachin / Rue Henri Barbusse,48.937472,2.371858,16:20:00,2024-02-24
202400043264,14:20,Plein jour,74,74200,2,1,1,2.0,Unknown,46.40316,6.61541,14:20:00,2024-05-09
202400043265,15:30,Plein jour,83,83069,2,3,1,3.0,LOUBES (ROUTE DES),43.11017,6.11926,15:30:00,2024-04-01
202400043266,19:00,Plein jour,72,72181,2,3,1,3.0,CHURCHILL WINSTON (BD) N° IMP 41 ET >,47.99022,0.21946,19:00:00,2024-05-09
202400043267,19:07,,93,93031,2,1,1,6.0,Avenue d'Enghien,48.962192,2.305107,19:07:00,2024-02-24
202400043268,14:56,Plein jour,64,64483,2,1,1,3.0,RD810,43.40348,-1.6335,14:56:00,2024-05-09
202400043269,11:41,Plein jour,85,85201,1,1,1,6.0,la membrun,46.4365,-1.3037,11:41:00,2024-07-18
202400043270,00:39,Nuit sans éclairage,24,24540,1,1,2,6.0,Route du Puy d'Habran,45.283451,0.863746,00:39:00,2024-02-25
202400043271,10:40,Plein jour,63,63300,2,3,1,3.0,BADE (FAUBOURG DE LA),45.8944313,3.1189853,10:40:00,2024-05-08
202400043272,13:30,Plein jour,27,27690,1,4,1,1.0,Rue de Villers,49.245607,1.581316,13:30:00,2024-07-17
202400043273,19:45,Nuit sans éclairage,37,37178,1,1,2,1.0,D8,47.13152804,0.38979605,19:45:00,2024-02-24
202400043274,20:00,Plein jour,62,62548,1,1,1,6.0,D119,50.97032917,1.96007208,20:00:00,2024-05-09
202400043275,20:55,,76,76351,2,2,1,3.0,CASIMIR DELAVIGNE,49.49422,0.11971,20:55:00,2024-03-29
202400043276,10:45,Plein jour,38,38378,2,1,1,6.0,Place Charles de Gaulle,45.438755,4.770781,10:45:00,2024-02-24
202400043277,20:45,Crépuscule,61,61001,2,2,1,3.0,D955,48.42791,0.07507,20:45:00,2024-05-09
202400043278,17:15,Plein jour,87,87122,1,3,1,3.0,Santrop,46.03162,1.307293,17:15:00,2024-07-17
202400043279,03:30,,76,76351,2,1,1,7.0,FRISSARD (QUAI),49.49116,0.13076,03:30:00,2024-03-31
202400043280,10:15,Plein jour,62,62049,1,2,1,3.0,D341,50.54996,2.381297,10:15:00,2024-02-24
202400043281,19:25,Plein jour,59,59512,2,2,1,1.0,NATIONS UNIES (AVENUE DES),50.69436,3.1725,19:25:00,2024-05-08
202400043282,11:20,Plein jour,52,52377,1,1,1,7.0,D139,48.06004981,5.66904322,11:20:00,2024-07-17
202400043283,19:10,Plein jour,59,59350,2,3,1,3.0,Rue de Marquillies,50.61447,3.05706,19:10:00,2024-05-09
202400043284,20:30,,76,76351,2,3,1,3.0,BOIS AU COQ (AVENUE),49.51799,0.1177,20:30:00,2024-03-30
202400043285,12:35,Plein jour,69,69133,1,3,8,3.0,21 Rue de Guénas,45.628624,4.770801,12:35:00,2024-02-25
202400043286,06:15,Plein jour,988,98805,2,1,1,4.0,VE1 sens Nord/Sud,-22.224932,166.46493,06:15:00,2024-07-19
202400043287,15:20,Plein jour,57,57463,2,9,1,3.0,THIONVILLE (ROUTE DE ),49.13464,6.17002,15:20:00,2024-05-09
202400043288,09:20,Plein jour,06,06084,2,1,1,6.0,10 Avenue Marcel Journet,43.620741,6.97193,09:20:00,2024-07-18
202400043289,07:55,Plein jour,71,71269,1,1,8,1.0,RD673,46.75645791,4.85885579,07:55:00,2024-04-01
202400043290,02:30,,56,56260,2,1,1,6.0,ALBERT 1ER (RUE),47.65272,-2.76458,02:30:00,2024-05-09
202400043291,23:19,Nuit sans éclairage,77,77006,1,1,1,6.0,"RD 409 - PK 1,3",48.401134,2.55127,23:19:00,2024-02-24
202400043292,22:00,Nuit sans éclairage,67,67067,1,1,1,2.0,Autoroute A4 - PK 466+000,48.721756,7.694134,22:00:00,2024-07-14
202400043293,09:35,Plein jour,51,51549,1,1,6,7.0,D994,48.945666,4.734056,09:35:00,2024-02-22
202400043294,14:12,Plein jour,50,50647,1,9,1,3.0,LANDE (CHEMIN DE LA),48.83927,-1.55299,14:12:00,2024-05-09
202400043295,13:00,Plein jour,69,69264,2,1,1,2.0,Route de Riottier,45.9763752,4.74226459,13:00:00,2024-04-02
202400043296,06:38,Plein jour,974,97403,1,1,1,1.0,cd 26,-21.258876,55.46452,06:38:00,2024-07-18
202400043297,13:30,Plein jour,47,47001,2,2,1,3.0,LACOUR (BD EDOUARD),44.199175,0.626324,13:30:00,2024-05-09
202400043298,16:30,Plein jour,64,64024,2,1,2,2.0,JARDINS D'ARCADIE (ALLEE DES),43.47602,-1.53267,16:30:00,2024-04-02
202400043299,13:00,Plein jour,77,77318,1,1,1,3.0,RD231 PK038+000,48.78301,2.885669,13:00:00,2024-07-16
202400043300,16:45,Plein jour,38,38421,2,3,1,6.0,AVENUE PIERRE SÉMARD,45.18203,5.75751,16:45:00,2024-05-09
202400043301,19:40,,24,24020,1,1,2,6.0,A89,45.151159,1.167126,19:40:00,2024-02-24
202400043302,16:25,Plein jour,48,48119,1,1,1,6.0,D.906,44.51384,3.913059,16:25:00,2024-07-13
202400043303,11:31,Plein jour,63,63032,2,9,1,2.0,ROMAGNAT (ROUTE DE),45.75015,3.09209,11:31:00,2024-04-02
202400043304,21:35,Crépuscule,37,37122,2,6,1,3.0,VERDUN (RUE DE),47.34931,0.6669,21:35:00,2024-05-09
202400043305,17:20,Plein jour,34,34289,2,1,1,1.0,D13e15,43.389425,3.420213,17:20:00,2024-07-17
202400043306,14:35,Plein jour,37,37122,2,1,7,6.0,LAVOISIER (RUE),47.34663,0.65775,14:35:00,2024-05-09
202400043307,09:46,Plein jour,63,63113,2,1,1,6.0,REPUBLIQUE (AVENUE DE LA),45.790711,3.112715,09:46:00,2024-04-02
202400043308,23:30,Nuit sans éclairage,42,42268,1,2,1,3.0,Route des Roches,45.873233,4.039321,23:30:00,2024-02-24
202400043309,16:20,Plein jour,37,37261,2,1,1,2.0,MIRABEAU (PONT),47.40268,0.702,16:20:00,2024-05-08
202400043310,23:30,Nuit sans éclairage,34,34022,2,3,1,6.0,M106e3 chemin du pont,43.661678,4.02915,23:30:00,2024-07-17
202400043311,20:50,Plein jour,36,36202,2,1,1,6.0,Route de Châteauroux,46.81762,1.67139,20:50:00,2024-05-09
202400043312,09:18,Plein jour,63,63075,2,1,1,3.0,ROYAT (AVENUE DE),45.77574,3.06761,09:18:00,2024-04-02
202400043313,19:15,Nuit sans éclairage,34,34328,1,1,1,1.0,D131,43.564503,3.548155,19:15:00,2024-02-24
202400043314,09:45,Plein jour,88,88308,1,1,1,1.0,D674,48.336727,5.650374,09:45:00,2024-07-05
202400043315,10:10,Plein jour,36,36202,2,6,1,3.0,Rue des Echarbeaux,46.79667113,1.6359973,10:10:00,2024-05-09
202400043316,07:15,Crépuscule,34,34237,1,1,1,6.0,D13,43.499157,3.324416,07:15:00,2024-02-25
202400043317,15:50,Plein jour,65,65059,1,1,1,6.0,D918,42.913661,0.186607,15:50:00,2024-07-17
202400043318,23:20,,35,35238,2,2,1,3.0,CHATEAU (AVENUE FRANCOIS),48.1122,-1.64359,23:20:00,2024-05-09
202400043319,15:10,Plein jour,65,65059,1,1,1,7.0,col du tourmalet,42.908934,0.150831,15:10:00,2024-07-16
202400043320,08:45,Plein jour,38,38198,1,2,1,3.0,D519f,45.338504,4.953783,08:45:00,2024-02-25
202400043321,11:30,Plein jour,60,60159,2,6,1,3.0,Avenue Marigny,49.40561243,2.83777379,11:30:00,2024-04-02
202400043322,04:45,Nuit sans éclairage,34,34172,2,4,1,7.0,GREZES (RUE DES),43.59475,3.8215,04:45:00,2024-05-09
202400043323,17:00,Plein jour,33,33063,2,1,1,6.0,Unknown,44.88127,-0.56763,17:00:00,2024-05-09
202400043324,04:00,Nuit sans éclairage,38,38034,1,1,1,7.0,Chemin de Revel,45.350057,5.049055,04:00:00,2024-02-24
202400043325,10:00,Plein jour,09,09076,1,2,1,3.0,D27,43.260493,1.53035,10:00:00,2024-07-10
202400043326,17:15,Plein jour,33,33529,2,1,1,7.0,Unknown,44.609981,-1.148645,17:15:00,2024-05-09
202400043327,23:33,,59,59650,2,2,3,3.0,LIBERTE (BOULEVARD DE LA),50.70987,3.19352,23:33:00,2024-04-02
202400043328,14:20,Plein jour,84,84070,1,1,2,1.0,Route de Mazan,44.026447,5.154085,14:20:00,2024-02-25
202400043329,09:30,Plein jour,31,31555,2,9,1,3.0,AV DE L URSS,43.58433,1.4479,09:30:00,2024-05-09
202400043330,05:01,,59,59350,2,2,8,6.0,Place Vanhoenacker,50.61957,3.06374,05:01:00,2024-04-02
202400043331,19:00,Plein jour,09,09282,1,2,1,3.0,Route de Calmont,43.240748,1.585711,19:00:00,2024-07-17