Num_Acc,hrmn,lum,dep,com,agg,int,atm,col,adr,lat,long,heure,date
202400043332,18:00,Plein jour,29,29232,2,1,1,6.0,Rue du Tregor,47.98069,-4.106004,18:00:00,2024-05-09
202400043333,08:18,Plein jour,15,15204,2,9,2,1.0,RD 120,44.944701,2.311152,08:18:00,2024-02-25
202400043334,08:26,Plein jour,59,59574,2,1,1,6.0,WILSON PROLONGEE(RUE),50.3382,3.28095,08:26:00,2024-03-29
202400043335,18:15,Plein jour,27,27229,2,1,1,3.0,QUATORZE JUILLET (BOULEVARD),49.00686,1.16355,18:15:00,2024-05-08
202400043336,18:00,Plein jour,87,87190,1,3,1,3.0,D941,45.910839,1.617093,18:00:00,2024-07-17
202400043337,11:10,Plein jour,70,70056,1,1,1,7.0,D20,47.777002,6.021709,11:10:00,2024-02-25
202400043338,15:45,Plein jour,17,17306,1,1,1,3.0,D25,45.62829,-1.00182,15:45:00,2024-05-08
202400043339,17:52,Plein jour,51,51108,2,9,1,6.0,DE GAULLE (AVE GENERAL),48.9486,4.37132,17:52:00,2024-04-02
202400043340,16:25,Plein jour,85,85035,2,1,1,6.0,Allée des bruyères,46.608786,-1.853413,16:25:00,2024-07-17
202400043341,14:45,Plein jour,26,26118,1,1,2,1.0,330 Route de Lapeyrouse,45.310979,4.936203,14:45:00,2024-02-24
202400043342,11:12,Plein jour,17,17300,1,1,1,6.0,07 PK RN237 MOULIN JUSTICE RE,46.17400327,-1.20274983,11:12:00,2024-05-08
202400043343,05:45,Nuit avec éclairage,16,16358,2,1,1,7.0,Unknown,45.683712,0.1129961,05:45:00,2024-05-09
202400043344,13:15,Plein jour,72,72154,2,1,1,6.0,Avenue d'Obernkirchen,47.699054,-0.059223,13:15:00,2024-07-17
202400043345,14:43,Plein jour,49,49099,2,5,1,5.0,MANCEAU (AVENUE ANATOLE),47.05526,-0.87917,14:43:00,2024-03-24
202400043346,17:00,Plein jour,72,72228,2,9,2,3.0,D8,47.838985,-0.207431,17:00:00,2024-02-25
202400043347,22:40,,13,13212,2,9,1,3.0,COMTESSE (BOULEVARD DE LA),43.31513,5.44743,22:40:00,2024-05-09
202400043348,09:22,Plein jour,49,49007,2,1,2,3.0,RAMON BOULEVARD,47.48751,-0.5414,09:22:00,2024-04-02
202400043349,13:33,Plein jour,06,06059,1,1,1,3.0,M45,43.725212,7.381783,13:33:00,2024-02-24
202400043350,21:00,Plein jour,13,13210,2,2,1,3.0,PAUL CLAUDEL (BOULEVARD),43.26928,5.42092,21:00:00,2024-05-09
202400043351,17:55,Plein jour,60,60462,2,1,1,2.0,Rue de Paris,49.328387,2.200297,17:55:00,2024-07-18
202400043352,19:55,Plein jour,49,49007,2,1,1,3.0,DUNANT BOULEVARD,47.48333,-0.52666,19:55:00,2024-04-01
202400043353,15:00,Plein jour,14,14739,2,2,2,6.0,27 Avenue du Général Ailleret,49.343504,-0.516222,15:00:00,2024-02-23
202400043354,19:15,Plein jour,13,13208,2,2,1,3.0,PRADO (AVENUE DU),43.28205,5.38628,19:15:00,2024-05-09
202400043355,18:56,Plein jour,47,47001,2,1,1,3.0,CARNOT (BD DU PRESIDENT),44.20432,0.6206,18:56:00,2024-04-02
202400043356,13:10,Plein jour,13,13213,2,1,1,3.0,OLIVES (AVENUE DES),43.31775,5.37403,13:10:00,2024-05-09
202400043357,10:40,Plein jour,45,45302,2,1,8,3.0,783 Rue Nationale 20,47.94506,1.89212,10:40:00,2024-04-02
202400043358,22:50,Nuit sans éclairage,05,05017,1,1,1,5.0,N94,44.562343,6.204057,22:50:00,2024-02-24
202400043359,14:30,Plein jour,13,13210,2,3,1,6.0,ROMAIN ROLLAND (BOULEVARD),43.27576,5.417,14:30:00,2024-05-08
202400043360,14:45,Plein jour,43,43089,2,1,1,3.0,Rue Saint Marcel,45.04936,3.86808,14:45:00,2024-04-02
202400043361,14:30,Plein jour,59,59608,1,1,1,6.0,D114,50.249935,3.490219,14:30:00,2024-07-18
202400043362,02:10,,13,13005,1,1,1,7.0,CIOTAT (ROUTE DE LA RN559),43.27815996,5.59007958,02:10:00,2024-05-09
202400043363,14:50,Plein jour,16,16258,1,1,2,6.0,Unknown,45.448435,0.070639,14:50:00,2024-02-24
202400043364,19:05,Plein jour,07,07281,1,1,1,7.0,C.D.533,44.9444,4.78393,19:05:00,2024-05-09
202400043365,19:45,Plein jour,59,59051,1,1,1,6.0,Route de Lille,50.54139706,2.8195703,19:45:00,2024-07-17
202400043366,00:18,Nuit sans éclairage,42,42044,2,1,1,2.0,Rue de la Malafolie,45.3937,4.30031,00:18:00,2024-04-03
202400043367,09:00,Plein jour,07,07078,2,6,1,3.0,rue des patureaux,45.248771,4.705619,09:00:00,2024-02-25
202400043368,16:20,Plein jour,75,75113,2,1,1,2.0,BD PERIPHERIQUE EXTERIEUR,48.819874,2.374335,16:20:00,2024-05-09
202400043369,20:50,Nuit sans éclairage,13,13091,1,6,1,6.0,1860 Route d?Aix,43.612202,5.324617,20:50:00,2024-02-24
202400043370,17:40,Plein jour,33,33167,1,1,1,3.0,Unknown,44.822625,-0.513561,17:40:00,2024-07-17
202400043371,16:20,Plein jour,75,75117,2,1,1,3.0,BD PERIHERIQUE INTERIEUR,48.888588,2.293597,16:20:00,2024-05-09
202400043372,15:45,Plein jour,37,37261,2,1,1,1.0,AUBERDIERE (RUE DE L'),47.36276,0.69238,15:45:00,2024-04-02
202400043373,10:25,Plein jour,75,75117,2,1,1,2.0,BD PERIPHERIQUE EXTERIEUR,48.895158,2.30641,10:25:00,2024-05-09
202400043374,23:59,Nuit sans éclairage,94,94037,1,1,1,6.0,A6A,48.81380421,2.33598945,23:59:00,2024-07-16
202400043375,12:30,Plein jour,51,51515,1,1,4,6.0,Autoroute A4 Pk 190+600,49.035941,4.589045,12:30:00,2024-02-24
202400043376,14:10,Plein jour,37,37261,2,2,1,3.0,ARAGO (RUE FRANCOIS),47.38702,0.67428,14:10:00,2024-04-02
202400043377,17:30,,92,92026,1,1,1,2.0,RN1014 Y,48.88849622,2.24910695,17:30:00,2024-07-17
202400043378,20:10,Plein jour,75,75120,2,1,1,4.0,BD PERIPHERIQUE INTERIEUR,48.868742,2.413252,20:10:00,2024-05-08
202400043379,22:10,Nuit sans éclairage,64,64189,1,1,1,6.0,A63 - PK 195.800,43.37355388,-1.65600381,22:10:00,2024-02-24
202400043380,06:05,Nuit sans éclairage,35,35055,2,1,1,6.0,MELLETTES (AV DES),48.0853696,-1.62003949,06:05:00,2024-04-02
202400043381,18:25,Plein jour,75,75120,2,1,8,3.0,BD PERIPHERIQUE INTERIEUR,48.866049,2.413204,18:25:00,2024-05-08
202400043382,09:20,Plein jour,78,78158,1,1,1,2.0,A13,48.841049,2.107012,09:20:00,2024-07-17
202400043383,07:30,Plein jour,75,75119,2,1,8,6.0,ECHANGEUR VILLETTE,48.89981289,2.3854655,07:30:00,2024-05-08
202400043384,19:15,Nuit sans éclairage,34,34172,1,1,1,2.0,A709,43.604293,3.928524,19:15:00,2024-02-24
202400043385,10:45,Plein jour,75,75116,2,7,1,3.0,PLACE CLEMENT ADER,48.851533,2.278475,10:45:00,2024-05-09
202400043386,08:20,Plein jour,93,93063,1,1,1,2.0,AUTOROUTE A3,48.88003402,2.45036099,08:20:00,2024-07-17
202400043387,13:40,Plein jour,38,38118,1,1,1,2.0,A48,45.387525,5.472093,13:40:00,2024-02-24
202400043388,18:10,Plein jour,35,35238,1,1,2,4.0,RN136,48.09978,-1.71492,18:10:00,2024-04-01
202400043389,16:55,Plein jour,75,75109,2,3,1,2.0,RUE DES MATHURINS,48.87301328,2.32841456,16:55:00,2024-05-08
202400043390,05:50,Nuit sans éclairage,35,35238,1,1,1,2.0,ROCADE 3-4,48.08876,-1.63291,05:50:00,2024-04-02
202400043391,16:29,Plein jour,75,75107,2,1,1,6.0,PLACE HENRY DE MONTHERLANT,48.860308,2.326885,16:29:00,2024-05-08
202400043392,06:45,Crépuscule,77,77053,1,1,1,4.0,RN104,48.677096,2.609434,06:45:00,2024-07-17
202400043393,19:45,Crépuscule,45,45126,2,1,2,6.0,D11 PR 17 + 1143,47.932429,2.132399,19:45:00,2024-02-24
202400043394,08:45,Plein jour,94,94041,2,4,1,3.0,Quai Auguste Deshaies,48.81854787,2.40026647,08:45:00,2024-05-09
202400043395,23:50,Nuit sans éclairage,66,66182,1,1,1,1.0,Unknown,42.724712,3.029705,23:50:00,2024-02-24
202400043396,14:30,Plein jour,34,34172,2,1,1,5.0,LIBERTE (AVENUE DE LA,43.60865,3.8463,14:30:00,2024-04-01
202400043397,11:55,Plein jour,94,94022,2,1,1,6.0,Avenue Jean Jaurès,48.76517,2.40796,11:55:00,2024-05-09
202400043398,13:30,Plein jour,94,94022,2,8,1,6.0,Quai Fernand Dupuy,48.7651,2.41117,13:30:00,2024-05-03
202400043399,15:30,Plein jour,74,74012,2,3,2,3.0,EUROPE (AVENUE DE L'),46.17784,6.2376,15:30:00,2024-05-16
202400043400,18:30,Crépuscule,13,13066,1,1,3,1.0,D28,43.887068,4.888015,18:30:00,2024-02-25
202400043401,11:30,Plein jour,33,33063,2,3,1,3.0,Unknown,44.84854,-0.58276,11:30:00,2024-04-02
202400043402,18:15,Plein jour,93,93005,2,1,7,1.0,Rue Louise Michel,48.931775,2.498508,18:15:00,2024-05-09
202400043403,06:30,Crépuscule,55,55446,1,1,2,7.0,DEPARTEMENTALE 6,48.82779934,5.27676085,06:30:00,2024-02-25
202400043404,13:55,Plein jour,74,74281,2,1,1,3.0,DRANSE (AVENUE DE LA),46.37,6.493,13:55:00,2024-04-10
202400043405,09:40,Plein jour,33,33063,2,1,1,2.0,Unknown,44.82836,-0.57647,09:40:00,2024-04-02
202400043406,20:15,Crépuscule,92,92078,2,2,1,3.0,GALLIENI (BD) (1 A 79 ET 22 A 102),48.9280372,2.3312366,20:15:00,2024-05-09
202400043407,16:20,Plein jour,74,74010,2,6,2,3.0,MAQUIS (CHEMIN DU),45.91992,6.13164,16:20:00,2024-05-14
202400043408,14:49,Plein jour,92,92073,2,9,1,6.0,VERDUN (RUE DE),48.87500314,2.23115348,14:49:00,2024-05-16
202400043409,16:48,Plein jour,31,31555,2,1,1,2.0,BD LASCROSSES,43.60944,1.43156,16:48:00,2024-04-01
202400043410,21:45,,83,83036,2,1,1,2.0,D559,43.188602,6.548924,21:45:00,2024-08-16
202400043411,07:15,Crépuscule,38,38158,2,3,1,3.0,Avenue Jean Jaures,45.15715,5.746432,07:15:00,2024-02-25
202400043412,15:06,Plein jour,74,74010,2,9,1,3.0,CRET DU MAURE (AVENUE DU),45.89532,6.12257,15:06:00,2024-05-12
202400043413,11:50,Plein jour,30,30007,2,2,1,7.0,SERRE (RUE DU DOCTEUR),44.12243,4.08029,11:50:00,2024-04-02
202400043414,07:41,Plein jour,69,69050,1,1,1,1.0,Route Buissonniere,45.87705699,4.64244274,07:41:00,2024-02-24
202400043415,13:03,Plein jour,74,74010,2,6,1,6.0,CHARLES DE GAULLE (PLACE),45.91203,6.1315,13:03:00,2024-05-11
202400043416,18:03,Plein jour,92,92026,2,6,1,3.0,VICTOR HUGO (PLACE,48.89227,2.25345,18:03:00,2024-05-09
202400043417,07:15,Plein jour,71,71026,1,1,1,3.0,Autoroute A6 PK 345+590 sens LYON-PARIS,46.658785,4.855801,07:15:00,2024-08-24
202400043418,16:20,Plein jour,65,65059,1,1,1,6.0,LA MONGIE - RD 918 - Pk 45+400,42.910231,0.180845,16:20:00,2024-02-20
202400043419,13:45,Plein jour,29,29039,1,1,2,1.0,Unknown,47.91089605,-3.90411615,13:45:00,2024-02-18
202400043420,18:37,Plein jour,74,74119,2,1,1,1.0,GRANDE RIVE (AVENUE DE),46.4026013,6.60984063,18:37:00,2024-03-27
202400043421,22:50,Nuit sans éclairage,35,35037,1,1,1,6.0,Le Grand Tertre,48.035081,-1.82843,22:50:00,2024-02-24
202400043422,16:10,Plein jour,92,92024,2,2,1,3.0,CLICHY (QUAI DE) DE (8 A 60),48.90846,2.30022,16:10:00,2024-05-09
202400043423,17:30,Plein jour,29,29019,2,1,3,6.0,rue Chevreul,48.407251,-4.491071,17:30:00,2024-04-02
202400043424,09:45,Plein jour,17,17264,2,1,1,1.0,19 rue de l'Estran,46.201171,-1.168835,09:45:00,2024-08-22
202400043425,05:20,Nuit sans éclairage,76,76345,1,1,1,6.0,Rue de l’Epte,49.580896,1.6581,05:20:00,2024-02-25
202400043426,06:15,Crépuscule,44,44184,2,2,1,3.0,25 Rue Albert Thomas,47.29386736,-2.19565763,06:15:00,2024-06-06
202400043427,12:40,Plein jour,92,92012,2,2,1,3.0,JEAN JAURES (BOULEVARD) 63/215 - 70/208,48.83680072,2.24171412,12:40:00,2024-05-09
202400043428,18:45,Crépuscule,60,60097,1,1,2,6.0,la haute borne D981,49.32750877,1.90159392,18:45:00,2024-02-24
202400043429,12:00,Plein jour,29,29019,2,6,1,3.0,boulevard de l'Europe,48.412926,-4.508818,12:00:00,2024-04-01
202400043430,12:56,Plein jour,37,37242,1,1,1,6.0,D7,47.23196269,0.13216925,12:56:00,2024-05-10
202400043431,16:33,Plein jour,62,62081,1,1,1,7.0,D14,50.21778775,3.0695226,16:33:00,2024-05-10
202400043432,19:30,Crépuscule,95,95582,1,1,1,2.0,A15,48.96831366,2.25202133,19:30:00,2024-02-23
202400043433,19:00,Plein jour,59,59576,1,3,7,4.0,Route de Bourbourg,50.991657,2.309124,19:00:00,2024-08-23
202400043434,16:20,Plein jour,54,54023,1,1,1,7.0,D914,48.75043797,6.540277,16:20:00,2024-05-09
202400043435,19:05,Plein jour,27,27681,2,2,2,1.0,MENDES FRANCE (AVENUE PIERRE),49.08947,1.48232,19:05:00,2024-04-02
202400043436,17:45,Plein jour,75,75120,2,3,1,1.0,RUE DES PYRENEES,48.873787,2.388318,17:45:00,2024-02-20
202400043437,19:00,Plein jour,60,60040,1,1,1,7.0,rd152,49.424779,2.589769,19:00:00,2024-05-10
202400043438,23:40,Nuit sans éclairage,84,84099,1,1,1,2.0,5828 Route de Gordes,43.866752,5.11803,23:40:00,2024-08-18
202400043439,13:15,Plein jour,29,29232,2,6,8,1.0,Rond-Point de Kermoysan,47.98694,-4.12749,13:15:00,2024-03-16
202400043440,20:10,Plein jour,80,80523,1,1,1,3.0,D329,49.974558,2.695282,20:10:00,2024-05-10
202400043441,18:05,Plein jour,27,27554,2,6,1,3.0,ROUEN (AVENUE DE),49.11239,1.45029,18:05:00,2024-04-01
202400043442,19:25,,75,75120,2,3,8,6.0,RUE LEON FRAPIE,48.873322,2.410305,19:25:00,2024-02-22
202400043443,15:25,Plein jour,2A,2A200,1,1,1,7.0,D69,41.9869286,9.18795182,15:25:00,2024-05-10
202400043444,20:30,,85,85109,1,6,1,2.0,RD755,46.889073,-1.036148,20:30:00,2024-08-23
202400043445,02:30,,27,27701,2,1,1,3.0,PARC (CH. DU) FALAISES A LACS,49.26847,1.21513,02:30:00,2024-04-02
202400043446,00:06,,75,75116,2,5,1,3.0,AVENUE D IENA,48.867964,2.295908,00:06:00,2024-02-23
202400043447,17:40,Plein jour,01,01002,1,1,1,6.0,D63,45.986123,5.430079,17:40:00,2024-05-08
202400043448,17:30,Plein jour,27,27229,2,1,2,6.0,CALVAIRE (RUE DU),49.00734,1.15112,17:30:00,2024-04-02
202400043449,08:25,Plein jour,36,36200,1,1,1,7.0,Unknown,46.61611843,1.5405066,08:25:00,2024-08-24
202400043450,15:00,Plein jour,974,97422,1,1,1,6.0,Rue du Paille En Queue,-21.304549,55.534108,15:00:00,2024-05-10
202400043451,01:45,,75,75111,2,3,2,3.0,RUE DU FAUBOURG SAINT ANTOINE,48.851593,2.374861,01:45:00,2024-02-22
202400043452,01:45,Nuit sans éclairage,62,62289,1,1,2,6.0,D138,50.44641539,1.78342053,01:45:00,2024-08-24
202400043453,16:15,Plein jour,987,98736,2,6,1,3.0,CHARLES DE GAULLE (AV),-17.52805,-149.5481,16:15:00,2024-07-15
202400043454,13:00,Plein jour,972,97210,1,9,1,1.0,N6,14.579077,-60.863936,13:00:00,2024-05-10
202400043455,17:20,Plein jour,25,25056,2,6,1,6.0,MAROT RUE CLEMENT,47.21924,5.95605,17:20:00,2024-04-02
202400043456,19:40,,94,94046,2,3,8,6.0,Avenue Gambetta / Rue de Bordeaux,48.80982,2.45003,19:40:00,2024-02-23
202400043457,08:30,Plein jour,25,25056,2,1,2,6.0,KENNEDY  BOULEVARD J.F.,47.23513,5.98465,08:30:00,2024-04-02
202400043458,14:45,Plein jour,62,62165,1,1,1,6.0,D254,50.7054489,1.8274777,14:45:00,2024-08-05
202400043459,09:10,Plein jour,12,12169,2,3,1,3.0,22 Avenue de Rodez,44.199047,2.343319,09:10:00,2024-05-08
202400043460,20:40,,974,97411,2,2,1,3.0,NONGE (AVENUE EUDOXIE),-20.89631149,55.49200952,20:40:00,2024-07-16
202400043461,19:15,,94,94046,2,2,1,3.0,Rue de Joinville / Rue Condorcet,48.81047,2.45272,19:15:00,2024-02-23
202400043462,19:56,Plein jour,17,17300,2,6,1,3.0,CARNOT   AVENUE,46.164614,-1.181807,19:56:00,2024-04-02
202400043463,16:35,Plein jour,19,19019,1,1,1,3.0,carcanne,44.969018,1.843579,16:35:00,2024-08-23
202400043464,16:50,Crépuscule,974,97411,1,1,1,2.0,JAURES (BOULEVARD JEAN),-20.90255,55.50154,16:50:00,2024-07-16
202400043465,10:55,Plein jour,29,29235,1,1,1,4.0,N165,48.39111959,-4.40173093,10:55:00,2024-05-10
202400043466,09:29,Plein jour,94,94028,2,1,2,5.0,Rue du Général Sarrail,48.793153,2.452214,09:29:00,2024-02-22
202400043467,11:45,Plein jour,14,14118,2,2,1,3.0,Boulevard Henri Becquerel,49.210976,-0.36323,11:45:00,2024-04-01
202400043468,19:10,Crépuscule,973,97302,2,6,1,3.0,Unknown,4.93331183,-52.30959642,19:10:00,2024-07-16
202400043469,09:00,Plein jour,59,59107,2,1,8,3.0,43 Rue Auguste Coolen,51.071491,2.527762,09:00:00,2024-05-09
202400043470,11:00,Plein jour,56,56094,1,1,3,3.0,Lieu Dit Lumelen,47.749885,-3.270578,11:00:00,2024-08-24
202400043471,21:00,,13,13203,2,9,1,1.0,CAMILLE PELLETAN (AVENUE),43.30596618,5.37336389,21:00:00,2024-04-02
202400043472,18:28,,94,94059,2,3,2,6.0,avenue maurice berteaux / avenue georges foureau,48.81200163,2.56727931,18:28:00,2024-02-23
202400043473,17:47,Plein jour,65,65104,1,1,1,6.0,D632,43.252033,0.134647,17:47:00,2024-05-09
202400043474,16:40,Plein jour,972,97213,1,1,1,2.0,AUTOROUTE A1,14.61764,-61.02512,16:40:00,2024-07-16
202400043475,18:30,Plein jour,51,51287,2,1,1,2.0,Route de Fismes,49.085391,3.941844,18:30:00,2024-05-09
202400043476,08:35,Plein jour,972,97209,2,9,2,6.0,CARLOS FINLAY (RUE),14.61145,-61.07452,08:35:00,2024-07-15
202400043477,10:10,Plein jour,13,13215,2,1,1,2.0,DE SAINT LOUIS AU ROVE (chemin),43.35,5.35,10:10:00,2024-04-02
202400043478,18:02,Crépuscule,92,92073,2,9,8,6.0,BLUM (QUAI LEON),48.8650803,2.22684968,18:02:00,2024-02-23
202400043479,10:10,Plein jour,69,69169,1,1,1,4.0,Route du Pilon,45.97972976,4.39244758,10:10:00,2024-08-24
202400043480,17:30,Plein jour,13,13201,2,1,1,3.0,FLAMMARION (BOULEVARD)     1 A 65,43.3,5.4,17:30:00,2024-04-01
202400043481,01:05,,69,69382,2,1,1,1.0,Quai Maréchal Joffre,45.75214,4.82435,01:05:00,2024-07-17
202400043482,02:50,,92,92073,2,1,1,6.0,PEPINIERE (ALLEE DE LA),48.86747313,2.21185005,02:50:00,2024-02-23
202400043483,18:35,Crépuscule,69,69063,2,6,1,2.0,Quai de la Jonchère,45.81484534,4.84616967,18:35:00,2024-08-20
202400043484,21:50,Crépuscule,69,69382,2,3,1,2.0,Pont de l'Université,45.753,4.83411,21:50:00,2024-07-15
202400043485,15:15,Plein jour,81,81146,1,2,1,5.0,Route de Souel,44.038553,2.007344,15:15:00,2024-05-09
202400043486,12:40,Plein jour,92,92063,2,1,1,3.0,HOPITAL STELL (BOULEVARD DE L'),48.87949407,2.18580918,12:40:00,2024-02-23
202400043487,13:05,Plein jour,971,97120,2,1,1,6.0,RASPAIL,16.23019,-61.53129,13:05:00,2024-04-14
202400043488,22:05,Nuit sans éclairage,46,46267,1,1,1,6.0,2855 route de septfons,44.622961,1.458097,22:05:00,2024-08-23
202400043489,17:50,Plein jour,13,13063,2,1,1,2.0,HUIT MAI 1945 AVENUE DU,43.59237,5.004,17:50:00,2024-04-01
202400043490,08:00,Plein jour,971,97120,2,2,2,6.0,PAUL LACAVE,16.24352,-61.53256,08:00:00,2024-07-16
202400043491,16:45,Plein jour,13,13028,1,1,1,1.0,CD 559 (CHEMIN DEPARTEMENTAL°,43.20648,5.5857,16:45:00,2024-04-01
202400043492,19:26,Crépuscule,92,92050,2,9,1,4.0,PONS NOEL RUE,48.90428952,2.21966945,19:26:00,2024-02-22
202400043493,21:15,Nuit sans éclairage,68,68152,2,3,1,3.0,Route d'Altkirch,47.665402,7.26531,21:15:00,2024-08-23
202400043494,19:22,Crépuscule,2A,2A004,2,6,1,3.0,ROSSINI PASCAL BD,41.91631,8.73137,19:22:00,2024-07-16
202400043495,18:00,Plein jour,13,13005,2,1,1,3.0,RN 8,43.28508,5.59147,18:00:00,2024-04-02
202400043496,18:45,,92,92048,2,1,2,6.0,VILLACOUBLAY (AVENUE DE),48.78331,2.23004,18:45:00,2024-02-22
202400043497,11:30,Plein jour,84,84031,2,1,1,6.0,COUBERTIN AVENUE PIERRE DE,44.03449,5.05794,11:30:00,2024-07-16
202400043498,10:25,Plein jour,92,92023,2,1,1,3.0,BOURCILLIERE (RUE DE LA),48.7809855,2.2353512,10:25:00,2024-02-23
202400043499,14:30,Plein jour,12,12100,2,9,1,3.0,RUE FRANÇOIS MITTERAND,44.54011,2.30703,14:30:00,2024-03-28
202400043500,18:45,Plein jour,39,39421,1,1,1,1.0,Unknown,46.707941,5.579939,18:45:00,2024-08-22
202400043501,16:10,Plein jour,59,59238,2,1,1,1.0,Route d'Hergnies,50.50790429,3.48888874,16:10:00,2024-02-24
202400043502,16:39,Plein jour,11,11069,1,9,1,1.0,ROCADE NORD - RD 6113,43.23316,2.35849,16:39:00,2024-04-01
202400043503,11:10,Plein jour,84,84031,2,6,1,7.0,SAINT ROCH AVENUE,44.06835,5.05241,11:10:00,2024-07-16
202400043504,19:00,Crépuscule,37,37040,2,1,2,6.0,Route Principale,47.10117825,0.40270078,19:00:00,2024-02-23
202400043505,20:17,Plein jour,44,44169,1,1,1,2.0,Unknown,47.228964,-1.410794,20:17:00,2024-08-23
202400043506,11:45,Plein jour,06,06027,2,1,1,1.0,Promenade de l'Hippodrome,43.647282,7.148124,11:45:00,2024-04-01
202400043507,19:15,Plein jour,30,30011,2,1,1,7.0,Avenue de Verdun,43.95818,4.7743,19:15:00,2024-07-16
202400043508,14:55,Plein jour,01,01004,2,4,8,3.0,Avenue de Verdun,45.961185,5.355272,14:55:00,2024-02-23
202400043509,13:20,Plein jour,44,44127,2,1,1,7.0,42 Rue de nantes,47.017036,-1.435851,13:20:00,2024-08-24
202400043510,17:50,Plein jour,30,30351,1,1,1,1.0,Avenue de Rheimbach,43.98021,4.7853,17:50:00,2024-07-16
202400043511,19:45,,06,06155,2,2,1,3.0,Rue Sicard,43.57787,7.05432,19:45:00,2024-04-02
202400043512,07:45,Crépuscule,28,28041,1,1,8,6.0,autoroute oceane - A11 - PK 081+050,48.303579,1.29688,07:45:00,2024-02-24
202400043513,12:34,Plein jour,75,75120,2,1,1,3.0,BD PERIPHERIQUE EXTERIEUR,48.870563,2.413456,12:34:00,2024-04-01
202400043514,17:15,Plein jour,84,84007,2,3,1,3.0,LYON (route de ),43.9502,4.82252,17:15:00,2024-07-16
202400043515,17:50,Plein jour,44,44131,1,1,7,6.0,Unknown,47.09949219,-1.992155,17:50:00,2024-08-21
202400043516,10:25,Plein jour,75,75120,2,1,1,6.0,PASSAGE GAMBETTA,48.873293,2.401289,10:25:00,2024-04-02
202400043517,17:35,Plein jour,51,51136,1,3,2,3.0,Rue de la Fontinette,49.094778,3.755093,17:35:00,2024-02-23
202400043518,12:40,Plein jour,84,84007,2,9,1,3.0,OULLE (Boulevard de l'),43.94964,4.80178,12:40:00,2024-07-16
202400043519,01:00,,83,83137,2,1,1,6.0,RIVIERE (QUAI COMMANDANT),43.13992,5.90996,01:00:00,2024-07-16
202400043520,18:50,,30,30334,2,1,1,1.0,26-28 Avenue de la Gare,44.011232,4.413087,18:50:00,2024-02-21
202400043521,08:15,Crépuscule,29,29025,1,4,2,2.0,D7,48.15087194,-4.14407239,08:15:00,2024-08-23
202400043522,12:15,Plein jour,51,51529,1,1,1,6.0,RD 980,49.29171114,4.28117505,12:15:00,2024-02-23
202400043523,11:30,Plein jour,84,84005,1,1,1,5.0,Route de Montbrun les Bains,44.133058,5.425186,11:30:00,2024-08-24
202400043524,03:34,Nuit sans éclairage,79,79299,1,1,1,2.0,Unknown,46.895789,-0.192862,03:34:00,2024-02-24
202400043525,16:15,Plein jour,83,83137,2,3,1,3.0,STRASBOURG (BD DE ),43.12486,5.93274,16:15:00,2024-07-15
202400043526,02:30,Nuit sans éclairage,65,65317,1,1,4,6.0,Unknown,42.810247,0.427067,02:30:00,2024-02-24
202400043527,17:45,Plein jour,83,83009,2,1,1,6.0,LIBERATION (AVENUE DE LA),43.13822584,5.76345563,17:45:00,2024-07-09
202400043528,17:15,Plein jour,75,75115,2,2,3,3.0,RUE LOUIS ARMAND,48.833443,2.277029,17:15:00,2024-04-02
202400043529,15:30,Plein jour,09,09265,2,1,1,3.0,Avenue des Pyrénées,43.09003,1.627108,15:30:00,2024-08-23
202400043530,08:30,Plein jour,83,83123,2,1,1,6.0,ESTIENNE D'ORVES (BD),43.11603537,5.80664456,08:30:00,2024-07-15
202400043531,16:00,Plein jour,49,49200,1,1,3,7.0,Les Guerrières,47.540955,-0.66411,16:00:00,2024-02-23
202400043532,08:10,Plein jour,75,75115,2,2,1,6.0,RUE DE LA CONVENTION,48.84313,2.283516,08:10:00,2024-04-02
202400043533,18:10,Plein jour,60,60064,2,1,1,1.0,Rue Marcel Rinn,49.412835,3.008523,18:10:00,2024-08-23
202400043534,08:15,Plein jour,12,12257,1,1,2,6.0,Les Cazalous,44.550876,2.020776,08:15:00,2024-02-24
202400043535,18:10,Plein jour,80,80489,2,1,1,2.0,Avenue Henri Barbusse,49.8748,2.34886,18:10:00,2024-07-15
202400043536,17:50,Plein jour,75,75114,2,3,1,3.0,RUE DIDOT,48.82876,2.316581,17:50:00,2024-04-01
202400043537,19:00,Plein jour,60,60155,1,1,1,6.0,D929,49.268137,2.350847,19:00:00,2024-08-23
202400043538,17:50,Crépuscule,12,12208,2,3,7,6.0,Rue Gaston Delure,43.958328,2.885284,17:50:00,2024-02-24
202400043539,11:50,Plein jour,64,64180,1,1,1,6.0,24 Route de Garlin,43.559462,-0.231288,11:50:00,2024-08-24
202400043540,18:55,Plein jour,78,78140,2,1,1,2.0,EUROPE (AVENUE DE L'),48.967879,1.921909,18:55:00,2024-07-16
202400043541,16:45,Plein jour,75,75111,2,3,8,3.0,RUE PETION,48.859769,2.380709,16:45:00,2024-04-02
202400043542,15:35,Plein jour,34,34268,1,1,1,1.0,Route de Rabieux,43.709032,3.438082,15:35:00,2024-02-23
202400043543,19:45,Plein jour,77,77390,2,1,1,6.0,AV JEAN MONNET,48.78887,2.63966,19:45:00,2024-07-16