Num_Acc,hrmn,lum,dep,com,agg,int,atm,col,adr,lat,long,heure,date
202400043544,14:33,Plein jour,43,43111,1,1,1,1.0,Bargettes,44.87713602,3.84689709,14:33:00,2024-08-24
202400043545,14:19,Plein jour,75,75110,2,4,1,5.0,BOULEVARD DE MAGENTA,48.869141,2.36228,14:19:00,2024-04-02
202400043546,13:55,Plein jour,44,44139,1,2,2,6.0,2 le Clos Pabois,47.457442,-1.923267,13:55:00,2024-02-24
202400043547,14:15,Plein jour,10,10209,2,7,1,3.0,Route du Lac,48.254145,4.272233,14:15:00,2024-08-23
202400043548,16:20,Plein jour,77,77284,2,1,2,6.0,ROOSEVELT (AV.DU PDT),48.957087,2.89894,16:20:00,2024-07-15
202400043549,16:44,Plein jour,75,75107,2,2,2,3.0,QUAI BRANLY,48.860551,2.295617,16:44:00,2024-04-02
202400043550,15:35,Plein jour,16,16086,1,1,1,7.0,Unknown,45.864717,0.802624,15:35:00,2024-08-23
202400043551,07:00,Crépuscule,44,44198,1,1,2,1.0,Unknown,47.120735,-1.531128,07:00:00,2024-02-24
202400043552,19:30,Plein jour,77,77186,1,2,1,3.0,D301,48.376578,2.739534,19:30:00,2024-07-16
202400043553,12:00,Plein jour,94,94073,2,1,1,2.0,Avenue du Général de Gaulle,48.76849,2.37015,12:00:00,2024-04-02
202400043554,15:15,Plein jour,01,01295,2,2,1,3.0,Grande Rue,46.127735,4.816926,15:15:00,2024-02-23
202400043555,14:38,Plein jour,04,04108,2,1,1,1.0,Avenue de la Haute Provence,44.04626534,6.03303993,14:38:00,2024-08-23
202400043556,12:35,Plein jour,73,73065,2,3,1,6.0,Rue Commandant Bulle,45.60136,5.91286,12:35:00,2024-07-05
202400043557,16:00,Plein jour,93,93070,2,1,1,2.0,Avenue Gabriel Péri,48.90528103,2.3315767,16:00:00,2024-04-02
202400043558,18:15,Crépuscule,54,54449,2,1,2,6.0,3 Route des Vosges,48.571261,6.477787,18:15:00,2024-02-23
202400043559,19:00,Plein jour,04,04094,1,9,1,2.0,Route Départementale 4,43.752489,5.804531,19:00:00,2024-08-22
202400043560,17:50,Plein jour,72,72181,2,3,1,6.0,GLONNIERES (BD) N° PAIRS,47.97139,0.21375,17:50:00,2024-07-15
202400043561,07:17,Plein jour,93,93005,2,3,1,6.0,Rue Charles Dordain / Avenue Anatole France,48.93368,2.49361,07:17:00,2024-04-02
202400043562,06:15,Nuit sans éclairage,50,50569,1,1,2,5.0,Route de la Carriere,49.074948,-1.329238,06:15:00,2024-02-24
202400043563,09:30,Plein jour,85,85050,1,1,1,1.0,saint-hubert,46.531908,-1.351098,09:30:00,2024-08-24
202400043564,09:55,Plein jour,67,67482,2,1,1,6.0,RHIN TORTU (RUE DU),48.542588,7.75849,09:55:00,2024-07-16
202400043565,09:05,Plein jour,50,50589,1,1,7,6.0,D200,48.591824,-1.447728,09:05:00,2024-02-23
202400043566,19:30,Plein jour,93,93006,2,1,1,3.0,Avenue Gambetta,48.8704554,2.41698593,19:30:00,2024-04-01
202400043567,20:00,Plein jour,69,69290,1,1,1,4.0,Rocade Est,45.72005,4.97229,20:00:00,2024-06-06
202400043568,11:30,Plein jour,64,64445,2,1,1,3.0,PYRENEES DES,43.29380681,-0.36497891,11:30:00,2024-07-16
202400043569,07:50,Plein jour,27,27210,1,3,1,3.0,D613 PK52+750,49.130622,0.813222,07:50:00,2024-08-23
202400043570,08:25,Plein jour,33,33550,1,1,1,6.0,Unknown,44.77977,-0.574927,08:25:00,2024-06-15
202400043571,18:40,,10,10262,2,2,2,3.0,D971,48.039,4.4156,18:40:00,2024-02-23
202400043572,09:45,Plein jour,92,92064,2,1,1,3.0,MARCEL DASSAULT,48.8545989,2.22270155,09:45:00,2024-04-02
202400043573,23:30,Nuit sans éclairage,17,17325,1,1,1,7.0,Route de Port Maubert,45.421814,-0.714422,23:30:00,2024-08-23
202400043574,07:15,Plein jour,64,64445,2,2,1,7.0,RESISTANCE,43.3024,-0.37555,07:15:00,2024-07-16
202400043575,07:15,Crépuscule,23,23131,1,1,1,6.0,pk 4 D941,45.894966,2.459071,07:15:00,2024-08-24
202400043576,05:25,,33,33249,1,1,1,2.0,Unknown,44.88448,-0.51682,05:25:00,2024-06-15
202400043577,21:45,Nuit sans éclairage,23,23102,1,1,2,6.0,3 Folbeix,46.272691,2.045764,21:45:00,2024-02-23
202400043578,17:50,Plein jour,92,92063,2,3,2,3.0,VERSAILLES (AVENUE DE),48.86386252,2.16579768,17:50:00,2024-04-02
202400043579,23:50,,64,64348,1,3,1,6.0,REBEQUE DE,43.31694553,-0.42354494,23:50:00,2024-07-15
202400043580,00:26,Nuit sans éclairage,91,91179,1,1,1,6.0,AUTOROUTE A6,48.57066352,2.46972148,00:26:00,2024-06-15
202400043581,10:30,Plein jour,24,24282,1,1,1,3.0,Unknown,44.74112472,0.58948517,10:30:00,2024-08-24
202400043582,03:40,Nuit sans éclairage,78,78646,1,1,1,6.0,RN12 INT,48.782325,2.161858,03:40:00,2024-06-15
202400043583,15:35,Plein jour,92,92050,2,1,1,3.0,LIBERTE AVENUE DE LA,48.88862386,2.20906806,15:35:00,2024-04-02
202400043584,07:45,Plein jour,40,40152,1,1,4,4.0,A63 - PK 101.900,43.987504,-1.043658,07:45:00,2024-02-24
202400043585,14:15,Plein jour,64,64445,2,3,1,3.0,NITOT,43.29625,-0.35352,14:15:00,2024-07-14
202400043586,19:30,Plein jour,05,05162,1,1,1,6.0,A51,44.44010701,6.02901935,19:30:00,2024-08-23
202400043587,16:25,Plein jour,95,95572,1,1,1,3.0,N184,49.03791744,2.12330895,16:25:00,2024-06-14
202400043588,18:10,Plein jour,92,92040,2,1,1,6.0,DOCTEUR LOMBARD (DU),48.82046356,2.25068879,18:10:00,2024-04-01
202400043589,19:15,Plein jour,64,64125,2,1,1,3.0,PLATEAU (AVENUE DU),43.44511,-1.5838,19:15:00,2024-07-15
202400043590,17:45,Plein jour,92,92036,1,1,1,1.0,AUTOROUTE A15,48.94364712,2.28775617,17:45:00,2024-06-14
202400043591,03:50,Nuit sans éclairage,49,49007,1,9,1,1.0,"A11, PK 261.450, sens PARIS-NANTES",47.492037,-0.531034,03:50:00,2024-02-24
202400043592,09:40,Plein jour,92,92025,2,1,1,1.0,GABRIEL PERI (RUE),48.91723327,2.23626646,09:40:00,2024-04-02
202400043593,14:30,Plein jour,973,97305,1,1,1,5.0,322 RN1,4.927431,-52.393016,14:30:00,2024-08-23
202400043594,17:40,Plein jour,95,95500,1,1,2,2.0,A15,49.03827684,2.08827086,17:40:00,2024-06-14
202400043595,06:52,Plein jour,64,64122,2,2,1,3.0,Unknown,43.480287,-1.546605,06:52:00,2024-07-15
202400043596,17:25,Plein jour,92,92024,2,1,2,6.0,GENERAL LECLERC (BD DU) DE (61 A 9),48.90218,2.31419,17:25:00,2024-04-02
202400043597,18:50,Nuit sans éclairage,17,17299,1,1,2,4.0,A837,45.965358,-0.971593,18:50:00,2024-01-26
202400043598,10:30,Plein jour,971,97125,1,1,1,3.0,Belle Allée,16.257084,-61.308603,10:30:00,2024-08-24
202400043599,12:05,Plein jour,62,62464,2,1,1,3.0,D947,50.49232,2.80924,12:05:00,2024-06-27
202400043600,19:25,Plein jour,93,93078,1,1,1,4.0,A104,48.96165006,2.5451386,19:25:00,2024-06-14
202400043601,18:25,Nuit sans éclairage,60,60142,1,9,2,1.0,La Chapelle-en-Serval,49.12182825,2.53314257,18:25:00,2024-02-24
202400043602,09:40,Plein jour,84,84078,1,1,1,6.0,RN7,44.22642,4.713929,09:40:00,2024-08-24
202400043603,12:30,Plein jour,92,92019,2,3,1,3.0,DIVISION LECLERC (AVENUE DE LA),48.76552586,2.26033205,12:30:00,2024-04-02
202400043604,23:08,Nuit sans éclairage,28,28026,1,1,1,6.0,PK 52+500 Autoroute A10 vers PARIS,48.309973,1.86244,23:08:00,2024-02-23
202400043605,22:50,,62,62193,2,1,1,2.0,Rue d’Asfeld,50.95936,1.83291,22:50:00,2024-07-15
202400043606,14:35,Plein jour,13,13096,1,9,1,3.0,D570,43.469366,4.41453,14:35:00,2024-08-24
202400043607,12:10,Plein jour,92,92012,2,1,1,6.0,PARCHAMP (RUE DU) 1/7 - 2/6,48.84690135,2.23483872,12:10:00,2024-04-02
202400043608,07:00,Plein jour,987,98724,1,1,1,6.0,district de TEFARERII,-16.75110892,-150.99614739,07:00:00,2024-02-23
202400043609,07:00,Plein jour,21,21021,1,1,1,1.0,D961,47.339019,5.235597,07:00:00,2024-08-24
202400043610,15:05,Plein jour,93,93007,1,1,1,4.0,A1,48.94674096,2.44241883,15:05:00,2024-06-14
202400043611,13:00,Plein jour,68,68292,1,1,1,1.0,D431,47.90987353,7.05032956,13:00:00,2024-08-24
202400043612,07:02,Plein jour,974,97408,1,9,1,3.0,149 CD NORD 41,-20.928209,55.360644,07:02:00,2024-02-23
202400043613,23:45,,61,61001,2,2,1,6.0,D438,48.427314,0.093059,23:45:00,2024-07-13
202400043614,10:45,Plein jour,95,95042,1,1,1,7.0,N104,49.0573232,2.29626596,10:45:00,2024-06-14
202400043615,17:42,Plein jour,92,92004,2,1,2,4.0,DOCTEUR DERVAUX  ( QUAI DU ),48.90394407,2.2853803,17:42:00,2024-04-02
202400043616,17:40,Plein jour,68,68370,1,1,1,1.0,D5biii,48.007503,6.972805,17:40:00,2024-08-23
202400043617,17:10,Plein jour,45,45212,1,1,2,7.0,D117 PR 4 + 373,47.906404,2.789648,17:10:00,2024-02-23
202400043618,09:30,Plein jour,92,92004,2,9,1,3.0,DOCTEUR DERVAUX  ( QUAI DU ),48.91059796,2.29676682,09:30:00,2024-04-02
202400043619,06:50,Plein jour,77,77169,1,1,1,4.0,A4.Y,48.832553,2.597018,06:50:00,2024-06-15
202400043620,16:45,Nuit sans éclairage,09,09209,2,1,1,6.0,Audinac les Bains,43.006193,1.181996,16:45:00,2024-04-02
202400043621,18:30,Plein jour,60,60057,2,1,1,2.0,Rue du Moulin de Bracheux,49.4279,2.1177,18:30:00,2024-07-16
202400043622,17:20,Plein jour,78,78296,1,1,6,6.0,Route de Brueil,49.01289,1.783336,17:20:00,2024-02-22
202400043623,13:50,Plein jour,68,68329,1,1,1,4.0,D417,48.069118,7.04854,13:50:00,2024-08-24
202400043624,17:30,Plein jour,77,77121,1,1,1,2.0,A104,48.838514,2.664469,17:30:00,2024-06-14
202400043625,16:40,Plein jour,59,59599,2,1,2,6.0,Rue du Château,50.722628,3.165644,16:40:00,2024-07-15
202400043626,01:01,Nuit sans éclairage,95,95504,1,1,3,3.0,A16,49.10957559,2.25623667,01:01:00,2024-03-30
202400043627,22:40,Nuit sans éclairage,67,67052,1,1,1,7.0,D35,48.466541,7.43282,22:40:00,2024-08-23
202400043628,09:10,Plein jour,26,26124,1,1,1,4.0,Unknown,44.827782,4.860635,09:10:00,2024-02-21
202400043629,20:22,Nuit avec éclairage,19,19005,1,2,2,3.0,Rue des Sorbiers,45.225583,1.42635,20:22:00,2024-03-26
202400043630,00:03,Nuit sans éclairage,03,03235,1,1,1,6.0,Départementale 60,46.266447,3.539089,00:03:00,2024-08-24
202400043631,20:25,Plein jour,59,59375,2,1,1,6.0,ORCHIES CD 957 (ROUTE D'),50.41136,3.27333,20:25:00,2024-07-15
202400043632,16:00,Plein jour,68,68019,1,4,1,3.0,D468,48.095627,7.533424,16:00:00,2024-04-03
202400043633,18:10,Crépuscule,38,38146,1,3,1,3.0,pk 999 D140e,45.701436,5.289375,18:10:00,2024-02-23
202400043634,06:41,Plein jour,987,98735,2,4,1,3.0,DUMONT D'URVILLE (RUE QTIER VILLIERME),-17.54226,-149.56743,06:41:00,2024-06-13
202400043635,18:40,Plein jour,73,73061,1,1,1,1.0,D118,45.69829977,6.40892615,18:40:00,2024-08-23
202400043636,15:43,Plein jour,56,56260,2,1,1,7.0,Boulevard des Îles,47.65189,-2.78751,15:43:00,2024-06-22
202400043637,08:30,Plein jour,46,46197,1,1,1,2.0,RD 820,44.371907,1.452341,08:30:00,2024-04-03
202400043638,20:50,Crépuscule,73,73081,1,1,1,7.0,D59 Villaret rouge,45.688811,6.11071,20:50:00,2024-08-23
202400043639,16:00,Plein jour,974,97411,2,1,1,2.0,LANCASTEL (BOULEVARD),-20.87683,55.45585,16:00:00,2024-06-14
202400043640,17:25,Plein jour,46,46010,1,1,1,6.0,pk 35 D911,44.447361,1.526998,17:25:00,2024-04-02
202400043641,13:00,Plein jour,01,01330,2,2,1,3.0,Carrefour du 2 fevrier 1944,45.996686,5.664176,13:00:00,2024-02-23
202400043642,11:51,Plein jour,54,54395,2,2,1,6.0,Rue Jeanne d'Arc,48.67967,6.17609,11:51:00,2024-07-15
202400043643,08:40,Plein jour,974,97409,2,3,1,3.0,DU LYCEE(RUE),-20.96361,55.6562,08:40:00,2024-06-14
202400043644,14:30,Plein jour,73,73213,1,2,1,3.0,D1006,45.563653,5.968629,14:30:00,2024-08-24
202400043645,09:56,Plein jour,69,69060,1,1,1,6.0,Route de Claveisolles,46.080241,4.497914,09:56:00,2024-02-20
202400043646,16:32,Plein jour,973,97302,2,1,1,3.0,MADELEINE (ROUTE DE LA),4.91515652,-52.32097077,16:32:00,2024-06-14
202400043647,12:22,Plein jour,38,38545,2,1,1,6.0,4 Avenue d'Argenson,45.056107,5.680661,12:22:00,2024-08-24
202400043648,17:15,Plein jour,31,31499,2,1,1,1.0,615 Route de Toulouse,43.51857971,1.18486623,17:15:00,2024-02-23
202400043649,08:27,Plein jour,54,54280,2,9,1,2.0,Rue de Franchepré,49.22595,6.01549,08:27:00,2024-07-16
202400043650,12:50,Plein jour,973,97302,2,1,2,3.0,MADELEINE (ROUTE DE LA),4.91636798,-52.32140529,12:50:00,2024-06-14
202400043651,19:48,Crépuscule,69,69019,2,2,7,6.0,Rue Maréchal Foch,46.111735,4.734389,19:48:00,2024-08-21
202400043652,20:15,Nuit avec éclairage,22,22093,1,1,2,7.0,Launay,48.540556,-2.590306,20:15:00,2024-02-12
202400043653,08:38,Plein jour,973,97302,2,1,1,3.0,BADUEL (ROUTE DE),4.92826,-52.2931,08:38:00,2024-06-13
202400043654,13:55,Plein jour,69,69204,2,1,1,6.0,Avenue imperatrice eugenie,45.70159424,4.80299735,13:55:00,2024-08-23
202400043655,14:45,Plein jour,51,51525,2,3,1,3.0,GRANDE RUE,48.9163,4.41119,14:45:00,2024-07-16
202400043656,16:15,Plein jour,22,22162,2,6,1,6.0,Place du Goelo,48.77874,-3.04376,16:15:00,2024-02-24
202400043657,07:20,Plein jour,973,97302,2,1,2,3.0,MANDELA  (BOULEVARD),4.93815,-52.32625,07:20:00,2024-06-13
202400043658,21:45,,62,62589,2,1,2,7.0,Rue de la Nation,50.353781,2.694951,21:45:00,2024-02-23
202400043659,16:20,Plein jour,50,50165,2,1,7,2.0,COUTANCES (ROUTE DE),48.84398,-1.58642,16:20:00,2024-07-16
202400043660,12:55,Plein jour,973,97302,2,3,2,3.0,AWARA DENDE,4.93521859,-52.32374614,12:55:00,2024-06-12
202400043661,11:30,Plein jour,17,17184,1,1,1,1.0,RD 733,45.786499,-0.936069,11:30:00,2024-08-24
202400043662,15:15,Plein jour,69,69383,2,2,2,6.0,Rue Vendôme,45.76209,4.8463,15:15:00,2024-06-14
202400043663,10:55,Plein jour,62,62894,1,1,4,5.0,A16,50.76269255,1.63582773,10:55:00,2024-02-23
202400043664,12:30,Plein jour,29,29042,2,1,1,7.0,boulevard Pierre Mendés France,48.24938828,-4.48672263,12:30:00,2024-08-15
202400043665,08:30,Plein jour,69,69383,2,1,2,6.0,Rue Guilloud,45.74863,4.86507,08:30:00,2024-06-14
202400043666,14:16,Plein jour,13,13056,1,1,1,3.0,A55-Sens Martigues vers Marseille,43.40849551,5.03692057,14:16:00,2024-02-23
202400043667,16:20,Plein jour,45,45302,2,1,1,4.0,D557 PR 0 + 960,47.95261,1.85659,16:20:00,2024-07-16
202400043668,20:45,Nuit sans éclairage,02,02189,1,1,2,1.0,Unknown,49.641505,3.842688,20:45:00,2024-08-23
202400043669,07:00,Plein jour,972,97209,2,1,1,6.0,CHATEAUBOEUF (ROUTE DE),14.62039,-61.04349,07:00:00,2024-06-14
202400043670,15:50,Plein jour,13,13005,1,1,2,2.0,A501-sens Marseille vers Pont de l'Etoil,43.28573,5.53448,15:50:00,2024-02-22
202400043671,12:35,Plein jour,45,45234,1,1,1,5.0,10 Route de Concyr,47.81868,1.94439,12:35:00,2024-07-16
202400043672,20:55,,971,97101,1,1,1,6.0,DOTHEMARE,16.26736,-61.51512,20:55:00,2024-06-12
202400043673,20:10,Plein jour,59,59482,1,1,1,2.0,Rue de la Prevote,50.705965,2.99007,20:10:00,2024-08-06
202400043674,16:40,Plein jour,69,69259,1,1,1,4.0,Route Départementale 383 ,45.72285739,4.88901526,16:40:00,2024-02-23
202400043675,22:14,,42,42218,2,2,1,3.0,Rue de Chavassieux,45.44987,4.36477,22:14:00,2024-07-06
202400043676,08:25,Plein jour,2A,2A004,2,1,1,6.0,NAPOLEON COURS AVANT BEVERINI,41.92074,8.73721,08:25:00,2024-06-14
202400043677,16:45,Plein jour,59,59581,1,1,1,6.0,27 Rue de la Lys,50.668736,2.777781,16:45:00,2024-08-11
202400043678,18:05,Crépuscule,42,42218,1,1,1,2.0,A72,45.46075,4.40362,18:05:00,2024-02-21
202400043679,19:40,Nuit sans éclairage,94,94021,1,1,2,2.0,A6B,48.76474098,2.34214782,19:40:00,2024-02-23
202400043680,19:00,Plein jour,91,91425,2,1,8,6.0,RTE D ORLEANS RN 20,48.65161,2.27272,19:00:00,2024-06-14
202400043681,07:15,Plein jour,13,13215,1,1,1,2.0,A507 sens Aubagne- Marseille,43.34385,5.37546,07:15:00,2024-08-23
202400043682,22:40,Nuit sans éclairage,92,92063,1,1,1,6.0,A86,48.87110971,2.1563673,22:40:00,2024-02-22
202400043683,20:38,Crépuscule,91,91377,2,3,2,3.0,RUE ANDRE CHENIER,48.73733,2.27611,20:38:00,2024-06-14
202400043684,15:30,Plein jour,83,83144,1,1,1,2.0,A57,43.14345194,6.01305769,15:30:00,2024-08-23
202400043685,08:40,Plein jour,38,38053,1,1,1,2.0,D 1006,45.59695,5.24012,08:40:00,2024-07-16
202400043686,18:57,Nuit sans éclairage,78,78431,1,1,3,4.0,A13,48.94336,1.950783,18:57:00,2024-02-22
202400043687,20:20,Plein jour,91,91432,2,1,2,1.0,RUE AUGUSTE RENOIR,48.69246,2.3395,20:20:00,2024-06-14
202400043688,15:30,Plein jour,37,37233,2,1,1,7.0,VATEL (AVENUE),47.37845,0.73612,15:30:00,2024-07-15
202400043689,18:55,Plein jour,91,91589,2,1,1,3.0,RUE CHATEAUBRIAND,48.6779,2.35694,18:55:00,2024-06-14
202400043690,17:40,Plein jour,35,35238,2,1,1,1.0,DESGREES (BD PAUL HUTIN),48.09267,-1.64071,17:40:00,2024-07-16
202400043691,10:25,Plein jour,78,78007,1,1,2,4.0,A13W,48.89649,2.006601,10:25:00,2024-02-22
202400043692,11:35,Plein jour,91,91479,2,1,1,3.0,AV DE VERDUN,48.70598,2.35999,11:35:00,2024-06-14
202400043693,12:50,Plein jour,35,35115,2,6,1,7.0,FEUTERIES (RUE DES),48.35203,-1.19626,12:50:00,2024-07-15
202400043694,17:30,Plein jour,33,33080,1,1,1,4.0,Unknown,44.751707,-0.542215,17:30:00,2024-08-23
202400043695,08:05,Plein jour,92,92025,1,1,2,2.0,A86,48.93484607,2.25934803,08:05:00,2024-02-22
202400043696,15:15,Plein jour,34,34172,2,1,1,3.0,CASTELLE (RUE DE LA),43.57665,3.86795,15:15:00,2024-07-16
202400043697,17:25,Plein jour,33,33397,1,1,1,2.0,Unknown,44.914534,-0.479922,17:25:00,2024-08-21
202400043698,17:33,Plein jour,87,87113,2,3,1,5.0,MOULIN (AVENUE JEAN),45.86015,1.31694,17:33:00,2024-06-13
202400043699,00:20,Nuit sans éclairage,92,92036,1,1,2,6.0,A86,48.93440758,2.27028113,00:20:00,2024-02-22
202400043700,23:00,Nuit avec éclairage,83,83009,2,1,1,6.0,MARIVAUX (RUE),43.13842496,5.74305421,23:00:00,2024-06-14
202400043701,14:03,Plein jour,94,94038,1,1,1,2.0,A6A,48.78917015,2.34448652,14:03:00,2024-08-23
202400043702,04:30,,29,29039,2,1,1,6.0,Rue de Kerose,47.87558624,-3.89238445,04:30:00,2024-07-15
202400043703,13:00,Plein jour,95,95572,1,1,1,4.0,N184,49.03627205,2.11997706,13:00:00,2024-02-23
202400043704,17:45,Plein jour,93,93005,1,1,1,2.0,AUTOROUTE A3,48.95088858,2.47455129,17:45:00,2024-08-22
202400043705,17:05,Plein jour,82,82121,1,2,1,3.0,chemin de ceinture,44.03379,1.42423,17:05:00,2024-06-12
202400043706,08:20,Plein jour,95,95582,1,1,8,2.0,A115,48.97979022,2.24098209,08:20:00,2024-02-23
202400043707,22:30,,29,29019,2,2,1,2.0,rue de Quimper,48.401453,-4.456362,22:30:00,2024-07-15
202400043708,17:05,Plein jour,93,93005,1,1,1,2.0,AUTOROUTE A3,48.95088858,2.47455129,17:05:00,2024-08-22
202400043709,15:30,Plein jour,81,81004,2,2,1,3.0,KENNEDY (AV PRESIDENT),43.9180348,2.1535306,15:30:00,2024-06-11
202400043710,07:40,Crépuscule,77,77121,1,1,1,6.0,A4,48.83198,2.67348,07:40:00,2024-02-23
202400043711,13:50,Plein jour,29,29019,2,2,1,3.0,5 rue Albert Louppe,48.403052,-4.468634,13:50:00,2024-07-15
202400043712,07:40,Plein jour,93,93066,1,1,1,3.0,AUTOROUTE A1,48.91623043,2.35752085,07:40:00,2024-08-21
202400043713,00:45,,75,75120,2,1,3,3.0,BD PERIPHERIQUE INTERIEUR,48.864257,2.413279,00:45:00,2024-02-22
202400043714,18:10,Plein jour,80,80164,1,1,1,1.0,CORBIE (RUE DE),49.90368,2.37561,18:10:00,2024-06-14
202400043715,17:05,Plein jour,27,27681,2,1,1,6.0,DEVOS (BOULEVARD JULIEN),49.086354,1.47446,17:05:00,2024-07-16
202400043716,18:36,Plein jour,94,94065,1,1,1,3.0,A86,48.75366521,2.36811193,18:36:00,2024-08-21
202400043717,15:10,Plein jour,80,80674,2,1,1,1.0,Avenue de la Défense Passive,49.90979,2.32876,15:10:00,2024-06-13
202400043718,21:48,Nuit sans éclairage,75,75106,2,3,2,6.0,RUE DE RENNES,48.853176,2.332586,21:48:00,2024-02-21
202400043719,17:50,Plein jour,26,26362,2,1,1,3.0,Rue Faventines,44.92573,4.90229,17:50:00,2024-07-15
202400043720,15:00,Plein jour,78,78440,2,4,1,1.0,PONT DE CLAIX (RUE DU),48.992249,1.902331,15:00:00,2024-06-13
202400043721,07:00,Plein jour,987,98735,2,1,1,3.0,DESTREMEAU (RUE ),-17.54585,-149.57815,07:00:00,2024-08-22
202400043722,16:35,Plein jour,75,75120,2,3,3,6.0,RUE LOUIS LUMIERE,48.863491,2.410714,16:35:00,2024-02-22
202400043723,14:50,Plein jour,25,25462,2,2,1,3.0,MORTEAU DE (DU 0 AU 30),46.910875,6.357222,14:50:00,2024-07-15
202400043724,12:15,Plein jour,75,75120,2,2,3,6.0,RUE DU CAPITAINE FERBER,48.865204,2.405042,12:15:00,2024-02-22
202400043725,17:41,Plein jour,78,78208,2,1,1,3.0,MALRAUX (BOULEVARD ANDRE),48.778055,1.957267,17:41:00,2024-06-14
202400043726,18:20,Crépuscule,974,97416,2,1,1,3.0,LORION(RUE LUC),-21.33906,55.46956,18:20:00,2024-08-22
202400043727,22:00,,75,75120,2,3,3,6.0,BOULEVARD DAVOUT,48.851197,2.410817,22:00:00,2024-02-21
202400043728,20:45,Plein jour,25,25056,2,2,2,2.0,CORVEE RUE DE LA,47.257453,6.041925,20:45:00,2024-07-16
202400043729,14:00,Plein jour,75,75119,2,1,2,7.0,RUE D AUBERVILLIERS,48.893556,2.369861,14:00:00,2024-02-22
202400043730,20:00,Crépuscule,77,77384,2,9,1,3.0,RUE DENIS PAPIN,48.61455,2.60731,20:00:00,2024-06-13
202400043731,17:30,Plein jour,974,97416,2,3,1,3.0,FOUR A CHAUX(RUE DU),-21.34263,55.47582,17:30:00,2024-08-21
202400043732,12:05,Plein jour,21,21054,2,6,1,3.0,Route de Savigny,47.03185,4.84104,12:05:00,2024-07-16
202400043733,09:45,Plein jour,75,75118,2,3,2,1.0,BOULEVARD BARBES,48.88556501,2.3495611,09:45:00,2024-02-22
202400043734,16:30,Plein jour,75,75117,2,1,3,6.0,BOULEVARD DU FORT DE VAUX,48.893605,2.303561,16:30:00,2024-02-22
202400043735,18:50,Plein jour,77,77268,2,1,1,6.0,RUE DE LA CLE DES CHAMPS,48.86706,2.81207,18:50:00,2024-06-14
202400043736,14:20,Plein jour,974,97411,2,3,1,3.0,MANES (RUE EDOUARD),-20.89561,55.49493,14:20:00,2024-08-21
202400043737,14:20,Plein jour,19,19272,2,1,2,6.0,Albert de la Pradel (Av),45.28054936,1.76896781,14:20:00,2024-07-15
202400043738,18:45,,75,75117,2,2,2,6.0,BOULEVARD MALESHERBES,48.885261,2.307246,18:45:00,2024-02-21
202400043739,20:35,Nuit sans éclairage,973,97302,2,6,1,3.0,MADELEINE (ROUTE DE LA),4.92489,-52.32419,20:35:00,2024-08-21
202400043740,16:20,Plein jour,77,77449,2,2,1,3.0,BD LA MERIDIENNE,48.85089,2.78688,16:20:00,2024-06-14
202400043741,22:25,,17,17300,2,2,1,3.0,CASSARD   RUE,46.166419,-1.175552,22:25:00,2024-07-16
202400043742,18:50,,75,75112,2,2,2,6.0,RUE CANNEBIERE,48.837776,2.397302,18:50:00,2024-02-22
202400043743,01:50,Nuit avec éclairage,76,76351,2,1,1,6.0,FRISSARD (QUAI),49.49017,0.12704,01:50:00,2024-06-14
202400043744,08:30,Plein jour,69,69388,2,3,1,3.0,Avenue Général Frère,45.72762,4.88367,08:30:00,2024-08-22
202400043745,19:15,Crépuscule,13,13026,1,1,1,3.0,CARRIERE DES CHAUX DE LA TOUR,43.36796,5.17065,19:15:00,2024-02-18
202400043746,14:28,Plein jour,75,75108,2,2,2,6.0,BOULEVARD DES BATIGNOLLES,48.881974,2.320507,14:28:00,2024-02-22
202400043747,00:15,,76,76351,2,6,1,7.0,CASIMIR DELAVIGNE (QUAI),49.48727,0.11427,00:15:00,2024-06-08
202400043748,14:25,Plein jour,74,74012,2,1,2,6.0,VERDUN (AVENUE DE),46.19038,6.2426,14:25:00,2024-06-14
202400043749,17:45,Plein jour,13,13103,2,1,1,2.0,AVENUE DE L' EUROPE,43.64434849,5.10256824,17:45:00,2024-07-16
202400043750,16:05,Plein jour,94,94016,2,2,2,6.0,Rue des Saussaies / Rue François Rude,48.78791,2.33389,16:05:00,2024-02-21
202400043751,00:25,,69,69382,2,2,1,3.0,Rue Franklin,45.75273,4.82806,00:25:00,2024-08-23
202400043752,20:15,Plein jour,13,13203,2,9,1,1.0,BD FERDINAND DE LESSEPS,43.3202,5.37177,20:15:00,2024-07-16
202400043753,11:00,Plein jour,94,94033,2,2,2,6.0,Boulevard Galliéni / Avenue Rabelais,48.85070009,2.47520591,11:00:00,2024-02-22
202400043754,14:50,Plein jour,72,72181,2,2,2,3.0,CUGNOT NICOLAS (BD),47.9861,0.2252,14:50:00,2024-06-14
202400043755,08:15,Plein jour,69,69389,2,1,1,6.0,76 Rue Marietton,45.7761,4.79928,08:15:00,2024-08-22
202400043756,08:15,Plein jour,13,13212,2,9,1,2.0,HENRI FABRE (RUE),43.30460517,5.41380469,08:15:00,2024-06-27
202400043757,01:15,Nuit sans éclairage,971,97101,1,9,1,6.0,MORNE TORUDU - CHAUVEL (CHEMIN),16.23719,-61.51951,01:15:00,2024-08-22