Num_Acc,hrmn,lum,dep,com,agg,int,atm,col,adr,lat,long,heure,date
202400043758,12:44,Plein jour,93,93066,2,2,2,3.0,Boulevard de la Libération / Route de la Révolte,48.923806,2.342629,12:44:00,2024-02-22
202400043759,11:00,Plein jour,72,72181,2,6,2,3.0,ZAMENHOF DOCTEUR (AV DU),48.01754,0.2185,11:00:00,2024-06-14
202400043760,16:30,Plein jour,13,13212,2,2,1,1.0,ALL DE LA GRANDE BASTIDE CAZAULX,43.29742,5.43712,16:30:00,2024-07-07
202400043761,17:40,Plein jour,72,72181,2,7,1,6.0,DURAND GEORGES (AV) N° IMP 199 AU N° 311,47.9725,0.21695,17:40:00,2024-06-13
202400043762,18:40,Nuit sans éclairage,93,93048,2,2,2,6.0,Rue des Ruffins / Boulevard Théophile Sueur,48.86292,2.46637,18:40:00,2024-02-21
202400043763,14:03,Plein jour,971,97113,1,1,1,2.0,RN4 - SECTION RIVIERA,16.21783,-61.48957,14:03:00,2024-08-07
202400043764,18:05,Crépuscule,94,94080,2,2,3,6.0,Avenue de la République / Rue de la Solidarité,48.85302678,2.43886828,18:05:00,2024-02-21
202400043765,11:15,Plein jour,71,71105,2,1,1,6.0,COUPEE (GRANDE-RUE DE LA),46.30824,4.81207,11:15:00,2024-06-13
202400043766,09:50,Plein jour,13,13210,2,1,1,3.0,ANDRE BARDON (rue),43.282,5.427,09:50:00,2024-07-16
202400043767,14:20,Plein jour,971,97113,1,1,1,7.0,BLANCHARD,16.22289,-61.52326,14:20:00,2024-08-21
202400043768,01:20,,13,13211,2,1,1,1.0,SAINT LOUP (BOULEVARD DE),43.28417954,5.43587535,01:20:00,2024-07-16
202400043769,19:10,,971,97120,2,1,1,6.0,CHANZY (BOULEVARD),16.2444,-61.54147,19:10:00,2024-08-20
202400043770,21:00,,93,93013,2,2,2,6.0,Avenue de la Division Leclerc / Avenue Jean Jaurès,48.93308,2.42383,21:00:00,2024-02-21
202400043771,16:35,Plein jour,69,69259,2,8,1,3.0,Avenue Francis de Pressensé,45.72904712,4.86073451,16:35:00,2024-06-14
202400043772,21:15,,92,92075,2,9,2,6.0,DE GAULLE (AVENUE DU GENERAL),48.81650654,2.27492474,21:15:00,2024-02-21
202400043773,05:30,Crépuscule,13,13047,1,1,1,3.0,TRANSHUMANCE ROND POINT DE LA,43.52738805,4.96156096,05:30:00,2024-07-16
202400043774,17:55,Plein jour,91,91549,2,2,1,3.0,VIRY (RUE DE),48.6443,2.34311,17:55:00,2024-08-22
202400043775,11:50,Plein jour,92,92073,2,3,3,3.0,SELLIER (BOULEVARD HENRI),48.86770285,2.22634926,11:50:00,2024-02-22
202400043776,13:15,Plein jour,13,13001,2,6,1,3.0,GAMBETTA (COURS),43.52361988,5.45546864,13:15:00,2024-07-16
202400043777,15:10,Plein jour,69,69259,2,1,1,1.0,8 Avenue du 8 Mai 1945,45.6929,4.87042,15:10:00,2024-06-14
202400043778,17:30,Crépuscule,92,92062,2,1,2,6.0,GENERAL DE GAULLE (AV) DU 44 AU 106,48.88787232,2.23406553,17:30:00,2024-02-22
202400043779,16:30,Plein jour,91,91103,2,1,1,2.0,RUE DU BOIS DE CHATRES,48.60141,2.29361,16:30:00,2024-08-21
202400043780,08:30,Plein jour,13,13001,1,1,1,3.0,RN 296,43.52986509,5.42829413,08:30:00,2024-07-16
202400043781,15:45,Plein jour,92,92062,2,9,6,3.0,EICHENBERGER (RUE),48.88248256,2.23884237,15:45:00,2024-02-22
202400043782,19:30,Plein jour,69,69096,2,3,1,2.0,Avenue Jacques Chirac,45.60725684,4.77249523,19:30:00,2024-06-14
202400043783,12:15,Plein jour,91,91114,2,2,7,3.0,RTE NATIONALE 6,48.68313,2.49051,12:15:00,2024-08-22
202400043784,17:40,Plein jour,11,11069,2,1,1,6.0,55 Rue Auguste Rodin,43.21506,2.33714,17:40:00,2024-07-15
202400043785,18:45,,92,92048,2,1,3,6.0,CELLE (AVENUE DE),48.7875629,2.2278564,18:45:00,2024-02-21
202400043786,06:01,Nuit sans éclairage,66,66136,1,1,1,2.0,Départementale  617,42.71204143,2.95804739,06:01:00,2024-06-14
202400043787,21:15,,92,92048,2,3,2,6.0,GEORGES MILLANDY (RUE),48.78474729,2.2313363,21:15:00,2024-02-21
202400043788,17:40,Plein jour,08,08105,2,1,8,6.0,Unknown,49.756044,4.718248,17:40:00,2024-07-16
202400043789,16:45,Plein jour,91,91215,2,6,1,1.0,AV DU HUIT MAI 1945,48.69761,2.51907,16:45:00,2024-08-21
202400043790,17:00,Plein jour,66,66136,2,1,1,6.0,Boulevard Félix Mercader,42.69463277,2.88918436,17:00:00,2024-06-14
202400043791,19:05,Plein jour,04,04070,1,1,1,7.0,BARLES (ROUTE DE),44.144,6.2383,19:05:00,2024-07-16
202400043792,08:20,Plein jour,92,92035,2,1,1,6.0,Léon Maurice Nordmann ( rue ),48.90412696,2.24089104,08:20:00,2024-02-20
202400043793,17:41,Plein jour,87,87085,1,1,1,2.0,RN520,45.86165,1.16352,17:41:00,2024-08-21
202400043794,13:10,Plein jour,66,66136,2,1,1,6.0,Boulevard Frédéric Mistral,42.69815879,2.90556461,13:10:00,2024-06-14
202400043795,18:20,,92,92025,2,1,2,6.0,BOURNARD (RUE DU),48.92288923,2.25568128,18:20:00,2024-02-21
202400043796,15:40,Plein jour,75,75113,2,1,1,4.0,BD PERIPHERIQUE INTERIEUR,48.816114,2.362523,15:40:00,2024-07-16
202400043797,00:50,Nuit sans éclairage,39,39481,1,1,1,6.0,Unknown,46.779844,5.929978,00:50:00,2024-02-23
202400043798,08:35,Plein jour,86,86194,2,3,1,2.0,Boulevard des Rocs,46.5924,0.33444,08:35:00,2024-08-20
202400043799,17:20,Plein jour,64,64445,2,3,2,7.0,OLOF PALME,43.33136,-0.35822,17:20:00,2024-06-12
202400043800,11:18,Plein jour,64,64122,2,1,1,7.0,LAHOUZE (AVENUE),43.48043,-1.54552,11:18:00,2024-06-14
202400043801,10:00,Plein jour,86,86194,1,1,1,6.0,Rue du Faubourg Saint Cyprien,46.56864,0.343588,10:00:00,2024-08-22
202400043802,13:30,Plein jour,75,75116,2,1,1,4.0,BD PERIPHERIQUE INTERIEUR ,48.861934,2.2646,13:30:00,2024-07-16
202400043803,20:10,Nuit sans éclairage,56,56139,1,1,1,2.0,La Ville Briend,47.884359,-2.415804,20:10:00,2024-02-15
202400043804,19:14,Plein jour,64,64024,2,1,2,2.0,SAINT PEE (ROUTE DE),43.45711,-1.50358,19:14:00,2024-06-14
202400043805,15:40,Plein jour,86,86162,1,1,3,6.0,D22,46.936838,0.493063,15:40:00,2024-02-22
202400043806,15:30,Plein jour,30,30351,2,2,1,3.0,VERDUN (AVENUE DE),43.96799,4.79894,15:30:00,2024-08-22
202400043807,11:30,Plein jour,75,75115,2,1,1,4.0,BD PERIPHERIQUE INTERIEUR,48.8351111,2.268165,11:30:00,2024-07-16
202400043808,07:00,Crépuscule,64,64024,2,1,1,4.0,BAB (BOULEVARD DU),43.49636,-1.51085,07:00:00,2024-06-14
202400043809,05:20,,06,06149,1,1,2,6.0,M2204b,43.745661,7.314888,05:20:00,2024-02-23
202400043810,20:30,Plein jour,75,75118,2,1,1,2.0,PORTE DE CLIGNANCOURT,48.900787,2.338559,20:30:00,2024-07-15
202400043811,11:15,Plein jour,78,78440,2,3,1,3.0,19 MARS 1962 (RUE DU),48.982035,1.908859,11:15:00,2024-08-22
202400043812,15:50,Plein jour,63,63300,2,1,1,6.0,ZOLA EMILE (AVENUE),45.88194,3.10972,15:50:00,2024-06-14
202400043813,18:30,Crépuscule,974,97414,1,1,2,3.0,RN 1,-21.291874,55.411284,18:30:00,2024-02-22
202400043814,11:20,Plein jour,58,58102,1,1,1,6.0,Route départementale 2,47.377294,3.113488,11:20:00,2024-02-21
202400043815,20:17,Plein jour,78,78423,2,2,1,3.0,CENTRE (AVENUE DU),48.78471,2.04499,20:17:00,2024-08-22
202400043816,14:38,Plein jour,63,63113,2,1,1,3.0,RECLUS (AVENUE ELISEE),45.78233,3.14528,14:38:00,2024-06-14
202400043817,18:05,Plein jour,75,75112,2,1,1,5.0,PORTE DE CHARENTON,48.841353,2.413788,18:05:00,2024-07-15
202400043818,12:40,Plein jour,83,83116,2,3,1,3.0,Chemin de l?Auvière,43.466789,5.883613,12:40:00,2024-01-17
202400043819,17:25,Plein jour,62,62133,2,2,1,1.0,Rue Roger Salengro,50.42108,2.91853,17:25:00,2024-06-06
202400043820,01:47,,75,75106,2,3,1,2.0,QUAI DE CONTI,48.856437,2.339883,01:47:00,2024-07-16
202400043821,10:00,Plein jour,62,62853,2,1,3,7.0,Rue du Centre,50.673312,1.912254,10:00:00,2024-02-23
202400043822,10:20,Plein jour,62,62498,2,3,1,6.0,Rue de la Paix,50.42931,2.82925,10:20:00,2024-06-13
202400043823,14:10,Plein jour,78,78005,1,9,1,3.0,RN 184,48.978775,2.087446,14:10:00,2024-08-22
202400043824,08:40,Plein jour,56,56034,2,3,2,3.0,Rue du Ménec,47.5900645,-3.0849284,08:40:00,2024-02-23
202400043825,20:55,Plein jour,75,75120,2,2,1,6.0,RUE PELLEPORT,48.864666,2.404151,20:55:00,2024-07-15
202400043826,10:50,Plein jour,76,76605,2,1,2,6.0,D75,49.907751,0.959791,10:50:00,2024-02-21
202400043827,12:05,Plein jour,75,75119,2,3,1,6.0,AVENUE SIMON BOLIVAR,48.874981,2.382623,12:05:00,2024-07-16
202400043828,10:10,Plein jour,77,77053,2,1,1,2.0,RUE DE L'INDUSTRIE,48.69851918,2.61216374,10:10:00,2024-08-21
202400043829,12:10,Plein jour,79,79253,1,1,3,7.0,Unknown,46.508295,-0.23876,12:10:00,2024-02-22
202400043830,00:35,Nuit sans éclairage,60,60382,2,2,2,3.0,Rue Louis Barthou,49.42673,2.81701,00:35:00,2024-06-14
202400043831,19:10,Plein jour,77,77111,2,1,1,7.0,RUE PASTEUR,48.88252,2.76588,19:10:00,2024-08-22
202400043832,18:00,Plein jour,75,75119,2,4,1,6.0,BOULEVARD SERURIER,48.89278536,2.3949793,18:00:00,2024-07-15
202400043833,14:05,Plein jour,79,79195,2,3,2,3.0,Unknown,46.952386,-0.590848,14:05:00,2024-02-22
202400043834,07:45,Plein jour,60,60159,2,1,1,6.0,Rue Lavoisier,49.39711,2.79551,07:45:00,2024-06-13
202400043835,12:55,Plein jour,79,79298,1,1,2,7.0,Unknown,46.27958,-0.522065,12:55:00,2024-02-23
202400043836,08:45,Plein jour,75,75117,2,7,1,6.0,Place Paul Léautaud,48.887071,2.297919,08:45:00,2024-07-16
202400043837,18:30,Plein jour,77,77449,2,1,1,1.0,RD 231,48.83,2.80188,18:30:00,2024-08-22
202400043838,15:50,Plein jour,59,59599,2,1,2,3.0,Chaussée Denis Papin,50.72965,3.13871,15:50:00,2024-06-14
202400043839,19:10,Nuit sans éclairage,31,31056,1,1,2,6.0,M924,43.671868,1.359344,19:10:00,2024-02-21
202400043840,14:25,Plein jour,76,76351,2,1,1,6.0,STRASBOURG (BD),49.493055,0.113009,14:25:00,2024-08-21
202400043841,12:30,Plein jour,75,75115,2,1,1,3.0,QUAI D ISSY LES MOULINEAUX,48.836633,2.267662,12:30:00,2024-07-16
202400043842,16:10,Plein jour,59,59512,2,1,2,2.0,Boulevard de Metz,50.70222,3.18301,16:10:00,2024-06-14
202400043843,20:35,Nuit sans éclairage,47,47283,2,3,1,3.0,Avenue Gay -lussac,44.474442,0.941922,20:35:00,2024-02-02
202400043844,10:50,Plein jour,75,75114,2,7,2,6.0,Place Victor et Hélène Basch,48.827929,2.327123,10:50:00,2024-07-16
202400043845,13:30,Plein jour,72,72003,2,1,1,2.0,GAULLE CHARLES DE (AV),47.97196,0.15912,13:30:00,2024-08-21
202400043846,09:30,Plein jour,59,59560,1,1,2,1.0,AVELIN ROUTE D,50.54444,3.06091,09:30:00,2024-06-14
202400043847,22:44,,01,01072,2,1,8,5.0,Avenue du Revermont,46.180679,5.316643,22:44:00,2024-02-21
202400043848,13:40,Plein jour,57,57306,2,1,1,6.0,TOURNEUR (RUE) ,49.3286,6.06422,13:40:00,2024-06-13
202400043849,09:00,Plein jour,67,67482,2,1,1,1.0,BALDNER (RUE),48.56893,7.76237,09:00:00,2024-08-22
202400043850,14:10,Plein jour,75,75102,2,2,1,6.0,BOULEVARD DES CAPUCINES,48.870275,2.330019,14:10:00,2024-07-16
202400043851,15:35,Plein jour,58,58095,2,1,1,3.0,allée marcel merle,46.831539,3.460736,15:35:00,2024-02-23
202400043852,11:48,Plein jour,56,56260,2,6,2,3.0,Boulevard du Général de Monsabert,47.666182,-2.770932,11:48:00,2024-06-14
202400043853,21:25,,64,64348,2,1,1,1.0,PERLIC DU,43.32986,-0.39207,21:25:00,2024-08-21
202400043854,15:41,Plein jour,75,75108,2,2,1,3.0,BOULEVARD HAUSSMANN,48.873791,2.327007,15:41:00,2024-07-15
202400043855,10:50,Plein jour,54,54395,2,1,1,6.0,Rue de l'Armée Patton,48.69218022,6.1685459,10:50:00,2024-06-14
202400043856,07:45,Plein jour,64,64122,2,1,1,2.0,BAB(BOULEVARD),43.48179,-1.54055,07:45:00,2024-08-22
202400043857,15:53,Plein jour,75,75108,2,2,1,7.0,PONT DE L ALMA,48.864116,2.301578,15:53:00,2024-07-15
202400043858,12:20,Plein jour,54,54395,2,2,1,6.0,Boulevard Lobau,48.68683949,6.19522288,12:20:00,2024-06-13
202400043859,00:30,,51,51454,2,1,2,7.0,LUNDY (BOULEVARD),49.2614,4.03052,00:30:00,2024-06-15
202400043860,19:55,Plein jour,64,64102,2,1,1,2.0,Unknown,43.48352,-1.50174,19:55:00,2024-08-20
202400043861,13:00,Plein jour,75,75107,2,2,1,1.0,AVENUE DE VILLARS,48.851757,2.313869,13:00:00,2024-07-16
202400043862,13:15,Plein jour,51,51454,2,1,1,7.0,WITRY (ROUTE DE),49.26754,4.06665,13:15:00,2024-06-14
202400043863,14:05,Plein jour,94,94081,2,9,7,6.0,Avenue Rouget de Lisle,48.77871,2.39545,14:05:00,2024-07-16
202400043864,16:15,Plein jour,62,62215,2,1,1,2.0,D919,50.47228851,2.94085076,16:15:00,2024-08-17
202400043865,13:00,Plein jour,51,51454,2,1,1,6.0,JOLIOT-CURIE (RUE),49.23113,4.00364,13:00:00,2024-06-14
202400043866,09:10,Plein jour,59,59360,2,1,7,6.0,PAINLEVE PAUL RUE,50.60416,3.01223,09:10:00,2024-08-21
202400043867,22:20,,94,94067,2,1,1,3.0,Avenue de Paris,48.84614,2.42116,22:20:00,2024-07-15
202400043868,09:15,Plein jour,51,51454,2,1,1,2.0,LAMBERT (BOULEVARD VICTOR),49.24213,4.04525,09:15:00,2024-06-14
202400043869,23:10,,57,57672,2,1,3,1.0,ALLIES (PONT DES),49.3567584,6.16905928,23:10:00,2024-08-20
202400043870,14:38,Plein jour,94,94068,2,7,1,3.0,Avenue Foch,48.804697,2.48567,14:38:00,2024-07-15
202400043871,08:45,Plein jour,51,51108,2,1,1,1.0,SAINTE MENEHOULD (AVE DE),48.963107,4.376989,08:45:00,2024-06-14
202400043872,13:00,Plein jour,57,57227,2,9,1,2.0,MARIENAU(RUE DE),49.1803,6.8811,13:00:00,2024-08-22
202400043873,13:30,Plein jour,49,49007,2,1,1,6.0,PARMENTIER,47.452,-0.51224,13:30:00,2024-06-14
202400043874,10:20,Plein jour,49,49007,2,1,1,3.0,BEDIER BOULEVARD,47.45213,-0.54302,10:20:00,2024-06-14
202400043875,17:09,Plein jour,50,50129,2,1,1,2.0,ABBAYE (RUE DE L'),49.64622,-1.64135,17:09:00,2024-08-21
202400043876,13:05,Plein jour,94,94068,2,1,1,4.0,Avenue du Bac,48.79478,2.51067,13:05:00,2024-07-14
202400043877,09:30,Plein jour,50,50129,2,1,1,6.0,EST (BOULEVARD DE L'),49.63614,-1.5939,09:30:00,2024-08-21
202400043878,20:00,Plein jour,49,49007,2,1,1,3.0,BEDIER BOULEVARD,47.45185,-0.54485,20:00:00,2024-06-13
202400043879,17:05,Plein jour,49,49328,2,1,1,6.0,POMPIDOU (AVENUE GEORGES),47.264895,-0.099106,17:05:00,2024-08-21
202400043880,18:30,Plein jour,94,94052,2,1,8,5.0,Boulevard de Strasbourg,48.83663,2.47596,18:30:00,2024-07-16
202400043881,09:05,Plein jour,45,45338,2,1,8,1.0,D961 PR 0 + 3311,47.98918,2.6961,09:05:00,2024-06-14
202400043882,08:57,Plein jour,49,49015,1,1,1,7.0,BOUGUELIERES LIEU DIT LES,47.51112,-0.61926,08:57:00,2024-08-22
202400043883,17:05,Plein jour,94,94021,2,1,1,2.0,Av du Pdt Franklin Roosevelt,48.770658,2.363027,17:05:00,2024-07-16
202400043884,22:15,,43,43041,2,6,2,7.0,Avenue de la Gare,45.04507048,3.92603027,22:15:00,2024-06-14
202400043885,08:45,Plein jour,45,45284,2,3,1,2.0,11 Rue de la Gare,47.90929,1.97664,08:45:00,2024-08-22
202400043886,09:30,Plein jour,94,94022,2,1,2,6.0,Avenue du Général Leclerc,48.76202,2.40597,09:30:00,2024-07-16
202400043887,11:45,Plein jour,43,43157,2,3,1,6.0,Boulevard Carnot,45.04699,3.87935,11:45:00,2024-06-14
202400043888,17:10,Plein jour,42,42187,2,1,1,6.0,Place de l'Hotel de Ville,46.03457,4.07328,17:10:00,2024-08-22
202400043889,13:05,Plein jour,94,94017,2,1,1,2.0,Boulevard de Stalingrad,48.82044799,2.50040643,13:05:00,2024-07-16
202400043890,20:17,Plein jour,42,42187,2,1,1,7.0,Rue Albert Thomas,46.04371851,4.07393441,20:17:00,2024-06-14
202400043891,19:40,Plein jour,38,38151,2,1,1,6.0,RUE NORMANDIE-NIEMEN,45.14797,5.72,19:40:00,2024-08-22
202400043892,08:15,Plein jour,37,37233,2,1,1,6.0,LANGEVIN (BOULEVARD PAUL),47.3918,0.73434,08:15:00,2024-08-22
202400043893,17:25,Plein jour,39,39300,2,2,7,3.0,26 Avenue Camille Prost,46.671195,5.568954,17:25:00,2024-02-20
202400043894,12:40,Plein jour,94,94075,2,3,1,2.0,Rue de Mandres,48.71594,2.537332,12:40:00,2024-07-16
202400043895,11:39,Plein jour,38,38563,1,9,1,6.0,VERDIN (MONTEE DU),45.39695,5.56973,11:39:00,2024-06-14
202400043896,16:32,Plein jour,34,34032,2,3,1,6.0,MARNE (AV DE LA),43.33749,3.21542,16:32:00,2024-08-20
202400043897,17:34,Plein jour,94,94075,2,3,1,2.0,Rue de la Bourgogne,48.72137,2.529143,17:34:00,2024-07-15
202400043898,12:50,Plein jour,37,37261,2,2,8,6.0,EUROPE (AVENUE DE L'),47.42353,0.69233,12:50:00,2024-06-14
202400043899,16:30,Plein jour,33,33249,2,6,1,6.0,Unknown,44.87257,-0.52027,16:30:00,2024-08-22
202400043900,17:20,Plein jour,93,93078,2,1,1,2.0,Avenue des Nations,48.97347504,2.50980818,17:20:00,2024-07-16
202400043901,07:40,Plein jour,37,37233,2,1,8,2.0,MOULIN (PONT JEAN),47.38609,0.72835,07:40:00,2024-06-14
202400043902,19:45,Plein jour,33,33032,2,6,1,3.0,Unknown,44.89884,-0.52585,19:45:00,2024-08-21
202400043903,12:00,Plein jour,93,93066,2,1,1,2.0,Avenue du Président Wilson,48.91454176,2.35812783,12:00:00,2024-07-16
202400043904,01:19,,37,37261,2,2,1,3.0,BERANGER (BOULEVARD),47.38951,0.68269,01:19:00,2024-06-14
202400043905,22:20,Nuit sans éclairage,31,31555,2,9,1,2.0,AV LOUIS BAZERQUE,43.57479342,1.39574379,22:20:00,2024-08-20
202400043906,20:50,Crépuscule,93,93051,2,2,1,3.0,Boulevard du Ru de Nesles / Avenue Médéric,48.83034,2.58483,20:50:00,2024-07-16
202400043907,02:50,,31,31555,2,9,1,3.0,RUE DU POLE,43.64738,1.42019,02:50:00,2024-06-14
202400043908,18:05,Plein jour,27,27229,2,1,1,2.0,FOCH (AVENUE DU MARECHAL),49.0234288,1.1347148,18:05:00,2024-08-21
202400043909,20:47,Plein jour,29,29232,2,2,1,3.0,Rue de Kerlerec,48.000155,-4.112198,20:47:00,2024-06-14
202400043910,18:00,Plein jour,26,26198,1,1,1,6.0,Avenue du Meyrol,44.57492,4.74395,18:00:00,2024-08-21
202400043911,11:30,Plein jour,93,93048,2,5,1,2.0,Avenue de la Résistance / Rue Ernest Savart,48.86745,2.43418,11:30:00,2024-07-16
202400043912,18:25,Plein jour,29,29232,2,1,1,3.0,Route de Coray,47.99421057,-4.06948736,18:25:00,2024-06-11
202400043913,16:45,Plein jour,93,93045,2,1,1,1.0,Boulevard Gen Leclerc de Hauteclocqu,48.88092111,2.42475605,16:45:00,2024-07-16
202400043914,18:30,Plein jour,25,25462,2,3,1,3.0,REPUBLIQUE DE LA,46.90227,6.35818,18:30:00,2024-08-22
202400043915,12:20,Plein jour,29,29039,2,1,1,7.0,RD 783,47.89298475,-3.9148788,12:20:00,2024-06-12
202400043916,03:50,,25,25462,2,1,1,6.0,MOULIN PARNET DU,46.907416,6.353183,03:50:00,2024-08-22
202400043917,02:00,Nuit avec éclairage,27,27072,2,2,1,6.0,MOULIN (CHEMIN DU),49.10537,1.53332,02:00:00,2024-06-13
202400043918,08:45,Plein jour,92,92075,2,1,1,6.0,ERNEST LAVAL (RUE),48.82021561,2.29113901,08:45:00,2024-07-15
202400043919,11:07,Plein jour,25,25056,2,5,1,3.0,HELVETIE AVENUE D',47.242758,6.025808,11:07:00,2024-08-22
202400043920,19:15,Plein jour,14,14167,2,2,1,3.0,32 Rue Jean Monnet,49.19128,-0.29582,19:15:00,2024-06-14
202400043921,00:40,,92,92073,2,2,1,7.0,PAGES (RUE),48.87167144,2.23059404,00:40:00,2024-07-16
202400043922,10:43,Plein jour,13,13056,1,3,1,3.0,COURONNE,43.37615,5.06465,10:43:00,2024-08-22
202400043923,16:30,Plein jour,13,13204,2,9,1,6.0,ALEX. FLEMING (BOULEVARD),43.31495391,5.40322958,16:30:00,2024-06-10
202400043924,03:10,,13,13201,2,1,1,1.0,BELGES (QUAI DES),43.29708,5.37436,03:10:00,2024-08-22
202400043925,09:09,Plein jour,92,92072,2,1,1,3.0,GRANDE RUE,48.82373989,2.20884883,09:09:00,2024-07-16
202400043926,08:40,Plein jour,13,13001,2,9,1,6.0,POMPIDOU GEORGES (AVENUE),43.52701041,5.43901494,08:40:00,2024-08-22
202400043927,08:13,Plein jour,92,92063,2,3,1,2.0,FOUILLEUSE (AVENUE DE),48.86167862,2.19855823,08:13:00,2024-07-16
202400043928,15:13,Plein jour,11,11069,2,3,1,3.0,Unknown,43.19231003,2.33645618,15:13:00,2024-08-22
202400043929,13:05,Plein jour,94,94028,2,1,1,6.0,Boulevard John Kennedy,48.781,2.4614,13:05:00,2024-09-27
202400043930,06:40,Crépuscule,13,13215,2,2,1,1.0,LITTORAL (CHEMIN DU),43.31911,5.35872,06:40:00,2024-06-14
202400043931,10:15,Plein jour,11,11069,1,9,1,3.0,RD118,43.18984,2.31412,10:15:00,2024-08-22
202400043932,07:40,Plein jour,13,13098,1,1,1,1.0,PORT DE BOUC ANCIEN ROUTE DE,43.44137,5.02083,07:40:00,2024-06-13
202400043933,15:10,Plein jour,07,07281,1,1,1,7.0,C.D.533,44.93486,4.8224,15:10:00,2024-08-22
202400043934,20:30,Plein jour,10,10387,2,3,1,3.0,Avenue Pierre Brossolette,48.2853,4.078,20:30:00,2024-06-14
202400043935,05:50,Crépuscule,38,38107,1,1,1,2.0,Route de Gerbey,45.463652,4.78865,05:50:00,2024-07-17
202400043936,11:00,Plein jour,06,06069,2,1,7,1.0,92 Boulevard du President Kennedy,43.66699389,6.92868602,11:00:00,2024-08-22
202400043937,10:55,Plein jour,94,94059,2,3,1,3.0,avenue andré rouy,48.82048704,2.55666581,10:55:00,2024-09-27
202400043938,08:00,Plein jour,06,06088,2,1,1,6.0,Voie Pénétrante du Paillon,43.7173,7.28283,08:00:00,2024-06-13
202400043939,16:07,Plein jour,05,05061,2,1,1,2.0,Avenue Bernard Givaudan,44.5397,6.06383,16:07:00,2024-08-17
202400043940,15:55,Plein jour,22,22237,1,1,1,7.0,la chapelette,48.524396,-2.278238,15:55:00,2024-07-16
202400043941,07:20,Plein jour,03,03095,2,2,7,2.0,BICENTENAIRE (BOULEVARD DU),46.14146,3.44927,07:20:00,2024-06-13
202400043942,15:08,Plein jour,05,05061,2,1,1,2.0,Avenue de Provence,44.53968,6.05598,15:08:00,2024-07-25
202400043943,11:40,Plein jour,85,85281,1,2,1,3.0,la chauvière,46.499423,-0.88232,11:40:00,2024-07-17
202400043944,19:00,Plein jour,94,94018,1,1,8,6.0,Pont de Charenton,48.81732,2.41973,19:00:00,2024-09-26
202400043945,01:20,,75,75115,2,1,1,2.0,BD PERIPHERIQUE EXTERIEUR,48.826659,2.29572,01:20:00,2024-06-14
202400043946,13:20,Plein jour,75,75118,2,1,1,2.0,BD PERIPHERIQUE INTERIEUR ,48.900954,2.346667,13:20:00,2024-08-22
202400043947,18:00,Crépuscule,972,97204,1,1,1,6.0,RN2,14.731473,-61.179342,18:00:00,2024-07-16
202400043948,08:50,Plein jour,75,75117,2,1,1,2.0,BOULEVARD PERIPHERIQUE EXTERIEUR OUEST,48.889716,2.297357,08:50:00,2024-06-13
202400043949,17:50,Plein jour,01,01238,2,1,3,6.0,Avenue Lavoisier,45.904706,4.820112,17:50:00,2024-07-06
202400043950,18:40,Plein jour,75,75106,2,3,1,7.0,RUE DE VAUGIRARD,48.849294,2.337329,18:40:00,2024-06-13
202400043951,11:49,Plein jour,75,75114,2,7,1,3.0,PLACE DU VINGT CINQ AOUT 1944,48.823003,2.325458,11:49:00,2024-08-22
202400043952,15:00,Plein jour,94,94075,2,3,3,2.0,Rue Edouard Branly,48.70808619,2.5315268,15:00:00,2024-09-26
202400043953,12:40,Plein jour,75,75118,2,1,1,6.0,RUE DES PORTES BLANCHES,48.891897,2.353261,12:40:00,2024-06-14
202400043954,00:54,Nuit sans éclairage,01,01419,2,1,8,6.0,Rue de Fenières,46.220835,5.964806,00:54:00,2024-07-14
202400043955,20:00,Plein jour,75,75116,2,1,8,6.0,RUE DE SIAM,48.862234,2.274723,20:00:00,2024-06-14
202400043956,16:40,Plein jour,75,75119,2,1,1,6.0,AVENUE DE FLANDRE,48.885121,2.369833,16:40:00,2024-08-22
202400043957,00:05,Nuit sans éclairage,44,44047,1,1,1,6.0,Unknown,47.258961,-1.695971,00:05:00,2024-07-17
202400043958,07:05,Nuit sans éclairage,94,94071,2,3,1,6.0,Route de Bonneuil,48.77136,2.5052,07:05:00,2024-09-25
202400043959,17:15,Plein jour,75,75117,2,3,1,6.0,PLACE TRISTAN BERNARD,48.879377,2.29153,17:15:00,2024-08-21
202400043960,09:25,Plein jour,75,75115,2,3,2,3.0,RUE FALGUIERE,48.837112,2.310661,09:25:00,2024-06-14
202400043961,02:20,,75,75117,2,7,1,7.0,PLACE DE VERDUN,48.878979,2.280483,02:20:00,2024-08-22
202400043962,08:00,Plein jour,21,21559,1,3,1,1.0,D905,47.298972,4.820166,08:00:00,2024-07-17
202400043963,09:52,Plein jour,93,93055,2,1,1,6.0,JEAN LOLIVE (AVENUE)(137/FIN ET 134/FIN),48.89266,2.41036,09:52:00,2024-09-27
202400043964,00:15,Nuit sans éclairage,51,51339,1,1,1,7.0,D2,48.8788,4.415195,00:15:00,2024-07-16
202400043965,20:38,Plein jour,75,75115,2,3,1,6.0,RUE DESNOUETTES,48.83597,2.290463,20:38:00,2024-08-21
202400043966,06:50,Plein jour,56,56079,1,1,1,7.0,La Pyramide,47.938226,-2.486581,06:50:00,2024-07-17
202400043967,21:15,Plein jour,75,75112,2,2,2,6.0,RUE EMILIO CASTELAR,48.849036,2.376008,21:15:00,2024-06-14