Num_Acc,hrmn,lum,dep,com,agg,int,atm,col,adr,lat,long,heure,date
202400043968,22:30,,56,56186,2,1,1,7.0,13 Boulevard du Goviro,47.474114,-3.105922,22:30:00,2024-07-16
202400043969,20:50,,93,93049,2,1,2,6.0,MONTGOMERY (PLACE),48.85228064,2.51491968,20:50:00,2024-09-27
202400043970,17:50,Plein jour,75,75114,2,3,1,3.0,RUE DIDOT,48.82969,2.317985,17:50:00,2024-08-21
202400043971,01:00,Nuit sans éclairage,75,75112,2,3,2,6.0,BOULEVARD DE REUILLY,48.83958008,2.39753544,01:00:00,2024-06-14
202400043972,13:00,Plein jour,56,56258,2,2,1,3.0,Rue de Kervourden,47.577444,-3.030785,13:00:00,2024-07-14
202400043973,02:05,,75,75110,2,1,2,6.0,QUAI DE JEMMAPES,48.876027,2.364895,02:05:00,2024-06-14
202400043974,08:50,Plein jour,93,93047,2,9,1,3.0,GABRIEL PERI  (AVENUE),48.89160366,2.55227838,08:50:00,2024-09-27
202400043975,06:35,Plein jour,75,75112,2,2,1,5.0,BOULEVARD SOULT,48.83583,2.40687,06:35:00,2024-08-22
202400043976,01:40,,2A,2A104,1,1,1,6.0,"T40, plaine saint jean",41.913575,8.848913,01:40:00,2024-07-17
202400043977,17:38,Plein jour,75,75107,2,2,1,3.0,RUE DE L UNIVERSITE,48.860989,2.314959,17:38:00,2024-06-14
202400043978,08:13,Plein jour,75,75110,2,1,1,7.0,RUE DU FAUBOURG SAINT DENIS,48.88072403,2.35781729,08:13:00,2024-08-22
202400043979,16:40,Plein jour,93,93010,2,1,1,6.0,GALLIENI (AV.) DE 98 A 130,48.90584076,2.48083855,16:40:00,2024-09-27
202400043980,10:45,Plein jour,2B,2B343,2,1,1,4.0,Diceppo,42.492289,9.475075,10:45:00,2024-07-14
202400043981,21:20,Nuit avec éclairage,75,75103,2,3,2,7.0,RUE BEAUBOURG,48.863751,2.354884,21:20:00,2024-06-14
202400043982,17:00,Plein jour,75,75108,2,2,1,2.0,AVENUE GEORGE V,48.86842,2.301162,17:00:00,2024-08-21
202400043983,19:15,Crépuscule,93,93008,2,1,2,6.0,ELUARD (AVENUE PAUL),48.90908,2.44359,19:15:00,2024-09-27
202400043984,07:00,Plein jour,63,63066,1,1,1,1.0,Le Bouchet (Buse),45.844926,3.605849,07:00:00,2024-07-17
202400043985,10:03,Plein jour,75,75104,2,2,1,6.0,RUE SAINT MERRI,48.860174,2.350922,10:03:00,2024-06-14
202400043986,12:00,Plein jour,93,93005,2,1,2,6.0,HENRI MATISSE (RUE),48.95595539,2.5015361,12:00:00,2024-09-27
202400043987,17:20,Plein jour,63,63338,2,7,1,6.0,place des équipages,46.164072,2.833523,17:20:00,2024-07-16
202400043988,09:10,Plein jour,75,75107,2,2,1,3.0,RUE DE BELLECHASSE,48.85779,2.322388,09:10:00,2024-08-22
202400043989,20:15,Plein jour,63,63250,1,1,1,6.0,D978,45.59700409,3.15646112,20:15:00,2024-07-17
202400043990,21:55,,92,92050,2,1,2,3.0,18 OCTOBRE 1961 RUE,48.89830809,2.21598016,21:55:00,2024-09-26
202400043991,09:50,Plein jour,75,75103,2,3,1,6.0,RUE DES GRAVILLIERS,48.864819,2.363404,09:50:00,2024-08-22
202400043992,01:05,,92,92049,2,2,1,6.0,BROSSOLETTE AVENUE PIERRE,48.81814027,2.30851851,01:05:00,2024-09-27
202400043993,17:50,Plein jour,75,75102,2,3,1,7.0,BOULEVARD DES ITALIENS,48.871222,2.335962,17:50:00,2024-08-21
202400043994,16:55,Plein jour,92,92012,2,1,1,6.0,ANDRE MORIZET (AVENUE) 1/47 - 2/52,48.83397575,2.24294856,16:55:00,2024-09-27
202400043995,19:15,Plein jour,94,94080,2,1,1,3.0,Avenue de Paris,48.84616,2.42205,19:15:00,2024-08-22
202400043996,17:45,Plein jour,94,94065,2,1,1,6.0,Rue Notre-dame,48.74855,2.35104,17:45:00,2024-08-22
202400043997,11:45,Plein jour,92,92012,2,1,8,6.0,REINE (ROUTE DE LA) 82/FIN - 107TER/FIN,48.84022259,2.23402485,11:45:00,2024-09-26
202400043998,22:50,,75,75101,2,2,1,3.0,BOULEVARD DE SEBASTOPOL,48.861981,2.350177,22:50:00,2024-06-13
202400043999,10:20,Plein jour,93,93005,2,1,1,2.0,Route de Mitry,48.94602795,2.51030356,10:20:00,2024-08-22
202400044000,16:30,Plein jour,38,38160,1,2,1,3.0,Montee de Chez Voisin,45.485769,4.969347,16:30:00,2024-09-27
202400044001,15:46,Plein jour,75,75103,2,2,1,6.0,RUE BEAUBOURG,48.864261,2.355157,15:46:00,2024-06-12
202400044002,12:15,Plein jour,973,97362,2,1,1,7.0,rue prosper AIATE,3.81394322,-54.14770281,12:15:00,2024-09-28
202400044003,11:28,Plein jour,93,93077,2,2,1,2.0,Avenue du Raincy / Rue Rene et Pierre Charton,48.88570487,2.50814795,11:28:00,2024-08-22
202400044004,14:00,Plein jour,93,93010,2,1,1,1.0,Route de Villemomble,48.89361283,2.47993109,14:00:00,2024-08-22
202400044005,21:20,Nuit sans éclairage,02,02370,1,1,2,7.0,Unknown,49.965639,3.19714,21:20:00,2024-09-27
202400044006,03:15,Nuit sans éclairage,71,71589,1,1,2,6.0,D979,46.690222,3.700569,03:15:00,2024-09-28
202400044007,21:06,Plein jour,94,94081,2,3,2,5.0,Rue du Colonel Moll / Rue de l’Argonne,48.79636,2.40444,21:06:00,2024-06-14
202400044008,14:00,Plein jour,93,93008,2,2,1,3.0,Avenue Henri Barbusse,48.91101,2.43284,14:00:00,2024-08-22
202400044009,18:48,Plein jour,76,76624,2,1,1,7.0,2 Rue des Sorbiers,49.874269,1.210458,18:48:00,2024-09-28
202400044010,01:45,,92,92026,2,1,1,2.0,MISSION MARCHAND (COTE PAIR),48.89850858,2.24012414,01:45:00,2024-08-22
202400044011,15:45,Plein jour,94,94016,2,3,1,3.0,Rue des Saussaies / Allee des Lours,48.787124,2.335741,15:45:00,2024-06-13
202400044012,15:30,Plein jour,84,84137,2,1,1,3.0,Route d?Orange,44.238831,5.05083,15:30:00,2024-09-27
202400044013,16:15,Plein jour,92,92025,2,1,1,3.0,PONT DE BEZONS,48.92004,2.22137,16:15:00,2024-08-21
202400044014,08:50,Plein jour,94,94038,2,3,2,1.0,Rue Paul Hochart / Rue de Picardie,48.77579,2.35727,08:50:00,2024-06-14
202400044015,03:00,Nuit sans éclairage,52,52282,1,1,1,7.0,A5 PK216.800 sens Troyes vers Dijon,47.98081753,5.13264267,03:00:00,2024-09-27
202400044016,17:20,Plein jour,37,37216,2,2,1,3.0,route de sainte catherine,47.159468,0.574371,17:20:00,2024-08-22
202400044017,23:00,Nuit sans éclairage,84,84037,1,1,1,6.0,ROUTE D'ORANGE,44.081605,4.831045,23:00:00,2024-09-27
202400044018,02:30,,94,94021,2,6,2,3.0,Avenue Georges Guynemer / Rue du Pont des Halles,48.76059,2.34177,02:30:00,2024-06-14
202400044019,18:45,Plein jour,37,37058,1,1,1,6.0,19 Rue des Gravets,47.253514,0.221234,18:45:00,2024-08-23
202400044020,06:15,Nuit sans éclairage,50,50616,1,1,8,6.0,N175,48.65565,-1.355524,06:15:00,2024-09-28
202400044021,12:40,Plein jour,54,54345,1,1,6,7.0,D112,48.598891,6.259696,12:40:00,2024-08-23
202400044022,05:50,Crépuscule,94,94001,2,2,1,2.0,Avenue Gambetta / Route de Villeneuve,48.72474,2.43035,05:50:00,2024-06-14
202400044023,18:30,Plein jour,86,86001,1,1,1,6.0,Lieu Dit la Gigardeau,46.277004,0.805455,18:30:00,2024-08-23
202400044024,04:00,Nuit sans éclairage,89,89411,1,1,2,3.0,D660,48.210633,3.478911,04:00:00,2024-09-28
202400044025,10:30,Plein jour,43,43080,1,1,1,7.0,Route d'Usson,45.34673802,3.89353864,10:30:00,2024-08-23
202400044026,18:15,Plein jour,94,94022,2,2,1,3.0,Avenue Victor Hugo / Rue d'Alsace-lorraine,48.7687615,2.42071107,18:15:00,2024-06-13
202400044027,16:30,Plein jour,988,98812,1,1,1,6.0,Lieu-dit Karembé,-20.64078,164.34914,16:30:00,2024-08-21
202400044028,15:28,Plein jour,51,51560,1,1,2,4.0,2 Route de Maucreux,48.956982,3.73418,15:28:00,2024-09-26
202400044029,08:15,Plein jour,94,94002,2,1,1,7.0,45 Quai Blanqui,48.80297,2.41355,08:15:00,2024-06-14
202400044030,19:10,Plein jour,57,57469,2,1,1,3.0,Rue de Berthelming,48.857974,6.944776,19:10:00,2024-08-23
202400044031,19:05,Plein jour,56,56140,1,1,1,3.0,Kerrozet,47.902286,-2.809845,19:05:00,2024-09-27
202400044032,09:00,Plein jour,93,93066,2,2,1,2.0,Avenue du Docteur Lamaze / Route de la Courneuve,48.9334,2.37287,09:00:00,2024-06-14
202400044033,17:50,Plein jour,28,28139,1,1,1,6.0,A11,48.315235,1.324529,17:50:00,2024-08-23
202400044034,12:55,Plein jour,11,11441,2,2,1,6.0,Rue du 1er Mai,43.20361,3.074485,12:55:00,2024-09-28
202400044035,11:35,Plein jour,93,93066,2,1,1,2.0,Rue Ambroise Croizat,48.92931,2.3512,11:35:00,2024-06-12
202400044036,23:25,Nuit sans éclairage,11,11068,1,1,6,6.0,Unknown,43.195791,2.543721,23:25:00,2024-09-27
202400044037,01:45,,93,93064,2,1,1,6.0,Avenue du Président John Kennedy,48.87881,2.49023,01:45:00,2024-06-13
202400044038,06:00,Nuit sans éclairage,35,35119,1,3,2,3.0,Lieu Dit L'Euche,48.026675,-1.139256,06:00:00,2024-08-23
202400044039,19:30,Crépuscule,63,63170,1,1,1,6.0,Ballot,45.84300523,2.71127472,19:30:00,2024-09-25
202400044040,19:15,,91,91174,2,6,2,3.0,BD JEAN JAURES,48.61158,2.46166,19:15:00,2024-12-07
202400044041,15:15,Plein jour,01,01109,1,1,1,6.0,D984,46.122551,5.896775,15:15:00,2024-08-23
202400044042,11:15,Plein jour,61,61211,2,1,2,6.0,D976,48.547175,-0.505135,11:15:00,2024-09-27
202400044043,13:38,Plein jour,93,93032,2,1,1,3.0,Avenue Ronsard,48.87457,2.56444,13:38:00,2024-06-14
202400044044,20:20,,83,83137,2,3,6,1.0,MALON (AVE BENOIT),43.123914,5.95385251,20:20:00,2024-12-07
202400044045,13:00,Plein jour,22,22213,1,1,2,4.0,RN176 PK 001+400,48.537004,-1.99157,13:00:00,2024-08-23
202400044046,08:35,Plein jour,93,93027,2,1,1,6.0,Avenue Roger Salengro,48.9331,2.3875,08:35:00,2024-06-14
202400044047,09:10,Plein jour,49,49018,2,3,7,6.0,Rue des Docteurs Thuau,47.537887,-0.103694,09:10:00,2024-09-27
202400044048,11:00,Plein jour,78,78440,2,3,6,3.0,ALBERT THOMAS (RUE),48.978079,1.921221,11:00:00,2024-12-07
202400044049,14:30,Plein jour,42,42242,2,1,1,2.0,9 Rue du Bourg,45.55386418,4.61963274,14:30:00,2024-08-23
202400044050,17:15,Plein jour,93,93014,2,1,1,3.0,Allée Maurice Audin,48.908423,2.538369,17:15:00,2024-06-14
202400044051,14:10,Plein jour,78,78423,2,1,1,2.0,LECLERC (AVENUE DU  GENERAL),48.77386,2.04518,14:10:00,2024-12-07
202400044052,11:50,Plein jour,25,25074,1,1,3,2.0,les fourgs,47.183588,6.703634,11:50:00,2024-09-28
202400044053,14:30,Plein jour,83,83054,1,1,1,1.0,D554,43.157132,6.066899,14:30:00,2024-08-23
202400044054,19:20,,78,78498,2,1,2,6.0,FOCH AV,48.929368,2.049831,19:20:00,2024-12-07
202400044055,07:30,Plein jour,93,93046,2,1,1,3.0,Avenue Aristide Briand,48.91048421,2.51121698,07:30:00,2024-06-14
202400044056,17:20,Plein jour,25,25195,1,1,1,1.0,d673,47.19931,5.869628,17:20:00,2024-09-28
202400044057,05:30,Nuit avec éclairage,62,62880,2,1,1,6.0,D127,50.74516884,1.80192601,05:30:00,2024-08-23
202400044058,08:25,Plein jour,93,93008,2,2,1,3.0,Avenue du Président Salvador Allende / Rue de la Folie,48.901701,2.444324,08:25:00,2024-06-14
202400044059,12:00,Plein jour,51,51285,2,1,1,7.0,chemin,48.748896,4.172691,12:00:00,2024-08-22
202400044060,06:15,Crépuscule,44,44069,1,1,1,6.0,Route de la Madeleine,47.30748837,-2.40737379,06:15:00,2024-08-13
202400044061,11:10,Plein jour,93,93030,2,1,1,6.0,Avenue du 8 Mai 1945,48.95372,2.44277,11:10:00,2024-06-14
202400044062,16:49,Plein jour,76,76259,2,7,1,3.0,LECLERC ( PLACE DU GENERAL),49.75608,0.38075,16:49:00,2024-12-06
202400044063,13:50,Plein jour,51,51569,1,1,1,1.0,D27,49.259508,3.948523,13:50:00,2024-08-21
202400044064,00:40,Nuit sans éclairage,35,35049,1,3,1,6.0,Boulevard de Koh-chang,48.694126,-1.887449,00:40:00,2024-09-28
202400044065,04:45,,73,73065,2,1,1,6.0,D14 LABIAZ (ROUTE DE),45.57528,5.88822,04:45:00,2024-12-07
202400044066,17:20,Plein jour,92,92078,2,8,1,3.0,VERDUN (AVENUE) (IMPAIRS 27 AU 73),48.93560704,2.33328313,17:20:00,2024-06-13
202400044067,16:52,Plein jour,80,80801,1,1,1,1.0,D1029,49.876336,2.911833,16:52:00,2024-08-23
202400044068,11:30,Plein jour,31,31390,2,1,1,6.0,Avenue de Tarbes,43.08585,0.556199,11:30:00,2024-09-24
202400044069,19:45,,72,72181,2,1,1,6.0,Avenue François Mitterrand,48.0025,0.19902,19:45:00,2024-12-07
202400044070,18:10,Plein jour,92,92064,2,9,1,1.0,REPUBLIQUE,48.85132007,2.21311832,18:10:00,2024-06-14
202400044071,21:20,,72,72181,2,1,1,1.0,PASTEUR (RUE),48.00109,0.19126,21:20:00,2024-12-06
202400044072,16:30,Plein jour,54,54078,2,1,1,7.0,Route de Reillon,48.585153,6.746936,16:30:00,2024-09-28
202400044073,23:45,Nuit sans éclairage,65,65054,1,1,1,1.0,D79,43.06192,0.338173,23:45:00,2024-08-22
202400044074,18:48,Plein jour,92,92063,2,1,2,6.0,COLMAR (AVENUE DE),48.88676227,2.17101109,18:48:00,2024-06-14
202400044075,18:10,Nuit avec éclairage,72,72181,2,1,1,2.0,LYAUTEY MARECHAL (AV) N° IMP,48.014,0.222,18:10:00,2024-12-06
202400044076,11:30,Plein jour,11,11439,1,1,1,1.0,D213,43.317536,2.102128,11:30:00,2024-08-22
202400044077,04:00,Nuit sans éclairage,54,54312,1,1,2,7.0,D910 ,48.92621197,6.10206842,04:00:00,2024-09-28
202400044078,18:39,Plein jour,92,92063,2,1,8,2.0,HABY SOMMER (RUE),48.87578812,2.18650603,18:39:00,2024-06-13
202400044079,17:30,,69,69013,1,1,1,2.0,Route Départementale 306,46.02779,4.71955,17:30:00,2024-12-06
202400044080,23:27,Nuit sans éclairage,89,89186,2,1,1,7.0,25 Route de Saint-florentin,47.995684,3.776536,23:27:00,2024-08-22
202400044081,08:50,Plein jour,24,24520,2,6,8,3.0,Rond point D704 Avenue Edmond Rostand Avenue Simone Veil,44.87708803,1.21747613,08:50:00,2024-09-27
202400044082,19:40,Plein jour,92,92049,2,1,2,3.0,REPUBLIQUE AV. N°27 A 105 ET 26 A 178,48.81262593,2.31594479,19:40:00,2024-06-14
202400044083,15:15,Plein jour,61,61190,1,1,1,7.0,D212,48.749539,0.199384,15:15:00,2024-08-22
202400044084,18:00,,69,69290,2,1,1,2.0,Route de Grenoble,45.71644,4.9597,18:00:00,2024-12-07
202400044085,12:15,Plein jour,48,48140,2,1,2,6.0,Avenue de Tatula,44.796458,3.262156,12:15:00,2024-09-27
202400044086,06:00,Crépuscule,55,55523,1,1,1,7.0,D905,49.235436,5.369289,06:00:00,2024-08-23
202400044087,00:17,,92,92020,2,3,2,6.0,PARIS AVENUE DE N°2 A82,48.80623635,2.29221109,00:17:00,2024-06-14
202400044088,20:20,,67,67482,2,3,2,1.0,RHIN (AVENUE DU),48.57156,7.7701,20:20:00,2024-12-07
202400044089,08:30,Plein jour,92,92040,2,1,1,6.0,FRERES VOISIN (BOULEVARD DES),48.82785888,2.271936,08:30:00,2024-06-13
202400044090,21:24,Nuit sans éclairage,44,44131,1,1,1,1.0,Les Grandes Landes,47.104047,-2.046815,21:24:00,2024-08-22
202400044091,21:30,Nuit sans éclairage,52,52155,1,4,2,1.0,route départementale 51,47.838175,5.441365,21:30:00,2024-09-27
202400044092,07:45,Plein jour,29,29287,2,1,1,6.0,Streat Nevez,48.646613,-4.261236,07:45:00,2024-08-15
202400044093,21:10,Plein jour,92,92025,2,3,1,3.0,BEAUSEJOUR (RUE   IMP),48.92439635,2.26419385,21:10:00,2024-06-13
202400044094,15:40,Plein jour,67,67482,2,1,8,1.0,TOUR (RUE DE LA),48.57947,7.71899,15:40:00,2024-12-07
202400044095,17:50,Plein jour,15,15030,1,2,1,3.0,RN 122 ,44.841888,2.231662,17:50:00,2024-08-22
202400044096,04:55,,67,67482,2,1,1,3.0,ROMAINS (ROUTE DES),48.58034,7.7214,04:55:00,2024-12-07
202400044097,11:55,Plein jour,01,01118,1,1,1,7.0,D123,45.951597,5.773659,11:55:00,2024-08-17
202400044098,17:35,Plein jour,13,13025,1,1,6,3.0,"autoroute A8, pk 028.000",43.484812,5.534964,17:35:00,2024-09-28
202400044099,07:45,Plein jour,92,92025,2,2,1,3.0,KLEBER (AV),48.93564005,2.26090997,07:45:00,2024-06-12
202400044100,00:40,,971,97103,1,1,1,6.0,la Jaille,16.25421682,-61.56695366,00:40:00,2024-09-28
202400044101,18:55,Plein jour,54,54121,1,1,1,7.0,D1c,48.52483337,6.3931632,18:55:00,2024-08-22
202400044102,11:40,Plein jour,66,66136,1,1,1,4.0,Départementale 914,42.67164832,2.89275706,11:40:00,2024-12-07
202400044103,09:00,Plein jour,92,92002,2,3,2,3.0,FRANCOIS SOMMER (AVENUE),48.7336462,2.30774564,09:00:00,2024-06-14
202400044104,10:45,Plein jour,05,05012,2,4,1,3.0,ZA Entraigues,44.549356,6.484769,10:45:00,2024-08-23
202400044105,18:20,Plein jour,60,60142,2,4,8,3.0,RD 924A,49.134087,2.532005,18:20:00,2024-09-27
202400044106,11:10,Plein jour,70,70275,1,1,1,7.0,RD 474,47.527185,6.011699,11:10:00,2024-11-02
202400044107,08:25,Plein jour,976,97610,2,1,1,6.0,rn1 boulemande,-12.746972,45.227323,08:25:00,2024-06-15
202400044108,00:37,Nuit sans éclairage,988,98811,1,1,1,6.0,Route de Panaki - RM20,-21.002411,164.862986,00:37:00,2024-09-29
202400044109,18:00,,66,66136,1,1,1,4.0,RD 914,42.6729,2.89001,18:00:00,2024-12-06
202400044110,11:30,Plein jour,50,50029,1,3,1,3.0,RD 907,48.600981,-0.840347,11:30:00,2024-08-22
202400044111,20:00,Nuit sans éclairage,26,26144,1,1,1,1.0,Route de Loriol,44.74058,4.904245,20:00:00,2024-11-01
202400044112,21:18,,64,64260,2,9,6,6.0,BEHOBIE (RUE DE),43.34908,-1.76852,21:18:00,2024-12-07
202400044113,02:55,Nuit sans éclairage,80,80151,1,1,2,2.0,D929,49.98124,2.578627,02:55:00,2024-06-15
202400044114,15:20,Plein jour,72,72295,1,1,1,6.0,D238,48.352527,0.354781,15:20:00,2024-10-30
202400044115,13:10,Plein jour,90,90065,1,1,1,1.0,Route du Ballon d?Alsace,47.810247,6.842079,13:10:00,2024-08-23
202400044116,13:05,Plein jour,973,97311,2,3,1,2.0,Rue Thiers,5.49982089,-54.03079391,13:05:00,2024-09-28
202400044117,07:15,Plein jour,62,62552,2,1,1,6.0,D349,50.401604,1.950966,07:15:00,2024-06-12
202400044118,20:25,,62,62510,2,9,2,6.0,Rue François Courtin,50.42321572,2.77740812,20:25:00,2024-12-07
202400044119,10:38,Plein jour,06,06073,1,1,1,7.0,1300 Route Charles Rami,44.194205,7.131243,10:38:00,2024-11-01
202400044120,05:45,Nuit sans éclairage,62,62270,1,1,2,6.0,D301,50.47541121,2.51586731,05:45:00,2024-12-07
202400044121,09:30,Plein jour,34,34058,2,2,1,3.0,Les Vignobles du Château,43.678767,3.992506,09:30:00,2024-09-28
202400044122,14:30,Plein jour,17,17315,1,1,1,1.0,D108,46.135181,-0.990572,14:30:00,2024-06-14
202400044123,13:35,Plein jour,05,05163,1,1,1,7.0,D954,44.48244782,6.31901622,13:35:00,2024-11-02
202400044124,21:01,,61,61001,2,1,2,6.0,65 Avenue de Basingstoke,48.438391,0.096211,21:01:00,2024-12-07
202400044125,11:05,Plein jour,36,36088,2,2,1,3.0,Rue des Alouettes,46.944551,1.984194,11:05:00,2024-08-23
202400044126,17:00,Plein jour,31,31410,2,1,1,1.0,Route de Saint-Loup-Cammas - RD77,43.703432,1.466718,17:00:00,2024-06-06
202400044127,16:40,Plein jour,60,60057,2,1,3,6.0,Boulevard Saint-André,49.43263,2.08992,16:40:00,2024-12-07
202400044128,20:10,Nuit sans éclairage,83,83016,1,1,1,1.0,route départementale dn8,43.231818,5.80613,20:10:00,2024-09-27
202400044129,15:50,Plein jour,21,21016,2,1,1,2.0,Route de Fontaine-française,47.395332,5.195423,15:50:00,2024-08-22
202400044130,16:55,Plein jour,81,81078,1,1,1,6.0,2665 Route de Lavaur,43.665508,1.949666,16:55:00,2024-06-15
202400044131,22:20,Nuit sans éclairage,60,60181,1,1,1,6.0,D932,49.620927,3.028241,22:20:00,2024-11-01
202400044132,14:30,Plein jour,23,23008,2,1,1,6.0,35 Rue Jean Jaurés,45.955594,2.170292,14:30:00,2024-08-23
202400044133,16:20,Plein jour,59,59350,2,3,1,3.0,Rue Bayard,50.619513,3.054292,16:20:00,2024-12-06
202400044134,06:30,Crépuscule,974,97404,1,1,2,2.0,N2001,-21.271204,55.383239,06:30:00,2024-06-15
202400044135,08:30,Plein jour,83,83006,1,1,1,3.0,Route de Rians,43.6009755,5.80286407,08:30:00,2024-09-28
202400044136,23:05,Nuit sans éclairage,87,87018,1,1,1,7.0,RD5 PK14,46.04488,0.996151,23:05:00,2024-08-22
202400044137,16:20,Plein jour,05,05181,1,1,1,6.0,D1091,45.035807,6.367993,16:20:00,2024-09-27
202400044138,18:42,,56,56260,2,1,2,3.0,Rue Francis Decker,47.65728,-2.75494,18:42:00,2024-12-07
202400044139,16:43,Plein jour,79,79338,1,2,1,3.0,Unknown,46.220853,0.12624,16:43:00,2024-06-12
202400044140,17:30,Crépuscule,45,45097,1,2,8,3.0,D35 PR 4 + 386,47.976008,3.00497,17:30:00,2024-11-02
202400044141,07:50,,54,54493,2,1,1,6.0,Rue de Longwy,49.53096,5.82049,07:50:00,2024-12-07
202400044142,16:15,Plein jour,30,30003,1,1,1,2.0,départementale 61,43.580018,4.102278,16:15:00,2024-08-22
202400044143,07:18,Plein jour,26,26010,1,1,1,1.0,645 Route de Châteauneuf,45.25107394,4.92893457,07:18:00,2024-06-06
202400044144,18:30,Nuit sans éclairage,64,64228,1,1,1,7.0,D29,43.388793,-1.019958,18:30:00,2024-11-01
202400044145,18:30,,51,51454,2,1,3,6.0,LAMBERT (BOULEVARD VICTOR),49.243546,4.045611,18:30:00,2024-12-07
202400044146,11:10,Plein jour,30,30003,1,1,1,3.0,D979,43.54931,4.164419,11:10:00,2024-08-22
202400044147,17:05,Plein jour,71,71433,1,2,1,4.0,D985,46.3694249,4.25541312,17:05:00,2024-09-27
202400044148,20:25,Plein jour,72,72058,1,1,2,7.0,lieu dit le grand verger,47.96539347,0.27991019,20:25:00,2024-06-14
202400044149,10:30,Plein jour,07,07201,2,1,1,6.0,9 Route de Pradons,44.4603,4.342754,10:30:00,2024-11-01
202400044150,15:45,Plein jour,57,57195,1,1,6,3.0,D34,49.10799886,7.30006367,15:45:00,2024-09-27
202400044151,10:45,Plein jour,43,43157,2,3,2,6.0,BUREL (RUE),45.04086,3.88722,10:45:00,2024-12-07
202400044152,11:25,Plein jour,30,30117,2,2,1,3.0,Rue de la Rompie,43.691753,4.610806,11:25:00,2024-06-15
202400044153,19:25,Plein jour,48,48128,1,3,1,6.0,intersection D806 et D987,44.773046,3.325982,19:25:00,2024-08-23
202400044154,14:30,Plein jour,07,07343,2,3,1,1.0,Route de la Vernade,44.555433,4.324086,14:30:00,2024-11-02
202400044155,12:00,Plein jour,57,57443,1,1,1,1.0,D52,49.211503,6.126562,12:00:00,2024-09-27
202400044156,13:30,Plein jour,42,42270,1,1,2,6.0,Route des Gorges,45.39703,4.23573,13:30:00,2024-12-07
202400044157,01:25,Nuit sans éclairage,30,30125,1,1,8,3.0,Route de Bouillargues,43.790757,4.43014,01:25:00,2024-06-15
202400044158,19:15,Plein jour,19,19125,1,1,8,7.0,1 Tremoulet,45.260072,2.055752,19:15:00,2024-06-14
202400044159,14:30,Plein jour,53,53040,1,1,1,1.0,D 106 PK 09+200,48.13498093,-1.05219241,14:30:00,2024-11-01
202400044160,19:30,Plein jour,69,69289,1,1,1,3.0,Route d’Heyrieux,45.643988,5.03279,19:30:00,2024-09-19
202400044161,11:10,Plein jour,38,38053,2,2,2,3.0,Rue Edouard Marion,45.5854,5.2709,11:10:00,2024-12-07
202400044162,16:15,Plein jour,21,21399,1,1,1,6.0,D981,47.212805,4.55924,16:15:00,2024-11-01
202400044163,12:10,Plein jour,31,31430,1,1,1,4.0,"A64, PK 193.750",43.10677987,0.60750535,12:10:00,2024-08-22
202400044164,10:50,Plein jour,79,79100,1,2,1,1.0,Unknown,46.337958,-0.549284,10:50:00,2024-06-14
202400044165,17:30,Plein jour,40,40090,1,1,1,6.0,D58,43.65803,-0.811915,17:30:00,2024-11-02
202400044166,09:50,Plein jour,04,04112,1,1,1,2.0,A51,43.80559185,5.81657244,09:50:00,2024-08-23
202400044167,00:45,Nuit sans éclairage,32,32078,1,1,1,7.0,Route de la Pétarde,43.89245,0.667076,00:45:00,2024-06-09
202400044168,17:50,Plein jour,24,24022,1,1,1,1.0,Route des Cygnes,44.84018922,0.78063548,17:50:00,2024-09-27
202400044169,22:45,Nuit sans éclairage,30,30165,1,1,1,7.0,Route de Mons,44.104228,4.154479,22:45:00,2024-11-01
202400044170,16:25,Crépuscule,35,35238,2,3,2,5.0,LIBERTE (BD DE LA),48.10750163,-1.67544991,16:25:00,2024-12-07
202400044171,16:50,Plein jour,47,47159,1,1,1,6.0,D6,44.380897,0.182462,16:50:00,2024-07-28
202400044172,11:50,Plein jour,63,63415,2,1,2,1.0,rue dela croix du salut,45.550422,3.370488,11:50:00,2024-06-14
202400044173,17:00,Plein jour,76,76506,2,1,2,1.0,D915,49.741344,1.303521,17:00:00,2024-09-27
202400044174,12:50,Plein jour,30,30223,1,1,1,3.0,321 Route de Saint-Ambroix,44.215286,4.153122,12:50:00,2024-11-02
202400044175,15:40,Plein jour,67,67033,1,1,1,7.0,A4,48.743816,7.686696,15:40:00,2024-08-23
202400044176,17:10,Crépuscule,35,35238,2,2,2,3.0,POMPIDOU ( BD GEORGES),48.10172,-1.68418,17:10:00,2024-12-07
202400044177,11:12,Plein jour,60,60446,1,1,1,6.0,Route nationale 2,49.132335,2.796782,11:12:00,2024-09-28
202400044178,13:40,Plein jour,55,55222,1,3,1,1.0,D908,49.179978,5.654472,13:40:00,2024-06-15
202400044179,21:00,Nuit sans éclairage,973,97307,1,3,1,3.0,D24 / Avenue felix eboue,4.848182,-52.316085,21:00:00,2024-11-01