Num_Acc,hrmn,lum,dep,com,agg,int,atm,col,adr,lat,long,heure,date
202400044180,18:20,,35,35238,2,2,2,6.0,LECLERC (AVENUE DU GENERAL),48.11399,-1.64807,18:20:00,2024-12-06
202400044181,08:11,Plein jour,45,45067,1,1,1,2.0,A10 PR 104 + 582,47.894169,1.771749,08:11:00,2024-08-23
202400044182,17:55,Plein jour,41,41080,1,6,1,6.0,Rond-point Montparnasse,47.333635,1.186768,17:55:00,2024-06-14
202400044183,09:34,Plein jour,60,60341,2,1,1,4.0,Route de Paris,49.09167712,2.74341917,09:34:00,2024-09-27
202400044184,05:44,Nuit sans éclairage,974,97415,1,1,1,6.0,N1A,-21.055757,55.226973,05:44:00,2024-08-22
202400044185,14:45,Plein jour,68,68240,2,1,1,6.0,9 Rue Principale (Henflingen),47.571467,7.289921,14:45:00,2024-06-13
202400044186,17:30,Crépuscule,34,34129,2,1,1,3.0,MONTOUZERES (AVENUE DES),43.571225,3.891528,17:30:00,2024-11-28
202400044187,19:40,,63,63082,1,1,1,3.0,"Aire des volcans d'Auvergne, A71",46.057807,3.111405,19:40:00,2024-11-01
202400044188,05:45,Crépuscule,68,68374,2,1,2,7.0,180 route de Colmar,48.074451,7.276905,05:45:00,2024-06-15
202400044189,02:02,Nuit avec éclairage,974,97418,1,1,1,6.0,N2,-20.899265,55.522971,02:02:00,2024-08-23
202400044190,09:50,Plein jour,80,80618,2,1,7,3.0,33 Rue des Ecoles,50.173253,1.587836,09:50:00,2024-09-28
202400044191,07:30,,34,34172,2,1,1,2.0,SAINT LAZARE (AVENUE DE),43.62154,3.8876,07:30:00,2024-12-06
202400044192,00:25,Nuit sans éclairage,973,97312,1,1,1,7.0,Piste de Saint-Élie (Chemin),5.384199,-52.993755,00:25:00,2024-08-23
202400044193,21:40,Nuit avec éclairage,973,97309,1,1,1,3.0,Route de la Matourienne,4.881909,-52.292513,21:40:00,2024-11-01
202400044194,23:05,,59,59076,2,1,1,1.0,5 Route de Mons,50.340277,3.97166,23:05:00,2024-09-27
202400044195,11:50,Plein jour,15,15054,1,1,1,6.0,RD 678,45.360808,2.793607,11:50:00,2024-06-15
202400044196,18:00,,33,33063,2,3,2,6.0,Unknown,44.89184,-0.56531,18:00:00,2024-12-07
202400044197,15:25,Plein jour,17,17116,1,1,1,3.0,A10,45.417853,-0.603014,15:25:00,2024-11-02
202400044198,08:39,Plein jour,01,01305,2,3,1,6.0,Rue Andre,46.433413,4.938381,08:39:00,2024-06-15
202400044199,16:50,Crépuscule,31,31555,2,3,3,3.0,AV D ATLANTA,43.62905,1.47638,16:50:00,2024-12-07
202400044200,16:00,Plein jour,13,13214,1,1,1,3.0,A7-Sens Marseille vers Lyon,43.3333,5.37765,16:00:00,2024-09-27
202400044201,04:45,Nuit sans éclairage,68,68301,1,1,1,7.0,A35 pk110.000 sens BALE-MULHOUSE,47.692584,7.44666,04:45:00,2024-11-02
202400044202,18:40,Plein jour,58,58038,1,1,1,3.0,D143,47.430087,3.43819,18:40:00,2024-06-15
202400044203,03:40,Nuit sans éclairage,57,57695,1,1,1,6.0,"Autoroute A4, PK 344.300, sens Strasbourg vers Paris",49.14060225,6.46133346,03:40:00,2024-11-02
202400044204,04:30,,13,13205,2,1,1,1.0,JEAN MOULIN (BOULEVARD),43.28954163,5.40008461,04:30:00,2024-12-07
202400044205,18:00,Plein jour,06,06007,1,1,1,3.0,1688 Route de Saint Jacques,43.6200922,6.9182716,18:00:00,2024-06-14
202400044206,20:28,Nuit sans éclairage,69,69081,1,1,1,5.0,Route de Métropole 6 ,45.77516905,4.78396271,20:28:00,2024-09-26
202400044207,01:12,,13,13206,2,9,1,3.0,PIERRE PUGET (COURS),43.29013158,5.374601,01:12:00,2024-12-07
202400044208,03:05,Nuit avec éclairage,971,97103,2,9,1,3.0,village de Jarry,16.237204,-61.555399,03:05:00,2024-11-02
202400044209,17:50,Plein jour,14,14061,1,1,1,3.0,Route de la Ferronnière (Beaulieu),48.929351,-0.806733,17:50:00,2024-06-05
202400044210,02:10,Nuit sans éclairage,57,57757,1,1,1,6.0,Autoroute A31,49.34771,6.16866,02:10:00,2024-09-26
202400044211,19:25,,13,13063,2,2,1,3.0,ARISTIDE BRIAND BOULEVARD,43.58296,5.0038,19:25:00,2024-12-07
202400044212,09:35,Plein jour,2A,2A247,2,6,1,2.0,#rond point Stabiacciu#,41.577668,9.274714,09:35:00,2024-11-02
202400044213,10:50,Plein jour,14,14578,2,1,1,2.0,34 Rue de la Girotière,49.352596,0.174204,10:50:00,2024-06-15
202400044214,05:15,Nuit sans éclairage,11,11081,1,1,1,6.0,Unknown,43.313209,2.500351,05:15:00,2024-11-02
202400044215,18:45,,13,13063,2,2,1,3.0,PRESIDENT DASSIER RUE,43.58391,4.99771,18:45:00,2024-12-07
202400044216,20:40,Nuit sans éclairage,83,83146,1,1,1,6.0,1866 Route de Varages,43.623836,5.943378,20:40:00,2024-11-01
202400044217,20:20,Plein jour,45,45098,2,2,1,3.0,32 Rue des Maisons Rouges,47.818077,1.756359,20:20:00,2024-05-15
202400044218,16:45,Nuit avec éclairage,03,03185,2,9,8,1.0,FAUCHEROUX ( RUE DES ),46.331081,2.604804,16:45:00,2024-12-06
202400044219,06:56,Crépuscule,57,57764,1,1,3,5.0,Autoroute A.31,49.46365934,6.12158477,06:56:00,2024-09-26
202400044220,18:00,,02,02408,2,1,1,6.0,Unknown,49.55626,3.60374,18:00:00,2024-12-06
202400044221,19:00,Crépuscule,38,38295,1,1,5,1.0,D52c,45.820717,5.345063,19:00:00,2024-11-01
202400044222,19:15,Plein jour,73,73188,1,3,1,3.0,D925,45.617227,6.329466,19:15:00,2024-06-10
202400044223,16:35,Plein jour,73,73270,1,1,1,6.0,D911,45.559204,6.159393,16:35:00,2024-06-15
202400044224,13:30,Plein jour,26,26084,1,1,1,1.0,D 101 PK 11 + 762,45.003515,4.982085,13:30:00,2024-11-02
202400044225,18:15,Plein jour,33,33162,1,1,1,4.0,Unknown,44.87122,-0.64226,18:15:00,2024-09-27
202400044226,12:50,Plein jour,75,75117,2,1,1,4.0,BD PERIPHERIQUE INTERIEUR ,48.888198,2.292365,12:50:00,2024-12-06
202400044227,01:15,Nuit sans éclairage,10,10262,1,1,3,6.0,D671,48.047448,4.392643,01:15:00,2024-06-15
202400044228,16:00,Plein jour,69,69178,1,1,2,6.0,Route de Montbrison,45.693291,4.44221,16:00:00,2024-10-22
202400044229,21:00,Nuit sans éclairage,91,91174,1,1,1,3.0,RN 104,48.62373,2.46827,21:00:00,2024-09-27
202400044230,19:30,Nuit avec éclairage,75,75118,2,1,2,3.0,BD PERIPHERIQUE EXTERIEUR  ,48.900819,2.333069,19:30:00,2024-12-05
202400044231,02:30,Nuit sans éclairage,16,16085,1,1,1,1.0,Unknown,45.83248,0.470052,02:30:00,2024-06-15
202400044232,11:45,Plein jour,79,79049,1,1,5,3.0,Unknown,46.801495,-0.482352,11:45:00,2024-11-02
202400044233,09:35,Plein jour,91,91377,1,1,1,2.0,RN20,48.71758,2.29179,09:35:00,2024-09-27
202400044234,17:15,,75,75106,2,7,1,3.0,BOULEVARD SAINT MICHEL,48.847796,2.341032,17:15:00,2024-12-06
202400044235,12:45,Plein jour,75,75106,2,1,1,6.0,BOULEVARD SAINT MICHEL,48.84978,2.342332,12:45:00,2024-12-06
202400044236,18:58,Nuit sans éclairage,78,78498,1,1,2,6.0,A13,48.903513,2.005133,18:58:00,2024-09-27
202400044237,19:00,Plein jour,21,21505,1,1,1,4.0,Route de Maison Neuve,47.390523,4.31385,19:00:00,2024-06-12
202400044238,20:15,,33,33262,1,5,1,3.0,D2,44.995169,-0.619043,20:15:00,2024-11-01
202400044239,22:30,,75,75119,2,3,1,3.0,RUE MANIN,48.88173,2.381063,22:30:00,2024-12-06
202400044240,16:45,Plein jour,59,59449,2,6,1,7.0,D938,50.472208,3.229433,16:45:00,2024-10-31
202400044241,20:20,Plein jour,40,40310,2,3,1,2.0,Avenue de Galleben,43.756391,-1.330081,20:20:00,2024-06-12
202400044242,17:35,Plein jour,92,92012,1,1,1,5.0,A13,48.84854129,2.22994812,17:35:00,2024-09-26
202400044243,15:20,Plein jour,48,48051,1,1,1,6.0,N106,44.24162157,3.94113775,15:20:00,2024-06-15
202400044244,16:15,Crépuscule,75,75108,2,4,2,3.0,RUE DE CONSTANTINOPLE,48.880639,2.318236,16:15:00,2024-12-07
202400044245,10:35,Plein jour,78,78455,1,1,1,2.0,A13,48.858842,2.051075,10:35:00,2024-11-01
202400044246,21:30,Crépuscule,33,33284,1,1,2,6.0,Unknown,44.626725,-0.88971,21:30:00,2024-06-14
202400044247,13:50,Plein jour,78,78402,1,1,2,6.0,A13,48.965263,1.763501,13:50:00,2024-09-26
202400044248,15:00,Plein jour,95,95572,1,1,1,2.0,A15,49.03361153,2.1043759,15:00:00,2024-11-01
202400044249,12:30,Plein jour,75,75116,2,2,1,1.0,ALLEE DE LONGCHAMP,48.867688,2.250994,12:30:00,2024-12-07
202400044250,17:15,Plein jour,06,06088,1,1,1,2.0,AUTOROUTE A8 PK 186+400 sens nord,43.674468,7.197644,17:15:00,2024-06-14
202400044251,09:00,Plein jour,92,92063,1,1,8,2.0,A86,48.8888888,2.16803002,09:00:00,2024-09-26
202400044252,12:15,Plein jour,93,93013,1,1,1,2.0,AUTOROUTE A1,48.94129741,2.42739109,12:15:00,2024-11-01
202400044253,09:00,Plein jour,75,75116,2,1,1,3.0,RUE DE MAGDEBOURG,48.864404,2.289676,09:00:00,2024-12-07
202400044254,09:45,Plein jour,63,63425,1,1,1,3.0,A75,45.66779499,3.14379138,09:45:00,2024-06-14
202400044255,20:05,,75,75114,2,1,2,6.0,BOULEVARD BRUNE,48.826525,2.310951,20:05:00,2024-12-07
202400044256,08:35,Plein jour,93,93064,1,1,1,3.0,AUTOROUTE A86,48.86927975,2.48237084,08:35:00,2024-11-01
202400044257,07:45,Plein jour,92,92023,1,1,8,2.0,A86 EXT ,48.77619602,2.22827948,07:45:00,2024-09-26
202400044258,15:10,Plein jour,27,27336,1,1,1,6.0,A 13 pk 071.600 direction PARIS,49.07025,1.408594,15:10:00,2024-06-15
202400044259,22:25,Nuit sans éclairage,92,92036,1,1,1,7.0,AUTOROUTE A86,48.9334157,2.32102811,22:25:00,2024-10-31
202400044260,15:46,Nuit avec éclairage,75,75112,2,2,2,1.0,QUAI DE LA RAPEE,48.843431,2.370709,15:46:00,2024-12-07
202400044261,08:00,Plein jour,78,78029,1,1,2,2.0,A13Y,48.967877,1.857992,08:00:00,2024-09-26
202400044262,05:30,Nuit sans éclairage,973,97305,1,1,1,1.0,Route Nationale 1,4.930883,-52.397565,05:30:00,2024-06-15
202400044263,12:00,Plein jour,28,28085,1,6,1,3.0,D823,48.45569,1.52904,12:00:00,2024-07-31
202400044264,11:40,Plein jour,75,75110,2,7,6,3.0,BOULEVARD DE MAGENTA,48.880546,2.352321,11:40:00,2024-12-07
202400044265,18:25,Plein jour,30,30051,2,1,1,1.0,51 Rue du Village,44.219938,3.989247,18:25:00,2024-06-15
202400044266,07:25,Plein jour,974,97411,2,9,1,3.0,OASIS (ROCADE DE L'),-20.89845,55.4658,07:25:00,2024-10-31
202400044267,02:25,,75,75108,2,2,2,3.0,AVENUE MONTAIGNE,48.867061,2.30627,02:25:00,2024-12-07
202400044268,15:17,Plein jour,92,92050,1,1,2,5.0,A86,48.915308,2.22011012,15:17:00,2024-09-25
202400044269,09:30,Plein jour,34,34103,1,3,1,3.0,D128,43.560872,3.410386,09:30:00,2024-06-14
202400044270,14:10,Plein jour,973,97302,2,1,1,2.0,MONTABO (ROUTE DE) 2,4.93959,-52.3013,14:10:00,2024-10-31
202400044271,19:45,Plein jour,34,34182,2,6,1,7.0,Chemin de la Grande Cresse,43.420956,3.407599,19:45:00,2024-06-14
202400044272,13:56,Plein jour,75,75101,2,3,1,3.0,RUE DE RIVOLI,48.862451,2.336277,13:56:00,2024-12-07
202400044273,09:00,Plein jour,93,93008,1,1,8,4.0,AUTOROUTE A86,48.91075544,2.4427709,09:00:00,2024-09-27
202400044274,07:13,Crépuscule,973,97302,2,2,1,3.0,FELIX EBOUE(ROCADE),4.9274,-52.31918,07:13:00,2024-10-31
202400044275,19:30,Plein jour,84,84019,1,1,1,6.0,Route de Saint Restitut,44.30074,4.769955,19:30:00,2024-06-15
202400044276,08:30,Plein jour,75,75104,2,2,1,3.0,RUE DE RIVOLI,48.857533,2.351409,08:30:00,2024-12-06
202400044277,00:10,Nuit sans éclairage,13,13082,1,1,1,1.0,Chemin de la Tuilière,43.665913,5.347033,00:10:00,2024-06-15
202400044278,18:20,Plein jour,93,93007,1,1,2,2.0,AUTOROUTE A3,48.94277535,2.47810334,18:20:00,2024-09-26
202400044279,18:10,Crépuscule,69,69383,2,3,1,3.0,Rue Paul Bert,45.75709,4.85747,18:10:00,2024-10-31
202400044280,07:00,,94,94078,2,1,2,6.0,Rue de Paris,48.73536,2.44694,07:00:00,2024-12-07
202400044281,16:30,Plein jour,13,13014,2,3,1,2.0,"Boulevard Henri Wallon, intersection avec bd Barbusse",43.495503,5.163161,16:30:00,2024-06-14
202400044282,14:17,Plein jour,69,69383,2,2,1,3.0,Rue Saint Isidore,45.75058,4.88295,14:17:00,2024-10-31
202400044283,08:30,Plein jour,93,93066,1,1,1,3.0,AUTOROUTE A1,48.91977,2.35723243,08:30:00,2024-09-26
202400044284,15:25,Crépuscule,94,94003,2,3,8,3.0,Avenue Aristide Briand,48.80575,2.3256,15:25:00,2024-12-07
202400044285,12:45,Plein jour,69,69034,2,1,1,6.0,32 Montée des Soldats,45.79546,4.85865,12:45:00,2024-10-31
202400044286,17:25,,94,94028,2,1,1,6.0,24 Rue des Mèches,48.79229,2.457783,17:25:00,2024-12-06
202400044287,00:15,Nuit sans éclairage,74,74280,1,1,2,2.0,Route des aravis,45.899245,6.348976,00:15:00,2024-06-15
202400044288,19:30,Crépuscule,93,93029,2,1,3,4.0,AUTOROUTE A86,48.91434761,2.43222044,19:30:00,2024-09-25
202400044289,20:50,Nuit sans éclairage,38,38061,1,1,1,2.0,D1075,45.339598,5.615441,20:50:00,2024-06-14
202400044290,15:15,Plein jour,94,94022,2,2,1,3.0,Boulevard de Stalingrad,48.77286611,2.40030563,15:15:00,2024-12-06
202400044291,22:00,,971,97105,2,3,1,3.0,COURS NOLIVOS ( RUE DU),15.99658681,-61.73164666,22:00:00,2024-10-30
202400044292,15:40,Plein jour,94,94002,2,3,1,6.0,Rue Etienne Dolet / Rue de Choisy,48.78971012,2.42572814,15:40:00,2024-12-06
202400044293,05:20,Crépuscule,86,86036,1,1,1,3.0,D39,47.084838,0.061967,05:20:00,2024-06-15
202400044294,18:25,Plein jour,77,77121,1,1,3,6.0,A4,48.83196795,2.6729114,18:25:00,2024-09-27
202400044295,20:05,,2A,2A004,2,1,1,3.0,2 Avenue du Docteur Noel Franchini,41.93401,8.75305,20:05:00,2024-10-31
202400044296,18:08,Crépuscule,93,93064,2,9,3,6.0,LAENNEC (RUE),48.87749536,2.49895579,18:08:00,2024-12-07
202400044297,10:00,Plein jour,2A,2A004,1,1,1,7.0,#Route de St Antoine#,41.93283,8.67728,10:00:00,2024-10-31
202400044298,19:40,Plein jour,35,35221,1,1,3,6.0,RD 84 - PK 163 + 800,47.879124,-1.707494,19:40:00,2024-06-14
202400044299,18:30,Plein jour,94,94079,1,1,2,3.0,A4,48.83525111,2.53871581,18:30:00,2024-09-27
202400044300,16:20,Plein jour,91,91377,2,1,8,6.0,RUE DES CANADIENS,48.73329,2.288,16:20:00,2024-10-30
202400044301,19:35,,93,93014,2,2,1,3.0,CHENE POINTU (ALLEE DU),48.90500943,2.54225546,19:35:00,2024-12-06
202400044302,17:15,Plein jour,27,27469,1,1,1,3.0,RD 6015,49.294089,1.15659,17:15:00,2024-06-08
202400044303,09:45,Plein jour,988,98818,2,1,1,2.0,RUE LEON COURSIN,-22.27567,166.44833,09:45:00,2024-09-26
202400044304,20:20,,93,93007,2,3,1,6.0,"""PIERRE SEMARD (RUE """"COTE IMPAIRS"""")""",48.93557409,2.47568285,20:20:00,2024-12-06
202400044305,14:55,Plein jour,91,91589,2,3,1,3.0,BD ARISTIDE BRIAND,48.68603,2.34893,14:55:00,2024-10-31
202400044306,23:00,Nuit sans éclairage,76,76503,1,2,8,3.0,Route d'Eslettes,49.544464,1.020602,23:00:00,2024-06-14
202400044307,20:05,,92,92078,2,9,2,3.0,GALLIENI (BD) (1 A 79 ET 22 A 102),48.92673,2.32918,20:05:00,2024-12-07
202400044308,12:00,Plein jour,91,91228,2,1,1,2.0,BD DES COQUIBUS,48.622,2.4483,12:00:00,2024-10-31
202400044309,20:00,,69,69387,2,2,2,3.0,Avenue Debourg,45.73079,4.83525,20:00:00,2024-09-26
202400044310,11:41,Plein jour,92,92063,2,1,8,2.0,JONCHERE (CHEMIN DE LA),48.86800346,2.15627231,11:41:00,2024-12-07
202400044311,11:50,Plein jour,80,80302,1,2,1,3.0,D930,49.647372,2.627631,11:50:00,2024-06-15
202400044312,13:50,Plein jour,91,91469,2,3,8,3.0,VAUVERT (ROUTE DE) CD49,48.40443,2.14057,13:50:00,2024-10-31
202400044313,02:20,,92,92051,2,9,1,7.0,GENERAL LECLERC (BOULEVARD DU N° 29 A 65,48.89234038,2.26527706,02:20:00,2024-12-07
202400044314,18:25,,972,97213,1,1,1,6.0,ROUTE DEPARTEMENTALE 15 A,14.63388,-61.0106,18:25:00,2024-09-26
202400044315,08:35,Plein jour,62,62329,1,1,1,1.0,D231,50.82546069,1.7432387,08:35:00,2024-06-15
202400044316,20:20,,92,92025,2,1,1,6.0,CHARLES DE GAULLE (BD),48.91489882,2.22864479,20:20:00,2024-12-06
202400044317,18:17,Plein jour,13,13071,1,1,1,3.0,A7-Sens Lyon vers Marseille,43.4079,5.3273,18:17:00,2024-06-14
202400044318,19:00,Plein jour,87,87085,2,1,1,4.0,MAS-GIGOU (RUE DU),45.86103,1.25778,19:00:00,2024-10-30
202400044319,09:20,Plein jour,971,97107,2,3,1,3.0,PAUL LACAVE ( AVENUE ),16.04274,-61.56502,09:20:00,2024-09-24
202400044320,23:35,,92,92024,2,1,2,1.0,MARTRE (RUE) DE (59 A 109)   (58 A 120),48.90202,2.30709,23:35:00,2024-12-07
202400044321,07:20,Crépuscule,91,91345,2,3,8,6.0,RUE PDT FRANCOIS MITTERRAND,48.69956,2.29619,07:20:00,2024-09-25
202400044322,13:05,Plein jour,87,87114,2,1,1,4.0,CROIX-FINOR (AVENUE),45.83571,1.31689,13:05:00,2024-10-30
202400044323,17:55,Nuit sans éclairage,92,92023,2,1,2,2.0,CLAUDE TREBIGNAUD (AVENUE) BOIS S102,48.79742,2.25293,17:55:00,2024-12-07
202400044324,16:35,Plein jour,91,91589,2,2,2,6.0,AV ROBERT LEUTHREAU,48.69312,2.34579,16:35:00,2024-09-25
202400044325,11:50,Plein jour,92,92019,2,1,1,3.0,VIGNES (GRANDE VOIE DES),48.76596378,2.28604004,11:50:00,2024-12-07
202400044326,10:45,Plein jour,87,87050,2,3,1,3.0,LIMOGES (AVENUE DE),45.87874,1.2383,10:45:00,2024-10-30
202400044327,16:20,Plein jour,91,91174,2,3,3,6.0,RUE PABLO PICASSO,48.61501,2.461137,16:20:00,2024-09-26
202400044328,20:15,,92,92007,2,1,2,6.0,VERDUN (RUE DE) N° PAIRS,48.80180336,2.31610402,20:15:00,2024-12-07
202400044329,10:30,Plein jour,84,84007,2,1,1,4.0,MARSEILLE (ROUTE DE ),43.91005,4.8847,10:30:00,2024-10-31
202400044330,08:26,Plein jour,87,87065,1,3,3,3.0,GROSSE PIERRE ( RUE DE LA  ),45.79251,1.28216,08:26:00,2024-09-26
202400044331,19:45,,60,60493,2,2,3,1.0,Rue de Juvignies,49.53601,2.059789,19:45:00,2024-12-07
202400044332,14:00,Plein jour,84,84007,2,9,1,5.0,DALADIER (PONT),43.95211,4.79782,14:00:00,2024-10-30
202400044333,08:45,Plein jour,84,84035,2,9,1,7.0,DAUDET (RUE ALPHONSE),43.830857,5.028444,08:45:00,2024-09-25
202400044334,18:00,Nuit sans éclairage,18,18257,1,1,1,3.0,Unknown,47.474461,2.829001,18:00:00,2024-12-04
202400044335,12:45,Plein jour,83,83062,1,2,1,3.0,NEOULIERS (CHEMIN DES),43.12367,6.04228,12:45:00,2024-09-26
202400044336,01:25,,80,80021,2,1,1,2.0,ABBEVILLE (RUE D'),49.90987,2.25938,01:25:00,2024-11-01
202400044337,18:20,Nuit sans éclairage,31,31467,2,1,2,1.0,Rue du Huit Mai 1945,43.688172,1.412095,18:20:00,2024-10-28
202400044338,07:40,Plein jour,82,82033,2,1,3,6.0,Place Anne Frank,44.03457,1.11684,07:40:00,2024-09-26
202400044339,12:30,Plein jour,80,80021,2,2,1,3.0,Rue Rembault,49.89587,2.28002,12:30:00,2024-10-30
202400044340,22:00,Nuit avec éclairage,974,97405,2,2,1,1.0,Rue Paul Démange,-21.33789,55.564245,22:00:00,2024-12-06
202400044341,12:45,Plein jour,80,80021,1,1,1,3.0,QUATORZE JUILLET 1789 (AVENUE DU),49.87549,2.28206,12:45:00,2024-09-24
202400044342,15:00,Plein jour,78,78440,2,1,1,6.0,STENDHAL (RUE),48.98049,1.909184,15:00:00,2024-10-31
202400044343,16:00,Plein jour,972,97227,2,1,1,7.0,route nationale 5,14.469214,-60.918041,16:00:00,2024-12-07
202400044344,18:00,Crépuscule,78,78638,1,3,3,3.0,D 922,49.019879,1.958984,18:00:00,2024-09-25
202400044345,17:50,Nuit sans éclairage,60,60618,1,1,2,4.0,D332,49.265816,2.879276,17:50:00,2024-12-07
202400044346,08:05,Plein jour,77,77379,2,1,2,6.0,MARECHAL DE LATTRE DE TASSIGNY (AV DU),48.55814452,3.31517044,08:05:00,2024-09-26
202400044347,00:30,Nuit sans éclairage,50,50487,1,1,2,6.0,A84,48.54179019,-1.34086154,00:30:00,2024-12-07
202400044348,20:00,,77,77243,2,2,1,3.0,D934,48.87757,2.72681,20:00:00,2024-10-31
202400044349,08:40,Plein jour,76,76681,2,3,1,6.0,Rue Hyacinthe Ménage,49.40771,1.09589,08:40:00,2024-09-26
202400044350,17:45,,62,62767,2,2,6,6.0,Boulevard Leon Gambetta,50.37888613,2.33379149,17:45:00,2024-12-07
202400044351,18:45,Plein jour,76,76270,1,1,3,3.0,RD 6382,49.52919,0.14788,18:45:00,2024-09-25
202400044352,10:50,Plein jour,95,95652,2,1,1,6.0,KLEINPETER (RUE),49.12677577,2.37232268,10:50:00,2024-12-07
202400044353,20:15,,72,72181,2,1,8,6.0,ADELET RAYMOND (PLACE),47.96834,0.20542,20:15:00,2024-09-26
202400044354,21:00,,76,76351,2,3,2,1.0,TURGOT,49.49449,0.12599,21:00:00,2024-10-29
202400044355,15:45,Plein jour,72,72181,2,1,2,3.0,GASTELIER (RUE),47.99446,0.19871,15:45:00,2024-09-25
202400044356,05:00,Nuit avec éclairage,76,76312,2,3,2,6.0,Rue du Croquet du Bosc,49.482861,1.721866,05:00:00,2024-12-08
202400044357,08:30,Plein jour,72,72181,2,1,2,7.0,PARC DES EXPOSITIONS (AV DU),47.95694,0.2023,08:30:00,2024-09-26
202400044358,17:55,,74,74010,1,1,1,3.0,OUEST (BOULEVARD),45.90003,6.10271,17:55:00,2024-10-31
202400044359,13:45,Plein jour,76,76423,1,2,3,6.0,D156,49.553395,1.635721,13:45:00,2024-12-07
202400044360,08:10,Plein jour,72,72181,2,6,2,3.0,DEMORIEUX (BD) ENTRE HUISNE ET RD-POINT,47.98781,0.18062,08:10:00,2024-09-26
202400044361,15:50,Plein jour,73,73011,1,1,7,6.0,N90,45.66298,6.38701,15:50:00,2024-10-31
202400044362,13:50,Plein jour,71,71306,1,1,1,3.0,RN 70 (ROUTE EXPRESS),46.65891,4.33124,13:50:00,2024-09-26
202400044363,01:30,Nuit sans éclairage,80,80456,1,1,2,7.0,D178,49.785119,1.760677,01:30:00,2024-12-08
202400044364,20:14,,72,72181,2,6,1,7.0,MARIVAUX (RUE),48.00065,0.22598,20:14:00,2024-10-31
202400044365,14:55,Plein jour,71,71309,2,1,3,7.0,MARECHAL JOFFRE  (RUE DU),46.78954003,4.40680772,14:55:00,2024-09-26
202400044366,02:25,Nuit sans éclairage,33,33296,2,1,1,6.0,Unknown,44.843607,-0.027479,02:25:00,2024-12-08
202400044367,21:10,,72,72181,2,3,1,1.0,ZOLA EMILE (BD) N° IMP 1 A 67,47.99352,0.20028,21:10:00,2024-10-30
202400044368,05:40,Nuit avec éclairage,69,69266,2,1,2,6.0,Cours Emile Zola,45.76456,4.9064,05:40:00,2024-09-26
202400044369,19:30,Nuit sans éclairage,81,81312,1,1,2,6.0,RD 85,43.505149,2.154881,19:30:00,2024-12-07
202400044370,12:50,Plein jour,72,72003,2,2,1,3.0,PASTEUR (BD),47.96448,0.15615,12:50:00,2024-10-30
202400044371,17:00,Plein jour,67,67447,2,2,1,3.0,VENDENHEIM (RUE DE),48.60919,7.74471,17:00:00,2024-09-25
202400044372,06:00,Nuit sans éclairage,81,81070,1,1,1,7.0,A68,43.788153,1.741796,06:00:00,2024-12-08
202400044373,17:50,,71,71105,2,2,9,6.0,COUPEE (GRANDE-RUE DE LA),46.3087,4.80928,17:50:00,2024-10-30
202400044374,16:05,Plein jour,67,67482,2,3,8,3.0,SILBERRATH (RUE),48.60087,7.77746,16:05:00,2024-09-25
202400044375,15:00,Plein jour,69,69091,2,1,1,1.0,Rue de Montrond,45.58581,4.76228,15:00:00,2024-10-31
202400044376,14:30,Plein jour,89,89433,1,1,2,1.0,Valloux,47.5145,3.8307,14:30:00,2024-12-06
202400044377,16:50,Crépuscule,67,67218,2,1,1,6.0,STRASBOURG (AVENUE DE),48.54176,7.74042,16:50:00,2024-10-31
202400044378,12:10,Plein jour,67,67482,2,3,1,3.0,JACQUES PREISS (BOULEVARD),48.59142,7.76351,12:10:00,2024-09-24
202400044379,20:55,Nuit sans éclairage,68,68242,1,1,1,7.0,D201,47.97622612,7.37375734,20:55:00,2024-12-07
202400044380,05:10,Nuit sans éclairage,25,25514,1,1,4,6.0,D9,46.774495,6.329176,05:10:00,2024-12-08
202400044381,14:10,Plein jour,64,64348,2,3,1,3.0,CHARLES DE GAULLE,43.31703,-0.42365,14:10:00,2024-10-31
202400044382,05:30,,64,64483,1,1,3,3.0,ASCAIN (ROUTE D'),43.37766,-1.6377,05:30:00,2024-09-26
202400044383,11:00,Plein jour,64,64445,2,3,1,3.0,LOUIS BLERIOT,43.30962,-0.33915,11:00:00,2024-10-31
202400044384,03:20,Nuit sans éclairage,44,44175,2,2,2,3.0,134 Le Brunet,47.363806,-2.333667,03:20:00,2024-12-01
202400044385,07:35,Nuit sans éclairage,63,63032,2,3,2,3.0,AUBIERE (ROUTE D'),45.7487,3.09474,07:35:00,2024-09-26
202400044386,12:30,Plein jour,64,64445,2,2,1,3.0,STANISLAS LAVIGNE,43.31227,-0.37316,12:30:00,2024-10-30
202400044387,05:00,Nuit sans éclairage,31,31407,1,1,2,6.0,107 Route des Crêtes,43.74871,1.536516,05:00:00,2024-12-08
202400044388,06:50,,63,63113,2,3,2,3.0,Anatole France / Agrippa d'Aubigné,45.77831275,3.10884923,06:50:00,2024-09-26
202400044389,07:45,Plein jour,64,64122,2,2,1,1.0,"""KENNEDY (AVENUE DU PRESIDENT J,F)""",43.4625,-1.5513,07:45:00,2024-10-29
202400044390,17:54,Plein jour,62,62525,2,6,1,3.0,D928,50.73955089,2.25794363,17:54:00,2024-09-25
202400044391,19:20,,38,38034,2,1,2,5.0,1 Avenue des Terreaux,45.338738,5.056962,19:20:00,2024-12-07