Num_Acc,hrmn,lum,dep,com,agg,int,atm,col,adr,lat,long,heure,date
202400044392,15:11,Plein jour,64,64024,2,2,1,3.0,BAB (BOULEVARD DU),43.48741,-1.53651,15:11:00,2024-10-30
202400044393,22:15,Nuit sans éclairage,978,97801,1,1,1,6.0,RN 7 Ldt: Les Griselles,18.091585,-63.065991,22:15:00,2024-12-07
202400044394,08:20,Plein jour,62,62498,2,1,1,3.0,Rue les Renardières,50.45025207,2.82529807,08:20:00,2024-09-20
202400044395,15:45,Plein jour,60,60057,2,1,1,6.0,Rue de Sénéfontaine,49.4198,2.07226,15:45:00,2024-10-30
202400044396,05:45,Nuit sans éclairage,36,36088,1,1,2,6.0,Unknown,46.96136089,2.02671877,05:45:00,2024-12-08
202400044397,13:45,Plein jour,62,62193,2,9,1,3.0,Avenue Antoine de Saint Exupéry,50.94635483,1.89390457,13:45:00,2024-09-21
202400044398,15:35,Plein jour,59,59350,2,3,1,3.0,Rue Eugène Jacquet,50.636,3.087,15:35:00,2024-10-31
202400044399,07:30,Nuit avec éclairage,62,62310,2,1,2,6.0,D171,50.54538,2.66005,07:30:00,2024-09-25
202400044400,11:00,Plein jour,57,57463,2,1,1,6.0,HAUTE SEILLE (RUE ),49.11681,6.18024,11:00:00,2024-10-30
202400044401,16:00,Plein jour,60,60159,2,1,2,6.0,Place Saint-Jacques,49.41699,2.8266,16:00:00,2024-09-25
202400044402,10:25,Plein jour,36,36194,1,1,1,1.0,Le Grand BrisePaille,46.91073957,1.33559848,10:25:00,2024-12-07
202400044403,11:15,Plein jour,85,85024,2,1,1,6.0,RD28 ,46.929112,-1.889825,11:15:00,2024-12-08
202400044404,17:40,Crépuscule,56,56260,2,3,1,1.0,Rue du Vincin,47.65703,-2.79028,17:40:00,2024-10-31
202400044405,14:00,Plein jour,59,59599,2,2,1,5.0,YSER (RUE DE L'),50.74096,3.16625,14:00:00,2024-09-25
202400044406,16:04,Plein jour,56,56083,2,6,1,6.0,Rue Maréchal Joffre,47.81052,-3.26478,16:04:00,2024-10-30
202400044407,07:15,Crépuscule,67,67291,2,2,1,3.0,14 Rue de Bitche,48.869108,7.68675,07:15:00,2024-12-08
202400044408,15:00,Plein jour,59,59350,2,9,1,3.0,Rue du Professeur Laguesse,50.6069,3.03877,15:00:00,2024-09-26
202400044409,00:11,,54,54395,2,2,1,6.0,Avenue du Vingtième Corps,48.69376004,6.19192243,00:11:00,2024-11-01
202400044410,13:30,Plein jour,59,59378,2,2,1,6.0,REPUBLIQUE AV DE LA (N°829-931),50.66033,3.0941,13:30:00,2024-09-25
202400044411,17:35,Nuit sans éclairage,10,10216,1,1,2,5.0,A26,48.635723,4.180035,17:35:00,2024-12-08
202400044412,13:39,Plein jour,54,54395,2,3,1,2.0,Quai de la Bataille,48.6767,6.1919,13:39:00,2024-10-31
202400044413,16:25,Plein jour,56,56121,2,1,3,1.0,Rue colonel Le Barillec,47.76401,-3.39925,16:25:00,2024-09-25
202400044414,18:00,,31,31424,2,2,1,1.0,route de Pibrac,43.575148,1.291022,18:00:00,2024-12-04
202400044415,17:10,Plein jour,51,51055,2,1,1,1.0,WITRY LES RREIMS (CHEMIN DE),49.2903,4.0746,17:10:00,2024-10-31
202400044416,01:00,Nuit sans éclairage,34,34337,2,1,1,6.0,M612,43.550997,3.833477,01:00:00,2024-12-08
202400044417,13:32,Plein jour,54,54395,2,2,1,6.0,Rue Virginie Mauvais,48.70336,6.18182,13:32:00,2024-09-25
202400044418,18:30,,51,51454,2,6,1,1.0,SANTOS DUMONT (RUE ALBERTO),49.23694,4.07111,18:30:00,2024-10-30
202400044419,09:30,Plein jour,50,50129,2,1,1,7.0,MESLIN (RUE JACK),49.62056,-1.64226,09:30:00,2024-10-31
202400044420,08:15,Plein jour,54,54099,1,1,2,1.0,D138,49.24790886,6.0172677,08:15:00,2024-09-26
202400044421,23:03,Nuit sans éclairage,68,68300,1,1,2,2.0,A36,47.779392,7.399662,23:03:00,2024-12-07
202400044422,22:25,,51,51454,2,1,2,6.0,UNIOVERSITE (RUE DE L'),49.25313,4.03659,22:25:00,2024-09-26
202400044423,02:36,,49,49007,2,1,1,2.0,ESTIENNE D'ORVES BOULEVARD,47.45937,-0.52141,02:36:00,2024-11-01
202400044424,21:25,,69,69027,2,1,8,6.0,250 Rue du Général de Gaulle,45.662202,4.751863,21:25:00,2024-12-07
202400044425,19:18,,49,49007,2,1,2,6.0,PASTEUR,47.47992,-0.52552,19:18:00,2024-10-31
202400044426,09:10,Plein jour,45,45302,1,1,1,6.0,A10 PR 91 + 200,47.968275,1.857258,09:10:00,2024-12-06
202400044427,15:45,Plein jour,51,51454,2,1,2,3.0,LAMY (RUE DU COMMANDANT),49.27805,4.02293,15:45:00,2024-09-26
202400044428,07:34,Crépuscule,45,45004,2,2,2,3.0,D163 PR 0 + 823,47.995003,2.754719,07:34:00,2024-10-30
202400044429,07:15,,51,51454,2,2,1,6.0,CAPUCINS (RUE DES),49.25189,4.02921,07:15:00,2024-09-26
202400044430,19:20,Nuit sans éclairage,971,97128,1,1,2,1.0,Sainte Rose,16.278568,-61.352431,19:20:00,2024-12-06
202400044431,19:00,,44,44162,2,1,1,3.0,138 Boulevard François Mitterrand,47.2117,-1.64884,19:00:00,2024-10-31
202400044432,18:45,Nuit sans éclairage,2A,2A247,2,4,1,6.0,#Ldt Saparello#,41.59651,9.24654,18:45:00,2024-12-03
202400044433,07:10,Crépuscule,44,44114,2,9,8,6.0,76 Route de Rennes,47.25358,-1.57632,07:10:00,2024-10-31
202400044434,19:40,Crépuscule,51,51160,2,2,8,3.0,BLACY (RTE DE),48.93451,4.34907,19:40:00,2024-09-26
202400044435,20:00,Plein jour,49,49007,2,1,1,1.0,SAINT LAZARE,47.48049,-0.56637,20:00:00,2024-09-24
202400044436,19:30,Nuit sans éclairage,34,34027,1,2,6,3.0,D120,43.732546,4.009624,19:30:00,2024-12-07
202400044437,18:48,Crépuscule,44,44132,2,6,1,3.0,52 Avenue du Gris,47.25323,-2.31413,18:48:00,2024-10-25
202400044438,15:00,Plein jour,40,40192,2,1,8,6.0,RUISSEAU (RUE DU),43.88579094,-0.50939798,15:00:00,2024-10-29
202400044439,17:55,Plein jour,41,41047,2,2,1,3.0,RD 2152,47.60314,1.34959,17:55:00,2024-09-24
202400044440,08:15,Plein jour,67,67348,1,6,1,3.0,D426,48.455652,7.47021,08:15:00,2024-12-03
202400044441,20:05,,38,38169,2,1,1,7.0,CURIE (BOULEVARD J.)(35-53 A 52-66),45.19352,5.69477,20:05:00,2024-09-19
202400044442,12:15,Plein jour,38,38421,2,1,1,4.0,AVENUE DU 8 MAI 1945,45.16945183,5.7561086,12:15:00,2024-10-31
202400044443,16:40,Plein jour,37,37195,2,1,1,7.0,PROUDHON (AVENUE),47.3898,0.64818,16:40:00,2024-09-26
202400044444,20:42,,38,38317,2,2,1,3.0,Avenue des Cent-vingt Toises,45.138181,5.702108,20:42:00,2024-12-06
202400044445,17:15,Crépuscule,38,38185,2,7,1,6.0,PLACE GUSTAVE RIVET,45.18195,5.72792,17:15:00,2024-10-30
202400044446,16:00,Plein jour,37,37261,2,1,1,7.0,ALOUETTE (AVENUE),47.36215,0.69567,16:00:00,2024-09-26
202400044447,18:00,Nuit sans éclairage,69,69017,1,1,2,1.0,Route de Tarare,45.911656,4.602081,18:00:00,2024-12-07
202400044448,11:30,Plein jour,37,37261,2,1,1,6.0,STENDHAL (AVENUE),47.36843,0.70802,11:30:00,2024-10-31
202400044449,22:39,Nuit avec éclairage,37,37214,2,1,3,2.0,VOISIN (BOULEVARD ANDRE-GEORGES),47.42751,0.65853,22:39:00,2024-09-25
202400044450,14:10,Plein jour,69,69269,1,1,2,1.0,Route Départementale 489,45.71450768,4.57794623,14:10:00,2024-12-08
202400044451,22:30,,35,35238,2,1,1,6.0,MANIEZ (AVENUE JULES),48.098146,-1.699406,22:30:00,2024-10-31
202400044452,21:15,,35,35238,2,2,1,7.0,41°REGIMENT D'INFANTERIE (AVENUE),48.11822176,-1.68687664,21:15:00,2024-09-26
202400044453,10:05,Plein jour,34,34301,2,1,1,6.0,VERDUN (BOULEVARD DE),43.41159,3.69176,10:05:00,2024-10-30
202400044454,17:15,Plein jour,34,34108,1,1,1,2.0,RD2 Route de Balaruc,43.43361,3.70257,17:15:00,2024-09-26
202400044455,12:20,Plein jour,34,34003,2,1,1,6.0,GENTILSHOMMES (H16 A L17,43.28729,3.51155,12:20:00,2024-10-27
202400044456,10:45,Plein jour,40,40184,2,2,8,3.0,D67,44.20062806,-1.24117613,10:45:00,2024-12-06
202400044457,19:00,Crépuscule,33,33069,2,2,1,3.0,Unknown,44.85938,-0.58969,19:00:00,2024-10-31
202400044458,12:35,Plein jour,34,34172,2,1,1,4.0,BLAYAC (RUE DU PROFESSEUR),43.626048,3.824018,12:35:00,2024-09-26
202400044459,05:50,,33,33433,2,1,2,1.0,Unknown,44.909839,-0.427941,05:50:00,2024-12-07
202400044460,03:20,Nuit sans éclairage,33,33522,2,1,3,6.0,Unknown,44.81367,-0.60465,03:20:00,2024-09-07
202400044461,19:50,,85,85226,2,1,6,6.0,RD6A,46.714797,-1.974953,19:50:00,2024-12-07
202400044462,17:52,Plein jour,31,31555,2,1,2,6.0,CHE DES IZARDS,43.63844,1.44422,17:52:00,2024-09-26
202400044463,14:00,Plein jour,33,33119,2,9,1,3.0,Unknown,44.84601,-0.53528,14:00:00,2024-10-31
202400044464,12:15,Plein jour,30,30007,2,3,1,3.0,CHOTARD (RUE DES FRERES),44.12253,4.08338,12:15:00,2024-09-25
202400044465,15:50,Plein jour,33,33550,2,3,1,3.0,Unknown,44.78156,-0.56427,15:50:00,2024-10-30
202400044466,18:45,,72,72264,2,3,1,1.0,Rue du Mans,47.839089,-0.316871,18:45:00,2024-12-08
202400044467,10:50,Plein jour,32,32013,2,1,1,,METZ,43.64173,0.58538,10:50:00,2024-10-31
202400044468,10:01,Plein jour,61,61074,1,1,2,2.0,2 Route de l'Augrumière,48.567694,-0.157531,10:01:00,2024-12-08
202400044469,16:15,Plein jour,25,25056,2,1,2,3.0,GRAY ROUTE DE,47.24812,5.97888,16:15:00,2024-09-26
202400044470,17:55,Nuit avec éclairage,29,29232,2,1,1,3.0,Pont de Poulguinan,47.98145316,-4.12027375,17:55:00,2024-10-30
202400044471,20:00,Nuit sans éclairage,14,14762,1,1,3,6.0,Rue Roger Fossey,48.842421,-0.844751,20:00:00,2024-12-08
202400044472,13:30,Plein jour,13,13071,2,1,8,1.0,ORLEANS ( AVENUE D' ),43.38323,5.34372,13:30:00,2024-09-26
202400044473,19:28,,29,29019,2,2,1,6.0,rue de l'Eau Blanche,48.410075,-4.456525,19:28:00,2024-10-30
202400044474,05:50,,13,13056,2,9,1,3.0,CD 5 (Route d'Istres),43.42728,5.051,05:50:00,2024-09-26
202400044475,19:40,,25,25056,2,1,1,1.0,DOLE RUE DE (sup 200),47.22642,5.97783,19:40:00,2024-10-31
202400044476,18:00,Nuit sans éclairage,13,13203,1,1,1,4.0,A557-Liaison A7 Marseille-A55 Marseille,43.31930877,5.36864472,18:00:00,2024-12-06
202400044477,16:45,Plein jour,13,13212,2,9,1,3.0,SAINT BARNABE (AVENUE DE),43.30388,5.40708,16:45:00,2024-09-26
202400044478,13:25,Plein jour,22,22187,1,1,1,2.0,RN12,48.53379502,-2.75845578,13:25:00,2024-10-31
202400044479,08:20,Plein jour,13,13209,2,1,8,3.0,CATHERINE BLUM (BOULEVARD),43.26388,5.41847,08:20:00,2024-09-26
202400044480,16:10,Plein jour,33,33063,1,1,2,4.0,Unknown,44.882722,-0.551847,16:10:00,2024-12-07
202400044481,17:00,Plein jour,13,13207,2,1,1,3.0,CHARLES LIVON (BOULEVARD),43.29174,5.35638,17:00:00,2024-09-25
202400044482,17:25,Plein jour,15,15014,2,1,1,7.0,Rue Paul Doumer,44.92444,2.44452,17:25:00,2024-10-30
202400044483,05:34,Nuit sans éclairage,33,33318,1,1,3,2.0,Unknown,44.811812,-0.671863,05:34:00,2024-12-07
202400044484,19:45,Plein jour,11,11262,2,1,1,6.0,Boulevard Gambetta,43.18297,3.00783,19:45:00,2024-07-30
202400044485,11:20,Plein jour,13,13106,2,1,1,2.0,DOCTEUR EDOUARD SAUZE (AVENUE DU),43.40682,5.36217,11:20:00,2024-10-31
202400044486,09:45,Plein jour,91,91659,1,1,8,7.0,AUTOROUTE A6,48.590572,2.446304,09:45:00,2024-12-07
202400044487,09:40,Plein jour,91,91086,1,1,2,7.0,RN 104,48.62435,2.37794,09:40:00,2024-12-07
202400044488,16:50,Plein jour,07,07019,1,1,2,4.0,D 104 (DEVIATION ST PRIVAS),44.61505,4.40855,16:50:00,2024-09-26
202400044489,03:45,Nuit avec éclairage,13,13077,1,1,1,1.0,RN 568,43.42209452,4.97710329,03:45:00,2024-10-31
202400044490,11:10,Plein jour,13,13206,2,1,1,2.0,ORATOIRE (Montée),43.28437,5.37183,11:10:00,2024-10-30
202400044491,19:30,,92,92050,1,1,8,3.0,A14,48.89509609,2.22815045,19:30:00,2024-12-07
202400044492,11:50,Plein jour,06,06069,2,1,3,3.0,Chemin des Chenes,43.640848,6.911658,11:50:00,2024-09-26
202400044493,07:34,,93,93008,1,1,2,3.0,AUTOROUTE A86,48.90829446,2.45075583,07:34:00,2024-12-07
202400044494,10:00,Plein jour,01,01053,2,1,8,3.0,boulevard édouard herriot,46.20969,5.22671,10:00:00,2024-09-25
202400044495,18:50,Plein jour,75,75115,2,1,2,2.0,BD PERIPHERIQUE EXTERIEUR,48.825518,2.300902,18:50:00,2024-09-26
202400044496,19:00,Nuit sans éclairage,94,94028,1,1,2,3.0,A86,48.776362,2.433254,19:00:00,2024-12-07
202400044497,01:00,,77,77372,1,1,2,6.0,A104,48.87691897,2.66878603,01:00:00,2024-12-07
202400044498,12:20,Plein jour,13,13028,2,2,1,1.0,SANGNIER (AVENUE MARC),43.1721,5.59885,12:20:00,2024-10-31
202400044499,21:08,Nuit sans éclairage,13,13004,1,1,1,1.0,RTE DE LA CRAU RAPHELE,43.65692,4.66249,21:08:00,2024-10-31
202400044500,14:39,Plein jour,94,94017,1,1,1,6.0,A86,48.83041529,2.4904233,14:39:00,2024-12-06
202400044501,12:15,Plein jour,75,75115,2,1,1,4.0,BOULEVARD PERIPHERIQUE EXTERIEUR SUD,48.826376,2.297013,12:15:00,2024-09-25
202400044502,23:20,Nuit avec éclairage,13,13001,2,3,1,3.0,BROSSOLETTE PIERRE (AV),43.51553,5.44253,23:20:00,2024-05-29
202400044503,14:56,Plein jour,75,75118,2,2,2,6.0,RUE CHAMPIONNET,48.893017,2.327437,14:56:00,2024-09-26
202400044504,09:25,Plein jour,988,98818,2,1,1,6.0,Parking du Kuendu Beach,-22.26076,166.39044,09:25:00,2024-12-07
202400044505,22:25,,75,75106,2,7,3,6.0,PLACE SAINT MICHEL,48.853614,2.34421,22:25:00,2024-09-25
202400044506,22:25,,974,97411,2,1,1,6.0,BOIS ROUGE (CHEMIN DE),-20.92259,55.49171,22:25:00,2024-12-06
202400044507,18:50,Nuit sans éclairage,13,13001,1,1,1,4.0,RN 296,43.55016,5.43137,18:50:00,2024-10-31
202400044508,16:45,Plein jour,75,75118,2,3,2,6.0,RUE CAULAINCOURT,48.889551,2.337056,16:45:00,2024-09-26
202400044509,18:50,Plein jour,75,75116,2,1,2,3.0,AVENUE DE MALAKOFF,48.875626,2.283838,18:50:00,2024-09-26
202400044510,13:10,Plein jour,13,13001,1,1,1,1.0,RD 7,43.59671,5.35194,13:10:00,2024-10-30
202400044511,16:45,Plein jour,75,75116,2,1,2,6.0,AVENUE DE VERSAILLES,48.847737,2.273717,16:45:00,2024-09-26
202400044512,10:30,Plein jour,974,97409,1,9,1,5.0,RN2 SENS ST BENOIT ST DENIS,-20.96549,55.65753,10:30:00,2024-12-06
202400044513,08:55,Plein jour,11,11069,1,1,1,3.0,ROCADE NORD - RD 6113,43.2327,2.3548,08:55:00,2024-10-30
202400044514,20:20,,75,75116,2,2,2,3.0,AVENUE D IENA,48.871128,2.295644,20:20:00,2024-09-25
202400044515,08:36,Plein jour,10,10333,2,6,2,7.0,AUXERRE (ROUTE),48.2701,4.0507,08:36:00,2024-10-31
202400044516,07:40,Plein jour,973,97302,2,1,1,5.0,BADUEL (ROUTE DE),4.93414,-52.31081,07:40:00,2024-12-06
202400044517,12:50,Plein jour,75,75115,2,1,2,6.0,PLACE CAMBRONNE,48.847755,2.301651,12:50:00,2024-09-25
202400044518,14:55,Plein jour,07,07019,2,1,1,6.0,GAMBETTA (BOULEVARD),44.61955,4.39055,14:55:00,2024-10-31
202400044519,08:25,Plein jour,973,97302,2,1,1,6.0,BARTHELEMY (RENE),4.93358,-52.33038,08:25:00,2024-12-06
202400044520,15:45,Plein jour,75,75114,2,3,2,6.0,BOULEVARD DU MONTPARNASSE,48.840538,2.333717,15:45:00,2024-09-25
202400044521,19:21,,06,06088,2,2,1,3.0,69 Boulevard de l'Ariane,43.73484,7.29806,19:21:00,2024-10-31
202400044522,09:20,Plein jour,75,75113,2,3,2,3.0,RUE DE LA SANTE,48.835389,2.341673,09:20:00,2024-09-25
202400044523,18:10,Crépuscule,972,97209,1,1,1,2.0,RN9,14.600412,-61.046651,18:10:00,2024-12-05
202400044524,16:15,Plein jour,06,06029,2,1,1,3.0,80 Boulevard du Midi Louise Moreau,43.54102,6.96016,16:15:00,2024-10-31
202400044525,08:50,Plein jour,971,97113,2,1,1,6.0,RN4-ROND POINT SAINT FELIX,16.21334,-61.42787,08:50:00,2024-12-06
202400044526,09:40,Plein jour,75,75116,2,1,1,2.0,BD PERIPHERIQUE INTERIEUR ,48.853942,2.253986,09:40:00,2024-10-30
202400044527,18:15,Plein jour,75,75112,2,2,1,6.0,AVENUE LEDRU ROLLIN,48.848009,2.371424,18:15:00,2024-09-26
202400044528,20:55,,75,75110,2,1,8,3.0,BOULEVARD SAINT MARTIN,48.868649,2.357827,20:55:00,2024-09-26
202400044529,14:45,Plein jour,971,97101,1,1,1,1.0,ROUTE DE BOISVINS,16.26743,-61.48966,14:45:00,2024-12-05
202400044530,15:20,Plein jour,75,75110,2,1,3,7.0,RUE DES VINAIGRIERS,48.873157,2.362546,15:20:00,2024-09-26
202400044531,11:58,Plein jour,95,95203,2,3,1,1.0,JULES CESAR (CHAUSSEE),48.98464608,2.2724348,11:58:00,2024-12-06
202400044532,20:45,,75,75116,2,2,3,6.0,AVENUE DU PRESIDENT WILSON,48.865104,2.298894,20:45:00,2024-09-25
202400044533,21:55,,75,75114,2,2,1,6.0,AVENUE DU MAINE,48.836897,2.323255,21:55:00,2024-10-31
202400044534,19:28,,91,91549,2,2,1,6.0,PAUL VAILLANT-COUTURIER (AVENUE),48.65164,2.3326,19:28:00,2024-12-06
202400044535,08:50,Plein jour,75,75108,2,2,8,6.0,AVENUE DES CHAMPS ELYSEES,48.86775,2.313988,08:50:00,2024-09-26
202400044536,20:55,,91,91692,2,3,1,3.0,TROPIQUES (AVENUE DES),48.68471,2.194052,20:55:00,2024-12-06
202400044537,11:45,Plein jour,75,75116,2,3,1,3.0,RUE BOISSIERE,48.866332,2.291155,11:45:00,2024-10-31
202400044538,06:10,Nuit sans éclairage,94,94044,1,1,2,3.0,Rue du Coteau,48.744638,2.498297,06:10:00,2024-09-26
202400044539,09:15,Plein jour,91,91687,2,1,1,6.0,SABLONS (AVENUE DES),48.66627,2.36366,09:15:00,2024-12-06
202400044540,19:10,,87,87085,2,3,2,3.0,NEXON (RUE DE),45.81205,1.25779,19:10:00,2024-12-05
202400044541,16:02,Plein jour,94,94074,2,2,2,2.0,Avenue du Rû de Gironde,48.74726886,2.46207583,16:02:00,2024-09-25
202400044542,22:40,,75,75105,2,2,1,3.0,RUE MONGE,48.846601,2.351655,22:40:00,2024-10-30
202400044543,09:40,Plein jour,87,87085,2,1,1,6.0,rue Fresnel,45.82609,1.26633,09:40:00,2024-12-05
202400044544,18:45,Plein jour,94,94076,2,1,1,6.0,20 Avenue de Paris,48.80534,2.36365,18:45:00,2024-09-26
202400044545,08:25,Plein jour,75,75112,2,2,1,3.0,AVENUE DAUMESNIL,48.847348,2.375252,08:25:00,2024-10-31
202400044546,13:35,Plein jour,94,94073,2,1,2,5.0,176 Avenue de Versailles,48.75754,2.38974,13:35:00,2024-09-26
202400044547,13:30,Plein jour,94,94054,2,3,3,3.0,Rue des Hautes Bornes,48.74994,2.41025,13:30:00,2024-09-26
202400044548,20:50,,93,93048,2,1,2,6.0,ROSNY (RUE DE),48.86898693,2.46214986,20:50:00,2024-09-26
202400044549,16:50,Plein jour,93,93051,2,4,3,3.0,PAVE NEUF (AVENUE),48.83673198,2.56284177,16:50:00,2024-09-26
202400044550,13:05,Plein jour,75,75103,2,7,1,3.0,BOULEVARD SAINT MARTIN,48.867956,2.362387,13:05:00,2024-10-31
202400044551,10:30,Plein jour,93,93047,2,2,2,3.0,GENERAL DE GAULLE (RUE DU),48.89938187,2.55953493,10:30:00,2024-09-26
202400044552,12:00,Plein jour,84,84007,2,2,1,2.0,C.DE GAULLE (ROCADE),43.93189,4.82913,12:00:00,2024-12-06
202400044553,12:17,Plein jour,93,93001,2,1,8,3.0,ANDRE KARMAN (RUE)  => 136/143,48.90827233,2.38490135,12:17:00,2024-09-26
202400044554,13:00,Plein jour,84,84007,2,2,1,1.0,AMANDIER (AVENUE DE L'),43.9378,4.84943,13:00:00,2024-12-05
202400044555,12:35,Plein jour,93,93001,2,7,2,3.0,SADI CARNOT (RUE)  =>8/9,48.90764805,2.38355577,12:35:00,2024-09-25
202400044556,17:35,,94,94046,2,2,1,3.0,Rue de Vincennes,48.80728,2.44794,17:35:00,2024-10-31
202400044557,17:30,Crépuscule,81,81065,2,3,1,3.0,DE GAULLE RD 612 (AV. CHARLES),43.602105,2.250265,17:30:00,2024-12-06
202400044558,07:50,Plein jour,92,92076,2,1,1,3.0,REPUBLIQUE,48.83781184,2.15714604,07:50:00,2024-09-26
202400044559,18:30,,94,94033,2,1,8,3.0,Rue Dalayrac,48.84915359,2.4591604,18:30:00,2024-10-30
202400044560,14:35,Plein jour,80,80021,2,1,1,7.0,STRASBOURG (BOULEVARD DE),49.89091,2.27722,14:35:00,2024-12-06
202400044561,09:45,Plein jour,94,94028,2,1,1,3.0,Av du Mal de Lattre de Tassigny,48.80006,2.45089,09:45:00,2024-10-31
202400044562,14:25,Plein jour,92,92063,2,3,3,6.0,FILLIETTE (RUE NICOLAS-PHILIBERT),48.87032132,2.18937423,14:25:00,2024-09-26
202400044563,11:20,Plein jour,93,93078,1,6,1,3.0,VILLEPINTE (ROUTE DE),48.97120684,2.54954701,11:20:00,2024-10-31
202400044564,09:00,Plein jour,95,95527,1,9,1,6.0,NOYER AU CHAT (ROUTE DU),48.99783,2.52145,09:00:00,2024-10-31
202400044565,19:40,Crépuscule,93,93053,2,1,1,6.0,MOULIN HARVY (ALLEE DU),48.89285869,2.4694297,19:40:00,2024-10-30
202400044566,13:40,Plein jour,78,78401,2,2,7,3.0,ALOUETTES (ALLEE),49.011458,1.921113,13:40:00,2024-12-06
202400044567,16:20,Crépuscule,92,92012,2,1,2,6.0,SILLY (RUE DE) 1/87 - 2/88,48.83823063,2.23217652,16:20:00,2024-09-25
202400044568,00:40,Nuit sans éclairage,78,78168,2,1,1,6.0,Route nationale 10,48.749829,1.927604,00:40:00,2024-11-28
202400044569,12:15,Plein jour,93,93006,2,3,8,3.0,LEGER FERNAND RUE,48.87116992,2.42628872,12:15:00,2024-10-31
202400044570,17:15,Plein jour,47,47100,1,1,2,1.0,Route de Laugnac,44.26226731,0.63410933,17:15:00,2024-09-26
202400044571,11:30,Plein jour,93,93032,2,2,1,3.0,GABRIEL   (AVENUE),48.89020004,2.52220184,11:30:00,2024-10-31
202400044572,08:45,Plein jour,77,77085,2,1,1,1.0,FERME DU PAVILLON (ROUTE DE LA ),48.855847,2.749275,08:45:00,2024-12-06
202400044573,15:45,Plein jour,93,93059,2,1,8,6.0,EMILE ZOLA (AVENUE),48.94993,2.36538,15:45:00,2024-10-31
202400044574,06:50,Nuit sans éclairage,40,40133,1,1,1,2.0,A63,43.588761,-1.419146,06:50:00,2024-09-27
202400044575,00:35,,76,76681,2,1,2,6.0,Rue Commandant l’Herminier,49.4244,1.08751,00:35:00,2024-12-07
202400044576,16:30,Plein jour,93,93013,2,9,1,3.0,LECLERC (AVENU DE LA DIVISION),48.93140811,2.42227167,16:30:00,2024-10-28
202400044577,13:00,Plein jour,08,08145,1,1,1,1.0,Unknown,49.658138,5.047265,13:00:00,2024-09-27
202400044578,15:40,Plein jour,76,76212,2,1,2,3.0,Boulevard de la Paix,49.44053,1.15083,15:40:00,2024-12-05
202400044579,02:50,,93,93014,2,1,1,3.0,EMILE ZOLA (BOULEVARD),48.90569,2.55152,02:50:00,2024-10-31
202400044580,10:15,Plein jour,51,51649,2,6,8,6.0,Boulevard Carnot,48.72361,4.588514,10:15:00,2024-09-27
202400044581,06:20,,76,76351,2,3,1,3.0,JEAN JAURES (AVENUE),49.49829,0.14806,06:20:00,2024-12-06
202400044582,17:39,,93,93007,2,3,1,3.0,PIERRE MONTAUFIER (AVENUE),48.92392577,2.47586202,17:39:00,2024-10-31
202400044583,11:40,Plein jour,51,51649,2,6,3,3.0,Boulevard Carnot,48.723529,4.588434,11:40:00,2024-09-26
202400044584,08:30,Crépuscule,92,92075,2,1,1,6.0,DE GAULLE (AVENUE DU GENERAL),48.82211547,2.28210121,08:30:00,2024-10-26
202400044585,14:45,Plein jour,71,71306,1,1,1,2.0,RN 70 (ROUTE EXPRESS),46.662,4.33331,14:45:00,2024-12-06
202400044586,11:00,Plein jour,92,92033,2,1,1,6.0,JOFFRE,48.83920664,2.18614385,11:00:00,2024-10-31
202400044587,09:00,Plein jour,69,69266,2,1,2,6.0,80 Rue Magenta,45.76476,4.87165,09:00:00,2024-12-06
202400044588,16:40,Plein jour,83,83058,2,1,1,6.0,790 Route de Salernes,43.536586,6.389866,16:40:00,2024-09-26
202400044589,19:30,,92,92040,2,1,1,6.0,GENERAL DE GAULLE (AVE DU) 32 A 62,48.82011341,2.27972031,19:30:00,2024-10-31
202400044590,13:00,Plein jour,69,69259,2,1,1,3.0,179 Avenue Francis de Pressensé,45.71655,4.87086,13:00:00,2024-12-06
202400044591,11:50,Plein jour,92,92062,2,1,1,6.0,PERRONET NORD ET SUD,48.8909782,2.23949479,11:50:00,2024-10-31
202400044592,19:50,,67,67482,2,1,1,3.0,ABBE DE L'EPEE,48.54576,7.76303,19:50:00,2024-12-05
202400044593,00:30,Nuit sans éclairage,974,97422,2,6,1,1.0,Rue Marius et Ary Leblond,-21.27600202,55.52489358,00:30:00,2024-09-27
202400044594,19:53,,92,92025,2,1,1,3.0,STALINGRAD (AV DE),48.93080047,2.26726189,19:53:00,2024-10-31
202400044595,23:25,Nuit sans éclairage,972,97221,1,1,1,7.0,N5,14.50305,-60.98077,23:25:00,2024-09-22
202400044596,21:33,,92,92023,2,9,5,6.0,GENERAL DE GAULLE (AV DU) N°130 A 340 ET,48.78745587,2.25664705,21:33:00,2024-10-31
202400044597,14:50,Plein jour,67,67482,2,2,2,3.0,FRANÇOIS MITTERRAND (AVENUE),48.58417,7.69325,14:50:00,2024-12-05
202400044598,12:40,Plein jour,92,92019,2,8,1,3.0,DIVISION LECLERC (AVENUE DE LA),48.76472871,2.26528868,12:40:00,2024-10-31
202400044599,16:42,Plein jour,27,27368,1,2,1,3.0,Route de Saint Laurent,48.84485,1.285057,16:42:00,2024-09-26
202400044600,12:25,Plein jour,67,67482,2,3,1,3.0,LANGUEDOC (RUE DU),48.54817,7.74359,12:25:00,2024-12-05
202400044601,20:45,,92,92012,2,1,1,3.0,JEAN JAURES (BOULEVARD) 1/61 - COTE IMPA,48.84528662,2.23717421,20:45:00,2024-10-31
202400044602,08:45,Plein jour,83,83036,2,9,1,1.0,Boulevard de la Roseraie,43.173284,6.521662,08:45:00,2024-09-15