Num_Acc,hrmn,lum,dep,com,agg,int,atm,col,adr,lat,long,heure,date
202400044603,17:58,Plein jour,92,92009,2,3,1,6.0,VERDUN ( AVENUE DE ),48.91505908,2.27075368,17:58:00,2024-10-30
202400044604,03:00,,66,66136,2,3,1,3.0,ESCARGUEL (COURS LAZARE),42.69852,2.88737,03:00:00,2024-12-06
202400044605,19:15,Crépuscule,71,71081,1,1,8,3.0,Autoroute A6 - PK 328.900 Sens PARIS LYON,46.805435,4.824221,19:15:00,2024-09-26
202400044606,09:45,Plein jour,58,58002,2,1,1,6.0,Chemin du bégat,47.450605,3.067642,09:45:00,2024-09-27
202400044607,20:00,,66,66136,2,2,1,3.0,Avenue du Palais-des-Expositions,42.70651,2.90002,20:00:00,2024-12-05
202400044608,19:00,,92,92004,2,9,1,4.0,VOLTAIRE ( BD ),48.9162915,2.29000676,19:00:00,2024-10-29
202400044609,01:15,Nuit sans éclairage,47,47244,1,1,3,6.0,D6,44.352942,0.153932,01:15:00,2024-09-22
202400044610,08:20,Crépuscule,64,64024,2,1,2,6.0,HARDOY (RUE DE),43.49363,-1.50996,08:20:00,2024-12-06
202400044611,15:20,Plein jour,92,92002,2,9,1,4.0,RAYMON ARON (AVENUE),48.77009322,2.31161714,15:20:00,2024-10-31
202400044612,17:00,Plein jour,19,19023,2,1,2,7.0,Route d?Argentat,45.12418503,1.73010801,17:00:00,2024-09-26
202400044613,12:50,Plein jour,64,64024,2,1,1,3.0,BAYONNE (AVENUE DE),43.48219522,-1.50754899,12:50:00,2024-12-05
202400044614,21:45,Nuit sans éclairage,31,31527,1,1,1,6.0,D20 PK46+760,43.545298,1.801211,21:45:00,2024-10-31
202400044615,18:50,,62,62178,2,6,1,6.0,D841,50.49421532,2.57440182,18:50:00,2024-12-06
202400044616,13:40,Plein jour,77,77310,1,1,1,5.0,déparmentale 412,48.370769,3.233382,13:40:00,2024-09-27
202400044617,18:05,Nuit sans éclairage,80,80572,1,2,5,7.0,D1,49.936078,2.62731,18:05:00,2024-10-31
202400044618,08:09,Crépuscule,62,62160,2,1,6,7.0,Boulevard Antoine Eurvin,50.72651635,1.61689818,08:09:00,2024-12-06
202400044619,18:25,Plein jour,76,76091,1,2,8,1.0,D50,49.716208,0.604548,18:25:00,2024-09-26
202400044620,18:02,Crépuscule,26,26305,1,1,1,2.0,Avenue de Fourège,44.601931,4.906857,18:02:00,2024-10-29
202400044621,17:15,,62,62037,2,1,8,2.0,D341,50.31307,2.74604,17:15:00,2024-11-28
202400044622,10:45,Plein jour,65,65388,1,1,1,6.0,Route du Pla d’Adet,42.829134,0.292103,10:45:00,2024-09-27
202400044623,09:34,Plein jour,95,95487,2,1,1,6.0,8 EDMOND BOURGOIS (RUE),49.143661,2.273258,09:34:00,2024-11-01
202400044624,17:55,,62,62041,2,1,2,6.0,Rue Dambrine,50.29254,2.75525,17:55:00,2024-12-05
202400044625,17:16,Crépuscule,31,31184,1,1,1,2.0,Chemin du Pastel,43.60210303,1.55240948,17:16:00,2024-11-01
202400044626,17:30,Plein jour,69,69217,1,1,1,1.0,Route Départementale 98,45.997618,4.429421,17:30:00,2024-09-26
202400044627,17:20,,62,62041,2,6,2,3.0,Rue de Cambrai,50.2830265,2.80204725,17:20:00,2024-12-05
202400044628,09:30,Plein jour,22,22116,1,1,5,6.0,"RN12, PR 80+600, SENS BREST-RENNES",48.535448,-3.039522,09:30:00,2024-11-01
202400044629,22:30,,60,60057,2,2,2,6.0,Avenue de Flandres Dunkerque 40,49.43544,2.09885,22:30:00,2024-12-06
202400044630,16:00,Plein jour,63,63381,1,1,1,6.0,Route de Porte,45.838241,2.866809,16:00:00,2024-09-26
202400044631,20:00,,06,06033,2,1,1,3.0,420 Route des Plans,43.77797,7.201936,20:00:00,2024-10-30
202400044632,09:44,Plein jour,83,83021,2,7,7,6.0,3 Place du 14 Juillet,43.472126,5.953648,09:44:00,2024-10-31
202400044633,19:35,Nuit sans éclairage,59,59648,2,1,2,1.0,HUGO VICTOR RUE,50.58619,3.03423,19:35:00,2024-12-05
202400044634,18:33,Nuit sans éclairage,12,12288,1,1,2,1.0,D840,44.432447,2.442967,18:33:00,2024-09-26
202400044635,09:00,Plein jour,2A,2A017,1,1,1,6.0,#D81#,42.010004,8.738433,09:00:00,2024-11-01
202400044636,17:50,Nuit sans éclairage,59,59122,1,1,1,5.0,PARIS (AVENUE DE),50.14898,3.2198,17:50:00,2024-12-06
202400044637,06:00,Nuit sans éclairage,80,80585,1,1,1,6.0,D337,49.7622,2.903747,06:00:00,2024-11-01
202400044638,18:40,Plein jour,42,42097,2,2,1,2.0,M1082,45.498301,4.317412,18:40:00,2024-09-26
202400044639,18:53,Nuit avec éclairage,65,65025,2,1,1,7.0,Avenue de Montjoie,43.004824,-0.091546,18:53:00,2024-10-31
202400044640,17:45,,56,56260,2,6,2,3.0,Giratoire du Prat,47.6596907,-2.719159,17:45:00,2024-12-06
202400044641,04:16,Nuit sans éclairage,11,11332,1,1,1,6.0,Unknown,43.127735,2.84442,04:16:00,2024-11-01
202400044642,13:25,Plein jour,56,56162,2,6,2,3.0,Rue du Fort Bloqué,47.73659,-3.43266,13:25:00,2024-12-05
202400044643,08:00,Crépuscule,25,25222,1,6,1,6.0,N57,47.157885,6.252422,08:00:00,2024-11-01
202400044644,11:35,Plein jour,54,54395,2,2,1,6.0,Cours Léopold,48.69658,6.17435,11:35:00,2024-12-06
202400044645,02:20,Nuit sans éclairage,29,29210,2,1,5,6.0,Route de St Pol de Leon,48.58485129,-4.04982488,02:20:00,2024-11-01
202400044646,16:10,Plein jour,31,31546,1,1,7,6.0,D622,43.366846,1.65208,16:10:00,2024-11-01
202400044647,19:00,,54,54357,2,9,2,6.0,Rue de la République,48.71266,6.16273,19:00:00,2024-12-05
202400044648,14:08,Plein jour,31,31052,1,1,1,2.0,D4 route de toulouse,43.393074,1.355438,14:08:00,2024-11-01
202400044649,22:40,,51,51454,2,1,1,5.0,NEUFCHATEL (RUE DE) DU N° 123 A FIN (IMP,49.28216,4.02724,22:40:00,2024-12-06
202400044650,18:05,,38,38501,1,1,1,6.0,Avenue du Gresivaudan,45.301475,5.951307,18:05:00,2024-10-30
202400044651,18:40,,51,51454,2,3,1,6.0,MATHIEU (RUE LEON) DU N°51 A FIN ET DU N,49.24517,4.01247,18:40:00,2024-12-06
202400044652,14:00,Plein jour,38,38150,1,6,1,3.0,D11k,45.210252,5.834609,14:00:00,2024-10-29
202400044653,07:30,Crépuscule,01,01025,2,3,2,1.0,Chemin de la Glaine,46.312907,4.92971,07:30:00,2024-10-31
202400044654,17:55,,51,51454,2,2,2,3.0,SAINT MARCEAUX (BOULEVARD DU N°70 A FIN),49.25521,4.04626,17:55:00,2024-12-05
202400044655,13:21,Plein jour,72,72023,1,1,1,1.0,lieu dit guidri,48.160611,0.235337,13:21:00,2024-10-24
202400044656,16:45,Crépuscule,51,51454,2,1,8,6.0,ARNOULD (BOULEVARD CHARLES),49.27,4.022,16:45:00,2024-12-05
202400044657,17:00,Plein jour,51,51454,2,1,1,2.0,CHAMPAGNE   (  AVENUE DE),49.22065,4.02169,17:00:00,2024-12-05
202400044658,00:01,Nuit sans éclairage,14,14714,1,1,8,7.0,D73,49.210182,-0.795372,00:01:00,2024-11-01
202400044659,17:00,Plein jour,64,64066,2,2,2,3.0,D15,43.168069,-1.258321,17:00:00,2024-10-13
202400044660,08:04,Crépuscule,51,51454,2,6,1,3.0,MAURIAC  AVENUE FRANCOIS,49.23926978,3.9959898,08:04:00,2024-12-05
202400044661,20:40,Nuit sans éclairage,17,17218,1,1,1,7.0,D938ter,46.324364,-0.963401,20:40:00,2024-10-31
202400044662,16:15,Nuit avec éclairage,50,50129,2,6,3,2.0,Rd Point de bellevue,49.61973,-1.61259,16:15:00,2024-12-05
202400044663,11:29,Plein jour,30,30354,1,2,1,3.0,D907,43.945094,4.141502,11:29:00,2024-10-21
202400044664,20:10,,50,50129,2,3,3,3.0,BOIS (RUE DU),49.6377,-1.6045,20:10:00,2024-12-05
202400044665,05:10,,48,48140,2,6,1,6.0,Boulevard Guerin d'Apcher,44.798333,3.275833,05:10:00,2024-11-01
202400044666,18:25,,50,50129,2,3,1,6.0,VIEUX PONT (RUE DU),49.63463,-1.62323,18:25:00,2024-12-03
202400044667,14:45,Plein jour,88,88516,1,6,1,1.0,D165,48.193871,5.929356,14:45:00,2024-10-31
202400044668,11:00,Plein jour,988,98805,1,1,1,6.0,ROUTE DE LA NONDOUE,-22.142807,166.448803,11:00:00,2024-11-01
202400044669,18:50,,49,49007,2,1,1,4.0,DE LATTRE DE TASSIGNY,47.45167,-0.54019,18:50:00,2024-12-06
202400044670,11:30,Plein jour,13,13069,1,1,1,1.0,Route d?Eguilles,43.604542,5.189366,11:30:00,2024-11-01
202400044671,18:35,,49,49007,2,1,1,2.0,BOUCHEMAINE ROUTE,47.45294,-0.56988,18:35:00,2024-12-05
202400044672,10:15,Plein jour,69,69244,2,2,8,1.0,Chemin Finat Duclos,45.758298,4.751823,10:15:00,2024-10-31
202400044673,11:13,Plein jour,47,47027,1,9,1,6.0,BROVAL (lieu-dit),44.40139701,0.67097041,11:13:00,2024-12-06
202400044674,06:29,,27,27332,1,9,5,6.0,A13,49.19157,1.232153,06:29:00,2024-11-01
202400044675,11:00,Plein jour,45,45338,2,1,1,6.0,37 Rue Alphonse Daudet,47.99074,2.71231,11:00:00,2024-12-06
202400044676,18:20,,45,45208,2,1,1,6.0,24 Rue du Faubourg de la Chaussee,47.99797,2.739581,18:20:00,2024-12-04
202400044677,20:40,Nuit sans éclairage,29,29147,1,1,5,6.0,Lieu Dit Kerfeles,47.89483099,-3.56155348,20:40:00,2024-10-31
202400044678,19:20,,44,44109,2,6,3,2.0,1 Boulevard Léon Jouhaux,47.20877,-1.58732,19:20:00,2024-12-05
202400044679,21:25,,77,77211,2,1,1,6.0,D201,48.581888,2.988882,21:25:00,2024-10-30
202400044680,07:45,Crépuscule,41,41018,2,1,1,6.0,DETROYAT (RUE MICHEL) N° PAIRS- IMPAIRS,47.59826,1.31109,07:45:00,2024-12-06
202400044681,19:50,Nuit sans éclairage,34,34022,1,1,1,2.0,N113,43.65410421,3.99629816,19:50:00,2024-10-31
202400044682,17:00,Plein jour,13,13042,1,5,1,3.0,Route Nationale 8,43.274268,5.637102,17:00:00,2024-10-31
202400044683,22:00,,13,13027,2,3,2,3.0,Boulevard Ernest Genevet,43.887907,4.852186,22:00:00,2024-10-27
202400044684,17:45,,38,38516,2,1,1,5.0,VERDUN (AV. DE)OUEST PASSAGE RICOU,45.19642,5.75216,17:45:00,2024-12-06
202400044685,02:45,Nuit sans éclairage,67,67203,2,1,5,7.0,D519,48.77901,7.678828,02:45:00,2024-11-01
202400044686,10:15,Plein jour,38,38421,2,1,2,1.0,RUE PAUL GUEYMARD,45.18284,5.76368,10:15:00,2024-12-06
202400044687,15:45,Plein jour,17,17115,1,1,7,1.0,D136,45.642818,-0.564744,15:45:00,2024-11-01
202400044688,18:00,,16,16138,2,9,1,6.0,2 Avenue des Plantes,45.665223,0.091713,18:00:00,2024-10-31
202400044689,10:55,Plein jour,35,35238,2,3,1,1.0,LE CHAPELIER (ISAAC),48.10048,-1.67218,10:55:00,2024-12-06
202400044690,15:45,Plein jour,33,33056,2,1,1,2.0,Unknown,44.909128,-0.631016,15:45:00,2024-10-29
202400044691,04:10,Nuit sans éclairage,56,56023,1,1,1,6.0,Kerberluet,47.691082,-3.007443,04:10:00,2024-11-01
202400044692,00:10,Nuit sans éclairage,60,60045,1,1,1,2.0,RD1324,49.21752,2.685674,00:10:00,2024-10-27
202400044693,17:22,Plein jour,13,13015,1,1,1,3.0,A515CD-Gardanne vers A51-Marseille,43.42926433,5.38907648,17:22:00,2024-10-31
202400044694,08:50,Plein jour,13,13216,1,1,1,2.0,A55-Sens Marseille vers Martigues,43.35557748,5.34706133,08:50:00,2024-10-30
202400044695,07:45,Plein jour,33,33550,1,1,1,2.0,Unknown,44.778162,-0.556477,07:45:00,2024-10-30
202400044696,15:30,Plein jour,91,91223,2,9,4,6.0,PONT SAINT JEAN (RUE DU),48.43562,2.15227,15:30:00,2024-01-09
202400044697,11:10,Plein jour,84,84080,1,1,8,7.0,D942,44.01871,4.96148,11:10:00,2024-01-09
202400044698,11:40,Plein jour,84,84007,2,1,8,2.0,LYON (route de ),43.95364,4.83404,11:40:00,2024-01-09
202400044699,07:42,,80,80021,2,4,8,6.0,Quai de la Somme,49.90126088,2.28816837,07:42:00,2024-01-09
202400044700,11:20,Plein jour,78,78401,2,3,1,6.0,ALBERT JOZON (RUE),49.00582,1.90639,11:20:00,2024-01-09
202400044701,18:20,Crépuscule,76,76165,2,1,1,3.0,Rue Emile Zola,49.27819,1.02994,18:20:00,2024-01-09
202400044702,07:25,Nuit sans éclairage,76,76305,2,1,1,7.0,PONT VII (BIS),49.4975,0.19693,07:25:00,2024-01-08
202400044703,21:52,,76,76351,2,2,2,3.0,VAUBAN,49.48988,0.11943,21:52:00,2024-01-07
202400044704,18:50,,72,72181,2,1,1,4.0,VOLTAIRE (RUE) N° IMP 1 A 113,47.99611,0.208,18:50:00,2024-01-08
202400044705,18:30,Nuit sans éclairage,72,72181,1,4,1,2.0,ISAAC (RUE) N° IMP 241 ET >,48.01721,0.24278,18:30:00,2024-01-08
202400044706,09:00,Plein jour,72,72181,2,9,1,6.0,BART JEAN (RUE) N° IMP DE 1 A 53,47.97719,0.22344,09:00:00,2024-01-08
202400044707,14:50,Plein jour,69,69115,2,6,1,3.0,Route d’Anse,45.96551,4.71632,14:50:00,2024-01-08
202400044708,09:15,Plein jour,67,67482,2,3,8,3.0,PRESIDENT WILSON (BOULEVARD),48.58882,7.73997,09:15:00,2024-01-08
202400044709,16:20,Plein jour,64,64129,2,1,1,7.0,CHARLES DE GAULLE,43.30584051,-0.40302068,16:20:00,2024-01-09
202400044710,19:06,,64,64102,2,1,1,6.0,BARTHES (CHEMIN DES),43.49286,-1.49525,19:06:00,2024-01-08
202400044711,12:14,Plein jour,63,63300,2,5,4,6.0,Rue de l'Hôtel de ville / Bd Desaix,45.8943,3.11787,12:14:00,2024-01-08
202400044712,07:40,,62,62041,2,6,1,2.0,Place de Tchécoslovaquie,50.29699747,2.76917732,07:40:00,2024-01-08
202400044713,16:45,Plein jour,59,59599,2,1,1,6.0,Rue Nationale,50.7246,3.1531,16:45:00,2024-01-09
202400044714,11:40,Plein jour,59,59017,2,1,7,6.0,BLUM  (AVENUE LEON),50.69986,2.88831,11:40:00,2024-01-09
202400044715,21:40,Nuit avec éclairage,54,54304,2,1,1,6.0,Rue de la Sapinière,48.68971975,6.13025576,21:40:00,2024-01-08
202400044716,07:45,Nuit sans éclairage,54,54578,2,1,1,2.0,Avenue Paul Muller,48.66965,6.15556,07:45:00,2024-01-08
202400044717,09:09,Plein jour,54,54328,2,1,8,6.0,Rue de la Gare,48.62106,6.16811,09:09:00,2024-01-08
202400044718,16:55,Plein jour,49,49267,1,2,8,3.0,Rue des Levrauderies,47.46665,-0.46861,16:55:00,2024-01-08
202400044719,19:48,,49,49007,2,1,1,3.0,PAUL BERT,47.4653,-0.55035,19:48:00,2024-01-08
202400044720,18:30,,45,45274,2,3,1,3.0,392 Rue des Cordelles,47.88198,1.9522,18:30:00,2024-01-09
202400044721,18:55,Nuit sans éclairage,41,41018,2,1,4,6.0,PICARDIERE (RUE),47.58901,1.28751,18:55:00,2024-01-09
202400044722,12:55,Plein jour,35,35238,2,1,1,3.0,BOIS LABBE (AVENUE DU),48.12612,-1.70298,12:55:00,2024-01-09
202400044723,19:40,,34,34172,2,1,1,1.0,LIBERTE (AVENUE DE LA,43.60884,3.84259,19:40:00,2024-01-09
202400044724,19:07,,33,33281,2,2,1,3.0,Avenue François Mitterrand,44.825718,-0.628116,19:07:00,2024-01-09
202400044725,08:27,Crépuscule,33,33281,2,6,1,6.0,Unknown,44.828062,-0.648766,08:27:00,2024-01-09
202400044726,19:11,,33,33281,2,6,1,2.0,Unknown,44.81738,-0.6742,19:11:00,2024-01-08
202400044727,23:45,,31,31555,2,9,1,2.0,R-PT DU GENERAL EISENHOWER,43.57875611,1.36567891,23:45:00,2024-01-09
202400044728,20:06,,31,31555,2,9,9,3.0,NARBONNE (ROUTE DE),43.56906721,1.45642474,20:06:00,2024-01-09
202400044729,15:40,Plein jour,31,31555,2,1,1,3.0,PL JEANNE D ARC,43.60928,1.44619,15:40:00,2024-01-09
202400044730,07:53,Crépuscule,31,31022,2,1,1,3.0,AV DE FRONTON,43.66019,1.43156,07:53:00,2024-01-09
202400044731,18:30,,29,29019,2,3,1,3.0,rue de Guilers,48.388684,-4.516905,18:30:00,2024-01-08
202400044732,01:30,Nuit sans éclairage,22,22187,2,1,1,6.0,SURCOUF (RUE),48.53817,-2.72283,01:30:00,2024-01-10
202400044733,09:24,Plein jour,01,01157,1,4,1,1.0,2644-2708 D933,46.012943,4.752628,09:24:00,2024-04-02
202400044734,07:50,Nuit avec éclairage,22,22215,2,1,1,4.0,MAUPASSANT (Rue Guy de),48.4971,-2.7689,07:50:00,2024-01-09
202400044735,08:20,Plein jour,22,22044,1,1,8,2.0,RN 12 PR 43+500,48.476236,-2.585392,08:20:00,2024-04-02
202400044736,02:30,,14,14574,1,6,4,7.0,Route de Caen,49.137273,0.171761,02:30:00,2024-01-09
202400044737,19:45,Nuit sans éclairage,974,97413,1,1,2,6.0,Rue Georges Pompidou,-21.141764,55.290343,19:45:00,2024-04-02
202400044738,09:57,Plein jour,14,14118,2,1,1,7.0,21 Avenue du 43ème Régiment d'Artillerie,49.16753,-0.34635,09:57:00,2024-01-08
202400044739,12:30,Plein jour,13,13103,2,9,1,3.0,AVENUE DU 22 AOUT 1944,43.63566093,5.08003842,12:30:00,2024-01-09
202400044740,15:42,Plein jour,13,13204,2,1,1,6.0,FRANÇOISE DUPARC (BOULEVARD),43.30145,5.40059,15:42:00,2024-01-08
202400044741,12:20,Plein jour,62,62118,1,2,2,3.0,D77e1,50.370766,2.551124,12:20:00,2024-04-02
202400044742,18:40,Plein jour,74,74267,2,1,1,3.0,1457 Route d'albertville,45.870174,6.14061,18:40:00,2024-04-02
202400044743,05:02,Nuit sans éclairage,10,10081,1,9,1,5.0,ROCADE OUEST (RD 610),48.3195,4.0219,05:02:00,2024-01-04
202400044744,07:05,Crépuscule,80,80368,1,6,1,3.0,D925,50.073516,1.542506,07:05:00,2024-04-03
202400044745,17:55,Nuit sans éclairage,10,10357,1,1,1,2.0,ROCADE EST (RD 610),48.294,4.1384,17:55:00,2024-01-08
202400044746,18:30,,04,04070,2,1,2,6.0,HONNORAT (R. DU DR),44.09295,6.23473,18:30:00,2024-01-09
202400044747,13:30,Plein jour,61,61163,2,1,1,2.0,D18 PR13+830,48.663788,-0.5144321,13:30:00,2024-04-03
202400044748,19:50,,02,02722,2,3,1,6.0,Unknown,49.36313,3.32569,19:50:00,2024-01-04
202400044749,20:00,Crépuscule,42,42267,1,3,1,3.0,Route de Pouilly,46.150836,4.152896,20:00:00,2024-04-03
202400044750,09:25,Plein jour,01,01451,2,1,4,6.0,MARBOZ RD 996 ( ROUTE DE ) PAIR,46.26018,5.23258,09:25:00,2024-01-09
202400044751,15:30,Plein jour,34,34031,1,1,7,7.0,D137,43.347184,3.428271,15:30:00,2024-03-31
202400044752,17:45,,75,75113,2,1,1,4.0,BD PERIPHERIQUE EXTERIEUR,48.820273,2.37556,17:45:00,2024-01-09
202400044753,09:10,Plein jour,34,34237,1,1,1,6.0,D13,43.494775,3.336094,09:10:00,2024-04-03
202400044754,17:15,,75,75117,2,1,1,4.0,PORTE D ASNIERES,48.893777,2.304534,17:15:00,2024-01-08
202400044755,17:40,Plein jour,68,68374,1,6,1,1.0,D83,48.083698,7.312088,17:40:00,2024-04-02
202400044756,12:00,Plein jour,75,75119,2,3,8,7.0,AVENUE JEAN JAURES,48.88658,2.384648,12:00:00,2024-01-09
202400044757,13:00,Plein jour,68,68374,2,1,1,7.0,77 Rue Clemenceau,48.073635,7.287327,13:00:00,2024-03-31
202400044758,08:12,,75,75118,2,2,1,6.0,BOULEVARD DE LA CHAPELLE,48.883873,2.349512,08:12:00,2024-01-09
202400044759,20:40,Nuit sans éclairage,39,39367,1,1,2,1.0,Unknown,46.532702,6.019907,20:40:00,2024-04-01
202400044760,12:05,Plein jour,75,75117,2,1,4,7.0,AVENUE DE LA PORTE D ASNIERES,48.890773,2.303058,12:05:00,2024-01-09
202400044761,18:45,,75,75115,2,2,2,3.0,RUE FONDARY,48.845968,2.298736,18:45:00,2024-01-09
202400044762,07:30,Plein jour,26,26330,1,4,8,1.0,D53,45.26645,4.95429754,07:30:00,2024-04-03
202400044763,22:15,,75,75114,2,5,4,2.0,BOULEVARD DU MONTPARNASSE,48.841915,2.3296,22:15:00,2024-01-08
202400044764,10:08,Plein jour,50,50402,2,9,1,6.0,Avenue Cote des Isles,49.509763,-1.815064,10:08:00,2024-03-30
202400044765,11:35,Plein jour,75,75109,2,3,1,6.0,RUE D AMSTERDAM,48.87873,2.327003,11:35:00,2024-01-09
202400044766,10:30,Plein jour,50,50483,1,1,1,1.0,Le Gros Chene,49.091616,-1.182039,10:30:00,2024-04-03
202400044767,14:20,Plein jour,75,75108,2,3,1,6.0,RUE DE LA TREMOILLE,48.866239,2.301444,14:20:00,2024-01-09
202400044768,14:15,Plein jour,43,43162,1,1,1,1.0,Route du Garay de Veze,45.229599,4.000568,14:15:00,2024-04-01
202400044769,00:10,Nuit avec éclairage,75,75114,2,3,4,7.0,BOULEVARD SAINT JACQUES,48.832054,2.339504,00:10:00,2024-01-09
202400044770,21:15,Nuit sans éclairage,36,36154,1,1,2,6.0,Unknown,46.597407,1.590378,21:15:00,2024-04-02
202400044771,20:40,,75,75103,2,3,1,3.0,BOULEVARD DE SEBASTOPOL,48.862462,2.350421,20:40:00,2024-01-09
202400044772,08:00,Plein jour,16,16350,1,1,1,7.0,D17,45.3047,0.23777,08:00:00,2024-04-02
202400044773,18:00,,75,75104,2,2,1,3.0,QUAI DE L HOTEL DE VILLE,48.856125,2.350692,18:00:00,2024-01-09
202400044774,07:30,Crépuscule,07,07339,1,1,2,1.0,D104,44.66301299,4.45153702,07:30:00,2024-04-03
202400044775,17:45,Crépuscule,75,75101,2,2,8,7.0,BOULEVARD DE SEBASTOPOL,48.861987,2.350155,17:45:00,2024-01-09
202400044776,19:30,Crépuscule,27,27261,1,2,8,3.0,Rue du Bras de Fer,49.227532,0.982211,19:30:00,2024-03-31
202400044777,16:00,Plein jour,75,75101,2,4,1,3.0,RUE DE TURBIGO,48.863602,2.348153,16:00:00,2024-01-09
202400044778,08:30,Plein jour,28,28140,2,1,1,6.0,Rue des Grands Moulins,48.603984,1.676767,08:30:00,2024-04-03
202400044779,15:30,Plein jour,75,75104,2,2,8,3.0,RUE DE RIVOLI,48.856268,2.356607,15:30:00,2024-01-09
202400044780,15:30,Plein jour,17,17403,1,1,1,1.0,D19,45.430368,-0.446776,15:30:00,2024-04-02
202400044781,20:00,Crépuscule,31,31286,1,1,1,6.0,A64,43.257124,1.109575,20:00:00,2024-04-02
202400044782,05:15,,94,94044,2,6,4,2.0,Route de la Ballastiere / Rue Paul Valéry,48.75255728,2.47260931,05:15:00,2024-01-09
202400044783,18:20,,94,94068,2,2,8,6.0,Avenue Mahieu / Avenue Auguste Marin,48.811528,2.4743286,18:20:00,2024-01-08
202400044784,14:40,Plein jour,77,77165,1,1,1,7.0,Autoroute A5 PK18.900 vers PARIS,48.503259,2.834403,14:40:00,2024-04-02
202400044785,07:15,Plein jour,42,42020,1,1,1,6.0,Route de Seyves,45.612747,4.208,07:15:00,2024-04-03
202400044786,16:50,Crépuscule,94,94076,2,1,1,2.0,90 Rue de Chevilly,48.782657,2.355151,16:50:00,2024-01-07
202400044787,12:45,Plein jour,13,13110,1,1,1,2.0,A8 -Point Kilometrique 39+200,43.470207,5.664825,12:45:00,2024-04-02
202400044788,20:50,Nuit sans éclairage,13,13025,1,1,1,1.0,D7N,43.487389,5.603945,20:50:00,2024-03-24
202400044789,22:30,,94,94041,2,1,1,1.0,193 Avenue Maurice Thorez,48.812389,2.381407,22:30:00,2024-01-09
202400044790,07:30,Crépuscule,37,37242,1,1,1,6.0,Quai de la Loire,47.2352764,0.1510191,07:30:00,2024-04-03
202400044791,12:30,Plein jour,94,94077,2,2,8,2.0,Avenue de la Carelle / Rue Jean Pierre Timbaud,48.73254,2.43135,12:30:00,2024-01-09
202400044792,06:58,Crépuscule,77,77264,1,1,2,3.0,D231,48.745691,2.957253,06:58:00,2024-04-03
202400044793,15:45,Plein jour,32,32162,1,1,1,7.0,D930,43.743135,0.48769,15:45:00,2024-05-02
202400044794,20:42,Nuit sans éclairage,94,94053,2,1,4,5.0,Route de la Queue En Brie,48.77956,2.55809,20:42:00,2024-01-08
202400044795,07:48,Plein jour,78,78048,1,1,2,6.0,N12,48.793652,1.653869,07:48:00,2024-02-29
202400044796,14:15,Plein jour,71,71263,2,1,1,6.0,Place Aristide Briand (Parking),46.628136,5.222151,14:15:00,2024-05-10
202400044797,11:58,Plein jour,2B,2B042,2,1,1,6.0,1615 Avenue de Borgo,42.56352,9.441065,11:58:00,2024-04-03
202400044798,07:00,Crépuscule,93,93055,2,7,1,6.0,Avenue Jean Lolive,48.89317332,2.41261482,07:00:00,2024-01-08
202400044799,18:00,Plein jour,76,76255,2,1,1,3.0,Boulevard Thiers,50.043925,1.421791,18:00:00,2024-05-09
202400044800,17:01,Plein jour,61,61194,1,1,1,1.0,8 Le Mesnil Goulet,48.728058,-0.114755,17:01:00,2024-05-09
202400044801,23:45,,93,93046,2,2,4,3.0,Avenue Charles de Gaulle / Avenue du President John Fitzgerald Kennedy ,48.91651489,2.53155068,23:45:00,2024-01-08
202400044802,17:20,Plein jour,83,83115,2,4,1,1.0,bd jean moulin,43.30478513,6.62872863,17:20:00,2024-04-01
202400044803,16:35,Plein jour,42,42289,1,1,1,3.0,Chemin de Charbonnière,45.968684,4.202174,16:35:00,2024-05-10
202400044804,17:00,Plein jour,06,06065,2,1,1,6.0,Route de Cagnes,43.7023,7.146075,17:00:00,2024-04-01
202400044805,20:55,Nuit sans éclairage,93,93030,2,9,1,6.0,Avenue du Maréchal Leclerc de Hauteclocque,48.94038055,2.42239818,20:55:00,2024-01-09
202400044806,14:15,Plein jour,86,86298,2,1,1,1.0,D1,46.719493,0.535974,14:15:00,2024-05-10
202400044807,08:00,Crépuscule,92,92073,2,1,9,7.0,FOUILLEUSE (AVENUE DE),48.86111642,2.20122162,08:00:00,2024-01-09
202400044808,13:00,Plein jour,22,22004,2,1,1,6.0,19 Rue de Plouaret,48.625388,-3.305439,13:00:00,2024-05-02
202400044809,10:47,Plein jour,13,13007,1,1,1,1.0,D560,43.374578,5.672615,10:47:00,2024-04-02
202400044810,07:00,,92,92064,2,1,1,4.0,MARCEL DASSAULT,48.8562198,2.2231881,07:00:00,2024-01-08
202400044811,09:28,Plein jour,44,44045,1,1,1,6.0,12 la Papinais,47.299627,-1.849303,09:28:00,2024-05-10
202400044812,10:05,Plein jour,13,13015,2,3,1,3.0,D6,43.425969,5.3866,10:05:00,2024-04-03
202400044813,21:10,Nuit sans éclairage,38,38139,1,1,1,6.0,Route de Malville,45.757913,5.460291,21:10:00,2024-05-08
202400044814,13:06,Plein jour,92,92051,2,1,4,6.0,"CHARLES DE GAULLE (AVENUE,N°118 A 192 +",48.88281017,2.26742917,13:06:00,2024-01-09
202400044815,12:05,Plein jour,92,92051,2,1,1,6.0,"CHARLES DE GAULLE (AVENUE, N°27 A 129)",48.87923,2.27769,12:05:00,2024-01-09