Num_Acc,hrmn,lum,dep,com,agg,int,atm,col,adr,lat,long,heure,date
202400044816,15:30,Plein jour,03,03254,1,1,1,2.0,D2009,46.33578,3.285524,15:30:00,2024-05-05
202400044817,16:15,Plein jour,31,31135,1,1,1,1.0,Avenue de Toulouse,43.223336,1.084782,16:15:00,2024-04-02
202400044818,12:44,Plein jour,03,03273,1,6,1,7.0,73bis Rue de Lapalisse,46.205423,3.445088,12:44:00,2024-05-09
202400044819,18:25,Plein jour,01,01035,1,1,1,7.0,D13,46.24328,5.759467,18:25:00,2024-05-09
202400044820,07:10,Nuit avec éclairage,92,92050,2,4,1,3.0,PREMIER MAI RUE DU,48.91867319,2.22264379,07:10:00,2024-01-09
202400044821,14:00,Plein jour,22,22208,1,2,1,3.0,la Délèche,48.33717961,-1.96464475,14:00:00,2024-04-03
202400044822,14:40,Plein jour,92,92020,2,1,1,7.0,MARCEAU RUE,48.79647624,2.27576628,14:40:00,2024-01-09
202400044823,16:30,Plein jour,54,54157,2,1,1,6.0,7 Rue de Scarpone,48.84527015,6.07305765,16:30:00,2024-05-10
202400044824,19:40,,92,92026,2,1,1,6.0,BEZONS (DE 23 A FIN),48.89449,2.25084,19:40:00,2024-01-09
202400044825,07:20,Plein jour,60,60589,1,1,2,1.0,D1016,49.231219,2.470465,07:20:00,2024-04-03
202400044826,14:45,Plein jour,14,14191,1,1,1,6.0,D79,49.312436,-0.445354,14:45:00,2024-05-09
202400044827,19:40,,92,92026,2,1,1,6.0,BEZONS  (DE 01 A 22),48.89449,2.25084,19:40:00,2024-01-09
202400044828,15:30,Plein jour,13,13081,1,1,1,6.0,A7-Sens Marseille vers Lyon,43.494,5.24,15:30:00,2024-04-02
202400044829,02:18,Nuit sans éclairage,50,50369,1,1,1,6.0,Route du Pont Rilly,49.513591,-1.550961,02:18:00,2024-05-10
202400044830,00:45,Nuit sans éclairage,92,92026,2,1,4,2.0,COURBEVOIE (PONT DE),48.89641175,2.26489055,00:45:00,2024-01-09
202400044831,23:30,Nuit sans éclairage,13,13215,1,1,3,1.0,A55-Sens Marseille vers Martigues,43.33527425,5.35328598,23:30:00,2024-03-31
202400044832,13:20,Plein jour,92,92024,2,1,1,6.0,GENERAL ROGUET (RUE DU) DE (1 A 57)   (2,48.90354065,2.31290929,13:20:00,2024-01-09
202400044833,01:00,,92,92024,2,1,4,1.0,GENNEVILLIERS (PONT DE),48.91300492,2.31100962,01:00:00,2024-01-09
202400044834,05:45,Nuit sans éclairage,83,83047,1,1,1,2.0,A570,43.13357431,6.05180516,05:45:00,2024-04-01
202400044835,10:20,Plein jour,45,45059,1,1,1,7.0,D2157 PR 12 + 6,47.932332,1.750667,10:20:00,2024-05-10
202400044836,07:47,,92,92007,2,3,4,6.0,DE GAULLE (AVENUE CHARLES),48.79770626,2.29683548,07:47:00,2024-01-09
202400044837,20:20,Nuit sans éclairage,01,01275,1,1,1,2.0,A42   4.353 A 5.760   GEN/LYON,45.8102,4.93517,20:20:00,2024-03-10
202400044838,18:00,Plein jour,43,43020,1,4,1,1.0,Route de Beauzac,45.293853,4.115045,18:00:00,2024-05-09
202400044839,17:27,,92,92009,2,2,9,1.0,CHARLES-DE-GAULLE ( AVENUE ),48.91832288,2.27507293,17:27:00,2024-01-09
202400044840,15:10,Plein jour,43,43078,2,1,1,6.0,Rue des Jardins,44.995242,3.917924,15:10:00,2024-05-09
202400044841,15:20,Plein jour,92,92002,2,1,1,7.0,LAVOISIER (AVENUE),48.74846636,2.31333643,15:20:00,2024-01-15
202400044842,22:25,Nuit sans éclairage,07,07058,1,1,1,6.0,D5,44.552038,4.289453,22:25:00,2024-05-09
202400044843,08:30,Crépuscule,54,54462,2,1,1,6.0,Rue du Colonel Thiébaut,48.59675545,6.33497536,08:30:00,2024-01-10
202400044844,11:35,Plein jour,33,33397,1,1,1,4.0,Unknown,44.91727513,-0.47712759,11:35:00,2024-04-02
202400044845,15:45,Plein jour,40,40118,1,1,2,1.0,Route de l'Océan,43.542893,-0.950918,15:45:00,2024-05-07
202400044846,14:30,Plein jour,14,14223,1,2,9,1.0,D511,48.879111,-0.349224,14:30:00,2024-01-08
202400044847,06:00,Nuit sans éclairage,85,85004,2,4,1,6.0,Canal de Ceinture (Rivière),46.354233,-1.368157,06:00:00,2024-05-10
202400044848,08:55,Plein jour,33,33550,1,1,1,4.0,Unknown,44.77977,-0.54914,08:55:00,2024-04-02
202400044849,18:40,Nuit sans éclairage,02,02330,1,1,1,2.0,"Autoroute A26, PK 167+430",49.859961,3.235538,18:40:00,2024-01-10
202400044850,19:09,Plein jour,91,91521,1,1,2,7.0,RN 449,48.63567,2.40157,19:09:00,2024-04-02
202400044851,11:10,Plein jour,85,85005,1,3,1,3.0,D938t,46.6399,-0.7534,11:10:00,2024-05-10
202400044852,17:45,Crépuscule,34,34095,1,1,1,5.0,departementale 114,43.522702,3.762249,17:45:00,2024-01-07
202400044853,17:40,Plein jour,85,85232,1,2,1,3.0,RD7,46.689115,-1.18323,17:40:00,2024-05-10
202400044854,10:50,Plein jour,91,91161,1,1,1,5.0,AUTOROUTE A6,48.72027,2.31108,10:50:00,2024-04-02
202400044855,19:15,Plein jour,28,28324,1,1,1,6.0,D24,48.500245,1.247391,19:15:00,2024-04-17
202400044856,14:00,Plein jour,92,92002,1,1,1,6.0,AUTOROUTE A86,48.76344108,2.30932312,14:00:00,2024-04-02
202400044857,08:30,Plein jour,56,56251,1,1,1,4.0,ZA Atlantheix,47.64592,-2.70013,08:30:00,2024-01-09
202400044858,00:15,Nuit sans éclairage,17,17235,1,1,1,7.0,CD 131,45.793221,-0.402219,00:15:00,2024-05-10
202400044859,07:47,Crépuscule,91,91689,1,1,1,5.0,AUTOROUTE A6B,48.7462,2.3257,07:47:00,2024-04-02
202400044860,07:25,Nuit sans éclairage,2A,2A085,1,1,2,1.0,T40,41.914445,8.885053,07:25:00,2024-01-09
202400044861,07:45,Plein jour,30,30188,1,1,1,3.0,D936,44.018412,4.15612,07:45:00,2024-05-10
202400044862,14:00,Plein jour,82,82093,2,1,1,7.0,349 Route de Castelsarrasin,43.93458018,1.08704549,14:00:00,2024-01-04
202400044863,23:55,Nuit sans éclairage,94,94038,1,1,2,2.0,A6B,48.77196197,2.34520358,23:55:00,2024-04-01
202400044864,16:30,Plein jour,48,48166,1,1,1,3.0,D983,44.284786,3.597481,16:30:00,2024-05-09
202400044865,07:20,,29,29162,2,1,1,6.0,Place Charles de Gaulle,48.2258658,-3.97004406,07:20:00,2024-01-10
202400044866,17:28,Plein jour,95,95277,1,1,1,3.0,A3,48.96829077,2.47840727,17:28:00,2024-04-01
202400044867,17:55,,01,01195,2,4,4,6.0,90 Rue Charles Robin,46.211879,5.323203,17:55:00,2024-01-09
202400044868,14:25,Plein jour,31,31424,2,1,1,3.0,Rue des Lavandes,43.561504,1.305695,14:25:00,2024-05-05
202400044869,15:08,Plein jour,95,95212,1,1,2,6.0,N104,49.02850624,2.52640482,15:08:00,2024-04-01
202400044870,22:40,Nuit sans éclairage,26,26238,1,1,1,7.0,rd 94,44.379423,5.181556,22:40:00,2024-01-08
202400044871,13:05,Plein jour,35,35352,2,1,1,6.0,9 Rue du Champ Martin,48.060776,-1.615253,13:05:00,2024-05-08
202400044872,10:28,Plein jour,95,95582,2,1,1,2.0,A15,48.9685214,2.2516783,10:28:00,2024-04-01
202400044873,16:20,Plein jour,58,58004,2,1,1,1.0,Rue l?Huy Morlot,47.034036,3.638411,16:20:00,2024-01-10
202400044874,04:50,,67,67343,2,1,1,1.0,Rue de la Victoire,48.609373,7.690929,04:50:00,2024-05-09
202400044875,01:00,Nuit sans éclairage,95,95277,1,9,1,2.0,A3,48.97874264,2.49592219,01:00:00,2024-04-01
202400044876,11:01,Plein jour,68,68021,1,1,2,6.0,A 35 PK 119.800,47.643143,7.496281,11:01:00,2024-05-06
202400044877,17:15,Plein jour,27,27061,1,1,1,6.0,rd613,49.154541,0.595365,17:15:00,2024-01-10
202400044878,00:15,Nuit sans éclairage,93,93066,1,9,1,3.0,A1,48.93021039,2.36537062,00:15:00,2024-04-01
202400044879,10:25,Plein jour,30,30062,1,1,1,1.0,D1,43.80248524,4.19502711,10:25:00,2024-01-10
202400044880,12:15,Plein jour,11,11262,1,1,1,3.0,Unknown,43.163166,3.058255,12:15:00,2024-05-09
202400044881,11:10,Plein jour,77,77249,1,1,1,6.0,RN104,48.72828524,2.60506736,11:10:00,2024-04-01
202400044882,14:15,Plein jour,30,30068,1,1,2,7.0,1425 Route des Cévennes,44.023457,4.09149,14:15:00,2024-01-10
202400044883,14:00,Plein jour,69,69064,1,1,1,6.0,Montee du Rozay,45.473953,4.771312,14:00:00,2024-05-09
202400044884,08:05,Plein jour,973,97309,2,3,1,1.0,Route de Montjoly (rd1),4.91729101,-52.27683038,08:05:00,2024-01-10
202400044885,16:10,Plein jour,987,98715,1,1,1,2.0,PK 40,-17.568338,-149.611734,16:10:00,2024-05-09
202400044886,16:00,Plein jour,06,06085,2,1,1,1.0,Chemin de Carimaï,43.575475,6.978448,16:00:00,2024-01-09
202400044887,22:20,Nuit sans éclairage,94,94058,1,1,1,4.0,A86,48.8472805,2.49196502,22:20:00,2024-03-31
202400044888,17:00,Plein jour,31,31374,1,1,1,6.0,A66 PK 2+700,43.405125,1.645997,17:00:00,2024-01-09
202400044889,21:27,,66,66037,2,9,1,3.0,Promenade de la Côte Radieuse,42.680976,3.034187,21:27:00,2024-05-09
202400044890,16:50,Plein jour,971,97103,2,6,1,6.0,N10,16.240881,-61.583111,16:50:00,2024-01-08
202400044891,12:00,Plein jour,84,84019,1,1,8,2.0,autorute A7,44.27003656,4.72540415,12:00:00,2024-01-10
202400044892,19:40,Plein jour,44,44073,1,2,8,3.0,Rue  Anne de Bretagne,47.41437531,-1.65226674,19:40:00,2024-01-28
202400044893,05:40,Crépuscule,987,98733,1,1,1,3.0,Grottes de Maraa,-17.7452,-149.566994,05:40:00,2024-01-09
202400044894,19:15,Plein jour,84,84138,1,1,1,5.0,Route de Baume-de-transit,44.372264,4.965468,19:15:00,2024-05-10
202400044895,00:01,Nuit sans éclairage,988,98823,1,1,1,7.0,Göyéta (Tribu),-21.088815,165.362649,00:01:00,2024-01-10
202400044896,15:40,Plein jour,83,83107,2,3,1,3.0,RD 559,43.341129,6.684301,15:40:00,2024-05-08
202400044897,18:30,Nuit sans éclairage,78,78009,1,1,9,1.0,D291,48.456076,1.911923,18:30:00,2024-01-09
202400044898,00:37,,91,91228,2,2,2,7.0,BD DECAUVILLE,48.63637,2.43939,00:37:00,2024-03-30
202400044899,22:30,Nuit sans éclairage,13,13095,1,1,1,6.0,D10f,43.547817,5.534878,22:30:00,2024-05-09
202400044900,08:30,Plein jour,68,68063,2,2,1,6.0,Rue Raymond Poincaré,47.806688,7.175521,08:30:00,2024-05-10
202400044901,07:54,Crépuscule,13,13107,2,4,2,3.0,route de mimet,43.429179,5.437514,07:54:00,2024-01-10
202400044902,15:45,Plein jour,44,44184,2,1,8,2.0,71 Boulevard Louis Antoine de Bougainville,47.28742222,-2.22077002,15:45:00,2024-03-25
202400044903,15:30,Plein jour,73,73006,2,1,8,3.0,Route des iles,45.55159144,6.6444035,15:30:00,2024-05-04
202400044904,07:40,Crépuscule,67,67155,2,1,1,6.0,Route de Strasbourg,48.412044,7.472366,07:40:00,2024-01-08
202400044905,12:10,Plein jour,69,69112,1,1,1,1.0,Route de Sain-Bel,45.80073,4.67419,12:10:00,2024-05-01
202400044906,12:35,Plein jour,44,44184,2,1,1,3.0,71 Rue de Stalingrad,47.277587,-2.211077,12:35:00,2024-03-24
202400044907,12:30,Plein jour,38,38085,2,1,4,1.0,Route de Lyon,45.75241349,5.15243082,12:30:00,2024-01-09
202400044908,15:30,Plein jour,65,65451,1,4,1,7.0,2 Route d’Astugue,43.087931,0.092289,15:30:00,2024-05-10
202400044909,10:20,Plein jour,44,44109,2,6,8,6.0,44 Boulevard Robert Schuman,47.23602975,-1.56812399,10:20:00,2024-03-23
202400044910,02:00,Nuit sans éclairage,09,09074,1,1,5,6.0,Camp Del Pount,43.022627,1.959708,02:00:00,2024-05-10
202400044911,10:25,Plein jour,26,26235,2,3,1,3.0,Route de Saint Paul,44.375335,4.705013,10:25:00,2024-01-10
202400044912,23:35,Nuit sans éclairage,33,33248,2,1,1,1.0,Unknown,45.083332,-0.752252,23:35:00,2024-05-09
202400044913,15:00,Plein jour,976,97611,2,1,1,2.0,tsoundzou-SIM ( rue de la ),-12.81326,45.20185,15:00:00,2024-04-01
202400044914,09:50,Plein jour,26,26235,1,4,1,3.0,D59,44.367045,4.664906,09:50:00,2024-01-10
202400044915,17:45,Plein jour,85,85019,2,1,1,6.0,7 Rue du maréchal de lattre de tassigny,46.784414,-1.4317,17:45:00,2024-05-10
202400044916,19:25,Nuit sans éclairage,973,97302,1,1,1,6.0,ROUTE NATIONALE 3,4.90499725,-52.3192817,19:25:00,2024-03-31
202400044917,07:25,Crépuscule,50,50444,1,1,1,6.0,D59,49.058113,-0.969543,07:25:00,2024-05-10
202400044918,10:15,Plein jour,17,17283,2,1,1,1.0,RD 137,45.5879,-0.549574,10:15:00,2024-01-06
202400044919,21:10,,69,69383,2,2,1,3.0,Avenue Lacassagne,45.75281,4.86958,21:10:00,2024-04-01
202400044920,20:55,Plein jour,50,50032,2,1,1,3.0,Route de Saint-jean,49.109543,-1.026878,20:55:00,2024-05-09
202400044921,06:55,Nuit sans éclairage,27,27332,1,1,8,3.0,D135,49.19344,1.2691,06:55:00,2024-01-09
202400044922,16:45,Plein jour,972,97213,1,1,1,2.0,AUTOROUTE A1,14.61819,-61.03304,16:45:00,2024-03-31
202400044923,17:21,Plein jour,13,13019,1,1,1,2.0,A51-Sens Marseille vers Aix en Provence,43.423,5.3732,17:21:00,2024-01-08
202400044924,17:00,Plein jour,29,29179,1,1,1,5.0,Kerven,48.54495084,-4.31763483,17:00:00,2024-05-09
202400044925,18:54,Plein jour,13,13215,1,1,1,6.0,A7-Sens Lyon vers Marseille,43.37560356,5.35988144,18:54:00,2024-04-30
202400044926,13:45,Plein jour,13,13203,1,1,1,2.0,A7-Sens Marseille vers Lyon,43.30765,5.37573,13:45:00,2024-01-08
202400044927,03:52,Nuit sans éclairage,77,77358,1,1,1,6.0,RN 330,48.977938,2.861226,03:52:00,2024-04-01
202400044928,16:30,Plein jour,83,83137,1,1,1,3.0,Unknown,43.12021581,5.94973344,16:30:00,2024-05-08
202400044929,17:55,Nuit sans éclairage,69,69266,1,1,2,4.0,Route Départementale 383,45.75627,4.90874,17:55:00,2024-01-08
202400044930,15:25,Plein jour,74,74012,2,1,1,3.0,GIFFRE (AVENUE DU),46.19599,6.23928,15:25:00,2024-04-01
202400044931,17:40,,38,38336,1,1,4,1.0,A7   32.870 A 35.680,45.49801908,4.83923502,17:40:00,2024-01-08
202400044932,12:30,Plein jour,69,69029,1,1,1,4.0,Autoroute 43  ,45.72796001,4.9051087,12:30:00,2024-05-04
202400044933,15:00,Plein jour,69,69013,2,6,1,3.0,Avenue de Joux,46.02022,4.72095,15:00:00,2024-04-01
202400044934,19:06,,67,67482,1,1,1,4.0,Autoroute A.35,48.58878,7.72985,19:06:00,2024-01-08
202400044935,19:20,Plein jour,45,45338,2,1,2,6.0,7 Rue des Frères Lumière,47.974,2.719,19:20:00,2024-04-01
202400044936,05:05,Nuit sans éclairage,69,69294,1,1,1,6.0,Autoroute 7 ,45.62770483,4.81648234,05:05:00,2024-05-08
202400044937,13:45,Plein jour,91,91471,1,1,1,2.0,RN 118,48.715559,2.173329,13:45:00,2024-01-09
202400044938,21:20,,37,37122,2,6,2,3.0,CHINON (BOULEVARD DE),47.35186,0.68631,21:20:00,2024-04-01
202400044939,13:43,Plein jour,91,91661,1,1,4,7.0,AUTOROUTE A10,48.6864,2.2135,13:43:00,2024-01-09
202400044940,20:54,Plein jour,33,33003,1,1,1,2.0,Unknown,44.926967,-0.471715,20:54:00,2024-05-09
202400044941,19:30,Plein jour,34,34172,2,3,1,2.0,MENDE (ROUTE DE),43.64509,3.86187,19:30:00,2024-04-01
202400044942,10:10,Plein jour,91,91161,1,1,4,4.0,AUTOROUTE A126,48.71093,2.29795,10:10:00,2024-01-09
202400044943,19:25,Plein jour,92,92019,1,1,1,5.0,AUTOROUTE A86,48.76058399,2.28766078,19:25:00,2024-05-09
202400044944,04:30,Nuit sans éclairage,91,91689,1,1,4,3.0,AUTOROUTE A10,48.74016,2.32001,04:30:00,2024-01-09
202400044945,19:00,Plein jour,33,33063,2,2,1,3.0,Unknown,44.8432,-0.57105,19:00:00,2024-04-01
202400044946,17:28,Plein jour,91,91174,1,1,1,3.0,RN 104,48.62274,2.4645,17:28:00,2024-05-09
202400044947,03:45,Nuit sans éclairage,92,92002,1,1,4,2.0,AUTOROUTE A10,48.73289858,2.31220633,03:45:00,2024-01-09
202400044948,21:10,,25,25462,2,2,3,3.0,BAUMONT,46.89574,6.34464,21:10:00,2024-03-31
202400044949,16:24,Plein jour,91,91689,1,1,1,2.0,AUTOROUTE A6B,48.7491,2.3283,16:24:00,2024-05-09
202400044950,22:30,Nuit sans éclairage,91,91570,1,1,4,6.0,RN 104,48.624905,2.327232,22:30:00,2024-01-08
202400044951,14:00,Plein jour,17,17306,2,3,3,3.0,REUTIN (BD FELIX),45.63799,-1.03289,14:00:00,2024-04-01
202400044952,06:15,Plein jour,93,93010,1,1,1,3.0,A3,48.90534444,2.47202414,06:15:00,2024-05-09
202400044953,23:45,Nuit sans éclairage,91,91589,1,1,4,7.0,AUTOROUTE A6,48.67145,2.346418,23:45:00,2024-01-08
202400044954,21:40,Nuit sans éclairage,91,91161,1,1,4,6.0,AUTOROUTE A6,48.694953,2.318892,21:40:00,2024-01-08
202400044955,12:55,Plein jour,14,14715,2,1,1,6.0,Promenade des Planches,49.36673,0.07787,12:55:00,2024-04-01
202400044956,22:05,Nuit sans éclairage,93,93066,1,1,1,2.0,A1,48.92528227,2.35705575,22:05:00,2024-05-08
202400044957,07:45,,92,92076,1,1,1,3.0,A13,48.83172991,2.15053217,07:45:00,2024-01-08
202400044958,16:05,Plein jour,94,94017,1,1,1,4.0,A4,48.8303229,2.48934965,16:05:00,2024-05-09
202400044959,16:05,Plein jour,72,72021,1,1,1,3.0,Lieu Dit La Haute Daviere,47.8545014,-0.19381352,16:05:00,2024-02-23
202400044960,06:03,,78,78217,1,1,1,6.0,A13,48.966359,1.811492,06:03:00,2024-01-08
202400044961,17:10,Plein jour,987,98736,2,4,1,3.0,PAUL BERNIERE (RUE),-17.54,-149.552,17:10:00,2024-05-06
202400044962,21:25,,11,11262,2,4,2,1.0,113 Avenue de Bordeaux,43.181548,2.978775,21:25:00,2024-04-01
202400044963,06:35,Plein jour,976,97611,2,1,1,7.0,vahibe-Departementale 3 ( route ),-12.78968,45.17872,06:35:00,2024-05-08
202400044964,06:15,Nuit sans éclairage,95,95604,1,1,1,6.0,A1,49.12303031,2.55678356,06:15:00,2024-01-09
202400044965,16:30,Plein jour,73,73104,1,1,1,1.0,D38,45.549122,5.751536,16:30:00,2024-02-21
202400044966,23:10,,974,97416,1,9,1,7.0,RN3 (3),-21.30331,55.50049,23:10:00,2024-05-08
202400044967,16:30,Plein jour,75,75117,2,2,8,3.0,AVENUE DE LA PORTE DE CLICHY,48.895348,2.312132,16:30:00,2024-04-01
202400044968,23:00,Nuit sans éclairage,93,93066,1,1,4,3.0,A86,48.92195408,2.36015081,23:00:00,2024-01-08
202400044969,17:10,Plein jour,16,16237,1,1,2,1.0,departementale 185,45.895217,0.232944,17:10:00,2024-02-23
202400044970,21:53,,69,69383,2,2,1,6.0,Rue André Philip,45.75977,4.8507,21:53:00,2024-05-08
202400044971,23:00,Nuit sans éclairage,93,93007,1,1,4,6.0,A3,48.93268802,2.48098902,23:00:00,2024-01-08
202400044972,16:30,Plein jour,28,28071,1,4,2,3.0,D923,48.398654,1.056063,16:30:00,2024-02-22
202400044973,19:12,Nuit sans éclairage,94,94017,1,1,1,6.0,A4,48.829277,2.48195396,19:12:00,2024-01-08
202400044974,16:26,Plein jour,75,75116,2,3,2,3.0,AVENUE DE LA PORTE D AUTEUIL,48.847965,2.251255,16:26:00,2024-04-01
202400044975,20:45,,69,69388,2,3,1,3.0,Boulevard des Etats-Unis,45.72698,4.86927,20:45:00,2024-05-08
202400044976,17:05,Crépuscule,06,06018,1,1,3,6.0,Route des Colles,43.62003,7.098119,17:05:00,2024-02-22
202400044977,07:50,Plein jour,974,97411,2,1,1,6.0,RAMBAUD (LEOPOLD),-20.88587,55.4761,07:50:00,2024-01-08
202400044978,23:20,,75,75108,2,2,1,3.0,PLACE DE LA CONCORDE,48.865871,2.319907,23:20:00,2024-03-31
202400044979,20:10,Plein jour,69,69388,2,2,1,3.0,Rue Marius Berliet,45.73893941,4.86665159,20:10:00,2024-05-08
202400044980,13:14,Plein jour,973,97302,2,3,1,3.0,VOLTAIRE(AVENUE),4.9424,-52.32241,13:14:00,2024-01-08
202400044981,04:05,,972,97213,1,1,1,6.0,ROUTE DEPARTEMENTALE 13,14.63237,-61.02775,04:05:00,2024-05-08
202400044982,04:10,,75,75104,2,3,2,1.0,RUE DE RIVOLI,48.856683,2.355005,04:10:00,2024-03-30
202400044983,20:10,Nuit sans éclairage,69,69102,1,1,2,5.0,Autoroute 89,45.87954,4.39678,20:10:00,2024-02-22
202400044984,03:40,,971,97101,2,1,2,7.0,PERRIN,16.27528,-61.50927,03:40:00,2024-05-08
202400044985,13:35,Plein jour,94,94041,2,1,1,3.0,Boulevard de Stalingrad,48.80212466,2.37885305,13:35:00,2024-04-01
202400044986,11:26,Plein jour,973,97302,2,3,1,3.0,MADELEINE (ROUTE DE LA),4.91492,-52.32095,11:26:00,2024-01-08
202400044987,13:45,Plein jour,971,97107,2,1,1,2.0,DUMANOIR ( ALLEE ),16.03985369,-61.56646013,13:45:00,2024-05-08
202400044988,13:00,Plein jour,30,30116,1,1,1,2.0,Autoroute A9 Pk 027.500,43.945712,4.618034,13:00:00,2024-02-23
202400044989,18:50,Plein jour,83,83009,1,1,1,2.0,BEAUSSET (ROUTE DU),43.14982456,5.76016259,18:50:00,2024-05-08
202400044990,14:50,Plein jour,971,97107,1,1,1,3.0,RN1 Changy,16.04988276,-61.57270432,14:50:00,2024-02-22
202400044991,18:55,Plein jour,83,83061,1,1,1,1.0,RN7,43.47028,6.76484,18:55:00,2024-05-08
202400044992,19:50,Nuit sans éclairage,973,97302,2,1,1,7.0,Route de Troubiran,4.92304453,-52.30387509,19:50:00,2024-01-02
202400044993,12:30,Plein jour,21,21263,1,2,1,3.0,M108,47.257603,5.059167,12:30:00,2024-02-23
202400044994,18:00,Plein jour,81,81065,1,2,1,3.0,VIGARIE (LDT LA),43.63465,2.18473,18:00:00,2024-05-08
202400044995,17:00,Plein jour,77,77531,1,1,6,6.0,D22,48.284366,2.955938,17:00:00,2024-02-22
202400044996,18:32,Plein jour,94,94018,2,1,1,6.0,Quai des Carrieres,48.81884468,2.40937525,18:32:00,2024-04-01
202400044997,14:00,Plein jour,78,78609,1,1,1,3.0,CD 28,49.028799,1.916766,14:00:00,2024-05-08
202400044998,17:42,Plein jour,973,97302,2,1,1,5.0,MADELEINE (ROUTE DE LA),4.91834302,-52.32155085,17:42:00,2024-01-04
202400044999,16:30,Plein jour,93,93070,2,1,1,3.0,Rue des Bateliers,48.91488724,2.32480574,16:30:00,2024-04-01
202400045000,09:00,Plein jour,77,77091,1,2,1,3.0,D216 PK 20+565,48.743251,2.81644,09:00:00,2024-02-15
202400045001,19:16,Plein jour,77,77111,2,1,1,6.0,AV PAUL SERAMY,48.867074,2.783508,19:16:00,2024-05-08
202400045002,13:20,Plein jour,69,69387,2,1,2,6.0,Boulevard de l'Artillerie,45.73245,4.84251,13:20:00,2024-01-08
202400045003,12:00,Plein jour,34,34299,2,1,1,6.0,Rue Paul Cezanne,43.271922,3.282513,12:00:00,2024-02-05
202400045004,17:30,Plein jour,77,77058,2,1,8,6.0,LAGNY (BOULEVARD DE),48.83673,2.70581,17:30:00,2024-05-05
202400045005,20:10,Plein jour,93,93066,2,1,1,5.0,Avenue Lénine,48.94559,2.35972,20:10:00,2024-04-01
202400045006,10:50,Plein jour,69,69388,2,2,1,6.0,Boulevard des Etats-Unis,45.72958,4.86759,10:50:00,2024-01-08
202400045007,18:55,Plein jour,76,76108,1,1,1,7.0,Rue de la Haie,49.4871,1.129,18:55:00,2024-05-03
202400045008,19:50,,68,68226,2,1,8,7.0,Rue Saint-Grégoire,48.040777,7.134022,19:50:00,2024-02-19
202400045009,12:35,Plein jour,972,97213,1,1,1,6.0,ROUTE DEPARTEMENTALE 3,14.6751,-60.9906,12:35:00,2024-01-08
202400045010,16:55,Plein jour,93,93066,2,9,1,5.0,Rue du Général Joinville / Route de la Courneuve,48.934,2.37,16:55:00,2024-04-01
202400045011,15:45,Plein jour,76,76259,2,2,1,3.0,LEBORGNE ( RUE CHARLES),49.754252,0.37301,15:45:00,2024-05-08
202400045012,14:20,Plein jour,26,26037,1,3,1,3.0,D538a,44.898201,4.940844,14:20:00,2024-02-21
202400045013,18:05,Plein jour,76,76026,1,6,1,7.0,Unknown,49.875475,1.117507,18:05:00,2024-05-08
202400045014,12:00,Plein jour,93,93046,2,1,2,3.0,Avenue Lucie Aubrac,48.93049133,2.54716408,12:00:00,2024-04-01
202400045015,19:35,Nuit sans éclairage,69,69273,1,3,1,1.0,Chemin des Romanettes,45.643853,4.900074,19:35:00,2024-02-19
202400045016,07:10,Plein jour,972,97213,1,6,1,3.0,ROUTE NATIONALE 1,14.62308,-60.98915,07:10:00,2024-01-07
202400045017,13:04,Plein jour,93,93046,2,3,1,3.0,Rue Jacob / Allée Violette,48.92716,2.54284,13:04:00,2024-04-01
202400045018,12:19,Plein jour,81,81294,1,1,2,6.0,D964,43.837204,1.939065,12:19:00,2024-02-23
202400045019,16:50,Plein jour,17,17412,2,1,1,6.0,114 Route de Port la Pierre,45.819256,-0.638627,16:50:00,2024-02-20
202400045020,20:55,,93,93057,2,2,1,1.0,Avenue Jean Jaurès / Boulevard Pasteur,48.9019,2.5109,20:55:00,2024-04-01
202400045021,05:55,Nuit sans éclairage,972,97213,1,9,1,7.0,BOIS D'INDE (CITE),14.62643,-61.01302,05:55:00,2024-01-07
202400045022,18:30,Plein jour,72,72181,1,1,1,5.0,LIBERTE (AV DE LA),47.96307,0.22364,18:30:00,2024-05-08
202400045023,17:30,Plein jour,33,33262,2,4,7,3.0,Avenue du General de Gaulle,45.007437,-0.617205,17:30:00,2024-02-17
202400045024,01:53,,92,92026,2,1,1,6.0,RÉPUBLIQUE ( DE 54 A 80 ET DE 33 A 63 ),48.90169292,2.25184894,01:53:00,2024-04-01
202400045025,11:15,Plein jour,67,67482,2,1,8,6.0,VIEUX MARCHE AUX VINS (RUE DU),48.584,7.7426,11:15:00,2024-05-08
202400045026,11:52,Plein jour,33,33003,2,1,1,6.0,Unknown,44.932509,-0.474045,11:52:00,2024-02-20
202400045027,20:35,Crépuscule,92,92025,2,1,1,6.0,COLBERT  115 A 131   104 A 124 (RUE),48.91454939,2.23399007,20:35:00,2024-04-01
202400045028,19:50,Plein jour,64,64129,2,3,1,3.0,BAYONNE DE,43.30043625,-0.39318502,19:50:00,2024-05-08
202400045029,21:30,,971,97101,1,1,1,6.0,GRAND CAMP(SECTION),16.25402,-61.53863,21:30:00,2024-01-06