Num_Acc,hrmn,lum,dep,com,agg,int,atm,col,adr,lat,long,heure,date
202400045030,18:20,Plein jour,33,33089,1,4,1,1.0,Unknown,45.168177,-0.572013,18:20:00,2024-02-17
202400045031,15:45,Plein jour,64,64445,2,1,1,3.0,LYAUTEY,43.31092943,-0.36279023,15:45:00,2024-05-08
202400045032,23:15,,92,92023,2,3,1,1.0,HENRI BARBUSSE (AVENUE),48.81303897,2.25795162,23:15:00,2024-03-31
202400045033,01:15,,971,97120,2,1,1,3.0,RUE EUVREMONT GENE,16.24742,-61.53898,01:15:00,2024-01-07
202400045034,15:25,Plein jour,64,64024,2,1,1,3.0,LAPORTE (AVENUE JEAN LEON),43.48366,-1.50345,15:25:00,2024-05-08
202400045035,12:54,Plein jour,02,02134,1,1,1,1.0,D1043,49.905882,4.072092,12:54:00,2024-02-23
202400045036,12:00,Plein jour,92,92012,2,1,1,2.0,GENERAL LECLERC (AVENUE DU) 1/33 - 2/58,48.83201354,2.23845685,12:00:00,2024-04-01
202400045037,00:05,,59,59646,2,1,1,2.0,FLANDRE (AVENUE DE),50.66441,3.1169,00:05:00,2024-05-09
202400045038,20:41,Crépuscule,92,92004,2,1,1,6.0,REDOUTE ( AVENUE DE LA  ),48.92900113,2.28023261,20:41:00,2024-04-01
202400045039,08:00,Plein jour,2A,2A004,2,3,1,3.0,BIANCAMARIA COLONEL ET CAPITAINE AVE,41.93445365,8.73664375,08:00:00,2024-01-08
202400045040,15:30,Plein jour,59,59122,2,1,1,3.0,LIBERTE (BOULEVARD DE LA),50.1704,3.23062,15:30:00,2024-05-08
202400045041,16:20,Plein jour,83,83072,1,9,1,3.0,757 Route des Arcs,43.48398724,6.368415,16:20:00,2024-04-01
202400045042,19:40,Nuit sans éclairage,95,95680,1,1,8,1.0,D10,49.01327581,2.4070377,19:40:00,2024-01-08
202400045043,18:41,Nuit sans éclairage,13,13106,1,1,1,3.0,A7-Sens Marseille vers Lyon,43.39441,5.35137,18:41:00,2024-02-21
202400045044,17:55,Plein jour,31,31053,1,1,1,6.0,Route de Gragnague,43.656194,1.55478,17:55:00,2024-04-01
202400045045,11:40,Plein jour,42,42318,2,2,1,3.0,Rue Poncetton,45.389833,3.942091,11:40:00,2024-07-15
202400045046,17:25,Plein jour,54,54395,2,2,1,3.0,Avenue Général Leclerc,48.67338,6.17395,17:25:00,2024-05-08
202400045047,10:00,Plein jour,972,97210,1,1,1,7.0,la dumaine,14.594052,-60.90586,10:00:00,2024-03-30
202400045048,19:30,,91,91657,2,1,2,1.0,CONCORDE (AVENUE DE LA),48.7035,2.42638,19:30:00,2024-01-07
202400045049,19:15,Nuit sans éclairage,91,91103,1,1,1,6.0,RN 104,48.62379,2.29783,19:15:00,2024-02-22
202400045050,10:05,Plein jour,44,44010,2,1,1,6.0,21 Route de Saint-Nudec,47.281467,-2.49744,10:05:00,2024-07-17
202400045051,12:00,Plein jour,54,54542,1,3,1,3.0,Rue Bellevue,49.209881,5.918275,12:00:00,2024-05-03
202400045052,15:00,Plein jour,91,91228,2,1,1,6.0,INTERNATIONALE (RUE DE L'),48.6198,2.45,15:00:00,2024-01-08
202400045053,05:53,Nuit sans éclairage,35,35017,1,1,1,1.0,RD 20,48.30506131,-1.91865145,05:53:00,2024-04-02
202400045054,18:00,Plein jour,94,94034,1,1,3,3.0,A86,48.75895409,2.32434215,18:00:00,2024-02-22
202400045055,11:05,Plein jour,91,91100,1,1,1,7.0,D837,48.42776,2.27824,11:05:00,2024-01-08
202400045056,20:00,Plein jour,29,29027,1,1,1,2.0,Route Nationale 164,48.203146,-3.829443,20:00:00,2024-07-17
202400045057,18:00,Plein jour,34,34095,1,1,1,3.0,M185,43.548217,3.807,18:00:00,2024-04-01
202400045058,20:19,Crépuscule,42,42095,2,6,1,3.0,Boulevard Saint Charles,45.38864,4.28024,20:19:00,2024-05-08
202400045059,11:35,Plein jour,51,51266,1,1,2,6.0,RD271,49.11140256,4.03515766,11:35:00,2024-03-31
202400045060,08:35,Plein jour,91,91223,2,3,1,3.0,SACLAS (ROUTE DE),48.41762,2.14847,08:35:00,2024-01-08
202400045061,15:27,Plein jour,95,95277,1,1,3,4.0,A1,48.97418023,2.48861148,15:27:00,2024-02-22
202400045062,22:15,Crépuscule,29,29026,1,3,1,3.0,Rue de Kerlobret,48.19258821,-4.10924573,22:15:00,2024-07-16
202400045063,18:55,Crépuscule,76,76206,1,1,2,7.0,D239,49.665295,0.258071,18:55:00,2024-04-02
202400045064,19:40,Plein jour,37,37233,2,2,1,3.0,COLOMBIER (RUE DU),47.38147,0.73734,19:40:00,2024-05-08
202400045065,14:45,Plein jour,95,95018,1,1,3,6.0,A15,48.9496723,2.2802208,14:45:00,2024-02-22
202400045066,17:00,Plein jour,86,86194,1,2,1,3.0,Avenue du 8 Mai 1945,46.554495,0.30711,17:00:00,2024-01-07
202400045067,06:45,Crépuscule,33,33063,2,1,5,2.0,Unknown,44.85055,-0.57456,06:45:00,2024-05-08
202400045068,16:45,Plein jour,76,76177,1,2,8,1.0,D151,49.600103,1.177522,16:45:00,2024-04-02
202400045069,17:00,Plein jour,93,93064,1,1,3,2.0,A86,48.87743609,2.47713804,17:00:00,2024-02-21
202400045070,15:45,Plein jour,31,31109,1,1,1,1.0,Route de la Ruère,43.224208,0.813085,15:45:00,2024-07-13
202400045071,17:45,Crépuscule,83,83126,2,3,1,3.0,GENDARMES D'OUVEA ( ROUTE DES ),43.10037,5.87,17:45:00,2024-01-04
202400045072,14:45,Plein jour,25,25056,1,1,1,2.0,RN 1057 (CH. EPITAPHE-CH. MONTBOUCONS),47.25423,5.99181,14:45:00,2024-05-08
202400045073,07:25,Plein jour,93,93066,1,1,2,3.0,A1,48.90515615,2.35842786,07:25:00,2024-02-21
202400045074,18:30,Plein jour,82,82134,1,2,1,3.0,Route de Vaïssac,44.058687,1.535436,18:30:00,2024-04-02
202400045075,04:30,Nuit sans éclairage,25,25056,2,1,2,6.0,RN 1057 (CH. EPITAPHE-CH. MONTBOUCONS),47.26261,6.00589,04:30:00,2024-05-08
202400045076,04:15,Nuit avec éclairage,95,95582,1,1,1,7.0,A15,48.96616526,2.25770962,04:15:00,2024-02-21
202400045077,03:25,,77,77288,1,6,1,2.0,ROND POINT DE L'EUROPE,48.55367,2.64458,03:25:00,2024-01-07
202400045078,22:05,Nuit sans éclairage,25,25056,2,3,1,3.0,MORRE ROUTE DE,47.228103,6.038357,22:05:00,2024-05-07
202400045079,12:00,Plein jour,93,93008,1,1,1,2.0,A86,48.91269278,2.43692633,12:00:00,2024-02-20
202400045080,21:00,,01,01370,2,2,1,3.0,Rue Jules Verne,46.305336,4.841296,21:00:00,2024-07-16
202400045081,16:25,Plein jour,41,41181,1,1,3,4.0,autoroute A85 PK 145.111,47.293857,1.266947,16:25:00,2024-04-01
202400045082,08:10,Plein jour,92,92036,1,1,1,3.0,AUTOROUTE A15,48.94647077,2.28241919,08:10:00,2024-02-20
202400045083,08:50,Plein jour,13,13028,2,3,1,3.0,BODIN (AVENUE EMILE),43.19437,5.59994,08:50:00,2024-05-08
202400045084,16:40,Plein jour,76,76447,2,3,1,2.0,PIERRE MENDES FRANCE,49.5282,0.182371,16:40:00,2024-01-06
202400045085,13:50,Plein jour,81,81182,1,1,1,1.0,Chemin de Lafargue RD 59,43.725243,2.316699,13:50:00,2024-04-02
202400045086,08:55,Plein jour,45,45166,1,1,1,4.0,D102 PR 9 + 790,48.027763,1.800084,08:55:00,2024-07-05
202400045087,00:20,Nuit sans éclairage,95,95018,1,1,1,6.0,A15,48.96088283,2.27003884,00:20:00,2024-02-19
202400045088,09:45,Plein jour,49,49368,1,1,1,7.0,Pont à la maure D767,47.400009,0.053982,09:45:00,2024-03-06
202400045089,18:45,Nuit sans éclairage,76,76351,1,1,2,3.0,HUIT MAI 1945 (AVENUE DU),49.51071,0.17536,18:45:00,2024-01-07
202400045090,12:50,Plein jour,64,64110,1,1,1,7.0,Rue Cap Debat,42.993536,-0.417797,12:50:00,2024-07-14
202400045091,17:53,Plein jour,11,11262,2,3,1,3.0,16 Boulevard Marcel Sembat,43.18847,3.0062,17:53:00,2024-05-04
202400045092,08:45,Plein jour,64,64527,1,1,2,7.0,route departementale 918,43.337742,-1.515512,08:45:00,2024-07-15
202400045093,16:30,Plein jour,12,12254,1,1,1,2.0,RD 901,44.418517,2.537954,16:30:00,2024-03-30
202400045094,18:00,Crépuscule,94,94018,1,1,2,4.0,A4,48.82545834,2.39268336,18:00:00,2024-02-22
202400045095,17:05,Plein jour,76,76341,2,1,1,2.0,FRIEDRICH ENGELS,49.51312,0.19329,17:05:00,2024-01-05
202400045096,20:30,Plein jour,07,07204,1,1,1,7.0,les amballes,44.977895,4.436041,20:30:00,2024-06-21
202400045097,10:13,Plein jour,86,86177,2,1,1,6.0,Rue de la Jeunesse,46.681354,0.237685,10:13:00,2024-04-02
202400045098,17:46,Plein jour,10,10387,2,6,1,3.0,Rue Marcellin Berthelot,48.27637,4.08025,17:46:00,2024-05-08
202400045099,18:10,Plein jour,24,24217,1,1,1,1.0,D710,44.97087,0.888991,18:10:00,2024-07-17
202400045100,18:15,,69,69259,2,3,1,3.0,Boulevard Irène Joliot Curie,45.71439,4.87941,18:15:00,2024-01-07
202400045101,20:30,Nuit sans éclairage,93,93051,1,1,1,4.0,A4,48.83612292,2.54112191,20:30:00,2024-02-17
202400045102,17:40,Plein jour,68,68305,2,1,1,3.0,Rue d'Altkirch,47.540587,7.176843,17:40:00,2024-04-01
202400045103,20:00,Plein jour,06,06069,1,1,1,6.0,270 Route de Pégomas,43.62331,6.9271,20:00:00,2024-05-08
202400045104,14:15,Plein jour,24,24311,2,3,1,6.0,Rue des Soufflets,45.529097,0.663352,14:15:00,2024-07-16
202400045105,10:40,Plein jour,63,63113,1,1,4,1.0,RONZIERES (RUE DES),45.7738,3.13949,10:40:00,2024-01-08
202400045106,18:50,Plein jour,75,75120,2,1,1,2.0,BD PERIPHERIQUE INTERIEUR,48.85993,2.413982,18:50:00,2024-05-06
202400045107,20:15,,75,75115,2,3,2,6.0,RUE DE LA CONVENTION,48.835945,2.300853,20:15:00,2024-02-21
202400045108,11:00,Plein jour,29,29026,1,2,2,3.0,Route de Stang Ar Garront,48.21034498,-4.06190521,11:00:00,2024-04-02
202400045109,22:00,,59,59512,2,1,9,3.0,LINNE ( AVENUE),50.67682,3.18783,22:00:00,2024-01-08
202400045110,09:40,Plein jour,30,30234,1,2,1,3.0,D724,43.985423,4.13609,09:40:00,2024-07-17
202400045111,22:40,,75,75120,2,7,1,6.0,Place de la Porte de Montreuil,48.85367,2.41461,22:40:00,2024-05-08
202400045112,17:30,Plein jour,75,75118,2,1,1,6.0,RUE CHAMPIONNET,48.895795,2.340572,17:30:00,2024-05-08
202400045113,16:20,Plein jour,59,59365,2,1,1,3.0,ESPERANCE (RUE DE L'),50.255197,3.935952,16:20:00,2024-01-04
202400045114,19:48,,75,75113,2,2,3,1.0,RUE NEUVE TOLBIAC,48.832217,2.379743,19:48:00,2024-02-21
202400045115,08:50,Crépuscule,31,31356,1,3,1,2.0,Route de Toulouse,43.68914,1.235082,08:50:00,2024-04-02
202400045116,11:30,Plein jour,07,07176,2,1,1,3.0,Route de Saint Laurent les Bains,44.486143,4.153111,11:30:00,2024-07-17
202400045117,16:20,Plein jour,75,75115,2,1,1,1.0,QUAI BRANLY,48.855848,2.289842,16:20:00,2024-05-08
202400045118,08:30,Plein jour,59,59271,2,6,1,6.0,PETITE-SYNTHE - AVENUE,51.01442,2.30837,08:30:00,2024-01-08
202400045119,06:20,,75,75113,2,2,1,3.0,Avenue de la Porte d'Italie,48.815906,2.360681,06:20:00,2024-02-21
202400045120,21:13,,03,03118,2,3,2,2.0,18 Av de la 1ere Armee Francaise,46.098144,3.182693,21:13:00,2024-03-30
202400045121,10:30,Plein jour,59,59569,2,6,2,3.0,RD 643,50.34413,3.0933,10:30:00,2024-01-05
202400045122,17:47,Plein jour,75,75113,2,2,1,3.0,BOULEVARD MASSENA,48.821605,2.369204,17:47:00,2024-05-08
202400045123,06:30,Plein jour,84,84039,1,1,1,6.0,Autoroute A7 Pk 176.000 direction Orange,44.088872,4.877136,06:30:00,2024-07-16
202400045124,07:47,Plein jour,75,75113,2,1,1,7.0,BOULEVARD DE L HOPITAL,48.842493,2.363708,07:47:00,2024-05-08
202400045125,12:30,Plein jour,56,56121,2,1,1,6.0,GUILLEMOT (RUE  ARMAND ),47.74566,-3.39052,12:30:00,2024-01-08
202400045126,07:55,Plein jour,15,15055,1,1,8,1.0,RD 909,45.063337,3.109517,07:55:00,2024-04-02
202400045127,15:10,Plein jour,75,75112,2,3,2,2.0,AVENUE DAUMESNIL,48.835584,2.406495,15:10:00,2024-02-21
202400045128,20:47,Crépuscule,94,94046,2,3,1,3.0,Avenue de Verdun / Rue de Marne,48.809252,2.459609,20:47:00,2024-05-08
202400045129,20:30,Nuit sans éclairage,72,72222,1,1,2,6.0,lieu dit le grand chemin,48.230305,0.248668,20:30:00,2024-04-01
202400045130,17:00,Plein jour,78,78590,1,1,2,5.0,D149,48.680959,1.982174,17:00:00,2024-06-11
202400045131,02:55,Nuit sans éclairage,50,50218,1,1,2,6.0,CRETE  (RUE DE LA),48.822527,-1.5746343,02:55:00,2024-01-07
202400045132,11:10,Plein jour,75,75111,2,3,1,6.0,AVENUE PARMENTIER,48.869018,2.371771,11:10:00,2024-02-21
202400045133,10:45,Plein jour,43,43102,1,1,1,7.0,Route de Sainte-Sigolene,45.20829195,4.19882035,10:45:00,2024-04-02
202400045134,13:55,Plein jour,93,93078,2,6,1,2.0,Avenue Georges Clémenceau / Boulevard Robert Ballanger,48.96157,2.55505,13:55:00,2024-05-08
202400045135,08:05,Plein jour,75,75104,2,2,1,7.0,RUE DU PONT LOUIS PHILIPPE,48.85581479,2.3563621,08:05:00,2024-02-21
202400045136,17:00,Plein jour,66,66065,2,3,1,3.0,61 Avenue Paul Reig,42.595371,2.976139,17:00:00,2024-07-17
202400045137,12:20,Plein jour,50,50129,2,6,1,3.0,THEMIS (ROND POINT DE),49.63414,-1.61404,12:20:00,2024-01-07
202400045138,07:30,Plein jour,93,93059,2,3,1,2.0,Avenue Élisée Reclus / Rue Pierre Curie,48.952154,2.358054,07:30:00,2024-05-08
202400045139,19:50,Plein jour,34,34136,1,1,1,7.0,D609,43.499741,3.445008,19:50:00,2024-07-16
202400045140,18:50,Plein jour,07,07010,2,3,8,1.0,13 rue Léo lagrange,45.247772,4.683577,18:50:00,2024-04-01
202400045141,07:40,Plein jour,94,94068,2,1,8,2.0,Boulevard de Bellechasse,48.79381757,2.49388098,07:40:00,2024-02-21
202400045142,22:10,,93,93046,2,1,1,2.0,Avenue Gambetta,48.91723662,2.52396154,22:10:00,2024-05-08
202400045143,18:15,Plein jour,85,85280,1,1,8,6.0,RD948,46.8683,-1.932582,18:15:00,2024-04-01
202400045144,13:08,Plein jour,83,83104,1,1,1,1.0,D23,43.615945,5.763681,13:08:00,2024-07-17
202400045145,17:47,Nuit sans éclairage,45,45302,1,1,1,1.0,D702 PR 4 + 956,47.96952,1.8641,17:47:00,2024-01-08
202400045146,13:30,Plein jour,92,92072,2,1,1,3.0,TROYON (RUE),48.82477,2.22831,13:30:00,2024-05-08
202400045147,18:00,Crépuscule,94,94041,2,2,3,3.0,Avenue de Verdun / Rue du 19 Mars 1962,48.809144,2.373693,18:00:00,2024-02-21
202400045148,07:40,Plein jour,83,83081,2,9,7,3.0,RD562,43.602759,6.776231,07:40:00,2024-07-17
202400045149,17:15,Plein jour,37,37272,1,3,1,7.0,D321,47.31385,0.495307,17:15:00,2024-03-31
202400045150,08:30,Plein jour,45,45232,2,1,1,6.0,1181 Rue du Général de Gaulle,47.86673,1.88599,08:30:00,2024-01-08
202400045151,18:40,,94,94018,2,3,2,6.0,Rue de Paris / Rue Nocard,48.82390153,2.41006726,18:40:00,2024-02-21
202400045152,09:00,Plein jour,31,31516,1,1,1,2.0,Pk 212.600 A 62,43.761424,1.385436,09:00:00,2024-04-02
202400045153,08:36,Plein jour,37,37208,2,1,1,3.0,LAC (AVENUE DU),47.36742,0.72149,08:36:00,2024-01-08
202400045154,18:20,Plein jour,70,70432,1,3,1,3.0,D134,47.732086,6.438214,18:20:00,2024-07-16
202400045155,15:48,Plein jour,92,92064,2,2,1,6.0,REPUBLIQUE,48.8494,2.2138,15:48:00,2024-05-08
202400045156,18:15,,36,36044,2,1,2,6.0,Avenue des Marins,46.80977,1.68489,18:15:00,2024-01-02
202400045157,18:40,Plein jour,68,68262,2,1,1,7.0,Rue de Mitzach,47.878912,7.012914,18:40:00,2024-07-11
202400045158,14:40,Plein jour,92,92036,2,2,1,1.0,GRESILLONS (AVENUE DES) (141/215),48.91758715,2.30816495,14:40:00,2024-05-08
202400045159,20:08,,93,93066,2,2,2,3.0,Avenue Roger Sémat / Rue du 19 Mars 1962,48.94778,2.357271,20:08:00,2024-02-21
202400045160,17:00,Plein jour,973,97309,1,1,1,3.0,N 3 (rn3),4.892807,-52.289869,17:00:00,2024-03-28
202400045161,20:20,Plein jour,86,86123,2,4,1,6.0,PLACE DE L EGLISE,46.558391,0.072947,20:20:00,2024-07-16
202400045162,18:40,,35,35051,2,1,1,1.0,BRAY (RUE DE),48.10778,-1.614815,18:40:00,2024-01-08
202400045163,18:30,Plein jour,92,92024,2,1,1,1.0,MARTRE (RUE) DE (59 A 109)   (58 A 120),48.90358158,2.30568302,18:30:00,2024-05-08
202400045164,14:50,Plein jour,92,92012,2,1,1,3.0,GENERAL LECLERC (AVENUE DU) 1/33 - 2/58,48.83048614,2.2337333,14:50:00,2024-05-08
202400045165,08:15,Plein jour,64,64430,2,3,1,3.0,Avenue Pierre Mendès-france,43.479966,-0.750182,08:15:00,2024-07-16
202400045166,07:25,Crépuscule,91,91085,1,1,8,2.0,N20,48.541572,2.211578,07:25:00,2024-03-10
202400045167,06:55,Crépuscule,93,93066,2,1,1,4.0,Rue Jules Saulnier,48.92527,2.35141,06:55:00,2024-02-21
202400045168,19:25,,33,33162,2,1,1,2.0,Avenue du Médoc,44.888619,-0.645661,19:25:00,2024-01-08
202400045169,13:30,Plein jour,44,44215,2,1,1,7.0,7Ter Rue de la Maladrie,47.185916,-1.493219,13:30:00,2024-07-17
202400045170,16:05,Plein jour,92,92009,2,2,1,3.0,CHARLES-DE-GAULLE ( AVENUE ),48.91833248,2.2750631,16:05:00,2024-05-08
202400045171,09:50,Plein jour,93,93031,2,2,8,3.0,Avenue du 18 Juin 1940 / Rue de Paris,48.95457,2.307969,09:50:00,2024-02-21
202400045172,17:00,Plein jour,15,15219,1,1,1,6.0,RD 680,45.144394,2.509341,17:00:00,2024-05-09
202400045173,15:46,Plein jour,29,29042,2,2,1,7.0,rue de Goulien,48.244975,-4.510832,15:46:00,2024-07-17
202400045174,08:45,Plein jour,34,34172,1,1,1,5.0,A709,43.59009,3.897893,08:45:00,2024-04-02
202400045175,18:00,,33,33318,2,9,1,6.0,Unknown,44.78793,-0.65547,18:00:00,2024-01-08
202400045176,16:55,Plein jour,35,35236,2,1,1,1.0,Rue Louis Guilloux,47.673331,-2.064781,16:55:00,2024-05-07
202400045177,16:00,Plein jour,93,93010,2,2,2,3.0,Avenue Galliéni / Chemin du Pont,48.907166,2.48891,16:00:00,2024-02-21
202400045178,14:15,Plein jour,69,69071,2,2,1,1.0,Route des Monts d'Or,45.87535473,4.83008039,14:15:00,2024-04-02
202400045179,01:20,,27,27229,2,1,4,2.0,SAINT ANDRE (ROUTE DE),49.016,1.162,01:20:00,2024-01-09
202400045180,16:30,Plein jour,93,93007,2,3,1,6.0,Avenue Descartes / Rue Suzanne Bouquin,48.95009566,2.45900889,16:30:00,2024-02-20
202400045181,22:10,Nuit sans éclairage,01,01381,1,4,1,6.0,D70,46.048391,5.143699,22:10:00,2024-05-07
202400045182,16:15,Plein jour,60,60352,1,1,1,5.0,D915,49.24016502,1.80199385,16:15:00,2024-07-16
202400045183,13:45,Plein jour,972,97230,1,1,1,6.0,Tartane,14.756623,-60.927558,13:45:00,2024-03-31
202400045184,15:32,Plein jour,92,92046,2,1,2,6.0,PIERRE LAROUSSE (AVENUE),48.82134785,2.30451697,15:32:00,2024-02-21
202400045185,13:55,Plein jour,27,27229,2,1,1,3.0,VERNON (RUE DE),49.0300541,1.1623796,13:55:00,2024-01-08
202400045186,15:40,Plein jour,80,80685,2,2,1,3.0,Rue Lavacquerie,49.69958,2.785925,15:40:00,2024-07-17
202400045187,03:39,Nuit avec éclairage,77,77094,1,1,1,6.0,N3,48.951666,2.766573,03:39:00,2024-04-01
202400045188,19:43,Nuit avec éclairage,973,97353,2,1,1,1.0,Rue de l?Itany,3.640048,-54.028959,19:43:00,2024-05-08
202400045189,02:20,,92,92072,2,1,1,7.0,DESMOULINS (RUE CAMILLE),48.8116871,2.21142679,02:20:00,2024-02-20
202400045190,19:45,Crépuscule,22,22200,1,1,1,7.0,la Rompardais,48.495734,-2.308331,19:45:00,2024-05-08
202400045191,16:00,Plein jour,30,30080,1,1,1,7.0,Unknown,44.30729,3.97125,16:00:00,2024-03-18
202400045192,17:00,Plein jour,13,13202,1,1,1,3.0,TVPCD-Sens Les Ports vers Saint Victor,43.3,5.36588,17:00:00,2024-06-14
202400045193,19:10,,25,25056,2,3,1,6.0,DOLE RUE DE (entre 82 et 185),47.2285,5.98632,19:10:00,2024-01-08
202400045194,23:25,,92,92063,2,3,1,3.0,HOPITAL STELL (BOULEVARD DE L'),48.87864549,2.18641779,23:25:00,2024-02-20
202400045195,14:25,Plein jour,85,85040,2,1,1,6.0,Rue des vallées,46.62282,-0.90561,14:25:00,2024-05-09
202400045196,07:35,Plein jour,13,13213,2,1,1,4.0,A507 sens Marseille - Aubagne,43.32598,5.42156,07:35:00,2024-07-16
202400045197,17:05,Plein jour,67,67478,2,1,1,7.0,route départementale 816,48.764322,7.416909,17:05:00,2024-05-09
202400045198,09:00,Plein jour,83,83065,2,3,1,3.0,D559,43.254139,6.574405,09:00:00,2024-04-02
202400045199,19:20,Nuit sans éclairage,25,25056,1,1,1,6.0,RN 1057 (CH. EPITAPHE-CH. MONTBOUCONS),47.25953836,6.00328355,19:20:00,2024-01-08
202400045200,22:25,,92,92050,2,1,2,3.0,SURESNES RUE DE,48.88093401,2.21831381,22:25:00,2024-02-21
202400045201,15:50,Plein jour,69,69199,1,1,1,4.0,Autoroute 7,45.686693,4.846692,15:50:00,2024-06-14
202400045202,18:10,Plein jour,33,33249,1,1,2,7.0,Unknown,44.87118,-0.5054,18:10:00,2024-06-14
202400045203,18:25,Plein jour,13,13117,1,1,1,2.0,A7-Sens Lyon vers Marseille,43.42468796,5.26516861,18:25:00,2024-07-15
202400045204,17:26,Plein jour,60,60224,1,4,1,1.0,Ferme de Saint Ouen,49.134367,2.979022,17:26:00,2024-05-09
202400045205,22:30,Nuit sans éclairage,83,83004,1,1,1,6.0,Route Departementale Dn7,43.45073,6.495312,22:30:00,2024-04-01
202400045206,18:30,,92,92044,2,3,2,3.0,VIC. HUGO(RUE)091A113 ET 112A146,48.89752558,2.29503947,18:30:00,2024-02-21
202400045207,11:10,Plein jour,15,15014,2,1,1,3.0,Rue Gutenberg,44.915804,2.424187,11:10:00,2024-01-08
202400045208,00:20,Nuit sans éclairage,23,23219,1,1,1,6.0,a20 - PR135+615 - Sud/Nord,46.223152,1.389256,00:20:00,2024-05-09
202400045209,22:15,,92,92040,2,1,2,6.0,PAIX (AVENUE DE LA),48.81775355,2.27306289,22:15:00,2024-02-21
202400045210,09:50,Plein jour,52,52269,2,1,8,7.0,Avenue de la Collinière,47.869452,5.332704,09:50:00,2024-04-02
202400045211,07:55,Plein jour,13,13081,2,1,1,3.0,A7-Sens Lyon vers Marseille,43.48878852,5.24036488,07:55:00,2024-07-15
202400045212,19:35,Nuit sans éclairage,57,57498,1,1,3,6.0,D57,49.322973,6.037567,19:35:00,2024-03-31
202400045213,18:00,Plein jour,33,33075,1,1,2,3.0,Unknown,44.883354,-0.622611,18:00:00,2024-06-14
202400045214,21:45,,92,92012,2,2,2,6.0,REPUBLIQUE (BOULEVARD DE LA) 5/77BIS - 6,48.83085881,2.25804234,21:45:00,2024-02-21
202400045215,17:20,Plein jour,83,83054,1,1,1,6.0,Route de la Crau,43.157938,6.065907,17:20:00,2024-05-09
202400045216,10:55,Plein jour,15,15012,1,1,1,2.0,RD 920,44.86592,2.44796,10:55:00,2024-01-08
202400045217,20:40,Plein jour,94,94034,1,1,1,2.0,A6B,48.75573207,2.33422362,20:40:00,2024-07-15
202400045218,16:30,Plein jour,59,59646,1,1,1,7.0,ROUTE METROPOLITAINE 656,50.68858,3.13867,16:30:00,2024-06-12
202400045219,15:55,Plein jour,38,38474,1,1,1,1.0,D531,45.217829,5.640224,15:55:00,2024-03-23
202400045220,16:45,Plein jour,57,57241,1,9,1,3.0,D27,48.78470986,6.9338949,16:45:00,2024-05-08
202400045221,20:25,,92,92007,2,2,2,6.0,PASTEUR (RUE),48.80202961,2.31873393,20:25:00,2024-02-21
202400045222,23:35,,13,13001,2,3,1,3.0,CHASTEL (RUE),43.52886,5.45176,23:35:00,2024-01-08
202400045223,13:47,Plein jour,92,92036,1,1,1,3.0,A86,48.93619323,2.28826548,13:47:00,2024-07-16
202400045224,17:00,Crépuscule,11,11069,2,9,2,7.0,Unknown,43.23549,2.36609,17:00:00,2024-01-07
202400045225,01:07,,51,51365,2,1,1,2.0,23 Rue de Reims,49.222424,3.963323,01:07:00,2024-05-09
202400045226,14:30,Plein jour,26,26082,1,1,1,6.0,Chemin des Liotards,44.328532,5.161593,14:30:00,2024-04-02
202400045227,14:30,Plein jour,91,91179,1,1,1,4.0,AUTOROUTE A6,48.5678723,2.47221746,14:30:00,2024-06-14
202400045228,09:10,Plein jour,92,92036,2,2,1,3.0,BAS ( RUE DES ),48.92046,2.28842,09:10:00,2024-02-20
202400045229,18:20,Plein jour,06,06155,2,3,1,3.0,Avenue du Général de Gaulle,43.5813846,7.0596724,18:20:00,2024-01-04
202400045230,09:00,Plein jour,92,92025,1,1,1,3.0,A86,48.91903976,2.22360689,09:00:00,2024-07-16
202400045231,17:40,Plein jour,01,01249,2,1,1,7.0,Route de Strasbourg,45.866293,4.912541,17:40:00,2024-03-28
202400045232,07:55,Plein jour,19,19066,2,1,1,6.0,Route De La Dalbre,45.16006,1.273411,07:55:00,2024-05-09
202400045233,07:48,Plein jour,92,92019,1,1,1,2.0,RN 385,48.76065654,2.28429441,07:48:00,2024-06-14
202400045234,14:25,Plein jour,60,60490,2,2,1,3.0,Rue de Beauvais,49.473018,1.979352,14:25:00,2024-01-29
202400045235,17:30,Plein jour,86,86269,1,1,1,6.0,D39,47.029353,-0.029363,17:30:00,2024-03-31
202400045236,23:15,,04,04112,2,3,1,6.0,DELATTRE DE TASSIGNY (AV. MAL.),43.82373,5.79063,23:15:00,2024-01-03
202400045237,12:15,Plein jour,56,56047,1,2,1,3.0,Le Salut,48.060048,-2.795098,12:15:00,2024-05-08
202400045238,16:45,Plein jour,92,92050,1,1,1,4.0,A86,48.90436768,2.20775199,16:45:00,2024-07-15
202400045239,13:05,Plein jour,02,02370,1,1,2,7.0,A26,49.961367,3.199607,13:05:00,2024-02-22
202400045240,08:43,Plein jour,91,91235,1,1,8,2.0,RN 104,48.62511,2.36151,08:43:00,2024-06-14
202400045241,13:24,Plein jour,72,72154,2,1,1,6.0,16 Boulevard de la Petite Vitesse,47.688994,-0.074294,13:24:00,2024-04-02
202400045242,13:20,Plein jour,02,02212,1,1,2,3.0,Unknown,49.644521,3.264924,13:20:00,2024-01-06