Num_Acc,hrmn,lum,dep,com,agg,int,atm,col,adr,lat,long,heure,date
202400045670,16:30,Plein jour,04,04188,1,1,1,3.0,D13,43.905631,5.787585,16:30:00,2024-02-21
202400045671,10:20,Plein jour,75,75112,2,1,1,3.0,PORTE DE CHARENTON,48.828999,2.400134,10:20:00,2024-06-13
202400045672,20:15,Plein jour,44,44109,2,1,1,6.0,107 Route de la Chapelle Sur Erdre,47.26127,-1.57462,20:15:00,2024-07-15
202400045673,05:50,Nuit sans éclairage,85,85252,1,1,1,7.0,RD89,46.632648,-0.819169,05:50:00,2024-02-21
202400045674,08:15,Plein jour,75,75113,2,4,1,7.0,QUAI D IVRY,48.81629333,2.36415267,08:15:00,2024-06-13
202400045675,17:50,Plein jour,85,85202,1,1,1,6.0,RD60,46.74756,-1.154522,17:50:00,2024-02-20
202400045676,18:00,Crépuscule,34,34003,1,1,1,2.0,RD612,43.30646,3.44313,18:00:00,2024-08-21
202400045677,22:10,Plein jour,75,75120,2,1,1,6.0,RUE DE LA REUNION,48.852833,2.403658,22:10:00,2024-06-11
202400045678,10:05,Plein jour,30,30003,2,1,1,7.0,Avenue de la Tour de Constance,43.570084,4.191885,10:05:00,2024-02-18
202400045679,10:00,Plein jour,44,44162,2,1,1,4.0,137 Route de Vannes,47.23777198,-1.58672199,10:00:00,2024-07-15
202400045680,21:45,,33,33063,2,1,1,6.0,Unknown,44.83913,-0.56772,21:45:00,2024-08-21
202400045681,14:20,Plein jour,48,48121,1,2,1,7.0,Château d'Apcher,44.819239,3.313771,14:20:00,2024-02-20
202400045682,18:35,Plein jour,41,41018,2,1,1,3.0,CURIE (RUE PIERRE ET MARIE),47.595,1.317,18:35:00,2024-07-14
202400045683,13:20,Plein jour,75,75119,2,2,1,3.0,RUE D HAUTPOUL,48.885663,2.3869,13:20:00,2024-06-13
202400045684,17:15,Plein jour,08,08149,1,1,1,1.0,Unknown,49.78442563,4.47322869,17:15:00,2024-02-20
202400045685,03:35,Nuit sans éclairage,33,33281,2,1,1,1.0,Unknown,44.83872,-0.65768,03:35:00,2024-08-21
202400045686,15:01,Plein jour,38,38151,2,1,1,6.0,NORMANDIE NIEMEN RUE),45.14831,5.7201,15:01:00,2024-07-15
202400045687,10:50,Plein jour,75,75117,2,7,1,1.0,PLACE DU MARECHAL JUIN,48.885018,2.296628,10:50:00,2024-06-13
202400045688,10:45,Plein jour,31,31555,2,1,1,6.0,GRANDE BRETAGNE (AV DE) DU 2AU 50,43.59738,1.42105,10:45:00,2024-08-21
202400045689,12:25,Plein jour,30,30169,1,1,1,1.0,N113,43.78337016,4.3119424,12:25:00,2024-02-21
202400045690,13:45,Plein jour,37,37261,2,1,2,2.0,PORTILLON (QUAI DE),47.3997,0.67562,13:45:00,2024-07-15
202400045691,18:30,Plein jour,75,75116,2,7,1,3.0,PLACE D IENA,48.864583,2.2937,18:30:00,2024-06-13
202400045692,17:20,Plein jour,977,97701,1,1,1,7.0,route de l'aéroport,17.90368521,-62.84657121,17:20:00,2024-02-20
202400045693,20:52,,75,75115,2,1,2,7.0,RUE DE LOURMEL,48.850023,2.291789,20:52:00,2024-06-13
202400045694,21:30,Crépuscule,35,35115,2,6,1,7.0,GROSLAY (BD DE DU N°25 AU 43),48.3511,-1.18494,21:30:00,2024-07-14
202400045695,09:07,Plein jour,41,41008,1,1,5,1.0,D2152,47.731226,1.556879,09:07:00,2024-02-20
202400045696,14:30,Plein jour,75,75114,2,3,1,6.0,RUE FROIDEVAUX,48.83634358,2.32660174,14:30:00,2024-06-12
202400045697,10:00,Plein jour,31,31555,2,6,1,3.0,RD PT GRIFFON,43.558839,1.496091,10:00:00,2024-07-15
202400045698,16:30,Plein jour,19,19031,2,3,1,3.0,COURTELINE (RUE),45.15294,1.54788,16:30:00,2024-08-20
202400045699,19:00,Plein jour,75,75112,2,1,1,2.0,Route de la Tourelle,48.820232,2.449032,19:00:00,2024-06-13
202400045700,12:40,Plein jour,28,28134,2,9,1,2.0,COMTEVILLE (CHEMIN DE),48.74097,1.39367,12:40:00,2024-07-13
202400045701,08:40,Plein jour,17,17306,2,6,1,3.0,PONTAILLAC (DE) (AVENUE),45.62814,-1.05276,08:40:00,2024-08-21
202400045702,11:00,Plein jour,75,75112,2,1,1,3.0,QUAI DE BERCY,48.834798,2.380643,11:00:00,2024-06-12
202400045703,02:20,,25,25056,2,9,1,6.0,MONTBOUCONS VOIES CITE DE,47.2495,6.00115,02:20:00,2024-07-14
202400045704,16:10,Plein jour,11,11069,1,9,1,2.0,ROCADE SUD RD 6161,43.2025,2.31513,16:10:00,2024-08-21
202400045705,16:30,Plein jour,68,68132,1,1,1,5.0,D21,47.612031,7.42775,16:30:00,2024-02-20
202400045706,15:00,Plein jour,75,75112,2,1,1,1.0,AVENUE DE SAINT MAURICE,48.83025,2.42041,15:00:00,2024-06-11
202400045707,18:45,Crépuscule,39,39367,1,1,2,1.0,N5,46.53358,6.02216,18:45:00,2024-09-26
202400045708,20:45,Crépuscule,06,06155,2,1,1,6.0,48 Boulevard du Docteur Jacques Ugo,43.5765693,7.0563163,20:45:00,2024-08-20
202400045709,20:31,Plein jour,19,19031,2,2,1,3.0,BRUNE (BOULEVARD),45.15314975,1.53435749,20:31:00,2024-07-12
202400045710,02:22,Nuit avec éclairage,29,29215,2,1,1,6.0,Chemin de la Corniche,47.979897,-4.4347,02:22:00,2024-09-21
202400045711,07:40,Plein jour,75,75110,2,3,1,6.0,RUE YVES TOUDIC,48.870153,2.363626,07:40:00,2024-06-13
202400045712,16:03,Plein jour,01,01281,2,2,1,1.0,1100 Rue de Gex,46.284014,6.086168,16:03:00,2024-02-20
202400045713,02:45,,13,13208,2,1,1,7.0,TUNNEL PRADO SUD,43.28321126,5.38776727,02:45:00,2024-07-12
202400045714,20:50,Crépuscule,75,75107,2,1,1,3.0,PONT DE L ALMA,48.863273,2.301662,20:50:00,2024-06-13
202400045715,19:00,Nuit sans éclairage,69,69289,1,1,1,1.0,Route de Lyon,45.639428,4.96067,19:00:00,2024-02-20
202400045716,16:00,Plein jour,75,75118,2,3,1,2.0,RUE DE LA CHAPELLE,48.890854,2.359969,16:00:00,2024-08-21
202400045717,11:10,Plein jour,13,13001,1,1,1,2.0,RD9,43.45381673,5.31059503,11:10:00,2024-07-15
202400045718,17:45,Plein jour,38,38335,1,1,2,1.0,Route de Vienne,45.357587,5.030011,17:45:00,2024-09-26
202400045719,20:15,Plein jour,49,49201,1,1,1,7.0,Route du Goeuvre,47.396163,-0.262191,20:15:00,2024-02-20
202400045720,15:15,Plein jour,75,75117,2,3,1,7.0,BOULEVARD GOUVION SAINT CYR,48.882244,2.286267,15:15:00,2024-08-21
202400045721,23:20,,75,75108,2,2,1,3.0,AVENUE DE FRIEDLAND,48.87439,2.301037,23:20:00,2024-06-12
202400045722,08:50,Plein jour,12,12174,1,1,1,2.0,D888 (ROCADE),44.33188,2.55596,08:50:00,2024-07-09
202400045723,15:30,Plein jour,66,66117,1,1,1,1.0,Unknown,42.511122,2.123044,15:30:00,2024-09-27
202400045724,19:35,Plein jour,12,12176,2,1,1,1.0,ROSIERS (AVENUE DES),44.36367,2.59606,19:35:00,2024-07-08
202400045725,17:50,Plein jour,75,75107,2,3,1,6.0,AVENUE DE SUFFREN,48.857479,2.291027,17:50:00,2024-06-13
202400045726,09:05,Plein jour,75,75114,2,3,1,6.0,AVENUE DU GENERAL LECLERC,48.830076,2.328753,09:05:00,2024-08-21
202400045727,17:40,Plein jour,72,72351,1,1,2,7.0,51 rue andree legrou,48.10370496,-0.09675816,17:40:00,2024-09-27
202400045728,21:50,,75,75107,2,2,1,6.0,BOULEVARD DE LA TOUR MAUBOURG,48.859936,2.310177,21:50:00,2024-06-12
202400045729,12:25,Plein jour,10,10387,2,6,1,3.0,GEORGES POMPIDOU (RUE),48.29609,4.09433,12:25:00,2024-07-14
202400045730,17:00,Plein jour,14,14456,2,1,1,6.0,1 Rue Jean Moulin,49.114809,-0.170056,17:00:00,2024-09-26
202400045731,01:25,,75,75104,2,1,1,7.0,QUAI DES CELESTINS,48.853143,2.35833,01:25:00,2024-06-13
202400045732,16:30,Plein jour,75,75112,2,3,1,3.0,BOULEVARD DE REUILLY,48.839107,2.390076,16:30:00,2024-08-21
202400045733,07:38,Crépuscule,13,13202,1,1,1,1.0,A55-Sens Marseille vers Martigues,43.32652,5.36001,07:38:00,2024-02-15
202400045734,12:30,Plein jour,06,06088,2,1,1,6.0,5 Boulevard de Cessole,43.7107305,7.2558557,12:30:00,2024-07-13
202400045735,09:45,Plein jour,75,75101,2,3,1,3.0,QUAI DE LA MEGISSERIE,48.857698,2.345415,09:45:00,2024-06-12
202400045736,09:38,Plein jour,13,13212,1,1,1,2.0,A507 sens Aubagne- Marseille,43.30116,5.42537,09:38:00,2024-02-15
202400045737,09:30,Plein jour,75,75108,2,1,1,7.0,RUE DE MOSCOU,48.881487,2.323157,09:30:00,2024-08-21
202400045738,16:30,Plein jour,05,05017,1,3,1,1.0,route nationale 94,44.561128,6.211202,16:30:00,2024-09-27
202400045739,18:00,Plein jour,06,06123,2,3,1,2.0,386 Route de la Baronne,43.70251,7.17883,18:00:00,2024-07-15
202400045740,01:32,,94,94080,2,1,1,6.0,Rue du Docteur Lebel,48.84672,2.43132,01:32:00,2024-06-13
202400045741,18:10,Crépuscule,13,13211,1,1,1,3.0,Sens Aubagne vers Marseille,43.29320905,5.47529219,18:10:00,2024-02-19
202400045742,18:31,Plein jour,75,75107,2,3,1,7.0,QUAI VOLTAIRE,48.859211,2.330186,18:31:00,2024-08-21
202400045743,12:48,Plein jour,64,64391,1,1,1,7.0,Chemin de Mendibieu,43.254721,-0.844649,12:48:00,2024-09-18
202400045744,12:21,Plein jour,94,94068,2,3,1,2.0,Avenue Galilée / Quai du Port au Fouarre,48.793619,2.472575,12:21:00,2024-06-13
202400045745,17:38,Plein jour,05,05061,2,2,1,3.0,JEAN JAURES ( AVENUE ),44.55002,6.06857,17:38:00,2024-07-11
202400045746,12:05,Plein jour,13,13211,1,1,1,2.0,A50-Sens Marseille vers Aubagne,43.29207811,5.45266634,12:05:00,2024-02-19
202400045747,19:25,Plein jour,75,75102,2,3,1,3.0,BOULEVARD DE SEBASTOPOL,48.864139,2.351465,19:25:00,2024-08-21
202400045748,12:30,Plein jour,94,94052,2,1,1,2.0,Avenue Georges Clémenceau,48.8363,2.47048,12:30:00,2024-06-13
202400045749,10:23,Plein jour,83,83144,1,1,1,7.0,A57,43.14263526,6.00846007,10:23:00,2024-02-20
202400045750,18:08,Plein jour,05,05023,2,1,1,3.0,DAUPHINE (AVENUE DU),44.90342,6.62905,18:08:00,2024-07-13
202400045751,16:15,Plein jour,64,64371,2,3,1,7.0,Départementale 611- Rue rené Coty,43.222355,-0.894189,16:15:00,2024-07-05
202400045752,08:10,Plein jour,94,94037,2,2,1,3.0,Avenue Galliéni / Rue du Val de Marne,48.81755,2.35344,08:10:00,2024-06-13
202400045753,10:45,Plein jour,75,75101,2,2,1,6.0,BOULEVARD DE SEBASTOPOL,48.860567,2.349396,10:45:00,2024-08-21
202400045754,08:37,Plein jour,83,83126,1,1,1,4.0,A50,43.12011432,5.85101971,08:37:00,2024-02-20
202400045755,07:00,Plein jour,04,04112,2,1,1,2.0,Avenue Georges Pompidou,43.82533,5.78309,07:00:00,2024-07-15
202400045756,08:45,Plein jour,73,73171,1,1,3,1.0,D1006,45.501226,6.066009,08:45:00,2024-09-26
202400045757,20:43,Plein jour,94,94081,2,1,1,6.0,Avenue Lucien Français,48.7875,2.3864,20:43:00,2024-08-21
202400045758,17:15,Plein jour,94,94028,2,3,1,3.0,Boulevard Jean-baptiste Oudry / Rue Benjamin Moloise,48.77417631,2.45973453,17:15:00,2024-06-12
202400045759,00:10,,69,69382,2,1,1,1.0,Route de Métropole 7,45.74113,4.82446,00:10:00,2024-02-20
202400045760,21:47,,75,75113,2,1,1,2.0,BOULEVARD PERIPHERIQUE,48.826215,2.387778,21:47:00,2024-07-15
202400045761,17:10,Plein jour,94,94079,2,1,2,6.0,Avenue Auguste Rodin,48.83418,2.55012,17:10:00,2024-08-20
202400045762,17:35,Plein jour,40,40230,1,2,8,3.0,Route de la Forêt,43.782857,-0.960242,17:35:00,2024-09-25
202400045763,01:47,,33,33318,1,1,1,2.0,Unknown,44.788293,-0.631401,01:47:00,2024-02-20
202400045764,10:40,Plein jour,94,94022,2,3,1,1.0,Avenue Léon Gourdault / Avenue du Général Leclerc,48.76241,2.40669,10:40:00,2024-06-13
202400045765,18:25,Plein jour,75,75120,2,1,1,5.0,PORTE DE MONTREUIL,48.863502,2.413408,18:25:00,2024-07-15
202400045766,11:15,Plein jour,93,93050,2,6,1,2.0,Rue d’Anjou / Allee Duperrey,48.867539,2.53733307,11:15:00,2024-08-21
202400045767,12:25,Plein jour,87,87028,1,1,2,3.0,Fressoneix,46.220168,0.923667,12:25:00,2024-09-26
202400045768,16:30,Plein jour,93,93073,2,2,1,3.0,Avenue Henri Barbusse / Rue Hector Berlioz,48.95942,2.57223,16:30:00,2024-06-13
202400045769,11:45,Plein jour,95,95527,1,1,2,3.0,A3,48.98246113,2.50247592,11:45:00,2024-02-19
202400045770,17:00,Plein jour,75,75117,2,1,1,5.0,PORTE DE SAINT OUEN,48.900645,2.32473,17:00:00,2024-07-15
202400045771,18:50,Plein jour,93,93007,2,2,1,3.0,Avenue Aristide Briand / Avenue Vladimir Ilitch Lenine,48.94545,2.45149,18:50:00,2024-08-21
202400045772,10:31,Plein jour,30,30339,2,1,2,1.0,Avenue des Cevennes,44.078872,3.646388,10:31:00,2024-09-26
202400045773,19:00,Plein jour,93,93078,2,2,1,3.0,Avenue Georges Clémenceau / Avenue du Rêve,48.95344078,2.56258786,19:00:00,2024-06-12
202400045774,14:10,Plein jour,75,75115,2,1,1,2.0,PORTE DE SEVRES,48.833317,2.278216,14:10:00,2024-07-15
202400045775,17:40,Plein jour,77,77146,1,1,1,5.0,A4.Y,48.83188847,2.65003223,17:40:00,2024-02-20
202400045776,16:50,Plein jour,92,92077,2,1,1,6.0,RONCE (RUE DE LA),48.82267704,2.19055831,16:50:00,2024-08-21
202400045777,09:20,Plein jour,75,75117,2,1,1,2.0,PORTE DE SAINT OUEN,48.899447,2.318284,09:20:00,2024-07-15
202400045778,11:30,Plein jour,987,98734,1,1,1,1.0,"Pk 32, RT1",-17.752651,-149.535921,11:30:00,2024-09-26
202400045779,09:30,Plein jour,93,93070,2,3,1,6.0,Rue des Rosiers / Rue Gambetta,48.905803,2.336534,09:30:00,2024-06-13
202400045780,15:00,Plein jour,92,92026,2,1,1,3.0,SAINT DENIS BD (120 A 174 / 199 A 315),48.89799986,2.26362772,15:00:00,2024-08-21
202400045781,09:08,Plein jour,94,94073,1,1,1,4.0,A86,48.77093879,2.38756083,09:08:00,2024-02-20
202400045782,02:20,,75,75112,2,1,1,6.0,ECHANGEUR BERCY,48.82723,2.392049,02:20:00,2024-07-15
202400045783,15:00,Plein jour,93,93050,2,1,1,7.0,Rue Jacques Cartier,48.86485,2.53899,15:00:00,2024-06-13
202400045784,08:30,Plein jour,93,93008,2,1,1,6.0,Gare routière Bobigny-Pablo Picasso,48.907367,2.44925,08:30:00,2024-06-13
202400045785,23:30,Nuit sans éclairage,94,94017,1,1,2,2.0,A4,48.8296743,2.49827109,23:30:00,2024-02-18
202400045786,17:45,Plein jour,92,92024,2,3,1,3.0,PUITS BERTIN (PASSAGE),48.90119333,2.29354665,17:45:00,2024-08-21
202400045787,17:20,Plein jour,75,75119,2,1,1,3.0,AVENUE DE LAUMIERE,48.884247,2.380175,17:20:00,2024-07-15
202400045788,07:15,Crépuscule,68,68118,2,3,1,3.0,D201,47.73451434,7.41711418,07:15:00,2024-09-19
202400045789,07:05,,93,93050,2,3,1,6.0,Avenue Jean Jaures / Avenue Antonin Artaud ,48.862608,2.544928,07:05:00,2024-02-19
202400045790,22:20,,93,93005,2,2,2,3.0,Rue de Sevran / Rue Jules Princet,48.940251,2.502197,22:20:00,2024-06-12
202400045791,18:05,Plein jour,92,92014,2,2,1,1.0,MARECHAL JOFFRE (BD DU) (43 A 97 - 58 A,48.7830872,2.31520736,18:05:00,2024-08-21
202400045792,01:00,,75,75118,2,3,1,1.0,RUE GANNERON,48.888816,2.327858,01:00:00,2024-07-14
202400045793,12:40,Plein jour,13,13097,1,1,1,2.0,"A54 (direction NIMES), PK 50+435, Péage de ST-MARTIN-DE-CRAU",43.638234,4.857937,12:40:00,2024-09-22
202400045794,11:25,Plein jour,75,75120,2,2,8,6.0,RUE DES PYRENEES,48.859166,2.402147,11:25:00,2024-02-19
202400045795,15:30,Plein jour,75,75116,2,1,1,3.0,AVENUE VICTOR HUGO,48.871026,2.288537,15:30:00,2024-07-15
202400045796,13:50,Plein jour,93,93001,2,3,1,3.0,Avenue de la République / Rue des Cités,48.90773044,2.38801534,13:50:00,2024-06-13
202400045797,07:43,Plein jour,972,97224,1,1,2,6.0,Route nationale 4 - Pont Rivière Blanche - Quartier Chapelle,14.675082,-61.018538,07:43:00,2024-09-26
202400045798,17:15,Plein jour,31,31022,2,6,1,3.0,9 Route de Paris,43.668512,1.411614,17:15:00,2024-08-17
202400045799,00:55,,75,75116,2,1,1,7.0,AVENUE VICTOR HUGO,48.865866,2.276371,00:55:00,2024-07-15
202400045800,11:15,Plein jour,75,75118,2,1,2,6.0,RUE DE LA CHAPELLE,48.89664,2.359182,11:15:00,2024-02-19
202400045801,23:10,,92,92063,2,3,1,3.0,CHATOU (PONT DE),48.8878511,2.16557005,23:10:00,2024-06-12
202400045802,13:00,Plein jour,29,29233,2,1,2,6.0,1 Place Saint Michel,47.870843,-3.547896,13:00:00,2024-09-26
202400045803,14:44,Plein jour,75,75111,2,1,1,3.0,BOULEVARD VOLTAIRE,48.866274,2.3659,14:44:00,2024-07-15
202400045804,07:10,Plein jour,75,75116,2,2,1,3.0,BOULEVARD THIERRY DE MARTEL,48.87820602,2.28114116,07:10:00,2024-02-19
202400045805,09:30,Plein jour,92,92062,1,3,1,2.0,DE DION BOUTON (QUAI) DU 29 AU 65,48.88554214,2.25140047,09:30:00,2024-06-13
202400045806,18:00,Crépuscule,77,77126,1,1,3,6.0,D405,49.018762,2.952662,18:00:00,2024-09-24
202400045807,22:00,Crépuscule,75,75107,2,1,1,6.0,QUAI ANATOLE FRANCE,48.859782,2.3285,22:00:00,2024-07-15
202400045808,00:30,Nuit sans éclairage,988,98810,1,1,1,6.0,Lieu-dit Troulala,-20.647744,164.360125,00:30:00,2024-08-22
202400045809,12:16,Plein jour,75,75116,2,1,1,6.0,ALLEE DU BORD DE L EAU,48.8679,2.234163,12:16:00,2024-02-17
202400045810,07:05,Plein jour,92,92050,2,9,1,4.0,PREMIER MAI RUE DU,48.91825658,2.22227919,07:05:00,2024-06-13
202400045811,18:28,Plein jour,75,75107,2,2,1,6.0,BOULEVARD RASPAIL,48.854434,2.325896,18:28:00,2024-07-15
202400045812,17:45,Crépuscule,974,97422,2,1,1,6.0,Rue du Général de Gaulle,-21.274581,55.518323,17:45:00,2024-08-21
202400045813,16:28,Plein jour,77,77465,1,9,2,3.0,D123,48.274096,2.932298,16:28:00,2024-09-26
202400045814,15:55,Plein jour,75,75113,2,3,8,6.0,RUE NATIONALE,48.829204,2.365145,15:55:00,2024-02-19
202400045815,16:40,Plein jour,92,92025,2,1,1,3.0,BOURNARD (RUE DU),48.92293784,2.25593605,16:40:00,2024-06-13
202400045816,16:35,Plein jour,77,77508,1,1,3,1.0,D21,48.816631,2.854048,16:35:00,2024-09-27
202400045817,18:25,,75,75112,2,1,2,3.0,RUE DE BERCY,48.843874,2.373158,18:25:00,2024-02-19
202400045818,21:30,Crépuscule,75,75107,2,3,1,3.0,QUAI D ORSAY,48.862406,2.310444,21:30:00,2024-07-14
202400045819,21:10,Nuit avec éclairage,972,97210,1,1,1,4.0,D1,14.624282,-60.914211,21:10:00,2024-08-21
202400045820,14:05,Plein jour,92,92025,2,1,1,1.0,VALMY (BD DE),48.9308994,2.25520442,14:05:00,2024-06-12
202400045821,18:35,Plein jour,34,34157,2,1,1,6.0,Chemin de l?Etang,43.426337,3.610924,18:35:00,2024-09-26
202400045822,09:29,Plein jour,75,75112,2,1,1,7.0,RUE DE REUILLY,48.841643,2.393451,09:29:00,2024-02-19
202400045823,12:10,Plein jour,75,75101,2,2,1,3.0,QUAI DE L HORLOGE,48.85619,2.346477,12:10:00,2024-07-15
202400045824,14:30,Plein jour,92,92024,2,1,1,3.0,GENNEVILLIERS (PONT DE),48.91094,2.31241,14:30:00,2024-06-13
202400045825,15:33,Plein jour,972,97225,2,1,1,6.0,Rue Bouille,14.744879,-61.176349,15:33:00,2024-08-21
202400045826,16:00,Plein jour,94,94052,2,1,1,6.0,Boulevard Gambetta,48.83577,2.47317,16:00:00,2024-07-15
202400045827,09:50,Plein jour,05,05053,2,1,1,1.0,Avenue Leon Trinquier,44.347967,5.769603,09:50:00,2024-09-27
202400045828,11:11,Plein jour,75,75111,2,2,2,3.0,RUE MERLIN,48.86099,2.385157,11:11:00,2024-02-19
202400045829,20:05,Plein jour,92,92023,2,1,1,2.0,JEAN BAPTISTE CLEMENT (AVENUE),48.79224012,2.26421392,20:05:00,2024-06-19
202400045830,19:00,Plein jour,94,94003,2,1,1,6.0,Avenue Laplace,48.808221,2.332184,19:00:00,2024-07-15
202400045831,16:50,Plein jour,59,59653,1,1,1,2.0,Rue Georges Clemenceau,50.570084,2.962897,16:50:00,2024-08-21
202400045832,08:45,Plein jour,92,92012,2,1,1,1.0,ALPHONSE LE GALLO (QUAI) 35/FIN,48.83518248,2.2255969,08:45:00,2024-06-13
202400045833,22:30,,75,75109,2,5,1,3.0,BOULEVARD HAUSSMANN,48.872934,2.333171,22:30:00,2024-02-18
202400045834,17:34,Plein jour,71,71394,2,3,1,3.0,375 Route de Chalon,46.485396,4.442081,17:34:00,2024-09-26
202400045835,00:01,,93,93059,2,2,1,3.0,Boulevard Jean Mermoz / Rue Guéroux,48.9638,2.3607,00:01:00,2024-07-15
202400045836,21:30,Plein jour,92,92012,2,1,1,3.0,ANDRE MORIZET (AVENUE) 1/47 - 2/52,48.83652119,2.23751825,21:30:00,2024-06-12
202400045837,11:55,Plein jour,85,85259,1,2,1,3.0,la Jouisière,46.835385,-0.966513,11:55:00,2024-08-22
202400045838,19:15,,94,94078,2,2,1,6.0,Avenue des Fusillés / Rue de Balzac,48.72872049,2.44786003,19:15:00,2024-02-15
202400045839,10:40,Plein jour,38,38507,2,9,8,6.0,Rue des Ardennes,45.738979,5.183852,10:40:00,2024-09-27
202400045840,12:30,Plein jour,39,39364,2,1,1,6.0,1 Route Napoléon,46.79754,5.834609,12:30:00,2024-06-14
202400045841,19:00,Plein jour,93,93066,2,2,7,6.0,BASILIQUE (PROMENADE),48.942691,2.384749,19:00:00,2024-07-15
202400045842,16:50,Plein jour,15,15188,1,1,2,6.0,A75,45.015517,3.152622,16:50:00,2024-08-21
202400045843,07:50,Plein jour,94,94044,2,1,8,3.0,Avenue Descartes,48.74125,2.4772,07:50:00,2024-02-19
202400045844,15:00,Plein jour,14,14162,1,1,1,1.0,18 Rue La Vauterie,48.913834,-0.489224,15:00:00,2024-06-12
202400045845,17:15,Plein jour,93,93027,2,3,1,6.0,Avenue Paul Vaillant-Couturier / Impasse Bloch Praeger,48.92693,2.41743,17:15:00,2024-07-15
202400045846,07:50,Plein jour,19,19073,2,1,1,7.0,Vieux Bouchard,45.409866,2.062109,07:50:00,2024-08-21
202400045847,16:10,Plein jour,94,94003,2,3,1,6.0,Rue Berthollet / Avenue Aristide Briand,48.80571017,2.32571223,16:10:00,2024-02-19
202400045848,08:45,Plein jour,51,51583,1,9,3,1.0,route départementale 16,48.715013,4.946128,08:45:00,2024-06-14
202400045849,07:58,Plein jour,38,38364,1,1,2,1.0,Route Departementale 1091,45.053992,5.800136,07:58:00,2024-09-26
202400045850,19:42,Plein jour,93,93010,2,3,1,6.0,Allee des Pensees / Allee des Orchidees,48.90549885,2.48410177,19:42:00,2024-07-15
202400045851,18:30,,94,94054,2,1,1,6.0,Rue du Bas Marin,48.75051,2.38879,18:30:00,2024-02-19
202400045852,21:10,Crépuscule,01,01004,2,1,1,1.0,Rue Jean de Paris,45.957095,5.330413,21:10:00,2024-06-13
202400045853,15:40,Plein jour,56,56179,1,3,2,3.0,Saint-Servais,47.840569,-3.436242,15:40:00,2024-08-16
202400045854,18:18,Plein jour,93,93010,2,1,1,6.0,Rue Jules Guesde,48.90360904,2.47739815,18:18:00,2024-07-15
202400045855,19:56,,94,94022,2,9,1,3.0,Avenue Pablo Picasso / Rue Carnot,48.76655,2.40921,19:56:00,2024-02-19
202400045856,09:35,Plein jour,22,22206,1,2,1,3.0,Rue de Kervaux,48.546608,-2.994568,09:35:00,2024-06-14
202400045857,14:45,Plein jour,56,56090,1,1,1,6.0,Kersalo,47.838157,-3.240141,14:45:00,2024-08-21
202400045858,01:35,Nuit sans éclairage,28,28104,1,1,2,6.0,PK049,48.475695,1.61764,01:35:00,2024-06-14
202400045859,06:00,Plein jour,93,93005,2,3,1,1.0,Avenue Suzanne Lenglen / Rue Calmette et Guerin,48.95133594,2.51377702,06:00:00,2024-07-15
202400045860,19:30,Crépuscule,31,31291,1,1,8,1.0,Route de la Salvetat,43.588139,1.256081,19:30:00,2024-09-21
202400045861,22:15,,59,59546,2,1,1,6.0,Rue des Moulins,50.773145,2.552707,22:15:00,2024-08-21
202400045862,12:25,Plein jour,972,97229,2,1,1,2.0,Route de l'Enclos,14.619828,-61.103699,12:25:00,2024-06-12
202400045863,16:30,Plein jour,92,92072,2,1,2,6.0,Pont de Sèvres,48.82797559,2.22542801,16:30:00,2024-02-18
202400045864,11:55,Plein jour,92,92075,2,1,1,6.0,REPUBLIQUE (RUE DE LA),48.81858,2.28514642,11:55:00,2024-07-15
202400045865,14:48,Plein jour,76,76602,1,1,1,6.0,D929,49.673509,1.099555,14:48:00,2024-08-21
202400045866,06:05,Plein jour,26,26138,1,1,1,2.0,A7,44.37805,4.732372,06:05:00,2024-06-14
202400045867,19:00,,92,92033,2,1,1,6.0,PORTE JAUNE,48.84287896,2.19906789,19:00:00,2024-02-19
202400045868,10:08,Plein jour,2B,2B050,2,1,1,6.0,parking Christophe Colomb,42.568107,8.759008,10:08:00,2024-08-22
202400045869,17:15,Crépuscule,33,33238,1,3,7,3.0,Unknown,44.742805,-0.572271,17:15:00,2024-09-24
202400045870,03:30,Nuit avec éclairage,44,44158,1,1,2,1.0,Route de Coueron,47.263967,-1.764695,03:30:00,2024-06-14
202400045871,11:33,Plein jour,92,92063,2,6,1,3.0,LECLERC DE HAUTECLOQUE (AVENUE DU MARECH,48.8581223,2.19383061,11:33:00,2024-07-15
202400045872,13:25,Plein jour,92,92064,2,1,8,2.0,DAILLY,48.8443463,2.22041202,13:25:00,2024-02-19
202400045873,10:30,Plein jour,62,62473,2,6,1,3.0,D187E1,50.625771,2.444166,10:30:00,2024-06-12
202400045874,15:50,Plein jour,92,92044,2,1,8,6.0,HUIT MAI 1945 (PLACE DU),48.89667966,2.29832259,15:50:00,2024-07-15
202400045875,06:45,Crépuscule,89,89195,1,1,2,6.0,Rue des Chaponnières,48.144757,3.252039,06:45:00,2024-06-14
202400045876,17:45,Plein jour,49,49023,2,3,1,3.0,Avenue du Pré Archer (Beaupréau),47.205903,-0.992299,17:45:00,2024-09-24