Num_Acc,hrmn,lum,dep,com,agg,int,atm,col,adr,lat,long,heure,date
202400045877,02:18,,92,92036,1,3,1,3.0,SORTIE A 86,48.93584091,2.27972245,02:18:00,2024-02-19
202400045878,10:30,Plein jour,82,82141,2,1,1,3.0,Chemin de l’Amiral,44.105613,0.934216,10:30:00,2024-08-22
202400045879,01:00,,92,92036,2,1,8,6.0,MARCEL PAUL (AVENUE) (52/102),48.94182203,2.3030566,01:00:00,2024-02-19
202400045880,18:15,Plein jour,92,92040,2,2,1,1.0,GABRIEL PERI,48.81734937,2.27375293,18:15:00,2024-07-15
202400045881,15:15,Plein jour,51,51312,1,1,1,1.0,Route de matougues,49.016865,4.252889,15:15:00,2024-06-13
202400045882,19:35,,92,92004,2,1,1,3.0,DIX HUIT JUIN 40 ( RUE DU ),48.93145357,2.27931923,19:35:00,2024-02-19
202400045883,10:30,Plein jour,33,33485,1,1,1,6.0,Unknown,44.834502,-0.107771,10:30:00,2024-08-22
202400045884,01:20,,92,92026,2,1,1,6.0,DUBONNET,48.90201989,2.26207785,01:20:00,2024-06-23
202400045885,14:55,Plein jour,56,56033,1,1,1,5.0,La Ferme du Boschet,47.792876,-2.129406,14:55:00,2024-06-14
202400045886,09:50,Plein jour,92,92004,2,1,8,6.0,HOTEL DE VILLE   ( PLACE ),48.91029146,2.28916571,09:50:00,2024-02-19
202400045887,19:32,Plein jour,79,79094,2,1,8,7.0,Unknown,46.716504,-0.404912,19:32:00,2024-06-13
202400045888,16:30,Plein jour,92,92026,2,1,1,3.0,BEZONS  (DE 01 A 22),48.89364549,2.25194961,16:30:00,2024-06-21
202400045889,23:19,Nuit avec éclairage,59,59323,1,6,1,1.0,D934,50.315706,3.624437,23:19:00,2024-09-26
202400045890,12:45,Plein jour,60,60350,2,1,1,3.0,Rue de la Maladrerie,49.587418,2.843946,12:45:00,2024-02-15
202400045891,08:33,Plein jour,92,92026,2,1,1,6.0,SAINT DENIS BD (120 A 174 / 199 A 315),48.89904045,2.26637252,08:33:00,2024-07-14
202400045892,20:15,Crépuscule,79,79355,1,1,1,5.0,Unknown,46.33081,-0.37272,20:15:00,2024-06-13
202400045893,18:00,Plein jour,63,63148,1,3,1,6.0,D224,45.89315686,3.20817411,18:00:00,2024-08-21
202400045894,07:15,Crépuscule,35,35363,1,1,8,2.0,N137 pk 36.500 vers Rennes,48.017169,-1.691122,07:15:00,2024-02-19
202400045895,15:20,Plein jour,59,59249,1,1,2,2.0,65d Rue Théophile Legrand,50.027659,4.031096,15:20:00,2024-09-24
202400045896,13:30,Plein jour,65,65465,2,1,1,7.0,25 grande rue,42.828604,0.326119,13:30:00,2024-06-14
202400045897,15:15,Plein jour,22,22025,1,1,2,7.0,"RD 787 ""les maes""",48.426474,-3.384808,15:15:00,2024-02-19
202400045898,11:00,Plein jour,92,92024,2,1,1,6.0,JEAN JAURES (BD) DE (1 A 45)   (2 A 54),48.90262339,2.30412805,11:00:00,2024-05-23
202400045899,18:35,Plein jour,47,47179,2,3,1,3.0,intersection rue du lot et rue de la liberté,44.480918,0.945543,18:35:00,2024-08-21
202400045900,17:40,Plein jour,33,33335,1,4,1,1.0,Unknown,44.810511,-0.368192,17:40:00,2024-06-12
202400045901,21:35,Nuit sans éclairage,13,13214,1,1,1,2.0,A7-Sens Marseille vers Lyon,43.3283,5.37818,21:35:00,2024-09-26
202400045902,16:55,Plein jour,92,92007,2,1,1,6.0,RAVERA (AVENUE HENRI) N° 1 A 109 ET 2 A,48.80024026,2.30841793,16:55:00,2024-07-15
202400045903,09:15,Plein jour,47,47089,1,2,1,3.0,"""Papin"",carrefour CD132/CD237",44.704683,0.139984,09:15:00,2024-08-22
202400045904,13:30,Plein jour,34,34088,1,1,1,7.0,D114,43.579447,3.666467,13:30:00,2024-07-14
202400045905,18:10,Plein jour,32,32169,1,2,1,3.0,D929,43.470713,0.583627,18:10:00,2024-06-14
202400045906,09:40,Plein jour,60,60587,2,1,1,6.0,26 Rue de l'Eglise,49.347445,2.595091,09:40:00,2024-07-15
202400045907,16:30,Plein jour,83,83137,1,1,1,4.0,A50 SORTIE TUNNEL TUBE SUD,43.12783311,5.9251396,16:30:00,2024-09-25
202400045908,14:18,Plein jour,47,47004,1,3,1,3.0,D813,44.274778,0.335748,14:18:00,2024-08-22
202400045909,17:45,Plein jour,61,61156,1,2,1,3.0,D214,48.557178,0.270296,17:45:00,2024-06-13
202400045910,16:45,Plein jour,39,39331,1,1,1,1.0,Unknown,46.792428,6.115018,16:45:00,2024-07-14
202400045911,12:40,Plein jour,33,33122,1,1,1,2.0,Unknown,44.7465,-0.70069,12:40:00,2024-09-23
202400045912,11:10,Plein jour,21,21016,1,1,1,7.0,A31 pk 050.700,47.375318,5.166334,11:10:00,2024-07-16
202400045913,20:50,Nuit sans éclairage,91,91377,1,1,2,4.0,AUTOROUTE A10,48.725613,2.30104068,20:50:00,2024-10-31
202400045914,08:10,Plein jour,68,68082,1,1,1,3.0,D201,47.83282,7.38013,08:10:00,2024-08-22
202400045915,18:30,Plein jour,42,42181,1,1,1,1.0,Route de Roanne,45.988226,4.206605,18:30:00,2024-06-14
202400045916,08:33,Plein jour,91,91161,1,1,1,3.0,AUTOROUTE A6,48.69734,2.31556,08:33:00,2024-10-31
202400045917,12:00,Plein jour,35,35085,2,3,1,2.0,Avenue du General de Gaulle,48.417018,-1.755409,12:00:00,2024-07-15
202400045918,09:30,Plein jour,59,59566,1,1,2,2.0,AUTOROUTE A25,50.62236,2.96883,09:30:00,2024-09-26
202400045919,17:20,Plein jour,44,44025,1,1,1,2.0,La Forge Herve,47.388778,-1.940793,17:20:00,2024-08-19
202400045920,16:50,Plein jour,42,42222,2,1,1,4.0,48 Avenue Jean Monnet,45.584116,4.309191,16:50:00,2024-05-16
202400045921,11:50,Plein jour,86,86126,2,1,1,1.0,Lieu Dit les Chaumes,46.512048,0.764258,11:50:00,2024-07-15
202400045922,11:00,Plein jour,31,31066,2,1,1,6.0,Esplanade Bellecourt,43.799901,1.607799,11:00:00,2024-08-21
202400045923,18:15,Plein jour,46,46170,2,1,1,3.0,Rue Principale,44.78480142,1.90079063,18:15:00,2024-06-12
202400045924,15:05,Plein jour,35,35272,1,2,1,3.0,Lieu Dit la Peuterie,48.009406,-1.19634,15:05:00,2024-07-12
202400045925,17:45,Plein jour,38,38300,1,1,1,7.0,D157,45.357005,5.191624,17:45:00,2024-08-21
202400045926,19:40,Nuit sans éclairage,78,78640,1,1,1,2.0,N118,48.773765,2.223749,19:40:00,2024-10-30
202400045927,12:05,Plein jour,47,47052,2,3,1,1.0,carefour D933d/D252e,44.321637,0.081268,12:05:00,2024-06-13
202400045928,18:30,Plein jour,41,41288,1,1,1,6.0,A10 PK144.000,47.65916042,1.38278235,18:30:00,2024-07-13
202400045929,19:35,Nuit sans éclairage,92,92036,1,1,2,4.0,A86,48.93459097,2.26845903,19:35:00,2024-09-25
202400045930,22:05,Nuit sans éclairage,78,78029,1,1,1,3.0,A13W,48.96558,1.84914,22:05:00,2024-10-30
202400045931,16:15,Plein jour,72,72231,1,1,1,1.0,D250 à hauteur du lieu-dit Le Pavillon,47.941719,0.29986,16:15:00,2024-07-15
202400045932,15:00,Plein jour,34,34085,1,1,1,3.0,D15,43.452461,3.269607,15:00:00,2024-06-13
202400045933,12:25,Plein jour,02,02295,1,1,1,1.0,Unknown,49.905401,3.990505,12:25:00,2024-08-22
202400045934,17:28,Plein jour,78,78640,1,1,3,1.0,RN12 INT,48.781481,2.168226,17:28:00,2024-09-25
202400045935,15:00,Plein jour,39,39252,1,1,1,1.0,Unknown,47.034859,5.454892,15:00:00,2024-06-14
202400045936,15:45,Plein jour,02,02164,1,1,1,6.0,Unknown,49.120393,3.531675,15:45:00,2024-08-22
202400045937,11:05,Plein jour,44,44043,2,1,1,6.0,Route du Nid d’Oie,47.089731,-1.284301,11:05:00,2024-06-14
202400045938,12:10,Plein jour,91,91534,1,1,2,6.0,N118,48.71909043,2.16981898,12:10:00,2024-09-25
202400045939,14:30,Plein jour,51,51165,1,1,1,4.0,N4,48.73726341,3.94251421,14:30:00,2024-07-15
202400045940,23:00,Nuit sans éclairage,15,15152,1,1,1,6.0,RD 57,44.950997,2.819879,23:00:00,2024-08-21
202400045941,20:37,Nuit sans éclairage,92,92036,1,1,1,4.0,RN315 Y,48.9299797,2.30228269,20:37:00,2024-10-30
202400045942,11:12,Plein jour,29,29277,2,1,2,6.0,Place Charles de Gaulle,48.40572142,-4.07753187,11:12:00,2024-06-13
202400045943,03:15,,06,06059,2,1,1,7.0,22 avenue de la liberté,43.71878,7.350862,03:15:00,2024-08-22
202400045944,22:55,,51,51660,2,1,1,1.0,6 Rue de Ragonet,49.345054,4.21919,22:55:00,2024-06-27
202400045945,19:00,Plein jour,31,31341,2,1,1,6.0,862 Route de Larra,43.719071,1.284,19:00:00,2024-06-12
202400045946,09:35,Plein jour,78,78073,1,1,2,2.0,N12Y,48.798872,2.000321,09:35:00,2024-09-25
202400045947,18:00,Nuit sans éclairage,92,92036,1,1,1,2.0,A86,48.93529046,2.28393225,18:00:00,2024-10-30
202400045948,11:20,Plein jour,50,50111,1,1,1,7.0,la Bergerie,49.033767,-1.242517,11:20:00,2024-08-22
202400045949,23:00,Nuit sans éclairage,56,56243,2,1,1,6.0,40 Route du Gouavert,47.617464,-2.730157,23:00:00,2024-07-14
202400045950,08:25,Plein jour,95,95394,1,1,2,2.0,N184,49.05164755,2.18360954,08:25:00,2024-09-25
202400045951,10:45,Plein jour,43,43236,2,1,1,7.0,Lieu dit chaplat,45.285437,4.264771,10:45:00,2024-08-22
202400045952,15:05,Plein jour,54,54069,1,1,1,6.0,D906,49.397946,5.923176,15:05:00,2024-06-14
202400045953,18:30,Nuit sans éclairage,93,93066,1,1,1,5.0,AUTOROUTE A1,48.91936344,2.35754643,18:30:00,2024-10-31
202400045954,12:45,Plein jour,2B,2B251,1,1,1,1.0,CD 345,42.008537,9.347241,12:45:00,2024-07-13
202400045955,18:25,Plein jour,72,72322,1,1,2,7.0,D7,48.165681,0.829489,18:25:00,2024-06-14
202400045956,20:35,Nuit sans éclairage,77,77249,1,1,1,6.0,A104,48.72957631,2.60792961,20:35:00,2024-09-26
202400045957,07:20,Plein jour,10,10371,1,1,1,1.0,D72,48.165307,3.972434,07:20:00,2024-08-22
202400045958,22:30,Nuit sans éclairage,71,71143,1,1,2,7.0,D12,46.472722,5.283544,22:30:00,2024-07-15
202400045959,17:00,Plein jour,50,50550,1,1,1,7.0,la rihouerie de haut,49.115238,-1.370389,17:00:00,2024-06-14
202400045960,15:15,Plein jour,93,93005,1,1,1,4.0,AUTOROUTE A3,48.96017102,2.47352704,15:15:00,2024-10-31
202400045961,11:20,Plein jour,89,89460,1,1,1,6.0,D606,48.341832,3.054494,11:20:00,2024-07-16
202400045962,17:00,Plein jour,50,50109,2,1,2,6.0,40 Rue Principale,48.915206,-1.437085,17:00:00,2024-06-13
202400045963,09:30,Plein jour,94,94017,1,1,1,2.0,A4,48.82665078,2.51617424,09:30:00,2024-09-26
202400045964,18:20,Plein jour,36,36025,2,1,1,6.0,Rue du Château,46.55743127,2.02327509,18:20:00,2024-08-21
202400045965,16:45,Plein jour,61,61007,2,1,1,6.0,Parc de stationnement ouvert à la circulation public,48.809718,-0.497716,16:45:00,2024-07-14
202400045966,16:15,Plein jour,09,09307,1,1,1,7.0,D3,43.061716,1.102839,16:15:00,2024-06-13
202400045967,14:00,Plein jour,93,93008,1,1,8,4.0,AUTOROUTE A86,48.91117382,2.44075119,14:00:00,2024-10-31
202400045968,02:50,Nuit sans éclairage,94,94011,1,1,2,6.0,N406,48.75893965,2.48343606,02:50:00,2024-09-25
202400045969,17:30,,34,34172,2,1,1,6.0,DELMAS (RUE),43.62591,3.89495,17:30:00,2024-12-04
202400045970,21:59,Nuit sans éclairage,87,87205,1,1,1,5.0,La Gratade (Restaurant),45.767822,1.291173,21:59:00,2024-08-20
202400045971,00:40,Nuit sans éclairage,12,12188,1,1,9,6.0,Ricaumels,44.24193099,2.76331139,00:40:00,2024-07-16
202400045972,04:30,Nuit sans éclairage,93,93064,1,1,1,7.0,AUTOROUTE A86,48.8702983,2.48239308,04:30:00,2024-10-31
202400045973,14:50,Plein jour,64,64526,2,6,1,1.0,D817,43.264097,-0.182256,14:50:00,2024-06-13
202400045974,12:20,Plein jour,47,47214,1,1,2,6.0,Saint-christophe,44.34734,0.278083,12:20:00,2024-07-15
202400045975,13:35,Plein jour,92,92078,1,1,1,2.0,AUTOROUTE A86,48.92735069,2.33329967,13:35:00,2024-10-28
202400045976,15:35,Plein jour,48,48075,1,9,1,1.0,D31,44.386293,3.518007,15:35:00,2024-08-21
202400045977,19:00,Plein jour,29,29051,1,1,1,7.0,CORAY ROUTE DE,48.00214232,-4.04441387,19:00:00,2024-06-29
202400045978,13:00,Plein jour,16,16375,1,1,2,1.0,Unknown,45.85627,0.510821,13:00:00,2024-06-14
202400045979,12:45,Plein jour,33,33550,2,1,1,1.0,Unknown,44.80179,-0.570952,12:45:00,2024-12-06
202400045980,01:00,Nuit sans éclairage,29,29004,1,1,1,7.0,Loge Nahennou,47.911545,-3.676164,01:00:00,2024-07-16
202400045981,12:05,Plein jour,32,32013,2,1,1,3.0,SADI-CARNOT (BOULEVARD),43.64156,0.58581,12:05:00,2024-04-30
202400045982,12:27,Plein jour,13,13044,1,1,1,2.0,N569,43.619708,5.014903,12:27:00,2024-08-21
202400045983,15:30,Plein jour,33,33550,2,1,1,6.0,PCE ARISTIDE BRIAND,44.78182,-0.56744,15:30:00,2024-12-06
202400045984,07:30,Crépuscule,16,16379,1,2,7,3.0,Unknown,45.79613,0.395594,07:30:00,2024-06-13
202400045985,19:45,Crépuscule,44,44109,2,1,1,2.0,64 Quai de la Fosse,47.20950063,-1.56517815,19:45:00,2024-09-16
202400045986,11:30,Plein jour,974,97411,2,1,1,6.0,FURCREAS (CHEMIN DES),-20.89865,55.41034,11:30:00,2024-10-30
202400045987,16:45,Plein jour,01,01181,1,1,1,6.0,A404,46.216228,5.60642,16:45:00,2024-08-21
202400045988,22:23,Nuit sans éclairage,40,40248,2,1,1,6.0,Route des 5 Cantons,43.565081,-1.361151,22:23:00,2024-06-10
202400045989,13:31,Plein jour,26,26198,1,1,1,1.0,Route du Teil,44.55323879,4.70945525,13:31:00,2024-12-06
202400045990,17:45,Plein jour,29,29015,1,2,1,4.0,Lieu Dit Kervern Huella,48.46795942,-4.51890535,17:45:00,2024-07-15
202400045991,10:39,Plein jour,973,97302,1,1,1,7.0,ROUTE NATIONALE 1,4.8972,-52.32826,10:39:00,2024-10-30
202400045992,08:10,Plein jour,74,74104,1,3,1,3.0,455 Route de la vieille église,45.783548,6.225571,08:10:00,2024-06-06
202400045993,12:00,Plein jour,68,68300,1,1,1,7.0,A 36 pk 111.600,47.78518277,7.41526792,12:00:00,2024-08-21
202400045994,16:15,Plein jour,24,24573,2,1,2,6.0,Avenue d'Aquitaine,45.347308,0.366862,16:15:00,2024-06-14
202400045995,06:30,Plein jour,971,97120,2,1,1,3.0,RASPAIL,16.23131,-61.53219,06:30:00,2024-10-29
202400045996,23:49,Nuit sans éclairage,15,15014,2,3,2,3.0,Rue de la Cère,44.9074,2.4375,23:49:00,2024-12-06
202400045997,10:25,Plein jour,38,38198,1,9,1,3.0,Route Departementale 519F,45.338578,4.953648,10:25:00,2024-07-16
202400045998,17:00,Plein jour,30,30228,1,2,1,3.0,D418,43.942309,4.321961,17:00:00,2024-06-13
202400045999,14:55,Plein jour,33,33498,1,1,1,2.0,Unknown,44.553888,-0.831828,14:55:00,2024-08-22
202400046000,19:44,,15,15012,2,6,5,6.0,RN 122,44.901,2.452,19:44:00,2024-12-06
202400046001,20:30,Plein jour,38,38511,2,1,1,7.0,880 Route de Saint Hilaire,45.352089,5.942413,20:30:00,2024-07-13
202400046002,05:50,Crépuscule,74,74021,1,1,5,2.0,A40,46.15833,6.27609,05:50:00,2024-05-25
202400046003,07:45,Plein jour,971,97107,2,1,1,3.0,DUMANOIR ( ALLEE ),16.03741,-61.56717,07:45:00,2024-10-30
202400046004,05:10,,987,98715,2,1,1,1.0,RT 1,-17.552841,-149.599586,05:10:00,2024-08-22
202400046005,10:10,Plein jour,15,15014,2,6,2,7.0,Giratoire de l 'Europe,44.90848,2.423348,10:10:00,2024-12-06
202400046006,10:13,Plein jour,88,88213,2,1,1,3.0,22 Le Centre,48.338316,7.068849,10:13:00,2024-06-12
202400046007,08:54,Plein jour,971,97107,2,1,1,6.0,DUMANOIR ( ALLEE ),16.04075,-61.56634,08:54:00,2024-10-28
202400046008,16:00,Plein jour,02,02361,2,2,1,6.0,1 Rue de Vervins,49.895277,3.626765,16:00:00,2024-07-09
202400046009,16:42,Plein jour,14,14118,2,1,1,7.0,22 Rue Barbeux,49.17194,-0.35728,16:42:00,2024-12-06
202400046010,06:12,Plein jour,74,74201,1,4,2,5.0,A40,46.13514121,6.1081624,06:12:00,2024-06-14
202400046011,08:25,Plein jour,51,51197,1,1,7,2.0,Autoroute A4 pk 196+700,49.048108,4.665499,08:25:00,2024-08-22
202400046012,16:15,Plein jour,2A,2A004,2,1,1,3.0,#212 Aspretto#,41.92916,8.75739,16:15:00,2024-10-30
202400046013,20:10,Plein jour,44,44003,1,9,1,6.0,Unknown,47.399813,-1.19876,20:10:00,2024-06-13
202400046014,11:35,Plein jour,14,14437,2,1,1,3.0,40 Avenue Pierre Mendès France,49.170746,-0.325908,11:35:00,2024-12-06
202400046015,00:10,Nuit sans éclairage,74,74172,1,1,9,1.0,Unknown,46.386278,6.638725,00:10:00,2024-07-13
202400046016,10:30,Plein jour,70,70410,2,1,1,1.0,Rue des Tilleuls,47.322651,5.8684,10:30:00,2024-07-15
202400046017,10:00,Plein jour,91,91161,2,3,1,3.0,AV MAZARIN,48.705374,2.314833,10:00:00,2024-10-30
202400046018,17:35,Crépuscule,14,14437,1,1,1,4.0,N814,49.1709,-0.30463,17:35:00,2024-11-15
202400046019,04:30,Nuit sans éclairage,33,33498,1,1,1,4.0,Unknown,44.542343,-0.834532,04:30:00,2024-06-14
202400046020,08:00,Plein jour,74,74123,2,2,1,6.0,175 Route de favergettes,45.74722,6.28839,08:00:00,2024-06-13
202400046021,00:23,,06,06079,2,3,1,3.0,Avenue de Cannes,43.544924,6.937866,00:23:00,2024-07-16
202400046022,21:30,,13,13203,2,1,1,3.0,CAMILLE PELLETAN (AVENUE),43.30769,5.37392,21:30:00,2024-12-06
202400046023,21:53,,87,87114,2,3,1,3.0,GUILLOT (AVENUE PIERRE-),45.83731,1.30724,21:53:00,2024-10-29
202400046024,14:00,Plein jour,63,63272,1,9,1,3.0,A 75 échangeur 3,45.73667113,3.15173879,14:00:00,2024-06-13
202400046025,18:40,Plein jour,45,45008,1,1,1,5.0,A10 PR 80 + 344,48.063626,1.845961,18:40:00,2024-08-19
202400046026,16:10,Plein jour,13,13204,2,1,1,3.0,BLANCARDE (BOULEVARD),43.30321,5.40292,16:10:00,2024-12-06
202400046027,10:53,Plein jour,87,87114,2,1,1,2.0,BLUM (AVENUE LEON-),45.8346,1.31074,10:53:00,2024-10-29
202400046028,06:10,Crépuscule,977,97701,2,6,1,6.0,RTE DE LORIENT,17.906319,-62.824564,06:10:00,2024-08-22
202400046029,18:58,Plein jour,05,05096,2,1,1,7.0,Route des Meillères,44.699396,6.330083,18:58:00,2024-07-15
202400046030,09:55,Plein jour,74,74010,2,2,2,3.0,Avenue d'aix-les-bains,45.86391719,6.06909585,09:55:00,2024-06-20
202400046031,10:30,Plein jour,30,30123,1,1,1,2.0,Unknown,43.722886,4.180765,10:30:00,2024-06-14
202400046032,20:30,Nuit sans éclairage,13,13001,1,3,1,3.0,SISTERON (RTE DE ),43.56468,5.46407,20:30:00,2024-12-06
202400046033,16:00,Plein jour,17,17188,1,1,1,7.0,D739 PR 11.500,45.871485,-0.27586,16:00:00,2024-06-13
202400046034,06:37,,87,87085,2,2,3,3.0,GOUJAUD (QUAI LOUIS),45.82606,1.26791,06:37:00,2024-10-26
202400046035,07:25,Plein jour,74,74081,2,1,1,6.0,Avenue du Grand massif,46.071712,6.579764,07:25:00,2024-06-06
202400046036,06:22,Crépuscule,41,41220,1,1,5,1.0,D925,47.726918,1.654898,06:22:00,2024-08-22
202400046037,09:45,Plein jour,10,10357,2,1,1,6.0,GENERAL DE GAULLE (RUE DU),48.29762,4.13228,09:45:00,2024-12-06
202400046038,23:45,Nuit sans éclairage,45,45093,1,1,1,6.0,D2020 PR 12 + 761,48.046171,1.874564,23:45:00,2024-07-15
202400046039,18:40,Nuit sans éclairage,85,85191,1,1,1,1.0,RD 160,46.67212,-1.45768,18:40:00,2024-10-30
202400046040,09:20,Plein jour,77,77264,1,1,1,6.0,D402,48.707548,2.935603,09:20:00,2024-08-22
202400046041,18:55,Plein jour,74,74118,1,1,1,7.0,Échangeur A40 (Embranchement d'autoroute),46.18281164,6.22297972,18:55:00,2024-04-29
202400046042,06:30,Crépuscule,987,98725,2,2,8,3.0,Rue Taaroa,-17.506711,-149.485838,06:30:00,2024-06-13
202400046043,15:30,Plein jour,43,43092,1,1,1,7.0,Abries Haut,44.999858,4.225552,15:30:00,2024-07-13
202400046044,11:15,Plein jour,07,07102,2,1,1,6.0,LANGUEDOC (Rue du),44.92756,4.86312,11:15:00,2024-12-05
202400046045,14:00,Plein jour,84,84031,2,9,1,3.0,MISTRAL AVENUE FREDERIC,44.04962,5.03769,14:00:00,2024-10-25
202400046046,17:45,Plein jour,07,07064,2,6,1,7.0,La Palisse Ouest,44.912278,4.441872,17:45:00,2024-07-16
202400046047,20:40,Crépuscule,57,57540,1,1,1,3.0,"Autoroute A4, PK 428+500 en direction de STRASBOURG (67)",48.775721,7.250687,20:40:00,2024-07-28
202400046048,08:25,Plein jour,30,30258,1,1,1,2.0,Route d?Arles,43.669319,4.445153,08:25:00,2024-08-22
202400046049,09:15,Plein jour,988,98814,1,1,1,5.0,Luecila (Tribu),-20.88453,167.23818,09:15:00,2024-06-13
202400046050,09:30,Plein jour,06,06088,2,3,1,3.0,5 Place de l'Ile de Beauté,43.69872,7.28493,09:30:00,2024-12-06
202400046051,18:40,Crépuscule,80,80021,2,1,1,1.0,Chaussée Jules Ferry,49.87689,2.34309,18:40:00,2024-10-29
202400046052,23:10,Nuit sans éclairage,07,07061,1,1,1,7.0,Route des Blaches,44.476597,4.352952,23:10:00,2024-07-15
202400046053,10:38,Plein jour,57,57013,2,1,2,1.0,90 Rue de Simbach,49.177183,7.016487,10:38:00,2024-07-26
202400046054,14:00,Plein jour,06,06027,2,1,1,1.0,allée des Tilleuls,43.66267,7.153028,14:00:00,2024-12-04
202400046055,17:20,Plein jour,71,71512,1,1,1,1.0,D906,46.615719,4.886117,17:20:00,2024-08-22
202400046056,09:18,Plein jour,77,77388,1,1,1,2.0,D402,48.963047,3.152089,09:18:00,2024-06-13
202400046057,06:00,Crépuscule,40,40273,2,1,1,6.0,Avenue du Quartier-neuf,43.525557,-1.396079,06:00:00,2024-07-16
202400046058,13:19,Plein jour,05,05061,2,1,1,6.0,COMMANDANT DUMONT ( AVENUE),44.56342,6.08388,13:19:00,2024-10-31
202400046059,01:04,Nuit sans éclairage,13,13074,1,1,1,1.0,D96,43.64578,5.569205,01:04:00,2024-06-14
202400046060,17:59,Plein jour,80,80021,1,3,1,3.0,Rue de Cagny,49.87067,2.33326,17:59:00,2024-10-27
202400046061,10:45,Plein jour,57,57256,1,1,1,1.0,D11,49.1085455,6.03059292,10:45:00,2024-07-28
202400046062,16:25,Plein jour,68,68269,2,6,1,3.0,Route de Guémar,48.19233,7.325885,16:25:00,2024-08-21
202400046063,01:20,,02,02691,2,1,1,6.0,Place du 8 Octobre,49.842,3.29507,01:20:00,2024-12-04
202400046064,18:15,Plein jour,68,68317,1,1,1,6.0,D48,48.080602,7.112982,18:15:00,2024-07-16
202400046065,18:41,,987,98735,2,1,1,7.0,CLEMENCEAU (RUE),-17.53539,-149.556305,18:41:00,2024-09-24
202400046066,06:55,Plein jour,04,04188,2,2,1,3.0,D13,43.902761,5.790476,06:55:00,2024-07-15
202400046067,17:25,Plein jour,71,71210,1,2,1,3.0,beauregard,46.28754,4.74361,17:25:00,2024-06-10
202400046068,11:11,Plein jour,69,69054,1,1,1,7.0,Route de Monsols,46.17825504,4.50409107,11:11:00,2024-08-22
202400046069,18:15,Plein jour,04,04006,2,1,1,6.0,66 Chemin du Village,44.277272,6.578203,18:15:00,2024-07-15
202400046070,09:30,Plein jour,03,03298,1,6,2,7.0,D46,46.32479,3.380562,09:30:00,2024-06-14
202400046071,22:00,,75,75116,2,1,2,2.0,BD PERIPHERIQUE EXTERIEUR,48.839633,2.254164,22:00:00,2024-12-05
202400046072,09:07,Plein jour,78,78123,2,1,8,3.0,EUROPE (RN 190) AVENUE DE L',48.93785,2.03695,09:07:00,2024-10-30
202400046073,13:35,Plein jour,87,87099,1,1,1,7.0,Lieu Dit Clair Bois,45.875392,1.541669,13:35:00,2024-08-21
202400046074,12:00,Plein jour,974,97416,2,2,1,3.0,LORION (RUE LUC),-21.33851,55.46971,12:00:00,2024-09-25
202400046075,17:35,Plein jour,79,79270,2,1,1,7.0,Unknown,46.41109,-0.20477,17:35:00,2024-08-21
202400046076,17:00,Plein jour,38,38091,1,2,1,3.0,Route de Biol,45.52118,5.334895,17:00:00,2024-06-13
202400046077,08:15,Plein jour,75,75120,2,1,1,2.0,BOULEVARD PERIPHERIQUE INTERIEUR NORD  ,48.85993,2.413982,08:15:00,2024-12-04
202400046078,16:00,Plein jour,77,77284,2,1,1,6.0,BOUVIN (AV.JEAN),48.9540828,2.91144341,16:00:00,2024-10-30
202400046079,19:30,Plein jour,85,85202,1,3,1,5.0,RD39,46.751605,-1.159412,19:30:00,2024-07-13
202400046080,17:16,Plein jour,86,86062,2,1,1,3.0,Avenue du Tour de France,46.655961,0.362774,17:16:00,2024-06-10
202400046081,11:30,Plein jour,61,61080,1,1,1,1.0,D908,48.569557,-0.104992,11:30:00,2024-08-22
202400046082,17:09,Plein jour,75,75119,2,3,1,7.0,RUE DU MAROC,48.88711,2.36766,17:09:00,2024-12-06
202400046083,18:50,Nuit sans éclairage,76,76447,1,1,2,6.0,Rue Raoul Dufy,49.55594808,0.16705871,18:50:00,2024-10-29
202400046084,17:30,Plein jour,974,97407,2,6,1,3.0,SACRE COEUR (RD POINT) -RIV. DES GALETS ,-20.95596774,55.31205136,17:30:00,2024-09-23
202400046085,14:45,Plein jour,28,28086,1,1,2,6.0,La Croix Blanche,48.295048,1.079919,14:45:00,2024-07-15
202400046086,15:25,Plein jour,29,29103,2,6,2,7.0,Pont de l'Europe,48.44702425,-4.26270541,15:25:00,2024-08-15
202400046087,22:05,,75,75118,2,5,2,3.0,RUE DOUDEAUVILLE,48.888301,2.351523,22:05:00,2024-12-05
202400046088,17:15,Plein jour,33,33238,2,2,1,3.0,Unknown,44.729776,-0.606211,17:15:00,2024-06-10
202400046089,17:30,Plein jour,973,97302,2,1,1,3.0,BADUEL (ROUTE DE),4.93367,-52.31012,17:30:00,2024-09-25
202400046090,11:20,Plein jour,29,29058,2,1,1,6.0,Rue de Bréhoulou,47.891145,-4.012397,11:20:00,2024-08-19
202400046091,12:10,Plein jour,50,50294,1,1,1,7.0,Chemin de l?Obelisque,49.584942,-1.655116,12:10:00,2024-06-13