Num_Acc,hrmn,lum,dep,com,agg,int,atm,col,adr,lat,long,heure,date
202400046092,00:55,Nuit sans éclairage,28,28170,1,2,1,1.0,1 Grande Rue,48.698703,1.289311,00:55:00,2024-07-14
202400046093,13:10,Plein jour,75,75117,2,2,1,3.0,RUE LEGENDRE,48.883816,2.313622,13:10:00,2024-12-06
202400046094,06:05,,69,69386,2,1,1,6.0,Quai Charles de Gaulle,45.78472,4.85109,06:05:00,2024-09-25
202400046095,15:22,Plein jour,73,73222,2,4,1,3.0,GLIERES ( CHEMIN DES ),45.57299,5.95158,15:22:00,2024-10-30
202400046096,16:15,Plein jour,60,60134,1,1,3,2.0,D1016,49.317779,2.441432,16:15:00,2024-08-20
202400046097,13:40,Plein jour,56,56151,1,6,1,2.0,Parc d'activité du Gohélève,48.05445,-2.93607,13:40:00,2024-06-07
202400046098,12:45,Plein jour,73,73065,2,9,1,3.0,BOISSE (AVENUE DE LA),45.57222913,5.91856248,12:45:00,2024-10-30
202400046099,22:15,,75,75115,2,2,1,3.0,RUE LECOURBE,48.836828,2.283628,22:15:00,2024-12-04
202400046100,10:20,Plein jour,972,97209,1,1,2,4.0,AUTOROUTE (A1),14.61386,-61.05221,10:20:00,2024-09-25
202400046101,13:27,Plein jour,60,60211,1,1,1,3.0,D22,49.302237,1.797273,13:27:00,2024-08-22
202400046102,17:30,Plein jour,17,17087,1,1,1,4.0,D739,45.970049,-0.636799,17:30:00,2024-07-15
202400046103,13:20,Plein jour,35,35004,1,2,1,3.0,Intersection RD155/RD313,48.458523,-1.494291,13:20:00,2024-06-13
202400046104,07:31,Crépuscule,72,72181,2,1,2,6.0,CLEMENCEAU GEORGES ( BD) N° IMP,47.97912,0.21491,07:31:00,2024-10-27
202400046105,18:10,,75,75114,2,1,2,2.0,AVENUE DU GENERAL LECLERC,48.829358,2.328206,18:10:00,2024-12-05
202400046106,08:45,Plein jour,69,69385,2,1,1,6.0,133 Rue Commandant Charcot,45.74749636,4.79068569,08:45:00,2024-09-25
202400046107,16:05,Plein jour,59,59002,1,1,1,6.0,CD 957,50.327844,3.280859,16:05:00,2024-07-22
202400046108,17:30,Plein jour,72,72181,2,1,1,3.0,POLOGNE (RUE DE),47.99308,0.23374,17:30:00,2024-10-27
202400046109,12:10,Plein jour,30,30336,1,2,1,2.0,D126,43.879954,4.628441,12:10:00,2024-07-11
202400046110,06:35,Plein jour,971,97101,1,6,1,3.0,EDOUARD BOTINO (AVENUE),16.25917,-61.52407,06:35:00,2024-09-24
202400046111,16:54,Plein jour,33,33249,1,1,1,2.0,Unknown,44.884549,-0.517041,16:54:00,2024-06-24
202400046112,10:40,Plein jour,60,60157,2,1,8,6.0,Avenue des Déportés,49.384416,2.415158,10:40:00,2024-06-14
202400046113,22:00,Nuit sans éclairage,30,30089,1,1,1,7.0,Unknown,43.85997291,4.59213495,22:00:00,2024-07-15
202400046114,08:30,Crépuscule,75,75113,2,4,8,2.0,BOULEVARD DE L HOPITAL,48.835923,2.358718,08:30:00,2024-12-06
202400046115,06:10,,69,69266,2,2,5,3.0,Cours Emile Zola,45.76862,4.88441,06:10:00,2024-10-30
202400046116,05:53,Nuit sans éclairage,91,91573,1,1,9,2.0,RN 104 EXT / RN 6 PARIS,48.63109,2.51714,05:53:00,2024-08-21
202400046117,08:50,Plein jour,13,13215,1,1,1,3.0,A7-Sens Marseille vers Lyon,43.35994,5.3631,08:50:00,2024-06-13
202400046118,23:54,Nuit avec éclairage,971,97113,2,1,1,1.0,RN4-ROND POINT SAINT FELIX,16.20774,-61.46169,23:54:00,2024-09-22
202400046119,14:55,Plein jour,75,75110,2,3,1,3.0,RUE DU FAUBOURG SAINT MARTIN,48.877406,2.361456,14:55:00,2024-12-06
202400046120,19:15,,69,69259,2,1,1,3.0,Avenue Francis de Pressensé,45.72563523,4.86334519,19:15:00,2024-10-30
202400046121,19:30,,93,93066,1,1,2,2.0,AUTOROUTE A1,48.91744438,2.35770709,19:30:00,2024-08-20
202400046122,16:42,Plein jour,83,83062,1,1,1,4.0,A570,43.14358005,6.03320646,16:42:00,2024-06-12
202400046123,11:35,Plein jour,91,91544,2,1,2,1.0,RUE DE MARCOUSSIS,48.3517,2.1439,11:35:00,2024-09-25
202400046124,07:00,Crépuscule,69,69091,1,1,5,3.0,Route de Mornant,45.59359,4.72177,07:00:00,2024-10-30
202400046125,12:10,Plein jour,75,75108,2,7,1,2.0,AVENUE DES CHAMPS ELYSEES,48.869329,2.309216,12:10:00,2024-12-06
202400046126,19:50,Crépuscule,95,95527,1,1,3,6.0,A1,49.00211832,2.52380676,19:50:00,2024-08-20
202400046127,00:30,Nuit sans éclairage,69,69286,1,1,1,2.0,Autoroute 46,45.82126,4.91828,00:30:00,2024-06-09
202400046128,17:50,,68,68224,2,3,5,6.0,PREVOYANCE (RUE DE LA),47.75411,7.35967,17:50:00,2024-10-30
202400046129,03:15,,75,75108,2,5,1,7.0,PLACE DE NARVIK,48.87638,2.312773,03:15:00,2024-12-06
202400046130,16:00,Plein jour,92,92036,1,1,3,3.0,AUTOROUTE A15,48.93873795,2.29418457,16:00:00,2024-08-20
202400046131,13:27,Plein jour,86,86194,2,2,8,3.0,CHASSEIGNE (BOULEVARD),46.59044,0.34366,13:27:00,2024-09-25
202400046132,21:45,Plein jour,69,69296,1,1,1,2.0,Autoroute 7 ,45.64219546,4.82734214,21:45:00,2024-06-08
202400046133,16:50,Crépuscule,75,75104,2,1,1,6.0,VOIE GEORGES POMPIDOU,48.854013,2.355121,16:50:00,2024-12-06
202400046134,18:00,,67,67218,2,1,1,3.0,KRAFFT (RUE DE),48.5231,7.7065,18:00:00,2024-10-29
202400046135,16:45,Plein jour,84,84007,2,1,1,6.0,GAMBETTA (AVENUE),43.93613,4.80993,16:45:00,2024-09-24
202400046136,08:39,Plein jour,33,33318,1,1,1,2.0,Unknown,44.79708,-0.65222,08:39:00,2024-06-13
202400046137,01:10,,93,93066,1,1,2,2.0,AUTOROUTE A1,48.91030991,2.35797606,01:10:00,2024-08-18
202400046138,04:20,,75,75102,2,2,2,7.0,RUE DE TURBIGO,48.86442,2.351515,04:20:00,2024-12-06
202400046139,17:40,Plein jour,78,78481,2,1,3,3.0,JEAN JAURES (AVENUE),48.89796,2.11059,17:40:00,2024-09-25
202400046140,19:00,,67,67482,2,3,1,3.0,CLEMENCEAU (BOULEVARD),48.59218,7.75506,19:00:00,2024-10-28
202400046141,20:40,Plein jour,59,59016,1,1,1,2.0,ROUTE NATIONALE 225,50.99169,2.34231,20:40:00,2024-06-07
202400046142,11:20,Plein jour,78,78401,2,3,1,6.0,LECUYER (COTE),49.00555,1.9141,11:20:00,2024-09-25
202400046143,16:30,,94,94081,2,9,2,3.0,Avenue Rouget de Lisle,48.77808,2.39655,16:30:00,2024-12-05
202400046144,18:11,Nuit sans éclairage,67,67462,1,1,8,2.0,RD 424,48.245,7.4632,18:11:00,2024-10-29
202400046145,09:15,Plein jour,91,91228,1,1,1,4.0,RN 104,48.61939704,2.4257952,09:15:00,2024-06-13
202400046146,09:25,Plein jour,78,78401,2,2,2,6.0,AULNES (AVENUE DES),49.01015,1.90397,09:25:00,2024-09-22
202400046147,15:25,Plein jour,64,64348,2,1,8,6.0,SANTONA DE,43.31967,-0.3855,15:25:00,2024-10-29
202400046148,18:10,,94,94078,2,2,1,3.0,Rue Francis Martin,48.736374,2.452104,18:10:00,2024-12-06
202400046149,18:15,Plein jour,92,92050,1,1,1,3.0,A86,48.91440826,2.2192671,18:15:00,2024-06-12
202400046150,18:30,,64,64122,2,1,1,6.0,SALON (RUE DE),43.46503,-1.55498,18:30:00,2024-10-30
202400046151,20:40,Nuit sans éclairage,94,94078,1,1,2,6.0, Av. de la Font Saint-Martin,48.72883,2.47279,20:40:00,2024-12-05
202400046152,18:35,Plein jour,38,38185,2,2,2,3.0,RUE COMMANDANT DE REYNIÈS,45.18045,5.71977,18:35:00,2024-04-23
202400046153,05:18,,94,94028,2,1,2,6.0,Rue de Brie,48.784793,2.469823,05:18:00,2024-12-06
202400046154,16:00,Plein jour,63,63113,2,6,1,3.0,Giratoire Brézet (Blériot / élysée Reclus),45.78791,3.13933,16:00:00,2024-10-27
202400046155,18:35,Plein jour,93,93078,1,1,1,2.0,A104,48.9584243,2.53351004,18:35:00,2024-06-13
202400046156,14:00,Plein jour,976,97611,2,1,2,3.0,kaweni-Rivière (ruelle de la ),-12.766,45.225,14:00:00,2024-08-20
202400046157,09:35,Plein jour,76,76351,2,3,1,3.0,FOCH (AVENUE),49.49329,0.09939,09:35:00,2024-09-25
202400046158,08:50,Plein jour,61,61001,2,6,2,2.0,19 Rue Martin Luther King,48.428262,0.064475,08:50:00,2024-10-30
202400046159,00:18,Nuit avec éclairage,94,94028,2,6,2,2.0,Car de Pompadour,48.774097,2.439028,00:18:00,2024-12-06
202400046160,07:00,Plein jour,974,97416,1,1,1,3.0,CD 26,-21.2947,55.446,07:00:00,2024-08-20
202400046161,09:45,Plein jour,93,93007,1,1,1,2.0,A3,48.9422986,2.47831903,09:45:00,2024-06-13
202400046162,20:00,,76,76351,2,3,1,3.0,ANATOLE FRANCE,49.49624,0.12251,20:00:00,2024-09-23
202400046163,07:00,Nuit avec éclairage,59,59447,2,3,1,3.0,BICHE (RUE DE LA),50.3922,3.59207,07:00:00,2024-10-25
202400046164,13:56,Plein jour,972,97213,1,1,1,2.0,ROUTE DEPARTEMENTALE 3,14.62955,-60.98865,13:56:00,2024-08-20
202400046165,07:30,,94,94022,2,1,1,3.0,91 Avenue d'Alfortville,48.773252,2.414756,07:30:00,2024-12-06
202400046166,07:30,Plein jour,93,93013,1,1,1,4.0,A1,48.94022999,2.42355031,07:30:00,2024-06-12
202400046167,16:40,Plein jour,59,59383,2,1,1,6.0,BARBUSSE (AVENUE HENRI),50.34139345,3.5647056,16:40:00,2024-10-27
202400046168,02:50,,972,97213,1,9,1,7.0,AUTOROUTE A1,14.618582,-61.024416,02:50:00,2024-08-20
202400046169,07:30,,94,94071,2,1,1,6.0,Rue Jean Moulin,48.77472,2.51141,07:30:00,2024-12-06
202400046170,16:30,Plein jour,71,71486,2,2,1,3.0,VERDUN (BOULEVARD DE),46.64923608,4.32065517,16:30:00,2024-09-25
202400046171,07:20,Plein jour,93,93007,1,1,1,3.0,A3,48.92635915,2.48128763,07:20:00,2024-06-12
202400046172,19:50,,69,69256,2,1,3,6.0,Avenue des Canuts,45.76075,4.92189,19:50:00,2024-09-25
202400046173,08:15,Plein jour,94,94071,2,1,8,1.0,Rue de Brévannes,48.76689979,2.51670302,08:15:00,2024-12-04
202400046174,22:05,,59,59350,2,2,1,3.0,Boulevard de Belfort,50.618,3.074,22:05:00,2024-10-30
202400046175,18:30,Plein jour,69,69385,2,1,1,6.0,Chemin de Choulans,45.7549,4.8163,18:30:00,2024-08-20
202400046176,14:30,Plein jour,94,94002,2,3,2,3.0,Rue des Ecoles / Quai Blanqui,48.80263486,2.41456009,14:30:00,2024-12-05
202400046177,17:50,Plein jour,77,77059,1,1,1,2.0,A104,48.845546,2.662614,17:50:00,2024-06-13
202400046178,22:12,Nuit sans éclairage,49,49015,1,1,2,7.0,RD 107,47.51158,-0.56935,22:12:00,2024-10-29
202400046179,08:30,Plein jour,69,69259,2,8,1,6.0,Boulevard Lénine,45.69266,4.86407,08:30:00,2024-09-25
202400046180,07:10,Plein jour,2B,2B037,1,1,1,2.0,TOUTES RUES,42.59322,9.43925,07:10:00,2024-08-19
202400046181,12:00,Plein jour,49,49007,2,1,1,3.0,FLANDRE,47.48265,-0.53063,12:00:00,2024-10-29
202400046182,18:24,,93,93072,2,1,2,5.0,STALINGRAD (AVENUE DE) DES N° 126 A 156,48.95124,2.38786,18:24:00,2024-12-05
202400046183,13:40,Plein jour,64,64102,2,1,1,3.0,D'ARROUSETS (RUE),43.49374534,-1.44632623,13:40:00,2024-09-25
202400046184,10:00,Plein jour,971,97101,2,1,1,6.0,ROUTE DE BOISVINS,16.26634,-61.48592,10:00:00,2024-08-19
202400046185,13:50,Plein jour,42,42218,2,3,1,3.0,Rue Montyon,45.4646,4.38245,13:50:00,2024-10-30
202400046186,00:15,,971,97113,1,1,1,6.0,SECTION LABROUSSE,16.21893,-61.51438,00:15:00,2024-08-19
202400046187,16:20,Plein jour,93,93048,2,1,1,1.0,ROSNY (RUE DE),48.8669,2.4562,16:20:00,2024-12-06
202400046188,06:50,Crépuscule,63,63113,2,5,1,1.0,FLEURY (BD),45.77726,3.0961,06:50:00,2024-09-25
202400046189,18:15,Plein jour,61,61218,2,1,1,6.0,D424,48.752396,-0.585568,18:15:00,2024-09-20
202400046190,09:50,Plein jour,2A,2A004,2,1,1,6.0,321p Carosaccia,41.937032,8.736725,09:50:00,2024-08-20
202400046191,12:25,Plein jour,60,60057,2,8,1,3.0,Rue du Thérain,49.42625,2.08511,12:25:00,2024-09-25
202400046192,10:37,Plein jour,93,93046,2,2,1,3.0,LUCIE AUBRAC ALLEE,48.93141,2.54566,10:37:00,2024-12-06
202400046193,16:40,Plein jour,95,95424,2,1,1,3.0,D14,48.99110297,2.20171982,16:40:00,2024-08-19
202400046194,17:32,Plein jour,57,57491,2,1,1,6.0,ROSES (RUE DES),49.258966,6.019167,17:32:00,2024-09-23
202400046195,10:00,Plein jour,93,93047,2,9,1,6.0,JEAN JAURES (AVENUE),48.89823794,2.5556136,10:00:00,2024-12-06
202400046196,18:25,,34,34003,2,1,1,6.0,SETE ( ROUTE),43.30864,3.48989,18:25:00,2024-10-28
202400046197,20:30,Plein jour,91,91027,2,3,2,3.0,AV DE MORANGIS,48.705574,2.363311,20:30:00,2024-08-20
202400046198,18:50,,92,92078,2,3,1,3.0,GALLIENI (BD) (153 ET 225),48.93454214,2.33284235,18:50:00,2024-12-06
202400046199,10:55,Plein jour,32,32013,2,1,1,2.0,AGEN (ROUTE D'),43.65836,0.59781,10:55:00,2024-10-30
202400046200,16:50,Plein jour,54,54547,2,6,1,3.0,Rue de Malines,48.663076,6.172443,16:50:00,2024-09-25
202400046201,22:25,,87,87085,2,3,1,3.0,FOCH (RUE DU MARECHAL),45.847,1.23385,22:25:00,2024-08-19
202400046202,17:20,Nuit sans éclairage,92,92047,2,3,1,3.0,REPUBLIQUE,48.83769502,2.16421232,17:20:00,2024-12-06
202400046203,07:15,Plein jour,54,54395,2,1,1,3.0,Boulevard du 26e Régiment d'Infanterie,48.69699,6.18909,07:15:00,2024-09-25
202400046204,15:15,Plein jour,87,87085,2,1,1,6.0,DUTREIX (RUE ARMAND),45.83151,1.24095,15:15:00,2024-08-19
202400046205,19:45,Nuit sans éclairage,22,22215,1,3,1,5.0,D 45,48.48737,-2.82702,19:45:00,2024-10-30
202400046206,15:40,Plein jour,92,92050,2,1,1,3.0,HANRIOT FRANCOIS RUE,48.90246354,2.22110599,15:40:00,2024-12-06
202400046207,17:25,Plein jour,54,54547,2,2,1,4.0,Boulevard de l'Europe,48.65451339,6.17876351,17:25:00,2024-09-24
202400046208,00:01,,92,92049,2,7,3,6.0,PERI RUE GABRIEL N°37 A 99,48.81830231,2.32085019,00:01:00,2024-12-06
202400046209,09:40,Plein jour,83,83126,2,1,1,1.0,PARADIS (CHEMIN DE),43.08652406,5.85992777,09:40:00,2024-08-20
202400046210,16:40,Plein jour,19,19272,2,1,1,6.0,Ventadour (Av),45.27377274,1.77672371,16:40:00,2024-09-05
202400046211,11:25,Plein jour,54,54395,2,1,2,3.0,Rue Marcel Brot,48.677162,6.205378,11:25:00,2024-09-24
202400046212,18:45,,92,92020,2,2,1,6.0,VERDUN AVENUE DE N°1 A 45,48.80251797,2.28616923,18:45:00,2024-12-04
202400046213,15:10,Plein jour,18,18213,1,1,1,1.0,Unknown,47.10218,2.44244,15:10:00,2024-10-30
202400046214,21:33,,81,81163,2,3,1,3.0,JUIN (MARECHAL),43.50711,2.3782,21:33:00,2024-08-20
202400046215,07:00,Nuit sans éclairage,54,54323,2,1,1,3.0,D618,49.51739849,5.747931,07:00:00,2024-09-25
202400046216,11:50,Plein jour,92,92040,2,2,1,1.0,PAIX (AVENUE DE LA),48.81662434,2.27502331,11:50:00,2024-12-06
202400046217,14:10,Plein jour,17,17300,2,1,1,6.0,RAMBAUD   RUE,46.16351,-1.15454,14:10:00,2024-10-30
202400046218,11:40,Plein jour,80,80021,2,2,1,5.0,Boulevard Faidherbe,49.89657533,2.2888872,11:40:00,2024-08-19
202400046219,22:05,Nuit sans éclairage,50,50129,2,1,1,6.0,de la Banque à Genets (Avenue),49.60366,-1.6074,22:05:00,2024-09-20
202400046220,00:45,,92,92026,2,2,2,3.0,LOUIS BLANC ( RUE ),48.89101627,2.251921,00:45:00,2024-12-06
202400046221,18:25,,14,14220,2,1,1,6.0,Avenue de la République,49.35987,0.08162,18:25:00,2024-10-30
202400046222,17:10,Plein jour,76,76212,2,1,1,6.0,Rue Pierre Lefebvre,49.44302,1.14728,17:10:00,2024-07-02
202400046223,17:30,Plein jour,49,49267,2,1,2,3.0,Route d'ANGERS,47.47049,-0.51591,17:30:00,2024-09-25
202400046224,22:10,,92,92024,2,1,1,3.0,VICTOR HUGO (BD),48.89902766,2.31303155,22:10:00,2024-12-06
202400046225,20:30,,13,13211,2,1,1,2.0,MIRELLE LAUZE (BOULEVARD),43.2881824,5.43463229,20:30:00,2024-10-30
202400046226,11:50,Plein jour,72,72181,2,2,1,2.0,JAURES JEAN (AV) N° PAIRS 60 ET >,47.98605,0.20894,11:50:00,2024-08-20
202400046227,13:00,Plein jour,92,92071,2,1,1,3.0,FONTENAY (RUE DE),48.7804,2.29263,13:00:00,2024-12-06
202400046228,19:05,Plein jour,47,47001,2,2,1,6.0,GAMBETTA (COURS),44.20206072,0.61190951,19:05:00,2024-09-25
202400046229,01:35,,13,13203,2,1,1,3.0,GÉNÉRAL LECLERC (RUE),43.30408805,5.37805974,01:35:00,2024-10-30
202400046230,17:10,,92,92004,2,1,1,5.0,PONT DE GENNEVILLIERS,48.91524989,2.3096247,17:10:00,2024-12-03
202400046231,14:03,Plein jour,45,45208,2,1,7,6.0,40 Rue de l’Europe,47.99403,2.74085,14:03:00,2024-09-24
202400046232,00:20,,69,69264,2,9,1,5.0,Boulevard Louis Blanc,45.98956,4.72162,00:20:00,2024-08-21
202400046233,18:45,,13,13005,2,9,1,1.0,PASTRE (AVENUE),43.2937162,5.59466551,18:45:00,2024-09-30
202400046234,13:40,Plein jour,01,01290,1,1,1,1.0,D65b,45.863697,5.182312,13:40:00,2024-12-06
202400046235,18:07,Plein jour,44,44143,2,1,7,6.0,10 Rue Ordronneau,47.19355,-1.57659,18:07:00,2024-09-24
202400046236,06:25,Nuit avec éclairage,83,83072,1,1,1,6.0,D562,43.48355068,6.33359642,06:25:00,2024-12-07
202400046237,21:10,,13,13001,2,3,1,1.0,MOURET HENRI (AV),43.51968,5.43473,21:10:00,2024-10-30
202400046238,13:30,Plein jour,69,69259,2,2,1,3.0,Avenue Viviani,45.72345,4.87448,13:30:00,2024-08-19
202400046239,20:00,,95,95487,2,1,2,3.0,D78,49.149766,2.278816,20:00:00,2024-12-07
202400046240,16:40,Plein jour,39,39300,2,2,1,6.0,Boulevard Théodore Vernier,46.679298,5.572689,16:40:00,2024-09-23
202400046241,16:30,Plein jour,67,67365,2,3,1,3.0,BOHRIE (ALLEE DU),48.55149862,7.70618498,16:30:00,2024-08-20
202400046242,08:10,Crépuscule,10,10387,2,6,1,3.0,GEORGES POMPIDOU (RUE),48.29659,4.09449,08:10:00,2024-10-29
202400046243,23:30,Nuit sans éclairage,28,28425,1,1,1,2.0,A11 au PK042.200,48.504265,1.70728,23:30:00,2024-12-06
202400046244,10:15,Plein jour,37,37261,2,3,2,6.0,PLAT D'ETAIN (RUE DU),47.38296524,0.66838762,10:15:00,2024-09-25
202400046245,11:20,Plein jour,06,06027,2,1,1,6.0,Allée des Tilleuls,43.66084,7.15313,11:20:00,2024-10-30
202400046246,08:30,Plein jour,974,97404,1,1,1,7.0,405bis Chemin Charbonnier,-21.237666,55.37779,08:30:00,2024-12-07
202400046247,18:10,Plein jour,64,64269,2,4,1,2.0,BEAUMONT DE,43.28969,-0.31171,18:10:00,2024-08-19
202400046248,20:30,,75,75113,2,1,1,7.0,BD PERIPHERIQUE EXTERIEUR,48.817358,2.349466,20:30:00,2024-10-30
202400046249,16:35,Plein jour,37,37261,2,1,1,6.0,PAS NOTRE-DAME (RUE DU),47.41515,0.69681,16:35:00,2024-09-24
202400046250,14:00,Plein jour,972,97222,1,1,1,4.0,Augrain Sud,14.669617,-60.959986,14:00:00,2024-12-06
202400046251,15:15,Plein jour,64,64122,2,1,1,3.0,VERDUN (AVENUE DE),43.48181766,-1.55588239,15:15:00,2024-08-20
202400046252,19:20,,75,75113,2,1,1,3.0,BD PERIPHERIQUE INTERIEUR,48.824243,2.383261,19:20:00,2024-10-30
202400046253,08:16,Plein jour,21,21485,1,1,1,2.0,A38,47.33694131,4.9669732,08:16:00,2024-12-06
202400046254,18:30,Plein jour,36,36044,1,1,2,2.0,Unknown,46.79331,1.71689,18:30:00,2024-09-25
202400046255,11:45,Plein jour,63,63014,2,1,1,6.0,ROUSSILLON (AVENUE DU)--RM2009,45.74427,3.13841,11:45:00,2024-08-20
202400046256,11:40,Plein jour,75,75118,2,1,1,1.0,RUE CAULAINCOURT,48.885303,2.330676,11:40:00,2024-10-30
202400046257,18:34,,01,01033,2,3,1,3.0,avenue maréchal leclerc  (Bellegarde-sur-Valserine),46.11648,5.809515,18:34:00,2024-11-29
202400046258,15:50,Plein jour,62,62765,2,1,1,2.0,D209,50.76120878,2.28315297,15:50:00,2024-08-15
202400046259,17:20,Crépuscule,75,75116,2,1,1,2.0,QUAI SAINT EXUPERY,48.835489,2.262792,17:20:00,2024-10-30
202400046260,09:15,Plein jour,34,34172,2,9,1,3.0,LODEVE (AVENUE DE,43.610192,3.853222,09:15:00,2024-09-25
202400046261,13:45,Plein jour,974,97413,2,3,1,1.0,Rue du Faham,-21.190979,55.303829,13:45:00,2024-12-06
202400046262,15:00,Plein jour,62,62427,2,1,1,6.0,Boulevard Gabriel Péri,50.41956,2.944,15:00:00,2024-08-19
202400046263,08:10,Plein jour,75,75114,2,1,1,3.0,BOULEVARD BRUNE,48.827392,2.307175,08:10:00,2024-10-30
202400046264,23:30,,62,62570,2,1,1,6.0,Rue de l'Yonne,50.41082,2.88971,23:30:00,2024-08-18
202400046265,07:35,Plein jour,13,13001,2,9,1,3.0,MONNET JEAN (AV),43.53,5.42,07:35:00,2024-09-25
202400046266,12:15,Plein jour,75,75113,2,3,1,7.0,AVENUE D ITALIE,48.819769,2.359349,12:15:00,2024-10-30
202400046267,13:25,Plein jour,59,59279,2,9,3,3.0,LEMIRE (RUE DE L'ABBE),50.78798,3.13826,13:25:00,2024-08-20
202400046268,08:50,Plein jour,09,09122,2,1,1,1.0,BOUYCHERES (COURS),42.964893,1.610767,08:50:00,2024-09-25
202400046269,10:38,Plein jour,75,75111,2,3,1,3.0,BOULEVARD VOLTAIRE,48.855368,2.384338,10:38:00,2024-10-30
202400046270,21:50,Nuit sans éclairage,974,97413,1,1,1,5.0,N1,-21.231667,55.311522,21:50:00,2024-12-06
202400046271,09:15,Plein jour,56,56260,2,6,3,3.0,Avenue Édouard Herriot,47.65522,-2.73964,09:15:00,2024-08-20
202400046272,10:49,Plein jour,06,06088,2,1,1,3.0,ANGLAIS PLAGE (DU 265 AU 350),43.67597,7.22817,10:49:00,2024-09-25
202400046273,08:25,Plein jour,94,94068,2,1,8,6.0,Avenue Jean Jaurès,48.79071,2.47994,08:25:00,2024-10-30
202400046274,17:35,Nuit sans éclairage,89,89398,1,1,3,1.0,D34,48.102144,3.770864,17:35:00,2024-12-05
202400046275,15:20,Plein jour,54,54395,2,3,1,3.0,Rue de Remenauville,48.68551612,6.2000683,15:20:00,2024-08-20
202400046276,20:20,,06,06027,2,1,1,3.0,27 Boulevard du Maréchal Alphonse Juin,43.659411,7.150668,20:20:00,2024-09-24
202400046277,11:45,Plein jour,94,94068,2,3,1,3.0,Rue du Pont de Créteil,48.80588,2.47125,11:45:00,2024-10-30
202400046278,01:00,Nuit sans éclairage,63,63055,1,1,2,6.0,D941,45.833628,2.831876,01:00:00,2024-12-07
202400046279,01:09,,54,54025,2,1,1,6.0,Rue du Faubourg Saint-Phlin,48.65191924,6.27026975,01:09:00,2024-08-20
202400046280,09:20,Plein jour,61,61116,2,1,7,6.0,13 Place du Général de Gaulle,48.380081,0.850164,09:20:00,2024-12-06
202400046281,17:55,Plein jour,01,01451,2,9,1,3.0,PARIS (ROUTE DE),46.22218,5.20893,17:55:00,2024-09-24
202400046282,15:40,Plein jour,93,93073,2,2,1,3.0,CHAPIT RE ( RUE DU),49.00354,2.56167,15:40:00,2024-10-30
202400046283,10:45,Plein jour,35,35018,1,1,1,3.0,La Ruedeveillais,48.424302,-1.125884,10:45:00,2024-12-06
202400046284,08:24,Plein jour,51,51454,2,4,1,7.0,MIDOL (RUE HENRI),49.26289,4.00372,08:24:00,2024-08-20
202400046285,18:30,Plein jour,75,75119,2,1,2,3.0,BD PERIPHERIQUE INTERIEUR,48.90026,2.390219,18:30:00,2024-09-24
202400046286,15:10,Plein jour,93,93066,2,1,1,6.0,BASILIQUE (PROMENADE),48.94211295,2.38251177,15:10:00,2024-10-30
202400046287,09:50,Plein jour,38,38399,2,2,1,3.0,D522,45.502941,5.15291,09:50:00,2024-11-26
202400046288,22:00,,50,50129,2,3,1,7.0,BREMERHAVEN (AVENUE DE),49.63084,-1.60456,22:00:00,2024-08-19
202400046289,10:30,Plein jour,75,75120,2,1,2,6.0,BOULEVARD DE MENILMONTANT,48.858928,2.389522,10:30:00,2024-09-24
202400046290,11:39,Plein jour,38,38171,1,3,3,3.0,Route de Saint Paul,45.295495,5.403034,11:39:00,2024-12-07
202400046291,10:40,Plein jour,47,47001,2,2,1,3.0,BARBUSSE (AV. HENRI),44.2071,0.63984,10:40:00,2024-08-20
202400046292,00:15,,93,93066,2,8,1,5.0,MECHIN,48.9359,2.342,00:15:00,2024-10-30
202400046293,13:45,Plein jour,03,03239,1,1,2,7.0,D167,46.423171,3.953136,13:45:00,2024-12-07
202400046294,22:15,,75,75119,2,2,3,6.0,RUE DE L OURCQ,48.889361,2.383689,22:15:00,2024-09-25
202400046295,15:40,Plein jour,47,47001,2,1,1,1.0,RIQUET (RUE PIERRE-PAUL DE),44.21254497,0.64475496,15:40:00,2024-08-19
202400046296,18:00,Nuit sans éclairage,93,93010,2,2,1,3.0,FOSSE AUX BERGERS (RUE DE LA),48.88933,2.49556,18:00:00,2024-10-30
202400046297,17:30,,14,14348,1,3,1,3.0,23 Route de Caen,49.162416,-0.614888,17:30:00,2024-12-06
202400046298,12:40,Plein jour,75,75119,2,2,2,7.0,RUE PETIT,48.884778,2.381259,12:40:00,2024-09-25
202400046299,20:30,Plein jour,42,42044,2,3,1,2.0,Rue James Jackson,45.39889,4.33992,20:30:00,2024-08-20
202400046300,11:25,Plein jour,93,93077,2,1,1,2.0,GRANDE RUE,48.88271783,2.51616461,11:25:00,2024-10-30
202400046301,12:30,Plein jour,50,50256,1,2,1,2.0,D976,48.609646,-1.222079,12:30:00,2024-12-06
202400046302,13:30,Plein jour,40,40279,1,1,1,1.0,RD 524,43.72599992,-1.035465,13:30:00,2024-08-09
202400046303,15:15,Plein jour,75,75118,2,2,2,2.0,RUE DU MONT CENIS,48.891831,2.343929,15:15:00,2024-09-25
202400046304,12:00,Plein jour,43,43268,2,3,1,6.0,14 Avenue Georges Clemenceau,45.14364589,4.12179669,12:00:00,2024-12-06
202400046305,21:05,,93,93050,2,3,1,3.0,DUGUAY TROUIN (RUE),48.864,2.53738,21:05:00,2024-10-30
202400046306,15:40,Plein jour,37,37261,2,1,1,2.0,LOIRE (QUAI DE LA),47.39958389,0.67486779,15:40:00,2024-08-20