Num_Acc,hrmn,lum,dep,com,agg,int,atm,col,adr,lat,long,heure,date
202400046307,14:10,Plein jour,75,75117,2,3,2,3.0,PLACE DU MARECHAL JUIN,48.885308,2.296912,14:10:00,2024-09-25
202400046308,12:25,Plein jour,07,07308,2,3,1,2.0,Avenue du 8 Mai 1945,45.190922,4.798204,12:25:00,2024-12-06
202400046309,00:01,Nuit sans éclairage,93,93005,2,6,1,3.0,CHARLES DE GAULLE [CD115] (AVENUE),48.93008781,2.48188365,00:01:00,2024-10-27
202400046310,14:20,Plein jour,37,37122,2,2,1,3.0,BERGEONNERIE (RUE DE LA),47.35993791,0.69055666,14:20:00,2024-08-20
202400046311,21:55,,52,52470,2,1,1,6.0,Rue Tournante,47.988353,5.738238,21:55:00,2024-12-06
202400046312,18:50,Plein jour,75,75108,2,3,2,6.0,AVENUE MARCEAU,48.873295,2.295548,18:50:00,2024-09-25
202400046313,15:45,Plein jour,92,92064,1,1,1,2.0,MARECHAL JUIN,48.83085255,2.2227218,15:45:00,2024-10-30
202400046314,21:00,Nuit sans éclairage,33,33281,2,1,1,1.0,Unknown,44.81267,-0.69514,21:00:00,2024-08-20
202400046315,19:15,Nuit sans éclairage,69,69050,1,1,1,3.0,Autoroute 89,45.85503816,4.64811802,19:15:00,2024-12-06
202400046316,14:20,Plein jour,75,75116,2,2,2,6.0,BOULEVARD DE BEAUSEJOUR,48.858016,2.27259,14:20:00,2024-09-25
202400046317,18:00,Nuit sans éclairage,67,67506,1,1,1,4.0,pk 473.000 autoroute A4,48.668951,7.736757,18:00:00,2024-12-04
202400046318,19:48,,92,92051,2,2,1,4.0,"CHARLES DE GAULLE (AVENUE, N°27 A 129)",48.88081495,2.27201588,19:48:00,2024-10-30
202400046319,15:40,Plein jour,75,75115,2,2,8,6.0,RUE DE LOURMEL,48.850223,2.291958,15:40:00,2024-09-25
202400046320,12:05,Plein jour,30,30189,2,6,1,3.0,ALLENDE SALVADOR (RUE),43.8237,4.3686,12:05:00,2024-08-19
202400046321,06:00,Nuit sans éclairage,54,54173,1,1,5,7.0,Route de Serres,48.67367656,6.42816067,06:00:00,2024-10-29
202400046322,15:10,Plein jour,75,75115,2,2,2,6.0,RUE DE LA CONVENTION,48.845344,2.278576,15:10:00,2024-09-25
202400046323,19:30,Plein jour,30,30243,1,2,1,3.0,MONTEZE (ROUTE DE),44.06102,4.09033,19:30:00,2024-08-20
202400046324,15:00,Plein jour,13,13037,1,9,1,2.0,Autoroute A8 pk 000+700 direction LYON,43.556339,5.230672,15:00:00,2024-12-02
202400046325,20:05,Nuit sans éclairage,06,06114,2,3,1,3.0,380 Route de Levens,43.748723,7.285572,20:05:00,2024-10-30
202400046326,14:35,Plein jour,75,75114,2,2,2,2.0,AVENUE ANDRE RIVOIRE,48.818201,2.332716,14:35:00,2024-09-25
202400046327,01:00,,29,29232,2,1,2,6.0,Rond-Point du Moulin du Loc'h,48.0125928,-4.0778832,01:00:00,2024-08-20
202400046328,18:15,Nuit sans éclairage,21,21473,1,1,1,4.0,Route métropolitaine M968,47.260388,5.068538,18:15:00,2024-11-26
202400046329,08:50,Plein jour,40,40304,2,1,8,3.0,1640 Avenue du Touring Club,43.66887,-1.426933,08:50:00,2024-10-30
202400046330,20:45,,75,75112,2,3,8,3.0,RUE JEANNE JUGAN,48.84396186,2.41438454,20:45:00,2024-09-24
202400046331,19:00,,45,45315,2,2,8,6.0,D951 PR 49 + 96,47.766775,2.371962,19:00:00,2024-12-06
202400046332,19:44,,972,97204,2,1,1,3.0,Grande Anse Nord,14.712481,-61.184165,19:44:00,2024-10-30
202400046333,05:15,Crépuscule,95,95355,1,1,1,6.0,BOIS D'ARTHEUIL (ALLEE DU),49.145815,1.80142,05:15:00,2024-12-07
202400046334,17:10,Plein jour,75,75110,2,3,2,6.0,RUE DU FAUBOURG SAINT MARTIN,48.870865,2.356661,17:10:00,2024-09-25
202400046335,18:50,Nuit sans éclairage,34,34182,1,1,1,1.0,D39e4,43.430589,3.399685,18:50:00,2024-12-06
202400046336,07:30,Crépuscule,35,35226,1,1,1,2.0,Les Bruyeres,48.42196,-1.877697,07:30:00,2024-10-31
202400046337,08:26,Plein jour,75,75107,2,3,8,6.0,QUAI D ORSAY,48.862871,2.31519,08:26:00,2024-09-25
202400046338,17:55,,68,68289,2,2,1,1.0,Rue de Colmar,47.827321,7.340015,17:55:00,2024-10-30
202400046339,22:10,,75,75103,2,2,2,6.0,RUE DE BRETAGNE,48.862287,2.363731,22:10:00,2024-09-25
202400046340,12:05,Plein jour,01,01448,2,3,1,6.0,Rue du Lavoir,46.088762,5.785139,12:05:00,2024-10-29
202400046341,10:20,Plein jour,75,75103,2,2,2,7.0,RUE REAUMUR,48.864686,2.35961,10:20:00,2024-09-25
202400046342,18:45,,68,68344,2,1,1,1.0,Grand'Rue,47.882992,6.956572,18:45:00,2024-11-24
202400046343,15:45,Plein jour,56,56190,1,1,1,1.0,La Motten,47.987452,-2.776017,15:45:00,2024-10-31
202400046344,19:40,Crépuscule,75,75104,2,3,2,1.0,RUE SAINT ANTOINE,48.85462,2.36271,19:40:00,2024-09-24
202400046345,14:20,Plein jour,73,73150,1,1,1,5.0,N90 - PR 68+600,45.566918,6.698914,14:20:00,2024-12-06
202400046346,19:29,Nuit sans éclairage,59,59130,1,1,1,1.0,D300,50.879427,2.224764,19:29:00,2024-10-30
202400046347,10:25,Plein jour,42,42147,2,1,2,6.0,44 Boulevard de la Préfecture,45.60904682,4.06232643,10:25:00,2024-12-07
202400046348,19:50,Nuit sans éclairage,82,82025,1,1,8,7.0,Chemin de Verdun,43.946678,1.29614,19:50:00,2024-10-30
202400046349,01:18,,94,94074,2,3,1,2.0,Avenue Henri Barbusse,48.7703,2.4405,01:18:00,2024-09-24
202400046350,12:10,Plein jour,38,38176,1,1,1,1.0,Rte de Saint Marcel Bel Accueil,45.654049,5.207664,12:10:00,2024-12-06
202400046351,15:00,Plein jour,82,82121,1,1,1,3.0,Route de Bordeaux,44.058907,1.289821,15:00:00,2024-10-31
202400046352,01:40,,01,01043,2,1,1,7.0,440 Route de Genève,45.837693,5.008703,01:40:00,2024-12-07
202400046353,06:45,,94,94052,2,3,1,1.0,Boulevard de Strasbourg,48.83855042,2.47871947,06:45:00,2024-09-25
202400046354,09:39,Plein jour,69,69069,2,2,1,6.0,Avenue Edouard Millaud,45.747318,4.722434,09:39:00,2024-12-07
202400046355,18:30,,69,69088,2,1,1,2.0,1 Avenue des Marronniers,45.816528,4.862943,18:30:00,2024-10-31
202400046356,19:00,Crépuscule,94,94016,2,3,2,6.0,Avenue de la Division Leclerc,48.785854,2.329068,19:00:00,2024-09-25
202400046357,07:50,Nuit sans éclairage,85,85112,1,1,8,3.0,RD32,46.5744,-1.76595,07:50:00,2024-12-07
202400046358,11:25,Plein jour,63,63229,1,1,1,1.0,D10,45.780172,3.345144,11:25:00,2024-10-31
202400046359,18:15,Plein jour,94,94073,2,1,3,6.0,62 Avenue du Général de Gaulle,48.767743,2.376877,18:15:00,2024-09-25
202400046360,08:20,Plein jour,27,27365,1,1,1,1.0,D77,49.296782,1.197311,08:20:00,2024-11-28
202400046361,18:00,Plein jour,94,94028,2,1,1,6.0,Route de Choisy,48.78342,2.4469,18:00:00,2024-09-24
202400046362,07:45,Crépuscule,55,55046,1,1,5,3.0,D904,48.96940732,5.80833948,07:45:00,2024-10-31
202400046363,02:52,,13,13212,1,1,1,3.0,A507 sens Marseille - Aubagne,43.32132,5.42181,02:52:00,2024-11-19
202400046364,22:00,Nuit sans éclairage,49,49167,1,1,1,1.0,D748,47.38468043,-0.48418598,22:00:00,2024-10-30
202400046365,23:08,,93,93001,2,1,2,3.0,REPUBLIQUE (AVE DE LA ) DE 52 A 104,48.9108468,2.38505209,23:08:00,2024-09-25
202400046366,13:00,Plein jour,13,13001,1,1,1,3.0,A51-Sens Aix en Provence vers Marseille,43.51138,5.42059,13:00:00,2024-12-06
202400046367,02:00,Nuit sans éclairage,12,12026,1,1,1,6.0,col d'aujols,44.339182,2.753212,02:00:00,2024-10-31
202400046368,18:30,Plein jour,93,93071,2,1,2,6.0,GABRIEL PERI (RUE),48.94127257,2.53213063,18:30:00,2024-09-20
202400046369,09:35,Plein jour,13,13215,1,1,1,4.0,A7-Sens Lyon vers Marseille,43.3581884,5.36269145,09:35:00,2024-12-06
202400046370,20:38,Nuit sans éclairage,42,42118,1,1,5,6.0,Rue de la Verpillere,45.949684,4.223294,20:38:00,2024-10-30
202400046371,19:05,Crépuscule,93,93070,2,1,2,6.0,MICHELET(AV):N°1AU 103,48.90948853,2.34418631,19:05:00,2024-09-24
202400046372,12:40,Plein jour,39,39062,2,1,1,6.0,87 Rue de la Ranche,46.423186,5.530356,12:40:00,2024-10-22
202400046373,08:46,Plein jour,13,13202,1,1,1,5.0,TVPCM-Sens Saint Victor vers Les Ports,43.2986,5.3636,08:46:00,2024-12-04
202400046374,14:00,Plein jour,93,93066,2,1,2,1.0,LIBERATION RD14 (BOULEVARD),48.92797814,2.34134573,14:00:00,2024-09-25
202400046375,01:21,,13,13215,1,1,1,3.0,A7-Sens Lyon vers Marseille,43.34931268,5.36965091,01:21:00,2024-12-06
202400046376,18:35,,02,02558,2,3,1,1.0,5 Av du Docteur Jacques Lemaire,50.013769,3.784034,18:35:00,2024-10-30
202400046377,05:31,,93,93048,2,1,1,3.0,GABRIEL PERI (AVENUE),48.85732037,2.44055408,05:31:00,2024-09-25
202400046378,16:32,Plein jour,83,83137,1,1,1,4.0,A57,43.12518503,5.97019573,16:32:00,2024-12-05
202400046379,04:10,Nuit sans éclairage,02,02439,1,3,1,6.0,D967,49.378783,3.654199,04:10:00,2024-10-13
202400046380,04:00,,93,93014,2,2,1,3.0,SEVIGNE (AVENUE DE),48.91143953,2.5495096,04:00:00,2024-09-25
202400046381,18:15,Nuit sans éclairage,33,33143,1,1,1,4.0,Unknown,44.96843,-0.43689,18:15:00,2024-12-06
202400046382,11:10,Plein jour,03,03105,1,3,5,3.0,la garde,46.246506,3.694636,11:10:00,2024-10-30
202400046383,14:50,Plein jour,93,93029,2,1,2,1.0,TURGOT (AVENUE),48.93458352,2.44836332,14:50:00,2024-09-25
202400046384,17:50,Nuit sans éclairage,33,33143,1,1,1,2.0,Unknown,44.96655,-0.43835,17:50:00,2024-12-06
202400046385,15:30,Plein jour,01,01239,1,1,1,6.0,ViaRhôna (Piste cyclable),45.766862,5.765686,15:30:00,2024-10-29
202400046386,01:50,,93,93047,2,1,1,6.0,FONTAINE JEAN VALJEAN (RUE DE LA),48.897,2.5687,01:50:00,2024-09-25
202400046387,20:20,,94,94003,1,1,1,3.0,A6B,48.80072796,2.34367155,20:20:00,2024-12-06
202400046388,09:00,Plein jour,26,26376,1,1,1,1.0,Route de Leoux,44.438518,5.311659,09:00:00,2024-10-12
202400046389,19:30,Nuit sans éclairage,91,91174,1,1,1,2.0,RN 104,48.6205,2.46065,19:30:00,2024-12-06
202400046390,11:40,Plein jour,93,93001,2,3,2,3.0,PRESIDENT ROOSEVELT (AVENUE DU),48.91653,2.38001,11:40:00,2024-09-24
202400046391,20:30,Nuit sans éclairage,58,58026,1,1,5,6.0,route de reugny,47.264775,3.562869,20:30:00,2024-10-30
202400046392,03:00,,75,75113,1,1,2,7.0,A6A,48.81588379,2.35647357,03:00:00,2024-12-06
202400046393,11:10,Plein jour,72,72276,1,1,1,1.0,lieu dit la petite vallee,48.278573,0.43955,11:10:00,2024-10-31
202400046394,13:50,Plein jour,92,92063,2,3,2,3.0,EMPEREUR (ROUTE DE L') EST,48.8635255,2.18150049,13:50:00,2024-09-25
202400046395,18:30,,60,60509,2,1,1,2.0,Avenue d’Auvelais,49.31327402,2.60448503,18:30:00,2024-10-31
202400046396,00:20,Nuit sans éclairage,78,78545,1,1,2,3.0,A12 W,48.81603194,2.06292987,00:20:00,2024-12-06
202400046397,09:35,Plein jour,92,92051,2,1,2,3.0,RICHARD WALLACE (BOULEVARD),48.87425,2.25451,09:35:00,2024-09-25
202400046398,17:55,,07,07201,2,1,1,1.0,RD 579 quartier Bevennes,44.437754,4.342405,17:55:00,2024-10-30
202400046399,16:10,Plein jour,78,78322,1,1,1,4.0,RN12 EXT,48.781717,2.163428,16:10:00,2024-12-04
202400046400,09:10,Plein jour,92,92049,2,1,2,7.0,DORMOY AVENUE MARX N°102 A FIN,48.81020734,2.31363103,09:10:00,2024-09-25
202400046401,19:15,Nuit sans éclairage,21,21308,1,1,1,6.0,D119,47.559167,4.421723,19:15:00,2024-10-31
202400046402,21:15,,92,92025,2,1,1,6.0,CHARLES DE GAULLE (BD),48.91107069,2.23381475,21:15:00,2024-09-23
202400046403,11:00,Plein jour,93,93066,1,1,1,5.0,AUTOROUTE A1,48.92409794,2.35714912,11:00:00,2024-12-06
202400046404,15:15,Plein jour,30,30062,2,6,1,2.0,D107 - BIZAC,43.782021,4.206144,15:15:00,2024-10-30
202400046405,06:15,Nuit sans éclairage,93,93027,1,1,1,3.0,AUTOROUTE A1,48.93857335,2.41640267,06:15:00,2024-12-06
202400046406,11:50,Plein jour,52,52377,1,1,1,6.0,D139,48.02795826,5.67732902,11:50:00,2024-10-30
202400046407,00:15,Nuit sans éclairage,95,95018,1,1,1,6.0,A15,48.95201228,2.27957378,00:15:00,2024-12-05
202400046408,22:31,,92,92023,2,3,3,3.0,MOULIN DE LA TOUR (BOULEVARD),48.7905,2.27166,22:31:00,2024-09-25
202400046409,16:07,Plein jour,52,52107,1,9,1,6.0,Chantraines,48.221249,5.240843,16:07:00,2024-10-30
202400046410,18:20,Crépuscule,95,95491,1,1,1,4.0,A115,48.99915368,2.24653374,18:20:00,2024-12-04
202400046411,09:32,Plein jour,38,38242,1,1,1,6.0,A51n,44.918295,5.627086,09:32:00,2024-10-31
202400046412,15:30,Plein jour,92,92007,2,3,2,3.0,DE GAULLE (AVENUE CHARLES),48.79770302,2.29686767,15:30:00,2024-09-25
202400046413,16:40,Crépuscule,93,93007,1,1,1,4.0,AUTOROUTE A1,48.94674096,2.44241883,16:40:00,2024-12-04
202400046414,09:30,Plein jour,77,77100,1,1,5,3.0,A5,48.518168,2.822821,09:30:00,2024-10-31
202400046415,13:50,Plein jour,95,95527,1,1,1,7.0,A1,48.9988,2.52012,13:50:00,2024-12-04
202400046416,17:25,Crépuscule,92,92004,2,3,2,3.0,CHAMPAGNE ( AVE DE ),48.90778012,2.2670082,17:25:00,2024-09-25
202400046417,12:14,Plein jour,01,01049,1,1,1,6.0,A42 pk 014 sens GENÈVE/LYON,45.838127,5.042735,12:14:00,2024-10-29
202400046418,09:00,Plein jour,95,95277,1,1,1,4.0,A104,48.9731902,2.4903971,09:00:00,2024-12-04
202400046419,08:50,Plein jour,01,01032,1,1,1,2.0,A42,45.861702,5.172973,08:50:00,2024-10-23
202400046420,11:30,Plein jour,35,35250,1,1,1,6.0,D173,48.005617,-1.595448,11:30:00,2024-09-21
202400046421,11:30,Plein jour,13,13110,2,1,1,3.0,1544 Chemin des Bonnets,43.426728,5.688354,11:30:00,2024-07-18
202400046422,07:34,Plein jour,974,97415,2,1,1,3.0,Route de Savannah,-20.986399,55.298261,07:34:00,2024-09-25
202400046423,05:10,Crépuscule,976,97611,2,1,2,1.0,kaweni-Kaweni nord ( Z I ),-12.76559,45.22683,05:10:00,2024-12-05
202400046424,21:30,Nuit sans éclairage,34,34032,1,1,1,4.0,A9,43.29968539,3.20694085,21:30:00,2024-10-30
202400046425,16:30,Plein jour,974,97416,1,1,1,2.0,DU LYCEE(RUE),-21.34552,55.49181,16:30:00,2024-12-04
202400046426,08:30,Plein jour,974,97416,1,1,1,6.0,CHATEAU D'EAU (CHEMIN DU),-21.32502,55.47607,08:30:00,2024-12-04
202400046427,07:23,Nuit sans éclairage,45,45312,1,2,2,3.0,D2007 PR 29 + 572,47.905855,2.732919,07:23:00,2024-09-26
202400046428,15:45,Plein jour,34,34294,1,1,1,4.0,A9,43.70555729,4.12017717,15:45:00,2024-10-31
202400046429,18:35,Crépuscule,33,33352,1,1,3,1.0,Unknown,44.57738523,-0.01392603,18:35:00,2024-09-23
202400046430,07:00,Plein jour,987,98735,2,9,1,2.0,fond de vallée,-9.799462,-139.04895,07:00:00,2024-10-31
202400046431,13:10,Plein jour,972,97209,1,1,1,6.0,SOLEIL COU COUPE (RUE),14.60053,-61.04303,13:10:00,2024-12-04
202400046432,13:00,Plein jour,971,97124,2,1,1,6.0,Rue de la Vieille Sucrerie,16.02021,-61.716664,13:00:00,2024-10-31
202400046433,21:00,,972,97209,1,1,1,3.0,RAVINE VILAINE (CHEMIN DEPARTEMENTAL DE),14.6281,-61.06118,21:00:00,2024-12-04
202400046434,17:20,Plein jour,68,68023,1,2,1,2.0,D300,48.161105,7.341356,17:20:00,2024-09-20
202400046435,18:30,,972,97209,1,1,1,2.0,AUTOROUTE (A1),14.61675,-61.0423,18:30:00,2024-12-04
202400046436,20:35,,68,68143,2,1,1,7.0,10 rue du Général De Gaulle,48.11049375,7.42320827,20:35:00,2024-09-25
202400046437,00:20,Nuit sans éclairage,972,97230,2,3,1,1.0,intersection Nationale 1 et route de brin d'amour,14.734461,-60.975451,00:20:00,2024-03-19
202400046438,08:00,Plein jour,2A,2A004,2,1,1,3.0,#1 Boulevard Louis Campi#,41.942229,8.749902,08:00:00,2024-12-05
202400046439,05:50,Nuit sans éclairage,95,95535,1,1,1,5.0,D28,49.05522871,1.96114341,05:50:00,2024-10-31
202400046440,15:10,Plein jour,37,37179,1,4,1,5.0,Unknown,47.462244,0.76077747,15:10:00,2024-09-26
202400046441,18:55,,91,91345,2,1,1,4.0,RUE MICHEL DE GAILLARD,48.69747,2.29001,18:55:00,2024-12-04
202400046442,10:10,Plein jour,83,83125,1,1,2,7.0,D560,43.498106,5.898778,10:10:00,2024-09-26
202400046443,19:45,,06,06048,2,1,1,3.0,D15,43.791199,7.330139,19:45:00,2024-10-25
202400046444,22:45,,91,91687,2,3,2,6.0,MARMONT (AVENUE),48.66395,2.37555,22:45:00,2024-12-05
202400046445,09:00,Plein jour,51,51079,2,1,2,6.0,Rue de Tours-sur-marne,49.076435,4.142565,09:00:00,2024-09-24
202400046446,22:00,Nuit sans éclairage,56,56101,1,1,1,7.0,Lieu-Dit Kerlavarec,47.834923,-3.170478,22:00:00,2024-09-22
202400046447,15:00,Plein jour,13,13027,2,6,7,3.0,Boulevard Joliot Curie,43.875217,4.863424,15:00:00,2024-10-30
202400046448,20:03,,91,91589,2,2,2,3.0,AV CARNOT,48.67686,2.34984,20:03:00,2024-12-05
202400046449,21:00,Nuit sans éclairage,26,26084,1,1,1,3.0,A7 k64+800,44.984167,4.882307,21:00:00,2024-10-30
202400046450,17:40,Plein jour,76,76070,1,4,2,3.0,D154,49.714858,1.21518,17:40:00,2024-09-24
202400046451,17:31,,90,90010,2,3,1,6.0,BOHN (AVENUE CHARLES),47.64925,6.84644,17:31:00,2024-12-04
202400046452,08:45,Plein jour,52,52037,1,1,5,6.0,54,47.910819,5.40169,08:45:00,2024-10-31
202400046453,10:40,Plein jour,65,65455,1,1,1,6.0,D938,43.080534,0.422829,10:40:00,2024-09-25
202400046454,03:50,,88,88209,2,1,2,6.0,GERMAIN CREUSE (RUE),48.1902,6.42983,03:50:00,2024-12-04
202400046455,22:00,Nuit sans éclairage,68,68382,1,1,5,6.0,Chemin de Zaessingue,47.629428,7.365893,22:00:00,2024-10-30
202400046456,16:45,Plein jour,65,65446,1,1,1,7.0,5 Allee du Chateau,43.325295,0.109981,16:45:00,2024-09-26
202400046457,09:30,Plein jour,55,55039,1,1,5,6.0,D905,49.275743,5.414028,09:30:00,2024-10-31
202400046458,05:43,,87,87085,2,1,1,3.0,BEL AIR (BOULEVARD DE),45.82154,1.24509,05:43:00,2024-12-05
202400046459,12:40,Plein jour,11,11262,1,1,1,3.0,Unknown,43.21407066,3.03327918,12:40:00,2024-09-26
202400046460,17:12,Plein jour,84,84007,2,1,1,6.0,LIMBERT (BOULEVARD),43.946547,4.817257,17:12:00,2024-12-04
202400046461,16:15,Plein jour,61,61481,1,1,1,7.0,D3,48.632451,0.393592,16:15:00,2024-09-20
202400046462,17:40,Plein jour,07,07247,1,3,1,3.0,Intersection D802  RN 102,44.591445,4.541801,17:40:00,2024-10-31
202400046463,18:15,Crépuscule,12,12243,1,1,2,6.0,D993,44.010472,2.93644,18:15:00,2024-09-26
202400046464,14:00,Plein jour,46,46307,1,1,3,6.0,D811,44.489296,1.033251,14:00:00,2024-09-26
202400046465,18:15,Nuit sans éclairage,69,69134,1,3,5,1.0,46 Route de Saint Paul,45.915516,4.594978,18:15:00,2024-10-30
202400046466,18:30,Nuit sans éclairage,31,31187,2,1,1,6.0,D632,43.528148,1.211886,18:30:00,2024-10-30
202400046467,09:20,Plein jour,47,47185,2,6,1,5.0,Avenue de Fumel,44.485461,0.975552,09:20:00,2024-09-25
202400046468,15:25,Plein jour,29,29237,1,1,2,3.0,Le Pontois,48.467375,-4.215174,15:25:00,2024-10-29
202400046469,18:30,Plein jour,44,44194,2,1,1,3.0,14 Chemin de la Loire,47.261349,-1.672899,18:30:00,2024-09-23
202400046470,21:00,Nuit sans éclairage,29,29027,1,1,8,6.0,PK 29 RN164,48.20205191,-3.83831011,21:00:00,2024-09-25
202400046471,19:50,Nuit sans éclairage,13,13028,1,1,1,2.0,A50,43.20910061,5.62851473,19:50:00,2024-10-30
202400046472,13:35,Plein jour,29,29037,2,1,1,1.0,Rue de l’Odet,47.873846,-4.122282,13:35:00,2024-09-25
202400046473,16:20,Crépuscule,77,77495,1,6,2,3.0,D605,48.560218,2.645703,16:20:00,2024-12-05
202400046474,01:50,Nuit sans éclairage,67,67482,1,9,1,7.0,M351,48.58764,7.70897,01:50:00,2024-10-29
202400046475,16:25,Plein jour,40,40273,2,1,7,6.0,1862 Avenue du Quartier-neuf,43.527592,-1.392182,16:25:00,2024-09-24
202400046476,17:40,Crépuscule,77,77288,1,9,1,2.0,SAINT LIESNE (RUE),48.540491,2.669333,17:40:00,2024-12-04
202400046477,16:30,Plein jour,62,62907,1,1,1,3.0,A1,50.47352046,2.97862494,16:30:00,2024-10-26
202400046478,02:00,Nuit sans éclairage,77,77445,1,1,1,7.0,D346,48.57063,2.58476,02:00:00,2024-11-17
202400046479,18:07,Plein jour,24,24217,1,1,8,7.0,Route de saint-avit,44.944093,0.884002,18:07:00,2024-09-26
202400046480,07:14,Nuit sans éclairage,59,59456,1,1,2,6.0,AUTOROUTE A 21,50.38132,3.22666,07:14:00,2024-10-26
202400046481,13:10,Plein jour,76,76351,2,1,1,7.0,AUGUSTE BLANQUI (PONT),49.49975,0.16257,13:10:00,2024-12-05
202400046482,06:40,Plein jour,987,98734,1,1,1,7.0,PK 33.900,-17.712,-149.508,06:40:00,2024-09-25
202400046483,07:53,Plein jour,59,59507,1,1,1,2.0,AUTOROUTE A1,50.60778,3.09524,07:53:00,2024-10-28
202400046484,11:55,Plein jour,72,72300,1,1,3,6.0,PK 158+200,48.05352744,0.35247466,11:55:00,2024-09-26
202400046485,09:50,Plein jour,76,76351,2,2,1,6.0,MARECHAL JOFFRE (RUE),49.49991,0.1241,09:50:00,2024-12-04
202400046486,07:50,Plein jour,77,77384,1,1,8,2.0,AUTOROUTE A5A,48.60159,2.59985,07:50:00,2024-10-30
202400046487,07:56,,69,69244,2,3,3,6.0,Avenue Charles de Gaulle,45.760772,4.777765,07:56:00,2024-09-26
202400046488,07:55,Plein jour,92,92047,1,1,1,3.0,A13,48.83492738,2.17446583,07:55:00,2024-10-30
202400046489,09:17,Plein jour,74,74010,2,6,1,3.0,FRANCE (AVENUE)(SECTEUR 310),45.9116,6.1317,09:17:00,2024-11-30
202400046490,11:20,Plein jour,73,73010,1,1,1,3.0,A41,45.79383345,5.97039521,11:20:00,2024-09-25
202400046491,19:30,Nuit sans éclairage,78,78640,1,1,1,2.0,N118,48.784007,2.223213,19:30:00,2024-10-29
202400046492,08:10,Plein jour,77,77190,1,1,2,1.0,D12,48.527519,2.977102,08:10:00,2024-09-26
202400046493,20:00,Nuit sans éclairage,78,78646,1,1,1,1.0,RN12,48.785324,2.154949,20:00:00,2024-10-29
202400046494,14:00,Plein jour,77,77382,1,1,3,1.0,D228,48.907655,2.88849,14:00:00,2024-09-25
202400046495,09:45,Plein jour,92,92036,1,1,1,6.0,RN315 W,48.91987444,2.30667989,09:45:00,2024-10-29
202400046496,13:40,Plein jour,72,72181,2,1,1,4.0,CUGNOT NICOLAS (BD),47.98283,0.22028,13:40:00,2024-12-04
202400046497,14:10,Plein jour,34,34332,1,1,1,2.0,route departementale 612,43.314894,3.380511,14:10:00,2024-09-19
202400046498,00:01,Nuit sans éclairage,71,71306,1,1,3,7.0,RN 70 (ROUTE EXPRESS),46.65869816,4.33109687,00:01:00,2024-12-06
202400046499,18:45,Nuit sans éclairage,93,93005,1,1,1,2.0,AUTOROUTE A3,48.9422986,2.47831903,18:45:00,2024-10-30
202400046500,14:25,Plein jour,34,34151,1,1,1,3.0,Chemin du Bois,43.600579,4.125355,14:25:00,2024-09-25
202400046501,15:30,Plein jour,71,71270,2,6,8,3.0,EUROPE (CARREFOUR DE L'),46.29917,4.82756,15:30:00,2024-12-04
202400046502,19:44,Nuit sans éclairage,93,93066,1,1,1,2.0,AUTOROUTE A1,48.92814627,2.35773547,19:44:00,2024-10-30
202400046503,09:04,Plein jour,06,06015,2,1,1,3.0,1064 Avenue de la Colle d'Ampuons,43.839099,7.319262,09:04:00,2024-09-25
202400046504,16:38,Plein jour,70,70550,2,9,1,6.0,DOILLON (RUE DU DOCTEUR),47.62007,6.16093,16:38:00,2024-12-04
202400046505,16:00,Plein jour,93,93066,1,1,1,4.0,AUTOROUTE A86,48.92198228,2.36023664,16:00:00,2024-10-30
202400046506,12:10,Plein jour,67,67218,2,1,8,6.0,LYON (RTE DE),48.5316,7.71481,12:10:00,2024-12-03
202400046507,14:55,Plein jour,95,95424,1,1,1,7.0,A15,48.99353436,2.18588526,14:55:00,2024-10-29
202400046508,07:00,,06,06048,2,5,3,6.0,61 route de Chateauneuf Villevieille,43.808502,7.314883,07:00:00,2024-09-26
202400046509,13:41,Plein jour,64,64545,2,1,1,7.0,CORNICHE (ROUTE DE LA),43.38082,-1.73222,13:41:00,2024-12-05
202400046510,07:58,Crépuscule,93,93005,1,1,1,3.0,AUTOROUTE A3,48.96017102,2.47352704,07:58:00,2024-10-29
202400046511,07:55,Plein jour,64,64348,2,3,1,3.0,MARTYRS DU PONT LONG DES,43.34837,-0.37996,07:55:00,2024-12-05
202400046512,10:00,Plein jour,13,13041,1,1,2,2.0,D6,43.457712,5.463556,10:00:00,2024-09-24
202400046513,16:00,Plein jour,42,42044,2,4,1,1.0,Rue de l’Ondaine,45.3948793,4.30289179,16:00:00,2024-07-29
202400046514,13:15,Plein jour,64,64024,2,9,1,3.0,LAPORTE (AVENUE JEAN LEON),43.48454,-1.50188,13:15:00,2024-12-05
202400046515,07:28,Crépuscule,68,68199,1,6,3,6.0,D1066,47.866516,7.038835,07:28:00,2024-09-26
202400046516,17:30,Nuit avec éclairage,64,64102,2,1,2,6.0,URSUYA (AVENUE DE L'),43.47876,-1.49648,17:30:00,2024-12-03
202400046517,12:32,Plein jour,42,42207,1,1,1,2.0,A47,45.4758,4.4975,12:32:00,2024-07-11
202400046518,09:30,Plein jour,57,57415,2,6,2,6.0,Route de Woippy,49.145086,6.127574,09:30:00,2024-09-24
202400046519,19:00,,62,62498,2,1,2,6.0,Place Jean Jaurès,50.4292641,2.83213949,19:00:00,2024-12-05