Num_Acc,hrmn,lum,dep,com,agg,int,atm,col,adr,lat,long,heure,date
202400046520,18:05,,62,62270,1,1,2,6.0,D301,50.47268877,2.52182577,18:05:00,2024-12-05
202400046521,23:50,Nuit sans éclairage,44,44009,1,1,1,7.0,Unknown,47.225499,-1.4699604,23:50:00,2024-10-16
202400046522,16:40,Crépuscule,62,62041,2,9,2,6.0,Rue Ernestale,50.28984,2.77386,16:40:00,2024-12-04
202400046523,15:00,Plein jour,44,44190,2,1,1,6.0,60 Avenue de la Martellière,47.19909683,-1.5263075,15:00:00,2024-10-16
202400046524,15:55,Plein jour,38,38545,1,1,1,3.0,Avenue Général de Gaulle,45.038604,5.660695,15:55:00,2024-09-25
202400046525,16:59,Crépuscule,44,44143,2,1,1,7.0,15 Avenue de la Libération,47.19300147,-1.54655115,16:59:00,2024-10-16
202400046526,11:30,Plein jour,59,59183,2,1,2,3.0,REPUBLIQUE,51.02783,2.34655,11:30:00,2024-12-05
202400046527,10:20,Plein jour,33,33519,2,6,1,1.0,Unknown,44.9102,-0.713629,10:20:00,2024-09-25
202400046528,19:00,Plein jour,84,84007,2,6,1,7.0,Unknown,43.94474,4.85372,19:00:00,2024-08-28
202400046529,20:00,,59,59271,2,3,1,7.0,RD 601,51.02343,2.3118,20:00:00,2024-11-25
202400046530,11:50,Plein jour,84,84007,2,1,1,6.0,GEOFFROY (RUE DU DOCTEUR),43.92844,4.81591,11:50:00,2024-08-27
202400046531,07:50,Plein jour,22,22162,2,3,2,5.0,Chemin de Goasmeur,48.769626,-3.067117,07:50:00,2024-09-25
202400046532,11:20,Plein jour,59,59178,2,6,1,6.0,MONSSARAT (RUE CHARLES),50.3638,3.0851,11:20:00,2024-12-04
202400046533,09:15,Plein jour,84,84007,2,1,1,6.0,BALANCE (rue de la),43.95148,4.80569,09:15:00,2024-08-27
202400046534,14:40,Plein jour,62,62014,2,2,1,3.0,D157,50.63740179,2.3902121,14:40:00,2024-09-24
202400046535,19:22,,57,57672,2,1,1,6.0,LE KEM (CHEMIN) - PAIR,49.3531,6.13437,19:22:00,2024-12-03
202400046536,05:34,,84,84007,2,2,1,7.0,PIERRE SEMARD (avenue),43.93417,4.83154,05:34:00,2024-08-27
202400046537,08:10,Plein jour,54,54547,2,3,1,6.0,Rue Léon Blum,48.66515,6.16498,08:10:00,2024-12-05
202400046538,14:30,Plein jour,59,59577,1,2,1,6.0,la Longue Croix,50.752745,2.474214,14:30:00,2024-09-26
202400046539,16:10,Plein jour,84,84069,1,1,1,6.0,D19,44.142166,5.136216,16:10:00,2024-08-11
202400046540,16:00,Plein jour,84,84050,1,1,1,6.0,D2,43.890849,5.185279,16:00:00,2024-08-08
202400046541,14:20,Plein jour,54,54304,2,6,1,3.0,Route de Villers,48.67890873,6.14167285,14:20:00,2024-12-04
202400046542,22:30,Nuit sans éclairage,33,33318,1,1,3,4.0,Unknown,44.792299,-0.648594,22:30:00,2024-09-25
202400046543,03:10,Nuit sans éclairage,84,84069,2,1,1,6.0,Route départementale 938,44.181573,5.126796,03:10:00,2024-06-26
202400046544,12:03,Plein jour,33,33063,1,1,2,6.0,Unknown,44.880644,-0.540893,12:03:00,2024-09-24
202400046545,07:50,Plein jour,52,52448,2,1,1,6.0,LECLERC (PLACE DU MARECHAL),48.64265,4.94795,07:50:00,2024-12-02
202400046546,16:25,Plein jour,84,84146,1,1,2,6.0,Route de Mirabel,44.289978,5.037076,16:25:00,2024-06-25
202400046547,07:50,Crépuscule,51,51454,2,1,2,3.0,GUTENBERG (RUE),49.27752,4.00459,07:50:00,2024-12-05
202400046548,23:30,Nuit sans éclairage,91,91477,1,1,1,1.0,AUTOROUTE A126,48.72406,2.2376,23:30:00,2024-09-24
202400046549,17:50,Plein jour,84,84132,1,1,1,6.0,4025 Route des Vignères,43.892607,5.010218,17:50:00,2024-07-28
202400046550,14:40,Plein jour,50,50218,2,1,1,6.0,ARMATEURS (RUE DES),48.83627,-1.55083,14:40:00,2024-12-05
202400046551,10:15,Plein jour,84,84069,1,1,7,7.0,RD974,44.160488,5.147524,10:15:00,2024-07-20
202400046552,04:12,Nuit sans éclairage,78,78431,1,1,2,3.0,A13,48.93828,1.95734,04:12:00,2024-09-25
202400046553,17:25,Plein jour,84,84060,1,1,2,6.0,route des lavandes,43.987575,5.486699,17:25:00,2024-07-06
202400046554,11:50,Plein jour,49,49099,2,3,8,3.0,RIMET (RUE JULES),47.04819,-0.87762,11:50:00,2024-11-28
202400046555,07:10,Plein jour,78,78140,1,1,2,4.0,A13,48.961479,1.929338,07:10:00,2024-09-24
202400046556,08:45,Plein jour,92,92050,1,1,2,7.0,A86,48.89347708,2.1888457,08:45:00,2024-09-24
202400046557,18:50,,49,49099,2,1,1,6.0,SAINT GILDAS (SQUARE),47.063268,-0.898211,18:50:00,2024-12-02
202400046558,20:35,Plein jour,74,74218,1,1,1,3.0,THONON (AVENUE DE),46.39029,6.52672,20:35:00,2024-06-01
202400046559,12:14,Plein jour,49,49007,2,1,1,7.0,LETANDUERE,47.45503,-0.55364,12:14:00,2024-12-04
202400046560,17:50,Plein jour,32,32369,1,9,1,3.0,D 931,43.794845,0.031645,17:50:00,2024-04-30
202400046561,17:54,Plein jour,77,77249,1,1,2,6.0,RN104,48.74023,2.61264,17:54:00,2024-09-25
202400046562,11:55,Plein jour,43,43157,2,3,2,3.0,Avenue Andre Soulier,45.03611993,3.88377964,11:55:00,2024-12-04
202400046563,15:00,Plein jour,91,91405,1,1,1,1.0,D372,48.427129,2.469274,15:00:00,2024-07-02
202400046564,11:45,Plein jour,28,28088,2,2,1,2.0,35 Rue Gambetta,48.069073,1.331105,11:45:00,2024-06-27
202400046565,17:30,,41,41018,2,9,2,6.0,RIFFAULT (RUE EUGENE),47.5908,1.34092,17:30:00,2024-12-05
202400046566,06:44,Plein jour,988,98818,2,5,1,3.0,RUE CHARLES PORCHERON/RUE DE LA VALBONNE,-22.27459,166.44737,06:44:00,2024-10-30
202400046567,08:00,Plein jour,974,97416,1,1,1,6.0,RN3 (1),-21.31537,55.49282,08:00:00,2024-10-29
202400046568,18:20,Plein jour,28,28021,1,1,1,5.0,Montançon,48.344456,1.296784,18:20:00,2024-06-18
202400046569,00:20,,38,38151,2,2,1,3.0,COURS JEAN JAURÈS,45.14597,5.70497,00:20:00,2024-12-05
202400046570,09:00,Plein jour,974,97411,2,9,1,3.0,LACAUSSADE (BOULEVARD),-20.88308,55.44758,09:00:00,2024-10-29
202400046571,22:30,Nuit sans éclairage,28,28006,1,1,1,1.0,Route Départementale 923,48.435661,1.414179,22:30:00,2024-05-30
202400046572,08:50,Plein jour,38,38516,2,9,1,3.0,AVENUE DU RACHAIS,45.20027,5.74495,08:50:00,2024-12-04
202400046573,12:30,Plein jour,28,28048,1,1,1,7.0,rd337,48.321796,1.412601,12:30:00,2024-05-27
202400046574,08:15,Plein jour,974,97411,2,2,1,3.0,SOURCE (RUE DE LA),-20.88878,55.44877,08:15:00,2024-10-28
202400046575,08:50,Plein jour,37,37261,2,3,2,3.0,DE GAULLE (AVENUE DU GENERAL),47.38122,0.70166,08:50:00,2024-12-05
202400046576,07:05,Plein jour,973,97302,2,1,1,1.0,MONTABO (ROUTE DE) 1,4.94431812,-52.30965346,07:05:00,2024-09-24
202400046577,21:12,,973,97302,2,1,1,2.0,ZEPHIR (ROCADE),4.93822,-52.30634,21:12:00,2024-10-29
202400046578,08:00,,35,35238,2,1,2,3.0,MAGINOT (AVENUE SERGENT),48.10997316,-1.66057974,08:00:00,2024-12-05
202400046579,23:00,,69,69386,2,2,2,3.0,Rue Michel Rambaud,45.76906,4.86065,23:00:00,2024-09-24
202400046580,17:45,Plein jour,973,97302,2,3,1,3.0,MATOURY (RUE),4.93186,-52.32308,17:45:00,2024-10-29
202400046581,12:10,Plein jour,69,69383,2,2,1,3.0,Rue Baraban,45.76313,4.8686,12:10:00,2024-09-24
202400046582,21:50,,973,97302,2,3,1,5.0,ROUGET DE L ' ISLE,4.94242,-52.32795,21:50:00,2024-10-27
202400046583,20:10,,33,33063,2,2,2,1.0,Unknown,44.84147,-0.59946,20:10:00,2024-12-05
202400046584,08:49,Plein jour,31,31555,2,1,1,3.0,AV DE CASTRES,43.59657,1.48358,08:49:00,2024-12-05
202400046585,17:56,,2A,2A004,1,1,1,2.0,T21,41.92796,8.77559,17:56:00,2024-10-28
202400046586,15:40,Plein jour,95,95277,2,7,1,3.0,ARISTIDE BRIAND (AVENUE),49.00163434,2.42160208,15:40:00,2024-10-29
202400046587,17:00,Plein jour,31,31555,2,1,1,3.0,GUESDE (ALL JULES) DU 1AU 3,43.59361,1.44604,17:00:00,2024-12-04
202400046588,12:40,Plein jour,91,91589,2,1,1,6.0,BD ARISTIDE BRIAND,48.687149,2.353898,12:40:00,2024-10-29
202400046589,09:00,Plein jour,31,31555,2,1,1,1.0,CHE DE BASSO CAMBO,43.56259541,1.38571501,09:00:00,2024-12-04
202400046590,19:20,,87,87085,2,2,2,3.0,KING (AVENUE MARTIN LUTHER),45.81938131,1.23409867,19:20:00,2024-10-25
202400046591,22:34,Nuit sans éclairage,29,29232,1,1,1,7.0,RN 165,48.00974303,-4.06735642,22:34:00,2024-12-05
202400046592,18:00,Nuit sans éclairage,29,29232,1,1,2,2.0,Rd 365 - Avenue du Morbihan,47.97806299,-4.02782488,18:00:00,2024-12-04
202400046593,15:43,Plein jour,87,87085,2,3,1,2.0,GIFFARD (RUE HENRI),45.87463,1.26647,15:43:00,2024-10-27
202400046594,17:25,,70,70285,2,1,1,3.0,JEAN JAURÈS(AVENUE),47.57109,6.76872,17:25:00,2024-12-04
202400046595,22:20,,83,83137,2,2,1,3.0,BRIAND (AVE ARISTIDE DE 1221 A FIN,43.12564,5.89694,22:20:00,2024-10-29
202400046596,14:47,Plein jour,19,19031,2,9,1,7.0,KENNEDY (AVENUE JOHN),45.16776,1.55246,14:47:00,2024-12-05
202400046597,21:40,,83,83009,2,1,1,3.0,LUCIEN ARTAUD (PLACE),43.13761,5.76095,21:40:00,2024-10-29
202400046598,07:40,Plein jour,15,15014,2,1,1,6.0,Chemin de Conthe,44.91611,2.42985,07:40:00,2024-12-04
202400046599,16:20,Plein jour,81,81060,1,1,1,2.0,190 Avenue de Rodez,44.06249,2.17198,16:20:00,2024-10-28
202400046600,07:00,,14,14333,2,2,2,1.0,18 Avenue du Canteloup,49.40877,0.24698,07:00:00,2024-12-04
202400046601,13:15,Plein jour,78,78551,1,1,1,2.0,ROUTE NATIONALE 13,48.89333,2.08243,13:15:00,2024-10-29
202400046602,10:30,Plein jour,13,13203,2,3,1,3.0,NATIONAL (BOULEVARD),43.3078311,5.38164509,10:30:00,2024-12-05
202400046603,17:00,Plein jour,78,78440,2,1,1,4.0,EUROPE (AVENUE DE L'),48.975538,1.915862,17:00:00,2024-10-29
202400046604,10:00,Plein jour,13,13216,2,6,1,1.0,ANDRÉ ROUSSIN (AVENUE),43.36055,5.3384,10:00:00,2024-12-05
202400046605,12:15,Plein jour,13,13001,2,9,1,1.0,GRAND VALLAT (AV),43.49149,5.34921,12:15:00,2024-12-04
202400046606,11:15,Plein jour,76,76561,2,6,1,6.0,Rue du Maréchal Leclerc,49.301879,1.012568,11:15:00,2024-10-29
202400046607,14:40,Plein jour,12,12202,2,3,1,3.0,PAUL RAMADIER (BOULEVARD),44.35975,2.57213,14:40:00,2024-11-27
202400046608,16:15,Plein jour,73,73031,2,6,1,6.0,TURIN (AVENUE DE),45.573145,5.946163,16:15:00,2024-10-29
202400046609,07:45,Plein jour,12,12146,1,1,1,6.0,BOUTONNET (LIEU DIT),44.31894,2.5864,07:45:00,2024-11-24
202400046610,07:59,Plein jour,73,73065,1,1,1,4.0,N201,45.57570973,5.92787862,07:59:00,2024-10-29
202400046611,13:45,Plein jour,12,12202,2,3,1,6.0,BORDEAUX (AVENUE DE),44.3562,2.57574,13:45:00,2024-11-15
202400046612,14:30,Plein jour,69,69259,2,1,1,3.0,Avenue Francis de Pressensé,45.72334547,4.8652321,14:30:00,2024-10-29
202400046613,08:55,Plein jour,12,12202,2,1,1,6.0,GINESTE (AVENUE DE LA),44.36394,2.55314,08:55:00,2024-10-24
202400046614,15:30,Plein jour,67,67482,2,1,1,3.0,BECQUEREL (RUE),48.60604,7.71603,15:30:00,2024-10-29
202400046615,12:55,Plein jour,12,12013,1,3,2,3.0,RD 840,44.55315,2.28737,12:55:00,2024-12-02
202400046616,15:30,Plein jour,67,67482,2,3,1,3.0,CHAMPS (RUE DES),48.5943,7.72335,15:30:00,2024-10-28
202400046617,06:05,Nuit avec éclairage,10,10357,2,6,5,7.0,ROCADE EST (RD 610),48.29574,4.13727,06:05:00,2024-12-04
202400046618,16:19,Plein jour,64,64483,1,3,1,1.0,RD810,43.41344,-1.61443,16:19:00,2024-10-29
202400046619,16:45,Plein jour,07,07019,2,1,7,3.0,BELLANDE (AVENUE DE ),44.61477,4.4007,16:45:00,2024-12-04
202400046620,15:50,Plein jour,64,64335,2,1,1,3.0,EUROPE DE L',43.33176,-0.45039,15:50:00,2024-10-28
202400046621,14:07,Plein jour,06,06088,2,2,1,6.0,25 Pont René Coty,43.722977,7.289872,14:07:00,2024-12-05
202400046622,11:45,Plein jour,63,63113,2,3,1,2.0,Rue Tourette / rue des Trioux,45.80200536,3.11724722,11:45:00,2024-10-29
202400046623,13:30,Plein jour,06,06088,2,1,7,2.0,29 Rue Arson,43.70233,7.28755,13:30:00,2024-12-05
202400046624,08:30,Plein jour,63,63113,2,1,1,3.0,LAFAYETTE (BD),45.77364,3.08803,08:30:00,2024-10-29
202400046625,19:10,Nuit avec éclairage,06,06104,2,1,1,6.0,212 Avenue Louis Pasteur,43.763609,7.480244,19:10:00,2024-11-29
202400046626,16:00,Plein jour,62,62160,2,1,8,6.0,D96,50.71986365,1.61533459,16:00:00,2024-10-29
202400046627,22:50,,06,06123,2,2,1,3.0,497 Promenade Alain Gerbault,43.6565,7.1798,22:50:00,2024-12-05
202400046628,16:05,Plein jour,75,75111,2,2,1,3.0,AVENUE DE LA REPUBLIQUE,48.864009,2.381201,16:05:00,2024-01-08
202400046629,13:31,Plein jour,75,75110,2,4,1,6.0,QUAI DE VALMY,48.871794,2.364577,13:31:00,2024-01-08
202400046630,18:22,,75,75108,2,7,1,3.0,PLACE DE L ALMA,48.86401368,2.30180204,18:22:00,2024-01-08
202400046631,22:50,,94,94046,2,2,4,2.0,Avenue de la République / Rue de Bordeaux,48.80833555,2.45012136,22:50:00,2024-01-08
202400046632,12:50,Plein jour,94,94046,2,1,8,3.0,Avenue Léon Blum,48.80097417,2.43542878,12:50:00,2024-01-08
202400046633,18:40,,93,93070,2,1,1,7.0,Rue des Bateliers,48.91173,2.32817,18:40:00,2024-01-08
202400046634,22:10,,93,93048,2,2,4,3.0,Boulevard Paul Vaillant Couturier / Avenue Walwein,48.862624,2.441627,22:10:00,2024-01-08
202400046635,16:19,Plein jour,93,93066,2,9,1,1.0,Route de la Courneuve,48.93302,2.37276,16:19:00,2024-01-08
202400046636,05:43,,93,93078,2,1,1,6.0,Avenue Georges Clémenceau,48.957218,2.559358,05:43:00,2024-01-08
202400046637,10:15,Plein jour,92,92046,2,2,8,6.0,CAMELINAT,48.81470641,2.29682878,10:15:00,2024-01-08
202400046638,08:20,Crépuscule,92,92046,2,1,8,2.0,PIERRE BROSSOLETTE (AVENUE),48.8217736,2.31325977,08:20:00,2024-01-08
202400046639,16:25,Plein jour,92,92020,2,1,1,6.0,PANORAMA RUE DU,48.79937529,2.27840155,16:25:00,2024-01-08
202400046640,07:08,,92,92048,2,6,1,2.0,GIRATOIRE,48.78664337,2.22392857,07:08:00,2024-01-08
202400046641,19:55,,92,92044,2,2,1,6.0,PDT WILSON(RUE)77A105 ET 76A108,48.89294495,2.28958011,19:55:00,2024-01-07
202400046642,18:55,,92,92036,2,1,2,6.0,AGNETTES (RUE DES) (1/9),48.92224782,2.2882542,18:55:00,2024-01-08
202400046643,16:45,Crépuscule,24,24196,2,1,1,6.0,4 Route de la Chapelle,45.324981,1.16711,16:45:00,2024-01-09
202400046644,16:35,Crépuscule,57,57204,1,1,8,1.0,D3,49.16583322,6.29818252,16:35:00,2024-01-08
202400046645,05:00,Nuit sans éclairage,47,47225,1,1,1,6.0,D656e,44.178173,0.571987,05:00:00,2024-01-09
202400046646,13:00,Plein jour,91,91228,2,1,1,6.0,BLAISE PASCAL (COURS),48.62679,2.43145,13:00:00,2024-05-07
202400046647,15:10,Plein jour,75,75112,2,1,8,3.0,BD PERIPHERIQUE EXTERIEUR,48.833569,2.408341,15:10:00,2024-03-29
202400046648,18:15,Nuit avec éclairage,01,01333,2,2,1,6.0,Route de Monthieux,45.930126,4.954302,18:15:00,2024-01-09
202400046649,16:30,Plein jour,87,87085,2,2,1,3.0,SABLARD (AVENUE DE),45.82817,1.28218,16:30:00,2024-05-06
202400046650,12:19,Plein jour,75,75117,2,1,1,2.0,BD PERIPHERIQUE INTERIEUR,48.885809,2.288302,12:19:00,2024-03-30
202400046651,19:15,Plein jour,84,84031,2,4,1,6.0,MOULIN AVENUE DU,44.05513,5.03689,19:15:00,2024-05-07
202400046652,14:00,Plein jour,21,21105,1,1,4,4.0,A31 PK043.200,47.308374,5.173093,14:00:00,2024-01-09
202400046653,01:50,,972,97217,2,1,1,7.0,Rue Nelson Mandela,14.472102,-60.871902,01:50:00,2024-01-08
202400046654,09:52,Plein jour,84,84031,2,3,1,6.0,PASTEUR BOULEVARD,44.04887,5.04504,09:52:00,2024-05-07
202400046655,21:10,,75,75118,2,3,1,3.0,BOULEVARD NEY,48.897711,2.337607,21:10:00,2024-03-30
202400046656,18:10,,12,12230,1,3,1,3.0,Route departementale 903,44.03764334,2.51923536,18:10:00,2024-01-08
202400046657,15:53,Plein jour,84,84007,2,2,1,4.0,C.De GAULLE (Rocade),43.93368,4.83171,15:53:00,2024-05-07
202400046658,21:45,,75,75117,2,3,1,3.0,AVENUE DE LA PORTE D ASNIERES,48.891859,2.301736,21:45:00,2024-03-31
202400046659,15:45,Plein jour,83,83137,2,1,1,3.0,ROOSEVELT (AVE FRANKLIN),43.1208,5.94038,15:45:00,2024-05-07
202400046660,15:30,Plein jour,62,62742,2,1,1,1.0,D144,50.46191704,1.67603237,15:30:00,2024-01-08
202400046661,17:30,Plein jour,83,83129,2,1,1,6.0,DE GAULLE (PROMENADE CHARLES),43.10976979,5.81296062,17:30:00,2024-05-02
202400046662,10:40,Plein jour,75,75116,2,2,1,1.0,RUE DE LA POMPE,48.864128,2.277574,10:40:00,2024-03-31
202400046663,18:00,Plein jour,81,81065,1,1,2,6.0,1012 (ROUTE DEPARTEMENTALE),43.59703733,2.21912777,18:00:00,2024-05-07
202400046664,09:00,Plein jour,56,56081,1,1,9,6.0,Rosquennec,48.046106,-3.621765,09:00:00,2024-01-08
202400046665,12:50,Plein jour,80,80021,2,1,1,1.0,Chemin de la Salle,49.90727,2.28966,12:50:00,2024-05-06
202400046666,16:30,Plein jour,75,75112,2,1,2,3.0,QUAI DE BERCY,48.83172,2.38463,16:30:00,2024-03-29
202400046667,14:50,Plein jour,78,78208,1,1,1,1.0,NATIONALE 10 (ROUTE),48.76335,1.96702,14:50:00,2024-05-07
202400046668,08:00,Crépuscule,59,59054,2,3,1,6.0,Rue de la Longue Croix,50.783776,2.455176,08:00:00,2024-01-08
202400046669,17:00,Plein jour,77,77288,2,9,1,6.0,CHAPU   (PLACE),48.533163,2.658911,17:00:00,2024-05-07
202400046670,00:45,Nuit avec éclairage,47,47159,2,3,1,6.0,D6,44.4109,0.220735,00:45:00,2024-01-09
202400046671,20:10,Plein jour,72,72181,2,1,2,3.0,GAULLE GENERAL DE (AV DU),48.00424,0.20018,20:10:00,2024-05-06
202400046672,06:15,,75,75109,2,3,1,6.0,RUE SAINT LAZARE,48.875936,2.329712,06:15:00,2024-03-31
202400046673,17:20,Plein jour,22,22135,1,1,1,7.0,Lieu Dit Pen Forest,48.529548,-3.286368,17:20:00,2024-01-08
202400046674,18:10,Plein jour,72,72181,2,8,2,3.0,DURAND GEORGES (AV) N° IMP 199 AU N° 311,47.97381,0.216,18:10:00,2024-05-06
202400046675,14:24,Plein jour,75,75101,2,3,1,6.0,RUE CROIX DES PETITS CHAMPS,48.862257,2.339197,14:24:00,2024-03-31
202400046676,16:30,Plein jour,38,38049,1,1,1,1.0,D51,45.406271,5.13514,16:30:00,2024-01-09
202400046677,14:00,Plein jour,72,72181,2,1,2,4.0,BROSSOLETTE PIERRE (BD) N° IMP,47.97885,0.20517,14:00:00,2024-05-06
202400046678,17:20,Nuit sans éclairage,02,02407,1,1,1,6.0,d65,49.550155,3.553423,17:20:00,2024-01-09
202400046679,08:05,Plein jour,69,69092,2,1,1,1.0,Rue de la Chapelle,46.00288,4.70751,08:05:00,2024-05-07
202400046680,16:50,Plein jour,75,75101,2,7,8,6.0,RUE DE ROHAN,48.862748,2.335283,16:50:00,2024-03-30
202400046681,08:35,Plein jour,03,03080,2,1,4,1.0,D2209,46.10931,3.315731,08:35:00,2024-01-08
202400046682,15:00,Plein jour,69,69264,2,9,1,3.0,Rue Andre Desthieux,45.99476,4.72561,15:00:00,2024-02-19
202400046683,15:30,Plein jour,94,94044,2,3,1,2.0,Avenue de Valenton / Allée Van Gogh,48.74365763,2.5040007,15:30:00,2024-03-30
202400046684,20:30,Plein jour,67,67482,2,1,1,6.0,LOUISE MICHEL (RUE),48.5839,7.70878,20:30:00,2024-05-06
202400046685,07:55,Crépuscule,72,72112,1,2,8,3.0,Lieu Dit le Chene Vert,48.242792,0.254445,07:55:00,2024-01-09
202400046686,15:30,Plein jour,60,60319,1,1,1,7.0,D3,49.35279576,1.97831598,15:30:00,2024-01-09
202400046687,08:15,Plein jour,65,65440,2,1,2,3.0,Avenue Antoine de Saint-exupéry,43.24389,0.06466,08:15:00,2024-05-07
202400046688,11:25,Plein jour,94,94068,2,2,1,6.0,Boulevard de la Marne / Avenue Louis Blanc,48.79342077,2.49748233,11:25:00,2024-03-30
202400046689,17:25,Plein jour,64,64102,2,6,1,7.0,PIECE NOYEE (ROND POINT DE LA),43.49894,-1.48144,17:25:00,2024-05-07
202400046690,16:05,Plein jour,07,07010,1,1,4,1.0,122 Avenue Ferdinand Janvier,45.260659,4.6683017,16:05:00,2024-01-09
202400046691,16:30,Plein jour,94,94079,2,3,1,6.0,Route de Bry / Rue du Commandant Louis Bouchet,48.831456,2.534427,16:30:00,2024-03-31
202400046692,15:20,Plein jour,62,62765,2,7,1,6.0,Rue de Calais,50.75180298,2.2518049,15:20:00,2024-05-06
202400046693,15:30,Plein jour,62,62400,2,1,1,6.0,Rue des Rossignols,50.48041542,2.58825338,15:30:00,2024-05-02
202400046694,21:20,Nuit sans éclairage,85,85234,1,1,1,1.0,D205,46.796479,-2.018863,21:20:00,2024-01-08
202400046695,08:00,Crépuscule,27,27486,1,1,4,3.0,route départementale 39,49.116306,0.981528,08:00:00,2024-01-09
202400046696,15:30,Plein jour,59,59512,2,2,1,3.0,ALMA  (RUE DE L)',50.69708,3.16572,15:30:00,2024-05-06
202400046697,20:10,Plein jour,93,93073,2,2,8,3.0,Sixieme Avenue / Septieme Avenue,48.96219,2.56717,20:10:00,2024-03-31
202400046698,15:30,Plein jour,01,01451,1,1,1,2.0,Unknown,46.262931,5.186491,15:30:00,2024-01-08
202400046699,21:10,Crépuscule,59,59350,2,1,1,6.0,Rue des Hortensias,50.65069,2.98933,21:10:00,2024-05-07
202400046700,19:00,Plein jour,59,59527,2,1,1,3.0,DE LATTRE TASSIGNY.AV °1A205,50.65478,3.04651,19:00:00,2024-05-07
202400046701,12:00,Plein jour,01,01099,1,1,2,3.0,A42 pk 033+800 sens Genève / Lyon,45.917285,5.256124,12:00:00,2024-01-05
202400046702,22:15,Nuit sans éclairage,59,59350,1,1,1,7.0,Boulevard Louis Pasteur,50.6351,3.08121,22:15:00,2024-05-06
202400046703,20:50,,93,93008,2,3,1,4.0,Rue Pierre Sémard / Rue de l'Indépendance,48.910476,2.446662,20:50:00,2024-03-30
202400046704,06:10,Crépuscule,58,58194,2,1,1,6.0,MONTAPINS,46.9774,3.13554,06:10:00,2024-05-05
202400046705,18:25,Plein jour,93,93008,2,1,1,6.0,Rue de Stalingrad,48.913189,2.435971,18:25:00,2024-03-30
202400046706,17:50,,69,69027,2,3,2,6.0,2 Rue du Moulin,45.67181968,4.75344047,17:50:00,2024-01-08
202400046707,17:55,Plein jour,56,56260,1,1,1,2.0,Ménimur,47.668755,-2.770101,17:55:00,2024-05-07
202400046708,03:30,,93,93005,2,1,2,1.0,Route des Petits Ponts,48.931833,2.490256,03:30:00,2024-03-31
202400046709,18:30,Nuit sans éclairage,28,28276,1,1,1,2.0,"A10, PK 055+300",48.288053,1.86027,18:30:00,2024-01-08
202400046710,16:50,Plein jour,54,54395,2,3,1,3.0,Avenue de Boufflers,48.69209,6.14801,16:50:00,2024-05-07
202400046711,02:55,,92,92044,2,9,1,6.0,ALSACE (RUE) N°1 A 17 ET 2 A 18,48.89154692,2.29594606,02:55:00,2024-03-16
202400046712,11:55,Plein jour,976,97614,1,1,3,1.0,route déparmentale 1 - Près du Mon Pouleti,-12.827514,45.135205,11:55:00,2024-01-09
202400046713,17:50,Plein jour,51,51454,2,1,1,6.0,MUN (RUE BERTRAND DE),49.25188,4.06105,17:50:00,2024-05-07
202400046714,07:30,Plein jour,973,97305,1,1,1,3.0,Unknown,5.066322,-52.537651,07:30:00,2024-01-05
202400046715,21:00,Nuit avec éclairage,92,92036,2,3,1,2.0,STALINGRAD (AV DE),48.93247241,2.28243917,21:00:00,2024-03-30
202400046716,16:10,Plein jour,51,51454,2,1,1,7.0,EPERNAY (AVENUE D') COTE IMPAIR,49.23497,4.01435,16:10:00,2024-05-07
202400046717,19:30,Plein jour,86,86228,1,1,1,6.0,Lieu Dit Ransanne,46.383661,0.532511,19:30:00,2024-03-31
202400046718,11:30,Plein jour,971,97122,1,1,1,3.0,Lieu Dit Goguette,16.446906,-61.515454,11:30:00,2024-01-09
202400046719,11:15,Plein jour,51,51172,2,1,1,6.0,LAPS (RUE DES),49.21487,4.05196,11:15:00,2024-05-07
202400046720,18:00,Nuit avec éclairage,971,97126,2,1,1,6.0,Littoral,15.962056,-61.318222,18:00:00,2024-01-07
202400046721,20:20,Crépuscule,86,86092,1,1,1,6.0,D 22,46.944234,0.570168,20:20:00,2024-03-31
202400046722,15:58,Plein jour,49,49328,1,1,1,3.0,AMY (RUE ROBERT),47.24666,-0.07589,15:58:00,2024-05-07
202400046723,14:15,Plein jour,26,26072,1,1,4,2.0,Unknown,45.121249,4.895879,14:15:00,2024-01-08
202400046724,16:20,Plein jour,41,41167,1,1,1,6.0,D1,47.485802,1.190257,16:20:00,2024-03-30
202400046725,09:10,Plein jour,47,47323,2,2,1,3.0,GRELOT(RUE DE),44.42174363,0.71280241,09:10:00,2024-05-05
202400046726,19:35,Nuit sans éclairage,63,63254,1,4,1,6.0,D943 / D775,45.805146,3.050366,19:35:00,2024-01-05
202400046727,19:10,Crépuscule,01,01357,1,1,1,7.0,D1084,46.176958,5.73664,19:10:00,2024-03-29
202400046728,19:40,Nuit sans éclairage,60,60671,1,1,9,7.0,D330a,49.155219,2.765674,19:40:00,2024-01-09
202400046729,12:20,Plein jour,65,65045,1,1,1,7.0,D928,42.980022,-0.203134,12:20:00,2024-03-31
202400046730,17:25,Plein jour,37,37261,2,8,1,3.0,COLOMBIER (RUE),47.42302,0.7071,17:25:00,2024-05-07
202400046731,18:18,,83,83137,1,1,1,2.0,A57,43.12461178,5.9673203,18:18:00,2024-01-08
202400046732,10:15,Plein jour,49,49248,2,1,1,3.0,Rue de l’hotel de ville,47.70302278,-1.03087703,10:15:00,2024-03-31