Num_Acc,hrmn,lum,dep,com,agg,int,atm,col,adr,lat,long,heure,date
202400046733,18:15,Plein jour,34,34172,2,1,1,6.0,CARRE DU ROI (RUE DU),43.6132,3.87235,18:15:00,2024-05-07
202400046734,13:10,Plein jour,34,34172,2,1,1,3.0,BLAYAC (RUE DU PROFESSEUR),43.62306,3.83247,13:10:00,2024-05-07
202400046735,11:13,Plein jour,34,34172,2,2,1,3.0,LODEVE (AVENUE DE,43.61453,3.83563,11:13:00,2024-05-07
202400046736,07:35,Nuit sans éclairage,33,33122,1,1,1,4.0,Unknown,44.724713,-0.733172,07:35:00,2024-01-08
202400046737,01:30,Nuit sans éclairage,29,29260,2,1,2,6.0,Rue de Pontavenec,48.42634288,-4.60363682,01:30:00,2024-03-30
202400046738,16:00,Plein jour,34,34172,2,1,2,4.0,TOULOUSE (AVENUE DE,43.59474,3.86128,16:00:00,2024-05-06
202400046739,18:11,Nuit sans éclairage,62,62771,1,1,1,5.0,A211,50.42962849,2.8447731,18:11:00,2024-01-07
202400046740,13:35,Plein jour,91,91692,1,1,4,7.0,RN 118,48.689038,2.191249,13:35:00,2024-01-08
202400046741,10:40,Plein jour,33,33529,2,1,2,2.0,Unknown,44.63929,-1.15445,10:40:00,2024-05-07
202400046742,18:20,Plein jour,38,38500,1,1,1,1.0,D1092,45.180952,5.380769,18:20:00,2024-03-31
202400046743,19:40,Nuit sans éclairage,78,78640,1,1,2,2.0,A86 EXT,48.778062,2.213337,19:40:00,2024-01-06
202400046744,19:55,Plein jour,29,29019,2,3,1,3.0,rue Pierre Loti,48.382688,-4.505734,19:55:00,2024-05-07
202400046745,11:50,Plein jour,84,84051,2,3,1,6.0,304 avenue de la république,43.863195,5.243416,11:50:00,2024-04-01
202400046746,18:34,Nuit sans éclairage,95,95306,1,1,1,2.0,A15,49.00334779,2.16911306,18:34:00,2024-01-08
202400046747,02:35,Nuit sans éclairage,93,93066,1,1,1,2.0,AUTOROUTE A1,48.9310774,2.36767071,02:35:00,2024-01-08
202400046748,23:45,Nuit sans éclairage,72,72078,2,1,1,1.0,Rue de la 2e Division Blindée (Pont),48.284849,0.174183,23:45:00,2024-03-31
202400046749,18:05,Nuit sans éclairage,94,94018,1,1,1,2.0,A4,48.81928867,2.40555525,18:05:00,2024-01-08
202400046750,23:24,Nuit sans éclairage,72,72316,1,9,1,6.0,9 Rue du Tertre,48.310783,0.398716,23:24:00,2024-03-31
202400046751,16:30,Plein jour,25,25462,2,1,2,6.0,ROCADE G.POMPIDOU ( DE 0 A 6),46.900152,6.338334,16:30:00,2024-05-07
202400046752,15:15,Plein jour,974,97416,1,1,1,1.0,RN02,-21.34869,55.50199,15:15:00,2024-01-07
202400046753,05:30,,22,22187,2,1,1,6.0,EUROPE (Rdp de l'),48.5338,-2.75952,05:30:00,2024-05-05
202400046754,10:30,Plein jour,06,06059,1,1,1,1.0,2245 Avenue du Maréchal de Lattre de Tassigny,43.727987,7.381761,10:30:00,2024-04-01
202400046755,15:01,Plein jour,19,19031,1,1,2,6.0,Route De Meyssac,45.13295022,1.5524762,15:01:00,2024-05-07
202400046756,17:10,Plein jour,974,97416,1,1,1,2.0,RN1,-21.30251,55.426,17:10:00,2024-01-06
202400046757,12:50,Plein jour,90,90027,1,1,1,7.0,Rue de Réchésy,47.5003,7.083982,12:50:00,2024-03-29
202400046758,21:50,,15,15014,2,1,3,6.0,Rue de l'Egalité,44.934658,2.439961,21:50:00,2024-05-05
202400046759,18:30,,974,97411,2,2,1,7.0,LANCASTEL (BOULEVARD),-20.87368,55.45253,18:30:00,2024-01-07
202400046760,13:15,Plein jour,90,90012,1,1,1,7.0,D419,47.651975,6.95087,13:15:00,2024-03-31
202400046761,13:25,Plein jour,13,13117,2,2,1,3.0,CD20 E,43.42323,5.24107,13:25:00,2024-05-07
202400046762,06:50,Crépuscule,973,97302,2,1,1,1.0,MADELEINE (ROUTE DE LA),4.91303931,-52.32085615,06:50:00,2024-01-07
202400046763,01:00,Nuit sans éclairage,64,64316,1,1,1,7.0,QUARTIER ARBIDE,43.017388,-0.9477,01:00:00,2024-04-01
202400046764,12:25,Plein jour,973,97302,1,6,1,3.0,LEBLOND (ROND POINT),4.921,-52.33042,12:25:00,2024-01-06
202400046765,10:25,Plein jour,13,13103,1,1,1,3.0,ROUTE DE JEAN MOULIN-RN 538,43.6601,5.09651,10:25:00,2024-05-07
202400046766,21:55,,69,69386,2,2,1,3.0,Rue Garibaldi,45.76853,4.85054,21:55:00,2024-01-07
202400046767,17:50,Plein jour,13,13212,2,1,1,3.0,LA FOURRAGERE (AVENUE),43.30057501,5.43089224,17:50:00,2024-05-07
202400046768,15:25,Plein jour,69,69388,2,1,1,3.0,Rue Saint Nestor,45.74353623,4.86486539,15:25:00,2024-01-07
202400046769,15:30,Plein jour,16,16395,1,1,1,1.0,RD 66,45.7293982,-0.1047617,15:30:00,2024-04-01
202400046770,14:15,Plein jour,11,11262,2,1,1,6.0,21 Avenue de Bordeaux,43.182027,2.988902,14:15:00,2024-05-06
202400046771,16:50,Crépuscule,69,69388,2,1,1,3.0,Rue Paul Cazeneuve,45.73861,4.86627,16:50:00,2024-01-07
202400046772,10:34,Plein jour,08,08105,2,1,1,6.0,77 Rue Ferroul,49.74401,4.72219,10:34:00,2024-05-07
202400046773,21:20,Nuit sans éclairage,85,85187,1,1,1,2.0,D8,46.7064351,-0.824362,21:20:00,2024-03-31
202400046774,15:55,Plein jour,972,97213,1,1,1,6.0,ROUTE DEPARTEMENTALE 15,14.62448,-61.00667,15:55:00,2024-01-07
202400046775,14:15,Plein jour,06,06123,2,1,1,3.0,1069 Avenue Pierre et Marie Curie,43.69145,7.18546,14:15:00,2024-05-07
202400046776,16:10,Plein jour,38,38193,2,9,8,6.0,Boulevard de l'Arbonnas,45.62312236,5.22584304,16:10:00,2024-03-30
202400046777,03:20,Nuit sans éclairage,972,97213,1,1,1,2.0,AUTOROUTE A1,14.61798,-61.01938,03:20:00,2024-01-07
202400046778,12:48,Plein jour,34,34153,2,1,1,7.0,Route de Saint Gely,43.723901,3.812991,12:48:00,2024-04-01
202400046779,22:17,Nuit sans éclairage,06,06004,1,1,6,2.0,Route du Bord de Mer,43.60524,7.12553,22:17:00,2024-05-07
202400046780,15:25,Plein jour,2B,2B033,2,6,2,6.0,11 - RT,42.67109,9.44289,15:25:00,2024-01-07
202400046781,14:20,Plein jour,04,04112,2,1,1,3.0,SAVELS (AV. DES),43.82449,5.78089,14:20:00,2024-05-07
202400046782,12:15,Plein jour,976,97602,2,1,1,2.0,Route nationale 1,-12.707204,45.122867,12:15:00,2024-03-31
202400046783,05:30,Crépuscule,971,97101,1,1,1,7.0,LE RAIZET(SECTEUR),16.25783,-61.53227,05:30:00,2024-01-06
202400046784,14:10,Plein jour,75,75120,2,1,1,3.0,BD PERIPHERIQUE INTERIEUR,48.847428,2.41456,14:10:00,2024-05-07
202400046785,09:40,Plein jour,75,75120,2,1,1,3.0,BD PERIPHERIQUE INTERIEUR,48.85993,2.413982,09:40:00,2024-05-07
202400046786,20:54,Nuit sans éclairage,91,91339,1,1,2,4.0,ORLEANS (ROUTE D'),48.6205,2.25915,20:54:00,2024-01-07
202400046787,07:40,Plein jour,75,75118,2,1,1,3.0,BD PERIPHERIQUE EXTERIEUR,48.900909,2.337168,07:40:00,2024-05-07
202400046788,16:10,Plein jour,90,90099,2,9,1,3.0,EHRET (RUE),47.67862,6.84978,16:10:00,2024-01-05
202400046789,00:36,Nuit sans éclairage,971,97114,1,1,1,4.0,route nationale 1,16.131087,-61.579914,00:36:00,2024-03-31
202400046790,18:10,Plein jour,75,75120,2,1,1,3.0,BD PERIPHERIQUE EXTERIEUR,48.859012,2.41433,18:10:00,2024-05-06
202400046791,10:15,Plein jour,75,75106,2,1,1,3.0,RUE DE RENNES,48.849633,2.329333,10:15:00,2024-05-07
202400046792,00:25,Nuit sans éclairage,77,77114,1,1,1,2.0,D1004,48.7403,2.69451,00:25:00,2024-01-07
202400046793,20:10,,76,76157,2,4,1,6.0,Rue du Canal,49.45754,1.04421,20:10:00,2024-01-07
202400046794,18:20,Plein jour,75,75120,2,3,1,5.0,RUE DES PYRENEES,48.853959,2.40573,18:20:00,2024-05-07
202400046795,14:52,Plein jour,972,97224,1,1,1,2.0,Quartier Choco,14.668719,-61.020888,14:52:00,2024-03-31
202400046796,17:40,Plein jour,75,75117,2,1,1,6.0,BOULEVARD PEREIRE,48.878544,2.285026,17:40:00,2024-05-07
202400046797,06:45,,76,76540,2,2,2,3.0,Rue du Mail,49.42916,1.09192,06:45:00,2024-01-07
202400046798,18:15,Plein jour,75,75115,2,3,1,2.0,RUE DE LA CONVENTION,48.840795,2.288529,18:15:00,2024-05-07
202400046799,09:35,Plein jour,70,70207,2,4,1,3.0,Avenue Pasteur,47.59879,6.1406,09:35:00,2024-01-06
202400046800,09:00,Plein jour,28,28247,1,1,1,2.0,la Chapelainerie,48.886759,1.518366,09:00:00,2024-03-28
202400046801,14:45,Plein jour,75,75114,2,3,1,3.0,PLACE DENFERT ROCHEREAU,48.83471,2.33126,14:45:00,2024-05-06
202400046802,19:15,,69,69290,2,2,2,3.0,Boulevard de la Porte des Alpes,45.71692,4.92812,19:15:00,2024-01-07
202400046803,14:20,Plein jour,2A,2A041,1,1,1,1.0,D58 - Rte de Santa manza,41.39090705,9.22014332,14:20:00,2024-04-01
202400046804,17:25,Nuit sans éclairage,59,59359,1,1,8,7.0,Unknown,51.000446,2.226476,17:25:00,2024-01-07
202400046805,16:45,Plein jour,75,75111,2,2,1,3.0,AVENUE DE TAILLEBOURG,48.85033,2.39856,16:45:00,2024-05-07
202400046806,11:30,Plein jour,75,75109,2,3,1,6.0,BOULEVARD DE CLICHY,48.884114,2.330815,11:30:00,2024-05-07
202400046807,12:30,Plein jour,53,53130,2,1,1,1.0,NANTES ( RUE DE ),48.07025,-0.78074,12:30:00,2024-01-07
202400046808,17:50,Plein jour,65,65123,1,1,1,5.0,RD935,43.022047,0.172927,17:50:00,2024-04-01
202400046809,05:30,Crépuscule,33,33384,1,1,8,6.0,Unknown,44.906788,-0.129551,05:30:00,2024-03-30
202400046810,22:00,,49,49007,2,1,1,6.0,CARNOT,47.47395,-0.54583,22:00:00,2024-01-07
202400046811,15:27,Plein jour,75,75103,2,2,1,6.0,RUE DES QUATRE FILS,48.85994,2.360754,15:27:00,2024-05-07
202400046812,16:10,Plein jour,75,75102,2,2,1,6.0,BOULEVARD DE SEBASTOPOL,48.867053,2.352927,16:10:00,2024-05-06
202400046813,16:15,Plein jour,45,45234,2,2,1,3.0,D2020 PR 38 + 5110,47.88553848,1.89715764,16:15:00,2024-01-07
202400046814,10:55,Plein jour,22,22176,1,1,1,4.0,Les Landes,48.456893,-2.754253,10:55:00,2024-03-14
202400046815,18:00,,44,44184,2,4,1,1.0,31 Boulevard Emile Zola,47.29939,-2.192,18:00:00,2024-01-07
202400046816,17:15,Plein jour,59,59221,1,6,1,7.0,Rue de Maing,50.314072,3.513426,17:15:00,2024-03-30
202400046817,12:40,Plein jour,75,75103,2,2,1,1.0,RUE BEAUBOURG,48.864806,2.355446,12:40:00,2024-05-06
202400046818,13:40,Plein jour,38,38185,2,1,2,3.0,RUE JULES FLANDRIN,45.18765,5.74539,13:40:00,2024-01-07
202400046819,09:48,Plein jour,94,94068,2,3,1,3.0,Quai du Petit Parc / Avenue Francis Berthier,48.81191,2.48725,09:48:00,2024-05-06
202400046820,00:20,,38,38185,2,1,2,1.0,AMPERE (RUE ),45.18743,5.70584,00:20:00,2024-01-07
202400046821,09:35,Plein jour,94,94042,2,3,1,3.0,Boulevard du Maréchal Leclerc / Rue de la Liberté,48.81524,2.467869,09:35:00,2024-05-07
202400046822,19:15,,30,30007,2,1,1,7.0,Avenue Carnot,44.12133,4.08437,19:15:00,2024-01-05
202400046823,09:00,Plein jour,94,94058,2,1,1,1.0,Quai de Champagne,48.84008,2.51232,09:00:00,2024-05-06
202400046824,15:30,Plein jour,30,30007,2,1,1,3.0,FAUBOURG D'AUVERGNE (RUE DU),44.12699,4.07778,15:30:00,2024-01-06
202400046825,17:10,Plein jour,13,13215,1,1,8,2.0,A7-Sens Lyon vers Marseille,43.38181453,5.3519974,17:10:00,2024-03-31
202400046826,06:50,Nuit sans éclairage,26,26198,1,1,1,2.0,Route de Sauzet,44.56481,4.7697,06:50:00,2024-01-07
202400046827,10:20,Plein jour,94,94076,2,1,1,3.0,112 Rue Jean Jaurès,48.789682,2.366892,10:20:00,2024-05-07
202400046828,19:00,,25,25056,2,1,1,6.0,CAUSSES RUE DES,47.21765,5.96609,19:00:00,2024-01-07
202400046829,03:47,,13,13210,1,1,2,2.0,Tunnel Prado Carénage,43.28201716,5.39392667,03:47:00,2024-03-31
202400046830,05:07,Nuit sans éclairage,17,17306,2,1,1,6.0,GLACIERE (CHEMIN),45.64058,-1.04519,05:07:00,2024-01-07
202400046831,06:15,Crépuscule,94,94016,2,1,1,6.0,170 Rue Gabriel Péri,48.78907311,2.3431436,06:15:00,2024-05-06
202400046832,16:25,Plein jour,15,15014,2,2,8,3.0,Place du Square,44.92808,2.44464,16:25:00,2024-01-05
202400046833,14:00,Plein jour,13,13211,1,1,1,2.0,A50-Sens Marseille vers Aubagne,43.294659,5.46429924,14:00:00,2024-03-30
202400046834,19:10,Plein jour,94,94069,2,1,1,6.0,Rue du Maréchal Leclerc,48.81602,2.45922,19:10:00,2024-05-07
202400046835,19:00,Nuit avec éclairage,13,13019,2,9,1,7.0,CD6,43.42516925,5.38269447,19:00:00,2024-01-07
202400046836,18:20,Plein jour,94,94017,2,1,1,6.0,Rue Pierre Curie,48.8126591,2.54567733,18:20:00,2024-05-03
202400046837,17:30,Plein jour,91,91037,1,1,1,2.0,AUTOROUTE A6,48.53635,2.4999,17:30:00,2024-03-31
202400046838,18:44,,13,13208,2,9,1,6.0,PRADO (AVENUE DU),43.26969,5.3865,18:44:00,2024-01-07
202400046839,18:50,Plein jour,93,93073,2,2,1,3.0,Avenue de la Resistance / Cours de la Republique,48.94954,2.56526,18:50:00,2024-05-07
202400046840,06:50,,13,13207,2,1,6,6.0,Corniche John Fitzgérald Kennedy,43.27528,5.36011,06:50:00,2024-01-07
202400046841,17:45,Plein jour,93,93066,2,3,1,3.0,Rue Gabriel Péri / Rue Auguste Poullain,48.94065,2.35656,17:45:00,2024-05-07
202400046842,18:30,Crépuscule,93,93005,1,1,1,5.0,A3,48.93125801,2.48097635,18:30:00,2024-03-30
202400046843,00:20,,13,13005,2,1,1,1.0,RD 43 C,43.3088,5.59282,00:20:00,2024-01-07
202400046844,19:15,,75,75120,2,3,2,6.0,RUE DES PYRENEES,48.85374,2.40595,19:15:00,2024-01-07
202400046845,07:30,Crépuscule,93,93066,2,3,1,6.0,Boulevard Anatole France / Route de la Révolte,48.92358,2.34829,07:30:00,2024-05-07
202400046846,18:40,Plein jour,93,93053,1,1,1,2.0,A3,48.8837557,2.45953658,18:40:00,2024-03-30
202400046847,09:30,Crépuscule,75,75116,2,4,1,6.0,VOIE GEORGES POMPIDOU,48.838324,2.265831,09:30:00,2024-01-07
202400046848,17:30,Plein jour,93,93049,2,2,1,6.0,Rue des 2 Communes / Rue Jean Bachelet,48.869467,2.500984,17:30:00,2024-05-07
202400046849,08:15,Plein jour,95,95572,1,1,1,6.0,A15,49.03385066,2.10413892,08:15:00,2024-03-31
202400046850,04:35,,75,75116,2,2,1,6.0,RUE FREYCINET,48.866323,2.297067,04:35:00,2024-01-07
202400046851,20:20,Crépuscule,93,93055,2,1,1,3.0,Avenue Jean Lolive,48.89367943,2.41565019,20:20:00,2024-05-07
202400046852,16:00,Plein jour,93,93064,1,1,1,3.0,A86,48.87585497,2.47847672,16:00:00,2024-03-30
202400046853,00:05,,75,75116,2,7,2,2.0,PLACE DU TROCADERO ET DU 11 NOVEMBRE,48.86312084,2.28647867,00:05:00,2024-01-07
202400046854,11:00,Plein jour,93,93027,1,1,2,6.0,A86,48.92645164,2.40208447,11:00:00,2024-03-30
202400046855,02:05,,93,93053,2,1,1,6.0,Rue Paul Vaillant Couturier,48.890266,2.452417,02:05:00,2024-05-07
202400046856,16:59,Crépuscule,75,75116,2,1,1,6.0,PONT DE BIR HAKEIM,48.85624227,2.28716791,16:59:00,2024-01-07
202400046857,17:38,Plein jour,94,94073,1,1,1,4.0,A86,48.75381944,2.37056959,17:38:00,2024-03-31
202400046858,18:45,,75,75114,2,3,2,7.0,AVENUE DU MAINE,48.832328,2.324997,18:45:00,2024-01-06
202400046859,13:12,Plein jour,93,93046,2,1,1,2.0,Boulevard Maurice Berteaux,48.91279912,2.51631439,13:12:00,2024-05-07
202400046860,10:20,Plein jour,94,94017,1,1,2,4.0,A4,48.82844169,2.50273164,10:20:00,2024-03-30
202400046861,01:30,,75,75109,2,4,1,6.0,RUE PAPILLON,48.87584,2.347903,01:30:00,2024-01-07
202400046862,15:45,Plein jour,974,97416,1,1,1,7.0,RN1 (ROUTE NATIONALE),-21.32424,55.44725,15:45:00,2024-03-30
202400046863,19:40,Plein jour,92,92078,2,3,1,3.0,VIEUX CHEMIN DE ST DENIS (AVENUE),48.92969478,2.32633799,19:40:00,2024-05-06
202400046864,02:05,,75,75103,2,7,1,6.0,PLACE DE LA REPUBLIQUE,48.86682725,2.36427855,02:05:00,2024-01-07
202400046865,21:50,,75,75101,2,1,1,6.0,RUE DE LA LINGERIE,48.860258,2.346479,21:50:00,2024-01-06
202400046866,17:30,Crépuscule,974,97411,2,1,1,1.0,REYDELLET (RUE JULES),-20.93439,55.4923,17:30:00,2024-03-29
202400046867,20:45,Plein jour,92,92072,2,1,1,2.0,TROYON (RUE),48.82462425,2.22855377,20:45:00,2024-05-04
202400046868,19:50,,69,69387,2,2,2,1.0,Avenue Jean Jaurès,45.74245,4.84013,19:50:00,2024-03-30
202400046869,01:30,,94,94058,2,2,8,3.0,Rue des Parclairs / Avenue Pierre Brossolette,48.83531,2.49863,01:30:00,2024-01-07
202400046870,17:55,Plein jour,92,92051,2,1,1,4.0,GENERAL KOENIG (BOULEVARD DU),48.88084552,2.25166473,17:55:00,2024-05-07
202400046871,05:05,Nuit sans éclairage,972,97209,2,1,1,1.0,RD 41 (ROCADE),14.611,-61.06521,05:05:00,2024-03-30
202400046872,06:40,,94,94018,2,1,1,3.0,Quai des Carrieres,48.81842,2.41141,06:40:00,2024-01-07
202400046873,14:30,Plein jour,92,92048,2,1,1,6.0,PARIS (RUE DE) N° 2 A 6,48.81666835,2.24760765,14:30:00,2024-05-07
202400046874,09:30,Plein jour,971,97113,1,1,1,7.0,SECTION MARE-GAILLARD,16.23312,-61.4414,09:30:00,2024-03-30
202400046875,15:00,Plein jour,93,93078,2,6,1,2.0,Boulevard Robert Ballanger / Avenue Georges Clemenceau,48.96068461,2.55535126,15:00:00,2024-01-07
202400046876,21:40,,92,92040,2,1,1,6.0,RODIN (BOULEVARD),48.82010811,2.26122057,21:40:00,2024-05-07
202400046877,17:10,,92,92062,2,1,1,3.0,MOULIN (RUE),48.88781,2.24035,17:10:00,2024-01-07
202400046878,13:10,Plein jour,91,91021,2,1,1,1.0,AV DIVISION LECLERC,48.59439,2.2465,13:10:00,2024-03-30
202400046879,07:00,Plein jour,92,92036,2,2,1,3.0,LUCIEN LANTERNIER (AVENUE) (19/65),48.93315392,2.29414022,07:00:00,2024-05-07
202400046880,14:00,Plein jour,91,91457,2,9,1,3.0,RTE DE MAROLLES,48.578,2.257,14:00:00,2024-03-30
202400046881,23:36,,92,92048,2,2,2,2.0,VAUGIRARD (ROUTE DE),48.82007503,2.2401529,23:36:00,2024-01-06
202400046882,17:16,Plein jour,92,92026,2,1,1,6.0,SAINT-DENIS BD DE (01 A 197 / 02 A 118),48.89777362,2.26303822,17:16:00,2024-05-07
202400046883,12:00,Plein jour,91,91064,2,1,8,2.0,PARIS (RUE DE),48.769457,2.229208,12:00:00,2024-03-30
202400046884,19:00,,92,92009,2,2,1,1.0,EUROPE (AVENUE),48.90682504,2.26145737,19:00:00,2024-01-07
202400046885,07:15,Plein jour,92,92025,2,3,1,6.0,PIERRE BADUEL (RUE),48.92129698,2.24058732,07:15:00,2024-05-07
202400046886,11:00,Plein jour,91,91692,1,1,2,2.0,bretelle de sortie RN 188,48.6935,2.16664,11:00:00,2024-03-30
202400046887,08:25,Crépuscule,35,35236,2,1,1,6.0,Avenue Gaston Sébilleau,47.658891,-2.078691,08:25:00,2024-01-06
202400046888,16:30,Plein jour,92,92024,2,9,1,2.0,GENERAL ROGUET (RUE DU) DE (1 A 57)   (2,48.90482,2.31293,16:30:00,2024-05-07
202400046889,09:00,Plein jour,84,84044,1,1,1,6.0,departementale 13,44.221269,5.13745,09:00:00,2024-01-06
202400046890,14:00,Plein jour,89,89387,2,9,2,3.0,MAIL (RUE DU),48.20102,3.28706,14:00:00,2024-03-29
202400046891,19:05,Plein jour,86,86066,2,1,7,6.0,RD161,46.83813,0.54805,19:05:00,2024-03-30
202400046892,08:25,Plein jour,92,92012,2,1,1,6.0,MARECHAL DE LATTRE DE TASSIGNY (AVENUE),48.84081659,2.22740757,08:25:00,2024-05-07
202400046893,17:30,Nuit sans éclairage,83,83049,1,1,6,6.0,A57 PK 020+000,43.23788476,6.08417903,17:30:00,2024-01-06
202400046894,08:37,Plein jour,83,83126,2,1,1,6.0,LEDRU-ROLLIN (PLACE),43.10317117,5.8805142,08:37:00,2024-03-12
202400046895,18:29,Plein jour,54,54184,1,1,8,7.0,Chemin Strategique,48.71905284,6.22681126,18:29:00,2024-05-07
202400046896,08:40,Plein jour,62,62156,2,4,1,6.0,D243E2,50.889803,1.775853,08:40:00,2024-02-20
202400046897,15:00,Plein jour,59,59189,2,2,1,6.0,RD 947,50.778788,2.595252,15:00:00,2024-01-07
202400046898,14:25,Plein jour,81,81163,2,3,1,1.0,30 Avenue du Maréchal Juin,43.50634,2.37869,14:25:00,2024-03-30
202400046899,08:45,Plein jour,41,41171,1,1,5,6.0,D12,47.840699,1.272311,08:45:00,2024-02-20
202400046900,00:30,Nuit sans éclairage,33,33014,2,1,1,6.0,Unknown,44.980443,-0.117037,00:30:00,2024-05-08
202400046901,17:05,Crépuscule,76,76695,1,2,1,3.0,Route de la Flamme Olympique,49.660704,0.512034,17:05:00,2024-01-05
202400046902,11:40,Plein jour,30,30174,1,1,1,2.0,D981,44.033616,4.365928,11:40:00,2024-02-19
202400046903,15:05,Plein jour,77,77284,2,1,1,6.0,ALLENDE (AV.SALVADOR),48.954669,2.893829,15:05:00,2024-03-30
202400046904,15:30,Plein jour,63,63457,1,1,4,1.0,D229 pk 27 - 100,45.63686135,3.22798531,15:30:00,2024-01-08
202400046905,07:55,Plein jour,18,18020,1,2,1,3.0,Unknown,47.395183,2.855716,07:55:00,2024-05-07
202400046906,09:44,Plein jour,62,62473,2,3,2,3.0,Rue Léon Blum,50.614168,2.466463,09:44:00,2024-02-19
202400046907,17:10,Plein jour,77,77372,2,1,3,6.0,GENERAL LECLERC  (RUE   ),48.88143,2.69105,17:10:00,2024-03-29
202400046908,03:00,Nuit sans éclairage,25,25410,1,1,2,6.0,571,47.222548,6.061792,03:00:00,2024-01-07
202400046909,17:20,Plein jour,56,56013,2,1,1,6.0,19 Rue Marchelan,47.677485,-3.195418,17:20:00,2024-02-19
202400046910,11:15,Plein jour,50,50291,1,1,1,4.0,Unknown,48.904942,-1.107656,11:15:00,2024-05-08
202400046911,17:25,Plein jour,69,69266,2,5,3,5.0,Rue Nicolas Garnier,45.75397,4.91359,17:25:00,2024-03-30
202400046912,19:55,,35,35068,2,1,1,6.0,Rue de Paris,48.109904,-1.398565,19:55:00,2024-01-07
202400046913,08:30,Plein jour,56,56240,2,2,1,1.0,Village le Duer,47.536761,-2.74169,08:30:00,2024-01-30
202400046914,12:45,Plein jour,63,63110,1,1,3,6.0,"A89, PK 322+500",45.79199158,2.76033008,12:45:00,2024-05-07
202400046915,11:35,Plein jour,69,69256,2,1,3,3.0,Rue Lounès Matoub,45.78223201,4.91952001,11:35:00,2024-03-30
202400046916,13:00,Plein jour,03,03319,1,1,4,6.0,Route de Montmarault,46.318155,3.124473,13:00:00,2024-01-07
202400046917,15:25,Plein jour,04,04033,1,1,1,2.0,rd900c,44.435864,6.252508,15:25:00,2024-05-08
202400046918,18:00,Nuit sans éclairage,58,58241,1,1,2,7.0,D 979 A - PK 1+400,46.772967,3.432755,18:00:00,2024-01-06
202400046919,16:40,Plein jour,65,65223,1,1,1,3.0,11 rue du Pic du Midi,43.195278,0.080981,16:40:00,2024-02-20
202400046920,12:30,Plein jour,69,69290,2,3,3,5.0,Rue de l'Aviation,45.72216,4.93469,12:30:00,2024-03-30
202400046921,16:30,Plein jour,71,71038,2,1,1,7.0,Rue des Simonots,46.748615,4.392171,16:30:00,2024-02-19
202400046922,16:30,Plein jour,56,56240,2,1,1,6.0,21 Rue de Ker An Poul,47.505854,-2.683906,16:30:00,2024-05-06
202400046923,01:40,Nuit sans éclairage,66,66003,2,1,1,7.0,Avenue Beau Soleil,42.477767,2.673787,01:40:00,2024-01-08
202400046924,16:20,Plein jour,35,35331,1,1,2,6.0,lieu dit la froardiere,48.08754,-1.914475,16:20:00,2024-02-19
202400046925,17:40,Plein jour,76,76458,1,1,1,6.0,rd 22,49.75905111,1.18081141,17:40:00,2024-05-07
202400046926,10:30,Plein jour,67,67218,2,1,8,3.0,STRASBOURG (AVENUE DE),48.54487,7.73903,10:30:00,2024-03-30
202400046927,15:10,Plein jour,64,64499,1,1,8,2.0,D430,43.458153,-0.917501,15:10:00,2024-01-07
202400046928,12:55,Plein jour,64,64249,2,1,1,2.0,GETARIA(AVENUE),43.42461,-1.60461,12:55:00,2024-03-30
202400046929,07:45,Crépuscule,29,29236,2,1,8,3.0,11 Rue Alain Berthou,47.8461251,-3.69643785,07:45:00,2024-02-20
202400046930,08:30,Plein jour,2B,2B050,2,6,1,6.0,avenue christophe colomb,42.560912,8.755814,08:30:00,2024-05-06
202400046931,16:40,Plein jour,07,07317,1,1,1,7.0,Chemin du Lac de Vert,45.217255,4.761275,16:40:00,2024-01-03
202400046932,16:50,Plein jour,64,64348,1,1,3,2.0,NORD SUD VOIE,43.32612,-0.38711,16:50:00,2024-03-29
202400046933,20:10,Crépuscule,32,32054,1,1,3,6.0,RN 124,43.716279,0.421643,20:10:00,2024-05-07
202400046934,16:30,Plein jour,58,58063,1,1,8,3.0,Route de Lormes,47.082298,3.92865,16:30:00,2024-02-19
202400046935,09:15,Plein jour,40,40089,1,1,1,7.0,D18,43.686227,-0.632293,09:15:00,2024-01-06
202400046936,12:15,Plein jour,59,59043,2,1,3,6.0,PHARAON DE WINTER (RUE),50.734849,2.726619,12:15:00,2024-03-30
202400046937,08:15,Crépuscule,40,40231,1,1,5,6.0,Pont de la marquèze,43.56225633,-1.20401978,08:15:00,2024-01-08
202400046938,13:50,Plein jour,12,12148,2,1,1,6.0,26 Avenue du Planhol,44.470015,2.225445,13:50:00,2024-05-08
202400046939,15:20,Plein jour,66,66024,2,1,1,3.0,rue rouillé,42.52495,2.832896,15:20:00,2024-02-18
202400046940,15:15,Plein jour,12,12270,2,1,1,6.0,17 Avenue des Résistants,44.319964,3.074749,15:15:00,2024-05-08
202400046941,13:48,Plein jour,88,88309,1,1,8,1.0,Col du Poirier (Col de montagne),48.18683269,6.03292702,13:48:00,2024-01-08
202400046942,18:45,Nuit sans éclairage,72,72021,1,1,8,7.0,Lieu Dit La Croix,47.868607,-0.173002,18:45:00,2024-02-18