Num_Acc,hrmn,lum,dep,com,agg,int,atm,col,adr,lat,long,heure,date
202400046943,18:53,Crépuscule,54,54547,2,1,2,4.0,RM 674,48.67005,6.19251,18:53:00,2024-03-30
202400046944,15:45,Plein jour,42,42289,1,1,1,7.0,Route de Neulise,45.92364,4.201208,15:45:00,2024-05-07
202400046945,15:49,Plein jour,14,14578,1,1,1,7.0,Route de Saint-Benoît-d'Hébertot,49.330726,0.239355,15:49:00,2024-02-20
202400046946,17:50,,06,06004,1,1,9,3.0,"Autoroute A8, 171, 200 chaussée NORD",43.60451907,7.06799842,17:50:00,2024-01-08
202400046947,11:00,Plein jour,54,54323,2,3,1,3.0,Avenue Hippolyte d’Huart,49.516139,5.777632,11:00:00,2024-03-30
202400046948,20:50,Crépuscule,47,47077,1,1,8,7.0,D710,44.529923,0.948043,20:50:00,2024-05-07
202400046949,08:00,Crépuscule,50,50371,1,1,1,6.0,30 Avenue de la Gare,48.661787,-0.944427,08:00:00,2024-02-20
202400046950,16:30,Plein jour,51,51454,2,9,1,3.0,Rue Françoise Dolto,49.234947,4.025843,16:30:00,2024-03-30
202400046951,11:48,Plein jour,13,13011,1,1,6,1.0,D27,43.732716,4.800588,11:48:00,2024-01-07
202400046952,01:00,Nuit sans éclairage,29,29218,1,1,1,7.0,Rue de la Liberté,48.04121426,-4.49684035,01:00:00,2024-05-08
202400046953,04:40,Nuit sans éclairage,51,51058,2,1,2,6.0,SALMON (RUE PIERRE),49.2163,3.99146,04:40:00,2024-03-30
202400046954,18:05,Nuit sans éclairage,09,09104,1,1,1,3.0,Avenue de Varilhes,43.03901729,1.63578004,18:05:00,2024-02-16
202400046955,11:45,Plein jour,50,50218,2,1,1,3.0,RUE DU CONILLOT,48.83971,-1.56597,11:45:00,2024-03-29
202400046956,08:30,Plein jour,24,24026,1,3,1,7.0,Route de Hautefort (Bassillac),45.210101,0.897824,08:30:00,2024-02-20
202400046957,08:30,Plein jour,66,66015,1,6,1,7.0,D900,42.572772,2.850866,08:30:00,2024-03-05
202400046958,06:20,Nuit sans éclairage,45,45154,1,1,1,2.0,A10 PK 85 + 605,48.016396,1.843772,06:20:00,2024-01-06
202400046959,16:23,Plein jour,46,46191,1,1,2,5.0,DEPARTEMENTALE N°811 (ENTRE MERCUES ET C,44.49304255,1.4037628,16:23:00,2024-03-26
202400046960,17:20,Plein jour,17,17203,1,1,8,7.0,D117,46.071355,-0.837235,17:20:00,2024-02-19
202400046961,21:00,Crépuscule,72,72067,1,1,1,6.0,D97,48.11082363,0.46809888,21:00:00,2024-05-07
202400046962,15:00,Plein jour,988,98824,1,1,2,7.0,Tribu de Saint Raphael - RPN10,-20.34548,164.54832,15:00:00,2024-01-08
202400046963,19:50,,42,42218,2,2,1,1.0,Rue de la Talaudière,45.45434,4.41194,19:50:00,2024-03-29
202400046964,05:30,Nuit sans éclairage,01,01235,1,2,2,1.0,rd1083,46.036614,5.065856,05:30:00,2024-02-20
202400046965,03:45,Nuit sans éclairage,977,97701,1,1,1,6.0,Route de Lorient,17.90318,-62.832066,03:45:00,2024-01-08
202400046966,01:50,Nuit sans éclairage,50,50151,1,1,1,6.0,D2,49.184798,-1.521299,01:50:00,2024-05-08
202400046967,11:50,Plein jour,35,35238,1,1,1,2.0,ROCADE 17-1,48.10569,-1.7168,11:50:00,2024-03-30
202400046968,18:20,Plein jour,30,30344,2,1,1,1.0,380 Avenue du Levant,43.745141,4.227231,18:20:00,2024-02-19
202400046969,03:30,,35,35238,2,1,1,6.0,VERN (DE),48.09722,-1.654,03:30:00,2024-03-30
202400046970,12:50,Plein jour,83,83082,1,1,1,7.0,Route Departementale 955,43.63297932,6.48732601,12:50:00,2024-05-07
202400046971,13:55,Plein jour,45,45126,1,1,1,2.0,D2060 PR 84 + 1,47.905562,2.072006,13:55:00,2024-01-05
202400046972,10:50,Plein jour,34,34301,2,3,1,3.0,HIRONDELLES (CHEMIN DES),43.41381,3.68297,10:50:00,2024-03-30
202400046973,16:00,Plein jour,45,45245,2,1,1,6.0,Rue du Fourneau,47.671602,2.814768,16:00:00,2024-05-08
202400046974,12:10,Plein jour,84,84003,2,1,1,6.0,Avenue de Lançon,43.883643,5.380114,12:10:00,2024-01-08
202400046975,16:35,Plein jour,33,33029,1,1,1,2.0,Unknown,44.689556,-0.773013,16:35:00,2024-02-13
202400046976,22:30,,34,34301,2,1,1,3.0,NEUBURG (CORNICHE DE),43.3941,3.6671,22:30:00,2024-03-29
202400046977,19:30,Nuit sans éclairage,63,63204,1,1,2,6.0,D2,45.7999487,3.20380294,19:30:00,2024-01-07
202400046978,19:20,Plein jour,07,07349,2,1,2,6.0,Rue des Ecoles,44.809767,4.783913,19:20:00,2024-05-07
202400046979,04:30,Nuit sans éclairage,60,60369,1,9,1,2.0,A1,49.32024551,2.68725157,04:30:00,2024-02-20
202400046980,14:30,Plein jour,34,34172,2,2,1,3.0,TOULOUSE (AVENUE DE,43.59737,3.86418,14:30:00,2024-03-29
202400046981,16:37,Plein jour,44,44020,2,1,1,3.0,60 Rue de l'Aviation,47.162129,-1.586003,16:37:00,2024-02-19
202400046982,07:45,Plein jour,60,60282,1,1,1,5.0,Rue de Chantilly,49.188215,2.425827,07:45:00,2024-01-08
202400046983,10:30,Plein jour,33,33063,2,2,1,2.0,Unknown,44.83247448,-0.57732875,10:30:00,2024-03-30
202400046984,13:10,Plein jour,53,53228,1,3,2,3.0,D57,48.03757365,-0.39092496,13:10:00,2024-05-04
202400046985,18:30,Nuit sans éclairage,45,45316,1,1,1,1.0,D2060 PR 62 + 200,47.923518,2.32614,18:30:00,2024-02-19
202400046986,19:15,Nuit sans éclairage,80,80442,1,1,2,2.0,D930,49.741178,3.022699,19:15:00,2024-01-04
202400046987,11:30,Plein jour,06,06070,1,1,1,6.0,Route de Cipières,43.793266,6.951199,11:30:00,2024-02-20
202400046988,12:15,Plein jour,40,40322,1,1,1,1.0,D41,44.035404,-1.19707,12:15:00,2024-05-08
202400046989,18:30,Plein jour,33,33529,2,3,1,3.0,Unknown,44.63329502,-1.16391729,18:30:00,2024-03-30
202400046990,15:10,Plein jour,04,04197,1,3,1,3.0,D4096,43.7774,5.768026,15:10:00,2024-02-19
202400046991,04:30,,31,31555,2,1,1,7.0,AV SALVADOR ALLENDE,43.65987233,1.42216891,04:30:00,2024-03-30
202400046992,17:55,Plein jour,24,24356,1,1,1,6.0,Route d'Aquitaine,45.061999,0.945076,17:55:00,2024-05-08
202400046993,04:40,Nuit sans éclairage,13,13215,1,1,1,2.0,A7-Sens Lyon vers Marseille,43.35901,5.36228,04:40:00,2024-01-06
202400046994,07:15,Plein jour,31,31555,1,1,8,6.0,VA007342 LA CEPIERE  A620 Sortie 27,43.58989,1.3998,07:15:00,2024-03-30
202400046995,15:40,Plein jour,13,13027,1,2,1,1.0,D34,43.887795,4.827236,15:40:00,2024-02-20
202400046996,21:00,Nuit sans éclairage,94,94038,1,1,2,6.0,A6B,48.78924029,2.34399216,21:00:00,2024-01-07
202400046997,10:30,Plein jour,17,17483,1,9,1,2.0,le marouillet,46.040355,-1.046908,10:30:00,2024-05-01
202400046998,09:42,Plein jour,88,88251,1,1,8,6.0,D32,48.329233,6.777325,09:42:00,2024-02-19
202400046999,13:20,Plein jour,30,30028,2,1,1,1.0,Avenue Alphonse Daudet,44.15221,4.61275,13:20:00,2024-03-29
202400047000,20:00,,69,69116,2,1,1,6.0,Route Départementale 306,45.810525,4.778559,20:00:00,2024-02-19
202400047001,15:50,Plein jour,49,49138,1,1,7,7.0,A 85,47.4483771,-0.17704728,15:50:00,2024-05-08
202400047002,17:30,Nuit sans éclairage,91,91689,1,1,1,2.0,AUTOROUTE A6,48.726648,2.313536,17:30:00,2024-01-07
202400047003,11:30,Plein jour,29,29019,2,3,1,6.0,boulevard Montaigne,48.402541,-4.482212,11:30:00,2024-03-30
202400047004,08:45,Plein jour,81,81248,1,1,1,1.0,Route de Graulhet,43.7610864,1.8633789,08:45:00,2024-02-19
202400047005,19:00,Nuit sans éclairage,33,33322,1,1,3,6.0,Unknown,44.968646,-0.640039,19:00:00,2024-02-10
202400047006,06:20,Nuit sans éclairage,91,91340,1,1,1,2.0,RN 104,48.610066,2.443308,06:20:00,2024-01-07
202400047007,08:25,Plein jour,78,78233,2,6,1,2.0,D307,48.868861,1.963339,08:25:00,2024-05-07
202400047008,15:50,Plein jour,27,27229,2,1,1,7.0,ORLEANS (RUE D'),49.0007,1.1535,15:50:00,2024-03-30
202400047009,22:45,Nuit sans éclairage,76,76042,1,1,1,6.0,D929,49.749955,1.576463,22:45:00,2024-02-19
202400047010,20:30,,19,19272,2,1,2,3.0,Duhamel (Rue),45.26826487,1.77401868,20:30:00,2024-03-29
202400047011,19:45,Nuit sans éclairage,93,93053,1,1,1,5.0,AUTOROUTE A86,48.90248612,2.46764973,19:45:00,2024-01-06
202400047012,16:00,Plein jour,13,13211,1,1,1,2.0,A50-Sens Marseille vers Aubagne,43.29412401,5.45835278,16:00:00,2024-02-15
202400047013,17:30,Plein jour,42,42279,2,1,1,1.0,Avenue des Barques,45.501724,4.253098,17:30:00,2024-05-08
202400047014,12:20,Plein jour,13,13103,2,3,1,1.0,ALLEE  DE LA LIBERTE,43.63783641,5.09526288,12:20:00,2024-03-30
202400047015,23:00,Nuit sans éclairage,92,92036,1,1,2,6.0,AUTOROUTE A15,48.93900272,2.29566479,23:00:00,2024-01-06
202400047016,14:45,Plein jour,33,33162,1,1,1,6.0,Unknown,44.867127,-0.649311,14:45:00,2024-02-19
202400047017,06:45,Plein jour,67,67411,1,1,1,7.0,D500,48.498237,7.504784,06:45:00,2024-05-08
202400047018,23:23,Nuit sans éclairage,13,13210,2,1,8,6.0,L ARMEE D AFRIQUE (CHEMIN DE L'),43.28624,5.41756,23:23:00,2024-03-30
202400047019,16:25,Plein jour,13,13202,2,3,1,3.0,JOLIETTE (QUAI DE LA),43.30484,5.36522,16:25:00,2024-03-29
202400047020,10:45,Plein jour,82,82121,1,1,1,3.0,A20 PK 410.350,44.05896947,1.42099321,10:45:00,2024-05-08
202400047021,18:27,Plein jour,33,33013,1,1,1,4.0,Unknown,44.86807,-0.494085,18:27:00,2024-02-18
202400047022,20:50,Nuit sans éclairage,974,97411,1,9,1,3.0,RN2/043,-20.8868,55.4907,20:50:00,2024-01-05
202400047023,20:58,Nuit sans éclairage,13,13047,1,1,1,1.0,D.16,43.51907,5.00709,20:58:00,2024-03-29
202400047024,08:30,Plein jour,59,59523,1,1,1,7.0,AUTOROUTE A23,50.5954,3.1463,08:30:00,2024-02-19
202400047025,08:30,Plein jour,987,98757,2,1,1,1.0,Hakahau,-9.409022,-140.075236,08:30:00,2024-05-07
202400047026,07:10,Plein jour,974,97409,2,6,1,3.0,CAMBUSTON (rue de),-20.93238,55.64609,07:10:00,2024-01-06
202400047027,05:10,,92,92064,1,1,1,6.0,A13,48.83935719,2.21697208,05:10:00,2024-02-19
202400047028,19:30,Nuit sans éclairage,13,13047,1,1,1,5.0,D.5,43.59622,4.94133,19:30:00,2024-03-29
202400047029,23:20,Nuit sans éclairage,93,93027,1,1,2,6.0,A16,48.92697436,2.40285895,23:20:00,2024-02-18
202400047030,19:14,Plein jour,77,77060,2,1,1,2.0,33 Route de Puiseaux,48.282115,2.42579,19:14:00,2024-05-07
202400047031,18:15,Plein jour,11,11069,2,1,1,3.0,Unknown,43.21223,2.37109,18:15:00,2024-03-29
202400047032,01:15,,69,69387,2,3,2,3.0,Boulevard Yves Farge,45.74036,4.83171,01:15:00,2024-01-07
202400047033,18:18,Nuit sans éclairage,95,95277,1,1,2,6.0,A3,48.97610066,2.49089506,18:18:00,2024-02-18
202400047034,18:15,Plein jour,10,10387,2,1,2,7.0,JULES GUESDE (RUE),48.28568,4.08339,18:15:00,2024-03-26
202400047035,07:13,Plein jour,95,95446,2,6,1,6.0,D64,49.12379121,2.18211113,07:13:00,2024-05-08
202400047036,17:05,Crépuscule,69,69387,2,1,2,3.0,Avenue Félix Faure,45.75246,4.84951,17:05:00,2024-01-06
202400047037,06:22,Crépuscule,10,10387,2,2,8,7.0,AMBROISE COTTET (RUE),48.30211,4.06667,06:22:00,2024-03-30
202400047038,16:25,Plein jour,95,95241,1,1,2,3.0,N104,49.04616124,2.45345229,16:25:00,2024-02-18
202400047039,19:15,Plein jour,13,13007,2,1,1,3.0,D45a,43.327309,5.664275,19:15:00,2024-05-08
202400047040,12:13,Plein jour,2B,2B033,2,9,1,3.0,AV DE LA LIBERATION,42.67939,9.44319,12:13:00,2024-01-06
202400047041,23:45,,93,93066,1,1,1,3.0,A1,48.92016565,2.35720106,23:45:00,2024-02-17
202400047042,21:00,,06,06027,2,1,2,2.0,Avenue de Nice,43.6593503,7.1658972,21:00:00,2024-03-30
202400047043,09:35,Plein jour,94,94002,1,1,1,3.0,A86,48.7761544,2.42762751,09:35:00,2024-06-13
202400047044,11:00,Plein jour,48,48166,1,1,1,6.0,D983,44.260538,3.622141,11:00:00,2024-07-13
202400047045,15:50,Plein jour,67,67131,1,1,1,5.0,M468,48.497313,7.73099,15:50:00,2024-05-07
202400047046,16:46,Plein jour,95,95277,1,9,1,7.0,A3,48.97463972,2.48962502,16:46:00,2024-02-17
202400047047,01:35,,971,97113,1,1,1,1.0,RN4 - SECTION RIVIERA,16.21759,-61.49368,01:35:00,2024-01-06
202400047048,22:00,Nuit sans éclairage,77,77122,1,1,2,6.0,RN104,48.65222,2.613267,22:00:00,2024-02-18
202400047049,05:10,Crépuscule,94,94074,1,1,1,2.0,N406,48.76926495,2.44995079,05:10:00,2024-06-13
202400047050,16:55,Plein jour,08,08469,1,1,1,1.0,Unknown,49.63865149,4.77155593,16:55:00,2024-07-15
202400047051,09:00,Plein jour,01,01053,2,5,8,4.0,boulevard andré levrier,46.207989,5.236083,09:00:00,2024-03-30
202400047052,15:07,Plein jour,73,73213,2,6,2,4.0,D5 - 326 rue des Belledonnes,45.55928585,5.95319644,15:07:00,2024-05-07
202400047053,05:00,,95,95637,2,9,8,1.0,OISE (BOULEVARD DE L'),49.03241149,2.0209077,05:00:00,2024-01-06
202400047054,19:30,Plein jour,59,59350,2,1,1,6.0,Rue de Lannoy,50.6336,3.09191,19:30:00,2024-02-09
202400047055,18:45,Plein jour,94,94004,1,1,1,2.0,N19,48.75276637,2.51263842,18:45:00,2024-06-12
202400047056,04:13,Nuit sans éclairage,38,38158,1,6,3,3.0,D269a,45.150596,5.734289,04:13:00,2024-05-07
202400047057,07:45,,91,91161,2,2,8,6.0, MAZARIN (AVENUE),48.704653,2.316225,07:45:00,2024-01-06
202400047058,14:40,Plein jour,75,75117,2,1,1,5.0,BD PERIPHERIQUE INTERIEUR,48.90005,2.320884,14:40:00,2024-02-17
202400047059,23:15,,75,75117,2,1,3,7.0,ECHANGEUR MAILLOT,48.88085816,2.28173912,23:15:00,2024-03-29
202400047060,14:08,Plein jour,94,94052,1,1,1,3.0,A86,48.83830866,2.49391937,14:08:00,2024-06-12
202400047061,08:20,Crépuscule,85,85191,1,1,1,6.0,D 948,46.666898,-1.34247779,08:20:00,2024-01-06
202400047062,19:35,,75,75119,2,2,2,6.0,AVENUE DU BELVEDERE,48.880313,2.408249,19:35:00,2024-02-18
202400047063,14:31,Plein jour,01,01043,2,2,1,3.0,Route de Genève,45.836576,5.004669,14:31:00,2024-05-08
202400047064,20:40,,75,75120,2,1,2,4.0,BD PERIPHERIQUE INTERIEUR,48.85993,2.413982,20:40:00,2024-03-29
202400047065,02:40,Nuit sans éclairage,11,11014,1,1,1,6.0,D168,43.174164,3.078956,02:40:00,2024-07-14
202400047066,19:00,,75,75119,2,3,2,6.0,RUE MANIN,48.884342,2.391311,19:00:00,2024-02-18
202400047067,19:20,,84,84007,2,1,1,6.0,MONCLAR (AVENUE),43.93023,4.80012,19:20:00,2024-01-06
202400047068,18:05,,88,88468,2,3,1,3.0,rue des tilleuls,47.883398,6.761227,18:05:00,2024-01-05
202400047069,09:10,Plein jour,75,75105,2,3,1,6.0,QUAI SAINT MICHEL,48.853297,2.345893,09:10:00,2024-03-29
202400047070,20:30,Nuit sans éclairage,971,97126,1,1,1,6.0,Lieu Dit Saint Charles,15.939086,-61.311715,20:30:00,2024-07-15
202400047071,11:15,Plein jour,75,75119,2,4,2,3.0,BOULEVARD SERURIER,48.878786,2.401934,11:15:00,2024-02-18
202400047072,18:35,Plein jour,17,17375,1,3,1,3.0,RD125,45.932379,-1.03845,18:35:00,2024-05-05
202400047073,15:50,Plein jour,84,84031,1,1,1,2.0,CAROMB ROUTE,44.07142,5.07328,15:50:00,2024-02-27
202400047074,18:15,Plein jour,77,77127,1,1,1,6.0,PK 21+000,48.668646,2.682295,18:15:00,2024-07-15
202400047075,10:50,Plein jour,75,75119,2,7,2,2.0,PLACE AUGUSTE BARON,48.90103,2.3882,10:50:00,2024-03-30
202400047076,10:30,Plein jour,22,22214,1,1,1,7.0,Route de Goas Froment,48.725128,-2.97545,10:30:00,2024-05-08
202400047077,00:10,,78,78367,2,2,1,3.0,QUATRE SEPTEMBRE (RUE DU),48.885357,2.072659,00:10:00,2024-01-07
202400047078,19:15,Plein jour,60,60446,1,1,1,7.0,N2,49.13398241,2.79808474,19:15:00,2024-05-08
202400047079,23:00,,75,75116,2,3,1,6.0,AVENUE DE NEW YORK,48.864206,2.30012,23:00:00,2024-02-17
202400047080,10:20,Plein jour,75,75119,2,3,1,6.0,RUE DU GENERAL BRUNET,48.882275,2.393396,10:20:00,2024-03-29
202400047081,06:45,Crépuscule,32,32254,1,2,1,3.0,n21,43.540243,0.454538,06:45:00,2024-02-28
202400047082,15:20,Plein jour,78,78443,1,3,1,3.0,D912,48.804599,1.867657,15:20:00,2024-07-13
202400047083,11:45,Plein jour,78,78517,2,3,7,6.0,BEZIEL (RUE),48.64548,1.8307,11:45:00,2024-01-05
202400047084,22:50,,75,75116,2,2,1,3.0,AVENUE HENRI MARTIN,48.863972,2.272406,22:50:00,2024-02-17
202400047085,17:50,Plein jour,60,60313,1,1,1,2.0,D12,49.36302828,2.24714184,17:50:00,2024-05-08
202400047086,13:00,Plein jour,75,75117,2,3,8,6.0,BOULEVARD PEREIRE,48.882164,2.291683,13:00:00,2024-03-30
202400047087,18:19,Plein jour,84,84092,2,1,1,6.0,1 Avenue Pasteur,43.960534,4.857143,18:19:00,2024-07-13
202400047088,19:20,Plein jour,02,02381,2,1,1,6.0,Place Jules Decamp,49.92551,4.078873,19:20:00,2024-05-07
202400047089,19:30,Nuit sans éclairage,32,32263,1,2,3,3.0,D237 PK 16+170,43.450473,0.466146,19:30:00,2024-02-25
202400047090,17:40,Plein jour,29,29019,2,4,1,3.0,rue de Paris,48.405846,-4.46218,17:40:00,2024-08-19
202400047091,20:10,,75,75116,2,2,3,6.0,AVENUE FOCH,48.872653,2.284679,20:10:00,2024-03-29
202400047092,05:05,,75,75111,2,3,1,2.0,BOULEVARD VOLTAIRE,48.865568,2.367181,05:05:00,2024-02-18
202400047093,16:10,Plein jour,22,22106,1,1,1,6.0,VERNE (RUE JULES),48.49636,-2.72729,16:10:00,2024-08-20
202400047094,21:50,Nuit sans éclairage,83,83101,1,1,1,3.0,Route des Plages,43.211885,6.628886,21:50:00,2024-07-15
202400047095,15:15,Plein jour,976,97611,2,1,1,6.0,tsoundzou-Mariage (place -tsoundzou 2),-12.8159,45.1977,15:15:00,2024-06-12
202400047096,15:10,Plein jour,75,75116,2,3,1,3.0,BOULEVARD DELESSERT,48.85958,2.287786,15:10:00,2024-03-29
202400047097,13:05,Plein jour,76,76640,2,1,1,6.0,Route de Pont de l'Arche,49.29033,1.03941,13:05:00,2024-01-05
202400047098,23:40,,59,59158,2,3,1,3.0,Route Nationale,50.45382229,3.20235919,23:40:00,2024-05-05
202400047099,21:33,,75,75110,2,3,2,6.0,RUE DE VALENCIENNES,48.878049,2.356481,21:33:00,2024-02-18
202400047100,17:36,Plein jour,17,17306,2,6,1,3.0,BOUCHET LOUIS (AVENUE),45.62434,-1.00246,17:36:00,2024-08-20
202400047101,18:50,Nuit sans éclairage,76,76349,1,1,1,1.0,FALAISES (ROUTE DES),49.91688,1.04149,18:50:00,2024-01-06
202400047102,10:10,Plein jour,75,75116,2,4,1,2.0,RUE MICHEL ANGE,48.840225,2.258084,10:10:00,2024-03-29
202400047103,14:15,Plein jour,59,59581,1,1,1,3.0,43 Rue de la Lys,50.687148,2.762581,14:15:00,2024-05-05
202400047104,23:45,,83,83115,2,1,1,3.0,62 Avenue du Général Leclerc,43.310393,6.651578,23:45:00,2024-07-15
202400047105,09:55,Plein jour,976,97611,2,1,1,1.0,tsoundzou-Cadjifouteni ( rue ),-12.80558,45.20914,09:55:00,2024-06-12
202400047106,16:35,Plein jour,75,75101,2,3,2,6.0,RUE SAINT HONORE,48.862246,2.339187,16:35:00,2024-02-18
202400047107,02:00,,76,76217,2,6,2,6.0,boulevard de verdun,49.92553,1.07083,02:00:00,2024-01-06
202400047108,19:10,,75,75116,2,2,1,3.0,ROUTE DE SURESNES,48.865031,2.234421,19:10:00,2024-03-28
202400047109,11:30,Plein jour,974,97416,1,1,8,7.0,ENTRE DEUX (CHEMIN) CD26,-21.29159,55.44966,11:30:00,2024-06-12
202400047110,17:10,Plein jour,13,13056,1,1,1,2.0,A55-Sens Martigues vers Marseille,43.3984,5.08258,17:10:00,2024-05-07
202400047111,18:45,Plein jour,11,11262,2,3,1,2.0,21 Avenue Pierre et Marie Curie,43.178016,3.00335,18:45:00,2024-08-19
202400047112,10:30,Plein jour,13,13076,1,1,1,2.0,D26,43.824309,5.002386,10:30:00,2024-07-16
202400047113,09:30,Plein jour,94,94041,2,9,1,3.0,Avenue de Verdun / Boulevard Hippolyte Marquès,48.8171976,2.36711249,09:30:00,2024-02-18
202400047114,11:00,Plein jour,75,75115,2,3,1,7.0,RUE DE VAUGIRARD,48.840413,2.30425,11:00:00,2024-03-29
202400047115,10:30,Plein jour,974,97411,2,1,8,7.0,MACE (ROUTE GABRIEL),-20.923,55.4948,10:30:00,2024-06-12
202400047116,12:55,Plein jour,72,72181,2,9,1,1.0,PREMARTINE (RUE) N° PAIRS 2 A 26,48.00781,0.20423,12:55:00,2024-01-06
202400047117,17:18,Plein jour,10,10333,2,6,1,7.0,Avenue d'Echenilly,48.27449,4.03974,17:18:00,2024-08-19
202400047118,19:45,,94,94073,2,1,2,6.0,17 Boulevard de Stalingrad,48.768545,2.40266,19:45:00,2024-02-18
202400047119,17:10,Plein jour,83,83069,1,1,1,4.0,A570,43.11680833,6.10933721,17:10:00,2024-05-06
202400047120,08:10,Plein jour,974,97407,1,1,1,3.0,ROUTE DU SACRE COEUR,-20.95856,55.31913,08:10:00,2024-06-11
202400047121,22:00,,75,75114,2,2,1,3.0,AVENUE DE LA PORTE DE CHATILLON,48.822644,2.314838,22:00:00,2024-03-28
202400047122,16:00,Plein jour,09,09225,2,1,1,6.0,BELPECH ROUTE DE,43.1167,1.63152,16:00:00,2024-08-20
202400047123,12:10,Plein jour,72,72181,2,9,1,3.0,GENESLAY FELIX (AV) N° IMP 171 A 263,47.97443,0.20645,12:10:00,2024-01-06
202400047124,01:20,Nuit sans éclairage,13,13014,1,2,1,3.0,D113,43.53437,5.193325,01:20:00,2024-07-15
202400047125,19:45,,93,93077,2,1,1,6.0,Grande Rue,48.88206452,2.5227842,19:45:00,2024-02-18
202400047126,16:50,Plein jour,75,75113,2,3,2,6.0,RUE DU CHATEAU DES RENTIERS,48.828298,2.367281,16:50:00,2024-03-29
202400047127,19:00,Plein jour,04,04112,2,1,1,6.0,GIONO (AV. J.),43.83076,5.78462,19:00:00,2024-08-19
202400047128,00:30,,93,93055,2,2,1,3.0,Avenue Anatole France / Avenue Jean Lolive,48.895361,2.425672,00:30:00,2024-02-18
202400047129,18:30,,69,69029,2,3,2,3.0,Avenue du 8 Mai 1945,45.72721,4.9154,18:30:00,2024-01-06
202400047130,19:05,,973,97302,1,6,1,2.0,MARINGOUINS (ROND-POINT),4.90761,-52.3227,19:05:00,2024-06-11
202400047131,16:00,Plein jour,75,75114,2,1,2,7.0,BD PERIPHERIQUE INTERIEUR,48.820927,2.321828,16:00:00,2024-08-20
202400047132,21:50,,93,93048,2,1,1,6.0,Avenue Pasteur,48.8655,2.43739,21:50:00,2024-02-17
202400047133,20:00,,75,75112,2,3,3,6.0,RUE ANTOINE JULIEN HENARD,48.843347,2.391319,20:00:00,2024-03-29
202400047134,04:10,,972,97213,1,1,1,6.0,ROUTE NATIONALE 5,14.59587,-60.98993,04:10:00,2024-06-11
202400047135,13:49,Plein jour,63,63300,2,9,1,2.0,COMMANDANT MADELINE (AVENUE DU),45.89329,3.10719,13:49:00,2024-01-05
202400047136,16:20,Plein jour,38,38344,1,1,1,4.0,"A7, PK 18.200, sens NORD / SUD",45.37224398,4.80729844,16:20:00,2024-07-15
202400047137,12:15,Plein jour,75,75120,2,3,1,6.0,RUE DE MENILMONTANT,48.869946,2.394536,12:15:00,2024-08-20
202400047138,12:45,Plein jour,75,75112,2,3,1,6.0,RUE DU FAUBOURG SAINT ANTOINE,48.851605,2.374861,12:45:00,2024-03-28
202400047139,06:05,,92,92064,2,1,1,2.0,MARECHAL JUIN,48.829911,2.22350585,06:05:00,2024-02-18
202400047140,18:25,,59,59392,2,1,2,6.0,JEAN JAURES (AVENUE),50.28124,3.94297,18:25:00,2024-01-06
202400047141,22:30,,75,75111,2,7,1,2.0,AVENUE PARMENTIER,48.857991,2.380304,22:30:00,2024-03-30
202400047142,21:30,,972,97213,1,3,1,3.0,ROUTE DEPARTEMENTALE 3,14.62148,-60.98822,21:30:00,2024-06-11
202400047143,15:30,Plein jour,75,75116,2,2,1,1.0,PLACE DE LA PORTE MAILLOT,48.878444,2.279789,15:30:00,2024-08-20
202400047144,15:30,Plein jour,92,92060,1,6,2,2.0,LA BOURSIDIERE,48.77508016,2.23855197,15:30:00,2024-02-18
202400047145,09:08,Plein jour,89,89452,1,1,1,2.0,Départementale 606,48.009363,3.318,09:08:00,2024-07-16
202400047146,17:00,Crépuscule,57,57631,2,2,1,6.0,LOUVAIN (CHAUSSEE),49.11156,7.0702,17:00:00,2024-01-05
202400047147,15:10,Plein jour,33,33162,1,1,2,4.0,Unknown,44.859843,-0.660051,15:10:00,2024-05-07
202400047148,11:45,Plein jour,972,97209,2,9,1,6.0,FELIX EBOUE (RUE),14.608402,-61.087589,11:45:00,2024-06-12
202400047149,02:32,Nuit sans éclairage,89,89083,1,1,1,6.0,D89,47.8129,3.4754,02:32:00,2024-07-14
202400047150,07:25,Plein jour,75,75111,2,3,2,3.0,AVENUE DE LA REPUBLIQUE,48.865605,2.372599,07:25:00,2024-03-30
202400047151,12:30,Plein jour,92,92014,2,1,2,6.0,GALOIS (AVENUE),48.77678177,2.31994522,12:30:00,2024-02-18
202400047152,12:39,Plein jour,75,75116,2,2,1,6.0,RUE MICHEL ANGE,48.847986,2.264099,12:39:00,2024-08-20
202400047153,17:20,,51,51454,2,1,2,2.0,BETHENY (RUE DE),49.267365,4.046281,17:20:00,2024-01-06
202400047154,16:55,Plein jour,75,75114,2,7,1,7.0,PLACE DENFERT ROCHEREAU,48.834695,2.331281,16:55:00,2024-08-19
202400047155,23:35,,69,69382,2,1,1,2.0,22 Quai Tilsitt,45.75598464,4.82620582,23:35:00,2024-06-11
202400047156,15:45,Plein jour,67,67010,1,1,1,3.0,Lilsbach,48.395887,7.364949,15:45:00,2024-07-15
202400047157,09:00,Crépuscule,72,72013,1,2,1,3.0,Route du Lude,47.674093,0.221765,09:00:00,2024-02-18
202400047158,20:55,,75,75111,2,3,2,6.0,RUE DAVAL,48.855101,2.370395,20:55:00,2024-03-29