Num_Acc,hrmn,lum,dep,com,agg,int,atm,col,adr,lat,long,heure,date
202400047159,22:56,,45,45234,2,3,1,3.0,62 Rue Émile Zola,47.91163,1.90865,22:56:00,2024-01-06
202400047160,17:10,Plein jour,91,91161,1,1,1,5.0,AUTOROUTE A126,48.71055,2.30089,17:10:00,2024-05-07
202400047161,09:41,Plein jour,971,97101,1,1,1,7.0,NEREE,16.2672,-61.50197,09:41:00,2024-06-09
202400047162,18:55,Nuit sans éclairage,86,86262,1,1,2,2.0,D727,46.411598,0.817342,18:55:00,2024-02-18
202400047163,20:00,Plein jour,75,75107,2,3,1,3.0,AVENUE DE SUFFREN,48.855571,2.294034,20:00:00,2024-08-20
202400047164,19:35,,75,75111,2,2,3,6.0,BOULEVARD VOLTAIRE,48.863755,2.370131,19:35:00,2024-03-29
202400047165,20:00,,35,35238,2,2,2,6.0,BREST (DE),48.11294,-1.69336,20:00:00,2024-01-05
202400047166,15:25,Plein jour,88,88431,2,2,1,1.0,Rue du Breuil,48.330071,5.892175,15:25:00,2024-07-15
202400047167,12:15,Plein jour,95,95598,2,1,1,6.0,GENERAL DE GAULLE (AVENUE DU),48.98767,2.30091,12:15:00,2024-06-12
202400047168,13:00,Plein jour,92,92025,1,1,1,3.0,A86,48.92078048,2.22548287,13:00:00,2024-05-07
202400047169,16:45,Plein jour,75,75107,2,2,3,7.0,PONT ALEXANDRE III,48.862878,2.313454,16:45:00,2024-08-20
202400047170,17:30,Plein jour,51,51649,2,2,1,6.0,Avenue du Quai des Fontaines,48.728447,4.581953,17:30:00,2024-02-12
202400047171,01:00,,34,34172,2,1,1,3.0,LIBERTE (AVENUE DE LA,43.61123,3.82923,01:00:00,2024-01-07
202400047172,21:03,,75,75107,2,3,1,3.0,PONT ALEXANDRE III,48.862873,2.313454,21:03:00,2024-03-30
202400047173,07:55,Plein jour,69,69074,1,2,1,3.0,Route de Montmelas,46.008401,4.636906,07:55:00,2024-07-16
202400047174,20:40,Plein jour,91,91549,2,1,1,3.0,JACQUES DUCLOS (AVENUE),48.63,2.34,20:40:00,2024-06-12
202400047175,15:10,Plein jour,84,84104,2,6,1,1.0,Route de Seguret,44.195005,5.007116,15:10:00,2024-02-08
202400047176,16:12,Plein jour,93,93066,1,1,1,4.0,A86,48.92261676,2.35060751,16:12:00,2024-05-07
202400047177,17:10,Plein jour,69,69219,1,1,1,7.0,Route de Mornant,45.631671,4.677445,17:10:00,2024-07-16
202400047178,20:41,Nuit sans éclairage,31,31555,1,1,1,4.0,A621 (SEPT DENIERS-ANCELY),43.625,1.414,20:41:00,2024-01-06
202400047179,15:16,Plein jour,75,75101,2,2,1,3.0,BOULEVARD DE SEBASTOPOL,48.857728,2.347782,15:16:00,2024-08-20
202400047180,16:52,Plein jour,86,86194,2,6,1,6.0,Route de Parthenay,46.598841,0.323157,16:52:00,2024-06-11
202400047181,12:50,Plein jour,75,75108,2,4,1,3.0,AVENUE FRANKLIN D ROOSEVELT,48.870548,2.310073,12:50:00,2024-03-29
202400047182,19:00,Plein jour,69,69117,2,1,1,7.0,7 Allée du Vieux Chêne,45.843383,4.743869,19:00:00,2024-07-15
202400047183,11:30,Plein jour,95,95212,1,1,1,6.0,N104,49.02916645,2.53030842,11:30:00,2024-05-07
202400047184,09:35,Plein jour,35,35139,1,1,1,2.0,rote nationale 137,47.98047,-1.695784,09:35:00,2024-02-19
202400047185,16:10,Plein jour,29,29019,2,1,1,4.0,rue des Farines,48.419739,-4.509078,16:10:00,2024-01-06
202400047186,08:15,Plein jour,75,75114,2,2,2,3.0,AVENUE DE LA PORTE DE CHATILLON,48.822321,2.314,08:15:00,2024-03-29
202400047187,06:00,Nuit sans éclairage,25,25024,1,1,2,6.0,Route Départementale 437,46.93918,6.37486,06:00:00,2024-01-06
202400047188,05:15,Nuit sans éclairage,44,44074,2,1,1,7.0,Unknown,47.201493,-1.668978,05:15:00,2024-07-12
202400047189,23:35,,94,94081,2,9,1,3.0,Boulevard de Stalingrad,48.80003,2.38078,23:35:00,2024-08-19
202400047190,20:20,Plein jour,84,84035,2,1,2,1.0,MARSEILLE-RD938 (ROUTE DE),43.82771,5.03277,20:20:00,2024-06-09
202400047191,09:15,Plein jour,93,93010,1,1,1,2.0,A3,48.88991925,2.47342572,09:15:00,2024-05-07
202400047192,14:00,Plein jour,26,26325,1,1,1,1.0,rn7,45.269209,4.823771,14:00:00,2024-02-19
202400047193,14:30,Plein jour,75,75104,2,3,8,7.0,RUE SAINT ANTOINE,48.85425,2.363724,14:30:00,2024-03-30
202400047194,14:00,Plein jour,13,13103,2,1,1,6.0,ALLEE  DE LA SOLOGNE,43.65063,5.09563,14:00:00,2024-01-06
202400047195,10:38,Plein jour,94,94043,2,1,1,6.0,Avenue Eugène Thomas,48.80985665,2.35999337,10:38:00,2024-08-20
202400047196,03:40,Nuit sans éclairage,75,75120,1,1,1,6.0,A3,48.86633319,2.41376281,03:40:00,2024-05-07
202400047197,16:40,Plein jour,84,84007,1,6,1,6.0,FONTCOUVERTE(Avenue de),43.93988,4.83677,16:40:00,2024-06-12
202400047198,18:40,,66,66141,2,2,1,1.0,Unknown,42.743183,2.917766,18:40:00,2024-02-18
202400047199,20:05,,13,13203,2,1,1,3.0,DESPIEDS (RUE),43.31151,5.386,20:05:00,2024-01-06
202400047200,11:45,Plein jour,75,75104,2,7,2,6.0,PLACE DE LA BASTILLE,48.85286147,2.36840236,11:45:00,2024-03-30
202400047201,14:00,Plein jour,22,22162,1,1,1,4.0,D786,48.775297,-3.099174,14:00:00,2024-07-16
202400047202,14:30,Plein jour,93,93029,1,1,1,3.0,A86,48.92609879,2.42244591,14:30:00,2024-05-06
202400047203,22:40,Nuit avec éclairage,94,94021,2,1,2,2.0,254 Avenue de Stalingrad,48.76759,2.36799,22:40:00,2024-08-20
202400047204,04:19,Nuit sans éclairage,69,69084,1,1,1,6.0,Route des Labourons,46.20726058,4.67943957,04:19:00,2024-02-18
202400047205,05:35,,13,13211,2,6,1,1.0,BARASSE,43.28589,5.4796,05:35:00,2024-01-06
202400047206,16:15,Plein jour,84,84007,2,1,1,3.0,EISENHOWER (Avenue),43.94287,4.79887,16:15:00,2024-06-11
202400047207,15:00,Plein jour,75,75101,2,3,1,3.0,RUE DE RIVOLI,48.8623,2.33705,15:00:00,2024-03-29
202400047208,09:15,Plein jour,93,93006,1,1,1,6.0,A3,48.86690246,2.42530059,09:15:00,2024-05-06
202400047209,14:15,Plein jour,54,54312,1,1,1,2.0,Autoroute A 31,48.92409717,6.11017942,14:15:00,2024-07-10
202400047210,12:50,Plein jour,93,93066,2,1,1,3.0,Boulevard Jules Guesde,48.93458158,2.35014055,12:50:00,2024-08-20
202400047211,18:45,Nuit sans éclairage,71,71416,1,1,2,1.0,Route des Patreux,46.45483943,4.76418167,18:45:00,2024-02-18
202400047212,13:58,Plein jour,10,10362,1,6,2,6.0,RD 660,48.2962,4.0058,13:58:00,2024-01-05
202400047213,09:10,Plein jour,84,84007,2,1,1,2.0,PIERRE SEMARD (avenue),43.94244,4.81639,09:10:00,2024-06-12
202400047214,10:30,Plein jour,75,75103,2,3,1,6.0,RUE DU FOREZ,48.863531,2.363316,10:30:00,2024-03-29
202400047215,00:50,Nuit avec éclairage,89,89154,2,1,1,6.0,Rue des Ecoles,47.728976,3.471052,00:50:00,2024-02-18
202400047216,07:50,Crépuscule,08,08105,2,9,1,6.0,30 Rue de Flandre,49.77446,4.71717,07:50:00,2024-01-06
202400047217,12:00,Plein jour,93,93027,1,1,1,2.0,AUTOROUTE A1,48.93637475,2.40695831,12:00:00,2024-07-15
202400047218,19:30,Crépuscule,77,77122,1,1,1,6.0,A5b,48.6549656,2.61443581,19:30:00,2024-05-06
202400047219,08:00,Plein jour,78,78688,2,1,1,2.0,PYRAMIDE (AVENUE DE LA),48.76211,2.04264,08:00:00,2024-06-12
202400047220,01:30,Nuit sans éclairage,93,93053,2,2,1,2.0,Rue de Paris / Rue du Parc,48.89831866,2.44223258,01:30:00,2024-08-19
202400047221,18:27,Plein jour,94,94076,2,2,8,6.0,Rue François Billoux / Rue du 12 Fevrier,48.80219,2.35509,18:27:00,2024-03-28
202400047222,16:35,Plein jour,02,02408,1,3,1,2.0,RD 1044,49.5508,3.59469,16:35:00,2024-01-05
202400047223,08:30,Plein jour,94,94018,1,1,1,2.0,A4,48.82465601,2.39368239,08:30:00,2024-05-06
202400047224,14:00,Plein jour,49,49132,1,1,1,5.0,Route du Porage,47.656087,-0.448079,14:00:00,2024-01-31
202400047225,20:10,Plein jour,92,92072,2,1,2,6.0,Pont de Sèvres,48.82816088,2.22606562,20:10:00,2024-08-20
202400047226,17:57,Plein jour,78,78621,2,1,1,3.0,LAGRANGE (RUE LEO),48.77717,1.98188,17:57:00,2024-06-11
202400047227,20:18,,94,94044,2,3,2,1.0,Avenue de Verdun / Rue Emile Zola,48.749562,2.479782,20:18:00,2024-03-29
202400047228,12:20,Plein jour,75,75112,2,1,1,6.0,PORTE DOREE,48.83687,2.412401,12:20:00,2024-01-05
202400047229,10:25,Plein jour,974,97407,2,1,1,3.0,CARPAYE(AVENUE),-20.9494,55.30105,10:25:00,2024-05-02
202400047230,22:35,Nuit sans éclairage,93,93007,1,1,1,5.0,A1,48.94918034,2.44696197,22:35:00,2024-07-14
202400047231,20:54,,94,94042,2,3,2,2.0,Avenue du Général Galliéni / Avenue du Parc,48.820144,2.475576,20:54:00,2024-03-29
202400047232,16:50,Plein jour,92,92036,2,2,3,2.0,LAURENT CELY (AVENUE) (2/152),48.93056117,2.30245712,16:50:00,2024-08-20
202400047233,09:40,Plein jour,77,77186,1,2,1,3.0,RD 142 ,48.480858,2.666937,09:40:00,2024-06-12
202400047234,10:40,Plein jour,75,75119,2,2,1,6.0,RUE DE CRIMEE,48.887173,2.380815,10:40:00,2024-01-06
202400047235,10:30,Plein jour,12,12291,1,1,1,5.0,"D29, PK 35.800",44.192113,3.02403,10:30:00,2024-02-19
202400047236,13:00,Plein jour,972,97213,1,1,1,2.0,ROUTE DEPARTEMENTALE 15,14.62623,-61.00785,13:00:00,2024-05-06
202400047237,11:00,Plein jour,77,77258,1,1,1,2.0,A4.W,48.830999,2.637122,11:00:00,2024-07-15
202400047238,18:00,Plein jour,94,94028,2,3,1,3.0,Avenue du Docteur Paul Casalis / Rue Maurice Utrillo,48.77998077,2.46020906,18:00:00,2024-03-29
202400047239,18:36,Nuit sans éclairage,75,75118,2,1,1,6.0,BOULEVARD NEY,48.89872086,2.36937493,18:36:00,2024-01-06
202400047240,16:45,Plein jour,42,42015,1,1,1,7.0,Route des Echarmeaux,46.170009,4.379296,16:45:00,2024-02-18
202400047241,18:25,Plein jour,77,77400,1,1,8,1.0,MOUROUX (ROUTE DE),48.81071,3.03794,18:25:00,2024-06-11
202400047242,16:00,Plein jour,92,92035,2,6,2,3.0,Souvenir Français ( rond point du ),48.90648355,2.24868786,16:00:00,2024-08-20
202400047243,14:20,Plein jour,972,97213,1,6,1,2.0,ROUTE DEPARTEMENTALE 3,14.60018,-60.99732,14:20:00,2024-05-06
202400047244,08:30,Plein jour,77,77121,1,1,1,2.0,A104,48.837563,2.664575,08:30:00,2024-07-15
202400047245,01:00,,75,75117,2,2,1,6.0,AVENUE DE VILLIERS,48.883319,2.307373,01:00:00,2024-01-06
202400047246,03:30,,94,94058,2,2,3,3.0,Rue Charles Ollier / Rue de Metz,48.84179,2.4963,03:30:00,2024-03-30
202400047247,10:08,Plein jour,44,44216,2,1,1,6.0,10 Place de la Mairie,46.971508,-1.434306,10:08:00,2024-02-16
202400047248,13:45,Plein jour,76,76540,2,2,1,3.0,Boulevard Gambetta,49.43649,1.10083,13:45:00,2024-06-12
202400047249,08:30,Plein jour,92,92019,2,3,1,3.0,PELLETAN CAMILLE (RUE),48.77925418,2.2767183,08:30:00,2024-08-20
202400047250,17:42,Plein jour,74,74208,1,1,1,6.0,Route de plaine joux,45.950661,6.733841,17:42:00,2024-04-14
202400047251,07:50,Plein jour,69,69149,1,3,2,3.0,Rue Dubois Crance,45.71155,4.81991,07:50:00,2024-05-06
202400047252,20:00,Nuit sans éclairage,75,75116,2,1,2,2.0,VOIE GEORGES POMPIDOU,48.85584226,2.28581607,20:00:00,2024-01-06
202400047253,17:20,Plein jour,74,74012,2,9,1,6.0,RESISTANCE (RUE DE LA),46.19620324,6.25873768,17:20:00,2024-06-12
202400047254,14:49,Plein jour,2B,2B033,2,1,8,6.0,MAGDELENA - RUE SANTA,42.68011,9.44218,14:49:00,2024-05-06
202400047255,23:30,,94,94037,2,2,1,3.0,Rue du Val de Marne / Avenue Galliéni,48.81751,2.35342,23:30:00,2024-04-03
202400047256,10:50,Plein jour,76,76281,1,1,1,2.0,D484,49.527534,0.584834,10:50:00,2024-08-15
202400047257,13:50,Plein jour,29,29225,2,2,1,3.0,Rue de Plozévet,47.95492025,-4.36000589,13:50:00,2024-02-17
202400047258,17:05,,75,75114,2,3,1,3.0,BOULEVARD SAINT JACQUES,48.833254,2.33645,17:05:00,2024-01-05
202400047259,15:58,Plein jour,74,74002,2,2,1,6.0,rue des grands Vris,45.818973,5.998712,15:58:00,2024-04-30
202400047260,10:00,Plein jour,35,35126,1,1,3,6.0,La Pigeonnais,47.97985,-1.821349,10:00:00,2024-08-20
202400047261,11:30,Plein jour,74,74298,2,1,1,2.0,TANINGES (ROUTE DE ),46.18841,6.26711,11:30:00,2024-06-12
202400047262,16:30,Plein jour,02,02569,1,1,3,7.0,D663,50.024171,3.686256,16:30:00,2024-02-18
202400047263,02:23,,971,97101,1,1,1,1.0,ROUTE DE BOISVINS,16.26621,-61.47156,02:23:00,2024-05-04
202400047264,03:50,,75,75103,2,2,1,7.0,BOULEVARD BEAUMARCHAIS,48.857608,2.368065,03:50:00,2024-01-06
202400047265,08:40,Plein jour,74,74042,2,1,1,7.0,255 Avenue de geneve,46.081038,6.404589,08:40:00,2024-04-14
202400047266,19:10,,94,94016,2,2,2,2.0,Rue Camille Desmoulins / Avenue Louis Georgeon,48.793951,2.33394,19:10:00,2024-03-29
202400047267,15:05,Plein jour,66,66137,1,1,1,7.0,D900,42.471765,2.853484,15:05:00,2024-02-18
202400047268,13:20,Plein jour,35,35013,1,2,1,3.0,Brehon,47.723422,-2.053859,13:20:00,2024-08-19
202400047269,14:55,Plein jour,72,72181,2,5,1,1.0,HEUZE OLIVIER (AV) N° IMP DE 1 A 239,47.99241679,0.17342627,14:55:00,2024-06-11
202400047270,18:50,Plein jour,2A,2A004,2,9,1,3.0,NAPOLEON COURS AVANT BEVERINI,41.92,8.73,18:50:00,2024-05-06
202400047271,20:15,,75,75104,2,3,1,6.0,RUE DE RIVOLI,48.855932,2.357969,20:15:00,2024-01-04
202400047272,20:40,,94,94041,2,3,3,3.0,Rue Louis Bertrand / Rue Marceau,48.817409,2.380985,20:40:00,2024-03-29
202400047273,04:45,Nuit sans éclairage,74,74074,1,3,1,3.0,D1206,46.112441,5.920351,04:45:00,2024-04-25
202400047274,01:18,Nuit sans éclairage,63,63026,2,1,1,6.0,Boulevard du Lac,45.66995,2.987589,01:18:00,2024-08-20
202400047275,07:00,Crépuscule,60,60108,1,1,2,6.0,RD119,49.633841,1.916771,07:00:00,2024-02-19
202400047276,20:20,Plein jour,69,69266,2,3,1,6.0,128 Rue Léon Blum,45.76033338,4.90249209,20:20:00,2024-06-12
202400047277,16:45,Plein jour,95,95280,2,1,1,2.0,GARE (AVENUE DE LA),49.02316,2.46535,16:45:00,2024-05-06
202400047278,20:20,,94,94041,2,1,2,3.0,20 Avenue Jean Jaurès,48.81305313,2.4026123,20:20:00,2024-03-29
202400047279,07:15,Plein jour,74,74010,1,3,1,3.0,1806 Avenue d'aix-les-bains,45.83454,6.055688,07:15:00,2024-04-24
202400047280,23:15,Nuit sans éclairage,01,01153,1,1,1,1.0,D984c,46.300517,6.045098,23:15:00,2024-08-19
202400047281,11:30,Plein jour,94,94041,2,1,1,6.0,Rue René Villars,48.81988595,2.37585193,11:30:00,2024-03-29
202400047282,07:30,Plein jour,95,95277,2,1,1,6.0,D370,48.98561167,2.43839253,07:30:00,2024-05-06
202400047283,18:20,Plein jour,64,64436,2,3,1,1.0,784 Route d'ihaordoqui,43.231626,-1.299766,18:20:00,2024-02-18
202400047284,12:45,Plein jour,94,94011,1,1,1,4.0,D60,48.76227,2.47594,12:45:00,2024-01-05
202400047285,09:24,Plein jour,30,30242,1,1,1,7.0,D180,44.271063,4.517709,09:24:00,2024-08-20
202400047286,13:10,Plein jour,18,18087,1,1,1,7.0,Unknown,46.875917,2.547723,13:10:00,2024-02-19
202400047287,15:30,Plein jour,74,74237,2,1,1,1.0,Route nationale lieu-dit Bret,46.398227,6.768957,15:30:00,2024-04-18
202400047288,03:45,,69,69388,2,2,1,6.0,Avenue de Pressensé,45.73096,4.85964,03:45:00,2024-06-12
202400047289,16:40,Plein jour,94,94073,2,1,3,6.0,Rue des Alouettes,48.75279472,2.3778432,16:40:00,2024-03-29
202400047290,08:20,Plein jour,91,91667,2,1,1,6.0,CORBEIL (RUE),48.66677,2.33284,08:20:00,2024-05-06
202400047291,05:40,,94,94021,2,1,1,6.0,Avenue de Stalingrad,48.77193,2.36769,05:40:00,2024-01-06
202400047292,11:14,Plein jour,87,87085,1,1,1,6.0,AUTOROUTE A20,45.83982,1.28113,11:14:00,2024-05-05
202400047293,19:00,Plein jour,57,57667,1,1,1,3.0,Rue Saint - Rufe,49.23617485,6.5620169,19:00:00,2024-08-20
202400047294,04:45,Nuit sans éclairage,43,43102,1,1,5,1.0,Pont de l'Enceinte,45.16112357,4.17535313,04:45:00,2024-02-18
202400047295,15:30,Plein jour,74,74224,2,1,1,1.0,Place andrevetan,46.067401,6.311468,15:30:00,2024-04-23
202400047296,07:00,Plein jour,69,69290,2,3,1,3.0,Route de Lyon,45.70770689,4.90781026,07:00:00,2024-06-11
202400047297,19:40,,94,94017,2,3,2,3.0,Rue Albert Thomas / Avenue Carnot,48.8115,2.5105,19:40:00,2024-01-06
202400047298,10:00,Plein jour,94,94033,2,3,1,5.0,Avenue de Lattre de Tassigny / Rue des Marais,48.85778,2.49134,10:00:00,2024-03-27
202400047299,21:45,,83,83137,1,9,1,6.0,MOULINS (AVE DES DE 328 A FIN,43.14618053,5.91261649,21:45:00,2024-05-06
202400047300,09:05,Plein jour,85,85182,2,2,5,6.0,Rue catherine de thouars,46.781559,-0.837107,09:05:00,2024-02-14
202400047301,18:10,Plein jour,74,74116,1,1,1,3.0,D1203,46.047971,6.262239,18:10:00,2024-04-27
202400047302,07:10,Crépuscule,27,27295,1,2,2,6.0,Route de la Cochonniere,49.046782,0.564413,07:10:00,2024-02-18
202400047303,11:25,Crépuscule,94,94028,2,1,1,1.0,Avenue de la Saussaie du Ban,48.766729,2.456691,11:25:00,2024-03-30
202400047304,05:58,,93,93073,1,2,1,3.0,Route De L'Epinette / Rue De Rome,49.00810778,2.55748272,05:58:00,2024-01-06
202400047305,16:40,Plein jour,64,64445,2,6,2,3.0,MARECHAL LECLERC DU,43.30628,-0.33386,16:40:00,2024-06-12
202400047306,07:45,Plein jour,83,83126,2,3,1,3.0,FARLEDE (CHEMIN DE LA),43.11633,5.85082,07:45:00,2024-05-06
202400047307,17:40,Plein jour,30,30210,1,1,1,7.0,2030 Chemin de Campagne,43.930354,4.003272,17:40:00,2024-02-18
202400047308,00:20,,74,74010,2,1,1,6.0,17 Rue du cep,45.890214,6.099182,00:20:00,2024-04-19
202400047309,19:40,,94,94028,2,4,3,6.0,Route de la Pompadour / Chemin des Marais,48.772968,2.4344401,19:40:00,2024-03-29
202400047310,18:24,Plein jour,51,51263,1,1,8,1.0,chemin forestier,48.873946,3.704613,18:24:00,2024-08-20
202400047311,19:50,Plein jour,81,81065,2,2,7,3.0,WAKEFIELD (ROND POINT),43.60067,2.23544,19:50:00,2024-05-06
202400047312,16:50,Plein jour,93,93047,2,2,1,3.0,Avenue des Myosotis / Avenue des Charmilles,48.8924,2.54884,16:50:00,2024-01-06
202400047313,08:30,Plein jour,64,64122,2,2,1,3.0,VERDUN (AVENUE DE),43.4808,-1.5453,08:30:00,2024-06-12
202400047314,08:20,Plein jour,94,94002,2,1,8,3.0,Rue Paul Vaillant Couturier,48.81256,2.41613,08:20:00,2024-03-29
202400047315,12:25,Plein jour,74,74100,1,1,1,6.0,D992,46.004355,5.861903,12:25:00,2024-04-14
202400047316,19:30,,68,68375,2,1,3,2.0,45 Rue de Cernay,47.80933,7.233293,19:30:00,2024-02-18
202400047317,16:30,Plein jour,56,56174,2,1,1,7.0,30 Chemin des Petits Bois,47.88909,-2.849847,16:30:00,2024-08-20
202400047318,07:10,Plein jour,972,97209,2,3,1,6.0,JEUNESSE (RUE DE LA),14.63032,-61.05508,07:10:00,2024-09-24
202400047319,11:50,Plein jour,77,77487,2,1,1,6.0,PLAINE DE LA CROIX ST BESNARD (RUE),48.53265,2.695292,11:50:00,2024-05-06
202400047320,13:00,Plein jour,92,92050,2,2,1,3.0,BOUVETS BOULEVARD DES,48.8968788,2.22403027,13:00:00,2024-01-06
202400047321,13:00,Plein jour,62,62510,2,6,1,3.0,Rue Montgolfier,50.42523,2.77598,13:00:00,2024-06-04
202400047322,15:25,Plein jour,35,35189,1,4,1,7.0,le Tuel,48.160439,-1.728861,15:25:00,2024-02-01
202400047323,11:45,Plein jour,74,74256,2,6,1,1.0,Avenue de geneve,45.949788,6.629691,11:45:00,2024-04-10
202400047324,19:40,,94,94002,2,2,1,3.0,Rue du Port à l'Anglais,48.79837,2.4205,19:40:00,2024-03-28
202400047325,05:25,Nuit avec éclairage,77,77372,2,1,8,6.0,PARIS  (RUE DE  ),48.88129,2.68969,05:25:00,2024-05-06
202400047326,07:30,Plein jour,971,97101,1,1,1,1.0,LE RAIZET(SECTEUR),16.25385288,-61.53573006,07:30:00,2024-09-23
202400047327,17:30,Plein jour,56,56185,1,1,1,2.0,Kergrenn,47.788623,-3.436747,17:30:00,2024-08-20
202400047328,01:30,,92,92025,2,1,1,3.0,PRESIDENT SALVADOR ALLENDE (RUE DU),48.92012434,2.22805023,01:30:00,2024-01-06
202400047329,08:00,Crépuscule,91,91649,1,1,8,1.0,D31,48.54672827,2.34866147,08:00:00,2024-02-18
202400047330,21:05,Plein jour,60,60057,2,9,1,3.0,Boulevard Saint-André,49.4328182,2.08997941,21:05:00,2024-06-12
202400047331,13:45,Plein jour,93,93078,2,1,1,7.0,Boulevad Laurent et Danielle Casanova,48.96255,2.5244,13:45:00,2024-03-29
202400047332,20:15,Nuit sans éclairage,73,73252,1,1,1,3.0,A43 PK147+000 sens ITALIE - FRANCE,45.4255543,6.2725931,20:15:00,2024-02-02
202400047333,17:00,Plein jour,77,77433,1,1,2,2.0,EPIEDS  (LIEU DIT),48.79191,3.04158,17:00:00,2024-05-02
202400047334,00:01,Nuit sans éclairage,76,76560,2,1,1,6.0,4649 Route de Lyons la Foret,49.426619,1.172721,00:01:00,2024-08-15
202400047335,04:30,,92,92012,2,1,1,2.0,PIERRE GRENIER (AVENUE),48.82951254,2.25128174,04:30:00,2024-01-06
202400047336,11:00,Plein jour,974,97417,1,1,1,3.0,Route Nationale 2 le Tremblet,-21.287555,55.796385,11:00:00,2024-02-17
202400047337,18:24,Plein jour,91,91479,1,1,8,4.0,RTE NATIONALE 7,48.72874691,2.36848712,18:24:00,2024-09-24
202400047338,17:10,Plein jour,59,59599,2,2,1,1.0,Rue de Gand,50.72757,3.15836,17:10:00,2024-06-12
202400047339,16:50,Plein jour,93,93078,2,2,2,2.0,Avenue Georges Clémenceau / Avenue Charles de Gaulle,48.95838107,2.55808711,16:50:00,2024-03-29
202400047340,07:00,Plein jour,987,98735,2,2,1,6.0,PRINCE HINOI (AVENUE),-17.53632,-149.56728,07:00:00,2024-07-14
202400047341,20:20,Crépuscule,80,80183,1,1,1,2.0,D936,49.959779,1.735153,20:20:00,2024-08-21
202400047342,17:25,Plein jour,69,69290,2,1,2,6.0,36 Route d'Heyrieux,45.68814,4.94199,17:25:00,2024-05-06
202400047343,15:05,Plein jour,60,60006,1,1,1,2.0,D200,49.318143,2.576015,15:05:00,2024-01-06
202400047344,22:45,Nuit sans éclairage,973,97311,2,1,1,6.0,Route de Saint Jean,5.468636,-54.044564,22:45:00,2024-02-18
202400047345,02:40,Nuit avec éclairage,59,59646,2,1,1,6.0,Rue de Mouvaux,50.68986933,3.13305016,02:40:00,2024-06-12
202400047346,16:50,Plein jour,976,97611,2,1,1,6.0,cavani-Briquetterie ( rue de la ),-12.782,45.223,16:50:00,2024-07-14
202400047347,20:11,Plein jour,68,68149,2,1,1,6.0,MARQUIS DE PUISIEUX ( RUE DU ),47.58668,7.58077,20:11:00,2024-05-02
202400047348,22:30,Nuit sans éclairage,63,63425,2,6,2,7.0,D795,45.67266,3.127375,22:30:00,2024-01-06
202400047349,20:41,Nuit avec éclairage,87,87065,1,1,3,6.0,AUTOROUTE A20,45.799184,1.296133,20:41:00,2024-09-23
202400047350,21:52,,93,93066,2,2,2,3.0,Rue des Boucheries / Rue de la Boulangerie,48.93468,2.35695,21:52:00,2024-03-29
202400047351,09:30,Plein jour,54,54575,1,1,1,7.0,RN52,49.463795,5.850086,09:30:00,2024-06-12
202400047352,09:00,Plein jour,81,81145,1,2,1,3.0,Route des Barrières,43.877352,1.786893,09:00:00,2024-08-21
202400047353,18:40,Plein jour,87,87085,2,1,2,6.0,ARCADES (BOULEVARD DES),45.851857,1.26443,18:40:00,2024-09-23
202400047354,17:25,Plein jour,67,67482,2,1,2,6.0,Edmond Michelet (rue),48.57398,7.7669,17:25:00,2024-05-06
202400047355,15:50,Plein jour,974,97416,1,1,1,1.0,CHARLES ISAUTIER(RUE),-21.3176,55.45122,15:50:00,2024-07-14
202400047356,15:00,Plein jour,973,97362,2,2,1,3.0,Rue Akabou,3.808386,-54.151708,15:00:00,2024-01-07
202400047357,20:00,Nuit sans éclairage,91,91226,1,1,2,3.0,N20,48.507432,2.200972,20:00:00,2024-02-18
202400047358,19:15,Nuit sans éclairage,93,93066,2,3,2,6.0,Rue Danielle Casanova / Cours du Rû de Montfort,48.926408,2.366239,19:15:00,2024-03-29
202400047359,14:25,Plein jour,66,66136,2,1,1,7.0,Rue de la République,42.69863649,2.88995683,14:25:00,2024-05-06
202400047360,08:08,Plein jour,32,32182,1,9,1,6.0,D247,43.552638,0.905986,08:08:00,2024-08-20
202400047361,20:59,Crépuscule,51,51454,2,1,1,7.0,Rue Berthe Morisot,49.22576,4.01278,20:59:00,2024-06-10
202400047362,04:30,,974,97411,2,1,1,2.0,RAMBAUD (LEOPOLD),-20.88633,55.48267,04:30:00,2024-07-14
202400047363,00:05,Nuit sans éclairage,972,97210,1,1,1,1.0,N6,14.612696,-60.915724,00:05:00,2024-01-07
202400047364,15:17,Plein jour,87,87085,1,1,1,2.0,AUTOROUTE A20,45.91337,1.29337,15:17:00,2024-09-23
202400047365,15:20,Plein jour,78,78128,1,6,2,3.0,Rue de Limours,48.668731,1.988622,15:20:00,2024-02-18
202400047366,09:10,Plein jour,93,93077,2,2,1,6.0,Grande Rue / Avenue du Capitaine Louys,48.88283,2.5144,09:10:00,2024-03-29
202400047367,18:00,Plein jour,65,65440,2,2,1,3.0,LARREY (RUE),43.23021,0.07881,18:00:00,2024-05-05
202400047368,13:25,Plein jour,50,50147,2,1,1,6.0,DU CLOS DU PUITS,49.05583,-1.43493,13:25:00,2024-06-12