Num_Acc,hrmn,lum,dep,com,agg,int,atm,col,adr,lat,long,heure,date
202400047369,16:30,Plein jour,44,44001,1,1,1,6.0,la huchetiere,47.562968,-1.521853,16:30:00,2024-01-06
202400047370,13:37,Plein jour,71,71133,1,1,1,1.0,route de gothard,46.283911,4.298648,13:37:00,2024-08-18
202400047371,07:40,Plein jour,64,64132,2,1,1,7.0,CORPS FRANC POMMIES DU,43.30469,-0.31959,07:40:00,2024-05-05
202400047372,15:00,Plein jour,93,93053,2,1,1,3.0,Rue de Brément,48.887206,2.466721,15:00:00,2024-03-29
202400047373,13:15,Plein jour,66,66176,2,3,1,3.0,avenue du maréchal joffre,42.784906,2.965177,13:15:00,2024-02-16
202400047374,17:40,Plein jour,49,49246,2,1,1,7.0,HUGO VICTOR RUE,47.42859,-0.52766,17:40:00,2024-06-11
202400047375,00:40,,87,87085,2,3,1,3.0,RUBEN (AVENUE ERNEST),45.82354,1.25115,00:40:00,2024-09-21
202400047376,01:15,Nuit sans éclairage,34,34154,1,1,1,6.0,CD 189,43.596834,3.953276,01:15:00,2024-02-19
202400047377,00:00,,69,69387,2,2,1,3.0,Avenue Berthelot,45.7423,4.8506,00:00:00,2024-07-15
202400047378,18:15,Plein jour,64,64024,2,2,3,3.0,JOUANICOT (RUE DE),43.4925,-1.5208,18:15:00,2024-05-05
202400047379,19:40,,93,93048,2,3,3,3.0,Avenue Ernest Renan / Rue Lenain de Tillemont,48.85660052,2.46655136,19:40:00,2024-03-29
202400047380,11:00,Plein jour,21,21038,2,1,1,7.0,1 Rue de Chevigny,47.193653,5.393761,11:00:00,2024-02-18
202400047381,09:30,Plein jour,87,87038,1,1,2,6.0,Rue Saint-eloi,45.908178,1.264903,09:30:00,2024-01-06
202400047382,17:50,Plein jour,49,49007,2,1,1,3.0,CAPUCINS SQUARE ET RUE,47.48786,-0.55416,17:50:00,2024-06-11
202400047383,20:20,,83,83137,2,6,1,6.0,RIVIERE NEUVE (QUAI DE LA),43.13195,5.90409,20:20:00,2024-09-24
202400047384,14:05,Plein jour,93,93032,2,1,1,2.0,Rue Aristide Briand,48.87897429,2.53329992,14:05:00,2024-03-29
202400047385,17:06,Plein jour,62,62035,2,6,1,3.0,D181E4,50.53117,2.60398,17:06:00,2024-05-03
202400047386,13:58,Plein jour,91,91339,1,1,1,2.0,RTE NATIONALE 20,48.631,2.271,13:58:00,2024-07-13
202400047387,09:30,Plein jour,07,07324,2,1,1,3.0,Avenue Helene de Tournon,45.054348,4.838458,09:30:00,2024-02-06
202400047388,11:15,Plein jour,63,63233,1,2,1,3.0,RD533,46.183966,2.817703,11:15:00,2024-08-20
202400047389,20:11,Plein jour,61,61006,2,1,2,6.0,Voie Communale,48.743581,-0.022096,20:11:00,2024-05-06
202400047390,03:30,,07,07182,2,1,1,7.0,Route de Jaujac,44.642674,4.315009,03:30:00,2024-02-18
202400047391,17:00,Plein jour,93,93047,2,9,1,6.0,Avenue Jean Jaurés,48.89885951,2.5488579,17:00:00,2024-03-30
202400047392,06:40,Crépuscule,83,83137,1,1,1,2.0,BRIAND (AVE ARISTIDE DE 1 A 1219,43.12376,5.89588,06:40:00,2024-09-24
202400047393,11:15,Plein jour,91,91514,2,9,1,6.0,RUE DE LA GARE,48.67915,2.53488,11:15:00,2024-07-14
202400047394,12:45,Plein jour,44,44184,2,2,1,3.0,52 Rue du Maine,47.27754456,-2.21096367,12:45:00,2024-06-12
202400047395,08:35,Plein jour,61,61001,2,2,1,3.0,D26,48.442991,0.087859,08:35:00,2024-05-06
202400047396,10:00,Plein jour,69,69099,1,2,1,3.0,Route de Clermont,45.724312,4.390191,10:00:00,2024-02-19
202400047397,20:20,Nuit sans éclairage,93,93005,2,5,1,3.0,Avenue Pierre Semard / Avenue Paul Vaillant Couturier,48.92940514,2.48005629,20:20:00,2024-03-30
202400047398,16:10,Plein jour,82,82033,1,1,1,2.0,Route de Belleperche,44.01884,1.11869,16:10:00,2024-09-23
202400047399,11:20,Plein jour,91,91201,2,1,1,6.0,BD HENRI BARBUSSE,48.6954,2.4144,11:20:00,2024-07-14
202400047400,15:35,Plein jour,86,86113,2,3,1,7.0,rue du coteau,46.483703,0.30807,15:35:00,2024-08-19
202400047401,18:40,Plein jour,59,59367,1,1,1,2.0,RD 700,50.67144,3.22349,18:40:00,2024-05-06
202400047402,10:09,Plein jour,38,38151,2,3,1,6.0,AVENUE DES F.T.P.F.,45.14803655,5.72420955,10:09:00,2024-06-12
202400047403,19:22,,09,09160,2,1,1,7.0,Avenue Général de Gaulle,42.929464,1.856791,19:22:00,2024-02-18
202400047404,07:45,Plein jour,92,92077,2,1,1,6.0,MARNES (ROUTE DE),48.8270465,2.18755031,07:45:00,2024-03-29
202400047405,19:45,Nuit sans éclairage,31,31229,1,1,1,6.0,Route de Rieumes,43.325654,1.126147,19:45:00,2024-02-18
202400047406,06:20,Plein jour,91,91027,2,1,1,3.0,AV FRANCOIS MITTERRAND,48.70855,2.37142,06:20:00,2024-07-14
202400047407,09:55,Plein jour,58,58194,2,3,1,3.0,JEAN MOULIN,46.98467,3.1779,09:55:00,2024-05-06
202400047408,17:05,Plein jour,79,79081,2,3,8,3.0,Unknown,46.34195,-0.38448,17:05:00,2024-09-23
202400047409,19:20,Plein jour,35,35238,2,1,1,6.0,GAUTIER (SQUARE GERMAIN),48.10194,-1.70616,19:20:00,2024-06-12
202400047410,13:45,Plein jour,17,17092,1,1,8,7.0,Impasse de chez Fradin,45.336121,-0.418623,13:45:00,2024-02-19
202400047411,09:25,Plein jour,22,22147,1,1,3,5.0,N164,48.194883,-2.375611,09:25:00,2024-08-20
202400047412,05:24,Crépuscule,56,56083,2,6,1,7.0,ALLENDE ( AV. PRES. SALVADOR ),47.80862,-3.25585,05:24:00,2024-05-05
202400047413,08:37,Plein jour,92,92072,2,9,1,2.0,GRANDE RUE,48.82081523,2.20154679,08:37:00,2024-03-28
202400047414,17:12,Plein jour,78,78551,2,1,3,6.0,FOURQUEUX (ROUTE DE),48.89315,2.0869,17:12:00,2024-09-24
202400047415,16:15,Plein jour,33,33018,2,3,1,7.0,65 Avenue de la République,45.016171,-0.38076,16:15:00,2024-02-17
202400047416,21:08,Plein jour,90,90010,2,3,1,3.0,JAURES (AVENUE JEAN) A 150 ET 117,47.65221,6.85038,21:08:00,2024-07-13
202400047417,18:50,Plein jour,35,35278,1,1,1,2.0,RD 137,48.16259563,-1.70805484,18:50:00,2024-06-12
202400047418,01:53,Nuit sans éclairage,92,92064,2,1,1,6.0,SURESNES,48.85780053,2.22043329,01:53:00,2024-03-29
202400047419,08:40,Plein jour,44,44014,1,1,1,6.0,Beausejour,47.073892,-1.521553,08:40:00,2024-08-21
202400047420,19:26,Crépuscule,56,56098,2,6,1,3.0,Avenue Kesler-Devillers,47.767197,-3.339703,19:26:00,2024-05-03
202400047421,11:50,Plein jour,44,44172,2,6,1,6.0,Rue du Pavillon,47.253478,-1.475505,11:50:00,2024-02-17
202400047422,14:50,Plein jour,35,35051,1,1,1,7.0,ROCADE 2-3,48.10657,-1.59927,14:50:00,2024-06-12
202400047423,08:15,Crépuscule,35,35257,1,1,2,6.0,Le Theil,48.407112,-1.338685,08:15:00,2024-02-18
202400047424,18:15,Plein jour,92,92040,2,6,8,6.0,RESISTANCE (PLACE DE LA),48.821392,2.2502709,18:15:00,2024-03-30
202400047425,11:20,Plein jour,88,88413,2,2,1,7.0,Rue du 10éme BCP,48.28079,6.95458,11:20:00,2024-07-08
202400047426,17:55,Nuit sans éclairage,44,44131,1,1,2,6.0,Unknown,47.10641956,-2.05683449,17:55:00,2024-08-22
202400047427,08:51,Plein jour,54,54395,2,2,3,3.0,Rue des Tiercelins,48.69055434,6.18891299,08:51:00,2024-05-06
202400047428,17:05,Plein jour,77,77251,2,2,2,3.0,AV PIERRE POINT,48.62746,2.56029,17:05:00,2024-09-23
202400047429,18:30,Crépuscule,92,92026,2,1,2,6.0,VIINGT DEUX SEPTEMBRE,48.90521366,2.27259814,18:30:00,2024-03-29
202400047430,16:40,Plein jour,76,76020,1,2,8,3.0,D64,49.456733,0.911546,16:40:00,2024-02-18
202400047431,09:00,Plein jour,35,35281,2,1,1,3.0,POTTIER (RUE EUGENE),48.06752878,-1.72013015,09:00:00,2024-06-12
202400047432,01:35,Nuit sans éclairage,52,52121,2,3,1,6.0,VAL PONCE (RUE DU),48.0845,5.143,01:35:00,2024-04-21
202400047433,01:00,Nuit sans éclairage,85,85194,2,6,1,1.0,Rue ernest landrieau,46.50726,-1.756522,01:00:00,2024-07-14
202400047434,09:55,Plein jour,92,92025,2,1,8,6.0,JEANNE GLEUZER (RUE),48.91590823,2.22887546,09:55:00,2024-03-30
202400047435,11:27,Plein jour,60,60241,1,1,8,7.0,D922,49.116917,2.647727,11:27:00,2024-02-19
202400047436,19:00,Plein jour,33,33065,2,9,1,1.0,Parking Leroy Merlin,44.81807,-0.52272,19:00:00,2024-06-11
202400047437,17:00,Plein jour,51,51454,2,6,1,3.0,BRIAND (PLACE ARISTIDE),49.257156,4.039304,17:00:00,2024-05-06
202400047438,20:16,,71,71270,2,6,2,3.0,JUIN (AVENUE DU MARECHAL),46.32473,4.8385,20:16:00,2024-09-24
202400047439,13:46,Plein jour,92,92024,2,1,1,6.0,JEAN JAURES (BD) DE 47 A 109)   (56 A 14,48.90098013,2.30543339,13:46:00,2024-03-30
202400047440,02:27,,13,13212,1,1,1,2.0,A507 sens Marseille - Aubagne,43.30609,5.42538,02:27:00,2024-02-18
202400047441,19:55,Plein jour,29,29284,2,3,1,6.0,Avenue du Port,47.79377077,-4.27765386,19:55:00,2024-08-14
202400047442,00:01,,85,85194,2,1,1,2.0,Rue du docteur laennec ,46.497453,-1.76517248,00:01:00,2024-07-14
202400047443,11:15,Plein jour,30,30189,2,1,1,6.0,JAURES JEAN (BOULEVARD),43.83265,4.35153,11:15:00,2024-06-08
202400047444,11:13,Plein jour,51,51454,2,1,1,6.0,Rue Hincmar,49.251965,4.031392,11:13:00,2024-05-06
202400047445,20:25,,92,92012,2,1,1,6.0,POINT DU JOUR (QUAI DU),48.83105351,2.2581507,20:25:00,2024-03-30
202400047446,15:15,Plein jour,58,58140,2,1,1,7.0,Rue des Caves,46.877274,4.001802,15:15:00,2024-08-20
202400047447,21:00,,69,69259,2,2,1,3.0,Avenue d'Oschatz,45.6949,4.87997,21:00:00,2024-09-23
202400047448,08:05,Plein jour,23,23096,2,1,1,6.0,GAMBETTA (AVENUE),46.17255,1.87721,08:05:00,2024-06-12
202400047449,06:30,Nuit avec éclairage,13,13211,1,1,1,2.0,A50-Sens Aubagne vers Marseille,43.28926028,5.49417318,06:30:00,2024-02-17
202400047450,18:40,Plein jour,83,83050,2,1,1,1.0,FOLLETIERE(CHEMIN DE),43.54347446,6.46165801,18:40:00,2024-07-13
202400047451,22:30,,50,50129,2,1,1,3.0,SALINE (BOULEVARD DE LA),49.65434,-1.64951,22:30:00,2024-05-03
202400047452,17:20,Plein jour,06,06079,2,1,1,7.0,302 Avenue du Maréchal Juin,43.534374,6.934851,17:20:00,2024-08-20
202400047453,01:30,Nuit sans éclairage,92,92012,2,1,3,6.0,PONT DE SEVRES (METRO),48.82889325,2.22817826,01:30:00,2024-03-30
202400047454,14:05,Plein jour,49,49353,2,1,3,6.0,JEAN JAURES RUE,47.44493,-0.50289,14:05:00,2024-05-06
202400047455,14:10,Plein jour,92,92012,2,1,1,7.0,EDOUARD VAILLANT (AVENUE) - DEBUT/55 - C,48.83636,2.25217,14:10:00,2024-03-29
202400047456,16:00,Plein jour,90,90033,2,1,1,1.0,Faubourg de Montbéliard,47.505033,6.992809,16:00:00,2024-08-20
202400047457,14:30,Plein jour,64,64445,2,2,1,3.0,LYAUTEY,43.30862,-0.36397,14:30:00,2024-09-24
202400047458,21:30,Nuit sans éclairage,13,13085,1,1,1,5.0,A50-Sens Toulon vers Aubagne,43.24813,5.59618,21:30:00,2024-02-16
202400047459,17:10,Plein jour,13,13205,2,2,1,3.0,BAILLE (BOULEVARD),43.28943,5.3966,17:10:00,2024-06-10
202400047460,20:03,Crépuscule,49,49007,2,6,2,7.0,RAMON BOULEVARD,47.4891,-0.54591,20:03:00,2024-05-04
202400047461,00:55,,38,38449,1,1,1,6.0,A43   18.875 A 21.100,45.6496,5.1162,00:55:00,2024-02-18
202400047462,12:30,Plein jour,81,81065,1,2,7,2.0,LAVAUR RD 112 (RTE DE),43.61538,2.17599,12:30:00,2024-07-14
202400047463,22:00,Nuit sans éclairage,90,90090,1,1,1,6.0,D50,47.470681,6.973374,22:00:00,2024-07-28
202400047464,18:45,Plein jour,62,62225,1,1,1,3.0,D209,50.77660066,2.34476688,18:45:00,2024-09-19
202400047465,14:00,Plein jour,42,42259,1,1,1,7.0,Route de la Vigne,45.54934845,4.60328311,14:00:00,2024-04-20
202400047466,18:50,Plein jour,11,11069,2,9,1,3.0,Unknown,43.226,2.331,18:50:00,2024-06-11
202400047467,17:20,Plein jour,92,92012,2,3,8,3.0,ANATOLE FRANCE (BOULEVARD) 5/FIN,48.85033462,2.23777261,17:20:00,2024-03-28
202400047468,22:40,,76,76640,2,1,1,6.0,Rue de la Villette,49.2843,1.04372,22:40:00,2024-07-13
202400047469,00:01,Nuit sans éclairage,94,94038,1,1,1,6.0,A6A,48.78216174,2.34666688,00:01:00,2024-02-18
202400047470,19:15,Plein jour,42,42218,1,1,1,6.0,Rue Berthelot,45.41543,4.39932,19:15:00,2024-05-05
202400047471,19:30,Crépuscule,18,18105,1,1,7,3.0,Unknown,47.129951,2.718687,19:30:00,2024-08-21
202400047472,19:56,Plein jour,06,06088,2,9,1,6.0,16 Rue Saint-Philippe,43.69536,7.25519,19:56:00,2024-06-12
202400047473,09:15,Plein jour,62,62186,2,3,1,3.0,D166E2,50.4476,2.70168,09:15:00,2024-09-20
202400047474,11:45,Plein jour,95,95488,1,1,2,2.0,A15,49.02485007,2.13227752,11:45:00,2024-02-18
202400047475,16:25,Plein jour,69,69256,2,1,1,3.0,Avenue Gabriel Péri,45.77467,4.91387,16:25:00,2024-07-14
202400047476,23:05,,37,37261,2,1,3,1.0,CHAUTEMPS (AVENUE CAMILLE),47.37734106,0.72684288,23:05:00,2024-05-06
202400047477,20:15,,92,92007,2,1,2,1.0,HUGO (AVENUE VICTOR),48.80592085,2.32471347,20:15:00,2024-02-29
202400047478,12:50,Plein jour,94,94018,1,1,2,6.0,A4,48.82253799,2.39690691,12:50:00,2024-02-18
202400047479,07:45,Crépuscule,61,61001,2,2,8,3.0,D112,48.438017,0.086446,07:45:00,2024-09-24
202400047480,18:55,Plein jour,53,53200,1,1,1,3.0,Villeray,48.28410018,-0.64609158,18:55:00,2024-08-21
202400047481,18:50,Plein jour,06,06069,2,9,1,2.0,148 Avenue Jean Maubert (ancienne route du Plan),43.6437,6.95527,18:50:00,2024-06-12
202400047482,07:55,Plein jour,77,77495,1,1,1,2.0,A5B,48.5752302,2.63897523,07:55:00,2024-02-18
202400047483,13:35,Plein jour,35,35051,2,9,2,2.0,ROCADE 3-4,48.10254389,-1.60824984,13:35:00,2024-05-06
202400047484,19:22,Plein jour,61,61077,2,1,3,6.0,Voie Communale,48.44158,0.128937,19:22:00,2024-09-21
202400047485,18:20,Plein jour,21,21063,1,1,1,7.0,D959,47.687782,4.944198,18:20:00,2024-08-20
202400047486,11:10,Plein jour,64,64445,2,2,1,3.0,ALSACE LORRAINE D',43.30492,-0.37057,11:10:00,2024-07-14
202400047487,21:45,Nuit sans éclairage,92,92004,2,3,1,2.0,FAIDHERBE ( AVENUE ),48.90802449,2.2677328,21:45:00,2024-03-29
202400047488,14:00,Plein jour,02,02738,2,1,2,2.0,HOUDON,49.665163,3.282797,14:00:00,2024-05-30
202400047489,11:00,Plein jour,76,76540,2,3,1,6.0,Rue Saint-nicolas,49.44144,1.0956,11:00:00,2024-02-16
202400047490,16:50,Plein jour,59,59599,2,1,2,6.0,NATIONALE (RUE),50.724919,3.150008,16:50:00,2024-09-24
202400047491,07:10,Crépuscule,35,35238,2,6,1,3.0,YOUGOSLAVIE (BD DE),48.0875,-1.65108,07:10:00,2024-05-06
202400047492,03:40,Nuit sans éclairage,62,62225,2,1,1,6.0,D209,50.77647,2.34133,03:40:00,2024-07-13
202400047493,07:40,Crépuscule,59,59599,2,1,1,6.0,LAFAYETTE ( AVENUE),50.718018,3.168938,07:40:00,2024-09-24
202400047494,13:00,Plein jour,34,34301,2,9,2,3.0,JAURES JEAN (RUE),43.40266,3.694303,13:00:00,2024-05-06
202400047495,07:36,,92,92078,2,2,1,3.0,VERDUN (AVENUE) (PAIRS 92 ET PLUS),48.93489399,2.32484694,07:36:00,2024-02-02
202400047496,15:20,Plein jour,30,30324,1,2,1,3.0,Route d'Uzès,43.824689,4.129529,15:20:00,2024-08-15
202400047497,11:48,Plein jour,01,01283,2,6,1,2.0,Cours de Verdun,46.266976,5.654353,11:48:00,2024-06-12
202400047498,08:10,Plein jour,92,92004,2,3,1,2.0,MENIL,48.9191818,2.28582644,08:10:00,2024-03-29
202400047499,09:58,Plein jour,34,34032,2,1,1,6.0,CADENAT JULES (BD),43.33874,3.25368,09:58:00,2024-05-04
202400047500,19:45,Nuit sans éclairage,974,97421,1,1,2,6.0,Salazie (route de),-21.00374259,55.57446635,19:45:00,2024-02-17
202400047501,18:15,Crépuscule,978,97801,2,1,1,6.0,Route Nationale 7,18.099937,-63.057178,18:15:00,2024-08-20
202400047502,13:50,Plein jour,56,56121,2,3,1,3.0,Avenue Chenailler dit colonel Morice,47.73579,-3.38977,13:50:00,2024-09-24
202400047503,20:00,Plein jour,62,62413,2,1,1,5.0,D162E1,50.44130968,2.89055032,20:00:00,2024-07-14
202400047504,13:15,Plein jour,33,33281,2,9,2,3.0,Unknown,44.83793,-0.67061,13:15:00,2024-05-06
202400047505,11:00,Plein jour,38,38253,1,1,1,6.0,d1091,45.032387,6.087295,11:00:00,2024-08-20
202400047506,13:00,Plein jour,973,97309,2,1,1,3.0,TROUBIRAN (CHEMIN DE),4.91999,-52.30445,13:00:00,2024-02-17
202400047507,12:15,Plein jour,01,01053,2,1,1,4.0,HERRIOT ( BOULEVARD EDOUARD COTE PAIR),46.20962,5.22726,12:15:00,2024-06-12
202400047508,17:20,Plein jour,54,54547,2,1,1,6.0,Boulevard de l'Europe,48.654456,6.178676,17:20:00,2024-09-23
202400047509,19:10,,69,69383,2,2,1,6.0,Rue de la Villette,45.76294,4.86117,19:10:00,2024-02-17
202400047510,17:30,Plein jour,62,62498,2,3,1,3.0,Rue Francois Fenelon,50.44553,2.8152,17:30:00,2024-07-13
202400047511,07:25,Crépuscule,69,69383,2,1,1,3.0,Cours de la Liberté,45.76042,4.84197,07:25:00,2024-02-17
202400047512,01:26,,92,92004,1,3,3,3.0,AULAGNIER ( QUAI ),48.91407,2.30991,01:26:00,2024-03-30
202400047513,11:20,Plein jour,51,51454,2,3,2,3.0,GIRAUD (AVENUE DU GENERAL),49.24076,4.05299,11:20:00,2024-09-24
202400047514,09:30,Plein jour,42,42163,1,1,1,1.0,N7,46.19404,3.847929,09:30:00,2024-08-21
202400047515,13:35,Plein jour,01,01053,2,3,1,1.0,CROIX BLANCHE ( RUE DE LA ) PAIR,46.208,5.25677,13:35:00,2024-06-12
202400047516,15:55,Plein jour,69,69387,2,2,1,2.0,Rue Garibaldi,45.74792425,4.85194116,15:55:00,2024-02-16
202400047517,18:27,Plein jour,51,51454,2,1,1,3.0,ROUSSEAU (PLACE MAX),49.26435,4.00985,18:27:00,2024-09-23
202400047518,18:20,Plein jour,62,62758,2,4,7,3.0,D96,50.72055,1.62903,18:20:00,2024-07-14
202400047519,16:30,Plein jour,50,50115,1,1,1,6.0,D41,48.773985,-1.371054,16:30:00,2024-03-30
202400047520,18:30,Nuit sans éclairage,971,97115,2,1,1,3.0,Bréfort,16.264309,-61.642984,18:30:00,2024-08-20
202400047521,06:15,Crépuscule,61,61077,2,1,1,6.0,VC,48.441107,0.128132,06:15:00,2024-07-14
202400047522,20:36,,972,97213,1,1,1,3.0,ROUTE DEPARTEMENTALE 15,14.63848,-61.01017,20:36:00,2024-02-17
202400047523,17:15,Plein jour,51,51454,2,1,1,2.0,PAYEN (RUE),49.25084,4.02406,17:15:00,2024-09-23
202400047524,00:14,Nuit sans éclairage,01,01052,1,1,1,6.0,départementale 2,46.017439,5.003318,00:14:00,2024-03-30
202400047525,21:35,Crépuscule,75,75114,2,4,1,6.0,PORTE D ORLEANS,48.8193028,2.32866168,21:35:00,2024-06-11
202400047526,13:30,Plein jour,971,97113,1,1,1,6.0,ROGER ZAMI,16.20737716,-61.49327338,13:30:00,2024-02-17
202400047527,07:20,Crépuscule,50,50502,2,1,2,6.0,BRIOVERE,49.11644,-1.09922,07:20:00,2024-09-24
202400047528,06:25,Plein jour,971,97101,2,1,1,3.0,ACHILLE RENE BOISNEUF (RUE),16.26657,-61.509,06:25:00,2024-02-17
202400047529,09:50,Plein jour,62,62837,1,1,1,6.0,D131,50.65087236,2.0381971,09:50:00,2024-03-31
202400047530,19:15,Plein jour,77,77045,2,1,3,1.0,D52,48.192927,2.659335,19:15:00,2024-08-20
202400047531,19:07,Plein jour,49,49007,2,9,1,3.0,BLAVIER,47.4752,-0.53436,19:07:00,2024-09-24
202400047532,05:36,Crépuscule,59,59378,2,5,1,3.0,MARNE AVENUE DE LA,50.67961,3.1143,05:36:00,2024-07-14
202400047533,20:05,,95,95585,2,1,1,2.0,D208,48.98785902,2.39006452,20:05:00,2024-02-17
202400047534,13:15,Plein jour,95,95585,2,1,1,5.0,D316,48.97920302,2.3685285,13:15:00,2024-02-17
202400047535,15:10,Plein jour,75,75115,2,3,1,3.0,PONT MIRABEAU,48.846211,2.276648,15:10:00,2024-06-12
202400047536,15:45,Plein jour,30,30153,1,1,1,7.0,D901,44.427122,4.030146,15:45:00,2024-08-21
202400047537,10:10,Plein jour,59,59009,2,1,1,6.0,DETROY ALEXANDRE RUE,50.63594,3.12632,10:10:00,2024-07-14
202400047538,07:50,Plein jour,49,49007,1,1,8,4.0,ATLANTIQUE  AVENUE DE L',47.46779,-0.5851,07:50:00,2024-09-24
202400047539,11:10,Plein jour,41,41013,1,1,1,1.0,route de vernou - D60,47.515828,1.634597,11:10:00,2024-03-31
202400047540,23:50,,75,75111,2,1,1,6.0,BOULEVARD VOLTAIRE,48.851778,2.390228,23:50:00,2024-06-11
202400047541,00:00,Nuit sans éclairage,11,11188,1,1,6,7.0,D709,42.968969,2.998806,00:00:00,2024-08-21
202400047542,19:20,,91,91114,2,1,1,4.0,RTE NATIONALE 6,48.68001,2.49424,19:20:00,2024-02-17
202400047543,00:50,,59,59183,2,1,1,6.0,GEMBLOUX,51.052764,2.411975,00:50:00,2024-07-14
202400047544,07:55,Plein jour,49,49007,2,1,8,3.0,ACADEMIE PLACE,47.46783,-0.55925,07:55:00,2024-09-23
202400047545,13:40,Plein jour,75,75111,2,3,1,7.0,RUE DES BOULETS,48.852293,2.389019,13:40:00,2024-06-11
202400047546,14:00,Plein jour,05,05070,2,1,1,3.0,Avenue des Sports,44.31765,5.820109,14:00:00,2024-08-21
202400047547,22:00,Nuit avec éclairage,972,97207,1,1,1,2.0,N5,14.581943,-60.980022,22:00:00,2024-03-30
202400047548,09:58,Plein jour,86,86214,2,3,1,1.0,D88,46.547138,0.342683,09:58:00,2024-02-17
202400047549,07:52,Plein jour,56,56260,2,6,7,3.0,Route de Sainte-Anne,47.66914,-2.78835,07:52:00,2024-07-12
202400047550,12:10,Plein jour,75,75107,2,1,1,7.0,RUE ERNEST PSICHARI,48.85684,2.307703,12:10:00,2024-06-12
202400047551,17:35,Plein jour,46,46042,1,1,1,1.0,Départementale D653,44.47303,1.45588,17:35:00,2024-08-13
202400047552,20:15,,30,30103,1,1,1,7.0,D976,43.958874,4.657688,20:15:00,2024-03-30
202400047553,00:22,Nuit sans éclairage,85,85191,2,1,1,6.0,Rue hubert cailler,46.6731,-1.40968,00:22:00,2024-02-17
202400047554,06:47,Plein jour,89,89206,2,3,1,3.0,23 Rue Robert Petit,47.974521,3.394732,06:47:00,2024-08-21
202400047555,16:00,Plein jour,82,82033,1,1,1,7.0,Route de Montauban,44.03076,1.14972,16:00:00,2024-02-17
202400047556,13:35,Plein jour,75,75101,2,3,1,6.0,QUAI DU LOUVRE,48.858671,2.341621,13:35:00,2024-06-12
202400047557,14:00,Plein jour,44,44184,2,3,1,6.0,64 Boulevard Albert 1er,47.26112,-2.22464,14:00:00,2024-09-24
202400047558,10:45,Plein jour,54,54528,1,4,1,4.0,RD960,48.65214,5.87175,10:45:00,2024-07-13
202400047559,17:38,Plein jour,79,79063,1,1,7,7.0,Unknown,47.049511,-0.34777,17:38:00,2024-03-30
202400047560,23:15,,80,80021,2,1,1,6.0,Rue Jules Barni,49.88967,2.30885,23:15:00,2024-02-17
202400047561,09:25,Plein jour,38,38349,2,2,2,3.0,Rue de la Planche,45.30793,4.80168,09:25:00,2024-08-21
202400047562,00:50,Nuit sans éclairage,80,80021,2,1,1,7.0,Rue du Marché Lanselles,49.89673,2.29784,00:50:00,2024-02-18
202400047563,18:25,Plein jour,44,44109,2,1,1,3.0,Pont des 3 Continents,47.19958,-1.56154,18:25:00,2024-09-24
202400047564,01:30,,75,75102,2,2,1,3.0,RUE REAUMUR,48.86624,2.352508,01:30:00,2024-06-12
202400047565,13:40,Plein jour,29,29302,1,1,1,1.0,route du Beuzit,48.26580764,-4.08299536,13:40:00,2024-03-30
202400047566,23:30,,75,75101,2,1,1,7.0,QUAI FRANCOIS MITTERRAND,48.85977,2.334871,23:30:00,2024-06-11
202400047567,17:00,Plein jour,38,38328,1,1,1,7.0,Route de Clemenciere,45.249588,5.724306,17:00:00,2024-08-20
202400047568,03:00,,77,77255,2,1,1,3.0,ROUTE DEPARTEMENTALE 39,48.50956,2.67909,03:00:00,2024-02-17
202400047569,16:45,Plein jour,26,26113,1,1,8,7.0,D93,44.766465,5.328777,16:45:00,2024-03-30
202400047570,13:45,Plein jour,94,94073,2,2,1,6.0,Avenue Georges Halgoult / Avenue René Panhard,48.7628788,2.40114024,13:45:00,2024-06-12
202400047571,09:35,Plein jour,81,81271,2,1,2,6.0,Avenue Pasteur,43.773275,1.685506,09:35:00,2024-08-14
202400047572,23:11,,77,77037,2,2,1,1.0,SIGRISTE (RUE GUIDO),48.46494,2.69982,23:11:00,2024-02-17
202400047573,19:20,Plein jour,94,94071,2,1,1,1.0,6ter Avenue de Bonneuil,48.76965946,2.51022805,19:20:00,2024-06-12
202400047574,11:00,Plein jour,14,14623,2,2,1,6.0,1 Rue du Clos Saint-Joseph,49.113743,-0.374447,11:00:00,2024-03-31
202400047575,03:30,,45,45208,2,6,1,6.0,Rue du Cimetière,47.99662,2.72703,03:30:00,2024-07-14
202400047576,00:15,Nuit sans éclairage,65,65059,2,4,1,6.0,Avenue du Tourmalet,42.909795,0.169011,00:15:00,2024-08-21
202400047577,04:50,Nuit sans éclairage,77,77186,1,3,1,3.0,D606,48.39662,2.71071,04:50:00,2024-02-17
202400047578,02:45,Nuit sans éclairage,60,60536,1,1,3,6.0,D123,49.3099222,2.69506216,02:45:00,2024-03-30
202400047579,09:16,Plein jour,94,94075,2,1,1,2.0,Rue Traversiere,48.72360804,2.52892014,09:16:00,2024-06-12
202400047580,22:34,,41,41018,2,7,1,1.0,RESISTANCE (PLACE DE LA),47.58613,1.33608,22:34:00,2024-09-23
202400047581,10:30,Plein jour,43,43257,1,1,2,7.0,La Bauche,45.041295,3.744289,10:30:00,2024-03-31
202400047582,23:35,Nuit sans éclairage,44,44109,1,1,1,2.0,Pont de Cheviré,47.19384175,-1.61363035,23:35:00,2024-07-14