Num_Acc,hrmn,lum,dep,com,agg,int,atm,col,adr,lat,long,heure,date
202400047583,17:10,Plein jour,94,94018,2,1,1,3.0,Avenue de Gravelle,48.82475,2.4145,17:10:00,2024-06-12
202400047584,13:00,Plein jour,76,76540,2,1,1,1.0,Quai de la Bourse (Quai bas),49.438416,1.08991,13:00:00,2024-02-17
202400047585,17:45,Plein jour,33,33089,1,1,1,1.0,Unknown,45.16798,-0.570732,17:45:00,2024-08-21
202400047586,08:05,Plein jour,38,38053,2,6,1,2.0,avenue de l'Isle-d'Abeau,45.60725825,5.25365371,08:05:00,2024-08-12
202400047587,16:30,Plein jour,93,93066,2,1,1,6.0,Rue Auguste Delaune,48.936658,2.348032,16:30:00,2024-06-12
202400047588,08:07,Plein jour,69,69266,2,1,1,6.0,Rue Léon Blum,45.75992,4.89698,08:07:00,2024-02-16
202400047589,17:45,Plein jour,37,37195,2,4,1,3.0,SAINT-GENOUPH (ROUTE DE),47.38566,0.64791,17:45:00,2024-07-14
202400047590,14:00,Plein jour,37,37214,2,1,1,6.0,PORTILLON (QUAI),47.40057,0.67879,14:00:00,2024-09-23
202400047591,16:05,Plein jour,44,44172,2,1,1,3.0,175 Rue de la Bougrière,47.262525,-1.475687,16:05:00,2024-08-21
202400047592,05:30,Nuit sans éclairage,16,16230,1,2,1,3.0,D674,45.424101,0.1488706,05:30:00,2024-03-30
202400047593,07:30,Plein jour,93,93066,2,1,1,3.0,Avenue du Président Wilson,48.90711,2.35804,07:30:00,2024-06-12
202400047594,20:30,Plein jour,50,50099,1,1,1,7.0,Route Américaine,49.290944,-1.260756,20:30:00,2024-08-20
202400047595,16:00,Plein jour,35,35238,2,2,1,6.0,METZ (BD DE),48.11461039,-1.65704448,16:00:00,2024-09-24
202400047596,10:00,Plein jour,69,69290,2,1,1,3.0,Rue de la Cité de l'Abbé Pierre,45.69384368,4.93244718,10:00:00,2024-02-17
202400047597,13:05,Plein jour,37,37261,2,2,1,6.0,GRAMMONT (AVENUE DE),47.38716,0.69003,13:05:00,2024-07-14
202400047598,05:40,,69,69276,2,9,1,6.0,Route de Vénissieux,45.68211,4.86823,05:40:00,2024-02-17
202400047599,18:09,Plein jour,93,93066,2,3,1,3.0,Avenue Paul Vaillant-Couturier / Rue des Victimes du Franquisme,48.932681,2.36581,18:09:00,2024-06-10
202400047600,08:00,Plein jour,85,85031,1,1,1,3.0,la guedonnerie,46.79793,-0.91459,08:00:00,2024-03-30
202400047601,23:00,Nuit sans éclairage,29,29247,1,2,1,1.0,Route de la Véronique,47.948895,-3.997034,23:00:00,2024-08-17
202400047602,09:00,Plein jour,35,35238,2,2,2,3.0,BOURGEOIS (BOULEVARD LEON),48.10028,-1.64999,09:00:00,2024-09-24
202400047603,20:00,,68,68376,2,3,1,3.0,Rue Bruat,47.82475,7.33436,20:00:00,2024-02-16
202400047604,11:36,Plein jour,93,93014,2,1,1,3.0,Rue Jean Jaurès,48.91364,2.56393,11:36:00,2024-06-12
202400047605,16:30,Plein jour,27,27051,2,1,1,6.0,Route de Bernay,49.080131,0.770234,16:30:00,2024-03-30
202400047606,03:15,Nuit sans éclairage,60,60446,1,1,1,6.0,N2,49.13397117,2.7980504,03:15:00,2024-08-21
202400047607,21:10,,34,34129,2,1,1,6.0,MONTPELLIER (AVENUE DE),43.56829,3.90381,21:10:00,2024-09-24
202400047608,19:40,,67,67267,2,6,3,3.0,PIERRE PFIMLIN (ALLEE) ,48.555672,7.692959,19:40:00,2024-02-16
202400047609,07:50,Plein jour,93,93046,2,2,1,3.0,Avenue du Consul General Nordling / Avenue Charles de Gaulle,48.91652,2.53172,07:50:00,2024-06-12
202400047610,07:56,Plein jour,60,60612,1,6,1,3.0,Avenue du Général de Gaulle,49.209313,2.609854,07:56:00,2024-08-21
202400047611,14:30,Plein jour,64,64545,2,1,1,3.0,PAUL GELOS (RUE),43.3779,-1.6721,14:30:00,2024-02-17
202400047612,10:40,Plein jour,87,87140,1,1,2,6.0,Route des Séguines,45.896747,0.955456,10:40:00,2024-03-30
202400047613,10:13,Plein jour,92,92075,2,1,1,6.0,PAIX (AVENUE DE LA),48.81541943,2.27706546,10:13:00,2024-06-12
202400047614,13:25,Plein jour,34,34172,2,8,1,3.0,MOULINS (AVENUE DES,43.63048,3.84177,13:25:00,2024-09-23
202400047615,19:45,Nuit sans éclairage,64,64125,2,1,1,1.0,BASSILOUR (RUE),43.43999,-1.56165,19:45:00,2024-02-17
202400047616,14:30,Plein jour,37,37261,2,1,1,3.0,GRAMMONT (AVENUE DE),47.37594,0.69467,14:30:00,2024-07-13
202400047617,07:30,Plein jour,92,92075,2,1,1,7.0,PAIX (AVENUE DE LA),48.81495,2.27806,07:30:00,2024-06-12
202400047618,15:50,Plein jour,10,10084,1,1,1,6.0,A26,48.4052,4.1487,15:50:00,2024-03-30
202400047619,13:10,Plein jour,80,80695,1,1,1,2.0,PK 138+800 Autoroute A1,50.03132418,2.88432956,13:10:00,2024-08-21
202400047620,15:25,Plein jour,64,64122,2,2,1,3.0,ALAN SEEGER (AVENUE),43.45568115,-1.54353082,15:25:00,2024-02-16
202400047621,19:40,Plein jour,92,92073,2,3,1,3.0,PAIX (PLACE DE LA),48.8650223,2.20502967,19:40:00,2024-06-12
202400047622,15:30,Plein jour,34,34172,2,3,1,3.0,TRIOLET (RUE DU),43.624456,3.862811,15:30:00,2024-09-23
202400047623,14:10,Plein jour,37,37261,2,9,1,4.0,SAVONNIERES (ROUTE DE),47.36975324,0.67248005,14:10:00,2024-07-13
202400047624,01:00,,987,98738,2,1,1,6.0,pk 15 au niveau du rond point du méridien,-17.61730013,-149.61434305,01:00:00,2024-03-31
202400047625,17:00,Plein jour,64,64102,2,6,1,3.0,Rond-point de la Pièce Noyée,43.49925,-1.48127,17:00:00,2024-02-17
202400047626,16:50,Plein jour,62,62158,1,4,2,1.0,D112,50.30266,2.257261,16:50:00,2024-08-20
202400047627,00:07,Nuit avec éclairage,35,35238,2,1,1,6.0,SERGENT MAGINOT (AVENUE),48.10986559,-1.66719368,00:07:00,2024-07-15
202400047628,12:00,Plein jour,92,92064,2,2,1,4.0,GENERAL LECLERC,48.8406719,2.20720991,12:00:00,2024-06-12
202400047629,17:15,Plein jour,33,33192,2,3,1,6.0,Unknown,44.77080447,-0.627653,17:15:00,2024-09-24
202400047630,19:00,,62,62193,2,9,1,6.0,Avenue Georges Guynemer,50.95294888,1.89180797,19:00:00,2024-02-17
202400047631,13:20,Plein jour,59,59256,1,1,2,1.0,M145,50.574794,3.11891,13:20:00,2024-08-16
202400047632,16:31,Plein jour,92,92051,2,1,1,2.0,"CHARLES DE GAULLE (AVENUE, N°27 A 129)",48.8821,2.26908,16:31:00,2024-06-12
202400047633,09:30,Plein jour,62,62764,2,1,1,6.0,Résidence Henri Grenier,50.30536472,2.78632951,09:30:00,2024-02-17
202400047634,16:01,Plein jour,33,33063,2,1,1,3.0,Unknown,44.81388,-0.56727,16:01:00,2024-09-24
202400047635,21:45,Crépuscule,35,35238,2,2,1,3.0,MITTERAND (MAIL FRANCOIS),48.10855,-1.69297,21:45:00,2024-07-14
202400047636,08:30,Plein jour,13,13212,1,1,1,3.0,A507 sens Aubagne- Marseille,43.31505,5.42295,08:30:00,2024-08-19
202400047637,19:20,Plein jour,92,92040,2,1,1,6.0,CHARLOT,48.82603281,2.26945907,19:20:00,2024-06-12
202400047638,02:27,,59,59599,2,1,1,6.0,Chaussée Pierre Curie,50.73135,3.18376,02:27:00,2024-02-17
202400047639,14:35,Plein jour,35,35115,2,1,2,2.0,FRANCAIS LIBRES (RUE DES),48.34593667,-1.17935121,14:35:00,2024-07-09
202400047640,19:10,,59,59043,2,1,1,6.0,LOCRE (ROUTE DE),50.74291,2.74019,19:10:00,2024-02-17
202400047641,09:12,Plein jour,33,33063,2,9,2,3.0,Unknown,44.83324,-0.5617,09:12:00,2024-09-24
202400047642,23:50,,92,92024,2,1,1,2.0,VICTOR HUGO (BD),48.90264567,2.3188507,23:50:00,2024-06-11
202400047643,14:15,Plein jour,83,83137,1,1,1,4.0,A57,43.1243264,5.96492815,14:15:00,2024-08-19
202400047644,16:45,Plein jour,92,92007,2,1,1,6.0,BARBUSSE (AVENUE HENRI) N° 1 A 43 ET 2 A,48.80069399,2.31376827,16:45:00,2024-06-12
202400047645,23:10,,51,51454,2,3,1,3.0,SALENGRO (RUE ROGER),49.273466,4.023993,23:10:00,2024-02-17
202400047646,05:00,,33,33522,2,4,2,6.0,Unknown,44.80172519,-0.59376866,05:00:00,2024-09-24
202400047647,20:47,,38,38544,1,1,1,6.0,A7   ,45.54510402,4.83990113,20:47:00,2024-08-17
202400047648,20:45,Crépuscule,34,34172,2,2,1,3.0,EUROPE (AVENUE DE L'),43.63811,3.822501,20:45:00,2024-07-14
202400047649,20:25,Plein jour,92,92004,2,1,2,6.0,PONT D'ASNIERES,48.90482243,2.28796881,20:25:00,2024-06-12
202400047650,23:35,Nuit sans éclairage,49,49267,2,1,1,7.0,Route d'ANGERS,47.46737,-0.50195,23:35:00,2024-02-16
202400047651,00:30,Nuit sans éclairage,67,67482,1,1,1,6.0,M351,48.58377,7.72638,00:30:00,2024-08-17
202400047652,00:05,Nuit sans éclairage,14,14221,1,1,3,7.0,Route de Rouen,49.17306,-0.26892,00:05:00,2024-09-22
202400047653,11:20,Plein jour,34,34129,1,1,1,6.0,D116,43.55926,3.86547,11:20:00,2024-07-14
202400047654,02:27,Nuit sans éclairage,49,49267,2,1,1,2.0,A87N,47.47104,-0.51083,02:27:00,2024-02-18
202400047655,14:35,Plein jour,47,47083,1,1,1,3.0,D250,44.654428,0.687418,14:35:00,2024-06-12
202400047656,09:45,Plein jour,13,13117,1,1,1,5.0,EUROPE ( AVENUE DE L' ),43.43235,5.24794,09:45:00,2024-09-23
202400047657,13:00,Plein jour,49,49246,2,1,1,3.0,PASTEUR,47.41161,-0.52393,13:00:00,2024-02-17
202400047658,15:00,Plein jour,33,33039,2,2,1,3.0,Unknown,44.79002,-0.56416,15:00:00,2024-07-14
202400047659,04:50,Nuit sans éclairage,46,46042,1,1,1,7.0,Route Départementale D820,44.45368,1.41281,04:50:00,2024-02-17
202400047660,15:11,Plein jour,33,33249,1,1,1,4.0,Unknown,44.88745,-0.50584,15:11:00,2024-08-19
202400047661,13:25,Plein jour,68,68058,2,3,1,4.0,D430,47.932971,7.184254,13:25:00,2024-06-12
202400047662,10:10,Plein jour,10,10387,2,3,1,3.0,FORTIER (RUE),48.2972,4.0886,10:10:00,2024-09-23
202400047663,18:30,Crépuscule,45,45285,2,1,1,6.0,Avenue Pierre Mendès France,47.90562,1.8688,18:30:00,2024-02-17
202400047664,15:20,Plein jour,86,86070,2,1,1,6.0,Chemin du Châtaignier,46.577927,0.643097,15:20:00,2024-06-13
202400047665,16:45,Plein jour,45,45075,2,1,1,2.0,D2152 PR 63 + 50,47.893375,1.848656,16:45:00,2024-02-16
202400047666,14:28,Plein jour,33,33003,1,1,1,2.0,Unknown,44.930001,-0.469656,14:28:00,2024-08-19
202400047667,08:30,Plein jour,10,10325,2,1,1,6.0,Rue Jules Ferry,48.25781,4.065,08:30:00,2024-09-23
202400047668,13:50,Plein jour,33,33281,2,1,1,4.0,Unknown,44.81389,-0.68745,13:50:00,2024-07-13
202400047669,16:10,Plein jour,59,59499,1,2,1,3.0,Route d?Ypres,50.933206,2.563816,16:10:00,2024-06-12
202400047670,19:55,,44,44109,2,1,1,6.0,130 Rue Paul Bellamy,47.22799,-1.56143,19:55:00,2024-02-17
202400047671,16:50,Plein jour,44,44162,2,1,1,6.0,50 Boulevard François Mitterrand,47.21922684,-1.64059818,16:50:00,2024-02-17
202400047672,17:08,Plein jour,06,06088,2,2,1,6.0,98 Boulevard Virgile Barel,43.71729,7.29244,17:08:00,2024-09-24
202400047673,07:04,Plein jour,31,31555,2,1,1,2.0,15 LA ROSERAIE (PERIPH EST A61),43.63472923,1.47794008,07:04:00,2024-07-14
202400047674,12:04,Plein jour,33,33143,1,1,1,4.0,Unknown,44.95546244,-0.45311749,12:04:00,2024-08-19
202400047675,17:00,Plein jour,62,62868,1,2,1,3.0,D109,50.354211,2.127795,17:00:00,2024-06-11
202400047676,07:50,,37,37214,2,1,1,3.0,PORTILLON (RUE),47.4025,0.67876,07:50:00,2024-02-17
202400047677,21:17,Plein jour,29,29232,2,6,1,6.0,Rond-Point de Kerustum,47.97943335,-4.0941961,21:17:00,2024-07-14
202400047678,10:31,Plein jour,06,06088,2,1,1,3.0,165 Boulevard Napoleon III,43.6774514,7.2192648,10:31:00,2024-09-24
202400047679,19:00,,35,35055,2,3,1,6.0,BONNIN ANDRE (AVENUE),48.08816231,-1.61777705,19:00:00,2024-02-17
202400047680,19:00,,31,31555,2,9,1,6.0,AV PAUL SEJOURNE,43.60679,1.428247,19:00:00,2024-02-17
202400047681,18:20,Plein jour,91,91235,1,1,3,4.0,RN 104,48.62489,2.363,18:20:00,2024-08-20
202400047682,12:40,Plein jour,27,27554,2,1,1,6.0,D 64,49.09807,1.38169,12:40:00,2024-07-14
202400047683,09:17,Plein jour,06,06088,2,1,3,1.0,36 Boulevard Imperatrice Eugenie,43.692898,7.229538,09:17:00,2024-09-23
202400047684,08:15,Plein jour,83,83021,1,1,1,1.0,D28,43.460325,5.921792,08:15:00,2024-06-13
202400047685,14:30,Plein jour,29,29019,2,1,1,4.0,rue Général Paulet,48.42257538,-4.47700816,14:30:00,2024-02-17
202400047686,17:10,Plein jour,75,75120,2,1,1,2.0,BD PERIPHERIQUE INTERIEUR  ,48.870536,2.413224,17:10:00,2024-09-24
202400047687,09:05,Plein jour,51,51638,1,1,1,1.0,d5 PR 17+051,48.837987,4.141331,09:05:00,2024-06-13
202400047688,16:15,Plein jour,27,27299,2,3,1,3.0,BRIAND (AVENUE ARISTIDE),49.04603,1.16149,16:15:00,2024-02-17
202400047689,14:15,Plein jour,14,14304,1,1,8,7.0,169 Côte Potier,49.37544,0.25637,14:15:00,2024-07-12
202400047690,12:30,Plein jour,91,91161,1,1,1,3.0,AUTOROUTE A6,48.6959697,2.31713891,12:30:00,2024-08-20
202400047691,23:40,Nuit sans éclairage,56,56166,1,6,1,6.0,Giratoire de Manerio,47.927321,-3.356715,23:40:00,2024-06-12
202400047692,16:30,Plein jour,25,25462,2,1,5,6.0,MAIRE (CHARLES),46.91,6.35,16:30:00,2024-02-17
202400047693,07:20,Crépuscule,75,75115,2,1,2,2.0,BD PERIPHERIQUE EXTERIEUR ,48.826087,2.298306,07:20:00,2024-09-24
202400047694,13:34,Plein jour,13,13103,2,1,1,1.0,Rue Jean Giono,43.65027138,5.09765615,13:34:00,2024-07-14
202400047695,08:30,Plein jour,76,76034,2,1,1,3.0,Rue Jean Macé,49.716468,1.107473,08:30:00,2024-06-07
202400047696,15:50,Plein jour,78,78362,1,1,7,2.0,A13,48.97819,1.70979,15:50:00,2024-08-19
202400047697,14:20,Plein jour,25,25462,2,3,1,3.0,BESANCON (DU 72TER A LA FIN),46.91377,6.34619,14:20:00,2024-02-16
202400047698,17:30,Plein jour,75,75119,2,1,2,2.0,BD PERIPHERIQUE INTERIEUR ,48.880227,2.406129,17:30:00,2024-09-23
202400047699,17:00,Plein jour,09,09122,2,1,1,5.0,LECLERC (AVENUE DU GENERAL),42.97058352,1.60805404,17:00:00,2024-07-14
202400047700,01:40,,25,25056,2,1,2,6.0,MAZAGRAN CHEMIN DE,47.227804,6.030443,01:40:00,2024-02-18
202400047701,16:50,Plein jour,93,93064,1,1,1,3.0,AUTOROUTE A86,48.88401889,2.47154067,16:50:00,2024-08-20
202400047702,07:05,Plein jour,2A,2A092,1,1,1,2.0,701 Strada d'a Marina,41.767591,9.406266,07:05:00,2024-06-13
202400047703,16:20,Plein jour,05,05061,2,1,8,2.0,JEAN JAURES ( AVENUE ),44.5511883,6.07017964,16:20:00,2024-11-25
202400047704,08:55,Plein jour,18,18279,2,3,2,3.0,Avenue Henri Brisson,47.22717,2.06137,08:55:00,2024-02-16
202400047705,15:45,Plein jour,06,06069,2,1,1,2.0,169 Route de Draguignan,43.6444246,6.9003857,15:45:00,2024-07-14
202400047706,21:00,,03,03023,2,1,2,6.0,VICHY (AVENUE DE),46.11795,3.41538,21:00:00,2024-12-05
202400047707,12:00,Plein jour,31,31056,2,1,1,3.0,Boulevard de l'Europe,43.66025654,1.36937767,12:00:00,2024-06-11
202400047708,19:00,Nuit avec éclairage,75,75112,2,1,1,4.0,BD PERIPHERIQUE INTERIEUR ,48.844941,2.414035,19:00:00,2024-09-22
202400047709,11:30,Plein jour,13,13207,2,1,1,3.0,ENDOUME (RUE D'),43.28582,5.36017,11:30:00,2024-02-16
202400047710,06:25,Plein jour,95,95277,1,1,1,2.0,A3,48.96893169,2.47975723,06:25:00,2024-08-20
202400047711,09:30,Plein jour,65,65099,1,1,1,3.0,D618,42.867008,0.399333,09:30:00,2024-06-13
202400047712,15:49,Plein jour,03,03185,2,2,1,6.0,TROUBAT ( AVENUE PIERRE ),46.34505,2.61771,15:49:00,2024-12-04
202400047713,14:30,Plein jour,06,06030,2,1,1,2.0,1134 Avenue du Campon,43.57276,7.01282,14:30:00,2024-07-13
202400047714,19:37,Crépuscule,06,06088,2,1,1,6.0,12 Boulevard Henri Sappia,43.73196,7.25406,19:37:00,2024-02-17
202400047715,20:55,,94,94073,1,1,2,3.0,A86,48.76993898,2.38113352,20:55:00,2024-08-20
202400047716,18:00,Plein jour,81,81080,1,2,1,3.0,Route de Gaillac,44.02271916,1.94028854,18:00:00,2024-06-12
202400047717,05:30,,75,75115,2,4,2,2.0,BD PERIPHERIQUE EXTERIEUR,48.83480719,2.27403063,05:30:00,2024-09-22
202400047718,14:39,Plein jour,06,06088,2,1,1,6.0,Avenue Saint-Augustin,43.677,7.226,14:39:00,2024-02-17
202400047719,06:25,Crépuscule,75,75119,2,1,1,2.0,BD PERIPHERIQUE EXTERIEUR,48.900577,2.388861,06:25:00,2024-07-14
202400047720,15:45,Plein jour,75,75112,2,1,1,2.0,QUAI DE BERCY,48.835491,2.379606,15:45:00,2024-12-04
202400047721,12:30,Plein jour,63,63273,2,6,1,2.0,d212,45.730019,3.228226,12:30:00,2024-06-12
202400047722,18:20,Crépuscule,04,04112,2,1,1,3.0,POMPIDOU (AV.GEORGES),43.82449,5.78439,18:20:00,2024-02-17
202400047723,17:00,Plein jour,94,94033,1,1,2,2.0,A86,48.85106447,2.49004498,17:00:00,2024-08-20
202400047724,20:20,,75,75117,2,1,1,3.0,BD PERIPHERIQUE INTERIEUR,48.898614,2.316055,20:20:00,2024-02-16
202400047725,09:39,Plein jour,75,75118,2,4,2,3.0,RUE CAULAINCOURT,48.884648,2.329673,09:39:00,2024-09-24
202400047726,23:35,,75,75113,2,1,1,5.0,QUAI D IVRY,48.822909,2.38139,23:35:00,2024-07-13
202400047727,08:28,Plein jour,75,75113,2,1,2,6.0,RUE DE TOLBIAC,48.82692,2.365839,08:28:00,2024-12-05
202400047728,09:15,Plein jour,94,94074,1,1,1,2.0,N406,48.76893701,2.45045185,09:15:00,2024-08-19
202400047729,16:40,Plein jour,12,12025,1,3,1,2.0,RD32 lieu dit buffières,43.86249,2.751635,16:40:00,2024-06-12
202400047730,03:30,Nuit sans éclairage,75,75117,2,1,1,7.0,PORTE MAILLOT,48.88098516,2.28183568,03:30:00,2024-02-16
202400047731,18:30,,75,75120,2,1,2,2.0,RUE DE MENILMONTANT,48.867418,2.384547,18:30:00,2024-12-05
202400047732,00:05,,75,75113,2,1,1,3.0,BD PERIPHERIQUE INTERIEUR,48.826635,2.388995,00:05:00,2024-07-14
202400047733,16:35,Plein jour,75,75119,2,1,1,3.0,BOULEVARD DE LA VILLETTE,48.884411,2.365812,16:35:00,2024-02-17
202400047734,08:21,Plein jour,46,46339,1,4,1,3.0,Impasse de la Bombe,44.8218118,1.88036084,08:21:00,2024-06-13
202400047735,16:50,Plein jour,75,75117,2,4,1,3.0,RUE GUY MOQUET,48.892879,2.327,16:50:00,2024-09-24
202400047736,18:00,Plein jour,76,76575,2,6,2,3.0,Rue des Coquelicots,49.39109,1.09938,18:00:00,2024-05-31
202400047737,21:05,,57,57672,2,3,1,6.0,GENERAL DE CASTELNAU (RUE DU),49.35288,6.16103,21:05:00,2024-10-26
202400047738,15:32,Plein jour,75,75119,2,1,2,6.0,RUE DE LA MARSEILLAISE,48.888516,2.397939,15:32:00,2024-12-05
202400047739,00:25,,75,75119,2,7,1,7.0,AVENUE MATHURIN MOREAU,48.878059,2.370835,00:25:00,2024-02-17
202400047740,20:25,Plein jour,47,47038,1,1,1,3.0,RD 666 lieu dit pesquier,44.332383,0.381689,20:25:00,2024-06-12
202400047741,09:45,Plein jour,75,75117,2,3,1,3.0,AVENUE DE LA PORTE DE SAINT OUEN,48.889541,2.326322,09:45:00,2024-07-14
202400047742,10:30,Plein jour,75,75117,2,7,2,3.0,PLACE DU MARECHAL JUIN,48.885305,2.296903,10:30:00,2024-12-05
202400047743,17:50,Plein jour,17,17299,1,1,1,2.0,R.D.733BIS,45.958752,-0.976737,17:50:00,2024-06-05
202400047744,18:00,Plein jour,57,57306,2,1,1,6.0,VERDUN (RUE DE),49.3272,6.05615,18:00:00,2024-10-26
202400047745,17:30,Plein jour,75,75116,2,5,2,2.0,RUE D AUTEUIL,48.848162,2.259893,17:30:00,2024-09-24
202400047746,14:30,Plein jour,75,75116,2,1,8,6.0,ROUTE DE LA MUETTE A NEUILLY,48.86568,2.265405,14:30:00,2024-07-14
202400047747,23:20,Nuit sans éclairage,86,86281,1,2,1,3.0,D757,46.702785,0.299548,23:20:00,2024-06-12
202400047748,13:40,Plein jour,75,75115,2,2,8,3.0,BOULEVARD GENERAL MARTIAL VALIN,48.837062,2.274453,13:40:00,2024-12-05
202400047749,12:20,Plein jour,75,75117,2,3,1,3.0,BOULEVARD PEREIRE,48.883953,2.295007,12:20:00,2024-02-17
202400047750,13:56,Plein jour,54,54578,2,3,1,1.0,Boulevard Valtriche,48.65543,6.11309,13:56:00,2024-10-28
202400047751,09:30,Plein jour,973,97302,2,2,1,3.0,BARTHELEMY (RENE),4.93463,-52.33069,09:30:00,2024-08-18
202400047752,16:56,Plein jour,25,25510,1,1,1,5.0,D67,47.280677,5.803116,16:56:00,2024-06-12
202400047753,16:00,Plein jour,75,75116,2,3,1,2.0,AVENUE HENRI MARTIN,48.863059,2.269821,16:00:00,2024-09-19
202400047754,04:10,,75,75116,2,3,1,3.0,AVENUE DU PRESIDENT KENNEDY,48.8529,2.281018,04:10:00,2024-07-14
202400047755,21:50,,75,75108,2,7,1,2.0,COURS ALBERT 1ER,48.864383,2.301801,21:50:00,2024-02-17
202400047756,12:15,Plein jour,75,75115,2,1,2,2.0,RUE LECOURBE,48.838251,2.288117,12:15:00,2024-12-05
202400047757,13:35,Plein jour,973,97302,2,1,1,3.0,TROUBIRAN (CHEMIN DE),4.91619,-52.30979,13:35:00,2024-08-17
202400047758,16:20,Plein jour,29,29177,1,3,1,6.0,Treoulan,48.46665893,-4.7275923,16:20:00,2024-06-12
202400047759,18:00,Nuit sans éclairage,54,54051,1,1,8,1.0,D13F,49.18758,5.98063,18:00:00,2024-10-29
202400047760,14:05,Plein jour,75,75116,2,3,1,6.0,AVENUE BUGEAUD,48.871331,2.277687,14:05:00,2024-09-24
202400047761,09:15,Plein jour,75,75115,2,1,1,3.0,QUAI D ISSY LES MOULINEAUX,48.838661,2.269379,09:15:00,2024-07-14
202400047762,08:45,Plein jour,75,75115,2,1,1,6.0,BOULEVARD DE GRENELLE,48.853554,2.289888,08:45:00,2024-12-04
202400047763,17:24,Plein jour,29,29037,1,1,1,2.0,Route de Pont l?Abbe,47.883945,-4.166184,17:24:00,2024-06-12
202400047764,01:40,,971,97120,2,1,1,6.0,MARINA (ZONE COMMERCIALE),16.22083,-61.52713,01:40:00,2024-08-19
202400047765,09:15,Plein jour,54,54263,2,1,1,6.0,Avenue de la République,49.21948,6.00416,09:15:00,2024-10-29
202400047766,00:01,,75,75115,2,2,1,3.0,RUE DE L ABBE GROULT,48.83718,2.300152,00:01:00,2024-02-17
202400047767,17:10,,75,75114,2,2,1,2.0,RUE DES PLANTES,48.831628,2.324415,17:10:00,2024-12-04
202400047768,17:25,Plein jour,75,75115,2,3,8,6.0,RUE DE VAUGIRARD,48.844572,2.318376,17:25:00,2024-09-24
202400047769,10:00,Plein jour,03,03258,1,1,1,6.0,D520,46.18145,3.370131,10:00:00,2024-06-13
202400047770,14:35,Plein jour,75,75110,2,7,1,2.0,PLACE DU COLONEL FABIEN,48.877676,2.37008035,14:35:00,2024-07-14
202400047771,19:25,,971,97101,1,1,1,6.0,LES SYLPHIDES,16.24934,-61.53275,19:25:00,2024-08-17
202400047772,20:40,,94,94015,2,5,1,2.0,Rue de la République / Avenue de Rigny,48.837343,2.51844,20:40:00,2024-02-17
202400047773,09:50,Plein jour,75,75113,2,3,2,3.0,RUE DU VAL DE MARNE,48.816031,2.345999,09:50:00,2024-12-05
202400047774,17:00,Plein jour,01,01357,1,1,1,1.0,D55,46.187288,5.737962,17:00:00,2024-06-13
202400047775,15:43,Plein jour,75,75107,2,1,1,3.0,QUAI ANATOLE FRANCE,48.862124,2.320794,15:43:00,2024-07-14
202400047776,11:25,Plein jour,51,51454,2,3,1,3.0,LAON (AVENUE) DU N°343 AU 469 ET DU N° 3,49.27583,4.01724,11:25:00,2024-10-29
202400047777,00:01,,95,95074,2,1,1,3.0,D922,49.02370388,1.99951898,00:01:00,2024-08-19
202400047778,09:35,Plein jour,75,75115,2,5,1,3.0,BOULEVARD PASTEUR,48.84044082,2.31510293,09:35:00,2024-09-24
202400047779,19:50,,94,94077,2,3,1,3.0,Avenue du 8 Mai 1945 / Rue Lamartine,48.728784,2.406158,19:50:00,2024-02-17
202400047780,08:30,Crépuscule,75,75113,2,1,2,6.0,AVENUE DE LA PORTE D ITALIE,48.81862,2.35976,08:30:00,2024-12-05
202400047781,10:00,Plein jour,75,75107,2,1,3,7.0,QUAI BRANLY,48.858,2.292,10:00:00,2024-09-24
202400047782,07:50,Plein jour,49,49267,1,1,8,3.0,HARDOUINIERES CHEMIN,47.47792,-0.49081,07:50:00,2024-10-28
202400047783,17:25,Crépuscule,94,94059,2,1,1,2.0,avenue clément ader,48.80273,2.57303,17:25:00,2024-02-17
202400047784,18:40,Plein jour,94,94052,2,2,1,3.0,Rue Charles VII,48.835839,2.488612,18:40:00,2024-07-14
202400047785,16:00,Plein jour,72,72300,2,1,1,4.0,Rue de Paris,48.029973,0.376099,16:00:00,2024-04-15
202400047786,13:50,Plein jour,75,75111,2,4,2,6.0,BOULEVARD RICHARD LENOIR,48.855463,2.370499,13:50:00,2024-12-05
202400047787,22:28,,87,87085,2,3,1,3.0,DUMAS (AVENUE GEORGES),45.82615272,1.26734197,22:28:00,2024-08-18
202400047788,14:15,Plein jour,75,75114,2,3,2,6.0,RUE FROIDEVAUX,48.835971,2.327599,14:15:00,2024-09-23
202400047789,21:48,,87,87085,2,1,1,6.0,LECLERC (AVENUE DU GENERAL),45.84688,1.26109,21:48:00,2024-08-16
202400047790,18:20,,47,47027,2,9,1,6.0,BORDEAUX (avenue de),44.40326,0.67651,18:20:00,2024-10-28
202400047791,18:30,Plein jour,94,94037,2,1,1,2.0,115 Avenue Paul Vaillant-couturier,48.81660301,2.33623263,18:30:00,2024-07-14
202400047792,14:00,Plein jour,75,75110,2,2,2,6.0,BOULEVARD DE LA CHAPELLE,48.884301,2.36152,14:00:00,2024-12-05
202400047793,05:26,,94,94070,2,2,1,3.0,Route de Paris / Route de Mandres,48.71983918,2.56630853,05:26:00,2024-02-17
202400047794,16:24,Plein jour,07,07013,1,1,1,6.0,D221,45.19291387,4.75588266,16:24:00,2024-06-12