Num_Acc,hrmn,lum,dep,com,agg,int,atm,col,adr,lat,long,heure,date
202400047795,22:00,,94,94018,2,1,1,6.0,13 Quai des Carrieres,48.81666,2.41667,22:00:00,2024-07-14
202400047796,12:30,Plein jour,42,42207,2,5,1,6.0,Rue du Pilat,45.47405285,4.51311529,12:30:00,2024-10-29
202400047797,07:42,,75,75110,2,2,2,6.0,RUE DU FAUBOURG SAINT MARTIN,48.881105,2.365135,07:42:00,2024-12-05
202400047798,18:38,Plein jour,87,87085,2,3,1,3.0,FOCH (RUE DU MARECHAL),45.847,1.23385,18:38:00,2024-08-16
202400047799,07:15,,75,75105,2,3,2,3.0,BOULEVARD DE PORT ROYAL,48.838259,2.34206,07:15:00,2024-09-24
202400047800,17:25,Plein jour,07,07010,2,1,1,6.0,31 Rue du Quebec,45.250842,4.681098,17:25:00,2024-06-13
202400047801,13:05,Plein jour,94,94071,2,3,1,6.0,Rue Charlotte et Roger Bouchard / Rue des Fontaines,48.77269,2.515648,13:05:00,2024-02-17
202400047802,18:50,Plein jour,93,93059,2,1,1,6.0,Avenue Lénine,48.96224,2.35918,18:50:00,2024-07-14
202400047803,18:50,,38,38185,2,1,1,6.0,Avenue Marie Reynoard,45.16125,5.72848,18:50:00,2024-10-29
202400047804,18:20,,75,75108,2,2,2,3.0,RUE ROYALE,48.86837,2.32329,18:20:00,2024-12-05
202400047805,17:00,Plein jour,07,07010,1,1,1,7.0,D121,45.236459,4.640994,17:00:00,2024-06-13
202400047806,12:01,,93,93031,2,1,1,7.0,Unknown,48.94774,2.34407,12:01:00,2024-02-17
202400047807,11:35,Plein jour,75,75112,2,3,9,3.0,QUAI DE LA RAPEE,48.846493,2.366948,11:35:00,2024-09-24
202400047808,20:34,Plein jour,93,93066,2,1,1,6.0,SAULES (ALLEE DES ),48.944848,2.380686,20:34:00,2024-07-14
202400047809,15:50,Plein jour,34,34172,2,1,1,6.0,BON ACCUEIL (ALLEE DE),43.62816,3.87084,15:50:00,2024-10-29
202400047810,19:05,,94,94015,2,7,2,3.0,Avenue Etienne de Silhouette,48.844304,2.525932,19:05:00,2024-12-05
202400047811,13:56,Plein jour,84,84035,2,1,1,5.0,PONT (AVENUE DU),43.830023,5.036855,13:56:00,2024-08-19
202400047812,10:20,Plein jour,07,07010,1,1,1,6.0,D121,45.23687262,4.61958766,10:20:00,2024-06-13
202400047813,16:50,Plein jour,34,34172,2,1,8,6.0,RECATOUS (RUE DES),43.61538,3.91669,16:50:00,2024-10-28
202400047814,22:40,,93,93070,2,3,1,3.0,Boulevard Jean Jaurès / Rue du Docteur Léonce Basset,48.91463118,2.33708382,22:40:00,2024-02-16
202400047815,06:00,Crépuscule,93,93077,2,1,1,6.0,GANTE (RUE BERNARD) JUSQU'AU 135 et 150,48.89033,2.50158,06:00:00,2024-07-14
202400047816,19:10,,94,94018,2,1,1,3.0,195 Rue de Paris,48.828851,2.40221,19:10:00,2024-12-04
202400047817,13:30,Plein jour,75,75111,2,4,8,6.0,PLACE DE LA REPUBLIQUE,48.866488,2.364754,13:30:00,2024-09-24
202400047818,12:00,Plein jour,93,93066,2,3,1,6.0,Rue Gabriel Péri / Rue Jules Joffrin,48.937169,2.356114,12:00:00,2024-02-17
202400047819,12:15,Plein jour,81,81004,2,3,1,3.0,THOMAS (AV ALBERT),43.9420645,2.1494501,12:15:00,2024-08-19
202400047820,02:00,Nuit avec éclairage,21,21150,1,6,1,6.0,D974BIS,46.923967,4.737972,02:00:00,2024-06-13
202400047821,16:30,Crépuscule,33,33167,2,2,1,6.0,Unknown,44.83005,-0.52744,16:30:00,2024-10-29
202400047822,16:40,Plein jour,93,93001,2,1,1,6.0,VICTOR HUGO (AVE)  131 A 165,48.90950425,2.37843847,16:40:00,2024-07-14
202400047823,10:45,Plein jour,94,94028,2,3,2,3.0,Rue des Mèches,48.79272,2.45924,10:45:00,2024-12-05
202400047824,17:40,Plein jour,75,75108,2,3,2,3.0,BOULEVARD HAUSSMANN,48.87520551,2.31435406,17:40:00,2024-09-23
202400047825,02:30,,80,80021,2,2,1,3.0,Avenue de Londres,49.88599,2.32528,02:30:00,2024-08-18
202400047826,12:15,Plein jour,92,92064,2,3,1,3.0,REPUBLIQUE,48.85805983,2.21104503,12:15:00,2024-07-14
202400047827,00:50,,93,93066,2,2,1,3.0,Avenue de Stalingrad / Rue Guynemer,48.945416,2.36347,00:50:00,2024-02-17
202400047828,16:55,Crépuscule,94,94041,2,1,2,3.0,Avenue de l’Industrie,48.81743,2.40262,16:55:00,2024-12-05
202400047829,12:05,Plein jour,33,33063,2,2,1,3.0,Unknown,44.84332,-0.57024,12:05:00,2024-10-29
202400047830,12:06,Plein jour,17,17084,1,2,1,1.0,Route de la Foy,45.497138,-0.65517,12:06:00,2024-06-08
202400047831,07:50,Crépuscule,94,94041,2,1,2,6.0,Avenue de l’Industrie,48.81301828,2.40514684,07:50:00,2024-12-05
202400047832,15:00,Plein jour,93,93055,2,2,1,6.0,Rue Victor Hugo / Rue Etienne Marcel,48.89472,2.40378,15:00:00,2024-02-17
202400047833,10:30,Plein jour,30,30160,1,1,1,3.0,Unknown,44.010619,4.146137,10:30:00,2024-06-13
202400047834,05:45,Plein jour,92,92044,2,2,1,3.0,ARISTIDE BRIAND(RUE)1A49 ET 2A52,48.89212523,2.28769523,05:45:00,2024-07-14
202400047835,00:42,,80,80001,2,3,1,3.0,REPUBLIQUE (de la),50.113779,1.827475,00:42:00,2024-08-18
202400047836,17:20,Crépuscule,30,30028,1,1,1,3.0,PONT SAINT ESPRIT (ROUTE DE),44.18286,4.62062,17:20:00,2024-10-28
202400047837,20:45,,75,75108,2,3,2,3.0,AVENUE MONTAIGNE,48.865675,2.303457,20:45:00,2024-09-23
202400047838,08:43,Plein jour,94,94073,2,1,1,3.0,Avenue de Fontainebleau,48.76301475,2.36845911,08:43:00,2024-12-04
202400047839,19:15,,93,93005,2,1,1,1.0,Rue Louise Michel,48.931775,2.498873,19:15:00,2024-02-17
202400047840,20:52,Plein jour,92,92024,2,1,1,3.0,GENERAL LECLERC (BD DU) DE (61 A 9),48.90350448,2.31254303,20:52:00,2024-07-14
202400047841,05:10,Crépuscule,73,73278,1,1,1,2.0,A43 PR 152+700,45.375272,6.281884,05:10:00,2024-06-12
202400047842,19:15,,94,94022,2,9,2,3.0,Avenue Victor Hugo,48.769293,2.422377,19:15:00,2024-12-05
202400047843,11:00,Plein jour,92,92076,2,1,7,2.0,REPUBLIQUE,48.83723,2.15145,11:00:00,2024-02-17
202400047844,16:45,Plein jour,30,30007,2,2,1,3.0,ROUSSEAU (RUE JEAN-JACQUES),44.12576,4.09,16:45:00,2024-10-29
202400047845,01:15,,92,92023,2,1,1,6.0,MARGUERITE RENAUDIN (AV) N°23 A 187 ET 2,48.81065917,2.27593482,01:15:00,2024-07-14
202400047846,14:45,Plein jour,75,75107,2,2,1,1.0,RUE SAINT DOMINIQUE,48.859965,2.314844,14:45:00,2024-09-23
202400047847,20:35,Plein jour,77,77284,2,2,1,3.0,BRIAND (RUE ARISTIDE),48.956271,2.891096,20:35:00,2024-08-10
202400047848,18:59,,92,92036,2,1,1,6.0,JEAN GRANDEL (PLACE),48.93280642,2.29665844,18:59:00,2024-02-17
202400047849,08:45,Plein jour,93,93070,2,1,8,3.0,MICHELET(AV):N°1AU 103,48.90558054,2.34419686,08:45:00,2024-12-04
202400047850,16:35,Plein jour,29,29232,2,2,1,1.0,Avenue Pierre Mendes-France,47.975257,-4.127914,16:35:00,2024-10-29
202400047851,13:50,Plein jour,92,92004,2,9,1,6.0,OLYMPE DE GOUGES (RUE),48.91841226,2.31818877,13:50:00,2024-02-17
202400047852,11:20,Plein jour,987,98724,1,1,2,7.0,Tefarerii,-16.782458,-150.958371,11:20:00,2024-06-12
202400047853,08:21,Plein jour,94,94046,2,1,2,6.0,Avenue du Général de Gaulle,48.80758,2.42519,08:21:00,2024-09-24
202400047854,08:50,Plein jour,93,93070,2,1,2,1.0,VICTOR-HUGO (BD),48.90903,2.32922,08:50:00,2024-12-05
202400047855,11:30,Plein jour,92,92004,2,3,1,3.0,HENRI POINCARE,48.9315,2.28066,11:30:00,2024-07-14
202400047856,10:20,Plein jour,71,71486,2,6,1,3.0,MAX DORMOY (AVENUE),46.64494,4.32123,10:20:00,2024-08-19
202400047857,23:30,Nuit sans éclairage,973,97353,2,1,1,6.0,Route de Sophie,3.646826,-54.027974,23:30:00,2024-02-17
202400047858,18:25,,28,28085,2,1,1,1.0,Boulevard Adelphe Chasles,48.44216,1.48882,18:25:00,2024-10-28
202400047859,07:15,Plein jour,976,97608,1,1,2,2.0,Route Nationale 4,-12.792593,45.27071,07:15:00,2024-06-11
202400047860,18:00,,93,93064,2,9,2,6.0,LAVOISIER (RUE),48.86270559,2.495538,18:00:00,2024-11-19
202400047861,06:30,Plein jour,971,97129,1,1,1,7.0,Morne Rouge,16.30362,-61.657289,06:30:00,2024-06-09
202400047862,11:25,Plein jour,43,43038,1,1,1,1.0,D17,45.35541753,3.30964284,11:25:00,2024-02-18
202400047863,16:40,Plein jour,94,94028,2,9,2,3.0,Rue de Paris,48.793624,2.460947,16:40:00,2024-09-23
202400047864,15:40,Plein jour,76,76499,2,2,1,6.0,Rue du Vieux Port,49.461815,0.581468,15:40:00,2024-07-13
202400047865,09:00,Crépuscule,93,93010,2,9,3,6.0,PASTEUR (AV.),48.90546878,2.48659866,09:00:00,2024-12-05
202400047866,17:30,Plein jour,71,71270,2,3,1,3.0,LYON (RUE DE),46.29908,4.82447,17:30:00,2024-08-19
202400047867,16:45,Plein jour,25,25056,2,2,1,6.0,CHURCHILL BD WINSTON,47.24914,6.00248,16:45:00,2024-10-29
202400047868,08:00,Plein jour,83,83047,1,3,1,3.0,RD 98,43.131612,6.055407,08:00:00,2024-06-12
202400047869,16:40,Plein jour,22,22278,2,1,2,6.0,MER (BD DE LA),48.52102,-2.7439,16:40:00,2024-10-29
202400047870,15:25,Plein jour,24,24294,2,1,1,2.0,Avenue Georges Pompidou,45.00759571,0.14504313,15:25:00,2024-07-12
202400047871,19:25,,92,92064,2,1,2,3.0,CARNOT,48.84225312,2.22249091,19:25:00,2024-12-05
202400047872,15:55,Plein jour,43,43110,1,3,1,6.0,Route de Brioude,45.31026474,3.4191209,15:55:00,2024-02-18
202400047873,01:15,Nuit sans éclairage,67,67365,2,1,1,7.0,ILE DES PECHEURS (RUE DE L),48.54859,7.7235,01:15:00,2024-08-19
202400047874,21:52,,94,94017,2,3,2,3.0,Rue Maurice Denis,48.817317,2.49109,21:52:00,2024-09-24
202400047875,09:10,Plein jour,76,76413,1,1,1,6.0,Départementale 154,49.859511,1.159519,09:10:00,2024-02-17
202400047876,07:40,Plein jour,83,83047,1,3,1,1.0,Chemin Long,43.13163,6.055296,07:40:00,2024-06-13
202400047877,16:00,Plein jour,14,14118,2,2,7,6.0,1 Avenue Charlemagne,49.18107,-0.40118,16:00:00,2024-10-28
202400047878,23:16,,33,33287,2,1,1,1.0,Unknown,44.567549,0.032358,23:16:00,2024-07-02
202400047879,05:52,,64,64024,2,1,1,3.0,BAB (Boulevard),43.49783,-1.49529,05:52:00,2024-08-19
202400047880,14:30,Plein jour,93,93078,2,1,2,2.0,BALLANGER (BD ROBERT),48.9596,2.55153,14:30:00,2024-09-24
202400047881,17:15,Plein jour,83,83127,1,1,1,7.0,D2,43.28122,5.824213,17:15:00,2024-06-11
202400047882,17:30,Plein jour,13,13215,2,1,1,6.0,LE CHATELIER,43.34700136,5.36786896,17:30:00,2024-10-29
202400047883,16:20,Crépuscule,92,92064,2,3,2,3.0,CAMP CANADIEN,48.85289853,2.20587552,16:20:00,2024-12-05
202400047884,12:40,Plein jour,62,62239,1,1,1,3.0,Chemin des Veuves,50.92732356,1.80129111,12:40:00,2024-08-19
202400047885,17:54,Plein jour,31,31547,1,2,1,1.0,Route de Saint Lys,43.504274,1.248214,17:54:00,2024-07-12
202400047886,08:10,,92,92048,2,1,2,6.0,GEORGES MILLANDY (RUE),48.78474494,2.23115981,08:10:00,2024-12-05
202400047887,17:20,Plein jour,03,03102,1,9,1,1.0,D15,46.553036,3.692232,17:20:00,2024-06-12
202400047888,09:30,Plein jour,93,93066,2,1,8,3.0,FRANCE ANATOLE (BOULEVARD) NR AUTRES,48.9222451,2.3468097,09:30:00,2024-09-24
202400047889,20:15,,13,13206,2,3,1,3.0,PIERRE PUGET (COURS),43.29022,5.37585,20:15:00,2024-10-28
202400047890,10:00,Plein jour,51,51298,1,1,1,7.0,Route Departementale d18,48.973231,3.733678,10:00:00,2024-07-15
202400047891,19:42,,92,92044,2,1,2,2.0,PDTWILSOO(RUE)151A159 ET 146A170,48.90021608,2.28343025,19:42:00,2024-12-05
202400047892,20:45,Plein jour,62,62119,2,3,1,3.0,D937,50.51429197,2.64856741,20:45:00,2024-08-17
202400047893,18:10,Plein jour,42,42175,1,3,1,3.0,Route de Civens,45.786907,4.241897,18:10:00,2024-06-13
202400047894,08:10,Plein jour,972,97231,1,1,1,3.0,Route départementale 7,14.529044,-61.015601,08:10:00,2024-07-06
202400047895,22:24,,93,93064,2,1,1,1.0,QUATRIEME ZOUAVES (RUE DU),48.87255,2.47688,22:24:00,2024-09-12
202400047896,08:50,Crépuscule,92,92044,2,2,1,3.0,ARISTIDE BRIAND(RUE)85 +  ET  98+,48.89441243,2.2929731,08:50:00,2024-11-29
202400047897,01:20,,59,59512,2,1,1,6.0,Rue de l'Espierre,50.7066,3.18104,01:20:00,2024-08-20
202400047898,20:36,Plein jour,38,38320,2,2,7,6.0,Rue des Buissières,45.817455,5.398823,20:36:00,2024-06-11
202400047899,13:30,Plein jour,13,13204,2,1,1,2.0,FRANCOISE DUPARC (BOULEVARD),43.30313,5.40065,13:30:00,2024-10-28
202400047900,02:00,Nuit sans éclairage,46,46063,1,1,1,7.0,Lieu dit thezels,44.274198,1.310291,02:00:00,2024-07-13
202400047901,23:00,Nuit sans éclairage,92,92024,2,3,1,3.0,CLICHY (QUAI DE) DE (8 A 60),48.90751906,2.29793966,23:00:00,2024-12-03
202400047902,16:25,Plein jour,92,92046,2,1,2,2.0,RAYMOND DAVID,48.81923436,2.29463048,16:25:00,2024-09-23
202400047903,00:08,,58,58194,2,3,2,6.0,PIERRE EMILE GASPARD,46.98643,3.15139,00:08:00,2024-08-18
202400047904,07:15,Crépuscule,49,49023,2,6,1,3.0,D762,47.146326,-1.064279,07:15:00,2024-06-12
202400047905,11:47,Plein jour,12,12202,2,4,1,6.0,LOUIS LACOMBE (AVENUE),44.34819844,2.5727579,11:47:00,2024-10-20
202400047906,08:25,Plein jour,974,97414,1,6,7,3.0,D3,-21.257286,55.439005,08:25:00,2024-07-14
202400047907,08:45,Plein jour,92,92023,2,3,2,2.0,MOULIN DE PIERRE (RUE DU),48.808937,2.26627126,08:45:00,2024-12-05
202400047908,06:30,Crépuscule,92,92073,2,9,2,7.0,BAS ROGERS (RUE DES),48.88103485,2.2269427,06:30:00,2024-09-24
202400047909,15:10,Plein jour,14,14206,1,1,8,7.0,Route des Grands Prés,48.888776,-0.060017,15:10:00,2024-06-13
202400047910,09:03,Plein jour,57,57597,2,3,7,3.0,CD9,49.2559,6.066666,09:03:00,2024-08-16
202400047911,17:10,,92,92048,2,9,2,6.0,PARIS (RUE DE) N° 101 A 109,48.80865378,2.23864406,17:10:00,2024-12-05
202400047912,16:46,Plein jour,12,12202,2,4,1,3.0,DE LATTRE DE TASSIGNY (BOULEVARD),44.34485,2.56634,16:46:00,2024-10-15
202400047913,18:50,Plein jour,92,92064,2,1,2,3.0,DAILLY,48.84429,2.22041,18:50:00,2024-09-24
202400047914,20:18,Crépuscule,14,14281,1,1,1,6.0,N13,49.326784,-0.88063,20:18:00,2024-07-14
202400047915,18:05,,92,92012,2,1,1,6.0,GENERAL LECLERC (AVENUE DU) 1/33 - 2/58,48.83298644,2.24131376,18:05:00,2024-12-04
202400047916,21:56,Nuit sans éclairage,56,56121,2,6,1,6.0,Boulevard Emmanuel Svob,47.75161,-3.36943,21:56:00,2024-08-16
202400047917,12:55,Plein jour,14,14663,1,2,7,3.0,Route d'Arromanches,49.298931,-0.686168,12:55:00,2024-06-11
202400047918,11:55,Plein jour,12,12174,2,3,1,3.0,MOULINE (AVENUE DES HAUTS DE LA),44.34136,2.56478,11:55:00,2024-10-13
202400047919,14:37,Plein jour,50,50129,2,1,1,6.0,SALENGRO (RUE ROGER),49.62699,-1.64295,14:37:00,2024-08-17
202400047920,18:15,Plein jour,92,92050,2,1,1,6.0,LENINE VLADIMIR ILITCH AVENUE,48.88811209,2.19134934,18:15:00,2024-09-23
202400047921,17:58,Plein jour,35,35360,1,1,1,3.0,les chauffetieres,48.140432,-1.207209,17:58:00,2024-06-12
202400047922,11:25,Plein jour,92,92002,2,1,2,3.0,MAURICE LABROUSSE (RUE),48.75448871,2.29881909,11:25:00,2024-12-05
202400047923,10:30,Plein jour,974,97413,2,1,1,1.0,209 D13,-21.215775,55.317305,10:30:00,2024-07-14
202400047924,08:00,Plein jour,27,27412,1,1,1,1.0,D81,49.218648,1.105692,08:00:00,2024-06-13
202400047925,04:09,,31,31157,2,1,1,6.0,100 Route de Toulouse,43.548008,1.350482,04:09:00,2024-07-14
202400047926,18:50,,11,11069,2,1,1,3.0,Unknown,43.208,2.31,18:50:00,2024-10-29
202400047927,18:00,Nuit sans éclairage,37,37077,1,1,3,5.0,D34,47.356938,0.443101,18:00:00,2024-12-05
202400047928,19:55,Plein jour,49,49099,2,4,1,3.0,FOCH (AVENUE DU MARECHAL),47.06171,-0.88564,19:55:00,2024-08-15
202400047929,17:45,Plein jour,60,60346,2,1,1,3.0,Chaussée de Bertinval,49.151261,2.429057,17:45:00,2024-06-12
202400047930,18:00,Plein jour,95,95612,2,1,1,3.0,ECOLES (RUE DES),48.99641,2.477446,18:00:00,2024-07-13
202400047931,08:15,Plein jour,92,92026,2,1,2,6.0,VERDUN (DE 62 A FIN),48.90285554,2.25834712,08:15:00,2024-09-24
202400047932,22:55,,49,49099,2,6,1,7.0,PLACE DE LA MUNICIPALITE REGIONALE  DU C,47.066885,-0.842707,22:55:00,2024-08-09
202400047933,12:00,Plein jour,10,10387,2,1,1,6.0,Rue aux Moines,48.30845,4.0871,12:00:00,2024-10-28
202400047934,20:35,Nuit sans éclairage,22,22190,1,1,1,1.0,D166,48.514856,-2.045345,20:35:00,2024-12-05
202400047935,12:40,Plein jour,33,33090,1,1,1,2.0,Unknown,44.774352,-0.652505,12:40:00,2024-06-12
202400047936,12:05,Plein jour,56,56166,1,1,1,7.0,Le Guerveur,47.936069,-3.367406,12:05:00,2024-07-15
202400047937,18:30,Crépuscule,92,92024,2,1,2,6.0,GUSTAVE EIFFEL (RUE),48.90284319,2.29115009,18:30:00,2024-09-24
202400047938,15:39,Plein jour,10,10387,2,6,1,3.0,THENARD (RUE),48.26856,4.08617,15:39:00,2024-10-28
202400047939,16:00,Plein jour,49,49007,2,4,1,3.0,SAINT MICHEL BOULEVARD,47.47379,-0.53833,16:00:00,2024-08-18
202400047940,07:25,Plein jour,33,33249,1,1,1,3.0,Unknown,44.87548,-0.50799,07:25:00,2024-06-12
202400047941,20:25,Plein jour,76,76520,1,1,1,6.0,D407,49.869055,1.606858,20:25:00,2024-07-14
202400047942,16:00,Plein jour,43,43251,1,1,1,7.0,Espace Richard Sainct - Camp d'Eycenac,45.00994317,3.86553204,16:00:00,2024-08-15
202400047943,07:55,Plein jour,05,05061,2,2,1,3.0,EMILE ZOLA ( COURS ),44.5531,6.07372,07:55:00,2024-09-17
202400047944,12:55,Plein jour,33,33281,1,1,1,2.0,Unknown,44.81497,-0.672791,12:55:00,2024-06-11
202400047945,07:20,Crépuscule,11,11203,1,1,1,2.0,D6113 PK 18+000,43.205684,2.791182,07:20:00,2024-12-05
202400047946,04:00,,2B,2B050,2,1,1,7.0,Rue Clemenceau,42.567332,8.758799,04:00:00,2024-07-13
202400047947,23:25,,92,92024,2,6,2,3.0,ASNIERES (PONT D'),48.90343856,2.2896992,23:25:00,2024-09-21
202400047948,14:45,Plein jour,36,36159,1,1,1,6.0,Avenue de la Forêt,46.75717495,1.72159662,14:45:00,2024-08-19
202400047949,17:10,Plein jour,75,75115,2,1,1,3.0,BD PERIPHERIQUE EXTERIEUR,48.828966,2.288562,17:10:00,2024-10-29
202400047950,10:50,Plein jour,51,51030,2,6,1,6.0,Route de l’Ecluse,49.055501,3.997226,10:50:00,2024-12-03
202400047951,15:45,Plein jour,91,91363,1,4,1,5.0,AUTOROUTE A10,48.59336217,2.04539993,15:45:00,2024-06-12
202400047952,06:40,,92,92012,2,1,2,2.0,EDOUARD VAILLANT (AVENUE) 57/FIN - 58/FI,48.83493914,2.24787846,06:40:00,2024-09-24
202400047953,05:45,Crépuscule,35,35278,1,1,1,3.0,RN 136,48.14253,-1.65129,05:45:00,2024-08-19
202400047954,09:00,Plein jour,75,75118,2,1,1,3.0,BD PERIPHERIQUE INTERIEUR,48.900954,2.346667,09:00:00,2024-10-29
202400047955,16:20,Crépuscule,59,59384,2,7,2,1.0,Place Verte,50.13482624,3.76729599,16:20:00,2024-12-05
202400047956,16:10,Plein jour,77,77251,1,1,1,6.0,AUTOROUTE A5A,48.611382,2.571999,16:10:00,2024-06-12
202400047957,17:27,Plein jour,65,65385,1,1,1,1.0,D26,43.038176,0.40224,17:27:00,2024-07-15
202400047958,18:45,Plein jour,33,33069,2,1,1,1.0,Unknown,44.86309,-0.60855,18:45:00,2024-08-19
202400047959,19:00,,75,75114,2,1,1,3.0,BD PERIPHERIQUE EXTERIEUR,48.823425,2.310274,19:00:00,2024-10-28
202400047960,07:45,Crépuscule,40,40075,1,1,1,2.0,A63 PK 16+000 sens Espagne - France,43.883378,-1.131266,07:45:00,2024-09-13
202400047961,06:00,Plein jour,91,91521,1,1,1,3.0,AUTOROUTE A6,48.63739,2.39809,06:00:00,2024-06-12
202400047962,17:37,,82,82134,1,1,1,1.0,Route de Montricoux,44.07258446,1.53852332,17:37:00,2024-12-04
202400047963,16:20,Plein jour,33,33236,1,1,1,1.0,Unknown,44.726733,-1.199091,16:20:00,2024-07-14
202400047964,16:30,Plein jour,75,75113,2,1,1,2.0,BD PERIPHERIQUE INTERIEUR,48.816114,2.362523,16:30:00,2024-10-28
202400047965,08:09,Crépuscule,24,24540,1,1,1,6.0,4149 AVENUE DE LIMOGES 24420,45.26522015,0.85699821,08:09:00,2024-09-25
202400047966,00:50,Nuit sans éclairage,65,65461,1,1,2,6.0,départementale 632,43.301587,0.347797,00:50:00,2024-12-06
202400047967,15:30,Plein jour,33,33167,2,3,1,3.0,Unknown,44.825651,-0.535967,15:30:00,2024-08-19
202400047968,06:15,Plein jour,92,92062,1,1,1,4.0,A14,48.89302103,2.2348168,06:15:00,2024-06-12
202400047969,11:30,Plein jour,63,63034,1,3,1,2.0,RD2089 / Route de Courcourt,45.80565787,3.31675027,11:30:00,2024-07-15
202400047970,14:00,Plein jour,60,60152,1,2,2,6.0,Hameau de Froyères,49.400515,2.616034,14:00:00,2024-09-24
202400047971,07:30,,75,75119,2,2,1,6.0,AVENUE JEAN JAURES,48.886117,2.38308,07:30:00,2024-10-29
202400047972,08:02,Plein jour,69,69088,2,1,2,6.0,Montée Roy,45.822568,4.861976,08:02:00,2024-12-06
202400047973,18:20,Plein jour,92,92063,1,1,1,3.0,A86,48.8888888,2.16803002,18:20:00,2024-06-11
202400047974,12:05,Plein jour,33,33529,1,1,1,3.0,Unknown,44.6147955,-1.1439799,12:05:00,2024-08-19
202400047975,21:00,Plein jour,49,49308,2,1,1,7.0,Chemin de la cartonnière,47.377164,-0.499985,21:00:00,2024-07-14
202400047976,18:00,,75,75118,2,3,1,6.0,RUE ORDENER,48.890274,2.35833,18:00:00,2024-10-29
202400047977,16:55,Plein jour,31,31044,2,1,1,6.0,3 Avenue Victor Hugo,43.606115,1.492301,16:55:00,2024-09-25
202400047978,18:30,Nuit sans éclairage,11,11084,1,9,1,1.0,Unknown,43.212211,2.25024,18:30:00,2024-11-30
202400047979,16:05,Plein jour,92,92064,1,1,1,3.0,A13,48.83850309,2.19236004,16:05:00,2024-06-10
202400047980,14:10,Plein jour,22,22256,1,1,1,7.0,Moulin de Kerlouët,48.685811,-3.090044,14:10:00,2024-07-15
202400047981,11:45,Plein jour,71,71543,2,1,7,6.0,2 Avenue du Clos Mouron,46.569578,4.904258,11:45:00,2024-12-04
202400047982,12:50,Plein jour,30,30007,2,1,1,2.0,JUIN (AVE DU MARECHAL),44.1187,4.10881,12:50:00,2024-08-19
202400047983,20:20,Plein jour,95,95018,1,1,1,1.0,A15,48.9496723,2.2802208,20:20:00,2024-06-12
202400047984,18:30,,75,75117,2,2,1,3.0,AVENUE DE CLICHY,48.88911,2.322681,18:30:00,2024-10-28
202400047985,09:15,Plein jour,39,39189,1,1,1,2.0,Unknown,47.076998,5.432149,09:15:00,2024-07-15
202400047986,12:45,Plein jour,974,97422,2,3,1,3.0,Chemin Neuf,-21.248377,55.518816,12:45:00,2024-09-25
202400047987,18:10,Plein jour,29,29232,2,1,1,6.0,Rd 365 - Avenue du Morbihan,47.97857884,-4.04786871,18:10:00,2024-08-18
202400047988,10:10,Plein jour,95,95241,1,1,1,2.0,N104,49.04560195,2.44966673,10:10:00,2024-06-12
202400047989,16:45,Plein jour,75,75114,2,3,1,7.0,BOULEVARD JOURDAN,48.822686,2.327972,16:45:00,2024-10-28
202400047990,17:15,Plein jour,25,25228,2,9,1,1.0,Avenue Oehmichen,47.518139,6.879956,17:15:00,2024-07-15
202400047991,08:08,Crépuscule,71,71543,2,3,1,3.0,Avenue de la Résistance,46.56604,4.901525,08:08:00,2024-12-06
202400047992,15:10,Plein jour,62,62866,2,1,1,2.0,D143,50.381539,1.652096,15:10:00,2024-09-24
202400047993,18:30,Plein jour,15,15014,2,6,1,3.0,Giratoire Garric Tronquières,44.90397,2.42669,18:30:00,2024-08-06
202400047994,21:42,,75,75109,2,1,1,2.0,RUE DU FAUBOURG MONTMARTRE,48.872012,2.343186,21:42:00,2024-10-28
202400047995,16:40,Plein jour,84,84031,2,4,1,1.0,SAINTE FAMILLE CHEMIN DE LA,44.04374,5.04594,16:40:00,2024-02-28
202400047996,18:15,Plein jour,25,25601,1,1,1,1.0,D19,47.182144,6.418376,18:15:00,2024-07-09
202400047997,23:30,,63,63050,2,1,1,6.0,Route de Megecoste,45.40157871,3.32834764,23:30:00,2024-12-04
202400047998,23:40,Nuit sans éclairage,13,13039,1,1,1,2.0,ROUTE NATIONALE 569,43.46236476,4.92229387,23:40:00,2024-08-18
202400047999,20:20,,84,84031,1,6,1,7.0,MONTEUX CHEMIN DE,44.04496,5.02868,20:20:00,2024-02-21
202400048000,14:00,Plein jour,75,75108,2,1,1,6.0,AVENUE DES CHAMPS ELYSEES,48.871709,2.301846,14:00:00,2024-10-29
202400048001,19:50,Plein jour,25,25105,1,8,1,7.0,D12,47.101887,5.841449,19:50:00,2024-07-14
202400048002,17:00,Plein jour,63,63178,1,1,1,4.0,A75 -diff 13 - bretelle sortie sens 1 vers Issoire,45.54303798,3.266716,17:00:00,2024-09-23
202400048003,22:45,Nuit sans éclairage,61,61096,1,1,2,1.0,D848,48.533842,-0.459961,22:45:00,2024-10-26
202400048004,03:50,,13,13209,2,2,1,3.0,MICHELET (BOULEVARD),43.2632197,5.39658766,03:50:00,2024-08-19
202400048005,16:35,Plein jour,75,75101,2,2,1,6.0,BOULEVARD DU PALAIS,48.85618,2.346544,16:35:00,2024-10-29
202400048006,21:30,Nuit sans éclairage,25,25119,1,1,1,2.0,D70,47.257723,5.916814,21:30:00,2024-07-14
202400048007,16:30,Plein jour,84,84036,2,3,1,3.0,route de saint saturnin les avignon,43.9278,4.948976,16:30:00,2024-02-17