Num_Acc,hrmn,lum,dep,com,agg,int,atm,col,adr,lat,long,heure,date
202400048008,07:05,,61,61145,2,1,1,6.0,5 Rue de la République,48.591716,-0.646016,07:05:00,2024-12-06
202400048009,10:11,Plein jour,29,29206,1,1,1,7.0,Départementale 29,48.6371339,-4.2147476,10:11:00,2024-07-14
202400048010,19:00,Plein jour,83,83092,2,2,1,3.0,Chemin du Carry,43.304643,6.234393,19:00:00,2024-09-22
202400048011,02:00,Nuit sans éclairage,84,84138,1,1,6,1.0,D941,44.388864,4.970049,02:00:00,2024-02-17
202400048012,00:52,,75,75103,2,2,1,1.0,BOULEVARD DE SEBASTOPOL,48.864461,2.351577,00:52:00,2024-10-29
202400048013,07:07,Nuit sans éclairage,55,55492,1,1,1,7.0,D903,49.131015,5.454969,07:07:00,2024-12-06
202400048014,19:50,Plein jour,13,13203,2,1,1,1.0,CARAVELLE (RUE),43.31738,5.37117,19:50:00,2024-08-18
202400048015,13:50,Plein jour,31,31042,2,1,1,6.0,66 Allees d'Etigny,42.78577821,0.59388667,13:50:00,2024-07-15
202400048016,19:30,Nuit sans éclairage,51,51333,1,1,2,6.0,D33,49.17790812,4.09409214,19:30:00,2024-09-24
202400048017,14:15,Plein jour,75,75101,2,3,1,6.0,QUAI DES TUILERIES,48.860946,2.330101,14:15:00,2024-10-28
202400048018,09:50,Plein jour,55,55528,1,1,1,2.0,D908,48.88103555,5.66107265,09:50:00,2024-12-06
202400048019,10:45,Plein jour,84,84031,2,3,1,3.0,HUGO AVENUE VICTOR,44.0472,5.04814,10:45:00,2024-02-02
202400048020,07:20,Crépuscule,38,38249,2,1,7,6.0,628 Rue General de Gaulle,45.22641,5.802707,07:20:00,2024-07-15
202400048021,15:40,Plein jour,13,13216,2,1,1,2.0,LITTORAL (CHEMIN DU),43.35384,5.32999,15:40:00,2024-08-18
202400048022,09:35,Plein jour,75,75102,2,2,1,3.0,BOULEVARD DE BONNE NOUVELLE,48.869654,2.352614,09:35:00,2024-10-28
202400048023,06:10,Nuit sans éclairage,74,74272,2,4,1,7.0,Route d'Epagny,45.942817,6.060719,06:10:00,2024-03-31
202400048024,18:00,Crépuscule,80,80754,1,1,3,1.0,Place de la Mairie,49.82654,1.941746,18:00:00,2024-09-25
202400048025,16:50,Crépuscule,42,42267,1,2,2,1.0,Route de Charlieu,46.154389,4.150214,16:50:00,2024-12-05
202400048026,08:10,Plein jour,02,02504,2,9,1,3.0,Rue Paul Demoulin,49.734778,3.263521,08:10:00,2024-07-15
202400048027,11:50,Plein jour,76,76423,1,1,1,7.0,route de Haussez,49.571106,1.663681,11:50:00,2024-05-11
202400048028,14:22,Plein jour,47,47203,2,1,1,2.0,Route du Lacay,44.39987,0.83141,14:22:00,2024-12-05
202400048029,18:05,Plein jour,11,11069,1,1,1,6.0,Unknown,43.18759,2.40278,18:05:00,2024-08-18
202400048030,05:50,,94,94081,2,9,1,3.0,Boulevard de Stalingrad,48.79857,2.38196,05:50:00,2024-10-29
202400048031,12:00,Plein jour,03,03233,1,4,1,1.0,lieu dit Peuplat,46.256322,2.620186,12:00:00,2024-07-14
202400048032,21:00,Nuit sans éclairage,41,41280,1,1,1,6.0,A85,47.32046727,1.77305057,21:00:00,2024-09-24
202400048033,16:30,Plein jour,67,67482,2,1,1,3.0,ELFTERRAIN (RUE DE L ),48.58393,7.7144,16:30:00,2024-04-12
202400048034,02:45,Nuit avec éclairage,06,06088,1,1,1,6.0,31 Voie Pierre Mathis ,43.70523,7.26005,02:45:00,2024-08-18
202400048035,00:05,Nuit sans éclairage,03,03156,1,1,1,7.0,Zone Industrielle le Tureau,46.593449,3.509434,00:05:00,2024-07-14
202400048036,18:45,Nuit sans éclairage,29,29090,1,1,5,1.0,Pont du Ry,48.09230356,-4.29563064,18:45:00,2024-12-05
202400048037,14:30,Plein jour,71,71353,1,1,1,7.0,330 Chemin du Revermy,46.532577,4.876994,14:30:00,2024-09-25
202400048038,15:35,Plein jour,94,94046,2,9,1,3.0,Avenue du Général de Gaulle,48.81549,2.42041,15:35:00,2024-10-29
202400048039,08:00,Plein jour,03,03002,1,1,1,6.0,Rétifs,46.617927,3.18125,08:00:00,2024-07-15
202400048040,16:18,Plein jour,19,19031,2,1,1,4.0,MENDES FRANCE (AVENUE PIERRE),45.14348131,1.47169161,16:18:00,2024-03-30
202400048041,14:23,Plein jour,75,75101,2,3,1,1.0,RUE DU LOUVRE,48.863108,2.341953,14:23:00,2024-08-14
202400048042,16:20,Plein jour,25,25036,2,1,1,1.0,Rue du Halage,47.198352,5.96004,16:20:00,2024-09-21
202400048043,06:15,,94,94077,2,1,1,3.0,Avenue de la Carelle,48.734376,2.430455,06:15:00,2024-10-29
202400048044,07:45,Crépuscule,03,03072,1,1,8,5.0,D40,46.460632,2.517527,07:45:00,2024-12-06
202400048045,17:50,Plein jour,01,01389,1,1,1,1.0,D27,46.068899,4.868252,17:50:00,2024-07-14
202400048046,06:45,Plein jour,974,97416,1,1,1,3.0,LIGNE PARADIS(ROUTE DE LA),-21.30894,55.46859,06:45:00,2024-06-11
202400048047,11:45,Plein jour,94,94017,2,1,1,3.0,Avenue Roger Salengro,48.81852131,2.49135375,11:45:00,2024-10-29
202400048048,19:50,Plein jour,75,75105,2,4,1,3.0,RUE MONGE,48.839741,2.351174,19:50:00,2024-08-19
202400048049,07:00,Nuit sans éclairage,44,44129,1,3,2,3.0,Unknown,47.417159,-2.09097,07:00:00,2024-09-25
202400048050,17:05,Plein jour,58,58267,1,1,8,3.0,D34,47.118442,3.514949,17:05:00,2024-07-15
202400048051,18:05,Nuit sans éclairage,974,97411,2,1,1,6.0,DORET 1 (BOULEVARD),-20.88952,55.4614,18:05:00,2024-06-11
202400048052,18:45,,01,01369,2,3,1,3.0,Rue de l’Ecole,46.191964,5.282755,18:45:00,2024-11-19
202400048053,13:10,Plein jour,93,93071,2,2,1,1.0,ANDRE TOUTAIN (AVENUE),48.94471,2.5252,13:10:00,2024-10-29
202400048054,11:50,Plein jour,34,34192,1,1,1,7.0,D62e2,43.541468,3.95981,11:50:00,2024-09-25
202400048055,20:00,Plein jour,75,75119,2,2,1,3.0,AVENUE DE FLANDRE,48.888391,2.37416,20:00:00,2024-08-19
202400048056,06:00,,974,97411,2,4,1,7.0,LANCASTEL (BOULEVARD),-20.88615,55.48311,06:00:00,2024-06-10
202400048057,17:00,Plein jour,72,72165,2,9,1,3.0,Rue de Montfort,48.078452,0.417947,17:00:00,2024-07-14
202400048058,16:35,Plein jour,58,58303,2,9,1,3.0,Rue des Grands Jardins,47.000199,3.134344,16:35:00,2024-12-02
202400048059,09:30,Plein jour,29,29105,2,1,1,7.0,Boulevard de la République,48.50472277,-4.07588102,09:30:00,2024-09-24
202400048060,09:15,Plein jour,75,75119,2,1,1,1.0,RUE DE BELLEVILLE,48.876509,2.404298,09:15:00,2024-08-19
202400048061,11:20,Plein jour,93,93055,2,1,8,2.0,QUARTIER AUBERVILLIERS,48.90607,2.39467,11:20:00,2024-10-28
202400048062,15:54,Plein jour,974,97410,2,1,1,6.0,LECONTE DE LISLE(RUE),-21.03518,55.710331,15:54:00,2024-06-11
202400048063,13:30,Plein jour,90,90065,1,9,1,6.0,Route du Ballon d?Alsace,47.768345,6.826948,13:30:00,2024-07-14
202400048064,16:30,Plein jour,72,72295,1,6,1,3.0,Rue Bellemare,48.35297777,0.35455763,16:30:00,2024-12-05
202400048065,22:35,Nuit sans éclairage,29,29133,2,1,8,6.0,Route de Plestin,48.68796261,-3.6526026,22:35:00,2024-09-22
202400048066,12:28,Plein jour,973,97302,2,1,2,6.0,REPUBLIQUE (BD DE LA),4.93767,-52.32466,12:28:00,2024-06-11
202400048067,09:00,Plein jour,75,75116,2,7,1,3.0,Place du Maréchal de Lattre de Tassigny,48.871568,2.27414,09:00:00,2024-08-19
202400048068,16:50,,93,93048,2,1,1,3.0,PAUL VAILLANT COUTURIER (BOULEVARD),48.86613976,2.44452938,16:50:00,2024-10-29
202400048069,18:55,Plein jour,18,18047,2,2,1,6.0,Le Champ de Foire,47.362752,2.436025,18:55:00,2024-07-15
202400048070,06:00,Nuit sans éclairage,29,29302,2,1,1,6.0,rue Albert Louppe,48.283244,-4.109667,06:00:00,2024-09-21
202400048071,12:55,Plein jour,73,73212,2,3,1,3.0,D1006 - Grande rue,45.543994,6.300359,12:55:00,2024-11-03
202400048072,09:05,Plein jour,973,97302,2,1,2,6.0,BADUEL (ROUTE DE),4.9364,-52.3142,09:05:00,2024-06-11
202400048073,14:31,Plein jour,93,93055,2,1,1,3.0,JEAN JAURES (AVENUE) (76/128),48.90398717,2.39253841,14:31:00,2024-10-29
202400048074,09:00,Plein jour,18,18018,2,2,1,7.0,Rue Maurice Bourbon,47.030841,2.652831,09:00:00,2024-07-12
202400048075,13:05,Plein jour,75,75113,2,2,1,2.0,QUAI PANHARD ET LEVASSOR,48.832236,2.379831,13:05:00,2024-08-19
202400048076,08:17,Plein jour,29,29061,2,6,1,3.0,rue Gaston Planté,48.42853611,-4.46120024,08:17:00,2024-09-20
202400048077,16:30,Plein jour,07,07292,1,1,1,7.0,Route des Monts du Vivarais,45.156561,4.695024,16:30:00,2024-07-14
202400048078,15:30,Plein jour,18,18057,1,1,7,3.0,Route de Segondet,46.547705,2.224493,15:30:00,2024-12-04
202400048079,12:05,Plein jour,69,69388,2,2,1,3.0,Rue Rochambeau,45.73117658,4.86856684,12:05:00,2024-06-11
202400048080,18:30,Crépuscule,93,93079,2,3,1,6.0,SAINT LEU (ROUTE),48.95277169,2.33742163,18:30:00,2024-10-28
202400048081,09:02,Plein jour,07,07184,1,1,2,6.0,route départementale 2,44.771386,4.599066,09:02:00,2024-12-06
202400048082,02:00,Nuit sans éclairage,53,53137,1,1,1,6.0,D57,48.0733854,-0.9659037,02:00:00,2024-07-11
202400048083,16:05,Plein jour,01,01152,1,1,2,6.0,Échallon,46.209685,5.731988,16:05:00,2024-09-24
202400048084,14:00,Plein jour,94,94068,2,2,1,3.0,Avenue de Verdun,48.80261,2.51159,14:00:00,2024-08-18
202400048085,18:00,Nuit sans éclairage,85,85277,1,1,2,6.0,Route des Moutiers,46.517584,-1.416389,18:00:00,2024-12-06
202400048086,11:08,Plein jour,87,87064,1,1,1,7.0,RC 16,45.723461,1.756783,11:08:00,2024-07-15
202400048087,16:45,Plein jour,972,97213,2,6,1,3.0,AUTOROUTE A1,14.61829,-61.02177,16:45:00,2024-06-11
202400048088,05:45,,93,93047,2,2,1,3.0,GENERAL DE GAULLE (RUE DU),48.89937,2.5595,05:45:00,2024-10-29
202400048089,13:45,Plein jour,30,30062,2,1,1,7.0,D137,43.782357,4.207528,13:45:00,2024-07-15
202400048090,23:40,Nuit sans éclairage,85,85135,2,1,1,6.0,43 Rue de la boulaye,46.532744,-1.215701,23:40:00,2024-12-03
202400048091,18:30,Plein jour,93,93078,2,1,1,2.0,CLEMENCEAU (AVENUE GEORGES),48.96077,2.55632,18:30:00,2024-08-19
202400048092,13:05,Plein jour,972,97209,1,1,1,6.0,SAINT JOHN PERSE (AVENUE),14.60684,-61.07939,13:05:00,2024-06-11
202400048093,10:05,Plein jour,83,83056,1,1,1,5.0,D562,43.55879825,6.52605244,10:05:00,2024-09-25
202400048094,14:15,Plein jour,48,48010,1,1,1,6.0,"D26, lieu-dit Briges",44.776519,3.747153,14:15:00,2024-07-14
202400048095,08:40,Plein jour,93,93066,2,9,1,6.0,Avenue Lénine,48.94037894,2.36779305,08:40:00,2024-08-19
202400048096,16:30,Crépuscule,48,48178,1,9,1,2.0,SOULATGES,44.268551,3.867499,16:30:00,2024-12-05
202400048097,20:50,,93,93047,2,2,1,2.0,GENERAL DE GAULLE (RUE DU),48.89937,2.5595,20:50:00,2024-10-28
202400048098,09:40,Plein jour,972,97209,1,1,1,3.0,CARRIERE (RUE DE LA),14.59756,-61.04712,09:40:00,2024-06-11
202400048099,18:00,Plein jour,07,07010,1,1,2,1.0,D878,45.22788,4.675305,18:00:00,2024-09-24
202400048100,17:34,Nuit sans éclairage,35,35032,2,6,2,3.0,1 Allée de Belle Ile,47.99549455,-1.62146375,17:34:00,2024-12-05
202400048101,08:20,Plein jour,93,93001,2,1,1,3.0,VICTOR HUGO (AVE)  => N° 129,48.914,2.381,08:20:00,2024-10-29
202400048102,18:45,Plein jour,93,93077,2,2,1,3.0,Rue Poussin / Rue Rene et Pierre Charton,48.88617637,2.50697923,18:45:00,2024-08-18
202400048103,12:20,Plein jour,972,97209,2,1,1,3.0,BISHOP (Avenue Maurice),14.61179,-61.05385,12:20:00,2024-06-10
202400048104,23:25,Nuit sans éclairage,49,49283,1,1,1,6.0,D723,47.413046,-0.752542,23:25:00,2024-07-14
202400048105,15:30,Plein jour,73,73089,1,1,1,2.0,A43,45.53719647,6.13305486,15:30:00,2024-12-06
202400048106,15:10,Plein jour,92,92051,2,1,1,3.0,MAURICE BARRES (BOULEVARD),48.87896135,2.27017969,15:10:00,2024-10-29
202400048107,13:49,Plein jour,53,53013,1,1,2,1.0,La Corblaie,48.35857531,-0.21675296,13:49:00,2024-09-24
202400048108,20:40,Plein jour,93,93051,2,3,1,3.0,Rue du Docteur Sureau / Rue des Mastraits,48.84729178,2.54844993,20:40:00,2024-08-18
202400048109,14:05,Plein jour,69,69389,2,3,1,6.0,10 Rue du 24 Mars 1852,45.78048,4.80557,14:05:00,2024-06-11
202400048110,10:35,Plein jour,64,64545,1,1,8,5.0,A63,43.34455,-1.723016,10:35:00,2024-07-12
202400048111,14:00,Plein jour,93,93031,2,1,1,3.0,Avenue Galliéni,48.963993,2.29827385,14:00:00,2024-08-19
202400048112,09:15,Plein jour,69,69034,2,1,1,3.0,100 Avenue Général Leclerc,45.807,4.86845,09:15:00,2024-06-11
202400048113,08:20,Plein jour,92,92050,2,3,5,3.0,SAULES RUE DES,48.9098436,2.21562725,08:20:00,2024-10-28
202400048114,14:15,Plein jour,53,53269,1,1,3,1.0,22 Route Nationale 12,48.308821,-0.790699,14:15:00,2024-09-25
202400048115,17:45,Nuit sans éclairage,69,69173,1,1,1,2.0,Autoroute 89,45.87292895,4.54773756,17:45:00,2024-12-05
202400048116,09:20,Plein jour,976,97616,1,1,1,6.0,Tahiti plage,-12.86719,45.114498,09:20:00,2024-07-12
202400048117,11:30,Plein jour,92,92033,2,1,1,6.0,SURESNES,48.84726,2.19737,11:30:00,2024-08-19
202400048118,16:10,Plein jour,24,24354,1,1,1,6.0,D730,45.12041621,0.06465465,16:10:00,2024-09-24
202400048119,14:46,Plein jour,92,92044,2,2,8,3.0,BAUDIN (RUE) 27A83 ET 36 A84,48.89893862,2.2877077,14:46:00,2024-10-29
202400048120,09:33,Plein jour,971,97113,1,3,1,2.0,PONT DE POUCET,16.21798,-61.50427,09:33:00,2024-06-11
202400048121,18:30,Nuit sans éclairage,64,64300,1,1,1,5.0,a64 pk 78.600,43.4250693,-0.61653853,18:30:00,2024-11-19
202400048122,14:23,Plein jour,92,92051,2,2,1,3.0,RICHARD WALLACE (BOULEVARD),48.87623949,2.24641353,14:23:00,2024-08-19
202400048123,17:50,Plein jour,38,38401,1,1,1,4.0,A43,45.56089,5.436666,17:50:00,2024-07-14
202400048124,08:35,Plein jour,971,97113,1,1,1,7.0,SECTION TOMBEAU,16.22756,-61.47865,08:35:00,2024-06-10
202400048125,14:00,Plein jour,85,85008,1,3,3,3.0,RD12,46.565499,-1.467104,14:00:00,2024-09-25
202400048126,17:22,Crépuscule,92,92040,2,6,1,2.0,VICTOR HUGO (ROND-POINT),48.82791956,2.27404431,17:22:00,2024-10-29
202400048127,19:30,,973,97311,2,1,3,3.0,830 avenue Christophe Colomb,5.48687121,-54.03412557,19:30:00,2024-07-14
202400048128,14:15,Plein jour,60,60232,1,1,1,2.0,"RD 929, Pk 36.800",49.582685,2.50661,14:15:00,2024-08-19
202400048129,09:02,Plein jour,2A,2A004,1,1,1,1.0,T20,41.94316,8.81034,09:02:00,2024-06-11
202400048130,18:10,Crépuscule,92,92036,2,1,1,3.0,GRESILLONS (AVENUE DES) (141/215),48.91979203,2.31401268,18:10:00,2024-10-29
202400048131,18:19,,973,97307,1,3,1,3.0,route nationale 1,4.892337,-52.348456,18:19:00,2024-09-17
202400048132,14:30,Plein jour,971,97106,1,1,8,1.0,Rue Valerius Paulimius,16.122341,-61.773564,14:30:00,2024-07-13
202400048133,07:20,,51,51378,2,1,1,6.0,Rue du Montauban,48.988986,3.931003,07:20:00,2024-12-06
202400048134,18:15,Plein jour,95,95607,2,1,1,6.0,SAINT-PRIX (RUE DE),49.0203863,2.20083833,18:15:00,2024-06-11
202400048135,14:15,Plein jour,987,98714,1,1,1,7.0,"quartier revatua, faanui",-16.48637,-151.743174,14:15:00,2024-12-05
202400048136,19:30,,92,92026,2,3,1,3.0,COLOMBES,48.90395042,2.25598007,19:30:00,2024-10-29
202400048137,16:20,Plein jour,01,01389,1,1,1,1.0,RD 936,46.082072,4.908915,16:20:00,2024-09-24
202400048138,17:30,Plein jour,47,47225,1,3,1,3.0,D656 / D292,44.154669,0.551054,17:30:00,2024-08-13
202400048139,09:27,Plein jour,91,91570,2,9,1,6.0,PUTTLINGEN (PLACE),48.63627,2.31941,09:27:00,2024-06-11
202400048140,11:15,Plein jour,78,78089,2,3,1,6.0,Avenue de la République,49.037798,1.586993,11:15:00,2024-07-15
202400048141,14:45,Plein jour,65,65226,1,1,1,2.0,a64,43.221518,-0.003262,14:45:00,2024-09-19
202400048142,21:15,Nuit sans éclairage,971,97116,1,1,1,1.0,N5,16.316041,-61.480865,21:15:00,2024-12-05
202400048143,19:30,Plein jour,66,66129,2,1,1,1.0,Rue des Ecoles,42.579739,2.928063,19:30:00,2024-07-14
202400048144,20:40,Plein jour,91,91645,2,1,1,3.0,GEORGES POMPIDOU (AVENUE),48.75273,2.27715,20:40:00,2024-06-11
202400048145,18:50,Plein jour,14,14211,2,3,1,1.0,1109 Rue du Pont,48.953487,-0.505067,18:50:00,2024-08-19
202400048146,18:35,,978,97801,2,1,1,3.0,R DE LA REPUBLIQUE,18.06908,-63.085545,18:35:00,2024-12-04
202400048147,11:00,Plein jour,26,26295,1,1,1,7.0,Route de Saint Vallier,45.179163,4.840803,11:00:00,2024-08-19
202400048148,15:00,Plein jour,67,67309,2,5,1,2.0,6 Route de Brumath,48.635709,7.727578,15:00:00,2024-09-14
202400048149,16:47,Plein jour,92,92025,2,2,1,6.0,SOLFERINO (RUE   AV),48.92994143,2.26044148,16:47:00,2024-10-29
202400048150,18:01,Plein jour,91,91421,2,1,1,1.0,CHARLES DE GAULLE (AVENUE),48.695,2.45229,18:01:00,2024-06-11
202400048151,17:00,Plein jour,06,06154,2,1,1,6.0,Route Departementale 2,43.793712,6.679001,17:00:00,2024-07-14
202400048152,01:30,Nuit sans éclairage,977,97701,2,5,1,3.0,R ADRIEN QUESTEL,17.895376,-62.848296,01:30:00,2024-12-06
202400048153,16:30,Plein jour,48,48128,1,1,1,2.0,PK126+200 sens sud nord,44.780068,3.289783,16:30:00,2024-08-19
202400048154,21:35,Nuit avec éclairage,84,84087,2,3,1,3.0,MAZEAU (RUE),44.13592,4.8085,21:35:00,2024-06-11
202400048155,16:35,Plein jour,11,11379,1,1,1,1.0,D6009,43.061363,2.939165,16:35:00,2024-09-24
202400048156,18:10,Nuit sans éclairage,60,60326,1,1,1,3.0,N31,49.402575,2.740268,18:10:00,2024-10-29
202400048157,17:40,Crépuscule,45,45348,1,1,2,1.0,D950 PR 3 + 0,48.147699,2.292792,17:40:00,2024-12-05
202400048158,20:30,Crépuscule,83,83031,1,1,1,6.0,D558,43.365652,6.375906,20:30:00,2024-08-19
202400048159,06:45,Nuit sans éclairage,95,95492,1,1,2,6.0,D10,49.03275823,2.42631371,06:45:00,2024-10-30
202400048160,15:40,Plein jour,04,04096,1,2,1,3.0,D900,44.406916,6.721466,15:40:00,2024-07-15
202400048161,17:30,Plein jour,83,83090,1,3,1,1.0,NATIONALE 8 (ROUTE),43.13330787,5.86308424,17:30:00,2024-06-10
202400048162,21:00,,978,97801,2,1,1,5.0,R DE HOLLANDE,18.05354,-63.085792,21:00:00,2024-06-28
202400048163,11:40,Plein jour,36,36244,1,1,5,6.0,Les Corbeillères (Faverolles-en-Berry),47.14576341,1.38163805,11:40:00,2024-10-30
202400048164,08:40,Plein jour,77,77453,2,1,2,4.0,D605,48.525672,2.759349,08:40:00,2024-12-05
202400048165,10:23,Plein jour,83,83069,2,1,1,2.0,DIX HUIT JUIN  ( ROND POINT DU ),43.10632,6.1285,10:23:00,2024-06-06
202400048166,15:25,Plein jour,76,76560,1,1,2,1.0,Route du Faulx,49.411155,1.207488,15:25:00,2024-08-20
202400048167,10:45,Plein jour,978,97801,2,1,1,7.0,R DE CONCORDIA,18.065755,-63.079532,10:45:00,2024-05-21
202400048168,19:15,Plein jour,13,13030,2,3,1,1.0,Chemin Notre Dame,43.275553,5.698573,19:15:00,2024-07-14
202400048169,21:00,,42,42253,2,1,1,6.0,300 Rue de l’Eglise,46.038941,4.003492,21:00:00,2024-10-28
202400048170,15:25,Plein jour,78,78090,1,1,1,6.0,D44,48.969992,1.906525,15:25:00,2024-11-29
202400048171,12:15,Plein jour,61,61474,1,1,1,6.0,D13 PK 36,48.80475,0.158781,12:15:00,2024-08-18
202400048172,08:05,Plein jour,80,80021,2,1,1,7.0,Rue Octave Tierce,49.90218,2.29627,08:05:00,2024-06-11
202400048173,15:00,Plein jour,67,67334,1,1,1,6.0,D190,49.04566,7.713878,15:00:00,2024-07-14
202400048174,18:15,Nuit sans éclairage,58,58089,1,1,5,6.0,La Maison Bleue,47.400201,3.218189,18:15:00,2024-10-29
202400048175,16:45,Crépuscule,2B,2B303,1,9,1,2.0,Alistro,42.261456,9.547817,16:45:00,2024-12-05
202400048176,08:55,Plein jour,80,80021,2,1,2,6.0,Avenue du 14 Juillet 1789,49.87723,2.28261,08:55:00,2024-06-10
202400048177,18:00,Plein jour,44,44006,1,2,1,3.0,Route du Créneau,47.431455,-2.440338,18:00:00,2024-08-19
202400048178,14:55,Plein jour,06,06017,1,1,9,7.0,4921 Route de Coursegoules,43.811194,7.093765,14:55:00,2024-12-01
202400048179,22:40,,21,21231,2,2,1,3.0,Rue de la Brot,47.343476,5.073527,22:40:00,2024-09-24
202400048180,16:15,Plein jour,85,85109,2,3,1,6.0,Rue du Pouet,46.866789,-0.988542,16:15:00,2024-10-29
202400048181,17:25,Plein jour,88,88470,1,2,1,3.0,D11,48.094601,6.721007,17:25:00,2024-07-14
202400048182,15:03,Plein jour,77,77294,2,1,1,7.0,JEAN BAPTISTE CLEMENT (AVENUE),48.95628,2.60238,15:03:00,2024-05-08
202400048183,21:15,Nuit sans éclairage,21,21609,1,1,2,7.0,D905,47.206873,5.312662,21:15:00,2024-12-05
202400048184,08:00,Crépuscule,33,33011,2,7,2,6.0,Unknown,44.767212,-1.139451,08:00:00,2024-10-26
202400048185,21:10,,37,37003,1,3,2,1.0,D751,47.42565425,1.01178896,21:10:00,2024-09-24
202400048186,09:50,Plein jour,77,77118,2,1,1,6.0,GABRIELLE (RUE DE LA),48.94211,2.68973,09:50:00,2024-06-11
202400048187,17:55,Plein jour,29,29146,1,2,8,1.0,Rue des Chataigniers,47.887938,-3.846009,17:55:00,2024-08-19
202400048188,11:30,Plein jour,09,09185,1,2,1,6.0,Lieu Dit la Brunette,43.227808,1.680731,11:30:00,2024-07-14
202400048189,13:25,Plein jour,33,33226,2,3,1,3.0,Unknown,44.714355,-0.392906,13:25:00,2024-10-27
202400048190,11:46,Plein jour,29,29205,1,1,1,7.0,Goaremou,48.28988753,-3.58474862,11:46:00,2024-08-19
202400048191,08:55,Plein jour,77,77445,2,1,1,6.0,DELESTRAINT (AVENUE DU GENERAL),48.58847,2.57612,08:55:00,2024-06-10
202400048192,17:05,Plein jour,45,45290,1,1,2,3.0,D952 PR 42 + 394,47.853537,2.283643,17:05:00,2024-09-23
202400048193,19:00,,42,42147,2,2,1,1.0,Avenue Thermale,45.600175,4.070606,19:00:00,2024-12-06
202400048194,10:20,Plein jour,31,31421,2,9,1,6.0,Avenue de Saubens,43.477537,1.381914,10:20:00,2024-07-13
202400048195,16:45,Plein jour,11,11106,2,1,1,6.0,Unknown,43.230774,3.053239,16:45:00,2024-10-23
202400048196,12:10,Plein jour,77,77407,2,1,1,3.0,PRES(RUE DES),48.53303372,2.54952172,12:10:00,2024-06-10
202400048197,01:05,,77,77107,2,1,1,6.0,5 Avenue du Général Leclerc,48.667488,2.842774,01:05:00,2024-09-25
202400048198,15:06,Plein jour,29,29037,1,1,1,6.0,D44,47.88096253,-4.1277268,15:06:00,2024-08-20
202400048199,20:11,Nuit sans éclairage,38,38557,1,1,2,1.0,D 517,45.76701,5.118902,20:11:00,2024-12-05
202400048200,09:00,Plein jour,77,77534,1,1,2,6.0,D1036,48.631058,2.780094,09:00:00,2024-09-25
202400048201,16:10,Plein jour,33,33003,1,6,1,6.0,Unknown,44.931184,-0.470736,16:10:00,2024-07-15
202400048202,12:15,Plein jour,26,26166,1,1,1,3.0,Allee des crozes,44.75799942,4.83228922,12:15:00,2024-08-19
202400048203,11:30,Plein jour,71,71282,1,1,7,1.0,D680,46.80484,4.37811,11:30:00,2024-10-30
202400048204,18:05,Plein jour,76,76451,2,3,1,3.0,Route de Maromme,49.47052,1.08262,18:05:00,2024-06-11
202400048205,07:48,Plein jour,35,35106,1,1,2,6.0,Les Pierres Grises,47.821917,-1.602329,07:48:00,2024-07-15
202400048206,18:30,Plein jour,58,58150,1,1,1,6.0,D213,47.331352,3.585244,18:30:00,2024-08-20
202400048207,12:00,Plein jour,76,76231,1,1,1,6.0,Chemin de Rouen,49.29408,0.9808,12:00:00,2024-06-11
202400048208,08:00,Plein jour,30,30214,2,1,1,1.0,route de montpellier,44.032814,4.104724,08:00:00,2024-09-06
202400048209,07:50,Plein jour,07,07138,1,1,1,6.0,100 Chemin des Plagnes,44.584886,4.461468,07:50:00,2024-12-04
202400048210,15:30,Plein jour,27,27280,1,1,1,7.0,D57,49.031003,1.262484,15:30:00,2024-07-14
202400048211,18:00,,89,89351,2,1,5,3.0,D606,47.44977,4.075343,18:00:00,2024-10-30
202400048212,10:20,Plein jour,58,58238,2,1,1,3.0,83 Route de Bourgogne,46.969183,3.226597,10:20:00,2024-08-20
202400048213,12:37,Plein jour,06,06056,1,1,1,7.0,Pessa Longia,44.191474,6.74773,12:37:00,2024-08-17
202400048214,07:40,Plein jour,13,13022,1,1,1,1.0,route départementale 559,43.214434,5.553417,07:40:00,2024-09-25
202400048215,19:14,Plein jour,13,13001,1,1,1,3.0,A51-Sens Marseille vers Aix en Provence,43.50631157,5.41050849,19:14:00,2024-07-14
202400048216,16:15,Plein jour,76,76351,2,2,1,3.0,STRASBOURG (BD),49.49254,0.11666,16:15:00,2024-06-10
202400048217,07:50,Crépuscule,01,01390,1,2,2,3.0,D84,45.831868,5.272829,07:50:00,2024-12-06
202400048218,08:30,Plein jour,61,61170,1,2,7,3.0,D2,48.699697,-0.055883,08:30:00,2024-10-29
202400048219,12:25,Plein jour,73,73151,1,1,7,3.0,D1006,45.505896,6.030765,12:25:00,2024-08-20