Num_Acc,hrmn,lum,dep,com,agg,int,atm,col,adr,lat,long,heure,date
202400048220,14:20,Plein jour,72,72181,2,3,1,3.0,MONTHEARD (RUE DE),47.99719489,0.2173233,14:20:00,2024-06-10
202400048221,13:50,Plein jour,26,26362,1,1,8,2.0,Autoroute A7,44.90153435,4.8755908,13:50:00,2024-09-11
202400048222,19:00,Plein jour,43,43061,1,1,1,7.0,D103,45.10104448,3.89816111,19:00:00,2024-08-19
202400048223,14:20,Plein jour,13,13056,1,1,1,5.0,A55-Sens Marseille vers Martigues,43.39711417,5.04708404,14:20:00,2024-07-14
202400048224,19:27,,69,69298,1,2,1,4.0,Route de Givors,45.649236,4.990239,19:27:00,2024-11-27
202400048225,12:15,Plein jour,22,22207,1,1,3,3.0,D11,48.600523,-3.489747,12:15:00,2024-10-29
202400048226,19:10,Crépuscule,68,68063,2,2,1,7.0,Rue Joseph Dépierre,47.813418,7.169931,19:10:00,2024-09-18
202400048227,14:30,Plein jour,72,72181,2,6,1,3.0,PIGALLE JEAN BAPTISTE (RUE),47.96913742,0.21496296,14:30:00,2024-06-09
202400048228,07:50,Plein jour,22,22164,1,2,1,3.0,Milin An Hent,48.587059,-3.255288,07:50:00,2024-10-29
202400048229,00:45,,40,40277,2,1,2,6.0,260 route de la vieille côte,43.6731837,-1.04349899,00:45:00,2024-12-06
202400048230,16:50,Plein jour,39,39555,1,1,1,6.0,Unknown,46.822987,5.539419,16:50:00,2024-10-29
202400048231,14:50,Plein jour,57,57350,1,1,8,1.0,D657,49.055828,6.073723,14:50:00,2024-09-25
202400048232,18:00,Plein jour,10,10359,1,1,1,6.0,route nationale 77,48.135682,3.99522,18:00:00,2024-08-19
202400048233,21:15,Nuit sans éclairage,50,50601,1,1,2,6.0,Route de l?Hôtellerie - Guilberville,48.994365,-0.925663,21:15:00,2024-12-05
202400048234,13:19,Plein jour,73,73150,2,9,1,6.0,D220 Rue Albert Perrière,45.554302,6.675755,13:19:00,2024-09-25
202400048235,15:20,Plein jour,70,70513,2,4,1,5.0,Avenue du Lac,47.6339,6.10645,15:20:00,2024-06-10
202400048236,00:50,Nuit sans éclairage,13,13071,1,1,1,2.0,A51-Sens Marseille vers Aix en Provence,43.40935357,5.36357453,00:50:00,2024-07-13
202400048237,13:30,Plein jour,29,29004,2,3,1,2.0,Rue Eugène Lorec,47.926834,-3.701115,13:30:00,2024-10-30
202400048238,16:05,Plein jour,01,01259,2,1,1,6.0,Route de Buellas,46.21254,5.114997,16:05:00,2024-09-24
202400048239,06:30,Plein jour,40,40312,2,9,1,3.0,Rue de l?Industrie,43.53991336,-1.50068879,06:30:00,2024-08-06
202400048240,08:20,Plein jour,69,69092,2,3,1,6.0,Rue des Ecoles,45.98957,4.69813,08:20:00,2024-06-11
202400048241,06:30,Nuit sans éclairage,80,80442,1,1,1,6.0,D930,49.742842,3.010533,06:30:00,2024-12-06
202400048242,01:10,,13,13207,1,1,1,7.0,Tunnel Prado Carénage,43.28238,5.38592,01:10:00,2024-07-14
202400048243,06:38,Nuit sans éclairage,22,22081,2,3,2,1.0,D712,48.485211,-2.660537,06:38:00,2024-09-25
202400048244,08:10,Plein jour,69,69092,1,1,1,3.0,Route Nationale 6,46.00470175,4.71954302,08:10:00,2024-06-11
202400048245,17:05,Crépuscule,29,29199,1,3,2,1.0,D64,48.59056518,-3.69400291,17:05:00,2024-10-29
202400048246,14:00,Plein jour,80,80561,2,9,1,3.0,Boulevard Rallu,49.648226,2.572614,14:00:00,2024-12-06
202400048247,08:30,Plein jour,24,24571,1,4,1,1.0,d45,45.031371,0.732973,08:30:00,2024-08-20
202400048248,10:30,Plein jour,60,60639,2,1,1,6.0,Rue Sully,49.463687,2.110155,10:30:00,2024-09-25
202400048249,23:02,Nuit sans éclairage,13,13015,1,1,1,2.0,A515CM-sortie Gardanne/Bouc Bel Air,43.42845594,5.40173665,23:02:00,2024-07-12
202400048250,15:45,Plein jour,69,69259,2,1,1,6.0,14 Boulevard Ambroise Croizat,45.70564235,4.88747315,15:45:00,2024-06-10
202400048251,00:35,Nuit sans éclairage,67,67388,1,1,3,7.0,D53,48.952011,7.680055,00:35:00,2024-08-18
202400048252,11:30,Plein jour,03,03275,1,1,1,3.0,lieu dit garanjou,46.542038,3.220367,11:30:00,2024-10-30
202400048253,15:35,Plein jour,13,13207,1,1,1,3.0,TVPCM-Sens Saint Victor vers Les Ports,43.29126189,5.36571349,15:35:00,2024-09-24
202400048254,21:00,Crépuscule,69,69290,2,1,1,6.0,Rue des Pétroles,45.69048894,4.91814571,21:00:00,2024-06-09
202400048255,15:20,Plein jour,01,01067,1,1,1,6.0,A40 PK 130+700,46.11546613,5.49022362,15:20:00,2024-08-19
202400048256,05:20,Nuit sans éclairage,83,83126,1,1,1,2.0,A50,43.11984025,5.85535642,05:20:00,2024-07-13
202400048257,17:18,Plein jour,85,85142,1,1,1,6.0,A87,46.74424,-1.266805,17:18:00,2024-10-24
202400048258,16:20,Plein jour,13,13106,1,1,1,3.0,A7-Sens Lyon vers Marseille,43.39,5.35,16:20:00,2024-12-05
202400048259,15:00,Plein jour,13,13117,1,1,1,4.0,A7-Sens Lyon vers Marseille,43.41819194,5.2736146,15:00:00,2024-09-24
202400048260,05:50,Nuit sans éclairage,77,77001,1,1,1,2.0,Autoroute A6 PK 058+400 sens Paris vers province,48.359094,2.577312,05:50:00,2024-08-20
202400048261,12:45,Plein jour,67,67482,2,1,1,3.0,DOUBS (RUE DU),48.55862,7.734,12:45:00,2024-06-10
202400048262,02:15,Nuit sans éclairage,26,26005,1,1,2,1.0,Route de Grignan,44.482608,4.775933,02:15:00,2024-10-27
202400048263,20:20,Plein jour,91,91434,1,1,1,5.0,AUTOROUTE A6,48.66853749,2.35332727,20:20:00,2024-07-14
202400048264,11:42,Plein jour,13,13212,1,1,1,4.0,A507 sens Aubagne- Marseille,43.30763229,5.4249723,11:42:00,2024-12-04
202400048265,13:15,Plein jour,13,13214,1,1,3,6.0,A7-Sens Lyon vers Marseille,43.33531,5.37733,13:15:00,2024-09-24
202400048266,16:35,Plein jour,14,14191,2,1,1,6.0,Route de Bernieres,49.329464,-0.435207,16:35:00,2024-10-27
202400048267,07:00,Plein jour,91,91174,1,1,1,6.0,RN 104,48.61073,2.4463,07:00:00,2024-07-14
202400048268,04:15,Nuit sans éclairage,988,98814,1,1,1,6.0,Hapetra (Tribu),-20.932943,167.116706,04:15:00,2024-08-20
202400048269,08:45,Plein jour,13,13215,1,1,1,2.0,A7-Sens Lyon vers Marseille,43.36643455,5.36080529,08:45:00,2024-09-24
202400048270,17:48,Nuit sans éclairage,13,13015,1,1,1,2.0,A51-Sens Marseille vers Aix en Provence,43.428,5.386,17:48:00,2024-12-01
202400048271,11:30,Plein jour,05,05092,1,1,1,6.0,Lieu-dit Serre Rispaud,44.507616,6.021924,11:30:00,2024-10-29
202400048272,08:15,Plein jour,13,13005,1,1,1,3.0,A50-Sens Aubagne vers Marseille,43.28516848,5.52537548,08:15:00,2024-09-24
202400048273,00:51,Nuit sans éclairage,91,91549,1,1,2,6.0,RN 104,48.62549,2.33677,00:51:00,2024-07-14
202400048274,15:35,Plein jour,974,97424,1,1,1,6.0,Route du Bras Sec,-21.148974,55.482759,15:35:00,2024-08-20
202400048275,13:00,Plein jour,07,07239,1,1,1,1.0,Route de Mezilhac,44.83778,4.377086,13:00:00,2024-10-29
202400048276,07:17,,33,33487,1,1,1,4.0,Unknown,44.954039,-0.456409,07:17:00,2024-12-05
202400048277,07:30,Crépuscule,13,13001,1,1,1,2.0,A51-Sens Aix en Provence vers Marseille,43.52,5.42767,07:30:00,2024-09-23
202400048278,18:25,Plein jour,13,13088,1,1,1,7.0,D568,43.36635,5.235651,18:25:00,2024-08-19
202400048279,21:03,Nuit sans éclairage,91,91174,1,1,1,2.0,RN 104,48.62037,2.46029,21:03:00,2024-07-13
202400048280,07:45,Plein jour,07,07342,1,1,1,7.0,Gras Pres,45.225692,4.576246,07:45:00,2024-10-30
202400048281,07:41,Nuit sans éclairage,91,91589,1,1,2,7.0,AUTOROUTE A6,48.6773,2.3381,07:41:00,2024-12-05
202400048282,10:24,Plein jour,69,69152,1,1,1,3.0,Autoroute 7,45.69911109,4.83609691,10:24:00,2024-09-19
202400048283,22:03,Nuit sans éclairage,91,91477,1,1,1,6.0,AUTOROUTE A10,48.71829,2.25556,22:03:00,2024-12-04
202400048284,07:00,Nuit sans éclairage,07,07041,1,9,1,6.0,voie fluvia boulieu les annonay,45.268952,4.652817,07:00:00,2024-10-30
202400048285,05:50,Crépuscule,92,92036,1,1,1,7.0,A86,48.93548933,2.26425076,05:50:00,2024-07-14
202400048286,02:45,Nuit sans éclairage,66,66171,2,1,1,2.0,D81a,42.6258335,3.0239439,02:45:00,2024-08-17
202400048287,17:50,Plein jour,42,42183,1,1,1,2.0,N88,45.4004,4.36762,17:50:00,2024-09-23
202400048288,17:15,Crépuscule,95,95277,1,1,2,2.0,D170 ,48.97598916,2.48218158,17:15:00,2024-12-05
202400048289,13:50,Plein jour,93,93010,1,1,1,6.0,A3,48.902439,2.4708436,13:50:00,2024-07-14
202400048290,21:25,Nuit sans éclairage,37,37206,1,5,8,3.0,D602,47.486367,0.652855,21:25:00,2024-10-29
202400048291,13:05,Plein jour,93,93008,1,1,2,3.0,AUTOROUTE A86,48.91197061,2.43838549,13:05:00,2024-12-05
202400048292,13:00,Plein jour,04,04226,1,1,1,1.0,D902,44.319104,6.647351,13:00:00,2024-08-20
202400048293,12:03,Plein jour,33,33063,1,1,2,4.0,Unknown,44.881247,-0.543994,12:03:00,2024-09-24
202400048294,02:00,Nuit sans éclairage,95,95351,1,9,1,1.0,N104,49.04193041,2.48119264,02:00:00,2024-07-14
202400048295,19:45,Nuit sans éclairage,30,30062,1,4,1,3.0,D40,43.777756,4.18806,19:45:00,2024-10-29
202400048296,18:10,Plein jour,59,59574,1,1,1,6.0,AUTOROUTE A 21,50.36914,3.25941,18:10:00,2024-09-21
202400048297,10:55,Plein jour,95,95527,1,1,3,6.0,A1,49.00052596,2.52228228,10:55:00,2024-12-05
202400048298,11:20,Plein jour,68,68292,2,1,1,7.0,9 Rue de la Gare,47.872338,7.03007,11:20:00,2024-08-20
202400048299,00:20,Nuit sans éclairage,93,93048,1,1,1,2.0,A3,48.87018346,2.43076748,00:20:00,2024-07-14
202400048300,20:25,Nuit sans éclairage,91,91471,1,1,1,6.0,RD 188 CHEVREUSE,48.69426,2.19311,20:25:00,2024-09-24
202400048301,08:00,Nuit sans éclairage,93,93064,1,1,3,7.0,AUTOROUTE A103,48.88594826,2.48683548,08:00:00,2024-12-05
202400048302,15:30,Plein jour,38,38410,1,1,1,2.0,A49,45.083119,5.215137,15:30:00,2024-10-29
202400048303,19:50,,94,94003,1,1,1,7.0,A6B,48.80293922,2.34381724,19:50:00,2024-09-24
202400048304,00:44,Nuit avec éclairage,67,67046,2,2,1,3.0,36 Rue de la Gare,48.765906,7.854044,00:44:00,2024-08-16
202400048305,18:40,Crépuscule,93,93078,1,1,1,2.0,AUTOROUTE A104,48.96165006,2.5451386,18:40:00,2024-12-04
202400048306,19:50,Plein jour,92,92036,1,1,1,4.0,AUTOROUTE A15,48.94917898,2.28036318,19:50:00,2024-07-13
202400048307,09:10,Plein jour,07,07312,1,1,1,3.0,D17 PK 014+000,45.123645,4.773554,09:10:00,2024-10-30
202400048308,10:52,Plein jour,03,03186,2,2,1,7.0,Avenue Georges Mercier,46.319176,2.949912,10:52:00,2024-08-19
202400048309,07:20,Plein jour,78,78571,1,1,2,4.0,A13,48.872056,2.026845,07:20:00,2024-09-23
202400048310,05:35,Nuit sans éclairage,77,77258,1,1,1,2.0,A4.Y,48.83242736,2.65563851,05:35:00,2024-12-05
202400048311,08:05,Plein jour,77,77296,1,1,1,2.0,A5b,48.63126,2.628804,08:05:00,2024-07-14
202400048312,18:00,Plein jour,63,63247,1,1,1,1.0,Beaunes le froid,45.594672,2.925925,18:00:00,2024-08-19
202400048313,08:15,Plein jour,78,78571,1,1,2,4.0,A13,48.873372,2.025056,08:15:00,2024-09-23
202400048314,03:00,Nuit sans éclairage,77,77053,1,1,1,2.0,RN104,48.70199085,2.59509729,03:00:00,2024-07-14
202400048315,22:30,Nuit sans éclairage,34,34240,1,9,2,4.0,A709,43.62687552,3.96353245,22:30:00,2024-10-26
202400048316,20:00,,77,77121,1,1,1,4.0,A104,48.83662222,2.66498382,20:00:00,2024-12-04
202400048317,08:30,Plein jour,93,93053,1,1,2,7.0,AUTOROUTE A103,48.88700598,2.47505141,08:30:00,2024-09-24
202400048318,08:40,Plein jour,26,26129,1,1,1,2.0,Route Nationale 532,45.050324,5.146065,08:40:00,2024-08-20
202400048319,02:05,Nuit sans éclairage,94,94018,1,1,1,6.0,A4,48.81835618,2.40958929,02:05:00,2024-07-14
202400048320,12:32,Plein jour,976,97614,1,9,1,1.0,CCD 1 Entre Kahani Et combani,-12.820505,45.128832,12:32:00,2024-07-30
202400048321,00:30,Nuit avec éclairage,77,77468,1,1,5,3.0,A4.Y,48.83248692,2.66301878,00:30:00,2024-12-04
202400048322,07:50,Crépuscule,93,93078,1,1,2,4.0,AUTOROUTE A104,48.96946859,2.50460846,07:50:00,2024-09-24
202400048323,11:57,Plein jour,94,94015,1,1,1,2.0,A4,48.82945356,2.52827231,11:57:00,2024-07-12
202400048324,19:30,,95,95555,1,9,2,7.0,CLOS SAINT PAUL (CHEMIN DU),48.96310075,2.28914917,19:30:00,2024-12-02
202400048325,17:20,Plein jour,971,97106,1,1,1,1.0,Route de Bellon,16.176564,-61.780415,17:20:00,2024-10-23
202400048326,09:30,Plein jour,26,26320,1,3,1,1.0,D532,45.064901,5.241272,09:30:00,2024-08-20
202400048327,09:00,Plein jour,92,92036,1,1,8,2.0,AUTOROUTE A15,48.94355783,2.28738079,09:00:00,2024-09-24
202400048328,17:25,Plein jour,50,50523,1,9,1,1.0,rue de la libération  (Carquebut),49.383015,-1.324469,17:25:00,2024-04-13
202400048329,10:00,Plein jour,26,26212,1,1,1,1.0,Route de Montmeyran,44.859404,4.992325,10:00:00,2024-08-18
202400048330,23:20,Nuit sans éclairage,92,92078,1,1,1,6.0,AUTOROUTE A86,48.92928253,2.32938717,23:20:00,2024-09-23
202400048331,21:35,,45,45108,2,2,5,3.0,D51 PR 19 + 460,47.62219,2.495726,21:35:00,2024-10-29
202400048332,15:20,Plein jour,44,44109,2,6,1,3.0,Rue Gaston Veil,47.21152071,-1.5565396,15:20:00,2024-07-08
202400048333,11:20,Plein jour,73,73065,2,3,1,3.0,SAINT OMBRE ( CHEMIN DE),45.58320184,5.92023455,11:20:00,2024-09-30
202400048334,12:35,Plein jour,93,93053,1,1,1,3.0,AUTOROUTE A3,48.89332229,2.47257373,12:35:00,2024-09-23
202400048335,07:44,Plein jour,01,01249,2,2,1,2.0,1268 Grande Rue,45.825304,4.956005,07:44:00,2024-08-19
202400048336,18:16,Nuit sans éclairage,91,91318,1,1,8,5.0,D17,48.505147,2.230825,18:16:00,2024-10-28
202400048337,20:15,,44,44109,2,2,8,3.0,7Ter Boulevard des Martyrs Nantais de la Résistance,47.20520547,-1.54717301,20:15:00,2024-07-07
202400048338,13:20,Plein jour,57,57038,1,1,1,1.0,D16,49.463717,5.963774,13:20:00,2024-09-03
202400048339,15:11,Plein jour,06,06099,1,1,1,6.0,D2211a,43.950152,6.911338,15:11:00,2024-10-30
202400048340,08:30,Plein jour,94,94079,1,1,3,3.0,A4,48.83472567,2.53708778,08:30:00,2024-09-24
202400048341,11:45,Plein jour,31,31349,1,2,1,3.0,Intersection D36 D6L,43.226178,1.060846,11:45:00,2024-08-20
202400048342,13:45,Plein jour,57,57244,1,1,1,1.0,D98,48.71964033,7.22750673,13:45:00,2024-09-27
202400048343,15:22,Plein jour,68,68372,2,1,1,1.0,68 Rue de la Grande Armee,47.839076,7.075427,15:22:00,2024-10-28
202400048344,16:20,Plein jour,74,74012,2,6,1,3.0,FLORISSANT (AVENUE),46.19543,6.24338,16:20:00,2024-05-13
202400048345,18:45,Plein jour,74,74012,2,1,1,6.0,ARVE (RUE DE L'),46.18619,6.22252,18:45:00,2024-05-12
202400048346,07:34,Plein jour,84,84087,2,1,7,6.0,DURAND (RUE ALBIN),44.12149,4.82094,07:34:00,2024-06-13
202400048347,16:10,Plein jour,974,97411,2,1,1,2.0,FINETTE (CHEMIN),-20.89966,55.47343,16:10:00,2024-12-03
202400048348,17:00,Crépuscule,69,69059,2,6,1,1.0,Route de la Vallee,45.857215,4.704764,17:00:00,2024-10-29
202400048349,13:15,Plein jour,86,86154,1,1,3,1.0,D725,46.804125,0.073936,13:15:00,2024-08-17
202400048350,07:30,Crépuscule,44,44109,2,6,1,6.0,Rond-Point de Rennes,47.23335639,-1.56583514,07:30:00,2024-09-17
202400048351,07:55,Plein jour,44,44109,2,6,1,3.0,373 Route de Sainte Luce,47.2467232,-1.49471429,07:55:00,2024-07-04
202400048352,20:10,,973,97302,1,6,1,3.0,GIRATOIRE MARINGOUINS,4.90779,-52.32227,20:10:00,2024-12-04
202400048353,08:00,Plein jour,79,79049,1,1,5,4.0,Unknown,46.856858,-0.564495,08:00:00,2024-10-30
202400048354,14:15,Plein jour,64,64422,2,6,1,3.0,6bis Rue de Sègues,43.197521,-0.604173,14:15:00,2024-08-19
202400048355,16:50,Plein jour,62,62193,2,2,1,3.0,Rue de Québec,50.93252,1.85203,16:50:00,2024-09-23
202400048356,13:50,Plein jour,973,97302,2,6,1,3.0,FELIX EBOUE(ROCADE),4.92467,-52.32324,13:50:00,2024-12-04
202400048357,14:25,Plein jour,987,98735,1,3,1,3.0,CHEF VAIRAATOA (AVENUE),-17.531134,-149.558915,14:25:00,2024-07-08
202400048358,19:09,Plein jour,14,14384,2,1,1,6.0,6 Rue Louis Marie,49.309363,-0.353362,19:09:00,2024-08-19
202400048359,09:30,Plein jour,44,44109,2,6,1,3.0,17 Route de la Jonelière,47.24812698,-1.55193865,09:30:00,2024-09-17
202400048360,19:55,Nuit sans éclairage,973,97302,2,6,1,3.0,SUZINI (CARREFOUR),4.92722,-52.28971,19:55:00,2024-12-03
202400048361,14:19,Plein jour,61,61382,1,1,1,5.0,N12 PK74+300,48.454822,-0.022444,14:19:00,2024-10-29
202400048362,21:00,Nuit sans éclairage,27,27489,1,2,1,1.0,D316,49.074004,1.229163,21:00:00,2024-08-19
202400048363,19:15,Plein jour,74,74133,2,1,1,3.0,MARTINET (RUE DU),46.18268,6.2012,19:15:00,2024-07-24
202400048364,19:15,,69,69383,2,2,1,6.0,Avenue Lacassagne,45.74974,4.8759,19:15:00,2024-12-04
202400048365,08:15,Plein jour,13,13005,1,1,1,2.0,A502-Sens Aubagne vers Toulon par R.N.,43.28388,5.58913,08:15:00,2024-10-29
202400048366,21:55,Nuit sans éclairage,02,02676,1,1,1,6.0,Unknown,49.51358,3.828349,21:55:00,2024-08-19
202400048367,08:15,Plein jour,972,97209,2,1,1,1.0,BISHOP (Avenue Maurice),14.60647,-61.05808,08:15:00,2024-12-04
202400048368,12:00,Plein jour,13,13085,1,1,1,3.0,A50-Sens Toulon vers Aubagne,43.24704235,5.59645431,12:00:00,2024-10-29
202400048369,16:27,Plein jour,69,69382,2,1,1,6.0,3 Quai Tilsitt,45.75885,4.82912,16:27:00,2024-12-04
202400048370,05:30,Crépuscule,57,57368,2,3,1,3.0,REPUBLIQUE (RUE DE LA ),49.33768657,6.04553958,05:30:00,2024-07-22
202400048371,02:40,Nuit sans éclairage,69,69290,1,1,1,3.0,Autoroute 43 ,45.699,4.97478,02:40:00,2024-08-19
202400048372,01:10,Nuit sans éclairage,13,13071,1,1,1,2.0,A55 - Sens Marseille vers Martigues,43.39330763,5.29952667,01:10:00,2024-10-20
202400048373,03:30,,971,97101,1,1,2,6.0,RN5-BOISRIPEAUX,16.27983,-61.50781,03:30:00,2024-12-03
202400048374,14:00,Plein jour,24,24037,1,1,8,1.0,RD 936 E1,44.8293477,0.50070418,14:00:00,2024-05-20
202400048375,17:25,Plein jour,59,59178,1,1,1,7.0,AUTOROUTE A21,50.38919996,3.12816452,17:25:00,2024-08-17
202400048376,18:48,Nuit sans éclairage,59,59350,1,1,1,1.0,Autoroute A25,50.61685,3.08112,18:48:00,2024-10-27
202400048377,12:50,Plein jour,974,97416,1,1,7,2.0,RN3 (ANCIENNE ROUTE),-21.3283,55.48167,12:50:00,2024-09-23
202400048378,07:45,Plein jour,974,97416,2,1,1,6.0,LENORMAND(CHEMIN),-21.280252,55.47357,07:45:00,2024-09-23
202400048379,17:55,Plein jour,91,91174,1,1,1,3.0,RN 104,48.62383,2.46842,17:55:00,2024-08-19
202400048380,05:37,,95,95219,2,3,1,3.0,TOULOUSE LAUTREC (RUE),48.99452844,2.25655394,05:37:00,2024-12-04
202400048381,18:23,Plein jour,59,59586,1,1,1,7.0,AUTOROUTE A23,50.5219936,3.20263059,18:23:00,2024-10-24
202400048382,07:55,Plein jour,91,91201,2,1,8,6.0,BD HENRI BARBUSSE,48.68581,2.40853,07:55:00,2024-12-04
202400048383,12:35,Plein jour,974,97411,2,6,1,3.0,JAURES (BOULEVARD JEAN),-20.9025,55.5029,12:35:00,2024-09-23
202400048384,15:39,Plein jour,91,91689,1,1,1,4.0,AUTOROUTE A6B,48.74802334,2.32736886,15:39:00,2024-08-19
202400048385,18:40,Nuit sans éclairage,91,91534,1,1,1,4.0,RN 118,48.723,2.16772,18:40:00,2024-10-29
202400048386,16:40,,91,91201,2,1,1,6.0,AV DU GENERAL DE GAULLE,48.68608699,2.40701596,16:40:00,2024-12-03
202400048387,09:30,Plein jour,94,94034,1,1,1,2.0,A86,48.76090218,2.31821429,09:30:00,2024-08-19
202400048388,17:00,Plein jour,94,94038,1,1,1,3.0,A6B,48.7880127,2.34552605,17:00:00,2024-10-29
202400048389,10:40,Plein jour,69,69387,2,2,1,3.0,Route de Vienne,45.74520312,4.84889956,10:40:00,2024-09-23
202400048390,17:30,Crépuscule,91,91097,2,1,1,1.0,RUE DE ROCHOPT,48.69092,2.52599,17:30:00,2024-12-03
202400048391,08:43,Plein jour,92,92048,1,1,5,2.0,N118,48.78772156,2.22217275,08:43:00,2024-10-28
202400048392,07:40,Plein jour,69,69383,2,2,2,3.0,Rue Bellecombe,45.76367109,4.86368536,07:40:00,2024-09-23
202400048393,07:55,Plein jour,84,84031,2,5,1,3.0,SAINT ROCH AVENUE,44.06501,5.04954,07:55:00,2024-12-04
202400048394,18:30,Nuit sans éclairage,93,93007,1,1,1,2.0,AUTOROUTE A3,48.9233048,2.48049511,18:30:00,2024-10-29
202400048395,08:10,Plein jour,972,97213,2,1,1,2.0,AUTOROUTE A1,14.61817,-61.02952,08:10:00,2024-09-23
202400048396,19:42,,84,84007,2,1,1,6.0,LIMBERT (BOULEVARD),43.94718,4.81775,19:42:00,2024-12-03
202400048397,15:35,Plein jour,77,77373,1,1,1,2.0,RN104,48.76417075,2.61545537,15:35:00,2024-10-29
202400048398,17:20,Plein jour,2B,2B037,2,1,1,6.0,TOUTES RUES,42.61868,9.42456,17:20:00,2024-09-23
202400048399,13:45,Plein jour,84,84007,2,1,1,6.0,AMANDIER (AVENUE DE L'),43.94783,4.85616,13:45:00,2024-12-03
202400048400,10:55,Plein jour,94,94017,1,1,1,4.0,A4,48.82665078,2.51617424,10:55:00,2024-10-29
202400048401,07:50,Plein jour,83,83137,2,9,1,6.0,3EME RGT DES TIRAILLEURS ALGERIENS (AVE),43.11824976,5.94529438,07:50:00,2024-12-04
202400048402,11:50,Plein jour,971,97113,1,4,1,5.0,SECTION BESSON,16.24082,-61.49593,11:50:00,2024-09-22
202400048403,16:30,Plein jour,84,84014,2,1,1,1.0,Lotissement de la Colline,43.73696,5.692099,16:30:00,2024-05-25
202400048404,12:25,Plein jour,78,78242,2,1,8,3.0,DEMENERIE (RUE DE LA),48.81215,2.03974,12:25:00,2024-11-06
202400048405,03:00,Nuit avec éclairage,971,97101,2,1,1,6.0,COUR CHARNEAU,16.25172,-61.52953,03:00:00,2024-09-21
202400048406,15:13,Plein jour,84,84105,1,1,1,6.0,256 Route de Pierre-fiche,43.879954,5.43923,15:13:00,2024-03-25
202400048407,04:30,Nuit sans éclairage,91,91347,1,1,8,3.0,RTE DE MONTLHERY,48.63542,2.28464,04:30:00,2024-09-23
202400048408,19:05,,77,77284,2,1,1,7.0,VICTOIRE (AV.DE LA),48.95738,2.93619,19:05:00,2024-12-04
202400048409,17:10,Plein jour,84,84092,2,2,1,3.0,Route de Sorgues,43.969013,4.856735,17:10:00,2024-07-28
202400048410,18:00,Nuit sans éclairage,77,77186,1,2,2,3.0,RD606,48.481177,2.66923,18:00:00,2024-12-02
202400048411,21:00,Nuit avec éclairage,974,97413,2,1,1,1.0,Rue Alexandre Bègue,-21.151758,55.320728,21:00:00,2024-08-15
202400048412,17:10,Plein jour,76,76351,2,1,1,2.0,BOIS AU COQ (RUE),49.51096,0.12925,17:10:00,2024-12-03
202400048413,00:50,Nuit avec éclairage,74,74118,2,1,1,7.0,SAINT-JULIEN (ROUTE DE),46.17538,6.22163,00:50:00,2024-08-29
202400048414,19:00,,74,74118,2,1,1,2.0,DEPORTES (ROUTE DES ),46.18251,6.23012,19:00:00,2024-12-03
202400048415,12:10,Plein jour,74,74218,2,1,1,1.0,NOAILLES (AVENUE ANNA DE),46.395,6.553,12:10:00,2024-07-11
202400048416,13:00,Plein jour,85,85191,2,9,1,3.0,RD760,46.6667,-1.4427,13:00:00,2024-07-07
202400048417,08:30,Plein jour,74,74012,2,3,8,6.0,ROMAGNY (RUE DE),46.197015,6.249741,08:30:00,2024-12-02
202400048418,07:30,,74,74012,2,9,8,3.0,GLIERES (RUE DES),46.194987,6.245815,07:30:00,2024-12-02
202400048419,20:10,,84,84007,2,3,2,1.0,LIBERTE ( RUE DE LA),43.9435,4.81982,20:10:00,2024-09-22
202400048420,19:25,,69,69259,2,3,1,3.0,Square Pernet-Ducher,45.71786187,4.88470658,19:25:00,2024-12-03
202400048421,05:55,Nuit sans éclairage,77,77358,1,1,1,6.0,RN 330 (ROUTE NATIONALE),48.97827,2.86172,05:55:00,2024-09-23
202400048422,17:55,Plein jour,22,22106,1,1,1,3.0,FREYSSINET (RUE),48.4982,-2.7289,17:55:00,2024-07-27
202400048423,17:40,,67,67482,2,1,2,6.0,EUROPE (AVENUE DE L ),48.5945475,7.77313828,17:40:00,2024-12-03
202400048424,22:24,,69,69259,2,9,2,6.0,Avenue Marcel Paul,45.70067306,4.88137006,22:24:00,2024-09-22
202400048425,20:00,Plein jour,32,32337,1,9,1,6.0,D103,43.780917,0.565281,20:00:00,2024-05-30
202400048426,04:45,Nuit sans éclairage,29,29003,1,1,1,6.0,Lieu Dit Suguensou,48.03705089,-4.53134874,04:45:00,2024-08-27
202400048427,12:45,Plein jour,66,66136,2,3,1,3.0,LLOSA (RUE DE LA PETITE),42.703,2.87979,12:45:00,2024-12-04
202400048428,10:45,Plein jour,67,67482,2,3,1,3.0,SOULTZ (RUE DE),48.564886,7.778434,10:45:00,2024-09-23
202400048429,07:10,Plein jour,987,98736,1,9,1,7.0,VETEA (ROUTE)-PIRAE,-17.54498,-149.54885,07:10:00,2024-10-28
202400048430,13:35,Plein jour,64,64102,2,2,1,6.0,NAVARRE (AVENUE HENRI DE),43.50482,-1.44673,13:35:00,2024-12-04
202400048431,14:48,Plein jour,64,64189,2,2,1,3.0,MITTERRAND FRANCOIS  (AVENUE),43.38260773,-1.66648328,14:48:00,2024-09-23