Num_Acc,hrmn,lum,dep,com,agg,int,atm,col,adr,lat,long,heure,date
202400048432,18:45,Crépuscule,974,97409,2,1,1,2.0,DU CENTRE(IMPASSE),-20.94786,55.65361,18:45:00,2024-10-28
202400048433,11:40,Plein jour,64,64102,2,1,1,3.0,DE LA POTERNE (ALLEE),43.49103,-1.48122,11:40:00,2024-12-04
202400048434,18:05,Plein jour,64,64024,2,1,1,2.0,BAYONNE (AVENUE DE),43.48305,-1.50364,18:05:00,2024-09-23
202400048435,12:40,Plein jour,974,97407,1,1,1,2.0,ROUTE NATIONALE N° 1,-20.94755,55.32258,12:40:00,2024-10-28
202400048436,16:30,Plein jour,62,62498,2,1,1,6.0,Route de la Bassée,50.44055,2.82085,16:30:00,2024-09-18
202400048437,12:15,Plein jour,64,64102,2,1,1,4.0,NAVARRE (AVENUE HENRI DE),43.49795,-1.4487,12:15:00,2024-12-04
202400048438,17:45,Crépuscule,69,69149,2,2,1,3.0,Avenue Jean Jaurès,45.71159,4.81987,17:45:00,2024-10-28
202400048439,11:00,Plein jour,62,62498,2,2,1,3.0,Rue Arthur Fassiaux,50.42504,2.80716,11:00:00,2024-12-01
202400048440,07:35,Plein jour,59,59350,2,3,1,3.0,N°2-18-1-39 Boulevard Vauban,50.63622,3.05059,07:35:00,2024-09-22
202400048441,23:00,Nuit avec éclairage,971,97113,1,1,1,1.0,ROUTE DE PERINET-RD 119,16.20994,-61.48055,23:00:00,2024-10-25
202400048442,16:45,Plein jour,62,62528,2,1,1,2.0,D165,50.45478084,2.78906751,16:45:00,2024-11-20
202400048443,20:20,Crépuscule,56,56162,2,6,1,3.0,Rue Sainte-Anne,47.74103,-3.40643,20:20:00,2024-09-22
202400048444,12:35,Plein jour,971,97101,1,9,1,6.0,DOTHEMARE,16.27195,-61.5174,12:35:00,2024-10-25
202400048445,07:30,Crépuscule,62,62178,2,4,1,3.0,D302,50.47882773,2.53281283,07:30:00,2024-12-04
202400048446,06:45,Plein jour,971,97105,2,1,1,6.0,BOLOGNE (ROUTE DE),16.00581,-61.73449,06:45:00,2024-10-28
202400048447,10:05,Plein jour,54,54395,2,6,1,3.0,Rue des Fabriques,48.68714,6.1886,10:05:00,2024-09-22
202400048448,00:40,,59,59512,2,2,1,3.0,Boulevard de Lyon,50.67808,3.18564,00:40:00,2024-12-04
202400048449,03:44,,87,87085,2,1,2,6.0,VIGENAL (BOULEVARD DU),45.85003,1.24793,03:44:00,2024-10-26
202400048450,13:25,Plein jour,54,54329,2,1,1,2.0,Rue Camille Flammarion,48.58625,6.5232,13:25:00,2024-09-23
202400048451,22:00,,59,59648,2,1,8,3.0,DE GAULLE RUE DU GENERAL,50.588706,3.051273,22:00:00,2024-12-04
202400048452,23:10,,51,51454,2,1,2,3.0,JUIN (AVENUE DU MARECHAL),49.22607,4.01638,23:10:00,2024-09-22
202400048453,12:45,Plein jour,87,87085,2,3,1,4.0,RUBEN (AVENUE ERNEST),45.82354,1.25115,12:45:00,2024-10-24
202400048454,11:05,Plein jour,38,38185,2,6,8,6.0,Place Docteur Girard,45.19751726,5.73685616,11:05:00,2024-09-23
202400048455,11:45,Plein jour,83,83062,2,6,1,6.0,RABASSON (CHEMIN DE),43.12937811,6.02545906,11:45:00,2024-10-28
202400048456,08:05,Nuit sans éclairage,59,59437,1,1,2,4.0,Rue de Seclin,50.56599,3.02538,08:05:00,2024-12-03
202400048457,07:35,Plein jour,37,37261,2,1,1,3.0,TONNELLE (BOULEVARD),47.3872,0.66725,07:35:00,2024-09-23
202400048458,12:40,Plein jour,79,79191,2,3,1,3.0,Unknown,46.33003,-0.44182,12:40:00,2024-10-28
202400048459,18:27,,54,54395,2,4,2,6.0,Rue du Faubourg des Trois Maisons,48.70469,6.16948,18:27:00,2024-12-03
202400048460,04:46,Nuit sans éclairage,37,37050,2,1,2,6.0,RD 37,47.33036,0.68268,04:46:00,2024-09-23
202400048461,15:15,Plein jour,78,78401,2,1,1,6.0,THIERS (BOULEVARD),49.006487,1.920998,15:15:00,2024-10-28
202400048462,19:25,Crépuscule,37,37122,1,1,2,6.0,RD 37,47.36658102,0.6532495,19:25:00,2024-09-22
202400048463,17:55,,54,54578,2,2,2,3.0,Rue René Pécheur,48.67701815,6.16240633,17:55:00,2024-12-03
202400048464,17:42,Crépuscule,77,77296,2,1,1,6.0,FERME D'ARVIGNY,48.60302,2.5863,17:42:00,2024-10-28
202400048465,12:50,Plein jour,77,77495,2,1,1,3.0,D.306,48.5615,2.63352,12:50:00,2024-10-28
202400048466,15:05,Plein jour,37,37233,2,3,1,3.0,FLORENCE (IMPASSE DE),47.37831483,0.74163026,15:05:00,2024-09-20
202400048467,11:00,Plein jour,51,51454,2,2,1,3.0,BETTINGER (RUE DU DOCTEUR),49.280017,4.018954,11:00:00,2024-12-04
202400048468,09:25,Plein jour,50,50532,2,1,1,4.0,D973,48.81493,-1.54451,09:25:00,2024-12-04
202400048469,14:10,Plein jour,35,35238,2,6,1,1.0,BELGIQUE (DE),48.08694,-1.68561,14:10:00,2024-09-23
202400048470,12:25,Plein jour,77,77513,2,1,8,3.0,D5,48.95468,2.86288,12:25:00,2024-10-28
202400048471,23:30,,50,50129,2,4,1,6.0,PLYMOUTH (AVENUE DE),49.63067,-1.62264,23:30:00,2024-12-03
202400048472,20:40,,77,77449,2,9,5,6.0,CRS DE LA GARONNE,48.85451,2.78549,20:40:00,2024-10-28
202400048473,09:00,Crépuscule,35,35281,2,3,2,7.0,MERMOZ (BOULEVARD JEAN),48.09657419,-1.69193881,09:00:00,2024-09-23
202400048474,14:07,Plein jour,49,49007,2,1,1,3.0,CARNOT,47.4744,-0.54691,14:07:00,2024-12-03
202400048475,05:10,,77,77058,2,2,5,6.0,LA HAYE (BOULEVARD DE),48.83170582,2.72345921,05:10:00,2024-10-28
202400048476,08:55,Plein jour,34,34172,2,1,1,6.0,LAVANDIN (RUE DU),43.60001,3.85355,08:55:00,2024-09-23
202400048477,12:10,Plein jour,45,45302,2,1,5,1.0,1383 Rue Passe Debout,47.93489,1.87626,12:10:00,2024-12-04
202400048478,18:10,Nuit sans éclairage,76,76497,1,1,1,3.0,N338 - Sud 3,49.37806,1.04774,18:10:00,2024-10-28
202400048479,18:10,Plein jour,33,33063,2,1,1,3.0,Unknown,44.83583,-0.56776,18:10:00,2024-09-23
202400048480,07:30,Nuit sans éclairage,38,38544,1,1,8,2.0,CD 41,45.52088,4.90267,07:30:00,2024-12-04
202400048481,03:30,,31,31555,2,9,1,6.0,R-PT CHARLES FABRE,43.57457578,1.40479892,03:30:00,2024-09-23
202400048482,15:30,Plein jour,73,73029,2,3,1,3.0,D1006 CHALLES (ROUTE DE),45.56998,5.9467,15:30:00,2024-10-27
202400048483,09:00,Plein jour,34,34032,1,1,1,4.0,ROUTE DE CORNEILHAN (RD.154),43.37154,3.20885,09:00:00,2024-12-03
202400048484,17:30,Plein jour,69,69275,2,1,1,3.0,1 Rue Emile Zola,45.76338743,4.93829208,17:30:00,2024-10-28
202400048485,13:20,Plein jour,33,33281,2,1,1,3.0,Unknown,44.84075,-0.64155,13:20:00,2024-12-04
202400048486,22:43,,68,68224,2,3,1,1.0,Boulevard des Nations,47.738258,7.301479,22:43:00,2024-10-28
202400048487,08:15,Crépuscule,31,31557,2,1,1,6.0,RAMELET MOUNDI (CH DE),43.580204,1.361857,08:15:00,2024-12-04
202400048488,07:50,Plein jour,68,68256,2,1,1,2.0,Route de Thann,47.756991,7.297221,07:50:00,2024-10-28
202400048489,02:40,Nuit sans éclairage,29,29151,1,1,2,7.0,RN12,48.58791188,-3.80811889,02:40:00,2024-12-03
202400048490,20:30,,67,67482,2,1,1,3.0,SCHIRMECK (ROUTE DE),48.574223,7.724009,20:30:00,2024-10-26
202400048491,13:50,Plein jour,24,24037,2,1,1,6.0,FENELON  (RUE),44.84709,0.48223,13:50:00,2024-11-23
202400048492,13:00,Plein jour,19,19031,2,1,1,6.0,TURGOT (AVENUE),45.1661,1.52622,13:00:00,2024-12-04
202400048493,21:20,,64,64024,1,1,1,3.0,BAB (Boulevard),43.49684,-1.49899,21:20:00,2024-10-27
202400048494,15:00,Plein jour,59,59636,2,9,1,2.0,WAMBRECHIES RUE DE,50.68171,3.0629,15:00:00,2024-10-28
202400048495,19:50,,13,13211,2,1,1,3.0,SAINT MARCEL (BOULEVARD DE ),43.28577,5.46847,19:50:00,2024-12-01
202400048496,15:00,Plein jour,57,57227,2,3,8,3.0,ST REMY(AV.)R.DE LA CHAPLLE NC. AU CARR.,49.18709,6.89826,15:00:00,2024-10-03
202400048497,17:50,Nuit sans éclairage,11,11069,1,1,1,3.0,Unknown,43.2038,2.387097,17:50:00,2024-12-02
202400048498,11:10,Plein jour,56,56098,2,1,1,3.0,Avenue François Mitterrand,47.76662,-3.33556,11:10:00,2024-10-26
202400048499,12:30,Plein jour,01,01283,2,6,1,6.0,Unknown,46.25415,5.63719,12:30:00,2024-10-10
202400048500,20:04,,49,49007,2,3,1,3.0,PASTEUR AVENUE,47.47511,-0.53545,20:04:00,2024-10-27
202400048501,17:10,,75,75106,2,2,1,6.0,PLACE SAINT SULPICE,48.851236,2.332962,17:10:00,2024-12-04
202400048502,18:35,Nuit sans éclairage,37,37122,1,9,1,2.0,JEAN JAURES,47.34774269,0.64628729,18:35:00,2024-10-27
202400048503,15:30,Plein jour,75,75117,2,2,1,6.0,RUE CARDINET,48.888626,2.315666,15:30:00,2024-12-04
202400048504,07:45,Plein jour,37,37233,2,6,2,6.0,ARC EN CIEL ( ROND POINT DE L'),47.39212,0.72542,07:45:00,2024-10-27
202400048505,12:10,Plein jour,75,75117,2,3,1,2.0,BOULEVARD DE COURCELLES,48.88120859,2.31557518,12:10:00,2024-12-04
202400048506,12:45,Plein jour,34,34172,2,1,8,6.0,MADELEINE (RUE DE LA),43.58257,3.86079,12:45:00,2024-10-28
202400048507,14:30,Plein jour,34,34032,1,1,3,1.0,MAUREILHAN (ROUTE DE),43.34617,3.16556,14:30:00,2024-10-25
202400048508,20:05,,75,75117,2,1,1,4.0,PLACE DE LA PORTE DE CHAMPERRET,48.885825,2.290389,20:05:00,2024-12-03
202400048509,18:30,Crépuscule,33,33063,2,1,1,2.0,Unknown,44.861705,-0.586412,18:30:00,2024-10-28
202400048510,04:55,,75,75116,2,1,1,6.0,AVENUE DU PRESIDENT KENNEDY,48.855024,2.284189,04:55:00,2024-12-04
202400048511,21:45,,75,75108,2,7,1,7.0,PLACE DU GENERAL BROCARD,48.878058,2.305094,21:45:00,2024-12-04
202400048512,11:20,Plein jour,33,33522,2,6,8,2.0,Unknown,44.81853,-0.60209,11:20:00,2024-10-28
202400048513,09:45,Plein jour,32,32013,2,1,8,2.0,PESSAN (ROUTE DE),43.64091,0.5959,09:45:00,2024-10-28
202400048514,21:15,,75,75117,2,2,1,2.0,BOULEVARD DU FORT DE VAUX,48.892285,2.300999,21:15:00,2024-12-03
202400048515,14:39,Plein jour,31,31555,2,1,1,3.0,REVEL (RTE DE) DU 2AU 306,43.56797502,1.50547564,14:39:00,2024-10-28
202400048516,19:30,,75,75107,2,1,1,3.0,RUE SEDILLOT,48.85911,2.301506,19:30:00,2024-12-04
202400048517,11:20,Plein jour,30,30007,2,1,1,7.0,BLANC (BD LOUIS),44.1252,4.08028,11:20:00,2024-10-28
202400048518,16:05,Crépuscule,75,75104,2,3,2,6.0,RUE DE RIVOLI,48.855097,2.361671,16:05:00,2024-12-03
202400048519,21:45,,29,29019,2,2,2,3.0,rue Coat ar Gueven,48.393516,-4.481329,21:45:00,2024-10-26
202400048520,12:20,Plein jour,75,75104,2,2,1,1.0,RUE DE RIVOLI,48.8575,2.351437,12:20:00,2024-12-03
202400048521,23:45,,75,75101,2,1,2,7.0,QUAI DES TUILERIES,48.862854,2.324289,23:45:00,2024-12-02
202400048522,23:20,,29,29019,2,2,1,3.0,avenue Victor Le Gorgeu,48.41000688,-4.51418728,23:20:00,2024-10-24
202400048523,09:25,Plein jour,75,75104,2,2,1,6.0,RUE DES DEUX PONTS,48.852421,2.357151,09:25:00,2024-12-02
202400048524,18:22,Nuit avec éclairage,26,26198,1,1,1,6.0,Chemin des Leonards,44.58379413,4.74899054,18:22:00,2024-10-28
202400048525,14:50,Plein jour,94,94011,2,9,1,3.0,avenue jean Monnet,48.76281607,2.4797363,14:50:00,2024-12-04
202400048526,09:05,Plein jour,25,25056,2,1,1,5.0,CLEMENCEAU AVENUE G.,47.23542,5.99449,09:05:00,2024-10-28
202400048527,21:13,,94,94078,2,1,2,3.0,Rue de Paris,48.7483,2.44627,21:13:00,2024-12-03
202400048528,22:10,,94,94073,2,1,1,1.0,Avenue Léon Marchand,48.765814,2.391362,22:10:00,2024-12-04
202400048529,21:45,,13,13056,2,3,1,3.0,TURCAN FRANCIS,43.41219,5.04691,21:45:00,2024-10-28
202400048530,14:25,Plein jour,93,93055,2,3,1,3.0,ALFRED LESIEUR (AVENUE),48.90456721,2.3956329,14:25:00,2024-12-04
202400048531,19:00,,93,93051,2,2,1,3.0,GABRIEL PERI (AVENUE),48.8345,2.56575,19:00:00,2024-12-04
202400048532,19:30,,13,13214,2,4,1,3.0,MERLAN (AVENUE),43.33762,5.40774,19:30:00,2024-10-28
202400048533,18:50,Crépuscule,93,93046,2,2,1,3.0,EUROPE BOULEVARD DE L',48.92476,2.54795,18:50:00,2024-12-03
202400048534,11:40,Plein jour,13,13047,1,1,1,5.0,RD 1569,43.53077,4.96007,11:40:00,2024-10-28
202400048535,17:52,,93,93006,2,1,1,6.0,GIRARDOT RUE,48.87462888,2.42558867,17:52:00,2024-12-04
202400048536,22:35,,12,12202,2,1,1,3.0,COMBAREL (RUE),44.34955,2.57194,22:35:00,2024-10-04
202400048537,23:10,,92,92078,2,3,1,2.0,EDOUARD MANET (RUE),48.93460917,2.33141541,23:10:00,2024-12-03
202400048538,19:25,Crépuscule,12,12202,2,1,1,2.0,DENYS PUECH (BOULEVARD),44.3501,2.57809,19:25:00,2024-10-03
202400048539,15:43,Plein jour,75,75110,2,2,1,6.0,BOULEVARD DE STRASBOURG,48.874896,2.357327,15:43:00,2024-10-28
202400048540,19:16,,92,92073,2,3,1,4.0,GALLIENI (QUAI),48.87372859,2.23626763,19:16:00,2024-12-04
202400048541,22:18,,75,75106,2,3,1,1.0,BOULEVARD SAINT MICHEL,48.84336,2.338657,22:18:00,2024-10-27
202400048542,19:00,,92,92050,2,2,1,3.0,CLEMENCEAU GEORGES AVENUE N° PAIR,48.88577,2.21924,19:00:00,2024-12-03
202400048543,21:25,,75,75106,2,2,1,3.0,RUE SAINT SULPICE,48.851469,2.337057,21:25:00,2024-10-27
202400048544,18:00,,92,92048,2,2,1,3.0,BELGIQUE (RUE DE LA),48.81036749,2.24750519,18:00:00,2024-12-04
202400048545,15:00,Plein jour,75,75117,2,1,1,6.0,RUE CARDINET,48.888151,2.315241,15:00:00,2024-10-28
202400048546,18:30,,92,92024,2,1,1,6.0,HUIT MAI 1945 (RUE DU),48.89816851,2.3101797,18:30:00,2024-12-04
202400048547,17:04,Crépuscule,75,75115,2,2,1,3.0,QUAI DE GRENELLE,48.849834,2.282904,17:04:00,2024-10-28
202400048548,22:30,Nuit sans éclairage,92,92023,2,1,1,2.0,GENERAL EISENHOWER (AVENUE),48.77620309,2.23787293,22:30:00,2024-12-04
202400048549,20:30,,75,75108,2,1,1,7.0,COURS ALBERT 1ER,48.864821,2.305529,20:30:00,2024-10-28
202400048550,16:14,Plein jour,75,75107,2,2,1,3.0,PONT DE L ALMA,48.862452,2.301766,16:14:00,2024-10-28
202400048551,20:36,Nuit sans éclairage,39,39547,1,1,1,1.0,Unknown,46.349571,5.751772,20:36:00,2024-12-03
202400048552,18:25,,75,75102,2,7,1,1.0,PLACE DES PETITS PERES,48.866349,2.341078,18:25:00,2024-10-28
202400048553,15:50,Plein jour,94,94044,2,9,1,6.0,Rue du Tertre,48.75091,2.49081,15:50:00,2024-10-28
202400048554,02:00,,94,94074,2,6,1,6.0,rue LOUIS ARMAND,48.76157,2.4484,02:00:00,2024-10-27
202400048555,07:40,Nuit sans éclairage,54,54083,1,1,5,1.0,D914,48.62322594,6.48747344,07:40:00,2024-12-04
202400048556,11:10,Plein jour,94,94073,2,1,5,2.0,Avenue de Fontainebleau,48.76846,2.36816,11:10:00,2024-10-28
202400048557,08:50,Plein jour,47,47040,1,2,1,3.0,Avenue des Landes,44.193601,0.583874,08:50:00,2024-12-05
202400048558,07:50,Crépuscule,94,94022,2,1,5,2.0,Avenue de Lugo,48.7709,2.409,07:50:00,2024-10-28
202400048559,09:30,Plein jour,94,94019,2,1,8,6.0,Avenue de l’Hippodrome,48.7994,2.5691,09:30:00,2024-10-27
202400048560,08:00,Plein jour,93,93078,2,2,8,3.0,COLBERT (AVENUE),48.95276,2.53605,08:00:00,2024-10-28
202400048561,19:40,,93,93051,2,3,1,6.0,LEO LAGRANGE,48.84755,2.52956,19:40:00,2024-10-28
202400048562,08:45,Plein jour,93,93001,2,1,1,6.0,VICTOR HUGO (AVE)  => N° 129,48.90926566,2.37835525,08:45:00,2024-10-28
202400048563,09:50,Plein jour,92,92040,2,1,1,3.0,CAMILLE DESMOULINS,48.83072674,2.26606429,09:50:00,2024-10-28
202400048564,12:00,Plein jour,92,92024,2,1,1,4.0,JEAN JAURES (BD) DE 47 A 109)   (56 A 14,48.90402271,2.30296835,12:00:00,2024-10-28
202400048565,21:05,Nuit sans éclairage,92,92023,2,1,1,6.0,GENERAL EISENHOWER (AVENUE),48.77702221,2.22973332,21:05:00,2024-10-28
202400048566,19:55,Nuit avec éclairage,92,92012,2,1,1,3.0,QUATRE SEPTEMBRE (QUAI DU),48.84839082,2.22734481,19:55:00,2024-10-28
202400048567,19:40,,92,92004,2,1,1,2.0,INTERCOMMUNAL (B),48.93174173,2.28318751,19:40:00,2024-10-28
202400048568,10:45,Plein jour,37,37010,1,1,5,1.0,Rue du 11 Novembre,47.54878184,0.9212122,10:45:00,2024-10-28
202400048569,12:10,Plein jour,01,01207,1,1,1,1.0,D904 pK 016.000,45.993414,4.953182,12:10:00,2024-10-28
202400048570,16:18,Plein jour,76,76377,1,1,1,6.0,A28,49.487566,1.140883,16:18:00,2024-10-29
202400048571,18:15,Crépuscule,71,71130,1,1,1,6.0,D187,46.52645,4.744742,18:15:00,2024-10-27
202400048572,13:05,Plein jour,33,33176,2,1,1,2.0,Unknown,44.620937,-0.252999,13:05:00,2024-10-13
202400048573,09:15,Plein jour,07,07302,1,1,5,5.0,D2,44.657351,4.703629,09:15:00,2024-10-29
202400048574,08:20,Plein jour,63,63110,1,1,4,7.0,"A89, pk 323+000",45.79547154,2.76439187,08:20:00,2024-01-06
202400048575,04:15,Nuit sans éclairage,30,30141,2,1,6,7.0,Route de Laudun,44.098434,4.686774,04:15:00,2024-01-05
202400048576,15:30,Plein jour,62,62080,2,1,1,6.0,D917,50.10234282,2.85273432,15:30:00,2024-01-07
202400048577,18:10,Crépuscule,65,65460,1,1,1,6.0,D934,43.385176,0.092622,18:10:00,2024-01-06
202400048578,15:00,Plein jour,32,32410,2,1,8,7.0,26 Rue de la République,43.492351,0.930619,15:00:00,2024-01-07
202400048579,04:45,,71,71522,1,1,2,6.0,999 Route de Cuisery,46.603275,4.98687,04:45:00,2024-01-07
202400048580,18:00,,63,63223,1,4,2,2.0,RD2144 / Lieu Dit la Baraque Brûlée,46.129932,2.867281,18:00:00,2024-01-06
202400048581,20:55,Nuit sans éclairage,63,63290,1,1,4,6.0,D90,45.899558,2.924649,20:55:00,2024-01-06
202400048582,05:40,Nuit sans éclairage,61,61394,1,1,1,6.0,D7,48.256746,0.610579,05:40:00,2024-01-07
202400048583,23:50,Nuit sans éclairage,47,47195,1,1,1,6.0,1512 Route d'Espiens,44.140098,0.361056,23:50:00,2024-01-06
202400048584,15:25,Plein jour,68,68129,1,1,9,6.0,départementale D166,47.727215,7.20922,15:25:00,2024-01-06
202400048585,12:00,Plein jour,22,22194,1,1,3,6.0,penn an ale,48.625573,-3.616358,12:00:00,2024-01-05
202400048586,04:00,Nuit sans éclairage,44,44031,1,1,1,6.0,Unknown,47.631272,-1.201093,04:00:00,2024-01-07
202400048587,18:30,Nuit sans éclairage,29,29105,1,4,2,1.0,D30,48.50549726,-4.09493473,18:30:00,2024-01-05
202400048588,11:00,Plein jour,29,29105,2,6,2,7.0,Le Drennec,48.52666036,-4.06687894,11:00:00,2024-01-05
202400048589,17:45,Nuit sans éclairage,58,58055,1,1,2,2.0,D981,46.835815,3.558304,17:45:00,2024-01-06
202400048590,14:00,Plein jour,53,53153,1,1,2,4.0,RD 07 PK 35+500 croissant,48.217582,-0.460095,14:00:00,2024-01-06
202400048591,17:00,Nuit sans éclairage,24,24459,1,3,1,3.0,Impasse de Montargille,45.040333,0.663965,17:00:00,2024-01-04
202400048592,19:26,,17,17243,1,1,1,3.0,Route de Montendre,45.243345,-0.273387,19:26:00,2024-01-06
202400048593,16:30,Plein jour,976,97602,1,1,1,1.0,RN1 Mtsahara,-12.67727,45.0948,16:30:00,2024-01-07
202400048594,08:05,Crépuscule,89,89059,1,1,3,3.0,D77,48.062496,3.515962,08:05:00,2024-01-02
202400048595,17:30,Plein jour,33,33240,2,1,1,1.0,Unknown,45.30194654,-0.93435287,17:30:00,2024-01-06
202400048596,12:45,Plein jour,85,85155,1,1,1,2.0,130 Rue de la croisée,46.718019,-1.424918,12:45:00,2024-01-07
202400048597,17:10,Plein jour,44,44176,2,1,1,6.0,107 Rue du Docteur René Laënnec,47.352947,-2.18372,17:10:00,2024-01-06
202400048598,18:10,,22,22225,2,1,1,2.0,Rue du Pavillon Bleu,48.544676,-3.143774,18:10:00,2024-01-06
202400048599,15:00,Plein jour,22,22136,2,6,2,2.0,Rue Arthur Enaud,48.157412,-2.756828,15:00:00,2024-01-05
202400048600,14:45,Plein jour,33,33013,1,1,1,4.0,Unknown,44.862337,-0.503829,14:45:00,2024-01-06
202400048601,17:10,Nuit sans éclairage,91,91471,1,1,1,6.0,RN 118,48.71064,2.18645,17:10:00,2024-01-06
202400048602,14:00,Plein jour,94,94038,1,1,1,2.0,A6B,48.77794082,2.34667686,14:00:00,2024-01-06
202400048603,23:00,,31,31555,2,1,3,6.0,RTE DE SEYSSES,43.551976,1.39551848,23:00:00,2024-05-05
202400048604,00:50,Nuit sans éclairage,78,78545,1,1,1,2.0,A12 W,48.810417,2.05597,00:50:00,2024-01-06
202400048605,01:25,,28,28209,2,1,2,7.0,RN 154,48.48966,1.47193,01:25:00,2024-05-06
202400048606,00:50,Nuit sans éclairage,27,27229,2,1,1,7.0,CITES UNIES (BOULEVARD DES),49.01121,1.14195,00:50:00,2024-04-14
202400048607,16:00,Plein jour,93,93064,1,1,1,2.0,AUTOROUTE A86,48.87109766,2.48225139,16:00:00,2024-01-06
202400048608,20:15,Plein jour,13,13001,2,2,8,6.0,FERRINI FORTUNE (AV),43.51037,5.4423,20:15:00,2024-05-06
202400048609,10:20,Plein jour,95,95252,1,1,1,5.0,A15,48.98341557,2.21876294,10:20:00,2024-01-06
202400048610,16:00,Plein jour,06,06069,2,1,1,3.0,144 Avenue Pierre Sémard,43.65354,6.92521,16:00:00,2024-05-06
202400048611,20:30,Nuit sans éclairage,92,92036,1,1,1,2.0,AUTOROUTE A86,48.93838168,2.31330853,20:30:00,2024-01-05
202400048612,12:10,Plein jour,06,06030,2,1,2,3.0,482 Avenue General de Gaulle,43.56976,6.99535,12:10:00,2024-05-06
202400048613,00:15,Nuit sans éclairage,93,93048,1,1,1,2.0,AUTOROUTE A3,48.87140607,2.43234765,00:15:00,2024-01-06
202400048614,08:20,Plein jour,05,05061,2,4,1,1.0,Route de Chabanas,44.56711,6.06762,08:20:00,2024-04-23
202400048615,21:30,Nuit sans éclairage,93,93066,1,1,1,2.0,AUTOROUTE A86,48.9229345,2.34504055,21:30:00,2024-01-05
202400048616,05:30,,75,75115,2,1,1,4.0,BD PERIPHERIQUE EXTERIEUR,48.833786,2.277052,05:30:00,2024-05-05
202400048617,08:45,Plein jour,75,75119,2,1,1,2.0,BD PERIPHERIQUE EXTERIEUR ,48.879032,2.408116,08:45:00,2024-05-06
202400048618,13:50,Plein jour,93,93005,1,1,1,4.0,AUTOROUTE A3,48.95280378,2.47375002,13:50:00,2024-01-05
202400048619,18:10,Plein jour,75,75120,2,3,1,6.0,BOULEVARD DE CHARONNE,48.849787,2.399176,18:10:00,2024-05-06
202400048620,17:20,Plein jour,75,75120,2,1,1,1.0,COURS DE VINCENNES,48.847861,2.4026,17:20:00,2024-05-06
202400048621,07:00,Plein jour,974,97411,2,2,1,3.0,JAURES (BOULEVARD JEAN),-20.89076,55.45503,07:00:00,2024-01-05
202400048622,21:30,Nuit sans éclairage,75,75115,2,2,1,6.0,RUE DE LA CONVENTION,48.837223,2.296425,21:30:00,2024-05-06
202400048623,18:20,Plein jour,974,97409,2,9,2,3.0,DE LA REPUBLIQUE(AVENUE),-20.96215,55.65558,18:20:00,2024-01-05
202400048624,07:55,Plein jour,974,97407,2,1,1,7.0,ROUTE DU SACRE COEUR,-20.95737,55.3153,07:55:00,2024-01-05
202400048625,14:10,Plein jour,75,75112,2,3,1,3.0,AVENUE DAUMESNIL,48.848053,2.373895,14:10:00,2024-05-05
202400048626,08:30,Crépuscule,69,69383,2,1,2,1.0,Avenue Félix Faure,45.75429,4.86492,08:30:00,2024-01-05
202400048627,17:00,Plein jour,75,75110,2,3,1,3.0,BOULEVARD DE MAGENTA,48.882111,2.351067,17:00:00,2024-05-06
202400048628,16:09,Plein jour,972,97207,1,1,1,3.0,Unknown,14.59973193,-60.96986175,16:09:00,2024-01-04
202400048629,17:50,,69,69382,2,9,1,6.0,Route de Métropole 7,45.74880792,4.82808562,17:50:00,2024-01-05
202400048630,11:50,Plein jour,75,75107,2,3,1,3.0,QUAI D ORSAY,48.862505,2.310365,11:50:00,2024-05-06
202400048631,04:45,,75,75107,2,7,2,7.0,BOULEVARD DES INVALIDES,48.850499,2.314447,04:45:00,2024-05-06
202400048632,13:50,Plein jour,971,97120,2,1,1,3.0,HANNE (BOULEVARD),16.24041,-61.53301,13:50:00,2024-01-05
202400048633,15:45,Plein jour,94,94081,2,1,1,6.0,Rue Julian Grimau,48.78044107,2.37351608,15:45:00,2024-05-02
202400048634,08:40,Plein jour,91,91161,2,1,1,1.0,LONGJUMEAU (ROUTE DE),48.70719,2.2971,08:40:00,2024-01-05
202400048635,14:55,Plein jour,91,91421,2,1,1,1.0,LOUIS ARMAND (RUE),48.7076,2.46169,14:55:00,2024-01-05
202400048636,09:20,Plein jour,94,94080,2,1,2,2.0,Rue de Strasbourg,48.85157777,2.43833855,09:20:00,2024-05-05
202400048637,21:35,Nuit sans éclairage,51,51572,1,1,1,2.0,A4 PK 192+700,49.03605072,4.6161237,21:35:00,2024-03-30
202400048638,19:56,Plein jour,94,94079,2,3,1,1.0,Avenue Lamartine / Avenue André Rouy,48.82103477,2.55578238,19:56:00,2024-05-06
202400048639,20:40,Nuit avec éclairage,84,84007,2,6,8,3.0,MARSEILLE (Route de ),43.92656,4.84489,20:40:00,2024-01-05
202400048640,15:00,Plein jour,11,11262,2,6,1,3.0,Unknown,43.166136,3.174362,15:00:00,2024-03-29
202400048641,13:10,Plein jour,94,94081,2,3,1,6.0,Boulevard de Stalingrad / Rue Germaine Tailleferre,48.8035,2.37754,13:10:00,2024-05-06
202400048642,17:15,Plein jour,84,84007,2,1,1,3.0,AMANDIER (Avenue de l'),43.94463,4.85432,17:15:00,2024-01-05
202400048643,14:30,Plein jour,78,78537,1,1,1,6.0,"Autoroute A10, PK 021+700 direction province",48.562891,1.960814,14:30:00,2024-03-30
202400048644,17:00,Plein jour,94,94065,1,1,1,3.0,N186B,48.75385,2.36554605,17:00:00,2024-05-06
202400048645,15:15,Plein jour,81,81004,2,1,1,6.0,SAINT JUERY (AV DE) DU N° 1 AU N° 48,43.9342516,2.1742416,15:15:00,2024-01-05