Num_Acc,hrmn,lum,dep,com,agg,int,atm,col,adr,lat,long,heure,date
202400048646,04:00,Nuit sans éclairage,987,98729,2,1,1,7.0,PK4.5 Maharepa,-17.48156001,-149.79879856,04:00:00,2024-03-31
202400048647,19:02,Plein jour,94,94011,2,1,1,1.0,Route de Stains,48.77860432,2.49154454,19:02:00,2024-05-05
202400048648,00:55,,77,77288,1,9,1,2.0,MAINCY(BOULEVARD),48.54757,2.67686,00:55:00,2024-01-06
202400048649,23:00,Nuit sans éclairage,971,97115,1,1,1,6.0,Route de Routa D2,16.256929,-61.637174,23:00:00,2024-03-30
202400048650,19:25,,77,77394,2,1,1,7.0,TROIS MOULINS  (DES),48.558,2.68014,19:25:00,2024-01-04
202400048651,23:00,,93,93070,2,1,1,3.0,Rue Albert Dhalenne,48.915,2.33157,23:00:00,2024-05-06
202400048652,05:12,Nuit sans éclairage,91,91671,1,1,5,6.0,D191,48.45932,2.264471,05:12:00,2024-03-31
202400048653,18:05,Nuit avec éclairage,72,72181,2,9,1,1.0,CD 139 (RTE DE LAIGNE),47.96947,0.21035,18:05:00,2024-01-05
202400048654,18:40,Plein jour,93,93071,2,6,1,1.0,Avenue Lucie Aubrac / Avenue Henri Barbusse,48.93355,2.54284,18:40:00,2024-05-06
202400048655,05:30,,69,69286,2,1,1,7.0,Route de Genève,45.80743,4.89429,05:30:00,2024-01-05
202400048656,12:55,Plein jour,34,34039,1,6,1,2.0,D613,43.448993,3.645358,12:55:00,2024-03-31
202400048657,16:38,Plein jour,93,93046,2,1,1,2.0,Avenue du Consul General Nordling,48.917612,2.534192,16:38:00,2024-05-06
202400048658,07:50,,66,66136,2,3,8,3.0,Quai Sadi CARNOT,42.70043,2.8937,07:50:00,2024-01-05
202400048659,22:15,Nuit sans éclairage,93,93013,2,6,1,6.0,Carrefour Charles Lindbergh / A1,48.94232,2.43003,22:15:00,2024-05-05
202400048660,17:00,Plein jour,33,33051,2,3,1,3.0,Unknown,44.6475,-0.974333,17:00:00,2024-03-30
202400048661,11:55,Plein jour,64,64483,2,3,2,3.0,Unknown,43.3973,-1.6431,11:55:00,2024-01-05
202400048662,09:35,Plein jour,92,92075,2,1,1,3.0,LARMEROUX (RUE),48.81517,2.27851,09:35:00,2024-05-06
202400048663,23:20,Nuit sans éclairage,64,64545,1,1,3,2.0,RD810,43.35998025,-1.72653526,23:20:00,2024-01-04
202400048664,07:30,Crépuscule,53,53094,1,6,1,7.0,RD 910,48.002156,-0.723435,07:30:00,2024-03-31
202400048665,22:30,,92,92023,2,1,1,7.0,GENERAL DE GAULLE (AV DU) N°130 A 340 ET,48.78865,2.25913,22:30:00,2024-05-05
202400048666,16:15,Plein jour,62,62771,2,1,2,2.0,Rue Casimir Beugnet,50.41978043,2.87612486,16:15:00,2024-01-03
202400048667,19:50,,62,62178,2,1,1,6.0,D188,50.49493736,2.57400121,19:50:00,2024-01-05
202400048668,22:25,,92,92023,2,9,1,3.0,GENERAL DE GAULLE (AV DU) N°130 A 340 ET,48.78343224,2.24666825,22:25:00,2024-05-05
202400048669,04:45,Nuit sans éclairage,49,49023,2,1,1,6.0,Le Château de la Gautrêche (La Jubaudière),47.172437,-0.884383,04:45:00,2024-03-30
202400048670,14:30,Plein jour,62,62753,2,6,1,3.0,Rue des Rosati,50.29529373,2.79143572,14:30:00,2024-01-05
202400048671,21:25,Nuit sans éclairage,60,60040,1,2,1,3.0,Intersection D152 / D101,49.41521935,2.6003259,21:25:00,2024-05-06
202400048672,18:00,Plein jour,94,94034,1,1,1,5.0,A86,48.75762305,2.32812012,18:00:00,2024-03-30
202400048673,19:00,Nuit sans éclairage,59,59284,1,9,2,3.0,CD 40,50.41963,3.407,19:00:00,2024-01-05
202400048674,16:55,Plein jour,35,35139,2,1,1,3.0,21 Rue du Point du Jour,47.978323,-1.716819,16:55:00,2024-05-05
202400048675,13:45,Plein jour,94,94021,1,1,1,6.0,A6A,48.76219453,2.34079795,13:45:00,2024-03-30
202400048676,16:25,Plein jour,59,59426,2,1,2,6.0,TOURCOING (RUE DE),50.746068,3.157887,16:25:00,2024-01-05
202400048677,10:30,Plein jour,47,47080,1,1,1,3.0,2490 route de villeréal,44.608714,0.794824,10:30:00,2024-04-29
202400048678,08:15,Plein jour,71,71227,2,1,3,6.0,15 Rue Pierre et Marie Curie,46.675683,3.9110834,08:15:00,2024-05-06
202400048679,02:14,Nuit sans éclairage,91,91689,1,1,2,2.0,AUTOROUTE A6B,48.74607787,2.32571661,02:14:00,2024-03-30
202400048680,13:05,Plein jour,59,59599,2,1,2,3.0,Boulevard Gambetta,50.711652,3.159233,13:05:00,2024-01-05
202400048681,00:20,Nuit sans éclairage,95,95487,2,1,1,1.0,D4Z,49.15198257,2.26888061,00:20:00,2024-05-07
202400048682,16:45,Plein jour,91,91161,1,1,2,2.0,AUTOROUTE A6,48.70061031,2.31006861,16:45:00,2024-03-29
202400048683,13:00,Plein jour,57,57630,2,2,3,6.0,BELLEVUE (DE),48.740811,7.074128,13:00:00,2024-01-03
202400048684,11:20,Plein jour,974,97422,2,1,1,6.0,8 Rue Jean de Fos du Rau,-21.226477,55.551242,11:20:00,2024-05-04
202400048685,10:18,Plein jour,78,78545,1,1,2,2.0,RN12,48.789613,2.069696,10:18:00,2024-03-30
202400048686,14:40,Plein jour,01,01173,1,1,1,2.0,Route de la Faucille,46.358598,6.052952,14:40:00,2024-05-05
202400048687,15:40,Plein jour,57,57751,2,1,1,2.0,FERDINAND SECHEHAYE (RUE ),49.14967618,6.16644144,15:40:00,2024-01-05
202400048688,18:55,Plein jour,68,68315,2,1,1,6.0,Rue de la Marne,47.889183,7.229691,18:55:00,2024-05-06
202400048689,10:28,Plein jour,78,78206,1,1,2,2.0,A13,48.957461,1.93488,10:28:00,2024-03-30
202400048690,12:25,Plein jour,54,54395,2,2,8,6.0,Rue Raymond Poincaré,48.69103061,6.1751546,12:25:00,2024-01-04
202400048691,15:45,Plein jour,76,76228,1,1,1,7.0,rue des frenes,49.658971,0.808192,15:45:00,2024-05-05
202400048692,00:50,Nuit sans éclairage,95,95252,1,1,3,6.0,A15,48.98070131,2.22524483,00:50:00,2024-03-30
202400048693,14:40,Plein jour,49,49007,2,1,1,3.0,MILLOT BOULEVARD JACQUES,47.45314,-0.53868,14:40:00,2024-01-05
202400048694,09:00,Plein jour,12,12120,1,1,3,1.0,Les Planquettes,44.394715,2.827703,09:00:00,2024-05-07
202400048695,12:00,Plein jour,92,92036,1,1,1,4.0,AUTOROUTE A15,48.94812669,2.28085243,12:00:00,2024-03-29
202400048696,17:50,Plein jour,68,68338,2,1,1,7.0,Chemin du Boland,48.090971,7.286171,17:50:00,2024-05-06
202400048697,04:55,,49,49007,2,1,1,6.0,FAURE QUAI,47.48281,-0.54929,04:55:00,2024-01-05
202400048698,17:33,Plein jour,77,77514,1,1,1,3.0,A104,48.94065417,2.62841122,17:33:00,2024-03-30
202400048699,07:20,Plein jour,03,03048,1,1,8,2.0,D953,46.630447,2.771164,07:20:00,2024-05-07
202400048700,14:55,Plein jour,45,45208,2,3,1,3.0,D961 PR 0 + 60,47.994117,2.731601,14:55:00,2024-01-05
202400048701,10:45,Plein jour,45,45208,2,1,1,6.0,104 Rue André Coquillet,47.989396,2.732386,10:45:00,2024-01-05
202400048702,07:45,Plein jour,01,01319,1,2,2,2.0,intersection route de Chapolard / RD 936,46.098884,4.930254,07:45:00,2024-05-07
202400048703,21:20,,974,97416,2,2,1,3.0,LEBLOND 1 (RUE MARIUS ET ARY),-21.33848,55.47721,21:20:00,2024-03-29
202400048704,07:30,Plein jour,14,14085,2,1,2,6.0,Route du Château Malou,49.253944,0.33165,07:30:00,2024-05-06
202400048705,19:00,Plein jour,64,64405,1,1,1,3.0,4 Route de Lembeye,43.352746,-0.254708,19:00:00,2024-05-06
202400048706,22:05,,974,97411,2,1,1,6.0,CAMELIAS (RUE DES),-20.89701,55.46522,22:05:00,2024-03-29
202400048707,16:55,Plein jour,43,43012,1,1,1,2.0,Route de Firminy,45.37685092,4.2171511,16:55:00,2024-05-07
202400048708,13:15,Plein jour,39,39300,2,9,1,3.0,Route de Voiteur,46.688254,5.562962,13:15:00,2024-01-03
202400048709,20:20,,973,97302,2,1,2,3.0,14 ET 22 JUIN 1962,4.93636053,-52.32771456,20:20:00,2024-03-29
202400048710,19:50,Plein jour,36,36146,1,1,1,6.0,La Rouillere,46.45948443,1.71754129,19:50:00,2024-05-03
202400048711,15:10,Plein jour,39,39300,2,3,1,3.0,445 Rue du Château d'Eau,46.678864,5.571128,15:10:00,2024-01-02
202400048712,09:55,Plein jour,973,97302,1,1,2,3.0,MARINGOUINS (ROND-POINT),4.90772665,-52.32258081,09:55:00,2024-03-29
202400048713,17:00,Plein jour,24,24581,2,6,8,3.0,Place du 19 Mars 1962,45.022344,0.542262,17:00:00,2024-05-06
202400048714,07:35,Plein jour,69,69383,2,2,1,6.0,Avenue Lacassagne,45.75277,4.86952,07:35:00,2024-03-29
202400048715,20:45,,35,35238,2,1,1,5.0,LORIENT (DE),48.10705,-1.72658,20:45:00,2024-01-05
202400048716,10:45,Plein jour,04,04088,2,1,1,6.0,457 Route de Mane,43.948285,5.772285,10:45:00,2024-05-07
202400048717,13:35,Plein jour,972,97209,2,1,1,3.0,ARAWAKS (AVENUE DES),14.61912,-61.0407,13:35:00,2024-03-29
202400048718,17:58,Crépuscule,34,34172,2,1,1,6.0,RAVAZ (AVENUE DU PROFESSEUR LOUIS,43.6222,3.84582,17:58:00,2024-01-04
202400048719,11:00,Plein jour,69,69382,2,1,1,6.0,4 Place des Jacobins,45.76026,4.83334,11:00:00,2024-03-29
202400048720,16:08,Plein jour,27,27630,1,1,1,1.0,D613,49.133204,0.801941,16:08:00,2024-05-06
202400048721,19:10,,33,33249,2,1,1,4.0,Unknown,44.86738,-0.50738,19:10:00,2024-01-05
202400048722,14:00,Plein jour,37,37272,2,1,1,6.0,D7,47.341484,0.514244,14:00:00,2024-05-07
202400048723,20:27,,2B,2B037,2,2,1,3.0,TOUTES RUES,42.62769,9.43068,20:27:00,2024-03-29
202400048724,09:50,Plein jour,48,48016,1,1,2,6.0,D31,44.45533,3.465017,09:50:00,2024-05-07
202400048725,16:14,Plein jour,2B,2B033,2,3,1,6.0,TOUTES RUES,42.4211,9.2648,16:14:00,2024-03-28
202400048726,18:15,,33,33200,2,2,1,1.0,Unknown,44.87322,-0.67807,18:15:00,2024-01-05
202400048727,11:09,Plein jour,95,95394,2,1,1,7.0,D44,49.05479935,2.17663444,11:09:00,2024-05-07
202400048728,21:30,,971,97101,1,1,1,6.0,LYCEE DE BAIMBRIDGE,16.2472,-61.52647,21:30:00,2024-03-28
202400048729,14:35,Plein jour,33,33119,2,3,1,2.0,Unknown,44.8604078,-0.51489025,14:35:00,2024-01-05
202400048730,09:00,Plein jour,13,13069,2,6,1,2.0,D572,43.625902,5.15527,09:00:00,2024-05-04
202400048731,12:00,Plein jour,33,33063,2,8,1,6.0,Unknown,44.82828,-0.557272,12:00:00,2024-01-05
202400048732,19:55,,30,30007,2,3,1,3.0,RENARD (RUE JULES),44.13263,4.09792,19:55:00,2024-01-04
202400048733,18:45,Plein jour,91,91657,2,2,1,3.0,AV HENRI BARBUSSE,48.70247,2.42782,18:45:00,2024-03-27
202400048734,20:40,Nuit sans éclairage,06,06152,1,1,1,6.0,5157 Route du Parc,43.609482,7.052246,20:40:00,2024-05-03
202400048735,12:30,Plein jour,42,42279,2,1,2,5.0,Boulevard Jean Jaurès,45.514692,4.263403,12:30:00,2024-05-07
202400048736,12:00,Plein jour,27,27229,2,1,1,6.0,MENDES FRANCE (RUE PIERRE),49.03071,1.15092,12:00:00,2024-01-04
202400048737,20:57,,91,91228,2,3,3,3.0,RUE LEOPOLD SEDAR SENGHOR,48.62595,2.42546,20:57:00,2024-03-29
202400048738,13:45,Plein jour,24,24291,1,1,1,1.0,Rd 704 PK055.696,45.060137,1.195471,13:45:00,2024-05-07
202400048739,13:30,Plein jour,30,30351,2,1,1,7.0,Rue de la Monnaie,43.96039,4.79303,13:30:00,2024-03-28
202400048740,16:20,Plein jour,21,21166,2,1,2,2.0,Avenue Roland Carraz,47.290103,5.014266,16:20:00,2024-01-03
202400048741,11:20,Plein jour,38,38449,1,1,1,5.0,D76,45.639643,5.088011,11:20:00,2024-05-07
202400048742,19:35,Nuit avec éclairage,17,17300,2,1,1,6.0,Avenue Carnot,46.164719,-1.182572,19:35:00,2024-01-05
202400048743,13:25,Plein jour,83,83126,2,6,1,3.0,LA SEYNE A OLLIOULES (CHEMIN DE),43.10976,5.85748,13:25:00,2024-03-29
202400048744,13:12,Plein jour,17,17300,2,1,1,7.0,COURBE   RUE DE LA PETITE,46.145244,-1.134675,13:12:00,2024-01-05
202400048745,19:50,,83,83034,1,6,1,6.0,CD559,43.108762,6.04697084,19:50:00,2024-03-27
202400048746,13:30,Plein jour,978,97801,2,1,1,3.0,R DU PORT,18.078438,-63.080052,13:30:00,2024-02-13
202400048747,14:18,Plein jour,14,14366,2,1,1,3.0,24 Rue Roger Aini,49.14352,0.24684,14:18:00,2024-01-05
202400048748,14:30,Plein jour,971,97124,1,1,1,6.0,Route de Bologne,16.014796,-61.718965,14:30:00,2024-05-06
202400048749,10:52,Plein jour,14,14118,2,6,1,1.0,53 Rue de Vaucelles,49.17516,-0.35372,10:52:00,2024-01-05
202400048750,11:50,Plein jour,83,83027,2,1,1,3.0,85 chemin de la cadiere à Bandol,43.16824059,5.76981501,11:50:00,2024-05-07
202400048751,09:25,Plein jour,81,81163,2,9,1,1.0,FOCH,43.50019,2.3766,09:25:00,2024-03-29
202400048752,18:30,Crépuscule,51,51217,2,1,1,7.0,Rue du Bac,49.082282,3.652015,18:30:00,2024-02-17
202400048753,09:50,Plein jour,57,57701,1,1,3,2.0,Départementale 6,49.09440305,6.09608173,09:50:00,2024-05-06
202400048754,19:00,,972,97214,2,1,1,1.0,Rue Capitaine Laine,14.83241,-61.054518,19:00:00,2024-02-17
202400048755,18:00,Plein jour,63,63038,1,1,2,7.0,D149,45.50799696,2.92492171,18:00:00,2024-05-06
202400048756,12:45,Plein jour,13,13117,2,2,2,3.0,LONDRES (AVENUE DE),43.42719,5.23537,12:45:00,2024-01-05
202400048757,00:35,,81,81065,2,2,1,3.0,VITTOZ (BD.RAYMOND),43.60218,2.24365,00:35:00,2024-03-29
202400048758,09:00,Plein jour,972,97221,1,6,1,3.0,Route Nationale Rn5 - Rond point PETIT BOURG,14.545204,-60.974808,09:00:00,2024-02-18
202400048759,16:00,Plein jour,38,38381,1,1,2,3.0,RD 1006,45.548776,5.509268,16:00:00,2024-05-06
202400048760,20:16,Nuit sans éclairage,13,13019,1,3,1,3.0,ROUTE D’APT,43.44203,5.36128,20:16:00,2024-01-04
202400048761,14:10,Plein jour,51,51597,1,1,3,7.0,D22,49.047475,3.887122,14:10:00,2024-02-18
202400048762,13:50,Plein jour,77,77152,1,1,1,2.0,D142,48.50982,2.59925,13:50:00,2024-03-28
202400048763,17:05,Plein jour,27,27448,2,1,1,6.0,Rue Edouard Isambard,49.014663,1.383972,17:05:00,2024-05-07
202400048764,02:15,,59,59074,2,1,1,1.0,Rue Victor Hugo,50.090771,3.448209,02:15:00,2024-02-18
202400048765,15:30,Plein jour,77,77251,2,1,1,6.0,RUE DE PARIS,48.632042,2.551941,15:30:00,2024-03-28
202400048766,13:30,Plein jour,13,13215,2,1,3,5.0,SAINT ANTOINE A SAINT JOSEPH (CHEMIN DE),43.34,5.38,13:30:00,2024-01-05
202400048767,16:00,Plein jour,19,19123,2,1,1,7.0,Rue Du Bac,45.170885,1.568556,16:00:00,2024-02-17
202400048768,03:30,Nuit sans éclairage,13,13211,1,1,8,7.0,A50-Sens Aubagne vers Marseille,43.29428416,5.46912329,03:30:00,2024-05-06
202400048769,09:35,Plein jour,13,13216,1,1,2,1.0,A55-Sens Marseille vers Martigues,43.33013,5.35577,09:35:00,2024-05-02
202400048770,12:28,Plein jour,10,10081,2,2,1,3.0,Rue Jules Ferry,48.3143,4.0611,12:28:00,2024-01-04
202400048771,01:25,Nuit sans éclairage,11,11018,1,1,1,6.0,Route départementale 119,43.210177,2.228272,01:25:00,2024-02-18
202400048772,22:36,Nuit sans éclairage,13,13001,1,1,1,1.0,A51-Sens Aix en Provence vers Marseille,43.52815,5.4275,22:36:00,2024-05-05
202400048773,00:45,Nuit sans éclairage,61,61501,1,1,1,6.0,D203,48.391394,0.758485,00:45:00,2024-02-18
202400048774,09:40,Plein jour,75,75120,2,1,7,2.0,AVENUE CARTELLIER,48.864553,2.412419,09:40:00,2024-01-05
202400048775,14:45,Plein jour,39,39353,1,1,8,6.0,Unknown,46.336099,5.455871,14:45:00,2024-02-17
202400048776,16:40,Plein jour,83,83144,1,1,1,5.0,A57,43.14109384,6.00284963,16:40:00,2024-05-04
202400048777,13:25,Plein jour,75,75118,2,3,1,3.0,RUE ORDENER,48.89268,2.343282,13:25:00,2024-01-05
202400048778,10:50,Plein jour,76,76216,2,1,1,3.0,Route de Dieppe,49.47772,1.04744,10:50:00,2024-03-29
202400048779,10:20,Plein jour,75,75116,2,1,1,3.0,ECHANGEUR MAILLOT,48.876405,2.279135,10:20:00,2024-01-05
202400048780,11:58,Plein jour,57,57162,1,1,1,6.0,RN 431,49.05143515,6.1496715,11:58:00,2024-05-03
202400048781,04:29,Nuit sans éclairage,25,25193,1,1,1,1.0,PK 004+900,47.24704,6.869068,04:29:00,2024-02-15
202400048782,19:45,,75,75116,2,1,2,6.0,ALLEE DE LONGCHAMP,48.869014,2.2547,19:45:00,2024-01-04
202400048783,16:40,Plein jour,76,76351,2,2,1,6.0,SAINTE ADRESSE (DE),49.49898,0.09465,16:40:00,2024-03-28
202400048784,19:46,Plein jour,33,33249,1,1,3,6.0,Unknown,44.88602123,-0.50739007,19:46:00,2024-05-04
202400048785,14:00,Plein jour,75,75112,2,3,1,6.0,RUE SAINT NICOLAS,48.85008,2.373782,14:00:00,2024-01-04
202400048786,23:55,Nuit sans éclairage,29,29266,1,1,1,6.0,Markez,48.4990294,-3.94305435,23:55:00,2024-02-17
202400048787,18:45,Plein jour,76,76270,1,1,1,6.0,RD 6382,49.52606,0.15323,18:45:00,2024-03-28
202400048788,03:50,Nuit sans éclairage,91,91468,1,1,3,6.0,AUTOROUTE A6,48.57582077,2.46518003,03:50:00,2024-05-06
202400048789,22:50,,75,75111,2,1,1,6.0,BOULEVARD RICHARD LENOIR,48.854504,2.37004,22:50:00,2024-01-05
202400048790,00:30,Nuit sans éclairage,01,01232,1,1,1,7.0,Route de Louhans,46.359987,5.252559,00:30:00,2024-02-18
202400048791,20:20,,76,76447,2,1,1,6.0,VICTOR LESUEUR,49.53885,0.18118,20:20:00,2024-03-28
202400048792,22:25,Nuit sans éclairage,78,78322,1,1,1,6.0,A86 EXT,48.780917,2.172721,22:25:00,2024-05-05
202400048793,05:02,Crépuscule,72,72003,1,9,2,6.0,CHATELET (RUE DU),47.94257,0.15099,05:02:00,2024-03-29
202400048794,18:00,,75,75108,2,7,1,1.0,PLACE DE LA CONCORDE,48.865857,2.319886,18:00:00,2024-01-05
202400048795,19:35,Nuit sans éclairage,66,66106,1,1,1,2.0,Unknown,42.495723,2.82413,19:35:00,2024-02-17
202400048796,15:55,Plein jour,78,78640,1,1,2,6.0,RN12 INT,48.78187,2.16525,15:55:00,2024-05-05
202400048797,13:10,Plein jour,75,75108,2,1,1,6.0,RUE BAYARD,48.866961,2.307761,13:10:00,2024-01-05
202400048798,03:00,Nuit sans éclairage,78,78640,1,1,1,6.0,N118,48.780346,2.222654,03:00:00,2024-05-05
202400048799,21:30,,72,72181,2,9,2,2.0,JAURES JEAN (AV) N° PAIRS 2 A 58,47.99522,0.2035,21:30:00,2024-03-28
202400048800,10:00,Plein jour,10,10033,2,1,1,6.0,58 Rue Nationale,48.232559,4.707714,10:00:00,2024-02-13
202400048801,17:16,,75,75102,2,3,1,6.0,BOULEVARD DE SEBASTOPOL,48.86416,2.351399,17:16:00,2024-01-04
202400048802,22:55,Nuit sans éclairage,07,07053,2,9,1,7.0,D 208,44.40063904,4.25178409,22:55:00,2024-02-17
202400048803,19:20,Plein jour,92,92036,1,1,1,2.0,A86,48.93368348,2.27544143,19:20:00,2024-05-04
202400048804,08:22,Plein jour,69,69256,2,1,6,3.0,Avenue Roger Salengro,45.75534497,4.92827849,08:22:00,2024-03-29
202400048805,11:15,Plein jour,07,07132,2,1,1,7.0,Avenue Félicien Blanc,44.540859,4.291663,11:15:00,2024-02-17
202400048806,13:30,Plein jour,69,69271,1,1,1,6.0,Boulevard des Expositions,45.72285,4.95634,13:30:00,2024-03-29
202400048807,12:35,Plein jour,94,94068,2,2,1,6.0,Avenue du Docteur Calmette / Avenue Faidherbe,48.80230868,2.48928984,12:35:00,2024-01-05
202400048808,14:10,Plein jour,78,78242,1,1,2,2.0,A12 Y,48.807637,2.05287,14:10:00,2024-05-04
202400048809,12:15,Plein jour,85,85090,2,2,2,7.0,RD64,46.834121,-0.858757,12:15:00,2024-02-12
202400048810,19:00,Crépuscule,85,85197,1,1,2,6.0,le grand village,46.907972,-1.414951,19:00:00,2024-02-18
202400048811,16:15,Plein jour,64,64445,2,1,2,6.0,HENRI FAISANS,43.29993,-0.36109,16:15:00,2024-03-29
202400048812,11:25,Plein jour,94,94068,2,2,1,3.0,Avenue Gambetta / Boulevard de Créteil,48.798,2.49128,11:25:00,2024-01-05
202400048813,11:00,Crépuscule,95,95277,1,1,1,5.0,A3,48.9683,2.4787,11:00:00,2024-05-06
202400048814,09:35,Plein jour,64,64445,2,1,8,3.0,GENERAL DE GAULLE DU,43.30168,-0.35732,09:35:00,2024-03-29
202400048815,06:00,,27,27467,2,3,2,1.0,rue de la république,49.348034,0.526847,06:00:00,2024-02-17
202400048816,00:20,,94,94052,2,9,1,1.0,Boulevard Albert 1er / Grande Rue Charles de Gaulle,48.83800106,2.49382657,00:20:00,2024-01-05
202400048817,16:00,Plein jour,64,64024,2,1,1,2.0,BIARRITZ (AVENUE DE),43.497,-1.51014,16:00:00,2024-03-27
202400048818,15:25,Plein jour,17,17287,2,1,1,6.0,avenue du prunus,45.270524,-0.25058,15:25:00,2024-02-16
202400048819,22:20,,94,94076,2,2,1,3.0,Avenue de la République / Rue de Verdun,48.787361,2.35419,22:20:00,2024-01-04
202400048820,06:00,,63,63113,2,1,2,3.0,LAGARLAYE (RUE DE),45.77374,3.08494,06:00:00,2024-03-29
202400048821,16:55,Plein jour,37,37249,1,2,1,3.0,CD 959,47.50603113,0.45694113,16:55:00,2024-02-15
202400048822,20:15,Nuit sans éclairage,94,94034,2,1,2,6.0,Avenue du Parc des Sports,48.751904,2.316564,20:15:00,2024-01-05
202400048823,08:55,Plein jour,93,93005,1,1,1,3.0,A3,48.92846579,2.48132772,08:55:00,2024-05-06
202400048824,06:30,Nuit sans éclairage,08,08400,1,1,1,6.0,Unknown,49.649786,4.780195,06:30:00,2024-02-18
202400048825,09:15,Plein jour,62,62413,2,1,1,6.0,D162E1,50.44438,2.90484,09:15:00,2024-03-14
202400048826,09:00,Plein jour,94,94053,2,2,1,3.0,Avenue Pierre Mendès France / Rue Condorcet,48.775588,2.548525,09:00:00,2024-01-05
202400048827,18:12,Plein jour,94,94074,1,1,1,2.0,N406,48.76331327,2.46521831,18:12:00,2024-05-06
202400048828,11:00,Plein jour,67,67324,2,1,1,6.0,16 Rue de la Republique,48.951857,7.641264,11:00:00,2024-02-17
202400048829,07:25,,94,94017,2,6,2,3.0,Rue Carpeaux / Avenue Salvador Allendé,48.80824417,2.55271621,07:25:00,2024-01-04
202400048830,18:49,Plein jour,59,59599,2,2,1,2.0,Chaussée Gramme,50.73814,3.1625,18:49:00,2024-03-29
202400048831,17:30,Plein jour,974,97411,2,2,1,1.0,BOIS DE NEFLES (ROUTE DE),-20.89392,55.47848,17:30:00,2024-05-04
202400048832,17:00,,93,93078,2,3,1,6.0,Avenue Charles de Gaulle / Avenue Du General Leclerc,48.95602,2.5533,17:00:00,2024-01-05
202400048833,11:20,Plein jour,974,97409,2,1,1,2.0,ILE DE FRANCE(AVENUE),-20.94949136,55.64850032,11:20:00,2024-05-05
202400048834,12:00,Plein jour,973,97302,2,1,1,2.0,Route de Montjoly,4.926736,-52.288839,12:00:00,2024-02-18
202400048835,19:00,,93,93072,2,3,1,3.0,Avenue de Stalingrad / Rue des Huleux,48.95788794,2.39659667,19:00:00,2024-01-05
202400048836,09:15,Plein jour,59,59508,2,2,1,6.0,HALLUIN (BOULEVARD D'),50.740377,3.132138,09:15:00,2024-03-29
202400048837,18:25,Nuit sans éclairage,82,82125,1,1,1,6.0,A62 PK 186+000,43.972125,1.26596,18:25:00,2024-02-18
202400048838,20:05,,974,97407,2,2,1,1.0,CARPAYE(AVENUE),-20.94557765,55.29832149,20:05:00,2024-05-05
202400048839,17:00,Plein jour,59,59350,2,9,1,6.0,Rue de la Cité,50.63779,3.08736,17:00:00,2024-03-29
202400048840,16:20,Crépuscule,93,93048,2,2,1,3.0,Avenue Ernest Savart / Rue Des Chantereines,48.86841,2.44476,16:20:00,2024-01-05
202400048841,21:30,,93,93030,2,1,1,6.0,Rue Louise Michel,48.9495,2.413985,21:30:00,2024-01-04
202400048842,17:30,Plein jour,59,59024,2,1,1,3.0,DOUAI (RUE DE),50.33394,3.22681,17:30:00,2024-03-28
202400048843,20:40,,69,69383,2,1,1,6.0,Rue du Dauphiné,45.7529,4.87008,20:40:00,2024-05-05
202400048844,15:08,Plein jour,06,06085,1,1,7,6.0,"A8, PK 168.400 chaussée sud",43.581261,6.989536,15:08:00,2024-02-17
202400048845,18:40,,92,92026,2,1,1,2.0,LEVALLOIS (PONT DE),48.90054991,2.27705312,18:40:00,2024-01-05
202400048846,08:30,Plein jour,92,92025,2,3,1,3.0,STALINGRAD (AV DE),48.92778596,2.27177717,08:30:00,2024-01-05
202400048847,17:45,Plein jour,51,51562,1,1,1,2.0,"Autoroute A.34, barrière de péage de TAISSY, sens METZ PARIS",49.21168,4.078312,17:45:00,2024-02-17
202400048848,14:45,Plein jour,69,69386,2,4,1,3.0,Rue des Emeraudes,45.76942,4.86103,14:45:00,2024-05-05
202400048849,09:50,Plein jour,92,92012,2,9,1,3.0,ALPHONSE LE GALLO (QUAI) 35/FIN,48.83707683,2.22422853,09:50:00,2024-01-05
202400048850,07:00,Plein jour,69,69383,2,3,2,3.0,Cours Docteur Long,45.74928,4.88387,07:00:00,2024-05-05
202400048851,21:45,Nuit sans éclairage,973,97311,1,1,1,1.0,Route de St Jean,5.4071,-54.059858,21:45:00,2024-02-17
202400048852,17:25,Plein jour,54,54395,2,1,1,3.0,Rue de Laxou,48.68538851,6.16057277,17:25:00,2024-03-28
202400048853,17:15,Plein jour,85,85126,1,3,1,3.0,"RD 206, pk 007.500",46.4767805,-0.8722704,17:15:00,2024-01-05
202400048854,11:30,Plein jour,972,97209,2,1,1,3.0,CHATEAUBOEUF (ROUTE DE),14.62061,-61.04338,11:30:00,2024-05-05
202400048855,17:00,Plein jour,973,97305,1,1,1,2.0,Route Nationale 1,5.041432,-52.511269,17:00:00,2024-02-17
202400048856,19:05,Nuit sans éclairage,972,97209,2,1,1,6.0,BISHOP (Avenue Maurice),14.6119,-61.05362,19:05:00,2024-05-04