Num_Acc,hrmn,lum,dep,com,agg,int,atm,col,adr,lat,long,heure,date
202400048857,17:50,Plein jour,91,91630,2,1,1,7.0,MALNUIT (4 CHEMIN DE),48.568684,2.061567,17:50:00,2024-02-17
202400048858,14:00,Plein jour,54,54300,2,1,1,6.0,Rue Lucien Galtier,48.66147,6.22235,14:00:00,2024-03-28
202400048859,17:30,Crépuscule,28,28158,1,2,1,3.0,D821,48.413607,1.432994,17:30:00,2024-01-05
202400048860,09:45,Plein jour,29,29068,1,1,4,6.0,RN12,48.52614692,-3.96380165,09:45:00,2024-01-06
202400048861,20:13,Nuit sans éclairage,78,78171,1,9,1,6.0,D936,48.731006,1.710541,20:13:00,2024-02-17
202400048862,17:30,Crépuscule,54,54525,1,1,1,2.0,D125,49.45836,5.86396,17:30:00,2024-03-29
202400048863,10:34,Plein jour,17,17142,2,1,7,6.0,Rue de l'Adjudant Galland,46.188357,-1.068086,10:34:00,2024-01-05
202400048864,12:20,Plein jour,52,52121,2,1,1,3.0,FERRY (RUE JULES),48.09899,5.14443,12:20:00,2024-03-27
202400048865,13:10,Plein jour,84,84106,1,1,1,6.0,D976,44.220523,4.878123,13:10:00,2024-02-18
202400048866,16:50,Plein jour,64,64373,2,6,3,3.0,Unknown,43.28158,-0.36028,16:50:00,2024-06-11
202400048867,18:30,Plein jour,2A,2A004,2,9,1,4.0,#MEZZAVIA ROUTE DE#,41.947,8.763,18:30:00,2024-05-05
202400048868,21:05,Nuit sans éclairage,84,84049,1,1,1,6.0,D7,44.1703,4.997857,21:05:00,2024-02-17
202400048869,21:45,,51,51454,2,7,3,1.0,ROYAL (PLACE),49.25519,4.0339,21:45:00,2024-03-29
202400048870,14:45,Plein jour,41,41278,1,1,1,7.0,Les Petits Perrets,47.66377197,0.96413515,14:45:00,2024-01-05
202400048871,17:47,Plein jour,64,64125,2,1,1,2.0,BAYONNE (AVENUE DE),43.44973,-1.56938,17:47:00,2024-06-10
202400048872,11:40,Plein jour,2A,2A004,2,3,1,3.0,ROUTE DU STILETTO,41.94640592,8.7674439,11:40:00,2024-05-05
202400048873,18:05,Plein jour,50,50129,2,2,1,3.0,ATLANTIQUE (BOULEVARD DE L'),49.62281,-1.63871,18:05:00,2024-03-26
202400048874,12:30,Plein jour,95,95582,2,9,1,1.0,D909,48.96635324,2.26191617,12:30:00,2024-05-05
202400048875,14:20,Plein jour,82,82037,1,1,1,6.0,Route de Puylaroque,44.2048414,1.58419168,14:20:00,2024-01-05
202400048876,18:45,,54,54215,2,3,1,3.0,41 Rue de Metz,48.759874,6.133359,18:45:00,2024-02-17
202400048877,10:14,Plein jour,63,63014,2,1,2,3.0,COURNON (AVENUE DE),45.7556,3.14753,10:14:00,2024-06-11
202400048878,12:30,Plein jour,49,49007,2,1,1,6.0,SAINT LEONARD,47.45872,-0.51768,12:30:00,2024-03-29
202400048879,17:05,Plein jour,95,95127,2,1,2,6.0,OISE (BOULEVARD DE L'),49.03773,2.07892,17:05:00,2024-05-03
202400048880,00:50,Nuit sans éclairage,33,33208,1,3,2,6.0,Unknown,45.390799,-0.971469,00:50:00,2024-01-01
202400048881,15:10,Plein jour,62,62193,2,1,1,6.0,Rue de l’Equateur,50.93439,1.85665,15:10:00,2024-06-11
202400048882,15:32,Plein jour,38,38320,1,3,1,3.0,intersection entre la D1075 et la D52N,45.852844,5.405016,15:32:00,2024-02-18
202400048883,12:20,Plein jour,45,45234,2,3,2,3.0,47 Rue du Bourdon Blanc,47.902749,1.912811,12:20:00,2024-03-29
202400048884,14:15,Plein jour,24,24068,1,1,1,6.0,Route de Bergerac,44.840998,0.856644,14:15:00,2024-02-18
202400048885,12:00,Plein jour,63,63457,1,1,1,6.0,Route d'Ambert,45.642087,3.262081,12:00:00,2024-01-03
202400048886,19:05,Plein jour,59,59512,2,1,1,6.0,Avenue Jean Lebas,50.69189,3.17243,19:05:00,2024-06-11
202400048887,19:55,,76,76222,2,2,1,3.0,Avenue du Président Coty,49.480331,0.873295,19:55:00,2024-02-17
202400048888,23:07,Nuit sans éclairage,54,54046,1,1,1,6.0,RD11,48.53428301,5.83970547,23:07:00,2024-01-05
202400048889,18:10,Plein jour,41,41018,2,3,1,3.0,BAUDET (RUE ETIENNE) 1,47.58749,1.31869,18:10:00,2024-03-28
202400048890,16:40,Plein jour,84,84007,1,1,1,4.0,EUROPE (Pont de l'),43.94452,4.79473,16:40:00,2024-05-05
202400048891,12:20,Plein jour,14,14090,1,1,2,6.0,D562,49.058507,-0.404016,12:20:00,2024-01-06
202400048892,17:10,Plein jour,59,59041,2,1,1,2.0,GUSSIGNIES (RUE DE),50.19725,3.85608,17:10:00,2024-06-10
202400048893,15:30,Plein jour,41,41018,2,1,2,3.0,BRIAND (QUAI ARISTIDE),47.57799,1.33014,15:30:00,2024-03-28
202400048894,01:15,Nuit sans éclairage,78,78227,1,1,1,1.0,CD 922,49.01579,1.94027,01:15:00,2024-05-05
202400048895,05:15,Nuit sans éclairage,13,13106,1,1,1,5.0,A7-Sens Marseille vers Lyon,43.39107,5.35095,05:15:00,2024-02-17
202400048896,13:27,Plein jour,05,05068,1,1,1,1.0,D900b,44.479625,6.088705,13:27:00,2024-01-06
202400048897,16:52,Plein jour,59,59009,2,3,1,6.0,Rue du Podium,50.65301,3.14316,16:52:00,2024-06-10
202400048898,10:45,Plein jour,41,41018,2,1,1,6.0,MERMOZ (RUE JEAN),47.59913,1.31854,10:45:00,2024-03-28
202400048899,16:10,Plein jour,78,78423,2,1,2,2.0,TILLEULS (MAIL DES),48.78687,2.04096,16:10:00,2024-05-05
202400048900,15:00,Plein jour,45,45182,2,1,1,2.0,D15 PR 22 + 468,47.684531,1.782205,15:00:00,2024-01-05
202400048901,18:55,Plein jour,71,71153,2,1,3,6.0,ABATTOIRS (boulevard des),46.78882377,4.4464179,18:55:00,2024-05-05
202400048902,00:30,Nuit sans éclairage,13,13211,1,1,1,5.0,A50-Sens Aubagne vers Marseille,43.28807985,5.44165529,00:30:00,2024-02-17
202400048903,09:35,Plein jour,59,59286,2,1,3,6.0,LHERMITTE FIDELE RUE,50.60937,2.97576,09:35:00,2024-06-10
202400048904,20:15,Nuit sans éclairage,18,18201,1,1,5,7.0,Unknown,46.969213,2.298009,20:15:00,2024-01-05
202400048905,12:50,Plein jour,40,40192,2,1,1,1.0,PEMEGNAN (CHEMIN DE),43.89757,-0.46223,12:50:00,2024-03-28
202400048906,16:15,Plein jour,57,57582,1,1,1,7.0,Autoroute A30,49.29376961,6.16787106,16:15:00,2024-02-14
202400048907,05:15,,69,69264,2,1,2,3.0,Boulevard Burdeau,45.9954602,4.72279744,05:15:00,2024-05-05
202400048908,20:15,Nuit sans éclairage,21,21416,1,6,1,7.0,D701,47.390404,5.31705,20:15:00,2024-01-05
202400048909,13:45,Plein jour,38,38185,2,1,8,2.0,RUE ÉMILE GUEYMARD,45.19197,5.71508,13:45:00,2024-03-29
202400048910,08:10,Plein jour,56,56260,2,1,1,3.0,Rue du R.I.C.M,47.65957,-2.73793,08:10:00,2024-06-11
202400048911,06:10,Crépuscule,69,69092,1,1,2,3.0,Rue de Tarare,45.98064,4.69277,06:10:00,2024-05-05
202400048912,14:03,Plein jour,27,27547,1,1,2,1.0,rue de la croix de fer,49.056939,0.391849,14:03:00,2024-01-05
202400048913,19:13,Plein jour,36,36044,2,1,3,6.0,Unknown,46.79534,1.66534,19:13:00,2024-03-29
202400048914,15:45,Plein jour,33,33063,1,1,1,4.0,Unknown,44.882016,-0.548258,15:45:00,2024-02-17
202400048915,10:00,Plein jour,69,69264,2,1,8,3.0,Rue Pierre Berthier,45.98699726,4.72211739,10:00:00,2024-05-04
202400048916,11:20,Plein jour,54,54329,2,1,1,3.0,Avenue de la Libération,48.58677,6.5099,11:20:00,2024-06-11
202400048917,19:50,,37,37173,2,4,2,1.0,Rue des Acacias,47.134407,1.300973,19:50:00,2024-01-05
202400048918,21:00,,35,35238,2,1,1,5.0,VERN (DE),48.09875,-1.6565,21:00:00,2024-03-29
202400048919,10:15,Plein jour,30,30259,2,1,1,1.0,2052 Route de Nîmes,44.090047,4.109262,10:15:00,2024-01-06
202400048920,16:15,Plein jour,62,62193,2,1,1,2.0,Avenue Roger Salengro,50.94443,1.82269,16:15:00,2024-05-04
202400048921,12:40,Plein jour,92,92002,1,1,1,4.0,RN 385,48.76012157,2.28083073,12:40:00,2024-02-17
202400048922,08:00,Plein jour,54,54273,2,1,7,1.0,Rue Victor Hugo,49.16493,5.87519,08:00:00,2024-06-11
202400048923,13:50,Plein jour,34,34172,2,1,1,6.0,GRAND SAINT JEAN (RUE DU),43.60432,3.87777,13:50:00,2024-03-29
202400048924,15:25,Plein jour,92,92050,1,1,1,2.0,A14,48.89648239,2.22334855,15:25:00,2024-02-17
202400048925,01:30,Nuit sans éclairage,30,30284,1,1,1,3.0,N106,44.160403,4.059706,01:30:00,2024-01-06
202400048926,17:25,Plein jour,59,59350,2,5,1,3.0,Place Antoine Tacq,50.62092,3.03468,17:25:00,2024-05-05
202400048927,11:30,Plein jour,88,88099,2,6,2,6.0,1 Rue Nicolas Barry,48.216123,6.437688,11:30:00,2024-01-06
202400048928,12:00,Plein jour,34,34172,2,1,1,3.0,CROIX CAPITAINE (AVENUE DE LA),43.603215,3.862317,12:00:00,2024-03-29
202400048929,13:35,Plein jour,92,92064,1,1,1,4.0,A13,48.83969235,2.21105474,13:35:00,2024-02-17
202400048930,15:25,Plein jour,49,49246,2,1,1,4.0,GAULLE RUE CHARLES DE,47.42458,-0.52505,15:25:00,2024-06-10
202400048931,17:20,Plein jour,56,56260,2,6,1,3.0,Rue Jean Martin,47.65327,-2.74157,17:20:00,2024-05-04
202400048932,12:40,Plein jour,68,68375,1,9,1,3.0,Rue d'Ensisheim,47.822005,7.275967,12:40:00,2024-01-05
202400048933,13:55,Plein jour,34,34172,2,1,7,6.0,PONT DE LAVERUNE (RUE DU),43.60728,3.83829,13:55:00,2024-03-29
202400048934,19:30,Plein jour,45,45004,1,1,2,6.0,D2007 PR 27 + 1261,47.984043,2.741428,19:30:00,2024-05-04
202400048935,02:25,Nuit avec éclairage,95,95277,1,1,1,2.0,D170,48.97812113,2.44278594,02:25:00,2024-02-17
202400048936,08:45,Plein jour,49,49246,2,1,1,3.0,HUGO VICTOR RUE,47.42963,-0.52792,08:45:00,2024-06-10
202400048937,11:35,Plein jour,01,01115,1,1,1,2.0,"A40, pk 185.000, direction GENEVE",46.270874,5.06223,11:35:00,2024-01-06
202400048938,09:00,Plein jour,42,42218,2,1,1,6.0,Avenue de Rochetaillée,45.419348,4.399394,09:00:00,2024-05-05
202400048939,16:50,Plein jour,31,31555,2,3,1,3.0,ALL FORAIN FRANCOIS VERDIER,43.59855011,1.45251542,16:50:00,2024-03-29
202400048940,20:30,,69,69268,1,1,1,2.0,Avenue du General Brosset,45.65743046,4.75125236,20:30:00,2024-01-05
202400048941,17:25,Plein jour,47,47031,2,1,1,3.0,Avenue de Bigorre,44.18035,0.63402,17:25:00,2024-06-11
202400048942,17:00,Plein jour,94,94017,1,1,1,4.0,A4,48.82665078,2.51617424,17:00:00,2024-02-17
202400048943,00:35,,31,31555,2,3,1,3.0,AV ETIENNE BILLIERES,43.59761774,1.42956108,00:35:00,2024-03-29
202400048944,08:30,Plein jour,45,45004,2,1,1,3.0,43 Rue des Écoles,47.97429,2.74762,08:30:00,2024-06-11
202400048945,00:45,Nuit sans éclairage,28,28199,1,1,6,4.0,Autoroute A10,48.210919,1.847806,00:45:00,2024-01-02
202400048946,16:00,Plein jour,37,37261,2,1,2,2.0,MALRAUX (QUAI ANDRE),47.39743,0.70164,16:00:00,2024-05-04
202400048947,06:45,Nuit sans éclairage,94,94075,1,1,1,3.0,N19,48.7314664,2.52344484,06:45:00,2024-02-17
202400048948,17:15,Plein jour,42,42207,2,1,1,6.0,Route du Coin,45.46959696,4.52938266,17:15:00,2024-06-05
202400048949,14:50,Plein jour,29,29232,2,6,2,2.0,Rond-Point de Troyalac'h,47.9782103,-4.02114783,14:50:00,2024-03-29
202400048950,15:25,Plein jour,33,33063,2,1,1,6.0,Unknown,44.83436,-0.56401,15:25:00,2024-05-05
202400048951,22:50,Nuit sans éclairage,38,38029,1,1,2,1.0,A43,45.57057676,5.56350176,22:50:00,2024-01-05
202400048952,18:55,Nuit sans éclairage,76,76391,1,1,8,7.0,A13,49.341077,0.93519,18:55:00,2024-01-05
202400048953,17:45,Plein jour,29,29019,2,3,1,3.0,QUELIVERZAN,48.391107,-4.50683,17:45:00,2024-03-29
202400048954,06:34,Crépuscule,33,33063,2,1,1,6.0,Unknown,44.87417,-0.56487,06:34:00,2024-05-05
202400048955,14:00,Plein jour,27,27229,2,1,1,6.0,MONNET (RUE JEAN),49.03401,1.18271,14:00:00,2024-03-29
202400048956,05:40,Plein jour,988,98821,1,2,1,1.0,Tribu de Bangou - Terre coutumière,-22.03597,166.27166,05:40:00,2024-01-06
202400048957,10:15,Plein jour,988,98818,2,1,1,5.0,RUE ANDRE DE BECHADE,-22.24564,166.46378,10:15:00,2024-02-16
202400048958,16:00,Plein jour,978,97801,2,1,1,6.0,R LADY FISH,18.059752,-63.099301,16:00:00,2024-01-05
202400048959,19:00,Plein jour,25,25056,2,6,8,6.0,LANGUEDOC RUE DU,47.219761,5.965558,19:00:00,2024-03-29
202400048960,17:35,Plein jour,42,42218,2,3,1,5.0,Avenue de Rochetaillée,45.41838,4.3999,17:35:00,2024-05-22
202400048961,12:10,Plein jour,974,97411,2,3,1,6.0,ANNE (SAINTE-),-20.88278,55.44757,12:10:00,2024-02-14
202400048962,23:55,,13,13104,2,3,2,3.0,Boulevard Neptune,43.331027,5.117483,23:55:00,2024-01-05
202400048963,20:20,Plein jour,26,26362,2,1,1,7.0,Avenue du Tricastin,44.9359344,4.88898039,20:20:00,2024-05-05
202400048964,17:50,Nuit sans éclairage,77,77084,1,9,3,7.0,D3e,48.959172,3.040874,17:50:00,2024-01-03
202400048965,04:45,,13,13208,2,2,1,3.0,PRADO (AVENUE DU),43.30434,5.41544,04:45:00,2024-03-29
202400048966,14:00,Plein jour,52,52449,1,1,2,7.0,D17,47.82349176,5.39730352,14:00:00,2024-01-06
202400048967,20:50,Nuit sans éclairage,974,97407,2,1,1,5.0,ROUTE DU SACRE COEUR,-20.95885,55.32,20:50:00,2024-02-16
202400048968,10:45,Plein jour,68,68287,1,1,1,6.0,D83,47.946369,7.292379,10:45:00,2024-01-05
202400048969,18:45,Plein jour,42,42218,2,1,1,6.0,Place Louis Comte,45.43179,4.38785,18:45:00,2024-06-10
202400048970,11:30,Plein jour,13,13207,2,2,1,3.0,Corniche John Fitzgérald Kennedy,43.26858,5.37053,11:30:00,2024-03-28
202400048971,21:20,,973,97302,2,2,1,3.0,MANDELA  (BOULEVARD),4.94063,-52.3268,21:20:00,2024-02-16
202400048972,11:00,Plein jour,63,63226,1,1,2,3.0,D1,45.777109,3.24705,11:00:00,2024-01-06
202400048973,05:54,Crépuscule,22,22113,2,6,2,6.0,R.D.767,48.7238,-3.43073,05:54:00,2024-04-25
202400048974,17:40,Crépuscule,26,26038,1,1,2,1.0,D67,45.046587,4.932046,17:40:00,2024-01-05
202400048975,15:26,Plein jour,973,97302,2,2,1,3.0,ROUGET DE L ' ISLE,4.93861,-52.32701,15:26:00,2024-02-16
202400048976,13:15,Plein jour,41,41018,2,1,1,3.0,MAUNOURY (AVENUE DE MARECHAL),47.59533,1.34084,13:15:00,2024-06-11
202400048977,18:26,,60,60009,2,1,2,6.0,Avenue Paul Greber,49.408268,2.121075,18:26:00,2024-01-06
202400048978,15:10,Plein jour,22,22113,1,1,1,3.0,R.D.767,48.761782,-3.447333,15:10:00,2024-05-04
202400048979,19:45,,69,69387,2,9,1,3.0,Rue Michel Felizat,45.74004,4.83742,19:45:00,2024-02-16
202400048980,08:05,Plein jour,13,13063,2,1,1,2.0,MARECHAL JUIN AVENUE,43.58234,4.99597,08:05:00,2024-02-29
202400048981,12:55,Plein jour,16,16102,2,1,2,3.0,Unknown,45.68642594,-0.32353878,12:55:00,2024-05-04
202400048982,10:15,Plein jour,37,37122,2,1,1,2.0,JEAN JAURES,47.34912008,0.66574851,10:15:00,2024-06-11
202400048983,19:37,Nuit sans éclairage,13,13117,1,1,1,2.0,A7-Sens Marseille vers Lyon,43.44617245,5.24263165,19:37:00,2024-01-04
202400048984,13:20,Plein jour,83,83144,1,1,2,6.0,A57,43.14119016,6.0027409,13:20:00,2024-01-05
202400048985,13:45,Plein jour,13,13063,2,1,1,3.0,ARISTIDE BRIAND BOULEVARD,43.58162,5.00345,13:45:00,2024-03-29
202400048986,15:15,Plein jour,69,69386,2,2,1,3.0,Rue Bossuet,45.7682,4.85442,15:15:00,2024-02-16
202400048987,05:40,Nuit sans éclairage,13,13043,2,1,1,4.0,FRANCOIS MITTERAND (AV ),43.39649,5.24337,05:40:00,2024-05-05
202400048988,18:30,Crépuscule,69,69297,1,1,1,5.0,Autoroute 7,45.59306096,4.79683731,18:30:00,2024-01-03
202400048989,14:25,Plein jour,69,69388,2,8,1,6.0,Avenue Rockefeller,45.74259453,4.8793593,14:25:00,2024-02-16
202400048990,15:40,Plein jour,11,11069,1,9,1,3.0,Unknown,43.20337,2.37461,15:40:00,2024-03-29
202400048991,23:40,,13,13214,2,3,1,3.0,EDOUARD CALVET (RUE),43.33197,5.3865,23:40:00,2024-05-04
202400048992,19:20,Nuit sans éclairage,33,33281,1,1,8,6.0,Unknown,44.82892129,-0.67556933,19:20:00,2024-01-04
202400048993,09:35,Plein jour,06,06030,2,1,1,6.0,21 Avenue des Ecoles,43.5704,7.00595,09:35:00,2024-05-05
202400048994,18:13,,987,98735,2,1,2,4.0,POMARE (BVD),-17.53762564,-149.56813574,18:13:00,2024-07-12
202400048995,18:55,Plein jour,06,06155,2,3,1,3.0,1 Avenue de la Gare,43.567603,7.073742,18:55:00,2024-05-04
202400048996,15:49,Plein jour,69,69385,2,1,1,3.0,140 Avenue Barthélémy Buyer,45.76360178,4.79891908,15:49:00,2024-02-16
202400048997,23:00,,01,01283,2,1,1,6.0,VERDUN (COURS DE DU 59-86 AU 151),46.256647,5.64457,23:00:00,2024-05-03
202400048998,18:10,,987,98735,2,1,2,2.0,POMARE (BVD),-17.543563,-149.575384,18:10:00,2024-07-12
202400048999,10:40,Plein jour,75,75120,2,1,2,6.0,BD PERIPHERIQUE INTERIEUR,48.864257,2.413279,10:40:00,2024-05-05
202400049000,15:05,Plein jour,33,33039,1,1,1,4.0,Unknown,44.79625,-0.5387,15:05:00,2024-01-04
202400049001,08:50,Plein jour,11,11069,2,9,1,6.0,42 Rue Alexandre Guiraud,43.21297,2.36584,08:50:00,2024-03-29
202400049002,14:22,Plein jour,75,75120,2,3,1,6.0,BOULEVARD DAVOUT,48.856332,2.410332,14:22:00,2024-05-04
202400049003,13:24,Plein jour,36,36044,2,2,1,3.0,Unknown,46.81713,1.68784,13:24:00,2024-06-11
202400049004,18:50,Nuit sans éclairage,91,91136,1,1,1,2.0,AUTOROUTE A10,48.71439,2.27388,18:50:00,2024-01-05
202400049005,16:00,Plein jour,08,08105,2,1,1,6.0,CARNOT AVENUE,49.746509,4.725447,16:00:00,2024-03-29
202400049006,12:20,Plein jour,75,75120,2,3,1,3.0,RUE DE BAGNOLET,48.859638,2.403127,12:20:00,2024-05-05
202400049007,13:00,Plein jour,976,97611,2,1,1,2.0,mgombani-Mahabou (rue de ),-12.78389,45.23069,13:00:00,2024-07-13
202400049008,17:25,Nuit sans éclairage,91,91549,1,1,2,4.0,RN 104,48.625495,2.337277,17:25:00,2024-01-05
202400049009,20:50,Crépuscule,75,75115,2,3,1,7.0,BOULEVARD DE GRENELLE,48.849834,2.295011,20:50:00,2024-05-05
202400049010,13:50,Plein jour,69,69382,2,3,1,3.0,Quai Docteur Gailleton,45.75318,4.834,13:50:00,2024-02-16
202400049011,09:50,Plein jour,07,07102,2,2,1,3.0,CURIE (>RUE PIERRE)[N° AU N°],44.93311662,4.88096058,09:50:00,2024-03-29
202400049012,07:50,Plein jour,75,75113,2,3,2,2.0,RUE DU DESSOUS DES BERGES,48.827046,2.374313,07:50:00,2024-05-05
202400049013,20:10,Plein jour,35,35238,2,3,1,3.0,VOLTAIRE (BD),48.10515178,-1.70055002,20:10:00,2024-06-11
202400049014,08:15,Nuit sans éclairage,78,78362,1,1,1,5.0,A13,48.976168,1.72086,08:15:00,2024-01-05
202400049015,23:40,,75,75110,2,1,1,6.0,RUE DU FAUBOURG SAINT MARTIN,48.876767,2.361076,23:40:00,2024-05-05
202400049016,12:00,Plein jour,01,01283,2,9,1,6.0,ROSES (RUE DES),46.263822,5.650144,12:00:00,2024-03-29
202400049017,16:30,Plein jour,974,97411,1,9,1,3.0,LITTORAL (ROUTE 1 DU),-20.87605496,55.43700314,16:30:00,2024-07-12
202400049018,02:45,,75,75109,2,3,1,7.0,RUE DES MARTYRS,48.880388,2.340446,02:45:00,2024-05-05
202400049019,18:45,,92,92051,1,1,1,2.0,RN13,48.88481223,2.26004455,18:45:00,2024-01-04
202400049020,09:45,Plein jour,971,97107,2,1,1,6.0,DUMANOIR ( ALLEE ),16.03638,-61.56746,09:45:00,2024-02-14
202400049021,02:35,,75,75102,2,2,1,1.0,RUE D ABOUKIR,48.868566,2.349755,02:35:00,2024-05-05
202400049022,06:00,Crépuscule,11,11174,1,9,1,6.0,route départementale 101,43.361573,2.381641,06:00:00,2024-03-30
202400049023,19:41,,973,97302,1,6,1,3.0,MARINGOUINS (ROND-POINT),4.90698,-52.32233,19:41:00,2024-07-13
202400049024,14:28,Plein jour,92,92050,1,1,8,3.0,A14,48.90203877,2.20151625,14:28:00,2024-01-04
202400049025,23:10,,75,75103,2,3,1,3.0,RUE SAINT MARTIN,48.8673,2.354538,23:10:00,2024-05-04
202400049026,10:10,Plein jour,95,95218,2,9,2,6.0,SALVADOR ALLENDE (RUE),49.0188507,2.10166097,10:10:00,2024-02-16
202400049027,18:37,Nuit sans éclairage,78,78646,1,1,8,3.0,RN12,48.78877808,2.13209558,18:37:00,2024-01-03
202400049028,17:25,Plein jour,35,35238,2,3,1,3.0,LORIENT (DE),48.10659,-1.73073,17:25:00,2024-06-11
202400049029,14:50,Plein jour,06,06161,2,2,2,3.0,665 Boulevard Nationale 7,43.635953,7.13352,14:50:00,2024-03-30
202400049030,12:45,Plein jour,91,91657,2,1,2,6.0,HENRI CHARON (AVENUE),48.70369,2.43017,12:45:00,2024-02-16
202400049031,16:40,Plein jour,35,35238,2,1,1,2.0,BULGARIE (BD DE),48.0845,-1.65351,16:40:00,2024-06-11
202400049032,07:40,Nuit sans éclairage,92,92064,1,1,1,4.0,A13,48.83783,2.18999,07:40:00,2024-01-04
202400049033,19:39,Nuit sans éclairage,18,18258,1,1,2,1.0,Unknown,47.362912,2.82796,19:39:00,2024-03-29
202400049034,00:30,,93,93064,2,2,1,7.0,Avenue du Général de Gaulle / Rue Guichard,48.875376,2.481576,00:30:00,2024-04-05
202400049035,10:20,Plein jour,973,97302,2,3,1,1.0,FLAMBOYANTS (RUE DES),4.92370548,-52.31952935,10:20:00,2024-07-13
202400049036,20:00,Crépuscule,91,91114,2,1,1,1.0,SOULINS (RUE DE),48.70217,2.49608,20:00:00,2024-02-15
202400049037,14:10,Plein jour,976,97611,1,1,2,3.0,m'tsapere-Nationale 2 (route),-12.79032,45.22346,14:10:00,2024-01-04
202400049038,15:45,Plein jour,35,35281,1,1,1,6.0,PORTE DE ST NAZAIRE,48.0915,-1.70647,15:45:00,2024-06-11
202400049039,09:10,Plein jour,81,81222,2,2,1,6.0,Avenue Fernand Grimal,43.775076,2.190565,09:10:00,2024-03-30
202400049040,18:10,Plein jour,974,97416,2,1,1,6.0,VIEUX GOUVERNEMENT(RUE DU),-21.34121,55.47308,18:10:00,2024-01-03
202400049041,02:50,Nuit avec éclairage,14,14574,1,3,2,6.0,Route du Pré d'Auge,49.15246,0.17191,02:50:00,2024-09-23
202400049042,01:30,,973,97302,2,3,1,3.0,GALMOT (AVENUE),4.93176,-52.32895,01:30:00,2024-07-13
202400049043,06:50,Crépuscule,63,63001,1,1,2,7.0,D2009,45.9941012,3.18937468,06:50:00,2024-03-30
202400049044,01:20,,93,93064,2,3,1,6.0,Rue Jules Guesde / Rue Laënnec,48.87631064,2.50050008,01:20:00,2024-05-05
202400049045,09:00,Plein jour,35,35238,2,1,1,3.0,GROS MALHON (AVENUE),48.12832,-1.68349,09:00:00,2024-06-11
202400049046,14:50,Plein jour,91,91326,2,9,2,6.0,JEAN DANAUX (RUE),48.68903,2.3853,14:50:00,2024-02-16
202400049047,00:01,Nuit sans éclairage,13,13117,2,1,1,6.0,STADIUM (CD9),43.44334122,5.29629865,00:01:00,2024-09-24
202400049048,11:45,Plein jour,974,97411,2,2,1,3.0,AUBER (RUE JULES),-20.8739,55.45144,11:45:00,2024-01-03
202400049049,14:15,Plein jour,64,64288,1,6,1,7.0,CD817,43.386645,-0.551569,14:15:00,2024-03-24
202400049050,05:30,,93,93066,2,1,1,6.0,Rue Danielle Casanova,48.927057,2.364998,05:30:00,2024-05-05
202400049051,08:40,Plein jour,91,91174,2,1,1,6.0,COMBES MARNES (BOULEVARD),48.60433,2.46426,08:40:00,2024-02-12
202400049052,16:30,Plein jour,69,69386,2,2,9,3.0,Avenue de Grande-Bretagne,45.77338,4.84134,16:30:00,2024-07-13
202400049053,20:25,Nuit sans éclairage,974,97407,1,1,1,6.0,ROUTE NATIONALE N° 1,-20.95443,55.31343,20:25:00,2024-01-04
202400049054,22:49,,13,13211,2,1,1,1.0,POMME (BOULEVARD DE LA ),43.2916,5.44842,22:49:00,2024-09-23
202400049055,08:15,Plein jour,22,22305,1,1,2,2.0,RN 12 PR 07+400,48.273497,-2.179949,08:15:00,2024-03-29
202400049056,12:10,Plein jour,93,93008,2,3,1,2.0,Avenue Henri Barbusse / Rue de la Purée,48.911438,2.433841,12:10:00,2024-05-05
202400049057,08:45,Plein jour,35,35238,2,1,1,2.0,MIRABEAU,48.12537,-1.64251,08:45:00,2024-06-11
202400049058,05:08,,2B,2B037,1,1,1,7.0,TOUTES RUES,42.62119,9.43688,05:08:00,2024-07-13
202400049059,08:10,Plein jour,13,13047,1,1,1,3.0,RN 569,43.57045,4.98144,08:10:00,2024-09-23
202400049060,19:35,,973,97302,2,1,1,1.0,RABAN (ROUTE DE),4.93675335,-52.31512964,19:35:00,2024-01-04
202400049061,21:17,Crépuscule,92,92062,2,1,9,2.0,EICHENBERGER (RUE),48.87982204,2.23559922,21:17:00,2024-05-05
202400049062,19:50,,84,84007,1,2,1,3.0,MORIERES (Route de ),43.94911,4.88151,19:50:00,2024-02-15
202400049063,15:40,Plein jour,62,62526,1,1,7,1.0,N42,50.730765,1.894637,15:40:00,2024-03-30
202400049064,22:12,,971,97101,1,1,1,3.0,AMEDEE ABARRE - SALLE D'ASILE (RUE),16.26167387,-61.50397539,22:12:00,2024-07-09
202400049065,18:45,Nuit sans éclairage,973,97302,2,1,1,3.0,REPUBLIQUE (BD DE LA),4.93797,-52.32304,18:45:00,2024-01-04
202400049066,12:30,Plein jour,07,07102,2,1,1,2.0,CHARLES DE GAULLE (BOULEVARD),44.93261,4.88196,12:30:00,2024-09-23
202400049067,17:20,Plein jour,92,92048,2,9,2,3.0,DOCTEUR ARNAUDET (RUE DU),48.81458801,2.24799174,17:20:00,2024-05-05
202400049068,08:00,Plein jour,35,35238,1,1,1,4.0,RN136,48.14222,-1.65423,08:00:00,2024-06-11
202400049069,21:15,,83,83137,2,1,1,6.0,BRIAND (AVE ARISTIDE DE 1221 A FIN,43.12081,5.89179,21:15:00,2024-02-16
202400049070,10:15,Plein jour,2A,2A212,1,1,1,7.0,RD 81,42.260881,8.682263,10:15:00,2024-05-05