Num_Acc,hrmn,lum,dep,com,agg,int,atm,col,adr,lat,long,heure,date
202400049071,05:31,Crépuscule,95,95585,2,2,1,1.0,D208,48.98787701,2.39013344,05:31:00,2024-07-13
202400049072,10:47,Plein jour,71,71294,2,1,2,3.0,142 Grande Rue,46.836618,4.716804,10:47:00,2024-03-30
202400049073,13:35,Plein jour,07,07102,2,6,1,3.0,MISTRAL (PONT FREDERIC),44.93271,4.8801,13:35:00,2024-09-23
202400049074,22:55,Nuit sans éclairage,77,77291,1,1,1,6.0,N1104,49.009853,2.612416,22:55:00,2024-08-18
202400049075,15:00,Plein jour,40,40304,2,4,1,1.0,Rue des Gemmeurs,43.665804,-1.395961,15:00:00,2024-04-26
202400049076,17:30,Plein jour,973,97302,2,1,1,5.0,CABASSOU (ROUTE DE),4.92046,-52.321,17:30:00,2024-01-04
202400049077,17:30,Plein jour,35,35115,2,1,1,2.0,VERRERIE (AVENUE DE LA),48.36191134,-1.18969569,17:30:00,2024-06-10
202400049078,07:55,Plein jour,07,07281,1,1,8,6.0,C.D.533,44.93602,4.82711,07:55:00,2024-09-23
202400049079,12:45,Plein jour,83,83137,2,1,1,6.0,ESCARTEFIGUE (CORNICHE DU 746 A FIN,43.13503,5.94312,12:45:00,2024-02-16
202400049080,19:15,Plein jour,91,91228,2,1,1,3.0,BD DES COQUIBUS,48.62275,2.44878,19:15:00,2024-07-13
202400049081,01:45,,69,69386,2,1,1,6.0,Cours Vitton,45.76943205,4.85164711,01:45:00,2024-01-05
202400049082,08:05,Plein jour,26,26337,1,1,2,3.0,A7- PK 097+200- sens Sud/Nord,44.71547513,4.78509576,08:05:00,2024-05-06
202400049083,10:00,Plein jour,63,63283,2,1,1,6.0,Rue Saint-Michel,45.86839868,2.67176449,10:00:00,2024-03-24
202400049084,22:00,,80,80021,2,1,1,6.0,317 Rue de Verdun,49.8923,2.32007,22:00:00,2024-02-14
202400049085,05:00,Crépuscule,91,91521,2,9,1,6.0,LIBERATION (AVENUE DE LA) N°28 A 84,48.65229,2.41321,05:00:00,2024-07-05
202400049086,17:50,Plein jour,69,69388,2,1,1,2.0,Rue Challemel Lacour,45.72927,4.85036,17:50:00,2024-01-04
202400049087,20:00,Crépuscule,86,86070,2,1,2,6.0,Place du Marche,46.569634,0.643532,20:00:00,2024-05-05
202400049088,08:00,Plein jour,75,75119,2,1,2,3.0,BD PERIPHERIQUE EXTERIEUR ,48.900355,2.382103,08:00:00,2024-09-23
202400049089,17:30,Plein jour,33,33281,2,6,1,3.0,Unknown,44.83878,-0.65694,17:30:00,2024-06-11
202400049090,10:00,Plein jour,55,55157,1,1,8,6.0,D331,49.01576703,5.60169034,10:00:00,2024-03-30
202400049091,07:00,Plein jour,62,62063,2,1,2,6.0,D339,50.2754405,2.52520058,07:00:00,2024-05-06
202400049092,12:19,Plein jour,972,97209,2,1,1,6.0,ERNEST DEPROGE (RUE),14.60263,-61.07424,12:19:00,2024-01-03
202400049093,11:10,Plein jour,78,78372,1,1,1,3.0,SAINT CYR (ROUTE DE),48.85418,2.08374,11:10:00,2024-02-15
202400049094,09:00,Plein jour,973,97302,2,3,1,3.0,RABAN (ROUTE DE),4.9287686,-52.31342429,09:00:00,2024-08-17
202400049095,07:42,Crépuscule,75,75120,2,1,2,3.0,AVENUE IBSEN,48.86674,2.41285,07:42:00,2024-09-23
202400049096,15:15,Plein jour,44,44007,1,1,1,3.0,5 les 4 Routes,47.640292,-2.012173,15:15:00,2024-03-30
202400049097,18:20,Plein jour,62,62134,2,1,2,1.0,D216,50.53463566,1.91849879,18:20:00,2024-05-05
202400049098,16:15,Plein jour,77,77243,2,1,1,6.0,MAL DE LATTRE DE TASSIGNY (AVENUE DU),48.87841,2.6958,16:15:00,2024-02-16
202400049099,08:23,Plein jour,83,83123,1,3,1,5.0,TOULON (ANCIEN CHEMIN DE),43.12709122,5.8148991,08:23:00,2024-07-13
202400049100,18:50,Nuit sans éclairage,972,97209,1,4,1,3.0,RD 41 (ROCADE),14.61007,-61.08501,18:50:00,2024-01-03
202400049101,18:15,Plein jour,75,75119,2,1,2,7.0,RUE DE CRIMEE,48.882578,2.386075,18:15:00,2024-09-23
202400049102,20:25,Plein jour,56,56190,1,1,1,6.0,Pont Hamon,48.002917,-2.750874,20:25:00,2024-05-05
202400049103,00:37,,29,29232,2,1,1,6.0,Rue de la Tour d'Auvergne,47.990349,-4.083038,00:37:00,2024-06-12
202400049104,09:10,Plein jour,69,69385,2,2,1,3.0,Avenue de la Première Division Française Libre,45.75481603,4.81218084,09:10:00,2024-08-18
202400049105,15:50,Plein jour,38,38254,1,1,6,5.0,d529,44.989638,5.698782,15:50:00,2024-03-29
202400049106,14:23,Plein jour,26,26058,2,1,1,6.0,Rue Gay Lussac,44.94175,4.89346,14:23:00,2024-06-11
202400049107,23:40,,77,77288,2,2,1,3.0,GENERAL DE GAULLE  (RUE DU),48.54154,2.66028,23:40:00,2024-07-12
202400049108,23:25,,72,72181,2,1,1,1.0,CHAMPION HENRI (RUE) N° IMP,47.98466288,0.24052441,23:25:00,2024-02-16
202400049109,09:30,Plein jour,82,82079,1,2,1,2.0,avenue des graves,43.916935,1.309567,09:30:00,2024-05-06
202400049110,22:15,,75,75118,2,3,2,6.0,BOULEVARD NEY,48.897613,2.334012,22:15:00,2024-09-22
202400049111,12:10,Plein jour,33,33083,2,1,1,6.0,Unknown,44.83208,-0.36364,12:10:00,2024-05-06
202400049112,20:00,Plein jour,91,91286,2,1,1,3.0,SAINT-EXUPERY (RUE),48.65204,2.39125,20:00:00,2024-08-18
202400049113,07:50,Plein jour,32,32045,1,1,1,7.0,D939,43.456844,0.407524,07:50:00,2024-05-06
202400049114,22:30,,69,69382,2,1,1,3.0,19 Quai Jules Courmont,45.75965,4.83759,22:30:00,2024-01-04
202400049115,04:20,,75,75117,2,2,1,3.0,AVENUE DE LA PORTE D ASNIERES,48.890169,2.303895,04:20:00,2024-09-23
202400049116,01:45,,69,69256,2,2,1,2.0,Rue Cuzin,45.77558,4.91741,01:45:00,2024-07-13
202400049117,13:15,Plein jour,11,11270,1,1,1,7.0,RD 14 Route de Cucugnan,42.867869,2.651525,13:15:00,2024-05-04
202400049118,08:45,Plein jour,88,88413,2,1,1,1.0,THIERS (RUE),48.28627,6.94932,08:45:00,2024-08-13
202400049119,12:55,Plein jour,26,26362,2,1,1,3.0,Boulevard General de Gaulle,44.93034427,4.89357233,12:55:00,2024-06-11
202400049120,19:30,,72,72181,2,1,1,6.0,EINSTEIN ALBERT (RUE),48.02423,0.17692,19:30:00,2024-02-15
202400049121,18:55,Crépuscule,02,02665,1,2,3,3.0,D1,49.233737,3.37018,18:55:00,2024-03-29
202400049122,17:40,Crépuscule,69,69384,2,1,1,2.0,Tunnel de la Croix-Rousse,45.77440445,4.81477965,17:40:00,2024-01-04
202400049123,06:12,Nuit sans éclairage,85,85191,2,2,1,7.0,Rue newton,46.67481,-1.40043,06:12:00,2024-08-18
202400049124,10:55,Plein jour,25,25056,2,1,1,3.0,DOLE RUE DE (sup 200),47.22459,5.97071,10:55:00,2024-06-11
202400049125,15:00,Plein jour,75,75107,2,3,2,3.0,QUAI D ORSAY,48.86274917,2.31166595,15:00:00,2024-09-23
202400049126,18:45,Plein jour,69,69264,2,3,1,3.0,Rue Emile Zola,45.98492765,4.73161171,18:45:00,2024-07-11
202400049127,12:55,Plein jour,71,71270,2,1,1,3.0,HERRIOT (AVENUE EDOUARD),46.30124,4.83037,12:55:00,2024-02-16
202400049128,15:40,Plein jour,01,01095,1,1,1,1.0,D42,46.298693,5.437374,15:40:00,2024-03-29
202400049129,19:00,,971,97113,1,1,1,6.0,SECTION MOREAU,16.25437,-61.45203,19:00:00,2024-01-04
202400049130,12:15,Plein jour,71,71306,2,1,2,1.0,GRANGE (RUE DE LA),46.66758,4.33878,12:15:00,2024-08-18
202400049131,13:45,Plein jour,11,11024,1,1,1,2.0,Prat de Cest,43.120508,2.95409,13:45:00,2024-05-05
202400049132,17:44,Plein jour,22,22278,2,1,1,6.0,BOUGAINVILLE (DE),48.5208,-2.7184,17:44:00,2024-06-11
202400049133,11:45,Plein jour,69,69259,2,1,1,6.0,Boulevard Irène Joliot Curie,45.71109389,4.88200575,11:45:00,2024-07-13
202400049134,11:35,Plein jour,69,69013,2,6,1,2.0,Route du Verrier,46.02155,4.72016,11:35:00,2024-02-16
202400049135,15:30,Plein jour,61,61307,1,1,1,1.0,Voie Communale,48.870628,0.299527,15:30:00,2024-05-05
202400049136,16:34,Plein jour,971,97113,1,1,1,2.0,RN4-ROND POINT SAINT FELIX,16.20882,-61.46999,16:34:00,2024-01-04
202400049137,18:05,Plein jour,75,75113,2,3,1,4.0,RUE BRILLAT SAVARIN,48.821635,2.352535,18:05:00,2024-09-23
202400049138,10:30,Plein jour,09,09324,2,3,1,3.0,Avenue Jacques Carrie,43.045371,1.628271,10:30:00,2024-03-29
202400049139,11:50,Plein jour,66,66136,2,3,1,6.0,Boulevard Georges Clemenceau,42.70056,2.89106,11:50:00,2024-07-13
202400049140,09:30,Plein jour,22,22113,2,6,1,3.0,MONOD (RUE THEODORE),48.74605,-3.44804,09:30:00,2024-06-11
202400049141,16:00,Plein jour,971,97101,1,1,1,6.0,ROUTE DE BOISVINS,16.26618,-61.47212,16:00:00,2024-01-04
202400049142,00:25,,69,69266,2,1,2,1.0,Rue Léon Blum,45.76039,4.90352,00:25:00,2024-08-19
202400049143,18:30,,69,69199,2,1,1,3.0,Boulevard Yves Farge,45.69297,4.86018,18:30:00,2024-02-16
202400049144,13:15,Plein jour,75,75108,2,1,1,7.0,AVENUE DES CHAMPS ELYSEES,48.872688,2.298689,13:15:00,2024-09-23
202400049145,18:15,Plein jour,46,46336,1,2,3,3.0,D8,44.491956,1.07783,18:15:00,2024-05-05
202400049146,22:09,,64,64122,2,1,1,3.0,"""FOCH (AV, DU MARECHAL)""",43.47845715,-1.55810058,22:09:00,2024-07-12
202400049147,17:10,Plein jour,07,07347,1,1,2,6.0,D121,45.214251,4.576857,17:10:00,2024-03-30
202400049148,07:10,Crépuscule,75,75108,2,2,2,7.0,AVENUE DES CHAMPS ELYSEES,48.86880497,2.31015408,07:10:00,2024-09-23
202400049149,15:45,Plein jour,69,69264,2,9,1,6.0,Place de la Gare,45.98482,4.72044,15:45:00,2024-08-18
202400049150,17:20,Plein jour,14,14487,1,1,1,7.0,Route de l'Église,49.178851,0.215737,17:20:00,2024-06-11
202400049151,12:30,Plein jour,91,91471,2,2,2,6.0,EPARGNE (AVENUE DE L),48.6825,2.18303,12:30:00,2024-01-03
202400049152,02:10,Nuit avec éclairage,86,86082,1,1,2,6.0,Valence-en-Poitou,46.336535,0.185887,02:10:00,2024-05-06
202400049153,05:25,,67,67482,2,3,1,6.0,MAIRE KUSS (PONT DU),48.58329,7.73902,05:25:00,2024-02-15
202400049154,20:45,Plein jour,63,63113,2,7,1,6.0,LITTRE (PLACE),45.76806,3.07948,20:45:00,2024-07-13
202400049155,19:15,Plein jour,75,75107,2,3,2,3.0,QUAI VOLTAIRE,48.858649,2.332208,19:15:00,2024-09-23
202400049156,08:20,Plein jour,83,83061,1,2,1,3.0,D8,43.42463708,6.71335119,08:20:00,2024-01-04
202400049157,23:00,,13,13203,2,9,1,3.0,BD FERDINAND DE LESSEPS,43.32104204,5.37520501,23:00:00,2024-06-11
202400049158,19:47,,64,64122,2,6,1,1.0,ROND POINT DE L EUROPE,43.48095,-1.54125,19:47:00,2024-02-16
202400049159,02:20,,31,31197,2,1,2,6.0,40 Route de Pinas,43.132904,0.521616,02:20:00,2024-05-06
202400049160,14:30,Plein jour,07,07167,1,1,1,1.0,D2,44.799995,4.611715,14:30:00,2024-02-09
202400049161,11:43,Plein jour,83,83061,2,1,1,1.0,RUE DE LA VERNEDE,43.45381197,6.7125653,11:43:00,2024-01-03
202400049162,09:05,Plein jour,13,13214,2,1,1,3.0,SAINTE MARTHE (chemin),43.32956,5.38812,09:05:00,2024-06-11
202400049163,11:33,Plein jour,75,75107,2,2,1,1.0,PLACE DE FONTENOY,48.85109249,2.30703896,11:33:00,2024-09-23
202400049164,13:45,Plein jour,38,38130,1,1,2,1.0,Route de Champier,45.41362,5.260177,13:45:00,2024-05-06
202400049165,20:30,Plein jour,69,69091,2,2,9,3.0,Rue Victor Hugo,45.58688794,4.77139851,20:30:00,2024-08-17
202400049166,19:08,Plein jour,63,63113,2,3,1,3.0,GUYNEMER (RUE),45.78028,3.10833,19:08:00,2024-07-13
202400049167,17:50,Plein jour,13,13045,1,1,1,7.0,Route du Cassoulen,43.841414,4.781853,17:50:00,2024-04-25
202400049168,13:05,Plein jour,07,07181,2,6,1,4.0,D86,44.755621,4.749473,13:05:00,2024-03-29
202400049169,08:35,Plein jour,13,13215,2,1,1,3.0,MADRAGUE VILLE (chemin de la),43.3346,5.35797,08:35:00,2024-06-11
202400049170,08:30,Plein jour,02,02571,2,1,1,6.0,6 Rue Marécat,49.880912,3.313915,08:30:00,2024-05-06
202400049171,18:43,Plein jour,65,65286,2,9,1,3.0,ROND POINT SCZESTOKOWA,43.0828,-0.04453,18:43:00,2024-07-07
202400049172,08:15,Crépuscule,77,77373,2,2,1,6.0,AV DES MARGUERITES,48.79524,2.60745,08:15:00,2024-01-03
202400049173,07:20,Plein jour,07,07102,2,1,1,3.0,REPUBLIQUE (AV. DE LA) [DU N° AU N°],44.93949,4.8653,07:20:00,2024-06-11
202400049174,00:45,Nuit avec éclairage,94,94081,2,1,2,4.0,Avenue du Groupe Manouchian,48.78864,2.40604,00:45:00,2024-09-22
202400049175,00:20,,59,59172,2,2,1,3.0,RUE ALEXANDRE BAUDUIN,50.34342,3.37766,00:20:00,2024-02-17
202400049176,06:00,Crépuscule,07,07022,1,1,3,1.0,D22,44.715964,4.730215,06:00:00,2024-03-30
202400049177,17:05,Plein jour,50,50267,1,3,1,1.0,RD 652,49.214045,-1.55395,17:05:00,2024-05-06
202400049178,19:20,Plein jour,94,94046,2,1,2,6.0,Avenue du Général Leclerc,48.81533889,2.42083043,19:20:00,2024-09-23
202400049179,20:30,Crépuscule,09,09268,2,1,1,7.0,D117,43.001277,1.133877,20:30:00,2024-05-04
202400049180,20:20,,76,76540,2,3,2,6.0,Avenue Jean Rondeaux,49.429061,1.07164,20:20:00,2024-01-04
202400049181,14:50,Plein jour,62,62193,2,1,1,3.0,Avenue Roger Salengro,50.94445,1.82318,14:50:00,2024-08-08
202400049182,07:25,Plein jour,63,63113,2,7,1,3.0,Bd Jean Jaurès / rue Drelon,45.76793,3.07954,07:25:00,2024-07-12
202400049183,22:50,,03,03185,2,1,1,3.0,FAUBOURG SAINT - PIERRE ( RUE DU ),46.3427,2.60102,22:50:00,2024-06-10
202400049184,12:15,Plein jour,59,59508,2,6,2,3.0,BARBUSSE (RUE HENRI),50.74,3.136,12:15:00,2024-02-16
202400049185,21:15,Plein jour,62,62573,2,1,1,6.0,Rue Anatole France,50.49577,2.88254,21:15:00,2024-07-13
202400049186,18:23,Plein jour,36,36154,2,1,2,6.0,3 Rue du Courbat,46.57618914,1.54723763,18:23:00,2024-05-04
202400049187,14:30,Plein jour,24,24224,1,1,3,5.0,N21,44.903627,0.557352,14:30:00,2024-03-29
202400049188,13:00,Plein jour,94,94033,2,1,1,3.0,Avenue du Val de Fontenay,48.853046,2.487142,13:00:00,2024-09-23
202400049189,19:00,Plein jour,75,75106,2,2,1,6.0,RUE VAVIN,48.84299,2.329189,19:00:00,2024-06-11
202400049190,09:20,Plein jour,76,76351,2,2,1,3.0,Rue Lieutenant Clérivet,49.50687,0.17372,09:20:00,2024-01-03
202400049191,11:25,Plein jour,59,59599,2,1,2,1.0,Rue de l'Epine,50.72109,3.174837,11:25:00,2024-02-16
202400049192,10:10,Plein jour,62,62758,2,1,2,6.0,Route de Calais,50.73884,1.62442,10:10:00,2024-08-16
202400049193,14:30,Plein jour,40,40234,1,1,1,1.0,D933n,43.955306,-0.347035,14:30:00,2024-05-06
202400049194,12:10,Plein jour,62,62193,2,1,1,2.0,D119,50.93914,1.88027,12:10:00,2024-07-13
202400049195,16:35,Plein jour,58,58194,2,1,2,3.0,BARATTE (FAUBOURG),46.9881,3.19154,16:35:00,2024-02-16
202400049196,19:10,Crépuscule,94,94017,2,3,2,3.0,Rue de Bernau,48.81692,2.5342,19:10:00,2024-09-23
202400049197,09:40,Plein jour,76,76351,2,1,1,1.0,RAYMOND GUENOT,49.49402,0.10378,09:40:00,2024-01-03
202400049198,19:25,Plein jour,75,75120,2,1,1,3.0,RUE DE BUZENVAL,48.853468,2.400385,19:25:00,2024-06-11
202400049199,00:02,,54,54395,2,2,1,1.0,Boulevard Lobau,48.68564422,6.19578347,00:02:00,2024-08-19
202400049200,23:15,Nuit sans éclairage,24,24255,1,3,3,6.0,Route du Maillet,44.958121,1.13326,23:15:00,2024-05-04
202400049201,15:15,Plein jour,18,18167,1,1,3,4.0,Unknown,47.128111,1.937714,15:15:00,2024-03-29
202400049202,15:20,Plein jour,72,72181,2,3,1,3.0,NATIONALE (RUE),47.99615,0.20196,15:20:00,2024-01-01
202400049203,15:40,Plein jour,59,59350,2,2,1,3.0,Place du Mont de Terre,50.62268,3.091124,15:40:00,2024-07-13
202400049204,18:20,Plein jour,94,94069,2,1,2,7.0,Rue du Maréchal Leclerc,48.81803,2.43114,18:20:00,2024-09-22
202400049205,09:25,Plein jour,04,04031,2,1,1,6.0,D907,43.922302,6.138316,09:25:00,2024-05-05
202400049206,11:58,Plein jour,75,75119,2,1,2,3.0,BOULEVARD DE LA VILLETTE,48.879749,2.37046,11:58:00,2024-06-11
202400049207,11:10,Plein jour,56,56260,2,1,1,6.0,Rue Alexandre Le Pontois,47.65531,-2.75548,11:10:00,2024-02-16
202400049208,15:45,Plein jour,68,68256,2,1,1,6.0,Rue de Richwiller,47.774483,7.294598,15:45:00,2024-01-04
202400049209,20:00,Nuit sans éclairage,39,39150,1,1,1,7.0,Unknown,47.068221,5.4389445,20:00:00,2024-03-29
202400049210,20:37,Plein jour,85,85090,1,1,8,1.0,D752,46.86105,-0.88967,20:37:00,2024-05-05
202400049211,16:45,Plein jour,56,56260,2,1,1,7.0,Rue de l'Amiral Ronarc'H,47.63941,-2.77421,16:45:00,2024-07-13
202400049212,08:15,Plein jour,56,56121,2,1,2,3.0,LE BARILLEC (RUE  DU COLONEL ),47.76543,-3.40033,08:15:00,2024-02-16
202400049213,18:15,,67,67218,2,1,2,6.0,INDUSTRIE (RUE DE L ),48.53736,7.73255,18:15:00,2024-01-03
202400049214,15:25,Plein jour,75,75116,2,4,1,2.0,AVENUE GEORGES MANDEL,48.863903,2.279471,15:25:00,2024-06-11
202400049215,05:40,Nuit sans éclairage,44,44026,1,1,1,7.0,Unknown,47.29946,-1.435218,05:40:00,2024-03-30
202400049216,13:41,Plein jour,10,10380,1,1,1,6.0,A26,48.53218,4.182529,13:41:00,2024-05-05
202400049217,20:45,,93,93073,2,2,2,3.0,CHAPIT RE ( RUE DU),49.00802061,2.55749733,20:45:00,2024-09-22
202400049218,12:40,Plein jour,67,67482,2,3,2,6.0,LAUSANNE (RUE DE),48.57639,7.75707,12:40:00,2024-01-03
202400049219,10:30,Plein jour,35,35238,2,2,1,3.0,FREVILLE (AVENUE HENRI),48.08889,-1.6743,10:30:00,2024-08-18
202400049220,10:20,Plein jour,978,97801,1,1,1,5.0,rn7,18.098641,-63.045259,10:20:00,2024-05-06
202400049221,13:50,Plein jour,56,56260,2,6,1,2.0,Avenue de la Marne,47.66011,-2.78973,13:50:00,2024-07-13
202400049222,16:40,Plein jour,56,56121,2,6,1,6.0,MULLER ( DU COLONEL JEAN ),47.76739,-3.40288,16:40:00,2024-02-15
202400049223,19:05,Plein jour,75,75114,2,5,1,3.0,RUE D ALESIA,48.82647956,2.3415792,19:05:00,2024-06-10
202400049224,14:05,Plein jour,93,93001,2,1,1,6.0,JEAN JAURES (AVENUE) (76/128),48.90409,2.39246,14:05:00,2024-09-23
202400049225,14:10,Plein jour,65,65226,2,1,1,6.0,Parking Mc Donald’s zone commerciale,43.24121,0.01775,14:10:00,2024-01-04
202400049226,07:15,Plein jour,34,34129,2,1,1,1.0,MONTELS L' EGLISE (RUE DE),43.57964,3.88001,07:15:00,2024-08-18
202400049227,14:20,Plein jour,56,56036,1,1,1,6.0,Kerforn,47.81547,-3.29953,14:20:00,2024-07-13
202400049228,01:00,,978,97801,2,1,1,3.0,route nationale 7,18.06987,-63.034814,01:00:00,2024-05-06
202400049229,13:36,Plein jour,75,75110,2,1,8,6.0,RUE DU CHATEAU D EAU,48.871959,2.356709,13:36:00,2024-06-11
202400049230,16:55,Plein jour,51,51454,2,9,2,6.0,VESLE (RUE),49.254054,4.030411,16:55:00,2024-02-16
202400049231,12:10,Plein jour,54,54108,1,3,5,1.0,D112,48.58124926,6.26723885,12:10:00,2024-12-04
202400049232,17:42,,64,64024,2,1,1,3.0,ADOUR (AVENUE DE L'),43.52678,-1.51935,17:42:00,2024-01-03
202400049233,10:17,Plein jour,50,50129,2,1,1,2.0,SALINE (BOULEVARD DE LA),49.65792,-1.66451,10:17:00,2024-07-12
202400049234,09:10,Plein jour,49,49015,1,1,1,7.0,CANTENAY EPINARD ROUTE,47.51019,-0.57631,09:10:00,2024-02-16
202400049235,14:00,Plein jour,93,93050,2,1,1,2.0,GENERAL DE GAULLE (AVENUE),48.8581,2.53389,14:00:00,2024-09-23
202400049236,16:30,Crépuscule,73,73330,1,1,1,1.0,D1504,45.697664,5.793448,16:30:00,2024-12-05
202400049237,04:35,Nuit sans éclairage,51,51584,1,1,2,6.0,"A4, PK 140.340, sens METZ/PARIS",49.20588317,4.03075247,04:35:00,2024-05-06
202400049238,14:09,Plein jour,63,63113,2,3,1,3.0,GOMEL (RUE DE),45.81213,3.09966,14:09:00,2024-01-04
202400049239,14:30,Plein jour,75,75108,2,3,1,4.0,PLACE HENRI BERGSON,48.87619,2.319464,14:30:00,2024-06-11
202400049240,08:50,Plein jour,78,78349,1,1,2,6.0,Autoroute A10 PK 015+500 sens 1 Paris vers Province,48.588998,2.033107,08:50:00,2024-03-30
202400049241,15:30,Plein jour,988,98825,1,1,1,7.0,RT1 - Plaine de Népoui,-21.202232,164.886991,15:30:00,2024-04-28
202400049242,15:15,Plein jour,18,18249,1,3,2,7.0,Unknown,47.320985,2.672607,15:15:00,2024-12-02
202400049243,09:00,Plein jour,44,44184,2,1,1,6.0,10 Boulevard Albert 1er,47.26785,-2.21913,09:00:00,2024-02-16
202400049244,17:25,Plein jour,92,92033,2,1,1,6.0,HENRI REGNAULT,48.84894529,2.19066035,17:25:00,2024-09-19
202400049245,23:58,Nuit avec éclairage,49,49007,2,1,1,2.0,CARNOT,47.4749,-0.548,23:58:00,2024-07-13
202400049246,16:00,Plein jour,976,97607,2,9,1,6.0,Boulevard Mze Mandela - TSARARANO,-12.837962,45.173652,16:00:00,2024-03-27
202400049247,12:15,Plein jour,59,59599,2,2,1,3.0,Rue de Gand,50.72883,3.158925,12:15:00,2024-01-04
202400049248,06:15,Plein jour,971,97115,1,1,1,1.0,Lamoisse,16.277672,-61.664838,06:15:00,2024-05-05
202400049249,20:10,Nuit sans éclairage,62,62736,2,1,2,6.0,Rue Bataille,50.64790994,2.79219648,20:10:00,2024-12-04
202400049250,02:50,,19,19031,2,2,1,3.0,RIBOT (AVENUE),45.16532,1.52048,02:50:00,2024-08-18
202400049251,17:45,Plein jour,44,44162,2,1,1,3.0,33 Avenue des Thébaudières,47.2432,-1.60731,17:45:00,2024-02-16
202400049252,19:45,Plein jour,75,75107,2,1,1,5.0,QUAI D ORSAY,48.86284,2.312426,19:45:00,2024-06-11
202400049253,20:00,,92,92063,2,9,2,7.0,CHATOU (PONT DE),48.88732741,2.16803402,20:00:00,2024-09-23
202400049254,14:45,Plein jour,83,83048,2,6,1,2.0,Boulevard Saint Raphael,43.214341,6.567636,14:45:00,2024-12-03
202400049255,01:05,,45,45147,2,9,8,3.0,63 Rue André Dessaux,47.929983,1.897204,01:05:00,2024-07-13
202400049256,11:32,Plein jour,59,59646,2,1,1,6.0,Rue Jean Jaurès,50.68042518,3.13719027,11:32:00,2024-01-04
202400049257,03:35,,43,43157,2,1,1,6.0,70 Avenue Baptiste Marcet,45.02347,3.88745,03:35:00,2024-02-15
202400049258,23:45,Nuit sans éclairage,37,37027,2,4,1,6.0,33 Rue Gambetta,47.32643238,0.99406727,23:45:00,2024-05-03
202400049259,23:40,,973,97303,2,6,1,7.0,Rue Eugene Ronda Sylva,5.48036084,-53.21157217,23:40:00,2024-03-29
202400049260,19:05,,58,58194,2,1,2,3.0,HENRI BOUQUILLARD,46.99614,3.12417,19:05:00,2024-01-03
202400049261,11:45,Plein jour,14,14027,2,2,1,3.0,Rue de la Gare,49.02041219,-0.63741201,11:45:00,2024-12-04
202400049262,18:15,Plein jour,14,14701,2,3,1,7.0,1 Rue Chauvelot,49.35246,0.05431,18:15:00,2024-08-18
202400049263,10:30,Plein jour,77,77171,2,1,2,1.0,44 Avenue Joffre,48.897161,2.81319,10:30:00,2024-05-04
202400049264,15:00,Plein jour,75,75104,2,5,2,3.0,AVENUE VICTORIA,48.85730935,2.34926641,15:00:00,2024-06-10
202400049265,21:08,Plein jour,44,44109,2,6,1,3.0,80 Boulevard de Sarrebruck,47.21358,-1.52931,21:08:00,2024-07-13
202400049266,09:35,Plein jour,92,92050,2,1,1,3.0,SARTROUVILLE RUE DE,48.91363337,2.21906486,09:35:00,2024-09-23
202400049267,10:55,Plein jour,13,13054,2,1,1,7.0,D9 (BRETELLE),43.40645,5.20718,10:55:00,2024-08-18
202400049268,11:30,Plein jour,974,97414,1,1,1,1.0,280 Route Hubert Delisle,-21.243782,55.407593,11:30:00,2024-12-04
202400049269,18:25,Crépuscule,41,41018,2,1,1,6.0,SAUSSAYE (QUAI DE LA),47.58528,1.33504,18:25:00,2024-02-16
202400049270,16:45,Plein jour,2A,2A247,2,1,1,6.0,Les 4 Chemins,41.59671,9.276437,16:45:00,2024-05-04
202400049271,18:50,Nuit sans éclairage,971,97107,1,1,1,5.0,RN 1 - ROSEAU,16.08932,-61.563467,18:50:00,2024-03-29
202400049272,14:40,Plein jour,94,94081,2,1,2,6.0,32 Avenue du Groupe Manouchian,48.78944,2.40564,14:40:00,2024-06-11
202400049273,11:35,Plein jour,13,13209,2,1,1,1.0,COL DE LA GINESTE D559,43.23986848,5.45639249,11:35:00,2024-08-18
202400049274,19:44,,49,49007,2,2,1,3.0,FOCH BOULEVARD,47.4665,-0.55301,19:44:00,2024-01-04
202400049275,21:24,,92,92020,2,1,2,2.0,VERDUN AVENUE DE AUTRES N°,48.8014191,2.28445396,21:24:00,2024-09-23
202400049276,12:10,Plein jour,42,42218,2,2,1,6.0,Rue de la Résistance,45.43937,4.3859,12:10:00,2024-06-28
202400049277,11:25,Plein jour,2A,2A247,2,1,1,3.0,t10 trinité,41.62451,9.289732,11:25:00,2024-04-28
202400049278,15:00,Plein jour,94,94068,2,1,2,3.0,Boulevard des Mûriers,48.7891706,2.49886676,15:00:00,2024-06-10
202400049279,07:25,Plein jour,40,40192,2,3,1,6.0,CANDAU (BD FERDINANT DE),43.89288,-0.50808,07:25:00,2024-02-15
202400049280,12:00,Plein jour,33,33199,2,1,1,3.0,Unknown,44.636784,-1.098282,12:00:00,2024-03-30
202400049281,11:50,Plein jour,46,46224,2,6,1,7.0,PAPE (COTE DU),44.46338,1.4141,11:50:00,2024-01-04
202400049282,17:00,Nuit sans éclairage,14,14374,1,1,1,2.0,A84,49.04206,-0.79711,17:00:00,2024-12-03
202400049283,09:40,Plein jour,13,13047,2,6,1,3.0,FELIX GOUIN AVENUE,43.49037,4.98599,09:40:00,2024-08-18