Num_Acc,hrmn,lum,dep,com,agg,int,atm,col,adr,lat,long,heure,date
202400049284,14:40,Plein jour,94,94042,2,2,1,6.0,Avenue du Général Galliéni / Avenue Pierre Allaire,48.820047,2.477091,14:40:00,2024-06-10
202400049285,11:25,Plein jour,73,73075,1,1,2,1.0,D925b,45.44364,6.084318,11:25:00,2024-05-06
202400049286,16:30,Plein jour,45,45286,2,1,1,1.0,SANDILLON (ROUTE DE),47.88925,1.92414,16:30:00,2024-01-03
202400049287,20:55,,51,51662,2,6,1,6.0,Avenue des Nelmonts,49.288607,4.110893,20:55:00,2024-11-28
202400049288,04:05,Nuit sans éclairage,13,13098,1,1,1,7.0,MASSANE AVENUE DES,43.46278,5.02429,04:05:00,2024-08-18
202400049289,14:10,Plein jour,38,38185,2,5,1,3.0,EDMOND ESMONIN (AVENUE),45.15957,5.7241,14:10:00,2024-02-16
202400049290,22:50,Nuit sans éclairage,77,77318,1,1,1,5.0,D231,48.786877,2.878075,22:50:00,2024-03-21
202400049291,13:45,Plein jour,42,42089,1,1,5,7.0,Chemin du Chevallard,45.61194544,3.97748798,13:45:00,2024-05-06
202400049292,19:30,Plein jour,94,94041,2,1,1,6.0,178 Boulevard de Stalingrad,48.8058,2.37618,19:30:00,2024-06-11
202400049293,16:20,Plein jour,75,75115,2,3,3,3.0,Avenue Ernest Renan,48.830355,2.284737,16:20:00,2024-09-23
202400049294,15:55,Plein jour,42,42095,2,3,1,3.0,Rue Salvador Allende,45.38851933,4.27945733,15:55:00,2024-07-13
202400049295,19:30,Nuit sans éclairage,56,56127,1,1,5,6.0,Route de Dinan,48.073121,-2.2791633,19:30:00,2024-11-29
202400049296,14:43,Plein jour,11,11262,2,1,1,6.0,8 Rue Eugene Montel,43.17844,3.01232,14:43:00,2024-08-18
202400049297,18:20,,44,44109,2,1,2,6.0,53 Rue du Corps de Garde,47.21334445,-1.59769337,18:20:00,2024-01-03
202400049298,22:19,Nuit sans éclairage,42,42285,1,1,2,3.0,Route de Montbrison,45.569802,4.128714,22:19:00,2024-05-05
202400049299,14:55,Plein jour,37,37261,2,1,1,2.0,PORTILLON (QUAI DE),47.4007911,0.68232483,14:55:00,2024-02-16
202400049300,21:00,Plein jour,42,42044,2,1,1,3.0,Rue de la République,45.39496,4.31194,21:00:00,2024-07-12
202400049301,15:55,Plein jour,78,78107,1,6,1,3.0,Rue du Hamel,48.96118,1.537796,15:55:00,2024-03-16
202400049302,19:20,Plein jour,92,92035,2,1,2,3.0,National ( boulevard ),48.90454281,2.23940939,19:20:00,2024-09-23
202400049303,13:05,Plein jour,11,11262,2,1,1,3.0,8 Boulevard Gambetta,43.182281,3.007221,13:05:00,2024-08-18
202400049304,10:40,Plein jour,34,34172,2,1,1,6.0,CATALAN (RUE),43.60314,3.87649,10:40:00,2024-02-16
202400049305,17:10,Plein jour,94,94004,2,3,2,4.0,Rue de Sucy / Rue Georges Picot,48.75234,2.51989,17:10:00,2024-06-11
202400049306,05:50,Nuit sans éclairage,56,56053,1,1,1,2.0,Lamboux,47.726017,-2.587066,05:50:00,2024-11-29
202400049307,16:44,Plein jour,07,07034,1,3,1,3.0,D290,44.339101,4.525605,16:44:00,2024-05-05
202400049308,20:30,Plein jour,94,94002,2,1,1,6.0,Rue Etienne Dolet,48.7935,2.42588,20:30:00,2024-06-10
202400049309,14:25,Plein jour,38,38053,2,1,1,3.0,Avenue Henri Barbusse,45.59609,5.26857,14:25:00,2024-07-13
202400049310,12:03,Plein jour,11,11262,2,1,1,3.0,Unknown,43.187562,3.006765,12:03:00,2024-08-18
202400049311,14:48,Plein jour,34,34032,2,2,1,3.0,SEURAT GEORGES (RUE),43.35459,3.22964,14:48:00,2024-02-14
202400049312,15:45,Plein jour,69,69077,1,1,1,6.0,Route Départementale 39,46.16998572,4.77294071,15:45:00,2024-05-01
202400049313,17:30,,80,80801,2,1,2,3.0,grande rue,49.879095,2.896442,17:30:00,2024-12-05
202400049314,15:50,Plein jour,30,30142,1,1,2,3.0,D906,44.224398,4.072988,15:50:00,2024-03-29
202400049315,14:25,Plein jour,92,92035,2,1,2,3.0,République ( boulevard de la ),48.90601112,2.25125849,14:25:00,2024-09-23
202400049316,13:21,Plein jour,09,09122,1,9,2,6.0,RD 919,43.003271,1.613233,13:21:00,2024-08-18
202400049317,21:25,,65,65025,2,1,1,6.0,Avenue des Pyrénées,43.011504,-0.097761,21:25:00,2024-12-04
202400049318,20:45,,34,34003,2,1,1,6.0,GENTILSHOMMES (H16 A L17,43.28971,3.51148,20:45:00,2024-02-16
202400049319,18:20,Plein jour,93,93070,2,3,1,6.0,Rue du Docteur Bauer / Rue Ampère,48.91126549,2.33686924,18:20:00,2024-06-11
202400049320,17:50,Plein jour,24,24028,2,1,2,1.0,Route de Labouquerie,44.75185359,0.78775406,17:50:00,2024-05-05
202400049321,09:10,Plein jour,33,33194,2,1,1,7.0,Unknown,44.817998,-0.21258,09:10:00,2024-12-02
202400049322,16:35,Plein jour,75,75120,2,1,3,6.0,ECHANGEUR BAGNOLET,48.8647,2.41284,16:35:00,2024-08-17
202400049323,14:50,Plein jour,35,35238,2,3,1,3.0,VOLCLAIR (BD LOUIS),48.08848,-1.66766,14:50:00,2024-07-13
202400049324,11:45,Plein jour,52,52248,1,1,3,3.0,RD 417,48.020885,5.466508,11:45:00,2024-03-29
202400049325,12:45,Plein jour,75,75120,2,1,2,6.0,BD PERIPHERIQUE INTERIEUR,48.866942,2.41322,12:45:00,2024-08-17
202400049326,20:35,Crépuscule,33,33234,2,1,1,6.0,Unknown,44.789297,-0.499679,20:35:00,2024-04-16
202400049327,09:00,Plein jour,89,89151,1,4,5,2.0,Pont Pourri,48.115637,3.150088,09:00:00,2024-12-04
202400049328,20:00,Plein jour,93,93070,2,2,1,1.0,Boulevard Victor Hugo / Rue Dora Maar,48.90475,2.32228,20:00:00,2024-06-10
202400049329,19:00,Plein jour,92,92019,2,2,1,3.0,VIGNES (GRANDE VOIE DES),48.76587184,2.28469133,19:00:00,2024-09-22
202400049330,06:15,Plein jour,68,68247,1,1,5,6.0,D27,47.947748,6.995652,06:15:00,2024-03-30
202400049331,00:01,Nuit sans éclairage,22,22162,1,6,2,6.0,Rond point de la Lande Blanche,48.761866,-3.040048,00:01:00,2024-05-06
202400049332,19:35,,63,63003,1,1,2,1.0,D906,45.57823,3.74123,19:35:00,2024-12-03
202400049333,23:25,Nuit sans éclairage,42,42005,2,6,6,6.0,M1082,45.526945,4.297038,23:25:00,2024-03-29
202400049334,08:30,Plein jour,34,34108,1,3,1,3.0,MALRAUX ANDRE (AVENUE),43.42331,3.70916,08:30:00,2024-07-13
202400049335,11:10,Plein jour,37,37058,1,1,2,6.0,D952,47.240157,0.174451,11:10:00,2024-09-22
202400049336,18:00,Plein jour,93,93049,2,6,1,2.0,Place de Stalingrad / Avenue Aristide Briand,48.87282,2.51074,18:00:00,2024-06-11
202400049337,00:01,,25,25056,2,2,2,3.0,JOUCHOUX RUE AUGUSTE,47.243269,5.985467,00:01:00,2024-02-17
202400049338,14:34,Plein jour,75,75119,2,3,1,2.0,AVENUE JEAN JAURES,48.883586,2.373365,14:34:00,2024-08-18
202400049339,20:15,Nuit sans éclairage,84,84127,1,1,1,6.0,D976,44.203743,4.868124,20:15:00,2024-10-28
202400049340,08:45,Plein jour,55,55502,2,9,2,6.0,Zone d?Activite aux Cailloux,49.483745,5.199038,08:45:00,2024-12-05
202400049341,23:40,Nuit sans éclairage,38,38059,2,1,9,2.0,1758 Route Napoléon,45.133761,5.773991,23:40:00,2024-03-29
202400049342,03:25,,75,75104,2,3,1,7.0,PONT MORLAND,48.847461,2.365617,03:25:00,2024-08-17
202400049343,15:40,Plein jour,47,47168,2,9,7,6.0,2 Boulevard de Lattre de Tassigny,44.60059,0.362903,15:40:00,2024-12-04
202400049344,08:28,Crépuscule,18,18279,2,3,1,7.0,1 Rue Etienne Marcel,47.21909,2.091249,08:28:00,2024-02-15
202400049345,22:50,,34,34172,2,2,1,3.0,MOULARES (CHEMIN DE,43.59606,3.89197,22:50:00,2024-07-13
202400049346,05:00,Nuit sans éclairage,69,69275,1,1,1,2.0,Route Nationale 346,45.764,4.985,05:00:00,2024-05-04
202400049347,18:00,Plein jour,93,93046,2,2,1,3.0,Allée Ledru - Rollin / Allée Etienne Dolet,48.91687,2.51665,18:00:00,2024-06-11
202400049348,07:40,Plein jour,26,26177,1,4,1,3.0,Chemin du Mulet,45.1176807,4.92777586,07:40:00,2024-09-20
202400049349,18:01,,30,30202,2,3,1,7.0,170 Avenue Général de Gaulle,44.253222,4.647512,18:01:00,2024-10-29
202400049350,23:00,Nuit sans éclairage,86,86213,1,1,2,6.0,La Borderie,46.41945,-0.001551,23:00:00,2024-12-01
202400049351,11:35,Plein jour,09,09221,1,9,1,3.0,RN20,42.821233,1.621277,11:35:00,2024-03-30
202400049352,05:54,Crépuscule,75,75108,2,1,1,6.0,RUE DE BERRI,48.872789,2.3048,05:54:00,2024-08-16
202400049353,19:00,Plein jour,13,13026,1,1,1,2.0,DEPARTEMENTALE 48 A (RTE ),43.39009,5.19357,19:00:00,2024-02-15
202400049354,20:00,Plein jour,33,33063,2,2,1,3.0,Unknown,44.86032,-0.55362,20:00:00,2024-07-13
202400049355,19:20,Plein jour,91,91689,1,1,1,2.0,AUTOROUTE A6,48.73325,2.3159,19:20:00,2024-05-05
202400049356,10:00,Plein jour,93,93008,2,2,1,3.0,Avenue Edouard Vaillant / Rue de Vienne,48.91083945,2.46603578,10:00:00,2024-06-11
202400049357,20:00,Nuit avec éclairage,83,83054,2,1,1,3.0,Rue du Docteur Schweitzer,43.150558,6.040817,20:00:00,2024-10-21
202400049358,11:45,Plein jour,22,22266,2,6,2,3.0,ZA Gloasnel 22110,48.242507,-3.311922,11:45:00,2024-12-05
202400049359,21:20,,13,13002,2,1,1,1.0,Chemin des Rascous,43.34855023,5.47552151,21:20:00,2024-02-16
202400049360,11:00,Plein jour,64,64230,1,1,1,6.0,RN 134,43.253705,-0.389564,11:00:00,2024-03-30
202400049361,13:50,Plein jour,75,75120,2,7,1,1.0,AVENUE GAMBETTA,48.864977,2.395473,13:50:00,2024-08-18
202400049362,20:35,,22,22055,2,1,1,6.0,D786,48.615867,-2.825761,20:35:00,2024-12-03
202400049363,17:36,Plein jour,93,93005,2,2,1,6.0,Rue Jacques Duclos / Chemin du Moulin de la Ville,48.947311,2.492142,17:36:00,2024-06-11
202400049364,16:49,Plein jour,91,91363,1,1,2,4.0,RN 104,48.66374,2.18933,16:49:00,2024-05-05
202400049365,21:25,Plein jour,33,33192,2,1,1,3.0,Unknown,44.78008,-0.60885,21:25:00,2024-07-12
202400049366,21:29,Nuit sans éclairage,22,22177,1,1,1,1.0,Le Runglais,48.643408,-2.969034,21:29:00,2024-09-20
202400049367,07:45,Crépuscule,49,49176,1,1,2,3.0,Route de la Tremblaie,47.663017,-0.765417,07:45:00,2024-10-29
202400049368,06:15,Crépuscule,44,44128,1,1,2,6.0,Le Ligou,47.511179,-1.876522,06:15:00,2024-11-17
202400049369,05:20,Nuit sans éclairage,75,75117,2,7,2,1.0,PLACE DU MARECHAL JUIN,48.884919,2.297953,05:20:00,2024-08-18
202400049370,20:00,Nuit sans éclairage,33,33502,1,1,1,1.0,Unknown,45.182208,-0.487611,20:00:00,2024-03-17
202400049371,11:35,Plein jour,13,13215,2,9,1,3.0,SAINT ANTOINE A SAINT JOSEPH (CHEMIN DE),43.36048,5.36369,11:35:00,2024-02-16
202400049372,16:39,Plein jour,33,33550,2,1,1,2.0,Avenue des Pyrénées,44.76185,-0.55849,16:39:00,2024-07-12
202400049373,12:13,Plein jour,33,33001,1,1,1,1.0,Unknown,45.009371,-0.116783,12:13:00,2024-09-15
202400049374,07:40,Plein jour,92,92051,2,1,1,4.0,"BINEAU (BOULEVARD, N°53 A 131 ET 52 A 13",48.88679743,2.28246957,07:40:00,2024-06-11
202400049375,16:45,Plein jour,91,91363,1,1,2,5.0,RN 104,48.66374,2.18933,16:45:00,2024-05-05
202400049376,17:30,,29,29072,2,1,1,3.0,Rue Jules Guesde,47.794916,-4.292921,17:30:00,2024-12-04
202400049377,17:20,Plein jour,49,49200,1,1,8,1.0,La Chevrie (Pruillé),47.589378,-0.667355,17:20:00,2024-10-25
202400049378,17:05,Plein jour,75,75117,2,3,2,2.0,AVENUE MAC MAHON,48.875255,2.294801,17:05:00,2024-08-17
202400049379,06:55,Crépuscule,85,85236,1,1,1,2.0,la giraudière,46.622971,-1.677161,06:55:00,2024-03-29
202400049380,08:30,Plein jour,91,91553,1,1,2,6.0,RN 104,48.6315,2.49166,08:30:00,2024-05-04
202400049381,17:37,Plein jour,12,12089,1,6,1,3.0,FONTVERGNES (ROND-POINT DE),44.55703,2.26535,17:37:00,2024-02-13
202400049382,17:40,Nuit sans éclairage,38,38022,1,1,1,2.0,Route des Alpes,45.616593,5.540242,17:40:00,2024-12-04
202400049383,18:50,,972,97229,2,1,1,6.0,Rue Aubin Edmond,14.617892,-61.099203,18:50:00,2024-09-19
202400049384,01:06,,92,92048,2,1,1,3.0,TRIVAUX (AVENUE DE) N° 9,48.78931315,2.23544168,01:06:00,2024-05-26
202400049385,15:45,Crépuscule,03,03138,1,9,1,7.0,"Route de la maison rouge, C7",46.241858,3.619384,15:45:00,2024-12-05
202400049386,10:30,Plein jour,68,68338,1,1,7,3.0,D11,48.088895,7.237485,10:30:00,2024-10-29
202400049387,18:10,Plein jour,72,72264,2,6,1,1.0,Avenue François de Nicolay,47.834956,-0.317075,18:10:00,2024-03-29
202400049388,18:00,Plein jour,92,92040,2,1,1,7.0,VICTOR CRESSON (AVENUE) DU 02 AU 40,48.82392861,2.27270901,18:00:00,2024-06-11
202400049389,18:15,Plein jour,31,31555,2,1,1,3.0,BD GRIFFOUL DORVAL,43.58899908,1.46061838,18:15:00,2024-07-13
202400049390,11:40,Plein jour,71,71566,2,1,1,6.0,4 Quai du Doubs,46.900008,5.02254,11:40:00,2024-09-24
202400049391,14:20,Plein jour,75,75120,2,4,1,6.0,ECHANGEUR BAGNOLET,48.86608867,2.41381109,14:20:00,2024-02-16
202400049392,16:30,Plein jour,93,93007,1,1,2,5.0,A3,48.94405945,2.477305,16:30:00,2024-05-05
202400049393,06:50,Crépuscule,01,01266,1,1,5,6.0,D28,46.331906,5.104313,06:50:00,2024-10-29
202400049394,12:18,Plein jour,75,75116,2,3,1,2.0,RUE DE LA POMPE,48.860802,2.275203,12:18:00,2024-08-18
202400049395,07:50,Plein jour,93,93010,1,1,1,6.0,A3,48.90975235,2.47442216,07:50:00,2024-05-05
202400049396,19:05,Plein jour,92,92035,2,1,1,3.0,République ( boulevard de la ),48.9072374,2.24162507,19:05:00,2024-06-11
202400049397,10:47,Plein jour,85,85039,1,1,2,1.0,RD753,47.011586,-1.124446,10:47:00,2024-12-05
202400049398,15:31,Plein jour,22,22361,1,4,2,3.0,Avenue des Chevreuils,48.599313,-2.922546,15:31:00,2024-10-29
202400049399,21:50,Nuit sans éclairage,95,95582,1,1,1,6.0,A15,48.96925218,2.25070233,21:50:00,2024-05-04
202400049400,17:10,Plein jour,30,30299,1,1,1,7.0,D982,44.021253,4.448112,17:10:00,2024-09-24
202400049401,19:25,Plein jour,75,75102,2,3,1,3.0,BOULEVARD DE SEBASTOPOL,48.8679,2.35341,19:25:00,2024-08-18
202400049402,15:15,Plein jour,29,29019,2,6,1,1.0,49 rue de Gouesnou,48.409325,-4.468144,15:15:00,2024-07-13
202400049403,02:15,Nuit sans éclairage,54,54523,1,1,5,6.0,RD974,48.57542879,5.98787069,02:15:00,2024-11-30
202400049404,06:30,,35,35184,2,1,1,6.0,Route de Saint Meen,48.192187,-2.057871,06:30:00,2024-10-13
202400049405,19:05,Plein jour,92,92026,2,2,1,6.0,GAMBETTA,48.89279917,2.24525928,19:05:00,2024-06-11
202400049406,18:10,Crépuscule,22,22077,1,3,1,3.0,Le Guihourde,48.552293,-2.432892,18:10:00,2024-02-09
202400049407,21:00,,75,75120,2,1,1,3.0,PORTE DE BAGNOLET,48.859908,2.414207,21:00:00,2024-02-15
202400049408,17:30,Plein jour,95,95241,1,1,1,7.0,N104,49.0467717,2.45605464,17:30:00,2024-05-04
202400049409,18:00,Plein jour,62,62134,1,1,1,6.0,D128,50.55123766,1.89315554,18:00:00,2024-09-23
202400049410,08:35,Plein jour,28,28134,1,1,1,2.0,RN 12 (ARCHE DU GAZON),48.74255,1.33194,08:35:00,2024-07-13
202400049411,06:20,Crépuscule,95,95527,2,2,1,3.0,NOYER AU CHAT (ROUTE DU),48.996353,2.519728,06:20:00,2024-08-18
202400049412,14:50,Plein jour,72,72295,1,1,5,1.0,lieu dit les hetres,48.352329,0.347069,14:50:00,2024-12-04
202400049413,07:00,Plein jour,38,38422,1,1,1,1.0,2150 Route d'Uriage,45.139472,5.830698,07:00:00,2024-10-28
202400049414,15:40,Plein jour,92,92025,2,1,1,6.0,EUROPE (AV DE L'),48.92604181,2.24264155,15:40:00,2024-06-09
202400049415,10:20,Plein jour,75,75120,2,3,2,1.0,RUE DES CASCADES,48.872795,2.389526,10:20:00,2024-02-16
202400049416,20:45,Nuit sans éclairage,35,35031,1,1,1,1.0,D101,48.150544,-1.444718,20:45:00,2024-03-29
202400049417,12:00,Plein jour,77,77116,2,1,1,2.0,Route de la Ferté Gaucher,48.759106,3.22328,12:00:00,2024-09-14
202400049418,08:00,,72,72071,2,1,2,1.0,Rue du Grand Douai,47.692386,0.414805,08:00:00,2024-12-05
202400049419,12:50,Plein jour,94,94081,1,1,2,4.0,A86,48.77482657,2.41105832,12:50:00,2024-05-04
202400049420,15:30,Plein jour,84,84014,1,1,3,1.0,D42,43.733771,5.698342,15:30:00,2024-10-27
202400049421,09:19,Plein jour,92,92012,2,1,1,3.0,ANDRE MORIZET (AVENUE) 1/47 - 2/52,48.83447698,2.24217618,09:19:00,2024-06-11
202400049422,15:00,Plein jour,93,93051,2,5,1,2.0,Route de Neuilly / Rue Paul Lafargue,48.85011,2.53589,15:00:00,2024-08-18
202400049423,15:00,Plein jour,75,75118,2,3,8,6.0,RUE MARX DORMOY,48.889055,2.359905,15:00:00,2024-02-16
202400049424,09:23,Plein jour,94,94069,1,1,2,2.0,A4,48.81737044,2.42861395,09:23:00,2024-05-04
202400049425,12:25,Plein jour,72,72344,1,1,1,2.0,D323,47.940195,0.170867,12:25:00,2024-12-03
202400049426,23:10,Nuit sans éclairage,27,27410,1,4,2,3.0,intersection N 13/C9,49.012926,1.282342,23:10:00,2024-03-29
202400049427,07:30,Crépuscule,03,03102,2,1,5,1.0,Rue de la Tour,46.524745,3.67887,07:30:00,2024-10-29
202400049428,15:00,Plein jour,25,25462,2,2,1,3.0,SALINS DE (DU 0 AU 15),46.90583,6.34932,15:00:00,2024-07-13
202400049429,17:40,Plein jour,51,51391,1,2,1,3.0,Route Nationale 31,49.272789,3.890415,17:40:00,2024-09-24
202400049430,06:55,Plein jour,92,92012,2,1,1,2.0,EDOUARD VAILLANT (AVENUE) 57/FIN - 58/FI,48.83504112,2.24823582,06:55:00,2024-06-11
202400049431,01:16,,92,92046,2,2,2,2.0,PIERRE BROSSOLETTE,48.81983791,2.31073388,01:16:00,2024-08-18
202400049432,15:00,Plein jour,01,01233,1,1,1,7.0,route départementale D87d,45.770487,5.548868,15:00:00,2024-10-28
202400049433,13:10,Plein jour,75,75118,2,3,8,6.0,RUE DU DEPARTEMENT,48.885751,2.364986,13:10:00,2024-02-16
202400049434,01:00,Nuit sans éclairage,06,06059,2,1,1,1.0,560 Avenue de Verdun,43.730141,7.366269,01:00:00,2024-12-05
202400049435,16:15,Plein jour,92,92012,2,9,1,6.0,NATIONALE (RUE) 1/37 - 2/30BIS,48.82405122,2.24484971,16:15:00,2024-06-10
202400049436,20:03,Crépuscule,19,19202,1,1,2,6.0,Unknown,45.206828,1.582709,20:03:00,2024-09-22
202400049437,20:00,Nuit sans éclairage,60,60589,1,6,3,3.0,D1016,49.206692,2.462756,20:00:00,2024-03-29
202400049438,17:30,Plein jour,25,25056,2,3,1,6.0,ARENES RUE D',47.2382,6.01672,17:30:00,2024-07-12
202400049439,16:43,Plein jour,92,92072,2,1,1,7.0,VILLE D'AVRAY (RUE DE ),48.82487912,2.20726401,16:43:00,2024-08-18
202400049440,20:00,,94,94058,1,1,1,5.0,A86,48.84340048,2.49314717,20:00:00,2024-04-25
202400049441,07:35,Crépuscule,83,83012,1,1,1,6.0,"D554, PK 39+700",43.533832,6.010321,07:35:00,2024-12-03
202400049442,17:15,Plein jour,70,70055,1,1,1,1.0,RN 57,47.768142,6.342987,17:15:00,2024-10-28
202400049443,02:00,Nuit avec éclairage,17,17415,2,1,1,7.0,BERTHELOT RUE MARCELIN,45.74355,-0.62081,02:00:00,2024-07-14
202400049444,09:10,Plein jour,77,77072,1,1,2,6.0,route départementale 72,48.541156,3.448165,09:10:00,2024-09-24
202400049445,14:15,Plein jour,92,92076,2,6,1,3.0,REPUBLIQUE,48.83755926,2.15586117,14:15:00,2024-08-18
202400049446,22:05,Nuit sans éclairage,41,41018,2,1,2,2.0,D951,47.58967,1.35249,22:05:00,2024-02-25
202400049447,10:30,Plein jour,75,75118,2,2,1,6.0,RUE DE LA CHAPELLE,48.890236,2.359915,10:30:00,2024-02-16
202400049448,08:00,Plein jour,92,92002,2,2,1,2.0,DIVISION LECLERC (53 A 217 - 58 A 186),48.74878676,2.30413073,08:00:00,2024-06-11
202400049449,12:35,Plein jour,64,64425,2,3,1,3.0,Quartier de Laharanne,43.383141,-1.146365,12:35:00,2024-12-02
202400049450,08:25,Plein jour,987,98736,2,1,1,6.0,AFARERII (RUE),-17.5338,-149.55301,08:25:00,2024-05-03
202400049451,16:25,Plein jour,26,26243,2,2,1,5.0,Route de Dieulefit,44.525946,5.031781,16:25:00,2024-10-28
202400049452,10:18,Plein jour,92,92012,1,1,1,3.0,FORUM (ALLEE DU),48.82946734,2.23397881,10:18:00,2024-08-18
202400049453,17:09,Plein jour,76,76476,1,1,1,6.0,Rue du Marais,49.487692,0.565941,17:09:00,2024-06-12
202400049454,19:55,Plein jour,13,13071,2,1,1,3.0,AVENUE BARREAU NORD-SUD,43.41753498,5.36409098,19:55:00,2024-07-12
202400049455,10:00,Plein jour,80,80474,1,1,2,6.0,A29,49.835076,2.921398,10:00:00,2024-03-30
202400049456,17:57,Plein jour,79,79055,1,2,8,3.0,Unknown,46.112485,-0.31268,17:57:00,2024-08-29
202400049457,10:45,Plein jour,75,75116,2,2,2,3.0,CHAUSSEE LA MUETTE,48.858017,2.272588,10:45:00,2024-02-16
202400049458,08:30,Plein jour,50,50446,1,1,1,6.0,D59,49.144106,-1.009905,08:30:00,2024-10-29
202400049459,08:45,Plein jour,974,97416,1,1,1,2.0,BOIS NOIRS (ALLEE DES) (1),-21.28414966,55.46182215,08:45:00,2024-05-03
202400049460,17:30,Nuit sans éclairage,40,40046,1,1,2,5.0,D46,44.430623,-1.072841,17:30:00,2024-12-05
202400049461,15:15,Plein jour,13,13103,2,7,1,3.0,PLACE GAMBETTA,43.63799105,5.09962487,15:15:00,2024-07-12
202400049462,18:50,Crépuscule,14,14689,1,1,7,2.0,D6,48.984329,-0.504684,18:50:00,2024-06-11
202400049463,15:50,Plein jour,21,21518,1,1,1,7.0,D103,47.604489,4.230375,15:50:00,2024-10-29
202400049464,08:15,Plein jour,12,12069,1,1,8,6.0,D999,43.873102,2.692852,08:15:00,2024-09-23
202400049465,21:20,,92,92012,2,2,2,2.0,GENERAL LECLERC (AVENUE DU) 1/33 - 2/58,48.83078183,2.23470497,21:20:00,2024-08-17
202400049466,21:00,Nuit sans éclairage,13,13106,1,1,1,3.0,A7-Sens Marseille vers Lyon,43.39188,5.3514,21:00:00,2024-03-06
202400049467,13:45,Plein jour,75,75116,2,3,1,6.0,AVENUE DU PRESIDENT KENNEDY,48.856573,2.286142,13:45:00,2024-02-15
202400049468,16:20,Plein jour,973,97302,2,2,1,3.0,TIGRE (ROUTE DU),4.91924413,-52.31761211,16:20:00,2024-05-04
202400049469,18:53,Plein jour,91,91340,2,9,1,6.0,D153,48.607064,2.426434,18:53:00,2024-06-10
202400049470,21:40,Plein jour,13,13208,2,1,1,1.0,GOUDES (CHEMIN DES),43.22521,5.34841,21:40:00,2024-07-13
202400049471,14:30,Crépuscule,23,23116,1,3,7,1.0,1 Chagot,46.020259,2.39183,14:30:00,2024-12-04
202400049472,07:25,Plein jour,30,30347,1,6,1,3.0,D135,43.737864,4.284024,07:25:00,2024-10-28
202400049473,08:30,Plein jour,13,13001,1,1,1,3.0,A51-Sens Marseille vers Aix en Provence,43.5245,5.4267,08:30:00,2024-03-26
202400049474,14:30,Plein jour,76,76258,1,2,1,3.0,Intersection Route Departementale 926 et Route Departementale 29,49.634895,0.630834,14:30:00,2024-08-19
202400049475,23:35,Nuit sans éclairage,06,06161,1,1,1,6.0,278 Route de Grasse,43.657495,7.116319,23:35:00,2024-06-11
202400049476,07:30,Crépuscule,04,04242,1,1,1,6.0,A51,43.910415,5.887701,07:30:00,2024-12-02
202400049477,05:55,Crépuscule,973,97302,2,1,2,3.0,MERE THERESA (rue),4.92523136,-52.31256151,05:55:00,2024-05-04
202400049478,20:30,,75,75113,2,2,1,3.0,BOULEVARD MASSENA,48.820189,2.366046,20:30:00,2024-02-16
202400049479,04:45,Nuit sans éclairage,13,13047,1,6,1,6.0,D.5,43.6034,4.93209,04:45:00,2024-07-13
202400049480,09:50,Plein jour,987,98712,2,1,1,1.0,avenue ariipaea pomare - RT2,-17.524913,-149.527858,09:50:00,2024-10-28
202400049481,12:40,Plein jour,86,86139,1,1,2,5.0,D150,46.416752,0.097748,12:40:00,2024-09-22
202400049482,11:30,Plein jour,974,97415,1,1,1,7.0,30 Route Hubert Delisle,-21.062205,55.308652,11:30:00,2024-08-18
202400049483,07:45,Plein jour,973,97302,2,1,1,6.0,BADUEL (ROUTE DE),4.93832713,-52.31692976,07:45:00,2024-05-04
202400049484,22:21,Nuit avec éclairage,972,97228,1,1,1,1.0,Morne des Esses,14.738254,-61.019563,22:21:00,2024-10-26
202400049485,17:42,Crépuscule,75,75112,2,1,1,3.0,QUAI DE LA RAPEE,48.844236,2.368867,17:42:00,2024-02-15
202400049486,13:00,Plein jour,987,98715,2,1,1,1.0,route ceinture,-17.554332,-149.601589,13:00:00,2024-12-04
202400049487,13:00,Plein jour,36,36093,2,2,1,3.0,11 Rue Nationale,46.978982,1.613118,13:00:00,2024-06-10
202400049488,09:30,Plein jour,29,29291,1,1,1,7.0,D51,48.10071446,-3.86861077,09:30:00,2024-09-23
202400049489,00:15,Nuit sans éclairage,11,11262,1,1,1,2.0,Unknown,43.17157,2.97749,00:15:00,2024-07-14
202400049490,16:35,Plein jour,78,78164,2,1,1,6.0,D72,48.617188,1.913782,16:35:00,2024-10-28
202400049491,09:05,Plein jour,83,83090,1,1,1,4.0,A50,43.12570642,5.87778364,09:05:00,2024-03-29
202400049492,15:00,Plein jour,84,84040,1,2,1,1.0,D54,44.218812,5.102186,15:00:00,2024-08-19
202400049493,00:10,Nuit sans éclairage,973,97309,2,1,1,6.0,TIGRE (ROUTE DU),4.91447748,-52.30977657,00:10:00,2024-05-04
202400049494,13:00,Plein jour,36,36228,1,1,1,6.0,Les Baudets de Garsenland,47.12850091,1.58424638,13:00:00,2024-06-11