Num_Acc,hrmn,lum,dep,com,agg,int,atm,col,adr,lat,long,heure,date
202400049495,23:44,,75,75112,2,1,2,2.0,BOULEVARD PONIATOWSKI,48.833161,2.401267,23:44:00,2024-02-14
202400049496,20:17,,68,68278,2,3,1,6.0,88 Rue de Mulhouse,47.755297,7.388529,20:17:00,2024-12-04
202400049497,05:00,Nuit sans éclairage,29,29076,1,1,1,1.0,Lieu Dit Kerduff (Kerzu),48.432493,-4.610535,05:00:00,2024-08-18
202400049498,18:36,Nuit sans éclairage,11,11356,1,2,3,1.0,Unknown,43.294715,2.015015,18:36:00,2024-10-28
202400049499,13:35,Plein jour,41,41223,1,1,1,1.0,Route de Chatulay,47.63321,1.209365,13:35:00,2024-06-10
202400049500,18:00,Plein jour,63,63171,1,1,1,7.0,D524,46.081082,2.78195,18:00:00,2024-08-18
202400049501,18:10,Plein jour,06,06088,2,2,1,1.0,6 Rue Paganini,43.70263,7.26402,18:10:00,2024-07-12
202400049502,19:30,Plein jour,33,33318,1,1,1,4.0,Unknown,44.78806,-0.63244,19:30:00,2024-03-29
202400049503,08:51,Plein jour,75,75109,2,2,1,5.0,BOULEVARD HAUSSMANN,48.873597,2.328346,08:51:00,2024-02-16
202400049504,18:00,Nuit sans éclairage,34,34327,1,1,1,3.0,M65,43.659191,3.953201,18:00:00,2024-10-29
202400049505,08:45,Plein jour,33,33550,1,1,3,7.0,Unknown,44.78517,-0.5419,08:45:00,2024-03-26
202400049506,19:30,Plein jour,06,06069,2,1,1,7.0,28 Avenue Georges Pompidou,43.64844,6.93494,19:30:00,2024-07-13
202400049507,12:04,Plein jour,72,72146,1,9,1,3.0,Route de la Belle Etoile,47.90312398,0.15419841,12:04:00,2024-08-18
202400049508,18:30,Plein jour,41,41045,1,3,1,3.0,RD 114,47.454102,1.217546,18:30:00,2024-06-10
202400049509,14:15,Plein jour,38,38130,1,2,1,3.0,Chemin Saint Simeon,45.361795,5.255402,14:15:00,2024-09-23
202400049510,09:30,Plein jour,34,34123,2,1,1,6.0,Route de Saint Georges d?Orques,43.613095,3.806967,09:30:00,2024-10-01
202400049511,22:02,,75,75113,1,1,2,7.0,A6B,48.8164819,2.35779689,22:02:00,2024-03-29
202400049512,13:10,Plein jour,24,24372,1,1,1,6.0,A89,45.13861082,0.5443946,13:10:00,2024-08-19
202400049513,13:20,Plein jour,75,75108,2,3,1,2.0,AVENUE DE MESSINE,48.877148,2.311328,13:20:00,2024-02-16
202400049514,18:35,Nuit sans éclairage,84,84129,2,1,1,2.0,D907,44.013713,4.866664,18:35:00,2024-10-29
202400049515,16:30,Plein jour,38,38128,1,1,1,6.0,N85,44.806709,5.954064,16:30:00,2024-09-23
202400049516,20:40,Crépuscule,31,31364,2,1,1,3.0,10 Avenue de Cendry,43.71510801,1.47881134,20:40:00,2024-06-11
202400049517,20:15,Nuit sans éclairage,987,98714,1,1,1,3.0,amanahune,-16.46550666,-151.74818516,20:15:00,2024-12-04
202400049518,23:56,,06,06123,2,1,1,3.0,Route du Bord de Mer,43.656859,7.18072,23:56:00,2024-07-13
202400049519,15:40,Plein jour,51,51346,1,1,1,7.0,D423 Mareuil-le-Port,49.072126,3.737438,15:40:00,2024-06-08
202400049520,18:15,Plein jour,03,03222,1,1,2,6.0,D3,46.539196,2.735682,18:15:00,2024-09-23
202400049521,09:00,Plein jour,91,91521,1,1,1,4.0,AUTOROUTE A6,48.63956,2.39531,09:00:00,2024-03-29
202400049522,12:00,Plein jour,89,89399,1,1,1,5.0,RD 939,48.236979,3.308644,12:00:00,2024-08-16
202400049523,12:50,Plein jour,94,94068,2,2,8,3.0,Avenue Carnot / Avenue Victor Hugo,48.80314,2.487325,12:50:00,2024-02-16
202400049524,15:00,Plein jour,13,13007,2,2,1,3.0,D560,43.367585,5.645535,15:00:00,2024-10-28
202400049525,11:50,Plein jour,75,75119,2,1,1,2.0,PORTE DE PANTIN,48.890958,2.396033,11:50:00,2024-07-13
202400049526,01:45,Plein jour,988,98821,1,1,1,1.0,RT1,-22.07293,166.28424,01:45:00,2024-12-03
202400049527,13:30,Plein jour,76,76240,1,1,1,7.0,D925,49.708711,0.364953,13:30:00,2024-08-17
202400049528,08:55,Plein jour,62,62028,2,2,1,3.0,D69,50.537967,2.419224,08:55:00,2024-05-24
202400049529,07:10,Plein jour,91,91161,1,1,1,2.0,AUTOROUTE A6,48.70236636,2.30770826,07:10:00,2024-03-29
202400049530,20:00,,94,94043,2,1,1,2.0,Rue de Verdun-Lazare-Ponticelli,48.80961009,2.35876903,20:00:00,2024-02-16
202400049531,11:30,Plein jour,15,15087,1,1,3,1.0,RD 601,44.777224,2.431417,11:30:00,2024-09-24
202400049532,19:15,Plein jour,13,13096,1,3,7,3.0,D38c,43.545259,4.36286,19:15:00,2024-09-15
202400049533,09:00,Plein jour,2B,2B043,1,1,1,2.0,Lavasina,42.755198,9.467002,09:00:00,2024-08-06
202400049534,06:05,Nuit sans éclairage,973,97312,1,1,1,1.0,N1,5.344228,-52.932043,06:05:00,2024-12-05
202400049535,01:45,Nuit sans éclairage,83,83096,1,6,1,6.0,"Dn7, PR 008+050",43.465952,5.795755,01:45:00,2024-06-12
202400049536,01:18,Nuit sans éclairage,91,91179,1,1,1,6.0,AUTOROUTE A6,48.56287,2.47968,01:18:00,2024-03-29
202400049537,18:40,Plein jour,75,75114,2,4,1,3.0,PORTE D ORLEANS,48.81930986,2.32865632,18:40:00,2024-07-12
202400049538,09:30,Plein jour,11,11397,2,1,1,6.0,Unknown,43.208664,2.440188,09:30:00,2024-08-19
202400049539,14:40,Plein jour,94,94017,2,1,8,2.0,Avenue Henri-Marie le Boursicaud,48.81478076,2.52462244,14:40:00,2024-02-16
202400049540,11:25,Plein jour,57,57484,2,6,1,2.0,Rue Nationale,49.16857,6.868987,11:25:00,2024-10-26
202400049541,10:30,Plein jour,66,66214,1,1,1,6.0,D40,42.56886,2.83726,10:30:00,2024-09-24
202400049542,18:40,,29,29233,2,3,2,6.0,Rue Cornic Duchène,47.872611,-3.550443,18:40:00,2024-12-05
202400049543,13:30,Plein jour,32,32462,1,1,1,1.0,RN 124 / PK 092+500 LAGRAULAS,43.758061,0.217538,13:30:00,2024-06-04
202400049544,19:00,Nuit sans éclairage,93,93078,1,1,3,3.0,A104,48.95857237,2.53354347,19:00:00,2024-03-29
202400049545,14:30,Plein jour,89,89163,1,1,1,2.0,D145 PK 12+900,47.893284,3.207922,14:30:00,2024-08-19
202400049546,14:51,Plein jour,42,42299,1,1,1,3.0,D204,45.612499,4.082601,14:51:00,2024-10-29
202400049547,14:35,Plein jour,75,75120,2,3,1,6.0,RUE SAINT BLAISE,48.856676,2.409272,14:35:00,2024-07-13
202400049548,19:25,Plein jour,49,49339,1,1,1,6.0,La Querrie,47.569331,-0.5685,19:25:00,2024-06-11
202400049549,18:00,Nuit sans éclairage,28,28073,1,1,1,6.0,D19,48.501792,1.628423,18:00:00,2024-12-01
202400049550,14:10,Plein jour,83,83135,1,1,1,7.0,D32,43.594239,6.060258,14:10:00,2024-09-22
202400049551,10:45,Plein jour,93,93070,2,3,1,3.0,Boulevard Victor Hugo / Rue des Bateliers,48.90985,2.3303,10:45:00,2024-02-16
202400049552,20:30,Nuit sans éclairage,93,93063,1,1,1,2.0,A3,48.87528738,2.44004158,20:30:00,2024-03-28
202400049553,15:35,Plein jour,66,66175,2,1,1,6.0,Avenue Maréchal Joffre,42.54352961,2.92019069,15:35:00,2024-12-03
202400049554,09:45,Plein jour,75,75116,2,1,1,6.0,AVENUE DE L HIPPODROME,48.858211,2.254711,09:45:00,2024-07-13
202400049555,16:10,Plein jour,46,46132,1,1,1,1.0,D840,44.75564,1.777328,16:10:00,2024-06-12
202400049556,18:30,Plein jour,64,64327,1,1,3,6.0,Quartier Janits,43.136768,-1.133367,18:30:00,2024-09-24
202400049557,20:00,Plein jour,89,89003,2,9,2,6.0,Rue de la Mothe,47.873331,3.34361,20:00:00,2024-08-17
202400049558,18:00,Crépuscule,38,38317,1,1,1,4.0,N85,45.118675,5.697956,18:00:00,2024-10-28
202400049559,12:30,Crépuscule,93,93008,2,1,1,2.0,Avenue Louis Aragon,48.91388507,2.43876136,12:30:00,2024-02-15
202400049560,10:30,Plein jour,68,68068,2,1,1,6.0,11 Rue de Delle,47.628951,7.117655,10:30:00,2024-06-11
202400049561,17:30,Nuit sans éclairage,34,34199,1,1,1,3.0,Route de Montpellier,43.470094,3.431731,17:30:00,2024-12-04
202400049562,16:10,Plein jour,93,93029,1,1,1,3.0,A86,48.91640984,2.42960287,16:10:00,2024-03-28
202400049563,14:15,Plein jour,01,01114,1,1,1,7.0,Le Bouant,46.159138,5.838525,14:15:00,2024-10-28
202400049564,17:40,Crépuscule,93,93005,2,1,1,7.0,Rue Blaise Pascal,48.949433,2.479235,17:40:00,2024-02-16
202400049565,12:50,Plein jour,75,75114,2,3,1,6.0,AVENUE PAUL APPELL,48.821913,2.325523,12:50:00,2024-07-13
202400049566,19:00,Plein jour,63,63428,1,1,1,7.0,la chabassiere,46.09494992,2.83514321,19:00:00,2024-08-17
202400049567,17:45,Plein jour,16,16003,2,6,2,2.0,Unknown,45.78234,0.33144,17:45:00,2024-09-24
202400049568,16:00,Plein jour,39,39283,1,1,1,7.0,Unknown,46.351341,5.692128,16:00:00,2024-06-12
202400049569,18:20,,83,83029,2,1,1,2.0,Route de Fayence,43.623848,6.751112,18:20:00,2024-12-03
202400049570,07:00,Plein jour,95,95555,1,1,3,6.0,D170,48.97706367,2.2828852,07:00:00,2024-03-28
202400049571,12:30,Plein jour,69,69116,2,9,7,6.0,Route Départementale 306,45.8089561,4.77939918,12:30:00,2024-10-29
202400049572,16:10,Plein jour,93,93001,2,1,1,3.0,Boulevard Félix Faure,48.907657,2.379017,16:10:00,2024-02-16
202400049573,05:15,Nuit sans éclairage,61,61089,1,2,5,3.0,D16 PK 45+590,48.846742,0.159242,05:15:00,2024-08-19
202400049574,21:57,Plein jour,75,75112,2,1,1,2.0,QUAI DE BERCY,48.83386,2.38187,21:57:00,2024-07-12
202400049575,12:00,Plein jour,06,06128,1,1,1,3.0,222 route des blaquières,43.675931,7.127257,12:00:00,2024-12-02
202400049576,14:45,Plein jour,29,29097,1,1,1,4.0,Cosquer Bras,48.49600203,-4.07370577,14:45:00,2024-06-11
202400049577,04:00,Nuit sans éclairage,47,47065,1,1,1,7.0,2340 Route de Grateloup,44.380241,0.381839,04:00:00,2024-08-18
202400049578,09:20,Plein jour,93,93001,2,6,1,2.0,Rue Charles Tillon / Rue Léopold Réchossière,48.914626,2.391871,09:20:00,2024-02-16
202400049579,07:55,Plein jour,16,16120,1,2,5,3.0,Unknown,45.599075,0.268709,07:55:00,2024-09-23
202400049580,12:35,Plein jour,35,35004,1,1,1,1.0,rue de Saint Ouen,48.462982,-1.475617,12:35:00,2024-10-28
202400049581,18:55,Plein jour,75,75112,2,1,1,1.0,BOULEVARD DIDEROT,48.847227,2.38582,18:55:00,2024-07-12
202400049582,16:35,Crépuscule,13,13062,1,9,1,3.0,Portaou,43.416845,5.517315,16:35:00,2024-12-04
202400049583,10:20,Plein jour,987,98735,2,1,1,6.0,22 SEPTEMBRE (RUE),-17.53915,-149.56771,10:20:00,2024-03-28
202400049584,19:02,Plein jour,34,34150,1,1,1,1.0,D612,43.320746,3.551412,19:02:00,2024-08-18
202400049585,09:00,Plein jour,92,92064,2,1,1,6.0,SILLY,48.84388222,2.21830672,09:00:00,2024-02-16
202400049586,16:50,Plein jour,07,07129,1,1,1,6.0,Départementale 533,44.982149,4.6109,16:50:00,2024-09-21
202400049587,10:05,Plein jour,13,13041,2,1,1,1.0,Boulevard Paul Cezanne,43.451369,5.472334,10:05:00,2024-12-04
202400049588,16:40,Plein jour,75,75110,2,2,1,1.0,RUE DU FAUBOURG DU TEMPLE,48.868731,2.367014,16:40:00,2024-07-13
202400049589,20:45,Crépuscule,22,22074,1,1,1,6.0,4 Rue de Kerjean,48.331277,-3.036774,20:45:00,2024-08-18
202400049590,12:00,Plein jour,72,72269,1,1,1,6.0,D357,47.92212164,0.76304255,12:00:00,2024-06-12
202400049591,07:55,Plein jour,974,97416,1,1,1,5.0,RN1 (ROUTE NATIONALE),-21.33168,55.45746,07:55:00,2024-03-28
202400049592,02:20,,33,33063,1,1,2,6.0,Unknown,44.883512,-0.556753,02:20:00,2024-10-27
202400049593,06:00,,92,92012,2,3,1,7.0,REPUBLIQUE (BOULEVARD DE LA) 5/77BIS - 6,48.83275545,2.24845648,06:00:00,2024-02-16
202400049594,18:12,,31,31381,2,2,1,3.0,D31,43.461984,1.570814,18:12:00,2024-12-04
202400049595,19:00,Plein jour,53,53043,2,1,1,3.0,Route de Montsûrs,48.140951,-0.55084,19:00:00,2024-09-20
202400049596,12:50,Plein jour,22,22293,2,1,1,6.0,Rue Bel Air,48.655233,-3.10136,12:50:00,2024-08-18
202400049597,19:25,Plein jour,05,05054,2,1,1,6.0,21 Route des Allards,44.677503,6.06521,19:25:00,2024-06-11
202400049598,10:00,Plein jour,75,75109,2,2,8,6.0,RUE AUBER,48.871755,2.330561,10:00:00,2024-07-13
202400049599,20:00,,95,95313,2,1,1,3.0,D67E,49.1053321,2.2174759,20:00:00,2024-02-16
202400049600,20:20,Nuit sans éclairage,86,86024,1,1,5,6.0,Rue Bigoterie,46.582566,0.194809,20:20:00,2024-12-04
202400049601,15:15,Plein jour,974,97416,1,1,1,3.0,RN3 (ANCIENNE ROUTE),-21.30011,55.50208,15:15:00,2024-02-27
202400049602,21:09,Nuit sans éclairage,78,78362,1,1,1,2.0,A13,48.976214,1.721422,21:09:00,2024-10-27
202400049603,16:25,Plein jour,40,40002,2,1,1,2.0,D15,43.585225,-0.744882,16:25:00,2024-09-24
202400049604,17:05,Plein jour,29,29160,1,1,2,7.0,route de Keroué,48.503448,-4.445338,17:05:00,2024-08-16
202400049605,07:45,Plein jour,24,24087,1,1,1,1.0,Route du Moulin de la Roque,44.887712,1.097302,07:45:00,2024-06-12
202400049606,09:45,Plein jour,974,97405,1,1,2,3.0,Rue de l'Ancienne Usine,-21.332774,55.573933,09:45:00,2024-02-17
202400049607,09:12,Plein jour,75,75109,2,3,2,3.0,BOULEVARD HAUSSMANN,48.873425,2.329691,09:12:00,2024-07-13
202400049608,16:20,Plein jour,974,97411,2,1,1,3.0,BRASSENS (AVENUE GEORGES),-20.90285,55.48038,16:20:00,2024-03-28
202400049609,11:50,Plein jour,44,44204,2,1,1,3.0,9 Route de la Barre,47.265095,-1.45557,11:50:00,2024-12-04
202400049610,10:50,Plein jour,38,38416,2,1,1,6.0,D518,45.153149,5.317544,10:50:00,2024-08-19
202400049611,09:20,Plein jour,28,28089,2,1,1,6.0,10 Rue Maurice Viollette,48.581077,1.242405,09:20:00,2024-06-12
202400049612,12:20,Plein jour,974,97411,2,1,1,6.0,LECONTE DE LISLE (AVENUE),-20.89137,55.48073,12:20:00,2024-03-28
202400049613,06:10,Nuit sans éclairage,57,57211,1,1,1,6.0,pk 306 A4,49.18163793,6.06406689,06:10:00,2024-02-17
202400049614,19:20,Nuit sans éclairage,78,78291,1,1,1,4.0,A13,48.9651,1.75957,19:20:00,2024-10-27
202400049615,17:28,Plein jour,40,40228,1,2,7,3.0,D3,43.634584,-0.824444,17:28:00,2024-09-24
202400049616,13:30,Plein jour,52,52544,1,1,1,6.0,RD 123 PK 0+925,47.9070533,5.75441699,13:30:00,2024-06-11
202400049617,16:20,Plein jour,61,61213,1,3,5,3.0,D909,48.473159,-0.130966,16:20:00,2024-12-04
202400049618,10:00,Plein jour,92,92063,1,1,8,6.0,A86,48.89103788,2.17445394,10:00:00,2024-10-27
202400049619,23:15,Nuit avec éclairage,15,15114,2,4,1,6.0,Marquizat,45.30640626,2.86193848,23:15:00,2024-08-18
202400049620,12:30,Plein jour,85,85153,1,1,1,6.0,D113,46.76769,-1.00873,12:30:00,2024-02-17
202400049621,01:20,,75,75109,2,2,8,3.0,RUE NOTRE DAME DE LORETTE,48.880268,2.335317,01:20:00,2024-07-13
202400049622,18:30,,974,97409,2,7,2,1.0,DU LYCEE(RUE),-20.96375,55.65271,18:30:00,2024-03-28
202400049623,10:35,Plein jour,40,40044,1,1,1,7.0,Route du Peu,43.540756,-1.308022,10:35:00,2024-09-24
202400049624,06:30,Nuit sans éclairage,60,60116,1,1,2,1.0,D137,49.31175,2.356224,06:30:00,2024-12-05
202400049625,20:00,Nuit sans éclairage,93,93064,1,1,1,2.0,AUTOROUTE A86,48.88595452,2.47258924,20:00:00,2024-10-28
202400049626,11:30,Plein jour,08,08491,2,1,1,6.0,Unknown,49.736734,4.856765,11:30:00,2024-06-11
202400049627,15:08,Plein jour,62,62770,1,1,1,6.0,D916,50.60501818,2.52576187,15:08:00,2024-02-15
202400049628,14:30,Plein jour,85,85008,1,1,1,6.0,A87,46.62872,-1.444204,14:30:00,2024-08-17
202400049629,07:37,Nuit sans éclairage,60,60628,1,1,2,6.0,N31,49.4256319,2.13731718,07:37:00,2024-12-05
202400049630,17:00,Plein jour,75,75107,2,2,1,2.0,RUE SAINT DOMINIQUE,48.858151,2.322805,17:00:00,2024-07-12
202400049631,16:25,Plein jour,93,93010,1,1,1,2.0,AUTOROUTE A3,48.91454975,2.47732254,16:25:00,2024-10-28
202400049632,08:20,Plein jour,59,59481,1,1,1,1.0,D114,50.254134,3.604905,08:20:00,2024-12-04
202400049633,17:20,Plein jour,06,06152,2,6,1,3.0,2700 Route des Dolines,43.626676,7.052584,17:20:00,2024-06-11
202400049634,17:00,Plein jour,83,83096,1,3,2,2.0,Dn7,43.473773,5.766063,17:00:00,2024-02-09
202400049635,15:15,Plein jour,85,85190,1,1,1,3.0,D753,46.94712,-1.488941,15:15:00,2024-09-23
202400049636,08:00,Plein jour,66,66027,2,1,2,1.0,D118,42.511688,2.114686,08:00:00,2024-08-18
202400049637,06:30,Nuit sans éclairage,974,97409,1,1,2,5.0,RN2 SENS ST BENOIT ST DENIS,-20.95721,55.65727,06:30:00,2024-03-28
202400049638,14:40,Plein jour,75,75107,2,3,1,3.0,AVENUE DE LA BOURDONNAIS,48.856785,2.301514,14:40:00,2024-07-13
202400049639,03:20,Nuit sans éclairage,59,59137,1,1,1,1.0,D934,50.07585233,3.64491906,03:20:00,2024-12-04
202400049640,09:25,Plein jour,93,93030,1,1,1,3.0,AUTOROUTE A1,48.93938116,2.4190314,09:25:00,2024-10-28
202400049641,08:00,Plein jour,27,27654,1,1,8,7.0,D80,49.208234,0.889699,08:00:00,2024-09-22
202400049642,23:40,Nuit sans éclairage,56,56006,1,1,1,2.0,Gelard,47.939676,-2.276553,23:40:00,2024-02-14
202400049643,07:55,Plein jour,66,66148,1,1,1,1.0,D914 PK D33,42.496514,3.118969,07:55:00,2024-08-19
202400049644,13:20,Plein jour,971,97118,1,1,1,1.0,D23,16.178408,-61.719711,13:20:00,2024-06-10
202400049645,08:00,Plein jour,69,69388,2,1,1,6.0,Rue Saint Maurice,45.74413073,4.86807094,08:00:00,2024-03-28
202400049646,17:55,Crépuscule,94,94017,1,1,1,2.0,A4,48.83020089,2.495767,17:55:00,2024-10-28
202400049647,22:43,Nuit sans éclairage,30,30306,1,1,1,7.0,Chemin de l'Arrière,43.805513,4.060907,22:43:00,2024-09-23
202400049648,11:15,Plein jour,56,56184,2,6,5,3.0,Giratoire de Lenruit,47.670192,-2.450193,11:15:00,2024-02-17
202400049649,16:31,Plein jour,95,95535,1,6,1,7.0,D28,49.070021,1.963157,16:31:00,2024-06-11
202400049650,05:00,,94,94041,2,3,1,1.0,Avenue de la République,48.80241,2.39742,05:00:00,2024-07-13
202400049651,19:00,Nuit sans éclairage,13,13117,1,1,1,4.0,A7-Sens Lyon vers Marseille,43.41842,5.27266,19:00:00,2024-12-01
202400049652,15:40,Plein jour,77,77122,1,1,1,3.0,RN104,48.66018974,2.6132426,15:40:00,2024-10-28
202400049653,17:00,Plein jour,56,56067,2,1,1,6.0,Route de Vannes,47.751534,-2.840937,17:00:00,2024-02-16
202400049654,17:05,Plein jour,18,18209,2,3,1,3.0,5 Route des Epourneaux,46.678409,2.491697,17:05:00,2024-08-18
202400049655,18:45,Plein jour,94,94011,2,1,1,6.0,Rue de l’Esperance,48.77308,2.47506,18:45:00,2024-07-13
202400049656,19:30,,971,97113,1,1,1,4.0,RN4 - SECTION RIVIERA,16.2175,-61.48475,19:30:00,2024-03-27
202400049657,17:20,Plein jour,52,52353,1,1,1,7.0,D1,48.008501,5.331073,17:20:00,2024-06-12
202400049658,17:40,Plein jour,72,72386,1,1,1,2.0,PK 099+500 Autoroute A28,48.026916,0.29206,17:40:00,2024-09-24
202400049659,19:45,Nuit sans éclairage,33,33192,1,1,1,2.0,Unknown,44.789056,-0.603056,19:45:00,2024-12-04
202400049660,14:45,Plein jour,76,76605,2,1,1,3.0,Route de la Mer,49.908442,0.960124,14:45:00,2024-02-17
202400049661,18:00,Plein jour,84,84105,1,3,1,3.0,D900,43.878531,5.445507,18:00:00,2024-07-13
202400049662,05:00,Nuit sans éclairage,13,13091,1,1,1,1.0,D7n,43.633062,5.283737,05:00:00,2024-09-24
202400049663,13:50,Plein jour,94,94077,2,1,1,3.0,Rue Honoré Oursel,48.728749,2.443095,13:50:00,2024-07-13
202400049664,17:07,Plein jour,91,91377,2,1,1,1.0,VOIE DE LA VALLEE DE LA BIEVRE,48.73593,2.23898,17:07:00,2024-03-28
202400049665,19:55,Plein jour,21,21154,1,1,2,3.0,D971,47.847524,4.567343,19:55:00,2024-08-17
202400049666,14:30,Plein jour,59,59508,1,1,1,6.0,AUTOROUTE A22,50.74322,3.1389,14:30:00,2024-12-02
202400049667,11:50,Plein jour,79,79270,2,2,1,1.0,Unknown,46.412091,-0.215081,11:50:00,2024-06-12
202400049668,00:35,Nuit sans éclairage,01,01228,1,1,8,6.0,A40,46.132806,5.522127,00:35:00,2024-09-23
202400049669,03:45,,974,97416,2,3,1,6.0,BABET (RUE),-21.3391,55.47941,03:45:00,2024-10-27
202400049670,16:45,Crépuscule,94,94034,1,1,1,3.0,A6A,48.75193469,2.33027052,16:45:00,2024-12-04
202400049671,22:15,Nuit sans éclairage,17,17337,1,1,1,7.0,Rue de Chéray,45.983212,-1.370303,22:15:00,2024-06-11
202400049672,13:09,Plein jour,40,40270,1,1,1,1.0,D65,43.686945,-0.41158,13:09:00,2024-08-18
202400049673,07:40,Plein jour,91,91377,2,2,1,6.0,AV DU PRESIDENT J F KENNEDY,48.73551,2.28955,07:40:00,2024-03-28
202400049674,13:30,Plein jour,93,93027,2,3,1,2.0,Avenue Roger Salengro / Avenue Romain Rolland,48.94147017,2.38754622,13:30:00,2024-07-13
202400049675,03:50,,974,97411,2,1,1,2.0,JAURES (BOULEVARD JEAN),-20.90239,55.50026,03:50:00,2024-10-28
202400049676,08:08,Crépuscule,91,91161,1,1,1,2.0,AUTOROUTE A6,48.69646778,2.31635034,08:08:00,2024-12-04
202400049677,08:30,Plein jour,34,34337,1,1,1,3.0,D 185 - Pk 11+200,43.54033,3.851666,08:30:00,2024-09-24
202400049678,14:05,Plein jour,86,86061,1,1,1,6.0,D148,46.137292,0.44249,14:05:00,2024-06-12
202400049679,15:00,Plein jour,40,40312,2,1,1,3.0,39 Boulevard Jacques Duclos,43.535864,-1.460951,15:00:00,2024-08-17
202400049680,12:00,Plein jour,2B,2B354,2,1,1,6.0,rt 20,42.173638,9.169132,12:00:00,2024-02-13
202400049681,20:35,,91,91114,2,3,1,6.0,RUE DE LA REPUBLIQUE,48.69903,2.50594,20:35:00,2024-03-27
202400049682,15:10,Plein jour,95,95252,2,1,1,2.0,RHIN ET DU DANUBE (BOULEVARD DU),48.991015,2.226225,15:10:00,2024-10-26
202400049683,18:50,Plein jour,93,93010,2,9,2,6.0,Avenue Galliéni,48.90565407,2.47737004,18:50:00,2024-07-13
202400049684,18:20,Plein jour,33,33514,1,1,1,3.0,Unknown,45.48873444,-1.07159615,18:20:00,2024-02-16
202400049685,17:30,Plein jour,35,35047,2,3,1,3.0,Avenue Lavoisier,48.033773,-1.729177,17:30:00,2024-06-11
202400049686,23:30,,35,35353,2,1,1,1.0,15 Rue Lieutenant-Colonel Dubois,48.105822,-1.738915,23:30:00,2024-06-08
202400049687,08:45,Plein jour,92,92050,1,1,1,4.0,A86,48.8989389,2.19902328,08:45:00,2024-12-04
202400049688,11:20,Plein jour,95,95563,2,1,8,1.0,CHAUVRY (RUE DE),49.02373,2.24532,11:20:00,2024-10-27
202400049689,18:00,Plein jour,28,28386,1,2,1,3.0,D23,48.567643,1.255518,18:00:00,2024-08-18
202400049690,10:50,Plein jour,32,32455,1,1,2,6.0,D 286,43.46965707,0.21569598,10:50:00,2024-02-16
202400049691,09:30,Plein jour,92,92050,1,1,1,3.0,A86,48.91427665,2.21944304,09:30:00,2024-12-04
202400049692,05:20,Crépuscule,27,27386,1,1,5,6.0,D321,49.323545,1.198878,05:20:00,2024-06-12
202400049693,21:25,,86,86066,2,3,2,4.0,Av du Mal de Lattre de Tassigny,46.81904,0.52243,21:25:00,2024-03-28
202400049694,19:24,Crépuscule,01,01425,1,1,3,6.0,A40,46.104735,5.291108,19:24:00,2024-09-22
202400049695,18:20,Plein jour,93,93010,2,6,1,3.0,Avenue Henri Barbusse / Rue Gaston Defferre,48.90182,2.48602,18:20:00,2024-07-12
202400049696,19:15,,95,95500,2,1,2,2.0,D915,49.04699441,2.08008591,19:15:00,2024-10-27
202400049697,00:27,Nuit sans éclairage,37,37104,1,1,1,6.0,Route de Sauquet,47.265514,0.798317,00:27:00,2024-08-18
202400049698,20:20,,85,85194,2,9,1,6.0,RD 949,46.51501,-1.75865,20:20:00,2024-03-24
202400049699,17:00,Plein jour,60,60612,2,3,1,3.0,Avenue du Poteau,49.217774,2.59478,17:00:00,2024-06-11
202400049700,14:50,Plein jour,06,06059,1,1,2,7.0,Autoroute A500 PR2 + 884,43.733121,7.38936,14:50:00,2024-09-23
202400049701,09:15,Plein jour,93,93001,2,2,2,3.0,Avenue Jean Jaurès / Avenue de la République,48.9041536,2.39243863,09:15:00,2024-07-13
202400049702,16:55,Plein jour,55,55079,2,3,1,3.0,Rue de Bar le Duc,48.713773,5.096146,16:55:00,2024-02-17
202400049703,10:45,Plein jour,48,48038,1,1,8,6.0,D985,44.833782,3.618096,10:45:00,2024-08-17
202400049704,06:30,Crépuscule,88,88209,2,6,1,3.0,GRANDRUPT (RUE DE LA),48.18976,6.42923,06:30:00,2024-10-27
202400049705,14:00,Plein jour,59,59497,1,1,1,2.0,131 Rue de Therouanne,50.723416,2.385503,14:00:00,2024-06-05
202400049706,10:25,Plein jour,69,69043,2,1,2,6.0,32 Avenue Paul Doumer,45.712233,4.744428,10:25:00,2024-09-22
202400049707,18:44,Nuit sans éclairage,78,78490,1,1,1,4.0,RN12 INT,48.79877,1.9232,18:44:00,2024-12-03
202400049708,23:05,Nuit sans éclairage,49,49170,1,1,9,7.0,Route du Pressoir Blanvillain,47.669217,-0.499519,23:05:00,2024-02-15
202400049709,21:50,Nuit sans éclairage,93,93078,1,1,1,6.0,AUTOROUTE A104,48.97113985,2.49844915,21:50:00,2024-12-03
202400049710,19:05,Nuit sans éclairage,82,82033,1,2,1,3.0,Route de Lafrançaise,44.07340815,1.17442837,19:05:00,2024-10-27
202400049711,20:30,Plein jour,92,92078,2,9,3,3.0,GALLIENI (BD) (1 A 79 ET 22 A 102),48.93062596,2.33213639,20:30:00,2024-07-13