Num_Acc,hrmn,lum,dep,com,agg,int,atm,col,adr,lat,long,heure,date
202400049712,08:20,Crépuscule,35,35162,2,6,1,6.0,Rue de la Libération,48.481954,-1.134177,08:20:00,2024-02-17
202400049713,13:15,Plein jour,06,06152,1,2,1,2.0,Allee Pierre Ziller,43.625856,7.041732,13:15:00,2024-08-19
202400049714,18:14,Plein jour,30,30221,1,1,1,7.0,PK 14+800,44.021351,4.735778,18:14:00,2024-09-23
202400049715,09:45,Plein jour,13,13015,1,1,1,4.0,A515CD-Gardanne vers A51-Marseille,43.42985,5.39764,09:45:00,2024-06-11
202400049716,08:30,Crépuscule,95,95572,1,1,2,2.0,N184,49.04914366,2.13825607,08:30:00,2024-12-03
202400049717,20:45,Nuit sans éclairage,31,31050,1,1,1,6.0,D817,43.110524,0.878515,20:45:00,2024-02-15
202400049718,03:20,,92,92046,2,1,1,6.0,CAMELINAT,48.81620079,2.29506934,03:20:00,2024-07-13
202400049719,17:35,Plein jour,83,83137,2,1,1,2.0,CASTIGNEAU (PORTE),43.12613,5.92226,17:35:00,2024-03-27
202400049720,21:20,,78,78551,2,4,9,3.0,DESOYER (LEON),48.89965,2.08188,21:20:00,2024-10-27
202400049721,23:52,,987,98715,1,1,1,1.0,RDO,-17.55716418,-149.59608793,23:52:00,2024-08-14
202400049722,09:00,Plein jour,13,13215,1,1,1,3.0,A7-Sens Marseille vers Lyon,43.32558,5.37865,09:00:00,2024-06-11
202400049723,09:09,Plein jour,93,93066,1,1,1,2.0,AUTOROUTE A1,48.92985457,2.36307976,09:09:00,2024-12-03
202400049724,17:35,Plein jour,21,21452,1,3,1,3.0,D905B,47.268643,5.129371,17:35:00,2024-09-24
202400049725,18:00,Crépuscule,02,02035,1,1,1,3.0,D946,49.868281,3.631454,18:00:00,2024-02-16
202400049726,02:37,Nuit sans éclairage,13,13043,1,1,8,6.0,A55-Sens Martigues vers Marseille,43.3832901,5.2298306,02:37:00,2024-06-10
202400049727,07:30,Plein jour,92,92072,2,1,1,2.0,GRANDE RUE,48.82634,2.21905,07:30:00,2024-07-13
202400049728,12:45,Plein jour,77,77438,2,1,1,6.0,COURTILLIERE  (SENTIER DE LA),48.87454995,2.66812447,12:45:00,2024-10-27
202400049729,10:15,Plein jour,83,83137,2,2,1,3.0,CUZIN (AVE FRANCOIS),43.12226,5.944,10:15:00,2024-03-27
202400049730,13:50,Plein jour,03,03079,1,1,1,7.0,D23,46.321934,3.527899,13:50:00,2024-02-17
202400049731,17:20,Plein jour,971,97103,2,1,3,2.0,Bd du Marquisat du Houelbourg,16.240057,-61.578927,17:20:00,2024-08-17
202400049732,07:45,Plein jour,93,93078,1,1,1,2.0,AUTOROUTE A104,48.9661631,2.51563055,07:45:00,2024-12-03
202400049733,09:45,Plein jour,92,92002,2,3,1,6.0,BOIS DE VERRIERES (AVENUE DU),48.75697205,2.27989554,09:45:00,2024-07-13
202400049734,02:40,Nuit sans éclairage,13,13211,1,1,8,6.0,A50-Sens Marseille vers Aubagne,43.29036289,5.48944917,02:40:00,2024-06-10
202400049735,19:55,,76,76561,2,3,1,3.0,Rue de la République,49.29877,1.01149,19:55:00,2024-10-27
202400049736,09:15,Plein jour,33,33496,1,1,3,1.0,Unknown,44.830955,-0.393255,09:15:00,2024-09-22
202400049737,18:10,Plein jour,78,78350,2,1,1,5.0,VERSAILLES (ROUTE DE),48.85534,2.10729,18:10:00,2024-03-27
202400049738,08:00,Plein jour,95,95277,1,1,1,5.0,A3,48.96893169,2.47975723,08:00:00,2024-12-02
202400049739,01:13,Nuit sans éclairage,13,13015,1,1,8,6.0,A515CD-Gardanne vers A51-Marseille,43.43088,5.39128,01:13:00,2024-06-10
202400049740,12:40,Plein jour,38,38449,1,1,1,4.0,A43 - PK 22+000,45.64620602,5.13140038,12:40:00,2024-08-19
202400049741,17:00,Crépuscule,45,45322,1,1,7,1.0,D2060 PR 16 + 332,48.01830514,2.88512421,17:00:00,2024-02-17
202400049742,17:20,Plein jour,24,24442,1,1,1,1.0,Route de la Biscuiterie,45.121737,0.484772,17:20:00,2024-07-13
202400049743,00:08,Nuit sans éclairage,57,57534,1,1,1,6.0,RN 431,49.08719,6.21815,00:08:00,2024-06-11
202400049744,14:20,Plein jour,30,30145,1,1,1,1.0,D6086 - PK 48/49,43.898356,4.516304,14:20:00,2024-09-24
202400049745,21:00,,74,74118,2,6,1,5.0,DEPORTES (ROUTE DES ),46.18042,6.22991,21:00:00,2024-10-27
202400049746,18:30,Nuit sans éclairage,94,94004,1,1,1,4.0,N19,48.74442239,2.51372874,18:30:00,2024-12-04
202400049747,15:35,Plein jour,977,97701,2,1,1,3.0,"RT209, St Jean",17.903547,-62.840027,15:35:00,2024-08-18
202400049748,11:00,Plein jour,64,64546,2,1,1,2.0,506 Avenue du Port,43.4979,-1.298583,11:00:00,2024-02-16
202400049749,08:15,Plein jour,77,77152,2,1,1,6.0,D372,48.52642,2.64661,08:15:00,2024-03-28
202400049750,08:56,Plein jour,33,33013,1,1,2,2.0,Unknown,44.867971,-0.494148,08:56:00,2024-06-11
202400049751,16:00,Plein jour,38,38238,1,1,1,3.0,D502,45.500812,5.011989,16:00:00,2024-07-14
202400049752,12:00,Plein jour,91,91064,1,1,1,6.0,RN 118,48.7481,2.1977,12:00:00,2024-06-11
202400049753,17:45,Plein jour,77,77449,2,3,1,6.0,CRS DU DANUBE,48.85651,2.7828,17:45:00,2024-03-27
202400049754,17:10,Nuit sans éclairage,77,77146,1,1,2,2.0,RN104,48.80689279,2.62988208,17:10:00,2024-12-02
202400049755,21:00,,64,64519,2,1,2,3.0,route departementale 834,43.384714,-0.380497,21:00:00,2024-02-16
202400049756,18:30,Crépuscule,71,71040,2,2,1,3.0,BIZOTS (ROUTE DES),46.71225801,4.39495236,18:30:00,2024-10-27
202400049757,22:59,Nuit sans éclairage,77,77470,1,1,3,6.0,D1004,48.73696,2.760701,22:59:00,2024-08-17
202400049758,12:15,Plein jour,84,84132,1,1,1,1.0,D98,43.889279,5.009583,12:15:00,2024-09-24
202400049759,07:40,Plein jour,91,91377,1,1,1,3.0,AUTOROUTE A10,48.71716,2.29171,07:40:00,2024-06-11
202400049760,17:50,Plein jour,86,86174,1,1,1,2.0,D910,46.77772,0.51789,17:50:00,2024-07-13
202400049761,19:05,Crépuscule,88,88160,2,1,1,3.0,SAINT-MICHEL (RUE),48.17927,6.46155,19:05:00,2024-09-27
202400049762,12:30,Plein jour,77,77333,1,1,1,3.0,RUE D EGREVILLE,48.263479,2.716365,12:30:00,2024-03-27
202400049763,18:20,Plein jour,54,54215,2,1,1,6.0,72 Rue de l'Hôtel de Ville,48.760387,6.13206,18:20:00,2024-08-19
202400049764,14:10,Plein jour,18,18035,1,1,1,1.0,Unknown,47.120519,2.654786,14:10:00,2024-02-17
202400049765,14:30,Plein jour,83,83023,1,1,1,6.0,Route Nationale 7,43.404868,6.016409,14:30:00,2024-09-22
202400049766,03:30,,69,69266,2,3,1,2.0,Boulevard Stalingrad,45.77964,4.8596,03:30:00,2024-10-27
202400049767,02:40,,75,75114,1,1,2,3.0,A6A,48.81738835,2.33491123,02:40:00,2024-06-11
202400049768,16:10,Plein jour,69,69115,2,1,1,7.0,66 Route d’Anse,45.97266,4.71694,16:10:00,2024-03-28
202400049769,14:23,Plein jour,01,01297,1,1,2,7.0,D22,45.899447,5.102828,14:23:00,2024-08-18
202400049770,07:45,Plein jour,33,33204,2,1,1,6.0,Unknown,44.544304,0.000837,07:45:00,2024-07-14
202400049771,18:10,Crépuscule,64,64445,2,1,1,7.0,JEAN MERMOZ,43.3086,-0.3768,18:10:00,2024-10-27
202400049772,12:53,Plein jour,10,10270,1,1,2,1.0,D100,48.391573,4.289995,12:53:00,2024-02-16
202400049773,13:45,Plein jour,88,88061,1,1,8,7.0,D2,48.06886,5.960748,13:45:00,2024-09-27
202400049774,23:00,Nuit sans éclairage,92,92064,1,1,1,2.0,A13,48.83887386,2.1936047,23:00:00,2024-06-10
202400049775,12:25,Plein jour,21,21231,1,1,1,3.0,Autoroute A39 PK 001.300,47.293581,5.084288,12:25:00,2024-07-14
202400049776,13:30,Plein jour,25,25032,1,2,3,3.0,D50,47.380296,6.377757,13:30:00,2024-09-23
202400049777,20:15,,69,69290,2,2,3,3.0,Rue de la Croix Rousse,45.69914474,4.94711787,20:15:00,2024-03-26
202400049778,22:20,Nuit sans éclairage,07,07084,1,1,1,7.0,Route de la Patelle,45.15928,4.758169,22:20:00,2024-02-16
202400049779,17:45,Plein jour,65,65123,1,1,1,4.0,D935,42.994635,0.21109,17:45:00,2024-08-17
202400049780,02:00,Nuit sans éclairage,88,88398,1,1,2,7.0,D420,48.269055,6.821238,02:00:00,2024-09-08
202400049781,12:30,Plein jour,51,51309,1,1,1,7.0,D224,49.151229,3.788073,12:30:00,2024-07-14
202400049782,15:30,Plein jour,62,62178,2,2,1,3.0,Rue Victor Hugo,50.48314,2.5284,15:30:00,2024-10-27
202400049783,17:00,Plein jour,67,67067,2,9,1,6.0,3 Rue du Général Duport,48.731045,7.707721,17:00:00,2024-09-17
202400049784,17:20,Plein jour,93,93008,1,1,1,5.0,A86,48.91199881,2.43838549,17:20:00,2024-06-11
202400049785,17:05,Plein jour,69,69199,2,2,2,3.0,Boulevard Yves Farge,45.69543318,4.85900454,17:05:00,2024-03-26
202400049786,19:50,Plein jour,85,85088,1,1,1,3.0,D32,46.72459,-1.86893,19:50:00,2024-08-19
202400049787,15:45,Plein jour,51,51454,2,1,1,6.0,FABIEN (RUE DU COLONNEL),49.24915,4.01572,15:45:00,2024-10-26
202400049788,02:45,Nuit avec éclairage,07,07240,1,1,1,2.0,Route Départementale 86,44.83794,4.814377,02:45:00,2024-02-17
202400049789,12:14,Plein jour,88,88160,1,2,1,3.0,GERARDMER (route de),48.16712,6.53159,12:14:00,2024-08-31
202400049790,10:50,Plein jour,95,95488,1,1,1,6.0,A15,49.01474752,2.14633743,10:50:00,2024-06-11
202400049791,16:35,Plein jour,12,12124,1,1,1,3.0,D6,44.49075,2.858591,16:35:00,2024-07-13
202400049792,17:00,Plein jour,67,67101,2,1,8,3.0,Total (Carburant),48.529275,7.497479,17:00:00,2024-09-16
202400049793,10:30,Plein jour,93,93007,1,1,1,3.0,A3,48.93160457,2.48092891,10:30:00,2024-06-11
202400049794,13:35,Plein jour,22,22186,2,3,1,3.0,Rue de Lamballe,48.583939,-2.560861,13:35:00,2024-08-05
202400049795,10:30,Plein jour,21,21603,1,1,2,2.0,D970,47.486507,4.357233,10:30:00,2024-02-16
202400049796,12:10,Plein jour,88,88209,2,2,1,3.0,LECLERC ( RUE GENERAL ),48.19091,6.43299,12:10:00,2024-08-28
202400049797,18:03,Plein jour,68,68224,2,2,1,6.0,THIERSTEIN (RUE),47.76043,7.32622,18:03:00,2024-03-28
202400049798,08:50,Plein jour,93,93029,1,1,1,7.0,A86,48.92634273,2.42216545,08:50:00,2024-06-10
202400049799,07:15,Plein jour,974,97416,1,1,1,3.0,MAURICE THOREZ(CHEMIN),-21.27951,55.48807,07:15:00,2024-12-03
202400049800,15:55,Plein jour,47,47201,2,3,1,3.0,PYRENEES (AVENUE DES),44.1791,0.6053,15:55:00,2024-10-27
202400049801,00:01,Nuit sans éclairage,95,95582,1,9,1,7.0,A15,48.96346787,2.26421667,00:01:00,2024-06-10
202400049802,17:10,Plein jour,67,67482,2,1,1,3.0,DUCS (RUE DES),48.58777,7.71389,17:10:00,2024-03-28
202400049803,02:15,Nuit sans éclairage,35,35363,1,1,1,2.0,rn 137,48.025798,-1.690046,02:15:00,2024-07-13
202400049804,14:30,Plein jour,04,04094,1,1,1,1.0,D4,43.786834,5.823312,14:30:00,2024-02-16
202400049805,19:00,Crépuscule,42,42304,1,2,8,3.0,Route de Saint Romain,45.535912,4.150123,19:00:00,2024-09-24
202400049806,22:30,Nuit sans éclairage,13,13117,1,1,1,5.0,A7-Sens Marseille vers Lyon,43.46292794,5.23481274,22:30:00,2024-08-17
202400049807,11:20,Plein jour,974,97414,1,1,1,6.0,Chemin des Aloés,-21.2647,55.457917,11:20:00,2024-07-14
202400049808,12:45,Plein jour,45,45169,2,1,1,1.0,4 Rue des Bas Champs,47.89939,1.84919,12:45:00,2024-10-27
202400049809,13:00,Plein jour,64,64445,2,1,1,3.0,LOUP DU,43.3143,-0.35471,13:00:00,2024-03-28
202400049810,18:25,Plein jour,93,93053,1,9,1,2.0,A3,48.89806947,2.46934982,18:25:00,2024-06-09
202400049811,22:30,Nuit sans éclairage,91,91432,1,1,3,2.0,AUTOROUTE A6,48.69329,2.32048,22:30:00,2024-08-17
202400049812,08:30,Plein jour,81,81104,1,1,8,1.0,D87,43.77004,1.828644,08:30:00,2024-09-23
202400049813,19:00,Nuit sans éclairage,27,27056,2,9,1,1.0,Route de Thiberville,49.089544,0.586427,19:00:00,2024-02-17
202400049814,17:15,Plein jour,974,97409,1,9,1,4.0,RN2 SENS STE SUZANNE ST BENOIT,-20.9582,55.65727,17:15:00,2024-12-02
202400049815,11:40,Plein jour,77,77294,1,1,1,2.0,A104,48.966461,2.605739,11:40:00,2024-06-11
202400049816,13:35,Plein jour,972,97209,1,1,1,6.0,CARLOS FINLAY (RUE),14.61152,-61.07405,13:35:00,2024-12-03
202400049817,19:15,Plein jour,30,30131,1,1,1,1.0,D23,44.19684,4.476245,19:15:00,2024-07-13
202400049818,13:05,Plein jour,63,63245,1,3,1,2.0,ROCADE RD 446 / chemin des Batignoles,45.88339551,3.08207813,13:05:00,2024-03-27
202400049819,20:10,,38,38421,2,3,1,5.0,RUE MASSENET,45.17896,5.76175,20:10:00,2024-10-27
202400049820,19:10,Nuit sans éclairage,17,17322,1,2,1,3.0,"LIEU-DIT ""LA TOUCHE""",46.258874,-0.814399,19:10:00,2024-02-16
202400049821,17:15,Plein jour,77,77495,1,1,1,2.0,A5B,48.577739,2.638167,17:15:00,2024-06-10
202400049822,05:50,Nuit sans éclairage,91,91228,1,1,2,4.0,AUTOROUTE A6,48.61907,2.42662,05:50:00,2024-08-17
202400049823,09:02,Plein jour,2B,2B033,2,1,7,6.0,MONTE PIANO -CHEMIN DE,42.70008,9.44325,09:02:00,2024-12-03
202400049824,14:00,Plein jour,81,81225,1,3,1,2.0,D988,43.91922,1.96379,14:00:00,2024-09-21
202400049825,14:20,Plein jour,30,30151,1,3,1,1.0,Hameau de Malataverne,44.175014,4.360569,14:20:00,2024-07-13
202400049826,16:45,Plein jour,63,63075,2,6,1,1.0,VOLTAIRE (RUE),45.77872,3.06273,16:45:00,2024-03-27
202400049827,04:00,Nuit sans éclairage,74,74179,1,1,1,1.0,625 Route de Bellegarde,45.988583,6.013781,04:00:00,2024-04-12
202400049828,17:36,Plein jour,87,87019,2,9,2,3.0,D320,45.75486337,1.33194923,17:36:00,2024-02-16
202400049829,21:35,Nuit sans éclairage,35,35051,1,1,1,2.0,ROCADE 2-3,48.1055,-1.60145,21:35:00,2024-10-27
202400049830,16:30,Plein jour,65,65173,2,1,1,7.0,Rue du Soula,42.877824,0.007982,16:30:00,2024-09-24
202400049831,15:30,Plein jour,78,78217,1,1,1,3.0,A13,48.963539,1.829489,15:30:00,2024-08-18
202400049832,16:23,Plein jour,51,51281,1,1,1,7.0,le darcy,48.967372,3.975361,16:23:00,2024-07-13
202400049833,07:53,Plein jour,2B,2B037,1,6,1,3.0,TOUTES RUES,42.6289,9.43742,07:53:00,2024-12-03
202400049834,09:30,Plein jour,74,74090,1,1,1,7.0,route de la roche sur foron,46.08432,6.292162,09:30:00,2024-04-08
202400049835,16:10,Plein jour,30,30284,1,1,1,7.0,991-503 Chemin de la Coste,44.152737,4.062935,16:10:00,2024-02-17
202400049836,10:05,,92,92050,1,1,1,2.0,A14,48.90003871,2.21071229,10:05:00,2024-08-18
202400049837,09:00,Plein jour,62,62510,2,1,1,4.0,D58,50.4221896,2.77220715,09:00:00,2024-03-22
202400049838,11:45,Plein jour,19,19156,1,1,1,7.0,route de la forêt,45.16410581,1.70603178,11:45:00,2024-07-13
202400049839,20:50,,34,34172,2,2,2,3.0,MOULARES (CHEMIN DE,43.59482,3.89072,20:50:00,2024-10-27
202400049840,07:05,Crépuscule,64,64501,2,1,8,1.0,Route de Bordeaux,43.511287,-0.728055,07:05:00,2024-09-24
202400049841,17:40,Crépuscule,971,97120,2,1,1,3.0,NOZIERES,16.24054,-61.53471,17:40:00,2024-12-03
202400049842,11:20,Plein jour,76,76469,1,1,1,7.0,D921,49.485357,1.48736,11:20:00,2024-07-13
202400049843,07:55,Plein jour,74,74293,2,6,1,3.0,Route des Plantets,46.272346,6.25599,07:55:00,2024-03-28
202400049844,23:45,,29,29232,2,1,1,6.0,Rue de la Providence,47.998682,-4.108208,23:45:00,2024-10-27
202400049845,04:00,Nuit sans éclairage,92,92047,1,1,1,2.0,A13,48.83632636,2.18475813,04:00:00,2024-08-17
202400049846,00:20,,60,60414,2,1,8,6.0,Rue Louis Blanc,49.2577,2.4509,00:20:00,2024-03-28
202400049847,10:50,Plein jour,2A,2A004,2,1,1,3.0,#Route de Mezzavia#,41.95176,8.77367,10:50:00,2024-12-03
202400049848,21:05,,35,35360,2,1,1,3.0,Avenue d?Helmstedt,48.115777,-1.190504,21:05:00,2024-09-19
202400049849,22:50,Nuit sans éclairage,74,74242,2,1,1,7.0,Unknown,45.835376,6.161428,22:50:00,2024-03-27
202400049850,18:20,Nuit sans éclairage,27,27681,1,1,1,7.0,GISORS (ROUTE DE),49.109955,1.489551,18:20:00,2024-10-27
202400049851,10:50,Plein jour,33,33424,2,1,1,6.0,Unknown,45.148452,-0.82277,10:50:00,2024-07-13
202400049852,18:50,Nuit sans éclairage,30,30088,1,1,1,5.0,RD 999,43.859937,4.130495,18:50:00,2024-02-16
202400049853,05:45,,59,59350,2,9,1,3.0,Rue des Stations,50.62873,3.04667,05:45:00,2024-03-20
202400049854,14:20,Plein jour,32,32237,1,1,1,7.0,nationale 124 PK 45+260,43.647613,0.711858,14:20:00,2024-07-13
202400049855,14:40,Plein jour,95,95277,1,1,1,4.0,A1,48.9670426,2.47751498,14:40:00,2024-08-18
202400049856,17:17,Plein jour,42,42218,2,1,1,2.0,Rue Roger Salengro,45.44262,4.3888,17:17:00,2024-04-08
202400049857,17:58,,95,95424,2,1,1,2.0,D392,48.986028,2.182073,17:58:00,2024-12-02
202400049858,17:37,Plein jour,60,60450,1,1,2,1.0,D46,49.239765,2.28168,17:37:00,2024-09-22
202400049859,08:00,Plein jour,92,92036,1,1,1,6.0,AUTOROUTE A86,48.93838168,2.31330853,08:00:00,2024-08-18
202400049860,14:10,Plein jour,27,27701,2,2,1,3.0,BLANCHE (CH. DE LA VOIE) FALAISES A SORT,49.27517,1.20275,14:10:00,2024-10-27
202400049861,09:05,Plein jour,59,59350,2,1,1,3.0,Rue de Maubeuge,50.623849,3.071667,09:05:00,2024-03-28
202400049862,23:17,Nuit sans éclairage,71,71187,2,3,1,7.0,Route du Pont Jeanne Rose,46.74502,4.495954,23:17:00,2024-07-13
202400049863,07:10,Crépuscule,13,13026,1,8,1,1.0,RN 568,43.39294,5.18655,07:10:00,2024-02-06
202400049864,00:41,Nuit sans éclairage,95,95582,1,1,2,6.0,A115,48.97762416,2.24086919,00:41:00,2024-08-18
202400049865,16:55,Plein jour,60,60628,1,1,2,6.0,N31,49.416055,2.176666,16:55:00,2024-09-24
202400049866,18:50,Plein jour,26,26198,1,1,1,7.0,Route d’Allan,44.52574,4.77331,18:50:00,2024-10-27
202400049867,08:50,Plein jour,95,95018,1,1,2,5.0,D48,48.96076,2.22433,08:50:00,2024-12-03
202400049868,00:20,Nuit sans éclairage,92,92036,1,1,2,6.0,AUTOROUTE A15,48.93879926,2.29435927,00:20:00,2024-08-18
202400049869,08:05,Plein jour,59,59009,2,6,8,3.0,MONS BOULEVARD DE,50.64516,3.13357,08:05:00,2024-03-28
202400049870,15:00,Plein jour,32,32115,1,1,1,1.0,pk 96 N124,43.762695,0.17606,15:00:00,2024-02-25
202400049871,05:30,Crépuscule,71,71359,1,1,1,2.0,départementale 975,46.557377,4.961282,05:30:00,2024-07-14
202400049872,20:00,Nuit sans éclairage,59,59218,1,1,1,7.0,Chemin de Quatre Maisons,50.06736,3.932033,20:00:00,2024-09-22
202400049873,10:45,Plein jour,91,91691,2,1,1,6.0,PARC,48.7198,2.51241,10:45:00,2024-12-02
202400049874,20:10,Nuit sans éclairage,21,21285,1,1,2,4.0,autoroute A36 PK 189+870,47.053983,5.24077,20:10:00,2024-02-16
202400049875,16:50,Plein jour,59,59017,2,1,1,6.0,SAINT VAAST (PLACE),50.68696,2.88293,16:50:00,2024-03-27
202400049876,12:45,Plein jour,25,25056,2,9,1,3.0,FRESNEL RUE,47.23528,5.97314,12:45:00,2024-10-27
202400049877,00:40,Nuit sans éclairage,32,32165,1,1,1,6.0,D12,43.601609,0.84451,00:40:00,2024-01-30
202400049878,20:25,Plein jour,95,95277,1,1,2,5.0,A1,48.96811227,2.4791801,20:25:00,2024-08-17
202400049879,15:35,Plein jour,69,69286,1,1,1,2.0,Autoroute 46,45.82118707,4.91837606,15:35:00,2024-09-23
202400049880,03:00,Nuit sans éclairage,988,98824,1,3,2,6.0,Diahoué (Tribu),-20.458253,164.678804,03:00:00,2024-02-17
202400049881,12:20,Plein jour,13,13213,1,1,1,2.0,A507 sens Aubagne- Marseille,43.32837523,5.41716434,12:20:00,2024-02-22
202400049882,04:40,Crépuscule,89,89298,2,3,1,6.0,Unknown,48.055573,3.145963,04:40:00,2024-07-14
202400049883,07:05,Crépuscule,18,18279,2,1,5,3.0,Rue Etienne Nivet,47.2215,2.081024,07:05:00,2024-10-27
202400049884,18:15,,91,91286,2,1,2,4.0,R.N. 445,48.646138,2.365791,18:15:00,2024-12-03
202400049885,22:24,,57,57491,2,1,2,3.0,VERDUN (RUE DE),49.24804,6.03822,22:24:00,2024-03-26
202400049886,08:35,Plein jour,987,98736,1,2,8,3.0,PAUL BERNIERE (RUE),-17.54097,-149.5528,08:35:00,2024-06-10
202400049887,08:10,Crépuscule,89,89387,2,2,1,3.0,DIX NEUF MARS 1962 (RUE DU),48.20233,3.30092,08:10:00,2024-12-02
202400049888,19:07,Nuit sans éclairage,28,28055,1,1,8,1.0,D325.7,48.634936,1.423051,19:07:00,2024-02-15
202400049889,00:30,,13,13210,2,1,1,3.0,ROMAIN ROLLAND (BOULEVARD),43.27815,5.4213,00:30:00,2024-10-28
202400049890,17:10,Plein jour,01,01376,1,1,1,5.0,A42   8.310 A 9.500,45.8167,4.97713,17:10:00,2024-09-19
202400049891,10:30,Plein jour,89,89088,1,2,1,3.0,D955,47.851672,3.327184,10:30:00,2024-07-14
202400049892,17:20,Plein jour,74,74119,2,1,2,6.0,DUMUR (IMPASSE DU),46.40002,6.58887,17:20:00,2024-05-31
202400049893,08:40,Plein jour,56,56260,1,1,2,4.0,Ménimur,47.66943,-2.76237,08:40:00,2024-03-28
202400049894,10:20,Plein jour,976,97611,2,1,1,3.0,kaweni-Kaweni nord ( Z I ),45.22602,-12.76237,10:20:00,2024-06-10
202400049895,07:45,,86,86194,2,1,1,1.0,Rue du Dolmen,46.5782,0.36785,07:45:00,2024-12-03
202400049896,23:41,Nuit sans éclairage,74,74119,2,1,2,6.0,DUPAS (AVENUE DU GENERAL) RD 1005,46.40073,6.58394,23:41:00,2024-05-04
202400049897,22:00,Crépuscule,49,49131,1,1,1,6.0,route de bizay,47.167339,-0.00176,22:00:00,2024-07-13
202400049898,14:15,Plein jour,45,45229,1,1,1,1.0,D135 PR 8 + 467,47.850672,2.749141,14:15:00,2024-02-17
202400049899,07:40,Crépuscule,56,56121,2,1,2,6.0,PIAF (RUE  EDITH ),47.75803,-3.38969,07:40:00,2024-03-28
202400049900,16:20,Plein jour,69,69290,1,1,1,5.0,Autoroute 46,45.68963,4.96492,16:20:00,2024-09-19
202400049901,11:35,Plein jour,974,97407,1,9,1,6.0,MASCAREIGNES(BOULEVARD),-20.94893,55.30532,11:35:00,2024-06-10
202400049902,16:45,Plein jour,22,22212,1,1,1,7.0,Le Quinquiziou,48.665054,-3.192864,16:45:00,2024-07-14
202400049903,15:10,Plein jour,73,73270,1,1,1,2.0,D1006,45.555515,6.173072,15:10:00,2024-03-02
202400049904,19:40,Crépuscule,06,06088,2,1,1,2.0,158 Route de Turin,43.72206,7.28974,19:40:00,2024-10-27
202400049905,18:00,Plein jour,69,69388,2,2,1,1.0,Avenue Rockefeller,45.7413,4.8852,18:00:00,2024-06-10
202400049906,07:30,Plein jour,51,51454,2,2,1,3.0,CHEVIGNE (RUE),49.254574,4.048237,07:30:00,2024-03-28
202400049907,17:00,Crépuscule,83,83137,2,4,1,6.0,JUIN (AVE ALPHONSE),43.12025,5.94773,17:00:00,2024-12-02
202400049908,13:10,Plein jour,974,97411,2,3,1,6.0,NOTRE DAME DE LA TRINITE (BOULEVARD),-20.89266,55.46391,13:10:00,2024-08-17
202400049909,23:00,Nuit sans éclairage,39,39470,1,3,1,1.0,Unknown,46.50289,6.02982,23:00:00,2024-07-13
202400049910,18:25,Nuit sans éclairage,06,06069,1,1,9,6.0,216 Route de Draguignan,43.64514,6.89539,18:25:00,2024-10-27
202400049911,14:33,Plein jour,2A,2A247,2,1,1,2.0,#96 Avenue de Bastia#,41.610461,9.278791,14:33:00,2024-02-17
202400049912,17:33,Plein jour,67,67482,1,1,1,2.0,M352,48.57197049,7.75086254,17:33:00,2024-09-19
202400049913,13:55,Plein jour,69,69383,2,2,1,1.0,Rue Julien,45.75254,4.88828,13:55:00,2024-06-10
202400049914,11:00,Plein jour,83,83137,2,1,1,6.0,STRASBOURG (BD DE ),43.12476,5.93276,11:00:00,2024-12-03
202400049915,01:30,Nuit sans éclairage,25,25442,1,2,1,6.0,D437,46.839504,6.33909,01:30:00,2024-07-14
202400049916,15:10,Plein jour,04,04070,2,1,3,6.0,PRISON (MTEES),44.09212,6.23629,15:10:00,2024-10-26
202400049917,06:05,Crépuscule,51,51454,2,2,1,3.0,LAON (AVENUE) DU N° 219 AU 341 ET N° 248,49.27507,4.0178,06:05:00,2024-03-27
202400049918,18:15,Plein jour,972,97209,2,1,1,6.0,AMITIE (RUE DE L'),14.61,-61.08,18:15:00,2024-06-10
202400049919,16:05,Plein jour,973,97302,2,2,1,3.0,CATAYEE (JUSTIN),4.93842663,-52.3303611,16:05:00,2024-08-16
202400049920,11:05,Plein jour,83,83123,2,3,1,6.0,PRATS (AVENUE DES),43.12096,5.81602,11:05:00,2024-12-01
202400049921,17:35,Crépuscule,11,11099,1,1,2,1.0,30 Route de Villalier,43.264892,2.404252,17:35:00,2024-02-16
202400049922,15:20,Plein jour,02,02174,1,1,8,6.0,Unknown,49.464498,3.517942,15:20:00,2024-07-14
202400049923,23:55,,59,59507,1,1,1,5.0,AUTOROUTE A1,50.61064,3.09075,23:55:00,2024-09-20
202400049924,16:55,Plein jour,69,69389,2,1,1,6.0,61 Rue Marietton,45.77581894,4.80128484,16:55:00,2024-06-10
202400049925,11:55,Plein jour,972,97213,2,1,1,6.0,ROUTE NATIONALE 1,14.62107,-60.99161,11:55:00,2024-08-17
202400049926,15:00,Plein jour,75,75119,2,1,1,6.0,AVENUE SIMON BOLIVAR,48.880912,2.373763,15:00:00,2024-10-27
202400049927,13:50,Plein jour,47,47001,2,1,1,3.0,CALABET (QUAI DU DOCTEUR),44.20903,0.61123,13:50:00,2024-03-28
202400049928,09:17,Plein jour,80,80021,2,1,1,7.0,Rue des Jacobins,49.8959,2.29966,09:17:00,2024-11-29