Num_Acc,hrmn,lum,dep,com,agg,int,atm,col,adr,lat,long,heure,date
202400049929,14:30,Plein jour,69,69381,2,2,1,6.0,Rue de la Martinière,45.76816872,4.83148905,14:30:00,2024-06-10
202400049930,18:15,Crépuscule,80,80021,2,1,2,7.0,Rue Saint-Acheul,49.88409,2.32673,18:15:00,2024-12-02
202400049931,01:25,,42,42218,2,1,1,7.0,Place du Peuple,45.43589,4.38812,01:25:00,2024-03-27
202400049932,04:15,,59,59462,1,1,1,6.0,AUTOROUTE A1,50.51848,3.03747,04:15:00,2024-09-22
202400049933,15:45,Plein jour,34,34017,1,3,1,7.0,D161e3,43.476856,3.456659,15:45:00,2024-02-11
202400049934,20:00,Plein jour,02,02816,1,2,2,2.0,Unknown,49.149239,3.521973,20:00:00,2024-07-11
202400049935,08:10,Plein jour,971,97113,2,1,1,7.0,Section Port Blanc,16.22694,-61.45949,08:10:00,2024-06-06
202400049936,09:58,Plein jour,2B,2B033,2,1,1,2.0,ROUTE ROYALE,42.6759,9.4366,09:58:00,2024-08-17
202400049937,01:45,,75,75116,2,2,2,3.0,RUE DE BOULAINVILLIERS,48.858176,2.274835,01:45:00,2024-10-27
202400049938,11:30,Plein jour,42,42187,2,6,1,3.0,Boulevard Maréchal Joffre,46.05331,4.07358,11:30:00,2024-03-28
202400049939,20:40,,971,97101,1,9,1,2.0,LAURICISQUE,16.25314,-61.54726,20:40:00,2024-06-09
202400049940,11:40,Plein jour,05,05078,1,2,1,3.0,Chemin de Crigne,44.393852,5.941565,11:40:00,2024-02-17
202400049941,04:50,Nuit avec éclairage,2B,2B120,2,1,1,1.0,11 - RT,42.66211,9.43457,04:50:00,2024-08-17
202400049942,07:00,Crépuscule,91,91570,1,1,2,4.0,RN 104,48.62527,2.30889,07:00:00,2024-09-23
202400049943,05:45,Nuit sans éclairage,13,13066,1,1,1,7.0,D7n,43.865723,4.913635,05:45:00,2024-02-17
202400049944,13:55,Plein jour,75,75115,2,3,1,3.0,BOULEVARD DES FRERES VOISIN,48.827924,2.271213,13:55:00,2024-10-26
202400049945,07:55,Crépuscule,77,77518,1,1,1,1.0,BOURGOGNE(ROUTE DE),48.503155,2.617489,07:55:00,2024-12-02
202400049946,22:40,,971,97105,2,1,1,3.0,LUCIEN BERNIER(AVENUE),15.998,-61.72,22:40:00,2024-06-08
202400049947,14:00,Plein jour,38,38053,2,1,1,2.0,D1006,45.58523,5.2706,14:00:00,2024-03-28
202400049948,02:20,Nuit sans éclairage,03,03049,1,1,1,6.0,D280,46.301536,3.203899,02:20:00,2024-07-13
202400049949,10:45,Plein jour,03,03032,1,1,2,7.0,route de beaugalant,46.27786,2.971652,10:45:00,2024-02-16
202400049950,14:30,Plein jour,971,97101,2,1,1,7.0,NEREE,16.26496,-61.50194,14:30:00,2024-08-17
202400049951,12:22,Plein jour,2A,2A004,2,6,1,2.0,CLAIRIERE RCE LA BD LOUIS CAMPI,41.94221,8.74984,12:22:00,2024-06-10
202400049952,05:25,Nuit sans éclairage,92,92063,1,1,8,3.0,A86,48.88916835,2.16820501,05:25:00,2024-09-23
202400049953,23:00,Nuit sans éclairage,03,03063,2,1,1,2.0,124 Route de Digoin,46.476321,3.96975,23:00:00,2024-07-13
202400049954,17:40,Plein jour,34,34108,1,1,1,6.0,RD2 Route de Balaruc,43.42849,3.70596,17:40:00,2024-03-28
202400049955,23:45,,75,75110,2,1,1,6.0,BOULEVARD SAINT DENIS,48.869269,2.35555,23:45:00,2024-10-26
202400049956,11:32,Plein jour,971,97101,1,1,1,6.0,RN11,16.27297,-61.53833,11:32:00,2024-08-17
202400049957,09:20,Plein jour,73,73065,2,2,2,3.0,LYON (AVENUE DE),45.56291654,5.90816505,09:20:00,2024-12-03
202400049958,11:20,Plein jour,70,70546,1,1,1,6.0,D70,47.524511,5.645889,11:20:00,2024-07-13
202400049959,18:00,Plein jour,78,78206,1,1,2,6.0,A13,48.945408,1.949073,18:00:00,2024-09-22
202400049960,14:30,Plein jour,95,95427,2,3,1,6.0,VILLETANEUSE (RUE DE),48.97170068,2.34783232,14:30:00,2024-06-09
202400049961,12:05,Plein jour,73,73213,2,2,1,2.0,R du Bois de Leysse / D9A,45.565951,5.968857,12:05:00,2024-02-16
202400049962,01:40,,75,75108,2,2,2,6.0,RUE PIERRE CHARRON,48.870443,2.305131,01:40:00,2024-10-27
202400049963,01:45,,971,97113,1,1,2,6.0,Pont de BLANCHARD,16.22131,-61.52214,01:45:00,2024-08-17
202400049964,09:54,Plein jour,72,72181,2,3,1,1.0,BONNETABLE (RTE) N° PAIRS 72 ET >,48.02081683,0.22634625,09:54:00,2024-11-24
202400049965,07:55,Plein jour,93,93066,1,1,8,2.0,AUTOROUTE A1,48.91744438,2.35770709,07:55:00,2024-09-22
202400049966,01:10,Nuit sans éclairage,54,54210,1,1,1,6.0,2 La Baraque,48.559596,6.692961,01:10:00,2024-07-14
202400049967,19:45,Nuit sans éclairage,38,38162,1,3,1,3.0,D1075,45.588133,5.540392,19:45:00,2024-02-16
202400049968,22:00,Plein jour,95,95018,2,1,1,5.0,9 MAURICE UTRILLO (AVENUE),48.940421,2.234458,22:00:00,2024-06-10
202400049969,18:30,,69,69282,2,1,1,6.0,8 Rue du 8 Mai 1945,45.76784,5.00212,18:30:00,2024-12-03
202400049970,20:42,,91,91161,2,1,2,6.0,AV CHARLES DE GAULLE,48.704,2.321,20:42:00,2024-08-17
202400049971,01:20,Nuit sans éclairage,94,94028,1,1,2,6.0,A86,48.77631661,2.43214009,01:20:00,2024-09-22
202400049972,02:25,Nuit avec éclairage,10,10313,2,1,1,6.0,Rue de Dienville,48.359056,4.508026,02:25:00,2024-07-14
202400049973,19:20,,75,75107,2,3,1,6.0,RUE SEDILLOT,48.859404,2.301324,19:20:00,2024-10-27
202400049974,12:43,Plein jour,38,38071,2,1,1,6.0,2 Route de Saint Georges de Commiers,45.087376,5.73042,12:43:00,2024-02-16
202400049975,13:20,Plein jour,43,43135,1,1,1,7.0,D500,44.93133802,4.00989014,13:20:00,2024-06-29
202400049976,19:20,Plein jour,91,91549,2,2,1,3.0,CHARMES (ALLEE DES),48.63964,2.32137,19:20:00,2024-06-10
202400049977,13:00,Plein jour,91,91223,2,1,2,6.0,BELLES CROIX (RUE DES),48.42345,2.13372,13:00:00,2024-08-17
202400049978,09:45,Plein jour,69,69266,2,3,1,3.0,Cours Emile Zola,45.77064,4.87369,09:45:00,2024-12-03
202400049979,07:10,Plein jour,43,43241,1,1,8,6.0,D54,44.97199021,3.8887789,07:10:00,2024-06-14
202400049980,12:26,Plein jour,75,75107,2,2,1,6.0,RUE SAINT DOMINIQUE,48.857683,2.300197,12:26:00,2024-10-27
202400049981,20:00,Crépuscule,40,40115,1,1,1,4.0,D10,43.783581,-0.924764,20:00:00,2024-07-13
202400049982,17:15,Plein jour,01,01403,1,1,1,3.0,D19,45.816955,5.449298,17:15:00,2024-02-17
202400049983,11:00,Plein jour,91,91471,2,1,1,6.0,MONTHLERY (ROUTE DE),48.68615,2.18802,11:00:00,2024-06-10
202400049984,19:20,Plein jour,24,24428,1,1,1,7.0,Route de pierre levée,45.523337,0.911522,19:20:00,2024-07-13
202400049985,11:30,Plein jour,69,69029,2,3,1,3.0,Avenue Franklin Roosevelt,45.73848,4.8938,11:30:00,2024-12-03
202400049986,07:50,Plein jour,50,50151,1,2,1,3.0,D650,49.211512,-1.573542,07:50:00,2024-06-25
202400049987,10:19,Plein jour,90,90099,2,6,1,3.0,CD5,47.67486572,6.84543648,10:19:00,2024-08-16
202400049988,19:00,,75,75101,2,1,1,6.0,QUAI DES TUILERIES,48.863499,2.322325,19:00:00,2024-10-27
202400049989,23:58,,91,91114,2,1,1,6.0,BD CHARLES DE GAULLE,48.69442,2.50322,23:58:00,2024-06-09
202400049990,19:50,Nuit sans éclairage,17,17283,1,1,1,4.0,D137,45.56569,-0.553951,19:50:00,2024-02-16
202400049991,18:35,,67,67365,2,1,2,6.0,MATHIAS GRUNEWALD (RUE),48.56,7.72,18:35:00,2024-12-02
202400049992,11:15,Plein jour,85,85042,1,3,1,2.0,RD25,46.386968,-0.989193,11:15:00,2024-06-28
202400049993,16:24,Plein jour,94,94028,2,1,1,6.0,Avenue de Verdun,48.79867474,2.4650555,16:24:00,2024-10-27
202400049994,20:22,Plein jour,87,87085,2,1,1,6.0,DETAILLE (RUE),45.85232,1.27209,20:22:00,2024-06-08
202400049995,23:30,Nuit sans éclairage,974,97416,1,9,1,1.0,RN1 (ROUTE NATIONALE),-21.30365,55.42732,23:30:00,2024-09-21
202400049996,08:30,Crépuscule,22,22054,2,1,1,2.0,rue des jeanettes,48.623598,-2.441679,08:30:00,2024-02-16
202400049997,17:40,,67,67482,2,1,2,3.0,BISCHWILLER (ROUTE DE),48.59684,7.74139,17:40:00,2024-12-02
202400049998,10:45,Plein jour,83,83137,1,3,1,5.0,POMETS (ROUTE DES),43.16406,5.9008,10:45:00,2024-08-17
202400049999,11:38,Plein jour,87,87085,2,1,1,7.0,DU BAS LEYCURAS (CHEMIN),45.79539,1.26559,11:38:00,2024-06-08
202400050000,16:29,Plein jour,94,94075,2,3,1,3.0,Rue de Brunoy,48.709392,2.52898,16:29:00,2024-10-27
202400050001,17:15,Plein jour,974,97411,1,1,1,3.0,SAINT-FRANCOIS (BOULEVARD DE),-20.90238,55.46216,17:15:00,2024-09-21
202400050002,20:35,Nuit sans éclairage,60,60559,1,1,1,2.0,RN 31,49.41381743,2.27839708,20:35:00,2024-02-16
202400050003,06:30,Plein jour,27,27112,2,4,1,6.0,Rue Théodore Pierre,48.841828,0.903577,06:30:00,2024-07-13
202400050004,17:15,,67,67267,2,1,2,6.0,GRAFFENSTADEN (RUE DE),48.54903,7.68074,17:15:00,2024-12-02
202400050005,19:30,Nuit sans éclairage,974,97409,2,1,1,3.0,Salazie (route de),-20.98436,55.6268,19:30:00,2024-09-22
202400050006,19:50,Plein jour,84,84080,2,1,1,6.0,TREWEY BOULEVARD,44.03345,4.99582,19:50:00,2024-06-10
202400050007,02:00,Nuit sans éclairage,17,17124,2,1,1,7.0,14 Rue de la Grande Rivière,46.03997,-0.603154,02:00:00,2024-07-14
202400050008,21:25,,93,93072,2,1,1,3.0,ARISTIDE BRIAND (AVENUE) COTE DES N°1A87,48.96210942,2.37995267,21:25:00,2024-10-27
202400050009,16:58,Plein jour,79,79191,2,1,1,1.0,Unknown,46.32852,-0.43798,16:58:00,2024-08-16
202400050010,22:30,,66,66136,2,2,1,3.0,PYRENEES (BOULEVARD DES),42.69487,2.88905,22:30:00,2024-11-17
202400050011,02:05,Nuit sans éclairage,17,17309,1,1,1,7.0,14 Route de Montguyon,45.168313,-0.046402,02:05:00,2024-07-13
202400050012,02:35,,83,83137,2,1,1,6.0,MAGAUD (ANSE),43.10950068,5.98042363,02:35:00,2024-06-10
202400050013,13:38,Plein jour,95,95219,2,3,8,3.0,18 JUIN (RUE DU),48.99353839,2.24562854,13:38:00,2024-09-22
202400050014,19:00,Nuit sans éclairage,64,64249,1,1,1,3.0,GETARIA(AVENUE),43.41851,-1.60771,19:00:00,2024-11-24
202400050015,20:10,Crépuscule,78,78168,2,6,2,3.0,GARE (AVENUE DE LA),48.74444,1.92073,20:10:00,2024-08-17
202400050016,19:54,Plein jour,17,17269,1,9,1,1.0,d730,45.230222,-0.219904,19:54:00,2024-07-10
202400050017,21:00,Nuit sans éclairage,59,59456,1,1,1,6.0,AUTOROUTE A 21,50.38261,3.20383,21:00:00,2024-02-15
202400050018,08:35,Plein jour,83,83137,2,1,1,3.0,MOULINS (AVE DES DE 328 A FIN,43.15211306,5.91511068,08:35:00,2024-06-09
202400050019,11:20,Plein jour,93,93077,2,2,1,7.0,MARCEL (AVENUE),48.87802,2.52491,11:20:00,2024-10-27
202400050020,23:00,Nuit sans éclairage,77,77475,1,1,2,6.0,RN 3,48.95868,2.97921,23:00:00,2024-08-17
202400050021,18:20,,64,64445,2,3,2,3.0,HAUTERIVE,43.32466,-0.35682,18:20:00,2024-12-03
202400050022,16:10,Plein jour,95,95183,1,1,1,1.0,D38,49.040034,1.99359001,16:10:00,2024-09-21
202400050023,07:10,Plein jour,83,83137,2,1,1,2.0,CLEMENCEAU (BD GEORGES),43.12306767,5.93834138,07:10:00,2024-06-09
202400050024,23:50,,92,92047,1,1,1,2.0,A13,48.83397544,2.16646875,23:50:00,2024-02-15
202400050025,07:55,Plein jour,30,30112,2,2,1,3.0,Avenue des Lens,43.909403,4.201654,07:55:00,2024-07-14
202400050026,20:30,,91,91027,2,1,3,7.0,AV HENRI DUNANT,48.71281,2.39419,20:30:00,2024-09-22
202400050027,19:10,,93,93046,2,1,2,2.0,ARISTIDE BRIAND AVENUE,48.91042621,2.51098755,19:10:00,2024-10-27
202400050028,07:50,,64,64348,2,1,8,3.0,FREDERIC ET IRENE JOLIOT CURIE,43.30916,-0.42842,07:50:00,2024-12-03
202400050029,19:45,Nuit sans éclairage,78,78646,1,1,1,2.0,RN12,48.79026,2.07079,19:45:00,2024-02-15
202400050030,03:30,Nuit avec éclairage,69,69013,1,1,1,6.0,Route Nationale 6,46.01248,4.72011,03:30:00,2024-08-17
202400050031,16:00,Plein jour,987,98715,2,9,2,6.0,Route de Puurai en direction de Oremu 4,-17.584,-149.56,16:00:00,2024-07-13
202400050032,22:00,Plein jour,80,80001,2,9,1,3.0,Rue Jean Mennesson,50.11561,1.82616,22:00:00,2024-06-08
202400050033,15:45,Plein jour,91,91326,2,2,8,3.0,COUR DE FRANCE (AVENUE DE LA),48.68448,2.37523,15:45:00,2024-09-22
202400050034,23:40,,64,64024,2,6,2,7.0,BAB (BOULEVARD DU),43.49706,-1.50862,23:40:00,2024-12-02
202400050035,16:15,Plein jour,49,49015,1,1,1,3.0,"A 11, PK 268.300, sens NANTES-PARIS",47.49470131,-0.61016141,16:15:00,2024-07-12
202400050036,07:05,,93,93066,2,2,2,2.0,"""STRASBOURG, NR 1 A 71 ET 2 A 34""",48.93715367,2.37189051,07:05:00,2024-10-27
202400050037,18:10,,92,92050,1,1,1,2.0,A86,48.90384699,2.2068733,18:10:00,2024-02-15
202400050038,20:15,Plein jour,69,69199,2,3,2,2.0,Boulevard Yves Farge,45.69582,4.85886,20:15:00,2024-08-17
202400050039,12:40,Plein jour,78,78650,2,2,1,3.0,ETATS UNIS (BOULEVARD DES),48.88943,2.14123,12:40:00,2024-06-09
202400050040,19:05,,64,64102,2,3,2,3.0,LECLERC (AVENUE DE LA DIVISION),43.49079,-1.45998,19:05:00,2024-12-02
202400050041,20:40,,78,78621,2,2,1,3.0,PASTEUR MARTIN LUTHER KING (AVENUE DU),48.77334,1.98659,20:40:00,2024-09-21
202400050042,13:10,Plein jour,93,93010,2,1,1,6.0,ONZE-NOVEMBRE-1918 (PL. DU),48.90247553,2.48228637,13:10:00,2024-10-27
202400050043,16:40,Plein jour,38,38212,1,1,1,6.0,RD1091,45.103282,5.920354,16:40:00,2024-07-13
202400050044,19:25,Nuit sans éclairage,92,92050,1,1,1,3.0,A86,48.89969655,2.19989319,19:25:00,2024-02-14
202400050045,04:45,,78,78208,2,1,1,6.0,GREGORY (BOULEVARD BERNARD),48.771827,1.955891,04:45:00,2024-06-10
202400050046,23:00,,78,78383,2,1,2,6.0,CLAUDE BERNARD (RUE),48.75981,1.93153,23:00:00,2024-09-21
202400050047,17:30,Crépuscule,62,62413,2,1,1,6.0,Rue Pierre Jacquard,50.46438686,2.93063432,17:30:00,2024-11-28
202400050048,00:35,Nuit sans éclairage,69,69199,1,3,1,3.0,Avenue Albert Ramboz,45.68093,4.84626,00:35:00,2024-08-17
202400050049,15:12,Plein jour,77,77215,2,1,1,6.0,BD VICTOR HUGO,48.73935422,2.72177964,15:12:00,2024-09-22
202400050050,19:30,Plein jour,93,93010,2,1,1,5.0,AULNAY (ROUTE) COTE PAIRE DE 2 A FIN,48.91,2.4802,19:30:00,2024-10-26
202400050051,12:55,Plein jour,59,59028,2,3,1,3.0,Rue Francisco Ferrer,50.41457,3.04182,12:55:00,2024-12-01
202400050052,17:30,Plein jour,93,93027,1,9,1,5.0,A86,48.92568108,2.39637584,17:30:00,2024-02-15
202400050053,01:40,Nuit avec éclairage,78,78621,1,6,1,5.0,NATIONALE 10 (ROUTE),48.77918,2.00764,01:40:00,2024-06-10
202400050054,18:00,,58,58194,2,1,1,6.0,CAMILLE BAYNAC,46.9896,3.13408,18:00:00,2024-12-02
202400050055,09:55,Plein jour,13,13051,1,1,1,4.0,"Autoroute A7 - PK 241,000 - sens MARSEILLE / LYON",43.592615,5.17868,09:55:00,2024-07-13
202400050056,16:00,Plein jour,68,68376,2,6,1,3.0,Unknown,47.808128,7.314578,16:00:00,2024-08-10
202400050057,16:15,Plein jour,92,92073,2,1,8,2.0,BLUM (QUAI LEON),48.86378,2.22639,16:15:00,2024-10-27
202400050058,16:20,Plein jour,77,77373,2,1,1,6.0,RUE SAINT CLAIR,48.78232071,2.59851884,16:20:00,2024-06-08
202400050059,08:50,Plein jour,93,93006,1,1,1,3.0,AUTOROUTE A3,48.86690246,2.42530059,08:50:00,2024-02-16
202400050060,07:00,,57,57672,2,1,2,6.0,PERCEE SUD CD 1,49.35258,6.17499,07:00:00,2024-12-02
202400050061,01:20,Nuit sans éclairage,974,97415,1,1,1,6.0,RN 1A,-21.022968,55.230702,01:20:00,2024-07-14
202400050062,11:55,Plein jour,77,77131,2,1,1,6.0,GENERAL LECLERC (RUE DU),48.8114,3.0796,11:55:00,2024-09-21
202400050063,04:00,,65,65286,2,1,1,6.0,Avenue du Paradis,43.0935,-0.05346,04:00:00,2024-08-17
202400050064,16:40,Plein jour,92,92048,2,1,1,6.0,TRIVAUX (AVENUE DE) N° 1,48.80412,2.23463,16:40:00,2024-10-26
202400050065,14:50,Plein jour,56,56098,2,1,1,6.0,Rue Général Leclerc,47.76226,-3.35086,14:50:00,2024-12-02
202400050066,08:00,Plein jour,93,93010,1,1,1,3.0,A3,48.88893243,2.47376801,08:00:00,2024-02-16
202400050067,10:30,Plein jour,77,77449,2,2,1,3.0,Cours du Danube,48.85392309,2.77370919,10:30:00,2024-06-10
202400050068,13:55,Plein jour,971,97130,2,1,1,1.0,route du sud,15.850947,-61.623473,13:55:00,2024-07-13
202400050069,19:50,Crépuscule,76,76212,2,2,2,3.0,Boulevard de la Paix,49.4361,1.14173,19:50:00,2024-09-22
202400050070,22:07,,65,65286,2,1,1,2.0,ABADIE (Avenue François),43.11097,-0.0368,22:07:00,2024-07-06
202400050071,10:40,Plein jour,92,92078,2,4,8,3.0,GRESILLONS (QUAI DES),48.92330836,2.32828394,10:40:00,2024-10-27
202400050072,12:40,Plein jour,56,56098,2,1,8,4.0,Sortie parc des expos,47.77839,-3.35191,12:40:00,2024-11-30
202400050073,16:15,Plein jour,76,76026,2,1,1,1.0,VOISIN ANDRE,49.8815,1.1039,16:15:00,2024-09-22
202400050074,18:40,Plein jour,64,64545,2,9,2,3.0,RD810,43.37388,-1.67949,18:40:00,2024-08-17
202400050075,18:35,Plein jour,77,77508,1,1,1,4.0,D231 PK 44+800,48.821043,2.814732,18:35:00,2024-07-12
202400050076,15:40,Plein jour,76,76351,2,3,1,4.0,GEORGES LAFAURIE (RUE),49.49933,0.10838,15:40:00,2024-06-08
202400050077,12:00,Plein jour,66,66136,1,1,1,3.0,Unknown,42.70933,2.96424,12:00:00,2024-09-22
202400050078,18:30,Nuit sans éclairage,54,54300,2,2,2,6.0,Rue Lucien Galtier,48.66002,6.22525,18:30:00,2024-12-02
202400050079,12:15,Plein jour,01,01004,2,3,1,3.0,Avenue Leon Blum,45.961003,5.347386,12:15:00,2024-10-28
202400050080,21:50,,64,64348,2,2,2,1.0,CHARLES DE GAULLE,43.31365,-0.41739,21:50:00,2024-08-17
202400050081,11:25,Plein jour,95,95379,1,1,1,1.0,D983,49.1235425,1.78975041,11:25:00,2024-07-14
202400050082,02:40,,76,76351,2,3,1,7.0,FOCH (AVENUE),49.49362,0.09783,02:40:00,2024-06-08
202400050083,09:32,Plein jour,93,93053,1,1,1,5.0,A86,48.90368296,2.4666784,09:32:00,2024-02-15
202400050084,08:10,Plein jour,51,51454,1,1,1,6.0,A34 ,49.25641,4.08529,08:10:00,2024-12-03
202400050085,06:35,Crépuscule,11,11203,1,1,1,6.0,rte departementale 6113,43.204018,2.784348,06:35:00,2024-10-27
202400050086,14:38,Plein jour,65,65286,2,9,2,6.0,91 Boulevard de la Grotte,43.09822,-0.05052,14:38:00,2024-09-22
202400050087,05:50,Crépuscule,72,72181,2,1,1,6.0,CARENTAN (RUE DE),47.9851,0.21866,05:50:00,2024-06-09
202400050088,00:10,,62,62160,2,1,1,7.0,Rue de Folkestone,50.72861,1.59878,00:10:00,2024-08-18
202400050089,17:10,Crépuscule,51,51454,2,1,1,2.0,VOISIN (RUE GABRIEL),49.23276,4.06723,17:10:00,2024-12-02
202400050090,17:11,Plein jour,64,64545,2,1,1,3.0,RD810,43.37034,-1.6826,17:11:00,2024-09-21
202400050091,17:10,Plein jour,71,71486,2,1,1,1.0,JEAN JAURES (AVENUE),46.64460536,4.35262217,17:10:00,2024-06-10
202400050092,15:05,Plein jour,22,22175,1,2,1,1.0,Saint-Aubin,48.492947,-2.406607,15:05:00,2024-10-27
202400050093,12:15,Plein jour,987,98735,1,1,1,1.0,BERNARDINO (RUE),-17.53244,-149.56656,12:15:00,2024-02-15
202400050094,15:00,Plein jour,34,34057,1,1,1,5.0,M65,43.643886,3.898033,15:00:00,2024-06-19
202400050095,15:40,Plein jour,61,61391,1,1,2,7.0,D962,48.773444,-0.560118,15:40:00,2024-08-16
202400050096,15:50,Plein jour,84,84003,1,1,7,7.0,D900,43.885004,5.362921,15:50:00,2024-07-14
202400050097,22:30,,69,69256,2,1,1,6.0,Rue Anatole France,45.78149,4.92213,22:30:00,2024-06-10
202400050098,22:30,,51,51454,2,2,1,1.0,MARCHANDEAU (AVENUE PAUL),49.24416,4.02745,22:30:00,2024-11-30
202400050099,12:05,Plein jour,64,64445,2,3,8,3.0,TRESPOEY DE,43.299,-0.35521,12:05:00,2024-09-22
202400050100,08:20,Plein jour,41,41259,1,2,5,3.0,D917,47.771432,0.969852,08:20:00,2024-10-28
202400050101,17:50,Plein jour,60,60057,2,3,1,2.0,Rue Corréus,49.42684,2.08916,17:50:00,2024-08-13
202400050102,16:35,Plein jour,974,97416,2,1,1,3.0,CASABONA (CHEMIN),-21.33339,55.46743,16:35:00,2024-02-15
202400050103,15:45,Plein jour,69,69266,2,1,1,6.0,31 Avenue Antoine de Saint-Exupéry,45.75891397,4.87826081,15:45:00,2024-06-10
202400050104,01:50,,06,06065,2,1,1,1.0,8678 Route de Cagnes,43.724684,7.15343,01:50:00,2024-07-14
202400050105,18:30,,51,51230,2,1,2,3.0,MOTTE (BOULEVARD DE LA),49.04598,3.95767,18:30:00,2024-12-02
202400050106,21:00,Nuit sans éclairage,83,83031,1,1,1,6.0,Route de la Garde-Freinet (Pont),43.360216,6.390427,21:00:00,2024-10-27
202400050107,18:00,Plein jour,59,59279,2,1,1,2.0,RONCQ (BOULEVARD),50.772442,3.128014,18:00:00,2024-08-16
202400050108,14:40,Plein jour,49,49007,2,1,1,3.0,PASTEUR,47.47213,-0.54112,14:40:00,2024-12-02
202400050109,20:00,Plein jour,69,69091,2,1,1,3.0,12 Avenue Danielle Casanova,45.59388537,4.76643996,20:00:00,2024-06-10
202400050110,09:05,Plein jour,13,13096,1,1,1,3.0,D570 - aire des bruns,43.582484,4.442116,09:05:00,2024-07-14
202400050111,08:20,Plein jour,974,97416,1,1,1,4.0,RN3 (1),-21.31434,55.49362,08:20:00,2024-02-15
202400050112,20:02,,63,63113,2,2,1,3.0,Torpilleur Sircocco /rue des clos,45.80584,3.10681,20:02:00,2024-09-22
202400050113,06:40,Nuit sans éclairage,48,48095,1,1,5,6.0,RD 42,44.5286,3.43786,06:40:00,2024-12-02
202400050114,18:25,Plein jour,59,59648,2,1,1,6.0,Avenue de l'Europe,50.58825,3.05415,18:25:00,2024-08-17
202400050115,10:55,Plein jour,88,88531,1,1,1,6.0,D417,48.084483,6.909993,10:55:00,2024-07-13
202400050116,17:41,Crépuscule,30,30060,1,3,1,3.0,Chemin de Bellecoste (Pont),43.79097,4.396033,17:41:00,2024-10-28
202400050117,18:35,Plein jour,974,97411,2,1,1,2.0,PAYET (RUE ROGER),-20.89253,55.49083,18:35:00,2024-02-15
202400050118,12:45,Plein jour,67,67482,2,8,1,1.0,NEUHOF (ROUTE),48.55702,7.76667,12:45:00,2024-06-10
202400050119,08:30,Plein jour,47,47001,2,1,1,2.0,LACOUR (BD EDOUARD),44.1959,0.6276,08:30:00,2024-11-03
202400050120,15:15,Plein jour,63,63113,2,4,2,1.0,CHAMBRETTES (RUE DES),45.76719237,3.10014278,15:15:00,2024-09-22
202400050121,12:15,Plein jour,63,63200,2,3,1,6.0,Rue du 14 Juillet,45.839399,3.217787,12:15:00,2024-07-14
202400050122,08:07,Crépuscule,30,30034,1,1,1,1.0,D38,43.743086,4.512896,08:07:00,2024-10-28
202400050123,09:00,Plein jour,974,97409,1,1,1,3.0,PENTE SASSY (chemin de la),-20.96374,55.65896,09:00:00,2024-02-15
202400050124,15:25,Plein jour,64,64129,2,1,1,7.0,COURREAUX DES,43.29908673,-0.40768236,15:25:00,2024-06-10
202400050125,19:00,Plein jour,59,59378,2,1,2,3.0,MARNE AVENUE DE LA,50.69255,3.13095,19:00:00,2024-08-16
202400050126,16:00,Plein jour,47,47031,2,9,2,3.0,LAMOTHE MAGNAC (ZI),44.17585,0.62954,16:00:00,2024-12-02
202400050127,13:20,Plein jour,63,63113,2,8,2,3.0,POCHET LAGAYE (BD PAUL),45.7633,3.0998,13:20:00,2024-09-22
202400050128,21:55,Crépuscule,42,42094,1,1,1,7.0,Chemin de l'Eazillée,45.734216,4.218332,21:55:00,2024-07-13
202400050129,17:20,Crépuscule,95,95055,1,1,2,6.0,NOYER A LA DROUADE (CHEMIN DU),49.105999,2.466586,17:20:00,2024-10-27
202400050130,20:00,Plein jour,973,97309,2,1,1,3.0,TROUBIRAN (CHEMIN DE),4.91577,-52.31032,20:00:00,2024-02-15
202400050131,13:50,Plein jour,45,45234,2,2,1,3.0,10 Rue Chappon,47.906227,1.900697,13:50:00,2024-12-03
202400050132,09:30,Plein jour,64,64445,2,9,1,3.0,BUROS DE,43.32724,-0.34093,09:30:00,2024-06-10
202400050133,15:17,Plein jour,56,56251,2,9,2,3.0,Rue Saint-Léonard,47.651098,-2.7056281,15:17:00,2024-08-16
202400050134,17:30,Plein jour,38,38377,2,3,7,3.0,2010 Avenue du Stade,45.57774298,5.50988764,17:30:00,2024-07-13
202400050135,21:40,,973,97302,2,1,1,1.0,MONTABO (ROUTE DE) 1,4.9440664,-52.30883181,21:40:00,2024-02-14
202400050136,08:15,Plein jour,51,51191,2,2,1,3.0,grande rue,49.133065,4.78211,08:15:00,2024-10-27
202400050137,14:40,Plein jour,59,59033,2,6,1,1.0,JEAN CATELAS (RUE),50.19817,3.84782,14:40:00,2024-09-22
202400050138,12:00,Plein jour,45,45234,2,1,1,6.0,10 Rue Greffier,47.88392,1.90673,12:00:00,2024-12-03
202400050139,16:09,Plein jour,49,49015,2,1,1,6.0,MENDES FRANCE AVENUE PIERRE,47.50624614,-0.58930546,16:09:00,2024-08-17
202400050140,18:20,Plein jour,64,64024,2,1,1,3.0,BAHINOS (ROUTE DE),43.4928,-1.51771,18:20:00,2024-06-10
202400050141,01:15,Nuit sans éclairage,81,81099,1,1,1,6.0,Avenue Frédéric Mistral,43.907741,1.884552,01:15:00,2024-07-14
202400050142,08:10,Plein jour,972,97213,1,1,1,2.0,ROUTE NATIONALE 5,14.59532,-60.986,08:10:00,2024-02-15
202400050143,17:45,,42,42183,2,1,8,6.0,Rue de la Libération,45.40098,4.35576,17:45:00,2024-12-02