Num_Acc,hrmn,lum,dep,com,agg,int,atm,col,adr,lat,long,heure,date
202400050144,14:50,Plein jour,50,50099,1,1,1,6.0,rn 174,49.244255,-1.136506,14:50:00,2024-07-14
202400050145,15:08,Plein jour,34,34301,2,3,1,3.0,BLANC CAMILLE (BOULEVARD),43.40985,3.67503,15:08:00,2024-08-16
202400050146,21:10,Nuit sans éclairage,56,56050,1,1,1,2.0,Bel Air,47.945528,-2.512307,21:10:00,2024-10-27
202400050147,19:06,Plein jour,64,64102,2,3,1,3.0,HENRI DE NAVARRE (AVENUE),43.49816,-1.44861,19:06:00,2024-06-10
202400050148,14:50,Plein jour,38,38053,2,1,1,1.0,GRENOBLE (ROUTE DE),45.5822,5.2988,14:50:00,2024-12-03
202400050149,04:30,Nuit sans éclairage,972,97224,2,1,1,6.0,RELIGIEUSES (ROUTE DES),14.6606,-61.06268,04:30:00,2024-02-15
202400050150,12:10,Plein jour,91,91161,1,1,1,6.0,AUTOROUTE A6,48.72103,2.31144,12:10:00,2024-07-13
202400050151,18:00,Crépuscule,59,59135,1,1,1,7.0,Route de Steenvoorde,50.806375,2.535106,18:00:00,2024-10-27
202400050152,20:10,Plein jour,34,34003,2,1,1,3.0,RIVAGES DE ROCHELONGUE (RESIDENCE LES),43.303,3.47741,20:10:00,2024-08-17
202400050153,14:15,Plein jour,37,37233,2,2,2,3.0,LANGEVIN (BOULEVARD PAUL),47.39112,0.73046,14:15:00,2024-12-03
202400050154,22:50,,972,97209,2,1,1,6.0,ISAMBERT (RUE),14.60461,-61.0718,22:50:00,2024-02-14
202400050155,05:15,,42,42218,2,3,1,3.0,Boulevard Antonio Vivaldi,45.473,4.396,05:15:00,2024-09-21
202400050156,04:24,Nuit sans éclairage,91,91468,1,1,1,2.0,AUTOROUTE A6,48.5733,2.46719,04:24:00,2024-07-13
202400050157,19:35,Nuit sans éclairage,81,81070,1,1,1,4.0,A68,43.785285,1.738586,19:35:00,2024-10-27
202400050158,09:35,Plein jour,63,63113,2,2,1,3.0,Rue Audollent / rue Delarbre,45.77750461,3.09339434,09:35:00,2024-06-10
202400050159,09:00,Plein jour,35,35238,1,1,1,2.0,ROCADE 9-10,48.08038583,-1.67732209,09:00:00,2024-12-03
202400050160,18:35,Plein jour,30,30007,2,2,1,3.0,MANDAJORS (RUE),44.12213,4.08157,18:35:00,2024-08-17
202400050161,13:55,Plein jour,37,37122,2,6,2,2.0,CHINON (BOULEVARD DE),47.35054,0.67768,13:55:00,2024-09-22
202400050162,12:00,Plein jour,92,92025,1,1,1,2.0,A86,48.93481465,2.25869389,12:00:00,2024-07-13
202400050163,15:00,Plein jour,11,11357,1,1,1,7.0,route departementale 4,43.286547,2.14478,15:00:00,2024-10-25
202400050164,12:20,Plein jour,34,34172,2,2,1,7.0,GANGES (ROUTE DE,43.63852,3.84726,12:20:00,2024-12-03
202400050165,06:25,Plein jour,60,60463,2,9,7,1.0,Avenue de l’Europe,49.27562,2.48467,06:25:00,2024-06-10
202400050166,20:30,Plein jour,27,27229,2,1,1,3.0,QUATORZE JUILLET (BOULEVARD),49.008213,1.16546,20:30:00,2024-08-12
202400050167,12:40,Plein jour,34,34003,2,6,1,3.0,TOURS DE SAINT-MARTIN (ROND-POINT DES),43.28231,3.49809,12:40:00,2024-12-02
202400050168,07:53,Crépuscule,61,61140,1,2,5,3.0,D28 / D918,48.710815,0.666217,07:53:00,2024-10-28
202400050169,07:50,Plein jour,59,59560,2,1,2,3.0,Rue Roger Bouvry,50.54377,3.02304,07:50:00,2024-06-10
202400050170,17:15,Plein jour,37,37261,2,2,8,3.0,ARAGO (RUE FRANCOIS),47.38699,0.67435,17:15:00,2024-09-21
202400050171,16:45,Plein jour,78,78466,1,1,1,5.0,A13,48.926965,1.9939,16:45:00,2024-07-12
202400050172,18:50,Plein jour,25,25539,2,1,1,6.0,VIETTE (RUE),47.46099,6.858,18:50:00,2024-08-17
202400050173,13:25,Plein jour,33,33063,2,1,1,2.0,Unknown,44.8741,-0.56035,13:25:00,2024-12-03
202400050174,18:00,Crépuscule,49,49180,1,1,8,7.0,route de la Chouanière,47.358573,-0.105679,18:00:00,2024-10-27
202400050175,16:40,Plein jour,56,56098,2,1,1,7.0,Rue de Kergaër,47.76692,-3.32191,16:40:00,2024-06-08
202400050176,08:30,Plein jour,33,33075,2,1,2,6.0,Unknown,44.88087,-0.6151,08:30:00,2024-12-03
202400050177,16:00,Plein jour,95,95582,1,1,1,3.0,A15,48.96493562,2.26117029,16:00:00,2024-07-13
202400050178,09:48,Plein jour,49,49345,1,1,1,7.0,Route des Grands Sables,47.283123,-0.553126,09:48:00,2024-10-25
202400050179,21:22,,36,36202,2,1,2,6.0,Avenue d'Occitanie,46.78033,1.65266,21:22:00,2024-09-22
202400050180,09:00,Plein jour,16,16067,2,1,3,1.0,Unknown,45.699066,0.3399109,09:00:00,2024-08-17
202400050181,01:50,Nuit sans éclairage,54,54323,2,1,1,3.0,Avenue de la République,49.52317,5.77153,01:50:00,2024-06-11
202400050182,08:20,Plein jour,33,33063,2,6,1,6.0,Unknown,44.841433,-0.547055,08:20:00,2024-12-03
202400050183,16:50,Plein jour,93,93078,1,1,1,2.0,A104,48.96556765,2.5570295,16:50:00,2024-07-12
202400050184,10:30,Plein jour,35,35115,2,6,1,3.0,DEVERIA (RUE DES FRERES),48.34736042,-1.18914932,10:30:00,2024-09-21
202400050185,15:45,Plein jour,51,51454,2,1,1,7.0,AUMONES (RUE DES),49.278855,4.028752,15:45:00,2024-06-09
202400050186,12:30,Plein jour,34,34332,1,2,1,3.0,Chemin du Tricot et Tots,43.301241,3.41522,12:30:00,2024-10-27
202400050187,20:00,,31,31555,2,1,1,6.0,SEJOURNE (AV PAUL) DU 1AU 16,43.60537,1.427881,20:00:00,2024-12-03
202400050188,23:45,Nuit sans éclairage,93,93010,1,1,1,6.0,A3,48.90625339,2.47214056,23:45:00,2024-07-12
202400050189,18:05,Plein jour,15,15012,2,1,1,2.0,Avenue du Général Leclerc,44.9051,2.45239,18:05:00,2024-08-15
202400050190,23:20,,33,33063,2,4,1,1.0,Unknown,44.81725,-0.54851,23:20:00,2024-09-22
202400050191,11:45,Plein jour,31,31555,2,1,2,2.0,BD PIERRE PAUL RIQUET,43.606547,1.4558271,11:45:00,2024-12-03
202400050192,14:25,Plein jour,50,50218,2,1,1,6.0,MARECHAL LECLERC (AV DU),48.8379,-1.587447,14:25:00,2024-06-10
202400050193,17:40,Nuit sans éclairage,68,68374,1,1,1,5.0,D417,48.066795,7.248187,17:40:00,2024-10-27
202400050194,19:40,Plein jour,95,95018,1,1,1,5.0,A15,48.95845019,2.27428978,19:40:00,2024-05-03
202400050195,17:50,,30,30007,2,9,1,6.0,BILINA (QUAI),44.1344,4.07703,17:50:00,2024-12-01
202400050196,15:10,Plein jour,39,39474,1,1,1,7.0,Unknown,46.614729,5.478071,15:10:00,2024-10-26
202400050197,01:40,,33,33063,2,2,2,2.0,Unknown,44.83509,-0.57498,01:40:00,2024-09-22
202400050198,11:45,Plein jour,47,47323,2,6,1,6.0,DESMOULINS (BD CAMILLE),44.40301,0.70358,11:45:00,2024-06-09
202400050199,19:30,Nuit avec éclairage,988,98818,2,1,1,6.0,VE1,-22.24882,166.45428,19:30:00,2024-07-12
202400050200,21:00,Crépuscule,14,14101,1,1,1,2.0,N814,49.16406,-0.42793,21:00:00,2024-08-17
202400050201,16:45,Plein jour,25,25202,1,1,1,2.0,D471,46.867204,6.176891,16:45:00,2024-10-27
202400050202,07:35,Plein jour,974,97411,2,1,1,3.0,RAMBAUD (LEOPOLD),-20.88661,55.48699,07:35:00,2024-07-12
202400050203,06:10,,25,25056,2,1,1,2.0,BLUM BOULEVARD LEON (entre 51 ET  90),47.26095,6.03321,06:10:00,2024-09-22
202400050204,06:35,Plein jour,42,42187,2,1,1,6.0,Rue Pierre Semard,46.03902,4.06292,06:35:00,2024-06-10
202400050205,08:00,Crépuscule,44,44013,1,1,5,4.0,Roc de Besne,47.407673,-2.093539,08:00:00,2024-10-28
202400050206,19:40,,974,97411,2,1,1,6.0,MACE (BOULEVARD GABRIEL),-20.8739,55.44661,19:40:00,2024-07-11
202400050207,18:15,,27,27562,2,1,1,6.0,GREGOIRE (RUE),49.0975,1.45697,18:15:00,2024-12-03
202400050208,21:40,,11,11069,2,2,1,5.0,33 Boulevard Omer Sarraut,43.21644,2.35,21:40:00,2024-08-17
202400050209,09:50,Plein jour,44,44211,2,6,1,1.0,Boulevard de l'Europe,47.350963,-2.508595,09:50:00,2024-09-12
202400050210,16:35,Plein jour,22,22113,2,2,1,3.0,KER AR FAOUT (CHEMIN DE),48.76164,-3.47913,16:35:00,2024-09-20
202400050211,07:40,Plein jour,974,97409,1,1,1,6.0,RN2 DIRECTION ST BENT SORTIE PETIT BAZAR,-20.94375,55.64934,07:40:00,2024-07-12
202400050212,20:30,Nuit sans éclairage,26,26252,1,1,1,5.0,Route de Valence,44.86922,4.89656,20:30:00,2024-12-03
202400050213,19:40,Plein jour,40,40192,2,1,1,5.0,ALINGSÅS (BD D'),43.89205,-0.48185,19:40:00,2024-06-07
202400050214,08:30,Plein jour,07,07008,1,1,1,2.0,D2 ( ROUTE DEPARTEMENTALE ),44.70725,4.64389,08:30:00,2024-08-16
202400050215,10:00,Plein jour,18,18033,2,3,1,7.0,Rue des Goulevents,47.07198,2.37902,10:00:00,2024-09-21
202400050216,18:05,Plein jour,973,97302,2,3,1,3.0,TROUBIRAN (CHEMIN DE),4.92688018,-52.30351549,18:05:00,2024-07-12
202400050217,17:45,,25,25204,2,6,2,3.0,Besançon  de,46.92553,6.34375,17:45:00,2024-12-02
202400050218,19:50,Nuit sans éclairage,44,44081,1,1,1,5.0,1 la Nouette ,46.907445,-1.559361,19:50:00,2024-10-26
202400050219,08:45,Plein jour,17,17306,1,6,3,7.0,ESPERANCE (DE L'),45.643,-1.048,08:45:00,2024-09-22
202400050220,09:07,Plein jour,38,38563,2,3,1,3.0,Boulevard Franklin Roosevelt,45.36231,5.59456,09:07:00,2024-06-10
202400050221,03:57,,25,25056,2,1,1,6.0,BLUM BOULEVARD LEON (entre 51 ET  90),47.262237,6.039563,03:57:00,2024-12-03
202400050222,07:55,Crépuscule,16,16358,1,1,2,7.0,Unknown,45.67363,0.14432,07:55:00,2024-09-22
202400050223,12:20,Plein jour,973,97302,2,2,1,3.0,LIBERTE (AVENUE DE LA),4.93592,-52.32975,12:20:00,2024-07-12
202400050224,13:48,Plein jour,06,06088,2,2,1,3.0,2 Pont René Coty,43.722909,7.290122,13:48:00,2024-08-17
202400050225,02:09,,38,38185,2,1,1,7.0,COURS JEAN JAURÈS,45.18641,5.71855,02:09:00,2024-06-01
202400050226,16:07,Plein jour,44,44056,1,1,1,1.0,la courbe,47.426806,-1.798695,16:07:00,2024-10-27
202400050227,07:47,Nuit sans éclairage,22,22106,2,3,1,3.0,EIFFEL (RUE GUSTAVE),48.50039971,-2.73599043,07:47:00,2024-12-03
202400050228,16:05,Plein jour,04,04070,1,1,1,7.0,Avenue du Colonel Noël,44.07473,6.18347,16:05:00,2024-08-17
202400050229,13:50,Plein jour,972,97213,2,1,1,3.0,ROUTE DEPARTEMENTALE 14,14.62071,-61.02031,13:50:00,2024-07-12
202400050230,08:00,Plein jour,37,37261,2,2,7,6.0,MAGINOT (AV. ANDRE),47.41739772,0.6910564,08:00:00,2024-06-10
202400050231,17:50,Plein jour,13,13019,1,3,1,3.0,D543,43.44213,5.36124,17:50:00,2024-09-20
202400050232,18:00,Plein jour,75,75117,2,3,3,6.0,BOULEVARD BERTHIER,48.890109,2.303804,18:00:00,2024-08-17
202400050233,13:50,Plein jour,29,29162,1,3,1,3.0,Lieu Dit Croas Diben,48.2062991,-3.98272106,13:50:00,2024-10-27
202400050234,19:30,Plein jour,69,69149,2,3,1,3.0,Boulevard Emile Zola,45.71974,4.80078,19:30:00,2024-07-12
202400050235,17:55,Nuit sans éclairage,15,15012,2,1,1,4.0,RN 122,44.89411,2.44027,17:55:00,2024-12-03
202400050236,15:00,Plein jour,13,13207,2,3,1,3.0,Corniche John Fitzgérald Kennedy,43.28914,5.35462,15:00:00,2024-09-22
202400050237,20:50,,75,75116,2,1,2,3.0,ALLEE DE LA REINE MARGUERITE,48.85431065,2.24203992,20:50:00,2024-08-17
202400050238,13:05,Plein jour,15,15014,2,1,1,7.0,Rue Perdiguier,44.90082,2.43585,13:05:00,2024-12-03
202400050239,19:17,Plein jour,35,35238,2,3,7,1.0,BOURGEOIS (BOULEVARD LEON),48.09868,-1.65425,19:17:00,2024-06-10
202400050240,19:05,Crépuscule,31,31561,2,1,2,6.0,1 Rue Damira Titonel,43.658796,1.468186,19:05:00,2024-10-28
202400050241,23:30,,971,97113,1,9,1,2.0,GRAND BAIE ( RN4),16.21822,-61.50752,23:30:00,2024-07-11
202400050242,22:45,,75,75115,2,1,3,3.0,QUAI D ISSY LES MOULINEAUX,48.836611,2.267634,22:45:00,2024-08-17
202400050243,06:04,,13,13213,2,1,1,1.0,JEAN PAUL SARTRE (AVENUE),43.32777,5.42724,06:04:00,2024-09-22
202400050244,07:50,Crépuscule,45,45186,1,1,5,7.0,6 le Bréau,48.04619,2.516373,07:50:00,2024-10-24
202400050245,21:05,,13,13071,2,4,1,1.0,ROUTE NATIONALE 113 - RENARDIERE,43.41,5.3,21:05:00,2024-12-03
202400050246,11:30,Plein jour,75,75115,2,1,2,7.0,RUE GEORGE BERNARD SHAW,48.852021,2.29349,11:30:00,2024-08-17
202400050247,20:20,Nuit sans éclairage,21,21545,1,1,1,6.0,Route de Montliot,47.875195,4.546173,20:20:00,2024-10-27
202400050248,12:15,Plein jour,35,35238,2,4,1,5.0,VILLEBOIS MAREUIL (BD),48.1089,-1.65426,12:15:00,2024-06-10
202400050249,06:30,Plein jour,971,97113,1,1,1,3.0,SECTION LABROUSSE,16.22748,-61.51364,06:30:00,2024-07-10
202400050250,12:26,Plein jour,13,13210,2,2,1,2.0,RABATAU (BOULEVARD),43.27935,5.39929,12:26:00,2024-09-17
202400050251,15:00,Plein jour,13,13005,2,1,1,1.0,BONNES NOUVELLES (CH.DES),43.2927,5.59109,15:00:00,2024-11-23
202400050252,02:09,,13,13208,2,1,1,3.0,PRADO (AVENUE DU),43.2763,5.38882,02:09:00,2024-09-22
202400050253,02:16,,33,33441,2,1,1,6.0,Unknown,45.131903,-0.64616,02:16:00,2024-10-26
202400050254,07:35,Crépuscule,11,11069,2,1,1,7.0,Avenue du Marechal Foch,43.21718,2.35209,07:35:00,2024-12-02
202400050255,11:40,Plein jour,75,75114,2,3,1,2.0,BOULEVARD JOURDAN,48.8214,2.33437,11:40:00,2024-08-16
202400050256,10:00,Plein jour,35,35238,2,1,1,2.0,BOURGEOIS (BOULEVARD LEON),48.10018,-1.65025,10:00:00,2024-06-10
202400050257,19:00,Plein jour,95,95218,2,6,1,2.0,SALVADOR ALLENDE (RUE),49.01672634,2.0986864,19:00:00,2024-07-12
202400050258,17:45,Nuit sans éclairage,69,69086,1,1,1,6.0,Autoroute 89,45.85411284,4.65181259,17:45:00,2024-10-27
202400050259,02:16,Nuit avec éclairage,31,31555,2,9,1,6.0,AV DES ETATS UNIS,43.65441943,1.42293066,02:16:00,2024-06-09
202400050260,15:00,Plein jour,10,10343,2,3,1,3.0,MOULIN LE ROI (RUE),48.28071,4.09682,15:00:00,2024-12-02
202400050261,19:00,Plein jour,91,91161,2,1,1,1.0,RTE DE LONGJUMEAU,48.71317,2.29802,19:00:00,2024-07-01
202400050262,17:25,Plein jour,75,75110,2,3,3,3.0,RUE LA FAYETTE,48.87795,2.351584,17:25:00,2024-08-17
202400050263,20:20,Crépuscule,06,06088,2,3,2,3.0,Corniche André de Joly,43.70585,7.30114,20:20:00,2024-09-22
202400050264,16:55,Plein jour,06,06029,2,1,1,6.0,106 Avenue Maréchal Juin,43.54717,7.04578,16:55:00,2024-12-02
202400050265,14:05,Plein jour,45,45154,1,1,8,2.0,A10 PR 89 + 770,47.980111,1.859203,14:05:00,2024-10-27
202400050266,19:30,Plein jour,30,30028,2,1,1,3.0,PONT SAINT ESPRIT (ROUTE DE),44.1748,4.62001,19:30:00,2024-06-10
202400050267,17:30,Plein jour,84,84087,2,2,1,3.0,TASSIGNY (AVENUE DE LATTRE DE),44.1523,4.8029,17:30:00,2024-07-09
202400050268,18:00,Plein jour,06,06088,2,3,1,3.0,Boulevard de Cimiez,43.71507,7.27206,18:00:00,2024-09-22
202400050269,08:05,Crépuscule,03,03185,2,2,1,6.0,KENNEDY ( AVENUE JOHN ),46.32809,2.60873,08:05:00,2024-12-03
202400050270,18:50,Plein jour,94,94081,2,3,3,3.0,Quai Jules Guesde,48.794819,2.418612,18:50:00,2024-08-17
202400050271,09:59,Plein jour,84,84007,2,1,1,3.0,SAINT MICHEL (Boulevard),43.943,4.812,09:59:00,2024-07-12
202400050272,11:00,Plein jour,13,13051,1,1,1,4.0,"Autoroute A7, pk 244+360, sens sud/nord",43.5736719,5.21358944,11:00:00,2024-10-25
202400050273,14:39,Plein jour,01,01053,2,1,1,6.0,AV D AYLESBURY,46.22113,5.24413,14:39:00,2024-12-03
202400050274,12:00,Plein jour,94,94042,2,1,2,6.0,Avenue des Familles,48.818404,2.479074,12:00:00,2024-08-17
202400050275,10:11,Plein jour,05,05023,2,9,8,3.0,FANTON (CHEMIN),44.90392,6.63028,10:11:00,2024-09-21
202400050276,18:45,,75,75112,2,1,1,2.0,BD PERIPHERIQUE INTERIEUR,48.834557,2.410471,18:45:00,2024-12-03
202400050277,11:20,Plein jour,84,84007,2,9,1,3.0,PIERRE SEMARD (avenue),43.935632,4.829172,11:20:00,2024-07-11
202400050278,19:15,Plein jour,94,94046,2,1,3,4.0,Avenue du Général Leclerc,48.80444,2.44355,19:15:00,2024-08-17
202400050279,13:30,Plein jour,75,75117,2,4,1,3.0,BD PERIPHERIQUE INTERIEUR,48.8816766,2.28282273,13:30:00,2024-09-21
202400050280,20:00,,971,97117,2,1,1,6.0,58 Rue Victor Hugo,16.331764,-61.345457,20:00:00,2024-10-27
202400050281,02:38,,75,75113,2,1,8,7.0,BD PERIPHERIQUE EXTERIEUR,48.82081134,2.37724793,02:38:00,2024-09-20
202400050282,22:00,,83,83129,2,6,1,3.0,MER (AVENUE DE LA) N° PAIRS,43.10131,5.82302,22:00:00,2024-07-12
202400050283,22:15,,93,93032,2,1,1,3.0,Rue du 19 Mars 1962,48.89381,2.54192,22:15:00,2024-08-16
202400050284,13:58,Plein jour,75,75119,2,2,2,3.0,AVENUE JEAN JAURES,48.887799,2.389287,13:58:00,2024-12-03
202400050285,20:10,,84,84065,1,1,1,6.0,Route départementale 973,43.746592,5.304615,20:10:00,2024-10-15
202400050286,15:30,Plein jour,93,93029,2,1,2,6.0,Avenue Marceau,48.92809517,2.43676844,15:30:00,2024-08-17
202400050287,23:20,,75,75105,2,4,1,3.0,RUE GAY LUSSAC,48.841226,2.343633,23:20:00,2024-09-21
202400050288,23:10,,75,75120,2,7,8,6.0,Avenue de la Porte des Lilas,48.877604,2.408457,23:10:00,2024-12-02
202400050289,19:17,Plein jour,80,80724,2,9,8,1.0,ERNEST CAUVIN (RUE),49.86,2.24,19:17:00,2024-07-12
202400050290,06:55,Plein jour,974,97415,1,1,1,1.0,N1a,-21.017354,55.253935,06:55:00,2024-08-18
202400050291,10:50,Plein jour,71,71176,2,9,1,4.0,Avenue de l'Europe,46.472847,4.002725,10:50:00,2024-10-26
202400050292,14:47,Plein jour,75,75119,2,3,2,3.0,AVENUE JEAN JAURES,48.887801,2.389267,14:47:00,2024-09-22
202400050293,17:05,,75,75106,2,3,2,6.0,RUE DE VAUGIRARD,48.846257,2.324193,17:05:00,2024-12-03
202400050294,18:40,Crépuscule,68,68132,1,1,1,1.0,RD16.1,47.601114,7.397195,18:40:00,2024-10-18
202400050295,19:15,Plein jour,35,35126,2,3,1,1.0,Rue Louis Ampère,47.971063,-1.793969,19:15:00,2024-08-17
202400050296,17:20,Plein jour,80,80379,2,1,1,7.0,Rue des Indes Noires,49.86623,2.37348,17:20:00,2024-07-11
202400050297,04:50,,75,75110,2,2,2,3.0,RUE DU FAUBOURG SAINT MARTIN,48.88385,2.36862,04:50:00,2024-09-22
202400050298,17:00,Plein jour,03,03113,1,1,1,7.0,D122,46.010354,3.63714,17:00:00,2024-10-27
202400050299,16:05,Plein jour,80,80021,2,1,1,6.0,Rue René Boileau,49.8771,2.33173,16:05:00,2024-07-11
202400050300,16:45,Plein jour,75,75116,2,1,1,2.0,ROUTE DE LA PTE DAUPHINE A LA PTE DES SA,48.876524,2.275198,16:45:00,2024-12-03
202400050301,17:05,Plein jour,75,75117,2,2,1,3.0,RUE CARDINET,48.88663264,2.31309611,17:05:00,2024-09-22
202400050302,13:25,Plein jour,42,42122,1,1,1,5.0,Route de Saint-Anthème,45.57515,4.049031,13:25:00,2024-10-28
202400050303,13:17,Plein jour,75,75116,2,1,1,2.0,BD PERIPHERIQUE INTERIEUR,48.860164,2.263554,13:17:00,2024-12-03
202400050304,17:50,Plein jour,80,80021,2,1,1,4.0,JEAN MARC LAURENT (RUE),49.87085,2.31226,17:50:00,2024-07-10
202400050305,15:30,Plein jour,69,69181,1,1,1,6.0,Route d'Amplepuis,45.97018059,4.42054656,15:30:00,2024-10-27
202400050306,17:25,Plein jour,75,75117,2,3,1,3.0,RUE NAVIER,48.895796,2.324457,17:25:00,2024-09-22
202400050307,17:40,,75,75115,2,2,1,3.0,BOULEVARD DE GRENELLE,48.850915,2.292589,17:40:00,2024-12-03
202400050308,07:45,Plein jour,71,71090,1,1,8,2.0,A6,46.20794053,4.78275418,07:45:00,2024-08-18
202400050309,19:30,Plein jour,75,75117,2,3,1,7.0,BOULEVARD DES BATIGNOLLES,48.883245,2.325333,19:30:00,2024-09-21
202400050310,13:30,Plein jour,76,76681,2,3,2,3.0,Chemin de la Mi Voie,49.40321,1.11171,13:30:00,2024-07-12
202400050311,16:40,Plein jour,19,19146,2,1,2,1.0,Rue des Bruyères,45.317264,1.75917,16:40:00,2024-10-26
202400050312,09:30,Plein jour,75,75114,2,2,8,3.0,AVENUE DU GENERAL LECLERC,48.829591,2.328405,09:30:00,2024-12-03
202400050313,07:57,Plein jour,52,52200,1,9,2,2.0,Autoroute A31 PK 100.500 vers NANCY,47.79243334,5.22369659,07:57:00,2024-08-18
202400050314,19:45,Crépuscule,75,75117,2,3,1,3.0,Boulevard de l'Yser,48.884471,2.2871,19:45:00,2024-09-21
202400050315,15:20,Plein jour,86,86026,1,1,1,6.0,D759,47.06579,0.16304,15:20:00,2024-10-23
202400050316,17:45,Plein jour,76,76217,2,1,1,3.0,PRECHE (CHEMIN DU),49.92091,1.06756,17:45:00,2024-07-11
202400050317,17:57,,75,75107,2,1,9,7.0,QUAI D ORSAY,48.86241892,2.31,17:57:00,2024-12-02
202400050318,21:00,,75,75115,2,1,3,1.0,QUAI ANDRE CITROEN,48.844016,2.275434,21:00:00,2024-09-22
202400050319,18:40,Nuit sans éclairage,86,86297,1,1,1,6.0,D3,46.560559,0.266816,18:40:00,2024-10-27
202400050320,18:00,Plein jour,12,12033,2,2,1,3.0,741 Route de Rodez,44.463436,2.727259,18:00:00,2024-08-17
202400050321,17:30,,94,94041,2,1,1,6.0,Rue Molière,48.81211,2.39719,17:30:00,2024-12-03
202400050322,20:00,Nuit sans éclairage,60,60045,1,1,1,6.0,D 1324,49.21368,2.649347,20:00:00,2024-10-27
202400050323,08:00,Crépuscule,75,75115,2,2,2,7.0,RUE PAUL BARRUEL,48.838615,2.305227,08:00:00,2024-09-22
202400050324,15:07,Plein jour,73,73011,2,6,3,5.0,Ch Plan Perrier / Av De Gaulle D990,45.66568968,6.3679474,15:07:00,2024-07-12
202400050325,04:03,Nuit sans éclairage,30,30070,1,1,2,7.0,2037 D306,44.231206,4.600954,04:03:00,2024-08-18
202400050326,14:50,Plein jour,59,59572,1,1,1,7.0,rue du quartier,50.156102,4.103082,14:50:00,2024-10-27
202400050327,12:25,Plein jour,72,72003,2,1,1,3.0,SPAY (RTE DE),47.9486,0.16218,12:25:00,2024-07-12
202400050328,06:30,,94,94071,2,9,2,3.0,Avenue Georges Pompidou,48.77135,2.52372,06:30:00,2024-12-03
202400050329,16:25,Plein jour,57,57077,1,1,1,7.0,D155v,48.737314,6.611109,16:25:00,2024-08-17
202400050330,21:50,,75,75115,2,7,1,3.0,PLACE D ALLERAY,48.83649,2.306486,21:50:00,2024-09-21
202400050331,16:50,Plein jour,13,13215,1,1,1,2.0,A7-Sens Lyon vers Marseille,43.37536866,5.36024259,16:50:00,2024-10-27
202400050332,21:35,Crépuscule,72,72181,2,3,2,1.0,EVENTAIL RUE DE L' N° PAIRS 198 ET >,48.00559,0.23476,21:35:00,2024-07-10
202400050333,17:00,Crépuscule,93,93073,1,9,1,3.0,CHAPIT RE ( RUE DU),49.00510216,2.55764007,17:00:00,2024-12-03
202400050334,07:45,,13,13212,1,1,1,1.0,A507 sens Marseille - Aubagne,43.2947,5.42615,07:45:00,2024-10-27
202400050335,15:20,Plein jour,2B,2B283,1,1,1,1.0,T10 PR66+902,41.874778,9.396304,15:20:00,2024-08-17
202400050336,18:10,Plein jour,71,71040,2,1,1,2.0,FONDERIE (RUE DE LA),46.70258,4.39908,18:10:00,2024-07-12
202400050337,21:15,,75,75115,2,4,1,3.0,AVENUE DE SUFFREN,48.845766,2.309518,21:15:00,2024-09-21
202400050338,22:55,Nuit sans éclairage,13,13056,1,1,1,7.0,A55-Sens Martigues vers Marseille,43.39403749,5.06415892,22:55:00,2024-10-26
202400050339,07:00,Plein jour,80,80601,1,1,1,6.0,D917,49.98187026,3.00005078,07:00:00,2024-08-18
202400050340,15:30,Crépuscule,93,93070,2,1,2,6.0,GABRIEL-PERI (AV),48.90624645,2.33190935,15:30:00,2024-12-03
202400050341,18:00,Plein jour,69,69029,2,1,1,6.0,74 Avenue Ferdinand Buisson,45.7379454,4.91726384,18:00:00,2024-07-12
202400050342,01:45,,75,75114,2,3,2,2.0,AVENUE DU GENERAL LECLERC,48.82386,2.3257,01:45:00,2024-09-22
202400050343,11:30,Plein jour,93,93066,2,1,8,6.0,SAULNIER JULES,48.92596,2.35519,11:30:00,2024-12-03
202400050344,18:20,Nuit sans éclairage,13,13019,1,1,3,2.0,A51-Sens Aix en Provence vers Marseille,43.42697225,5.38235892,18:20:00,2024-10-26
202400050345,21:20,Nuit sans éclairage,82,82144,1,1,1,1.0,D959,44.16726,1.358684,21:20:00,2024-08-17
202400050346,17:35,Plein jour,69,69290,2,2,1,3.0,Route de Grenoble,45.71573,4.96176,17:35:00,2024-07-11
202400050347,19:35,,75,75113,2,4,2,6.0,RUE AUGUSTE LANCON,48.824716,2.346647,19:35:00,2024-09-22
202400050348,20:30,Plein jour,55,55150,1,1,1,7.0,route de la grangette,48.598512,5.494124,20:30:00,2024-08-17
202400050349,12:55,Plein jour,93,93048,2,1,1,3.0,ROSNY (RUE DE),48.86879309,2.46144605,12:55:00,2024-12-03
202400050350,11:10,Plein jour,68,68066,2,1,1,6.0,Rue d'Amsterdam,48.07833,7.32721,11:10:00,2024-07-11
202400050351,22:49,Nuit sans éclairage,91,91659,1,1,1,6.0,AUTOROUTE A6,48.58264,2.45708,22:49:00,2024-10-26
202400050352,16:55,Plein jour,64,64122,2,1,1,7.0,MARNE (AVENUE DE LA),43.48158282,-1.54233053,16:55:00,2024-06-22
202400050353,18:04,Plein jour,75,75102,2,3,1,3.0,BOULEVARD DES ITALIENS,48.871099,2.33481467,18:04:00,2024-09-22
202400050354,16:40,Plein jour,12,12138,2,3,1,1.0,Avenue Gustave Bessiere,44.477244,2.454575,16:40:00,2024-08-17
202400050355,12:40,Plein jour,93,93032,2,1,1,3.0,JEAN JAURES (AVENUE),48.88341,2.52898,12:40:00,2024-12-03