Num_Acc,hrmn,lum,dep,com,agg,int,atm,col,adr,lat,long,heure,date
202400050356,11:40,Plein jour,68,68307,1,1,8,3.0,D466,47.81462001,6.8614222,11:40:00,2024-08-18
202400050357,17:30,Plein jour,75,75102,2,2,8,3.0,RUE DE RICHELIEU,48.868887,2.338521,17:30:00,2024-09-22
202400050358,15:58,Plein jour,63,63113,2,2,1,3.0,Rabanesse / Abbé de l'épée,45.76958,3.08667,15:58:00,2024-07-12
202400050359,13:15,Plein jour,95,95127,1,1,1,4.0,A15,49.045297,2.07466543,13:15:00,2024-10-27
202400050360,12:25,Plein jour,93,93029,2,1,8,6.0,HENRI BARBUSSE (AVE) N°2-124,48.91523836,2.44173936,12:25:00,2024-12-03
202400050361,17:10,Plein jour,22,22266,2,1,1,1.0,Rue Rosa le Henaff,48.230984,-3.321927,17:10:00,2024-08-17
202400050362,04:30,Nuit sans éclairage,93,93001,1,1,1,6.0,AUTOROUTE A86,48.92093891,2.37311125,04:30:00,2024-10-27
202400050363,01:55,,94,94081,2,1,2,1.0,Av du President Salvador Allende,48.79584,2.41083,01:55:00,2024-09-22
202400050364,12:20,Plein jour,62,62774,2,1,7,1.0,Rue Vigier,50.95972,1.82584,12:20:00,2024-07-11
202400050365,11:23,Plein jour,92,92073,2,1,2,7.0,WASHINGTON (BOULEVARD),48.87371006,2.21758269,11:23:00,2024-12-03
202400050366,06:25,Nuit sans éclairage,93,93078,1,1,1,6.0,AUTOROUTE A104,48.9591283,2.53599645,06:25:00,2024-10-26
202400050367,13:30,Plein jour,39,39096,2,1,1,6.0,17 Rue Principale,47.260744,5.517816,13:30:00,2024-08-15
202400050368,21:33,,94,94022,2,1,2,6.0,70 Avenue Victor Hugo,48.769061,2.421947,21:33:00,2024-09-22
202400050369,08:30,Plein jour,59,59574,2,1,1,6.0,DURIEUX JEAN-BAPTISTE(RUE),50.35961,3.28122,08:30:00,2024-07-11
202400050370,18:15,Plein jour,72,72024,1,1,1,1.0,D338,48.104955,0.15676,18:15:00,2024-08-18
202400050371,06:15,,92,92064,2,3,1,1.0,SENARD,48.84972473,2.22110063,06:15:00,2024-12-03
202400050372,20:00,,93,93078,2,1,2,2.0,BALLANGER (BD ROBERT),48.95648304,2.54162544,20:00:00,2024-09-22
202400050373,20:45,Nuit sans éclairage,93,93007,1,1,1,3.0,AUTOROUTE A3,48.93647421,2.48019188,20:45:00,2024-10-26
202400050374,08:15,Plein jour,92,92050,2,1,8,7.0,HUGO VICTOR RUE,48.89481,2.19777,08:15:00,2024-12-02
202400050375,10:55,Plein jour,05,05045,1,1,1,3.0,N94,44.53700521,6.47233128,10:55:00,2024-08-18
202400050376,08:20,Plein jour,58,58194,2,1,1,2.0,JEROME TRESAGUET,46.99589,3.1485,08:20:00,2024-07-12
202400050377,18:00,Plein jour,93,93072,2,1,1,1.0,STALINGRAD (AVENUE DE) COTE DES N°51 AU,48.95721,2.39607,18:00:00,2024-09-22
202400050378,06:00,Nuit sans éclairage,93,93005,1,1,1,3.0,AUTOROUTE A1,48.95709604,2.46168396,06:00:00,2024-10-26
202400050379,16:15,Plein jour,50,50342,1,1,1,6.0,1 Rue du Cap,49.649258,-1.244368,16:15:00,2024-08-18
202400050380,18:30,,92,92036,2,1,8,3.0,LOUISE MICHEL (PAIRS),48.92253113,2.32042797,18:30:00,2024-12-02
202400050381,16:55,Plein jour,55,55043,2,1,1,2.0,DE GAULLE (GENERAL),49.17429,5.38093,16:55:00,2024-07-10
202400050382,14:00,Plein jour,93,93050,2,2,1,3.0,GENERAL DE GAULLE (AVENUE),48.85723092,2.53132405,14:00:00,2024-09-22
202400050383,10:50,Plein jour,50,50410,1,3,1,3.0,D975,48.558365,-1.490541,10:50:00,2024-08-18
202400050384,09:20,Plein jour,55,55545,2,3,1,7.0,GAMBETTA (LEON),49.15813,5.38652,09:20:00,2024-07-10
202400050385,15:10,Plein jour,95,95277,1,1,1,5.0,A3,48.97380183,2.48838243,15:10:00,2024-10-26
202400050386,20:20,,93,93048,2,1,2,6.0,PARIS (RUE DE),48.85565049,2.42268652,20:20:00,2024-09-22
202400050387,12:45,Plein jour,50,50106,1,1,1,6.0,N174,49.183309,-1.141731,12:45:00,2024-08-18
202400050388,16:00,Plein jour,92,92024,2,3,1,3.0,MADAME DE SANZILLON (RUE),48.90368243,2.31884636,16:00:00,2024-12-01
202400050389,12:30,Plein jour,93,93074,1,1,2,6.0,Route Nationale 3,48.9346,2.60148,12:30:00,2024-09-22
202400050390,16:37,Plein jour,55,55545,2,1,2,2.0,STRATEGIQUE ( BOULEVARD ),49.14679158,5.3843089,16:37:00,2024-02-22
202400050391,05:25,Nuit sans éclairage,93,93005,1,1,2,6.0,AUTOROUTE A3,48.94047447,2.47890375,05:25:00,2024-10-26
202400050392,17:45,,92,92009,2,9,9,3.0,CAPITAINE GUYNEMER ( RUE ),48.90772912,2.26243494,17:45:00,2024-12-02
202400050393,17:20,Plein jour,93,93027,1,1,1,3.0,ZOLA (RUE EMILE),48.92614,2.39331,17:20:00,2024-09-21
202400050394,08:30,Plein jour,64,64546,2,1,1,7.0,chemin larroque,43.4933938,-1.282745,08:30:00,2024-08-16
202400050395,21:05,Plein jour,54,54526,2,9,1,3.0,17 Avenue de la Paix,48.68689,6.21202,21:05:00,2024-07-12
202400050396,13:50,Plein jour,94,94046,1,1,1,3.0,A86,48.8084579,2.44905207,13:50:00,2024-10-27
202400050397,06:20,Crépuscule,64,64386,2,1,9,6.0,597 Route de Lourdes,43.184687,-0.247257,06:20:00,2024-08-18
202400050398,17:45,Nuit sans éclairage,76,76342,2,4,1,7.0,Impasse du Manoir de Vertot,49.658787,0.561976,17:45:00,2024-12-03
202400050399,19:00,Plein jour,93,93010,2,1,1,6.0,BUISSON (AV. SUZANNE),48.91415831,2.48104888,19:00:00,2024-09-21
202400050400,13:44,Plein jour,51,51454,1,1,1,2.0,Unknown,49.293171,4.028248,13:44:00,2024-07-11
202400050401,18:10,Plein jour,77,77514,1,1,1,6.0,A104,48.94447931,2.62865058,18:10:00,2024-10-25
202400050402,18:15,Nuit sans éclairage,38,38336,1,1,1,7.0,CD131,45.462606,4.835916,18:15:00,2024-12-03
202400050403,14:53,Plein jour,64,64452,1,1,1,2.0,D202,43.283399,-0.065135,14:53:00,2024-08-17
202400050404,23:55,,49,49007,2,1,1,3.0,BOISNET RUE,47.47434,-0.55251,23:55:00,2024-07-12
202400050405,00:15,,93,93007,2,2,2,3.0,EDOUARD LUCY (AVENUE),48.92802,2.47967,00:15:00,2024-09-22
202400050406,15:15,Plein jour,10,10389,1,1,2,7.0,D443,48.31424,4.523685,15:15:00,2024-08-18
202400050407,13:20,Plein jour,94,94028,1,1,1,3.0,A86,48.80016151,2.4465547,13:20:00,2024-10-25
202400050408,10:43,Plein jour,92,92035,2,1,2,7.0,Général Leclerc ( avenue du ),48.91295,2.25127,10:43:00,2024-09-22
202400050409,14:23,Plein jour,49,49267,1,1,1,2.0,A87N,47.47075,-0.51097,14:23:00,2024-07-12
202400050410,07:05,,92,92012,2,1,2,6.0,GENERAL LECLERC (AVENUE DU) 1/33 - 2/58,48.83337,2.24272,07:05:00,2024-09-22
202400050411,18:25,Nuit avec éclairage,01,01007,2,3,1,5.0,D36,46.010074,5.363688,18:25:00,2024-12-04
202400050412,08:31,Plein jour,88,88383,2,1,1,1.0,ROUTE D'HERIVAL,48.00902995,6.58500016,08:31:00,2024-07-31
202400050413,14:10,Plein jour,36,36165,2,2,2,3.0,Route de Blois,46.67887065,1.04403913,14:10:00,2024-08-17
202400050414,14:05,Plein jour,49,49353,1,1,1,2.0,D117,47.453926,-0.49988,14:05:00,2024-07-12
202400050415,23:50,,92,92012,2,1,2,3.0,GENERAL LECLERC (AVENUE DU) 1/33 - 2/58,48.83300586,2.24160366,23:50:00,2024-09-21
202400050416,13:00,Plein jour,88,88383,1,9,1,7.0,RD 57,47.99703,6.57727,13:00:00,2024-07-28
202400050417,17:00,Plein jour,49,49007,2,1,1,2.0,Avenue Pasteur,47.471896,-0.542119,17:00:00,2024-07-11
202400050418,12:30,Plein jour,87,87147,2,1,3,6.0,Église Saint-Gilles (Lieu de culte),45.628471,1.665909,12:30:00,2024-08-17
202400050419,10:27,Plein jour,83,83019,2,6,1,6.0,Avenue Lou Mistraou,43.142808,6.336649,10:27:00,2024-12-04
202400050420,17:30,Crépuscule,01,01207,1,1,3,3.0,D 904,45.988861,4.991508,17:30:00,2024-09-22
202400050421,10:30,Plein jour,74,74012,2,6,1,3.0,ETOILE (PLACE DE L'),46.19406,6.2404,10:30:00,2024-08-26
202400050422,07:40,Plein jour,87,87064,1,1,8,6.0,RD992,45.735708,1.764459,07:40:00,2024-08-15
202400050423,10:00,Plein jour,45,45075,2,1,8,3.0,44bis Rue Nationale,47.889266,1.836245,10:00:00,2024-07-12
202400050424,08:00,Crépuscule,19,19123,2,1,5,3.0,7 Rue Du Bessot,45.16364099,1.56876639,08:00:00,2024-12-04
202400050425,08:11,Plein jour,30,30217,2,9,1,7.0,Avenue de Provence,43.975947,4.680636,08:11:00,2024-09-23
202400050426,19:48,Plein jour,38,38151,2,3,1,6.0,COURS JEAN JAURÈS,45.1464,5.70495,19:48:00,2024-07-12
202400050427,08:40,Plein jour,30,30294,2,4,1,3.0,Rue des Marronniers,44.159676,4.118333,08:40:00,2024-08-16
202400050428,19:52,Plein jour,37,37122,2,4,1,3.0,VIEILLE CARTE (ROUTE DE),47.33057,0.63712,19:52:00,2024-07-12
202400050429,10:20,Plein jour,41,41287,1,1,1,4.0,Route de Tours,47.77196827,1.05911015,10:20:00,2024-09-13
202400050430,19:15,Plein jour,74,74305,2,3,8,5.0,JUVIGNY (ROUTE DE),46.21468,6.27313,19:15:00,2024-08-25
202400050431,14:30,Plein jour,82,82147,1,1,1,3.0,D926,44.304272,1.879561,14:30:00,2024-12-04
202400050432,06:55,Crépuscule,52,52320,2,8,2,3.0,D33a,48.052586,5.592964,06:55:00,2024-08-18
202400050433,08:45,Plein jour,2A,2A362,1,1,2,6.0,D168a,41.706209,9.332618,08:45:00,2024-09-22
202400050434,18:15,Plein jour,35,35238,2,6,1,2.0,PAYS-BAS (AVENUE DES),48.08646,-1.66071,18:15:00,2024-07-12
202400050435,00:45,Nuit sans éclairage,974,97409,1,1,1,6.0,CLOVIS(RUELLE),-20.9443,55.64964,00:45:00,2024-06-22
202400050436,19:15,Plein jour,32,32335,1,1,1,7.0,D105,43.737709,0.764108,19:15:00,2024-09-22
202400050437,16:30,Plein jour,69,69267,1,4,1,3.0,Route d’Avenas,46.17954768,4.64170586,16:30:00,2024-05-25
202400050438,11:40,Plein jour,10,10053,1,1,1,2.0,Bouranton,48.314255,4.16399,11:40:00,2024-08-18
202400050439,04:50,Nuit sans éclairage,974,97409,1,1,3,7.0,RN2 DIRECTION ST BENT SORTIE PETIT BAZAR,-20.94449,55.6499,04:50:00,2024-06-16
202400050440,08:45,Plein jour,35,35238,2,9,1,3.0,LECLERC (AVENUE DU GENERAL),48.114,-1.63974,08:45:00,2024-07-12
202400050441,21:40,Nuit sans éclairage,86,86082,1,1,1,6.0,D27,46.280738,0.254847,21:40:00,2024-12-03
202400050442,18:25,Crépuscule,973,97307,1,3,1,1.0,carrefour route de la Distillerie / La Matourienne,4.866147,-52.31123,18:25:00,2024-08-17
202400050443,13:23,Plein jour,71,71410,1,1,2,5.0,1390 Route de Tronchy,46.716981,5.0603,13:23:00,2024-09-22
202400050444,15:50,Plein jour,84,84043,1,1,1,6.0,Avenue de Bédarrides,44.019715,4.926124,15:50:00,2024-06-11
202400050445,17:46,Plein jour,34,34172,2,2,1,3.0,SORBES (RUE DE LAS,43.615605,3.856243,17:46:00,2024-07-12
202400050446,10:15,Plein jour,25,25453,1,2,1,3.0,D31,47.232916,6.547616,10:15:00,2024-12-02
202400050447,02:30,,987,98736,2,1,1,7.0,RAAURI TEMATAFAARERE (RUE),-17.54062,-149.55066,02:30:00,2024-10-26
202400050448,19:40,,974,97411,2,2,1,6.0,GARE (DE LA),-20.89628,55.49202,19:40:00,2024-10-26
202400050449,17:54,Plein jour,03,03075,1,1,1,4.0,A71 PK 334+700,46.219106,3.098971,17:54:00,2024-08-16
202400050450,18:50,,31,31455,2,1,1,6.0,D627,43.2570741,1.199055,18:50:00,2024-12-03
202400050451,20:30,,973,97302,2,1,1,2.0,MONTABO (ROUTE DE) 3,4.9356,-52.29512,20:30:00,2024-10-26
202400050452,11:10,Crépuscule,973,97309,2,1,1,7.0,TIGRE (ROUTE DU),4.91012,-52.30814,11:10:00,2024-10-26
202400050453,20:50,,63,63378,2,1,1,6.0,15 Route des Chanvres,45.66585834,3.23687911,20:50:00,2024-09-22
202400050454,18:25,Plein jour,42,42279,2,4,1,5.0,Rue Crozet Fourneyron,45.499594,4.265061,18:25:00,2024-08-18
202400050455,13:30,Plein jour,38,38070,1,1,1,1.0,D10a,45.281356,5.922446,13:30:00,2024-11-23
202400050456,09:40,Plein jour,38,38261,1,3,8,1.0,Route de Thuile,45.681265,5.470344,09:40:00,2024-09-23
202400050457,23:55,,973,97302,2,3,1,3.0,DERBES (GEORGES),4.93302,-52.33282,23:55:00,2024-10-25
202400050458,14:25,Plein jour,39,39387,1,1,3,7.0,Unknown,46.98221224,5.50612308,14:25:00,2024-08-18
202400050459,08:00,Crépuscule,02,02610,1,1,5,1.0,Unknown,49.382485,3.269039,08:00:00,2024-12-04
202400050460,17:10,Plein jour,01,01426,2,1,2,1.0,route de bourg,46.244826,5.383215,17:10:00,2024-09-22
202400050461,10:00,Plein jour,69,69387,2,3,1,1.0,Avenue Tony Garnier,45.73173,4.82419,10:00:00,2024-10-26
202400050462,21:20,,03,03118,2,1,1,3.0,12 Avenue des Portes Occitanes,46.079636,3.201094,21:20:00,2024-12-03
202400050463,17:25,Plein jour,72,72165,1,1,3,3.0,A11,48.0748327,0.45888907,17:25:00,2024-08-17
202400050464,12:55,Plein jour,14,14316,1,1,1,1.0,1515 Route des Hauts de Grangues,49.258037,-0.052995,12:55:00,2024-09-23
202400050465,14:45,Plein jour,69,69034,2,1,1,1.0,Viaduc Joseph Picot,45.79086,4.87066,14:45:00,2024-10-25
202400050466,09:20,Plein jour,66,66172,2,6,7,3.0,Boulevard du Canigou,42.714992,2.834655,09:20:00,2024-08-10
202400050467,12:50,Plein jour,09,09120,1,1,2,7.0,D635,43.127703,1.122891,12:50:00,2024-09-22
202400050468,17:53,Nuit sans éclairage,14,14520,2,3,8,1.0,409 Route de la Poterie,49.135698,0.133687,17:53:00,2024-12-03
202400050469,20:20,,95,95306,2,9,1,3.0,ORME BRÛLÉ (CHEMIN DE L'),49.00469442,2.14552581,20:20:00,2024-10-26
202400050470,09:00,Plein jour,73,73128,2,6,1,2.0,Rue Boucher de la Rupelle,45.71739,5.922204,09:00:00,2024-09-20
202400050471,12:45,Plein jour,50,50292,1,1,1,6.0,Le Gruchy,49.090633,-1.265552,12:45:00,2024-12-04
202400050472,08:50,Plein jour,62,62019,1,1,1,2.0,A26,50.428999,2.713151,08:50:00,2024-08-18
202400050473,20:00,Nuit sans éclairage,07,07134,1,1,2,6.0,D104,44.501005,4.292822,20:00:00,2024-09-22
202400050474,02:20,Nuit sans éclairage,45,45020,1,1,2,6.0,A10 PK 114+100 SENS PROVINCE PARIS,47.840357,1.674168,02:20:00,2024-08-18
202400050475,22:30,Nuit sans éclairage,84,84080,1,9,2,7.0,Route de Loriol,44.05088,4.99863,22:30:00,2024-10-26
202400050476,18:52,Plein jour,07,07319,1,3,3,3.0,intersection  D86 et bas Frayol,44.54271549,4.69122211,18:52:00,2024-09-22
202400050477,18:40,Plein jour,51,51160,1,1,2,7.0,A26 Bretelle de sortie après peage Mont choisy,48.913827,4.28875,18:40:00,2024-08-17
202400050478,20:20,Nuit sans éclairage,30,30351,2,1,2,2.0,GENERAL LECLERC (AVENUE DU),43.95607,4.78398,20:20:00,2024-10-26
202400050479,06:45,Nuit sans éclairage,53,53124,1,3,5,1.0,D22,47.84406442,-0.87125338,06:45:00,2024-09-23
202400050480,20:25,,84,84007,2,1,2,6.0,MISTRAL 7  (PARKING C.COMMERCIAL),43.92055,4.86433,20:25:00,2024-10-26
202400050481,14:15,Plein jour,77,77376,1,1,1,6.0,D54a,48.933778,2.764923,14:15:00,2024-08-18
202400050482,02:55,,83,83129,2,6,2,3.0,ECOLES (BD DES),43.11392,5.81164,02:55:00,2024-10-26
202400050483,10:30,Plein jour,85,85197,1,2,8,3.0,RD18,46.88599,-1.412612,10:30:00,2024-09-23
202400050484,18:12,Crépuscule,80,80021,2,1,1,6.0,Rue de la Vallée,49.89151,2.31061,18:12:00,2024-10-25
202400050485,14:18,Plein jour,48,48119,1,1,1,6.0,PR12 + 270 - D906,44.479008,3.929675,14:18:00,2024-08-18
202400050486,02:25,Nuit avec éclairage,78,78551,1,2,2,6.0,RN 184,48.9395,2.09606,02:25:00,2024-10-27
202400050487,11:25,Plein jour,78,78621,2,2,2,6.0,BERLIOZ (RUE HECTOR),48.782882,1.975459,11:25:00,2024-10-26
202400050488,21:20,Nuit avec éclairage,77,77288,2,1,1,3.0,DAJOT (RUE),48.52868,2.65653,21:20:00,2024-10-26
202400050489,10:00,Plein jour,77,77288,2,1,1,3.0,31EME R.I  (RUE DU),48.54391,2.65333,10:00:00,2024-10-26
202400050490,05:59,Nuit sans éclairage,77,77382,1,1,2,7.0,A 140,48.91136,2.88205,05:59:00,2024-10-26
202400050491,05:50,Nuit sans éclairage,77,77186,1,1,2,6.0,D607,48.37454,2.68784,05:50:00,2024-10-26
202400050492,03:00,,73,73065,2,2,1,3.0,POINCARRE RAYMOND (QUAI),45.56708403,5.92974186,03:00:00,2024-10-26
202400050493,17:10,Plein jour,72,72181,2,6,2,3.0,MESSIAEN OLIVIER (AV) PAIRS,48.0145,0.1611,17:10:00,2024-10-25
202400050494,05:20,Nuit sans éclairage,69,69259,2,1,1,6.0,Avenue de la République,45.70752297,4.86765489,05:20:00,2024-10-26
202400050495,09:30,Plein jour,64,64102,2,6,3,7.0,AQUITAINE (AVENUE DE L'),43.487,-1.46853,09:30:00,2024-10-26
202400050496,15:15,Plein jour,63,63300,2,1,1,6.0,HOTEL DE VILLE (RUE DE L'),45.8938,3.11396,15:15:00,2024-10-26
202400050497,07:20,,63,63113,2,6,2,6.0,MAYER (BD DANIEL),45.7931252,3.09586465,07:20:00,2024-10-26
202400050498,14:15,Plein jour,62,62765,2,1,2,6.0,Boulevard Vauban,50.74651,2.25164,14:15:00,2024-10-22
202400050499,19:05,Plein jour,62,62642,2,1,1,1.0,D86E2,50.44953,2.48114,19:05:00,2024-10-26
202400050500,15:40,Plein jour,59,59599,2,1,1,3.0,GRAMME (CHAUSSEE),50.737463,3.165447,15:40:00,2024-10-25
202400050501,21:00,,59,59143,2,1,1,6.0,NATIONALE  ( ROUTE),50.67597,2.88989,21:00:00,2024-10-26
202400050502,19:25,,54,54395,2,1,1,6.0,Rue Molitor,48.68562,6.19463,19:25:00,2024-10-26
202400050503,19:33,,54,54323,2,1,1,6.0,Avenue de l'Aviation,49.51894,5.76057,19:33:00,2024-10-26
202400050504,15:47,Plein jour,49,49007,1,1,1,2.0,A87,47.45627,-0.51602,15:47:00,2024-10-25
202400050505,09:50,Plein jour,45,45298,2,1,2,3.0,D951 PR 96 + 46,47.87835,1.85777,09:50:00,2024-10-26
202400050506,15:20,Plein jour,37,37233,2,1,8,7.0,BLANQUI (RUE),47.39488,0.72164,15:20:00,2024-10-26
202400050507,06:55,Nuit sans éclairage,35,35281,2,1,5,6.0,MIVOIE (ROUTE DE),48.06894714,-1.7028527,06:55:00,2024-10-26
202400050508,19:58,Nuit avec éclairage,31,31555,2,1,2,6.0,SAINT SIMON (RTE DE) DU 276 AU 389,43.58654924,1.40625671,19:58:00,2024-10-26
202400050509,14:00,Plein jour,27,27306,2,9,2,6.0,NATIONALE 13 (ROUTE),49.011,1.177,14:00:00,2024-10-26
202400050510,19:30,,19,19031,2,1,2,2.0,BRUNE (BOULEVARD),45.15342,1.53648,19:30:00,2024-10-26
202400050511,02:28,,44,44109,2,1,2,6.0,3 Boulevard Gabriel Lauriol,47.23458,-1.56342,02:28:00,2024-01-01
202400050512,21:30,,42,42218,2,2,1,3.0,Rue Georges Teissier,45.43776,4.38748,21:30:00,2024-01-03
202400050513,10:05,Plein jour,37,37261,2,1,1,7.0,POMPIDOU (AVENUE GEORGES),47.37772454,0.71438277,10:05:00,2024-01-04
202400050514,17:15,Plein jour,37,37261,2,6,8,6.0,GANCE (BOULEVARD ABEL),47.41986112,0.71664762,17:15:00,2024-01-03
202400050515,15:40,Plein jour,35,35238,2,2,2,3.0,SEMBAT (MARCEL),48.09455,-1.67452,15:40:00,2024-01-04
202400050516,19:48,Nuit sans éclairage,35,35051,1,1,1,6.0,EST (ROCADE),48.11147,-1.58644,19:48:00,2024-01-03
202400050517,17:00,Plein jour,35,35115,2,1,1,6.0,FAUCHEUX (BD JACQUES),48.35414,-1.21279,17:00:00,2024-01-03
202400050518,08:10,Plein jour,34,34172,2,1,1,1.0,AMARYLLIS (RUE DES),43.61324,3.8587,08:10:00,2024-01-04
202400050519,02:20,,33,33039,1,1,1,5.0,Boulevard Simone Rossignol,44.82061,-0.54036,02:20:00,2024-01-04
202400050520,18:22,,33,33529,1,3,1,3.0,Unknown,44.61823,-1.1207,18:22:00,2024-01-04
202400050521,17:20,,31,31555,2,6,1,3.0,Rd Pt Firmin Pons,43.56873,1.37532,17:20:00,2024-01-04
202400050522,17:00,Plein jour,29,29232,2,1,2,7.0,CNO,48.01803792,-4.10862197,17:00:00,2024-01-03
202400050523,17:50,Nuit sans éclairage,29,29039,2,2,2,6.0,Rue Jules Simon,47.8814291,-3.91007366,17:50:00,2024-01-03
202400050524,05:45,,29,29019,2,1,2,3.0,rue Robespierre,48.41069,-4.49092,05:45:00,2024-01-04
202400050525,17:50,,28,28134,2,1,2,6.0,ALLENDE (RUE SALVADOR)               002,48.7368,1.34751,17:50:00,2024-01-04
202400050526,17:15,,28,28134,2,1,2,3.0,THOMAS (RUE ALBERT),48.72788,1.37159,17:15:00,2024-01-04
202400050527,13:30,Plein jour,973,97302,2,1,2,7.0,MADELEINE (ROUTE DE LA),4.91443,-52.32092,13:30:00,2024-05-03
202400050528,12:20,Plein jour,27,27562,2,1,1,1.0,SAINT MARTIN (RUE),49.09741,1.44424,12:20:00,2024-01-04
202400050529,11:40,Plein jour,972,97213,1,1,1,2.0,AUTOROUTE A1,14.61481,-61.0126,11:40:00,2024-05-04
202400050530,18:35,,971,97101,1,1,1,3.0,CARAQUE,16.25003,-61.4892,18:35:00,2024-05-03
202400050531,19:40,,971,97120,2,2,1,3.0,Amitié des peuples,16.24292,-61.53974,19:40:00,2024-05-03
202400050532,12:34,Plein jour,25,25462,2,1,1,3.0,CHAPPE CLAUDE,46.90859,6.3414,12:34:00,2024-01-04
202400050533,14:20,Plein jour,95,95219,2,6,1,3.0,D401,48.99249521,2.24858582,14:20:00,2024-05-04
202400050534,08:50,Crépuscule,25,25056,2,8,2,1.0,CARNOT AVENUE,47.2435,6.0304,08:50:00,2024-01-04
202400050535,14:45,Plein jour,91,91692,2,6,1,3.0,rue des lorrains,48.684,2.179,14:45:00,2024-05-03
202400050536,16:10,Plein jour,22,22113,2,1,1,6.0,DIXMUDE (RUE DE),48.73402,-3.46507,16:10:00,2024-01-04
202400050537,05:20,,83,83062,2,1,1,6.0,DIGNE (AVENUE DE ),43.14833,6.03697,05:20:00,2024-05-04
202400050538,10:00,Plein jour,17,17380,2,1,1,6.0,GANIPOTE (AVENUE DE LA),45.65232,-1.09004,10:00:00,2024-01-04
202400050539,21:45,,83,83137,2,1,1,3.0,DE GAULLE (CORNICHE GENERAL),43.1092001,5.956756,21:45:00,2024-05-04
202400050540,07:10,,14,14566,2,6,8,7.0,Avenue Amiral Mountbatten,49.20121701,-0.39535654,07:10:00,2024-01-04
202400050541,00:30,Nuit sans éclairage,81,81021,2,1,1,2.0,PREMIERE ARMEE FRANCAISE,43.49496,2.35646,00:30:00,2024-05-04
202400050542,16:15,Plein jour,13,13071,2,6,1,3.0,VERSAILLES (ROND POINT DIT DE),43.40923,5.32479,16:15:00,2024-01-04
202400050543,04:40,Nuit sans éclairage,81,81065,1,1,2,6.0,1012 (ROUTE DEPARTEMENTALE),43.62887,2.21032,04:40:00,2024-05-04
202400050544,17:45,,13,13213,2,9,1,1.0,JEAN PAUL SARTRE (AVENUE),43.31659,5.41012,17:45:00,2024-01-04
202400050545,09:40,Plein jour,13,13203,2,1,1,3.0,GUSTAVES DESPLACES (BOULEVARD),43.30496563,5.37998363,09:40:00,2024-01-04
202400050546,18:10,Plein jour,77,77335,1,1,1,5.0,RN3 (ROUTE NATIONALE),48.95685,2.85553,18:10:00,2024-05-03
202400050547,15:45,Plein jour,11,11069,2,1,1,6.0,142 Av du Pdt Franklin Roosevelt,43.22469,2.33414,15:45:00,2024-01-03
202400050548,18:25,Plein jour,74,74010,2,1,1,6.0,CARNOT (RUE),45.90421,6.12448,18:25:00,2024-05-04
202400050549,11:15,Plein jour,07,07102,2,1,1,6.0,SADI-CARNOT (AVEN.) [DU N° AU N°],44.92386,4.86691,11:15:00,2024-01-04
202400050550,09:45,Plein jour,69,69290,2,1,2,3.0,7 Boulevard des Roses,45.68474,4.94418,09:45:00,2024-05-04
202400050551,09:20,Plein jour,07,07102,2,1,1,4.0,BRANDONS (RUE DES),44.93179,4.87879,09:20:00,2024-01-03
202400050552,16:30,Plein jour,67,67482,2,1,1,3.0,COLMAR (AVENUE DE),48.56988,7.75431,16:30:00,2024-05-04
202400050553,18:50,,75,75114,2,1,1,2.0,BD PERIPHERIQUE EXTERIEUR,48.819133,2.329596,18:50:00,2024-01-04
202400050554,15:50,Plein jour,67,67218,2,1,1,3.0,STRASBOURG (AVENUE DE),48.5432,7.73608,15:50:00,2024-05-04
202400050555,06:55,Plein jour,67,67218,2,1,1,6.0,ILL (QUAI DE L ),48.532,7.71,06:55:00,2024-05-04
202400050556,18:50,,75,75113,2,1,1,4.0,BD PERIPHERIQUE INTERIEUR,48.826215,2.38778,18:50:00,2024-01-03
202400050557,01:50,,75,75117,2,1,1,6.0,BD PERIPHERIQUE EXTERIEUR,48.900188,2.320781,01:50:00,2024-01-03
202400050558,14:55,Plein jour,67,67482,2,3,1,3.0,PORT DU RHIN (RUE DU),48.5774,7.78555,14:55:00,2024-05-03
202400050559,12:25,Plein jour,75,75106,2,3,8,6.0,RUE DU CHERCHE MIDI,48.84923,2.325836,12:25:00,2024-01-04
202400050560,13:15,Plein jour,34,34172,2,1,1,1.0,COLLINE (AVENUE DE LA),43.6066,3.842,13:15:00,2024-03-28
202400050561,22:23,,64,64122,2,1,1,7.0,CASCAIS (BD DE),43.4763,-1.54518,22:23:00,2024-05-04
202400050562,16:25,Plein jour,75,75119,2,1,1,7.0,BOULEVARD DE LA VILLETTE,48.881118,2.370471,16:25:00,2024-01-04
202400050563,20:40,,33,33063,2,2,3,6.0,Unknown,44.82883,-0.60993,20:40:00,2024-03-28
202400050564,08:00,Plein jour,64,64122,2,1,8,6.0,BAB(BOULEVARD),43.47995,-1.54143,08:00:00,2024-05-04
202400050565,15:15,Plein jour,75,75116,2,1,1,6.0,PLACE DE VARSOVIE,48.860562,2.290771,15:15:00,2024-01-04
202400050566,18:50,,75,75116,2,1,1,7.0,VOIE GEORGES POMPIDOU,48.83968296,2.2674247,18:50:00,2024-01-03
202400050567,14:00,Plein jour,33,33529,2,1,1,3.0,Unknown,44.6267,-1.14147,14:00:00,2024-03-28
202400050568,10:53,Plein jour,64,64102,2,1,1,3.0,GRENET (AVENUE HENRI),43.50115,-1.47925,10:53:00,2024-05-03
202400050569,18:32,,75,75116,2,2,2,6.0,AVENUE KLEBER,48.86684,2.289921,18:32:00,2024-01-03