Num_Acc,hrmn,lum,dep,com,agg,int,atm,col,adr,lat,long,heure,date
202400050570,20:25,,31,31555,2,6,1,3.0,ROND POINT JEROME PUGENS,43.589334,1.478793,20:25:00,2024-03-27
202400050571,13:30,Plein jour,59,59650,2,1,1,2.0,FRATERNITE (BOULEVARD DE LA),50.71728,3.20408,13:30:00,2024-05-04
202400050572,09:15,Plein jour,75,75116,2,2,2,3.0,AVENUE FERDINAND BUISSON,48.836717,2.253683,09:15:00,2024-01-03
202400050573,08:30,Plein jour,30,30007,2,1,7,7.0,Avenue Jules Guesde,44.12005,4.07917,08:30:00,2024-03-28
202400050574,08:45,Plein jour,75,75116,2,3,1,6.0,BOULEVARD EXELMANS,48.83965054,2.26715764,08:45:00,2024-01-03
202400050575,03:00,,59,59650,2,1,1,6.0,MARTINOIRE (RUE DE LA),50.715661,3.193741,03:00:00,2024-05-04
202400050576,17:30,Plein jour,30,30007,2,1,1,7.0,DUMAS (AVE JEAN-BAPTISTE),44.13178,4.07836,17:30:00,2024-03-27
202400050577,11:50,Plein jour,75,75113,2,1,1,7.0,AVENUE PIERRE DE COUBERTIN,48.817095,2.344218,11:50:00,2024-01-04
202400050578,10:30,Plein jour,59,59183,2,1,1,6.0,FAIDHERBE - AVENUE,51.046762,2.391727,10:30:00,2024-05-03
202400050579,15:30,Plein jour,29,29232,2,1,2,6.0,Rue Saint Julien,47.9927,-4.09142,15:30:00,2024-03-28
202400050580,15:50,Plein jour,75,75107,2,2,1,7.0,BOULEVARD DE LA TOUR MAUBOURG,48.859931,2.310156,15:50:00,2024-01-04
202400050581,12:20,Plein jour,57,57463,2,1,1,6.0,GEORGES CLEMENCEAU (BOULEVARD ),49.109465,6.163353,12:20:00,2024-05-04
202400050582,07:55,Plein jour,29,29019,2,6,1,3.0,avenue Georges Clemenceau,48.39133,-4.48838,07:55:00,2024-03-27
202400050583,06:30,Plein jour,56,56121,2,1,2,6.0,BELGIQUE (RUE  DE ),47.7586,-3.3775,06:30:00,2024-05-04
202400050584,12:40,Plein jour,75,75107,2,3,1,1.0,BOULEVARD RASPAIL,48.852376,2.326437,12:40:00,2024-01-04
202400050585,11:30,Plein jour,29,29019,2,6,2,3.0,boulevard Gambetta,48.389788,-4.473565,11:30:00,2024-03-25
202400050586,08:30,Plein jour,54,54184,1,1,1,3.0,M83  ,48.71389,6.2418,08:30:00,2024-05-04
202400050587,19:30,,94,94081,2,3,1,3.0,Route de Fontainebleau / Rue du Moulin Vert,48.77224364,2.36796929,19:30:00,2024-01-04
202400050588,08:08,Plein jour,29,29019,2,1,1,2.0,rue Algesiras,48.390188,-4.489529,08:08:00,2024-03-25
202400050589,17:00,Crépuscule,94,94067,2,3,2,6.0,Avenue du Général de Gaulle / Rue de l'Amiral Courbet,48.84551,2.41758,17:00:00,2024-01-03
202400050590,20:47,Crépuscule,54,54323,2,3,1,7.0,Rue Saint Louis,49.51643,5.77425,20:47:00,2024-05-03
202400050591,13:30,Plein jour,19,19031,2,1,8,5.0,POMPIDOU (AVENUE GEORGES),45.15796,1.55381,13:30:00,2024-03-27
202400050592,17:30,Plein jour,49,49007,2,1,2,7.0,A87N,47.46153,-0.5168,17:30:00,2024-05-04
202400050593,23:15,,94,94033,2,3,2,3.0,Avenue du Maréchal Joffre / Rue Alfred de Musset,48.85383,2.47389,23:15:00,2024-01-03
202400050594,23:10,,16,16102,2,3,2,6.0,boulevard de PARIS,45.684767,-0.328409,23:10:00,2024-03-28
202400050595,15:10,Plein jour,41,41018,2,3,2,3.0,JUIN (AVENUE DU MARECHAL),47.58164,1.30753,15:10:00,2024-05-04
202400050596,15:45,Plein jour,94,94079,2,3,8,6.0,Avenue André Rouy / Chemin des Rables,48.82263879,2.55142178,15:45:00,2024-01-03
202400050597,16:00,Plein jour,13,13054,2,1,1,3.0,8 MAI 1945 (AV DU ),43.4047,5.20355,16:00:00,2024-03-28
202400050598,16:00,Plein jour,39,39198,2,3,1,3.0,76 Rue Claude Antoine Lombard,47.096601,5.486062,16:00:00,2024-04-29
202400050599,13:00,Plein jour,93,93072,2,1,1,1.0,Rue Roger Salengro,48.945674,2.382717,13:00:00,2024-01-04
202400050600,19:10,Crépuscule,13,13210,2,1,1,3.0,PAUL CLAUDEL (BOULEVARD),43.26814,5.41608,19:10:00,2024-03-28
202400050601,11:45,Plein jour,35,35238,2,5,1,6.0,PATTON (AVENUE DU GENERAL SIR GEORGES),48.13845222,-1.65864989,11:45:00,2024-05-04
202400050602,16:30,Plein jour,93,93066,2,7,1,3.0,Place de la Porte de Paris / Rue Danielle Casanova / Rue Gabriel Péri,48.92975757,2.35659957,16:30:00,2024-01-04
202400050603,22:45,Nuit sans éclairage,13,13028,2,1,1,6.0,LAVAUX (BOULEVARD DE),43.20147,5.62645,22:45:00,2024-03-28
202400050604,12:15,Plein jour,34,34172,2,1,1,3.0,GAMBETTA (COURS),43.60828,3.86866,12:15:00,2024-05-04
202400050605,08:46,Plein jour,93,93008,2,3,1,1.0,Rue de Bretagne / Rue Adam,48.91227,2.44867,08:46:00,2024-01-04
202400050606,17:10,Plein jour,13,13005,2,1,1,2.0,COURONNE DES PINS (AVENUE DE LA),43.27687,5.55459,17:10:00,2024-03-28
202400050607,05:10,Nuit sans éclairage,34,34129,1,1,1,2.0,PALAVAS D986 (ROUTE DE),43.54414,3.89602,05:10:00,2024-05-04
202400050608,21:30,Nuit sans éclairage,93,93007,2,1,2,3.0,Rue Edouard Renault,48.950393,2.463945,21:30:00,2024-01-04
202400050609,17:10,Plein jour,13,13005,2,1,1,3.0,BLANCARD (PROMENADE PIERRE),43.29513,5.5602,17:10:00,2024-03-27
202400050610,23:20,,31,31555,2,2,2,3.0,RUE DE METZ,43.60049,1.44564,23:20:00,2024-05-04
202400050611,17:30,Plein jour,13,13001,2,1,1,6.0,RD9,43.48552,5.34784,17:30:00,2024-03-28
202400050612,16:35,Plein jour,92,92020,2,1,1,2.0,PARIS AVENUE DE N°84 A FIN,48.81038,2.29925,16:35:00,2024-01-04
202400050613,21:30,,31,31555,2,2,1,3.0,AV DU GENERAL EISENHOWER,43.56362161,1.38693273,21:30:00,2024-05-04
202400050614,13:50,Plein jour,06,06029,2,9,1,6.0,8 Boulevard Carnot,43.55491,7.01722,13:50:00,2024-03-28
202400050615,17:18,Plein jour,31,31555,2,1,1,6.0,AV ETIENNE BILLIERES,43.59703,1.42638,17:18:00,2024-05-04
202400050616,15:10,Plein jour,92,92071,2,1,1,1.0,FONTENAY (RUE DE),48.78146,2.29335,15:10:00,2024-01-04
202400050617,12:30,Plein jour,06,06029,2,1,1,6.0,Avenue Maréchal Juin,43.5511375,7.0306518,12:30:00,2024-03-27
202400050618,08:55,Plein jour,92,92012,2,2,1,6.0,REINE (ROUTE DE LA) 1/37- 6/80,48.84026584,2.23390326,08:55:00,2024-01-04
202400050619,08:10,Plein jour,02,02691,2,3,9,6.0,101 Rue de Vermand,49.850505,3.269107,08:10:00,2024-03-28
202400050620,23:36,,29,29019,2,6,2,3.0,boulevard de l'Europe,48.41508,-4.479778,23:36:00,2024-05-04
202400050621,08:10,Crépuscule,54,54110,1,1,2,1.0,D83,48.69855207,6.33464813,08:10:00,2024-01-04
202400050622,23:00,Nuit sans éclairage,17,17028,1,1,2,2.0,N137,46.13889,-1.10468,23:00:00,2024-05-04
202400050623,13:05,Plein jour,01,01053,2,2,1,1.0,boulevard paul valéry,46.1954,5.2253,13:05:00,2024-03-28
202400050624,18:10,Plein jour,75,75114,2,1,1,2.0,BD PERIPHERIQUE INTERIEUR,48.82352,2.310358,18:10:00,2024-03-28
202400050625,16:30,Plein jour,14,14411,1,2,2,3.0,Route des Carreaux,48.966843,-0.402262,16:30:00,2024-01-04
202400050626,12:30,Plein jour,13,13002,2,1,1,2.0,AUBAGNENS (AVENUE DES),43.32918911,5.47719786,12:30:00,2024-05-04
202400050627,18:20,,17,17094,2,1,2,6.0,112 Boulevard de la République,46.07569,-1.09123,18:20:00,2024-01-04
202400050628,09:45,Plein jour,75,75113,2,1,1,2.0,BD PERIPHERIQUE INTERIEUR,48.820798,2.376664,09:45:00,2024-03-28
202400050629,08:50,Plein jour,21,21572,1,9,8,7.0,A39 PK 32.700,47.124848,5.387989,08:50:00,2024-01-05
202400050630,09:27,Plein jour,13,13201,2,1,1,3.0,GARIBALDI (BOULEVARD) N° IMPAIRS,43.29665,5.38132,09:27:00,2024-05-04
202400050631,14:45,Plein jour,75,75120,2,1,1,4.0,BD PERIPHERIQUE INTERIEUR,48.871428,2.413002,14:45:00,2024-03-27
202400050632,14:10,Plein jour,13,13208,2,1,1,4.0,MENDES FRANCE (AVENUE),43.25529491,5.37632206,14:10:00,2024-05-03
202400050633,11:38,Plein jour,75,75106,2,1,1,6.0,RUE JULES CHAPLAIN,48.842927,2.330594,11:38:00,2024-03-28
202400050634,18:54,,37,37261,1,1,8,2.0,A10,47.38614458,0.70927488,18:54:00,2024-01-04
202400050635,08:50,Plein jour,11,11069,1,1,1,7.0,Unknown,43.21285,2.26793,08:50:00,2024-05-04
202400050636,22:00,,75,75119,2,2,1,1.0,AVENUE DE LA PORTE DU PRE SAINT GERVAIS,48.881972,2.402535,22:00:00,2024-03-28
202400050637,14:55,Plein jour,83,83116,2,1,8,3.0,Chemin du Prugnon,43.46274639,5.8562597,14:55:00,2024-01-02
202400050638,21:47,,10,10362,2,4,2,3.0,LAMARTINE (RUE),48.3017,4.0347,21:47:00,2024-05-04
202400050639,11:00,Plein jour,972,97213,1,1,1,2.0,Unknown,14.62382,-61.0188,11:00:00,2024-02-14
202400050640,15:40,Plein jour,2B,2B033,2,9,1,2.0,FANGO - AVENUE DU,42.7031,9.44631,15:40:00,2024-02-14
202400050641,13:40,Plein jour,75,75119,2,3,1,2.0,AVENUE DE FLANDRE,48.891345,2.377825,13:40:00,2024-03-28
202400050642,18:55,Plein jour,10,10081,1,1,3,5.0,D610,48.3216,4.0251,18:55:00,2024-05-04
202400050643,17:25,Nuit sans éclairage,91,91617,1,1,8,5.0,RD 33,48.65135,2.506803,17:25:00,2024-01-04
202400050644,12:08,Plein jour,971,97101,1,1,1,6.0,ROUTE DE BOISVINS,16.26547,-61.47689,12:08:00,2024-02-05
202400050645,10:20,Plein jour,2A,2A004,2,1,1,2.0,GEORGES POMPIDOU AVENUE,41.93232402,8.75610352,10:20:00,2024-02-14
202400050646,13:15,Plein jour,51,51287,2,1,1,6.0,Route de Fismes - D386,49.086586,3.941742,13:15:00,2024-01-05
202400050647,18:45,Plein jour,10,10357,2,1,3,2.0,HENRI BARBUSSE (RUE),48.3016,4.1043,18:45:00,2024-05-04
202400050648,08:40,Plein jour,75,75118,2,3,1,2.0,RUE D AUBERVILLIERS,48.895916,2.371412,08:40:00,2024-03-28
202400050649,00:05,,95,95252,2,2,1,6.0,CHEMIN NEUF (RUE DU),48.9794119,2.2334218,00:05:00,2024-02-16
202400050650,12:00,Plein jour,2A,2A130,2,1,1,2.0,465 boulevard marie-jeanne bozzi,41.881772,8.788244,12:00:00,2024-01-03
202400050651,13:10,Plein jour,75,75117,2,1,1,3.0,BOULEVARD BERTHIER,48.894026,2.312537,13:10:00,2024-03-27
202400050652,22:35,,06,06088,2,1,1,3.0,58 Avenue Saint-Augustin,43.6748,7.22331,22:35:00,2024-05-04
202400050653,02:03,Nuit sans éclairage,95,95127,2,9,2,6.0,OISE (BOULEVARD DE L'),49.03514,2.08277,02:03:00,2024-02-15
202400050654,09:28,Plein jour,91,91687,2,2,1,3.0,HENRI DUNANT (AVENUE),48.6742,2.36557,09:28:00,2024-02-15
202400050655,14:41,Plein jour,06,06088,2,9,1,6.0,2 Boulevard Jean-Baptiste Verany,43.7081506,7.2834437,14:41:00,2024-05-04
202400050656,18:45,,80,80443,2,1,2,6.0,Rue Charles Dufour,49.846899,1.901509,18:45:00,2024-01-05
202400050657,08:30,Plein jour,91,91286,2,2,1,6.0,OISEAU (PLACE DE L'),48.650934,2.371544,08:30:00,2024-02-15
202400050658,09:05,Plein jour,75,75115,2,2,1,3.0,AVENUE EMILE ZOLA,48.84652,2.2854,09:05:00,2024-03-28
202400050659,21:00,Nuit sans éclairage,76,76231,1,1,1,6.0,Rue de la Saussaye,49.26636,0.99527,21:00:00,2024-02-15
202400050660,19:35,Crépuscule,75,75106,2,2,1,3.0,RUE DU FOUR,48.852663,2.333157,19:35:00,2024-05-03
202400050661,13:35,Plein jour,76,76447,2,6,1,7.0,VICTOR HUGO,49.54709,0.18903,13:35:00,2024-02-14
202400050662,12:25,Plein jour,75,75114,2,2,1,1.0,BOULEVARD DU MONTPARNASSE,48.841969,2.329571,12:25:00,2024-03-28
202400050663,05:00,,72,72181,2,1,1,6.0,VOLTAIRE (RUE) N° IMP 1 A 113,48.0121,0.1905,05:00:00,2024-02-15
202400050664,18:36,,49,49259,1,3,2,3.0,Route de Denée,47.364798,-0.631049,18:36:00,2024-01-02
202400050665,11:30,Plein jour,69,69259,2,1,1,6.0,Boulevard Marcel Sembat,45.7164,4.8827,11:30:00,2024-02-14
202400050666,07:40,Plein jour,69,69290,2,2,1,3.0,Avenue Pierre Mendès France,45.71773058,4.90932057,07:40:00,2024-02-14
202400050667,09:00,Crépuscule,34,34142,2,1,2,6.0,Lodève,43.732793,3.297979,09:00:00,2024-01-05
202400050668,16:50,Plein jour,75,75112,2,3,2,6.0,QUAI DE LA RAPEE,48.843088,2.3701,16:50:00,2024-03-28
202400050669,18:15,Plein jour,75,75107,2,3,1,3.0,BOULEVARD SAINT GERMAIN,48.85443354,2.33044571,18:15:00,2024-05-03
202400050670,07:25,Crépuscule,69,69091,2,1,1,3.0,Avenue Anatole France,45.57305605,4.79332193,07:25:00,2024-01-31
202400050671,23:51,,68,68066,2,1,1,6.0,BONNES GENS (RUE DES),48.08239,7.36983,23:51:00,2024-02-13
202400050672,12:55,Plein jour,34,34258,1,3,1,3.0,D16,43.484592,3.18406,12:55:00,2024-01-03
202400050673,14:00,Plein jour,67,67482,2,1,1,6.0,OSLO (RUE D ),48.5788,7.77309,14:00:00,2024-02-14
202400050674,15:50,Plein jour,04,04245,2,1,1,6.0,D4096,43.866359,5.842026,15:50:00,2024-08-17
202400050675,15:30,Plein jour,75,75119,2,1,1,2.0,ECHANGEUR PANTIN,48.89056,2.39639,15:30:00,2024-05-04
202400050676,12:40,Plein jour,34,34172,2,1,1,3.0,LIBERTE (AVENUE DE LA,43.61363,3.82232,12:40:00,2024-07-12
202400050677,14:30,Plein jour,75,75112,2,3,1,3.0,RUE DE CHARENTON,48.843227,2.385347,14:30:00,2024-03-27
202400050678,18:55,Nuit sans éclairage,39,39422,1,1,1,6.0,Unknown,46.728967,5.558072,18:55:00,2024-01-04
202400050679,19:15,,67,67218,2,3,1,6.0,STRASBOURG (AVENUE DE),48.54622,7.73938,19:15:00,2024-02-14
202400050680,20:20,,67,67462,2,2,1,6.0,GENERAL DE GAULLE (AVENUE DU),48.26314,7.44145,20:20:00,2024-02-11
202400050681,19:50,Plein jour,75,75117,2,3,1,6.0,RUE DE LA JONQUIERE,48.893478,2.323402,19:50:00,2024-05-04
202400050682,09:50,Plein jour,34,34172,2,9,1,6.0,SAINT VINCENT DE PAUL (RUE),43.621789,3.874701,09:50:00,2024-07-12
202400050683,15:40,Plein jour,44,44025,2,1,1,6.0,22 rue de bretagne,47.414081,-1.972479,15:40:00,2024-01-05
202400050684,19:45,Plein jour,13,13067,1,1,1,1.0,Chemin de Valdition (Pont),43.781097,5.002636,19:45:00,2024-08-15
202400050685,08:45,Plein jour,75,75112,2,2,1,3.0,AVENUE DU GENERAL MICHEL BIZOT,48.836222,2.402912,08:45:00,2024-03-27
202400050686,13:50,Plein jour,13,13119,2,1,1,3.0,Avenue d?Aubagne,43.26196,5.579022,13:50:00,2024-08-17
202400050687,17:00,Crépuscule,64,64371,2,3,8,3.0,Avenue de Tréville,43.218305,-0.889227,17:00:00,2024-01-04
202400050688,16:23,Plein jour,34,34172,2,1,1,2.0,BECQUEREL (RUE HENRI),43.61421,3.91477,16:23:00,2024-07-11
202400050689,15:06,Plein jour,75,75107,2,1,1,6.0,RUE DE BABYLONE,48.851691,2.321705,15:06:00,2024-03-28
202400050690,02:13,,75,75109,2,3,1,1.0,RUE DE DOUAI,48.883422,2.329871,02:13:00,2024-05-04
202400050691,15:45,Plein jour,64,64445,2,1,1,3.0,LOUIS SALLENAVE,43.3173,-0.36032,15:45:00,2024-02-15
202400050692,16:35,Plein jour,70,70446,1,1,8,1.0,D70,47.488066,5.619602,16:35:00,2024-08-18
202400050693,08:50,Plein jour,34,34172,2,1,1,6.0,FLAHAULT (AVENUE CHARLES,43.61996,3.86535,08:50:00,2024-07-11
202400050694,23:22,,75,75109,2,3,1,6.0,RUE DE LIEGE,48.879674,2.329226,23:22:00,2024-03-27
202400050695,10:16,Plein jour,27,27685,1,1,1,3.0,D830,48.916496,0.758716,10:16:00,2024-09-23
202400050696,21:25,,75,75102,2,3,1,6.0,BOULEVARD POISSONNIERE,48.870842,2.346735,21:25:00,2024-05-03
202400050697,13:15,Plein jour,36,36169,1,2,1,3.0,Unknown,46.7345009,2.04570673,13:15:00,2024-01-05
202400050698,20:45,Plein jour,34,34032,2,1,1,6.0,BONE (RUE DE),43.33424,3.24779,20:45:00,2024-07-11
202400050699,07:25,Crépuscule,64,64129,2,1,8,6.0,PIEDMONT DU,43.30528,-0.40124,07:25:00,2024-02-15
202400050700,12:00,Plein jour,68,68174,2,1,1,2.0,22 Rue du Rhin,47.682101,7.394813,12:00:00,2024-08-17
202400050701,07:50,Plein jour,32,32013,1,9,8,7.0,SAINTES (CHEMIN DE),43.63651,0.56192,07:50:00,2024-07-12
202400050702,05:50,Nuit sans éclairage,17,17327,1,1,2,7.0,D120,46.074496,-0.592296,05:50:00,2024-09-22
202400050703,09:00,Plein jour,94,94073,2,1,1,2.0,Avenue Léon Marchand,48.76607,2.38986,09:00:00,2024-03-28
202400050704,20:30,,07,07110,2,1,1,7.0,Route de Lablachère,44.475407,4.22435,20:30:00,2024-01-04
202400050705,18:17,Plein jour,75,75107,2,2,1,6.0,AVENUE DE LA MOTTE PICQUET,48.857359,2.30993,18:17:00,2024-05-04
202400050706,17:35,Plein jour,64,64445,2,3,1,3.0,BUROS DE,43.32725,-0.34095,17:35:00,2024-02-14
202400050707,10:45,Plein jour,48,48080,1,1,2,7.0,D906,44.699806,3.868175,10:45:00,2024-09-23
202400050708,15:35,Plein jour,67,67240,2,2,1,2.0,1 Rue du Général de Gaulle,48.611271,7.497203,15:35:00,2024-08-16
202400050709,07:10,Plein jour,30,30007,2,1,1,3.0,FAUBOURG D'AUVERGNE (RUE DU),44.12887,4.07914,07:10:00,2024-07-12
202400050710,18:30,Crépuscule,94,94011,2,1,2,3.0,Avenue de la Convention,48.76665824,2.48776227,18:30:00,2024-03-26
202400050711,10:45,Plein jour,17,17140,2,1,1,6.0,155 Route de Saint Pierre,45.906887,-1.260915,10:45:00,2024-01-05
202400050712,14:47,Plein jour,63,63113,2,1,1,6.0,JAUDE PLACE DE),45.77663286,3.08172673,14:47:00,2024-02-15
202400050713,11:30,Plein jour,75,75115,2,3,2,6.0,BOULEVARD DE VAUGIRARD,48.841545,2.318197,11:30:00,2024-05-04
202400050714,23:00,,30,30007,2,1,1,3.0,DUMAS (AVE JEAN-BAPTISTE,44.13,4.077,23:00:00,2024-06-10
202400050715,14:35,Plein jour,30,30007,2,1,1,2.0,MOULIN (GRAND' RUE JEAN),44.1215,4.07719,14:35:00,2024-07-11
202400050716,06:20,Nuit sans éclairage,48,48016,1,1,2,2.0,N88,44.49541,3.462787,06:20:00,2024-09-23
202400050717,10:15,Plein jour,94,94028,2,1,2,2.0,Boulevard Jean-baptiste Oudry,48.77611,2.45774,10:15:00,2024-03-26
202400050718,18:30,Plein jour,73,73054,1,3,1,3.0,D120,45.59068407,6.78774807,18:30:00,2024-08-16
202400050719,10:45,Plein jour,48,48032,1,1,8,1.0,D809,44.632522,3.2458,10:45:00,2024-01-05
202400050720,15:10,Plein jour,62,62737,2,2,1,3.0,Boulevard de la Liberté,50.44435,2.68347,15:10:00,2024-02-15
202400050721,20:58,Plein jour,28,28134,2,1,1,1.0,LIEVRE D'OR (RUE DU),48.72982,1.38328,20:58:00,2024-06-09
202400050722,08:52,Plein jour,93,93055,2,1,1,3.0,Rue Gutenberg,48.888311,2.406379,08:52:00,2024-03-28
202400050723,17:00,Crépuscule,52,52060,1,1,4,7.0,D26,47.93459914,5.72170138,17:00:00,2024-01-03
202400050724,00:30,,75,75107,2,3,1,2.0,PONT D IENA,48.85905993,2.29326457,00:30:00,2024-05-04
202400050725,18:50,,59,59367,2,1,1,6.0,Avenue de l'Europe,50.68143,3.21593,18:50:00,2024-02-15
202400050726,07:45,Plein jour,26,26362,1,3,1,1.0,Route de Montelier,44.94095,4.95746,07:45:00,2024-07-09
202400050727,05:15,,42,42211,1,1,1,6.0,29 Rue de l'Étang Nicolas,45.556789,4.23082,05:15:00,2024-08-18
202400050728,07:10,Crépuscule,49,49228,1,2,8,4.0,intersection D767/ D207,47.44858,0.077934,07:10:00,2024-09-23
202400050729,05:00,Nuit sans éclairage,46,46086,1,1,2,6.0,Autoroute A20 Sens VIERZON vers MONTAUBAN PK297.500,44.96624,1.515341,05:00:00,2024-01-02
202400050730,08:00,Crépuscule,59,59328,2,2,2,6.0,Rue Auguste Bonte,50.64585,3.01768,08:00:00,2024-02-15
202400050731,13:52,Plein jour,38,38364,1,1,1,7.0,D113,45.04439,5.8269,13:52:00,2024-08-17
202400050732,22:30,,75,75101,2,3,1,6.0,RUE DE RIVOLI,48.862229,2.337049,22:30:00,2024-05-04
202400050733,08:30,Plein jour,27,27562,1,2,1,6.0,D 64,49.08726,1.43539,08:30:00,2024-06-10
202400050734,08:15,Plein jour,93,93047,2,3,1,3.0,Avenue Jean Jaurés / Avenue des Oeillets,48.89819,2.55638,08:15:00,2024-03-28
202400050735,10:00,Plein jour,23,23096,2,1,1,3.0,SENATORERIE (AVENUE DE LA),46.1676,1.8699,10:00:00,2024-07-11
202400050736,12:20,Plein jour,973,97309,2,1,1,3.0,Route de Montjoly,4.925068,-52.28569,12:20:00,2024-09-23
202400050737,08:10,Plein jour,59,59648,2,1,1,3.0,Rue du Général De Gaulle,50.576932,3.049077,08:10:00,2024-02-15
202400050738,15:45,Plein jour,07,07182,1,1,1,6.0,6 Chemin de Sausse,44.629092,4.308888,15:45:00,2024-08-18
202400050739,12:15,Plein jour,78,78010,2,1,1,6.0,Rue Sainte Gabrielle,48.913633,1.919485,12:15:00,2024-01-04
202400050740,09:55,Plein jour,25,25056,2,6,1,3.0,AMPERE RUE,47.23791,5.99448,09:55:00,2024-06-10
202400050741,10:50,Plein jour,75,75104,2,3,8,6.0,RUE DE RIVOLI,48.856972,2.353938,10:50:00,2024-05-04
202400050742,12:45,Plein jour,93,93007,2,2,1,3.0,Avenue Marcel Alizard / Avenue Georges Guynemer,48.94545,2.44566,12:45:00,2024-03-28
202400050743,22:23,,17,17300,2,1,1,1.0,ADMYRAULT   RUE,46.159,-1.155,22:23:00,2024-07-12
202400050744,14:50,Plein jour,06,06004,1,4,1,6.0,"A,8 échangeur sophia, PK 172.200 chaussée sud",43.602549,7.078328,14:50:00,2024-01-03
202400050745,18:05,Crépuscule,54,54323,2,1,1,3.0,Avenue de la Paix,49.53226,5.76432,18:05:00,2024-02-15
202400050746,18:15,Plein jour,69,69296,1,1,1,1.0,Rue du Rhône,45.643666,4.824564,18:15:00,2024-08-16
202400050747,21:40,,75,75101,2,1,1,3.0,QUAI FRANCOIS MITTERRAND,48.859581,2.335607,21:40:00,2024-05-03
202400050748,09:20,Plein jour,93,93007,2,1,2,6.0,Avenue Henri Barbusse,48.93675,2.45839,09:20:00,2024-03-28
202400050749,19:40,Plein jour,13,13056,2,1,1,1.0,HUIT MAI QUARANTE CINQ PLACE DU,43.39941,5.05623,19:40:00,2024-06-10
202400050750,11:00,Plein jour,54,54036,1,1,1,6.0,D139,49.29219,6.00174,11:00:00,2024-02-15
202400050751,06:45,Plein jour,971,97103,2,1,1,5.0,Rue Sosthene Gendrey,16.257886,-61.615508,06:45:00,2024-09-22
202400050752,09:10,Plein jour,38,38397,1,1,3,6.0,A41,45.23225292,5.83261564,09:10:00,2024-01-05
202400050753,16:45,Plein jour,69,69299,1,1,8,7.0,Rue de la République,45.73017804,5.10271773,16:45:00,2024-08-17
202400050754,18:25,Plein jour,92,92048,2,9,1,7.0,PEPINIERE (RUE DE LA),48.7844,2.22503,18:25:00,2024-03-28
202400050755,19:00,Plein jour,17,17299,2,2,1,3.0,LOTI RUE PIERRE,45.9362,-0.96227,19:00:00,2024-07-12
202400050756,16:40,Plein jour,94,94076,2,1,1,6.0,50 Rue Pasteur,48.804712,2.366388,16:40:00,2024-05-03
202400050757,18:30,Plein jour,973,97357,2,1,1,6.0,Le Bourg,4.274523,-54.381364,18:30:00,2024-09-22
202400050758,17:15,Plein jour,13,13209,2,1,1,3.0,CHALET (TRAVERSE DU),43.23424,5.40641,17:15:00,2024-06-10
202400050759,18:40,,51,51454,2,6,1,6.0,KOENIG (RUE DU GENERAL),49.22492,4.0185,18:40:00,2024-02-15
202400050760,16:00,Plein jour,34,34022,2,1,1,3.0,voie communale numéro 8 baillargues à saint-brès,43.667468,4.014594,16:00:00,2024-01-05
202400050761,15:30,Plein jour,65,65031,1,1,1,7.0,D113 ,42.926899,0.293316,15:30:00,2024-08-18
202400050762,10:50,Plein jour,94,94041,2,1,2,3.0,Rue Marat,48.80744523,2.39035038,10:50:00,2024-05-04
202400050763,18:40,Plein jour,92,92044,2,1,1,6.0,VIC. HUGO(RUE)001A067 ET002A078,48.89694228,2.29555607,18:40:00,2024-03-27
202400050764,08:10,Plein jour,21,21609,1,6,1,7.0,D905,47.207259,5.303889,08:10:00,2024-01-04
202400050765,19:40,Crépuscule,13,13002,2,3,1,3.0,MARIUS MILON (CHEMIN),43.33441,5.4667,19:40:00,2024-07-12
202400050766,09:00,Plein jour,34,34151,1,1,1,1.0,d 61 route de la mer,43.642411,4.138756,09:00:00,2024-09-20
202400050767,19:18,Plein jour,13,13210,2,1,1,2.0,TOULON (AVENUE DE),43.28342,5.39708,19:18:00,2024-06-10
202400050768,17:30,Plein jour,32,32029,1,1,1,7.0,D943,43.61711001,0.46009747,17:30:00,2024-08-17
202400050769,09:20,Plein jour,92,92075,2,1,1,6.0,PAIX (AVENUE DE LA),48.81650292,2.2752285,09:20:00,2024-03-28
202400050770,11:05,Plein jour,73,73034,1,1,4,7.0,Rte de la Picherie,45.69586969,6.55838703,11:05:00,2024-01-05
202400050771,08:35,Plein jour,51,51454,2,2,1,3.0,GERBERT (RUE),49.251,4.04081,08:35:00,2024-02-15
202400050772,05:30,Crépuscule,22,22324,1,1,1,6.0,Route Départementale 788,48.778437,-3.448249,05:30:00,2024-08-17
202400050773,17:56,Plein jour,13,13205,2,9,1,3.0,MADON (RUE),43.29396,5.40008,17:56:00,2024-07-12
202400050774,14:35,Plein jour,92,92036,2,1,1,6.0,PAUL VAILLANT COUTURIER (RUE) (1/89),48.92087734,2.30501121,14:35:00,2024-03-28
202400050775,19:50,Plein jour,10,10387,2,6,1,7.0,Route d'Auxerre,48.27834,4.06697,19:50:00,2024-06-10
202400050776,18:15,Plein jour,17,17415,2,2,2,3.0,EUROPE COURS DE,45.73594,-0.65064,18:15:00,2024-10-26
202400050777,02:30,,94,94001,2,3,1,1.0,Quai Pasteur / Quai de la Baronnie,48.72391,2.42756,02:30:00,2024-05-04
202400050778,17:20,Crépuscule,86,86024,1,1,8,7.0,D611,46.510504,0.222011,17:20:00,2024-01-04
202400050779,07:00,Crépuscule,13,13215,2,1,1,7.0,MADRAGUE VILLE (chemin de la),43.33287588,5.35873149,07:00:00,2024-10-26