Num_Acc,hrmn,lum,dep,com,agg,int,atm,col,adr,lat,long,heure,date
202400050780,00:20,Nuit sans éclairage,22,22193,1,1,1,6.0,RN 176 PR 37+100,48.41304,-2.376619,00:20:00,2024-08-18
202400050781,18:20,Plein jour,92,92025,2,1,1,6.0,PRESIDENT SALVADOR ALLENDE (RUE DU),48.92217932,2.23542792,18:20:00,2024-03-28
202400050782,15:30,Plein jour,13,13001,1,1,1,1.0,BARTHELEMY VERA (CHEMIN),43.47452,5.39377,15:30:00,2024-07-09
202400050783,11:10,Plein jour,71,71150,2,3,1,5.0,129 Route des Bergers,46.252549,4.78225,11:10:00,2024-09-21
202400050784,23:15,Nuit sans éclairage,04,04166,1,1,1,6.0,D11,43.810298,6.102616,23:15:00,2024-12-03
202400050785,09:45,Plein jour,50,50218,2,1,1,2.0,PAUL POIRIER (RUE),48.83838,-1.59891,09:45:00,2024-02-15
202400050786,05:35,,13,13202,2,9,1,3.0,CHEMIN DU LITTORAL (CHEMIN DU),43.33143,5.35471,05:35:00,2024-10-26
202400050787,10:15,Plein jour,50,50288,2,6,7,3.0,1 Route de Granville,48.693634,-1.373999,10:15:00,2024-01-05
202400050788,22:30,,06,06159,2,1,1,3.0,2 Chemin de la Jeunesse,43.70378,7.30919,22:30:00,2024-06-10
202400050789,19:15,Plein jour,11,11069,2,1,1,6.0,Unknown,43.184937,2.411727,19:15:00,2024-07-12
202400050790,08:40,Plein jour,92,92024,2,1,8,7.0,FERNAND PELLOUTIER (RUE),48.90394607,2.29959637,08:40:00,2024-03-28
202400050791,15:50,Plein jour,94,94077,2,2,1,3.0,Avenue Pasteur / Rue Marcel Risser,48.73739698,2.41923308,15:50:00,2024-05-03
202400050792,07:50,Nuit sans éclairage,14,14719,1,1,2,7.0,N158,49.030454,-0.273306,07:50:00,2024-01-04
202400050793,15:50,Plein jour,85,85131,1,1,1,6.0,rue du moulin,46.464303,-1.207717,15:50:00,2024-12-03
202400050794,07:30,Crépuscule,67,67075,1,1,1,3.0,D3,49.019958,7.856319,07:30:00,2024-09-20
202400050795,04:44,,13,13201,2,1,1,7.0,GARIBALDI (BOULEVARD) N° IMPAIRS,43.29694,5.38112,04:44:00,2024-10-26
202400050796,14:45,Plein jour,50,50129,2,6,1,3.0,PENESME (ROND POINT),49.63603,-1.57572,14:45:00,2024-02-14
202400050797,18:21,,60,60581,2,1,1,6.0,Rue Tailbouis,49.509484,2.431095,18:21:00,2024-01-04
202400050798,11:00,Plein jour,06,06069,1,1,1,1.0,90 Route de la Paoute,43.6351,6.95691,11:00:00,2024-06-10
202400050799,11:20,Plein jour,59,59256,1,1,2,1.0,M145,50.561924,3.127767,11:20:00,2024-01-05
202400050800,18:00,Nuit sans éclairage,91,91363,1,1,1,2.0,RN 104,48.64574,2.19283,18:00:00,2024-01-04
202400050801,01:25,Nuit sans éclairage,91,91659,1,1,1,6.0,AUTOROUTE A6,48.59084,2.44608,01:25:00,2024-01-04
202400050802,19:05,Nuit sans éclairage,92,92048,1,1,2,3.0,N118,48.79556582,2.21768479,19:05:00,2024-01-03
202400050803,00:15,Nuit sans éclairage,10,10357,2,1,2,7.0,GENERAL DE GAULLE (RUE DU),48.296,4.1323,00:15:00,2024-07-13
202400050804,08:15,Plein jour,49,49007,2,2,2,2.0,LIBERTE BOULEVARD,47.44876,-0.53611,08:15:00,2024-02-15
202400050805,13:05,Plein jour,75,75118,2,1,1,2.0,PORTE DE CLIGNANCOURT,48.901104,2.346646,13:05:00,2024-06-10
202400050806,18:45,Plein jour,92,92007,2,1,1,6.0,FONTAINE (RUE DE LA),48.7868,2.30425,18:45:00,2024-03-28
202400050807,09:40,Plein jour,95,95018,1,1,1,2.0,A15,48.95621389,2.27718895,09:40:00,2024-01-04
202400050808,11:30,Plein jour,54,54101,1,1,1,3.0,D19,48.497654,6.732919,11:30:00,2024-09-21
202400050809,15:34,Plein jour,23,23040,2,2,1,3.0,D40,46.214545,2.209969,15:34:00,2024-12-04
202400050810,15:55,Plein jour,13,13098,1,1,2,7.0,ARNAUD  CHEMIN DE LA COLLE D',43.44243201,5.02732078,15:55:00,2024-10-25
202400050811,18:30,Plein jour,93,93010,2,2,1,5.0,Avenue Galliéni / Rue Auguste Polissard,48.905718,2.480124,18:30:00,2024-05-04
202400050812,18:00,Plein jour,59,59134,2,1,1,3.0,Route de Beaurepaire face au n° 520,50.08581304,3.83574819,18:00:00,2024-08-17
202400050813,10:30,Plein jour,94,94004,2,1,1,1.0,N19,48.75927189,2.5005846,10:30:00,2024-01-04
202400050814,13:00,Plein jour,75,75116,2,4,1,6.0,PORTE DE SAINT CLOUD,48.83506066,2.26038337,13:00:00,2024-06-07
202400050815,13:20,Plein jour,33,33243,1,1,3,6.0,Unknown,44.92755027,-0.26027172,13:20:00,2024-11-09
202400050816,16:10,Plein jour,45,45302,2,1,1,6.0,1627 Rue Nationale 20,47.95253,1.89157,16:10:00,2024-02-15
202400050817,19:30,Crépuscule,60,60697,1,1,1,5.0,D133,49.53213,1.885979,19:30:00,2024-03-28
202400050818,14:55,Plein jour,10,10387,2,2,8,6.0,Rue Louis Mony,48.2992,4.07327,14:55:00,2024-07-12
202400050819,23:10,,13,13001,2,1,2,2.0,ROI RENE (BD DU),43.52457,5.45346,23:10:00,2024-10-26
202400050820,17:50,Plein jour,63,63284,2,9,2,6.0,D1,45.787255,3.264227,17:50:00,2024-09-22
202400050821,17:00,Plein jour,92,92072,2,3,1,3.0,GRANDE RUE,48.82123672,2.20250255,17:00:00,2024-05-03
202400050822,22:20,Nuit sans éclairage,94,94073,1,1,2,2.0,A86,48.768846,2.37919993,22:20:00,2024-01-03
202400050823,17:30,Plein jour,13,13037,1,1,1,2.0,D113,43.546783,5.18398,17:30:00,2024-06-16
202400050824,17:50,Crépuscule,06,06149,2,1,2,3.0,52 Boulevard Riba Roussa,43.733899,7.300292,17:50:00,2024-03-26
202400050825,12:28,Plein jour,45,45234,2,2,1,3.0,53 Boulevard Guy-Marie Riobé,47.91338,1.90973,12:28:00,2024-02-15
202400050826,18:10,Plein jour,13,13085,1,1,1,3.0,A50-Sens Aubagne vers Toulon,43.26617415,5.58731588,18:10:00,2024-08-17
202400050827,12:43,Plein jour,75,75117,2,3,1,3.0,AVENUE DE CLICHY,48.89214,2.31754,12:43:00,2024-06-10
202400050828,13:30,Plein jour,92,92049,2,1,1,6.0,PERI RUE GABRIEL N°37 A 99,48.81880264,2.3176074,13:30:00,2024-05-03
202400050829,15:45,Plein jour,73,73176,1,1,1,1.0,D1090,45.62306504,6.8380267,15:45:00,2024-09-21
202400050830,11:04,Plein jour,11,11262,2,6,3,6.0,Unknown,43.180407,3.014178,11:04:00,2024-10-26
202400050831,17:37,,69,69244,2,3,1,6.0,14 Promenade des Tuileries,45.763818,4.778656,17:37:00,2024-12-04
202400050832,08:45,Plein jour,95,95052,2,1,1,6.0,D922,49.14766848,2.2957058,08:45:00,2024-03-29
202400050833,18:46,,42,42184,2,2,1,6.0,Rue Peillon,46.03762997,4.0499679,18:46:00,2024-02-15
202400050834,20:30,Nuit sans éclairage,93,93051,1,1,2,2.0,A4,48.83670891,2.54783034,20:30:00,2024-01-03
202400050835,04:20,Nuit sans éclairage,69,69276,1,1,1,7.0,Autoroute 7  ,45.66742385,4.84481026,04:20:00,2024-08-17
202400050836,13:50,Plein jour,92,92012,2,1,1,2.0,VICTOR HUGO (AVENUE) 49/FIN - 60/FIN,48.8345755,2.24414635,13:50:00,2024-05-04
202400050837,18:45,Plein jour,75,75116,2,7,1,3.0,PLACE DE LA PORTE DE SAINT CLOUD,48.83839148,2.25698769,18:45:00,2024-06-10
202400050838,14:10,Plein jour,06,06088,2,3,2,3.0,61 Boulevard de l'Ariane,43.734837,7.29688,14:10:00,2024-07-12
202400050839,07:01,,10,10387,2,9,9,6.0,Avenue Chomedey de Maisonneuve,48.3051,4.07186,07:01:00,2024-10-26
202400050840,12:37,Plein jour,83,83061,1,1,1,6.0,"Péage Fréjus EST, chaussée Nord, A8",43.472122,6.74332,12:37:00,2024-12-04
202400050841,18:00,Plein jour,21,21599,1,1,1,2.0,A31,47.603009,5.199767,18:00:00,2024-03-28
202400050842,08:35,Plein jour,37,37261,2,6,1,7.0,POMPIDOU (AVENUE GEORGES),47.39449,0.70474,08:35:00,2024-02-15
202400050843,17:45,Plein jour,38,38294,1,1,1,3.0,Départementale 18,45.668735,5.205849,17:45:00,2024-09-22
202400050844,14:00,Plein jour,93,93051,1,1,3,5.0,A4,48.83515238,2.57609455,14:00:00,2024-01-03
202400050845,17:40,Plein jour,92,92004,2,1,1,6.0,FAIDHERBE ( AVENUE ),48.90781,2.2672,17:40:00,2024-05-03
202400050846,02:30,,06,06069,2,1,9,6.0,72 Boulevard Victor Hugo,43.65053,6.91863,02:30:00,2024-10-27
202400050847,21:50,Nuit sans éclairage,42,42225,1,1,1,3.0,A47,45.51871,4.59117,21:50:00,2024-08-12
202400050848,11:29,Plein jour,13,13025,1,1,1,2.0,"Autoroute A8, PK 30.630, sens Nice -> Lyon",43.481455,5.565374,11:29:00,2024-12-04
202400050849,21:00,,974,97412,1,1,1,6.0,68 Chemin de Cap Blanc,-21.307807,55.641345,21:00:00,2024-03-29
202400050850,16:50,Plein jour,32,32019,1,1,1,1.0,D181,43.579942,0.625186,16:50:00,2024-09-23
202400050851,12:00,Plein jour,06,06088,2,1,1,3.0,124bis Boulevard Gambetta,43.7078376,7.2559923,12:00:00,2024-07-12
202400050852,16:40,Plein jour,36,36044,2,2,1,3.0,Unknown,46.79634,1.69896,16:40:00,2024-02-14
202400050853,09:53,Plein jour,05,05061,2,1,1,7.0,ST JEAN ( ROUTE DE ),44.53724,6.04947,09:53:00,2024-10-17
202400050854,18:45,Plein jour,75,75112,2,2,1,3.0,AVENUE LEDRU ROLLIN,48.848002,2.371454,18:45:00,2024-06-08
202400050855,14:15,Plein jour,974,97416,2,1,1,3.0,HUBERT DE LISLE(BOULEVARD),-21.34364,55.47481,14:15:00,2024-01-03
202400050856,19:20,Plein jour,92,92004,2,2,1,3.0,BOURGUIGNONS ( RUE 33 A FIN ),48.9169331,2.27788702,19:20:00,2024-05-03
202400050857,14:40,Plein jour,38,38052,2,6,1,3.0,Route Departementale 1091,45.05918,6.037591,14:40:00,2024-12-01
202400050858,17:14,Plein jour,01,01166,1,1,1,1.0,D904,45.985654,4.792238,17:14:00,2024-03-28
202400050859,14:53,Plein jour,05,05061,1,1,1,7.0,RN 85,44.60217,6.08015,14:53:00,2024-10-21
202400050860,15:00,Plein jour,31,31555,2,9,1,3.0,CHE MARTYRS DE BORDELONGUE,43.5702099,1.41631499,15:00:00,2024-02-15
202400050861,07:50,Plein jour,06,06069,1,9,1,3.0,120 Route de la Vallée Verte,43.64801,6.90208,07:50:00,2024-07-12
202400050862,14:30,Plein jour,974,97407,1,6,1,1.0,SACRE COEUR (RD POINT) -RIV. DES GALETS ,-20.9553,55.3118,14:30:00,2024-01-03
202400050863,14:30,Plein jour,17,17385,2,6,1,3.0,Avenue de Bonnemie,45.944667,-1.319212,14:30:00,2024-09-22
202400050864,14:10,Plein jour,06,06029,2,1,7,6.0,8 Rue Jean Jaurès,43.5536,7.01994,14:10:00,2024-07-12
202400050865,13:25,Plein jour,51,51391,1,1,1,7.0,N31,49.273324,3.883967,13:25:00,2024-03-14
202400050866,10:45,Plein jour,64,64147,1,1,2,7.0,"Autoroute A64, PK 010.500",43.453075,-1.342034,10:45:00,2024-12-03
202400050867,08:45,Plein jour,31,31149,2,1,1,3.0,SELERY (BOULEVARD DE),43.62315,1.32301,08:45:00,2024-02-15
202400050868,04:47,Crépuscule,75,75111,2,3,1,3.0,BOULEVARD JULES FERRY,48.868658,2.3670273,04:47:00,2024-06-09
202400050869,19:50,Plein jour,92,92002,1,1,3,6.0,AUTOROUTE A86,48.76348536,2.30659783,19:50:00,2024-08-17
202400050870,18:25,Plein jour,83,83003,2,1,1,3.0,saint roch,43.60632906,6.38509538,18:25:00,2024-05-04
202400050871,17:25,Plein jour,31,31555,2,1,1,1.0,ARCOLE (BD D) DU 1AU 79,43.61139207,1.43914193,17:25:00,2024-02-14
202400050872,12:10,Plein jour,17,17486,2,2,1,3.0,AVENUE POMPIDOU,46.013565,-1.353647,12:10:00,2024-09-20
202400050873,07:50,Crépuscule,03,03185,2,6,1,3.0,Quai de la Libération M. Leclerc,46.331288,2.600251,07:50:00,2024-07-09
202400050874,07:10,Crépuscule,04,04112,1,1,8,3.0,D907,43.84716,5.73798,07:10:00,2024-10-25
202400050875,17:45,Nuit sans éclairage,78,78564,1,1,2,1.0,A10,48.54268,1.906793,17:45:00,2024-12-03
202400050876,10:37,Plein jour,973,97302,2,3,1,5.0,MONTABO (ROUTE DE) 1,4.94178253,-52.30414331,10:37:00,2024-01-02
202400050877,11:03,Plein jour,75,75107,2,2,1,3.0,BOULEVARD DE LA TOUR MAUBOURG,48.85993578,2.31017321,11:03:00,2024-06-10
202400050878,23:00,Nuit sans éclairage,51,51153,1,2,1,3.0,D3,49.02865313,4.01508136,23:00:00,2024-03-23
202400050879,05:20,Nuit sans éclairage,12,12131,1,1,2,6.0,Unknown,44.381524,2.657109,05:20:00,2024-05-05
202400050880,12:40,Plein jour,31,31149,2,1,1,6.0,ADER (AVENUE CLEMENT),43.61533293,1.34575143,12:40:00,2024-02-14
202400050881,07:25,Crépuscule,29,29237,1,1,9,6.0,Kerhuella,48.472783,-4.201785,07:25:00,2024-09-22
202400050882,23:45,Nuit sans éclairage,51,51042,1,1,2,6.0,D951 PK 70+400,48.87380042,3.7721701,23:45:00,2024-03-28
202400050883,11:25,Plein jour,69,69383,2,2,1,6.0,Pont Lafayette,45.76356,4.84108,11:25:00,2024-01-03
202400050884,20:00,Crépuscule,75,75116,2,1,1,5.0,BD PERIPHERIQUE EXTERIEUR,48.862819,2.264975,20:00:00,2024-07-11
202400050885,09:00,Plein jour,75,75102,2,3,1,6.0,BOULEVARD DE SEBASTOPOL,48.86761075,2.35330582,09:00:00,2024-06-10
202400050886,18:00,Plein jour,94,94043,1,1,3,6.0,A6B,48.81528168,2.35618039,18:00:00,2024-08-17
202400050887,13:54,Plein jour,01,01033,1,1,1,6.0,D1084,46.159918,5.781201,13:54:00,2024-05-04
202400050888,08:10,Plein jour,27,27562,2,3,1,2.0,ROUEN (ROUTE DE ),49.104099,1.462463,08:10:00,2024-02-15
202400050889,23:00,Nuit sans éclairage,56,56053,1,1,3,6.0,Le Quélénnec,47.694711,-2.582163,23:00:00,2024-03-27
202400050890,16:55,Plein jour,35,35012,2,4,8,3.0,rue hippolyte fillioux,47.836094,-1.684261,16:55:00,2024-09-21
202400050891,21:00,Plein jour,94,94068,2,1,1,6.0,8 bis Quai Beaubourg,48.81416199,2.47663973,21:00:00,2024-06-09
202400050892,22:36,,69,69382,2,2,1,3.0,Rue de la République,45.76216,4.83572,22:36:00,2024-01-03
202400050893,16:05,Plein jour,44,44195,1,1,2,7.0,Unknown,47.377066,-1.950181,16:05:00,2024-05-04
202400050894,06:37,Crépuscule,56,56120,1,1,2,6.0,8 Route de Saint-jean-brévelay,47.761895,-2.73764,06:37:00,2024-03-29
202400050895,18:10,Plein jour,75,75112,2,2,1,3.0,AVENUE DAUMESNIL,48.83668,2.403499,18:10:00,2024-07-10
202400050896,00:45,,26,26362,2,2,1,3.0,Rue Jean Jaures,44.92641,4.90551,00:45:00,2024-02-16
202400050897,03:40,Nuit sans éclairage,58,58088,1,1,2,7.0,A77,47.015902,3.199089,03:40:00,2024-05-05
202400050898,17:45,Plein jour,94,94058,2,1,1,3.0,Quai de l'Argonne,48.846272,2.510752,17:45:00,2024-06-06
202400050899,18:00,,41,41136,2,1,9,6.0,Route d?Orléans,47.699784,1.508146,18:00:00,2024-12-03
202400050900,19:10,Nuit avec éclairage,75,75114,2,1,1,2.0,BD PERIPHERIQUE INTERIEUR,48.816639,2.341668,19:10:00,2024-10-26
202400050901,08:00,Plein jour,60,60143,2,1,2,3.0,Rue Paul Journee,49.27445,1.878094,08:00:00,2024-09-23
202400050902,12:30,Plein jour,81,81146,1,1,1,2.0,Chemin d?Arquières,44.050738,1.992023,12:30:00,2024-03-29
202400050903,18:10,,69,69081,2,1,1,6.0,Chemin Jean-Marie Vianney,45.78878,4.7808,18:10:00,2024-01-02
202400050904,17:45,Plein jour,92,92002,1,1,3,2.0,AUTOROUTE A10,48.7295045,2.3069095,17:45:00,2024-08-17
202400050905,20:45,Plein jour,75,75106,2,5,1,3.0,BOULEVARD DU MONTPARNASSE,48.845105,2.320136,20:45:00,2024-07-12
202400050906,18:55,Plein jour,26,26198,2,1,1,1.0,Avenue du 14 Juillet 1789,44.55437,4.74371,18:55:00,2024-02-15
202400050907,06:30,Nuit sans éclairage,80,80053,1,1,2,6.0,Rue de Champien,49.708247,2.864905,06:30:00,2024-09-23
202400050908,20:25,,95,95012,1,1,1,7.0,D37,49.10599259,1.6415464,20:25:00,2024-12-01
202400050909,18:00,Plein jour,94,94046,2,1,1,3.0,37 Rue Maurice Lissac,48.79969994,2.43085551,18:00:00,2024-06-10
202400050910,19:05,Plein jour,30,30226,1,1,1,1.0,Chemin de la Voie Romaine,44.236842,4.623989,19:05:00,2024-05-04
202400050911,22:45,,971,97113,2,9,1,7.0,RN4 - SECTION RIVIERA,16.21766,-61.49247,22:45:00,2024-01-02
202400050912,09:55,Plein jour,75,75118,2,3,8,6.0,RUE ORDENER,48.890295,2.358323,09:55:00,2024-10-26
202400050913,17:35,Plein jour,34,34013,1,1,1,3.0,D609,43.579972,3.462126,17:35:00,2024-03-28
202400050914,17:15,Plein jour,75,75104,2,2,1,6.0,PONT PETIT PONT,48.853473,2.347058,17:15:00,2024-07-10
202400050915,19:10,,19,19031,2,1,1,3.0,KENNEDY (AVENUE JOHN),45.16768243,1.5517804,19:10:00,2024-02-12
202400050916,16:00,Plein jour,66,66002,1,1,1,3.0,Unknown,42.64765711,2.9841131,16:00:00,2024-12-03
202400050917,05:20,Nuit sans éclairage,80,80670,1,1,1,6.0,D1029,49.846029,2.144662,05:20:00,2024-09-22
202400050918,13:10,Plein jour,91,91549,2,1,2,6.0,HUREPOIX (AVENUE DU),48.620265,2.349869,13:10:00,2024-01-03
202400050919,19:15,Plein jour,95,95212,1,1,2,6.0,N104,49.02841146,2.52586426,19:15:00,2024-08-17
202400050920,18:30,Plein jour,94,94028,2,9,1,6.0,Rue de Falkirk / Square des Griffons,48.7716,2.45984,18:30:00,2024-06-09
202400050921,22:20,,34,34284,2,4,1,7.0,pk 32 D907,43.489739,2.756866,22:20:00,2024-03-28
202400050922,22:15,,75,75117,2,2,1,3.0,BOULEVARD MALESHERBES,48.881904,2.311323,22:15:00,2024-10-26
202400050923,01:45,,75,75105,2,2,2,6.0,RUE CLAUDE BERNARD,48.840301,2.346003,01:45:00,2024-07-10
202400050924,18:10,Plein jour,59,59249,2,1,1,2.0,Rue des Eliets,50.01391,4.040555,18:10:00,2024-09-23
202400050925,20:38,Plein jour,95,95572,1,1,1,6.0,N184,49.03320252,2.10964108,20:38:00,2024-08-01
202400050926,14:00,Plein jour,91,91064,2,1,2,2.0,PARIS (RUE DE),48.76164,2.22306,14:00:00,2024-01-03
202400050927,09:58,Plein jour,17,17300,2,1,1,3.0,CHEF DE BAIE   RUE,46.153888,-1.197401,09:58:00,2024-02-15
202400050928,16:25,Plein jour,94,94028,2,6,1,3.0,Car de Pompadour / Avenue de la Pompadour,48.7741,2.43965,16:25:00,2024-06-09
202400050929,15:30,Plein jour,57,57032,1,1,2,2.0,D11,49.096562,6.034627,15:30:00,2024-12-03
202400050930,16:40,Plein jour,34,34028,2,1,1,1.0,Chemin de Boussagues,43.625502,3.152652,16:40:00,2024-03-29
202400050931,11:15,Plein jour,75,75119,2,3,2,7.0,QUAI DE LA SEINE,48.8888315,2.37888068,11:15:00,2024-07-12
202400050932,17:00,Plein jour,92,92036,1,1,2,6.0,AUTOROUTE A15,48.94651571,2.2827709,17:00:00,2024-08-17
202400050933,10:30,Plein jour,2B,2B009,1,1,1,3.0,RT50 - Lieu-dit BUGGIONE,42.142906,9.454465,10:30:00,2024-05-03
202400050934,17:40,Plein jour,75,75116,2,3,1,1.0,AVENUE FOCH,48.872552,2.278651,17:40:00,2024-10-25
202400050935,18:30,,91,91687,2,1,2,6.0,MARMONT (AVENUE),48.66386,2.37524,18:30:00,2024-01-03
202400050936,03:40,Nuit sans éclairage,59,59563,1,3,1,3.0,Route Nationale,50.154652,3.954788,03:40:00,2024-09-22
202400050937,08:20,Plein jour,93,93073,2,2,1,6.0,Rue de Flandre / Rue du Docteur Georges Assant,48.94171024,2.57239165,08:20:00,2024-06-10
202400050938,15:15,Plein jour,987,98735,1,9,1,1.0,PIERRE LOTI (ALLEEQTIER PORCELANO-PETERL,-17.55148,-149.55155,15:15:00,2024-08-15
202400050939,18:10,Crépuscule,14,14366,2,3,1,2.0,2 Rue Docteur Paul Ouvry,49.14274,0.23088,18:10:00,2024-02-10
202400050940,17:25,,69,69052,2,2,2,6.0,20 Route de Lozanne,45.87507165,4.70998244,17:25:00,2024-12-02
202400050941,12:45,Plein jour,75,75117,2,2,8,6.0,BOULEVARD GOUVION SAINT CYR,48.88305416,2.28749111,12:45:00,2024-07-12
202400050942,04:00,Nuit sans éclairage,69,69199,1,1,1,6.0,Autoroute 7,45.6928,4.843619,04:00:00,2024-05-04
202400050943,21:15,,29,29217,2,2,2,1.0,Rue Emile Bernard,47.85550336,-3.74829559,21:15:00,2024-03-28
202400050944,11:20,Plein jour,91,91326,2,9,2,2.0,COUR DE FRANCE (AVENUE DE LA),48.68454,2.37524,11:20:00,2024-01-03
202400050945,16:40,Plein jour,69,69094,2,1,1,6.0,Route de Marcy,45.75562121,4.69875722,16:40:00,2024-12-04
202400050946,20:12,,13,13216,2,1,1,1.0,FENOUIL (BOULEVARD),43.35796,5.32034,20:12:00,2024-02-15
202400050947,07:30,Crépuscule,69,69163,1,1,2,1.0,Autoroute 46,45.92645111,4.75607657,07:30:00,2024-09-22
202400050948,19:10,Plein jour,93,93066,2,1,1,6.0,Avenue du Stade de France,48.920347,2.361664,19:10:00,2024-06-10
202400050949,18:20,Plein jour,75,75112,2,1,1,6.0,BOULEVARD PONIATOWSKI,48.83226,2.398707,18:20:00,2024-10-26
202400050950,01:20,Nuit sans éclairage,56,56026,1,1,1,1.0,Kerfaven,47.958609,-3.185137,01:20:00,2024-05-04
202400050951,18:00,Plein jour,75,75115,2,2,1,6.0,RUE DU DOCTEUR ROUX,48.842076,2.312985,18:00:00,2024-07-12
202400050952,11:00,Plein jour,29,29026,2,1,2,2.0,56 Rue Graveran,48.195846,-4.100678,11:00:00,2024-03-28
202400050953,18:25,,976,97611,2,1,1,3.0,mgombani-Mahabou (rond point),-12.78186,45.23494,18:25:00,2024-08-16
202400050954,14:15,Plein jour,13,13047,2,1,1,1.0,RADOLFZELL AVENUE DE,43.49866,4.97987,14:15:00,2024-02-14
202400050955,13:45,Plein jour,31,31291,1,1,1,6.0,Route de la Salvetat,43.5657261,1.218906,13:45:00,2024-12-04
202400050956,23:15,,93,93066,2,1,1,1.0,Rue Ambroise Croizat,48.932072,2.349118,23:15:00,2024-06-09
202400050957,10:30,Plein jour,84,84007,2,3,1,3.0,C.De GAULLE (Rocade),43.92871,4.8106,10:30:00,2024-01-03
202400050958,09:50,Plein jour,92,92072,1,1,2,6.0,N118,48.8274969,2.22457286,09:50:00,2024-09-22
202400050959,21:35,Nuit sans éclairage,79,79103,2,1,1,3.0,Unknown,46.772998,-0.552447,21:35:00,2024-05-03
202400050960,19:15,Crépuscule,13,13005,2,1,1,3.0,CAMP DE SARLIER ROUTE DE GEMENOS,43.29702,5.58543,19:15:00,2024-02-14
202400050961,22:30,,75,75111,2,3,1,3.0,BOULEVARD VOLTAIRE,48.857586,2.380378,22:30:00,2024-10-26
202400050962,19:14,Plein jour,75,75112,2,1,1,3.0,RUE DE BERCY,48.843824,2.37326,19:14:00,2024-07-12
202400050963,21:00,,974,97407,1,1,1,3.0,ROUTE DU SACRE COEUR,-20.95544,55.31094,21:00:00,2024-08-16
202400050964,16:30,Plein jour,26,26345,2,6,1,4.0,D117,44.285543,4.835969,16:30:00,2024-03-28
202400050965,16:40,,80,80721,2,3,2,1.0,Rue du Chantier,50.179736,1.643811,16:40:00,2024-12-04
202400050966,11:00,Plein jour,83,83062,2,1,1,1.0,SAVELS (AVENUE DES),43.1171,5.99875,11:00:00,2024-01-03
202400050967,19:30,Plein jour,93,93010,2,2,1,3.0,Avenue Henri Varagnat / Rue Andrei Sakharov,48.91759,2.485139,19:30:00,2024-06-09
202400050968,08:30,Plein jour,94,94015,1,1,1,2.0,A4,48.83022312,2.52930326,08:30:00,2024-09-20
202400050969,08:10,Plein jour,06,06088,2,1,1,3.0,MATISSE (AV. HENRI),43.67493,7.21107,08:10:00,2024-02-15
202400050970,19:00,Plein jour,63,63170,1,2,2,1.0,RD941/RD581-Ballot,45.837381,2.730017,19:00:00,2024-05-04
202400050971,14:40,Plein jour,75,75110,2,2,1,3.0,BOULEVARD DE MAGENTA,48.874804,2.357233,14:40:00,2024-10-26
202400050972,01:00,,69,69388,2,3,1,7.0,Avenue Jean Mermoz,45.73307455,4.87950997,01:00:00,2024-08-17
202400050973,17:50,Plein jour,75,75111,2,7,1,3.0,AVENUE PHILIPPE AUGUSTE,48.84938,2.395324,17:50:00,2024-07-11
202400050974,05:50,Nuit sans éclairage,59,59584,1,1,1,7.0,Route de Mons,50.331522,3.869762,05:50:00,2024-10-26
202400050975,16:30,Plein jour,06,06004,2,1,1,6.0,Boulevard Guillaume Apollinaire,43.59754,7.06846,16:30:00,2024-02-14
202400050976,17:40,Plein jour,72,72266,1,1,2,1.0,Lieu Dit la Blanchisserie,48.27448,0.02903,17:40:00,2024-03-28
202400050977,19:50,Plein jour,38,38439,2,1,1,7.0,365 route de la ronzière,45.363959,6.043189,19:50:00,2024-05-05
202400050978,10:28,Plein jour,83,83137,2,9,1,3.0,BRIAND (AVE ARISTIDE DE 1 A 1219,43.12746,5.90522,10:28:00,2024-01-03
202400050979,10:10,Plein jour,93,93001,2,3,1,1.0,Avenue de la République / Rue des Postes,48.90511698,2.39050645,10:10:00,2024-06-10
202400050980,01:30,,75,75107,2,3,2,3.0,QUAI ANATOLE FRANCE,48.862568,2.319009,01:30:00,2024-10-26
202400050981,08:30,Plein jour,75,75111,2,1,1,3.0,BOULEVARD DE CHARONNE,48.852842,2.39706,08:30:00,2024-07-11
202400050982,08:40,Plein jour,50,50484,2,1,1,6.0,Rue de Paris,48.57441,-1.081418,08:40:00,2024-03-29
202400050983,16:56,Plein jour,84,84123,1,1,1,2.0,route du ventoux,44.109659,5.39904,16:56:00,2024-05-03
202400050984,20:30,,01,01283,2,6,1,3.0,DORTAN (ROUTE DE),46.26744,5.65987,20:30:00,2024-02-15
202400050985,10:55,Plein jour,77,77445,2,1,2,6.0,EUROPE (AVENUE DE L'),48.59537216,2.57941467,10:55:00,2024-01-02
202400050986,08:45,Plein jour,46,46055,1,4,1,2.0,Unknown,44.578525,2.067648,08:45:00,2024-03-25
202400050987,19:06,Nuit sans éclairage,13,13213,1,1,1,3.0,A507 sens Marseille - Aubagne,43.32598,5.42119,19:06:00,2024-12-02
202400050988,23:40,,69,69388,2,2,1,3.0,Boulevard des Etats-Unis,45.7294,4.86739,23:40:00,2024-08-16
202400050989,11:05,Plein jour,92,92078,2,1,8,6.0,VERDUN (AVENUE) (N° PAIRS 40 A 90),48.93511,2.32731,11:05:00,2024-06-10
202400050990,04:10,,75,75101,2,2,2,7.0,RUE DE RIVOLI,48.859633,2.34482,04:10:00,2024-10-26