Num_Acc,hrmn,lum,dep,com,agg,int,atm,col,adr,lat,long,heure,date
202400050991,09:30,Plein jour,85,85153,1,1,2,7.0,D137,46.780532,-1.117033,09:30:00,2024-05-05
202400050992,11:50,Plein jour,13,13088,1,1,1,7.0,A55-Sens Marseille vers Martigues,43.39128628,5.26621209,11:50:00,2024-12-03
202400050993,09:30,Plein jour,75,75109,2,1,2,6.0,RUE DU FAUBOURG MONTMARTRE,48.873472,2.342934,09:30:00,2024-07-12
202400050994,09:08,Plein jour,77,77445,1,1,1,6.0,HAIE (AVENUE DE LA),48.58635,2.59392,09:08:00,2024-01-02
202400050995,09:35,Plein jour,75,75113,2,1,1,3.0,BD PERIPHERIQUE EXTERIEUR,48.817358,2.349466,09:35:00,2024-02-15
202400050996,18:50,Plein jour,92,92078,2,1,1,6.0,PROMENADE (VOIE) (90 A 114),48.93387911,2.32907689,18:50:00,2024-06-09
202400050997,17:45,Plein jour,60,60509,2,2,1,3.0,Rue Georges Decroze,49.300467,2.604489,17:45:00,2024-03-28
202400050998,12:00,Plein jour,58,58293,1,1,1,7.0,Bois Duret,46.745514,3.435996,12:00:00,2024-05-05
202400050999,17:50,Plein jour,62,62643,2,3,7,3.0,Rue des Tilleuls,50.69966431,1.58823574,17:50:00,2024-05-29
202400051000,15:21,Plein jour,75,75101,2,3,8,6.0,QUAI FRANCOIS MITTERRAND,48.860749,2.330405,15:21:00,2024-10-25
202400051001,13:34,Plein jour,77,77449,2,1,2,6.0,AV PAUL SERAMY,48.85800683,2.79523473,13:34:00,2024-01-03
202400051002,21:20,,69,69149,2,2,1,3.0,Rue Parmentier,45.71599,4.81132,21:20:00,2024-08-16
202400051003,18:05,Plein jour,92,92062,2,1,1,6.0,EICHENBERGER (RUE),48.88085,2.23679,18:05:00,2024-06-10
202400051004,13:10,Plein jour,75,75119,2,1,1,3.0,BD PERIPHERIQUE EXTERIEUR,48.900479,2.37528,13:10:00,2024-02-14
202400051005,01:35,,75,75109,2,2,3,6.0,RUE DE CHATEAUDUN,48.87584963,2.34036952,01:35:00,2024-07-12
202400051006,05:40,Crépuscule,06,06111,1,1,1,6.0,M2205 PR 32 + 63,44.146924,7.096739,05:40:00,2024-05-05
202400051007,16:50,Plein jour,83,83137,1,1,1,4.0,A57,43.12209671,5.95587659,16:50:00,2024-12-03
202400051008,20:30,Nuit sans éclairage,43,43267,1,1,1,6.0,D103,45.196751,3.914845,20:30:00,2024-03-28
202400051009,06:45,Nuit sans éclairage,76,76351,2,1,1,6.0,CHANTIERS (DES),49.479,0.15998,06:45:00,2024-01-03
202400051010,10:45,Plein jour,75,75118,2,1,2,6.0,BD PERIPHERIQUE EXTERIEUR,48.90086,2.365712,10:45:00,2024-02-14
202400051011,06:20,Crépuscule,62,62040,2,1,5,1.0,D221,50.73106,2.2812,06:20:00,2024-05-09
202400051012,15:30,Plein jour,16,16329,1,1,3,6.0,La lande claire,45.918901,0.511272,15:30:00,2024-03-29
202400051013,17:10,Plein jour,94,94058,2,9,1,1.0,Quai de l'Artois,48.832454,2.496709,17:10:00,2024-10-26
202400051014,18:45,Crépuscule,06,06072,1,1,1,7.0,M59 PKR 11 +950,44.027492,7.089336,18:45:00,2024-05-04
202400051015,13:05,Plein jour,83,83137,2,1,1,2.0,A50,43.12657383,5.8890491,13:05:00,2024-12-02
202400051016,00:35,,75,75108,2,5,3,7.0,AVENUE DE MESSINE,48.875304,2.315712,00:35:00,2024-07-12
202400051017,12:30,Plein jour,92,92062,2,4,1,2.0,DE DION BOUTON (QUAI) DU 29 AU 65,48.88053713,2.24511623,12:30:00,2024-06-10
202400051018,15:30,Plein jour,72,72181,2,9,2,3.0,DURAND GEORGES (AV) N° IMP 313 ET plus,47.96,0.221,15:30:00,2024-01-02
202400051019,07:20,,75,75120,2,1,1,5.0,BD PERIPHERIQUE INTERIEUR,48.852713,2.414464,07:20:00,2024-02-14
202400051020,23:00,Nuit sans éclairage,18,18229,1,1,3,7.0,Unknown,47.252597,2.405727,23:00:00,2024-05-04
202400051021,19:56,,971,97101,1,1,1,5.0,ROUTE DE BOISVINS,16.2574,-61.46011,19:56:00,2024-08-15
202400051022,22:00,,75,75101,2,2,1,6.0,RUE DE RIVOLI,48.85851,2.348218,22:00:00,2024-07-11
202400051023,09:00,Plein jour,18,18033,2,3,1,3.0,45 Rue Jean Baffier,47.076796,2.403959,09:00:00,2024-05-24
202400051024,08:10,Plein jour,67,67131,1,1,1,2.0,R.N. 353,48.49298,7.762,08:10:00,2024-12-03
202400051025,19:00,,94,94068,2,2,1,6.0,LEROUX (R),48.80599,2.47285,19:00:00,2024-10-26
202400051026,09:45,Plein jour,07,07134,1,1,8,3.0,Quartier Prends Toi Garde,44.502157,4.295595,09:45:00,2024-03-29
202400051027,06:20,Crépuscule,92,92051,2,1,1,7.0,"CHARLES DE GAULLE (AVENUE,N°118 A 192 +",48.88545495,2.25908777,06:20:00,2024-06-10
202400051028,15:20,Plein jour,07,07265,1,1,1,7.0,D306,45.294407,4.643955,15:20:00,2024-05-05
202400051029,17:40,Crépuscule,69,69282,2,2,1,1.0,Avenue de Grenoble,45.76199,5.00659,17:40:00,2024-01-03
202400051030,09:00,Plein jour,44,44020,2,6,1,7.0,Rond-Point de Pornic,47.186785,-1.59771323,09:00:00,2024-09-11
202400051031,17:15,Plein jour,94,94041,2,9,1,3.0,170 Boulevard de Stalingrad,48.8058,2.37615,17:15:00,2024-10-26
202400051032,19:10,,75,75109,2,3,1,6.0,RUE DE LA TOUR DES DAMES,48.877736,2.334295,19:10:00,2024-02-14
202400051033,09:00,Plein jour,92,92048,2,9,1,3.0,GENERAL DE GAULLE (AVENUE DU),48.78878419,2.23156106,09:00:00,2024-06-10
202400051034,10:40,Plein jour,971,97113,1,1,1,3.0,ROUTE DE PERINET-RD 119,16.21297131,-61.47768974,10:40:00,2024-08-14
202400051035,16:00,Plein jour,23,23266,1,1,1,1.0,les roches,45.922722,2.319252,16:00:00,2024-03-26
202400051036,04:55,Nuit sans éclairage,53,53051,1,1,1,2.0,La Petite Roderie,48.347643,-0.512956,04:55:00,2024-05-05
202400051037,05:50,Nuit avec éclairage,69,69290,2,2,1,6.0,60 Rue Alfred de Vigny,45.69729827,4.93614487,05:50:00,2024-01-03
202400051038,10:20,Plein jour,33,33013,1,1,1,4.0,Unknown,44.868684,-0.498053,10:20:00,2024-12-03
202400051039,08:38,Plein jour,92,92044,2,1,1,7.0,ED.VAILLANT(RUE)119A131 ET 98A108,48.89941522,2.28616869,08:38:00,2024-05-23
202400051040,12:00,Plein jour,44,44162,2,6,1,2.0,Rond-Point d'Armor,47.22501602,-1.62101358,12:00:00,2024-09-11
202400051041,18:15,Plein jour,94,94076,2,3,1,1.0,Rue Ambroise Croizat,48.801456,2.35952,18:15:00,2024-07-12
202400051042,13:00,Plein jour,80,80021,2,1,1,6.0,Avenue de la Paix,49.9116,2.29747,13:00:00,2024-08-16
202400051043,06:56,Plein jour,53,53237,2,1,1,6.0,23 Rue d'Oisseau,48.373854,-0.695613,06:56:00,2024-05-04
202400051044,00:01,,75,75105,2,3,1,3.0,PONT DE LA TOURNELLE,48.850029,2.354932,00:01:00,2024-02-15
202400051045,14:58,Plein jour,974,97418,2,2,8,3.0,Rue Ylang Ylang,-20.917511,55.527869,14:58:00,2024-03-29
202400051046,13:23,Plein jour,59,59288,1,1,1,2.0,AUTOROUTE A2,50.31572,3.41011,13:23:00,2024-11-20
202400051047,13:30,Plein jour,28,28405,1,1,1,7.0,Route Nationale 12,48.741828,1.302567,13:30:00,2024-05-04
202400051048,12:40,Plein jour,67,67180,2,2,2,2.0,FOULON (RUE DU),48.8054,7.77947,12:40:00,2024-01-02
202400051049,16:00,Plein jour,80,80261,2,1,1,7.0,Route d'Amiens,49.87465,2.28165,16:00:00,2024-08-15
202400051050,16:55,Plein jour,75,75119,2,1,1,6.0,AVENUE DE FLANDRE,48.88481,2.369404,16:55:00,2024-02-15
202400051051,18:10,Plein jour,94,94079,2,1,1,3.0,Rue Adrien Mentienne,48.8294,2.5401,18:10:00,2024-07-11
202400051052,17:09,Plein jour,92,92026,2,1,1,4.0,MARECHAL JOFFRE (QUAI DU),48.89779,2.2675,17:09:00,2024-06-10
202400051053,19:00,,44,44109,2,4,1,3.0,Place de la Bourse,47.2126147,-1.55916959,19:00:00,2024-09-09
202400051054,09:45,Plein jour,94,94081,2,6,1,5.0,Avenue Maximilien de Robespierre,48.79219,2.38666,09:45:00,2024-10-26
202400051055,01:45,,973,97311,2,1,1,2.0,Rue des Mouettes,5.48849,-54.03625,01:45:00,2024-03-29
202400051056,20:00,Nuit sans éclairage,94,94021,1,1,1,2.0,A6B,48.7698226,2.34561011,20:00:00,2024-12-03
202400051057,10:30,Plein jour,75,75119,2,1,1,3.0,AVENUE JEAN JAURES,48.884854,2.378169,10:30:00,2024-02-15
202400051058,16:00,Plein jour,08,08409,2,1,1,6.0,38 Boulevard Chanzy,49.703253,4.931043,16:00:00,2024-01-03
202400051059,12:15,Plein jour,66,66136,2,3,1,3.0,Unknown,42.6810683,2.85925627,12:15:00,2024-01-03
202400051060,12:30,Plein jour,92,92025,2,1,1,3.0,HENRI BARBUSSE (AV),48.92154802,2.25264555,12:30:00,2024-06-09
202400051061,11:23,Plein jour,93,93073,2,1,1,1.0,PASTEUR (AVENUE),48.941565,2.575527,11:23:00,2024-07-11
202400051062,23:20,,94,94038,2,1,1,6.0,10 Rue Sainte Colombe,48.77733,2.358795,23:20:00,2024-10-26
202400051063,17:35,Plein jour,52,52421,1,1,3,6.0,Rue du Tertre,48.177036,5.161273,17:35:00,2024-05-03
202400051064,13:45,Plein jour,78,78646,2,6,1,3.0,LOI (PLACE DE LA),48.81497,2.12872,13:45:00,2024-07-28
202400051065,18:15,Nuit sans éclairage,91,91037,1,1,1,3.0,AUTOROUTE A6,48.54011184,2.49841325,18:15:00,2024-12-03
202400051066,08:30,Plein jour,91,91156,1,1,8,3.0,D449,48.551043,2.277198,08:30:00,2024-03-28
202400051067,11:00,Plein jour,75,75117,2,2,1,6.0,RUE JOUFFROY D ABBANS,48.882843,2.302968,11:00:00,2024-02-15
202400051068,20:42,,65,65440,2,2,1,3.0,Rue Georges Lassalle,43.2355,0.06528,20:42:00,2024-01-03
202400051069,09:40,Plein jour,67,67388,2,1,3,6.0,Rue du General Koenig,48.931258,7.659622,09:40:00,2024-05-05
202400051070,20:45,Crépuscule,93,93051,1,9,1,7.0,RU DE NESLE (BOULEVARD),48.8356,2.58283,20:45:00,2024-07-06
202400051071,12:35,Plein jour,94,94021,2,1,1,6.0,rue de la sécurité parisienne,48.76065043,2.36578146,12:35:00,2024-10-26
202400051072,18:00,Plein jour,92,92007,2,9,1,2.0,BRIAND (AVENUE ARISTIDE) N° 162 A 300,48.79603112,2.32167667,18:00:00,2024-06-10
202400051073,11:10,Plein jour,91,91645,1,1,2,3.0,N385,48.75998717,2.26095176,11:10:00,2024-12-03
202400051074,16:00,Plein jour,44,44109,2,1,1,6.0,88 Boulevard Jules Verne,47.24086823,-1.53012424,16:00:00,2024-09-09
202400051075,08:30,Plein jour,69,69275,2,1,1,3.0,409 Avenue Jean Jaurès,45.77104,4.9813,08:30:00,2024-08-16
202400051076,15:15,Plein jour,67,67348,2,3,1,3.0,36 Rue de Selestat,48.460493,7.483572,15:15:00,2024-03-08
202400051077,10:25,Plein jour,64,64335,2,1,1,6.0,Parking CC carrefour Lescar,43.31691,-0.42725,10:25:00,2024-01-03
202400051078,06:55,Nuit sans éclairage,94,94021,1,1,1,1.0,Rue du Pont des Halles,48.76116,2.34181,06:55:00,2024-10-26
202400051079,13:40,Plein jour,973,97309,2,2,1,3.0,Rue Bois d?Inde,4.89441265,-52.2862595,13:40:00,2024-05-05
202400051080,14:30,Plein jour,75,75117,2,1,1,5.0,AVENUE DE LA PORTE DE CHAMPERRET,48.886441,2.285724,14:30:00,2024-02-14
202400051081,17:00,Nuit sans éclairage,94,94046,1,1,1,3.0,A86,48.80856288,2.44905786,17:00:00,2024-12-03
202400051082,09:04,Plein jour,93,93063,2,2,2,3.0,Rue Mirabeau / Place Jean Moulin,48.87518325,2.44700795,09:04:00,2024-07-12
202400051083,18:05,Plein jour,60,60326,1,1,1,5.0,N31,49.402653,2.727208,18:05:00,2024-06-11
202400051084,19:48,,64,64102,2,1,1,3.0,RESPLANDY (AVENUE DU CAPITAINE),43.48729,-1.46317,19:48:00,2024-01-03
202400051085,21:15,,69,69276,2,1,1,1.0,1 Route de Lyon,45.67319,4.86031,21:15:00,2024-08-16
202400051086,21:15,Nuit sans éclairage,36,36134,1,1,3,6.0,Unknown,46.37595245,1.44555218,21:15:00,2024-05-04
202400051087,17:10,Plein jour,59,59324,2,1,2,6.0,BRIQUETERIE (RUE),50.30649,4.0931,17:10:00,2024-05-23
202400051088,14:30,Plein jour,94,94073,1,9,1,3.0,2 Avenue du Luxembourg,48.75652591,2.3712573,14:30:00,2024-10-25
202400051089,09:07,Plein jour,94,94034,1,1,1,3.0,A86,48.75979435,2.32184781,09:07:00,2024-12-03
202400051090,07:16,Plein jour,92,92051,2,1,2,6.0,"CHARLES DE GAULLE (AVENUE, N° 18 A 116)",48.88092,2.27238,07:16:00,2024-07-12
202400051091,20:15,,64,64102,2,1,2,7.0,LAHARIE (CHEMIN DE),43.50509,-1.46974,20:15:00,2024-01-02
202400051092,13:15,Plein jour,88,88470,1,3,2,5.0,26 Route du Rain Brice,48.082761,6.774759,13:15:00,2024-03-29
202400051093,00:09,Nuit sans éclairage,60,60646,2,1,1,1.0,Rue de Dieppe,49.481946,2.041035,00:09:00,2024-06-11
202400051094,22:30,Nuit sans éclairage,45,45191,2,1,2,6.0,24 Avenue du Général de Gaulle,48.291374,2.405545,22:30:00,2024-05-04
202400051095,14:00,Plein jour,75,75116,2,3,1,7.0,RUE ALFRED BRUNEAU,48.855422,2.276655,14:00:00,2024-02-15
202400051096,21:00,Nuit avec éclairage,94,94011,2,1,1,6.0,Avenue de Paris,48.78067,2.47528,21:00:00,2024-10-26
202400051097,17:15,Plein jour,59,59599,2,2,1,3.0,FAIDHERBE (RUE ),50.719,3.1602,17:15:00,2024-04-29
202400051098,04:00,,75,75116,2,1,1,6.0,ROUTE DE LA MUETTE A NEUILLY,48.878462,2.259328,04:00:00,2024-02-15
202400051099,17:20,Plein jour,57,57443,2,9,7,6.0,Place de la Marjottee,49.223678,6.128008,17:20:00,2024-03-28
202400051100,08:00,Crépuscule,77,77258,1,1,1,3.0,A4.W,48.83079762,2.63464202,08:00:00,2024-12-03
202400051101,15:50,Plein jour,62,62263,2,3,3,6.0,Avenue de l'Hippodrome,50.29233,2.73174,15:50:00,2024-01-03
202400051102,20:15,,67,67482,2,3,1,3.0,VAUBAN (RUE),48.58074,7.7752,20:15:00,2024-08-16
202400051103,12:10,Plein jour,92,92044,2,2,8,3.0,ARISTIDE BRIAND(RUE)51A83  54A96,48.89361704,2.29112247,12:10:00,2024-07-12
202400051104,06:23,Plein jour,2A,2A272,1,1,8,1.0,Sartène,41.624257,8.979907,06:23:00,2024-06-10
202400051105,10:00,Plein jour,78,78522,1,2,2,3.0,départementale 988,48.585664,1.981487,10:00:00,2024-05-04
202400051106,06:20,,94,94028,2,1,1,6.0,Rue Claude Nicolas Ledoux,48.766101,2.470445,06:20:00,2024-10-26
202400051107,03:40,Nuit sans éclairage,63,63120,1,1,2,6.0,Route des Martres,45.67025625,3.19430575,03:40:00,2024-03-29
202400051108,12:50,Plein jour,77,77031,2,1,1,6.0,place de la mairie,48.683169,2.923081,12:50:00,2024-09-16
202400051109,15:20,Plein jour,38,38421,2,1,1,2.0,Avenue de la commune de Paris,45.18182,5.76815,15:20:00,2024-08-29
202400051110,19:10,Plein jour,92,92025,2,1,1,7.0,ROUGET DE L'ISLE (RUE),48.92058288,2.24976146,19:10:00,2024-07-12
202400051111,17:35,,75,75115,2,2,1,3.0,AVENUE DE SUFFREN,48.849411,2.303767,17:35:00,2024-02-15
202400051112,20:32,Plein jour,67,67482,2,1,1,1.0,AEROPOSTALE (RUE DE L ),48.551,7.772,20:32:00,2024-08-16
202400051113,16:00,Plein jour,2B,2B199,1,1,1,3.0,RT 30,42.653294,9.035654,16:00:00,2024-05-05
202400051114,08:28,Crépuscule,60,60175,1,1,1,5.0,RD 201_PONT DE L'OISE_APLOMB PIERRE BLAN,49.24507,2.47702,08:28:00,2024-01-03
202400051115,17:08,Plein jour,68,68315,2,3,1,3.0,Intersection rue du vieil armand et route de bollwiller,47.88222284,7.23373835,17:08:00,2024-06-10
202400051116,08:45,Plein jour,38,38200,2,1,1,1.0,239 Avenue Général Delestraint,45.096242,5.745973,08:45:00,2024-03-28
202400051117,20:35,,93,93078,2,2,1,1.0,DAMBEL (AVENUE EMILE),48.95371,2.54922,20:35:00,2024-10-26
202400051118,23:56,Nuit sans éclairage,73,73179,1,6,1,6.0,D16a,45.59365139,5.88673729,23:56:00,2024-09-20
202400051119,12:50,Plein jour,12,12145,2,2,1,6.0,LILAS,44.10436,3.07957,12:50:00,2024-07-22
202400051120,14:55,Plein jour,75,75114,2,3,1,7.0,RUE D ALESIA,48.829819,2.321189,14:55:00,2024-02-15
202400051121,17:25,Plein jour,92,92004,2,2,1,3.0,DOCTEUR DERVAUX  ( QUAI DU ),48.91114456,2.29880315,17:25:00,2024-07-12
202400051122,16:00,Plein jour,01,01379,2,1,1,6.0,131 Allee des Tilleuls,45.957587,5.274666,16:00:00,2024-06-11
202400051123,04:35,,59,59178,2,1,8,6.0,Rue d’Aniche,50.36441,3.09596,04:35:00,2024-01-01
202400051124,08:45,Plein jour,66,66136,1,6,1,3.0,Unknown,42.69431,2.85132,08:45:00,2024-08-16
202400051125,06:51,Crépuscule,09,09269,1,1,1,6.0,d117,42.994021,1.546379,06:51:00,2024-03-28
202400051126,21:45,Nuit sans éclairage,2B,2B199,1,1,1,1.0,RT 30,42.65312,9.043508,21:45:00,2024-05-04
202400051127,08:59,Plein jour,988,98818,2,1,1,1.0,ECHANGEUR BONAPARTE,-22.24204,166.45676,08:59:00,2024-12-03
202400051128,20:00,Nuit sans éclairage,93,93066,2,2,1,1.0,PORTE DE PARIS (PLACE),48.92977402,2.35649765,20:00:00,2024-10-26
202400051129,09:15,Plein jour,75,75110,2,1,1,6.0,RUE DU FAUBOURG SAINT MARTIN,48.87667,2.360906,09:15:00,2024-02-15
202400051130,09:00,Crépuscule,44,44109,2,1,1,3.0,118 Boulevard de Doulon,47.22723531,-1.52455803,09:00:00,2024-09-06
202400051131,22:10,Nuit sans éclairage,83,83031,1,1,1,6.0,Échangeur entre A8 et A 57 (Embranchement d'autoroute),43.398476,6.358289,22:10:00,2024-06-08
202400051132,17:50,,57,57672,2,1,3,6.0,HORTICULTEURS (RUE DES),49.35317,6.14623,17:50:00,2024-01-02
202400051133,07:20,Plein jour,66,66136,2,1,1,2.0,Départementale  617,42.70816012,2.91104168,07:20:00,2024-08-16
202400051134,00:19,,92,92004,2,1,2,6.0,ARGENTEUIL AV D',48.92197271,2.27750051,00:19:00,2024-07-12
202400051135,14:23,Plein jour,67,67520,2,6,1,7.0,Rue de Romanswiller,48.638531,7.431033,14:23:00,2024-05-04
202400051136,19:40,,973,97302,2,6,1,3.0,SUZINI (CARREFOUR),4.92729,-52.28996,19:40:00,2024-12-02
202400051137,14:45,Plein jour,972,97225,2,1,1,6.0,N2,14.748354,-61.171553,14:45:00,2024-06-07
202400051138,23:45,,93,93045,2,1,1,6.0,EGALITE RUE DE L',48.88175,2.41289,23:45:00,2024-10-25
202400051139,17:25,,57,57672,2,1,3,6.0,GENERAL DE CASTELNAU (RUE DU),49.35463,6.16287,17:25:00,2024-01-02
202400051140,16:45,Plein jour,64,64122,2,9,1,7.0,ROND POINT DE L EUROPE,43.48091,-1.54119,16:45:00,2024-08-16
202400051141,20:50,,75,75108,2,7,1,3.0,AVENUE MATIGNON,48.869436,2.31092,20:50:00,2024-02-14
202400051142,11:40,Plein jour,14,14713,1,1,1,7.0,1124 Route de la Raite,49.027913,-0.467791,11:40:00,2024-07-13
202400051143,18:28,Plein jour,74,74012,2,1,1,2.0,DE GAULLE (AVENUE CHARLES),46.18379,6.24679,18:28:00,2024-07-22
202400051144,08:01,Crépuscule,57,57606,2,1,2,7.0,LORRAINE (BOULEVARD DE),49.10494588,6.70497537,08:01:00,2024-01-03
202400051145,08:13,Plein jour,972,97205,1,1,1,6.0,N2,14.655423,-61.146491,08:13:00,2024-06-09
202400051146,18:15,Crépuscule,93,93077,2,1,1,2.0,LAENNEC (RUE),48.88127,2.49512,18:15:00,2024-10-26
202400051147,15:20,Plein jour,27,27123,1,1,1,6.0,RN 13 pk 012+900,49.012203,1.306858,15:20:00,2024-03-29
202400051148,06:30,Plein jour,24,24294,1,1,1,6.0,les grillauds,45.029066,0.122239,06:30:00,2024-07-13
202400051149,21:55,,973,97302,2,2,1,3.0,LALLOUETTE,4.94055,-52.32974,21:55:00,2024-12-01
202400051150,22:15,Nuit sans éclairage,57,57511,1,1,2,2.0,D652,49.181465,6.146722,22:15:00,2024-05-04
202400051151,20:15,Plein jour,64,64024,2,6,1,7.0,CAILLES (AVENUE DE LA BUTTE AUX),43.49717,-1.50852,20:15:00,2024-08-15
202400051152,18:40,,75,75107,2,3,1,3.0,BOULEVARD RASPAIL,48.851736,2.326773,18:40:00,2024-02-14
202400051153,10:45,Plein jour,974,97411,2,1,1,2.0,JAURES (BOULEVARD JEAN),-20.90066,55.48667,10:45:00,2024-09-21
202400051154,19:15,,51,51454,2,1,2,6.0,JUIN (AVENUE DU MARECHAL),49.225612,4.017086,19:15:00,2024-01-02
202400051155,12:05,Plein jour,21,21177,1,1,1,6.0,"Autoroute A6, PK 244.700, sens Lyon-Paris",47.374466,4.391464,12:05:00,2024-06-11
202400051156,16:35,Plein jour,59,59011,2,1,1,6.0,Rue Louis Dal,50.520981,2.926697,16:35:00,2024-03-29
202400051157,13:40,Plein jour,93,93029,2,3,1,6.0,EMMANUEL VINSON,48.92622508,2.42761764,13:40:00,2024-10-26
202400051158,18:12,Nuit avec éclairage,69,69388,2,1,2,3.0,Boulevard Pinel,45.73029,4.88733,18:12:00,2024-12-02
202400051159,15:00,Plein jour,38,38382,2,9,1,3.0,Route de Grenoble,45.225426,5.686989,15:00:00,2024-05-05
202400051160,03:30,Nuit avec éclairage,59,59234,1,1,1,1.0,RD 621,50.403241,3.041579,03:30:00,2024-08-16
202400051161,09:30,Plein jour,972,97234,1,1,2,6.0,N2,14.663026,-61.15539,09:30:00,2024-07-12
202400051162,19:15,,75,75103,2,2,1,6.0,BOULEVARD SAINT DENIS,48.869321,2.354335,19:15:00,2024-02-15
202400051163,20:30,,93,93027,2,1,1,6.0,PASTEUR (BOULEVARD) DE 40 A +,48.927,2.38508,20:30:00,2024-10-26
202400051164,10:33,Plein jour,973,97302,2,1,1,3.0,AWARA DENDE,4.93511241,-52.32428652,10:33:00,2024-09-21
202400051165,11:40,Plein jour,69,69112,2,6,1,6.0,Rue du Joly,45.817797,4.663739,11:40:00,2024-05-04
202400051166,16:30,Crépuscule,2B,2B033,2,1,1,3.0,LUCE DE CASABIANCA -RUE,42.70483,9.45338,16:30:00,2024-12-02
202400051167,11:39,Plein jour,13,13088,1,1,1,2.0,A55-Sens Martigues vers Marseille,43.387176,5.242183,11:39:00,2024-03-28
202400051168,18:30,Plein jour,62,62529,1,2,1,3.0,D947,50.56590503,2.7823796,18:30:00,2024-06-08
202400051169,21:45,,92,92036,1,1,1,7.0,SEINE (ROUTE DE LA) (1),48.94611545,2.28090763,21:45:00,2024-10-26
202400051170,11:22,Plein jour,51,51454,2,1,3,2.0,CHAMPAGNE   (  AVENUE DE),49.23652,4.0438,11:22:00,2024-01-02
202400051171,12:40,Plein jour,56,56083,1,1,2,7.0,Haut Locoyarne,47.78807,-3.28009,12:40:00,2024-08-16
202400051172,20:35,,94,94058,2,2,1,1.0,Avenue du 11 Novembre / Rue de la Paix,48.846816,2.496851,20:35:00,2024-02-14
202400051173,13:30,Plein jour,49,49328,1,9,2,6.0,CADRE NOIR (PONT DU) N 347,47.27314,-0.08067,13:30:00,2024-01-03
202400051174,18:50,Plein jour,92,92036,2,1,1,6.0,LOUISE MICHEL (PAIRS),48.92094713,2.31811523,18:50:00,2024-10-26
202400051175,09:35,Plein jour,2B,2B120,1,1,1,2.0,11 - RT,42.6493,9.44049,09:35:00,2024-12-02
202400051176,00:50,Nuit sans éclairage,71,71170,1,1,1,2.0,A6,46.923936,4.819109,00:50:00,2024-07-13
202400051177,14:10,Plein jour,83,83144,1,1,1,2.0,A57,43.13398268,5.98674088,14:10:00,2024-03-28
202400051178,13:50,Plein jour,31,31187,2,1,1,3.0,17 Avenue des Romarins,43.535981,1.199816,13:50:00,2024-05-03
202400051179,21:15,,69,69383,2,3,1,3.0,Rue Pascal,45.75962755,4.87409219,21:15:00,2024-09-21
202400051180,17:41,Plein jour,65,65436,2,2,1,3.0,D49,43.240904,0.173925,17:41:00,2024-06-10
202400051181,02:25,Nuit sans éclairage,56,56098,2,1,2,6.0,Avenue Ambroise Croizat,47.77136,-3.34859,02:25:00,2024-08-16
202400051182,23:29,,971,97113,1,1,2,6.0,Pont de BLANCHARD,16.2214,-61.52196,23:29:00,2024-12-01
202400051183,15:40,Plein jour,67,67218,1,1,2,6.0,M35,48.54837,7.72997,15:40:00,2024-03-24
202400051184,00:14,Nuit sans éclairage,42,42199,2,1,1,6.0,566 Route de la Treille,46.037716,3.932676,00:14:00,2024-07-13
202400051185,11:20,Plein jour,92,92004,2,2,8,3.0,VOLTAIRE ( BD 16 A FIN ),48.91688531,2.28793909,11:20:00,2024-10-26
202400051186,09:20,Plein jour,49,49020,1,6,1,7.0,D 56,47.484149,-0.642502,09:20:00,2024-03-30
202400051187,19:30,,94,94073,2,2,1,3.0,Avenue de Versailles / rue simone veil,48.75831,2.3929,19:30:00,2024-02-15
202400051188,02:23,Nuit sans éclairage,56,56121,2,1,2,6.0,Rue de Kerjulaude,47.74328,-3.38254,02:23:00,2024-08-16
202400051189,07:30,Plein jour,71,71544,2,3,1,1.0,Rue du Bourg,46.875164,5.113385,07:30:00,2024-06-10
202400051190,04:00,,972,97213,1,1,1,2.0,ROUTE NATIONALE 1,14.61995,-60.99418,04:00:00,2024-09-20
202400051191,21:45,Nuit sans éclairage,54,54303,1,1,1,6.0,D99,48.5439937,6.60242915,21:45:00,2024-10-26
202400051192,03:00,Nuit avec éclairage,60,60380,2,9,2,6.0,Rue de Meaux,49.13774,3.078843,03:00:00,2024-07-13
202400051193,18:45,Crépuscule,91,91345,1,1,1,2.0,AUTOROUTE A6,48.69022,2.32314,18:45:00,2024-03-28
202400051194,11:50,Plein jour,971,97101,1,3,1,3.0,YLANG YLANG (RUE DES ),16.25082,-61.51047,11:50:00,2024-12-01
202400051195,18:52,Crépuscule,35,35238,2,3,1,3.0,ALBERT 1ER (BD),48.09022,-1.68928,18:52:00,2024-01-03
202400051196,10:50,Plein jour,22,22273,1,4,1,3.0,Le Tertre Chapelle,48.556607,-2.486569,10:50:00,2024-05-05
202400051197,05:35,,94,94022,2,1,2,6.0,Rue Demanieux,48.773177,2.40187,05:35:00,2024-02-15
202400051198,18:50,Nuit sans éclairage,59,59301,1,1,9,6.0,Chemin des Rignains,50.465709,3.532329,18:50:00,2024-10-26
202400051199,00:20,Nuit sans éclairage,972,97209,1,1,1,6.0,REDOUTE (ROUTE DE LA°,14.623523,-61.060973,00:20:00,2024-09-21
202400051200,16:27,Plein jour,30,30191,1,1,1,3.0,D765a,44.133647,4.677279,16:27:00,2024-06-10