Num_Acc,hrmn,lum,dep,com,agg,int,atm,col,adr,lat,long,heure,date
202400051201,02:10,,971,97101,1,1,1,6.0,HIBISCUS,16.24937,-61.52831,02:10:00,2024-12-01
202400051202,09:20,Plein jour,91,91471,1,1,1,2.0,RN 118,48.70453,2.19282,09:20:00,2024-03-28
202400051203,08:04,Plein jour,25,25462,2,1,1,6.0,EIFFEL,46.91269,6.33495,08:04:00,2024-01-03
202400051204,21:00,Plein jour,26,26087,1,1,1,6.0,Rue des Artisans,45.081712,5.126795,21:00:00,2024-10-26
202400051205,14:35,Plein jour,54,54395,2,9,1,3.0,Avenue du Rhin,48.69505,6.13818,14:35:00,2024-08-16
202400051206,14:20,Plein jour,93,93070,2,1,1,3.0,Rue Albert Dhalenne,48.91306,2.33425,14:20:00,2024-02-14
202400051207,16:30,Plein jour,30,30209,1,1,1,3.0,D377,43.976927,4.75325,16:30:00,2024-07-13
202400051208,15:30,Plein jour,30,30141,1,9,1,1.0,Unknown,44.123624,4.681638,15:30:00,2024-06-10
202400051209,16:25,Plein jour,971,97105,2,1,1,6.0,Z.A.  CALBASSIER,16.00594428,-61.73642635,16:25:00,2024-12-02
202400051210,11:45,Plein jour,33,33154,1,1,2,6.0,Unknown,45.111283,-0.015432,11:45:00,2024-10-10
202400051211,22:00,Nuit sans éclairage,60,60413,1,1,1,7.0,D922,49.13138,2.75171,22:00:00,2024-05-04
202400051212,14:05,Plein jour,25,25056,2,3,2,6.0,rue de dole,47.23168,5.99859,14:05:00,2024-01-03
202400051213,08:30,Plein jour,972,97209,1,1,1,4.0,RD 41 (ROCADE),14.60652,-61.08696,08:30:00,2024-09-20
202400051214,17:16,Plein jour,78,78043,1,1,1,4.0,A12 W,48.83534,2.08808,17:16:00,2024-03-28
202400051215,18:15,,89,89387,2,1,3,6.0,PIERRE DE COUBERTIN (AVENUE),48.19668,3.30371,18:15:00,2024-11-19
202400051216,12:55,Plein jour,93,93048,2,2,1,2.0,Rue des Rigondes / Rue Raspail,48.87371859,2.43376493,12:55:00,2024-02-15
202400051217,09:29,Plein jour,83,83116,1,1,1,7.0,Dn7,43.462358,5.826659,09:29:00,2024-06-11
202400051218,14:57,Plein jour,51,51217,2,1,1,7.0,28 Avenue de Paris,49.073279,3.63721,14:57:00,2024-10-26
202400051219,21:55,,69,69100,2,3,2,3.0,Rue de la Mouche,45.695041,4.820783,21:55:00,2024-07-12
202400051220,18:20,,22,22278,2,1,2,6.0,CLEMENCEAU (BD),48.51015,-2.75681,18:20:00,2024-01-03
202400051221,08:10,Plein jour,54,54304,2,2,1,3.0,avenue du Bois Gronée,48.679356,6.142616,08:10:00,2024-08-15
202400051222,15:41,Plein jour,91,91228,1,1,1,2.0,AUTOROUTE A6,48.62648184,2.41572082,15:41:00,2024-05-04
202400051223,02:45,,17,17300,2,1,9,7.0,Avenue Jean Guiton,46.15878,-1.15991,02:45:00,2024-01-03
202400051224,15:00,Plein jour,78,78140,1,1,1,2.0,A13,48.964469,1.925415,15:00:00,2024-03-27
202400051225,16:20,Plein jour,06,06064,1,1,1,3.0,1243 Route des Sauces,43.755549,7.165727,16:20:00,2024-10-27
202400051226,08:00,Plein jour,51,51333,1,1,2,6.0,D9,49.155299,4.091592,08:00:00,2024-07-12
202400051227,12:40,Plein jour,69,69152,2,4,1,3.0,Boulevard de l'Europe,45.70741,4.82118,12:40:00,2024-09-21
202400051228,18:20,Plein jour,51,51108,2,1,7,6.0,PERTHUIS (CHEMIN DU),48.94701,4.354191,18:20:00,2024-08-15
202400051229,10:40,Plein jour,76,76034,2,3,1,1.0,Rue du Bosmeslet,49.714409,1.113999,10:40:00,2024-06-10
202400051230,17:45,Crépuscule,93,93046,2,5,1,2.0,Avenue Aristide Briand / Boulevard Gutenberg,48.91194,2.52054,17:45:00,2024-02-15
202400051231,18:15,Plein jour,92,92036,1,1,1,5.0,AUTOROUTE A15,48.94355783,2.28738079,18:15:00,2024-05-03
202400051232,15:30,Plein jour,78,78440,2,1,1,7.0,JEAN JAURES  (RUE),48.990543,1.908815,15:30:00,2024-12-02
202400051233,07:30,Crépuscule,77,77116,2,1,5,7.0,D215,48.755623,3.213018,07:30:00,2024-10-23
202400051234,08:55,Plein jour,78,78640,1,1,1,2.0,A86 EXT,48.7775,2.221063,08:55:00,2024-03-27
202400051235,10:42,Plein jour,16,16102,2,1,1,3.0,CORDERIE (ALLEE DE LA),45.69283,-0.32849,10:42:00,2024-01-03
202400051236,16:20,Plein jour,50,50129,2,1,1,7.0,PREVERT (AVENUE JACQUES),49.65375,-1.6752,16:20:00,2024-08-15
202400051237,10:25,Plein jour,51,51343,2,1,1,6.0,Route de Romilly,48.554995,3.713486,10:25:00,2024-07-12
202400051238,15:00,Plein jour,82,82124,1,1,1,1.0,Route de Castelsarrasin,44.023611,1.27619,15:00:00,2024-06-10
202400051239,14:45,Plein jour,93,93007,2,3,1,6.0,Avenue Henri Barbusse / Rue Danton,48.936438,2.457968,14:45:00,2024-02-15
202400051240,17:00,Plein jour,988,98818,2,1,1,3.0,RUE ARNOLD DALY,-22.27694,166.47724,17:00:00,2024-05-03
202400051241,14:45,Plein jour,971,97101,1,1,1,4.0,AMEDEE ABARRE - SALLE D'ASILE (RUE),16.2622,-61.50353,14:45:00,2024-09-21
202400051242,13:30,Plein jour,13,13208,2,1,1,5.0,LORD DUVEEN (BOULEVARD),43.27618,5.38743,13:30:00,2024-01-03
202400051243,12:45,Plein jour,66,66050,1,9,1,3.0,D1,42.75103,2.952876,12:45:00,2024-10-26
202400051244,17:40,Plein jour,92,92050,1,1,2,3.0,A86,48.90619301,2.21066594,17:40:00,2024-03-26
202400051245,15:42,Plein jour,49,49007,2,1,1,2.0,FAURE QUAI,47.47959,-0.55164,15:42:00,2024-08-16
202400051246,10:10,Plein jour,19,19151,1,1,1,5.0,rue du midi,45.09435638,1.5202688,10:10:00,2024-07-13
202400051247,18:40,Plein jour,33,33531,1,1,1,1.0,Unknown,44.825142,-0.242297,18:40:00,2024-06-10
202400051248,13:08,Plein jour,987,98735,2,1,1,2.0,PRINCE HINOI PROLONGE (AVENUE SALLE SPOR,-17.53177935,-149.55506015,13:08:00,2024-05-03
202400051249,01:35,Nuit sans éclairage,2A,2A004,2,1,1,6.0,AMIRAUTE PORT BD CHARLES BONAPARTE,41.92929,8.74023,01:35:00,2024-09-22
202400051250,19:45,,93,93005,2,3,1,6.0,Rue Paul Vaillant Couturier / Route des Petits Ponts,48.93116,2.48471,19:45:00,2024-02-15
202400051251,16:55,Crépuscule,57,57106,2,6,1,2.0,rue jeanne d'arc,49.298004,6.530814,16:55:00,2024-10-27
202400051252,20:15,,11,11262,2,1,1,3.0,26 Avenue de Toulouse,43.18213,2.99508,20:15:00,2024-01-03
202400051253,17:05,Plein jour,93,93007,1,1,1,2.0,A1,48.94925302,2.44676549,17:05:00,2024-03-27
202400051254,19:40,Plein jour,67,67448,1,1,1,7.0,Route du Donon,48.482455,7.197226,19:40:00,2024-07-12
202400051255,02:25,,76,76540,2,5,1,3.0,Boulevard de l'Yser,49.44862082,1.09963059,02:25:00,2024-10-20
202400051256,09:17,Plein jour,49,49267,2,6,1,3.0,PELLERINIERE,47.45933,-0.48507,09:17:00,2024-08-16
202400051257,21:05,Nuit sans éclairage,91,91275,2,1,1,6.0,22ter Route de Chartres,48.683668,2.148062,21:05:00,2024-10-26
202400051258,08:55,Plein jour,07,07019,2,1,1,6.0,RESERVOIRS (RUE DES),44.62245536,4.38330084,08:55:00,2024-01-03
202400051259,07:20,Crépuscule,76,76575,2,1,8,6.0,Rue des Anémones,49.39197,1.09134,07:20:00,2024-11-17
202400051260,22:30,Nuit sans éclairage,91,91689,1,1,1,1.0,RD 118,48.71461,2.32602,22:30:00,2024-09-21
202400051261,18:10,Nuit sans éclairage,974,97416,1,1,1,2.0,RN2 (1),-21.33617,55.48922,18:10:00,2024-05-03
202400051262,15:00,Plein jour,92,92046,2,2,1,6.0,GABRIEL PERI,48.81930421,2.30449426,15:00:00,2024-02-15
202400051263,18:00,Plein jour,65,65062,2,1,2,7.0,D817,43.203514,0.127861,18:00:00,2024-07-12
202400051264,23:25,,44,44109,2,6,2,3.0,Rue du Bêle,47.26652,-1.51363,23:25:00,2024-08-16
202400051265,08:45,Plein jour,73,73031,2,1,1,6.0,Rue arthur haulotte,45.5708,5.94198,08:45:00,2024-12-02
202400051266,18:15,Crépuscule,51,51079,1,3,1,3.0,Rue de Louvois,49.089003,4.127973,18:15:00,2024-10-26
202400051267,21:00,Nuit sans éclairage,94,94044,1,1,1,3.0,RN19.Y,48.73926649,2.51610276,21:00:00,2024-03-28
202400051268,21:00,,69,69266,2,1,1,2.0,20 Cours Emile Zola,45.77060474,4.86431107,21:00:00,2024-11-17
202400051269,05:15,Nuit sans éclairage,19,19057,1,1,2,6.0,La Peyrague,45.05832,1.662626,05:15:00,2024-10-26
202400051270,18:30,Plein jour,42,42218,2,2,1,6.0,Rue des Docteurs Charcot,45.42338,4.39196,18:30:00,2024-08-11
202400051271,09:50,Plein jour,92,92051,2,1,1,1.0,GENERAL KOENIG (BOULEVARD DU),48.88343914,2.25404298,09:50:00,2024-02-15
202400051272,13:05,Plein jour,75,75113,2,1,1,4.0,BD PERIPHERIQUE EXTERIEUR,48.817866,2.368227,13:05:00,2024-01-03
202400051273,14:45,Plein jour,69,69264,2,1,2,3.0,Rue Georges Mangin,45.99015,4.73799,14:45:00,2024-12-02
202400051274,18:50,Plein jour,71,71522,2,1,1,1.0,13 route du stade,46.62605,5.002,18:50:00,2024-06-11
202400051275,16:00,Plein jour,32,32054,1,1,1,5.0,"route nationale 124, PK 72+400",43.713689,0.43198,16:00:00,2024-07-12
202400051276,23:35,,974,97411,2,9,1,6.0,PETITE ILE (RUE DE LA),-20.88034,55.44402,23:35:00,2024-05-03
202400051277,07:15,,74,74169,2,1,1,6.0,1510 avenue du stade,46.072719,6.528548,07:15:00,2024-01-16
202400051278,00:01,,75,75120,2,1,1,7.0,ECHANGEUR BAGNOLET,48.86574049,2.41291076,00:01:00,2024-01-03
202400051279,14:03,Plein jour,91,91109,1,1,1,1.0,ETAMPES (ROUTE D')    RD 207,48.45766,2.16238,14:03:00,2024-09-21
202400051280,20:55,Crépuscule,92,92050,2,1,1,2.0,ILE AVENUE DU PARC DE L',48.89193,2.17744,20:55:00,2024-02-15
202400051281,16:45,Plein jour,56,56190,2,2,1,3.0,Rue des Korrigans,47.974309,-2.747451,16:45:00,2024-10-26
202400051282,20:30,Nuit sans éclairage,69,69091,2,7,2,1.0,Place Colonel Fabien,45.58912828,4.77166936,20:30:00,2024-12-02
202400051283,23:55,Nuit sans éclairage,74,74234,1,1,2,6.0,D12,45.77432855,6.31008106,23:55:00,2024-01-22
202400051284,07:35,Plein jour,974,97411,2,9,1,6.0,NOTRE DAME DE LA TRINITE (BOULEVARD),-20.89293,55.46556,07:35:00,2024-05-03
202400051285,16:40,Plein jour,49,49018,1,1,1,7.0,D141,47.549097,-0.067288,16:40:00,2024-06-10
202400051286,20:00,,92,92062,2,1,1,7.0,BOULEVARD CIRCULAIRE,48.89386391,2.2359738,20:00:00,2024-02-15
202400051287,00:25,,38,38185,2,2,2,2.0,DEPORTES DU 11 NOVEMBRE 1943 (RUE DES),45.17821,5.72759,00:25:00,2024-08-17
202400051288,14:45,Plein jour,71,71285,1,2,1,3.0,D33 - PK 11+550,46.515306,4.358769,14:45:00,2024-07-13
202400051289,14:45,Plein jour,75,75116,2,2,1,3.0,RUE SCHEFFER,48.862831,2.280999,14:45:00,2024-01-03
202400051290,23:00,,74,74305,2,1,1,6.0,BUCHILLONS (AVENUE DES),46.1988,6.266,23:00:00,2024-01-26
202400051291,07:25,,66,66136,2,1,1,6.0,Avenue Maréchal Joffre,42.70467,2.89258,07:25:00,2024-12-02
202400051292,16:20,Plein jour,56,56094,1,1,1,1.0,Lieu Dit Locguenole,47.767823,-3.27796,16:20:00,2024-10-26
202400051293,11:30,Plein jour,42,42017,1,1,1,7.0,Chemin de la Madone,45.367399,4.519682,11:30:00,2024-06-10
202400051294,06:30,Crépuscule,974,97411,2,1,1,3.0,JAURES (BOULEVARD JEAN),-20.89076,55.45503,06:30:00,2024-05-03
202400051295,06:35,,92,92026,2,1,1,6.0,PRÉSIDENT PAUL DOUMER (QUAI DU),48.8943245,2.26112679,06:35:00,2024-02-15
202400051296,18:20,Plein jour,71,71416,1,1,1,7.0,4 Chemin des Crays,46.470431,4.781038,18:20:00,2024-07-13
202400051297,23:45,,86,86194,2,1,1,1.0,8 Avenue de l'Europe,46.592497,0.342668,23:45:00,2024-09-22
202400051298,22:00,Nuit sans éclairage,34,34129,1,1,2,1.0,D116,43.56699,3.87016,22:00:00,2024-08-16
202400051299,17:00,Plein jour,63,63448,1,1,2,6.0,D999,45.47932644,3.48878853,17:00:00,2024-10-26
202400051300,15:20,Plein jour,64,64445,2,1,2,2.0,UNIVERSITE DE L',43.31154,-0.36528,15:20:00,2024-12-02
202400051301,08:30,Plein jour,34,34074,1,1,1,7.0,D20,43.448664,3.016228,08:30:00,2024-06-11
202400051302,15:30,Plein jour,92,92024,2,1,1,6.0,CLICHY (QUAI DE) DE (8 A 60),48.90825332,2.2998096,15:30:00,2024-02-14
202400051303,21:00,,75,75120,2,3,2,3.0,RUE DE BAGNOLET,48.863752,2.40767,21:00:00,2024-01-03
202400051304,01:25,Nuit sans éclairage,89,89190,1,3,2,6.0,D606,47.526917,3.795433,01:25:00,2024-07-12
202400051305,20:55,,34,34172,2,1,3,6.0,TOULOUSE (AVENUE DE,43.59527,3.86197,20:55:00,2024-08-15
202400051306,21:05,,74,74133,2,2,3,3.0,LIBERATION (RUE DE LA),46.19,6.211,21:05:00,2024-01-18
202400051307,18:25,Plein jour,83,83137,2,1,1,3.0,CARNOT (AVE LAZARE),43.12752137,5.92495197,18:25:00,2024-09-20
202400051308,15:48,Plein jour,973,97302,2,3,1,3.0,CATAYEE (JUSTIN),4.94225827,-52.33127654,15:48:00,2024-05-03
202400051309,15:30,Plein jour,22,22284,1,1,1,6.0,Pont Nezen,48.411001,-3.092737,15:30:00,2024-05-29
202400051310,19:50,,75,75117,2,4,2,6.0,BOULEVARD GOUVION SAINT CYR,48.88128,2.285691,19:50:00,2024-01-02
202400051311,11:35,Plein jour,64,64445,2,2,1,3.0,CARNOT,43.30149,-0.36921,11:35:00,2024-12-01
202400051312,11:15,Plein jour,63,63380,2,1,1,6.0,Rue Barberoux,45.589694,2.993093,11:15:00,2024-07-13
202400051313,14:09,Plein jour,92,92024,2,4,2,3.0,JEAN JAURES (BD) DE 47 A 109)   (56 A 14,48.90369718,2.30322415,14:09:00,2024-02-14
202400051314,17:30,Plein jour,74,74012,2,1,1,3.0,COURRIARD (RUE MARC),46.19127,6.23428,17:30:00,2024-01-24
202400051315,00:15,,33,33063,2,9,1,3.0,Unknown,44.8306,-0.55457,00:15:00,2024-08-17
202400051316,20:51,,64,64024,2,1,1,7.0,BAYONNE (AVENUE DE),43.48219,-1.5079,20:51:00,2024-12-01
202400051317,10:40,Plein jour,83,83129,2,6,1,6.0,FONT DE FILLOL (RC ET T),43.09782,5.82592,10:40:00,2024-09-17
202400051318,12:15,Plein jour,973,97302,2,1,3,3.0,BADUEL (ROUTE DE),4.93552714,-52.31290269,12:15:00,2024-05-03
202400051319,19:45,Crépuscule,44,44072,1,1,1,2.0,Unknown,47.447942,-2.280006,19:45:00,2024-06-07
202400051320,19:15,Plein jour,55,55365,1,1,8,7.0,le haut-paquis,49.39531,5.256422,19:15:00,2024-07-12
202400051321,10:30,Plein jour,75,75115,2,1,3,3.0,RUE DE VAUGIRARD,48.840165,2.303405,10:30:00,2024-01-03
202400051322,18:00,Nuit sans éclairage,68,68306,1,1,1,5.0,D10b,47.52410542,7.1770841,18:00:00,2024-10-27
202400051323,07:30,Nuit sans éclairage,74,74131,2,1,1,6.0,60 route du grand pont,46.0197084,5.93292207,07:30:00,2024-01-23
202400051324,09:20,Plein jour,92,92023,2,1,1,3.0,PORTE DE TRIVAUX (RUE DE) N°57 A 197 ET,48.7866095,2.2446202,09:20:00,2024-02-15
202400051325,00:35,Nuit sans éclairage,12,12107,1,1,1,6.0,Route de rodez,44.363087,2.900133,00:35:00,2024-07-12
202400051326,07:25,,59,59560,2,2,1,6.0,Rue Roger Bouvry,50.54906,3.02889,07:25:00,2024-12-02
202400051327,07:20,Plein jour,29,29160,1,1,1,6.0,Route de Lesneven,48.51480462,-4.40793435,07:20:00,2024-06-08
202400051328,15:25,Plein jour,68,68155,1,1,1,7.0,D11ii,48.098196,7.296274,15:25:00,2024-10-27
202400051329,14:50,Plein jour,74,74019,2,1,2,6.0,Route de montava,45.941646,6.132839,14:50:00,2024-01-17
202400051330,08:20,Plein jour,75,75115,2,1,2,3.0,BOULEVARD PASTEUR,48.84338724,2.31197298,08:20:00,2024-01-03
202400051331,07:45,Plein jour,973,97302,2,1,1,6.0,14 ET 22 JUIN 1962,4.93451,-52.32728,07:45:00,2024-05-03
202400051332,19:45,Plein jour,33,33522,2,2,1,7.0,Unknown,44.8029,-0.58932,19:45:00,2024-08-16
202400051333,19:42,Crépuscule,80,80021,2,1,1,3.0,Rue des Vergeaux,49.8939755,2.29735628,19:42:00,2024-09-21
202400051334,13:15,Plein jour,92,92036,2,5,8,1.0,AULAGNIER ( QUAI ),48.91978153,2.32252336,13:15:00,2024-02-14
202400051335,17:15,Plein jour,39,39441,1,1,1,7.0,Unknown,46.474325,6.02922,17:15:00,2024-10-25
202400051336,17:05,Plein jour,68,68148,2,2,1,1.0,Rue Principale,47.602434,7.33368,17:05:00,2024-07-11
202400051337,02:30,,973,97302,2,1,1,7.0,PREVOT (ERNEST),4.93260083,-52.33272099,02:30:00,2024-05-03
202400051338,05:37,,59,59350,2,2,1,3.0,Place de Strasbourg,50.63371,3.05516,05:37:00,2024-12-01
202400051339,17:42,Nuit sans éclairage,74,74137,1,1,2,1.0,D1203,45.997029,6.176355,17:42:00,2024-01-08
202400051340,18:30,,75,75108,2,2,2,6.0,AVENUE GEORGE V,48.871015,2.300867,18:30:00,2024-01-03
202400051341,19:38,Plein jour,79,79191,2,6,2,2.0,Unknown,46.33885,-0.40815,19:38:00,2024-09-21
202400051342,07:40,Plein jour,02,02744,1,2,1,5.0,D9,49.084035,3.278496,07:40:00,2024-06-11
202400051343,17:45,,92,92002,2,1,1,3.0,ARISTIDE BRIAND (AVENUE),48.7627218,2.30865383,17:45:00,2024-02-15
202400051344,06:30,,33,33167,2,2,1,3.0,Unknown,44.82781,-0.53123,06:30:00,2024-08-16
202400051345,00:35,Nuit avec éclairage,39,39478,2,1,1,6.0,28 Avenue de la Libération,46.379715,5.851277,00:35:00,2024-10-27
202400051346,11:30,Plein jour,68,68374,1,1,1,3.0,D417,48.07226715,7.25413325,11:30:00,2024-07-12
202400051347,07:50,Plein jour,972,97213,2,1,1,6.0,AUTOROUTE A1,14.61699,-61.01653,07:50:00,2024-05-03
202400051348,09:50,Plein jour,59,59155,2,1,1,6.0,REPUBLIQUE - PLACE,51.01861,2.38151,09:50:00,2024-10-30
202400051349,16:41,Plein jour,988,98818,2,1,1,6.0,RUE JEAN FRANCOIS CHERRIER,-22.25381,166.47095,16:41:00,2024-03-27
202400051350,08:20,Plein jour,03,03311,1,1,3,7.0,Chemin des Carriaux,46.130208,3.096169,08:20:00,2024-06-11
202400051351,16:10,Plein jour,75,75108,2,1,1,3.0,RUE DE LA PEPINIERE,48.875078,2.322072,16:10:00,2024-01-03
202400051352,21:06,Crépuscule,25,25240,2,1,2,7.0,Rue Principale,47.079385,6.625697,21:06:00,2024-07-12
202400051353,17:55,Plein jour,2A,2A189,1,1,1,3.0,#i mulineddi#,41.699849,8.9324,17:55:00,2024-02-16
202400051354,23:20,,57,57672,2,1,1,6.0,MARCHAL (QUAI),49.35888,6.17044,23:20:00,2024-11-29
202400051355,18:45,Plein jour,2B,2B120,1,1,1,3.0,TOUTES RUES,42.6548,9.43961,18:45:00,2024-05-03
202400051356,09:10,Plein jour,976,97611,1,1,1,1.0,passamanty-Vahibé ( route ),-12.7976,45.20119,09:10:00,2024-03-27
202400051357,03:05,Nuit sans éclairage,38,38480,1,1,2,3.0,chemin des Chevreuils,45.552666,4.986868,03:05:00,2024-10-27
202400051358,21:15,Crépuscule,44,44013,1,1,1,6.0,La Davelais,47.380853,-2.070958,21:15:00,2024-07-12
202400051359,13:45,Plein jour,03,03217,1,1,1,3.0,Cusséjat,46.341832,2.676061,13:45:00,2024-06-11
202400051360,16:50,,94,94065,2,2,2,3.0,Avenue Robert Schuman / Rue de Montlhéry,48.74620903,2.35493593,16:50:00,2024-01-03
202400051361,21:15,,51,51358,2,3,1,6.0,32 grande rue,48.748539,4.847859,21:15:00,2024-02-15
202400051362,14:51,Plein jour,56,56260,2,6,1,3.0,Rue du Général Weygand,47.66165,-2.7255,14:51:00,2024-12-02
202400051363,21:05,Plein jour,44,44087,2,1,1,6.0,83 Rue sainte croix,46.999366,-1.826319,21:05:00,2024-07-12
202400051364,22:42,,2B,2B033,2,1,3,6.0,VEZZANI - RUE CESAR,42.69039,9.44727,22:42:00,2024-05-02
202400051365,18:15,Nuit sans éclairage,974,97416,1,1,1,2.0,BADAMIER (CHEMIN),-21.32841,55.45905,18:15:00,2024-03-27
202400051366,16:20,Plein jour,70,70117,1,3,1,3.0,D619,47.645861,6.779863,16:20:00,2024-10-27
202400051367,09:40,Plein jour,03,03019,2,2,1,3.0,la Noire,46.587639,3.667765,09:40:00,2024-06-11
202400051368,15:15,Plein jour,29,29232,2,1,2,2.0,Route de Benodet,47.96730509,-4.08440095,15:15:00,2024-08-16
202400051369,07:45,Plein jour,13,13078,1,1,8,6.0,D268,43.43585,4.830079,07:45:00,2024-02-16
202400051370,20:15,,54,54257,2,1,1,6.0,Rue Léon Songeur,48.65964204,6.19955868,20:15:00,2024-12-01
202400051371,06:55,,94,94028,2,3,2,6.0,Rue Albert Einstein / Rue Leonard Euler,48.79573633,2.44877073,06:55:00,2024-01-03
202400051372,20:45,Plein jour,35,35306,1,1,1,6.0,le bois martin,48.587949,-1.915548,20:45:00,2024-07-12
202400051373,15:20,Plein jour,70,70240,2,1,1,6.0,15 Rue Marquiset,47.8550332,6.33424311,15:20:00,2024-10-27
202400051374,22:30,Nuit sans éclairage,77,77276,1,6,1,3.0,RD 360,48.91759,2.87968,22:30:00,2024-09-21
202400051375,12:35,Plein jour,29,29232,2,6,2,7.0,Chemin de Kerdistro,47.99718,-4.119511,12:35:00,2024-08-16
202400051376,02:35,Nuit sans éclairage,54,54056,1,1,1,6.0,D25,49.41712262,5.76888442,02:35:00,2024-06-09
202400051377,09:00,Plein jour,974,97416,1,1,1,3.0,CACHALOT (CHEMIN),-21.30153,55.42979,09:00:00,2024-02-27
202400051378,08:18,Plein jour,974,97405,1,1,1,3.0,Rue Maxime Payet,-21.36868,55.57494,08:18:00,2024-02-16
202400051379,09:30,Plein jour,93,93027,2,1,1,6.0,Rue de la Convention,48.92652,2.3955,09:30:00,2024-01-03
202400051380,14:50,Plein jour,38,38104,2,1,1,6.0,Chemin du Guerre,45.580275,5.584869,14:50:00,2024-07-13
202400051381,17:10,Plein jour,74,74281,2,1,1,6.0,THUYSET (AVENUE DE),46.381,6.497,17:10:00,2024-09-21
202400051382,07:50,,45,45234,2,1,2,3.0,27 Avenue de la Libération,47.920129,1.90236,07:50:00,2024-12-02
202400051383,07:15,Plein jour,971,97101,2,3,1,1.0,UNIVERSITE FOUILLOLE,16.22782645,-61.52697265,07:15:00,2024-05-03
202400051384,17:55,Plein jour,974,97411,2,1,1,7.0,JAURES (BLD 1 JEAN),-20.8904,55.46561,17:55:00,2024-03-27
202400051385,13:50,Plein jour,72,72006,2,6,2,1.0,D338,48.397026,0.088706,13:50:00,2024-06-10
202400051386,00:24,Nuit sans éclairage,14,14062,1,6,1,1.0,D404,49.303192,-0.436878,00:24:00,2024-10-27
202400051387,23:43,Nuit sans éclairage,972,97207,1,1,1,3.0,RN5 genipa,14.559898,-60.974244,23:43:00,2024-02-11
202400051388,21:10,Nuit sans éclairage,971,97113,1,1,1,7.0,Section Port Blanc,16.24747,-61.45939,21:10:00,2024-05-01
202400051389,15:40,Plein jour,29,29019,1,1,1,2.0,D112,48.415984,-4.479337,15:40:00,2024-08-16
202400051390,20:50,Plein jour,15,15179,2,3,1,6.0,RD 542,45.098647,2.389811,20:50:00,2024-07-12
202400051391,12:13,Plein jour,974,97411,2,1,1,2.0,RUISSEAU DES NOIRS (RUE),-20.89194,55.45276,12:13:00,2024-03-27
202400051392,18:00,Crépuscule,93,93001,2,3,2,3.0,Rue Léopold Réchossière / Rue Hémet,48.914575,2.390841,18:00:00,2024-01-03
202400051393,10:50,Plein jour,72,72221,1,1,1,3.0,Route de la Piraudière,47.665467,0.397718,10:50:00,2024-04-28
202400051394,21:00,Nuit sans éclairage,62,62038,1,1,1,6.0,D224,50.85918702,1.99443277,21:00:00,2024-02-15
202400051395,09:45,Plein jour,41,41269,2,1,1,2.0,BLOIS (ROUTE DE),47.77899,1.07672,09:45:00,2024-12-02
202400051396,11:50,Plein jour,74,74281,2,6,1,2.0,THUYSET (AVENUE DE),46.38069,6.49713,11:50:00,2024-09-21
202400051397,10:05,Plein jour,50,50400,1,1,1,6.0,1 Port Filiolet,49.379865,-1.363367,10:05:00,2024-06-05
202400051398,10:41,Plein jour,974,97411,1,1,1,6.0,BAMBOU (CHEMIN DE LA RUELLE),-20.90257,55.39846,10:41:00,2024-03-27
202400051399,08:20,Plein jour,89,89024,2,9,1,3.0,JEAN MERMOZ (AVENUE),47.8176,3.58501,08:20:00,2024-05-01
202400051400,13:50,Plein jour,06,06119,1,1,1,6.0,85 Rue du Garcin,44.323541,6.883471,13:50:00,2024-07-13
202400051401,16:30,Plein jour,43,43105,1,1,1,6.0,D19,45.30040125,3.49477839,16:30:00,2024-10-27
202400051402,05:40,,92,92040,2,6,2,6.0,GALLIENI (BOULEVARD),48.82775099,2.26767227,05:40:00,2024-01-03
202400051403,20:15,Crépuscule,72,72181,2,1,1,6.0,JACOBINS (PL DES),48.00826,0.20036,20:15:00,2024-09-18
202400051404,17:45,Plein jour,29,29019,2,6,1,2.0,avenue Georges Pompidou,48.413918,-4.479586,17:45:00,2024-08-12
202400051405,20:05,,38,38185,2,1,2,6.0,COURS DE LA LIBÉRATION ET DU GÉNÉRAL DE,45.1692,5.71285,20:05:00,2024-12-02
202400051406,13:35,Plein jour,88,88009,1,2,2,1.0,1484 Rue de Gérardmer,48.180803,6.937222,13:35:00,2024-02-16
202400051407,17:00,Plein jour,973,97302,1,1,1,6.0,MARINGOUINS (ROND-POINT),4.90741932,-52.32275248,17:00:00,2024-03-22
202400051408,14:21,Plein jour,87,87085,2,1,2,6.0,CARMES (PLACE DES),45.83044,1.25118,14:21:00,2024-05-02
202400051409,20:25,Plein jour,22,22187,2,1,1,6.0,ROUSSEAU (RUE),48.541129,-2.82751027,20:25:00,2024-08-16
202400051410,18:10,Plein jour,14,14200,2,3,8,1.0,La Fricanniere,49.277976,-0.546613,18:10:00,2024-07-11
202400051411,14:14,Plein jour,43,43111,1,1,2,1.0,La sauvetat,44.85146921,3.84888978,14:14:00,2024-10-27
202400051412,19:20,Nuit sans éclairage,29,29302,1,1,3,6.0,route nationale 165 PR 82+100,48.24436297,-4.10712627,19:20:00,2024-02-14
202400051413,16:40,Crépuscule,92,92040,2,1,2,3.0,FRERES VOISIN (BOULEVARD DES),48.82786017,2.27180725,16:40:00,2024-01-02
202400051414,00:05,,972,97213,1,1,2,3.0,AUTOROUTE A1,14.61811928,-61.02865664,00:05:00,2024-03-27