Num_Acc,hrmn,lum,dep,com,agg,int,atm,col,adr,lat,long,heure,date
202400051415,18:10,Plein jour,67,67482,2,4,1,3.0,DUCS (RUE DES),48.588816,7.714043,18:10:00,2024-09-21
202400051416,18:20,,38,38423,2,2,3,3.0,RUE LOUIS GAGNIÈRE,45.21503,5.68625,18:20:00,2024-12-02
202400051417,06:55,Plein jour,60,60584,2,1,1,1.0,Avenue Jules Ferry,49.216385,2.420672,06:55:00,2024-07-13
202400051418,12:15,Plein jour,60,60518,1,2,1,4.0,d 151,49.574435,2.182417,12:15:00,2024-05-09
202400051419,09:38,Plein jour,87,87085,2,2,3,3.0,CHINCHAUVAUD (RUE DU),45.84644,1.26313,09:38:00,2024-05-02
202400051420,16:20,Plein jour,22,22164,1,1,1,6.0,RD767 PR32+0000,48.595017,-3.25912,16:20:00,2024-02-16
202400051421,17:25,Plein jour,16,16231,1,1,2,4.0,Unknown,46.002551,0.894055,17:25:00,2024-10-26
202400051422,20:05,Plein jour,22,22113,1,1,1,3.0,KERMARIA SULARD (ROUTE DE),48.75354,-3.40885,20:05:00,2024-08-16
202400051423,19:39,Plein jour,64,64237,1,1,1,7.0,VALLEE HEUREUSE,43.2708,-0.36968,19:39:00,2024-09-21
202400051424,05:45,Nuit sans éclairage,36,36063,1,9,1,6.0,Unknown,46.83109,1.72145,05:45:00,2024-12-02
202400051425,23:15,,69,69034,2,1,1,2.0,38 Quai Clemenceau,45.7942,4.82758,23:15:00,2024-03-27
202400051426,17:40,Crépuscule,72,72213,2,1,1,6.0,Rue Wilbur Wright - Zone d'Activité du Cormier,47.94215,0.232623,17:40:00,2024-02-14
202400051427,20:33,,92,92036,2,2,2,3.0,GRESILLONS (QUAI DES),48.92105,2.3252,20:33:00,2024-01-03
202400051428,14:50,Plein jour,45,45127,2,1,1,6.0,66 Avenue de Lyon,48.139452,2.764077,14:50:00,2024-07-13
202400051429,16:00,Plein jour,60,60513,2,1,8,1.0,D92,49.204301,2.382231,16:00:00,2024-06-11
202400051430,11:30,Plein jour,84,84007,2,3,1,2.0,SAINT LAZARE (Boulevard),43.95327,4.81377,11:30:00,2024-05-03
202400051431,01:30,,64,64445,2,1,1,6.0,BERLIOZ,43.31385,-0.34539,01:30:00,2024-09-21
202400051432,08:05,Plein jour,62,62808,1,1,2,6.0,D94,50.445085,2.225075,08:05:00,2024-02-16
202400051433,19:35,Plein jour,43,43034,1,1,1,7.0,Unknown,45.321994,3.98594,19:35:00,2024-07-12
202400051434,17:45,Plein jour,69,69385,2,4,1,6.0,Avenue Barthélémy Buyer,45.75836,4.81305,17:45:00,2024-03-27
202400051435,18:30,,92,92036,2,1,1,6.0,VICTOR HUGO (RUE) (1),48.92127479,2.29435756,18:30:00,2024-01-03
202400051436,14:25,Plein jour,85,85156,1,1,1,1.0,D747,46.487254,-1.443393,14:25:00,2024-10-26
202400051437,23:25,,17,17306,2,3,1,7.0,Avenue de Rochefort,45.645718,-1.024438,23:25:00,2024-08-15
202400051438,17:25,,35,35238,2,1,2,6.0,ROUMANIE (DE),48.08733,-1.65361,17:25:00,2024-12-02
202400051439,18:00,Plein jour,84,84007,1,1,2,3.0,C.De GAULLE (Rocade),43.94461,4.83454,18:00:00,2024-05-02
202400051440,08:31,Plein jour,64,64122,2,1,2,6.0,MOURA (ALLEE DU),43.46000447,-1.54178851,08:31:00,2024-09-21
202400051441,15:20,Plein jour,64,64519,2,2,1,3.0,Rue d'Ayous,43.368053,-0.389408,15:20:00,2024-06-10
202400051442,00:01,,10,10002,2,1,1,6.0,Route Nationale,48.2546,4.6823,00:01:00,2024-07-13
202400051443,19:20,Nuit sans éclairage,85,85145,1,1,2,7.0,LES QUATRE MOULINS,46.724881,-0.942855,19:20:00,2024-10-25
202400051444,14:00,Plein jour,19,19023,1,1,1,7.0,le moulin du prieur,45.13182873,1.67657112,14:00:00,2024-02-15
202400051445,15:10,Plein jour,69,69389,2,1,1,6.0,17 Place Abbé Pierre,45.78635967,4.79591279,15:10:00,2024-03-27
202400051446,14:55,Plein jour,35,35238,2,1,1,6.0,VOLTAIRE (BD),48.10509,-1.69772,14:55:00,2024-12-02
202400051447,10:56,Plein jour,10,10033,2,1,1,6.0,5 Rue Louis Desprez,48.227925,4.714948,10:56:00,2024-07-12
202400051448,08:20,Plein jour,92,92026,2,3,2,6.0,MARCEAU,48.90233829,2.24303976,08:20:00,2024-01-03
202400051449,09:05,Plein jour,12,12176,2,6,1,3.0,QUATRE SAISONS (AVENUE DES ),44.37052297,2.5865069,09:05:00,2024-08-14
202400051450,07:38,Nuit sans éclairage,17,17187,1,1,5,7.0,Route de la Bergerie,45.438484,-0.518063,07:38:00,2024-10-26
202400051451,23:45,,59,59650,2,2,1,3.0,UNION (RUE DE L'),50.71425,3.17923,23:45:00,2024-09-22
202400051452,16:00,Plein jour,16,16081,2,1,1,2.0,3 Grand'Rue,45.83818,0.038379,16:00:00,2024-06-11
202400051453,12:45,Plein jour,35,35238,2,1,1,3.0,MANOIR DE SERVIGNE (DU),48.10235,-1.72541,12:45:00,2024-12-02
202400051454,14:30,Plein jour,79,79100,1,3,1,1.0,Unknown,46.334732,-0.591679,14:30:00,2024-02-15
202400051455,16:50,Plein jour,21,21415,1,1,1,1.0,D112,47.672491,4.84391,16:50:00,2024-07-12
202400051456,15:15,Plein jour,77,77390,2,1,2,6.0,AV DE LA MALIBRAN,48.7978,2.64,15:15:00,2024-05-03
202400051457,17:10,Plein jour,971,97105,1,1,1,5.0,PERES DOMINICAINS(AVENUE DES),16.00971877,-61.73975766,17:10:00,2024-03-27
202400051458,15:30,Plein jour,07,07010,2,1,8,6.0,Rue du Quebec,45.2483471,4.6794112,15:30:00,2024-06-11
202400051459,08:35,Plein jour,11,11262,2,1,1,3.0,23 Avenue de Bordeaux,43.1817,2.98845,08:35:00,2024-08-16
202400051460,09:30,Plein jour,974,97415,1,1,2,1.0,D6,-21.022582,55.27374,09:30:00,2024-01-04
202400051461,14:45,Plein jour,59,59512,2,1,1,3.0,AVELGHEM (RUE D'),50.69445,3.19606,14:45:00,2024-09-21
202400051462,20:50,Crépuscule,21,21408,1,1,7,7.0,D7,47.422306,4.973335,20:50:00,2024-07-12
202400051463,09:00,Plein jour,35,35051,1,1,1,4.0,BEAULIEU (PORTE DE),48.09923369,-1.61418289,09:00:00,2024-12-02
202400051464,18:20,Plein jour,08,08024,1,1,1,3.0,D18,49.495058,4.12219,18:20:00,2024-10-26
202400051465,14:32,Plein jour,80,80288,1,2,7,3.0,D164,49.869235,2.816877,14:32:00,2024-02-15
202400051466,11:05,Plein jour,74,74305,2,1,1,3.0,FAVRE (RUE),46.20327,6.24913,11:05:00,2024-05-03
202400051467,09:30,Plein jour,91,91161,2,1,2,2.0,AV PIERRE BROSSOLETTE,48.69974,2.31055,09:30:00,2024-03-27
202400051468,17:10,Plein jour,53,53174,1,1,1,7.0,N12,48.3092533,-0.66521002,17:10:00,2024-06-11
202400051469,13:07,Plein jour,01,01194,1,1,1,1.0,D131,45.996421,4.756458,13:07:00,2024-01-04
202400051470,07:10,Plein jour,11,11262,2,1,1,2.0,101 Avenue de Bordeaux,43.18155,2.97998,07:10:00,2024-08-16
202400051471,10:15,Plein jour,34,34337,1,1,1,7.0,RD 612,43.537583,3.823071,10:15:00,2024-10-27
202400051472,20:31,,54,54099,2,6,1,3.0,Rue de la Filature,49.242983,5.942917,20:31:00,2024-09-21
202400051473,09:45,Plein jour,35,35238,2,1,1,1.0,CHATEAUGIRON (DE),48.09774,-1.64302,09:45:00,2024-12-02
202400051474,14:00,Plein jour,85,85288,1,2,1,5.0,D949,46.477037,-1.669117,14:00:00,2024-07-12
202400051475,01:25,,973,97309,2,6,1,7.0,Route de Montjoly,4.919852,-52.279129,01:25:00,2024-10-27
202400051476,10:55,Plein jour,72,72181,2,1,8,6.0,COLLET ROBERT (RUE),47.97562,0.22051,10:55:00,2024-05-02
202400051477,18:10,Nuit sans éclairage,17,17142,2,1,2,6.0,Rue Pierre Francois Parfaix,46.189435,-1.071516,18:10:00,2024-01-03
202400051478,16:00,Plein jour,24,24217,1,3,1,3.0,RD710 / RD42,44.96227,0.887894,16:00:00,2024-06-10
202400051479,07:30,Nuit sans éclairage,89,89277,1,1,5,7.0,route departementale 49,47.676557,3.848171,07:30:00,2024-02-02
202400051480,03:31,,06,06088,2,9,1,6.0,174 Boulevard Carnot,43.68906,7.29552,03:31:00,2024-08-16
202400051481,13:10,Plein jour,51,51454,2,1,1,6.0,CHATELET (RUE DU),49.24288,4.03916,13:10:00,2024-09-21
202400051482,11:25,Plein jour,89,89024,2,2,1,3.0,11 NOVEMBRE (BOULEVARD DU) N° IMPAIRS,47.7956,3.5641,11:25:00,2024-03-22
202400051483,21:35,Crépuscule,28,28184,1,1,1,2.0,D939,48.34575,1.823983,21:35:00,2024-07-12
202400051484,19:25,,69,69244,2,1,1,3.0,13 Avenue Victor Hugo,45.77213473,4.79092583,19:25:00,2024-10-26
202400051485,17:27,Crépuscule,34,34172,2,2,2,3.0,VILLENEUVE-ANGOULEME (AVENUE DE,43.59329,3.86644,17:27:00,2024-12-02
202400051486,11:40,Plein jour,47,47114,1,1,8,6.0,D933,44.37737445,0.10533365,11:40:00,2024-01-03
202400051487,08:40,Plein jour,71,71076,2,1,2,6.0,Avenue John Fitzgerald Kennedy,46.80016,4.86144,08:40:00,2024-05-02
202400051488,14:50,Plein jour,85,85084,1,1,1,6.0,RD160,46.74887,-1.2618,14:50:00,2024-06-06
202400051489,11:18,Plein jour,37,37181,1,1,1,6.0,2 Les Jouannets,46.96832111,0.83197787,11:18:00,2024-07-11
202400051490,18:04,Plein jour,49,49007,2,1,1,6.0,MOLIERE PLACE,47.47391,-0.556,18:04:00,2024-09-21
202400051491,16:30,Plein jour,63,63187,1,2,1,6.0,RD13/Lieu Dit Bonnefond,46.216352,2.846918,16:30:00,2024-02-15
202400051492,20:18,,84,84007,2,9,2,3.0,MONCLAR (AVENUE),43.93282,4.80285,20:18:00,2024-03-26
202400051493,01:50,,75,75117,2,3,1,2.0,RUE LECHAPELAIS,48.885609,2.324966,01:50:00,2024-08-16
202400051494,20:10,,33,33260,1,1,2,3.0,Unknown,44.49926,-0.84039,20:10:00,2024-10-26
202400051495,10:30,Plein jour,88,88530,2,1,1,1.0,19 Route de Plombières,48.044048,6.407942,10:30:00,2024-06-11
202400051496,07:00,Crépuscule,34,34032,1,2,1,3.0,MAUREILHAN (ROUTE DE),43.34629,3.16628,07:00:00,2024-12-02
202400051497,12:15,Plein jour,30,30068,1,6,1,2.0,Le Pont Troué (Café),44.019577,4.102197,12:15:00,2024-04-21
202400051498,20:10,Plein jour,69,69275,2,2,1,3.0,Avenue Jean Macé,45.76402,4.95635,20:10:00,2024-05-03
202400051499,06:05,Nuit sans éclairage,62,62298,1,2,6,1.0,D943,50.23171255,3.17404175,06:05:00,2024-01-03
202400051500,09:15,Crépuscule,12,12109,1,1,5,6.0,D92,43.860643,2.942587,09:15:00,2024-02-15
202400051501,14:40,Plein jour,988,98817,1,3,1,6.0,Route de la corniche/Rue du Vallon Dore,-22.270809,166.569842,14:40:00,2024-10-27
202400051502,14:30,Plein jour,83,83153,2,6,3,6.0,MARIE FLICHE BERGIS (AV),43.07479449,5.90852613,14:30:00,2024-03-26
202400051503,14:55,Plein jour,49,49007,1,1,8,2.0,RD 323,47.46942,-0.596,14:55:00,2024-09-21
202400051504,16:30,Plein jour,978,97801,2,1,1,7.0,rd7 - Grand Case,18.098784,-63.049421,16:30:00,2024-06-10
202400051505,15:41,Plein jour,973,97307,1,1,1,2.0,N1,4.892957,-52.351377,15:41:00,2024-07-12
202400051506,12:50,Plein jour,47,47252,1,9,1,2.0,D911l,44.39969,0.610044,12:50:00,2024-02-14
202400051507,12:00,Plein jour,40,40307,1,1,1,1.0,Route de la Ville,44.332475,-0.593825,12:00:00,2024-01-04
202400051508,13:50,Plein jour,33,33063,2,1,2,3.0,Unknown,44.834215,-0.552112,13:50:00,2024-12-02
202400051509,17:30,Plein jour,69,69266,2,2,1,6.0,50 Cours Emile Zola,45.77085,4.86683,17:30:00,2024-05-03
202400051510,07:15,Plein jour,75,75115,2,2,1,3.0,RUE DE VOUILLE,48.83474,2.305194,07:15:00,2024-08-16
202400051511,15:40,Plein jour,988,98821,2,3,1,6.0,RT1,-22.13471,166.37367,15:40:00,2024-10-25
202400051512,23:30,,47,47001,2,6,1,6.0,BLUM (AV. LEON),44.21384,0.65099,23:30:00,2024-09-21
202400051513,01:45,Nuit sans éclairage,86,86293,1,1,1,2.0,N10,46.402656,0.235144,01:45:00,2024-02-16
202400051514,10:00,Plein jour,69,69266,2,1,8,6.0,12 Cours Tolstoï,45.76379,4.87097,10:00:00,2024-05-02
202400051515,08:50,Plein jour,56,56035,1,1,2,3.0,Le Gueffro,47.842226,-2.316656,08:50:00,2024-01-04
202400051516,19:30,Plein jour,13,13051,1,1,1,5.0,chemin départementale 10,43.547339,5.153845,19:30:00,2024-07-12
202400051517,18:15,Plein jour,972,97230,1,1,3,6.0,Bassignac,14.73401,-60.985413,18:15:00,2024-10-25
202400051518,16:00,Plein jour,42,42231,1,1,1,5.0,N7,46.100655,3.978724,16:00:00,2024-06-10
202400051519,00:20,Nuit sans éclairage,78,78350,2,2,1,3.0,VOISINS (RUE DE),48.8665,2.11299,00:20:00,2024-03-27
202400051520,09:15,Plein jour,33,33522,2,2,2,3.0,Unknown,44.82515,-0.58913,09:15:00,2024-12-02
202400051521,10:10,Plein jour,75,75114,2,3,1,3.0,RUE RAYMOND LOSSERAND,48.833587,2.317484,10:10:00,2024-08-16
202400051522,18:20,Crépuscule,29,29216,1,1,8,2.0,Rue de l'Aéroport,47.9601633,-4.17120204,18:20:00,2024-02-06
202400051523,10:30,Plein jour,47,47032,2,1,1,6.0,ALBERT CAMUS (avenue),44.18630674,0.6679827,10:30:00,2024-09-21
202400051524,19:20,Nuit sans éclairage,56,56042,1,1,2,1.0,Lieu Dit Toulran,47.828945,-2.814485,19:20:00,2024-01-03
202400051525,08:05,Crépuscule,33,33318,2,9,3,6.0,Unknown,44.79739,-0.64159,08:05:00,2024-12-02
202400051526,11:15,Plein jour,971,97116,2,1,1,6.0,Marieulle RN5,16.325329,-61.468506,11:15:00,2024-06-10
202400051527,12:55,Plein jour,69,69264,2,1,1,3.0,Rue Bointon,45.99643743,4.7207828,12:55:00,2024-05-03
202400051528,14:20,Plein jour,76,76217,2,2,1,3.0,CANADIENS (AVENUE DES)  RD925,49.91489,1.07494,14:20:00,2024-03-27
202400051529,17:15,Plein jour,78,78571,1,1,1,2.0,D307,48.853264,2.039428,17:15:00,2024-07-12
202400051530,04:15,Nuit sans éclairage,29,29233,1,1,1,7.0,pk 6 D62,47.86621127,-3.52363305,04:15:00,2024-10-27
202400051531,18:30,Plein jour,94,94081,2,3,1,6.0,Rue de Choisy,48.78485074,2.40026486,18:30:00,2024-08-15
202400051532,16:30,Plein jour,03,03107,1,1,1,6.0,Route de Chouvigny,46.103262,3.046989,16:30:00,2024-02-15
202400051533,14:30,Plein jour,65,65363,1,2,2,3.0,d24,43.118387,0.428102,14:30:00,2024-01-03
202400051534,07:30,Nuit sans éclairage,29,29232,2,6,2,3.0,Rond-Point de l'Eau Blanche,47.99162801,-4.07356783,07:30:00,2024-12-02
202400051535,22:20,Nuit sans éclairage,66,66211,1,1,1,6.0,D615,42.571254,2.770926,22:20:00,2024-10-26
202400051536,18:40,Plein jour,28,28007,2,1,1,2.0,35 Rue Hubert Baraine,48.849197,1.434145,18:40:00,2024-06-09
202400051537,11:55,Plein jour,73,73008,2,6,2,3.0,D991 MARLIOZ AVENUE DE,45.67634,5.90905,11:55:00,2024-03-27
202400051538,23:28,Nuit sans éclairage,33,33122,1,9,1,3.0,Unknown,44.720587,-0.743331,23:28:00,2024-06-25
202400051539,00:30,,45,45147,2,3,2,3.0,143bis Rue Marcellin Berthelot,47.92831,1.91613,00:30:00,2024-09-22
202400051540,17:23,Plein jour,67,67462,2,1,2,1.0,STRASBOURG (ROUTE DE),48.27172,7.45949,17:23:00,2024-05-02
202400051541,08:35,Plein jour,71,71170,1,1,2,6.0,D19,46.91426938,4.84075091,08:35:00,2024-01-04
202400051542,14:50,Plein jour,94,94068,2,3,8,3.0,Avenue Foch,48.79913,2.49974,14:50:00,2024-08-16
202400051543,17:15,Plein jour,28,28134,2,9,1,6.0,ITALIE (PLACE D'),48.736967,1.34832,17:15:00,2024-12-02
202400051544,12:20,Plein jour,64,64269,2,1,1,7.0,PIERRE DE BELSUNCE,43.29218,-0.3093,12:20:00,2024-05-03
202400051545,12:15,Plein jour,77,77333,1,1,1,6.0,"A6, PK 76+100, direction PARIS",48.251312,2.734995,12:15:00,2024-07-08
202400051546,10:00,Plein jour,01,01294,1,1,8,1.0,Route de Savoie,45.682446,5.684904,10:00:00,2024-02-10
202400051547,08:45,Plein jour,77,77153,1,1,1,1.0,Route d'Eve,49.069318,2.690288,08:45:00,2024-06-11
202400051548,21:30,Nuit sans éclairage,13,13049,1,1,8,1.0,D17d,43.706938,5.103369,21:30:00,2024-10-26
202400051549,17:20,Crépuscule,89,89464,1,1,8,1.0,Route de Beaudemont,48.078368,3.298446,17:20:00,2024-01-04
202400051550,03:45,Nuit sans éclairage,44,44020,1,1,2,2.0,Unknown,47.17606,-1.59742,03:45:00,2024-09-21
202400051551,18:35,Plein jour,94,94052,2,1,8,6.0,Grande Rue Charles de Gaulle,48.8384,2.49175,18:35:00,2024-08-16
202400051552,14:55,Plein jour,72,72181,2,6,2,3.0,LECOUTEUX LIONEL (PL) N° 3,48.00558,0.20168,14:55:00,2024-03-26
202400051553,14:08,Plein jour,64,64445,2,1,1,6.0,CHAMPETIER DE RIBES,43.30357,-0.37814,14:08:00,2024-05-03
202400051554,14:00,Plein jour,971,97108,1,1,1,6.0,Boulogne,15.945154,-61.223792,14:00:00,2024-07-13
202400051555,16:20,Crépuscule,28,28404,1,1,1,1.0,RN 154,48.70877619,1.36990851,16:20:00,2024-12-02
202400051556,09:10,Plein jour,88,88150,1,1,1,6.0,D79,48.337834,5.915499,09:10:00,2024-10-27
202400051557,17:30,Plein jour,58,58302,1,1,1,3.0,route départementale 1,47.214613,3.067074,17:30:00,2024-02-14
202400051558,08:13,Crépuscule,77,77183,2,1,1,6.0,D603,48.950769,3.126453,08:13:00,2024-06-10
202400051559,23:15,Nuit sans éclairage,34,34086,1,4,1,6.0,intersection D612/ D169 lieu dit Cabane,43.479763,2.680342,23:15:00,2024-01-03
202400051560,17:20,Plein jour,41,41018,2,1,1,3.0,LAIGRET (AVENUE DU DOCTEUR JEAN),47.58526,1.32443,17:20:00,2024-09-21
202400051561,21:55,,94,94054,2,9,1,1.0,Rue du Puits Dixme,48.74767,2.38847,21:55:00,2024-08-16
202400051562,14:54,Plein jour,72,72181,2,6,2,3.0,ZAMENHOF DOCTEUR (AV DU),48.01756,0.2185,14:54:00,2024-03-26
202400051563,06:00,Crépuscule,971,97129,1,1,1,1.0,Nolivier,16.293809,-61.670632,06:00:00,2024-07-13
202400051564,22:25,Nuit sans éclairage,58,58273,1,1,1,1.0,"D981 PK 6,6",46.964059,3.234143,22:25:00,2024-02-15
202400051565,07:45,Plein jour,64,64445,2,3,1,3.0,HENRI FAISANS,43.30052,-0.36032,07:45:00,2024-05-03
202400051566,10:38,Plein jour,25,25056,2,2,2,2.0,CHURCHILL BD WINSTON (inf 12),47.246395,5.997937,10:38:00,2024-12-02
202400051567,05:50,,57,57589,2,9,5,6.0,D662 PK 34+570,49.054105,7.265257,05:50:00,2024-10-27
202400051568,19:15,Plein jour,34,34289,1,3,1,2.0,D125,43.380567,3.397694,19:15:00,2024-06-10
202400051569,12:10,Plein jour,71,71486,2,1,1,6.0,Avenue Jean Jaurès,46.64419,4.35555,12:10:00,2024-03-27
202400051570,14:15,Plein jour,38,38179,2,1,1,1.0,RUE DE L'ÉTANG,45.18423,5.78106,14:15:00,2024-09-21
202400051571,20:30,,68,68068,2,6,1,3.0,pk 0 D14bv,47.63112,7.115246,20:30:00,2024-01-04
202400051572,13:40,Plein jour,94,94022,2,1,1,2.0,Avenue Victor Hugo,48.76928,2.42196,13:40:00,2024-08-16
202400051573,11:40,Plein jour,977,97701,2,1,1,1.0,RTE DE SAINT JEAN,17.902521,-62.836014,11:40:00,2024-07-12
202400051574,16:40,Plein jour,63,63300,2,1,1,6.0,LIBERTE (RUE DE LA),45.89499,3.11088,16:40:00,2024-05-03
202400051575,04:31,Nuit sans éclairage,04,04245,1,1,1,1.0,RD 4096,43.855883,5.830135,04:31:00,2024-06-11
202400051576,14:25,Plein jour,38,38565,1,2,1,2.0,1328 Route de Veurey,45.273505,5.633492,14:25:00,2024-10-27
202400051577,16:45,Plein jour,73,73079,1,3,1,5.0,D1006,45.556582,6.176376,16:45:00,2024-02-16
202400051578,17:45,Plein jour,71,71153,2,1,1,6.0,LAMINEURS (RUE DES),46.80443805,4.43719245,17:45:00,2024-03-27
202400051579,07:50,Crépuscule,44,44003,2,1,1,3.0,590 Rue Francois Rene Chateaubriand,47.378451,-1.181792,07:50:00,2024-01-03
202400051580,18:05,Plein jour,972,97230,1,1,2,1.0,Route nationale 1,14.740248,-60.951503,18:05:00,2024-07-11
202400051581,22:28,,21,21054,2,2,5,3.0,Route de Savigny,47.038268,4.840549,22:28:00,2024-11-30
202400051582,19:15,Plein jour,93,93010,2,3,1,1.0,Route de Villemomble,48.89120033,2.4906562,19:15:00,2024-08-15
202400051583,18:15,Crépuscule,38,38236,2,1,2,7.0,1240 Chemin du Billard,45.446474,5.733549,18:15:00,2024-10-26
202400051584,13:05,Plein jour,35,35238,1,1,1,4.0,RN136,48.11132,-1.7182,13:05:00,2024-09-21
202400051585,20:00,Crépuscule,13,13004,1,2,1,3.0,RN 568,43.58373195,4.76573838,20:00:00,2024-06-09
202400051586,20:20,,67,67482,2,1,1,7.0,ROMAINS (ROUTE DES),48.57800786,7.70298243,20:20:00,2024-03-26
202400051587,15:20,Plein jour,07,07097,1,1,1,7.0,D86,45.00463,4.836059,15:20:00,2024-10-27
202400051588,15:00,Plein jour,63,63300,1,6,2,2.0,RD 2009,45.89569,3.14025,15:00:00,2024-05-01
202400051589,17:10,Plein jour,37,37250,1,1,1,7.0,D21,47.19920587,0.67221585,17:10:00,2024-02-15
202400051590,07:30,,02,02361,2,2,1,3.0,Unknown,49.896397,3.628664,07:30:00,2024-01-04
202400051591,08:10,Plein jour,17,17415,1,6,2,2.0,DICONCHE,45.724402,-0.639156,08:10:00,2024-12-02
202400051592,12:25,Plein jour,08,08190,1,1,1,7.0,D949,50.131707,4.867941,12:25:00,2024-06-08
202400051593,14:15,Plein jour,93,93007,2,2,1,3.0,Avenue du Capitaine Fonck / Avenue Marcel Alizard,48.9465972,2.44614462,14:15:00,2024-08-15
202400051594,17:15,Plein jour,07,07040,2,1,1,6.0,rue du belvédère,45.036512,4.681479,17:15:00,2024-10-26
202400051595,17:15,Plein jour,35,35281,2,3,1,3.0,DODIN (AVENUE ROGER),48.08841,-1.70685,17:15:00,2024-09-20
202400051596,11:30,Plein jour,84,84050,1,1,1,7.0,D2 les imberts,43.891212,5.185955,11:30:00,2024-01-04
202400051597,16:24,Plein jour,67,67180,2,1,1,4.0,LATTRE DE TASSIGNY (BLD DE),48.8215,7.79092,16:24:00,2024-03-25
202400051598,23:45,,59,59599,2,1,1,1.0,ROITELET (RUE DU),50.74085,3.17825,23:45:00,2024-05-02
202400051599,13:25,Plein jour,973,97309,2,1,1,2.0,Route de Montjoly,4.919392,-52.278673,13:25:00,2024-02-15
202400051600,06:30,Plein jour,66,66136,1,3,1,3.0,chemin des terres rousses,42.708362,2.976587,06:30:00,2024-07-12
202400051601,08:24,Plein jour,01,01249,2,2,1,3.0,Rue Joseph Carre,45.826728,4.953026,08:24:00,2024-06-11
202400051602,09:00,Plein jour,14,14118,2,1,1,2.0,Boulevard Maréchal Juin,49.19735632,-0.39687051,09:00:00,2024-11-19
202400051603,13:15,Plein jour,92,92050,2,3,1,3.0,TRIAIRE PHILIPPE RUE,48.8812937,2.2133809,13:15:00,2024-08-16
202400051604,23:15,Nuit sans éclairage,69,69187,1,3,1,7.0,Chemin des Alouettes,45.766337,4.421219,23:15:00,2024-08-27
202400051605,20:55,Plein jour,59,59043,1,9,1,7.0,BELLEKINDSTRAETE,50.73718,2.74739,20:55:00,2024-05-03
202400051606,05:25,,973,97309,2,3,1,1.0,Route du Tigre,4.905876,-52.304851,05:25:00,2024-02-15
202400051607,17:45,Plein jour,34,34213,1,3,1,3.0,D2,43.511452,3.657042,17:45:00,2024-07-12
202400051608,10:55,Plein jour,56,56114,1,1,1,1.0,Kerdavid,47.300333,-3.1078005,10:55:00,2024-06-10
202400051609,17:15,Nuit sans éclairage,01,01389,1,1,1,5.0,D936 ,46.048753,4.870688,17:15:00,2024-01-03
202400051610,17:40,Crépuscule,14,14327,2,1,1,2.0,N 814,49.18792,-0.33089,17:40:00,2024-11-29
202400051611,02:35,,56,56121,2,1,1,6.0,Quai Charles de Rohan,47.74559,-3.36243,02:35:00,2024-05-03
202400051612,08:05,Plein jour,66,66136,2,2,2,2.0,Boulevard Félix MERCADER,42.69375,2.89037,08:05:00,2024-03-26
202400051613,09:45,Plein jour,17,17093,2,1,7,6.0,Place de la République,45.88664,-1.195187,09:45:00,2024-10-22
202400051614,19:30,Crépuscule,31,31555,1,1,8,3.0,33 B SESQUIERES  (PERIPH OUEST A620),43.62075,1.41826,19:30:00,2024-09-21
202400051615,05:45,,92,92024,2,2,1,3.0,HENRI BARBUSSE (RUE) DE (68 A 102),48.90090725,2.30805427,05:45:00,2024-08-16
202400051616,14:40,Plein jour,60,60471,1,1,3,1.0,D1032,49.568312,2.998323,14:40:00,2024-01-03
202400051617,00:20,,13,13215,2,1,1,7.0,VISTE (AVENUE DE LA),43.35662,5.35755,00:20:00,2024-12-03
202400051618,08:00,Plein jour,60,60342,1,1,1,3.0,D1016,49.31225003,2.44713163,08:00:00,2024-06-11
202400051619,17:50,Crépuscule,14,14424,1,1,1,6.0,Route de Pont-Farcy,48.888205,-0.981796,17:50:00,2024-10-27
202400051620,04:50,Nuit avec éclairage,78,78470,1,1,1,7.0,route départementale 150,48.579988,1.775603,04:50:00,2024-08-15
202400051621,21:30,Nuit sans éclairage,34,34090,2,6,1,5.0,M65,43.658884,3.935082,21:30:00,2024-07-12
202400051622,13:50,Plein jour,64,64445,2,1,1,2.0,CAMI SALIE DU,43.33243,-0.36677,13:50:00,2024-03-27
202400051623,14:50,Plein jour,54,54395,2,1,1,2.0,Rue de la Ravinelle,48.69403,6.17365,14:50:00,2024-05-03
202400051624,14:00,Plein jour,31,31555,2,3,1,6.0,RUE HENRI DESBALS,43.58246855,1.4143315,14:00:00,2024-09-21
202400051625,16:25,Plein jour,13,13004,2,9,1,1.0,AV STALINGRAD,43.6937,4.63956,16:25:00,2024-11-28
202400051626,15:51,Plein jour,69,69206,2,3,1,2.0,Avenue Léon Foillard,46.060732,4.722533,15:51:00,2024-02-15
202400051627,19:25,Plein jour,60,60439,1,1,1,2.0,D137d,49.31003132,2.32720792,19:25:00,2024-06-10
202400051628,06:46,Nuit sans éclairage,17,17065,1,2,9,3.0,D5,45.988233,-0.953579,06:46:00,2024-01-01
202400051629,15:50,Plein jour,86,86190,1,1,2,6.0,D11,46.316335,0.700664,15:50:00,2024-08-17
202400051630,01:25,Nuit sans éclairage,84,84132,1,6,1,6.0,1396 Route d'Avignon,43.924153,4.972494,01:25:00,2024-07-13