Num_Acc,hrmn,lum,dep,com,agg,int,atm,col,adr,lat,long,heure,date
202400051631,23:45,Nuit sans éclairage,47,47323,1,1,1,6.0,PECH DE DURAND,44.43931,0.74117,23:45:00,2024-05-03
202400051632,18:00,Nuit sans éclairage,11,11069,2,1,1,6.0,Unknown,43.210225,2.386263,18:00:00,2024-12-01
202400051633,19:10,Crépuscule,62,62628,2,1,1,6.0,RUE SADI CARNOT,50.43071,2.87199,19:10:00,2024-03-27
202400051634,23:40,,30,30007,2,2,1,3.0,FAUBOURG DU SOLEIL (RUE DU),44.12016,4.07884,23:40:00,2024-09-21
202400051635,19:00,Nuit sans éclairage,27,27115,1,1,1,3.0,RN12,48.769979,1.085222,19:00:00,2024-02-15
202400051636,14:00,Plein jour,73,73213,1,1,1,6.0,Autoroute A43 - Bretelle de sortie n°20 - PK 99.150,45.53605201,5.96706122,14:00:00,2024-01-03
202400051637,20:45,Nuit sans éclairage,14,14698,1,3,1,3.0,815 Route de Troarn,49.198092,-0.207437,20:45:00,2024-10-26
202400051638,00:30,Nuit sans éclairage,01,01378,1,1,1,6.0,65 Route de Lyon,45.819925,5.176417,00:30:00,2024-08-17
202400051639,00:04,,37,37261,2,1,1,7.0,VAILLANT (RUE EDOUARD),47.38702,0.69879,00:04:00,2024-05-04
202400051640,09:12,Plein jour,13,13211,1,1,1,3.0,A50-Sens Marseille vers Aubagne,43.29244,5.45356,09:12:00,2024-06-05
202400051641,12:49,Plein jour,10,10387,2,7,1,7.0,AUDIFFRED (PLACE),48.2957,4.07193,12:49:00,2024-12-02
202400051642,20:45,Nuit sans éclairage,83,83101,1,3,1,3.0,Route des Plages,43.251195,6.644473,20:45:00,2024-07-12
202400051643,16:20,Plein jour,59,59479,2,1,1,6.0,GLINEUR (RUE DU COLONEL),50.38924,3.62127,16:20:00,2024-03-08
202400051644,13:05,Plein jour,06,06149,2,1,1,6.0,Boulevard Georges Buono,43.747634,7.313987,13:05:00,2024-08-17
202400051645,07:15,Crépuscule,14,14308,1,1,1,2.0,A13,49.227337,-0.086517,07:15:00,2024-02-16
202400051646,20:26,Plein jour,37,37261,2,1,1,7.0,CHAMP JOLI (RUE DU),47.37983,0.70592,20:26:00,2024-05-03
202400051647,01:15,Nuit sans éclairage,83,83069,1,1,1,3.0,A570,43.12490732,6.09316671,01:15:00,2024-06-10
202400051648,02:20,,06,06155,2,1,1,7.0,200 Avenue de la Liberté,43.570911,7.082455,02:20:00,2024-12-02
202400051649,13:15,Plein jour,80,80337,1,1,1,7.0,Route de Remiencourt,49.814284,2.415254,13:15:00,2024-10-27
202400051650,14:00,Plein jour,83,83023,1,1,1,7.0,140Avenue des Chênes Verts,43.395529,6.143863,14:00:00,2024-07-13
202400051651,08:45,Plein jour,29,29151,2,6,1,3.0,Rue Paul Sérusier,48.58395,-3.81622,08:45:00,2024-09-20
202400051652,22:55,,59,59143,2,1,2,1.0,NATIONALE  ( ROUTE),50.67449,2.89236,22:55:00,2024-03-26
202400051653,08:55,Plein jour,79,79284,1,1,2,2.0,Unknown,46.42253944,-0.45249768,08:55:00,2024-01-04
202400051654,03:00,Nuit sans éclairage,57,57086,1,9,1,6.0,D93,48.809928,6.927566,03:00:00,2024-08-17
202400051655,08:50,Plein jour,971,97103,1,1,1,6.0,n10,16.240413,-61.587596,08:50:00,2024-02-15
202400051656,19:48,Plein jour,37,37122,2,1,1,6.0,CHINON (BOULEVARD DE),47.35475,0.69605,19:48:00,2024-05-03
202400051657,12:05,Plein jour,75,75116,2,1,1,3.0,BD PERIPHERIQUE INTERIEUR,48.825623,2.300965,12:05:00,2024-12-02
202400051658,12:10,Plein jour,13,13028,1,1,1,3.0,A50,43.1917936,5.65796611,12:10:00,2024-06-08
202400051659,13:00,Plein jour,62,62122,2,1,1,2.0,D20,50.11412569,2.93553648,13:00:00,2024-10-26
202400051660,09:00,Plein jour,13,13097,1,1,3,2.0,N568,43.56134,4.797419,09:00:00,2024-07-12
202400051661,05:15,Nuit sans éclairage,44,44104,1,1,1,6.0,Unknown,47.417293,-0.994939,05:15:00,2024-01-04
202400051662,20:15,Plein jour,58,58086,1,1,1,1.0,D995A,47.426454,2.931864,20:15:00,2024-08-16
202400051663,14:15,Plein jour,29,29019,1,6,1,2.0,D112,48.41511,-4.47976,14:15:00,2024-09-21
202400051664,16:50,Plein jour,69,69013,1,1,1,2.0,Route Départementale 306,46.031564,4.717405,16:50:00,2024-02-15
202400051665,08:20,Plein jour,75,75120,2,1,1,3.0,BD PERIPHERIQUE INTERIEUR,48.850099,2.415106,08:20:00,2024-12-02
202400051666,14:35,Plein jour,33,33527,1,1,1,6.0,Unknown,44.61511243,-0.98876212,14:35:00,2024-01-03
202400051667,18:15,Plein jour,57,57303,1,1,7,2.0,Autoroute A31,49.21612,6.17472,18:15:00,2024-06-08
202400051668,08:45,Plein jour,37,37261,2,6,1,3.0,DASSAULT (AVENUE MARCEL),47.36414,0.68448,08:45:00,2024-05-03
202400051669,15:15,Plein jour,03,03139,1,1,1,1.0,D995,45.981035,3.706899,15:15:00,2024-07-13
202400051670,12:43,Plein jour,72,72268,1,1,1,6.0,Route d'Ecommoy,47.821829,0.242976,12:43:00,2024-08-16
202400051671,16:00,Plein jour,58,58194,2,2,1,3.0,RUE CLAUDE PARENT ,47.00188,3.15591,16:00:00,2024-03-27
202400051672,13:10,Plein jour,28,28092,1,9,2,6.0,A10,48.355841,1.875674,13:10:00,2024-02-10
202400051673,12:31,Plein jour,59,59535,1,1,1,7.0,Chemin de Berthen au Mont-Noir,50.777732,2.710733,12:31:00,2024-10-27
202400051674,23:50,,75,75120,2,1,1,2.0,BD PERIPHERIQUE EXTERIEUR,48.855428,2.414051,23:50:00,2024-11-30
202400051675,13:10,Plein jour,33,33039,1,1,1,3.0,Unknown,44.79872,-0.53659,13:10:00,2024-06-10
202400051676,00:05,Nuit sans éclairage,13,13211,1,1,1,2.0,A50-Sens Marseille vers Aubagne,43.29462,5.46458,00:05:00,2024-10-24
202400051677,20:00,Nuit sans éclairage,29,29136,1,1,2,6.0,Lieu Dit Kerflatres,47.917147,-3.478632,20:00:00,2024-02-15
202400051678,22:00,,75,75119,2,1,1,2.0,BD PERIPHERIQUE EXTERIEUR,48.900606,2.373933,22:00:00,2024-11-30
202400051679,19:53,Plein jour,44,44138,1,1,1,7.0,Unknown,47.537333,-1.636716,19:53:00,2024-08-17
202400051680,00:15,Nuit sans éclairage,27,27229,2,2,3,3.0,SAINT GERMAIN (RUE),49.01953,1.1389,00:15:00,2024-09-22
202400051681,07:00,,13,13211,1,1,2,3.0,A507 sens Marseille - Aubagne,43.29156659,5.42441905,07:00:00,2024-10-24
202400051682,21:45,,35,35238,2,2,1,3.0,SAINT-MALO (RUE DE),48.12066026,-1.68176383,21:45:00,2024-05-03
202400051683,23:15,Nuit sans éclairage,59,59350,1,1,1,6.0,AUTOROUTE A25,50.6163,3.07432,23:15:00,2024-06-06
202400051684,14:05,Plein jour,77,77370,1,1,1,4.0,A6 PK 078+900,48.225387,2.763963,14:05:00,2024-01-04
202400051685,10:10,Plein jour,73,73257,1,2,3,3.0,D915,45.465552,6.526689,10:10:00,2024-07-12
202400051686,08:58,Plein jour,56,56121,2,1,1,6.0,Rue Robert Schuman,47.76615,-3.38609,08:58:00,2024-03-26
202400051687,11:50,Plein jour,30,30290,1,3,1,3.0,D901,44.2742,4.606723,11:50:00,2024-08-17
202400051688,19:39,,78,78368,1,1,1,1.0,D307,48.891605,1.88584,19:39:00,2024-02-15
202400051689,04:00,Nuit sans éclairage,988,98822,2,1,1,6.0,RT3,-20.931165,165.324224,04:00:00,2024-01-02
202400051690,04:25,Nuit sans éclairage,59,59507,1,1,1,6.0,AUTOROUTE A1,50.60802305,3.09486175,04:25:00,2024-06-08
202400051691,08:55,Plein jour,25,25462,2,3,1,3.0,SALINS DE (DU 16 AU 63),46.90815,6.34125,08:55:00,2024-09-21
202400051692,16:30,Plein jour,54,54395,2,1,1,6.0,Rue Montesquieu,48.69029221,6.18587673,16:30:00,2024-03-26
202400051693,20:50,Crépuscule,34,34301,2,3,1,3.0,IRIS (RUE DES),43.4,3.683,20:50:00,2024-05-03
202400051694,10:15,Plein jour,38,38455,2,2,1,6.0,Rue de la Grande Charrière,45.627252,5.320789,10:15:00,2024-07-09
202400051695,16:15,Plein jour,83,83065,1,1,1,3.0,Route du Bourrian,43.247704,6.579931,16:15:00,2024-02-14
202400051696,15:50,Plein jour,13,13081,1,9,1,3.0,D21,43.493398,5.216489,15:50:00,2024-01-03
202400051697,14:44,Plein jour,75,75107,2,2,1,3.0,RUE FABERT,48.859949,2.311361,14:44:00,2024-12-02
202400051698,04:00,Nuit sans éclairage,59,59564,1,1,2,6.0,AUTOROUTE A23,50.35147,3.4792,04:00:00,2024-06-01
202400051699,15:45,Plein jour,54,54395,2,1,1,6.0,Avenue Raymond Pinchard,48.70191289,6.15103483,15:45:00,2024-03-26
202400051700,18:30,Crépuscule,38,38376,2,1,3,7.0,D520c,45.432988,5.797498,18:30:00,2024-07-12
202400051701,16:45,Plein jour,83,83018,2,1,1,1.0,Chemin de Saint-quinis,43.353195,6.171007,16:45:00,2024-08-12
202400051702,00:45,,34,34172,2,1,1,2.0,RAVAZ (AVENUE DU PROFESSEUR LOUIS,43.62405,3.84309,00:45:00,2024-05-04
202400051703,07:01,Nuit avec éclairage,71,71583,1,1,1,6.0,route des allemands,46.26853347,4.78049178,07:01:00,2024-01-04
202400051704,01:15,Nuit sans éclairage,69,69029,1,1,1,5.0,Route Départementale 383   ,45.73066977,4.89907222,01:15:00,2024-10-26
202400051705,22:15,,18,18033,2,3,1,5.0,9 Avenue des Prés le Roi,47.09376,2.3924,22:15:00,2024-09-20
202400051706,16:40,Plein jour,93,93027,1,1,1,2.0,A86,48.9237306,2.38525629,16:40:00,2024-06-10
202400051707,18:35,Nuit sans éclairage,71,71360,1,2,1,3.0,D17,46.327046,4.756796,18:35:00,2024-02-15
202400051708,18:45,Crépuscule,19,19123,2,1,7,7.0,Avenue Honoré De Balzac,45.159799,1.565697,18:45:00,2024-08-15
202400051709,00:50,,75,75106,2,7,8,6.0,PLACE SAINT MICHEL,48.853756,2.344288,00:50:00,2024-12-02
202400051710,16:18,Crépuscule,88,88253,1,1,3,1.0,Route de Dogneville,48.208473,6.477299,16:18:00,2024-01-03
202400051711,18:40,Plein jour,34,34172,2,4,1,3.0,MARES (AVENUE HENRI),43.62027,3.8553,18:40:00,2024-05-03
202400051712,16:20,Plein jour,51,51172,2,1,1,2.0,ALSACE LORRAINE (BOULEVARD),49.2197,4.03965,16:20:00,2024-03-27
202400051713,13:45,Plein jour,57,57413,1,1,2,1.0,D25d,49.125876,6.655869,13:45:00,2024-02-16
202400051714,15:29,Plein jour,17,17380,1,1,8,2.0,ROYAN (DE),45.6626,-1.05984,15:29:00,2024-09-21
202400051715,08:10,Plein jour,92,92036,1,1,1,3.0,AUTOROUTE A15,48.94067835,2.29263081,08:10:00,2024-06-10
202400051716,02:58,Nuit sans éclairage,01,01043,1,1,1,3.0,A432N 6.850 A 9.125,45.85924,4.98243,02:58:00,2024-10-26
202400051717,14:45,Plein jour,69,69050,1,1,1,6.0,Route du Pont de Dorieux,45.8529,4.649682,14:45:00,2024-07-08
202400051718,17:50,Nuit sans éclairage,57,57645,2,1,3,6.0,voie Romaine,49.193989,6.143959,17:50:00,2024-01-02
202400051719,18:18,Nuit sans éclairage,84,84031,2,1,1,6.0,COUBERTIN AVENUE PIERRE DE,44.03561,5.05744,18:18:00,2024-01-29
202400051720,10:50,Plein jour,75,75120,2,3,1,3.0,BOULEVARD DAVOUT,48.85586814,2.41034478,10:50:00,2024-12-02
202400051721,17:27,Plein jour,38,38401,1,1,1,6.0,Rue du Bas Cuirieu,45.558972,5.428834,17:27:00,2024-02-15
202400051722,07:40,Plein jour,34,34172,2,1,1,6.0,PUECH VILLA (RUE DE),43.641,3.83108,07:40:00,2024-05-03
202400051723,12:50,Plein jour,91,91434,1,1,1,2.0,AUTOROUTE A6,48.668105,2.35461,12:50:00,2024-10-26
202400051724,12:50,Plein jour,51,51454,2,2,1,3.0,BELGES (BOULEVARD DES) DU 67 A FIN ET 11,49.27627,4.02678,12:50:00,2024-03-27
202400051725,01:40,,13,13103,2,1,1,6.0,BOULEVARD FOCH-MARECHAL,43.63973,5.09471,01:40:00,2024-09-21
202400051726,19:22,Nuit sans éclairage,75,75116,2,1,1,2.0,ALLEE DU BORD DE L EAU,48.87491,2.24529,19:22:00,2024-12-02
202400051727,06:13,Crépuscule,80,80168,1,1,8,1.0,D49,50.114248,2.276655,06:13:00,2024-08-17
202400051728,01:26,,31,31555,2,1,1,6.0,RUE DU LOT,43.58022,1.41082,01:26:00,2024-05-04
202400051729,10:00,Plein jour,38,38377,2,3,1,3.0,Rue du Pensionnat,45.573696,5.472227,10:00:00,2024-02-14
202400051730,10:55,Plein jour,14,14530,2,1,1,2.0,1 Route d'Hérouvillette,49.22747,-0.24524,10:55:00,2024-02-27
202400051731,11:45,Plein jour,73,73318,1,1,1,6.0,D78 A,45.237101,6.279202,11:45:00,2024-01-04
202400051732,02:50,,81,81099,2,3,1,6.0,Rue Côte du Tarn,43.899352,1.895407,02:50:00,2024-07-13
202400051733,03:53,Nuit avec éclairage,75,75113,1,1,2,6.0,A6B,48.81642874,2.35729314,03:53:00,2024-10-26
202400051734,21:15,,50,50502,2,1,1,2.0,SAINT THOMAS,49.1143095,-1.093185,21:15:00,2024-03-22
202400051735,19:00,Plein jour,09,09240,1,1,1,7.0,Chemin de Sakanie,42.843972,1.594021,19:00:00,2024-07-12
202400051736,16:35,Plein jour,85,85250,1,1,1,7.0,la marinière,46.587233,-1.692367,16:35:00,2024-02-15
202400051737,15:08,Plein jour,75,75115,2,4,1,6.0,RUE DES FRERES MORANE,48.842601,2.292295,15:08:00,2024-12-02
202400051738,16:00,Plein jour,13,13213,2,1,1,2.0,Marie Louise (Bd),43.34,5.41369,16:00:00,2024-09-21
202400051739,12:00,Plein jour,31,31555,2,1,1,6.0,AV DE LA GLOIRE,43.60676,1.47347,12:00:00,2024-05-03
202400051740,11:20,Plein jour,80,80318,2,9,2,3.0,57 Rue Roger Godard,50.014028,2.081693,11:20:00,2024-08-16
202400051741,18:15,Nuit sans éclairage,81,81093,1,1,1,3.0,A68,43.895906,2.028651,18:15:00,2024-01-03
202400051742,16:59,Plein jour,49,49267,2,1,1,3.0,MARMITIERE,47.47264,-0.49356,16:59:00,2024-03-27
202400051743,18:55,,44,44103,2,1,1,6.0,16 Rue Henri Gautier,47.30512,-2.181408,18:55:00,2024-02-15
202400051744,17:00,Crépuscule,974,97416,1,1,1,3.0,ISAUTIER (AVENUE CHARLES),-21.316,55.4516,17:00:00,2024-06-09
202400051745,23:44,,91,91661,1,1,2,2.0,AUTOROUTE A10,48.68864,2.21854,23:44:00,2024-10-25
202400051746,15:45,Plein jour,33,33319,2,4,1,6.0,Unknown,44.817053,0.077784,15:45:00,2024-07-09
202400051747,08:30,Plein jour,29,29232,2,1,1,6.0,Route de Rosporden,47.98431888,-4.04252302,08:30:00,2024-05-03
202400051748,18:15,,75,75112,2,3,1,1.0,RUE DE CHARENTON,48.836103,2.392237,18:15:00,2024-12-02
202400051749,16:15,Plein jour,12,12145,2,3,1,3.0,VERDUN (AVENUE DE),44.09496,3.0734,16:15:00,2024-09-20
202400051750,19:20,Crépuscule,44,44026,2,1,2,7.0,12 Rue Véga,47.278003,-1.468311,19:20:00,2024-02-13
202400051751,08:40,Plein jour,39,39198,1,1,2,1.0,Unknown,47.1105,5.493829,08:40:00,2024-03-27
202400051752,10:45,Plein jour,50,50643,1,1,3,5.0,D650,49.581809,-1.69919,10:45:00,2024-01-03
202400051753,18:05,Plein jour,973,97309,2,1,1,1.0,PETIT LUCAS (CITE),4.92097642,-52.30353472,18:05:00,2024-06-09
202400051754,16:55,Plein jour,83,83137,1,1,1,6.0,A50,43.12501979,5.90609579,16:55:00,2024-02-14
202400051755,12:45,Plein jour,65,65388,1,1,1,7.0,Col de Portet (Col de montagne),42.834484,0.247557,12:45:00,2024-08-16
202400051756,18:25,Plein jour,35,35300,1,3,3,3.0,Lieu Dit la Prevalaye,48.187578,-1.097076,18:25:00,2024-07-12
202400051757,11:15,Plein jour,29,29039,2,6,1,3.0,Rue de Trégunc,47.86983438,-3.906179,11:15:00,2024-05-03
202400051758,07:00,,75,75110,2,3,1,6.0,BOULEVARD DE STRASBOURG,48.87121,2.355289,07:00:00,2024-12-02
202400051759,15:27,Plein jour,37,37261,2,9,8,6.0,VAILLANT (RUE EDOUARD),47.38184,0.70646,15:27:00,2024-03-27
202400051760,06:40,,92,92036,1,1,1,2.0,RN315 W,48.93472322,2.30194713,06:40:00,2024-10-26
202400051761,16:45,Plein jour,22,22050,2,1,1,6.0,Rue Thiers,48.45468,-2.048757,16:45:00,2024-01-03
202400051762,15:30,Plein jour,06,06159,2,3,1,5.0,LEOPOLD II (AVENUE),43.7099,7.31811,15:30:00,2024-09-21
202400051763,17:30,Plein jour,63,63430,1,6,1,7.0,D906,45.87877062,3.52244049,17:30:00,2024-08-16
202400051764,19:45,Nuit sans éclairage,973,97302,2,2,1,3.0,CABASSOU (ROUTE DE),4.91924,-52.31755,19:45:00,2024-06-08
202400051765,18:24,,75,75109,2,2,1,6.0,RUE DU HAVRE,48.874181,2.32698,18:24:00,2024-12-02
202400051766,10:50,Plein jour,83,83144,1,1,1,4.0,A57,43.13737986,5.99509405,10:50:00,2024-02-14
202400051767,05:28,Crépuscule,62,62845,1,1,1,1.0,A16,50.632701,1.665088,05:28:00,2024-07-13
202400051768,17:40,Nuit avec éclairage,76,76116,2,1,3,6.0,Route de Paris,49.38913104,1.20076999,17:40:00,2024-01-04
202400051769,06:30,Crépuscule,22,22328,1,1,2,7.0,D31,48.407796,-3.348706,06:30:00,2024-08-16
202400051770,18:00,Crépuscule,35,35238,2,6,2,3.0,ALBERT 1ER (BD),48.08963,-1.68531,18:00:00,2024-03-27
202400051771,10:50,Plein jour,29,29019,2,6,1,3.0,rue Yves Collet,48.39155,-4.48046,10:50:00,2024-05-02
202400051772,00:01,Nuit sans éclairage,06,06027,2,1,1,1.0,80 Chemin de la Maure,43.6823,7.1604,00:01:00,2024-09-21
202400051773,19:16,Nuit sans éclairage,95,95604,1,1,1,6.0,A1,49.10108136,2.5505881,19:16:00,2024-10-26
202400051774,07:00,Nuit sans éclairage,69,69256,1,1,1,6.0,Route Nationale 346 ,45.79699,4.92752,07:00:00,2024-02-15
202400051775,16:50,Plein jour,69,69034,2,2,1,6.0,Rue de la Gare de Cuire,45.78634,4.83008,16:50:00,2024-06-09
202400051776,12:00,Plein jour,75,75101,2,3,1,2.0,RUE ETIENNE MARCEL,48.864389,2.346672,12:00:00,2024-12-02
202400051777,07:50,,13,13213,1,1,1,2.0,A507 sens Aubagne- Marseille,43.32917,5.41514,07:50:00,2024-01-03
202400051778,09:00,Plein jour,35,35238,2,1,2,2.0,ARMORIQUE (BD D'),48.13127,-1.67418,09:00:00,2024-03-27
202400051779,07:30,Plein jour,39,39470,2,1,7,6.0,90 Route du Noirmont,46.48564,6.061352,07:30:00,2024-08-13
202400051780,14:50,Plein jour,05,05023,1,1,1,1.0,Avenue du Col de l’Izoard,44.88532,6.65186,14:50:00,2024-09-17
202400051781,17:25,Plein jour,13,13212,1,1,1,4.0,A507 sens Marseille - Aubagne,43.30824,5.42491,17:25:00,2024-07-08
202400051782,13:40,Plein jour,93,93007,1,1,1,5.0,AUTOROUTE A3,48.92345412,2.48055469,13:40:00,2024-10-26
202400051783,09:25,Plein jour,33,33192,1,1,1,6.0,ROCADE A 630,44.788828,-0.602761,09:25:00,2024-01-03
202400051784,02:15,Nuit sans éclairage,34,34129,1,1,2,6.0,PALAVAS D986 (ROUTE DE),43.548257,3.894403,02:15:00,2024-03-27
202400051785,10:10,Plein jour,39,39560,1,1,1,7.0,Unknown,46.364773,5.858352,10:10:00,2024-08-17
202400051786,11:38,Plein jour,95,95051,2,6,1,6.0,PIERRE SEMARD (AVENUE),49.01094679,2.19648778,11:38:00,2024-06-09
202400051787,15:56,Plein jour,33,33013,1,1,1,2.0,Unknown,44.86061,-0.50409,15:56:00,2024-02-14
202400051788,16:00,Plein jour,94,94081,2,1,1,1.0,Place de l'Eglise,48.791397,2.394123,16:00:00,2024-12-01
202400051789,01:25,,25,25056,2,1,1,3.0,DROZ   AVENUE EDOUARD,47.24223,6.03122,01:25:00,2024-05-04
202400051790,09:00,Plein jour,92,92078,1,1,2,6.0,AUTOROUTE A86,48.92928253,2.32938717,09:00:00,2024-10-26
202400051791,12:35,Plein jour,01,01053,2,3,1,3.0,JOLIOT CURIE ( BOULEVARD IRENE COTE IMPA,46.2096,5.2301,12:35:00,2024-09-20
202400051792,08:35,Plein jour,34,34003,2,9,1,6.0,SAINT-LOUP (CHEMIN DU MONT),43.30475,3.48754,08:35:00,2024-03-27
202400051793,01:30,Nuit sans éclairage,13,13001,1,1,1,2.0,A51-Sens Aix en Provence vers Marseille,43.5225,5.42646,01:30:00,2024-07-12
202400051794,10:30,Plein jour,33,33249,1,1,8,3.0,Unknown,44.870029,-0.504946,10:30:00,2024-01-02
202400051795,03:20,Nuit sans éclairage,95,95572,1,1,2,6.0,A15,49.0320467,2.11283101,03:20:00,2024-10-26
202400051796,15:45,Plein jour,39,39081,1,1,7,1.0,Unknown,46.864164,5.714698,15:45:00,2024-08-17
202400051797,13:25,Plein jour,94,94068,2,1,1,6.0,Rue du Pont de Créteil,48.80462,2.47153,13:25:00,2024-12-02
202400051798,13:45,Plein jour,95,95197,1,3,1,1.0,BOURGEOIS (RUE),48.97837441,2.32764065,13:45:00,2024-06-09
202400051799,10:50,Plein jour,91,91689,1,1,1,4.0,AUTOROUTE A6,48.73056,2.31487,10:50:00,2024-02-15
202400051800,16:50,Plein jour,23,23096,2,3,8,3.0,65 BERRY (AVENUE DU),46.1803,1.8839,16:50:00,2024-05-02
202400051801,19:05,Crépuscule,33,33039,2,1,1,3.0,Unknown,44.78723,-0.53629,19:05:00,2024-03-27
202400051802,11:04,Plein jour,75,75115,2,3,1,6.0,RUE DE VAUGIRARD,48.84508033,2.32009828,11:04:00,2024-09-20
202400051803,09:00,Plein jour,13,13212,1,1,1,2.0,A507 sens Marseille - Aubagne,43.29903078,5.42499304,09:00:00,2024-07-10
202400051804,17:15,Crépuscule,91,91179,1,1,8,2.0,AUTOROUTE A6,48.56785,2.47231,17:15:00,2024-01-03
202400051805,13:00,Plein jour,95,95607,1,1,1,3.0,A115,49.016889,2.21463964,13:00:00,2024-10-25
202400051806,10:50,Plein jour,39,39017,1,2,1,3.0,Unknown,46.759855,5.555834,10:50:00,2024-08-15
202400051807,09:25,Plein jour,94,94034,2,9,1,3.0,Carrefour de la Déportation,48.760601,2.318245,09:25:00,2024-12-02
202400051808,06:30,Crépuscule,91,91521,1,1,1,2.0,RN 449,48.63578251,2.40127444,06:30:00,2024-06-09
202400051809,09:04,Plein jour,92,92036,1,1,1,2.0,A86,48.93368348,2.27544143,09:04:00,2024-02-15
202400051810,17:00,Plein jour,75,75118,2,1,1,6.0,RUE BOUCRY,48.894389,2.361137,17:00:00,2024-09-21
202400051811,06:40,,94,94071,2,1,2,6.0,Chemin Vert,48.76513,2.50271,06:40:00,2024-12-02
202400051812,18:45,Plein jour,33,33318,2,3,1,3.0,AVE DE VILLEMEJAN,44.79823,-0.60762,18:45:00,2024-03-27
202400051813,07:30,Crépuscule,93,93005,1,1,1,3.0,AUTOROUTE A3,48.96749258,2.47881329,07:30:00,2024-10-25
202400051814,10:15,Plein jour,29,29074,1,2,2,6.0,D11,48.46549139,-4.01809184,10:15:00,2024-08-16
202400051815,10:10,Plein jour,85,85194,2,6,1,3.0,Boulevard du vendée globe,46.50203,-1.75912,10:10:00,2024-06-08
202400051816,15:52,Plein jour,91,91617,1,1,2,4.0,RN 104,48.631884,2.496163,15:52:00,2024-01-03
202400051817,14:36,Plein jour,19,19031,2,1,1,3.0,DORMOY (BOULEVARD MARX),45.16776,1.54042,14:36:00,2024-05-03
202400051818,17:20,Plein jour,78,78043,1,1,1,5.0,A12 W,48.840688,2.096479,17:20:00,2024-02-14
202400051819,21:30,,75,75115,2,3,1,3.0,RUE DESNOUETTES,48.834452,2.284046,21:30:00,2024-09-21
202400051820,13:00,Plein jour,29,29025,1,1,1,7.0,Rue du Menhir,48.157893,-4.145488,13:00:00,2024-08-17
202400051821,21:20,,93,93066,2,9,1,1.0,FRANCE ANATOLE (BOULEVARD) NR 2 A 24,48.92822,2.35362,21:20:00,2024-12-02
202400051822,07:40,Plein jour,31,31069,2,2,1,6.0,PONS (BD FIRMIN),43.634373,1.398592,07:40:00,2024-03-27
202400051823,21:40,Nuit sans éclairage,77,77122,1,9,1,2.0,RN104,48.64626,2.55791,21:40:00,2024-10-26
202400051824,20:10,Nuit sans éclairage,95,95488,1,1,2,6.0,A15,49.01634499,2.14386807,20:10:00,2024-02-13
202400051825,13:40,Plein jour,91,91363,1,1,3,6.0,RN 104,48.6634,2.1889,13:40:00,2024-01-03
202400051826,11:35,Plein jour,85,85194,2,1,1,3.0,Avenue françois mitterrand,46.52563,-1.77483,11:35:00,2024-06-08
202400051827,02:20,Nuit sans éclairage,29,29220,2,6,1,6.0,Kermaria,47.88052704,-4.21828025,02:20:00,2024-08-17
202400051828,16:27,Plein jour,33,33167,1,1,1,5.0,Unknown,44.820954,-0.518038,16:27:00,2024-07-12
202400051829,18:30,Plein jour,75,75114,2,7,2,6.0,RUE DU CHATEAU,48.837451,2.318134,18:30:00,2024-09-20
202400051830,14:10,Plein jour,19,19031,2,3,1,3.0,THIERS (AVENUE),45.15756063,1.53797919,14:10:00,2024-05-03
202400051831,17:25,,93,93055,2,3,1,6.0,LAKANAL,48.89487,2.41047,17:25:00,2024-12-02
202400051832,07:00,Nuit sans éclairage,94,94044,1,1,2,6.0,N406,48.75720257,2.47547507,07:00:00,2024-10-26
202400051833,22:40,,30,30189,1,1,1,7.0,BEAUCAIRE (ROUTE),43.8343,4.4134,22:40:00,2024-03-22
202400051834,09:20,Plein jour,91,91174,1,1,1,7.0,RN 104,48.61607,2.45538,09:20:00,2024-01-03
202400051835,08:30,Plein jour,987,98735,2,1,1,2.0,DESTREMEAU (RUE ),-17.5451819,-149.5763362,08:30:00,2024-02-14
202400051836,07:40,Plein jour,33,33063,1,1,1,7.0,Unknown,44.883681,-0.556878,07:40:00,2024-07-11
202400051837,18:45,Plein jour,31,31098,2,1,1,6.0,Avenue Raymond Sommer,43.728104,1.053942,18:45:00,2024-08-10
202400051838,21:50,,84,84007,1,2,3,2.0,CHARLES DE GAULLE,43.93437,4.83177,21:50:00,2024-06-09
202400051839,06:10,,75,75113,1,1,2,6.0,A6B,48.81642874,2.35729314,06:10:00,2024-01-03
202400051840,21:30,,75,75111,2,3,1,1.0,BOULEVARD BEAUMARCHAIS,48.855864,2.368579,21:30:00,2024-09-21
202400051841,18:20,,988,98818,2,2,1,6.0,RUE DE CHARLEROI/RUE HENRI SCHMIDT,-22.27544,166.45982,18:20:00,2024-10-25
202400051842,05:35,,14,14118,2,3,2,7.0,Rue Alfred Kastler,49.199926,-0.393028,05:35:00,2024-05-02
202400051843,06:35,Plein jour,974,97416,1,1,1,6.0,MAITRE (RUE DU PERE),-21.28291,55.46431,06:35:00,2024-02-14
202400051844,16:45,Plein jour,93,93030,2,1,8,3.0,LECLERC DE HAUTECLOQUE (AVENUE DU MARECH,48.94420601,2.41752853,16:45:00,2024-12-02
202400051845,09:10,Plein jour,28,28404,2,9,1,4.0,RN 154,48.70877619,1.36990851,09:10:00,2024-03-27