Num_Acc,hrmn,lum,dep,com,agg,int,atm,col,adr,lat,long,heure,date
202400051846,22:45,Nuit sans éclairage,33,33474,1,1,1,6.0,Unknown,44.66258,-0.45929,22:45:00,2024-07-10
202400051847,17:00,Plein jour,77,77379,2,9,1,6.0,VOULZIE (AVENUE DE LA),48.54675574,3.29178309,17:00:00,2024-06-09
202400051848,23:00,Nuit sans éclairage,02,02109,2,1,2,7.0,Rue de Verdun,49.861223,3.987576,23:00:00,2024-08-16
202400051849,16:48,Plein jour,988,98818,2,1,1,2.0,RUE LEON COURSIN,-22.2757,166.44783,16:48:00,2024-10-25
202400051850,21:30,,13,13215,2,1,1,1.0,LITTORAL (CHEMIN DU),43.34075,5.34804,21:30:00,2024-05-03
202400051851,00:50,,75,75111,2,5,2,1.0,AVENUE DE LA REPUBLIQUE,48.8628591,2.3872329,00:50:00,2024-09-21
202400051852,09:59,Plein jour,27,27229,2,1,8,7.0,ORLEANS (RUE D'),49.00125,1.15331,09:59:00,2024-03-27
202400051853,21:11,Nuit avec éclairage,93,93007,2,2,1,3.0,8 MAI 45 (AVENUE DU 1 AU 182),48.9415768,2.43611097,21:11:00,2024-12-01
202400051854,16:45,Plein jour,974,97411,2,3,1,3.0,DANCING (RUELLE DU),-20.88632,55.46969,16:45:00,2024-02-12
202400051855,11:00,Plein jour,26,26376,1,1,1,6.0,RD94,44.433167,5.282578,11:00:00,2024-08-17
202400051856,17:52,Plein jour,59,59350,1,1,1,6.0,ROUTE NATIONALE 356,50.63159,3.08274,17:52:00,2024-07-11
202400051857,18:20,Plein jour,77,77464,2,1,1,3.0,RAYMOND POINCARE  (RUE   ),48.88256,2.708,18:20:00,2024-06-08
202400051858,15:00,Plein jour,26,26362,2,1,1,3.0,Rue P. E. Marcelin Berthelot,44.93121,4.89863,15:00:00,2024-02-20
202400051859,06:35,,94,94068,2,1,2,3.0,Rue André Bollier,48.80376095,2.47441915,06:35:00,2024-09-21
202400051860,01:10,Nuit sans éclairage,58,58122,1,1,1,6.0,PR 008+750,47.283443,3.073471,01:10:00,2024-08-17
202400051861,20:50,Crépuscule,11,11262,2,2,1,3.0,4 Avenue Elie Sermet,43.1872,3.0096,20:50:00,2024-03-14
202400051862,06:45,Plein jour,974,97416,2,6,1,3.0,BANK (BOULEVARD),-21.33,55.475,06:45:00,2024-10-25
202400051863,07:40,Plein jour,59,59350,1,1,1,2.0,ROUTE NATIONALE 356,50.63474308,3.0865283,07:40:00,2024-07-09
202400051864,18:05,,92,92044,2,1,1,1.0,J. GUESDE(RUE)25A57 ET 30A64,48.89390809,2.29202226,18:05:00,2024-12-02
202400051865,16:15,Plein jour,974,97407,2,1,1,4.0,COMMUNE DE PARIS (AVENUE),-20.93434,55.2914,16:15:00,2024-02-13
202400051866,10:30,Plein jour,16,16271,1,6,1,6.0,Unknown,45.6265,0.15471,10:30:00,2024-03-22
202400051867,13:24,Plein jour,77,77333,2,1,1,3.0,RUE DE PARIS,48.26724,2.69585,13:24:00,2024-06-09
202400051868,15:30,Plein jour,11,11069,2,1,1,7.0,Unknown,43.21175,2.37444,15:30:00,2024-05-03
202400051869,19:45,Crépuscule,94,94021,2,1,1,6.0,Rue de Provence,48.77237,2.359833,19:45:00,2024-09-21
202400051870,12:00,Plein jour,54,54157,2,1,1,3.0,110 Avenue du Général de Gaulle,48.839164,6.071547,12:00:00,2024-08-16
202400051871,15:33,Plein jour,973,97302,2,1,8,6.0,RABAN (ROUTE DE),4.92930608,-52.31425166,15:33:00,2024-10-25
202400051872,08:30,Plein jour,92,92024,2,1,1,7.0,PASTEUR (RUE),48.90327,2.30057,08:30:00,2024-12-02
202400051873,08:10,Plein jour,13,13103,2,1,3,1.0,ALLEE  DE LA LIBERTE,43.63939,5.09405,08:10:00,2024-03-27
202400051874,23:00,Nuit sans éclairage,14,14578,1,1,2,6.0,D579,49.339158,0.205972,23:00:00,2024-08-16
202400051875,18:40,Plein jour,92,92062,1,1,1,2.0,A14,48.89342162,2.23342752,18:40:00,2024-07-11
202400051876,17:10,,39,39554,2,1,3,6.0,39 Rue Stephen Pichon,46.815374,5.915961,17:10:00,2024-12-02
202400051877,20:35,Crépuscule,973,97302,2,3,1,1.0,BADUEL (ROUTE DE),4.92913915,-52.29654327,20:35:00,2024-02-13
202400051878,14:15,Plein jour,94,94077,2,3,1,3.0,Rue Paul Bert,48.732359,2.442178,14:15:00,2024-09-20
202400051879,14:40,Plein jour,11,11069,2,3,1,3.0,André Jean CAYATTE,43.23535,2.36625,14:40:00,2024-05-03
202400051880,02:00,,69,69386,2,2,1,3.0,184 Cours Lafayette,45.76377,4.85813,02:00:00,2024-10-26
202400051881,15:05,Plein jour,77,77070,2,2,1,3.0,SAINT - BLAISE (RUE),48.78956,3.12412,15:05:00,2024-06-09
202400051882,15:55,Plein jour,13,13204,2,1,1,3.0,FRANCOISE DUPARC (BOULEVARD),43.30067,5.40078,15:55:00,2024-03-27
202400051883,17:50,Plein jour,05,05179,1,1,8,7.0,route deMontmaur,44.561747,5.85743,17:50:00,2024-08-16
202400051884,06:10,Crépuscule,973,97302,2,1,1,6.0,MADELEINE (ROUTE DE LA),4.90938,-52.32161,06:10:00,2024-02-13
202400051885,08:10,Plein jour,83,83107,1,1,1,2.0,A8,43.46433834,6.62774231,08:10:00,2024-12-01
202400051886,08:19,Plein jour,06,06088,2,1,1,2.0,Route de Turin,43.72342,7.29018,08:19:00,2024-05-03
202400051887,03:50,,13,13203,2,1,3,1.0,LOUBON (RUE),43.31136,5.37823,03:50:00,2024-03-27
202400051888,18:45,,972,97209,2,9,1,2.0,ROND POINT DU VIET-NAM-HEROIQUE (ECHANGE,14.61213,-61.07884,18:45:00,2024-10-24
202400051889,20:27,,973,97302,2,1,1,1.0,BADUEL (ROUTE DE),4.93554,-52.31295,20:27:00,2024-02-12
202400051890,17:10,Plein jour,76,76707,1,1,1,2.0,RD 915,49.85901,1.11428,17:10:00,2024-06-07
202400051891,19:00,Crépuscule,94,94070,2,6,1,5.0,route de paris,48.71555,2.57424,19:00:00,2024-09-21
202400051892,18:20,Plein jour,92,92050,1,1,1,4.0,A14,48.90003871,2.21071229,18:20:00,2024-07-11
202400051893,22:43,,13,13204,2,1,2,1.0,SAKAKINI (BOULEVARD),43.29879,5.4009,22:43:00,2024-03-26
202400051894,11:55,Plein jour,971,97101,2,9,1,6.0,CHAUVEL,16.23855,-61.52631,11:55:00,2024-10-25
202400051895,23:20,Nuit sans éclairage,76,76114,2,1,1,6.0,PASSAS JULES (BOULEVARD),49.5674,0.47261,23:20:00,2024-06-09
202400051896,22:00,,972,97209,2,1,1,1.0,FELIX EBOUE (RUE),14.60622,-61.06702,22:00:00,2024-02-13
202400051897,14:30,Plein jour,06,06088,2,2,1,1.0,6 Rue François Pellos,43.710878,7.264762,14:30:00,2024-05-02
202400051898,07:10,Crépuscule,01,01322,1,3,9,5.0,le Pouilleux 01600,45.938523,4.853699,07:10:00,2024-11-22
202400051899,15:19,Plein jour,64,64124,1,1,1,1.0,D918,43.266277,-1.335633,15:19:00,2024-08-17
202400051900,07:04,Plein jour,10,10362,2,1,1,6.0,Rue Paul Doumer,48.2906,4.0546,07:04:00,2024-03-26
202400051901,11:00,Plein jour,971,97113,1,1,1,6.0,RN4 - SECTION RIVIERA,16.2176,-61.49372,11:00:00,2024-10-23
202400051902,18:35,Plein jour,78,78466,1,1,1,2.0,A13,48.93205,1.97666,18:35:00,2024-07-11
202400051903,19:44,,2B,2B353,1,1,1,6.0,TOUTES RUES,42.70946,9.4341,19:44:00,2024-02-14
202400051904,10:36,Plein jour,10,10063,1,1,2,2.0,D396,48.380668,4.534178,10:36:00,2024-08-17
202400051905,18:15,Plein jour,93,93006,1,1,1,6.0,A3,48.86713182,2.42654625,18:15:00,2024-07-12
202400051906,14:20,Plein jour,75,75112,2,1,1,2.0,BD PERIPHERIQUE INTERIEUR,48.82911,2.399971,14:20:00,2024-03-27
202400051907,15:15,Plein jour,06,06123,2,4,1,2.0,474 Route du Bord de Mer,43.66158,7.19406,15:15:00,2024-05-03
202400051908,13:05,Plein jour,95,95582,2,3,1,3.0,D14,48.9722229,2.25612194,13:05:00,2024-10-25
202400051909,18:34,Nuit sans éclairage,68,68300,1,1,3,5.0,D55,47.778761,7.437137,18:34:00,2024-12-02
202400051910,14:45,Plein jour,10,10126,1,1,2,6.0,D619,48.261727,4.598722,14:45:00,2024-08-17
202400051911,14:14,Plein jour,2B,2B037,1,1,1,1.0,MARANA (ROUTE),42.61611,9.47799,14:14:00,2024-02-14
202400051912,12:15,Plein jour,94,94070,1,1,1,5.0,route de PARIS,48.71715,2.5713,12:15:00,2024-09-20
202400051913,09:50,Plein jour,64,64335,2,9,2,6.0,BILAA DU,43.325,-0.414,09:50:00,2024-06-09
202400051914,09:20,Plein jour,93,93066,1,1,2,3.0,A1,48.93046874,2.36537451,09:20:00,2024-07-12
202400051915,11:05,Plein jour,75,75113,2,1,1,2.0,BD  PERIPHERIQUE INTERIEUR,48.816333,2.360385,11:05:00,2024-03-27
202400051916,14:09,Plein jour,16,16177,1,1,1,6.0,Unknown,45.527847,-0.064416,14:09:00,2024-08-17
202400051917,11:40,Plein jour,06,06109,1,1,1,6.0,9 Route de Grenoble,43.837344,7.194049,11:40:00,2024-12-03
202400051918,19:00,Plein jour,04,04112,2,2,1,3.0,CASSIN(AVENUE RENE),43.82202,5.78931,19:00:00,2024-05-03
202400051919,08:50,Plein jour,95,95323,2,2,2,3.0,ECANCOURT (BOULEVARD D'),49.01105293,2.05002218,08:50:00,2024-10-25
202400051920,01:40,,971,97120,2,9,2,6.0,NELSON MANDELA,16.24245,-61.53098,01:40:00,2024-02-14
202400051921,16:40,Plein jour,64,64102,2,1,1,2.0,ALSACE LORRAINE (BOULEVARD),43.49505291,-1.46944821,16:40:00,2024-06-08
202400051922,23:45,,93,93077,2,2,1,2.0,FRANKLIN (AVENUE) 1-57; 77-107 et 2-104,48.89520361,2.50065431,23:45:00,2024-09-20
202400051923,03:55,,95,95277,1,1,2,2.0,A3,48.97628643,2.49117851,03:55:00,2024-07-12
202400051924,21:10,,75,75118,2,1,1,6.0,BOULEVARD BARBES,48.886024,2.349542,21:10:00,2024-03-27
202400051925,10:39,Plein jour,03,03101,2,1,1,6.0,Place Bacchus,46.36068,2.53462,10:39:00,2024-05-03
202400051926,10:40,Plein jour,2A,2A004,1,1,1,6.0,T40,41.93144,8.80269,10:40:00,2024-02-14
202400051927,18:45,,91,91103,2,7,1,3.0,AV LUCIEN CLAUSE,48.607358,2.299005,18:45:00,2024-10-24
202400051928,07:30,Crépuscule,83,83049,2,3,1,3.0,Chemin des Vignes,43.227696,6.081399,07:30:00,2024-12-02
202400051929,15:30,Plein jour,75,75117,2,7,1,6.0,AVENUE DE WAGRAM,48.878441,2.298419,15:30:00,2024-02-27
202400051930,19:45,Plein jour,75,75117,2,1,2,3.0,BD PERIPHERIQUE EXTERIEUR,48.90019,2.3208,19:45:00,2024-05-02
202400051931,19:15,Plein jour,93,93055,2,5,1,3.0,JULES AUFFRET (1/49 ET 2/54),48.8892,2.41013,19:15:00,2024-09-21
202400051932,15:00,Plein jour,62,62178,2,3,1,3.0,Rue de Calais,50.48466608,2.52968609,15:00:00,2024-06-08
202400051933,15:55,Plein jour,21,21149,1,1,2,1.0,D971,47.951578,4.504244,15:55:00,2024-08-17
202400051934,08:40,Plein jour,2A,2A004,2,1,1,1.0,LENTISQUES CHEMIN DES,41.91008,8.68776,08:40:00,2024-02-14
202400051935,07:50,Plein jour,974,97409,1,1,1,3.0,RN2 DIRECTION ST BENT SORTIE PETIT BAZAR,-20.94359,55.64922,07:50:00,2024-02-16
202400051936,20:30,Nuit avec éclairage,83,83049,1,1,1,1.0,RD14,43.252693,6.090873,20:30:00,2024-12-01
202400051937,05:20,,91,91103,2,1,1,1.0,CTRE ESSAIS EN VOL,48.60041,2.31978,05:20:00,2024-10-25
202400051938,17:15,Plein jour,40,40046,2,1,1,6.0,Avenue de Guyenne,44.406585,-1.157191,17:15:00,2024-08-17
202400051939,13:35,Plein jour,93,93053,2,1,1,1.0,DIX HUIT AVRIL 1944 (RUE DU),48.88426871,2.45890796,13:35:00,2024-09-21
202400051940,14:00,Plein jour,62,62108,2,1,1,6.0,Rue Henri Elby,50.40495,1.59444,14:00:00,2024-06-09
202400051941,20:03,,75,75113,2,1,1,3.0,BOULEVARD KELLERMANN,48.820867,2.351864,20:03:00,2024-03-24
202400051942,04:45,,75,75119,2,7,1,3.0,PLACE AUGUSTE BARON,48.90067692,2.38697416,04:45:00,2024-05-03
202400051943,00:45,Nuit sans éclairage,95,95277,1,1,2,6.0,D370,48.97137474,2.46269498,00:45:00,2024-02-14
202400051944,00:50,Nuit sans éclairage,85,85192,1,1,2,7.0,RD23,46.780863,-0.96674,00:50:00,2024-08-17
202400051945,12:25,Plein jour,26,26325,2,1,1,3.0,Avenue de Lyon,45.300222,4.810928,12:25:00,2024-11-23
202400051946,18:15,Nuit sans éclairage,974,97416,1,1,1,2.0,RN1 (ROUTE NATIONALE),-21.33115,55.45622,18:15:00,2024-07-11
202400051947,16:45,Plein jour,93,93057,2,1,1,6.0,BRIAND (AV. ARISTIDE) 2 A 132,48.90748233,2.49182975,16:45:00,2024-09-20
202400051948,21:12,Plein jour,60,60414,2,1,1,3.0,Avenue Guy Moquet,49.25566,2.4326,21:12:00,2024-06-09
202400051949,09:00,Plein jour,75,75111,2,4,1,6.0,AVENUE LEDRU ROLLIN,48.854485,2.377997,09:00:00,2024-03-27
202400051950,13:05,Plein jour,75,75118,2,2,1,3.0,BOULEVARD NEY,48.8977286,2.32905114,13:05:00,2024-05-03
202400051951,11:30,Plein jour,91,91286,2,1,1,4.0,PREMIERE ARMEE (AVENUE),48.65028,2.38891,11:30:00,2024-10-25
202400051952,06:50,,95,95428,2,1,1,6.0,CHESNEAUX (RUE DES),48.97561,2.30826,06:50:00,2024-02-14
202400051953,13:40,Plein jour,75,75116,2,1,1,6.0,BOULEVARD EMILE AUGIER,48.85887,2.273395,13:40:00,2024-05-03
202400051954,13:30,Plein jour,37,37206,1,1,1,6.0,A28,47.52332266,0.6240406,13:30:00,2024-12-01
202400051955,12:30,Plein jour,37,37211,1,2,1,3.0,Les Grands Chenes a Gu,47.22017912,0.74702042,12:30:00,2024-08-16
202400051956,17:53,Plein jour,53,53034,1,1,7,2.0,VIGNES ( LIEU DIT LES ),48.069207,-0.685526,17:53:00,2024-06-08
202400051957,15:55,Plein jour,75,75111,2,3,2,3.0,RUE SAINT MAUR,48.862682,2.379645,15:55:00,2024-03-26
202400051958,15:30,Plein jour,91,91286,2,1,1,3.0,MERIDIEN (QUARTIER DU),48.65514,2.37484,15:30:00,2024-10-24
202400051959,21:53,,87,87085,2,2,1,3.0,THOMAS (AVENUE ALBERT),45.83385,1.24727,21:53:00,2024-02-13
202400051960,09:05,Plein jour,13,13044,2,6,1,3.0,D113,43.622866,5.08638,09:05:00,2024-08-17
202400051961,19:56,,92,92050,2,2,1,3.0,MARTIN HENRI AVENUE,48.89255141,2.18695566,19:56:00,2024-09-21
202400051962,13:05,Plein jour,75,75116,2,2,1,6.0,AVENUE MARCEAU,48.867465,2.299239,13:05:00,2024-05-03
202400051963,11:30,Plein jour,974,97416,1,1,1,5.0,RN1 (ROUTE NATIONALE),-21.33278,55.45891,11:30:00,2024-07-11
202400051964,14:30,Plein jour,77,77524,1,2,1,3.0,D213,48.449738,3.177468,14:30:00,2024-12-03
202400051965,23:15,,82,82121,2,1,3,6.0,avenue du 19 août 1944,44.02299316,1.36240491,23:15:00,2024-10-25
202400051966,05:45,,92,92040,2,1,2,6.0,ARISTIDE BRIAND,48.82123807,2.25574404,05:45:00,2024-09-21
202400051967,11:30,Plein jour,75,75110,2,3,1,3.0,RUE DU FAUBOURG POISSONNIERE,48.872471,2.347884,11:30:00,2024-03-27
202400051968,18:00,Plein jour,51,51454,2,2,1,3.0,SENECHAL (RUE ADRIEN),49.22294,4.01418,18:00:00,2024-06-09
202400051969,12:35,Plein jour,85,85194,2,1,1,6.0,RD949,46.51381,-1.78159,12:35:00,2024-02-14
202400051970,02:48,Nuit sans éclairage,81,81144,1,6,2,7.0,HERMET ( ROND POINT DE ),43.96456,2.18292,02:48:00,2024-10-26
202400051971,17:00,Plein jour,75,75116,2,2,1,3.0,RUE JEAN GIRAUDOUX,48.870788,2.294536,17:00:00,2024-04-30
202400051972,16:30,Plein jour,974,97407,2,1,1,6.0,VERDUN (BOULEVARD),-20.94218689,55.2924757,16:30:00,2024-07-11
202400051973,18:40,Nuit sans éclairage,32,32121,1,2,1,3.0,D634,43.556868,1.019921,18:40:00,2024-12-02
202400051974,07:15,Nuit sans éclairage,30,30011,1,1,1,7.0,R.N. 100,43.95026,4.76106,07:15:00,2024-02-14
202400051975,16:23,Plein jour,92,92036,2,1,1,6.0,CAMELINAT (BOULEVARD) (2 AU 66),48.92880188,2.29969203,16:23:00,2024-09-21
202400051976,00:17,,80,80021,2,1,1,6.0,Grande rue du Petit Saint-Jean,49.88503,2.25911,00:17:00,2024-10-26
202400051977,19:02,Plein jour,51,51108,2,2,1,3.0,MARNE (RUE DE LA),48.95591,4.35877,19:02:00,2024-06-09
202400051978,12:30,Plein jour,94,94022,2,2,1,2.0, Bretelle A86 / Avenue de Lugo,48.77332554,2.40931892,12:30:00,2024-03-26
202400051979,16:15,Plein jour,75,75116,2,7,1,3.0,AVENUE D EYLAU,48.86330417,2.28664666,16:15:00,2024-04-30
202400051980,11:30,Plein jour,06,06088,1,1,1,3.0,A8 PR 190 + 325,43.707466,7.191288,11:30:00,2024-08-17
202400051981,10:30,Plein jour,77,77449,1,1,2,3.0,RD 231,48.84385,2.77754,10:30:00,2024-02-14
202400051982,22:15,Nuit sans éclairage,61,61317,1,1,2,6.0,771 Route du Choisel,48.764666,0.333959,22:15:00,2024-12-02
202400051983,18:42,Crépuscule,94,94074,2,1,1,6.0,Rue Théodule Jourdain,48.76718,2.45179,18:42:00,2024-03-27
202400051984,21:15,,92,92004,2,1,1,6.0,ARGENTEUIL N° 176 A 388,48.9239835,2.27545179,21:15:00,2024-09-20
202400051985,19:25,,80,80021,2,1,1,3.0,DOULLENS (RUE DE),49.90529,2.30618,19:25:00,2024-10-24
202400051986,06:05,Crépuscule,973,97302,2,3,1,3.0,DAMAS (LEON GONTRAN),4.94103,-52.3336,06:05:00,2024-07-11
202400051987,16:10,Plein jour,75,75116,2,2,2,6.0,BOULEVARD EXELMANS,48.841504,2.263851,16:10:00,2024-05-02
202400051988,05:40,Crépuscule,42,42218,2,2,1,3.0,Place Anatole France,45.43049,4.39087,05:40:00,2024-06-09
202400051989,04:10,,39,39478,2,1,1,6.0,7 Route de Valfin,46.400537,5.863714,04:10:00,2024-06-30
202400051990,17:15,Plein jour,13,13065,2,1,1,3.0,d24,43.694501,4.872844,17:15:00,2024-07-30
202400051991,08:45,Plein jour,33,33243,2,1,1,6.0,Unknown,44.918681,-0.24256,08:45:00,2024-09-20
202400051992,09:10,Plein jour,76,76231,2,3,1,6.0,Rue Jean de la Fontaine,49.29097,1.01435,09:10:00,2024-02-14
202400051993,11:25,Plein jour,94,94041,2,3,1,6.0,Avenue Maurice Thorez / Rue Pierre et Marie Curie,48.815963,2.377042,11:25:00,2024-03-27
202400051994,23:20,,69,69387,2,2,3,3.0,Rue Tourville,45.7484,4.85163,23:20:00,2024-07-12
202400051995,06:15,Plein jour,35,35238,1,1,1,6.0,PORTE DE LORIENT,48.10854,-1.71711,06:15:00,2024-06-09
202400051996,07:32,Plein jour,75,75114,2,3,1,3.0,BOULEVARD BRUNE,48.824656,2.319571,07:32:00,2024-05-03
202400051997,17:55,Crépuscule,68,68166,2,7,1,6.0,Rue du Dahlia,47.79374,7.3231,17:55:00,2024-02-14
202400051998,11:25,Plein jour,14,14016,1,1,8,2.0,A13,49.249543,0.064116,11:25:00,2024-08-16
202400051999,07:55,Crépuscule,44,44120,2,2,1,1.0,Rue de la Jouardais,47.192503,-1.764408,07:55:00,2024-12-03
202400052000,10:45,Plein jour,93,93072,2,2,1,6.0,Avenue Marcel Cachin / Rue Robert Tissier,48.9586,2.38223,10:45:00,2024-03-27
202400052001,17:00,Plein jour,79,79081,2,1,1,2.0,Unknown,46.33891,-0.41157,17:00:00,2024-10-24
202400052002,09:55,Plein jour,35,35281,1,1,1,6.0,MIVOIE (ROUTE DE),48.06764,-1.70929,09:55:00,2024-06-09
202400052003,12:45,Plein jour,75,75105,2,3,1,3.0,BOULEVARD DE PORT ROYAL,48.837704,2.345492,12:45:00,2024-05-03
202400052004,08:30,Plein jour,66,66136,2,1,1,2.0,GUILLAUD (AVENUE GENERAL),42.69047,2.89393,08:30:00,2024-02-14
202400052005,15:18,Plein jour,69,69388,2,2,2,3.0,Rue Emile Combes,45.73274509,4.86537799,15:18:00,2024-07-11
202400052006,14:30,Plein jour,34,34274,1,2,1,3.0,D986,43.799977,3.738482,14:30:00,2024-09-21
202400052007,18:10,Plein jour,93,93066,2,1,1,6.0,Avenue du Franc Moisin,48.92726158,2.37208128,18:10:00,2024-03-27
202400052008,07:50,Nuit sans éclairage,14,14575,2,1,2,1.0,2620 Route de Beaumont à Roncheville,49.297276,0.130087,07:50:00,2024-12-03
202400052009,17:40,Plein jour,79,79191,2,1,1,2.0,Unknown,46.338753,-0.412098,17:40:00,2024-10-24
202400052010,18:30,Plein jour,11,11014,1,1,1,3.0,D168,43.176015,3.107897,18:30:00,2024-08-16
202400052011,18:40,Plein jour,34,34172,2,1,1,1.0,TRISTAN (QUAI FLORA),43.59729,3.84133,18:40:00,2024-06-09
202400052012,17:25,Plein jour,75,75112,2,3,1,6.0,RUE CLAUDE DECAEN,48.836722,2.398453,17:25:00,2024-05-03
202400052013,08:25,Plein jour,65,65286,2,1,2,6.0,3 Avenue Alexandre Marqui,43.10103,-0.04455,08:25:00,2024-02-09
202400052014,07:45,Crépuscule,93,93051,2,1,1,6.0,Boulevard Blaise Pascal,48.83803,2.58357,07:45:00,2024-03-27
202400052015,15:30,Plein jour,69,69080,2,1,1,6.0,Route de Préjeurin,45.556755,4.718864,15:30:00,2024-08-16
202400052016,10:10,Plein jour,69,69383,2,1,1,3.0,Rue Docteur Bouchut,45.75959,4.85564,10:10:00,2024-07-11
202400052017,10:10,Plein jour,73,73085,2,3,1,7.0,D991 Route d'aix,45.798039,5.85905,10:10:00,2024-09-22
202400052018,17:10,Crépuscule,14,14191,2,3,1,6.0,32 Rue du Val Pican,49.328838,-0.447376,17:10:00,2024-12-03
202400052019,03:30,Nuit avec éclairage,33,33318,2,3,1,6.0,Unknown,44.79947,-0.66455,03:30:00,2024-06-09
202400052020,15:08,Plein jour,75,75108,2,2,8,6.0,BOULEVARD HAUSSMANN,48.874655,2.320033,15:08:00,2024-05-03
202400052021,16:30,Plein jour,77,77495,2,9,1,3.0,D306,48.55974,2.6355,16:30:00,2024-10-24
202400052022,17:35,Nuit sans éclairage,50,50273,1,1,1,6.0,rte départementale 24,49.316185,-1.425025,17:35:00,2024-12-03
202400052023,22:10,,59,59155,2,2,2,4.0,FURNES - ROUTE,51.034933,2.406314,22:10:00,2024-02-14
202400052024,16:40,Plein jour,69,69383,2,3,1,3.0,Cours Gambetta,45.75110057,4.85525651,16:40:00,2024-07-10
202400052025,18:00,Plein jour,93,93050,2,1,1,5.0,Avenue Jean Jaures,48.86521,2.55906,18:00:00,2024-03-27
202400052026,08:25,Plein jour,971,97118,1,1,1,2.0,N1,16.178398,-61.595278,08:25:00,2024-08-14
202400052027,09:25,Plein jour,30,30028,2,1,1,7.0,ROUTE DE PONT SAINT ESPRIT,44.1798,4.6194,09:25:00,2024-06-09
202400052028,14:50,Plein jour,75,75104,2,2,1,6.0,RUE DE RIVOLI,48.857893,2.350209,14:50:00,2024-05-03
202400052029,11:30,Plein jour,974,97401,2,1,1,1.0,229 Route du Tévelave,-21.216741,55.35021,11:30:00,2024-09-21
202400052030,13:00,Plein jour,77,77058,2,1,1,1.0,D406,48.83666,2.73369,13:00:00,2024-10-25
202400052031,19:20,Plein jour,29,29232,1,1,1,7.0,Route de Rosporden,47.98142,-4.03156,19:20:00,2024-06-09
202400052032,11:45,Plein jour,66,66017,2,6,1,3.0,avenue de la retirada,42.811602,3.037752,11:45:00,2024-08-16
202400052033,13:32,Plein jour,2B,2B033,2,9,1,2.0,11 - RT,42.70089,9.45215,13:32:00,2024-07-10
202400052034,13:19,Plein jour,56,56121,2,2,1,3.0,LE COUTALLER ( RUE JEAN ),47.74891,-3.37308,13:19:00,2024-02-13
202400052035,18:10,Plein jour,94,94080,2,2,1,3.0,Rue des 3 territoires / Boulevard de la Libération,48.8517565,2.44450402,18:10:00,2024-05-03
202400052036,16:45,Crépuscule,27,27112,1,1,1,2.0,La Cornière - Cintray,48.811442,0.87528,16:45:00,2024-12-02
202400052037,13:20,Plein jour,93,93014,2,3,1,2.0,Avenue Jean Moulin / Boulevard Emile Zola,48.906657,2.557215,13:20:00,2024-03-27
202400052038,05:30,Crépuscule,972,97222,1,1,1,6.0,Four à Chaux,14.6556,-60.934231,05:30:00,2024-09-21
202400052039,04:40,Nuit sans éclairage,76,76157,2,1,1,6.0,Route de Duclair,49.44473418,1.01430809,04:40:00,2024-10-25
202400052040,03:15,Nuit avec éclairage,22,22278,2,3,1,3.0,GAMBETTA (BD),48.51861,-2.75685,03:15:00,2024-06-09
202400052041,07:40,Plein jour,2A,2A004,2,1,1,3.0,40 Avenue du Docteur Noel Franchini,41.94296,8.75706,07:40:00,2024-07-11
202400052042,19:50,Plein jour,23,23106,1,1,2,3.0,D917,46.221266,2.411563,19:50:00,2024-12-02
202400052043,01:15,Nuit sans éclairage,26,26058,1,1,1,2.0,A7,44.9440605,4.89043474,01:15:00,2024-08-17
202400052044,18:30,Plein jour,38,38368,1,1,1,7.0,Route de Charavines,45.391052,5.512712,18:30:00,2024-09-21
202400052045,17:00,Plein jour,94,94052,2,2,1,4.0,Rue Jacques Kablé / Boulevard Albert 1er,48.83559,2.49343,17:00:00,2024-05-03
202400052046,14:20,Plein jour,93,93073,2,1,1,6.0,Route des Petits Ponts,48.96480101,2.56709167,14:20:00,2024-03-27
202400052047,09:15,Plein jour,54,54482,2,1,1,6.0,Rue d'Essey,48.70477,6.21358,09:15:00,2024-02-13
202400052048,20:25,Plein jour,19,19031,2,2,1,1.0,AUBRAC (RUE LUCIE),45.17179,1.51346,20:25:00,2024-06-09
202400052049,08:40,Plein jour,87,87090,1,1,2,6.0,D912,46.313477,1.30431,08:40:00,2024-12-02
202400052050,17:18,Plein jour,76,76351,2,2,1,3.0,BOIS AU COQ (AVENUE),49.51113,0.12864,17:18:00,2024-10-24
202400052051,23:15,Nuit sans éclairage,71,71526,1,1,1,7.0,D54,46.297222,4.728928,23:15:00,2024-08-16
202400052052,16:15,Plein jour,95,95585,2,1,1,6.0,JEAN-BAPTISTE LULLY (ALLEE),48.97431817,2.36751169,16:15:00,2024-07-11
202400052053,23:40,,92,92075,2,1,1,6.0,JEAN BLEUZEN (RUE),48.82302828,2.29581874,23:40:00,2024-03-26
202400052054,05:50,Nuit sans éclairage,62,62647,2,1,1,6.0,D94,50.39347082,2.09644799,05:50:00,2024-09-22
202400052055,21:20,,51,51454,2,3,2,3.0,FABIEN (RUE DU COLONNEL),49.24915,4.01664,21:20:00,2024-02-13
202400052056,13:00,Plein jour,73,73114,1,1,1,1.0,D909 - Route des Aravis,45.826541,6.509947,13:00:00,2024-08-16
202400052057,17:15,,06,06084,2,6,1,3.0,D409 PR 6 + 842,43.613242,6.969219,17:15:00,2024-12-02
202400052058,18:15,Plein jour,92,92040,2,1,1,6.0,STALINGRAD (QUAI DE),48.82581597,2.25880864,18:15:00,2024-03-27