Num_Acc,hrmn,lum,dep,com,agg,int,atm,col,adr,lat,long,heure,date
202400052059,14:30,Plein jour,76,76351,2,4,1,7.0,AMERIGO VESPUCCI ( RUE ),49.48469,0.14515,14:30:00,2024-10-24
202400052060,16:15,Plein jour,94,94016,2,3,1,3.0,Rue Gabriel Péri / Rue du Colonel Fabien,48.797799,2.343259,16:15:00,2024-05-03
202400052061,18:56,Plein jour,91,91021,2,1,1,6.0,RUE DU DOCTEUR CHARCOT,48.58439,2.2488,18:56:00,2024-07-11
202400052062,00:25,Nuit sans éclairage,18,18279,2,1,1,1.0,21 Avenue Henri Brisson,47.227488,2.061279,00:25:00,2024-06-09
202400052063,18:30,Plein jour,83,83031,1,1,1,3.0,Chemin de Chante - Coucou,43.38332,6.345119,18:30:00,2024-09-19
202400052064,17:35,Plein jour,49,49007,2,1,1,3.0,PASTEUR,47.4813,-0.52395,17:35:00,2024-02-13
202400052065,14:00,Plein jour,72,72181,2,1,2,6.0,LEFAUCHEUX PIERRE (BD),47.96581,0.17642,14:00:00,2024-10-25
202400052066,02:50,,92,92004,2,1,1,6.0,DIX HUIT JUIN 40 ( RUE DU ),48.93094279,2.2768836,02:50:00,2024-03-27
202400052067,16:42,Plein jour,38,38068,1,3,1,1.0,D64,45.115066,5.730387,16:42:00,2024-08-16
202400052068,22:50,,17,17300,1,9,1,2.0,08 PK RN237 MOULIN JUSTICE RE,46.17565,-1.21334,22:50:00,2024-06-09
202400052069,12:08,Plein jour,91,91198,1,3,7,3.0,D145,48.468781,2.330561,12:08:00,2024-12-02
202400052070,00:20,Nuit sans éclairage,07,07142,1,1,2,6.0,la ribeyre,44.75272725,3.88012648,00:20:00,2024-08-16
202400052071,20:10,Plein jour,91,91286,2,2,1,3.0,HENRI ROL TANGUY,48.653,2.387,20:10:00,2024-07-11
202400052072,22:40,,72,72181,2,1,1,6.0,CORDELET LOUIS ( AV),48.01227,0.18836,22:40:00,2024-10-24
202400052073,15:15,Plein jour,56,56219,1,1,1,2.0,La Ville Mango,47.773829,-2.4704,15:15:00,2024-09-22
202400052074,09:10,Plein jour,69,69279,2,1,1,1.0,Avenue Docteur Schweitzer,45.77110444,5.03233629,09:10:00,2024-03-28
202400052075,08:20,Plein jour,67,67117,1,1,8,7.0,A4 PK 433.400,48.771335,7.31341,08:20:00,2024-12-03
202400052076,00:10,,13,13207,2,9,1,3.0,Corniche John Fitzgérald Kennedy,43.27545441,5.35960983,00:10:00,2024-06-09
202400052077,12:30,Plein jour,01,01049,2,1,1,6.0,1465 Route Nationale,45.84326,5.029238,12:30:00,2024-08-16
202400052078,12:05,Plein jour,47,47001,2,9,1,1.0,LIBERTE (BOULEVARD DE LA),44.1984,0.62086,12:05:00,2024-02-14
202400052079,17:15,Plein jour,72,72181,2,1,1,6.0,PADERBORN (AV) N° IMP 5 ET plus,48.01032,0.20183,17:15:00,2024-10-23
202400052080,22:53,,88,88424,2,6,1,6.0,Rond Point Ernest Charlier,48.27472,6.9657,22:53:00,2024-07-11
202400052081,14:15,Plein jour,56,56126,1,9,1,3.0,Domaine de Bodiston,47.577857,-2.381523,14:15:00,2024-09-20
202400052082,20:55,Nuit sans éclairage,974,97404,2,1,1,2.0,D17e,-21.262111,55.354362,20:55:00,2024-03-27
202400052083,09:40,Plein jour,41,41018,2,1,5,2.0,RD 956,47.59385,1.3541,09:40:00,2024-02-13
202400052084,05:00,Nuit sans éclairage,13,13004,1,1,1,7.0,RTE N570 AVIGNON STES MARIES,43.69632,4.64574,05:00:00,2024-06-09
202400052085,23:00,Nuit sans éclairage,09,09316,1,2,2,1.0,D625,43.016337,1.890603,23:00:00,2024-08-14
202400052086,13:20,Plein jour,13,13114,1,1,6,2.0,A8 Pk 010+000,43.539278,5.344334,13:20:00,2024-12-03
202400052087,13:00,Plein jour,69,69012,1,1,3,3.0,296 Route de Chenelette,46.17039643,4.55196552,13:00:00,2024-09-22
202400052088,21:55,,88,88413,2,1,1,3.0,THIERS (RUE),48.28777,6.94976,21:55:00,2024-07-11
202400052089,20:15,Plein jour,06,06088,2,9,1,6.0,23 Rue Guiglionda de Sainte-Agathe,43.737335,7.297397,20:15:00,2024-06-09
202400052090,07:00,Plein jour,972,97206,1,3,1,6.0,Route départementale 7,14.481691,-61.004358,07:00:00,2024-03-28
202400052091,19:30,,37,37261,2,3,1,3.0,BERANGER (BOULEVARD),47.38911,0.67923,19:30:00,2024-02-14
202400052092,18:30,Plein jour,17,17337,2,1,1,6.0,279 rue nationale,45.970417,-1.34954,18:30:00,2024-08-16
202400052093,15:45,Plein jour,72,72181,2,1,1,6.0,WASHINGTON GEORGES (PL),47.99585,0.20313,15:45:00,2024-10-23
202400052094,14:00,Plein jour,87,87048,2,1,1,7.0,CORNEILLE (RUE),45.8002,1.24218,14:00:00,2024-07-11
202400052095,21:50,Nuit sans éclairage,89,89137,2,1,1,7.0,Rue de Molosmes,47.891956,3.963924,21:50:00,2024-09-21
202400052096,16:30,Plein jour,78,78349,1,1,8,1.0,A10 direction Paris PK 017.150,48.581189,2.014814,16:30:00,2024-12-03
202400052097,15:00,Plein jour,49,49023,1,1,1,7.0,D201,47.229565,-0.996752,15:00:00,2024-08-16
202400052098,19:55,,59,59252,2,1,1,7.0,Rue d?Armentieres,50.70625,2.927594,19:55:00,2024-03-27
202400052099,23:35,Nuit avec éclairage,04,04070,2,1,1,6.0,CHAMPTERCIER (RTE DE),44.08132,6.17641,23:35:00,2024-06-08
202400052100,22:10,,33,33063,2,1,1,6.0,Unknown,44.8528024,-0.59314638,22:10:00,2024-02-14
202400052101,07:21,Nuit sans éclairage,63,63453,2,1,1,6.0,14 Avenue de la Gare,45.77219,3.290251,07:21:00,2024-09-22
202400052102,08:05,Plein jour,86,86194,2,1,8,6.0,Rue Jean Jaures,46.580461,0.346235,08:05:00,2024-07-11
202400052103,18:00,Nuit sans éclairage,66,66230,1,1,1,6.0,RD 66,42.647352,2.524989,18:00:00,2024-12-03
202400052104,05:40,Crépuscule,69,69259,2,2,1,3.0,Avenue Francis de Pressensé,45.72675035,4.86246304,05:40:00,2024-10-24
202400052105,17:15,Plein jour,01,01283,2,9,1,6.0,LOTI (PIERRE),46.264215,5.644262,17:15:00,2024-06-07
202400052106,17:00,Plein jour,29,29057,1,1,2,1.0,rue Neuve,47.91700319,-3.97045224,17:00:00,2024-08-16
202400052107,16:20,Plein jour,61,61476,1,1,1,3.0,D931,48.366656,0.39083,16:20:00,2024-09-20
202400052108,20:20,,33,33192,2,6,1,6.0,Unknown,44.775789,-0.642997,20:20:00,2024-02-14
202400052109,17:50,,83,83119,2,6,1,7.0,Route des Salins,43.265925,6.653252,17:50:00,2024-12-02
202400052110,06:00,Plein jour,84,84080,2,9,1,3.0,VELLERON ROUTE DE,44.02114,5.00493,06:00:00,2024-07-08
202400052111,08:50,Plein jour,34,34270,2,3,1,4.0,route de montpellier D613,43.581192,3.83954,08:50:00,2024-03-28
202400052112,13:45,Plein jour,67,67482,2,1,1,6.0,SCHUTZENBERGER (AVENUE),48.595196,7.758347,13:45:00,2024-10-23
202400052113,14:30,Plein jour,22,22068,1,1,1,6.0,D76,48.266848,-2.784755,14:30:00,2024-08-17
202400052114,16:10,Plein jour,75,75112,2,1,1,2.0,BD PERIPHERIQUE INTERIEUR,48.835991,2.412053,16:10:00,2024-06-09
202400052115,05:00,Nuit sans éclairage,12,12047,1,1,1,7.0,D37,44.426586,3.092136,05:00:00,2024-09-22
202400052116,16:20,Plein jour,13,13085,1,3,1,3.0,D559a,43.2426,5.593286,16:20:00,2024-12-02
202400052117,08:15,Plein jour,56,56061,1,1,2,6.0,L'Hippodrome,47.747692,-2.123516,08:15:00,2024-03-28
202400052118,15:00,Plein jour,67,67482,2,3,1,3.0,LANGUEDOC (RUE DU),48.54885,7.74164,15:00:00,2024-10-21
202400052119,22:05,Nuit sans éclairage,81,81065,1,1,2,1.0,1012 (ROUTE DEPARTEMENTALE),43.59764,2.21872,22:05:00,2024-07-11
202400052120,18:35,,33,33063,2,1,1,2.0,Unknown,44.87207,-0.56584,18:35:00,2024-02-14
202400052121,20:15,,34,34300,2,2,1,3.0,Grand Rue,43.425349,3.305774,20:15:00,2024-09-21
202400052122,17:10,Plein jour,75,75120,2,1,1,2.0,PORTE DE MONTREUIL,48.850935,2.415435,17:10:00,2024-06-07
202400052123,03:59,Nuit sans éclairage,76,76009,1,3,1,6.0,300 Route d?Héricourt,49.696641,0.673261,03:59:00,2024-03-28
202400052124,04:00,Nuit sans éclairage,59,59256,1,1,1,2.0,AUTOROUTE A23,50.57472923,3.15364439,04:00:00,2024-08-15
202400052125,14:50,Plein jour,42,42022,2,1,1,5.0,Avenue de la Mairie,45.52501716,4.22523648,14:50:00,2024-11-30
202400052126,10:10,Plein jour,79,79329,2,4,1,2.0,Unknown,46.977523,-0.20786,10:10:00,2024-07-11
202400052127,17:25,Crépuscule,64,64445,2,1,2,2.0,LEON BERARD,43.3141,-0.37722,17:25:00,2024-10-25
202400052128,17:30,Plein jour,33,33065,2,1,8,6.0,Unknown,44.81746,-0.50688,17:30:00,2024-02-12
202400052129,19:10,Plein jour,68,68120,2,2,1,3.0,Avenue de Souprosse,47.52523,7.478372,19:10:00,2024-09-20
202400052130,19:24,Plein jour,75,75119,2,2,7,6.0,RUE ADOLPHE MILLE,48.88893,2.388586,19:24:00,2024-06-07
202400052131,17:30,Nuit sans éclairage,26,26038,1,1,2,6.0,Route de Pont,45.024107,4.909902,17:30:00,2024-12-02
202400052132,17:30,Plein jour,79,79174,2,1,1,3.0,Unknown,46.22218,-0.15403,17:30:00,2024-03-27
202400052133,18:15,Crépuscule,94,94043,1,1,1,2.0,A6B,48.81347209,2.35472471,18:15:00,2024-08-16
202400052134,09:10,Plein jour,64,64445,2,1,2,6.0,MARECHAL LECLERC DU,43.30606368,-0.33503339,09:10:00,2024-10-25
202400052135,19:11,,31,31555,2,9,1,1.0,LYON (AV DE) DU 1AU 37,43.61516334,1.45215064,19:11:00,2024-02-14
202400052136,08:35,Plein jour,78,78517,2,6,1,3.0,ORPHIN (RUE D'),48.62871,1.82603,08:35:00,2024-07-10
202400052137,21:45,Nuit sans éclairage,39,39547,1,1,1,7.0,Unknown,46.349534,5.751954,21:45:00,2024-03-27
202400052138,05:55,Crépuscule,94,94038,1,1,1,3.0,A6B,48.78910809,2.34502386,05:55:00,2024-08-16
202400052139,01:50,Nuit sans éclairage,69,69031,1,4,2,6.0,Chemin du Viaduc,45.738956,4.51331,01:50:00,2024-12-03
202400052140,17:46,Plein jour,64,64024,2,1,1,6.0,Place du Général Leclerc,43.4942,-1.5285,17:46:00,2024-10-24
202400052141,15:55,Plein jour,44,44063,1,1,1,1.0,Unknown,47.085619,-1.26022,15:55:00,2024-09-22
202400052142,12:30,Plein jour,75,75115,2,3,1,2.0,ALLEE DES FRERES VOISIN,48.827953,2.271177,12:30:00,2024-06-09
202400052143,19:15,Crépuscule,29,29105,2,3,2,3.0,9 avenue Jeanne d'Arc,48.508815,-4.067329,19:15:00,2024-03-25
202400052144,15:40,Plein jour,95,95256,1,1,1,3.0,N184,49.0565217,2.20567167,15:40:00,2024-08-16
202400052145,12:20,Plein jour,81,81311,1,1,1,2.0,RD612,43.721541,2.196871,12:20:00,2024-12-03
202400052146,15:15,Plein jour,31,31160,1,1,1,5.0,N224,43.67772131,1.2679779,15:15:00,2024-09-19
202400052147,19:40,Plein jour,75,75113,2,2,1,2.0,AVENUE D ITALIE,48.819142,2.359578,19:40:00,2024-06-09
202400052148,14:10,Plein jour,64,64024,2,6,1,4.0,BAHINOS (ROND POINT DE),43.49452,-1.51877,14:10:00,2024-10-24
202400052149,01:55,,38,38399,2,1,1,6.0,D518,45.497677,5.139359,01:55:00,2024-03-25
202400052150,22:15,Nuit sans éclairage,77,77438,1,9,1,2.0,A104,48.864413,2.669122,22:15:00,2024-08-16
202400052151,17:45,Plein jour,77,77215,2,1,1,6.0,RUE ALFRED DE VIGNY,48.741688,2.728033,17:45:00,2024-07-11
202400052152,20:50,Nuit sans éclairage,86,86026,1,1,1,2.0,D759,47.079048,0.175009,20:50:00,2024-12-02
202400052153,12:03,Plein jour,14,14366,2,6,1,3.0,30 Avenue Georges Pompidou,49.132033,0.226126,12:03:00,2024-02-13
202400052154,18:15,Plein jour,31,31066,1,1,2,5.0,1690 Route de Montauban,43.808099,1.573609,18:15:00,2024-09-21
202400052155,07:40,Nuit sans éclairage,33,33165,1,1,1,7.0,Unknown,44.806199,-0.442586,07:40:00,2024-11-26
202400052156,17:15,Plein jour,75,75108,2,3,1,6.0,BOULEVARD HAUSSMANN,48.87486,2.318531,17:15:00,2024-06-09
202400052157,21:25,Nuit sans éclairage,62,62051,1,9,1,3.0,D941,50.51689288,2.77446842,21:25:00,2024-10-25
202400052158,05:20,Crépuscule,02,02419,1,2,2,3.0,3 Route Nationale,49.950792,3.776014,05:20:00,2024-03-28
202400052159,09:45,Plein jour,76,76026,2,1,1,4.0,SAINT JULIEN (RUE),49.88241,1.12862,09:45:00,2024-07-11
202400052160,22:30,Nuit sans éclairage,03,03254,1,1,1,7.0,RD277,46.270808,3.315897,22:30:00,2024-09-21
202400052161,19:22,,14,14101,2,3,2,3.0,116 Route de Bretagne,49.16607,-0.41493,19:22:00,2024-02-13
202400052162,13:35,Plein jour,75,75107,2,1,1,1.0,QUAI VOLTAIRE,48.858574,2.33217,13:35:00,2024-06-09
202400052163,22:30,,42,42218,2,2,1,3.0,Rue de la Montat,45.443,4.413,22:30:00,2024-06-05
202400052164,18:14,Plein jour,02,02601,1,3,1,1.0,D966,49.406645,4.041164,18:14:00,2024-03-27
202400052165,17:24,Plein jour,73,73011,1,1,8,2.0,N90,45.66109,6.3829,17:24:00,2024-07-11
202400052166,18:01,Plein jour,61,61117,1,2,2,3.0,D529,48.43771,0.05793,18:01:00,2024-10-25
202400052167,17:50,Crépuscule,13,13108,2,1,1,1.0,PROSPER MERIME (AVENUE),43.814385,4.664995,17:50:00,2024-02-11
202400052168,09:18,Plein jour,54,54102,1,3,5,1.0,D904,48.71499,5.875623,09:18:00,2024-09-21
202400052169,22:00,,75,75104,2,3,1,6.0,RUE DU RENARD,48.86030776,2.35305083,22:00:00,2024-06-09
202400052170,02:12,,987,98736,1,1,1,7.0,CHARLES DE GAULLE (AV),-17.530057,-149.551612,02:12:00,2024-08-15
202400052171,16:15,Plein jour,14,14371,1,1,2,6.0,Avenue de Neuville,48.997508,0.163282,16:15:00,2024-03-26
202400052172,20:50,,13,13213,2,1,1,1.0,MAURELLE (RUE DE LA),43.32278813,5.44016866,20:50:00,2024-02-14
202400052173,22:55,,60,60159,2,1,1,1.0,Pont Neuf,49.41714,2.81772,22:55:00,2024-10-22
202400052174,17:04,Plein jour,14,14194,1,1,1,6.0,Route de Saint-Germain,49.079102,0.37625,17:04:00,2024-09-20
202400052175,17:05,Plein jour,72,72181,2,2,1,3.0,GENESLAY FELIX (AV) N° PAIRS 2 A 144,47.98126,0.20964,17:05:00,2024-07-10
202400052176,18:05,Plein jour,75,75103,2,2,1,7.0,RUE DE TURBIGO,48.865489,2.356047,18:05:00,2024-06-09
202400052177,19:00,,974,97407,2,1,1,6.0,DOXILE(RUE),-20.94288,55.29495,19:00:00,2024-08-15
202400052178,07:18,Nuit sans éclairage,60,60212,1,1,1,1.0,D 929,49.23617402,2.29566139,07:18:00,2024-12-03
202400052179,18:10,Plein jour,09,09264,2,1,7,1.0,Rd624 - Lotissement Beaurivage,43.024243,1.612623,18:10:00,2024-03-19
202400052180,19:25,Crépuscule,05,05009,1,1,1,7.0,RN 85 - PR 0 + 250,44.80559,5.955706,19:25:00,2024-09-21
202400052181,14:20,Plein jour,974,97407,2,1,1,6.0,VERGES(AVENUE),-20.9395,55.3022,14:20:00,2024-08-15
202400052182,03:22,Nuit sans éclairage,60,60517,1,6,1,6.0,Rue d'Anserville,49.23028033,2.22456729,03:22:00,2024-12-03
202400052183,18:28,,13,13207,2,1,1,1.0,RIVE NEUVE (QUAI),43.29311777,5.37010625,18:28:00,2024-02-14
202400052184,19:00,Plein jour,69,69282,1,1,1,1.0,5 Rue de la République,45.76975549,4.98689227,19:00:00,2024-07-11
202400052185,03:30,Nuit sans éclairage,50,50487,1,1,1,6.0,1 la marionnais,48.467597,-1.377824,03:30:00,2024-09-22
202400052186,11:29,Plein jour,973,97302,2,1,1,3.0,MADELEINE (ROUTE DE LA),4.92087353,-52.32189846,11:29:00,2024-08-14
202400052187,09:50,Plein jour,60,60057,2,1,1,4.0,Avenue Président J.F. Kennedy,49.40861746,2.11196494,09:50:00,2024-10-25
202400052188,06:15,Plein jour,75,75104,2,3,1,3.0,AVENUE VICTORIA,48.857317,2.34925,06:15:00,2024-06-09
202400052189,23:25,Nuit sans éclairage,80,80571,1,1,9,6.0,D14,49.764295,2.469451,23:25:00,2024-11-29
202400052190,13:00,Plein jour,45,45138,1,1,3,6.0,D46 PR 6 + 870,47.723626,2.840298,13:00:00,2024-09-22
202400052191,00:15,Nuit sans éclairage,973,97302,2,1,1,7.0,MADELEINE (ROUTE DE LA),4.91085,-52.32146,00:15:00,2024-08-14
202400052192,18:50,,13,13213,2,1,1,3.0,ROSE (AVENUE DE LA),43.32947,5.42827,18:50:00,2024-02-14
202400052193,19:00,Plein jour,69,69266,2,3,3,6.0,Impasse des Soeurs,45.78015,4.89157,19:00:00,2024-07-11
202400052194,19:00,Nuit sans éclairage,80,80799,1,6,2,3.0,D1029,49.870881,2.533523,19:00:00,2024-12-02
202400052195,01:12,,10,10333,2,1,1,6.0,ANDRE RONGEOT (RUE),48.2795,4.0348,01:12:00,2024-02-15
202400052196,18:50,Crépuscule,57,57630,2,2,1,3.0,STRASBOURG,48.74086,7.07405,18:50:00,2024-10-25
202400052197,16:55,Plein jour,67,67482,2,1,1,6.0,GRANDES ARCADES (RUE DES),48.582,7.747,16:55:00,2024-07-11
202400052198,18:00,Plein jour,69,69387,2,1,1,3.0,Pont de la Guillotière,45.75647536,4.83921751,18:00:00,2024-08-15
202400052199,06:30,Nuit sans éclairage,53,53262,2,3,8,6.0,2 Rue de la Roinée,48.060901,-0.570087,06:30:00,2024-09-22
202400052200,11:32,Plein jour,62,62361,2,1,1,6.0,D941,50.27591804,2.28332915,11:32:00,2024-12-03
202400052201,11:20,Plein jour,94,94081,2,2,1,3.0,Avenue Youri Gagarine / Rue de la Petite Saussaie,48.786003,2.391569,11:20:00,2024-06-09
202400052202,18:00,,06,06069,2,9,1,6.0,Boulevard Fragonard,43.6573,6.92324,18:00:00,2024-02-13
202400052203,08:22,Plein jour,57,57480,2,1,1,3.0,JONCS (RUE DES ),49.0927,6.14802,08:22:00,2024-10-25
202400052204,17:44,Plein jour,972,97209,2,1,1,3.0,PROFESSEUR RAYMOND GARCIN (RUE DU),14.61315,-61.07846,17:44:00,2024-08-14
202400052205,07:55,Plein jour,83,83090,1,1,1,6.0,A50,43.12616683,5.88374932,07:55:00,2024-12-02
202400052206,05:50,Nuit sans éclairage,85,85108,1,1,5,6.0,D7 PK 57+930,46.903677,-1.394556,05:50:00,2024-09-22
202400052207,13:30,Plein jour,64,64260,2,1,1,3.0,BEHOBIE (RUE DE),43.34979,-1.77893,13:30:00,2024-07-10
202400052208,12:10,Plein jour,06,06027,2,1,1,3.0,Avenue de Cannes,43.65321,7.1466,12:10:00,2024-02-12
202400052209,00:00,,69,69389,2,1,1,6.0,Quai Jayr,45.77980142,4.80868773,00:00:00,2024-08-16
202400052210,13:40,Plein jour,33,33550,1,1,2,2.0,Unknown,44.7783,-0.56568,13:40:00,2024-12-02
202400052211,14:30,Plein jour,27,27045,1,1,1,3.0,11 Rue de la Cote Rouge,49.327145,1.764296,14:30:00,2024-09-21
202400052212,12:09,Plein jour,64,64129,2,1,1,7.0,BAYONNE DE,43.30513,-0.40196,12:09:00,2024-07-11
202400052213,21:30,Plein jour,94,94074,2,1,1,2.0,Avenue Henri Barbusse,48.76325312,2.44210035,21:30:00,2024-06-08
202400052214,07:50,Nuit sans éclairage,27,27372,1,1,1,7.0,Route de Mainneville,49.364744,1.646731,07:50:00,2024-09-19
202400052215,14:10,Plein jour,75,75112,2,1,8,7.0,BD PERIPHERIQUE INTERIEUR,48.844051,2.413842,14:10:00,2024-02-14
202400052216,17:05,Plein jour,54,54526,2,2,1,3.0,Rue Louis Pasteur,48.68376889,6.22104585,17:05:00,2024-10-25
202400052217,10:31,Plein jour,2A,2A004,2,2,1,3.0,MASSERIA BD,41.92606,8.73711,10:31:00,2024-08-15
202400052218,11:56,Plein jour,59,59532,1,1,1,6.0,AUTOROUTE A16,50.95568,2.14414,11:56:00,2024-11-30
202400052219,09:40,Plein jour,64,64445,2,6,1,3.0,ALSACE LORRAINE D',43.30429,-0.36671,09:40:00,2024-07-11
202400052220,20:35,Plein jour,93,93066,2,2,1,3.0,Boulevard de la Libération / Rue du Docteur Poiré,48.922435,2.343377,20:35:00,2024-06-09
202400052221,14:15,Plein jour,54,54184,2,1,1,6.0,Rue Aristide Briand,48.7032,6.21781,14:15:00,2024-10-25
202400052222,19:00,Nuit avec éclairage,75,75120,2,2,1,6.0,RUE DU CLOS,48.857721,2.407563,19:00:00,2024-02-14
202400052223,17:40,Plein jour,94,94043,1,1,1,3.0,A6B,48.80819879,2.3476257,17:40:00,2024-12-02
202400052224,08:20,Plein jour,27,27109,1,2,1,4.0,D133,49.107431,0.834465,08:20:00,2024-09-19
202400052225,00:30,,92,92012,2,1,1,7.0,DOME (RUE DU),48.83209,2.24854,00:30:00,2024-06-09
202400052226,19:58,Plein jour,95,95680,1,1,1,3.0,D970,49.01352067,2.41435032,19:58:00,2024-08-15
202400052227,13:00,Plein jour,64,64445,2,1,1,2.0,HENRI FAISANS,43.30091,-0.35974,13:00:00,2024-07-10
202400052228,21:20,Nuit sans éclairage,54,54395,2,1,1,6.0,Rue de la Croix Gagnée,48.6997,6.15627,21:20:00,2024-10-24
202400052229,21:10,,75,75111,2,3,1,2.0,BOULEVARD RICHARD LENOIR,48.85551007,2.36987382,21:10:00,2024-02-14
202400052230,03:10,,92,92007,2,1,1,7.0,SUISSES (VOIE DES),48.80079823,2.30088007,03:10:00,2024-06-09
202400052231,18:02,Plein jour,64,64125,2,1,1,3.0,CHABADENIA (AVENUE),43.43971,-1.58713,18:02:00,2024-07-11
202400052232,15:40,Plein jour,51,51454,2,6,1,3.0,CHAMPAGNE  (  AVENUE),49.22048,4.02152,15:40:00,2024-10-25
202400052233,08:43,Plein jour,75,75110,2,2,9,7.0,BOULEVARD DE MAGENTA,48.874795,2.357409,08:43:00,2024-02-14
202400052234,16:58,Crépuscule,92,92050,1,1,1,4.0,A86,48.89667893,2.19603219,16:58:00,2024-12-01
202400052235,13:52,Plein jour,84,84007,2,2,1,3.0,PIERRE SEMARD (AVENUE),43.9339,4.83179,13:52:00,2024-08-15
202400052236,14:46,Plein jour,92,92009,2,1,1,6.0,ARGENTEUIL ( AVENUE D' ),48.92054622,2.27907059,14:46:00,2024-06-09
202400052237,14:43,Plein jour,973,97307,2,1,7,3.0,Rue Paul - Emile Bienvenu,4.849953,-52.330443,14:43:00,2024-09-21
202400052238,21:10,Plein jour,64,64125,2,1,1,3.0,ESPAGNE (AVENUE D'),43.43031,-1.59932,21:10:00,2024-07-10
202400052239,14:18,Plein jour,51,51573,2,1,1,2.0,FEMMES (CHEMIN DES),49.242975,3.989328,14:18:00,2024-10-25
202400052240,19:15,Crépuscule,75,75104,2,3,2,6.0,RUE DU RENARD,48.858362,2.3519,19:15:00,2024-02-13
202400052241,21:40,Nuit sans éclairage,95,95256,1,1,1,2.0,N184,49.05818743,2.20902161,21:40:00,2024-11-30
202400052242,18:12,Plein jour,978,97801,2,1,1,1.0,"RN7, Route de l'espérance, Hope Estate,",18.096362,-63.039234,18:12:00,2024-09-21
202400052243,02:55,Nuit sans éclairage,974,97415,1,1,1,6.0,N1,-20.970907,55.298792,02:55:00,2024-06-08
202400052244,14:10,Plein jour,80,80001,2,1,7,3.0,ROUVROY (de),50.10538,1.79987,14:10:00,2024-08-14
202400052245,09:56,Plein jour,63,63164,1,1,1,2.0,CEBAZAT (RTE DE) ,45.82381751,3.13419342,09:56:00,2024-07-11
202400052246,00:20,Nuit sans éclairage,73,73179,1,4,1,6.0,A43 PR 088.400,45.603745,5.882555,00:20:00,2024-09-21
202400052247,23:57,Nuit sans éclairage,94,94074,1,1,1,6.0,N406,48.7647343,2.4621159,23:57:00,2024-12-01
202400052248,12:00,Plein jour,94,94078,2,3,1,2.0,Rue Noblemaire / Rue de Paris,48.74276804,2.4470737,12:00:00,2024-02-14
202400052249,11:30,Plein jour,2A,2A189,1,1,1,7.0,78 Route Départementale 157,41.719717,8.836737,11:30:00,2024-06-04
202400052250,10:25,Plein jour,51,51454,2,6,1,3.0,MAURIAC (AVENUE FRANCOIS),49.23379,3.99941,10:25:00,2024-10-25
202400052251,14:20,Plein jour,78,78551,1,2,1,3.0,POISSY (DE),48.93938,2.09566,14:20:00,2024-08-15
202400052252,11:30,Plein jour,971,97103,2,6,1,3.0,Jarry - N10 - Rond point coeur de Jarry,16.240031,-61.570827,11:30:00,2024-09-20
202400052253,20:00,Plein jour,62,62510,2,2,1,3.0,Rue Phècle Carpentier,50.41466,2.77881,20:00:00,2024-07-06
202400052254,22:10,,94,94068,2,2,2,1.0,Boulevard de la Marne / Avenue Louis Blanc,48.793308,2.497866,22:10:00,2024-02-13
202400052255,07:30,,49,49007,2,1,1,6.0,BEDIER BOULEVARD,47.45099,-0.54901,07:30:00,2024-10-25
202400052256,13:30,Plein jour,24,24108,1,1,1,1.0,D1,45.233483,0.604591,13:30:00,2024-06-10
202400052257,17:05,Plein jour,73,73297,1,4,1,3.0,D1090,45.64475572,6.33359402,17:05:00,2024-08-08
202400052258,19:20,Plein jour,77,77390,2,1,1,6.0,AV PANAS,48.79236156,2.65240513,19:20:00,2024-08-15
202400052259,00:20,Nuit sans éclairage,13,13110,1,1,1,6.0,A8,43.470145,5.659246,00:20:00,2024-09-22
202400052260,14:50,Plein jour,988,98818,2,1,1,6.0,N°3 RUE CLAUDE BERNARD,-22.22957,166.44416,14:50:00,2024-11-30
202400052261,08:25,Plein jour,62,62178,2,4,7,3.0,D302,50.4788,2.5328,08:25:00,2024-07-11
202400052262,08:05,Crépuscule,49,49007,2,1,2,3.0,MILLOT BOULEVARD JACQUES,47.45306,-0.53875,08:05:00,2024-10-25
202400052263,14:00,Plein jour,60,60138,1,1,2,2.0,A1,49.215411,2.625947,14:00:00,2024-08-30
202400052264,14:50,Plein jour,974,97411,2,1,1,6.0,RN2/043,-20.88639,55.49288,14:50:00,2024-12-01
202400052265,15:50,Plein jour,43,43038,1,1,1,4.0,N102,45.348519,3.342365,15:50:00,2024-06-06
202400052266,16:40,Plein jour,59,59599,2,2,1,6.0,YSER (RUE DE L'),50.745682,3.175654,16:40:00,2024-07-10
202400052267,04:20,Nuit sans éclairage,76,76235,2,1,1,6.0,Rue Abbé Cochet,49.895408,1.268186,04:20:00,2024-06-08
202400052268,19:15,,49,49007,2,2,1,3.0,BIRGE BOULEVARD,47.47079,-0.51909,19:15:00,2024-10-24
202400052269,11:20,Plein jour,973,97302,2,1,1,3.0,RABAN (ROUTE DE),4.91995532,-52.31267273,11:20:00,2024-12-01
202400052270,18:55,Nuit sans éclairage,973,97304,1,1,1,1.0,Route Nationale 1 Sud,5.105371,-52.779779,18:55:00,2024-09-21
202400052271,17:10,Plein jour,77,77186,1,2,1,3.0,RD606. de la rochette à l'obélisque,48.4811,2.66915,17:10:00,2024-08-15
202400052272,05:00,Crépuscule,23,23128,1,1,5,6.0,Pouzaud,46.135572,1.961111,05:00:00,2024-06-10