Num_Acc,hrmn,lum,dep,com,agg,int,atm,col,adr,lat,long,heure,date
202400052273,16:30,Plein jour,59,59017,2,1,1,6.0,GAMBETTA  (RUE),50.68302,2.88128,16:30:00,2024-07-11
202400052274,10:04,Plein jour,49,49246,2,1,7,6.0,PYRAMIDE PLACE ET ROUTE,47.448814,-0.513103,10:04:00,2024-10-24
202400052275,10:50,Plein jour,972,97230,1,1,1,1.0,RN1,14.741662,-60.975645,10:50:00,2024-09-22
202400052276,12:32,Plein jour,69,69387,2,2,1,3.0,Rue Salomon Reinach,45.75238,4.83935,12:32:00,2024-12-01
202400052277,11:20,Plein jour,76,76457,1,4,7,1.0,Rue du Lt Jacques Hergault,49.34074398,0.95648861,11:20:00,2024-08-15
202400052278,13:40,Plein jour,54,54212,1,1,1,1.0,Fresnois-la-Montagne,49.49830508,5.65819502,13:40:00,2024-06-10
202400052279,08:50,Plein jour,59,59043,1,1,1,2.0,PETITE VERTE RUE (VOIE COMMUNALE),50.71624,2.740677,08:50:00,2024-07-11
202400052280,08:20,Crépuscule,44,44184,2,2,2,6.0,19bis Avenue Ferdinand de Lesseps,47.27003,-2.21739,08:20:00,2024-10-25
202400052281,21:10,Nuit sans éclairage,30,30042,1,6,1,6.0,D910a,44.059728,4.01634,21:10:00,2024-09-21
202400052282,10:40,Plein jour,71,71270,2,1,1,1.0,PILLET (RUE CHARLES),46.29727,4.81666,10:40:00,2024-08-15
202400052283,11:07,Plein jour,54,54138,2,1,1,6.0,29 Rue de Lorraine,49.527409,5.728669,11:07:00,2024-06-09
202400052284,19:05,Nuit sans éclairage,95,95277,1,1,1,2.0,D317,48.98136971,2.46754192,19:05:00,2024-12-01
202400052285,09:39,Plein jour,59,59317,2,9,1,6.0,GUESDE  (RUE JULES),50.68997,2.90856,09:39:00,2024-07-11
202400052286,02:55,Nuit sans éclairage,06,06028,1,9,1,7.0,plaine de caille,43.777559,6.742156,02:55:00,2024-09-22
202400052287,06:15,Crépuscule,69,69259,2,1,1,6.0,Avenue Charles de Gaulle,45.71318,4.89886,06:15:00,2024-08-15
202400052288,15:50,Plein jour,37,37261,2,1,2,3.0,GIRAUDEAU (RUE),47.38723,0.67654,15:50:00,2024-10-25
202400052289,06:50,,91,91552,1,1,1,5.0,RTE NATIONALE 20,48.602,2.247,06:50:00,2024-12-01
202400052290,15:25,Plein jour,67,67120,1,2,1,3.0,Calvaire,48.375708,7.438474,15:25:00,2024-09-21
202400052291,19:15,Plein jour,67,67482,2,1,1,3.0,PRESIDENT POINCARE (BOULEVARD DU),48.58986282,7.74229825,19:15:00,2024-08-15
202400052292,02:06,Nuit sans éclairage,56,56121,2,6,2,3.0,Rond-point de la Cornouailles,47.73335,-3.38548,02:06:00,2024-07-11
202400052293,12:55,Plein jour,37,37233,2,6,1,3.0,ARC EN CIEL ( ROND POINT DE L'),47.392,0.725,12:55:00,2024-10-25
202400052294,17:05,Plein jour,67,67482,2,1,1,6.0,SINGRIST (RUE DE),48.56301,7.69971,17:05:00,2024-08-15
202400052295,16:11,Plein jour,91,91432,2,1,1,2.0,AV CHARLES DE GAULLE,48.705,2.343,16:11:00,2024-11-30
202400052296,19:30,Crépuscule,06,06026,2,6,1,6.0,725 Avenue Docteur Belletrud,43.660374,6.881036,19:30:00,2024-05-31
202400052297,19:30,,38,38464,2,6,3,3.0,Rond Point D51 St Victor de Cessieu,45.542641,5.399582,19:30:00,2024-09-22
202400052298,09:26,Plein jour,67,67180,1,1,7,7.0,Unknown,48.8151486,7.80922648,09:26:00,2024-08-14
202400052299,15:20,Plein jour,86,86066,2,6,1,3.0,Avenue du Président Roosevelt,46.81478,0.53988,15:20:00,2024-11-30
202400052300,08:52,Plein jour,56,56098,2,2,1,3.0,61 Avenue Ambroise Croizat,47.77442,-3.3467,08:52:00,2024-07-10
202400052301,21:45,Nuit sans éclairage,64,64335,1,1,1,7.0,ASTRA D',43.3538,-0.39781,21:45:00,2024-08-15
202400052302,19:10,Plein jour,69,69287,2,6,1,6.0,131 Avenue Charles de Gaulle,45.697877,5.014352,19:10:00,2024-09-18
202400052303,20:15,Nuit sans éclairage,35,35238,1,1,1,4.0,ROCADE 6-7,48.08055069,-1.67705387,20:15:00,2024-10-25
202400052304,12:10,Plein jour,34,34270,2,3,1,3.0,Route de Montpellier,43.578114,3.83535,12:10:00,2024-06-06
202400052305,23:00,,63,63113,2,4,1,6.0,LIBERATION (AVENUE DE LA),45.76216,3.08259,23:00:00,2024-08-15
202400052306,16:15,Plein jour,81,81104,1,1,1,1.0,D87,43.768894,1.824846,16:15:00,2024-09-20
202400052307,11:06,Plein jour,56,56098,1,1,1,4.0,Kergouaran,47.7782005,-3.3540909,11:06:00,2024-07-10
202400052308,15:00,Plein jour,35,35238,2,2,1,7.0,LECLERC (AVENUE DU GENERAL),48.11461,-1.65687,15:00:00,2024-10-25
202400052309,02:00,Nuit sans éclairage,56,56030,1,9,1,6.0,route de pénestin,47.480527,-2.402873,02:00:00,2024-05-09
202400052310,18:54,Nuit sans éclairage,84,84132,1,1,1,5.0,BANON (ROUTE DE),43.879714,5.018596,18:54:00,2024-12-01
202400052311,12:35,Plein jour,40,40184,1,3,1,3.0,794 Route d'Escource,44.182457,-1.181603,12:35:00,2024-09-20
202400052312,11:15,Plein jour,53,53130,2,6,1,6.0,8 MAI 1945 ( BOULEVARD DU ),48.06146,-0.78441,11:15:00,2024-07-10
202400052313,20:30,,34,34172,2,3,8,3.0,LODEVE (AVENUE DE,43.61039,3.85848,20:30:00,2024-10-25
202400052314,06:30,Crépuscule,79,79197,1,2,7,3.0,Unknown,46.695337,-0.094226,06:30:00,2024-06-06
202400052315,19:10,Plein jour,47,47001,2,7,1,1.0,RABELAIS (PLACE),44.20792,0.62097,19:10:00,2024-08-15
202400052316,00:05,,83,83061,2,6,1,6.0,BOULEVARD DE LA LIBÉRATION,43.42378,6.75646,00:05:00,2024-12-02
202400052317,13:40,Plein jour,51,51454,2,6,1,7.0,Rue Jacques de La Giraudière,49.237464,4.086509,13:40:00,2024-07-11
202400052318,18:35,Plein jour,37,37261,2,1,1,6.0,DE GAULLE (AVENUE DU GENERAL),47.38145,0.70263,18:35:00,2024-08-15
202400052319,21:20,Plein jour,79,79062,1,1,1,7.0,Unknown,46.831602,-0.659609,21:20:00,2024-06-09
202400052320,03:55,Nuit sans éclairage,81,81065,1,1,1,6.0,LAUTREC RD 83 (RTE DE),43.64146,2.18926,03:55:00,2024-12-01
202400052321,12:55,Plein jour,40,40244,1,3,1,5.0,Carrefour D13 et CD70,43.684823,-1.171798,12:55:00,2024-09-22
202400052322,22:55,,34,34172,2,5,1,3.0,VANIERES (AVENUE DE),43.59673,3.84505,22:55:00,2024-10-24
202400052323,11:45,Plein jour,37,37261,2,1,1,2.0,PROUDHON (AVENUE),47.39506,0.67245,11:45:00,2024-08-15
202400052324,17:00,Plein jour,79,79061,1,1,1,7.0,Unknown,46.252375,-0.221486,17:00:00,2024-06-09
202400052325,12:35,Plein jour,78,78551,2,9,1,3.0,PONTEL (DU),48.887984,2.081074,12:35:00,2024-12-01
202400052326,02:20,,51,51230,2,1,1,6.0,JOFFRE (AVENUE MARECHAL),49.052084,3.95546,02:20:00,2024-07-11
202400052327,16:00,Plein jour,33,33498,2,3,1,6.0,Unknown,44.55055,-0.867504,16:00:00,2024-09-18
202400052328,23:00,,33,33063,2,1,8,3.0,Unknown,44.88867,-0.54448,23:00:00,2024-10-25
202400052329,15:15,Plein jour,34,34172,2,1,1,3.0,ASSAS (AVENUE D'),43.61323,3.86671,15:15:00,2024-08-14
202400052330,16:25,Plein jour,77,77251,2,1,1,7.0,RUE DES GRANDS CHAMPS,48.62787,2.55236,16:25:00,2024-12-01
202400052331,17:30,Plein jour,85,85113,1,1,1,7.0,RD22B,46.72202,-2.343671,17:30:00,2024-09-21
202400052332,07:45,Plein jour,79,79216,2,2,7,3.0,Unknown,46.26348,-0.361851,07:45:00,2024-06-10
202400052333,16:08,Plein jour,46,46042,2,3,1,1.0,CHURCHILL  (RUE WINSTON),44.46272,1.43256,16:08:00,2024-07-10
202400052334,20:00,Plein jour,33,33063,2,1,1,6.0,Unknown,44.8429,-0.57097,20:00:00,2024-08-15
202400052335,18:00,Plein jour,33,33316,1,1,1,6.0,Unknown,44.75757533,0.0520134,18:00:00,2024-06-10
202400052336,07:40,Plein jour,33,33119,2,6,1,6.0,Unknown,44.84985,-0.50732,07:40:00,2024-10-24
202400052337,23:30,Nuit avec éclairage,22,22175,1,1,1,2.0,Les Mares,48.494967,-2.383089,23:30:00,2024-09-13
202400052338,19:30,Crépuscule,76,76216,2,6,1,3.0,Rue Lyautey,49.4655,1.05518,19:30:00,2024-12-01
202400052339,10:00,Plein jour,45,45234,2,2,1,3.0,D920 PR 3 + 3116,47.885622,1.89695,10:00:00,2024-07-11
202400052340,00:35,Nuit sans éclairage,33,33069,2,3,1,3.0,Unknown,44.86422,-0.62044,00:35:00,2024-08-15
202400052341,09:40,Plein jour,33,33529,2,9,2,3.0,Unknown,44.63261,-1.14897,09:40:00,2024-10-25
202400052342,12:10,Plein jour,76,76108,2,6,8,3.0,Rue d'Uelzen,49.47707,1.10572,12:10:00,2024-12-01
202400052343,16:50,Plein jour,81,81202,1,1,1,5.0,D87 - PK026+250,43.827654,1.863921,16:50:00,2024-06-07
202400052344,19:30,Plein jour,44,44184,2,2,1,3.0,126 Rue Jean Gutenberg,47.28187,-2.23513,19:30:00,2024-07-10
202400052345,15:35,Plein jour,31,31555,2,6,1,3.0,BAYONNE (ROUTE DE ),43.60822909,1.38796404,15:35:00,2024-08-15
202400052346,15:40,Plein jour,80,80039,1,2,1,3.0,D940,50.087871,1.451966,15:40:00,2024-09-21
202400052347,16:45,Plein jour,42,42207,2,9,1,6.0,Avenue Sadi Carnot,45.4744,4.51413,16:45:00,2024-07-07
202400052348,01:50,,31,31555,1,1,8,4.0,29 PURPAN  (PERIPH OUEST A620),43.60497,1.40273,01:50:00,2024-10-26
202400052349,06:00,Plein jour,49,49215,2,1,7,2.0,426 Avenue Paul Painlevé,47.134505,-0.160348,06:00:00,2024-06-09
202400052350,06:30,Crépuscule,59,59449,1,1,1,1.0,D957,50.461425,3.248219,06:30:00,2024-09-22
202400052351,19:15,Plein jour,28,28085,2,9,1,3.0,CARREFOUR (CENTRE COMMERCIAL),48.45065,1.51714,19:15:00,2024-08-15
202400052352,15:00,Plein jour,76,76565,1,1,1,4.0,RD 915,49.89346,1.0794,15:00:00,2024-11-29
202400052353,14:15,Plein jour,38,38185,2,1,1,3.0,LIBERATION ET DU GENERAL DE GAULLE (COUR,45.16,5.71,14:15:00,2024-07-11
202400052354,12:32,Plein jour,67,67180,2,1,1,7.0,RD 48,48.79789,7.80267,12:32:00,2024-12-01
202400052355,07:17,Plein jour,59,59638,1,1,1,3.0,D93,50.576001,3.270289,07:17:00,2024-09-22
202400052356,22:45,,30,30007,2,1,2,7.0,GAGARINE (AVE YOURI),44.1311,4.09705,22:45:00,2024-10-25
202400052357,12:00,Plein jour,22,22278,1,1,1,2.0,RN12,48.505177,-2.73309,12:00:00,2024-08-15
202400052358,19:15,Plein jour,59,59268,2,1,1,3.0,1250 Rue de la Lys,50.641967,2.751391,19:15:00,2024-09-21
202400052359,13:45,Plein jour,37,37261,2,3,1,3.0,DE GAULLE (AVENUE DU GENERAL),47.37969,0.69339,13:45:00,2024-07-11
202400052360,11:35,Plein jour,46,46276,1,3,1,3.0,D662,44.464336,1.709881,11:35:00,2024-06-10
202400052361,15:58,Plein jour,66,66136,2,1,1,4.0,Avenue d'Argelès-sur-Mer,42.66734309,2.91823804,15:58:00,2024-12-01
202400052362,08:40,Plein jour,14,14366,2,3,1,7.0,37 Rue Joseph Guillonneau,49.14949,0.23659,08:40:00,2024-08-15
202400052363,16:10,Plein jour,37,37261,2,1,1,6.0,DANIEL MAYER,47.41875,0.69458,16:10:00,2024-07-10
202400052364,17:40,Plein jour,29,29019,2,3,1,3.0,boulevard de Plymouth,48.38666,-4.52847,17:40:00,2024-10-24
202400052365,17:20,Plein jour,13,13212,1,1,1,3.0,A507 sens Aubagne- Marseille,43.29602,5.42477,17:20:00,2024-09-20
202400052366,20:00,Plein jour,46,46007,1,1,1,6.0,D8,44.451872,1.57289,20:00:00,2024-06-09
202400052367,23:40,Nuit sans éclairage,13,13071,1,6,2,6.0,JEAN-JAURES,43.41719,5.28296,23:40:00,2024-08-15
202400052368,01:20,,66,66136,2,2,1,3.0,Rambla de l’Occitanie,42.68059113,2.90958792,01:20:00,2024-12-01
202400052369,19:20,,27,27229,2,7,1,6.0,COTE BLANCHE (RUE DE LA),49.02908,1.13271,19:20:00,2024-10-24
202400052370,06:00,Nuit sans éclairage,91,91161,1,1,2,3.0,AUTOROUTE A6,48.69791,2.31457,06:00:00,2024-09-21
202400052371,02:50,,13,13211,2,1,1,7.0,ELLEON (AVENUE),43.2823,5.4431,02:50:00,2024-08-15
202400052372,14:00,Plein jour,38,38134,1,1,1,1.0,Cour-et-Buis,45.421347,5.015618,14:00:00,2024-06-10
202400052373,08:35,Plein jour,35,35238,2,3,1,3.0,FOULON (AVENUE PROFESSEUR CHARLES),48.1195,-1.64833,08:35:00,2024-07-11
202400052374,19:15,,65,65331,2,1,1,6.0,NAVARRE (PLACE MARGUERITE DE),43.19746221,0.05798332,19:15:00,2024-12-01
202400052375,09:55,Plein jour,27,27229,2,1,1,6.0,QUATORZE JUILLET (BOULEVARD),49.00416,1.15695,09:55:00,2024-10-24
202400052376,20:20,Nuit sans éclairage,92,92036,1,1,8,2.0,A86,48.93456657,2.28030413,20:20:00,2024-09-20
202400052377,17:00,Plein jour,13,13005,1,3,1,3.0,RN 96 (ROUTE NATIONALE ),43.30624,5.57376,17:00:00,2024-08-14
202400052378,21:05,Nuit sans éclairage,16,16015,2,1,2,1.0,Unknown,45.641997,0.168206,21:05:00,2024-10-25
202400052379,16:20,Plein jour,34,34108,1,6,1,2.0,LA PEYRADE (ROND-POINT),43.41765,3.72454,16:20:00,2024-07-11
202400052380,17:45,Plein jour,93,93027,1,1,1,4.0,AUTOROUTE A1,48.93830015,2.41440499,17:45:00,2024-09-20
202400052381,11:55,Plein jour,15,15014,2,3,1,3.0,Avenue de Tronquières,44.90502,2.42747,11:55:00,2024-10-25
202400052382,21:05,Crépuscule,34,34129,1,1,1,1.0,AGAU (AVENUE DE L'),43.58279,3.90889,21:05:00,2024-07-11
202400052383,05:30,Crépuscule,93,93078,1,1,2,3.0,AUTOROUTE A104,48.95791431,2.53050438,05:30:00,2024-09-21
202400052384,20:15,,13,13039,2,6,1,1.0,PINS (Allée des),43.4443,4.94139,20:15:00,2024-10-25
202400052385,03:40,Nuit sans éclairage,95,95572,1,1,1,6.0,N184,49.03385084,2.11134575,03:40:00,2024-09-21
202400052386,16:40,Plein jour,33,33063,2,3,1,1.0,Unknown,44.85519,-0.55102,16:40:00,2024-07-11
202400052387,02:20,Nuit sans éclairage,93,93063,1,1,1,7.0,AUTOROUTE A3,48.87844318,2.44713993,02:20:00,2024-09-21
202400052388,08:40,Plein jour,33,33529,2,1,1,6.0,Unknown,44.626779,-1.146709,08:40:00,2024-07-11
202400052389,18:50,,13,13056,2,3,1,6.0,TURCAN FRANCIS,43.41615,5.05658,18:50:00,2024-10-25
202400052390,02:59,Nuit sans éclairage,94,94044,1,1,2,6.0,N406,48.75781222,2.47055049,02:59:00,2024-09-21
202400052391,23:15,,62,62427,2,9,2,6.0,Boulevard Albert Schweitzer,50.41865,2.968,23:15:00,2024-12-01
202400052392,16:45,Plein jour,54,54598,2,3,1,3.0,Rue Charles de Gaulle,49.35372776,5.76459289,16:45:00,2024-06-09
202400052393,15:30,Plein jour,31,31483,2,1,1,6.0,ETANCELIN PHILIPPE (RUE),43.10096,0.70684,15:30:00,2024-07-11
202400052394,21:30,,75,75112,2,1,1,2.0,BD PERIPHERIQUE INTERIEUR,48.833191,2.406946,21:30:00,2024-08-14
202400052395,14:00,Plein jour,59,59426,2,3,1,3.0,Route de Roncq,50.74345,3.15066,14:00:00,2024-11-30
202400052396,00:40,,57,57463,2,2,1,3.0,JOSEPH HENOT (RUE ),49.10162,6.19837,00:40:00,2024-07-21
202400052397,06:40,Plein jour,06,06059,2,1,1,1.0,48 Avenue de la Liberté,43.715104,7.349371,06:40:00,2024-06-10
202400052398,21:00,Plein jour,28,28134,2,1,1,6.0,EPARGES (RUE DES),48.73183,1.37034,21:00:00,2024-07-11
202400052399,09:00,Plein jour,75,75112,2,1,1,4.0,BD PERIPHERIQUE INTERIEUR,48.845831,2.414209,09:00:00,2024-08-14
202400052400,23:45,Nuit sans éclairage,13,13077,2,3,1,3.0,RN 568,43.42181561,4.97745109,23:45:00,2024-10-24
202400052401,19:30,,59,59178,2,1,2,7.0,BASLY (RUE EMILE),50.39077,3.09511,19:30:00,2024-12-01
202400052402,06:50,Plein jour,973,97302,2,2,1,1.0,CABASSOU (ROUTE DE),4.91915,-52.31758,06:50:00,2024-09-20
202400052403,14:24,Plein jour,75,75101,2,2,1,3.0,BOULEVARD DE SEBASTOPOL,48.863422,2.351112,14:24:00,2024-08-14
202400052404,18:20,Plein jour,14,14430,1,2,1,3.0,D87,49.302377,-0.603583,18:20:00,2024-06-09
202400052405,07:50,Crépuscule,13,13214,2,9,1,1.0,MARCHE D'IN (AVENUE),43.34,5.37,07:50:00,2024-10-25
202400052406,11:09,Plein jour,27,27562,2,1,1,2.0,LECLERC (RUE DU GENERAL),49.09755,1.44816,11:09:00,2024-07-11
202400052407,18:45,Plein jour,69,69383,2,1,1,3.0,Rue Viala,45.74381,4.88557,18:45:00,2024-09-20
202400052408,16:00,Plein jour,56,56098,2,1,8,2.0,Sortie parc des expos,47.778238,-3.353268,16:00:00,2024-11-30
202400052409,14:50,Plein jour,50,50603,1,1,1,6.0,Rte de la Chapelle aux Jacquets,49.050526,-1.535565,14:50:00,2024-06-09
202400052410,01:00,,13,13205,2,1,1,2.0,SAKAKINI (BOULEVARD),43.293,5.4015,01:00:00,2024-10-25
202400052411,17:30,Plein jour,19,19031,2,1,1,3.0,Rue De L Ile Du Roi,45.16414757,1.52129084,17:30:00,2024-07-11
202400052412,19:50,,49,49246,2,6,1,7.0,GALLIENI AVENUE,47.43704,-0.51441,19:50:00,2024-12-01
202400052413,08:14,Plein jour,972,97213,1,1,1,2.0,AUTOROUTE A1,14.61675,-61.01621,08:14:00,2024-09-20
202400052414,09:00,Plein jour,50,50215,1,1,1,6.0,8 Rue du Village Gouix,49.092238,-1.541535,09:00:00,2024-06-10
202400052415,02:20,Nuit sans éclairage,2B,2B120,2,1,1,1.0,LAGUNE (Route de la) D107,42.64783,9.45335,02:20:00,2024-09-20
202400052416,16:30,Plein jour,90,90053,2,6,1,2.0,5 Rue Lieutenant Rusconi,47.539856,6.965415,16:30:00,2024-06-08
202400052417,08:30,Plein jour,13,13001,1,1,1,3.0,LEDOUX CLAUDE NICOLAS (RUE),43.47988952,5.39170826,08:30:00,2024-10-25
202400052418,07:40,Plein jour,91,91191,2,3,1,3.0,Jean Jaures (Avenue),48.71359,2.46396,07:40:00,2024-09-19
202400052419,16:55,Plein jour,49,49246,1,1,1,6.0,A87,47.44548,-0.51503,16:55:00,2024-12-01
202400052420,18:00,Plein jour,12,12013,1,1,1,3.0,RD 5 ROUTE DE MONTBAZENS,44.5138,2.2446,18:00:00,2024-10-22
202400052421,19:33,Plein jour,87,87114,1,1,1,6.0,GEORGES GUINGOUIN (AVENUE),45.83394,1.28626,19:33:00,2024-09-19
202400052422,12:55,Plein jour,73,73270,2,2,1,5.0,D911 Avenue de l'arclusaz,45.565533,6.155142,12:55:00,2024-06-09
202400052423,13:45,Plein jour,47,47031,1,1,1,3.0,RD17,44.16851,0.64173,13:45:00,2024-12-01
202400052424,15:56,Plein jour,87,87085,2,3,1,6.0,LOCARNO (AVENUE),45.83392499,1.26899421,15:56:00,2024-09-19
202400052425,14:45,Plein jour,16,16073,1,1,1,7.0,Unknown,45.28194,0.035383,14:45:00,2024-06-10
202400052426,22:00,,06,06069,2,1,9,2.0,3 Rue du 8 Mai 1945,43.66146,6.92361,22:00:00,2024-10-25
202400052427,18:55,,37,37261,2,2,1,3.0,MARNE (CARREFOUR DE LA),47.42362,0.69823,18:55:00,2024-12-01
202400052428,08:00,Plein jour,84,84035,2,6,1,3.0,BOSCODOMINI (AVENUE),43.817697,5.04218,08:00:00,2024-09-20
202400052429,09:45,Plein jour,16,16362,1,1,1,5.0,Unknown,45.39657,0.254027,09:45:00,2024-06-09
202400052430,07:40,,03,03095,2,3,2,3.0,HUIT MAI 1945 (BOULEVARD DU),46.1289,3.44012,07:40:00,2024-10-18
202400052431,11:27,Plein jour,37,37233,2,2,1,3.0,SEMARD (RUE PIERRE),47.38732,0.71475,11:27:00,2024-12-01
202400052432,21:45,Nuit sans éclairage,84,84007,2,1,1,3.0,AMANDIER (AVENUE DE L'),43.94731,4.85586,21:45:00,2024-09-19
202400052433,15:15,Plein jour,16,16101,1,1,1,7.0,Unknown,45.556609,0.034015,15:15:00,2024-06-09
202400052434,21:32,,75,75120,2,1,1,3.0,BD PERIPHERIQUE INTERIEUR ,48.871428,2.413002,21:32:00,2024-10-25
202400052435,23:45,,37,37122,2,1,5,7.0,TAILHAR (RUE DU),47.35723592,0.68095078,23:45:00,2024-11-30
202400052436,13:15,Plein jour,83,83129,2,1,1,6.0,EUROPE (AVENU DE L'),43.11736205,5.84511316,13:15:00,2024-09-19
202400052437,21:00,Nuit sans éclairage,04,04209,1,1,3,6.0,D946,44.166352,5.927113,21:00:00,2024-06-09
202400052438,13:19,Plein jour,75,75119,2,1,1,3.0,AVENUE DE LA PORTE DE LA VILLETTE,48.899006,2.386964,13:19:00,2024-10-25
202400052439,11:15,Plein jour,78,78423,2,2,1,6.0,COL DE DYANE (RUE DU),48.76915,2.0515,11:15:00,2024-09-20
202400052440,18:30,Plein jour,04,04149,1,1,1,2.0,départementale 4096,44.036748,5.94841,18:30:00,2024-06-10
202400052441,10:30,Plein jour,75,75117,2,3,1,7.0,RUE DE COURCELLES,48.887459,2.29483,10:30:00,2024-10-25
202400052442,22:46,,77,77373,2,1,1,3.0,PARIS (ROUTE DE ),48.7782,2.58883,22:46:00,2024-09-19
202400052443,19:50,,37,37208,2,6,5,3.0,CANGE (RUE DE),47.36657,0.74497,19:50:00,2024-11-30
202400052444,11:45,Plein jour,85,85265,1,2,1,6.0,RD148,46.415395,-0.697749,11:45:00,2024-06-09
202400052445,21:50,,75,75116,2,3,2,6.0,RUE DE BOULAINVILLIERS,48.852981,2.275764,21:50:00,2024-10-25
202400052446,03:25,,31,31555,2,1,1,3.0,FAUBOURG BONNEFOY (RUE DU) DU 1AU 231,43.62576,1.45884,03:25:00,2024-12-01
202400052447,14:55,Plein jour,31,31555,2,1,1,5.0,ALL DE BELLEFONTAINE,43.56594,1.39519,14:55:00,2024-11-30
202400052448,04:04,Nuit sans éclairage,29,29232,1,1,2,3.0,Avenue de Ty Bos,47.97182899,-4.06440748,04:04:00,2024-12-01
202400052449,08:00,Plein jour,77,77132,2,1,1,6.0,RD 934,48.88315,2.8056,08:00:00,2024-09-20
202400052450,20:00,,94,94028,2,3,2,6.0,Rue Juliette Savar,48.77605,2.46853,20:00:00,2024-02-13
202400052451,13:50,Plein jour,94,94077,2,1,1,3.0,Chemin du Grand Godet,48.7398,2.40987,13:50:00,2024-02-14
202400052452,19:30,,93,93063,2,2,2,6.0,Avenue Berlioz / Boulevard Edouard Branly,48.87184315,2.43976253,19:30:00,2024-02-13
202400052453,20:50,,69,69266,2,2,1,2.0,Cours Emile Zola,45.76564,4.90081,20:50:00,2024-09-20
202400052454,06:00,Nuit sans éclairage,91,91064,1,1,2,7.0,RN 118,48.76181745,2.22732246,06:00:00,2024-01-03
202400052455,19:10,,93,93032,2,2,2,6.0,Rue Vaillant Couturier / Rue du Chemin de Fer,48.87705,2.54923,19:10:00,2024-02-13
202400052456,18:10,Nuit avec éclairage,93,93027,2,1,1,6.0,Rue du Moulin Neuf,48.92802,2.38407,18:10:00,2024-02-12
202400052457,19:00,Plein jour,69,69286,2,9,1,6.0,Avenue Victor Hugo,45.82,4.8868,19:00:00,2024-09-20
202400052458,23:31,Nuit sans éclairage,92,92050,1,1,1,6.0,A86,48.90737949,2.2125037,23:31:00,2024-01-02
202400052459,10:50,Plein jour,93,93005,2,1,8,6.0,Rue du 11 Novembre,48.932525,2.496429,10:50:00,2024-02-14
202400052460,20:30,,92,92036,1,1,3,7.0,RN315 Y,48.93288008,2.30233627,20:30:00,2024-01-02
202400052461,00:30,,69,69276,2,1,1,1.0,40 Route de Vienne,45.66694,4.85893,00:30:00,2024-09-21
202400052462,18:10,Plein jour,92,92064,2,1,1,3.0,MARCEL DASSAULT,48.85498572,2.22281316,18:10:00,2024-02-14
202400052463,18:30,Nuit sans éclairage,78,78217,1,1,2,3.0,A13 ,48.963209,1.837369,18:30:00,2024-01-02
202400052464,13:17,Plein jour,78,78297,1,1,2,2.0,RN12,48.79141,2.05602,13:17:00,2024-01-02
202400052465,17:15,Plein jour,92,92051,2,1,1,1.0,CHARCOT (RUE),48.88434949,2.25831699,17:15:00,2024-02-14
202400052466,11:40,Plein jour,69,69029,2,1,1,2.0,Avenue Pierre Mendès France,45.7238,4.91519,11:40:00,2024-09-20
202400052467,11:07,Plein jour,07,07078,2,6,1,3.0,D519,45.261359,4.703785,11:07:00,2024-03-28
202400052468,12:05,Plein jour,78,78545,1,1,3,2.0,A12 Y,48.810559,2.055841,12:05:00,2024-01-02
202400052469,21:15,Nuit sans éclairage,78,78321,1,1,3,6.0,RN12 INT,48.798982,1.921549,21:15:00,2024-01-01
202400052470,17:00,Crépuscule,92,92036,2,3,1,4.0,GENERAL DE GAULLE (AVENUE) (PAIRS),48.93377915,2.31337452,17:00:00,2024-02-14
202400052471,16:50,Plein jour,69,69029,2,3,1,1.0,Rue Lionel Terray,45.72589,4.9076,16:50:00,2024-09-19
202400052472,21:30,Nuit sans éclairage,95,95212,1,1,2,6.0,N104,49.033623,2.542158,21:30:00,2024-01-02
202400052473,07:53,Plein jour,07,07010,2,1,1,4.0,Avenue de Backnang,45.249267,4.673583,07:53:00,2024-03-28
202400052474,22:03,,67,67218,2,8,1,6.0,STRASBOURG (AVENUE DE),48.54552,7.73841,22:03:00,2024-09-20
202400052475,23:29,,92,92036,2,3,1,3.0,SORTIE A 86,48.93615101,2.27946067,23:29:00,2024-02-13
202400052476,22:00,Nuit sans éclairage,92,92036,1,1,3,5.0,AUTOROUTE A86,48.93863106,2.30153382,22:00:00,2024-01-02
202400052477,08:07,Crépuscule,40,40046,2,4,7,6.0,Rue du Hapchot,44.387512,-1.17212,08:07:00,2024-03-23
202400052478,10:47,Plein jour,85,85291,1,1,1,6.0,RD88,46.61896,-1.286139,10:47:00,2024-03-25
202400052479,19:30,Nuit sans éclairage,94,94079,1,1,2,2.0,A4,48.82827604,2.52705363,19:30:00,2024-01-02
202400052480,17:35,Crépuscule,92,92035,2,9,2,3.0,National ( boulevard ),48.904971,2.23935556,17:35:00,2024-02-11
202400052481,14:30,Plein jour,67,67482,2,1,1,3.0,RHIN NAPOLEON (RUE DU),48.54721,7.79094,14:30:00,2024-09-20
202400052482,12:00,Plein jour,974,97411,2,6,1,6.0,JAURES (BLD 1 JEAN),-20.90228,55.50247,12:00:00,2024-01-02
202400052483,00:11,,92,92026,2,1,1,7.0,PRÉSIDENT PAUL DOUMER (QUAI DU),48.89582,2.26263,00:11:00,2024-02-14
202400052484,09:00,Plein jour,85,85008,1,3,1,3.0,D108,46.58544,-1.458399,09:00:00,2024-03-21
202400052485,15:10,Plein jour,64,64102,2,1,1,3.0,MAI 1945 (AVENUE DU 8),43.47354,-1.48578,15:10:00,2024-09-20
202400052486,14:23,Plein jour,75,75101,2,2,1,6.0,BOULEVARD DE SEBASTOPOL,48.858504,2.348218,14:23:00,2024-08-14