Num_Acc,hrmn,lum,dep,com,agg,int,atm,col,adr,lat,long,heure,date
202400052487,06:00,Crépuscule,38,38157,1,1,1,6.0,D502,45.510809,4.963422,06:00:00,2024-02-15
202400052488,07:10,,69,69388,2,3,2,3.0,Avenue Général Frère,45.72688,4.88548,07:10:00,2024-01-02
202400052489,07:30,Crépuscule,27,27146,1,1,1,7.0,Route de Cormeilles,49.263635,0.393078,07:30:00,2024-03-27
202400052490,14:23,Plein jour,75,75104,2,2,1,1.0,QUAI DE GESVRES,48.85671,2.348961,14:23:00,2024-08-14
202400052491,07:15,Plein jour,42,42069,1,1,1,6.0,D18,45.9894,4.052791,07:15:00,2024-02-15
202400052492,09:00,Plein jour,63,63032,2,2,1,3.0,Allée du Parc / Avenue de l'Europe,45.75495,3.09662,09:00:00,2024-09-20
202400052493,10:36,Plein jour,65,65272,2,1,1,7.0,Chemin de la Côte Vieille,43.197793,0.193967,10:36:00,2024-02-14
202400052494,12:40,Plein jour,01,01290,1,1,1,5.0,D4,45.903519,5.174292,12:40:00,2024-03-28
202400052495,15:04,Plein jour,2B,2B120,2,9,1,6.0,IMPERIALE (Route) D464 ,42.65,9.41,15:04:00,2024-01-02
202400052496,14:10,Plein jour,75,75119,2,2,1,6.0,AVENUE JEAN JAURES,48.887731,2.389323,14:10:00,2024-08-15
202400052497,14:20,Plein jour,62,62510,2,1,1,3.0,Rue François Courtin,50.42321174,2.77742082,14:20:00,2024-09-18
202400052498,16:33,Plein jour,83,83023,1,1,1,6.0,A8,43.41811,6.033232,16:33:00,2024-03-27
202400052499,07:55,Plein jour,971,97101,1,1,2,2.0,RN1 ROCADE DE CHAUVEL,16.24099,-61.52263,07:55:00,2024-01-01
202400052500,10:47,Plein jour,75,75118,2,1,1,3.0,AVENUE DE SAINT OUEN,48.893714,2.32767,10:47:00,2024-08-15
202400052501,03:21,Nuit sans éclairage,51,51409,1,1,2,6.0,D977,48.866193,4.277533,03:21:00,2024-02-15
202400052502,07:40,Plein jour,2B,2B148,1,1,1,6.0,RT 11,42.553096,9.460731,07:40:00,2024-03-28
202400052503,19:50,,95,95555,2,1,2,6.0,D109,48.96803834,2.28489569,19:50:00,2024-01-02
202400052504,11:45,Plein jour,88,88078,2,1,2,6.0,21 Rue Poincaré,48.21439,6.713467,11:45:00,2024-03-27
202400052505,20:45,Nuit sans éclairage,56,56244,1,1,1,3.0,N166,47.829206,-2.432102,20:45:00,2024-02-14
202400052506,14:45,Plein jour,75,75113,2,2,1,3.0,RUE VERGNIAUD,48.825649,2.345115,14:45:00,2024-08-15
202400052507,09:55,Plein jour,59,59350,2,2,1,3.0,Rue Gutenberg (Lille),50.63683,3.09226,09:55:00,2024-09-20
202400052508,19:20,,95,95063,2,9,3,6.0,EDOUARD VAILLANT (RUE),48.92460943,2.20925778,19:20:00,2024-01-02
202400052509,14:55,Plein jour,75,75112,2,1,1,1.0,AVENUE DE NOGENT,48.842088,2.449107,14:55:00,2024-08-15
202400052510,16:30,Plein jour,88,88261,2,4,1,1.0,Rue Maurice Mougeot,48.19421331,6.70352429,16:30:00,2024-03-27
202400052511,20:10,,91,91027,2,3,2,3.0,18 AVRIL 1944 (AVENUE DU),48.700341,2.384449,20:10:00,2024-01-02
202400052512,17:05,Plein jour,38,38565,2,1,1,7.0,Avenue du 11 Novembre,45.287409,5.642182,17:05:00,2024-03-02
202400052513,08:00,Plein jour,75,75112,2,1,1,7.0,BOULEVARD PONIATOWSKI,48.829833,2.391095,08:00:00,2024-08-15
202400052514,06:25,Crépuscule,2B,2B346,1,1,1,2.0,Vescovato,42.524732,9.457448,06:25:00,2024-02-15
202400052515,08:45,Crépuscule,91,91027,2,1,2,6.0,FRANCOIS MITTERRAND (AVENUE),48.69838,2.37194,08:45:00,2024-01-02
202400052516,09:01,Plein jour,87,87048,1,1,2,6.0,RD 11,45.77200382,1.22369331,09:01:00,2024-01-02
202400052517,11:20,Plein jour,59,59271,2,2,1,3.0,PAPIN DENIS,51.020072,2.29756,11:20:00,2024-09-19
202400052518,18:00,Nuit sans éclairage,11,11351,1,1,1,3.0,Route départementale 611 PK 24+800,43.095523,2.718655,18:00:00,2024-02-14
202400052519,22:30,,01,01062,1,1,8,6.0,Chemin du Ferrand,45.868867,5.102929,22:30:00,2024-03-27
202400052520,20:00,Plein jour,75,75103,2,3,1,7.0,BOULEVARD DES FILLES DU CALVAIRE,48.863071,2.366746,20:00:00,2024-08-15
202400052521,09:00,Plein jour,94,94003,2,1,1,3.0,Avenue Aristide Briand,48.8049589,2.32537687,09:00:00,2024-05-03
202400052522,17:05,Plein jour,82,82033,1,4,1,1.0,Route Quercy-Gascogne,44.06486,1.11165,17:05:00,2024-01-01
202400052523,17:20,Plein jour,12,12264,2,1,1,6.0,30 Rue des Caussenus,44.399306,2.601522,17:20:00,2024-02-14
202400052524,15:05,Plein jour,56,56260,2,1,1,7.0,Avenue René de Kerviler,47.6401,-2.76102,15:05:00,2024-09-20
202400052525,08:25,Plein jour,69,69122,2,3,1,6.0,Chemin des Ecoliers,45.913702,4.705458,08:25:00,2024-03-28
202400052526,09:15,Plein jour,94,94041,2,3,1,3.0,Avenue Maurice Thorez / Rue Pierre et Marie Curie,48.81609,2.3771,09:15:00,2024-05-03
202400052527,19:05,,78,78498,2,3,2,6.0,VILLIERS RUE DE,48.92227,2.02427,19:05:00,2024-01-02
202400052528,08:45,Plein jour,75,75103,2,2,1,2.0,RUE BEAUBOURG,48.864264,2.355162,08:45:00,2024-10-01
202400052529,15:50,Plein jour,14,14488,2,7,2,6.0,17 Place Albert Lemarignier,49.276583,-0.25864,15:50:00,2024-03-26
202400052530,07:00,Nuit sans éclairage,42,42260,1,3,1,3.0,Route de Saint Thurin,45.836925,3.915183,07:00:00,2024-02-15
202400052531,07:00,Plein jour,94,94073,2,6,1,3.0,Avenue de Fontainebleau / Avenue du Général de Gaulle,48.76921,2.36804,07:00:00,2024-05-03
202400052532,01:35,,77,77152,2,1,1,6.0,GAILLARD(RUE DU CHATEAU),48.5128752,2.62012073,01:35:00,2024-01-01
202400052533,16:18,Plein jour,59,59315,1,1,1,3.0,Chemin des Potiers,50.341168,3.797091,16:18:00,2024-03-27
202400052534,13:05,Plein jour,56,56121,2,2,1,3.0,Rue de Kermélo,47.7363,-3.38549,13:05:00,2024-09-20
202400052535,21:20,,94,94028,2,1,1,6.0,Rue Henri Koch,48.80320467,2.45451361,21:20:00,2024-05-03
202400052536,17:45,Crépuscule,42,42235,1,1,1,7.0,D104,45.370132,4.076529,17:45:00,2024-02-14
202400052537,02:20,,94,94041,2,3,1,2.0,Rue d’Estienne d’Orves,48.81337,2.38219,02:20:00,2024-08-15
202400052538,17:55,,77,77307,1,6,2,6.0,RTE DE PROVINS,48.8524,2.7625,17:55:00,2024-01-02
202400052539,18:15,Plein jour,94,94028,2,1,3,6.0,Route de Choisy,48.78400194,2.44736552,18:15:00,2024-05-02
202400052540,14:15,Plein jour,54,54027,1,1,2,6.0,Autoroute A 31,48.89586,6.103368,14:15:00,2024-03-24
202400052541,12:00,Plein jour,94,94078,2,3,1,3.0,Avenue Winston Churchill,48.75499,2.44445,12:00:00,2024-08-15
202400052542,21:17,Nuit avec éclairage,56,56162,1,1,1,6.0,Kerbérel,47.75278,-3.46058,21:17:00,2024-09-19
202400052543,12:10,Plein jour,77,77058,2,1,3,1.0,EUROPE (AVENUE DE L' ),48.83226,2.71984,12:10:00,2024-01-02
202400052544,02:10,Nuit sans éclairage,91,91549,1,1,1,2.0,RN 104,48.626572,2.349439,02:10:00,2024-03-27
202400052545,08:00,Plein jour,94,94011,2,6,8,3.0,Avenue de Boissy / Avenue du Bicentenaire 1789 1989,48.76619,2.49019,08:00:00,2024-05-02
202400052546,18:00,,77,77458,1,9,2,3.0,RUE DE MONTARGIS,48.17531249,2.74489361,18:00:00,2024-01-01
202400052547,21:05,Crépuscule,94,94065,1,1,1,5.0,N186B,48.75342,2.36081,21:05:00,2024-08-15
202400052548,23:25,,94,94019,2,4,8,6.0,Rue du Général de Gaulle / Rue du Pont,48.79632635,2.53025043,23:25:00,2024-05-02
202400052549,20:20,,95,95252,1,9,3,3.0,A115,48.98430558,2.24152258,20:20:00,2024-03-26
202400052550,17:20,Plein jour,46,46284,1,1,1,5.0,2485 croix blanche,44.88489356,1.86521351,17:20:00,2024-02-14
202400052551,13:35,Plein jour,54,54395,2,2,1,3.0,Rue du Manege,48.69218,6.18704,13:35:00,2024-09-20
202400052552,08:20,Crépuscule,76,76540,2,4,3,6.0,Rue de la Mare aux Planches,49.43504,1.07876,08:20:00,2024-01-02
202400052553,23:50,Nuit avec éclairage,39,39299,2,1,1,6.0,6 Rue Corne d'Aury,46.962067,5.365194,23:50:00,2024-02-14
202400052554,09:20,Plein jour,94,94060,2,1,1,1.0,Rue de Picardie,48.79028266,2.58140892,09:20:00,2024-05-02
202400052555,15:22,Plein jour,93,93073,2,1,1,1.0,Avenue Pierre Colongo,48.93964588,2.58732677,15:22:00,2024-08-15
202400052556,16:50,Plein jour,77,77294,1,1,1,2.0,A104,48.96826485,2.60209057,16:50:00,2024-03-27
202400052557,17:15,Plein jour,54,54382,2,1,1,3.0,rue Jean Jaurès,49.53765648,5.78899562,17:15:00,2024-09-20
202400052558,08:30,Plein jour,76,76351,2,3,2,3.0,GRAVILLE (BD DE),49.49156,0.1489,08:30:00,2024-01-02
202400052559,17:00,Crépuscule,25,25532,2,2,1,6.0,Rue de la Mairie,47.224567,6.117572,17:00:00,2024-02-13
202400052560,10:00,Plein jour,11,11262,2,6,1,3.0,38 Avenue Pierre Semard,43.18798,3.00843,10:00:00,2024-01-24
202400052561,18:55,Plein jour,93,93078,2,6,1,2.0,Boulevard Robert Ballanger / Avenue Georges Clémenceau,48.96161,2.55694,18:55:00,2024-05-03
202400052562,12:20,Plein jour,57,57283,2,1,1,6.0,METZ (RUE DE),49.24947765,6.16991758,12:20:00,2024-01-01
202400052563,20:15,Crépuscule,93,93064,2,2,1,3.0,Boulevard d'Alsace-lorraine / Rue Jacques Offenbach,48.88496634,2.48159352,20:15:00,2024-08-15
202400052564,16:30,Plein jour,51,51454,2,1,2,6.0,BONAPARTE (AVENUE DU GENERAL),49.2272,4.01291,16:30:00,2024-01-02
202400052565,18:15,Plein jour,44,44069,1,1,1,5.0,48 Route des Marais,47.329108,-2.475743,18:15:00,2024-02-09
202400052566,20:28,,49,49007,2,1,2,6.0,LETANDUERE,47.4529,-0.55357,20:28:00,2024-01-01
202400052567,11:10,Plein jour,52,52448,2,9,1,6.0,LACHATS (RUE DES),48.63567,4.96078,11:10:00,2024-09-13
202400052568,20:30,Nuit sans éclairage,22,22282,1,1,1,7.0,Boulevard de l'Arguenon,48.578076,-2.214292,20:30:00,2024-01-27
202400052569,19:00,Nuit sans éclairage,44,44087,1,1,1,1.0,34bis Route de saint meme le tenu ,47.007456,-1.815226,19:00:00,2024-02-13
202400052570,17:10,,45,45298,2,1,2,6.0,65 Rue des Hautes Levées,47.89289,1.87664,17:10:00,2024-01-02
202400052571,14:00,Plein jour,93,93070,2,1,1,7.0,Rue du Landy,48.91769,2.33157,14:00:00,2024-05-01
202400052572,09:00,Plein jour,93,93064,2,1,1,6.0,Rue de Lisbonne,48.87982648,2.47435395,09:00:00,2024-08-15
202400052573,08:05,,45,45004,2,1,2,6.0,D2107 PR 1 + 840,47.97734,2.7333,08:05:00,2024-01-02
202400052574,18:55,Nuit sans éclairage,974,97416,2,1,1,2.0,AUBEPINES(ALLEE DES),-21.3275,55.4933,18:55:00,2024-03-26
202400052575,17:35,Plein jour,49,49007,2,1,1,3.0,BEAUREPAIRE,47.47443,-0.56023,17:35:00,2024-09-19
202400052576,22:30,Nuit sans éclairage,66,66148,1,1,1,1.0,D914,42.512032,3.096106,22:30:00,2024-02-14
202400052577,01:00,,92,92048,2,1,1,6.0,TRIVAUX (AVENUE DE) N° 9,48.79889208,2.23311424,01:00:00,2024-08-15
202400052578,13:10,Plein jour,83,83142,1,1,1,6.0,RD 955 - STE ANNE,43.765422,6.449318,13:10:00,2024-02-15
202400052579,23:30,,44,44162,2,7,1,3.0,Place Océane,47.2252,-1.62751,23:30:00,2024-09-20
202400052580,14:00,Plein jour,93,93032,2,2,2,1.0,Rue Paul Vaillant Couturier / Avenue des Marronniers,48.868279,2.556996,14:00:00,2024-05-02
202400052581,06:48,,45,45068,2,3,2,1.0,33 Rue Kléber,48.01008,2.73832,06:48:00,2024-01-02
202400052582,17:25,Plein jour,974,97416,1,1,1,3.0,LIGNE PARADIS(ROUTE DE LA),-21.30613,55.46421,17:25:00,2024-03-26
202400052583,17:45,Plein jour,18,18082,1,1,1,7.0,L’Hopital,46.983286,3.045364,17:45:00,2024-02-13
202400052584,17:00,Plein jour,09,09062,1,1,1,1.0,D4,42.887953,1.024239,17:00:00,2024-08-15
202400052585,13:50,Plein jour,93,93057,2,1,1,1.0,Avenue du Quatorze Juillet,48.913047,2.491349,13:50:00,2024-05-03
202400052586,19:10,Plein jour,42,42183,2,4,1,3.0,GAMBETTA (RUE),45.40507,4.37089,19:10:00,2024-09-20
202400052587,15:45,Plein jour,42,42207,1,9,1,1.0,Allée Jean le Rond d'Alembert,45.49336,4.52462,15:45:00,2024-01-01
202400052588,08:45,Plein jour,85,85018,1,1,1,7.0,la petite maladrie,46.901445,-2.033098,08:45:00,2024-02-15
202400052589,16:40,Plein jour,69,69387,2,3,2,3.0,Rue Lortet,45.7425,4.839,16:40:00,2024-03-26
202400052590,20:30,,75,75115,2,2,9,1.0,RUE DE LA CONVENTION,48.837224,2.296424,20:30:00,2024-10-25
202400052591,13:30,Plein jour,42,42275,2,1,2,6.0,Rue de l'Artisanat,45.468,4.37073,13:30:00,2024-01-02
202400052592,14:30,Plein jour,28,28120,1,1,1,6.0,D4,48.691102,1.107559,14:30:00,2024-02-14
202400052593,12:00,Plein jour,93,93008,2,3,1,3.0,Rue de la République / Rue Albert Einstein,48.90706,2.42944,12:00:00,2024-05-03
202400052594,21:00,Crépuscule,35,35176,1,1,1,3.0,La Perrais,47.825975,-1.77173,21:00:00,2024-08-14
202400052595,10:15,Plein jour,69,69388,2,3,2,6.0,Avenue Paul Santy,45.73461,4.87104,10:15:00,2024-03-26
202400052596,17:25,Plein jour,39,39198,2,2,1,3.0,20 Boulevard du President Wilson,47.096995,5.494645,17:25:00,2024-09-19
202400052597,02:05,,75,75115,2,3,1,1.0,RUE DE VAUGIRARD,48.844691,2.318828,02:05:00,2024-10-25
202400052598,17:25,Plein jour,92,92064,2,1,1,6.0,PASTEUR,48.84167735,2.20058155,17:25:00,2024-05-03
202400052599,05:40,Nuit sans éclairage,12,12300,1,6,5,6.0,Mas de Souyri,44.359267,1.985135,05:40:00,2024-08-16
202400052600,21:45,Nuit sans éclairage,28,28052,1,1,2,6.0,D26.1,48.567251,1.497381,21:45:00,2024-02-14
202400052601,07:20,Plein jour,14,14366,2,1,1,6.0,140 Avenue du 6 Juin,49.14123,0.212571,07:20:00,2024-07-11
202400052602,16:00,Plein jour,37,37261,2,3,2,3.0,MAGINOT (AV. ANDRE),47.4125,0.68535,16:00:00,2024-01-02
202400052603,15:10,Plein jour,75,75114,2,3,8,6.0,BOULEVARD DU MONTPARNASSE,48.84325007,2.32551831,15:10:00,2024-10-25
202400052604,14:15,Plein jour,13,13103,2,1,1,1.0,Boulevard Nostradamus,43.64163882,5.09466367,14:15:00,2024-07-11
202400052605,08:15,Plein jour,37,37122,2,6,1,3.0,CHINON (BOULEVARD DE),47.35107,0.67914,08:15:00,2024-09-19
202400052606,13:15,Plein jour,75,75114,2,4,1,6.0,RUE VERCINGETORIX,48.837522,2.320217,13:15:00,2024-10-24
202400052607,01:35,Nuit sans éclairage,13,13091,1,1,1,1.0,D7N,43.634157,5.282364,01:35:00,2024-02-15
202400052608,14:25,Plein jour,37,37214,1,1,2,6.0,METTRAY (CHEMIN DE),47.43424,0.67217,14:25:00,2024-01-02
202400052609,08:50,Plein jour,92,92064,2,3,1,3.0,CAMP CANADIEN,48.85289941,2.20587069,08:50:00,2024-05-03
202400052610,19:00,Plein jour,13,13208,2,9,1,3.0,MENDES FRANCE (AVENUE),43.25654,5.37672,19:00:00,2024-07-11
202400052611,12:27,Plein jour,06,06149,2,3,1,6.0,boulevard riba roussa,43.734108,7.301531,12:27:00,2024-08-16
202400052612,16:10,Plein jour,27,27504,2,9,1,3.0,Rue du Bout Loriot,49.082116,1.074375,16:10:00,2024-06-05
202400052613,11:45,Plein jour,51,51562,1,1,1,6.0,"A34, Aire de TAISSY (Péage de Taissy), sens METZ/PARIS",49.212796,4.07758,11:45:00,2024-01-09
202400052614,08:10,Plein jour,35,35238,2,6,1,3.0,CHATEAU (AVENUE FRANCOIS),48.1117,-1.64658,08:10:00,2024-09-20
202400052615,12:30,Plein jour,37,37233,2,1,2,6.0,Rue de la Morinerie,47.39374663,0.74599439,12:30:00,2024-01-02
202400052616,05:45,,75,75112,2,2,8,3.0,RUE JOSEPH KESSEL,48.83372,2.382492,05:45:00,2024-10-25
202400052617,13:00,Plein jour,92,92049,2,1,1,1.0,MARNE AVENUE DE LA,48.81480314,2.3058461,13:00:00,2024-05-03
202400052618,03:45,Nuit sans éclairage,87,87127,1,1,1,6.0,D19,45.575848,1.294477,03:45:00,2024-06-09
202400052619,08:40,Plein jour,13,13215,2,3,1,6.0,BLD DE LETZ,43.347,5.36845,08:40:00,2024-07-11
202400052620,15:48,Plein jour,972,97209,2,1,1,4.0,RD 41 (ROCADE),14.61571,-61.05376,15:48:00,2024-03-26
202400052621,20:30,,95,95351,2,1,2,6.0,GARE (AVENUE DE LA),49.050258,2.501936,20:30:00,2024-02-13
202400052622,17:30,Plein jour,06,06060,1,1,1,1.0,Route de l'Aire Saint-Michel,43.750862,7.265171,17:30:00,2024-08-14
202400052623,23:00,,33,33063,2,1,1,6.0,Unknown,44.8319,-0.55806,23:00:00,2024-09-20
202400052624,17:25,Plein jour,37,37167,2,1,1,7.0,AVENUE DES VALLÉES (ZA POLAXIS),47.55413926,0.59329806,17:25:00,2024-06-09
202400052625,06:05,Plein jour,92,92040,2,1,1,2.0,STALINGRAD (QUAI DE),48.82365271,2.25565597,06:05:00,2024-05-03
202400052626,09:30,Plein jour,75,75102,2,2,1,6.0,RUE DU QUATRE SEPTEMBRE,48.869181,2.338696,09:30:00,2024-10-25
202400052627,18:45,,69,69381,2,1,1,2.0,Tunnel de la Croix-Rousse,45.77270442,4.83639185,18:45:00,2024-03-26
202400052628,15:15,Plein jour,33,33249,2,4,2,6.0,Unknown,44.86863,-0.52242,15:15:00,2024-01-02
202400052629,18:30,Nuit sans éclairage,83,83016,1,3,1,3.0,DN8,43.204435,5.808471,18:30:00,2024-02-14
202400052630,16:10,Plein jour,13,13063,2,2,1,3.0,QUENOUILLE RUE DE LA,43.58779,4.99438,16:10:00,2024-07-11
202400052631,17:40,Plein jour,88,88445,1,1,1,1.0,Rue du Pair,48.256927,6.975074,17:40:00,2024-06-09
202400052632,14:00,Plein jour,81,81003,1,3,1,4.0,départementale 999,43.888081,2.441846,14:00:00,2024-08-16
202400052633,08:15,Plein jour,94,94081,2,1,1,6.0,84 Avenue Jean Jaurès,48.793453,2.397215,08:15:00,2024-10-25
202400052634,20:50,,33,33119,2,2,1,3.0,Unknown,44.85703,-0.53231,20:50:00,2024-09-20
202400052635,14:25,Plein jour,92,92025,2,1,1,2.0,STALINGRAD (AV DE),48.93104018,2.26711696,14:25:00,2024-05-03
202400052636,10:30,Plein jour,32,32013,1,1,8,7.0,R N 21,43.62513703,0.57735512,10:30:00,2024-01-02
202400052637,12:05,Plein jour,971,97120,1,6,1,3.0,GERTY ARCHIMEDE (RESIDENCE),16.24843,-61.53781,12:05:00,2024-03-25
202400052638,11:15,Plein jour,05,05027,1,1,1,7.0,D902,44.829487,6.723804,11:15:00,2024-08-15
202400052639,07:50,Crépuscule,71,71235,1,2,1,3.0,Rue de Chaponnière,46.334232,4.791627,07:50:00,2024-02-13
202400052640,11:10,Plein jour,94,94058,2,1,1,3.0,Avenue Montaigne,48.83826,2.50644,11:10:00,2024-10-25
202400052641,08:15,Plein jour,13,13001,2,1,1,2.0,GALICE (RTE),43.52780798,5.40446335,08:15:00,2024-07-11
202400052642,15:30,Plein jour,45,45247,1,1,1,6.0,A77 PR 28 + 200,47.995477,2.677161,15:30:00,2024-06-09
202400052643,01:30,,92,92007,2,1,2,6.0,PLUCHET (RUE ALPHONSE),48.79981262,2.30114132,01:30:00,2024-05-02
202400052644,00:40,Nuit sans éclairage,974,97412,1,1,1,6.0,12 Rue Marcel Pagnol,-21.380181,55.65765,00:40:00,2024-08-16
202400052645,22:00,,33,33063,2,1,1,2.0,Unknown,44.86358,-0.58168,22:00:00,2024-09-20
202400052646,19:25,,31,31483,2,1,1,1.0,FRANCOIS MITTERAND ( AVENUE),43.11042,0.73504,19:25:00,2024-01-02
202400052647,10:53,Plein jour,67,67112,1,3,1,1.0,Rue de la Gare,48.538776,7.566528,10:53:00,2024-02-14
202400052648,09:58,Plein jour,94,94041,2,1,1,6.0,Rue Maurice Gunsbourg,48.812,2.40408,09:58:00,2024-10-25
202400052649,18:20,Plein jour,92,92007,2,3,2,6.0,LATERAL (CHEMIN),48.80157216,2.30033612,18:20:00,2024-05-02
202400052650,10:42,Plein jour,08,08409,2,1,1,7.0,CHANZY (BOULEVARD),49.70219,4.9444,10:42:00,2024-07-07
202400052651,14:30,Plein jour,972,97201,2,1,1,7.0,Cite Grenade,14.81959,-61.111743,14:30:00,2024-08-15
202400052652,06:30,Crépuscule,01,01004,1,1,1,5.0,D1075,45.969273,5.33957,06:30:00,2024-06-10
202400052653,23:05,Nuit sans éclairage,971,97101,1,1,1,4.0,PERRIN,16.28279,-61.50668,23:05:00,2024-03-24
202400052654,15:25,Plein jour,94,94038,2,1,1,6.0,6 Avenue Aristide Briand,48.779394,2.335312,15:25:00,2024-10-25
202400052655,15:50,Plein jour,33,33063,2,1,1,3.0,Unknown,44.9022,-0.57961,15:50:00,2024-09-07
202400052656,13:00,Plein jour,92,92004,2,1,1,6.0,VOLTAIRE ( BD 16 A FIN ),48.91433,2.29472,13:00:00,2024-05-03
202400052657,00:28,Nuit avec éclairage,63,63446,2,1,1,7.0,Route de la Côte Rousse,46.05106931,3.16472177,00:28:00,2024-08-16
202400052658,16:17,Plein jour,45,45269,1,1,1,2.0,A10 PR 107 + 616,47.878826,1.737621,16:17:00,2024-06-06
202400052659,19:20,Nuit avec éclairage,29,29232,2,6,1,6.0,Route de Brest,48.01503,-4.08192,19:20:00,2024-11-29
202400052660,14:50,Plein jour,92,92014,2,1,8,7.0,BIEVRE (RUE DE LA),48.7808365,2.32010776,14:50:00,2024-05-02
202400052661,16:50,Plein jour,69,69228,2,1,1,6.0,1292 Route de Villette,45.579836,4.631381,16:50:00,2024-02-14
202400052662,15:00,Plein jour,14,14301,2,1,3,6.0,8 Rue de l'Église,49.18317,-0.28611,15:00:00,2024-01-02
202400052663,20:49,Crépuscule,06,06088,2,3,1,6.0,11 Avenue Antonia Augusta,43.7229512,7.2854955,20:49:00,2024-07-09
202400052664,19:01,Crépuscule,95,95277,2,9,1,3.0,PIERRE SALVI (AVENUE),48.99128272,2.43353069,19:01:00,2024-03-26
202400052665,06:15,,15,15014,2,1,1,6.0,Rue Henri Delmont,44.93469,2.4502,06:15:00,2024-12-01
202400052666,01:50,,33,33063,2,2,1,3.0,Unknown,44.8351,-0.57499,01:50:00,2024-09-20
202400052667,09:45,Plein jour,69,69072,1,1,1,6.0,Autoroute 89,45.83538,4.74942,09:45:00,2024-02-14
202400052668,12:00,Plein jour,971,97118,1,1,2,3.0,Route de la Traversee,16.17849,-61.720462,12:00:00,2024-06-09
202400052669,10:00,Plein jour,86,86165,2,3,1,3.0,Avenue de l'Europe,46.430884,0.861094,10:00:00,2024-08-16
202400052670,00:40,,12,12301,2,1,2,6.0,Faubourg du Grès,44.436381,2.034885,00:40:00,2024-04-27
202400052671,22:40,,13,13210,2,1,1,1.0,PONT DE VIVAUX (BOULEVARD),43.28016,5.41959,22:40:00,2024-12-01
202400052672,14:20,Plein jour,94,94073,2,9,1,3.0,Avenue de Versailles,48.75939,2.39658,14:20:00,2024-10-25
202400052673,02:45,,13,13210,2,1,1,1.0,RABATAU (BOULEVARD),43.27319114,5.39240373,02:45:00,2024-01-02
202400052674,11:15,Plein jour,06,06069,2,1,1,6.0,135 Route de Draguignan,43.645098,6.90293,11:15:00,2024-07-11
202400052675,23:00,Nuit sans éclairage,67,67152,1,9,1,6.0,M83,48.5176,7.6993,23:00:00,2024-02-11
202400052676,23:30,,974,97410,2,1,1,6.0,chemin de l'abondance,-21.034374,55.676571,23:30:00,2024-08-15
202400052677,16:10,Plein jour,77,77177,2,1,1,7.0,6 Rue de la Brie,48.762819,2.774166,16:10:00,2024-06-08
202400052678,20:15,,13,13211,2,1,1,1.0,SAINT MARCEL (BOULEVARD DE ),43.2881,5.4633,20:15:00,2024-12-01
202400052679,08:00,Plein jour,38,38378,1,1,1,6.0,D4,45.420846,4.774777,08:00:00,2024-05-04
202400052680,08:15,Plein jour,91,91377,2,6,2,3.0,RUE APPERT,48.7318,2.28373,08:15:00,2024-03-26
202400052681,17:00,Plein jour,94,94028,2,1,1,6.0,Rue René Arcos,48.77787,2.46322,17:00:00,2024-10-24
202400052682,06:30,,13,13028,2,1,1,3.0,RIPERT (AVENUE EMILE),43.18601,5.614,06:30:00,2024-01-01
202400052683,18:40,Plein jour,30,30055,2,1,1,6.0,649 Route des Fumades,44.131125,4.238716,18:40:00,2024-06-10
202400052684,06:30,Crépuscule,60,60069,1,1,1,6.0,D922,49.150808,2.927985,06:30:00,2024-08-16
202400052685,15:51,Plein jour,33,33249,2,2,1,3.0,Unknown,44.88526,-0.51819,15:51:00,2024-09-19
202400052686,08:00,Plein jour,13,13211,2,1,1,2.0,SAINT MARCEL (BOULEVARD DE ),43.28749748,5.46527398,08:00:00,2024-12-01
202400052687,18:00,Plein jour,03,03185,2,3,1,3.0,Avenue Jean Nègre,46.34284,2.57795,18:00:00,2024-07-10
202400052688,10:53,Plein jour,78,78297,1,1,1,4.0,RN12,48.789614,2.059572,10:53:00,2024-02-12
202400052689,12:40,Plein jour,11,11069,2,1,1,6.0,Unknown,43.19309,2.34016,12:40:00,2024-01-02
202400052690,07:23,Nuit sans éclairage,94,94077,2,1,1,1.0,Avenue le Foll,48.72778,2.43625,07:23:00,2024-10-25
202400052691,17:05,Plein jour,06,06088,2,6,2,2.0,432 Boulevard du Mercantour,43.70401,7.189157,17:05:00,2024-05-02
202400052692,07:30,Crépuscule,13,13215,2,1,1,6.0,CAP PINEDE (Avenue),43.32805,5.36363,07:30:00,2024-12-01
202400052693,17:30,Plein jour,29,29039,1,1,1,7.0,Rue de Melgven,47.88105304,-3.88655493,17:30:00,2024-09-20
202400052694,14:40,Plein jour,22,22032,2,3,1,3.0,Rue de Dinan,48.288444,-2.154597,14:40:00,2024-08-14
202400052695,12:25,Plein jour,89,89387,2,3,1,3.0,MAUPEOU (BOULEVARD),48.19957,3.27973,12:25:00,2024-03-25
202400052696,00:45,Nuit sans éclairage,83,83071,1,9,1,1.0,Ancien Chemin de Hyeres,43.128615,6.211494,00:45:00,2024-06-08
202400052697,16:45,Plein jour,01,01053,2,3,1,3.0,CHARMETTES ( RUE DES ),46.19382,5.2393,16:45:00,2024-07-11
202400052698,13:40,Plein jour,13,13004,2,1,1,1.0,AV VICTOR HUGO,43.67491,4.63406,13:40:00,2024-11-30