Num_Acc,hrmn,lum,dep,com,agg,int,atm,col,adr,lat,long,heure,date
202400052699,11:40,Plein jour,94,94071,2,6,1,3.0,Rue de Paris,48.772696,2.500799,11:40:00,2024-10-25
202400052700,18:55,Nuit sans éclairage,07,07281,1,1,2,7.0,C.D.533,44.93618234,4.82568338,18:55:00,2024-01-02
202400052701,18:50,Plein jour,29,29019,2,1,1,2.0,avenue Georges Pompidou,48.41381982,-4.47999179,18:50:00,2024-09-20
202400052702,15:15,Plein jour,89,89024,2,1,1,6.0,PREUILLY (RUE DE),47.79088,3.58098,15:15:00,2024-03-21
202400052703,14:00,Plein jour,59,59278,2,6,1,2.0,Rue du General de Gaulle,50.60783,2.955108,14:00:00,2024-05-03
202400052704,07:50,Plein jour,25,25469,2,2,1,1.0,Grande Rue,47.501689,6.731594,07:50:00,2024-06-10
202400052705,19:10,Nuit sans éclairage,09,09225,1,1,1,1.0,MIREPOIX ROUTE DE,43.10176885,1.63518995,19:10:00,2024-12-01
202400052706,19:30,Plein jour,50,50512,1,5,1,3.0,La Croix Genest,49.04931,-1.174368,19:30:00,2024-08-14
202400052707,09:15,Plein jour,78,78322,1,1,1,4.0,RN12 EXT,48.78652102,2.15182364,09:15:00,2024-02-12
202400052708,17:20,Nuit avec éclairage,06,06069,2,1,1,3.0,Route de Cannes,43.63635,6.95137,17:20:00,2024-01-02
202400052709,09:40,Plein jour,75,75117,2,1,1,2.0,BD PERIPHERIQUE EXTERIEUR,48.900619,2.32352,09:40:00,2024-07-11
202400052710,22:30,Nuit sans éclairage,30,30262,1,1,1,6.0,D982,44.030687,4.476897,22:30:00,2024-05-03
202400052711,17:25,Plein jour,94,94081,2,1,1,6.0,Avenue de la République,48.80006927,2.40027809,17:25:00,2024-10-25
202400052712,12:37,Plein jour,27,27229,2,1,1,2.0,JACQUARD (RUE),49.00187,1.13881,12:37:00,2024-09-20
202400052713,19:40,,83,83137,2,6,1,3.0,JUIN (AVE ALPHONSE),43.11967,5.94736,19:40:00,2024-02-18
202400052714,16:45,Crépuscule,06,06088,2,1,1,6.0,20 Rue Delille,43.7017852,7.2755942,16:45:00,2024-11-30
202400052715,06:15,Crépuscule,88,88095,2,3,1,6.0,rue de lorraine,48.30253,5.833386,06:15:00,2024-06-10
202400052716,19:00,,93,93053,2,1,1,6.0,REPUBLIQUE (BLD DE LA) N°,48.894176,2.464026,19:00:00,2024-10-25
202400052717,00:10,Nuit sans éclairage,83,83097,1,1,1,7.0,1011 Route de Trets,43.49498,5.72703,00:10:00,2024-05-04
202400052718,08:15,Plein jour,78,78545,1,1,1,2.0,A12 Y,48.815569,2.061714,08:15:00,2024-02-12
202400052719,15:10,Plein jour,06,06027,2,1,1,2.0,10 Avenue de Cannes,43.654851,7.150108,15:10:00,2024-01-02
202400052720,17:15,Plein jour,78,78551,2,9,2,6.0,MERMOZ (JEAN),48.90216,2.08401,17:15:00,2024-03-26
202400052721,18:00,Plein jour,55,55369,1,1,1,7.0,D116,48.805761,5.202112,18:00:00,2024-06-09
202400052722,07:50,Plein jour,75,75118,2,1,1,3.0,BD PERIPHERIQUE INTERIEUR,48.901089,2.352132,07:50:00,2024-07-11
202400052723,21:10,Nuit avec éclairage,06,06069,2,1,1,1.0,21 Chemin de Sainte Brigitte,43.64544,6.91473,21:10:00,2024-12-01
202400052724,19:45,Plein jour,76,76136,2,1,1,6.0,Route de Luneray,49.814699,0.950274,19:45:00,2024-05-03
202400052725,21:45,Nuit sans éclairage,93,93027,1,1,2,6.0,A86,48.92719164,2.40624635,21:45:00,2024-02-13
202400052726,11:00,Plein jour,77,77065,2,4,1,1.0,D372,48.456772,2.519905,11:00:00,2024-08-16
202400052727,13:00,Plein jour,93,93027,2,2,1,1.0,PASTEUR (BOULEVARD) DE 40 A +,48.92176767,2.3833971,13:00:00,2024-10-24
202400052728,02:20,Nuit sans éclairage,57,57443,1,6,1,6.0,N52,49.230122,6.117351,02:20:00,2024-06-09
202400052729,13:45,Plein jour,2A,2A032,2,1,1,1.0,Route de Bottacina - Lieu-dit CARAGNE,41.93162353,8.83553172,13:45:00,2024-05-03
202400052730,18:23,Plein jour,78,78029,2,3,1,1.0,SOURCES (RUE DES),48.95655,1.85988,18:23:00,2024-03-21
202400052731,18:25,,06,06069,2,1,1,1.0,74 Avenue Pierre Sémard,43.65669,6.92931,18:25:00,2024-12-01
202400052732,23:05,Nuit sans éclairage,75,75116,2,1,1,2.0,BD PERIPHERIQUE EXTERIEUR,48.846546,2.254682,23:05:00,2024-07-10
202400052733,14:30,Plein jour,95,95252,1,1,1,2.0,A15,48.9884078,2.20446579,14:30:00,2024-02-13
202400052734,01:20,,25,25056,2,1,1,3.0,DOLE RUE DE (inf 82),47.23405,6.00765,01:20:00,2024-09-21
202400052735,16:20,Plein jour,03,03185,2,2,1,3.0,Avenue Marx Dormoy,46.33881,2.59899,16:20:00,2024-01-01
202400052736,09:40,Plein jour,03,03113,1,1,7,1.0,D995,46.02042,3.654735,09:40:00,2024-06-10
202400052737,16:42,Plein jour,56,56161,1,1,2,3.0,Mont Salut,47.646836,-3.038074,16:42:00,2024-08-16
202400052738,18:30,Plein jour,65,65330,2,1,1,3.0,D56,43.429533,0.048532,18:30:00,2024-05-02
202400052739,20:20,,77,77284,2,1,2,6.0,LAFAYETTE (PLACE),48.9584,2.87627,20:20:00,2024-03-26
202400052740,01:10,,75,75118,2,1,1,2.0,BD PERIPHERIQUE INTERIEUR ,48.900672,2.368433,01:10:00,2024-11-30
202400052741,01:15,,93,93057,2,2,1,3.0,VAILLANT (AL. EDOUARD),48.90824423,2.50486507,01:15:00,2024-10-25
202400052742,17:45,,75,75117,2,1,2,3.0,PORTE DE CHAMPERRET,48.885193,2.287302,17:45:00,2024-01-02
202400052743,08:45,Plein jour,95,95527,1,1,1,3.0,N104,49.02704648,2.5104206,08:45:00,2024-02-13
202400052744,01:05,Nuit sans éclairage,63,63213,1,1,1,1.0,Route de Vichy,45.82600291,3.26468671,01:05:00,2024-06-08
202400052745,09:30,Plein jour,75,75118,2,1,1,5.0,RUE CAULAINCOURT,48.88530115,2.33061415,09:30:00,2024-07-11
202400052746,18:30,Crépuscule,82,82144,1,1,1,7.0,Route de Saint-Romain,44.156377,1.338487,18:30:00,2024-08-15
202400052747,15:40,Plein jour,93,93005,2,1,1,1.0,RAOUL DUFY (AVENUE),48.96427817,2.49612715,15:40:00,2024-10-25
202400052748,13:21,Plein jour,75,75119,2,7,1,3.0,PLACE DU COLONEL FABIEN,48.878043,2.370727,13:21:00,2024-12-01
202400052749,16:15,Plein jour,24,24557,1,2,1,5.0,LES GOURDOUX (LIEU DIT),45.23539,0.78508,16:15:00,2024-09-18
202400052750,19:00,Nuit sans éclairage,94,94018,1,1,1,3.0,A4,48.82465601,2.39368239,19:00:00,2024-02-14
202400052751,17:05,Plein jour,61,61146,1,3,1,3.0,RD21,48.631333,-0.559248,17:05:00,2024-05-04
202400052752,13:40,Plein jour,75,75120,2,3,2,3.0,BOULEVARD DE CHARONNE,48.84887,2.399246,13:40:00,2024-01-02
202400052753,20:05,Nuit sans éclairage,77,77186,1,1,2,1.0,RD116 PanONF à rte Buttes aux aires,48.429684,2.711284,20:05:00,2024-03-26
202400052754,12:15,Plein jour,63,63314,1,1,1,7.0,D996,45.56922,3.632103,12:15:00,2024-08-15
202400052755,16:20,Plein jour,92,92078,2,1,1,7.0,VERDUN (AVENUE) (N° PAIRS 40 A 90),48.93545492,2.33102471,16:20:00,2024-10-25
202400052756,15:45,Plein jour,73,73069,1,3,8,3.0,D27 Route des berres,45.54117183,6.22762612,15:45:00,2024-06-08
202400052757,18:00,Plein jour,75,75116,2,2,1,3.0,AVENUE FOCH,48.872192,2.284692,18:00:00,2024-07-10
202400052758,11:45,Plein jour,74,74012,2,1,1,6.0,EUROPE (AVENUE DE L'),46.18141,6.23474,11:45:00,2024-03-26
202400052759,11:20,Plein jour,49,49041,1,1,2,7.0,D85,47.307506,0.068081,11:20:00,2024-05-04
202400052760,08:15,Plein jour,93,93051,1,1,2,3.0,A4,48.83642668,2.55000186,08:15:00,2024-02-14
202400052761,12:30,Plein jour,75,75115,2,2,1,3.0,RUE DE LA CONVENTION,48.843836,2.281951,12:30:00,2024-12-01
202400052762,16:38,Plein jour,61,61463,1,1,2,6.0,D18 PR6+640,48.628306,-0.435998,16:38:00,2024-08-16
202400052763,22:10,Nuit sans éclairage,42,42151,1,1,2,6.0,Route de Montverdun,45.683623,4.105775,22:10:00,2024-06-09
202400052764,08:40,Plein jour,75,75120,2,4,2,6.0,AVENUE GAMBETTA,48.865411,2.398913,08:40:00,2024-01-02
202400052765,00:10,,92,92073,2,1,1,6.0,SELLIER (BOULEVARD HENRI),48.86297968,2.21820429,00:10:00,2024-10-25
202400052766,09:40,Plein jour,23,23096,2,9,1,3.0,LAURE (AVENUE DE ),46.16727,1.87354,09:40:00,2024-09-19
202400052767,16:30,Plein jour,46,46147,1,1,1,6.0,Départementale 8,44.479361,1.174979,16:30:00,2024-05-03
202400052768,19:55,Plein jour,75,75115,2,2,1,6.0,BOULEVARD VICTOR,48.835975,2.278325,19:55:00,2024-07-11
202400052769,11:15,Plein jour,49,49358,1,1,1,7.0,Route départementale 145,47.198753,-0.008969,11:15:00,2024-08-15
202400052770,17:40,Plein jour,92,92077,2,1,2,7.0,VERSAILLES (RUE DE),48.81893545,2.16753244,17:40:00,2024-10-25
202400052771,16:50,Plein jour,974,97416,1,1,2,2.0,RN1 (ROUTE NATIONALE),-21.30263,55.426,16:50:00,2024-02-13
202400052772,01:55,,75,75113,2,4,1,6.0,RUE DE TOLBIAC,48.825698,2.348464,01:55:00,2024-12-01
202400052773,08:55,Plein jour,75,75116,2,3,2,3.0,PLACE DE LA PORTE DE PASSY,48.85785,2.262946,08:55:00,2024-01-02
202400052774,19:45,Plein jour,17,17429,1,2,1,3.0,D125,45.9159,-1.011708,19:45:00,2024-06-07
202400052775,16:40,Plein jour,71,71306,2,1,1,4.0,ALOUETTES (AVENUE DES),46.6876,4.35833,16:40:00,2024-03-25
202400052776,07:57,Plein jour,19,19031,1,1,1,1.0,MICHELET (AVENUE EDMOND),45.14283203,1.52638865,07:57:00,2024-09-20
202400052777,02:10,Nuit sans éclairage,92,92062,2,1,1,1.0,GENERAL DE GAULLE (AV) DU 44 AU 106,48.8887489,2.23545447,02:10:00,2024-10-25
202400052778,14:30,Plein jour,39,39485,1,1,1,3.0,Unknown,46.383638,5.445415,14:30:00,2024-08-16
202400052779,14:51,Plein jour,02,02160,1,2,1,1.0,D946,49.692316,3.988997,14:51:00,2024-05-04
202400052780,19:40,Plein jour,75,75115,2,4,1,3.0,BOULEVARD DU MONTPARNASSE,48.844096,2.322864,19:40:00,2024-07-09
202400052781,20:30,,75,75113,2,1,1,3.0,BOULEVARD KELLERMANN,48.819931,2.356902,20:30:00,2024-11-30
202400052782,07:50,Plein jour,974,97411,2,6,1,3.0,JAURES (BOULEVARD JEAN),-20.90238,55.50314,07:50:00,2024-02-12
202400052783,08:30,Plein jour,75,75115,2,3,2,3.0,RUE DE VOUILLE,48.833628,2.309015,08:30:00,2024-01-02
202400052784,05:57,,19,19031,2,1,1,3.0,LURCAT (AVENUE JEAN),45.1499,1.54323,05:57:00,2024-09-19
202400052785,17:45,Plein jour,33,33058,2,2,1,3.0,Unknown,45.130415,-0.64695,17:45:00,2024-06-04
202400052786,17:45,Plein jour,69,69256,2,2,1,3.0,Rue des Droits de l'Homme,45.76347891,4.93335681,17:45:00,2024-03-26
202400052787,11:15,Plein jour,02,02761,2,1,2,6.0,D623,49.41774,3.980645,11:15:00,2024-05-04
202400052788,15:45,Plein jour,92,92051,2,3,1,3.0,GENERAL LECLERC (BOULEVARD DU N° 29 A 65,48.88915475,2.25923818,15:45:00,2024-10-24
202400052789,17:30,Plein jour,50,50492,2,1,1,7.0,L'Euriere,49.086817,-0.960225,17:30:00,2024-06-09
202400052790,21:59,,75,75114,2,2,1,7.0,RUE D ALESIA,48.830535,2.319268,21:59:00,2024-07-10
202400052791,09:00,Plein jour,974,97411,2,1,1,3.0,HOARAU (VALLON),-20.88666,55.47624,09:00:00,2024-02-13
202400052792,13:35,Plein jour,75,75111,2,3,1,6.0,RUE DE LA PRESENTATION,48.871664,2.375914,13:35:00,2024-12-01
202400052793,19:15,Plein jour,44,44130,1,1,1,5.0,Unknown,47.103316,-1.550188,19:15:00,2024-08-15
202400052794,08:13,Plein jour,75,75110,2,2,2,6.0,RUE LA FAYETTE,48.880618,2.362027,08:13:00,2024-01-02
202400052795,13:32,Plein jour,15,15014,2,1,1,6.0,RN 122,44.91243,2.45442,13:32:00,2024-09-19
202400052796,21:30,,69,69271,2,3,3,6.0,60 Rue de la République,45.74334,4.97218,21:30:00,2024-03-26
202400052797,19:45,,92,92025,2,2,2,3.0,GABRIEL PERI (RUE),48.92317838,2.25240827,19:45:00,2024-10-25
202400052798,07:20,Plein jour,974,97411,2,1,1,6.0,MONTHYON (RUE),-20.88685,55.46183,07:20:00,2024-02-13
202400052799,15:17,Plein jour,01,01320,2,1,1,6.0,68 Voie des Rontaz,46.308176,4.87554,15:17:00,2024-05-04
202400052800,22:00,,59,59555,2,1,1,1.0,1 Rue du Cheval Blanc,50.169771,4.033453,22:00:00,2024-06-09
202400052801,10:05,Plein jour,75,75110,2,4,1,6.0,BOULEVARD DE MAGENTA,48.875772,2.35645,10:05:00,2024-12-01
202400052802,20:23,,75,75109,2,2,2,6.0,RUE AUBER,48.871807,2.330591,20:23:00,2024-01-02
202400052803,15:50,Plein jour,38,38022,1,3,1,3.0,39 Route du Bugey,45.639296,5.554656,15:50:00,2024-08-16
202400052804,07:20,Plein jour,75,75113,2,3,1,2.0,AVENUE D IVRY,48.825667,2.361032,07:20:00,2024-07-11
202400052805,12:37,Plein jour,14,14118,2,3,1,3.0,10 Boulevard Yves Guillou,49.176716,-0.368371,12:37:00,2024-09-17
202400052806,22:52,Nuit sans éclairage,92,92060,2,1,1,3.0,CHARLES DE GAULLE (AVENUE) RD75 A PARTIR,48.78277968,2.26587385,22:52:00,2024-10-24
202400052807,16:30,Plein jour,69,69271,1,2,1,1.0,Boulevard Charles de Gaulle,45.74325,4.93714,16:30:00,2024-03-25
202400052808,13:30,Plein jour,13,13214,1,1,1,2.0,A507 sens Marseille - Aubagne,43.32232,5.37858,13:30:00,2024-06-09
202400052809,15:30,Plein jour,14,14389,1,2,1,3.0,Rue d'Aunay,49.067073,-0.65878,15:30:00,2024-05-03
202400052810,18:25,Plein jour,974,97411,2,2,1,3.0,CHAUDRON  (BLD 1 DU),-20.89873,55.49649,18:25:00,2024-02-12
202400052811,15:10,Plein jour,02,02565,2,1,1,6.0,8 Rue des Fées,49.389591,3.687631,15:10:00,2024-08-15
202400052812,14:30,Plein jour,13,13211,2,1,1,1.0,SABLIERE (ROUTE DE LA),43.29099,5.47821,14:30:00,2024-09-20
202400052813,21:00,,75,75109,2,4,1,3.0,RUE DE MAUBEUGE,48.87836,2.345075,21:00:00,2024-11-30
202400052814,09:55,Plein jour,75,75108,2,4,2,6.0,AVENUE DE FRIEDLAND,48.874393,2.301064,09:55:00,2024-01-02
202400052815,19:22,,92,92012,2,1,2,6.0,SILLY (RUE DE) 89/FIN - 90/FIN,48.83466916,2.2328639,19:22:00,2024-10-25
202400052816,15:45,Plein jour,69,69259,2,1,1,3.0,Boulevard Marcel Sembat,45.71298,4.87657,15:45:00,2024-03-25
202400052817,08:30,Plein jour,974,97411,2,1,1,6.0,AVE MARIA (RUE DE L'),-20.89130108,55.45410526,08:30:00,2024-02-12
202400052818,17:45,Plein jour,75,75110,2,3,1,1.0,BOULEVARD DE STRASBOURG,48.871056,2.355087,17:45:00,2024-07-11
202400052819,14:45,Plein jour,14,14098,2,1,1,1.0,3 Rue de la Liberté,49.206324,-0.516025,14:45:00,2024-05-03
202400052820,10:00,Plein jour,13,13215,1,1,1,2.0,A7-Sens Marseille vers Lyon,43.34397778,5.37555329,10:00:00,2024-06-04
202400052821,11:35,Plein jour,84,84046,1,1,1,3.0,D19,44.097741,5.230372,11:35:00,2024-08-10
202400052822,12:05,Plein jour,18,18057,1,1,2,6.0,Unknown,46.550966,2.204518,12:05:00,2024-05-04
202400052823,18:55,,92,92002,2,1,2,3.0,ARISTIDE BRIAND (AVENUE),48.74735186,2.30379045,18:55:00,2024-10-25
202400052824,22:15,,75,75107,2,3,1,6.0,QUAI D ORSAY,48.86285769,2.31520164,22:15:00,2024-07-11
202400052825,19:20,Nuit avec éclairage,75,75108,2,2,1,3.0,RUE MARBEUF,48.867982,2.302819,19:20:00,2024-12-01
202400052826,16:50,Plein jour,69,69091,2,2,2,6.0,Rue Julian Grimau,45.59497,4.76867,16:50:00,2024-03-26
202400052827,00:34,Nuit sans éclairage,13,13215,1,1,1,2.0,A7-Sens Lyon vers Marseille,43.39071033,5.35120523,00:34:00,2024-06-08
202400052828,19:00,,973,97302,2,3,1,1.0,MONTABO (ROUTE DE) 1,4.93571384,-52.29543954,19:00:00,2024-02-12
202400052829,00:01,,94,94074,2,9,2,3.0,Rue Théodule Jourdain / Voie Bus,48.77045,2.44689,00:01:00,2024-01-02
202400052830,20:15,Nuit sans éclairage,37,37010,1,1,2,7.0,Unknown,47.57843433,0.93053182,20:15:00,2024-10-25
202400052831,12:15,Plein jour,11,11069,1,1,1,4.0,ROCADE NORD - RD 6113,43.22559,2.37835,12:15:00,2024-09-20
202400052832,08:50,Plein jour,69,69387,2,1,1,6.0,17 Avenue Jean Jaurès,45.75274884,4.84637012,08:50:00,2024-02-13
202400052833,20:00,Plein jour,01,01269,2,3,1,5.0,rue paul pain levé,46.150245,5.607839,20:00:00,2024-08-15
202400052834,17:40,Plein jour,10,10294,1,2,1,3.0,D81,48.179258,4.350752,17:40:00,2024-05-03
202400052835,18:15,,94,94076,2,1,6,6.0,96 Rue de Verdun,48.7893603,2.35394753,18:15:00,2024-01-02
202400052836,17:45,Plein jour,67,67218,2,1,7,6.0,RHIN (ROUTE DU),48.52962,7.73272,17:45:00,2024-03-25
202400052837,12:30,Plein jour,75,75115,2,3,1,3.0,AVENUE FELIX FAURE,48.840126,2.285415,12:30:00,2024-12-01
202400052838,17:15,Plein jour,75,75107,2,3,1,3.0,RUE DE GRENELLE,48.85805,2.310075,17:15:00,2024-07-11
202400052839,18:10,Plein jour,13,13216,1,1,1,2.0,A507 sens Aubagne- Marseille,43.35991,5.36304,18:10:00,2024-06-07
202400052840,18:40,Plein jour,10,10387,2,3,1,3.0,Avenue Marie de Champagne,48.30476,4.06093,18:40:00,2024-09-19
202400052841,04:39,,972,97213,1,1,1,6.0,FERME PERRINE (CHEMIN DE LA),14.58405331,-61.00122574,04:39:00,2024-02-13
202400052842,17:50,Plein jour,71,71152,1,3,8,2.0,7567 Route de Luzy,46.721496,3.884677,17:50:00,2024-10-25
202400052843,23:20,Nuit sans éclairage,16,16211,1,1,3,6.0,Unknown,45.626546,0.465288,23:20:00,2024-05-03
202400052844,13:50,Plein jour,67,67482,2,1,1,6.0,BRUXELLES (RUE DE),48.58383,7.77533,13:50:00,2024-03-25
202400052845,20:30,Plein jour,94,94081,2,1,1,2.0,Avenue Lemerle Vetter,48.779211,2.384376,20:30:00,2024-07-10
202400052846,21:10,Crépuscule,69,69275,1,1,1,2.0,Rocade Est,45.77934885,4.96106758,21:10:00,2024-06-05
202400052847,22:15,,94,94041,2,5,3,6.0,Rue Molière / Rue Lénine,48.81549,2.39336,22:15:00,2024-01-01
202400052848,14:15,Plein jour,10,10333,2,9,1,6.0,Avenue Charles de Refuge,48.2831,4.0525,14:15:00,2024-09-19
202400052849,21:00,Plein jour,53,53062,1,1,1,7.0,Mon Désir - PK 5+300,47.818378,-0.774107,21:00:00,2024-05-03
202400052850,09:15,Plein jour,75,75107,2,3,1,4.0,QUAI D ORSAY,48.862589,2.310412,09:15:00,2024-11-30
202400052851,16:30,Plein jour,42,42069,2,4,2,3.0,Rue Jacques Offenbach,45.99947,4.063236,16:30:00,2024-10-25
202400052852,19:00,,69,69389,2,9,1,3.0,74 Rue de Saint-Cyr,45.78394,4.80818,19:00:00,2024-02-13
202400052853,08:38,Plein jour,63,63113,2,6,2,3.0,JULIEN (AVENUE),45.77366,3.07546,08:38:00,2024-03-26
202400052854,13:00,Plein jour,94,94073,2,1,2,6.0,Avenue du Luxembourg,48.75735,2.37145,13:00:00,2024-01-02
202400052855,16:35,Plein jour,67,67482,1,1,1,2.0,M353,48.4959,7.75396,16:35:00,2024-06-07
202400052856,13:10,Plein jour,94,94068,2,1,1,6.0,Avenue Michelet,48.7936381,2.51088345,13:10:00,2024-07-09
202400052857,12:15,Plein jour,06,06103,1,1,1,6.0,Route de Saint Martin Vesubie,44.038445,7.291301,12:15:00,2024-08-15
202400052858,21:30,,75,75103,2,2,1,7.0,RUE DE TURBIGO,48.865088,2.354469,21:30:00,2024-12-01
202400052859,13:00,Plein jour,21,21663,2,1,2,1.0,Rue Marcellin Berthelot,47.546553,4.456453,13:00:00,2024-05-04
202400052860,18:45,Crépuscule,31,31253,2,1,1,1.0,Route du Lherm,43.456128,1.242517,18:45:00,2024-10-25
202400052861,18:00,Plein jour,60,60414,2,1,3,1.0,Unknown,49.25429577,2.45495081,18:00:00,2024-03-26
202400052862,07:10,,94,94046,2,3,3,6.0,Boulevard Gallieni / Rue Jean Jaurès,48.797323,2.433176,07:10:00,2024-01-02
202400052863,23:40,,33,33487,1,9,1,6.0,Unknown,44.94258,-0.46624,23:40:00,2024-06-09
202400052864,22:30,,06,06088,2,3,1,3.0,29 Rue Barla,43.70146,7.2844,22:30:00,2024-09-20
202400052865,17:00,Plein jour,69,69382,2,2,1,2.0,Pont Wilson,45.7601,4.83815,17:00:00,2024-02-13
202400052866,06:45,Nuit sans éclairage,06,06080,1,1,2,6.0,M2205,44.016051,7.130921,06:45:00,2024-08-15
202400052867,07:30,Crépuscule,37,37250,1,1,2,7.0,L?Ocliniere,47.20015061,0.65999651,07:30:00,2024-05-01
202400052868,00:30,,94,94015,2,1,1,2.0,Boulevard Pasteur,48.833161,2.525079,00:30:00,2024-07-06
202400052869,15:40,,69,69382,1,1,9,7.0,60 Rue Denuzière,45.74497,4.81985,15:40:00,2024-01-30
202400052870,09:30,Plein jour,94,94017,2,1,1,2.0,Avenue de la République,48.81887,2.51147,09:30:00,2024-01-01
202400052871,15:50,Crépuscule,75,75101,2,3,1,3.0,RUE DE CASTIGLIONE,48.865304,2.327275,15:50:00,2024-12-01
202400052872,19:14,Plein jour,60,60509,2,1,1,6.0,Rue Fould Stern,49.320671,2.621934,19:14:00,2024-08-16
202400052873,19:45,Plein jour,91,91339,1,9,1,2.0,RN 104,48.62491,2.26267,19:45:00,2024-06-09
202400052874,12:00,Plein jour,67,67388,1,1,1,7.0,D28,48.937513,7.683874,12:00:00,2024-05-04
202400052875,20:15,,75,75120,2,1,1,3.0,BD PERIPHERIQUE EXTERIEUR   ,48.859012,2.41433,20:15:00,2024-09-20
202400052876,18:31,Plein jour,60,60175,1,1,2,4.0,RD 201_SORTIE 201_ACCES BD S.ALLENDE,49.24523,2.47497,18:31:00,2024-03-26
202400052877,20:30,Crépuscule,18,18171,1,1,1,7.0,Chemin de la Gonne,46.704395,2.390717,20:30:00,2024-08-15
202400052878,18:15,Crépuscule,971,97120,2,1,1,6.0,FREBAULT,16.2411,-61.5331,18:15:00,2024-02-13
202400052879,17:40,Plein jour,94,94065,1,1,1,3.0,Avenue de Fontainebleau,48.74935,2.36872,17:40:00,2024-07-10
202400052880,17:30,,75,75104,2,3,1,6.0,RUE SAINT ANTOINE,48.853465,2.366515,17:30:00,2024-11-30
202400052881,18:15,,93,93073,2,3,2,6.0,Avenue Gilbert Berger / Rue Pierre Lescot,48.946185,2.569457,18:15:00,2024-01-02
202400052882,16:20,Plein jour,91,91468,1,1,1,2.0,AUTOROUTE A6,48.5733,2.46719,16:20:00,2024-06-09
202400052883,18:00,Plein jour,75,75112,2,1,1,3.0,BD PERIPHERIQUE INTERIEUR ,48.827927,2.394822,18:00:00,2024-09-20
202400052884,21:40,Nuit sans éclairage,42,42173,1,1,1,1.0,A89,45.836544,4.095798,21:40:00,2024-05-03
202400052885,14:00,Plein jour,974,97414,2,2,1,6.0,Chemin des Zinnias,-21.276243,55.443208,14:00:00,2024-10-23
202400052886,19:05,,971,97120,2,1,1,6.0,NELSON MANDELA,16.24007,-61.5321,19:05:00,2024-02-12
202400052887,09:00,Plein jour,94,94075,2,1,1,6.0,99 Av du Mal de Lattre de Tassigny,48.733617,2.520984,09:00:00,2024-12-01
202400052888,21:35,,60,60057,2,9,2,3.0,Rue Pierre Jacoby,49.42845,2.08233,21:35:00,2024-03-26
202400052889,06:30,Crépuscule,91,91228,1,1,1,6.0,AUTOROUTE A6,48.62193014,2.42306739,06:30:00,2024-06-09
202400052890,21:20,Crépuscule,94,94021,2,1,1,2.0,Rue du Huit Mai 1945,48.76981,2.35076,21:20:00,2024-07-10
202400052891,02:20,,971,97103,2,1,1,6.0,RN2 velodrome,16.251274,-61.592097,02:20:00,2024-05-04
202400052892,22:00,Nuit sans éclairage,93,93066,2,1,8,2.0,Boulevard Ornano,48.9188,2.34442,22:00:00,2024-01-02
202400052893,21:55,,75,75113,2,1,1,2.0,BD PERIPHERIQUE INTERIEUR,48.824838,2.384286,21:55:00,2024-09-19
202400052894,14:30,Plein jour,40,40261,1,1,1,1.0,D17,43.711405,-1.243638,14:30:00,2024-08-12
202400052895,06:50,,95,95527,1,1,1,1.0,ARPENTEUR (RTE DE L'),49.0097989,2.51403454,06:50:00,2024-12-01
202400052896,15:40,Plein jour,91,91027,2,2,1,6.0,FRANCOIS MITTERRAND (AVENUE),48.71619,2.37125,15:40:00,2024-02-12
202400052897,21:44,Nuit sans éclairage,44,44113,2,1,1,1.0,Route d'Abbaretz,47.563398,-1.617662,21:44:00,2024-10-25
202400052898,18:11,Plein jour,95,95488,1,1,1,2.0,A15,49.0104613,2.15450385,18:11:00,2024-06-09
202400052899,00:59,Nuit sans éclairage,27,27258,1,1,1,7.0,A13 PK 164+300 vers CAEN,49.3341,0.407224,00:59:00,2024-05-04
202400052900,14:00,Plein jour,94,94033,2,1,1,6.0,Allée Albert Camus,48.850701,2.476254,14:00:00,2024-07-10
202400052901,10:15,Plein jour,24,24050,1,1,1,7.0,Route de la Borrèze,44.96253195,1.37506664,10:15:00,2024-08-11
202400052902,19:30,Plein jour,75,75117,2,1,1,3.0,BD PERIPHERIQUE INTERIEUR,48.887651,2.291289,19:30:00,2024-09-19
202400052903,15:20,Plein jour,59,59507,2,1,1,3.0,LESQUIN RUE DE,50.59897,3.09416,15:20:00,2024-03-25
202400052904,19:00,Nuit sans éclairage,93,93077,2,2,2,3.0,Boulevard d'Aulnay / Rue Jean Fallay,48.89355,2.50231,19:00:00,2024-01-02
202400052905,21:30,,93,93079,2,1,1,3.0,SAINT LEU (ROUTE),48.95463,2.33454,21:30:00,2024-11-30
202400052906,17:00,Plein jour,93,93027,1,1,1,2.0,A1,48.93720852,2.40978107,17:00:00,2024-06-09
202400052907,05:10,,94,94028,2,1,1,6.0,Rue Saint-simon,48.79482475,2.44507237,05:10:00,2024-07-11
202400052908,16:30,Plein jour,86,86066,2,3,1,6.0,Quai du Château,46.820335,0.542125,16:30:00,2024-02-12
202400052909,19:00,Plein jour,62,62763,2,2,1,3.0,D8,50.37688227,2.35619905,19:00:00,2024-10-25
202400052910,18:30,Nuit sans éclairage,987,98740,1,1,1,2.0,Avatoru PK6+100,-14.94188239,-147.70625353,18:30:00,2024-05-03