Num_Acc,hrmn,lum,dep,com,agg,int,atm,col,adr,lat,long,heure,date
202400052911,21:30,,56,56121,2,1,2,7.0,BOIS-DU-CHATEAU (RUE  DU ),47.76706,-3.37727,21:30:00,2024-04-01
202400052912,15:50,Plein jour,27,27384,1,1,3,1.0,route départementale 22,49.372063,0.316737,15:50:00,2024-08-16
202400052913,16:00,Plein jour,75,75105,2,2,1,6.0,RUE MONGE,48.848128,2.35043,16:00:00,2024-09-20
202400052914,17:00,,93,93053,2,3,2,3.0,Rue Anatole France / Rue du Parc,48.88628,2.44562,17:00:00,2024-01-02
202400052915,21:42,,93,93048,2,6,9,3.0,PARIS (RUE DE),48.8574983,2.43277931,21:42:00,2024-11-30
202400052916,15:30,Plein jour,93,93078,1,1,1,2.0,A104,48.96165006,2.5451386,15:30:00,2024-06-09
202400052917,20:10,Nuit sans éclairage,62,62075,2,1,2,1.0,D240,50.707952,1.674546,20:10:00,2024-10-25
202400052918,20:33,,84,84007,2,6,1,2.0,SOUSPIROUS (Avenue des ) - MONTFAVET,43.93482,4.84781,20:33:00,2024-02-12
202400052919,15:45,Plein jour,94,94015,2,3,1,1.0,Avenue du Général Leclerc,48.82934158,2.51774166,15:45:00,2024-07-11
202400052920,14:35,Plein jour,28,28033,2,2,1,1.0,57 Rue Marceau,48.511171,1.058048,14:35:00,2024-08-14
202400052921,14:30,Plein jour,93,93027,1,1,2,6.0,A86,48.92801652,2.41754472,14:30:00,2024-01-02
202400052922,23:55,,75,75105,2,3,1,3.0,RUE SAINT JACQUES,48.851383,2.345888,23:55:00,2024-09-19
202400052923,17:15,Plein jour,56,56098,1,1,1,4.0,Pendreff,47.77418,-3.36873,17:15:00,2024-03-23
202400052924,16:20,Plein jour,56,56179,2,1,1,7.0,Voie Verte de Quéven à Pont-Scorff,47.829696,-3.406041,16:20:00,2024-10-23
202400052925,11:45,Plein jour,93,93064,1,1,1,2.0,A86,48.872586,2.48047471,11:45:00,2024-06-09
202400052926,23:20,,93,93046,2,9,1,2.0,ARISTIDE BRIAND AVENUE,48.91066048,2.51267767,23:20:00,2024-11-30
202400052927,08:30,Nuit sans éclairage,28,28079,1,1,1,6.0,D30,48.147706,1.04486,08:30:00,2024-08-16
202400052928,10:00,Plein jour,93,93078,2,6,1,6.0,Avenue Vauban / A104,48.9648,2.5536,10:00:00,2024-07-11
202400052929,22:05,,83,83137,2,9,1,1.0,BARON (RUE MARC),43.11510446,5.93598144,22:05:00,2024-02-13
202400052930,10:22,Plein jour,56,56185,1,1,1,6.0,Kerdual,47.77113,-3.3779,10:22:00,2024-03-23
202400052931,21:20,Plein jour,95,95572,1,1,1,6.0,N184,49.04851178,2.13475699,21:20:00,2024-06-08
202400052932,08:21,Nuit sans éclairage,56,56094,1,1,3,3.0,Lieu Dit Mane Trimen,47.796119,-3.227191,08:21:00,2024-10-09
202400052933,16:09,Plein jour,05,05070,1,1,1,1.0,D1075,44.321707,5.802702,16:09:00,2024-05-03
202400052934,18:30,,93,93007,2,2,1,3.0,Avenue Danielle Casanova / Avenue Mathilde Emilie,48.92308,2.473532,18:30:00,2024-01-01
202400052935,19:04,Plein jour,37,37048,1,1,1,7.0,La Babiniere,46.84532893,0.80314323,19:04:00,2024-08-15
202400052936,21:20,,83,83137,2,1,1,6.0,RAYNOUARD (BD),43.12499,5.94116,21:20:00,2024-02-13
202400052937,16:55,Plein jour,93,93070,2,1,1,6.0,ALBERT-DHALENNE (RUE),48.914074,2.332803,16:55:00,2024-07-10
202400052938,00:50,,93,93063,2,1,5,3.0,METZ AVENUE DE,48.89642739,2.4308753,00:50:00,2024-12-01
202400052939,19:55,,75,75120,2,3,1,1.0,RUE EUGENE REISZ,48.856337,2.410251,19:55:00,2024-09-18
202400052940,17:45,Plein jour,76,76188,2,9,1,7.0,Route de la Sabliere,49.632934,1.222588,17:45:00,2024-10-24
202400052941,20:05,Crépuscule,13,13089,1,1,2,6.0,D7n,43.830738,4.950736,20:05:00,2024-05-02
202400052942,15:50,Plein jour,94,94033,1,1,1,3.0,A86,48.85019301,2.49093752,15:50:00,2024-06-09
202400052943,17:10,,93,93008,2,1,1,6.0,BONS ENFANTS (RUE DES),48.90643,2.43809,17:10:00,2024-12-01
202400052944,16:40,Plein jour,56,56098,2,6,1,4.0,Lann Sévelin,47.78206,-3.3443,16:40:00,2024-03-22
202400052945,11:10,Plein jour,83,83137,2,3,1,6.0,15EME CORPS (AVE DU),43.1279692,5.91742308,11:10:00,2024-02-12
202400052946,10:00,Plein jour,92,92050,2,2,3,3.0,BOUVETS BOULEVARD DES,48.89687792,2.22402468,10:00:00,2024-01-02
202400052947,16:30,Plein jour,08,08185,2,1,8,6.0,Unknown,49.985605,4.691646,16:30:00,2024-08-15
202400052948,14:57,Plein jour,93,93055,2,1,1,6.0,JEAN LOLIVE (AVENUE)(137/FIN ET 134/FIN),48.89266,2.41036,14:57:00,2024-07-11
202400052949,19:40,,2B,2B148,1,9,1,1.0,D107a,42.541967,9.480407,19:40:00,2024-10-25
202400052950,18:00,Plein jour,75,75116,2,3,2,3.0,AVENUE DE NEUILLY,48.87856158,2.28026265,18:00:00,2024-09-20
202400052951,07:00,Plein jour,94,94052,1,1,2,6.0,A86,48.83269694,2.49229299,07:00:00,2024-06-09
202400052952,18:30,Plein jour,21,21295,2,6,1,6.0,12 Rue Vignes Romaines,47.231565,4.998217,18:30:00,2024-05-03
202400052953,08:50,Plein jour,83,83050,2,1,7,6.0,PREMIERE ARMEE(AVENUE DE LA),43.53203653,6.47247,08:50:00,2024-02-02
202400052954,22:00,,93,93007,2,1,1,3.0,GAMBETTA (AVENUE),48.93588,2.47842,22:00:00,2024-11-30
202400052955,10:10,Plein jour,54,54528,2,6,8,6.0,Rue de la République,48.6735,5.8906,10:10:00,2024-03-26
202400052956,22:45,,81,81145,2,1,3,6.0,7 Rue des Rives,43.848452,1.80481,22:45:00,2024-10-25
202400052957,22:45,Crépuscule,93,93031,2,1,2,6.0,Place Charles Munch,48.95375326,2.32857177,22:45:00,2024-07-10
202400052958,20:10,,92,92049,2,1,2,3.0,PERI RUE GABRIEL N°37 A 99,48.81945114,2.31417686,20:10:00,2024-01-02
202400052959,19:44,Plein jour,77,77121,1,1,1,6.0,A104,48.83382,2.6652,19:44:00,2024-06-08
202400052960,00:30,,92,92075,2,1,1,6.0,LARMEROUX (RUE),48.81502447,2.27830499,00:30:00,2024-12-01
202400052961,11:15,Plein jour,81,81004,2,1,1,6.0,FINLANDE (DE),43.92597673,2.13089232,11:15:00,2024-02-13
202400052962,08:00,Plein jour,38,38425,1,9,1,3.0,Montée de Louze,45.393059,4.805832,08:00:00,2024-04-11
202400052963,01:49,,75,75116,2,2,1,3.0,RUE DU RANELAGH,48.85420087,2.27551067,01:49:00,2024-09-20
202400052964,22:30,Nuit sans éclairage,60,60010,1,1,1,2.0,A 16,49.20816257,2.16171455,22:30:00,2024-08-15
202400052965,04:09,Nuit sans éclairage,01,01443,1,1,1,1.0,D1083,45.97048246,5.00843793,04:09:00,2024-01-03
202400052966,21:26,,49,49007,2,1,1,3.0,CARNOT,47.47537266,-0.54859221,21:26:00,2024-03-26
202400052967,10:20,Plein jour,89,89325,1,3,1,3.0,D965,47.659888,3.103905,10:20:00,2024-10-26
202400052968,10:00,Plein jour,01,01424,1,1,2,6.0,D82,45.885851,4.96873856,10:00:00,2024-05-04
202400052969,00:16,,93,93014,2,3,1,3.0,Allée de Bellevue / Rue des Prés,48.91670173,2.54638106,00:16:00,2024-07-10
202400052970,12:30,Plein jour,81,81004,2,9,1,3.0,JULIA (CAPITAINE),43.93732,2.13843,12:30:00,2024-02-13
202400052971,19:08,Plein jour,94,94028,1,1,1,5.0,A86,48.79779151,2.44419658,19:08:00,2024-06-08
202400052972,05:08,,92,92040,2,2,1,3.0,DIDEROT,48.82398809,2.27284167,05:08:00,2024-11-30
202400052973,16:45,Plein jour,13,13038,2,3,1,1.0,Avenue des Moulins,43.724647,4.709012,16:45:00,2024-08-16
202400052974,22:10,,75,75108,2,3,1,1.0,RUE BEAUJON,48.875015,2.300212,22:10:00,2024-09-19
202400052975,16:25,Plein jour,05,05085,2,1,2,6.0,N94,44.92858206,6.71337605,16:25:00,2024-01-02
202400052976,14:15,Plein jour,29,29103,1,1,1,6.0,route du Quinquis-Lec'h,48.464022,-4.263852,14:15:00,2024-04-30
202400052977,07:20,Plein jour,92,92073,2,1,1,7.0,ROOSVELT (AVENUE FRANKLIN),48.87431222,2.22077546,07:20:00,2024-07-11
202400052978,19:05,Plein jour,49,49007,2,1,1,4.0,Boulevard Charles Barangé,47.459,-0.57298,19:05:00,2024-03-26
202400052979,07:55,Crépuscule,61,61043,2,2,1,5.0,D955,48.345283,0.746024,07:55:00,2024-10-24
202400052980,08:40,Plein jour,44,44109,2,1,1,6.0,7 Boulevard Badin Chevaye,47.20570189,-1.55038706,08:40:00,2024-05-31
202400052981,12:30,Plein jour,92,92024,2,1,1,6.0,CLAUDE DEBUSSY (AVENUE),48.9092,2.30746,12:30:00,2024-12-01
202400052982,16:30,Plein jour,30,30169,1,1,1,6.0,"A9, aire de milhaud",43.78696607,4.29790461,16:30:00,2024-08-16
202400052983,20:52,,78,78440,2,3,2,3.0,SEINE (RUE DE),48.99724,1.91093,20:52:00,2024-02-13
202400052984,18:00,Plein jour,974,97405,2,1,1,7.0,Chemin Laguerre,-21.355787,55.5602,18:00:00,2024-01-01
202400052985,18:50,Plein jour,59,59212,1,9,1,6.0,146 Rue du Trou Bayard,50.65433,2.749623,18:50:00,2024-04-30
202400052986,14:45,Plein jour,61,61281,1,1,1,6.0,12 La Halboudière,48.830892,-0.668945,14:45:00,2024-10-26
202400052987,01:10,,75,75116,2,2,1,2.0,BOULEVARD SUCHET,48.853029,2.261894,01:10:00,2024-09-19
202400052988,12:50,Plein jour,92,92051,2,2,1,3.0,"BINEAU (BOULEVARD, N°133 A 217 ET 134 A",48.89351132,2.26756811,12:50:00,2024-07-11
202400052989,15:30,Plein jour,47,47031,1,1,1,1.0,RD17,44.16679,0.64324,15:30:00,2024-03-25
202400052990,10:50,Plein jour,27,27518,1,1,2,7.0,A131,49.445867,0.551291,10:50:00,2024-08-16
202400052991,10:07,Plein jour,92,92032,2,3,8,6.0,FOCH MARECHAL (AVENUE DU),48.79364726,2.29746066,10:07:00,2024-12-01
202400052992,04:05,Nuit sans éclairage,77,77077,1,1,2,2.0,D405,48.98594,2.88776,04:05:00,2024-02-13
202400052993,08:30,Plein jour,44,44143,2,8,1,3.0,Rue de la Trocardière,47.18282988,-1.57210098,08:30:00,2024-05-31
202400052994,11:34,Plein jour,13,13117,1,1,1,3.0,A7-Sens Lyon vers Marseille,43.421681,5.268677,11:34:00,2024-05-03
202400052995,13:15,Plein jour,92,92025,2,1,1,6.0,COLBERT  1A 53   2 A 40 (RUE),48.91064556,2.23704654,13:15:00,2024-07-10
202400052996,16:50,Plein jour,75,75115,2,3,1,6.0,RUE SAINT CHARLES,48.845527,2.284582,16:50:00,2024-09-20
202400052997,17:00,Plein jour,49,49215,1,3,1,5.0,D761,47.14759,-0.1715,17:00:00,2024-10-22
202400052998,19:45,,976,97608,2,1,1,3.0,Route des Badamiers,-12.778918,45.28131,19:45:00,2024-06-12
202400052999,15:45,Plein jour,44,44069,2,2,1,3.0,Boulevard Louis Antoine de Bougainville,47.31955565,-2.41440073,15:45:00,2024-03-25
202400053000,07:10,,92,92032,2,1,1,6.0,FAUVETTES (RUE DES),48.79144,2.29807,07:10:00,2024-12-01
202400053001,18:30,Plein jour,83,83090,1,1,1,2.0,A50,43.12573714,5.87812094,18:30:00,2024-05-02
202400053002,15:20,Plein jour,44,44109,2,1,1,3.0,2 Rue Guillet de la Brosse,47.22925202,-1.54323461,15:20:00,2024-05-30
202400053003,09:40,Plein jour,77,77243,2,2,1,3.0,BRANLY (RUE),48.87411,2.68626,09:40:00,2024-02-13
202400053004,00:30,,974,97418,2,6,2,7.0,Ruelle Fuchsias,-20.91738,55.530514,00:30:00,2024-04-20
202400053005,13:55,Plein jour,75,75115,2,2,1,6.0,RUE DE LA CONVENTION,48.843876,2.281981,13:55:00,2024-09-20
202400053006,20:00,Nuit sans éclairage,49,49223,1,1,2,2.0,Route de Soulaines,47.392612,-0.525767,20:00:00,2024-10-25
202400053007,15:27,Plein jour,01,01004,2,1,1,3.0,Avenue de la Libération,45.968826,5.339677,15:27:00,2024-12-02
202400053008,17:05,Crépuscule,41,41103,1,1,1,1.0,Le Petit Plessis,47.71835072,1.01761519,17:05:00,2024-01-03
202400053009,12:30,Plein jour,43,43157,2,3,1,3.0,ESTAUNIE (RUE EDOUARD),45.03867,3.89708,12:30:00,2024-03-26
202400053010,09:30,Plein jour,92,92019,2,2,1,4.0,DIVISION LECLERC (AVENUE DE LA),48.76385723,2.27183104,09:30:00,2024-07-11
202400053011,07:15,Crépuscule,44,44109,2,1,8,3.0,2 Place Saint Pierre,47.21840011,-1.55120438,07:15:00,2024-05-30
202400053012,21:55,,34,34154,2,1,1,6.0,Rue du Levant,43.5473,3.981466,21:55:00,2024-10-25
202400053013,11:20,Plein jour,971,97116,1,1,1,3.0,N5,16.327512,-61.445407,11:20:00,2024-08-15
202400053014,17:00,Plein jour,83,83090,1,1,2,4.0,A50,43.12103825,5.86698946,17:00:00,2024-05-02
202400053015,12:35,Plein jour,75,75115,2,2,1,3.0,RUE DU THEATRE,48.846185,2.29517,12:35:00,2024-09-19
202400053016,16:43,Plein jour,18,18022,1,1,1,1.0,Route de Pierrefitte Es Bois,47.497205,2.650505,16:43:00,2024-11-29
202400053017,16:50,Plein jour,56,56184,1,1,1,3.0,Serguin,47.657121,-2.428365,16:50:00,2024-01-02
202400053018,09:20,Plein jour,54,54071,1,1,9,6.0,D23,48.733889,6.488864,09:20:00,2024-07-12
202400053019,17:30,Plein jour,44,44109,2,1,1,3.0,Boulevard Léon Jouhaux,47.20982731,-1.59465451,17:30:00,2024-05-29
202400053020,17:15,Plein jour,37,37233,2,1,2,2.0,CACHIN (RUE MARCEL),47.39679289,0.72576535,17:15:00,2024-03-26
202400053021,20:00,,76,76540,2,7,2,3.0,Place Carnot,49.43349,1.09175,20:00:00,2024-02-13
202400053022,19:55,Nuit sans éclairage,971,97117,1,1,1,1.0,D115,16.31252,-61.345854,19:55:00,2024-08-15
202400053023,20:30,Nuit sans éclairage,972,97210,1,1,1,7.0,Morne Acajou,14.576062,-60.908585,20:30:00,2024-11-30
202400053024,11:45,Plein jour,29,29174,2,6,1,2.0,Route de Kerrouant,47.87174934,-4.23966497,11:45:00,2024-10-26
202400053025,17:52,Nuit sans éclairage,12,12270,1,1,2,7.0,ex RN88 Saint Amans de Varès,44.351166,2.941986,17:52:00,2024-01-01
202400053026,13:45,Plein jour,62,62525,2,9,2,6.0,AVENUE LEON BLUM,50.74118,2.26132,13:45:00,2024-02-21
202400053027,12:20,Plein jour,75,75115,2,3,1,6.0,AVENUE DE LA MOTTE PICQUET,48.850502,2.299994,12:20:00,2024-09-19
202400053028,14:30,Plein jour,83,83137,1,1,2,4.0,A57,43.12497878,5.96963213,14:30:00,2024-05-02
202400053029,13:45,Plein jour,76,76351,2,2,2,6.0,GENERAL ARCHINARD (AVENUE),49.49201,0.11672,13:45:00,2024-02-13
202400053030,14:54,Plein jour,28,28024,2,1,1,6.0,Rue des Pierres Missigault,48.41506,1.471331,14:54:00,2024-11-29
202400053031,17:00,Plein jour,33,33167,2,1,1,2.0,Unknown,44.84605,-0.51608,17:00:00,2024-03-25
202400053032,02:00,Nuit sans éclairage,14,14403,1,1,8,6.0,Route de Paris,49.144029,0.339546,02:00:00,2024-10-25
202400053033,10:20,Plein jour,33,33349,1,1,1,2.0,Unknown,44.744988,-0.486499,10:20:00,2024-09-15
202400053034,18:40,Plein jour,51,51065,1,6,1,2.0,RN4,48.734788,4.556108,18:40:00,2024-07-10
202400053035,18:10,Nuit sans éclairage,42,42197,2,3,1,2.0,D1089,45.738589,4.030019,18:10:00,2024-01-02
202400053036,08:40,Plein jour,75,75115,2,2,1,6.0,RUE SAINT CHARLES,48.849079,2.287638,08:40:00,2024-09-19
202400053037,16:05,Plein jour,33,33249,1,1,1,2.0,Unknown,44.884412,-0.51364,16:05:00,2024-05-03
202400053038,16:45,Plein jour,987,98736,1,6,1,3.0,CHARLES DE GAULLE (AV),-17.5258,-149.54262,16:45:00,2024-06-07
202400053039,07:40,Crépuscule,76,76351,2,4,1,6.0,PABLO PICASSO (AVENUE) ,49.50154,0.15001,07:40:00,2024-02-13
202400053040,14:30,Plein jour,36,36154,2,3,2,3.0,Rue du Chemin Vert,46.578956,1.532587,14:30:00,2024-10-25
202400053041,16:15,Plein jour,33,33318,2,2,1,3.0,Unknown,44.80184,-0.65354,16:15:00,2024-03-25
202400053042,07:50,Plein jour,77,77471,1,1,1,1.0,RD 410,48.346712,2.457489,07:50:00,2024-08-15
202400053043,18:15,Nuit sans éclairage,54,54067,1,2,2,1.0,D643,49.42966804,5.68604708,18:15:00,2024-12-01
202400053044,18:20,Plein jour,33,33063,1,1,3,6.0,Unknown,44.88409,-0.55921,18:20:00,2024-05-01
202400053045,12:25,Plein jour,75,75114,2,3,1,7.0,BOULEVARD JOURDAN,48.822321,2.330396,12:25:00,2024-09-20
202400053046,13:30,Plein jour,02,02355,1,3,2,3.0,D1044,49.879109,3.268025,13:30:00,2024-01-03
202400053047,15:00,Plein jour,42,42120,2,2,1,6.0,160 Rue des Vernes,45.99478118,3.98096859,15:00:00,2024-07-11
202400053048,01:07,Nuit sans éclairage,95,95023,1,1,1,6.0,D927,49.17142843,2.12397419,01:07:00,2024-08-15
202400053049,12:45,Plein jour,88,88158,1,1,1,7.0,N57,48.090442,6.596786,12:45:00,2024-10-25
202400053050,18:20,Plein jour,76,76305,2,1,1,2.0,D 6382,49.49878,0.20119,18:20:00,2024-02-12
202400053051,14:00,Plein jour,974,97416,1,1,1,2.0,RN1,-21.30436,55.42772,14:00:00,2024-06-07
202400053052,10:30,Plein jour,33,33119,2,1,1,6.0,Unknown,44.85463,-0.51802,10:30:00,2024-03-25
202400053053,16:49,Plein jour,59,59123,1,1,1,6.0,AUTOROUTE A1,50.50175,3.01091,16:49:00,2024-05-02
202400053054,14:40,Plein jour,974,97416,1,1,1,6.0,DELISLES (ROUTE HUBERT) CD3,-21.31676,55.54626,14:40:00,2024-06-07
202400053055,11:15,Plein jour,42,42166,1,9,1,2.0,Route Bleue,46.003278,4.100127,11:15:00,2024-07-11
202400053056,10:00,Plein jour,84,84039,1,2,1,3.0,Chemin des Cantons,44.099184,4.898663,10:00:00,2024-12-02
202400053057,13:20,Plein jour,2B,2B010,1,1,1,1.0,route territoriale 30,42.607993,8.857223,13:20:00,2024-08-16
202400053058,18:15,Plein jour,75,75111,2,7,2,2.0,PLACE LEON BLUM,48.857936,2.38033122,18:15:00,2024-09-20
202400053059,17:40,Nuit sans éclairage,26,26165,1,1,1,4.0,Route du val de drome,44.76626,4.851547,17:40:00,2024-01-03
202400053060,10:50,Plein jour,72,72181,2,9,2,3.0,ROUMANIE (RUE DE),47.99706926,0.23555696,10:50:00,2024-02-09
202400053061,16:00,Plein jour,91,91045,1,2,1,3.0,D191,48.516652,2.381979,16:00:00,2024-10-26
202400053062,09:15,Plein jour,31,31149,2,6,2,3.0,ARMURIE (CHEMIN DE L'),43.5921,1.36068,09:15:00,2024-03-26
202400053063,15:49,Plein jour,91,91689,1,1,1,2.0,AUTOROUTE A6A,48.731,2.31483,15:49:00,2024-05-03
202400053064,18:30,Plein jour,81,81133,1,1,1,7.0,D71,43.859272,2.160423,18:30:00,2024-07-11
202400053065,20:45,Nuit sans éclairage,76,76271,1,1,9,6.0,Route du Bolhard,49.569185,1.161488,20:45:00,2024-12-01
202400053066,18:11,Nuit sans éclairage,974,97409,2,1,1,6.0,LAGOURGUE(CHEMIN),-20.94066,55.67054,18:11:00,2024-06-08
202400053067,18:53,,71,71270,2,1,1,6.0,Rue de la République,46.2976,4.82844,18:53:00,2024-02-13
202400053068,16:30,Plein jour,66,66175,1,1,1,1.0,RD 618,42.544726,2.906506,16:30:00,2024-08-15
202400053069,09:00,Plein jour,26,26124,1,1,1,1.0,Route Nationale 7,44.844041,4.864237,09:00:00,2024-01-03
202400053070,12:35,Plein jour,06,06150,1,1,3,6.0,A8 - PK 211.300 - CHAUSSÉE SUD,43.75177331,7.41345787,12:35:00,2024-10-26
202400053071,08:45,Plein jour,28,28085,2,9,2,3.0,TROIS PONTS  (RUE DES),48.43215,1.49273,08:45:00,2024-03-26
202400053072,11:45,Plein jour,75,75110,2,4,1,3.0,RUE DU FAUBOURG SAINT MARTIN,48.87891138,2.36241138,11:45:00,2024-09-20
202400053073,08:55,Plein jour,91,91161,1,1,1,3.0,AUTOROUTE A6,48.69634,2.317,08:55:00,2024-05-03
202400053074,11:15,Plein jour,79,79034,2,1,1,1.0,Unknown,46.301357,-0.495703,11:15:00,2024-12-02
202400053075,16:15,Plein jour,30,30270,2,1,1,1.0,Route d'Auzas,44.121206,4.050468,16:15:00,2024-08-16
202400053076,22:45,,973,97302,2,3,1,3.0,ARAGO (FRANCOIS),4.93586999,-52.33103031,22:45:00,2024-06-07
202400053077,16:50,Plein jour,25,25580,2,4,1,3.0,GRAVIERS (RUE DES),47.47283,6.83646,16:50:00,2024-03-26
202400053078,23:20,,75,75108,2,1,1,2.0,PONT DE L ALMA,48.863575,2.301636,23:20:00,2024-09-19
202400053079,18:45,Plein jour,51,51476,2,2,1,5.0,RD 977,49.026829,4.414249,18:45:00,2024-07-11
202400053080,20:06,,69,69256,2,2,1,3.0,Avenue Charles de Gaulle,45.78193129,4.93605038,20:06:00,2024-02-13
202400053081,12:35,Plein jour,07,07198,1,1,2,5.0,D86,44.777905,4.762208,12:35:00,2024-01-02
202400053082,11:25,Plein jour,65,65291,2,3,1,1.0,D13,43.066717,-0.037465,11:25:00,2024-12-01
202400053083,00:20,Nuit sans éclairage,84,84039,1,1,1,4.0,PK 178 - AUTOROUTE A7 SENS 1,44.088263,4.877329,00:20:00,2024-10-26
202400053084,09:30,Plein jour,78,78640,1,1,1,3.0,N118,48.77971,2.22264,09:30:00,2024-05-03
202400053085,11:25,Plein jour,22,22215,2,1,1,6.0,GRANDE METAIRIE (RUE DE LA),48.4918,-2.8028,11:25:00,2024-03-26
202400053086,16:40,Plein jour,84,84063,1,1,1,6.0,N86,44.26781,4.690073,16:40:00,2024-08-16
202400053087,14:00,Plein jour,973,97302,2,3,1,3.0,CABASSOU (ROUTE DE),4.91845009,-52.31554127,14:00:00,2024-06-07
202400053088,08:21,Plein jour,42,42103,2,6,1,6.0,Route de Farnay,45.496436,4.564143,08:21:00,2024-07-11
202400053089,01:00,Nuit sans éclairage,69,69066,1,1,9,6.0,Route de la Buche,46.11169135,4.3376802,01:00:00,2024-12-01
202400053090,10:50,Plein jour,69,69271,2,2,1,3.0,Rue Ampère,45.72765,4.97126,10:50:00,2024-02-12
202400053091,07:55,Plein jour,75,75107,2,2,1,3.0,RUE DE SOLFERINO,48.860325,2.323589,07:55:00,2024-09-20
202400053092,19:15,Plein jour,06,06092,2,1,1,6.0,237 Avenue de l’Hotel de Ville,43.767175,7.362042,19:15:00,2024-08-16
202400053093,17:30,Plein jour,69,69007,2,1,1,3.0,Rue du Stade,45.499816,4.828454,17:30:00,2024-10-25
202400053094,22:00,Nuit sans éclairage,60,60224,1,1,1,6.0,departementale 20,49.147278,2.986755,22:00:00,2024-07-11
202400053095,08:20,Crépuscule,27,27354,1,2,2,3.0,D24,49.170914,0.950366,08:20:00,2024-01-03
202400053096,17:10,Plein jour,21,21355,2,1,1,3.0,DIJON (DE) (ROUTE),47.291502,5.058484,17:10:00,2024-03-25
202400053097,21:30,Nuit sans éclairage,973,97302,2,2,2,3.0,MERE THERESA (rue),4.92245377,-52.31258342,21:30:00,2024-06-07
202400053098,19:52,Plein jour,92,92050,1,1,2,4.0,A86,48.89223398,2.18157649,19:52:00,2024-05-02
202400053099,07:40,Crépuscule,63,63414,1,1,2,1.0,D906,45.70938614,3.58776652,07:40:00,2024-12-02
202400053100,00:30,,75,75107,2,1,1,6.0,AVENUE BOSQUET,48.85799959,2.30388558,00:30:00,2024-09-20
202400053101,05:30,Nuit sans éclairage,62,62584,2,1,3,6.0,D937,50.59057795,2.57258054,05:30:00,2024-07-12
202400053102,11:44,Plein jour,05,05070,1,9,1,6.0,Avenue de Provence,44.298944,5.839502,11:44:00,2024-08-16
202400053103,19:49,,64,64445,2,3,1,3.0,ATTIGNY D',43.31874583,-0.3749608,19:49:00,2024-02-12
202400053104,01:20,Nuit sans éclairage,31,31254,2,1,1,6.0,D916,43.536929,1.511039,01:20:00,2024-01-03
202400053105,05:30,Crépuscule,988,98815,1,1,8,6.0,Cengeite (Tribu),-21.591572,167.863219,05:30:00,2024-10-26
202400053106,15:45,Plein jour,86,86149,1,1,1,6.0,D52,46.92132927,0.06148579,15:45:00,2024-12-01
202400053107,14:15,Plein jour,13,13103,2,3,1,3.0,AVENUE DE LATTRE DE TASSIGNY-RD 17-,43.64785145,5.09251868,14:15:00,2024-03-25
202400053108,17:30,Plein jour,95,95488,1,1,1,3.0,A15,49.01607139,2.14427239,17:30:00,2024-05-03
202400053109,09:13,Plein jour,56,56067,2,6,1,6.0,Giratoire de la place de la mairie,47.757939,-2.843458,09:13:00,2024-07-02
202400053110,01:40,,69,69382,2,9,1,2.0,Quai Jean Moulin,45.76379,4.83819,01:40:00,2024-06-08
202400053111,13:00,Plein jour,94,94068,2,3,1,6.0,Quai de la Pie,48.79,2.4735,13:00:00,2024-09-19
202400053112,01:13,,977,97701,2,1,1,3.0,Morne Dépoudre - Saint Jean,17.901127,-62.833606,01:13:00,2024-10-26
202400053113,16:00,Plein jour,13,13082,2,1,1,3.0,D15 intersection Chemin de la Baume,43.664263,5.339946,16:00:00,2024-08-15
202400053114,11:30,Plein jour,64,64122,2,6,1,3.0,"""KENNEDY (AVENUE DU PRESIDENT J,F)""",43.47033145,-1.55521721,11:30:00,2024-02-13
202400053115,19:15,Crépuscule,13,13213,2,1,2,6.0,POILUS (AVENUE DES),43.32505,5.45108,19:15:00,2024-03-26
202400053116,18:00,Nuit sans éclairage,39,39252,1,1,2,1.0,Unknown,47.048416,5.443416,18:00:00,2024-12-02
202400053117,14:50,Plein jour,55,55237,1,1,3,3.0,Haudiomont A4 PK 260+900,49.119487,5.499279,14:50:00,2024-01-03
202400053118,15:30,Plein jour,93,93027,1,1,1,2.0,A86,48.92585951,2.3991555,15:30:00,2024-05-03
202400053119,22:50,,77,77486,1,1,1,6.0,D1004,48.685035,3.10337,22:50:00,2024-10-24
202400053120,19:12,Plein jour,64,64102,2,1,1,6.0,Unknown,43.48081,-1.46201,19:12:00,2024-02-13
202400053121,16:17,Plein jour,77,77452,1,2,1,1.0,intersection D03 - D77B,48.475909,3.146073,16:17:00,2024-07-12
202400053122,07:00,Crépuscule,13,13014,1,9,1,2.0,D21,43.486058,5.189538,07:00:00,2024-06-12
202400053123,10:30,Plein jour,29,29184,1,1,1,7.0,D769,48.60358638,-3.94159526,10:30:00,2024-12-01
202400053124,18:45,Plein jour,94,94016,2,6,2,3.0,Rue Gabriel Péri,48.78847,2.34304,18:45:00,2024-09-20
202400053125,16:55,Plein jour,94,94069,1,1,1,2.0,A4,48.8173389,2.43679762,16:55:00,2024-05-03
202400053126,17:10,Plein jour,2B,2B037,1,1,1,5.0,TOUTES RUES,42.60105,9.4387,17:10:00,2024-06-07