Num_Acc,hrmn,lum,dep,com,agg,int,atm,col,adr,lat,long,heure,date
202400053127,06:35,Nuit sans éclairage,77,77235,1,1,6,6.0,2 route de changis,48.97964,3.045509,06:35:00,2024-01-02
202400053128,17:10,Plein jour,91,91226,2,1,1,1.0,Rue des Frères Kennedy,48.486598,2.172337,17:10:00,2024-10-26
202400053129,19:50,,13,13204,2,3,1,3.0,DE ROUX (BD ET IMPASSE),43.30833,5.40903,19:50:00,2024-03-25
202400053130,21:30,Nuit sans éclairage,79,79268,2,1,2,6.0,Unknown,46.783925,-0.157505,21:30:00,2024-07-11
202400053131,22:40,Nuit sans éclairage,93,93051,1,1,3,7.0,A4,48.83654607,2.55061941,22:40:00,2024-05-01
202400053132,15:05,Plein jour,13,13036,2,1,1,2.0,rue du 11 novembre,43.839998,4.845185,15:05:00,2024-12-01
202400053133,13:45,Plein jour,77,77474,1,9,2,6.0,Route Départementale 89,48.933721,2.799196,13:45:00,2024-01-03
202400053134,08:00,Plein jour,63,63113,2,5,1,3.0,Kennedy /Pompidou,45.79595,3.12331,08:00:00,2024-02-13
202400053135,10:25,Plein jour,94,94073,2,1,1,2.0,2-4 Av du Mal de Lattre de Tassigny,48.760904,2.403345,10:25:00,2024-09-20
202400053136,16:10,Plein jour,95,95268,2,1,1,6.0,D125,48.97230588,2.40097807,16:10:00,2024-06-08
202400053137,08:10,Plein jour,21,21371,2,3,1,2.0,Rue Bizot,47.138921,5.343937,08:10:00,2024-08-16
202400053138,16:25,Plein jour,13,13119,2,3,1,3.0,Avenue de Cassis,43.249931,5.553761,16:25:00,2024-10-24
202400053139,14:10,Plein jour,13,13209,1,1,6,6.0,COL DE LA GINESTE D559,43.24012335,5.45726469,14:10:00,2024-03-25
202400053140,13:58,Plein jour,31,31541,2,1,7,1.0,Chemin du Bac,43.692813,1.358912,13:58:00,2024-07-11
202400053141,07:30,Plein jour,973,97302,2,1,3,3.0,MANDELA  (BOULEVARD),4.93675,-52.32594,07:30:00,2024-05-02
202400053142,13:00,Plein jour,95,95127,2,1,1,6.0,OISE (BOULEVARD DE L'),49.03654565,2.08048224,13:00:00,2024-06-08
202400053143,19:25,,01,01265,2,1,1,2.0,Rue du jura,46.177695,5.580438,19:25:00,2024-12-01
202400053144,17:17,Plein jour,94,94060,2,1,1,2.0,Rue du Général de Gaulle,48.78151,2.57137,17:17:00,2024-09-19
202400053145,17:37,Plein jour,63,63113,2,1,1,1.0,BINGEN (BD JACQUES),45.77922,3.13164,17:37:00,2024-02-12
202400053146,18:15,,77,77171,2,6,2,6.0,70 Avenue Joffre,48.896183,2.816022,18:15:00,2024-01-02
202400053147,17:34,Plein jour,88,88196,1,1,1,3.0,Route de la Bresse,48.064788,6.861295,17:34:00,2024-08-12
202400053148,10:00,Plein jour,57,57589,2,1,7,6.0,2 Rue Pasteur,49.044704,7.266726,10:00:00,2024-10-25
202400053149,11:00,Plein jour,06,06123,2,1,1,3.0,Avenue du Ponant,43.658,7.18864,11:00:00,2024-03-25
202400053150,08:50,Plein jour,973,97302,2,1,1,3.0,BARTHELEMY (RENE),4.93199,-52.33001,08:50:00,2024-05-01
202400053151,14:30,Plein jour,58,58184,2,1,1,6.0,D977bis,47.190646,3.451037,14:30:00,2024-12-02
202400053152,16:55,Plein jour,91,91216,2,6,1,7.0,PAVILLON (RUE),48.67315,2.32058,16:55:00,2024-06-07
202400053153,13:00,Plein jour,73,73051,1,1,1,3.0,15 Avenue lac du bourget,45.64433568,5.86798489,13:00:00,2024-08-14
202400053154,18:13,Nuit sans éclairage,77,77521,1,1,8,6.0,N36,48.849157,2.865458,18:13:00,2024-01-02
202400053155,10:35,Plein jour,2B,2B207,1,1,1,4.0,Caragiuti,42.45345,9.504429,10:35:00,2024-07-12
202400053156,08:30,Plein jour,59,59508,2,3,1,3.0,Rue Henri Barbusse,50.74178458,3.13220004,08:30:00,2024-02-13
202400053157,09:40,Plein jour,75,75112,2,1,2,3.0,BD PERIPHERIQUE EXTERIEUR,48.83401,2.409516,09:40:00,2024-03-26
202400053158,17:30,Plein jour,91,91114,2,1,1,6.0,RUE DE VILLECRESNES,48.70763,2.51436,17:30:00,2024-06-08
202400053159,21:57,Nuit sans éclairage,29,29104,1,1,1,6.0,Kerdiles,48.27414907,-4.32420818,21:57:00,2024-10-25
202400053160,12:55,Plein jour,69,69388,1,1,1,3.0,5 Rue de Montagny,45.7368,4.85035,12:55:00,2024-05-02
202400053161,20:30,Crépuscule,93,93071,2,2,1,5.0,AULNAY (RUE D'),48.93968816,2.51275778,20:30:00,2024-09-20
202400053162,16:20,Plein jour,33,33077,2,1,1,3.0,Unknown,44.609382,-0.555786,16:20:00,2024-08-15
202400053163,07:55,Nuit sans éclairage,77,77493,1,1,2,2.0,D99,48.638311,2.81559,07:55:00,2024-01-02
202400053164,08:20,Plein jour,82,82117,1,1,1,6.0,Le Bois de Celle,44.336078,0.965499,08:20:00,2024-07-11
202400053165,16:35,Plein jour,59,59279,2,1,7,6.0,NOLLET (RUE MARTHE),50.78,3.12,16:35:00,2024-02-12
202400053166,19:30,,75,75120,2,1,1,2.0,BD PERIPHERIQUE INTERIEUR,48.856344,2.413923,19:30:00,2024-03-25
202400053167,10:30,Plein jour,69,69034,2,1,2,6.0,19 Avenue Général de Gaulle,45.80495,4.85314,10:30:00,2024-05-02
202400053168,14:55,Plein jour,55,55509,1,1,2,7.0,RD 643,49.57578903,5.34514565,14:55:00,2024-01-03
202400053169,13:20,Plein jour,91,91432,2,2,1,3.0,AV BLAISE PASCAL,48.69672,2.33275,13:20:00,2024-06-07
202400053170,19:10,Nuit sans éclairage,27,27401,1,3,2,3.0,D543,49.068109,1.115102,19:10:00,2024-10-25
202400053171,23:30,Nuit sans éclairage,02,02495,2,1,1,6.0,5 Rue de l?Abbatiale,49.962005,4.055495,23:30:00,2024-08-15
202400053172,18:40,Plein jour,93,93027,2,8,2,3.0,17 octobre 1961,48.92981,2.38523,18:40:00,2024-09-20
202400053173,07:30,Plein jour,75,75120,2,3,2,2.0,AVENUE DE LA PORTE DE VINCENNES,48.84693053,2.41505563,07:30:00,2024-03-26
202400053174,17:55,Plein jour,33,33424,1,1,1,3.0,Unknown,45.147213,-0.811765,17:55:00,2024-07-11
202400053175,07:40,Plein jour,59,59599,2,1,1,6.0,Avenue de la Fin de la Guerre,50.7294,3.14598,07:40:00,2024-02-12
202400053176,16:15,Plein jour,2B,2B033,2,1,2,2.0,GIRAUD - BD GENERAL,42.69728,9.45088,16:15:00,2024-05-02
202400053177,21:00,Nuit sans éclairage,93,93027,1,1,1,7.0,AUTOROUTE A1,48.9344735,2.39765242,21:00:00,2024-08-14
202400053178,13:45,Plein jour,73,73179,1,2,1,3.0,Route de l'école du tremblay,45.62802489,5.87370649,13:45:00,2024-01-03
202400053179,15:00,Plein jour,83,83123,2,6,1,2.0,BAD SACKINGEN (ROND POINT),43.11919,5.81075,15:00:00,2024-06-06
202400053180,15:05,Plein jour,13,13215,1,1,1,2.0,A7-Sens Lyon vers Marseille,43.37178,5.36129,15:05:00,2024-10-25
202400053181,18:10,Plein jour,93,93050,2,3,2,3.0,HUIT MAI 1945,48.86597,2.53444,18:10:00,2024-09-20
202400053182,07:30,Crépuscule,59,59008,1,1,1,1.0,JAURES PROLONGE (RUE JEAN),50.33435,3.27362,07:30:00,2024-02-12
202400053183,17:15,Plein jour,75,75117,2,3,1,1.0,BOULEVARD DU BOIS LE PRETRE,48.899207,2.32125,17:15:00,2024-03-25
202400053184,18:00,Plein jour,71,71261,1,2,1,3.0,La Grelay RD933,46.579531,4.9862,18:00:00,2024-07-12
202400053185,18:30,Plein jour,83,83118,2,1,1,7.0,AVENUE DE VALESCURE,43.42653353,6.76937489,18:30:00,2024-05-06
202400053186,10:45,Plein jour,45,45169,2,1,1,3.0,132 Route d'Orleans,47.91443,1.8503,10:45:00,2024-05-19
202400053187,15:27,Plein jour,2B,2B120,2,1,3,2.0,11 - RT,42.65,9.41667,15:27:00,2024-05-01
202400053188,18:20,Crépuscule,13,13214,1,1,1,7.0,A507 sens Marseille - Aubagne,43.32779,5.38988,18:20:00,2024-10-24
202400053189,15:10,Plein jour,42,42022,2,6,1,2.0,Avenue de Saint-Marcellin,45.522001,4.215113,15:10:00,2024-01-03
202400053190,09:00,Plein jour,59,59122,2,1,7,6.0,LANDRECIES (RUE DES),50.17528,3.24764,09:00:00,2024-02-13
202400053191,16:20,Plein jour,93,93030,1,1,1,2.0,DEUXIEME D.B (AVENUE DE LA),48.9544021,2.42061585,16:20:00,2024-09-19
202400053192,07:20,Crépuscule,28,28085,2,1,1,6.0,SOURS (RUE DE),48.4396727,1.5115092,07:20:00,2024-01-22
202400053193,01:30,,75,75117,2,2,1,2.0,BOULEVARD DES BATIGNOLLES,48.881415,2.316231,01:30:00,2024-03-26
202400053194,17:40,Plein jour,95,95607,2,1,3,2.0,D407,49.02067,2.22377419,17:40:00,2024-05-02
202400053195,17:50,Plein jour,71,71010,1,3,1,3.0,D680,46.87497,4.395317,17:50:00,2024-07-11
202400053196,13:30,Plein jour,54,54395,2,3,1,3.0,Rue Raymond Poincaré,48.69037134,6.17294043,13:30:00,2024-02-12
202400053197,16:50,Plein jour,38,38507,2,2,1,3.0,Route de Lyon,45.71587,5.164465,16:50:00,2024-01-01
202400053198,21:25,Nuit sans éclairage,89,89387,2,1,3,7.0,GENERAL DE GAULLE (RUE DU),48.19436,3.28353,21:25:00,2024-05-01
202400053199,08:00,Plein jour,987,98735,2,2,1,1.0,TEPANO JAUSSEN (RUE),-17.54072,-149.56606,08:00:00,2024-08-14
202400053200,04:38,Nuit sans éclairage,42,42237,1,1,8,5.0,N88,45.44266,4.46362,04:38:00,2024-10-23
202400053201,00:01,,93,93057,2,2,1,1.0,MONTYON (AL.) 1 A 74,48.91285,2.50675,00:01:00,2024-09-20
202400053202,06:25,Crépuscule,78,78423,1,1,7,2.0,Unknown,48.78516,2.03772,06:25:00,2024-06-08
202400053203,14:50,Plein jour,75,75116,2,3,2,3.0,BOULEVARD LANNES,48.863186,2.26864,14:50:00,2024-03-26
202400053204,14:40,Plein jour,89,89136,1,1,1,3.0,D606,48.258488,3.240031,14:40:00,2024-07-10
202400053205,09:55,Plein jour,92,92078,2,1,1,6.0,MOULIN CAGE (QUAI),48.92741,2.33177,09:55:00,2024-09-20
202400053206,12:50,Plein jour,974,97416,2,1,1,3.0,ISAUTIER (AVENUE CHARLES),-21.33082,55.45578,12:50:00,2024-08-14
202400053207,10:10,Plein jour,54,54395,2,1,1,2.0,Rue Stanislas,48.6915075,6.17667675,10:10:00,2024-02-12
202400053208,20:45,Plein jour,77,77122,1,1,1,7.0,CD 50,48.66917,2.58141,20:45:00,2024-06-08
202400053209,18:10,Nuit sans éclairage,86,86294,1,1,2,1.0,RN149 ,46.640649,0.203252,18:10:00,2024-01-03
202400053210,18:20,Plein jour,87,87085,2,2,2,3.0,LATTRE-DE-TASSIGNY (AVENUE DU MARECHAL),45.8256,1.27881,18:20:00,2024-04-30
202400053211,15:40,Plein jour,57,57474,1,1,1,2.0,Autoroute A31,49.25816319,6.17720187,15:40:00,2024-10-24
202400053212,18:55,,75,75115,2,3,2,6.0,RUE DE L EGLISE,48.84494053,2.28607929,18:55:00,2024-03-26
202400053213,17:00,Crépuscule,66,66147,1,1,1,6.0,Unknown,42.5515,1.833054,17:00:00,2024-12-01
202400053214,23:00,Nuit avec éclairage,63,63040,2,1,1,7.0,Rue des Fossés,45.721993,3.345117,23:00:00,2024-07-11
202400053215,08:15,Crépuscule,85,85071,1,1,2,6.0,RD32,46.7738389,-1.8754122,08:15:00,2024-01-02
202400053216,16:00,Plein jour,54,54149,2,1,1,6.0,Route Nationale,49.4329,5.92824,16:00:00,2024-02-13
202400053217,18:40,Plein jour,33,33550,1,1,3,7.0,Unknown,44.7856,-0.54148,18:40:00,2024-10-25
202400053218,00:35,Nuit sans éclairage,92,92072,2,4,1,7.0,GRANDE RUE,48.8275667,2.22539619,00:35:00,2024-09-20
202400053219,14:50,Plein jour,83,83126,2,1,2,3.0,RENOIR (AV AUGUSTE),43.08409,5.86413,14:50:00,2024-05-02
202400053220,05:00,Crépuscule,77,77449,2,1,1,3.0,RD 231,48.84104,2.78247,05:00:00,2024-06-08
202400053221,08:20,Plein jour,974,97411,2,2,1,3.0,AUBER (RUE JULES),-20.87556,55.45191,08:20:00,2024-08-14
202400053222,08:30,Plein jour,55,55573,2,1,1,7.0,Rue de Strasbourg,48.68870692,5.61978641,08:30:00,2024-07-09
202400053223,18:45,Plein jour,75,75115,2,3,1,2.0,RUE LECOURBE,48.845138,2.311146,18:45:00,2024-03-24
202400053224,08:25,Plein jour,60,60471,2,3,1,6.0,Avenue Jean Jaurès,49.576003,2.991562,08:25:00,2024-11-28
202400053225,13:35,Plein jour,77,77333,2,1,7,6.0,AV JEAN MOULIN,48.26864,2.71022,13:35:00,2024-06-07
202400053226,18:55,,51,51454,2,1,2,3.0,GUTENBERG (RUE),49.274573,4.00185,18:55:00,2024-02-12
202400053227,11:35,Plein jour,81,81004,2,6,2,6.0,THOMAS (AV ALBERT),43.9503507,2.1536126,11:35:00,2024-05-02
202400053228,16:20,Plein jour,59,59343,1,1,1,2.0,AUTOROUTE A1,50.583,3.09014,16:20:00,2024-10-24
202400053229,07:00,Crépuscule,92,92036,2,1,1,2.0,GRESILLONS (QUAI DES),48.91986716,2.32248746,07:00:00,2024-09-20
202400053230,18:45,,85,85003,2,3,3,3.0,11 Rue georges clemenceau,46.741239,-1.610624,18:45:00,2024-01-02
202400053231,07:50,Plein jour,974,97411,2,2,1,6.0,RIVIERE DES PLUIES (ROUTE DE LA),-20.90134,55.502,07:50:00,2024-08-14
202400053232,18:35,Plein jour,49,49214,1,6,1,1.0,Route de Laval,47.53436,-0.632073,18:35:00,2024-07-12
202400053233,17:55,Plein jour,80,80021,2,1,1,6.0,RENE GOBLET (PLACE),49.89141,2.30222,17:55:00,2024-05-01
202400053234,18:35,Plein jour,72,72181,2,2,1,3.0,JAURES JEAN (AV) N° IMP 35 A 179,47.98617,0.20882,18:35:00,2024-06-08
202400053235,17:15,Plein jour,50,50129,2,1,1,4.0,EST (BOULEVARD DE L'),49.6359,-1.5771,17:15:00,2024-01-30
202400053236,11:15,Plein jour,974,97411,1,1,1,7.0,RN2/043,-20.88651,55.49247,11:15:00,2024-08-09
202400053237,19:30,,75,75114,2,2,2,2.0,BOULEVARD ROMAIN ROLLAND,48.822248,2.314315,19:30:00,2024-03-26
202400053238,20:00,,45,45233,1,9,1,3.0,D26 PR 12 + 861,48.200545,2.410673,20:00:00,2024-11-20
202400053239,11:05,Plein jour,91,91136,1,1,1,4.0,AUTOROUTE A10,48.7126,2.28329,11:05:00,2024-10-25
202400053240,12:30,Plein jour,92,92025,2,2,1,3.0,GABRIEL PERI (RUE),48.92286086,2.24990169,12:30:00,2024-09-19
202400053241,14:15,Plein jour,49,49283,1,1,1,1.0,D961,47.403505,-0.750482,14:15:00,2024-07-11
202400053242,14:00,Plein jour,62,62505,1,1,4,6.0,A16,50.834443,1.704544,14:00:00,2024-01-03
202400053243,17:10,Plein jour,72,72181,1,1,1,2.0,LATTRE DE TASSIGNY MARECHAL DE (BD),48.02954,0.1835,17:10:00,2024-06-07
202400053244,17:20,Plein jour,75,75114,2,3,2,6.0,AVENUE DU GENERAL LECLERC,48.831373,2.329917,17:20:00,2024-03-26
202400053245,20:35,,49,49099,2,9,1,4.0,RONTARDIERE (BOULEVARD DE LA),47.06675,-0.84266,20:35:00,2024-02-08
202400053246,09:00,Plein jour,91,91086,1,1,1,3.0,RN 104,48.62329,2.38467,09:00:00,2024-10-25
202400053247,05:35,,64,64329,2,2,1,6.0,RD 817 angle avenue d'ossau,43.294178,-0.288917,05:35:00,2024-12-01
202400053248,10:55,Plein jour,92,92012,2,1,1,3.0,DENFERT ROCHEREAU (RUE),48.8421881,2.24677652,10:55:00,2024-09-20
202400053249,13:20,Plein jour,972,97213,1,1,1,5.0,AUTOROUTE A1,14.60556,-61.00312,13:20:00,2024-08-14
202400053250,04:10,Nuit sans éclairage,38,38184,1,9,1,2.0,A43   15.971 A 18.875,45.66295,5.06672,04:10:00,2024-01-01
202400053251,07:50,Plein jour,42,42208,1,4,1,1.0,M6,45.544281,4.460884,07:50:00,2024-07-08
202400053252,18:15,Plein jour,49,49099,2,9,1,7.0,LORRAINE (RUE DE),47.05471,-0.85797,18:15:00,2024-02-13
202400053253,14:20,Plein jour,76,76351,2,6,1,3.0,FLORIMOND LAURENT (RUE),49.51328,0.11102,14:20:00,2024-04-30
202400053254,04:30,Nuit sans éclairage,92,92076,1,1,1,6.0,A13,48.83191756,2.15181737,04:30:00,2024-10-25
202400053255,18:16,Nuit sans éclairage,18,18088,1,1,1,7.0,Unknown,47.425068,2.435242,18:16:00,2024-12-02
202400053256,16:30,Plein jour,69,69092,2,3,1,3.0,Avenue Laurent Bonnevay,45.98522,4.70857,16:30:00,2024-06-07
202400053257,11:00,Plein jour,75,75113,2,3,1,3.0,QUAI D AUSTERLITZ,48.838644,2.372317,11:00:00,2024-03-26
202400053258,19:10,Plein jour,95,95539,2,1,1,6.0,PARC CHAPELLE SAINT-NICOLAS (RUE DE LA),48.99087,2.362948,19:10:00,2024-08-14
202400053259,23:30,Nuit sans éclairage,91,91064,1,1,3,2.0,RN 118,48.75135,2.22189,23:30:00,2024-01-01
202400053260,08:45,Plein jour,92,92012,2,2,1,3.0,SAUSSIERE (RUE DE LA),48.83774328,2.24038437,08:45:00,2024-09-20
202400053261,11:20,Plein jour,53,53273,1,1,1,7.0,D109,47.917809,-0.667849,11:20:00,2024-12-01
202400053262,19:00,Nuit sans éclairage,93,93053,1,1,1,3.0,AUTOROUTE A3,48.89332229,2.47257373,19:00:00,2024-10-25
202400053263,17:45,Plein jour,68,68235,1,1,7,1.0,lieu-dit thurwald - D1B,48.000361,7.351592,17:45:00,2024-07-12
202400053264,07:50,Plein jour,71,71270,2,3,2,6.0,Rue Commandant Jean de Bellecombe,46.31192,4.82159,07:50:00,2024-05-02
202400053265,18:00,Plein jour,44,44020,2,1,2,5.0,Unknown,47.16928,-1.58002,18:00:00,2024-02-13
202400053266,08:56,Crépuscule,93,93027,1,1,2,6.0,A86,48.92610388,2.40095258,08:56:00,2024-01-02
202400053267,00:01,,91,91286,2,1,1,6.0,CORBEIL (ROUTE DE),48.65299,2.39504,00:01:00,2024-08-15
202400053268,16:20,Plein jour,64,64483,1,3,1,3.0,IRACHABAL (CHEMIN),43.39091,-1.62854,16:20:00,2024-06-07
202400053269,06:46,Nuit sans éclairage,24,24547,2,1,1,6.0,Route de brive,45.12846244,1.31726772,06:46:00,2024-12-02
202400053270,09:45,Plein jour,75,75112,2,3,2,3.0,RUE DE REUILLY,48.844223,2.390301,09:45:00,2024-03-26
202400053271,00:30,Nuit sans éclairage,41,41204,1,1,1,1.0,D951,47.634873,1.415632,00:30:00,2024-09-21
202400053272,16:40,Plein jour,94,94018,1,1,1,2.0,A4,48.82465601,2.39368239,16:40:00,2024-10-25
202400053273,02:10,,69,69259,1,1,2,6.0,Boulevard Pinel,45.72214,4.88779,02:10:00,2024-05-03
202400053274,19:20,Nuit sans éclairage,93,93053,1,1,1,6.0,A3,48.88384258,2.46603906,19:20:00,2024-01-01
202400053275,10:50,Plein jour,31,31582,2,1,1,3.0,167 Rue de la République,43.400424,1.714909,10:50:00,2024-07-11
202400053276,08:50,Plein jour,64,64445,2,1,1,6.0,JEAN GENEZE,43.31916,-0.36829,08:50:00,2024-06-08
202400053277,04:50,Nuit sans éclairage,17,17180,1,1,5,7.0,D226,45.885408,-0.207496,04:50:00,2024-12-01
202400053278,09:50,Plein jour,91,91589,2,2,1,3.0,RUE DE LA VOIE VERTE,48.70228,2.35259,09:50:00,2024-08-14
202400053279,11:22,Plein jour,93,93063,1,1,1,6.0,AUTOROUTE A3,48.87919372,2.44886779,11:22:00,2024-01-01
202400053280,23:26,,69,69290,2,9,2,6.0,Route de Toussieu,45.68538504,4.98359415,23:26:00,2024-05-02
202400053281,15:00,Plein jour,77,77373,1,1,1,2.0,RN104,48.76694017,2.61376289,15:00:00,2024-10-25
202400053282,17:15,Plein jour,42,42218,2,1,1,5.0,Boulevard Louis Neltner,45.462085,4.413297,17:15:00,2024-02-04
202400053283,20:05,,06,06161,2,2,1,3.0,239 Boulevard des Italiens,43.641466,7.142217,20:05:00,2024-09-20
202400053284,23:20,Nuit sans éclairage,23,23112,1,1,2,6.0,D951,46.37225,1.786716,23:20:00,2024-12-01
202400053285,14:14,Plein jour,75,75111,2,3,1,3.0,RUE DU FAUBOURG SAINT ANTOINE,48.85039704,2.38139927,14:14:00,2024-03-25
202400053286,15:45,Plein jour,67,67482,2,1,2,7.0,MARTIN SCHONGAUER (RUE),48.568,7.7253,15:45:00,2024-05-02
202400053287,17:50,Plein jour,38,38073,2,2,1,1.0,Route du Grand Armet,44.987111,5.969642,17:50:00,2024-07-11
202400053288,11:40,Plein jour,63,63300,2,9,1,3.0,AVERROES (RUE) / parking Lycée Bonte,45.88071,3.1106,11:40:00,2024-06-07
202400053289,18:30,Nuit sans éclairage,94,94069,1,1,1,2.0,A4,48.81750822,2.43375876,18:30:00,2024-01-01
202400053290,13:25,Plein jour,42,42095,2,4,1,3.0,Rue Dorian,45.39215,4.27307,13:25:00,2024-02-07
202400053291,14:05,Plein jour,36,36116,1,1,1,1.0,Unknown,46.99549479,1.82044744,14:05:00,2024-09-21
202400053292,14:00,Plein jour,75,75108,2,4,2,3.0,AVENUE GEORGE V,48.867573,2.301295,14:00:00,2024-03-26
202400053293,13:05,Plein jour,53,53062,2,1,1,6.0,RD962 PR011+400,47.838467,-0.692214,13:05:00,2024-12-02
202400053294,15:45,Plein jour,32,32013,1,4,1,3.0,LANDON (CHEMIN DE),43.65411,0.55061,15:45:00,2024-07-03
202400053295,19:20,Plein jour,60,60057,2,1,1,6.0,Rue Hector Berlioz,49.41426,2.07684,19:20:00,2024-06-07
202400053296,07:57,Plein jour,87,87085,1,1,1,4.0,AUTOROUTE A20,45.89635,1.29227,07:57:00,2024-08-13
202400053297,18:35,Plein jour,02,02061,1,1,1,1.0,Unknown,50.012055,3.456938,18:35:00,2024-07-11
202400053298,17:25,Plein jour,66,66136,1,1,8,4.0,R D 900,42.72504086,2.87751675,17:25:00,2024-05-02
202400053299,12:45,Plein jour,974,97416,1,1,3,2.0,RN1 (ROUTE NATIONALE),-21.32222,55.44479,12:45:00,2024-01-01
202400053300,21:00,Nuit sans éclairage,28,28358,1,1,3,6.0,rd906,48.498052,1.500664,21:00:00,2024-09-20
202400053301,08:45,Plein jour,41,41018,2,1,1,1.0,SAINT LUBIN (ROUTE),47.59973,1.29692,08:45:00,2024-02-13
202400053302,10:05,Plein jour,38,38310,1,1,1,6.0,"A49, voie nord pk 016+800",45.233377,5.485525,10:05:00,2024-12-02
202400053303,00:20,,75,75115,2,2,1,6.0,BOULEVARD PASTEUR,48.842867,2.312374,00:20:00,2024-03-26
202400053304,03:00,,83,83129,2,1,1,6.0,DE GAULLE (PROMENADE CHARLES),43.11154,5.81213,03:00:00,2024-08-14
202400053305,14:30,Plein jour,14,14092,2,1,1,2.0,8 Rue Guillaume le Conquérant,49.122604,-0.295016,14:30:00,2024-07-11
202400053306,19:45,,974,97411,2,1,1,2.0,RAMBAUD (LEOPOLD),-20.88621,55.48072,19:45:00,2024-01-01
202400053307,04:40,Crépuscule,59,59467,1,1,1,6.0,BAVAY (RTE DE) ,50.231695,3.839194,04:40:00,2024-06-05
202400053308,16:41,Plein jour,32,32013,1,9,1,4.0,CONDOM (ROUTE DE),43.673,0.531,16:41:00,2024-06-13
202400053309,16:30,Plein jour,57,57732,2,1,7,6.0,2 Rue du Presbytère,49.122882,7.357648,16:30:00,2024-09-21
202400053310,10:00,Plein jour,63,63311,1,1,2,2.0,A71 PR 356+900 direction PARIS,46.03990082,3.1128875,10:00:00,2024-12-02
202400053311,18:15,Plein jour,37,37122,2,1,8,3.0,SAULES (RUE DES),47.35966,0.65502,18:15:00,2024-02-13
202400053312,18:00,Plein jour,62,62108,2,2,1,3.0,Rue des Grandes Garennes,50.40471095,1.5709143,18:00:00,2024-05-01
202400053313,11:00,Plein jour,971,97113,1,1,1,7.0,SECTION GRANDE RAVINE,16.21164,-61.47427,11:00:00,2024-01-01
202400053314,07:10,Crépuscule,51,51029,1,1,1,7.0,D9,48.977555,4.028324,07:10:00,2024-09-20
202400053315,11:15,Plein jour,75,75104,2,3,2,6.0,RUE DE RIVOLI,48.855486,2.360078,11:15:00,2024-03-26
202400053316,15:50,Plein jour,32,32013,2,1,1,7.0,HOMERE,43.63122,0.58499,15:50:00,2024-06-10
202400053317,17:50,Plein jour,09,09032,1,1,1,1.0,N20,42.719604,1.833494,17:50:00,2024-07-11
202400053318,10:00,Plein jour,37,37122,2,1,1,7.0,CHINON (BOULEVARD DE),47.35115,0.6789,10:00:00,2024-02-13
202400053319,10:45,Plein jour,83,83069,2,1,1,3.0,AVENUE RITONDALE LEOPOLD,43.11764,6.1452,10:45:00,2024-08-14
202400053320,15:30,Plein jour,56,56098,2,2,1,3.0,Rue François Guillevin,47.76574,-3.35559,15:30:00,2024-06-08
202400053321,12:10,Plein jour,38,38048,1,1,1,1.0,CD36,45.600407,5.124457,12:10:00,2024-12-02
202400053322,17:40,Plein jour,57,57597,2,1,1,7.0,GRAND'RUE,49.25550023,6.06629848,17:40:00,2024-04-30
202400053323,15:35,Plein jour,91,91514,2,1,1,2.0,BOISSY-SAINT-LEGER (RUE DE),48.67307,2.5365,15:35:00,2024-01-01
202400053324,15:50,Plein jour,32,32013,2,9,1,3.0,HUIT MAI,43.66031,0.59212,15:50:00,2024-06-06
202400053325,16:00,Plein jour,56,56211,1,4,1,3.0,La Secouette,47.738382,-2.305359,16:00:00,2024-09-21
202400053326,09:25,Plein jour,75,75104,2,3,2,3.0,BOULEVARD BOURDON,48.851648,2.367667,09:25:00,2024-03-26
202400053327,18:00,Plein jour,971,97103,2,1,1,6.0,rue louis andréa,16.263009,-61.591163,18:00:00,2024-12-01
202400053328,10:00,Plein jour,54,54036,2,1,1,7.0,Rue de la Libération,49.28401,5.96088,10:00:00,2024-05-01
202400053329,15:10,Plein jour,16,16292,2,6,1,2.0,Boulevard Duportal,46.031162,0.201289,15:10:00,2024-07-08
202400053330,12:35,Plein jour,35,35238,2,9,8,3.0,ANTRAIN (D') DE 43 ET 80 A FIN,48.12085,-1.67167,12:35:00,2024-02-13
202400053331,13:10,Plein jour,56,56121,2,6,1,1.0,Rue René Lote,47.77135,-3.40406,13:10:00,2024-06-08
202400053332,14:30,Plein jour,80,80021,2,1,1,3.0,AMONT (PORT D'),49.89438,2.30904,14:30:00,2024-08-14
202400053333,17:52,Plein jour,32,32013,2,9,1,7.0,Allée des Arts,43.65326,0.59287,17:52:00,2024-06-03
202400053334,20:10,,91,91326,2,1,2,1.0,MONTTESSUY (RUE),48.688,2.385,20:10:00,2024-01-01
202400053335,03:45,Nuit sans éclairage,2B,2B319,2,1,1,7.0,lieu dit figaretto,42.415093,9.529781,03:45:00,2024-09-21
202400053336,03:20,Nuit sans éclairage,33,33229,1,1,1,7.0,Unknown,44.77885,-1.003361,03:20:00,2024-12-01
202400053337,16:00,Plein jour,75,75101,2,3,1,7.0,PONT AU CHANGE,48.856195,2.346482,16:00:00,2024-03-25
202400053338,18:45,Plein jour,51,51454,2,3,2,6.0,VILLAGEOISE (RUE),49.227279,4.039959,18:45:00,2024-05-02
202400053339,19:30,Plein jour,77,77447,1,1,1,7.0,C.D 82,48.55446,2.56776,19:30:00,2024-08-14
202400053340,16:20,Plein jour,54,54528,2,1,7,6.0,Avenue du Colonel Péchot,48.68098,5.89134,16:20:00,2024-06-07