Num_Acc,hrmn,lum,dep,com,agg,int,atm,col,adr,lat,long,heure,date
202400053341,15:40,Plein jour,32,32013,2,1,1,7.0,FERMAT (RUE),43.65082,0.58484,15:40:00,2024-05-04
202400053342,17:15,Plein jour,07,07095,1,1,3,1.0,D 238,44.985988,4.682729,17:15:00,2024-07-11
202400053343,10:45,Plein jour,35,35051,2,3,1,3.0,RIGOURDIERE (RUE DE LA),48.11497717,-1.59051536,10:45:00,2024-02-13
202400053344,16:15,Plein jour,32,32160,1,1,2,6.0,RN124 point kilomètrique 008+400 sens toulouse auch,43.59528,1.119018,16:15:00,2024-09-21
202400053345,11:40,Plein jour,91,91326,2,9,1,3.0,MONTTESSUY (RUE),48.685014,2.383108,11:40:00,2024-01-01
202400053346,09:30,Plein jour,94,94081,2,1,1,6.0,7 Avenue Youri Gagarine,48.789095,2.389553,09:30:00,2024-03-25
202400053347,14:15,Plein jour,53,53096,2,1,1,7.0,2 Place de l'Eglise,48.295882,-0.936381,14:15:00,2024-07-11
202400053348,20:30,,974,97403,2,1,1,3.0,CD26,-21.249297,55.465325,20:30:00,2024-11-29
202400053349,18:00,Plein jour,51,51055,2,3,2,3.0,GUERIN (RUE CAMILLE),49.2729,4.05189,18:00:00,2024-05-02
202400053350,09:25,Plein jour,77,77243,2,1,1,7.0,METZ  (RUE DE  ),48.8756,2.7125,09:25:00,2024-08-14
202400053351,18:30,Nuit sans éclairage,63,63238,1,9,1,6.0,Le puy maladroit - Les Vaissieres,45.882077,2.791665,18:30:00,2024-09-20
202400053352,12:40,Plein jour,32,32013,2,1,1,2.0,HOCHE (AVENUE),43.64701,0.58999,12:40:00,2024-04-24
202400053353,07:55,Crépuscule,35,35238,2,1,1,1.0,DESGREES (BD PAUL HUTIN),48.09387,-1.63862,07:55:00,2024-02-13
202400053354,20:50,Nuit sans éclairage,78,78034,1,1,3,6.0,Route de Montfort,48.837799,1.82291,20:50:00,2024-11-25
202400053355,17:00,Plein jour,54,54547,2,1,1,4.0,Boulevard Louis Barthou,48.67065,6.1873,17:00:00,2024-06-07
202400053356,14:00,Plein jour,53,53042,1,1,1,1.0,La Cour,48.395145,-0.790274,14:00:00,2024-07-11
202400053357,01:30,,69,69282,2,1,1,6.0,Place du 11 Novembre 1918,45.76084,5.00011,01:30:00,2024-01-02
202400053358,17:50,Plein jour,63,63003,2,1,1,6.0,Avenue de Lyon,45.54890417,3.74294102,17:50:00,2024-09-20
202400053359,20:50,Nuit sans éclairage,05,05118,1,1,1,6.0,Route Departementale 942,44.295074,5.820951,20:50:00,2024-12-01
202400053360,12:00,Plein jour,51,51454,2,2,2,3.0,BOYER (Rue Gaston),49.26113,4.02105,12:00:00,2024-05-02
202400053361,16:45,Plein jour,66,66136,2,3,2,1.0,Avenue du Palais-des-Expositions,42.70579758,2.89614201,16:45:00,2024-08-13
202400053362,23:10,,94,94041,2,2,1,3.0,Boulevard Paul Vaillant Couturier / Rue Lénine,48.818,2.39805,23:10:00,2024-03-25
202400053363,20:37,Crépuscule,32,32013,2,6,8,6.0,ONZE NOVEMBRE,43.64194,0.59305,20:37:00,2024-04-23
202400053364,15:00,Plein jour,35,35115,2,4,1,3.0,REPUBLIQUE (PLACE),48.3506,-1.19568,15:00:00,2024-02-12
202400053365,03:35,,54,54578,1,3,1,6.0,Avenue Paul Muller,48.65693,6.13161,03:35:00,2024-06-08
202400053366,12:00,Plein jour,32,32295,2,1,1,6.0,Impasse des Houssereres,43.498826,1.001741,12:00:00,2024-03-29
202400053367,23:45,Nuit sans éclairage,40,40243,1,1,1,1.0,lieu dit Pioc,43.94426819,-0.9171662,23:45:00,2024-07-09
202400053368,18:15,,59,59183,2,1,1,6.0,ECLUSE DE BERGUES,51.0318,2.37176,18:15:00,2024-01-01
202400053369,18:45,Plein jour,93,93064,2,1,1,7.0,GRAVIERS (RUE DES),48.87327567,2.49735779,18:45:00,2024-03-26
202400053370,15:35,Plein jour,13,13076,1,1,1,3.0,D26,43.819224,5.011203,15:35:00,2024-11-30
202400053371,17:15,Plein jour,63,63040,1,3,1,3.0,d997,45.72539879,3.3510071,17:15:00,2024-09-20
202400053372,13:35,Plein jour,35,35115,2,1,1,6.0,COINTAT (BD MICHEL),48.34658,-1.18479,13:35:00,2024-02-12
202400053373,09:55,Plein jour,64,64189,2,6,2,3.0,EVADES (CARREFOUR DES),43.38449,-1.66634,09:55:00,2024-08-14
202400053374,19:05,Plein jour,50,50129,2,2,1,3.0,LEBAS (RUE JEAN),49.63929,-1.6515,19:05:00,2024-05-01
202400053375,18:00,,51,51573,2,1,1,7.0,APPERT (RUE NICOLAS),49.24144,3.99149,18:00:00,2024-01-01
202400053376,09:30,Plein jour,89,89003,1,1,8,2.0,A6,47.910215,3.306134,09:30:00,2024-12-02
202400053377,17:32,Plein jour,04,04160,2,7,1,6.0,Place de la Libération,43.878918,5.660303,17:32:00,2024-07-10
202400053378,12:10,Plein jour,93,93050,2,3,2,6.0,Avenue Paul Doumer/ Rue de l'Ermitage,48.85837,2.523162,12:10:00,2024-03-26
202400053379,18:30,Plein jour,50,50218,2,1,1,5.0,VILLEDIEU (ROUTE DE),48.83761,-1.543555,18:30:00,2024-06-07
202400053380,14:10,Plein jour,34,34108,2,1,8,6.0,81ème R.I. (RUE DU),43.44227,3.75871,14:10:00,2024-02-12
202400053381,21:10,,988,98818,2,1,1,2.0,BENEBIG (RUE AUGUSTE),-22.27112,166.45229,21:10:00,2024-10-24
202400053382,18:05,Plein jour,64,64129,2,6,1,7.0,MARNIERES DES,43.30245331,-0.39105535,18:05:00,2024-08-13
202400053383,22:15,Nuit sans éclairage,49,49345,2,1,1,1.0,Chemin du Grand Bonnezeaux,47.275408,-0.482444,22:15:00,2024-09-20
202400053384,23:20,Nuit sans éclairage,27,27198,1,6,8,6.0,Le Nuisement - Manthelon,48.90727,1.022847,23:20:00,2024-07-11
202400053385,07:50,Plein jour,49,49007,2,2,1,3.0,ROI RENE BOULEVARD,47.46861,-0.55889,07:50:00,2024-05-02
202400053386,16:05,Plein jour,45,45285,2,1,1,6.0,Avenue Pierre Mendès France,47.90577,1.86919,16:05:00,2024-06-08
202400053387,15:40,Plein jour,57,57474,2,1,1,6.0,338bis Rue de Metz,49.258289,6.169899,15:40:00,2024-12-01
202400053388,10:20,Plein jour,34,34172,2,1,1,3.0,MENDES FRANCE (AVENUE PRESIDENT PIERRE,43.607402,3.917397,10:20:00,2024-02-13
202400053389,18:00,Nuit sans éclairage,35,35281,1,1,3,4.0,PORTE DE ST NAZAIRE,48.0931,-1.70866,18:00:00,2024-01-01
202400053390,18:30,Plein jour,64,64102,2,4,1,7.0,ARANS (CHEMIN D'),43.48436,-1.48014,18:30:00,2024-08-14
202400053391,12:30,Plein jour,974,97411,2,1,1,2.0,AMARYLLIS (DES),-20.89744,55.47681,12:30:00,2024-10-24
202400053392,11:45,Plein jour,93,93064,2,1,3,5.0,Rue Galilée,48.862654,2.488043,11:45:00,2024-03-02
202400053393,10:15,Plein jour,12,12039,1,3,1,6.0,RD119,43.764694,2.921516,10:15:00,2024-09-20
202400053394,11:50,Plein jour,03,03243,1,1,1,6.0,"Dafit GAEC- Élevage d'animaux, route de la gondière",46.31176,2.985229,11:50:00,2024-12-01
202400053395,16:55,Plein jour,44,44184,2,3,1,3.0,274 Rue de Trignac,47.30203,-2.18383,16:55:00,2024-06-07
202400053396,09:30,Plein jour,49,49246,1,6,1,3.0,EUROPE AVENUE,47.44361,-0.52717,09:30:00,2024-05-02
202400053397,15:20,Plein jour,35,35238,2,1,1,6.0,PREVALAYE (QUAI DE LA),48.10931,-1.68556,15:20:00,2024-01-01
202400053398,06:20,Plein jour,974,97411,2,3,1,6.0,JAURES (BOULEVARD JEAN),-20.88917,55.45027,06:20:00,2024-10-24
202400053399,21:45,Nuit sans éclairage,42,42059,1,1,1,6.0,Route de Chevrières,45.618127,4.376893,21:45:00,2024-09-20
202400053400,14:33,Plein jour,34,34129,2,1,2,4.0,BOIRARGUES (AVENUE DE),43.57628,3.91223,14:33:00,2024-02-12
202400053401,16:30,Plein jour,28,28422,1,2,8,3.0,D17,48.252752,1.543681,16:30:00,2024-07-11
202400053402,08:00,Crépuscule,64,64102,2,1,2,5.0,PAUL PRAS (AVENUE),43.48395,-1.4767,08:00:00,2024-08-14
202400053403,22:27,,92,92063,2,3,1,3.0,DIX-HUIT JUIN 1940 (AVENUE DU) EST,48.86825826,2.1911315,22:27:00,2024-03-23
202400053404,16:40,Plein jour,39,39025,1,1,1,7.0,Unknown,46.569465,5.379885,16:40:00,2024-09-21
202400053405,18:35,,38,38298,2,2,1,3.0,Place Paul Morand,45.372664,4.79704,18:35:00,2024-11-30
202400053406,11:30,Plein jour,974,97409,2,1,1,2.0,ROCADE SUD(RUE),-20.97205,55.65234,11:30:00,2024-10-23
202400053407,16:05,Plein jour,42,42187,2,2,1,1.0,Boulevard Bernard Palissy,46.04198,4.08179,16:05:00,2024-06-07
202400053408,17:00,Plein jour,52,52003,1,1,1,7.0,D110,48.34805868,5.47921618,17:00:00,2024-07-11
202400053409,21:25,,33,33063,2,1,1,2.0,Unknown,44.84023,-0.58866,21:25:00,2024-02-14
202400053410,06:09,Crépuscule,49,49007,2,6,1,3.0,DE LATTRE DE TASSIGNY,47.4481,-0.53791,06:09:00,2024-05-02
202400053411,07:40,,35,35238,2,5,1,3.0,SAINT-JEAN BAPTISTE DE LA SALLE,48.11632,-1.70787,07:40:00,2024-01-01
202400053412,17:30,Plein jour,92,92063,2,1,1,2.0,DOUMER (AVENUE PAUL) EST,48.87815298,2.17591274,17:30:00,2024-03-25
202400053413,11:54,Plein jour,39,39230,1,1,1,6.0,Unknown,46.665946,5.790656,11:54:00,2024-09-21
202400053414,08:00,Crépuscule,64,64102,2,1,2,5.0,PAUL PRAS (AVENUE),43.48392,-1.4767,08:00:00,2024-04-14
202400053415,14:15,Plein jour,987,98752,1,1,1,1.0,PK 44+600 coté mer,-17.722,-149.399,14:15:00,2024-07-11
202400053416,16:50,Plein jour,974,97407,1,1,1,2.0,ROUTE NATIONALE N° 1,-20.94293,55.3274,16:50:00,2024-10-23
202400053417,07:15,Nuit sans éclairage,01,01424,2,3,1,3.0,Rue du Port,45.874663,4.971027,07:15:00,2024-12-02
202400053418,21:35,Crépuscule,41,41295,1,1,1,3.0,D951,47.61319,1.38609,21:35:00,2024-06-08
202400053419,13:20,Plein jour,25,25519,1,1,1,7.0,D437,47.309427,6.805987,13:20:00,2024-09-20
202400053420,13:30,Plein jour,38,38053,2,1,2,3.0,SCOTTO (VINCENT),45.60433,5.26664,13:30:00,2024-05-02
202400053421,15:50,Plein jour,62,62587,2,1,7,6.0,Boulevard Jean Moulin,50.42303048,2.9357096,15:50:00,2024-08-11
202400053422,04:40,,34,34172,2,1,1,2.0,FABRE DE MORLHON (BOULEVARD JACQUES),43.59333,3.87701,04:40:00,2024-01-01
202400053423,16:30,Plein jour,69,69072,1,6,1,7.0,Route Départementale 306,45.836448,4.745391,16:30:00,2024-10-29
202400053424,18:44,Crépuscule,92,92050,2,1,1,2.0,CHAMPS PIERREUX AVENUE DES,48.88749172,2.21383023,18:44:00,2024-03-25
202400053425,17:11,Plein jour,973,97309,2,1,1,2.0,HAMEAU DES ENCENS (RUE DU) Cité St Marti,4.91924,-52.30202,17:11:00,2024-10-24
202400053426,12:20,Plein jour,38,38151,2,1,1,6.0,Cours Jean Jaurès,45.14175844,5.70350826,12:20:00,2024-06-08
202400053427,15:50,Plein jour,62,62497,2,1,7,6.0,Rue Emile Basly,50.4425,3.05293,15:50:00,2024-08-10
202400053428,16:25,Plein jour,31,31555,1,1,2,3.0,24 EMPALOT  (PERIPH OUEST A620),43.5689,1.42012,16:25:00,2024-02-10
202400053429,23:25,,33,33039,1,1,2,7.0,Unknown,44.819148,-0.538145,23:25:00,2024-01-01
202400053430,15:53,Plein jour,18,18279,1,1,1,2.0,Unknown,47.225062,2.106586,15:53:00,2024-07-11
202400053431,23:00,,60,60057,2,1,1,6.0,PIERRE MENDES FRANCE (AVENUE),49.42024,2.0899,23:00:00,2024-08-14
202400053432,06:50,Crépuscule,34,34172,2,2,2,6.0,MOULARES (CHEMIN DE,43.59,3.89,06:50:00,2024-05-01
202400053433,17:45,Crépuscule,25,25133,2,2,1,3.0,Route de Besançon,47.290382,5.992929,17:45:00,2024-09-20
202400053434,13:03,Plein jour,973,97302,2,1,1,3.0,ROUGET DE L ' ISLE,4.93931,-52.32685,13:03:00,2024-10-24
202400053435,14:24,Plein jour,17,17273,1,1,1,1.0,CD732,45.650888,-0.424604,14:24:00,2024-12-01
202400053436,23:10,,92,92025,2,2,2,3.0,PAUL BERT (RUE),48.9309052,2.24441761,23:10:00,2024-03-26
202400053437,19:10,,30,30007,2,1,1,3.0,KILMARNOCK (QUAI),44.12427,4.07258,19:10:00,2024-02-13
202400053438,16:00,Plein jour,38,38053,2,2,1,2.0,ZOLA (AV EMILE),45.58866,5.27064,16:00:00,2024-06-08
202400053439,02:40,,34,34172,2,1,2,7.0,SAINT LAZARE (AVENUE DE),43.6205,3.88728,02:40:00,2024-05-01
202400053440,19:44,,92,92012,2,1,3,7.0,SEVRES (RUE DE) 1/55 - 2/40,48.83442037,2.22831845,19:44:00,2024-03-26
202400053441,23:00,,33,33529,2,6,2,3.0,Unknown,44.610957,-1.129099,23:00:00,2024-01-01
202400053442,08:53,Plein jour,29,29232,2,1,2,6.0,Avenue du Reseau Johnny,48.017476,-4.105105,08:53:00,2024-02-13
202400053443,13:45,Plein jour,85,85300,1,1,1,2.0,RD 948,46.7168,-1.542537,13:45:00,2024-12-02
202400053444,06:05,Crépuscule,69,69102,1,1,1,6.0,Autoroute 89,45.866571,4.392767,06:05:00,2024-07-12
202400053445,19:19,,973,97302,2,3,1,3.0,CONSTANT CHLORE(RUE),4.93445,-52.3208,19:19:00,2024-10-23
202400053446,13:30,Plein jour,31,31555,2,1,1,6.0,SUISSE (BD DE) DU 7AU 162,43.62017,1.42389,13:30:00,2024-05-02
202400053447,09:00,Plein jour,44,44163,1,1,1,3.0,le Jarrier d’Ancenis,47.376394,-1.151623,09:00:00,2024-09-19
202400053448,02:33,Nuit avec éclairage,37,37261,2,6,1,2.0,MARECHAL JUIN (BD),47.41875,0.70464,02:33:00,2024-06-08
202400053449,06:50,Plein jour,973,97302,1,6,2,7.0,ROUTE NATIONALE 1,4.90732,-52.32274,06:50:00,2024-10-23
202400053450,13:00,Plein jour,92,92012,2,9,2,3.0,GEORGES GORSE (QUAI),48.8244479,2.2361362,13:00:00,2024-03-26
202400053451,01:05,,31,31555,2,1,1,1.0,RTE D ALBI ,43.6302,1.46172,01:05:00,2024-01-01
202400053452,05:15,Nuit sans éclairage,29,29158,1,1,1,6.0,Rue du Loch,47.820662,-4.345715,05:15:00,2024-09-21
202400053453,08:29,Plein jour,44,44094,1,2,1,3.0,Route de Saint-Mars-du-Désert,47.341062,-1.407387,08:29:00,2024-12-02
202400053454,18:00,Plein jour,29,29232,2,3,1,1.0,Rue Paul Borrossi,47.987796,-4.125322,18:00:00,2024-05-02
202400053455,08:05,Plein jour,26,26362,1,2,1,4.0,Chemin de Porte Maure,44.90123037,4.93344069,08:05:00,2024-02-12
202400053456,14:45,Plein jour,86,86083,1,1,1,2.0,A10,46.510976,0.142715,14:45:00,2024-07-11
202400053457,19:20,Plein jour,59,59512,2,2,1,1.0,Boulevard de Mulhouse,50.686886,3.196727,19:20:00,2024-08-14
202400053458,06:15,Crépuscule,973,97302,2,1,2,2.0,ROUTE NATIONALE 1,4.90618,-52.32263,06:15:00,2024-10-23
202400053459,08:00,Plein jour,92,92014,2,3,2,3.0,GALOIS (AVENUE),48.77678177,2.31919679,08:00:00,2024-03-26
202400053460,16:45,Plein jour,38,38263,1,1,1,7.0,Route de Chatain,45.293683,5.438372,16:45:00,2024-09-20
202400053461,15:35,Plein jour,35,35238,2,3,1,3.0,ROBERDIERE (DE LA),48.10248,-1.72522,15:35:00,2024-06-08
202400053462,12:15,Plein jour,18,18033,2,3,1,7.0,106 Rue de Mazières,47.06503,2.39043,12:15:00,2024-01-01
202400053463,08:20,Crépuscule,50,50564,1,1,2,5.0,Route de l?Orme,49.234469,-1.3275,08:20:00,2024-12-02
202400053464,11:15,Plein jour,29,29232,2,1,1,3.0,Route de Brest,47.99741,-4.098361,11:15:00,2024-05-02
202400053465,01:00,,57,57240,2,1,1,6.0,NATIONALE (RUE),49.14998,6.83131,01:00:00,2024-08-13
202400053466,09:50,Plein jour,26,26058,2,3,1,3.0,Rue Hubert Chapon,44.941767,4.90352869,09:50:00,2024-02-13
202400053467,11:58,Plein jour,69,69386,2,2,1,3.0,Rue Bugeaud,45.76583,4.84258,11:58:00,2024-10-24
202400053468,17:00,Plein jour,974,97418,2,1,1,1.0,pont neuf,-20.904737,55.506282,17:00:00,2024-07-11
202400053469,00:00,,974,97415,2,1,1,6.0,Rue Montrouge (bellemene),-21.018064,55.30266747,00:00:00,2024-03-27
202400053470,20:50,Nuit sans éclairage,14,14206,2,1,1,7.0,51 Rue Saint-Hilaire,48.875819,-0.053875,20:50:00,2024-11-30
202400053471,09:20,Plein jour,26,26198,2,1,1,6.0,Avenue du Teil,44.5583,4.74707,09:20:00,2024-05-02
202400053472,15:50,Plein jour,35,35238,2,3,1,3.0,BREST (DE),48.11188,-1.69104,15:50:00,2024-06-08
202400053473,19:38,,17,17306,2,3,2,1.0,MAINE ARNAUD (DU) (AVENUE),45.63678,-1.03396,19:38:00,2024-01-01
202400053474,17:20,Plein jour,56,56260,2,1,1,3.0,Rue Alain Gerbault,47.66444,-2.72864,17:20:00,2024-08-14
202400053475,01:00,Nuit sans éclairage,973,97305,1,1,2,7.0,N1,4.943563,-52.416209,01:00:00,2024-07-12
202400053476,16:55,Plein jour,19,19031,2,3,1,3.0,"""MOULIN (BOULEVARD JEAN) COTE """"LES CEDR",45.16131,1.50313,16:55:00,2024-02-12
202400053477,08:10,Crépuscule,14,14728,2,1,1,7.0,Avenue de la Drôme,49.284072,-0.72763,08:10:00,2024-12-02
202400053478,18:45,Crépuscule,01,01085,1,2,3,3.0,D7,46.085488,5.025752,18:45:00,2024-03-26
202400053479,06:30,,13,13075,2,1,1,1.0,FRÉDÉRIC CHEVILLON (AVENUE),43.34697344,5.4631268,06:30:00,2024-01-01
202400053480,11:15,Plein jour,34,34108,2,6,8,3.0,MONTPELLIER (ROUTE DE),43.45791,3.76295,11:15:00,2024-06-08
202400053481,04:44,Nuit avec éclairage,56,56121,2,6,1,6.0,Cours Louis de Chazelles,47.7571,-3.3646,04:44:00,2024-08-14
202400053482,18:30,Crépuscule,72,72103,1,2,1,3.0,Lieu dit Les bois,47.81363445,0.55278934,18:30:00,2024-09-20
202400053483,16:41,Plein jour,24,24037,2,2,2,3.0,POZZI (RUE DU PROFESSEUR),44.85112,0.49062,16:41:00,2024-05-02
202400053484,07:56,Plein jour,15,15014,1,1,9,6.0,RD 117,44.92424,2.47176,07:56:00,2024-02-13
202400053485,07:15,Plein jour,972,97213,1,1,1,4.0,AUTOROUTE A1,14.61765,-61.03475,07:15:00,2024-10-24
202400053486,13:45,Plein jour,978,97801,2,1,1,1.0,R DE SANDY GROUND,18.063822,-63.090591,13:45:00,2024-07-11
202400053487,21:50,Nuit sans éclairage,29,29046,1,1,2,2.0,Chemin de Menez Kerguesten,48.087003,-4.347744,21:50:00,2024-11-30
202400053488,13:10,Plein jour,29,29234,2,1,3,7.0,rue de Rosbigot,47.854373,-3.47502,13:10:00,2024-07-11
202400053489,07:50,Plein jour,67,67559,2,4,1,1.0,RD 935,48.895336,7.313032,07:50:00,2024-03-25
202400053490,10:50,Plein jour,22,22106,2,1,1,3.0,HAUTS CHEMINS (RUE DES),48.48977,-2.69782,10:50:00,2024-05-02
202400053491,13:21,Plein jour,56,56121,2,1,1,3.0,Rue François Toullec,47.73238,-3.37976,13:21:00,2024-08-13
202400053492,23:20,,34,34172,2,1,1,6.0,PRES D'ARENES (ROND-POINT DES),43.58893,3.89085,23:20:00,2024-06-08
202400053493,12:45,Plein jour,13,13205,2,2,1,2.0,CAMAS (RUE DU),43.29583,5.39618,12:45:00,2024-02-13
202400053494,02:50,,72,72320,2,1,1,3.0,Rue de Villeneuve,48.051966,0.181897,02:50:00,2024-09-21
202400053495,15:15,Plein jour,69,69034,2,5,1,1.0,Chemin de Crépieux,45.80097,4.8552,15:15:00,2024-10-24
202400053496,20:30,,06,06004,2,3,1,2.0,2631 Chemin de Saint Claude,43.60272,7.08776,20:30:00,2024-01-01
202400053497,13:10,Plein jour,56,56098,2,1,1,6.0,Rue Rouget de l'Isle,47.77859,-3.34714,13:10:00,2024-08-13
202400053498,02:50,Nuit sans éclairage,78,78513,1,1,1,6.0,Route Nationale 12,48.798469,1.753425,02:50:00,2024-07-09
202400053499,16:00,Crépuscule,22,22389,2,1,7,5.0,Avenue Georges Pompidou,48.481687,-2.683207,16:00:00,2024-12-02
202400053500,21:36,Plein jour,18,18033,2,1,1,3.0,59 Avenue du Général Charles de Gaulle,47.09815,2.40582,21:36:00,2024-05-02
202400053501,12:30,Plein jour,06,06149,2,1,1,3.0,10 Route de Laghet,43.744674,7.322082,12:30:00,2024-03-25
202400053502,19:15,Plein jour,72,72381,1,1,1,1.0,Lieu Dit Le Champ Du Chataignier,47.93361,0.10706,19:15:00,2024-09-20
202400053503,13:42,Plein jour,13,13214,2,3,1,3.0,BESSONS (CHEMIN DES),43.33,5.39,13:42:00,2024-02-13
202400053504,16:15,Plein jour,69,69389,2,3,1,6.0,Rue de Montribloud,45.76659,4.78925,16:15:00,2024-10-24
202400053505,11:50,Plein jour,34,34172,2,1,1,7.0,LAVERUNE (ROUTE DE,43.59671,3.83778,11:50:00,2024-06-08
202400053506,02:45,Nuit sans éclairage,34,34176,1,1,1,7.0,D24,43.630111,4.038076,02:45:00,2024-07-08
202400053507,16:52,Plein jour,13,13015,1,1,1,6.0,A51-Sens Marseille vers Aix en Provence,43.432,5.394,16:52:00,2024-12-01
202400053508,15:10,Plein jour,50,50147,2,1,1,6.0,REPUBLIQUE,49.05377,-1.44083,15:10:00,2024-08-14
202400053509,12:50,Plein jour,91,91174,2,1,1,2.0,QUAI MAURICE RIQUIEZ,48.61071,2.48948,12:50:00,2024-10-24
202400053510,03:45,,06,06155,1,1,1,1.0,SAINT BERNARD CH.,43.58866,7.05557,03:45:00,2024-01-01
202400053511,03:45,Nuit sans éclairage,44,44212,1,1,1,6.0,Unknown,47.156564,-1.279489,03:45:00,2024-03-27
202400053512,08:00,Plein jour,14,14726,1,3,2,3.0,15 Route de Vire,48.847346,-0.71218,08:00:00,2024-09-21
202400053513,10:10,Plein jour,12,12145,1,1,5,1.0,CAVALERIE (COTE DE LA ),44.08689,3.08723,10:10:00,2024-02-13
202400053514,17:00,Nuit sans éclairage,13,13215,1,1,1,4.0,A7-Sens Lyon vers Marseille,43.3581884,5.36269145,17:00:00,2024-11-30
202400053515,16:30,Plein jour,83,83063,1,1,1,3.0,4965 Route de Grimaud,43.28989961,6.49315596,16:30:00,2024-07-11
202400053516,13:10,Plein jour,50,50129,2,1,1,2.0,AXE NORD SUD,49.60504,-1.5941,13:10:00,2024-08-12
202400053517,16:50,Plein jour,34,34172,2,1,1,2.0,RECAMBALE (AVENUE DE LA),43.60962,3.83859,16:50:00,2024-06-07
202400053518,08:00,Crépuscule,91,91223,2,1,1,3.0,SABLIERE (RUE DE LA)   ZI,48.45173,2.16014,08:00:00,2024-10-24
202400053519,18:44,Nuit sans éclairage,10,10362,1,1,8,6.0,ROCADE OUEST (RD 610),48.2937,4.0313,18:44:00,2024-02-12
202400053520,16:55,Plein jour,15,15014,2,1,1,6.0,Place du square,44.92776,2.44401,16:55:00,2024-04-27
202400053521,18:30,,75,75120,2,2,1,3.0,RUE DU COMMANDANT L HERMINIER,48.8492578,2.41622266,18:30:00,2024-01-01
202400053522,09:01,Plein jour,13,13106,1,1,1,3.0,A7-Sens Lyon vers Marseille,43.39027,5.35013,09:01:00,2024-11-29
202400053523,19:24,Plein jour,49,49267,1,1,1,7.0,A87N,47.47160626,-0.5097454,19:24:00,2024-08-14
202400053524,17:05,Plein jour,10,10340,2,2,1,3.0,31 Rue du Printemps,48.253878,4.03147,17:05:00,2024-03-27
202400053525,00:40,,29,29232,2,1,1,6.0,LOCMARIA ALLEE DE,47.99005526,-4.11050243,00:40:00,2024-06-09
202400053526,10:00,Plein jour,83,83107,2,1,1,1.0,Route Nd7,43.462301,6.647284,10:00:00,2024-07-12
202400053527,15:42,Plein jour,10,10387,2,1,1,6.0,Avenue Pasteur,48.30173074,4.06381014,15:42:00,2024-02-12
202400053528,18:20,,75,75118,2,1,1,6.0,RUE CAULAINCOURT,48.88531079,2.33061209,18:20:00,2024-01-01
202400053529,17:20,Plein jour,71,71204,1,1,2,6.0,A6 sens Paris/Lyon PK 326+600,46.83578,4.832048,17:20:00,2024-03-26
202400053530,07:44,Crépuscule,14,14626,1,3,1,3.0,68 Route de Saint-Cyr-du-Ronceray,49.08421,0.282351,07:44:00,2024-09-20
202400053531,15:00,Plein jour,13,13211,2,1,2,3.0,ELLEON (AVENUE),43.28530733,5.44228169,15:00:00,2024-05-02
202400053532,11:50,Plein jour,88,88160,2,3,1,3.0,DOGNEVILLE (Q. DE),48.18179,6.44692,11:50:00,2024-10-23
202400053533,13:05,Plein jour,27,27229,2,1,1,7.0,VAL ITON (RUE DU),49.03456,1.15572,13:05:00,2024-06-08
202400053534,18:22,Plein jour,49,49007,2,1,1,2.0,DUNANT BOULEVARD,47.48476,-0.53123,18:22:00,2024-08-14
202400053535,21:18,Nuit sans éclairage,13,13106,1,1,1,2.0,A7-Sens Marseille vers Lyon,43.39119,5.35117,21:18:00,2024-11-30
202400053536,00:20,Nuit sans éclairage,76,76177,1,1,1,6.0,Route de Cleres,49.5997,1.172289,00:20:00,2024-03-27
202400053537,01:00,Nuit sans éclairage,50,50490,1,1,1,6.0,RD 650 Le vieux Presbytère,49.374368,-1.733372,01:00:00,2024-09-21
202400053538,14:00,Plein jour,10,10387,2,4,1,6.0,Place Marechal Foch,48.2975,4.0747,14:00:00,2024-02-12
202400053539,07:05,Plein jour,13,13203,2,1,2,3.0,PLOMBIERES (BOULEVARD DES),43.31623,5.38337,07:05:00,2024-05-02
202400053540,14:00,Plein jour,75,75114,2,2,1,2.0,BOULEVARD ROMAIN ROLLAND,48.81974,2.325728,14:00:00,2024-01-01
202400053541,05:15,Nuit sans éclairage,13,13071,1,1,1,3.0,A55 - Sens Marseille vers Martigues,43.39458,5.29934,05:15:00,2024-11-30
202400053542,22:45,,22,22106,2,3,1,3.0,CHAMPS RENAUD (RUE DES),48.48798,-2.70576,22:45:00,2024-06-08
202400053543,11:00,Plein jour,05,05122,2,1,1,4.0,N94,44.746657,6.580564,11:00:00,2024-07-11
202400053544,10:15,Plein jour,90,90052,2,1,1,6.0,Faubourg de Belfort,47.731833,6.830202,10:15:00,2024-09-21
202400053545,08:00,Plein jour,13,13211,2,9,2,6.0,CENTRAL (BOULEVARD),43.28026,5.49975,08:00:00,2024-05-02
202400053546,18:50,Nuit sans éclairage,09,09122,1,1,1,6.0,D17,42.95961,1.57835,18:50:00,2024-02-13
202400053547,17:49,Plein jour,87,87085,2,2,1,3.0,SABLARD (AVENUE DE),45.82842,1.28287,17:49:00,2024-10-23
202400053548,19:11,Nuit sans éclairage,13,13028,1,1,1,7.0,A50,43.19659021,5.6434146,19:11:00,2024-11-29
202400053549,14:15,Plein jour,47,47001,2,1,2,4.0,BRU (AV. DU DR JEAN),44.19362,0.61861,14:15:00,2024-08-14
202400053550,01:40,,75,75110,2,3,1,2.0,QUAI DE VALMY,48.868668,2.367017,01:40:00,2024-01-01