Num_Acc,hrmn,lum,dep,com,agg,int,atm,col,adr,lat,long,heure,date
202400053551,08:30,Plein jour,42,42097,2,3,7,1.0,M1082,45.50057194,4.31388617,08:30:00,2024-03-25
202400053552,17:50,Plein jour,13,13081,1,1,1,3.0,route départementale 113,43.503632,5.210052,17:50:00,2024-07-10
202400053553,20:40,Nuit sans éclairage,36,36070,1,1,1,6.0,Route du Lac,46.44259252,1.59835211,20:40:00,2024-09-20
202400053554,03:08,,13,13211,2,1,2,6.0,LT COL PIOLLET (ROND POINT),43.29148,5.48601,03:08:00,2024-05-02
202400053555,13:23,Plein jour,87,87085,2,6,1,3.0,NEXON (RUE DE),45.81061,1.25722,13:23:00,2024-10-23
202400053556,08:25,Crépuscule,67,67152,1,1,5,2.0,Autoroute A.35,48.52252,7.64072,08:25:00,2024-11-29
202400053557,22:40,,44,44143,2,9,1,3.0,38 Rue Lechat,47.1748,-1.5437,22:40:00,2024-08-14
202400053558,16:15,Plein jour,86,86082,1,1,1,3.0,N10,46.37025,0.208558,16:15:00,2024-03-25
202400053559,14:25,Plein jour,07,07230,1,1,1,7.0,Col de l'Escrinet (Col de montagne),44.71566704,4.48840839,14:25:00,2024-09-20
202400053560,16:40,Plein jour,13,13004,1,1,1,1.0,d36,43.658088,4.593095,16:40:00,2024-07-12
202400053561,23:50,,06,06088,2,2,1,3.0,Boulevard François Grosso,43.70278,7.25146,23:50:00,2024-02-13
202400053562,01:20,Nuit sans éclairage,13,13047,1,1,8,1.0,RD 1569,43.54823798,4.97282848,01:20:00,2024-05-02
202400053563,07:15,,83,83069,2,1,8,3.0,OLBIA  (VOIE),43.11773,6.14539,07:15:00,2024-10-23
202400053564,19:20,Plein jour,18,18279,1,1,1,4.0,Unknown,47.21292,2.13066,19:20:00,2024-06-07
202400053565,04:04,Nuit avec éclairage,75,75108,2,2,1,3.0,RUE DU BOCCADOR,48.867235,2.301928,04:04:00,2024-01-01
202400053566,00:30,,33,33039,1,1,1,6.0,Unknown,44.8056,-0.5313,00:30:00,2024-12-01
202400053567,09:00,Plein jour,11,11069,2,1,2,6.0,28 Route Minervoise,43.230107,2.37558,09:00:00,2024-05-02
202400053568,06:15,,06,06088,2,1,1,6.0,141 Boulevard de l'Ariane,43.736631,7.3058475,06:15:00,2024-02-12
202400053569,18:48,Crépuscule,27,27090,2,1,1,6.0,D313,49.296206,0.920947,18:48:00,2024-09-20
202400053570,08:20,Plein jour,82,82121,1,1,1,7.0,chemin de la tauge,44.04802,1.41758,08:20:00,2024-10-24
202400053571,01:40,,13,13103,2,1,1,6.0,AVENUE JUIN - DU 18 ... 1940,43.62826,5.11569,01:40:00,2024-06-09
202400053572,19:15,Plein jour,38,38185,2,3,1,3.0,RUE RAYMOND BANK,45.18899,5.71845,19:15:00,2024-08-14
202400053573,14:29,Plein jour,25,25465,2,1,1,3.0,1 Grande Rue,47.323531,6.362393,14:29:00,2024-07-11
202400053574,15:20,Plein jour,68,68004,1,1,1,2.0,D419,47.629081,7.260525,15:20:00,2024-03-25
202400053575,06:50,,75,75101,2,2,1,6.0,BOULEVARD DE SEBASTOPOL,48.862003,2.350124,06:50:00,2024-01-01
202400053576,05:20,Crépuscule,13,13103,2,1,1,1.0,BOULEVARD DU ROY RENE,43.63262,5.09863,05:20:00,2024-06-05
202400053577,19:05,Nuit sans éclairage,91,91689,1,1,1,2.0,AUTOROUTE A10,48.729246,2.306568,19:05:00,2024-12-01
202400053578,07:23,Plein jour,06,06027,2,1,1,3.0,Avenue de Nice,43.6585,7.16151,07:23:00,2024-02-13
202400053579,23:45,,25,25058,2,1,1,6.0,10 Route de Lyon,47.213173,6.002473,23:45:00,2024-03-26
202400053580,21:40,Nuit sans éclairage,52,52050,1,1,8,6.0,Biesles,48.103476,5.276699,21:40:00,2024-06-21
202400053581,10:00,Plein jour,30,30346,1,3,1,3.0,D981,43.966218,4.509359,10:00:00,2024-09-21
202400053582,08:15,Plein jour,81,81065,2,3,1,2.0,1 Avenue Charles De Gaulle,43.603661,2.246761,08:15:00,2024-10-24
202400053583,20:27,Plein jour,10,10333,2,2,1,3.0,Avenue du President Wilson,48.28665,4.05591,20:27:00,2024-05-01
202400053584,11:38,Plein jour,37,37208,2,6,1,2.0,LAC (AVENUE DU),47.36604,0.71665,11:38:00,2024-08-14
202400053585,20:00,,94,94078,2,3,2,3.0,Rue de Paris / Rue Emile Zola,48.735567,2.446868,20:00:00,2024-01-01
202400053586,21:30,Crépuscule,13,13209,1,1,1,7.0,COL DE LA GINESTE D559,43.24,5.45,21:30:00,2024-06-08
202400053587,11:59,Plein jour,05,05061,2,1,1,3.0,TRAUNSTEIN (AVENUE DE),44.54005,6.0621,11:59:00,2024-02-12
202400053588,21:00,Crépuscule,51,51429,1,1,2,7.0,D675,49.311289,3.836439,21:00:00,2024-07-12
202400053589,14:30,Plein jour,29,29111,1,1,1,1.0,Trofagan,48.577012,-4.227494,14:30:00,2024-03-26
202400053590,17:43,Nuit sans éclairage,94,94038,1,1,2,4.0,A6B,48.77332532,2.34537996,17:43:00,2024-11-30
202400053591,15:55,Plein jour,36,36044,2,1,1,3.0,Unknown,46.80498,1.71288,15:55:00,2024-08-14
202400053592,15:20,Plein jour,88,88165,2,3,1,1.0,Rue de l'Abbaye,48.364975,6.87278,15:20:00,2024-09-21
202400053593,13:05,Plein jour,01,01053,2,9,1,6.0,FERRY ( BOULEVARD JULES),46.19557,5.22286,13:05:00,2024-02-12
202400053594,16:45,Plein jour,13,13208,2,1,1,3.0,LOUIS REGE (RUE),43.28108903,5.38967081,16:45:00,2024-06-07
202400053595,15:55,Plein jour,10,10387,2,9,1,3.0,MARNE (RUE),48.27836,4.07198,15:55:00,2024-05-01
202400053596,18:19,Plein jour,88,88398,1,9,1,6.0,col de mont repos,48.274239,6.790302,18:19:00,2024-07-09
202400053597,02:47,,94,94078,2,3,1,2.0,Rue de Paris / Rue Thimonnier,48.751144,2.445354,02:47:00,2024-01-01
202400053598,08:30,Plein jour,78,78029,2,6,1,4.0,COOPERATION (RUE DE LA),48.96126,1.858,08:30:00,2024-10-24
202400053599,20:20,,75,75119,2,1,1,7.0,BD PERIPHERIQUE INTERIEUR,48.900188,2.379269,20:20:00,2024-02-13
202400053600,00:55,Nuit sans éclairage,42,42324,1,1,2,7.0,Chemin des Chambons,45.552225,4.253415,00:55:00,2024-07-12
202400053601,13:50,Plein jour,36,36044,2,9,1,3.0,Avenue de Blois,46.823,1.683,13:50:00,2024-08-14
202400053602,20:45,,93,93066,1,1,1,2.0,AUTOROUTE A1,48.90280246,2.35864809,20:45:00,2024-12-01
202400053603,17:00,Plein jour,13,13028,2,9,1,2.0,SUBILIA (AVENUE ERNEST ),43.18406462,5.60965692,17:00:00,2024-06-07
202400053604,08:32,Plein jour,75,75120,2,3,1,6.0,RUE DES PYRENEES,48.850487,2.406399,08:32:00,2024-05-02
202400053605,13:15,Plein jour,987,98734,1,1,3,1.0,RT1 - PK 35,-17.754445,-149.529655,13:15:00,2024-09-20
202400053606,18:00,Plein jour,31,31361,1,2,1,2.0,"131 Route de TOULOUSE ""La Grange Brulée""",43.346602,1.324201,18:00:00,2024-03-27
202400053607,21:25,,94,94043,2,2,3,6.0,Rue Séverine / Rue de Verdun,48.808179,2.356839,21:25:00,2024-01-01
202400053608,16:05,Plein jour,77,77108,2,1,7,3.0,D34a,48.871013,2.594695,16:05:00,2024-10-24
202400053609,10:45,Plein jour,75,75118,2,1,1,2.0,BD PERIPHERIQUE EXTERIEUR,48.900926,2.358867,10:45:00,2024-02-13
202400053610,16:09,Plein jour,10,10387,2,9,1,6.0,Boulevard Jules Guesde,48.2868,4.082,16:09:00,2024-06-03
202400053611,11:20,Plein jour,07,07324,2,1,1,3.0,avenue foch,45.07196,4.823416,11:20:00,2024-07-11
202400053612,09:40,Plein jour,31,31584,1,1,1,6.0,D32,43.880062,1.48397,09:40:00,2024-03-27
202400053613,21:15,Crépuscule,75,75119,2,1,2,6.0,AVENUE DE FLANDRE,48.893711,2.380558,21:15:00,2024-05-02
202400053614,18:40,Nuit sans éclairage,93,93048,1,1,1,2.0,AUTOROUTE A86,48.86544543,2.48185307,18:40:00,2024-12-01
202400053615,18:55,,93,93062,2,2,1,6.0,Avenue de la Résistance / Allee Valere Lefebvre,48.89688,2.51529,18:55:00,2024-01-01
202400053616,00:01,,35,35238,2,3,1,3.0,VERN (DE),48.09864,-1.65649,00:01:00,2024-08-15
202400053617,08:00,Plein jour,77,77288,2,1,1,6.0,ARISTIDE BRIAND  (BOULEVARD),48.54082,2.65184,08:00:00,2024-10-23
202400053618,15:27,Plein jour,75,75115,2,1,1,2.0,QUAI D ISSY LES MOULINEAUX,48.83468,2.274681,15:27:00,2024-02-12
202400053619,16:40,Plein jour,58,58095,2,1,1,2.0,Route de Moulins,46.823947,3.452616,16:40:00,2024-03-25
202400053620,14:28,Plein jour,01,01301,2,6,1,2.0,Route de Bourg-en-bresse,46.248532,5.131672,14:28:00,2024-07-12
202400053621,00:15,Nuit sans éclairage,09,09207,2,4,1,1.0,RD 117,42.92519,1.63581,00:15:00,2024-06-08
202400053622,21:37,,75,75116,2,2,1,2.0,AVENUE PAUL DOUMER,48.860234,2.281056,21:37:00,2024-05-02
202400053623,07:45,Crépuscule,95,95018,1,1,1,2.0,A15,48.95623526,2.27745141,07:45:00,2024-12-01
202400053624,15:40,Plein jour,77,77288,2,1,1,6.0,D415,48.53622,2.65816,15:40:00,2024-10-23
202400053625,16:30,Plein jour,14,14318,1,1,1,7.0,Rue de Banville,49.321318,-0.478077,16:30:00,2024-03-02
202400053626,12:00,Plein jour,34,34172,2,2,1,3.0,RABELAIS (BOULEVARD),43.60057,3.87939,12:00:00,2024-08-14
202400053627,14:26,Plein jour,75,75110,2,3,1,3.0,BOULEVARD DE STRASBOURG,48.870604,2.354969,14:26:00,2024-02-13
202400053628,17:00,Plein jour,69,69021,1,4,1,3.0,Route Departementale 389,45.786619,4.581771,17:00:00,2024-07-11
202400053629,07:15,,93,93077,2,1,1,5.0,Rue de Neuilly,48.87749,2.52332,07:15:00,2024-01-01
202400053630,19:30,Plein jour,06,06030,2,2,1,3.0,DUNKERQUE (RUE DE),43.56557,7.01522,19:30:00,2024-06-08
202400053631,00:50,,93,93027,1,1,1,2.0,AUTOROUTE A86,48.9236742,2.38521338,00:50:00,2024-12-01
202400053632,18:00,Plein jour,09,09148,1,1,2,6.0,D134,43.038144,1.003565,18:00:00,2024-03-26
202400053633,00:10,Nuit sans éclairage,22,22278,1,1,1,7.0,ECLUSES (CHEM. DE L'),48.52724,-2.72875,00:10:00,2024-08-15
202400053634,01:20,,75,75109,2,5,2,3.0,RUE VICTOR MASSE,48.880396,2.340439,01:20:00,2024-05-02
202400053635,03:30,,75,75118,2,1,2,6.0,RUE DE CLIGNANCOURT,48.889643,2.348342,03:30:00,2024-02-11
202400053636,18:25,Plein jour,69,69287,2,1,8,3.0,28 Route de Meyzieu,45.700325,5.029614,18:25:00,2024-07-11
202400053637,01:20,Nuit sans éclairage,94,94028,1,1,1,2.0,A86,48.77757639,2.43975186,01:20:00,2024-12-01
202400053638,21:20,,92,92050,2,6,2,3.0,BOULE PLACE DE LA,48.88734769,2.20019951,21:20:00,2024-01-01
202400053639,01:35,,75,75120,2,1,1,6.0,BD PERIPHERIQUE INTERIEUR,48.85244,2.41446,01:35:00,2024-06-08
202400053640,19:20,Plein jour,14,14167,2,1,1,6.0,3 Rue Pierre Mendès France,49.2,-0.30162,19:20:00,2024-08-04
202400053641,17:30,Plein jour,75,75108,2,3,2,6.0,RUE DE ROME,48.88089,2.321075,17:30:00,2024-05-02
202400053642,08:33,Plein jour,77,77058,2,9,1,5.0,ANTOINE GIROUST (BOULEVARD ),48.84060663,2.71058056,08:33:00,2024-10-23
202400053643,20:05,,75,75120,2,2,2,3.0,RUE DES PYRENEES,48.873912,2.385295,20:05:00,2024-02-13
202400053644,02:20,Nuit sans éclairage,55,55072,1,1,2,7.0,D908,49.16442702,5.63290781,02:20:00,2024-07-13
202400053645,19:55,Plein jour,69,69204,2,1,1,2.0,74 Chemin de la Mouche,45.695592,4.817194,19:55:00,2024-07-10
202400053646,17:10,Crépuscule,21,21399,1,2,3,3.0,D981,47.214875,4.561654,17:10:00,2024-03-26
202400053647,19:30,Plein jour,75,75117,2,1,1,2.0,PORTE MAILLOT,48.881911,2.282727,19:30:00,2024-06-07
202400053648,22:25,Nuit sans éclairage,79,79049,1,1,1,7.0,Unknown,46.818226,-0.492647,22:25:00,2024-07-11
202400053649,18:00,Plein jour,43,43041,1,1,2,6.0,R.N 88,45.0549,3.90879,18:00:00,2024-09-26
202400053650,08:00,Crépuscule,76,76005,2,1,1,1.0,Rue François Mitterrand,49.40122,1.12502,08:00:00,2024-10-24
202400053651,20:25,Nuit sans éclairage,92,92040,2,1,2,4.0,GAMBETTA (BOULEVARD),48.82730219,2.27811956,20:25:00,2024-01-01
202400053652,16:40,Plein jour,40,40131,1,1,1,3.0,D626 route de Cazaubon,43.964465,-0.179214,16:40:00,2024-03-27
202400053653,19:46,Plein jour,13,13210,2,2,1,2.0,RABATAU (BOULEVARD),43.27936,5.3993,19:46:00,2024-08-14
202400053654,17:12,Crépuscule,75,75115,2,4,1,3.0,RUE DE L ARMORIQUE,48.83968,2.314682,17:12:00,2024-02-13
202400053655,15:00,Plein jour,75,75108,2,5,1,2.0,RUE DE COURCELLES,48.876381,2.307867,15:00:00,2024-05-02
202400053656,17:45,Plein jour,43,43153,1,1,1,6.0,N88,45.333216,4.248563,17:45:00,2024-09-10
202400053657,17:45,Plein jour,76,76351,2,1,1,1.0,JEAN JAURES (AVENUE),49.50223,0.18565,17:45:00,2024-10-23
202400053658,15:56,Plein jour,33,33234,1,6,9,3.0,Unknown,44.785052,-0.506052,15:56:00,2024-07-09
202400053659,13:03,Plein jour,75,75112,2,1,1,2.0,QUAI DE BERCY,48.8393895,2.37509608,13:03:00,2024-06-07
202400053660,20:10,Crépuscule,40,40320,1,1,1,6.0,D651,43.945403,-0.52474,20:10:00,2024-03-26
202400053661,13:40,Plein jour,13,13214,2,9,1,3.0,AVENUE RAIMU,43.33588,5.39855,13:40:00,2024-08-14
202400053662,13:30,Plein jour,81,81145,1,2,1,3.0,D999,43.909171,1.748092,13:30:00,2024-01-02
202400053663,19:05,Crépuscule,75,75111,2,3,2,6.0,BOULEVARD VOLTAIRE,48.862026,2.37293,19:05:00,2024-02-13
202400053664,16:55,Plein jour,43,43111,1,1,3,7.0,RN88 - La Sauvetat,44.845038,3.855343,16:55:00,2024-09-08
202400053665,16:10,Plein jour,75,75107,2,2,2,3.0,AVENUE DU MARECHAL GALLIENI,48.861049,2.313246,16:10:00,2024-05-02
202400053666,16:05,Plein jour,72,72181,2,2,1,3.0,JAURES JEAN (AV) N° PAIRS 60 ET >,47.98621,0.20884,16:05:00,2024-10-24
202400053667,06:45,Plein jour,75,75120,2,1,1,2.0,BOULEVARD PERIPHERIQUE,48.859012,2.41435,06:45:00,2024-06-07
202400053668,13:55,Plein jour,13,13214,1,1,1,2.0,A7-Sens Marseille vers Lyon,43.32281,5.3782,13:55:00,2024-07-11
202400053669,16:30,Plein jour,21,21473,1,1,1,2.0,M968,47.265101,5.063893,16:30:00,2024-09-21
202400053670,18:20,Crépuscule,28,28116,2,6,1,3.0,D920.1,48.445881,1.23154,18:20:00,2024-03-19
202400053671,17:00,Plein jour,43,43205,1,1,2,1.0,D500,45.35246191,4.317198,17:00:00,2024-09-04
202400053672,18:00,,2A,2A272,2,1,1,3.0,RT40,41.618266,8.962054,18:00:00,2024-01-02
202400053673,16:15,Plein jour,75,75110,2,2,8,6.0,QUAI DE JEMMAPES,48.868871,2.367635,16:15:00,2024-02-13
202400053674,14:50,Plein jour,94,94041,2,1,1,2.0,Avenue Pierre Sémard,48.82058488,2.37948704,14:50:00,2024-05-02
202400053675,13:15,Plein jour,67,67482,2,1,8,6.0,MONTAGNE VERTE (RUE DE LA),48.572161,7.724434,13:15:00,2024-10-22
202400053676,22:55,,28,28088,2,1,2,6.0,26 Rue du Griffon,48.068946,1.316246,22:55:00,2024-07-26
202400053677,11:00,Plein jour,13,13070,1,1,1,6.0,A50-Sens Marseille vers Aubagne,43.2844,5.51917,11:00:00,2024-07-11
202400053678,09:26,Plein jour,13,13216,2,6,1,3.0,LITTORAL (CHEMIN DU),43.35147,5.33994,09:26:00,2024-08-14
202400053679,04:10,Nuit sans éclairage,51,51224,1,1,1,7.0,N4,48.69334,4.70468,04:10:00,2024-01-01
202400053680,19:10,,75,75109,2,3,2,7.0,BOULEVARD HAUSSMANN,48.872633,2.335237,19:10:00,2024-02-13
202400053681,09:10,Plein jour,03,03243,1,1,1,6.0,A 71 PK 319+750 Sens 2,46.320086,2.985938,09:10:00,2024-03-27
202400053682,18:15,Plein jour,77,77153,1,1,1,2.0,n2,49.053713,2.698864,18:15:00,2024-03-01
202400053683,08:20,Plein jour,94,94073,2,1,1,6.0,Avenue de Versailles,48.76002,2.39822,08:20:00,2024-05-02
202400053684,23:05,,75,75106,2,2,1,3.0,BOULEVARD SAINT MICHEL,48.851381,2.34316,23:05:00,2024-06-07
202400053685,04:00,,13,13204,2,1,1,3.0,MARÉCHAL JUIN (BOULEVARD),43.31101,5.40366,04:00:00,2024-08-14
202400053686,14:50,Plein jour,91,91339,1,1,1,2.0,RN 104,48.62238,2.27235,14:50:00,2024-07-11
202400053687,09:20,Plein jour,38,38140,1,1,2,2.0,A41s PK013+600,45.267615,5.896461,09:20:00,2024-03-27
202400053688,19:05,,64,64445,2,1,1,6.0,ALFRED DE MUSSET,43.29632,-0.35935,19:05:00,2024-10-24
202400053689,08:50,Plein jour,75,75109,2,2,1,6.0,RUE LA FAYETTE,48.873636,2.335343,08:50:00,2024-02-13
202400053690,12:45,Plein jour,01,01434,1,1,1,1.0,D22b,45.975049,5.126298,12:45:00,2024-01-01
202400053691,23:52,,94,94003,2,3,2,6.0,Avenue Gabriel Péri / Rue de l'Etoile,48.80243159,2.34385264,23:52:00,2024-05-01
202400053692,16:07,Plein jour,28,28024,1,1,1,4.0,D910,48.408921,1.460409,16:07:00,2024-07-22
202400053693,21:50,Nuit sans éclairage,78,78246,1,1,8,1.0,D983,49.028254,1.746504,21:50:00,2024-09-20
202400053694,01:43,Nuit sans éclairage,94,94037,1,1,1,6.0,A6A,48.813814,2.33598964,01:43:00,2024-07-11
202400053695,15:45,Plein jour,75,75118,2,7,1,3.0,BOULEVARD ORNANO,48.895664,2.346276,15:45:00,2024-06-07
202400053696,19:40,Plein jour,13,13207,2,1,1,3.0,CORDERIE (BOULEVARD DE LA),43.29103,5.3708,19:40:00,2024-08-13
202400053697,05:00,,94,94033,2,1,8,6.0,Avenue du Maréchal Joffre,48.85251,2.48406,05:00:00,2024-05-02
202400053698,15:45,Plein jour,64,64129,2,9,1,6.0,SAINT JOHN PERSE,43.30595,-0.39598,15:45:00,2024-10-24
202400053699,11:00,Plein jour,75,75107,2,2,1,3.0,RUE DE GRENELLE,48.855015,2.324564,11:00:00,2024-02-13
202400053700,21:17,Nuit sans éclairage,34,34032,1,1,1,2.0,A75,43.358974,3.267024,21:17:00,2024-01-01
202400053701,18:20,Plein jour,84,84003,2,3,1,3.0,Boulevard Camille Pelletan,43.873744,5.397329,18:20:00,2024-03-27
202400053702,01:50,,75,75117,2,1,1,7.0,BOULEVARD PEREIRE,48.884261,2.295575,01:50:00,2024-06-08
202400053703,18:15,Plein jour,28,28348,1,3,1,3.0,D11.1,48.730875,1.177007,18:15:00,2024-07-20
202400053704,12:15,Plein jour,75,75104,2,3,1,7.0,RUE BEAUBOURG,48.861197,2.353466,12:15:00,2024-02-13
202400053705,00:50,Nuit sans éclairage,08,08058,1,1,2,7.0,A304,49.76584981,4.64143395,00:50:00,2024-03-27
202400053706,18:45,Plein jour,38,38468,1,1,1,3.0,Route Nationale 7,45.346984,4.803134,18:45:00,2024-09-20
202400053707,18:55,Plein jour,12,12176,1,1,1,1.0,RD 224,44.37274703,2.61712968,18:55:00,2024-08-08
202400053708,17:55,Plein jour,95,95277,1,1,1,2.0,A1,48.9670426,2.47751498,17:55:00,2024-07-11
202400053709,18:45,Plein jour,94,94004,2,2,2,6.0,Avenue du Général Leclerc / Rue de Valenton,48.747043,2.510011,18:45:00,2024-05-02
202400053710,12:25,Plein jour,38,38301,1,2,1,7.0,D1075,44.797292,5.635681,12:25:00,2024-01-01
202400053711,18:30,Plein jour,75,75115,2,1,1,6.0,AVENUE ALBERT BARTHOLOME,48.82786,2.298882,18:30:00,2024-06-07
202400053712,11:40,Plein jour,28,28006,1,6,1,2.0,D923,48.436604,1.388869,11:40:00,2024-07-16
202400053713,18:40,Nuit sans éclairage,63,63224,1,1,1,2.0,RD2029,45.85408,3.11546,18:40:00,2024-10-23
202400053714,07:30,Plein jour,03,03243,1,1,8,1.0,route de sazeret,46.340047,2.992648,07:30:00,2024-03-27
202400053715,10:00,Plein jour,11,11262,2,1,1,6.0,Quai de l'Escoute,43.18474,2.99974,10:00:00,2024-08-14
202400053716,02:00,Nuit sans éclairage,89,89027,1,1,8,6.0,D660,48.235207,3.589992,02:00:00,2024-01-01
202400053717,09:30,Plein jour,75,75104,2,3,1,1.0,PLACE DU CHATELET,48.85771083,2.34777859,09:30:00,2024-02-13
202400053718,18:30,Plein jour,44,44201,1,1,1,3.0,Truzeau,47.340669,-1.558908,18:30:00,2024-09-18
202400053719,17:00,Plein jour,93,93010,1,1,1,2.0,AUTOROUTE A3,48.90994621,2.47483948,17:00:00,2024-07-11
202400053720,16:50,Plein jour,94,94002,2,2,3,6.0,Rue Paul Vaillant Couturier / Rue du Mal de Lattre de Tassigny,48.80017,2.42257,16:50:00,2024-05-02
202400053721,15:30,Plein jour,28,28164,1,1,1,3.0,A10 PK057+000,48.267027,1.853342,15:30:00,2024-07-15
202400053722,15:00,Plein jour,75,75114,2,3,1,3.0,BOULEVARD BRUNE,48.826551,2.310814,15:00:00,2024-06-08
202400053723,08:05,Plein jour,63,63113,2,2,1,6.0,BINGEN (BD JACQUES),45.76683,3.10717,08:05:00,2024-10-24
202400053724,19:45,Crépuscule,42,42272,2,1,1,6.0,Route de Maclas,45.365253,4.730711,19:45:00,2024-03-24
202400053725,22:30,,06,06069,2,1,2,1.0,18 Chemin des Capucins,43.6529641,6.92953,22:30:00,2024-08-14
202400053726,16:25,Plein jour,94,94042,2,2,1,1.0,Avenue du Général Galliéni / Avenue du Président Wilson,48.820152,2.47441,16:25:00,2024-02-10
202400053727,17:30,Plein jour,93,93008,1,1,1,2.0,AUTOROUTE A86,48.90934045,2.44700611,17:30:00,2024-07-11
202400053728,10:25,Plein jour,56,56193,1,6,6,3.0,Giratoire de Mané Branroch,47.739915,-3.302658,10:25:00,2024-01-01
202400053729,18:15,Crépuscule,44,44026,1,3,1,3.0,Route de Rabinard,47.313633,-1.43761,18:15:00,2024-09-19
202400053730,20:00,Plein jour,28,28322,2,1,1,1.0,61 Route de Verneuil,48.715105,0.975302,20:00:00,2024-07-14
202400053731,05:30,Crépuscule,93,93064,2,3,1,7.0,Rue du 4e Zouave / Rue d'Estienne d'Orves,48.87299023,2.48066461,05:30:00,2024-05-02
202400053732,15:45,Plein jour,06,06030,2,1,1,3.0,52 Boulevard Paul Doumer,43.569518,7.010676,15:45:00,2024-08-13
202400053733,07:50,Nuit sans éclairage,62,62239,2,9,8,6.0,Rue de Laubanie,50.93246635,1.85595989,07:50:00,2024-10-23
202400053734,02:20,Nuit sans éclairage,75,75107,2,2,1,6.0,QUAI D ORSAY,48.862858,2.31519,02:20:00,2024-06-08
202400053735,20:20,,94,94041,2,3,2,6.0,Avenue de Verdun / Rue de Châteaudun,48.815966,2.367923,20:20:00,2024-02-13
202400053736,14:30,Plein jour,93,93027,1,1,1,7.0,AUTOROUTE A86,48.92796013,2.41109133,14:30:00,2024-07-11
202400053737,17:15,Plein jour,62,62457,2,1,1,7.0,D86,50.45490418,2.54752206,17:15:00,2024-10-23
202400053738,11:26,Plein jour,77,77032,2,1,3,6.0,Route Nationale 4,48.701455,3.251331,11:26:00,2024-01-02
202400053739,18:15,Plein jour,75,75120,2,1,1,1.0,BOULEVARD DAVOUT,48.851398,2.410883,18:15:00,2024-08-14
202400053740,21:20,Crépuscule,28,28140,2,6,8,6.0,Route de Gallardon,48.603886,1.672497,21:20:00,2024-06-16
202400053741,11:10,Plein jour,95,95252,1,1,1,7.0,A15,48.98332355,2.21853144,11:10:00,2024-07-11
202400053742,20:30,Plein jour,75,75110,2,1,1,1.0,RUE DU CHATEAU LANDON,48.883311,2.364022,20:30:00,2024-06-08
202400053743,22:00,Nuit sans éclairage,93,93046,1,1,2,1.0,Route Strategique,48.91739,2.555414,22:00:00,2024-05-02
202400053744,13:50,Plein jour,94,94017,2,3,1,2.0,Boulevard de Stalingrad / Rue Julian Grimau,48.81775745,2.50736433,13:50:00,2024-02-12
202400053745,23:40,Nuit sans éclairage,76,76276,2,1,1,1.0,Rue Andre Bertrand,49.617572,1.537562,23:40:00,2024-09-20
202400053746,15:09,Plein jour,38,38176,2,1,1,1.0,D163,45.640361,5.195348,15:09:00,2024-03-25
202400053747,10:50,Plein jour,62,62847,1,6,1,6.0,D941,50.5119,2.66027,10:50:00,2024-10-23
202400053748,19:15,Nuit sans éclairage,76,76521,1,1,2,6.0,Chemin de l'Eglise,49.514684,1.396133,19:15:00,2024-01-01
202400053749,17:49,Plein jour,28,28173,2,1,1,7.0,Unknown,48.471307,1.534857,17:49:00,2024-06-08
202400053750,17:50,Plein jour,75,75110,2,4,1,6.0,RUE LA FAYETTE,48.882479,2.369136,17:50:00,2024-06-07
202400053751,11:45,Plein jour,75,75112,2,2,1,3.0,RUE TAINE,48.838566,2.393213,11:45:00,2024-08-14
202400053752,00:40,Nuit sans éclairage,93,93048,1,1,1,2.0,AUTOROUTE A86,48.86456714,2.48230399,00:40:00,2024-07-11
202400053753,07:50,Crépuscule,59,59392,2,1,1,6.0,EPINETTE (BOULEVARD DE L'),50.284099,3.968073,07:50:00,2024-10-24
202400053754,14:00,Plein jour,80,80421,1,1,1,2.0,"A1, pk 109.280, sens LILLE-Paris",49.773248,2.797834,14:00:00,2024-09-21
202400053755,20:50,,32,32426,2,1,1,7.0,38 Avenue du Général de Gaulle,43.497418,0.594351,20:50:00,2024-01-01
202400053756,19:35,,93,93070,2,2,9,3.0,Boulevard Victor Hugo / Place du Capitaine Glarner / Rue des Docks,48.90713,2.32631,19:35:00,2024-02-12
202400053757,12:25,Plein jour,38,38357,2,1,1,1.0,Rue Alfred de Musset,45.543964,5.541669,12:25:00,2024-03-26
202400053758,17:22,Plein jour,93,93046,2,2,2,6.0,Avenue de la Gare de Gargan / Allée Marguerite,48.90542,2.52047,17:22:00,2024-05-02
202400053759,18:10,Plein jour,28,28121,1,1,1,2.0,A10 PK 073+800,48.11862,1.85096,18:10:00,2024-07-15
202400053760,18:40,Plein jour,75,75108,2,3,1,6.0,COURS ALBERT 1ER,48.864888,2.307935,18:40:00,2024-08-14
202400053761,15:15,Plein jour,75,75107,2,1,1,1.0,SOUTERRAIN BRANLY,48.858825,2.292757,15:15:00,2024-06-08
202400053762,00:30,Nuit sans éclairage,93,93064,2,1,1,1.0,Rue de Lisbonne,48.87846,2.4758,00:30:00,2024-02-13
202400053763,19:45,Crépuscule,93,93063,1,1,1,3.0,A3,48.87538633,2.44065834,19:45:00,2024-05-29
202400053764,09:50,Plein jour,972,97209,2,1,1,6.0,RELIGIEUSES (ROUTE DES),14.60522,-61.06322,09:50:00,2024-11-27