Num_Acc,hrmn,lum,dep,com,agg,int,atm,col,adr,lat,long,heure,date
202400053765,05:40,Nuit sans éclairage,89,89139,1,1,1,7.0,Route des Beaufumes,47.703159,3.426345,05:40:00,2024-01-01
202400053766,08:24,Plein jour,93,93048,2,2,1,3.0,Avenue du Président Wilson / Rue Marcellin Berthelot,48.85566,2.43955,08:24:00,2024-02-13
202400053767,17:10,Plein jour,93,93027,2,3,2,2.0,Boulevard Pasteur / Avenue Victor Hugo,48.92446433,2.38438225,17:10:00,2024-05-02
202400053768,15:00,Plein jour,46,46102,1,1,1,1.0,Fumat,44.59561504,2.03865103,15:00:00,2024-03-22
202400053769,16:15,Plein jour,53,53130,2,2,1,6.0,CHANZY ( AVENUE DE ),48.06987,-0.74964,16:15:00,2024-10-24
202400053770,11:40,Plein jour,94,94068,2,1,1,6.0,Avenue du Bac,48.79649,2.50646,11:40:00,2024-08-14
202400053771,16:15,Plein jour,13,13001,1,1,8,5.0,A51-Sens Aix en Provence vers Marseille,43.52271,5.42693,16:15:00,2024-09-17
202400053772,20:30,Plein jour,75,75101,2,3,1,3.0,RUE DE RIVOLI,48.86374,2.332201,20:30:00,2024-06-08
202400053773,15:20,Plein jour,44,44143,2,1,8,2.0,140 Rue des Sorinnières,47.15503904,-1.53720299,15:20:00,2024-07-02
202400053774,21:04,Nuit sans éclairage,974,97407,1,1,1,6.0,AXE MIXTE DE CAMBAIE,-20.95546,55.29405,21:04:00,2024-11-30
202400053775,17:10,Crépuscule,63,63081,1,1,1,6.0,Chemin rural,45.52527803,3.69984314,17:10:00,2024-01-01
202400053776,19:15,Plein jour,94,94068,2,1,1,7.0,Rue du Pont de Créteil,48.79973,2.470435,19:15:00,2024-08-12
202400053777,15:50,Plein jour,93,93032,2,5,1,3.0,Allée de Montfermeil / Allée de Gagny,48.8989,2.5464,15:50:00,2024-02-12
202400053778,04:32,,72,72264,2,6,1,3.0,Rue Saint-nicolas,47.834412,-0.319572,04:32:00,2024-03-27
202400053779,00:03,Nuit sans éclairage,13,13005,1,9,1,6.0,A50-Sens Aubagne vers Marseille,43.28923,5.55049,00:03:00,2024-09-20
202400053780,14:34,Plein jour,973,97302,2,1,1,7.0,BECKER (LIEUTENANT),4.93804,-52.32933,14:34:00,2024-11-30
202400053781,00:15,,75,75104,2,1,1,6.0,VOIE GEORGES POMPIDOU,48.850892,2.361137,00:15:00,2024-06-08
202400053782,14:15,Plein jour,52,52121,2,2,1,3.0,THEURIET (RUE ANDRE),48.10301,5.13317,14:15:00,2024-10-15
202400053783,10:10,Plein jour,93,93008,2,3,1,3.0,Avenue Henri Barbusse / Rue Henri Gautier,48.906228,2.422967,10:10:00,2024-05-02
202400053784,20:50,,44,44190,2,6,8,3.0,116 Rue du Général De Gaulle,47.20870552,-1.48948491,20:50:00,2024-06-18
202400053785,09:25,Plein jour,92,92062,2,1,8,3.0,WALLACE (BD RICHARD) DU 17 AU 91 ET DU 3,48.87990248,2.23976666,09:25:00,2024-02-13
202400053786,13:00,Plein jour,49,49050,2,4,2,1.0,11 Rue Raphaël Lecuit,47.348128,-0.443825,13:00:00,2024-01-01
202400053787,23:30,,94,94022,2,9,1,3.0,Avenue Victor Hugo,48.76889,2.42066,23:30:00,2024-08-13
202400053788,22:23,,973,97302,2,1,1,3.0,MERE THERESA (rue),4.9301,-52.3,22:23:00,2024-11-29
202400053789,12:35,Plein jour,59,59462,1,1,1,2.0,AUTOROUTE A1,50.50627,3.02118,12:35:00,2024-09-20
202400053790,14:25,Plein jour,94,94081,2,3,1,3.0,Rue Mario Capra / Avenue Youri Gagarine,48.784333,2.392773,14:25:00,2024-06-08
202400053791,11:40,Plein jour,47,47323,1,9,1,3.0,ROUTE NATIONALE 21,44.39004,0.7176,11:40:00,2024-10-24
202400053792,17:00,Plein jour,92,92051,2,9,1,6.0,"ACHILLE PERETTI (AVENUE, N° 90 A 96 ET 9",48.88401896,2.27085364,17:00:00,2024-02-08
202400053793,07:50,Plein jour,974,97407,1,9,1,3.0,AXE MIXTE DE CAMBAIE,-20.95243,55.29514,07:50:00,2024-07-09
202400053794,20:00,Plein jour,93,93005,2,2,1,3.0,Rue Eugène Delacroix / Cours Salvador Allende,48.952802,2.499046,20:00:00,2024-05-01
202400053795,13:10,Plein jour,972,97213,2,1,1,6.0,ROUTE NATIONALE 1,14.63821,-60.97615,13:10:00,2024-11-30
202400053796,14:40,Plein jour,94,94069,2,2,1,6.0,Avenue de Verdun,48.82218713,2.42191458,14:40:00,2024-08-14
202400053797,04:30,Nuit sans éclairage,25,25381,1,1,2,7.0,D465,47.28118,5.957996,04:30:00,2024-01-01
202400053798,17:30,Plein jour,47,47027,1,1,7,2.0,BORDEAUX (avenue de),44.40276,0.66647,17:30:00,2024-10-23
202400053799,17:20,Plein jour,94,94078,2,3,1,6.0,Avenue de Melun / Chemin des Pêcheurs,48.72486,2.44545,17:20:00,2024-06-08
202400053800,16:00,Plein jour,13,13071,1,1,2,2.0,A7-Sens Marseille vers Lyon,43.41269032,5.2816386,16:00:00,2024-03-26
202400053801,16:00,Plein jour,91,91645,1,1,1,4.0,RN 385 INT,48.75982,2.26089,16:00:00,2024-09-20
202400053802,16:05,Plein jour,973,97302,2,1,1,3.0,CATAYEE (JUSTIN),4.93025902,-52.32603228,16:05:00,2024-07-10
202400053803,19:50,,92,92062,2,3,2,3.0,DE DION BOUTON (QUAI) DU 1 AU 28,48.87707035,2.24118635,19:50:00,2024-02-13
202400053804,14:00,Plein jour,69,69202,2,1,1,6.0,67 Avenue Valioud,45.73961,4.80643,14:00:00,2024-11-30
202400053805,13:35,Plein jour,93,93001,2,2,1,3.0,Avenue Jean Jaurès / Avenue de la République,48.903593,2.391793,13:35:00,2024-05-02
202400053806,15:30,Plein jour,94,94017,2,1,1,2.0,Avenue du Général de Gaulle,48.82695,2.50734,15:30:00,2024-08-14
202400053807,03:10,,94,94081,2,1,1,3.0,Quai Jules Guesde,48.79533,2.41806,03:10:00,2024-06-08
202400053808,18:30,Plein jour,44,44109,2,9,1,3.0,84 Rue de Coulmiers,47.22558,-1.54036,18:30:00,2024-10-23
202400053809,18:20,Plein jour,69,69385,2,1,2,7.0,Montée du Chemin Neuf,45.75941,4.82418,18:20:00,2024-07-10
202400053810,09:00,Plein jour,13,13055,1,1,1,5.0,A50-Sens Aubagne vers Toulon,43.29057,5.42672,09:00:00,2024-03-25
202400053811,12:09,Plein jour,971,97101,2,1,1,6.0,BLANCHARD,16.22442,-61.52564,12:09:00,2024-11-30
202400053812,16:10,Plein jour,92,92062,2,1,3,6.0,ROSIERS RUE DES,48.88742036,2.22737968,16:10:00,2024-05-02
202400053813,13:55,Plein jour,44,44098,1,1,2,1.0,46 Rue du Stade,47.480458,-2.170473,13:55:00,2024-01-01
202400053814,17:10,Plein jour,92,92051,1,1,1,4.0,RN13,48.8857803,2.2575639,17:10:00,2024-09-19
202400053815,19:35,,92,92026,2,3,2,3.0,PRÉSIDENT PAUL DOUMER (QUAI DU),48.89012856,2.25625902,19:35:00,2024-02-13
202400053816,19:24,Plein jour,93,93066,2,3,1,3.0,Rue du Plouich / Rue Georges Bizet,48.94305337,2.38217377,19:24:00,2024-08-14
202400053817,17:20,Plein jour,971,97101,1,1,1,7.0,GRAND CAMP(SECTION),16.25392,-61.53966,17:20:00,2024-11-29
202400053818,08:05,,41,41269,2,9,1,3.0,SAINT LUBIN (FAUBOURG),47.79048,1.06375,08:05:00,2024-10-24
202400053819,12:25,Plein jour,2A,2A004,2,1,1,3.0,stradda di balio,41.95262,8.78455,12:25:00,2024-07-10
202400053820,11:25,Plein jour,44,44115,1,1,1,6.0,Unknown,47.36406,-1.228602,11:25:00,2024-01-01
202400053821,19:15,Plein jour,75,75117,2,3,2,2.0,JEAN JAURES (BD),48.89665157,2.30953646,19:15:00,2024-05-02
202400053822,09:30,Plein jour,83,83144,1,1,2,2.0,A57,43.1392422,5.9973456,09:30:00,2024-03-26
202400053823,18:00,Plein jour,94,94079,2,1,1,5.0,Avenue André Rouy,48.82257,2.55174,18:00:00,2024-06-08
202400053824,16:00,Plein jour,93,93053,2,1,1,6.0,Rue de Brément,48.88691,2.46929,16:00:00,2024-08-14
202400053825,16:40,Plein jour,93,93008,1,1,1,3.0,AUTOROUTE A86,48.91150494,2.4403377,16:40:00,2024-09-20
202400053826,20:38,,92,92012,2,2,2,3.0,SILLY (RUE DE) 1/87 - 2/88,48.83902172,2.23202688,20:38:00,2024-02-13
202400053827,15:30,Plein jour,2A,2A004,1,1,1,4.0,T20,41.94153,8.80774,15:30:00,2024-11-29
202400053828,10:00,Plein jour,95,95018,2,2,1,6.0,D122,48.94425429,2.25096987,10:00:00,2024-07-10
202400053829,01:47,Nuit sans éclairage,41,41018,2,3,1,3.0,LATHAM (RUE) N° PAIRS DU 4 AU 48 INCLUS,47.59816,1.31131,01:47:00,2024-10-24
202400053830,00:26,,93,93072,2,1,1,7.0,Boulevard Maxime Gorki,48.945318,2.386645,00:26:00,2024-06-08
202400053831,17:20,Plein jour,92,92012,2,2,2,6.0,ESCUDIER (RUE) 1/47 - 2/38,48.8433448,2.23661649,17:20:00,2024-05-02
202400053832,19:15,Nuit sans éclairage,38,38354,1,1,1,2.0,D82,45.511219,5.696036,19:15:00,2024-01-01
202400053833,16:35,Plein jour,69,69278,1,1,2,2.0,Rocade Est,45.90904,4.84244,16:35:00,2024-03-26
202400053834,21:15,,33,33040,2,9,1,7.0,Unknown,44.65125,-0.320401,21:15:00,2024-02-13
202400053835,14:55,Plein jour,93,93046,2,3,1,3.0,Avenue Aristide Briand /Avenue Gambetta,48.91523,2.52847,14:55:00,2024-08-14
202400053836,10:50,Plein jour,95,95607,2,1,1,2.0,D502,49.01762218,2.22671635,10:50:00,2024-11-30
202400053837,09:05,Plein jour,95,95500,1,1,1,4.0,A15,49.03653414,2.09411837,09:05:00,2024-09-20
202400053838,23:55,Nuit sans éclairage,91,91228,2,1,1,2.0,RTE NATIONALE 7,48.62323,2.44763,23:55:00,2024-07-10
202400053839,17:00,Plein jour,67,67137,1,1,1,6.0,M83,48.50517,7.69504,17:00:00,2024-03-25
202400053840,11:10,Plein jour,93,93070,2,3,1,3.0,Boulevard Jean Jaurès / Rue du Docteur Léonce Basset,48.914319,2.336657,11:10:00,2024-06-08
202400053841,00:10,,38,38151,2,1,1,1.0,HUGO (AVENUE V.),45.15643,5.7128,00:10:00,2024-10-25
202400053842,11:00,Plein jour,30,30295,1,1,1,7.0,Unknown,44.070521,4.446201,11:00:00,2024-02-13
202400053843,15:16,Plein jour,87,87085,1,1,1,6.0,CHAMBE (AVENUE DU GENERAL),45.88032,1.1739,15:16:00,2024-07-09
202400053844,14:03,Plein jour,92,92012,2,6,1,3.0,MARCEL SEMBAT (PLACE),48.83350323,2.24338514,14:03:00,2024-05-02
202400053845,21:30,Nuit sans éclairage,93,93064,1,1,1,6.0,AUTOROUTE A86,48.86737315,2.48181211,21:30:00,2024-09-19
202400053846,09:00,Plein jour,58,58305,2,1,2,3.0,D977bis,47.228987,3.826064,09:00:00,2024-01-02
202400053847,00:08,,93,93029,2,3,1,3.0,Avenue Henri Barbusse / Avenue Henriette,48.91885,2.44935,00:08:00,2024-08-14
202400053848,22:05,,91,91201,2,5,1,3.0,BD HENRI BARBUSSE,48.6939,2.4136,22:05:00,2024-11-30
202400053849,13:30,Plein jour,93,93066,2,1,1,6.0,Avenue de Stalingrad,48.94453762,2.35860586,13:30:00,2024-06-08
202400053850,00:50,Nuit sans éclairage,83,83056,2,1,1,6.0,chemin de la clue,43.56531196,6.51370972,00:50:00,2024-01-01
202400053851,20:55,,37,37261,2,2,1,3.0,TONNELLE (BOULEVARD),47.38467,0.66807,20:55:00,2024-10-24
202400053852,08:40,Plein jour,92,92002,2,3,8,3.0,MIRABEAU (RUE),48.74732357,2.29923892,08:40:00,2024-05-02
202400053853,19:45,Nuit sans éclairage,19,19059,1,3,1,5.0,D901,45.362986,1.335257,19:45:00,2024-02-13
202400053854,17:32,Plein jour,87,87085,2,3,1,3.0,MONTJOVIS (AVENUE),45.83856,1.24775,17:32:00,2024-07-06
202400053855,09:30,Plein jour,91,91228,1,9,2,4.0,RN 104,48.623,2.4221,09:30:00,2024-03-26
202400053856,17:30,Plein jour,93,93053,2,6,1,3.0,Rue Elsa Triolet / Rue de Neuilly,48.8847,2.4647,17:30:00,2024-06-08
202400053857,07:20,,91,91027,2,1,1,2.0,RUE DE LA PYRAMIDE,48.6981,2.3739,07:20:00,2024-11-30
202400053858,19:40,Nuit sans éclairage,92,92078,1,1,1,4.0,AUTOROUTE A86,48.92990824,2.32700212,19:40:00,2024-09-19
202400053859,16:15,Plein jour,93,93007,2,2,1,3.0,Rue Saint Saens / Rue Charles Gounod,48.93882,2.46789,16:15:00,2024-08-14
202400053860,13:30,Plein jour,45,45337,1,1,6,1.0,D955 PR 30 + 252,48.027992,1.554995,13:30:00,2024-01-02
202400053861,15:55,Plein jour,2A,2A271,2,1,1,3.0,#Caldaniccia#,41.951049,8.807945,15:55:00,2024-02-07
202400053862,09:23,Plein jour,91,91363,1,1,2,3.0,RN 104,48.6616,2.1872,09:23:00,2024-03-26
202400053863,12:00,Plein jour,93,93066,1,1,1,7.0,AUTOROUTE A1,48.92795641,2.35752115,12:00:00,2024-09-19
202400053864,08:05,Crépuscule,35,35238,2,2,1,3.0,VERN (DE),48.09298,-1.64756,08:05:00,2024-10-24
202400053865,00:15,Nuit sans éclairage,91,91433,1,1,5,1.0,CD207,48.46003,2.17004,00:15:00,2024-12-01
202400053866,14:20,Plein jour,92,92002,2,3,1,6.0,JEAN MONNET (AVENUE),48.74880174,2.30402148,14:20:00,2024-05-01
202400053867,10:40,Plein jour,93,93046,2,3,1,3.0,Avenue Aristide Briand / Avenue Camille Desmoulins,48.91247,2.52258,10:40:00,2024-06-08
202400053868,10:15,Plein jour,17,17008,1,1,8,1.0,D137,46.269762,-1.004648,10:15:00,2024-01-01
202400053869,00:20,Nuit sans éclairage,84,84007,2,4,1,4.0,BORD DU RHONE (RTE TOURISTIQUE DU),43.958935,4.837024,00:20:00,2024-07-10
202400053870,06:25,Nuit sans éclairage,11,11120,1,1,2,6.0,Unknown,43.052779,2.177149,06:25:00,2024-02-11
202400053871,07:30,Plein jour,91,91692,1,1,2,3.0,RN 118,48.689,2.1912,07:30:00,2024-03-26
202400053872,16:08,Plein jour,93,93001,2,5,1,3.0,VICTOR HUGO (AVE)  => N° 129,48.908641,2.37787,16:08:00,2024-08-14
202400053873,14:20,Plein jour,22,22372,1,1,2,7.0,D712,48.522091,-2.839193,14:20:00,2024-05-03
202400053874,15:50,Plein jour,93,93027,1,1,1,2.0,AUTOROUTE A1,48.93720852,2.40978107,15:50:00,2024-09-19
202400053875,11:00,Plein jour,987,98752,2,1,1,6.0,PK 43+500 coté mer,-17.72222303,-149.40612316,11:00:00,2024-01-01
202400053876,09:00,Plein jour,93,93046,2,5,1,2.0,Avenue Aristide Briand / Avenue Vauban,48.91128,2.51688,09:00:00,2024-06-08
202400053877,20:30,Nuit sans éclairage,33,33069,2,6,1,3.0,Unknown,44.86858,-0.59714,20:30:00,2024-10-24
202400053878,13:17,Plein jour,49,49041,1,1,1,3.0,29 Route du Moulin de Jarry,47.283651,0.074697,13:17:00,2024-02-14
202400053879,01:00,,83,83129,2,1,1,3.0,KENNEDY (AVENUE J.)N°PAIRS 2A2560,43.10751,5.81975,01:00:00,2024-07-10
202400053880,09:40,Plein jour,91,91477,1,1,3,2.0,AUTOROUTE A10,48.71271,2.25299,09:40:00,2024-03-26
202400053881,04:54,Crépuscule,987,98733,2,1,1,6.0,RT1 PK 19.100 CT MONT,-17.69610303,-149.58357811,04:54:00,2024-01-01
202400053882,02:10,Nuit sans éclairage,40,40065,2,1,3,7.0,Avenue du Bourret,43.655084,-1.43768,02:10:00,2024-05-01
202400053883,10:00,Plein jour,95,95018,2,1,1,3.0,A15,48.9585871,2.27405291,10:00:00,2024-09-19
202400053884,16:34,Plein jour,92,92051,2,1,1,2.0,"ORLEANS (RUE D', N° 11 A 29 ET 12 A 34)",48.8831109,2.27334648,16:34:00,2024-08-14
202400053885,16:45,Plein jour,12,12221,1,1,1,7.0,D904,44.554741,2.55209,16:45:00,2024-02-14
202400053886,04:30,,93,93032,2,1,1,6.0,Avenue du President Pompidou,48.88206,2.53804,04:30:00,2024-06-08
202400053887,09:20,Plein jour,91,91286,1,1,2,7.0,AUTOROUTE A6,48.64926,2.38537,09:20:00,2024-03-26
202400053888,19:20,,83,83137,2,1,1,5.0,LECLERC (AVE GENERAL),43.12548,5.92951,19:20:00,2024-11-30
202400053889,19:00,Plein jour,81,81065,2,3,1,3.0,ALBERT 1° (AV),43.59582,2.22558,19:00:00,2024-07-10
202400053890,20:00,,33,33281,2,1,1,6.0,Unknown,44.82941,-0.65743,20:00:00,2024-10-24
202400053891,19:30,Nuit avec éclairage,973,97311,2,1,1,1.0,Avenue Gaston Monnerville,5.493563,-54.014524,19:30:00,2024-01-01
202400053892,07:50,Plein jour,68,68266,1,1,1,6.0,D47,47.900161,7.333803,07:50:00,2024-02-14
202400053893,08:50,Plein jour,93,93027,1,1,1,3.0,AUTOROUTE A86,48.92458528,2.38937632,08:50:00,2024-09-19
202400053894,09:25,Plein jour,31,31446,2,1,8,3.0,Avenue du 8 Mai 1945,43.540974,1.480397,09:25:00,2024-04-24
202400053895,03:25,Nuit sans éclairage,81,81065,2,1,5,6.0,88bis Avenue du Sidobre,43.611162,2.264916,03:25:00,2024-11-30
202400053896,18:45,Plein jour,93,93031,2,3,1,6.0,Rue de Paris / Rue Lacépède,48.953919,2.310926,18:45:00,2024-06-08
202400053897,06:30,Crépuscule,92,92024,2,2,1,3.0,VICTOR HUGO (BD),48.89748297,2.3104586,06:30:00,2024-08-14
202400053898,11:57,Plein jour,92,92047,1,1,2,2.0,A13,48.83412827,2.16775857,11:57:00,2024-03-26
202400053899,15:30,Plein jour,33,33199,2,1,2,6.0,Avenue de Césarée,44.618651,-1.073248,15:30:00,2024-01-02
202400053900,18:59,Plein jour,33,33522,2,1,1,6.0,Unknown,44.80412,-0.60054,18:59:00,2024-10-24
202400053901,22:30,Nuit sans éclairage,94,94079,1,1,1,6.0,A4,48.83472567,2.53708778,22:30:00,2024-09-20
202400053902,07:25,Plein jour,76,76010,1,1,8,7.0,"autoroute A29, pk 83+400, sens AMIENS - LE HAVRE",49.653849,0.951369,07:25:00,2024-05-02
202400053903,16:50,Plein jour,03,03158,1,3,1,3.0,D3,46.481183,2.676485,16:50:00,2024-02-14
202400053904,09:45,Plein jour,93,93079,2,9,1,6.0,Route de Saint-Leu / Centre Commercial Bienvenu,48.94821463,2.3443687,09:45:00,2024-06-08
202400053905,16:40,Plein jour,93,93027,1,1,2,6.0,A86,48.92648671,2.40257539,16:40:00,2024-03-26
202400053906,09:00,Plein jour,95,95651,2,9,1,6.0,55 CRETES (ROUTE DES),49.07350179,1.70454826,09:00:00,2024-01-01
202400053907,00:01,,92,92071,2,9,1,3.0,GENERAL LECLERC (AVENUE DU),48.77321965,2.31276119,00:01:00,2024-08-14
202400053908,16:40,Crépuscule,81,81065,2,3,1,3.0,32 Rue des Généraux Ricard,43.61543,2.23505,16:40:00,2024-11-29
202400053909,15:56,Plein jour,31,31555,2,1,1,2.0,A620,43.62074154,1.41820113,15:56:00,2024-10-24
202400053910,20:06,Nuit sans éclairage,94,94042,1,1,1,5.0,A4,48.82854107,2.47576095,20:06:00,2024-09-20
202400053911,16:45,Plein jour,01,01103,1,1,2,5.0,Route des 2 Journans,46.279577,6.059834,16:45:00,2024-05-02
202400053912,07:40,Plein jour,93,93008,1,1,2,3.0,A86,48.91191856,2.439171,07:40:00,2024-03-26
202400053913,06:00,Nuit sans éclairage,03,03158,1,1,1,1.0,D11,46.506073,2.671351,06:00:00,2024-01-26
202400053914,06:39,Nuit sans éclairage,13,13099,1,1,1,1.0,C D952,43.691553,5.724929,06:39:00,2024-01-02
202400053915,12:45,Plein jour,92,92012,2,2,1,2.0,REINE (ROUTE DE LA) 39/107 BIS,48.83920967,2.24555495,12:45:00,2024-08-14
202400053916,10:00,Plein jour,93,93005,2,2,1,3.0,Rue de l'Yser / Boulevard de Strasbourg,48.919025,2.480604,10:00:00,2024-06-08
202400053917,21:25,,80,80131,2,1,1,1.0,Rue Victor Hugo,49.8454,2.38856,21:25:00,2024-11-30
202400053918,15:30,Plein jour,27,27681,2,1,1,3.0,JAURES (BOULEVARD JAURES),49.09474,1.46724,15:30:00,2024-10-24
202400053919,20:30,Crépuscule,86,86268,1,1,1,6.0,La Balissière,46.516425,0.590494,20:30:00,2024-05-02
202400053920,06:10,Crépuscule,77,77058,1,1,1,1.0,D406,48.83148,2.69387,06:10:00,2024-07-10
202400053921,14:45,Plein jour,15,15212,1,1,7,6.0,RD 663,44.653681,2.253345,14:45:00,2024-02-14
202400053922,18:20,Plein jour,93,93064,1,1,2,2.0,A86,48.86167691,2.48339869,18:20:00,2024-09-20
202400053923,03:30,,92,92004,2,1,1,6.0,GRANDE RUE CHARLES DE GAULLE,48.90780671,2.28615403,03:30:00,2024-08-14
202400053924,09:40,Plein jour,93,93001,2,1,1,6.0,Avenue de la République,48.91147691,2.3844116,09:40:00,2024-06-08
202400053925,00:55,Nuit sans éclairage,68,68342,1,3,2,6.0,Chemin du Bruckle ,47.826561,7.192343,00:55:00,2024-01-01
202400053926,07:55,Plein jour,77,77186,1,6,1,7.0,CROIX SAINT HEREM (CARREFOUR DE LA),48.363286,2.692021,07:55:00,2024-11-30
202400053927,08:50,Plein jour,77,77005,2,1,1,7.0,D105A,48.90752,2.7046,08:50:00,2024-07-10
202400053928,11:43,Plein jour,93,93010,1,1,1,4.0,A3,48.90114097,2.46992334,11:43:00,2024-03-25
202400053929,16:10,Plein jour,77,77294,1,1,1,3.0,A104,48.97032949,2.59735855,16:10:00,2024-09-20
202400053930,15:30,Plein jour,92,92072,1,1,1,7.0,BRANCAS (RUE),48.82617063,2.20112557,15:30:00,2024-06-08
202400053931,09:23,Plein jour,25,25462,1,6,1,2.0,SALINS DE (DU 64 A LA FIN),46.91047,6.33164,09:23:00,2024-10-24
202400053932,01:50,Nuit sans éclairage,38,38083,1,1,1,7.0,route de boulieu,45.791332,5.361189,01:50:00,2024-01-01
202400053933,13:17,Plein jour,21,21298,1,1,2,2.0,Autoroute A6 Pk 254+700,47.319174,4.4927,13:17:00,2024-05-02
202400053934,00:30,Nuit sans éclairage,72,72316,1,1,2,6.0,Lieu Dit La Maladrie,48.325384,0.388893,00:30:00,2024-02-14
202400053935,16:00,Plein jour,95,95277,1,1,1,7.0,A3,48.97035964,2.48216298,16:00:00,2024-03-25
202400053936,14:40,Plein jour,14,14724,1,3,1,3.0,1 Allée La Cour du Chemin,49.254722,-0.151137,14:40:00,2024-08-11
202400053937,17:00,,77,77014,2,1,1,7.0,VALVINS (AVENUE DE),48.42336451,2.73884341,17:00:00,2024-11-29
202400053938,16:00,Plein jour,92,92047,2,1,1,7.0,PORTE VERTE,48.83192802,2.18095565,16:00:00,2024-06-08
202400053939,18:00,Plein jour,76,76351,2,3,1,3.0,INGOUVILLE (RUE),49.49774,0.10887,18:00:00,2024-07-09
202400053940,00:25,,22,22278,2,9,1,6.0,SAINT-FRANCOIS,48.5111,-2.759,00:25:00,2024-10-25
202400053941,10:19,Plein jour,14,14342,1,1,8,6.0,Rue du 19 Mars 1962,49.311516,-1.099196,10:19:00,2024-02-14
202400053942,15:10,Plein jour,77,77363,1,1,1,2.0,A104.INT,48.90992,2.63684,15:10:00,2024-09-20
202400053943,10:50,Plein jour,92,92036,1,1,1,3.0,AUTOROUTE A15,48.93788866,2.29766722,10:50:00,2024-03-25
202400053944,00:10,Nuit sans éclairage,62,62837,1,1,1,6.0,D191,50.651508,2.047899,00:10:00,2024-08-10
202400053945,09:45,Plein jour,72,72181,2,1,1,3.0,DELAGENIERE HENRY (RUE),48.01097,0.19907,09:45:00,2024-11-30
202400053946,18:53,Plein jour,30,30117,1,1,1,1.0,D6113,43.706612,4.558877,18:53:00,2024-05-03
202400053947,15:20,Plein jour,81,81294,1,1,1,1.0,Route Rd 964,43.8382895,1.9377244,15:20:00,2024-01-02
202400053948,20:15,Plein jour,92,92051,2,1,1,3.0,"JEAN MERMOZ (BOULEVARD, N° 5 A 15)",48.8849379,2.27081484,20:15:00,2024-05-03
202400053949,17:20,Plein jour,17,17415,2,1,1,2.0,KENNEDY AVENUE JOHN FITZGERALD,45.7318,-0.64562,17:20:00,2024-10-24
202400053950,17:20,Plein jour,19,19140,1,1,2,6.0,D169,45.09254365,1.89866585,17:20:00,2024-05-03
202400053951,09:00,Plein jour,93,93010,1,1,1,3.0,A3,48.91957855,2.47890968,09:00:00,2024-03-25
202400053952,15:15,Plein jour,50,50550,2,1,1,2.0,Rue de la Peguchellerie,49.127228,-1.44022,15:15:00,2024-02-10
202400053953,18:14,Plein jour,72,72181,2,1,1,4.0,PADERBORN (AV) N° PAIRS,48.0101,0.20173,18:14:00,2024-07-09
202400053954,07:25,Plein jour,77,77372,1,1,1,2.0,A104,48.89155425,2.66719667,07:25:00,2024-09-20
202400053955,17:40,Plein jour,73,73330,1,1,1,6.0,D1504,45.70511574,5.74615119,17:40:00,2024-08-14
202400053956,01:25,Nuit sans éclairage,17,17415,1,1,5,7.0,PORT D'ENVAUX RUE DE,45.78397,-0.65219,01:25:00,2024-10-24
202400053957,16:10,Plein jour,31,31187,2,3,7,3.0,29 Avenue des Pins,43.538123,1.215073,16:10:00,2024-01-01
202400053958,13:05,Plein jour,92,92019,2,1,1,2.0,SULLY PRU'DHOMME (AVENUE),48.76781577,2.28906327,13:05:00,2024-06-08
202400053959,15:00,Plein jour,72,72181,2,3,2,3.0,PASTEUR (RUE),48.00407,0.1927,15:00:00,2024-11-27
202400053960,14:50,Plein jour,56,56251,2,1,1,6.0,7 Allée de Noyalo,47.627715,-2.662291,14:50:00,2024-05-03
202400053961,10:54,Plein jour,83,83102,2,1,1,2.0,1533 Avenue du Général de Gaulle,43.65408952,6.14439154,10:54:00,2024-02-13
202400053962,05:30,Nuit sans éclairage,93,93078,1,1,8,2.0,A104,48.96742731,2.51064901,05:30:00,2024-03-24
202400053963,16:30,Plein jour,41,41031,2,1,1,1.0,Rue de la Forêt,47.533757,1.376697,16:30:00,2024-08-15
202400053964,20:30,Plein jour,92,92002,2,1,1,7.0,GENERAL DE GAULLE (PLACE DU),48.76372887,2.30883032,20:30:00,2024-06-08
202400053965,22:30,,94,94018,1,1,1,3.0,A4,48.82050762,2.40183223,22:30:00,2024-09-18
202400053966,08:30,Plein jour,10,10331,1,1,1,6.0,D42,48.0961,4.163,08:30:00,2024-02-02
202400053967,12:30,Plein jour,72,72181,1,1,2,5.0,PATTON GENERAL RTE ST-AUBIN A AV RUBILLA,48.02905,0.18045,12:30:00,2024-07-09
202400053968,14:15,Plein jour,69,69013,1,1,1,1.0,Route Départementale 306,46.01149581,4.72526339,14:15:00,2024-11-12
202400053969,06:15,Plein jour,76,76209,1,1,9,1.0,Route de Forges,49.53046,1.63779,06:15:00,2024-05-03
202400053970,05:40,Nuit sans éclairage,56,56151,1,1,6,1.0,Poulvern,48.006782,-2.90347,05:40:00,2024-01-02
202400053971,05:30,Nuit sans éclairage,93,93066,1,1,1,2.0,A1,48.91936344,2.35754643,05:30:00,2024-03-24
202400053972,04:15,,64,64445,2,1,1,6.0,ALSACE LORRAINE D',43.30175,-0.35816,04:15:00,2024-11-30
202400053973,21:15,,28,28173,1,6,1,1.0,D32,48.469962,1.555587,21:15:00,2024-08-13