Num_Acc,hrmn,lum,dep,com,agg,int,atm,col,adr,lat,long,heure,date
202400053974,16:40,Plein jour,37,37119,2,6,1,3.0,Quai de la Poissonnerie,47.121603,0.425479,16:40:00,2024-06-07
202400053975,08:15,Crépuscule,14,14327,2,3,1,3.0,Avenue de la 3ème Division d'Infanterie Britannique,49.21571,-0.33953,08:15:00,2024-10-24
202400053976,18:00,Plein jour,59,59284,1,9,1,3.0,RTE NATIONALE,50.42598,3.38867,18:00:00,2024-05-25
202400053977,19:45,Plein jour,69,69266,2,3,2,6.0,Rue Lafontaine,45.75997764,4.88072591,19:45:00,2024-07-10
202400053978,19:00,Plein jour,79,79329,1,1,1,1.0,Unknown,46.995841,-0.320588,19:00:00,2024-05-02
202400053979,17:15,Plein jour,21,21459,1,1,1,5.0,D 959,47.427446,5.297495,17:15:00,2024-02-12
202400053980,23:30,Nuit sans éclairage,54,54588,1,1,1,6.0,Vitrimont,48.6003847,6.44452214,23:30:00,2024-06-08
202400053981,21:00,Nuit sans éclairage,93,93027,1,1,2,2.0,A16,48.9352035,2.40328244,21:00:00,2024-03-23
202400053982,08:15,Plein jour,80,80545,1,2,3,2.0,D934,49.793642,2.557304,08:15:00,2024-01-02
202400053983,16:55,Plein jour,974,97413,2,1,1,6.0,Chemin Casimir,-21.195765,55.294124,16:55:00,2024-08-14
202400053984,17:50,,64,64445,2,1,1,6.0,NAVARRE DE,43.29981,-0.35611,17:50:00,2024-11-29
202400053985,07:00,Plein jour,973,97302,2,1,1,3.0,BADUEL (ROUTE DE),4.92891415,-52.2998144,07:00:00,2024-09-18
202400053986,12:30,Plein jour,13,13212,2,1,1,3.0,ENCO DE BOT (ROUTE),43.31441814,5.46699196,12:30:00,2024-10-23
202400053987,15:40,Plein jour,72,72051,1,1,1,6.0,Lieu-dit Le Bordage,47.807178,0.072071,15:40:00,2024-06-08
202400053988,22:05,,69,69264,2,1,2,1.0,Rue Condorcet,45.98317,4.73137,22:05:00,2024-07-10
202400053989,16:30,Plein jour,85,85051,2,1,2,1.0,Rue du lac,46.648231,-1.073542,16:30:00,2024-02-11
202400053990,19:30,Nuit sans éclairage,93,93027,1,1,2,6.0,A16,48.93574,2.40499,19:30:00,2024-03-23
202400053991,17:15,Plein jour,2A,2A092,2,1,1,1.0,Strada d'a Marina,41.7712,9.400477,17:15:00,2024-05-02
202400053992,15:40,Plein jour,64,64445,2,1,1,6.0,BARBANEGRE,43.29613,-0.36537,15:40:00,2024-11-29
202400053993,13:29,Plein jour,10,10333,2,1,1,6.0,Rue de la Croix Blanche,48.27826,4.05215,13:29:00,2024-10-23
202400053994,18:40,Plein jour,14,14454,1,1,1,2.0,A84 ,49.156759,-0.478506,18:40:00,2024-08-15
202400053995,18:05,Plein jour,30,30091,2,1,1,7.0,Unknown,43.773573,4.156619,18:05:00,2024-02-13
202400053996,18:30,Plein jour,69,69388,2,2,1,1.0,Boulevard Pinel,45.72607,4.88693,18:30:00,2024-09-19
202400053997,06:55,Plein jour,67,67180,2,1,1,3.0,COLONEL JEAN DE BENOIST (RUE DU),48.809739,7.792489,06:55:00,2024-07-09
202400053998,12:30,Plein jour,06,06044,2,3,1,3.0,273b Boulevard Honoré Teisseire,43.685494,7.105971,12:30:00,2024-06-09
202400053999,15:40,Plein jour,95,95604,1,1,1,5.0,A1,49.09925677,2.55032881,15:40:00,2024-03-22
202400054000,11:30,Plein jour,56,56067,1,1,1,7.0,rue de neherlann,47.781111,-2.888932,11:30:00,2024-08-15
202400054001,13:35,Plein jour,64,64024,2,2,1,3.0,QUATRE CANTONS (RUE DES),43.48837,-1.52844,13:35:00,2024-11-30
202400054002,17:29,Plein jour,82,82012,1,2,2,3.0,Route de Castelsarrasin,44.073388,1.174496,17:29:00,2024-05-02
202400054003,10:00,Plein jour,69,69388,2,1,1,3.0,Rue Bataille,45.73629,4.87915,10:00:00,2024-09-19
202400054004,08:07,Plein jour,13,13044,2,1,7,1.0,D19,43.601634,5.075635,08:07:00,2024-02-14
202400054005,18:07,Plein jour,10,10387,2,2,1,7.0,Rue des Marots,48.30504,4.05316,18:07:00,2024-10-22
202400054006,05:25,Nuit sans éclairage,54,54150,1,1,8,7.0,Autoroute A 31,48.79261481,6.11969324,05:25:00,2024-01-01
202400054007,13:50,Plein jour,77,77468,1,1,2,2.0,A104,48.85176377,2.66206275,13:50:00,2024-03-26
202400054008,03:50,Nuit sans éclairage,49,49355,1,1,1,2.0,D960,47.102725,-0.763035,03:50:00,2024-06-09
202400054009,22:30,,66,66136,1,1,1,3.0,Unknown,42.70711308,2.90676878,22:30:00,2024-07-10
202400054010,09:00,Plein jour,64,64024,2,3,1,2.0,BARTHES (RUE DES),43.48353,-1.50972,09:00:00,2024-11-30
202400054011,09:25,Plein jour,85,85035,2,1,1,6.0,1 Avenue de verdun,46.627586,-1.857784,09:25:00,2024-02-14
202400054012,15:10,Plein jour,69,69066,1,1,3,6.0,718 Route de Sevelinge,46.097131,4.310246,15:10:00,2024-05-02
202400054013,09:40,Plein jour,69,69388,2,8,1,3.0,Rue Challemel Lacour,45.72933,4.85081,09:40:00,2024-09-19
202400054014,02:27,,33,33249,1,1,1,6.0,Unknown,44.88502,-0.51177,02:27:00,2024-01-01
202400054015,07:15,Plein jour,94,94018,1,1,2,5.0,A4,48.82050762,2.40183223,07:15:00,2024-03-26
202400054016,05:45,Nuit sans éclairage,63,63224,1,1,5,6.0,ST BEAUZIRE (ROUTE DE),45.86324,3.14851,05:45:00,2024-11-30
202400054017,10:30,Plein jour,972,97209,1,1,1,7.0,AUTOROUTE (A1),14.61682,-61.04225,10:30:00,2024-09-19
202400054018,17:30,Plein jour,42,42293,1,1,2,6.0,Route de Bourg de Thizy,46.019526,4.277523,17:30:00,2024-05-02
202400054019,12:35,Plein jour,74,74191,2,3,1,3.0,614 Route d'avoriaz,46.181966,6.712464,12:35:00,2024-06-09
202400054020,22:28,,64,64102,2,1,1,3.0,SOULT (AVENUE MARECHAL),43.48755,-1.48342,22:28:00,2024-07-09
202400054021,18:53,,08,08105,2,1,1,5.0,Unknown,49.756372,4.717501,18:53:00,2024-10-23
202400054022,07:15,Crépuscule,67,67136,1,1,1,2.0,PK 412+900 autoroute A4,48.87457899,7.11973639,07:15:00,2024-02-14
202400054023,11:00,Plein jour,62,62841,2,1,2,6.0,Rue du Renouveau,50.54066794,2.60886276,11:00:00,2024-11-26
202400054024,15:30,Plein jour,80,80633,1,1,7,5.0,D940,50.1991182,1.68895483,15:30:00,2024-08-15
202400054025,18:30,Plein jour,77,77128,1,1,7,6.0,Autoroute A4 - PK 38+500,48.874623,2.8708,18:30:00,2024-06-09
202400054026,10:50,Plein jour,47,47306,2,9,1,3.0,1585 avenue de bordeaux,44.38159,0.532622,10:50:00,2024-05-02
202400054027,17:35,Plein jour,07,07019,2,9,1,6.0,SAINT DIDIER (BOULEVARD),44.61819,4.3935,17:35:00,2024-10-23
202400054028,22:38,,2B,2B120,2,6,1,6.0,11 - RT,42.65412,9.44098,22:38:00,2024-09-19
202400054029,20:40,,974,97411,2,1,1,4.0,JAURES (BOULEVARD JEAN),-20.89576,55.47336,20:40:00,2024-03-24
202400054030,17:30,Crépuscule,91,91689,1,1,1,4.0,AUTOROUTE A6,48.72265,2.31206,17:30:00,2024-01-01
202400054031,13:00,Plein jour,62,62852,1,1,1,7.0,D229,50.93063,2.072339,13:00:00,2024-06-06
202400054032,13:30,Plein jour,31,31254,2,3,1,3.0,L?Occitane,43.548019,1.503764,13:30:00,2024-02-14
202400054033,13:30,Plein jour,62,62193,2,6,1,3.0,Boulevard Curie,50.93902,1.86603,13:30:00,2024-05-30
202400054034,11:55,Plein jour,06,06069,2,1,1,6.0,102 Route de Cannes,43.63929,6.94964,11:55:00,2024-10-24
202400054035,17:25,,61,61006,2,2,1,3.0,D926,48.74975,-0.02168,17:25:00,2024-11-29
202400054036,16:25,Plein jour,41,41258,1,1,1,3.0,A85,47.30058,1.33353,16:25:00,2024-08-14
202400054037,08:55,Plein jour,91,91161,1,1,1,6.0,AUTOROUTE A6,48.701996,2.308259,08:55:00,2024-01-01
202400054038,09:30,Plein jour,68,68365,1,5,1,7.0,D83,48.054469,7.310586,09:30:00,2024-05-02
202400054039,00:01,Nuit sans éclairage,35,35226,1,1,1,6.0,Unknown,48.42388352,-1.88263848,00:01:00,2024-06-09
202400054040,12:00,Plein jour,69,69385,2,4,1,3.0,Rue Docteur Albéric Pont,45.75399,4.79805,12:00:00,2024-03-25
202400054041,07:55,Crépuscule,975,97502,2,1,4,6.0,Route de la Pointe Blanche,46.772665,-56.176668,07:55:00,2024-02-14
202400054042,15:45,Plein jour,06,06029,2,1,1,6.0,17 Rue Jean Jaurès,43.553578,7.023721,15:45:00,2024-10-24
202400054043,17:30,Nuit sans éclairage,59,59599,2,1,1,1.0,Quai du Blanc Seau,50.6948,3.14601,17:30:00,2024-11-29
202400054044,08:47,Plein jour,971,97101,2,1,1,3.0,Frédéric JALTON,16.27847,-61.49881,08:47:00,2024-09-18
202400054045,20:24,Plein jour,56,56121,2,6,2,3.0,Avenue Anatole France,47.746876,-3.366098,20:24:00,2024-07-09
202400054046,09:30,Plein jour,69,69385,2,1,1,6.0,171 Chemin de Choulans,45.75498,4.81628,09:30:00,2024-03-25
202400054047,14:15,Plein jour,69,69108,1,2,1,3.0,Route des Allumeaux,46.171985,4.734206,14:15:00,2024-07-07
202400054048,22:00,Nuit sans éclairage,22,22226,1,1,1,1.0,D88,48.719041,-3.542984,22:00:00,2024-04-11
202400054049,14:50,Plein jour,01,01209,1,4,1,2.0,D1206,46.120213,5.890152,14:50:00,2024-05-20
202400054050,15:40,Plein jour,56,56121,2,1,8,6.0,Rue Bertrand du Guesclin,47.74056,-3.37151,15:40:00,2024-11-30
202400054051,01:20,Nuit sans éclairage,95,95641,1,1,1,5.0,A1,49.07231946,2.55207628,01:20:00,2024-01-01
202400054052,14:45,Plein jour,971,97112,1,1,1,4.0,route des basses,15.870834,-61.285118,14:45:00,2024-02-13
202400054053,21:30,Nuit sans éclairage,32,32296,1,1,1,6.0,D143 - intersection chemin de miran,43.761922,-0.050678,21:30:00,2024-08-14
202400054054,18:10,Plein jour,2B,2B033,2,9,2,6.0,PAOLI DU NR 1 A 20 - BLD,42.69667,9.4481,18:10:00,2024-03-25
202400054055,15:03,Plein jour,22,22228,1,1,1,6.0,Porz An Parc,48.549143,-3.458118,15:03:00,2024-06-08
202400054056,17:55,Plein jour,56,56121,2,3,8,2.0,Rue de Belgique,47.7591,-3.37919,17:55:00,2024-07-09
202400054057,17:05,Plein jour,06,06004,1,1,1,5.0,Route du Bord de Mer,43.61403,7.127867,17:05:00,2024-10-23
202400054058,18:30,,54,54184,2,1,5,6.0,parking,48.70513,6.24401,18:30:00,2024-11-30
202400054059,18:20,Plein jour,25,25018,1,1,2,3.0,D31,47.367228,6.582785,18:20:00,2024-05-02
202400054060,23:00,Nuit sans éclairage,61,61072,1,1,1,6.0,D16 PR59+910,48.948569,0.251641,23:00:00,2024-07-18
202400054061,21:25,,2A,2A004,2,3,1,3.0,NAPOLEON COURS AVANT BEVERINI,41.92813,8.73864,21:25:00,2024-09-19
202400054062,07:27,Plein jour,57,57765,2,1,2,6.0,9 Rue de Carling,49.176501,6.682133,07:27:00,2024-02-14
202400054063,04:30,,971,97113,1,1,1,6.0,BAS DU FORT,16.21941,-61.51667,04:30:00,2024-03-05
202400054064,18:15,Plein jour,06,06022,2,1,1,6.0,277 Route de Bezaudun,43.82366,7.121099,18:15:00,2024-06-07
202400054065,08:17,Plein jour,56,56121,2,6,2,7.0,Rond-point d'Écosse,47.73586,-3.3652,08:17:00,2024-07-09
202400054066,09:00,Plein jour,29,29188,1,2,7,3.0,Route de Saint Nicolas,48.69517848,-3.81106845,09:00:00,2024-05-03
202400054067,18:30,Crépuscule,39,39018,1,1,8,6.0,Unknown,46.352082,5.489044,18:30:00,2024-08-15
202400054068,15:15,Plein jour,971,97101,1,9,1,3.0,PATRICK SAINT ELOI ( AVENUE ),16.25802,-61.51974,15:15:00,2024-03-24
202400054069,11:00,Plein jour,54,54498,1,1,5,4.0,RM 674,48.72189,6.2712,11:00:00,2024-11-30
202400054070,15:40,Plein jour,56,56121,2,1,2,7.0,Rue colonel Jean Muller,47.76335,-3.39432,15:40:00,2024-07-09
202400054071,18:00,Plein jour,26,26004,1,4,1,1.0,D171,44.968927,5.000346,18:00:00,2024-02-14
202400054072,03:40,Nuit sans éclairage,2B,2B320,1,1,1,6.0,D16,42.154019,9.500138,03:40:00,2024-06-09
202400054073,02:10,,59,59279,2,1,3,6.0,Rue de Lille ,50.78282,3.12784,02:10:00,2024-01-01
202400054074,17:25,Plein jour,91,91589,2,2,1,3.0,RUE DE L ORME AU MESSIER,48.68731,2.36638,17:25:00,2024-09-19
202400054075,20:39,Crépuscule,44,44036,1,1,1,6.0,Les Nardais,47.733504,-1.411408,20:39:00,2024-08-14
202400054076,19:20,,75,75113,2,1,1,4.0,BD PERIPHERIQUE INTERIEUR,48.823637,2.382249,19:20:00,2024-10-24
202400054077,13:10,Plein jour,31,31144,1,1,1,3.0,route départementale 125,42.919801,0.64711,13:10:00,2024-05-03
202400054078,19:50,Plein jour,62,62335,1,1,1,6.0,RD 101,50.33399615,2.17897658,19:50:00,2024-06-08
202400054079,09:05,Plein jour,63,63379,1,1,1,6.0,RD985,45.98804433,3.13277953,09:05:00,2024-01-01
202400054080,01:05,Nuit sans éclairage,79,79049,2,1,2,7.0,Unknown,46.844308,-0.487238,01:05:00,2024-02-14
202400054081,03:55,,2A,2A004,2,3,1,3.0,#181 Residence les Dauphins#,41.93374605,8.75379682,03:55:00,2024-01-27
202400054082,18:40,Plein jour,54,54300,1,1,7,1.0,Route de Bayon,48.63756903,6.25412822,18:40:00,2024-07-09
202400054083,08:35,Plein jour,89,89387,2,9,1,3.0,DROITS DE L'HOMME (ROND POINT),48.20378,3.30954,08:35:00,2024-09-19
202400054084,15:25,Plein jour,53,53034,2,6,1,3.0,RD 32 VERS LAVAL,48.07302756,-0.73006511,15:25:00,2024-11-29
202400054085,18:30,Plein jour,29,29293,2,4,1,7.0,Hent Beg Enez,47.852184,-3.887373,18:30:00,2024-07-14
202400054086,05:40,Nuit sans éclairage,33,33424,1,1,2,6.0,Unknown,45.136191,-0.83657,05:40:00,2024-01-01
202400054087,11:20,Plein jour,75,75116,2,1,1,2.0,BD PERIPHERIQUE EXTERIEUR,48.875228,2.276512,11:20:00,2024-10-24
202400054088,14:24,Plein jour,31,31403,1,1,2,6.0,D17 - Route de Grisolles,43.788895,1.299133,14:24:00,2024-05-01
202400054089,12:10,Plein jour,67,67281,1,1,1,3.0,écluse,48.150312,7.590914,12:10:00,2024-06-09
202400054090,02:59,Nuit avec éclairage,91,91161,1,1,2,6.0,RTE DE WISSOUS,48.715262,2.309809,02:59:00,2024-03-24
202400054091,16:10,Plein jour,62,62899,2,1,1,2.0,D940,50.88452791,1.66592097,16:10:00,2024-02-12
202400054092,14:00,Plein jour,54,54395,2,2,1,3.0,Avenue de Boufflers,48.69166,6.15014,14:00:00,2024-07-09
202400054093,20:11,Plein jour,85,85194,2,2,1,3.0,RD80,46.55115,-1.8064,20:11:00,2024-09-15
202400054094,01:00,,49,49007,2,2,1,1.0,JEAN XXIII AVENUE,47.45031,-0.56773,01:00:00,2024-12-01
202400054095,12:10,Plein jour,75,75114,2,1,1,6.0,RUE BROUSSAIS,48.827969,2.336629,12:10:00,2024-10-23
202400054096,00:50,Nuit sans éclairage,79,79013,1,1,1,6.0,Unknown,46.935971,-0.350683,00:50:00,2024-06-09
202400054097,10:36,Plein jour,01,01245,1,1,1,3.0,D979 - Lieu-Dit Moinans,46.164003,5.368991,10:36:00,2024-05-03
202400054098,17:15,Plein jour,29,29117,1,2,1,3.0,Lieu Dit Kerveur,48.56157,-4.513181,17:15:00,2024-07-16
202400054099,06:00,,68,68266,2,1,2,6.0,1 Rue de Munchhouse,47.896925,7.357211,06:00:00,2024-01-01
202400054100,18:39,Plein jour,54,54263,2,1,1,6.0,Avenue de la République,49.218069,5.999937,18:39:00,2024-07-10
202400054101,06:15,Crépuscule,91,91114,2,2,1,3.0,AV DES TILLEULS,48.68203,2.50016,06:15:00,2024-03-24
202400054102,00:30,Nuit sans éclairage,2B,2B233,1,9,1,6.0,D180/D80,42.909518,9.35326,00:30:00,2024-06-09
202400054103,18:37,Plein jour,84,84087,2,1,1,6.0,LYON (ROUTE DE),44.16117,4.79039,18:37:00,2024-09-19
202400054104,18:40,,49,49007,2,1,1,6.0,VAL DE MAINE,47.473,-0.5522,18:40:00,2024-11-30
202400054105,09:05,Plein jour,59,59419,1,2,2,3.0,D93,50.524911,3.252178,09:05:00,2024-02-14
202400054106,08:30,Plein jour,29,29028,2,1,1,7.0,Rue de Langroas,48.04592756,-4.63844908,08:30:00,2024-08-14
202400054107,19:50,,75,75116,2,1,1,1.0,VOIE GEORGES POMPIDOU,48.852601,2.281184,19:50:00,2024-10-23
202400054108,14:00,Plein jour,51,51454,1,1,1,7.0,COLONEL PIERRE CLOSTERMANN (RUE DU),49.25035,4.08777,14:00:00,2024-07-10
202400054109,08:20,Plein jour,38,38104,2,1,1,6.0,25 Route Alphonse Belmont,45.58050087,5.58276522,08:20:00,2024-01-01
202400054110,06:30,Crépuscule,31,31412,1,1,8,6.0,D632,43.341113,0.705796,06:30:00,2024-08-15
202400054111,07:25,Plein jour,85,85084,1,3,2,3.0,D160,46.780573,-1.211929,07:25:00,2024-05-03
202400054112,19:30,Plein jour,82,82005,2,1,1,3.0,Route de Toulouse,43.799915,1.220217,19:30:00,2024-06-08
202400054113,12:45,Plein jour,88,88160,2,3,1,3.0,PERROUT (RUE RENE-),48.17653,6.43844,12:45:00,2024-03-21
202400054114,23:00,Nuit sans éclairage,47,47323,1,1,1,6.0,GOURIE,44.4069,0.75196,23:00:00,2024-07-08
202400054115,21:30,,84,84035,2,2,1,3.0,SARNETTE (AVENUE ABEL),43.8372,5.04226,21:30:00,2024-09-19
202400054116,13:15,Plein jour,49,49007,2,1,8,3.0,LECOMBRE,47.46202,-0.51984,13:15:00,2024-11-30
202400054117,04:00,Nuit sans éclairage,15,15016,1,1,2,6.0,RD 53,44.974527,2.31526,04:00:00,2024-01-01
202400054118,12:40,Plein jour,13,13211,1,1,1,3.0,A50-Sens Aubagne vers Marseille,43.293761,5.471644,12:40:00,2024-02-12
202400054119,17:05,Plein jour,75,75106,2,2,1,3.0,BOULEVARD DU MONTPARNASSE,48.84551844,2.31915325,17:05:00,2024-10-24
202400054120,01:50,Nuit avec éclairage,38,38303,1,1,8,6.0,D523,45.293032,5.943301,01:50:00,2024-08-15
202400054121,06:10,Plein jour,45,45338,1,1,1,6.0,RD 2060,47.970222,2.722257,06:10:00,2024-07-10
202400054122,13:25,Plein jour,87,87085,1,1,1,2.0,FRAUD (RUE DU),45.8536,1.21258,13:25:00,2024-03-22
202400054123,17:15,Plein jour,26,26326,1,3,1,3.0,D59,44.341645,4.790404,17:15:00,2024-05-03
202400054124,13:30,Plein jour,84,84035,1,1,1,1.0,BANON (ROUTE DE),43.88451,4.98673,13:30:00,2024-09-19
202400054125,04:10,Nuit sans éclairage,24,24375,1,1,2,7.0,D46,44.731004,1.270466,04:10:00,2024-01-01
202400054126,13:20,Plein jour,47,47031,1,1,1,2.0,LAMOTHE MAGNAC (ZI),44.15543565,0.65641391,13:20:00,2024-11-30
202400054127,16:50,Plein jour,65,65363,1,3,1,3.0,3 Chemin de Tirebi,43.118391,0.428102,16:50:00,2024-06-09
202400054128,08:10,Plein jour,83,83137,1,1,1,3.0,A50,43.12476769,5.90137449,08:10:00,2024-02-12
202400054129,21:00,Nuit sans éclairage,66,66193,1,1,1,6.0,Unknown,42.573167,2.338361,21:00:00,2024-05-02
202400054130,04:53,,75,75106,2,2,1,3.0,RUE DE RENNES,48.848034,2.327882,04:53:00,2024-10-23
202400054131,04:43,Nuit sans éclairage,86,86194,2,1,1,6.0,Rue Jean Richard Bloch,46.569172,0.3457246,04:43:00,2024-03-24
202400054132,17:30,Plein jour,66,66149,1,4,1,1.0,chemin de los masos,42.617381,2.446132,17:30:00,2024-08-15
202400054133,21:10,Crépuscule,71,71330,1,1,2,6.0,Étang de Vesvre,46.593017,3.936362,21:10:00,2024-06-08
202400054134,04:40,Nuit sans éclairage,34,34337,2,6,1,6.0,M612,43.551884,3.836734,04:40:00,2024-01-01
202400054135,11:35,Plein jour,45,45234,2,1,8,4.0,Rue Croix Baudu,47.92176,1.89033,11:35:00,2024-11-30
202400054136,08:25,Plein jour,84,84035,2,3,1,3.0,CHATAIGNIERS (ALLEE DES),43.82508,5.04083,08:25:00,2024-09-19
202400054137,23:10,,42,42207,2,9,1,5.0,Route de Lyon,45.47887,4.52571,23:10:00,2024-07-09
202400054138,08:30,Plein jour,06,06079,2,1,1,3.0,570 Avenue Gaston de Fontmichel,43.54064,6.947148,08:30:00,2024-04-30
202400054139,13:10,Plein jour,54,54072,2,1,1,7.0,le Pont de Mons,48.84631157,6.095379,13:10:00,2024-08-13
202400054140,17:36,Plein jour,85,85194,1,1,1,3.0,Avenue de talmont,46.4832,-1.72328,17:36:00,2024-03-24
202400054141,05:15,,973,97311,2,1,1,6.0,Avenue Paul Castaing,5.487587,-54.018209,05:15:00,2024-01-01
202400054142,09:55,Plein jour,75,75119,2,3,1,2.0,BOULEVARD DE LA VILLETTE,48.874383,2.374529,09:55:00,2024-10-24
202400054143,06:30,,34,34172,2,1,1,6.0,LIBERTE (AVENUE DE LA,43.60947,3.83828,06:30:00,2024-11-30
202400054144,12:10,Plein jour,84,84035,2,1,1,2.0,LIBERATION (AVENUE DE LA),43.84804,5.03882,12:10:00,2024-09-18
202400054145,12:45,Plein jour,72,72386,2,1,1,3.0,D314,48.001054,0.244773,12:45:00,2024-08-15
202400054146,15:15,Plein jour,71,71162,1,1,8,1.0,D973,46.976234,4.378889,15:15:00,2024-06-08
202400054147,06:00,Crépuscule,977,97701,2,3,1,3.0,R LUBIN BRIN,17.896115,-62.847912,06:00:00,2024-01-01
202400054148,13:10,Plein jour,60,60319,2,3,2,1.0,Route de Gisors,49.354993,1.942177,13:10:00,2024-05-02
202400054149,17:30,Plein jour,77,77373,2,3,7,3.0,RUE DES PRES SAINT MARTIN,48.7804,2.613251,17:30:00,2024-03-21
202400054150,17:00,Crépuscule,33,33318,2,1,1,6.0,Unknown,44.7955,-0.6678,17:00:00,2024-11-29
202400054151,14:00,Plein jour,06,06020,1,1,1,6.0,5361 Route du Col de Turini,43.977669,7.370818,14:00:00,2024-08-13
202400054152,08:30,Plein jour,75,75119,2,3,1,2.0,RUE D AUBERVILLIERS,48.886377,2.366636,08:30:00,2024-10-24
202400054153,10:02,Plein jour,77,77495,1,1,1,6.0,D.306,48.57355,2.61982,10:02:00,2024-03-25
202400054154,08:00,Plein jour,53,53147,2,1,1,2.0,Rue Du Guesclin,48.308193,-0.624526,08:00:00,2024-05-03
202400054155,07:45,Plein jour,89,89126,1,2,1,3.0,D63,48.122316,3.103294,07:45:00,2024-05-30
202400054156,06:05,Crépuscule,37,37261,2,2,1,3.0,TONNELLE (BOULEVARD),47.38369,0.66827,06:05:00,2024-07-10
202400054157,09:50,Plein jour,14,14399,1,1,1,3.0,D579,49.259176,0.217918,09:50:00,2024-08-14
202400054158,14:40,Plein jour,31,31069,1,1,1,2.0,A621,43.62282,1.39046,14:40:00,2024-11-30
202400054159,07:50,Plein jour,83,83062,1,3,1,5.0,AUGIAS (AVENUE EUGENE),43.13962,6.03836,07:50:00,2024-09-19
202400054160,17:45,Plein jour,75,75117,2,7,1,3.0,PLACE CHARLES DE GAULLE,48.87438,2.294794,17:45:00,2024-10-24
202400054161,01:30,Nuit sans éclairage,37,37195,2,1,1,6.0,RD 37,47.38126933,0.65004659,01:30:00,2024-07-10
202400054162,15:00,Plein jour,63,63236,1,1,1,7.0,D996,45.594522,2.833314,15:00:00,2024-06-08
202400054163,12:45,Plein jour,77,77284,2,1,1,6.0,ROOSEVELT (AV.DU PDT),48.95701,2.8996,12:45:00,2024-03-25
202400054164,17:00,Plein jour,05,05056,1,9,1,7.0,Route du Col de Manse,44.632658,6.130071,17:00:00,2024-08-14
202400054165,15:00,Plein jour,05,05065,1,1,1,5.0,N94,44.663189,6.609714,15:00:00,2024-01-01
202400054166,11:00,Plein jour,81,81004,2,1,1,6.0,213 Rue du Roc,43.9201767,2.16196574,11:00:00,2024-09-19
202400054167,19:30,Plein jour,27,27056,2,2,1,3.0,Boulevard de Normandie,49.091541,0.603685,19:30:00,2024-05-02
202400054168,06:10,Nuit avec éclairage,31,31555,2,1,1,1.0,CHE DES CANALETS,43.56535,1.441481,06:10:00,2024-11-30
202400054169,20:15,Plein jour,63,63262,2,6,1,6.0,Voie Romaine,45.704434,3.165267,20:15:00,2024-06-07
202400054170,07:40,Plein jour,76,76351,2,1,1,6.0,RD 6382,49.52572,0.15706,07:40:00,2024-03-23
202400054171,09:30,Plein jour,75,75115,2,3,1,3.0,AVENUE EMILE ZOLA,48.847072,2.295813,09:30:00,2024-10-24
202400054172,11:00,Plein jour,50,50272,2,1,1,2.0,rue de la libération,48.966463,-1.536192,11:00:00,2024-08-15
202400054173,07:50,,29,29232,2,1,1,6.0,Avenue Yves Thepot,47.988373,-4.088107,07:50:00,2024-11-29
202400054174,09:20,Plein jour,35,35238,2,2,1,3.0,LERAY (ADOLPHE),48.0959,-1.66147,09:20:00,2024-07-10
202400054175,13:00,Plein jour,81,81004,2,6,1,3.0,Route de Cordes,43.94252,2.1359,13:00:00,2024-09-19
202400054176,09:45,Plein jour,27,27112,1,5,1,3.0,Chemin des Eudes,48.865728,0.901941,09:45:00,2024-04-12
202400054177,20:00,,38,38087,2,1,1,1.0,Rue Pasteur,45.58447166,4.79128865,20:00:00,2024-01-01
202400054178,21:00,,75,75115,2,2,1,6.0,RUE DES MORILLONS,48.834488,2.295694,21:00:00,2024-10-23
202400054179,23:55,,76,76447,2,1,1,3.0,MARECHAL FOCH,49.53963,0.18689,23:55:00,2024-03-22
202400054180,03:18,Nuit avec éclairage,50,50604,1,4,1,6.0,La Belhacherie,49.527482,-1.796941,03:18:00,2024-08-15
202400054181,21:00,,80,80021,2,1,1,7.0,Rue d'Abbeville,49.91039,2.2575,21:00:00,2024-09-19
202400054182,15:40,Plein jour,34,34108,2,1,1,2.0,MAL JUIN (RUE DU),43.43279,3.7348,15:40:00,2024-07-10
202400054183,05:30,Nuit sans éclairage,37,37250,1,1,1,7.0,L?Ocliniere,47.19995613,0.66613238,05:30:00,2024-05-01
202400054184,22:30,,14,14118,2,2,1,3.0,36 Rue de la Haie Vigné,49.17871,-0.38513,22:30:00,2024-11-30
202400054185,19:30,Crépuscule,55,55039,1,1,1,7.0,D905,49.259291,5.400124,19:30:00,2024-06-08
202400054186,01:10,Nuit sans éclairage,81,81032,1,1,1,6.0,RD46 - PK 006.800,43.52435291,2.02888727,01:10:00,2024-01-01
202400054187,13:45,Plein jour,75,75114,2,3,1,2.0,AVENUE DU GENERAL LECLERC,48.83179919,2.33037633,13:45:00,2024-10-24
202400054188,19:00,Plein jour,80,80021,2,1,1,3.0,PICASSO (RUE),49.91775,2.29981,19:00:00,2024-09-19
202400054189,18:50,Plein jour,34,34172,2,1,1,7.0,LODEVE (AVENUE DE,43.61214,3.84584,18:50:00,2024-07-10
202400054190,12:10,Plein jour,13,13212,2,1,1,2.0,PIERRE BERANGER (RUE),43.31144873,5.44550225,12:10:00,2024-11-30