Num_Acc,hrmn,lum,dep,com,agg,int,atm,col,adr,lat,long,heure,date
202400054191,09:50,Plein jour,30,30339,1,1,2,1.0,D986,44.045536,3.686358,09:50:00,2024-04-30
202400054192,08:30,Plein jour,74,74012,2,1,1,2.0,ZOLA (RUE EMILE),46.19736,6.23376,08:30:00,2024-03-25
202400054193,12:15,Plein jour,39,39470,2,1,1,2.0,1405 Route Blanche,46.477357,6.064868,12:15:00,2024-06-09
202400054194,15:30,Plein jour,19,19146,2,9,2,3.0,Rue de la Croix du Tilleul,45.311813,1.771921,15:30:00,2024-01-01
202400054195,12:10,Plein jour,50,50260,1,1,1,3.0,Route du Moulin - Bellefontaine,48.68828,-0.982504,12:10:00,2024-08-15
202400054196,20:00,,75,75114,2,1,1,6.0,BOULEVARD ADOLPHE PINARD,48.824091,2.306259,20:00:00,2024-10-23
202400054197,10:25,Plein jour,80,80021,2,1,1,7.0,Avenue du 14 Juillet 1789,49.875647,2.281808,10:25:00,2024-09-18
202400054198,15:50,Plein jour,13,13208,2,1,1,6.0,LOUIS REGE (RUE),43.28107697,5.38960851,15:50:00,2024-11-29
202400054199,17:20,Plein jour,34,34172,2,1,1,6.0,MAGUELONE (RUE DE),43.60655,3.879947,17:20:00,2024-07-10
202400054200,13:30,Plein jour,48,48045,1,1,1,6.0,Route Nationale 88 PK 17,44.649559,3.731843,13:30:00,2024-05-03
202400054201,08:34,Plein jour,72,72181,2,1,1,6.0,FONTAINES (CHEMIN DES),48.00594,0.17206,08:34:00,2024-03-25
202400054202,22:15,Nuit sans éclairage,64,64087,1,1,8,6.0,D 817,43.510137,-0.838984,22:15:00,2024-08-14
202400054203,20:30,Plein jour,44,44163,1,1,1,7.0,4 la Petite Croix,47.402532,-1.113524,20:30:00,2024-06-03
202400054204,09:48,Plein jour,10,10060,1,1,1,7.0,ROCADE SUD (RD 610),48.26025,4.09601,09:48:00,2024-11-29
202400054205,18:15,Plein jour,78,78440,2,1,1,1.0,PAUL RAOULT (AVENUE),48.99084,1.91365,18:15:00,2024-09-19
202400054206,09:30,Plein jour,75,75114,2,1,1,3.0,AVENUE DU GENERAL LECLERC,48.825561,2.326167,09:30:00,2024-10-22
202400054207,21:35,Nuit sans éclairage,64,64099,1,1,1,7.0,Rue du Hameau,43.354094,-0.746647,21:35:00,2024-08-11
202400054208,12:30,Plein jour,27,27136,1,1,1,1.0,N13,49.016855,1.466584,12:30:00,2024-01-01
202400054209,08:15,Plein jour,34,34032,1,2,1,3.0,RD.11,43.33479,3.16993,08:15:00,2024-07-08
202400054210,17:00,Plein jour,72,72181,1,9,2,4.0,SUD EST DEVIATION  RT TOURS A RT PARIGNE,47.96242,0.2225,17:00:00,2024-03-23
202400054211,12:25,Plein jour,18,18279,1,1,1,1.0,Unknown,47.240958,2.042255,12:25:00,2024-05-03
202400054212,17:30,Plein jour,78,78440,2,1,1,6.0,BOUGIMONTS (RUE DES),48.986258,1.914593,17:30:00,2024-09-19
202400054213,03:00,,21,21210,2,1,1,6.0,40 rue saint léger,47.260709,4.578853,03:00:00,2024-08-15
202400054214,08:30,Plein jour,35,35010,1,4,1,1.0,Quercourt,48.557995,-1.721662,08:30:00,2024-06-08
202400054215,17:20,,08,08497,2,9,1,1.0,40 Boulevard Lucien Pierquin,49.778675,4.694741,17:20:00,2024-11-29
202400054216,03:50,Nuit sans éclairage,34,34003,2,1,1,6.0,BUTTE (F18 A G18,43.29204,3.51484,03:50:00,2024-07-10
202400054217,13:30,Plein jour,75,75114,2,1,1,1.0,RUE DE LA SANTE,48.833881,2.341392,13:30:00,2024-10-24
202400054218,14:00,Plein jour,04,04176,2,1,1,7.0,route du lac,43.761072,6.156571,14:00:00,2024-07-28
202400054219,07:45,Plein jour,78,78440,2,1,1,6.0,HENRI DUNANT (RUE),48.99349,1.91151,07:45:00,2024-09-19
202400054220,06:15,Crépuscule,29,29162,1,1,1,6.0,Balaneg,48.24917809,-3.96607892,06:15:00,2024-06-09
202400054221,12:39,Plein jour,06,06104,1,1,1,2.0,"A8 PK 214+000, chaussée Nord",43.761541,7.446893,12:39:00,2024-01-08
202400054222,08:20,Plein jour,64,64445,1,1,1,4.0,OLOF PALME,43.335,-0.36095,08:20:00,2024-03-25
202400054223,18:20,Plein jour,75,75107,2,1,1,6.0,QUAI BRANLY,48.859002,2.293439,18:20:00,2024-10-23
202400054224,19:40,Nuit sans éclairage,07,07019,2,3,1,6.0,CROIX D'OLLIER (CHEMIN),44.622,4.38388,19:40:00,2024-11-20
202400054225,10:00,Plein jour,33,33281,1,9,1,6.0,Unknown,44.82697,-0.67858,10:00:00,2024-07-10
202400054226,05:00,Crépuscule,29,29081,2,1,1,6.0,Rue des Cieux,48.36242543,-3.74730502,05:00:00,2024-06-09
202400054227,11:15,Plein jour,37,37273,1,6,1,3.0,D142,47.394106,0.788229,11:15:00,2024-08-14
202400054228,17:40,Plein jour,974,97418,2,1,1,7.0,93 Rue de la Grande Montée,-20.919843,55.519484,17:40:00,2024-05-03
202400054229,07:30,Crépuscule,78,78688,2,2,1,2.0,René CAUDRON,48.76104,2.06039,07:30:00,2024-09-19
202400054230,17:35,Plein jour,75,75102,2,2,1,6.0,RUE REAUMUR,48.86816258,2.34360024,17:35:00,2024-10-24
202400054231,22:23,,64,64122,2,1,3,3.0,ROND POINT DE L EUROPE,43.48085,-1.5412,22:23:00,2024-03-25
202400054232,16:20,Plein jour,06,06088,2,1,1,2.0,Voie Pierre Matis,43.6808944,7.228509,16:20:00,2024-11-29
202400054233,03:15,,33,33063,2,1,1,6.0,Unknown,44.8658,-0.56087,03:15:00,2024-07-10
202400054234,18:55,Plein jour,29,29173,1,3,1,7.0,Route de Kervastal,47.998096,-4.16707,18:55:00,2024-06-08
202400054235,17:10,Plein jour,91,91045,2,1,1,6.0,29 Rue de la Papeterie,48.52744,2.373998,17:10:00,2024-08-14
202400054236,09:15,Plein jour,78,78498,2,9,1,6.0,CASTILLE AV BLANCHE DE,48.922907,2.028163,09:15:00,2024-09-19
202400054237,11:58,Plein jour,83,83008,1,1,1,6.0,D4,43.52510279,6.72207904,11:58:00,2024-04-30
202400054238,22:01,,32,32013,2,3,1,7.0,PYRENEES (AVENUE DES),43.63744176,0.58396339,22:01:00,2024-07-10
202400054239,14:05,Plein jour,59,59599,2,2,1,3.0,ANVERS (RUE D'),50.719601,3.147363,14:05:00,2024-03-25
202400054240,08:38,Plein jour,70,70467,1,1,7,7.0,D417,47.895031,6.259533,08:38:00,2024-06-09
202400054241,20:40,,94,94046,2,1,1,4.0,Avenue du Général Leclerc,48.80639,2.43986,20:40:00,2024-10-24
202400054242,18:00,Nuit sans éclairage,06,06069,1,1,1,2.0,Sortie pénétrante Grasse Sud,43.63004,6.94732,18:00:00,2024-11-30
202400054243,09:31,Plein jour,77,77284,2,1,1,6.0,COMTES DE CHAMPAGNE (AV. DES),48.95576,2.91477,09:31:00,2024-09-19
202400054244,10:02,Plein jour,05,05001,1,1,1,6.0,RD 947 - PR 15+000,44.782307,6.939261,10:02:00,2024-05-03
202400054245,09:29,Plein jour,31,31555,2,1,1,6.0,PL DES PRADETTES,43.58183514,1.38813704,09:29:00,2024-07-10
202400054246,16:00,Plein jour,59,59113,2,1,1,2.0,ANICHE (RUE D'),50.34546,3.25674,16:00:00,2024-03-24
202400054247,08:30,Plein jour,77,77243,2,1,1,6.0,CHARPENTIER (BOULEVARD),48.8754,2.70262,08:30:00,2024-09-19
202400054248,09:00,Plein jour,70,70429,2,1,1,1.0,D10,47.667893,6.164159,09:00:00,2024-06-08
202400054249,19:07,,04,04112,2,1,1,1.0,EN DESSOUS (RUE D'),43.82906,5.78911,19:07:00,2024-11-29
202400054250,22:45,Nuit sans éclairage,72,72096,1,1,1,5.0,A81 - PK 184,48.03547151,0.02098947,22:45:00,2024-08-14
202400054251,09:25,Plein jour,94,94003,2,1,1,4.0,Avenue Aristide Briand,48.8041637,2.32506189,09:25:00,2024-10-23
202400054252,05:35,,29,29232,2,2,1,3.0,Boulevard Amiral de Kerguelen,47.995258,-4.100227,05:35:00,2024-07-06
202400054253,14:30,Plein jour,73,73065,2,7,1,6.0,Rue du Boigne,45.56604263,5.92167673,14:30:00,2024-09-19
202400054254,18:00,Plein jour,51,51454,2,3,1,3.0,ROUX (BOULEVARD DU DOCTEUR),49.23503,4.02506,18:00:00,2024-03-25
202400054255,11:15,Plein jour,94,94001,2,3,7,6.0,Rue Bir Hakeim,48.727561,2.418739,11:15:00,2024-10-24
202400054256,08:45,Plein jour,73,73304,1,1,1,3.0,D902 Route du Fornet,45.447912,7.024083,08:45:00,2024-08-15
202400054257,10:00,Plein jour,04,04112,1,1,1,7.0,D907,43.84171,5.74719,10:00:00,2024-11-29
202400054258,20:50,Plein jour,29,29232,1,1,2,7.0,Route de Locronan,48.01323745,-4.1269024,20:50:00,2024-07-05
202400054259,14:55,Plein jour,26,26124,1,1,1,5.0,Autoroute A7 sens sud nord PK 081.000,44.83805906,4.86305952,14:55:00,2024-05-03
202400054260,16:45,Plein jour,72,72003,1,1,1,3.0,CHATELET (RUE DU),47.94801,0.14267,16:45:00,2024-09-18
202400054261,08:15,Crépuscule,94,94048,2,1,1,3.0,Avenue de Grosbois,48.72893,2.54019,08:15:00,2024-10-24
202400054262,12:11,Plein jour,51,51454,2,1,1,3.0,JUIN (AVENUE DU MARECHAL),49.223559,4.017875,12:11:00,2024-03-25
202400054263,09:15,Plein jour,45,45094,1,1,1,7.0,A6 PR 92 + 489,48.14987,2.901532,09:15:00,2024-08-15
202400054264,11:50,Plein jour,26,26178,1,1,1,1.0,Route de la Garenne,44.68200923,5.44666529,11:50:00,2024-06-08
202400054265,13:25,Plein jour,27,27229,1,1,3,7.0,ALLENDE (BOULEVARD DU PRESIDENT),49.00433,1.147583,13:25:00,2024-07-09
202400054266,11:54,Plein jour,01,01031,2,2,1,3.0,Avenue Victor Hugo,46.2497,5.63797,11:54:00,2024-11-29
202400054267,22:15,,72,72181,2,2,1,2.0,ESTIENNE D'ORVES (BD D'),47.98414,0.18591,22:15:00,2024-09-18
202400054268,16:00,Plein jour,58,58212,2,1,2,6.0,D977,47.12621,3.240066,16:00:00,2024-06-09
202400054269,12:20,Plein jour,14,14366,2,1,2,6.0,1 Avenue du Président René Coty,49.14236,0.24086,12:20:00,2024-07-09
202400054270,22:23,,93,93066,2,4,1,2.0,LENINE (AVENUE) NR 28 A 62 ET 13 A 41,48.94526,2.36,22:23:00,2024-10-23
202400054271,08:30,Plein jour,51,51454,2,3,1,3.0,JAURES (AVENUE JEAN) DU N° 74 A FIN (PAI,49.260024,4.046582,08:30:00,2024-03-25
202400054272,06:25,Crépuscule,68,68294,2,3,1,3.0,17 Rue Maurice Burrus,48.263081,7.228065,06:25:00,2024-05-02
202400054273,00:10,,83,83065,2,1,1,3.0,Route Departementale 98a,43.264113,6.621902,00:10:00,2024-08-15
202400054274,16:00,Plein jour,68,68224,2,1,1,3.0,Rue de la Mertzau,47.76116,7.33482,16:00:00,2024-09-18
202400054275,17:55,,75,75116,2,1,1,2.0,BD PERIPHERIQUE INTERIEUR,48.846575,2.254875,17:55:00,2024-11-30
202400054276,00:20,Nuit sans éclairage,13,13026,1,1,1,4.0,route départementale 568,43.39173,5.15754,00:20:00,2024-07-11
202400054277,09:00,Plein jour,54,54399,1,1,1,7.0,RD 570 ,48.49471775,6.28852487,09:00:00,2024-06-09
202400054278,11:55,Plein jour,93,93062,2,2,1,3.0,PASTEUR (ALLEE),48.89838412,2.51754438,11:55:00,2024-10-24
202400054279,10:00,Plein jour,50,50129,2,1,1,3.0,CURIE (RUE PIERRE ET MARIE),49.60893,-1.60384,10:00:00,2024-03-23
202400054280,11:20,Plein jour,67,67482,2,1,1,2.0,BASSIN DE L ILL (QUAI DU),48.59623,7.77191,11:20:00,2024-09-18
202400054281,13:55,Plein jour,89,89102,2,2,1,6.0,346 Lieu Dit la Piffourne,47.752626,3.465409,13:55:00,2024-08-15
202400054282,20:00,Crépuscule,57,57254,1,1,1,7.0,D6b,49.053912,6.016275,20:00:00,2024-05-01
202400054283,20:48,,75,75117,2,2,1,3.0,AVENUE DE LA GRANDE ARMEE,48.877343,2.284003,20:48:00,2024-11-29
202400054284,12:14,Plein jour,49,49015,1,1,1,7.0,CHAMP DES MARTYRS CHEMIN DU,47.49067,-0.58148,12:14:00,2024-03-23
202400054285,06:20,Nuit sans éclairage,06,06120,1,1,1,7.0,Mourrefret,44.212372,6.974237,06:20:00,2024-06-09
202400054286,08:30,Plein jour,13,13026,2,6,1,3.0,MARECHAL LECLERC (avenue du),43.38051644,5.17388571,08:30:00,2024-02-17
202400054287,15:30,Plein jour,93,93051,2,8,1,2.0,HAUTS CHATEAUX,48.8429,2.57851,15:30:00,2024-10-23
202400054288,11:00,Plein jour,06,06136,1,1,1,6.0,Route de Breil,43.88338,7.468187,11:00:00,2024-06-09
202400054289,22:30,,42,42097,1,6,2,6.0,D498,45.520058,4.289598,22:30:00,2024-05-02
202400054290,12:17,Plein jour,67,67482,2,1,1,6.0,FAUBOURG DE PIERRE (RUE DU),48.58963,7.74508,12:17:00,2024-09-18
202400054291,02:08,,75,75106,2,3,1,7.0,QUAI DE CONTI,48.856402,2.339869,02:08:00,2024-11-29
202400054292,12:46,Plein jour,47,47001,2,1,1,3.0,JAURES (AV. JEAN),44.20318,0.62887,12:46:00,2024-03-25
202400054293,18:05,Plein jour,57,57160,1,1,1,3.0,N33,49.221006,6.719663,18:05:00,2024-08-14
202400054294,23:45,,13,13075,2,6,1,3.0,LIBERATION (AVE DE LA),43.34379485,5.45875282,23:45:00,2024-07-10
202400054295,10:45,Plein jour,64,64122,2,1,1,6.0,CARNOT (AV),43.47938,-1.56303,10:45:00,2024-09-19
202400054296,18:15,Plein jour,93,93050,2,1,1,3.0,MARECHAL LECLERCQ (AVENUE) COTE IMPAIR,48.86001,2.53846,18:15:00,2024-10-23
202400054297,18:53,Nuit sans éclairage,63,63284,2,1,2,7.0,2 AVENUE DE L EUROPE,45.793928,3.226376,18:53:00,2024-08-13
202400054298,12:36,Plein jour,38,38475,1,1,1,6.0,Route de Montsolongre,45.701654,5.122848,12:36:00,2024-05-03
202400054299,13:20,Plein jour,44,44184,2,1,1,2.0,59 Boulevard de la Liberté,47.29602,-2.19662,13:20:00,2024-03-25
202400054300,17:30,,75,75106,2,1,1,2.0,RUE DES SAINTS PERES,48.853861,2.33008,17:30:00,2024-11-30
202400054301,21:30,Crépuscule,13,13208,2,1,1,2.0,PRADO (AVENUE DU),43.27085609,5.38866886,21:30:00,2024-07-10
202400054302,15:30,Plein jour,14,14342,2,2,1,2.0,56bis Rue de Cherbourg,49.314793,-1.107023,15:30:00,2024-06-08
202400054303,12:00,Plein jour,73,73034,1,1,1,2.0,D925,45.693915,6.65695,12:00:00,2024-08-15
202400054304,21:20,,93,93046,2,9,1,1.0,LEON LUM AVENUE,48.90935362,2.5303491,21:20:00,2024-10-24
202400054305,17:40,Plein jour,64,64122,2,1,1,2.0,BAB(BOULEVARD),43.4685,-1.5424,17:40:00,2024-09-18
202400054306,12:35,Plein jour,44,44184,2,2,1,3.0,52 Rue du Maine,47.27758,-2.21096,12:35:00,2024-03-24
202400054307,07:30,,75,75120,2,4,1,3.0,AVENUE DU DOCTEUR GLEY,48.877181,2.410184,07:30:00,2024-11-30
202400054308,03:30,Nuit sans éclairage,05,05037,1,1,1,7.0,RN85 PR47+950,44.47912577,6.03531555,03:30:00,2024-06-09
202400054309,17:30,Plein jour,31,31291,1,1,1,5.0,Chemin de Mader,43.577059,1.228626,17:30:00,2024-05-02
202400054310,15:13,Plein jour,69,69179,1,1,1,7.0,Route Départementale 34,45.59928941,4.70457463,15:13:00,2024-08-14
202400054311,23:55,,13,13208,2,1,1,3.0,CLOT BEY (AVENUE),43.26163,5.38755,23:55:00,2024-07-10
202400054312,06:30,,64,64024,2,1,1,3.0,BAB (BOULEVARD DU),43.49155562,-1.53296024,06:30:00,2024-09-18
202400054313,14:10,Plein jour,93,93006,2,3,1,6.0,REPUBLIQUE AVENUE DE LA,48.86227739,2.41611242,14:10:00,2024-10-24
202400054314,12:00,Plein jour,33,33522,2,1,1,6.0,Unknown,44.79439,-0.58306,12:00:00,2024-03-25
202400054315,00:20,Nuit sans éclairage,33,33262,2,1,1,6.0,Unknown,45.006551,-0.630453,00:20:00,2024-05-03
202400054316,14:50,Plein jour,07,07258,2,1,1,3.0,D121,45.176998,4.50551,14:50:00,2024-06-09
202400054317,15:00,Plein jour,75,75117,2,2,1,3.0,RUE DE COURCELLES,48.887498,2.294665,15:00:00,2024-11-30
202400054318,17:15,Plein jour,13,13213,2,1,1,2.0,JEAN PAUL SARTRE (AVENUE),43.31775,5.37406,17:15:00,2024-07-09
202400054319,08:10,Plein jour,63,63300,2,9,7,3.0,Avenue de Chatel-guyon /parking,45.90261089,3.10209543,08:10:00,2024-09-19
202400054320,21:06,,33,33119,2,9,1,6.0,Unknown,44.85613,-0.53378,21:06:00,2024-03-24
202400054321,21:00,Nuit sans éclairage,93,93063,2,1,1,3.0,BRANLY BD EDOUARD,48.87383808,2.44035588,21:00:00,2024-10-23
202400054322,16:05,Plein jour,13,13070,2,4,1,3.0,VOLTAIRE (BOULEVARD),43.28136,5.5161,16:05:00,2024-07-10
202400054323,17:15,Plein jour,62,62498,2,3,1,6.0,Boulevard Emile Basly,50.42982225,2.8276805,17:15:00,2024-09-18
202400054324,13:40,Plein jour,85,85086,2,2,1,3.0,RD754,46.87712,-1.703653,13:40:00,2024-06-08
202400054325,10:40,Plein jour,85,85222,2,6,7,6.0,Carrefour de l'EUROPE,46.696643,-1.914518,10:40:00,2024-03-22
202400054326,09:40,Plein jour,75,75117,2,3,1,3.0,RUE NOLLET,48.8883,2.31901,09:40:00,2024-11-30
202400054327,16:15,Plein jour,93,93029,2,1,1,3.0,Charles de Gaulle ( rue),48.92252449,2.44579993,16:15:00,2024-10-24
202400054328,15:05,Plein jour,06,06088,2,1,1,6.0,Avenue des Grenouillères,43.6690233,7.220284,15:05:00,2024-07-10
202400054329,06:15,Nuit sans éclairage,62,62528,1,1,1,7.0,D943,50.45775959,2.77533167,06:15:00,2024-09-19
202400054330,16:20,Plein jour,27,27378,1,6,1,2.0,nationale 12,48.776352,1.210835,16:20:00,2024-06-07
202400054331,13:45,Plein jour,06,06088,2,1,1,7.0,12 Avenue Félix Faure,43.69795,7.27248,13:45:00,2024-07-09
202400054332,20:55,Nuit sans éclairage,61,61169,1,1,1,3.0,D264,48.72697,-0.56822,20:55:00,2024-09-18
202400054333,07:50,Crépuscule,75,75116,2,1,1,2.0,ROUTE DE LA PTE DES SABLONS A LA PTE MAI,48.877044,2.276934,07:50:00,2024-11-30
202400054334,18:20,Plein jour,93,93005,2,9,1,6.0,MARC CHAGALL (BOULEVARD),48.95262527,2.49800205,18:20:00,2024-10-24
202400054335,22:02,Nuit sans éclairage,01,01274,1,1,1,6.0,Autoroute A40 - PK 115+500 - direction GENEVE,46.158086,5.650411,22:02:00,2024-06-08
202400054336,20:20,Plein jour,72,72378,1,2,1,3.0,le petit gruau vion,47.82976307,-0.28381253,20:20:00,2024-05-02
202400054337,17:40,Plein jour,61,61001,2,1,1,7.0,D112,48.43698,0.09967,17:40:00,2024-09-18
202400054338,17:45,Plein jour,06,06029,2,1,1,3.0,Avenue Bachaga Saïd Boualam,43.55414,7.0186,17:45:00,2024-07-08
202400054339,15:30,Plein jour,91,91045,2,1,1,6.0,D191,48.523305,2.393937,15:30:00,2024-06-08
202400054340,19:00,Plein jour,59,59521,1,1,1,1.0,SANCOURT (RUE DE),50.20449,3.18437,19:00:00,2024-09-19
202400054341,01:55,,75,75116,2,7,1,2.0,AVENUE DE VERSAILLES,48.838098,2.257758,01:55:00,2024-11-30
202400054342,21:00,Plein jour,75,75114,2,1,1,2.0,BD PERIPHERIQUE EXTERIEUR,48.822561,2.314169,21:00:00,2024-07-10
202400054343,08:30,Plein jour,93,93001,2,3,1,3.0,HEURTAULT (RUE),48.91766292,2.37750777,08:30:00,2024-10-24
202400054344,02:15,Nuit sans éclairage,53,53101,1,6,1,7.0,Projet de route,47.852867,-0.694209,02:15:00,2024-05-03
202400054345,17:20,Plein jour,49,49129,1,1,1,2.0,Unknown,47.496096,-0.522108,17:20:00,2024-06-07
202400054346,19:30,,75,75115,2,1,1,1.0,QUAI DE GRENELLE,48.852077,2.285887,19:30:00,2024-11-30
202400054347,05:00,,57,57221,2,1,1,1.0,PILATRE DE ROZIEN (RUE),49.307676,6.128472,05:00:00,2024-09-18
202400054348,12:05,Plein jour,13,13032,1,1,1,7.0,D17,43.581777,5.323721,12:05:00,2024-06-09
202400054349,23:10,,75,75118,2,1,1,5.0,BD PERIPHERIQUE INTERIEUR,48.900966,2.35486,23:10:00,2024-07-09
202400054350,07:39,Crépuscule,47,47069,2,1,1,3.0,342 avenue de la Libération,44.220776,0.555904,07:39:00,2024-10-24
202400054351,09:47,Plein jour,75,75114,2,2,1,3.0,AVENUE DU GENERAL LECLERC,48.823285,2.325451,09:47:00,2024-11-30
202400054352,19:38,Plein jour,56,56121,2,2,1,2.0,Cours Louis de Chazelles,47.75482,-3.3631,19:38:00,2024-09-18
202400054353,04:55,Nuit sans éclairage,34,34294,1,1,1,4.0,A9  - PK 78+330,43.706027,4.120796,04:55:00,2024-06-09
202400054354,13:48,Plein jour,75,75119,2,2,1,6.0,RUE ARCHEREAU,48.889248,2.371288,13:48:00,2024-07-10
202400054355,11:15,Plein jour,75,75112,2,1,1,6.0,BOULEVARD PONIATOWSKI,48.832241,2.398682,11:15:00,2024-11-30
202400054356,15:20,Plein jour,60,60142,2,6,1,7.0,D1017,49.135827,2.535558,15:20:00,2024-06-09
202400054357,15:29,Plein jour,39,39126,1,1,1,5.0,Unknown,46.591075,5.955727,15:29:00,2024-10-24
202400054358,10:15,Plein jour,75,75119,2,1,1,1.0,ROUTE DES PETITS PONTS,48.891647,2.398433,10:15:00,2024-07-10
202400054359,13:26,Plein jour,75,75110,2,1,1,3.0,RUE DES PETITES ECURIES,48.873939,2.349631,13:26:00,2024-11-30
202400054360,14:38,Plein jour,51,51454,2,1,1,4.0,CHAMPAGNE   (  AVENUE DE),49.21942,4.02107,14:38:00,2024-09-18
202400054361,12:20,Plein jour,974,97408,1,1,1,4.0,Chemin Departemental 41,-20.92663654,55.3632313,12:20:00,2024-06-08
202400054362,07:30,Plein jour,75,75119,2,3,1,3.0,RUE REBEVAL,48.874225,2.377407,07:30:00,2024-07-10
202400054363,16:40,Plein jour,51,51496,1,1,1,3.0,route départementale 60,48.788319,4.641638,16:40:00,2024-10-24
202400054364,11:48,Plein jour,75,75107,2,7,1,6.0,RUE DE GRENELLE,48.85845,2.31219,11:48:00,2024-11-30
202400054365,19:45,Plein jour,28,28247,1,1,1,2.0,D928,48.894744,1.529331,19:45:00,2024-06-08
202400054366,05:40,Nuit sans éclairage,38,38378,1,1,1,6.0,Route du Péage,45.421641,4.774391,05:40:00,2024-10-25
202400054367,01:25,,75,75119,2,2,2,6.0,BOULEVARD DE LA VILLETTE,48.884334,2.366865,01:25:00,2024-07-10
202400054368,02:30,,75,75103,2,3,1,2.0,RUE BEAUBOURG,48.865223,2.355721,02:30:00,2024-11-30
202400054369,17:25,Plein jour,17,17296,1,1,1,7.0,D216,45.664986,-0.714154,17:25:00,2024-10-23
202400054370,18:45,Plein jour,75,75116,2,5,1,3.0,AVENUE KLEBER,48.867843,2.290664,18:45:00,2024-07-09
202400054371,17:50,Plein jour,77,77534,1,9,1,5.0,Route Departementale 319,48.648195,2.772827,17:50:00,2024-06-08
202400054372,11:25,Plein jour,49,49381,2,1,1,2.0,rue Stofflet,47.020163,-0.701481,11:25:00,2024-10-25
202400054373,11:05,Plein jour,11,11361,2,1,2,6.0,Unknown,43.329929,2.03654,11:05:00,2024-06-09
202400054374,23:20,,94,94077,2,2,1,3.0,Avenue le Foll,48.73061,2.42602,23:20:00,2024-11-29
202400054375,02:20,,75,75115,2,3,1,3.0,RUE DE VAUGIRARD,48.8424459,2.311073,02:20:00,2024-07-10
202400054376,16:40,Plein jour,23,23001,1,1,7,1.0,Montcouyoux,46.06518043,2.05469012,16:40:00,2024-10-24
202400054377,10:45,Plein jour,84,84105,2,1,1,6.0,D232,43.853903,5.425572,10:45:00,2024-06-08
202400054378,11:15,Plein jour,93,93071,2,1,1,6.0,PONT-BLANC (RUE DU),48.942,2.53525,11:15:00,2024-11-30
202400054379,19:35,Plein jour,75,75114,2,1,1,6.0,BOULEVARD EDGAR QUINET,48.840124,2.327722,19:35:00,2024-07-10
202400054380,22:50,,93,93046,2,1,1,6.0,ROSNY ALLEE DE,48.9048651,2.51433456,22:50:00,2024-11-29
202400054381,02:45,,83,83068,1,1,1,1.0,2226 Route du Littoral,43.282058,6.585855,02:45:00,2024-06-09
202400054382,13:00,Plein jour,63,63001,1,1,1,1.0,D 2009,46.010003,3.204317,13:00:00,2024-10-25
202400054383,01:00,,93,93006,2,1,1,6.0,CARNOT RUE SADI,48.87326,2.4219,01:00:00,2024-11-30
202400054384,11:00,Plein jour,75,75112,2,1,1,3.0,QUAI DE BERCY,48.832901,2.383583,11:00:00,2024-07-10
202400054385,20:00,Plein jour,75,75111,2,2,1,1.0,RUE SEDAINE,48.858701,2.37859,20:00:00,2024-07-10
202400054386,18:50,Plein jour,63,63240,1,3,1,3.0,D2009,46.036513,3.211629,18:50:00,2024-10-24
202400054387,18:00,,93,93031,2,3,1,3.0,JOFFRE (AVENUE),48.95849659,2.30098919,18:00:00,2024-11-30
202400054388,02:42,,75,75108,2,2,1,2.0,BOULEVARD HAUSSMANN,48.874647,2.320046,02:42:00,2024-07-10
202400054389,18:20,,93,93027,2,9,1,6.0,VAILLANT-COUTURIER (AVENUE PAUL),48.92156,2.41165,18:20:00,2024-11-30
202400054390,20:38,Nuit sans éclairage,76,76404,1,1,1,4.0,CD31,49.550851,0.273532,20:38:00,2024-10-24
202400054391,01:34,,94,94080,2,1,2,2.0,Avenue de Nogent,48.84455425,2.43984702,01:34:00,2024-07-10
202400054392,12:30,Plein jour,93,93010,2,1,1,6.0,JAURES (RUE JEAN) DE 25 A FIN,48.90167263,2.47706443,12:30:00,2024-11-30
202400054393,21:38,Plein jour,94,94080,2,9,1,3.0,Avenue de Paris,48.84518887,2.43155189,21:38:00,2024-07-09
202400054394,16:30,Plein jour,94,94003,2,1,1,3.0,38 Avenue de Stalingrad,48.80792465,2.31795806,16:30:00,2024-07-10
202400054395,09:50,Plein jour,94,94073,1,1,1,2.0,Rue du Docteur Marie,48.74624,2.37267,09:50:00,2024-07-10
202400054396,11:00,Plein jour,92,92022,2,1,1,3.0,SALENGRO (AVENUE ROGER),48.81336553,2.19215065,11:00:00,2024-11-30
202400054397,16:50,Plein jour,54,54514,1,1,1,5.0,D618,49.504076,5.629835,16:50:00,2024-10-16
202400054398,02:05,,94,94065,2,3,2,6.0,Avenue Charles Lindbergh,48.7574,2.34469,02:05:00,2024-07-10
202400054399,15:27,Plein jour,92,92062,2,1,1,6.0,RUE PIERRE GAUDIN,48.88694322,2.24863619,15:27:00,2024-11-30
202400054400,20:40,Nuit sans éclairage,29,29068,1,1,1,1.0,PK 031.950 RN12,48.52619024,-3.9631765,20:40:00,2024-10-24
202400054401,15:40,Plein jour,92,92012,2,1,1,3.0,JEAN JAURES (BOULEVARD) 63/215 - 70/208,48.83286197,2.24394009,15:40:00,2024-11-30
202400054402,08:30,Plein jour,94,94028,2,1,1,4.0,Avenue de la Pompadour,48.7833,2.4666,08:30:00,2024-07-10